#usda 1.0
(
    defaultPrim = "Kaede"
    doc = "Kaede, a 6-second performance for bust_dd_a_rig.usda: a cool side-glance, she notices the camera, flicks a brow and smirks, gets provoked into a 'HAAH?!' take, bursts out laughing and composes herself with a wink. Only control avars are authored here (the hair, ribbon and earring chains from an offline spring solve). Generated by build_bust.py."
    endTimeCode = 180
    framesPerSecond = 30
    startTimeCode = 1
    subLayers = [
        @./bust_dd_a_rig.usda@
    ]
    timeCodesPerSecond = 30
)

over "Kaede"
{
    over "Rig"
    {
        over "Controls"
        {
            over "Body_ctl"
            {
                double avars:rz.timeSamples = {
                    1: 0.8587,
                    2: 0.8704,
                    3: 0.8824,
                    4: 0.8946,
                    5: 0.9068,
                    6: 0.9234,
                    7: 0.9406,
                    8: 0.9581,
                    9: 0.9759,
                    10: 0.9935,
                    11: 1.0109,
                    12: 1.0279,
                    13: 1.0442,
                    14: 1.0598,
                    15: 1.0743,
                    16: 1.0877,
                    17: 1.0999,
                    18: 1.1106,
                    19: 1.1198,
                    20: 1.1274,
                    21: 1.1333,
                    22: 1.1374,
                    23: 1.1396,
                    24: 1.14,
                    25: 1.1384,
                    26: 1.1349,
                    27: 1.1294,
                    28: 1.1219,
                    29: 1.1125,
                    30: 1.1011,
                    31: 1.0878,
                    32: 1.0659,
                    33: 1.0287,
                    34: 0.9765,
                    35: 0.9092,
                    36: 0.8272,
                    37: 0.7305,
                    38: 0.6086,
                    39: 0.4583,
                    40: 0.291,
                    41: 0.1183,
                    42: -0.0486,
                    43: -0.2403,
                    44: -0.4549,
                    45: -0.6318,
                    46: -0.7103,
                    47: -0.6821,
                    48: -0.6018,
                    49: -0.5031,
                    50: -0.4198,
                    51: -0.3856,
                    52: -0.391,
                    53: -0.401,
                    54: -0.4115,
                    55: -0.4182,
                    56: -0.4169,
                    57: -0.2382,
                    58: 0.1473,
                    59: 0.5343,
                    60: 0.9229,
                    61: 1.3127,
                    62: 1.4986,
                    63: 1.5127,
                    64: 1.5173,
                    65: 1.5017,
                    66: 1.4552,
                    67: 1.3672,
                    68: 0.9401,
                    69: 0.1311,
                    70: -0.6887,
                    71: -1.1482,
                    72: -1.2518,
                    73: -1.2776,
                    74: -1.2646,
                    75: -1.1853,
                    76: -1.0297,
                    77: -0.8641,
                    78: -0.7545,
                    79: -0.7057,
                    80: -0.674,
                    81: -0.6536,
                    82: -0.6384,
                    83: -0.6224,
                    84: -0.5996,
                    85: -0.577,
                    86: -0.5609,
                    87: -0.5443,
                    88: -0.5201,
                    89: -0.4812,
                    90: -0.4206,
                    91: -0.312,
                    92: -0.1566,
                    93: 0.0117,
                    94: 0.159,
                    95: 0.2982,
                    96: 0.4217,
                    97: 0.4654,
                    98: 0.0731,
                    99: -0.4084,
                    100: -0.553,
                    101: -0.6205,
                    102: -0.6497,
                    103: -0.6181,
                    104: -0.4555,
                    105: -0.6211,
                    106: -0.2313,
                    107: -0.4673,
                    108: -0.539,
                    109: -0.2899,
                    110: -0.6887,
                    111: -0.4401,
                    112: -0.5128,
                    113: -0.7503,
                    114: -0.4494,
                    115: -0.7248,
                    116: -0.6591,
                    117: -0.6345,
                    118: -0.7271,
                    119: -0.6673,
                    120: -0.5564,
                    121: -0.3604,
                    122: -0.0782,
                    123: 0.497,
                    124: 1.2235,
                    125: 1.5804,
                    126: 1.4492,
                    127: 1.163,
                    128: 0.8788,
                    129: 0.7531,
                    130: 0.8698,
                    131: 1.1202,
                    132: 1.3722,
                    133: 1.4937,
                    134: 1.4104,
                    135: 1.2128,
                    136: 1.0165,
                    137: 0.9366,
                    138: 1.0295,
                    139: 1.2139,
                    140: 1.3989,
                    141: 1.4936,
                    142: 1.4511,
                    143: 1.3345,
                    144: 1.2178,
                    145: 1.1752,
                    146: 1.2355,
                    147: 1.3448,
                    148: 1.4534,
                    149: 1.5119,
                    150: 1.5272,
                    151: 1.5352,
                    152: 1.5294,
                    153: 1.5035,
                    154: 1.451,
                    155: 1.1929,
                    156: 0.7417,
                    157: 0.3786,
                    158: 0.1716,
                    159: 0.0095,
                    160: -0.096,
                    161: -0.133,
                    162: -0.1112,
                    163: -0.0591,
                    164: 0.0075,
                    165: 0.0724,
                    166: 0.1196,
                    167: 0.1421,
                    168: 0.1476,
                    169: 0.1423,
                    170: -0.0131,
                    171: -0.372,
                    172: -0.7991,
                    173: -1.1591,
                    174: -1.3168,
                    175: -1.2869,
                    176: -1.2077,
                    177: -1.1285,
                    178: -1.0985,
                    179: -1.1096,
                    180: -1.1201,
                }
                double avars:tx.timeSamples = {
                    1: -0.0746,
                    2: -0.0721,
                    3: -0.0684,
                    4: -0.0635,
                    5: -0.0574,
                    6: -0.0504,
                    7: -0.0423,
                    8: -0.0334,
                    9: -0.0236,
                    10: -0.0131,
                    11: -0.0019,
                    12: 0.0099,
                    13: 0.0223,
                    14: 0.035,
                    15: 0.0482,
                    16: 0.0616,
                    17: 0.0752,
                    18: 0.089,
                    19: 0.1028,
                    20: 0.1165,
                    21: 0.1302,
                    22: 0.1436,
                    23: 0.1569,
                    24: 0.1698,
                    25: 0.1823,
                    26: 0.1944,
                    27: 0.2059,
                    28: 0.2169,
                    29: 0.2273,
                    30: 0.237,
                    31: 0.246,
                    32: 0.2543,
                    33: 0.2618,
                    34: 0.2684,
                    35: 0.2742,
                    36: 0.279,
                    37: 0.283,
                    38: 0.286,
                    39: 0.2881,
                    40: 0.2892,
                    41: 0.2896,
                    42: 0.2896,
                    43: 0.2891,
                    44: 0.2883,
                    45: 0.2871,
                    46: 0.2856,
                    47: 0.2839,
                    48: 0.282,
                    49: 0.2799,
                    50: 0.2776,
                    51: 0.2753,
                    52: 0.2729,
                    53: 0.2704,
                    54: 0.268,
                    55: 0.2657,
                    56: 0.2635,
                    57: 0.2614,
                    58: 0.2594,
                    59: 0.2577,
                    60: 0.2561,
                    61: 0.2548,
                    62: 0.2538,
                    63: 0.2531,
                    64: 0.2526,
                    65: 0.2525,
                    66: 0.2527,
                    67: 0.2532,
                    68: 0.254,
                    69: 0.2552,
                    70: 0.2567,
                    71: 0.2584,
                    72: 0.2605,
                    73: 0.2629,
                    74: 0.2655,
                    75: 0.2684,
                    76: 0.2715,
                    77: 0.2749,
                    78: 0.2783,
                    79: 0.282,
                    80: 0.2857,
                    81: 0.2896,
                    82: 0.2935,
                    83: 0.2974,
                    84: 0.3013,
                    85: 0.3052,
                    86: 0.309,
                    87: 0.3089,
                    88: 0.3008,
                    89: 0.2844,
                    90: 0.2595,
                    91: 0.2259,
                    92: 0.1832,
                    93: 0.1312,
                    94: 0.0298,
                    95: -0.1193,
                    96: -0.254,
                    97: -0.3121,
                    98: -0.3112,
                    99: -0.3104,
                    100: -0.3094,
                    101: -0.308,
                    102: -0.3058,
                    103: -0.3026,
                    104: -0.2981,
                    105: -0.2921,
                    106: -0.2841,
                    107: -0.274,
                    108: -0.2615,
                    109: -0.2461,
                    110: -0.2278,
                    111: -0.1967,
                    112: -0.1467,
                    113: -0.0825,
                    114: -0.0086,
                    115: 0.0702,
                    116: 0.1492,
                    117: 0.2237,
                    118: 0.2891,
                    119: 0.3407,
                    120: 0.3738,
                    121: 0.3838,
                    122: 0.3807,
                    123: 0.3777,
                    124: 0.3749,
                    125: 0.3724,
                    126: 0.37,
                    127: 0.3678,
                    128: 0.3658,
                    129: 0.3639,
                    130: 0.3623,
                    131: 0.3608,
                    132: 0.3594,
                    133: 0.3582,
                    134: 0.3571,
                    135: 0.356,
                    136: 0.355,
                    137: 0.354,
                    138: 0.353,
                    139: 0.3519,
                    140: 0.3507,
                    141: 0.3493,
                    142: 0.3478,
                    143: 0.346,
                    144: 0.3439,
                    145: 0.3415,
                    146: 0.3386,
                    147: 0.3352,
                    148: 0.3314,
                    149: 0.3269,
                    150: 0.3217,
                    151: 0.3097,
                    152: 0.2868,
                    153: 0.2558,
                    154: 0.2197,
                    155: 0.1815,
                    156: 0.144,
                    157: 0.1104,
                    158: 0.0834,
                    159: 0.0661,
                    160: 0.0614,
                    161: 0.0641,
                    162: 0.0671,
                    163: 0.0703,
                    164: 0.0736,
                    165: 0.0768,
                    166: 0.0799,
                    167: 0.0829,
                    168: 0.0856,
                    169: 0.0879,
                    170: 0.0899,
                    171: 0.0913,
                    172: 0.0922,
                    173: 0.0925,
                    174: 0.0921,
                    175: 0.091,
                    176: 0.0892,
                    177: 0.0865,
                    178: 0.0829,
                    179: 0.0785,
                    180: 0.0731,
                }

                over "Neck_ctl"
                {
                    double avars:rz.timeSamples = {
                        1: 1.4615,
                        2: 1.4615,
                        3: 1.4615,
                        4: 1.4684,
                        5: 1.4765,
                        6: 1.4856,
                        7: 1.4956,
                        8: 1.5062,
                        9: 1.5173,
                        10: 1.5287,
                        11: 1.5402,
                        12: 1.5517,
                        13: 1.5631,
                        14: 1.5742,
                        15: 1.5848,
                        16: 1.5949,
                        17: 1.6042,
                        18: 1.6127,
                        19: 1.6203,
                        20: 1.6268,
                        21: 1.6321,
                        22: 1.6362,
                        23: 1.6389,
                        24: 1.6401,
                        25: 1.6398,
                        26: 1.6379,
                        27: 1.6342,
                        28: 1.6287,
                        29: 1.6214,
                        30: 1.6013,
                        31: 1.5579,
                        32: 1.4912,
                        33: 1.4012,
                        34: 1.2881,
                        35: 1.1518,
                        36: 0.9754,
                        37: 0.7539,
                        38: 0.505,
                        39: 0.247,
                        40: -0.0024,
                        41: -0.2922,
                        42: -0.6193,
                        43: -0.8875,
                        44: -1.0004,
                        45: -0.945,
                        46: -0.8083,
                        47: -0.6439,
                        48: -0.5057,
                        49: -0.4474,
                        50: -0.4539,
                        51: -0.4698,
                        52: -0.4883,
                        53: -0.5027,
                        54: -0.5064,
                        55: -0.2299,
                        56: 0.3738,
                        57: 0.9782,
                        58: 1.5831,
                        59: 2.1884,
                        60: 2.4676,
                        61: 2.4721,
                        62: 2.4601,
                        63: 2.4148,
                        64: 2.3194,
                        65: 2.1569,
                        66: 1.4543,
                        67: 0.1436,
                        68: -1.1846,
                        69: -1.9397,
                        70: -2.1286,
                        71: -2.1933,
                        72: -2.1961,
                        73: -2.0925,
                        74: -1.8668,
                        75: -1.6241,
                        76: -1.4693,
                        77: -1.4097,
                        78: -1.3759,
                        79: -1.3582,
                        80: -1.347,
                        81: -1.3325,
                        82: -1.3051,
                        83: -1.2757,
                        84: -1.2543,
                        85: -1.2298,
                        86: -1.1907,
                        87: -1.1259,
                        88: -1.0239,
                        89: -0.8432,
                        90: -0.5856,
                        91: -0.305,
                        92: -0.0555,
                        93: 0.1832,
                        94: 0.3993,
                        95: 0.4905,
                        96: -0.1099,
                        97: -0.8506,
                        98: -1.0536,
                        99: -1.1324,
                        100: -1.1491,
                        101: -1.068,
                        102: -0.7775,
                        103: -1.0086,
                        104: -0.3556,
                        105: -0.6978,
                        106: -0.7787,
                        107: -0.3494,
                        108: -0.9512,
                        109: -0.5237,
                        110: -0.6083,
                        111: -0.9561,
                        112: -0.4486,
                        113: -0.8593,
                        114: -0.729,
                        115: -0.6658,
                        116: -0.7911,
                        117: -0.676,
                        118: -0.4818,
                        119: -0.1546,
                        120: 0.3075,
                        121: 1.2331,
                        122: 2.397,
                        123: 2.9702,
                        124: 2.7642,
                        125: 2.3093,
                        126: 1.8547,
                        127: 1.6499,
                        128: 1.8282,
                        129: 2.2167,
                        130: 2.6055,
                        131: 2.7845,
                        132: 2.6354,
                        133: 2.3027,
                        134: 1.97,
                        135: 1.8211,
                        136: 1.9455,
                        137: 2.2142,
                        138: 2.4827,
                        139: 2.6066,
                        140: 2.5114,
                        141: 2.2979,
                        142: 2.084,
                        143: 1.9878,
                        144: 2.0553,
                        145: 2.201,
                        146: 2.3463,
                        147: 2.4123,
                        148: 2.4106,
                        149: 2.3982,
                        150: 2.365,
                        151: 2.3012,
                        152: 2.1964,
                        153: 1.7661,
                        154: 1.0305,
                        155: 0.4365,
                        156: 0.0928,
                        157: -0.1775,
                        158: -0.3558,
                        159: -0.4232,
                        160: -0.3952,
                        161: -0.3169,
                        162: -0.2137,
                        163: -0.1113,
                        164: -0.0352,
                        165: 0.0033,
                        166: 0.0165,
                        167: 0.0141,
                        168: -0.2256,
                        169: -0.7878,
                        170: -1.4573,
                        171: -2.0191,
                        172: -2.2579,
                        173: -2.1979,
                        174: -2.0586,
                        175: -1.9189,
                        176: -1.8574,
                        177: -1.8609,
                        178: -1.8639,
                        179: -1.8662,
                        180: -1.8678,
                    }

                    over "Head_ctl"
                    {
                        double avars:rz.timeSamples = {
                            1: 4.1757,
                            2: 4.1954,
                            3: 4.2186,
                            4: 4.2447,
                            5: 4.2731,
                            6: 4.3034,
                            7: 4.3351,
                            8: 4.3676,
                            9: 4.4006,
                            10: 4.4336,
                            11: 4.4661,
                            12: 4.4977,
                            13: 4.528,
                            14: 4.5567,
                            15: 4.5834,
                            16: 4.6077,
                            17: 4.6294,
                            18: 4.6479,
                            19: 4.6632,
                            20: 4.6748,
                            21: 4.6826,
                            22: 4.6861,
                            23: 4.6852,
                            24: 4.6797,
                            25: 4.6692,
                            26: 4.6535,
                            27: 4.6325,
                            28: 4.5752,
                            29: 4.4512,
                            30: 4.2605,
                            31: 4.0035,
                            32: 3.6802,
                            33: 3.2909,
                            34: 2.787,
                            35: 2.1539,
                            36: 1.4429,
                            37: 0.7056,
                            38: -0.0069,
                            39: -0.8348,
                            40: -1.7694,
                            41: -2.5356,
                            42: -2.8582,
                            43: -2.7,
                            44: -2.3093,
                            45: -1.8398,
                            46: -1.445,
                            47: -1.2784,
                            48: -1.297,
                            49: -1.3423,
                            50: -1.3951,
                            51: -1.4363,
                            52: -1.4468,
                            53: -0.6569,
                            54: 1.0681,
                            55: 2.7948,
                            56: 4.523,
                            57: 6.2527,
                            58: 7.0502,
                            59: 7.0631,
                            60: 7.0289,
                            61: 6.8996,
                            62: 6.6268,
                            63: 6.1625,
                            64: 4.1551,
                            65: 0.4104,
                            66: -3.3844,
                            67: -5.5421,
                            68: -6.0818,
                            69: -6.2667,
                            70: -6.2745,
                            71: -5.9786,
                            72: -5.3339,
                            73: -4.6403,
                            74: -4.1981,
                            75: -4.0277,
                            76: -3.9311,
                            77: -3.8806,
                            78: -3.8486,
                            79: -3.8072,
                            80: -3.7288,
                            81: -3.6448,
                            82: -3.5838,
                            83: -3.5137,
                            84: -3.4021,
                            85: -3.2167,
                            86: -2.9255,
                            87: -2.4092,
                            88: -1.6731,
                            89: -0.8715,
                            90: -0.1586,
                            91: 0.5235,
                            92: 1.1409,
                            93: 1.4016,
                            94: -0.3139,
                            95: -2.4303,
                            96: -3.0103,
                            97: -3.2354,
                            98: -3.2831,
                            99: -3.0515,
                            100: -2.2215,
                            101: -2.8818,
                            102: -1.0159,
                            103: -1.9937,
                            104: -2.2248,
                            105: -0.9982,
                            106: -2.7178,
                            107: -1.4964,
                            108: -1.7381,
                            109: -2.7318,
                            110: -1.2817,
                            111: -2.4551,
                            112: -2.0827,
                            113: -1.9023,
                            114: -2.2603,
                            115: -1.9313,
                            116: -1.3765,
                            117: -0.4417,
                            118: 0.8786,
                            119: 3.5232,
                            120: 6.8485,
                            121: 8.4863,
                            122: 7.8978,
                            123: 6.5979,
                            124: 5.2992,
                            125: 4.7139,
                            126: 5.2233,
                            127: 6.3335,
                            128: 7.4443,
                            129: 7.9556,
                            130: 7.5298,
                            131: 6.5792,
                            132: 5.6287,
                            133: 5.2031,
                            134: 5.5586,
                            135: 6.3262,
                            136: 7.0933,
                            137: 7.4473,
                            138: 7.1755,
                            139: 6.5654,
                            140: 5.9542,
                            141: 5.6794,
                            142: 5.8722,
                            143: 6.2887,
                            144: 6.7038,
                            145: 6.8924,
                            146: 6.8873,
                            147: 6.8519,
                            148: 6.7573,
                            149: 6.5748,
                            150: 6.2755,
                            151: 5.0461,
                            152: 2.9442,
                            153: 1.2471,
                            154: 0.2652,
                            155: -0.5072,
                            156: -1.0166,
                            157: -1.2093,
                            158: -1.1293,
                            159: -0.9053,
                            160: -0.6105,
                            161: -0.3179,
                            162: -0.1005,
                            163: 0.0095,
                            164: 0.0471,
                            165: 0.0404,
                            166: -0.6447,
                            167: -2.2509,
                            168: -4.1638,
                            169: -5.7688,
                            170: -6.4513,
                            171: -6.2796,
                            172: -5.8817,
                            173: -5.4825,
                            174: -5.3068,
                            175: -5.3169,
                            176: -5.3254,
                            177: -5.332,
                            178: -5.3367,
                            179: -5.3394,
                            180: -5.3401,
                        }

                        over "Brow_L_ctl"
                        {
                            double avars:rz.timeSamples = {
                                1: 0,
                                2: 0,
                                3: 0,
                                4: 0,
                                5: 0,
                                6: 0,
                                7: 0,
                                8: 0,
                                9: 0,
                                10: 0,
                                11: 0,
                                12: 0,
                                13: 0,
                                14: 0,
                                15: 0,
                                16: 0,
                                17: 0,
                                18: 0,
                                19: 0,
                                20: 0,
                                21: 0,
                                22: 0,
                                23: 0,
                                24: 0,
                                25: 0,
                                26: 0,
                                27: 0,
                                28: 0,
                                29: 0,
                                30: 0,
                                31: 0,
                                32: 0,
                                33: 0,
                                34: 0,
                                35: 0,
                                36: 0,
                                37: 0,
                                38: 0,
                                39: 0,
                                40: 0,
                                41: 0,
                                42: 0,
                                43: 0,
                                44: 0,
                                45: 0,
                                46: 0,
                                47: 0,
                                48: 0,
                                49: 0,
                                50: 0,
                                51: -1.5625,
                                52: -5,
                                53: -8.4375,
                                54: -10,
                                55: -9.9473,
                                56: -9.8091,
                                57: -9.6154,
                                58: -9.396,
                                59: -9.1809,
                                60: -9,
                                61: -8.8522,
                                62: -8.7152,
                                63: -8.5873,
                                64: -8.4665,
                                65: -8.351,
                                66: -8.2389,
                                67: -8.1285,
                                68: -8.0178,
                                69: -7.9051,
                                70: -7.7885,
                                71: -7.666,
                                72: -7.536,
                                73: -7.3965,
                                74: -7.2457,
                                75: -7.0817,
                                76: -6.9028,
                                77: -6.707,
                                78: -6.4925,
                                79: -6.2574,
                                80: -6,
                                81: -5.5167,
                                82: -4.7236,
                                83: -3.7981,
                                84: -2.9174,
                                85: -2.2589,
                                86: -2,
                                87: -3.0091,
                                88: -5.5474,
                                89: -8.8811,
                                90: -12.2766,
                                91: -15,
                                92: -16.2232,
                                93: -17,
                                94: -18.8125,
                                95: -20,
                                96: -19.5263,
                                97: -19,
                                98: -18.9066,
                                99: -18.8345,
                                100: -18.7803,
                                101: -18.7408,
                                102: -18.7123,
                                103: -18.6916,
                                104: -18.6752,
                                105: -18.6598,
                                106: -18.6418,
                                107: -18.618,
                                108: -18.5849,
                                109: -18.539,
                                110: -18.4771,
                                111: -18.3956,
                                112: -18.2912,
                                113: -18.1605,
                                114: -18,
                                115: -15.7445,
                                116: -10.6618,
                                117: -4.7482,
                                118: 0,
                                119: 3.5312,
                                120: 6.75,
                                121: 9.0938,
                                122: 10,
                                123: 9.9999,
                                124: 9.9995,
                                125: 9.9985,
                                126: 9.9964,
                                127: 9.9929,
                                128: 9.9877,
                                129: 9.9805,
                                130: 9.9709,
                                131: 9.9585,
                                132: 9.9431,
                                133: 9.9243,
                                134: 9.9017,
                                135: 9.875,
                                136: 9.8439,
                                137: 9.808,
                                138: 9.767,
                                139: 9.7205,
                                140: 9.6682,
                                141: 9.6098,
                                142: 9.5448,
                                143: 9.4731,
                                144: 9.3942,
                                145: 9.3077,
                                146: 9.2135,
                                147: 9.111,
                                148: 9,
                                149: 7.9902,
                                150: 5.7489,
                                151: 3.1126,
                                152: 0.9175,
                                153: 0,
                                154: 0.008,
                                155: 0.0313,
                                156: 0.0686,
                                157: 0.1187,
                                158: 0.1804,
                                159: 0.2524,
                                160: 0.3336,
                                161: 0.4227,
                                162: 0.5185,
                                163: 0.6198,
                                164: 0.7254,
                                165: 0.834,
                                166: 0.9445,
                                167: 1.0555,
                                168: 1.166,
                                169: 1.2746,
                                170: 1.3802,
                                171: 1.4815,
                                172: 1.5773,
                                173: 1.6664,
                                174: 1.7476,
                                175: 1.8196,
                                176: 1.8813,
                                177: 1.9314,
                                178: 1.9687,
                                179: 1.992,
                                180: 2,
                            }
                            double avars:ty.timeSamples = {
                                1: 0.0782,
                                2: 0.0769,
                                3: 0.0755,
                                4: 0.0739,
                                5: 0.0722,
                                6: 0.0703,
                                7: 0.0683,
                                8: 0.0662,
                                9: 0.0639,
                                10: 0.0616,
                                11: 0.0591,
                                12: 0.0567,
                                13: 0.0541,
                                14: 0.0516,
                                15: 0.049,
                                16: 0.0464,
                                17: 0.0438,
                                18: 0.0413,
                                19: 0.0388,
                                20: 0.0364,
                                21: 0.034,
                                22: 0.0318,
                                23: 0.0296,
                                24: 0.0276,
                                25: 0.0258,
                                26: 0.024,
                                27: 0.0225,
                                28: 0.0211,
                                29: 0.0198,
                                30: 0.0188,
                                31: 0.018,
                                32: 0.0657,
                                33: 0.1719,
                                34: 0.2782,
                                35: 0.3265,
                                36: 0.3113,
                                37: 0.2729,
                                38: 0.2225,
                                39: 0.1712,
                                40: 0.13,
                                41: 0.1101,
                                42: 0.1054,
                                43: 0.1021,
                                44: 0.1001,
                                45: 0.0992,
                                46: 0.0993,
                                47: 0.1001,
                                48: 0.1015,
                                49: 0.1033,
                                50: 0.1053,
                                51: 0.023,
                                52: -0.1606,
                                53: -0.3441,
                                54: -0.4264,
                                55: -0.4145,
                                56: -0.3902,
                                57: -0.3645,
                                58: -0.3484,
                                59: -0.3415,
                                60: -0.3359,
                                61: -0.3314,
                                62: -0.3277,
                                63: -0.3249,
                                64: -0.3226,
                                65: -0.3207,
                                66: -0.319,
                                67: -0.3174,
                                68: -0.3157,
                                69: -0.3137,
                                70: -0.3112,
                                71: -0.3081,
                                72: -0.3041,
                                73: -0.2991,
                                74: -0.2928,
                                75: -0.2852,
                                76: -0.2738,
                                77: -0.2572,
                                78: -0.2366,
                                79: -0.2136,
                                80: -0.1895,
                                81: -0.1655,
                                82: -0.1431,
                                83: -0.1236,
                                84: -0.1084,
                                85: -0.0987,
                                86: -0.0961,
                                87: -0.1398,
                                88: -0.2458,
                                89: -0.3807,
                                90: -0.5107,
                                91: -0.6023,
                                92: -0.6384,
                                93: -0.6445,
                                94: -0.4254,
                                95: -0.2063,
                                96: -0.3171,
                                97: -0.4278,
                                98: -0.4283,
                                99: -0.4287,
                                100: -0.4289,
                                101: -0.4288,
                                102: -0.4284,
                                103: -0.4276,
                                104: -0.4264,
                                105: -0.4247,
                                106: -0.4225,
                                107: -0.4197,
                                108: -0.4163,
                                109: -0.4123,
                                110: -0.4076,
                                111: -0.4022,
                                112: -0.396,
                                113: -0.389,
                                114: -0.3811,
                                115: -0.3004,
                                116: -0.1212,
                                117: 0.0868,
                                118: 0.2542,
                                119: 0.3791,
                                120: 0.4931,
                                121: 0.5765,
                                122: 0.6095,
                                123: 0.6108,
                                124: 0.6119,
                                125: 0.6129,
                                126: 0.6138,
                                127: 0.6144,
                                128: 0.6147,
                                129: 0.6147,
                                130: 0.6144,
                                131: 0.6136,
                                132: 0.6124,
                                133: 0.6108,
                                134: 0.6086,
                                135: 0.6059,
                                136: 0.6026,
                                137: 0.5986,
                                138: 0.594,
                                139: 0.5888,
                                140: 0.5828,
                                141: 0.576,
                                142: 0.5685,
                                143: 0.5602,
                                144: 0.551,
                                145: 0.541,
                                146: 0.5302,
                                147: 0.5184,
                                148: 0.5057,
                                149: 0.458,
                                150: 0.3629,
                                151: 0.2528,
                                152: 0.1601,
                                153: 0.1172,
                                154: 0.1105,
                                155: 0.1047,
                                156: 0.0998,
                                157: 0.0957,
                                158: 0.0922,
                                159: 0.0894,
                                160: 0.0872,
                                161: 0.0853,
                                162: 0.0839,
                                163: 0.0828,
                                164: 0.0819,
                                165: 0.1375,
                                166: 0.2606,
                                167: 0.384,
                                168: 0.44,
                                169: 0.4363,
                                170: 0.4273,
                                171: 0.4152,
                                172: 0.402,
                                173: 0.3902,
                                174: 0.3818,
                                175: 0.3766,
                                176: 0.3726,
                                177: 0.3699,
                                178: 0.3684,
                                179: 0.3682,
                                180: 0.3691,
                            }
                        }

                        over "Brow_R_ctl"
                        {
                            double avars:rz.timeSamples = {
                                1: -3,
                                2: -3,
                                3: -2.9999,
                                4: -2.9998,
                                5: -2.9995,
                                6: -2.9989,
                                7: -2.9982,
                                8: -2.9971,
                                9: -2.9956,
                                10: -2.9938,
                                11: -2.9915,
                                12: -2.9887,
                                13: -2.9853,
                                14: -2.9813,
                                15: -2.9767,
                                16: -2.9713,
                                17: -2.9652,
                                18: -2.9582,
                                19: -2.9504,
                                20: -2.9417,
                                21: -2.932,
                                22: -2.9213,
                                23: -2.9095,
                                24: -2.8966,
                                25: -2.8825,
                                26: -2.8672,
                                27: -2.8506,
                                28: -2.8327,
                                29: -2.8134,
                                30: -2.7927,
                                31: -2.7705,
                                32: -2.7468,
                                33: -2.7215,
                                34: -2.6945,
                                35: -2.6659,
                                36: -2.6356,
                                37: -2.6034,
                                38: -2.5695,
                                39: -2.5336,
                                40: -2.4958,
                                41: -2.456,
                                42: -2.4142,
                                43: -2.3703,
                                44: -2.3242,
                                45: -2.2759,
                                46: -2.2255,
                                47: -2.1727,
                                48: -2.1175,
                                49: -2.06,
                                50: -2,
                                51: -0.158,
                                52: 3.1988,
                                53: 5,
                                54: 4.9582,
                                55: 4.8471,
                                56: 4.688,
                                57: 4.5024,
                                58: 4.3116,
                                59: 4.137,
                                60: 4,
                                61: 3.8925,
                                62: 3.7917,
                                63: 3.6965,
                                64: 3.606,
                                65: 3.5192,
                                66: 3.4352,
                                67: 3.3529,
                                68: 3.2714,
                                69: 3.1897,
                                70: 3.1068,
                                71: 3.0218,
                                72: 2.9337,
                                73: 2.8416,
                                74: 2.7443,
                                75: 2.641,
                                76: 2.5307,
                                77: 2.4125,
                                78: 2.2852,
                                79: 2.1481,
                                80: 2,
                                81: 1.8839,
                                82: 1.7892,
                                83: 1.6346,
                                84: 1.339,
                                85: 0.8212,
                                86: 0,
                                87: -1.7303,
                                88: -4.5509,
                                89: -7.9063,
                                90: -11.2411,
                                91: -14,
                                92: -15.1964,
                                93: -16,
                                94: -18.375,
                                95: -20,
                                96: -19.2721,
                                97: -18.5,
                                98: -18.4217,
                                99: -18.3618,
                                100: -18.3177,
                                101: -18.2871,
                                102: -18.2675,
                                103: -18.2564,
                                104: -18.2514,
                                105: -18.2501,
                                106: -18.2499,
                                107: -18.2486,
                                108: -18.2436,
                                109: -18.2325,
                                110: -18.2129,
                                111: -18.1823,
                                112: -18.1382,
                                113: -18.0783,
                                114: -18,
                                115: -15.8611,
                                116: -10.8845,
                                117: -4.9656,
                                118: 0,
                                119: 4.0476,
                                120: 7.5238,
                                121: 9,
                                122: 8.9999,
                                123: 8.9996,
                                124: 8.9986,
                                125: 8.9967,
                                126: 8.9936,
                                127: 8.989,
                                128: 8.9826,
                                129: 8.974,
                                130: 8.963,
                                131: 8.9492,
                                132: 8.9324,
                                133: 8.9122,
                                134: 8.8884,
                                135: 8.8606,
                                136: 8.8285,
                                137: 8.7919,
                                138: 8.7504,
                                139: 8.7037,
                                140: 8.6515,
                                141: 8.5936,
                                142: 8.5295,
                                143: 8.459,
                                144: 8.3819,
                                145: 8.2977,
                                146: 8.2062,
                                147: 8.107,
                                148: 8,
                                149: 7.1147,
                                150: 5.1573,
                                151: 2.8427,
                                152: 0.8853,
                                153: 0,
                                154: -0.107,
                                155: -0.2062,
                                156: -0.2977,
                                157: -0.3819,
                                158: -0.459,
                                159: -0.5295,
                                160: -0.5936,
                                161: -0.6515,
                                162: -0.7037,
                                163: -0.7504,
                                164: -0.7919,
                                165: -0.8285,
                                166: -0.8606,
                                167: -0.8884,
                                168: -0.9122,
                                169: -0.9324,
                                170: -0.9492,
                                171: -0.963,
                                172: -0.974,
                                173: -0.9826,
                                174: -0.989,
                                175: -0.9936,
                                176: -0.9967,
                                177: -0.9986,
                                178: -0.9996,
                                179: -0.9999,
                                180: -1,
                            }
                            double avars:ty.timeSamples = {
                                1: -0.1387,
                                2: -0.1369,
                                3: -0.135,
                                4: -0.1331,
                                5: -0.1311,
                                6: -0.1291,
                                7: -0.1271,
                                8: -0.1251,
                                9: -0.1232,
                                10: -0.1214,
                                11: -0.1196,
                                12: -0.118,
                                13: -0.1165,
                                14: -0.1152,
                                15: -0.114,
                                16: -0.113,
                                17: -0.1121,
                                18: -0.1115,
                                19: -0.111,
                                20: -0.1108,
                                21: -0.1107,
                                22: -0.1109,
                                23: -0.1113,
                                24: -0.1119,
                                25: -0.1127,
                                26: -0.1137,
                                27: -0.1149,
                                28: -0.1164,
                                29: -0.1181,
                                30: -0.12,
                                31: -0.0595,
                                32: 0.076,
                                33: 0.2115,
                                34: 0.2721,
                                35: 0.2592,
                                36: 0.2296,
                                37: 0.1911,
                                38: 0.1518,
                                39: 0.1195,
                                40: 0.1021,
                                41: 0.0954,
                                42: 0.09,
                                43: 0.0856,
                                44: 0.0822,
                                45: 0.0798,
                                46: 0.078,
                                47: 0.077,
                                48: 0.0764,
                                49: 0.0763,
                                50: 0.0765,
                                51: 0.3153,
                                52: 0.7588,
                                53: 0.9979,
                                54: 0.9117,
                                55: 0.8197,
                                56: 0.8129,
                                57: 0.812,
                                58: 0.8132,
                                59: 0.8125,
                                60: 0.8062,
                                61: 0.7948,
                                62: 0.7816,
                                63: 0.7669,
                                64: 0.751,
                                65: 0.734,
                                66: 0.7162,
                                67: 0.6978,
                                68: 0.6792,
                                69: 0.6605,
                                70: 0.642,
                                71: 0.6239,
                                72: 0.6065,
                                73: 0.5897,
                                74: 0.5731,
                                75: 0.5565,
                                76: 0.5396,
                                77: 0.5223,
                                78: 0.5043,
                                79: 0.4853,
                                80: 0.4651,
                                81: 0.45,
                                82: 0.4414,
                                83: 0.4314,
                                84: 0.4124,
                                85: 0.3765,
                                86: 0.3161,
                                87: 0.1818,
                                88: -0.0336,
                                89: -0.2741,
                                90: -0.4837,
                                91: -0.6065,
                                92: -0.6424,
                                93: -0.6483,
                                94: -0.4443,
                                95: -0.2403,
                                96: -0.3414,
                                97: -0.4426,
                                98: -0.4437,
                                99: -0.4448,
                                100: -0.4458,
                                101: -0.4466,
                                102: -0.4471,
                                103: -0.4472,
                                104: -0.447,
                                105: -0.4462,
                                106: -0.4449,
                                107: -0.443,
                                108: -0.4403,
                                109: -0.4369,
                                110: -0.4327,
                                111: -0.4275,
                                112: -0.4214,
                                113: -0.4142,
                                114: -0.4059,
                                115: -0.3326,
                                116: -0.1691,
                                117: 0.0263,
                                118: 0.1951,
                                119: 0.3468,
                                120: 0.4858,
                                121: 0.5472,
                                122: 0.5481,
                                123: 0.549,
                                124: 0.55,
                                125: 0.551,
                                126: 0.5519,
                                127: 0.5527,
                                128: 0.5534,
                                129: 0.5538,
                                130: 0.5541,
                                131: 0.5541,
                                132: 0.5537,
                                133: 0.553,
                                134: 0.5519,
                                135: 0.5504,
                                136: 0.5483,
                                137: 0.5458,
                                138: 0.5426,
                                139: 0.5389,
                                140: 0.5344,
                                141: 0.5293,
                                142: 0.5234,
                                143: 0.5167,
                                144: 0.5093,
                                145: 0.5009,
                                146: 0.4917,
                                147: 0.4816,
                                148: 0.4705,
                                149: 0.4286,
                                150: 0.3445,
                                151: 0.2459,
                                152: 0.1606,
                                153: 0.116,
                                154: 0.1033,
                                155: 0.0945,
                                156: 0.0888,
                                157: 0.0852,
                                158: 0.0828,
                                159: 0.0807,
                                160: 0.0782,
                                161: 0.0741,
                                162: 0.0678,
                                163: 0.0582,
                                164: 0.0446,
                                165: -0.0123,
                                166: -0.1169,
                                167: -0.2181,
                                168: -0.2648,
                                169: -0.2642,
                                170: -0.2589,
                                171: -0.2508,
                                172: -0.2416,
                                173: -0.2332,
                                174: -0.2273,
                                175: -0.2234,
                                176: -0.2202,
                                177: -0.2176,
                                178: -0.2158,
                                179: -0.2149,
                                180: -0.2151,
                            }
                        }

                        over "Corner_L_ctl"
                        {
                            double avars:ty.timeSamples = {
                                1: 0,
                                2: 0,
                                3: 0,
                                4: 0,
                                5: 0,
                                6: 0,
                                7: 0,
                                8: 0,
                                9: 0,
                                10: 0,
                                11: 0,
                                12: 0,
                                13: 0,
                                14: 0,
                                15: 0,
                                16: 0,
                                17: 0,
                                18: 0,
                                19: 0,
                                20: 0,
                                21: 0,
                                22: 0,
                                23: 0,
                                24: 0,
                                25: 0,
                                26: 0,
                                27: 0,
                                28: 0,
                                29: 0,
                                30: 0,
                                31: 0,
                                32: 0,
                                33: 0,
                                34: 0,
                                35: 0,
                                36: 0,
                                37: 0,
                                38: 0,
                                39: 0,
                                40: 0,
                                41: 0,
                                42: 0,
                                43: 0,
                                44: 0,
                                45: 0,
                                46: 0,
                                47: 0,
                                48: 0,
                                49: 0,
                                50: 0,
                                51: 0,
                                52: 0,
                                53: 0,
                                54: 0,
                                55: 0,
                                56: 0,
                                57: 0,
                                58: 0,
                                59: 0,
                                60: 0,
                                61: 0,
                                62: 0,
                                63: 0,
                                64: 0,
                                65: 0,
                                66: 0,
                                67: 0,
                                68: 0,
                                69: 0,
                                70: 0,
                                71: 0,
                                72: 0,
                                73: 0,
                                74: 0,
                                75: 0,
                                76: 0,
                                77: 0,
                                78: 0,
                                79: 0,
                                80: 0,
                                81: 0,
                                82: 0,
                                83: 0,
                                84: 0,
                                85: 0,
                                86: 0,
                                87: 0,
                                88: 0,
                                89: 0,
                                90: 0,
                                91: 0,
                                92: 0,
                                93: 0,
                                94: 0,
                                95: 0,
                                96: 0,
                                97: 0,
                                98: 0,
                                99: 0,
                                100: 0,
                                101: 0,
                                102: 0,
                                103: 0,
                                104: 0,
                                105: 0,
                                106: 0,
                                107: 0,
                                108: 0,
                                109: 0,
                                110: 0,
                                111: 0,
                                112: 0,
                                113: 0,
                                114: 0,
                                115: 0,
                                116: 0,
                                117: 0,
                                118: 0,
                                119: 0.1167,
                                120: 0.3333,
                                121: 0.45,
                                122: 0.45,
                                123: 0.45,
                                124: 0.4499,
                                125: 0.4498,
                                126: 0.4497,
                                127: 0.4495,
                                128: 0.4491,
                                129: 0.4487,
                                130: 0.4481,
                                131: 0.4475,
                                132: 0.4466,
                                133: 0.4456,
                                134: 0.4444,
                                135: 0.443,
                                136: 0.4414,
                                137: 0.4396,
                                138: 0.4375,
                                139: 0.4352,
                                140: 0.4326,
                                141: 0.4297,
                                142: 0.4265,
                                143: 0.423,
                                144: 0.4191,
                                145: 0.4149,
                                146: 0.4103,
                                147: 0.4054,
                                148: 0.4,
                                149: 0.36,
                                150: 0.2728,
                                151: 0.1705,
                                152: 0.0855,
                                153: 0.05,
                                154: 0.0501,
                                155: 0.0505,
                                156: 0.051,
                                157: 0.0518,
                                158: 0.0527,
                                159: 0.0538,
                                160: 0.055,
                                161: 0.0563,
                                162: 0.0578,
                                163: 0.0593,
                                164: 0.0609,
                                165: 0.0625,
                                166: 0.0642,
                                167: 0.0658,
                                168: 0.0675,
                                169: 0.0691,
                                170: 0.0707,
                                171: 0.0722,
                                172: 0.0737,
                                173: 0.075,
                                174: 0.0762,
                                175: 0.0773,
                                176: 0.0782,
                                177: 0.079,
                                178: 0.0795,
                                179: 0.0799,
                                180: 0.08,
                            }
                        }

                        over "Corner_R_ctl"
                        {
                            double avars:ty.timeSamples = {
                                1: 0,
                                2: 0,
                                3: 0,
                                4: 0,
                                5: 0,
                                6: 0,
                                7: 0,
                                8: 0,
                                9: 0,
                                10: 0,
                                11: 0,
                                12: 0,
                                13: 0,
                                14: 0,
                                15: 0,
                                16: 0,
                                17: 0,
                                18: 0,
                                19: 0,
                                20: 0,
                                21: 0,
                                22: 0,
                                23: 0,
                                24: 0,
                                25: 0,
                                26: 0,
                                27: 0,
                                28: 0,
                                29: 0,
                                30: 0,
                                31: 0,
                                32: 0,
                                33: 0,
                                34: 0,
                                35: 0,
                                36: 0,
                                37: 0,
                                38: 0,
                                39: 0,
                                40: 0,
                                41: 0,
                                42: 0,
                                43: 0,
                                44: 0,
                                45: 0,
                                46: 0,
                                47: 0,
                                48: 0,
                                49: 0,
                                50: 0,
                                51: 0,
                                52: 0,
                                53: 0,
                                54: 0,
                                55: 0,
                                56: 0,
                                57: 0,
                                58: 0,
                                59: 0,
                                60: 0,
                                61: 0,
                                62: 0,
                                63: 0.1562,
                                64: 0.5,
                                65: 0.8438,
                                66: 1,
                                67: 0.9819,
                                68: 0.9459,
                                69: 0.92,
                                70: 0.9107,
                                71: 0.9052,
                                72: 0.9022,
                                73: 0.9003,
                                74: 0.8982,
                                75: 0.8944,
                                76: 0.8877,
                                77: 0.8767,
                                78: 0.86,
                                79: 0.7842,
                                80: 0.6261,
                                81: 0.4299,
                                82: 0.2398,
                                83: 0.1,
                                84: 0.0296,
                                85: 0.0037,
                                86: 0,
                                87: 0,
                                88: 0,
                                89: 0,
                                90: 0,
                                91: 0,
                                92: 0,
                                93: 0,
                                94: 0,
                                95: 0,
                                96: 0,
                                97: 0,
                                98: 0,
                                99: 0,
                                100: 0,
                                101: 0,
                                102: 0,
                                103: 0,
                                104: 0,
                                105: 0,
                                106: 0,
                                107: 0,
                                108: 0,
                                109: 0,
                                110: 0,
                                111: 0,
                                112: 0,
                                113: 0,
                                114: 0,
                                115: 0,
                                116: 0,
                                117: 0,
                                118: 0,
                                119: 0.1296,
                                120: 0.3704,
                                121: 0.5,
                                122: 0.4999,
                                123: 0.4996,
                                124: 0.4992,
                                125: 0.4986,
                                126: 0.4978,
                                127: 0.4969,
                                128: 0.4959,
                                129: 0.4946,
                                130: 0.4933,
                                131: 0.4918,
                                132: 0.4902,
                                133: 0.4884,
                                134: 0.4865,
                                135: 0.4845,
                                136: 0.4824,
                                137: 0.4802,
                                138: 0.4779,
                                139: 0.4755,
                                140: 0.4729,
                                141: 0.4703,
                                142: 0.4677,
                                143: 0.4649,
                                144: 0.462,
                                145: 0.4591,
                                146: 0.4561,
                                147: 0.4531,
                                148: 0.45,
                                149: 0.4428,
                                150: 0.4302,
                                151: 0.4161,
                                152: 0.4047,
                                153: 0.4,
                                154: 0.4042,
                                155: 0.4161,
                                156: 0.4345,
                                157: 0.4583,
                                158: 0.4862,
                                159: 0.5172,
                                160: 0.55,
                                161: 0.5906,
                                162: 0.6422,
                                163: 0.6998,
                                164: 0.7583,
                                165: 0.8127,
                                166: 0.8578,
                                167: 0.8886,
                                168: 0.9,
                                169: 0.8756,
                                170: 0.8289,
                                171: 0.8,
                                172: 0.794,
                                173: 0.7894,
                                174: 0.7859,
                                175: 0.7834,
                                176: 0.7818,
                                177: 0.7807,
                                178: 0.7802,
                                179: 0.78,
                                180: 0.78,
                            }
                        }

                        over "Eye_L_ctl"
                        {
                            double avars:rx.timeSamples = {
                                1: 13,
                                2: 13,
                                3: 13,
                                4: 13,
                                5: 13,
                                6: 13,
                                7: 13,
                                8: 13,
                                9: 13,
                                10: 13,
                                11: 13,
                                12: 13,
                                13: 13,
                                14: 13,
                                15: 13,
                                16: 13,
                                17: 13,
                                18: 13,
                                19: 6.24,
                                20: 0,
                                21: 0,
                                22: 3.5933,
                                23: 8.2044,
                                24: 11.447,
                                25: 13,
                                26: 13,
                                27: 13,
                                28: 13,
                                29: 13,
                                30: 13,
                                31: 11.648,
                                32: 8.424,
                                33: 4.576,
                                34: 1.085,
                                35: 0,
                                36: 0,
                                37: 0,
                                38: 0,
                                39: 0,
                                40: 0,
                                41: 0,
                                42: 0,
                                43: 0,
                                44: 0,
                                45: 0,
                                46: 0,
                                47: 0,
                                48: 0,
                                49: 0,
                                50: 0,
                                51: 0,
                                52: 0,
                                53: 0,
                                54: 0,
                                55: 0.8796,
                                56: 3.1037,
                                57: 6.05,
                                58: 9.0963,
                                59: 11.6204,
                                60: 13,
                                61: 13.5388,
                                62: 13.963,
                                63: 14.2838,
                                64: 14.5129,
                                65: 14.6617,
                                66: 14.7415,
                                67: 14.764,
                                68: 14.7404,
                                69: 14.6823,
                                70: 14.6011,
                                71: 14.4673,
                                72: 14.2474,
                                73: 13.9467,
                                74: 13.5708,
                                75: 13.125,
                                76: 12.579,
                                77: 9.6799,
                                78: 2.4399,
                                79: 0.5169,
                                80: 0.977,
                                81: 3.3453,
                                82: 4.7365,
                                83: 5.1002,
                                84: 4.7369,
                                85: 3.7854,
                                86: 3,
                                87: 2.3817,
                                88: 1.7773,
                                89: 1.2164,
                                90: 0.7286,
                                91: 0.3436,
                                92: 0.0908,
                                93: 0,
                                94: 0,
                                95: 0,
                                96: 0,
                                97: 0,
                                98: 0,
                                99: 0,
                                100: 0,
                                101: 0,
                                102: 0,
                                103: 0,
                                104: 0,
                                105: 0,
                                106: 0,
                                107: 0,
                                108: 0,
                                109: 0,
                                110: 0,
                                111: 0,
                                112: 0,
                                113: 0,
                                114: 0,
                                115: 0,
                                116: 0,
                                117: 0,
                                118: 0,
                                119: 0,
                                120: 0,
                                121: 0,
                                122: 0,
                                123: 0,
                                124: 0,
                                125: 0,
                                126: 0,
                                127: 0,
                                128: 0,
                                129: 0,
                                130: 0,
                                131: 0,
                                132: 0,
                                133: 0,
                                134: 0,
                                135: 0,
                                136: 0,
                                137: 0,
                                138: 0,
                                139: 0,
                                140: 0,
                                141: 0,
                                142: 0,
                                143: 0,
                                144: 0,
                                145: 0,
                                146: 0,
                                147: 0,
                                148: 0,
                                149: 0,
                                150: 0,
                                151: 0.338,
                                152: 0.9571,
                                153: 0.4127,
                                154: 0,
                                155: 0.2498,
                                156: 1.8148,
                                157: 3.2972,
                                158: 4.5398,
                                159: 5.4997,
                                160: 5.7963,
                                161: 5.9554,
                                162: 6.1,
                                163: 6.2307,
                                164: 6.3481,
                                165: 6.4531,
                                166: 6.5463,
                                167: 6.6284,
                                168: 6.7,
                                169: 6.7619,
                                170: 6.8148,
                                171: 6.8594,
                                172: 6.8963,
                                173: 6.9263,
                                174: 6.95,
                                175: 6.9682,
                                176: 6.9815,
                                177: 6.9906,
                                178: 6.9963,
                                179: 6.9992,
                                180: 7,
                            }
                            double avars:rz.timeSamples = {
                                1: 0,
                                2: 0,
                                3: 0,
                                4: 0,
                                5: 0,
                                6: 0,
                                7: 0,
                                8: 0,
                                9: 0,
                                10: 0,
                                11: 0,
                                12: 0,
                                13: 0,
                                14: 0,
                                15: 0,
                                16: 0,
                                17: 0,
                                18: 0,
                                19: 0,
                                20: 0,
                                21: 0,
                                22: 0,
                                23: 0,
                                24: 0,
                                25: 0,
                                26: 0,
                                27: 0,
                                28: 0,
                                29: 0,
                                30: 0,
                                31: 0,
                                32: 0,
                                33: 0,
                                34: 0,
                                35: 0,
                                36: 0,
                                37: 0,
                                38: 0,
                                39: 0,
                                40: 0,
                                41: 0,
                                42: 0,
                                43: 0,
                                44: 0,
                                45: 0,
                                46: 0,
                                47: 0,
                                48: 0,
                                49: 0,
                                50: 0,
                                51: 0,
                                52: 0,
                                53: 0,
                                54: 0,
                                55: 0,
                                56: 0,
                                57: 0,
                                58: 0,
                                59: 0,
                                60: 0,
                                61: 0,
                                62: 0,
                                63: 0,
                                64: 0,
                                65: 0,
                                66: 0,
                                67: 0,
                                68: 0,
                                69: 0,
                                70: 0,
                                71: 0,
                                72: 0,
                                73: 0,
                                74: 0,
                                75: 0,
                                76: 0,
                                77: 0,
                                78: 0,
                                79: 0,
                                80: 0,
                                81: 0,
                                82: 0,
                                83: 0,
                                84: 0,
                                85: 0,
                                86: 0,
                                87: 0,
                                88: 0,
                                89: 0,
                                90: 0,
                                91: 0,
                                92: 0,
                                93: 0,
                                94: 0,
                                95: 0,
                                96: 0,
                                97: 0,
                                98: 0,
                                99: 0,
                                100: 0,
                                101: 0,
                                102: 0,
                                103: 0,
                                104: 0,
                                105: 0,
                                106: 0,
                                107: 0,
                                108: 0,
                                109: 0,
                                110: 0,
                                111: 0,
                                112: 0,
                                113: 0,
                                114: 0,
                                115: 0,
                                116: 0,
                                117: 0,
                                118: 0,
                                119: 0,
                                120: 5.1852,
                                121: 14.8148,
                                122: 20,
                                123: 20,
                                124: 20,
                                125: 20,
                                126: 20,
                                127: 20,
                                128: 20,
                                129: 20,
                                130: 20,
                                131: 20,
                                132: 20,
                                133: 20,
                                134: 20,
                                135: 20,
                                136: 20,
                                137: 20,
                                138: 20,
                                139: 20,
                                140: 20,
                                141: 20,
                                142: 20,
                                143: 20,
                                144: 20,
                                145: 20,
                                146: 20,
                                147: 20,
                                148: 20,
                                149: 20,
                                150: 16.875,
                                151: 10,
                                152: 3.125,
                                153: 0,
                                154: 0,
                                155: 0,
                                156: 0,
                                157: 0,
                                158: 0,
                                159: 0,
                                160: 0,
                                161: 0,
                                162: 0,
                                163: 0,
                                164: 0,
                                165: 0,
                                166: 0,
                                167: 0,
                                168: 0,
                                169: 0,
                                170: 0,
                                171: 0,
                                172: 0,
                                173: 0,
                                174: 0,
                                175: 0,
                                176: 0,
                                177: 0,
                                178: 0,
                                179: 0,
                                180: 0,
                            }
                            double avars:tx.timeSamples = {
                                1: 0.1,
                                2: 0.1,
                                3: 0.1,
                                4: 0.1,
                                5: 0.1,
                                6: 0.1,
                                7: 0.1,
                                8: 0.1,
                                9: 0.1,
                                10: 0.1,
                                11: 0.1,
                                12: 0.1,
                                13: 0.1,
                                14: 0.1,
                                15: 0.1,
                                16: 0.1,
                                17: 0.1,
                                18: 0.1,
                                19: 0.1,
                                20: 0.1,
                                21: 0.1,
                                22: 0.1,
                                23: 0.1,
                                24: 0.1,
                                25: 0.1,
                                26: 0.1,
                                27: 0.1,
                                28: 0.1,
                                29: 0.1,
                                30: 0.1,
                                31: 0.0896,
                                32: 0.0648,
                                33: 0.0352,
                                34: 0.0104,
                                35: 0,
                                36: 0,
                                37: 0,
                                38: 0,
                                39: 0,
                                40: 0,
                                41: 0,
                                42: 0,
                                43: 0,
                                44: 0,
                                45: 0,
                                46: 0,
                                47: 0,
                                48: 0,
                                49: 0,
                                50: 0,
                                51: 0,
                                52: 0,
                                53: 0,
                                54: 0,
                                55: 0.0252,
                                56: 0.0881,
                                57: 0.17,
                                58: 0.2519,
                                59: 0.3148,
                                60: 0.34,
                                61: 0.3398,
                                62: 0.3392,
                                63: 0.3382,
                                64: 0.3367,
                                65: 0.3347,
                                66: 0.3322,
                                67: 0.3291,
                                68: 0.3254,
                                69: 0.3211,
                                70: 0.3161,
                                71: 0.3104,
                                72: 0.304,
                                73: 0.2968,
                                74: 0.2888,
                                75: 0.28,
                                76: 0.2682,
                                77: 0.252,
                                78: 0.2325,
                                79: 0.211,
                                80: 0.1885,
                                81: 0.1663,
                                82: 0.1456,
                                83: 0.1274,
                                84: 0.1129,
                                85: 0.1034,
                                86: 0.1,
                                87: 0.168,
                                88: 0.332,
                                89: 0.532,
                                90: 0.708,
                                91: 0.8,
                                92: 0.8175,
                                93: 0.82,
                                94: 0.41,
                                95: 0,
                                96: 0,
                                97: 0,
                                98: 0,
                                99: 0,
                                100: 0,
                                101: 0,
                                102: 0,
                                103: 0,
                                104: 0,
                                105: 0,
                                106: 0,
                                107: 0,
                                108: 0,
                                109: 0,
                                110: 0,
                                111: 0,
                                112: 0,
                                113: 0,
                                114: 0,
                                115: 0,
                                116: 0,
                                117: 0,
                                118: 0,
                                119: 0.052,
                                120: 0.176,
                                121: 0.324,
                                122: 0.448,
                                123: 0.5,
                                124: 0.5,
                                125: 0.5,
                                126: 0.4999,
                                127: 0.4998,
                                128: 0.4996,
                                129: 0.4993,
                                130: 0.4989,
                                131: 0.4984,
                                132: 0.4977,
                                133: 0.4968,
                                134: 0.4957,
                                135: 0.4945,
                                136: 0.493,
                                137: 0.4912,
                                138: 0.4892,
                                139: 0.4869,
                                140: 0.4843,
                                141: 0.4813,
                                142: 0.4781,
                                143: 0.4744,
                                144: 0.4704,
                                145: 0.4659,
                                146: 0.4611,
                                147: 0.4558,
                                148: 0.45,
                                149: 0.3994,
                                150: 0.2873,
                                151: 0.1555,
                                152: 0.0458,
                                153: 0,
                                154: 0,
                                155: 0,
                                156: 0,
                                157: 0,
                                158: 0,
                                159: 0,
                                160: 0,
                                161: 0,
                                162: 0,
                                163: 0,
                                164: 0,
                                165: 0,
                                166: 0.0594,
                                167: 0.19,
                                168: 0.3206,
                                169: 0.38,
                                170: 0.377,
                                171: 0.369,
                                172: 0.3572,
                                173: 0.3431,
                                174: 0.3279,
                                175: 0.3131,
                                176: 0.3,
                                177: 0.2855,
                                178: 0.2691,
                                179: 0.2556,
                                180: 0.25,
                            }
                            double avars:ty.timeSamples = {
                                1: 0,
                                2: 0,
                                3: 0,
                                4: 0,
                                5: 0,
                                6: 0,
                                7: 0,
                                8: 0,
                                9: 0,
                                10: 0,
                                11: 0,
                                12: 0,
                                13: 0,
                                14: 0,
                                15: 0,
                                16: 0,
                                17: 0,
                                18: 0,
                                19: -0.52,
                                20: -1,
                                21: -1,
                                22: -0.7236,
                                23: -0.3689,
                                24: -0.1195,
                                25: 0,
                                26: 0,
                                27: 0,
                                28: 0,
                                29: 0,
                                30: 0,
                                31: 0.0201,
                                32: 0.0901,
                                33: 0.1778,
                                34: 0.0305,
                                35: -0.58,
                                36: -0.7522,
                                37: -0.6618,
                                38: -0.2437,
                                39: 0.0641,
                                40: 0.2966,
                                41: 0.3288,
                                42: 0.286,
                                43: 0.2176,
                                44: 0.1521,
                                45: 0.107,
                                46: 0.076,
                                47: 0.049,
                                48: 0.0271,
                                49: 0.0113,
                                50: 0.0025,
                                51: 0,
                                52: 0,
                                53: 0,
                                54: 0,
                                55: 0,
                                56: 0,
                                57: 0,
                                58: 0,
                                59: 0,
                                60: 0,
                                61: 0,
                                62: 0,
                                63: 0,
                                64: 0,
                                65: 0,
                                66: 0,
                                67: 0,
                                68: 0,
                                69: 0,
                                70: 0,
                                71: 0,
                                72: 0,
                                73: 0,
                                74: 0,
                                75: 0,
                                76: 0,
                                77: -0.1876,
                                78: -0.7814,
                                79: -0.95,
                                80: -0.8969,
                                81: -0.6052,
                                82: -0.3505,
                                83: -0.156,
                                84: -0.0206,
                                85: 0,
                                86: 0,
                                87: -0.0158,
                                88: -0.0756,
                                89: -0.1703,
                                90: -0.2584,
                                91: -0.3113,
                                92: -0.3323,
                                93: -0.3391,
                                94: -0.083,
                                95: 0.6015,
                                96: 1.078,
                                97: 1.1125,
                                98: 1.0847,
                                99: 1.0435,
                                100: 1.0112,
                                101: 1,
                                102: 1,
                                103: 1,
                                104: 1,
                                105: 1,
                                106: 1,
                                107: 1,
                                108: 1,
                                109: 1,
                                110: 1,
                                111: 1,
                                112: 1,
                                113: 1,
                                114: 1,
                                115: 0.9375,
                                116: 0.7062,
                                117: 0.3625,
                                118: 0.0937,
                                119: 0,
                                120: 0,
                                121: 0,
                                122: 0,
                                123: 0,
                                124: 0,
                                125: 0,
                                126: 0,
                                127: 0,
                                128: 0,
                                129: 0,
                                130: 0,
                                131: 0,
                                132: 0,
                                133: 0,
                                134: 0,
                                135: 0,
                                136: 0,
                                137: 0,
                                138: 0,
                                139: 0,
                                140: 0,
                                141: 0,
                                142: 0,
                                143: 0,
                                144: 0,
                                145: 0,
                                146: 0,
                                147: 0,
                                148: 0,
                                149: 0,
                                150: 0,
                                151: 0,
                                152: -0.1975,
                                153: -0.8225,
                                154: -1,
                                155: -0.9441,
                                156: -0.637,
                                157: -0.3689,
                                158: -0.1642,
                                159: -0.0217,
                                160: 0,
                                161: 0,
                                162: 0,
                                163: 0,
                                164: 0,
                                165: 0,
                                166: 0,
                                167: 0,
                                168: 0,
                                169: 0,
                                170: 0,
                                171: 0,
                                172: 0,
                                173: 0,
                                174: 0,
                                175: 0,
                                176: 0,
                                177: 0,
                                178: 0,
                                179: 0,
                                180: 0,
                            }
                        }

                        over "Eye_R_ctl"
                        {
                            double avars:rx.timeSamples = {
                                1: 11.7,
                                2: 11.7,
                                3: 11.7,
                                4: 11.7,
                                5: 11.7,
                                6: 11.7,
                                7: 11.7,
                                8: 11.7,
                                9: 11.7,
                                10: 11.7,
                                11: 11.7,
                                12: 11.7,
                                13: 11.7,
                                14: 11.7,
                                15: 11.7,
                                16: 11.7,
                                17: 11.7,
                                18: 5.616,
                                19: 0,
                                20: 0,
                                21: 3.234,
                                22: 7.3839,
                                23: 10.3023,
                                24: 11.7,
                                25: 11.7,
                                26: 11.7,
                                27: 11.7,
                                28: 11.7,
                                29: 11.7,
                                30: 11.7,
                                31: 10.4832,
                                32: 7.5816,
                                33: 4.1184,
                                34: 0.5841,
                                35: 0,
                                36: 0,
                                37: 0,
                                38: 0,
                                39: 0,
                                40: 0,
                                41: 0,
                                42: 0,
                                43: 0,
                                44: 0,
                                45: 0,
                                46: 0,
                                47: 0,
                                48: 0,
                                49: 0,
                                50: 0,
                                51: 0,
                                52: 0,
                                53: 0,
                                54: 0,
                                55: 0.525,
                                56: 1.86,
                                57: 3.645,
                                58: 5.52,
                                59: 7.125,
                                60: 8.1,
                                61: 8.5878,
                                62: 8.9784,
                                63: 9.2826,
                                64: 9.5112,
                                65: 9.675,
                                66: 9.7848,
                                67: 9.8514,
                                68: 9.8856,
                                69: 9.8982,
                                70: 9.9,
                                71: 9.8649,
                                72: 9.7632,
                                73: 9.6003,
                                74: 9.3816,
                                75: 9.1125,
                                76: 8.7984,
                                77: 4.273,
                                78: 0.4028,
                                79: 0.382,
                                80: 1.6766,
                                81: 3.6111,
                                82: 4.405,
                                83: 4.6461,
                                84: 4.159,
                                85: 3.3554,
                                86: 2.7,
                                87: 2.1435,
                                88: 1.5996,
                                89: 1.0948,
                                90: 0.6558,
                                91: 0.3092,
                                92: 0.0817,
                                93: 0,
                                94: 0,
                                95: 0,
                                96: 0,
                                97: 0,
                                98: 0,
                                99: 0,
                                100: 0,
                                101: 0,
                                102: 0,
                                103: 0,
                                104: 0,
                                105: 0,
                                106: 0,
                                107: 0,
                                108: 0,
                                109: 0,
                                110: 0,
                                111: 0,
                                112: 0,
                                113: 0,
                                114: 0,
                                115: 0,
                                116: 0,
                                117: 0,
                                118: 0,
                                119: 0,
                                120: 0,
                                121: 0,
                                122: 0,
                                123: 0,
                                124: 0,
                                125: 0,
                                126: 0,
                                127: 0,
                                128: 0,
                                129: 0,
                                130: 0,
                                131: 0,
                                132: 0,
                                133: 0,
                                134: 0,
                                135: 0,
                                136: 0,
                                137: 0,
                                138: 0,
                                139: 0,
                                140: 0,
                                141: 0,
                                142: 0,
                                143: 0,
                                144: 0,
                                145: 0,
                                146: 0,
                                147: 0,
                                148: 0,
                                149: 0,
                                150: 0,
                                151: 0.3042,
                                152: 0.5152,
                                153: 0,
                                154: 0,
                                155: 0.7739,
                                156: 2.3427,
                                157: 3.4607,
                                158: 4.4976,
                                159: 5.0597,
                                160: 5.2167,
                                161: 5.3599,
                                162: 5.49,
                                163: 5.6076,
                                164: 5.7133,
                                165: 5.8078,
                                166: 2.9458,
                                167: 0,
                                168: 0,
                                169: 0,
                                170: 0,
                                171: 0,
                                172: 0,
                                173: 0.5844,
                                174: 1.9808,
                                175: 3.6452,
                                176: 5.0267,
                                177: 5.9246,
                                178: 6.2967,
                                179: 6.2993,
                                180: 6.3,
                            }
                            double avars:rz.timeSamples = {
                                1: 0,
                                2: 0,
                                3: 0,
                                4: 0,
                                5: 0,
                                6: 0,
                                7: 0,
                                8: 0,
                                9: 0,
                                10: 0,
                                11: 0,
                                12: 0,
                                13: 0,
                                14: 0,
                                15: 0,
                                16: 0,
                                17: 0,
                                18: 0,
                                19: 0,
                                20: 0,
                                21: 0,
                                22: 0,
                                23: 0,
                                24: 0,
                                25: 0,
                                26: 0,
                                27: 0,
                                28: 0,
                                29: 0,
                                30: 0,
                                31: 0,
                                32: 0,
                                33: 0,
                                34: 0,
                                35: 0,
                                36: 0,
                                37: 0,
                                38: 0,
                                39: 0,
                                40: 0,
                                41: 0,
                                42: 0,
                                43: 0,
                                44: 0,
                                45: 0,
                                46: 0,
                                47: 0,
                                48: 0,
                                49: 0,
                                50: 0,
                                51: 0,
                                52: 0,
                                53: 0,
                                54: 0,
                                55: 0,
                                56: 0,
                                57: 0,
                                58: 0,
                                59: 0,
                                60: 0,
                                61: 0,
                                62: 0,
                                63: 0,
                                64: 0,
                                65: 0,
                                66: 0,
                                67: 0,
                                68: 0,
                                69: 0,
                                70: 0,
                                71: 0,
                                72: 0,
                                73: 0,
                                74: 0,
                                75: 0,
                                76: 0,
                                77: 0,
                                78: 0,
                                79: 0,
                                80: 0,
                                81: 0,
                                82: 0,
                                83: 0,
                                84: 0,
                                85: 0,
                                86: 0,
                                87: 0,
                                88: 0,
                                89: 0,
                                90: 0,
                                91: 0,
                                92: 0,
                                93: 0,
                                94: 0,
                                95: 0,
                                96: 0,
                                97: 0,
                                98: 0,
                                99: 0,
                                100: 0,
                                101: 0,
                                102: 0,
                                103: 0,
                                104: 0,
                                105: 0,
                                106: 0,
                                107: 0,
                                108: 0,
                                109: 0,
                                110: 0,
                                111: 0,
                                112: 0,
                                113: 0,
                                114: 0,
                                115: 0,
                                116: 0,
                                117: 0,
                                118: 0,
                                119: 5.1852,
                                120: 14.8148,
                                121: 20,
                                122: 20,
                                123: 20,
                                124: 20,
                                125: 20,
                                126: 20,
                                127: 20,
                                128: 20,
                                129: 20,
                                130: 20,
                                131: 20,
                                132: 20,
                                133: 20,
                                134: 20,
                                135: 20,
                                136: 20,
                                137: 20,
                                138: 20,
                                139: 20,
                                140: 20,
                                141: 20,
                                142: 20,
                                143: 20,
                                144: 20,
                                145: 20,
                                146: 20,
                                147: 20,
                                148: 20,
                                149: 16.875,
                                150: 10,
                                151: 3.125,
                                152: 0,
                                153: 0,
                                154: 0,
                                155: 0,
                                156: 0,
                                157: 0,
                                158: 0,
                                159: 0,
                                160: 0,
                                161: 0,
                                162: 0,
                                163: 0,
                                164: 0,
                                165: 0,
                                166: 2.3333,
                                167: 6.6667,
                                168: 9,
                                169: 9,
                                170: 9,
                                171: 9,
                                172: 9,
                                173: 9,
                                174: 7.5938,
                                175: 4.5,
                                176: 1.4062,
                                177: 0,
                                178: 0,
                                179: 0,
                                180: 0,
                            }
                            double avars:tx.timeSamples = {
                                1: 0.08,
                                2: 0.08,
                                3: 0.08,
                                4: 0.08,
                                5: 0.08,
                                6: 0.08,
                                7: 0.08,
                                8: 0.08,
                                9: 0.08,
                                10: 0.08,
                                11: 0.08,
                                12: 0.08,
                                13: 0.08,
                                14: 0.08,
                                15: 0.08,
                                16: 0.08,
                                17: 0.08,
                                18: 0.08,
                                19: 0.08,
                                20: 0.08,
                                21: 0.08,
                                22: 0.08,
                                23: 0.08,
                                24: 0.08,
                                25: 0.08,
                                26: 0.08,
                                27: 0.08,
                                28: 0.08,
                                29: 0.08,
                                30: 0.08,
                                31: 0.0717,
                                32: 0.0518,
                                33: 0.0282,
                                34: 0.0083,
                                35: 0,
                                36: 0,
                                37: 0,
                                38: 0,
                                39: 0,
                                40: 0,
                                41: 0,
                                42: 0,
                                43: 0,
                                44: 0,
                                45: 0,
                                46: 0,
                                47: 0,
                                48: 0,
                                49: 0,
                                50: 0,
                                51: 0,
                                52: 0,
                                53: 0,
                                54: 0,
                                55: 0,
                                56: 0,
                                57: 0,
                                58: 0,
                                59: 0,
                                60: 0,
                                61: 0,
                                62: 0,
                                63: 0,
                                64: 0,
                                65: 0,
                                66: 0,
                                67: 0,
                                68: 0,
                                69: 0,
                                70: 0,
                                71: 0,
                                72: 0,
                                73: 0,
                                74: 0,
                                75: 0,
                                76: 0,
                                77: 0,
                                78: 0,
                                79: 0,
                                80: 0,
                                81: 0,
                                82: 0,
                                83: 0,
                                84: 0,
                                85: 0,
                                86: 0,
                                87: 0.066,
                                88: 0.228,
                                89: 0.432,
                                90: 0.624,
                                91: 0.75,
                                92: 0.7938,
                                93: 0.8,
                                94: 0.4,
                                95: 0,
                                96: 0,
                                97: 0,
                                98: 0,
                                99: 0,
                                100: 0,
                                101: 0,
                                102: 0,
                                103: 0,
                                104: 0,
                                105: 0,
                                106: 0,
                                107: 0,
                                108: 0,
                                109: 0,
                                110: 0,
                                111: 0,
                                112: 0,
                                113: 0,
                                114: 0,
                                115: 0,
                                116: 0,
                                117: 0,
                                118: 0,
                                119: 0.0703,
                                120: 0.225,
                                121: 0.3797,
                                122: 0.45,
                                123: 0.45,
                                124: 0.45,
                                125: 0.4499,
                                126: 0.4498,
                                127: 0.4496,
                                128: 0.4494,
                                129: 0.449,
                                130: 0.4485,
                                131: 0.4479,
                                132: 0.4472,
                                133: 0.4462,
                                134: 0.4451,
                                135: 0.4438,
                                136: 0.4422,
                                137: 0.4404,
                                138: 0.4383,
                                139: 0.436,
                                140: 0.4334,
                                141: 0.4305,
                                142: 0.4272,
                                143: 0.4237,
                                144: 0.4197,
                                145: 0.4154,
                                146: 0.4107,
                                147: 0.4056,
                                148: 0.4,
                                149: 0.3547,
                                150: 0.255,
                                151: 0.138,
                                152: 0.0407,
                                153: 0,
                                154: 0.0002,
                                155: 0.0008,
                                156: 0.0017,
                                157: 0.003,
                                158: 0.0045,
                                159: 0.0063,
                                160: 0.0083,
                                161: 0.0106,
                                162: 0.013,
                                163: 0.0155,
                                164: 0.0181,
                                165: 0.0209,
                                166: 0.0236,
                                167: 0.0264,
                                168: 0.0291,
                                169: 0.0319,
                                170: 0.0345,
                                171: 0.037,
                                172: 0.0394,
                                173: 0.0417,
                                174: 0.0437,
                                175: 0.0455,
                                176: 0.047,
                                177: 0.0483,
                                178: 0.0492,
                                179: 0.0498,
                                180: 0.05,
                            }
                            double avars:ty.timeSamples = {
                                1: 0,
                                2: 0,
                                3: 0,
                                4: 0,
                                5: 0,
                                6: 0,
                                7: 0,
                                8: 0,
                                9: 0,
                                10: 0,
                                11: 0,
                                12: 0,
                                13: 0,
                                14: 0,
                                15: 0,
                                16: 0,
                                17: 0,
                                18: -0.52,
                                19: -1,
                                20: -1,
                                21: -0.7236,
                                22: -0.3689,
                                23: -0.1195,
                                24: 0,
                                25: 0,
                                26: 0,
                                27: 0,
                                28: 0,
                                29: 0,
                                30: 0,
                                31: 0.0504,
                                32: 0.1496,
                                33: 0.22,
                                34: -0.2801,
                                35: -0.7536,
                                36: -0.7503,
                                37: -0.4636,
                                38: -0.0805,
                                39: 0.2036,
                                40: 0.34,
                                41: 0.312,
                                42: 0.247,
                                43: 0.1735,
                                44: 0.12,
                                45: 0.0875,
                                46: 0.0587,
                                47: 0.0345,
                                48: 0.016,
                                49: 0.0042,
                                50: 0,
                                51: 0,
                                52: 0,
                                53: 0,
                                54: 0,
                                55: 0,
                                56: 0,
                                57: 0,
                                58: 0,
                                59: 0,
                                60: 0,
                                61: 0,
                                62: 0,
                                63: 0,
                                64: 0,
                                65: 0,
                                66: 0,
                                67: 0,
                                68: 0,
                                69: 0,
                                70: 0,
                                71: 0,
                                72: 0,
                                73: 0,
                                74: 0,
                                75: 0,
                                76: 0,
                                77: -0.494,
                                78: -0.95,
                                79: -0.95,
                                80: -0.7671,
                                81: -0.4554,
                                82: -0.2508,
                                83: -0.0759,
                                84: 0,
                                85: 0,
                                86: 0,
                                87: -0.0394,
                                88: -0.13,
                                89: -0.2306,
                                90: -0.3,
                                91: -0.3281,
                                92: -0.3385,
                                93: -0.34,
                                94: 0.3025,
                                95: 1.05,
                                96: 1.12,
                                97: 1.1013,
                                98: 1.06,
                                99: 1.0188,
                                100: 1,
                                101: 1,
                                102: 1,
                                103: 1,
                                104: 1,
                                105: 1,
                                106: 1,
                                107: 1,
                                108: 1,
                                109: 1,
                                110: 1,
                                111: 1,
                                112: 1,
                                113: 1,
                                114: 1,
                                115: 0.8438,
                                116: 0.5,
                                117: 0.1562,
                                118: 0,
                                119: 0,
                                120: 0,
                                121: 0,
                                122: 0,
                                123: 0,
                                124: 0,
                                125: 0,
                                126: 0,
                                127: 0,
                                128: 0,
                                129: 0,
                                130: 0,
                                131: 0,
                                132: 0,
                                133: 0,
                                134: 0,
                                135: 0,
                                136: 0,
                                137: 0,
                                138: 0,
                                139: 0,
                                140: 0,
                                141: 0,
                                142: 0,
                                143: 0,
                                144: 0,
                                145: 0,
                                146: 0,
                                147: 0,
                                148: 0,
                                149: 0,
                                150: 0,
                                151: 0,
                                152: -0.52,
                                153: -1,
                                154: -1,
                                155: -0.8075,
                                156: -0.4794,
                                157: -0.264,
                                158: -0.0799,
                                159: 0,
                                160: 0,
                                161: 0,
                                162: 0,
                                163: 0,
                                164: 0,
                                165: 0,
                                166: -0.5,
                                167: -1,
                                168: -1,
                                169: -1,
                                170: -1,
                                171: -1,
                                172: -1,
                                173: -0.9062,
                                174: -0.6833,
                                175: -0.4188,
                                176: -0.2,
                                177: -0.0583,
                                178: 0,
                                179: 0,
                                180: 0,
                            }
                        }

                        over "FaceAngle_ctl"
                        {
                            double avars:rx.timeSamples = {
                                1: 2.4227,
                                2: 2.4192,
                                3: 2.4161,
                                4: 2.4135,
                                5: 2.4113,
                                6: 2.4096,
                                7: 2.4084,
                                8: 2.4077,
                                9: 2.4077,
                                10: 2.4082,
                                11: 2.4096,
                                12: 2.4117,
                                13: 2.4148,
                                14: 2.4188,
                                15: 2.424,
                                16: 2.4303,
                                17: 2.438,
                                18: 2.447,
                                19: 2.4576,
                                20: 2.4698,
                                21: 2.4837,
                                22: 2.4994,
                                23: 2.517,
                                24: 2.5366,
                                25: 2.5582,
                                26: 2.582,
                                27: 2.608,
                                28: 2.6638,
                                29: 2.7765,
                                30: 2.945,
                                31: 3.1684,
                                32: 3.588,
                                33: 4.1046,
                                34: 4.3562,
                                35: 4.0141,
                                36: 3.1562,
                                37: 2.0308,
                                38: 0.8864,
                                39: -0.0288,
                                40: -0.7059,
                                41: -1.2092,
                                42: -1.3999,
                                43: -1.2001,
                                44: -0.7398,
                                45: -0.1919,
                                46: 0.2707,
                                47: 0.475,
                                48: 0.4897,
                                49: 0.4859,
                                50: 0.4443,
                                51: 0.3454,
                                52: 0.17,
                                53: -0.939,
                                54: -2.9547,
                                55: -4.5706,
                                56: -5.3069,
                                57: -5.6437,
                                58: -5.7144,
                                59: -5.5482,
                                60: -5.162,
                                61: -4.6713,
                                62: -4.1912,
                                63: -3.8372,
                                64: -3.6376,
                                65: -3.5159,
                                66: -3.4293,
                                67: -3.3353,
                                68: -3.1913,
                                69: -2.9444,
                                70: -2.632,
                                71: -2.3468,
                                72: -2.1816,
                                73: -2.1252,
                                74: -2.0983,
                                75: -2.0916,
                                76: -2.0957,
                                77: -2.101,
                                78: -2.0982,
                                79: -2.0777,
                                80: -2.0301,
                                81: -1.9845,
                                82: -1.9494,
                                83: -1.8844,
                                84: -1.7491,
                                85: -1.5032,
                                86: -1.1061,
                                87: -0.1049,
                                88: 1.5731,
                                89: 3.3976,
                                90: 4.8383,
                                91: 5.7224,
                                92: 6.2386,
                                93: 6.3999,
                                94: 1.1258,
                                95: -6.0225,
                                96: -8.2699,
                                97: -8.6413,
                                98: -8.4364,
                                99: -7.9296,
                                100: -7.3081,
                                101: -6.759,
                                102: -6.4694,
                                103: -6.3872,
                                104: -6.3315,
                                105: -6.2968,
                                106: -6.2776,
                                107: -6.2683,
                                108: -6.2634,
                                109: -6.2575,
                                110: -6.245,
                                111: -6.2205,
                                112: -6.1784,
                                113: -6.1134,
                                114: -6.0199,
                                115: -5.7039,
                                116: -5.15,
                                117: -4.6207,
                                118: -4.3788,
                                119: -5.8199,
                                120: -8.5055,
                                121: -9.9469,
                                122: -9.0617,
                                123: -7.127,
                                124: -5.1928,
                                125: -4.3093,
                                126: -5.0516,
                                127: -6.6948,
                                128: -8.339,
                                129: -9.0843,
                                130: -8.3933,
                                131: -6.8785,
                                132: -5.365,
                                133: -4.6779,
                                134: -5.2109,
                                135: -6.3829,
                                136: -7.5563,
                                137: -8.0936,
                                138: -7.6636,
                                139: -6.7099,
                                140: -5.7577,
                                141: -5.3317,
                                142: -5.6258,
                                143: -6.2585,
                                144: -6.8924,
                                145: -7.1897,
                                146: -7.1987,
                                147: -7.1604,
                                148: -7.0268,
                                149: -6.7497,
                                150: -6.281,
                                151: -4.0117,
                                152: -0.4091,
                                153: 1.4602,
                                154: 1.0778,
                                155: 0.3847,
                                156: 0.0032,
                                157: 0.0373,
                                158: 0.1442,
                                159: 0.2761,
                                160: 0.385,
                                161: 0.4232,
                                162: 0.4075,
                                163: 0.3746,
                                164: 0.3057,
                                165: 0.1822,
                                166: -0.2632,
                                167: -1.0979,
                                168: -2.0412,
                                169: -2.8123,
                                170: -3.1302,
                                171: -3.0481,
                                172: -2.8617,
                                173: -2.6533,
                                174: -2.5055,
                                175: -2.4242,
                                176: -2.3589,
                                177: -2.3074,
                                178: -2.2675,
                                179: -2.2372,
                                180: -2.2143,
                            }
                            double avars:ry.timeSamples = {
                                1: -10.9995,
                                2: -11.0236,
                                3: -11.0704,
                                4: -11.1361,
                                5: -11.2171,
                                6: -11.3097,
                                7: -11.4103,
                                8: -11.5151,
                                9: -11.6206,
                                10: -11.723,
                                11: -11.8188,
                                12: -11.9043,
                                13: -11.9759,
                                14: -12.03,
                                15: -12.0631,
                                16: -12.0716,
                                17: -12.0518,
                                18: -12.0062,
                                19: -11.9402,
                                20: -11.8593,
                                21: -11.7689,
                                22: -11.6746,
                                23: -11.5818,
                                24: -11.496,
                                25: -11.4227,
                                26: -11.3676,
                                27: -11.3361,
                                28: -11.5054,
                                29: -11.8994,
                                30: -12.2931,
                                31: -12.4616,
                                32: -11.7811,
                                33: -10.1098,
                                34: -7.946,
                                35: -5.788,
                                36: -3.4459,
                                37: -0.819,
                                38: 1.4603,
                                39: 3.0442,
                                40: 3.6868,
                                41: 3.4276,
                                42: 2.7924,
                                43: 2.0307,
                                44: 1.392,
                                45: 1.1258,
                                46: 1.1346,
                                47: 1.1582,
                                48: 1.2024,
                                49: 1.2727,
                                50: 1.375,
                                51: 1.5148,
                                52: 1.6981,
                                53: 2.0356,
                                54: 2.5361,
                                55: 3.0523,
                                56: 3.437,
                                57: 3.6473,
                                58: 3.7716,
                                59: 3.8592,
                                60: 3.9595,
                                61: 4.1219,
                                62: 4.3924,
                                63: 4.7438,
                                64: 5.1157,
                                65: 5.4476,
                                66: 5.679,
                                67: 5.7497,
                                68: 5.6366,
                                69: 5.4085,
                                70: 5.1424,
                                71: 4.9153,
                                72: 4.8041,
                                73: 4.7817,
                                74: 4.7707,
                                75: 4.7726,
                                76: 4.7889,
                                77: 4.8211,
                                78: 4.8706,
                                79: 4.939,
                                80: 5.0277,
                                81: 5.182,
                                82: 5.4147,
                                83: 5.6782,
                                84: 5.9249,
                                85: 6.1073,
                                86: 6.1778,
                                87: 5.7759,
                                88: 4.8084,
                                89: 3.629,
                                90: 2.5912,
                                91: 1.8459,
                                92: 1.1409,
                                93: 0.2246,
                                94: -1.3778,
                                95: -2.9433,
                                96: -3.6871,
                                97: -3.9044,
                                98: -3.6328,
                                99: -3.0599,
                                100: -2.6355,
                                101: -2.2933,
                                102: -1.7701,
                                103: -2.7347,
                                104: -1.7862,
                                105: -2.2471,
                                106: -2.5374,
                                107: -1.6929,
                                108: -2.7299,
                                109: -2.0902,
                                110: -2.1123,
                                111: -2.6292,
                                112: -2.0406,
                                113: -2.4025,
                                114: -2.303,
                                115: -2.0638,
                                116: -1.4605,
                                117: -0.5301,
                                118: 0.6762,
                                119: 2.9057,
                                120: 5.6572,
                                121: 7.0069,
                                122: 6.8292,
                                123: 6.4718,
                                124: 6.2209,
                                125: 6.12,
                                126: 6.0212,
                                127: 5.9244,
                                128: 5.8293,
                                129: 5.7356,
                                130: 5.6432,
                                131: 5.5519,
                                132: 5.4614,
                                133: 5.3716,
                                134: 5.2824,
                                135: 5.1934,
                                136: 5.1047,
                                137: 5.0159,
                                138: 4.9271,
                                139: 4.8379,
                                140: 4.7483,
                                141: 4.6581,
                                142: 4.5672,
                                143: 4.4753,
                                144: 4.3824,
                                145: 4.2882,
                                146: 4.1925,
                                147: 4.1274,
                                148: 4.0786,
                                149: 3.977,
                                150: 3.7536,
                                151: 2.6283,
                                152: 0.7266,
                                153: -0.6626,
                                154: -1.1578,
                                155: -1.3405,
                                156: -1.3662,
                                157: -1.2325,
                                158: -0.9054,
                                159: -0.4929,
                                160: -0.1031,
                                161: 0.156,
                                162: 0.2518,
                                163: 0.2737,
                                164: 0.2967,
                                165: 0.3955,
                                166: 0.8156,
                                167: 1.5844,
                                168: 2.4497,
                                169: 3.1595,
                                170: 3.4615,
                                171: 3.3378,
                                172: 3.0807,
                                173: 2.9035,
                                174: 2.8472,
                                175: 2.8088,
                                176: 2.7855,
                                177: 2.7742,
                                178: 2.7721,
                                179: 2.7762,
                                180: 2.7836,
                            }
                        }

                        over "Fx_ctl"
                        {
                            double avars:tx.timeSamples = {
                                1: 0,
                                2: 0,
                                3: 0,
                                4: 0,
                                5: 0,
                                6: 0,
                                7: 0,
                                8: 0,
                                9: 0,
                                10: 0,
                                11: 0,
                                12: 0,
                                13: 0,
                                14: 0,
                                15: 0,
                                16: 0,
                                17: 0,
                                18: 0,
                                19: 0,
                                20: 0,
                                21: 0,
                                22: 0,
                                23: 0,
                                24: 0,
                                25: 0,
                                26: 0,
                                27: 0,
                                28: 0,
                                29: 0,
                                30: 0,
                                31: 0,
                                32: 0,
                                33: 0,
                                34: 0,
                                35: 0,
                                36: 0,
                                37: 0,
                                38: 0,
                                39: 0,
                                40: 0,
                                41: 0,
                                42: 0,
                                43: 0,
                                44: 0,
                                45: 0,
                                46: 0,
                                47: 0,
                                48: 0,
                                49: 0,
                                50: 0,
                                51: 0,
                                52: 0,
                                53: 0,
                                54: 0,
                                55: 0,
                                56: 0,
                                57: 0,
                                58: 0,
                                59: 0,
                                60: 0,
                                61: 0,
                                62: 0,
                                63: 0,
                                64: 0,
                                65: 0,
                                66: 0,
                                67: 0,
                                68: 0,
                                69: 0,
                                70: 0,
                                71: 0,
                                72: 0,
                                73: 0,
                                74: 0,
                                75: 0,
                                76: 0,
                                77: 0,
                                78: 0,
                                79: 0,
                                80: 0,
                                81: 0,
                                82: 0,
                                83: 0,
                                84: 0,
                                85: 0,
                                86: 0,
                                87: 0,
                                88: 0,
                                89: 0,
                                90: 0,
                                91: 0,
                                92: 0,
                                93: 0,
                                94: 0,
                                95: 0,
                                96: 0,
                                97: 0,
                                98: 0,
                                99: 0,
                                100: 0,
                                101: 0,
                                102: 0,
                                103: 0,
                                104: 0,
                                105: 0,
                                106: 0,
                                107: 0,
                                108: 0,
                                109: 0,
                                110: 0,
                                111: 0,
                                112: 0,
                                113: 0,
                                114: 0,
                                115: 0,
                                116: 0,
                                117: 0,
                                118: 0,
                                119: 0,
                                120: 0,
                                121: 0,
                                122: 0.1719,
                                123: 0.55,
                                124: 0.9281,
                                125: 1.1,
                                126: 1.0759,
                                127: 1.0295,
                                128: 1,
                                129: 0.9927,
                                130: 0.9866,
                                131: 0.9816,
                                132: 0.9776,
                                133: 0.9744,
                                134: 0.9718,
                                135: 0.9698,
                                136: 0.9681,
                                137: 0.9666,
                                138: 0.9652,
                                139: 0.9637,
                                140: 0.962,
                                141: 0.96,
                                142: 0.9574,
                                143: 0.9541,
                                144: 0.95,
                                145: 0.9449,
                                146: 0.9388,
                                147: 0.9313,
                                148: 0.9225,
                                149: 0.9121,
                                150: 0.9,
                                151: 0.8865,
                                152: 0.8721,
                                153: 0.8568,
                                154: 0.8406,
                                155: 0.8237,
                                156: 0.8061,
                                157: 0.7878,
                                158: 0.7689,
                                159: 0.7495,
                                160: 0.7295,
                                161: 0.7092,
                                162: 0.6884,
                                163: 0.6673,
                                164: 0.646,
                                165: 0.6244,
                                166: 0.6027,
                                167: 0.5809,
                                168: 0.559,
                                169: 0.5372,
                                170: 0.5154,
                                171: 0.4937,
                                172: 0.4722,
                                173: 0.4509,
                                174: 0.4299,
                                175: 0.4093,
                                176: 0.3891,
                                177: 0.3693,
                                178: 0.35,
                                179: 0.3352,
                                180: 0.33,
                            }
                            double avars:ty.timeSamples = {
                                1: 0,
                                2: 0,
                                3: 0,
                                4: 0,
                                5: 0,
                                6: 0,
                                7: 0,
                                8: 0,
                                9: 0,
                                10: 0,
                                11: 0,
                                12: 0,
                                13: 0,
                                14: 0,
                                15: 0,
                                16: 0,
                                17: 0,
                                18: 0,
                                19: 0,
                                20: 0,
                                21: 0,
                                22: 0,
                                23: 0,
                                24: 0,
                                25: 0,
                                26: 0,
                                27: 0,
                                28: 0,
                                29: 0,
                                30: 0,
                                31: 0,
                                32: 0,
                                33: 0,
                                34: 0,
                                35: 0,
                                36: 0,
                                37: 0,
                                38: 0,
                                39: 0,
                                40: 0,
                                41: 0,
                                42: 0,
                                43: 0,
                                44: 0,
                                45: 0,
                                46: 0,
                                47: 0,
                                48: 0,
                                49: 0,
                                50: 0,
                                51: 0,
                                52: 0,
                                53: 0,
                                54: 0,
                                55: 0,
                                56: 0,
                                57: 0,
                                58: 0,
                                59: 0,
                                60: 0,
                                61: 0,
                                62: 0,
                                63: 0,
                                64: 0,
                                65: 0,
                                66: 0,
                                67: 0,
                                68: 0,
                                69: 0,
                                70: 0,
                                71: 0,
                                72: 0,
                                73: 0,
                                74: 0,
                                75: 0,
                                76: 0,
                                77: 0,
                                78: 0,
                                79: 0,
                                80: 0,
                                81: 0,
                                82: 0,
                                83: 0,
                                84: 0,
                                85: 0,
                                86: 0,
                                87: 0,
                                88: 0,
                                89: 0,
                                90: 0,
                                91: 0,
                                92: 0,
                                93: 0,
                                94: 0,
                                95: 0,
                                96: 0.59,
                                97: 1.18,
                                98: 1.09,
                                99: 1,
                                100: 1,
                                101: 1,
                                102: 1,
                                103: 1,
                                104: 1,
                                105: 1,
                                106: 1,
                                107: 1,
                                108: 1,
                                109: 1,
                                110: 1,
                                111: 1,
                                112: 1,
                                113: 1,
                                114: 1,
                                115: 1,
                                116: 1,
                                117: 0.7407,
                                118: 0.2593,
                                119: 0,
                                120: 0,
                                121: 0,
                                122: 0,
                                123: 0,
                                124: 0,
                                125: 0,
                                126: 0,
                                127: 0,
                                128: 0,
                                129: 0,
                                130: 0,
                                131: 0,
                                132: 0,
                                133: 0,
                                134: 0,
                                135: 0,
                                136: 0,
                                137: 0,
                                138: 0,
                                139: 0,
                                140: 0,
                                141: 0,
                                142: 0,
                                143: 0,
                                144: 0,
                                145: 0,
                                146: 0,
                                147: 0,
                                148: 0,
                                149: 0,
                                150: 0,
                                151: 0,
                                152: 0,
                                153: 0,
                                154: 0,
                                155: 0,
                                156: 0,
                                157: 0,
                                158: 0,
                                159: 0,
                                160: 0,
                                161: 0,
                                162: 0,
                                163: 0,
                                164: 0,
                                165: 0,
                                166: 0,
                                167: 0,
                                168: 0,
                                169: 0,
                                170: 0,
                                171: 0,
                                172: 0,
                                173: 0,
                                174: 0,
                                175: 0,
                                176: 0,
                                177: 0,
                                178: 0,
                                179: 0,
                                180: 0,
                            }
                            double avars:tz.timeSamples = {
                                1: 0,
                                2: 0,
                                3: 0,
                                4: 0,
                                5: 0,
                                6: 0,
                                7: 0,
                                8: 0,
                                9: 0,
                                10: 0,
                                11: 0,
                                12: 0,
                                13: 0,
                                14: 0,
                                15: 0,
                                16: 0,
                                17: 0,
                                18: 0,
                                19: 0,
                                20: 0,
                                21: 0,
                                22: 0,
                                23: 0,
                                24: 0,
                                25: 0,
                                26: 0,
                                27: 0,
                                28: 0,
                                29: 0,
                                30: 0,
                                31: 0,
                                32: 0,
                                33: 0,
                                34: 0,
                                35: 0,
                                36: 0,
                                37: 0,
                                38: 0,
                                39: 0,
                                40: 0,
                                41: 0,
                                42: 0,
                                43: 0,
                                44: 0,
                                45: 0,
                                46: 0,
                                47: 0,
                                48: 0,
                                49: 0,
                                50: 0,
                                51: 0,
                                52: 0,
                                53: 0,
                                54: 0,
                                55: 0,
                                56: 0,
                                57: 0,
                                58: 0,
                                59: 0,
                                60: 0,
                                61: 0,
                                62: 0,
                                63: 0,
                                64: 0,
                                65: 0,
                                66: 0,
                                67: 0,
                                68: 0,
                                69: 0,
                                70: 0,
                                71: 0,
                                72: 0,
                                73: 0,
                                74: 0,
                                75: 0,
                                76: 0,
                                77: 0,
                                78: 0,
                                79: 0,
                                80: 0,
                                81: 0,
                                82: 0,
                                83: 0,
                                84: 0,
                                85: 0,
                                86: 0,
                                87: 0,
                                88: 0,
                                89: 0,
                                90: 0,
                                91: 0,
                                92: 0,
                                93: 0,
                                94: 0,
                                95: 0,
                                96: 0,
                                97: 0,
                                98: 0,
                                99: 0.2361,
                                100: 0.5,
                                101: 0.5544,
                                102: 0.6066,
                                103: 0.6562,
                                104: 0.7031,
                                105: 0.7473,
                                106: 0.7884,
                                107: 0.8264,
                                108: 0.8611,
                                109: 0.8923,
                                110: 0.9199,
                                111: 0.9437,
                                112: 0.9635,
                                113: 0.9792,
                                114: 0.9907,
                                115: 0.9976,
                                116: 1,
                                117: 0.5,
                                118: 0,
                                119: 0,
                                120: 0,
                                121: 0,
                                122: 0,
                                123: 0,
                                124: 0,
                                125: 0,
                                126: 0,
                                127: 0,
                                128: 0,
                                129: 0,
                                130: 0,
                                131: 0,
                                132: 0,
                                133: 0,
                                134: 0,
                                135: 0,
                                136: 0,
                                137: 0,
                                138: 0,
                                139: 0,
                                140: 0,
                                141: 0,
                                142: 0,
                                143: 0,
                                144: 0,
                                145: 0,
                                146: 0,
                                147: 0,
                                148: 0,
                                149: 0,
                                150: 0,
                                151: 0,
                                152: 0,
                                153: 0,
                                154: 0,
                                155: 0,
                                156: 0,
                                157: 0,
                                158: 0,
                                159: 0,
                                160: 0,
                                161: 0,
                                162: 0,
                                163: 0,
                                164: 0,
                                165: 0,
                                166: 0,
                                167: 0,
                                168: 0,
                                169: 0,
                                170: 0,
                                171: 0,
                                172: 0,
                                173: 0,
                                174: 0,
                                175: 0,
                                176: 0,
                                177: 0,
                                178: 0,
                                179: 0,
                                180: 0,
                            }
                        }

                        over "Look_ctl"
                        {
                            double avars:tx.timeSamples = {
                                1: -0.62,
                                2: -0.62,
                                3: -0.62,
                                4: -0.62,
                                5: -0.62,
                                6: -0.62,
                                7: -0.62,
                                8: -0.62,
                                9: -0.62,
                                10: -0.62,
                                11: -0.55,
                                12: -0.48,
                                13: -0.5,
                                14: -0.5005,
                                15: -0.5018,
                                16: -0.504,
                                17: -0.5069,
                                18: -0.5106,
                                19: -0.515,
                                20: -0.52,
                                21: -0.5267,
                                22: -0.5354,
                                23: -0.5452,
                                24: -0.5553,
                                25: -0.5648,
                                26: -0.5726,
                                27: -0.578,
                                28: -0.58,
                                29: -0.58,
                                30: -0.58,
                                31: -0.22,
                                32: 0.14,
                                33: 0.095,
                                34: 0.05,
                                35: 0.0497,
                                36: 0.0487,
                                37: 0.0472,
                                38: 0.0453,
                                39: 0.043,
                                40: 0.0405,
                                41: 0.0378,
                                42: 0.035,
                                43: 0.0322,
                                44: 0.0295,
                                45: 0.042,
                                46: 0.0547,
                                47: 0.0528,
                                48: 0.0513,
                                49: 0.0503,
                                50: 0.035,
                                51: 0.0217,
                                52: 0.0262,
                                53: 0.033,
                                54: 0.0411,
                                55: 0.05,
                                56: 0.0589,
                                57: 0.067,
                                58: 0.0738,
                                59: 0.0783,
                                60: 0.08,
                                61: 0.0797,
                                62: 0.0789,
                                63: 0.0776,
                                64: 0.0585,
                                65: 0.0392,
                                66: 0.0371,
                                67: 0.035,
                                68: 0.0329,
                                69: 0.0483,
                                70: 0.064,
                                71: 0.0624,
                                72: 0.0611,
                                73: 0.0603,
                                74: 0.06,
                                75: 0.06,
                                76: 0.06,
                                77: 0.4,
                                78: 0.74,
                                79: 0.72,
                                80: 0.7,
                                81: 0.6979,
                                82: 0.693,
                                83: 0.687,
                                84: 0.6821,
                                85: 0.68,
                                86: 0.3575,
                                87: 0.02,
                                88: 0.0025,
                                89: 0,
                                90: 0,
                                91: 0,
                                92: 0,
                                93: 0,
                                94: 0,
                                95: 0,
                                96: 0,
                                97: 0,
                                98: 0,
                                99: 0,
                                100: 0,
                                101: 0,
                                102: 0,
                                103: 0,
                                104: 0,
                                105: 0.02,
                                106: 0.04,
                                107: 0.04,
                                108: 0.04,
                                109: 0.04,
                                110: 0,
                                111: -0.04,
                                112: -0.04,
                                113: -0.04,
                                114: -0.04,
                                115: -0.02,
                                116: 0,
                                117: 0,
                                118: 0,
                                119: 0,
                                120: 0,
                                121: 0,
                                122: 0,
                                123: 0,
                                124: 0,
                                125: 0,
                                126: 0,
                                127: 0,
                                128: 0,
                                129: 0,
                                130: 0,
                                131: 0,
                                132: 0,
                                133: 0,
                                134: 0,
                                135: 0,
                                136: 0,
                                137: 0,
                                138: 0,
                                139: 0,
                                140: 0,
                                141: 0,
                                142: 0,
                                143: 0,
                                144: 0,
                                145: 0,
                                146: 0,
                                147: 0,
                                148: 0,
                                149: 0,
                                150: 0,
                                151: 0,
                                152: 0,
                                153: 0,
                                154: 0,
                                155: 0,
                                156: -0.15,
                                157: -0.3,
                                158: -0.28,
                                159: -0.28,
                                160: -0.28,
                                161: -0.28,
                                162: -0.11,
                                163: 0.06,
                                164: 0.05,
                                165: 0.04,
                                166: 0.04,
                                167: 0.04,
                                168: 0.04,
                                169: 0.04,
                                170: 0.04,
                                171: 0.04,
                                172: 0.04,
                                173: 0.025,
                                174: 0.01,
                                175: 0.01,
                                176: 0.01,
                                177: 0.01,
                                178: 0.025,
                                179: 0.04,
                                180: 0.04,
                            }
                            double avars:ty.timeSamples = {
                                1: -0.18,
                                2: -0.18,
                                3: -0.18,
                                4: -0.18,
                                5: -0.18,
                                6: -0.18,
                                7: -0.18,
                                8: -0.18,
                                9: -0.18,
                                10: -0.18,
                                11: -0.18,
                                12: -0.18,
                                13: -0.18,
                                14: -0.18,
                                15: -0.18,
                                16: -0.18,
                                17: -0.18,
                                18: -0.18,
                                19: -0.18,
                                20: -0.18,
                                21: -0.18,
                                22: -0.18,
                                23: -0.18,
                                24: -0.18,
                                25: -0.18,
                                26: -0.18,
                                27: -0.18,
                                28: -0.18,
                                29: -0.18,
                                30: -0.18,
                                31: -0.07,
                                32: 0.04,
                                33: 0.02,
                                34: 0,
                                35: -0.0006,
                                36: -0.0021,
                                37: -0.0047,
                                38: -0.0081,
                                39: -0.0124,
                                40: -0.0173,
                                41: -0.0229,
                                42: -0.029,
                                43: -0.0356,
                                44: -0.0425,
                                45: -0.0498,
                                46: -0.0572,
                                47: -0.0648,
                                48: -0.0724,
                                49: -0.08,
                                50: -0.0875,
                                51: -0.0947,
                                52: -0.1017,
                                53: -0.1083,
                                54: -0.1144,
                                55: -0.12,
                                56: -0.1255,
                                57: -0.1314,
                                58: -0.1375,
                                59: -0.1437,
                                60: -0.1498,
                                61: -0.1558,
                                62: -0.1613,
                                63: -0.1665,
                                64: -0.171,
                                65: -0.1747,
                                66: -0.1776,
                                67: -0.1794,
                                68: -0.18,
                                69: -0.1766,
                                70: -0.1675,
                                71: -0.1547,
                                72: -0.14,
                                73: -0.1253,
                                74: -0.1125,
                                75: -0.1034,
                                76: -0.1,
                                77: -0.01,
                                78: 0.08,
                                79: 0.0792,
                                80: 0.077,
                                81: 0.0735,
                                82: 0.0689,
                                83: 0.0634,
                                84: 0.057,
                                85: 0.05,
                                86: 0.0385,
                                87: 0.0224,
                                88: 0.0076,
                                89: 0,
                                90: -0.0021,
                                91: -0.0042,
                                92: -0.0063,
                                93: -0.0084,
                                94: -0.0105,
                                95: -0.0126,
                                96: -0.0147,
                                97: -0.0168,
                                98: -0.0189,
                                99: -0.021,
                                100: -0.0231,
                                101: -0.0252,
                                102: -0.0273,
                                103: -0.0294,
                                104: -0.0314,
                                105: -0.0335,
                                106: -0.0355,
                                107: -0.0376,
                                108: -0.0396,
                                109: -0.0416,
                                110: -0.0436,
                                111: -0.0456,
                                112: -0.0476,
                                113: -0.0495,
                                114: -0.0514,
                                115: -0.0533,
                                116: -0.0552,
                                117: -0.0571,
                                118: -0.0589,
                                119: -0.0607,
                                120: -0.0625,
                                121: -0.0643,
                                122: -0.066,
                                123: -0.0677,
                                124: -0.0694,
                                125: -0.071,
                                126: -0.0726,
                                127: -0.0742,
                                128: -0.0757,
                                129: -0.0772,
                                130: -0.0787,
                                131: -0.0801,
                                132: -0.0815,
                                133: -0.0828,
                                134: -0.0841,
                                135: -0.0854,
                                136: -0.0866,
                                137: -0.0878,
                                138: -0.0889,
                                139: -0.09,
                                140: -0.091,
                                141: -0.092,
                                142: -0.0929,
                                143: -0.0938,
                                144: -0.0946,
                                145: -0.0954,
                                146: -0.0961,
                                147: -0.0968,
                                148: -0.0974,
                                149: -0.0979,
                                150: -0.0984,
                                151: -0.0988,
                                152: -0.0992,
                                153: -0.0995,
                                154: -0.0997,
                                155: -0.0999,
                                156: -0.1,
                                157: -0.1,
                                158: -0.0926,
                                159: -0.0741,
                                160: -0.05,
                                161: -0.0259,
                                162: -0.0074,
                                163: 0,
                                164: 0,
                                165: 0,
                                166: 0,
                                167: 0,
                                168: 0,
                                169: 0,
                                170: 0,
                                171: 0,
                                172: 0,
                                173: 0,
                                174: 0,
                                175: 0,
                                176: 0,
                                177: 0,
                                178: 0,
                                179: 0,
                                180: 0,
                            }
                            double avars:tz.timeSamples = {
                                1: 0,
                                2: 0,
                                3: 0,
                                4: 0,
                                5: 0,
                                6: 0,
                                7: 0,
                                8: 0,
                                9: 0,
                                10: 0,
                                11: 0,
                                12: 0,
                                13: 0,
                                14: 0,
                                15: 0,
                                16: 0,
                                17: 0,
                                18: 0,
                                19: 0,
                                20: 0,
                                21: 0,
                                22: 0,
                                23: 0,
                                24: 0,
                                25: 0,
                                26: 0,
                                27: 0,
                                28: 0,
                                29: 0,
                                30: 0,
                                31: 0,
                                32: 0,
                                33: 0,
                                34: 0,
                                35: 0,
                                36: 0,
                                37: 0,
                                38: 0,
                                39: 0,
                                40: 0,
                                41: 0,
                                42: 0,
                                43: 0,
                                44: 0,
                                45: 0,
                                46: 0,
                                47: 0,
                                48: 0,
                                49: 0,
                                50: 0,
                                51: 0,
                                52: 0,
                                53: 0,
                                54: 0,
                                55: 0,
                                56: 0,
                                57: 0,
                                58: 0,
                                59: 0,
                                60: 0,
                                61: 0,
                                62: 0,
                                63: 0,
                                64: 0,
                                65: 0,
                                66: 0,
                                67: 0,
                                68: 0,
                                69: 0,
                                70: 0,
                                71: 0,
                                72: 0,
                                73: 0,
                                74: 0,
                                75: 0,
                                76: 0,
                                77: 0,
                                78: 0,
                                79: 0,
                                80: 0,
                                81: 0,
                                82: 0,
                                83: 0,
                                84: 0,
                                85: 0,
                                86: 0,
                                87: 0,
                                88: 0,
                                89: 0,
                                90: 0,
                                91: 0,
                                92: 0,
                                93: 0,
                                94: 0.425,
                                95: 0.85,
                                96: 0.785,
                                97: 0.72,
                                98: 0.72,
                                99: 0.72,
                                100: 0.72,
                                101: 0.72,
                                102: 0.72,
                                103: 0.72,
                                104: 0.72,
                                105: 0.72,
                                106: 0.72,
                                107: 0.72,
                                108: 0.72,
                                109: 0.72,
                                110: 0.72,
                                111: 0.72,
                                112: 0.72,
                                113: 0.72,
                                114: 0.72,
                                115: 0.6451,
                                116: 0.4666,
                                117: 0.2534,
                                118: 0.0749,
                                119: 0,
                                120: 0,
                                121: 0,
                                122: 0,
                                123: 0,
                                124: 0,
                                125: 0,
                                126: 0,
                                127: 0,
                                128: 0,
                                129: 0,
                                130: 0,
                                131: 0,
                                132: 0,
                                133: 0,
                                134: 0,
                                135: 0,
                                136: 0,
                                137: 0,
                                138: 0,
                                139: 0,
                                140: 0,
                                141: 0,
                                142: 0,
                                143: 0,
                                144: 0,
                                145: 0,
                                146: 0,
                                147: 0,
                                148: 0,
                                149: 0,
                                150: 0,
                                151: 0,
                                152: 0,
                                153: 0,
                                154: 0,
                                155: 0,
                                156: 0,
                                157: 0,
                                158: 0,
                                159: 0,
                                160: 0,
                                161: 0,
                                162: 0,
                                163: 0,
                                164: 0,
                                165: 0,
                                166: 0,
                                167: 0,
                                168: 0,
                                169: 0,
                                170: 0,
                                171: 0,
                                172: 0,
                                173: 0,
                                174: 0,
                                175: 0,
                                176: 0,
                                177: 0,
                                178: 0,
                                179: 0,
                                180: 0,
                            }
                        }

                        over "Mouth_ctl"
                        {
                            double avars:rx.timeSamples = {
                                1: 0,
                                2: 0,
                                3: 0,
                                4: 0,
                                5: 0,
                                6: 0,
                                7: 0,
                                8: 0,
                                9: 0,
                                10: 0,
                                11: 0,
                                12: 0,
                                13: 0,
                                14: 0,
                                15: 0,
                                16: 0,
                                17: 0,
                                18: 0,
                                19: 0,
                                20: 0,
                                21: 0,
                                22: 0,
                                23: 0,
                                24: 0,
                                25: 0,
                                26: 0,
                                27: 0,
                                28: 0,
                                29: 0,
                                30: 0,
                                31: 0,
                                32: 0,
                                33: 0,
                                34: 0,
                                35: 0,
                                36: 0,
                                37: 1.0938,
                                38: 3.5,
                                39: 5.9062,
                                40: 7,
                                41: 6.875,
                                42: 6.5,
                                43: 5.875,
                                44: 5,
                                45: 3.2593,
                                46: 1.0741,
                                47: 0,
                                48: 0,
                                49: 0,
                                50: 0,
                                51: 0,
                                52: 0,
                                53: 12.5,
                                54: 25,
                                55: 23.5037,
                                56: 20.2296,
                                57: 17,
                                58: 13.85,
                                59: 12,
                                60: 19,
                                61: 26,
                                62: 24.625,
                                63: 20,
                                64: 8.375,
                                65: 0,
                                66: 0,
                                67: 0,
                                68: 0,
                                69: 0,
                                70: 0,
                                71: 0,
                                72: 0,
                                73: 0,
                                74: 0,
                                75: 0,
                                76: 0,
                                77: 0,
                                78: 0,
                                79: 0,
                                80: 0,
                                81: 0,
                                82: 0,
                                83: 0,
                                84: 0,
                                85: 0,
                                86: 0,
                                87: 0,
                                88: 0,
                                89: 0,
                                90: 0,
                                91: 0,
                                92: 0,
                                93: 0,
                                94: 0,
                                95: 5,
                                96: 10,
                                97: 9.9942,
                                98: 9.9534,
                                99: 9.8426,
                                100: 9.6268,
                                101: 9.2711,
                                102: 8.7405,
                                103: 8,
                                104: 4.7857,
                                105: 2,
                                106: 4.5926,
                                107: 9.4074,
                                108: 12,
                                109: 10.4444,
                                110: 7.5556,
                                111: 6,
                                112: 8,
                                113: 10,
                                114: 8.963,
                                115: 7.037,
                                116: 6,
                                117: 9.9,
                                118: 16,
                                119: 21.0667,
                                120: 25.8667,
                                121: 28,
                                122: 24.6296,
                                123: 18.3704,
                                124: 15,
                                125: 20.5,
                                126: 26,
                                127: 22.6296,
                                128: 16.3704,
                                129: 13,
                                130: 18,
                                131: 23,
                                132: 19.8889,
                                133: 14.1111,
                                134: 11,
                                135: 15,
                                136: 19,
                                137: 16.4074,
                                138: 11.5926,
                                139: 9,
                                140: 12,
                                141: 15,
                                142: 13,
                                143: 9,
                                144: 6,
                                145: 4.9844,
                                146: 4.625,
                                147: 4.4531,
                                148: 4,
                                149: 2.9531,
                                150: 1.625,
                                151: 0.4844,
                                152: 0,
                                153: 0,
                                154: 0,
                                155: 0,
                                156: 0,
                                157: 0,
                                158: 0,
                                159: 0,
                                160: 0,
                                161: 0,
                                162: 0,
                                163: 0,
                                164: 0,
                                165: 0,
                                166: 0,
                                167: 0,
                                168: 0,
                                169: 0,
                                170: 0,
                                171: 0,
                                172: 0,
                                173: 0,
                                174: 0,
                                175: 0,
                                176: 0,
                                177: 0,
                                178: 0,
                                179: 0,
                                180: 0,
                            }
                            double avars:ry.timeSamples = {
                                1: 0,
                                2: 0,
                                3: 0,
                                4: 0,
                                5: 0,
                                6: 0,
                                7: 0,
                                8: 0,
                                9: 0,
                                10: 0,
                                11: 0,
                                12: 0,
                                13: 0,
                                14: 0,
                                15: 0,
                                16: 0,
                                17: 0,
                                18: 0,
                                19: 0,
                                20: 0,
                                21: 0,
                                22: 0,
                                23: 0,
                                24: 0,
                                25: 0,
                                26: 0,
                                27: 0,
                                28: 0,
                                29: 0,
                                30: 0,
                                31: 0,
                                32: 0,
                                33: 0,
                                34: 0,
                                35: 0,
                                36: 0,
                                37: 0,
                                38: 0,
                                39: 0,
                                40: 0,
                                41: 0,
                                42: 0,
                                43: 0,
                                44: 0,
                                45: 0,
                                46: 0,
                                47: 0,
                                48: 0,
                                49: 0,
                                50: 0,
                                51: 0,
                                52: 0,
                                53: 2,
                                54: 4,
                                55: 3.8126,
                                56: 3.2777,
                                57: 2.4366,
                                58: 1.3303,
                                59: 0,
                                60: -3.3571,
                                61: -6,
                                62: -5.0625,
                                63: -3,
                                64: -0.9375,
                                65: 0,
                                66: 0,
                                67: 0,
                                68: 0,
                                69: 0,
                                70: 0,
                                71: 0,
                                72: 0,
                                73: 0,
                                74: 0,
                                75: 0,
                                76: 0,
                                77: 0,
                                78: 0,
                                79: 0,
                                80: 0,
                                81: 0,
                                82: 0,
                                83: 0,
                                84: 0,
                                85: 0,
                                86: 0,
                                87: 0,
                                88: 0,
                                89: 0,
                                90: 0,
                                91: 0,
                                92: 0,
                                93: 0,
                                94: 0,
                                95: 0,
                                96: 0,
                                97: 0,
                                98: 0,
                                99: 0,
                                100: 0,
                                101: 0,
                                102: 0,
                                103: 0,
                                104: 8,
                                105: 16,
                                106: 9.875,
                                107: 0,
                                108: -8.875,
                                109: -14,
                                110: -13.125,
                                111: -10,
                                112: -1.875,
                                113: 4,
                                114: 3.584,
                                115: 2.592,
                                116: 1.408,
                                117: 0.416,
                                118: 0,
                                119: 1.5556,
                                120: 4.4444,
                                121: 6,
                                122: 6,
                                123: 6,
                                124: 6,
                                125: 6,
                                126: 6,
                                127: 6,
                                128: 6,
                                129: 6,
                                130: 6,
                                131: 6,
                                132: 6,
                                133: 6,
                                134: 6,
                                135: 6,
                                136: 6,
                                137: 6,
                                138: 6,
                                139: 6,
                                140: 6,
                                141: 6,
                                142: 6,
                                143: 6,
                                144: 6,
                                145: 6,
                                146: 6,
                                147: 6,
                                148: 6,
                                149: 5.0625,
                                150: 3,
                                151: 0.9375,
                                152: 0,
                                153: 0,
                                154: 0,
                                155: 0,
                                156: 0,
                                157: 0,
                                158: 0,
                                159: 0,
                                160: 0,
                                161: 0,
                                162: 0,
                                163: 0,
                                164: 0,
                                165: 0,
                                166: 0,
                                167: 0,
                                168: 0,
                                169: 0,
                                170: 0,
                                171: 0,
                                172: 0,
                                173: 0,
                                174: 0,
                                175: 0,
                                176: 0,
                                177: 0,
                                178: 0,
                                179: 0,
                                180: 0,
                            }
                            double avars:rz.timeSamples = {
                                1: -3,
                                2: -3,
                                3: -3,
                                4: -3,
                                5: -3,
                                6: -3,
                                7: -3,
                                8: -3,
                                9: -3,
                                10: -3,
                                11: -3,
                                12: -3,
                                13: -3,
                                14: -3,
                                15: -3,
                                16: -3,
                                17: -3,
                                18: -3,
                                19: -3,
                                20: -3,
                                21: -3,
                                22: -3,
                                23: -3,
                                24: -3,
                                25: -3,
                                26: -3,
                                27: -3,
                                28: -3,
                                29: -3,
                                30: -3,
                                31: -3,
                                32: -3,
                                33: -3,
                                34: -2.8338,
                                35: -2.4052,
                                36: -1.8192,
                                37: -1.1808,
                                38: -0.5948,
                                39: -0.1662,
                                40: 0,
                                41: 0,
                                42: 0,
                                43: 0,
                                44: 0,
                                45: 0,
                                46: 0,
                                47: 0,
                                48: 0,
                                49: 0,
                                50: 0,
                                51: 0,
                                52: 0,
                                53: -1.5556,
                                54: -4.4444,
                                55: -6,
                                56: -5.928,
                                57: -5.7192,
                                58: -5.3844,
                                59: -4.9343,
                                60: -4.3797,
                                61: -3.7313,
                                62: -3,
                                63: -1.9473,
                                64: -0.5014,
                                65: 1.0769,
                                66: 2.5271,
                                67: 3.5883,
                                68: 4,
                                69: 4,
                                70: 4,
                                71: 4,
                                72: 4,
                                73: 4,
                                74: 4,
                                75: 4,
                                76: 4,
                                77: 4,
                                78: 4,
                                79: 2.75,
                                80: 0,
                                81: -2.75,
                                82: -4,
                                83: -3.8438,
                                84: -3.5,
                                85: -3.1562,
                                86: -3,
                                87: -3.728,
                                88: -5.464,
                                89: -7.536,
                                90: -9.272,
                                91: -10,
                                92: -10,
                                93: -10,
                                94: -5,
                                95: 0,
                                96: 0,
                                97: 0,
                                98: 0,
                                99: 0,
                                100: 0,
                                101: 0,
                                102: 0,
                                103: 0,
                                104: 0,
                                105: 0,
                                106: 0,
                                107: 0,
                                108: 0,
                                109: 0,
                                110: 0,
                                111: 0,
                                112: 0,
                                113: 0,
                                114: 0,
                                115: 0,
                                116: 0,
                                117: 0,
                                118: 0,
                                119: 5.1852,
                                120: 14.8148,
                                121: 20,
                                122: 19.9999,
                                123: 19.9996,
                                124: 19.9986,
                                125: 19.9967,
                                126: 19.9936,
                                127: 19.989,
                                128: 19.9826,
                                129: 19.974,
                                130: 19.963,
                                131: 19.9492,
                                132: 19.9324,
                                133: 19.9122,
                                134: 19.8884,
                                135: 19.8606,
                                136: 19.8285,
                                137: 19.7919,
                                138: 19.7504,
                                139: 19.7037,
                                140: 19.6515,
                                141: 19.5936,
                                142: 19.5295,
                                143: 19.459,
                                144: 19.3819,
                                145: 19.2977,
                                146: 19.2062,
                                147: 19.107,
                                148: 19,
                                149: 17.2649,
                                150: 13.288,
                                151: 8.5787,
                                152: 4.6462,
                                153: 3,
                                154: 3,
                                155: 3,
                                156: 3,
                                157: 3,
                                158: 3,
                                159: 3,
                                160: 3,
                                161: 3,
                                162: 3,
                                163: 3,
                                164: 3,
                                165: 3,
                                166: 3,
                                167: 3,
                                168: 3,
                                169: 3,
                                170: 3,
                                171: 3,
                                172: 3,
                                173: 3,
                                174: 3,
                                175: 3,
                                176: 3,
                                177: 3,
                                178: 3,
                                179: 3,
                                180: 3,
                            }
                            double avars:tx.timeSamples = {
                                1: 0,
                                2: 0.0001,
                                3: 0.0005,
                                4: 0.0011,
                                5: 0.002,
                                6: 0.0031,
                                7: 0.0044,
                                8: 0.006,
                                9: 0.0077,
                                10: 0.0097,
                                11: 0.0119,
                                12: 0.0142,
                                13: 0.0167,
                                14: 0.0195,
                                15: 0.0223,
                                16: 0.0254,
                                17: 0.0286,
                                18: 0.032,
                                19: 0.0355,
                                20: 0.0391,
                                21: 0.0429,
                                22: 0.0468,
                                23: 0.0508,
                                24: 0.0549,
                                25: 0.0591,
                                26: 0.0634,
                                27: 0.0678,
                                28: 0.0723,
                                29: 0.0769,
                                30: 0.0815,
                                31: 0.0862,
                                32: 0.091,
                                33: 0.0958,
                                34: 0.1006,
                                35: 0.1055,
                                36: 0.1104,
                                37: 0.1154,
                                38: 0.1203,
                                39: 0.1253,
                                40: 0.1302,
                                41: 0.1352,
                                42: 0.1401,
                                43: 0.145,
                                44: 0.1499,
                                45: 0.1548,
                                46: 0.1596,
                                47: 0.1643,
                                48: 0.1691,
                                49: 0.1737,
                                50: 0.1783,
                                51: 0.1828,
                                52: 0.1872,
                                53: 0.1916,
                                54: 0.1958,
                                55: 0.2,
                                56: 0.2034,
                                57: 0.2062,
                                58: 0.2096,
                                59: 0.2145,
                                60: 0.2221,
                                61: 0.2336,
                                62: 0.25,
                                63: 0.2782,
                                64: 0.3189,
                                65: 0.3644,
                                66: 0.4067,
                                67: 0.4379,
                                68: 0.45,
                                69: 0.45,
                                70: 0.4496,
                                71: 0.4487,
                                72: 0.4468,
                                73: 0.4438,
                                74: 0.4392,
                                75: 0.4329,
                                76: 0.4244,
                                77: 0.4136,
                                78: 0.4,
                                79: 0.366,
                                80: 0.3033,
                                81: 0.2263,
                                82: 0.1489,
                                83: 0.0854,
                                84: 0.05,
                                85: 0.0351,
                                86: 0.0235,
                                87: 0.0148,
                                88: 0.0086,
                                89: 0.0044,
                                90: 0.0019,
                                91: 0.0005,
                                92: 0.0001,
                                93: 0,
                                94: 0,
                                95: 0,
                                96: 0,
                                97: 0,
                                98: 0,
                                99: 0,
                                100: 0,
                                101: 0,
                                102: 0,
                                103: 0,
                                104: 0,
                                105: 0,
                                106: 0,
                                107: 0,
                                108: 0,
                                109: 0,
                                110: 0,
                                111: 0,
                                112: 0,
                                113: 0,
                                114: 0,
                                115: 0,
                                116: 0,
                                117: 0,
                                118: 0,
                                119: 0,
                                120: 0,
                                121: 0,
                                122: 0,
                                123: 0,
                                124: 0,
                                125: 0,
                                126: 0,
                                127: 0,
                                128: 0,
                                129: 0,
                                130: 0,
                                131: 0,
                                132: 0,
                                133: 0,
                                134: 0,
                                135: 0,
                                136: 0,
                                137: 0,
                                138: 0,
                                139: 0,
                                140: 0,
                                141: 0,
                                142: 0,
                                143: 0,
                                144: 0,
                                145: 0,
                                146: 0,
                                147: 0,
                                148: 0,
                                149: 0,
                                150: 0,
                                151: 0.0088,
                                152: 0.0325,
                                153: 0.0668,
                                154: 0.1075,
                                155: 0.1504,
                                156: 0.1913,
                                157: 0.2259,
                                158: 0.25,
                                159: 0.2667,
                                160: 0.2817,
                                161: 0.2952,
                                162: 0.307,
                                163: 0.3174,
                                164: 0.3262,
                                165: 0.3337,
                                166: 0.3396,
                                167: 0.3442,
                                168: 0.3475,
                                169: 0.3494,
                                170: 0.35,
                                171: 0.3486,
                                172: 0.3448,
                                173: 0.3392,
                                174: 0.3324,
                                175: 0.325,
                                176: 0.3176,
                                177: 0.3108,
                                178: 0.3052,
                                179: 0.3014,
                                180: 0.3,
                            }
                            double avars:ty.timeSamples = {
                                1: 0.18,
                                2: 0.18,
                                3: 0.18,
                                4: 0.18,
                                5: 0.18,
                                6: 0.18,
                                7: 0.18,
                                8: 0.18,
                                9: 0.18,
                                10: 0.18,
                                11: 0.18,
                                12: 0.18,
                                13: 0.18,
                                14: 0.18,
                                15: 0.18,
                                16: 0.18,
                                17: 0.18,
                                18: 0.18,
                                19: 0.18,
                                20: 0.18,
                                21: 0.18,
                                22: 0.18,
                                23: 0.18,
                                24: 0.18,
                                25: 0.18,
                                26: 0.18,
                                27: 0.18,
                                28: 0.18,
                                29: 0.18,
                                30: 0.18,
                                31: 0.1667,
                                32: 0.1333,
                                33: 0.09,
                                34: 0.0467,
                                35: 0.0133,
                                36: 0,
                                37: 0,
                                38: 0,
                                39: 0,
                                40: 0,
                                41: 0,
                                42: 0,
                                43: 0,
                                44: 0,
                                45: 0,
                                46: 0,
                                47: 0,
                                48: 0,
                                49: 0,
                                50: 0,
                                51: 0,
                                52: 0,
                                53: 0,
                                54: 0,
                                55: 0,
                                56: 0,
                                57: 0,
                                58: 0,
                                59: 0,
                                60: 0,
                                61: 0,
                                62: 0,
                                63: 0,
                                64: 0,
                                65: 0,
                                66: 0,
                                67: 0,
                                68: 0,
                                69: 0,
                                70: 0,
                                71: 0,
                                72: 0,
                                73: 0,
                                74: 0,
                                75: 0,
                                76: 0,
                                77: 0,
                                78: 0,
                                79: 0,
                                80: 0,
                                81: 0,
                                82: 0,
                                83: 0,
                                84: 0,
                                85: 0,
                                86: 0,
                                87: 0.0283,
                                88: 0.0993,
                                89: 0.1921,
                                90: 0.286,
                                91: 0.36,
                                92: 0.3943,
                                93: 0.4,
                                94: 0,
                                95: -1,
                                96: -1.08,
                                97: -1.0463,
                                98: -0.9837,
                                99: -0.95,
                                100: -0.9578,
                                101: -0.975,
                                102: -0.9922,
                                103: -1,
                                104: -0.775,
                                105: -0.55,
                                106: -0.5606,
                                107: -0.6,
                                108: -0.7044,
                                109: -0.78,
                                110: -0.75,
                                111: -0.72,
                                112: -0.84,
                                113: -0.96,
                                114: -0.9519,
                                115: -0.9194,
                                116: -0.85,
                                117: -0.6775,
                                118: -0.5,
                                119: -0.4273,
                                120: -0.387,
                                121: -0.34,
                                122: -0.2548,
                                123: -0.163,
                                124: -0.12,
                                125: -0.21,
                                126: -0.3,
                                127: -0.2481,
                                128: -0.1519,
                                129: -0.1,
                                130: -0.18,
                                131: -0.26,
                                132: -0.2133,
                                133: -0.1267,
                                134: -0.08,
                                135: -0.14,
                                136: -0.2,
                                137: -0.1611,
                                138: -0.0889,
                                139: -0.05,
                                140: -0.095,
                                141: -0.14,
                                142: -0.1159,
                                143: -0.0674,
                                144: -0.03,
                                145: -0.0141,
                                146: -0.005,
                                147: -0.0009,
                                148: 0,
                                149: 0,
                                150: 0,
                                151: 0,
                                152: 0,
                                153: 0,
                                154: 0,
                                155: 0,
                                156: 0,
                                157: 0,
                                158: 0,
                                159: 0,
                                160: 0,
                                161: 0,
                                162: 0,
                                163: 0,
                                164: 0,
                                165: 0,
                                166: 0,
                                167: 0,
                                168: 0,
                                169: 0,
                                170: 0,
                                171: 0,
                                172: 0,
                                173: 0,
                                174: 0,
                                175: 0,
                                176: 0,
                                177: 0,
                                178: 0,
                                179: 0,
                                180: 0,
                            }
                        }

                        over "Earring_0_ctl"
                        {
                            double avars:rz.timeSamples = {
                                1: -4.7735,
                                2: -4.7826,
                                3: -4.7952,
                                4: -4.8203,
                                5: -4.8521,
                                6: -4.8952,
                                7: -4.947,
                                8: -5.0066,
                                9: -5.0717,
                                10: -5.1397,
                                11: -5.2078,
                                12: -5.2734,
                                13: -5.3344,
                                14: -5.3891,
                                15: -5.4366,
                                16: -5.4766,
                                17: -5.5086,
                                18: -5.5319,
                                19: -5.5462,
                                20: -5.5517,
                                21: -5.5494,
                                22: -5.5402,
                                23: -5.5254,
                                24: -5.5061,
                                25: -5.4832,
                                26: -5.4509,
                                27: -5.3941,
                                28: -5.2826,
                                29: -5.1244,
                                30: -4.9837,
                                31: -4.9343,
                                32: -4.987,
                                33: -5.0359,
                                34: -4.8944,
                                35: -4.4706,
                                36: -3.7606,
                                37: -2.7644,
                                38: -1.5185,
                                39: 0.0608,
                                40: 1.8351,
                                41: 3.4354,
                                42: 4.4545,
                                43: 4.7329,
                                44: 4.446,
                                45: 3.7602,
                                46: 2.9391,
                                47: 2.2171,
                                48: 1.6648,
                                49: 1.2171,
                                50: 0.8895,
                                51: 0.6738,
                                52: 0.5798,
                                53: -0.1279,
                                54: -1.4836,
                                55: -2.7357,
                                56: -3.9273,
                                57: -5.0559,
                                58: -5.5198,
                                59: -5.5273,
                                60: -5.6498,
                                61: -5.9938,
                                62: -6.5528,
                                63: -7.1424,
                                64: -6.3632,
                                65: -3.8189,
                                66: -0.6296,
                                67: 1.5619,
                                68: 2.5481,
                                69: 3.3651,
                                70: 4.171,
                                71: 4.9466,
                                72: 5.4491,
                                73: 5.9129,
                                74: 6.4589,
                                75: 7.0202,
                                76: 7.3309,
                                77: 7.3189,
                                78: 6.9408,
                                79: 6.2552,
                                80: 5.3198,
                                81: 4.2983,
                                82: 3.3493,
                                83: 2.572,
                                84: 2.0254,
                                85: 1.7293,
                                86: 1.6865,
                                87: 1.7494,
                                88: 1.8029,
                                89: 1.7924,
                                90: 1.7246,
                                91: 1.4779,
                                92: 1.0387,
                                93: 0.5795,
                                94: 1.7067,
                                95: 2.9682,
                                96: 2.9778,
                                97: 2.4451,
                                98: 1.6073,
                                99: 0.9459,
                                100: -0.0318,
                                101: 0.8804,
                                102: -0.5164,
                                103: 1.6382,
                                104: 2.0892,
                                105: 2.3691,
                                106: 4.4822,
                                107: 3.4455,
                                108: 4.484,
                                109: 4.5798,
                                110: 3.1816,
                                111: 3.8476,
                                112: 2.3025,
                                113: 2.1217,
                                114: 1.5058,
                                115: 1.0124,
                                116: 0.4334,
                                117: -0.4452,
                                118: -1.3339,
                                119: -3.3515,
                                120: -5.7171,
                                121: -6.6153,
                                122: -5.6456,
                                123: -4.1501,
                                124: -2.9569,
                                125: -2.9064,
                                126: -4.1448,
                                127: -6.2194,
                                128: -8.4147,
                                129: -9.9287,
                                130: -10.3257,
                                131: -9.8519,
                                132: -8.9359,
                                133: -8.1852,
                                134: -7.9152,
                                135: -7.9249,
                                136: -7.958,
                                137: -7.6638,
                                138: -6.9342,
                                139: -6.0537,
                                140: -5.3469,
                                141: -5.1854,
                                142: -5.6576,
                                143: -6.5101,
                                144: -7.4602,
                                145: -8.1694,
                                146: -8.6116,
                                147: -8.8631,
                                148: -8.901,
                                149: -8.71,
                                150: -8.227,
                                151: -6.7051,
                                152: -4.3779,
                                153: -2.4448,
                                154: -1.2899,
                                155: -0.532,
                                156: -0.0711,
                                157: 0.1383,
                                158: 0.0904,
                                159: -0.0105,
                                160: -0.0897,
                                161: -0.072,
                                162: 0.0653,
                                163: 0.2974,
                                164: 0.5143,
                                165: 0.6058,
                                166: 1.1477,
                                167: 2.3953,
                                168: 3.9943,
                                169: 5.4285,
                                170: 6.0559,
                                171: 5.9424,
                                172: 5.586,
                                173: 5.263,
                                174: 5.2914,
                                175: 5.5832,
                                176: 5.9857,
                                177: 6.4004,
                                178: 6.742,
                                179: 6.9844,
                                180: 7.0865,
                            }

                            over "Earring_1_ctl"
                            {
                                double avars:rz.timeSamples = {
                                    1: -0.1086,
                                    2: -0.0743,
                                    3: -0.0434,
                                    4: -0.0214,
                                    5: -0.0099,
                                    6: -0.0114,
                                    7: -0.0276,
                                    8: -0.0575,
                                    9: -0.0978,
                                    10: -0.144,
                                    11: -0.1914,
                                    12: -0.2355,
                                    13: -0.2728,
                                    14: -0.3008,
                                    15: -0.3188,
                                    16: -0.3271,
                                    17: -0.3264,
                                    18: -0.3174,
                                    19: -0.3014,
                                    20: -0.2805,
                                    21: -0.2572,
                                    22: -0.2341,
                                    23: -0.2136,
                                    24: -0.1975,
                                    25: -0.1868,
                                    26: -0.1736,
                                    27: -0.1371,
                                    28: -0.0764,
                                    29: -0.0388,
                                    30: -0.1172,
                                    31: -0.4155,
                                    32: -0.9473,
                                    33: -1.5702,
                                    34: -2.0906,
                                    35: -2.3945,
                                    36: -2.4228,
                                    37: -2.1098,
                                    38: -1.431,
                                    39: -0.4497,
                                    40: 0.6912,
                                    41: 1.799,
                                    42: 2.6803,
                                    43: 3.2016,
                                    44: 3.33,
                                    45: 3.1203,
                                    46: 2.6458,
                                    47: 1.9499,
                                    48: 1.0744,
                                    49: 0.0914,
                                    50: -0.8975,
                                    51: -1.7652,
                                    52: -2.3788,
                                    53: -2.6115,
                                    54: -2.3555,
                                    55: -1.566,
                                    56: -0.3214,
                                    57: 1.0884,
                                    58: 2.2259,
                                    59: 2.7702,
                                    60: 2.5879,
                                    61: 1.6438,
                                    62: 0.0629,
                                    63: -1.851,
                                    64: -3.7191,
                                    65: -5.1563,
                                    66: -5.9257,
                                    67: -6.0651,
                                    68: -5.6273,
                                    69: -4.423,
                                    70: -2.2816,
                                    71: 0.5462,
                                    72: 3.4379,
                                    73: 5.8069,
                                    74: 7.316,
                                    75: 7.8082,
                                    76: 7.2361,
                                    77: 5.6876,
                                    78: 3.4261,
                                    79: 0.8451,
                                    80: -1.6459,
                                    81: -3.7003,
                                    82: -5.0618,
                                    83: -5.5893,
                                    84: -5.273,
                                    85: -4.2039,
                                    86: -2.5284,
                                    87: -0.4687,
                                    88: 1.648,
                                    89: 3.4616,
                                    90: 4.7039,
                                    91: 5.2487,
                                    92: 5.0256,
                                    93: 3.9911,
                                    94: 2.3046,
                                    95: 0.2946,
                                    96: -1.8568,
                                    97: -4.012,
                                    98: -5.6409,
                                    99: -6.1268,
                                    100: -5.387,
                                    101: -3.7384,
                                    102: -1.5727,
                                    103: 0.6649,
                                    104: 2.6229,
                                    105: 4.0925,
                                    106: 4.7811,
                                    107: 4.6996,
                                    108: 4.0534,
                                    109: 2.881,
                                    110: 1.4617,
                                    111: -0.0227,
                                    112: -1.4379,
                                    113: -2.4526,
                                    114: -3.0415,
                                    115: -3.1728,
                                    116: -2.7664,
                                    117: -1.9676,
                                    118: -0.8414,
                                    119: 0.6311,
                                    120: 2.3239,
                                    121: 3.9068,
                                    122: 4.9858,
                                    123: 5.1747,
                                    124: 4.1469,
                                    125: 1.9946,
                                    126: -0.6251,
                                    127: -2.9298,
                                    128: -4.4185,
                                    129: -4.942,
                                    130: -4.6504,
                                    131: -3.8507,
                                    132: -2.8406,
                                    133: -1.8068,
                                    134: -0.7851,
                                    135: 0.2648,
                                    136: 1.3297,
                                    137: 2.2803,
                                    138: 2.8987,
                                    139: 2.9871,
                                    140: 2.4756,
                                    141: 1.4638,
                                    142: 0.2033,
                                    143: -0.9971,
                                    144: -1.8898,
                                    145: -2.3597,
                                    146: -2.4371,
                                    147: -2.2387,
                                    148: -1.8832,
                                    149: -1.4313,
                                    150: -0.8796,
                                    151: -0.2751,
                                    152: 0.1863,
                                    153: 0.2897,
                                    154: -0.0078,
                                    155: -0.51,
                                    156: -0.8773,
                                    157: -0.8992,
                                    158: -0.6135,
                                    159: -0.1363,
                                    160: 0.4501,
                                    161: 1.0526,
                                    162: 1.5442,
                                    163: 1.8057,
                                    164: 1.747,
                                    165: 1.3107,
                                    166: 0.5347,
                                    167: -0.409,
                                    168: -1.3065,
                                    169: -2.0254,
                                    170: -2.4845,
                                    171: -2.5545,
                                    172: -2.0976,
                                    173: -1.0884,
                                    174: 0.2977,
                                    175: 1.7204,
                                    176: 2.8455,
                                    177: 3.4684,
                                    178: 3.5357,
                                    179: 3.1153,
                                    180: 2.3328,
                                }
                            }
                        }

                        over "Hair_BL1_0_ctl"
                        {
                            double avars:rz.timeSamples = {
                                1: -0.6842,
                                2: -0.6837,
                                3: -0.6873,
                                4: -0.7007,
                                5: -0.7161,
                                6: -0.7361,
                                7: -0.7565,
                                8: -0.7759,
                                9: -0.793,
                                10: -0.8065,
                                11: -0.8157,
                                12: -0.8199,
                                13: -0.8187,
                                14: -0.812,
                                15: -0.7998,
                                16: -0.7826,
                                17: -0.7612,
                                18: -0.7366,
                                19: -0.7102,
                                20: -0.683,
                                21: -0.6562,
                                22: -0.6308,
                                23: -0.6074,
                                24: -0.5868,
                                25: -0.5692,
                                26: -0.5583,
                                27: -0.5637,
                                28: -0.5619,
                                29: -0.5182,
                                30: -0.4051,
                                31: -0.1917,
                                32: 0.1216,
                                33: 0.4924,
                                34: 0.9165,
                                35: 1.3917,
                                36: 1.8887,
                                37: 2.3515,
                                38: 2.7013,
                                39: 3.0692,
                                40: 3.4744,
                                41: 3.7671,
                                42: 3.7219,
                                43: 3.2633,
                                44: 2.5574,
                                45: 1.6831,
                                46: 0.788,
                                47: 0.0338,
                                48: -0.5307,
                                49: -0.9778,
                                50: -1.3032,
                                51: -1.493,
                                52: -1.4631,
                                53: -1.9525,
                                54: -3.1357,
                                55: -4.3839,
                                56: -5.7649,
                                57: -7.1982,
                                58: -7.877,
                                59: -7.7755,
                                60: -7.319,
                                61: -6.5691,
                                62: -5.6239,
                                63: -4.5858,
                                64: -2.3781,
                                65: 1.2442,
                                66: 5.2386,
                                67: 8.0768,
                                68: 9.4794,
                                69: 10.2738,
                                70: 10.4701,
                                71: 10.0593,
                                72: 8.9178,
                                73: 7.4305,
                                74: 5.8972,
                                75: 4.4638,
                                76: 3.0673,
                                77: 1.7804,
                                78: 0.6193,
                                79: -0.3843,
                                80: -1.2616,
                                81: -1.9715,
                                82: -2.4869,
                                83: -2.8262,
                                84: -3.0166,
                                85: -3.0931,
                                86: -3.0858,
                                87: -3.1332,
                                88: -3.2725,
                                89: -3.4295,
                                90: -3.4795,
                                91: -3.4985,
                                92: -3.5645,
                                93: -3.5826,
                                94: -1.8426,
                                95: 0.392,
                                96: 1.7724,
                                97: 2.8734,
                                98: 3.6365,
                                99: 4.1332,
                                100: 3.6945,
                                101: 4.54,
                                102: 2.4376,
                                103: 3.5185,
                                104: 2.7394,
                                105: 1.7153,
                                106: 2.759,
                                107: 0.8908,
                                108: 1.3591,
                                109: 1.2625,
                                110: -0.1193,
                                111: 0.7744,
                                112: -0.3831,
                                113: -0.2008,
                                114: -0.4538,
                                115: -0.5912,
                                116: -0.8821,
                                117: -1.4953,
                                118: -2.1069,
                                119: -4.0292,
                                120: -6.7702,
                                121: -8.4634,
                                122: -8.2969,
                                123: -7.151,
                                124: -5.5039,
                                125: -4.1014,
                                126: -3.338,
                                127: -3.1879,
                                128: -3.3226,
                                129: -3.1797,
                                130: -2.3957,
                                131: -1.1661,
                                132: 0.1884,
                                133: 1.1508,
                                134: 1.4168,
                                135: 1.144,
                                136: 0.5736,
                                137: 0.1251,
                                138: 0.0573,
                                139: 0.2644,
                                140: 0.5641,
                                141: 0.6393,
                                142: 0.3441,
                                143: -0.2006,
                                144: -0.8507,
                                145: -1.3569,
                                146: -1.7174,
                                147: -1.9961,
                                148: -2.1552,
                                149: -2.211,
                                150: -2.2009,
                                151: -1.3864,
                                152: 0.2278,
                                153: 1.7092,
                                154: 2.7303,
                                155: 3.5523,
                                156: 4.1092,
                                157: 4.3174,
                                158: 4.102,
                                159: 3.6268,
                                160: 2.9458,
                                161: 2.1562,
                                162: 1.3598,
                                163: 0.6455,
                                164: 0.0007,
                                165: -0.6496,
                                166: -0.7388,
                                167: -0.0128,
                                168: 1.2192,
                                169: 2.5203,
                                170: 3.2584,
                                171: 3.3753,
                                172: 3.1777,
                                173: 2.7779,
                                174: 2.4382,
                                175: 2.1406,
                                176: 1.8537,
                                177: 1.5914,
                                178: 1.3489,
                                179: 1.1468,
                                180: 0.9654,
                            }

                            over "Hair_BL1_1_ctl"
                            {
                                double avars:rz.timeSamples = {
                                    1: -1.6174,
                                    2: -1.596,
                                    3: -1.5762,
                                    4: -1.5589,
                                    5: -1.5439,
                                    6: -1.5318,
                                    7: -1.5232,
                                    8: -1.5184,
                                    9: -1.5174,
                                    10: -1.5203,
                                    11: -1.5268,
                                    12: -1.5367,
                                    13: -1.5496,
                                    14: -1.5652,
                                    15: -1.583,
                                    16: -1.6027,
                                    17: -1.6239,
                                    18: -1.6463,
                                    19: -1.6697,
                                    20: -1.6939,
                                    21: -1.7187,
                                    22: -1.7437,
                                    23: -1.7687,
                                    24: -1.7933,
                                    25: -1.8173,
                                    26: -1.8417,
                                    27: -1.8706,
                                    28: -1.9065,
                                    29: -1.9455,
                                    30: -1.977,
                                    31: -1.9873,
                                    32: -1.9739,
                                    33: -1.9516,
                                    34: -1.9359,
                                    35: -1.9241,
                                    36: -1.9037,
                                    37: -1.8693,
                                    38: -1.8226,
                                    39: -1.7551,
                                    40: -1.6356,
                                    41: -1.4244,
                                    42: -1.103,
                                    43: -0.683,
                                    44: -0.1903,
                                    45: 0.3368,
                                    46: 0.8467,
                                    47: 1.2927,
                                    48: 1.6473,
                                    49: 1.8986,
                                    50: 2.0455,
                                    51: 2.1156,
                                    52: 2.1696,
                                    53: 2.2383,
                                    54: 2.2899,
                                    55: 2.2858,
                                    56: 2.1946,
                                    57: 1.9618,
                                    58: 1.5432,
                                    59: 0.9502,
                                    60: 0.2181,
                                    61: -0.6276,
                                    62: -1.5712,
                                    63: -2.6114,
                                    64: -3.7244,
                                    65: -4.7897,
                                    66: -5.6204,
                                    67: -6.1017,
                                    68: -6.2105,
                                    69: -5.9109,
                                    70: -5.1609,
                                    71: -4.0135,
                                    72: -2.6292,
                                    73: -1.1785,
                                    74: 0.2308,
                                    75: 1.537,
                                    76: 2.6893,
                                    77: 3.6472,
                                    78: 4.3947,
                                    79: 4.9379,
                                    80: 5.2887,
                                    81: 5.4588,
                                    82: 5.4646,
                                    83: 5.3283,
                                    84: 5.0743,
                                    85: 4.7303,
                                    86: 4.3277,
                                    87: 3.8917,
                                    88: 3.4322,
                                    89: 2.9526,
                                    90: 2.4591,
                                    91: 1.9479,
                                    92: 1.3619,
                                    93: 0.6294,
                                    94: -0.1745,
                                    95: -0.8781,
                                    96: -1.4226,
                                    97: -1.8308,
                                    98: -2.0509,
                                    99: -2.0389,
                                    100: -1.8177,
                                    101: -1.4501,
                                    102: -1.056,
                                    103: -0.6392,
                                    104: -0.2141,
                                    105: 0.1716,
                                    106: 0.5342,
                                    107: 0.8329,
                                    108: 1.0942,
                                    109: 1.3301,
                                    110: 1.5017,
                                    111: 1.6302,
                                    112: 1.7063,
                                    113: 1.7447,
                                    114: 1.7677,
                                    115: 1.7996,
                                    116: 1.866,
                                    117: 1.9681,
                                    118: 2.1276,
                                    119: 2.2808,
                                    120: 2.2566,
                                    121: 1.958,
                                    122: 1.4242,
                                    123: 0.7172,
                                    124: -0.1306,
                                    125: -1.0561,
                                    126: -1.9518,
                                    127: -2.7355,
                                    128: -3.3863,
                                    129: -3.9204,
                                    130: -4.3659,
                                    131: -4.7424,
                                    132: -5.042,
                                    133: -5.2374,
                                    134: -5.3031,
                                    135: -5.2319,
                                    136: -5.0421,
                                    137: -4.7713,
                                    138: -4.4636,
                                    139: -4.1537,
                                    140: -3.8547,
                                    141: -3.5624,
                                    142: -3.2675,
                                    143: -2.9659,
                                    144: -2.6647,
                                    145: -2.3788,
                                    146: -2.1298,
                                    147: -1.9411,
                                    148: -1.8284,
                                    149: -1.8046,
                                    150: -1.8902,
                                    151: -2.0792,
                                    152: -2.3064,
                                    153: -2.4977,
                                    154: -2.6194,
                                    155: -2.6394,
                                    156: -2.5011,
                                    157: -2.1797,
                                    158: -1.7141,
                                    159: -1.1643,
                                    160: -0.5801,
                                    161: -0.0053,
                                    162: 0.5211,
                                    163: 0.9715,
                                    164: 1.3167,
                                    165: 1.5111,
                                    166: 1.5282,
                                    167: 1.4039,
                                    168: 1.2257,
                                    169: 1.0854,
                                    170: 1.0405,
                                    171: 1.1149,
                                    172: 1.3123,
                                    173: 1.6122,
                                    174: 1.9707,
                                    175: 2.3334,
                                    176: 2.6558,
                                    177: 2.9144,
                                    178: 3.1057,
                                    179: 3.2379,
                                    180: 3.319,
                                }

                                over "Hair_BL1_2_ctl"
                                {
                                    double avars:rz.timeSamples = {
                                        1: -0.9678,
                                        2: -0.9463,
                                        3: -0.9263,
                                        4: -0.9083,
                                        5: -0.8924,
                                        6: -0.8787,
                                        7: -0.8678,
                                        8: -0.8601,
                                        9: -0.8555,
                                        10: -0.8539,
                                        11: -0.8552,
                                        12: -0.8592,
                                        13: -0.8657,
                                        14: -0.8743,
                                        15: -0.8847,
                                        16: -0.8968,
                                        17: -0.9102,
                                        18: -0.9249,
                                        19: -0.9408,
                                        20: -0.958,
                                        21: -0.9761,
                                        22: -0.9952,
                                        23: -1.015,
                                        24: -1.0352,
                                        25: -1.0558,
                                        26: -1.078,
                                        27: -1.1058,
                                        28: -1.1417,
                                        29: -1.1824,
                                        30: -1.2175,
                                        31: -1.2343,
                                        32: -1.2308,
                                        33: -1.2231,
                                        34: -1.2277,
                                        35: -1.2437,
                                        36: -1.26,
                                        37: -1.2726,
                                        38: -1.2845,
                                        39: -1.2878,
                                        40: -1.2525,
                                        41: -1.1389,
                                        42: -0.9269,
                                        43: -0.6244,
                                        44: -0.2523,
                                        45: 0.1568,
                                        46: 0.5573,
                                        47: 0.9069,
                                        48: 1.1813,
                                        49: 1.3704,
                                        50: 1.4736,
                                        51: 1.5178,
                                        52: 1.5627,
                                        53: 1.6393,
                                        54: 1.7188,
                                        55: 1.7662,
                                        56: 1.754,
                                        57: 1.6306,
                                        58: 1.3522,
                                        59: 0.926,
                                        60: 0.3812,
                                        61: -0.2649,
                                        62: -1.0052,
                                        63: -1.848,
                                        64: -2.7819,
                                        65: -3.7033,
                                        66: -4.4431,
                                        67: -4.8985,
                                        68: -5.0505,
                                        69: -4.861,
                                        70: -4.281,
                                        71: -3.3522,
                                        72: -2.2206,
                                        73: -1.0403,
                                        74: 0.0957,
                                        75: 1.1383,
                                        76: 2.0474,
                                        77: 2.7904,
                                        78: 3.3571,
                                        79: 3.757,
                                        80: 4.0035,
                                        81: 4.1083,
                                        82: 4.0862,
                                        83: 3.9567,
                                        84: 3.7403,
                                        85: 3.4608,
                                        86: 3.1451,
                                        87: 2.8143,
                                        88: 2.4755,
                                        89: 2.1292,
                                        90: 1.779,
                                        91: 1.4186,
                                        92: 0.9882,
                                        93: 0.4128,
                                        94: -0.241,
                                        95: -0.8127,
                                        96: -1.2516,
                                        97: -1.585,
                                        98: -1.7634,
                                        99: -1.7421,
                                        100: -1.5397,
                                        101: -1.2155,
                                        102: -0.8809,
                                        103: -0.5354,
                                        104: -0.1897,
                                        105: 0.115,
                                        106: 0.396,
                                        107: 0.6168,
                                        108: 0.8064,
                                        109: 0.9767,
                                        110: 1.0924,
                                        111: 1.174,
                                        112: 1.2133,
                                        113: 1.2251,
                                        114: 1.231,
                                        115: 1.2552,
                                        116: 1.3241,
                                        117: 1.4408,
                                        118: 1.6299,
                                        119: 1.834,
                                        120: 1.8914,
                                        121: 1.7103,
                                        122: 1.3273,
                                        123: 0.7958,
                                        124: 0.1366,
                                        125: -0.5986,
                                        126: -1.3106,
                                        127: -1.9221,
                                        128: -2.4143,
                                        129: -2.8043,
                                        130: -3.1228,
                                        131: -3.3934,
                                        132: -3.6127,
                                        133: -3.756,
                                        134: -3.7976,
                                        135: -3.7271,
                                        136: -3.5578,
                                        137: -3.3218,
                                        138: -3.0595,
                                        139: -2.8032,
                                        140: -2.5647,
                                        141: -2.3384,
                                        142: -2.1125,
                                        143: -1.8797,
                                        144: -1.6432,
                                        145: -1.4149,
                                        146: -1.214,
                                        147: -1.0627,
                                        148: -0.9762,
                                        149: -0.968,
                                        150: -1.0602,
                                        151: -1.251,
                                        152: -1.4829,
                                        153: -1.6894,
                                        154: -1.8423,
                                        155: -1.9126,
                                        156: -1.8454,
                                        157: -1.6143,
                                        158: -1.2545,
                                        159: -0.8208,
                                        160: -0.3569,
                                        161: 0.0996,
                                        162: 0.5152,
                                        163: 0.8666,
                                        164: 1.128,
                                        165: 1.2555,
                                        166: 1.2219,
                                        167: 1.0586,
                                        168: 0.8459,
                                        169: 0.6681,
                                        170: 0.5779,
                                        171: 0.5979,
                                        172: 0.7333,
                                        173: 0.9667,
                                        174: 1.2576,
                                        175: 1.5549,
                                        176: 1.817,
                                        177: 2.0223,
                                        178: 2.1687,
                                        179: 2.2651,
                                        180: 2.3198,
                                    }

                                    over "Hair_BL1_3_ctl"
                                    {
                                        double avars:rz.timeSamples = {
                                            1: -0.8378,
                                            2: -0.8164,
                                            3: -0.7963,
                                            4: -0.7782,
                                            5: -0.762,
                                            6: -0.748,
                                            7: -0.7368,
                                            8: -0.7285,
                                            9: -0.7231,
                                            10: -0.7206,
                                            11: -0.7209,
                                            12: -0.7237,
                                            13: -0.7289,
                                            14: -0.7361,
                                            15: -0.7451,
                                            16: -0.7556,
                                            17: -0.7674,
                                            18: -0.7806,
                                            19: -0.7951,
                                            20: -0.8108,
                                            21: -0.8276,
                                            22: -0.8455,
                                            23: -0.8642,
                                            24: -0.8836,
                                            25: -0.9036,
                                            26: -0.9253,
                                            27: -0.9528,
                                            28: -0.9888,
                                            29: -1.0298,
                                            30: -1.0657,
                                            31: -1.0837,
                                            32: -1.0822,
                                            33: -1.0774,
                                            34: -1.0861,
                                            35: -1.1077,
                                            36: -1.1313,
                                            37: -1.1533,
                                            38: -1.1768,
                                            39: -1.1944,
                                            40: -1.1759,
                                            41: -1.0818,
                                            42: -0.8917,
                                            43: -0.6127,
                                            44: -0.2647,
                                            45: 0.1208,
                                            46: 0.4994,
                                            47: 0.8297,
                                            48: 1.0881,
                                            49: 1.2648,
                                            50: 1.3592,
                                            51: 1.3982,
                                            52: 1.4413,
                                            53: 1.5195,
                                            54: 1.6046,
                                            55: 1.6623,
                                            56: 1.6659,
                                            57: 1.5644,
                                            58: 1.314,
                                            59: 0.9212,
                                            60: 0.4138,
                                            61: -0.1924,
                                            62: -0.8921,
                                            63: -1.6953,
                                            64: -2.5934,
                                            65: -3.486,
                                            66: -4.2076,
                                            67: -4.6579,
                                            68: -4.8185,
                                            69: -4.651,
                                            70: -4.1051,
                                            71: -3.22,
                                            72: -2.1388,
                                            73: -1.0126,
                                            74: 0.0687,
                                            75: 1.0585,
                                            76: 1.919,
                                            77: 2.6191,
                                            78: 3.1496,
                                            79: 3.5208,
                                            80: 3.7465,
                                            81: 3.8382,
                                            82: 3.8106,
                                            83: 3.6824,
                                            84: 3.4735,
                                            85: 3.2068,
                                            86: 2.9085,
                                            87: 2.5989,
                                            88: 2.2841,
                                            89: 1.9645,
                                            90: 1.643,
                                            91: 1.3127,
                                            92: 0.9135,
                                            93: 0.3695,
                                            94: -0.2543,
                                            95: -0.7996,
                                            96: -1.2174,
                                            97: -1.5359,
                                            98: -1.7059,
                                            99: -1.6827,
                                            100: -1.484,
                                            101: -1.1686,
                                            102: -0.8458,
                                            103: -0.5146,
                                            104: -0.1848,
                                            105: 0.1037,
                                            106: 0.3683,
                                            107: 0.5736,
                                            108: 0.7488,
                                            109: 0.906,
                                            110: 1.0105,
                                            111: 1.0828,
                                            112: 1.1147,
                                            113: 1.1212,
                                            114: 1.1237,
                                            115: 1.1464,
                                            116: 1.2158,
                                            117: 1.3354,
                                            118: 1.5303,
                                            119: 1.7447,
                                            120: 1.8184,
                                            121: 1.6607,
                                            122: 1.3079,
                                            123: 0.8115,
                                            124: 0.19,
                                            125: -0.5071,
                                            126: -1.1824,
                                            127: -1.7595,
                                            128: -2.2199,
                                            129: -2.581,
                                            130: -2.8742,
                                            131: -3.1236,
                                            132: -3.3268,
                                            133: -3.4597,
                                            134: -3.4965,
                                            135: -3.4262,
                                            136: -3.2609,
                                            137: -3.032,
                                            138: -2.7787,
                                            139: -2.5331,
                                            140: -2.3067,
                                            141: -2.0936,
                                            142: -1.8815,
                                            143: -1.6625,
                                            144: -1.439,
                                            145: -1.2222,
                                            146: -1.0309,
                                            147: -0.887,
                                            148: -0.8058,
                                            149: -0.8007,
                                            150: -0.8942,
                                            151: -1.0854,
                                            152: -1.3182,
                                            153: -1.5277,
                                            154: -1.6868,
                                            155: -1.7673,
                                            156: -1.7142,
                                            157: -1.5012,
                                            158: -1.1626,
                                            159: -0.7521,
                                            160: -0.3123,
                                            161: 0.1206,
                                            162: 0.514,
                                            163: 0.8456,
                                            164: 1.0902,
                                            165: 1.2044,
                                            166: 1.1607,
                                            167: 0.9896,
                                            168: 0.7699,
                                            169: 0.5846,
                                            170: 0.4853,
                                            171: 0.4945,
                                            172: 0.6175,
                                            173: 0.8376,
                                            174: 1.1149,
                                            175: 1.3993,
                                            176: 1.6492,
                                            177: 1.8439,
                                            178: 1.9813,
                                            179: 2.0706,
                                            180: 2.12,
                                        }
                                    }
                                }
                            }
                        }

                        over "Hair_BL2_0_ctl"
                        {
                            double avars:rz.timeSamples = {
                                1: -0.6779,
                                2: -0.7245,
                                3: -0.7754,
                                4: -0.8357,
                                5: -0.8966,
                                6: -0.9605,
                                7: -1.0227,
                                8: -1.0816,
                                9: -1.1354,
                                10: -1.1827,
                                11: -1.2225,
                                12: -1.2539,
                                13: -1.2766,
                                14: -1.2903,
                                15: -1.295,
                                16: -1.2913,
                                17: -1.2801,
                                18: -1.2627,
                                19: -1.2407,
                                20: -1.2156,
                                21: -1.1887,
                                22: -1.1612,
                                23: -1.1338,
                                24: -1.1073,
                                25: -1.0821,
                                26: -1.0624,
                                27: -1.0589,
                                28: -1.0469,
                                29: -0.9858,
                                30: -0.8373,
                                31: -0.5573,
                                32: -0.1435,
                                33: 0.3455,
                                34: 0.884,
                                35: 1.4615,
                                36: 2.0467,
                                37: 2.5766,
                                38: 2.9636,
                                39: 3.3319,
                                40: 3.6943,
                                41: 3.9005,
                                42: 3.7361,
                                43: 3.1483,
                                44: 2.33,
                                45: 1.3804,
                                46: 0.4549,
                                47: -0.2875,
                                48: -0.8068,
                                49: -1.1859,
                                50: -1.4294,
                                51: -1.5408,
                                52: -1.4679,
                                53: -1.9631,
                                54: -3.1764,
                                55: -4.4498,
                                56: -5.8232,
                                57: -7.1836,
                                58: -7.7201,
                                59: -7.4355,
                                60: -6.7848,
                                61: -5.8496,
                                62: -4.722,
                                63: -3.4627,
                                64: -0.9781,
                                65: 2.9117,
                                66: 7.0553,
                                67: 9.8643,
                                68: 11.0828,
                                69: 11.6,
                                70: 11.4791,
                                71: 10.7445,
                                72: 9.2955,
                                73: 7.5385,
                                74: 5.7878,
                                75: 4.1905,
                                76: 2.6768,
                                77: 1.3104,
                                78: 0.1001,
                                79: -0.927,
                                80: -1.8039,
                                81: -2.4918,
                                82: -2.9688,
                                83: -3.2611,
                                84: -3.404,
                                85: -3.4427,
                                86: -3.4181,
                                87: -3.4713,
                                88: -3.6274,
                                89: -3.7958,
                                90: -3.8443,
                                91: -3.8493,
                                92: -3.8854,
                                93: -3.8467,
                                94: -2.0188,
                                95: 0.3152,
                                96: 1.7719,
                                97: 2.8996,
                                98: 3.6347,
                                99: 4.0792,
                                100: 3.577,
                                101: 4.3357,
                                102: 2.1651,
                                103: 3.1972,
                                104: 2.3667,
                                105: 1.3128,
                                106: 2.3205,
                                107: 0.4187,
                                108: 0.8745,
                                109: 0.7558,
                                110: -0.635,
                                111: 0.2609,
                                112: -0.8981,
                                113: -0.703,
                                114: -0.939,
                                115: -1.0647,
                                116: -1.3495,
                                117: -1.9796,
                                118: -2.6488,
                                119: -4.6461,
                                120: -7.4026,
                                121: -8.9865,
                                122: -8.5898,
                                123: -7.1612,
                                124: -5.2786,
                                125: -3.757,
                                126: -2.9842,
                                127: -2.8725,
                                128: -3.0212,
                                129: -2.8226,
                                130: -1.92,
                                131: -0.5585,
                                132: 0.8803,
                                133: 1.8424,
                                134: 2.033,
                                135: 1.655,
                                136: 1.0019,
                                137: 0.5256,
                                138: 0.4809,
                                139: 0.7294,
                                140: 1.0496,
                                141: 1.1019,
                                142: 0.7468,
                                143: 0.1313,
                                144: -0.5739,
                                145: -1.1078,
                                146: -1.4729,
                                147: -1.7413,
                                148: -1.8809,
                                149: -1.9015,
                                150: -1.8187,
                                151: -0.8958,
                                152: 0.8172,
                                153: 2.348,
                                154: 3.3638,
                                155: 4.1366,
                                156: 4.6134,
                                157: 4.7218,
                                158: 4.3932,
                                159: 3.7974,
                                160: 2.9961,
                                161: 2.0962,
                                162: 1.2072,
                                163: 0.4217,
                                164: -0.2639,
                                165: -0.9015,
                                166: -0.911,
                                167: -0.0618,
                                168: 1.2816,
                                169: 2.6225,
                                170: 3.3058,
                                171: 3.3013,
                                172: 2.9644,
                                173: 2.4467,
                                174: 2.0244,
                                175: 1.6731,
                                176: 1.3518,
                                177: 1.0676,
                                178: 0.8132,
                                179: 0.6084,
                                180: 0.4329,
                            }

                            over "Hair_BL2_1_ctl"
                            {
                                double avars:rz.timeSamples = {
                                    1: -1.6118,
                                    2: -1.6261,
                                    3: -1.6419,
                                    4: -1.6595,
                                    5: -1.6787,
                                    6: -1.6995,
                                    7: -1.7224,
                                    8: -1.7476,
                                    9: -1.7749,
                                    10: -1.8041,
                                    11: -1.8348,
                                    12: -1.8668,
                                    13: -1.8996,
                                    14: -1.9327,
                                    15: -1.9656,
                                    16: -1.9979,
                                    17: -2.0293,
                                    18: -2.0597,
                                    19: -2.0888,
                                    20: -2.1166,
                                    21: -2.1429,
                                    22: -2.1674,
                                    23: -2.19,
                                    24: -2.2102,
                                    25: -2.2278,
                                    26: -2.2443,
                                    27: -2.2642,
                                    28: -2.2894,
                                    29: -2.3135,
                                    30: -2.3211,
                                    31: -2.2928,
                                    32: -2.2247,
                                    33: -2.1392,
                                    34: -2.0611,
                                    35: -1.9918,
                                    36: -1.9195,
                                    37: -1.842,
                                    38: -1.7653,
                                    39: -1.6836,
                                    40: -1.569,
                                    41: -1.382,
                                    42: -1.0993,
                                    43: -0.7224,
                                    44: -0.2654,
                                    45: 0.2421,
                                    46: 0.7521,
                                    47: 1.2166,
                                    48: 1.604,
                                    49: 1.8979,
                                    50: 2.0929,
                                    51: 2.2087,
                                    52: 2.2921,
                                    53: 2.3676,
                                    54: 2.4145,
                                    55: 2.4069,
                                    56: 2.3259,
                                    57: 2.1312,
                                    58: 1.7808,
                                    59: 1.2729,
                                    60: 0.6299,
                                    61: -0.1318,
                                    62: -0.9936,
                                    63: -1.9359,
                                    64: -2.9273,
                                    65: -3.8762,
                                    66: -4.6442,
                                    67: -5.143,
                                    68: -5.3391,
                                    69: -5.1691,
                                    70: -4.5674,
                                    71: -3.572,
                                    72: -2.3333,
                                    73: -1.012,
                                    74: 0.2904,
                                    75: 1.5127,
                                    76: 2.6015,
                                    77: 3.5122,
                                    78: 4.2255,
                                    79: 4.7456,
                                    80: 5.0838,
                                    81: 5.2506,
                                    82: 5.2604,
                                    83: 5.1319,
                                    84: 4.8859,
                                    85: 4.5458,
                                    86: 4.1383,
                                    87: 3.6874,
                                    88: 3.2085,
                                    89: 2.7124,
                                    90: 2.2086,
                                    91: 1.6932,
                                    92: 1.1107,
                                    93: 0.3945,
                                    94: -0.3787,
                                    95: -1.0456,
                                    96: -1.5628,
                                    97: -1.9649,
                                    98: -2.2023,
                                    99: -2.2174,
                                    100: -2.0274,
                                    101: -1.7005,
                                    102: -1.3377,
                                    103: -0.9426,
                                    104: -0.5395,
                                    105: -0.1652,
                                    106: 0.1842,
                                    107: 0.4716,
                                    108: 0.7319,
                                    109: 0.9635,
                                    110: 1.1373,
                                    111: 1.2738,
                                    112: 1.357,
                                    113: 1.4096,
                                    114: 1.4492,
                                    115: 1.4958,
                                    116: 1.575,
                                    117: 1.6802,
                                    118: 1.8251,
                                    119: 1.9562,
                                    120: 1.9366,
                                    121: 1.6982,
                                    122: 1.2784,
                                    123: 0.7089,
                                    124: -0.0225,
                                    125: -0.8836,
                                    126: -1.7637,
                                    127: -2.5533,
                                    128: -3.1996,
                                    129: -3.6985,
                                    130: -4.0814,
                                    131: -4.3897,
                                    132: -4.6429,
                                    133: -4.8302,
                                    134: -4.9217,
                                    135: -4.8903,
                                    136: -4.7311,
                                    137: -4.4672,
                                    138: -4.1446,
                                    139: -3.8125,
                                    140: -3.5013,
                                    141: -3.2171,
                                    142: -2.9475,
                                    143: -2.677,
                                    144: -2.4006,
                                    145: -2.1284,
                                    146: -1.8834,
                                    147: -1.6931,
                                    148: -1.5754,
                                    149: -1.5404,
                                    150: -1.5989,
                                    151: -1.7456,
                                    152: -1.9354,
                                    153: -2.1119,
                                    154: -2.2437,
                                    155: -2.2937,
                                    156: -2.1996,
                                    157: -1.9317,
                                    158: -1.5257,
                                    159: -1.0392,
                                    160: -0.5184,
                                    161: -0.0027,
                                    162: 0.4724,
                                    163: 0.881,
                                    164: 1.198,
                                    165: 1.388,
                                    166: 1.4306,
                                    167: 1.3514,
                                    168: 1.2133,
                                    169: 1.0816,
                                    170: 1.0036,
                                    171: 1.0157,
                                    172: 1.1435,
                                    173: 1.3837,
                                    174: 1.6986,
                                    175: 2.0314,
                                    176: 2.3328,
                                    177: 2.5769,
                                    178: 2.7587,
                                    179: 2.8862,
                                    180: 2.9671,
                                }

                                over "Hair_BL2_2_ctl"
                                {
                                    double avars:rz.timeSamples = {
                                        1: -0.9622,
                                        2: -0.9765,
                                        3: -0.992,
                                        4: -1.009,
                                        5: -1.0271,
                                        6: -1.0464,
                                        7: -1.0671,
                                        8: -1.0894,
                                        9: -1.113,
                                        10: -1.1377,
                                        11: -1.1633,
                                        12: -1.1894,
                                        13: -1.2156,
                                        14: -1.2417,
                                        15: -1.2673,
                                        16: -1.292,
                                        17: -1.3157,
                                        18: -1.3383,
                                        19: -1.36,
                                        20: -1.3806,
                                        21: -1.4003,
                                        22: -1.4189,
                                        23: -1.4362,
                                        24: -1.4521,
                                        25: -1.4664,
                                        26: -1.4806,
                                        27: -1.4994,
                                        28: -1.5246,
                                        29: -1.5504,
                                        30: -1.5617,
                                        31: -1.5397,
                                        32: -1.4816,
                                        33: -1.4107,
                                        34: -1.353,
                                        35: -1.3114,
                                        36: -1.2757,
                                        37: -1.2453,
                                        38: -1.2271,
                                        39: -1.2164,
                                        40: -1.186,
                                        41: -1.0965,
                                        42: -0.9231,
                                        43: -0.6638,
                                        44: -0.3275,
                                        45: 0.0621,
                                        46: 0.4627,
                                        47: 0.8308,
                                        48: 1.1381,
                                        49: 1.3697,
                                        50: 1.5209,
                                        51: 1.6109,
                                        52: 1.6852,
                                        53: 1.7687,
                                        54: 1.8434,
                                        55: 1.8873,
                                        56: 1.8853,
                                        57: 1.8001,
                                        58: 1.5898,
                                        59: 1.2488,
                                        60: 0.793,
                                        61: 0.2309,
                                        62: -0.4277,
                                        63: -1.1725,
                                        64: -1.9848,
                                        65: -2.7898,
                                        66: -3.4668,
                                        67: -3.9398,
                                        68: -4.179,
                                        69: -4.1191,
                                        70: -3.6875,
                                        71: -2.9107,
                                        72: -1.9246,
                                        73: -0.8738,
                                        74: 0.1552,
                                        75: 1.114,
                                        76: 1.9596,
                                        77: 2.6554,
                                        78: 3.1878,
                                        79: 3.5647,
                                        80: 3.7985,
                                        81: 3.9001,
                                        82: 3.882,
                                        83: 3.7602,
                                        84: 3.5519,
                                        85: 3.2763,
                                        86: 2.9557,
                                        87: 2.61,
                                        88: 2.2518,
                                        89: 1.8889,
                                        90: 1.5285,
                                        91: 1.1639,
                                        92: 0.737,
                                        93: 0.1779,
                                        94: -0.4452,
                                        95: -0.9801,
                                        96: -1.3917,
                                        97: -1.7191,
                                        98: -1.9147,
                                        99: -1.9206,
                                        100: -1.7494,
                                        101: -1.4658,
                                        102: -1.1626,
                                        103: -0.8388,
                                        104: -0.5151,
                                        105: -0.2218,
                                        106: 0.046,
                                        107: 0.2555,
                                        108: 0.4441,
                                        109: 0.61,
                                        110: 0.728,
                                        111: 0.8176,
                                        112: 0.864,
                                        113: 0.8899,
                                        114: 0.9124,
                                        115: 0.9515,
                                        116: 1.0332,
                                        117: 1.153,
                                        118: 1.3273,
                                        119: 1.5094,
                                        120: 1.5714,
                                        121: 1.4505,
                                        122: 1.1815,
                                        123: 0.7874,
                                        124: 0.2446,
                                        125: -0.4261,
                                        126: -1.1225,
                                        127: -1.74,
                                        128: -2.2275,
                                        129: -2.5823,
                                        130: -2.8383,
                                        131: -3.0407,
                                        132: -3.2136,
                                        133: -3.3488,
                                        134: -3.4162,
                                        135: -3.3856,
                                        136: -3.2468,
                                        137: -3.0177,
                                        138: -2.7405,
                                        139: -2.462,
                                        140: -2.2113,
                                        141: -1.993,
                                        142: -1.7925,
                                        143: -1.5908,
                                        144: -1.3792,
                                        145: -1.1645,
                                        146: -0.9677,
                                        147: -0.8147,
                                        148: -0.7232,
                                        149: -0.7038,
                                        150: -0.7689,
                                        151: -0.9174,
                                        152: -1.1119,
                                        153: -1.3036,
                                        154: -1.4665,
                                        155: -1.5669,
                                        156: -1.5439,
                                        157: -1.3663,
                                        158: -1.0662,
                                        159: -0.6958,
                                        160: -0.2952,
                                        161: 0.1022,
                                        162: 0.4665,
                                        163: 0.7762,
                                        164: 1.0093,
                                        165: 1.1324,
                                        166: 1.1244,
                                        167: 1.0062,
                                        168: 0.8335,
                                        169: 0.6643,
                                        170: 0.541,
                                        171: 0.4988,
                                        172: 0.5645,
                                        173: 0.7381,
                                        174: 0.9855,
                                        175: 1.2529,
                                        176: 1.494,
                                        177: 1.6848,
                                        178: 1.8217,
                                        179: 1.9134,
                                        180: 1.9679,
                                    }

                                    over "Hair_BL2_3_ctl"
                                    {
                                        double avars:rz.timeSamples = {
                                            1: -0.8323,
                                            2: -0.8465,
                                            3: -0.862,
                                            4: -0.8789,
                                            5: -0.8968,
                                            6: -0.9157,
                                            7: -0.936,
                                            8: -0.9577,
                                            9: -0.9806,
                                            10: -1.0044,
                                            11: -1.029,
                                            12: -1.0539,
                                            13: -1.0789,
                                            14: -1.1036,
                                            15: -1.1276,
                                            16: -1.1508,
                                            17: -1.1729,
                                            18: -1.194,
                                            19: -1.2142,
                                            20: -1.2334,
                                            21: -1.2518,
                                            22: -1.2692,
                                            23: -1.2855,
                                            24: -1.3005,
                                            25: -1.3141,
                                            26: -1.3279,
                                            27: -1.3464,
                                            28: -1.3717,
                                            29: -1.3978,
                                            30: -1.4098,
                                            31: -1.3891,
                                            32: -1.333,
                                            33: -1.265,
                                            34: -1.2114,
                                            35: -1.1753,
                                            36: -1.147,
                                            37: -1.126,
                                            38: -1.1195,
                                            39: -1.1229,
                                            40: -1.1094,
                                            41: -1.0394,
                                            42: -0.8879,
                                            43: -0.6521,
                                            44: -0.3399,
                                            45: 0.0261,
                                            46: 0.4048,
                                            47: 0.7536,
                                            48: 1.0449,
                                            49: 1.264,
                                            50: 1.4065,
                                            51: 1.4913,
                                            52: 1.5638,
                                            53: 1.6489,
                                            54: 1.7291,
                                            55: 1.7834,
                                            56: 1.7972,
                                            57: 1.7339,
                                            58: 1.5516,
                                            59: 1.244,
                                            60: 0.8256,
                                            61: 0.3035,
                                            62: -0.3145,
                                            63: -1.0199,
                                            64: -1.7963,
                                            65: -2.5725,
                                            66: -3.2314,
                                            67: -3.6991,
                                            68: -3.947,
                                            69: -3.9091,
                                            70: -3.5115,
                                            71: -2.7785,
                                            72: -1.8429,
                                            73: -0.8461,
                                            74: 0.1282,
                                            75: 1.0343,
                                            76: 1.8312,
                                            77: 2.484,
                                            78: 2.9803,
                                            79: 3.3285,
                                            80: 3.5415,
                                            81: 3.63,
                                            82: 3.6063,
                                            83: 3.4859,
                                            84: 3.2851,
                                            85: 3.0224,
                                            86: 2.7191,
                                            87: 2.3946,
                                            88: 2.0604,
                                            89: 1.7243,
                                            90: 1.3925,
                                            91: 1.0581,
                                            92: 0.6623,
                                            93: 0.1346,
                                            94: -0.4585,
                                            95: -0.9671,
                                            96: -1.3575,
                                            97: -1.67,
                                            98: -1.8572,
                                            99: -1.8612,
                                            100: -1.6938,
                                            101: -1.4189,
                                            102: -1.1275,
                                            103: -0.8181,
                                            104: -0.5102,
                                            105: -0.2331,
                                            106: 0.0183,
                                            107: 0.2123,
                                            108: 0.3865,
                                            109: 0.5394,
                                            110: 0.6461,
                                            111: 0.7264,
                                            112: 0.7654,
                                            113: 0.786,
                                            114: 0.8051,
                                            115: 0.8427,
                                            116: 0.9248,
                                            117: 1.0475,
                                            118: 1.2278,
                                            119: 1.4201,
                                            120: 1.4984,
                                            121: 1.401,
                                            122: 1.1622,
                                            123: 0.8031,
                                            124: 0.298,
                                            125: -0.3346,
                                            126: -0.9943,
                                            127: -1.5773,
                                            128: -2.0331,
                                            129: -2.3591,
                                            130: -2.5897,
                                            131: -2.771,
                                            132: -2.9277,
                                            133: -3.0525,
                                            134: -3.1151,
                                            135: -3.0846,
                                            136: -2.9499,
                                            137: -2.7278,
                                            138: -2.4597,
                                            139: -2.1919,
                                            140: -1.9534,
                                            141: -1.7482,
                                            142: -1.5615,
                                            143: -1.3735,
                                            144: -1.1749,
                                            145: -0.9717,
                                            146: -0.7845,
                                            147: -0.639,
                                            148: -0.5528,
                                            149: -0.5365,
                                            150: -0.6029,
                                            151: -0.7518,
                                            152: -0.9472,
                                            153: -1.1419,
                                            154: -1.3111,
                                            155: -1.4216,
                                            156: -1.4128,
                                            157: -1.2532,
                                            158: -0.9742,
                                            159: -0.6271,
                                            160: -0.2505,
                                            161: 0.1232,
                                            162: 0.4653,
                                            163: 0.7552,
                                            164: 0.9716,
                                            165: 1.0813,
                                            166: 1.0631,
                                            167: 0.9371,
                                            168: 0.7575,
                                            169: 0.5808,
                                            170: 0.4485,
                                            171: 0.3954,
                                            172: 0.4487,
                                            173: 0.609,
                                            174: 0.8429,
                                            175: 1.0972,
                                            176: 1.3263,
                                            177: 1.5063,
                                            178: 1.6343,
                                            179: 1.7188,
                                            180: 1.7681,
                                        }
                                    }
                                }
                            }
                        }

                        over "Hair_BL3_0_ctl"
                        {
                            double avars:rz.timeSamples = {
                                1: -0.5125,
                                2: -0.5372,
                                3: -0.5677,
                                4: -0.6086,
                                5: -0.6505,
                                6: -0.6955,
                                7: -0.7389,
                                8: -0.7791,
                                9: -0.8143,
                                10: -0.8431,
                                11: -0.8644,
                                12: -0.8775,
                                13: -0.8821,
                                14: -0.8781,
                                15: -0.8658,
                                16: -0.8458,
                                17: -0.8195,
                                18: -0.7886,
                                19: -0.7554,
                                20: -0.7216,
                                21: -0.689,
                                22: -0.659,
                                23: -0.6326,
                                24: -0.6106,
                                25: -0.5935,
                                26: -0.586,
                                27: -0.6001,
                                28: -0.6093,
                                29: -0.5669,
                                30: -0.4232,
                                31: -0.121,
                                32: 0.344,
                                33: 0.8948,
                                34: 1.4827,
                                35: 2.0885,
                                36: 2.6805,
                                37: 3.1887,
                                38: 3.5189,
                                39: 3.7918,
                                40: 4.0158,
                                41: 4.0407,
                                42: 3.6631,
                                43: 2.858,
                                44: 1.8583,
                                45: 0.795,
                                46: -0.1684,
                                47: -0.8894,
                                48: -1.3548,
                                49: -1.6715,
                                50: -1.8609,
                                51: -1.9439,
                                52: -1.8956,
                                53: -2.474,
                                54: -3.793,
                                55: -5.1505,
                                56: -6.5403,
                                57: -7.811,
                                58: -8.172,
                                59: -7.6858,
                                60: -6.8553,
                                61: -5.7969,
                                62: -4.5914,
                                63: -3.2258,
                                64: -0.5705,
                                65: 3.4747,
                                66: 7.6211,
                                67: 10.1983,
                                68: 10.9945,
                                69: 11.0371,
                                70: 10.5221,
                                71: 9.5249,
                                72: 7.925,
                                73: 6.1051,
                                74: 4.3729,
                                75: 2.8626,
                                76: 1.4763,
                                77: 0.2484,
                                78: -0.8287,
                                79: -1.7292,
                                80: -2.482,
                                81: -3.0468,
                                82: -3.4042,
                                83: -3.5858,
                                84: -3.6336,
                                85: -3.6012,
                                86: -3.5359,
                                87: -3.5745,
                                88: -3.7232,
                                89: -3.87,
                                90: -3.8725,
                                91: -3.8086,
                                92: -3.7513,
                                93: -3.5789,
                                94: -1.583,
                                95: 0.896,
                                96: 2.3962,
                                97: 3.4288,
                                98: 3.9845,
                                99: 4.2786,
                                100: 3.6887,
                                101: 4.3815,
                                102: 2.2011,
                                103: 3.2637,
                                104: 2.4603,
                                105: 1.4634,
                                106: 2.4999,
                                107: 0.6106,
                                108: 1.1083,
                                109: 1.0029,
                                110: -0.3663,
                                111: 0.5547,
                                112: -0.6083,
                                113: -0.4008,
                                114: -0.631,
                                115: -0.7687,
                                116: -1.0655,
                                117: -1.7315,
                                118: -2.4684,
                                119: -4.5213,
                                120: -7.2351,
                                121: -8.6132,
                                122: -7.8672,
                                123: -6.0624,
                                124: -3.9533,
                                125: -2.458,
                                126: -1.9066,
                                127: -2.0691,
                                128: -2.4168,
                                129: -2.2788,
                                130: -1.3247,
                                131: 0.1104,
                                132: 1.5471,
                                133: 2.3819,
                                134: 2.3498,
                                135: 1.7367,
                                136: 0.9211,
                                137: 0.3966,
                                138: 0.396,
                                139: 0.7163,
                                140: 1.069,
                                141: 1.0813,
                                142: 0.6314,
                                143: -0.0845,
                                144: -0.8497,
                                145: -1.3874,
                                146: -1.7153,
                                147: -1.9314,
                                148: -2.0219,
                                149: -1.9915,
                                150: -1.8248,
                                151: -0.7822,
                                152: 1.0317,
                                153: 2.5873,
                                154: 3.5344,
                                155: 4.1663,
                                156: 4.4822,
                                157: 4.4517,
                                158: 4.0107,
                                159: 3.3233,
                                160: 2.4557,
                                161: 1.521,
                                162: 0.6283,
                                163: -0.1361,
                                164: -0.7744,
                                165: -1.3187,
                                166: -1.1781,
                                167: -0.1526,
                                168: 1.325,
                                169: 2.6826,
                                170: 3.2428,
                                171: 3.0357,
                                172: 2.5117,
                                173: 1.8906,
                                174: 1.4602,
                                175: 1.1603,
                                176: 0.9093,
                                177: 0.6916,
                                178: 0.494,
                                179: 0.3406,
                                180: 0.2152,
                            }

                            over "Hair_BL3_1_ctl"
                            {
                                double avars:rz.timeSamples = {
                                    1: -1.38,
                                    2: -1.3748,
                                    3: -1.3726,
                                    4: -1.3735,
                                    5: -1.3765,
                                    6: -1.3815,
                                    7: -1.3893,
                                    8: -1.4,
                                    9: -1.4134,
                                    10: -1.4292,
                                    11: -1.4469,
                                    12: -1.4663,
                                    13: -1.487,
                                    14: -1.5086,
                                    15: -1.5306,
                                    16: -1.5528,
                                    17: -1.5752,
                                    18: -1.5981,
                                    19: -1.6219,
                                    20: -1.647,
                                    21: -1.6735,
                                    22: -1.7014,
                                    23: -1.7307,
                                    24: -1.7611,
                                    25: -1.7923,
                                    26: -1.8271,
                                    27: -1.873,
                                    28: -1.9319,
                                    29: -1.9905,
                                    30: -2.0188,
                                    31: -1.9796,
                                    32: -1.867,
                                    33: -1.7281,
                                    34: -1.617,
                                    35: -1.5433,
                                    36: -1.4918,
                                    37: -1.4658,
                                    38: -1.4797,
                                    39: -1.5287,
                                    40: -1.5747,
                                    41: -1.5584,
                                    42: -1.4356,
                                    43: -1.185,
                                    44: -0.7948,
                                    45: -0.2802,
                                    46: 0.2998,
                                    47: 0.868,
                                    48: 1.3634,
                                    49: 1.7476,
                                    50: 2.0022,
                                    51: 2.1447,
                                    52: 2.2252,
                                    53: 2.2777,
                                    54: 2.2984,
                                    55: 2.2833,
                                    56: 2.2396,
                                    57: 2.1365,
                                    58: 1.8976,
                                    59: 1.4756,
                                    60: 0.8637,
                                    61: 0.0532,
                                    62: -0.932,
                                    63: -2.0255,
                                    64: -3.1724,
                                    65: -4.3104,
                                    66: -5.3464,
                                    67: -6.2185,
                                    68: -6.8521,
                                    69: -7.0573,
                                    70: -6.6379,
                                    71: -5.6023,
                                    72: -4.1703,
                                    73: -2.5777,
                                    74: -0.9618,
                                    75: 0.5935,
                                    76: 2.003,
                                    77: 3.1908,
                                    78: 4.1241,
                                    79: 4.8132,
                                    80: 5.2792,
                                    81: 5.5392,
                                    82: 5.6108,
                                    83: 5.5148,
                                    84: 5.2731,
                                    85: 4.9098,
                                    86: 4.4548,
                                    87: 3.9417,
                                    88: 3.4021,
                                    89: 2.8631,
                                    90: 2.3421,
                                    91: 1.829,
                                    92: 1.238,
                                    93: 0.4752,
                                    94: -0.3594,
                                    95: -1.0736,
                                    96: -1.6653,
                                    97: -2.2171,
                                    98: -2.6214,
                                    99: -2.7154,
                                    100: -2.497,
                                    101: -2.0912,
                                    102: -1.6157,
                                    103: -1.0811,
                                    104: -0.5478,
                                    105: -0.0407,
                                    106: 0.4085,
                                    107: 0.7579,
                                    108: 1.0934,
                                    109: 1.3736,
                                    110: 1.5844,
                                    111: 1.7522,
                                    112: 1.8327,
                                    113: 1.8903,
                                    114: 1.9354,
                                    115: 1.9905,
                                    116: 2.1064,
                                    117: 2.2599,
                                    118: 2.4701,
                                    119: 2.6946,
                                    120: 2.7973,
                                    121: 2.726,
                                    122: 2.5209,
                                    123: 2.14,
                                    124: 1.4326,
                                    125: 0.3636,
                                    126: -0.8735,
                                    127: -2.0258,
                                    128: -2.9313,
                                    129: -3.5432,
                                    130: -3.9292,
                                    131: -4.2167,
                                    132: -4.5055,
                                    133: -4.8162,
                                    134: -5.0837,
                                    135: -5.2076,
                                    136: -5.1174,
                                    137: -4.8127,
                                    138: -4.3724,
                                    139: -3.91,
                                    140: -3.5142,
                                    141: -3.2142,
                                    142: -2.9765,
                                    143: -2.7406,
                                    144: -2.4637,
                                    145: -2.1456,
                                    146: -1.8287,
                                    147: -1.569,
                                    148: -1.4057,
                                    149: -1.3506,
                                    150: -1.4016,
                                    151: -1.5543,
                                    152: -1.7872,
                                    153: -2.0639,
                                    154: -2.3559,
                                    155: -2.5977,
                                    156: -2.6627,
                                    157: -2.4766,
                                    158: -2.0852,
                                    159: -1.5717,
                                    160: -0.9944,
                                    161: -0.4005,
                                    162: 0.1638,
                                    163: 0.661,
                                    164: 1.0586,
                                    165: 1.3192,
                                    166: 1.4183,
                                    167: 1.3681,
                                    168: 1.2079,
                                    169: 0.9757,
                                    170: 0.7214,
                                    171: 0.5381,
                                    172: 0.529,
                                    173: 0.739,
                                    174: 1.1238,
                                    175: 1.5782,
                                    176: 2.0051,
                                    177: 2.3528,
                                    178: 2.6118,
                                    179: 2.7978,
                                    180: 2.9255,
                                }

                                over "Hair_BL3_2_ctl"
                                {
                                    double avars:rz.timeSamples = {
                                        1: -0.7304,
                                        2: -0.7251,
                                        3: -0.7226,
                                        4: -0.723,
                                        5: -0.7249,
                                        6: -0.7284,
                                        7: -0.734,
                                        8: -0.7418,
                                        9: -0.7515,
                                        10: -0.7628,
                                        11: -0.7753,
                                        12: -0.7889,
                                        13: -0.8031,
                                        14: -0.8176,
                                        15: -0.8323,
                                        16: -0.8468,
                                        17: -0.8615,
                                        18: -0.8767,
                                        19: -0.8931,
                                        20: -0.911,
                                        21: -0.9309,
                                        22: -0.9529,
                                        23: -0.9769,
                                        24: -1.003,
                                        25: -1.0309,
                                        26: -1.0634,
                                        27: -1.1081,
                                        28: -1.1671,
                                        29: -1.2274,
                                        30: -1.2593,
                                        31: -1.2265,
                                        32: -1.1239,
                                        33: -0.9996,
                                        34: -0.9088,
                                        35: -0.8629,
                                        36: -0.8481,
                                        37: -0.8691,
                                        38: -0.9416,
                                        39: -1.0615,
                                        40: -1.1916,
                                        41: -1.2729,
                                        42: -1.2594,
                                        43: -1.1265,
                                        44: -0.8569,
                                        45: -0.4601,
                                        46: 0.0104,
                                        47: 0.4822,
                                        48: 0.8975,
                                        49: 1.2194,
                                        50: 1.4302,
                                        51: 1.5469,
                                        52: 1.6184,
                                        53: 1.6787,
                                        54: 1.7273,
                                        55: 1.7637,
                                        56: 1.7989,
                                        57: 1.8054,
                                        58: 1.7066,
                                        59: 1.4515,
                                        60: 1.0268,
                                        61: 0.4159,
                                        62: -0.3661,
                                        63: -1.2621,
                                        64: -2.2299,
                                        65: -3.224,
                                        66: -4.169,
                                        67: -5.0153,
                                        68: -5.6921,
                                        69: -6.0073,
                                        70: -5.758,
                                        71: -4.9411,
                                        72: -3.7616,
                                        73: -2.4395,
                                        74: -1.097,
                                        75: 0.1948,
                                        76: 1.3611,
                                        77: 2.3339,
                                        78: 3.0865,
                                        79: 3.6322,
                                        80: 3.994,
                                        81: 4.1887,
                                        82: 4.2324,
                                        83: 4.1432,
                                        84: 3.9391,
                                        85: 3.6403,
                                        86: 3.2721,
                                        87: 2.8644,
                                        88: 2.4455,
                                        89: 2.0397,
                                        90: 1.662,
                                        91: 1.2997,
                                        92: 0.8643,
                                        93: 0.2586,
                                        94: -0.4259,
                                        95: -1.0082,
                                        96: -1.4942,
                                        97: -1.9713,
                                        98: -2.3338,
                                        99: -2.4186,
                                        100: -2.2189,
                                        101: -1.8565,
                                        102: -1.4406,
                                        103: -0.9773,
                                        104: -0.5234,
                                        105: -0.0973,
                                        106: 0.2703,
                                        107: 0.5418,
                                        108: 0.8055,
                                        109: 1.0201,
                                        110: 1.1751,
                                        111: 1.2961,
                                        112: 1.3397,
                                        113: 1.3706,
                                        114: 1.3987,
                                        115: 1.4462,
                                        116: 1.5646,
                                        117: 1.7326,
                                        118: 1.9724,
                                        119: 2.2479,
                                        120: 2.4321,
                                        121: 2.4784,
                                        122: 2.424,
                                        123: 2.2185,
                                        124: 1.6997,
                                        125: 0.8211,
                                        126: -0.2324,
                                        127: -1.2125,
                                        128: -1.9592,
                                        129: -2.427,
                                        130: -2.6861,
                                        131: -2.8678,
                                        132: -3.0762,
                                        133: -3.3348,
                                        134: -3.5782,
                                        135: -3.7029,
                                        136: -3.633,
                                        137: -3.3633,
                                        138: -2.9683,
                                        139: -2.5595,
                                        140: -2.2242,
                                        141: -1.9902,
                                        142: -1.8215,
                                        143: -1.6544,
                                        144: -1.4423,
                                        145: -1.1817,
                                        146: -0.913,
                                        147: -0.6907,
                                        148: -0.5535,
                                        149: -0.514,
                                        150: -0.5716,
                                        151: -0.7261,
                                        152: -0.9637,
                                        153: -1.2556,
                                        154: -1.5787,
                                        155: -1.871,
                                        156: -2.007,
                                        157: -1.9112,
                                        158: -1.6257,
                                        159: -1.2282,
                                        160: -0.7712,
                                        161: -0.2956,
                                        162: 0.1578,
                                        163: 0.5561,
                                        164: 0.8698,
                                        165: 1.0636,
                                        166: 1.112,
                                        167: 1.0228,
                                        168: 0.828,
                                        169: 0.5584,
                                        170: 0.2587,
                                        171: 0.0211,
                                        172: -0.05,
                                        173: 0.0935,
                                        174: 0.4107,
                                        175: 0.7997,
                                        176: 1.1663,
                                        177: 1.4607,
                                        178: 1.6748,
                                        179: 1.825,
                                        180: 1.9263,
                                    }
                                }
                            }
                        }

                        over "Hair_BR1_0_ctl"
                        {
                            double avars:rz.timeSamples = {
                                1: -1.0359,
                                2: -1.0554,
                                3: -1.0767,
                                4: -1.1063,
                                5: -1.1366,
                                6: -1.1708,
                                7: -1.2049,
                                8: -1.2378,
                                9: -1.2683,
                                10: -1.2951,
                                11: -1.3173,
                                12: -1.3342,
                                13: -1.3451,
                                14: -1.3497,
                                15: -1.3478,
                                16: -1.3394,
                                17: -1.3246,
                                18: -1.3039,
                                19: -1.2776,
                                20: -1.2464,
                                21: -1.2108,
                                22: -1.1714,
                                23: -1.1288,
                                24: -1.0837,
                                25: -1.0365,
                                26: -0.9899,
                                27: -0.9511,
                                28: -0.8983,
                                29: -0.8066,
                                30: -0.6687,
                                31: -0.4769,
                                32: -0.23,
                                33: 0.0687,
                                34: 0.4593,
                                35: 0.9594,
                                36: 1.5414,
                                37: 2.1402,
                                38: 2.6528,
                                39: 3.1821,
                                40: 3.7293,
                                41: 4.136,
                                42: 4.1727,
                                43: 3.7671,
                                44: 3.0965,
                                45: 2.2523,
                                46: 1.3893,
                                47: 0.6683,
                                48: 0.1326,
                                49: -0.2942,
                                50: -0.6081,
                                51: -0.7884,
                                52: -0.7311,
                                53: -1.1577,
                                54: -2.249,
                                55: -3.3903,
                                56: -4.6612,
                                57: -6.0177,
                                58: -6.6955,
                                59: -6.6756,
                                60: -6.3675,
                                61: -5.8191,
                                62: -5.1358,
                                63: -4.4402,
                                64: -2.6015,
                                65: 0.7642,
                                66: 4.692,
                                67: 7.6024,
                                68: 9.1298,
                                69: 10.0488,
                                70: 10.3439,
                                71: 10.0016,
                                72: 8.9152,
                                73: 7.4898,
                                74: 6.0314,
                                75: 4.6794,
                                76: 3.3621,
                                77: 2.1445,
                                78: 1.037,
                                79: 0.0678,
                                80: -0.7941,
                                81: -1.5057,
                                82: -2.0406,
                                83: -2.4196,
                                84: -2.6717,
                                85: -2.8376,
                                86: -2.9561,
                                87: -3.1568,
                                88: -3.4414,
                                89: -3.7012,
                                90: -3.8021,
                                91: -3.833,
                                92: -3.8772,
                                93: -3.7976,
                                94: -1.8776,
                                95: 0.5018,
                                96: 1.8971,
                                97: 2.908,
                                98: 3.5304,
                                99: 3.8782,
                                100: 3.3079,
                                101: 4.049,
                                102: 1.8799,
                                103: 2.9213,
                                104: 2.1218,
                                105: 1.0977,
                                106: 2.1491,
                                107: 0.3001,
                                108: 0.7994,
                                109: 0.7373,
                                110: -0.6014,
                                111: 0.3364,
                                112: -0.7789,
                                113: -0.5539,
                                114: -0.7758,
                                115: -0.8956,
                                116: -1.1652,
                                117: -1.7058,
                                118: -2.1028,
                                119: -3.6508,
                                120: -6.0421,
                                121: -7.6309,
                                122: -7.6197,
                                123: -6.7485,
                                124: -5.3568,
                                125: -4.1058,
                                126: -3.3713,
                                127: -3.1758,
                                128: -3.2858,
                                129: -3.2189,
                                130: -2.6134,
                                131: -1.5924,
                                132: -0.3842,
                                133: 0.5515,
                                134: 0.9056,
                                135: 0.7835,
                                136: 0.3522,
                                137: -0.0266,
                                138: -0.0991,
                                139: 0.0709,
                                140: 0.3571,
                                141: 0.4757,
                                142: 0.2769,
                                143: -0.1496,
                                144: -0.6951,
                                145: -1.1287,
                                146: -1.4488,
                                147: -1.7207,
                                148: -1.9119,
                                149: -2.0706,
                                150: -2.2857,
                                151: -1.7728,
                                152: -0.383,
                                153: 1.0366,
                                154: 2.1156,
                                155: 3.0482,
                                156: 3.7356,
                                157: 4.0811,
                                158: 4,
                                159: 3.6498,
                                160: 3.081,
                                161: 2.3879,
                                162: 1.6682,
                                163: 1.0083,
                                164: 0.3961,
                                165: -0.2382,
                                166: -0.3123,
                                167: 0.4462,
                                168: 1.7223,
                                169: 3.0383,
                                170: 3.7254,
                                171: 3.729,
                                172: 3.3861,
                                173: 2.8407,
                                174: 2.3735,
                                175: 1.9716,
                                176: 1.6045,
                                177: 1.2856,
                                178: 1.0089,
                                179: 0.7929,
                                180: 0.6157,
                            }

                            over "Hair_BR1_1_ctl"
                            {
                                double avars:rz.timeSamples = {
                                    1: -1.8921,
                                    2: -1.8879,
                                    3: -1.884,
                                    4: -1.8813,
                                    5: -1.8801,
                                    6: -1.8809,
                                    7: -1.8844,
                                    8: -1.891,
                                    9: -1.9008,
                                    10: -1.9135,
                                    11: -1.9291,
                                    12: -1.9471,
                                    13: -1.967,
                                    14: -1.9884,
                                    15: -2.0107,
                                    16: -2.0332,
                                    17: -2.0553,
                                    18: -2.0765,
                                    19: -2.0961,
                                    20: -2.1138,
                                    21: -2.129,
                                    22: -2.1413,
                                    23: -2.1504,
                                    24: -2.1559,
                                    25: -2.1578,
                                    26: -2.1567,
                                    27: -2.1557,
                                    28: -2.158,
                                    29: -2.1643,
                                    30: -2.1729,
                                    31: -2.1805,
                                    32: -2.1839,
                                    33: -2.1808,
                                    34: -2.1668,
                                    35: -2.1307,
                                    36: -2.0591,
                                    37: -1.9508,
                                    38: -1.8185,
                                    39: -1.6661,
                                    40: -1.4705,
                                    41: -1.1959,
                                    42: -0.8258,
                                    43: -0.3701,
                                    44: 0.1499,
                                    45: 0.7013,
                                    46: 1.2361,
                                    47: 1.7067,
                                    48: 2.0834,
                                    49: 2.3523,
                                    50: 2.5122,
                                    51: 2.5935,
                                    52: 2.6659,
                                    53: 2.768,
                                    54: 2.865,
                                    55: 2.9121,
                                    56: 2.8727,
                                    57: 2.6758,
                                    58: 2.2588,
                                    59: 1.6295,
                                    60: 0.8307,
                                    61: -0.1063,
                                    62: -1.1688,
                                    63: -2.3646,
                                    64: -3.6459,
                                    65: -4.8303,
                                    66: -5.6965,
                                    67: -6.1523,
                                    68: -6.2128,
                                    69: -5.8658,
                                    70: -5.0804,
                                    71: -3.9115,
                                    72: -2.5123,
                                    73: -1.044,
                                    74: 0.3882,
                                    75: 1.7199,
                                    76: 2.8965,
                                    77: 3.8741,
                                    78: 4.6341,
                                    79: 5.1813,
                                    80: 5.5277,
                                    81: 5.6857,
                                    82: 5.6717,
                                    83: 5.5068,
                                    84: 5.2145,
                                    85: 4.8203,
                                    86: 4.3517,
                                    87: 3.8378,
                                    88: 3.3043,
                                    89: 2.7703,
                                    90: 2.2458,
                                    91: 1.7216,
                                    92: 1.138,
                                    93: 0.4425,
                                    94: -0.2875,
                                    95: -0.9319,
                                    96: -1.4745,
                                    97: -1.9266,
                                    98: -2.2125,
                                    99: -2.2692,
                                    100: -2.1084,
                                    101: -1.7883,
                                    102: -1.4244,
                                    103: -1.0249,
                                    104: -0.6081,
                                    105: -0.221,
                                    106: 0.1471,
                                    107: 0.4569,
                                    108: 0.7351,
                                    109: 0.99,
                                    110: 1.1847,
                                    111: 1.3373,
                                    112: 1.4371,
                                    113: 1.4997,
                                    114: 1.542,
                                    115: 1.5873,
                                    116: 1.669,
                                    117: 1.8095,
                                    118: 2.0705,
                                    119: 2.3963,
                                    120: 2.5337,
                                    121: 2.2876,
                                    122: 1.6909,
                                    123: 0.8678,
                                    124: -0.0878,
                                    125: -1.0751,
                                    126: -1.9784,
                                    127: -2.7368,
                                    128: -3.372,
                                    129: -3.9355,
                                    130: -4.4564,
                                    131: -4.922,
                                    132: -5.2834,
                                    133: -5.4879,
                                    134: -5.5121,
                                    135: -5.372,
                                    136: -5.119,
                                    137: -4.8162,
                                    138: -4.51,
                                    139: -4.2165,
                                    140: -3.9238,
                                    141: -3.6128,
                                    142: -3.2762,
                                    143: -2.9235,
                                    144: -2.5777,
                                    145: -2.2616,
                                    146: -1.997,
                                    147: -1.8079,
                                    148: -1.7124,
                                    149: -1.7373,
                                    150: -1.9262,
                                    151: -2.2525,
                                    152: -2.5828,
                                    153: -2.8049,
                                    154: -2.9043,
                                    155: -2.8784,
                                    156: -2.6853,
                                    157: -2.306,
                                    158: -1.7835,
                                    159: -1.1809,
                                    160: -0.5493,
                                    161: 0.0662,
                                    162: 0.6249,
                                    163: 1.098,
                                    164: 1.4566,
                                    165: 1.6574,
                                    166: 1.6809,
                                    167: 1.5712,
                                    168: 1.4132,
                                    169: 1.2806,
                                    170: 1.2145,
                                    171: 1.2405,
                                    172: 1.3759,
                                    173: 1.6141,
                                    174: 1.9192,
                                    175: 2.2394,
                                    176: 2.5304,
                                    177: 2.7686,
                                    178: 2.9498,
                                    179: 3.0813,
                                    180: 3.1701,
                                }

                                over "Hair_BR1_2_ctl"
                                {
                                    double avars:rz.timeSamples = {
                                        1: -1.2425,
                                        2: -1.2382,
                                        3: -1.2341,
                                        4: -1.2308,
                                        5: -1.2286,
                                        6: -1.2278,
                                        7: -1.2291,
                                        8: -1.2327,
                                        9: -1.2388,
                                        10: -1.2472,
                                        11: -1.2575,
                                        12: -1.2696,
                                        13: -1.2831,
                                        14: -1.2975,
                                        15: -1.3123,
                                        16: -1.3272,
                                        17: -1.3416,
                                        18: -1.3551,
                                        19: -1.3673,
                                        20: -1.3778,
                                        21: -1.3864,
                                        22: -1.3927,
                                        23: -1.3966,
                                        24: -1.3978,
                                        25: -1.3963,
                                        26: -1.393,
                                        27: -1.3909,
                                        28: -1.3933,
                                        29: -1.4012,
                                        30: -1.4134,
                                        31: -1.4275,
                                        32: -1.4408,
                                        33: -1.4523,
                                        34: -1.4586,
                                        35: -1.4503,
                                        36: -1.4154,
                                        37: -1.3542,
                                        38: -1.2804,
                                        39: -1.1989,
                                        40: -1.0875,
                                        41: -0.9104,
                                        42: -0.6496,
                                        43: -0.3116,
                                        44: 0.0878,
                                        45: 0.5214,
                                        46: 0.9466,
                                        47: 1.3209,
                                        48: 1.6174,
                                        49: 1.8241,
                                        50: 1.9402,
                                        51: 1.9957,
                                        52: 2.0591,
                                        53: 2.169,
                                        54: 2.2939,
                                        55: 2.3925,
                                        56: 2.4321,
                                        57: 2.3447,
                                        58: 2.0678,
                                        59: 1.6054,
                                        60: 0.9938,
                                        61: 0.2564,
                                        62: -0.6029,
                                        63: -1.6013,
                                        64: -2.7034,
                                        65: -3.7439,
                                        66: -4.5191,
                                        67: -4.9491,
                                        68: -5.0528,
                                        69: -4.8158,
                                        70: -4.2005,
                                        71: -3.2503,
                                        72: -2.1037,
                                        73: -0.9058,
                                        74: 0.2531,
                                        75: 1.3212,
                                        76: 2.2545,
                                        77: 3.0173,
                                        78: 3.5965,
                                        79: 4.0003,
                                        80: 4.2424,
                                        81: 4.3352,
                                        82: 4.2933,
                                        83: 4.1351,
                                        84: 3.8806,
                                        85: 3.5508,
                                        86: 3.1691,
                                        87: 2.7605,
                                        88: 2.3477,
                                        89: 1.9469,
                                        90: 1.5657,
                                        91: 1.1923,
                                        92: 0.7643,
                                        93: 0.2259,
                                        94: -0.3539,
                                        95: -0.8665,
                                        96: -1.3034,
                                        97: -1.6808,
                                        98: -1.9249,
                                        99: -1.9724,
                                        100: -1.8303,
                                        101: -1.5537,
                                        102: -1.2492,
                                        103: -0.9211,
                                        104: -0.5837,
                                        105: -0.2775,
                                        106: 0.0089,
                                        107: 0.2408,
                                        108: 0.4473,
                                        109: 0.6365,
                                        110: 0.7754,
                                        111: 0.8811,
                                        112: 0.9441,
                                        113: 0.98,
                                        114: 1.0053,
                                        115: 1.043,
                                        116: 1.1272,
                                        117: 1.2823,
                                        118: 1.5728,
                                        119: 1.9495,
                                        120: 2.1685,
                                        121: 2.0399,
                                        122: 1.594,
                                        123: 0.9463,
                                        124: 0.1794,
                                        125: -0.6176,
                                        126: -1.3372,
                                        127: -1.9235,
                                        128: -2.4,
                                        129: -2.8194,
                                        130: -3.2133,
                                        131: -3.5731,
                                        132: -3.8541,
                                        133: -4.0065,
                                        134: -4.0066,
                                        135: -3.8673,
                                        136: -3.6347,
                                        137: -3.3667,
                                        138: -3.106,
                                        139: -2.866,
                                        140: -2.6338,
                                        141: -2.3888,
                                        142: -2.1212,
                                        143: -1.8373,
                                        144: -1.5562,
                                        145: -1.2977,
                                        146: -1.0812,
                                        147: -0.9295,
                                        148: -0.8601,
                                        149: -0.9007,
                                        150: -1.0961,
                                        151: -1.4243,
                                        152: -1.7593,
                                        153: -1.9966,
                                        154: -2.1271,
                                        155: -2.1517,
                                        156: -2.0296,
                                        157: -1.7406,
                                        158: -1.324,
                                        159: -0.8374,
                                        160: -0.3261,
                                        161: 0.1711,
                                        162: 0.619,
                                        163: 0.9932,
                                        164: 1.2679,
                                        165: 1.4018,
                                        166: 1.3746,
                                        167: 1.226,
                                        168: 1.0334,
                                        169: 0.8632,
                                        170: 0.7519,
                                        171: 0.7236,
                                        172: 0.7969,
                                        173: 0.9685,
                                        174: 1.2061,
                                        175: 1.461,
                                        176: 1.6916,
                                        177: 1.8765,
                                        178: 2.0128,
                                        179: 2.1085,
                                        180: 2.1709,
                                    }

                                    over "Hair_BR1_3_ctl"
                                    {
                                        double avars:rz.timeSamples = {
                                            1: -1.1126,
                                            2: -1.1083,
                                            3: -1.1041,
                                            4: -1.1007,
                                            5: -1.0983,
                                            6: -1.0971,
                                            7: -1.098,
                                            8: -1.1011,
                                            9: -1.1064,
                                            10: -1.1139,
                                            11: -1.1232,
                                            12: -1.1341,
                                            13: -1.1463,
                                            14: -1.1593,
                                            15: -1.1727,
                                            16: -1.186,
                                            17: -1.1988,
                                            18: -1.2108,
                                            19: -1.2215,
                                            20: -1.2306,
                                            21: -1.2379,
                                            22: -1.243,
                                            23: -1.2458,
                                            24: -1.2462,
                                            25: -1.2441,
                                            26: -1.2403,
                                            27: -1.2379,
                                            28: -1.2403,
                                            29: -1.2486,
                                            30: -1.2615,
                                            31: -1.2768,
                                            32: -1.2922,
                                            33: -1.3065,
                                            34: -1.317,
                                            35: -1.3142,
                                            36: -1.2866,
                                            37: -1.2348,
                                            38: -1.1727,
                                            39: -1.1054,
                                            40: -1.0109,
                                            41: -0.8533,
                                            42: -0.6144,
                                            43: -0.2998,
                                            44: 0.0754,
                                            45: 0.4854,
                                            46: 0.8887,
                                            47: 1.2438,
                                            48: 1.5242,
                                            49: 1.7184,
                                            50: 1.8258,
                                            51: 1.8761,
                                            52: 1.9377,
                                            53: 2.0492,
                                            54: 2.1797,
                                            55: 2.2886,
                                            56: 2.3439,
                                            57: 2.2785,
                                            58: 2.0296,
                                            59: 1.6006,
                                            60: 1.0264,
                                            61: 0.329,
                                            62: -0.4897,
                                            63: -1.4486,
                                            64: -2.5149,
                                            65: -3.5266,
                                            66: -4.2837,
                                            67: -4.7084,
                                            68: -4.8208,
                                            69: -4.6058,
                                            70: -4.0245,
                                            71: -3.1181,
                                            72: -2.0219,
                                            73: -0.8782,
                                            74: 0.226,
                                            75: 1.2414,
                                            76: 2.1261,
                                            77: 2.8459,
                                            78: 3.389,
                                            79: 3.7641,
                                            80: 3.9854,
                                            81: 4.0651,
                                            82: 4.0176,
                                            83: 3.8608,
                                            84: 3.6138,
                                            85: 3.2969,
                                            86: 2.9325,
                                            87: 2.545,
                                            88: 2.1563,
                                            89: 1.7822,
                                            90: 1.4297,
                                            91: 1.0864,
                                            92: 0.6896,
                                            93: 0.1826,
                                            94: -0.3672,
                                            95: -0.8535,
                                            96: -1.2692,
                                            97: -1.6317,
                                            98: -1.8674,
                                            99: -1.913,
                                            100: -1.7747,
                                            101: -1.5068,
                                            102: -1.2142,
                                            103: -0.9003,
                                            104: -0.5788,
                                            105: -0.2888,
                                            106: -0.0188,
                                            107: 0.1976,
                                            108: 0.3897,
                                            109: 0.5658,
                                            110: 0.6936,
                                            111: 0.7899,
                                            112: 0.8455,
                                            113: 0.8761,
                                            114: 0.8979,
                                            115: 0.9341,
                                            116: 1.0189,
                                            117: 1.1768,
                                            118: 1.4733,
                                            119: 1.8602,
                                            120: 2.0955,
                                            121: 1.9904,
                                            122: 1.5746,
                                            123: 0.9621,
                                            124: 0.2328,
                                            125: -0.5261,
                                            126: -1.2089,
                                            127: -1.7608,
                                            128: -2.2055,
                                            129: -2.5961,
                                            130: -2.9647,
                                            131: -3.3033,
                                            132: -3.5682,
                                            133: -3.7102,
                                            134: -3.7055,
                                            135: -3.5663,
                                            136: -3.3378,
                                            137: -3.0769,
                                            138: -2.8252,
                                            139: -2.5959,
                                            140: -2.3758,
                                            141: -2.144,
                                            142: -1.8902,
                                            143: -1.6201,
                                            144: -1.3519,
                                            145: -1.1049,
                                            146: -0.8981,
                                            147: -0.7538,
                                            148: -0.6897,
                                            149: -0.7334,
                                            150: -0.9301,
                                            151: -1.2587,
                                            152: -1.5946,
                                            153: -1.835,
                                            154: -1.9717,
                                            155: -2.0064,
                                            156: -1.8984,
                                            157: -1.6275,
                                            158: -1.2321,
                                            159: -0.7687,
                                            160: -0.2814,
                                            161: 0.1921,
                                            162: 0.6178,
                                            163: 0.9722,
                                            164: 1.2301,
                                            165: 1.3507,
                                            166: 1.3134,
                                            167: 1.1569,
                                            168: 0.9574,
                                            169: 0.7798,
                                            170: 0.6594,
                                            171: 0.6202,
                                            172: 0.6811,
                                            173: 0.8394,
                                            174: 1.0635,
                                            175: 1.3053,
                                            176: 1.5238,
                                            177: 1.6981,
                                            178: 1.8254,
                                            179: 1.9139,
                                            180: 1.9711,
                                        }
                                    }
                                }
                            }
                        }

                        over "Hair_BR2_0_ctl"
                        {
                            double avars:rz.timeSamples = {
                                1: -0.5103,
                                2: -0.5281,
                                3: -0.5496,
                                4: -0.5806,
                                5: -0.6127,
                                6: -0.649,
                                7: -0.6853,
                                8: -0.7205,
                                9: -0.7533,
                                10: -0.7824,
                                11: -0.807,
                                12: -0.8264,
                                13: -0.8401,
                                14: -0.8481,
                                15: -0.8502,
                                16: -0.8467,
                                17: -0.8382,
                                18: -0.8254,
                                19: -0.8094,
                                20: -0.791,
                                21: -0.7711,
                                22: -0.7506,
                                23: -0.7301,
                                24: -0.7102,
                                25: -0.6914,
                                26: -0.6769,
                                27: -0.6756,
                                28: -0.664,
                                29: -0.6095,
                                30: -0.4919,
                                31: -0.2885,
                                32: 0.0082,
                                33: 0.3851,
                                34: 0.8658,
                                35: 1.4577,
                                36: 2.1205,
                                37: 2.7646,
                                38: 3.2637,
                                39: 3.7074,
                                40: 4.0918,
                                41: 4.2624,
                                42: 4.0085,
                                43: 3.2951,
                                44: 2.3468,
                                45: 1.2928,
                                46: 0.3038,
                                47: -0.4667,
                                48: -0.9964,
                                49: -1.3821,
                                50: -1.6348,
                                51: -1.7515,
                                52: -1.6577,
                                53: -2.0927,
                                54: -3.2271,
                                55: -4.4235,
                                56: -5.7177,
                                57: -7.0102,
                                58: -7.531,
                                59: -7.3048,
                                60: -6.7824,
                                61: -6.0388,
                                62: -5.1666,
                                63: -4.2229,
                                64: -2.0527,
                                65: 1.6323,
                                66: 5.7139,
                                67: 8.5302,
                                68: 9.7558,
                                69: 10.2736,
                                70: 10.1648,
                                71: 9.4657,
                                72: 8.0833,
                                73: 6.4324,
                                74: 4.8277,
                                75: 3.4049,
                                76: 2.0755,
                                77: 0.8859,
                                78: -0.1669,
                                79: -1.0599,
                                80: -1.8239,
                                81: -2.4181,
                                82: -2.8224,
                                83: -3.0683,
                                84: -3.1965,
                                85: -3.2641,
                                86: -3.3311,
                                87: -3.5318,
                                88: -3.8379,
                                89: -4.0965,
                                90: -4.149,
                                91: -4.0852,
                                92: -3.9544,
                                93: -3.5579,
                                94: -1.2439,
                                95: 1.441,
                                96: 2.9734,
                                97: 3.9697,
                                98: 4.4731,
                                99: 4.6761,
                                100: 3.9672,
                                101: 4.5572,
                                102: 2.2806,
                                103: 3.2529,
                                104: 2.3854,
                                105: 1.3301,
                                106: 2.3402,
                                107: 0.4519,
                                108: 0.9467,
                                109: 0.865,
                                110: -0.4748,
                                111: 0.4761,
                                112: -0.6383,
                                113: -0.3941,
                                114: -0.5987,
                                115: -0.7176,
                                116: -0.9932,
                                117: -1.5582,
                                118: -2.0006,
                                119: -3.5882,
                                120: -5.9542,
                                121: -7.3974,
                                122: -7.1179,
                                123: -5.9302,
                                124: -4.3008,
                                125: -2.978,
                                126: -2.3196,
                                127: -2.2635,
                                128: -2.4823,
                                129: -2.435,
                                130: -1.7691,
                                131: -0.6702,
                                132: 0.5602,
                                133: 1.4207,
                                134: 1.6156,
                                135: 1.3054,
                                136: 0.7218,
                                137: 0.2667,
                                138: 0.1872,
                                139: 0.377,
                                140: 0.6607,
                                141: 0.7271,
                                142: 0.4343,
                                143: -0.0955,
                                144: -0.72,
                                145: -1.1927,
                                146: -1.5186,
                                147: -1.7775,
                                148: -1.9498,
                                149: -2.0849,
                                150: -2.2604,
                                151: -1.6878,
                                152: -0.2263,
                                153: 1.2596,
                                154: 2.3672,
                                155: 3.2659,
                                156: 3.8689,
                                157: 4.1062,
                                158: 3.9061,
                                159: 3.4326,
                                160: 2.7464,
                                161: 1.9529,
                                162: 1.157,
                                163: 0.4467,
                                164: -0.1782,
                                165: -0.7532,
                                166: -0.678,
                                167: 0.2793,
                                168: 1.7163,
                                169: 3.0667,
                                170: 3.6352,
                                171: 3.4225,
                                172: 2.8515,
                                173: 2.1299,
                                174: 1.5569,
                                175: 1.102,
                                176: 0.7119,
                                177: 0.3863,
                                178: 0.1141,
                                179: -0.0857,
                                180: -0.2349,
                            }

                            over "Hair_BR2_1_ctl"
                            {
                                double avars:rz.timeSamples = {
                                    1: -1.3795,
                                    2: -1.3692,
                                    3: -1.3607,
                                    4: -1.3547,
                                    5: -1.3509,
                                    6: -1.35,
                                    7: -1.3529,
                                    8: -1.3602,
                                    9: -1.3718,
                                    10: -1.3877,
                                    11: -1.4077,
                                    12: -1.4314,
                                    13: -1.4583,
                                    14: -1.4881,
                                    15: -1.5201,
                                    16: -1.5536,
                                    17: -1.5884,
                                    18: -1.6239,
                                    19: -1.6598,
                                    20: -1.6958,
                                    21: -1.7316,
                                    22: -1.7666,
                                    23: -1.8007,
                                    24: -1.8334,
                                    25: -1.8644,
                                    26: -1.8955,
                                    27: -1.9321,
                                    28: -1.978,
                                    29: -2.0296,
                                    30: -2.0762,
                                    31: -2.104,
                                    32: -2.1046,
                                    33: -2.0825,
                                    34: -2.0436,
                                    35: -1.9801,
                                    36: -1.8823,
                                    37: -1.7664,
                                    38: -1.6685,
                                    39: -1.6042,
                                    40: -1.5438,
                                    41: -1.4308,
                                    42: -1.226,
                                    43: -0.9146,
                                    44: -0.4903,
                                    45: 0.0304,
                                    46: 0.5933,
                                    47: 1.1285,
                                    48: 1.5813,
                                    49: 1.9197,
                                    50: 2.1325,
                                    51: 2.253,
                                    52: 2.3645,
                                    53: 2.5132,
                                    54: 2.6578,
                                    55: 2.7511,
                                    56: 2.7721,
                                    57: 2.6557,
                                    58: 2.3115,
                                    59: 1.7175,
                                    60: 0.9017,
                                    61: -0.117,
                                    62: -1.3228,
                                    63: -2.6958,
                                    64: -4.1642,
                                    65: -5.5405,
                                    66: -6.6176,
                                    67: -7.3283,
                                    68: -7.6734,
                                    69: -7.5596,
                                    70: -6.8671,
                                    71: -5.6305,
                                    72: -4.0511,
                                    73: -2.3436,
                                    74: -0.6402,
                                    75: 0.9759,
                                    76: 2.4258,
                                    77: 3.6414,
                                    78: 4.5933,
                                    79: 5.2897,
                                    80: 5.7506,
                                    81: 5.9933,
                                    82: 6.0358,
                                    83: 5.8992,
                                    84: 5.606,
                                    85: 5.178,
                                    86: 4.6366,
                                    87: 4.0173,
                                    88: 3.3746,
                                    89: 2.7626,
                                    90: 2.2097,
                                    91: 1.6979,
                                    92: 1.157,
                                    93: 0.5446,
                                    94: -0.077,
                                    95: -0.6532,
                                    96: -1.2229,
                                    97: -1.7986,
                                    98: -2.2375,
                                    99: -2.3923,
                                    100: -2.2534,
                                    101: -1.9164,
                                    102: -1.5057,
                                    103: -1.032,
                                    104: -0.5424,
                                    105: -0.0755,
                                    106: 0.3548,
                                    107: 0.7034,
                                    108: 1.0351,
                                    109: 1.3292,
                                    110: 1.5574,
                                    111: 1.7429,
                                    112: 1.8533,
                                    113: 1.9327,
                                    114: 1.992,
                                    115: 2.0566,
                                    116: 2.1834,
                                    117: 2.401,
                                    118: 2.8041,
                                    119: 3.3352,
                                    120: 3.6659,
                                    121: 3.5476,
                                    122: 3.0274,
                                    123: 2.2311,
                                    124: 1.1998,
                                    125: 0.0117,
                                    126: -1.1584,
                                    127: -2.1693,
                                    128: -2.9931,
                                    129: -3.6697,
                                    130: -4.2521,
                                    131: -4.768,
                                    132: -5.1987,
                                    133: -5.4966,
                                    134: -5.6168,
                                    135: -5.543,
                                    136: -5.3021,
                                    137: -4.9551,
                                    138: -4.5712,
                                    139: -4.1995,
                                    140: -3.8534,
                                    141: -3.5206,
                                    142: -3.1814,
                                    143: -2.8247,
                                    144: -2.4568,
                                    145: -2.098,
                                    146: -1.7822,
                                    147: -1.5534,
                                    148: -1.4465,
                                    149: -1.5036,
                                    150: -1.7843,
                                    151: -2.2515,
                                    152: -2.7204,
                                    153: -3.0442,
                                    154: -3.2297,
                                    155: -3.2938,
                                    156: -3.1672,
                                    157: -2.8022,
                                    158: -2.2495,
                                    159: -1.5924,
                                    160: -0.8929,
                                    161: -0.2032,
                                    162: 0.4275,
                                    163: 0.963,
                                    164: 1.3719,
                                    165: 1.6148,
                                    166: 1.6734,
                                    167: 1.5811,
                                    168: 1.3974,
                                    169: 1.1643,
                                    170: 0.9196,
                                    171: 0.7369,
                                    172: 0.701,
                                    173: 0.8488,
                                    174: 1.1435,
                                    175: 1.4997,
                                    176: 1.8393,
                                    177: 2.1206,
                                    178: 2.3356,
                                    179: 2.4964,
                                    180: 2.6142,
                                }

                                over "Hair_BR2_2_ctl"
                                {
                                    double avars:rz.timeSamples = {
                                        1: -0.7299,
                                        2: -0.7196,
                                        3: -0.7108,
                                        4: -0.7042,
                                        5: -0.6994,
                                        6: -0.6969,
                                        7: -0.6976,
                                        8: -0.7019,
                                        9: -0.7099,
                                        10: -0.7213,
                                        11: -0.7361,
                                        12: -0.7539,
                                        13: -0.7744,
                                        14: -0.7972,
                                        15: -0.8217,
                                        16: -0.8477,
                                        17: -0.8747,
                                        18: -0.9025,
                                        19: -0.931,
                                        20: -0.9599,
                                        21: -0.989,
                                        22: -1.0181,
                                        23: -1.0469,
                                        24: -1.0753,
                                        25: -1.103,
                                        26: -1.1318,
                                        27: -1.1672,
                                        28: -1.2133,
                                        29: -1.2665,
                                        30: -1.3168,
                                        31: -1.3509,
                                        32: -1.3615,
                                        33: -1.3539,
                                        34: -1.3355,
                                        35: -1.2998,
                                        36: -1.2385,
                                        37: -1.1697,
                                        38: -1.1303,
                                        39: -1.137,
                                        40: -1.1608,
                                        41: -1.1453,
                                        42: -1.0498,
                                        43: -0.856,
                                        44: -0.5524,
                                        45: -0.1496,
                                        46: 0.3039,
                                        47: 0.7427,
                                        48: 1.1153,
                                        49: 1.3915,
                                        50: 1.5605,
                                        51: 1.6552,
                                        52: 1.7576,
                                        53: 1.9143,
                                        54: 2.0867,
                                        55: 2.2315,
                                        56: 2.3315,
                                        57: 2.3246,
                                        58: 2.1205,
                                        59: 1.6934,
                                        60: 1.0648,
                                        61: 0.2457,
                                        62: -0.7569,
                                        63: -1.9324,
                                        64: -3.2217,
                                        65: -4.4541,
                                        66: -5.4403,
                                        67: -6.1251,
                                        68: -6.5134,
                                        69: -6.5096,
                                        70: -5.9872,
                                        71: -4.9693,
                                        72: -3.6424,
                                        73: -2.2053,
                                        74: -0.7754,
                                        75: 0.5772,
                                        76: 1.7838,
                                        77: 2.7846,
                                        78: 3.5557,
                                        79: 4.1088,
                                        80: 4.4654,
                                        81: 4.6428,
                                        82: 4.6575,
                                        83: 4.5275,
                                        84: 4.272,
                                        85: 3.9085,
                                        86: 3.454,
                                        87: 2.94,
                                        88: 2.4179,
                                        89: 1.9392,
                                        90: 1.5296,
                                        91: 1.1686,
                                        92: 0.7834,
                                        93: 0.328,
                                        94: -0.1435,
                                        95: -0.5878,
                                        96: -1.0519,
                                        97: -1.5528,
                                        98: -1.9499,
                                        99: -2.0955,
                                        100: -1.9753,
                                        101: -1.6818,
                                        102: -1.3306,
                                        103: -0.9282,
                                        104: -0.518,
                                        105: -0.132,
                                        106: 0.2165,
                                        107: 0.4872,
                                        108: 0.7473,
                                        109: 0.9757,
                                        110: 1.1481,
                                        111: 1.2867,
                                        112: 1.3603,
                                        113: 1.413,
                                        114: 1.4553,
                                        115: 1.5123,
                                        116: 1.6416,
                                        117: 1.8737,
                                        118: 2.3064,
                                        119: 2.8884,
                                        120: 3.3007,
                                        121: 3.2999,
                                        122: 2.9306,
                                        123: 2.3097,
                                        124: 1.4669,
                                        125: 0.4692,
                                        126: -0.5172,
                                        127: -1.3559,
                                        128: -2.021,
                                        129: -2.5535,
                                        130: -3.009,
                                        131: -3.4191,
                                        132: -3.7694,
                                        133: -4.0151,
                                        134: -4.1113,
                                        135: -4.0382,
                                        136: -3.8178,
                                        137: -3.5057,
                                        138: -3.1671,
                                        139: -2.8491,
                                        140: -2.5634,
                                        141: -2.2966,
                                        142: -2.0265,
                                        143: -1.7385,
                                        144: -1.4353,
                                        145: -1.1341,
                                        146: -0.8665,
                                        147: -0.675,
                                        148: -0.5943,
                                        149: -0.6669,
                                        150: -0.9542,
                                        151: -1.4233,
                                        152: -1.8969,
                                        153: -2.2359,
                                        154: -2.4525,
                                        155: -2.5671,
                                        156: -2.5115,
                                        157: -2.2368,
                                        158: -1.7899,
                                        159: -1.2489,
                                        160: -0.6696,
                                        161: -0.0983,
                                        162: 0.4215,
                                        163: 0.8581,
                                        164: 1.1832,
                                        165: 1.3592,
                                        166: 1.3672,
                                        167: 1.2358,
                                        168: 1.0175,
                                        169: 0.747,
                                        170: 0.457,
                                        171: 0.2199,
                                        172: 0.1221,
                                        173: 0.2033,
                                        174: 0.4304,
                                        175: 0.7213,
                                        176: 1.0005,
                                        177: 1.2285,
                                        178: 1.3986,
                                        179: 1.5236,
                                        180: 1.615,
                                    }
                                }
                            }
                        }

                        over "Hair_BR3_0_ctl"
                        {
                            double avars:rz.timeSamples = {
                                1: -1.0093,
                                2: -1.0222,
                                3: -1.0396,
                                4: -1.0666,
                                5: -1.094,
                                6: -1.1242,
                                7: -1.1531,
                                8: -1.1793,
                                9: -1.2011,
                                10: -1.2171,
                                11: -1.2263,
                                12: -1.2279,
                                13: -1.2214,
                                14: -1.2065,
                                15: -1.1834,
                                16: -1.1525,
                                17: -1.1146,
                                18: -1.071,
                                19: -1.0229,
                                20: -0.9719,
                                21: -0.9193,
                                22: -0.8661,
                                23: -0.8134,
                                24: -0.762,
                                25: -0.7125,
                                26: -0.6691,
                                27: -0.6417,
                                28: -0.6058,
                                29: -0.5241,
                                30: -0.3679,
                                31: -0.1053,
                                32: 0.2747,
                                33: 0.7521,
                                34: 1.3395,
                                35: 2.0369,
                                36: 2.7946,
                                37: 3.5046,
                                38: 4.0244,
                                39: 4.4363,
                                40: 4.7332,
                                41: 4.7637,
                                42: 4.33,
                                43: 3.4273,
                                44: 2.3229,
                                45: 1.1815,
                                46: 0.1851,
                                47: -0.5288,
                                48: -0.9666,
                                49: -1.2508,
                                50: -1.4088,
                                51: -1.4509,
                                52: -1.3206,
                                53: -1.7646,
                                54: -2.9368,
                                55: -4.1712,
                                56: -5.4574,
                                57: -6.6528,
                                58: -7.0037,
                                59: -6.5901,
                                60: -5.9074,
                                61: -5.0622,
                                62: -4.1346,
                                63: -3.1106,
                                64: -0.802,
                                65: 3.0028,
                                66: 7.0562,
                                67: 9.6203,
                                68: 10.4142,
                                69: 10.4556,
                                70: 9.9552,
                                71: 8.9967,
                                72: 7.4648,
                                73: 5.7474,
                                74: 4.1504,
                                75: 2.7958,
                                76: 1.5679,
                                77: 0.4842,
                                78: -0.4745,
                                79: -1.2858,
                                80: -1.9762,
                                81: -2.5024,
                                82: -2.8468,
                                83: -3.0463,
                                84: -3.1484,
                                85: -3.2201,
                                86: -3.3332,
                                87: -3.62,
                                88: -4.0254,
                                89: -4.3596,
                                90: -4.4429,
                                91: -4.3655,
                                92: -4.1511,
                                93: -3.5546,
                                94: -0.9838,
                                95: 1.8666,
                                96: 3.3887,
                                97: 4.2051,
                                98: 4.4372,
                                99: 4.3963,
                                100: 3.509,
                                101: 3.9505,
                                102: 1.5896,
                                103: 2.5257,
                                104: 1.6277,
                                105: 0.5797,
                                106: 1.5789,
                                107: -0.3273,
                                108: 0.1866,
                                109: 0.1046,
                                110: -1.2199,
                                111: -0.2439,
                                112: -1.3554,
                                113: -1.0875,
                                114: -1.2726,
                                115: -1.3875,
                                116: -1.6546,
                                117: -2.2205,
                                118: -2.6688,
                                119: -4.2321,
                                120: -6.4904,
                                121: -7.7005,
                                122: -7.075,
                                123: -5.5242,
                                124: -3.6689,
                                125: -2.3461,
                                126: -1.8597,
                                127: -2.0219,
                                128: -2.3928,
                                129: -2.3746,
                                130: -1.6382,
                                131: -0.4496,
                                132: 0.8067,
                                133: 1.5893,
                                134: 1.6292,
                                135: 1.1569,
                                136: 0.477,
                                137: 0.028,
                                138: 0.0365,
                                139: 0.3389,
                                140: 0.7011,
                                141: 0.7841,
                                142: 0.461,
                                143: -0.1039,
                                144: -0.7287,
                                145: -1.1525,
                                146: -1.3946,
                                147: -1.5595,
                                148: -1.6466,
                                149: -1.7071,
                                150: -1.8038,
                                151: -1.1431,
                                152: 0.4011,
                                153: 1.9411,
                                154: 3.0428,
                                155: 3.8664,
                                156: 4.3639,
                                157: 4.5076,
                                158: 4.2335,
                                159: 3.7013,
                                160: 2.9763,
                                161: 2.1694,
                                162: 1.3839,
                                163: 0.7016,
                                164: 0.1249,
                                165: -0.3598,
                                166: -0.1411,
                                167: 0.979,
                                168: 2.5265,
                                169: 3.8599,
                                170: 4.2654,
                                171: 3.8079,
                                172: 3.0065,
                                173: 2.1368,
                                174: 1.5097,
                                175: 1.0602,
                                176: 0.6958,
                                177: 0.3941,
                                178: 0.1388,
                                179: -0.0475,
                                180: -0.1824,
                            }

                            over "Hair_BR3_1_ctl"
                            {
                                double avars:rz.timeSamples = {
                                    1: -2.2336,
                                    2: -2.2001,
                                    3: -2.1697,
                                    4: -2.143,
                                    5: -2.1176,
                                    6: -2.0939,
                                    7: -2.0733,
                                    8: -2.0563,
                                    9: -2.0424,
                                    10: -2.0308,
                                    11: -2.0209,
                                    12: -2.0119,
                                    13: -2.0031,
                                    14: -1.9937,
                                    15: -1.9831,
                                    16: -1.9708,
                                    17: -1.9565,
                                    18: -1.9405,
                                    19: -1.9234,
                                    20: -1.9055,
                                    21: -1.8872,
                                    22: -1.8687,
                                    23: -1.8503,
                                    24: -1.8319,
                                    25: -1.8137,
                                    26: -1.8004,
                                    27: -1.8049,
                                    28: -1.8342,
                                    29: -1.8751,
                                    30: -1.8965,
                                    31: -1.8602,
                                    32: -1.7478,
                                    33: -1.5797,
                                    34: -1.3861,
                                    35: -1.1646,
                                    36: -0.9128,
                                    37: -0.6919,
                                    38: -0.598,
                                    39: -0.6751,
                                    40: -0.8698,
                                    41: -1.0657,
                                    42: -1.1628,
                                    43: -1.0824,
                                    44: -0.7414,
                                    45: -0.1101,
                                    46: 0.7325,
                                    47: 1.6378,
                                    48: 2.4657,
                                    49: 3.1227,
                                    50: 3.5657,
                                    51: 3.8424,
                                    52: 4.0923,
                                    53: 4.3985,
                                    54: 4.7083,
                                    55: 4.9751,
                                    56: 5.2282,
                                    57: 5.4032,
                                    58: 5.2979,
                                    59: 4.7841,
                                    60: 3.8418,
                                    61: 2.4461,
                                    62: 0.6228,
                                    63: -1.5182,
                                    64: -3.8215,
                                    65: -6.0582,
                                    66: -8.033,
                                    67: -9.7438,
                                    68: -11.1436,
                                    69: -11.8599,
                                    70: -11.4629,
                                    71: -9.9284,
                                    72: -7.6506,
                                    73: -5.0532,
                                    74: -2.3735,
                                    75: 0.2376,
                                    76: 2.6129,
                                    77: 4.5991,
                                    78: 6.1307,
                                    79: 7.2319,
                                    80: 7.953,
                                    81: 8.3315,
                                    82: 8.3965,
                                    83: 8.1753,
                                    84: 7.6948,
                                    85: 6.9745,
                                    86: 6.0303,
                                    87: 4.9255,
                                    88: 3.7969,
                                    89: 2.795,
                                    90: 1.998,
                                    91: 1.3628,
                                    92: 0.7762,
                                    93: 0.2069,
                                    94: -0.3223,
                                    95: -0.9282,
                                    96: -1.8229,
                                    97: -3.0343,
                                    98: -4.1788,
                                    99: -4.8013,
                                    100: -4.8207,
                                    101: -4.4667,
                                    102: -3.9197,
                                    103: -3.2121,
                                    104: -2.4844,
                                    105: -1.754,
                                    106: -1.1217,
                                    107: -0.6506,
                                    108: -0.1462,
                                    109: 0.2742,
                                    110: 0.6108,
                                    111: 0.8999,
                                    112: 1.0366,
                                    113: 1.167,
                                    114: 1.2781,
                                    115: 1.4051,
                                    116: 1.69,
                                    117: 2.1764,
                                    118: 3.0677,
                                    119: 4.3119,
                                    120: 5.3472,
                                    121: 5.746,
                                    122: 5.5794,
                                    123: 4.9481,
                                    124: 3.6989,
                                    125: 1.8403,
                                    126: -0.2283,
                                    127: -2.0697,
                                    128: -3.4831,
                                    129: -4.4757,
                                    130: -5.1914,
                                    131: -5.8032,
                                    132: -6.3957,
                                    133: -6.934,
                                    134: -7.2933,
                                    135: -7.3382,
                                    136: -7.0128,
                                    137: -6.3766,
                                    138: -5.5848,
                                    139: -4.8067,
                                    140: -4.1433,
                                    141: -3.6043,
                                    142: -3.1238,
                                    143: -2.6144,
                                    144: -2.0268,
                                    145: -1.3741,
                                    146: -0.7371,
                                    147: -0.2336,
                                    148: 0.0424,
                                    149: 0.0026,
                                    150: -0.4565,
                                    151: -1.2654,
                                    152: -2.0932,
                                    153: -2.6979,
                                    154: -3.1485,
                                    155: -3.5002,
                                    156: -3.5661,
                                    157: -3.1906,
                                    158: -2.4554,
                                    159: -1.5191,
                                    160: -0.4837,
                                    161: 0.5693,
                                    162: 1.5543,
                                    163: 2.4019,
                                    164: 3.0611,
                                    165: 3.4873,
                                    166: 3.6566,
                                    167: 3.5787,
                                    168: 3.2585,
                                    169: 2.6608,
                                    170: 1.8236,
                                    171: 0.9768,
                                    172: 0.4219,
                                    173: 0.3313,
                                    174: 0.6561,
                                    175: 1.1882,
                                    176: 1.7261,
                                    177: 2.1628,
                                    178: 2.4784,
                                    179: 2.7046,
                                    180: 2.8692,
                                }
                            }
                        }

                        over "Hair_Fringe_1_0_ctl"
                        {
                            double avars:rz.timeSamples = {
                                1: -0.346,
                                2: -0.3426,
                                3: -0.3388,
                                4: -0.3402,
                                5: -0.338,
                                6: -0.3355,
                                7: -0.3293,
                                8: -0.3195,
                                9: -0.3062,
                                10: -0.2899,
                                11: -0.2715,
                                12: -0.2518,
                                13: -0.2316,
                                14: -0.2115,
                                15: -0.1918,
                                16: -0.1724,
                                17: -0.1531,
                                18: -0.1334,
                                19: -0.1127,
                                20: -0.0909,
                                21: -0.0683,
                                22: -0.045,
                                23: -0.0215,
                                24: 0.0017,
                                25: 0.0243,
                                26: 0.0463,
                                27: 0.0654,
                                28: 0.1001,
                                29: 0.1554,
                                30: 0.2074,
                                31: 0.2328,
                                32: 0.2286,
                                33: 0.2264,
                                34: 0.3037,
                                35: 0.4804,
                                36: 0.7237,
                                37: 0.9933,
                                38: 1.2253,
                                39: 1.5417,
                                40: 1.931,
                                41: 2.2018,
                                42: 2.1054,
                                43: 1.5877,
                                44: 0.8733,
                                45: 0.1145,
                                46: -0.4916,
                                47: -0.7869,
                                48: -0.7739,
                                49: -0.5997,
                                50: -0.337,
                                51: -0.0162,
                                52: 0.4385,
                                53: 0.3194,
                                54: -0.4751,
                                55: -1.2378,
                                56: -2.0163,
                                57: -2.807,
                                58: -2.9206,
                                59: -2.415,
                                60: -1.787,
                                61: -1.173,
                                62: -0.7465,
                                63: -0.6633,
                                64: 0.1906,
                                65: 2.2049,
                                66: 4.4322,
                                67: 5.3379,
                                68: 4.7161,
                                69: 3.6233,
                                70: 2.3323,
                                71: 0.9941,
                                72: -0.4447,
                                73: -1.5768,
                                74: -2.1417,
                                75: -2.1225,
                                76: -1.7773,
                                77: -1.2423,
                                78: -0.6769,
                                79: -0.1761,
                                80: 0.1492,
                                81: 0.3084,
                                82: 0.3427,
                                83: 0.2786,
                                84: 0.1486,
                                85: -0.009,
                                86: -0.1417,
                                87: -0.3298,
                                88: -0.6037,
                                89: -0.9076,
                                90: -1.12,
                                91: -1.3007,
                                92: -1.5698,
                                93: -1.8629,
                                94: -0.4748,
                                95: 1.2434,
                                96: 1.8198,
                                97: 1.8499,
                                98: 1.5095,
                                99: 1.0688,
                                100: 0.0173,
                                101: 0.5389,
                                102: -1.5482,
                                103: -0.2088,
                                104: -0.5405,
                                105: -0.9491,
                                106: 0.7038,
                                107: -0.5417,
                                108: 0.5088,
                                109: 0.8766,
                                110: -0.0919,
                                111: 1.0863,
                                112: 0.1449,
                                113: 0.5022,
                                114: 0.3709,
                                115: 0.3339,
                                116: 0.168,
                                117: -0.2245,
                                118: -0.4128,
                                119: -1.6175,
                                120: -3.3941,
                                121: -4.0675,
                                122: -3.0427,
                                123: -1.3642,
                                124: 0.3864,
                                125: 1.484,
                                126: 1.6623,
                                127: 1.0732,
                                128: 0.107,
                                129: -0.6449,
                                130: -0.7748,
                                131: -0.408,
                                132: 0.2046,
                                133: 0.5943,
                                134: 0.4846,
                                135: 0.034,
                                136: -0.5519,
                                137: -0.9126,
                                138: -0.839,
                                139: -0.4603,
                                140: 0.0357,
                                141: 0.3318,
                                142: 0.2841,
                                143: 0.0109,
                                144: -0.3502,
                                145: -0.5603,
                                146: -0.6355,
                                147: -0.6663,
                                148: -0.6387,
                                149: -0.6058,
                                150: -0.642,
                                151: -0.0253,
                                152: 1.2068,
                                153: 2.0671,
                                154: 2.2396,
                                155: 2.1051,
                                156: 1.7588,
                                157: 1.232,
                                158: 0.5175,
                                159: -0.1676,
                                160: -0.7367,
                                161: -1.1095,
                                162: -1.2537,
                                163: -1.1789,
                                164: -1.0237,
                                165: -0.9954,
                                166: -0.6169,
                                167: 0.3402,
                                168: 1.5653,
                                169: 2.6062,
                                170: 2.841,
                                171: 2.2947,
                                172: 1.4119,
                                173: 0.4503,
                                174: -0.2342,
                                175: -0.6356,
                                176: -0.8072,
                                177: -0.7821,
                                178: -0.6222,
                                179: -0.3707,
                                180: -0.1098,
                            }

                            over "Hair_Fringe_1_1_ctl"
                            {
                                double avars:rz.timeSamples = {
                                    1: -0.9638,
                                    2: -0.9356,
                                    3: -0.9106,
                                    4: -0.8908,
                                    5: -0.8756,
                                    6: -0.8645,
                                    7: -0.857,
                                    8: -0.8515,
                                    9: -0.8464,
                                    10: -0.8404,
                                    11: -0.8326,
                                    12: -0.8227,
                                    13: -0.8111,
                                    14: -0.7981,
                                    15: -0.7843,
                                    16: -0.7702,
                                    17: -0.7561,
                                    18: -0.7418,
                                    19: -0.7275,
                                    20: -0.7129,
                                    21: -0.6983,
                                    22: -0.6836,
                                    23: -0.6689,
                                    24: -0.6544,
                                    25: -0.6401,
                                    26: -0.6261,
                                    27: -0.6136,
                                    28: -0.608,
                                    29: -0.6175,
                                    30: -0.6515,
                                    31: -0.716,
                                    32: -0.8012,
                                    33: -0.8763,
                                    34: -0.9073,
                                    35: -0.8743,
                                    36: -0.7644,
                                    37: -0.5731,
                                    38: -0.3192,
                                    39: -0.0204,
                                    40: 0.3317,
                                    41: 0.74,
                                    42: 1.1583,
                                    43: 1.502,
                                    44: 1.7036,
                                    45: 1.73,
                                    46: 1.5726,
                                    47: 1.2589,
                                    48: 0.8579,
                                    49: 0.4505,
                                    50: 0.1055,
                                    51: -0.0895,
                                    52: -0.0258,
                                    53: 0.2847,
                                    54: 0.669,
                                    55: 0.9606,
                                    56: 1.0314,
                                    57: 0.7325,
                                    58: 0.0347,
                                    59: -0.8822,
                                    60: -1.7985,
                                    61: -2.5833,
                                    62: -3.2119,
                                    63: -3.7542,
                                    64: -4.1714,
                                    65: -4.1584,
                                    66: -3.4196,
                                    67: -2.061,
                                    68: -0.4687,
                                    69: 1.0878,
                                    70: 2.481,
                                    71: 3.5262,
                                    72: 3.9891,
                                    73: 3.7838,
                                    74: 3.054,
                                    75: 2.0559,
                                    76: 1.0234,
                                    77: 0.1285,
                                    78: -0.5071,
                                    79: -0.8221,
                                    80: -0.8362,
                                    81: -0.6295,
                                    82: -0.297,
                                    83: 0.0748,
                                    84: 0.4172,
                                    85: 0.6952,
                                    86: 0.9117,
                                    87: 1.064,
                                    88: 1.1107,
                                    89: 1.0112,
                                    90: 0.776,
                                    91: 0.4392,
                                    92: -0.0696,
                                    93: -0.8123,
                                    94: -1.4913,
                                    95: -1.7274,
                                    96: -1.5428,
                                    97: -1.1374,
                                    98: -0.5173,
                                    99: 0.2707,
                                    100: 1.0505,
                                    101: 1.6491,
                                    102: 1.8177,
                                    103: 1.6598,
                                    104: 1.3268,
                                    105: 0.8627,
                                    106: 0.452,
                                    107: 0.1103,
                                    108: -0.0706,
                                    109: -0.0508,
                                    110: 0.0487,
                                    111: 0.2199,
                                    112: 0.4067,
                                    113: 0.5925,
                                    114: 0.7709,
                                    115: 0.9571,
                                    116: 1.1745,
                                    117: 1.4083,
                                    118: 1.7105,
                                    119: 1.9416,
                                    120: 1.7093,
                                    121: 0.8388,
                                    122: -0.4045,
                                    123: -1.6212,
                                    124: -2.5277,
                                    125: -2.932,
                                    126: -2.7537,
                                    127: -2.1323,
                                    128: -1.3894,
                                    129: -0.829,
                                    130: -0.5871,
                                    131: -0.6154,
                                    132: -0.7519,
                                    133: -0.8396,
                                    134: -0.8138,
                                    135: -0.7124,
                                    136: -0.6401,
                                    137: -0.692,
                                    138: -0.8847,
                                    139: -1.1491,
                                    140: -1.3721,
                                    141: -1.4664,
                                    142: -1.4147,
                                    143: -1.2645,
                                    144: -1.0963,
                                    145: -0.9766,
                                    146: -0.9458,
                                    147: -1.025,
                                    148: -1.2027,
                                    149: -1.4656,
                                    150: -1.8173,
                                    151: -2.17,
                                    152: -2.3324,
                                    153: -2.2031,
                                    154: -1.8344,
                                    155: -1.286,
                                    156: -0.5787,
                                    157: 0.1945,
                                    158: 0.8538,
                                    159: 1.2596,
                                    160: 1.373,
                                    161: 1.2181,
                                    162: 0.8556,
                                    163: 0.3755,
                                    164: -0.158,
                                    165: -0.7465,
                                    166: -1.3449,
                                    167: -1.7716,
                                    168: -1.811,
                                    169: -1.3736,
                                    170: -0.5629,
                                    171: 0.4041,
                                    172: 1.314,
                                    173: 2.0018,
                                    174: 2.3649,
                                    175: 2.3729,
                                    176: 2.0762,
                                    177: 1.5924,
                                    178: 1.0666,
                                    179: 0.6258,
                                    180: 0.3423,
                                }

                                over "Hair_Fringe_1_2_ctl"
                                {
                                    double avars:rz.timeSamples = {
                                        1: -1.0287,
                                        2: -1.0006,
                                        3: -0.9757,
                                        4: -0.9562,
                                        5: -0.9413,
                                        6: -0.9307,
                                        7: -0.9238,
                                        8: -0.919,
                                        9: -0.9146,
                                        10: -0.9093,
                                        11: -0.9022,
                                        12: -0.893,
                                        13: -0.8821,
                                        14: -0.8697,
                                        15: -0.8564,
                                        16: -0.8429,
                                        17: -0.8292,
                                        18: -0.8154,
                                        19: -0.8014,
                                        20: -0.7871,
                                        21: -0.7728,
                                        22: -0.7582,
                                        23: -0.7437,
                                        24: -0.7293,
                                        25: -0.715,
                                        26: -0.7008,
                                        27: -0.6881,
                                        28: -0.6822,
                                        29: -0.6911,
                                        30: -0.7241,
                                        31: -0.787,
                                        32: -0.8697,
                                        33: -0.9413,
                                        34: -0.9675,
                                        35: -0.9283,
                                        36: -0.8106,
                                        37: -0.6099,
                                        38: -0.3453,
                                        39: -0.0346,
                                        40: 0.3305,
                                        41: 0.7526,
                                        42: 1.1843,
                                        43: 1.5398,
                                        44: 1.7497,
                                        45: 1.7801,
                                        46: 1.6221,
                                        47: 1.3039,
                                        48: 0.8958,
                                        49: 0.4808,
                                        50: 0.1289,
                                        51: -0.0711,
                                        52: -0.0101,
                                        53: 0.2989,
                                        54: 0.6804,
                                        55: 0.9652,
                                        56: 1.0235,
                                        57: 0.7059,
                                        58: -0.0154,
                                        59: -0.9574,
                                        60: -1.8964,
                                        61: -2.699,
                                        62: -3.3386,
                                        63: -3.8842,
                                        64: -4.2959,
                                        65: -4.2661,
                                        66: -3.4974,
                                        67: -2.0979,
                                        68: -0.4594,
                                        69: 1.1421,
                                        70: 2.5737,
                                        71: 3.6462,
                                        72: 4.123,
                                        73: 3.9182,
                                        74: 3.1779,
                                        75: 2.1624,
                                        76: 1.1099,
                                        77: 0.1963,
                                        78: -0.454,
                                        79: -0.7784,
                                        80: -0.7967,
                                        81: -0.5897,
                                        82: -0.2541,
                                        83: 0.1221,
                                        84: 0.4686,
                                        85: 0.7495,
                                        86: 0.967,
                                        87: 1.1176,
                                        88: 1.1598,
                                        89: 1.0526,
                                        90: 0.8071,
                                        91: 0.4582,
                                        92: -0.064,
                                        93: -0.8197,
                                        94: -1.508,
                                        95: -1.7458,
                                        96: -1.5548,
                                        97: -1.1364,
                                        98: -0.4998,
                                        99: 0.305,
                                        100: 1.0982,
                                        101: 1.7055,
                                        102: 1.8759,
                                        103: 1.7144,
                                        104: 1.3747,
                                        105: 0.9018,
                                        106: 0.4834,
                                        107: 0.1357,
                                        108: -0.0488,
                                        109: -0.0293,
                                        110: 0.0715,
                                        111: 0.2455,
                                        112: 0.4359,
                                        113: 0.625,
                                        114: 0.8062,
                                        115: 0.994,
                                        116: 1.2114,
                                        117: 1.4422,
                                        118: 1.7375,
                                        119: 1.9557,
                                        120: 1.702,
                                        121: 0.8019,
                                        122: -0.4739,
                                        123: -1.7198,
                                        124: -2.6466,
                                        125: -3.0597,
                                        126: -2.8799,
                                        127: -2.2507,
                                        128: -1.4984,
                                        129: -0.9309,
                                        130: -0.6853,
                                        131: -0.7126,
                                        132: -0.8487,
                                        133: -0.9353,
                                        134: -0.9076,
                                        135: -0.8045,
                                        136: -0.7322,
                                        137: -0.7863,
                                        138: -0.9828,
                                        139: -1.2511,
                                        140: -1.4767,
                                        141: -1.5713,
                                        142: -1.5178,
                                        143: -1.3649,
                                        144: -1.1945,
                                        145: -1.0737,
                                        146: -1.0435,
                                        147: -1.1246,
                                        148: -1.3048,
                                        149: -1.5701,
                                        150: -1.9233,
                                        151: -2.2746,
                                        152: -2.4305,
                                        153: -2.2882,
                                        154: -1.9006,
                                        155: -1.3297,
                                        156: -0.5987,
                                        157: 0.1965,
                                        158: 0.8733,
                                        159: 1.2905,
                                        160: 1.4084,
                                        161: 1.252,
                                        162: 0.883,
                                        163: 0.3937,
                                        164: -0.1496,
                                        165: -0.7468,
                                        166: -1.3508,
                                        167: -1.7777,
                                        168: -1.8096,
                                        169: -1.3566,
                                        170: -0.5243,
                                        171: 0.4665,
                                        172: 1.3982,
                                        173: 2.1025,
                                        174: 2.4749,
                                        175: 2.4851,
                                        176: 2.1847,
                                        177: 1.6938,
                                        178: 1.1595,
                                        179: 0.7108,
                                        180: 0.4213,
                                    }
                                }
                            }
                        }

                        over "Hair_Fringe_2_0_ctl"
                        {
                            double avars:rz.timeSamples = {
                                1: -0.1184,
                                2: -0.1173,
                                3: -0.1166,
                                4: -0.1216,
                                5: -0.1233,
                                6: -0.125,
                                7: -0.1233,
                                8: -0.1185,
                                9: -0.1107,
                                10: -0.1006,
                                11: -0.0892,
                                12: -0.0773,
                                13: -0.0656,
                                14: -0.0545,
                                15: -0.0443,
                                16: -0.0348,
                                17: -0.0258,
                                18: -0.0166,
                                19: -0.0068,
                                20: 0.0038,
                                21: 0.0152,
                                22: 0.0271,
                                23: 0.0392,
                                24: 0.0513,
                                25: 0.0631,
                                26: 0.0739,
                                27: 0.0805,
                                28: 0.1015,
                                29: 0.1453,
                                30: 0.1914,
                                31: 0.2178,
                                32: 0.2229,
                                33: 0.2422,
                                34: 0.3534,
                                35: 0.5624,
                                36: 0.8126,
                                37: 1.047,
                                38: 1.2052,
                                39: 1.4319,
                                40: 1.7453,
                                41: 1.9738,
                                42: 1.8737,
                                43: 1.3838,
                                44: 0.7171,
                                45: 0.0142,
                                46: -0.5379,
                                47: -0.7917,
                                48: -0.7573,
                                49: -0.5817,
                                50: -0.3304,
                                51: -0.0151,
                                52: 0.4638,
                                53: 0.3831,
                                54: -0.4139,
                                55: -1.2472,
                                56: -2.1351,
                                57: -3.0187,
                                58: -3.1691,
                                59: -2.6395,
                                60: -1.9415,
                                61: -1.23,
                                62: -0.6903,
                                63: -0.4927,
                                64: 0.4224,
                                65: 2.3818,
                                66: 4.4578,
                                67: 5.2064,
                                68: 4.4922,
                                69: 3.3976,
                                70: 2.1946,
                                71: 1.0004,
                                72: -0.2997,
                                73: -1.3506,
                                74: -1.9053,
                                75: -1.9306,
                                76: -1.6601,
                                77: -1.2073,
                                78: -0.7126,
                                79: -0.2593,
                                80: 0.0451,
                                81: 0.2057,
                                82: 0.2562,
                                83: 0.2153,
                                84: 0.1084,
                                85: -0.0336,
                                86: -0.169,
                                87: -0.3842,
                                88: -0.6983,
                                89: -1.03,
                                90: -1.2398,
                                91: -1.3912,
                                92: -1.5607,
                                93: -1.6498,
                                94: -0.1168,
                                95: 1.5142,
                                96: 1.845,
                                97: 1.6341,
                                98: 1.1405,
                                99: 0.6426,
                                100: -0.3861,
                                101: 0.2149,
                                102: -1.7826,
                                103: -0.3641,
                                104: -0.6367,
                                105: -1.0183,
                                106: 0.6424,
                                107: -0.6162,
                                108: 0.4082,
                                109: 0.7524,
                                110: -0.2404,
                                111: 0.9206,
                                112: -0.028,
                                113: 0.3274,
                                114: 0.2015,
                                115: 0.1773,
                                116: 0.0325,
                                117: -0.3287,
                                118: -0.4874,
                                119: -1.7031,
                                120: -3.5369,
                                121: -4.2578,
                                122: -3.2316,
                                123: -1.5104,
                                124: 0.3084,
                                125: 1.4826,
                                126: 1.7141,
                                127: 1.1314,
                                128: 0.1388,
                                129: -0.638,
                                130: -0.7727,
                                131: -0.3918,
                                132: 0.2475,
                                133: 0.67,
                                134: 0.585,
                                135: 0.1396,
                                136: -0.4541,
                                137: -0.8177,
                                138: -0.7311,
                                139: -0.3245,
                                140: 0.207,
                                141: 0.5379,
                                142: 0.5144,
                                143: 0.2496,
                                144: -0.1148,
                                145: -0.3305,
                                146: -0.4051,
                                147: -0.4253,
                                148: -0.3783,
                                149: -0.3246,
                                150: -0.3585,
                                151: 0.2347,
                                152: 1.4614,
                                153: 2.3719,
                                154: 2.6119,
                                155: 2.5045,
                                156: 2.1377,
                                157: 1.5711,
                                158: 0.8216,
                                159: 0.1152,
                                160: -0.4617,
                                161: -0.8341,
                                162: -0.9758,
                                163: -0.8999,
                                164: -0.745,
                                165: -0.7201,
                                166: -0.3595,
                                167: 0.5501,
                                168: 1.7044,
                                169: 2.6872,
                                170: 2.9096,
                                171: 2.3971,
                                172: 1.5692,
                                173: 0.6541,
                                174: -0.0114,
                                175: -0.4267,
                                176: -0.6408,
                                177: -0.676,
                                178: -0.5817,
                                179: -0.3899,
                                180: -0.1771,
                            }

                            over "Hair_Fringe_2_1_ctl"
                            {
                                double avars:rz.timeSamples = {
                                    1: -0.6976,
                                    2: -0.6714,
                                    3: -0.6494,
                                    4: -0.6334,
                                    5: -0.6226,
                                    6: -0.6165,
                                    7: -0.6147,
                                    8: -0.6155,
                                    9: -0.6175,
                                    10: -0.6193,
                                    11: -0.6202,
                                    12: -0.6199,
                                    13: -0.6185,
                                    14: -0.6163,
                                    15: -0.6138,
                                    16: -0.6115,
                                    17: -0.6094,
                                    18: -0.6075,
                                    19: -0.6058,
                                    20: -0.6041,
                                    21: -0.6024,
                                    22: -0.6007,
                                    23: -0.5989,
                                    24: -0.5971,
                                    25: -0.5952,
                                    26: -0.5935,
                                    27: -0.5942,
                                    28: -0.6023,
                                    29: -0.624,
                                    30: -0.666,
                                    31: -0.7338,
                                    32: -0.8165,
                                    33: -0.8806,
                                    34: -0.8922,
                                    35: -0.8404,
                                    36: -0.7285,
                                    37: -0.5628,
                                    38: -0.3601,
                                    39: -0.1227,
                                    40: 0.1774,
                                    41: 0.5566,
                                    42: 0.9717,
                                    43: 1.3336,
                                    44: 1.5668,
                                    45: 1.6306,
                                    46: 1.5096,
                                    47: 1.2242,
                                    48: 0.8383,
                                    49: 0.433,
                                    50: 0.0817,
                                    51: -0.1155,
                                    52: -0.0341,
                                    53: 0.3038,
                                    54: 0.6883,
                                    55: 0.9347,
                                    56: 0.9345,
                                    57: 0.5758,
                                    58: -0.1444,
                                    59: -1.0433,
                                    60: -1.9108,
                                    61: -2.6287,
                                    62: -3.1799,
                                    63: -3.644,
                                    64: -4.0187,
                                    65: -4.0407,
                                    66: -3.4014,
                                    67: -2.1462,
                                    68: -0.6144,
                                    69: 0.9418,
                                    70: 2.3943,
                                    71: 3.5361,
                                    72: 4.0916,
                                    73: 3.9405,
                                    74: 3.2172,
                                    75: 2.189,
                                    76: 1.106,
                                    77: 0.1554,
                                    78: -0.5286,
                                    79: -0.8767,
                                    80: -0.9065,
                                    81: -0.7008,
                                    82: -0.3596,
                                    83: 0.0253,
                                    84: 0.3805,
                                    85: 0.6661,
                                    86: 0.8779,
                                    87: 1.0091,
                                    88: 1.0258,
                                    89: 0.9045,
                                    90: 0.6676,
                                    91: 0.347,
                                    92: -0.099,
                                    93: -0.7092,
                                    94: -1.2951,
                                    95: -1.5927,
                                    96: -1.5753,
                                    97: -1.3338,
                                    98: -0.8191,
                                    99: -0.0723,
                                    100: 0.7198,
                                    101: 1.3687,
                                    102: 1.5945,
                                    103: 1.4871,
                                    104: 1.1916,
                                    105: 0.7438,
                                    106: 0.3368,
                                    107: -0.0146,
                                    108: -0.2136,
                                    109: -0.2098,
                                    110: -0.1265,
                                    111: 0.0336,
                                    112: 0.2165,
                                    113: 0.4023,
                                    114: 0.5859,
                                    115: 0.7828,
                                    116: 1.0168,
                                    117: 1.2743,
                                    118: 1.5996,
                                    119: 1.8272,
                                    120: 1.561,
                                    121: 0.6634,
                                    122: -0.5739,
                                    123: -1.7568,
                                    124: -2.6122,
                                    125: -2.9594,
                                    126: -2.7392,
                                    127: -2.1069,
                                    128: -1.3747,
                                    129: -0.8238,
                                    130: -0.5776,
                                    131: -0.589,
                                    132: -0.6999,
                                    133: -0.7579,
                                    134: -0.7077,
                                    135: -0.5949,
                                    136: -0.5199,
                                    137: -0.5659,
                                    138: -0.742,
                                    139: -0.9801,
                                    140: -1.1718,
                                    141: -1.2356,
                                    142: -1.1605,
                                    143: -0.9978,
                                    144: -0.8253,
                                    145: -0.703,
                                    146: -0.666,
                                    147: -0.7326,
                                    148: -0.8924,
                                    149: -1.137,
                                    150: -1.4832,
                                    151: -1.848,
                                    152: -2.0112,
                                    153: -1.846,
                                    154: -1.4306,
                                    155: -0.8631,
                                    156: -0.169,
                                    157: 0.5774,
                                    158: 1.2124,
                                    159: 1.6025,
                                    160: 1.7083,
                                    161: 1.5508,
                                    162: 1.1863,
                                    163: 0.7026,
                                    164: 0.1639,
                                    165: -0.4325,
                                    166: -1.0491,
                                    167: -1.5145,
                                    168: -1.6086,
                                    169: -1.218,
                                    170: -0.4243,
                                    171: 0.5559,
                                    172: 1.4927,
                                    173: 2.2013,
                                    174: 2.5665,
                                    175: 2.5544,
                                    176: 2.2181,
                                    177: 1.6824,
                                    178: 1.1011,
                                    179: 0.6084,
                                    180: 0.2807,
                                }

                                over "Hair_Fringe_2_2_ctl"
                                {
                                    double avars:rz.timeSamples = {
                                        1: -0.7626,
                                        2: -0.7364,
                                        3: -0.7145,
                                        4: -0.6987,
                                        5: -0.6883,
                                        6: -0.6827,
                                        7: -0.6814,
                                        8: -0.683,
                                        9: -0.6857,
                                        10: -0.6882,
                                        11: -0.6898,
                                        12: -0.6902,
                                        13: -0.6894,
                                        14: -0.6879,
                                        15: -0.686,
                                        16: -0.6841,
                                        17: -0.6825,
                                        18: -0.6811,
                                        19: -0.6797,
                                        20: -0.6783,
                                        21: -0.6769,
                                        22: -0.6754,
                                        23: -0.6737,
                                        24: -0.6719,
                                        25: -0.67,
                                        26: -0.6682,
                                        27: -0.6687,
                                        28: -0.6765,
                                        29: -0.6976,
                                        30: -0.7386,
                                        31: -0.8047,
                                        32: -0.885,
                                        33: -0.9456,
                                        34: -0.9524,
                                        35: -0.8944,
                                        36: -0.7747,
                                        37: -0.5997,
                                        38: -0.3863,
                                        39: -0.1368,
                                        40: 0.1763,
                                        41: 0.5692,
                                        42: 0.9977,
                                        43: 1.3713,
                                        44: 1.6129,
                                        45: 1.6807,
                                        46: 1.5591,
                                        47: 1.2692,
                                        48: 0.8762,
                                        49: 0.4633,
                                        50: 0.1051,
                                        51: -0.0972,
                                        52: -0.0184,
                                        53: 0.318,
                                        54: 0.6997,
                                        55: 0.9393,
                                        56: 0.9267,
                                        57: 0.5492,
                                        58: -0.1946,
                                        59: -1.1184,
                                        60: -2.0088,
                                        61: -2.7444,
                                        62: -3.3066,
                                        63: -3.7741,
                                        64: -4.1432,
                                        65: -4.1484,
                                        66: -3.4792,
                                        67: -2.1832,
                                        68: -0.6052,
                                        69: 0.9962,
                                        70: 2.487,
                                        71: 3.6561,
                                        72: 4.2255,
                                        73: 4.0749,
                                        74: 3.3411,
                                        75: 2.2955,
                                        76: 1.1925,
                                        77: 0.2231,
                                        78: -0.4756,
                                        79: -0.833,
                                        80: -0.8669,
                                        81: -0.6609,
                                        82: -0.3167,
                                        83: 0.0726,
                                        84: 0.432,
                                        85: 0.7205,
                                        86: 0.9332,
                                        87: 1.0628,
                                        88: 1.0749,
                                        89: 0.946,
                                        90: 0.6988,
                                        91: 0.3659,
                                        92: -0.0933,
                                        93: -0.7166,
                                        94: -1.3118,
                                        95: -1.6112,
                                        96: -1.5873,
                                        97: -1.3329,
                                        98: -0.8016,
                                        99: -0.038,
                                        100: 0.7675,
                                        101: 1.4251,
                                        102: 1.6526,
                                        103: 1.5417,
                                        104: 1.2395,
                                        105: 0.7828,
                                        106: 0.3683,
                                        107: 0.0108,
                                        108: -0.1918,
                                        109: -0.1883,
                                        110: -0.1038,
                                        111: 0.0593,
                                        112: 0.2457,
                                        113: 0.4348,
                                        114: 0.6212,
                                        115: 0.8197,
                                        116: 1.0536,
                                        117: 1.3082,
                                        118: 1.6267,
                                        119: 1.8413,
                                        120: 1.5537,
                                        121: 0.6265,
                                        122: -0.6434,
                                        123: -1.8554,
                                        124: -2.731,
                                        125: -3.0871,
                                        126: -2.8655,
                                        127: -2.2253,
                                        128: -1.4837,
                                        129: -0.9256,
                                        130: -0.6758,
                                        131: -0.6861,
                                        132: -0.7967,
                                        133: -0.8537,
                                        134: -0.8015,
                                        135: -0.687,
                                        136: -0.612,
                                        137: -0.6601,
                                        138: -0.84,
                                        139: -1.0821,
                                        140: -1.2764,
                                        141: -1.3405,
                                        142: -1.2636,
                                        143: -1.0983,
                                        144: -0.9234,
                                        145: -0.8001,
                                        146: -0.7637,
                                        147: -0.8322,
                                        148: -0.9945,
                                        149: -1.2415,
                                        150: -1.5891,
                                        151: -1.9526,
                                        152: -2.1093,
                                        153: -1.9311,
                                        154: -1.4968,
                                        155: -0.9068,
                                        156: -0.1891,
                                        157: 0.5793,
                                        158: 1.2319,
                                        159: 1.6333,
                                        160: 1.7438,
                                        161: 1.5846,
                                        162: 1.2137,
                                        163: 0.7209,
                                        164: 0.1723,
                                        165: -0.4329,
                                        166: -1.0551,
                                        167: -1.5205,
                                        168: -1.6072,
                                        169: -1.201,
                                        170: -0.3857,
                                        171: 0.6184,
                                        172: 1.577,
                                        173: 2.3021,
                                        174: 2.6765,
                                        175: 2.6665,
                                        176: 2.3266,
                                        177: 1.7838,
                                        178: 1.194,
                                        179: 0.6934,
                                        180: 0.3597,
                                    }
                                }
                            }
                        }

                        over "Hair_Fringe_3_0_ctl"
                        {
                            double avars:rz.timeSamples = {
                                1: -0.2333,
                                2: -0.2276,
                                3: -0.2224,
                                4: -0.2228,
                                5: -0.2194,
                                6: -0.2153,
                                7: -0.2073,
                                8: -0.1957,
                                9: -0.1808,
                                10: -0.1635,
                                11: -0.1448,
                                12: -0.1256,
                                13: -0.1068,
                                14: -0.0889,
                                15: -0.0722,
                                16: -0.0567,
                                17: -0.0423,
                                18: -0.0284,
                                19: -0.015,
                                20: -0.0017,
                                21: 0.0114,
                                22: 0.0242,
                                23: 0.0367,
                                24: 0.0485,
                                25: 0.0596,
                                26: 0.0682,
                                27: 0.0683,
                                28: 0.079,
                                29: 0.115,
                                30: 0.1671,
                                31: 0.2226,
                                32: 0.2723,
                                33: 0.3236,
                                34: 0.4317,
                                35: 0.6067,
                                36: 0.8083,
                                37: 0.9876,
                                38: 1.0865,
                                39: 1.2576,
                                40: 1.5343,
                                41: 1.7623,
                                42: 1.7018,
                                43: 1.2806,
                                44: 0.6944,
                                45: 0.0624,
                                46: -0.4501,
                                47: -0.7052,
                                48: -0.7071,
                                49: -0.5891,
                                50: -0.402,
                                51: -0.1386,
                                52: 0.3203,
                                53: 0.2542,
                                54: -0.5108,
                                55: -1.311,
                                56: -2.1742,
                                57: -3.0518,
                                58: -3.2203,
                                59: -2.7256,
                                60: -2.0691,
                                61: -1.4017,
                                62: -0.9064,
                                63: -0.7542,
                                64: 0.1094,
                                65: 2.0205,
                                66: 4.0803,
                                67: 4.8599,
                                68: 4.2186,
                                69: 3.242,
                                70: 2.2039,
                                71: 1.1892,
                                72: 0.0239,
                                73: -0.9762,
                                74: -1.5602,
                                75: -1.6671,
                                76: -1.5011,
                                77: -1.1515,
                                78: -0.7376,
                                79: -0.3276,
                                80: -0.0254,
                                81: 0.1671,
                                82: 0.2712,
                                83: 0.2929,
                                84: 0.2469,
                                85: 0.1564,
                                86: 0.0602,
                                87: -0.1281,
                                88: -0.4261,
                                89: -0.7492,
                                90: -0.9548,
                                91: -1.1099,
                                92: -1.3183,
                                93: -1.5074,
                                94: -0.0794,
                                95: 1.5333,
                                96: 1.9338,
                                97: 1.8226,
                                98: 1.4365,
                                99: 1.0432,
                                100: 0.0969,
                                101: 0.7327,
                                102: -1.2945,
                                103: 0.0666,
                                104: -0.2762,
                                105: -0.7315,
                                106: 0.874,
                                107: -0.4307,
                                108: 0.5763,
                                109: 0.9262,
                                110: -0.0586,
                                111: 1.1182,
                                112: 0.1794,
                                113: 0.541,
                                114: 0.4248,
                                115: 0.4175,
                                116: 0.2971,
                                117: -0.042,
                                118: -0.1827,
                                119: -1.4083,
                                120: -3.3119,
                                121: -4.1454,
                                122: -3.2284,
                                123: -1.5987,
                                124: 0.1291,
                                125: 1.2122,
                                126: 1.3829,
                                127: 0.7956,
                                128: -0.1445,
                                129: -0.8339,
                                130: -0.8861,
                                131: -0.4669,
                                132: 0.1508,
                                133: 0.5043,
                                134: 0.3341,
                                135: -0.1805,
                                136: -0.8092,
                                137: -1.1749,
                                138: -1.0765,
                                139: -0.6676,
                                140: -0.1553,
                                141: 0.1387,
                                142: 0.0766,
                                143: -0.2125,
                                144: -0.5797,
                                145: -0.781,
                                146: -0.8362,
                                147: -0.8439,
                                148: -0.797,
                                149: -0.7566,
                                150: -0.8166,
                                151: -0.2623,
                                152: 0.9228,
                                153: 1.8062,
                                154: 2.0444,
                                155: 1.9677,
                                156: 1.6719,
                                157: 1.2077,
                                158: 0.5621,
                                159: -0.0663,
                                160: -0.6022,
                                161: -0.9689,
                                162: -1.1306,
                                163: -1.0866,
                                164: -0.9652,
                                165: -0.9742,
                                166: -0.6475,
                                167: 0.2375,
                                168: 1.3932,
                                169: 2.4142,
                                170: 2.7118,
                                171: 2.3044,
                                172: 1.6,
                                173: 0.8076,
                                174: 0.2408,
                                175: -0.1172,
                                176: -0.3187,
                                177: -0.3749,
                                178: -0.3163,
                                179: -0.1558,
                                180: 0.0421,
                            }

                            over "Hair_Fringe_3_1_ctl"
                            {
                                double avars:rz.timeSamples = {
                                    1: -0.8318,
                                    2: -0.8001,
                                    3: -0.7725,
                                    4: -0.7506,
                                    5: -0.7335,
                                    6: -0.7206,
                                    7: -0.7113,
                                    8: -0.7045,
                                    9: -0.6986,
                                    10: -0.6923,
                                    11: -0.6851,
                                    12: -0.6768,
                                    13: -0.6675,
                                    14: -0.6579,
                                    15: -0.6482,
                                    16: -0.6392,
                                    17: -0.631,
                                    18: -0.6237,
                                    19: -0.6175,
                                    20: -0.6122,
                                    21: -0.6078,
                                    22: -0.604,
                                    23: -0.601,
                                    24: -0.5985,
                                    25: -0.5966,
                                    26: -0.5962,
                                    27: -0.6013,
                                    28: -0.6167,
                                    29: -0.6441,
                                    30: -0.6831,
                                    31: -0.7327,
                                    32: -0.7871,
                                    33: -0.8316,
                                    34: -0.8471,
                                    35: -0.8201,
                                    36: -0.7429,
                                    37: -0.6165,
                                    38: -0.4559,
                                    39: -0.2583,
                                    40: 0.0146,
                                    41: 0.3905,
                                    42: 0.829,
                                    43: 1.2338,
                                    44: 1.5177,
                                    45: 1.6258,
                                    46: 1.5284,
                                    47: 1.2395,
                                    48: 0.8268,
                                    49: 0.3806,
                                    50: -0.0157,
                                    51: -0.2496,
                                    52: -0.1832,
                                    53: 0.1628,
                                    54: 0.5674,
                                    55: 0.8351,
                                    56: 0.8507,
                                    57: 0.4958,
                                    58: -0.2364,
                                    59: -1.1579,
                                    60: -2.0522,
                                    61: -2.7981,
                                    62: -3.3772,
                                    63: -3.8694,
                                    64: -4.2759,
                                    65: -4.3271,
                                    66: -3.6951,
                                    67: -2.4154,
                                    68: -0.8308,
                                    69: 0.8087,
                                    70: 2.3763,
                                    71: 3.643,
                                    72: 4.2942,
                                    73: 4.1829,
                                    74: 3.4464,
                                    75: 2.3705,
                                    76: 1.2246,
                                    77: 0.2122,
                                    78: -0.5184,
                                    79: -0.888,
                                    80: -0.9118,
                                    81: -0.6774,
                                    82: -0.293,
                                    83: 0.1413,
                                    84: 0.5445,
                                    85: 0.8719,
                                    86: 1.117,
                                    87: 1.2732,
                                    88: 1.3075,
                                    89: 1.1985,
                                    90: 0.9706,
                                    91: 0.6534,
                                    92: 0.187,
                                    93: -0.4847,
                                    94: -1.136,
                                    95: -1.4417,
                                    96: -1.3742,
                                    97: -1.0632,
                                    98: -0.4743,
                                    99: 0.344,
                                    100: 1.1923,
                                    101: 1.8649,
                                    102: 2.0708,
                                    103: 1.9244,
                                    104: 1.5805,
                                    105: 1.0813,
                                    106: 0.6347,
                                    107: 0.2489,
                                    108: 0.034,
                                    109: 0.0365,
                                    110: 0.1194,
                                    111: 0.2836,
                                    112: 0.466,
                                    113: 0.6483,
                                    114: 0.83,
                                    115: 1.0292,
                                    116: 1.2701,
                                    117: 1.5324,
                                    118: 1.8592,
                                    119: 2.0692,
                                    120: 1.7453,
                                    121: 0.761,
                                    122: -0.5611,
                                    123: -1.8171,
                                    124: -2.7455,
                                    125: -3.1659,
                                    126: -2.999,
                                    127: -2.3824,
                                    128: -1.6277,
                                    129: -1.0311,
                                    130: -0.7423,
                                    131: -0.7403,
                                    132: -0.8776,
                                    133: -0.9932,
                                    134: -1.011,
                                    135: -0.9551,
                                    136: -0.9138,
                                    137: -0.9708,
                                    138: -1.1483,
                                    139: -1.3934,
                                    140: -1.6057,
                                    141: -1.7012,
                                    142: -1.6582,
                                    143: -1.5173,
                                    144: -1.3513,
                                    145: -1.2232,
                                    146: -1.1762,
                                    147: -1.2364,
                                    148: -1.3974,
                                    149: -1.6508,
                                    150: -2.0136,
                                    151: -2.4025,
                                    152: -2.5906,
                                    153: -2.4397,
                                    154: -2.0207,
                                    155: -1.4271,
                                    156: -0.679,
                                    157: 0.1433,
                                    158: 0.856,
                                    159: 1.3074,
                                    160: 1.4508,
                                    161: 1.308,
                                    162: 0.9418,
                                    163: 0.4493,
                                    164: -0.0987,
                                    165: -0.7041,
                                    166: -1.3291,
                                    167: -1.7962,
                                    168: -1.8744,
                                    169: -1.4428,
                                    170: -0.5832,
                                    171: 0.4831,
                                    172: 1.5184,
                                    173: 2.325,
                                    174: 2.7723,
                                    175: 2.8145,
                                    176: 2.5027,
                                    177: 1.9689,
                                    178: 1.3795,
                                    179: 0.8811,
                                    180: 0.5584,
                                }

                                over "Hair_Fringe_3_2_ctl"
                                {
                                    double avars:rz.timeSamples = {
                                        1: -0.8968,
                                        2: -0.8651,
                                        3: -0.8376,
                                        4: -0.816,
                                        5: -0.7992,
                                        6: -0.7868,
                                        7: -0.7781,
                                        8: -0.772,
                                        9: -0.7667,
                                        10: -0.7612,
                                        11: -0.7547,
                                        12: -0.7471,
                                        13: -0.7385,
                                        14: -0.7294,
                                        15: -0.7204,
                                        16: -0.7118,
                                        17: -0.7041,
                                        18: -0.6973,
                                        19: -0.6914,
                                        20: -0.6864,
                                        21: -0.6822,
                                        22: -0.6787,
                                        23: -0.6758,
                                        24: -0.6734,
                                        25: -0.6714,
                                        26: -0.6709,
                                        27: -0.6758,
                                        28: -0.6908,
                                        29: -0.7177,
                                        30: -0.7557,
                                        31: -0.8036,
                                        32: -0.8555,
                                        33: -0.8965,
                                        34: -0.9073,
                                        35: -0.8741,
                                        36: -0.7891,
                                        37: -0.6533,
                                        38: -0.482,
                                        39: -0.2724,
                                        40: 0.0134,
                                        41: 0.4031,
                                        42: 0.855,
                                        43: 1.2715,
                                        44: 1.5638,
                                        45: 1.6759,
                                        46: 1.5779,
                                        47: 1.2844,
                                        48: 0.8647,
                                        49: 0.4109,
                                        50: 0.0076,
                                        51: -0.2312,
                                        52: -0.1676,
                                        53: 0.177,
                                        54: 0.5788,
                                        55: 0.8397,
                                        56: 0.8429,
                                        57: 0.4692,
                                        58: -0.2865,
                                        59: -1.2331,
                                        60: -2.1502,
                                        61: -2.9138,
                                        62: -3.5039,
                                        63: -3.9995,
                                        64: -4.4004,
                                        65: -4.4347,
                                        66: -3.7729,
                                        67: -2.4524,
                                        68: -0.8215,
                                        69: 0.8631,
                                        70: 2.469,
                                        71: 3.763,
                                        72: 4.4281,
                                        73: 4.3174,
                                        74: 3.5704,
                                        75: 2.477,
                                        76: 1.3111,
                                        77: 0.28,
                                        78: -0.4654,
                                        79: -0.8444,
                                        80: -0.8722,
                                        81: -0.6375,
                                        82: -0.2501,
                                        83: 0.1886,
                                        84: 0.596,
                                        85: 0.9262,
                                        86: 1.1723,
                                        87: 1.3269,
                                        88: 1.3566,
                                        89: 1.2399,
                                        90: 1.0018,
                                        91: 0.6724,
                                        92: 0.1927,
                                        93: -0.4921,
                                        94: -1.1527,
                                        95: -1.4601,
                                        96: -1.3861,
                                        97: -1.0622,
                                        98: -0.4568,
                                        99: 0.3783,
                                        100: 1.24,
                                        101: 1.9214,
                                        102: 2.129,
                                        103: 1.979,
                                        104: 1.6284,
                                        105: 1.1204,
                                        106: 0.6662,
                                        107: 0.2743,
                                        108: 0.0558,
                                        109: 0.058,
                                        110: 0.1422,
                                        111: 0.3093,
                                        112: 0.4952,
                                        113: 0.6808,
                                        114: 0.8653,
                                        115: 1.0661,
                                        116: 1.307,
                                        117: 1.5663,
                                        118: 1.8863,
                                        119: 2.0834,
                                        120: 1.738,
                                        121: 0.7242,
                                        122: -0.6305,
                                        123: -1.9157,
                                        124: -2.8644,
                                        125: -3.2936,
                                        126: -3.1252,
                                        127: -2.5008,
                                        128: -1.7367,
                                        129: -1.1329,
                                        130: -0.8405,
                                        131: -0.8374,
                                        132: -0.9744,
                                        133: -1.089,
                                        134: -1.1048,
                                        135: -1.0473,
                                        136: -1.0058,
                                        137: -1.0651,
                                        138: -1.2463,
                                        139: -1.4954,
                                        140: -1.7103,
                                        141: -1.8061,
                                        142: -1.7613,
                                        143: -1.6177,
                                        144: -1.4494,
                                        145: -1.3204,
                                        146: -1.2739,
                                        147: -1.336,
                                        148: -1.4995,
                                        149: -1.7554,
                                        150: -2.1196,
                                        151: -2.5071,
                                        152: -2.6887,
                                        153: -2.5248,
                                        154: -2.087,
                                        155: -1.4708,
                                        156: -0.699,
                                        157: 0.1453,
                                        158: 0.8755,
                                        159: 1.3382,
                                        160: 1.4862,
                                        161: 1.3418,
                                        162: 0.9692,
                                        163: 0.4675,
                                        164: -0.0903,
                                        165: -0.7044,
                                        166: -1.3351,
                                        167: -1.8022,
                                        168: -1.8729,
                                        169: -1.4258,
                                        170: -0.5446,
                                        171: 0.5456,
                                        172: 1.6027,
                                        173: 2.4258,
                                        174: 2.8823,
                                        175: 2.9266,
                                        176: 2.6112,
                                        177: 2.0703,
                                        178: 1.4723,
                                        179: 0.9661,
                                        180: 0.6374,
                                    }
                                }
                            }
                        }

                        over "Hair_Fringe_4_0_ctl"
                        {
                            double avars:rz.timeSamples = {
                                1: -0.422,
                                2: -0.4384,
                                3: -0.4556,
                                4: -0.4794,
                                5: -0.5,
                                6: -0.5201,
                                7: -0.5362,
                                8: -0.5478,
                                9: -0.5545,
                                10: -0.5565,
                                11: -0.5545,
                                12: -0.5492,
                                13: -0.5417,
                                14: -0.5325,
                                15: -0.522,
                                16: -0.5104,
                                17: -0.4976,
                                18: -0.4831,
                                19: -0.4666,
                                20: -0.4478,
                                21: -0.4267,
                                22: -0.4036,
                                23: -0.3787,
                                24: -0.3523,
                                25: -0.3246,
                                26: -0.2976,
                                27: -0.2779,
                                28: -0.2489,
                                29: -0.2002,
                                30: -0.1457,
                                31: -0.0996,
                                32: -0.0658,
                                33: -0.0278,
                                34: 0.0787,
                                35: 0.2776,
                                36: 0.5437,
                                37: 0.826,
                                38: 1.0394,
                                39: 1.3082,
                                40: 1.6615,
                                41: 1.9573,
                                42: 1.9624,
                                43: 1.6019,
                                44: 1.0683,
                                45: 0.4741,
                                46: -0.0276,
                                47: -0.3033,
                                48: -0.3473,
                                49: -0.2777,
                                50: -0.1322,
                                51: 0.1151,
                                52: 0.6134,
                                53: 0.661,
                                54: 0.0692,
                                55: -0.5329,
                                56: -1.231,
                                57: -2.0686,
                                58: -2.3709,
                                59: -2.1318,
                                60: -1.7685,
                                61: -1.3783,
                                62: -1.1417,
                                63: -1.2588,
                                64: -0.6061,
                                65: 1.3368,
                                66: 3.7477,
                                67: 5.0461,
                                68: 4.8816,
                                69: 4.2387,
                                70: 3.3796,
                                71: 2.3963,
                                72: 1.1289,
                                73: -0.0705,
                                74: -0.8981,
                                75: -1.2438,
                                76: -1.2819,
                                77: -1.0877,
                                78: -0.7742,
                                79: -0.4088,
                                80: -0.1049,
                                81: 0.1184,
                                82: 0.2631,
                                83: 0.3189,
                                84: 0.2899,
                                85: 0.1958,
                                86: 0.0824,
                                87: -0.1216,
                                88: -0.4247,
                                89: -0.7515,
                                90: -0.9771,
                                91: -1.1859,
                                92: -1.5653,
                                93: -2.0783,
                                94: -0.9125,
                                95: 0.6842,
                                96: 1.2158,
                                97: 1.2383,
                                98: 0.9754,
                                99: 0.7095,
                                100: -0.1211,
                                101: 0.5818,
                                102: -1.464,
                                103: -0.172,
                                104: -0.6101,
                                105: -1.1737,
                                106: 0.34,
                                107: -1.0392,
                                108: -0.0614,
                                109: 0.3018,
                                110: -0.6524,
                                111: 0.5705,
                                112: -0.322,
                                113: 0.0891,
                                114: 0.0251,
                                115: 0.0805,
                                116: 0.0486,
                                117: -0.1583,
                                118: -0.0621,
                                119: -0.9862,
                                120: -2.7663,
                                121: -3.8356,
                                122: -3.3992,
                                123: -2.2486,
                                124: -0.8328,
                                125: 0.1839,
                                126: 0.5479,
                                127: 0.3311,
                                128: -0.2291,
                                129: -0.6778,
                                130: -0.6649,
                                131: -0.2891,
                                132: 0.2775,
                                133: 0.6431,
                                134: 0.5622,
                                135: 0.1766,
                                136: -0.3537,
                                137: -0.7086,
                                138: -0.6859,
                                139: -0.385,
                                140: 0.0545,
                                141: 0.3518,
                                142: 0.3677,
                                143: 0.1974,
                                144: -0.0565,
                                145: -0.1817,
                                146: -0.2097,
                                147: -0.243,
                                148: -0.2687,
                                149: -0.3539,
                                150: -0.604,
                                151: -0.238,
                                152: 0.8735,
                                153: 1.8272,
                                154: 2.2292,
                                155: 2.3655,
                                156: 2.3046,
                                157: 2.0519,
                                158: 1.5386,
                                159: 0.9353,
                                160: 0.3262,
                                161: -0.1847,
                                162: -0.5287,
                                163: -0.6725,
                                164: -0.7273,
                                165: -0.9056,
                                166: -0.7282,
                                167: 0.0763,
                                168: 1.2502,
                                169: 2.3555,
                                170: 2.7433,
                                171: 2.402,
                                172: 1.7432,
                                173: 0.9819,
                                174: 0.4236,
                                175: 0.0374,
                                176: -0.2327,
                                177: -0.3874,
                                178: -0.438,
                                179: -0.3779,
                                180: -0.2591,
                            }

                            over "Hair_Fringe_4_1_ctl"
                            {
                                double avars:rz.timeSamples = {
                                    1: -1.0545,
                                    2: -1.051,
                                    3: -1.0515,
                                    4: -1.0577,
                                    5: -1.0685,
                                    6: -1.0828,
                                    7: -1.1001,
                                    8: -1.1184,
                                    9: -1.1355,
                                    10: -1.15,
                                    11: -1.1608,
                                    12: -1.1678,
                                    13: -1.1709,
                                    14: -1.1709,
                                    15: -1.1682,
                                    16: -1.1635,
                                    17: -1.157,
                                    18: -1.1488,
                                    19: -1.1389,
                                    20: -1.1272,
                                    21: -1.1137,
                                    22: -1.0983,
                                    23: -1.081,
                                    24: -1.0619,
                                    25: -1.041,
                                    26: -1.0195,
                                    27: -1.0017,
                                    28: -0.9942,
                                    29: -1.0017,
                                    30: -1.0268,
                                    31: -1.0697,
                                    32: -1.1211,
                                    33: -1.1604,
                                    34: -1.1622,
                                    35: -1.1043,
                                    36: -0.9685,
                                    37: -0.7577,
                                    38: -0.5048,
                                    39: -0.2259,
                                    40: 0.1141,
                                    41: 0.5514,
                                    42: 1.0496,
                                    43: 1.5106,
                                    44: 1.8452,
                                    45: 1.9938,
                                    46: 1.9184,
                                    47: 1.6299,
                                    48: 1.2029,
                                    49: 0.7375,
                                    50: 0.3258,
                                    51: 0.0928,
                                    52: 0.1961,
                                    53: 0.6279,
                                    54: 1.1569,
                                    55: 1.5646,
                                    56: 1.6972,
                                    57: 1.3748,
                                    58: 0.5582,
                                    59: -0.5301,
                                    60: -1.6174,
                                    61: -2.5466,
                                    62: -3.2981,
                                    63: -3.9707,
                                    64: -4.5199,
                                    65: -4.5532,
                                    66: -3.6917,
                                    67: -2.0717,
                                    68: -0.1759,
                                    69: 1.6783,
                                    70: 3.3564,
                                    71: 4.6342,
                                    72: 5.2066,
                                    73: 4.9508,
                                    74: 4.0396,
                                    75: 2.7911,
                                    76: 1.4952,
                                    77: 0.3646,
                                    78: -0.4482,
                                    79: -0.8633,
                                    80: -0.902,
                                    81: -0.6635,
                                    82: -0.2688,
                                    83: 0.1713,
                                    84: 0.5688,
                                    85: 0.8767,
                                    86: 1.0934,
                                    87: 1.2224,
                                    88: 1.2367,
                                    89: 1.1089,
                                    90: 0.8519,
                                    91: 0.4835,
                                    92: -0.1117,
                                    93: -1.0136,
                                    94: -1.8531,
                                    95: -2.1822,
                                    96: -2.0391,
                                    97: -1.65,
                                    98: -0.9889,
                                    99: -0.0947,
                                    100: 0.8228,
                                    101: 1.5332,
                                    102: 1.721,
                                    103: 1.524,
                                    104: 1.1132,
                                    105: 0.5397,
                                    106: 0.031,
                                    107: -0.4043,
                                    108: -0.6372,
                                    109: -0.623,
                                    110: -0.5158,
                                    111: -0.3157,
                                    112: -0.0961,
                                    113: 0.1266,
                                    114: 0.3517,
                                    115: 0.6023,
                                    116: 0.9128,
                                    117: 1.2749,
                                    118: 1.7722,
                                    119: 2.1966,
                                    120: 1.9692,
                                    121: 0.8425,
                                    122: -0.7844,
                                    123: -2.3438,
                                    124: -3.4636,
                                    125: -3.9112,
                                    126: -3.5981,
                                    127: -2.7169,
                                    128: -1.6913,
                                    129: -0.9164,
                                    130: -0.5664,
                                    131: -0.5757,
                                    132: -0.7296,
                                    133: -0.82,
                                    134: -0.7614,
                                    135: -0.6031,
                                    136: -0.4804,
                                    137: -0.5152,
                                    138: -0.7285,
                                    139: -1.0318,
                                    140: -1.2798,
                                    141: -1.3611,
                                    142: -1.2551,
                                    143: -1.0249,
                                    144: -0.7745,
                                    145: -0.5878,
                                    146: -0.516,
                                    147: -0.5879,
                                    148: -0.7929,
                                    149: -1.1271,
                                    150: -1.6149,
                                    151: -2.1288,
                                    152: -2.3667,
                                    153: -2.171,
                                    154: -1.6462,
                                    155: -0.9151,
                                    156: -0.0162,
                                    157: 0.9401,
                                    158: 1.7328,
                                    159: 2.1916,
                                    160: 2.2758,
                                    161: 2.0254,
                                    162: 1.5253,
                                    163: 0.8942,
                                    164: 0.2146,
                                    165: -0.5187,
                                    166: -1.2589,
                                    167: -1.7959,
                                    168: -1.8789,
                                    169: -1.4084,
                                    170: -0.5065,
                                    171: 0.5859,
                                    172: 1.6333,
                                    173: 2.4423,
                                    174: 2.8768,
                                    175: 2.8819,
                                    176: 2.5061,
                                    177: 1.8888,
                                    178: 1.2089,
                                    179: 0.6265,
                                    180: 0.2343,
                                }

                                over "Hair_Fringe_4_2_ctl"
                                {
                                    double avars:rz.timeSamples = {
                                        1: -1.1194,
                                        2: -1.116,
                                        3: -1.1166,
                                        4: -1.1231,
                                        5: -1.1342,
                                        6: -1.149,
                                        7: -1.1669,
                                        8: -1.1858,
                                        9: -1.2037,
                                        10: -1.2189,
                                        11: -1.2304,
                                        12: -1.2381,
                                        13: -1.2419,
                                        14: -1.2424,
                                        15: -1.2403,
                                        16: -1.2361,
                                        17: -1.2301,
                                        18: -1.2223,
                                        19: -1.2128,
                                        20: -1.2014,
                                        21: -1.1882,
                                        22: -1.173,
                                        23: -1.1558,
                                        24: -1.1368,
                                        25: -1.1158,
                                        26: -1.0942,
                                        27: -1.0762,
                                        28: -1.0684,
                                        29: -1.0753,
                                        30: -1.0995,
                                        31: -1.1407,
                                        32: -1.1896,
                                        33: -1.2253,
                                        34: -1.2224,
                                        35: -1.1583,
                                        36: -1.0147,
                                        37: -0.7945,
                                        38: -0.5309,
                                        39: -0.2401,
                                        40: 0.113,
                                        41: 0.5639,
                                        42: 1.0757,
                                        43: 1.5484,
                                        44: 1.8913,
                                        45: 2.0439,
                                        46: 1.9678,
                                        47: 1.6748,
                                        48: 1.2408,
                                        49: 0.7677,
                                        50: 0.3492,
                                        51: 0.1111,
                                        52: 0.2118,
                                        53: 0.6421,
                                        54: 1.1683,
                                        55: 1.5691,
                                        56: 1.6893,
                                        57: 1.3482,
                                        58: 0.5081,
                                        59: -0.6052,
                                        60: -1.7153,
                                        61: -2.6623,
                                        62: -3.4247,
                                        63: -4.1008,
                                        64: -4.6445,
                                        65: -4.6609,
                                        66: -3.7695,
                                        67: -2.1086,
                                        68: -0.1666,
                                        69: 1.7327,
                                        70: 3.449,
                                        71: 4.7542,
                                        72: 5.3406,
                                        73: 5.0853,
                                        74: 4.1635,
                                        75: 2.8976,
                                        76: 1.5817,
                                        77: 0.4323,
                                        78: -0.3951,
                                        79: -0.8196,
                                        80: -0.8625,
                                        81: -0.6237,
                                        82: -0.2259,
                                        83: 0.2186,
                                        84: 0.6203,
                                        85: 0.9311,
                                        86: 1.1487,
                                        87: 1.276,
                                        88: 1.2858,
                                        89: 1.1503,
                                        90: 0.8831,
                                        91: 0.5024,
                                        92: -0.1061,
                                        93: -1.021,
                                        94: -1.8698,
                                        95: -2.2006,
                                        96: -2.0511,
                                        97: -1.649,
                                        98: -0.9715,
                                        99: -0.0604,
                                        100: 0.8705,
                                        101: 1.5897,
                                        102: 1.7792,
                                        103: 1.5786,
                                        104: 1.1612,
                                        105: 0.5787,
                                        106: 0.0624,
                                        107: -0.3789,
                                        108: -0.6154,
                                        109: -0.6015,
                                        110: -0.493,
                                        111: -0.29,
                                        112: -0.0669,
                                        113: 0.1591,
                                        114: 0.3869,
                                        115: 0.6393,
                                        116: 0.9497,
                                        117: 1.3088,
                                        118: 1.7992,
                                        119: 2.2107,
                                        120: 1.9618,
                                        121: 0.8057,
                                        122: -0.8539,
                                        123: -2.4424,
                                        124: -3.5824,
                                        125: -4.039,
                                        126: -3.7243,
                                        127: -2.8353,
                                        128: -1.8003,
                                        129: -1.0182,
                                        130: -0.6646,
                                        131: -0.6728,
                                        132: -0.8264,
                                        133: -0.9157,
                                        134: -0.8552,
                                        135: -0.6953,
                                        136: -0.5725,
                                        137: -0.6094,
                                        138: -0.8266,
                                        139: -1.1339,
                                        140: -1.3844,
                                        141: -1.466,
                                        142: -1.3582,
                                        143: -1.1254,
                                        144: -0.8726,
                                        145: -0.685,
                                        146: -0.6138,
                                        147: -0.6874,
                                        148: -0.895,
                                        149: -1.2316,
                                        150: -1.7208,
                                        151: -2.2334,
                                        152: -2.4648,
                                        153: -2.2561,
                                        154: -1.7124,
                                        155: -0.9588,
                                        156: -0.0363,
                                        157: 0.942,
                                        158: 1.7523,
                                        159: 2.2224,
                                        160: 2.3112,
                                        161: 2.0592,
                                        162: 1.5527,
                                        163: 0.9125,
                                        164: 0.223,
                                        165: -0.519,
                                        166: -1.2649,
                                        167: -1.802,
                                        168: -1.8774,
                                        169: -1.3914,
                                        170: -0.4679,
                                        171: 0.6483,
                                        172: 1.7176,
                                        173: 2.543,
                                        174: 2.9868,
                                        175: 2.9941,
                                        176: 2.6147,
                                        177: 1.9902,
                                        178: 1.3018,
                                        179: 0.7115,
                                        180: 0.3133,
                                    }
                                }
                            }
                        }

                        over "Hair_Fringe_5_0_ctl"
                        {
                            double avars:rz.timeSamples = {
                                1: -0.2037,
                                2: -0.1983,
                                3: -0.1954,
                                4: -0.2003,
                                5: -0.203,
                                6: -0.2061,
                                7: -0.2063,
                                8: -0.2031,
                                9: -0.1962,
                                10: -0.1861,
                                11: -0.1734,
                                12: -0.1592,
                                13: -0.1443,
                                14: -0.1294,
                                15: -0.115,
                                16: -0.1012,
                                17: -0.0878,
                                18: -0.0747,
                                19: -0.0614,
                                20: -0.0478,
                                21: -0.0338,
                                22: -0.0193,
                                23: -0.0044,
                                24: 0.0106,
                                25: 0.0256,
                                26: 0.0378,
                                27: 0.0381,
                                28: 0.0437,
                                29: 0.0706,
                                30: 0.1137,
                                31: 0.1667,
                                32: 0.2239,
                                33: 0.2872,
                                34: 0.4062,
                                35: 0.603,
                                36: 0.8536,
                                37: 1.0949,
                                38: 1.2279,
                                39: 1.3799,
                                40: 1.6048,
                                41: 1.7955,
                                42: 1.7432,
                                43: 1.3823,
                                44: 0.9015,
                                45: 0.393,
                                46: -0.0218,
                                47: -0.2368,
                                48: -0.2597,
                                49: -0.2086,
                                50: -0.1108,
                                51: 0.0788,
                                52: 0.5336,
                                53: 0.5591,
                                54: -0.0497,
                                55: -0.6765,
                                56: -1.4016,
                                57: -2.2628,
                                58: -2.5903,
                                59: -2.3796,
                                60: -2.044,
                                61: -1.6798,
                                62: -1.4689,
                                63: -1.611,
                                64: -0.9759,
                                65: 0.9694,
                                66: 3.401,
                                67: 4.7183,
                                68: 4.5618,
                                69: 3.9329,
                                70: 3.1137,
                                71: 2.1937,
                                72: 0.9901,
                                73: -0.1654,
                                74: -0.9745,
                                75: -1.3239,
                                76: -1.3833,
                                77: -1.2218,
                                78: -0.9432,
                                79: -0.6046,
                                80: -0.3118,
                                81: -0.0826,
                                82: 0.08,
                                83: 0.158,
                                84: 0.1481,
                                85: 0.0616,
                                86: -0.0663,
                                87: -0.3003,
                                88: -0.619,
                                89: -0.9191,
                                90: -1.0761,
                                91: -1.2034,
                                92: -1.514,
                                93: -1.9674,
                                94: -0.7544,
                                95: 0.8442,
                                96: 1.3216,
                                97: 1.264,
                                98: 0.9344,
                                99: 0.6397,
                                100: -0.18,
                                101: 0.5487,
                                102: -1.4658,
                                103: -0.1321,
                                104: -0.5398,
                                105: -1.084,
                                106: 0.4375,
                                107: -0.9524,
                                108: 0.0194,
                                109: 0.3736,
                                110: -0.5927,
                                111: 0.6251,
                                112: -0.2742,
                                113: 0.1355,
                                114: 0.0784,
                                115: 0.1495,
                                116: 0.1469,
                                117: -0.0096,
                                118: 0.1769,
                                119: -0.6538,
                                120: -2.438,
                                121: -3.6429,
                                122: -3.3925,
                                123: -2.3913,
                                124: -1.0612,
                                125: -0.0674,
                                126: 0.3315,
                                127: 0.1907,
                                128: -0.2813,
                                129: -0.6563,
                                130: -0.6,
                                131: -0.2136,
                                132: 0.3417,
                                133: 0.6884,
                                134: 0.5908,
                                135: 0.1936,
                                136: -0.3457,
                                137: -0.7103,
                                138: -0.7003,
                                139: -0.4137,
                                140: 0.0147,
                                141: 0.3088,
                                142: 0.3309,
                                143: 0.1739,
                                144: -0.0636,
                                145: -0.1726,
                                146: -0.1883,
                                147: -0.2179,
                                148: -0.2527,
                                149: -0.3709,
                                150: -0.6942,
                                151: -0.4144,
                                152: 0.6734,
                                153: 1.6989,
                                154: 2.2199,
                                155: 2.4642,
                                156: 2.482,
                                157: 2.2803,
                                158: 1.788,
                                159: 1.1748,
                                160: 0.5321,
                                161: -0.0245,
                                162: -0.4142,
                                163: -0.5923,
                                164: -0.6621,
                                165: -0.8306,
                                166: -0.6214,
                                167: 0.2214,
                                168: 1.416,
                                169: 2.5033,
                                170: 2.8382,
                                171: 2.4437,
                                172: 1.7673,
                                173: 1.0349,
                                174: 0.5359,
                                175: 0.2126,
                                176: -0.0114,
                                177: -0.1443,
                                178: -0.1953,
                                179: -0.1506,
                                180: -0.0543,
                            }

                            over "Hair_Fringe_5_1_ctl"
                            {
                                double avars:rz.timeSamples = {
                                    1: -0.7998,
                                    2: -0.7709,
                                    3: -0.7474,
                                    4: -0.7312,
                                    5: -0.7207,
                                    6: -0.7152,
                                    7: -0.7139,
                                    8: -0.7151,
                                    9: -0.7168,
                                    10: -0.7176,
                                    11: -0.7164,
                                    12: -0.7132,
                                    13: -0.7082,
                                    14: -0.7019,
                                    15: -0.6949,
                                    16: -0.6877,
                                    17: -0.6808,
                                    18: -0.6742,
                                    19: -0.6679,
                                    20: -0.6619,
                                    21: -0.6559,
                                    22: -0.6499,
                                    23: -0.6437,
                                    24: -0.6372,
                                    25: -0.6303,
                                    26: -0.6249,
                                    27: -0.6268,
                                    28: -0.6423,
                                    29: -0.6722,
                                    30: -0.7132,
                                    31: -0.7602,
                                    32: -0.805,
                                    33: -0.8368,
                                    34: -0.84,
                                    35: -0.7934,
                                    36: -0.6781,
                                    37: -0.5049,
                                    38: -0.316,
                                    39: -0.1255,
                                    40: 0.1185,
                                    41: 0.4752,
                                    42: 0.9248,
                                    43: 1.3753,
                                    44: 1.735,
                                    45: 1.9307,
                                    46: 1.9035,
                                    47: 1.6461,
                                    48: 1.2239,
                                    49: 0.7374,
                                    50: 0.2854,
                                    51: 0.006,
                                    52: 0.0727,
                                    53: 0.4825,
                                    54: 0.9935,
                                    55: 1.3784,
                                    56: 1.4874,
                                    57: 1.144,
                                    58: 0.306,
                                    59: -0.8054,
                                    60: -1.9148,
                                    61: -2.8645,
                                    62: -3.6355,
                                    63: -4.3268,
                                    64: -4.8892,
                                    65: -4.9217,
                                    66: -4.0467,
                                    67: -2.4139,
                                    68: -0.5121,
                                    69: 1.3526,
                                    70: 3.0589,
                                    71: 4.3811,
                                    72: 4.9986,
                                    73: 4.775,
                                    74: 3.8793,
                                    75: 2.6321,
                                    76: 1.326,
                                    77: 0.1779,
                                    78: -0.6535,
                                    79: -1.0816,
                                    80: -1.1227,
                                    81: -0.875,
                                    82: -0.463,
                                    83: -0.0027,
                                    84: 0.4133,
                                    85: 0.7319,
                                    86: 0.9446,
                                    87: 1.0592,
                                    88: 1.0688,
                                    89: 0.9644,
                                    90: 0.7586,
                                    91: 0.4499,
                                    92: -0.0942,
                                    93: -0.9512,
                                    94: -1.7544,
                                    95: -2.0775,
                                    96: -1.9662,
                                    97: -1.6262,
                                    98: -1.0057,
                                    99: -0.1269,
                                    100: 0.8012,
                                    101: 1.5319,
                                    102: 1.7434,
                                    103: 1.5767,
                                    104: 1.1883,
                                    105: 0.6296,
                                    106: 0.1276,
                                    107: -0.3135,
                                    108: -0.5494,
                                    109: -0.5406,
                                    110: -0.4411,
                                    111: -0.2443,
                                    112: -0.0295,
                                    113: 0.1917,
                                    114: 0.4207,
                                    115: 0.6809,
                                    116: 1.0098,
                                    117: 1.4041,
                                    118: 1.96,
                                    119: 2.445,
                                    120: 2.2129,
                                    121: 0.994,
                                    122: -0.759,
                                    123: -2.4201,
                                    124: -3.5992,
                                    125: -4.0643,
                                    126: -3.73,
                                    127: -2.8003,
                                    128: -1.718,
                                    129: -0.896,
                                    130: -0.5191,
                                    131: -0.5232,
                                    132: -0.6864,
                                    133: -0.791,
                                    134: -0.7449,
                                    135: -0.5957,
                                    136: -0.48,
                                    137: -0.522,
                                    138: -0.7445,
                                    139: -1.0577,
                                    140: -1.3133,
                                    141: -1.3966,
                                    142: -1.2861,
                                    143: -1.0466,
                                    144: -0.7843,
                                    145: -0.5857,
                                    146: -0.5043,
                                    147: -0.5721,
                                    148: -0.7814,
                                    149: -1.1355,
                                    150: -1.6697,
                                    151: -2.2386,
                                    152: -2.4895,
                                    153: -2.2431,
                                    154: -1.6358,
                                    155: -0.8294,
                                    156: 0.1253,
                                    157: 1.1192,
                                    158: 1.9295,
                                    159: 2.3854,
                                    160: 2.4509,
                                    161: 2.1738,
                                    162: 1.647,
                                    163: 0.9968,
                                    164: 0.3108,
                                    165: -0.4123,
                                    166: -1.1278,
                                    167: -1.636,
                                    168: -1.7019,
                                    169: -1.2404,
                                    170: -0.3709,
                                    171: 0.6886,
                                    172: 1.7266,
                                    173: 2.5569,
                                    174: 3.0327,
                                    175: 3.0811,
                                    176: 2.7372,
                                    177: 2.1351,
                                    178: 1.4553,
                                    179: 0.8626,
                                    180: 0.4549,
                                }

                                over "Hair_Fringe_5_2_ctl"
                                {
                                    double avars:rz.timeSamples = {
                                        1: -0.8648,
                                        2: -0.8359,
                                        3: -0.8125,
                                        4: -0.7965,
                                        5: -0.7864,
                                        6: -0.7814,
                                        7: -0.7807,
                                        8: -0.7826,
                                        9: -0.785,
                                        10: -0.7864,
                                        11: -0.786,
                                        12: -0.7835,
                                        13: -0.7792,
                                        14: -0.7734,
                                        15: -0.767,
                                        16: -0.7604,
                                        17: -0.7539,
                                        18: -0.7477,
                                        19: -0.7418,
                                        20: -0.7361,
                                        21: -0.7304,
                                        22: -0.7246,
                                        23: -0.7185,
                                        24: -0.7121,
                                        25: -0.7052,
                                        26: -0.6996,
                                        27: -0.7013,
                                        28: -0.7165,
                                        29: -0.7458,
                                        30: -0.7858,
                                        31: -0.8311,
                                        32: -0.8735,
                                        33: -0.9017,
                                        34: -0.9002,
                                        35: -0.8474,
                                        36: -0.7244,
                                        37: -0.5417,
                                        38: -0.3421,
                                        39: -0.1397,
                                        40: 0.1173,
                                        41: 0.4877,
                                        42: 0.9509,
                                        43: 1.413,
                                        44: 1.7811,
                                        45: 1.9808,
                                        46: 1.9529,
                                        47: 1.691,
                                        48: 1.2619,
                                        49: 0.7677,
                                        50: 0.3088,
                                        51: 0.0243,
                                        52: 0.0884,
                                        53: 0.4968,
                                        54: 1.0049,
                                        55: 1.383,
                                        56: 1.4795,
                                        57: 1.1174,
                                        58: 0.2558,
                                        59: -0.8806,
                                        60: -2.0127,
                                        61: -2.9802,
                                        62: -3.7621,
                                        63: -4.4568,
                                        64: -5.0137,
                                        65: -5.0294,
                                        66: -4.1245,
                                        67: -2.4509,
                                        68: -0.5028,
                                        69: 1.407,
                                        70: 3.1516,
                                        71: 4.5011,
                                        72: 5.1325,
                                        73: 4.9094,
                                        74: 4.0033,
                                        75: 2.7386,
                                        76: 1.4125,
                                        77: 0.2457,
                                        78: -0.6004,
                                        79: -1.038,
                                        80: -1.0832,
                                        81: -0.8352,
                                        82: -0.4201,
                                        83: 0.0446,
                                        84: 0.4648,
                                        85: 0.7862,
                                        86: 0.9999,
                                        87: 1.1129,
                                        88: 1.1178,
                                        89: 1.0058,
                                        90: 0.7897,
                                        91: 0.4688,
                                        92: -0.0885,
                                        93: -0.9586,
                                        94: -1.7711,
                                        95: -2.096,
                                        96: -1.9781,
                                        97: -1.6253,
                                        98: -0.9882,
                                        99: -0.0926,
                                        100: 0.8489,
                                        101: 1.5884,
                                        102: 1.8016,
                                        103: 1.6313,
                                        104: 1.2363,
                                        105: 0.6687,
                                        106: 0.1591,
                                        107: -0.2881,
                                        108: -0.5276,
                                        109: -0.5191,
                                        110: -0.4184,
                                        111: -0.2186,
                                        112: -0.0003,
                                        113: 0.2242,
                                        114: 0.4559,
                                        115: 0.7178,
                                        116: 1.0466,
                                        117: 1.438,
                                        118: 1.987,
                                        119: 2.4591,
                                        120: 2.2056,
                                        121: 0.9572,
                                        122: -0.8285,
                                        123: -2.5187,
                                        124: -3.718,
                                        125: -4.192,
                                        126: -3.8562,
                                        127: -2.9187,
                                        128: -1.827,
                                        129: -0.9978,
                                        130: -0.6173,
                                        131: -0.6203,
                                        132: -0.7831,
                                        133: -0.8867,
                                        134: -0.8388,
                                        135: -0.6878,
                                        136: -0.572,
                                        137: -0.6162,
                                        138: -0.8425,
                                        139: -1.1598,
                                        140: -1.4179,
                                        141: -1.5015,
                                        142: -1.3892,
                                        143: -1.147,
                                        144: -0.8824,
                                        145: -0.6829,
                                        146: -0.6021,
                                        147: -0.6717,
                                        148: -0.8835,
                                        149: -1.24,
                                        150: -1.7756,
                                        151: -2.3432,
                                        152: -2.5876,
                                        153: -2.3281,
                                        154: -1.702,
                                        155: -0.8731,
                                        156: 0.1053,
                                        157: 1.1211,
                                        158: 1.949,
                                        159: 2.4162,
                                        160: 2.4863,
                                        161: 2.2076,
                                        162: 1.6744,
                                        163: 1.015,
                                        164: 0.3192,
                                        165: -0.4126,
                                        166: -1.1338,
                                        167: -1.642,
                                        168: -1.7004,
                                        169: -1.2234,
                                        170: -0.3323,
                                        171: 0.751,
                                        172: 1.8109,
                                        173: 2.6576,
                                        174: 3.1427,
                                        175: 3.1933,
                                        176: 2.8457,
                                        177: 2.2365,
                                        178: 1.5481,
                                        179: 0.9475,
                                        180: 0.5339,
                                    }
                                }
                            }
                        }

                        over "Hair_Fringe_Long_0_ctl"
                        {
                            double avars:rz.timeSamples = {
                                1: -0.2714,
                                2: -0.3051,
                                3: -0.338,
                                4: -0.3754,
                                5: -0.4085,
                                6: -0.4403,
                                7: -0.4674,
                                8: -0.4897,
                                9: -0.5075,
                                10: -0.5212,
                                11: -0.5314,
                                12: -0.5391,
                                13: -0.5446,
                                14: -0.5484,
                                15: -0.5507,
                                16: -0.5513,
                                17: -0.5496,
                                18: -0.5452,
                                19: -0.5375,
                                20: -0.5262,
                                21: -0.5115,
                                22: -0.4938,
                                23: -0.4733,
                                24: -0.4505,
                                25: -0.4258,
                                26: -0.3993,
                                27: -0.3725,
                                28: -0.3266,
                                29: -0.256,
                                30: -0.1842,
                                31: -0.1345,
                                32: -0.1102,
                                33: -0.0812,
                                34: 0.028,
                                35: 0.2355,
                                36: 0.5059,
                                37: 0.7974,
                                38: 1.0464,
                                39: 1.375,
                                40: 1.7691,
                                41: 2.0358,
                                42: 1.9315,
                                43: 1.4121,
                                44: 0.7101,
                                45: -0.0186,
                                46: -0.5759,
                                47: -0.8072,
                                48: -0.723,
                                49: -0.4791,
                                50: -0.1555,
                                51: 0.2076,
                                52: 0.6721,
                                53: 0.5311,
                                54: -0.2972,
                                55: -1.087,
                                56: -1.8722,
                                57: -2.6324,
                                58: -2.6747,
                                59: -2.0767,
                                60: -1.358,
                                61: -0.6667,
                                62: -0.1757,
                                63: -0.0284,
                                64: 0.8886,
                                65: 2.9305,
                                66: 5.1115,
                                67: 5.9033,
                                68: 5.1399,
                                69: 3.9052,
                                70: 2.4822,
                                71: 1.04,
                                72: -0.4485,
                                73: -1.5655,
                                74: -2.0655,
                                75: -1.9592,
                                76: -1.529,
                                77: -0.9277,
                                78: -0.3258,
                                79: 0.1764,
                                80: 0.4717,
                                81: 0.5791,
                                82: 0.5498,
                                83: 0.4193,
                                84: 0.2266,
                                85: 0.0127,
                                86: -0.1717,
                                87: -0.4067,
                                88: -0.7171,
                                89: -1.0416,
                                90: -1.2599,
                                91: -1.4358,
                                92: -1.6789,
                                93: -1.9148,
                                94: -0.4723,
                                95: 1.2533,
                                96: 1.7941,
                                97: 1.7695,
                                98: 1.3543,
                                99: 0.8233,
                                100: -0.3173,
                                101: 0.1351,
                                102: -1.9733,
                                103: -0.6201,
                                104: -0.9204,
                                105: -1.2835,
                                106: 0.409,
                                107: -0.8028,
                                108: 0.2664,
                                109: 0.6329,
                                110: -0.3421,
                                111: 0.8251,
                                112: -0.1272,
                                113: 0.2217,
                                114: 0.0835,
                                115: 0.0375,
                                116: -0.1428,
                                117: -0.555,
                                118: -0.7754,
                                119: -2.0082,
                                120: -3.7642,
                                121: -4.3487,
                                122: -3.1948,
                                123: -1.3884,
                                124: 0.4607,
                                125: 1.608,
                                126: 1.7781,
                                127: 1.1376,
                                128: 0.1108,
                                129: -0.6791,
                                130: -0.8114,
                                131: -0.418,
                                132: 0.2312,
                                133: 0.6498,
                                134: 0.554,
                                135: 0.1069,
                                136: -0.474,
                                137: -0.8175,
                                138: -0.7124,
                                139: -0.2953,
                                140: 0.2337,
                                141: 0.5479,
                                142: 0.5015,
                                143: 0.2181,
                                144: -0.1563,
                                145: -0.3758,
                                146: -0.4526,
                                147: -0.4749,
                                148: -0.4295,
                                149: -0.3698,
                                150: -0.3678,
                                151: 0.2912,
                                152: 1.5493,
                                153: 2.407,
                                154: 2.5529,
                                155: 2.3728,
                                156: 1.9614,
                                157: 1.3586,
                                158: 0.5759,
                                159: -0.1548,
                                160: -0.7424,
                                161: -1.109,
                                162: -1.2282,
                                163: -1.1184,
                                164: -0.923,
                                165: -0.8459,
                                166: -0.412,
                                167: 0.5877,
                                168: 1.8169,
                                169: 2.8102,
                                170: 2.9559,
                                171: 2.3032,
                                172: 1.3209,
                                173: 0.2847,
                                174: -0.4395,
                                175: -0.8438,
                                176: -0.9878,
                                177: -0.9171,
                                178: -0.7094,
                                179: -0.4205,
                                180: -0.1395,
                            }

                            over "Hair_Fringe_Long_1_ctl"
                            {
                                double avars:rz.timeSamples = {
                                    1: -0.8761,
                                    2: -0.8906,
                                    3: -0.9081,
                                    4: -0.9302,
                                    5: -0.9562,
                                    6: -0.9854,
                                    7: -1.0171,
                                    8: -1.0496,
                                    9: -1.0813,
                                    10: -1.1105,
                                    11: -1.1365,
                                    12: -1.1588,
                                    13: -1.1773,
                                    14: -1.1923,
                                    15: -1.2042,
                                    16: -1.2133,
                                    17: -1.2197,
                                    18: -1.2234,
                                    19: -1.2242,
                                    20: -1.2219,
                                    21: -1.2166,
                                    22: -1.2083,
                                    23: -1.1971,
                                    24: -1.1831,
                                    25: -1.1664,
                                    26: -1.147,
                                    27: -1.1259,
                                    28: -1.1081,
                                    29: -1.1015,
                                    30: -1.1153,
                                    31: -1.1555,
                                    32: -1.2125,
                                    33: -1.2567,
                                    34: -1.2554,
                                    35: -1.19,
                                    36: -1.0494,
                                    37: -0.8301,
                                    38: -0.551,
                                    39: -0.2296,
                                    40: 0.1406,
                                    41: 0.5615,
                                    42: 0.99,
                                    43: 1.3484,
                                    44: 1.574,
                                    45: 1.6363,
                                    46: 1.5271,
                                    47: 1.2716,
                                    48: 0.9333,
                                    49: 0.5873,
                                    50: 0.2975,
                                    51: 0.1446,
                                    52: 0.2283,
                                    53: 0.537,
                                    54: 0.9109,
                                    55: 1.1956,
                                    56: 1.2723,
                                    57: 1.0033,
                                    58: 0.3617,
                                    59: -0.4861,
                                    60: -1.3353,
                                    61: -2.063,
                                    62: -2.6442,
                                    63: -3.1403,
                                    64: -3.5131,
                                    65: -3.4804,
                                    66: -2.7725,
                                    67: -1.4907,
                                    68: 0.0052,
                                    69: 1.464,
                                    70: 2.7651,
                                    71: 3.7359,
                                    72: 4.1595,
                                    73: 3.9574,
                                    74: 3.263,
                                    75: 2.3144,
                                    76: 1.3292,
                                    77: 0.4685,
                                    78: -0.1535,
                                    79: -0.4788,
                                    80: -0.5246,
                                    81: -0.3647,
                                    82: -0.0871,
                                    83: 0.2277,
                                    84: 0.5153,
                                    85: 0.7426,
                                    86: 0.9116,
                                    87: 1.0195,
                                    88: 1.0289,
                                    89: 0.9028,
                                    90: 0.651,
                                    91: 0.3052,
                                    92: -0.1982,
                                    93: -0.9142,
                                    94: -1.5679,
                                    95: -1.8093,
                                    96: -1.6583,
                                    97: -1.2985,
                                    98: -0.7366,
                                    99: -0.0165,
                                    100: 0.6971,
                                    101: 1.2435,
                                    102: 1.3927,
                                    103: 1.2396,
                                    104: 0.9241,
                                    105: 0.4877,
                                    106: 0.1017,
                                    107: -0.2184,
                                    108: -0.3868,
                                    109: -0.3668,
                                    110: -0.2699,
                                    111: -0.1036,
                                    112: 0.0795,
                                    113: 0.2639,
                                    114: 0.4425,
                                    115: 0.6283,
                                    116: 0.8425,
                                    117: 1.0699,
                                    118: 1.3582,
                                    119: 1.5785,
                                    120: 1.3684,
                                    121: 0.566,
                                    122: -0.5821,
                                    123: -1.704,
                                    124: -2.5351,
                                    125: -2.8964,
                                    126: -2.7136,
                                    127: -2.1165,
                                    128: -1.4039,
                                    129: -0.8589,
                                    130: -0.6087,
                                    131: -0.6096,
                                    132: -0.7122,
                                    133: -0.7715,
                                    134: -0.7276,
                                    135: -0.6154,
                                    136: -0.5318,
                                    137: -0.5646,
                                    138: -0.7292,
                                    139: -0.9614,
                                    140: -1.1564,
                                    141: -1.2333,
                                    142: -1.1758,
                                    143: -1.0283,
                                    144: -0.8654,
                                    145: -0.749,
                                    146: -0.7171,
                                    147: -0.7889,
                                    148: -0.9538,
                                    149: -1.1986,
                                    150: -1.5252,
                                    151: -1.8506,
                                    152: -1.9972,
                                    153: -1.8718,
                                    154: -1.5234,
                                    155: -1.0088,
                                    156: -0.3485,
                                    157: 0.3699,
                                    158: 0.9791,
                                    159: 1.3496,
                                    160: 1.4452,
                                    161: 1.2888,
                                    162: 0.937,
                                    163: 0.4741,
                                    164: -0.039,
                                    165: -0.6015,
                                    166: -1.1695,
                                    167: -1.5745,
                                    168: -1.6179,
                                    169: -1.2188,
                                    170: -0.4742,
                                    171: 0.4153,
                                    172: 1.2526,
                                    173: 1.8844,
                                    174: 2.2151,
                                    175: 2.2155,
                                    176: 1.9318,
                                    177: 1.4732,
                                    178: 0.9745,
                                    179: 0.5542,
                                    180: 0.2799,
                                }

                                over "Hair_Fringe_Long_2_ctl"
                                {
                                    double avars:rz.timeSamples = {
                                        1: -0.9411,
                                        2: -0.9556,
                                        3: -0.9732,
                                        4: -0.9955,
                                        5: -1.0219,
                                        6: -1.0516,
                                        7: -1.0838,
                                        8: -1.1171,
                                        9: -1.1494,
                                        10: -1.1794,
                                        11: -1.2061,
                                        12: -1.229,
                                        13: -1.2482,
                                        14: -1.2638,
                                        15: -1.2763,
                                        16: -1.2859,
                                        17: -1.2928,
                                        18: -1.2969,
                                        19: -1.2981,
                                        20: -1.2961,
                                        21: -1.2911,
                                        22: -1.283,
                                        23: -1.2719,
                                        24: -1.258,
                                        25: -1.2413,
                                        26: -1.2218,
                                        27: -1.2005,
                                        28: -1.1823,
                                        29: -1.1751,
                                        30: -1.1879,
                                        31: -1.2264,
                                        32: -1.281,
                                        33: -1.3217,
                                        34: -1.3156,
                                        35: -1.244,
                                        36: -1.0956,
                                        37: -0.867,
                                        38: -0.5771,
                                        39: -0.2437,
                                        40: 0.1394,
                                        41: 0.574,
                                        42: 1.016,
                                        43: 1.3861,
                                        44: 1.6201,
                                        45: 1.6864,
                                        46: 1.5766,
                                        47: 1.3166,
                                        48: 0.9713,
                                        49: 0.6176,
                                        50: 0.3209,
                                        51: 0.163,
                                        52: 0.244,
                                        53: 0.5512,
                                        54: 0.9223,
                                        55: 1.2002,
                                        56: 1.2644,
                                        57: 0.9767,
                                        58: 0.3115,
                                        59: -0.5612,
                                        60: -1.4332,
                                        61: -2.1787,
                                        62: -2.7708,
                                        63: -3.2703,
                                        64: -3.6376,
                                        65: -3.5881,
                                        66: -2.8502,
                                        67: -1.5277,
                                        68: 0.0145,
                                        69: 1.5183,
                                        70: 2.8577,
                                        71: 3.8559,
                                        72: 4.2935,
                                        73: 4.0918,
                                        74: 3.387,
                                        75: 2.4209,
                                        76: 1.4157,
                                        77: 0.5363,
                                        78: -0.1004,
                                        79: -0.4351,
                                        80: -0.4851,
                                        81: -0.3248,
                                        82: -0.0441,
                                        83: 0.275,
                                        84: 0.5668,
                                        85: 0.797,
                                        86: 0.9669,
                                        87: 1.0732,
                                        88: 1.078,
                                        89: 0.9442,
                                        90: 0.6822,
                                        91: 0.3241,
                                        92: -0.1926,
                                        93: -0.9216,
                                        94: -1.5846,
                                        95: -1.8278,
                                        96: -1.6703,
                                        97: -1.2975,
                                        98: -0.7191,
                                        99: 0.0178,
                                        100: 0.7448,
                                        101: 1.2999,
                                        102: 1.4509,
                                        103: 1.2942,
                                        104: 0.972,
                                        105: 0.5268,
                                        106: 0.1332,
                                        107: -0.1929,
                                        108: -0.365,
                                        109: -0.3453,
                                        110: -0.2472,
                                        111: -0.0779,
                                        112: 0.1087,
                                        113: 0.2964,
                                        114: 0.4778,
                                        115: 0.6653,
                                        116: 0.8793,
                                        117: 1.1038,
                                        118: 1.3853,
                                        119: 1.5926,
                                        120: 1.3611,
                                        121: 0.5292,
                                        122: -0.6515,
                                        123: -1.8026,
                                        124: -2.654,
                                        125: -3.0242,
                                        126: -2.8398,
                                        127: -2.2348,
                                        128: -1.5129,
                                        129: -0.9607,
                                        130: -0.7069,
                                        131: -0.7067,
                                        132: -0.809,
                                        133: -0.8672,
                                        134: -0.8214,
                                        135: -0.7075,
                                        136: -0.6238,
                                        137: -0.6588,
                                        138: -0.8273,
                                        139: -1.0635,
                                        140: -1.261,
                                        141: -1.3381,
                                        142: -1.2789,
                                        143: -1.1287,
                                        144: -0.9635,
                                        145: -0.8462,
                                        146: -0.8148,
                                        147: -0.8885,
                                        148: -1.056,
                                        149: -1.3031,
                                        150: -1.6311,
                                        151: -1.9552,
                                        152: -2.0953,
                                        153: -1.9568,
                                        154: -1.5897,
                                        155: -1.0525,
                                        156: -0.3685,
                                        157: 0.3718,
                                        158: 0.9985,
                                        159: 1.3804,
                                        160: 1.4807,
                                        161: 1.3226,
                                        162: 0.9644,
                                        163: 0.4923,
                                        164: -0.0306,
                                        165: -0.6018,
                                        166: -1.1755,
                                        167: -1.5805,
                                        168: -1.6164,
                                        169: -1.2018,
                                        170: -0.4356,
                                        171: 0.4778,
                                        172: 1.3369,
                                        173: 1.9851,
                                        174: 2.3251,
                                        175: 2.3277,
                                        176: 2.0404,
                                        177: 1.5746,
                                        178: 1.0674,
                                        179: 0.6391,
                                        180: 0.3589,
                                    }
                                }
                            }
                        }

                        over "Hair_LockIn_L_0_ctl"
                        {
                            double avars:rz.timeSamples = {
                                1: -0.2336,
                                2: -0.2354,
                                3: -0.2404,
                                4: -0.2557,
                                5: -0.2733,
                                6: -0.2964,
                                7: -0.3217,
                                8: -0.3481,
                                9: -0.3744,
                                10: -0.3992,
                                11: -0.4217,
                                12: -0.4411,
                                13: -0.457,
                                14: -0.4695,
                                15: -0.4787,
                                16: -0.4848,
                                17: -0.4883,
                                18: -0.4895,
                                19: -0.4887,
                                20: -0.4863,
                                21: -0.4828,
                                22: -0.4785,
                                23: -0.4738,
                                24: -0.4691,
                                25: -0.4646,
                                26: -0.4614,
                                27: -0.4642,
                                28: -0.454,
                                29: -0.4175,
                                30: -0.3679,
                                31: -0.3257,
                                32: -0.3076,
                                33: -0.3035,
                                34: -0.2436,
                                35: -0.1016,
                                36: 0.0958,
                                37: 0.3184,
                                38: 0.5243,
                                39: 0.8771,
                                40: 1.4169,
                                41: 1.9809,
                                42: 2.2947,
                                43: 2.2228,
                                44: 1.8902,
                                45: 1.365,
                                46: 0.7902,
                                47: 0.3095,
                                48: -0.0476,
                                49: -0.3604,
                                50: -0.6177,
                                51: -0.75,
                                52: -0.5585,
                                53: -0.7204,
                                54: -1.4597,
                                55: -2.2038,
                                56: -3.0536,
                                57: -4.0198,
                                58: -4.4007,
                                59: -4.1973,
                                60: -3.8254,
                                61: -3.3587,
                                62: -2.9284,
                                63: -2.6994,
                                64: -1.6259,
                                65: 0.6679,
                                66: 3.3754,
                                67: 5.0895,
                                68: 5.5393,
                                69: 5.6375,
                                70: 5.5322,
                                71: 5.2158,
                                72: 4.4079,
                                73: 3.3375,
                                74: 2.2479,
                                75: 1.2836,
                                76: 0.3741,
                                77: -0.4228,
                                78: -1.0869,
                                79: -1.5684,
                                80: -1.8934,
                                81: -2.0328,
                                82: -1.9733,
                                83: -1.7458,
                                84: -1.3927,
                                85: -0.9549,
                                86: -0.4514,
                                87: -0.0259,
                                88: 0.2354,
                                89: 0.3485,
                                90: 0.4159,
                                91: 0.3663,
                                92: 0.1293,
                                93: -0.1995,
                                94: 1.028,
                                95: 2.452,
                                96: 2.7088,
                                97: 2.4824,
                                98: 1.9851,
                                99: 1.5097,
                                100: 0.463,
                                101: 1.0342,
                                102: -1.1392,
                                103: 0.0169,
                                104: -0.5351,
                                105: -1.2293,
                                106: 0.2148,
                                107: -1.2044,
                                108: -0.2374,
                                109: 0.1967,
                                110: -0.6587,
                                111: 0.7159,
                                112: -0.0226,
                                113: 0.5293,
                                114: 0.5726,
                                115: 0.678,
                                116: 0.6369,
                                117: 0.3258,
                                118: 0.173,
                                119: -1.1206,
                                120: -3.2517,
                                121: -4.5558,
                                122: -4.2736,
                                123: -3.2477,
                                124: -1.9105,
                                125: -0.9144,
                                126: -0.5317,
                                127: -0.6957,
                                128: -1.1423,
                                129: -1.3966,
                                130: -1.1304,
                                131: -0.5013,
                                132: 0.2609,
                                133: 0.7295,
                                134: 0.6437,
                                135: 0.1515,
                                136: -0.5551,
                                137: -1.1133,
                                138: -1.2915,
                                139: -1.1815,
                                140: -0.9223,
                                141: -0.7917,
                                142: -0.9235,
                                143: -1.2128,
                                144: -1.5467,
                                145: -1.705,
                                146: -1.717,
                                147: -1.6876,
                                148: -1.613,
                                149: -1.5505,
                                150: -1.5943,
                                151: -1.0016,
                                152: 0.3152,
                                153: 1.4738,
                                154: 2.1043,
                                155: 2.4673,
                                156: 2.5989,
                                157: 2.5052,
                                158: 2.1177,
                                159: 1.582,
                                160: 0.9495,
                                161: 0.3065,
                                162: -0.276,
                                163: -0.7413,
                                164: -1.1522,
                                165: -1.6752,
                                166: -1.8114,
                                167: -1.2731,
                                168: -0.2521,
                                169: 0.9338,
                                170: 1.7071,
                                171: 2.0024,
                                172: 2.0952,
                                173: 2.0593,
                                174: 2.1033,
                                175: 2.1399,
                                176: 2.0829,
                                177: 1.9281,
                                178: 1.6889,
                                179: 1.4227,
                                180: 1.1428,
                            }

                            over "Hair_LockIn_L_1_ctl"
                            {
                                double avars:rz.timeSamples = {
                                    1: -0.9742,
                                    2: -0.9516,
                                    3: -0.9324,
                                    4: -0.9189,
                                    5: -0.9115,
                                    6: -0.9112,
                                    7: -0.9193,
                                    8: -0.9359,
                                    9: -0.9604,
                                    10: -0.9917,
                                    11: -1.0283,
                                    12: -1.0688,
                                    13: -1.1117,
                                    14: -1.1554,
                                    15: -1.1986,
                                    16: -1.2402,
                                    17: -1.2793,
                                    18: -1.315,
                                    19: -1.3468,
                                    20: -1.3745,
                                    21: -1.398,
                                    22: -1.4178,
                                    23: -1.434,
                                    24: -1.4473,
                                    25: -1.4582,
                                    26: -1.468,
                                    27: -1.4802,
                                    28: -1.502,
                                    29: -1.5412,
                                    30: -1.6072,
                                    31: -1.7111,
                                    32: -1.8565,
                                    33: -2.0278,
                                    34: -2.1951,
                                    35: -2.3326,
                                    36: -2.4172,
                                    37: -2.4238,
                                    38: -2.3347,
                                    39: -2.1209,
                                    40: -1.7291,
                                    41: -1.1197,
                                    42: -0.317,
                                    43: 0.5937,
                                    44: 1.5154,
                                    45: 2.3564,
                                    46: 3.0194,
                                    47: 3.4205,
                                    48: 3.5212,
                                    49: 3.3288,
                                    50: 2.8861,
                                    51: 2.3165,
                                    52: 1.8336,
                                    53: 1.5566,
                                    54: 1.4149,
                                    55: 1.3122,
                                    56: 1.1743,
                                    57: 0.8533,
                                    58: 0.2214,
                                    59: -0.6959,
                                    60: -1.805,
                                    61: -3.0435,
                                    62: -4.3833,
                                    63: -5.8479,
                                    64: -7.403,
                                    65: -8.7527,
                                    66: -9.4462,
                                    67: -9.2656,
                                    68: -8.2637,
                                    69: -6.4602,
                                    70: -3.8488,
                                    71: -0.6614,
                                    72: 2.6133,
                                    73: 5.5042,
                                    74: 7.7484,
                                    75: 9.2437,
                                    76: 9.952,
                                    77: 9.8898,
                                    78: 9.1578,
                                    79: 7.9219,
                                    80: 6.3569,
                                    81: 4.6227,
                                    82: 2.8721,
                                    83: 1.2451,
                                    84: -0.1457,
                                    85: -1.2095,
                                    86: -1.8735,
                                    87: -2.1204,
                                    88: -2.0159,
                                    89: -1.6658,
                                    90: -1.1615,
                                    91: -0.5974,
                                    92: -0.1448,
                                    93: 0.0102,
                                    94: -0.1036,
                                    95: -0.3086,
                                    96: -0.5521,
                                    97: -0.8299,
                                    98: -0.9216,
                                    99: -0.6534,
                                    100: -0.0566,
                                    101: 0.731,
                                    102: 1.406,
                                    103: 1.9318,
                                    104: 2.3144,
                                    105: 2.4721,
                                    106: 2.4705,
                                    107: 2.2795,
                                    108: 1.9995,
                                    109: 1.7052,
                                    110: 1.354,
                                    111: 1.0057,
                                    112: 0.6692,
                                    113: 0.3989,
                                    114: 0.2284,
                                    115: 0.2076,
                                    116: 0.4013,
                                    117: 0.8113,
                                    118: 1.4998,
                                    119: 2.321,
                                    120: 2.8242,
                                    121: 2.6915,
                                    122: 1.964,
                                    123: 0.8161,
                                    124: -0.6024,
                                    125: -2.0715,
                                    126: -3.3128,
                                    127: -4.1724,
                                    128: -4.6862,
                                    129: -4.9716,
                                    130: -5.1272,
                                    131: -5.1838,
                                    132: -5.0949,
                                    133: -4.7925,
                                    134: -4.2558,
                                    135: -3.5363,
                                    136: -2.7497,
                                    137: -2.032,
                                    138: -1.4867,
                                    139: -1.1514,
                                    140: -0.9935,
                                    141: -0.9485,
                                    142: -0.9612,
                                    143: -1.0048,
                                    144: -1.0791,
                                    145: -1.1923,
                                    146: -1.361,
                                    147: -1.6112,
                                    148: -1.9543,
                                    149: -2.4046,
                                    150: -3.0039,
                                    151: -3.7091,
                                    152: -4.3254,
                                    153: -4.6871,
                                    154: -4.7783,
                                    155: -4.5821,
                                    156: -3.9972,
                                    157: -2.995,
                                    158: -1.7096,
                                    159: -0.3236,
                                    160: 1.0165,
                                    161: 2.1848,
                                    162: 3.0728,
                                    163: 3.6137,
                                    164: 3.7506,
                                    165: 3.3958,
                                    166: 2.5295,
                                    167: 1.3168,
                                    168: 0.0642,
                                    169: -0.9256,
                                    170: -1.4759,
                                    171: -1.5399,
                                    172: -1.1484,
                                    173: -0.3956,
                                    174: 0.568,
                                    175: 1.5653,
                                    176: 2.4461,
                                    177: 3.1256,
                                    178: 3.5826,
                                    179: 3.8369,
                                    180: 3.916,
                                }

                                over "Hair_LockIn_L_2_ctl"
                                {
                                    double avars:rz.timeSamples = {
                                        1: -0.9742,
                                        2: -0.9516,
                                        3: -0.9324,
                                        4: -0.9189,
                                        5: -0.9115,
                                        6: -0.9112,
                                        7: -0.9193,
                                        8: -0.9359,
                                        9: -0.9604,
                                        10: -0.9917,
                                        11: -1.0283,
                                        12: -1.0688,
                                        13: -1.1117,
                                        14: -1.1554,
                                        15: -1.1986,
                                        16: -1.2402,
                                        17: -1.2793,
                                        18: -1.315,
                                        19: -1.3468,
                                        20: -1.3745,
                                        21: -1.398,
                                        22: -1.4178,
                                        23: -1.434,
                                        24: -1.4473,
                                        25: -1.4582,
                                        26: -1.468,
                                        27: -1.4802,
                                        28: -1.502,
                                        29: -1.5412,
                                        30: -1.6072,
                                        31: -1.7111,
                                        32: -1.8565,
                                        33: -2.0278,
                                        34: -2.1951,
                                        35: -2.3326,
                                        36: -2.4172,
                                        37: -2.4238,
                                        38: -2.3347,
                                        39: -2.1209,
                                        40: -1.7291,
                                        41: -1.1197,
                                        42: -0.317,
                                        43: 0.5937,
                                        44: 1.5154,
                                        45: 2.3564,
                                        46: 3.0194,
                                        47: 3.4205,
                                        48: 3.5212,
                                        49: 3.3288,
                                        50: 2.8861,
                                        51: 2.3165,
                                        52: 1.8336,
                                        53: 1.5566,
                                        54: 1.4149,
                                        55: 1.3122,
                                        56: 1.1743,
                                        57: 0.8533,
                                        58: 0.2214,
                                        59: -0.6959,
                                        60: -1.805,
                                        61: -3.0435,
                                        62: -4.3833,
                                        63: -5.8479,
                                        64: -7.403,
                                        65: -8.7527,
                                        66: -9.4462,
                                        67: -9.2656,
                                        68: -8.2637,
                                        69: -6.4602,
                                        70: -3.8488,
                                        71: -0.6614,
                                        72: 2.6133,
                                        73: 5.5042,
                                        74: 7.7484,
                                        75: 9.2437,
                                        76: 9.952,
                                        77: 9.8898,
                                        78: 9.1578,
                                        79: 7.9219,
                                        80: 6.3569,
                                        81: 4.6227,
                                        82: 2.8721,
                                        83: 1.2451,
                                        84: -0.1457,
                                        85: -1.2095,
                                        86: -1.8735,
                                        87: -2.1204,
                                        88: -2.0159,
                                        89: -1.6658,
                                        90: -1.1615,
                                        91: -0.5974,
                                        92: -0.1448,
                                        93: 0.0102,
                                        94: -0.1036,
                                        95: -0.3086,
                                        96: -0.5521,
                                        97: -0.8299,
                                        98: -0.9216,
                                        99: -0.6534,
                                        100: -0.0566,
                                        101: 0.731,
                                        102: 1.406,
                                        103: 1.9318,
                                        104: 2.3144,
                                        105: 2.4721,
                                        106: 2.4705,
                                        107: 2.2795,
                                        108: 1.9995,
                                        109: 1.7052,
                                        110: 1.354,
                                        111: 1.0057,
                                        112: 0.6692,
                                        113: 0.3989,
                                        114: 0.2284,
                                        115: 0.2076,
                                        116: 0.4013,
                                        117: 0.8113,
                                        118: 1.4998,
                                        119: 2.321,
                                        120: 2.8242,
                                        121: 2.6915,
                                        122: 1.964,
                                        123: 0.8161,
                                        124: -0.6024,
                                        125: -2.0715,
                                        126: -3.3128,
                                        127: -4.1724,
                                        128: -4.6862,
                                        129: -4.9716,
                                        130: -5.1272,
                                        131: -5.1838,
                                        132: -5.0949,
                                        133: -4.7925,
                                        134: -4.2558,
                                        135: -3.5363,
                                        136: -2.7497,
                                        137: -2.032,
                                        138: -1.4867,
                                        139: -1.1514,
                                        140: -0.9935,
                                        141: -0.9485,
                                        142: -0.9612,
                                        143: -1.0048,
                                        144: -1.0791,
                                        145: -1.1923,
                                        146: -1.361,
                                        147: -1.6112,
                                        148: -1.9543,
                                        149: -2.4046,
                                        150: -3.0039,
                                        151: -3.7091,
                                        152: -4.3254,
                                        153: -4.6871,
                                        154: -4.7783,
                                        155: -4.5821,
                                        156: -3.9972,
                                        157: -2.995,
                                        158: -1.7096,
                                        159: -0.3236,
                                        160: 1.0165,
                                        161: 2.1848,
                                        162: 3.0728,
                                        163: 3.6137,
                                        164: 3.7506,
                                        165: 3.3958,
                                        166: 2.5295,
                                        167: 1.3168,
                                        168: 0.0642,
                                        169: -0.9256,
                                        170: -1.4759,
                                        171: -1.5399,
                                        172: -1.1484,
                                        173: -0.3956,
                                        174: 0.568,
                                        175: 1.5653,
                                        176: 2.4461,
                                        177: 3.1256,
                                        178: 3.5826,
                                        179: 3.8369,
                                        180: 3.916,
                                    }
                                }
                            }
                        }

                        over "Hair_Lock_L_0_ctl"
                        {
                            double avars:rz.timeSamples = {
                                1: -0.5591,
                                2: -0.5948,
                                3: -0.6308,
                                4: -0.6727,
                                5: -0.7124,
                                6: -0.7528,
                                7: -0.7894,
                                8: -0.8215,
                                9: -0.8482,
                                10: -0.869,
                                11: -0.8839,
                                12: -0.8931,
                                13: -0.8971,
                                14: -0.8967,
                                15: -0.8927,
                                16: -0.886,
                                17: -0.8773,
                                18: -0.8675,
                                19: -0.857,
                                20: -0.8464,
                                21: -0.8359,
                                22: -0.8256,
                                23: -0.8156,
                                24: -0.8055,
                                25: -0.7953,
                                26: -0.7854,
                                27: -0.7786,
                                28: -0.7504,
                                29: -0.6784,
                                30: -0.5633,
                                31: -0.4102,
                                32: -0.2305,
                                33: -0.032,
                                34: 0.2262,
                                35: 0.5511,
                                36: 0.9029,
                                37: 1.2342,
                                38: 1.4892,
                                39: 1.8111,
                                40: 2.2031,
                                41: 2.4765,
                                42: 2.3752,
                                43: 1.8214,
                                44: 1.002,
                                45: 0.0387,
                                46: -0.869,
                                47: -1.5271,
                                48: -1.8833,
                                49: -2.0228,
                                50: -1.9627,
                                51: -1.7192,
                                52: -1.2466,
                                53: -1.3075,
                                54: -2.0744,
                                55: -2.9064,
                                56: -3.8532,
                                57: -4.8163,
                                58: -4.9949,
                                59: -4.3996,
                                60: -3.5015,
                                61: -2.4036,
                                62: -1.2368,
                                63: -0.1238,
                                64: 1.9808,
                                65: 5.2559,
                                66: 8.5802,
                                67: 10.3973,
                                68: 10.474,
                                69: 9.7223,
                                70: 8.2559,
                                71: 6.1963,
                                72: 3.5744,
                                73: 0.9195,
                                74: -1.3689,
                                75: -3.0963,
                                76: -4.3184,
                                77: -4.9909,
                                78: -5.1587,
                                79: -4.8766,
                                80: -4.2766,
                                81: -3.4216,
                                82: -2.3852,
                                83: -1.2773,
                                84: -0.2023,
                                85: 0.7476,
                                86: 1.5098,
                                87: 1.9324,
                                88: 1.9782,
                                89: 1.7376,
                                90: 1.3723,
                                91: 0.8688,
                                92: 0.2678,
                                93: -0.2102,
                                94: 1.0756,
                                95: 2.6656,
                                96: 3.1688,
                                97: 3.2576,
                                98: 2.9692,
                                99: 2.4565,
                                100: 1.1311,
                                101: 1.2697,
                                102: -1.2835,
                                103: -0.429,
                                104: -1.2141,
                                105: -2.0166,
                                106: -0.5952,
                                107: -1.9294,
                                108: -0.8327,
                                109: -0.2695,
                                110: -0.9628,
                                111: 0.5765,
                                112: 0.0011,
                                113: 0.68,
                                114: 0.7947,
                                115: 0.8789,
                                116: 0.6707,
                                117: 0.0321,
                                118: -0.6727,
                                119: -2.6585,
                                120: -5.3076,
                                121: -6.7222,
                                122: -6.1605,
                                123: -4.5785,
                                124: -2.5039,
                                125: -0.7328,
                                126: 0.2788,
                                127: 0.5054,
                                128: 0.2515,
                                129: 0.0849,
                                130: 0.4038,
                                131: 1.0643,
                                132: 1.7919,
                                133: 2.1012,
                                134: 1.7093,
                                135: 0.7959,
                                136: -0.3698,
                                137: -1.3344,
                                138: -1.8015,
                                139: -1.8458,
                                140: -1.6373,
                                141: -1.5032,
                                142: -1.6148,
                                143: -1.8822,
                                144: -2.188,
                                145: -2.3033,
                                146: -2.2432,
                                147: -2.0904,
                                148: -1.8285,
                                149: -1.4963,
                                150: -1.1468,
                                151: -0.0584,
                                152: 1.7229,
                                153: 3.2046,
                                154: 4.0165,
                                155: 4.412,
                                156: 4.3481,
                                157: 3.797,
                                158: 2.7682,
                                159: 1.518,
                                160: 0.1827,
                                161: -1.078,
                                162: -2.1268,
                                163: -2.8649,
                                164: -3.3139,
                                165: -3.5683,
                                166: -3.101,
                                167: -1.7273,
                                168: 0.1561,
                                169: 2.0287,
                                170: 3.1991,
                                171: 3.5776,
                                172: 3.4648,
                                173: 2.9969,
                                174: 2.4799,
                                175: 1.9419,
                                176: 1.3928,
                                177: 0.88,
                                178: 0.4247,
                                179: 0.0648,
                                180: -0.2088,
                            }

                            over "Hair_Lock_L_1_ctl"
                            {
                                double avars:rz.timeSamples = {
                                    1: -1.3326,
                                    2: -1.3404,
                                    3: -1.3485,
                                    4: -1.3579,
                                    5: -1.3691,
                                    6: -1.3826,
                                    7: -1.3991,
                                    8: -1.4189,
                                    9: -1.4418,
                                    10: -1.4673,
                                    11: -1.495,
                                    12: -1.5241,
                                    13: -1.5538,
                                    14: -1.5835,
                                    15: -1.6123,
                                    16: -1.6395,
                                    17: -1.6646,
                                    18: -1.6871,
                                    19: -1.7065,
                                    20: -1.7226,
                                    21: -1.7354,
                                    22: -1.7447,
                                    23: -1.7508,
                                    24: -1.7536,
                                    25: -1.7535,
                                    26: -1.7509,
                                    27: -1.7477,
                                    28: -1.7458,
                                    29: -1.7465,
                                    30: -1.7498,
                                    31: -1.7555,
                                    32: -1.7629,
                                    33: -1.7684,
                                    34: -1.7638,
                                    35: -1.7388,
                                    36: -1.6827,
                                    37: -1.5852,
                                    38: -1.4399,
                                    39: -1.2367,
                                    40: -0.9562,
                                    41: -0.5844,
                                    42: -0.1322,
                                    43: 0.3641,
                                    44: 0.8605,
                                    45: 1.3129,
                                    46: 1.6756,
                                    47: 1.9111,
                                    48: 2.0026,
                                    49: 1.9535,
                                    50: 1.7824,
                                    51: 1.5377,
                                    52: 1.2984,
                                    53: 1.1085,
                                    54: 0.9422,
                                    55: 0.7625,
                                    56: 0.5394,
                                    57: 0.2198,
                                    58: -0.2369,
                                    59: -0.8126,
                                    60: -1.4616,
                                    61: -2.1463,
                                    62: -2.8386,
                                    63: -3.5266,
                                    64: -4.1759,
                                    65: -4.6611,
                                    66: -4.8061,
                                    67: -4.5252,
                                    68: -3.8414,
                                    69: -2.7803,
                                    70: -1.3709,
                                    71: 0.2679,
                                    72: 1.9252,
                                    73: 3.3985,
                                    74: 4.5647,
                                    75: 5.3671,
                                    76: 5.782,
                                    77: 5.815,
                                    78: 5.5098,
                                    79: 4.9397,
                                    80: 4.1855,
                                    81: 3.3253,
                                    82: 2.4349,
                                    83: 1.5842,
                                    84: 0.8307,
                                    85: 0.2199,
                                    86: -0.2141,
                                    87: -0.4615,
                                    88: -0.5458,
                                    89: -0.5082,
                                    90: -0.3883,
                                    91: -0.2287,
                                    92: -0.0996,
                                    93: -0.0734,
                                    94: -0.1306,
                                    95: -0.1895,
                                    96: -0.223,
                                    97: -0.2323,
                                    98: -0.1497,
                                    99: 0.0748,
                                    100: 0.4149,
                                    101: 0.8132,
                                    102: 1.1494,
                                    103: 1.4075,
                                    104: 1.5862,
                                    105: 1.6528,
                                    106: 1.638,
                                    107: 1.5315,
                                    108: 1.3756,
                                    109: 1.2054,
                                    110: 1.0079,
                                    111: 0.8145,
                                    112: 0.6313,
                                    113: 0.4811,
                                    114: 0.3794,
                                    115: 0.343,
                                    116: 0.3899,
                                    117: 0.5109,
                                    118: 0.713,
                                    119: 0.9269,
                                    120: 0.9787,
                                    121: 0.7527,
                                    122: 0.2721,
                                    123: -0.3856,
                                    124: -1.1478,
                                    125: -1.9179,
                                    126: -2.5817,
                                    127: -3.074,
                                    128: -3.4009,
                                    129: -3.6013,
                                    130: -3.7106,
                                    131: -3.7423,
                                    132: -3.6839,
                                    133: -3.5166,
                                    134: -3.2403,
                                    135: -2.8827,
                                    136: -2.495,
                                    137: -2.1354,
                                    138: -1.8487,
                                    139: -1.654,
                                    140: -1.5424,
                                    141: -1.4913,
                                    142: -1.4799,
                                    143: -1.497,
                                    144: -1.5411,
                                    145: -1.6133,
                                    146: -1.7174,
                                    147: -1.859,
                                    148: -2.0373,
                                    149: -2.2508,
                                    150: -2.5054,
                                    151: -2.7758,
                                    152: -2.9828,
                                    153: -3.0567,
                                    154: -2.9834,
                                    155: -2.7547,
                                    156: -2.3413,
                                    157: -1.7459,
                                    158: -1.0329,
                                    159: -0.2854,
                                    160: 0.4258,
                                    161: 1.0403,
                                    162: 1.5084,
                                    163: 1.8003,
                                    164: 1.8957,
                                    165: 1.7699,
                                    166: 1.4283,
                                    167: 0.9462,
                                    168: 0.4504,
                                    169: 0.0656,
                                    170: -0.1326,
                                    171: -0.1214,
                                    172: 0.0872,
                                    173: 0.4527,
                                    174: 0.9113,
                                    175: 1.3894,
                                    176: 1.8239,
                                    177: 2.1763,
                                    178: 2.4323,
                                    179: 2.5949,
                                    180: 2.6715,
                                }

                                over "Hair_Lock_L_2_ctl"
                                {
                                    double avars:rz.timeSamples = {
                                        1: -1.3326,
                                        2: -1.3404,
                                        3: -1.3485,
                                        4: -1.3579,
                                        5: -1.3691,
                                        6: -1.3826,
                                        7: -1.3991,
                                        8: -1.4189,
                                        9: -1.4418,
                                        10: -1.4673,
                                        11: -1.495,
                                        12: -1.5241,
                                        13: -1.5538,
                                        14: -1.5835,
                                        15: -1.6123,
                                        16: -1.6395,
                                        17: -1.6646,
                                        18: -1.6871,
                                        19: -1.7065,
                                        20: -1.7226,
                                        21: -1.7354,
                                        22: -1.7447,
                                        23: -1.7508,
                                        24: -1.7536,
                                        25: -1.7535,
                                        26: -1.7509,
                                        27: -1.7477,
                                        28: -1.7458,
                                        29: -1.7465,
                                        30: -1.7498,
                                        31: -1.7555,
                                        32: -1.7629,
                                        33: -1.7684,
                                        34: -1.7638,
                                        35: -1.7388,
                                        36: -1.6827,
                                        37: -1.5852,
                                        38: -1.4399,
                                        39: -1.2367,
                                        40: -0.9562,
                                        41: -0.5844,
                                        42: -0.1322,
                                        43: 0.3641,
                                        44: 0.8605,
                                        45: 1.3129,
                                        46: 1.6756,
                                        47: 1.9111,
                                        48: 2.0026,
                                        49: 1.9535,
                                        50: 1.7824,
                                        51: 1.5377,
                                        52: 1.2984,
                                        53: 1.1085,
                                        54: 0.9422,
                                        55: 0.7625,
                                        56: 0.5394,
                                        57: 0.2198,
                                        58: -0.2369,
                                        59: -0.8126,
                                        60: -1.4616,
                                        61: -2.1463,
                                        62: -2.8386,
                                        63: -3.5266,
                                        64: -4.1759,
                                        65: -4.6611,
                                        66: -4.8061,
                                        67: -4.5252,
                                        68: -3.8414,
                                        69: -2.7803,
                                        70: -1.3709,
                                        71: 0.2679,
                                        72: 1.9252,
                                        73: 3.3985,
                                        74: 4.5647,
                                        75: 5.3671,
                                        76: 5.782,
                                        77: 5.815,
                                        78: 5.5098,
                                        79: 4.9397,
                                        80: 4.1855,
                                        81: 3.3253,
                                        82: 2.4349,
                                        83: 1.5842,
                                        84: 0.8307,
                                        85: 0.2199,
                                        86: -0.2141,
                                        87: -0.4615,
                                        88: -0.5458,
                                        89: -0.5082,
                                        90: -0.3883,
                                        91: -0.2287,
                                        92: -0.0996,
                                        93: -0.0734,
                                        94: -0.1306,
                                        95: -0.1895,
                                        96: -0.223,
                                        97: -0.2323,
                                        98: -0.1497,
                                        99: 0.0748,
                                        100: 0.4149,
                                        101: 0.8132,
                                        102: 1.1494,
                                        103: 1.4075,
                                        104: 1.5862,
                                        105: 1.6528,
                                        106: 1.638,
                                        107: 1.5315,
                                        108: 1.3756,
                                        109: 1.2054,
                                        110: 1.0079,
                                        111: 0.8145,
                                        112: 0.6313,
                                        113: 0.4811,
                                        114: 0.3794,
                                        115: 0.343,
                                        116: 0.3899,
                                        117: 0.5109,
                                        118: 0.713,
                                        119: 0.9269,
                                        120: 0.9787,
                                        121: 0.7527,
                                        122: 0.2721,
                                        123: -0.3856,
                                        124: -1.1478,
                                        125: -1.9179,
                                        126: -2.5817,
                                        127: -3.074,
                                        128: -3.4009,
                                        129: -3.6013,
                                        130: -3.7106,
                                        131: -3.7423,
                                        132: -3.6839,
                                        133: -3.5166,
                                        134: -3.2403,
                                        135: -2.8827,
                                        136: -2.495,
                                        137: -2.1354,
                                        138: -1.8487,
                                        139: -1.654,
                                        140: -1.5424,
                                        141: -1.4913,
                                        142: -1.4799,
                                        143: -1.497,
                                        144: -1.5411,
                                        145: -1.6133,
                                        146: -1.7174,
                                        147: -1.859,
                                        148: -2.0373,
                                        149: -2.2508,
                                        150: -2.5054,
                                        151: -2.7758,
                                        152: -2.9828,
                                        153: -3.0567,
                                        154: -2.9834,
                                        155: -2.7547,
                                        156: -2.3413,
                                        157: -1.7459,
                                        158: -1.0329,
                                        159: -0.2854,
                                        160: 0.4258,
                                        161: 1.0403,
                                        162: 1.5084,
                                        163: 1.8003,
                                        164: 1.8957,
                                        165: 1.7699,
                                        166: 1.4283,
                                        167: 0.9462,
                                        168: 0.4504,
                                        169: 0.0656,
                                        170: -0.1326,
                                        171: -0.1214,
                                        172: 0.0872,
                                        173: 0.4527,
                                        174: 0.9113,
                                        175: 1.3894,
                                        176: 1.8239,
                                        177: 2.1763,
                                        178: 2.4323,
                                        179: 2.5949,
                                        180: 2.6715,
                                    }

                                    over "Hair_Lock_L_3_ctl"
                                    {
                                        double avars:rz.timeSamples = {
                                            1: -0.9429,
                                            2: -0.9506,
                                            3: -0.9584,
                                            4: -0.9672,
                                            5: -0.9773,
                                            6: -0.9891,
                                            7: -1.0035,
                                            8: -1.0204,
                                            9: -1.0398,
                                            10: -1.0614,
                                            11: -1.0846,
                                            12: -1.109,
                                            13: -1.1338,
                                            14: -1.1584,
                                            15: -1.1822,
                                            16: -1.2047,
                                            17: -1.2254,
                                            18: -1.2438,
                                            19: -1.2597,
                                            20: -1.2729,
                                            21: -1.2833,
                                            22: -1.2909,
                                            23: -1.2959,
                                            24: -1.2983,
                                            25: -1.2984,
                                            26: -1.2967,
                                            27: -1.2948,
                                            28: -1.295,
                                            29: -1.2986,
                                            30: -1.3062,
                                            31: -1.3183,
                                            32: -1.3351,
                                            33: -1.3539,
                                            34: -1.3676,
                                            35: -1.3674,
                                            36: -1.3436,
                                            37: -1.2872,
                                            38: -1.1924,
                                            39: -1.049,
                                            40: -0.8378,
                                            41: -0.5442,
                                            42: -0.1765,
                                            43: 0.2337,
                                            44: 0.6484,
                                            45: 1.0297,
                                            46: 1.3371,
                                            47: 1.5366,
                                            48: 1.6127,
                                            49: 1.5676,
                                            50: 1.4175,
                                            51: 1.207,
                                            52: 1.011,
                                            53: 0.871,
                                            54: 0.7629,
                                            55: 0.6524,
                                            56: 0.5125,
                                            57: 0.2927,
                                            58: -0.048,
                                            59: -0.4964,
                                            60: -1.0139,
                                            61: -1.5709,
                                            62: -2.1478,
                                            63: -2.7405,
                                            64: -3.3251,
                                            65: -3.7903,
                                            66: -3.974,
                                            67: -3.7966,
                                            68: -3.2769,
                                            69: -2.4295,
                                            70: -1.2673,
                                            71: 0.1102,
                                            72: 1.5134,
                                            73: 2.7593,
                                            74: 3.7406,
                                            75: 4.4101,
                                            76: 4.7487,
                                            77: 4.7613,
                                            78: 4.4868,
                                            79: 3.9902,
                                            80: 3.3422,
                                            81: 2.6096,
                                            82: 1.857,
                                            83: 1.1439,
                                            84: 0.5186,
                                            85: 0.0199,
                                            86: -0.3226,
                                            87: -0.501,
                                            88: -0.5372,
                                            89: -0.4691,
                                            90: -0.3319,
                                            91: -0.1632,
                                            92: -0.0284,
                                            93: 0.0035,
                                            94: -0.0511,
                                            95: -0.1173,
                                            96: -0.1719,
                                            97: -0.217,
                                            98: -0.1836,
                                            99: -0.0183,
                                            100: 0.2594,
                                            101: 0.5958,
                                            102: 0.88,
                                            103: 1.0982,
                                            104: 1.2502,
                                            105: 1.3062,
                                            106: 1.2929,
                                            107: 1.2001,
                                            108: 1.0671,
                                            109: 0.924,
                                            110: 0.7576,
                                            111: 0.5945,
                                            112: 0.439,
                                            113: 0.3124,
                                            114: 0.2285,
                                            115: 0.204,
                                            116: 0.2585,
                                            117: 0.3861,
                                            118: 0.5993,
                                            119: 0.8374,
                                            120: 0.9383,
                                            121: 0.793,
                                            122: 0.4215,
                                            123: -0.1092,
                                            124: -0.7401,
                                            125: -1.3871,
                                            126: -1.945,
                                            127: -2.3522,
                                            128: -2.6143,
                                            129: -2.7688,
                                            130: -2.8503,
                                            131: -2.8732,
                                            132: -2.8261,
                                            133: -2.69,
                                            134: -2.4612,
                                            135: -2.1607,
                                            136: -1.8321,
                                            137: -1.5266,
                                            138: -1.2851,
                                            139: -1.1249,
                                            140: -1.0383,
                                            141: -1.0037,
                                            142: -1.0013,
                                            143: -1.0197,
                                            144: -1.0569,
                                            145: -1.1145,
                                            146: -1.197,
                                            147: -1.3118,
                                            148: -1.4606,
                                            149: -1.6445,
                                            150: -1.8725,
                                            151: -2.1249,
                                            152: -2.3303,
                                            153: -2.4263,
                                            154: -2.4021,
                                            155: -2.2496,
                                            156: -1.9367,
                                            157: -1.4602,
                                            158: -0.8756,
                                            159: -0.2566,
                                            160: 0.3358,
                                            161: 0.8495,
                                            162: 1.2408,
                                            163: 1.4835,
                                            164: 1.5581,
                                            165: 1.4381,
                                            166: 1.1237,
                                            167: 0.6801,
                                            168: 0.222,
                                            169: -0.1376,
                                            170: -0.3306,
                                            171: -0.3363,
                                            172: -0.1645,
                                            173: 0.1493,
                                            174: 0.5474,
                                            175: 0.9623,
                                            176: 1.3362,
                                            177: 1.6348,
                                            178: 1.8472,
                                            179: 1.9777,
                                            180: 2.0348,
                                        }
                                    }
                                }
                            }
                        }

                        over "Hair_Strand_R_0_ctl"
                        {
                            double avars:rz.timeSamples = {
                                1: -0.2978,
                                2: -0.3106,
                                3: -0.3241,
                                4: -0.3476,
                                5: -0.374,
                                6: -0.408,
                                7: -0.4475,
                                8: -0.4923,
                                9: -0.5411,
                                10: -0.5921,
                                11: -0.6439,
                                12: -0.695,
                                13: -0.7439,
                                14: -0.7897,
                                15: -0.8313,
                                16: -0.8681,
                                17: -0.8989,
                                18: -0.9223,
                                19: -0.9372,
                                20: -0.943,
                                21: -0.9397,
                                22: -0.9277,
                                23: -0.9079,
                                24: -0.8816,
                                25: -0.8501,
                                26: -0.812,
                                27: -0.7645,
                                28: -0.6901,
                                29: -0.6,
                                30: -0.5527,
                                31: -0.6169,
                                32: -0.8142,
                                33: -1.0773,
                                34: -1.2627,
                                35: -1.2935,
                                36: -1.1537,
                                37: -0.8396,
                                38: -0.4002,
                                39: 0.2803,
                                40: 1.1862,
                                41: 2.112,
                                42: 2.7518,
                                43: 2.9505,
                                44: 2.8292,
                                45: 2.4578,
                                46: 1.9745,
                                47: 1.5127,
                                48: 1.0974,
                                49: 0.6523,
                                50: 0.1983,
                                51: -0.1826,
                                52: -0.2744,
                                53: -0.6938,
                                54: -1.5626,
                                55: -2.2314,
                                56: -2.8126,
                                57: -3.4374,
                                58: -3.5567,
                                59: -3.2461,
                                60: -2.9351,
                                61: -2.7077,
                                62: -2.7095,
                                63: -3.0963,
                                64: -2.6783,
                                65: -0.816,
                                66: 1.809,
                                67: 3.67,
                                68: 4.3484,
                                69: 4.7295,
                                70: 4.9813,
                                71: 5.077,
                                72: 4.6909,
                                73: 4.0231,
                                74: 3.3,
                                75: 2.6402,
                                76: 1.9399,
                                77: 1.2322,
                                78: 0.5344,
                                79: -0.0845,
                                80: -0.622,
                                81: -1.0207,
                                82: -1.2423,
                                83: -1.2965,
                                84: -1.2091,
                                85: -1.0059,
                                86: -0.6825,
                                87: -0.3527,
                                88: -0.0888,
                                89: 0.1048,
                                90: 0.2924,
                                91: 0.3695,
                                92: 0.1457,
                                93: -0.4098,
                                94: 0.5145,
                                95: 1.8113,
                                96: 2.0757,
                                97: 1.8331,
                                98: 1.3029,
                                99: 0.878,
                                100: -0.0225,
                                101: 0.7316,
                                102: -1.2469,
                                103: 0.0817,
                                104: -0.3455,
                                105: -0.9523,
                                106: 0.4976,
                                107: -0.9767,
                                108: -0.081,
                                109: 0.2405,
                                110: -0.7328,
                                111: 0.516,
                                112: -0.3655,
                                113: 0.0768,
                                114: 0.0279,
                                115: 0.0621,
                                116: 0.0033,
                                117: -0.2636,
                                118: -0.2304,
                                119: -1.119,
                                120: -2.7481,
                                121: -3.6925,
                                122: -3.296,
                                123: -2.384,
                                124: -1.3773,
                                125: -0.8659,
                                126: -0.9601,
                                127: -1.4491,
                                128: -2.0496,
                                129: -2.3557,
                                130: -2.1128,
                                131: -1.5111,
                                132: -0.7727,
                                133: -0.2931,
                                134: -0.289,
                                135: -0.5825,
                                136: -1.0033,
                                137: -1.2552,
                                138: -1.1756,
                                139: -0.8942,
                                140: -0.5498,
                                141: -0.3941,
                                142: -0.5222,
                                143: -0.7971,
                                144: -1.0969,
                                145: -1.2132,
                                146: -1.1999,
                                147: -1.1906,
                                148: -1.1981,
                                149: -1.2855,
                                150: -1.5358,
                                151: -1.1565,
                                152: -0.0269,
                                153: 0.9563,
                                154: 1.4338,
                                155: 1.7285,
                                156: 1.9353,
                                157: 2.0565,
                                158: 1.9652,
                                159: 1.752,
                                160: 1.4369,
                                161: 1.0827,
                                162: 0.7349,
                                163: 0.4278,
                                164: 0.0777,
                                165: -0.4973,
                                166: -0.7738,
                                167: -0.3938,
                                168: 0.4943,
                                169: 1.5336,
                                170: 2.0913,
                                171: 2.1203,
                                172: 1.9739,
                                173: 1.7955,
                                174: 1.8096,
                                175: 1.8951,
                                176: 1.9226,
                                177: 1.8595,
                                178: 1.7061,
                                179: 1.5171,
                                180: 1.3048,
                            }

                            over "Hair_Strand_R_1_ctl"
                            {
                                double avars:rz.timeSamples = {
                                    1: -1.0538,
                                    2: -1.0497,
                                    3: -1.0472,
                                    4: -1.0498,
                                    5: -1.0583,
                                    6: -1.0747,
                                    7: -1.1013,
                                    8: -1.1387,
                                    9: -1.1861,
                                    10: -1.2423,
                                    11: -1.3054,
                                    12: -1.3734,
                                    13: -1.4441,
                                    14: -1.5153,
                                    15: -1.5849,
                                    16: -1.6511,
                                    17: -1.7119,
                                    18: -1.7653,
                                    19: -1.8098,
                                    20: -1.8445,
                                    21: -1.869,
                                    22: -1.8836,
                                    23: -1.8891,
                                    24: -1.8866,
                                    25: -1.8773,
                                    26: -1.8609,
                                    27: -1.8359,
                                    28: -1.8105,
                                    29: -1.8089,
                                    30: -1.8707,
                                    31: -2.039,
                                    32: -2.3212,
                                    33: -2.6631,
                                    34: -2.9859,
                                    35: -3.2301,
                                    36: -3.3441,
                                    37: -3.2805,
                                    38: -3.0259,
                                    39: -2.5836,
                                    40: -1.9375,
                                    41: -1.0765,
                                    42: -0.0459,
                                    43: 1.056,
                                    44: 2.1294,
                                    45: 3.0838,
                                    46: 3.8186,
                                    47: 4.2432,
                                    48: 4.3158,
                                    49: 4.0458,
                                    50: 3.4823,
                                    51: 2.7571,
                                    52: 2.0952,
                                    53: 1.6561,
                                    54: 1.4373,
                                    55: 1.3935,
                                    56: 1.443,
                                    57: 1.3574,
                                    58: 0.9072,
                                    59: 0.0681,
                                    60: -1.0755,
                                    61: -2.4679,
                                    62: -4.0909,
                                    63: -5.9618,
                                    64: -7.9503,
                                    65: -9.5848,
                                    66: -10.331,
                                    67: -10.0509,
                                    68: -8.8959,
                                    69: -6.9038,
                                    70: -4.0549,
                                    71: -0.5941,
                                    72: 2.9597,
                                    73: 6.1163,
                                    74: 8.6014,
                                    75: 10.2956,
                                    76: 11.1387,
                                    77: 11.1306,
                                    78: 10.3701,
                                    79: 9.0361,
                                    80: 7.3224,
                                    81: 5.4077,
                                    82: 3.4617,
                                    83: 1.6384,
                                    84: 0.0615,
                                    85: -1.1679,
                                    86: -1.9616,
                                    87: -2.2821,
                                    88: -2.1859,
                                    89: -1.7925,
                                    90: -1.2185,
                                    91: -0.5804,
                                    92: -0.1296,
                                    93: -0.1363,
                                    94: -0.4628,
                                    95: -0.763,
                                    96: -1.0118,
                                    97: -1.3105,
                                    98: -1.4341,
                                    99: -1.1419,
                                    100: -0.4569,
                                    101: 0.4435,
                                    102: 1.24,
                                    103: 1.8726,
                                    104: 2.3307,
                                    105: 2.5394,
                                    106: 2.535,
                                    107: 2.3011,
                                    108: 1.9681,
                                    109: 1.5937,
                                    110: 1.1596,
                                    111: 0.7238,
                                    112: 0.2889,
                                    113: -0.0568,
                                    114: -0.2904,
                                    115: -0.3596,
                                    116: -0.178,
                                    117: 0.2619,
                                    118: 1.0754,
                                    119: 2.1685,
                                    120: 3.0088,
                                    121: 3.119,
                                    122: 2.4715,
                                    123: 1.2521,
                                    124: -0.3817,
                                    125: -2.1684,
                                    126: -3.7214,
                                    127: -4.7911,
                                    128: -5.4002,
                                    129: -5.7125,
                                    130: -5.8755,
                                    131: -5.9418,
                                    132: -5.86,
                                    133: -5.541,
                                    134: -4.9349,
                                    135: -4.0732,
                                    136: -3.0861,
                                    137: -2.1541,
                                    138: -1.4268,
                                    139: -0.967,
                                    140: -0.7421,
                                    141: -0.6701,
                                    142: -0.6702,
                                    143: -0.6942,
                                    144: -0.7358,
                                    145: -0.8114,
                                    146: -0.9538,
                                    147: -1.2083,
                                    148: -1.5972,
                                    149: -2.1391,
                                    150: -2.868,
                                    151: -3.7078,
                                    152: -4.4418,
                                    153: -4.9138,
                                    154: -5.1009,
                                    155: -4.9448,
                                    156: -4.3047,
                                    157: -3.1549,
                                    158: -1.6682,
                                    159: -0.0642,
                                    160: 1.49,
                                    161: 2.8526,
                                    162: 3.8982,
                                    163: 4.5449,
                                    164: 4.7222,
                                    165: 4.3318,
                                    166: 3.3705,
                                    167: 2.0501,
                                    168: 0.7061,
                                    169: -0.385,
                                    170: -1.0832,
                                    171: -1.3293,
                                    172: -1.1026,
                                    173: -0.4506,
                                    174: 0.4868,
                                    175: 1.5097,
                                    176: 2.4397,
                                    177: 3.1726,
                                    178: 3.6785,
                                    179: 3.9758,
                                    180: 4.0911,
                                }

                                over "Hair_Strand_R_2_ctl"
                                {
                                    double avars:rz.timeSamples = {
                                        1: -1.0538,
                                        2: -1.0497,
                                        3: -1.0472,
                                        4: -1.0498,
                                        5: -1.0583,
                                        6: -1.0747,
                                        7: -1.1013,
                                        8: -1.1387,
                                        9: -1.1861,
                                        10: -1.2423,
                                        11: -1.3054,
                                        12: -1.3734,
                                        13: -1.4441,
                                        14: -1.5153,
                                        15: -1.5849,
                                        16: -1.6511,
                                        17: -1.7119,
                                        18: -1.7653,
                                        19: -1.8098,
                                        20: -1.8445,
                                        21: -1.869,
                                        22: -1.8836,
                                        23: -1.8891,
                                        24: -1.8866,
                                        25: -1.8773,
                                        26: -1.8609,
                                        27: -1.8359,
                                        28: -1.8105,
                                        29: -1.8089,
                                        30: -1.8707,
                                        31: -2.039,
                                        32: -2.3212,
                                        33: -2.6631,
                                        34: -2.9859,
                                        35: -3.2301,
                                        36: -3.3441,
                                        37: -3.2805,
                                        38: -3.0259,
                                        39: -2.5836,
                                        40: -1.9375,
                                        41: -1.0765,
                                        42: -0.0459,
                                        43: 1.056,
                                        44: 2.1294,
                                        45: 3.0838,
                                        46: 3.8186,
                                        47: 4.2432,
                                        48: 4.3158,
                                        49: 4.0458,
                                        50: 3.4823,
                                        51: 2.7571,
                                        52: 2.0952,
                                        53: 1.6561,
                                        54: 1.4373,
                                        55: 1.3935,
                                        56: 1.443,
                                        57: 1.3574,
                                        58: 0.9072,
                                        59: 0.0681,
                                        60: -1.0755,
                                        61: -2.4679,
                                        62: -4.0909,
                                        63: -5.9618,
                                        64: -7.9503,
                                        65: -9.5848,
                                        66: -10.331,
                                        67: -10.0509,
                                        68: -8.8959,
                                        69: -6.9038,
                                        70: -4.0549,
                                        71: -0.5941,
                                        72: 2.9597,
                                        73: 6.1163,
                                        74: 8.6014,
                                        75: 10.2956,
                                        76: 11.1387,
                                        77: 11.1306,
                                        78: 10.3701,
                                        79: 9.0361,
                                        80: 7.3224,
                                        81: 5.4077,
                                        82: 3.4617,
                                        83: 1.6384,
                                        84: 0.0615,
                                        85: -1.1679,
                                        86: -1.9616,
                                        87: -2.2821,
                                        88: -2.1859,
                                        89: -1.7925,
                                        90: -1.2185,
                                        91: -0.5804,
                                        92: -0.1296,
                                        93: -0.1363,
                                        94: -0.4628,
                                        95: -0.763,
                                        96: -1.0118,
                                        97: -1.3105,
                                        98: -1.4341,
                                        99: -1.1419,
                                        100: -0.4569,
                                        101: 0.4435,
                                        102: 1.24,
                                        103: 1.8726,
                                        104: 2.3307,
                                        105: 2.5394,
                                        106: 2.535,
                                        107: 2.3011,
                                        108: 1.9681,
                                        109: 1.5937,
                                        110: 1.1596,
                                        111: 0.7238,
                                        112: 0.2889,
                                        113: -0.0568,
                                        114: -0.2904,
                                        115: -0.3596,
                                        116: -0.178,
                                        117: 0.2619,
                                        118: 1.0754,
                                        119: 2.1685,
                                        120: 3.0088,
                                        121: 3.119,
                                        122: 2.4715,
                                        123: 1.2521,
                                        124: -0.3817,
                                        125: -2.1684,
                                        126: -3.7214,
                                        127: -4.7911,
                                        128: -5.4002,
                                        129: -5.7125,
                                        130: -5.8755,
                                        131: -5.9418,
                                        132: -5.86,
                                        133: -5.541,
                                        134: -4.9349,
                                        135: -4.0732,
                                        136: -3.0861,
                                        137: -2.1541,
                                        138: -1.4268,
                                        139: -0.967,
                                        140: -0.7421,
                                        141: -0.6701,
                                        142: -0.6702,
                                        143: -0.6942,
                                        144: -0.7358,
                                        145: -0.8114,
                                        146: -0.9538,
                                        147: -1.2083,
                                        148: -1.5972,
                                        149: -2.1391,
                                        150: -2.868,
                                        151: -3.7078,
                                        152: -4.4418,
                                        153: -4.9138,
                                        154: -5.1009,
                                        155: -4.9448,
                                        156: -4.3047,
                                        157: -3.1549,
                                        158: -1.6682,
                                        159: -0.0642,
                                        160: 1.49,
                                        161: 2.8526,
                                        162: 3.8982,
                                        163: 4.5449,
                                        164: 4.7222,
                                        165: 4.3318,
                                        166: 3.3705,
                                        167: 2.0501,
                                        168: 0.7061,
                                        169: -0.385,
                                        170: -1.0832,
                                        171: -1.3293,
                                        172: -1.1026,
                                        173: -0.4506,
                                        174: 0.4868,
                                        175: 1.5097,
                                        176: 2.4397,
                                        177: 3.1726,
                                        178: 3.6785,
                                        179: 3.9758,
                                        180: 4.0911,
                                    }
                                }
                            }
                        }

                        over "Hair_Stray_L_0_ctl"
                        {
                            double avars:rz.timeSamples = {
                                1: -0.2511,
                                2: -0.2677,
                                3: -0.2806,
                                4: -0.2926,
                                5: -0.2945,
                                6: -0.2912,
                                7: -0.2832,
                                8: -0.2738,
                                9: -0.2655,
                                10: -0.2594,
                                11: -0.2554,
                                12: -0.2523,
                                13: -0.2486,
                                14: -0.2431,
                                15: -0.2352,
                                16: -0.2251,
                                17: -0.2134,
                                18: -0.201,
                                19: -0.1886,
                                20: -0.1766,
                                21: -0.1649,
                                22: -0.1531,
                                23: -0.1407,
                                24: -0.1275,
                                25: -0.1134,
                                26: -0.1008,
                                27: -0.0972,
                                28: -0.0846,
                                29: -0.0494,
                                30: -0.0011,
                                31: 0.0464,
                                32: 0.0695,
                                33: 0.0512,
                                34: 0.0352,
                                35: 0.0429,
                                36: 0.0558,
                                37: 0.0491,
                                38: -0.0042,
                                39: 0.0635,
                                40: 0.2724,
                                41: 0.4535,
                                42: 0.3924,
                                43: 0.0862,
                                44: -0.2047,
                                45: -0.3508,
                                46: -0.2601,
                                47: 0.0582,
                                48: 0.4407,
                                49: 0.6601,
                                50: 0.6707,
                                51: 0.5735,
                                52: 0.6208,
                                53: 0.2757,
                                54: -0.4314,
                                55: -0.7501,
                                56: -0.7633,
                                57: -0.5903,
                                58: 0.1739,
                                59: 1.1266,
                                60: 1.5836,
                                61: 1.4488,
                                62: 0.7969,
                                63: -0.1907,
                                64: -0.3111,
                                65: 0.6244,
                                66: 1.563,
                                67: 1.2102,
                                68: -0.1797,
                                69: -1.1504,
                                70: -1.3013,
                                71: -0.7518,
                                72: -0.1121,
                                73: 0.4665,
                                74: 0.8996,
                                75: 1.1118,
                                76: 0.962,
                                77: 0.5721,
                                78: 0.1038,
                                79: -0.2506,
                                80: -0.4277,
                                81: -0.3875,
                                82: -0.1754,
                                83: 0.0898,
                                84: 0.297,
                                85: 0.3872,
                                86: 0.3781,
                                87: 0.2197,
                                88: -0.0405,
                                89: -0.2647,
                                90: -0.301,
                                91: -0.2481,
                                92: -0.2645,
                                93: -0.3569,
                                94: 0.8311,
                                95: 1.6831,
                                96: 0.9631,
                                97: -0.2533,
                                98: -1.3106,
                                99: -1.6749,
                                100: -1.8716,
                                101: -0.1736,
                                102: -1.0741,
                                103: 1.0549,
                                104: 0.8856,
                                105: 0.163,
                                106: 1.0858,
                                107: -0.9595,
                                108: -0.4993,
                                109: -0.4795,
                                110: -1.4337,
                                111: -0.0368,
                                112: -0.6794,
                                113: -0.0321,
                                114: 0.0239,
                                115: 0.0691,
                                116: -0.0484,
                                117: -0.3358,
                                118: -0.2947,
                                119: -1.0584,
                                120: -2.0745,
                                121: -1.7418,
                                122: 0.107,
                                123: 1.872,
                                124: 2.6599,
                                125: 1.9539,
                                126: 0.1754,
                                127: -1.7254,
                                128: -2.8429,
                                129: -2.6011,
                                130: -1.1445,
                                131: 0.6209,
                                132: 1.8471,
                                133: 1.9235,
                                134: 0.9002,
                                135: -0.4997,
                                136: -1.5682,
                                137: -1.7499,
                                138: -1.0255,
                                139: 0.062,
                                140: 0.9435,
                                141: 1.1537,
                                142: 0.6796,
                                143: -0.0696,
                                144: -0.6799,
                                145: -0.797,
                                146: -0.5108,
                                147: -0.0916,
                                148: 0.2877,
                                149: 0.4556,
                                150: 0.3069,
                                151: 0.5315,
                                152: 1.0779,
                                153: 1.0689,
                                154: 0.3945,
                                155: -0.3287,
                                156: -0.7809,
                                157: -0.8424,
                                158: -0.6435,
                                159: -0.228,
                                160: 0.2161,
                                161: 0.5608,
                                162: 0.7333,
                                163: 0.733,
                                164: 0.5243,
                                165: 0.0503,
                                166: -0.125,
                                167: 0.208,
                                168: 0.7156,
                                169: 1.0159,
                                170: 0.679,
                                171: -0.0342,
                                172: -0.5453,
                                173: -0.6508,
                                174: -0.2423,
                                175: 0.3472,
                                176: 0.7881,
                                177: 0.935,
                                178: 0.7903,
                                179: 0.4935,
                                180: 0.1733,
                            }

                            over "Hair_Stray_L_1_ctl"
                            {
                                double avars:rz.timeSamples = {
                                    1: -1.1196,
                                    2: -1.1128,
                                    3: -1.1161,
                                    4: -1.1299,
                                    5: -1.1479,
                                    6: -1.165,
                                    7: -1.1785,
                                    8: -1.1859,
                                    9: -1.186,
                                    10: -1.1799,
                                    11: -1.1696,
                                    12: -1.1575,
                                    13: -1.1455,
                                    14: -1.134,
                                    15: -1.1227,
                                    16: -1.1104,
                                    17: -1.0958,
                                    18: -1.0783,
                                    19: -1.0575,
                                    20: -1.0336,
                                    21: -1.0073,
                                    22: -0.9791,
                                    23: -0.9495,
                                    24: -0.9187,
                                    25: -0.8867,
                                    26: -0.8565,
                                    27: -0.8375,
                                    28: -0.8363,
                                    29: -0.8464,
                                    30: -0.8519,
                                    31: -0.8425,
                                    32: -0.8264,
                                    33: -0.8186,
                                    34: -0.8115,
                                    35: -0.7745,
                                    36: -0.676,
                                    37: -0.5087,
                                    38: -0.2968,
                                    39: -0.0315,
                                    40: 0.3574,
                                    41: 0.9065,
                                    42: 1.51,
                                    43: 1.9674,
                                    44: 2.1378,
                                    45: 1.9874,
                                    46: 1.5491,
                                    47: 0.9308,
                                    48: 0.316,
                                    49: -0.1167,
                                    50: -0.2656,
                                    51: -0.0231,
                                    52: 0.7351,
                                    53: 1.8072,
                                    54: 2.6299,
                                    55: 2.8091,
                                    56: 2.2847,
                                    57: 1.1005,
                                    58: -0.4946,
                                    59: -1.9547,
                                    60: -2.8171,
                                    61: -2.9957,
                                    62: -2.727,
                                    63: -2.4519,
                                    64: -2.4345,
                                    65: -2.3136,
                                    66: -1.4505,
                                    67: 0.164,
                                    68: 1.9438,
                                    69: 3.5333,
                                    70: 4.8653,
                                    71: 5.6308,
                                    72: 5.3211,
                                    73: 3.8424,
                                    74: 1.757,
                                    75: -0.1366,
                                    76: -1.2914,
                                    77: -1.5527,
                                    78: -1.0516,
                                    79: -0.096,
                                    80: 0.9081,
                                    81: 1.6016,
                                    82: 1.8173,
                                    83: 1.6019,
                                    84: 1.1403,
                                    85: 0.6765,
                                    86: 0.4273,
                                    87: 0.4532,
                                    88: 0.6153,
                                    89: 0.7187,
                                    90: 0.6635,
                                    91: 0.4105,
                                    92: -0.1928,
                                    93: -1.2383,
                                    94: -2.234,
                                    95: -2.4923,
                                    96: -2.0067,
                                    97: -1.186,
                                    98: -0.0671,
                                    99: 1.2089,
                                    100: 2.2006,
                                    101: 2.5036,
                                    102: 1.7341,
                                    103: 0.4195,
                                    104: -0.8297,
                                    105: -1.742,
                                    106: -1.9778,
                                    107: -1.7292,
                                    108: -1.0681,
                                    109: -0.2414,
                                    110: 0.2875,
                                    111: 0.468,
                                    112: 0.2815,
                                    113: -0.0646,
                                    114: -0.3541,
                                    115: -0.3947,
                                    116: -0.077,
                                    117: 0.4793,
                                    118: 1.2336,
                                    119: 1.7288,
                                    120: 1.1319,
                                    121: -0.6713,
                                    122: -2.8292,
                                    123: -4.4175,
                                    124: -5.0061,
                                    125: -4.4754,
                                    126: -2.9452,
                                    127: -0.9721,
                                    128: 0.6078,
                                    129: 1.1673,
                                    130: 0.5909,
                                    131: -0.7192,
                                    132: -2.0536,
                                    133: -2.7745,
                                    134: -2.628,
                                    135: -1.8052,
                                    136: -0.7906,
                                    137: -0.0865,
                                    138: 0.0303,
                                    139: -0.3886,
                                    140: -1.0261,
                                    141: -1.5096,
                                    142: -1.61,
                                    143: -1.323,
                                    144: -0.8265,
                                    145: -0.3566,
                                    146: -0.114,
                                    147: -0.2041,
                                    148: -0.5811,
                                    149: -1.1288,
                                    150: -1.7664,
                                    151: -2.283,
                                    152: -2.285,
                                    153: -1.627,
                                    154: -0.6152,
                                    155: 0.432,
                                    156: 1.4446,
                                    157: 2.3082,
                                    158: 2.7392,
                                    159: 2.5812,
                                    160: 1.9546,
                                    161: 1.1151,
                                    162: 0.3182,
                                    163: -0.2363,
                                    164: -0.5216,
                                    165: -0.7375,
                                    166: -1.0221,
                                    167: -1.1892,
                                    168: -0.8795,
                                    169: 0.082,
                                    170: 1.4793,
                                    171: 2.8546,
                                    172: 3.7914,
                                    173: 4.0468,
                                    174: 3.5854,
                                    175: 2.5712,
                                    176: 1.3375,
                                    177: 0.2878,
                                    178: -0.2593,
                                    179: -0.1913,
                                    180: 0.3562,
                                }
                            }
                        }

                        over "Hair_Stray_Top_0_ctl"
                        {
                            double avars:rz.timeSamples = {
                                1: -0.2089,
                                2: -0.2035,
                                3: -0.2063,
                                4: -0.2251,
                                5: -0.246,
                                6: -0.2676,
                                7: -0.2843,
                                8: -0.2941,
                                9: -0.2964,
                                10: -0.2928,
                                11: -0.2863,
                                12: -0.2798,
                                13: -0.2751,
                                14: -0.2724,
                                15: -0.2711,
                                16: -0.2693,
                                17: -0.265,
                                18: -0.2563,
                                19: -0.2426,
                                20: -0.2248,
                                21: -0.2048,
                                22: -0.1844,
                                23: -0.1649,
                                24: -0.1467,
                                25: -0.1296,
                                26: -0.1133,
                                27: -0.1042,
                                28: -0.1003,
                                29: -0.122,
                                30: -0.2172,
                                31: -0.4179,
                                32: -0.6934,
                                33: -0.9333,
                                34: -0.9898,
                                35: -0.8313,
                                36: -0.5126,
                                37: -0.1117,
                                38: 0.2421,
                                39: 0.6341,
                                40: 1.1047,
                                41: 1.5396,
                                42: 1.6915,
                                43: 1.4457,
                                44: 0.9927,
                                45: 0.4792,
                                46: 0.0644,
                                47: -0.1459,
                                48: -0.168,
                                49: -0.1293,
                                50: -0.0649,
                                51: 0.1585,
                                52: 0.8985,
                                53: 1.5209,
                                54: 1.6673,
                                55: 1.7704,
                                56: 1.5555,
                                57: 0.7086,
                                58: -0.2044,
                                59: -0.9188,
                                60: -1.5004,
                                61: -1.875,
                                62: -2.2854,
                                63: -3.17,
                                64: -3.478,
                                65: -2.2635,
                                66: 0.1524,
                                67: 2.0818,
                                68: 2.686,
                                69: 2.7869,
                                70: 2.7986,
                                71: 2.7506,
                                72: 2.1374,
                                73: 1.0862,
                                74: 0.0201,
                                75: -0.6784,
                                76: -0.9993,
                                77: -0.9686,
                                78: -0.7031,
                                79: -0.2958,
                                80: 0.0741,
                                81: 0.3128,
                                82: 0.4007,
                                83: 0.3643,
                                84: 0.2694,
                                85: 0.2215,
                                86: 0.3579,
                                87: 0.5921,
                                88: 0.7294,
                                89: 0.6362,
                                90: 0.3819,
                                91: -0.0527,
                                92: -1.0009,
                                93: -2.5775,
                                94: -2.4885,
                                95: -1.3195,
                                96: -0.6453,
                                97: -0.3405,
                                98: -0.1031,
                                99: 0.4179,
                                100: 0.5194,
                                101: 1.8969,
                                102: -0.0925,
                                103: 0.7472,
                                104: -0.3288,
                                105: -1.4959,
                                106: -0.3805,
                                107: -1.892,
                                108: -0.7548,
                                109: -0.0571,
                                110: -0.7014,
                                111: 0.6555,
                                112: -0.2667,
                                113: 0.0345,
                                114: -0.1212,
                                115: 0.0056,
                                116: 0.3187,
                                117: 0.7323,
                                118: 1.7794,
                                119: 1.914,
                                120: 0.6509,
                                121: -0.8629,
                                122: -1.6173,
                                123: -1.8983,
                                124: -1.7417,
                                125: -1.4319,
                                126: -0.9241,
                                127: -0.2447,
                                128: 0.3095,
                                129: 0.588,
                                130: 0.6178,
                                131: 0.3854,
                                132: 0.1142,
                                133: -0.1305,
                                134: -0.3063,
                                135: -0.2713,
                                136: -0.1325,
                                137: 0.0645,
                                138: 0.2645,
                                139: 0.3399,
                                140: 0.3326,
                                141: 0.221,
                                142: 0.0643,
                                143: 0.0117,
                                144: 0.078,
                                145: 0.3174,
                                146: 0.5329,
                                147: 0.5045,
                                148: 0.2359,
                                149: -0.2931,
                                150: -1.1436,
                                151: -1.4226,
                                152: -0.8202,
                                153: -0.1518,
                                154: 0.163,
                                155: 0.4495,
                                156: 0.8926,
                                157: 1.4359,
                                158: 1.7239,
                                159: 1.6747,
                                160: 1.3063,
                                161: 0.7731,
                                162: 0.2332,
                                163: -0.1748,
                                164: -0.5501,
                                165: -1.2366,
                                166: -1.7993,
                                167: -1.7215,
                                168: -0.8894,
                                169: 0.4357,
                                170: 1.4619,
                                171: 1.8802,
                                172: 1.868,
                                173: 1.5286,
                                174: 1.1269,
                                175: 0.6357,
                                176: 0.0698,
                                177: -0.432,
                                178: -0.726,
                                179: -0.7097,
                                180: -0.4502,
                            }

                            over "Hair_Stray_Top_1_ctl"
                            {
                                double avars:rz.timeSamples = {
                                    1: -1.0485,
                                    2: -1.0158,
                                    3: -1.0089,
                                    4: -1.0348,
                                    5: -1.0808,
                                    6: -1.1336,
                                    7: -1.1825,
                                    8: -1.2176,
                                    9: -1.2336,
                                    10: -1.2324,
                                    11: -1.2202,
                                    12: -1.2047,
                                    13: -1.1921,
                                    14: -1.1851,
                                    15: -1.1829,
                                    16: -1.1819,
                                    17: -1.1771,
                                    18: -1.1641,
                                    19: -1.141,
                                    20: -1.1087,
                                    21: -1.0704,
                                    22: -1.0296,
                                    23: -0.9892,
                                    24: -0.9504,
                                    25: -0.9128,
                                    26: -0.876,
                                    27: -0.8479,
                                    28: -0.8565,
                                    29: -0.9405,
                                    30: -1.1354,
                                    31: -1.4551,
                                    32: -1.8351,
                                    33: -2.1208,
                                    34: -2.1658,
                                    35: -1.9259,
                                    36: -1.4179,
                                    37: -0.7056,
                                    38: 0.0508,
                                    39: 0.7497,
                                    40: 1.4888,
                                    41: 2.3773,
                                    42: 3.2657,
                                    43: 3.8042,
                                    44: 3.7588,
                                    45: 3.1188,
                                    46: 2.0065,
                                    47: 0.6829,
                                    48: -0.4719,
                                    49: -1.1463,
                                    50: -1.2246,
                                    51: -0.556,
                                    52: 1.1242,
                                    53: 3.4843,
                                    54: 5.4428,
                                    55: 6.1818,
                                    56: 5.3859,
                                    57: 2.8389,
                                    58: -0.9957,
                                    59: -4.6822,
                                    60: -6.933,
                                    61: -7.4352,
                                    62: -6.8486,
                                    63: -6.4406,
                                    64: -6.6777,
                                    65: -6.1893,
                                    66: -3.3611,
                                    67: 1.2914,
                                    68: 5.7251,
                                    69: 8.7385,
                                    70: 10.2824,
                                    71: 10.2462,
                                    72: 8.261,
                                    73: 4.6045,
                                    74: 0.5152,
                                    75: -2.5971,
                                    76: -3.9845,
                                    77: -3.6896,
                                    78: -2.2142,
                                    79: -0.247,
                                    80: 1.4828,
                                    81: 2.4374,
                                    82: 2.4843,
                                    83: 1.864,
                                    84: 0.9971,
                                    85: 0.347,
                                    86: 0.2901,
                                    87: 0.8382,
                                    88: 1.5293,
                                    89: 1.8069,
                                    90: 1.461,
                                    91: 0.5585,
                                    92: -1.2863,
                                    93: -4.3094,
                                    94: -6.7685,
                                    95: -6.6017,
                                    96: -4.2543,
                                    97: -1.4019,
                                    98: 1.4472,
                                    99: 3.9079,
                                    100: 5.3022,
                                    101: 5.1831,
                                    102: 2.9677,
                                    103: -0.0597,
                                    104: -2.5112,
                                    105: -4.009,
                                    106: -3.9804,
                                    107: -3.0122,
                                    108: -1.4402,
                                    109: 0.2989,
                                    110: 1.2499,
                                    111: 1.3863,
                                    112: 0.8364,
                                    113: 0.0383,
                                    114: -0.5237,
                                    115: -0.4455,
                                    116: 0.4563,
                                    117: 1.9573,
                                    118: 4.063,
                                    119: 5.7659,
                                    120: 4.8496,
                                    121: 0.5943,
                                    122: -5.025,
                                    123: -9.3317,
                                    124: -10.7529,
                                    125: -8.8588,
                                    126: -4.2715,
                                    127: 1.15,
                                    128: 4.9668,
                                    129: 5.5827,
                                    130: 3.1109,
                                    131: -0.8567,
                                    132: -4.1816,
                                    133: -5.3253,
                                    134: -4.0441,
                                    135: -1.3041,
                                    136: 1.3237,
                                    137: 2.5356,
                                    138: 1.9552,
                                    139: 0.188,
                                    140: -1.6341,
                                    141: -2.547,
                                    142: -2.2252,
                                    143: -1.0112,
                                    144: 0.3849,
                                    145: 1.3268,
                                    146: 1.4708,
                                    147: 0.779,
                                    148: -0.4677,
                                    149: -1.951,
                                    150: -3.5316,
                                    151: -4.7279,
                                    152: -4.6638,
                                    153: -3.112,
                                    154: -0.7915,
                                    155: 1.5913,
                                    156: 3.7861,
                                    157: 5.4444,
                                    158: 5.9816,
                                    159: 5.1911,
                                    160: 3.4677,
                                    161: 1.4438,
                                    162: -0.3171,
                                    163: -1.4297,
                                    164: -1.952,
                                    165: -2.4661,
                                    166: -3.2824,
                                    167: -3.805,
                                    168: -3.078,
                                    169: -0.7652,
                                    170: 2.4342,
                                    171: 5.3032,
                                    172: 6.8903,
                                    173: 6.8193,
                                    174: 5.2633,
                                    175: 2.7942,
                                    176: 0.2046,
                                    177: -1.7231,
                                    178: -2.4818,
                                    179: -2.0084,
                                    180: -0.6992,
                                }
                            }
                        }
                    }
                }

                over "Shoulder_L_ctl"
                {
                    double avars:ty.timeSamples = {
                        1: 0,
                        2: 0,
                        3: 0,
                        4: 0,
                        5: 0,
                        6: 0,
                        7: 0,
                        8: 0,
                        9: 0,
                        10: 0,
                        11: 0,
                        12: 0.0001,
                        13: 0.0001,
                        14: 0.0001,
                        15: 0.0001,
                        16: 0.0002,
                        17: 0.0002,
                        18: 0.0003,
                        19: 0.0003,
                        20: 0.0004,
                        21: 0.0004,
                        22: 0.0005,
                        23: 0.0006,
                        24: 0.0007,
                        25: 0.0008,
                        26: 0.0009,
                        27: 0.001,
                        28: 0.0011,
                        29: 0.0013,
                        30: 0.0014,
                        31: 0.0016,
                        32: 0.0018,
                        33: 0.002,
                        34: 0.0022,
                        35: 0.0024,
                        36: 0.0026,
                        37: 0.0028,
                        38: 0.0031,
                        39: 0.0034,
                        40: 0.0037,
                        41: 0.004,
                        42: 0.0043,
                        43: 0.0046,
                        44: 0.0049,
                        45: 0.0053,
                        46: 0.0057,
                        47: 0.0061,
                        48: 0.0065,
                        49: 0.007,
                        50: 0.0074,
                        51: 0.0079,
                        52: 0.0084,
                        53: 0.0089,
                        54: 0.0095,
                        55: 0.01,
                        56: 0.0106,
                        57: 0.0112,
                        58: 0.0118,
                        59: 0.0125,
                        60: 0.0132,
                        61: 0.0139,
                        62: 0.0146,
                        63: 0.0153,
                        64: 0.0161,
                        65: 0.0169,
                        66: 0.0177,
                        67: 0.0186,
                        68: 0.0195,
                        69: 0.0204,
                        70: 0.0213,
                        71: 0.0222,
                        72: 0.0232,
                        73: 0.0243,
                        74: 0.0253,
                        75: 0.0264,
                        76: 0.0275,
                        77: 0.0286,
                        78: 0.0298,
                        79: 0.031,
                        80: 0.0322,
                        81: 0.0335,
                        82: 0.0348,
                        83: 0.0361,
                        84: 0.0375,
                        85: 0.0389,
                        86: 0.0403,
                        87: 0.0418,
                        88: 0.0574,
                        89: 0.1096,
                        90: 0.1972,
                        91: 0.3022,
                        92: 0.4063,
                        93: 0.4915,
                        94: 0.5419,
                        95: 0.5589,
                        96: 0.4335,
                        97: 0.153,
                        98: -0.0298,
                        99: -0.0638,
                        100: -0.0574,
                        101: -0.0234,
                        102: 0.0234,
                        103: 0.0574,
                        104: 0.0678,
                        105: 0.0671,
                        106: 0.0658,
                        107: 0.064,
                        108: 0.0618,
                        109: 0.0593,
                        110: 0.0566,
                        111: 0.0539,
                        112: 0.0512,
                        113: 0.0487,
                        114: 0.0465,
                        115: 0.0447,
                        116: 0.0434,
                        117: 0.0427,
                        118: 0.0562,
                        119: 0.1026,
                        120: 0.1743,
                        121: 0.2459,
                        122: 0.2923,
                        123: 0.2874,
                        124: 0.2279,
                        125: 0.1461,
                        126: 0.0866,
                        127: 0.0839,
                        128: 0.1349,
                        129: 0.2051,
                        130: 0.2561,
                        131: 0.2574,
                        132: 0.2106,
                        133: 0.1464,
                        134: 0.0996,
                        135: 0.0943,
                        136: 0.124,
                        137: 0.165,
                        138: 0.1947,
                        139: 0.2024,
                        140: 0.1964,
                        141: 0.1854,
                        142: 0.1703,
                        143: 0.1525,
                        144: 0.1328,
                        145: 0.1126,
                        146: 0.0928,
                        147: 0.0746,
                        148: 0.059,
                        149: 0.0473,
                        150: 0.0392,
                        151: 0.0329,
                        152: 0.0273,
                        153: 0.0224,
                        154: 0.0181,
                        155: 0.0144,
                        156: 0.0113,
                        157: 0.0086,
                        158: 0.0064,
                        159: 0.0046,
                        160: 0.0032,
                        161: 0.0021,
                        162: 0.0013,
                        163: 0.0007,
                        164: 0.0004,
                        165: 0.0001,
                        166: 0,
                        167: 0,
                        168: 0.0097,
                        169: 0.0426,
                        170: 0.0935,
                        171: 0.1444,
                        172: 0.1773,
                        173: 0.1858,
                        174: 0.1815,
                        175: 0.1739,
                        176: 0.164,
                        177: 0.153,
                        178: 0.142,
                        179: 0.1321,
                        180: 0.1245,
                    }
                }

                over "Shoulder_R_ctl"
                {
                    double avars:ty.timeSamples = {
                        1: 0,
                        2: 0,
                        3: 0,
                        4: 0,
                        5: 0,
                        6: 0,
                        7: 0,
                        8: 0,
                        9: 0,
                        10: 0.0001,
                        11: 0.0001,
                        12: 0.0001,
                        13: 0.0001,
                        14: 0.0002,
                        15: 0.0002,
                        16: 0.0003,
                        17: 0.0003,
                        18: 0.0004,
                        19: 0.0005,
                        20: 0.0006,
                        21: 0.0007,
                        22: 0.0008,
                        23: 0.0009,
                        24: 0.001,
                        25: 0.0011,
                        26: 0.0013,
                        27: 0.0014,
                        28: 0.0016,
                        29: 0.0018,
                        30: 0.002,
                        31: 0.0022,
                        32: 0.0024,
                        33: 0.0027,
                        34: 0.0029,
                        35: 0.0032,
                        36: 0.0035,
                        37: 0.0038,
                        38: 0.0041,
                        39: 0.0045,
                        40: 0.0048,
                        41: 0.0052,
                        42: 0.0056,
                        43: 0.006,
                        44: 0.0065,
                        45: 0.0069,
                        46: 0.0074,
                        47: 0.0079,
                        48: 0.0085,
                        49: 0.009,
                        50: 0.0096,
                        51: 0.0102,
                        52: 0.0108,
                        53: 0.0114,
                        54: 0.0121,
                        55: 0.0128,
                        56: 0.0135,
                        57: 0.0143,
                        58: 0.0151,
                        59: 0.0159,
                        60: 0.0167,
                        61: 0.0176,
                        62: 0.0185,
                        63: 0.0194,
                        64: 0.0204,
                        65: 0.0213,
                        66: 0.0224,
                        67: 0.0234,
                        68: 0.0245,
                        69: 0.0256,
                        70: 0.0267,
                        71: 0.0279,
                        72: 0.0291,
                        73: 0.0304,
                        74: 0.0317,
                        75: 0.033,
                        76: 0.0343,
                        77: 0.0357,
                        78: 0.0372,
                        79: 0.0386,
                        80: 0.0401,
                        81: 0.0417,
                        82: 0.0433,
                        83: 0.0449,
                        84: 0.0466,
                        85: 0.0483,
                        86: 0.05,
                        87: 0.0851,
                        88: 0.1727,
                        89: 0.2913,
                        90: 0.4197,
                        91: 0.5364,
                        92: 0.62,
                        93: 0.655,
                        94: 0.66,
                        95: 0.36,
                        96: 0,
                        97: -0.07,
                        98: -0.08,
                        99: -0.055,
                        100: 0,
                        101: 0.055,
                        102: 0.08,
                        103: 0.0796,
                        104: 0.0783,
                        105: 0.0765,
                        106: 0.0741,
                        107: 0.0713,
                        108: 0.0682,
                        109: 0.065,
                        110: 0.0618,
                        111: 0.0587,
                        112: 0.0559,
                        113: 0.0535,
                        114: 0.0517,
                        115: 0.0504,
                        116: 0.05,
                        117: 0.0822,
                        118: 0.1591,
                        119: 0.2509,
                        120: 0.3278,
                        121: 0.36,
                        122: 0.3162,
                        123: 0.22,
                        124: 0.1237,
                        125: 0.08,
                        126: 0.1175,
                        127: 0.2,
                        128: 0.2825,
                        129: 0.32,
                        130: 0.2856,
                        131: 0.21,
                        132: 0.1344,
                        133: 0.1,
                        134: 0.1219,
                        135: 0.17,
                        136: 0.2181,
                        137: 0.24,
                        138: 0.2363,
                        139: 0.2259,
                        140: 0.2102,
                        141: 0.1906,
                        142: 0.1682,
                        143: 0.1444,
                        144: 0.1205,
                        145: 0.0978,
                        146: 0.0776,
                        147: 0.0613,
                        148: 0.05,
                        149: 0.0422,
                        150: 0.0352,
                        151: 0.0291,
                        152: 0.0237,
                        153: 0.019,
                        154: 0.015,
                        155: 0.0116,
                        156: 0.0087,
                        157: 0.0064,
                        158: 0.0045,
                        159: 0.003,
                        160: 0.0019,
                        161: 0.0011,
                        162: 0.0006,
                        163: 0.0003,
                        164: 0.0001,
                        165: 0,
                        166: 0,
                        167: 0.0229,
                        168: 0.0774,
                        169: 0.1426,
                        170: 0.1971,
                        171: 0.22,
                        172: 0.2173,
                        173: 0.2099,
                        174: 0.1993,
                        175: 0.1866,
                        176: 0.1734,
                        177: 0.1607,
                        178: 0.1501,
                        179: 0.1427,
                        180: 0.14,
                    }
                }

                over "Torso_ctl"
                {
                    double avars:ry.timeSamples = {
                        1: -3.2999,
                        2: -3.2999,
                        3: -3.2999,
                        4: -3.2999,
                        5: -3.2999,
                        6: -3.3071,
                        7: -3.3211,
                        8: -3.3408,
                        9: -3.3651,
                        10: -3.3929,
                        11: -3.4231,
                        12: -3.4545,
                        13: -3.4862,
                        14: -3.5169,
                        15: -3.5456,
                        16: -3.5713,
                        17: -3.5928,
                        18: -3.609,
                        19: -3.6189,
                        20: -3.6215,
                        21: -3.6155,
                        22: -3.6019,
                        23: -3.5821,
                        24: -3.5578,
                        25: -3.5307,
                        26: -3.5024,
                        27: -3.4745,
                        28: -3.4488,
                        29: -3.4268,
                        30: -3.4103,
                        31: -3.4008,
                        32: -3.4516,
                        33: -3.5698,
                        34: -3.6879,
                        35: -3.7385,
                        36: -3.5343,
                        37: -3.0329,
                        38: -2.3838,
                        39: -1.7364,
                        40: -1.0338,
                        41: -0.2457,
                        42: 0.4381,
                        43: 0.9133,
                        44: 1.1061,
                        45: 1.0283,
                        46: 0.8377,
                        47: 0.6092,
                        48: 0.4176,
                        49: 0.3378,
                        50: 0.3404,
                        51: 0.3475,
                        52: 0.3607,
                        53: 0.3818,
                        54: 0.4125,
                        55: 0.4545,
                        56: 0.5094,
                        57: 0.6107,
                        58: 0.7608,
                        59: 0.9157,
                        60: 1.0311,
                        61: 1.0942,
                        62: 1.1315,
                        63: 1.1578,
                        64: 1.1878,
                        65: 1.2366,
                        66: 1.3177,
                        67: 1.4232,
                        68: 1.5347,
                        69: 1.6343,
                        70: 1.7037,
                        71: 1.7249,
                        72: 1.691,
                        73: 1.6226,
                        74: 1.5427,
                        75: 1.4746,
                        76: 1.4412,
                        77: 1.4345,
                        78: 1.4312,
                        79: 1.4318,
                        80: 1.4367,
                        81: 1.4463,
                        82: 1.4612,
                        83: 1.4817,
                        84: 1.5083,
                        85: 1.5546,
                        86: 1.6244,
                        87: 1.7034,
                        88: 1.7775,
                        89: 1.8322,
                        90: 1.8533,
                        91: 1.7328,
                        92: 1.4425,
                        93: 1.0887,
                        94: 0.7773,
                        95: 0.5538,
                        96: 0.3423,
                        97: 0.0674,
                        98: -0.4133,
                        99: -0.883,
                        100: -1.1061,
                        101: -1.1713,
                        102: -1.0898,
                        103: -0.918,
                        104: -0.7906,
                        105: -0.688,
                        106: -0.531,
                        107: -0.8204,
                        108: -0.5359,
                        109: -0.6741,
                        110: -0.7612,
                        111: -0.5079,
                        112: -0.819,
                        113: -0.6271,
                        114: -0.6337,
                        115: -0.7888,
                        116: -0.6122,
                        117: -0.7207,
                        118: -0.6909,
                        119: -0.6192,
                        120: -0.4381,
                        121: -0.159,
                        122: 0.2028,
                        123: 0.8717,
                        124: 1.6972,
                        125: 2.1021,
                        126: 2.0488,
                        127: 1.9415,
                        128: 1.8663,
                        129: 1.836,
                        130: 1.8064,
                        131: 1.7773,
                        132: 1.7488,
                        133: 1.7207,
                        134: 1.693,
                        135: 1.6656,
                        136: 1.6384,
                        137: 1.6115,
                        138: 1.5847,
                        139: 1.558,
                        140: 1.5314,
                        141: 1.5048,
                        142: 1.4781,
                        143: 1.4514,
                        144: 1.4245,
                        145: 1.3974,
                        146: 1.3702,
                        147: 1.3426,
                        148: 1.3147,
                        149: 1.2865,
                        150: 1.2578,
                        151: 1.2382,
                        152: 1.2236,
                        153: 1.1931,
                        154: 1.1261,
                        155: 0.7885,
                        156: 0.218,
                        157: -0.1988,
                        158: -0.3474,
                        159: -0.4022,
                        160: -0.4099,
                        161: -0.3698,
                        162: -0.2716,
                        163: -0.1479,
                        164: -0.0309,
                        165: 0.0468,
                        166: 0.0755,
                        167: 0.0821,
                        168: 0.089,
                        169: 0.1186,
                        170: 0.2447,
                        171: 0.4753,
                        172: 0.7349,
                        173: 0.9478,
                        174: 1.0384,
                        175: 1.0013,
                        176: 0.9242,
                        177: 0.871,
                        178: 0.8542,
                        179: 0.8426,
                        180: 0.8356,
                    }
                    double avars:ty.timeSamples = {
                        1: 0.35,
                        2: 0.3555,
                        3: 0.371,
                        4: 0.3953,
                        5: 0.427,
                        6: 0.4647,
                        7: 0.5072,
                        8: 0.553,
                        9: 0.6008,
                        10: 0.6492,
                        11: 0.697,
                        12: 0.7428,
                        13: 0.7853,
                        14: 0.823,
                        15: 0.8547,
                        16: 0.879,
                        17: 0.8945,
                        18: 0.9,
                        19: 0.8965,
                        20: 0.8865,
                        21: 0.8705,
                        22: 0.849,
                        23: 0.8226,
                        24: 0.7919,
                        25: 0.7573,
                        26: 0.7194,
                        27: 0.6788,
                        28: 0.636,
                        29: 0.5916,
                        30: 0.5461,
                        31: 0.5,
                        32: 0.4539,
                        33: 0.4084,
                        34: 0.364,
                        35: 0.3212,
                        36: 0.2806,
                        37: 0.2427,
                        38: 0.2081,
                        39: 0.1774,
                        40: 0.151,
                        41: 0.1295,
                        42: 0.1135,
                        43: 0.1035,
                        44: 0.1,
                        45: 0.1067,
                        46: 0.1257,
                        47: 0.1556,
                        48: 0.1947,
                        49: 0.2415,
                        50: 0.2944,
                        51: 0.3521,
                        52: 0.4128,
                        53: 0.475,
                        54: 0.5372,
                        55: 0.5979,
                        56: 0.6556,
                        57: 0.7085,
                        58: 0.7553,
                        59: 0.7944,
                        60: 0.8243,
                        61: 0.8433,
                        62: 0.85,
                        63: 0.8442,
                        64: 0.8277,
                        65: 0.8019,
                        66: 0.768,
                        67: 0.7274,
                        68: 0.6815,
                        69: 0.6316,
                        70: 0.5789,
                        71: 0.525,
                        72: 0.4711,
                        73: 0.4184,
                        74: 0.3685,
                        75: 0.3226,
                        76: 0.282,
                        77: 0.2481,
                        78: 0.2223,
                        79: 0.2058,
                        80: 0.2,
                        81: 0.2002,
                        82: 0.2019,
                        83: 0.2063,
                        84: 0.2148,
                        85: 0.2289,
                        86: 0.25,
                        87: 0.3127,
                        88: 0.4341,
                        89: 0.5894,
                        90: 0.7535,
                        91: 0.9016,
                        92: 1.0087,
                        93: 1.05,
                        94: 1.0175,
                        95: 0.9518,
                        96: 0.9,
                        97: 0.8715,
                        98: 0.844,
                        99: 0.8172,
                        100: 0.7911,
                        101: 0.7657,
                        102: 0.7407,
                        103: 0.7163,
                        104: 0.6921,
                        105: 0.6682,
                        106: 0.6444,
                        107: 0.6208,
                        108: 0.597,
                        109: 0.5732,
                        110: 0.5491,
                        111: 0.5248,
                        112: 0.5,
                        113: 0.4715,
                        114: 0.4389,
                        115: 0.4062,
                        116: 0.3778,
                        117: 0.3576,
                        118: 0.35,
                        119: 0.4926,
                        120: 0.7574,
                        121: 0.9,
                        122: 0.8141,
                        123: 0.625,
                        124: 0.4359,
                        125: 0.35,
                        126: 0.4281,
                        127: 0.6,
                        128: 0.7719,
                        129: 0.85,
                        130: 0.7797,
                        131: 0.625,
                        132: 0.4703,
                        133: 0.4,
                        134: 0.4547,
                        135: 0.575,
                        136: 0.6953,
                        137: 0.75,
                        138: 0.7031,
                        139: 0.6,
                        140: 0.4969,
                        141: 0.45,
                        142: 0.4813,
                        143: 0.55,
                        144: 0.6188,
                        145: 0.65,
                        146: 0.6136,
                        147: 0.5268,
                        148: 0.4232,
                        149: 0.3364,
                        150: 0.3,
                        151: 0.3168,
                        152: 0.3624,
                        153: 0.4296,
                        154: 0.5112,
                        155: 0.6,
                        156: 0.6888,
                        157: 0.7704,
                        158: 0.8376,
                        159: 0.8832,
                        160: 0.9,
                        161: 0.8957,
                        162: 0.8832,
                        163: 0.8636,
                        164: 0.8376,
                        165: 0.8063,
                        166: 0.7704,
                        167: 0.7309,
                        168: 0.6888,
                        169: 0.6449,
                        170: 0.6,
                        171: 0.5551,
                        172: 0.5112,
                        173: 0.469,
                        174: 0.4296,
                        175: 0.3937,
                        176: 0.3624,
                        177: 0.3365,
                        178: 0.3168,
                        179: 0.3043,
                        180: 0.3,
                    }
                }

                over "Ribbon_TailL_0_ctl"
                {
                    double avars:rz.timeSamples = {
                        1: 0.2044,
                        2: 0.1986,
                        3: 0.1867,
                        4: 0.1713,
                        5: 0.1582,
                        6: 0.1448,
                        7: 0.1329,
                        8: 0.121,
                        9: 0.1084,
                        10: 0.0947,
                        11: 0.0793,
                        12: 0.062,
                        13: 0.0428,
                        14: 0.0217,
                        15: -0.0011,
                        16: -0.0254,
                        17: -0.0507,
                        18: -0.0769,
                        19: -0.1034,
                        20: -0.1297,
                        21: -0.155,
                        22: -0.1778,
                        23: -0.1969,
                        24: -0.2116,
                        25: -0.2217,
                        26: -0.2272,
                        27: -0.2287,
                        28: -0.2269,
                        29: -0.2224,
                        30: -0.2133,
                        31: -0.195,
                        32: -0.1689,
                        33: -0.1574,
                        34: -0.2086,
                        35: -0.3753,
                        36: -0.6629,
                        37: -0.998,
                        38: -1.2736,
                        39: -1.4367,
                        40: -1.4712,
                        41: -1.3467,
                        42: -1.0543,
                        43: -0.5686,
                        44: 0.1016,
                        45: 0.8571,
                        46: 1.5345,
                        47: 1.9775,
                        48: 2.1164,
                        49: 1.9419,
                        50: 1.523,
                        51: 0.982,
                        52: 0.4208,
                        53: -0.1037,
                        54: -0.5396,
                        55: -0.8086,
                        56: -0.7767,
                        57: -0.5885,
                        58: -0.4416,
                        59: -0.2865,
                        60: -0.2309,
                        61: -0.4262,
                        62: -0.6901,
                        63: -0.8876,
                        64: -1.0481,
                        65: -1.1473,
                        66: -1.2851,
                        67: -1.6842,
                        68: -2.0798,
                        69: -1.9959,
                        70: -1.2668,
                        71: -0.1871,
                        72: 0.8667,
                        73: 1.802,
                        74: 2.5191,
                        75: 2.9487,
                        76: 3.0209,
                        77: 2.7533,
                        78: 2.2498,
                        79: 1.632,
                        80: 0.9776,
                        81: 0.3679,
                        82: -0.1418,
                        83: -0.5212,
                        84: -0.7709,
                        85: -0.8912,
                        86: -0.8717,
                        87: -0.7115,
                        88: -0.4255,
                        89: -0.0293,
                        90: 0.4742,
                        91: 1.0201,
                        92: 1.5164,
                        93: 1.9293,
                        94: 2.2247,
                        95: 2.217,
                        96: 1.6336,
                        97: 0.4499,
                        98: -0.5364,
                        99: -1.0926,
                        100: -1.5209,
                        101: -1.7119,
                        102: -1.6627,
                        103: -1.4846,
                        104: -1.3173,
                        105: -0.6805,
                        106: -0.7012,
                        107: -0.2241,
                        108: 0.1088,
                        109: -0.012,
                        110: 0.4467,
                        111: 0.1709,
                        112: 0.0485,
                        113: 0.1212,
                        114: -0.36,
                        115: -0.2797,
                        116: -0.4228,
                        117: -0.4615,
                        118: -0.2818,
                        119: -0.0796,
                        120: 0.2132,
                        121: 0.5456,
                        122: 0.919,
                        123: 0.9651,
                        124: 0.4712,
                        125: -0.2254,
                        126: -0.7939,
                        127: -1.1821,
                        128: -1.2307,
                        129: -0.9686,
                        130: -0.6083,
                        131: -0.3333,
                        132: -0.2878,
                        133: -0.4578,
                        134: -0.6666,
                        135: -0.7669,
                        136: -0.6531,
                        137: -0.36,
                        138: -0.0474,
                        139: 0.1609,
                        140: 0.1733,
                        141: 0.0125,
                        142: -0.1926,
                        143: -0.3367,
                        144: -0.3436,
                        145: -0.2333,
                        146: -0.0974,
                        147: -0.0008,
                        148: 0.0148,
                        149: -0.0114,
                        150: -0.0326,
                        151: -0.0392,
                        152: -0.0208,
                        153: -0.0199,
                        154: -0.1238,
                        155: -0.164,
                        156: -0.0211,
                        157: 0.1265,
                        158: 0.1923,
                        159: 0.2581,
                        160: 0.3257,
                        161: 0.3895,
                        162: 0.437,
                        163: 0.4684,
                        164: 0.4793,
                        165: 0.4652,
                        166: 0.4248,
                        167: 0.3628,
                        168: 0.2299,
                        169: -0.1038,
                        170: -0.5434,
                        171: -0.8459,
                        172: -0.8311,
                        173: -0.4134,
                        174: 0.2353,
                        175: 0.8684,
                        176: 1.351,
                        177: 1.5912,
                        178: 1.6341,
                        179: 1.5427,
                        180: 1.3439,
                    }

                    over "Ribbon_TailL_1_ctl"
                    {
                        double avars:rz.timeSamples = {
                            1: 0.1634,
                            2: 0.167,
                            3: 0.1648,
                            4: 0.1578,
                            5: 0.1497,
                            6: 0.1413,
                            7: 0.1313,
                            8: 0.1185,
                            9: 0.1026,
                            10: 0.0836,
                            11: 0.0616,
                            12: 0.0367,
                            13: 0.0094,
                            14: -0.0199,
                            15: -0.0507,
                            16: -0.0824,
                            17: -0.1147,
                            18: -0.1471,
                            19: -0.1793,
                            20: -0.2108,
                            21: -0.2412,
                            22: -0.2694,
                            23: -0.2948,
                            24: -0.3168,
                            25: -0.3354,
                            26: -0.3507,
                            27: -0.3629,
                            28: -0.3725,
                            29: -0.3799,
                            30: -0.3838,
                            31: -0.3809,
                            32: -0.3763,
                            33: -0.3882,
                            34: -0.4469,
                            35: -0.5854,
                            36: -0.8048,
                            37: -1.0541,
                            38: -1.2666,
                            39: -1.4064,
                            40: -1.4528,
                            41: -1.377,
                            42: -1.1666,
                            43: -0.8266,
                            44: -0.3625,
                            45: 0.1963,
                            46: 0.7719,
                            47: 1.25,
                            48: 1.5308,
                            49: 1.5722,
                            50: 1.3908,
                            51: 1.0472,
                            52: 0.6247,
                            53: 0.1966,
                            54: -0.187,
                            55: -0.4593,
                            56: -0.5188,
                            57: -0.3503,
                            58: -0.0817,
                            59: 0.1655,
                            60: 0.3072,
                            61: 0.2361,
                            62: -0.0546,
                            63: -0.4297,
                            64: -0.7746,
                            65: -1.059,
                            66: -1.3399,
                            67: -1.7609,
                            68: -2.3228,
                            69: -2.7003,
                            70: -2.5057,
                            71: -1.6939,
                            72: -0.5623,
                            73: 0.5835,
                            74: 1.5952,
                            75: 2.3964,
                            76: 2.907,
                            77: 3.0689,
                            78: 2.8998,
                            79: 2.4883,
                            80: 1.9378,
                            81: 1.3354,
                            82: 0.7529,
                            83: 0.2441,
                            84: -0.1619,
                            85: -0.4507,
                            86: -0.6061,
                            87: -0.6155,
                            88: -0.4837,
                            89: -0.2214,
                            90: 0.1642,
                            91: 0.6328,
                            92: 1.1047,
                            93: 1.5179,
                            94: 1.8149,
                            95: 1.8733,
                            96: 1.5046,
                            97: 0.6549,
                            98: -0.3521,
                            99: -1.0905,
                            100: -1.462,
                            101: -1.5719,
                            102: -1.4566,
                            103: -1.1934,
                            104: -0.8528,
                            105: -0.4289,
                            106: -0.1067,
                            107: 0.0953,
                            108: 0.2868,
                            109: 0.3577,
                            110: 0.3693,
                            111: 0.3121,
                            112: 0.1337,
                            113: -0.0155,
                            114: -0.1725,
                            115: -0.3295,
                            116: -0.3942,
                            117: -0.4074,
                            118: -0.3419,
                            119: -0.152,
                            120: 0.1301,
                            121: 0.4801,
                            122: 0.8839,
                            123: 1.2079,
                            124: 1.185,
                            125: 0.6884,
                            126: -0.1026,
                            127: -0.875,
                            128: -1.3681,
                            129: -1.4672,
                            130: -1.2571,
                            131: -0.9513,
                            132: -0.7591,
                            133: -0.7772,
                            134: -0.9409,
                            135: -1.0854,
                            136: -1.0574,
                            137: -0.806,
                            138: -0.4165,
                            139: -0.0483,
                            140: 0.1566,
                            141: 0.1437,
                            142: -0.0275,
                            143: -0.2302,
                            144: -0.3481,
                            145: -0.3348,
                            146: -0.2305,
                            147: -0.1188,
                            148: -0.0654,
                            149: -0.0785,
                            150: -0.1195,
                            151: -0.1542,
                            152: -0.1761,
                            153: -0.2137,
                            154: -0.3254,
                            155: -0.5058,
                            156: -0.6445,
                            157: -0.6583,
                            158: -0.5626,
                            159: -0.3913,
                            160: -0.1552,
                            161: 0.1264,
                            162: 0.4144,
                            163: 0.6691,
                            164: 0.8621,
                            165: 0.972,
                            166: 0.9882,
                            167: 0.9169,
                            168: 0.7435,
                            169: 0.4013,
                            170: -0.1169,
                            171: -0.652,
                            172: -0.9609,
                            173: -0.8762,
                            174: -0.4243,
                            175: 0.1975,
                            176: 0.7761,
                            177: 1.188,
                            178: 1.4088,
                            179: 1.4742,
                            180: 1.4242,
                        }

                        over "Ribbon_TailL_2_ctl"
                        {
                            double avars:rz.timeSamples = {
                                1: 0.2063,
                                2: 0.21,
                                3: 0.2079,
                                4: 0.2011,
                                5: 0.1933,
                                6: 0.1855,
                                7: 0.1761,
                                8: 0.164,
                                9: 0.1491,
                                10: 0.1311,
                                11: 0.1101,
                                12: 0.0864,
                                13: 0.0602,
                                14: 0.032,
                                15: 0.0023,
                                16: -0.0285,
                                17: -0.0599,
                                18: -0.0915,
                                19: -0.123,
                                20: -0.1541,
                                21: -0.184,
                                22: -0.2119,
                                23: -0.2371,
                                24: -0.259,
                                25: -0.2776,
                                26: -0.2929,
                                27: -0.3053,
                                28: -0.3152,
                                29: -0.323,
                                30: -0.3273,
                                31: -0.3249,
                                32: -0.321,
                                33: -0.3338,
                                34: -0.3936,
                                35: -0.5336,
                                36: -0.7551,
                                37: -1.0071,
                                38: -1.2232,
                                39: -1.3676,
                                40: -1.4197,
                                41: -1.3508,
                                42: -1.1484,
                                43: -0.8174,
                                44: -0.3634,
                                45: 0.1846,
                                46: 0.7493,
                                47: 1.2173,
                                48: 1.4899,
                                49: 1.5258,
                                50: 1.342,
                                51: 0.9992,
                                52: 0.5798,
                                53: 0.1566,
                                54: -0.2211,
                                55: -0.4874,
                                56: -0.5413,
                                57: -0.3674,
                                58: -0.0929,
                                59: 0.162,
                                60: 0.314,
                                61: 0.2562,
                                62: -0.019,
                                63: -0.3776,
                                64: -0.7068,
                                65: -0.9775,
                                66: -1.2478,
                                67: -1.6622,
                                68: -2.2226,
                                69: -2.6061,
                                70: -2.4268,
                                71: -1.6393,
                                72: -0.5383,
                                73: 0.5744,
                                74: 1.5537,
                                75: 2.3265,
                                76: 2.8152,
                                77: 2.9632,
                                78: 2.7886,
                                79: 2.3794,
                                80: 1.8376,
                                81: 1.2485,
                                82: 0.6819,
                                83: 0.19,
                                84: -0.2,
                                85: -0.4748,
                                86: -0.6191,
                                87: -0.6207,
                                88: -0.4843,
                                89: -0.2204,
                                90: 0.1644,
                                91: 0.6307,
                                92: 1.0999,
                                93: 1.5111,
                                94: 1.8075,
                                95: 1.8674,
                                96: 1.502,
                                97: 0.6574,
                                98: -0.3447,
                                99: -1.0807,
                                100: -1.4535,
                                101: -1.5679,
                                102: -1.4597,
                                103: -1.2048,
                                104: -0.8725,
                                105: -0.4561,
                                106: -0.1393,
                                107: 0.0595,
                                108: 0.2492,
                                109: 0.3204,
                                110: 0.3331,
                                111: 0.2777,
                                112: 0.1017,
                                113: -0.0456,
                                114: -0.2008,
                                115: -0.3567,
                                116: -0.4211,
                                117: -0.4344,
                                118: -0.3698,
                                119: -0.1813,
                                120: 0.0998,
                                121: 0.4496,
                                122: 0.8553,
                                123: 1.1847,
                                124: 1.1728,
                                125: 0.6931,
                                126: -0.0777,
                                127: -0.8299,
                                128: -1.306,
                                129: -1.3931,
                                130: -1.176,
                                131: -0.8673,
                                132: -0.6744,
                                133: -0.693,
                                134: -0.8584,
                                135: -1.0058,
                                136: -0.9825,
                                137: -0.7375,
                                138: -0.3549,
                                139: 0.0071,
                                140: 0.2081,
                                141: 0.1938,
                                142: 0.0236,
                                143: -0.1767,
                                144: -0.2916,
                                145: -0.2757,
                                146: -0.1691,
                                147: -0.0551,
                                148: 0.0008,
                                149: -0.0095,
                                150: -0.0475,
                                151: -0.0793,
                                152: -0.0987,
                                153: -0.1344,
                                154: -0.2451,
                                155: -0.426,
                                156: -0.5684,
                                157: -0.5898,
                                158: -0.5055,
                                159: -0.3485,
                                160: -0.1284,
                                161: 0.1371,
                                162: 0.4102,
                                163: 0.6528,
                                164: 0.837,
                                165: 0.9424,
                                166: 0.9579,
                                167: 0.8895,
                                168: 0.7215,
                                169: 0.3866,
                                170: -0.1241,
                                171: -0.6535,
                                172: -0.9605,
                                173: -0.879,
                                174: -0.4352,
                                175: 0.175,
                                176: 0.7405,
                                177: 1.1395,
                                178: 1.3491,
                                179: 1.4056,
                                180: 1.3494,
                            }
                        }
                    }
                }

                over "Ribbon_TailR_0_ctl"
                {
                    double avars:rz.timeSamples = {
                        1: 0.1795,
                        2: 0.1778,
                        3: 0.1709,
                        4: 0.1612,
                        5: 0.1545,
                        6: 0.1482,
                        7: 0.144,
                        8: 0.1404,
                        9: 0.1367,
                        10: 0.1322,
                        11: 0.1265,
                        12: 0.1192,
                        13: 0.1103,
                        14: 0.0996,
                        15: 0.0872,
                        16: 0.0734,
                        17: 0.0584,
                        18: 0.0426,
                        19: 0.0262,
                        20: 0.0096,
                        21: -0.0062,
                        22: -0.02,
                        23: -0.0307,
                        24: -0.0376,
                        25: -0.0404,
                        26: -0.0395,
                        27: -0.0353,
                        28: -0.0287,
                        29: -0.0204,
                        30: -0.0085,
                        31: 0.0117,
                        32: 0.0387,
                        33: 0.0502,
                        34: -0.0022,
                        35: -0.1712,
                        36: -0.4623,
                        37: -0.8021,
                        38: -1.0836,
                        39: -1.2539,
                        40: -1.2973,
                        41: -1.1831,
                        42: -0.9024,
                        43: -0.4296,
                        44: 0.2259,
                        45: 0.9642,
                        46: 1.6221,
                        47: 2.0441,
                        48: 2.162,
                        49: 1.9675,
                        50: 1.5298,
                        51: 0.9711,
                        52: 0.3928,
                        53: -0.1492,
                        54: -0.6031,
                        55: -0.8913,
                        56: -0.8813,
                        57: -0.7175,
                        58: -0.5957,
                        59: -0.4644,
                        60: -0.4301,
                        61: -0.6431,
                        62: -0.9212,
                        63: -1.1313,
                        64: -1.3044,
                        65: -1.4165,
                        66: -1.5665,
                        67: -1.9748,
                        68: -2.376,
                        69: -2.2981,
                        70: -1.5808,
                        71: -0.5197,
                        72: 0.5129,
                        73: 1.4282,
                        74: 2.1286,
                        75: 2.5458,
                        76: 2.6108,
                        77: 2.3426,
                        78: 1.8446,
                        79: 1.2373,
                        80: 0.5972,
                        81: 0.0042,
                        82: -0.4873,
                        83: -0.8477,
                        84: -1.0779,
                        85: -1.1786,
                        86: -1.1395,
                        87: -0.9595,
                        88: -0.6538,
                        89: -0.2377,
                        90: 0.2859,
                        91: 0.8527,
                        92: 1.3713,
                        93: 1.8084,
                        94: 2.1303,
                        95: 2.1514,
                        96: 1.6002,
                        97: 0.4534,
                        98: -0.4943,
                        99: -1.0153,
                        100: -1.4131,
                        101: -1.5765,
                        102: -1.5015,
                        103: -1.2981,
                        104: -1.1054,
                        105: -0.4434,
                        106: -0.437,
                        107: 0.068,
                        108: 0.4277,
                        109: 0.3334,
                        110: 0.8169,
                        111: 0.5643,
                        112: 0.4638,
                        113: 0.5553,
                        114: 0.0911,
                        115: 0.1863,
                        116: 0.055,
                        117: 0.0259,
                        118: 0.2123,
                        119: 0.4175,
                        120: 0.7099,
                        121: 1.0384,
                        122: 1.4038,
                        123: 1.4402,
                        124: 0.94,
                        125: 0.2427,
                        126: -0.3246,
                        127: -0.7147,
                        128: -0.7723,
                        129: -0.5273,
                        130: -0.191,
                        131: 0.0564,
                        132: 0.0738,
                        133: -0.1235,
                        134: -0.3593,
                        135: -0.4881,
                        136: -0.4062,
                        137: -0.1489,
                        138: 0.1254,
                        139: 0.295,
                        140: 0.2701,
                        141: 0.0744,
                        142: -0.1639,
                        143: -0.3413,
                        144: -0.3826,
                        145: -0.3086,
                        146: -0.2099,
                        147: -0.1504,
                        148: -0.1707,
                        149: -0.2314,
                        150: -0.2857,
                        151: -0.3244,
                        152: -0.3368,
                        153: -0.3647,
                        154: -0.4943,
                        155: -0.5572,
                        156: -0.4365,
                        157: -0.3123,
                        158: -0.2708,
                        159: -0.2288,
                        160: -0.1836,
                        161: -0.1399,
                        162: -0.1096,
                        163: -0.0912,
                        164: -0.089,
                        165: -0.1073,
                        166: -0.1475,
                        167: -0.2053,
                        168: -0.3304,
                        169: -0.6518,
                        170: -1.0747,
                        171: -1.3581,
                        172: -1.3246,
                        173: -0.891,
                        174: -0.2288,
                        175: 0.4176,
                        176: 0.916,
                        177: 1.1759,
                        178: 1.2425,
                        179: 1.1786,
                        180: 1.0103,
                    }

                    over "Ribbon_TailR_1_ctl"
                    {
                        double avars:rz.timeSamples = {
                            1: 0.1344,
                            2: 0.143,
                            3: 0.1466,
                            4: 0.1463,
                            5: 0.1457,
                            6: 0.1456,
                            7: 0.1445,
                            8: 0.1413,
                            9: 0.1358,
                            10: 0.1275,
                            11: 0.1167,
                            12: 0.1034,
                            13: 0.088,
                            14: 0.0708,
                            15: 0.0522,
                            16: 0.0326,
                            17: 0.0125,
                            18: -0.0079,
                            19: -0.0284,
                            20: -0.0485,
                            21: -0.0679,
                            22: -0.0856,
                            23: -0.1011,
                            24: -0.1139,
                            25: -0.1241,
                            26: -0.1318,
                            27: -0.1374,
                            28: -0.1414,
                            29: -0.1444,
                            30: -0.1449,
                            31: -0.1399,
                            32: -0.1344,
                            33: -0.1466,
                            34: -0.2069,
                            35: -0.3483,
                            36: -0.5721,
                            37: -0.8272,
                            38: -1.047,
                            39: -1.1955,
                            40: -1.2523,
                            41: -1.1884,
                            42: -0.9915,
                            43: -0.6664,
                            44: -0.2191,
                            45: 0.321,
                            46: 0.8757,
                            47: 1.3315,
                            48: 1.5895,
                            49: 1.6084,
                            50: 1.4049,
                            51: 1.0397,
                            52: 0.5956,
                            53: 0.1456,
                            54: -0.2604,
                            55: -0.5562,
                            56: -0.6409,
                            57: -0.4993,
                            58: -0.258,
                            59: -0.0372,
                            60: 0.08,
                            61: -0.0128,
                            62: -0.3227,
                            63: -0.7155,
                            64: -1.0779,
                            65: -1.3793,
                            66: -1.6762,
                            67: -2.1107,
                            68: -2.6831,
                            69: -3.0706,
                            70: -2.8893,
                            71: -2.0943,
                            72: -0.9808,
                            73: 0.1488,
                            74: 1.1473,
                            75: 1.939,
                            76: 2.4446,
                            77: 2.6067,
                            78: 2.4429,
                            79: 2.041,
                            80: 1.5035,
                            81: 0.9166,
                            82: 0.3516,
                            83: -0.1381,
                            84: -0.524,
                            85: -0.7917,
                            86: -0.925,
                            87: -0.9117,
                            88: -0.7561,
                            89: -0.4693,
                            90: -0.0583,
                            91: 0.4368,
                            92: 0.9367,
                            93: 1.3797,
                            94: 1.7085,
                            95: 1.8007,
                            96: 1.4683,
                            97: 0.6584,
                            98: -0.3076,
                            99: -1.0071,
                            100: -1.3429,
                            101: -1.4189,
                            102: -1.2712,
                            103: -0.976,
                            104: -0.6037,
                            105: -0.1485,
                            106: 0.2057,
                            107: 0.4399,
                            108: 0.6621,
                            109: 0.763,
                            110: 0.8027,
                            111: 0.7717,
                            112: 0.6178,
                            113: 0.4903,
                            114: 0.3527,
                            115: 0.2126,
                            116: 0.1619,
                            117: 0.1601,
                            118: 0.2339,
                            119: 0.4284,
                            120: 0.7118,
                            121: 1.0595,
                            122: 1.4572,
                            123: 1.7727,
                            124: 1.7422,
                            125: 1.2408,
                            126: 0.445,
                            127: -0.3355,
                            128: -0.8425,
                            129: -0.9621,
                            130: -0.778,
                            131: -0.5017,
                            132: -0.3403,
                            133: -0.3896,
                            134: -0.5852,
                            135: -0.7634,
                            136: -0.772,
                            137: -0.5606,
                            138: -0.2133,
                            139: 0.1119,
                            140: 0.2745,
                            141: 0.2204,
                            142: 0.0088,
                            143: -0.2344,
                            144: -0.3937,
                            145: -0.4229,
                            146: -0.3619,
                            147: -0.293,
                            148: -0.2814,
                            149: -0.335,
                            150: -0.4151,
                            151: -0.4877,
                            152: -0.546,
                            153: -0.618,
                            154: -0.7612,
                            155: -0.9702,
                            156: -1.1364,
                            157: -1.1775,
                            158: -1.1085,
                            159: -0.9626,
                            160: -0.7498,
                            161: -0.4889,
                            162: -0.2182,
                            163: 0.0231,
                            164: 0.2068,
                            165: 0.3118,
                            166: 0.3273,
                            167: 0.2593,
                            168: 0.093,
                            169: -0.2379,
                            170: -0.7404,
                            171: -1.2571,
                            172: -1.5466,
                            173: -1.4431,
                            174: -0.9728,
                            175: -0.3316,
                            176: 0.2691,
                            177: 0.7066,
                            178: 0.9569,
                            179: 1.0551,
                            180: 1.0407,
                        }

                        over "Ribbon_TailR_2_ctl"
                        {
                            double avars:rz.timeSamples = {
                                1: 0.1773,
                                2: 0.1859,
                                3: 0.1897,
                                4: 0.1896,
                                5: 0.1893,
                                6: 0.1897,
                                7: 0.1893,
                                8: 0.1869,
                                9: 0.1822,
                                10: 0.175,
                                11: 0.1653,
                                12: 0.1531,
                                13: 0.1388,
                                14: 0.1227,
                                15: 0.1052,
                                16: 0.0866,
                                17: 0.0673,
                                18: 0.0477,
                                19: 0.0279,
                                20: 0.0083,
                                21: -0.0107,
                                22: -0.0281,
                                23: -0.0434,
                                24: -0.0561,
                                25: -0.0663,
                                26: -0.0741,
                                27: -0.0799,
                                28: -0.0842,
                                29: -0.0875,
                                30: -0.0885,
                                31: -0.084,
                                32: -0.0791,
                                33: -0.0921,
                                34: -0.1536,
                                35: -0.2965,
                                36: -0.5224,
                                37: -0.7802,
                                38: -1.0035,
                                39: -1.1566,
                                40: -1.2191,
                                41: -1.1622,
                                42: -0.9733,
                                43: -0.6573,
                                44: -0.22,
                                45: 0.3093,
                                46: 0.8531,
                                47: 1.2988,
                                48: 1.5486,
                                49: 1.562,
                                50: 1.3561,
                                51: 0.9916,
                                52: 0.5507,
                                53: 0.1056,
                                54: -0.2946,
                                55: -0.5843,
                                56: -0.6634,
                                57: -0.5165,
                                58: -0.2692,
                                59: -0.0406,
                                60: 0.0869,
                                61: 0.0073,
                                62: -0.2871,
                                63: -0.6635,
                                64: -1.0101,
                                65: -1.2978,
                                66: -1.5842,
                                67: -2.012,
                                68: -2.5828,
                                69: -2.9764,
                                70: -2.8104,
                                71: -2.0397,
                                72: -0.9567,
                                73: 0.1397,
                                74: 1.1059,
                                75: 1.8692,
                                76: 2.3528,
                                77: 2.5009,
                                78: 2.3316,
                                79: 1.9321,
                                80: 1.4033,
                                81: 0.8297,
                                82: 0.2807,
                                83: -0.1923,
                                84: -0.5622,
                                85: -0.8159,
                                86: -0.9381,
                                87: -0.9168,
                                88: -0.7567,
                                89: -0.4683,
                                90: -0.0581,
                                91: 0.4346,
                                92: 0.9318,
                                93: 1.3729,
                                94: 1.7011,
                                95: 1.7947,
                                96: 1.4657,
                                97: 0.6609,
                                98: -0.3001,
                                99: -0.9973,
                                100: -1.3344,
                                101: -1.4149,
                                102: -1.2742,
                                103: -0.9875,
                                104: -0.6234,
                                105: -0.1757,
                                106: 0.1732,
                                107: 0.404,
                                108: 0.6245,
                                109: 0.7257,
                                110: 0.7665,
                                111: 0.7373,
                                112: 0.5859,
                                113: 0.4602,
                                114: 0.3244,
                                115: 0.1854,
                                116: 0.135,
                                117: 0.133,
                                118: 0.206,
                                119: 0.3992,
                                120: 0.6815,
                                121: 1.029,
                                122: 1.4286,
                                123: 1.7495,
                                124: 1.7301,
                                125: 1.2454,
                                126: 0.4698,
                                127: -0.2905,
                                128: -0.7804,
                                129: -0.888,
                                130: -0.6969,
                                131: -0.4177,
                                132: -0.2556,
                                133: -0.3055,
                                134: -0.5026,
                                135: -0.6838,
                                136: -0.6972,
                                137: -0.4921,
                                138: -0.1517,
                                139: 0.1674,
                                140: 0.3259,
                                141: 0.2705,
                                142: 0.0599,
                                143: -0.1808,
                                144: -0.3372,
                                145: -0.3638,
                                146: -0.3004,
                                147: -0.2293,
                                148: -0.2152,
                                149: -0.2659,
                                150: -0.3431,
                                151: -0.4128,
                                152: -0.4685,
                                153: -0.5386,
                                154: -0.6808,
                                155: -0.8905,
                                156: -1.0603,
                                157: -1.109,
                                158: -1.0515,
                                159: -0.9198,
                                160: -0.723,
                                161: -0.4782,
                                162: -0.2224,
                                163: 0.0067,
                                164: 0.1818,
                                165: 0.2822,
                                166: 0.2971,
                                167: 0.2319,
                                168: 0.0711,
                                169: -0.2526,
                                170: -0.7477,
                                171: -1.2586,
                                172: -1.5462,
                                173: -1.4458,
                                174: -0.9837,
                                175: -0.3541,
                                176: 0.2335,
                                177: 0.6582,
                                178: 0.8972,
                                179: 0.9865,
                                180: 0.966,
                            }
                        }
                    }
                }
            }
        }
    }
}
