#usda 1.0
(
    defaultPrim = "Kaede"
    doc = "A 150-frame parameter sweep for bust_dd_a_rig.usda (the rig reveal): angle X +-30, angle Y +-15, the tilt, eyes, brows, the five vowels, the yell take and the laugh. Only control avars are authored here. Generated by build_bust.py."
    endTimeCode = 150
    framesPerSecond = 30
    startTimeCode = 1
    subLayers = [
        @./bust_dd_a_rig.usda@
    ]
    timeCodesPerSecond = 30
)

over "Kaede"
{
    over "Rig"
    {
        over "Controls"
        {
            over "Body_ctl"
            {
                double avars:rz.timeSamples = {
                    1: 0,
                    2: 0,
                    3: 0,
                    4: 0,
                    5: 0,
                    6: 0,
                    7: 0,
                    8: 0,
                    9: 0,
                    10: 0,
                    11: 0,
                    12: 0,
                    13: -0.0175,
                    14: -0.0665,
                    15: -0.1417,
                    16: -0.2379,
                    17: -0.3499,
                    18: -0.4723,
                    19: -0.6,
                    20: -0.7277,
                    21: -0.8501,
                    22: -0.9621,
                    23: -1.0583,
                    24: -1.1335,
                    25: -1.1825,
                    26: -1.2,
                    27: -1.2,
                    28: -1.2,
                    29: -1.2,
                    30: -1.2,
                    31: -1.2,
                    32: -1.2,
                    33: -1.1768,
                    34: -1.1108,
                    35: -1.0074,
                    36: -0.8719,
                    37: -0.7096,
                    38: -0.5259,
                    39: -0.3262,
                    40: -0.1158,
                    41: 0.1,
                    42: 0.3158,
                    43: 0.5262,
                    44: 0.7259,
                    45: 0.9096,
                    46: 1.0719,
                    47: 1.2074,
                    48: 1.3108,
                    49: 1.3768,
                    50: 1.4,
                    51: 1.4,
                    52: 1.4,
                    53: 1.4,
                    54: 1.4,
                    55: 1.4,
                    56: 1.4,
                    57: 1.3608,
                    58: 1.2544,
                    59: 1.0976,
                    60: 0.9072,
                    61: 0.7,
                    62: 0.4928,
                    63: 0.3024,
                    64: 0.1456,
                    65: 0.0392,
                    66: 0,
                    67: 0.028,
                    68: 0.104,
                    69: 0.216,
                    70: 0.352,
                    71: 0.5,
                    72: 0.648,
                    73: 0.784,
                    74: 0.896,
                    75: 0.972,
                    76: 1,
                    77: 0.9708,
                    78: 0.8892,
                    79: 0.7638,
                    80: 0.6035,
                    81: 0.4169,
                    82: 0.2128,
                    83: 0,
                    84: -0.2128,
                    85: -0.4169,
                    86: -0.6035,
                    87: -0.7638,
                    88: -0.8892,
                    89: -0.9708,
                    90: -1,
                    91: -0.9803,
                    92: -0.9259,
                    93: -0.8438,
                    94: -0.7407,
                    95: -0.6238,
                    96: -0.5,
                    97: -0.3762,
                    98: -0.2593,
                    99: -0.1562,
                    100: -0.0741,
                    101: -0.0197,
                    102: 0,
                    103: 0,
                    104: 0,
                    105: 0,
                    106: 0,
                    107: 0,
                    108: 0,
                    109: 0,
                    110: 0,
                    111: 0,
                    112: 0,
                    113: 0,
                    114: 0,
                    115: 0,
                    116: 0,
                    117: 0,
                    118: 0,
                    119: 0,
                    120: 0,
                    121: 0,
                    122: 0,
                    123: 0,
                    124: 0,
                    125: 0,
                    126: 0,
                    127: 0,
                    128: 0,
                    129: 0,
                    130: 0,
                    131: 0,
                    132: 0,
                    133: 0,
                    134: 0,
                    135: 0,
                    136: 0,
                    137: 0,
                    138: 0,
                    139: 0,
                    140: 0,
                    141: 0,
                    142: 0,
                    143: 0,
                    144: 0,
                    145: 0,
                    146: 0,
                    147: 0,
                    148: 0,
                    149: 0,
                    150: 0,
                }
                double avars:tx.timeSamples = {
                    1: 0,
                    2: 0,
                    3: 0,
                    4: 0,
                    5: 0,
                    6: 0,
                    7: 0,
                    8: 0,
                    9: 0,
                    10: 0,
                    11: 0,
                    12: 0,
                    13: 0,
                    14: 0,
                    15: 0,
                    16: 0,
                    17: 0,
                    18: 0,
                    19: 0,
                    20: 0,
                    21: 0,
                    22: 0,
                    23: 0,
                    24: 0,
                    25: 0,
                    26: 0,
                    27: 0,
                    28: 0,
                    29: 0,
                    30: 0,
                    31: 0,
                    32: 0,
                    33: 0,
                    34: 0,
                    35: 0,
                    36: 0,
                    37: 0,
                    38: 0,
                    39: 0,
                    40: 0,
                    41: 0,
                    42: 0,
                    43: 0,
                    44: 0,
                    45: 0,
                    46: 0,
                    47: 0,
                    48: 0,
                    49: 0,
                    50: 0,
                    51: 0,
                    52: 0,
                    53: 0,
                    54: 0,
                    55: 0,
                    56: 0,
                    57: 0,
                    58: 0,
                    59: 0,
                    60: 0,
                    61: 0,
                    62: 0,
                    63: 0,
                    64: 0,
                    65: 0,
                    66: 0,
                    67: 0,
                    68: 0,
                    69: 0,
                    70: 0,
                    71: 0,
                    72: 0,
                    73: 0,
                    74: 0,
                    75: 0,
                    76: 0,
                    77: 0,
                    78: 0,
                    79: 0,
                    80: 0,
                    81: 0,
                    82: 0,
                    83: 0,
                    84: 0,
                    85: 0,
                    86: 0,
                    87: 0,
                    88: 0,
                    89: 0,
                    90: 0,
                    91: 0,
                    92: 0,
                    93: 0,
                    94: 0,
                    95: 0,
                    96: 0,
                    97: 0,
                    98: 0,
                    99: 0,
                    100: 0,
                    101: 0,
                    102: 0,
                    103: 0,
                    104: 0,
                    105: 0,
                    106: 0,
                    107: 0,
                    108: 0,
                    109: 0,
                    110: 0,
                    111: 0,
                    112: 0,
                    113: 0,
                    114: 0,
                    115: 0,
                    116: 0,
                    117: 0,
                    118: 0,
                    119: 0,
                    120: 0,
                    121: 0,
                    122: 0,
                    123: 0,
                    124: 0,
                    125: 0,
                    126: 0,
                    127: 0,
                    128: 0,
                    129: 0,
                    130: 0,
                    131: 0,
                    132: 0,
                    133: 0,
                    134: 0,
                    135: 0,
                    136: 0,
                    137: 0,
                    138: 0,
                    139: 0,
                    140: 0,
                    141: 0,
                    142: 0,
                    143: 0,
                    144: 0,
                    145: 0,
                    146: 0,
                    147: 0,
                    148: 0,
                    149: 0,
                    150: 0,
                }

                over "Neck_ctl"
                {
                    double avars:rz.timeSamples = {
                        1: 0,
                        2: 0,
                        3: 0,
                        4: 0,
                        5: 0,
                        6: 0,
                        7: 0,
                        8: 0,
                        9: 0,
                        10: 0,
                        11: -0.0306,
                        12: -0.1163,
                        13: -0.248,
                        14: -0.4163,
                        15: -0.6122,
                        16: -0.8265,
                        17: -1.05,
                        18: -1.2735,
                        19: -1.4878,
                        20: -1.6837,
                        21: -1.852,
                        22: -1.9837,
                        23: -2.0694,
                        24: -2.1,
                        25: -2.1,
                        26: -2.1,
                        27: -2.1,
                        28: -2.1,
                        29: -2.1,
                        30: -2.1,
                        31: -2.0594,
                        32: -1.944,
                        33: -1.763,
                        34: -1.5258,
                        35: -1.2418,
                        36: -0.9204,
                        37: -0.5709,
                        38: -0.2026,
                        39: 0.175,
                        40: 0.5526,
                        41: 0.9209,
                        42: 1.2704,
                        43: 1.5918,
                        44: 1.8758,
                        45: 2.113,
                        46: 2.294,
                        47: 2.4094,
                        48: 2.45,
                        49: 2.45,
                        50: 2.45,
                        51: 2.45,
                        52: 2.45,
                        53: 2.45,
                        54: 2.45,
                        55: 2.3814,
                        56: 2.1952,
                        57: 1.9208,
                        58: 1.5876,
                        59: 1.225,
                        60: 0.8624,
                        61: 0.5292,
                        62: 0.2548,
                        63: 0.0686,
                        64: 0,
                        65: 0.049,
                        66: 0.182,
                        67: 0.378,
                        68: 0.616,
                        69: 0.875,
                        70: 1.134,
                        71: 1.372,
                        72: 1.568,
                        73: 1.701,
                        74: 1.75,
                        75: 1.699,
                        76: 1.5561,
                        77: 1.3367,
                        78: 1.0561,
                        79: 0.7296,
                        80: 0.3724,
                        81: 0,
                        82: -0.3724,
                        83: -0.7296,
                        84: -1.0561,
                        85: -1.3367,
                        86: -1.5561,
                        87: -1.699,
                        88: -1.75,
                        89: -1.7156,
                        90: -1.6204,
                        91: -1.4766,
                        92: -1.2963,
                        93: -1.0917,
                        94: -0.875,
                        95: -0.6583,
                        96: -0.4537,
                        97: -0.2734,
                        98: -0.1296,
                        99: -0.0344,
                        100: 0,
                        101: 0,
                        102: 0,
                        103: 0,
                        104: 0,
                        105: 0,
                        106: 0,
                        107: 0,
                        108: 0,
                        109: 0,
                        110: 0,
                        111: 0,
                        112: 0,
                        113: 0,
                        114: 0,
                        115: 0,
                        116: 0,
                        117: 0,
                        118: 0,
                        119: 0,
                        120: 0,
                        121: 0,
                        122: 0,
                        123: 0,
                        124: 0,
                        125: 0,
                        126: 0,
                        127: 0,
                        128: 0,
                        129: 0,
                        130: 0,
                        131: 0,
                        132: 0,
                        133: 0,
                        134: 0,
                        135: 0,
                        136: 0,
                        137: 0,
                        138: 0,
                        139: 0,
                        140: 0,
                        141: 0,
                        142: 0,
                        143: 0,
                        144: 0,
                        145: 0,
                        146: 0,
                        147: 0,
                        148: 0,
                        149: 0,
                        150: 0,
                    }

                    over "Head_ctl"
                    {
                        double avars:rz.timeSamples = {
                            1: 0,
                            2: 0,
                            3: 0,
                            4: 0,
                            5: 0,
                            6: 0,
                            7: 0,
                            8: 0,
                            9: -0.0875,
                            10: -0.3324,
                            11: -0.7085,
                            12: -1.1895,
                            13: -1.7493,
                            14: -2.3615,
                            15: -3,
                            16: -3.6385,
                            17: -4.2507,
                            18: -4.8105,
                            19: -5.2915,
                            20: -5.6676,
                            21: -5.9125,
                            22: -6,
                            23: -6,
                            24: -6,
                            25: -6,
                            26: -6,
                            27: -6,
                            28: -6,
                            29: -5.8841,
                            30: -5.5542,
                            31: -5.037,
                            32: -4.3594,
                            33: -3.548,
                            34: -2.6296,
                            35: -1.631,
                            36: -0.5789,
                            37: 0.5,
                            38: 1.5789,
                            39: 2.631,
                            40: 3.6296,
                            41: 4.548,
                            42: 5.3594,
                            43: 6.037,
                            44: 6.5542,
                            45: 6.8841,
                            46: 7,
                            47: 7,
                            48: 7,
                            49: 7,
                            50: 7,
                            51: 7,
                            52: 7,
                            53: 6.804,
                            54: 6.272,
                            55: 5.488,
                            56: 4.536,
                            57: 3.5,
                            58: 2.464,
                            59: 1.512,
                            60: 0.728,
                            61: 0.196,
                            62: 0,
                            63: 0.14,
                            64: 0.52,
                            65: 1.08,
                            66: 1.76,
                            67: 2.5,
                            68: 3.24,
                            69: 3.92,
                            70: 4.48,
                            71: 4.86,
                            72: 5,
                            73: 4.8542,
                            74: 4.4461,
                            75: 3.8192,
                            76: 3.0175,
                            77: 2.0845,
                            78: 1.0641,
                            79: 0,
                            80: -1.0641,
                            81: -2.0845,
                            82: -3.0175,
                            83: -3.8192,
                            84: -4.4461,
                            85: -4.8542,
                            86: -5,
                            87: -4.9016,
                            88: -4.6296,
                            89: -4.2188,
                            90: -3.7037,
                            91: -3.1192,
                            92: -2.5,
                            93: -1.8808,
                            94: -1.2963,
                            95: -0.7812,
                            96: -0.3704,
                            97: -0.0984,
                            98: 0,
                            99: 0,
                            100: 0,
                            101: 0,
                            102: 0,
                            103: 0,
                            104: 0,
                            105: 0,
                            106: 0,
                            107: 0,
                            108: 0,
                            109: 0,
                            110: 0,
                            111: 0,
                            112: 0,
                            113: 0,
                            114: 0,
                            115: 0,
                            116: 0,
                            117: 0,
                            118: 0,
                            119: 0,
                            120: 0,
                            121: 0,
                            122: 0,
                            123: 0,
                            124: 0,
                            125: 0,
                            126: 0,
                            127: 0,
                            128: 0,
                            129: 0,
                            130: 0,
                            131: 0,
                            132: 0,
                            133: 0,
                            134: 0,
                            135: 0,
                            136: 0,
                            137: 0,
                            138: 0,
                            139: 0,
                            140: 0,
                            141: 0,
                            142: 0,
                            143: 0,
                            144: 0,
                            145: 0,
                            146: 0,
                            147: 0,
                            148: 0,
                            149: 0,
                            150: 0,
                        }

                        over "Brow_L_ctl"
                        {
                            double avars:rz.timeSamples = {
                                1: 0,
                                2: 0,
                                3: 0,
                                4: 0,
                                5: 0,
                                6: 0,
                                7: 0,
                                8: 0,
                                9: 0,
                                10: 0,
                                11: 0,
                                12: 0,
                                13: 0,
                                14: 0,
                                15: 0,
                                16: 0,
                                17: 0,
                                18: 0,
                                19: 0,
                                20: 0,
                                21: 0,
                                22: 0,
                                23: 0,
                                24: 0,
                                25: 0,
                                26: 0,
                                27: 0,
                                28: 0,
                                29: 0,
                                30: 0,
                                31: 0,
                                32: 0,
                                33: 0,
                                34: 0,
                                35: 0,
                                36: 0,
                                37: 0,
                                38: 0,
                                39: 0,
                                40: 0,
                                41: 0,
                                42: 0,
                                43: 0,
                                44: 0,
                                45: 0,
                                46: 0,
                                47: 0,
                                48: 0,
                                49: 0,
                                50: 0,
                                51: 0,
                                52: 0,
                                53: 0,
                                54: 0,
                                55: 0,
                                56: 0,
                                57: 0,
                                58: 0,
                                59: 0,
                                60: 0,
                                61: 0,
                                62: 0,
                                63: 0,
                                64: 0,
                                65: 0,
                                66: 0,
                                67: 0,
                                68: 0,
                                69: 0,
                                70: 0,
                                71: 0,
                                72: 0,
                                73: 0,
                                74: 0,
                                75: 0,
                                76: 0,
                                77: 0,
                                78: 0,
                                79: 0,
                                80: 0,
                                81: 0,
                                82: 0,
                                83: 0,
                                84: 0,
                                85: 0,
                                86: 0,
                                87: 0,
                                88: 0,
                                89: 0,
                                90: 0,
                                91: 0,
                                92: 0,
                                93: 0,
                                94: 0,
                                95: 0,
                                96: 0,
                                97: 0,
                                98: 0,
                                99: 0,
                                100: 0,
                                101: 0,
                                102: 0,
                                103: 0,
                                104: 0,
                                105: 0,
                                106: 0,
                                107: 0,
                                108: 0,
                                109: 0,
                                110: 0,
                                111: 0,
                                112: 0,
                                113: 0,
                                114: 0,
                                115: 0,
                                116: 0,
                                117: 0,
                                118: -10,
                                119: -20,
                                120: -20,
                                121: -20,
                                122: -20,
                                123: -20,
                                124: -20,
                                125: -20,
                                126: -20,
                                127: -20,
                                128: -20,
                                129: -20,
                                130: -20,
                                131: -20,
                                132: -15.3125,
                                133: -5,
                                134: 5.3125,
                                135: 10,
                                136: 9.7671,
                                137: 9.1285,
                                138: 8.1743,
                                139: 6.9947,
                                140: 5.6799,
                                141: 4.3201,
                                142: 3.0053,
                                143: 1.8257,
                                144: 0.8715,
                                145: 0.2329,
                                146: 0,
                                147: 0,
                                148: 0,
                                149: 0,
                                150: 0,
                            }
                            double avars:ty.timeSamples = {
                                1: 0,
                                2: 0,
                                3: 0,
                                4: 0,
                                5: 0,
                                6: 0,
                                7: 0,
                                8: 0,
                                9: 0,
                                10: 0,
                                11: 0,
                                12: 0,
                                13: 0,
                                14: 0,
                                15: 0,
                                16: 0,
                                17: 0,
                                18: 0,
                                19: 0,
                                20: 0,
                                21: 0,
                                22: 0,
                                23: 0,
                                24: 0,
                                25: 0,
                                26: 0,
                                27: 0,
                                28: 0,
                                29: 0,
                                30: 0,
                                31: 0,
                                32: 0,
                                33: 0,
                                34: 0,
                                35: 0,
                                36: 0,
                                37: 0,
                                38: 0,
                                39: 0,
                                40: 0,
                                41: 0,
                                42: 0,
                                43: 0,
                                44: 0,
                                45: 0,
                                46: 0,
                                47: 0,
                                48: 0,
                                49: 0,
                                50: 0,
                                51: 0,
                                52: 0,
                                53: 0,
                                54: 0,
                                55: 0,
                                56: 0,
                                57: 0,
                                58: 0,
                                59: 0,
                                60: 0,
                                61: 0,
                                62: 0,
                                63: 0,
                                64: 0.0224,
                                65: 0.0832,
                                66: 0.1728,
                                67: 0.2816,
                                68: 0.4,
                                69: 0.5184,
                                70: 0.6272,
                                71: 0.7168,
                                72: 0.7776,
                                73: 0.8,
                                74: 0.781,
                                75: 0.728,
                                76: 0.6465,
                                77: 0.5423,
                                78: 0.421,
                                79: 0.2883,
                                80: 0.15,
                                81: 0.0117,
                                82: -0.121,
                                83: -0.2423,
                                84: -0.3465,
                                85: -0.428,
                                86: -0.481,
                                87: -0.5,
                                88: -0.4902,
                                89: -0.463,
                                90: -0.4219,
                                91: -0.3704,
                                92: -0.3119,
                                93: -0.25,
                                94: -0.1881,
                                95: -0.1296,
                                96: -0.0781,
                                97: -0.037,
                                98: -0.0098,
                                99: 0,
                                100: 0,
                                101: 0,
                                102: 0,
                                103: 0,
                                104: 0,
                                105: 0,
                                106: 0,
                                107: 0,
                                108: 0,
                                109: 0,
                                110: 0,
                                111: 0,
                                112: 0,
                                113: 0,
                                114: 0,
                                115: 0,
                                116: 0,
                                117: 0,
                                118: 0.15,
                                119: 0.3,
                                120: 0.3,
                                121: 0.3,
                                122: 0.3,
                                123: 0.3,
                                124: 0.3,
                                125: 0.3,
                                126: 0.3,
                                127: 0.3,
                                128: 0.3,
                                129: 0.3,
                                130: 0.3,
                                131: 0.3,
                                132: 0.3,
                                133: 0.3519,
                                134: 0.4481,
                                135: 0.5,
                                136: 0.4884,
                                137: 0.4564,
                                138: 0.4087,
                                139: 0.3497,
                                140: 0.284,
                                141: 0.216,
                                142: 0.1503,
                                143: 0.0913,
                                144: 0.0436,
                                145: 0.0116,
                                146: 0,
                                147: 0,
                                148: 0,
                                149: 0,
                                150: 0,
                            }
                        }

                        over "Brow_R_ctl"
                        {
                            double avars:rz.timeSamples = {
                                1: 0,
                                2: 0,
                                3: 0,
                                4: 0,
                                5: 0,
                                6: 0,
                                7: 0,
                                8: 0,
                                9: 0,
                                10: 0,
                                11: 0,
                                12: 0,
                                13: 0,
                                14: 0,
                                15: 0,
                                16: 0,
                                17: 0,
                                18: 0,
                                19: 0,
                                20: 0,
                                21: 0,
                                22: 0,
                                23: 0,
                                24: 0,
                                25: 0,
                                26: 0,
                                27: 0,
                                28: 0,
                                29: 0,
                                30: 0,
                                31: 0,
                                32: 0,
                                33: 0,
                                34: 0,
                                35: 0,
                                36: 0,
                                37: 0,
                                38: 0,
                                39: 0,
                                40: 0,
                                41: 0,
                                42: 0,
                                43: 0,
                                44: 0,
                                45: 0,
                                46: 0,
                                47: 0,
                                48: 0,
                                49: 0,
                                50: 0,
                                51: 0,
                                52: 0,
                                53: 0,
                                54: 0,
                                55: 0,
                                56: 0,
                                57: 0,
                                58: 0,
                                59: 0,
                                60: 0,
                                61: 0,
                                62: 0,
                                63: 0,
                                64: 0,
                                65: 0,
                                66: 0,
                                67: 0,
                                68: 0,
                                69: 0,
                                70: 0,
                                71: 0,
                                72: 0,
                                73: 0,
                                74: 0,
                                75: 0,
                                76: 0,
                                77: 0,
                                78: 0,
                                79: 0,
                                80: 0,
                                81: 0,
                                82: 0,
                                83: 0,
                                84: 0,
                                85: 0,
                                86: 0,
                                87: 0,
                                88: 0,
                                89: 0,
                                90: 0,
                                91: 0,
                                92: 0,
                                93: 0,
                                94: 0,
                                95: 0,
                                96: 0,
                                97: 0,
                                98: 0,
                                99: 0,
                                100: 0,
                                101: 0,
                                102: 0,
                                103: 0,
                                104: 0,
                                105: 0,
                                106: 0,
                                107: 0,
                                108: 0,
                                109: 0,
                                110: 0,
                                111: 0,
                                112: 0,
                                113: 0,
                                114: 0,
                                115: 0,
                                116: 0,
                                117: -10,
                                118: -20,
                                119: -20,
                                120: -20,
                                121: -20,
                                122: -20,
                                123: -20,
                                124: -20,
                                125: -20,
                                126: -20,
                                127: -20,
                                128: -20,
                                129: -20,
                                130: -20,
                                131: -15.3125,
                                132: -5,
                                133: 5.3125,
                                134: 10,
                                135: 9.7671,
                                136: 9.1285,
                                137: 8.1743,
                                138: 6.9947,
                                139: 5.6799,
                                140: 4.3201,
                                141: 3.0053,
                                142: 1.8257,
                                143: 0.8715,
                                144: 0.2329,
                                145: 0,
                                146: 0,
                                147: 0,
                                148: 0,
                                149: 0,
                                150: 0,
                            }
                            double avars:ty.timeSamples = {
                                1: 0,
                                2: 0,
                                3: 0,
                                4: 0,
                                5: 0,
                                6: 0,
                                7: 0,
                                8: 0,
                                9: 0,
                                10: 0,
                                11: 0,
                                12: 0,
                                13: 0,
                                14: 0,
                                15: 0,
                                16: 0,
                                17: 0,
                                18: 0,
                                19: 0,
                                20: 0,
                                21: 0,
                                22: 0,
                                23: 0,
                                24: 0,
                                25: 0,
                                26: 0,
                                27: 0,
                                28: 0,
                                29: 0,
                                30: 0,
                                31: 0,
                                32: 0,
                                33: 0,
                                34: 0,
                                35: 0,
                                36: 0,
                                37: 0,
                                38: 0,
                                39: 0,
                                40: 0,
                                41: 0,
                                42: 0,
                                43: 0,
                                44: 0,
                                45: 0,
                                46: 0,
                                47: 0,
                                48: 0,
                                49: 0,
                                50: 0,
                                51: 0,
                                52: 0,
                                53: 0,
                                54: 0,
                                55: 0,
                                56: 0,
                                57: 0,
                                58: 0,
                                59: 0,
                                60: 0,
                                61: 0,
                                62: 0,
                                63: 0.0224,
                                64: 0.0832,
                                65: 0.1728,
                                66: 0.2816,
                                67: 0.4,
                                68: 0.5184,
                                69: 0.6272,
                                70: 0.7168,
                                71: 0.7776,
                                72: 0.8,
                                73: 0.781,
                                74: 0.728,
                                75: 0.6465,
                                76: 0.5423,
                                77: 0.421,
                                78: 0.2883,
                                79: 0.15,
                                80: 0.0117,
                                81: -0.121,
                                82: -0.2423,
                                83: -0.3465,
                                84: -0.428,
                                85: -0.481,
                                86: -0.5,
                                87: -0.4902,
                                88: -0.463,
                                89: -0.4219,
                                90: -0.3704,
                                91: -0.3119,
                                92: -0.25,
                                93: -0.1881,
                                94: -0.1296,
                                95: -0.0781,
                                96: -0.037,
                                97: -0.0098,
                                98: 0,
                                99: 0,
                                100: 0,
                                101: 0,
                                102: 0,
                                103: 0,
                                104: 0,
                                105: 0,
                                106: 0,
                                107: 0,
                                108: 0,
                                109: 0,
                                110: 0,
                                111: 0,
                                112: 0,
                                113: 0,
                                114: 0,
                                115: 0,
                                116: 0,
                                117: 0.15,
                                118: 0.3,
                                119: 0.3,
                                120: 0.3,
                                121: 0.3,
                                122: 0.3,
                                123: 0.3,
                                124: 0.3,
                                125: 0.3,
                                126: 0.3,
                                127: 0.3,
                                128: 0.3,
                                129: 0.3,
                                130: 0.3,
                                131: 0.3,
                                132: 0.3519,
                                133: 0.4481,
                                134: 0.5,
                                135: 0.4884,
                                136: 0.4564,
                                137: 0.4087,
                                138: 0.3497,
                                139: 0.284,
                                140: 0.216,
                                141: 0.1503,
                                142: 0.0913,
                                143: 0.0436,
                                144: 0.0116,
                                145: 0,
                                146: 0,
                                147: 0,
                                148: 0,
                                149: 0,
                                150: 0,
                            }
                        }

                        over "Corner_L_ctl"
                        {
                            double avars:ty.timeSamples = {
                                1: 0,
                                2: 0,
                                3: 0,
                                4: 0,
                                5: 0,
                                6: 0,
                                7: 0,
                                8: 0,
                                9: 0,
                                10: 0,
                                11: 0,
                                12: 0,
                                13: 0,
                                14: 0,
                                15: 0,
                                16: 0,
                                17: 0,
                                18: 0,
                                19: 0,
                                20: 0,
                                21: 0,
                                22: 0,
                                23: 0,
                                24: 0,
                                25: 0,
                                26: 0,
                                27: 0,
                                28: 0,
                                29: 0,
                                30: 0,
                                31: 0,
                                32: 0,
                                33: 0,
                                34: 0,
                                35: 0,
                                36: 0,
                                37: 0,
                                38: 0,
                                39: 0,
                                40: 0,
                                41: 0,
                                42: 0,
                                43: 0,
                                44: 0,
                                45: 0,
                                46: 0,
                                47: 0,
                                48: 0,
                                49: 0,
                                50: 0,
                                51: 0,
                                52: 0,
                                53: 0,
                                54: 0,
                                55: 0,
                                56: 0,
                                57: 0,
                                58: 0,
                                59: 0,
                                60: 0,
                                61: 0,
                                62: 0,
                                63: 0,
                                64: 0,
                                65: 0,
                                66: 0,
                                67: 0,
                                68: 0,
                                69: 0,
                                70: 0,
                                71: 0,
                                72: 0,
                                73: 0,
                                74: 0,
                                75: 0,
                                76: 0,
                                77: 0,
                                78: 0,
                                79: 0,
                                80: 0,
                                81: 0,
                                82: 0,
                                83: 0,
                                84: 0,
                                85: 0,
                                86: 0,
                                87: 0,
                                88: 0,
                                89: 0,
                                90: 0,
                                91: 0,
                                92: 0,
                                93: 0,
                                94: 0,
                                95: 0,
                                96: 0,
                                97: 0,
                                98: 0,
                                99: 0,
                                100: 0,
                                101: 0,
                                102: 0,
                                103: 0,
                                104: 0,
                                105: 0,
                                106: 0,
                                107: 0,
                                108: 0,
                                109: 0,
                                110: 0,
                                111: 0,
                                112: 0,
                                113: 0,
                                114: 0,
                                115: 0,
                                116: 0,
                                117: 0,
                                118: 0,
                                119: 0,
                                120: 0,
                                121: 0,
                                122: 0,
                                123: 0,
                                124: 0,
                                125: 0,
                                126: 0,
                                127: 0,
                                128: 0,
                                129: 0,
                                130: 0,
                                131: 0,
                                132: 0.1037,
                                133: 0.2963,
                                134: 0.4,
                                135: 0.3907,
                                136: 0.3651,
                                137: 0.327,
                                138: 0.2798,
                                139: 0.2272,
                                140: 0.1728,
                                141: 0.1202,
                                142: 0.073,
                                143: 0.0349,
                                144: 0.0093,
                                145: 0,
                                146: 0,
                                147: 0,
                                148: 0,
                                149: 0,
                                150: 0,
                            }
                        }

                        over "Corner_R_ctl"
                        {
                            double avars:ty.timeSamples = {
                                1: 0,
                                2: 0,
                                3: 0,
                                4: 0,
                                5: 0,
                                6: 0,
                                7: 0,
                                8: 0,
                                9: 0,
                                10: 0,
                                11: 0,
                                12: 0,
                                13: 0,
                                14: 0,
                                15: 0,
                                16: 0,
                                17: 0,
                                18: 0,
                                19: 0,
                                20: 0,
                                21: 0,
                                22: 0,
                                23: 0,
                                24: 0,
                                25: 0,
                                26: 0,
                                27: 0,
                                28: 0,
                                29: 0,
                                30: 0,
                                31: 0,
                                32: 0,
                                33: 0,
                                34: 0,
                                35: 0,
                                36: 0,
                                37: 0,
                                38: 0,
                                39: 0,
                                40: 0,
                                41: 0,
                                42: 0,
                                43: 0,
                                44: 0,
                                45: 0,
                                46: 0,
                                47: 0,
                                48: 0,
                                49: 0,
                                50: 0,
                                51: 0,
                                52: 0,
                                53: 0.0667,
                                54: 0.2333,
                                55: 0.45,
                                56: 0.6667,
                                57: 0.8333,
                                58: 0.9,
                                59: 0.8333,
                                60: 0.6667,
                                61: 0.45,
                                62: 0.2333,
                                63: 0.0667,
                                64: 0,
                                65: 0,
                                66: 0,
                                67: 0,
                                68: 0,
                                69: 0,
                                70: 0,
                                71: 0,
                                72: 0,
                                73: 0,
                                74: 0,
                                75: 0,
                                76: 0,
                                77: 0,
                                78: 0,
                                79: 0,
                                80: 0,
                                81: 0,
                                82: 0,
                                83: 0,
                                84: 0,
                                85: 0,
                                86: 0,
                                87: 0,
                                88: 0,
                                89: 0,
                                90: 0,
                                91: 0,
                                92: 0,
                                93: 0,
                                94: 0,
                                95: 0,
                                96: 0,
                                97: 0,
                                98: 0,
                                99: 0,
                                100: 0,
                                101: 0,
                                102: 0,
                                103: 0,
                                104: 0,
                                105: 0,
                                106: 0,
                                107: 0,
                                108: 0,
                                109: 0,
                                110: 0,
                                111: 0,
                                112: 0,
                                113: 0,
                                114: 0,
                                115: 0,
                                116: 0,
                                117: 0,
                                118: 0,
                                119: 0,
                                120: 0,
                                121: 0,
                                122: 0,
                                123: 0,
                                124: 0,
                                125: 0,
                                126: 0,
                                127: 0,
                                128: 0,
                                129: 0,
                                130: 0,
                                131: 0,
                                132: 0.1037,
                                133: 0.2963,
                                134: 0.4,
                                135: 0.3907,
                                136: 0.3651,
                                137: 0.327,
                                138: 0.2798,
                                139: 0.2272,
                                140: 0.1728,
                                141: 0.1202,
                                142: 0.073,
                                143: 0.0349,
                                144: 0.0093,
                                145: 0,
                                146: 0,
                                147: 0,
                                148: 0,
                                149: 0,
                                150: 0,
                            }
                        }

                        over "Eye_L_ctl"
                        {
                            double avars:rx.timeSamples = {
                                1: 0,
                                2: 0,
                                3: 0,
                                4: 0,
                                5: 0,
                                6: 0,
                                7: 0,
                                8: 0,
                                9: 0,
                                10: 0,
                                11: 0,
                                12: 0,
                                13: 0,
                                14: 0,
                                15: 0,
                                16: 0,
                                17: 0,
                                18: 0,
                                19: 0,
                                20: 0,
                                21: 0,
                                22: 0,
                                23: 0,
                                24: 0,
                                25: 0,
                                26: 0,
                                27: 0,
                                28: 0,
                                29: 0,
                                30: 0,
                                31: 0,
                                32: 0,
                                33: 0,
                                34: 0,
                                35: 0,
                                36: 0,
                                37: 0,
                                38: 0,
                                39: 0,
                                40: 0,
                                41: 0,
                                42: 0,
                                43: 0,
                                44: 0,
                                45: 0,
                                46: 0,
                                47: 0,
                                48: 0,
                                49: 0,
                                50: 0,
                                51: 0,
                                52: 0,
                                53: 0,
                                54: 0,
                                55: 0,
                                56: 0,
                                57: 0,
                                58: 0,
                                59: 0,
                                60: 0,
                                61: 0,
                                62: 0,
                                63: 0,
                                64: 0,
                                65: 0,
                                66: 0,
                                67: 0,
                                68: 0,
                                69: 0,
                                70: 0,
                                71: 0,
                                72: 0,
                                73: 0,
                                74: 0,
                                75: 0,
                                76: 0,
                                77: 0,
                                78: 0,
                                79: 0,
                                80: 0,
                                81: 0,
                                82: 0,
                                83: 0,
                                84: 0,
                                85: 0,
                                86: 0,
                                87: 0,
                                88: 0,
                                89: 0,
                                90: 0,
                                91: 0,
                                92: 0,
                                93: 0,
                                94: 0,
                                95: 0,
                                96: 0,
                                97: 0,
                                98: 0,
                                99: 0,
                                100: 0,
                                101: 0,
                                102: 0,
                                103: 0,
                                104: 0,
                                105: 0,
                                106: 0,
                                107: 0,
                                108: 0,
                                109: 0,
                                110: 0,
                                111: 0,
                                112: 0,
                                113: 0,
                                114: 0,
                                115: 0,
                                116: 0,
                                117: 0,
                                118: 0,
                                119: 0,
                                120: 0,
                                121: 0,
                                122: 0,
                                123: 0,
                                124: 0,
                                125: 0,
                                126: 0,
                                127: 0,
                                128: 0,
                                129: 0,
                                130: 0,
                                131: 0,
                                132: 0,
                                133: 0,
                                134: 0,
                                135: 0,
                                136: 0,
                                137: 0,
                                138: 0,
                                139: 0,
                                140: 0,
                                141: 0,
                                142: 0,
                                143: 0,
                                144: 0,
                                145: 0,
                                146: 0,
                                147: 0,
                                148: 0,
                                149: 0,
                                150: 0,
                            }
                            double avars:rz.timeSamples = {
                                1: 0,
                                2: 0,
                                3: 0,
                                4: 0,
                                5: 0,
                                6: 0,
                                7: 0,
                                8: 0,
                                9: 0,
                                10: 0,
                                11: 0,
                                12: 0,
                                13: 0,
                                14: 0,
                                15: 0,
                                16: 0,
                                17: 0,
                                18: 0,
                                19: 0,
                                20: 0,
                                21: 0,
                                22: 0,
                                23: 0,
                                24: 0,
                                25: 0,
                                26: 0,
                                27: 0,
                                28: 0,
                                29: 0,
                                30: 0,
                                31: 0,
                                32: 0,
                                33: 0,
                                34: 0,
                                35: 0,
                                36: 0,
                                37: 0,
                                38: 0,
                                39: 0,
                                40: 0,
                                41: 0,
                                42: 0,
                                43: 0,
                                44: 0,
                                45: 0,
                                46: 0,
                                47: 0,
                                48: 0,
                                49: 0,
                                50: 0,
                                51: 0,
                                52: 0,
                                53: 0,
                                54: 0,
                                55: 0,
                                56: 0,
                                57: 0,
                                58: 0,
                                59: 0,
                                60: 0,
                                61: 0,
                                62: 0,
                                63: 0,
                                64: 0,
                                65: 0,
                                66: 0,
                                67: 0,
                                68: 0,
                                69: 0,
                                70: 0,
                                71: 0,
                                72: 0,
                                73: 0,
                                74: 0,
                                75: 0,
                                76: 0,
                                77: 0,
                                78: 0,
                                79: 0,
                                80: 0,
                                81: 0,
                                82: 0,
                                83: 0,
                                84: 0,
                                85: 0,
                                86: 0,
                                87: 0,
                                88: 0,
                                89: 0,
                                90: 0,
                                91: 0,
                                92: 0,
                                93: 0,
                                94: 0,
                                95: 0,
                                96: 0,
                                97: 0,
                                98: 0,
                                99: 0,
                                100: 0,
                                101: 0,
                                102: 0,
                                103: 0,
                                104: 0,
                                105: 0,
                                106: 0,
                                107: 0,
                                108: 0,
                                109: 0,
                                110: 0,
                                111: 0,
                                112: 0,
                                113: 0,
                                114: 0,
                                115: 0,
                                116: 0,
                                117: 0,
                                118: 0,
                                119: 0,
                                120: 0,
                                121: 0,
                                122: 0,
                                123: 0,
                                124: 0,
                                125: 0,
                                126: 0,
                                127: 0,
                                128: 0,
                                129: 0,
                                130: 0,
                                131: 0,
                                132: 2.5926,
                                133: 10,
                                134: 17.4074,
                                135: 20,
                                136: 20,
                                137: 20,
                                138: 20,
                                139: 20,
                                140: 20,
                                141: 20,
                                142: 20,
                                143: 17.4074,
                                144: 10,
                                145: 2.5926,
                                146: 0,
                                147: 0,
                                148: 0,
                                149: 0,
                                150: 0,
                            }
                            double avars:tx.timeSamples = {
                                1: 0,
                                2: 0,
                                3: 0,
                                4: 0,
                                5: 0,
                                6: 0,
                                7: 0,
                                8: 0,
                                9: 0,
                                10: 0,
                                11: 0,
                                12: 0,
                                13: 0,
                                14: 0,
                                15: 0,
                                16: 0,
                                17: 0,
                                18: 0,
                                19: 0,
                                20: 0,
                                21: 0,
                                22: 0,
                                23: 0,
                                24: 0,
                                25: 0,
                                26: 0,
                                27: 0,
                                28: 0,
                                29: 0,
                                30: 0,
                                31: 0,
                                32: 0,
                                33: 0,
                                34: 0,
                                35: 0,
                                36: 0,
                                37: 0,
                                38: 0,
                                39: 0,
                                40: 0,
                                41: 0,
                                42: 0,
                                43: 0,
                                44: 0,
                                45: 0,
                                46: 0,
                                47: 0,
                                48: 0,
                                49: 0,
                                50: 0,
                                51: 0,
                                52: 0,
                                53: 0,
                                54: 0,
                                55: 0,
                                56: 0,
                                57: 0,
                                58: 0,
                                59: 0,
                                60: 0,
                                61: 0,
                                62: 0,
                                63: 0,
                                64: 0,
                                65: 0,
                                66: 0,
                                67: 0,
                                68: 0,
                                69: 0,
                                70: 0,
                                71: 0,
                                72: 0,
                                73: 0,
                                74: 0,
                                75: 0,
                                76: 0,
                                77: 0,
                                78: 0,
                                79: 0,
                                80: 0,
                                81: 0,
                                82: 0,
                                83: 0,
                                84: 0,
                                85: 0,
                                86: 0,
                                87: 0,
                                88: 0,
                                89: 0,
                                90: 0,
                                91: 0,
                                92: 0,
                                93: 0,
                                94: 0,
                                95: 0,
                                96: 0,
                                97: 0,
                                98: 0,
                                99: 0,
                                100: 0,
                                101: 0,
                                102: 0,
                                103: 0,
                                104: 0,
                                105: 0,
                                106: 0,
                                107: 0,
                                108: 0,
                                109: 0,
                                110: 0,
                                111: 0,
                                112: 0,
                                113: 0,
                                114: 0,
                                115: 0,
                                116: 0,
                                117: 0,
                                118: 0,
                                119: 0,
                                120: 0,
                                121: 0,
                                122: 0,
                                123: 0,
                                124: 0,
                                125: 0,
                                126: 0,
                                127: 0,
                                128: 0,
                                129: 0,
                                130: 0,
                                131: 0,
                                132: 0,
                                133: 0,
                                134: 0,
                                135: 0,
                                136: 0,
                                137: 0,
                                138: 0,
                                139: 0,
                                140: 0,
                                141: 0,
                                142: 0,
                                143: 0,
                                144: 0,
                                145: 0,
                                146: 0,
                                147: 0,
                                148: 0,
                                149: 0,
                                150: 0,
                            }
                            double avars:ty.timeSamples = {
                                1: 0,
                                2: 0,
                                3: 0,
                                4: 0,
                                5: 0,
                                6: 0,
                                7: 0,
                                8: 0,
                                9: 0,
                                10: -0.26,
                                11: -0.76,
                                12: -1,
                                13: -0.8618,
                                14: -0.5462,
                                15: -0.2442,
                                16: -0.0597,
                                17: 0,
                                18: 0,
                                19: 0,
                                20: 0,
                                21: 0,
                                22: 0,
                                23: 0,
                                24: 0,
                                25: 0,
                                26: 0,
                                27: 0,
                                28: 0,
                                29: 0,
                                30: 0,
                                31: 0,
                                32: -0.26,
                                33: -0.76,
                                34: -1,
                                35: -0.8618,
                                36: -0.5462,
                                37: -0.2442,
                                38: -0.0597,
                                39: 0,
                                40: 0,
                                41: 0,
                                42: 0,
                                43: 0,
                                44: 0,
                                45: 0,
                                46: 0,
                                47: 0,
                                48: 0,
                                49: 0,
                                50: 0,
                                51: 0,
                                52: 0,
                                53: 0,
                                54: 0,
                                55: 0,
                                56: 0,
                                57: 0,
                                58: 0,
                                59: 0,
                                60: 0,
                                61: 0,
                                62: 0,
                                63: 0,
                                64: 0,
                                65: 0,
                                66: 0,
                                67: 0,
                                68: 0,
                                69: 0,
                                70: 0,
                                71: 0,
                                72: 0,
                                73: 0,
                                74: 0,
                                75: 0,
                                76: 0,
                                77: 0,
                                78: 0,
                                79: 0,
                                80: 0,
                                81: 0,
                                82: 0,
                                83: 0,
                                84: 0,
                                85: 0,
                                86: 0,
                                87: 0,
                                88: 0,
                                89: 0,
                                90: 0,
                                91: 0,
                                92: 0,
                                93: 0,
                                94: 0,
                                95: -0.26,
                                96: -0.76,
                                97: -1,
                                98: -0.9038,
                                99: -0.6435,
                                100: -0.3717,
                                101: -0.172,
                                102: -0.04,
                                103: 0,
                                104: 0,
                                105: 0,
                                106: 0,
                                107: 0,
                                108: 0,
                                109: 0,
                                110: 0,
                                111: 0,
                                112: 0,
                                113: 0,
                                114: 0,
                                115: 0,
                                116: 0,
                                117: 0.55,
                                118: 1.1,
                                119: 1.0999,
                                120: 1.0992,
                                121: 1.0973,
                                122: 1.0936,
                                123: 1.0875,
                                124: 1.0784,
                                125: 1.0657,
                                126: 1.0488,
                                127: 1.0271,
                                128: 1,
                                129: 0.7274,
                                130: 0.2526,
                                131: 0,
                                132: 0,
                                133: 0,
                                134: 0,
                                135: 0,
                                136: 0,
                                137: 0,
                                138: 0,
                                139: 0,
                                140: 0,
                                141: 0,
                                142: 0,
                                143: 0,
                                144: 0,
                                145: -0.26,
                                146: -0.76,
                                147: -1,
                                148: -0.8618,
                                149: -0.5462,
                                150: -0.2442,
                            }
                        }

                        over "Eye_R_ctl"
                        {
                            double avars:rx.timeSamples = {
                                1: 0,
                                2: 0,
                                3: 0,
                                4: 0,
                                5: 0,
                                6: 0,
                                7: 0,
                                8: 0,
                                9: 0,
                                10: 0,
                                11: 0,
                                12: 0,
                                13: 0,
                                14: 0,
                                15: 0,
                                16: 0,
                                17: 0,
                                18: 0,
                                19: 0,
                                20: 0,
                                21: 0,
                                22: 0,
                                23: 0,
                                24: 0,
                                25: 0,
                                26: 0,
                                27: 0,
                                28: 0,
                                29: 0,
                                30: 0,
                                31: 0,
                                32: 0,
                                33: 0,
                                34: 0,
                                35: 0,
                                36: 0,
                                37: 0,
                                38: 0,
                                39: 0,
                                40: 0,
                                41: 0,
                                42: 0,
                                43: 0,
                                44: 0,
                                45: 0,
                                46: 0,
                                47: 0,
                                48: 0,
                                49: 0,
                                50: 0,
                                51: 0,
                                52: 0,
                                53: 0,
                                54: 0,
                                55: 0,
                                56: 0,
                                57: 0,
                                58: 0,
                                59: 0,
                                60: 0,
                                61: 0,
                                62: 0,
                                63: 0,
                                64: 0,
                                65: 0,
                                66: 0,
                                67: 0,
                                68: 0,
                                69: 0,
                                70: 0,
                                71: 0,
                                72: 0,
                                73: 0,
                                74: 0,
                                75: 0,
                                76: 0,
                                77: 0,
                                78: 0,
                                79: 0,
                                80: 0,
                                81: 0,
                                82: 0,
                                83: 0,
                                84: 0,
                                85: 0,
                                86: 0,
                                87: 0,
                                88: 0,
                                89: 0,
                                90: 0,
                                91: 0,
                                92: 0,
                                93: 0,
                                94: 0,
                                95: 0,
                                96: 0,
                                97: 0,
                                98: 0,
                                99: 0,
                                100: 0,
                                101: 0,
                                102: 0,
                                103: 0,
                                104: 0,
                                105: 0,
                                106: 0,
                                107: 0,
                                108: 0,
                                109: 0,
                                110: 0,
                                111: 0,
                                112: 0,
                                113: 0,
                                114: 0,
                                115: 0,
                                116: 0,
                                117: 0,
                                118: 0,
                                119: 0,
                                120: 0,
                                121: 0,
                                122: 0,
                                123: 0,
                                124: 0,
                                125: 0,
                                126: 0,
                                127: 0,
                                128: 0,
                                129: 0,
                                130: 0,
                                131: 0,
                                132: 0,
                                133: 0,
                                134: 0,
                                135: 0,
                                136: 0,
                                137: 0,
                                138: 0,
                                139: 0,
                                140: 0,
                                141: 0,
                                142: 0,
                                143: 0,
                                144: 0,
                                145: 0,
                                146: 0,
                                147: 0,
                                148: 0,
                                149: 0,
                                150: 0,
                            }
                            double avars:rz.timeSamples = {
                                1: 0,
                                2: 0,
                                3: 0,
                                4: 0,
                                5: 0,
                                6: 0,
                                7: 0,
                                8: 0,
                                9: 0,
                                10: 0,
                                11: 0,
                                12: 0,
                                13: 0,
                                14: 0,
                                15: 0,
                                16: 0,
                                17: 0,
                                18: 0,
                                19: 0,
                                20: 0,
                                21: 0,
                                22: 0,
                                23: 0,
                                24: 0,
                                25: 0,
                                26: 0,
                                27: 0,
                                28: 0,
                                29: 0,
                                30: 0,
                                31: 0,
                                32: 0,
                                33: 0,
                                34: 0,
                                35: 0,
                                36: 0,
                                37: 0,
                                38: 0,
                                39: 0,
                                40: 0,
                                41: 0,
                                42: 0,
                                43: 0,
                                44: 0,
                                45: 0,
                                46: 0,
                                47: 0,
                                48: 0,
                                49: 0,
                                50: 0,
                                51: 0,
                                52: 0,
                                53: 0,
                                54: 0,
                                55: 0,
                                56: 0,
                                57: 0,
                                58: 0,
                                59: 0,
                                60: 0,
                                61: 0,
                                62: 0,
                                63: 0,
                                64: 0,
                                65: 0,
                                66: 0,
                                67: 0,
                                68: 0,
                                69: 0,
                                70: 0,
                                71: 0,
                                72: 0,
                                73: 0,
                                74: 0,
                                75: 0,
                                76: 0,
                                77: 0,
                                78: 0,
                                79: 0,
                                80: 0,
                                81: 0,
                                82: 0,
                                83: 0,
                                84: 0,
                                85: 0,
                                86: 0,
                                87: 0,
                                88: 0,
                                89: 0,
                                90: 0,
                                91: 0,
                                92: 0,
                                93: 0,
                                94: 0,
                                95: 0,
                                96: 0,
                                97: 0,
                                98: 0,
                                99: 0,
                                100: 0,
                                101: 0,
                                102: 0,
                                103: 0,
                                104: 0,
                                105: 0,
                                106: 0,
                                107: 0,
                                108: 0,
                                109: 0,
                                110: 0,
                                111: 0,
                                112: 0,
                                113: 0,
                                114: 0,
                                115: 0,
                                116: 0,
                                117: 0,
                                118: 0,
                                119: 0,
                                120: 0,
                                121: 0,
                                122: 0,
                                123: 0,
                                124: 0,
                                125: 0,
                                126: 0,
                                127: 0,
                                128: 0,
                                129: 0,
                                130: 0,
                                131: 0,
                                132: 5.1852,
                                133: 14.8148,
                                134: 20,
                                135: 20,
                                136: 20,
                                137: 20,
                                138: 20,
                                139: 20,
                                140: 20,
                                141: 20,
                                142: 20,
                                143: 14.8148,
                                144: 5.1852,
                                145: 0,
                                146: 0,
                                147: 0,
                                148: 0,
                                149: 0,
                                150: 0,
                            }
                            double avars:tx.timeSamples = {
                                1: 0,
                                2: 0,
                                3: 0,
                                4: 0,
                                5: 0,
                                6: 0,
                                7: 0,
                                8: 0,
                                9: 0,
                                10: 0,
                                11: 0,
                                12: 0,
                                13: 0,
                                14: 0,
                                15: 0,
                                16: 0,
                                17: 0,
                                18: 0,
                                19: 0,
                                20: 0,
                                21: 0,
                                22: 0,
                                23: 0,
                                24: 0,
                                25: 0,
                                26: 0,
                                27: 0,
                                28: 0,
                                29: 0,
                                30: 0,
                                31: 0,
                                32: 0,
                                33: 0,
                                34: 0,
                                35: 0,
                                36: 0,
                                37: 0,
                                38: 0,
                                39: 0,
                                40: 0,
                                41: 0,
                                42: 0,
                                43: 0,
                                44: 0,
                                45: 0,
                                46: 0,
                                47: 0,
                                48: 0,
                                49: 0,
                                50: 0,
                                51: 0,
                                52: 0,
                                53: 0,
                                54: 0,
                                55: 0,
                                56: 0,
                                57: 0,
                                58: 0,
                                59: 0,
                                60: 0,
                                61: 0,
                                62: 0,
                                63: 0,
                                64: 0,
                                65: 0,
                                66: 0,
                                67: 0,
                                68: 0,
                                69: 0,
                                70: 0,
                                71: 0,
                                72: 0,
                                73: 0,
                                74: 0,
                                75: 0,
                                76: 0,
                                77: 0,
                                78: 0,
                                79: 0,
                                80: 0,
                                81: 0,
                                82: 0,
                                83: 0,
                                84: 0,
                                85: 0,
                                86: 0,
                                87: 0,
                                88: 0,
                                89: 0,
                                90: 0,
                                91: 0,
                                92: 0,
                                93: 0,
                                94: 0,
                                95: 0,
                                96: 0,
                                97: 0,
                                98: 0,
                                99: 0,
                                100: 0,
                                101: 0,
                                102: 0,
                                103: 0,
                                104: 0,
                                105: 0,
                                106: 0,
                                107: 0,
                                108: 0,
                                109: 0,
                                110: 0,
                                111: 0,
                                112: 0,
                                113: 0,
                                114: 0,
                                115: 0,
                                116: 0,
                                117: 0,
                                118: 0,
                                119: 0,
                                120: 0,
                                121: 0,
                                122: 0,
                                123: 0,
                                124: 0,
                                125: 0,
                                126: 0,
                                127: 0,
                                128: 0,
                                129: 0,
                                130: 0,
                                131: 0,
                                132: 0,
                                133: 0,
                                134: 0,
                                135: 0,
                                136: 0,
                                137: 0,
                                138: 0,
                                139: 0,
                                140: 0,
                                141: 0,
                                142: 0,
                                143: 0,
                                144: 0,
                                145: 0,
                                146: 0,
                                147: 0,
                                148: 0,
                                149: 0,
                                150: 0,
                            }
                            double avars:ty.timeSamples = {
                                1: 0,
                                2: 0,
                                3: 0,
                                4: 0,
                                5: 0,
                                6: 0,
                                7: 0,
                                8: 0,
                                9: 0,
                                10: -0.52,
                                11: -1,
                                12: -1,
                                13: -0.7236,
                                14: -0.3689,
                                15: -0.1195,
                                16: 0,
                                17: 0,
                                18: 0,
                                19: 0,
                                20: 0,
                                21: 0,
                                22: 0,
                                23: 0,
                                24: 0,
                                25: 0,
                                26: 0,
                                27: 0,
                                28: 0,
                                29: 0,
                                30: 0,
                                31: 0,
                                32: -0.52,
                                33: -1,
                                34: -1,
                                35: -0.7236,
                                36: -0.3689,
                                37: -0.1195,
                                38: 0,
                                39: 0,
                                40: 0,
                                41: 0,
                                42: 0,
                                43: 0,
                                44: 0,
                                45: 0,
                                46: 0,
                                47: 0,
                                48: 0,
                                49: 0,
                                50: 0,
                                51: 0,
                                52: 0,
                                53: 0,
                                54: 0,
                                55: 0,
                                56: 0,
                                57: 0,
                                58: 0,
                                59: 0,
                                60: 0,
                                61: 0,
                                62: 0,
                                63: 0,
                                64: 0,
                                65: 0,
                                66: 0,
                                67: 0,
                                68: 0,
                                69: 0,
                                70: 0,
                                71: 0,
                                72: 0,
                                73: 0,
                                74: 0,
                                75: 0,
                                76: 0,
                                77: 0,
                                78: 0,
                                79: 0,
                                80: 0,
                                81: 0,
                                82: 0,
                                83: 0,
                                84: 0,
                                85: 0,
                                86: 0,
                                87: 0,
                                88: 0,
                                89: 0,
                                90: 0,
                                91: 0,
                                92: 0,
                                93: 0,
                                94: 0,
                                95: -0.52,
                                96: -1,
                                97: -1,
                                98: -0.8075,
                                99: -0.4794,
                                100: -0.264,
                                101: -0.0799,
                                102: 0,
                                103: 0,
                                104: 0,
                                105: 0,
                                106: 0,
                                107: 0,
                                108: 0,
                                109: 0,
                                110: 0,
                                111: 0,
                                112: 0,
                                113: 0,
                                114: 0,
                                115: 0,
                                116: 0,
                                117: 0.55,
                                118: 1.1,
                                119: 1.0999,
                                120: 1.0992,
                                121: 1.0973,
                                122: 1.0936,
                                123: 1.0875,
                                124: 1.0784,
                                125: 1.0657,
                                126: 1.0488,
                                127: 1.0271,
                                128: 1,
                                129: 0.7274,
                                130: 0.2526,
                                131: 0,
                                132: 0,
                                133: 0,
                                134: 0,
                                135: 0,
                                136: 0,
                                137: 0,
                                138: 0,
                                139: 0,
                                140: 0,
                                141: 0,
                                142: 0,
                                143: 0,
                                144: 0,
                                145: -0.52,
                                146: -1,
                                147: -1,
                                148: -0.7236,
                                149: -0.3689,
                                150: -0.1195,
                            }
                        }

                        over "FaceAngle_ctl"
                        {
                            double avars:rx.timeSamples = {
                                1: 0,
                                2: 0,
                                3: 0,
                                4: 0,
                                5: 0,
                                6: 0,
                                7: 0,
                                8: 0,
                                9: 0,
                                10: 0,
                                11: 0,
                                12: 0,
                                13: 0,
                                14: 0,
                                15: 0,
                                16: 0,
                                17: 0,
                                18: 0,
                                19: 0,
                                20: 0,
                                21: 0,
                                22: 0,
                                23: 0,
                                24: 0,
                                25: 0,
                                26: 0,
                                27: 0,
                                28: 0,
                                29: 0,
                                30: 0,
                                31: 0,
                                32: 0,
                                33: 0,
                                34: 0,
                                35: 0,
                                36: 0,
                                37: 0,
                                38: 0,
                                39: 0,
                                40: 0,
                                41: 0,
                                42: 0,
                                43: 0,
                                44: 0,
                                45: 0,
                                46: 0,
                                47: 0,
                                48: 0,
                                49: 0,
                                50: 0,
                                51: 0,
                                52: 0,
                                53: 0,
                                54: 0,
                                55: 0,
                                56: 0,
                                57: 0,
                                58: 0,
                                59: 0,
                                60: 0,
                                61: 0,
                                62: 0,
                                63: -0.42,
                                64: -1.56,
                                65: -3.24,
                                66: -5.28,
                                67: -7.5,
                                68: -9.72,
                                69: -11.76,
                                70: -13.44,
                                71: -14.58,
                                72: -15,
                                73: -15,
                                74: -15,
                                75: -15,
                                76: -15,
                                77: -14.188,
                                78: -11.984,
                                79: -8.736,
                                80: -4.792,
                                81: -0.5,
                                82: 3.792,
                                83: 7.736,
                                84: 10.984,
                                85: 13.188,
                                86: 14,
                                87: 14,
                                88: 14,
                                89: 14,
                                90: 14,
                                91: 13.3984,
                                92: 11.8125,
                                93: 9.5703,
                                94: 7,
                                95: 4.4297,
                                96: 2.1875,
                                97: 0.6016,
                                98: 0,
                                99: 0,
                                100: 0,
                                101: 0,
                                102: 0,
                                103: 0,
                                104: 0,
                                105: 0,
                                106: 0,
                                107: 0,
                                108: 0,
                                109: 0,
                                110: 0,
                                111: 0,
                                112: 0,
                                113: 0,
                                114: 0,
                                115: 0,
                                116: 0,
                                117: 0,
                                118: 0,
                                119: 0,
                                120: 0,
                                121: 0,
                                122: 0,
                                123: 0,
                                124: 0,
                                125: 0,
                                126: 0,
                                127: 0,
                                128: 0,
                                129: 0,
                                130: 0,
                                131: 0,
                                132: 0,
                                133: 0,
                                134: 0,
                                135: 0,
                                136: 0,
                                137: 0,
                                138: 0,
                                139: 0,
                                140: 0,
                                141: 0,
                                142: 0,
                                143: 0,
                                144: 0,
                                145: 0,
                                146: 0,
                                147: 0,
                                148: 0,
                                149: 0,
                                150: 0,
                            }
                            double avars:ry.timeSamples = {
                                1: 0,
                                2: 0,
                                3: 0,
                                4: 0,
                                5: 0,
                                6: 0,
                                7: 0,
                                8: 0,
                                9: 0.4373,
                                10: 1.6618,
                                11: 3.5423,
                                12: 5.9475,
                                13: 8.7464,
                                14: 11.8076,
                                15: 15,
                                16: 18.1924,
                                17: 21.2536,
                                18: 24.0525,
                                19: 26.4577,
                                20: 28.3382,
                                21: 29.5627,
                                22: 30,
                                23: 30,
                                24: 30,
                                25: 30,
                                26: 30,
                                27: 30,
                                28: 30,
                                29: 29.465,
                                30: 27.9424,
                                31: 25.5556,
                                32: 22.428,
                                33: 18.6831,
                                34: 14.4444,
                                35: 9.8354,
                                36: 4.9794,
                                37: 0,
                                38: -4.9794,
                                39: -9.8354,
                                40: -14.4444,
                                41: -18.6831,
                                42: -22.428,
                                43: -25.5556,
                                44: -27.9424,
                                45: -29.465,
                                46: -30,
                                47: -30,
                                48: -30,
                                49: -30,
                                50: -30,
                                51: -30,
                                52: -30,
                                53: -29.16,
                                54: -26.88,
                                55: -23.52,
                                56: -19.44,
                                57: -15,
                                58: -10.56,
                                59: -6.48,
                                60: -3.12,
                                61: -0.84,
                                62: 0,
                                63: 0,
                                64: 0,
                                65: 0,
                                66: 0,
                                67: 0,
                                68: 0,
                                69: 0,
                                70: 0,
                                71: 0,
                                72: 0,
                                73: 0,
                                74: 0,
                                75: 0,
                                76: 0,
                                77: 0,
                                78: 0,
                                79: 0,
                                80: 0,
                                81: 0,
                                82: 0,
                                83: 0,
                                84: 0,
                                85: 0,
                                86: 0,
                                87: 0,
                                88: 0,
                                89: 0,
                                90: 0,
                                91: 0,
                                92: 0,
                                93: 0,
                                94: 0,
                                95: 0,
                                96: 0,
                                97: 0,
                                98: 0,
                                99: 0,
                                100: 0,
                                101: 0,
                                102: 0,
                                103: 0,
                                104: 0,
                                105: 0,
                                106: 0,
                                107: 0,
                                108: 0,
                                109: 0,
                                110: 0,
                                111: 0,
                                112: 0,
                                113: 0,
                                114: 0,
                                115: 0,
                                116: 0,
                                117: 0,
                                118: 0,
                                119: 0,
                                120: 0,
                                121: 0,
                                122: 0,
                                123: 0,
                                124: 0,
                                125: 0,
                                126: 0,
                                127: 0,
                                128: 0,
                                129: 0,
                                130: 0,
                                131: 0,
                                132: 0,
                                133: 0,
                                134: 0,
                                135: 0,
                                136: 0,
                                137: 0,
                                138: 0,
                                139: 0,
                                140: 0,
                                141: 0,
                                142: 0,
                                143: 0,
                                144: 0,
                                145: 0,
                                146: 0,
                                147: 0,
                                148: 0,
                                149: 0,
                                150: 0,
                            }
                        }

                        over "Fx_ctl"
                        {
                            double avars:tx.timeSamples = {
                                1: 0,
                                2: 0,
                                3: 0,
                                4: 0,
                                5: 0,
                                6: 0,
                                7: 0,
                                8: 0,
                                9: 0,
                                10: 0,
                                11: 0,
                                12: 0,
                                13: 0,
                                14: 0,
                                15: 0,
                                16: 0,
                                17: 0,
                                18: 0,
                                19: 0,
                                20: 0,
                                21: 0,
                                22: 0,
                                23: 0,
                                24: 0,
                                25: 0,
                                26: 0,
                                27: 0,
                                28: 0,
                                29: 0,
                                30: 0,
                                31: 0,
                                32: 0,
                                33: 0,
                                34: 0,
                                35: 0,
                                36: 0,
                                37: 0,
                                38: 0,
                                39: 0,
                                40: 0,
                                41: 0,
                                42: 0,
                                43: 0,
                                44: 0,
                                45: 0,
                                46: 0,
                                47: 0,
                                48: 0,
                                49: 0,
                                50: 0,
                                51: 0,
                                52: 0,
                                53: 0,
                                54: 0,
                                55: 0,
                                56: 0,
                                57: 0,
                                58: 0,
                                59: 0,
                                60: 0,
                                61: 0,
                                62: 0,
                                63: 0,
                                64: 0,
                                65: 0,
                                66: 0,
                                67: 0,
                                68: 0,
                                69: 0,
                                70: 0,
                                71: 0,
                                72: 0,
                                73: 0,
                                74: 0,
                                75: 0,
                                76: 0,
                                77: 0,
                                78: 0,
                                79: 0,
                                80: 0,
                                81: 0,
                                82: 0,
                                83: 0,
                                84: 0,
                                85: 0,
                                86: 0,
                                87: 0,
                                88: 0,
                                89: 0,
                                90: 0,
                                91: 0,
                                92: 0,
                                93: 0,
                                94: 0,
                                95: 0,
                                96: 0,
                                97: 0,
                                98: 0,
                                99: 0,
                                100: 0,
                                101: 0,
                                102: 0,
                                103: 0,
                                104: 0,
                                105: 0,
                                106: 0,
                                107: 0,
                                108: 0,
                                109: 0,
                                110: 0,
                                111: 0,
                                112: 0,
                                113: 0,
                                114: 0,
                                115: 0,
                                116: 0,
                                117: 0,
                                118: 0,
                                119: 0,
                                120: 0,
                                121: 0,
                                122: 0,
                                123: 0,
                                124: 0,
                                125: 0,
                                126: 0,
                                127: 0,
                                128: 0,
                                129: 0,
                                130: 0,
                                131: 0,
                                132: 0,
                                133: 0.2593,
                                134: 0.7407,
                                135: 1,
                                136: 1,
                                137: 1,
                                138: 1,
                                139: 1,
                                140: 1,
                                141: 1,
                                142: 1,
                                143: 1,
                                144: 1,
                                145: 1,
                                146: 0.9584,
                                147: 0.8592,
                                148: 0.7408,
                                149: 0.6416,
                                150: 0.6,
                            }
                            double avars:ty.timeSamples = {
                                1: 0,
                                2: 0,
                                3: 0,
                                4: 0,
                                5: 0,
                                6: 0,
                                7: 0,
                                8: 0,
                                9: 0,
                                10: 0,
                                11: 0,
                                12: 0,
                                13: 0,
                                14: 0,
                                15: 0,
                                16: 0,
                                17: 0,
                                18: 0,
                                19: 0,
                                20: 0,
                                21: 0,
                                22: 0,
                                23: 0,
                                24: 0,
                                25: 0,
                                26: 0,
                                27: 0,
                                28: 0,
                                29: 0,
                                30: 0,
                                31: 0,
                                32: 0,
                                33: 0,
                                34: 0,
                                35: 0,
                                36: 0,
                                37: 0,
                                38: 0,
                                39: 0,
                                40: 0,
                                41: 0,
                                42: 0,
                                43: 0,
                                44: 0,
                                45: 0,
                                46: 0,
                                47: 0,
                                48: 0,
                                49: 0,
                                50: 0,
                                51: 0,
                                52: 0,
                                53: 0,
                                54: 0,
                                55: 0,
                                56: 0,
                                57: 0,
                                58: 0,
                                59: 0,
                                60: 0,
                                61: 0,
                                62: 0,
                                63: 0,
                                64: 0,
                                65: 0,
                                66: 0,
                                67: 0,
                                68: 0,
                                69: 0,
                                70: 0,
                                71: 0,
                                72: 0,
                                73: 0,
                                74: 0,
                                75: 0,
                                76: 0,
                                77: 0,
                                78: 0,
                                79: 0,
                                80: 0,
                                81: 0,
                                82: 0,
                                83: 0,
                                84: 0,
                                85: 0,
                                86: 0,
                                87: 0,
                                88: 0,
                                89: 0,
                                90: 0,
                                91: 0,
                                92: 0,
                                93: 0,
                                94: 0,
                                95: 0,
                                96: 0,
                                97: 0,
                                98: 0,
                                99: 0,
                                100: 0,
                                101: 0,
                                102: 0,
                                103: 0,
                                104: 0,
                                105: 0,
                                106: 0,
                                107: 0,
                                108: 0,
                                109: 0,
                                110: 0,
                                111: 0,
                                112: 0,
                                113: 0,
                                114: 0,
                                115: 0,
                                116: 0,
                                117: 0,
                                118: 0.5,
                                119: 1,
                                120: 1,
                                121: 1,
                                122: 1,
                                123: 1,
                                124: 1,
                                125: 1,
                                126: 1,
                                127: 1,
                                128: 1,
                                129: 0.5,
                                130: 0,
                                131: 0,
                                132: 0,
                                133: 0,
                                134: 0,
                                135: 0,
                                136: 0,
                                137: 0,
                                138: 0,
                                139: 0,
                                140: 0,
                                141: 0,
                                142: 0,
                                143: 0,
                                144: 0,
                                145: 0,
                                146: 0,
                                147: 0,
                                148: 0,
                                149: 0,
                                150: 0,
                            }
                            double avars:tz.timeSamples = {
                                1: 0,
                                2: 0,
                                3: 0,
                                4: 0,
                                5: 0,
                                6: 0,
                                7: 0,
                                8: 0,
                                9: 0,
                                10: 0,
                                11: 0,
                                12: 0,
                                13: 0,
                                14: 0,
                                15: 0,
                                16: 0,
                                17: 0,
                                18: 0,
                                19: 0,
                                20: 0,
                                21: 0,
                                22: 0,
                                23: 0,
                                24: 0,
                                25: 0,
                                26: 0,
                                27: 0,
                                28: 0,
                                29: 0,
                                30: 0,
                                31: 0,
                                32: 0,
                                33: 0,
                                34: 0,
                                35: 0,
                                36: 0,
                                37: 0,
                                38: 0,
                                39: 0,
                                40: 0,
                                41: 0,
                                42: 0,
                                43: 0,
                                44: 0,
                                45: 0,
                                46: 0,
                                47: 0,
                                48: 0,
                                49: 0,
                                50: 0,
                                51: 0,
                                52: 0,
                                53: 0,
                                54: 0,
                                55: 0,
                                56: 0,
                                57: 0,
                                58: 0,
                                59: 0,
                                60: 0,
                                61: 0,
                                62: 0,
                                63: 0,
                                64: 0,
                                65: 0,
                                66: 0,
                                67: 0,
                                68: 0,
                                69: 0,
                                70: 0,
                                71: 0,
                                72: 0,
                                73: 0,
                                74: 0,
                                75: 0,
                                76: 0,
                                77: 0,
                                78: 0,
                                79: 0,
                                80: 0,
                                81: 0,
                                82: 0,
                                83: 0,
                                84: 0,
                                85: 0,
                                86: 0,
                                87: 0,
                                88: 0,
                                89: 0,
                                90: 0,
                                91: 0,
                                92: 0,
                                93: 0,
                                94: 0,
                                95: 0,
                                96: 0,
                                97: 0,
                                98: 0,
                                99: 0,
                                100: 0,
                                101: 0,
                                102: 0,
                                103: 0,
                                104: 0,
                                105: 0,
                                106: 0,
                                107: 0,
                                108: 0,
                                109: 0,
                                110: 0,
                                111: 0,
                                112: 0,
                                113: 0,
                                114: 0,
                                115: 0,
                                116: 0,
                                117: 0,
                                118: 0,
                                119: 0.2273,
                                120: 0.5,
                                121: 0.589,
                                122: 0.6731,
                                123: 0.7508,
                                124: 0.8207,
                                125: 0.8813,
                                126: 0.931,
                                127: 0.9683,
                                128: 0.9918,
                                129: 1,
                                130: 0.5,
                                131: 0,
                                132: 0,
                                133: 0,
                                134: 0,
                                135: 0,
                                136: 0,
                                137: 0,
                                138: 0,
                                139: 0,
                                140: 0,
                                141: 0,
                                142: 0,
                                143: 0,
                                144: 0,
                                145: 0,
                                146: 0,
                                147: 0,
                                148: 0,
                                149: 0,
                                150: 0,
                            }
                        }

                        over "Look_ctl"
                        {
                            double avars:tx.timeSamples = {
                                1: 0,
                                2: 0,
                                3: 0,
                                4: 0,
                                5: 0,
                                6: 0,
                                7: 0,
                                8: 0,
                                9: 0.4,
                                10: 0.8,
                                11: 0.7989,
                                12: 0.7957,
                                13: 0.7908,
                                14: 0.7844,
                                15: 0.7768,
                                16: 0.7684,
                                17: 0.7593,
                                18: 0.75,
                                19: 0.7407,
                                20: 0.7316,
                                21: 0.7232,
                                22: 0.7156,
                                23: 0.7092,
                                24: 0.7043,
                                25: 0.7011,
                                26: 0.7,
                                27: 0.7,
                                28: 0.7,
                                29: 0.7,
                                30: 0.7,
                                31: -0.05,
                                32: -0.8,
                                33: -0.7991,
                                34: -0.7966,
                                35: -0.7926,
                                36: -0.7874,
                                37: -0.7811,
                                38: -0.7741,
                                39: -0.7664,
                                40: -0.7583,
                                41: -0.75,
                                42: -0.7417,
                                43: -0.7336,
                                44: -0.7259,
                                45: -0.7189,
                                46: -0.7126,
                                47: -0.7074,
                                48: -0.7034,
                                49: -0.7009,
                                50: -0.7,
                                51: -0.7,
                                52: -0.7,
                                53: -0.7,
                                54: -0.7,
                                55: -0.5185,
                                56: -0.1815,
                                57: 0,
                                58: 0,
                                59: 0,
                                60: 0,
                                61: 0,
                                62: 0,
                                63: 0,
                                64: 0,
                                65: 0,
                                66: 0,
                                67: 0,
                                68: 0,
                                69: 0,
                                70: 0,
                                71: 0,
                                72: 0,
                                73: 0,
                                74: 0,
                                75: 0,
                                76: 0,
                                77: 0,
                                78: 0,
                                79: 0,
                                80: 0,
                                81: 0,
                                82: 0,
                                83: 0,
                                84: 0,
                                85: 0,
                                86: 0,
                                87: 0,
                                88: 0,
                                89: 0,
                                90: 0,
                                91: 0,
                                92: 0,
                                93: 0,
                                94: 0,
                                95: 0,
                                96: 0,
                                97: 0,
                                98: 0,
                                99: 0.5,
                                100: 1,
                                101: 1,
                                102: 1,
                                103: 1,
                                104: 0,
                                105: -1,
                                106: -1,
                                107: -1,
                                108: -1,
                                109: -0.5,
                                110: 0,
                                111: 0,
                                112: 0,
                                113: 0,
                                114: 0,
                                115: 0,
                                116: 0,
                                117: 0,
                                118: 0,
                                119: 0,
                                120: 0,
                                121: 0,
                                122: 0,
                                123: 0,
                                124: 0,
                                125: 0,
                                126: 0,
                                127: 0,
                                128: 0,
                                129: 0,
                                130: 0,
                                131: 0,
                                132: 0,
                                133: 0,
                                134: 0,
                                135: 0,
                                136: 0,
                                137: 0,
                                138: 0,
                                139: 0,
                                140: 0,
                                141: 0,
                                142: 0,
                                143: 0,
                                144: 0,
                                145: 0,
                                146: 0,
                                147: 0,
                                148: 0,
                                149: 0,
                                150: 0,
                            }
                            double avars:ty.timeSamples = {
                                1: 0,
                                2: 0,
                                3: 0,
                                4: 0,
                                5: 0,
                                6: 0,
                                7: 0,
                                8: 0,
                                9: 0,
                                10: 0,
                                11: 0,
                                12: 0,
                                13: 0,
                                14: 0,
                                15: 0,
                                16: 0,
                                17: 0,
                                18: 0,
                                19: 0,
                                20: 0,
                                21: 0,
                                22: 0,
                                23: 0,
                                24: 0,
                                25: 0,
                                26: 0,
                                27: 0,
                                28: 0,
                                29: 0,
                                30: 0,
                                31: 0,
                                32: 0,
                                33: 0,
                                34: 0,
                                35: 0,
                                36: 0,
                                37: 0,
                                38: 0,
                                39: 0,
                                40: 0,
                                41: 0,
                                42: 0,
                                43: 0,
                                44: 0,
                                45: 0,
                                46: 0,
                                47: 0,
                                48: 0,
                                49: 0,
                                50: 0,
                                51: 0,
                                52: 0,
                                53: 0,
                                54: 0,
                                55: 0,
                                56: 0,
                                57: 0,
                                58: 0,
                                59: 0,
                                60: 0,
                                61: 0,
                                62: 0,
                                63: -0.25,
                                64: -0.5,
                                65: -0.5,
                                66: -0.5,
                                67: -0.5,
                                68: -0.5,
                                69: -0.5,
                                70: -0.5,
                                71: -0.5,
                                72: -0.5,
                                73: -0.5,
                                74: -0.5,
                                75: -0.5,
                                76: -0.5,
                                77: 0.1,
                                78: 0.7,
                                79: 0.6999,
                                80: 0.6995,
                                81: 0.6984,
                                82: 0.6963,
                                83: 0.6928,
                                84: 0.6875,
                                85: 0.6802,
                                86: 0.6704,
                                87: 0.6578,
                                88: 0.6421,
                                89: 0.623,
                                90: 0.6,
                                91: 0.4333,
                                92: 0.15,
                                93: 0,
                                94: 0,
                                95: 0,
                                96: 0,
                                97: 0,
                                98: 0,
                                99: 0,
                                100: 0,
                                101: 0,
                                102: 0,
                                103: 0,
                                104: 0,
                                105: 0,
                                106: 0,
                                107: 0,
                                108: 0,
                                109: 0,
                                110: 0,
                                111: 0,
                                112: 0,
                                113: 0,
                                114: 0,
                                115: 0,
                                116: 0,
                                117: 0,
                                118: 0,
                                119: 0,
                                120: 0,
                                121: 0,
                                122: 0,
                                123: 0,
                                124: 0,
                                125: 0,
                                126: 0,
                                127: 0,
                                128: 0,
                                129: 0,
                                130: 0,
                                131: 0,
                                132: 0,
                                133: 0,
                                134: 0,
                                135: 0,
                                136: 0,
                                137: 0,
                                138: 0,
                                139: 0,
                                140: 0,
                                141: 0,
                                142: 0,
                                143: 0,
                                144: 0,
                                145: 0,
                                146: 0,
                                147: 0,
                                148: 0,
                                149: 0,
                                150: 0,
                            }
                            double avars:tz.timeSamples = {
                                1: 0,
                                2: 0,
                                3: 0,
                                4: 0,
                                5: 0,
                                6: 0,
                                7: 0,
                                8: 0,
                                9: 0,
                                10: 0,
                                11: 0,
                                12: 0,
                                13: 0,
                                14: 0,
                                15: 0,
                                16: 0,
                                17: 0,
                                18: 0,
                                19: 0,
                                20: 0,
                                21: 0,
                                22: 0,
                                23: 0,
                                24: 0,
                                25: 0,
                                26: 0,
                                27: 0,
                                28: 0,
                                29: 0,
                                30: 0,
                                31: 0,
                                32: 0,
                                33: 0,
                                34: 0,
                                35: 0,
                                36: 0,
                                37: 0,
                                38: 0,
                                39: 0,
                                40: 0,
                                41: 0,
                                42: 0,
                                43: 0,
                                44: 0,
                                45: 0,
                                46: 0,
                                47: 0,
                                48: 0,
                                49: 0,
                                50: 0,
                                51: 0,
                                52: 0,
                                53: 0,
                                54: 0,
                                55: 0,
                                56: 0,
                                57: 0,
                                58: 0,
                                59: 0,
                                60: 0,
                                61: 0,
                                62: 0,
                                63: 0,
                                64: 0,
                                65: 0,
                                66: 0,
                                67: 0,
                                68: 0,
                                69: 0,
                                70: 0,
                                71: 0,
                                72: 0,
                                73: 0,
                                74: 0,
                                75: 0,
                                76: 0,
                                77: 0,
                                78: 0,
                                79: 0,
                                80: 0,
                                81: 0,
                                82: 0,
                                83: 0,
                                84: 0,
                                85: 0,
                                86: 0,
                                87: 0,
                                88: 0,
                                89: 0,
                                90: 0,
                                91: 0,
                                92: 0,
                                93: 0,
                                94: 0,
                                95: 0,
                                96: 0,
                                97: 0,
                                98: 0,
                                99: 0,
                                100: 0,
                                101: 0,
                                102: 0,
                                103: 0,
                                104: 0,
                                105: 0,
                                106: 0,
                                107: 0,
                                108: 0,
                                109: 0,
                                110: 0,
                                111: 0,
                                112: 0,
                                113: 0,
                                114: 0,
                                115: 0,
                                116: 0,
                                117: 0.425,
                                118: 0.85,
                                119: 0.85,
                                120: 0.85,
                                121: 0.85,
                                122: 0.85,
                                123: 0.85,
                                124: 0.85,
                                125: 0.85,
                                126: 0.85,
                                127: 0.85,
                                128: 0.85,
                                129: 0.6296,
                                130: 0.2204,
                                131: 0,
                                132: 0,
                                133: 0,
                                134: 0,
                                135: 0,
                                136: 0,
                                137: 0,
                                138: 0,
                                139: 0,
                                140: 0,
                                141: 0,
                                142: 0,
                                143: 0,
                                144: 0,
                                145: 0,
                                146: 0,
                                147: 0,
                                148: 0,
                                149: 0,
                                150: 0,
                            }
                        }

                        over "Mouth_ctl"
                        {
                            double avars:rx.timeSamples = {
                                1: 0,
                                2: 0,
                                3: 0,
                                4: 0,
                                5: 0,
                                6: 0,
                                7: 0,
                                8: 0,
                                9: 0,
                                10: 0,
                                11: 0,
                                12: 0,
                                13: 0,
                                14: 0,
                                15: 0,
                                16: 0,
                                17: 0,
                                18: 0,
                                19: 0,
                                20: 0,
                                21: 0,
                                22: 0,
                                23: 0,
                                24: 0,
                                25: 0,
                                26: 0,
                                27: 0,
                                28: 0,
                                29: 0,
                                30: 0,
                                31: 0,
                                32: 0,
                                33: 0,
                                34: 0,
                                35: 0,
                                36: 0,
                                37: 0,
                                38: 0,
                                39: 0,
                                40: 0,
                                41: 0,
                                42: 0,
                                43: 0,
                                44: 0,
                                45: 0,
                                46: 0,
                                47: 0,
                                48: 0,
                                49: 0,
                                50: 0,
                                51: 0,
                                52: 0,
                                53: 0,
                                54: 0,
                                55: 0,
                                56: 0,
                                57: 0,
                                58: 0,
                                59: 0,
                                60: 0,
                                61: 0,
                                62: 0,
                                63: 0,
                                64: 0,
                                65: 0,
                                66: 0,
                                67: 0,
                                68: 0,
                                69: 0,
                                70: 0,
                                71: 0,
                                72: 0,
                                73: 0,
                                74: 0,
                                75: 0,
                                76: 0,
                                77: 0,
                                78: 0,
                                79: 0,
                                80: 0,
                                81: 0,
                                82: 0,
                                83: 0,
                                84: 0,
                                85: 0,
                                86: 0,
                                87: 0,
                                88: 0,
                                89: 0,
                                90: 0,
                                91: 0,
                                92: 0,
                                93: 0,
                                94: 0,
                                95: 0,
                                96: 0,
                                97: 0,
                                98: 0,
                                99: 0,
                                100: 0,
                                101: 7.7778,
                                102: 22.2222,
                                103: 30,
                                104: 22.2222,
                                105: 7.7778,
                                106: 0,
                                107: 0,
                                108: 0,
                                109: 0,
                                110: 5.4444,
                                111: 15.5556,
                                112: 21,
                                113: 21,
                                114: 21,
                                115: 21,
                                116: 10.5,
                                117: 0,
                                118: 0,
                                119: 0,
                                120: 0,
                                121: 0,
                                122: 0,
                                123: 0,
                                124: 0,
                                125: 0,
                                126: 0,
                                127: 0,
                                128: 0,
                                129: 0,
                                130: 0,
                                131: 0,
                                132: 7.7778,
                                133: 22.2222,
                                134: 30,
                                135: 30,
                                136: 30,
                                137: 30,
                                138: 30,
                                139: 30,
                                140: 30,
                                141: 30,
                                142: 30,
                                143: 22.2222,
                                144: 7.7778,
                                145: 0,
                                146: 0,
                                147: 0,
                                148: 0,
                                149: 0,
                                150: 0,
                            }
                            double avars:ry.timeSamples = {
                                1: 0,
                                2: 0,
                                3: 0,
                                4: 0,
                                5: 0,
                                6: 0,
                                7: 0,
                                8: 0,
                                9: 0,
                                10: 0,
                                11: 0,
                                12: 0,
                                13: 0,
                                14: 0,
                                15: 0,
                                16: 0,
                                17: 0,
                                18: 0,
                                19: 0,
                                20: 0,
                                21: 0,
                                22: 0,
                                23: 0,
                                24: 0,
                                25: 0,
                                26: 0,
                                27: 0,
                                28: 0,
                                29: 0,
                                30: 0,
                                31: 0,
                                32: 0,
                                33: 0,
                                34: 0,
                                35: 0,
                                36: 0,
                                37: 0,
                                38: 0,
                                39: 0,
                                40: 0,
                                41: 0,
                                42: 0,
                                43: 0,
                                44: 0,
                                45: 0,
                                46: 0,
                                47: 0,
                                48: 0,
                                49: 0,
                                50: 0,
                                51: 0,
                                52: 0,
                                53: 0,
                                54: 0,
                                55: 0,
                                56: 0,
                                57: 0,
                                58: 0,
                                59: 0,
                                60: 0,
                                61: 0,
                                62: 0,
                                63: 0,
                                64: 0,
                                65: 0,
                                66: 0,
                                67: 0,
                                68: 0,
                                69: 0,
                                70: 0,
                                71: 0,
                                72: 0,
                                73: 0,
                                74: 0,
                                75: 0,
                                76: 0,
                                77: 0,
                                78: 0,
                                79: 0,
                                80: 0,
                                81: 0,
                                82: 0,
                                83: 0,
                                84: 0,
                                85: 0,
                                86: 0,
                                87: 0,
                                88: 0,
                                89: 0,
                                90: 0,
                                91: 0,
                                92: 0,
                                93: 0,
                                94: 0,
                                95: 0,
                                96: 0,
                                97: 0,
                                98: 0,
                                99: 0,
                                100: 0,
                                101: 0,
                                102: 0,
                                103: 0,
                                104: 7.7778,
                                105: 22.2222,
                                106: 30,
                                107: 14.4444,
                                108: -14.4444,
                                109: -30,
                                110: -16.7778,
                                111: 7.7778,
                                112: 21,
                                113: 10.1111,
                                114: -10.1111,
                                115: -21,
                                116: -10.5,
                                117: 0,
                                118: 0,
                                119: 0,
                                120: 0,
                                121: 0,
                                122: 0,
                                123: 0,
                                124: 0,
                                125: 0,
                                126: 0,
                                127: 0,
                                128: 0,
                                129: 0,
                                130: 0,
                                131: 0,
                                132: 0,
                                133: 0,
                                134: 0,
                                135: 0,
                                136: 0,
                                137: 0,
                                138: 0,
                                139: 0,
                                140: 0,
                                141: 0,
                                142: 0,
                                143: 0,
                                144: 0,
                                145: 0,
                                146: 0,
                                147: 0,
                                148: 0,
                                149: 0,
                                150: 0,
                            }
                            double avars:rz.timeSamples = {
                                1: 0,
                                2: 0,
                                3: 0,
                                4: 0,
                                5: 0,
                                6: 0,
                                7: 0,
                                8: 0,
                                9: 0,
                                10: 0,
                                11: 0,
                                12: 0,
                                13: 0,
                                14: 0,
                                15: 0,
                                16: 0,
                                17: 0,
                                18: 0,
                                19: 0,
                                20: 0,
                                21: 0,
                                22: 0,
                                23: 0,
                                24: 0,
                                25: 0,
                                26: 0,
                                27: 0,
                                28: 0,
                                29: 0,
                                30: 0,
                                31: 0,
                                32: 0,
                                33: 0,
                                34: 0,
                                35: 0,
                                36: 0,
                                37: 0,
                                38: 0,
                                39: 0,
                                40: 0,
                                41: 0,
                                42: 0,
                                43: 0,
                                44: 0,
                                45: 0,
                                46: 0,
                                47: 0,
                                48: 0,
                                49: 0,
                                50: 0,
                                51: 0,
                                52: 0,
                                53: 0,
                                54: 0,
                                55: 0,
                                56: 0,
                                57: 0,
                                58: 0,
                                59: 0,
                                60: 0,
                                61: 0,
                                62: 0,
                                63: 0,
                                64: 0,
                                65: 0,
                                66: 0,
                                67: 0,
                                68: 0,
                                69: 0,
                                70: 0,
                                71: 0,
                                72: 0,
                                73: 0,
                                74: 0,
                                75: 0,
                                76: 0,
                                77: 0,
                                78: 0,
                                79: 0,
                                80: 0,
                                81: 0,
                                82: 0,
                                83: 0,
                                84: 0,
                                85: 0,
                                86: 0,
                                87: 0,
                                88: 0,
                                89: 0,
                                90: 0,
                                91: 0,
                                92: 0,
                                93: 0,
                                94: 0,
                                95: 0,
                                96: 0,
                                97: 0,
                                98: 0,
                                99: 0,
                                100: 0,
                                101: 0,
                                102: 0,
                                103: 0,
                                104: 0,
                                105: 0,
                                106: 0,
                                107: 0,
                                108: 0,
                                109: 0,
                                110: 0,
                                111: 0,
                                112: 0,
                                113: 0,
                                114: 0,
                                115: 0,
                                116: 0,
                                117: 0,
                                118: 0,
                                119: 0,
                                120: 0,
                                121: 0,
                                122: 0,
                                123: 0,
                                124: 0,
                                125: 0,
                                126: 0,
                                127: 0,
                                128: 0,
                                129: 0,
                                130: 0,
                                131: 0,
                                132: 5.1852,
                                133: 14.8148,
                                134: 20,
                                135: 20,
                                136: 20,
                                137: 20,
                                138: 20,
                                139: 20,
                                140: 20,
                                141: 20,
                                142: 20,
                                143: 14.8148,
                                144: 5.1852,
                                145: 0,
                                146: 0,
                                147: 0,
                                148: 0,
                                149: 0,
                                150: 0,
                            }
                            double avars:tx.timeSamples = {
                                1: 0,
                                2: 0,
                                3: 0,
                                4: 0,
                                5: 0,
                                6: 0,
                                7: 0,
                                8: 0,
                                9: 0,
                                10: 0,
                                11: 0,
                                12: 0,
                                13: 0,
                                14: 0,
                                15: 0,
                                16: 0,
                                17: 0,
                                18: 0,
                                19: 0,
                                20: 0,
                                21: 0,
                                22: 0,
                                23: 0,
                                24: 0,
                                25: 0,
                                26: 0,
                                27: 0,
                                28: 0,
                                29: 0,
                                30: 0,
                                31: 0,
                                32: 0,
                                33: 0,
                                34: 0,
                                35: 0,
                                36: 0,
                                37: 0,
                                38: 0,
                                39: 0,
                                40: 0,
                                41: 0,
                                42: 0,
                                43: 0,
                                44: 0,
                                45: 0,
                                46: 0,
                                47: 0,
                                48: 0,
                                49: 0,
                                50: 0,
                                51: 0,
                                52: 0,
                                53: 0,
                                54: 0,
                                55: 0,
                                56: 0,
                                57: 0,
                                58: 0,
                                59: 0,
                                60: 0,
                                61: 0,
                                62: 0,
                                63: 0,
                                64: 0,
                                65: 0,
                                66: 0,
                                67: 0,
                                68: 0,
                                69: 0,
                                70: 0,
                                71: 0,
                                72: 0,
                                73: 0,
                                74: 0,
                                75: 0,
                                76: 0,
                                77: 0,
                                78: 0,
                                79: 0,
                                80: 0,
                                81: 0,
                                82: 0,
                                83: 0,
                                84: 0,
                                85: 0,
                                86: 0,
                                87: 0,
                                88: 0,
                                89: 0,
                                90: 0,
                                91: 0,
                                92: 0,
                                93: 0,
                                94: 0,
                                95: 0,
                                96: 0,
                                97: 0,
                                98: 0,
                                99: 0,
                                100: 0,
                                101: 0,
                                102: 0,
                                103: 0,
                                104: 0,
                                105: 0,
                                106: 0,
                                107: 0,
                                108: 0,
                                109: 0,
                                110: 0,
                                111: 0,
                                112: 0,
                                113: 0,
                                114: 0,
                                115: 0,
                                116: 0,
                                117: 0,
                                118: 0,
                                119: 0,
                                120: 0,
                                121: 0,
                                122: 0,
                                123: 0,
                                124: 0,
                                125: 0,
                                126: 0,
                                127: 0,
                                128: 0,
                                129: 0,
                                130: 0,
                                131: 0,
                                132: 0,
                                133: 0,
                                134: 0,
                                135: 0,
                                136: 0,
                                137: 0,
                                138: 0,
                                139: 0,
                                140: 0,
                                141: 0,
                                142: 0,
                                143: 0,
                                144: 0,
                                145: 0,
                                146: 0,
                                147: 0,
                                148: 0,
                                149: 0,
                                150: 0,
                            }
                            double avars:ty.timeSamples = {
                                1: 0,
                                2: 0,
                                3: 0,
                                4: 0,
                                5: 0,
                                6: 0,
                                7: 0,
                                8: 0,
                                9: 0,
                                10: 0,
                                11: 0,
                                12: 0,
                                13: 0,
                                14: 0,
                                15: 0,
                                16: 0,
                                17: 0,
                                18: 0,
                                19: 0,
                                20: 0,
                                21: 0,
                                22: 0,
                                23: 0,
                                24: 0,
                                25: 0,
                                26: 0,
                                27: 0,
                                28: 0,
                                29: 0,
                                30: 0,
                                31: 0,
                                32: 0,
                                33: 0,
                                34: 0,
                                35: 0,
                                36: 0,
                                37: 0,
                                38: 0,
                                39: 0,
                                40: 0,
                                41: 0,
                                42: 0,
                                43: 0,
                                44: 0,
                                45: 0,
                                46: 0,
                                47: 0,
                                48: 0,
                                49: 0,
                                50: 0,
                                51: 0,
                                52: 0,
                                53: 0,
                                54: 0,
                                55: 0,
                                56: 0,
                                57: 0,
                                58: 0,
                                59: 0,
                                60: 0,
                                61: 0,
                                62: 0,
                                63: 0,
                                64: 0,
                                65: 0,
                                66: 0,
                                67: 0,
                                68: 0,
                                69: 0,
                                70: 0,
                                71: 0,
                                72: 0,
                                73: 0,
                                74: 0,
                                75: 0,
                                76: 0,
                                77: 0,
                                78: 0,
                                79: 0,
                                80: 0,
                                81: 0,
                                82: 0,
                                83: 0,
                                84: 0,
                                85: 0,
                                86: 0,
                                87: 0,
                                88: 0,
                                89: 0,
                                90: 0,
                                91: 0,
                                92: 0,
                                93: 0,
                                94: 0,
                                95: 0,
                                96: 0,
                                97: 0,
                                98: 0,
                                99: 0,
                                100: 0,
                                101: 0,
                                102: 0,
                                103: 0,
                                104: 0,
                                105: 0,
                                106: 0,
                                107: 0,
                                108: 0,
                                109: 0,
                                110: 0,
                                111: 0,
                                112: 0,
                                113: 0,
                                114: 0,
                                115: 0,
                                116: 0,
                                117: -0.5,
                                118: -1,
                                119: -1,
                                120: -1,
                                121: -1,
                                122: -1,
                                123: -1,
                                124: -1,
                                125: -1,
                                126: -1,
                                127: -1,
                                128: -1,
                                129: -0.7407,
                                130: -0.2593,
                                131: 0,
                                132: 0,
                                133: 0,
                                134: 0,
                                135: 0,
                                136: 0,
                                137: 0,
                                138: 0,
                                139: 0,
                                140: 0,
                                141: 0,
                                142: 0,
                                143: 0,
                                144: 0,
                                145: 0,
                                146: 0,
                                147: 0,
                                148: 0,
                                149: 0,
                                150: 0,
                            }
                        }

                        over "Earring_0_ctl"
                        {
                            double avars:rz.timeSamples = {
                                1: 0.085,
                                2: 0.0905,
                                3: 0.0948,
                                4: 0.0978,
                                5: 0.0992,
                                6: 0.0991,
                                7: 0.0852,
                                8: 0.0195,
                                9: -0.0445,
                                10: -0.0236,
                                11: 0.135,
                                12: 0.4751,
                                13: 1.0107,
                                14: 1.7414,
                                15: 2.6321,
                                16: 3.6252,
                                17: 4.6442,
                                18: 5.6033,
                                19: 6.4181,
                                20: 7.0171,
                                21: 7.3521,
                                22: 7.4048,
                                23: 7.2753,
                                24: 7.0835,
                                25: 6.8841,
                                26: 6.7195,
                                27: 6.605,
                                28: 6.5541,
                                29: 6.4552,
                                30: 6.2317,
                                31: 5.9049,
                                32: 5.5056,
                                33: 5.068,
                                34: 4.5916,
                                35: 4.0642,
                                36: 3.4493,
                                37: 2.6984,
                                38: 1.7611,
                                39: 0.5977,
                                40: -0.8093,
                                41: -2.4473,
                                42: -4.2679,
                                43: -6.1886,
                                44: -8.0981,
                                45: -9.8327,
                                46: -11.141,
                                47: -11.8772,
                                48: -12.0253,
                                49: -11.6267,
                                50: -10.7992,
                                51: -9.7346,
                                52: -8.7604,
                                53: -7.9701,
                                54: -7.3017,
                                55: -6.6661,
                                56: -5.947,
                                57: -5.0731,
                                58: -3.9972,
                                59: -2.7534,
                                60: -1.4304,
                                61: -0.1877,
                                62: 0.7265,
                                63: 1.1255,
                                64: 1.0031,
                                65: 0.433,
                                66: -0.4561,
                                67: -1.5419,
                                68: -2.6939,
                                69: -3.7992,
                                70: -4.76,
                                71: -5.4971,
                                72: -5.9488,
                                73: -6.0725,
                                74: -5.8848,
                                75: -5.4077,
                                76: -4.6599,
                                77: -3.6551,
                                78: -2.4342,
                                79: -1.0673,
                                80: 0.3572,
                                81: 1.7409,
                                82: 2.9837,
                                83: 3.9935,
                                84: 4.695,
                                85: 5.0463,
                                86: 5.057,
                                87: 4.8288,
                                88: 4.492,
                                89: 4.1111,
                                90: 3.7155,
                                91: 3.3077,
                                92: 2.9073,
                                93: 2.5354,
                                94: 2.2073,
                                95: 1.9306,
                                96: 1.7106,
                                97: 1.551,
                                98: 1.4511,
                                99: 1.3121,
                                100: 1.0508,
                                101: 0.6873,
                                102: 0.2653,
                                103: -0.1481,
                                104: -0.5037,
                                105: -0.7549,
                                106: -0.8762,
                                107: -0.8619,
                                108: -0.7253,
                                109: -0.495,
                                110: -0.21,
                                111: 0.0866,
                                112: 0.3541,
                                113: 0.5592,
                                114: 0.6797,
                                115: 0.7073,
                                116: 0.6465,
                                117: 0.5138,
                                118: 0.3338,
                                119: 0.1353,
                                120: -0.0528,
                                121: -0.2057,
                                122: -0.3054,
                                123: -0.343,
                                124: -0.3187,
                                125: -0.241,
                                126: -0.1252,
                                127: 0.0097,
                                128: 0.1437,
                                129: 0.2586,
                                130: 0.3404,
                                131: 0.3808,
                                132: 0.3776,
                                133: 0.3351,
                                134: 0.2621,
                                135: 0.1711,
                                136: 0.0756,
                                137: -0.0113,
                                138: -0.0789,
                                139: -0.12,
                                140: -0.1318,
                                141: -0.1157,
                                142: -0.0768,
                                143: -0.0228,
                                144: 0.0372,
                                145: 0.0938,
                                146: 0.1393,
                                147: 0.1678,
                                148: 0.1764,
                                149: 0.165,
                                150: 0.1364,
                            }

                            over "Earring_1_ctl"
                            {
                                double avars:rz.timeSamples = {
                                    1: 0.1983,
                                    2: 0.2111,
                                    3: 0.2212,
                                    4: 0.2281,
                                    5: 0.2314,
                                    6: 0.2312,
                                    7: 0.2113,
                                    8: 0.1214,
                                    9: -0.0805,
                                    10: -0.3673,
                                    11: -0.6592,
                                    12: -0.8765,
                                    13: -0.9583,
                                    14: -0.8617,
                                    15: -0.5718,
                                    16: -0.1129,
                                    17: 0.4546,
                                    18: 1.0474,
                                    19: 1.5765,
                                    20: 1.9642,
                                    21: 2.1615,
                                    22: 2.1613,
                                    23: 1.9924,
                                    24: 1.7013,
                                    25: 1.3365,
                                    26: 0.9385,
                                    27: 0.5404,
                                    28: 0.1776,
                                    29: -0.1041,
                                    30: -0.2476,
                                    31: -0.194,
                                    32: 0.1022,
                                    33: 0.6487,
                                    34: 1.3931,
                                    35: 2.2299,
                                    36: 3.0254,
                                    37: 3.6393,
                                    38: 3.9427,
                                    39: 3.8364,
                                    40: 3.2656,
                                    41: 2.229,
                                    42: 0.7809,
                                    43: -0.9742,
                                    44: -2.8946,
                                    45: -4.7744,
                                    46: -6.2985,
                                    47: -7.1417,
                                    48: -7.1479,
                                    49: -6.3563,
                                    50: -4.9181,
                                    51: -3.1166,
                                    52: -1.4169,
                                    53: -0.255,
                                    54: 0.2385,
                                    55: 0.2034,
                                    56: -0.1347,
                                    57: -0.5431,
                                    58: -0.802,
                                    59: -0.7481,
                                    60: -0.3103,
                                    61: 0.4625,
                                    62: 1.3737,
                                    63: 2.1713,
                                    64: 2.7023,
                                    65: 2.9295,
                                    66: 2.859,
                                    67: 2.5082,
                                    68: 1.9139,
                                    69: 1.1348,
                                    70: 0.2431,
                                    71: -0.6876,
                                    72: -1.5901,
                                    73: -2.3998,
                                    74: -3.0476,
                                    75: -3.4608,
                                    76: -3.5641,
                                    77: -3.3011,
                                    78: -2.6736,
                                    79: -1.7527,
                                    80: -0.6608,
                                    81: 0.4515,
                                    82: 1.4285,
                                    83: 2.135,
                                    84: 2.4771,
                                    85: 2.4307,
                                    86: 2.0682,
                                    87: 1.5297,
                                    88: 0.9511,
                                    89: 0.4226,
                                    90: -0.0188,
                                    91: -0.3631,
                                    92: -0.5893,
                                    93: -0.6707,
                                    94: -0.6006,
                                    95: -0.3989,
                                    96: -0.106,
                                    97: 0.219,
                                    98: 0.4977,
                                    99: 0.6551,
                                    100: 0.6556,
                                    101: 0.5124,
                                    102: 0.2759,
                                    103: 0.0125,
                                    104: -0.2231,
                                    105: -0.3966,
                                    106: -0.4885,
                                    107: -0.492,
                                    108: -0.4132,
                                    109: -0.2687,
                                    110: -0.0825,
                                    111: 0.1174,
                                    112: 0.3038,
                                    113: 0.4537,
                                    114: 0.5509,
                                    115: 0.5877,
                                    116: 0.5653,
                                    117: 0.4926,
                                    118: 0.3848,
                                    119: 0.2601,
                                    120: 0.1375,
                                    121: 0.0341,
                                    122: -0.0373,
                                    123: -0.0696,
                                    124: -0.0614,
                                    125: -0.0172,
                                    126: 0.0539,
                                    127: 0.14,
                                    128: 0.228,
                                    129: 0.3057,
                                    130: 0.3632,
                                    131: 0.3943,
                                    132: 0.3965,
                                    133: 0.3718,
                                    134: 0.3253,
                                    135: 0.2646,
                                    136: 0.1986,
                                    137: 0.1359,
                                    138: 0.084,
                                    139: 0.0482,
                                    140: 0.0308,
                                    141: 0.0318,
                                    142: 0.0482,
                                    143: 0.0755,
                                    144: 0.1077,
                                    145: 0.1389,
                                    146: 0.1636,
                                    147: 0.1778,
                                    148: 0.1791,
                                    149: 0.1671,
                                    150: 0.1431,
                                }
                            }
                        }

                        over "Hair_BL1_0_ctl"
                        {
                            double avars:rz.timeSamples = {
                                1: 0.0876,
                                2: 0.1107,
                                3: 0.1329,
                                4: 0.1541,
                                5: 0.1744,
                                6: 0.1935,
                                7: 0.2107,
                                8: 0.2231,
                                9: 0.3094,
                                10: 0.521,
                                11: 0.837,
                                12: 1.2284,
                                13: 1.657,
                                14: 2.0955,
                                15: 2.511,
                                16: 2.8797,
                                17: 3.1851,
                                18: 3.4166,
                                19: 3.5679,
                                20: 3.6344,
                                21: 3.6009,
                                22: 3.4246,
                                23: 3.1403,
                                24: 2.808,
                                25: 2.4457,
                                26: 2.0769,
                                27: 1.7239,
                                28: 1.4412,
                                29: 1.1577,
                                30: 0.7919,
                                31: 0.3211,
                                32: -0.2754,
                                33: -0.9972,
                                34: -1.8434,
                                35: -2.7859,
                                36: -3.7864,
                                37: -4.7959,
                                38: -5.7571,
                                39: -6.6087,
                                40: -7.2896,
                                41: -7.7436,
                                42: -7.9232,
                                43: -7.7922,
                                44: -7.3277,
                                45: -6.5268,
                                46: -5.4159,
                                47: -4.1577,
                                48: -2.9112,
                                49: -1.7354,
                                50: -0.6787,
                                51: 0.2416,
                                52: 1.0218,
                                53: 1.8628,
                                54: 2.8614,
                                55: 3.9266,
                                56: 4.9519,
                                57: 5.8224,
                                58: 6.4601,
                                59: 6.7872,
                                60: 6.7539,
                                61: 6.3278,
                                62: 5.4828,
                                63: 4.2645,
                                64: 2.7857,
                                65: 1.1272,
                                66: -0.6129,
                                67: -2.3436,
                                68: -3.9579,
                                69: -5.3563,
                                70: -6.4431,
                                71: -7.1364,
                                72: -7.3768,
                                73: -7.135,
                                74: -6.4505,
                                75: -5.378,
                                76: -3.9834,
                                77: -2.3458,
                                78: -0.5795,
                                79: 1.189,
                                80: 2.8498,
                                81: 4.318,
                                82: 5.5332,
                                83: 6.4542,
                                84: 7.0531,
                                85: 7.3054,
                                86: 7.1782,
                                87: 6.6896,
                                88: 5.9071,
                                89: 4.8843,
                                90: 3.6902,
                                91: 2.3883,
                                92: 1.0499,
                                93: -0.2609,
                                94: -1.4802,
                                95: -2.5449,
                                96: -3.3942,
                                97: -3.9699,
                                98: -4.2158,
                                99: -4.1907,
                                100: -3.9834,
                                101: -3.6272,
                                102: -3.1621,
                                103: -2.6165,
                                104: -2.0302,
                                105: -1.4289,
                                106: -0.8376,
                                107: -0.2783,
                                108: 0.2307,
                                109: 0.6753,
                                110: 1.0452,
                                111: 1.3341,
                                112: 1.5395,
                                113: 1.6625,
                                114: 1.707,
                                115: 1.6794,
                                116: 1.5882,
                                117: 1.4434,
                                118: 1.2558,
                                119: 1.0367,
                                120: 0.7972,
                                121: 0.5482,
                                122: 0.2994,
                                123: 0.0597,
                                124: -0.1633,
                                125: -0.3636,
                                126: -0.5366,
                                127: -0.6792,
                                128: -0.7897,
                                129: -0.8678,
                                130: -0.9143,
                                131: -0.9313,
                                132: -0.9213,
                                133: -0.8878,
                                134: -0.8345,
                                135: -0.7656,
                                136: -0.685,
                                137: -0.597,
                                138: -0.5052,
                                139: -0.413,
                                140: -0.3236,
                                141: -0.2393,
                                142: -0.1622,
                                143: -0.0938,
                                144: -0.0348,
                                145: 0.0142,
                                146: 0.0532,
                                147: 0.0828,
                                148: 0.1037,
                                149: 0.1169,
                                150: 0.1236,
                            }

                            over "Hair_BL1_1_ctl"
                            {
                                double avars:rz.timeSamples = {
                                    1: 0.0681,
                                    2: 0.0861,
                                    3: 0.1033,
                                    4: 0.1199,
                                    5: 0.1356,
                                    6: 0.1505,
                                    7: 0.1641,
                                    8: 0.1751,
                                    9: 0.181,
                                    10: 0.178,
                                    11: 0.1622,
                                    12: 0.1318,
                                    13: 0.0896,
                                    14: 0.0452,
                                    15: 0.0134,
                                    16: 0.0109,
                                    17: 0.0543,
                                    18: 0.1588,
                                    19: 0.3368,
                                    20: 0.5961,
                                    21: 0.9349,
                                    22: 1.3339,
                                    23: 1.7623,
                                    24: 2.1921,
                                    25: 2.6019,
                                    26: 2.9728,
                                    27: 3.2936,
                                    28: 3.5699,
                                    29: 3.813,
                                    30: 4.0215,
                                    31: 4.1818,
                                    32: 4.2774,
                                    33: 4.2922,
                                    34: 4.2095,
                                    35: 4.015,
                                    36: 3.7022,
                                    37: 3.2728,
                                    38: 2.737,
                                    39: 2.1113,
                                    40: 1.4172,
                                    41: 0.6791,
                                    42: -0.0779,
                                    43: -0.8292,
                                    44: -1.5522,
                                    45: -2.23,
                                    46: -2.8561,
                                    47: -3.4288,
                                    48: -3.9408,
                                    49: -4.3781,
                                    50: -4.7265,
                                    51: -4.9721,
                                    52: -5.1017,
                                    53: -5.1122,
                                    54: -5.0222,
                                    55: -4.8632,
                                    56: -4.6648,
                                    57: -4.4441,
                                    58: -4.2001,
                                    59: -3.9173,
                                    60: -3.5757,
                                    61: -3.157,
                                    62: -2.6508,
                                    63: -2.0621,
                                    64: -1.4157,
                                    65: -0.7503,
                                    66: -0.111,
                                    67: 0.4571,
                                    68: 0.9163,
                                    69: 1.24,
                                    70: 1.4136,
                                    71: 1.4311,
                                    72: 1.2924,
                                    73: 1.0051,
                                    74: 0.5906,
                                    75: 0.0845,
                                    76: -0.4655,
                                    77: -1.0114,
                                    78: -1.5167,
                                    79: -1.9538,
                                    80: -2.2969,
                                    81: -2.5195,
                                    82: -2.5975,
                                    83: -2.5117,
                                    84: -2.251,
                                    85: -1.817,
                                    86: -1.2279,
                                    87: -0.5181,
                                    88: 0.2692,
                                    89: 1.0874,
                                    90: 1.8882,
                                    91: 2.6245,
                                    92: 3.254,
                                    93: 3.7435,
                                    94: 4.0698,
                                    95: 4.2214,
                                    96: 4.1977,
                                    97: 4.0094,
                                    98: 3.6781,
                                    99: 3.2328,
                                    100: 2.7045,
                                    101: 2.125,
                                    102: 1.5266,
                                    103: 0.9398,
                                    104: 0.3885,
                                    105: -0.1105,
                                    106: -0.5447,
                                    107: -0.9058,
                                    108: -1.189,
                                    109: -1.3933,
                                    110: -1.5205,
                                    111: -1.5752,
                                    112: -1.5644,
                                    113: -1.4965,
                                    114: -1.3813,
                                    115: -1.2291,
                                    116: -1.0505,
                                    117: -0.8558,
                                    118: -0.6549,
                                    119: -0.4565,
                                    120: -0.2683,
                                    121: -0.0969,
                                    122: 0.0528,
                                    123: 0.1773,
                                    124: 0.2742,
                                    125: 0.3429,
                                    126: 0.3835,
                                    127: 0.3976,
                                    128: 0.3875,
                                    129: 0.356,
                                    130: 0.3069,
                                    131: 0.2439,
                                    132: 0.171,
                                    133: 0.0921,
                                    134: 0.011,
                                    135: -0.0688,
                                    136: -0.1443,
                                    137: -0.2128,
                                    138: -0.2722,
                                    139: -0.321,
                                    140: -0.3581,
                                    141: -0.3831,
                                    142: -0.3959,
                                    143: -0.3969,
                                    144: -0.3869,
                                    145: -0.367,
                                    146: -0.3385,
                                    147: -0.3027,
                                    148: -0.2614,
                                    149: -0.216,
                                    150: -0.1681,
                                }

                                over "Hair_BL1_2_ctl"
                                {
                                    double avars:rz.timeSamples = {
                                        1: 0.0681,
                                        2: 0.0861,
                                        3: 0.1033,
                                        4: 0.1199,
                                        5: 0.1356,
                                        6: 0.1505,
                                        7: 0.1641,
                                        8: 0.1751,
                                        9: 0.1808,
                                        10: 0.1767,
                                        11: 0.1577,
                                        12: 0.1206,
                                        13: 0.0662,
                                        14: 0.0023,
                                        15: -0.0581,
                                        16: -0.0996,
                                        17: -0.1066,
                                        18: -0.0642,
                                        19: 0.0404,
                                        20: 0.2165,
                                        21: 0.4641,
                                        22: 0.7668,
                                        23: 1.097,
                                        24: 1.4303,
                                        25: 1.7484,
                                        26: 2.0352,
                                        27: 2.2818,
                                        28: 2.4954,
                                        29: 2.6887,
                                        30: 2.8617,
                                        31: 3.0022,
                                        32: 3.0954,
                                        33: 3.1268,
                                        34: 3.0811,
                                        35: 2.9455,
                                        36: 2.7142,
                                        37: 2.3891,
                                        38: 1.98,
                                        39: 1.5023,
                                        40: 0.9753,
                                        41: 0.4209,
                                        42: -0.1393,
                                        43: -0.6848,
                                        44: -1.1979,
                                        45: -1.6667,
                                        46: -2.0904,
                                        47: -2.4731,
                                        48: -2.8124,
                                        49: -3.0985,
                                        50: -3.3203,
                                        51: -3.4659,
                                        52: -3.5228,
                                        53: -3.4881,
                                        54: -3.3803,
                                        55: -3.2314,
                                        56: -3.0712,
                                        57: -2.917,
                                        58: -2.7675,
                                        59: -2.6061,
                                        60: -2.4101,
                                        61: -2.1576,
                                        62: -1.8324,
                                        63: -1.4328,
                                        64: -0.9754,
                                        65: -0.4903,
                                        66: -0.0143,
                                        67: 0.4152,
                                        68: 0.7667,
                                        69: 1.018,
                                        70: 1.1571,
                                        71: 1.1781,
                                        72: 1.0785,
                                        73: 0.8615,
                                        74: 0.5418,
                                        75: 0.1468,
                                        76: -0.2848,
                                        77: -0.7145,
                                        78: -1.1147,
                                        79: -1.4662,
                                        80: -1.75,
                                        81: -1.9449,
                                        82: -2.0298,
                                        83: -1.9868,
                                        84: -1.8039,
                                        85: -1.4793,
                                        86: -1.0261,
                                        87: -0.4719,
                                        88: 0.1484,
                                        89: 0.7965,
                                        90: 1.433,
                                        91: 2.0188,
                                        92: 2.519,
                                        93: 2.9059,
                                        94: 3.1608,
                                        95: 3.2744,
                                        96: 3.2467,
                                        97: 3.0872,
                                        98: 2.8143,
                                        99: 2.4522,
                                        100: 2.0267,
                                        101: 1.5637,
                                        102: 1.0897,
                                        103: 0.6295,
                                        104: 0.202,
                                        105: -0.1802,
                                        106: -0.5083,
                                        107: -0.7768,
                                        108: -0.9829,
                                        109: -1.1266,
                                        110: -1.2101,
                                        111: -1.238,
                                        112: -1.216,
                                        113: -1.1514,
                                        114: -1.0521,
                                        115: -0.9265,
                                        116: -0.7828,
                                        117: -0.6292,
                                        118: -0.4731,
                                        119: -0.3214,
                                        120: -0.1797,
                                        121: -0.0527,
                                        122: 0.056,
                                        123: 0.1439,
                                        124: 0.2098,
                                        125: 0.2534,
                                        126: 0.2752,
                                        127: 0.2767,
                                        128: 0.2599,
                                        129: 0.2275,
                                        130: 0.1823,
                                        131: 0.1274,
                                        132: 0.0661,
                                        133: 0.0015,
                                        134: -0.0635,
                                        135: -0.1263,
                                        136: -0.1845,
                                        137: -0.2362,
                                        138: -0.2798,
                                        139: -0.3143,
                                        140: -0.3391,
                                        141: -0.3538,
                                        142: -0.3587,
                                        143: -0.354,
                                        144: -0.3406,
                                        145: -0.3195,
                                        146: -0.2916,
                                        147: -0.2582,
                                        148: -0.2206,
                                        149: -0.1801,
                                        150: -0.1379,
                                    }

                                    over "Hair_BL1_3_ctl"
                                    {
                                        double avars:rz.timeSamples = {
                                            1: 0.0681,
                                            2: 0.0861,
                                            3: 0.1033,
                                            4: 0.1199,
                                            5: 0.1356,
                                            6: 0.1505,
                                            7: 0.1641,
                                            8: 0.1751,
                                            9: 0.1808,
                                            10: 0.1764,
                                            11: 0.1568,
                                            12: 0.1184,
                                            13: 0.0615,
                                            14: -0.0063,
                                            15: -0.0724,
                                            16: -0.1217,
                                            17: -0.1388,
                                            18: -0.1088,
                                            19: -0.0188,
                                            20: 0.1406,
                                            21: 0.37,
                                            22: 0.6534,
                                            23: 0.964,
                                            24: 1.278,
                                            25: 1.5777,
                                            26: 1.8477,
                                            27: 2.0794,
                                            28: 2.2805,
                                            29: 2.4639,
                                            30: 2.6298,
                                            31: 2.7663,
                                            32: 2.859,
                                            33: 2.8937,
                                            34: 2.8554,
                                            35: 2.7316,
                                            36: 2.5165,
                                            37: 2.2124,
                                            38: 1.8286,
                                            39: 1.3804,
                                            40: 0.887,
                                            41: 0.3692,
                                            42: -0.1516,
                                            43: -0.656,
                                            44: -1.127,
                                            45: -1.5541,
                                            46: -1.9373,
                                            47: -2.282,
                                            48: -2.5867,
                                            49: -2.8426,
                                            50: -3.039,
                                            51: -3.1647,
                                            52: -3.207,
                                            53: -3.1632,
                                            54: -3.0519,
                                            55: -2.905,
                                            56: -2.7524,
                                            57: -2.6116,
                                            58: -2.481,
                                            59: -2.3438,
                                            60: -2.177,
                                            61: -1.9577,
                                            62: -1.6688,
                                            63: -1.307,
                                            64: -0.8873,
                                            65: -0.4383,
                                            66: 0.0051,
                                            67: 0.4069,
                                            68: 0.7367,
                                            69: 0.9736,
                                            70: 1.1058,
                                            71: 1.1275,
                                            72: 1.0357,
                                            73: 0.8328,
                                            74: 0.532,
                                            75: 0.1593,
                                            76: -0.2487,
                                            77: -0.6551,
                                            78: -1.0343,
                                            79: -1.3687,
                                            80: -1.6406,
                                            81: -1.8299,
                                            82: -1.9163,
                                            83: -1.8819,
                                            84: -1.7145,
                                            85: -1.4118,
                                            86: -0.9858,
                                            87: -0.4626,
                                            88: 0.1242,
                                            89: 0.7383,
                                            90: 1.342,
                                            91: 1.8977,
                                            92: 2.372,
                                            93: 2.7384,
                                            94: 2.9789,
                                            95: 3.0849,
                                            96: 3.0565,
                                            97: 2.9028,
                                            98: 2.6415,
                                            99: 2.2961,
                                            100: 1.8912,
                                            101: 1.4514,
                                            102: 1.0023,
                                            103: 0.5674,
                                            104: 0.1647,
                                            105: -0.1941,
                                            106: -0.501,
                                            107: -0.751,
                                            108: -0.9416,
                                            109: -1.0732,
                                            110: -1.1481,
                                            111: -1.1705,
                                            112: -1.1464,
                                            113: -1.0824,
                                            114: -0.9863,
                                            115: -0.866,
                                            116: -0.7293,
                                            117: -0.5839,
                                            118: -0.4368,
                                            119: -0.2944,
                                            120: -0.1619,
                                            121: -0.0439,
                                            122: 0.0566,
                                            123: 0.1373,
                                            124: 0.197,
                                            125: 0.2355,
                                            126: 0.2535,
                                            127: 0.2525,
                                            128: 0.2344,
                                            129: 0.2017,
                                            130: 0.1573,
                                            131: 0.1041,
                                            132: 0.0452,
                                            133: -0.0166,
                                            134: -0.0784,
                                            135: -0.1378,
                                            136: -0.1925,
                                            137: -0.2408,
                                            138: -0.2813,
                                            139: -0.313,
                                            140: -0.3353,
                                            141: -0.348,
                                            142: -0.3512,
                                            143: -0.3454,
                                            144: -0.3314,
                                            145: -0.3099,
                                            146: -0.2822,
                                            147: -0.2493,
                                            148: -0.2125,
                                            149: -0.173,
                                            150: -0.1319,
                                        }
                                    }
                                }
                            }
                        }

                        over "Hair_BL2_0_ctl"
                        {
                            double avars:rz.timeSamples = {
                                1: 0.0957,
                                2: 0.0746,
                                3: 0.0533,
                                4: 0.032,
                                5: 0.0108,
                                6: -0.0104,
                                7: -0.0283,
                                8: -0.0332,
                                9: 0.0662,
                                10: 0.322,
                                11: 0.7029,
                                12: 1.1668,
                                13: 1.6624,
                                14: 2.1515,
                                15: 2.5927,
                                16: 2.9561,
                                17: 3.2212,
                                18: 3.3762,
                                19: 3.4158,
                                20: 3.3377,
                                21: 3.1341,
                                22: 2.7795,
                                23: 2.3308,
                                24: 1.8628,
                                25: 1.399,
                                26: 0.9642,
                                27: 0.5753,
                                28: 0.2708,
                                29: -0.0386,
                                30: -0.4411,
                                31: -0.9553,
                                32: -1.5941,
                                33: -2.3482,
                                34: -3.2083,
                                35: -4.1389,
                                36: -5.0953,
                                37: -6.023,
                                38: -6.8614,
                                39: -7.5481,
                                40: -8.0233,
                                41: -8.2349,
                                42: -8.1412,
                                43: -7.7138,
                                44: -6.938,
                                45: -5.8237,
                                46: -4.42,
                                47: -2.9159,
                                48: -1.4856,
                                49: -0.1902,
                                50: 0.9251,
                                51: 1.8567,
                                52: 2.6291,
                                53: 3.4721,
                                54: 4.4895,
                                55: 5.5783,
                                56: 6.6132,
                                57: 7.4599,
                                58: 8.0237,
                                59: 8.2125,
                                60: 7.9662,
                                61: 7.2522,
                                62: 6.066,
                                63: 4.491,
                                64: 2.6739,
                                65: 0.7173,
                                66: -1.2656,
                                67: -3.1733,
                                68: -4.8928,
                                69: -6.3224,
                                70: -7.3686,
                                71: -7.9546,
                                72: -8.0313,
                                73: -7.5838,
                                74: -6.6684,
                                75: -5.3558,
                                76: -3.7246,
                                77: -1.8644,
                                78: 0.1008,
                                79: 2.0343,
                                80: 3.8159,
                                81: 5.3511,
                                82: 6.5716,
                                83: 7.4319,
                                84: 7.9041,
                                85: 7.9703,
                                86: 7.6146,
                                87: 6.8778,
                                88: 5.8462,
                                89: 4.5852,
                                90: 3.1688,
                                91: 1.663,
                                92: 0.1458,
                                93: -1.3092,
                                94: -2.6289,
                                95: -3.7434,
                                96: -4.5883,
                                97: -5.1072,
                                98: -5.2562,
                                99: -5.1119,
                                100: -4.7778,
                                101: -4.2957,
                                102: -3.7105,
                                103: -3.054,
                                104: -2.3682,
                                105: -1.681,
                                106: -1.0186,
                                107: -0.4033,
                                108: 0.1468,
                                109: 0.6185,
                                110: 1.0028,
                                111: 1.2953,
                                112: 1.4955,
                                113: 1.6065,
                                114: 1.6345,
                                115: 1.5883,
                                116: 1.4783,
                                117: 1.3163,
                                118: 1.1148,
                                119: 0.8863,
                                120: 0.6431,
                                121: 0.3966,
                                122: 0.1569,
                                123: -0.067,
                                124: -0.2678,
                                125: -0.44,
                                126: -0.5796,
                                127: -0.6843,
                                128: -0.7535,
                                129: -0.7879,
                                130: -0.7894,
                                131: -0.7609,
                                132: -0.7062,
                                133: -0.6296,
                                134: -0.5357,
                                135: -0.4294,
                                136: -0.3153,
                                137: -0.198,
                                138: -0.0815,
                                139: 0.0304,
                                140: 0.1347,
                                141: 0.2288,
                                142: 0.311,
                                143: 0.3799,
                                144: 0.435,
                                145: 0.4761,
                                146: 0.5037,
                                147: 0.5186,
                                148: 0.5219,
                                149: 0.515,
                                150: 0.4994,
                            }

                            over "Hair_BL2_1_ctl"
                            {
                                double avars:rz.timeSamples = {
                                    1: 0.0745,
                                    2: 0.058,
                                    3: 0.0414,
                                    4: 0.0249,
                                    5: 0.0084,
                                    6: -0.0081,
                                    7: -0.023,
                                    8: -0.0322,
                                    9: -0.0323,
                                    10: -0.0271,
                                    11: -0.0247,
                                    12: -0.0328,
                                    13: -0.0545,
                                    14: -0.0848,
                                    15: -0.1128,
                                    16: -0.1243,
                                    17: -0.1045,
                                    18: -0.0387,
                                    19: 0.0859,
                                    20: 0.2783,
                                    21: 0.5399,
                                    22: 0.8592,
                                    23: 1.2152,
                                    24: 1.5864,
                                    25: 1.9541,
                                    26: 2.2997,
                                    27: 2.6096,
                                    28: 2.8823,
                                    29: 3.1211,
                                    30: 3.3215,
                                    31: 3.4715,
                                    32: 3.5583,
                                    33: 3.5696,
                                    34: 3.4921,
                                    35: 3.315,
                                    36: 3.0345,
                                    37: 2.6547,
                                    38: 2.187,
                                    39: 1.6485,
                                    40: 1.06,
                                    41: 0.4439,
                                    42: -0.1773,
                                    43: -0.7826,
                                    44: -1.3531,
                                    45: -1.8777,
                                    46: -2.36,
                                    47: -2.8102,
                                    48: -3.2277,
                                    49: -3.5997,
                                    50: -3.9103,
                                    51: -4.14,
                                    52: -4.2627,
                                    53: -4.2629,
                                    54: -4.1559,
                                    55: -3.9788,
                                    56: -3.7693,
                                    57: -3.5533,
                                    58: -3.3374,
                                    59: -3.1123,
                                    60: -2.8626,
                                    61: -2.5701,
                                    62: -2.2149,
                                    63: -1.7851,
                                    64: -1.2905,
                                    65: -0.7601,
                                    66: -0.2323,
                                    67: 0.2527,
                                    68: 0.6596,
                                    69: 0.963,
                                    70: 1.1474,
                                    71: 1.2045,
                                    72: 1.1296,
                                    73: 0.9241,
                                    74: 0.6019,
                                    75: 0.1916,
                                    76: -0.2647,
                                    77: -0.7236,
                                    78: -1.1528,
                                    79: -1.5292,
                                    80: -1.8314,
                                    81: -2.0374,
                                    82: -2.1261,
                                    83: -2.0803,
                                    84: -1.889,
                                    85: -1.5505,
                                    86: -1.0756,
                                    87: -0.4885,
                                    88: 0.1762,
                                    89: 0.877,
                                    90: 1.5681,
                                    91: 2.2033,
                                    92: 2.7437,
                                    93: 3.16,
                                    94: 3.4335,
                                    95: 3.5554,
                                    96: 3.5271,
                                    97: 3.3582,
                                    98: 3.0652,
                                    99: 2.6689,
                                    100: 2.194,
                                    101: 1.6684,
                                    102: 1.1224,
                                    103: 0.5848,
                                    104: 0.0784,
                                    105: -0.3805,
                                    106: -0.7803,
                                    107: -1.1128,
                                    108: -1.3732,
                                    109: -1.56,
                                    110: -1.6745,
                                    111: -1.7207,
                                    112: -1.7044,
                                    113: -1.6334,
                                    114: -1.5164,
                                    115: -1.3629,
                                    116: -1.1825,
                                    117: -0.9849,
                                    118: -0.7792,
                                    119: -0.5737,
                                    120: -0.3758,
                                    121: -0.1916,
                                    122: -0.0261,
                                    123: 0.1171,
                                    124: 0.2357,
                                    125: 0.3284,
                                    126: 0.3953,
                                    127: 0.4373,
                                    128: 0.4563,
                                    129: 0.4547,
                                    130: 0.4356,
                                    131: 0.4023,
                                    132: 0.3581,
                                    133: 0.3067,
                                    134: 0.2513,
                                    135: 0.195,
                                    136: 0.1407,
                                    137: 0.0907,
                                    138: 0.0468,
                                    139: 0.0107,
                                    140: -0.0169,
                                    141: -0.0353,
                                    142: -0.0446,
                                    143: -0.045,
                                    144: -0.0371,
                                    145: -0.0219,
                                    146: -0.0006,
                                    147: 0.0257,
                                    148: 0.0555,
                                    149: 0.0875,
                                    150: 0.1204,
                                }

                                over "Hair_BL2_2_ctl"
                                {
                                    double avars:rz.timeSamples = {
                                        1: 0.0745,
                                        2: 0.058,
                                        3: 0.0414,
                                        4: 0.0249,
                                        5: 0.0084,
                                        6: -0.0081,
                                        7: -0.023,
                                        8: -0.0322,
                                        9: -0.0325,
                                        10: -0.0284,
                                        11: -0.0291,
                                        12: -0.044,
                                        13: -0.0779,
                                        14: -0.1277,
                                        15: -0.1843,
                                        16: -0.2349,
                                        17: -0.2655,
                                        18: -0.2617,
                                        19: -0.2105,
                                        20: -0.1013,
                                        21: 0.0691,
                                        22: 0.2921,
                                        23: 0.5499,
                                        24: 0.8247,
                                        25: 1.1006,
                                        26: 1.3621,
                                        27: 1.5978,
                                        28: 1.8079,
                                        29: 1.9969,
                                        30: 2.1617,
                                        31: 2.2919,
                                        32: 2.3763,
                                        33: 2.4041,
                                        34: 2.3637,
                                        35: 2.2455,
                                        36: 2.0465,
                                        37: 1.771,
                                        38: 1.43,
                                        39: 1.0395,
                                        40: 0.6181,
                                        41: 0.1857,
                                        42: -0.2387,
                                        43: -0.6382,
                                        44: -0.9988,
                                        45: -1.3144,
                                        46: -1.5944,
                                        47: -1.8545,
                                        48: -2.0992,
                                        49: -2.32,
                                        50: -2.504,
                                        51: -2.6338,
                                        52: -2.6838,
                                        53: -2.6387,
                                        54: -2.514,
                                        55: -2.3469,
                                        56: -2.1756,
                                        57: -2.0262,
                                        58: -1.9048,
                                        59: -1.801,
                                        60: -1.6969,
                                        61: -1.5706,
                                        62: -1.3965,
                                        63: -1.1558,
                                        64: -0.8502,
                                        65: -0.5001,
                                        66: -0.1355,
                                        67: 0.2108,
                                        68: 0.51,
                                        69: 0.7411,
                                        70: 0.8909,
                                        71: 0.9514,
                                        72: 0.9157,
                                        73: 0.7805,
                                        74: 0.553,
                                        75: 0.2539,
                                        76: -0.084,
                                        77: -0.4267,
                                        78: -0.7508,
                                        79: -1.0416,
                                        80: -1.2846,
                                        81: -1.4627,
                                        82: -1.5584,
                                        83: -1.5555,
                                        84: -1.4419,
                                        85: -1.2128,
                                        86: -0.8739,
                                        87: -0.4423,
                                        88: 0.0553,
                                        89: 0.5861,
                                        90: 1.1129,
                                        91: 1.5977,
                                        92: 2.0086,
                                        93: 2.3224,
                                        94: 2.5244,
                                        95: 2.6084,
                                        96: 2.5761,
                                        97: 2.436,
                                        98: 2.2013,
                                        99: 1.8883,
                                        100: 1.5162,
                                        101: 1.1071,
                                        102: 0.6854,
                                        103: 0.2744,
                                        104: -0.108,
                                        105: -0.4502,
                                        106: -0.7439,
                                        107: -0.9838,
                                        108: -1.167,
                                        109: -1.2933,
                                        110: -1.3642,
                                        111: -1.3834,
                                        112: -1.3561,
                                        113: -1.2883,
                                        114: -1.1873,
                                        115: -1.0603,
                                        116: -0.9149,
                                        117: -0.7583,
                                        118: -0.5975,
                                        119: -0.4387,
                                        120: -0.2871,
                                        121: -0.1474,
                                        122: -0.0229,
                                        123: 0.0838,
                                        124: 0.1713,
                                        125: 0.2389,
                                        126: 0.2869,
                                        127: 0.3163,
                                        128: 0.3287,
                                        129: 0.3261,
                                        130: 0.311,
                                        131: 0.2858,
                                        132: 0.2533,
                                        133: 0.2161,
                                        134: 0.1768,
                                        135: 0.1376,
                                        136: 0.1005,
                                        137: 0.0673,
                                        138: 0.0392,
                                        139: 0.0173,
                                        140: 0.0021,
                                        141: -0.0061,
                                        142: -0.0073,
                                        143: -0.0021,
                                        144: 0.0092,
                                        145: 0.0256,
                                        146: 0.0463,
                                        147: 0.0702,
                                        148: 0.0962,
                                        149: 0.1234,
                                        150: 0.1506,
                                    }

                                    over "Hair_BL2_3_ctl"
                                    {
                                        double avars:rz.timeSamples = {
                                            1: 0.0745,
                                            2: 0.058,
                                            3: 0.0414,
                                            4: 0.0249,
                                            5: 0.0084,
                                            6: -0.0081,
                                            7: -0.023,
                                            8: -0.0322,
                                            9: -0.0326,
                                            10: -0.0287,
                                            11: -0.03,
                                            12: -0.0463,
                                            13: -0.0826,
                                            14: -0.1363,
                                            15: -0.1986,
                                            16: -0.257,
                                            17: -0.2977,
                                            18: -0.3063,
                                            19: -0.2697,
                                            20: -0.1772,
                                            21: -0.025,
                                            22: 0.1787,
                                            23: 0.4169,
                                            24: 0.6723,
                                            25: 0.9299,
                                            26: 1.1746,
                                            27: 1.3954,
                                            28: 1.593,
                                            29: 1.772,
                                            30: 1.9298,
                                            31: 2.056,
                                            32: 2.1399,
                                            33: 2.171,
                                            34: 2.138,
                                            35: 2.0316,
                                            36: 1.8489,
                                            37: 1.5942,
                                            38: 1.2786,
                                            39: 0.9176,
                                            40: 0.5297,
                                            41: 0.1341,
                                            42: -0.251,
                                            43: -0.6094,
                                            44: -0.928,
                                            45: -1.2018,
                                            46: -1.4412,
                                            47: -1.6634,
                                            48: -1.8736,
                                            49: -2.0641,
                                            50: -2.2228,
                                            51: -2.3325,
                                            52: -2.368,
                                            53: -2.3139,
                                            54: -2.1856,
                                            55: -2.0205,
                                            56: -1.8569,
                                            57: -1.7208,
                                            58: -1.6183,
                                            59: -1.5387,
                                            60: -1.4638,
                                            61: -1.3707,
                                            62: -1.2329,
                                            63: -1.03,
                                            64: -0.7621,
                                            65: -0.4481,
                                            66: -0.1162,
                                            67: 0.2024,
                                            68: 0.4801,
                                            69: 0.6967,
                                            70: 0.8396,
                                            71: 0.9008,
                                            72: 0.8729,
                                            73: 0.7518,
                                            74: 0.5433,
                                            75: 0.2664,
                                            76: -0.0479,
                                            77: -0.3673,
                                            78: -0.6704,
                                            79: -0.9441,
                                            80: -1.1752,
                                            81: -1.3478,
                                            82: -1.4449,
                                            83: -1.4505,
                                            84: -1.3525,
                                            85: -1.1453,
                                            86: -0.8335,
                                            87: -0.4331,
                                            88: 0.0311,
                                            89: 0.528,
                                            90: 1.0218,
                                            91: 1.4766,
                                            92: 1.8616,
                                            93: 2.1549,
                                            94: 2.3426,
                                            95: 2.419,
                                            96: 2.3859,
                                            97: 2.2516,
                                            98: 2.0286,
                                            99: 1.7322,
                                            100: 1.3806,
                                            101: 0.9948,
                                            102: 0.598,
                                            103: 0.2124,
                                            104: -0.1453,
                                            105: -0.4641,
                                            106: -0.7366,
                                            107: -0.958,
                                            108: -1.1258,
                                            109: -1.2399,
                                            110: -1.3021,
                                            111: -1.316,
                                            112: -1.2864,
                                            113: -1.2193,
                                            114: -1.1215,
                                            115: -0.9998,
                                            116: -0.8613,
                                            117: -0.713,
                                            118: -0.5612,
                                            119: -0.4116,
                                            120: -0.2694,
                                            121: -0.1385,
                                            122: -0.0223,
                                            123: 0.0771,
                                            124: 0.1584,
                                            125: 0.221,
                                            126: 0.2653,
                                            127: 0.2922,
                                            128: 0.3032,
                                            129: 0.3004,
                                            130: 0.286,
                                            131: 0.2625,
                                            132: 0.2323,
                                            133: 0.198,
                                            134: 0.1619,
                                            135: 0.1261,
                                            136: 0.0925,
                                            137: 0.0626,
                                            138: 0.0377,
                                            139: 0.0186,
                                            140: 0.0059,
                                            141: -0.0002,
                                            142: 0.0001,
                                            143: 0.0065,
                                            144: 0.0185,
                                            145: 0.0351,
                                            146: 0.0557,
                                            147: 0.0791,
                                            148: 0.1044,
                                            149: 0.1306,
                                            150: 0.1566,
                                        }
                                    }
                                }
                            }
                        }

                        over "Hair_BL3_0_ctl"
                        {
                            double avars:rz.timeSamples = {
                                1: 0.2619,
                                2: 0.2646,
                                3: 0.2672,
                                4: 0.2696,
                                5: 0.2717,
                                6: 0.2735,
                                7: 0.282,
                                8: 0.3197,
                                9: 0.4906,
                                10: 0.8459,
                                11: 1.3411,
                                12: 1.9167,
                                13: 2.5056,
                                14: 3.0587,
                                15: 3.5291,
                                16: 3.8842,
                                17: 4.104,
                                18: 4.1791,
                                19: 4.1082,
                                20: 3.8947,
                                21: 3.5393,
                                22: 3.0333,
                                23: 2.4531,
                                24: 1.8857,
                                25: 1.3569,
                                26: 0.8876,
                                27: 0.4844,
                                28: 0.1681,
                                29: -0.1679,
                                30: -0.6183,
                                31: -1.1973,
                                32: -1.9081,
                                33: -2.7307,
                                34: -3.6486,
                                35: -4.6214,
                                36: -5.6001,
                                37: -6.5258,
                                38: -7.3338,
                                39: -7.9587,
                                40: -8.3397,
                                41: -8.4256,
                                42: -8.1777,
                                43: -7.5725,
                                44: -6.6011,
                                45: -5.285,
                                46: -3.6987,
                                47: -2.0609,
                                48: -0.5616,
                                49: 0.7381,
                                50: 1.8027,
                                51: 2.6487,
                                52: 3.3373,
                                53: 4.13,
                                54: 5.1336,
                                55: 6.223,
                                56: 7.2419,
                                57: 8.0276,
                                58: 8.4672,
                                59: 8.461,
                                60: 7.9471,
                                61: 6.9006,
                                62: 5.3465,
                                63: 3.4129,
                                64: 1.284,
                                65: -0.9144,
                                66: -3.058,
                                67: -5.0424,
                                68: -6.7582,
                                69: -8.1113,
                                70: -9.0178,
                                71: -9.4134,
                                72: -9.2627,
                                73: -8.5669,
                                74: -7.3998,
                                75: -5.8489,
                                76: -4.0057,
                                77: -1.966,
                                78: 0.146,
                                79: 2.1953,
                                80: 4.0605,
                                81: 5.6431,
                                82: 6.8697,
                                83: 7.691,
                                84: 8.0785,
                                85: 8.0213,
                                86: 7.5215,
                                87: 6.6443,
                                88: 5.4947,
                                89: 4.1459,
                                90: 2.6693,
                                91: 1.1248,
                                92: -0.4108,
                                93: -1.8587,
                                94: -3.1405,
                                95: -4.183,
                                96: -4.9209,
                                97: -5.303,
                                98: -5.2998,
                                99: -5.0072,
                                100: -4.5424,
                                101: -3.952,
                                102: -3.2797,
                                103: -2.553,
                                104: -1.8112,
                                105: -1.0811,
                                106: -0.3885,
                                107: 0.2452,
                                108: 0.8033,
                                109: 1.2737,
                                110: 1.6492,
                                111: 1.9267,
                                112: 2.1074,
                                113: 2.1958,
                                114: 2.1994,
                                115: 2.1281,
                                116: 1.9935,
                                117: 1.808,
                                118: 1.5847,
                                119: 1.3365,
                                120: 1.0759,
                                121: 0.8143,
                                122: 0.5617,
                                123: 0.3268,
                                124: 0.1165,
                                125: -0.0641,
                                126: -0.2114,
                                127: -0.3238,
                                128: -0.401,
                                129: -0.4441,
                                130: -0.4556,
                                131: -0.4387,
                                132: -0.3973,
                                133: -0.3362,
                                134: -0.2599,
                                135: -0.1733,
                                136: -0.0811,
                                137: 0.0123,
                                138: 0.103,
                                139: 0.1876,
                                140: 0.2632,
                                141: 0.3276,
                                142: 0.3794,
                                143: 0.4176,
                                144: 0.442,
                                145: 0.4527,
                                146: 0.4506,
                                147: 0.4366,
                                148: 0.4122,
                                149: 0.3791,
                                150: 0.3389,
                            }

                            over "Hair_BL3_1_ctl"
                            {
                                double avars:rz.timeSamples = {
                                    1: 0.3055,
                                    2: 0.3087,
                                    3: 0.3117,
                                    4: 0.3145,
                                    5: 0.317,
                                    6: 0.3191,
                                    7: 0.3254,
                                    8: 0.351,
                                    9: 0.4085,
                                    10: 0.4912,
                                    11: 0.5762,
                                    12: 0.6384,
                                    13: 0.6603,
                                    14: 0.6393,
                                    15: 0.586,
                                    16: 0.5179,
                                    17: 0.4565,
                                    18: 0.4248,
                                    19: 0.4454,
                                    20: 0.537,
                                    21: 0.7103,
                                    22: 0.9626,
                                    23: 1.2798,
                                    24: 1.6422,
                                    25: 2.0274,
                                    26: 2.4086,
                                    27: 2.7617,
                                    28: 3.0746,
                                    29: 3.3424,
                                    30: 3.556,
                                    31: 3.7022,
                                    32: 3.7705,
                                    33: 3.7516,
                                    34: 3.6328,
                                    35: 3.4024,
                                    36: 3.0587,
                                    37: 2.6115,
                                    38: 2.0799,
                                    39: 1.49,
                                    40: 0.8711,
                                    41: 0.253,
                                    42: -0.3371,
                                    43: -0.8762,
                                    44: -1.346,
                                    45: -1.7442,
                                    46: -2.1004,
                                    47: -2.457,
                                    48: -2.8301,
                                    49: -3.2059,
                                    50: -3.5581,
                                    51: -3.8464,
                                    52: -4.0082,
                                    53: -3.9989,
                                    54: -3.8398,
                                    55: -3.6014,
                                    56: -3.3614,
                                    57: -3.1779,
                                    58: -3.0721,
                                    59: -3.0336,
                                    60: -3.0375,
                                    61: -3.046,
                                    62: -3.0025,
                                    63: -2.8504,
                                    64: -2.5683,
                                    65: -2.1737,
                                    66: -1.7055,
                                    67: -1.2124,
                                    68: -0.7414,
                                    69: -0.3299,
                                    70: -0.0046,
                                    71: 0.2143,
                                    72: 0.3074,
                                    73: 0.2603,
                                    74: 0.0733,
                                    75: -0.2322,
                                    76: -0.6139,
                                    77: -1.0229,
                                    78: -1.4224,
                                    79: -1.7879,
                                    80: -2.0967,
                                    81: -2.3253,
                                    82: -2.45,
                                    83: -2.4489,
                                    84: -2.3045,
                                    85: -2.0057,
                                    86: -1.55,
                                    87: -0.9484,
                                    88: -0.2301,
                                    89: 0.559,
                                    90: 1.3596,
                                    91: 2.109,
                                    92: 2.7572,
                                    93: 3.2712,
                                    94: 3.6318,
                                    95: 3.8314,
                                    96: 3.8729,
                                    97: 3.7658,
                                    98: 3.5208,
                                    99: 3.1503,
                                    100: 2.675,
                                    101: 2.1259,
                                    102: 1.5418,
                                    103: 0.9613,
                                    104: 0.414,
                                    105: -0.0812,
                                    106: -0.5108,
                                    107: -0.8656,
                                    108: -1.1404,
                                    109: -1.3333,
                                    110: -1.446,
                                    111: -1.4829,
                                    112: -1.4509,
                                    113: -1.3587,
                                    114: -1.2161,
                                    115: -1.034,
                                    116: -0.8235,
                                    117: -0.5954,
                                    118: -0.3601,
                                    119: -0.127,
                                    120: 0.0955,
                                    121: 0.3005,
                                    122: 0.4823,
                                    123: 0.6369,
                                    124: 0.7615,
                                    125: 0.8551,
                                    126: 0.9176,
                                    127: 0.9502,
                                    128: 0.9551,
                                    129: 0.9352,
                                    130: 0.8939,
                                    131: 0.8351,
                                    132: 0.763,
                                    133: 0.6814,
                                    134: 0.5945,
                                    135: 0.5057,
                                    136: 0.4185,
                                    137: 0.3355,
                                    138: 0.2592,
                                    139: 0.1913,
                                    140: 0.1329,
                                    141: 0.0849,
                                    142: 0.0473,
                                    143: 0.0201,
                                    144: 0.0025,
                                    145: -0.0064,
                                    146: -0.0077,
                                    147: -0.0029,
                                    148: 0.0068,
                                    149: 0.0198,
                                    150: 0.0346,
                                }

                                over "Hair_BL3_2_ctl"
                                {
                                    double avars:rz.timeSamples = {
                                        1: 0.3055,
                                        2: 0.3087,
                                        3: 0.3117,
                                        4: 0.3145,
                                        5: 0.317,
                                        6: 0.3191,
                                        7: 0.3254,
                                        8: 0.351,
                                        9: 0.4083,
                                        10: 0.4899,
                                        11: 0.5718,
                                        12: 0.6272,
                                        13: 0.6369,
                                        14: 0.5964,
                                        15: 0.5145,
                                        16: 0.4074,
                                        17: 0.2955,
                                        18: 0.2018,
                                        19: 0.1491,
                                        20: 0.1574,
                                        21: 0.2395,
                                        22: 0.3955,
                                        23: 0.6145,
                                        24: 0.8805,
                                        25: 1.1739,
                                        26: 1.471,
                                        27: 1.7499,
                                        28: 2.0001,
                                        29: 2.2181,
                                        30: 2.3962,
                                        31: 2.5226,
                                        32: 2.5885,
                                        33: 2.5862,
                                        34: 2.5044,
                                        35: 2.3329,
                                        36: 2.0707,
                                        37: 1.7278,
                                        38: 1.3229,
                                        39: 0.8809,
                                        40: 0.4292,
                                        41: -0.0052,
                                        42: -0.3986,
                                        43: -0.7319,
                                        44: -0.9917,
                                        45: -1.181,
                                        46: -1.3348,
                                        47: -1.5013,
                                        48: -1.7017,
                                        49: -1.9262,
                                        50: -2.1519,
                                        51: -2.3402,
                                        52: -2.4293,
                                        53: -2.3748,
                                        54: -2.1979,
                                        55: -1.9695,
                                        56: -1.7678,
                                        57: -1.6509,
                                        58: -1.6395,
                                        59: -1.7223,
                                        60: -1.8718,
                                        61: -2.0466,
                                        62: -2.1842,
                                        63: -2.2211,
                                        64: -2.128,
                                        65: -1.9137,
                                        66: -1.6087,
                                        67: -1.2542,
                                        68: -0.891,
                                        69: -0.5519,
                                        70: -0.2611,
                                        71: -0.0387,
                                        72: 0.0935,
                                        73: 0.1167,
                                        74: 0.0244,
                                        75: -0.17,
                                        76: -0.4333,
                                        77: -0.7259,
                                        78: -1.0205,
                                        79: -1.3003,
                                        80: -1.5498,
                                        81: -1.7506,
                                        82: -1.8823,
                                        83: -1.924,
                                        84: -1.8574,
                                        85: -1.668,
                                        86: -1.3482,
                                        87: -0.9022,
                                        88: -0.351,
                                        89: 0.2681,
                                        90: 0.9044,
                                        91: 1.5034,
                                        92: 2.0222,
                                        93: 2.4336,
                                        94: 2.7228,
                                        95: 2.8844,
                                        96: 2.9219,
                                        97: 2.8436,
                                        98: 2.6569,
                                        99: 2.3697,
                                        100: 1.9972,
                                        101: 1.5646,
                                        102: 1.1048,
                                        103: 0.6509,
                                        104: 0.2275,
                                        105: -0.1508,
                                        106: -0.4744,
                                        107: -0.7366,
                                        108: -0.9342,
                                        109: -1.0666,
                                        110: -1.1357,
                                        111: -1.1457,
                                        112: -1.1026,
                                        113: -1.0136,
                                        114: -0.887,
                                        115: -0.7314,
                                        116: -0.5558,
                                        117: -0.3688,
                                        118: -0.1784,
                                        119: 0.0081,
                                        120: 0.1842,
                                        121: 0.3447,
                                        122: 0.4854,
                                        123: 0.6035,
                                        124: 0.6971,
                                        125: 0.7656,
                                        126: 0.8093,
                                        127: 0.8293,
                                        128: 0.8276,
                                        129: 0.8066,
                                        130: 0.7692,
                                        131: 0.7187,
                                        132: 0.6581,
                                        133: 0.5909,
                                        134: 0.52,
                                        135: 0.4483,
                                        136: 0.3783,
                                        137: 0.3122,
                                        138: 0.2516,
                                        139: 0.1979,
                                        140: 0.1519,
                                        141: 0.1142,
                                        142: 0.0846,
                                        143: 0.063,
                                        144: 0.0488,
                                        145: 0.0411,
                                        146: 0.0391,
                                        147: 0.0416,
                                        148: 0.0475,
                                        149: 0.0556,
                                        150: 0.0648,
                                    }
                                }
                            }
                        }

                        over "Hair_BR1_0_ctl"
                        {
                            double avars:rz.timeSamples = {
                                1: -0.2677,
                                2: -0.2695,
                                3: -0.2711,
                                4: -0.2725,
                                5: -0.2735,
                                6: -0.2742,
                                7: -0.275,
                                8: -0.2774,
                                9: -0.197,
                                10: 0.0291,
                                11: 0.3942,
                                12: 0.8815,
                                13: 1.4577,
                                14: 2.0903,
                                15: 2.7303,
                                16: 3.3271,
                                17: 3.8296,
                                18: 4.1887,
                                19: 4.3606,
                                20: 4.3089,
                                21: 4.0125,
                                22: 3.4759,
                                23: 2.8117,
                                24: 2.1329,
                                25: 1.4761,
                                26: 0.8725,
                                27: 0.3311,
                                28: -0.1465,
                                29: -0.6838,
                                30: -1.3544,
                                31: -2.1212,
                                32: -2.9346,
                                33: -3.7328,
                                34: -4.4685,
                                35: -5.0887,
                                36: -5.5545,
                                37: -5.8414,
                                38: -5.9401,
                                39: -5.8565,
                                40: -5.609,
                                41: -5.2256,
                                42: -4.7392,
                                43: -4.1826,
                                44: -3.5833,
                                45: -2.9466,
                                46: -2.2329,
                                47: -1.4973,
                                48: -0.8189,
                                49: -0.2167,
                                50: 0.2871,
                                51: 0.6703,
                                52: 0.8633,
                                53: 1.0134,
                                54: 1.2692,
                                55: 1.6667,
                                56: 2.2183,
                                57: 2.8827,
                                58: 3.6023,
                                59: 4.2669,
                                60: 4.7558,
                                61: 4.955,
                                62: 4.7772,
                                63: 4.2329,
                                64: 3.4111,
                                65: 2.3705,
                                66: 1.1878,
                                67: -0.0681,
                                68: -1.3145,
                                69: -2.4772,
                                70: -3.4842,
                                71: -4.2658,
                                72: -4.7471,
                                73: -4.8602,
                                74: -4.6051,
                                75: -4.0134,
                                76: -3.1502,
                                77: -2.0877,
                                78: -0.8936,
                                79: 0.3751,
                                80: 1.6652,
                                81: 2.9201,
                                82: 4.0772,
                                83: 5.0665,
                                84: 5.8142,
                                85: 6.2483,
                                86: 6.3032,
                                87: 5.984,
                                88: 5.3552,
                                89: 4.4702,
                                90: 3.3987,
                                91: 2.2085,
                                92: 0.9797,
                                93: -0.2167,
                                94: -1.3185,
                                95: -2.2753,
                                96: -3.0471,
                                97: -3.5944,
                                98: -3.8619,
                                99: -3.8931,
                                100: -3.7632,
                                101: -3.4976,
                                102: -3.131,
                                103: -2.6862,
                                104: -2.1983,
                                105: -1.6892,
                                106: -1.1809,
                                107: -0.6929,
                                108: -0.2417,
                                109: 0.1594,
                                110: 0.5009,
                                111: 0.7761,
                                112: 0.9821,
                                113: 1.1187,
                                114: 1.1883,
                                115: 1.1959,
                                116: 1.1479,
                                117: 1.0524,
                                118: 0.9182,
                                119: 0.7547,
                                120: 0.5713,
                                121: 0.3772,
                                122: 0.1808,
                                123: -0.0102,
                                124: -0.1891,
                                125: -0.3507,
                                126: -0.4906,
                                127: -0.6059,
                                128: -0.6951,
                                129: -0.7575,
                                130: -0.7937,
                                131: -0.805,
                                132: -0.7938,
                                133: -0.7626,
                                134: -0.7147,
                                135: -0.6536,
                                136: -0.5826,
                                137: -0.5052,
                                138: -0.4247,
                                139: -0.3442,
                                140: -0.2662,
                                141: -0.1929,
                                142: -0.1263,
                                143: -0.0675,
                                144: -0.0174,
                                145: 0.0236,
                                146: 0.0555,
                                147: 0.0785,
                                148: 0.0935,
                                149: 0.1011,
                                150: 0.1026,
                            }

                            over "Hair_BR1_1_ctl"
                            {
                                double avars:rz.timeSamples = {
                                    1: -0.2082,
                                    2: -0.2096,
                                    3: -0.2108,
                                    4: -0.2119,
                                    5: -0.2127,
                                    6: -0.2133,
                                    7: -0.2137,
                                    8: -0.2146,
                                    9: -0.2161,
                                    10: -0.2168,
                                    11: -0.214,
                                    12: -0.2042,
                                    13: -0.1825,
                                    14: -0.1414,
                                    15: -0.0733,
                                    16: 0.0267,
                                    17: 0.1597,
                                    18: 0.3239,
                                    19: 0.5148,
                                    20: 0.7264,
                                    21: 0.954,
                                    22: 1.1995,
                                    23: 1.4664,
                                    24: 1.7503,
                                    25: 2.0382,
                                    26: 2.3143,
                                    27: 2.5617,
                                    28: 2.7622,
                                    29: 2.9039,
                                    30: 2.9889,
                                    31: 3.0299,
                                    32: 3.0418,
                                    33: 3.0356,
                                    34: 3.0151,
                                    35: 2.9772,
                                    36: 2.9153,
                                    37: 2.8205,
                                    38: 2.6813,
                                    39: 2.4845,
                                    40: 2.216,
                                    41: 1.8628,
                                    42: 1.4142,
                                    43: 0.864,
                                    44: 0.2125,
                                    45: -0.5272,
                                    46: -1.3193,
                                    47: -2.1144,
                                    48: -2.8696,
                                    49: -3.5533,
                                    50: -4.1395,
                                    51: -4.6168,
                                    52: -5.0011,
                                    53: -5.3133,
                                    54: -5.5488,
                                    55: -5.6829,
                                    56: -5.6922,
                                    57: -5.5612,
                                    58: -5.2798,
                                    59: -4.847,
                                    60: -4.2741,
                                    61: -3.5792,
                                    62: -2.7789,
                                    63: -1.8941,
                                    64: -0.9599,
                                    65: -0.025,
                                    66: 0.8561,
                                    67: 1.6288,
                                    68: 2.2442,
                                    69: 2.6648,
                                    70: 2.8653,
                                    71: 2.8346,
                                    72: 2.5792,
                                    73: 2.1242,
                                    74: 1.5085,
                                    75: 0.7781,
                                    76: -0.019,
                                    77: -0.8317,
                                    78: -1.6025,
                                    79: -2.2731,
                                    80: -2.7922,
                                    81: -3.121,
                                    82: -3.236,
                                    83: -3.1307,
                                    84: -2.8147,
                                    85: -2.3103,
                                    86: -1.6504,
                                    87: -0.8751,
                                    88: -0.0288,
                                    89: 0.8418,
                                    90: 1.6888,
                                    91: 2.4669,
                                    92: 3.138,
                                    93: 3.6717,
                                    94: 4.0443,
                                    95: 4.2386,
                                    96: 4.2447,
                                    97: 4.0651,
                                    98: 3.7211,
                                    99: 3.2481,
                                    100: 2.6836,
                                    101: 2.0626,
                                    102: 1.42,
                                    103: 0.7886,
                                    104: 0.1943,
                                    105: -0.3442,
                                    106: -0.8133,
                                    107: -1.2035,
                                    108: -1.5094,
                                    109: -1.7293,
                                    110: -1.8651,
                                    111: -1.9214,
                                    112: -1.9055,
                                    113: -1.8264,
                                    114: -1.6945,
                                    115: -1.5209,
                                    116: -1.3172,
                                    117: -1.0946,
                                    118: -0.8638,
                                    119: -0.6345,
                                    120: -0.4152,
                                    121: -0.2132,
                                    122: -0.0342,
                                    123: 0.1179,
                                    124: 0.2402,
                                    125: 0.3316,
                                    126: 0.3922,
                                    127: 0.4234,
                                    128: 0.4274,
                                    129: 0.4074,
                                    130: 0.3668,
                                    131: 0.3099,
                                    132: 0.2407,
                                    133: 0.1635,
                                    134: 0.0824,
                                    135: 0.001,
                                    136: -0.0772,
                                    137: -0.1495,
                                    138: -0.2134,
                                    139: -0.2672,
                                    140: -0.3097,
                                    141: -0.3403,
                                    142: -0.3588,
                                    143: -0.3655,
                                    144: -0.3613,
                                    145: -0.347,
                                    146: -0.324,
                                    147: -0.2939,
                                    148: -0.258,
                                    149: -0.2181,
                                    150: -0.1757,
                                }

                                over "Hair_BR1_2_ctl"
                                {
                                    double avars:rz.timeSamples = {
                                        1: -0.2082,
                                        2: -0.2096,
                                        3: -0.2108,
                                        4: -0.2119,
                                        5: -0.2127,
                                        6: -0.2133,
                                        7: -0.2137,
                                        8: -0.2146,
                                        9: -0.2163,
                                        10: -0.2181,
                                        11: -0.2184,
                                        12: -0.2154,
                                        13: -0.2059,
                                        14: -0.1843,
                                        15: -0.1447,
                                        16: -0.0838,
                                        17: -0.0012,
                                        18: 0.1009,
                                        19: 0.2185,
                                        20: 0.3468,
                                        21: 0.4832,
                                        22: 0.6323,
                                        23: 0.8011,
                                        24: 0.9885,
                                        25: 1.1847,
                                        26: 1.3767,
                                        27: 1.5499,
                                        28: 1.6878,
                                        29: 1.7797,
                                        30: 1.8291,
                                        31: 1.8503,
                                        32: 1.8597,
                                        33: 1.8702,
                                        34: 1.8867,
                                        35: 1.9077,
                                        36: 1.9273,
                                        37: 1.9368,
                                        38: 1.9243,
                                        39: 1.8754,
                                        40: 1.7741,
                                        41: 1.6046,
                                        42: 1.3527,
                                        43: 1.0084,
                                        44: 0.5668,
                                        45: 0.0361,
                                        46: -0.5537,
                                        47: -1.1587,
                                        48: -1.7412,
                                        49: -2.2737,
                                        50: -2.7333,
                                        51: -3.1106,
                                        52: -3.4222,
                                        53: -3.6891,
                                        54: -3.9069,
                                        55: -4.051,
                                        56: -4.0986,
                                        57: -4.0341,
                                        58: -3.8472,
                                        59: -3.5357,
                                        60: -3.1085,
                                        61: -2.5797,
                                        62: -1.9606,
                                        63: -1.2648,
                                        64: -0.5196,
                                        65: 0.235,
                                        66: 0.9529,
                                        67: 1.5869,
                                        68: 2.0946,
                                        69: 2.4428,
                                        70: 2.6088,
                                        71: 2.5815,
                                        72: 2.3653,
                                        73: 1.9806,
                                        74: 1.4597,
                                        75: 0.8404,
                                        76: 0.1616,
                                        77: -0.5348,
                                        78: -1.2005,
                                        79: -1.7855,
                                        80: -2.2453,
                                        81: -2.5463,
                                        82: -2.6683,
                                        83: -2.6059,
                                        84: -2.3676,
                                        85: -1.9726,
                                        86: -1.4487,
                                        87: -0.8289,
                                        88: -0.1496,
                                        89: 0.5509,
                                        90: 1.2336,
                                        91: 1.8613,
                                        92: 2.4029,
                                        93: 2.8341,
                                        94: 3.1352,
                                        95: 3.2915,
                                        96: 3.2937,
                                        97: 3.1429,
                                        98: 2.8572,
                                        99: 2.4675,
                                        100: 2.0058,
                                        101: 1.5013,
                                        102: 0.983,
                                        103: 0.4782,
                                        104: 0.0078,
                                        105: -0.4139,
                                        106: -0.7769,
                                        107: -1.0745,
                                        108: -1.3032,
                                        109: -1.4626,
                                        110: -1.5547,
                                        111: -1.5842,
                                        112: -1.5571,
                                        113: -1.4813,
                                        114: -1.3653,
                                        115: -1.2183,
                                        116: -1.0496,
                                        117: -0.868,
                                        118: -0.6821,
                                        119: -0.4994,
                                        120: -0.3266,
                                        121: -0.169,
                                        122: -0.031,
                                        123: 0.0845,
                                        124: 0.1758,
                                        125: 0.2421,
                                        126: 0.2839,
                                        127: 0.3025,
                                        128: 0.2999,
                                        129: 0.2788,
                                        130: 0.2422,
                                        131: 0.1934,
                                        132: 0.1359,
                                        133: 0.073,
                                        134: 0.0079,
                                        135: -0.0565,
                                        136: -0.1174,
                                        137: -0.1729,
                                        138: -0.221,
                                        139: -0.2605,
                                        140: -0.2907,
                                        141: -0.311,
                                        142: -0.3215,
                                        143: -0.3226,
                                        144: -0.315,
                                        145: -0.2994,
                                        146: -0.2772,
                                        147: -0.2494,
                                        148: -0.2173,
                                        149: -0.1823,
                                        150: -0.1455,
                                    }

                                    over "Hair_BR1_3_ctl"
                                    {
                                        double avars:rz.timeSamples = {
                                            1: -0.2082,
                                            2: -0.2096,
                                            3: -0.2108,
                                            4: -0.2119,
                                            5: -0.2127,
                                            6: -0.2133,
                                            7: -0.2137,
                                            8: -0.2146,
                                            9: -0.2163,
                                            10: -0.2183,
                                            11: -0.2193,
                                            12: -0.2177,
                                            13: -0.2105,
                                            14: -0.1929,
                                            15: -0.159,
                                            16: -0.1059,
                                            17: -0.0334,
                                            18: 0.0563,
                                            19: 0.1592,
                                            20: 0.2709,
                                            21: 0.3891,
                                            22: 0.5189,
                                            23: 0.6681,
                                            24: 0.8361,
                                            25: 1.014,
                                            26: 1.1892,
                                            27: 1.3475,
                                            28: 1.4729,
                                            29: 1.5548,
                                            30: 1.5972,
                                            31: 1.6144,
                                            32: 1.6233,
                                            33: 1.6371,
                                            34: 1.661,
                                            35: 1.6938,
                                            36: 1.7297,
                                            37: 1.7601,
                                            38: 1.7729,
                                            39: 1.7536,
                                            40: 1.6857,
                                            41: 1.5529,
                                            42: 1.3404,
                                            43: 1.0372,
                                            44: 0.6376,
                                            45: 0.1487,
                                            46: -0.4005,
                                            47: -0.9675,
                                            48: -1.5155,
                                            49: -2.0177,
                                            50: -2.4521,
                                            51: -2.8094,
                                            52: -3.1064,
                                            53: -3.3643,
                                            54: -3.5785,
                                            55: -3.7247,
                                            56: -3.7799,
                                            57: -3.7287,
                                            58: -3.5607,
                                            59: -3.2734,
                                            60: -2.8753,
                                            61: -2.3798,
                                            62: -1.7969,
                                            63: -1.139,
                                            64: -0.4316,
                                            65: 0.287,
                                            66: 0.9723,
                                            67: 1.5785,
                                            68: 2.0646,
                                            69: 2.3984,
                                            70: 2.5575,
                                            71: 2.5309,
                                            72: 2.3225,
                                            73: 1.9519,
                                            74: 1.4499,
                                            75: 0.8528,
                                            76: 0.1978,
                                            77: -0.4754,
                                            78: -1.1201,
                                            79: -1.688,
                                            80: -2.136,
                                            81: -2.4314,
                                            82: -2.5547,
                                            83: -2.5009,
                                            84: -2.2781,
                                            85: -1.9051,
                                            86: -1.4083,
                                            87: -0.8196,
                                            88: -0.1738,
                                            89: 0.4927,
                                            90: 1.1426,
                                            91: 1.7402,
                                            92: 2.2559,
                                            93: 2.6666,
                                            94: 2.9534,
                                            95: 3.1021,
                                            96: 3.1035,
                                            97: 2.9585,
                                            98: 2.6844,
                                            99: 2.3114,
                                            100: 1.8703,
                                            101: 1.389,
                                            102: 0.8956,
                                            103: 0.4162,
                                            104: -0.0295,
                                            105: -0.4279,
                                            106: -0.7696,
                                            107: -1.0487,
                                            108: -1.262,
                                            109: -1.4092,
                                            110: -1.4927,
                                            111: -1.5167,
                                            112: -1.4875,
                                            113: -1.4123,
                                            114: -1.2995,
                                            115: -1.1578,
                                            116: -0.996,
                                            117: -0.8227,
                                            118: -0.6458,
                                            119: -0.4724,
                                            120: -0.3089,
                                            121: -0.1602,
                                            122: -0.0304,
                                            123: 0.0779,
                                            124: 0.1629,
                                            125: 0.2242,
                                            126: 0.2622,
                                            127: 0.2783,
                                            128: 0.2744,
                                            129: 0.2531,
                                            130: 0.2172,
                                            131: 0.1701,
                                            132: 0.1149,
                                            133: 0.0549,
                                            134: -0.007,
                                            135: -0.068,
                                            136: -0.1255,
                                            137: -0.1775,
                                            138: -0.2225,
                                            139: -0.2592,
                                            140: -0.2869,
                                            141: -0.3051,
                                            142: -0.3141,
                                            143: -0.314,
                                            144: -0.3057,
                                            145: -0.2899,
                                            146: -0.2678,
                                            147: -0.2404,
                                            148: -0.2091,
                                            149: -0.1751,
                                            150: -0.1395,
                                        }
                                    }
                                }
                            }
                        }

                        over "Hair_BR2_0_ctl"
                        {
                            double avars:rz.timeSamples = {
                                1: 0.26,
                                2: 0.2635,
                                3: 0.2668,
                                4: 0.2697,
                                5: 0.2724,
                                6: 0.2746,
                                7: 0.2811,
                                8: 0.3076,
                                9: 0.4563,
                                10: 0.791,
                                11: 1.2907,
                                12: 1.9193,
                                13: 2.6246,
                                14: 3.3583,
                                15: 4.0586,
                                16: 4.6656,
                                17: 5.1217,
                                18: 5.3747,
                                19: 5.3809,
                                20: 5.1065,
                                21: 4.5415,
                                22: 3.7182,
                                23: 2.7847,
                                24: 1.8771,
                                25: 1.0397,
                                26: 0.3031,
                                27: -0.3335,
                                28: -0.895,
                                29: -1.533,
                                30: -2.3286,
                                31: -3.2343,
                                32: -4.1839,
                                33: -5.0991,
                                34: -5.9193,
                                35: -6.5808,
                                36: -7.0367,
                                37: -7.2573,
                                38: -7.231,
                                39: -6.9653,
                                40: -6.4842,
                                41: -5.8245,
                                42: -5.0309,
                                43: -4.1491,
                                44: -3.2197,
                                45: -2.2642,
                                46: -1.27,
                                47: -0.3212,
                                48: 0.487,
                                49: 1.1348,
                                50: 1.6076,
                                51: 1.9025,
                                52: 1.987,
                                53: 2.0458,
                                54: 2.2409,
                                55: 2.5977,
                                56: 3.1067,
                                57: 3.7005,
                                58: 4.2964,
                                59: 4.7632,
                                60: 4.9635,
                                61: 4.7834,
                                62: 4.173,
                                63: 3.2022,
                                64: 2.0028,
                                65: 0.6513,
                                66: -0.7679,
                                67: -2.1816,
                                68: -3.5052,
                                69: -4.6638,
                                70: -5.5868,
                                71: -6.2082,
                                72: -6.4612,
                                73: -6.2921,
                                74: -5.7201,
                                75: -4.7992,
                                76: -3.617,
                                77: -2.2672,
                                78: -0.8362,
                                79: 0.605,
                                80: 1.9948,
                                81: 3.2769,
                                82: 4.3996,
                                83: 5.3136,
                                84: 5.9723,
                                85: 6.3263,
                                86: 6.3142,
                                87: 5.9306,
                                88: 5.2362,
                                89: 4.294,
                                90: 3.1909,
                                91: 2.0061,
                                92: 0.8139,
                                93: -0.3297,
                                94: -1.3751,
                                95: -2.2784,
                                96: -3.0017,
                                97: -3.5045,
                                98: -3.7298,
                                99: -3.7205,
                                100: -3.5528,
                                101: -3.2545,
                                102: -2.8595,
                                103: -2.3887,
                                104: -1.8759,
                                105: -1.3427,
                                106: -0.8112,
                                107: -0.3009,
                                108: 0.1715,
                                109: 0.5929,
                                110: 0.9533,
                                111: 1.2464,
                                112: 1.4688,
                                113: 1.6204,
                                114: 1.7037,
                                115: 1.7234,
                                116: 1.6859,
                                117: 1.5993,
                                118: 1.4724,
                                119: 1.3145,
                                120: 1.1349,
                                121: 0.9429,
                                122: 0.7469,
                                123: 0.5546,
                                124: 0.3725,
                                125: 0.2062,
                                126: 0.0598,
                                127: -0.0637,
                                128: -0.1626,
                                129: -0.2364,
                                130: -0.2856,
                                131: -0.3114,
                                132: -0.316,
                                133: -0.3022,
                                134: -0.273,
                                135: -0.2317,
                                136: -0.1818,
                                137: -0.1267,
                                138: -0.0696,
                                139: -0.0135,
                                140: 0.0392,
                                141: 0.0863,
                                142: 0.126,
                                143: 0.1572,
                                144: 0.179,
                                145: 0.1912,
                                146: 0.1937,
                                147: 0.1871,
                                148: 0.1721,
                                149: 0.1496,
                                150: 0.1208,
                            }

                            over "Hair_BR2_1_ctl"
                            {
                                double avars:rz.timeSamples = {
                                    1: 0.3034,
                                    2: 0.3074,
                                    3: 0.3112,
                                    4: 0.3147,
                                    5: 0.3178,
                                    6: 0.3204,
                                    7: 0.3256,
                                    8: 0.3438,
                                    9: 0.3866,
                                    10: 0.4556,
                                    11: 0.5436,
                                    12: 0.641,
                                    13: 0.7403,
                                    14: 0.8394,
                                    15: 0.9391,
                                    16: 1.0386,
                                    17: 1.1342,
                                    18: 1.2206,
                                    19: 1.2919,
                                    20: 1.3424,
                                    21: 1.3751,
                                    22: 1.4151,
                                    23: 1.4959,
                                    24: 1.6307,
                                    25: 1.8091,
                                    26: 2.0112,
                                    27: 2.2076,
                                    28: 2.3561,
                                    29: 2.4216,
                                    30: 2.4041,
                                    31: 2.3316,
                                    32: 2.2396,
                                    33: 2.1581,
                                    34: 2.1035,
                                    35: 2.0798,
                                    36: 2.0839,
                                    37: 2.106,
                                    38: 2.1298,
                                    39: 2.133,
                                    40: 2.0884,
                                    41: 1.9668,
                                    42: 1.7401,
                                    43: 1.3851,
                                    44: 0.8871,
                                    45: 0.2483,
                                    46: -0.5026,
                                    47: -1.3184,
                                    48: -2.1522,
                                    49: -2.9622,
                                    50: -3.7086,
                                    51: -4.3638,
                                    52: -4.9277,
                                    53: -5.407,
                                    54: -5.7861,
                                    55: -6.0351,
                                    56: -6.1341,
                                    57: -6.0774,
                                    58: -5.866,
                                    59: -5.5108,
                                    60: -5.0371,
                                    61: -4.4665,
                                    62: -3.7922,
                                    63: -2.9963,
                                    64: -2.0929,
                                    65: -1.1317,
                                    66: -0.1785,
                                    67: 0.6972,
                                    68: 1.4318,
                                    69: 1.9751,
                                    70: 2.2917,
                                    71: 2.3624,
                                    72: 2.1887,
                                    73: 1.7928,
                                    74: 1.2115,
                                    75: 0.4884,
                                    76: -0.3316,
                                    77: -1.198,
                                    78: -2.0492,
                                    79: -2.8177,
                                    80: -3.4412,
                                    81: -3.8678,
                                    82: -4.0595,
                                    83: -3.9944,
                                    84: -3.6672,
                                    85: -3.0922,
                                    86: -2.3095,
                                    87: -1.377,
                                    88: -0.3536,
                                    89: 0.7082,
                                    90: 1.7593,
                                    91: 2.7499,
                                    92: 3.6281,
                                    93: 4.346,
                                    94: 4.8651,
                                    95: 5.1582,
                                    96: 5.2099,
                                    97: 5.0227,
                                    98: 4.6256,
                                    99: 4.0662,
                                    100: 3.3926,
                                    101: 2.6485,
                                    102: 1.8789,
                                    103: 1.127,
                                    104: 0.4261,
                                    105: -0.2014,
                                    106: -0.7398,
                                    107: -1.1785,
                                    108: -1.5121,
                                    109: -1.7397,
                                    110: -1.8645,
                                    111: -1.8934,
                                    112: -1.8361,
                                    113: -1.7043,
                                    114: -1.5115,
                                    115: -1.2718,
                                    116: -0.9996,
                                    117: -0.7089,
                                    118: -0.4128,
                                    119: -0.1232,
                                    120: 0.1497,
                                    121: 0.3972,
                                    122: 0.6128,
                                    123: 0.7917,
                                    124: 0.9312,
                                    125: 1.0301,
                                    126: 1.089,
                                    127: 1.1099,
                                    128: 1.0959,
                                    129: 1.0512,
                                    130: 0.9805,
                                    131: 0.889,
                                    132: 0.7819,
                                    133: 0.6646,
                                    134: 0.542,
                                    135: 0.419,
                                    136: 0.2995,
                                    137: 0.187,
                                    138: 0.0845,
                                    139: -0.0061,
                                    140: -0.0833,
                                    141: -0.1463,
                                    142: -0.1951,
                                    143: -0.2302,
                                    144: -0.2524,
                                    145: -0.263,
                                    146: -0.2637,
                                    147: -0.2561,
                                    148: -0.2423,
                                    149: -0.224,
                                    150: -0.2031,
                                }

                                over "Hair_BR2_2_ctl"
                                {
                                    double avars:rz.timeSamples = {
                                        1: 0.3034,
                                        2: 0.3074,
                                        3: 0.3112,
                                        4: 0.3147,
                                        5: 0.3178,
                                        6: 0.3204,
                                        7: 0.3256,
                                        8: 0.3438,
                                        9: 0.3864,
                                        10: 0.4543,
                                        11: 0.5391,
                                        12: 0.6298,
                                        13: 0.7169,
                                        14: 0.7965,
                                        15: 0.8676,
                                        16: 0.9281,
                                        17: 0.9733,
                                        18: 0.9976,
                                        19: 0.9956,
                                        20: 0.9628,
                                        21: 0.9043,
                                        22: 0.848,
                                        23: 0.8306,
                                        24: 0.8689,
                                        25: 0.9557,
                                        26: 1.0736,
                                        27: 1.1958,
                                        28: 1.2816,
                                        29: 1.2974,
                                        30: 1.2443,
                                        31: 1.152,
                                        32: 1.0576,
                                        33: 0.9926,
                                        34: 0.9751,
                                        35: 1.0103,
                                        36: 1.0958,
                                        37: 1.2222,
                                        38: 1.3728,
                                        39: 1.5239,
                                        40: 1.6465,
                                        41: 1.7086,
                                        42: 1.6787,
                                        43: 1.5294,
                                        44: 1.2414,
                                        45: 0.8116,
                                        46: 0.2631,
                                        47: -0.3627,
                                        48: -1.0237,
                                        49: -1.6826,
                                        50: -2.3024,
                                        51: -2.8576,
                                        52: -3.3488,
                                        53: -3.7829,
                                        54: -4.1442,
                                        55: -4.4032,
                                        56: -4.5404,
                                        57: -4.5503,
                                        58: -4.4334,
                                        59: -4.1996,
                                        60: -3.8715,
                                        61: -3.467,
                                        62: -2.9738,
                                        63: -2.3671,
                                        64: -1.6526,
                                        65: -0.8717,
                                        66: -0.0817,
                                        67: 0.6553,
                                        68: 1.2821,
                                        69: 1.7532,
                                        70: 2.0352,
                                        71: 2.1093,
                                        72: 1.9748,
                                        73: 1.6492,
                                        74: 1.1626,
                                        75: 0.5506,
                                        76: -0.1509,
                                        77: -0.9011,
                                        78: -1.6472,
                                        79: -2.3301,
                                        80: -2.8943,
                                        81: -3.2931,
                                        82: -3.4918,
                                        83: -3.4696,
                                        84: -3.2201,
                                        85: -2.7546,
                                        86: -2.1078,
                                        87: -1.3308,
                                        88: -0.4745,
                                        89: 0.4173,
                                        90: 1.3041,
                                        91: 2.1442,
                                        92: 2.893,
                                        93: 3.5084,
                                        94: 3.956,
                                        95: 4.2111,
                                        96: 4.2589,
                                        97: 4.1006,
                                        98: 3.7617,
                                        99: 3.2856,
                                        100: 2.7148,
                                        101: 2.0872,
                                        102: 1.4419,
                                        103: 0.8167,
                                        104: 0.2396,
                                        105: -0.2711,
                                        106: -0.7034,
                                        107: -1.0495,
                                        108: -1.3059,
                                        109: -1.4729,
                                        110: -1.5542,
                                        111: -1.5562,
                                        112: -1.4877,
                                        113: -1.3592,
                                        114: -1.1824,
                                        115: -0.9692,
                                        116: -0.732,
                                        117: -0.4823,
                                        118: -0.2311,
                                        119: 0.0119,
                                        120: 0.2383,
                                        121: 0.4414,
                                        122: 0.616,
                                        123: 0.7584,
                                        124: 0.8668,
                                        125: 0.9406,
                                        126: 0.9806,
                                        127: 0.9889,
                                        128: 0.9684,
                                        129: 0.9227,
                                        130: 0.8559,
                                        131: 0.7725,
                                        132: 0.6771,
                                        133: 0.574,
                                        134: 0.4675,
                                        135: 0.3615,
                                        136: 0.2593,
                                        137: 0.1637,
                                        138: 0.0769,
                                        139: 0.0006,
                                        140: -0.0642,
                                        141: -0.117,
                                        142: -0.1579,
                                        143: -0.1873,
                                        144: -0.2061,
                                        145: -0.2154,
                                        146: -0.2168,
                                        147: -0.2116,
                                        148: -0.2015,
                                        149: -0.1881,
                                        150: -0.1729,
                                    }
                                }
                            }
                        }

                        over "Hair_BR3_0_ctl"
                        {
                            double avars:rz.timeSamples = {
                                1: -0.2383,
                                2: -0.2284,
                                3: -0.218,
                                4: -0.2071,
                                5: -0.1957,
                                6: -0.1838,
                                7: -0.1627,
                                8: -0.1037,
                                9: 0.1084,
                                10: 0.5379,
                                11: 1.1523,
                                12: 1.8998,
                                13: 2.7129,
                                14: 3.5321,
                                15: 4.2888,
                                16: 4.9183,
                                17: 5.3603,
                                18: 5.5618,
                                19: 5.48,
                                20: 5.0841,
                                21: 4.3725,
                                22: 3.3983,
                                23: 2.3359,
                                24: 1.3371,
                                25: 0.4496,
                                26: -0.2999,
                                27: -0.924,
                                28: -1.4698,
                                29: -2.1105,
                                30: -2.9326,
                                31: -3.8788,
                                32: -4.8675,
                                33: -5.8054,
                                34: -6.6215,
                                35: -7.2465,
                                36: -7.63,
                                37: -7.7401,
                                38: -7.5659,
                                39: -7.1177,
                                40: -6.4246,
                                41: -5.5314,
                                42: -4.4917,
                                43: -3.3611,
                                44: -2.1897,
                                45: -1.0106,
                                46: 0.1704,
                                47: 1.2491,
                                48: 2.1208,
                                49: 2.7683,
                                50: 3.1873,
                                51: 3.3939,
                                52: 3.385,
                                53: 3.3721,
                                54: 3.5251,
                                55: 3.8587,
                                56: 4.3422,
                                57: 4.8846,
                                58: 5.3862,
                                59: 5.7043,
                                60: 5.6934,
                                61: 5.2433,
                                62: 4.3335,
                                63: 3.0793,
                                64: 1.6438,
                                65: 0.1157,
                                66: -1.4184,
                                67: -2.8885,
                                68: -4.2148,
                                69: -5.3268,
                                70: -6.1592,
                                71: -6.6525,
                                72: -6.7491,
                                73: -6.4082,
                                74: -5.6648,
                                75: -4.5874,
                                76: -3.2762,
                                77: -1.8345,
                                78: -0.356,
                                79: 1.0821,
                                80: 2.4152,
                                81: 3.591,
                                82: 4.5696,
                                83: 5.3223,
                                84: 5.8284,
                                85: 6.0602,
                                86: 5.9602,
                                87: 5.514,
                                88: 4.7763,
                                89: 3.8144,
                                90: 2.7244,
                                91: 1.5879,
                                92: 0.4679,
                                93: -0.5976,
                                94: -1.5735,
                                95: -2.4237,
                                96: -3.1132,
                                97: -3.6011,
                                98: -3.8294,
                                99: -3.8403,
                                100: -3.7097,
                                101: -3.4634,
                                102: -3.13,
                                103: -2.7229,
                                104: -2.2706,
                                105: -1.792,
                                106: -1.3079,
                                107: -0.8368,
                                108: -0.3944,
                                109: 0.0063,
                                110: 0.3555,
                                111: 0.6463,
                                112: 0.8751,
                                113: 1.0407,
                                114: 1.1448,
                                115: 1.1911,
                                116: 1.1849,
                                117: 1.1331,
                                118: 1.0436,
                                119: 0.9245,
                                120: 0.7843,
                                121: 0.6314,
                                122: 0.4737,
                                123: 0.3181,
                                124: 0.171,
                                125: 0.0375,
                                126: -0.0784,
                                127: -0.1736,
                                128: -0.2465,
                                129: -0.2963,
                                130: -0.3232,
                                131: -0.3284,
                                132: -0.3137,
                                133: -0.2814,
                                134: -0.2344,
                                135: -0.1758,
                                136: -0.1087,
                                137: -0.0363,
                                138: 0.0383,
                                139: 0.1123,
                                140: 0.1833,
                                141: 0.249,
                                142: 0.3078,
                                143: 0.3583,
                                144: 0.3997,
                                145: 0.4314,
                                146: 0.4535,
                                147: 0.466,
                                148: 0.4696,
                                149: 0.465,
                                150: 0.4533,
                            }

                            over "Hair_BR3_1_ctl"
                            {
                                double avars:rz.timeSamples = {
                                    1: -0.5561,
                                    2: -0.5329,
                                    3: -0.5086,
                                    4: -0.4832,
                                    5: -0.4567,
                                    6: -0.4289,
                                    7: -0.3883,
                                    8: -0.2966,
                                    9: -0.1139,
                                    10: 0.162,
                                    11: 0.4986,
                                    12: 0.8517,
                                    13: 1.181,
                                    14: 1.4629,
                                    15: 1.685,
                                    16: 1.8357,
                                    17: 1.9014,
                                    18: 1.8698,
                                    19: 1.7315,
                                    20: 1.4818,
                                    21: 1.1435,
                                    22: 0.8014,
                                    23: 0.566,
                                    24: 0.4936,
                                    25: 0.5761,
                                    26: 0.7752,
                                    27: 1.0227,
                                    28: 1.2082,
                                    29: 1.2365,
                                    30: 1.1034,
                                    31: 0.8822,
                                    32: 0.6685,
                                    33: 0.5461,
                                    34: 0.5655,
                                    35: 0.7457,
                                    36: 1.0872,
                                    37: 1.5735,
                                    38: 2.1703,
                                    39: 2.8259,
                                    40: 3.4738,
                                    41: 4.0383,
                                    42: 4.442,
                                    43: 4.6144,
                                    44: 4.5013,
                                    45: 4.0781,
                                    46: 3.3628,
                                    47: 2.4083,
                                    48: 1.2829,
                                    49: 0.0621,
                                    50: -1.1682,
                                    51: -2.3329,
                                    52: -3.3945,
                                    53: -4.3309,
                                    54: -5.1005,
                                    55: -5.6587,
                                    56: -5.9949,
                                    57: -6.1293,
                                    58: -6.086,
                                    59: -5.8989,
                                    60: -5.6226,
                                    61: -5.286,
                                    62: -4.8215,
                                    63: -4.1149,
                                    64: -3.1308,
                                    65: -1.9307,
                                    66: -0.6214,
                                    67: 0.6738,
                                    68: 1.8378,
                                    69: 2.7759,
                                    70: 3.4166,
                                    71: 3.7133,
                                    72: 3.6511,
                                    73: 3.2451,
                                    74: 2.5312,
                                    75: 1.5557,
                                    76: 0.3683,
                                    77: -0.9673,
                                    78: -2.361,
                                    79: -3.7074,
                                    80: -4.9035,
                                    81: -5.854,
                                    82: -6.4752,
                                    83: -6.6988,
                                    84: -6.4768,
                                    85: -5.8008,
                                    86: -4.7317,
                                    87: -3.3798,
                                    88: -1.8496,
                                    89: -0.218,
                                    90: 1.4516,
                                    91: 3.0843,
                                    92: 4.5798,
                                    93: 5.8334,
                                    94: 6.76,
                                    95: 7.3009,
                                    96: 7.4232,
                                    97: 7.1288,
                                    98: 6.4688,
                                    99: 5.5277,
                                    100: 4.3879,
                                    101: 3.1242,
                                    102: 1.8187,
                                    103: 0.5533,
                                    104: -0.6115,
                                    105: -1.6386,
                                    106: -2.504,
                                    107: -3.1925,
                                    108: -3.6973,
                                    109: -4.0191,
                                    110: -4.1656,
                                    111: -4.15,
                                    112: -3.99,
                                    113: -3.707,
                                    114: -3.3243,
                                    115: -2.8664,
                                    116: -2.3577,
                                    117: -1.8218,
                                    118: -1.2806,
                                    119: -0.7537,
                                    120: -0.2579,
                                    121: 0.193,
                                    122: 0.5886,
                                    123: 0.9218,
                                    124: 1.1883,
                                    125: 1.3873,
                                    126: 1.5201,
                                    127: 1.5907,
                                    128: 1.6048,
                                    129: 1.5695,
                                    130: 1.493,
                                    131: 1.384,
                                    132: 1.2514,
                                    133: 1.1039,
                                    134: 0.9498,
                                    135: 0.7965,
                                    136: 0.6505,
                                    137: 0.5173,
                                    138: 0.401,
                                    139: 0.3048,
                                    140: 0.2305,
                                    141: 0.1788,
                                    142: 0.1495,
                                    143: 0.1414,
                                    144: 0.1525,
                                    145: 0.1803,
                                    146: 0.2219,
                                    147: 0.274,
                                    148: 0.3334,
                                    149: 0.3967,
                                    150: 0.4607,
                                }
                            }
                        }

                        over "Hair_Fringe_1_0_ctl"
                        {
                            double avars:rz.timeSamples = {
                                1: -0.167,
                                2: -0.1513,
                                3: -0.1349,
                                4: -0.1179,
                                5: -0.1003,
                                6: -0.0822,
                                7: -0.0759,
                                8: -0.1166,
                                9: -0.1512,
                                10: -0.1164,
                                11: 0.0006,
                                12: 0.1975,
                                13: 0.4495,
                                14: 0.7335,
                                15: 1.0135,
                                16: 1.2575,
                                17: 1.4396,
                                18: 1.5428,
                                19: 1.5597,
                                20: 1.4923,
                                21: 1.3401,
                                22: 1.0849,
                                23: 0.7925,
                                24: 0.5472,
                                25: 0.3738,
                                26: 0.2838,
                                27: 0.2746,
                                28: 0.3693,
                                29: 0.469,
                                30: 0.4824,
                                31: 0.3997,
                                32: 0.2299,
                                33: 0.0048,
                                34: -0.2544,
                                35: -0.5171,
                                36: -0.7619,
                                37: -0.9755,
                                38: -1.1522,
                                39: -1.2916,
                                40: -1.3961,
                                41: -1.4677,
                                42: -1.5069,
                                43: -1.5116,
                                44: -1.4777,
                                45: -1.3811,
                                46: -1.1549,
                                47: -0.8425,
                                48: -0.5358,
                                49: -0.2755,
                                50: -0.0944,
                                51: -0.0229,
                                52: -0.1454,
                                53: -0.3193,
                                54: -0.3795,
                                55: -0.2754,
                                56: 0.003,
                                57: 0.4069,
                                58: 0.8827,
                                59: 1.34,
                                60: 1.6939,
                                61: 1.8552,
                                62: 1.7105,
                                63: 1.235,
                                64: 0.5485,
                                65: -0.2114,
                                66: -0.9092,
                                67: -1.4632,
                                68: -1.8226,
                                69: -1.9798,
                                70: -1.9522,
                                71: -1.7692,
                                72: -1.4526,
                                73: -1.0168,
                                74: -0.5179,
                                75: -0.0103,
                                76: 0.4566,
                                77: 0.8582,
                                78: 1.1865,
                                79: 1.4455,
                                80: 1.639,
                                81: 1.7603,
                                82: 1.7897,
                                83: 1.6974,
                                84: 1.4549,
                                85: 1.0558,
                                86: 0.5333,
                                87: -0.0095,
                                88: -0.4671,
                                89: -0.8155,
                                90: -1.0642,
                                91: -1.2338,
                                92: -1.3128,
                                93: -1.2889,
                                94: -1.1678,
                                95: -0.973,
                                96: -0.7344,
                                97: -0.4707,
                                98: -0.1744,
                                99: 0.083,
                                100: 0.234,
                                101: 0.2922,
                                102: 0.2795,
                                103: 0.2323,
                                104: 0.1686,
                                105: 0.1104,
                                106: 0.07,
                                107: 0.0529,
                                108: 0.0586,
                                109: 0.0823,
                                110: 0.1172,
                                111: 0.1562,
                                112: 0.1933,
                                113: 0.2242,
                                114: 0.2471,
                                115: 0.2617,
                                116: 0.2692,
                                117: 0.2717,
                                118: 0.2711,
                                119: 0.2693,
                                120: 0.2676,
                                121: 0.2667,
                                122: 0.2666,
                                123: 0.2671,
                                124: 0.2674,
                                125: 0.2671,
                                126: 0.2654,
                                127: 0.2621,
                                128: 0.2569,
                                129: 0.2498,
                                130: 0.2409,
                                131: 0.2304,
                                132: 0.2186,
                                133: 0.2057,
                                134: 0.1919,
                                135: 0.1773,
                                136: 0.1621,
                                137: 0.1462,
                                138: 0.1298,
                                139: 0.1127,
                                140: 0.0952,
                                141: 0.0772,
                                142: 0.0587,
                                143: 0.0399,
                                144: 0.0208,
                                145: 0.0016,
                                146: -0.0177,
                                147: -0.0368,
                                148: -0.0558,
                                149: -0.0745,
                                150: -0.0928,
                            }

                            over "Hair_Fringe_1_1_ctl"
                            {
                                double avars:rz.timeSamples = {
                                    1: -0.1948,
                                    2: -0.1766,
                                    3: -0.1574,
                                    4: -0.1375,
                                    5: -0.117,
                                    6: -0.0959,
                                    7: -0.0825,
                                    8: -0.1002,
                                    9: -0.164,
                                    10: -0.2553,
                                    11: -0.3351,
                                    12: -0.3691,
                                    13: -0.3344,
                                    14: -0.2178,
                                    15: -0.0187,
                                    16: 0.2489,
                                    17: 0.5605,
                                    18: 0.8877,
                                    19: 1.2041,
                                    20: 1.4894,
                                    21: 1.7247,
                                    22: 1.8845,
                                    23: 1.949,
                                    24: 1.9238,
                                    25: 1.8336,
                                    26: 1.7064,
                                    27: 1.5754,
                                    28: 1.4877,
                                    29: 1.4798,
                                    30: 1.5487,
                                    31: 1.6615,
                                    32: 1.7789,
                                    33: 1.8627,
                                    34: 1.8763,
                                    35: 1.7929,
                                    36: 1.6032,
                                    37: 1.3146,
                                    38: 0.9463,
                                    39: 0.5238,
                                    40: 0.0742,
                                    41: -0.3777,
                                    42: -0.8115,
                                    43: -1.2123,
                                    44: -1.5706,
                                    45: -1.8689,
                                    46: -2.0645,
                                    47: -2.1177,
                                    48: -2.0344,
                                    49: -1.8573,
                                    50: -1.6349,
                                    51: -1.4293,
                                    52: -1.3328,
                                    53: -1.4032,
                                    54: -1.599,
                                    55: -1.8162,
                                    56: -1.9554,
                                    57: -1.9442,
                                    58: -1.7384,
                                    59: -1.3315,
                                    60: -0.759,
                                    61: -0.0986,
                                    62: 0.5295,
                                    63: 1.0022,
                                    64: 1.2527,
                                    65: 1.2745,
                                    66: 1.0914,
                                    67: 0.7406,
                                    68: 0.2701,
                                    69: -0.2662,
                                    70: -0.817,
                                    71: -1.3386,
                                    72: -1.7923,
                                    73: -2.1415,
                                    74: -2.3561,
                                    75: -2.421,
                                    76: -2.3367,
                                    77: -2.1135,
                                    78: -1.7682,
                                    79: -1.3254,
                                    80: -0.8195,
                                    81: -0.2928,
                                    82: 0.2082,
                                    83: 0.6391,
                                    84: 0.9652,
                                    85: 1.1752,
                                    86: 1.2898,
                                    87: 1.3442,
                                    88: 1.3575,
                                    89: 1.3252,
                                    90: 1.2299,
                                    91: 1.0647,
                                    92: 0.851,
                                    93: 0.623,
                                    94: 0.4049,
                                    95: 0.2056,
                                    96: 0.0242,
                                    97: -0.1392,
                                    98: -0.2732,
                                    99: -0.3604,
                                    100: -0.391,
                                    101: -0.3654,
                                    102: -0.2898,
                                    103: -0.1767,
                                    104: -0.0471,
                                    105: 0.0757,
                                    106: 0.1746,
                                    107: 0.2419,
                                    108: 0.2775,
                                    109: 0.2873,
                                    110: 0.2799,
                                    111: 0.2645,
                                    112: 0.2491,
                                    113: 0.2389,
                                    114: 0.2367,
                                    115: 0.2427,
                                    116: 0.2551,
                                    117: 0.2714,
                                    118: 0.2888,
                                    119: 0.3047,
                                    120: 0.3174,
                                    121: 0.3258,
                                    122: 0.3297,
                                    123: 0.3297,
                                    124: 0.3264,
                                    125: 0.3206,
                                    126: 0.3132,
                                    127: 0.3048,
                                    128: 0.2956,
                                    129: 0.2859,
                                    130: 0.2755,
                                    131: 0.2643,
                                    132: 0.2521,
                                    133: 0.2387,
                                    134: 0.224,
                                    135: 0.208,
                                    136: 0.1907,
                                    137: 0.1723,
                                    138: 0.1528,
                                    139: 0.1325,
                                    140: 0.1115,
                                    141: 0.09,
                                    142: 0.0682,
                                    143: 0.046,
                                    144: 0.0238,
                                    145: 0.0014,
                                    146: -0.0209,
                                    147: -0.0431,
                                    148: -0.0651,
                                    149: -0.0868,
                                    150: -0.1081,
                                }

                                over "Hair_Fringe_1_2_ctl"
                                {
                                    double avars:rz.timeSamples = {
                                        1: -0.1948,
                                        2: -0.1766,
                                        3: -0.1574,
                                        4: -0.1375,
                                        5: -0.117,
                                        6: -0.0959,
                                        7: -0.0825,
                                        8: -0.1002,
                                        9: -0.1639,
                                        10: -0.2547,
                                        11: -0.3331,
                                        12: -0.3645,
                                        13: -0.3255,
                                        14: -0.2027,
                                        15: 0.0043,
                                        16: 0.2814,
                                        17: 0.6036,
                                        18: 0.9419,
                                        19: 1.2694,
                                        20: 1.565,
                                        21: 1.8092,
                                        22: 1.9761,
                                        23: 2.0456,
                                        24: 2.0229,
                                        25: 1.9334,
                                        26: 1.8054,
                                        27: 1.6728,
                                        28: 1.5831,
                                        29: 1.5731,
                                        30: 1.6399,
                                        31: 1.75,
                                        32: 1.8635,
                                        33: 1.9415,
                                        34: 1.947,
                                        35: 1.8528,
                                        36: 1.6496,
                                        37: 1.3453,
                                        38: 0.9595,
                                        39: 0.5186,
                                        40: 0.0503,
                                        41: -0.4198,
                                        42: -0.8708,
                                        43: -1.2872,
                                        44: -1.6591,
                                        45: -1.9686,
                                        46: -2.1726,
                                        47: -2.2313,
                                        48: -2.1507,
                                        49: -1.974,
                                        50: -1.7504,
                                        51: -1.5427,
                                        52: -1.4436,
                                        53: -1.5116,
                                        54: -1.7047,
                                        55: -1.9181,
                                        56: -2.0515,
                                        57: -2.0319,
                                        58: -1.8146,
                                        59: -1.3934,
                                        60: -0.8048,
                                        61: -0.1277,
                                        62: 0.5159,
                                        63: 1.001,
                                        64: 1.2595,
                                        65: 1.284,
                                        66: 1.0979,
                                        67: 0.739,
                                        68: 0.2564,
                                        69: -0.2946,
                                        70: -0.861,
                                        71: -1.3976,
                                        72: -1.8642,
                                        73: -2.2227,
                                        74: -2.4422,
                                        75: -2.5071,
                                        76: -2.4178,
                                        77: -2.185,
                                        78: -1.826,
                                        79: -1.3665,
                                        80: -0.8419,
                                        81: -0.2957,
                                        82: 0.2247,
                                        83: 0.6739,
                                        84: 1.0165,
                                        85: 1.2403,
                                        86: 1.3658,
                                        87: 1.4273,
                                        88: 1.4438,
                                        89: 1.4109,
                                        90: 1.3114,
                                        91: 1.1389,
                                        92: 0.9156,
                                        93: 0.6764,
                                        94: 0.4464,
                                        95: 0.2353,
                                        96: 0.0429,
                                        97: -0.13,
                                        98: -0.2716,
                                        99: -0.364,
                                        100: -0.3975,
                                        101: -0.3726,
                                        102: -0.2962,
                                        103: -0.1814,
                                        104: -0.0497,
                                        105: 0.0751,
                                        106: 0.1756,
                                        107: 0.2437,
                                        108: 0.2797,
                                        109: 0.2893,
                                        110: 0.2814,
                                        111: 0.2654,
                                        112: 0.2493,
                                        113: 0.2387,
                                        114: 0.2362,
                                        115: 0.242,
                                        116: 0.2545,
                                        117: 0.271,
                                        118: 0.2885,
                                        119: 0.3046,
                                        120: 0.3174,
                                        121: 0.3259,
                                        122: 0.3299,
                                        123: 0.3299,
                                        124: 0.3265,
                                        125: 0.3207,
                                        126: 0.3133,
                                        127: 0.3048,
                                        128: 0.2956,
                                        129: 0.2858,
                                        130: 0.2754,
                                        131: 0.2643,
                                        132: 0.2521,
                                        133: 0.2387,
                                        134: 0.224,
                                        135: 0.208,
                                        136: 0.1907,
                                        137: 0.1723,
                                        138: 0.1528,
                                        139: 0.1325,
                                        140: 0.1115,
                                        141: 0.09,
                                        142: 0.0682,
                                        143: 0.046,
                                        144: 0.0237,
                                        145: 0.0014,
                                        146: -0.0209,
                                        147: -0.0431,
                                        148: -0.0651,
                                        149: -0.0868,
                                        150: -0.1081,
                                    }
                                }
                            }
                        }

                        over "Hair_Fringe_2_0_ctl"
                        {
                            double avars:rz.timeSamples = {
                                1: 0.0619,
                                2: 0.0767,
                                3: 0.0912,
                                4: 0.1055,
                                5: 0.1195,
                                6: 0.1331,
                                7: 0.1339,
                                8: 0.0859,
                                9: 0.0405,
                                10: 0.0587,
                                11: 0.1515,
                                12: 0.3164,
                                13: 0.5304,
                                14: 0.7753,
                                15: 1.0218,
                                16: 1.245,
                                17: 1.4251,
                                18: 1.5488,
                                19: 1.6096,
                                20: 1.6065,
                                21: 1.5286,
                                22: 1.3354,
                                23: 1.0694,
                                24: 0.8082,
                                25: 0.586,
                                26: 0.4289,
                                27: 0.3537,
                                28: 0.4097,
                                29: 0.5148,
                                30: 0.5676,
                                31: 0.5308,
                                32: 0.3864,
                                33: 0.148,
                                34: -0.1697,
                                35: -0.5311,
                                36: -0.8997,
                                37: -1.2415,
                                38: -1.5288,
                                39: -1.7425,
                                40: -1.8718,
                                41: -1.9137,
                                42: -1.8712,
                                43: -1.7516,
                                44: -1.5651,
                                45: -1.3101,
                                46: -0.9546,
                                47: -0.5744,
                                48: -0.2688,
                                49: -0.0629,
                                50: 0.0335,
                                51: 0.021,
                                52: -0.1441,
                                53: -0.2977,
                                54: -0.2984,
                                55: -0.1428,
                                56: 0.1413,
                                57: 0.4918,
                                58: 0.8661,
                                59: 1.2035,
                                60: 1.4558,
                                61: 1.5671,
                                62: 1.4445,
                                63: 1.0566,
                                64: 0.4862,
                                65: -0.1748,
                                66: -0.821,
                                67: -1.3783,
                                68: -1.7826,
                                69: -2.0007,
                                70: -2.0221,
                                71: -1.8559,
                                72: -1.5204,
                                73: -1.0412,
                                74: -0.4914,
                                75: 0.0596,
                                76: 0.5518,
                                77: 0.9467,
                                78: 1.2178,
                                79: 1.36,
                                80: 1.393,
                                81: 1.3522,
                                82: 1.2744,
                                83: 1.1843,
                                84: 1.0884,
                                85: 0.9654,
                                86: 0.7576,
                                87: 0.4511,
                                88: 0.0926,
                                89: -0.2747,
                                90: -0.5957,
                                91: -0.8395,
                                92: -0.9955,
                                93: -1.0791,
                                94: -1.108,
                                95: -1.094,
                                96: -1.0405,
                                97: -0.9331,
                                98: -0.728,
                                99: -0.4746,
                                100: -0.2506,
                                101: -0.0754,
                                102: 0.0383,
                                103: 0.1002,
                                104: 0.1125,
                                105: 0.0921,
                                106: 0.0549,
                                107: 0.0153,
                                108: -0.0158,
                                109: -0.0324,
                                110: -0.0327,
                                111: -0.0185,
                                112: 0.0062,
                                113: 0.0364,
                                114: 0.0678,
                                115: 0.0968,
                                116: 0.1213,
                                117: 0.1406,
                                118: 0.1549,
                                119: 0.1655,
                                120: 0.1736,
                                121: 0.1806,
                                122: 0.1876,
                                123: 0.1951,
                                124: 0.2036,
                                125: 0.2127,
                                126: 0.2222,
                                127: 0.2317,
                                128: 0.2406,
                                129: 0.2487,
                                130: 0.2556,
                                131: 0.2613,
                                132: 0.2658,
                                133: 0.269,
                                134: 0.2712,
                                135: 0.2725,
                                136: 0.2729,
                                137: 0.2726,
                                138: 0.2715,
                                139: 0.2697,
                                140: 0.2671,
                                141: 0.2638,
                                142: 0.2596,
                                143: 0.2547,
                                144: 0.2489,
                                145: 0.2422,
                                146: 0.2348,
                                147: 0.2266,
                                148: 0.2176,
                                149: 0.208,
                                150: 0.1977,
                            }

                            over "Hair_Fringe_2_1_ctl"
                            {
                                double avars:rz.timeSamples = {
                                    1: 0.0722,
                                    2: 0.0894,
                                    3: 0.1065,
                                    4: 0.1231,
                                    5: 0.1394,
                                    6: 0.1553,
                                    7: 0.1624,
                                    8: 0.1368,
                                    9: 0.0624,
                                    10: -0.0437,
                                    11: -0.1437,
                                    12: -0.2034,
                                    13: -0.1986,
                                    14: -0.1128,
                                    15: 0.059,
                                    16: 0.3076,
                                    17: 0.6125,
                                    18: 0.9481,
                                    19: 1.2884,
                                    20: 1.6111,
                                    21: 1.8906,
                                    22: 2.0863,
                                    23: 2.1631,
                                    24: 2.122,
                                    25: 1.9942,
                                    26: 1.8172,
                                    27: 1.6375,
                                    28: 1.5194,
                                    29: 1.5107,
                                    30: 1.6017,
                                    31: 1.7411,
                                    32: 1.8717,
                                    33: 1.9432,
                                    34: 1.9147,
                                    35: 1.7627,
                                    36: 1.4879,
                                    37: 1.1116,
                                    38: 0.6676,
                                    39: 0.1941,
                                    40: -0.2734,
                                    41: -0.7065,
                                    42: -1.0865,
                                    43: -1.4048,
                                    44: -1.6615,
                                    45: -1.854,
                                    46: -1.9631,
                                    47: -1.9705,
                                    48: -1.8869,
                                    49: -1.7451,
                                    50: -1.5779,
                                    51: -1.4269,
                                    52: -1.3571,
                                    53: -1.4122,
                                    54: -1.5665,
                                    55: -1.7474,
                                    56: -1.8808,
                                    57: -1.9032,
                                    58: -1.763,
                                    59: -1.4339,
                                    60: -0.9271,
                                    61: -0.298,
                                    62: 0.3468,
                                    63: 0.8797,
                                    64: 1.2093,
                                    65: 1.2987,
                                    66: 1.1513,
                                    67: 0.7996,
                                    68: 0.3003,
                                    69: -0.2757,
                                    70: -0.8584,
                                    71: -1.3907,
                                    72: -1.8317,
                                    73: -2.1518,
                                    74: -2.3327,
                                    75: -2.3691,
                                    76: -2.2687,
                                    77: -2.051,
                                    78: -1.745,
                                    79: -1.3816,
                                    80: -0.9844,
                                    81: -0.5677,
                                    82: -0.1403,
                                    83: 0.2897,
                                    84: 0.711,
                                    85: 1.1022,
                                    86: 1.4238,
                                    87: 1.6326,
                                    88: 1.7088,
                                    89: 1.6607,
                                    90: 1.5137,
                                    91: 1.2957,
                                    92: 1.0271,
                                    93: 0.724,
                                    94: 0.4023,
                                    95: 0.079,
                                    96: -0.2292,
                                    97: -0.5,
                                    98: -0.698,
                                    99: -0.791,
                                    100: -0.7759,
                                    101: -0.6749,
                                    102: -0.5175,
                                    103: -0.334,
                                    104: -0.1556,
                                    105: -0.0093,
                                    106: 0.0904,
                                    107: 0.1416,
                                    108: 0.152,
                                    109: 0.1345,
                                    110: 0.1037,
                                    111: 0.0723,
                                    112: 0.0494,
                                    113: 0.0401,
                                    114: 0.0452,
                                    115: 0.0628,
                                    116: 0.0891,
                                    117: 0.1196,
                                    118: 0.1503,
                                    119: 0.1782,
                                    120: 0.2015,
                                    121: 0.2198,
                                    122: 0.2335,
                                    123: 0.2436,
                                    124: 0.2513,
                                    125: 0.258,
                                    126: 0.2644,
                                    127: 0.2711,
                                    128: 0.2783,
                                    129: 0.2859,
                                    130: 0.2934,
                                    131: 0.3006,
                                    132: 0.3069,
                                    133: 0.3121,
                                    134: 0.316,
                                    135: 0.3185,
                                    136: 0.3196,
                                    137: 0.3194,
                                    138: 0.3181,
                                    139: 0.3156,
                                    140: 0.3122,
                                    141: 0.3079,
                                    142: 0.3028,
                                    143: 0.2968,
                                    144: 0.2899,
                                    145: 0.2822,
                                    146: 0.2736,
                                    147: 0.2642,
                                    148: 0.2539,
                                    149: 0.2427,
                                    150: 0.2307,
                                }

                                over "Hair_Fringe_2_2_ctl"
                                {
                                    double avars:rz.timeSamples = {
                                        1: 0.0722,
                                        2: 0.0894,
                                        3: 0.1065,
                                        4: 0.1231,
                                        5: 0.1394,
                                        6: 0.1553,
                                        7: 0.1624,
                                        8: 0.1368,
                                        9: 0.0625,
                                        10: -0.0431,
                                        11: -0.1417,
                                        12: -0.1987,
                                        13: -0.1896,
                                        14: -0.0978,
                                        15: 0.082,
                                        16: 0.3401,
                                        17: 0.6557,
                                        18: 1.0024,
                                        19: 1.3537,
                                        20: 1.6867,
                                        21: 1.9751,
                                        22: 2.178,
                                        23: 2.2597,
                                        24: 2.2212,
                                        25: 2.094,
                                        26: 1.9163,
                                        27: 1.7349,
                                        28: 1.6148,
                                        29: 1.604,
                                        30: 1.6929,
                                        31: 1.8297,
                                        32: 1.9564,
                                        33: 2.0221,
                                        34: 1.9854,
                                        35: 1.8226,
                                        36: 1.5343,
                                        37: 1.1423,
                                        38: 0.6809,
                                        39: 0.189,
                                        40: -0.2972,
                                        41: -0.7486,
                                        42: -1.1458,
                                        43: -1.4797,
                                        44: -1.75,
                                        45: -1.9537,
                                        46: -2.0712,
                                        47: -2.0841,
                                        48: -2.0032,
                                        49: -1.8618,
                                        50: -1.6934,
                                        51: -1.5402,
                                        52: -1.468,
                                        53: -1.5207,
                                        54: -1.6722,
                                        55: -1.8494,
                                        56: -1.977,
                                        57: -1.9909,
                                        58: -1.8392,
                                        59: -1.4958,
                                        60: -0.9729,
                                        61: -0.3272,
                                        62: 0.3331,
                                        63: 0.8785,
                                        64: 1.2161,
                                        65: 1.3081,
                                        66: 1.1578,
                                        67: 0.7981,
                                        68: 0.2866,
                                        69: -0.304,
                                        70: -0.9024,
                                        71: -1.4498,
                                        72: -1.9035,
                                        73: -2.233,
                                        74: -2.4189,
                                        75: -2.4553,
                                        76: -2.3499,
                                        77: -2.1224,
                                        78: -1.8028,
                                        79: -1.4227,
                                        80: -1.0068,
                                        81: -0.5706,
                                        82: -0.1238,
                                        83: 0.3245,
                                        84: 0.7623,
                                        85: 1.1674,
                                        86: 1.4997,
                                        87: 1.7157,
                                        88: 1.7951,
                                        89: 1.7464,
                                        90: 1.5952,
                                        91: 1.3698,
                                        92: 1.0916,
                                        93: 0.7774,
                                        94: 0.4438,
                                        95: 0.1087,
                                        96: -0.2104,
                                        97: -0.4909,
                                        98: -0.6964,
                                        99: -0.7946,
                                        100: -0.7823,
                                        101: -0.6821,
                                        102: -0.524,
                                        103: -0.3387,
                                        104: -0.1582,
                                        105: -0.0099,
                                        106: 0.0913,
                                        107: 0.1435,
                                        108: 0.1542,
                                        109: 0.1365,
                                        110: 0.1052,
                                        111: 0.0731,
                                        112: 0.0497,
                                        113: 0.0398,
                                        114: 0.0447,
                                        115: 0.0622,
                                        116: 0.0885,
                                        117: 0.1191,
                                        118: 0.15,
                                        119: 0.1781,
                                        120: 0.2016,
                                        121: 0.22,
                                        122: 0.2337,
                                        123: 0.2437,
                                        124: 0.2515,
                                        125: 0.2581,
                                        126: 0.2644,
                                        127: 0.2711,
                                        128: 0.2783,
                                        129: 0.2858,
                                        130: 0.2934,
                                        131: 0.3005,
                                        132: 0.3069,
                                        133: 0.3121,
                                        134: 0.316,
                                        135: 0.3185,
                                        136: 0.3196,
                                        137: 0.3195,
                                        138: 0.3181,
                                        139: 0.3156,
                                        140: 0.3122,
                                        141: 0.3079,
                                        142: 0.3028,
                                        143: 0.2968,
                                        144: 0.2899,
                                        145: 0.2822,
                                        146: 0.2736,
                                        147: 0.2642,
                                        148: 0.2539,
                                        149: 0.2427,
                                        150: 0.2307,
                                    }
                                }
                            }
                        }

                        over "Hair_Fringe_3_0_ctl"
                        {
                            double avars:rz.timeSamples = {
                                1: -0.0534,
                                2: -0.0337,
                                3: -0.0139,
                                4: 0.006,
                                5: 0.0258,
                                6: 0.0455,
                                7: 0.0541,
                                8: 0.0199,
                                9: -0.0043,
                                10: 0.036,
                                11: 0.1415,
                                12: 0.3024,
                                13: 0.4953,
                                14: 0.707,
                                15: 0.9173,
                                16: 1.1111,
                                17: 1.2767,
                                18: 1.4062,
                                19: 1.4948,
                                20: 1.5397,
                                21: 1.5225,
                                22: 1.3889,
                                23: 1.1663,
                                24: 0.9255,
                                25: 0.7015,
                                26: 0.5253,
                                27: 0.4222,
                                28: 0.4543,
                                29: 0.549,
                                30: 0.6025,
                                31: 0.567,
                                32: 0.4146,
                                33: 0.1536,
                                34: -0.2032,
                                35: -0.6163,
                                36: -1.0413,
                                37: -1.4333,
                                38: -1.7545,
                                39: -1.978,
                                40: -2.0896,
                                41: -2.0877,
                                42: -1.9806,
                                43: -1.7837,
                                44: -1.5163,
                                45: -1.1903,
                                46: -0.7961,
                                47: -0.4273,
                                48: -0.179,
                                49: -0.0547,
                                50: -0.0405,
                                51: -0.112,
                                52: -0.2854,
                                53: -0.388,
                                54: -0.3075,
                                55: -0.0866,
                                56: 0.2128,
                                57: 0.518,
                                58: 0.7982,
                                59: 1.019,
                                60: 1.1617,
                                61: 1.1964,
                                62: 1.0516,
                                63: 0.7029,
                                64: 0.2192,
                                65: -0.3352,
                                66: -0.8818,
                                67: -1.3647,
                                68: -1.7273,
                                69: -1.9336,
                                70: -1.9634,
                                71: -1.8158,
                                72: -1.5038,
                                73: -1.0511,
                                74: -0.5276,
                                75: 0.0046,
                                76: 0.4951,
                                77: 0.9088,
                                78: 1.2107,
                                79: 1.3827,
                                80: 1.4368,
                                81: 1.4087,
                                82: 1.3407,
                                83: 1.2652,
                                84: 1.1947,
                                85: 1.1109,
                                86: 0.9543,
                                87: 0.7042,
                                88: 0.3984,
                                89: 0.0715,
                                90: -0.2285,
                                91: -0.4735,
                                92: -0.6502,
                                93: -0.7667,
                                94: -0.8319,
                                95: -0.8491,
                                96: -0.8152,
                                97: -0.7131,
                                98: -0.5014,
                                99: -0.2353,
                                100: 0.0027,
                                101: 0.191,
                                102: 0.3161,
                                103: 0.3877,
                                104: 0.4073,
                                105: 0.3902,
                                106: 0.3517,
                                107: 0.3063,
                                108: 0.2654,
                                109: 0.2361,
                                110: 0.2211,
                                111: 0.2193,
                                112: 0.2273,
                                113: 0.2407,
                                114: 0.2549,
                                115: 0.2663,
                                116: 0.2727,
                                117: 0.273,
                                118: 0.2674,
                                119: 0.2569,
                                120: 0.243,
                                121: 0.2269,
                                122: 0.21,
                                123: 0.193,
                                124: 0.1764,
                                125: 0.1602,
                                126: 0.1443,
                                127: 0.1283,
                                128: 0.1119,
                                129: 0.095,
                                130: 0.0772,
                                131: 0.0586,
                                132: 0.0393,
                                133: 0.0195,
                                134: -0.0007,
                                135: -0.021,
                                136: -0.0412,
                                137: -0.0611,
                                138: -0.0805,
                                139: -0.0994,
                                140: -0.1177,
                                141: -0.1353,
                                142: -0.1521,
                                143: -0.1681,
                                144: -0.1833,
                                145: -0.1976,
                                146: -0.2108,
                                147: -0.223,
                                148: -0.234,
                                149: -0.2438,
                                150: -0.2524,
                            }

                            over "Hair_Fringe_3_1_ctl"
                            {
                                double avars:rz.timeSamples = {
                                    1: -0.0623,
                                    2: -0.0394,
                                    3: -0.0162,
                                    4: 0.007,
                                    5: 0.0301,
                                    6: 0.0531,
                                    7: 0.0686,
                                    8: 0.0553,
                                    9: -0.0017,
                                    10: -0.0899,
                                    11: -0.1782,
                                    12: -0.2373,
                                    13: -0.2435,
                                    14: -0.177,
                                    15: -0.0265,
                                    16: 0.2052,
                                    17: 0.503,
                                    18: 0.8447,
                                    19: 1.2056,
                                    20: 1.5622,
                                    21: 1.8838,
                                    22: 2.1205,
                                    23: 2.2273,
                                    24: 2.2006,
                                    25: 2.0721,
                                    26: 1.8827,
                                    27: 1.6841,
                                    28: 1.5498,
                                    29: 1.5335,
                                    30: 1.624,
                                    31: 1.7631,
                                    32: 1.8871,
                                    33: 1.9417,
                                    34: 1.8853,
                                    35: 1.6967,
                                    36: 1.382,
                                    37: 0.9697,
                                    38: 0.5006,
                                    39: 0.0177,
                                    40: -0.4408,
                                    41: -0.8476,
                                    42: -1.1875,
                                    43: -1.4572,
                                    44: -1.6629,
                                    45: -1.811,
                                    46: -1.8971,
                                    47: -1.9149,
                                    48: -1.8721,
                                    49: -1.787,
                                    50: -1.6769,
                                    51: -1.5672,
                                    52: -1.5048,
                                    53: -1.5275,
                                    54: -1.6288,
                                    55: -1.7671,
                                    56: -1.8909,
                                    57: -1.9437,
                                    58: -1.8661,
                                    59: -1.6142,
                                    60: -1.1796,
                                    61: -0.6001,
                                    62: 0.0316,
                                    63: 0.5929,
                                    64: 0.9828,
                                    65: 1.1463,
                                    66: 1.0688,
                                    67: 0.7705,
                                    68: 0.3032,
                                    69: -0.2603,
                                    70: -0.8436,
                                    71: -1.3829,
                                    72: -1.8338,
                                    73: -2.1656,
                                    74: -2.3577,
                                    75: -2.4001,
                                    76: -2.294,
                                    77: -2.0566,
                                    78: -1.7229,
                                    79: -1.3323,
                                    80: -0.9135,
                                    81: -0.4809,
                                    82: -0.0393,
                                    83: 0.4078,
                                    84: 0.8536,
                                    85: 1.2784,
                                    86: 1.6412,
                                    87: 1.8947,
                                    88: 2.0129,
                                    89: 1.9982,
                                    90: 1.8716,
                                    91: 1.6586,
                                    92: 1.3818,
                                    93: 1.0618,
                                    94: 0.7206,
                                    95: 0.3806,
                                    96: 0.0629,
                                    97: -0.2084,
                                    98: -0.3996,
                                    99: -0.4822,
                                    100: -0.4565,
                                    101: -0.3463,
                                    102: -0.1814,
                                    103: 0.0078,
                                    104: 0.1894,
                                    105: 0.3358,
                                    106: 0.4317,
                                    107: 0.4754,
                                    108: 0.4749,
                                    109: 0.444,
                                    110: 0.3976,
                                    111: 0.3491,
                                    112: 0.3081,
                                    113: 0.2798,
                                    114: 0.2651,
                                    115: 0.2622,
                                    116: 0.2669,
                                    117: 0.2747,
                                    118: 0.2817,
                                    119: 0.2847,
                                    120: 0.2821,
                                    121: 0.2734,
                                    122: 0.2592,
                                    123: 0.2407,
                                    124: 0.2194,
                                    125: 0.1967,
                                    126: 0.1735,
                                    127: 0.1506,
                                    128: 0.1284,
                                    129: 0.1067,
                                    130: 0.0854,
                                    131: 0.0642,
                                    132: 0.0427,
                                    133: 0.0209,
                                    134: -0.0013,
                                    135: -0.024,
                                    136: -0.0469,
                                    137: -0.0699,
                                    138: -0.0926,
                                    139: -0.115,
                                    140: -0.1367,
                                    141: -0.1576,
                                    142: -0.1776,
                                    143: -0.1965,
                                    144: -0.2143,
                                    145: -0.2309,
                                    146: -0.2463,
                                    147: -0.2603,
                                    148: -0.2731,
                                    149: -0.2845,
                                    150: -0.2944,
                                }

                                over "Hair_Fringe_3_2_ctl"
                                {
                                    double avars:rz.timeSamples = {
                                        1: -0.0623,
                                        2: -0.0394,
                                        3: -0.0162,
                                        4: 0.007,
                                        5: 0.0301,
                                        6: 0.0531,
                                        7: 0.0686,
                                        8: 0.0553,
                                        9: -0.0016,
                                        10: -0.0893,
                                        11: -0.1762,
                                        12: -0.2327,
                                        13: -0.2346,
                                        14: -0.1619,
                                        15: -0.0034,
                                        16: 0.2377,
                                        17: 0.5461,
                                        18: 0.899,
                                        19: 1.2709,
                                        20: 1.6378,
                                        21: 1.9683,
                                        22: 2.2121,
                                        23: 2.3239,
                                        24: 2.2998,
                                        25: 2.1719,
                                        26: 1.9817,
                                        27: 1.7815,
                                        28: 1.6451,
                                        29: 1.6269,
                                        30: 1.7152,
                                        31: 1.8517,
                                        32: 1.9717,
                                        33: 2.0206,
                                        34: 1.956,
                                        35: 1.7566,
                                        36: 1.4284,
                                        37: 1.0004,
                                        38: 0.5139,
                                        39: 0.0126,
                                        40: -0.4646,
                                        41: -0.8897,
                                        42: -1.2468,
                                        43: -1.5321,
                                        44: -1.7515,
                                        45: -1.9107,
                                        46: -2.0052,
                                        47: -2.0285,
                                        48: -1.9884,
                                        49: -1.9037,
                                        50: -1.7924,
                                        51: -1.6806,
                                        52: -1.6157,
                                        53: -1.6359,
                                        54: -1.7345,
                                        55: -1.8691,
                                        56: -1.987,
                                        57: -2.0314,
                                        58: -1.9422,
                                        59: -1.6761,
                                        60: -1.2253,
                                        61: -0.6292,
                                        62: 0.0179,
                                        63: 0.5917,
                                        64: 0.9896,
                                        65: 1.1557,
                                        66: 1.0753,
                                        67: 0.769,
                                        68: 0.2895,
                                        69: -0.2886,
                                        70: -0.8876,
                                        71: -1.442,
                                        72: -1.9056,
                                        73: -2.2468,
                                        74: -2.4439,
                                        75: -2.4863,
                                        76: -2.3751,
                                        77: -2.128,
                                        78: -1.7807,
                                        79: -1.3734,
                                        80: -0.9359,
                                        81: -0.4837,
                                        82: -0.0229,
                                        83: 0.4426,
                                        84: 0.9049,
                                        85: 1.3435,
                                        86: 1.7172,
                                        87: 1.9778,
                                        88: 2.0992,
                                        89: 2.0839,
                                        90: 1.953,
                                        91: 1.7328,
                                        92: 1.4463,
                                        93: 1.1152,
                                        94: 0.7621,
                                        95: 0.4103,
                                        96: 0.0817,
                                        97: -0.1993,
                                        98: -0.398,
                                        99: -0.4858,
                                        100: -0.463,
                                        101: -0.3535,
                                        102: -0.1879,
                                        103: 0.0031,
                                        104: 0.1869,
                                        105: 0.3352,
                                        106: 0.4327,
                                        107: 0.4773,
                                        108: 0.4771,
                                        109: 0.446,
                                        110: 0.3991,
                                        111: 0.35,
                                        112: 0.3083,
                                        113: 0.2795,
                                        114: 0.2646,
                                        115: 0.2615,
                                        116: 0.2662,
                                        117: 0.2743,
                                        118: 0.2814,
                                        119: 0.2846,
                                        120: 0.2821,
                                        121: 0.2735,
                                        122: 0.2594,
                                        123: 0.2409,
                                        124: 0.2196,
                                        125: 0.1967,
                                        126: 0.1735,
                                        127: 0.1506,
                                        128: 0.1283,
                                        129: 0.1066,
                                        130: 0.0853,
                                        131: 0.0641,
                                        132: 0.0427,
                                        133: 0.0209,
                                        134: -0.0013,
                                        135: -0.024,
                                        136: -0.0469,
                                        137: -0.0698,
                                        138: -0.0926,
                                        139: -0.115,
                                        140: -0.1367,
                                        141: -0.1576,
                                        142: -0.1776,
                                        143: -0.1965,
                                        144: -0.2143,
                                        145: -0.2309,
                                        146: -0.2463,
                                        147: -0.2603,
                                        148: -0.2731,
                                        149: -0.2845,
                                        150: -0.2944,
                                    }
                                }
                            }
                        }

                        over "Hair_Fringe_4_0_ctl"
                        {
                            double avars:rz.timeSamples = {
                                1: -0.2471,
                                2: -0.2546,
                                3: -0.2609,
                                4: -0.266,
                                5: -0.2699,
                                6: -0.2726,
                                7: -0.2849,
                                8: -0.3378,
                                9: -0.376,
                                10: -0.3403,
                                11: -0.2256,
                                12: -0.0401,
                                13: 0.1898,
                                14: 0.4446,
                                15: 0.6934,
                                16: 0.9078,
                                17: 1.063,
                                18: 1.1417,
                                19: 1.1363,
                                20: 1.0483,
                                21: 0.8807,
                                22: 0.6276,
                                23: 0.3658,
                                24: 0.1747,
                                25: 0.0627,
                                26: 0.0243,
                                27: 0.0433,
                                28: 0.1308,
                                29: 0.1886,
                                30: 0.1461,
                                31: 0.0233,
                                32: -0.1481,
                                33: -0.328,
                                34: -0.502,
                                35: -0.655,
                                36: -0.7833,
                                37: -0.8894,
                                38: -0.9802,
                                39: -1.0641,
                                40: -1.1481,
                                41: -1.2353,
                                42: -1.323,
                                43: -1.4034,
                                44: -1.4635,
                                45: -1.4651,
                                46: -1.3199,
                                47: -1.0504,
                                48: -0.7394,
                                49: -0.4308,
                                50: -0.1669,
                                51: 0.0039,
                                52: -0.0319,
                                53: -0.1535,
                                54: -0.1932,
                                55: -0.0825,
                                56: 0.2029,
                                57: 0.6221,
                                58: 1.125,
                                59: 1.6199,
                                60: 2.0141,
                                61: 2.2169,
                                62: 2.1319,
                                63: 1.7504,
                                64: 1.1807,
                                65: 0.5275,
                                66: -0.1054,
                                67: -0.6574,
                                68: -1.0833,
                                69: -1.3668,
                                70: -1.5077,
                                71: -1.5126,
                                72: -1.3781,
                                73: -1.0934,
                                74: -0.6984,
                                75: -0.2451,
                                76: 0.2067,
                                77: 0.6191,
                                78: 0.981,
                                79: 1.2993,
                                80: 1.5793,
                                81: 1.8106,
                                82: 1.9638,
                                83: 1.9956,
                                84: 1.8629,
                                85: 1.546,
                                86: 1.0663,
                                87: 0.5199,
                                88: 0.016,
                                89: -0.4096,
                                90: -0.7526,
                                91: -1.0226,
                                92: -1.2012,
                                93: -1.2738,
                                94: -1.2467,
                                95: -1.1467,
                                96: -1.0073,
                                97: -0.8447,
                                98: -0.6359,
                                99: -0.4332,
                                100: -0.2979,
                                101: -0.2225,
                                102: -0.1951,
                                103: -0.19,
                                104: -0.2011,
                                105: -0.2176,
                                106: -0.2334,
                                107: -0.2442,
                                108: -0.2475,
                                109: -0.2427,
                                110: -0.2309,
                                111: -0.2138,
                                112: -0.1935,
                                113: -0.1719,
                                114: -0.1506,
                                115: -0.1305,
                                116: -0.1118,
                                117: -0.0944,
                                118: -0.0779,
                                119: -0.0619,
                                120: -0.0457,
                                121: -0.029,
                                122: -0.0117,
                                123: 0.0063,
                                124: 0.0249,
                                125: 0.0437,
                                126: 0.0627,
                                127: 0.0814,
                                128: 0.0996,
                                129: 0.1172,
                                130: 0.1341,
                                131: 0.1503,
                                132: 0.1655,
                                133: 0.1799,
                                134: 0.1935,
                                135: 0.2061,
                                136: 0.2178,
                                137: 0.2286,
                                138: 0.2384,
                                139: 0.2471,
                                140: 0.2546,
                                141: 0.261,
                                142: 0.2662,
                                143: 0.2701,
                                144: 0.2728,
                                145: 0.2741,
                                146: 0.2742,
                                147: 0.2729,
                                148: 0.2704,
                                149: 0.2667,
                                150: 0.2617,
                            }

                            over "Hair_Fringe_4_1_ctl"
                            {
                                double avars:rz.timeSamples = {
                                    1: -0.2883,
                                    2: -0.297,
                                    3: -0.3044,
                                    4: -0.3104,
                                    5: -0.3149,
                                    6: -0.318,
                                    7: -0.3269,
                                    8: -0.3623,
                                    9: -0.4374,
                                    10: -0.5365,
                                    11: -0.6256,
                                    12: -0.6742,
                                    13: -0.6606,
                                    14: -0.5692,
                                    15: -0.3958,
                                    16: -0.1521,
                                    17: 0.1381,
                                    18: 0.4465,
                                    19: 0.7463,
                                    20: 1.0169,
                                    21: 1.242,
                                    22: 1.404,
                                    23: 1.4905,
                                    24: 1.5039,
                                    25: 1.4579,
                                    26: 1.3693,
                                    27: 1.2619,
                                    28: 1.1752,
                                    29: 1.1458,
                                    30: 1.1845,
                                    31: 1.2784,
                                    32: 1.4032,
                                    33: 1.5262,
                                    34: 1.6063,
                                    35: 1.6062,
                                    36: 1.5048,
                                    37: 1.2989,
                                    38: 0.9993,
                                    39: 0.6256,
                                    40: 0.2016,
                                    41: -0.2484,
                                    42: -0.7022,
                                    43: -1.141,
                                    44: -1.5494,
                                    45: -1.9008,
                                    46: -2.1381,
                                    47: -2.2077,
                                    48: -2.1095,
                                    49: -1.8885,
                                    50: -1.5995,
                                    51: -1.3167,
                                    52: -1.1518,
                                    53: -1.1772,
                                    54: -1.3497,
                                    55: -1.5536,
                                    56: -1.6797,
                                    57: -1.6507,
                                    58: -1.4198,
                                    59: -0.9816,
                                    60: -0.3768,
                                    61: 0.3161,
                                    62: 0.9878,
                                    63: 1.5262,
                                    64: 1.8567,
                                    65: 1.951,
                                    66: 1.8115,
                                    67: 1.4616,
                                    68: 0.9454,
                                    69: 0.3227,
                                    70: -0.3434,
                                    71: -0.9943,
                                    72: -1.5742,
                                    73: -2.0296,
                                    74: -2.3199,
                                    75: -2.4281,
                                    76: -2.3618,
                                    77: -2.1399,
                                    78: -1.7815,
                                    79: -1.3089,
                                    80: -0.7557,
                                    81: -0.1666,
                                    82: 0.4056,
                                    83: 0.9075,
                                    84: 1.2947,
                                    85: 1.547,
                                    86: 1.6775,
                                    87: 1.7167,
                                    88: 1.6862,
                                    89: 1.5895,
                                    90: 1.4183,
                                    91: 1.1733,
                                    92: 0.8804,
                                    93: 0.5755,
                                    94: 0.2823,
                                    95: 0.0078,
                                    96: -0.2514,
                                    97: -0.4934,
                                    98: -0.6965,
                                    99: -0.8304,
                                    100: -0.8811,
                                    101: -0.853,
                                    102: -0.759,
                                    103: -0.6186,
                                    104: -0.4608,
                                    105: -0.3163,
                                    106: -0.2062,
                                    107: -0.1391,
                                    108: -0.113,
                                    109: -0.1185,
                                    110: -0.143,
                                    111: -0.1738,
                                    112: -0.2003,
                                    113: -0.2157,
                                    114: -0.2171,
                                    115: -0.2046,
                                    116: -0.181,
                                    117: -0.1501,
                                    118: -0.116,
                                    119: -0.0819,
                                    120: -0.0502,
                                    121: -0.0223,
                                    122: 0.0019,
                                    123: 0.0229,
                                    124: 0.0416,
                                    125: 0.0592,
                                    126: 0.0767,
                                    127: 0.0945,
                                    128: 0.113,
                                    129: 0.1322,
                                    130: 0.1518,
                                    131: 0.1713,
                                    132: 0.1904,
                                    133: 0.2086,
                                    134: 0.2257,
                                    135: 0.2413,
                                    136: 0.2555,
                                    137: 0.2682,
                                    138: 0.2793,
                                    139: 0.2891,
                                    140: 0.2975,
                                    141: 0.3046,
                                    142: 0.3103,
                                    143: 0.3147,
                                    144: 0.3178,
                                    145: 0.3194,
                                    146: 0.3196,
                                    147: 0.3183,
                                    148: 0.3155,
                                    149: 0.3112,
                                    150: 0.3054,
                                }

                                over "Hair_Fringe_4_2_ctl"
                                {
                                    double avars:rz.timeSamples = {
                                        1: -0.2883,
                                        2: -0.297,
                                        3: -0.3044,
                                        4: -0.3104,
                                        5: -0.3149,
                                        6: -0.318,
                                        7: -0.3269,
                                        8: -0.3623,
                                        9: -0.4373,
                                        10: -0.5358,
                                        11: -0.6236,
                                        12: -0.6696,
                                        13: -0.6517,
                                        14: -0.5541,
                                        15: -0.3728,
                                        16: -0.1196,
                                        17: 0.1812,
                                        18: 0.5008,
                                        19: 0.8116,
                                        20: 1.0925,
                                        21: 1.3265,
                                        22: 1.4956,
                                        23: 1.5871,
                                        24: 1.6031,
                                        25: 1.5578,
                                        26: 1.4683,
                                        27: 1.3593,
                                        28: 1.2706,
                                        29: 1.2391,
                                        30: 1.2758,
                                        31: 1.367,
                                        32: 1.4879,
                                        33: 1.6051,
                                        34: 1.677,
                                        35: 1.6661,
                                        36: 1.5512,
                                        37: 1.3296,
                                        38: 1.0126,
                                        39: 0.6205,
                                        40: 0.1778,
                                        41: -0.2905,
                                        42: -0.7615,
                                        43: -1.2159,
                                        44: -1.638,
                                        45: -2.0005,
                                        46: -2.2462,
                                        47: -2.3213,
                                        48: -2.2258,
                                        49: -2.0052,
                                        50: -1.715,
                                        51: -1.4301,
                                        52: -1.2626,
                                        53: -1.2857,
                                        54: -1.4555,
                                        55: -1.6555,
                                        56: -1.7759,
                                        57: -1.7384,
                                        58: -1.496,
                                        59: -1.0435,
                                        60: -0.4225,
                                        61: 0.2869,
                                        62: 0.9742,
                                        63: 1.5251,
                                        64: 1.8635,
                                        65: 1.9604,
                                        66: 1.818,
                                        67: 1.46,
                                        68: 0.9317,
                                        69: 0.2943,
                                        70: -0.3875,
                                        71: -1.0533,
                                        72: -1.646,
                                        73: -2.1108,
                                        74: -2.4061,
                                        75: -2.5143,
                                        76: -2.4429,
                                        77: -2.2114,
                                        78: -1.8392,
                                        79: -1.35,
                                        80: -0.7781,
                                        81: -0.1695,
                                        82: 0.4221,
                                        83: 0.9423,
                                        84: 1.3459,
                                        85: 1.6122,
                                        86: 1.7535,
                                        87: 1.7998,
                                        88: 1.7725,
                                        89: 1.6752,
                                        90: 1.4997,
                                        91: 1.2474,
                                        92: 0.9449,
                                        93: 0.6289,
                                        94: 0.3238,
                                        95: 0.0375,
                                        96: -0.2326,
                                        97: -0.4842,
                                        98: -0.6949,
                                        99: -0.834,
                                        100: -0.8875,
                                        101: -0.8602,
                                        102: -0.7654,
                                        103: -0.6233,
                                        104: -0.4634,
                                        105: -0.3168,
                                        106: -0.2052,
                                        107: -0.1372,
                                        108: -0.1108,
                                        109: -0.1165,
                                        110: -0.1415,
                                        111: -0.1729,
                                        112: -0.2,
                                        113: -0.216,
                                        114: -0.2176,
                                        115: -0.2053,
                                        116: -0.1816,
                                        117: -0.1506,
                                        118: -0.1162,
                                        119: -0.082,
                                        120: -0.0502,
                                        121: -0.0221,
                                        122: 0.0021,
                                        123: 0.0231,
                                        124: 0.0418,
                                        125: 0.0593,
                                        126: 0.0767,
                                        127: 0.0945,
                                        128: 0.113,
                                        129: 0.1321,
                                        130: 0.1517,
                                        131: 0.1713,
                                        132: 0.1904,
                                        133: 0.2086,
                                        134: 0.2257,
                                        135: 0.2413,
                                        136: 0.2555,
                                        137: 0.2682,
                                        138: 0.2794,
                                        139: 0.2891,
                                        140: 0.2975,
                                        141: 0.3046,
                                        142: 0.3103,
                                        143: 0.3147,
                                        144: 0.3178,
                                        145: 0.3194,
                                        146: 0.3196,
                                        147: 0.3183,
                                        148: 0.3155,
                                        149: 0.3112,
                                        150: 0.3054,
                                    }
                                }
                            }
                        }

                        over "Hair_Fringe_5_0_ctl"
                        {
                            double avars:rz.timeSamples = {
                                1: -0.0289,
                                2: -0.0143,
                                3: 0.0003,
                                4: 0.015,
                                5: 0.0296,
                                6: 0.0441,
                                7: 0.0511,
                                8: 0.03,
                                9: 0.0433,
                                10: 0.143,
                                11: 0.3184,
                                12: 0.5476,
                                13: 0.7965,
                                14: 1.0432,
                                15: 1.2588,
                                16: 1.4192,
                                17: 1.505,
                                18: 1.5047,
                                19: 1.4159,
                                20: 1.245,
                                21: 1.0043,
                                22: 0.7097,
                                23: 0.4571,
                                24: 0.3217,
                                25: 0.2886,
                                26: 0.3281,
                                27: 0.3992,
                                28: 0.4853,
                                29: 0.4748,
                                30: 0.3183,
                                31: 0.0759,
                                32: -0.1858,
                                33: -0.4064,
                                34: -0.5664,
                                35: -0.6584,
                                36: -0.6936,
                                37: -0.6935,
                                38: -0.684,
                                39: -0.6898,
                                40: -0.7299,
                                41: -0.8134,
                                42: -0.9384,
                                43: -1.0917,
                                44: -1.2506,
                                45: -1.364,
                                46: -1.3284,
                                47: -1.1528,
                                48: -0.9109,
                                49: -0.6431,
                                50: -0.3936,
                                51: -0.2167,
                                52: -0.2336,
                                53: -0.3283,
                                54: -0.3342,
                                55: -0.1836,
                                56: 0.1417,
                                57: 0.5889,
                                58: 1.0936,
                                59: 1.5516,
                                60: 1.8627,
                                61: 1.9475,
                                62: 1.7512,
                                63: 1.3123,
                                64: 0.7515,
                                65: 0.1539,
                                66: -0.405,
                                67: -0.8884,
                                68: -1.2669,
                                69: -1.5305,
                                70: -1.6775,
                                71: -1.7073,
                                72: -1.605,
                                73: -1.3489,
                                74: -0.972,
                                75: -0.5264,
                                76: -0.0784,
                                77: 0.3276,
                                78: 0.681,
                                79: 0.9953,
                                80: 1.2825,
                                81: 1.5372,
                                82: 1.7323,
                                83: 1.8237,
                                84: 1.7644,
                                85: 1.5259,
                                86: 1.1128,
                                87: 0.6048,
                                88: 0.1078,
                                89: -0.3319,
                                90: -0.6934,
                                91: -0.975,
                                92: -1.1584,
                                93: -1.2354,
                                94: -1.2179,
                                95: -1.1353,
                                96: -1.0212,
                                97: -0.8879,
                                98: -0.7024,
                                99: -0.5069,
                                100: -0.3605,
                                101: -0.2609,
                                102: -0.2024,
                                103: -0.1649,
                                104: -0.1473,
                                105: -0.1421,
                                106: -0.1448,
                                107: -0.1506,
                                108: -0.1553,
                                109: -0.1562,
                                110: -0.1518,
                                111: -0.1421,
                                112: -0.128,
                                113: -0.1107,
                                114: -0.0919,
                                115: -0.0729,
                                116: -0.0546,
                                117: -0.0375,
                                118: -0.0218,
                                119: -0.0073,
                                120: 0.0063,
                                121: 0.0195,
                                122: 0.0326,
                                123: 0.0458,
                                124: 0.0593,
                                125: 0.0731,
                                126: 0.0871,
                                127: 0.1011,
                                128: 0.1149,
                                129: 0.1285,
                                130: 0.1416,
                                131: 0.1542,
                                132: 0.1662,
                                133: 0.1776,
                                134: 0.1884,
                                135: 0.1986,
                                136: 0.2083,
                                137: 0.2173,
                                138: 0.2257,
                                139: 0.2336,
                                140: 0.2408,
                                141: 0.2473,
                                142: 0.2531,
                                143: 0.2582,
                                144: 0.2626,
                                145: 0.2662,
                                146: 0.269,
                                147: 0.271,
                                148: 0.2722,
                                149: 0.2726,
                                150: 0.2723,
                            }

                            over "Hair_Fringe_5_1_ctl"
                            {
                                double avars:rz.timeSamples = {
                                    1: -0.0337,
                                    2: -0.0167,
                                    3: 0.0004,
                                    4: 0.0175,
                                    5: 0.0345,
                                    6: 0.0514,
                                    7: 0.0633,
                                    8: 0.0564,
                                    9: 0.022,
                                    10: -0.0288,
                                    11: -0.0725,
                                    12: -0.0879,
                                    13: -0.0584,
                                    14: 0.0301,
                                    15: 0.1831,
                                    16: 0.3917,
                                    17: 0.6358,
                                    18: 0.8908,
                                    19: 1.1336,
                                    20: 1.3468,
                                    21: 1.5202,
                                    22: 1.6508,
                                    23: 1.7392,
                                    24: 1.7847,
                                    25: 1.7857,
                                    26: 1.7427,
                                    27: 1.6634,
                                    28: 1.5683,
                                    29: 1.4856,
                                    30: 1.4401,
                                    31: 1.4455,
                                    32: 1.501,
                                    33: 1.5875,
                                    34: 1.6672,
                                    35: 1.6979,
                                    36: 1.6484,
                                    37: 1.503,
                                    38: 1.2598,
                                    39: 0.9277,
                                    40: 0.5226,
                                    41: 0.0645,
                                    42: -0.4245,
                                    43: -0.9221,
                                    44: -1.4067,
                                    45: -1.8424,
                                    46: -2.1625,
                                    47: -2.3042,
                                    48: -2.2611,
                                    49: -2.0761,
                                    50: -1.8052,
                                    51: -1.5265,
                                    52: -1.3565,
                                    53: -1.3712,
                                    54: -1.5279,
                                    55: -1.7114,
                                    56: -1.8167,
                                    57: -1.7743,
                                    58: -1.5468,
                                    59: -1.1373,
                                    60: -0.5915,
                                    61: 0.0196,
                                    62: 0.6147,
                                    63: 1.1129,
                                    64: 1.4479,
                                    65: 1.5784,
                                    66: 1.4879,
                                    67: 1.1839,
                                    68: 0.7,
                                    69: 0.0917,
                                    70: -0.5768,
                                    71: -1.2422,
                                    72: -1.841,
                                    73: -2.3125,
                                    74: -2.6116,
                                    75: -2.7212,
                                    76: -2.6534,
                                    77: -2.4315,
                                    78: -2.0741,
                                    79: -1.5994,
                                    80: -1.0363,
                                    81: -0.4264,
                                    82: 0.1791,
                                    83: 0.7262,
                                    84: 1.168,
                                    85: 1.4782,
                                    86: 1.6588,
                                    87: 1.7293,
                                    88: 1.709,
                                    89: 1.6085,
                                    90: 1.4304,
                                    91: 1.183,
                                    92: 0.8922,
                                    93: 0.5895,
                                    94: 0.2948,
                                    95: 0.0133,
                                    96: -0.2582,
                                    97: -0.5155,
                                    98: -0.7302,
                                    99: -0.8653,
                                    100: -0.9051,
                                    101: -0.8577,
                                    102: -0.7403,
                                    103: -0.5758,
                                    104: -0.3966,
                                    105: -0.2358,
                                    106: -0.1154,
                                    107: -0.0437,
                                    108: -0.0176,
                                    109: -0.0263,
                                    110: -0.0554,
                                    111: -0.0911,
                                    112: -0.1219,
                                    113: -0.1407,
                                    114: -0.1444,
                                    115: -0.1337,
                                    116: -0.1115,
                                    117: -0.0822,
                                    118: -0.0501,
                                    119: -0.0187,
                                    120: 0.0093,
                                    121: 0.0331,
                                    122: 0.0524,
                                    123: 0.068,
                                    124: 0.0813,
                                    125: 0.0933,
                                    126: 0.1052,
                                    127: 0.1178,
                                    128: 0.1313,
                                    129: 0.1457,
                                    130: 0.1608,
                                    131: 0.1761,
                                    132: 0.1913,
                                    133: 0.2059,
                                    134: 0.2197,
                                    135: 0.2325,
                                    136: 0.2442,
                                    137: 0.2549,
                                    138: 0.2645,
                                    139: 0.2733,
                                    140: 0.2813,
                                    141: 0.2886,
                                    142: 0.2951,
                                    143: 0.3009,
                                    144: 0.3059,
                                    145: 0.3102,
                                    146: 0.3135,
                                    147: 0.316,
                                    148: 0.3175,
                                    149: 0.3181,
                                    150: 0.3178,
                                }

                                over "Hair_Fringe_5_2_ctl"
                                {
                                    double avars:rz.timeSamples = {
                                        1: -0.0337,
                                        2: -0.0167,
                                        3: 0.0004,
                                        4: 0.0175,
                                        5: 0.0345,
                                        6: 0.0514,
                                        7: 0.0633,
                                        8: 0.0564,
                                        9: 0.0221,
                                        10: -0.0281,
                                        11: -0.0705,
                                        12: -0.0833,
                                        13: -0.0495,
                                        14: 0.0452,
                                        15: 0.2061,
                                        16: 0.4242,
                                        17: 0.6789,
                                        18: 0.945,
                                        19: 1.1989,
                                        20: 1.4223,
                                        21: 1.6047,
                                        22: 1.7425,
                                        23: 1.8357,
                                        24: 1.8838,
                                        25: 1.8856,
                                        26: 1.8418,
                                        27: 1.7608,
                                        28: 1.6637,
                                        29: 1.579,
                                        30: 1.5313,
                                        31: 1.5341,
                                        32: 1.5857,
                                        33: 1.6663,
                                        34: 1.7379,
                                        35: 1.7577,
                                        36: 1.6948,
                                        37: 1.5337,
                                        38: 1.2731,
                                        39: 0.9226,
                                        40: 0.4988,
                                        41: 0.0224,
                                        42: -0.4838,
                                        43: -0.9971,
                                        44: -1.4952,
                                        45: -1.9421,
                                        46: -2.2706,
                                        47: -2.4178,
                                        48: -2.3775,
                                        49: -2.1929,
                                        50: -1.9207,
                                        51: -1.6398,
                                        52: -1.4674,
                                        53: -1.4797,
                                        54: -1.6336,
                                        55: -1.8133,
                                        56: -1.9128,
                                        57: -1.8619,
                                        58: -1.6229,
                                        59: -1.1992,
                                        60: -0.6372,
                                        61: -0.0095,
                                        62: 0.601,
                                        63: 1.1117,
                                        64: 1.4547,
                                        65: 1.5878,
                                        66: 1.4944,
                                        67: 1.1823,
                                        68: 0.6863,
                                        69: 0.0633,
                                        70: -0.6209,
                                        71: -1.3012,
                                        72: -1.9129,
                                        73: -2.3937,
                                        74: -2.6977,
                                        75: -2.8074,
                                        76: -2.7346,
                                        77: -2.503,
                                        78: -2.1319,
                                        79: -1.6405,
                                        80: -1.0588,
                                        81: -0.4293,
                                        82: 0.1956,
                                        83: 0.761,
                                        84: 1.2192,
                                        85: 1.5434,
                                        86: 1.7348,
                                        87: 1.8123,
                                        88: 1.7953,
                                        89: 1.6942,
                                        90: 1.5119,
                                        91: 1.2572,
                                        92: 0.9567,
                                        93: 0.6429,
                                        94: 0.3363,
                                        95: 0.0431,
                                        96: -0.2395,
                                        97: -0.5064,
                                        98: -0.7286,
                                        99: -0.8689,
                                        100: -0.9116,
                                        101: -0.865,
                                        102: -0.7467,
                                        103: -0.5805,
                                        104: -0.3992,
                                        105: -0.2363,
                                        106: -0.1144,
                                        107: -0.0418,
                                        108: -0.0154,
                                        109: -0.0243,
                                        110: -0.0539,
                                        111: -0.0902,
                                        112: -0.1217,
                                        113: -0.1409,
                                        114: -0.145,
                                        115: -0.1343,
                                        116: -0.1121,
                                        117: -0.0827,
                                        118: -0.0503,
                                        119: -0.0188,
                                        120: 0.0094,
                                        121: 0.0332,
                                        122: 0.0526,
                                        123: 0.0682,
                                        124: 0.0814,
                                        125: 0.0934,
                                        126: 0.1053,
                                        127: 0.1178,
                                        128: 0.1312,
                                        129: 0.1456,
                                        130: 0.1607,
                                        131: 0.1761,
                                        132: 0.1913,
                                        133: 0.2059,
                                        134: 0.2197,
                                        135: 0.2325,
                                        136: 0.2442,
                                        137: 0.2549,
                                        138: 0.2646,
                                        139: 0.2733,
                                        140: 0.2813,
                                        141: 0.2886,
                                        142: 0.2951,
                                        143: 0.3009,
                                        144: 0.3059,
                                        145: 0.3102,
                                        146: 0.3135,
                                        147: 0.316,
                                        148: 0.3175,
                                        149: 0.3181,
                                        150: 0.3178,
                                    }
                                }
                            }
                        }

                        over "Hair_Fringe_Long_0_ctl"
                        {
                            double avars:rz.timeSamples = {
                                1: -0.0911,
                                2: -0.1114,
                                3: -0.1309,
                                4: -0.1496,
                                5: -0.1674,
                                6: -0.1841,
                                7: -0.2109,
                                8: -0.2797,
                                9: -0.3351,
                                10: -0.3151,
                                11: -0.2106,
                                12: -0.0274,
                                13: 0.207,
                                14: 0.4677,
                                15: 0.7179,
                                16: 0.9262,
                                17: 1.0685,
                                18: 1.1302,
                                19: 1.1065,
                                20: 1.0015,
                                21: 0.8174,
                                22: 0.5416,
                                23: 0.2445,
                                24: 0.01,
                                25: -0.1413,
                                26: -0.2029,
                                27: -0.1833,
                                28: -0.0676,
                                29: 0.0397,
                                30: 0.0492,
                                31: -0.0418,
                                32: -0.2171,
                                33: -0.4393,
                                34: -0.6833,
                                35: -0.9166,
                                36: -1.1188,
                                37: -1.2798,
                                38: -1.398,
                                39: -1.4774,
                                40: -1.5241,
                                41: -1.5429,
                                42: -1.5355,
                                43: -1.4997,
                                44: -1.4306,
                                45: -1.3028,
                                46: -1.05,
                                47: -0.7164,
                                48: -0.3933,
                                49: -0.1193,
                                50: 0.0743,
                                51: 0.1595,
                                52: 0.0573,
                                53: -0.0851,
                                54: -0.1037,
                                55: 0.047,
                                56: 0.3702,
                                57: 0.8101,
                                58: 1.3054,
                                59: 1.7604,
                                60: 2.089,
                                61: 2.2063,
                                62: 2.0108,
                                63: 1.4918,
                                64: 0.7781,
                                65: 0.0098,
                                66: -0.6788,
                                67: -1.209,
                                68: -1.5344,
                                69: -1.6526,
                                70: -1.5863,
                                71: -1.3686,
                                72: -1.025,
                                73: -0.5728,
                                74: -0.0703,
                                75: 0.4271,
                                76: 0.871,
                                77: 1.238,
                                78: 1.5218,
                                79: 1.7282,
                                80: 1.8636,
                                81: 1.925,
                                82: 1.8965,
                                83: 1.7525,
                                84: 1.4674,
                                85: 1.0354,
                                86: 0.487,
                                87: -0.079,
                                88: -0.559,
                                89: -0.928,
                                90: -1.193,
                                91: -1.3733,
                                92: -1.459,
                                93: -1.4413,
                                94: -1.3276,
                                95: -1.1416,
                                96: -0.9121,
                                97: -0.6569,
                                98: -0.3692,
                                99: -0.1222,
                                100: 0.0157,
                                101: 0.0583,
                                102: 0.0279,
                                103: -0.0381,
                                104: -0.1197,
                                105: -0.193,
                                106: -0.2439,
                                107: -0.2666,
                                108: -0.2617,
                                109: -0.2347,
                                110: -0.1934,
                                111: -0.1459,
                                112: -0.099,
                                113: -0.0575,
                                114: -0.0235,
                                115: 0.0028,
                                116: 0.0225,
                                117: 0.0379,
                                118: 0.0512,
                                119: 0.0644,
                                120: 0.0789,
                                121: 0.0952,
                                122: 0.1133,
                                123: 0.1328,
                                124: 0.1528,
                                125: 0.1725,
                                126: 0.1911,
                                127: 0.2081,
                                128: 0.2231,
                                129: 0.236,
                                130: 0.2468,
                                131: 0.2556,
                                132: 0.2627,
                                133: 0.268,
                                134: 0.2718,
                                135: 0.2741,
                                136: 0.2749,
                                137: 0.2742,
                                138: 0.272,
                                139: 0.2681,
                                140: 0.2626,
                                141: 0.2554,
                                142: 0.2465,
                                143: 0.2361,
                                144: 0.2241,
                                145: 0.2107,
                                146: 0.196,
                                147: 0.18,
                                148: 0.1629,
                                149: 0.1449,
                                150: 0.1259,
                            }

                            over "Hair_Fringe_Long_1_ctl"
                            {
                                double avars:rz.timeSamples = {
                                    1: -0.1063,
                                    2: -0.1299,
                                    3: -0.1527,
                                    4: -0.1745,
                                    5: -0.1953,
                                    6: -0.2148,
                                    7: -0.2405,
                                    8: -0.2935,
                                    9: -0.3872,
                                    10: -0.5038,
                                    11: -0.6066,
                                    12: -0.6635,
                                    13: -0.6535,
                                    14: -0.5645,
                                    15: -0.3963,
                                    16: -0.1625,
                                    17: 0.1137,
                                    18: 0.4056,
                                    19: 0.6884,
                                    20: 0.9433,
                                    21: 1.1535,
                                    22: 1.2967,
                                    23: 1.3566,
                                    24: 1.3384,
                                    25: 1.2639,
                                    26: 1.158,
                                    27: 1.0497,
                                    28: 0.9808,
                                    29: 0.9839,
                                    30: 1.0572,
                                    31: 1.1726,
                                    32: 1.2954,
                                    33: 1.3912,
                                    34: 1.4261,
                                    35: 1.3741,
                                    36: 1.2254,
                                    37: 0.9852,
                                    38: 0.6699,
                                    39: 0.3019,
                                    40: -0.0943,
                                    41: -0.4957,
                                    42: -0.8829,
                                    43: -1.241,
                                    44: -1.56,
                                    45: -1.8217,
                                    46: -1.9839,
                                    47: -2.0074,
                                    48: -1.8978,
                                    49: -1.6966,
                                    50: -1.4515,
                                    51: -1.2228,
                                    52: -1.0992,
                                    53: -1.1359,
                                    54: -1.2919,
                                    55: -1.4668,
                                    56: -1.5657,
                                    57: -1.5211,
                                    58: -1.2937,
                                    59: -0.8806,
                                    60: -0.3184,
                                    61: 0.3183,
                                    62: 0.917,
                                    63: 1.3641,
                                    64: 1.5988,
                                    65: 1.6162,
                                    66: 1.4393,
                                    67: 1.1034,
                                    68: 0.6535,
                                    69: 0.1401,
                                    70: -0.3889,
                                    71: -0.8924,
                                    72: -1.3342,
                                    73: -1.6793,
                                    74: -1.8994,
                                    75: -1.9797,
                                    76: -1.9201,
                                    77: -1.7301,
                                    78: -1.4252,
                                    79: -1.0287,
                                    80: -0.5732,
                                    81: -0.0986,
                                    82: 0.3513,
                                    83: 0.7349,
                                    84: 1.0197,
                                    85: 1.1946,
                                    86: 1.2788,
                                    87: 1.3046,
                                    88: 1.29,
                                    89: 1.2312,
                                    90: 1.1124,
                                    91: 0.9278,
                                    92: 0.6977,
                                    93: 0.4542,
                                    94: 0.2201,
                                    95: 0.0045,
                                    96: -0.1926,
                                    97: -0.3708,
                                    98: -0.5189,
                                    99: -0.6207,
                                    100: -0.6669,
                                    101: -0.6577,
                                    102: -0.5992,
                                    103: -0.503,
                                    104: -0.3888,
                                    105: -0.2786,
                                    106: -0.1884,
                                    107: -0.1257,
                                    108: -0.0905,
                                    109: -0.0777,
                                    110: -0.079,
                                    111: -0.0861,
                                    112: -0.0916,
                                    113: -0.0905,
                                    114: -0.0804,
                                    115: -0.0611,
                                    116: -0.0343,
                                    117: -0.0024,
                                    118: 0.0317,
                                    119: 0.0656,
                                    120: 0.0974,
                                    121: 0.1261,
                                    122: 0.1514,
                                    123: 0.1735,
                                    124: 0.193,
                                    125: 0.2105,
                                    126: 0.2266,
                                    127: 0.2417,
                                    128: 0.2561,
                                    129: 0.2697,
                                    130: 0.2823,
                                    131: 0.2936,
                                    132: 0.3034,
                                    133: 0.3113,
                                    134: 0.3172,
                                    135: 0.3209,
                                    136: 0.3224,
                                    137: 0.3216,
                                    138: 0.3187,
                                    139: 0.3137,
                                    140: 0.3068,
                                    141: 0.2979,
                                    142: 0.2873,
                                    143: 0.275,
                                    144: 0.261,
                                    145: 0.2454,
                                    146: 0.2283,
                                    147: 0.2099,
                                    148: 0.1901,
                                    149: 0.1691,
                                    150: 0.147,
                                }

                                over "Hair_Fringe_Long_2_ctl"
                                {
                                    double avars:rz.timeSamples = {
                                        1: -0.1063,
                                        2: -0.1299,
                                        3: -0.1527,
                                        4: -0.1745,
                                        5: -0.1953,
                                        6: -0.2148,
                                        7: -0.2405,
                                        8: -0.2935,
                                        9: -0.3871,
                                        10: -0.5031,
                                        11: -0.6046,
                                        12: -0.6589,
                                        13: -0.6446,
                                        14: -0.5494,
                                        15: -0.3733,
                                        16: -0.1299,
                                        17: 0.1568,
                                        18: 0.4598,
                                        19: 0.7537,
                                        20: 1.0189,
                                        21: 1.238,
                                        22: 1.3884,
                                        23: 1.4532,
                                        24: 1.4375,
                                        25: 1.3638,
                                        26: 1.257,
                                        27: 1.1471,
                                        28: 1.0762,
                                        29: 1.0773,
                                        30: 1.1484,
                                        31: 1.2611,
                                        32: 1.3801,
                                        33: 1.4701,
                                        34: 1.4968,
                                        35: 1.434,
                                        36: 1.2718,
                                        37: 1.0159,
                                        38: 0.6832,
                                        39: 0.2967,
                                        40: -0.1182,
                                        41: -0.5378,
                                        42: -0.9422,
                                        43: -1.3159,
                                        44: -1.6485,
                                        45: -1.9214,
                                        46: -2.092,
                                        47: -2.121,
                                        48: -2.0141,
                                        49: -1.8134,
                                        50: -1.5669,
                                        51: -1.3361,
                                        52: -1.2101,
                                        53: -1.2443,
                                        54: -1.3976,
                                        55: -1.5688,
                                        56: -1.6619,
                                        57: -1.6087,
                                        58: -1.3698,
                                        59: -0.9425,
                                        60: -0.3642,
                                        61: 0.2891,
                                        62: 0.9033,
                                        63: 1.3629,
                                        64: 1.6056,
                                        65: 1.6256,
                                        66: 1.4458,
                                        67: 1.1018,
                                        68: 0.6399,
                                        69: 0.1118,
                                        70: -0.4329,
                                        71: -0.9515,
                                        72: -1.4061,
                                        73: -1.7605,
                                        74: -1.9856,
                                        75: -2.0659,
                                        76: -2.0013,
                                        77: -1.8015,
                                        78: -1.4829,
                                        79: -1.0698,
                                        80: -0.5956,
                                        81: -0.1015,
                                        82: 0.3678,
                                        83: 0.7697,
                                        84: 1.0709,
                                        85: 1.2597,
                                        86: 1.3547,
                                        87: 1.3877,
                                        88: 1.3763,
                                        89: 1.3169,
                                        90: 1.1938,
                                        91: 1.0019,
                                        92: 0.7622,
                                        93: 0.5076,
                                        94: 0.2616,
                                        95: 0.0343,
                                        96: -0.1739,
                                        97: -0.3616,
                                        98: -0.5173,
                                        99: -0.6243,
                                        100: -0.6734,
                                        101: -0.665,
                                        102: -0.6056,
                                        103: -0.5076,
                                        104: -0.3914,
                                        105: -0.2792,
                                        106: -0.1874,
                                        107: -0.1238,
                                        108: -0.0883,
                                        109: -0.0757,
                                        110: -0.0775,
                                        111: -0.0853,
                                        112: -0.0914,
                                        113: -0.0908,
                                        114: -0.0809,
                                        115: -0.0618,
                                        116: -0.0349,
                                        117: -0.0029,
                                        118: 0.0314,
                                        119: 0.0655,
                                        120: 0.0974,
                                        121: 0.1262,
                                        122: 0.1516,
                                        123: 0.1737,
                                        124: 0.1931,
                                        125: 0.2106,
                                        126: 0.2266,
                                        127: 0.2417,
                                        128: 0.2561,
                                        129: 0.2696,
                                        130: 0.2822,
                                        131: 0.2936,
                                        132: 0.3034,
                                        133: 0.3113,
                                        134: 0.3172,
                                        135: 0.3209,
                                        136: 0.3224,
                                        137: 0.3217,
                                        138: 0.3187,
                                        139: 0.3138,
                                        140: 0.3068,
                                        141: 0.2979,
                                        142: 0.2873,
                                        143: 0.275,
                                        144: 0.261,
                                        145: 0.2454,
                                        146: 0.2283,
                                        147: 0.2099,
                                        148: 0.1901,
                                        149: 0.1691,
                                        150: 0.147,
                                    }
                                }
                            }
                        }

                        over "Hair_LockIn_L_0_ctl"
                        {
                            double avars:rz.timeSamples = {
                                1: 0.2684,
                                2: 0.2765,
                                3: 0.2826,
                                4: 0.2867,
                                5: 0.2891,
                                6: 0.2897,
                                7: 0.2743,
                                8: 0.1959,
                                9: 0.0871,
                                10: -0.0043,
                                11: -0.0686,
                                12: -0.0964,
                                13: -0.0878,
                                14: -0.0281,
                                15: 0.0913,
                                16: 0.2815,
                                17: 0.551,
                                18: 0.9039,
                                19: 1.3378,
                                20: 1.8423,
                                21: 2.372,
                                22: 2.8062,
                                23: 3.0813,
                                24: 3.1952,
                                25: 3.1454,
                                26: 2.9529,
                                27: 2.665,
                                28: 2.4159,
                                29: 2.2252,
                                30: 2.0468,
                                31: 1.8425,
                                32: 1.5636,
                                33: 1.18,
                                34: 0.6568,
                                35: -0.0136,
                                36: -0.8205,
                                37: -1.7304,
                                38: -2.6898,
                                39: -3.6314,
                                40: -4.4803,
                                41: -5.1629,
                                42: -5.6142,
                                43: -5.7856,
                                44: -5.6497,
                                45: -5.1981,
                                46: -4.4323,
                                47: -3.4835,
                                48: -2.5038,
                                49: -1.566,
                                50: -0.7313,
                                51: -0.0419,
                                52: 0.4325,
                                53: 0.823,
                                54: 1.2103,
                                55: 1.5376,
                                56: 1.7534,
                                57: 1.8185,
                                58: 1.7582,
                                59: 1.6124,
                                60: 1.4421,
                                61: 1.2809,
                                62: 1.0743,
                                63: 0.764,
                                64: 0.3628,
                                65: -0.1202,
                                66: -0.6543,
                                67: -1.2186,
                                68: -1.7715,
                                69: -2.2679,
                                70: -2.6566,
                                71: -2.8867,
                                72: -2.909,
                                73: -2.6845,
                                74: -2.2372,
                                75: -1.61,
                                76: -0.863,
                                77: -0.0579,
                                78: 0.7367,
                                79: 1.4608,
                                80: 2.0752,
                                81: 2.5639,
                                82: 2.928,
                                83: 3.1762,
                                84: 3.3162,
                                85: 3.3385,
                                86: 3.1937,
                                87: 2.8643,
                                88: 2.3885,
                                89: 1.8042,
                                90: 1.1723,
                                91: 0.5418,
                                92: -0.0485,
                                93: -0.5815,
                                94: -1.0441,
                                95: -1.4227,
                                96: -1.7019,
                                97: -1.8527,
                                98: -1.815,
                                99: -1.6205,
                                100: -1.3385,
                                101: -0.9944,
                                102: -0.6198,
                                103: -0.2319,
                                104: 0.1373,
                                105: 0.4671,
                                106: 0.739,
                                107: 0.9412,
                                108: 1.0678,
                                109: 1.119,
                                110: 1.1004,
                                111: 1.0215,
                                112: 0.8947,
                                113: 0.7342,
                                114: 0.5546,
                                115: 0.37,
                                116: 0.1928,
                                117: 0.0334,
                                118: -0.1005,
                                119: -0.2041,
                                120: -0.2751,
                                121: -0.3141,
                                122: -0.3237,
                                123: -0.3084,
                                124: -0.2736,
                                125: -0.2256,
                                126: -0.1707,
                                127: -0.1149,
                                128: -0.0635,
                                129: -0.0206,
                                130: 0.0106,
                                131: 0.0283,
                                132: 0.032,
                                133: 0.0221,
                                134: 0.0001,
                                135: -0.0319,
                                136: -0.0712,
                                137: -0.115,
                                138: -0.1605,
                                139: -0.2048,
                                140: -0.2457,
                                141: -0.2814,
                                142: -0.3104,
                                143: -0.3321,
                                144: -0.3461,
                                145: -0.3527,
                                146: -0.3526,
                                147: -0.3467,
                                148: -0.3362,
                                149: -0.3223,
                                150: -0.3062,
                            }

                            over "Hair_LockIn_L_1_ctl"
                            {
                                double avars:rz.timeSamples = {
                                    1: 0.3132,
                                    2: 0.3226,
                                    3: 0.3297,
                                    4: 0.3345,
                                    5: 0.3372,
                                    6: 0.338,
                                    7: 0.3274,
                                    8: 0.274,
                                    9: 0.1447,
                                    10: -0.0654,
                                    11: -0.3355,
                                    12: -0.6366,
                                    13: -0.9327,
                                    14: -1.1773,
                                    15: -1.3189,
                                    16: -1.3124,
                                    17: -1.1236,
                                    18: -0.7322,
                                    19: -0.1332,
                                    20: 0.6628,
                                    21: 1.6124,
                                    22: 2.6144,
                                    23: 3.5396,
                                    24: 4.2936,
                                    25: 4.8278,
                                    26: 5.1173,
                                    27: 5.1763,
                                    28: 5.0873,
                                    29: 4.953,
                                    30: 4.8198,
                                    31: 4.6797,
                                    32: 4.5089,
                                    33: 4.2787,
                                    34: 3.9524,
                                    35: 3.4947,
                                    36: 2.8852,
                                    37: 2.123,
                                    38: 1.2265,
                                    39: 0.2304,
                                    40: -0.8188,
                                    41: -1.8682,
                                    42: -2.8648,
                                    43: -3.7614,
                                    44: -4.521,
                                    45: -5.117,
                                    46: -5.5281,
                                    47: -5.7412,
                                    48: -5.7577,
                                    49: -5.5908,
                                    50: -5.259,
                                    51: -4.7952,
                                    52: -4.2622,
                                    53: -3.7391,
                                    54: -3.2924,
                                    55: -2.9651,
                                    56: -2.7742,
                                    57: -2.6966,
                                    58: -2.659,
                                    59: -2.5547,
                                    60: -2.2756,
                                    61: -1.7484,
                                    62: -0.9788,
                                    63: -0.048,
                                    64: 0.9364,
                                    65: 1.8693,
                                    66: 2.6472,
                                    67: 3.1753,
                                    68: 3.3848,
                                    69: 3.2428,
                                    70: 2.7518,
                                    71: 1.9435,
                                    72: 0.8761,
                                    73: -0.3675,
                                    74: -1.6865,
                                    75: -2.9729,
                                    76: -4.1216,
                                    77: -5.0403,
                                    78: -5.658,
                                    79: -5.9266,
                                    80: -5.8186,
                                    81: -5.3254,
                                    82: -4.4591,
                                    83: -3.2541,
                                    84: -1.7676,
                                    85: -0.0837,
                                    86: 1.6783,
                                    87: 3.3789,
                                    88: 4.8919,
                                    89: 6.1202,
                                    90: 6.9965,
                                    91: 7.4777,
                                    92: 7.5404,
                                    93: 7.1844,
                                    94: 6.4372,
                                    95: 5.3524,
                                    96: 4.0041,
                                    97: 2.4888,
                                    98: 0.9305,
                                    99: -0.5385,
                                    100: -1.8104,
                                    101: -2.811,
                                    102: -3.4913,
                                    103: -3.829,
                                    104: -3.8357,
                                    105: -3.552,
                                    106: -3.0357,
                                    107: -2.3538,
                                    108: -1.576,
                                    109: -0.77,
                                    110: 0.0033,
                                    111: 0.693,
                                    112: 1.2607,
                                    113: 1.6813,
                                    114: 1.9433,
                                    115: 2.0477,
                                    116: 2.0062,
                                    117: 1.8394,
                                    118: 1.5738,
                                    119: 1.2393,
                                    120: 0.867,
                                    121: 0.4863,
                                    122: 0.1235,
                                    123: -0.1997,
                                    124: -0.4674,
                                    125: -0.6694,
                                    126: -0.8016,
                                    127: -0.8651,
                                    128: -0.8659,
                                    129: -0.8134,
                                    130: -0.7195,
                                    131: -0.5976,
                                    132: -0.461,
                                    133: -0.3224,
                                    134: -0.193,
                                    135: -0.0818,
                                    136: 0.0047,
                                    137: 0.0628,
                                    138: 0.091,
                                    139: 0.0906,
                                    140: 0.0644,
                                    141: 0.017,
                                    142: -0.0461,
                                    143: -0.119,
                                    144: -0.1955,
                                    145: -0.2703,
                                    146: -0.3384,
                                    147: -0.3961,
                                    148: -0.4406,
                                    149: -0.4704,
                                    150: -0.4851,
                                }

                                over "Hair_LockIn_L_2_ctl"
                                {
                                    double avars:rz.timeSamples = {
                                        1: 0.3132,
                                        2: 0.3226,
                                        3: 0.3297,
                                        4: 0.3345,
                                        5: 0.3372,
                                        6: 0.338,
                                        7: 0.3274,
                                        8: 0.274,
                                        9: 0.1447,
                                        10: -0.0654,
                                        11: -0.3355,
                                        12: -0.6366,
                                        13: -0.9327,
                                        14: -1.1773,
                                        15: -1.3189,
                                        16: -1.3124,
                                        17: -1.1236,
                                        18: -0.7322,
                                        19: -0.1332,
                                        20: 0.6628,
                                        21: 1.6124,
                                        22: 2.6144,
                                        23: 3.5396,
                                        24: 4.2936,
                                        25: 4.8278,
                                        26: 5.1173,
                                        27: 5.1763,
                                        28: 5.0873,
                                        29: 4.953,
                                        30: 4.8198,
                                        31: 4.6797,
                                        32: 4.5089,
                                        33: 4.2787,
                                        34: 3.9524,
                                        35: 3.4947,
                                        36: 2.8852,
                                        37: 2.123,
                                        38: 1.2265,
                                        39: 0.2304,
                                        40: -0.8188,
                                        41: -1.8682,
                                        42: -2.8648,
                                        43: -3.7614,
                                        44: -4.521,
                                        45: -5.117,
                                        46: -5.5281,
                                        47: -5.7412,
                                        48: -5.7577,
                                        49: -5.5908,
                                        50: -5.259,
                                        51: -4.7952,
                                        52: -4.2622,
                                        53: -3.7391,
                                        54: -3.2924,
                                        55: -2.9651,
                                        56: -2.7742,
                                        57: -2.6966,
                                        58: -2.659,
                                        59: -2.5547,
                                        60: -2.2756,
                                        61: -1.7484,
                                        62: -0.9788,
                                        63: -0.048,
                                        64: 0.9364,
                                        65: 1.8693,
                                        66: 2.6472,
                                        67: 3.1753,
                                        68: 3.3848,
                                        69: 3.2428,
                                        70: 2.7518,
                                        71: 1.9435,
                                        72: 0.8761,
                                        73: -0.3675,
                                        74: -1.6865,
                                        75: -2.9729,
                                        76: -4.1216,
                                        77: -5.0403,
                                        78: -5.658,
                                        79: -5.9266,
                                        80: -5.8186,
                                        81: -5.3254,
                                        82: -4.4591,
                                        83: -3.2541,
                                        84: -1.7676,
                                        85: -0.0837,
                                        86: 1.6783,
                                        87: 3.3789,
                                        88: 4.8919,
                                        89: 6.1202,
                                        90: 6.9965,
                                        91: 7.4777,
                                        92: 7.5404,
                                        93: 7.1844,
                                        94: 6.4372,
                                        95: 5.3524,
                                        96: 4.0041,
                                        97: 2.4888,
                                        98: 0.9305,
                                        99: -0.5385,
                                        100: -1.8104,
                                        101: -2.811,
                                        102: -3.4913,
                                        103: -3.829,
                                        104: -3.8357,
                                        105: -3.552,
                                        106: -3.0357,
                                        107: -2.3538,
                                        108: -1.576,
                                        109: -0.77,
                                        110: 0.0033,
                                        111: 0.693,
                                        112: 1.2607,
                                        113: 1.6813,
                                        114: 1.9433,
                                        115: 2.0477,
                                        116: 2.0062,
                                        117: 1.8394,
                                        118: 1.5738,
                                        119: 1.2393,
                                        120: 0.867,
                                        121: 0.4863,
                                        122: 0.1235,
                                        123: -0.1997,
                                        124: -0.4674,
                                        125: -0.6694,
                                        126: -0.8016,
                                        127: -0.8651,
                                        128: -0.8659,
                                        129: -0.8134,
                                        130: -0.7195,
                                        131: -0.5976,
                                        132: -0.461,
                                        133: -0.3224,
                                        134: -0.193,
                                        135: -0.0818,
                                        136: 0.0047,
                                        137: 0.0628,
                                        138: 0.091,
                                        139: 0.0906,
                                        140: 0.0644,
                                        141: 0.017,
                                        142: -0.0461,
                                        143: -0.119,
                                        144: -0.1955,
                                        145: -0.2703,
                                        146: -0.3384,
                                        147: -0.3961,
                                        148: -0.4406,
                                        149: -0.4704,
                                        150: -0.4851,
                                    }
                                }
                            }
                        }

                        over "Hair_Lock_L_0_ctl"
                        {
                            double avars:rz.timeSamples = {
                                1: -0.0479,
                                2: -0.0629,
                                3: -0.0772,
                                4: -0.0907,
                                5: -0.1035,
                                6: -0.1156,
                                7: -0.1336,
                                8: -0.1781,
                                9: -0.1885,
                                10: -0.1129,
                                11: 0.0418,
                                12: 0.2626,
                                13: 0.5235,
                                14: 0.8061,
                                15: 1.0838,
                                16: 1.3368,
                                17: 1.5508,
                                18: 1.7162,
                                19: 1.8266,
                                20: 1.8776,
                                21: 1.8515,
                                22: 1.6956,
                                23: 1.4341,
                                24: 1.1265,
                                25: 0.7993,
                                26: 0.4862,
                                27: 0.2207,
                                28: 0.0742,
                                29: -0.0101,
                                30: -0.1136,
                                31: -0.2696,
                                32: -0.5106,
                                33: -0.8462,
                                34: -1.2841,
                                35: -1.8043,
                                36: -2.3776,
                                37: -2.9646,
                                38: -3.5189,
                                39: -3.9908,
                                40: -4.3317,
                                41: -4.4987,
                                42: -4.4582,
                                43: -4.1896,
                                44: -3.6864,
                                45: -2.9567,
                                46: -2.0199,
                                47: -1.0223,
                                48: -0.1165,
                                49: 0.6362,
                                50: 1.19,
                                51: 1.5299,
                                52: 1.6406,
                                53: 1.7171,
                                54: 1.8853,
                                55: 2.109,
                                56: 2.3381,
                                57: 2.5087,
                                58: 2.5874,
                                59: 2.533,
                                60: 2.325,
                                61: 1.9421,
                                62: 1.3349,
                                63: 0.505,
                                64: -0.4614,
                                65: -1.4892,
                                66: -2.484,
                                67: -3.366,
                                68: -4.0505,
                                69: -4.4716,
                                70: -4.5781,
                                71: -4.3363,
                                72: -3.7301,
                                73: -2.7692,
                                74: -1.5359,
                                75: -0.1341,
                                76: 1.3193,
                                77: 2.7124,
                                78: 3.9361,
                                79: 4.9011,
                                80: 5.5492,
                                81: 5.8549,
                                82: 5.8211,
                                83: 5.4709,
                                84: 4.8402,
                                85: 3.9648,
                                86: 2.8656,
                                87: 1.6092,
                                88: 0.3078,
                                89: -0.9474,
                                90: -2.062,
                                91: -2.9658,
                                92: -3.6071,
                                93: -3.9659,
                                94: -4.0407,
                                95: -3.8437,
                                96: -3.3968,
                                97: -2.7233,
                                98: -1.836,
                                99: -0.8476,
                                100: 0.1084,
                                101: 0.9652,
                                102: 1.6649,
                                103: 2.1791,
                                104: 2.4851,
                                105: 2.5894,
                                106: 2.51,
                                107: 2.2753,
                                108: 1.921,
                                109: 1.4866,
                                110: 1.0119,
                                111: 0.5345,
                                112: 0.0872,
                                113: -0.3035,
                                114: -0.6185,
                                115: -0.8465,
                                116: -0.9838,
                                117: -1.0335,
                                118: -1.0044,
                                119: -0.9097,
                                120: -0.7656,
                                121: -0.5894,
                                122: -0.3987,
                                123: -0.2096,
                                124: -0.0361,
                                125: 0.1108,
                                126: 0.2232,
                                127: 0.2969,
                                128: 0.3309,
                                129: 0.3271,
                                130: 0.2898,
                                131: 0.2252,
                                132: 0.1406,
                                133: 0.0438,
                                134: -0.0575,
                                135: -0.1564,
                                136: -0.2467,
                                137: -0.3239,
                                138: -0.3847,
                                139: -0.4275,
                                140: -0.4521,
                                141: -0.4594,
                                142: -0.4516,
                                143: -0.4313,
                                144: -0.402,
                                145: -0.3669,
                                146: -0.3294,
                                147: -0.2926,
                                148: -0.259,
                                149: -0.2305,
                                150: -0.2083,
                            }

                            over "Hair_Lock_L_1_ctl"
                            {
                                double avars:rz.timeSamples = {
                                    1: -0.0372,
                                    2: -0.0489,
                                    3: -0.06,
                                    4: -0.0705,
                                    5: -0.0805,
                                    6: -0.0899,
                                    7: -0.1018,
                                    8: -0.1253,
                                    9: -0.1701,
                                    10: -0.2366,
                                    11: -0.3173,
                                    12: -0.4007,
                                    13: -0.4728,
                                    14: -0.515,
                                    15: -0.5075,
                                    16: -0.4327,
                                    17: -0.2781,
                                    18: -0.0368,
                                    19: 0.2911,
                                    20: 0.6985,
                                    21: 1.1657,
                                    22: 1.6515,
                                    23: 2.1048,
                                    24: 2.4863,
                                    25: 2.7736,
                                    26: 2.9541,
                                    27: 3.0303,
                                    28: 3.0298,
                                    29: 2.9878,
                                    30: 2.9208,
                                    31: 2.8259,
                                    32: 2.6949,
                                    33: 2.5178,
                                    34: 2.2817,
                                    35: 1.9753,
                                    36: 1.5931,
                                    37: 1.1375,
                                    38: 0.6184,
                                    39: 0.0524,
                                    40: -0.539,
                                    41: -1.1318,
                                    42: -1.7016,
                                    43: -2.2257,
                                    44: -2.6853,
                                    45: -3.0657,
                                    46: -3.3568,
                                    47: -3.5528,
                                    48: -3.6522,
                                    49: -3.6575,
                                    50: -3.5743,
                                    51: -3.4138,
                                    52: -3.1965,
                                    53: -2.9495,
                                    54: -2.6995,
                                    55: -2.4671,
                                    56: -2.2636,
                                    57: -2.0846,
                                    58: -1.9074,
                                    59: -1.6974,
                                    60: -1.4204,
                                    61: -1.0549,
                                    62: -0.6069,
                                    63: -0.1102,
                                    64: 0.3896,
                                    65: 0.8449,
                                    66: 1.2091,
                                    67: 1.4407,
                                    68: 1.5104,
                                    69: 1.4057,
                                    70: 1.1306,
                                    71: 0.7036,
                                    72: 0.1559,
                                    73: -0.4699,
                                    74: -1.1224,
                                    75: -1.7462,
                                    76: -2.2869,
                                    77: -2.697,
                                    78: -2.941,
                                    79: -2.9964,
                                    80: -2.8525,
                                    81: -2.51,
                                    82: -1.9809,
                                    83: -1.2885,
                                    84: -0.4675,
                                    85: 0.4364,
                                    86: 1.3639,
                                    87: 2.2489,
                                    88: 3.03,
                                    89: 3.6581,
                                    90: 4.0971,
                                    91: 4.3243,
                                    92: 4.3291,
                                    93: 4.1147,
                                    94: 3.6989,
                                    95: 3.1123,
                                    96: 2.3961,
                                    97: 1.6006,
                                    98: 0.786,
                                    99: 0.014,
                                    100: -0.6638,
                                    101: -1.2099,
                                    102: -1.5992,
                                    103: -1.8198,
                                    104: -1.8753,
                                    105: -1.7832,
                                    106: -1.5695,
                                    107: -1.2656,
                                    108: -0.9051,
                                    109: -0.5212,
                                    110: -0.1446,
                                    111: 0.1987,
                                    112: 0.4882,
                                    113: 0.7099,
                                    114: 0.8562,
                                    115: 0.9259,
                                    116: 0.9233,
                                    117: 0.8571,
                                    118: 0.7395,
                                    119: 0.5845,
                                    120: 0.4071,
                                    121: 0.2219,
                                    122: 0.042,
                                    123: -0.1213,
                                    124: -0.2595,
                                    125: -0.3669,
                                    126: -0.4407,
                                    127: -0.4808,
                                    128: -0.4893,
                                    129: -0.4704,
                                    130: -0.4296,
                                    131: -0.3732,
                                    132: -0.3078,
                                    133: -0.2397,
                                    134: -0.1744,
                                    135: -0.1168,
                                    136: -0.0703,
                                    137: -0.0371,
                                    138: -0.0184,
                                    139: -0.0138,
                                    140: -0.0223,
                                    141: -0.0417,
                                    142: -0.0697,
                                    143: -0.1034,
                                    144: -0.1398,
                                    145: -0.1762,
                                    146: -0.2102,
                                    147: -0.2397,
                                    148: -0.2634,
                                    149: -0.2802,
                                    150: -0.2898,
                                }

                                over "Hair_Lock_L_2_ctl"
                                {
                                    double avars:rz.timeSamples = {
                                        1: -0.0372,
                                        2: -0.0489,
                                        3: -0.06,
                                        4: -0.0705,
                                        5: -0.0805,
                                        6: -0.0899,
                                        7: -0.1018,
                                        8: -0.1253,
                                        9: -0.1701,
                                        10: -0.2366,
                                        11: -0.3173,
                                        12: -0.4007,
                                        13: -0.4728,
                                        14: -0.515,
                                        15: -0.5075,
                                        16: -0.4327,
                                        17: -0.2781,
                                        18: -0.0368,
                                        19: 0.2911,
                                        20: 0.6985,
                                        21: 1.1657,
                                        22: 1.6515,
                                        23: 2.1048,
                                        24: 2.4863,
                                        25: 2.7736,
                                        26: 2.9541,
                                        27: 3.0303,
                                        28: 3.0298,
                                        29: 2.9878,
                                        30: 2.9208,
                                        31: 2.8259,
                                        32: 2.6949,
                                        33: 2.5178,
                                        34: 2.2817,
                                        35: 1.9753,
                                        36: 1.5931,
                                        37: 1.1375,
                                        38: 0.6184,
                                        39: 0.0524,
                                        40: -0.539,
                                        41: -1.1318,
                                        42: -1.7016,
                                        43: -2.2257,
                                        44: -2.6853,
                                        45: -3.0657,
                                        46: -3.3568,
                                        47: -3.5528,
                                        48: -3.6522,
                                        49: -3.6575,
                                        50: -3.5743,
                                        51: -3.4138,
                                        52: -3.1965,
                                        53: -2.9495,
                                        54: -2.6995,
                                        55: -2.4671,
                                        56: -2.2636,
                                        57: -2.0846,
                                        58: -1.9074,
                                        59: -1.6974,
                                        60: -1.4204,
                                        61: -1.0549,
                                        62: -0.6069,
                                        63: -0.1102,
                                        64: 0.3896,
                                        65: 0.8449,
                                        66: 1.2091,
                                        67: 1.4407,
                                        68: 1.5104,
                                        69: 1.4057,
                                        70: 1.1306,
                                        71: 0.7036,
                                        72: 0.1559,
                                        73: -0.4699,
                                        74: -1.1224,
                                        75: -1.7462,
                                        76: -2.2869,
                                        77: -2.697,
                                        78: -2.941,
                                        79: -2.9964,
                                        80: -2.8525,
                                        81: -2.51,
                                        82: -1.9809,
                                        83: -1.2885,
                                        84: -0.4675,
                                        85: 0.4364,
                                        86: 1.3639,
                                        87: 2.2489,
                                        88: 3.03,
                                        89: 3.6581,
                                        90: 4.0971,
                                        91: 4.3243,
                                        92: 4.3291,
                                        93: 4.1147,
                                        94: 3.6989,
                                        95: 3.1123,
                                        96: 2.3961,
                                        97: 1.6006,
                                        98: 0.786,
                                        99: 0.014,
                                        100: -0.6638,
                                        101: -1.2099,
                                        102: -1.5992,
                                        103: -1.8198,
                                        104: -1.8753,
                                        105: -1.7832,
                                        106: -1.5695,
                                        107: -1.2656,
                                        108: -0.9051,
                                        109: -0.5212,
                                        110: -0.1446,
                                        111: 0.1987,
                                        112: 0.4882,
                                        113: 0.7099,
                                        114: 0.8562,
                                        115: 0.9259,
                                        116: 0.9233,
                                        117: 0.8571,
                                        118: 0.7395,
                                        119: 0.5845,
                                        120: 0.4071,
                                        121: 0.2219,
                                        122: 0.042,
                                        123: -0.1213,
                                        124: -0.2595,
                                        125: -0.3669,
                                        126: -0.4407,
                                        127: -0.4808,
                                        128: -0.4893,
                                        129: -0.4704,
                                        130: -0.4296,
                                        131: -0.3732,
                                        132: -0.3078,
                                        133: -0.2397,
                                        134: -0.1744,
                                        135: -0.1168,
                                        136: -0.0703,
                                        137: -0.0371,
                                        138: -0.0184,
                                        139: -0.0138,
                                        140: -0.0223,
                                        141: -0.0417,
                                        142: -0.0697,
                                        143: -0.1034,
                                        144: -0.1398,
                                        145: -0.1762,
                                        146: -0.2102,
                                        147: -0.2397,
                                        148: -0.2634,
                                        149: -0.2802,
                                        150: -0.2898,
                                    }

                                    over "Hair_Lock_L_3_ctl"
                                    {
                                        double avars:rz.timeSamples = {
                                            1: -0.0372,
                                            2: -0.0489,
                                            3: -0.06,
                                            4: -0.0705,
                                            5: -0.0805,
                                            6: -0.0899,
                                            7: -0.1018,
                                            8: -0.1253,
                                            9: -0.1703,
                                            10: -0.2381,
                                            11: -0.3221,
                                            12: -0.4129,
                                            13: -0.4978,
                                            14: -0.5601,
                                            15: -0.5813,
                                            16: -0.5447,
                                            17: -0.4377,
                                            18: -0.253,
                                            19: 0.0112,
                                            20: 0.3498,
                                            21: 0.7461,
                                            22: 1.1626,
                                            23: 1.5516,
                                            24: 1.8773,
                                            25: 2.1197,
                                            26: 2.2679,
                                            27: 2.3249,
                                            28: 2.318,
                                            29: 2.2816,
                                            30: 2.2311,
                                            31: 2.1632,
                                            32: 2.0694,
                                            33: 1.9396,
                                            34: 1.7612,
                                            35: 1.5231,
                                            36: 1.2197,
                                            37: 0.8531,
                                            38: 0.4325,
                                            39: -0.0267,
                                            40: -0.505,
                                            41: -0.9806,
                                            42: -1.4319,
                                            43: -1.8393,
                                            44: -2.1874,
                                            45: -2.4651,
                                            46: -2.666,
                                            47: -2.7877,
                                            48: -2.8309,
                                            49: -2.7994,
                                            50: -2.6987,
                                            51: -2.5387,
                                            52: -2.3376,
                                            53: -2.1197,
                                            54: -1.9097,
                                            55: -1.7274,
                                            56: -1.5832,
                                            57: -1.4731,
                                            58: -1.374,
                                            59: -1.2511,
                                            60: -1.0685,
                                            61: -0.8023,
                                            62: -0.4543,
                                            63: -0.0527,
                                            64: 0.3627,
                                            65: 0.7506,
                                            66: 1.0697,
                                            67: 1.2825,
                                            68: 1.362,
                                            69: 1.2956,
                                            70: 1.0851,
                                            71: 0.7448,
                                            72: 0.2991,
                                            73: -0.2172,
                                            74: -0.7619,
                                            75: -1.2888,
                                            76: -1.7524,
                                            77: -2.1126,
                                            78: -2.3392,
                                            79: -2.413,
                                            80: -2.324,
                                            81: -2.0709,
                                            82: -1.6613,
                                            83: -1.1124,
                                            84: -0.4509,
                                            85: 0.2866,
                                            86: 1.0505,
                                            87: 1.7843,
                                            88: 2.4357,
                                            89: 2.9628,
                                            90: 3.3353,
                                            91: 3.5332,
                                            92: 3.5468,
                                            93: 3.3774,
                                            94: 3.0387,
                                            95: 2.5556,
                                            96: 1.9617,
                                            97: 1.2992,
                                            98: 0.6192,
                                            99: -0.025,
                                            100: -0.5893,
                                            101: -1.042,
                                            102: -1.3617,
                                            103: -1.5383,
                                            104: -1.5753,
                                            105: -1.488,
                                            106: -1.2992,
                                            107: -1.0359,
                                            108: -0.7269,
                                            109: -0.4002,
                                            110: -0.0819,
                                            111: 0.2062,
                                            112: 0.4472,
                                            113: 0.6294,
                                            114: 0.747,
                                            115: 0.7994,
                                            116: 0.7906,
                                            117: 0.7283,
                                            118: 0.623,
                                            119: 0.487,
                                            120: 0.333,
                                            121: 0.1732,
                                            122: 0.019,
                                            123: -0.1205,
                                            124: -0.2379,
                                            125: -0.3288,
                                            126: -0.3908,
                                            127: -0.4241,
                                            128: -0.4307,
                                            129: -0.4143,
                                            130: -0.3796,
                                            131: -0.332,
                                            132: -0.2771,
                                            133: -0.2203,
                                            134: -0.1662,
                                            135: -0.1189,
                                            136: -0.0813,
                                            137: -0.0551,
                                            138: -0.0411,
                                            139: -0.0391,
                                            140: -0.048,
                                            141: -0.0661,
                                            142: -0.0912,
                                            143: -0.1208,
                                            144: -0.1525,
                                            145: -0.1839,
                                            146: -0.213,
                                            147: -0.238,
                                            148: -0.2579,
                                            149: -0.2718,
                                            150: -0.2795,
                                        }
                                    }
                                }
                            }
                        }

                        over "Hair_Strand_R_0_ctl"
                        {
                            double avars:rz.timeSamples = {
                                1: 0.1951,
                                2: 0.1803,
                                3: 0.1644,
                                4: 0.1476,
                                5: 0.1298,
                                6: 0.1115,
                                7: 0.076,
                                8: -0.0283,
                                9: -0.1658,
                                10: -0.2688,
                                11: -0.2976,
                                12: -0.2187,
                                13: -0.0227,
                                14: 0.2964,
                                15: 0.7189,
                                16: 1.2078,
                                17: 1.7094,
                                18: 2.1618,
                                19: 2.5028,
                                20: 2.6789,
                                21: 2.6516,
                                22: 2.4022,
                                23: 2.0188,
                                24: 1.6025,
                                25: 1.187,
                                26: 0.7972,
                                27: 0.4426,
                                28: 0.1497,
                                29: -0.164,
                                30: -0.5384,
                                31: -0.9129,
                                32: -1.2179,
                                33: -1.3848,
                                34: -1.3877,
                                35: -1.2209,
                                36: -0.9099,
                                37: -0.5045,
                                38: -0.074,
                                39: 0.3008,
                                40: 0.5375,
                                41: 0.5627,
                                42: 0.3216,
                                43: -0.2139,
                                44: -1.041,
                                45: -2.08,
                                46: -3.1102,
                                47: -3.9669,
                                48: -4.5827,
                                49: -4.9163,
                                50: -4.9676,
                                51: -4.8075,
                                52: -4.6817,
                                53: -4.6268,
                                54: -4.5213,
                                55: -4.2338,
                                56: -3.6483,
                                57: -2.7275,
                                58: -1.4705,
                                59: 0.0409,
                                60: 1.6765,
                                61: 3.2545,
                                62: 4.5271,
                                63: 5.3125,
                                64: 5.5912,
                                65: 5.4022,
                                66: 4.8287,
                                67: 3.9459,
                                68: 2.8463,
                                69: 1.6203,
                                70: 0.3595,
                                71: -0.8464,
                                72: -1.9013,
                                73: -2.707,
                                74: -3.2199,
                                75: -3.4174,
                                76: -3.3,
                                77: -2.8739,
                                78: -2.1588,
                                79: -1.1916,
                                80: -0.0327,
                                81: 1.2287,
                                82: 2.4758,
                                83: 3.5715,
                                84: 4.3751,
                                85: 4.7766,
                                86: 4.7357,
                                87: 4.3267,
                                88: 3.6693,
                                89: 2.8317,
                                90: 1.8644,
                                91: 0.8152,
                                92: -0.223,
                                93: -1.1477,
                                94: -1.8784,
                                95: -2.3699,
                                96: -2.6074,
                                97: -2.5913,
                                98: -2.3185,
                                99: -1.8842,
                                100: -1.3981,
                                101: -0.9001,
                                102: -0.4226,
                                103: 0.0219,
                                104: 0.4061,
                                105: 0.7137,
                                106: 0.9319,
                                107: 1.0557,
                                108: 1.0874,
                                109: 1.0355,
                                110: 0.9131,
                                111: 0.7369,
                                112: 0.5248,
                                113: 0.2953,
                                114: 0.0656,
                                115: -0.1493,
                                116: -0.3373,
                                117: -0.4897,
                                118: -0.6013,
                                119: -0.6704,
                                120: -0.6985,
                                121: -0.6897,
                                122: -0.65,
                                123: -0.5869,
                                124: -0.5082,
                                125: -0.4219,
                                126: -0.3355,
                                127: -0.2553,
                                128: -0.1863,
                                129: -0.132,
                                130: -0.0944,
                                131: -0.0739,
                                132: -0.0697,
                                133: -0.0796,
                                134: -0.101,
                                135: -0.1304,
                                136: -0.1643,
                                137: -0.1993,
                                138: -0.2322,
                                139: -0.2603,
                                140: -0.2815,
                                141: -0.2944,
                                142: -0.2984,
                                143: -0.2934,
                                144: -0.2799,
                                145: -0.2591,
                                146: -0.2321,
                                147: -0.2007,
                                148: -0.1664,
                                149: -0.1309,
                                150: -0.0956,
                            }

                            over "Hair_Strand_R_1_ctl"
                            {
                                double avars:rz.timeSamples = {
                                    1: 0.2276,
                                    2: 0.2104,
                                    3: 0.1919,
                                    4: 0.1721,
                                    5: 0.1515,
                                    6: 0.1301,
                                    7: 0.097,
                                    8: 0.0179,
                                    9: -0.1385,
                                    10: -0.3638,
                                    11: -0.6171,
                                    12: -0.8534,
                                    13: -1.0305,
                                    14: -1.1074,
                                    15: -1.0517,
                                    16: -0.8502,
                                    17: -0.5102,
                                    18: -0.0553,
                                    19: 0.4796,
                                    20: 1.055,
                                    21: 1.6325,
                                    22: 2.1786,
                                    23: 2.6656,
                                    24: 3.0676,
                                    25: 3.3601,
                                    26: 3.5211,
                                    27: 3.5392,
                                    28: 3.4253,
                                    29: 3.2141,
                                    30: 2.9561,
                                    31: 2.7089,
                                    32: 2.5276,
                                    33: 2.4494,
                                    34: 2.478,
                                    35: 2.587,
                                    36: 2.7317,
                                    37: 2.8557,
                                    38: 2.8955,
                                    39: 2.7869,
                                    40: 2.4717,
                                    41: 1.9046,
                                    42: 1.0588,
                                    43: -0.0698,
                                    44: -1.4606,
                                    45: -3.0393,
                                    46: -4.637,
                                    47: -6.0429,
                                    48: -7.1124,
                                    49: -7.7825,
                                    50: -8.031,
                                    51: -7.9099,
                                    52: -7.5995,
                                    53: -7.2906,
                                    54: -7.0226,
                                    55: -6.7131,
                                    56: -6.2673,
                                    57: -5.6115,
                                    58: -4.6884,
                                    59: -3.4726,
                                    60: -1.9832,
                                    61: -0.2911,
                                    62: 1.4696,
                                    63: 3.1351,
                                    64: 4.5763,
                                    65: 5.7081,
                                    66: 6.462,
                                    67: 6.7793,
                                    68: 6.625,
                                    69: 5.9968,
                                    70: 4.9237,
                                    71: 3.4636,
                                    72: 1.7057,
                                    73: -0.2275,
                                    74: -2.1901,
                                    75: -4.0303,
                                    76: -5.6035,
                                    77: -6.7802,
                                    78: -7.4568,
                                    79: -7.5699,
                                    80: -7.106,
                                    81: -6.1053,
                                    82: -4.6583,
                                    83: -2.8968,
                                    84: -0.9768,
                                    85: 0.9506,
                                    86: 2.7723,
                                    87: 4.4101,
                                    88: 5.7919,
                                    89: 6.841,
                                    90: 7.4833,
                                    91: 7.6748,
                                    92: 7.4283,
                                    93: 6.8006,
                                    94: 5.8642,
                                    95: 4.6936,
                                    96: 3.3628,
                                    97: 1.9486,
                                    98: 0.5371,
                                    99: -0.7816,
                                    100: -1.9268,
                                    101: -2.8338,
                                    102: -3.4541,
                                    103: -3.7623,
                                    104: -3.7667,
                                    105: -3.5049,
                                    106: -3.0312,
                                    107: -2.4076,
                                    108: -1.6986,
                                    109: -0.9664,
                                    110: -0.2666,
                                    111: 0.3546,
                                    112: 0.8624,
                                    113: 1.2347,
                                    114: 1.4616,
                                    115: 1.5448,
                                    116: 1.4959,
                                    117: 1.3342,
                                    118: 1.0845,
                                    119: 0.7748,
                                    120: 0.4336,
                                    121: 0.0879,
                                    122: -0.2383,
                                    123: -0.5252,
                                    124: -0.7586,
                                    125: -0.9295,
                                    126: -1.0345,
                                    127: -1.075,
                                    128: -1.0569,
                                    129: -0.9891,
                                    130: -0.8829,
                                    131: -0.7506,
                                    132: -0.6047,
                                    133: -0.457,
                                    134: -0.3177,
                                    135: -0.195,
                                    136: -0.095,
                                    137: -0.021,
                                    138: 0.0258,
                                    139: 0.0465,
                                    140: 0.0437,
                                    141: 0.0217,
                                    142: -0.0146,
                                    143: -0.0596,
                                    144: -0.108,
                                    145: -0.1548,
                                    146: -0.1956,
                                    147: -0.227,
                                    148: -0.2469,
                                    149: -0.2538,
                                    150: -0.2477,
                                }

                                over "Hair_Strand_R_2_ctl"
                                {
                                    double avars:rz.timeSamples = {
                                        1: 0.2276,
                                        2: 0.2104,
                                        3: 0.1919,
                                        4: 0.1721,
                                        5: 0.1515,
                                        6: 0.1301,
                                        7: 0.097,
                                        8: 0.0179,
                                        9: -0.1385,
                                        10: -0.3638,
                                        11: -0.6171,
                                        12: -0.8534,
                                        13: -1.0305,
                                        14: -1.1074,
                                        15: -1.0517,
                                        16: -0.8502,
                                        17: -0.5102,
                                        18: -0.0553,
                                        19: 0.4796,
                                        20: 1.055,
                                        21: 1.6325,
                                        22: 2.1786,
                                        23: 2.6656,
                                        24: 3.0676,
                                        25: 3.3601,
                                        26: 3.5211,
                                        27: 3.5392,
                                        28: 3.4253,
                                        29: 3.2141,
                                        30: 2.9561,
                                        31: 2.7089,
                                        32: 2.5276,
                                        33: 2.4494,
                                        34: 2.478,
                                        35: 2.587,
                                        36: 2.7317,
                                        37: 2.8557,
                                        38: 2.8955,
                                        39: 2.7869,
                                        40: 2.4717,
                                        41: 1.9046,
                                        42: 1.0588,
                                        43: -0.0698,
                                        44: -1.4606,
                                        45: -3.0393,
                                        46: -4.637,
                                        47: -6.0429,
                                        48: -7.1124,
                                        49: -7.7825,
                                        50: -8.031,
                                        51: -7.9099,
                                        52: -7.5995,
                                        53: -7.2906,
                                        54: -7.0226,
                                        55: -6.7131,
                                        56: -6.2673,
                                        57: -5.6115,
                                        58: -4.6884,
                                        59: -3.4726,
                                        60: -1.9832,
                                        61: -0.2911,
                                        62: 1.4696,
                                        63: 3.1351,
                                        64: 4.5763,
                                        65: 5.7081,
                                        66: 6.462,
                                        67: 6.7793,
                                        68: 6.625,
                                        69: 5.9968,
                                        70: 4.9237,
                                        71: 3.4636,
                                        72: 1.7057,
                                        73: -0.2275,
                                        74: -2.1901,
                                        75: -4.0303,
                                        76: -5.6035,
                                        77: -6.7802,
                                        78: -7.4568,
                                        79: -7.5699,
                                        80: -7.106,
                                        81: -6.1053,
                                        82: -4.6583,
                                        83: -2.8968,
                                        84: -0.9768,
                                        85: 0.9506,
                                        86: 2.7723,
                                        87: 4.4101,
                                        88: 5.7919,
                                        89: 6.841,
                                        90: 7.4833,
                                        91: 7.6748,
                                        92: 7.4283,
                                        93: 6.8006,
                                        94: 5.8642,
                                        95: 4.6936,
                                        96: 3.3628,
                                        97: 1.9486,
                                        98: 0.5371,
                                        99: -0.7816,
                                        100: -1.9268,
                                        101: -2.8338,
                                        102: -3.4541,
                                        103: -3.7623,
                                        104: -3.7667,
                                        105: -3.5049,
                                        106: -3.0312,
                                        107: -2.4076,
                                        108: -1.6986,
                                        109: -0.9664,
                                        110: -0.2666,
                                        111: 0.3546,
                                        112: 0.8624,
                                        113: 1.2347,
                                        114: 1.4616,
                                        115: 1.5448,
                                        116: 1.4959,
                                        117: 1.3342,
                                        118: 1.0845,
                                        119: 0.7748,
                                        120: 0.4336,
                                        121: 0.0879,
                                        122: -0.2383,
                                        123: -0.5252,
                                        124: -0.7586,
                                        125: -0.9295,
                                        126: -1.0345,
                                        127: -1.075,
                                        128: -1.0569,
                                        129: -0.9891,
                                        130: -0.8829,
                                        131: -0.7506,
                                        132: -0.6047,
                                        133: -0.457,
                                        134: -0.3177,
                                        135: -0.195,
                                        136: -0.095,
                                        137: -0.021,
                                        138: 0.0258,
                                        139: 0.0465,
                                        140: 0.0437,
                                        141: 0.0217,
                                        142: -0.0146,
                                        143: -0.0596,
                                        144: -0.108,
                                        145: -0.1548,
                                        146: -0.1956,
                                        147: -0.227,
                                        148: -0.2469,
                                        149: -0.2538,
                                        150: -0.2477,
                                    }
                                }
                            }
                        }

                        over "Hair_Stray_L_0_ctl"
                        {
                            double avars:rz.timeSamples = {
                                1: -0.2651,
                                2: -0.2682,
                                3: -0.2705,
                                4: -0.2719,
                                5: -0.2723,
                                6: -0.2716,
                                7: -0.2805,
                                8: -0.329,
                                9: -0.371,
                                10: -0.3719,
                                11: -0.3551,
                                12: -0.3449,
                                13: -0.3604,
                                14: -0.3889,
                                15: -0.4108,
                                16: -0.4008,
                                17: -0.3409,
                                18: -0.2267,
                                19: -0.0681,
                                20: 0.1141,
                                21: 0.2698,
                                22: 0.2984,
                                23: 0.1906,
                                24: 0.0199,
                                25: -0.1454,
                                26: -0.2457,
                                27: -0.2396,
                                28: -0.0535,
                                29: 0.2311,
                                30: 0.4662,
                                31: 0.5539,
                                32: 0.4549,
                                33: 0.2098,
                                34: -0.1121,
                                35: -0.4186,
                                36: -0.6353,
                                37: -0.7211,
                                38: -0.6732,
                                39: -0.5196,
                                40: -0.3041,
                                41: -0.0708,
                                42: 0.1475,
                                43: 0.3338,
                                44: 0.4845,
                                45: 0.6025,
                                46: 0.6901,
                                47: 0.6576,
                                48: 0.4715,
                                49: 0.2278,
                                50: 0.0257,
                                51: -0.0598,
                                52: -0.0281,
                                53: 0.2219,
                                54: 0.6162,
                                55: 0.908,
                                56: 0.9325,
                                57: 0.6611,
                                58: 0.2297,
                                59: -0.1768,
                                60: -0.3909,
                                61: -0.351,
                                62: -0.148,
                                63: 0.09,
                                64: 0.2916,
                                65: 0.3939,
                                66: 0.3902,
                                67: 0.2996,
                                68: 0.1808,
                                69: 0.0933,
                                70: 0.0813,
                                71: 0.1564,
                                72: 0.2978,
                                73: 0.4637,
                                74: 0.5759,
                                75: 0.592,
                                76: 0.5119,
                                77: 0.3684,
                                78: 0.1921,
                                79: 0.0135,
                                80: -0.1296,
                                81: -0.2021,
                                82: -0.1863,
                                83: -0.0909,
                                84: 0.0506,
                                85: 0.182,
                                86: 0.2254,
                                87: 0.1635,
                                88: 0.05,
                                89: -0.0652,
                                90: -0.1305,
                                91: -0.1337,
                                92: -0.0924,
                                93: -0.0483,
                                94: -0.0341,
                                95: -0.0597,
                                96: -0.1126,
                                97: -0.158,
                                98: -0.1403,
                                99: -0.1018,
                                100: -0.1036,
                                101: -0.1389,
                                102: -0.1924,
                                103: -0.2339,
                                104: -0.2573,
                                105: -0.2591,
                                106: -0.2469,
                                107: -0.231,
                                108: -0.2205,
                                109: -0.2202,
                                110: -0.2301,
                                111: -0.2462,
                                112: -0.2632,
                                113: -0.2763,
                                114: -0.2828,
                                115: -0.2827,
                                116: -0.2781,
                                117: -0.2716,
                                118: -0.2659,
                                119: -0.2623,
                                120: -0.2609,
                                121: -0.2605,
                                122: -0.2599,
                                123: -0.2576,
                                124: -0.253,
                                125: -0.246,
                                126: -0.2373,
                                127: -0.2275,
                                128: -0.2174,
                                129: -0.2074,
                                130: -0.1975,
                                131: -0.1876,
                                132: -0.1773,
                                133: -0.1661,
                                134: -0.1541,
                                135: -0.1411,
                                136: -0.1274,
                                137: -0.1132,
                                138: -0.0988,
                                139: -0.0842,
                                140: -0.0696,
                                141: -0.055,
                                142: -0.0402,
                                143: -0.0253,
                                144: -0.0101,
                                145: 0.0052,
                                146: 0.0205,
                                147: 0.0359,
                                148: 0.051,
                                149: 0.066,
                                150: 0.0807,
                            }

                            over "Hair_Stray_L_1_ctl"
                            {
                                double avars:rz.timeSamples = {
                                    1: -0.6185,
                                    2: -0.6259,
                                    3: -0.6313,
                                    4: -0.6345,
                                    5: -0.6353,
                                    6: -0.6338,
                                    7: -0.644,
                                    8: -0.7063,
                                    9: -0.848,
                                    10: -1.0398,
                                    11: -1.217,
                                    12: -1.3238,
                                    13: -1.3242,
                                    14: -1.195,
                                    15: -0.9334,
                                    16: -0.5646,
                                    17: -0.1316,
                                    18: 0.3202,
                                    19: 0.7554,
                                    20: 1.1531,
                                    21: 1.4721,
                                    22: 1.6079,
                                    23: 1.4724,
                                    24: 1.1148,
                                    25: 0.6902,
                                    26: 0.3457,
                                    27: 0.2022,
                                    28: 0.3841,
                                    29: 0.9094,
                                    30: 1.5819,
                                    31: 2.1056,
                                    32: 2.2704,
                                    33: 2.0203,
                                    34: 1.4289,
                                    35: 0.6573,
                                    36: -0.1007,
                                    37: -0.683,
                                    38: -1.0057,
                                    39: -1.0733,
                                    40: -0.9581,
                                    41: -0.7631,
                                    42: -0.5827,
                                    43: -0.4772,
                                    44: -0.4639,
                                    45: -0.5271,
                                    46: -0.6358,
                                    47: -0.7512,
                                    48: -0.826,
                                    49: -0.8186,
                                    50: -0.7106,
                                    51: -0.5209,
                                    52: -0.3109,
                                    53: -0.1701,
                                    54: -0.1808,
                                    55: -0.3707,
                                    56: -0.6843,
                                    57: -0.9809,
                                    58: -1.0682,
                                    59: -0.7904,
                                    60: -0.1112,
                                    61: 0.8514,
                                    62: 1.8319,
                                    63: 2.5197,
                                    64: 2.7187,
                                    65: 2.4167,
                                    66: 1.7443,
                                    67: 0.903,
                                    68: 0.1012,
                                    69: -0.5027,
                                    70: -0.8423,
                                    71: -0.95,
                                    72: -0.9244,
                                    73: -0.869,
                                    74: -0.8421,
                                    75: -0.8446,
                                    76: -0.8334,
                                    77: -0.7627,
                                    78: -0.6196,
                                    79: -0.416,
                                    80: -0.1618,
                                    81: 0.1433,
                                    82: 0.5012,
                                    83: 0.9034,
                                    84: 1.3244,
                                    85: 1.7123,
                                    86: 1.9797,
                                    87: 2.0437,
                                    88: 1.8888,
                                    89: 1.5732,
                                    90: 1.1884,
                                    91: 0.8099,
                                    92: 0.4723,
                                    93: 0.1758,
                                    94: -0.0937,
                                    95: -0.3495,
                                    96: -0.5957,
                                    97: -0.8144,
                                    98: -0.9543,
                                    99: -0.9686,
                                    100: -0.8661,
                                    101: -0.6999,
                                    102: -0.5255,
                                    103: -0.3842,
                                    104: -0.3084,
                                    105: -0.3138,
                                    106: -0.3872,
                                    107: -0.4944,
                                    108: -0.5967,
                                    109: -0.6653,
                                    110: -0.6891,
                                    111: -0.6744,
                                    112: -0.6389,
                                    113: -0.6028,
                                    114: -0.5812,
                                    115: -0.58,
                                    116: -0.5961,
                                    117: -0.6202,
                                    118: -0.6417,
                                    119: -0.6529,
                                    120: -0.6504,
                                    121: -0.6358,
                                    122: -0.6139,
                                    123: -0.5903,
                                    124: -0.5692,
                                    125: -0.5523,
                                    126: -0.5389,
                                    127: -0.5266,
                                    128: -0.5127,
                                    129: -0.4948,
                                    130: -0.4723,
                                    131: -0.4455,
                                    132: -0.4159,
                                    133: -0.3849,
                                    134: -0.3538,
                                    135: -0.3233,
                                    136: -0.2932,
                                    137: -0.2629,
                                    138: -0.2319,
                                    139: -0.1995,
                                    140: -0.1656,
                                    141: -0.1305,
                                    142: -0.0945,
                                    143: -0.0582,
                                    144: -0.0221,
                                    145: 0.0137,
                                    146: 0.0491,
                                    147: 0.084,
                                    148: 0.1187,
                                    149: 0.1532,
                                    150: 0.1874,
                                }
                            }
                        }

                        over "Hair_Stray_Top_0_ctl"
                        {
                            double avars:rz.timeSamples = {
                                1: -0.2503,
                                2: -0.2568,
                                3: -0.2624,
                                4: -0.2667,
                                5: -0.2699,
                                6: -0.2718,
                                7: -0.3054,
                                8: -0.4618,
                                9: -0.7241,
                                10: -0.9849,
                                11: -1.1431,
                                12: -1.1395,
                                13: -0.9812,
                                14: -0.7007,
                                15: -0.3604,
                                16: -0.0281,
                                17: 0.2409,
                                18: 0.42,
                                19: 0.5146,
                                20: 0.5551,
                                21: 0.5534,
                                22: 0.4553,
                                23: 0.273,
                                24: 0.0801,
                                25: -0.0734,
                                26: -0.1583,
                                27: -0.1514,
                                28: 0.0378,
                                29: 0.3667,
                                30: 0.7155,
                                31: 0.9929,
                                32: 1.144,
                                33: 1.1692,
                                34: 1.0739,
                                35: 0.8871,
                                36: 0.6462,
                                37: 0.3901,
                                38: 0.1463,
                                39: -0.0734,
                                40: -0.2706,
                                41: -0.4543,
                                42: -0.6338,
                                43: -0.8147,
                                44: -0.9976,
                                45: -1.1335,
                                46: -1.0724,
                                47: -0.7782,
                                48: -0.3563,
                                49: 0.0673,
                                50: 0.3844,
                                51: 0.486,
                                52: 0.1674,
                                53: -0.4784,
                                54: -1.1467,
                                55: -1.5523,
                                56: -1.5227,
                                57: -1.0578,
                                58: -0.2416,
                                59: 0.752,
                                60: 1.7286,
                                61: 2.4795,
                                62: 2.7546,
                                63: 2.4478,
                                64: 1.7509,
                                65: 0.9715,
                                66: 0.3705,
                                67: 0.0392,
                                68: -0.0594,
                                69: -0.0479,
                                70: -0.0624,
                                71: -0.195,
                                72: -0.4461,
                                73: -0.7268,
                                74: -0.9527,
                                75: -1.0559,
                                76: -1.0118,
                                77: -0.8171,
                                78: -0.4855,
                                79: -0.0523,
                                80: 0.4175,
                                81: 0.8334,
                                82: 1.0969,
                                83: 1.1283,
                                84: 0.897,
                                85: 0.4652,
                                86: 0.0069,
                                87: -0.2487,
                                88: -0.1956,
                                89: 0.0498,
                                90: 0.2729,
                                91: 0.3082,
                                92: 0.167,
                                93: -0.0393,
                                94: -0.2124,
                                95: -0.3171,
                                96: -0.3741,
                                97: -0.4118,
                                98: -0.4134,
                                99: -0.4179,
                                100: -0.4581,
                                101: -0.4957,
                                102: -0.496,
                                103: -0.4326,
                                104: -0.3313,
                                105: -0.2309,
                                106: -0.1668,
                                107: -0.1531,
                                108: -0.1831,
                                109: -0.2358,
                                110: -0.2867,
                                111: -0.3174,
                                112: -0.3202,
                                113: -0.2985,
                                114: -0.2632,
                                115: -0.227,
                                116: -0.1997,
                                117: -0.1855,
                                118: -0.1827,
                                119: -0.1858,
                                120: -0.1882,
                                121: -0.1848,
                                122: -0.1735,
                                123: -0.155,
                                124: -0.1325,
                                125: -0.1093,
                                126: -0.0883,
                                127: -0.0707,
                                128: -0.0561,
                                129: -0.0432,
                                130: -0.0302,
                                131: -0.0158,
                                132: 0.0007,
                                133: 0.0189,
                                134: 0.038,
                                135: 0.0571,
                                136: 0.0752,
                                137: 0.092,
                                138: 0.1076,
                                139: 0.1221,
                                140: 0.1362,
                                141: 0.15,
                                142: 0.1638,
                                143: 0.1774,
                                144: 0.1906,
                                145: 0.2031,
                                146: 0.2145,
                                147: 0.2249,
                                148: 0.234,
                                149: 0.2421,
                                150: 0.2493,
                            }

                            over "Hair_Stray_Top_1_ctl"
                            {
                                double avars:rz.timeSamples = {
                                    1: -0.5841,
                                    2: -0.5993,
                                    3: -0.6122,
                                    4: -0.6224,
                                    5: -0.6297,
                                    6: -0.6342,
                                    7: -0.6797,
                                    8: -0.8878,
                                    9: -1.3253,
                                    10: -1.8651,
                                    11: -2.277,
                                    12: -2.3938,
                                    13: -2.1633,
                                    14: -1.6228,
                                    15: -0.8786,
                                    16: -0.0802,
                                    17: 0.6316,
                                    18: 1.1702,
                                    19: 1.5208,
                                    20: 1.7303,
                                    21: 1.8403,
                                    22: 1.8083,
                                    23: 1.5748,
                                    24: 1.189,
                                    25: 0.7817,
                                    26: 0.4595,
                                    27: 0.3188,
                                    28: 0.5067,
                                    29: 1.0928,
                                    30: 1.919,
                                    31: 2.6975,
                                    32: 3.1977,
                                    33: 3.3099,
                                    34: 3.0226,
                                    35: 2.4123,
                                    36: 1.6238,
                                    37: 0.816,
                                    38: 0.1059,
                                    39: -0.458,
                                    40: -0.8919,
                                    41: -1.2517,
                                    42: -1.601,
                                    43: -1.9844,
                                    44: -2.4155,
                                    45: -2.817,
                                    46: -2.9612,
                                    47: -2.6413,
                                    48: -1.906,
                                    49: -1.0096,
                                    50: -0.2105,
                                    51: 0.2273,
                                    52: -0.0314,
                                    53: -1.087,
                                    54: -2.5165,
                                    55: -3.6389,
                                    56: -3.9484,
                                    57: -3.2662,
                                    58: -1.6933,
                                    59: 0.4478,
                                    60: 2.7109,
                                    61: 4.6175,
                                    62: 5.6901,
                                    63: 5.6472,
                                    64: 4.6438,
                                    65: 3.1616,
                                    66: 1.6881,
                                    67: 0.5211,
                                    68: -0.2587,
                                    69: -0.7355,
                                    70: -1.0834,
                                    71: -1.473,
                                    72: -1.9757,
                                    73: -2.5205,
                                    74: -2.9492,
                                    75: -3.1154,
                                    76: -2.9432,
                                    77: -2.426,
                                    78: -1.6098,
                                    79: -0.5945,
                                    80: 0.4732,
                                    81: 1.4261,
                                    82: 2.1112,
                                    83: 2.4251,
                                    84: 2.3465,
                                    85: 1.9814,
                                    86: 1.578,
                                    87: 1.3825,
                                    88: 1.4489,
                                    89: 1.6136,
                                    90: 1.6131,
                                    91: 1.2866,
                                    92: 0.7065,
                                    93: 0.0775,
                                    94: -0.4398,
                                    95: -0.7986,
                                    96: -1.0475,
                                    97: -1.2525,
                                    98: -1.4142,
                                    99: -1.4815,
                                    100: -1.4252,
                                    101: -1.2567,
                                    102: -1.0056,
                                    103: -0.7182,
                                    104: -0.4694,
                                    105: -0.3312,
                                    106: -0.3279,
                                    107: -0.4303,
                                    108: -0.5783,
                                    109: -0.7089,
                                    110: -0.7785,
                                    111: -0.7741,
                                    112: -0.7103,
                                    113: -0.6183,
                                    114: -0.5311,
                                    115: -0.4719,
                                    116: -0.4478,
                                    117: -0.4515,
                                    118: -0.4669,
                                    119: -0.477,
                                    120: -0.4697,
                                    121: -0.4412,
                                    122: -0.3954,
                                    123: -0.3407,
                                    124: -0.2864,
                                    125: -0.239,
                                    126: -0.2006,
                                    127: -0.1696,
                                    128: -0.1419,
                                    129: -0.1127,
                                    130: -0.079,
                                    131: -0.0398,
                                    132: 0.004,
                                    133: 0.0497,
                                    134: 0.095,
                                    135: 0.1377,
                                    136: 0.1771,
                                    137: 0.2135,
                                    138: 0.248,
                                    139: 0.2817,
                                    140: 0.3154,
                                    141: 0.3492,
                                    142: 0.3828,
                                    143: 0.4155,
                                    144: 0.4464,
                                    145: 0.475,
                                    146: 0.501,
                                    147: 0.5244,
                                    148: 0.5453,
                                    149: 0.5641,
                                    150: 0.5809,
                                }
                            }
                        }
                    }
                }

                over "Shoulder_L_ctl"
                {
                    double avars:ty.timeSamples = {
                        1: 0,
                        2: 0,
                        3: 0,
                        4: 0,
                        5: 0,
                        6: 0,
                        7: 0,
                        8: 0,
                        9: 0,
                        10: 0,
                        11: 0,
                        12: 0,
                        13: 0,
                        14: 0,
                        15: 0,
                        16: 0,
                        17: 0,
                        18: 0,
                        19: 0,
                        20: 0,
                        21: 0,
                        22: 0,
                        23: 0,
                        24: 0,
                        25: 0,
                        26: 0,
                        27: 0,
                        28: 0,
                        29: 0,
                        30: 0,
                        31: 0,
                        32: 0,
                        33: 0,
                        34: 0,
                        35: 0,
                        36: 0,
                        37: 0,
                        38: 0,
                        39: 0,
                        40: 0,
                        41: 0,
                        42: 0,
                        43: 0,
                        44: 0,
                        45: 0,
                        46: 0,
                        47: 0,
                        48: 0,
                        49: 0,
                        50: 0,
                        51: 0,
                        52: 0,
                        53: 0,
                        54: 0,
                        55: 0,
                        56: 0,
                        57: 0,
                        58: 0,
                        59: 0,
                        60: 0,
                        61: 0,
                        62: 0,
                        63: 0,
                        64: 0,
                        65: 0,
                        66: 0,
                        67: 0,
                        68: 0,
                        69: 0,
                        70: 0,
                        71: 0,
                        72: 0,
                        73: 0,
                        74: 0,
                        75: 0,
                        76: 0,
                        77: 0,
                        78: 0,
                        79: 0,
                        80: 0,
                        81: 0,
                        82: 0,
                        83: 0,
                        84: 0,
                        85: 0,
                        86: 0,
                        87: 0,
                        88: 0,
                        89: 0,
                        90: 0,
                        91: 0,
                        92: 0,
                        93: 0,
                        94: 0,
                        95: 0,
                        96: 0,
                        97: 0,
                        98: 0,
                        99: 0,
                        100: 0,
                        101: 0,
                        102: 0,
                        103: 0,
                        104: 0,
                        105: 0,
                        106: 0,
                        107: 0,
                        108: 0,
                        109: 0,
                        110: 0,
                        111: 0,
                        112: 0,
                        113: 0,
                        114: 0.0391,
                        115: 0.1641,
                        116: 0.3359,
                        117: 0.4609,
                        118: 0.4815,
                        119: 0.4167,
                        120: 0.3102,
                        121: 0.1898,
                        122: 0.0833,
                        123: 0.0185,
                        124: 0,
                        125: 0,
                        126: 0,
                        127: 0,
                        128: 0,
                        129: 0,
                        130: 0,
                        131: 0,
                        132: 0,
                        133: 0,
                        134: 0,
                        135: 0,
                        136: 0,
                        137: 0,
                        138: 0,
                        139: 0,
                        140: 0,
                        141: 0,
                        142: 0,
                        143: 0,
                        144: 0,
                        145: 0,
                        146: 0,
                        147: 0,
                        148: 0,
                        149: 0,
                        150: 0,
                    }
                }

                over "Shoulder_R_ctl"
                {
                    double avars:ty.timeSamples = {
                        1: 0,
                        2: 0,
                        3: 0,
                        4: 0,
                        5: 0,
                        6: 0,
                        7: 0,
                        8: 0,
                        9: 0,
                        10: 0,
                        11: 0,
                        12: 0,
                        13: 0,
                        14: 0,
                        15: 0,
                        16: 0,
                        17: 0,
                        18: 0,
                        19: 0,
                        20: 0,
                        21: 0,
                        22: 0,
                        23: 0,
                        24: 0,
                        25: 0,
                        26: 0,
                        27: 0,
                        28: 0,
                        29: 0,
                        30: 0,
                        31: 0,
                        32: 0,
                        33: 0,
                        34: 0,
                        35: 0,
                        36: 0,
                        37: 0,
                        38: 0,
                        39: 0,
                        40: 0,
                        41: 0,
                        42: 0,
                        43: 0,
                        44: 0,
                        45: 0,
                        46: 0,
                        47: 0,
                        48: 0,
                        49: 0,
                        50: 0,
                        51: 0,
                        52: 0,
                        53: 0,
                        54: 0,
                        55: 0,
                        56: 0,
                        57: 0,
                        58: 0,
                        59: 0,
                        60: 0,
                        61: 0,
                        62: 0,
                        63: 0,
                        64: 0,
                        65: 0,
                        66: 0,
                        67: 0,
                        68: 0,
                        69: 0,
                        70: 0,
                        71: 0,
                        72: 0,
                        73: 0,
                        74: 0,
                        75: 0,
                        76: 0,
                        77: 0,
                        78: 0,
                        79: 0,
                        80: 0,
                        81: 0,
                        82: 0,
                        83: 0,
                        84: 0,
                        85: 0,
                        86: 0,
                        87: 0,
                        88: 0,
                        89: 0,
                        90: 0,
                        91: 0,
                        92: 0,
                        93: 0,
                        94: 0,
                        95: 0,
                        96: 0,
                        97: 0,
                        98: 0,
                        99: 0,
                        100: 0,
                        101: 0,
                        102: 0,
                        103: 0,
                        104: 0,
                        105: 0,
                        106: 0,
                        107: 0,
                        108: 0,
                        109: 0,
                        110: 0,
                        111: 0,
                        112: 0,
                        113: 0.0781,
                        114: 0.25,
                        115: 0.4219,
                        116: 0.5,
                        117: 0.463,
                        118: 0.3704,
                        119: 0.25,
                        120: 0.1296,
                        121: 0.037,
                        122: 0,
                        123: 0,
                        124: 0,
                        125: 0,
                        126: 0,
                        127: 0,
                        128: 0,
                        129: 0,
                        130: 0,
                        131: 0,
                        132: 0,
                        133: 0,
                        134: 0,
                        135: 0,
                        136: 0,
                        137: 0,
                        138: 0,
                        139: 0,
                        140: 0,
                        141: 0,
                        142: 0,
                        143: 0,
                        144: 0,
                        145: 0,
                        146: 0,
                        147: 0,
                        148: 0,
                        149: 0,
                        150: 0,
                    }
                }

                over "Torso_ctl"
                {
                    double avars:ry.timeSamples = {
                        1: 0,
                        2: 0,
                        3: 0,
                        4: 0,
                        5: 0,
                        6: 0,
                        7: 0,
                        8: 0,
                        9: 0,
                        10: 0,
                        11: 0,
                        12: 0,
                        13: 0.1312,
                        14: 0.4985,
                        15: 1.0627,
                        16: 1.7843,
                        17: 2.6239,
                        18: 3.5423,
                        19: 4.5,
                        20: 5.4577,
                        21: 6.3761,
                        22: 7.2157,
                        23: 7.9373,
                        24: 8.5015,
                        25: 8.8688,
                        26: 9,
                        27: 9,
                        28: 9,
                        29: 9,
                        30: 9,
                        31: 9,
                        32: 9,
                        33: 8.8395,
                        34: 8.3827,
                        35: 7.6667,
                        36: 6.7284,
                        37: 5.6049,
                        38: 4.3333,
                        39: 2.9506,
                        40: 1.4938,
                        41: 0,
                        42: -1.4938,
                        43: -2.9506,
                        44: -4.3333,
                        45: -5.6049,
                        46: -6.7284,
                        47: -7.6667,
                        48: -8.3827,
                        49: -8.8395,
                        50: -9,
                        51: -9,
                        52: -9,
                        53: -9,
                        54: -9,
                        55: -9,
                        56: -9,
                        57: -8.748,
                        58: -8.064,
                        59: -7.056,
                        60: -5.832,
                        61: -4.5,
                        62: -3.168,
                        63: -1.944,
                        64: -0.936,
                        65: -0.252,
                        66: 0,
                        67: 0,
                        68: 0,
                        69: 0,
                        70: 0,
                        71: 0,
                        72: 0,
                        73: 0,
                        74: 0,
                        75: 0,
                        76: 0,
                        77: 0,
                        78: 0,
                        79: 0,
                        80: 0,
                        81: 0,
                        82: 0,
                        83: 0,
                        84: 0,
                        85: 0,
                        86: 0,
                        87: 0,
                        88: 0,
                        89: 0,
                        90: 0,
                        91: 0,
                        92: 0,
                        93: 0,
                        94: 0,
                        95: 0,
                        96: 0,
                        97: 0,
                        98: 0,
                        99: 0,
                        100: 0,
                        101: 0,
                        102: 0,
                        103: 0,
                        104: 0,
                        105: 0,
                        106: 0,
                        107: 0,
                        108: 0,
                        109: 0,
                        110: 0,
                        111: 0,
                        112: 0,
                        113: 0,
                        114: 0,
                        115: 0,
                        116: 0,
                        117: 0,
                        118: 0,
                        119: 0,
                        120: 0,
                        121: 0,
                        122: 0,
                        123: 0,
                        124: 0,
                        125: 0,
                        126: 0,
                        127: 0,
                        128: 0,
                        129: 0,
                        130: 0,
                        131: 0,
                        132: 0,
                        133: 0,
                        134: 0,
                        135: 0,
                        136: 0,
                        137: 0,
                        138: 0,
                        139: 0,
                        140: 0,
                        141: 0,
                        142: 0,
                        143: 0,
                        144: 0,
                        145: 0,
                        146: 0,
                        147: 0,
                        148: 0,
                        149: 0,
                        150: 0,
                    }
                    double avars:ty.timeSamples = {
                        1: 0,
                        2: 0.0033,
                        3: 0.013,
                        4: 0.0291,
                        5: 0.0513,
                        6: 0.0794,
                        7: 0.1129,
                        8: 0.1515,
                        9: 0.1947,
                        10: 0.2418,
                        11: 0.2923,
                        12: 0.3455,
                        13: 0.4007,
                        14: 0.4572,
                        15: 0.5143,
                        16: 0.5712,
                        17: 0.6271,
                        18: 0.6814,
                        19: 0.7333,
                        20: 0.7822,
                        21: 0.8274,
                        22: 0.8684,
                        23: 0.9045,
                        24: 0.9354,
                        25: 0.9606,
                        26: 0.9797,
                        27: 0.9927,
                        28: 0.9992,
                        29: 0.9992,
                        30: 0.9927,
                        31: 0.9797,
                        32: 0.9606,
                        33: 0.9354,
                        34: 0.9045,
                        35: 0.8684,
                        36: 0.8274,
                        37: 0.7822,
                        38: 0.7333,
                        39: 0.6814,
                        40: 0.6271,
                        41: 0.5712,
                        42: 0.5143,
                        43: 0.4572,
                        44: 0.4007,
                        45: 0.3455,
                        46: 0.2923,
                        47: 0.2418,
                        48: 0.1947,
                        49: 0.1515,
                        50: 0.1129,
                        51: 0.0794,
                        52: 0.0513,
                        53: 0.0291,
                        54: 0.013,
                        55: 0.0033,
                        56: 0,
                        57: 0.0033,
                        58: 0.013,
                        59: 0.0291,
                        60: 0.0513,
                        61: 0.0794,
                        62: 0.1129,
                        63: 0.1515,
                        64: 0.1947,
                        65: 0.2418,
                        66: 0.2923,
                        67: 0.3455,
                        68: 0.4007,
                        69: 0.4572,
                        70: 0.5143,
                        71: 0.5712,
                        72: 0.6271,
                        73: 0.6814,
                        74: 0.7333,
                        75: 0.7822,
                        76: 0.8274,
                        77: 0.8684,
                        78: 0.9045,
                        79: 0.9354,
                        80: 0.9606,
                        81: 0.9797,
                        82: 0.9927,
                        83: 0.9992,
                        84: 0.9992,
                        85: 0.9927,
                        86: 0.9797,
                        87: 0.9606,
                        88: 0.9354,
                        89: 0.9045,
                        90: 0.8684,
                        91: 0.8274,
                        92: 0.7822,
                        93: 0.7333,
                        94: 0.6814,
                        95: 0.6271,
                        96: 0.5712,
                        97: 0.5143,
                        98: 0.4572,
                        99: 0.4007,
                        100: 0.3455,
                        101: 0.2923,
                        102: 0.2418,
                        103: 0.1947,
                        104: 0.1515,
                        105: 0.1129,
                        106: 0.0794,
                        107: 0.0513,
                        108: 0.0291,
                        109: 0.013,
                        110: 0.0033,
                        111: 0,
                        112: 0.0033,
                        113: 0.013,
                        114: 0.0291,
                        115: 0.0513,
                        116: 0.0794,
                        117: 0.1129,
                        118: 0.1515,
                        119: 0.1947,
                        120: 0.2418,
                        121: 0.2923,
                        122: 0.3455,
                        123: 0.4007,
                        124: 0.4572,
                        125: 0.5143,
                        126: 0.5712,
                        127: 0.6271,
                        128: 0.6814,
                        129: 0.7333,
                        130: 0.7822,
                        131: 0.8274,
                        132: 0.8684,
                        133: 0.9045,
                        134: 0.9354,
                        135: 0.9606,
                        136: 0.9797,
                        137: 0.9927,
                        138: 0.9992,
                        139: 0.9992,
                        140: 0.9927,
                        141: 0.9797,
                        142: 0.9606,
                        143: 0.9354,
                        144: 0.9045,
                        145: 0.8684,
                        146: 0.8274,
                        147: 0.7822,
                        148: 0.7333,
                        149: 0.6814,
                        150: 0.6271,
                    }
                }

                over "Ribbon_TailL_0_ctl"
                {
                    double avars:rz.timeSamples = {
                        1: 0.2831,
                        2: 0.2837,
                        3: 0.2827,
                        4: 0.2803,
                        5: 0.2764,
                        6: 0.2711,
                        7: 0.2643,
                        8: 0.2563,
                        9: 0.2468,
                        10: 0.236,
                        11: 0.2054,
                        12: 0.0974,
                        13: -0.1212,
                        14: -0.419,
                        15: -0.7336,
                        16: -1.0009,
                        17: -1.173,
                        18: -1.2198,
                        19: -1.1285,
                        20: -0.9022,
                        21: -0.5565,
                        22: -0.116,
                        23: 0.3895,
                        24: 0.9287,
                        25: 1.4516,
                        26: 1.8627,
                        27: 2.0766,
                        28: 2.074,
                        29: 1.8811,
                        30: 1.5473,
                        31: 1.1493,
                        32: 0.8116,
                        33: 0.6247,
                        34: 0.5921,
                        35: 0.6693,
                        36: 0.796,
                        37: 0.9184,
                        38: 0.9931,
                        39: 0.9889,
                        40: 0.8878,
                        41: 0.6842,
                        42: 0.3832,
                        43: -0.0016,
                        44: -0.4506,
                        45: -0.9412,
                        46: -1.4501,
                        47: -1.9556,
                        48: -2.439,
                        49: -2.8602,
                        50: -3.1221,
                        51: -3.1413,
                        52: -2.9152,
                        53: -2.493,
                        54: -1.9461,
                        55: -1.3829,
                        56: -0.9802,
                        57: -0.8414,
                        58: -0.92,
                        59: -1.0975,
                        60: -1.2446,
                        61: -1.2596,
                        62: -1.0735,
                        63: -0.6505,
                        64: 0.0147,
                        65: 0.8677,
                        66: 1.7443,
                        67: 2.4418,
                        68: 2.8495,
                        69: 2.9486,
                        70: 2.7678,
                        71: 2.3576,
                        72: 1.7819,
                        73: 1.1096,
                        74: 0.4077,
                        75: -0.2631,
                        76: -0.8475,
                        77: -1.2936,
                        78: -1.5698,
                        79: -1.664,
                        80: -1.5832,
                        81: -1.3499,
                        82: -0.9975,
                        83: -0.5658,
                        84: -0.0958,
                        85: 0.3738,
                        86: 0.8096,
                        87: 1.186,
                        88: 1.4856,
                        89: 1.6957,
                        90: 1.7991,
                        91: 1.7869,
                        92: 1.6686,
                        93: 1.4595,
                        94: 1.1819,
                        95: 0.8612,
                        96: 0.5228,
                        97: 0.19,
                        98: -0.118,
                        99: -0.3865,
                        100: -0.6064,
                        101: -0.7662,
                        102: -0.8419,
                        103: -0.8283,
                        104: -0.7443,
                        105: -0.6084,
                        106: -0.4439,
                        107: -0.2727,
                        108: -0.1134,
                        109: 0.0198,
                        110: 0.1175,
                        111: 0.1755,
                        112: 0.1937,
                        113: 0.176,
                        114: 0.1289,
                        115: 0.0604,
                        116: -0.0206,
                        117: -0.1057,
                        118: -0.1874,
                        119: -0.2598,
                        120: -0.3187,
                        121: -0.3616,
                        122: -0.388,
                        123: -0.3988,
                        124: -0.3958,
                        125: -0.3818,
                        126: -0.36,
                        127: -0.3335,
                        128: -0.3052,
                        129: -0.2775,
                        130: -0.2521,
                        131: -0.2303,
                        132: -0.2124,
                        133: -0.1985,
                        134: -0.1879,
                        135: -0.1797,
                        136: -0.173,
                        137: -0.1666,
                        138: -0.1596,
                        139: -0.1511,
                        140: -0.1404,
                        141: -0.1271,
                        142: -0.1112,
                        143: -0.0928,
                        144: -0.072,
                        145: -0.0493,
                        146: -0.0253,
                        147: -0.0006,
                        148: 0.0245,
                        149: 0.0493,
                        150: 0.0734,
                    }

                    over "Ribbon_TailL_1_ctl"
                    {
                        double avars:rz.timeSamples = {
                            1: 0.3303,
                            2: 0.331,
                            3: 0.3299,
                            4: 0.327,
                            5: 0.3224,
                            6: 0.3162,
                            7: 0.3084,
                            8: 0.299,
                            9: 0.288,
                            10: 0.2754,
                            11: 0.2489,
                            12: 0.1702,
                            13: 0.0063,
                            14: -0.2287,
                            15: -0.4857,
                            16: -0.7144,
                            17: -0.8755,
                            18: -0.9428,
                            19: -0.9033,
                            20: -0.756,
                            21: -0.5104,
                            22: -0.1833,
                            23: 0.2036,
                            24: 0.6265,
                            25: 1.0487,
                            26: 1.4028,
                            27: 1.6164,
                            28: 1.6611,
                            29: 1.5538,
                            30: 1.329,
                            31: 1.0414,
                            32: 0.779,
                            33: 0.6217,
                            34: 0.5871,
                            35: 0.6414,
                            36: 0.7391,
                            37: 0.8381,
                            38: 0.9034,
                            39: 0.9089,
                            40: 0.8381,
                            41: 0.6844,
                            42: 0.4498,
                            43: 0.1433,
                            44: -0.2208,
                            45: -0.6253,
                            46: -1.052,
                            47: -1.483,
                            48: -1.9028,
                            49: -2.2815,
                            50: -2.5516,
                            51: -2.64,
                            52: -2.528,
                            53: -2.2508,
                            54: -1.861,
                            55: -1.4375,
                            56: -1.1059,
                            57: -0.967,
                            58: -1.0099,
                            59: -1.142,
                            60: -1.2621,
                            61: -1.2879,
                            62: -1.1601,
                            63: -0.8448,
                            64: -0.3319,
                            65: 0.3453,
                            66: 1.0768,
                            67: 1.7133,
                            68: 2.1546,
                            69: 2.3687,
                            70: 2.3598,
                            71: 2.1511,
                            72: 1.7798,
                            73: 1.2914,
                            74: 0.7342,
                            75: 0.1555,
                            76: -0.3986,
                            77: -0.8818,
                            78: -1.2526,
                            79: -1.4827,
                            80: -1.5607,
                            81: -1.4906,
                            82: -1.2892,
                            83: -0.9821,
                            84: -0.6004,
                            85: -0.1768,
                            86: 0.2574,
                            87: 0.675,
                            88: 1.054,
                            89: 1.3765,
                            90: 1.6229,
                            91: 1.7734,
                            92: 1.817,
                            93: 1.7559,
                            94: 1.6018,
                            95: 1.3722,
                            96: 1.0882,
                            97: 0.7721,
                            98: 0.445,
                            99: 0.1255,
                            100: -0.1716,
                            101: -0.4309,
                            102: -0.6298,
                            103: -0.7464,
                            104: -0.7759,
                            105: -0.7309,
                            106: -0.6307,
                            107: -0.4962,
                            108: -0.348,
                            109: -0.2039,
                            110: -0.0785,
                            111: 0.0181,
                            112: 0.0804,
                            113: 0.1068,
                            114: 0.0996,
                            115: 0.0638,
                            116: 0.0061,
                            117: -0.0655,
                            118: -0.1433,
                            119: -0.2202,
                            120: -0.2902,
                            121: -0.3488,
                            122: -0.3933,
                            123: -0.4225,
                            124: -0.4367,
                            125: -0.4372,
                            126: -0.4265,
                            127: -0.407,
                            128: -0.3818,
                            129: -0.3536,
                            130: -0.3247,
                            131: -0.297,
                            132: -0.2717,
                            133: -0.2496,
                            134: -0.2307,
                            135: -0.2149,
                            136: -0.2013,
                            137: -0.1892,
                            138: -0.1776,
                            139: -0.1657,
                            140: -0.1525,
                            141: -0.1375,
                            142: -0.1203,
                            143: -0.1008,
                            144: -0.0788,
                            145: -0.0548,
                            146: -0.029,
                            147: -0.002,
                            148: 0.0258,
                            149: 0.0538,
                            150: 0.0815,
                        }

                        over "Ribbon_TailL_2_ctl"
                        {
                            double avars:rz.timeSamples = {
                                1: 0.3303,
                                2: 0.331,
                                3: 0.3299,
                                4: 0.327,
                                5: 0.3224,
                                6: 0.3162,
                                7: 0.3084,
                                8: 0.299,
                                9: 0.288,
                                10: 0.2754,
                                11: 0.2489,
                                12: 0.1702,
                                13: 0.0062,
                                14: -0.229,
                                15: -0.4867,
                                16: -0.7168,
                                17: -0.8803,
                                18: -0.951,
                                19: -0.9161,
                                20: -0.7747,
                                21: -0.5358,
                                22: -0.2161,
                                23: 0.163,
                                24: 0.5781,
                                25: 0.993,
                                26: 1.3408,
                                27: 1.5493,
                                28: 1.5905,
                                29: 1.4812,
                                30: 1.2559,
                                31: 0.9692,
                                32: 0.7085,
                                33: 0.5537,
                                34: 0.5222,
                                35: 0.5802,
                                36: 0.6823,
                                37: 0.7867,
                                38: 0.8584,
                                39: 0.8714,
                                40: 0.8094,
                                41: 0.6656,
                                42: 0.442,
                                43: 0.1474,
                                44: -0.2044,
                                45: -0.5964,
                                46: -1.0107,
                                47: -1.4301,
                                48: -1.8392,
                                49: -2.2089,
                                50: -2.4717,
                                51: -2.555,
                                52: -2.4402,
                                53: -2.1623,
                                54: -1.7737,
                                55: -1.3527,
                                56: -1.0245,
                                57: -0.8896,
                                58: -0.9369,
                                59: -1.074,
                                60: -1.2001,
                                61: -1.2328,
                                62: -1.1133,
                                63: -0.8073,
                                64: -0.3047,
                                65: 0.362,
                                66: 1.0834,
                                67: 1.711,
                                68: 2.1455,
                                69: 2.3557,
                                70: 2.3461,
                                71: 2.1401,
                                72: 1.7748,
                                73: 1.2951,
                                74: 0.7487,
                                75: 0.1818,
                                76: -0.3604,
                                77: -0.8328,
                                78: -1.195,
                                79: -1.4195,
                                80: -1.4957,
                                81: -1.4279,
                                82: -1.2327,
                                83: -0.9355,
                                84: -0.5669,
                                85: -0.1587,
                                86: 0.2587,
                                87: 0.6591,
                                88: 1.0215,
                                89: 1.329,
                                90: 1.5629,
                                91: 1.704,
                                92: 1.7419,
                                93: 1.679,
                                94: 1.5268,
                                95: 1.3026,
                                96: 1.027,
                                97: 0.7214,
                                98: 0.4062,
                                99: 0.0991,
                                100: -0.1857,
                                101: -0.4338,
                                102: -0.6233,
                                103: -0.7326,
                                104: -0.7575,
                                105: -0.7103,
                                106: -0.6101,
                                107: -0.4776,
                                108: -0.3327,
                                109: -0.1927,
                                110: -0.0718,
                                111: 0.0206,
                                112: 0.0791,
                                113: 0.1026,
                                114: 0.0933,
                                115: 0.0564,
                                116: -0.0015,
                                117: -0.0726,
                                118: -0.1494,
                                119: -0.2249,
                                120: -0.2932,
                                121: -0.3503,
                                122: -0.3933,
                                123: -0.4213,
                                124: -0.4346,
                                125: -0.4346,
                                126: -0.4236,
                                127: -0.4043,
                                128: -0.3794,
                                129: -0.3517,
                                130: -0.3233,
                                131: -0.2962,
                                132: -0.2715,
                                133: -0.2499,
                                134: -0.2314,
                                135: -0.2158,
                                136: -0.2023,
                                137: -0.1902,
                                138: -0.1786,
                                139: -0.1665,
                                140: -0.1531,
                                141: -0.1379,
                                142: -0.1205,
                                143: -0.1007,
                                144: -0.0786,
                                145: -0.0545,
                                146: -0.0287,
                                147: -0.0016,
                                148: 0.0262,
                                149: 0.0541,
                                150: 0.0818,
                            }
                        }
                    }
                }

                over "Ribbon_TailR_0_ctl"
                {
                    double avars:rz.timeSamples = {
                        1: 0.2584,
                        2: 0.2633,
                        3: 0.2674,
                        4: 0.2707,
                        5: 0.2732,
                        6: 0.275,
                        7: 0.276,
                        8: 0.2762,
                        9: 0.2755,
                        10: 0.2739,
                        11: 0.2528,
                        12: 0.1549,
                        13: -0.0529,
                        14: -0.3395,
                        15: -0.6427,
                        16: -0.8986,
                        17: -1.0597,
                        18: -1.0959,
                        19: -0.9948,
                        20: -0.7593,
                        21: -0.4052,
                        22: 0.043,
                        23: 0.5553,
                        24: 1.1005,
                        25: 1.6288,
                        26: 2.0447,
                        27: 2.2633,
                        28: 2.2652,
                        29: 2.0765,
                        30: 1.7464,
                        31: 1.3513,
                        32: 1.0153,
                        33: 0.8284,
                        34: 0.7941,
                        35: 0.868,
                        36: 0.9899,
                        37: 1.1064,
                        38: 1.1742,
                        39: 1.1621,
                        40: 1.0523,
                        41: 0.8391,
                        42: 0.5277,
                        43: 0.1316,
                        44: -0.3295,
                        45: -0.8331,
                        46: -1.3561,
                        47: -1.8766,
                        48: -2.376,
                        49: -2.8143,
                        50: -3.0943,
                        51: -3.133,
                        52: -2.9278,
                        53: -2.5275,
                        54: -2.0033,
                        55: -1.4629,
                        56: -1.0828,
                        57: -0.9657,
                        58: -1.065,
                        59: -1.2625,
                        60: -1.4292,
                        61: -1.4637,
                        62: -1.2972,
                        63: -0.8939,
                        64: -0.2486,
                        65: 0.5847,
                        66: 1.4421,
                        67: 2.1214,
                        68: 2.5129,
                        69: 2.598,
                        70: 2.4059,
                        71: 1.9873,
                        72: 1.4059,
                        73: 0.7305,
                        74: 0.0283,
                        75: -0.6407,
                        76: -1.2212,
                        77: -1.6618,
                        78: -1.9313,
                        79: -2.0179,
                        80: -1.9288,
                        81: -1.6866,
                        82: -1.3247,
                        83: -0.8825,
                        84: -0.4012,
                        85: 0.0809,
                        86: 0.5306,
                        87: 0.9225,
                        88: 1.2392,
                        89: 1.4682,
                        90: 1.5924,
                        91: 1.6032,
                        92: 1.5103,
                        93: 1.3286,
                        94: 1.0806,
                        95: 0.7911,
                        96: 0.4854,
                        97: 0.1861,
                        98: -0.0878,
                        99: -0.322,
                        100: -0.5076,
                        101: -0.6338,
                        102: -0.6767,
                        103: -0.6318,
                        104: -0.5183,
                        105: -0.3544,
                        106: -0.1635,
                        107: 0.0327,
                        108: 0.2156,
                        109: 0.3712,
                        110: 0.4901,
                        111: 0.5681,
                        112: 0.6052,
                        113: 0.605,
                        114: 0.5739,
                        115: 0.5198,
                        116: 0.4514,
                        117: 0.3769,
                        118: 0.3037,
                        119: 0.2375,
                        120: 0.1824,
                        121: 0.1407,
                        122: 0.1131,
                        123: 0.0986,
                        124: 0.0952,
                        125: 0.1002,
                        126: 0.1106,
                        127: 0.1233,
                        128: 0.1355,
                        129: 0.1448,
                        130: 0.1497,
                        131: 0.1491,
                        132: 0.1426,
                        133: 0.1304,
                        134: 0.1133,
                        135: 0.0921,
                        136: 0.068,
                        137: 0.0423,
                        138: 0.0162,
                        139: -0.0095,
                        140: -0.0339,
                        141: -0.0564,
                        142: -0.0768,
                        143: -0.0949,
                        144: -0.111,
                        145: -0.1252,
                        146: -0.1378,
                        147: -0.1493,
                        148: -0.16,
                        149: -0.1702,
                        150: -0.1802,
                    }

                    over "Ribbon_TailR_1_ctl"
                    {
                        double avars:rz.timeSamples = {
                            1: 0.3014,
                            2: 0.3072,
                            3: 0.3119,
                            4: 0.3158,
                            5: 0.3188,
                            6: 0.3208,
                            7: 0.322,
                            8: 0.3222,
                            9: 0.3214,
                            10: 0.3195,
                            11: 0.3042,
                            12: 0.2372,
                            13: 0.0855,
                            14: -0.1369,
                            15: -0.3811,
                            16: -0.597,
                            17: -0.7455,
                            18: -0.8007,
                            19: -0.7495,
                            20: -0.5913,
                            21: -0.3354,
                            22: 0.0013,
                            23: 0.397,
                            24: 0.8278,
                            25: 1.2573,
                            26: 1.6178,
                            27: 1.8374,
                            28: 1.8875,
                            29: 1.7848,
                            30: 1.5639,
                            31: 1.2792,
                            32: 1.0182,
                            33: 0.8607,
                            34: 0.8241,
                            35: 0.8748,
                            36: 0.9673,
                            37: 1.0597,
                            38: 1.1172,
                            39: 1.1134,
                            40: 1.0323,
                            41: 0.8671,
                            42: 0.6199,
                            43: 0.2997,
                            44: -0.0794,
                            45: -0.5001,
                            46: -0.9439,
                            47: -1.3934,
                            48: -1.8326,
                            49: -2.2318,
                            50: -2.5236,
                            51: -2.6347,
                            52: -2.5468,
                            53: -2.2945,
                            54: -1.9303,
                            55: -1.5327,
                            56: -1.2268,
                            57: -1.113,
                            58: -1.1801,
                            59: -1.336,
                            60: -1.4795,
                            61: -1.5283,
                            62: -1.4233,
                            63: -1.1305,
                            64: -0.6398,
                            65: 0.0158,
                            66: 0.7265,
                            67: 1.3436,
                            68: 1.7673,
                            69: 1.9661,
                            70: 1.9443,
                            71: 1.7254,
                            72: 1.3465,
                            73: 0.8532,
                            74: 0.2937,
                            75: -0.2849,
                            76: -0.8368,
                            77: -1.3156,
                            78: -1.6803,
                            79: -1.9029,
                            80: -1.9719,
                            81: -1.8914,
                            82: -1.6782,
                            83: -1.358,
                            84: -0.9615,
                            85: -0.5215,
                            86: -0.069,
                            87: 0.3685,
                            88: 0.7695,
                            89: 1.1158,
                            90: 1.3881,
                            91: 1.5665,
                            92: 1.6401,
                            93: 1.6111,
                            94: 1.4908,
                            95: 1.2966,
                            96: 1.0492,
                            97: 0.7706,
                            98: 0.4816,
                            99: 0.2004,
                            100: -0.0585,
                            101: -0.2799,
                            102: -0.4417,
                            103: -0.5223,
                            104: -0.5174,
                            105: -0.4392,
                            106: -0.3074,
                            107: -0.1428,
                            108: 0.0341,
                            109: 0.2054,
                            110: 0.3565,
                            111: 0.4773,
                            112: 0.562,
                            113: 0.6091,
                            114: 0.6207,
                            115: 0.6015,
                            116: 0.5584,
                            117: 0.4988,
                            118: 0.4304,
                            119: 0.3604,
                            120: 0.2945,
                            121: 0.237,
                            122: 0.1908,
                            123: 0.157,
                            124: 0.1353,
                            125: 0.1244,
                            126: 0.122,
                            127: 0.1254,
                            128: 0.1319,
                            129: 0.1389,
                            130: 0.1441,
                            131: 0.1457,
                            132: 0.1427,
                            133: 0.1344,
                            134: 0.1208,
                            135: 0.1025,
                            136: 0.0801,
                            137: 0.0548,
                            138: 0.0276,
                            139: -0.0004,
                            140: -0.0282,
                            141: -0.055,
                            142: -0.0802,
                            143: -0.1034,
                            144: -0.1244,
                            145: -0.1434,
                            146: -0.1604,
                            147: -0.1756,
                            148: -0.1895,
                            149: -0.2023,
                            150: -0.2144,
                        }

                        over "Ribbon_TailR_2_ctl"
                        {
                            double avars:rz.timeSamples = {
                                1: 0.3014,
                                2: 0.3072,
                                3: 0.3119,
                                4: 0.3158,
                                5: 0.3188,
                                6: 0.3208,
                                7: 0.322,
                                8: 0.3222,
                                9: 0.3214,
                                10: 0.3195,
                                11: 0.3042,
                                12: 0.2372,
                                13: 0.0854,
                                14: -0.1372,
                                15: -0.3821,
                                16: -0.5994,
                                17: -0.7503,
                                18: -0.8089,
                                19: -0.7624,
                                20: -0.6099,
                                21: -0.3607,
                                22: -0.0314,
                                23: 0.3564,
                                24: 0.7795,
                                25: 1.2016,
                                26: 1.5558,
                                27: 1.7702,
                                28: 1.8168,
                                29: 1.7122,
                                30: 1.4908,
                                31: 1.207,
                                32: 0.9477,
                                33: 0.7928,
                                34: 0.7592,
                                35: 0.8136,
                                36: 0.9106,
                                37: 1.0083,
                                38: 1.0721,
                                39: 1.076,
                                40: 1.0036,
                                41: 0.8484,
                                42: 0.6121,
                                43: 0.3037,
                                44: -0.063,
                                45: -0.4711,
                                46: -0.9027,
                                47: -1.3404,
                                48: -1.769,
                                49: -2.1591,
                                50: -2.4436,
                                51: -2.5498,
                                52: -2.459,
                                53: -2.2061,
                                54: -1.843,
                                55: -1.4479,
                                56: -1.1453,
                                57: -1.0355,
                                58: -1.1071,
                                59: -1.2681,
                                60: -1.4175,
                                61: -1.4732,
                                62: -1.3764,
                                63: -1.093,
                                64: -0.6125,
                                65: 0.0325,
                                66: 0.7331,
                                67: 1.3413,
                                68: 1.7582,
                                69: 1.9531,
                                70: 1.9306,
                                71: 1.7144,
                                72: 1.3415,
                                73: 0.8569,
                                74: 0.3081,
                                75: -0.2586,
                                76: -0.7986,
                                77: -1.2667,
                                78: -1.6227,
                                79: -1.8397,
                                80: -1.9069,
                                81: -1.8287,
                                82: -1.6217,
                                83: -1.3114,
                                84: -0.928,
                                85: -0.5034,
                                86: -0.0677,
                                87: 0.3526,
                                88: 0.737,
                                89: 1.0684,
                                90: 1.3281,
                                91: 1.4971,
                                92: 1.565,
                                93: 1.5342,
                                94: 1.4158,
                                95: 1.227,
                                96: 0.988,
                                97: 0.7199,
                                98: 0.4428,
                                99: 0.174,
                                100: -0.0726,
                                101: -0.2828,
                                102: -0.4352,
                                103: -0.5086,
                                104: -0.4989,
                                105: -0.4186,
                                106: -0.2869,
                                107: -0.1242,
                                108: 0.0494,
                                109: 0.2165,
                                110: 0.3632,
                                111: 0.4798,
                                112: 0.5608,
                                113: 0.6049,
                                114: 0.6144,
                                115: 0.5941,
                                116: 0.5507,
                                117: 0.4916,
                                118: 0.4243,
                                119: 0.3557,
                                120: 0.2914,
                                121: 0.2356,
                                122: 0.1908,
                                123: 0.1582,
                                124: 0.1374,
                                125: 0.127,
                                126: 0.1248,
                                127: 0.1281,
                                128: 0.1343,
                                129: 0.1408,
                                130: 0.1454,
                                131: 0.1465,
                                132: 0.1429,
                                133: 0.1341,
                                134: 0.1202,
                                135: 0.1016,
                                136: 0.0791,
                                137: 0.0538,
                                138: 0.0266,
                                139: -0.0012,
                                140: -0.0288,
                                141: -0.0553,
                                142: -0.0803,
                                143: -0.1033,
                                144: -0.1242,
                                145: -0.1431,
                                146: -0.16,
                                147: -0.1752,
                                148: -0.1892,
                                149: -0.202,
                                150: -0.2142,
                            }
                        }
                    }
                }
            }
        }
    }
}
