{"traceEvents":[
{"name":"thread_name","ph":"M","pid":1,"tid":12,"args":{"name":"rigExec worker 12"}},
{"name":"thread_name","ph":"M","pid":1,"tid":25,"args":{"name":"rigExec worker 25"}},
{"name":"thread_name","ph":"M","pid":1,"tid":3,"args":{"name":"rigExec worker 3"}},
{"name":"thread_name","ph":"M","pid":1,"tid":4,"args":{"name":"rigExec worker 4"}},
{"name":"thread_name","ph":"M","pid":1,"tid":7,"args":{"name":"rigExec worker 7"}},
{"name":"thread_name","ph":"M","pid":1,"tid":24,"args":{"name":"rigExec worker 24"}},
{"name":"thread_name","ph":"M","pid":1,"tid":8,"args":{"name":"rigExec worker 8"}},
{"name":"thread_name","ph":"M","pid":1,"tid":9,"args":{"name":"rigExec worker 9"}},
{"name":"thread_name","ph":"M","pid":1,"tid":31,"args":{"name":"rigExec worker 31"}},
{"name":"thread_name","ph":"M","pid":1,"tid":30,"args":{"name":"rigExec worker 30"}},
{"name":"thread_name","ph":"M","pid":1,"tid":11,"args":{"name":"rigExec worker 11"}},
{"name":"thread_name","ph":"M","pid":1,"tid":29,"args":{"name":"rigExec worker 29"}},
{"name":"thread_name","ph":"M","pid":1,"tid":23,"args":{"name":"rigExec worker 23"}},
{"name":"thread_name","ph":"M","pid":1,"tid":0,"args":{"name":"main (Evaluate)"}},
{"name":"thread_name","ph":"M","pid":1,"tid":2,"args":{"name":"rigExec worker 2"}},
{"name":"thread_name","ph":"M","pid":1,"tid":15,"args":{"name":"rigExec worker 15"}},
{"name":"thread_name","ph":"M","pid":1,"tid":17,"args":{"name":"rigExec worker 17"}},
{"name":"thread_name","ph":"M","pid":1,"tid":22,"args":{"name":"rigExec worker 22"}},
{"name":"thread_name","ph":"M","pid":1,"tid":26,"args":{"name":"rigExec worker 26"}},
{"name":"thread_name","ph":"M","pid":1,"tid":1,"args":{"name":"rigExec worker 1"}},
{"name":"thread_name","ph":"M","pid":1,"tid":14,"args":{"name":"rigExec worker 14"}},
{"name":"thread_name","ph":"M","pid":1,"tid":18,"args":{"name":"rigExec worker 18"}},
{"name":"thread_name","ph":"M","pid":1,"tid":5,"args":{"name":"rigExec worker 5"}},
{"name":"thread_name","ph":"M","pid":1,"tid":27,"args":{"name":"rigExec worker 27"}},
{"name":"thread_name","ph":"M","pid":1,"tid":10,"args":{"name":"rigExec worker 10"}},
{"name":"thread_name","ph":"M","pid":1,"tid":19,"args":{"name":"rigExec worker 19"}},
{"name":"thread_name","ph":"M","pid":1,"tid":28,"args":{"name":"rigExec worker 28"}},
{"name":"thread_name","ph":"M","pid":1,"tid":16,"args":{"name":"rigExec worker 16"}},
{"name":"thread_name","ph":"M","pid":1,"tid":13,"args":{"name":"rigExec worker 13"}},
{"name":"thread_name","ph":"M","pid":1,"tid":20,"args":{"name":"rigExec worker 20"}},
{"name":"thread_name","ph":"M","pid":1,"tid":6,"args":{"name":"rigExec worker 6"}},
{"name":"thread_name","ph":"M","pid":1,"tid":21,"args":{"name":"rigExec worker 21"}},
{"name":"Compile.Prologue","cat":"compile","ph":"X","ts":1,"dur":4,"pid":1,"tid":0},
{"name":"Compile.DerivedStartFrames","cat":"compile","ph":"X","ts":5,"dur":5064,"pid":1,"tid":0},
{"name":"Compile.StructureDigest","cat":"compile","ph":"X","ts":5069,"dur":12,"pid":1,"tid":0},
{"name":"Digest.OutputSets","cat":"compile","ph":"X","ts":5093,"dur":943,"pid":1,"tid":1},
{"name":"DiscoverValidate.Validate","cat":"compile","ph":"X","ts":5084,"dur":2127,"pid":1,"tid":0},
{"name":"DiscoverValidate.AggregateProviders","cat":"compile","ph":"X","ts":7211,"dur":21,"pid":1,"tid":0},
{"name":"DiscoverValidate.WarmupDispatch","cat":"compile","ph":"X","ts":7232,"dur":106,"pid":1,"tid":0},
{"name":"DiscoverValidate.MoverDiscovery","cat":"compile","ph":"X","ts":7338,"dur":8992,"pid":1,"tid":0},
{"name":"DiscoverValidate.OutputCheck","cat":"compile","ph":"X","ts":16330,"dur":105,"pid":1,"tid":0},
{"name":"DiscoverValidate.SolverJointBinding","cat":"compile","ph":"X","ts":16435,"dur":640,"pid":1,"tid":0},
{"name":"DiscoverValidate.SolverDag","cat":"compile","ph":"X","ts":17075,"dur":404,"pid":1,"tid":0},
{"name":"Compile.DiscoverValidate","cat":"compile","ph":"X","ts":5081,"dur":12398,"pid":1,"tid":0},
{"name":"SolverSchedule.ReplacementRequests","cat":"compile","ph":"X","ts":17480,"dur":1,"pid":1,"tid":0},
{"name":"SolverSchedule.VolumeWeights","cat":"compile","ph":"X","ts":17481,"dur":79,"pid":1,"tid":0},
{"name":"SolverSchedule.PoseConstraints","cat":"compile","ph":"X","ts":17560,"dur":2422,"pid":1,"tid":0},
{"name":"SolverSchedule.ControlFrames","cat":"compile","ph":"X","ts":19982,"dur":15,"pid":1,"tid":0},
{"name":"SolverSchedule.PropertyChains","cat":"compile","ph":"X","ts":19997,"dur":638,"pid":1,"tid":0},
{"name":"SolverSchedule.PointGraph","cat":"compile","ph":"X","ts":20635,"dur":302,"pid":1,"tid":0},
{"name":"SolverSchedule.SampleReads","cat":"compile","ph":"X","ts":20937,"dur":37,"pid":1,"tid":0},
{"name":"SolverSchedule.DerivedMaintenance","cat":"compile","ph":"X","ts":20974,"dur":8,"pid":1,"tid":0},
{"name":"PoseInfoPrefetch","cat":"compile","ph":"X","ts":21325,"dur":16396,"pid":1,"tid":0},
{"name":"SolverSchedule.PoseDag","cat":"compile","ph":"X","ts":20982,"dur":17023,"pid":1,"tid":0},
{"name":"SolverSchedule.RequiredSolvers","cat":"compile","ph":"X","ts":38005,"dur":14,"pid":1,"tid":0},
{"name":"SolverSchedule.ConstraintDeps","cat":"compile","ph":"X","ts":38019,"dur":433,"pid":1,"tid":0},
{"name":"SolverSchedule.FrameInheritance","cat":"compile","ph":"X","ts":38452,"dur":342,"pid":1,"tid":0},
{"name":"SolverSchedule.PoseReady","cat":"compile","ph":"X","ts":38794,"dur":53,"pid":1,"tid":0},
{"name":"TapPrepare warmup","cat":"compile","ph":"X","ts":7347,"dur":42655,"pid":1,"tid":2},
{"name":"Compile.WarmupJoin","cat":"compile","ph":"X","ts":38847,"dur":11160,"pid":1,"tid":0},
{"name":"Digest.Solvers","cat":"compile","ph":"X","ts":6036,"dur":49263,"pid":1,"tid":1},
{"name":"SolverSchedule.SolverBatches","cat":"compile","ph":"X","ts":38847,"dur":20084,"pid":1,"tid":0},
{"name":"Compile.SolverSchedule","cat":"compile","ph":"X","ts":17479,"dur":41453,"pid":1,"tid":0},
{"name":"Digest.Movers","cat":"compile","ph":"X","ts":55299,"dur":3647,"pid":1,"tid":1},
{"name":"PrepareRequests.ProviderSeed","cat":"compile","ph":"X","ts":58933,"dur":303,"pid":1,"tid":0},
{"name":"PrepareRequests.ProviderClosure","cat":"compile","ph":"X","ts":59236,"dur":394,"pid":1,"tid":0},
{"name":"PrepareRequests.ConnectedPoseTaps","cat":"compile","ph":"X","ts":59630,"dur":185,"pid":1,"tid":0},
{"name":"RestTimeVarying","cat":"compile","ph":"X","ts":59816,"dur":1825,"pid":1,"tid":0},
{"name":"PrepareRequests.RestTaps","cat":"compile","ph":"X","ts":59815,"dur":1941,"pid":1,"tid":0},
{"name":"PrepareRequests.ExecPrepare","cat":"compile","ph":"X","ts":61756,"dur":4,"pid":1,"tid":0},
{"name":"TapPrepare guides","cat":"compile","ph":"X","ts":61767,"dur":4600,"pid":1,"tid":0},
{"name":"PrepareRequests.GuideTaps","cat":"compile","ph":"X","ts":61760,"dur":4609,"pid":1,"tid":0},
{"name":"PrepareRequests.RestPull","cat":"compile","ph":"X","ts":66369,"dur":5,"pid":1,"tid":0},
{"name":"TapPrepare restFrames","cat":"compile","ph":"X","ts":66375,"dur":2282,"pid":1,"tid":0},
{"name":"Compile.RestFrames","cat":"compile","ph":"X","ts":68659,"dur":3240,"pid":1,"tid":0},
{"name":"PrepareRequests.WarmCompute","cat":"compile","ph":"X","ts":66374,"dur":6285,"pid":1,"tid":0},
{"name":"Compile.PrepareRequests","cat":"compile","ph":"X","ts":58932,"dur":13728,"pid":1,"tid":0},
{"name":"Compile.DigestJoin","cat":"compile","ph":"X","ts":72666,"dur":1,"pid":1,"tid":0},
{"name":"Compile.Commit","cat":"compile","ph":"X","ts":72660,"dur":180,"pid":1,"tid":0},
{"name":"Compile.ChainOrderValidate","cat":"compile","ph":"X","ts":72840,"dur":41,"pid":1,"tid":0},
{"name":"Bake.IsBakeable","cat":"compile","ph":"X","ts":73555,"dur":1262,"pid":1,"tid":0},
{"name":"Bake.entry","cat":"compile","ph":"X","ts":74817,"dur":7,"pid":1,"tid":0},
{"name":"Bake.dense_provider_slots","cat":"compile","ph":"X","ts":74824,"dur":247,"pid":1,"tid":0},
{"name":"Bake.the_rest_chain_and_the_default-space_ladder","cat":"compile","ph":"X","ts":75071,"dur":10614,"pid":1,"tid":0},
{"name":"Bake.the_input_binding_table","cat":"compile","ph":"X","ts":85685,"dur":7096,"pid":1,"tid":0},
{"name":"Bake.the_walk","cat":"compile","ph":"X","ts":92781,"dur":4945,"pid":1,"tid":0},
{"name":"Bake.publication","cat":"compile","ph":"X","ts":97726,"dur":112,"pid":1,"tid":0},
{"name":"Bake.geometry","cat":"compile","ph":"X","ts":97838,"dur":0,"pid":1,"tid":0},
{"name":"Bake.pose_interpolators","cat":"compile","ph":"X","ts":97838,"dur":67,"pid":1,"tid":0},
{"name":"Bake.the_rest_of_the_invalidation_index","cat":"compile","ph":"X","ts":97905,"dur":41,"pid":1,"tid":0},
{"name":"Bake.the_step_graph","cat":"compile","ph":"X","ts":97946,"dur":5504,"pid":1,"tid":0},
{"name":"Compile.Bake","cat":"compile","ph":"X","ts":73550,"dur":29902,"pid":1,"tid":0},
{"name":"Compile","cat":"compile","ph":"X","ts":0,"dur":104968,"pid":1,"tid":0},
{"name":"Evaluate.Settle","cat":"evaluate","ph":"X","ts":106237,"dur":0,"pid":1,"tid":0},
{"name":"Evaluate.PlaceOverrides","cat":"evaluate","ph":"X","ts":106238,"dur":0,"pid":1,"tid":0},
{"name":"PropertyChain /Biped/Rig/Movers/ballRoll_l_down_rc/ballRoll_l_down_rotation.inputs:defaultWeight","cat":"property","ph":"X","ts":106950,"dur":27,"pid":1,"tid":0},
{"name":"PropertyChain /Biped/Rig/Movers/ballRoll_l_up_rc/ballRoll_l_up_rotation.inputs:defaultWeight","cat":"property","ph":"X","ts":106989,"dur":8,"pid":1,"tid":0},
{"name":"PropertyChain /Biped/Rig/Movers/ballRoll_r_down_rc/ballRoll_r_down_rotation.inputs:defaultWeight","cat":"property","ph":"X","ts":106997,"dur":10,"pid":1,"tid":0},
{"name":"PropertyChain /Biped/Rig/Movers/ballRoll_r_up_rc/ballRoll_r_up_rotation.inputs:defaultWeight","cat":"property","ph":"X","ts":107008,"dur":7,"pid":1,"tid":0},
{"name":"PropertyChain /Biped/Rig/Movers/bankIn_l_pivot_rc/bankIn_l_pivot_rotation.inputs:defaultWeight","cat":"property","ph":"X","ts":107015,"dur":4,"pid":1,"tid":0},
{"name":"PropertyChain /Biped/Rig/Movers/bankIn_r_pivot_rc/bankIn_r_pivot_rotation.inputs:defaultWeight","cat":"property","ph":"X","ts":107020,"dur":4,"pid":1,"tid":0},
{"name":"PropertyChain /Biped/Rig/Movers/bankOut_l_pivot_rc/bankOut_l_pivot_rotation.inputs:defaultWeight","cat":"property","ph":"X","ts":107025,"dur":3,"pid":1,"tid":0},
{"name":"PropertyChain /Biped/Rig/Movers/bankOut_r_pivot_rc/bankOut_r_pivot_rotation.inputs:defaultWeight","cat":"property","ph":"X","ts":107029,"dur":4,"pid":1,"tid":0},
{"name":"PropertyChain /Biped/Rig/Movers/heel_l_roll_rc/heel_l_roll_rotation.inputs:defaultWeight","cat":"property","ph":"X","ts":107034,"dur":3,"pid":1,"tid":0},
{"name":"PropertyChain /Biped/Rig/Movers/heel_r_roll_rc/heel_r_roll_rotation.inputs:defaultWeight","cat":"property","ph":"X","ts":107038,"dur":4,"pid":1,"tid":0},
{"name":"PropertyChain /Biped/Rig/Movers/toe_l_roll_rc/toe_l_roll_rotation.inputs:defaultWeight","cat":"property","ph":"X","ts":107043,"dur":6,"pid":1,"tid":0},
{"name":"PropertyChain /Biped/Rig/Movers/toe_r_roll_rc/toe_r_roll_rotation.inputs:defaultWeight","cat":"property","ph":"X","ts":107049,"dur":7,"pid":1,"tid":0},
{"name":"PropertyChains","cat":"property","ph":"X","ts":106246,"dur":811,"pid":1,"tid":0},
{"name":"BakedInputs","cat":"baked","ph":"X","ts":107057,"dur":12,"pid":1,"tid":0},
{"name":"BakedChainBase","cat":"geometry","ph":"X","ts":107192,"dur":1274,"pid":1,"tid":0},
{"name":"BakedPrologue","cat":"baked","ph":"X","ts":106244,"dur":2223,"pid":1,"tid":0},
{"name":"BakedRegion","cat":"baked","ph":"X","ts":108470,"dur":1564,"pid":1,"tid":0},
{"name":"ComposeSubtree /Biped/Rig/Controls/arm_l_ik","cat":"step","ph":"X","ts":108612,"dur":1,"pid":1,"tid":0},
{"name":"ComposeSubtree /Biped/Rig/Controls/hips_ctl","cat":"step","ph":"X","ts":108613,"dur":6,"pid":1,"tid":0},
{"name":"ComposeSubtree /Biped/Rig/Controls/hips_ctl/spine_root_pivot/spine_root_ctl","cat":"step","ph":"X","ts":108627,"dur":1,"pid":1,"tid":0},
{"name":"ComposeSubtree /Biped/Rig/Controls/hips_ctl/spine_root_pivot/spine_root_ctl/pelvis_r_ctl","cat":"step","ph":"X","ts":108660,"dur":1,"pid":1,"tid":0},
{"name":"ComposeSubtree /Biped/Rig/Controls/hips_ctl/spine_root_pivot/spine_root_ctl/pelvis_r_ctl/leg_r_root/leg_r_fk_thigh_r_bind/leg_r_fk_knee_r_bind","cat":"step","ph":"X","ts":108693,"dur":2,"pid":1,"tid":3},
{"name":"ComposeSubtree /Biped/Rig/Controls/hips_ctl/torso_ctl/spine_end_pivot/spine_end_ctl/clavicle_l_ctl/arm_l_root/arm_l_fk_shoulder_l_bind/arm_l_fk_elbow_l_bind","cat":"step","ph":"X","ts":108695,"dur":1,"pid":1,"tid":3},
{"name":"ComposeSubtree /Biped/Rig/Controls/hips_ctl/torso_ctl/spine_end_pivot/spine_end_ctl/clavicle_r_ctl/arm_r_root/arm_r_fk_shoulder_r_bind/arm_r_fk_elbow_r_bind","cat":"step","ph":"X","ts":108715,"dur":8,"pid":1,"tid":4},
{"name":"ComposeSubtree /Biped/Rig/Controls/hips_ctl/torso_ctl/spine_end_pivot/spine_end_ctl/neck_root_ctl","cat":"step","ph":"X","ts":108674,"dur":1,"pid":1,"tid":0},
{"name":"ComposeSubtree /Biped/Rig/Controls/index_001_l_bind_fk_follow","cat":"step","ph":"X","ts":108619,"dur":1,"pid":1,"tid":0},
{"name":"ComposeSubtree /Biped/Rig/Controls/index_001_r_bind_fk_follow/index_001_r_bind_fk/index_002_r_bind_fk/index_003_r_bind_fk","cat":"step","ph":"X","ts":108661,"dur":1,"pid":1,"tid":0},
{"name":"ComposeSubtree /Biped/Rig/Controls/leg_l_ik","cat":"step","ph":"X","ts":108620,"dur":1,"pid":1,"tid":0},
{"name":"ComposeSubtree /Biped/Rig/Controls/leg_l_ik/ankle_l_pivot/bankIn_l_pivot/bankOut_l_pivot/heel_l_roll/heel_l/ball_l_pivot/toe_l_roll/toe_l","cat":"step","ph":"X","ts":108696,"dur":1,"pid":1,"tid":3},
{"name":"ComposeSubtree /Biped/Rig/Controls/leg_l_ik/ankle_l_pivot/bankIn_l_pivot/bankOut_l_pivot/heel_l_roll/heel_l/ball_l_pivot/toe_l_roll/toe_l/ballRoll_l_up/ballRoll_l_down","cat":"step","ph":"X","ts":108723,"dur":3,"pid":1,"tid":4},
{"name":"ComposeSubtree /Biped/Rig/Controls/leg_l_ik/ankle_l_pivot/bankIn_l_pivot/bankOut_l_pivot/heel_l_roll/heel_l/ball_l_pivot/toe_l_roll/toe_l/ballRoll_l_up/ballRoll_l_down/ballRoll_l/ankle_l_ikTarget","cat":"step","ph":"X","ts":108748,"dur":1,"pid":1,"tid":5},
{"name":"ComposeSubtree /Biped/Rig/Controls/leg_l_ik/ankle_l_pivot/bankIn_l_pivot/bankOut_l_pivot/heel_l_roll/heel_l/ball_l_pivot/toe_l_roll/toe_l/ballRoll_l_up/ballRoll_l_down_twin","cat":"step","ph":"X","ts":108726,"dur":5,"pid":1,"tid":4},
{"name":"ComposeSubtree /Biped/Rig/Controls/leg_l_ik/ankle_l_pivot/bankIn_l_pivot/bankOut_l_pivot/heel_l_roll/heel_l/ball_l_pivot/toe_l_roll/toe_l/toeBend_l","cat":"step","ph":"X","ts":108731,"dur":1,"pid":1,"tid":4},
{"name":"ComposeSubtree /Biped/Rig/Controls/leg_l_ik/ankle_l_pivot/bankIn_l_pivot/bankOut_l_pivot/heel_l_roll/heel_l/ball_l_pivot/toe_l_roll/toe_l/toeBend_l/toeBend_l_fk","cat":"step","ph":"X","ts":108749,"dur":1,"pid":1,"tid":5},
{"name":"ComposeSubtree /Biped/Rig/Controls/leg_l_ik/ankle_l_pivot/bankIn_l_pivot/bankOut_l_pivot/heel_l_roll/heel_l/ball_l_pivot/toe_l_roll_twin","cat":"step","ph":"X","ts":108697,"dur":1,"pid":1,"tid":3},
{"name":"ComposeSubtree /Biped/Rig/Controls/leg_l_ik/ankle_l_pivot/bank_l","cat":"step","ph":"X","ts":108629,"dur":1,"pid":1,"tid":0},
{"name":"ComposeSubtree /Biped/Rig/Controls/leg_r_ik/ankle_r_pivot/bankIn_r_pivot/bankOut_r_pivot","cat":"step","ph":"X","ts":108662,"dur":1,"pid":1,"tid":0},
{"name":"ComposeSubtree /Biped/Rig/Controls/leg_r_ik/ankle_r_pivot/bankIn_r_pivot/bankOut_r_pivot/heel_r_roll/heel_r/ball_r_pivot/toe_r_roll","cat":"step","ph":"X","ts":108698,"dur":1,"pid":1,"tid":3},
{"name":"ComposeSubtree /Biped/Rig/Controls/leg_r_ik/ankle_r_pivot/bankIn_r_pivot/bankOut_r_pivot/heel_r_roll/heel_r/ball_r_pivot/toe_r_roll/toe_r/ballRoll_r_up","cat":"step","ph":"X","ts":108732,"dur":2,"pid":1,"tid":4},
{"name":"ComposeSubtree /Biped/Rig/Controls/leg_r_ik/ankle_r_pivot/bankIn_r_pivot/bankOut_r_pivot/heel_r_roll/heel_r/ball_r_pivot/toe_r_roll/toe_r/ballRoll_r_up/ballRoll_r_down/ballRoll_r/ball_r_ikTarget","cat":"step","ph":"X","ts":108764,"dur":2,"pid":1,"tid":6},
{"name":"ComposeSubtree /Biped/Rig/Controls/leg_r_ik/ankle_r_pivot/bankIn_r_pivot/bankOut_r_pivot/heel_r_roll/heel_r/ball_r_pivot/toe_r_roll/toe_r/ballRoll_r_up_twin","cat":"step","ph":"X","ts":108734,"dur":1,"pid":1,"tid":4},
{"name":"ComposeSubtree /Biped/Rig/Controls/leg_r_ik/ankle_r_pivot/bankIn_r_pivot/bankOut_r_pivot/heel_r_roll/heel_r/ball_r_pivot/toe_r_roll/toe_r/toeBend_r/toeBend_r_fk","cat":"step","ph":"X","ts":108750,"dur":1,"pid":1,"tid":5},
{"name":"ComposeSubtree /Biped/Rig/Controls/leg_r_ik/ankle_r_pivot/bank_r","cat":"step","ph":"X","ts":108663,"dur":1,"pid":1,"tid":0},
{"name":"ComposeSubtree /Biped/Rig/Controls/leg_r_pv","cat":"step","ph":"X","ts":108621,"dur":1,"pid":1,"tid":0},
{"name":"ComposeSubtree /Biped/Rig/Controls/middle_001_r_bind_fk_follow","cat":"step","ph":"X","ts":108622,"dur":1,"pid":1,"tid":0},
{"name":"ComposeSubtree /Biped/Rig/Controls/middle_001_r_bind_fk_follow/middle_001_r_bind_fk/middle_002_r_bind_fk","cat":"step","ph":"X","ts":108630,"dur":1,"pid":1,"tid":0},
{"name":"ComposeSubtree /Biped/Rig/Controls/pinkyCup_l_bind_fk_follow/pinkyCup_l_bind_fk/pinky_001_l_bind_fk/pinky_002_l_bind_fk/pinky_003_l_bind_fk","cat":"step","ph":"X","ts":108664,"dur":1,"pid":1,"tid":0},
{"name":"ComposeSubtree /Biped/Rig/Controls/ring_001_l_bind_fk_follow","cat":"step","ph":"X","ts":108623,"dur":1,"pid":1,"tid":0},
{"name":"ComposeSubtree /Biped/Rig/Controls/ring_001_r_bind_fk_follow/ring_001_r_bind_fk/ring_002_r_bind_fk","cat":"step","ph":"X","ts":108631,"dur":1,"pid":1,"tid":0},
{"name":"ComposeSubtree /Biped/Rig/Controls/spine_mid_follow","cat":"step","ph":"X","ts":108624,"dur":1,"pid":1,"tid":0},
{"name":"ComposeSubtree /Biped/Rig/Controls/thumbCup_l_bind_fk_follow/thumbCup_l_bind_fk/thumb_001_l_bind_fk/thumb_002_l_bind_fk","cat":"step","ph":"X","ts":108665,"dur":1,"pid":1,"tid":0},
{"name":"ComposeSubtree /Biped/Rig/Joints/ankle_l_pivot","cat":"step","ph":"X","ts":108625,"dur":1,"pid":1,"tid":0},
{"name":"ComposeSubtree /Biped/Rig/Joints/ankle_l_pivot/bankIn_l_pivot/bankOut_l_pivot/heel_l_pivot/ball_l_pivot/toe_l_pivot/ballRoll_l_pivot","cat":"step","ph":"X","ts":108675,"dur":1,"pid":1,"tid":0},
{"name":"ComposeSubtree /Biped/Rig/Joints/hips_bind","cat":"step","ph":"X","ts":108626,"dur":1,"pid":1,"tid":0},
{"name":"ComposeSubtree /Biped/Rig/Joints/hips_bind/pelvis_l_bind/pelvis_trans_combo_l_driver","cat":"step","ph":"X","ts":108632,"dur":1,"pid":1,"tid":0},
{"name":"ComposeSubtree /Biped/Rig/Joints/hips_bind/pelvis_l_bind/pelvis_trans_l_bind/thigh_l_driver","cat":"step","ph":"X","ts":108637,"dur":1,"pid":1,"tid":0},
{"name":"ComposeSubtree /Biped/Rig/Joints/hips_bind/pelvis_l_bind/thigh_l_bind/knee_l_bind/ankle_l_bind/ball_l_bind/toe3_001_l_bind","cat":"step","ph":"X","ts":108700,"dur":1,"pid":1,"tid":3},
{"name":"ComposeSubtree /Biped/Rig/Joints/hips_bind/pelvis_l_bind/thigh_l_bind/knee_l_bind/ankle_l_bind/ball_l_bind/toe5_001_l_bind","cat":"step","ph":"X","ts":108701,"dur":1,"pid":1,"tid":3},
{"name":"ComposeSubtree /Biped/Rig/Joints/hips_bind/pelvis_l_bind/thigh_l_bind/knee_l_bind/kneeTwist_l_bind","cat":"step","ph":"X","ts":108638,"dur":1,"pid":1,"tid":0},
{"name":"ComposeSubtree /Biped/Rig/Joints/hips_bind/pelvis_r_bind","cat":"step","ph":"X","ts":108633,"dur":1,"pid":1,"tid":0},
{"name":"ComposeSubtree /Biped/Rig/Joints/hips_bind/pelvis_r_bind/thigh_r_bind","cat":"step","ph":"X","ts":108639,"dur":1,"pid":1,"tid":0},
{"name":"ComposeSubtree /Biped/Rig/Joints/hips_bind/pelvis_r_bind/thigh_r_bind/knee_r_bind/ankleTwist_r_bind","cat":"step","ph":"X","ts":108676,"dur":1,"pid":1,"tid":0},
{"name":"ComposeSubtree /Biped/Rig/Joints/hips_bind/pelvis_r_bind/thigh_r_bind/knee_r_bind/ankle_r_bind/ball_r_bind/toe1_001_r_bind/toe1_002_r_bind","cat":"step","ph":"X","ts":108737,"dur":1,"pid":1,"tid":4},
{"name":"ComposeSubtree /Biped/Rig/Joints/hips_bind/pelvis_r_bind/thigh_r_bind/knee_r_bind/ankle_r_bind/ball_r_bind/toe2_001_r_bind/toe2_002_r_bind/toe2_003_r_bind","cat":"step","ph":"X","ts":108751,"dur":1,"pid":1,"tid":5},
{"name":"ComposeSubtree /Biped/Rig/Joints/hips_bind/pelvis_r_bind/thigh_r_bind/knee_r_bind/ankle_r_bind/ball_r_bind/toe3_001_r_bind","cat":"step","ph":"X","ts":108738,"dur":1,"pid":1,"tid":4},
{"name":"ComposeSubtree /Biped/Rig/Joints/hips_bind/pelvis_r_bind/thigh_r_bind/knee_r_bind/ankle_r_bind/ball_r_bind/toe4_001_r_bind/toe4_002_r_bind/toe4_003_r_bind","cat":"step","ph":"X","ts":108752,"dur":1,"pid":1,"tid":5},
{"name":"ComposeSubtree /Biped/Rig/Joints/hips_bind/pelvis_r_bind/thigh_r_bind/knee_r_bind/ankle_r_bind/ball_r_bind/toe_r_bind","cat":"step","ph":"X","ts":108739,"dur":1,"pid":1,"tid":4},
{"name":"ComposeSubtree /Biped/Rig/Joints/hips_bind/spine_0_bind","cat":"step","ph":"X","ts":108634,"dur":1,"pid":1,"tid":0},
{"name":"ComposeSubtree /Biped/Rig/Joints/hips_bind/spine_0_bind/spine_1_bind/spine_2_bind/spine_3_bind/spine_4_bind","cat":"step","ph":"X","ts":108677,"dur":1,"pid":1,"tid":0},
{"name":"ComposeSubtree /Biped/Rig/Joints/hips_bind/spine_0_bind/spine_1_bind/spine_2_bind/spine_3_bind/spine_4_bind/spine_5_bind/chest_bind/clavicle_l_bind/clavicle_trans_l_bind/shoulder_l_driver","cat":"step","ph":"X","ts":108753,"dur":1,"pid":1,"tid":5},
{"name":"ComposeSubtree /Biped/Rig/Joints/hips_bind/spine_0_bind/spine_1_bind/spine_2_bind/spine_3_bind/spine_4_bind/spine_5_bind/chest_bind/clavicle_l_bind/shoulderNoTwist_l_bind","cat":"step","ph":"X","ts":108740,"dur":1,"pid":1,"tid":4},
{"name":"ComposeSubtree /Biped/Rig/Joints/hips_bind/spine_0_bind/spine_1_bind/spine_2_bind/spine_3_bind/spine_4_bind/spine_5_bind/chest_bind/clavicle_l_bind/shoulder_l_bind/elbow_l_bind/wristTwist_l_driver","cat":"step","ph":"X","ts":108754,"dur":1,"pid":1,"tid":5},
{"name":"ComposeSubtree /Biped/Rig/Joints/hips_bind/spine_0_bind/spine_1_bind/spine_2_bind/spine_3_bind/spine_4_bind/spine_5_bind/chest_bind/clavicle_l_bind/shoulder_l_bind/elbow_l_bind/wrist_l_bind/index_001_l_bind","cat":"step","ph":"X","ts":108766,"dur":1,"pid":1,"tid":6},
{"name":"ComposeSubtree /Biped/Rig/Joints/hips_bind/spine_0_bind/spine_1_bind/spine_2_bind/spine_3_bind/spine_4_bind/spine_5_bind/chest_bind/clavicle_l_bind/shoulder_l_bind/elbow_l_bind/wrist_l_bind/index_001_l_bind/index_002_l_bind","cat":"step","ph":"X","ts":108780,"dur":1,"pid":1,"tid":7},
{"name":"ComposeSubtree /Biped/Rig/Joints/hips_bind/spine_0_bind/spine_1_bind/spine_2_bind/spine_3_bind/spine_4_bind/spine_5_bind/chest_bind/clavicle_l_bind/shoulder_l_bind/elbow_l_bind/wrist_l_bind/index_001_l_bind/index_002_l_bind/index_003_l_bind/index_004_l_bind","cat":"step","ph":"X","ts":108796,"dur":1,"pid":1,"tid":8},
{"name":"ComposeSubtree /Biped/Rig/Joints/hips_bind/spine_0_bind/spine_1_bind/spine_2_bind/spine_3_bind/spine_4_bind/spine_5_bind/chest_bind/clavicle_l_bind/shoulder_l_bind/elbow_l_bind/wrist_l_bind/middle_001_l_bind/middle_002_l_bind","cat":"step","ph":"X","ts":108781,"dur":1,"pid":1,"tid":7},
{"name":"ComposeSubtree /Biped/Rig/Joints/hips_bind/spine_0_bind/spine_1_bind/spine_2_bind/spine_3_bind/spine_4_bind/spine_5_bind/chest_bind/clavicle_l_bind/shoulder_l_bind/elbow_l_bind/wrist_l_bind/middle_001_l_bind/middle_002_l_bind/middle_003_l_bind/middle_004_l_bind","cat":"step","ph":"X","ts":108797,"dur":1,"pid":1,"tid":8},
{"name":"ComposeSubtree /Biped/Rig/Joints/hips_bind/spine_0_bind/spine_1_bind/spine_2_bind/spine_3_bind/spine_4_bind/spine_5_bind/chest_bind/clavicle_l_bind/shoulder_l_bind/elbow_l_bind/wrist_l_bind/pinkyCup_l_bind","cat":"step","ph":"X","ts":108767,"dur":1,"pid":1,"tid":6},
{"name":"ComposeSubtree /Biped/Rig/Joints/hips_bind/spine_0_bind/spine_1_bind/spine_2_bind/spine_3_bind/spine_4_bind/spine_5_bind/chest_bind/clavicle_l_bind/shoulder_l_bind/elbow_l_bind/wrist_l_bind/pinkyCup_l_bind/pinky_001_l_bind/pinky_002_l_bind/pinky_003_l_bind/pinky_004_l_bind","cat":"step","ph":"X","ts":108815,"dur":1,"pid":1,"tid":6},
{"name":"ComposeSubtree /Biped/Rig/Joints/hips_bind/spine_0_bind/spine_1_bind/spine_2_bind/spine_3_bind/spine_4_bind/spine_5_bind/chest_bind/clavicle_l_bind/shoulder_l_bind/elbow_l_bind/wrist_l_bind/ring_001_l_bind","cat":"step","ph":"X","ts":108768,"dur":1,"pid":1,"tid":6},
{"name":"ComposeSubtree /Biped/Rig/Joints/hips_bind/spine_0_bind/spine_1_bind/spine_2_bind/spine_3_bind/spine_4_bind/spine_5_bind/chest_bind/clavicle_l_bind/shoulder_l_bind/elbow_l_bind/wrist_l_bind/ring_001_l_bind/ring_002_l_bind","cat":"step","ph":"X","ts":108782,"dur":1,"pid":1,"tid":7},
{"name":"ComposeSubtree /Biped/Rig/Joints/hips_bind/spine_0_bind/spine_1_bind/spine_2_bind/spine_3_bind/spine_4_bind/spine_5_bind/chest_bind/clavicle_l_bind/shoulder_l_bind/elbow_l_bind/wrist_l_bind/ring_001_l_bind/ring_002_l_bind/ring_003_l_bind/ring_004_l_bind","cat":"step","ph":"X","ts":108798,"dur":1,"pid":1,"tid":8},
{"name":"ComposeSubtree /Biped/Rig/Joints/hips_bind/spine_0_bind/spine_1_bind/spine_2_bind/spine_3_bind/spine_4_bind/spine_5_bind/chest_bind/clavicle_r_bind","cat":"step","ph":"X","ts":108741,"dur":1,"pid":1,"tid":4},
{"name":"ComposeSubtree /Biped/Rig/Joints/hips_bind/spine_0_bind/spine_1_bind/spine_2_bind/spine_3_bind/spine_4_bind/spine_5_bind/chest_bind/clavicle_r_bind/shoulder_r_bind","cat":"step","ph":"X","ts":108746,"dur":1,"pid":1,"tid":4},
{"name":"ComposeSubtree /Biped/Rig/Joints/hips_bind/spine_0_bind/spine_1_bind/spine_2_bind/spine_3_bind/spine_4_bind/spine_5_bind/chest_bind/clavicle_r_bind/shoulder_r_bind/elbow_r_bind/wristTwist_r_driver","cat":"step","ph":"X","ts":108770,"dur":1,"pid":1,"tid":6},
{"name":"ComposeSubtree /Biped/Rig/Joints/hips_bind/spine_0_bind/spine_1_bind/spine_2_bind/spine_3_bind/spine_4_bind/spine_5_bind/chest_bind/clavicle_r_bind/shoulder_r_bind/elbow_r_bind/wrist_r_bind/index_001_r_bind","cat":"step","ph":"X","ts":108783,"dur":1,"pid":1,"tid":7},
{"name":"ComposeSubtree /Biped/Rig/Joints/hips_bind/spine_0_bind/spine_1_bind/spine_2_bind/spine_3_bind/spine_4_bind/spine_5_bind/chest_bind/clavicle_r_bind/shoulder_r_bind/elbow_r_bind/wrist_r_bind/index_001_r_bind/index_002_r_bind","cat":"step","ph":"X","ts":108799,"dur":1,"pid":1,"tid":8},
{"name":"ComposeSubtree /Biped/Rig/Joints/hips_bind/spine_0_bind/spine_1_bind/spine_2_bind/spine_3_bind/spine_4_bind/spine_5_bind/chest_bind/clavicle_r_bind/shoulder_r_bind/elbow_r_bind/wrist_r_bind/middle_001_r_bind/middle_002_r_bind/middle_003_r_bind/middle_004_r_bind","cat":"step","ph":"X","ts":108816,"dur":1,"pid":1,"tid":6},
{"name":"ComposeSubtree /Biped/Rig/Joints/hips_bind/spine_0_bind/spine_1_bind/spine_2_bind/spine_3_bind/spine_4_bind/spine_5_bind/chest_bind/clavicle_r_bind/shoulder_r_bind/elbow_r_bind/wrist_r_bind/pinkyCup_r_bind/pinky_001_r_bind/pinky_002_combo_r_driver","cat":"step","ph":"X","ts":108800,"dur":1,"pid":1,"tid":8},
{"name":"ComposeSubtree /Biped/Rig/Joints/hips_bind/spine_0_bind/spine_1_bind/spine_2_bind/spine_3_bind/spine_4_bind/spine_5_bind/chest_bind/clavicle_r_bind/shoulder_r_bind/elbow_r_bind/wrist_r_bind/pinkyCup_r_bind/pinky_001_r_bind/pinky_002_r_bind/pinky_003_r_bind/pinky_004_r_bind","cat":"step","ph":"X","ts":108886,"dur":1,"pid":1,"tid":5},
{"name":"ComposeSubtree /Biped/Rig/Joints/hips_bind/spine_0_bind/spine_1_bind/spine_2_bind/spine_3_bind/spine_4_bind/spine_5_bind/chest_bind/clavicle_r_bind/shoulder_r_bind/elbow_r_bind/wrist_r_bind/ring_001_r_bind","cat":"step","ph":"X","ts":108784,"dur":1,"pid":1,"tid":7},
{"name":"ComposeSubtree /Biped/Rig/Joints/hips_bind/spine_0_bind/spine_1_bind/spine_2_bind/spine_3_bind/spine_4_bind/spine_5_bind/chest_bind/clavicle_r_bind/shoulder_r_bind/elbow_r_bind/wrist_r_bind/ring_001_r_bind/ring_002_r_bind/ring_003_r_bind/ring_004_r_bind","cat":"step","ph":"X","ts":108817,"dur":1,"pid":1,"tid":6},
{"name":"ComposeSubtree /Biped/Rig/Joints/hips_bind/spine_0_bind/spine_1_bind/spine_2_bind/spine_3_bind/spine_4_bind/spine_5_bind/chest_bind/clavicle_r_bind/shoulder_r_bind/elbow_r_bind/wrist_r_bind/thumbCup_r_bind/thumb_001_r_bind/thumb_002_r_bind/thumb_003_r_bind","cat":"step","ph":"X","ts":108818,"dur":1,"pid":1,"tid":6},
{"name":"ComposeSubtree /Biped/Rig/Joints/hips_bind/spine_0_bind/spine_1_bind/spine_2_bind/spine_3_bind/spine_4_bind/spine_5_bind/chest_bind/neck_base_bind/neck_0_bind/neck_1_bind/neck_2_bind/neck_3_bind/skull_bind/face_lower_bind/face_mid_bind/jaw_compression_driver","cat":"step","ph":"X","ts":108801,"dur":1,"pid":1,"tid":8},
{"name":"ComposeSubtree /Biped/Rig/Joints/hips_bind/spine_0_bind/spine_1_bind/spine_2_bind/spine_3_bind/spine_4_bind/spine_5_bind/chest_bind/neck_base_bind/neck_0_bind/neck_1_bind/neck_2_bind/neck_3_bind/skull_bind/face_lower_bind/jaw_bind/tongue_0_bind","cat":"step","ph":"X","ts":108819,"dur":1,"pid":1,"tid":6},
{"name":"ComposeSubtree /Biped/Rig/Joints/hips_bind/spine_0_bind/spine_1_bind/spine_2_bind/spine_3_bind/spine_4_bind/spine_5_bind/chest_bind/neck_base_bind/neck_0_bind/neck_1_bind/neck_2_bind/neck_3_bind/skull_bind/face_lower_bind/jaw_bind/tongue_0_bind/tongue_1_bind/tongue_2_bind/tongue_3_bind","cat":"step","ph":"X","ts":108919,"dur":1,"pid":1,"tid":8},
{"name":"ComposeSubtree /Biped/Rig/Joints/hips_bind/spine_0_bind/spine_1_bind/spine_2_bind/spine_3_bind/spine_4_bind/spine_5_bind/chest_bind/neck_base_bind/neck_0_bind/neck_1_bind/neck_2_bind/neck_3_bind/skull_bind/face_upper_bind","cat":"step","ph":"X","ts":108785,"dur":1,"pid":1,"tid":7},
{"name":"ComposeSubtree /Biped/Rig/Joints/hips_bind/spine_0_bind/spine_1_bind/spine_2_bind/spine_3_bind/spine_4_bind/spine_5_bind/chest_bind/neck_base_bind/neck_0_bind/neck_1_bind/neck_2_bind/neck_3_bind/skull_bind/face_upper_bind/eyeSocket_l_bind","cat":"step","ph":"X","ts":108802,"dur":1,"pid":1,"tid":8},
{"name":"ComposeSubtree /Biped/Rig/Joints/hips_bind/spine_0_bind/spine_1_bind/spine_2_bind/spine_3_bind/spine_4_bind/spine_5_bind/chest_bind/neck_base_bind/neck_0_bind/neck_1_bind/neck_2_bind/neck_3_bind/skull_bind/face_upper_bind/head_tip_bind","cat":"step","ph":"X","ts":108803,"dur":1,"pid":1,"tid":8},
{"name":"ComposeSubtree /Biped/Rig/Joints/hips_bind/spine_0_bind/spine_1_bind/spine_2_bind/spine_3_bind/spine_4_bind/spine_5_bind/chest_bind/neck_base_bind/neck_0_bind/neck_1_bind/neck_2_bind/neck_3_bind/skull_bind/face_upper_bind/head_tip_bind/brow_main_r_bind","cat":"step","ph":"X","ts":108820,"dur":1,"pid":1,"tid":6},
{"name":"ComposeSubtree /Biped/Rig/Joints/neck_ik_neck_0_bind/neck_ik_neck_1_bind","cat":"step","ph":"X","ts":108888,"dur":1,"pid":1,"tid":5},
{"name":"ComposeSubtree /Biped/Rig/Joints/spine_ik_spine_0_bind","cat":"step","ph":"X","ts":108608,"dur":3,"pid":1,"tid":0},
{"name":"Solve /Biped/Rig/Solvers/arm_l_fkChain","cat":"step","ph":"X","ts":108742,"dur":3,"pid":1,"tid":4},
{"name":"Solve /Biped/Rig/Solvers/arm_l_twoBoneIk","cat":"step","ph":"X","ts":108703,"dur":3,"pid":1,"tid":3},
{"name":"SolverCommit batch 1","cat":"step","ph":"X","ts":108707,"dur":1,"pid":1,"tid":3},
{"name":"SolverCommit batch 2","cat":"step","ph":"X","ts":108771,"dur":1,"pid":1,"tid":6},
{"name":"Solve /Biped/Rig/Solvers/arm_r_twoBoneIk","cat":"step","ph":"X","ts":108690,"dur":3,"pid":1,"tid":0},
{"name":"Solve /Biped/Rig/Solvers/leg_l_fkChain","cat":"step","ph":"X","ts":108693,"dur":1,"pid":1,"tid":0},
{"name":"Solve /Biped/Rig/Solvers/leg_r_fkChain","cat":"step","ph":"X","ts":108708,"dur":1,"pid":1,"tid":3},
{"name":"Solve /Biped/Rig/Solvers/neck_splineIk","cat":"step","ph":"X","ts":108709,"dur":9,"pid":1,"tid":3},
{"name":"SolverCommit batch 6","cat":"step","ph":"X","ts":108937,"dur":1,"pid":1,"tid":8},
{"name":"Solve /Biped/Rig/Solvers/spine_splineIk","cat":"step","ph":"X","ts":108678,"dur":11,"pid":1,"tid":0},
{"name":"SolverCommit batch 7","cat":"step","ph":"X","ts":108694,"dur":1,"pid":1,"tid":0},
{"name":"Solve /Biped/Rig/Solvers/arm_r_ikfk","cat":"step","ph":"X","ts":108772,"dur":2,"pid":1,"tid":6},
{"name":"SolverCommit batch 8","cat":"step","ph":"X","ts":108786,"dur":3,"pid":1,"tid":7},
{"name":"Solve /Biped/Rig/Solvers/arm_l_ikfk","cat":"step","ph":"X","ts":108748,"dur":5,"pid":1,"tid":4},
{"name":"SolverCommit batch 9","cat":"step","ph":"X","ts":108761,"dur":3,"pid":1,"tid":5},
{"name":"Constraint /Biped/Rig/Movers/spine_mid_follow/spine_mid_follow_pos","cat":"step","ph":"X","ts":108667,"dur":5,"pid":1,"tid":0},
{"name":"Solve /Biped/Rig/Solvers/fk_thumb_r","cat":"step","ph":"X","ts":108804,"dur":3,"pid":1,"tid":8},
{"name":"SolverCommit batch 11","cat":"step","ph":"X","ts":108889,"dur":1,"pid":1,"tid":5},
{"name":"Solve /Biped/Rig/Solvers/fk_ring_r","cat":"step","ph":"X","ts":108801,"dur":2,"pid":1,"tid":5},
{"name":"Solve /Biped/Rig/Solvers/fk_pinky_r","cat":"step","ph":"X","ts":108803,"dur":1,"pid":1,"tid":5},
{"name":"SolverCommit batch 13","cat":"step","ph":"X","ts":108921,"dur":2,"pid":1,"tid":8},
{"name":"Solve /Biped/Rig/Solvers/fk_middle_r","cat":"step","ph":"X","ts":108804,"dur":2,"pid":1,"tid":5},
{"name":"Solve /Biped/Rig/Solvers/fk_index_r","cat":"step","ph":"X","ts":108803,"dur":1,"pid":1,"tid":0},
{"name":"SolverCommit batch 15","cat":"step","ph":"X","ts":108892,"dur":1,"pid":1,"tid":5},
{"name":"Solve /Biped/Rig/Solvers/fk_thumb_l","cat":"step","ph":"X","ts":108789,"dur":3,"pid":1,"tid":7},
{"name":"SolverCommit batch 16","cat":"step","ph":"X","ts":108821,"dur":1,"pid":1,"tid":6},
{"name":"Solve /Biped/Rig/Solvers/fk_ring_l","cat":"step","ph":"X","ts":108792,"dur":1,"pid":1,"tid":7},
{"name":"SolverCommit batch 17","cat":"step","ph":"X","ts":108822,"dur":1,"pid":1,"tid":6},
{"name":"Solve /Biped/Rig/Solvers/fk_pinky_l","cat":"step","ph":"X","ts":108774,"dur":1,"pid":1,"tid":0},
{"name":"SolverCommit batch 18","cat":"step","ph":"X","ts":108893,"dur":1,"pid":1,"tid":5},
{"name":"Solve /Biped/Rig/Solvers/fk_middle_l","cat":"step","ph":"X","ts":108775,"dur":2,"pid":1,"tid":0},
{"name":"SolverCommit batch 19","cat":"step","ph":"X","ts":108823,"dur":1,"pid":1,"tid":6},
{"name":"Solve /Biped/Rig/Solvers/fk_index_l","cat":"step","ph":"X","ts":108777,"dur":1,"pid":1,"tid":0},
{"name":"SolverCommit batch 20","cat":"step","ph":"X","ts":108824,"dur":1,"pid":1,"tid":6},
{"name":"Constraint /Biped/Rig/Movers/spine_mid_follow/spine_mid_follow_aim","cat":"step","ph":"X","ts":108695,"dur":4,"pid":1,"tid":0},
{"name":"Constraint /Biped/Rig/Movers/hand_r_follow/thumbCup_r_bind_fk_follow_to_wrist_r_bind","cat":"step","ph":"X","ts":108804,"dur":4,"pid":1,"tid":0},
{"name":"Constraint /Biped/Rig/Movers/hand_r_follow/ring_001_r_bind_fk_follow_to_wrist_r_bind","cat":"step","ph":"X","ts":108808,"dur":3,"pid":1,"tid":0},
{"name":"Constraint /Biped/Rig/Movers/hand_r_follow/pinkyCup_r_bind_fk_follow_to_wrist_r_bind","cat":"step","ph":"X","ts":108805,"dur":3,"pid":1,"tid":6},
{"name":"Constraint /Biped/Rig/Movers/hand_r_follow/middle_001_r_bind_fk_follow_to_wrist_r_bind","cat":"step","ph":"X","ts":108809,"dur":3,"pid":1,"tid":6},
{"name":"Constraint /Biped/Rig/Movers/hand_r_follow/index_001_r_bind_fk_follow_to_wrist_r_bind","cat":"step","ph":"X","ts":108812,"dur":2,"pid":1,"tid":6},
{"name":"Constraint /Biped/Rig/Movers/hand_l_follow/thumbCup_l_bind_fk_follow_to_wrist_l_bind","cat":"step","ph":"X","ts":108780,"dur":8,"pid":1,"tid":9},
{"name":"Constraint /Biped/Rig/Movers/hand_l_follow/ring_001_l_bind_fk_follow_to_wrist_l_bind","cat":"step","ph":"X","ts":108788,"dur":3,"pid":1,"tid":9},
{"name":"Constraint /Biped/Rig/Movers/hand_l_follow/pinkyCup_l_bind_fk_follow_to_wrist_l_bind","cat":"step","ph":"X","ts":108791,"dur":3,"pid":1,"tid":9},
{"name":"Constraint /Biped/Rig/Movers/hand_l_follow/middle_001_l_bind_fk_follow_to_wrist_l_bind","cat":"step","ph":"X","ts":108775,"dur":9,"pid":1,"tid":6},
{"name":"Constraint /Biped/Rig/Movers/hand_l_follow/index_001_l_bind_fk_follow_to_wrist_l_bind","cat":"step","ph":"X","ts":108784,"dur":3,"pid":1,"tid":6},
{"name":"Constraint /Biped/Rig/Movers/bankIn_r_pivot_rc/bankIn_r_pivot_rotation","cat":"step","ph":"X","ts":108787,"dur":5,"pid":1,"tid":6},
{"name":"Constraint /Biped/Rig/Movers/bankOut_r_pivot_rc/bankOut_r_pivot_rotation","cat":"step","ph":"X","ts":108814,"dur":1,"pid":1,"tid":6},
{"name":"Constraint /Biped/Rig/Movers/heel_r_roll_rc/heel_r_roll_rotation","cat":"step","ph":"X","ts":108825,"dur":1,"pid":1,"tid":6},
{"name":"Constraint /Biped/Rig/Movers/toe_r_roll_rc/toe_r_roll_rotation","cat":"step","ph":"X","ts":108894,"dur":6,"pid":1,"tid":5},
{"name":"Constraint /Biped/Rig/Movers/ballRoll_r_up_rc/ballRoll_r_up_rotation","cat":"step","ph":"X","ts":108923,"dur":5,"pid":1,"tid":8},
{"name":"Constraint /Biped/Rig/Movers/ballRoll_r_down_rc/ballRoll_r_down_rotation","cat":"step","ph":"X","ts":108938,"dur":1,"pid":1,"tid":8},
{"name":"Solve /Biped/Rig/Solvers/leg_r_twoBoneIk","cat":"step","ph":"X","ts":108949,"dur":1,"pid":1,"tid":8},
{"name":"Solve /Biped/Rig/Solvers/leg_r_ikfk","cat":"step","ph":"X","ts":108955,"dur":1,"pid":1,"tid":8},
{"name":"SolverCommit batch 39","cat":"step","ph":"X","ts":108962,"dur":5,"pid":1,"tid":8},
{"name":"Constraint /Biped/Rig/Movers/ankle_r_bind_scAim/ankle_r_bind_aim","cat":"step","ph":"X","ts":108982,"dur":14,"pid":1,"tid":4},
{"name":"Constraint /Biped/Rig/Movers/ball_r_bind_scAim/ball_r_bind_aim","cat":"step","ph":"X","ts":109016,"dur":12,"pid":1,"tid":10},
{"name":"Constraint /Biped/Rig/Movers/bankIn_l_pivot_rc/bankIn_l_pivot_rotation","cat":"step","ph":"X","ts":108764,"dur":7,"pid":1,"tid":5},
{"name":"Constraint /Biped/Rig/Movers/bankOut_l_pivot_rc/bankOut_l_pivot_rotation","cat":"step","ph":"X","ts":108792,"dur":1,"pid":1,"tid":6},
{"name":"Constraint /Biped/Rig/Movers/heel_l_roll_rc/heel_l_roll_rotation","cat":"step","ph":"X","ts":108817,"dur":25,"pid":1,"tid":11},
{"name":"Constraint /Biped/Rig/Movers/toe_l_roll_rc/toe_l_roll_rotation","cat":"step","ph":"X","ts":108860,"dur":9,"pid":1,"tid":12},
{"name":"Constraint /Biped/Rig/Movers/ballRoll_l_up_rc/ballRoll_l_up_rotation","cat":"step","ph":"X","ts":108900,"dur":1,"pid":1,"tid":5},
{"name":"Constraint /Biped/Rig/Movers/ballRoll_l_down_rc/ballRoll_l_down_rotation","cat":"step","ph":"X","ts":108928,"dur":2,"pid":1,"tid":8},
{"name":"Solve /Biped/Rig/Solvers/leg_l_twoBoneIk","cat":"step","ph":"X","ts":108939,"dur":2,"pid":1,"tid":8},
{"name":"Solve /Biped/Rig/Solvers/leg_l_ikfk","cat":"step","ph":"X","ts":108950,"dur":1,"pid":1,"tid":8},
{"name":"SolverCommit batch 49","cat":"step","ph":"X","ts":108956,"dur":4,"pid":1,"tid":8},
{"name":"Constraint /Biped/Rig/Movers/ankle_l_bind_scAim/ankle_l_bind_aim","cat":"step","ph":"X","ts":108967,"dur":5,"pid":1,"tid":8},
{"name":"Constraint /Biped/Rig/Movers/ball_l_bind_scAim/ball_l_bind_aim","cat":"step","ph":"X","ts":108996,"dur":6,"pid":1,"tid":4},
{"name":"Constraint /Biped/Rig/Movers/hips_follow/spine_root_ctl_drives_hips_bind","cat":"step","ph":"X","ts":108640,"dur":18,"pid":1,"tid":0},
{"name":"PropagateChunk /Biped/Rig/Movers/hips_follow/spine_root_ctl_drives_hips_bind","cat":"step","ph":"X","ts":108941,"dur":5,"pid":1,"tid":8},
{"name":"PropagateChunk /Biped/Rig/Movers/hips_follow/spine_root_ctl_drives_hips_bind","cat":"step","ph":"X","ts":108901,"dur":1,"pid":1,"tid":5},
{"name":"CommitApply /Biped/Rig/Movers/hips_follow/spine_root_ctl_drives_hips_bind","cat":"step","ph":"X","ts":108951,"dur":3,"pid":1,"tid":8},
{"name":"Constraint /Biped/Rig/Movers/hips_follow/spine_root_ctl_scales_hips_bind","cat":"step","ph":"X","ts":108960,"dur":2,"pid":1,"tid":8},
{"name":"CommitDelta /Biped/Rig/Movers/hips_follow/spine_root_ctl_scales_hips_bind","cat":"step","ph":"X","ts":108972,"dur":1,"pid":1,"tid":8},
{"name":"PropagateChunk /Biped/Rig/Movers/hips_follow/spine_root_ctl_scales_hips_bind","cat":"step","ph":"X","ts":109002,"dur":6,"pid":1,"tid":4},
{"name":"CommitApply /Biped/Rig/Movers/hips_follow/spine_root_ctl_scales_hips_bind","cat":"step","ph":"X","ts":109028,"dur":2,"pid":1,"tid":10},
{"name":"Constraint /Biped/Rig/Movers/spine_to_bind/spine_ik_spine_0_bind_scale_to_spine_0_bind","cat":"step","ph":"X","ts":109046,"dur":11,"pid":1,"tid":9},
{"name":"Constraint /Biped/Rig/Movers/spine_to_bind/spine_ik_spine_0_bind_to_spine_0_bind","cat":"step","ph":"X","ts":109069,"dur":15,"pid":1,"tid":13},
{"name":"Constraint /Biped/Rig/Movers/spine_to_bind/spine_ik_spine_1_bind_scale_to_spine_1_bind","cat":"step","ph":"X","ts":109091,"dur":9,"pid":1,"tid":10},
{"name":"Constraint /Biped/Rig/Movers/spine_to_bind/spine_ik_spine_1_bind_to_spine_1_bind","cat":"step","ph":"X","ts":109112,"dur":6,"pid":1,"tid":13},
{"name":"Constraint /Biped/Rig/Movers/spine_to_bind/spine_ik_spine_2_bind_scale_to_spine_2_bind","cat":"step","ph":"X","ts":109126,"dur":5,"pid":1,"tid":13},
{"name":"Constraint /Biped/Rig/Movers/spine_to_bind/spine_ik_spine_2_bind_to_spine_2_bind","cat":"step","ph":"X","ts":109138,"dur":6,"pid":1,"tid":13},
{"name":"Constraint /Biped/Rig/Movers/spine_to_bind/spine_ik_spine_3_bind_scale_to_spine_3_bind","cat":"step","ph":"X","ts":109144,"dur":5,"pid":1,"tid":13},
{"name":"Constraint /Biped/Rig/Movers/spine_to_bind/spine_ik_spine_3_bind_to_spine_3_bind","cat":"step","ph":"X","ts":109150,"dur":7,"pid":1,"tid":13},
{"name":"Constraint /Biped/Rig/Movers/spine_to_bind/spine_ik_spine_4_bind_scale_to_spine_4_bind","cat":"step","ph":"X","ts":109157,"dur":5,"pid":1,"tid":13},
{"name":"Constraint /Biped/Rig/Movers/spine_to_bind/spine_ik_spine_4_bind_to_spine_4_bind","cat":"step","ph":"X","ts":109163,"dur":6,"pid":1,"tid":13},
{"name":"Constraint /Biped/Rig/Movers/spine_to_bind/spine_ik_spine_5_bind_scale_to_spine_5_bind","cat":"step","ph":"X","ts":109169,"dur":4,"pid":1,"tid":13},
{"name":"Constraint /Biped/Rig/Movers/spine_to_bind/spine_ik_spine_5_bind_to_spine_5_bind","cat":"step","ph":"X","ts":109173,"dur":5,"pid":1,"tid":13},
{"name":"Constraint /Biped/Rig/Movers/spine_to_bind/spine_ik_chest_bind_scale_to_chest_bind","cat":"step","ph":"X","ts":109178,"dur":4,"pid":1,"tid":13},
{"name":"Constraint /Biped/Rig/Movers/spine_to_bind/spine_ik_chest_bind_to_chest_bind","cat":"step","ph":"X","ts":109183,"dur":5,"pid":1,"tid":13},
{"name":"Constraint /Biped/Rig/Movers/girdles/spine_end_ctl_drives_chest_bind","cat":"step","ph":"X","ts":109188,"dur":5,"pid":1,"tid":13},
{"name":"Constraint /Biped/Rig/Movers/girdles/pelvis_r_ctl_drives_pelvis_r_bind","cat":"step","ph":"X","ts":109057,"dur":2,"pid":1,"tid":9},
{"name":"Constraint /Biped/Rig/Movers/girdles/pelvis_l_ctl_drives_pelvis_l_bind","cat":"step","ph":"X","ts":109059,"dur":2,"pid":1,"tid":9},
{"name":"Constraint /Biped/Rig/Movers/girdles/clavicle_r_ctl_drives_clavicle_r_bind","cat":"step","ph":"X","ts":109193,"dur":1,"pid":1,"tid":13},
{"name":"Constraint /Biped/Rig/Movers/girdles/clavicle_l_ctl_drives_clavicle_l_bind","cat":"step","ph":"X","ts":109194,"dur":1,"pid":1,"tid":13},
{"name":"Constraint /Biped/Rig/Movers/girdles/spine_end_ctl_unsquashes_neck_base_bind","cat":"step","ph":"X","ts":109195,"dur":4,"pid":1,"tid":13},
{"name":"Constraint /Biped/Rig/Movers/girdles/clavicle_r_ctl_unsquashes_clavicle_r_bind","cat":"step","ph":"X","ts":109199,"dur":2,"pid":1,"tid":13},
{"name":"Constraint /Biped/Rig/Movers/girdles/clavicle_l_ctl_unsquashes_clavicle_l_bind","cat":"step","ph":"X","ts":109201,"dur":2,"pid":1,"tid":13},
{"name":"Constraint /Biped/Rig/Movers/neck_to_bind/neck_ik_neck_0_bind_scale_to_neck_0_bind","cat":"step","ph":"X","ts":109203,"dur":3,"pid":1,"tid":13},
{"name":"Constraint /Biped/Rig/Movers/neck_to_bind/neck_ik_neck_0_bind_to_neck_0_bind","cat":"step","ph":"X","ts":109214,"dur":5,"pid":1,"tid":13},
{"name":"Constraint /Biped/Rig/Movers/neck_to_bind/neck_ik_neck_1_bind_scale_to_neck_1_bind","cat":"step","ph":"X","ts":109222,"dur":6,"pid":1,"tid":12},
{"name":"Constraint /Biped/Rig/Movers/neck_to_bind/neck_ik_neck_1_bind_to_neck_1_bind","cat":"step","ph":"X","ts":109234,"dur":5,"pid":1,"tid":12},
{"name":"Constraint /Biped/Rig/Movers/neck_to_bind/neck_ik_neck_2_bind_scale_to_neck_2_bind","cat":"step","ph":"X","ts":109246,"dur":4,"pid":1,"tid":12},
{"name":"Constraint /Biped/Rig/Movers/neck_to_bind/neck_ik_neck_2_bind_to_neck_2_bind","cat":"step","ph":"X","ts":109256,"dur":4,"pid":1,"tid":12},
{"name":"Constraint /Biped/Rig/Movers/neck_to_bind/neck_ik_neck_3_bind_scale_to_neck_3_bind","cat":"step","ph":"X","ts":109261,"dur":3,"pid":1,"tid":12},
{"name":"Constraint /Biped/Rig/Movers/neck_to_bind/neck_ik_neck_3_bind_to_neck_3_bind","cat":"step","ph":"X","ts":109264,"dur":4,"pid":1,"tid":12},
{"name":"Constraint /Biped/Rig/Movers/neck_to_bind/neck_ik_skull_bind_scale_to_skull_bind","cat":"step","ph":"X","ts":109268,"dur":3,"pid":1,"tid":12},
{"name":"Constraint /Biped/Rig/Movers/neck_to_bind/neck_ik_skull_bind_to_skull_bind","cat":"step","ph":"X","ts":109271,"dur":4,"pid":1,"tid":12},
{"name":"Constraint /Biped/Rig/Movers/twist_aims/wristTwist_r_bind_copy","cat":"step","ph":"X","ts":108843,"dur":9,"pid":1,"tid":11},
{"name":"Constraint /Biped/Rig/Movers/twist_aims/wristTwist_r_bind_aim","cat":"step","ph":"X","ts":108869,"dur":8,"pid":1,"tid":12},
{"name":"Constraint /Biped/Rig/Movers/twist_aims/wristTwist_l_bind_copy","cat":"step","ph":"X","ts":108771,"dur":13,"pid":1,"tid":5},
{"name":"Constraint /Biped/Rig/Movers/twist_aims/wristTwist_l_bind_aim","cat":"step","ph":"X","ts":108852,"dur":5,"pid":1,"tid":11},
{"name":"Constraint /Biped/Rig/Movers/twist_aims/ankleTwist_r_bind_copy","cat":"step","ph":"X","ts":109030,"dur":5,"pid":1,"tid":10},
{"name":"Constraint /Biped/Rig/Movers/twist_aims/ankleTwist_r_bind_aim","cat":"step","ph":"X","ts":109061,"dur":4,"pid":1,"tid":9},
{"name":"Constraint /Biped/Rig/Movers/twist_aims/ankleTwist_l_bind_copy","cat":"step","ph":"X","ts":109009,"dur":4,"pid":1,"tid":4},
{"name":"Constraint /Biped/Rig/Movers/twist_aims/ankleTwist_l_bind_aim","cat":"step","ph":"X","ts":109035,"dur":4,"pid":1,"tid":10},
{"name":"Constraint /Biped/Rig/Movers/twist_aims/ankleTwist_r_bind_follows_ankle_r_bind","cat":"step","ph":"X","ts":109084,"dur":2,"pid":1,"tid":13},
{"name":"Constraint /Biped/Rig/Movers/twist_aims/ankleTwist_l_bind_follows_ankle_l_bind","cat":"step","ph":"X","ts":109045,"dur":2,"pid":1,"tid":10},
{"name":"Constraint /Biped/Rig/Movers/twist_aims/wristTwist_r_bind_follows_wrist_r_bind","cat":"step","ph":"X","ts":108902,"dur":15,"pid":1,"tid":5},
{"name":"Constraint /Biped/Rig/Movers/twist_aims/wristTwist_l_bind_follows_wrist_l_bind","cat":"step","ph":"X","ts":108858,"dur":2,"pid":1,"tid":11},
{"name":"Constraint /Biped/Rig/Movers/twist_aims/thighNoTwist_r_bind_follows_thigh_r_bind","cat":"step","ph":"X","ts":109086,"dur":1,"pid":1,"tid":13},
{"name":"Constraint /Biped/Rig/Movers/twist_aims/thighNoTwist_l_bind_follows_thigh_l_bind","cat":"step","ph":"X","ts":109072,"dur":4,"pid":1,"tid":12},
{"name":"Constraint /Biped/Rig/Movers/twist_aims/shoulderNoTwist_r_bind_follows_shoulder_r_bind","cat":"step","ph":"X","ts":109219,"dur":1,"pid":1,"tid":13},
{"name":"Constraint /Biped/Rig/Movers/twist_aims/pelvis_trans_r_bind_follows_thigh_r_bind","cat":"step","ph":"X","ts":109076,"dur":7,"pid":1,"tid":12},
{"name":"Constraint /Biped/Rig/Movers/twist_aims/pelvis_trans_l_bind_follows_thigh_l_bind","cat":"step","ph":"X","ts":109083,"dur":1,"pid":1,"tid":12},
{"name":"Constraint /Biped/Rig/Movers/twist_aims/clavicle_trans_r_bind_follows_shoulder_r_bind","cat":"step","ph":"X","ts":109210,"dur":1,"pid":1,"tid":13},
{"name":"Constraint /Biped/Rig/Movers/twist_aims/clavicle_trans_l_bind_follows_shoulder_l_bind","cat":"step","ph":"X","ts":109211,"dur":1,"pid":1,"tid":13},
{"name":"Constraint /Biped/Rig/Movers/twist_aims/pelvis_trans_r_bind_aim","cat":"step","ph":"X","ts":109100,"dur":4,"pid":1,"tid":10},
{"name":"Constraint /Biped/Rig/Movers/twist_aims/pelvis_trans_l_bind_aim","cat":"step","ph":"X","ts":109104,"dur":3,"pid":1,"tid":10},
{"name":"Constraint /Biped/Rig/Movers/twist_aims/kneeTwist_r_bind_aim","cat":"step","ph":"X","ts":108983,"dur":3,"pid":1,"tid":8},
{"name":"Constraint /Biped/Rig/Movers/twist_aims/kneeTwist_l_bind_aim","cat":"step","ph":"X","ts":108973,"dur":3,"pid":1,"tid":8},
{"name":"Constraint /Biped/Rig/Movers/twist_aims/thighNoTwist_r_bind_aim","cat":"step","ph":"X","ts":109107,"dur":3,"pid":1,"tid":10},
{"name":"Constraint /Biped/Rig/Movers/twist_aims/thighNoTwist_l_bind_aim","cat":"step","ph":"X","ts":109100,"dur":4,"pid":1,"tid":13},
{"name":"Constraint /Biped/Rig/Movers/twist_aims/clavicle_trans_r_bind_aim","cat":"step","ph":"X","ts":109228,"dur":3,"pid":1,"tid":12},
{"name":"Constraint /Biped/Rig/Movers/twist_aims/clavicle_trans_l_bind_aim","cat":"step","ph":"X","ts":109231,"dur":3,"pid":1,"tid":12},
{"name":"Constraint /Biped/Rig/Movers/twist_aims/elbowTwist_r_bind_aim","cat":"step","ph":"X","ts":108794,"dur":6,"pid":1,"tid":7},
{"name":"Constraint /Biped/Rig/Movers/twist_aims/elbowTwist_l_bind_aim","cat":"step","ph":"X","ts":108784,"dur":3,"pid":1,"tid":5},
{"name":"Constraint /Biped/Rig/Movers/twist_aims/shoulderNoTwist_r_bind_aim","cat":"step","ph":"X","ts":109221,"dur":2,"pid":1,"tid":13},
{"name":"Constraint /Biped/Rig/Movers/twist_aims/shoulderNoTwist_l_bind_aim","cat":"step","ph":"X","ts":109223,"dur":2,"pid":1,"tid":13},
{"name":"Constraint /Biped/Rig/Movers/pose_drivers/thigh_r_driver_copies_thigh_r_bind","cat":"step","ph":"X","ts":109118,"dur":3,"pid":1,"tid":13},
{"name":"Constraint /Biped/Rig/Movers/pose_drivers/thigh_l_driver_copies_thigh_l_bind","cat":"step","ph":"X","ts":109121,"dur":3,"pid":1,"tid":13},
{"name":"Constraint /Biped/Rig/Movers/pose_drivers/thigh_r_twist_driver_copies_thighNoTwist_r_bind","cat":"step","ph":"X","ts":109131,"dur":3,"pid":1,"tid":13},
{"name":"Constraint /Biped/Rig/Movers/pose_drivers/thigh_l_twist_driver_copies_thighNoTwist_l_bind","cat":"step","ph":"X","ts":109134,"dur":3,"pid":1,"tid":13},
{"name":"Constraint /Biped/Rig/Movers/pose_drivers/ankleTwist_r_driver_copies_ankleTwist_r_bind","cat":"step","ph":"X","ts":109104,"dur":3,"pid":1,"tid":13},
{"name":"Constraint /Biped/Rig/Movers/pose_drivers/ankleTwist_l_driver_copies_ankleTwist_l_bind","cat":"step","ph":"X","ts":109066,"dur":4,"pid":1,"tid":9},
{"name":"Constraint /Biped/Rig/Movers/pose_drivers/toe_r_driver_copies_ball_r_bind","cat":"step","ph":"X","ts":109047,"dur":4,"pid":1,"tid":10},
{"name":"Constraint /Biped/Rig/Movers/pose_drivers/toe_l_driver_copies_ball_l_bind","cat":"step","ph":"X","ts":109039,"dur":5,"pid":1,"tid":10},
{"name":"Constraint /Biped/Rig/Movers/pose_drivers/knee_r_driver_copies_knee_r_bind","cat":"step","ph":"X","ts":109014,"dur":5,"pid":1,"tid":4},
{"name":"Constraint /Biped/Rig/Movers/pose_drivers/knee_l_driver_copies_knee_l_bind","cat":"step","ph":"X","ts":108986,"dur":3,"pid":1,"tid":8},
{"name":"Constraint /Biped/Rig/Movers/pose_drivers/ankleSwing_r_driver_copies_ankle_r_bind","cat":"step","ph":"X","ts":109107,"dur":3,"pid":1,"tid":13},
{"name":"Constraint /Biped/Rig/Movers/pose_drivers/ankleSwing_l_driver_copies_ankle_l_bind","cat":"step","ph":"X","ts":109070,"dur":3,"pid":1,"tid":9},
{"name":"Constraint /Biped/Rig/Movers/pose_drivers/shoulder_r_driver_copies_shoulder_r_bind","cat":"step","ph":"X","ts":109239,"dur":3,"pid":1,"tid":12},
{"name":"Constraint /Biped/Rig/Movers/pose_drivers/shoulder_l_driver_copies_shoulder_l_bind","cat":"step","ph":"X","ts":109242,"dur":3,"pid":1,"tid":12},
{"name":"Constraint /Biped/Rig/Movers/pose_drivers/wristTwist_r_driver_copies_wristTwist_r_bind","cat":"step","ph":"X","ts":108930,"dur":7,"pid":1,"tid":8},
{"name":"Constraint /Biped/Rig/Movers/pose_drivers/wristTwist_l_driver_copies_wristTwist_l_bind","cat":"step","ph":"X","ts":108886,"dur":6,"pid":1,"tid":12},
{"name":"Constraint /Biped/Rig/Movers/pose_drivers/shoulder_r_twist_driver_copies_shoulderNoTwist_r_bind","cat":"step","ph":"X","ts":109250,"dur":2,"pid":1,"tid":12},
{"name":"Constraint /Biped/Rig/Movers/pose_drivers/shoulder_l_twist_driver_copies_shoulderNoTwist_l_bind","cat":"step","ph":"X","ts":109252,"dur":4,"pid":1,"tid":12},
{"name":"Constraint /Biped/Rig/Movers/pose_drivers/wristSwing_r_driver_copies_wrist_r_bind","cat":"step","ph":"X","ts":108918,"dur":7,"pid":1,"tid":5},
{"name":"Constraint /Biped/Rig/Movers/pose_drivers/wristSwing_l_driver_copies_wrist_l_bind","cat":"step","ph":"X","ts":108893,"dur":4,"pid":1,"tid":12},
{"name":"Constraint /Biped/Rig/Movers/pose_drivers/elbow_r_driver_copies_elbow_r_bind","cat":"step","ph":"X","ts":108860,"dur":5,"pid":1,"tid":11},
{"name":"Constraint /Biped/Rig/Movers/pose_drivers/elbow_l_driver_copies_elbow_l_bind","cat":"step","ph":"X","ts":108800,"dur":5,"pid":1,"tid":7},
{"name":"Constraint /Biped/Rig/Movers/param_follow/leg_r_params_to_ankle_r_bind","cat":"step","ph":"X","ts":109019,"dur":4,"pid":1,"tid":4},
{"name":"Constraint /Biped/Rig/Movers/param_follow/leg_l_params_to_ankle_l_bind","cat":"step","ph":"X","ts":108989,"dur":4,"pid":1,"tid":8},
{"name":"Constraint /Biped/Rig/Movers/param_follow/arm_r_params_to_wrist_r_bind","cat":"step","ph":"X","ts":108805,"dur":4,"pid":1,"tid":7},
{"name":"Constraint /Biped/Rig/Movers/param_follow/arm_l_params_to_wrist_l_bind","cat":"step","ph":"X","ts":108787,"dur":4,"pid":1,"tid":5},
{"name":"ProviderMatrix /Biped/Rig/Controls/leg_l_ik/ankle_l_pivot/bankIn_l_pivot final","cat":"step","ph":"X","ts":108791,"dur":1,"pid":1,"tid":5},
{"name":"ProviderMatrix /Biped/Rig/Controls/leg_l_ik/ankle_l_pivot/bankIn_l_pivot/bankOut_l_pivot final","cat":"step","ph":"X","ts":108809,"dur":1,"pid":1,"tid":7},
{"name":"ProviderMatrix /Biped/Rig/Controls/leg_l_ik/ankle_l_pivot/bankIn_l_pivot/bankOut_l_pivot/heel_l_roll/heel_l/ball_l_pivot final","cat":"step","ph":"X","ts":108865,"dur":1,"pid":1,"tid":11},
{"name":"ProviderMatrix /Biped/Rig/Controls/leg_l_ik/ankle_l_pivot/bankIn_l_pivot/bankOut_l_pivot/heel_l_roll/heel_l/ball_l_pivot/toe_l_roll final","cat":"step","ph":"X","ts":108897,"dur":1,"pid":1,"tid":12},
{"name":"ProviderMatrix /Biped/Rig/Controls/leg_l_ik/ankle_l_pivot/bankIn_l_pivot/bankOut_l_pivot/heel_l_roll/heel_l/ball_l_pivot/toe_l_roll/toe_l/ballRoll_l_up/ballRoll_l_down final","cat":"step","ph":"X","ts":108946,"dur":1,"pid":1,"tid":8},
{"name":"ProviderMatrix /Biped/Rig/Controls/leg_r_ik/ankle_r_pivot/bankIn_r_pivot/bankOut_r_pivot/heel_r_roll/heel_r/ball_r_pivot final","cat":"step","ph":"X","ts":108898,"dur":1,"pid":1,"tid":12},
{"name":"ProviderMatrix /Biped/Rig/Joints/ankle_l_pivot final","cat":"step","ph":"X","ts":108635,"dur":1,"pid":1,"tid":0},
{"name":"ProviderMatrix /Biped/Rig/Joints/ankle_l_pivot/bankIn_l_pivot/bankOut_l_pivot/heel_l_pivot final","cat":"step","ph":"X","ts":108658,"dur":1,"pid":1,"tid":0},
{"name":"ProviderMatrix /Biped/Rig/Joints/ankle_l_pivot/bankIn_l_pivot/bankOut_l_pivot/heel_l_pivot/ball_l_pivot final","cat":"step","ph":"X","ts":108672,"dur":1,"pid":1,"tid":0},
{"name":"ProviderMatrix /Biped/Rig/Joints/hips_bind/pelvis_l_bind/pelvis_trans_combo_l_driver final","cat":"step","ph":"X","ts":109073,"dur":1,"pid":1,"tid":9},
{"name":"ProviderMatrix /Biped/Rig/Joints/hips_bind/pelvis_l_bind/pelvis_trans_l_bind final","cat":"step","ph":"X","ts":109124,"dur":1,"pid":1,"tid":13},
{"name":"ProviderMatrix /Biped/Rig/Joints/hips_bind/pelvis_l_bind/thigh_l_bind/knee_l_bind final","cat":"step","ph":"X","ts":108976,"dur":1,"pid":1,"tid":8},
{"name":"ProviderMatrix /Biped/Rig/Joints/hips_bind/pelvis_l_bind/thigh_l_bind/knee_l_bind/ankleTwist_l_bind/ankleSwing_l_driver final","cat":"step","ph":"X","ts":109110,"dur":1,"pid":1,"tid":13},
{"name":"ProviderMatrix /Biped/Rig/Joints/hips_bind/pelvis_l_bind/thigh_l_bind/knee_l_bind/ankle_l_bind/ball_l_bind final","cat":"step","ph":"X","ts":109023,"dur":1,"pid":1,"tid":4},
{"name":"ProviderMatrix /Biped/Rig/Joints/hips_bind/pelvis_l_bind/thigh_l_bind/knee_l_bind/ankle_l_bind/ball_l_bind/toe1_001_l_bind/toe1_002_l_bind/toe1_003_l_bind final","cat":"step","ph":"X","ts":109024,"dur":1,"pid":1,"tid":4},
{"name":"ProviderMatrix /Biped/Rig/Joints/hips_bind/pelvis_l_bind/thigh_l_bind/knee_l_bind/ankle_l_bind/ball_l_bind/toe2_001_l_bind/toe2_002_l_bind/toe2_003_l_bind final","cat":"step","ph":"X","ts":109025,"dur":1,"pid":1,"tid":4},
{"name":"ProviderMatrix /Biped/Rig/Joints/hips_bind/pelvis_l_bind/thigh_l_bind/knee_l_bind/ankle_l_bind/ball_l_bind/toe3_001_l_bind/toe3_002_l_bind/toe3_003_l_bind/toe3_004_l_bind final","cat":"step","ph":"X","ts":109026,"dur":1,"pid":1,"tid":4},
{"name":"ProviderMatrix /Biped/Rig/Joints/hips_bind/pelvis_l_bind/thigh_l_bind/knee_l_bind/ankle_l_bind/ball_l_bind/toe_l_bind final","cat":"step","ph":"X","ts":109028,"dur":1,"pid":1,"tid":4},
{"name":"ProviderMatrix /Biped/Rig/Joints/hips_bind/pelvis_r_bind/pelvis_trans_combo_r_driver final","cat":"step","ph":"X","ts":109074,"dur":1,"pid":1,"tid":9},
{"name":"ProviderMatrix /Biped/Rig/Joints/hips_bind/pelvis_r_bind/thigh_r_bind final","cat":"step","ph":"X","ts":108993,"dur":1,"pid":1,"tid":8},
{"name":"ProviderMatrix /Biped/Rig/Joints/hips_bind/pelvis_r_bind/thigh_r_bind/knee_r_bind/ankleTwist_r_driver final","cat":"step","ph":"X","ts":109125,"dur":1,"pid":1,"tid":13},
{"name":"ProviderMatrix /Biped/Rig/Joints/hips_bind/pelvis_r_bind/thigh_r_bind/knee_r_bind/ankle_r_bind/ball_r_bind final","cat":"step","ph":"X","ts":109052,"dur":1,"pid":1,"tid":10},
{"name":"ProviderMatrix /Biped/Rig/Joints/hips_bind/pelvis_r_bind/thigh_r_bind/knee_r_bind/ankle_r_bind/ball_r_bind/toe1_001_r_bind/toe1_002_r_bind/toe1_003_r_bind/toe1_004_r_bind final","cat":"step","ph":"X","ts":109053,"dur":1,"pid":1,"tid":10},
{"name":"ProviderMatrix /Biped/Rig/Joints/hips_bind/pelvis_r_bind/thigh_r_bind/knee_r_bind/ankle_r_bind/ball_r_bind/toe2_001_r_bind/toe2_002_r_bind/toe2_003_r_bind/toe2_004_r_bind final","cat":"step","ph":"X","ts":109054,"dur":1,"pid":1,"tid":10},
{"name":"ProviderMatrix /Biped/Rig/Joints/hips_bind/pelvis_r_bind/thigh_r_bind/knee_r_bind/ankle_r_bind/ball_r_bind/toe4_001_r_bind final","cat":"step","ph":"X","ts":109055,"dur":1,"pid":1,"tid":10},
{"name":"ProviderMatrix /Biped/Rig/Joints/hips_bind/pelvis_r_bind/thigh_r_bind/knee_r_bind/ankle_r_bind/ball_r_bind/toe5_001_r_bind/toe5_002_r_bind final","cat":"step","ph":"X","ts":109056,"dur":1,"pid":1,"tid":10},
{"name":"ProviderMatrix /Biped/Rig/Joints/hips_bind/pelvis_r_bind/thigh_r_bind/knee_r_bind/kneeTwist_r_bind final","cat":"step","ph":"X","ts":109029,"dur":1,"pid":1,"tid":4},
{"name":"ProviderMatrix /Biped/Rig/Joints/hips_bind/pelvis_r_bind/thigh_r_bind/knee_r_bind/kneeTwist_r_bind/knee_r_driver final","cat":"step","ph":"X","ts":109057,"dur":1,"pid":1,"tid":10},
{"name":"ProviderMatrix /Biped/Rig/Joints/hips_bind/spine_0_bind/spine_1_bind/spine_2_bind final","cat":"step","ph":"X","ts":109149,"dur":1,"pid":1,"tid":13},
{"name":"ProviderMatrix /Biped/Rig/Joints/hips_bind/spine_0_bind/spine_1_bind/spine_2_bind/spine_3_bind/spine_4_bind/spine_5_bind final","cat":"step","ph":"X","ts":109182,"dur":1,"pid":1,"tid":13},
{"name":"ProviderMatrix /Biped/Rig/Joints/hips_bind/spine_0_bind/spine_1_bind/spine_2_bind/spine_3_bind/spine_4_bind/spine_5_bind/chest_bind/clavicle_l_bind/clavicle_trans_combo_l_driver final","cat":"step","ph":"X","ts":109212,"dur":1,"pid":1,"tid":13},
{"name":"ProviderMatrix /Biped/Rig/Joints/hips_bind/spine_0_bind/spine_1_bind/spine_2_bind/spine_3_bind/spine_4_bind/spine_5_bind/chest_bind/clavicle_l_bind/clavicle_trans_l_bind/shoulder_l_driver/shoulder_l_twist_driver final","cat":"step","ph":"X","ts":109260,"dur":1,"pid":1,"tid":12},
{"name":"ProviderMatrix /Biped/Rig/Joints/hips_bind/spine_0_bind/spine_1_bind/spine_2_bind/spine_3_bind/spine_4_bind/spine_5_bind/chest_bind/clavicle_l_bind/shoulderNoTwist_l_bind final","cat":"step","ph":"X","ts":109245,"dur":1,"pid":1,"tid":12},
{"name":"ProviderMatrix /Biped/Rig/Joints/hips_bind/spine_0_bind/spine_1_bind/spine_2_bind/spine_3_bind/spine_4_bind/spine_5_bind/chest_bind/clavicle_l_bind/shoulder_l_bind/elbow_l_bind/wrist_l_bind final","cat":"step","ph":"X","ts":108792,"dur":1,"pid":1,"tid":5},
{"name":"ProviderMatrix /Biped/Rig/Joints/hips_bind/spine_0_bind/spine_1_bind/spine_2_bind/spine_3_bind/spine_4_bind/spine_5_bind/chest_bind/clavicle_l_bind/shoulder_l_bind/elbow_l_bind/wrist_l_bind/index_001_l_bind/index_002_l_bind final","cat":"step","ph":"X","ts":108899,"dur":1,"pid":1,"tid":12},
{"name":"ProviderMatrix /Biped/Rig/Joints/hips_bind/spine_0_bind/spine_1_bind/spine_2_bind/spine_3_bind/spine_4_bind/spine_5_bind/chest_bind/clavicle_l_bind/shoulder_l_bind/elbow_l_bind/wrist_l_bind/middle_001_l_bind final","cat":"step","ph":"X","ts":108900,"dur":1,"pid":1,"tid":12},
{"name":"ProviderMatrix /Biped/Rig/Joints/hips_bind/spine_0_bind/spine_1_bind/spine_2_bind/spine_3_bind/spine_4_bind/spine_5_bind/chest_bind/clavicle_l_bind/shoulder_l_bind/elbow_l_bind/wrist_l_bind/middle_001_l_bind/middle_002_l_bind/middle_003_l_bind/middle_004_l_bind/middle_005_l_bind final","cat":"step","ph":"X","ts":108901,"dur":1,"pid":1,"tid":12},
{"name":"ProviderMatrix /Biped/Rig/Joints/hips_bind/spine_0_bind/spine_1_bind/spine_2_bind/spine_3_bind/spine_4_bind/spine_5_bind/chest_bind/clavicle_l_bind/shoulder_l_bind/elbow_l_bind/wrist_l_bind/pinkyCup_l_bind/pinky_001_l_bind/pinky_002_l_bind final","cat":"step","ph":"X","ts":108926,"dur":1,"pid":1,"tid":5},
{"name":"ProviderMatrix /Biped/Rig/Joints/hips_bind/spine_0_bind/spine_1_bind/spine_2_bind/spine_3_bind/spine_4_bind/spine_5_bind/chest_bind/clavicle_l_bind/shoulder_l_bind/elbow_l_bind/wrist_l_bind/ring_001_l_bind/ring_002_l_bind/ring_003_l_bind final","cat":"step","ph":"X","ts":108902,"dur":1,"pid":1,"tid":12},
{"name":"ProviderMatrix /Biped/Rig/Joints/hips_bind/spine_0_bind/spine_1_bind/spine_2_bind/spine_3_bind/spine_4_bind/spine_5_bind/chest_bind/clavicle_l_bind/shoulder_l_bind/elbow_l_bind/wrist_l_bind/ring_001_l_bind/ring_002_l_bind/ring_003_l_bind/ring_004_l_bind/ring_005_l_bind final","cat":"step","ph":"X","ts":108903,"dur":11,"pid":1,"tid":12},
{"name":"ProviderMatrix /Biped/Rig/Joints/hips_bind/spine_0_bind/spine_1_bind/spine_2_bind/spine_3_bind/spine_4_bind/spine_5_bind/chest_bind/clavicle_l_bind/shoulder_l_bind/elbow_l_bind/wrist_l_bind/thumbCup_l_bind/thumb_001_l_bind/thumb_002_l_bind/thumb_003_l_bind final","cat":"step","ph":"X","ts":108914,"dur":1,"pid":1,"tid":12},
{"name":"ProviderMatrix /Biped/Rig/Joints/hips_bind/spine_0_bind/spine_1_bind/spine_2_bind/spine_3_bind/spine_4_bind/spine_5_bind/chest_bind/clavicle_r_bind/shoulder_r_bind/elbow_r_bind final","cat":"step","ph":"X","ts":108810,"dur":1,"pid":1,"tid":7},
{"name":"ProviderMatrix /Biped/Rig/Joints/hips_bind/spine_0_bind/spine_1_bind/spine_2_bind/spine_3_bind/spine_4_bind/spine_5_bind/chest_bind/clavicle_r_bind/shoulder_r_bind/elbow_r_bind/elbowTwist_r_bind final","cat":"step","ph":"X","ts":108866,"dur":1,"pid":1,"tid":11},
{"name":"ProviderMatrix /Biped/Rig/Joints/hips_bind/spine_0_bind/spine_1_bind/spine_2_bind/spine_3_bind/spine_4_bind/spine_5_bind/chest_bind/clavicle_r_bind/shoulder_r_bind/elbow_r_bind/wrist_r_bind/index_001_r_bind final","cat":"step","ph":"X","ts":108927,"dur":1,"pid":1,"tid":5},
{"name":"ProviderMatrix /Biped/Rig/Joints/hips_bind/spine_0_bind/spine_1_bind/spine_2_bind/spine_3_bind/spine_4_bind/spine_5_bind/chest_bind/clavicle_r_bind/shoulder_r_bind/elbow_r_bind/wrist_r_bind/index_001_r_bind/index_002_r_bind/index_003_r_bind/index_004_r_bind/index_005_r_bind final","cat":"step","ph":"X","ts":108928,"dur":1,"pid":1,"tid":5},
{"name":"ProviderMatrix /Biped/Rig/Joints/hips_bind/spine_0_bind/spine_1_bind/spine_2_bind/spine_3_bind/spine_4_bind/spine_5_bind/chest_bind/clavicle_r_bind/shoulder_r_bind/elbow_r_bind/wrist_r_bind/pinkyCup_r_bind final","cat":"step","ph":"X","ts":108947,"dur":1,"pid":1,"tid":8},
{"name":"ProviderMatrix /Biped/Rig/Joints/hips_bind/spine_0_bind/spine_1_bind/spine_2_bind/spine_3_bind/spine_4_bind/spine_5_bind/chest_bind/clavicle_r_bind/shoulder_r_bind/elbow_r_bind/wrist_r_bind/pinkyCup_r_bind/pinky_001_r_bind/pinky_002_r_bind/pinky_003_r_bind/pinky_004_r_bind final","cat":"step","ph":"X","ts":108948,"dur":1,"pid":1,"tid":8},
{"name":"ProviderMatrix /Biped/Rig/Joints/hips_bind/spine_0_bind/spine_1_bind/spine_2_bind/spine_3_bind/spine_4_bind/spine_5_bind/chest_bind/clavicle_r_bind/shoulder_r_bind/elbow_r_bind/wrist_r_bind/ring_001_r_bind/ring_002_r_bind/ring_003_r_bind/ring_004_r_bind/ring_005_r_bind final","cat":"step","ph":"X","ts":108930,"dur":1,"pid":1,"tid":5},
{"name":"ProviderMatrix /Biped/Rig/Joints/hips_bind/spine_0_bind/spine_1_bind/spine_2_bind/spine_3_bind/spine_4_bind/spine_5_bind/chest_bind/neck_base_bind/neck_0_bind/neck_1_bind/neck_2_bind/neck_3_bind/skull_bind/face_lower_bind/face_mid_bind final","cat":"step","ph":"X","ts":109275,"dur":1,"pid":1,"tid":12},
{"name":"ProviderMatrix /Biped/Rig/Joints/hips_bind/spine_0_bind/spine_1_bind/spine_2_bind/spine_3_bind/spine_4_bind/spine_5_bind/chest_bind/neck_base_bind/neck_0_bind/neck_1_bind/neck_2_bind/neck_3_bind/skull_bind/face_lower_bind/jaw_bind/tongue_0_bind/tongue_1_bind final","cat":"step","ph":"X","ts":109276,"dur":1,"pid":1,"tid":12},
{"name":"ProviderMatrix /Biped/Rig/Joints/hips_bind/spine_0_bind/spine_1_bind/spine_2_bind/spine_3_bind/spine_4_bind/spine_5_bind/chest_bind/neck_base_bind/neck_0_bind/neck_1_bind/neck_2_bind/neck_3_bind/skull_bind/face_upper_bind/head_tip_bind final","cat":"step","ph":"X","ts":109277,"dur":1,"pid":1,"tid":12},
{"name":"ProviderMatrix /Biped/Rig/Joints/neck_ik_neck_0_bind/neck_ik_neck_1_bind/neck_ik_neck_2_bind final","cat":"step","ph":"X","ts":108954,"dur":1,"pid":1,"tid":8},
{"name":"ProviderMatrix /Biped/Rig/Joints/pupilCenter_l_pivot final","cat":"step","ph":"X","ts":108636,"dur":1,"pid":1,"tid":0},
{"name":"ProviderMatrix /Biped/Rig/Joints/spine_ik_spine_0_bind final","cat":"step","ph":"X","ts":108718,"dur":1,"pid":1,"tid":3},
{"name":"InfluenceFold /Biped/Rig/Movers/skin_body_geo/body_geo_skin","cat":"step","ph":"X","ts":109278,"dur":33,"pid":1,"tid":12},
{"name":"RevisionChunk /Biped/Rig/Movers/skin_body_geo/body_geo_skin","cat":"step","ph":"X","ts":109311,"dur":292,"pid":1,"tid":12},
{"name":"RevisionFuse /Biped/Rig/Movers/skin_body_geo/body_geo_skin","cat":"step","ph":"X","ts":109603,"dur":5,"pid":1,"tid":12},
{"name":"ChainStatus /Biped/Geom/body_geo.points","cat":"step","ph":"X","ts":109608,"dur":69,"pid":1,"tid":12},
{"name":"Derived /Biped/Geom/body_geo.extent","cat":"step","ph":"X","ts":109678,"dur":349,"pid":1,"tid":12},
{"name":"cluster 0","cat":"cluster","ph":"X","ts":108612,"dur":15,"pid":1,"tid":0,"args":{"level":"1","steps":"21","waitUs":"16"}},
{"name":"cluster 1","cat":"cluster","ph":"X","ts":108627,"dur":10,"pid":1,"tid":0,"args":{"level":"2","steps":"30","waitUs":"0"}},
{"name":"cluster 2","cat":"cluster","ph":"X","ts":108660,"dur":6,"pid":1,"tid":0,"args":{"level":"3","steps":"20","waitUs":"23"}},
{"name":"cluster 3","cat":"cluster","ph":"X","ts":108673,"dur":16,"pid":1,"tid":0,"args":{"level":"4","steps":"17","waitUs":"7"}},
{"name":"cluster 4","cat":"cluster","ph":"X","ts":108693,"dur":13,"pid":1,"tid":3,"args":{"level":"5","steps":"17","waitUs":"4"}},
{"name":"cluster 5","cat":"cluster","ph":"X","ts":108714,"dur":31,"pid":1,"tid":4,"args":{"level":"6","steps":"23","waitUs":"8"}},
{"name":"cluster 6","cat":"cluster","ph":"X","ts":108748,"dur":7,"pid":1,"tid":5,"args":{"level":"7","steps":"15","waitUs":"2"}},
{"name":"cluster 7","cat":"cluster","ph":"X","ts":108764,"dur":10,"pid":1,"tid":6,"args":{"level":"8","steps":"13","waitUs":"8"}},
{"name":"cluster 8","cat":"cluster","ph":"X","ts":108637,"dur":22,"pid":1,"tid":0,"args":{"level":"3","steps":"15","waitUs":"0"}},
{"name":"cluster 9","cat":"cluster","ph":"X","ts":108779,"dur":14,"pid":1,"tid":7,"args":{"level":"9","steps":"15","waitUs":"5"}},
{"name":"cluster 10","cat":"cluster","ph":"X","ts":108796,"dur":11,"pid":1,"tid":8,"args":{"level":"10","steps":"17","waitUs":"3"}},
{"name":"cluster 11","cat":"cluster","ph":"X","ts":108815,"dur":11,"pid":1,"tid":6,"args":{"level":"11","steps":"16","waitUs":"0"}},
{"name":"cluster 12","cat":"cluster","ph":"X","ts":108746,"dur":7,"pid":1,"tid":4,"args":{"level":"7","steps":"6","waitUs":"0"}},
{"name":"cluster 13","cat":"cluster","ph":"X","ts":108885,"dur":32,"pid":1,"tid":5,"args":{"level":"12","steps":"12","waitUs":"7"}},
{"name":"cluster 14","cat":"cluster","ph":"X","ts":108919,"dur":18,"pid":1,"tid":8,"args":{"level":"13","steps":"6","waitUs":"2"}},
{"name":"cluster 15","cat":"cluster","ph":"X","ts":108608,"dur":3,"pid":1,"tid":0,"args":{"level":"1","steps":"2","waitUs":"12"}},
{"name":"cluster 16","cat":"cluster","ph":"X","ts":108707,"dur":12,"pid":1,"tid":3,"args":{"level":"6","steps":"12","waitUs":"0"}},
{"name":"cluster 17","cat":"cluster","ph":"X","ts":108690,"dur":9,"pid":1,"tid":0,"args":{"level":"5","steps":"8","waitUs":"1"}},
{"name":"cluster 18","cat":"cluster","ph":"X","ts":108937,"dur":12,"pid":1,"tid":8,"args":{"level":"14","steps":"15","waitUs":"0"}},
{"name":"cluster 19","cat":"cluster","ph":"X","ts":108761,"dur":10,"pid":1,"tid":5,"args":{"level":"8","steps":"2","waitUs":"5"}},
{"name":"cluster 20","cat":"cluster","ph":"X","ts":108667,"dur":6,"pid":1,"tid":0,"args":{"level":"4","steps":"6","waitUs":"0"}},
{"name":"cluster 21","cat":"cluster","ph":"X","ts":108801,"dur":5,"pid":1,"tid":5,"args":{"level":"10","steps":"3","waitUs":"8"}},
{"name":"cluster 22","cat":"cluster","ph":"X","ts":108803,"dur":8,"pid":1,"tid":0,"args":{"level":"10","steps":"3","waitUs":"9"}},
{"name":"cluster 23","cat":"cluster","ph":"X","ts":108774,"dur":4,"pid":1,"tid":0,"args":{"level":"9","steps":"3","waitUs":"3"}},
{"name":"cluster 24","cat":"cluster","ph":"X","ts":108805,"dur":10,"pid":1,"tid":6,"args":{"level":"10","steps":"4","waitUs":"11"}},
{"name":"cluster 25","cat":"cluster","ph":"X","ts":108780,"dur":14,"pid":1,"tid":9,"args":{"level":"9","steps":"3","waitUs":"9"}},
{"name":"cluster 26","cat":"cluster","ph":"X","ts":108775,"dur":18,"pid":1,"tid":6,"args":{"level":"9","steps":"4","waitUs":"0"}},
{"name":"cluster 27","cat":"cluster","ph":"X","ts":108949,"dur":6,"pid":1,"tid":8,"args":{"level":"15","steps":"10","waitUs":"0"}},
{"name":"cluster 28","cat":"cluster","ph":"X","ts":108955,"dur":7,"pid":1,"tid":8,"args":{"level":"16","steps":"4","waitUs":"0"}},
{"name":"cluster 29","cat":"cluster","ph":"X","ts":108962,"dur":15,"pid":1,"tid":8,"args":{"level":"17","steps":"6","waitUs":"0"}},
{"name":"cluster 30","cat":"cluster","ph":"X","ts":108982,"dur":31,"pid":1,"tid":4,"args":{"level":"18","steps":"5","waitUs":"5"}},
{"name":"cluster 31","cat":"cluster","ph":"X","ts":109016,"dur":28,"pid":1,"tid":10,"args":{"level":"19","steps":"5","waitUs":"3"}},
{"name":"cluster 32","cat":"cluster","ph":"X","ts":108816,"dur":41,"pid":1,"tid":11,"args":{"level":"10","steps":"3","waitUs":"22"}},
{"name":"cluster 33","cat":"cluster","ph":"X","ts":108860,"dur":17,"pid":1,"tid":12,"args":{"level":"11","steps":"2","waitUs":"3"}},
{"name":"cluster 34","cat":"cluster","ph":"X","ts":109046,"dur":19,"pid":1,"tid":9,"args":{"level":"20","steps":"4","waitUs":"2"}},
{"name":"cluster 35","cat":"cluster","ph":"X","ts":109069,"dur":18,"pid":1,"tid":13,"args":{"level":"21","steps":"3","waitUs":"4"}},
{"name":"cluster 36","cat":"cluster","ph":"X","ts":109091,"dur":19,"pid":1,"tid":10,"args":{"level":"22","steps":"4","waitUs":"4"}},
{"name":"cluster 37","cat":"cluster","ph":"X","ts":109112,"dur":14,"pid":1,"tid":13,"args":{"level":"23","steps":"9","waitUs":"1"}},
{"name":"cluster 38","cat":"cluster","ph":"X","ts":109126,"dur":11,"pid":1,"tid":13,"args":{"level":"24","steps":"6","waitUs":"0"}},
{"name":"cluster 39","cat":"cluster","ph":"X","ts":109138,"dur":6,"pid":1,"tid":13,"args":{"level":"25","steps":"3","waitUs":"0"}},
{"name":"cluster 40","cat":"cluster","ph":"X","ts":109144,"dur":6,"pid":1,"tid":13,"args":{"level":"26","steps":"2","waitUs":"0"}},
{"name":"cluster 41","cat":"cluster","ph":"X","ts":109150,"dur":7,"pid":1,"tid":13,"args":{"level":"27","steps":"1","waitUs":"0"}},
{"name":"cluster 42","cat":"cluster","ph":"X","ts":109157,"dur":5,"pid":1,"tid":13,"args":{"level":"28","steps":"2","waitUs":"0"}},
{"name":"cluster 43","cat":"cluster","ph":"X","ts":109163,"dur":6,"pid":1,"tid":13,"args":{"level":"29","steps":"1","waitUs":"1"}},
{"name":"cluster 44","cat":"cluster","ph":"X","ts":109169,"dur":4,"pid":1,"tid":13,"args":{"level":"30","steps":"2","waitUs":"0"}},
{"name":"cluster 45","cat":"cluster","ph":"X","ts":109173,"dur":5,"pid":1,"tid":13,"args":{"level":"31","steps":"1","waitUs":"0"}},
{"name":"cluster 46","cat":"cluster","ph":"X","ts":109178,"dur":5,"pid":1,"tid":13,"args":{"level":"32","steps":"2","waitUs":"0"}},
{"name":"cluster 47","cat":"cluster","ph":"X","ts":109183,"dur":5,"pid":1,"tid":13,"args":{"level":"33","steps":"1","waitUs":"0"}},
{"name":"cluster 48","cat":"cluster","ph":"X","ts":109188,"dur":5,"pid":1,"tid":13,"args":{"level":"34","steps":"1","waitUs":"0"}},
{"name":"cluster 49","cat":"cluster","ph":"X","ts":109193,"dur":6,"pid":1,"tid":13,"args":{"level":"35","steps":"4","waitUs":"0"}},
{"name":"cluster 50","cat":"cluster","ph":"X","ts":109199,"dur":7,"pid":1,"tid":13,"args":{"level":"36","steps":"4","waitUs":"0"}},
{"name":"cluster 51","cat":"cluster","ph":"X","ts":109214,"dur":6,"pid":1,"tid":13,"args":{"level":"37","steps":"3","waitUs":"8"}},
{"name":"cluster 52","cat":"cluster","ph":"X","ts":109222,"dur":12,"pid":1,"tid":12,"args":{"level":"38","steps":"3","waitUs":"2"}},
{"name":"cluster 53","cat":"cluster","ph":"X","ts":109234,"dur":12,"pid":1,"tid":12,"args":{"level":"39","steps":"7","waitUs":"0"}},
{"name":"cluster 54","cat":"cluster","ph":"X","ts":109246,"dur":10,"pid":1,"tid":12,"args":{"level":"40","steps":"6","waitUs":"0"}},
{"name":"cluster 55","cat":"cluster","ph":"X","ts":109256,"dur":5,"pid":1,"tid":12,"args":{"level":"41","steps":"3","waitUs":"0"}},
{"name":"cluster 56","cat":"cluster","ph":"X","ts":109261,"dur":3,"pid":1,"tid":12,"args":{"level":"42","steps":"2","waitUs":"0"}},
{"name":"cluster 57","cat":"cluster","ph":"X","ts":109264,"dur":4,"pid":1,"tid":12,"args":{"level":"43","steps":"1","waitUs":"0"}},
{"name":"cluster 58","cat":"cluster","ph":"X","ts":109268,"dur":3,"pid":1,"tid":12,"args":{"level":"44","steps":"2","waitUs":"0"}},
{"name":"cluster 59","cat":"cluster","ph":"X","ts":109271,"dur":7,"pid":1,"tid":12,"args":{"level":"46","steps":"28","waitUs":"0"}},
{"name":"cluster 60","cat":"cluster","ph":"X","ts":108771,"dur":22,"pid":1,"tid":5,"args":{"level":"9","steps":"7","waitUs":"0"}},
{"name":"cluster 61","cat":"cluster","ph":"X","ts":109045,"dur":13,"pid":1,"tid":10,"args":{"level":"20","steps":"27","waitUs":"1"}},
{"name":"cluster 62","cat":"cluster","ph":"X","ts":108858,"dur":9,"pid":1,"tid":11,"args":{"level":"11","steps":"7","waitUs":"1"}},
{"name":"cluster 63","cat":"cluster","ph":"X","ts":109072,"dur":12,"pid":1,"tid":12,"args":{"level":"21","steps":"3","waitUs":"7"}},
{"name":"cluster 64","cat":"cluster","ph":"X","ts":109210,"dur":3,"pid":1,"tid":13,"args":{"level":"37","steps":"8","waitUs":"4"}},
{"name":"cluster 65","cat":"cluster","ph":"X","ts":108983,"dur":11,"pid":1,"tid":8,"args":{"level":"18","steps":"7","waitUs":"6"}},
{"name":"cluster 66","cat":"cluster","ph":"X","ts":109100,"dur":11,"pid":1,"tid":13,"args":{"level":"22","steps":"7","waitUs":"13"}},
{"name":"cluster 67","cat":"cluster","ph":"X","ts":108794,"dur":17,"pid":1,"tid":7,"args":{"level":"10","steps":"9","waitUs":"0"}},
{"name":"cluster 68","cat":"cluster","ph":"X","ts":109221,"dur":4,"pid":1,"tid":13,"args":{"level":"38","steps":"3","waitUs":"1"}},
{"name":"cluster 69","cat":"cluster","ph":"X","ts":109066,"dur":9,"pid":1,"tid":9,"args":{"level":"21","steps":"10","waitUs":"1"}},
{"name":"cluster 70","cat":"cluster","ph":"X","ts":109014,"dur":16,"pid":1,"tid":4,"args":{"level":"19","steps":"27","waitUs":"1"}},
{"name":"cluster 71","cat":"cluster","ph":"X","ts":108886,"dur":29,"pid":1,"tid":12,"args":{"level":"12","steps":"30","waitUs":"8"}},
{"name":"cluster 72","cat":"cluster","ph":"X","ts":108918,"dur":13,"pid":1,"tid":5,"args":{"level":"13","steps":"36","waitUs":"1"}},
{"name":"cluster 73","cat":"cluster","ph":"X","ts":109278,"dur":33,"pid":1,"tid":12,"args":{"level":"47","steps":"1","waitUs":"0"}},
{"name":"cluster 74","cat":"cluster","ph":"X","ts":109311,"dur":292,"pid":1,"tid":12,"args":{"level":"48","steps":"1","waitUs":"0"}},
{"name":"cluster 75","cat":"cluster","ph":"X","ts":109603,"dur":424,"pid":1,"tid":12,"args":{"level":"51","steps":"3","waitUs":"0"}},
{"name":"BakedPublish","cat":"baked","ph":"X","ts":110215,"dur":60,"pid":1,"tid":0},
{"name":"BakedEpilogue","cat":"baked","ph":"X","ts":110035,"dur":250,"pid":1,"tid":0},
{"name":"Baked","cat":"baked","ph":"X","ts":106241,"dur":4045,"pid":1,"tid":0},
{"name":"Evaluate.Run","cat":"evaluate","ph":"X","ts":106240,"dur":4046,"pid":1,"tid":0},
{"name":"Evaluate@1","cat":"evaluate","ph":"X","ts":106237,"dur":4050,"pid":1,"tid":0},
{"name":"Evaluate.Settle","cat":"evaluate","ph":"X","ts":110309,"dur":0,"pid":1,"tid":0},
{"name":"Evaluate.PlaceOverrides","cat":"evaluate","ph":"X","ts":110309,"dur":1,"pid":1,"tid":0},
{"name":"PropertyChains","cat":"property","ph":"X","ts":110312,"dur":6,"pid":1,"tid":0},
{"name":"BakedInputs","cat":"baked","ph":"X","ts":110319,"dur":9,"pid":1,"tid":0},
{"name":"BakedChainBase","cat":"geometry","ph":"X","ts":110442,"dur":3,"pid":1,"tid":0},
{"name":"BakedPrologue","cat":"baked","ph":"X","ts":110311,"dur":134,"pid":1,"tid":0},
{"name":"BakedRegion","cat":"baked","ph":"X","ts":110499,"dur":1453,"pid":1,"tid":0},
{"name":"ComposeSubtree /Biped/Rig/Controls/arm_l_ik","cat":"step","ph":"X","ts":110535,"dur":1,"pid":1,"tid":0},
{"name":"ComposeSubtree /Biped/Rig/Controls/hips_ctl","cat":"step","ph":"X","ts":110537,"dur":1,"pid":1,"tid":0},
{"name":"ComposeSubtree /Biped/Rig/Controls/hips_ctl/spine_root_pivot/spine_root_ctl/pelvis_l_ctl/leg_l_root","cat":"step","ph":"X","ts":110566,"dur":1,"pid":1,"tid":12},
{"name":"ComposeSubtree /Biped/Rig/Controls/hips_ctl/spine_root_pivot/spine_root_ctl/pelvis_r_ctl","cat":"step","ph":"X","ts":110567,"dur":1,"pid":1,"tid":12},
{"name":"ComposeSubtree /Biped/Rig/Controls/hips_ctl/spine_root_pivot/spine_root_ctl/pelvis_r_ctl/leg_r_root/leg_r_fk_thigh_r_bind/leg_r_fk_knee_r_bind","cat":"step","ph":"X","ts":110604,"dur":5,"pid":1,"tid":14},
{"name":"ComposeSubtree /Biped/Rig/Controls/hips_ctl/torso_ctl/spine_end_pivot/spine_end_ctl/clavicle_l_ctl/arm_l_root","cat":"step","ph":"X","ts":110582,"dur":1,"pid":1,"tid":0},
{"name":"ComposeSubtree /Biped/Rig/Controls/hips_ctl/torso_ctl/spine_end_pivot/spine_end_ctl/clavicle_l_ctl/arm_l_root/arm_l_fk_shoulder_l_bind/arm_l_fk_elbow_l_bind","cat":"step","ph":"X","ts":110609,"dur":2,"pid":1,"tid":14},
{"name":"ComposeSubtree /Biped/Rig/Controls/hips_ctl/torso_ctl/spine_end_pivot/spine_end_ctl/clavicle_r_ctl/arm_r_root/arm_r_fk_shoulder_r_bind","cat":"step","ph":"X","ts":110611,"dur":1,"pid":1,"tid":14},
{"name":"ComposeSubtree /Biped/Rig/Controls/hips_ctl/torso_ctl/spine_end_pivot/spine_end_ctl/clavicle_r_ctl/arm_r_root/arm_r_fk_shoulder_r_bind/arm_r_fk_elbow_r_bind","cat":"step","ph":"X","ts":110651,"dur":4,"pid":1,"tid":4},
{"name":"ComposeSubtree /Biped/Rig/Controls/hips_ctl/torso_ctl/spine_end_pivot/spine_end_ctl/neck_root_ctl/neck_end_pivot","cat":"step","ph":"X","ts":110613,"dur":1,"pid":1,"tid":14},
{"name":"ComposeSubtree /Biped/Rig/Controls/index_001_l_bind_fk_follow/index_001_l_bind_fk/index_002_l_bind_fk/index_003_l_bind_fk","cat":"step","ph":"X","ts":110568,"dur":1,"pid":1,"tid":12},
{"name":"ComposeSubtree /Biped/Rig/Controls/index_001_r_bind_fk_follow","cat":"step","ph":"X","ts":110538,"dur":1,"pid":1,"tid":0},
{"name":"ComposeSubtree /Biped/Rig/Controls/index_001_r_bind_fk_follow/index_001_r_bind_fk/index_002_r_bind_fk","cat":"step","ph":"X","ts":110545,"dur":1,"pid":1,"tid":0},
{"name":"ComposeSubtree /Biped/Rig/Controls/leg_l_ik/ankle_l_pivot/bankIn_l_pivot/bankOut_l_pivot/heel_l_roll","cat":"step","ph":"X","ts":110569,"dur":1,"pid":1,"tid":12},
{"name":"ComposeSubtree /Biped/Rig/Controls/leg_l_ik/ankle_l_pivot/bankIn_l_pivot/bankOut_l_pivot/heel_l_roll/heel_l/ball_l_pivot","cat":"step","ph":"X","ts":110583,"dur":1,"pid":1,"tid":0},
{"name":"ComposeSubtree /Biped/Rig/Controls/leg_l_ik/ankle_l_pivot/bankIn_l_pivot/bankOut_l_pivot/heel_l_roll/heel_l/ball_l_pivot/toe_l_roll/toe_l","cat":"step","ph":"X","ts":110614,"dur":3,"pid":1,"tid":14},
{"name":"ComposeSubtree /Biped/Rig/Controls/leg_l_ik/ankle_l_pivot/bankIn_l_pivot/bankOut_l_pivot/heel_l_roll/heel_l/ball_l_pivot/toe_l_roll/toe_l/ballRoll_l_up/ballRoll_l_down","cat":"step","ph":"X","ts":110655,"dur":2,"pid":1,"tid":4},
{"name":"ComposeSubtree /Biped/Rig/Controls/leg_l_ik/ankle_l_pivot/bankIn_l_pivot/bankOut_l_pivot/heel_l_roll/heel_l/ball_l_pivot/toe_l_roll/toe_l/ballRoll_l_up/ballRoll_l_down_twin","cat":"step","ph":"X","ts":110657,"dur":3,"pid":1,"tid":4},
{"name":"ComposeSubtree /Biped/Rig/Controls/leg_l_ik/ankle_l_pivot/bankIn_l_pivot/bankOut_l_pivot/heel_l_roll/heel_l/ball_l_pivot/toe_l_roll/toe_l/toeBend_l","cat":"step","ph":"X","ts":110661,"dur":1,"pid":1,"tid":4},
{"name":"ComposeSubtree /Biped/Rig/Controls/leg_l_ik/ankle_l_pivot/bankIn_l_pivot/bankOut_l_pivot/heel_l_roll/heel_l/ball_l_pivot/toe_l_roll_twin","cat":"step","ph":"X","ts":110617,"dur":3,"pid":1,"tid":14},
{"name":"ComposeSubtree /Biped/Rig/Controls/leg_r_ik/ankle_r_pivot/bankIn_r_pivot/bankOut_r_pivot","cat":"step","ph":"X","ts":110570,"dur":1,"pid":1,"tid":12},
{"name":"ComposeSubtree /Biped/Rig/Controls/leg_r_ik/ankle_r_pivot/bankIn_r_pivot/bankOut_r_pivot/heel_r_roll/heel_r/ball_r_pivot/toe_r_roll","cat":"step","ph":"X","ts":110620,"dur":2,"pid":1,"tid":14},
{"name":"ComposeSubtree /Biped/Rig/Controls/leg_r_ik/ankle_r_pivot/bankIn_r_pivot/bankOut_r_pivot/heel_r_roll/heel_r/ball_r_pivot/toe_r_roll/toe_r/ballRoll_r_up","cat":"step","ph":"X","ts":110662,"dur":2,"pid":1,"tid":4},
{"name":"ComposeSubtree /Biped/Rig/Controls/leg_r_ik/ankle_r_pivot/bankIn_r_pivot/bankOut_r_pivot/heel_r_roll/heel_r/ball_r_pivot/toe_r_roll/toe_r/ballRoll_r_up/ballRoll_r_down/ballRoll_r","cat":"step","ph":"X","ts":110703,"dur":1,"pid":1,"tid":4},
{"name":"ComposeSubtree /Biped/Rig/Controls/leg_r_ik/ankle_r_pivot/bankIn_r_pivot/bankOut_r_pivot/heel_r_roll/heel_r/ball_r_pivot/toe_r_roll/toe_r/ballRoll_r_up/ballRoll_r_down/ballRoll_r/ball_r_ikTarget","cat":"step","ph":"X","ts":110711,"dur":1,"pid":1,"tid":15},
{"name":"ComposeSubtree /Biped/Rig/Controls/leg_r_ik/ankle_r_pivot/bankIn_r_pivot/bankOut_r_pivot/heel_r_roll/heel_r/ball_r_pivot/toe_r_roll/toe_r/ballRoll_r_up_twin","cat":"step","ph":"X","ts":110664,"dur":2,"pid":1,"tid":4},
{"name":"ComposeSubtree /Biped/Rig/Controls/leg_r_ik/ankle_r_pivot/bankIn_r_pivot/bankOut_r_pivot/heel_r_roll/heel_r/ball_r_pivot/toe_r_roll_twin","cat":"step","ph":"X","ts":110622,"dur":3,"pid":1,"tid":14},
{"name":"ComposeSubtree /Biped/Rig/Controls/leg_r_pv","cat":"step","ph":"X","ts":110539,"dur":1,"pid":1,"tid":0},
{"name":"ComposeSubtree /Biped/Rig/Controls/middle_001_l_bind_fk_follow/middle_001_l_bind_fk","cat":"step","ph":"X","ts":110546,"dur":1,"pid":1,"tid":0},
{"name":"ComposeSubtree /Biped/Rig/Controls/pinkyCup_l_bind_fk_follow","cat":"step","ph":"X","ts":110540,"dur":1,"pid":1,"tid":0},
{"name":"ComposeSubtree /Biped/Rig/Controls/pinkyCup_l_bind_fk_follow/pinkyCup_l_bind_fk/pinky_001_l_bind_fk/pinky_002_l_bind_fk/pinky_003_l_bind_fk","cat":"step","ph":"X","ts":110572,"dur":1,"pid":1,"tid":12},
{"name":"ComposeSubtree /Biped/Rig/Controls/ring_001_l_bind_fk_follow/ring_001_l_bind_fk/ring_002_l_bind_fk","cat":"step","ph":"X","ts":110547,"dur":1,"pid":1,"tid":0},
{"name":"ComposeSubtree /Biped/Rig/Controls/ring_001_r_bind_fk_follow","cat":"step","ph":"X","ts":110541,"dur":1,"pid":1,"tid":0},
{"name":"ComposeSubtree /Biped/Rig/Controls/ring_001_r_bind_fk_follow/ring_001_r_bind_fk/ring_002_r_bind_fk/ring_003_r_bind_fk","cat":"step","ph":"X","ts":110573,"dur":1,"pid":1,"tid":12},
{"name":"ComposeSubtree /Biped/Rig/Controls/thumbCup_r_bind_fk_follow","cat":"step","ph":"X","ts":110542,"dur":1,"pid":1,"tid":0},
{"name":"ComposeSubtree /Biped/Rig/Joints/ankle_l_pivot/bankIn_l_pivot/bankOut_l_pivot/heel_l_pivot/ball_l_pivot","cat":"step","ph":"X","ts":110574,"dur":1,"pid":1,"tid":12},
{"name":"ComposeSubtree /Biped/Rig/Joints/ankle_l_pivot/bankIn_l_pivot/bankOut_l_pivot/heel_l_pivot/ball_l_pivot/toe_l_pivot/ballRoll_l_pivot","cat":"step","ph":"X","ts":110584,"dur":1,"pid":1,"tid":0},
{"name":"ComposeSubtree /Biped/Rig/Joints/ankle_r_pivot/bankIn_r_pivot/bankOut_r_pivot","cat":"step","ph":"X","ts":110548,"dur":1,"pid":1,"tid":0},
{"name":"ComposeSubtree /Biped/Rig/Joints/hips_bind","cat":"step","ph":"X","ts":110543,"dur":1,"pid":1,"tid":0},
{"name":"ComposeSubtree /Biped/Rig/Joints/hips_bind/pelvis_l_bind/thigh_l_bind/knee_l_bind/ankleTwist_l_bind","cat":"step","ph":"X","ts":110558,"dur":1,"pid":1,"tid":0},
{"name":"ComposeSubtree /Biped/Rig/Joints/hips_bind/pelvis_l_bind/thigh_l_bind/knee_l_bind/ankle_l_bind/ball_l_bind/toe1_001_l_bind/toe1_002_l_bind","cat":"step","ph":"X","ts":110625,"dur":1,"pid":1,"tid":14},
{"name":"ComposeSubtree /Biped/Rig/Joints/hips_bind/pelvis_l_bind/thigh_l_bind/knee_l_bind/ankle_l_bind/ball_l_bind/toe1_001_l_bind/toe1_002_l_bind/toe1_003_l_bind","cat":"step","ph":"X","ts":110666,"dur":2,"pid":1,"tid":4},
{"name":"ComposeSubtree /Biped/Rig/Joints/hips_bind/pelvis_l_bind/thigh_l_bind/knee_l_bind/ankle_l_bind/ball_l_bind/toe2_001_l_bind","cat":"step","ph":"X","ts":110626,"dur":2,"pid":1,"tid":14},
{"name":"ComposeSubtree /Biped/Rig/Joints/hips_bind/pelvis_l_bind/thigh_l_bind/knee_l_bind/ankle_l_bind/ball_l_bind/toe2_001_l_bind/toe2_002_l_bind/toe2_003_l_bind","cat":"step","ph":"X","ts":110668,"dur":2,"pid":1,"tid":4},
{"name":"ComposeSubtree /Biped/Rig/Joints/hips_bind/pelvis_l_bind/thigh_l_bind/knee_l_bind/ankle_l_bind/ball_l_bind/toe3_001_l_bind","cat":"step","ph":"X","ts":110628,"dur":2,"pid":1,"tid":14},
{"name":"ComposeSubtree /Biped/Rig/Joints/hips_bind/pelvis_l_bind/thigh_l_bind/knee_l_bind/ankle_l_bind/ball_l_bind/toe3_001_l_bind/toe3_002_l_bind/toe3_003_l_bind","cat":"step","ph":"X","ts":110670,"dur":2,"pid":1,"tid":4},
{"name":"ComposeSubtree /Biped/Rig/Joints/hips_bind/pelvis_l_bind/thigh_l_bind/knee_l_bind/ankle_l_bind/ball_l_bind/toe4_001_l_bind","cat":"step","ph":"X","ts":110630,"dur":2,"pid":1,"tid":14},
{"name":"ComposeSubtree /Biped/Rig/Joints/hips_bind/pelvis_l_bind/thigh_l_bind/knee_l_bind/ankle_l_bind/ball_l_bind/toe4_001_l_bind/toe4_002_l_bind/toe4_003_l_bind","cat":"step","ph":"X","ts":110672,"dur":2,"pid":1,"tid":4},
{"name":"ComposeSubtree /Biped/Rig/Joints/hips_bind/pelvis_l_bind/thigh_l_bind/knee_l_bind/ankle_l_bind/ball_l_bind/toe5_001_l_bind","cat":"step","ph":"X","ts":110632,"dur":2,"pid":1,"tid":14},
{"name":"ComposeSubtree /Biped/Rig/Joints/hips_bind/pelvis_l_bind/thigh_l_bind/knee_l_bind/ankle_l_bind/ball_l_bind/toe5_001_l_bind/toe5_002_l_bind/toe5_003_l_bind","cat":"step","ph":"X","ts":110674,"dur":2,"pid":1,"tid":4},
{"name":"ComposeSubtree /Biped/Rig/Joints/hips_bind/pelvis_l_bind/thigh_l_bind/knee_l_bind/ankle_l_bind/ball_l_bind/toe_l_bind","cat":"step","ph":"X","ts":110634,"dur":1,"pid":1,"tid":14},
{"name":"ComposeSubtree /Biped/Rig/Joints/hips_bind/pelvis_r_bind","cat":"step","ph":"X","ts":110549,"dur":1,"pid":1,"tid":0},
{"name":"ComposeSubtree /Biped/Rig/Joints/hips_bind/pelvis_r_bind/pelvis_trans_r_bind","cat":"step","ph":"X","ts":110559,"dur":1,"pid":1,"tid":0},
{"name":"ComposeSubtree /Biped/Rig/Joints/hips_bind/pelvis_r_bind/pelvis_trans_r_bind/thigh_r_driver","cat":"step","ph":"X","ts":110585,"dur":1,"pid":1,"tid":0},
{"name":"ComposeSubtree /Biped/Rig/Joints/hips_bind/pelvis_r_bind/thigh_r_bind/knee_r_bind/ankle_r_bind/ball_r_bind","cat":"step","ph":"X","ts":110636,"dur":1,"pid":1,"tid":14},
{"name":"ComposeSubtree /Biped/Rig/Joints/hips_bind/pelvis_r_bind/thigh_r_bind/knee_r_bind/ankle_r_bind/ball_r_bind/toe1_001_r_bind/toe1_002_r_bind","cat":"step","ph":"X","ts":110676,"dur":1,"pid":1,"tid":4},
{"name":"ComposeSubtree /Biped/Rig/Joints/hips_bind/pelvis_r_bind/thigh_r_bind/knee_r_bind/ankle_r_bind/ball_r_bind/toe2_001_r_bind","cat":"step","ph":"X","ts":110677,"dur":2,"pid":1,"tid":4},
{"name":"ComposeSubtree /Biped/Rig/Joints/hips_bind/pelvis_r_bind/thigh_r_bind/knee_r_bind/ankle_r_bind/ball_r_bind/toe2_001_r_bind/toe2_002_r_bind/toe2_003_r_bind","cat":"step","ph":"X","ts":110704,"dur":1,"pid":1,"tid":4},
{"name":"ComposeSubtree /Biped/Rig/Joints/hips_bind/pelvis_r_bind/thigh_r_bind/knee_r_bind/ankle_r_bind/ball_r_bind/toe3_001_r_bind","cat":"step","ph":"X","ts":110679,"dur":2,"pid":1,"tid":4},
{"name":"ComposeSubtree /Biped/Rig/Joints/hips_bind/pelvis_r_bind/thigh_r_bind/knee_r_bind/ankle_r_bind/ball_r_bind/toe4_001_r_bind","cat":"step","ph":"X","ts":110681,"dur":2,"pid":1,"tid":4},
{"name":"ComposeSubtree /Biped/Rig/Joints/hips_bind/pelvis_r_bind/thigh_r_bind/knee_r_bind/ankle_r_bind/ball_r_bind/toe5_001_r_bind","cat":"step","ph":"X","ts":110683,"dur":1,"pid":1,"tid":4},
{"name":"ComposeSubtree /Biped/Rig/Joints/hips_bind/pelvis_r_bind/thigh_r_bind/knee_r_bind/ankle_r_bind/ball_r_bind/toe_r_bind","cat":"step","ph":"X","ts":110684,"dur":2,"pid":1,"tid":4},
{"name":"ComposeSubtree /Biped/Rig/Joints/hips_bind/pelvis_r_bind/thigh_r_bind/knee_r_bind/kneeTwist_r_bind","cat":"step","ph":"X","ts":110586,"dur":1,"pid":1,"tid":0},
{"name":"ComposeSubtree /Biped/Rig/Joints/hips_bind/spine_0_bind/spine_1_bind/spine_2_bind/spine_3_bind/spine_4_bind/spine_5_bind/chest_bind","cat":"step","ph":"X","ts":110637,"dur":2,"pid":1,"tid":14},
{"name":"ComposeSubtree /Biped/Rig/Joints/hips_bind/spine_0_bind/spine_1_bind/spine_2_bind/spine_3_bind/spine_4_bind/spine_5_bind/chest_bind/clavicle_l_bind/clavicle_trans_combo_l_driver","cat":"step","ph":"X","ts":110686,"dur":2,"pid":1,"tid":4},
{"name":"ComposeSubtree /Biped/Rig/Joints/hips_bind/spine_0_bind/spine_1_bind/spine_2_bind/spine_3_bind/spine_4_bind/spine_5_bind/chest_bind/clavicle_l_bind/clavicle_trans_l_bind/shoulder_l_driver","cat":"step","ph":"X","ts":110705,"dur":1,"pid":1,"tid":4},
{"name":"ComposeSubtree /Biped/Rig/Joints/hips_bind/spine_0_bind/spine_1_bind/spine_2_bind/spine_3_bind/spine_4_bind/spine_5_bind/chest_bind/clavicle_l_bind/shoulderNoTwist_l_bind","cat":"step","ph":"X","ts":110688,"dur":2,"pid":1,"tid":4},
{"name":"ComposeSubtree /Biped/Rig/Joints/hips_bind/spine_0_bind/spine_1_bind/spine_2_bind/spine_3_bind/spine_4_bind/spine_5_bind/chest_bind/clavicle_l_bind/shoulder_l_bind","cat":"step","ph":"X","ts":110690,"dur":2,"pid":1,"tid":4},
{"name":"ComposeSubtree /Biped/Rig/Joints/hips_bind/spine_0_bind/spine_1_bind/spine_2_bind/spine_3_bind/spine_4_bind/spine_5_bind/chest_bind/clavicle_l_bind/shoulder_l_bind/elbow_l_bind/wristTwist_l_driver","cat":"step","ph":"X","ts":110706,"dur":1,"pid":1,"tid":4},
{"name":"ComposeSubtree /Biped/Rig/Joints/hips_bind/spine_0_bind/spine_1_bind/spine_2_bind/spine_3_bind/spine_4_bind/spine_5_bind/chest_bind/clavicle_l_bind/shoulder_l_bind/elbow_l_bind/wrist_l_bind/index_001_l_bind/index_002_l_bind","cat":"step","ph":"X","ts":110726,"dur":1,"pid":1,"tid":16},
{"name":"ComposeSubtree /Biped/Rig/Joints/hips_bind/spine_0_bind/spine_1_bind/spine_2_bind/spine_3_bind/spine_4_bind/spine_5_bind/chest_bind/clavicle_l_bind/shoulder_l_bind/elbow_l_bind/wrist_l_bind/index_001_l_bind/index_002_l_bind/index_003_l_bind/index_004_l_bind","cat":"step","ph":"X","ts":110736,"dur":1,"pid":1,"tid":4},
{"name":"ComposeSubtree /Biped/Rig/Joints/hips_bind/spine_0_bind/spine_1_bind/spine_2_bind/spine_3_bind/spine_4_bind/spine_5_bind/chest_bind/clavicle_l_bind/shoulder_l_bind/elbow_l_bind/wrist_l_bind/pinkyCup_l_bind","cat":"step","ph":"X","ts":110712,"dur":1,"pid":1,"tid":15},
{"name":"ComposeSubtree /Biped/Rig/Joints/hips_bind/spine_0_bind/spine_1_bind/spine_2_bind/spine_3_bind/spine_4_bind/spine_5_bind/chest_bind/clavicle_l_bind/shoulder_l_bind/elbow_l_bind/wrist_l_bind/pinkyCup_l_bind/pinky_001_l_bind/pinky_002_l_bind/pinky_003_l_bind","cat":"step","ph":"X","ts":110737,"dur":1,"pid":1,"tid":4},
{"name":"ComposeSubtree /Biped/Rig/Joints/hips_bind/spine_0_bind/spine_1_bind/spine_2_bind/spine_3_bind/spine_4_bind/spine_5_bind/chest_bind/clavicle_l_bind/shoulder_l_bind/elbow_l_bind/wrist_l_bind/pinkyCup_l_bind/pinky_001_l_bind/pinky_002_l_bind/pinky_003_l_bind/pinky_004_l_bind","cat":"step","ph":"X","ts":110768,"dur":1,"pid":1,"tid":5},
{"name":"ComposeSubtree /Biped/Rig/Joints/hips_bind/spine_0_bind/spine_1_bind/spine_2_bind/spine_3_bind/spine_4_bind/spine_5_bind/chest_bind/clavicle_l_bind/shoulder_l_bind/elbow_l_bind/wrist_l_bind/ring_001_l_bind/ring_002_l_bind","cat":"step","ph":"X","ts":110727,"dur":1,"pid":1,"tid":16},
{"name":"ComposeSubtree /Biped/Rig/Joints/hips_bind/spine_0_bind/spine_1_bind/spine_2_bind/spine_3_bind/spine_4_bind/spine_5_bind/chest_bind/clavicle_r_bind","cat":"step","ph":"X","ts":110692,"dur":3,"pid":1,"tid":4},
{"name":"ComposeSubtree /Biped/Rig/Joints/hips_bind/spine_0_bind/spine_1_bind/spine_2_bind/spine_3_bind/spine_4_bind/spine_5_bind/chest_bind/clavicle_r_bind/clavicle_trans_r_bind/shoulder_r_driver","cat":"step","ph":"X","ts":110713,"dur":1,"pid":1,"tid":15},
{"name":"ComposeSubtree /Biped/Rig/Joints/hips_bind/spine_0_bind/spine_1_bind/spine_2_bind/spine_3_bind/spine_4_bind/spine_5_bind/chest_bind/clavicle_r_bind/shoulder_r_bind","cat":"step","ph":"X","ts":110700,"dur":1,"pid":1,"tid":4},
{"name":"ComposeSubtree /Biped/Rig/Joints/hips_bind/spine_0_bind/spine_1_bind/spine_2_bind/spine_3_bind/spine_4_bind/spine_5_bind/chest_bind/clavicle_r_bind/shoulder_r_bind/elbow_r_bind/wristTwist_r_driver","cat":"step","ph":"X","ts":110714,"dur":1,"pid":1,"tid":15},
{"name":"ComposeSubtree /Biped/Rig/Joints/hips_bind/spine_0_bind/spine_1_bind/spine_2_bind/spine_3_bind/spine_4_bind/spine_5_bind/chest_bind/clavicle_r_bind/shoulder_r_bind/elbow_r_bind/wrist_r_bind/index_001_r_bind","cat":"step","ph":"X","ts":110728,"dur":1,"pid":1,"tid":16},
{"name":"ComposeSubtree /Biped/Rig/Joints/hips_bind/spine_0_bind/spine_1_bind/spine_2_bind/spine_3_bind/spine_4_bind/spine_5_bind/chest_bind/clavicle_r_bind/shoulder_r_bind/elbow_r_bind/wrist_r_bind/index_001_r_bind/index_002_r_bind","cat":"step","ph":"X","ts":110738,"dur":1,"pid":1,"tid":4},
{"name":"ComposeSubtree /Biped/Rig/Joints/hips_bind/spine_0_bind/spine_1_bind/spine_2_bind/spine_3_bind/spine_4_bind/spine_5_bind/chest_bind/clavicle_r_bind/shoulder_r_bind/elbow_r_bind/wrist_r_bind/pinkyCup_r_bind/pinky_001_r_bind/pinky_002_r_bind/pinky_003_r_bind","cat":"step","ph":"X","ts":110769,"dur":1,"pid":1,"tid":5},
{"name":"ComposeSubtree /Biped/Rig/Joints/hips_bind/spine_0_bind/spine_1_bind/spine_2_bind/spine_3_bind/spine_4_bind/spine_5_bind/chest_bind/clavicle_r_bind/shoulder_r_bind/elbow_r_bind/wrist_r_bind/pinkyCup_r_bind/pinky_001_r_bind/pinky_002_r_bind/pinky_003_r_bind/pinky_004_r_bind","cat":"step","ph":"X","ts":110784,"dur":1,"pid":1,"tid":5},
{"name":"ComposeSubtree /Biped/Rig/Joints/hips_bind/spine_0_bind/spine_1_bind/spine_2_bind/spine_3_bind/spine_4_bind/spine_5_bind/chest_bind/clavicle_r_bind/shoulder_r_bind/elbow_r_bind/wrist_r_bind/ring_001_r_bind","cat":"step","ph":"X","ts":110729,"dur":1,"pid":1,"tid":16},
{"name":"ComposeSubtree /Biped/Rig/Joints/hips_bind/spine_0_bind/spine_1_bind/spine_2_bind/spine_3_bind/spine_4_bind/spine_5_bind/chest_bind/neck_base_bind/neck_0_bind/neck_1_bind/neck_2_bind/neck_3_bind/skull_bind/face_lower_bind/face_mid_bind/nose_bridge_bind","cat":"step","ph":"X","ts":110740,"dur":1,"pid":1,"tid":4},
{"name":"ComposeSubtree /Biped/Rig/Joints/hips_bind/spine_0_bind/spine_1_bind/spine_2_bind/spine_3_bind/spine_4_bind/spine_5_bind/chest_bind/neck_base_bind/neck_0_bind/neck_1_bind/neck_2_bind/neck_3_bind/skull_bind/face_lower_bind/jaw_bind/jaw_end","cat":"step","ph":"X","ts":110770,"dur":1,"pid":1,"tid":5},
{"name":"ComposeSubtree /Biped/Rig/Joints/hips_bind/spine_0_bind/spine_1_bind/spine_2_bind/spine_3_bind/spine_4_bind/spine_5_bind/chest_bind/neck_base_bind/neck_0_bind/neck_1_bind/neck_2_bind/neck_3_bind/skull_bind/face_upper_bind","cat":"step","ph":"X","ts":110730,"dur":1,"pid":1,"tid":16},
{"name":"ComposeSubtree /Biped/Rig/Joints/hips_bind/spine_0_bind/spine_1_bind/spine_2_bind/spine_3_bind/spine_4_bind/spine_5_bind/chest_bind/neck_base_bind/neck_0_bind/neck_1_bind/neck_2_bind/neck_3_bind/skull_bind/face_upper_bind/eyeSocket_r_bind","cat":"step","ph":"X","ts":110741,"dur":1,"pid":1,"tid":4},
{"name":"ComposeSubtree /Biped/Rig/Joints/hips_bind/spine_0_bind/spine_1_bind/spine_2_bind/spine_3_bind/spine_4_bind/spine_5_bind/chest_bind/neck_base_bind/neck_0_bind/neck_1_bind/neck_2_bind/neck_3_bind/skull_bind/face_upper_bind/head_tip_bind/brow_inner_r_bind","cat":"step","ph":"X","ts":110771,"dur":1,"pid":1,"tid":5},
{"name":"ComposeSubtree /Biped/Rig/Joints/spine_ik_spine_0_bind/spine_ik_spine_1_bind/spine_ik_spine_2_bind","cat":"step","ph":"X","ts":110550,"dur":1,"pid":1,"tid":0},
{"name":"ComposeSubtree /Biped/Rig/Joints/spine_ik_spine_0_bind/spine_ik_spine_1_bind/spine_ik_spine_2_bind/spine_ik_spine_3_bind/spine_ik_spine_4_bind","cat":"step","ph":"X","ts":110560,"dur":1,"pid":1,"tid":0},
{"name":"Solve /Biped/Rig/Solvers/arm_l_fkChain","cat":"step","ph":"X","ts":110695,"dur":1,"pid":1,"tid":4},
{"name":"Solve /Biped/Rig/Solvers/arm_l_twoBoneIk","cat":"step","ph":"X","ts":110640,"dur":4,"pid":1,"tid":14},
{"name":"SolverCommit batch 1","cat":"step","ph":"X","ts":110647,"dur":1,"pid":1,"tid":14},
{"name":"Solve /Biped/Rig/Solvers/arm_r_fkChain","cat":"step","ph":"X","ts":110701,"dur":1,"pid":1,"tid":4},
{"name":"Solve /Biped/Rig/Solvers/arm_r_twoBoneIk","cat":"step","ph":"X","ts":110596,"dur":1,"pid":1,"tid":0},
{"name":"SolverCommit batch 3","cat":"step","ph":"X","ts":110648,"dur":1,"pid":1,"tid":14},
{"name":"Solve /Biped/Rig/Solvers/leg_l_fkChain","cat":"step","ph":"X","ts":110597,"dur":1,"pid":1,"tid":0},
{"name":"Solve /Biped/Rig/Solvers/leg_r_fkChain","cat":"step","ph":"X","ts":110649,"dur":2,"pid":1,"tid":14},
{"name":"Solve /Biped/Rig/Solvers/neck_splineIk","cat":"step","ph":"X","ts":110651,"dur":7,"pid":1,"tid":14},
{"name":"Solve /Biped/Rig/Solvers/spine_splineIk","cat":"step","ph":"X","ts":110587,"dur":9,"pid":1,"tid":0},
{"name":"SolverCommit batch 7","cat":"step","ph":"X","ts":110598,"dur":1,"pid":1,"tid":0},
{"name":"Solve /Biped/Rig/Solvers/arm_r_ikfk","cat":"step","ph":"X","ts":110715,"dur":1,"pid":1,"tid":15},
{"name":"SolverCommit batch 8","cat":"step","ph":"X","ts":110731,"dur":1,"pid":1,"tid":16},
{"name":"SolverCommit batch 9","cat":"step","ph":"X","ts":110708,"dur":1,"pid":1,"tid":4},
{"name":"Constraint /Biped/Rig/Movers/spine_mid_follow/spine_mid_follow_pos","cat":"step","ph":"X","ts":110576,"dur":5,"pid":1,"tid":12},
{"name":"Solve /Biped/Rig/Solvers/fk_thumb_r","cat":"step","ph":"X","ts":110742,"dur":1,"pid":1,"tid":4},
{"name":"Solve /Biped/Rig/Solvers/fk_ring_r","cat":"step","ph":"X","ts":110738,"dur":2,"pid":1,"tid":5},
{"name":"SolverCommit batch 12","cat":"step","ph":"X","ts":110785,"dur":1,"pid":1,"tid":5},
{"name":"Solve /Biped/Rig/Solvers/fk_pinky_r","cat":"step","ph":"X","ts":110740,"dur":1,"pid":1,"tid":5},
{"name":"SolverCommit batch 13","cat":"step","ph":"X","ts":110792,"dur":1,"pid":1,"tid":0},
{"name":"Solve /Biped/Rig/Solvers/fk_middle_r","cat":"step","ph":"X","ts":110741,"dur":1,"pid":1,"tid":5},
{"name":"SolverCommit batch 14","cat":"step","ph":"X","ts":110786,"dur":1,"pid":1,"tid":5},
{"name":"Solve /Biped/Rig/Solvers/fk_index_r","cat":"step","ph":"X","ts":110745,"dur":1,"pid":1,"tid":15},
{"name":"Solve /Biped/Rig/Solvers/fk_thumb_l","cat":"step","ph":"X","ts":110732,"dur":2,"pid":1,"tid":16},
{"name":"SolverCommit batch 16","cat":"step","ph":"X","ts":110772,"dur":1,"pid":1,"tid":5},
{"name":"Solve /Biped/Rig/Solvers/fk_ring_l","cat":"step","ph":"X","ts":110734,"dur":1,"pid":1,"tid":16},
{"name":"Solve /Biped/Rig/Solvers/fk_pinky_l","cat":"step","ph":"X","ts":110712,"dur":3,"pid":1,"tid":16},
{"name":"SolverCommit batch 18","cat":"step","ph":"X","ts":110787,"dur":1,"pid":1,"tid":5},
{"name":"Solve /Biped/Rig/Solvers/fk_middle_l","cat":"step","ph":"X","ts":110715,"dur":1,"pid":1,"tid":16},
{"name":"Solve /Biped/Rig/Solvers/fk_index_l","cat":"step","ph":"X","ts":110716,"dur":1,"pid":1,"tid":16},
{"name":"SolverCommit batch 20","cat":"step","ph":"X","ts":110774,"dur":1,"pid":1,"tid":5},
{"name":"Constraint /Biped/Rig/Movers/spine_mid_follow/spine_mid_follow_aim","cat":"step","ph":"X","ts":110599,"dur":4,"pid":1,"tid":0},
{"name":"Constraint /Biped/Rig/Movers/hand_r_follow/thumbCup_r_bind_fk_follow_to_wrist_r_bind","cat":"step","ph":"X","ts":110746,"dur":3,"pid":1,"tid":15},
{"name":"Constraint /Biped/Rig/Movers/hand_r_follow/ring_001_r_bind_fk_follow_to_wrist_r_bind","cat":"step","ph":"X","ts":110749,"dur":2,"pid":1,"tid":15},
{"name":"Constraint /Biped/Rig/Movers/hand_r_follow/pinkyCup_r_bind_fk_follow_to_wrist_r_bind","cat":"step","ph":"X","ts":110751,"dur":3,"pid":1,"tid":5},
{"name":"Constraint /Biped/Rig/Movers/hand_r_follow/middle_001_r_bind_fk_follow_to_wrist_r_bind","cat":"step","ph":"X","ts":110754,"dur":2,"pid":1,"tid":5},
{"name":"Constraint /Biped/Rig/Movers/hand_r_follow/index_001_r_bind_fk_follow_to_wrist_r_bind","cat":"step","ph":"X","ts":110756,"dur":3,"pid":1,"tid":5},
{"name":"Constraint /Biped/Rig/Movers/hand_l_follow/thumbCup_l_bind_fk_follow_to_wrist_l_bind","cat":"step","ph":"X","ts":110720,"dur":7,"pid":1,"tid":5},
{"name":"Constraint /Biped/Rig/Movers/hand_l_follow/ring_001_l_bind_fk_follow_to_wrist_l_bind","cat":"step","ph":"X","ts":110727,"dur":3,"pid":1,"tid":5},
{"name":"Constraint /Biped/Rig/Movers/hand_l_follow/pinkyCup_l_bind_fk_follow_to_wrist_l_bind","cat":"step","ph":"X","ts":110730,"dur":3,"pid":1,"tid":5},
{"name":"Constraint /Biped/Rig/Movers/hand_l_follow/middle_001_l_bind_fk_follow_to_wrist_l_bind","cat":"step","ph":"X","ts":110717,"dur":3,"pid":1,"tid":15},
{"name":"Constraint /Biped/Rig/Movers/hand_l_follow/index_001_l_bind_fk_follow_to_wrist_l_bind","cat":"step","ph":"X","ts":110720,"dur":3,"pid":1,"tid":15},
{"name":"Constraint /Biped/Rig/Movers/bankIn_r_pivot_rc/bankIn_r_pivot_rotation","cat":"step","ph":"X","ts":110723,"dur":4,"pid":1,"tid":15},
{"name":"Constraint /Biped/Rig/Movers/bankOut_r_pivot_rc/bankOut_r_pivot_rotation","cat":"step","ph":"X","ts":110759,"dur":3,"pid":1,"tid":5},
{"name":"Constraint /Biped/Rig/Movers/ballRoll_r_up_rc/ballRoll_r_up_rotation","cat":"step","ph":"X","ts":110793,"dur":2,"pid":1,"tid":0},
{"name":"Constraint /Biped/Rig/Movers/ballRoll_r_down_rc/ballRoll_r_down_rotation","cat":"step","ph":"X","ts":110799,"dur":1,"pid":1,"tid":0},
{"name":"SolverCommit batch 39","cat":"step","ph":"X","ts":110815,"dur":4,"pid":1,"tid":0},
{"name":"Constraint /Biped/Rig/Movers/ankle_r_bind_scAim/ankle_r_bind_aim","cat":"step","ph":"X","ts":110837,"dur":4,"pid":1,"tid":0},
{"name":"Constraint /Biped/Rig/Movers/ball_r_bind_scAim/ball_r_bind_aim","cat":"step","ph":"X","ts":110855,"dur":6,"pid":1,"tid":17},
{"name":"Constraint /Biped/Rig/Movers/bankIn_l_pivot_rc/bankIn_l_pivot_rotation","cat":"step","ph":"X","ts":110709,"dur":2,"pid":1,"tid":4},
{"name":"Constraint /Biped/Rig/Movers/heel_l_roll_rc/heel_l_roll_rotation","cat":"step","ph":"X","ts":110747,"dur":5,"pid":1,"tid":16},
{"name":"Constraint /Biped/Rig/Movers/toe_l_roll_rc/toe_l_roll_rotation","cat":"step","ph":"X","ts":110756,"dur":1,"pid":1,"tid":16},
{"name":"Constraint /Biped/Rig/Movers/ballRoll_l_up_rc/ballRoll_l_up_rotation","cat":"step","ph":"X","ts":110788,"dur":1,"pid":1,"tid":5},
{"name":"Constraint /Biped/Rig/Movers/ballRoll_l_down_rc/ballRoll_l_down_rotation","cat":"step","ph":"X","ts":110795,"dur":1,"pid":1,"tid":0},
{"name":"Solve /Biped/Rig/Solvers/leg_l_ikfk","cat":"step","ph":"X","ts":110806,"dur":1,"pid":1,"tid":0},
{"name":"SolverCommit batch 49","cat":"step","ph":"X","ts":110809,"dur":4,"pid":1,"tid":0},
{"name":"Constraint /Biped/Rig/Movers/ankle_l_bind_scAim/ankle_l_bind_aim","cat":"step","ph":"X","ts":110819,"dur":4,"pid":1,"tid":0},
{"name":"Constraint /Biped/Rig/Movers/ball_l_bind_scAim/ball_l_bind_aim","cat":"step","ph":"X","ts":110841,"dur":3,"pid":1,"tid":0},
{"name":"Constraint /Biped/Rig/Movers/hips_follow/spine_root_ctl_drives_hips_bind","cat":"step","ph":"X","ts":110561,"dur":4,"pid":1,"tid":0},
{"name":"PropagateChunk /Biped/Rig/Movers/hips_follow/spine_root_ctl_drives_hips_bind","cat":"step","ph":"X","ts":110800,"dur":4,"pid":1,"tid":0},
{"name":"CommitApply /Biped/Rig/Movers/hips_follow/spine_root_ctl_drives_hips_bind","cat":"step","ph":"X","ts":110807,"dur":1,"pid":1,"tid":0},
{"name":"Constraint /Biped/Rig/Movers/hips_follow/spine_root_ctl_scales_hips_bind","cat":"step","ph":"X","ts":110813,"dur":2,"pid":1,"tid":0},
{"name":"PropagateChunk /Biped/Rig/Movers/hips_follow/spine_root_ctl_scales_hips_bind","cat":"step","ph":"X","ts":110844,"dur":4,"pid":1,"tid":0},
{"name":"CommitApply /Biped/Rig/Movers/hips_follow/spine_root_ctl_scales_hips_bind","cat":"step","ph":"X","ts":110861,"dur":1,"pid":1,"tid":17},
{"name":"Constraint /Biped/Rig/Movers/spine_to_bind/spine_ik_spine_0_bind_scale_to_spine_0_bind","cat":"step","ph":"X","ts":110871,"dur":6,"pid":1,"tid":18},
{"name":"Constraint /Biped/Rig/Movers/spine_to_bind/spine_ik_spine_0_bind_to_spine_0_bind","cat":"step","ph":"X","ts":110885,"dur":9,"pid":1,"tid":8},
{"name":"Constraint /Biped/Rig/Movers/spine_to_bind/spine_ik_spine_1_bind_scale_to_spine_1_bind","cat":"step","ph":"X","ts":110897,"dur":5,"pid":1,"tid":17},
{"name":"Constraint /Biped/Rig/Movers/spine_to_bind/spine_ik_spine_1_bind_to_spine_1_bind","cat":"step","ph":"X","ts":110909,"dur":5,"pid":1,"tid":17},
{"name":"Constraint /Biped/Rig/Movers/spine_to_bind/spine_ik_spine_2_bind_scale_to_spine_2_bind","cat":"step","ph":"X","ts":110920,"dur":4,"pid":1,"tid":17},
{"name":"Constraint /Biped/Rig/Movers/spine_to_bind/spine_ik_spine_2_bind_to_spine_2_bind","cat":"step","ph":"X","ts":110929,"dur":5,"pid":1,"tid":17},
{"name":"Constraint /Biped/Rig/Movers/spine_to_bind/spine_ik_spine_3_bind_scale_to_spine_3_bind","cat":"step","ph":"X","ts":110934,"dur":4,"pid":1,"tid":17},
{"name":"Constraint /Biped/Rig/Movers/spine_to_bind/spine_ik_spine_3_bind_to_spine_3_bind","cat":"step","ph":"X","ts":110939,"dur":5,"pid":1,"tid":17},
{"name":"Constraint /Biped/Rig/Movers/spine_to_bind/spine_ik_spine_4_bind_scale_to_spine_4_bind","cat":"step","ph":"X","ts":110944,"dur":4,"pid":1,"tid":17},
{"name":"Constraint /Biped/Rig/Movers/spine_to_bind/spine_ik_spine_4_bind_to_spine_4_bind","cat":"step","ph":"X","ts":110948,"dur":5,"pid":1,"tid":17},
{"name":"Constraint /Biped/Rig/Movers/spine_to_bind/spine_ik_spine_5_bind_scale_to_spine_5_bind","cat":"step","ph":"X","ts":110953,"dur":4,"pid":1,"tid":17},
{"name":"Constraint /Biped/Rig/Movers/spine_to_bind/spine_ik_spine_5_bind_to_spine_5_bind","cat":"step","ph":"X","ts":110957,"dur":5,"pid":1,"tid":17},
{"name":"Constraint /Biped/Rig/Movers/spine_to_bind/spine_ik_chest_bind_scale_to_chest_bind","cat":"step","ph":"X","ts":110962,"dur":4,"pid":1,"tid":17},
{"name":"Constraint /Biped/Rig/Movers/spine_to_bind/spine_ik_chest_bind_to_chest_bind","cat":"step","ph":"X","ts":110966,"dur":5,"pid":1,"tid":17},
{"name":"Constraint /Biped/Rig/Movers/girdles/spine_end_ctl_drives_chest_bind","cat":"step","ph":"X","ts":110971,"dur":5,"pid":1,"tid":17},
{"name":"Constraint /Biped/Rig/Movers/girdles/pelvis_r_ctl_drives_pelvis_r_bind","cat":"step","ph":"X","ts":110877,"dur":2,"pid":1,"tid":18},
{"name":"Constraint /Biped/Rig/Movers/girdles/pelvis_l_ctl_drives_pelvis_l_bind","cat":"step","ph":"X","ts":110879,"dur":1,"pid":1,"tid":18},
{"name":"Constraint /Biped/Rig/Movers/girdles/clavicle_r_ctl_drives_clavicle_r_bind","cat":"step","ph":"X","ts":110976,"dur":1,"pid":1,"tid":17},
{"name":"Constraint /Biped/Rig/Movers/girdles/clavicle_l_ctl_drives_clavicle_l_bind","cat":"step","ph":"X","ts":110977,"dur":1,"pid":1,"tid":17},
{"name":"Constraint /Biped/Rig/Movers/girdles/spine_end_ctl_unsquashes_neck_base_bind","cat":"step","ph":"X","ts":110978,"dur":4,"pid":1,"tid":17},
{"name":"Constraint /Biped/Rig/Movers/girdles/clavicle_r_ctl_unsquashes_clavicle_r_bind","cat":"step","ph":"X","ts":110982,"dur":2,"pid":1,"tid":17},
{"name":"Constraint /Biped/Rig/Movers/girdles/clavicle_l_ctl_unsquashes_clavicle_l_bind","cat":"step","ph":"X","ts":110984,"dur":1,"pid":1,"tid":17},
{"name":"Constraint /Biped/Rig/Movers/neck_to_bind/neck_ik_neck_0_bind_scale_to_neck_0_bind","cat":"step","ph":"X","ts":110985,"dur":3,"pid":1,"tid":17},
{"name":"Constraint /Biped/Rig/Movers/neck_to_bind/neck_ik_neck_0_bind_to_neck_0_bind","cat":"step","ph":"X","ts":110994,"dur":4,"pid":1,"tid":17},
{"name":"Constraint /Biped/Rig/Movers/neck_to_bind/neck_ik_neck_1_bind_scale_to_neck_1_bind","cat":"step","ph":"X","ts":111004,"dur":3,"pid":1,"tid":17},
{"name":"Constraint /Biped/Rig/Movers/neck_to_bind/neck_ik_neck_1_bind_to_neck_1_bind","cat":"step","ph":"X","ts":111011,"dur":4,"pid":1,"tid":17},
{"name":"Constraint /Biped/Rig/Movers/neck_to_bind/neck_ik_neck_2_bind_scale_to_neck_2_bind","cat":"step","ph":"X","ts":111021,"dur":3,"pid":1,"tid":17},
{"name":"Constraint /Biped/Rig/Movers/neck_to_bind/neck_ik_neck_2_bind_to_neck_2_bind","cat":"step","ph":"X","ts":111029,"dur":4,"pid":1,"tid":17},
{"name":"Constraint /Biped/Rig/Movers/neck_to_bind/neck_ik_neck_3_bind_scale_to_neck_3_bind","cat":"step","ph":"X","ts":111033,"dur":3,"pid":1,"tid":17},
{"name":"Constraint /Biped/Rig/Movers/neck_to_bind/neck_ik_neck_3_bind_to_neck_3_bind","cat":"step","ph":"X","ts":111036,"dur":3,"pid":1,"tid":17},
{"name":"Constraint /Biped/Rig/Movers/neck_to_bind/neck_ik_skull_bind_scale_to_skull_bind","cat":"step","ph":"X","ts":111040,"dur":2,"pid":1,"tid":17},
{"name":"Constraint /Biped/Rig/Movers/neck_to_bind/neck_ik_skull_bind_to_skull_bind","cat":"step","ph":"X","ts":111042,"dur":4,"pid":1,"tid":17},
{"name":"Constraint /Biped/Rig/Movers/twist_aims/wristTwist_r_bind_copy","cat":"step","ph":"X","ts":110752,"dur":2,"pid":1,"tid":16},
{"name":"Constraint /Biped/Rig/Movers/twist_aims/wristTwist_r_bind_aim","cat":"step","ph":"X","ts":110757,"dur":2,"pid":1,"tid":16},
{"name":"Constraint /Biped/Rig/Movers/twist_aims/wristTwist_l_bind_copy","cat":"step","ph":"X","ts":110712,"dur":2,"pid":1,"tid":4},
{"name":"Constraint /Biped/Rig/Movers/twist_aims/wristTwist_l_bind_aim","cat":"step","ph":"X","ts":110754,"dur":2,"pid":1,"tid":16},
{"name":"Constraint /Biped/Rig/Movers/twist_aims/ankleTwist_r_bind_copy","cat":"step","ph":"X","ts":110862,"dur":2,"pid":1,"tid":17},
{"name":"Constraint /Biped/Rig/Movers/twist_aims/ankleTwist_r_bind_aim","cat":"step","ph":"X","ts":110880,"dur":3,"pid":1,"tid":18},
{"name":"Constraint /Biped/Rig/Movers/twist_aims/ankleTwist_l_bind_copy","cat":"step","ph":"X","ts":110848,"dur":3,"pid":1,"tid":0},
{"name":"Constraint /Biped/Rig/Movers/twist_aims/ankleTwist_l_bind_aim","cat":"step","ph":"X","ts":110864,"dur":3,"pid":1,"tid":17},
{"name":"Constraint /Biped/Rig/Movers/twist_aims/ankleTwist_r_bind_follows_ankle_r_bind","cat":"step","ph":"X","ts":110894,"dur":1,"pid":1,"tid":8},
{"name":"Constraint /Biped/Rig/Movers/twist_aims/ankleTwist_l_bind_follows_ankle_l_bind","cat":"step","ph":"X","ts":110870,"dur":1,"pid":1,"tid":17},
{"name":"Constraint /Biped/Rig/Movers/twist_aims/wristTwist_r_bind_follows_wrist_r_bind","cat":"step","ph":"X","ts":110789,"dur":1,"pid":1,"tid":5},
{"name":"Constraint /Biped/Rig/Movers/twist_aims/wristTwist_l_bind_follows_wrist_l_bind","cat":"step","ph":"X","ts":110763,"dur":1,"pid":1,"tid":5},
{"name":"Constraint /Biped/Rig/Movers/twist_aims/shoulderNoTwist_r_bind_follows_shoulder_r_bind","cat":"step","ph":"X","ts":110998,"dur":1,"pid":1,"tid":17},
{"name":"Constraint /Biped/Rig/Movers/twist_aims/pelvis_trans_r_bind_follows_thigh_r_bind","cat":"step","ph":"X","ts":110889,"dur":1,"pid":1,"tid":0},
{"name":"Constraint /Biped/Rig/Movers/twist_aims/pelvis_trans_l_bind_follows_thigh_l_bind","cat":"step","ph":"X","ts":110890,"dur":1,"pid":1,"tid":0},
{"name":"Constraint /Biped/Rig/Movers/twist_aims/clavicle_trans_r_bind_follows_shoulder_r_bind","cat":"step","ph":"X","ts":110992,"dur":1,"pid":1,"tid":17},
{"name":"Constraint /Biped/Rig/Movers/twist_aims/pelvis_trans_r_bind_aim","cat":"step","ph":"X","ts":110902,"dur":2,"pid":1,"tid":17},
{"name":"Constraint /Biped/Rig/Movers/twist_aims/pelvis_trans_l_bind_aim","cat":"step","ph":"X","ts":110904,"dur":2,"pid":1,"tid":17},
{"name":"Constraint /Biped/Rig/Movers/twist_aims/kneeTwist_r_bind_aim","cat":"step","ph":"X","ts":110829,"dur":2,"pid":1,"tid":0},
{"name":"Constraint /Biped/Rig/Movers/twist_aims/kneeTwist_l_bind_aim","cat":"step","ph":"X","ts":110823,"dur":2,"pid":1,"tid":0},
{"name":"Constraint /Biped/Rig/Movers/twist_aims/thighNoTwist_r_bind_aim","cat":"step","ph":"X","ts":110906,"dur":2,"pid":1,"tid":17},
{"name":"Constraint /Biped/Rig/Movers/twist_aims/thighNoTwist_l_bind_aim","cat":"step","ph":"X","ts":110896,"dur":3,"pid":1,"tid":8},
{"name":"Constraint /Biped/Rig/Movers/twist_aims/clavicle_trans_r_bind_aim","cat":"step","ph":"X","ts":111007,"dur":2,"pid":1,"tid":17},
{"name":"Constraint /Biped/Rig/Movers/twist_aims/clavicle_trans_l_bind_aim","cat":"step","ph":"X","ts":111009,"dur":2,"pid":1,"tid":17},
{"name":"Constraint /Biped/Rig/Movers/twist_aims/elbowTwist_r_bind_aim","cat":"step","ph":"X","ts":110736,"dur":4,"pid":1,"tid":16},
{"name":"Constraint /Biped/Rig/Movers/twist_aims/elbowTwist_l_bind_aim","cat":"step","ph":"X","ts":110714,"dur":2,"pid":1,"tid":4},
{"name":"Constraint /Biped/Rig/Movers/twist_aims/shoulderNoTwist_r_bind_aim","cat":"step","ph":"X","ts":110999,"dur":3,"pid":1,"tid":17},
{"name":"Constraint /Biped/Rig/Movers/twist_aims/shoulderNoTwist_l_bind_aim","cat":"step","ph":"X","ts":111002,"dur":1,"pid":1,"tid":17},
{"name":"Constraint /Biped/Rig/Movers/pose_drivers/thigh_r_driver_copies_thigh_r_bind","cat":"step","ph":"X","ts":110915,"dur":2,"pid":1,"tid":17},
{"name":"Constraint /Biped/Rig/Movers/pose_drivers/thigh_l_driver_copies_thigh_l_bind","cat":"step","ph":"X","ts":110917,"dur":2,"pid":1,"tid":17},
{"name":"Constraint /Biped/Rig/Movers/pose_drivers/thigh_r_twist_driver_copies_thighNoTwist_r_bind","cat":"step","ph":"X","ts":110924,"dur":2,"pid":1,"tid":17},
{"name":"Constraint /Biped/Rig/Movers/pose_drivers/thigh_l_twist_driver_copies_thighNoTwist_l_bind","cat":"step","ph":"X","ts":110926,"dur":2,"pid":1,"tid":17},
{"name":"Constraint /Biped/Rig/Movers/pose_drivers/ankleTwist_r_driver_copies_ankleTwist_r_bind","cat":"step","ph":"X","ts":110899,"dur":2,"pid":1,"tid":8},
{"name":"Constraint /Biped/Rig/Movers/pose_drivers/ankleTwist_l_driver_copies_ankleTwist_l_bind","cat":"step","ph":"X","ts":110884,"dur":2,"pid":1,"tid":18},
{"name":"Constraint /Biped/Rig/Movers/pose_drivers/toe_r_driver_copies_ball_r_bind","cat":"step","ph":"X","ts":110871,"dur":3,"pid":1,"tid":17},
{"name":"Constraint /Biped/Rig/Movers/pose_drivers/toe_l_driver_copies_ball_l_bind","cat":"step","ph":"X","ts":110867,"dur":2,"pid":1,"tid":17},
{"name":"Constraint /Biped/Rig/Movers/pose_drivers/knee_r_driver_copies_knee_r_bind","cat":"step","ph":"X","ts":110851,"dur":2,"pid":1,"tid":0},
{"name":"Constraint /Biped/Rig/Movers/pose_drivers/knee_l_driver_copies_knee_l_bind","cat":"step","ph":"X","ts":110831,"dur":3,"pid":1,"tid":0},
{"name":"Constraint /Biped/Rig/Movers/pose_drivers/ankleSwing_r_driver_copies_ankle_r_bind","cat":"step","ph":"X","ts":110902,"dur":2,"pid":1,"tid":8},
{"name":"Constraint /Biped/Rig/Movers/pose_drivers/ankleSwing_l_driver_copies_ankle_l_bind","cat":"step","ph":"X","ts":110886,"dur":2,"pid":1,"tid":18},
{"name":"Constraint /Biped/Rig/Movers/pose_drivers/shoulder_r_driver_copies_shoulder_r_bind","cat":"step","ph":"X","ts":111015,"dur":3,"pid":1,"tid":17},
{"name":"Constraint /Biped/Rig/Movers/pose_drivers/shoulder_l_driver_copies_shoulder_l_bind","cat":"step","ph":"X","ts":111018,"dur":2,"pid":1,"tid":17},
{"name":"Constraint /Biped/Rig/Movers/pose_drivers/wristTwist_r_driver_copies_wristTwist_r_bind","cat":"step","ph":"X","ts":110796,"dur":3,"pid":1,"tid":0},
{"name":"Constraint /Biped/Rig/Movers/pose_drivers/wristTwist_l_driver_copies_wristTwist_l_bind","cat":"step","ph":"X","ts":110776,"dur":2,"pid":1,"tid":5},
{"name":"Constraint /Biped/Rig/Movers/pose_drivers/shoulder_r_twist_driver_copies_shoulderNoTwist_r_bind","cat":"step","ph":"X","ts":111024,"dur":2,"pid":1,"tid":17},
{"name":"Constraint /Biped/Rig/Movers/pose_drivers/shoulder_l_twist_driver_copies_shoulderNoTwist_l_bind","cat":"step","ph":"X","ts":111026,"dur":3,"pid":1,"tid":17},
{"name":"Constraint /Biped/Rig/Movers/pose_drivers/wristSwing_r_driver_copies_wrist_r_bind","cat":"step","ph":"X","ts":110790,"dur":3,"pid":1,"tid":5},
{"name":"Constraint /Biped/Rig/Movers/pose_drivers/wristSwing_l_driver_copies_wrist_l_bind","cat":"step","ph":"X","ts":110778,"dur":3,"pid":1,"tid":5},
{"name":"Constraint /Biped/Rig/Movers/pose_drivers/elbow_r_driver_copies_elbow_r_bind","cat":"step","ph":"X","ts":110764,"dur":3,"pid":1,"tid":5},
{"name":"Constraint /Biped/Rig/Movers/pose_drivers/elbow_l_driver_copies_elbow_l_bind","cat":"step","ph":"X","ts":110740,"dur":3,"pid":1,"tid":16},
{"name":"Constraint /Biped/Rig/Movers/param_follow/leg_r_params_to_ankle_r_bind","cat":"step","ph":"X","ts":110853,"dur":3,"pid":1,"tid":0},
{"name":"Constraint /Biped/Rig/Movers/param_follow/leg_l_params_to_ankle_l_bind","cat":"step","ph":"X","ts":110834,"dur":2,"pid":1,"tid":0},
{"name":"Constraint /Biped/Rig/Movers/param_follow/arm_r_params_to_wrist_r_bind","cat":"step","ph":"X","ts":110743,"dur":3,"pid":1,"tid":16},
{"name":"Constraint /Biped/Rig/Movers/param_follow/arm_l_params_to_wrist_l_bind","cat":"step","ph":"X","ts":110716,"dur":3,"pid":1,"tid":4},
{"name":"ProviderMatrix /Biped/Rig/Controls/leg_l_ik/ankle_l_pivot/bankIn_l_pivot/bankOut_l_pivot/heel_l_roll/heel_l/ball_l_pivot/toe_l_roll/toe_l/ballRoll_l_up/ballRoll_l_down final","cat":"step","ph":"X","ts":110804,"dur":1,"pid":1,"tid":0},
{"name":"ProviderMatrix /Biped/Rig/Joints/ankle_r_pivot/bankIn_r_pivot/bankOut_r_pivot/heel_r_pivot final","cat":"step","ph":"X","ts":110565,"dur":1,"pid":1,"tid":0},
{"name":"ProviderMatrix /Biped/Rig/Joints/ankle_r_pivot/bankIn_r_pivot/bankOut_r_pivot/heel_r_pivot/ball_r_pivot final","cat":"step","ph":"X","ts":110581,"dur":1,"pid":1,"tid":12},
{"name":"ProviderMatrix /Biped/Rig/Joints/hips_bind/pelvis_l_bind/thigh_l_bind/knee_l_bind/ankle_l_bind/ball_l_bind/toe2_001_l_bind/toe2_002_l_bind/toe2_003_l_bind final","cat":"step","ph":"X","ts":110856,"dur":1,"pid":1,"tid":0},
{"name":"ProviderMatrix /Biped/Rig/Joints/hips_bind/pelvis_l_bind/thigh_l_bind/knee_l_bind/ankle_l_bind/ball_l_bind/toe5_001_l_bind final","cat":"step","ph":"X","ts":110857,"dur":1,"pid":1,"tid":0},
{"name":"ProviderMatrix /Biped/Rig/Joints/hips_bind/pelvis_r_bind/pelvis_trans_combo_r_driver final","cat":"step","ph":"X","ts":110889,"dur":1,"pid":1,"tid":18},
{"name":"ProviderMatrix /Biped/Rig/Joints/hips_bind/pelvis_r_bind/pelvis_trans_r_bind/thigh_r_driver final","cat":"step","ph":"X","ts":110928,"dur":1,"pid":1,"tid":17},
{"name":"ProviderMatrix /Biped/Rig/Joints/hips_bind/pelvis_r_bind/thigh_r_bind/knee_r_bind/ankleTwist_r_bind final","cat":"step","ph":"X","ts":110904,"dur":1,"pid":1,"tid":8},
{"name":"ProviderMatrix /Biped/Rig/Joints/hips_bind/pelvis_r_bind/thigh_r_bind/knee_r_bind/ankle_r_bind/ball_r_bind/toe3_001_r_bind/toe3_002_r_bind/toe3_003_r_bind/toe3_004_r_bind final","cat":"step","ph":"X","ts":110875,"dur":1,"pid":1,"tid":17},
{"name":"ProviderMatrix /Biped/Rig/Joints/hips_bind/pelvis_r_bind/thigh_r_bind/knee_r_bind/ankle_r_bind/ball_r_bind/toe_r_bind final","cat":"step","ph":"X","ts":110876,"dur":1,"pid":1,"tid":17},
{"name":"ProviderMatrix /Biped/Rig/Joints/hips_bind/spine_0_bind/spine_1_bind/spine_2_bind/spine_3_bind/spine_4_bind/spine_5_bind/chest_bind/clavicle_l_bind/shoulderNoTwist_l_bind final","cat":"step","ph":"X","ts":111020,"dur":1,"pid":1,"tid":17},
{"name":"ProviderMatrix /Biped/Rig/Joints/hips_bind/spine_0_bind/spine_1_bind/spine_2_bind/spine_3_bind/spine_4_bind/spine_5_bind/chest_bind/clavicle_l_bind/shoulder_combo_l_driver final","cat":"step","ph":"X","ts":110993,"dur":1,"pid":1,"tid":17},
{"name":"ProviderMatrix /Biped/Rig/Joints/hips_bind/spine_0_bind/spine_1_bind/spine_2_bind/spine_3_bind/spine_4_bind/spine_5_bind/chest_bind/clavicle_l_bind/shoulder_l_bind/elbow_l_bind/elbowTwist_l_bind/elbow_l_driver final","cat":"step","ph":"X","ts":110767,"dur":1,"pid":1,"tid":5},
{"name":"ProviderMatrix /Biped/Rig/Joints/hips_bind/spine_0_bind/spine_1_bind/spine_2_bind/spine_3_bind/spine_4_bind/spine_5_bind/chest_bind/clavicle_l_bind/shoulder_l_bind/elbow_l_bind/wrist_l_bind final","cat":"step","ph":"X","ts":110719,"dur":1,"pid":1,"tid":4},
{"name":"ProviderMatrix /Biped/Rig/Joints/hips_bind/spine_0_bind/spine_1_bind/spine_2_bind/spine_3_bind/spine_4_bind/spine_5_bind/chest_bind/clavicle_l_bind/shoulder_l_bind/elbow_l_bind/wrist_l_bind/index_001_l_bind/index_002_combo_l_driver final","cat":"step","ph":"X","ts":110781,"dur":1,"pid":1,"tid":5},
{"name":"ProviderMatrix /Biped/Rig/Joints/hips_bind/spine_0_bind/spine_1_bind/spine_2_bind/spine_3_bind/spine_4_bind/spine_5_bind/chest_bind/clavicle_l_bind/shoulder_l_bind/elbow_l_bind/wrist_l_bind/middle_001_l_bind/middle_002_l_bind/middle_003_l_bind/middle_004_l_bind final","cat":"step","ph":"X","ts":110782,"dur":1,"pid":1,"tid":5},
{"name":"ProviderMatrix /Biped/Rig/Joints/hips_bind/spine_0_bind/spine_1_bind/spine_2_bind/spine_3_bind/spine_4_bind/spine_5_bind/chest_bind/clavicle_l_bind/shoulder_l_bind/elbow_l_bind/wrist_l_bind/pinkyCup_l_bind/pinky_001_l_bind/pinky_002_l_bind/pinky_003_l_bind final","cat":"step","ph":"X","ts":110793,"dur":1,"pid":1,"tid":5},
{"name":"ProviderMatrix /Biped/Rig/Joints/hips_bind/spine_0_bind/spine_1_bind/spine_2_bind/spine_3_bind/spine_4_bind/spine_5_bind/chest_bind/clavicle_l_bind/shoulder_l_bind/elbow_l_bind/wrist_l_bind/thumbCup_l_bind/thumb_001_l_bind final","cat":"step","ph":"X","ts":110783,"dur":1,"pid":1,"tid":5},
{"name":"ProviderMatrix /Biped/Rig/Joints/hips_bind/spine_0_bind/spine_1_bind/spine_2_bind/spine_3_bind/spine_4_bind/spine_5_bind/chest_bind/clavicle_r_bind/shoulder_r_bind final","cat":"step","ph":"X","ts":110746,"dur":1,"pid":1,"tid":16},
{"name":"ProviderMatrix /Biped/Rig/Joints/hips_bind/spine_0_bind/spine_1_bind/spine_2_bind/spine_3_bind/spine_4_bind/spine_5_bind/chest_bind/clavicle_r_bind/shoulder_r_bind/elbow_r_bind/wrist_r_bind/index_001_r_bind/index_002_r_bind/index_003_r_bind/index_004_r_bind/index_005_r_bind final","cat":"step","ph":"X","ts":110794,"dur":1,"pid":1,"tid":5},
{"name":"ProviderMatrix /Biped/Rig/Joints/hips_bind/spine_0_bind/spine_1_bind/spine_2_bind/spine_3_bind/spine_4_bind/spine_5_bind/chest_bind/clavicle_r_bind/shoulder_r_bind/elbow_r_bind/wrist_r_bind/pinkyCup_r_bind/pinky_001_r_bind/pinky_002_r_bind final","cat":"step","ph":"X","ts":110805,"dur":1,"pid":1,"tid":0},
{"name":"ProviderMatrix /Biped/Rig/Joints/hips_bind/spine_0_bind/spine_1_bind/spine_2_bind/spine_3_bind/spine_4_bind/spine_5_bind/chest_bind/clavicle_r_bind/shoulder_r_bind/elbow_r_bind/wrist_r_bind/ring_001_r_bind/ring_002_r_bind/ring_003_r_bind final","cat":"step","ph":"X","ts":110795,"dur":1,"pid":1,"tid":5},
{"name":"ProviderMatrix /Biped/Rig/Joints/hips_bind/spine_0_bind/spine_1_bind/spine_2_bind/spine_3_bind/spine_4_bind/spine_5_bind/chest_bind/neck_base_bind/neck_0_bind/neck_1_bind/neck_2_bind/neck_3_bind/skull_bind/face_lower_bind/face_mid_bind final","cat":"step","ph":"X","ts":111046,"dur":1,"pid":1,"tid":17},
{"name":"ProviderMatrix /Biped/Rig/Joints/neck_ik_neck_0_bind/neck_ik_neck_1_bind/neck_ik_neck_2_bind final","cat":"step","ph":"X","ts":110808,"dur":1,"pid":1,"tid":0},
{"name":"ProviderMatrix /Biped/Rig/Joints/spine_ik_spine_0_bind/spine_ik_spine_1_bind final","cat":"step","ph":"X","ts":110658,"dur":1,"pid":1,"tid":14},
{"name":"InfluenceFold /Biped/Rig/Movers/skin_body_geo/body_geo_skin","cat":"step","ph":"X","ts":111049,"dur":25,"pid":1,"tid":17},
{"name":"RevisionChunk /Biped/Rig/Movers/skin_body_geo/body_geo_skin","cat":"step","ph":"X","ts":111075,"dur":511,"pid":1,"tid":17},
{"name":"RevisionFuse /Biped/Rig/Movers/skin_body_geo/body_geo_skin","cat":"step","ph":"X","ts":111586,"dur":2,"pid":1,"tid":17},
{"name":"ChainStatus /Biped/Geom/body_geo.points","cat":"step","ph":"X","ts":111588,"dur":24,"pid":1,"tid":17},
{"name":"Derived /Biped/Geom/body_geo.extent","cat":"step","ph":"X","ts":111612,"dur":336,"pid":1,"tid":17},
{"name":"cluster 0","cat":"cluster","ph":"X","ts":110535,"dur":9,"pid":1,"tid":0,"args":{"level":"1","steps":"21","waitUs":"2"}},
{"name":"cluster 1","cat":"cluster","ph":"X","ts":110545,"dur":7,"pid":1,"tid":0,"args":{"level":"2","steps":"30","waitUs":"0"}},
{"name":"cluster 2","cat":"cluster","ph":"X","ts":110566,"dur":9,"pid":1,"tid":12,"args":{"level":"3","steps":"20","waitUs":"14"}},
{"name":"cluster 3","cat":"cluster","ph":"X","ts":110582,"dur":14,"pid":1,"tid":0,"args":{"level":"4","steps":"17","waitUs":"7"}},
{"name":"cluster 4","cat":"cluster","ph":"X","ts":110603,"dur":41,"pid":1,"tid":14,"args":{"level":"5","steps":"17","waitUs":"7"}},
{"name":"cluster 5","cat":"cluster","ph":"X","ts":110650,"dur":47,"pid":1,"tid":4,"args":{"level":"6","steps":"23","waitUs":"5"}},
{"name":"cluster 6","cat":"cluster","ph":"X","ts":110703,"dur":4,"pid":1,"tid":4,"args":{"level":"7","steps":"15","waitUs":"6"}},
{"name":"cluster 7","cat":"cluster","ph":"X","ts":110711,"dur":5,"pid":1,"tid":15,"args":{"level":"8","steps":"13","waitUs":"4"}},
{"name":"cluster 8","cat":"cluster","ph":"X","ts":110558,"dur":8,"pid":1,"tid":0,"args":{"level":"3","steps":"15","waitUs":"6"}},
{"name":"cluster 9","cat":"cluster","ph":"X","ts":110726,"dur":9,"pid":1,"tid":16,"args":{"level":"9","steps":"15","waitUs":"10"}},
{"name":"cluster 10","cat":"cluster","ph":"X","ts":110736,"dur":7,"pid":1,"tid":4,"args":{"level":"10","steps":"17","waitUs":"1"}},
{"name":"cluster 11","cat":"cluster","ph":"X","ts":110768,"dur":7,"pid":1,"tid":5,"args":{"level":"11","steps":"16","waitUs":"5"}},
{"name":"cluster 12","cat":"cluster","ph":"X","ts":110700,"dur":2,"pid":1,"tid":4,"args":{"level":"7","steps":"6","waitUs":"3"}},
{"name":"cluster 13","cat":"cluster","ph":"X","ts":110784,"dur":6,"pid":1,"tid":5,"args":{"level":"12","steps":"12","waitUs":"9"}},
{"name":"cluster 14","cat":"cluster","ph":"X","ts":110791,"dur":8,"pid":1,"tid":0,"args":{"level":"13","steps":"6","waitUs":"1"}},
{"name":"cluster 16","cat":"cluster","ph":"X","ts":110646,"dur":13,"pid":1,"tid":14,"args":{"level":"6","steps":"12","waitUs":"1"}},
{"name":"cluster 17","cat":"cluster","ph":"X","ts":110596,"dur":7,"pid":1,"tid":0,"args":{"level":"5","steps":"8","waitUs":"0"}},
{"name":"cluster 18","cat":"cluster","ph":"X","ts":110799,"dur":7,"pid":1,"tid":0,"args":{"level":"14","steps":"15","waitUs":"0"}},
{"name":"cluster 19","cat":"cluster","ph":"X","ts":110707,"dur":4,"pid":1,"tid":4,"args":{"level":"8","steps":"2","waitUs":"0"}},
{"name":"cluster 20","cat":"cluster","ph":"X","ts":110576,"dur":6,"pid":1,"tid":12,"args":{"level":"4","steps":"6","waitUs":"1"}},
{"name":"cluster 21","cat":"cluster","ph":"X","ts":110738,"dur":4,"pid":1,"tid":5,"args":{"level":"10","steps":"3","waitUs":"3"}},
{"name":"cluster 22","cat":"cluster","ph":"X","ts":110744,"dur":7,"pid":1,"tid":15,"args":{"level":"10","steps":"3","waitUs":"8"}},
{"name":"cluster 23","cat":"cluster","ph":"X","ts":110712,"dur":5,"pid":1,"tid":16,"args":{"level":"9","steps":"3","waitUs":"1"}},
{"name":"cluster 24","cat":"cluster","ph":"X","ts":110751,"dur":11,"pid":1,"tid":5,"args":{"level":"10","steps":"4","waitUs":"15"}},
{"name":"cluster 25","cat":"cluster","ph":"X","ts":110720,"dur":13,"pid":1,"tid":5,"args":{"level":"9","steps":"3","waitUs":"9"}},
{"name":"cluster 26","cat":"cluster","ph":"X","ts":110716,"dur":11,"pid":1,"tid":15,"args":{"level":"9","steps":"4","waitUs":"0"}},
{"name":"cluster 27","cat":"cluster","ph":"X","ts":110806,"dur":3,"pid":1,"tid":0,"args":{"level":"15","steps":"10","waitUs":"0"}},
{"name":"cluster 28","cat":"cluster","ph":"X","ts":110809,"dur":6,"pid":1,"tid":0,"args":{"level":"16","steps":"4","waitUs":"0"}},
{"name":"cluster 29","cat":"cluster","ph":"X","ts":110815,"dur":10,"pid":1,"tid":0,"args":{"level":"17","steps":"6","waitUs":"0"}},
{"name":"cluster 30","cat":"cluster","ph":"X","ts":110837,"dur":14,"pid":1,"tid":0,"args":{"level":"18","steps":"5","waitUs":"12"}},
{"name":"cluster 31","cat":"cluster","ph":"X","ts":110854,"dur":15,"pid":1,"tid":17,"args":{"level":"19","steps":"5","waitUs":"3"}},
{"name":"cluster 32","cat":"cluster","ph":"X","ts":110747,"dur":9,"pid":1,"tid":16,"args":{"level":"10","steps":"3","waitUs":"11"}},
{"name":"cluster 33","cat":"cluster","ph":"X","ts":110756,"dur":3,"pid":1,"tid":16,"args":{"level":"11","steps":"2","waitUs":"0"}},
{"name":"cluster 34","cat":"cluster","ph":"X","ts":110870,"dur":13,"pid":1,"tid":18,"args":{"level":"20","steps":"4","waitUs":"0"}},
{"name":"cluster 35","cat":"cluster","ph":"X","ts":110885,"dur":10,"pid":1,"tid":8,"args":{"level":"21","steps":"3","waitUs":"2"}},
{"name":"cluster 36","cat":"cluster","ph":"X","ts":110897,"dur":12,"pid":1,"tid":17,"args":{"level":"22","steps":"4","waitUs":"2"}},
{"name":"cluster 37","cat":"cluster","ph":"X","ts":110909,"dur":11,"pid":1,"tid":17,"args":{"level":"23","steps":"9","waitUs":"0"}},
{"name":"cluster 38","cat":"cluster","ph":"X","ts":110920,"dur":9,"pid":1,"tid":17,"args":{"level":"24","steps":"6","waitUs":"0"}},
{"name":"cluster 39","cat":"cluster","ph":"X","ts":110929,"dur":5,"pid":1,"tid":17,"args":{"level":"25","steps":"3","waitUs":"0"}},
{"name":"cluster 40","cat":"cluster","ph":"X","ts":110934,"dur":4,"pid":1,"tid":17,"args":{"level":"26","steps":"2","waitUs":"0"}},
{"name":"cluster 41","cat":"cluster","ph":"X","ts":110938,"dur":6,"pid":1,"tid":17,"args":{"level":"27","steps":"1","waitUs":"0"}},
{"name":"cluster 42","cat":"cluster","ph":"X","ts":110944,"dur":4,"pid":1,"tid":17,"args":{"level":"28","steps":"2","waitUs":"0"}},
{"name":"cluster 43","cat":"cluster","ph":"X","ts":110948,"dur":5,"pid":1,"tid":17,"args":{"level":"29","steps":"1","waitUs":"0"}},
{"name":"cluster 44","cat":"cluster","ph":"X","ts":110953,"dur":4,"pid":1,"tid":17,"args":{"level":"30","steps":"2","waitUs":"0"}},
{"name":"cluster 45","cat":"cluster","ph":"X","ts":110957,"dur":5,"pid":1,"tid":17,"args":{"level":"31","steps":"1","waitUs":"0"}},
{"name":"cluster 46","cat":"cluster","ph":"X","ts":110962,"dur":4,"pid":1,"tid":17,"args":{"level":"32","steps":"2","waitUs":"0"}},
{"name":"cluster 47","cat":"cluster","ph":"X","ts":110966,"dur":5,"pid":1,"tid":17,"args":{"level":"33","steps":"1","waitUs":"0"}},
{"name":"cluster 48","cat":"cluster","ph":"X","ts":110971,"dur":5,"pid":1,"tid":17,"args":{"level":"34","steps":"1","waitUs":"0"}},
{"name":"cluster 49","cat":"cluster","ph":"X","ts":110976,"dur":6,"pid":1,"tid":17,"args":{"level":"35","steps":"4","waitUs":"0"}},
{"name":"cluster 50","cat":"cluster","ph":"X","ts":110982,"dur":6,"pid":1,"tid":17,"args":{"level":"36","steps":"4","waitUs":"0"}},
{"name":"cluster 51","cat":"cluster","ph":"X","ts":110994,"dur":5,"pid":1,"tid":17,"args":{"level":"37","steps":"3","waitUs":"6"}},
{"name":"cluster 52","cat":"cluster","ph":"X","ts":111004,"dur":7,"pid":1,"tid":17,"args":{"level":"38","steps":"3","waitUs":"5"}},
{"name":"cluster 53","cat":"cluster","ph":"X","ts":111011,"dur":10,"pid":1,"tid":17,"args":{"level":"39","steps":"7","waitUs":"0"}},
{"name":"cluster 54","cat":"cluster","ph":"X","ts":111021,"dur":8,"pid":1,"tid":17,"args":{"level":"40","steps":"6","waitUs":"0"}},
{"name":"cluster 55","cat":"cluster","ph":"X","ts":111029,"dur":4,"pid":1,"tid":17,"args":{"level":"41","steps":"3","waitUs":"0"}},
{"name":"cluster 56","cat":"cluster","ph":"X","ts":111033,"dur":3,"pid":1,"tid":17,"args":{"level":"42","steps":"2","waitUs":"0"}},
{"name":"cluster 57","cat":"cluster","ph":"X","ts":111036,"dur":3,"pid":1,"tid":17,"args":{"level":"43","steps":"1","waitUs":"0"}},
{"name":"cluster 58","cat":"cluster","ph":"X","ts":111040,"dur":2,"pid":1,"tid":17,"args":{"level":"44","steps":"2","waitUs":"0"}},
{"name":"cluster 59","cat":"cluster","ph":"X","ts":111042,"dur":7,"pid":1,"tid":17,"args":{"level":"46","steps":"28","waitUs":"0"}},
{"name":"cluster 60","cat":"cluster","ph":"X","ts":110712,"dur":8,"pid":1,"tid":4,"args":{"level":"9","steps":"7","waitUs":"1"}},
{"name":"cluster 61","cat":"cluster","ph":"X","ts":110870,"dur":7,"pid":1,"tid":17,"args":{"level":"20","steps":"27","waitUs":"0"}},
{"name":"cluster 62","cat":"cluster","ph":"X","ts":110763,"dur":5,"pid":1,"tid":5,"args":{"level":"11","steps":"7","waitUs":"0"}},
{"name":"cluster 63","cat":"cluster","ph":"X","ts":110889,"dur":2,"pid":1,"tid":0,"args":{"level":"21","steps":"3","waitUs":"6"}},
{"name":"cluster 64","cat":"cluster","ph":"X","ts":110992,"dur":2,"pid":1,"tid":17,"args":{"level":"37","steps":"8","waitUs":"4"}},
{"name":"cluster 65","cat":"cluster","ph":"X","ts":110829,"dur":7,"pid":1,"tid":0,"args":{"level":"18","steps":"7","waitUs":"4"}},
{"name":"cluster 66","cat":"cluster","ph":"X","ts":110896,"dur":9,"pid":1,"tid":8,"args":{"level":"22","steps":"7","waitUs":"0"}},
{"name":"cluster 67","cat":"cluster","ph":"X","ts":110736,"dur":11,"pid":1,"tid":16,"args":{"level":"10","steps":"9","waitUs":"0"}},
{"name":"cluster 68","cat":"cluster","ph":"X","ts":110999,"dur":5,"pid":1,"tid":17,"args":{"level":"38","steps":"3","waitUs":"0"}},
{"name":"cluster 69","cat":"cluster","ph":"X","ts":110883,"dur":7,"pid":1,"tid":18,"args":{"level":"21","steps":"10","waitUs":"0"}},
{"name":"cluster 70","cat":"cluster","ph":"X","ts":110851,"dur":7,"pid":1,"tid":0,"args":{"level":"19","steps":"27","waitUs":"0"}},
{"name":"cluster 71","cat":"cluster","ph":"X","ts":110775,"dur":9,"pid":1,"tid":5,"args":{"level":"12","steps":"30","waitUs":"0"}},
{"name":"cluster 72","cat":"cluster","ph":"X","ts":110790,"dur":6,"pid":1,"tid":5,"args":{"level":"13","steps":"36","waitUs":"0"}},
{"name":"cluster 73","cat":"cluster","ph":"X","ts":111049,"dur":25,"pid":1,"tid":17,"args":{"level":"47","steps":"1","waitUs":"0"}},
{"name":"cluster 74","cat":"cluster","ph":"X","ts":111075,"dur":511,"pid":1,"tid":17,"args":{"level":"48","steps":"1","waitUs":"1"}},
{"name":"cluster 75","cat":"cluster","ph":"X","ts":111586,"dur":362,"pid":1,"tid":17,"args":{"level":"51","steps":"3","waitUs":"0"}},
{"name":"BakedPublish","cat":"baked","ph":"X","ts":112117,"dur":53,"pid":1,"tid":0},
{"name":"BakedEpilogue","cat":"baked","ph":"X","ts":111953,"dur":223,"pid":1,"tid":0},
{"name":"Baked","cat":"baked","ph":"X","ts":110311,"dur":1866,"pid":1,"tid":0},
{"name":"Evaluate.Run","cat":"evaluate","ph":"X","ts":110310,"dur":1867,"pid":1,"tid":0},
{"name":"Evaluate@2","cat":"evaluate","ph":"X","ts":110309,"dur":1869,"pid":1,"tid":0},
{"name":"Evaluate.Settle","cat":"evaluate","ph":"X","ts":112194,"dur":0,"pid":1,"tid":0},
{"name":"Evaluate.PlaceOverrides","cat":"evaluate","ph":"X","ts":112194,"dur":0,"pid":1,"tid":0},
{"name":"PropertyChains","cat":"property","ph":"X","ts":112196,"dur":5,"pid":1,"tid":0},
{"name":"BakedInputs","cat":"baked","ph":"X","ts":112202,"dur":7,"pid":1,"tid":0},
{"name":"BakedChainBase","cat":"geometry","ph":"X","ts":112307,"dur":2,"pid":1,"tid":0},
{"name":"BakedPrologue","cat":"baked","ph":"X","ts":112195,"dur":115,"pid":1,"tid":0},
{"name":"BakedRegion","cat":"baked","ph":"X","ts":112310,"dur":1709,"pid":1,"tid":0},
{"name":"ComposeSubtree /Biped/Rig/Controls/arm_l_pv","cat":"step","ph":"X","ts":112336,"dur":1,"pid":1,"tid":0},
{"name":"ComposeSubtree /Biped/Rig/Controls/hips_ctl/spine_root_pivot/spine_root_ctl/pelvis_r_ctl/leg_r_root/leg_r_fk_thigh_r_bind/leg_r_fk_knee_r_bind","cat":"step","ph":"X","ts":112386,"dur":1,"pid":1,"tid":19},
{"name":"ComposeSubtree /Biped/Rig/Controls/hips_ctl/torso_ctl","cat":"step","ph":"X","ts":112343,"dur":1,"pid":1,"tid":0},
{"name":"ComposeSubtree /Biped/Rig/Controls/hips_ctl/torso_ctl/spine_end_pivot/spine_end_ctl","cat":"step","ph":"X","ts":112362,"dur":1,"pid":1,"tid":0},
{"name":"ComposeSubtree /Biped/Rig/Controls/hips_ctl/torso_ctl/spine_end_pivot/spine_end_ctl/clavicle_l_ctl/arm_l_root/arm_l_fk_shoulder_l_bind/arm_l_fk_elbow_l_bind","cat":"step","ph":"X","ts":112387,"dur":1,"pid":1,"tid":19},
{"name":"ComposeSubtree /Biped/Rig/Controls/hips_ctl/torso_ctl/spine_end_pivot/spine_end_ctl/clavicle_r_ctl","cat":"step","ph":"X","ts":112373,"dur":1,"pid":1,"tid":0},
{"name":"ComposeSubtree /Biped/Rig/Controls/hips_ctl/torso_ctl/spine_end_pivot/spine_end_ctl/clavicle_r_ctl/arm_r_root/arm_r_fk_shoulder_r_bind/arm_r_fk_elbow_r_bind","cat":"step","ph":"X","ts":112407,"dur":4,"pid":1,"tid":20},
{"name":"ComposeSubtree /Biped/Rig/Controls/hips_ctl/torso_ctl/spine_end_pivot/spine_end_ctl/neck_root_ctl/neck_end_pivot","cat":"step","ph":"X","ts":112388,"dur":1,"pid":1,"tid":19},
{"name":"ComposeSubtree /Biped/Rig/Controls/index_001_l_bind_fk_follow","cat":"step","ph":"X","ts":112337,"dur":1,"pid":1,"tid":0},
{"name":"ComposeSubtree /Biped/Rig/Controls/leg_l_ik","cat":"step","ph":"X","ts":112338,"dur":1,"pid":1,"tid":0},
{"name":"ComposeSubtree /Biped/Rig/Controls/leg_l_ik/ankle_l_pivot/bankIn_l_pivot/bankOut_l_pivot/heel_l_roll","cat":"step","ph":"X","ts":112363,"dur":1,"pid":1,"tid":0},
{"name":"ComposeSubtree /Biped/Rig/Controls/leg_l_ik/ankle_l_pivot/bankIn_l_pivot/bankOut_l_pivot/heel_l_roll/heel_l/ball_l_pivot/toe_l_roll/toe_l/ballRoll_l_up/ballRoll_l_down","cat":"step","ph":"X","ts":112411,"dur":2,"pid":1,"tid":20},
{"name":"ComposeSubtree /Biped/Rig/Controls/leg_l_ik/ankle_l_pivot/bankIn_l_pivot/bankOut_l_pivot/heel_l_roll/heel_l/ball_l_pivot/toe_l_roll/toe_l/ballRoll_l_up/ballRoll_l_down_twin","cat":"step","ph":"X","ts":112413,"dur":3,"pid":1,"tid":20},
{"name":"ComposeSubtree /Biped/Rig/Controls/leg_l_ik/ankle_l_pivot/bankIn_l_pivot/bankOut_l_pivot/heel_l_roll/heel_l/ball_l_pivot/toe_l_roll/toe_l/toeBend_l/toeBend_l_fk","cat":"step","ph":"X","ts":112435,"dur":1,"pid":1,"tid":20},
{"name":"ComposeSubtree /Biped/Rig/Controls/leg_l_ik/ankle_l_pivot/bankIn_l_pivot/bankOut_l_pivot/heel_l_roll/heel_l/ball_l_pivot/toe_l_roll_twin","cat":"step","ph":"X","ts":112389,"dur":1,"pid":1,"tid":19},
{"name":"ComposeSubtree /Biped/Rig/Controls/leg_l_ik/ankle_l_pivot/bank_l","cat":"step","ph":"X","ts":112344,"dur":1,"pid":1,"tid":0},
{"name":"ComposeSubtree /Biped/Rig/Controls/leg_r_ik/ankle_r_pivot/bankIn_r_pivot/bankOut_r_pivot/heel_r_roll/heel_r","cat":"step","ph":"X","ts":112374,"dur":1,"pid":1,"tid":0},
{"name":"ComposeSubtree /Biped/Rig/Controls/leg_r_ik/ankle_r_pivot/bankIn_r_pivot/bankOut_r_pivot/heel_r_roll/heel_r/ball_r_pivot/toe_r_roll/toe_r/ballRoll_r_up","cat":"step","ph":"X","ts":112418,"dur":2,"pid":1,"tid":20},
{"name":"ComposeSubtree /Biped/Rig/Controls/leg_r_ik/ankle_r_pivot/bankIn_r_pivot/bankOut_r_pivot/heel_r_roll/heel_r/ball_r_pivot/toe_r_roll/toe_r/ballRoll_r_up/ballRoll_r_down/ballRoll_r/ball_r_ikTarget","cat":"step","ph":"X","ts":112445,"dur":1,"pid":1,"tid":7},
{"name":"ComposeSubtree /Biped/Rig/Controls/leg_r_ik/ankle_r_pivot/bankIn_r_pivot/bankOut_r_pivot/heel_r_roll/heel_r/ball_r_pivot/toe_r_roll/toe_r/ballRoll_r_up_twin","cat":"step","ph":"X","ts":112420,"dur":2,"pid":1,"tid":20},
{"name":"ComposeSubtree /Biped/Rig/Controls/leg_r_ik/ankle_r_pivot/bankIn_r_pivot/bankOut_r_pivot/heel_r_roll/heel_r/ball_r_pivot/toe_r_roll_twin","cat":"step","ph":"X","ts":112390,"dur":1,"pid":1,"tid":19},
{"name":"ComposeSubtree /Biped/Rig/Controls/leg_r_ik/ankle_r_pivot/bankIn_r_pivot/bankOut_r_pivot_twin","cat":"step","ph":"X","ts":112364,"dur":1,"pid":1,"tid":0},
{"name":"ComposeSubtree /Biped/Rig/Controls/middle_001_r_bind_fk_follow","cat":"step","ph":"X","ts":112339,"dur":1,"pid":1,"tid":0},
{"name":"ComposeSubtree /Biped/Rig/Controls/middle_001_r_bind_fk_follow/middle_001_r_bind_fk/middle_002_r_bind_fk","cat":"step","ph":"X","ts":112345,"dur":1,"pid":1,"tid":0},
{"name":"ComposeSubtree /Biped/Rig/Controls/middle_001_r_bind_fk_follow/middle_001_r_bind_fk/middle_002_r_bind_fk/middle_003_r_bind_fk","cat":"step","ph":"X","ts":112365,"dur":1,"pid":1,"tid":0},
{"name":"ComposeSubtree /Biped/Rig/Controls/ring_001_l_bind_fk_follow","cat":"step","ph":"X","ts":112340,"dur":1,"pid":1,"tid":0},
{"name":"ComposeSubtree /Biped/Rig/Controls/thumbCup_l_bind_fk_follow/thumbCup_l_bind_fk/thumb_001_l_bind_fk","cat":"step","ph":"X","ts":112346,"dur":1,"pid":1,"tid":0},
{"name":"ComposeSubtree /Biped/Rig/Controls/thumbCup_r_bind_fk_follow","cat":"step","ph":"X","ts":112341,"dur":1,"pid":1,"tid":0},
{"name":"ComposeSubtree /Biped/Rig/Joints/ankle_l_pivot/bankIn_l_pivot/bankOut_l_pivot/heel_l_pivot/ball_l_pivot","cat":"step","ph":"X","ts":112367,"dur":1,"pid":1,"tid":0},
{"name":"ComposeSubtree /Biped/Rig/Joints/hips_bind/pelvis_l_bind/pelvis_trans_l_bind/thigh_l_driver","cat":"step","ph":"X","ts":112355,"dur":1,"pid":1,"tid":0},
{"name":"ComposeSubtree /Biped/Rig/Joints/hips_bind/pelvis_l_bind/thighNoTwist_l_bind","cat":"step","ph":"X","ts":112347,"dur":1,"pid":1,"tid":0},
{"name":"ComposeSubtree /Biped/Rig/Joints/hips_bind/pelvis_l_bind/thigh_l_bind/knee_l_bind/ankle_l_bind/ball_l_bind/toe1_001_l_bind/toe1_002_l_bind/toe1_003_l_bind","cat":"step","ph":"X","ts":112422,"dur":3,"pid":1,"tid":20},
{"name":"ComposeSubtree /Biped/Rig/Joints/hips_bind/pelvis_l_bind/thigh_l_bind/knee_l_bind/ankle_l_bind/ball_l_bind/toe2_001_l_bind","cat":"step","ph":"X","ts":112391,"dur":1,"pid":1,"tid":19},
{"name":"ComposeSubtree /Biped/Rig/Joints/hips_bind/pelvis_l_bind/thigh_l_bind/knee_l_bind/ankle_l_bind/ball_l_bind/toe2_001_l_bind/toe2_002_l_bind/toe2_003_l_bind","cat":"step","ph":"X","ts":112425,"dur":1,"pid":1,"tid":20},
{"name":"ComposeSubtree /Biped/Rig/Joints/hips_bind/pelvis_l_bind/thigh_l_bind/knee_l_bind/ankle_l_bind/ball_l_bind/toe4_001_l_bind","cat":"step","ph":"X","ts":112392,"dur":1,"pid":1,"tid":19},
{"name":"ComposeSubtree /Biped/Rig/Joints/hips_bind/pelvis_l_bind/thigh_l_bind/knee_l_bind/ankle_l_bind/ball_l_bind/toe5_001_l_bind/toe5_002_l_bind/toe5_003_l_bind","cat":"step","ph":"X","ts":112426,"dur":1,"pid":1,"tid":20},
{"name":"ComposeSubtree /Biped/Rig/Joints/hips_bind/pelvis_r_bind/pelvis_trans_r_bind","cat":"step","ph":"X","ts":112356,"dur":1,"pid":1,"tid":0},
{"name":"ComposeSubtree /Biped/Rig/Joints/hips_bind/pelvis_r_bind/pelvis_trans_r_bind/thigh_r_driver","cat":"step","ph":"X","ts":112375,"dur":1,"pid":1,"tid":0},
{"name":"ComposeSubtree /Biped/Rig/Joints/hips_bind/pelvis_r_bind/thigh_r_bind/knee_r_bind/ankle_r_bind/ball_r_bind","cat":"step","ph":"X","ts":112393,"dur":1,"pid":1,"tid":19},
{"name":"ComposeSubtree /Biped/Rig/Joints/hips_bind/pelvis_r_bind/thigh_r_bind/knee_r_bind/ankle_r_bind/ball_r_bind/toe1_001_r_bind/toe1_002_r_bind/toe1_003_r_bind","cat":"step","ph":"X","ts":112436,"dur":1,"pid":1,"tid":20},
{"name":"ComposeSubtree /Biped/Rig/Joints/hips_bind/pelvis_r_bind/thigh_r_bind/knee_r_bind/ankle_r_bind/ball_r_bind/toe3_001_r_bind","cat":"step","ph":"X","ts":112427,"dur":1,"pid":1,"tid":20},
{"name":"ComposeSubtree /Biped/Rig/Joints/hips_bind/pelvis_r_bind/thigh_r_bind/knee_r_bind/ankle_r_bind/ball_r_bind/toe5_001_r_bind/toe5_002_r_bind/toe5_003_r_bind","cat":"step","ph":"X","ts":112437,"dur":1,"pid":1,"tid":20},
{"name":"ComposeSubtree /Biped/Rig/Joints/hips_bind/pelvis_r_bind/thigh_r_bind/knee_r_bind/kneeTwist_r_bind","cat":"step","ph":"X","ts":112376,"dur":1,"pid":1,"tid":0},
{"name":"ComposeSubtree /Biped/Rig/Joints/hips_bind/spine_0_bind","cat":"step","ph":"X","ts":112348,"dur":1,"pid":1,"tid":0},
{"name":"ComposeSubtree /Biped/Rig/Joints/hips_bind/spine_0_bind/spine_1_bind/spine_2_bind/spine_3_bind/spine_4_bind/spine_5_bind/chest_bind/clavicle_l_bind/shoulder_l_bind/elbow_l_bind/wristTwist_l_driver","cat":"step","ph":"X","ts":112438,"dur":1,"pid":1,"tid":20},
{"name":"ComposeSubtree /Biped/Rig/Joints/hips_bind/spine_0_bind/spine_1_bind/spine_2_bind/spine_3_bind/spine_4_bind/spine_5_bind/chest_bind/clavicle_l_bind/shoulder_l_bind/elbow_l_bind/wrist_l_bind/index_001_l_bind","cat":"step","ph":"X","ts":112446,"dur":1,"pid":1,"tid":7},
{"name":"ComposeSubtree /Biped/Rig/Joints/hips_bind/spine_0_bind/spine_1_bind/spine_2_bind/spine_3_bind/spine_4_bind/spine_5_bind/chest_bind/clavicle_l_bind/shoulder_l_bind/elbow_l_bind/wrist_l_bind/index_001_l_bind/index_002_l_bind","cat":"step","ph":"X","ts":112457,"dur":1,"pid":1,"tid":17},
{"name":"ComposeSubtree /Biped/Rig/Joints/hips_bind/spine_0_bind/spine_1_bind/spine_2_bind/spine_3_bind/spine_4_bind/spine_5_bind/chest_bind/clavicle_l_bind/shoulder_l_bind/elbow_l_bind/wrist_l_bind/middle_001_l_bind/middle_002_l_bind/middle_003_l_bind/middle_004_l_bind","cat":"step","ph":"X","ts":112467,"dur":1,"pid":1,"tid":7},
{"name":"ComposeSubtree /Biped/Rig/Joints/hips_bind/spine_0_bind/spine_1_bind/spine_2_bind/spine_3_bind/spine_4_bind/spine_5_bind/chest_bind/clavicle_l_bind/shoulder_l_bind/elbow_l_bind/wrist_l_bind/pinkyCup_l_bind","cat":"step","ph":"X","ts":112447,"dur":1,"pid":1,"tid":7},
{"name":"ComposeSubtree /Biped/Rig/Joints/hips_bind/spine_0_bind/spine_1_bind/spine_2_bind/spine_3_bind/spine_4_bind/spine_5_bind/chest_bind/clavicle_l_bind/shoulder_l_bind/elbow_l_bind/wrist_l_bind/pinkyCup_l_bind/pinky_001_l_bind/pinky_002_combo_l_driver","cat":"step","ph":"X","ts":112458,"dur":1,"pid":1,"tid":17},
{"name":"ComposeSubtree /Biped/Rig/Joints/hips_bind/spine_0_bind/spine_1_bind/spine_2_bind/spine_3_bind/spine_4_bind/spine_5_bind/chest_bind/clavicle_l_bind/shoulder_l_bind/elbow_l_bind/wrist_l_bind/thumbCup_l_bind","cat":"step","ph":"X","ts":112448,"dur":1,"pid":1,"tid":7},
{"name":"ComposeSubtree /Biped/Rig/Joints/hips_bind/spine_0_bind/spine_1_bind/spine_2_bind/spine_3_bind/spine_4_bind/spine_5_bind/chest_bind/clavicle_l_bind/shoulder_l_bind/elbow_l_bind/wrist_l_bind/thumbCup_l_bind/thumb_001_l_bind/thumb_002_l_bind/thumb_003_l_bind","cat":"step","ph":"X","ts":112468,"dur":1,"pid":1,"tid":7},
{"name":"ComposeSubtree /Biped/Rig/Joints/hips_bind/spine_0_bind/spine_1_bind/spine_2_bind/spine_3_bind/spine_4_bind/spine_5_bind/chest_bind/clavicle_r_bind","cat":"step","ph":"X","ts":112429,"dur":1,"pid":1,"tid":20},
{"name":"ComposeSubtree /Biped/Rig/Joints/hips_bind/spine_0_bind/spine_1_bind/spine_2_bind/spine_3_bind/spine_4_bind/spine_5_bind/chest_bind/clavicle_r_bind/shoulder_r_bind","cat":"step","ph":"X","ts":112432,"dur":1,"pid":1,"tid":20},
{"name":"ComposeSubtree /Biped/Rig/Joints/hips_bind/spine_0_bind/spine_1_bind/spine_2_bind/spine_3_bind/spine_4_bind/spine_5_bind/chest_bind/clavicle_r_bind/shoulder_r_bind/elbow_r_bind/wristTwist_r_bind","cat":"step","ph":"X","ts":112449,"dur":1,"pid":1,"tid":7},
{"name":"ComposeSubtree /Biped/Rig/Joints/hips_bind/spine_0_bind/spine_1_bind/spine_2_bind/spine_3_bind/spine_4_bind/spine_5_bind/chest_bind/clavicle_r_bind/shoulder_r_bind/elbow_r_bind/wrist_r_bind/index_001_r_bind","cat":"step","ph":"X","ts":112459,"dur":1,"pid":1,"tid":17},
{"name":"ComposeSubtree /Biped/Rig/Joints/hips_bind/spine_0_bind/spine_1_bind/spine_2_bind/spine_3_bind/spine_4_bind/spine_5_bind/chest_bind/clavicle_r_bind/shoulder_r_bind/elbow_r_bind/wrist_r_bind/index_001_r_bind/index_002_r_bind/index_003_r_bind/index_004_r_bind","cat":"step","ph":"X","ts":112510,"dur":1,"pid":1,"tid":2},
{"name":"ComposeSubtree /Biped/Rig/Joints/hips_bind/spine_0_bind/spine_1_bind/spine_2_bind/spine_3_bind/spine_4_bind/spine_5_bind/chest_bind/clavicle_r_bind/shoulder_r_bind/elbow_r_bind/wrist_r_bind/middle_001_r_bind/middle_002_r_bind","cat":"step","ph":"X","ts":112469,"dur":1,"pid":1,"tid":7},
{"name":"ComposeSubtree /Biped/Rig/Joints/hips_bind/spine_0_bind/spine_1_bind/spine_2_bind/spine_3_bind/spine_4_bind/spine_5_bind/chest_bind/clavicle_r_bind/shoulder_r_bind/elbow_r_bind/wrist_r_bind/ring_001_r_bind","cat":"step","ph":"X","ts":112460,"dur":1,"pid":1,"tid":17},
{"name":"ComposeSubtree /Biped/Rig/Joints/hips_bind/spine_0_bind/spine_1_bind/spine_2_bind/spine_3_bind/spine_4_bind/spine_5_bind/chest_bind/clavicle_r_bind/shoulder_r_bind/elbow_r_bind/wrist_r_bind/ring_001_r_bind/ring_002_r_bind","cat":"step","ph":"X","ts":112470,"dur":1,"pid":1,"tid":7},
{"name":"ComposeSubtree /Biped/Rig/Joints/hips_bind/spine_0_bind/spine_1_bind/spine_2_bind/spine_3_bind/spine_4_bind/spine_5_bind/chest_bind/clavicle_r_bind/shoulder_r_bind/elbow_r_bind/wrist_r_bind/ring_001_r_bind/ring_002_r_bind/ring_003_r_bind/ring_004_r_bind","cat":"step","ph":"X","ts":112511,"dur":1,"pid":1,"tid":2},
{"name":"ComposeSubtree /Biped/Rig/Joints/hips_bind/spine_0_bind/spine_1_bind/spine_2_bind/spine_3_bind/spine_4_bind/spine_5_bind/chest_bind/neck_base_bind/neck_0_bind/neck_1_bind/neck_2_bind/neck_3_bind/skull_bind/face_lower_bind/face_mid_bind/nose_bridge_bind","cat":"step","ph":"X","ts":112471,"dur":1,"pid":1,"tid":7},
{"name":"ComposeSubtree /Biped/Rig/Joints/hips_bind/spine_0_bind/spine_1_bind/spine_2_bind/spine_3_bind/spine_4_bind/spine_5_bind/chest_bind/neck_base_bind/neck_0_bind/neck_1_bind/neck_2_bind/neck_3_bind/skull_bind/face_lower_bind/jaw_bind/jaw_end","cat":"step","ph":"X","ts":112512,"dur":1,"pid":1,"tid":2},
{"name":"ComposeSubtree /Biped/Rig/Joints/hips_bind/spine_0_bind/spine_1_bind/spine_2_bind/spine_3_bind/spine_4_bind/spine_5_bind/chest_bind/neck_base_bind/neck_0_bind/neck_1_bind/neck_2_bind/neck_3_bind/skull_bind/face_lower_bind/jaw_bind/tongue_0_bind/tongue_1_bind/tongue_2_bind","cat":"step","ph":"X","ts":112520,"dur":1,"pid":1,"tid":4},
{"name":"ComposeSubtree /Biped/Rig/Joints/hips_bind/spine_0_bind/spine_1_bind/spine_2_bind/spine_3_bind/spine_4_bind/spine_5_bind/chest_bind/neck_base_bind/neck_0_bind/neck_1_bind/neck_2_bind/neck_3_bind/skull_bind/face_upper_bind","cat":"step","ph":"X","ts":112461,"dur":1,"pid":1,"tid":17},
{"name":"ComposeSubtree /Biped/Rig/Joints/hips_bind/spine_0_bind/spine_1_bind/spine_2_bind/spine_3_bind/spine_4_bind/spine_5_bind/chest_bind/neck_base_bind/neck_0_bind/neck_1_bind/neck_2_bind/neck_3_bind/skull_bind/face_upper_bind/head_tip_bind/brow_main_r_bind","cat":"step","ph":"X","ts":112513,"dur":1,"pid":1,"tid":2},
{"name":"ComposeSubtree /Biped/Rig/Joints/pupilCenter_l_pivot","cat":"step","ph":"X","ts":112342,"dur":1,"pid":1,"tid":0},
{"name":"ComposeSubtree /Biped/Rig/Joints/spine_ik_spine_0_bind/spine_ik_spine_1_bind/spine_ik_spine_2_bind/spine_ik_spine_3_bind/spine_ik_spine_4_bind","cat":"step","ph":"X","ts":112357,"dur":1,"pid":1,"tid":0},
{"name":"Solve /Biped/Rig/Solvers/arm_l_fkChain","cat":"step","ph":"X","ts":112430,"dur":2,"pid":1,"tid":20},
{"name":"Solve /Biped/Rig/Solvers/arm_l_twoBoneIk","cat":"step","ph":"X","ts":112394,"dur":1,"pid":1,"tid":19},
{"name":"Solve /Biped/Rig/Solvers/arm_r_fkChain","cat":"step","ph":"X","ts":112433,"dur":1,"pid":1,"tid":20},
{"name":"Solve /Biped/Rig/Solvers/leg_l_fkChain","cat":"step","ph":"X","ts":112385,"dur":1,"pid":1,"tid":0},
{"name":"Solve /Biped/Rig/Solvers/leg_r_fkChain","cat":"step","ph":"X","ts":112396,"dur":2,"pid":1,"tid":19},
{"name":"Solve /Biped/Rig/Solvers/neck_splineIk","cat":"step","ph":"X","ts":112398,"dur":8,"pid":1,"tid":19},
{"name":"SolverCommit batch 6","cat":"step","ph":"X","ts":112543,"dur":1,"pid":1,"tid":0},
{"name":"Solve /Biped/Rig/Solvers/spine_splineIk","cat":"step","ph":"X","ts":112377,"dur":8,"pid":1,"tid":0},
{"name":"SolverCommit batch 7","cat":"step","ph":"X","ts":112386,"dur":1,"pid":1,"tid":0},
{"name":"Solve /Biped/Rig/Solvers/arm_r_ikfk","cat":"step","ph":"X","ts":112451,"dur":1,"pid":1,"tid":7},
{"name":"SolverCommit batch 8","cat":"step","ph":"X","ts":112462,"dur":1,"pid":1,"tid":17},
{"name":"Solve /Biped/Rig/Solvers/arm_l_ikfk","cat":"step","ph":"X","ts":112434,"dur":1,"pid":1,"tid":20},
{"name":"SolverCommit batch 9","cat":"step","ph":"X","ts":112439,"dur":2,"pid":1,"tid":20},
{"name":"Constraint /Biped/Rig/Movers/spine_mid_follow/spine_mid_follow_pos","cat":"step","ph":"X","ts":112368,"dur":4,"pid":1,"tid":0},
{"name":"Solve /Biped/Rig/Solvers/fk_thumb_r","cat":"step","ph":"X","ts":112473,"dur":3,"pid":1,"tid":7},
{"name":"SolverCommit batch 11","cat":"step","ph":"X","ts":112521,"dur":2,"pid":1,"tid":4},
{"name":"Solve /Biped/Rig/Solvers/fk_ring_r","cat":"step","ph":"X","ts":112470,"dur":2,"pid":1,"tid":20},
{"name":"SolverCommit batch 12","cat":"step","ph":"X","ts":112523,"dur":1,"pid":1,"tid":4},
{"name":"Solve /Biped/Rig/Solvers/fk_pinky_r","cat":"step","ph":"X","ts":112472,"dur":1,"pid":1,"tid":20},
{"name":"SolverCommit batch 13","cat":"step","ph":"X","ts":112537,"dur":1,"pid":1,"tid":0},
{"name":"Solve /Biped/Rig/Solvers/fk_middle_r","cat":"step","ph":"X","ts":112473,"dur":1,"pid":1,"tid":20},
{"name":"SolverCommit batch 14","cat":"step","ph":"X","ts":112524,"dur":1,"pid":1,"tid":4},
{"name":"Solve /Biped/Rig/Solvers/fk_index_r","cat":"step","ph":"X","ts":112472,"dur":2,"pid":1,"tid":21},
{"name":"SolverCommit batch 15","cat":"step","ph":"X","ts":112525,"dur":1,"pid":1,"tid":4},
{"name":"Solve /Biped/Rig/Solvers/fk_thumb_l","cat":"step","ph":"X","ts":112463,"dur":2,"pid":1,"tid":17},
{"name":"SolverCommit batch 16","cat":"step","ph":"X","ts":112514,"dur":1,"pid":1,"tid":2},
{"name":"Solve /Biped/Rig/Solvers/fk_ring_l","cat":"step","ph":"X","ts":112465,"dur":1,"pid":1,"tid":17},
{"name":"Solve /Biped/Rig/Solvers/fk_pinky_l","cat":"step","ph":"X","ts":112444,"dur":2,"pid":1,"tid":0},
{"name":"SolverCommit batch 18","cat":"step","ph":"X","ts":112526,"dur":1,"pid":1,"tid":4},
{"name":"Solve /Biped/Rig/Solvers/fk_middle_l","cat":"step","ph":"X","ts":112446,"dur":1,"pid":1,"tid":0},
{"name":"SolverCommit batch 19","cat":"step","ph":"X","ts":112515,"dur":1,"pid":1,"tid":2},
{"name":"Solve /Biped/Rig/Solvers/fk_index_l","cat":"step","ph":"X","ts":112447,"dur":1,"pid":1,"tid":0},
{"name":"Constraint /Biped/Rig/Movers/spine_mid_follow/spine_mid_follow_aim","cat":"step","ph":"X","ts":112387,"dur":2,"pid":1,"tid":0},
{"name":"Constraint /Biped/Rig/Movers/hand_r_follow/thumbCup_r_bind_fk_follow_to_wrist_r_bind","cat":"step","ph":"X","ts":112474,"dur":4,"pid":1,"tid":21},
{"name":"Constraint /Biped/Rig/Movers/hand_r_follow/ring_001_r_bind_fk_follow_to_wrist_r_bind","cat":"step","ph":"X","ts":112478,"dur":3,"pid":1,"tid":21},
{"name":"Constraint /Biped/Rig/Movers/hand_r_follow/pinkyCup_r_bind_fk_follow_to_wrist_r_bind","cat":"step","ph":"X","ts":112476,"dur":10,"pid":1,"tid":22},
{"name":"Constraint /Biped/Rig/Movers/hand_r_follow/middle_001_r_bind_fk_follow_to_wrist_r_bind","cat":"step","ph":"X","ts":112487,"dur":4,"pid":1,"tid":22},
{"name":"Constraint /Biped/Rig/Movers/hand_r_follow/index_001_r_bind_fk_follow_to_wrist_r_bind","cat":"step","ph":"X","ts":112491,"dur":4,"pid":1,"tid":22},
{"name":"Constraint /Biped/Rig/Movers/hand_l_follow/thumbCup_l_bind_fk_follow_to_wrist_l_bind","cat":"step","ph":"X","ts":112446,"dur":5,"pid":1,"tid":17},
{"name":"Constraint /Biped/Rig/Movers/hand_l_follow/ring_001_l_bind_fk_follow_to_wrist_l_bind","cat":"step","ph":"X","ts":112451,"dur":3,"pid":1,"tid":17},
{"name":"Constraint /Biped/Rig/Movers/hand_l_follow/pinkyCup_l_bind_fk_follow_to_wrist_l_bind","cat":"step","ph":"X","ts":112454,"dur":2,"pid":1,"tid":17},
{"name":"Constraint /Biped/Rig/Movers/hand_l_follow/middle_001_l_bind_fk_follow_to_wrist_l_bind","cat":"step","ph":"X","ts":112452,"dur":6,"pid":1,"tid":7},
{"name":"Constraint /Biped/Rig/Movers/hand_l_follow/index_001_l_bind_fk_follow_to_wrist_l_bind","cat":"step","ph":"X","ts":112458,"dur":2,"pid":1,"tid":7},
{"name":"Constraint /Biped/Rig/Movers/bankIn_r_pivot_rc/bankIn_r_pivot_rotation","cat":"step","ph":"X","ts":112460,"dur":4,"pid":1,"tid":7},
{"name":"Constraint /Biped/Rig/Movers/bankOut_r_pivot_rc/bankOut_r_pivot_rotation","cat":"step","ph":"X","ts":112495,"dur":6,"pid":1,"tid":22},
{"name":"Constraint /Biped/Rig/Movers/heel_r_roll_rc/heel_r_roll_rotation","cat":"step","ph":"X","ts":112516,"dur":2,"pid":1,"tid":2},
{"name":"Constraint /Biped/Rig/Movers/toe_r_roll_rc/toe_r_roll_rotation","cat":"step","ph":"X","ts":112527,"dur":2,"pid":1,"tid":4},
{"name":"Constraint /Biped/Rig/Movers/ballRoll_r_up_rc/ballRoll_r_up_rotation","cat":"step","ph":"X","ts":112538,"dur":2,"pid":1,"tid":0},
{"name":"SolverCommit batch 39","cat":"step","ph":"X","ts":112559,"dur":4,"pid":1,"tid":0},
{"name":"Constraint /Biped/Rig/Movers/ankle_r_bind_scAim/ankle_r_bind_aim","cat":"step","ph":"X","ts":112580,"dur":10,"pid":1,"tid":23},
{"name":"Constraint /Biped/Rig/Movers/ball_r_bind_scAim/ball_r_bind_aim","cat":"step","ph":"X","ts":112606,"dur":6,"pid":1,"tid":3},
{"name":"Constraint /Biped/Rig/Movers/bankIn_l_pivot_rc/bankIn_l_pivot_rotation","cat":"step","ph":"X","ts":112441,"dur":3,"pid":1,"tid":20},
{"name":"Constraint /Biped/Rig/Movers/bankOut_l_pivot_rc/bankOut_l_pivot_rotation","cat":"step","ph":"X","ts":112464,"dur":1,"pid":1,"tid":7},
{"name":"Constraint /Biped/Rig/Movers/heel_l_roll_rc/heel_l_roll_rotation","cat":"step","ph":"X","ts":112475,"dur":3,"pid":1,"tid":17},
{"name":"Constraint /Biped/Rig/Movers/toe_l_roll_rc/toe_l_roll_rotation","cat":"step","ph":"X","ts":112482,"dur":1,"pid":1,"tid":17},
{"name":"Constraint /Biped/Rig/Movers/ballRoll_l_up_rc/ballRoll_l_up_rotation","cat":"step","ph":"X","ts":112529,"dur":1,"pid":1,"tid":4},
{"name":"Solve /Biped/Rig/Solvers/leg_l_twoBoneIk","cat":"step","ph":"X","ts":112544,"dur":1,"pid":1,"tid":0},
{"name":"SolverCommit batch 49","cat":"step","ph":"X","ts":112553,"dur":4,"pid":1,"tid":0},
{"name":"Constraint /Biped/Rig/Movers/ankle_l_bind_scAim/ankle_l_bind_aim","cat":"step","ph":"X","ts":112563,"dur":11,"pid":1,"tid":0},
{"name":"Constraint /Biped/Rig/Movers/ball_l_bind_scAim/ball_l_bind_aim","cat":"step","ph":"X","ts":112590,"dur":5,"pid":1,"tid":23},
{"name":"Constraint /Biped/Rig/Movers/hips_follow/spine_root_ctl_drives_hips_bind","cat":"step","ph":"X","ts":112358,"dur":3,"pid":1,"tid":0},
{"name":"PropagateChunk /Biped/Rig/Movers/hips_follow/spine_root_ctl_drives_hips_bind","cat":"step","ph":"X","ts":112545,"dur":4,"pid":1,"tid":0},
{"name":"CommitApply /Biped/Rig/Movers/hips_follow/spine_root_ctl_drives_hips_bind","cat":"step","ph":"X","ts":112551,"dur":1,"pid":1,"tid":0},
{"name":"Constraint /Biped/Rig/Movers/hips_follow/spine_root_ctl_scales_hips_bind","cat":"step","ph":"X","ts":112557,"dur":1,"pid":1,"tid":0},
{"name":"PropagateChunk /Biped/Rig/Movers/hips_follow/spine_root_ctl_scales_hips_bind","cat":"step","ph":"X","ts":112595,"dur":4,"pid":1,"tid":23},
{"name":"CommitApply /Biped/Rig/Movers/hips_follow/spine_root_ctl_scales_hips_bind","cat":"step","ph":"X","ts":112612,"dur":1,"pid":1,"tid":3},
{"name":"Constraint /Biped/Rig/Movers/spine_to_bind/spine_ik_spine_0_bind_scale_to_spine_0_bind","cat":"step","ph":"X","ts":112628,"dur":10,"pid":1,"tid":12},
{"name":"Constraint /Biped/Rig/Movers/spine_to_bind/spine_ik_spine_0_bind_to_spine_0_bind","cat":"step","ph":"X","ts":112648,"dur":8,"pid":1,"tid":14},
{"name":"Constraint /Biped/Rig/Movers/spine_to_bind/spine_ik_spine_1_bind_scale_to_spine_1_bind","cat":"step","ph":"X","ts":112660,"dur":7,"pid":1,"tid":24},
{"name":"Constraint /Biped/Rig/Movers/spine_to_bind/spine_ik_spine_1_bind_to_spine_1_bind","cat":"step","ph":"X","ts":112676,"dur":7,"pid":1,"tid":24},
{"name":"Constraint /Biped/Rig/Movers/spine_to_bind/spine_ik_spine_2_bind_scale_to_spine_2_bind","cat":"step","ph":"X","ts":112690,"dur":5,"pid":1,"tid":24},
{"name":"Constraint /Biped/Rig/Movers/spine_to_bind/spine_ik_spine_2_bind_to_spine_2_bind","cat":"step","ph":"X","ts":112701,"dur":6,"pid":1,"tid":24},
{"name":"Constraint /Biped/Rig/Movers/spine_to_bind/spine_ik_spine_3_bind_scale_to_spine_3_bind","cat":"step","ph":"X","ts":112707,"dur":5,"pid":1,"tid":24},
{"name":"Constraint /Biped/Rig/Movers/spine_to_bind/spine_ik_spine_3_bind_to_spine_3_bind","cat":"step","ph":"X","ts":112712,"dur":6,"pid":1,"tid":24},
{"name":"Constraint /Biped/Rig/Movers/spine_to_bind/spine_ik_spine_4_bind_scale_to_spine_4_bind","cat":"step","ph":"X","ts":112718,"dur":15,"pid":1,"tid":24},
{"name":"Constraint /Biped/Rig/Movers/spine_to_bind/spine_ik_spine_4_bind_to_spine_4_bind","cat":"step","ph":"X","ts":112733,"dur":6,"pid":1,"tid":24},
{"name":"Constraint /Biped/Rig/Movers/spine_to_bind/spine_ik_spine_5_bind_scale_to_spine_5_bind","cat":"step","ph":"X","ts":112739,"dur":5,"pid":1,"tid":24},
{"name":"Constraint /Biped/Rig/Movers/spine_to_bind/spine_ik_spine_5_bind_to_spine_5_bind","cat":"step","ph":"X","ts":112745,"dur":6,"pid":1,"tid":24},
{"name":"Constraint /Biped/Rig/Movers/spine_to_bind/spine_ik_chest_bind_scale_to_chest_bind","cat":"step","ph":"X","ts":112751,"dur":5,"pid":1,"tid":24},
{"name":"Constraint /Biped/Rig/Movers/spine_to_bind/spine_ik_chest_bind_to_chest_bind","cat":"step","ph":"X","ts":112756,"dur":5,"pid":1,"tid":24},
{"name":"Constraint /Biped/Rig/Movers/girdles/spine_end_ctl_drives_chest_bind","cat":"step","ph":"X","ts":112761,"dur":5,"pid":1,"tid":24},
{"name":"Constraint /Biped/Rig/Movers/girdles/pelvis_r_ctl_drives_pelvis_r_bind","cat":"step","ph":"X","ts":112638,"dur":2,"pid":1,"tid":12},
{"name":"Constraint /Biped/Rig/Movers/girdles/pelvis_l_ctl_drives_pelvis_l_bind","cat":"step","ph":"X","ts":112641,"dur":1,"pid":1,"tid":12},
{"name":"Constraint /Biped/Rig/Movers/girdles/clavicle_r_ctl_drives_clavicle_r_bind","cat":"step","ph":"X","ts":112766,"dur":2,"pid":1,"tid":24},
{"name":"Constraint /Biped/Rig/Movers/girdles/clavicle_l_ctl_drives_clavicle_l_bind","cat":"step","ph":"X","ts":112768,"dur":1,"pid":1,"tid":24},
{"name":"Constraint /Biped/Rig/Movers/girdles/spine_end_ctl_unsquashes_neck_base_bind","cat":"step","ph":"X","ts":112769,"dur":3,"pid":1,"tid":24},
{"name":"Constraint /Biped/Rig/Movers/girdles/clavicle_r_ctl_unsquashes_clavicle_r_bind","cat":"step","ph":"X","ts":112772,"dur":1,"pid":1,"tid":24},
{"name":"Constraint /Biped/Rig/Movers/girdles/clavicle_l_ctl_unsquashes_clavicle_l_bind","cat":"step","ph":"X","ts":112773,"dur":2,"pid":1,"tid":24},
{"name":"Constraint /Biped/Rig/Movers/neck_to_bind/neck_ik_neck_0_bind_scale_to_neck_0_bind","cat":"step","ph":"X","ts":112775,"dur":3,"pid":1,"tid":24},
{"name":"Constraint /Biped/Rig/Movers/neck_to_bind/neck_ik_neck_0_bind_to_neck_0_bind","cat":"step","ph":"X","ts":112784,"dur":5,"pid":1,"tid":0},
{"name":"Constraint /Biped/Rig/Movers/neck_to_bind/neck_ik_neck_1_bind_scale_to_neck_1_bind","cat":"step","ph":"X","ts":112795,"dur":8,"pid":1,"tid":25},
{"name":"Constraint /Biped/Rig/Movers/neck_to_bind/neck_ik_neck_1_bind_to_neck_1_bind","cat":"step","ph":"X","ts":112810,"dur":6,"pid":1,"tid":25},
{"name":"Constraint /Biped/Rig/Movers/neck_to_bind/neck_ik_neck_2_bind_scale_to_neck_2_bind","cat":"step","ph":"X","ts":112822,"dur":3,"pid":1,"tid":25},
{"name":"Constraint /Biped/Rig/Movers/neck_to_bind/neck_ik_neck_2_bind_to_neck_2_bind","cat":"step","ph":"X","ts":112831,"dur":9,"pid":1,"tid":25},
{"name":"Constraint /Biped/Rig/Movers/neck_to_bind/neck_ik_neck_3_bind_scale_to_neck_3_bind","cat":"step","ph":"X","ts":112840,"dur":3,"pid":1,"tid":25},
{"name":"Constraint /Biped/Rig/Movers/neck_to_bind/neck_ik_neck_3_bind_to_neck_3_bind","cat":"step","ph":"X","ts":112844,"dur":4,"pid":1,"tid":25},
{"name":"Constraint /Biped/Rig/Movers/neck_to_bind/neck_ik_skull_bind_scale_to_skull_bind","cat":"step","ph":"X","ts":112848,"dur":3,"pid":1,"tid":25},
{"name":"Constraint /Biped/Rig/Movers/neck_to_bind/neck_ik_skull_bind_to_skull_bind","cat":"step","ph":"X","ts":112851,"dur":3,"pid":1,"tid":25},
{"name":"Constraint /Biped/Rig/Movers/twist_aims/wristTwist_r_bind_copy","cat":"step","ph":"X","ts":112478,"dur":3,"pid":1,"tid":17},
{"name":"Constraint /Biped/Rig/Movers/twist_aims/wristTwist_r_bind_aim","cat":"step","ph":"X","ts":112483,"dur":2,"pid":1,"tid":17},
{"name":"Constraint /Biped/Rig/Movers/twist_aims/wristTwist_l_bind_copy","cat":"step","ph":"X","ts":112444,"dur":4,"pid":1,"tid":20},
{"name":"Constraint /Biped/Rig/Movers/twist_aims/wristTwist_l_bind_aim","cat":"step","ph":"X","ts":112481,"dur":1,"pid":1,"tid":17},
{"name":"Constraint /Biped/Rig/Movers/twist_aims/ankleTwist_r_bind_copy","cat":"step","ph":"X","ts":112613,"dur":2,"pid":1,"tid":3},
{"name":"Constraint /Biped/Rig/Movers/twist_aims/ankleTwist_r_bind_aim","cat":"step","ph":"X","ts":112642,"dur":4,"pid":1,"tid":12},
{"name":"Constraint /Biped/Rig/Movers/twist_aims/ankleTwist_l_bind_copy","cat":"step","ph":"X","ts":112599,"dur":3,"pid":1,"tid":23},
{"name":"Constraint /Biped/Rig/Movers/twist_aims/ankleTwist_l_bind_aim","cat":"step","ph":"X","ts":112615,"dur":3,"pid":1,"tid":3},
{"name":"Constraint /Biped/Rig/Movers/twist_aims/ankleTwist_r_bind_follows_ankle_r_bind","cat":"step","ph":"X","ts":112656,"dur":1,"pid":1,"tid":14},
{"name":"Constraint /Biped/Rig/Movers/twist_aims/ankleTwist_l_bind_follows_ankle_l_bind","cat":"step","ph":"X","ts":112627,"dur":1,"pid":1,"tid":3},
{"name":"Constraint /Biped/Rig/Movers/twist_aims/wristTwist_r_bind_follows_wrist_r_bind","cat":"step","ph":"X","ts":112530,"dur":2,"pid":1,"tid":4},
{"name":"Constraint /Biped/Rig/Movers/twist_aims/wristTwist_l_bind_follows_wrist_l_bind","cat":"step","ph":"X","ts":112508,"dur":2,"pid":1,"tid":22},
{"name":"Constraint /Biped/Rig/Movers/twist_aims/thighNoTwist_r_bind_follows_thigh_r_bind","cat":"step","ph":"X","ts":112657,"dur":1,"pid":1,"tid":14},
{"name":"Constraint /Biped/Rig/Movers/twist_aims/thighNoTwist_l_bind_follows_thigh_l_bind","cat":"step","ph":"X","ts":112650,"dur":1,"pid":1,"tid":23},
{"name":"Constraint /Biped/Rig/Movers/twist_aims/shoulderNoTwist_r_bind_follows_shoulder_r_bind","cat":"step","ph":"X","ts":112789,"dur":1,"pid":1,"tid":0},
{"name":"Constraint /Biped/Rig/Movers/twist_aims/shoulderNoTwist_l_bind_follows_shoulder_l_bind","cat":"step","ph":"X","ts":112790,"dur":1,"pid":1,"tid":0},
{"name":"Constraint /Biped/Rig/Movers/twist_aims/pelvis_trans_r_bind_follows_thigh_r_bind","cat":"step","ph":"X","ts":112651,"dur":1,"pid":1,"tid":23},
{"name":"Constraint /Biped/Rig/Movers/twist_aims/pelvis_trans_l_bind_follows_thigh_l_bind","cat":"step","ph":"X","ts":112652,"dur":1,"pid":1,"tid":23},
{"name":"Constraint /Biped/Rig/Movers/twist_aims/clavicle_trans_r_bind_follows_shoulder_r_bind","cat":"step","ph":"X","ts":112783,"dur":1,"pid":1,"tid":24},
{"name":"Constraint /Biped/Rig/Movers/twist_aims/clavicle_trans_l_bind_follows_shoulder_l_bind","cat":"step","ph":"X","ts":112784,"dur":1,"pid":1,"tid":24},
{"name":"Constraint /Biped/Rig/Movers/twist_aims/pelvis_trans_r_bind_aim","cat":"step","ph":"X","ts":112667,"dur":4,"pid":1,"tid":24},
{"name":"Constraint /Biped/Rig/Movers/twist_aims/pelvis_trans_l_bind_aim","cat":"step","ph":"X","ts":112671,"dur":2,"pid":1,"tid":24},
{"name":"Constraint /Biped/Rig/Movers/twist_aims/kneeTwist_r_bind_aim","cat":"step","ph":"X","ts":112578,"dur":2,"pid":1,"tid":0},
{"name":"Constraint /Biped/Rig/Movers/twist_aims/kneeTwist_l_bind_aim","cat":"step","ph":"X","ts":112574,"dur":3,"pid":1,"tid":0},
{"name":"Constraint /Biped/Rig/Movers/twist_aims/thighNoTwist_r_bind_aim","cat":"step","ph":"X","ts":112673,"dur":3,"pid":1,"tid":24},
{"name":"Constraint /Biped/Rig/Movers/twist_aims/thighNoTwist_l_bind_aim","cat":"step","ph":"X","ts":112659,"dur":2,"pid":1,"tid":14},
{"name":"Constraint /Biped/Rig/Movers/twist_aims/clavicle_trans_r_bind_aim","cat":"step","ph":"X","ts":112803,"dur":4,"pid":1,"tid":25},
{"name":"Constraint /Biped/Rig/Movers/twist_aims/clavicle_trans_l_bind_aim","cat":"step","ph":"X","ts":112807,"dur":3,"pid":1,"tid":25},
{"name":"Constraint /Biped/Rig/Movers/twist_aims/elbowTwist_r_bind_aim","cat":"step","ph":"X","ts":112467,"dur":2,"pid":1,"tid":17},
{"name":"Constraint /Biped/Rig/Movers/twist_aims/elbowTwist_l_bind_aim","cat":"step","ph":"X","ts":112448,"dur":2,"pid":1,"tid":20},
{"name":"Constraint /Biped/Rig/Movers/twist_aims/shoulderNoTwist_r_bind_aim","cat":"step","ph":"X","ts":112791,"dur":2,"pid":1,"tid":0},
{"name":"Constraint /Biped/Rig/Movers/twist_aims/shoulderNoTwist_l_bind_aim","cat":"step","ph":"X","ts":112793,"dur":2,"pid":1,"tid":0},
{"name":"Constraint /Biped/Rig/Movers/pose_drivers/thigh_r_driver_copies_thigh_r_bind","cat":"step","ph":"X","ts":112683,"dur":3,"pid":1,"tid":24},
{"name":"Constraint /Biped/Rig/Movers/pose_drivers/thigh_l_driver_copies_thigh_l_bind","cat":"step","ph":"X","ts":112686,"dur":3,"pid":1,"tid":24},
{"name":"Constraint /Biped/Rig/Movers/pose_drivers/thigh_r_twist_driver_copies_thighNoTwist_r_bind","cat":"step","ph":"X","ts":112695,"dur":3,"pid":1,"tid":24},
{"name":"Constraint /Biped/Rig/Movers/pose_drivers/thigh_l_twist_driver_copies_thighNoTwist_l_bind","cat":"step","ph":"X","ts":112698,"dur":2,"pid":1,"tid":24},
{"name":"Constraint /Biped/Rig/Movers/pose_drivers/ankleTwist_r_driver_copies_ankleTwist_r_bind","cat":"step","ph":"X","ts":112661,"dur":3,"pid":1,"tid":14},
{"name":"Constraint /Biped/Rig/Movers/pose_drivers/ankleTwist_l_driver_copies_ankleTwist_l_bind","cat":"step","ph":"X","ts":112647,"dur":5,"pid":1,"tid":12},
{"name":"Constraint /Biped/Rig/Movers/pose_drivers/toe_r_driver_copies_ball_r_bind","cat":"step","ph":"X","ts":112628,"dur":3,"pid":1,"tid":3},
{"name":"Constraint /Biped/Rig/Movers/pose_drivers/toe_l_driver_copies_ball_l_bind","cat":"step","ph":"X","ts":112618,"dur":2,"pid":1,"tid":3},
{"name":"Constraint /Biped/Rig/Movers/pose_drivers/knee_r_driver_copies_knee_r_bind","cat":"step","ph":"X","ts":112603,"dur":4,"pid":1,"tid":23},
{"name":"Constraint /Biped/Rig/Movers/pose_drivers/knee_l_driver_copies_knee_l_bind","cat":"step","ph":"X","ts":112581,"dur":3,"pid":1,"tid":0},
{"name":"Constraint /Biped/Rig/Movers/pose_drivers/ankleSwing_r_driver_copies_ankle_r_bind","cat":"step","ph":"X","ts":112664,"dur":3,"pid":1,"tid":14},
{"name":"Constraint /Biped/Rig/Movers/pose_drivers/ankleSwing_l_driver_copies_ankle_l_bind","cat":"step","ph":"X","ts":112652,"dur":4,"pid":1,"tid":12},
{"name":"Constraint /Biped/Rig/Movers/pose_drivers/shoulder_r_driver_copies_shoulder_r_bind","cat":"step","ph":"X","ts":112816,"dur":3,"pid":1,"tid":25},
{"name":"Constraint /Biped/Rig/Movers/pose_drivers/shoulder_l_driver_copies_shoulder_l_bind","cat":"step","ph":"X","ts":112819,"dur":2,"pid":1,"tid":25},
{"name":"Constraint /Biped/Rig/Movers/pose_drivers/wristTwist_r_driver_copies_wristTwist_r_bind","cat":"step","ph":"X","ts":112540,"dur":3,"pid":1,"tid":0},
{"name":"Constraint /Biped/Rig/Movers/pose_drivers/wristTwist_l_driver_copies_wristTwist_l_bind","cat":"step","ph":"X","ts":112518,"dur":3,"pid":1,"tid":2},
{"name":"Constraint /Biped/Rig/Movers/pose_drivers/shoulder_r_twist_driver_copies_shoulderNoTwist_r_bind","cat":"step","ph":"X","ts":112825,"dur":3,"pid":1,"tid":25},
{"name":"Constraint /Biped/Rig/Movers/pose_drivers/shoulder_l_twist_driver_copies_shoulderNoTwist_l_bind","cat":"step","ph":"X","ts":112828,"dur":3,"pid":1,"tid":25},
{"name":"Constraint /Biped/Rig/Movers/pose_drivers/wristSwing_r_driver_copies_wrist_r_bind","cat":"step","ph":"X","ts":112533,"dur":3,"pid":1,"tid":4},
{"name":"Constraint /Biped/Rig/Movers/pose_drivers/wristSwing_l_driver_copies_wrist_l_bind","cat":"step","ph":"X","ts":112521,"dur":2,"pid":1,"tid":2},
{"name":"Constraint /Biped/Rig/Movers/pose_drivers/elbow_r_driver_copies_elbow_r_bind","cat":"step","ph":"X","ts":112510,"dur":4,"pid":1,"tid":22},
{"name":"Constraint /Biped/Rig/Movers/pose_drivers/elbow_l_driver_copies_elbow_l_bind","cat":"step","ph":"X","ts":112469,"dur":2,"pid":1,"tid":17},
{"name":"Constraint /Biped/Rig/Movers/param_follow/leg_r_params_to_ankle_r_bind","cat":"step","ph":"X","ts":112607,"dur":3,"pid":1,"tid":23},
{"name":"Constraint /Biped/Rig/Movers/param_follow/leg_l_params_to_ankle_l_bind","cat":"step","ph":"X","ts":112584,"dur":2,"pid":1,"tid":0},
{"name":"Constraint /Biped/Rig/Movers/param_follow/arm_r_params_to_wrist_r_bind","cat":"step","ph":"X","ts":112471,"dur":3,"pid":1,"tid":17},
{"name":"Constraint /Biped/Rig/Movers/param_follow/arm_l_params_to_wrist_l_bind","cat":"step","ph":"X","ts":112450,"dur":3,"pid":1,"tid":20},
{"name":"ProviderMatrix /Biped/Rig/Controls/leg_l_ik/ankle_l_pivot/bankIn_l_pivot/bankOut_l_pivot/heel_l_roll final","cat":"step","ph":"X","ts":112514,"dur":1,"pid":1,"tid":22},
{"name":"ProviderMatrix /Biped/Rig/Joints/ankle_l_pivot final","cat":"step","ph":"X","ts":112349,"dur":1,"pid":1,"tid":0},
{"name":"ProviderMatrix /Biped/Rig/Joints/ankle_r_pivot/bankIn_r_pivot/bankOut_r_pivot/heel_r_pivot final","cat":"step","ph":"X","ts":112361,"dur":1,"pid":1,"tid":0},
{"name":"ProviderMatrix /Biped/Rig/Joints/ankle_r_pivot/bankIn_r_pivot/bankOut_r_pivot/heel_r_pivot/ball_r_pivot/toe_r_pivot/toeBend_r_pivot final","cat":"step","ph":"X","ts":112389,"dur":1,"pid":1,"tid":0},
{"name":"ProviderMatrix /Biped/Rig/Joints/hips_bind/pelvis_l_bind/pelvis_trans_l_bind/thigh_l_driver final","cat":"step","ph":"X","ts":112700,"dur":1,"pid":1,"tid":24},
{"name":"ProviderMatrix /Biped/Rig/Joints/hips_bind/pelvis_l_bind/thigh_combo_l_driver final","cat":"step","ph":"X","ts":112656,"dur":1,"pid":1,"tid":12},
{"name":"ProviderMatrix /Biped/Rig/Joints/hips_bind/pelvis_l_bind/thigh_l_bind/knee_l_bind final","cat":"step","ph":"X","ts":112577,"dur":1,"pid":1,"tid":0},
{"name":"ProviderMatrix /Biped/Rig/Joints/hips_bind/pelvis_l_bind/thigh_l_bind/knee_l_bind/ankle_l_bind final","cat":"step","ph":"X","ts":112586,"dur":1,"pid":1,"tid":0},
{"name":"ProviderMatrix /Biped/Rig/Joints/hips_bind/pelvis_l_bind/thigh_l_bind/knee_l_bind/ankle_l_bind/ball_l_bind/toe1_001_l_bind/toe1_002_l_bind/toe1_003_l_bind/toe1_004_l_bind final","cat":"step","ph":"X","ts":112610,"dur":1,"pid":1,"tid":23},
{"name":"ProviderMatrix /Biped/Rig/Joints/hips_bind/pelvis_l_bind/thigh_l_bind/knee_l_bind/ankle_l_bind/ball_l_bind/toe3_001_l_bind/toe3_002_l_bind/toe3_003_l_bind final","cat":"step","ph":"X","ts":112611,"dur":1,"pid":1,"tid":23},
{"name":"ProviderMatrix /Biped/Rig/Joints/hips_bind/pelvis_l_bind/thigh_l_bind/knee_l_bind/ankle_l_bind/ball_l_bind/toe5_001_l_bind/toe5_002_l_bind/toe5_003_l_bind final","cat":"step","ph":"X","ts":112612,"dur":1,"pid":1,"tid":23},
{"name":"ProviderMatrix /Biped/Rig/Joints/hips_bind/pelvis_r_bind/thigh_combo_r_driver final","cat":"step","ph":"X","ts":112657,"dur":1,"pid":1,"tid":12},
{"name":"ProviderMatrix /Biped/Rig/Joints/hips_bind/pelvis_r_bind/thigh_r_bind/knee_r_bind/ankle_r_bind/ball_r_bind/toe1_001_r_bind/toe1_002_r_bind final","cat":"step","ph":"X","ts":112631,"dur":1,"pid":1,"tid":3},
{"name":"ProviderMatrix /Biped/Rig/Joints/hips_bind/pelvis_r_bind/thigh_r_bind/knee_r_bind/ankle_r_bind/ball_r_bind/toe3_001_r_bind final","cat":"step","ph":"X","ts":112632,"dur":1,"pid":1,"tid":3},
{"name":"ProviderMatrix /Biped/Rig/Joints/hips_bind/pelvis_r_bind/thigh_r_bind/knee_r_bind/ankle_r_bind/ball_r_bind/toe5_001_r_bind final","cat":"step","ph":"X","ts":112633,"dur":1,"pid":1,"tid":3},
{"name":"ProviderMatrix /Biped/Rig/Joints/hips_bind/spine_0_bind final","cat":"step","ph":"X","ts":112667,"dur":1,"pid":1,"tid":14},
{"name":"ProviderMatrix /Biped/Rig/Joints/hips_bind/spine_0_bind/spine_1_bind/spine_2_bind/spine_3_bind/spine_4_bind/spine_5_bind/chest_bind/clavicle_l_bind/shoulder_l_bind/elbow_l_bind/elbowTwist_l_bind/elbow_l_driver final","cat":"step","ph":"X","ts":112515,"dur":1,"pid":1,"tid":22},
{"name":"ProviderMatrix /Biped/Rig/Joints/hips_bind/spine_0_bind/spine_1_bind/spine_2_bind/spine_3_bind/spine_4_bind/spine_5_bind/chest_bind/clavicle_l_bind/shoulder_l_bind/elbow_l_bind/wrist_l_bind/index_001_l_bind/index_002_l_bind final","cat":"step","ph":"X","ts":112523,"dur":1,"pid":1,"tid":2},
{"name":"ProviderMatrix /Biped/Rig/Joints/hips_bind/spine_0_bind/spine_1_bind/spine_2_bind/spine_3_bind/spine_4_bind/spine_5_bind/chest_bind/clavicle_l_bind/shoulder_l_bind/elbow_l_bind/wrist_l_bind/middle_001_l_bind/middle_002_l_bind/middle_003_l_bind/middle_004_l_bind/middle_005_l_bind final","cat":"step","ph":"X","ts":112524,"dur":1,"pid":1,"tid":2},
{"name":"ProviderMatrix /Biped/Rig/Joints/hips_bind/spine_0_bind/spine_1_bind/spine_2_bind/spine_3_bind/spine_4_bind/spine_5_bind/chest_bind/clavicle_l_bind/shoulder_l_bind/elbow_l_bind/wrist_l_bind/pinkyCup_l_bind/pinky_001_l_bind/pinky_002_l_bind/pinky_003_l_bind/pinky_004_l_bind final","cat":"step","ph":"X","ts":112538,"dur":1,"pid":1,"tid":4},
{"name":"ProviderMatrix /Biped/Rig/Joints/hips_bind/spine_0_bind/spine_1_bind/spine_2_bind/spine_3_bind/spine_4_bind/spine_5_bind/chest_bind/clavicle_l_bind/shoulder_l_bind/elbow_l_bind/wrist_l_bind/thumbCup_l_bind/thumb_001_l_bind/thumb_002_l_bind/thumb_003_l_bind final","cat":"step","ph":"X","ts":112525,"dur":1,"pid":1,"tid":2},
{"name":"ProviderMatrix /Biped/Rig/Joints/hips_bind/spine_0_bind/spine_1_bind/spine_2_bind/spine_3_bind/spine_4_bind/spine_5_bind/chest_bind/clavicle_r_bind/shoulder_combo_r_driver final","cat":"step","ph":"X","ts":112785,"dur":1,"pid":1,"tid":24},
{"name":"ProviderMatrix /Biped/Rig/Joints/hips_bind/spine_0_bind/spine_1_bind/spine_2_bind/spine_3_bind/spine_4_bind/spine_5_bind/chest_bind/clavicle_r_bind/shoulder_r_bind/elbow_r_bind/wrist_r_bind/index_001_r_bind/index_002_r_bind/index_003_r_bind final","cat":"step","ph":"X","ts":112539,"dur":1,"pid":1,"tid":4},
{"name":"ProviderMatrix /Biped/Rig/Joints/hips_bind/spine_0_bind/spine_1_bind/spine_2_bind/spine_3_bind/spine_4_bind/spine_5_bind/chest_bind/clavicle_r_bind/shoulder_r_bind/elbow_r_bind/wrist_r_bind/middle_001_r_bind/middle_002_r_bind/middle_003_r_bind final","cat":"step","ph":"X","ts":112540,"dur":1,"pid":1,"tid":4},
{"name":"ProviderMatrix /Biped/Rig/Joints/hips_bind/spine_0_bind/spine_1_bind/spine_2_bind/spine_3_bind/spine_4_bind/spine_5_bind/chest_bind/clavicle_r_bind/shoulder_r_bind/elbow_r_bind/wrist_r_bind/pinkyCup_r_bind final","cat":"step","ph":"X","ts":112549,"dur":1,"pid":1,"tid":0},
{"name":"ProviderMatrix /Biped/Rig/Joints/hips_bind/spine_0_bind/spine_1_bind/spine_2_bind/spine_3_bind/spine_4_bind/spine_5_bind/chest_bind/clavicle_r_bind/shoulder_r_bind/elbow_r_bind/wrist_r_bind/ring_001_r_bind/ring_002_r_bind/ring_003_r_bind final","cat":"step","ph":"X","ts":112541,"dur":1,"pid":1,"tid":4},
{"name":"ProviderMatrix /Biped/Rig/Joints/hips_bind/spine_0_bind/spine_1_bind/spine_2_bind/spine_3_bind/spine_4_bind/spine_5_bind/chest_bind/neck_base_bind/neck_0_bind/neck_1_bind/neck_2_bind final","cat":"step","ph":"X","ts":112843,"dur":1,"pid":1,"tid":25},
{"name":"ProviderMatrix /Biped/Rig/Joints/hips_bind/spine_0_bind/spine_1_bind/spine_2_bind/spine_3_bind/spine_4_bind/spine_5_bind/chest_bind/neck_base_bind/neck_0_bind/neck_1_bind/neck_2_bind/neck_3_bind/skull_bind/face_lower_bind/jaw_bind/tongue_0_bind/tongue_1_bind/tongue_2_bind final","cat":"step","ph":"X","ts":112855,"dur":1,"pid":1,"tid":25},
{"name":"ProviderMatrix /Biped/Rig/Joints/hips_bind/spine_0_bind/spine_1_bind/spine_2_bind/spine_3_bind/spine_4_bind/spine_5_bind/chest_bind/neck_base_bind/neck_0_bind/neck_1_bind/neck_2_bind/neck_3_bind/skull_bind/face_upper_bind/head_tip_bind/brow_inner_r_bind final","cat":"step","ph":"X","ts":112856,"dur":1,"pid":1,"tid":25},
{"name":"ProviderMatrix /Biped/Rig/Joints/neck_ik_neck_0_bind/neck_ik_neck_1_bind/neck_ik_neck_2_bind/neck_ik_neck_3_bind final","cat":"step","ph":"X","ts":112552,"dur":1,"pid":1,"tid":0},
{"name":"ProviderMatrix /Biped/Rig/Joints/spine_ik_spine_0_bind/spine_ik_spine_1_bind/spine_ik_spine_2_bind/spine_ik_spine_3_bind/spine_ik_spine_4_bind/spine_ik_spine_5_bind final","cat":"step","ph":"X","ts":112406,"dur":1,"pid":1,"tid":19},
{"name":"InfluenceFold /Biped/Rig/Movers/skin_body_geo/body_geo_skin","cat":"step","ph":"X","ts":112857,"dur":23,"pid":1,"tid":25},
{"name":"RevisionChunk /Biped/Rig/Movers/skin_body_geo/body_geo_skin","cat":"step","ph":"X","ts":112880,"dur":804,"pid":1,"tid":25},
{"name":"RevisionFuse /Biped/Rig/Movers/skin_body_geo/body_geo_skin","cat":"step","ph":"X","ts":113684,"dur":2,"pid":1,"tid":25},
{"name":"ChainStatus /Biped/Geom/body_geo.points","cat":"step","ph":"X","ts":113686,"dur":16,"pid":1,"tid":25},
{"name":"Derived /Biped/Geom/body_geo.extent","cat":"step","ph":"X","ts":113702,"dur":313,"pid":1,"tid":25},
{"name":"cluster 0","cat":"cluster","ph":"X","ts":112335,"dur":8,"pid":1,"tid":0,"args":{"level":"1","steps":"21","waitUs":"1"}},
{"name":"cluster 1","cat":"cluster","ph":"X","ts":112343,"dur":7,"pid":1,"tid":0,"args":{"level":"2","steps":"30","waitUs":"0"}},
{"name":"cluster 2","cat":"cluster","ph":"X","ts":112362,"dur":6,"pid":1,"tid":0,"args":{"level":"3","steps":"20","waitUs":"12"}},
{"name":"cluster 3","cat":"cluster","ph":"X","ts":112373,"dur":12,"pid":1,"tid":0,"args":{"level":"4","steps":"17","waitUs":"5"}},
{"name":"cluster 4","cat":"cluster","ph":"X","ts":112386,"dur":9,"pid":1,"tid":19,"args":{"level":"5","steps":"17","waitUs":"1"}},
{"name":"cluster 5","cat":"cluster","ph":"X","ts":112406,"dur":26,"pid":1,"tid":20,"args":{"level":"6","steps":"23","waitUs":"11"}},
{"name":"cluster 6","cat":"cluster","ph":"X","ts":112435,"dur":4,"pid":1,"tid":20,"args":{"level":"7","steps":"15","waitUs":"3"}},
{"name":"cluster 7","cat":"cluster","ph":"X","ts":112445,"dur":7,"pid":1,"tid":7,"args":{"level":"8","steps":"13","waitUs":"6"}},
{"name":"cluster 8","cat":"cluster","ph":"X","ts":112355,"dur":7,"pid":1,"tid":0,"args":{"level":"3","steps":"15","waitUs":"5"}},
{"name":"cluster 9","cat":"cluster","ph":"X","ts":112457,"dur":9,"pid":1,"tid":17,"args":{"level":"9","steps":"15","waitUs":"5"}},
{"name":"cluster 10","cat":"cluster","ph":"X","ts":112467,"dur":9,"pid":1,"tid":7,"args":{"level":"10","steps":"17","waitUs":"1"}},
{"name":"cluster 11","cat":"cluster","ph":"X","ts":112510,"dur":8,"pid":1,"tid":2,"args":{"level":"11","steps":"16","waitUs":"9"}},
{"name":"cluster 12","cat":"cluster","ph":"X","ts":112432,"dur":3,"pid":1,"tid":20,"args":{"level":"7","steps":"6","waitUs":"0"}},
{"name":"cluster 13","cat":"cluster","ph":"X","ts":112519,"dur":13,"pid":1,"tid":4,"args":{"level":"12","steps":"12","waitUs":"1"}},
{"name":"cluster 14","cat":"cluster","ph":"X","ts":112537,"dur":6,"pid":1,"tid":0,"args":{"level":"13","steps":"6","waitUs":"5"}},
{"name":"cluster 16","cat":"cluster","ph":"X","ts":112396,"dur":11,"pid":1,"tid":19,"args":{"level":"6","steps":"12","waitUs":"1"}},
{"name":"cluster 17","cat":"cluster","ph":"X","ts":112385,"dur":5,"pid":1,"tid":0,"args":{"level":"5","steps":"8","waitUs":"0"}},
{"name":"cluster 18","cat":"cluster","ph":"X","ts":112543,"dur":7,"pid":1,"tid":0,"args":{"level":"14","steps":"15","waitUs":"0"}},
{"name":"cluster 19","cat":"cluster","ph":"X","ts":112439,"dur":5,"pid":1,"tid":20,"args":{"level":"8","steps":"2","waitUs":"0"}},
{"name":"cluster 20","cat":"cluster","ph":"X","ts":112368,"dur":4,"pid":1,"tid":0,"args":{"level":"4","steps":"6","waitUs":"0"}},
{"name":"cluster 21","cat":"cluster","ph":"X","ts":112470,"dur":4,"pid":1,"tid":20,"args":{"level":"10","steps":"3","waitUs":"4"}},
{"name":"cluster 22","cat":"cluster","ph":"X","ts":112472,"dur":9,"pid":1,"tid":21,"args":{"level":"10","steps":"3","waitUs":"6"}},
{"name":"cluster 23","cat":"cluster","ph":"X","ts":112444,"dur":4,"pid":1,"tid":0,"args":{"level":"9","steps":"3","waitUs":"0"}},
{"name":"cluster 24","cat":"cluster","ph":"X","ts":112476,"dur":25,"pid":1,"tid":22,"args":{"level":"10","steps":"4","waitUs":"10"}},
{"name":"cluster 25","cat":"cluster","ph":"X","ts":112445,"dur":11,"pid":1,"tid":17,"args":{"level":"9","steps":"3","waitUs":"1"}},
{"name":"cluster 26","cat":"cluster","ph":"X","ts":112452,"dur":13,"pid":1,"tid":7,"args":{"level":"9","steps":"4","waitUs":"0"}},
{"name":"cluster 27","cat":"cluster","ph":"X","ts":112551,"dur":2,"pid":1,"tid":0,"args":{"level":"15","steps":"10","waitUs":"1"}},
{"name":"cluster 28","cat":"cluster","ph":"X","ts":112553,"dur":5,"pid":1,"tid":0,"args":{"level":"16","steps":"4","waitUs":"0"}},
{"name":"cluster 29","cat":"cluster","ph":"X","ts":112559,"dur":19,"pid":1,"tid":0,"args":{"level":"17","steps":"6","waitUs":"1"}},
{"name":"cluster 30","cat":"cluster","ph":"X","ts":112580,"dur":23,"pid":1,"tid":23,"args":{"level":"18","steps":"5","waitUs":"2"}},
{"name":"cluster 31","cat":"cluster","ph":"X","ts":112606,"dur":14,"pid":1,"tid":3,"args":{"level":"19","steps":"5","waitUs":"3"}},
{"name":"cluster 32","cat":"cluster","ph":"X","ts":112475,"dur":7,"pid":1,"tid":17,"args":{"level":"10","steps":"3","waitUs":"9"}},
{"name":"cluster 33","cat":"cluster","ph":"X","ts":112482,"dur":3,"pid":1,"tid":17,"args":{"level":"11","steps":"2","waitUs":"0"}},
{"name":"cluster 34","cat":"cluster","ph":"X","ts":112627,"dur":19,"pid":1,"tid":12,"args":{"level":"20","steps":"4","waitUs":"6"}},
{"name":"cluster 35","cat":"cluster","ph":"X","ts":112648,"dur":10,"pid":1,"tid":14,"args":{"level":"21","steps":"3","waitUs":"2"}},
{"name":"cluster 36","cat":"cluster","ph":"X","ts":112660,"dur":16,"pid":1,"tid":24,"args":{"level":"22","steps":"4","waitUs":"2"}},
{"name":"cluster 37","cat":"cluster","ph":"X","ts":112676,"dur":14,"pid":1,"tid":24,"args":{"level":"23","steps":"9","waitUs":"0"}},
{"name":"cluster 38","cat":"cluster","ph":"X","ts":112690,"dur":11,"pid":1,"tid":24,"args":{"level":"24","steps":"6","waitUs":"0"}},
{"name":"cluster 39","cat":"cluster","ph":"X","ts":112701,"dur":6,"pid":1,"tid":24,"args":{"level":"25","steps":"3","waitUs":"0"}},
{"name":"cluster 40","cat":"cluster","ph":"X","ts":112707,"dur":5,"pid":1,"tid":24,"args":{"level":"26","steps":"2","waitUs":"0"}},
{"name":"cluster 41","cat":"cluster","ph":"X","ts":112712,"dur":6,"pid":1,"tid":24,"args":{"level":"27","steps":"1","waitUs":"0"}},
{"name":"cluster 42","cat":"cluster","ph":"X","ts":112718,"dur":15,"pid":1,"tid":24,"args":{"level":"28","steps":"2","waitUs":"0"}},
{"name":"cluster 43","cat":"cluster","ph":"X","ts":112733,"dur":6,"pid":1,"tid":24,"args":{"level":"29","steps":"1","waitUs":"0"}},
{"name":"cluster 44","cat":"cluster","ph":"X","ts":112739,"dur":5,"pid":1,"tid":24,"args":{"level":"30","steps":"2","waitUs":"0"}},
{"name":"cluster 45","cat":"cluster","ph":"X","ts":112744,"dur":7,"pid":1,"tid":24,"args":{"level":"31","steps":"1","waitUs":"0"}},
{"name":"cluster 46","cat":"cluster","ph":"X","ts":112751,"dur":5,"pid":1,"tid":24,"args":{"level":"32","steps":"2","waitUs":"0"}},
{"name":"cluster 47","cat":"cluster","ph":"X","ts":112756,"dur":5,"pid":1,"tid":24,"args":{"level":"33","steps":"1","waitUs":"0"}},
{"name":"cluster 48","cat":"cluster","ph":"X","ts":112761,"dur":5,"pid":1,"tid":24,"args":{"level":"34","steps":"1","waitUs":"0"}},
{"name":"cluster 49","cat":"cluster","ph":"X","ts":112766,"dur":6,"pid":1,"tid":24,"args":{"level":"35","steps":"4","waitUs":"0"}},
{"name":"cluster 50","cat":"cluster","ph":"X","ts":112772,"dur":6,"pid":1,"tid":24,"args":{"level":"36","steps":"4","waitUs":"0"}},
{"name":"cluster 51","cat":"cluster","ph":"X","ts":112784,"dur":7,"pid":1,"tid":0,"args":{"level":"37","steps":"3","waitUs":"6"}},
{"name":"cluster 52","cat":"cluster","ph":"X","ts":112795,"dur":15,"pid":1,"tid":25,"args":{"level":"38","steps":"3","waitUs":"4"}},
{"name":"cluster 53","cat":"cluster","ph":"X","ts":112810,"dur":12,"pid":1,"tid":25,"args":{"level":"39","steps":"7","waitUs":"0"}},
{"name":"cluster 54","cat":"cluster","ph":"X","ts":112822,"dur":9,"pid":1,"tid":25,"args":{"level":"40","steps":"6","waitUs":"0"}},
{"name":"cluster 55","cat":"cluster","ph":"X","ts":112831,"dur":9,"pid":1,"tid":25,"args":{"level":"41","steps":"3","waitUs":"0"}},
{"name":"cluster 56","cat":"cluster","ph":"X","ts":112840,"dur":4,"pid":1,"tid":25,"args":{"level":"42","steps":"2","waitUs":"0"}},
{"name":"cluster 57","cat":"cluster","ph":"X","ts":112844,"dur":4,"pid":1,"tid":25,"args":{"level":"43","steps":"1","waitUs":"0"}},
{"name":"cluster 58","cat":"cluster","ph":"X","ts":112848,"dur":3,"pid":1,"tid":25,"args":{"level":"44","steps":"2","waitUs":"0"}},
{"name":"cluster 59","cat":"cluster","ph":"X","ts":112851,"dur":6,"pid":1,"tid":25,"args":{"level":"46","steps":"28","waitUs":"0"}},
{"name":"cluster 60","cat":"cluster","ph":"X","ts":112444,"dur":9,"pid":1,"tid":20,"args":{"level":"9","steps":"7","waitUs":"0"}},
{"name":"cluster 61","cat":"cluster","ph":"X","ts":112627,"dur":7,"pid":1,"tid":3,"args":{"level":"20","steps":"27","waitUs":"6"}},
{"name":"cluster 62","cat":"cluster","ph":"X","ts":112508,"dur":8,"pid":1,"tid":22,"args":{"level":"11","steps":"7","waitUs":"7"}},
{"name":"cluster 63","cat":"cluster","ph":"X","ts":112650,"dur":3,"pid":1,"tid":23,"args":{"level":"21","steps":"3","waitUs":"4"}},
{"name":"cluster 64","cat":"cluster","ph":"X","ts":112783,"dur":3,"pid":1,"tid":24,"args":{"level":"37","steps":"8","waitUs":"5"}},
{"name":"cluster 65","cat":"cluster","ph":"X","ts":112578,"dur":9,"pid":1,"tid":0,"args":{"level":"18","steps":"7","waitUs":"0"}},
{"name":"cluster 66","cat":"cluster","ph":"X","ts":112659,"dur":9,"pid":1,"tid":14,"args":{"level":"22","steps":"7","waitUs":"1"}},
{"name":"cluster 67","cat":"cluster","ph":"X","ts":112467,"dur":8,"pid":1,"tid":17,"args":{"level":"10","steps":"9","waitUs":"1"}},
{"name":"cluster 68","cat":"cluster","ph":"X","ts":112791,"dur":4,"pid":1,"tid":0,"args":{"level":"38","steps":"3","waitUs":"0"}},
{"name":"cluster 69","cat":"cluster","ph":"X","ts":112647,"dur":11,"pid":1,"tid":12,"args":{"level":"21","steps":"10","waitUs":"0"}},
{"name":"cluster 70","cat":"cluster","ph":"X","ts":112603,"dur":10,"pid":1,"tid":23,"args":{"level":"19","steps":"27","waitUs":"0"}},
{"name":"cluster 71","cat":"cluster","ph":"X","ts":112518,"dur":8,"pid":1,"tid":2,"args":{"level":"12","steps":"30","waitUs":"0"}},
{"name":"cluster 72","cat":"cluster","ph":"X","ts":112533,"dur":9,"pid":1,"tid":4,"args":{"level":"13","steps":"36","waitUs":"1"}},
{"name":"cluster 73","cat":"cluster","ph":"X","ts":112857,"dur":23,"pid":1,"tid":25,"args":{"level":"47","steps":"1","waitUs":"0"}},
{"name":"cluster 74","cat":"cluster","ph":"X","ts":112880,"dur":804,"pid":1,"tid":25,"args":{"level":"48","steps":"1","waitUs":"0"}},
{"name":"cluster 75","cat":"cluster","ph":"X","ts":113684,"dur":331,"pid":1,"tid":25,"args":{"level":"51","steps":"3","waitUs":"0"}},
{"name":"BakedPublish","cat":"baked","ph":"X","ts":114268,"dur":50,"pid":1,"tid":0},
{"name":"BakedEpilogue","cat":"baked","ph":"X","ts":114021,"dur":304,"pid":1,"tid":0},
{"name":"Baked","cat":"baked","ph":"X","ts":112195,"dur":2130,"pid":1,"tid":0},
{"name":"Evaluate.Run","cat":"evaluate","ph":"X","ts":112195,"dur":2131,"pid":1,"tid":0},
{"name":"Evaluate@3","cat":"evaluate","ph":"X","ts":112193,"dur":2133,"pid":1,"tid":0},
{"name":"Evaluate.Settle","cat":"evaluate","ph":"X","ts":114342,"dur":1,"pid":1,"tid":0},
{"name":"Evaluate.PlaceOverrides","cat":"evaluate","ph":"X","ts":114343,"dur":0,"pid":1,"tid":0},
{"name":"PropertyChains","cat":"property","ph":"X","ts":114345,"dur":6,"pid":1,"tid":0},
{"name":"BakedInputs","cat":"baked","ph":"X","ts":114351,"dur":8,"pid":1,"tid":0},
{"name":"BakedChainBase","cat":"geometry","ph":"X","ts":114455,"dur":2,"pid":1,"tid":0},
{"name":"BakedPrologue","cat":"baked","ph":"X","ts":114344,"dur":114,"pid":1,"tid":0},
{"name":"BakedRegion","cat":"baked","ph":"X","ts":114458,"dur":1120,"pid":1,"tid":0},
{"name":"ComposeSubtree /Biped/Rig/Controls/arm_l_ik","cat":"step","ph":"X","ts":114485,"dur":1,"pid":1,"tid":0},
{"name":"ComposeSubtree /Biped/Rig/Controls/hips_ctl","cat":"step","ph":"X","ts":114486,"dur":1,"pid":1,"tid":0},
{"name":"ComposeSubtree /Biped/Rig/Controls/hips_ctl/spine_root_pivot/spine_root_ctl/pelvis_l_ctl/leg_l_root","cat":"step","ph":"X","ts":114513,"dur":1,"pid":1,"tid":25},
{"name":"ComposeSubtree /Biped/Rig/Controls/hips_ctl/spine_root_pivot/spine_root_ctl/pelvis_l_ctl/leg_l_root/leg_l_fk_thigh_l_bind/leg_l_fk_knee_l_bind","cat":"step","ph":"X","ts":114524,"dur":1,"pid":1,"tid":20},
{"name":"ComposeSubtree /Biped/Rig/Controls/hips_ctl/spine_root_pivot/spine_root_ctl/pelvis_r_ctl","cat":"step","ph":"X","ts":114514,"dur":1,"pid":1,"tid":25},
{"name":"ComposeSubtree /Biped/Rig/Controls/hips_ctl/torso_ctl/spine_end_pivot/spine_end_ctl","cat":"step","ph":"X","ts":114515,"dur":1,"pid":1,"tid":25},
{"name":"ComposeSubtree /Biped/Rig/Controls/hips_ctl/torso_ctl/spine_end_pivot/spine_end_ctl/clavicle_l_ctl/arm_l_root/arm_l_fk_shoulder_l_bind/arm_l_fk_elbow_l_bind","cat":"step","ph":"X","ts":114545,"dur":1,"pid":1,"tid":0},
{"name":"ComposeSubtree /Biped/Rig/Controls/hips_ctl/torso_ctl/spine_end_pivot/spine_end_ctl/clavicle_r_ctl","cat":"step","ph":"X","ts":114526,"dur":1,"pid":1,"tid":20},
{"name":"ComposeSubtree /Biped/Rig/Controls/hips_ctl/torso_ctl/spine_end_pivot/spine_end_ctl/clavicle_r_ctl/arm_r_root/arm_r_fk_shoulder_r_bind/arm_r_fk_elbow_r_bind","cat":"step","ph":"X","ts":114551,"dur":1,"pid":1,"tid":0},
{"name":"ComposeSubtree /Biped/Rig/Controls/index_001_l_bind_fk_follow","cat":"step","ph":"X","ts":114487,"dur":1,"pid":1,"tid":0},
{"name":"ComposeSubtree /Biped/Rig/Controls/index_001_l_bind_fk_follow/index_001_l_bind_fk/index_002_l_bind_fk","cat":"step","ph":"X","ts":114493,"dur":1,"pid":1,"tid":0},
{"name":"ComposeSubtree /Biped/Rig/Controls/index_001_r_bind_fk_follow/index_001_r_bind_fk/index_002_r_bind_fk/index_003_r_bind_fk","cat":"step","ph":"X","ts":114516,"dur":1,"pid":1,"tid":25},
{"name":"ComposeSubtree /Biped/Rig/Controls/leg_l_ik/ankle_l_pivot/bankIn_l_pivot/bankOut_l_pivot/heel_l_roll/heel_l/ball_l_pivot","cat":"step","ph":"X","ts":114527,"dur":1,"pid":1,"tid":20},
{"name":"ComposeSubtree /Biped/Rig/Controls/leg_l_ik/ankle_l_pivot/bankIn_l_pivot/bankOut_l_pivot/heel_l_roll/heel_l/ball_l_pivot/toe_l_roll/toe_l","cat":"step","ph":"X","ts":114546,"dur":1,"pid":1,"tid":0},
{"name":"ComposeSubtree /Biped/Rig/Controls/leg_r_ik/ankle_r_pivot","cat":"step","ph":"X","ts":114494,"dur":1,"pid":1,"tid":0},
{"name":"ComposeSubtree /Biped/Rig/Controls/leg_r_ik/ankle_r_pivot/bankIn_r_pivot/bankOut_r_pivot/heel_r_roll/heel_r/ball_r_pivot/toe_r_roll/toe_r/ballRoll_r_up/ballRoll_r_down/ballRoll_r","cat":"step","ph":"X","ts":114559,"dur":1,"pid":1,"tid":0},
{"name":"ComposeSubtree /Biped/Rig/Controls/leg_r_ik/ankle_r_pivot/bankIn_r_pivot/bankOut_r_pivot/heel_r_roll/heel_r/ball_r_pivot/toe_r_roll/toe_r/ballRoll_r_up/ballRoll_r_down/ballRoll_r/ball_r_ikTarget","cat":"step","ph":"X","ts":114568,"dur":1,"pid":1,"tid":6},
{"name":"ComposeSubtree /Biped/Rig/Controls/leg_r_ik/ankle_r_pivot/bankIn_r_pivot/bankOut_r_pivot/heel_r_roll/heel_r/ball_r_pivot/toe_r_roll_twin","cat":"step","ph":"X","ts":114547,"dur":1,"pid":1,"tid":0},
{"name":"ComposeSubtree /Biped/Rig/Controls/leg_r_ik/ankle_r_pivot/bank_r","cat":"step","ph":"X","ts":114518,"dur":1,"pid":1,"tid":25},
{"name":"ComposeSubtree /Biped/Rig/Controls/pinkyCup_l_bind_fk_follow","cat":"step","ph":"X","ts":114489,"dur":1,"pid":1,"tid":0},
{"name":"ComposeSubtree /Biped/Rig/Controls/pinkyCup_l_bind_fk_follow/pinkyCup_l_bind_fk/pinky_001_l_bind_fk/pinky_002_l_bind_fk/pinky_003_l_bind_fk","cat":"step","ph":"X","ts":114519,"dur":1,"pid":1,"tid":25},
{"name":"ComposeSubtree /Biped/Rig/Controls/ring_001_l_bind_fk_follow/ring_001_l_bind_fk/ring_002_l_bind_fk","cat":"step","ph":"X","ts":114495,"dur":1,"pid":1,"tid":0},
{"name":"ComposeSubtree /Biped/Rig/Controls/ring_001_r_bind_fk_follow/ring_001_r_bind_fk/ring_002_r_bind_fk/ring_003_r_bind_fk","cat":"step","ph":"X","ts":114520,"dur":1,"pid":1,"tid":25},
{"name":"ComposeSubtree /Biped/Rig/Controls/spine_mid_follow","cat":"step","ph":"X","ts":114490,"dur":1,"pid":1,"tid":0},
{"name":"ComposeSubtree /Biped/Rig/Joints/ankle_l_pivot","cat":"step","ph":"X","ts":114491,"dur":1,"pid":1,"tid":0},
{"name":"ComposeSubtree /Biped/Rig/Joints/ankle_l_pivot/bankIn_l_pivot/bankOut_l_pivot/heel_l_pivot/ball_l_pivot","cat":"step","ph":"X","ts":114521,"dur":1,"pid":1,"tid":25},
{"name":"ComposeSubtree /Biped/Rig/Joints/ankle_l_pivot/bankIn_l_pivot/bankOut_l_pivot/heel_l_pivot/ball_l_pivot/toe_l_pivot/ballRoll_l_pivot","cat":"step","ph":"X","ts":114528,"dur":1,"pid":1,"tid":20},
{"name":"ComposeSubtree /Biped/Rig/Joints/ankle_r_pivot/bankIn_r_pivot/bankOut_r_pivot","cat":"step","ph":"X","ts":114496,"dur":1,"pid":1,"tid":0},
{"name":"ComposeSubtree /Biped/Rig/Joints/hips_bind/pelvis_l_bind/thigh_l_bind/knee_l_bind/ankleTwist_l_bind","cat":"step","ph":"X","ts":114505,"dur":1,"pid":1,"tid":0},
{"name":"ComposeSubtree /Biped/Rig/Joints/hips_bind/pelvis_l_bind/thigh_l_bind/knee_l_bind/ankle_l_bind/ball_l_bind","cat":"step","ph":"X","ts":114529,"dur":1,"pid":1,"tid":20},
{"name":"ComposeSubtree /Biped/Rig/Joints/hips_bind/pelvis_l_bind/thigh_l_bind/knee_l_bind/ankle_l_bind/ball_l_bind/toe2_001_l_bind/toe2_002_l_bind/toe2_003_l_bind","cat":"step","ph":"X","ts":114553,"dur":1,"pid":1,"tid":0},
{"name":"ComposeSubtree /Biped/Rig/Joints/hips_bind/pelvis_l_bind/thigh_l_bind/knee_l_bind/ankle_l_bind/ball_l_bind/toe3_001_l_bind","cat":"step","ph":"X","ts":114548,"dur":1,"pid":1,"tid":0},
{"name":"ComposeSubtree /Biped/Rig/Joints/hips_bind/pelvis_l_bind/thigh_l_bind/knee_l_bind/ankle_l_bind/ball_l_bind/toe_l_bind","cat":"step","ph":"X","ts":114549,"dur":1,"pid":1,"tid":0},
{"name":"ComposeSubtree /Biped/Rig/Joints/hips_bind/pelvis_r_bind","cat":"step","ph":"X","ts":114497,"dur":1,"pid":1,"tid":0},
{"name":"ComposeSubtree /Biped/Rig/Joints/hips_bind/pelvis_r_bind/thighNoTwist_r_bind","cat":"step","ph":"X","ts":114506,"dur":1,"pid":1,"tid":0},
{"name":"ComposeSubtree /Biped/Rig/Joints/hips_bind/pelvis_r_bind/thigh_r_bind/knee_r_bind/ankleTwist_r_bind","cat":"step","ph":"X","ts":114530,"dur":1,"pid":1,"tid":20},
{"name":"ComposeSubtree /Biped/Rig/Joints/hips_bind/pelvis_r_bind/thigh_r_bind/knee_r_bind/ankle_r_bind/ball_r_bind/toe1_001_r_bind/toe1_002_r_bind","cat":"step","ph":"X","ts":114554,"dur":1,"pid":1,"tid":0},
{"name":"ComposeSubtree /Biped/Rig/Joints/hips_bind/pelvis_r_bind/thigh_r_bind/knee_r_bind/ankle_r_bind/ball_r_bind/toe2_001_r_bind/toe2_002_r_bind/toe2_003_r_bind","cat":"step","ph":"X","ts":114560,"dur":1,"pid":1,"tid":0},
{"name":"ComposeSubtree /Biped/Rig/Joints/hips_bind/pelvis_r_bind/thigh_r_bind/knee_r_bind/ankle_r_bind/ball_r_bind/toe5_001_r_bind","cat":"step","ph":"X","ts":114555,"dur":1,"pid":1,"tid":0},
{"name":"ComposeSubtree /Biped/Rig/Joints/hips_bind/spine_0_bind/spine_1_bind/spine_2_bind/spine_3_bind/spine_4_bind/spine_5_bind/chest_bind/clavicle_l_bind/clavicle_trans_l_bind/shoulder_l_driver","cat":"step","ph":"X","ts":114561,"dur":1,"pid":1,"tid":0},
{"name":"ComposeSubtree /Biped/Rig/Joints/hips_bind/spine_0_bind/spine_1_bind/spine_2_bind/spine_3_bind/spine_4_bind/spine_5_bind/chest_bind/clavicle_l_bind/shoulderNoTwist_l_bind","cat":"step","ph":"X","ts":114556,"dur":1,"pid":1,"tid":0},
{"name":"ComposeSubtree /Biped/Rig/Joints/hips_bind/spine_0_bind/spine_1_bind/spine_2_bind/spine_3_bind/spine_4_bind/spine_5_bind/chest_bind/clavicle_l_bind/shoulder_l_bind/elbow_l_bind/wrist_l_bind/index_001_l_bind","cat":"step","ph":"X","ts":114569,"dur":1,"pid":1,"tid":6},
{"name":"ComposeSubtree /Biped/Rig/Joints/hips_bind/spine_0_bind/spine_1_bind/spine_2_bind/spine_3_bind/spine_4_bind/spine_5_bind/chest_bind/clavicle_l_bind/shoulder_l_bind/elbow_l_bind/wrist_l_bind/index_001_l_bind/index_002_l_bind","cat":"step","ph":"X","ts":114583,"dur":9,"pid":1,"tid":5},
{"name":"ComposeSubtree /Biped/Rig/Joints/hips_bind/spine_0_bind/spine_1_bind/spine_2_bind/spine_3_bind/spine_4_bind/spine_5_bind/chest_bind/clavicle_l_bind/shoulder_l_bind/elbow_l_bind/wrist_l_bind/index_001_l_bind/index_002_l_bind/index_003_l_bind/index_004_l_bind","cat":"step","ph":"X","ts":114660,"dur":1,"pid":1,"tid":0},
{"name":"ComposeSubtree /Biped/Rig/Joints/hips_bind/spine_0_bind/spine_1_bind/spine_2_bind/spine_3_bind/spine_4_bind/spine_5_bind/chest_bind/clavicle_l_bind/shoulder_l_bind/elbow_l_bind/wrist_l_bind/middle_001_l_bind/middle_002_l_bind","cat":"step","ph":"X","ts":114592,"dur":3,"pid":1,"tid":5},
{"name":"ComposeSubtree /Biped/Rig/Joints/hips_bind/spine_0_bind/spine_1_bind/spine_2_bind/spine_3_bind/spine_4_bind/spine_5_bind/chest_bind/clavicle_l_bind/shoulder_l_bind/elbow_l_bind/wrist_l_bind/pinkyCup_l_bind","cat":"step","ph":"X","ts":114570,"dur":1,"pid":1,"tid":6},
{"name":"ComposeSubtree /Biped/Rig/Joints/hips_bind/spine_0_bind/spine_1_bind/spine_2_bind/spine_3_bind/spine_4_bind/spine_5_bind/chest_bind/clavicle_l_bind/shoulder_l_bind/elbow_l_bind/wrist_l_bind/pinkyCup_l_bind/pinky_001_l_bind/pinky_002_combo_l_driver","cat":"step","ph":"X","ts":114595,"dur":2,"pid":1,"tid":5},
{"name":"ComposeSubtree /Biped/Rig/Joints/hips_bind/spine_0_bind/spine_1_bind/spine_2_bind/spine_3_bind/spine_4_bind/spine_5_bind/chest_bind/clavicle_l_bind/shoulder_l_bind/elbow_l_bind/wrist_l_bind/pinkyCup_l_bind/pinky_001_l_bind/pinky_002_l_bind/pinky_003_l_bind","cat":"step","ph":"X","ts":114661,"dur":1,"pid":1,"tid":0},
{"name":"ComposeSubtree /Biped/Rig/Joints/hips_bind/spine_0_bind/spine_1_bind/spine_2_bind/spine_3_bind/spine_4_bind/spine_5_bind/chest_bind/clavicle_l_bind/shoulder_l_bind/elbow_l_bind/wrist_l_bind/pinkyCup_l_bind/pinky_001_l_bind/pinky_002_l_bind/pinky_003_l_bind/pinky_004_l_bind","cat":"step","ph":"X","ts":114710,"dur":1,"pid":1,"tid":18},
{"name":"ComposeSubtree /Biped/Rig/Joints/hips_bind/spine_0_bind/spine_1_bind/spine_2_bind/spine_3_bind/spine_4_bind/spine_5_bind/chest_bind/clavicle_l_bind/shoulder_l_bind/elbow_l_bind/wrist_l_bind/ring_001_l_bind/ring_002_l_bind","cat":"step","ph":"X","ts":114597,"dur":3,"pid":1,"tid":5},
{"name":"ComposeSubtree /Biped/Rig/Joints/hips_bind/spine_0_bind/spine_1_bind/spine_2_bind/spine_3_bind/spine_4_bind/spine_5_bind/chest_bind/clavicle_l_bind/shoulder_l_bind/elbow_l_bind/wrist_l_bind/thumbCup_l_bind/thumb_001_l_bind/thumb_002_l_bind","cat":"step","ph":"X","ts":114600,"dur":1,"pid":1,"tid":5},
{"name":"ComposeSubtree /Biped/Rig/Joints/hips_bind/spine_0_bind/spine_1_bind/spine_2_bind/spine_3_bind/spine_4_bind/spine_5_bind/chest_bind/clavicle_l_bind/shoulder_l_bind/elbow_l_bind/wrist_l_bind/thumbCup_l_bind/thumb_001_l_bind/thumb_002_l_bind/thumb_003_l_bind","cat":"step","ph":"X","ts":114662,"dur":1,"pid":1,"tid":0},
{"name":"ComposeSubtree /Biped/Rig/Joints/hips_bind/spine_0_bind/spine_1_bind/spine_2_bind/spine_3_bind/spine_4_bind/spine_5_bind/chest_bind/clavicle_r_bind/clavicle_trans_r_bind","cat":"step","ph":"X","ts":114562,"dur":1,"pid":1,"tid":0},
{"name":"ComposeSubtree /Biped/Rig/Joints/hips_bind/spine_0_bind/spine_1_bind/spine_2_bind/spine_3_bind/spine_4_bind/spine_5_bind/chest_bind/clavicle_r_bind/clavicle_trans_r_bind/shoulder_r_driver","cat":"step","ph":"X","ts":114571,"dur":1,"pid":1,"tid":6},
{"name":"ComposeSubtree /Biped/Rig/Joints/hips_bind/spine_0_bind/spine_1_bind/spine_2_bind/spine_3_bind/spine_4_bind/spine_5_bind/chest_bind/clavicle_r_bind/shoulder_r_bind","cat":"step","ph":"X","ts":114562,"dur":1,"pid":1,"tid":20},
{"name":"ComposeSubtree /Biped/Rig/Joints/hips_bind/spine_0_bind/spine_1_bind/spine_2_bind/spine_3_bind/spine_4_bind/spine_5_bind/chest_bind/clavicle_r_bind/shoulder_r_bind/elbow_r_bind/wristTwist_r_driver","cat":"step","ph":"X","ts":114572,"dur":1,"pid":1,"tid":6},
{"name":"ComposeSubtree /Biped/Rig/Joints/hips_bind/spine_0_bind/spine_1_bind/spine_2_bind/spine_3_bind/spine_4_bind/spine_5_bind/chest_bind/clavicle_r_bind/shoulder_r_bind/elbow_r_bind/wrist_r_bind/index_001_r_bind","cat":"step","ph":"X","ts":114601,"dur":3,"pid":1,"tid":5},
{"name":"ComposeSubtree /Biped/Rig/Joints/hips_bind/spine_0_bind/spine_1_bind/spine_2_bind/spine_3_bind/spine_4_bind/spine_5_bind/chest_bind/clavicle_r_bind/shoulder_r_bind/elbow_r_bind/wrist_r_bind/middle_001_r_bind","cat":"step","ph":"X","ts":114604,"dur":3,"pid":1,"tid":5},
{"name":"ComposeSubtree /Biped/Rig/Joints/hips_bind/spine_0_bind/spine_1_bind/spine_2_bind/spine_3_bind/spine_4_bind/spine_5_bind/chest_bind/clavicle_r_bind/shoulder_r_bind/elbow_r_bind/wrist_r_bind/middle_001_r_bind/middle_002_r_bind","cat":"step","ph":"X","ts":114663,"dur":1,"pid":1,"tid":0},
{"name":"ComposeSubtree /Biped/Rig/Joints/hips_bind/spine_0_bind/spine_1_bind/spine_2_bind/spine_3_bind/spine_4_bind/spine_5_bind/chest_bind/clavicle_r_bind/shoulder_r_bind/elbow_r_bind/wrist_r_bind/middle_001_r_bind/middle_002_r_bind/middle_003_r_bind/middle_004_r_bind","cat":"step","ph":"X","ts":114711,"dur":1,"pid":1,"tid":18},
{"name":"ComposeSubtree /Biped/Rig/Joints/hips_bind/spine_0_bind/spine_1_bind/spine_2_bind/spine_3_bind/spine_4_bind/spine_5_bind/chest_bind/clavicle_r_bind/shoulder_r_bind/elbow_r_bind/wrist_r_bind/pinkyCup_r_bind","cat":"step","ph":"X","ts":114607,"dur":2,"pid":1,"tid":5},
{"name":"ComposeSubtree /Biped/Rig/Joints/hips_bind/spine_0_bind/spine_1_bind/spine_2_bind/spine_3_bind/spine_4_bind/spine_5_bind/chest_bind/clavicle_r_bind/shoulder_r_bind/elbow_r_bind/wrist_r_bind/pinkyCup_r_bind/pinky_001_r_bind/pinky_002_r_bind/pinky_003_r_bind/pinky_004_r_bind","cat":"step","ph":"X","ts":114733,"dur":1,"pid":1,"tid":5},
{"name":"ComposeSubtree /Biped/Rig/Joints/hips_bind/spine_0_bind/spine_1_bind/spine_2_bind/spine_3_bind/spine_4_bind/spine_5_bind/chest_bind/clavicle_r_bind/shoulder_r_bind/elbow_r_bind/wrist_r_bind/ring_001_r_bind","cat":"step","ph":"X","ts":114609,"dur":3,"pid":1,"tid":5},
{"name":"ComposeSubtree /Biped/Rig/Joints/hips_bind/spine_0_bind/spine_1_bind/spine_2_bind/spine_3_bind/spine_4_bind/spine_5_bind/chest_bind/clavicle_r_bind/shoulder_r_bind/elbow_r_bind/wrist_r_bind/thumbCup_r_bind","cat":"step","ph":"X","ts":114612,"dur":2,"pid":1,"tid":5},
{"name":"ComposeSubtree /Biped/Rig/Joints/hips_bind/spine_0_bind/spine_1_bind/spine_2_bind/spine_3_bind/spine_4_bind/spine_5_bind/chest_bind/clavicle_r_bind/shoulder_r_bind/elbow_r_bind/wrist_r_bind/thumbCup_r_bind/thumb_001_r_bind/thumb_002_r_bind/thumb_003_r_bind","cat":"step","ph":"X","ts":114712,"dur":1,"pid":1,"tid":18},
{"name":"ComposeSubtree /Biped/Rig/Joints/hips_bind/spine_0_bind/spine_1_bind/spine_2_bind/spine_3_bind/spine_4_bind/spine_5_bind/chest_bind/neck_base_bind","cat":"step","ph":"X","ts":114557,"dur":1,"pid":1,"tid":0},
{"name":"ComposeSubtree /Biped/Rig/Joints/hips_bind/spine_0_bind/spine_1_bind/spine_2_bind/spine_3_bind/spine_4_bind/spine_5_bind/chest_bind/neck_base_bind/neck_0_bind/neck_1_bind/neck_2_bind/neck_3_bind/skull_bind/face_lower_bind","cat":"step","ph":"X","ts":114614,"dur":3,"pid":1,"tid":5},
{"name":"ComposeSubtree /Biped/Rig/Joints/hips_bind/spine_0_bind/spine_1_bind/spine_2_bind/spine_3_bind/spine_4_bind/spine_5_bind/chest_bind/neck_base_bind/neck_0_bind/neck_1_bind/neck_2_bind/neck_3_bind/skull_bind/face_lower_bind/face_mid_bind/nose_bridge_bind","cat":"step","ph":"X","ts":114665,"dur":1,"pid":1,"tid":0},
{"name":"ComposeSubtree /Biped/Rig/Joints/hips_bind/spine_0_bind/spine_1_bind/spine_2_bind/spine_3_bind/spine_4_bind/spine_5_bind/chest_bind/neck_base_bind/neck_0_bind/neck_1_bind/neck_2_bind/neck_3_bind/skull_bind/face_lower_bind/jaw_bind/tongue_0_bind","cat":"step","ph":"X","ts":114713,"dur":1,"pid":1,"tid":18},
{"name":"ComposeSubtree /Biped/Rig/Joints/hips_bind/spine_0_bind/spine_1_bind/spine_2_bind/spine_3_bind/spine_4_bind/spine_5_bind/chest_bind/neck_base_bind/neck_0_bind/neck_1_bind/neck_2_bind/neck_3_bind/skull_bind/face_upper_bind","cat":"step","ph":"X","ts":114617,"dur":2,"pid":1,"tid":5},
{"name":"ComposeSubtree /Biped/Rig/Joints/hips_bind/spine_0_bind/spine_1_bind/spine_2_bind/spine_3_bind/spine_4_bind/spine_5_bind/chest_bind/neck_base_bind/neck_0_bind/neck_1_bind/neck_2_bind/neck_3_bind/skull_bind/face_upper_bind/eyeSocket_l_bind","cat":"step","ph":"X","ts":114666,"dur":1,"pid":1,"tid":0},
{"name":"ComposeSubtree /Biped/Rig/Joints/neck_ik_neck_0_bind/neck_ik_neck_1_bind","cat":"step","ph":"X","ts":114734,"dur":1,"pid":1,"tid":5},
{"name":"ComposeSubtree /Biped/Rig/Joints/neck_ik_neck_0_bind/neck_ik_neck_1_bind/neck_ik_neck_2_bind/neck_ik_neck_3_bind","cat":"step","ph":"X","ts":114746,"dur":1,"pid":1,"tid":5},
{"name":"ComposeSubtree /Biped/Rig/Joints/pupilCenter_l_pivot","cat":"step","ph":"X","ts":114492,"dur":1,"pid":1,"tid":0},
{"name":"Solve /Biped/Rig/Solvers/arm_l_fkChain","cat":"step","ph":"X","ts":114558,"dur":1,"pid":1,"tid":0},
{"name":"Solve /Biped/Rig/Solvers/arm_r_fkChain","cat":"step","ph":"X","ts":114563,"dur":1,"pid":1,"tid":20},
{"name":"SolverCommit batch 2","cat":"step","ph":"X","ts":114573,"dur":1,"pid":1,"tid":6},
{"name":"Solve /Biped/Rig/Solvers/arm_r_twoBoneIk","cat":"step","ph":"X","ts":114544,"dur":1,"pid":1,"tid":20},
{"name":"Solve /Biped/Rig/Solvers/leg_l_fkChain","cat":"step","ph":"X","ts":114545,"dur":1,"pid":1,"tid":20},
{"name":"Solve /Biped/Rig/Solvers/leg_r_fkChain","cat":"step","ph":"X","ts":114553,"dur":1,"pid":1,"tid":20},
{"name":"Solve /Biped/Rig/Solvers/neck_splineIk","cat":"step","ph":"X","ts":114554,"dur":7,"pid":1,"tid":20},
{"name":"SolverCommit batch 6","cat":"step","ph":"X","ts":114757,"dur":2,"pid":1,"tid":21},
{"name":"Solve /Biped/Rig/Solvers/spine_splineIk","cat":"step","ph":"X","ts":114532,"dur":11,"pid":1,"tid":20},
{"name":"SolverCommit batch 7","cat":"step","ph":"X","ts":114546,"dur":1,"pid":1,"tid":20},
{"name":"SolverCommit batch 8","cat":"step","ph":"X","ts":114619,"dur":11,"pid":1,"tid":5},
{"name":"Solve /Biped/Rig/Solvers/arm_l_ikfk","cat":"step","ph":"X","ts":114564,"dur":1,"pid":1,"tid":20},
{"name":"SolverCommit batch 9","cat":"step","ph":"X","ts":114565,"dur":2,"pid":1,"tid":20},
{"name":"Constraint /Biped/Rig/Movers/spine_mid_follow/spine_mid_follow_pos","cat":"step","ph":"X","ts":114523,"dur":7,"pid":1,"tid":25},
{"name":"Solve /Biped/Rig/Solvers/fk_thumb_r","cat":"step","ph":"X","ts":114667,"dur":2,"pid":1,"tid":0},
{"name":"SolverCommit batch 11","cat":"step","ph":"X","ts":114735,"dur":1,"pid":1,"tid":5},
{"name":"Solve /Biped/Rig/Solvers/fk_ring_r","cat":"step","ph":"X","ts":114681,"dur":1,"pid":1,"tid":0},
{"name":"SolverCommit batch 12","cat":"step","ph":"X","ts":114736,"dur":1,"pid":1,"tid":5},
{"name":"Solve /Biped/Rig/Solvers/fk_pinky_r","cat":"step","ph":"X","ts":114682,"dur":1,"pid":1,"tid":0},
{"name":"SolverCommit batch 13","cat":"step","ph":"X","ts":114747,"dur":1,"pid":1,"tid":5},
{"name":"Solve /Biped/Rig/Solvers/fk_middle_r","cat":"step","ph":"X","ts":114683,"dur":1,"pid":1,"tid":0},
{"name":"SolverCommit batch 14","cat":"step","ph":"X","ts":114737,"dur":1,"pid":1,"tid":5},
{"name":"Solve /Biped/Rig/Solvers/fk_index_r","cat":"step","ph":"X","ts":114689,"dur":3,"pid":1,"tid":26},
{"name":"SolverCommit batch 15","cat":"step","ph":"X","ts":114738,"dur":1,"pid":1,"tid":5},
{"name":"Solve /Biped/Rig/Solvers/fk_thumb_l","cat":"step","ph":"X","ts":114631,"dur":15,"pid":1,"tid":5},
{"name":"SolverCommit batch 16","cat":"step","ph":"X","ts":114715,"dur":1,"pid":1,"tid":18},
{"name":"Solve /Biped/Rig/Solvers/fk_ring_l","cat":"step","ph":"X","ts":114646,"dur":7,"pid":1,"tid":5},
{"name":"Solve /Biped/Rig/Solvers/fk_pinky_l","cat":"step","ph":"X","ts":114573,"dur":2,"pid":1,"tid":10},
{"name":"SolverCommit batch 18","cat":"step","ph":"X","ts":114739,"dur":1,"pid":1,"tid":5},
{"name":"Solve /Biped/Rig/Solvers/fk_middle_l","cat":"step","ph":"X","ts":114575,"dur":2,"pid":1,"tid":10},
{"name":"SolverCommit batch 20","cat":"step","ph":"X","ts":114717,"dur":1,"pid":1,"tid":18},
{"name":"Constraint /Biped/Rig/Movers/spine_mid_follow/spine_mid_follow_aim","cat":"step","ph":"X","ts":114547,"dur":5,"pid":1,"tid":20},
{"name":"Constraint /Biped/Rig/Movers/hand_r_follow/thumbCup_r_bind_fk_follow_to_wrist_r_bind","cat":"step","ph":"X","ts":114692,"dur":4,"pid":1,"tid":26},
{"name":"Constraint /Biped/Rig/Movers/hand_r_follow/ring_001_r_bind_fk_follow_to_wrist_r_bind","cat":"step","ph":"X","ts":114696,"dur":2,"pid":1,"tid":26},
{"name":"Constraint /Biped/Rig/Movers/hand_r_follow/pinkyCup_r_bind_fk_follow_to_wrist_r_bind","cat":"step","ph":"X","ts":114697,"dur":4,"pid":1,"tid":18},
{"name":"Constraint /Biped/Rig/Movers/hand_r_follow/middle_001_r_bind_fk_follow_to_wrist_r_bind","cat":"step","ph":"X","ts":114701,"dur":3,"pid":1,"tid":18},
{"name":"Constraint /Biped/Rig/Movers/hand_r_follow/index_001_r_bind_fk_follow_to_wrist_r_bind","cat":"step","ph":"X","ts":114704,"dur":3,"pid":1,"tid":18},
{"name":"Constraint /Biped/Rig/Movers/hand_l_follow/thumbCup_l_bind_fk_follow_to_wrist_l_bind","cat":"step","ph":"X","ts":114583,"dur":3,"pid":1,"tid":20},
{"name":"Constraint /Biped/Rig/Movers/hand_l_follow/ring_001_l_bind_fk_follow_to_wrist_l_bind","cat":"step","ph":"X","ts":114586,"dur":3,"pid":1,"tid":20},
{"name":"Constraint /Biped/Rig/Movers/hand_l_follow/pinkyCup_l_bind_fk_follow_to_wrist_l_bind","cat":"step","ph":"X","ts":114589,"dur":3,"pid":1,"tid":20},
{"name":"Constraint /Biped/Rig/Movers/hand_l_follow/middle_001_l_bind_fk_follow_to_wrist_l_bind","cat":"step","ph":"X","ts":114575,"dur":5,"pid":1,"tid":6},
{"name":"Constraint /Biped/Rig/Movers/hand_l_follow/index_001_l_bind_fk_follow_to_wrist_l_bind","cat":"step","ph":"X","ts":114580,"dur":3,"pid":1,"tid":6},
{"name":"Constraint /Biped/Rig/Movers/bankIn_r_pivot_rc/bankIn_r_pivot_rotation","cat":"step","ph":"X","ts":114583,"dur":4,"pid":1,"tid":6},
{"name":"Constraint /Biped/Rig/Movers/bankOut_r_pivot_rc/bankOut_r_pivot_rotation","cat":"step","ph":"X","ts":114707,"dur":3,"pid":1,"tid":18},
{"name":"Constraint /Biped/Rig/Movers/heel_r_roll_rc/heel_r_roll_rotation","cat":"step","ph":"X","ts":114718,"dur":1,"pid":1,"tid":18},
{"name":"Constraint /Biped/Rig/Movers/toe_r_roll_rc/toe_r_roll_rotation","cat":"step","ph":"X","ts":114740,"dur":2,"pid":1,"tid":5},
{"name":"Constraint /Biped/Rig/Movers/ballRoll_r_up_rc/ballRoll_r_up_rotation","cat":"step","ph":"X","ts":114748,"dur":1,"pid":1,"tid":5},
{"name":"Constraint /Biped/Rig/Movers/ballRoll_r_down_rc/ballRoll_r_down_rotation","cat":"step","ph":"X","ts":114759,"dur":1,"pid":1,"tid":21},
{"name":"Solve /Biped/Rig/Solvers/leg_r_ikfk","cat":"step","ph":"X","ts":114774,"dur":1,"pid":1,"tid":21},
{"name":"SolverCommit batch 39","cat":"step","ph":"X","ts":114782,"dur":6,"pid":1,"tid":21},
{"name":"Constraint /Biped/Rig/Movers/ankle_r_bind_scAim/ankle_r_bind_aim","cat":"step","ph":"X","ts":114812,"dur":6,"pid":1,"tid":4},
{"name":"Constraint /Biped/Rig/Movers/ball_r_bind_scAim/ball_r_bind_aim","cat":"step","ph":"X","ts":114835,"dur":15,"pid":1,"tid":27},
{"name":"Constraint /Biped/Rig/Movers/bankIn_l_pivot_rc/bankIn_l_pivot_rotation","cat":"step","ph":"X","ts":114567,"dur":5,"pid":1,"tid":20},
{"name":"Constraint /Biped/Rig/Movers/heel_l_roll_rc/heel_l_roll_rotation","cat":"step","ph":"X","ts":114700,"dur":6,"pid":1,"tid":5},
{"name":"Constraint /Biped/Rig/Movers/toe_l_roll_rc/toe_l_roll_rotation","cat":"step","ph":"X","ts":114716,"dur":8,"pid":1,"tid":21},
{"name":"Constraint /Biped/Rig/Movers/ballRoll_l_up_rc/ballRoll_l_up_rotation","cat":"step","ph":"X","ts":114742,"dur":1,"pid":1,"tid":5},
{"name":"Constraint /Biped/Rig/Movers/ballRoll_l_down_rc/ballRoll_l_down_rotation","cat":"step","ph":"X","ts":114749,"dur":1,"pid":1,"tid":5},
{"name":"Solve /Biped/Rig/Solvers/leg_l_twoBoneIk","cat":"step","ph":"X","ts":114760,"dur":1,"pid":1,"tid":21},
{"name":"Solve /Biped/Rig/Solvers/leg_l_ikfk","cat":"step","ph":"X","ts":114770,"dur":1,"pid":1,"tid":21},
{"name":"SolverCommit batch 49","cat":"step","ph":"X","ts":114775,"dur":5,"pid":1,"tid":21},
{"name":"Constraint /Biped/Rig/Movers/ankle_l_bind_scAim/ankle_l_bind_aim","cat":"step","ph":"X","ts":114788,"dur":6,"pid":1,"tid":21},
{"name":"Constraint /Biped/Rig/Movers/ball_l_bind_scAim/ball_l_bind_aim","cat":"step","ph":"X","ts":114818,"dur":3,"pid":1,"tid":4},
{"name":"Constraint /Biped/Rig/Movers/hips_follow/spine_root_ctl_drives_hips_bind","cat":"step","ph":"X","ts":114507,"dur":4,"pid":1,"tid":0},
{"name":"PropagateChunk /Biped/Rig/Movers/hips_follow/spine_root_ctl_drives_hips_bind","cat":"step","ph":"X","ts":114762,"dur":5,"pid":1,"tid":21},
{"name":"PropagateChunk /Biped/Rig/Movers/hips_follow/spine_root_ctl_drives_hips_bind","cat":"step","ph":"X","ts":114743,"dur":1,"pid":1,"tid":5},
{"name":"CommitApply /Biped/Rig/Movers/hips_follow/spine_root_ctl_drives_hips_bind","cat":"step","ph":"X","ts":114771,"dur":1,"pid":1,"tid":21},
{"name":"Constraint /Biped/Rig/Movers/hips_follow/spine_root_ctl_scales_hips_bind","cat":"step","ph":"X","ts":114780,"dur":2,"pid":1,"tid":21},
{"name":"PropagateChunk /Biped/Rig/Movers/hips_follow/spine_root_ctl_scales_hips_bind","cat":"step","ph":"X","ts":114821,"dur":5,"pid":1,"tid":4},
{"name":"CommitApply /Biped/Rig/Movers/hips_follow/spine_root_ctl_scales_hips_bind","cat":"step","ph":"X","ts":114850,"dur":1,"pid":1,"tid":27},
{"name":"Constraint /Biped/Rig/Movers/spine_to_bind/spine_ik_spine_0_bind_scale_to_spine_0_bind","cat":"step","ph":"X","ts":114860,"dur":8,"pid":1,"tid":21},
{"name":"Constraint /Biped/Rig/Movers/spine_to_bind/spine_ik_spine_0_bind_to_spine_0_bind","cat":"step","ph":"X","ts":114877,"dur":8,"pid":1,"tid":8},
{"name":"Constraint /Biped/Rig/Movers/spine_to_bind/spine_ik_spine_1_bind_scale_to_spine_1_bind","cat":"step","ph":"X","ts":114890,"dur":7,"pid":1,"tid":24},
{"name":"Constraint /Biped/Rig/Movers/spine_to_bind/spine_ik_spine_1_bind_to_spine_1_bind","cat":"step","ph":"X","ts":114908,"dur":6,"pid":1,"tid":24},
{"name":"Constraint /Biped/Rig/Movers/spine_to_bind/spine_ik_spine_2_bind_scale_to_spine_2_bind","cat":"step","ph":"X","ts":114922,"dur":5,"pid":1,"tid":24},
{"name":"Constraint /Biped/Rig/Movers/spine_to_bind/spine_ik_spine_2_bind_to_spine_2_bind","cat":"step","ph":"X","ts":114932,"dur":7,"pid":1,"tid":24},
{"name":"Constraint /Biped/Rig/Movers/spine_to_bind/spine_ik_spine_3_bind_scale_to_spine_3_bind","cat":"step","ph":"X","ts":114940,"dur":4,"pid":1,"tid":24},
{"name":"Constraint /Biped/Rig/Movers/spine_to_bind/spine_ik_spine_3_bind_to_spine_3_bind","cat":"step","ph":"X","ts":114944,"dur":5,"pid":1,"tid":24},
{"name":"Constraint /Biped/Rig/Movers/spine_to_bind/spine_ik_spine_4_bind_scale_to_spine_4_bind","cat":"step","ph":"X","ts":114949,"dur":4,"pid":1,"tid":24},
{"name":"Constraint /Biped/Rig/Movers/spine_to_bind/spine_ik_spine_4_bind_to_spine_4_bind","cat":"step","ph":"X","ts":114954,"dur":4,"pid":1,"tid":24},
{"name":"Constraint /Biped/Rig/Movers/spine_to_bind/spine_ik_spine_5_bind_scale_to_spine_5_bind","cat":"step","ph":"X","ts":114958,"dur":4,"pid":1,"tid":24},
{"name":"Constraint /Biped/Rig/Movers/spine_to_bind/spine_ik_spine_5_bind_to_spine_5_bind","cat":"step","ph":"X","ts":114962,"dur":5,"pid":1,"tid":24},
{"name":"Constraint /Biped/Rig/Movers/spine_to_bind/spine_ik_chest_bind_scale_to_chest_bind","cat":"step","ph":"X","ts":114967,"dur":8,"pid":1,"tid":24},
{"name":"Constraint /Biped/Rig/Movers/spine_to_bind/spine_ik_chest_bind_to_chest_bind","cat":"step","ph":"X","ts":114975,"dur":5,"pid":1,"tid":24},
{"name":"Constraint /Biped/Rig/Movers/girdles/spine_end_ctl_drives_chest_bind","cat":"step","ph":"X","ts":114980,"dur":5,"pid":1,"tid":24},
{"name":"Constraint /Biped/Rig/Movers/girdles/pelvis_r_ctl_drives_pelvis_r_bind","cat":"step","ph":"X","ts":114868,"dur":1,"pid":1,"tid":21},
{"name":"Constraint /Biped/Rig/Movers/girdles/pelvis_l_ctl_drives_pelvis_l_bind","cat":"step","ph":"X","ts":114870,"dur":1,"pid":1,"tid":21},
{"name":"Constraint /Biped/Rig/Movers/girdles/clavicle_r_ctl_drives_clavicle_r_bind","cat":"step","ph":"X","ts":114985,"dur":1,"pid":1,"tid":24},
{"name":"Constraint /Biped/Rig/Movers/girdles/clavicle_l_ctl_drives_clavicle_l_bind","cat":"step","ph":"X","ts":114986,"dur":1,"pid":1,"tid":24},
{"name":"Constraint /Biped/Rig/Movers/girdles/spine_end_ctl_unsquashes_neck_base_bind","cat":"step","ph":"X","ts":114987,"dur":3,"pid":1,"tid":24},
{"name":"Constraint /Biped/Rig/Movers/girdles/clavicle_r_ctl_unsquashes_clavicle_r_bind","cat":"step","ph":"X","ts":114990,"dur":2,"pid":1,"tid":24},
{"name":"Constraint /Biped/Rig/Movers/girdles/clavicle_l_ctl_unsquashes_clavicle_l_bind","cat":"step","ph":"X","ts":114992,"dur":2,"pid":1,"tid":24},
{"name":"Constraint /Biped/Rig/Movers/neck_to_bind/neck_ik_neck_0_bind_scale_to_neck_0_bind","cat":"step","ph":"X","ts":114994,"dur":3,"pid":1,"tid":24},
{"name":"Constraint /Biped/Rig/Movers/neck_to_bind/neck_ik_neck_0_bind_to_neck_0_bind","cat":"step","ph":"X","ts":115003,"dur":5,"pid":1,"tid":24},
{"name":"Constraint /Biped/Rig/Movers/neck_to_bind/neck_ik_neck_1_bind_scale_to_neck_1_bind","cat":"step","ph":"X","ts":115014,"dur":4,"pid":1,"tid":24},
{"name":"Constraint /Biped/Rig/Movers/neck_to_bind/neck_ik_neck_1_bind_to_neck_1_bind","cat":"step","ph":"X","ts":115023,"dur":5,"pid":1,"tid":24},
{"name":"Constraint /Biped/Rig/Movers/neck_to_bind/neck_ik_neck_2_bind_scale_to_neck_2_bind","cat":"step","ph":"X","ts":115035,"dur":4,"pid":1,"tid":24},
{"name":"Constraint /Biped/Rig/Movers/neck_to_bind/neck_ik_neck_2_bind_to_neck_2_bind","cat":"step","ph":"X","ts":115046,"dur":4,"pid":1,"tid":24},
{"name":"Constraint /Biped/Rig/Movers/neck_to_bind/neck_ik_neck_3_bind_scale_to_neck_3_bind","cat":"step","ph":"X","ts":115051,"dur":3,"pid":1,"tid":24},
{"name":"Constraint /Biped/Rig/Movers/neck_to_bind/neck_ik_neck_3_bind_to_neck_3_bind","cat":"step","ph":"X","ts":115054,"dur":7,"pid":1,"tid":24},
{"name":"Constraint /Biped/Rig/Movers/neck_to_bind/neck_ik_skull_bind_scale_to_skull_bind","cat":"step","ph":"X","ts":115062,"dur":5,"pid":1,"tid":24},
{"name":"Constraint /Biped/Rig/Movers/neck_to_bind/neck_ik_skull_bind_to_skull_bind","cat":"step","ph":"X","ts":115067,"dur":4,"pid":1,"tid":24},
{"name":"Constraint /Biped/Rig/Movers/twist_aims/wristTwist_r_bind_copy","cat":"step","ph":"X","ts":114706,"dur":4,"pid":1,"tid":5},
{"name":"Constraint /Biped/Rig/Movers/twist_aims/wristTwist_r_bind_aim","cat":"step","ph":"X","ts":114724,"dur":7,"pid":1,"tid":21},
{"name":"Constraint /Biped/Rig/Movers/twist_aims/wristTwist_l_bind_copy","cat":"step","ph":"X","ts":114572,"dur":3,"pid":1,"tid":20},
{"name":"Constraint /Biped/Rig/Movers/twist_aims/wristTwist_l_bind_aim","cat":"step","ph":"X","ts":114710,"dur":3,"pid":1,"tid":5},
{"name":"Constraint /Biped/Rig/Movers/twist_aims/ankleTwist_r_bind_copy","cat":"step","ph":"X","ts":114851,"dur":3,"pid":1,"tid":27},
{"name":"Constraint /Biped/Rig/Movers/twist_aims/ankleTwist_r_bind_aim","cat":"step","ph":"X","ts":114871,"dur":3,"pid":1,"tid":21},
{"name":"Constraint /Biped/Rig/Movers/twist_aims/ankleTwist_l_bind_copy","cat":"step","ph":"X","ts":114826,"dur":3,"pid":1,"tid":4},
{"name":"Constraint /Biped/Rig/Movers/twist_aims/ankleTwist_l_bind_aim","cat":"step","ph":"X","ts":114854,"dur":2,"pid":1,"tid":27},
{"name":"Constraint /Biped/Rig/Movers/twist_aims/ankleTwist_r_bind_follows_ankle_r_bind","cat":"step","ph":"X","ts":114885,"dur":2,"pid":1,"tid":8},
{"name":"Constraint /Biped/Rig/Movers/twist_aims/ankleTwist_l_bind_follows_ankle_l_bind","cat":"step","ph":"X","ts":114859,"dur":1,"pid":1,"tid":27},
{"name":"Constraint /Biped/Rig/Movers/twist_aims/wristTwist_r_bind_follows_wrist_r_bind","cat":"step","ph":"X","ts":114744,"dur":1,"pid":1,"tid":5},
{"name":"Constraint /Biped/Rig/Movers/twist_aims/wristTwist_l_bind_follows_wrist_l_bind","cat":"step","ph":"X","ts":114714,"dur":1,"pid":1,"tid":5},
{"name":"Constraint /Biped/Rig/Movers/twist_aims/thighNoTwist_l_bind_follows_thigh_l_bind","cat":"step","ph":"X","ts":114879,"dur":4,"pid":1,"tid":28},
{"name":"Constraint /Biped/Rig/Movers/twist_aims/shoulderNoTwist_l_bind_follows_shoulder_l_bind","cat":"step","ph":"X","ts":115008,"dur":1,"pid":1,"tid":24},
{"name":"Constraint /Biped/Rig/Movers/twist_aims/pelvis_trans_r_bind_follows_thigh_r_bind","cat":"step","ph":"X","ts":114883,"dur":1,"pid":1,"tid":28},
{"name":"Constraint /Biped/Rig/Movers/twist_aims/pelvis_trans_l_bind_follows_thigh_l_bind","cat":"step","ph":"X","ts":114884,"dur":1,"pid":1,"tid":28},
{"name":"Constraint /Biped/Rig/Movers/twist_aims/clavicle_trans_r_bind_follows_shoulder_r_bind","cat":"step","ph":"X","ts":115000,"dur":1,"pid":1,"tid":24},
{"name":"Constraint /Biped/Rig/Movers/twist_aims/clavicle_trans_l_bind_follows_shoulder_l_bind","cat":"step","ph":"X","ts":115001,"dur":1,"pid":1,"tid":24},
{"name":"Constraint /Biped/Rig/Movers/twist_aims/pelvis_trans_r_bind_aim","cat":"step","ph":"X","ts":114897,"dur":3,"pid":1,"tid":24},
{"name":"Constraint /Biped/Rig/Movers/twist_aims/pelvis_trans_l_bind_aim","cat":"step","ph":"X","ts":114900,"dur":2,"pid":1,"tid":24},
{"name":"Constraint /Biped/Rig/Movers/twist_aims/kneeTwist_r_bind_aim","cat":"step","ph":"X","ts":114805,"dur":4,"pid":1,"tid":21},
{"name":"Constraint /Biped/Rig/Movers/twist_aims/kneeTwist_l_bind_aim","cat":"step","ph":"X","ts":114794,"dur":3,"pid":1,"tid":21},
{"name":"Constraint /Biped/Rig/Movers/twist_aims/thighNoTwist_r_bind_aim","cat":"step","ph":"X","ts":114903,"dur":4,"pid":1,"tid":24},
{"name":"Constraint /Biped/Rig/Movers/twist_aims/thighNoTwist_l_bind_aim","cat":"step","ph":"X","ts":114888,"dur":3,"pid":1,"tid":8},
{"name":"Constraint /Biped/Rig/Movers/twist_aims/clavicle_trans_r_bind_aim","cat":"step","ph":"X","ts":115018,"dur":2,"pid":1,"tid":24},
{"name":"Constraint /Biped/Rig/Movers/twist_aims/clavicle_trans_l_bind_aim","cat":"step","ph":"X","ts":115020,"dur":3,"pid":1,"tid":24},
{"name":"Constraint /Biped/Rig/Movers/twist_aims/elbowTwist_r_bind_aim","cat":"step","ph":"X","ts":114681,"dur":7,"pid":1,"tid":5},
{"name":"Constraint /Biped/Rig/Movers/twist_aims/elbowTwist_l_bind_aim","cat":"step","ph":"X","ts":114575,"dur":2,"pid":1,"tid":20},
{"name":"Constraint /Biped/Rig/Movers/twist_aims/shoulderNoTwist_r_bind_aim","cat":"step","ph":"X","ts":115009,"dur":3,"pid":1,"tid":24},
{"name":"Constraint /Biped/Rig/Movers/twist_aims/shoulderNoTwist_l_bind_aim","cat":"step","ph":"X","ts":115012,"dur":2,"pid":1,"tid":24},
{"name":"Constraint /Biped/Rig/Movers/pose_drivers/thigh_r_driver_copies_thigh_r_bind","cat":"step","ph":"X","ts":114914,"dur":3,"pid":1,"tid":24},
{"name":"Constraint /Biped/Rig/Movers/pose_drivers/thigh_l_driver_copies_thigh_l_bind","cat":"step","ph":"X","ts":114917,"dur":3,"pid":1,"tid":24},
{"name":"Constraint /Biped/Rig/Movers/pose_drivers/thigh_r_twist_driver_copies_thighNoTwist_r_bind","cat":"step","ph":"X","ts":114927,"dur":2,"pid":1,"tid":24},
{"name":"Constraint /Biped/Rig/Movers/pose_drivers/thigh_l_twist_driver_copies_thighNoTwist_l_bind","cat":"step","ph":"X","ts":114929,"dur":2,"pid":1,"tid":24},
{"name":"Constraint /Biped/Rig/Movers/pose_drivers/ankleTwist_r_driver_copies_ankleTwist_r_bind","cat":"step","ph":"X","ts":114891,"dur":3,"pid":1,"tid":8},
{"name":"Constraint /Biped/Rig/Movers/pose_drivers/ankleTwist_l_driver_copies_ankleTwist_l_bind","cat":"step","ph":"X","ts":114875,"dur":4,"pid":1,"tid":21},
{"name":"Constraint /Biped/Rig/Movers/pose_drivers/toe_r_driver_copies_ball_r_bind","cat":"step","ph":"X","ts":114860,"dur":3,"pid":1,"tid":27},
{"name":"Constraint /Biped/Rig/Movers/pose_drivers/toe_l_driver_copies_ball_l_bind","cat":"step","ph":"X","ts":114856,"dur":3,"pid":1,"tid":27},
{"name":"Constraint /Biped/Rig/Movers/pose_drivers/knee_r_driver_copies_knee_r_bind","cat":"step","ph":"X","ts":114829,"dur":4,"pid":1,"tid":4},
{"name":"Constraint /Biped/Rig/Movers/pose_drivers/knee_l_driver_copies_knee_l_bind","cat":"step","ph":"X","ts":114809,"dur":3,"pid":1,"tid":21},
{"name":"Constraint /Biped/Rig/Movers/pose_drivers/ankleSwing_r_driver_copies_ankle_r_bind","cat":"step","ph":"X","ts":114894,"dur":3,"pid":1,"tid":8},
{"name":"Constraint /Biped/Rig/Movers/pose_drivers/ankleSwing_l_driver_copies_ankle_l_bind","cat":"step","ph":"X","ts":114879,"dur":3,"pid":1,"tid":21},
{"name":"Constraint /Biped/Rig/Movers/pose_drivers/shoulder_r_driver_copies_shoulder_r_bind","cat":"step","ph":"X","ts":115028,"dur":3,"pid":1,"tid":24},
{"name":"Constraint /Biped/Rig/Movers/pose_drivers/shoulder_l_driver_copies_shoulder_l_bind","cat":"step","ph":"X","ts":115031,"dur":3,"pid":1,"tid":24},
{"name":"Constraint /Biped/Rig/Movers/pose_drivers/wristTwist_r_driver_copies_wristTwist_r_bind","cat":"step","ph":"X","ts":114750,"dur":4,"pid":1,"tid":5},
{"name":"Constraint /Biped/Rig/Movers/pose_drivers/wristTwist_l_driver_copies_wristTwist_l_bind","cat":"step","ph":"X","ts":114732,"dur":6,"pid":1,"tid":21},
{"name":"Constraint /Biped/Rig/Movers/pose_drivers/shoulder_r_twist_driver_copies_shoulderNoTwist_r_bind","cat":"step","ph":"X","ts":115039,"dur":4,"pid":1,"tid":24},
{"name":"Constraint /Biped/Rig/Movers/pose_drivers/shoulder_l_twist_driver_copies_shoulderNoTwist_l_bind","cat":"step","ph":"X","ts":115043,"dur":3,"pid":1,"tid":24},
{"name":"Constraint /Biped/Rig/Movers/pose_drivers/wristSwing_r_driver_copies_wrist_r_bind","cat":"step","ph":"X","ts":114747,"dur":4,"pid":1,"tid":21},
{"name":"Constraint /Biped/Rig/Movers/pose_drivers/wristSwing_l_driver_copies_wrist_l_bind","cat":"step","ph":"X","ts":114738,"dur":3,"pid":1,"tid":21},
{"name":"Constraint /Biped/Rig/Movers/pose_drivers/elbow_r_driver_copies_elbow_r_bind","cat":"step","ph":"X","ts":114715,"dur":4,"pid":1,"tid":5},
{"name":"Constraint /Biped/Rig/Movers/pose_drivers/elbow_l_driver_copies_elbow_l_bind","cat":"step","ph":"X","ts":114689,"dur":4,"pid":1,"tid":5},
{"name":"Constraint /Biped/Rig/Movers/param_follow/leg_r_params_to_ankle_r_bind","cat":"step","ph":"X","ts":114833,"dur":2,"pid":1,"tid":4},
{"name":"Constraint /Biped/Rig/Movers/param_follow/leg_l_params_to_ankle_l_bind","cat":"step","ph":"X","ts":114812,"dur":4,"pid":1,"tid":21},
{"name":"Constraint /Biped/Rig/Movers/param_follow/arm_r_params_to_wrist_r_bind","cat":"step","ph":"X","ts":114693,"dur":5,"pid":1,"tid":5},
{"name":"Constraint /Biped/Rig/Movers/param_follow/arm_l_params_to_wrist_l_bind","cat":"step","ph":"X","ts":114578,"dur":3,"pid":1,"tid":20},
{"name":"ProviderMatrix /Biped/Rig/Controls/leg_l_ik/ankle_l_pivot final","cat":"step","ph":"X","ts":114498,"dur":1,"pid":1,"tid":0},
{"name":"ProviderMatrix /Biped/Rig/Controls/leg_l_ik/ankle_l_pivot/bankIn_l_pivot/bankOut_l_pivot/heel_l_roll/heel_l/ball_l_pivot final","cat":"step","ph":"X","ts":114719,"dur":1,"pid":1,"tid":5},
{"name":"ProviderMatrix /Biped/Rig/Controls/leg_l_ik/ankle_l_pivot/bankIn_l_pivot/bankOut_l_pivot/heel_l_roll/heel_l/ball_l_pivot/toe_l_roll final","cat":"step","ph":"X","ts":114741,"dur":1,"pid":1,"tid":21},
{"name":"ProviderMatrix /Biped/Rig/Controls/leg_r_ik/ankle_r_pivot final","cat":"step","ph":"X","ts":114511,"dur":1,"pid":1,"tid":0},
{"name":"ProviderMatrix /Biped/Rig/Controls/leg_r_ik/ankle_r_pivot/bankIn_r_pivot/bankOut_r_pivot/heel_r_roll/heel_r/ball_r_pivot/toe_r_roll/toe_r/ballRoll_r_up final","cat":"step","ph":"X","ts":114767,"dur":1,"pid":1,"tid":21},
{"name":"ProviderMatrix /Biped/Rig/Controls/leg_r_ik/ankle_r_pivot/bankIn_r_pivot/bankOut_r_pivot/heel_r_roll/heel_r/ball_r_pivot/toe_r_roll/toe_r/ballRoll_r_up/ballRoll_r_down final","cat":"step","ph":"X","ts":114772,"dur":1,"pid":1,"tid":21},
{"name":"ProviderMatrix /Biped/Rig/Joints/ankle_r_pivot/bankIn_r_pivot/bankOut_r_pivot/heel_r_pivot/ball_r_pivot/toe_r_pivot final","cat":"step","ph":"X","ts":114530,"dur":1,"pid":1,"tid":25},
{"name":"ProviderMatrix /Biped/Rig/Joints/ankle_r_pivot/bankIn_r_pivot/bankOut_r_pivot/heel_r_pivot/ball_r_pivot/toe_r_pivot/ballRoll_r_pivot final","cat":"step","ph":"X","ts":114552,"dur":1,"pid":1,"tid":20},
{"name":"ProviderMatrix /Biped/Rig/Joints/hips_bind/pelvis_l_bind final","cat":"step","ph":"X","ts":114882,"dur":1,"pid":1,"tid":21},
{"name":"ProviderMatrix /Biped/Rig/Joints/hips_bind/pelvis_l_bind/pelvis_trans_l_bind/thigh_l_driver final","cat":"step","ph":"X","ts":114931,"dur":1,"pid":1,"tid":24},
{"name":"ProviderMatrix /Biped/Rig/Joints/hips_bind/pelvis_l_bind/thighNoTwist_l_bind final","cat":"step","ph":"X","ts":114920,"dur":1,"pid":1,"tid":24},
{"name":"ProviderMatrix /Biped/Rig/Joints/hips_bind/pelvis_l_bind/thigh_l_bind final","cat":"step","ph":"X","ts":114797,"dur":1,"pid":1,"tid":21},
{"name":"ProviderMatrix /Biped/Rig/Joints/hips_bind/pelvis_l_bind/thigh_l_bind/knee_l_bind/ankle_l_bind/ball_l_bind final","cat":"step","ph":"X","ts":114835,"dur":1,"pid":1,"tid":4},
{"name":"ProviderMatrix /Biped/Rig/Joints/hips_bind/pelvis_l_bind/thigh_l_bind/knee_l_bind/ankle_l_bind/ball_l_bind/toe1_001_l_bind/toe1_002_l_bind final","cat":"step","ph":"X","ts":114836,"dur":7,"pid":1,"tid":4},
{"name":"ProviderMatrix /Biped/Rig/Joints/hips_bind/pelvis_l_bind/thigh_l_bind/knee_l_bind/ankle_l_bind/ball_l_bind/toe2_001_l_bind/toe2_002_l_bind/toe2_003_l_bind/toe2_004_l_bind final","cat":"step","ph":"X","ts":114843,"dur":1,"pid":1,"tid":4},
{"name":"ProviderMatrix /Biped/Rig/Joints/hips_bind/pelvis_l_bind/thigh_l_bind/knee_l_bind/ankle_l_bind/ball_l_bind/toe4_001_l_bind/toe4_002_l_bind/toe4_003_l_bind final","cat":"step","ph":"X","ts":114844,"dur":1,"pid":1,"tid":4},
{"name":"ProviderMatrix /Biped/Rig/Joints/hips_bind/pelvis_r_bind final","cat":"step","ph":"X","ts":114883,"dur":1,"pid":1,"tid":21},
{"name":"ProviderMatrix /Biped/Rig/Joints/hips_bind/pelvis_r_bind/thigh_r_bind final","cat":"step","ph":"X","ts":114816,"dur":1,"pid":1,"tid":21},
{"name":"ProviderMatrix /Biped/Rig/Joints/hips_bind/pelvis_r_bind/thigh_r_bind/knee_r_bind/ankle_r_bind final","cat":"step","ph":"X","ts":114845,"dur":1,"pid":1,"tid":4},
{"name":"ProviderMatrix /Biped/Rig/Joints/hips_bind/pelvis_r_bind/thigh_r_bind/knee_r_bind/ankle_r_bind/ball_r_bind final","cat":"step","ph":"X","ts":114863,"dur":1,"pid":1,"tid":27},
{"name":"ProviderMatrix /Biped/Rig/Joints/hips_bind/pelvis_r_bind/thigh_r_bind/knee_r_bind/ankle_r_bind/ball_r_bind/toe2_001_r_bind/toe2_002_r_bind/toe2_003_r_bind/toe2_004_r_bind final","cat":"step","ph":"X","ts":114864,"dur":1,"pid":1,"tid":27},
{"name":"ProviderMatrix /Biped/Rig/Joints/hips_bind/spine_0_bind/spine_1_bind/spine_2_bind/spine_3_bind final","cat":"step","ph":"X","ts":114953,"dur":1,"pid":1,"tid":24},
{"name":"ProviderMatrix /Biped/Rig/Joints/hips_bind/spine_0_bind/spine_1_bind/spine_2_bind/spine_3_bind/spine_4_bind/spine_5_bind/chest_bind/clavicle_l_bind/shoulder_l_bind/elbow_l_bind/elbowTwist_l_bind final","cat":"step","ph":"X","ts":114698,"dur":1,"pid":1,"tid":5},
{"name":"ProviderMatrix /Biped/Rig/Joints/hips_bind/spine_0_bind/spine_1_bind/spine_2_bind/spine_3_bind/spine_4_bind/spine_5_bind/chest_bind/clavicle_l_bind/shoulder_l_bind/elbow_l_bind/wristTwist_l_driver final","cat":"step","ph":"X","ts":114751,"dur":1,"pid":1,"tid":21},
{"name":"ProviderMatrix /Biped/Rig/Joints/hips_bind/spine_0_bind/spine_1_bind/spine_2_bind/spine_3_bind/spine_4_bind/spine_5_bind/chest_bind/clavicle_l_bind/shoulder_l_bind/elbow_l_bind/wrist_l_bind final","cat":"step","ph":"X","ts":114581,"dur":1,"pid":1,"tid":20},
{"name":"ProviderMatrix /Biped/Rig/Joints/hips_bind/spine_0_bind/spine_1_bind/spine_2_bind/spine_3_bind/spine_4_bind/spine_5_bind/chest_bind/clavicle_l_bind/shoulder_l_bind/elbow_l_bind/wrist_l_bind/index_001_l_bind final","cat":"step","ph":"X","ts":114742,"dur":1,"pid":1,"tid":21},
{"name":"ProviderMatrix /Biped/Rig/Joints/hips_bind/spine_0_bind/spine_1_bind/spine_2_bind/spine_3_bind/spine_4_bind/spine_5_bind/chest_bind/clavicle_l_bind/shoulder_l_bind/elbow_l_bind/wrist_l_bind/index_001_l_bind/index_002_l_bind/index_003_l_bind/index_004_l_bind/index_005_l_bind final","cat":"step","ph":"X","ts":114743,"dur":1,"pid":1,"tid":21},
{"name":"ProviderMatrix /Biped/Rig/Joints/hips_bind/spine_0_bind/spine_1_bind/spine_2_bind/spine_3_bind/spine_4_bind/spine_5_bind/chest_bind/clavicle_l_bind/shoulder_l_bind/elbow_l_bind/wrist_l_bind/middle_001_l_bind/middle_002_l_bind/middle_003_l_bind/middle_004_l_bind final","cat":"step","ph":"X","ts":114744,"dur":1,"pid":1,"tid":21},
{"name":"ProviderMatrix /Biped/Rig/Joints/hips_bind/spine_0_bind/spine_1_bind/spine_2_bind/spine_3_bind/spine_4_bind/spine_5_bind/chest_bind/clavicle_l_bind/shoulder_l_bind/elbow_l_bind/wrist_l_bind/pinkyCup_l_bind/pinky_001_l_bind/pinky_002_l_bind/pinky_003_l_bind/pinky_004_l_bind final","cat":"step","ph":"X","ts":114752,"dur":1,"pid":1,"tid":21},
{"name":"ProviderMatrix /Biped/Rig/Joints/hips_bind/spine_0_bind/spine_1_bind/spine_2_bind/spine_3_bind/spine_4_bind/spine_5_bind/chest_bind/clavicle_l_bind/shoulder_l_bind/elbow_l_bind/wrist_l_bind/ring_001_l_bind/ring_002_l_bind/ring_003_l_bind/ring_004_l_bind final","cat":"step","ph":"X","ts":114745,"dur":1,"pid":1,"tid":21},
{"name":"ProviderMatrix /Biped/Rig/Joints/hips_bind/spine_0_bind/spine_1_bind/spine_2_bind/spine_3_bind/spine_4_bind/spine_5_bind/chest_bind/clavicle_l_bind/shoulder_l_bind/elbow_l_bind/wrist_l_bind/thumbCup_l_bind/thumb_001_l_bind/thumb_002_l_bind/thumb_003_l_bind/thumb_004_l_bind final","cat":"step","ph":"X","ts":114746,"dur":1,"pid":1,"tid":21},
{"name":"ProviderMatrix /Biped/Rig/Joints/hips_bind/spine_0_bind/spine_1_bind/spine_2_bind/spine_3_bind/spine_4_bind/spine_5_bind/chest_bind/clavicle_r_bind/clavicle_trans_combo_r_driver final","cat":"step","ph":"X","ts":115002,"dur":1,"pid":1,"tid":24},
{"name":"ProviderMatrix /Biped/Rig/Joints/hips_bind/spine_0_bind/spine_1_bind/spine_2_bind/spine_3_bind/spine_4_bind/spine_5_bind/chest_bind/clavicle_r_bind/shoulder_r_bind/elbow_r_bind/wrist_r_bind/index_001_r_bind/index_002_r_bind final","cat":"step","ph":"X","ts":114753,"dur":1,"pid":1,"tid":21},
{"name":"ProviderMatrix /Biped/Rig/Joints/hips_bind/spine_0_bind/spine_1_bind/spine_2_bind/spine_3_bind/spine_4_bind/spine_5_bind/chest_bind/clavicle_r_bind/shoulder_r_bind/elbow_r_bind/wrist_r_bind/middle_001_r_bind/middle_002_combo_r_driver final","cat":"step","ph":"X","ts":114754,"dur":1,"pid":1,"tid":21},
{"name":"ProviderMatrix /Biped/Rig/Joints/hips_bind/spine_0_bind/spine_1_bind/spine_2_bind/spine_3_bind/spine_4_bind/spine_5_bind/chest_bind/clavicle_r_bind/shoulder_r_bind/elbow_r_bind/wrist_r_bind/pinkyCup_r_bind/pinky_001_r_bind/pinky_002_r_bind final","cat":"step","ph":"X","ts":114768,"dur":1,"pid":1,"tid":21},
{"name":"ProviderMatrix /Biped/Rig/Joints/hips_bind/spine_0_bind/spine_1_bind/spine_2_bind/spine_3_bind/spine_4_bind/spine_5_bind/chest_bind/clavicle_r_bind/shoulder_r_bind/elbow_r_bind/wrist_r_bind/ring_001_r_bind/ring_002_combo_r_driver final","cat":"step","ph":"X","ts":114755,"dur":1,"pid":1,"tid":21},
{"name":"ProviderMatrix /Biped/Rig/Joints/hips_bind/spine_0_bind/spine_1_bind/spine_2_bind/spine_3_bind/spine_4_bind/spine_5_bind/chest_bind/clavicle_r_bind/shoulder_r_bind/elbow_r_bind/wrist_r_bind/thumbCup_r_bind/thumb_001_r_bind final","cat":"step","ph":"X","ts":114756,"dur":1,"pid":1,"tid":21},
{"name":"ProviderMatrix /Biped/Rig/Joints/hips_bind/spine_0_bind/spine_1_bind/spine_2_bind/spine_3_bind/spine_4_bind/spine_5_bind/chest_bind/neck_base_bind/neck_0_bind/neck_1_bind/neck_2_bind/neck_3_bind/skull_bind/face_lower_bind/face_mid_bind/nose_bridge_bind final","cat":"step","ph":"X","ts":115071,"dur":1,"pid":1,"tid":24},
{"name":"ProviderMatrix /Biped/Rig/Joints/hips_bind/spine_0_bind/spine_1_bind/spine_2_bind/spine_3_bind/spine_4_bind/spine_5_bind/chest_bind/neck_base_bind/neck_0_bind/neck_1_bind/neck_2_bind/neck_3_bind/skull_bind/face_lower_bind/jaw_bind/tongue_0_bind/tongue_1_bind/tongue_2_bind final","cat":"step","ph":"X","ts":115072,"dur":1,"pid":1,"tid":24},
{"name":"ProviderMatrix /Biped/Rig/Joints/hips_bind/spine_0_bind/spine_1_bind/spine_2_bind/spine_3_bind/spine_4_bind/spine_5_bind/chest_bind/neck_base_bind/neck_0_bind/neck_1_bind/neck_2_bind/neck_3_bind/skull_bind/face_upper_bind/head_tip_bind final","cat":"step","ph":"X","ts":115073,"dur":1,"pid":1,"tid":24},
{"name":"ProviderMatrix /Biped/Rig/Joints/neck_ik_neck_0_bind/neck_ik_neck_1_bind/neck_ik_neck_2_bind/neck_ik_neck_3_bind/neck_ik_skull_bind final","cat":"step","ph":"X","ts":114773,"dur":1,"pid":1,"tid":21},
{"name":"InfluenceFold /Biped/Rig/Movers/skin_body_geo/body_geo_skin","cat":"step","ph":"X","ts":115074,"dur":29,"pid":1,"tid":24},
{"name":"RevisionChunk /Biped/Rig/Movers/skin_body_geo/body_geo_skin","cat":"step","ph":"X","ts":115103,"dur":241,"pid":1,"tid":24},
{"name":"RevisionFuse /Biped/Rig/Movers/skin_body_geo/body_geo_skin","cat":"step","ph":"X","ts":115344,"dur":2,"pid":1,"tid":24},
{"name":"ChainStatus /Biped/Geom/body_geo.points","cat":"step","ph":"X","ts":115346,"dur":14,"pid":1,"tid":24},
{"name":"Derived /Biped/Geom/body_geo.extent","cat":"step","ph":"X","ts":115360,"dur":213,"pid":1,"tid":24},
{"name":"cluster 0","cat":"cluster","ph":"X","ts":114485,"dur":8,"pid":1,"tid":0,"args":{"level":"1","steps":"21","waitUs":"2"}},
{"name":"cluster 1","cat":"cluster","ph":"X","ts":114493,"dur":6,"pid":1,"tid":0,"args":{"level":"2","steps":"30","waitUs":"0"}},
{"name":"cluster 2","cat":"cluster","ph":"X","ts":114513,"dur":9,"pid":1,"tid":25,"args":{"level":"3","steps":"20","waitUs":"14"}},
{"name":"cluster 3","cat":"cluster","ph":"X","ts":114524,"dur":19,"pid":1,"tid":20,"args":{"level":"4","steps":"17","waitUs":"2"}},
{"name":"cluster 4","cat":"cluster","ph":"X","ts":114545,"dur":6,"pid":1,"tid":0,"args":{"level":"5","steps":"17","waitUs":"1"}},
{"name":"cluster 5","cat":"cluster","ph":"X","ts":114551,"dur":8,"pid":1,"tid":0,"args":{"level":"6","steps":"23","waitUs":"0"}},
{"name":"cluster 6","cat":"cluster","ph":"X","ts":114559,"dur":4,"pid":1,"tid":0,"args":{"level":"7","steps":"15","waitUs":"0"}},
{"name":"cluster 7","cat":"cluster","ph":"X","ts":114568,"dur":6,"pid":1,"tid":6,"args":{"level":"8","steps":"13","waitUs":"3"}},
{"name":"cluster 8","cat":"cluster","ph":"X","ts":114505,"dur":7,"pid":1,"tid":0,"args":{"level":"3","steps":"15","waitUs":"6"}},
{"name":"cluster 9","cat":"cluster","ph":"X","ts":114582,"dur":71,"pid":1,"tid":5,"args":{"level":"9","steps":"15","waitUs":"7"}},
{"name":"cluster 10","cat":"cluster","ph":"X","ts":114660,"dur":9,"pid":1,"tid":0,"args":{"level":"10","steps":"17","waitUs":"6"}},
{"name":"cluster 11","cat":"cluster","ph":"X","ts":114710,"dur":9,"pid":1,"tid":18,"args":{"level":"11","steps":"16","waitUs":"0"}},
{"name":"cluster 12","cat":"cluster","ph":"X","ts":114562,"dur":3,"pid":1,"tid":20,"args":{"level":"7","steps":"6","waitUs":"0"}},
{"name":"cluster 13","cat":"cluster","ph":"X","ts":114733,"dur":12,"pid":1,"tid":5,"args":{"level":"12","steps":"12","waitUs":"2"}},
{"name":"cluster 14","cat":"cluster","ph":"X","ts":114746,"dur":8,"pid":1,"tid":5,"args":{"level":"13","steps":"6","waitUs":"1"}},
{"name":"cluster 16","cat":"cluster","ph":"X","ts":114553,"dur":9,"pid":1,"tid":20,"args":{"level":"6","steps":"12","waitUs":"0"}},
{"name":"cluster 17","cat":"cluster","ph":"X","ts":114544,"dur":9,"pid":1,"tid":20,"args":{"level":"5","steps":"8","waitUs":"0"}},
{"name":"cluster 18","cat":"cluster","ph":"X","ts":114757,"dur":12,"pid":1,"tid":21,"args":{"level":"14","steps":"15","waitUs":"0"}},
{"name":"cluster 19","cat":"cluster","ph":"X","ts":114565,"dur":7,"pid":1,"tid":20,"args":{"level":"8","steps":"2","waitUs":"0"}},
{"name":"cluster 20","cat":"cluster","ph":"X","ts":114523,"dur":8,"pid":1,"tid":25,"args":{"level":"4","steps":"6","waitUs":"1"}},
{"name":"cluster 21","cat":"cluster","ph":"X","ts":114681,"dur":3,"pid":1,"tid":0,"args":{"level":"10","steps":"3","waitUs":"27"}},
{"name":"cluster 22","cat":"cluster","ph":"X","ts":114689,"dur":10,"pid":1,"tid":26,"args":{"level":"10","steps":"3","waitUs":"10"}},
{"name":"cluster 23","cat":"cluster","ph":"X","ts":114573,"dur":5,"pid":1,"tid":10,"args":{"level":"9","steps":"3","waitUs":"1"}},
{"name":"cluster 24","cat":"cluster","ph":"X","ts":114696,"dur":14,"pid":1,"tid":18,"args":{"level":"10","steps":"4","waitUs":"16"}},
{"name":"cluster 25","cat":"cluster","ph":"X","ts":114582,"dur":10,"pid":1,"tid":20,"args":{"level":"9","steps":"3","waitUs":"10"}},
{"name":"cluster 26","cat":"cluster","ph":"X","ts":114575,"dur":12,"pid":1,"tid":6,"args":{"level":"9","steps":"4","waitUs":"0"}},
{"name":"cluster 27","cat":"cluster","ph":"X","ts":114770,"dur":4,"pid":1,"tid":21,"args":{"level":"15","steps":"10","waitUs":"1"}},
{"name":"cluster 28","cat":"cluster","ph":"X","ts":114774,"dur":8,"pid":1,"tid":21,"args":{"level":"16","steps":"4","waitUs":"0"}},
{"name":"cluster 29","cat":"cluster","ph":"X","ts":114782,"dur":16,"pid":1,"tid":21,"args":{"level":"17","steps":"6","waitUs":"0"}},
{"name":"cluster 30","cat":"cluster","ph":"X","ts":114811,"dur":18,"pid":1,"tid":4,"args":{"level":"18","steps":"5","waitUs":"13"}},
{"name":"cluster 31","cat":"cluster","ph":"X","ts":114835,"dur":24,"pid":1,"tid":27,"args":{"level":"19","steps":"5","waitUs":"6"}},
{"name":"cluster 32","cat":"cluster","ph":"X","ts":114700,"dur":13,"pid":1,"tid":5,"args":{"level":"10","steps":"3","waitUs":"20"}},
{"name":"cluster 33","cat":"cluster","ph":"X","ts":114716,"dur":15,"pid":1,"tid":21,"args":{"level":"11","steps":"2","waitUs":"3"}},
{"name":"cluster 34","cat":"cluster","ph":"X","ts":114860,"dur":14,"pid":1,"tid":21,"args":{"level":"20","steps":"4","waitUs":"1"}},
{"name":"cluster 35","cat":"cluster","ph":"X","ts":114877,"dur":10,"pid":1,"tid":8,"args":{"level":"21","steps":"3","waitUs":"3"}},
{"name":"cluster 36","cat":"cluster","ph":"X","ts":114890,"dur":18,"pid":1,"tid":24,"args":{"level":"22","steps":"4","waitUs":"2"}},
{"name":"cluster 37","cat":"cluster","ph":"X","ts":114908,"dur":13,"pid":1,"tid":24,"args":{"level":"23","steps":"9","waitUs":"0"}},
{"name":"cluster 38","cat":"cluster","ph":"X","ts":114922,"dur":10,"pid":1,"tid":24,"args":{"level":"24","steps":"6","waitUs":"0"}},
{"name":"cluster 39","cat":"cluster","ph":"X","ts":114932,"dur":8,"pid":1,"tid":24,"args":{"level":"25","steps":"3","waitUs":"0"}},
{"name":"cluster 40","cat":"cluster","ph":"X","ts":114940,"dur":4,"pid":1,"tid":24,"args":{"level":"26","steps":"2","waitUs":"0"}},
{"name":"cluster 41","cat":"cluster","ph":"X","ts":114944,"dur":5,"pid":1,"tid":24,"args":{"level":"27","steps":"1","waitUs":"0"}},
{"name":"cluster 42","cat":"cluster","ph":"X","ts":114949,"dur":5,"pid":1,"tid":24,"args":{"level":"28","steps":"2","waitUs":"0"}},
{"name":"cluster 43","cat":"cluster","ph":"X","ts":114954,"dur":4,"pid":1,"tid":24,"args":{"level":"29","steps":"1","waitUs":"0"}},
{"name":"cluster 44","cat":"cluster","ph":"X","ts":114958,"dur":4,"pid":1,"tid":24,"args":{"level":"30","steps":"2","waitUs":"0"}},
{"name":"cluster 45","cat":"cluster","ph":"X","ts":114962,"dur":5,"pid":1,"tid":24,"args":{"level":"31","steps":"1","waitUs":"0"}},
{"name":"cluster 46","cat":"cluster","ph":"X","ts":114967,"dur":8,"pid":1,"tid":24,"args":{"level":"32","steps":"2","waitUs":"0"}},
{"name":"cluster 47","cat":"cluster","ph":"X","ts":114975,"dur":5,"pid":1,"tid":24,"args":{"level":"33","steps":"1","waitUs":"0"}},
{"name":"cluster 48","cat":"cluster","ph":"X","ts":114980,"dur":5,"pid":1,"tid":24,"args":{"level":"34","steps":"1","waitUs":"0"}},
{"name":"cluster 49","cat":"cluster","ph":"X","ts":114985,"dur":5,"pid":1,"tid":24,"args":{"level":"35","steps":"4","waitUs":"0"}},
{"name":"cluster 50","cat":"cluster","ph":"X","ts":114990,"dur":7,"pid":1,"tid":24,"args":{"level":"36","steps":"4","waitUs":"0"}},
{"name":"cluster 51","cat":"cluster","ph":"X","ts":115003,"dur":6,"pid":1,"tid":24,"args":{"level":"37","steps":"3","waitUs":"6"}},
{"name":"cluster 52","cat":"cluster","ph":"X","ts":115014,"dur":9,"pid":1,"tid":24,"args":{"level":"38","steps":"3","waitUs":"5"}},
{"name":"cluster 53","cat":"cluster","ph":"X","ts":115023,"dur":12,"pid":1,"tid":24,"args":{"level":"39","steps":"7","waitUs":"0"}},
{"name":"cluster 54","cat":"cluster","ph":"X","ts":115035,"dur":11,"pid":1,"tid":24,"args":{"level":"40","steps":"6","waitUs":"0"}},
{"name":"cluster 55","cat":"cluster","ph":"X","ts":115046,"dur":5,"pid":1,"tid":24,"args":{"level":"41","steps":"3","waitUs":"0"}},
{"name":"cluster 56","cat":"cluster","ph":"X","ts":115051,"dur":3,"pid":1,"tid":24,"args":{"level":"42","steps":"2","waitUs":"0"}},
{"name":"cluster 57","cat":"cluster","ph":"X","ts":115054,"dur":7,"pid":1,"tid":24,"args":{"level":"43","steps":"1","waitUs":"0"}},
{"name":"cluster 58","cat":"cluster","ph":"X","ts":115062,"dur":5,"pid":1,"tid":24,"args":{"level":"44","steps":"2","waitUs":"0"}},
{"name":"cluster 59","cat":"cluster","ph":"X","ts":115067,"dur":7,"pid":1,"tid":24,"args":{"level":"46","steps":"28","waitUs":"0"}},
{"name":"cluster 60","cat":"cluster","ph":"X","ts":114572,"dur":10,"pid":1,"tid":20,"args":{"level":"9","steps":"7","waitUs":"0"}},
{"name":"cluster 61","cat":"cluster","ph":"X","ts":114859,"dur":7,"pid":1,"tid":27,"args":{"level":"20","steps":"27","waitUs":"0"}},
{"name":"cluster 62","cat":"cluster","ph":"X","ts":114714,"dur":6,"pid":1,"tid":5,"args":{"level":"11","steps":"7","waitUs":"1"}},
{"name":"cluster 63","cat":"cluster","ph":"X","ts":114878,"dur":7,"pid":1,"tid":28,"args":{"level":"21","steps":"3","waitUs":"3"}},
{"name":"cluster 64","cat":"cluster","ph":"X","ts":115000,"dur":3,"pid":1,"tid":24,"args":{"level":"37","steps":"8","waitUs":"3"}},
{"name":"cluster 65","cat":"cluster","ph":"X","ts":114805,"dur":12,"pid":1,"tid":21,"args":{"level":"18","steps":"7","waitUs":"7"}},
{"name":"cluster 66","cat":"cluster","ph":"X","ts":114888,"dur":10,"pid":1,"tid":8,"args":{"level":"22","steps":"7","waitUs":"0"}},
{"name":"cluster 67","cat":"cluster","ph":"X","ts":114681,"dur":18,"pid":1,"tid":5,"args":{"level":"10","steps":"9","waitUs":"1"}},
{"name":"cluster 68","cat":"cluster","ph":"X","ts":115009,"dur":5,"pid":1,"tid":24,"args":{"level":"38","steps":"3","waitUs":"0"}},
{"name":"cluster 69","cat":"cluster","ph":"X","ts":114875,"dur":9,"pid":1,"tid":21,"args":{"level":"21","steps":"10","waitUs":"0"}},
{"name":"cluster 70","cat":"cluster","ph":"X","ts":114829,"dur":17,"pid":1,"tid":4,"args":{"level":"19","steps":"27","waitUs":"0"}},
{"name":"cluster 71","cat":"cluster","ph":"X","ts":114732,"dur":15,"pid":1,"tid":21,"args":{"level":"12","steps":"30","waitUs":"0"}},
{"name":"cluster 72","cat":"cluster","ph":"X","ts":114747,"dur":10,"pid":1,"tid":21,"args":{"level":"13","steps":"36","waitUs":"0"}},
{"name":"cluster 73","cat":"cluster","ph":"X","ts":115074,"dur":29,"pid":1,"tid":24,"args":{"level":"47","steps":"1","waitUs":"0"}},
{"name":"cluster 74","cat":"cluster","ph":"X","ts":115103,"dur":241,"pid":1,"tid":24,"args":{"level":"48","steps":"1","waitUs":"0"}},
{"name":"cluster 75","cat":"cluster","ph":"X","ts":115344,"dur":229,"pid":1,"tid":24,"args":{"level":"51","steps":"3","waitUs":"0"}},
{"name":"BakedPublish","cat":"baked","ph":"X","ts":115667,"dur":56,"pid":1,"tid":0},
{"name":"BakedEpilogue","cat":"baked","ph":"X","ts":115579,"dur":151,"pid":1,"tid":0},
{"name":"Baked","cat":"baked","ph":"X","ts":114344,"dur":1386,"pid":1,"tid":0},
{"name":"Evaluate.Run","cat":"evaluate","ph":"X","ts":114344,"dur":1387,"pid":1,"tid":0},
{"name":"Evaluate@4","cat":"evaluate","ph":"X","ts":114342,"dur":1389,"pid":1,"tid":0},
{"name":"Evaluate.Settle","cat":"evaluate","ph":"X","ts":115748,"dur":0,"pid":1,"tid":0},
{"name":"Evaluate.PlaceOverrides","cat":"evaluate","ph":"X","ts":115748,"dur":1,"pid":1,"tid":0},
{"name":"PropertyChains","cat":"property","ph":"X","ts":115751,"dur":7,"pid":1,"tid":0},
{"name":"BakedInputs","cat":"baked","ph":"X","ts":115758,"dur":9,"pid":1,"tid":0},
{"name":"BakedChainBase","cat":"geometry","ph":"X","ts":115865,"dur":2,"pid":1,"tid":0},
{"name":"BakedPrologue","cat":"baked","ph":"X","ts":115750,"dur":117,"pid":1,"tid":0},
{"name":"BakedRegion","cat":"baked","ph":"X","ts":115868,"dur":979,"pid":1,"tid":0},
{"name":"ComposeSubtree /Biped/Rig/Controls/arm_l_ik","cat":"step","ph":"X","ts":115897,"dur":1,"pid":1,"tid":0},
{"name":"ComposeSubtree /Biped/Rig/Controls/hips_ctl","cat":"step","ph":"X","ts":115898,"dur":1,"pid":1,"tid":0},
{"name":"ComposeSubtree /Biped/Rig/Controls/hips_ctl/spine_root_pivot/spine_root_ctl/pelvis_l_ctl/leg_l_root/leg_l_fk_thigh_l_bind/leg_l_fk_knee_l_bind","cat":"step","ph":"X","ts":115933,"dur":1,"pid":1,"tid":24},
{"name":"ComposeSubtree /Biped/Rig/Controls/hips_ctl/spine_root_pivot/spine_root_ctl/pelvis_r_ctl/leg_r_root/leg_r_fk_thigh_r_bind/leg_r_fk_knee_r_bind","cat":"step","ph":"X","ts":115952,"dur":2,"pid":1,"tid":16},
{"name":"ComposeSubtree /Biped/Rig/Controls/hips_ctl/torso_ctl/spine_end_pivot/spine_end_ctl","cat":"step","ph":"X","ts":115926,"dur":1,"pid":1,"tid":0},
{"name":"ComposeSubtree /Biped/Rig/Controls/hips_ctl/torso_ctl/spine_end_pivot/spine_end_ctl/clavicle_r_ctl","cat":"step","ph":"X","ts":115935,"dur":1,"pid":1,"tid":24},
{"name":"ComposeSubtree /Biped/Rig/Controls/hips_ctl/torso_ctl/spine_end_pivot/spine_end_ctl/clavicle_r_ctl/arm_r_root/arm_r_fk_shoulder_r_bind/arm_r_fk_elbow_r_bind","cat":"step","ph":"X","ts":115964,"dur":2,"pid":1,"tid":2},
{"name":"ComposeSubtree /Biped/Rig/Controls/hips_ctl/torso_ctl/spine_end_pivot/spine_end_ctl/neck_root_ctl/neck_end_pivot","cat":"step","ph":"X","ts":115954,"dur":1,"pid":1,"tid":16},
{"name":"ComposeSubtree /Biped/Rig/Controls/index_001_l_bind_fk_follow/index_001_l_bind_fk/index_002_l_bind_fk","cat":"step","ph":"X","ts":115905,"dur":1,"pid":1,"tid":0},
{"name":"ComposeSubtree /Biped/Rig/Controls/leg_l_ik/ankle_l_pivot/bankIn_l_pivot/bankOut_l_pivot/heel_l_roll/heel_l/ball_l_pivot/toe_l_roll/toe_l/ballRoll_l_up/ballRoll_l_down/ballRoll_l/ankle_l_ikTarget","cat":"step","ph":"X","ts":115985,"dur":1,"pid":1,"tid":2},
{"name":"ComposeSubtree /Biped/Rig/Controls/leg_l_ik/ankle_l_pivot/bankIn_l_pivot/bankOut_l_pivot/heel_l_roll/heel_l/ball_l_pivot/toe_l_roll/toe_l/ballRoll_l_up/ballRoll_l_down_twin","cat":"step","ph":"X","ts":115966,"dur":1,"pid":1,"tid":2},
{"name":"ComposeSubtree /Biped/Rig/Controls/leg_l_ik/ankle_l_pivot/bankIn_l_pivot/bankOut_l_pivot/heel_l_roll/heel_l/ball_l_pivot/toe_l_roll/toe_l/toeBend_l","cat":"step","ph":"X","ts":115967,"dur":1,"pid":1,"tid":2},
{"name":"ComposeSubtree /Biped/Rig/Controls/leg_l_ik/ankle_l_pivot/bankIn_l_pivot/bankOut_l_pivot/heel_l_roll/heel_l/ball_l_pivot/toe_l_roll_twin","cat":"step","ph":"X","ts":115955,"dur":1,"pid":1,"tid":16},
{"name":"ComposeSubtree /Biped/Rig/Controls/leg_l_ik/ankle_l_pivot/bankIn_l_pivot/bankOut_l_pivot_twin","cat":"step","ph":"X","ts":115927,"dur":1,"pid":1,"tid":0},
{"name":"ComposeSubtree /Biped/Rig/Controls/leg_r_ik/ankle_r_pivot","cat":"step","ph":"X","ts":115906,"dur":1,"pid":1,"tid":0},
{"name":"ComposeSubtree /Biped/Rig/Controls/leg_r_ik/ankle_r_pivot/bankIn_r_pivot/bankOut_r_pivot/heel_r_roll/heel_r","cat":"step","ph":"X","ts":115936,"dur":1,"pid":1,"tid":24},
{"name":"ComposeSubtree /Biped/Rig/Controls/leg_r_ik/ankle_r_pivot/bankIn_r_pivot/bankOut_r_pivot/heel_r_roll/heel_r/ball_r_pivot/toe_r_roll/toe_r/ballRoll_r_up/ballRoll_r_down/ballRoll_r/ball_r_ikTarget","cat":"step","ph":"X","ts":115995,"dur":2,"pid":1,"tid":9},
{"name":"ComposeSubtree /Biped/Rig/Controls/leg_r_ik/ankle_r_pivot/bankIn_r_pivot/bankOut_r_pivot/heel_r_roll/heel_r/ball_r_pivot/toe_r_roll/toe_r/ballRoll_r_up_twin","cat":"step","ph":"X","ts":115968,"dur":1,"pid":1,"tid":2},
{"name":"ComposeSubtree /Biped/Rig/Controls/leg_r_ik/ankle_r_pivot/bankIn_r_pivot/bankOut_r_pivot_twin","cat":"step","ph":"X","ts":115928,"dur":1,"pid":1,"tid":0},
{"name":"ComposeSubtree /Biped/Rig/Controls/leg_r_pv","cat":"step","ph":"X","ts":115900,"dur":1,"pid":1,"tid":0},
{"name":"ComposeSubtree /Biped/Rig/Controls/pinkyCup_l_bind_fk_follow/pinkyCup_l_bind_fk/pinky_001_l_bind_fk/pinky_002_l_bind_fk/pinky_003_l_bind_fk","cat":"step","ph":"X","ts":115929,"dur":1,"pid":1,"tid":0},
{"name":"ComposeSubtree /Biped/Rig/Controls/pinkyCup_r_bind_fk_follow","cat":"step","ph":"X","ts":115901,"dur":1,"pid":1,"tid":0},
{"name":"ComposeSubtree /Biped/Rig/Controls/spine_mid_follow","cat":"step","ph":"X","ts":115902,"dur":1,"pid":1,"tid":0},
{"name":"ComposeSubtree /Biped/Rig/Controls/thumbCup_l_bind_fk_follow/thumbCup_l_bind_fk/thumb_001_l_bind_fk/thumb_002_l_bind_fk","cat":"step","ph":"X","ts":115930,"dur":1,"pid":1,"tid":0},
{"name":"ComposeSubtree /Biped/Rig/Joints/ankle_l_pivot/bankIn_l_pivot/bankOut_l_pivot","cat":"step","ph":"X","ts":115908,"dur":1,"pid":1,"tid":0},
{"name":"ComposeSubtree /Biped/Rig/Joints/ankle_r_pivot","cat":"step","ph":"X","ts":115903,"dur":1,"pid":1,"tid":0},
{"name":"ComposeSubtree /Biped/Rig/Joints/ankle_r_pivot/bankIn_r_pivot/bankOut_r_pivot/heel_r_pivot/ball_r_pivot/toe_r_pivot/ballRoll_r_pivot","cat":"step","ph":"X","ts":115937,"dur":1,"pid":1,"tid":24},
{"name":"ComposeSubtree /Biped/Rig/Joints/hips_bind/pelvis_l_bind/thigh_l_bind","cat":"step","ph":"X","ts":115909,"dur":1,"pid":1,"tid":0},
{"name":"ComposeSubtree /Biped/Rig/Joints/hips_bind/pelvis_l_bind/thigh_l_bind/knee_l_bind/ankle_l_bind/ball_l_bind/toe1_001_l_bind/toe1_002_l_bind/toe1_003_l_bind","cat":"step","ph":"X","ts":115969,"dur":1,"pid":1,"tid":2},
{"name":"ComposeSubtree /Biped/Rig/Joints/hips_bind/pelvis_l_bind/thigh_l_bind/knee_l_bind/ankle_l_bind/ball_l_bind/toe2_001_l_bind","cat":"step","ph":"X","ts":115957,"dur":1,"pid":1,"tid":16},
{"name":"ComposeSubtree /Biped/Rig/Joints/hips_bind/pelvis_l_bind/thigh_l_bind/knee_l_bind/ankle_l_bind/ball_l_bind/toe3_001_l_bind/toe3_002_l_bind/toe3_003_l_bind","cat":"step","ph":"X","ts":115970,"dur":1,"pid":1,"tid":2},
{"name":"ComposeSubtree /Biped/Rig/Joints/hips_bind/pelvis_l_bind/thigh_l_bind/knee_l_bind/ankle_l_bind/ball_l_bind/toe5_001_l_bind","cat":"step","ph":"X","ts":115958,"dur":1,"pid":1,"tid":16},
{"name":"ComposeSubtree /Biped/Rig/Joints/hips_bind/pelvis_l_bind/thigh_l_bind/knee_l_bind/ankle_l_bind/ball_l_bind/toe5_001_l_bind/toe5_002_l_bind/toe5_003_l_bind","cat":"step","ph":"X","ts":115971,"dur":1,"pid":1,"tid":2},
{"name":"ComposeSubtree /Biped/Rig/Joints/hips_bind/pelvis_r_bind/thigh_r_bind","cat":"step","ph":"X","ts":115919,"dur":1,"pid":1,"tid":0},
{"name":"ComposeSubtree /Biped/Rig/Joints/hips_bind/pelvis_r_bind/thigh_r_bind/knee_r_bind/ankle_r_bind/ball_r_bind","cat":"step","ph":"X","ts":115959,"dur":1,"pid":1,"tid":16},
{"name":"ComposeSubtree /Biped/Rig/Joints/hips_bind/pelvis_r_bind/thigh_r_bind/knee_r_bind/ankle_r_bind/ball_r_bind/toe1_001_r_bind/toe1_002_r_bind/toe1_003_r_bind","cat":"step","ph":"X","ts":115987,"dur":1,"pid":1,"tid":2},
{"name":"ComposeSubtree /Biped/Rig/Joints/hips_bind/pelvis_r_bind/thigh_r_bind/knee_r_bind/ankle_r_bind/ball_r_bind/toe2_001_r_bind","cat":"step","ph":"X","ts":115972,"dur":1,"pid":1,"tid":2},
{"name":"ComposeSubtree /Biped/Rig/Joints/hips_bind/pelvis_r_bind/thigh_r_bind/knee_r_bind/ankle_r_bind/ball_r_bind/toe3_001_r_bind/toe3_002_r_bind/toe3_003_r_bind","cat":"step","ph":"X","ts":115988,"dur":1,"pid":1,"tid":2},
{"name":"ComposeSubtree /Biped/Rig/Joints/hips_bind/pelvis_r_bind/thigh_r_bind/knee_r_bind/ankle_r_bind/ball_r_bind/toe4_001_r_bind","cat":"step","ph":"X","ts":115973,"dur":1,"pid":1,"tid":2},
{"name":"ComposeSubtree /Biped/Rig/Joints/hips_bind/pelvis_r_bind/thigh_r_bind/knee_r_bind/ankle_r_bind/ball_r_bind/toe5_001_r_bind/toe5_002_r_bind/toe5_003_r_bind","cat":"step","ph":"X","ts":115989,"dur":1,"pid":1,"tid":2},
{"name":"ComposeSubtree /Biped/Rig/Joints/hips_bind/pelvis_r_bind/thigh_r_bind/knee_r_bind/ankle_r_bind/ball_r_bind/toe_r_bind","cat":"step","ph":"X","ts":115974,"dur":1,"pid":1,"tid":2},
{"name":"ComposeSubtree /Biped/Rig/Joints/hips_bind/pelvis_r_bind/thigh_r_bind/knee_r_bind/kneeTwist_r_bind","cat":"step","ph":"X","ts":115939,"dur":1,"pid":1,"tid":24},
{"name":"ComposeSubtree /Biped/Rig/Joints/hips_bind/spine_0_bind","cat":"step","ph":"X","ts":115910,"dur":1,"pid":1,"tid":0},
{"name":"ComposeSubtree /Biped/Rig/Joints/hips_bind/spine_0_bind/spine_1_bind/spine_2_bind/spine_3_bind/spine_4_bind/spine_5_bind/chest_bind/clavicle_l_bind/clavicle_trans_combo_l_driver","cat":"step","ph":"X","ts":115975,"dur":1,"pid":1,"tid":2},
{"name":"ComposeSubtree /Biped/Rig/Joints/hips_bind/spine_0_bind/spine_1_bind/spine_2_bind/spine_3_bind/spine_4_bind/spine_5_bind/chest_bind/clavicle_l_bind/shoulder_l_bind","cat":"step","ph":"X","ts":115976,"dur":1,"pid":1,"tid":2},
{"name":"ComposeSubtree /Biped/Rig/Joints/hips_bind/spine_0_bind/spine_1_bind/spine_2_bind/spine_3_bind/spine_4_bind/spine_5_bind/chest_bind/clavicle_l_bind/shoulder_l_bind/elbow_l_bind/elbowTwist_l_bind","cat":"step","ph":"X","ts":115990,"dur":1,"pid":1,"tid":2},
{"name":"ComposeSubtree /Biped/Rig/Joints/hips_bind/spine_0_bind/spine_1_bind/spine_2_bind/spine_3_bind/spine_4_bind/spine_5_bind/chest_bind/clavicle_l_bind/shoulder_l_bind/elbow_l_bind/wristTwist_l_driver","cat":"step","ph":"X","ts":115991,"dur":1,"pid":1,"tid":2},
{"name":"ComposeSubtree /Biped/Rig/Joints/hips_bind/spine_0_bind/spine_1_bind/spine_2_bind/spine_3_bind/spine_4_bind/spine_5_bind/chest_bind/clavicle_l_bind/shoulder_l_bind/elbow_l_bind/wrist_l_bind/index_001_l_bind","cat":"step","ph":"X","ts":115997,"dur":1,"pid":1,"tid":9},
{"name":"ComposeSubtree /Biped/Rig/Joints/hips_bind/spine_0_bind/spine_1_bind/spine_2_bind/spine_3_bind/spine_4_bind/spine_5_bind/chest_bind/clavicle_l_bind/shoulder_l_bind/elbow_l_bind/wrist_l_bind/ring_001_l_bind/ring_002_l_bind","cat":"step","ph":"X","ts":116010,"dur":1,"pid":1,"tid":24},
{"name":"ComposeSubtree /Biped/Rig/Joints/hips_bind/spine_0_bind/spine_1_bind/spine_2_bind/spine_3_bind/spine_4_bind/spine_5_bind/chest_bind/clavicle_l_bind/shoulder_l_bind/elbow_l_bind/wrist_l_bind/ring_001_l_bind/ring_002_l_bind/ring_003_l_bind/ring_004_l_bind","cat":"step","ph":"X","ts":116020,"dur":1,"pid":1,"tid":0},
{"name":"ComposeSubtree /Biped/Rig/Joints/hips_bind/spine_0_bind/spine_1_bind/spine_2_bind/spine_3_bind/spine_4_bind/spine_5_bind/chest_bind/clavicle_r_bind/clavicle_trans_r_bind/shoulder_r_driver","cat":"step","ph":"X","ts":115999,"dur":1,"pid":1,"tid":9},
{"name":"ComposeSubtree /Biped/Rig/Joints/hips_bind/spine_0_bind/spine_1_bind/spine_2_bind/spine_3_bind/spine_4_bind/spine_5_bind/chest_bind/clavicle_r_bind/shoulderNoTwist_r_bind","cat":"step","ph":"X","ts":115992,"dur":1,"pid":1,"tid":2},
{"name":"ComposeSubtree /Biped/Rig/Joints/hips_bind/spine_0_bind/spine_1_bind/spine_2_bind/spine_3_bind/spine_4_bind/spine_5_bind/chest_bind/clavicle_r_bind/shoulder_r_bind","cat":"step","ph":"X","ts":115981,"dur":1,"pid":1,"tid":2},
{"name":"ComposeSubtree /Biped/Rig/Joints/hips_bind/spine_0_bind/spine_1_bind/spine_2_bind/spine_3_bind/spine_4_bind/spine_5_bind/chest_bind/clavicle_r_bind/shoulder_r_bind/elbow_r_bind/wristTwist_r_driver","cat":"step","ph":"X","ts":116000,"dur":1,"pid":1,"tid":9},
{"name":"ComposeSubtree /Biped/Rig/Joints/hips_bind/spine_0_bind/spine_1_bind/spine_2_bind/spine_3_bind/spine_4_bind/spine_5_bind/chest_bind/clavicle_r_bind/shoulder_r_bind/elbow_r_bind/wrist_r_bind/middle_001_r_bind/middle_002_r_bind","cat":"step","ph":"X","ts":116021,"dur":1,"pid":1,"tid":0},
{"name":"ComposeSubtree /Biped/Rig/Joints/hips_bind/spine_0_bind/spine_1_bind/spine_2_bind/spine_3_bind/spine_4_bind/spine_5_bind/chest_bind/clavicle_r_bind/shoulder_r_bind/elbow_r_bind/wrist_r_bind/middle_001_r_bind/middle_002_r_bind/middle_003_r_bind/middle_004_r_bind","cat":"step","ph":"X","ts":116052,"dur":1,"pid":1,"tid":0},
{"name":"ComposeSubtree /Biped/Rig/Joints/hips_bind/spine_0_bind/spine_1_bind/spine_2_bind/spine_3_bind/spine_4_bind/spine_5_bind/chest_bind/clavicle_r_bind/shoulder_r_bind/elbow_r_bind/wrist_r_bind/pinkyCup_r_bind/pinky_001_r_bind/pinky_002_r_bind/pinky_003_r_bind/pinky_004_r_bind","cat":"step","ph":"X","ts":116060,"dur":1,"pid":1,"tid":12},
{"name":"ComposeSubtree /Biped/Rig/Joints/hips_bind/spine_0_bind/spine_1_bind/spine_2_bind/spine_3_bind/spine_4_bind/spine_5_bind/chest_bind/clavicle_r_bind/shoulder_r_bind/elbow_r_bind/wrist_r_bind/ring_001_r_bind","cat":"step","ph":"X","ts":116012,"dur":1,"pid":1,"tid":24},
{"name":"ComposeSubtree /Biped/Rig/Joints/hips_bind/spine_0_bind/spine_1_bind/spine_2_bind/spine_3_bind/spine_4_bind/spine_5_bind/chest_bind/clavicle_r_bind/shoulder_r_bind/elbow_r_bind/wrist_r_bind/ring_001_r_bind/ring_002_r_bind","cat":"step","ph":"X","ts":116022,"dur":1,"pid":1,"tid":0},
{"name":"ComposeSubtree /Biped/Rig/Joints/hips_bind/spine_0_bind/spine_1_bind/spine_2_bind/spine_3_bind/spine_4_bind/spine_5_bind/chest_bind/neck_base_bind","cat":"step","ph":"X","ts":115977,"dur":1,"pid":1,"tid":2},
{"name":"ComposeSubtree /Biped/Rig/Joints/hips_bind/spine_0_bind/spine_1_bind/spine_2_bind/spine_3_bind/spine_4_bind/spine_5_bind/chest_bind/neck_base_bind/neck_0_bind/neck_1_bind/neck_2_bind/neck_3_bind/skull_bind/face_lower_bind/face_mid_bind/teeth_upper_bind","cat":"step","ph":"X","ts":116023,"dur":1,"pid":1,"tid":0},
{"name":"ComposeSubtree /Biped/Rig/Joints/hips_bind/spine_0_bind/spine_1_bind/spine_2_bind/spine_3_bind/spine_4_bind/spine_5_bind/chest_bind/neck_base_bind/neck_0_bind/neck_1_bind/neck_2_bind/neck_3_bind/skull_bind/face_lower_bind/jaw_bind/jaw_end","cat":"step","ph":"X","ts":116053,"dur":1,"pid":1,"tid":0},
{"name":"ComposeSubtree /Biped/Rig/Joints/hips_bind/spine_0_bind/spine_1_bind/spine_2_bind/spine_3_bind/spine_4_bind/spine_5_bind/chest_bind/neck_base_bind/neck_0_bind/neck_1_bind/neck_2_bind/neck_3_bind/skull_bind/face_upper_bind","cat":"step","ph":"X","ts":116013,"dur":1,"pid":1,"tid":24},
{"name":"ComposeSubtree /Biped/Rig/Joints/hips_bind/spine_0_bind/spine_1_bind/spine_2_bind/spine_3_bind/spine_4_bind/spine_5_bind/chest_bind/neck_base_bind/neck_0_bind/neck_1_bind/neck_2_bind/neck_3_bind/skull_bind/face_upper_bind/head_tip_bind","cat":"step","ph":"X","ts":116024,"dur":1,"pid":1,"tid":0},
{"name":"ComposeSubtree /Biped/Rig/Joints/hips_bind/spine_0_bind/spine_1_bind/spine_2_bind/spine_3_bind/spine_4_bind/spine_5_bind/chest_bind/neck_base_bind/neck_0_bind/neck_1_bind/neck_2_bind/neck_3_bind/skull_bind/face_upper_bind/head_tip_bind/brow_main_r_bind","cat":"step","ph":"X","ts":116054,"dur":1,"pid":1,"tid":0},
{"name":"ComposeSubtree /Biped/Rig/Joints/neck_ik_neck_0_bind/neck_ik_neck_1_bind","cat":"step","ph":"X","ts":116061,"dur":1,"pid":1,"tid":12},
{"name":"ComposeSubtree /Biped/Rig/Joints/neck_ik_neck_0_bind/neck_ik_neck_1_bind/neck_ik_neck_2_bind/neck_ik_neck_3_bind","cat":"step","ph":"X","ts":116073,"dur":1,"pid":1,"tid":23},
{"name":"ComposeSubtree /Biped/Rig/Joints/pupilCenter_l_pivot","cat":"step","ph":"X","ts":115904,"dur":1,"pid":1,"tid":0},
{"name":"Solve /Biped/Rig/Solvers/arm_l_fkChain","cat":"step","ph":"X","ts":115978,"dur":2,"pid":1,"tid":2},
{"name":"SolverCommit batch 0","cat":"step","ph":"X","ts":115982,"dur":1,"pid":1,"tid":2},
{"name":"Solve /Biped/Rig/Solvers/arm_l_twoBoneIk","cat":"step","ph":"X","ts":115960,"dur":1,"pid":1,"tid":16},
{"name":"Solve /Biped/Rig/Solvers/arm_r_fkChain","cat":"step","ph":"X","ts":115983,"dur":1,"pid":1,"tid":2},
{"name":"SolverCommit batch 2","cat":"step","ph":"X","ts":116001,"dur":1,"pid":1,"tid":9},
{"name":"Solve /Biped/Rig/Solvers/arm_r_twoBoneIk","cat":"step","ph":"X","ts":115951,"dur":1,"pid":1,"tid":24},
{"name":"Solve /Biped/Rig/Solvers/leg_l_fkChain","cat":"step","ph":"X","ts":115952,"dur":2,"pid":1,"tid":24},
{"name":"Solve /Biped/Rig/Solvers/leg_r_fkChain","cat":"step","ph":"X","ts":115962,"dur":2,"pid":1,"tid":16},
{"name":"Solve /Biped/Rig/Solvers/neck_splineIk","cat":"step","ph":"X","ts":115964,"dur":8,"pid":1,"tid":16},
{"name":"Solve /Biped/Rig/Solvers/spine_splineIk","cat":"step","ph":"X","ts":115940,"dur":11,"pid":1,"tid":24},
{"name":"SolverCommit batch 7","cat":"step","ph":"X","ts":115954,"dur":1,"pid":1,"tid":24},
{"name":"Solve /Biped/Rig/Solvers/arm_r_ikfk","cat":"step","ph":"X","ts":116002,"dur":1,"pid":1,"tid":9},
{"name":"SolverCommit batch 8","cat":"step","ph":"X","ts":116014,"dur":1,"pid":1,"tid":24},
{"name":"Solve /Biped/Rig/Solvers/arm_l_ikfk","cat":"step","ph":"X","ts":115984,"dur":1,"pid":1,"tid":2},
{"name":"SolverCommit batch 9","cat":"step","ph":"X","ts":115993,"dur":2,"pid":1,"tid":2},
{"name":"Constraint /Biped/Rig/Movers/spine_mid_follow/spine_mid_follow_pos","cat":"step","ph":"X","ts":115932,"dur":4,"pid":1,"tid":0},
{"name":"Solve /Biped/Rig/Solvers/fk_thumb_r","cat":"step","ph":"X","ts":116025,"dur":1,"pid":1,"tid":0},
{"name":"SolverCommit batch 11","cat":"step","ph":"X","ts":116062,"dur":1,"pid":1,"tid":12},
{"name":"Solve /Biped/Rig/Solvers/fk_ring_r","cat":"step","ph":"X","ts":116020,"dur":3,"pid":1,"tid":15},
{"name":"Solve /Biped/Rig/Solvers/fk_pinky_r","cat":"step","ph":"X","ts":116023,"dur":1,"pid":1,"tid":15},
{"name":"SolverCommit batch 13","cat":"step","ph":"X","ts":116074,"dur":1,"pid":1,"tid":23},
{"name":"Solve /Biped/Rig/Solvers/fk_middle_r","cat":"step","ph":"X","ts":116024,"dur":1,"pid":1,"tid":15},
{"name":"SolverCommit batch 14","cat":"step","ph":"X","ts":116063,"dur":1,"pid":1,"tid":12},
{"name":"Solve /Biped/Rig/Solvers/fk_index_r","cat":"step","ph":"X","ts":116020,"dur":2,"pid":1,"tid":16},
{"name":"SolverCommit batch 15","cat":"step","ph":"X","ts":116064,"dur":1,"pid":1,"tid":12},
{"name":"Solve /Biped/Rig/Solvers/fk_thumb_l","cat":"step","ph":"X","ts":116015,"dur":2,"pid":1,"tid":24},
{"name":"SolverCommit batch 16","cat":"step","ph":"X","ts":116055,"dur":1,"pid":1,"tid":0},
{"name":"Solve /Biped/Rig/Solvers/fk_ring_l","cat":"step","ph":"X","ts":116017,"dur":1,"pid":1,"tid":24},
{"name":"Solve /Biped/Rig/Solvers/fk_pinky_l","cat":"step","ph":"X","ts":116002,"dur":2,"pid":1,"tid":0},
{"name":"Solve /Biped/Rig/Solvers/fk_middle_l","cat":"step","ph":"X","ts":116004,"dur":1,"pid":1,"tid":0},
{"name":"SolverCommit batch 19","cat":"step","ph":"X","ts":116056,"dur":1,"pid":1,"tid":0},
{"name":"Solve /Biped/Rig/Solvers/fk_index_l","cat":"step","ph":"X","ts":116005,"dur":1,"pid":1,"tid":0},
{"name":"SolverCommit batch 20","cat":"step","ph":"X","ts":116057,"dur":1,"pid":1,"tid":0},
{"name":"Constraint /Biped/Rig/Movers/spine_mid_follow/spine_mid_follow_aim","cat":"step","ph":"X","ts":115955,"dur":3,"pid":1,"tid":24},
{"name":"Constraint /Biped/Rig/Movers/hand_r_follow/thumbCup_r_bind_fk_follow_to_wrist_r_bind","cat":"step","ph":"X","ts":116022,"dur":3,"pid":1,"tid":16},
{"name":"Constraint /Biped/Rig/Movers/hand_r_follow/ring_001_r_bind_fk_follow_to_wrist_r_bind","cat":"step","ph":"X","ts":116025,"dur":3,"pid":1,"tid":16},
{"name":"Constraint /Biped/Rig/Movers/hand_r_follow/pinkyCup_r_bind_fk_follow_to_wrist_r_bind","cat":"step","ph":"X","ts":116026,"dur":7,"pid":1,"tid":12},
{"name":"Constraint /Biped/Rig/Movers/hand_r_follow/middle_001_r_bind_fk_follow_to_wrist_r_bind","cat":"step","ph":"X","ts":116033,"dur":3,"pid":1,"tid":12},
{"name":"Constraint /Biped/Rig/Movers/hand_r_follow/index_001_r_bind_fk_follow_to_wrist_r_bind","cat":"step","ph":"X","ts":116036,"dur":3,"pid":1,"tid":12},
{"name":"Constraint /Biped/Rig/Movers/hand_l_follow/thumbCup_l_bind_fk_follow_to_wrist_l_bind","cat":"step","ph":"X","ts":116002,"dur":5,"pid":1,"tid":16},
{"name":"Constraint /Biped/Rig/Movers/hand_l_follow/ring_001_l_bind_fk_follow_to_wrist_l_bind","cat":"step","ph":"X","ts":116007,"dur":3,"pid":1,"tid":16},
{"name":"Constraint /Biped/Rig/Movers/hand_l_follow/pinkyCup_l_bind_fk_follow_to_wrist_l_bind","cat":"step","ph":"X","ts":116010,"dur":4,"pid":1,"tid":16},
{"name":"Constraint /Biped/Rig/Movers/hand_l_follow/middle_001_l_bind_fk_follow_to_wrist_l_bind","cat":"step","ph":"X","ts":116003,"dur":7,"pid":1,"tid":9},
{"name":"Constraint /Biped/Rig/Movers/hand_l_follow/index_001_l_bind_fk_follow_to_wrist_l_bind","cat":"step","ph":"X","ts":116010,"dur":2,"pid":1,"tid":9},
{"name":"Constraint /Biped/Rig/Movers/bankIn_r_pivot_rc/bankIn_r_pivot_rotation","cat":"step","ph":"X","ts":116012,"dur":5,"pid":1,"tid":9},
{"name":"Constraint /Biped/Rig/Movers/bankOut_r_pivot_rc/bankOut_r_pivot_rotation","cat":"step","ph":"X","ts":116039,"dur":4,"pid":1,"tid":12},
{"name":"Constraint /Biped/Rig/Movers/heel_r_roll_rc/heel_r_roll_rotation","cat":"step","ph":"X","ts":116058,"dur":1,"pid":1,"tid":0},
{"name":"Constraint /Biped/Rig/Movers/toe_r_roll_rc/toe_r_roll_rotation","cat":"step","ph":"X","ts":116065,"dur":2,"pid":1,"tid":12},
{"name":"Constraint /Biped/Rig/Movers/ballRoll_r_up_rc/ballRoll_r_up_rotation","cat":"step","ph":"X","ts":116075,"dur":2,"pid":1,"tid":23},
{"name":"Constraint /Biped/Rig/Movers/ballRoll_r_down_rc/ballRoll_r_down_rotation","cat":"step","ph":"X","ts":116087,"dur":1,"pid":1,"tid":23},
{"name":"SolverCommit batch 39","cat":"step","ph":"X","ts":116104,"dur":4,"pid":1,"tid":23},
{"name":"Constraint /Biped/Rig/Movers/ankle_r_bind_scAim/ankle_r_bind_aim","cat":"step","ph":"X","ts":116118,"dur":8,"pid":1,"tid":2},
{"name":"Constraint /Biped/Rig/Movers/ball_r_bind_scAim/ball_r_bind_aim","cat":"step","ph":"X","ts":116146,"dur":16,"pid":1,"tid":9},
{"name":"Constraint /Biped/Rig/Movers/bankIn_l_pivot_rc/bankIn_l_pivot_rotation","cat":"step","ph":"X","ts":115995,"dur":5,"pid":1,"tid":2},
{"name":"Constraint /Biped/Rig/Movers/bankOut_l_pivot_rc/bankOut_l_pivot_rotation","cat":"step","ph":"X","ts":116017,"dur":1,"pid":1,"tid":9},
{"name":"Constraint /Biped/Rig/Movers/heel_l_roll_rc/heel_l_roll_rotation","cat":"step","ph":"X","ts":116028,"dur":3,"pid":1,"tid":24},
{"name":"Constraint /Biped/Rig/Movers/toe_l_roll_rc/toe_l_roll_rotation","cat":"step","ph":"X","ts":116035,"dur":1,"pid":1,"tid":24},
{"name":"Solve /Biped/Rig/Solvers/leg_l_twoBoneIk","cat":"step","ph":"X","ts":116088,"dur":1,"pid":1,"tid":23},
{"name":"SolverCommit batch 48","cat":"step","ph":"X","ts":116095,"dur":1,"pid":1,"tid":23},
{"name":"SolverCommit batch 49","cat":"step","ph":"X","ts":116098,"dur":5,"pid":1,"tid":23},
{"name":"Constraint /Biped/Rig/Movers/ankle_l_bind_scAim/ankle_l_bind_aim","cat":"step","ph":"X","ts":116108,"dur":5,"pid":1,"tid":23},
{"name":"Constraint /Biped/Rig/Movers/ball_l_bind_scAim/ball_l_bind_aim","cat":"step","ph":"X","ts":116127,"dur":5,"pid":1,"tid":2},
{"name":"Constraint /Biped/Rig/Movers/hips_follow/spine_root_ctl_drives_hips_bind","cat":"step","ph":"X","ts":115920,"dur":5,"pid":1,"tid":0},
{"name":"PropagateChunk /Biped/Rig/Movers/hips_follow/spine_root_ctl_drives_hips_bind","cat":"step","ph":"X","ts":116089,"dur":4,"pid":1,"tid":23},
{"name":"PropagateChunk /Biped/Rig/Movers/hips_follow/spine_root_ctl_drives_hips_bind","cat":"step","ph":"X","ts":116067,"dur":1,"pid":1,"tid":12},
{"name":"CommitApply /Biped/Rig/Movers/hips_follow/spine_root_ctl_drives_hips_bind","cat":"step","ph":"X","ts":116096,"dur":1,"pid":1,"tid":23},
{"name":"Constraint /Biped/Rig/Movers/hips_follow/spine_root_ctl_scales_hips_bind","cat":"step","ph":"X","ts":116103,"dur":1,"pid":1,"tid":23},
{"name":"PropagateChunk /Biped/Rig/Movers/hips_follow/spine_root_ctl_scales_hips_bind","cat":"step","ph":"X","ts":116132,"dur":6,"pid":1,"tid":2},
{"name":"CommitApply /Biped/Rig/Movers/hips_follow/spine_root_ctl_scales_hips_bind","cat":"step","ph":"X","ts":116162,"dur":1,"pid":1,"tid":9},
{"name":"Constraint /Biped/Rig/Movers/spine_to_bind/spine_ik_spine_0_bind_scale_to_spine_0_bind","cat":"step","ph":"X","ts":116192,"dur":8,"pid":1,"tid":0},
{"name":"Constraint /Biped/Rig/Movers/spine_to_bind/spine_ik_spine_0_bind_to_spine_0_bind","cat":"step","ph":"X","ts":116212,"dur":15,"pid":1,"tid":28},
{"name":"Constraint /Biped/Rig/Movers/spine_to_bind/spine_ik_spine_1_bind_scale_to_spine_1_bind","cat":"step","ph":"X","ts":116236,"dur":7,"pid":1,"tid":13},
{"name":"Constraint /Biped/Rig/Movers/spine_to_bind/spine_ik_spine_1_bind_to_spine_1_bind","cat":"step","ph":"X","ts":116250,"dur":7,"pid":1,"tid":13},
{"name":"Constraint /Biped/Rig/Movers/spine_to_bind/spine_ik_spine_2_bind_scale_to_spine_2_bind","cat":"step","ph":"X","ts":116264,"dur":5,"pid":1,"tid":13},
{"name":"Constraint /Biped/Rig/Movers/spine_to_bind/spine_ik_spine_2_bind_to_spine_2_bind","cat":"step","ph":"X","ts":116275,"dur":6,"pid":1,"tid":13},
{"name":"Constraint /Biped/Rig/Movers/spine_to_bind/spine_ik_spine_3_bind_scale_to_spine_3_bind","cat":"step","ph":"X","ts":116281,"dur":5,"pid":1,"tid":13},
{"name":"Constraint /Biped/Rig/Movers/spine_to_bind/spine_ik_spine_3_bind_to_spine_3_bind","cat":"step","ph":"X","ts":116286,"dur":6,"pid":1,"tid":13},
{"name":"Constraint /Biped/Rig/Movers/spine_to_bind/spine_ik_spine_4_bind_scale_to_spine_4_bind","cat":"step","ph":"X","ts":116292,"dur":5,"pid":1,"tid":13},
{"name":"Constraint /Biped/Rig/Movers/spine_to_bind/spine_ik_spine_4_bind_to_spine_4_bind","cat":"step","ph":"X","ts":116297,"dur":6,"pid":1,"tid":13},
{"name":"Constraint /Biped/Rig/Movers/spine_to_bind/spine_ik_spine_5_bind_scale_to_spine_5_bind","cat":"step","ph":"X","ts":116303,"dur":7,"pid":1,"tid":13},
{"name":"Constraint /Biped/Rig/Movers/spine_to_bind/spine_ik_spine_5_bind_to_spine_5_bind","cat":"step","ph":"X","ts":116311,"dur":5,"pid":1,"tid":13},
{"name":"Constraint /Biped/Rig/Movers/spine_to_bind/spine_ik_chest_bind_scale_to_chest_bind","cat":"step","ph":"X","ts":116316,"dur":4,"pid":1,"tid":13},
{"name":"Constraint /Biped/Rig/Movers/spine_to_bind/spine_ik_chest_bind_to_chest_bind","cat":"step","ph":"X","ts":116321,"dur":5,"pid":1,"tid":13},
{"name":"Constraint /Biped/Rig/Movers/girdles/spine_end_ctl_drives_chest_bind","cat":"step","ph":"X","ts":116326,"dur":6,"pid":1,"tid":13},
{"name":"Constraint /Biped/Rig/Movers/girdles/pelvis_r_ctl_drives_pelvis_r_bind","cat":"step","ph":"X","ts":116200,"dur":1,"pid":1,"tid":0},
{"name":"Constraint /Biped/Rig/Movers/girdles/pelvis_l_ctl_drives_pelvis_l_bind","cat":"step","ph":"X","ts":116201,"dur":1,"pid":1,"tid":0},
{"name":"Constraint /Biped/Rig/Movers/girdles/clavicle_r_ctl_drives_clavicle_r_bind","cat":"step","ph":"X","ts":116332,"dur":1,"pid":1,"tid":13},
{"name":"Constraint /Biped/Rig/Movers/girdles/clavicle_l_ctl_drives_clavicle_l_bind","cat":"step","ph":"X","ts":116333,"dur":1,"pid":1,"tid":13},
{"name":"Constraint /Biped/Rig/Movers/girdles/spine_end_ctl_unsquashes_neck_base_bind","cat":"step","ph":"X","ts":116334,"dur":3,"pid":1,"tid":13},
{"name":"Constraint /Biped/Rig/Movers/girdles/clavicle_r_ctl_unsquashes_clavicle_r_bind","cat":"step","ph":"X","ts":116337,"dur":1,"pid":1,"tid":13},
{"name":"Constraint /Biped/Rig/Movers/girdles/clavicle_l_ctl_unsquashes_clavicle_l_bind","cat":"step","ph":"X","ts":116338,"dur":2,"pid":1,"tid":13},
{"name":"Constraint /Biped/Rig/Movers/neck_to_bind/neck_ik_neck_0_bind_scale_to_neck_0_bind","cat":"step","ph":"X","ts":116340,"dur":3,"pid":1,"tid":13},
{"name":"Constraint /Biped/Rig/Movers/neck_to_bind/neck_ik_neck_0_bind_to_neck_0_bind","cat":"step","ph":"X","ts":116350,"dur":3,"pid":1,"tid":13},
{"name":"Constraint /Biped/Rig/Movers/neck_to_bind/neck_ik_neck_1_bind_scale_to_neck_1_bind","cat":"step","ph":"X","ts":116358,"dur":5,"pid":1,"tid":19},
{"name":"Constraint /Biped/Rig/Movers/neck_to_bind/neck_ik_neck_1_bind_to_neck_1_bind","cat":"step","ph":"X","ts":116369,"dur":4,"pid":1,"tid":19},
{"name":"Constraint /Biped/Rig/Movers/neck_to_bind/neck_ik_neck_2_bind_scale_to_neck_2_bind","cat":"step","ph":"X","ts":116382,"dur":7,"pid":1,"tid":19},
{"name":"Constraint /Biped/Rig/Movers/neck_to_bind/neck_ik_neck_2_bind_to_neck_2_bind","cat":"step","ph":"X","ts":116395,"dur":4,"pid":1,"tid":19},
{"name":"Constraint /Biped/Rig/Movers/neck_to_bind/neck_ik_neck_3_bind_scale_to_neck_3_bind","cat":"step","ph":"X","ts":116400,"dur":3,"pid":1,"tid":19},
{"name":"Constraint /Biped/Rig/Movers/neck_to_bind/neck_ik_neck_3_bind_to_neck_3_bind","cat":"step","ph":"X","ts":116403,"dur":4,"pid":1,"tid":19},
{"name":"Constraint /Biped/Rig/Movers/neck_to_bind/neck_ik_skull_bind_scale_to_skull_bind","cat":"step","ph":"X","ts":116407,"dur":3,"pid":1,"tid":19},
{"name":"Constraint /Biped/Rig/Movers/neck_to_bind/neck_ik_skull_bind_to_skull_bind","cat":"step","ph":"X","ts":116410,"dur":5,"pid":1,"tid":19},
{"name":"Constraint /Biped/Rig/Movers/twist_aims/wristTwist_r_bind_copy","cat":"step","ph":"X","ts":116031,"dur":2,"pid":1,"tid":24},
{"name":"Constraint /Biped/Rig/Movers/twist_aims/wristTwist_r_bind_aim","cat":"step","ph":"X","ts":116036,"dur":2,"pid":1,"tid":24},
{"name":"Constraint /Biped/Rig/Movers/twist_aims/wristTwist_l_bind_copy","cat":"step","ph":"X","ts":116000,"dur":7,"pid":1,"tid":2},
{"name":"Constraint /Biped/Rig/Movers/twist_aims/wristTwist_l_bind_aim","cat":"step","ph":"X","ts":116033,"dur":2,"pid":1,"tid":24},
{"name":"Constraint /Biped/Rig/Movers/twist_aims/ankleTwist_r_bind_copy","cat":"step","ph":"X","ts":116163,"dur":5,"pid":1,"tid":9},
{"name":"Constraint /Biped/Rig/Movers/twist_aims/ankleTwist_r_bind_aim","cat":"step","ph":"X","ts":116202,"dur":4,"pid":1,"tid":0},
{"name":"Constraint /Biped/Rig/Movers/twist_aims/ankleTwist_l_bind_copy","cat":"step","ph":"X","ts":116139,"dur":3,"pid":1,"tid":2},
{"name":"Constraint /Biped/Rig/Movers/twist_aims/ankleTwist_l_bind_aim","cat":"step","ph":"X","ts":116168,"dur":4,"pid":1,"tid":9},
{"name":"Constraint /Biped/Rig/Movers/twist_aims/ankleTwist_r_bind_follows_ankle_r_bind","cat":"step","ph":"X","ts":116227,"dur":1,"pid":1,"tid":28},
{"name":"Constraint /Biped/Rig/Movers/twist_aims/ankleTwist_l_bind_follows_ankle_l_bind","cat":"step","ph":"X","ts":116196,"dur":1,"pid":1,"tid":9},
{"name":"Constraint /Biped/Rig/Movers/twist_aims/wristTwist_l_bind_follows_wrist_l_bind","cat":"step","ph":"X","ts":116047,"dur":1,"pid":1,"tid":12},
{"name":"Constraint /Biped/Rig/Movers/twist_aims/thighNoTwist_r_bind_follows_thigh_r_bind","cat":"step","ph":"X","ts":116228,"dur":1,"pid":1,"tid":28},
{"name":"Constraint /Biped/Rig/Movers/twist_aims/thighNoTwist_l_bind_follows_thigh_l_bind","cat":"step","ph":"X","ts":116213,"dur":1,"pid":1,"tid":0},
{"name":"Constraint /Biped/Rig/Movers/twist_aims/shoulderNoTwist_l_bind_follows_shoulder_l_bind","cat":"step","ph":"X","ts":116354,"dur":1,"pid":1,"tid":13},
{"name":"Constraint /Biped/Rig/Movers/twist_aims/pelvis_trans_l_bind_follows_thigh_l_bind","cat":"step","ph":"X","ts":116214,"dur":1,"pid":1,"tid":0},
{"name":"Constraint /Biped/Rig/Movers/twist_aims/clavicle_trans_r_bind_follows_shoulder_r_bind","cat":"step","ph":"X","ts":116347,"dur":1,"pid":1,"tid":13},
{"name":"Constraint /Biped/Rig/Movers/twist_aims/pelvis_trans_r_bind_aim","cat":"step","ph":"X","ts":116243,"dur":3,"pid":1,"tid":13},
{"name":"Constraint /Biped/Rig/Movers/twist_aims/pelvis_trans_l_bind_aim","cat":"step","ph":"X","ts":116246,"dur":2,"pid":1,"tid":13},
{"name":"Constraint /Biped/Rig/Movers/twist_aims/kneeTwist_r_bind_aim","cat":"step","ph":"X","ts":116116,"dur":2,"pid":1,"tid":23},
{"name":"Constraint /Biped/Rig/Movers/twist_aims/kneeTwist_l_bind_aim","cat":"step","ph":"X","ts":116113,"dur":2,"pid":1,"tid":23},
{"name":"Constraint /Biped/Rig/Movers/twist_aims/thighNoTwist_r_bind_aim","cat":"step","ph":"X","ts":116248,"dur":2,"pid":1,"tid":13},
{"name":"Constraint /Biped/Rig/Movers/twist_aims/thighNoTwist_l_bind_aim","cat":"step","ph":"X","ts":116229,"dur":3,"pid":1,"tid":28},
{"name":"Constraint /Biped/Rig/Movers/twist_aims/clavicle_trans_r_bind_aim","cat":"step","ph":"X","ts":116363,"dur":4,"pid":1,"tid":19},
{"name":"Constraint /Biped/Rig/Movers/twist_aims/clavicle_trans_l_bind_aim","cat":"step","ph":"X","ts":116367,"dur":2,"pid":1,"tid":19},
{"name":"Constraint /Biped/Rig/Movers/twist_aims/elbowTwist_r_bind_aim","cat":"step","ph":"X","ts":116019,"dur":2,"pid":1,"tid":24},
{"name":"Constraint /Biped/Rig/Movers/twist_aims/elbowTwist_l_bind_aim","cat":"step","ph":"X","ts":116007,"dur":4,"pid":1,"tid":2},
{"name":"Constraint /Biped/Rig/Movers/twist_aims/shoulderNoTwist_r_bind_aim","cat":"step","ph":"X","ts":116355,"dur":2,"pid":1,"tid":13},
{"name":"Constraint /Biped/Rig/Movers/twist_aims/shoulderNoTwist_l_bind_aim","cat":"step","ph":"X","ts":116357,"dur":2,"pid":1,"tid":13},
{"name":"Constraint /Biped/Rig/Movers/pose_drivers/thigh_r_driver_copies_thigh_r_bind","cat":"step","ph":"X","ts":116257,"dur":3,"pid":1,"tid":13},
{"name":"Constraint /Biped/Rig/Movers/pose_drivers/thigh_l_driver_copies_thigh_l_bind","cat":"step","ph":"X","ts":116260,"dur":3,"pid":1,"tid":13},
{"name":"Constraint /Biped/Rig/Movers/pose_drivers/thigh_r_twist_driver_copies_thighNoTwist_r_bind","cat":"step","ph":"X","ts":116269,"dur":3,"pid":1,"tid":13},
{"name":"Constraint /Biped/Rig/Movers/pose_drivers/thigh_l_twist_driver_copies_thighNoTwist_l_bind","cat":"step","ph":"X","ts":116272,"dur":2,"pid":1,"tid":13},
{"name":"Constraint /Biped/Rig/Movers/pose_drivers/ankleTwist_r_driver_copies_ankleTwist_r_bind","cat":"step","ph":"X","ts":116232,"dur":2,"pid":1,"tid":28},
{"name":"Constraint /Biped/Rig/Movers/pose_drivers/ankleTwist_l_driver_copies_ankleTwist_l_bind","cat":"step","ph":"X","ts":116206,"dur":3,"pid":1,"tid":0},
{"name":"Constraint /Biped/Rig/Movers/pose_drivers/toe_r_driver_copies_ball_r_bind","cat":"step","ph":"X","ts":116197,"dur":3,"pid":1,"tid":9},
{"name":"Constraint /Biped/Rig/Movers/pose_drivers/toe_l_driver_copies_ball_l_bind","cat":"step","ph":"X","ts":116172,"dur":18,"pid":1,"tid":9},
{"name":"Constraint /Biped/Rig/Movers/pose_drivers/knee_r_driver_copies_knee_r_bind","cat":"step","ph":"X","ts":116143,"dur":5,"pid":1,"tid":2},
{"name":"Constraint /Biped/Rig/Movers/pose_drivers/knee_l_driver_copies_knee_l_bind","cat":"step","ph":"X","ts":116118,"dur":3,"pid":1,"tid":23},
{"name":"Constraint /Biped/Rig/Movers/pose_drivers/ankleSwing_r_driver_copies_ankle_r_bind","cat":"step","ph":"X","ts":116234,"dur":2,"pid":1,"tid":28},
{"name":"Constraint /Biped/Rig/Movers/pose_drivers/ankleSwing_l_driver_copies_ankle_l_bind","cat":"step","ph":"X","ts":116209,"dur":2,"pid":1,"tid":0},
{"name":"Constraint /Biped/Rig/Movers/pose_drivers/shoulder_r_driver_copies_shoulder_r_bind","cat":"step","ph":"X","ts":116373,"dur":3,"pid":1,"tid":19},
{"name":"Constraint /Biped/Rig/Movers/pose_drivers/shoulder_l_driver_copies_shoulder_l_bind","cat":"step","ph":"X","ts":116376,"dur":2,"pid":1,"tid":19},
{"name":"Constraint /Biped/Rig/Movers/pose_drivers/wristTwist_r_driver_copies_wristTwist_r_bind","cat":"step","ph":"X","ts":116078,"dur":9,"pid":1,"tid":23},
{"name":"Constraint /Biped/Rig/Movers/pose_drivers/wristTwist_l_driver_copies_wristTwist_l_bind","cat":"step","ph":"X","ts":116060,"dur":2,"pid":1,"tid":0},
{"name":"Constraint /Biped/Rig/Movers/pose_drivers/shoulder_r_twist_driver_copies_shoulderNoTwist_r_bind","cat":"step","ph":"X","ts":116389,"dur":3,"pid":1,"tid":19},
{"name":"Constraint /Biped/Rig/Movers/pose_drivers/shoulder_l_twist_driver_copies_shoulderNoTwist_l_bind","cat":"step","ph":"X","ts":116392,"dur":2,"pid":1,"tid":19},
{"name":"Constraint /Biped/Rig/Movers/pose_drivers/wristSwing_r_driver_copies_wrist_r_bind","cat":"step","ph":"X","ts":116069,"dur":2,"pid":1,"tid":12},
{"name":"Constraint /Biped/Rig/Movers/pose_drivers/wristSwing_l_driver_copies_wrist_l_bind","cat":"step","ph":"X","ts":116062,"dur":3,"pid":1,"tid":0},
{"name":"Constraint /Biped/Rig/Movers/pose_drivers/elbow_r_driver_copies_elbow_r_bind","cat":"step","ph":"X","ts":116048,"dur":3,"pid":1,"tid":12},
{"name":"Constraint /Biped/Rig/Movers/pose_drivers/elbow_l_driver_copies_elbow_l_bind","cat":"step","ph":"X","ts":116021,"dur":3,"pid":1,"tid":24},
{"name":"Constraint /Biped/Rig/Movers/param_follow/leg_r_params_to_ankle_r_bind","cat":"step","ph":"X","ts":116148,"dur":3,"pid":1,"tid":2},
{"name":"Constraint /Biped/Rig/Movers/param_follow/leg_l_params_to_ankle_l_bind","cat":"step","ph":"X","ts":116121,"dur":3,"pid":1,"tid":23},
{"name":"Constraint /Biped/Rig/Movers/param_follow/arm_r_params_to_wrist_r_bind","cat":"step","ph":"X","ts":116024,"dur":2,"pid":1,"tid":24},
{"name":"Constraint /Biped/Rig/Movers/param_follow/arm_l_params_to_wrist_l_bind","cat":"step","ph":"X","ts":116011,"dur":5,"pid":1,"tid":2},
{"name":"ProviderMatrix /Biped/Rig/Controls/leg_r_ik/ankle_r_pivot/bankIn_r_pivot final","cat":"step","ph":"X","ts":116026,"dur":1,"pid":1,"tid":24},
{"name":"ProviderMatrix /Biped/Rig/Controls/leg_r_ik/ankle_r_pivot/bankIn_r_pivot/bankOut_r_pivot/heel_r_roll/heel_r/ball_r_pivot/toe_r_roll/toe_r/ballRoll_r_up final","cat":"step","ph":"X","ts":116093,"dur":1,"pid":1,"tid":23},
{"name":"ProviderMatrix /Biped/Rig/Joints/ankle_l_pivot/bankIn_l_pivot/bankOut_l_pivot/heel_l_pivot/ball_l_pivot/toe_l_pivot/ballRoll_l_pivot final","cat":"step","ph":"X","ts":115958,"dur":1,"pid":1,"tid":24},
{"name":"ProviderMatrix /Biped/Rig/Joints/ankle_r_pivot/bankIn_r_pivot final","cat":"step","ph":"X","ts":115911,"dur":1,"pid":1,"tid":0},
{"name":"ProviderMatrix /Biped/Rig/Joints/hips_bind final","cat":"step","ph":"X","ts":116200,"dur":1,"pid":1,"tid":9},
{"name":"ProviderMatrix /Biped/Rig/Joints/hips_bind/pelvis_l_bind final","cat":"step","ph":"X","ts":116211,"dur":1,"pid":1,"tid":0},
{"name":"ProviderMatrix /Biped/Rig/Joints/hips_bind/pelvis_l_bind/thigh_l_bind/knee_l_bind/ankleTwist_l_bind/ankleSwing_l_driver final","cat":"step","ph":"X","ts":116236,"dur":1,"pid":1,"tid":28},
{"name":"ProviderMatrix /Biped/Rig/Joints/hips_bind/pelvis_l_bind/thigh_l_bind/knee_l_bind/ankle_l_bind/ball_l_bind final","cat":"step","ph":"X","ts":116151,"dur":1,"pid":1,"tid":2},
{"name":"ProviderMatrix /Biped/Rig/Joints/hips_bind/pelvis_l_bind/thigh_l_bind/knee_l_bind/ankle_l_bind/ball_l_bind/toe1_001_l_bind/toe1_002_l_bind/toe1_003_l_bind/toe1_004_l_bind final","cat":"step","ph":"X","ts":116152,"dur":1,"pid":1,"tid":2},
{"name":"ProviderMatrix /Biped/Rig/Joints/hips_bind/pelvis_l_bind/thigh_l_bind/knee_l_bind/ankle_l_bind/ball_l_bind/toe2_001_l_bind/toe2_002_l_bind/toe2_003_l_bind/toe2_004_l_bind final","cat":"step","ph":"X","ts":116153,"dur":1,"pid":1,"tid":2},
{"name":"ProviderMatrix /Biped/Rig/Joints/hips_bind/pelvis_l_bind/thigh_l_bind/knee_l_bind/ankle_l_bind/ball_l_bind/toe5_001_l_bind final","cat":"step","ph":"X","ts":116155,"dur":3,"pid":1,"tid":2},
{"name":"ProviderMatrix /Biped/Rig/Joints/hips_bind/pelvis_l_bind/thigh_l_bind/knee_l_bind/ankle_l_bind/ball_l_bind/toe_l_bind final","cat":"step","ph":"X","ts":116158,"dur":1,"pid":1,"tid":2},
{"name":"ProviderMatrix /Biped/Rig/Joints/hips_bind/pelvis_r_bind/pelvis_trans_r_bind final","cat":"step","ph":"X","ts":116263,"dur":1,"pid":1,"tid":13},
{"name":"ProviderMatrix /Biped/Rig/Joints/hips_bind/pelvis_r_bind/thigh_r_bind final","cat":"step","ph":"X","ts":116124,"dur":1,"pid":1,"tid":23},
{"name":"ProviderMatrix /Biped/Rig/Joints/hips_bind/pelvis_r_bind/thigh_r_bind/knee_r_bind/ankle_r_bind/ball_r_bind/toe2_001_r_bind/toe2_002_r_bind final","cat":"step","ph":"X","ts":116201,"dur":1,"pid":1,"tid":9},
{"name":"ProviderMatrix /Biped/Rig/Joints/hips_bind/pelvis_r_bind/thigh_r_bind/knee_r_bind/ankle_r_bind/ball_r_bind/toe4_001_r_bind/toe4_002_r_bind/toe4_003_r_bind final","cat":"step","ph":"X","ts":116202,"dur":1,"pid":1,"tid":9},
{"name":"ProviderMatrix /Biped/Rig/Joints/hips_bind/pelvis_r_bind/thigh_r_bind/knee_r_bind/ankle_r_bind/toe_r_driver final","cat":"step","ph":"X","ts":116212,"dur":1,"pid":1,"tid":0},
{"name":"ProviderMatrix /Biped/Rig/Joints/hips_bind/spine_0_bind/spine_1_bind final","cat":"step","ph":"X","ts":116274,"dur":1,"pid":1,"tid":13},
{"name":"ProviderMatrix /Biped/Rig/Joints/hips_bind/spine_0_bind/spine_1_bind/spine_2_bind/spine_3_bind/spine_4_bind final","cat":"step","ph":"X","ts":116310,"dur":1,"pid":1,"tid":13},
{"name":"ProviderMatrix /Biped/Rig/Joints/hips_bind/spine_0_bind/spine_1_bind/spine_2_bind/spine_3_bind/spine_4_bind/spine_5_bind final","cat":"step","ph":"X","ts":116320,"dur":1,"pid":1,"tid":13},
{"name":"ProviderMatrix /Biped/Rig/Joints/hips_bind/spine_0_bind/spine_1_bind/spine_2_bind/spine_3_bind/spine_4_bind/spine_5_bind/chest_bind/clavicle_l_bind/clavicle_trans_combo_l_driver final","cat":"step","ph":"X","ts":116348,"dur":1,"pid":1,"tid":13},
{"name":"ProviderMatrix /Biped/Rig/Joints/hips_bind/spine_0_bind/spine_1_bind/spine_2_bind/spine_3_bind/spine_4_bind/spine_5_bind/chest_bind/clavicle_l_bind/clavicle_trans_l_bind final","cat":"step","ph":"X","ts":116378,"dur":1,"pid":1,"tid":19},
{"name":"ProviderMatrix /Biped/Rig/Joints/hips_bind/spine_0_bind/spine_1_bind/spine_2_bind/spine_3_bind/spine_4_bind/spine_5_bind/chest_bind/clavicle_l_bind/shoulder_l_bind/elbow_l_bind final","cat":"step","ph":"X","ts":116016,"dur":1,"pid":1,"tid":2},
{"name":"ProviderMatrix /Biped/Rig/Joints/hips_bind/spine_0_bind/spine_1_bind/spine_2_bind/spine_3_bind/spine_4_bind/spine_5_bind/chest_bind/clavicle_l_bind/shoulder_l_bind/elbow_l_bind/wrist_l_bind/index_001_l_bind final","cat":"step","ph":"X","ts":116065,"dur":1,"pid":1,"tid":0},
{"name":"ProviderMatrix /Biped/Rig/Joints/hips_bind/spine_0_bind/spine_1_bind/spine_2_bind/spine_3_bind/spine_4_bind/spine_5_bind/chest_bind/clavicle_l_bind/shoulder_l_bind/elbow_l_bind/wrist_l_bind/middle_001_l_bind/middle_002_l_bind/middle_003_l_bind final","cat":"step","ph":"X","ts":116066,"dur":1,"pid":1,"tid":0},
{"name":"ProviderMatrix /Biped/Rig/Joints/hips_bind/spine_0_bind/spine_1_bind/spine_2_bind/spine_3_bind/spine_4_bind/spine_5_bind/chest_bind/clavicle_l_bind/shoulder_l_bind/elbow_l_bind/wrist_l_bind/pinkyCup_l_bind/pinky_001_l_bind/pinky_002_l_bind/pinky_003_l_bind final","cat":"step","ph":"X","ts":116072,"dur":1,"pid":1,"tid":12},
{"name":"ProviderMatrix /Biped/Rig/Joints/hips_bind/spine_0_bind/spine_1_bind/spine_2_bind/spine_3_bind/spine_4_bind/spine_5_bind/chest_bind/clavicle_l_bind/shoulder_l_bind/elbow_l_bind/wrist_l_bind/thumbCup_l_bind final","cat":"step","ph":"X","ts":116067,"dur":1,"pid":1,"tid":0},
{"name":"ProviderMatrix /Biped/Rig/Joints/hips_bind/spine_0_bind/spine_1_bind/spine_2_bind/spine_3_bind/spine_4_bind/spine_5_bind/chest_bind/clavicle_r_bind/clavicle_trans_r_bind/shoulder_r_driver final","cat":"step","ph":"X","ts":116394,"dur":1,"pid":1,"tid":19},
{"name":"ProviderMatrix /Biped/Rig/Joints/hips_bind/spine_0_bind/spine_1_bind/spine_2_bind/spine_3_bind/spine_4_bind/spine_5_bind/chest_bind/clavicle_r_bind/shoulder_r_bind/elbow_r_bind/elbowTwist_r_bind final","cat":"step","ph":"X","ts":116051,"dur":1,"pid":1,"tid":12},
{"name":"ProviderMatrix /Biped/Rig/Joints/hips_bind/spine_0_bind/spine_1_bind/spine_2_bind/spine_3_bind/spine_4_bind/spine_5_bind/chest_bind/clavicle_r_bind/shoulder_r_bind/elbow_r_bind/wrist_r_bind/index_001_r_bind/index_002_r_bind/index_003_r_bind/index_004_r_bind final","cat":"step","ph":"X","ts":116073,"dur":1,"pid":1,"tid":12},
{"name":"ProviderMatrix /Biped/Rig/Joints/hips_bind/spine_0_bind/spine_1_bind/spine_2_bind/spine_3_bind/spine_4_bind/spine_5_bind/chest_bind/clavicle_r_bind/shoulder_r_bind/elbow_r_bind/wrist_r_bind/pinkyCup_r_bind/pinky_001_r_bind/pinky_002_r_bind/pinky_003_r_bind final","cat":"step","ph":"X","ts":116094,"dur":1,"pid":1,"tid":23},
{"name":"ProviderMatrix /Biped/Rig/Joints/hips_bind/spine_0_bind/spine_1_bind/spine_2_bind/spine_3_bind/spine_4_bind/spine_5_bind/chest_bind/clavicle_r_bind/shoulder_r_bind/elbow_r_bind/wrist_r_bind/ring_001_r_bind/ring_002_combo_r_driver final","cat":"step","ph":"X","ts":116074,"dur":1,"pid":1,"tid":12},
{"name":"ProviderMatrix /Biped/Rig/Joints/hips_bind/spine_0_bind/spine_1_bind/spine_2_bind/spine_3_bind/spine_4_bind/spine_5_bind/chest_bind/clavicle_r_bind/shoulder_r_bind/elbow_r_bind/wrist_r_bind/thumbCup_r_bind/thumb_001_r_bind/thumb_002_r_bind/thumb_003_r_bind final","cat":"step","ph":"X","ts":116075,"dur":1,"pid":1,"tid":12},
{"name":"ProviderMatrix /Biped/Rig/Joints/hips_bind/spine_0_bind/spine_1_bind/spine_2_bind/spine_3_bind/spine_4_bind/spine_5_bind/chest_bind/neck_base_bind/neck_0_bind/neck_1_bind/neck_2_bind/neck_3_bind/skull_bind/face_lower_bind final","cat":"step","ph":"X","ts":116415,"dur":1,"pid":1,"tid":19},
{"name":"ProviderMatrix /Biped/Rig/Joints/hips_bind/spine_0_bind/spine_1_bind/spine_2_bind/spine_3_bind/spine_4_bind/spine_5_bind/chest_bind/neck_base_bind/neck_0_bind/neck_1_bind/neck_2_bind/neck_3_bind/skull_bind/face_lower_bind/jaw_bind final","cat":"step","ph":"X","ts":116416,"dur":1,"pid":1,"tid":19},
{"name":"ProviderMatrix /Biped/Rig/Joints/hips_bind/spine_0_bind/spine_1_bind/spine_2_bind/spine_3_bind/spine_4_bind/spine_5_bind/chest_bind/neck_base_bind/neck_0_bind/neck_1_bind/neck_2_bind/neck_3_bind/skull_bind/face_lower_bind/jaw_bind/tongue_0_bind/tongue_1_bind/tongue_2_bind/tongue_3_bind/tongue_4_bind final","cat":"step","ph":"X","ts":116417,"dur":1,"pid":1,"tid":19},
{"name":"ProviderMatrix /Biped/Rig/Joints/hips_bind/spine_0_bind/spine_1_bind/spine_2_bind/spine_3_bind/spine_4_bind/spine_5_bind/chest_bind/neck_base_bind/neck_0_bind/neck_1_bind/neck_2_bind/neck_3_bind/skull_bind/face_upper_bind/head_tip_bind/brow_inner_r_bind final","cat":"step","ph":"X","ts":116418,"dur":1,"pid":1,"tid":19},
{"name":"ProviderMatrix /Biped/Rig/Joints/neck_ik_neck_0_bind/neck_ik_neck_1_bind/neck_ik_neck_2_bind/neck_ik_neck_3_bind/neck_ik_skull_bind final","cat":"step","ph":"X","ts":116097,"dur":1,"pid":1,"tid":23},
{"name":"ProviderMatrix /Biped/Rig/Joints/spine_ik_spine_0_bind/spine_ik_spine_1_bind/spine_ik_spine_2_bind/spine_ik_spine_3_bind/spine_ik_spine_4_bind/spine_ik_spine_5_bind final","cat":"step","ph":"X","ts":115972,"dur":1,"pid":1,"tid":16},
{"name":"InfluenceFold /Biped/Rig/Movers/skin_body_geo/body_geo_skin","cat":"step","ph":"X","ts":116419,"dur":29,"pid":1,"tid":19},
{"name":"RevisionChunk /Biped/Rig/Movers/skin_body_geo/body_geo_skin","cat":"step","ph":"X","ts":116448,"dur":243,"pid":1,"tid":19},
{"name":"RevisionFuse /Biped/Rig/Movers/skin_body_geo/body_geo_skin","cat":"step","ph":"X","ts":116691,"dur":2,"pid":1,"tid":19},
{"name":"ChainStatus /Biped/Geom/body_geo.points","cat":"step","ph":"X","ts":116693,"dur":17,"pid":1,"tid":19},
{"name":"Derived /Biped/Geom/body_geo.extent","cat":"step","ph":"X","ts":116710,"dur":133,"pid":1,"tid":19},
{"name":"cluster 0","cat":"cluster","ph":"X","ts":115897,"dur":8,"pid":1,"tid":0,"args":{"level":"1","steps":"21","waitUs":"2"}},
{"name":"cluster 1","cat":"cluster","ph":"X","ts":115905,"dur":7,"pid":1,"tid":0,"args":{"level":"2","steps":"30","waitUs":"0"}},
{"name":"cluster 2","cat":"cluster","ph":"X","ts":115926,"dur":5,"pid":1,"tid":0,"args":{"level":"3","steps":"20","waitUs":"14"}},
{"name":"cluster 3","cat":"cluster","ph":"X","ts":115933,"dur":18,"pid":1,"tid":24,"args":{"level":"4","steps":"17","waitUs":"1"}},
{"name":"cluster 4","cat":"cluster","ph":"X","ts":115952,"dur":9,"pid":1,"tid":16,"args":{"level":"5","steps":"17","waitUs":"1"}},
{"name":"cluster 5","cat":"cluster","ph":"X","ts":115964,"dur":16,"pid":1,"tid":2,"args":{"level":"6","steps":"23","waitUs":"3"}},
{"name":"cluster 6","cat":"cluster","ph":"X","ts":115985,"dur":8,"pid":1,"tid":2,"args":{"level":"7","steps":"15","waitUs":"4"}},
{"name":"cluster 7","cat":"cluster","ph":"X","ts":115995,"dur":8,"pid":1,"tid":9,"args":{"level":"8","steps":"13","waitUs":"2"}},
{"name":"cluster 8","cat":"cluster","ph":"X","ts":115918,"dur":7,"pid":1,"tid":0,"args":{"level":"3","steps":"15","waitUs":"6"}},
{"name":"cluster 9","cat":"cluster","ph":"X","ts":116009,"dur":9,"pid":1,"tid":24,"args":{"level":"9","steps":"15","waitUs":"6"}},
{"name":"cluster 10","cat":"cluster","ph":"X","ts":116019,"dur":7,"pid":1,"tid":0,"args":{"level":"10","steps":"17","waitUs":"1"}},
{"name":"cluster 11","cat":"cluster","ph":"X","ts":116052,"dur":7,"pid":1,"tid":0,"args":{"level":"11","steps":"16","waitUs":"9"}},
{"name":"cluster 12","cat":"cluster","ph":"X","ts":115981,"dur":4,"pid":1,"tid":2,"args":{"level":"7","steps":"6","waitUs":"0"}},
{"name":"cluster 13","cat":"cluster","ph":"X","ts":116060,"dur":8,"pid":1,"tid":12,"args":{"level":"12","steps":"12","waitUs":"1"}},
{"name":"cluster 14","cat":"cluster","ph":"X","ts":116072,"dur":15,"pid":1,"tid":23,"args":{"level":"13","steps":"6","waitUs":"4"}},
{"name":"cluster 16","cat":"cluster","ph":"X","ts":115962,"dur":11,"pid":1,"tid":16,"args":{"level":"6","steps":"12","waitUs":"1"}},
{"name":"cluster 17","cat":"cluster","ph":"X","ts":115951,"dur":8,"pid":1,"tid":24,"args":{"level":"5","steps":"8","waitUs":"0"}},
{"name":"cluster 18","cat":"cluster","ph":"X","ts":116087,"dur":8,"pid":1,"tid":23,"args":{"level":"14","steps":"15","waitUs":"0"}},
{"name":"cluster 19","cat":"cluster","ph":"X","ts":115993,"dur":7,"pid":1,"tid":2,"args":{"level":"8","steps":"2","waitUs":"0"}},
{"name":"cluster 20","cat":"cluster","ph":"X","ts":115932,"dur":4,"pid":1,"tid":0,"args":{"level":"4","steps":"6","waitUs":"0"}},
{"name":"cluster 21","cat":"cluster","ph":"X","ts":116020,"dur":5,"pid":1,"tid":15,"args":{"level":"10","steps":"3","waitUs":"2"}},
{"name":"cluster 22","cat":"cluster","ph":"X","ts":116020,"dur":8,"pid":1,"tid":16,"args":{"level":"10","steps":"3","waitUs":"2"}},
{"name":"cluster 23","cat":"cluster","ph":"X","ts":116002,"dur":4,"pid":1,"tid":0,"args":{"level":"9","steps":"3","waitUs":"2"}},
{"name":"cluster 24","cat":"cluster","ph":"X","ts":116026,"dur":17,"pid":1,"tid":12,"args":{"level":"10","steps":"4","waitUs":"8"}},
{"name":"cluster 25","cat":"cluster","ph":"X","ts":116002,"dur":12,"pid":1,"tid":16,"args":{"level":"9","steps":"3","waitUs":"2"}},
{"name":"cluster 26","cat":"cluster","ph":"X","ts":116003,"dur":15,"pid":1,"tid":9,"args":{"level":"9","steps":"4","waitUs":"0"}},
{"name":"cluster 27","cat":"cluster","ph":"X","ts":116095,"dur":3,"pid":1,"tid":23,"args":{"level":"15","steps":"10","waitUs":"0"}},
{"name":"cluster 28","cat":"cluster","ph":"X","ts":116098,"dur":6,"pid":1,"tid":23,"args":{"level":"16","steps":"4","waitUs":"0"}},
{"name":"cluster 29","cat":"cluster","ph":"X","ts":116104,"dur":11,"pid":1,"tid":23,"args":{"level":"17","steps":"6","waitUs":"0"}},
{"name":"cluster 30","cat":"cluster","ph":"X","ts":116117,"dur":25,"pid":1,"tid":2,"args":{"level":"18","steps":"5","waitUs":"2"}},
{"name":"cluster 31","cat":"cluster","ph":"X","ts":116146,"dur":44,"pid":1,"tid":9,"args":{"level":"19","steps":"5","waitUs":"3"}},
{"name":"cluster 32","cat":"cluster","ph":"X","ts":116028,"dur":7,"pid":1,"tid":24,"args":{"level":"10","steps":"3","waitUs":"10"}},
{"name":"cluster 33","cat":"cluster","ph":"X","ts":116035,"dur":3,"pid":1,"tid":24,"args":{"level":"11","steps":"2","waitUs":"0"}},
{"name":"cluster 34","cat":"cluster","ph":"X","ts":116192,"dur":14,"pid":1,"tid":0,"args":{"level":"20","steps":"4","waitUs":"2"}},
{"name":"cluster 35","cat":"cluster","ph":"X","ts":116212,"dur":17,"pid":1,"tid":28,"args":{"level":"21","steps":"3","waitUs":"6"}},
{"name":"cluster 36","cat":"cluster","ph":"X","ts":116236,"dur":14,"pid":1,"tid":13,"args":{"level":"22","steps":"4","waitUs":"7"}},
{"name":"cluster 37","cat":"cluster","ph":"X","ts":116250,"dur":14,"pid":1,"tid":13,"args":{"level":"23","steps":"9","waitUs":"0"}},
{"name":"cluster 38","cat":"cluster","ph":"X","ts":116264,"dur":11,"pid":1,"tid":13,"args":{"level":"24","steps":"6","waitUs":"0"}},
{"name":"cluster 39","cat":"cluster","ph":"X","ts":116275,"dur":6,"pid":1,"tid":13,"args":{"level":"25","steps":"3","waitUs":"0"}},
{"name":"cluster 40","cat":"cluster","ph":"X","ts":116281,"dur":5,"pid":1,"tid":13,"args":{"level":"26","steps":"2","waitUs":"0"}},
{"name":"cluster 41","cat":"cluster","ph":"X","ts":116286,"dur":6,"pid":1,"tid":13,"args":{"level":"27","steps":"1","waitUs":"0"}},
{"name":"cluster 42","cat":"cluster","ph":"X","ts":116292,"dur":5,"pid":1,"tid":13,"args":{"level":"28","steps":"2","waitUs":"0"}},
{"name":"cluster 43","cat":"cluster","ph":"X","ts":116297,"dur":6,"pid":1,"tid":13,"args":{"level":"29","steps":"1","waitUs":"0"}},
{"name":"cluster 44","cat":"cluster","ph":"X","ts":116303,"dur":8,"pid":1,"tid":13,"args":{"level":"30","steps":"2","waitUs":"0"}},
{"name":"cluster 45","cat":"cluster","ph":"X","ts":116311,"dur":5,"pid":1,"tid":13,"args":{"level":"31","steps":"1","waitUs":"0"}},
{"name":"cluster 46","cat":"cluster","ph":"X","ts":116316,"dur":5,"pid":1,"tid":13,"args":{"level":"32","steps":"2","waitUs":"0"}},
{"name":"cluster 47","cat":"cluster","ph":"X","ts":116321,"dur":5,"pid":1,"tid":13,"args":{"level":"33","steps":"1","waitUs":"0"}},
{"name":"cluster 48","cat":"cluster","ph":"X","ts":116326,"dur":6,"pid":1,"tid":13,"args":{"level":"34","steps":"1","waitUs":"0"}},
{"name":"cluster 49","cat":"cluster","ph":"X","ts":116332,"dur":5,"pid":1,"tid":13,"args":{"level":"35","steps":"4","waitUs":"0"}},
{"name":"cluster 50","cat":"cluster","ph":"X","ts":116337,"dur":6,"pid":1,"tid":13,"args":{"level":"36","steps":"4","waitUs":"0"}},
{"name":"cluster 51","cat":"cluster","ph":"X","ts":116350,"dur":5,"pid":1,"tid":13,"args":{"level":"37","steps":"3","waitUs":"7"}},
{"name":"cluster 52","cat":"cluster","ph":"X","ts":116358,"dur":11,"pid":1,"tid":19,"args":{"level":"38","steps":"3","waitUs":"3"}},
{"name":"cluster 53","cat":"cluster","ph":"X","ts":116369,"dur":10,"pid":1,"tid":19,"args":{"level":"39","steps":"7","waitUs":"0"}},
{"name":"cluster 54","cat":"cluster","ph":"X","ts":116382,"dur":13,"pid":1,"tid":19,"args":{"level":"40","steps":"6","waitUs":"1"}},
{"name":"cluster 55","cat":"cluster","ph":"X","ts":116395,"dur":4,"pid":1,"tid":19,"args":{"level":"41","steps":"3","waitUs":"0"}},
{"name":"cluster 56","cat":"cluster","ph":"X","ts":116400,"dur":3,"pid":1,"tid":19,"args":{"level":"42","steps":"2","waitUs":"0"}},
{"name":"cluster 57","cat":"cluster","ph":"X","ts":116403,"dur":4,"pid":1,"tid":19,"args":{"level":"43","steps":"1","waitUs":"0"}},
{"name":"cluster 58","cat":"cluster","ph":"X","ts":116407,"dur":3,"pid":1,"tid":19,"args":{"level":"44","steps":"2","waitUs":"0"}},
{"name":"cluster 59","cat":"cluster","ph":"X","ts":116410,"dur":9,"pid":1,"tid":19,"args":{"level":"46","steps":"28","waitUs":"0"}},
{"name":"cluster 60","cat":"cluster","ph":"X","ts":116000,"dur":17,"pid":1,"tid":2,"args":{"level":"9","steps":"7","waitUs":"0"}},
{"name":"cluster 61","cat":"cluster","ph":"X","ts":116196,"dur":7,"pid":1,"tid":9,"args":{"level":"20","steps":"27","waitUs":"6"}},
{"name":"cluster 62","cat":"cluster","ph":"X","ts":116047,"dur":5,"pid":1,"tid":12,"args":{"level":"11","steps":"7","waitUs":"4"}},
{"name":"cluster 63","cat":"cluster","ph":"X","ts":116213,"dur":2,"pid":1,"tid":0,"args":{"level":"21","steps":"3","waitUs":"7"}},
{"name":"cluster 64","cat":"cluster","ph":"X","ts":116347,"dur":2,"pid":1,"tid":13,"args":{"level":"37","steps":"8","waitUs":"4"}},
{"name":"cluster 65","cat":"cluster","ph":"X","ts":116116,"dur":9,"pid":1,"tid":23,"args":{"level":"18","steps":"7","waitUs":"0"}},
{"name":"cluster 66","cat":"cluster","ph":"X","ts":116229,"dur":8,"pid":1,"tid":28,"args":{"level":"22","steps":"7","waitUs":"0"}},
{"name":"cluster 67","cat":"cluster","ph":"X","ts":116019,"dur":8,"pid":1,"tid":24,"args":{"level":"10","steps":"9","waitUs":"1"}},
{"name":"cluster 68","cat":"cluster","ph":"X","ts":116355,"dur":4,"pid":1,"tid":13,"args":{"level":"38","steps":"3","waitUs":"0"}},
{"name":"cluster 69","cat":"cluster","ph":"X","ts":116206,"dur":7,"pid":1,"tid":0,"args":{"level":"21","steps":"10","waitUs":"0"}},
{"name":"cluster 70","cat":"cluster","ph":"X","ts":116143,"dur":16,"pid":1,"tid":2,"args":{"level":"19","steps":"27","waitUs":"0"}},
{"name":"cluster 71","cat":"cluster","ph":"X","ts":116060,"dur":8,"pid":1,"tid":0,"args":{"level":"12","steps":"30","waitUs":"1"}},
{"name":"cluster 72","cat":"cluster","ph":"X","ts":116069,"dur":7,"pid":1,"tid":12,"args":{"level":"13","steps":"36","waitUs":"0"}},
{"name":"cluster 73","cat":"cluster","ph":"X","ts":116419,"dur":29,"pid":1,"tid":19,"args":{"level":"47","steps":"1","waitUs":"0"}},
{"name":"cluster 74","cat":"cluster","ph":"X","ts":116448,"dur":243,"pid":1,"tid":19,"args":{"level":"48","steps":"1","waitUs":"0"}},
{"name":"cluster 75","cat":"cluster","ph":"X","ts":116691,"dur":152,"pid":1,"tid":19,"args":{"level":"51","steps":"3","waitUs":"0"}},
{"name":"BakedPublish","cat":"baked","ph":"X","ts":117166,"dur":56,"pid":1,"tid":0},
{"name":"BakedEpilogue","cat":"baked","ph":"X","ts":116849,"dur":380,"pid":1,"tid":0},
{"name":"Baked","cat":"baked","ph":"X","ts":115750,"dur":1479,"pid":1,"tid":0},
{"name":"Evaluate.Run","cat":"evaluate","ph":"X","ts":115749,"dur":1481,"pid":1,"tid":0},
{"name":"Evaluate@5","cat":"evaluate","ph":"X","ts":115748,"dur":1482,"pid":1,"tid":0},
{"name":"Evaluate.Settle","cat":"evaluate","ph":"X","ts":117247,"dur":0,"pid":1,"tid":0},
{"name":"Evaluate.PlaceOverrides","cat":"evaluate","ph":"X","ts":117247,"dur":1,"pid":1,"tid":0},
{"name":"PropertyChains","cat":"property","ph":"X","ts":117250,"dur":6,"pid":1,"tid":0},
{"name":"BakedInputs","cat":"baked","ph":"X","ts":117256,"dur":8,"pid":1,"tid":0},
{"name":"BakedChainBase","cat":"geometry","ph":"X","ts":117362,"dur":3,"pid":1,"tid":0},
{"name":"BakedPrologue","cat":"baked","ph":"X","ts":117249,"dur":116,"pid":1,"tid":0},
{"name":"BakedRegion","cat":"baked","ph":"X","ts":117366,"dur":1314,"pid":1,"tid":0},
{"name":"ComposeSubtree /Biped/Rig/Controls/arm_l_ik","cat":"step","ph":"X","ts":117394,"dur":1,"pid":1,"tid":0},
{"name":"ComposeSubtree /Biped/Rig/Controls/hips_ctl","cat":"step","ph":"X","ts":117395,"dur":1,"pid":1,"tid":0},
{"name":"ComposeSubtree /Biped/Rig/Controls/hips_ctl/spine_root_pivot/spine_root_ctl","cat":"step","ph":"X","ts":117401,"dur":1,"pid":1,"tid":0},
{"name":"ComposeSubtree /Biped/Rig/Controls/hips_ctl/spine_root_pivot/spine_root_ctl/pelvis_l_ctl/leg_l_root/leg_l_fk_thigh_l_bind/leg_l_fk_knee_l_bind","cat":"step","ph":"X","ts":117429,"dur":1,"pid":1,"tid":6},
{"name":"ComposeSubtree /Biped/Rig/Controls/hips_ctl/spine_root_pivot/spine_root_ctl/pelvis_r_ctl/leg_r_root/leg_r_fk_thigh_r_bind/leg_r_fk_knee_r_bind","cat":"step","ph":"X","ts":117448,"dur":1,"pid":1,"tid":8},
{"name":"ComposeSubtree /Biped/Rig/Controls/hips_ctl/torso_ctl/spine_end_pivot/spine_end_ctl","cat":"step","ph":"X","ts":117422,"dur":1,"pid":1,"tid":0},
{"name":"ComposeSubtree /Biped/Rig/Controls/hips_ctl/torso_ctl/spine_end_pivot/spine_end_ctl/clavicle_l_ctl/arm_l_root","cat":"step","ph":"X","ts":117430,"dur":1,"pid":1,"tid":6},
{"name":"ComposeSubtree /Biped/Rig/Controls/hips_ctl/torso_ctl/spine_end_pivot/spine_end_ctl/clavicle_r_ctl/arm_r_root/arm_r_fk_shoulder_r_bind","cat":"step","ph":"X","ts":117449,"dur":1,"pid":1,"tid":8},
{"name":"ComposeSubtree /Biped/Rig/Controls/hips_ctl/torso_ctl/spine_end_pivot/spine_end_ctl/neck_root_ctl","cat":"step","ph":"X","ts":117431,"dur":1,"pid":1,"tid":6},
{"name":"ComposeSubtree /Biped/Rig/Controls/index_001_r_bind_fk_follow","cat":"step","ph":"X","ts":117396,"dur":1,"pid":1,"tid":0},
{"name":"ComposeSubtree /Biped/Rig/Controls/leg_l_ik/ankle_l_pivot/bankIn_l_pivot","cat":"step","ph":"X","ts":117402,"dur":1,"pid":1,"tid":0},
{"name":"ComposeSubtree /Biped/Rig/Controls/leg_l_ik/ankle_l_pivot/bankIn_l_pivot/bankOut_l_pivot/heel_l_roll/heel_l/ball_l_pivot/toe_l_roll/toe_l","cat":"step","ph":"X","ts":117450,"dur":1,"pid":1,"tid":8},
{"name":"ComposeSubtree /Biped/Rig/Controls/leg_l_ik/ankle_l_pivot/bankIn_l_pivot/bankOut_l_pivot/heel_l_roll/heel_l/ball_l_pivot/toe_l_roll/toe_l/ballRoll_l_up/ballRoll_l_down","cat":"step","ph":"X","ts":117457,"dur":1,"pid":1,"tid":6},
{"name":"ComposeSubtree /Biped/Rig/Controls/leg_l_ik/ankle_l_pivot/bankIn_l_pivot/bankOut_l_pivot/heel_l_roll/heel_l/ball_l_pivot/toe_l_roll/toe_l/toeBend_l","cat":"step","ph":"X","ts":117458,"dur":1,"pid":1,"tid":6},
{"name":"ComposeSubtree /Biped/Rig/Controls/leg_l_ik/ankle_l_pivot/bankIn_l_pivot/bankOut_l_pivot_twin","cat":"step","ph":"X","ts":117423,"dur":1,"pid":1,"tid":0},
{"name":"ComposeSubtree /Biped/Rig/Controls/leg_r_ik/ankle_r_pivot/bankIn_r_pivot/bankOut_r_pivot/heel_r_roll/heel_r","cat":"step","ph":"X","ts":117432,"dur":1,"pid":1,"tid":6},
{"name":"ComposeSubtree /Biped/Rig/Controls/leg_r_ik/ankle_r_pivot/bankIn_r_pivot/bankOut_r_pivot/heel_r_roll/heel_r/ball_r_pivot/toe_r_roll","cat":"step","ph":"X","ts":117451,"dur":1,"pid":1,"tid":8},
{"name":"ComposeSubtree /Biped/Rig/Controls/leg_r_ik/ankle_r_pivot/bankIn_r_pivot/bankOut_r_pivot/heel_r_roll/heel_r/ball_r_pivot/toe_r_roll/toe_r/ballRoll_r_up/ballRoll_r_down/ballRoll_r/ball_r_ikTarget","cat":"step","ph":"X","ts":117475,"dur":1,"pid":1,"tid":6},
{"name":"ComposeSubtree /Biped/Rig/Controls/leg_r_ik/ankle_r_pivot/bankIn_r_pivot/bankOut_r_pivot/heel_r_roll/heel_r/ball_r_pivot/toe_r_roll/toe_r/ballRoll_r_up_twin","cat":"step","ph":"X","ts":117459,"dur":1,"pid":1,"tid":6},
{"name":"ComposeSubtree /Biped/Rig/Controls/leg_r_ik/ankle_r_pivot/bankIn_r_pivot/bankOut_r_pivot/heel_r_roll/heel_r/ball_r_pivot/toe_r_roll/toe_r/toeBend_r/toeBend_r_fk","cat":"step","ph":"X","ts":117469,"dur":1,"pid":1,"tid":0},
{"name":"ComposeSubtree /Biped/Rig/Controls/leg_r_ik/ankle_r_pivot/bankIn_r_pivot/bankOut_r_pivot_twin","cat":"step","ph":"X","ts":117424,"dur":1,"pid":1,"tid":0},
{"name":"ComposeSubtree /Biped/Rig/Controls/leg_r_pv","cat":"step","ph":"X","ts":117397,"dur":1,"pid":1,"tid":0},
{"name":"ComposeSubtree /Biped/Rig/Controls/middle_001_r_bind_fk_follow/middle_001_r_bind_fk/middle_002_r_bind_fk","cat":"step","ph":"X","ts":117403,"dur":1,"pid":1,"tid":0},
{"name":"ComposeSubtree /Biped/Rig/Controls/pinkyCup_l_bind_fk_follow/pinkyCup_l_bind_fk/pinky_001_l_bind_fk/pinky_002_l_bind_fk/pinky_003_l_bind_fk","cat":"step","ph":"X","ts":117425,"dur":1,"pid":1,"tid":0},
{"name":"ComposeSubtree /Biped/Rig/Controls/pinkyCup_r_bind_fk_follow","cat":"step","ph":"X","ts":117398,"dur":1,"pid":1,"tid":0},
{"name":"ComposeSubtree /Biped/Rig/Controls/thumbCup_l_bind_fk_follow","cat":"step","ph":"X","ts":117399,"dur":1,"pid":1,"tid":0},
{"name":"ComposeSubtree /Biped/Rig/Controls/thumbCup_l_bind_fk_follow/thumbCup_l_bind_fk/thumb_001_l_bind_fk","cat":"step","ph":"X","ts":117404,"dur":1,"pid":1,"tid":0},
{"name":"ComposeSubtree /Biped/Rig/Controls/thumbCup_l_bind_fk_follow/thumbCup_l_bind_fk/thumb_001_l_bind_fk/thumb_002_l_bind_fk","cat":"step","ph":"X","ts":117426,"dur":1,"pid":1,"tid":0},
{"name":"ComposeSubtree /Biped/Rig/Joints/ankle_r_pivot/bankIn_r_pivot/bankOut_r_pivot/heel_r_pivot/ball_r_pivot","cat":"step","ph":"X","ts":117427,"dur":1,"pid":1,"tid":0},
{"name":"ComposeSubtree /Biped/Rig/Joints/ankle_r_pivot/bankIn_r_pivot/bankOut_r_pivot/heel_r_pivot/ball_r_pivot/toe_r_pivot/ballRoll_r_pivot","cat":"step","ph":"X","ts":117433,"dur":1,"pid":1,"tid":6},
{"name":"ComposeSubtree /Biped/Rig/Joints/hips_bind/pelvis_l_bind/pelvis_trans_combo_l_driver","cat":"step","ph":"X","ts":117405,"dur":1,"pid":1,"tid":0},
{"name":"ComposeSubtree /Biped/Rig/Joints/hips_bind/pelvis_l_bind/thigh_l_bind/knee_l_bind/ankleTwist_l_bind","cat":"step","ph":"X","ts":117414,"dur":1,"pid":1,"tid":0},
{"name":"ComposeSubtree /Biped/Rig/Joints/hips_bind/pelvis_l_bind/thigh_l_bind/knee_l_bind/ankle_l_bind/ball_l_bind/toe1_001_l_bind/toe1_002_l_bind","cat":"step","ph":"X","ts":117452,"dur":1,"pid":1,"tid":8},
{"name":"ComposeSubtree /Biped/Rig/Joints/hips_bind/pelvis_l_bind/thigh_l_bind/knee_l_bind/ankle_l_bind/ball_l_bind/toe3_001_l_bind/toe3_002_l_bind/toe3_003_l_bind","cat":"step","ph":"X","ts":117460,"dur":1,"pid":1,"tid":6},
{"name":"ComposeSubtree /Biped/Rig/Joints/hips_bind/pelvis_l_bind/thigh_l_bind/knee_l_bind/ankle_l_bind/ball_l_bind/toe5_001_l_bind","cat":"step","ph":"X","ts":117453,"dur":1,"pid":1,"tid":8},
{"name":"ComposeSubtree /Biped/Rig/Joints/hips_bind/pelvis_r_bind/pelvis_trans_r_bind/thigh_r_driver","cat":"step","ph":"X","ts":117434,"dur":1,"pid":1,"tid":6},
{"name":"ComposeSubtree /Biped/Rig/Joints/hips_bind/pelvis_r_bind/thighNoTwist_r_bind","cat":"step","ph":"X","ts":117415,"dur":1,"pid":1,"tid":0},
{"name":"ComposeSubtree /Biped/Rig/Joints/hips_bind/pelvis_r_bind/thigh_r_bind/knee_r_bind/ankle_r_bind/ball_r_bind","cat":"step","ph":"X","ts":117454,"dur":1,"pid":1,"tid":8},
{"name":"ComposeSubtree /Biped/Rig/Joints/hips_bind/pelvis_r_bind/thigh_r_bind/knee_r_bind/ankle_r_bind/ball_r_bind/toe1_001_r_bind/toe1_002_r_bind","cat":"step","ph":"X","ts":117461,"dur":1,"pid":1,"tid":6},
{"name":"ComposeSubtree /Biped/Rig/Joints/hips_bind/pelvis_r_bind/thigh_r_bind/knee_r_bind/ankle_r_bind/ball_r_bind/toe3_001_r_bind/toe3_002_r_bind/toe3_003_r_bind","cat":"step","ph":"X","ts":117470,"dur":1,"pid":1,"tid":0},
{"name":"ComposeSubtree /Biped/Rig/Joints/hips_bind/pelvis_r_bind/thigh_r_bind/knee_r_bind/ankle_r_bind/ball_r_bind/toe4_001_r_bind","cat":"step","ph":"X","ts":117462,"dur":1,"pid":1,"tid":6},
{"name":"ComposeSubtree /Biped/Rig/Joints/hips_bind/pelvis_r_bind/thigh_r_bind/knee_r_bind/kneeTwist_r_bind","cat":"step","ph":"X","ts":117435,"dur":1,"pid":1,"tid":6},
{"name":"ComposeSubtree /Biped/Rig/Joints/hips_bind/spine_0_bind","cat":"step","ph":"X","ts":117406,"dur":1,"pid":1,"tid":0},
{"name":"ComposeSubtree /Biped/Rig/Joints/hips_bind/spine_0_bind/spine_1_bind/spine_2_bind/spine_3_bind/spine_4_bind/spine_5_bind/chest_bind/clavicle_l_bind/clavicle_trans_combo_l_driver","cat":"step","ph":"X","ts":117463,"dur":1,"pid":1,"tid":6},
{"name":"ComposeSubtree /Biped/Rig/Joints/hips_bind/spine_0_bind/spine_1_bind/spine_2_bind/spine_3_bind/spine_4_bind/spine_5_bind/chest_bind/clavicle_l_bind/clavicle_trans_l_bind/shoulder_l_driver","cat":"step","ph":"X","ts":117471,"dur":1,"pid":1,"tid":0},
{"name":"ComposeSubtree /Biped/Rig/Joints/hips_bind/spine_0_bind/spine_1_bind/spine_2_bind/spine_3_bind/spine_4_bind/spine_5_bind/chest_bind/clavicle_l_bind/shoulder_l_bind/elbow_l_bind/wristTwist_l_driver","cat":"step","ph":"X","ts":117472,"dur":1,"pid":1,"tid":0},
{"name":"ComposeSubtree /Biped/Rig/Joints/hips_bind/spine_0_bind/spine_1_bind/spine_2_bind/spine_3_bind/spine_4_bind/spine_5_bind/chest_bind/clavicle_l_bind/shoulder_l_bind/elbow_l_bind/wrist_l_bind/index_001_l_bind/index_002_l_bind","cat":"step","ph":"X","ts":117485,"dur":2,"pid":1,"tid":5},
{"name":"ComposeSubtree /Biped/Rig/Joints/hips_bind/spine_0_bind/spine_1_bind/spine_2_bind/spine_3_bind/spine_4_bind/spine_5_bind/chest_bind/clavicle_l_bind/shoulder_l_bind/elbow_l_bind/wrist_l_bind/index_001_l_bind/index_002_l_bind/index_003_l_bind/index_004_l_bind","cat":"step","ph":"X","ts":117504,"dur":1,"pid":1,"tid":24},
{"name":"ComposeSubtree /Biped/Rig/Joints/hips_bind/spine_0_bind/spine_1_bind/spine_2_bind/spine_3_bind/spine_4_bind/spine_5_bind/chest_bind/clavicle_l_bind/shoulder_l_bind/elbow_l_bind/wrist_l_bind/middle_001_l_bind","cat":"step","ph":"X","ts":117476,"dur":1,"pid":1,"tid":6},
{"name":"ComposeSubtree /Biped/Rig/Joints/hips_bind/spine_0_bind/spine_1_bind/spine_2_bind/spine_3_bind/spine_4_bind/spine_5_bind/chest_bind/clavicle_l_bind/shoulder_l_bind/elbow_l_bind/wrist_l_bind/middle_001_l_bind/middle_002_l_bind/middle_003_l_bind/middle_004_l_bind","cat":"step","ph":"X","ts":117505,"dur":1,"pid":1,"tid":24},
{"name":"ComposeSubtree /Biped/Rig/Joints/hips_bind/spine_0_bind/spine_1_bind/spine_2_bind/spine_3_bind/spine_4_bind/spine_5_bind/chest_bind/clavicle_l_bind/shoulder_l_bind/elbow_l_bind/wrist_l_bind/pinkyCup_l_bind/pinky_001_l_bind/pinky_002_combo_l_driver","cat":"step","ph":"X","ts":117487,"dur":1,"pid":1,"tid":5},
{"name":"ComposeSubtree /Biped/Rig/Joints/hips_bind/spine_0_bind/spine_1_bind/spine_2_bind/spine_3_bind/spine_4_bind/spine_5_bind/chest_bind/clavicle_l_bind/shoulder_l_bind/elbow_l_bind/wrist_l_bind/pinkyCup_l_bind/pinky_001_l_bind/pinky_002_l_bind/pinky_003_l_bind/pinky_004_l_bind","cat":"step","ph":"X","ts":117536,"dur":1,"pid":1,"tid":0},
{"name":"ComposeSubtree /Biped/Rig/Joints/hips_bind/spine_0_bind/spine_1_bind/spine_2_bind/spine_3_bind/spine_4_bind/spine_5_bind/chest_bind/clavicle_l_bind/shoulder_l_bind/elbow_l_bind/wrist_l_bind/ring_001_l_bind","cat":"step","ph":"X","ts":117477,"dur":1,"pid":1,"tid":6},
{"name":"ComposeSubtree /Biped/Rig/Joints/hips_bind/spine_0_bind/spine_1_bind/spine_2_bind/spine_3_bind/spine_4_bind/spine_5_bind/chest_bind/clavicle_l_bind/shoulder_l_bind/elbow_l_bind/wrist_l_bind/ring_001_l_bind/ring_002_l_bind","cat":"step","ph":"X","ts":117488,"dur":1,"pid":1,"tid":5},
{"name":"ComposeSubtree /Biped/Rig/Joints/hips_bind/spine_0_bind/spine_1_bind/spine_2_bind/spine_3_bind/spine_4_bind/spine_5_bind/chest_bind/clavicle_l_bind/shoulder_l_bind/elbow_l_bind/wrist_l_bind/ring_001_l_bind/ring_002_l_bind/ring_003_l_bind/ring_004_l_bind","cat":"step","ph":"X","ts":117506,"dur":1,"pid":1,"tid":24},
{"name":"ComposeSubtree /Biped/Rig/Joints/hips_bind/spine_0_bind/spine_1_bind/spine_2_bind/spine_3_bind/spine_4_bind/spine_5_bind/chest_bind/clavicle_r_bind/shoulder_r_bind/elbow_r_bind/elbowTwist_r_bind","cat":"step","ph":"X","ts":117478,"dur":1,"pid":1,"tid":6},
{"name":"ComposeSubtree /Biped/Rig/Joints/hips_bind/spine_0_bind/spine_1_bind/spine_2_bind/spine_3_bind/spine_4_bind/spine_5_bind/chest_bind/clavicle_r_bind/shoulder_r_bind/elbow_r_bind/wrist_r_bind/index_001_r_bind","cat":"step","ph":"X","ts":117489,"dur":1,"pid":1,"tid":5},
{"name":"ComposeSubtree /Biped/Rig/Joints/hips_bind/spine_0_bind/spine_1_bind/spine_2_bind/spine_3_bind/spine_4_bind/spine_5_bind/chest_bind/clavicle_r_bind/shoulder_r_bind/elbow_r_bind/wrist_r_bind/index_001_r_bind/index_002_r_bind","cat":"step","ph":"X","ts":117507,"dur":1,"pid":1,"tid":24},
{"name":"ComposeSubtree /Biped/Rig/Joints/hips_bind/spine_0_bind/spine_1_bind/spine_2_bind/spine_3_bind/spine_4_bind/spine_5_bind/chest_bind/clavicle_r_bind/shoulder_r_bind/elbow_r_bind/wrist_r_bind/index_001_r_bind/index_002_r_bind/index_003_r_bind/index_004_r_bind","cat":"step","ph":"X","ts":117537,"dur":1,"pid":1,"tid":0},
{"name":"ComposeSubtree /Biped/Rig/Joints/hips_bind/spine_0_bind/spine_1_bind/spine_2_bind/spine_3_bind/spine_4_bind/spine_5_bind/chest_bind/clavicle_r_bind/shoulder_r_bind/elbow_r_bind/wrist_r_bind/pinkyCup_r_bind","cat":"step","ph":"X","ts":117490,"dur":1,"pid":1,"tid":5},
{"name":"ComposeSubtree /Biped/Rig/Joints/hips_bind/spine_0_bind/spine_1_bind/spine_2_bind/spine_3_bind/spine_4_bind/spine_5_bind/chest_bind/clavicle_r_bind/shoulder_r_bind/elbow_r_bind/wrist_r_bind/pinkyCup_r_bind/pinky_001_r_bind/pinky_002_combo_r_driver","cat":"step","ph":"X","ts":117508,"dur":1,"pid":1,"tid":24},
{"name":"ComposeSubtree /Biped/Rig/Joints/hips_bind/spine_0_bind/spine_1_bind/spine_2_bind/spine_3_bind/spine_4_bind/spine_5_bind/chest_bind/clavicle_r_bind/shoulder_r_bind/elbow_r_bind/wrist_r_bind/pinkyCup_r_bind/pinky_001_r_bind/pinky_002_r_bind/pinky_003_r_bind","cat":"step","ph":"X","ts":117538,"dur":1,"pid":1,"tid":0},
{"name":"ComposeSubtree /Biped/Rig/Joints/hips_bind/spine_0_bind/spine_1_bind/spine_2_bind/spine_3_bind/spine_4_bind/spine_5_bind/chest_bind/clavicle_r_bind/shoulder_r_bind/elbow_r_bind/wrist_r_bind/pinkyCup_r_bind/pinky_001_r_bind/pinky_002_r_bind/pinky_003_r_bind/pinky_004_r_bind","cat":"step","ph":"X","ts":117551,"dur":2,"pid":1,"tid":20},
{"name":"ComposeSubtree /Biped/Rig/Joints/hips_bind/spine_0_bind/spine_1_bind/spine_2_bind/spine_3_bind/spine_4_bind/spine_5_bind/chest_bind/clavicle_r_bind/shoulder_r_bind/elbow_r_bind/wrist_r_bind/ring_001_r_bind","cat":"step","ph":"X","ts":117491,"dur":1,"pid":1,"tid":5},
{"name":"ComposeSubtree /Biped/Rig/Joints/hips_bind/spine_0_bind/spine_1_bind/spine_2_bind/spine_3_bind/spine_4_bind/spine_5_bind/chest_bind/neck_base_bind/neck_0_bind/neck_1_bind/neck_2_bind/neck_3_bind","cat":"step","ph":"X","ts":117479,"dur":1,"pid":1,"tid":6},
{"name":"ComposeSubtree /Biped/Rig/Joints/hips_bind/spine_0_bind/spine_1_bind/spine_2_bind/spine_3_bind/spine_4_bind/spine_5_bind/chest_bind/neck_base_bind/neck_0_bind/neck_1_bind/neck_2_bind/neck_3_bind/skull_bind/face_lower_bind","cat":"step","ph":"X","ts":117492,"dur":1,"pid":1,"tid":5},
{"name":"ComposeSubtree /Biped/Rig/Joints/hips_bind/spine_0_bind/spine_1_bind/spine_2_bind/spine_3_bind/spine_4_bind/spine_5_bind/chest_bind/neck_base_bind/neck_0_bind/neck_1_bind/neck_2_bind/neck_3_bind/skull_bind/face_lower_bind/face_mid_bind/jaw_compression_driver","cat":"step","ph":"X","ts":117509,"dur":1,"pid":1,"tid":24},
{"name":"ComposeSubtree /Biped/Rig/Joints/hips_bind/spine_0_bind/spine_1_bind/spine_2_bind/spine_3_bind/spine_4_bind/spine_5_bind/chest_bind/neck_base_bind/neck_0_bind/neck_1_bind/neck_2_bind/neck_3_bind/skull_bind/face_lower_bind/face_mid_bind/teeth_upper_bind","cat":"step","ph":"X","ts":117510,"dur":1,"pid":1,"tid":24},
{"name":"ComposeSubtree /Biped/Rig/Joints/hips_bind/spine_0_bind/spine_1_bind/spine_2_bind/spine_3_bind/spine_4_bind/spine_5_bind/chest_bind/neck_base_bind/neck_0_bind/neck_1_bind/neck_2_bind/neck_3_bind/skull_bind/face_lower_bind/jaw_bind/jaw_end","cat":"step","ph":"X","ts":117539,"dur":1,"pid":1,"tid":0},
{"name":"ComposeSubtree /Biped/Rig/Joints/hips_bind/spine_0_bind/spine_1_bind/spine_2_bind/spine_3_bind/spine_4_bind/spine_5_bind/chest_bind/neck_base_bind/neck_0_bind/neck_1_bind/neck_2_bind/neck_3_bind/skull_bind/face_lower_bind/jaw_bind/tongue_0_bind/tongue_1_bind/tongue_2_bind/tongue_3_bind","cat":"step","ph":"X","ts":117595,"dur":2,"pid":1,"tid":4},
{"name":"ComposeSubtree /Biped/Rig/Joints/hips_bind/spine_0_bind/spine_1_bind/spine_2_bind/spine_3_bind/spine_4_bind/spine_5_bind/chest_bind/neck_base_bind/neck_0_bind/neck_1_bind/neck_2_bind/neck_3_bind/skull_bind/face_upper_bind/head_tip_bind","cat":"step","ph":"X","ts":117511,"dur":1,"pid":1,"tid":24},
{"name":"ComposeSubtree /Biped/Rig/Joints/hips_bind/spine_0_bind/spine_1_bind/spine_2_bind/spine_3_bind/spine_4_bind/spine_5_bind/chest_bind/neck_base_bind/neck_0_bind/neck_1_bind/neck_2_bind/neck_3_bind/skull_bind/face_upper_bind/head_tip_bind/brow_inner_r_bind","cat":"step","ph":"X","ts":117540,"dur":1,"pid":1,"tid":0},
{"name":"ComposeSubtree /Biped/Rig/Joints/spine_ik_spine_0_bind/spine_ik_spine_1_bind/spine_ik_spine_2_bind/spine_ik_spine_3_bind/spine_ik_spine_4_bind/spine_ik_spine_5_bind","cat":"step","ph":"X","ts":117436,"dur":1,"pid":1,"tid":6},
{"name":"Solve /Biped/Rig/Solvers/arm_l_fkChain","cat":"step","ph":"X","ts":117465,"dur":1,"pid":1,"tid":6},
{"name":"Solve /Biped/Rig/Solvers/arm_l_twoBoneIk","cat":"step","ph":"X","ts":117455,"dur":1,"pid":1,"tid":8},
{"name":"Solve /Biped/Rig/Solvers/arm_r_fkChain","cat":"step","ph":"X","ts":117467,"dur":1,"pid":1,"tid":6},
{"name":"Solve /Biped/Rig/Solvers/arm_r_twoBoneIk","cat":"step","ph":"X","ts":117447,"dur":1,"pid":1,"tid":6},
{"name":"Solve /Biped/Rig/Solvers/leg_l_fkChain","cat":"step","ph":"X","ts":117448,"dur":1,"pid":1,"tid":6},
{"name":"Solve /Biped/Rig/Solvers/leg_r_fkChain","cat":"step","ph":"X","ts":117456,"dur":2,"pid":1,"tid":8},
{"name":"Solve /Biped/Rig/Solvers/neck_splineIk","cat":"step","ph":"X","ts":117458,"dur":7,"pid":1,"tid":8},
{"name":"Solve /Biped/Rig/Solvers/spine_splineIk","cat":"step","ph":"X","ts":117437,"dur":10,"pid":1,"tid":6},
{"name":"SolverCommit batch 7","cat":"step","ph":"X","ts":117449,"dur":1,"pid":1,"tid":6},
{"name":"SolverCommit batch 8","cat":"step","ph":"X","ts":117493,"dur":3,"pid":1,"tid":5},
{"name":"Solve /Biped/Rig/Solvers/arm_l_ikfk","cat":"step","ph":"X","ts":117468,"dur":1,"pid":1,"tid":6},
{"name":"SolverCommit batch 9","cat":"step","ph":"X","ts":117474,"dur":1,"pid":1,"tid":0},
{"name":"Constraint /Biped/Rig/Movers/spine_mid_follow/spine_mid_follow_pos","cat":"step","ph":"X","ts":117428,"dur":4,"pid":1,"tid":0},
{"name":"Solve /Biped/Rig/Solvers/fk_thumb_r","cat":"step","ph":"X","ts":117512,"dur":2,"pid":1,"tid":24},
{"name":"SolverCommit batch 11","cat":"step","ph":"X","ts":117553,"dur":2,"pid":1,"tid":20},
{"name":"Solve /Biped/Rig/Solvers/fk_ring_r","cat":"step","ph":"X","ts":117505,"dur":2,"pid":1,"tid":0},
{"name":"SolverCommit batch 12","cat":"step","ph":"X","ts":117555,"dur":1,"pid":1,"tid":20},
{"name":"Solve /Biped/Rig/Solvers/fk_pinky_r","cat":"step","ph":"X","ts":117508,"dur":1,"pid":1,"tid":0},
{"name":"SolverCommit batch 13","cat":"step","ph":"X","ts":117597,"dur":2,"pid":1,"tid":4},
{"name":"Solve /Biped/Rig/Solvers/fk_middle_r","cat":"step","ph":"X","ts":117509,"dur":1,"pid":1,"tid":0},
{"name":"Solve /Biped/Rig/Solvers/fk_index_r","cat":"step","ph":"X","ts":117505,"dur":2,"pid":1,"tid":6},
{"name":"SolverCommit batch 15","cat":"step","ph":"X","ts":117556,"dur":1,"pid":1,"tid":20},
{"name":"Solve /Biped/Rig/Solvers/fk_thumb_l","cat":"step","ph":"X","ts":117496,"dur":4,"pid":1,"tid":5},
{"name":"SolverCommit batch 16","cat":"step","ph":"X","ts":117541,"dur":1,"pid":1,"tid":0},
{"name":"Solve /Biped/Rig/Solvers/fk_ring_l","cat":"step","ph":"X","ts":117500,"dur":1,"pid":1,"tid":5},
{"name":"SolverCommit batch 17","cat":"step","ph":"X","ts":117542,"dur":1,"pid":1,"tid":0},
{"name":"Solve /Biped/Rig/Solvers/fk_pinky_l","cat":"step","ph":"X","ts":117478,"dur":3,"pid":1,"tid":17},
{"name":"SolverCommit batch 18","cat":"step","ph":"X","ts":117557,"dur":1,"pid":1,"tid":20},
{"name":"Solve /Biped/Rig/Solvers/fk_middle_l","cat":"step","ph":"X","ts":117481,"dur":1,"pid":1,"tid":17},
{"name":"SolverCommit batch 19","cat":"step","ph":"X","ts":117543,"dur":1,"pid":1,"tid":0},
{"name":"Constraint /Biped/Rig/Movers/spine_mid_follow/spine_mid_follow_aim","cat":"step","ph":"X","ts":117450,"dur":3,"pid":1,"tid":6},
{"name":"Constraint /Biped/Rig/Movers/hand_r_follow/thumbCup_r_bind_fk_follow_to_wrist_r_bind","cat":"step","ph":"X","ts":117507,"dur":4,"pid":1,"tid":6},
{"name":"Constraint /Biped/Rig/Movers/hand_r_follow/ring_001_r_bind_fk_follow_to_wrist_r_bind","cat":"step","ph":"X","ts":117511,"dur":3,"pid":1,"tid":6},
{"name":"Constraint /Biped/Rig/Movers/hand_r_follow/pinkyCup_r_bind_fk_follow_to_wrist_r_bind","cat":"step","ph":"X","ts":117507,"dur":9,"pid":1,"tid":27},
{"name":"Constraint /Biped/Rig/Movers/hand_r_follow/middle_001_r_bind_fk_follow_to_wrist_r_bind","cat":"step","ph":"X","ts":117516,"dur":3,"pid":1,"tid":27},
{"name":"Constraint /Biped/Rig/Movers/hand_r_follow/index_001_r_bind_fk_follow_to_wrist_r_bind","cat":"step","ph":"X","ts":117519,"dur":3,"pid":1,"tid":27},
{"name":"Constraint /Biped/Rig/Movers/hand_l_follow/thumbCup_l_bind_fk_follow_to_wrist_l_bind","cat":"step","ph":"X","ts":117484,"dur":6,"pid":1,"tid":17},
{"name":"Constraint /Biped/Rig/Movers/hand_l_follow/ring_001_l_bind_fk_follow_to_wrist_l_bind","cat":"step","ph":"X","ts":117490,"dur":3,"pid":1,"tid":17},
{"name":"Constraint /Biped/Rig/Movers/hand_l_follow/pinkyCup_l_bind_fk_follow_to_wrist_l_bind","cat":"step","ph":"X","ts":117493,"dur":3,"pid":1,"tid":17},
{"name":"Constraint /Biped/Rig/Movers/hand_l_follow/middle_001_l_bind_fk_follow_to_wrist_l_bind","cat":"step","ph":"X","ts":117481,"dur":3,"pid":1,"tid":6},
{"name":"Constraint /Biped/Rig/Movers/hand_l_follow/index_001_l_bind_fk_follow_to_wrist_l_bind","cat":"step","ph":"X","ts":117484,"dur":3,"pid":1,"tid":6},
{"name":"Constraint /Biped/Rig/Movers/bankIn_r_pivot_rc/bankIn_r_pivot_rotation","cat":"step","ph":"X","ts":117487,"dur":3,"pid":1,"tid":6},
{"name":"Constraint /Biped/Rig/Movers/bankOut_r_pivot_rc/bankOut_r_pivot_rotation","cat":"step","ph":"X","ts":117522,"dur":6,"pid":1,"tid":27},
{"name":"Constraint /Biped/Rig/Movers/heel_r_roll_rc/heel_r_roll_rotation","cat":"step","ph":"X","ts":117544,"dur":4,"pid":1,"tid":0},
{"name":"Constraint /Biped/Rig/Movers/toe_r_roll_rc/toe_r_roll_rotation","cat":"step","ph":"X","ts":117560,"dur":31,"pid":1,"tid":20},
{"name":"Constraint /Biped/Rig/Movers/ballRoll_r_up_rc/ballRoll_r_up_rotation","cat":"step","ph":"X","ts":117599,"dur":4,"pid":1,"tid":4},
{"name":"Constraint /Biped/Rig/Movers/ballRoll_r_down_rc/ballRoll_r_down_rotation","cat":"step","ph":"X","ts":117610,"dur":1,"pid":1,"tid":4},
{"name":"Solve /Biped/Rig/Solvers/leg_r_ikfk","cat":"step","ph":"X","ts":117622,"dur":1,"pid":1,"tid":4},
{"name":"SolverCommit batch 39","cat":"step","ph":"X","ts":117629,"dur":4,"pid":1,"tid":4},
{"name":"Constraint /Biped/Rig/Movers/ankle_r_bind_scAim/ankle_r_bind_aim","cat":"step","ph":"X","ts":117652,"dur":56,"pid":1,"tid":26},
{"name":"Constraint /Biped/Rig/Movers/ball_r_bind_scAim/ball_r_bind_aim","cat":"step","ph":"X","ts":117776,"dur":6,"pid":1,"tid":0},
{"name":"Constraint /Biped/Rig/Movers/bankIn_l_pivot_rc/bankIn_l_pivot_rotation","cat":"step","ph":"X","ts":117475,"dur":2,"pid":1,"tid":0},
{"name":"Constraint /Biped/Rig/Movers/bankOut_l_pivot_rc/bankOut_l_pivot_rotation","cat":"step","ph":"X","ts":117490,"dur":1,"pid":1,"tid":6},
{"name":"Constraint /Biped/Rig/Movers/heel_l_roll_rc/heel_l_roll_rotation","cat":"step","ph":"X","ts":117507,"dur":2,"pid":1,"tid":23},
{"name":"Constraint /Biped/Rig/Movers/toe_l_roll_rc/toe_l_roll_rotation","cat":"step","ph":"X","ts":117516,"dur":1,"pid":1,"tid":23},
{"name":"Constraint /Biped/Rig/Movers/ballRoll_l_down_rc/ballRoll_l_down_rotation","cat":"step","ph":"X","ts":117603,"dur":1,"pid":1,"tid":4},
{"name":"Solve /Biped/Rig/Solvers/leg_l_twoBoneIk","cat":"step","ph":"X","ts":117611,"dur":1,"pid":1,"tid":4},
{"name":"Solve /Biped/Rig/Solvers/leg_l_ikfk","cat":"step","ph":"X","ts":117619,"dur":1,"pid":1,"tid":4},
{"name":"SolverCommit batch 49","cat":"step","ph":"X","ts":117623,"dur":4,"pid":1,"tid":4},
{"name":"Constraint /Biped/Rig/Movers/ankle_l_bind_scAim/ankle_l_bind_aim","cat":"step","ph":"X","ts":117633,"dur":8,"pid":1,"tid":4},
{"name":"Constraint /Biped/Rig/Movers/ball_l_bind_scAim/ball_l_bind_aim","cat":"step","ph":"X","ts":117708,"dur":30,"pid":1,"tid":26},
{"name":"Constraint /Biped/Rig/Movers/hips_follow/spine_root_ctl_drives_hips_bind","cat":"step","ph":"X","ts":117416,"dur":4,"pid":1,"tid":0},
{"name":"PropagateChunk /Biped/Rig/Movers/hips_follow/spine_root_ctl_drives_hips_bind","cat":"step","ph":"X","ts":117612,"dur":4,"pid":1,"tid":4},
{"name":"PropagateChunk /Biped/Rig/Movers/hips_follow/spine_root_ctl_drives_hips_bind","cat":"step","ph":"X","ts":117591,"dur":1,"pid":1,"tid":20},
{"name":"CommitApply /Biped/Rig/Movers/hips_follow/spine_root_ctl_drives_hips_bind","cat":"step","ph":"X","ts":117620,"dur":1,"pid":1,"tid":4},
{"name":"Constraint /Biped/Rig/Movers/hips_follow/spine_root_ctl_scales_hips_bind","cat":"step","ph":"X","ts":117627,"dur":2,"pid":1,"tid":4},
{"name":"PropagateChunk /Biped/Rig/Movers/hips_follow/spine_root_ctl_scales_hips_bind","cat":"step","ph":"X","ts":117738,"dur":23,"pid":1,"tid":26},
{"name":"CommitApply /Biped/Rig/Movers/hips_follow/spine_root_ctl_scales_hips_bind","cat":"step","ph":"X","ts":117782,"dur":1,"pid":1,"tid":0},
{"name":"Constraint /Biped/Rig/Movers/spine_to_bind/spine_ik_spine_0_bind_scale_to_spine_0_bind","cat":"step","ph":"X","ts":117795,"dur":7,"pid":1,"tid":18},
{"name":"Constraint /Biped/Rig/Movers/spine_to_bind/spine_ik_spine_0_bind_to_spine_0_bind","cat":"step","ph":"X","ts":117812,"dur":8,"pid":1,"tid":11},
{"name":"Constraint /Biped/Rig/Movers/spine_to_bind/spine_ik_spine_1_bind_scale_to_spine_1_bind","cat":"step","ph":"X","ts":117824,"dur":12,"pid":1,"tid":24},
{"name":"Constraint /Biped/Rig/Movers/spine_to_bind/spine_ik_spine_1_bind_to_spine_1_bind","cat":"step","ph":"X","ts":117846,"dur":9,"pid":1,"tid":24},
{"name":"Constraint /Biped/Rig/Movers/spine_to_bind/spine_ik_spine_2_bind_scale_to_spine_2_bind","cat":"step","ph":"X","ts":117864,"dur":6,"pid":1,"tid":24},
{"name":"Constraint /Biped/Rig/Movers/spine_to_bind/spine_ik_spine_2_bind_to_spine_2_bind","cat":"step","ph":"X","ts":117878,"dur":8,"pid":1,"tid":24},
{"name":"Constraint /Biped/Rig/Movers/spine_to_bind/spine_ik_spine_3_bind_scale_to_spine_3_bind","cat":"step","ph":"X","ts":117886,"dur":6,"pid":1,"tid":24},
{"name":"Constraint /Biped/Rig/Movers/spine_to_bind/spine_ik_spine_3_bind_to_spine_3_bind","cat":"step","ph":"X","ts":117893,"dur":12,"pid":1,"tid":24},
{"name":"Constraint /Biped/Rig/Movers/spine_to_bind/spine_ik_spine_4_bind_scale_to_spine_4_bind","cat":"step","ph":"X","ts":117905,"dur":7,"pid":1,"tid":24},
{"name":"Constraint /Biped/Rig/Movers/spine_to_bind/spine_ik_spine_4_bind_to_spine_4_bind","cat":"step","ph":"X","ts":117912,"dur":9,"pid":1,"tid":24},
{"name":"Constraint /Biped/Rig/Movers/spine_to_bind/spine_ik_spine_5_bind_scale_to_spine_5_bind","cat":"step","ph":"X","ts":117921,"dur":6,"pid":1,"tid":24},
{"name":"Constraint /Biped/Rig/Movers/spine_to_bind/spine_ik_spine_5_bind_to_spine_5_bind","cat":"step","ph":"X","ts":117928,"dur":7,"pid":1,"tid":24},
{"name":"Constraint /Biped/Rig/Movers/spine_to_bind/spine_ik_chest_bind_scale_to_chest_bind","cat":"step","ph":"X","ts":117936,"dur":6,"pid":1,"tid":24},
{"name":"Constraint /Biped/Rig/Movers/spine_to_bind/spine_ik_chest_bind_to_chest_bind","cat":"step","ph":"X","ts":117942,"dur":8,"pid":1,"tid":24},
{"name":"Constraint /Biped/Rig/Movers/girdles/spine_end_ctl_drives_chest_bind","cat":"step","ph":"X","ts":117950,"dur":8,"pid":1,"tid":24},
{"name":"Constraint /Biped/Rig/Movers/girdles/pelvis_r_ctl_drives_pelvis_r_bind","cat":"step","ph":"X","ts":117802,"dur":2,"pid":1,"tid":18},
{"name":"Constraint /Biped/Rig/Movers/girdles/pelvis_l_ctl_drives_pelvis_l_bind","cat":"step","ph":"X","ts":117804,"dur":1,"pid":1,"tid":18},
{"name":"Constraint /Biped/Rig/Movers/girdles/clavicle_r_ctl_drives_clavicle_r_bind","cat":"step","ph":"X","ts":117958,"dur":2,"pid":1,"tid":24},
{"name":"Constraint /Biped/Rig/Movers/girdles/clavicle_l_ctl_drives_clavicle_l_bind","cat":"step","ph":"X","ts":117960,"dur":1,"pid":1,"tid":24},
{"name":"Constraint /Biped/Rig/Movers/girdles/spine_end_ctl_unsquashes_neck_base_bind","cat":"step","ph":"X","ts":117961,"dur":5,"pid":1,"tid":24},
{"name":"Constraint /Biped/Rig/Movers/girdles/clavicle_r_ctl_unsquashes_clavicle_r_bind","cat":"step","ph":"X","ts":117966,"dur":3,"pid":1,"tid":24},
{"name":"Constraint /Biped/Rig/Movers/girdles/clavicle_l_ctl_unsquashes_clavicle_l_bind","cat":"step","ph":"X","ts":117969,"dur":3,"pid":1,"tid":24},
{"name":"Constraint /Biped/Rig/Movers/neck_to_bind/neck_ik_neck_0_bind_scale_to_neck_0_bind","cat":"step","ph":"X","ts":117972,"dur":4,"pid":1,"tid":24},
{"name":"Constraint /Biped/Rig/Movers/neck_to_bind/neck_ik_neck_0_bind_to_neck_0_bind","cat":"step","ph":"X","ts":117988,"dur":7,"pid":1,"tid":24},
{"name":"Constraint /Biped/Rig/Movers/neck_to_bind/neck_ik_neck_1_bind_scale_to_neck_1_bind","cat":"step","ph":"X","ts":117998,"dur":5,"pid":1,"tid":7},
{"name":"Constraint /Biped/Rig/Movers/neck_to_bind/neck_ik_neck_1_bind_to_neck_1_bind","cat":"step","ph":"X","ts":118008,"dur":5,"pid":1,"tid":7},
{"name":"Constraint /Biped/Rig/Movers/neck_to_bind/neck_ik_neck_2_bind_scale_to_neck_2_bind","cat":"step","ph":"X","ts":118019,"dur":3,"pid":1,"tid":7},
{"name":"Constraint /Biped/Rig/Movers/neck_to_bind/neck_ik_neck_2_bind_to_neck_2_bind","cat":"step","ph":"X","ts":118029,"dur":4,"pid":1,"tid":7},
{"name":"Constraint /Biped/Rig/Movers/neck_to_bind/neck_ik_neck_3_bind_scale_to_neck_3_bind","cat":"step","ph":"X","ts":118033,"dur":4,"pid":1,"tid":7},
{"name":"Constraint /Biped/Rig/Movers/neck_to_bind/neck_ik_neck_3_bind_to_neck_3_bind","cat":"step","ph":"X","ts":118037,"dur":5,"pid":1,"tid":7},
{"name":"Constraint /Biped/Rig/Movers/neck_to_bind/neck_ik_skull_bind_scale_to_skull_bind","cat":"step","ph":"X","ts":118042,"dur":3,"pid":1,"tid":7},
{"name":"Constraint /Biped/Rig/Movers/neck_to_bind/neck_ik_skull_bind_to_skull_bind","cat":"step","ph":"X","ts":118046,"dur":5,"pid":1,"tid":7},
{"name":"Constraint /Biped/Rig/Movers/twist_aims/wristTwist_r_bind_copy","cat":"step","ph":"X","ts":117509,"dur":4,"pid":1,"tid":23},
{"name":"Constraint /Biped/Rig/Movers/twist_aims/wristTwist_r_bind_aim","cat":"step","ph":"X","ts":117517,"dur":2,"pid":1,"tid":23},
{"name":"Constraint /Biped/Rig/Movers/twist_aims/wristTwist_l_bind_copy","cat":"step","ph":"X","ts":117477,"dur":3,"pid":1,"tid":0},
{"name":"Constraint /Biped/Rig/Movers/twist_aims/wristTwist_l_bind_aim","cat":"step","ph":"X","ts":117513,"dur":3,"pid":1,"tid":23},
{"name":"Constraint /Biped/Rig/Movers/twist_aims/ankleTwist_r_bind_copy","cat":"step","ph":"X","ts":117783,"dur":3,"pid":1,"tid":0},
{"name":"Constraint /Biped/Rig/Movers/twist_aims/ankleTwist_r_bind_aim","cat":"step","ph":"X","ts":117805,"dur":4,"pid":1,"tid":18},
{"name":"Constraint /Biped/Rig/Movers/twist_aims/ankleTwist_l_bind_copy","cat":"step","ph":"X","ts":117761,"dur":4,"pid":1,"tid":26},
{"name":"Constraint /Biped/Rig/Movers/twist_aims/ankleTwist_l_bind_aim","cat":"step","ph":"X","ts":117786,"dur":2,"pid":1,"tid":0},
{"name":"Constraint /Biped/Rig/Movers/twist_aims/ankleTwist_r_bind_follows_ankle_r_bind","cat":"step","ph":"X","ts":117820,"dur":1,"pid":1,"tid":11},
{"name":"Constraint /Biped/Rig/Movers/twist_aims/ankleTwist_l_bind_follows_ankle_l_bind","cat":"step","ph":"X","ts":117791,"dur":1,"pid":1,"tid":0},
{"name":"Constraint /Biped/Rig/Movers/twist_aims/wristTwist_r_bind_follows_wrist_r_bind","cat":"step","ph":"X","ts":117592,"dur":1,"pid":1,"tid":20},
{"name":"Constraint /Biped/Rig/Movers/twist_aims/wristTwist_l_bind_follows_wrist_l_bind","cat":"step","ph":"X","ts":117533,"dur":2,"pid":1,"tid":27},
{"name":"Constraint /Biped/Rig/Movers/twist_aims/thighNoTwist_r_bind_follows_thigh_r_bind","cat":"step","ph":"X","ts":117821,"dur":1,"pid":1,"tid":11},
{"name":"Constraint /Biped/Rig/Movers/twist_aims/thighNoTwist_l_bind_follows_thigh_l_bind","cat":"step","ph":"X","ts":117813,"dur":4,"pid":1,"tid":1},
{"name":"Constraint /Biped/Rig/Movers/twist_aims/shoulderNoTwist_r_bind_follows_shoulder_r_bind","cat":"step","ph":"X","ts":117995,"dur":1,"pid":1,"tid":24},
{"name":"Constraint /Biped/Rig/Movers/twist_aims/pelvis_trans_r_bind_follows_thigh_r_bind","cat":"step","ph":"X","ts":117817,"dur":1,"pid":1,"tid":1},
{"name":"Constraint /Biped/Rig/Movers/twist_aims/pelvis_trans_l_bind_follows_thigh_l_bind","cat":"step","ph":"X","ts":117818,"dur":1,"pid":1,"tid":1},
{"name":"Constraint /Biped/Rig/Movers/twist_aims/clavicle_trans_r_bind_follows_shoulder_r_bind","cat":"step","ph":"X","ts":117984,"dur":1,"pid":1,"tid":24},
{"name":"Constraint /Biped/Rig/Movers/twist_aims/clavicle_trans_l_bind_follows_shoulder_l_bind","cat":"step","ph":"X","ts":117985,"dur":1,"pid":1,"tid":24},
{"name":"Constraint /Biped/Rig/Movers/twist_aims/pelvis_trans_r_bind_aim","cat":"step","ph":"X","ts":117836,"dur":4,"pid":1,"tid":24},
{"name":"Constraint /Biped/Rig/Movers/twist_aims/pelvis_trans_l_bind_aim","cat":"step","ph":"X","ts":117840,"dur":3,"pid":1,"tid":24},
{"name":"Constraint /Biped/Rig/Movers/twist_aims/kneeTwist_r_bind_aim","cat":"step","ph":"X","ts":117645,"dur":2,"pid":1,"tid":4},
{"name":"Constraint /Biped/Rig/Movers/twist_aims/kneeTwist_l_bind_aim","cat":"step","ph":"X","ts":117641,"dur":3,"pid":1,"tid":4},
{"name":"Constraint /Biped/Rig/Movers/twist_aims/thighNoTwist_r_bind_aim","cat":"step","ph":"X","ts":117843,"dur":3,"pid":1,"tid":24},
{"name":"Constraint /Biped/Rig/Movers/twist_aims/thighNoTwist_l_bind_aim","cat":"step","ph":"X","ts":117822,"dur":3,"pid":1,"tid":11},
{"name":"Constraint /Biped/Rig/Movers/twist_aims/clavicle_trans_r_bind_aim","cat":"step","ph":"X","ts":118003,"dur":3,"pid":1,"tid":7},
{"name":"Constraint /Biped/Rig/Movers/twist_aims/clavicle_trans_l_bind_aim","cat":"step","ph":"X","ts":118006,"dur":2,"pid":1,"tid":7},
{"name":"Constraint /Biped/Rig/Movers/twist_aims/elbowTwist_r_bind_aim","cat":"step","ph":"X","ts":117503,"dur":7,"pid":1,"tid":5},
{"name":"Constraint /Biped/Rig/Movers/twist_aims/elbowTwist_l_bind_aim","cat":"step","ph":"X","ts":117480,"dur":2,"pid":1,"tid":0},
{"name":"Constraint /Biped/Rig/Movers/twist_aims/shoulderNoTwist_r_bind_aim","cat":"step","ph":"X","ts":117997,"dur":3,"pid":1,"tid":24},
{"name":"Constraint /Biped/Rig/Movers/twist_aims/shoulderNoTwist_l_bind_aim","cat":"step","ph":"X","ts":118000,"dur":4,"pid":1,"tid":24},
{"name":"Constraint /Biped/Rig/Movers/pose_drivers/thigh_r_driver_copies_thigh_r_bind","cat":"step","ph":"X","ts":117855,"dur":4,"pid":1,"tid":24},
{"name":"Constraint /Biped/Rig/Movers/pose_drivers/thigh_l_driver_copies_thigh_l_bind","cat":"step","ph":"X","ts":117859,"dur":3,"pid":1,"tid":24},
{"name":"Constraint /Biped/Rig/Movers/pose_drivers/thigh_r_twist_driver_copies_thighNoTwist_r_bind","cat":"step","ph":"X","ts":117870,"dur":3,"pid":1,"tid":24},
{"name":"Constraint /Biped/Rig/Movers/pose_drivers/thigh_l_twist_driver_copies_thighNoTwist_l_bind","cat":"step","ph":"X","ts":117874,"dur":3,"pid":1,"tid":24},
{"name":"Constraint /Biped/Rig/Movers/pose_drivers/ankleTwist_r_driver_copies_ankleTwist_r_bind","cat":"step","ph":"X","ts":117825,"dur":2,"pid":1,"tid":11},
{"name":"Constraint /Biped/Rig/Movers/pose_drivers/ankleTwist_l_driver_copies_ankleTwist_l_bind","cat":"step","ph":"X","ts":117810,"dur":3,"pid":1,"tid":18},
{"name":"Constraint /Biped/Rig/Movers/pose_drivers/toe_r_driver_copies_ball_r_bind","cat":"step","ph":"X","ts":117792,"dur":2,"pid":1,"tid":0},
{"name":"Constraint /Biped/Rig/Movers/pose_drivers/toe_l_driver_copies_ball_l_bind","cat":"step","ph":"X","ts":117788,"dur":2,"pid":1,"tid":0},
{"name":"Constraint /Biped/Rig/Movers/pose_drivers/knee_r_driver_copies_knee_r_bind","cat":"step","ph":"X","ts":117774,"dur":6,"pid":1,"tid":26},
{"name":"Constraint /Biped/Rig/Movers/pose_drivers/knee_l_driver_copies_knee_l_bind","cat":"step","ph":"X","ts":117647,"dur":3,"pid":1,"tid":4},
{"name":"Constraint /Biped/Rig/Movers/pose_drivers/ankleSwing_r_driver_copies_ankle_r_bind","cat":"step","ph":"X","ts":117827,"dur":5,"pid":1,"tid":11},
{"name":"Constraint /Biped/Rig/Movers/pose_drivers/ankleSwing_l_driver_copies_ankle_l_bind","cat":"step","ph":"X","ts":117813,"dur":3,"pid":1,"tid":18},
{"name":"Constraint /Biped/Rig/Movers/pose_drivers/shoulder_r_driver_copies_shoulder_r_bind","cat":"step","ph":"X","ts":118013,"dur":3,"pid":1,"tid":7},
{"name":"Constraint /Biped/Rig/Movers/pose_drivers/shoulder_l_driver_copies_shoulder_l_bind","cat":"step","ph":"X","ts":118016,"dur":2,"pid":1,"tid":7},
{"name":"Constraint /Biped/Rig/Movers/pose_drivers/wristTwist_r_driver_copies_wristTwist_r_bind","cat":"step","ph":"X","ts":117604,"dur":5,"pid":1,"tid":4},
{"name":"Constraint /Biped/Rig/Movers/pose_drivers/wristTwist_l_driver_copies_wristTwist_l_bind","cat":"step","ph":"X","ts":117549,"dur":4,"pid":1,"tid":0},
{"name":"Constraint /Biped/Rig/Movers/pose_drivers/shoulder_r_twist_driver_copies_shoulderNoTwist_r_bind","cat":"step","ph":"X","ts":118023,"dur":2,"pid":1,"tid":7},
{"name":"Constraint /Biped/Rig/Movers/pose_drivers/shoulder_l_twist_driver_copies_shoulderNoTwist_l_bind","cat":"step","ph":"X","ts":118025,"dur":3,"pid":1,"tid":7},
{"name":"Constraint /Biped/Rig/Movers/pose_drivers/wristSwing_r_driver_copies_wrist_r_bind","cat":"step","ph":"X","ts":117594,"dur":3,"pid":1,"tid":20},
{"name":"Constraint /Biped/Rig/Movers/pose_drivers/wristSwing_l_driver_copies_wrist_l_bind","cat":"step","ph":"X","ts":117553,"dur":2,"pid":1,"tid":0},
{"name":"Constraint /Biped/Rig/Movers/pose_drivers/elbow_r_driver_copies_elbow_r_bind","cat":"step","ph":"X","ts":117535,"dur":3,"pid":1,"tid":27},
{"name":"Constraint /Biped/Rig/Movers/pose_drivers/elbow_l_driver_copies_elbow_l_bind","cat":"step","ph":"X","ts":117510,"dur":5,"pid":1,"tid":5},
{"name":"Constraint /Biped/Rig/Movers/param_follow/leg_r_params_to_ankle_r_bind","cat":"step","ph":"X","ts":117780,"dur":4,"pid":1,"tid":26},
{"name":"Constraint /Biped/Rig/Movers/param_follow/leg_l_params_to_ankle_l_bind","cat":"step","ph":"X","ts":117650,"dur":2,"pid":1,"tid":4},
{"name":"Constraint /Biped/Rig/Movers/param_follow/arm_r_params_to_wrist_r_bind","cat":"step","ph":"X","ts":117515,"dur":4,"pid":1,"tid":5},
{"name":"Constraint /Biped/Rig/Movers/param_follow/arm_l_params_to_wrist_l_bind","cat":"step","ph":"X","ts":117482,"dur":3,"pid":1,"tid":0},
{"name":"ProviderMatrix /Biped/Rig/Controls/leg_l_ik/ankle_l_pivot/bankIn_l_pivot/bankOut_l_pivot/heel_l_roll/heel_l/ball_l_pivot/toe_l_roll final","cat":"step","ph":"X","ts":117555,"dur":1,"pid":1,"tid":0},
{"name":"ProviderMatrix /Biped/Rig/Controls/leg_l_ik/ankle_l_pivot/bankIn_l_pivot/bankOut_l_pivot/heel_l_roll/heel_l/ball_l_pivot/toe_l_roll/toe_l/ballRoll_l_up final","cat":"step","ph":"X","ts":117597,"dur":1,"pid":1,"tid":20},
{"name":"ProviderMatrix /Biped/Rig/Joints/ankle_l_pivot final","cat":"step","ph":"X","ts":117407,"dur":1,"pid":1,"tid":0},
{"name":"ProviderMatrix /Biped/Rig/Joints/ankle_l_pivot/bankIn_l_pivot/bankOut_l_pivot/heel_l_pivot/ball_l_pivot/toe_l_pivot/toeBend_l_pivot final","cat":"step","ph":"X","ts":117453,"dur":1,"pid":1,"tid":6},
{"name":"ProviderMatrix /Biped/Rig/Joints/hips_bind/pelvis_l_bind/thighNoTwist_l_bind final","cat":"step","ph":"X","ts":117862,"dur":1,"pid":1,"tid":24},
{"name":"ProviderMatrix /Biped/Rig/Joints/hips_bind/pelvis_l_bind/thigh_l_bind/knee_l_bind/ankleTwist_l_bind/ankleSwing_l_driver final","cat":"step","ph":"X","ts":117832,"dur":1,"pid":1,"tid":11},
{"name":"ProviderMatrix /Biped/Rig/Joints/hips_bind/pelvis_l_bind/thigh_l_bind/knee_l_bind/ankleTwist_l_driver final","cat":"step","ph":"X","ts":117833,"dur":1,"pid":1,"tid":11},
{"name":"ProviderMatrix /Biped/Rig/Joints/hips_bind/pelvis_l_bind/thigh_l_bind/knee_l_bind/ankle_l_bind/ball_l_bind/toe1_001_l_bind final","cat":"step","ph":"X","ts":117784,"dur":1,"pid":1,"tid":26},
{"name":"ProviderMatrix /Biped/Rig/Joints/hips_bind/pelvis_l_bind/thigh_l_bind/knee_l_bind/ankle_l_bind/ball_l_bind/toe3_001_l_bind/toe3_002_l_bind/toe3_003_l_bind/toe3_004_l_bind final","cat":"step","ph":"X","ts":117786,"dur":1,"pid":1,"tid":26},
{"name":"ProviderMatrix /Biped/Rig/Joints/hips_bind/pelvis_l_bind/thigh_l_bind/knee_l_bind/ankle_l_bind/ball_l_bind/toe5_001_l_bind final","cat":"step","ph":"X","ts":117787,"dur":1,"pid":1,"tid":26},
{"name":"ProviderMatrix /Biped/Rig/Joints/hips_bind/pelvis_l_bind/thigh_l_bind/knee_l_bind/kneeTwist_l_bind final","cat":"step","ph":"X","ts":117652,"dur":1,"pid":1,"tid":4},
{"name":"ProviderMatrix /Biped/Rig/Joints/hips_bind/pelvis_r_bind/thigh_r_bind/knee_r_bind/ankleTwist_r_driver final","cat":"step","ph":"X","ts":117863,"dur":1,"pid":1,"tid":24},
{"name":"ProviderMatrix /Biped/Rig/Joints/hips_bind/pelvis_r_bind/thigh_r_bind/knee_r_bind/ankle_r_bind final","cat":"step","ph":"X","ts":117788,"dur":1,"pid":1,"tid":26},
{"name":"ProviderMatrix /Biped/Rig/Joints/hips_bind/pelvis_r_bind/thigh_r_bind/knee_r_bind/ankle_r_bind/ball_r_bind final","cat":"step","ph":"X","ts":117794,"dur":1,"pid":1,"tid":0},
{"name":"ProviderMatrix /Biped/Rig/Joints/hips_bind/spine_0_bind/spine_1_bind/spine_2_bind/spine_3_bind/spine_4_bind/spine_5_bind/chest_bind/clavicle_l_bind/shoulderNoTwist_l_bind final","cat":"step","ph":"X","ts":118018,"dur":1,"pid":1,"tid":7},
{"name":"ProviderMatrix /Biped/Rig/Joints/hips_bind/spine_0_bind/spine_1_bind/spine_2_bind/spine_3_bind/spine_4_bind/spine_5_bind/chest_bind/clavicle_l_bind/shoulder_combo_l_driver final","cat":"step","ph":"X","ts":117986,"dur":1,"pid":1,"tid":24},
{"name":"ProviderMatrix /Biped/Rig/Joints/hips_bind/spine_0_bind/spine_1_bind/spine_2_bind/spine_3_bind/spine_4_bind/spine_5_bind/chest_bind/clavicle_l_bind/shoulder_l_bind/elbow_l_bind/wrist_l_bind/index_001_l_bind/index_002_l_bind/index_003_l_bind final","cat":"step","ph":"X","ts":117556,"dur":1,"pid":1,"tid":0},
{"name":"ProviderMatrix /Biped/Rig/Joints/hips_bind/spine_0_bind/spine_1_bind/spine_2_bind/spine_3_bind/spine_4_bind/spine_5_bind/chest_bind/clavicle_l_bind/shoulder_l_bind/elbow_l_bind/wrist_l_bind/pinkyCup_l_bind/pinky_001_l_bind/pinky_002_combo_l_driver final","cat":"step","ph":"X","ts":117598,"dur":1,"pid":1,"tid":20},
{"name":"ProviderMatrix /Biped/Rig/Joints/hips_bind/spine_0_bind/spine_1_bind/spine_2_bind/spine_3_bind/spine_4_bind/spine_5_bind/chest_bind/clavicle_l_bind/shoulder_l_bind/elbow_l_bind/wrist_l_bind/ring_001_l_bind/ring_002_l_bind final","cat":"step","ph":"X","ts":117558,"dur":2,"pid":1,"tid":0},
{"name":"ProviderMatrix /Biped/Rig/Joints/hips_bind/spine_0_bind/spine_1_bind/spine_2_bind/spine_3_bind/spine_4_bind/spine_5_bind/chest_bind/clavicle_l_bind/shoulder_l_bind/elbow_l_bind/wrist_l_bind/ring_001_l_bind/ring_002_l_bind/ring_003_l_bind/ring_004_l_bind/ring_005_l_bind final","cat":"step","ph":"X","ts":117560,"dur":1,"pid":1,"tid":0},
{"name":"ProviderMatrix /Biped/Rig/Joints/hips_bind/spine_0_bind/spine_1_bind/spine_2_bind/spine_3_bind/spine_4_bind/spine_5_bind/chest_bind/clavicle_l_bind/shoulder_l_bind/elbow_l_bind/wrist_l_bind/thumbCup_l_bind/thumb_001_l_bind/thumb_002_l_bind/thumb_003_l_bind/thumb_004_l_bind final","cat":"step","ph":"X","ts":117561,"dur":26,"pid":1,"tid":0},
{"name":"ProviderMatrix /Biped/Rig/Joints/hips_bind/spine_0_bind/spine_1_bind/spine_2_bind/spine_3_bind/spine_4_bind/spine_5_bind/chest_bind/clavicle_r_bind/shoulder_r_bind/elbow_r_bind/elbowTwist_r_bind final","cat":"step","ph":"X","ts":117538,"dur":1,"pid":1,"tid":27},
{"name":"ProviderMatrix /Biped/Rig/Joints/hips_bind/spine_0_bind/spine_1_bind/spine_2_bind/spine_3_bind/spine_4_bind/spine_5_bind/chest_bind/clavicle_r_bind/shoulder_r_bind/elbow_r_bind/wrist_r_bind/index_001_r_bind/index_002_r_bind final","cat":"step","ph":"X","ts":117599,"dur":1,"pid":1,"tid":20},
{"name":"ProviderMatrix /Biped/Rig/Joints/hips_bind/spine_0_bind/spine_1_bind/spine_2_bind/spine_3_bind/spine_4_bind/spine_5_bind/chest_bind/clavicle_r_bind/shoulder_r_bind/elbow_r_bind/wrist_r_bind/middle_001_r_bind/middle_002_r_bind/middle_003_r_bind/middle_004_r_bind final","cat":"step","ph":"X","ts":117600,"dur":1,"pid":1,"tid":20},
{"name":"ProviderMatrix /Biped/Rig/Joints/hips_bind/spine_0_bind/spine_1_bind/spine_2_bind/spine_3_bind/spine_4_bind/spine_5_bind/chest_bind/clavicle_r_bind/shoulder_r_bind/elbow_r_bind/wrist_r_bind/pinkyCup_r_bind final","cat":"step","ph":"X","ts":117617,"dur":1,"pid":1,"tid":4},
{"name":"ProviderMatrix /Biped/Rig/Joints/hips_bind/spine_0_bind/spine_1_bind/spine_2_bind/spine_3_bind/spine_4_bind/spine_5_bind/chest_bind/clavicle_r_bind/shoulder_r_bind/elbow_r_bind/wrist_r_bind/thumbCup_r_bind final","cat":"step","ph":"X","ts":117601,"dur":1,"pid":1,"tid":20},
{"name":"ProviderMatrix /Biped/Rig/Joints/hips_bind/spine_0_bind/spine_1_bind/spine_2_bind/spine_3_bind/spine_4_bind/spine_5_bind/chest_bind/neck_base_bind final","cat":"step","ph":"X","ts":117976,"dur":1,"pid":1,"tid":24},
{"name":"ProviderMatrix /Biped/Rig/Joints/hips_bind/spine_0_bind/spine_1_bind/spine_2_bind/spine_3_bind/spine_4_bind/spine_5_bind/chest_bind/neck_base_bind/neck_0_bind/neck_1_bind/neck_2_bind/neck_3_bind final","cat":"step","ph":"X","ts":118045,"dur":1,"pid":1,"tid":7},
{"name":"ProviderMatrix /Biped/Rig/Joints/hips_bind/spine_0_bind/spine_1_bind/spine_2_bind/spine_3_bind/spine_4_bind/spine_5_bind/chest_bind/neck_base_bind/neck_0_bind/neck_1_bind/neck_2_bind/neck_3_bind/skull_bind/face_lower_bind/face_mid_bind/nose_bridge_bind/nose_bind final","cat":"step","ph":"X","ts":118051,"dur":1,"pid":1,"tid":7},
{"name":"ProviderMatrix /Biped/Rig/Joints/hips_bind/spine_0_bind/spine_1_bind/spine_2_bind/spine_3_bind/spine_4_bind/spine_5_bind/chest_bind/neck_base_bind/neck_0_bind/neck_1_bind/neck_2_bind/neck_3_bind/skull_bind/face_upper_bind/eyeSocket_r_bind/eye_r_bind final","cat":"step","ph":"X","ts":118053,"dur":1,"pid":1,"tid":7},
{"name":"ProviderMatrix /Biped/Rig/Joints/hips_bind/spine_0_bind/spine_1_bind/spine_2_bind/spine_3_bind/spine_4_bind/spine_5_bind/chest_bind/neck_base_bind/neck_0_bind/neck_1_bind/neck_2_bind/neck_3_bind/skull_bind/face_upper_bind/head_tip_bind/brow_peak_r_bind final","cat":"step","ph":"X","ts":118054,"dur":1,"pid":1,"tid":7},
{"name":"ProviderMatrix /Biped/Rig/Joints/neck_ik_neck_0_bind/neck_ik_neck_1_bind final","cat":"step","ph":"X","ts":117621,"dur":1,"pid":1,"tid":4},
{"name":"ProviderMatrix /Biped/Rig/Joints/spine_ik_spine_0_bind/spine_ik_spine_1_bind/spine_ik_spine_2_bind final","cat":"step","ph":"X","ts":117465,"dur":1,"pid":1,"tid":8},
{"name":"InfluenceFold /Biped/Rig/Movers/skin_body_geo/body_geo_skin","cat":"step","ph":"X","ts":118055,"dur":29,"pid":1,"tid":7},
{"name":"RevisionChunk /Biped/Rig/Movers/skin_body_geo/body_geo_skin","cat":"step","ph":"X","ts":118084,"dur":245,"pid":1,"tid":7},
{"name":"RevisionFuse /Biped/Rig/Movers/skin_body_geo/body_geo_skin","cat":"step","ph":"X","ts":118330,"dur":2,"pid":1,"tid":7},
{"name":"ChainStatus /Biped/Geom/body_geo.points","cat":"step","ph":"X","ts":118332,"dur":13,"pid":1,"tid":7},
{"name":"Derived /Biped/Geom/body_geo.extent","cat":"step","ph":"X","ts":118345,"dur":330,"pid":1,"tid":7},
{"name":"cluster 0","cat":"cluster","ph":"X","ts":117394,"dur":7,"pid":1,"tid":0,"args":{"level":"1","steps":"21","waitUs":"2"}},
{"name":"cluster 1","cat":"cluster","ph":"X","ts":117401,"dur":7,"pid":1,"tid":0,"args":{"level":"2","steps":"30","waitUs":"0"}},
{"name":"cluster 2","cat":"cluster","ph":"X","ts":117422,"dur":6,"pid":1,"tid":0,"args":{"level":"3","steps":"20","waitUs":"14"}},
{"name":"cluster 3","cat":"cluster","ph":"X","ts":117429,"dur":18,"pid":1,"tid":6,"args":{"level":"4","steps":"17","waitUs":"1"}},
{"name":"cluster 4","cat":"cluster","ph":"X","ts":117448,"dur":8,"pid":1,"tid":8,"args":{"level":"5","steps":"17","waitUs":"1"}},
{"name":"cluster 5","cat":"cluster","ph":"X","ts":117457,"dur":9,"pid":1,"tid":6,"args":{"level":"6","steps":"23","waitUs":"1"}},
{"name":"cluster 6","cat":"cluster","ph":"X","ts":117468,"dur":5,"pid":1,"tid":0,"args":{"level":"7","steps":"15","waitUs":"2"}},
{"name":"cluster 7","cat":"cluster","ph":"X","ts":117475,"dur":5,"pid":1,"tid":6,"args":{"level":"8","steps":"13","waitUs":"2"}},
{"name":"cluster 8","cat":"cluster","ph":"X","ts":117414,"dur":7,"pid":1,"tid":0,"args":{"level":"3","steps":"15","waitUs":"6"}},
{"name":"cluster 9","cat":"cluster","ph":"X","ts":117484,"dur":17,"pid":1,"tid":5,"args":{"level":"9","steps":"15","waitUs":"4"}},
{"name":"cluster 10","cat":"cluster","ph":"X","ts":117504,"dur":10,"pid":1,"tid":24,"args":{"level":"10","steps":"17","waitUs":"3"}},
{"name":"cluster 11","cat":"cluster","ph":"X","ts":117536,"dur":12,"pid":1,"tid":0,"args":{"level":"11","steps":"16","waitUs":"8"}},
{"name":"cluster 12","cat":"cluster","ph":"X","ts":117466,"dur":3,"pid":1,"tid":6,"args":{"level":"7","steps":"6","waitUs":"0"}},
{"name":"cluster 13","cat":"cluster","ph":"X","ts":117551,"dur":42,"pid":1,"tid":20,"args":{"level":"12","steps":"12","waitUs":"3"}},
{"name":"cluster 14","cat":"cluster","ph":"X","ts":117595,"dur":14,"pid":1,"tid":4,"args":{"level":"13","steps":"6","waitUs":"2"}},
{"name":"cluster 16","cat":"cluster","ph":"X","ts":117456,"dur":10,"pid":1,"tid":8,"args":{"level":"6","steps":"12","waitUs":"0"}},
{"name":"cluster 17","cat":"cluster","ph":"X","ts":117447,"dur":7,"pid":1,"tid":6,"args":{"level":"5","steps":"8","waitUs":"0"}},
{"name":"cluster 18","cat":"cluster","ph":"X","ts":117610,"dur":9,"pid":1,"tid":4,"args":{"level":"14","steps":"15","waitUs":"0"}},
{"name":"cluster 19","cat":"cluster","ph":"X","ts":117474,"dur":3,"pid":1,"tid":0,"args":{"level":"8","steps":"2","waitUs":"1"}},
{"name":"cluster 20","cat":"cluster","ph":"X","ts":117428,"dur":4,"pid":1,"tid":0,"args":{"level":"4","steps":"6","waitUs":"0"}},
{"name":"cluster 21","cat":"cluster","ph":"X","ts":117504,"dur":6,"pid":1,"tid":0,"args":{"level":"10","steps":"3","waitUs":"3"}},
{"name":"cluster 22","cat":"cluster","ph":"X","ts":117505,"dur":9,"pid":1,"tid":6,"args":{"level":"10","steps":"3","waitUs":"3"}},
{"name":"cluster 23","cat":"cluster","ph":"X","ts":117478,"dur":4,"pid":1,"tid":17,"args":{"level":"9","steps":"3","waitUs":"1"}},
{"name":"cluster 24","cat":"cluster","ph":"X","ts":117507,"dur":21,"pid":1,"tid":27,"args":{"level":"10","steps":"4","waitUs":"5"}},
{"name":"cluster 25","cat":"cluster","ph":"X","ts":117484,"dur":12,"pid":1,"tid":17,"args":{"level":"9","steps":"3","waitUs":"7"}},
{"name":"cluster 26","cat":"cluster","ph":"X","ts":117481,"dur":10,"pid":1,"tid":6,"args":{"level":"9","steps":"4","waitUs":"1"}},
{"name":"cluster 27","cat":"cluster","ph":"X","ts":117619,"dur":3,"pid":1,"tid":4,"args":{"level":"15","steps":"10","waitUs":"0"}},
{"name":"cluster 28","cat":"cluster","ph":"X","ts":117622,"dur":7,"pid":1,"tid":4,"args":{"level":"16","steps":"4","waitUs":"0"}},
{"name":"cluster 29","cat":"cluster","ph":"X","ts":117629,"dur":15,"pid":1,"tid":4,"args":{"level":"17","steps":"6","waitUs":"0"}},
{"name":"cluster 30","cat":"cluster","ph":"X","ts":117651,"dur":114,"pid":1,"tid":26,"args":{"level":"18","steps":"5","waitUs":"7"}},
{"name":"cluster 31","cat":"cluster","ph":"X","ts":117776,"dur":14,"pid":1,"tid":0,"args":{"level":"19","steps":"5","waitUs":"11"}},
{"name":"cluster 32","cat":"cluster","ph":"X","ts":117507,"dur":9,"pid":1,"tid":23,"args":{"level":"10","steps":"3","waitUs":"5"}},
{"name":"cluster 33","cat":"cluster","ph":"X","ts":117516,"dur":3,"pid":1,"tid":23,"args":{"level":"11","steps":"2","waitUs":"0"}},
{"name":"cluster 34","cat":"cluster","ph":"X","ts":117794,"dur":15,"pid":1,"tid":18,"args":{"level":"20","steps":"4","waitUs":"3"}},
{"name":"cluster 35","cat":"cluster","ph":"X","ts":117812,"dur":10,"pid":1,"tid":11,"args":{"level":"21","steps":"3","waitUs":"3"}},
{"name":"cluster 36","cat":"cluster","ph":"X","ts":117824,"dur":22,"pid":1,"tid":24,"args":{"level":"22","steps":"4","waitUs":"2"}},
{"name":"cluster 37","cat":"cluster","ph":"X","ts":117846,"dur":18,"pid":1,"tid":24,"args":{"level":"23","steps":"9","waitUs":"0"}},
{"name":"cluster 38","cat":"cluster","ph":"X","ts":117864,"dur":13,"pid":1,"tid":24,"args":{"level":"24","steps":"6","waitUs":"0"}},
{"name":"cluster 39","cat":"cluster","ph":"X","ts":117878,"dur":8,"pid":1,"tid":24,"args":{"level":"25","steps":"3","waitUs":"0"}},
{"name":"cluster 40","cat":"cluster","ph":"X","ts":117886,"dur":6,"pid":1,"tid":24,"args":{"level":"26","steps":"2","waitUs":"0"}},
{"name":"cluster 41","cat":"cluster","ph":"X","ts":117893,"dur":12,"pid":1,"tid":24,"args":{"level":"27","steps":"1","waitUs":"0"}},
{"name":"cluster 42","cat":"cluster","ph":"X","ts":117905,"dur":7,"pid":1,"tid":24,"args":{"level":"28","steps":"2","waitUs":"0"}},
{"name":"cluster 43","cat":"cluster","ph":"X","ts":117912,"dur":9,"pid":1,"tid":24,"args":{"level":"29","steps":"1","waitUs":"0"}},
{"name":"cluster 44","cat":"cluster","ph":"X","ts":117921,"dur":6,"pid":1,"tid":24,"args":{"level":"30","steps":"2","waitUs":"0"}},
{"name":"cluster 45","cat":"cluster","ph":"X","ts":117928,"dur":7,"pid":1,"tid":24,"args":{"level":"31","steps":"1","waitUs":"1"}},
{"name":"cluster 46","cat":"cluster","ph":"X","ts":117935,"dur":7,"pid":1,"tid":24,"args":{"level":"32","steps":"2","waitUs":"0"}},
{"name":"cluster 47","cat":"cluster","ph":"X","ts":117942,"dur":8,"pid":1,"tid":24,"args":{"level":"33","steps":"1","waitUs":"0"}},
{"name":"cluster 48","cat":"cluster","ph":"X","ts":117950,"dur":8,"pid":1,"tid":24,"args":{"level":"34","steps":"1","waitUs":"0"}},
{"name":"cluster 49","cat":"cluster","ph":"X","ts":117958,"dur":8,"pid":1,"tid":24,"args":{"level":"35","steps":"4","waitUs":"0"}},
{"name":"cluster 50","cat":"cluster","ph":"X","ts":117966,"dur":11,"pid":1,"tid":24,"args":{"level":"36","steps":"4","waitUs":"0"}},
{"name":"cluster 51","cat":"cluster","ph":"X","ts":117988,"dur":8,"pid":1,"tid":24,"args":{"level":"37","steps":"3","waitUs":"11"}},
{"name":"cluster 52","cat":"cluster","ph":"X","ts":117998,"dur":10,"pid":1,"tid":7,"args":{"level":"38","steps":"3","waitUs":"2"}},
{"name":"cluster 53","cat":"cluster","ph":"X","ts":118008,"dur":11,"pid":1,"tid":7,"args":{"level":"39","steps":"7","waitUs":"0"}},
{"name":"cluster 54","cat":"cluster","ph":"X","ts":118019,"dur":9,"pid":1,"tid":7,"args":{"level":"40","steps":"6","waitUs":"0"}},
{"name":"cluster 55","cat":"cluster","ph":"X","ts":118029,"dur":4,"pid":1,"tid":7,"args":{"level":"41","steps":"3","waitUs":"0"}},
{"name":"cluster 56","cat":"cluster","ph":"X","ts":118033,"dur":4,"pid":1,"tid":7,"args":{"level":"42","steps":"2","waitUs":"0"}},
{"name":"cluster 57","cat":"cluster","ph":"X","ts":118037,"dur":5,"pid":1,"tid":7,"args":{"level":"43","steps":"1","waitUs":"0"}},
{"name":"cluster 58","cat":"cluster","ph":"X","ts":118042,"dur":4,"pid":1,"tid":7,"args":{"level":"44","steps":"2","waitUs":"0"}},
{"name":"cluster 59","cat":"cluster","ph":"X","ts":118046,"dur":9,"pid":1,"tid":7,"args":{"level":"46","steps":"28","waitUs":"0"}},
{"name":"cluster 60","cat":"cluster","ph":"X","ts":117477,"dur":8,"pid":1,"tid":0,"args":{"level":"9","steps":"7","waitUs":"0"}},
{"name":"cluster 61","cat":"cluster","ph":"X","ts":117791,"dur":6,"pid":1,"tid":0,"args":{"level":"20","steps":"27","waitUs":"0"}},
{"name":"cluster 62","cat":"cluster","ph":"X","ts":117533,"dur":6,"pid":1,"tid":27,"args":{"level":"11","steps":"7","waitUs":"5"}},
{"name":"cluster 63","cat":"cluster","ph":"X","ts":117813,"dur":6,"pid":1,"tid":1,"args":{"level":"21","steps":"3","waitUs":"4"}},
{"name":"cluster 64","cat":"cluster","ph":"X","ts":117983,"dur":4,"pid":1,"tid":24,"args":{"level":"37","steps":"8","waitUs":"6"}},
{"name":"cluster 65","cat":"cluster","ph":"X","ts":117644,"dur":9,"pid":1,"tid":4,"args":{"level":"18","steps":"7","waitUs":"0"}},
{"name":"cluster 66","cat":"cluster","ph":"X","ts":117822,"dur":12,"pid":1,"tid":11,"args":{"level":"22","steps":"7","waitUs":"0"}},
{"name":"cluster 67","cat":"cluster","ph":"X","ts":117503,"dur":17,"pid":1,"tid":5,"args":{"level":"10","steps":"9","waitUs":"1"}},
{"name":"cluster 68","cat":"cluster","ph":"X","ts":117997,"dur":7,"pid":1,"tid":24,"args":{"level":"38","steps":"3","waitUs":"1"}},
{"name":"cluster 69","cat":"cluster","ph":"X","ts":117809,"dur":8,"pid":1,"tid":18,"args":{"level":"21","steps":"10","waitUs":"0"}},
{"name":"cluster 70","cat":"cluster","ph":"X","ts":117774,"dur":15,"pid":1,"tid":26,"args":{"level":"19","steps":"27","waitUs":"9"}},
{"name":"cluster 71","cat":"cluster","ph":"X","ts":117549,"dur":38,"pid":1,"tid":0,"args":{"level":"12","steps":"30","waitUs":"1"}},
{"name":"cluster 72","cat":"cluster","ph":"X","ts":117594,"dur":8,"pid":1,"tid":20,"args":{"level":"13","steps":"36","waitUs":"1"}},
{"name":"cluster 73","cat":"cluster","ph":"X","ts":118055,"dur":29,"pid":1,"tid":7,"args":{"level":"47","steps":"1","waitUs":"0"}},
{"name":"cluster 74","cat":"cluster","ph":"X","ts":118084,"dur":245,"pid":1,"tid":7,"args":{"level":"48","steps":"1","waitUs":"0"}},
{"name":"cluster 75","cat":"cluster","ph":"X","ts":118330,"dur":345,"pid":1,"tid":7,"args":{"level":"51","steps":"3","waitUs":"0"}},
{"name":"BakedPublish","cat":"baked","ph":"X","ts":118764,"dur":59,"pid":1,"tid":0},
{"name":"BakedEpilogue","cat":"baked","ph":"X","ts":118681,"dur":149,"pid":1,"tid":0},
{"name":"Baked","cat":"baked","ph":"X","ts":117248,"dur":1583,"pid":1,"tid":0},
{"name":"Evaluate.Run","cat":"evaluate","ph":"X","ts":117248,"dur":1583,"pid":1,"tid":0},
{"name":"Evaluate@6","cat":"evaluate","ph":"X","ts":117247,"dur":1585,"pid":1,"tid":0},
{"name":"Evaluate.Settle","cat":"evaluate","ph":"X","ts":118849,"dur":0,"pid":1,"tid":0},
{"name":"Evaluate.PlaceOverrides","cat":"evaluate","ph":"X","ts":118849,"dur":0,"pid":1,"tid":0},
{"name":"PropertyChains","cat":"property","ph":"X","ts":118852,"dur":5,"pid":1,"tid":0},
{"name":"BakedInputs","cat":"baked","ph":"X","ts":118858,"dur":8,"pid":1,"tid":0},
{"name":"BakedChainBase","cat":"geometry","ph":"X","ts":118965,"dur":2,"pid":1,"tid":0},
{"name":"BakedPrologue","cat":"baked","ph":"X","ts":118850,"dur":118,"pid":1,"tid":0},
{"name":"BakedRegion","cat":"baked","ph":"X","ts":118968,"dur":1503,"pid":1,"tid":0},
{"name":"ComposeSubtree /Biped/Rig/Controls/arm_l_ik","cat":"step","ph":"X","ts":118996,"dur":1,"pid":1,"tid":0},
{"name":"ComposeSubtree /Biped/Rig/Controls/arm_r_params","cat":"step","ph":"X","ts":118997,"dur":1,"pid":1,"tid":0},
{"name":"ComposeSubtree /Biped/Rig/Controls/hips_ctl/spine_root_pivot/spine_root_ctl/pelvis_l_ctl/leg_l_root/leg_l_fk_thigh_l_bind/leg_l_fk_knee_l_bind","cat":"step","ph":"X","ts":119034,"dur":1,"pid":1,"tid":17},
{"name":"ComposeSubtree /Biped/Rig/Controls/hips_ctl/spine_root_pivot/spine_root_ctl/pelvis_r_ctl","cat":"step","ph":"X","ts":119023,"dur":1,"pid":1,"tid":0},
{"name":"ComposeSubtree /Biped/Rig/Controls/hips_ctl/spine_root_pivot/spine_root_ctl/pelvis_r_ctl/leg_r_root/leg_r_fk_thigh_r_bind","cat":"step","ph":"X","ts":119035,"dur":1,"pid":1,"tid":17},
{"name":"ComposeSubtree /Biped/Rig/Controls/hips_ctl/spine_root_pivot/spine_root_ctl/pelvis_r_ctl/leg_r_root/leg_r_fk_thigh_r_bind/leg_r_fk_knee_r_bind","cat":"step","ph":"X","ts":119055,"dur":1,"pid":1,"tid":0},
{"name":"ComposeSubtree /Biped/Rig/Controls/hips_ctl/torso_ctl/spine_end_pivot/spine_end_ctl/clavicle_r_ctl","cat":"step","ph":"X","ts":119036,"dur":1,"pid":1,"tid":17},
{"name":"ComposeSubtree /Biped/Rig/Controls/hips_ctl/torso_ctl/spine_end_pivot/spine_end_ctl/clavicle_r_ctl/arm_r_root/arm_r_fk_shoulder_r_bind/arm_r_fk_elbow_r_bind","cat":"step","ph":"X","ts":119063,"dur":1,"pid":1,"tid":6},
{"name":"ComposeSubtree /Biped/Rig/Controls/hips_ctl/torso_ctl/spine_end_pivot/spine_end_ctl/neck_root_ctl/neck_end_pivot","cat":"step","ph":"X","ts":119056,"dur":1,"pid":1,"tid":0},
{"name":"ComposeSubtree /Biped/Rig/Controls/index_001_l_bind_fk_follow","cat":"step","ph":"X","ts":118998,"dur":1,"pid":1,"tid":0},
{"name":"ComposeSubtree /Biped/Rig/Controls/index_001_l_bind_fk_follow/index_001_l_bind_fk/index_002_l_bind_fk","cat":"step","ph":"X","ts":119004,"dur":1,"pid":1,"tid":0},
{"name":"ComposeSubtree /Biped/Rig/Controls/index_001_r_bind_fk_follow/index_001_r_bind_fk/index_002_r_bind_fk/index_003_r_bind_fk","cat":"step","ph":"X","ts":119024,"dur":1,"pid":1,"tid":0},
{"name":"ComposeSubtree /Biped/Rig/Controls/leg_l_ik/ankle_l_pivot/bankIn_l_pivot/bankOut_l_pivot/heel_l_roll/heel_l/ball_l_pivot","cat":"step","ph":"X","ts":119037,"dur":1,"pid":1,"tid":17},
{"name":"ComposeSubtree /Biped/Rig/Controls/leg_l_ik/ankle_l_pivot/bankIn_l_pivot/bankOut_l_pivot/heel_l_roll/heel_l/ball_l_pivot/toe_l_roll/toe_l/ballRoll_l_up/ballRoll_l_down/ballRoll_l/ankle_l_ikTarget","cat":"step","ph":"X","ts":119075,"dur":1,"pid":1,"tid":6},
{"name":"ComposeSubtree /Biped/Rig/Controls/leg_l_ik/ankle_l_pivot/bankIn_l_pivot/bankOut_l_pivot/heel_l_roll/heel_l/ball_l_pivot/toe_l_roll/toe_l/ballRoll_l_up/ballRoll_l_down_twin","cat":"step","ph":"X","ts":119064,"dur":1,"pid":1,"tid":6},
{"name":"ComposeSubtree /Biped/Rig/Controls/leg_l_ik/ankle_l_pivot/bankIn_l_pivot/bankOut_l_pivot/heel_l_roll/heel_l/ball_l_pivot/toe_l_roll_twin","cat":"step","ph":"X","ts":119057,"dur":1,"pid":1,"tid":0},
{"name":"ComposeSubtree /Biped/Rig/Controls/leg_l_pv","cat":"step","ph":"X","ts":118999,"dur":1,"pid":1,"tid":0},
{"name":"ComposeSubtree /Biped/Rig/Controls/leg_r_ik/ankle_r_pivot","cat":"step","ph":"X","ts":119005,"dur":1,"pid":1,"tid":0},
{"name":"ComposeSubtree /Biped/Rig/Controls/leg_r_ik/ankle_r_pivot/bankIn_r_pivot/bankOut_r_pivot","cat":"step","ph":"X","ts":119025,"dur":1,"pid":1,"tid":0},
{"name":"ComposeSubtree /Biped/Rig/Controls/leg_r_ik/ankle_r_pivot/bankIn_r_pivot/bankOut_r_pivot/heel_r_roll/heel_r/ball_r_pivot/toe_r_roll/toe_r/ballRoll_r_up/ballRoll_r_down/ballRoll_r/ball_r_ikTarget","cat":"step","ph":"X","ts":119082,"dur":1,"pid":1,"tid":24},
{"name":"ComposeSubtree /Biped/Rig/Controls/leg_r_ik/ankle_r_pivot/bankIn_r_pivot/bankOut_r_pivot/heel_r_roll/heel_r/ball_r_pivot/toe_r_roll/toe_r/toeBend_r/toeBend_r_fk","cat":"step","ph":"X","ts":119076,"dur":1,"pid":1,"tid":6},
{"name":"ComposeSubtree /Biped/Rig/Controls/pinkyCup_l_bind_fk_follow","cat":"step","ph":"X","ts":119000,"dur":1,"pid":1,"tid":0},
{"name":"ComposeSubtree /Biped/Rig/Controls/pinkyCup_r_bind_fk_follow/pinkyCup_r_bind_fk/pinky_001_r_bind_fk","cat":"step","ph":"X","ts":119006,"dur":1,"pid":1,"tid":0},
{"name":"ComposeSubtree /Biped/Rig/Controls/ring_001_l_bind_fk_follow/ring_001_l_bind_fk/ring_002_l_bind_fk/ring_003_l_bind_fk","cat":"step","ph":"X","ts":119027,"dur":1,"pid":1,"tid":0},
{"name":"ComposeSubtree /Biped/Rig/Controls/spine_mid_follow","cat":"step","ph":"X","ts":119001,"dur":1,"pid":1,"tid":0},
{"name":"ComposeSubtree /Biped/Rig/Joints/ankle_l_pivot","cat":"step","ph":"X","ts":119002,"dur":1,"pid":1,"tid":0},
{"name":"ComposeSubtree /Biped/Rig/Joints/ankle_l_pivot/bankIn_l_pivot/bankOut_l_pivot/heel_l_pivot/ball_l_pivot","cat":"step","ph":"X","ts":119028,"dur":1,"pid":1,"tid":0},
{"name":"ComposeSubtree /Biped/Rig/Joints/ankle_l_pivot/bankIn_l_pivot/bankOut_l_pivot/heel_l_pivot/ball_l_pivot/toe_l_pivot/ballRoll_l_pivot","cat":"step","ph":"X","ts":119038,"dur":1,"pid":1,"tid":17},
{"name":"ComposeSubtree /Biped/Rig/Joints/ankle_r_pivot/bankIn_r_pivot/bankOut_r_pivot","cat":"step","ph":"X","ts":119007,"dur":1,"pid":1,"tid":0},
{"name":"ComposeSubtree /Biped/Rig/Joints/hips_bind/pelvis_l_bind/thigh_l_bind/knee_l_bind/ankleTwist_l_bind","cat":"step","ph":"X","ts":119016,"dur":1,"pid":1,"tid":0},
{"name":"ComposeSubtree /Biped/Rig/Joints/hips_bind/pelvis_l_bind/thigh_l_bind/knee_l_bind/ankle_l_bind/ball_l_bind/toe1_001_l_bind/toe1_002_l_bind","cat":"step","ph":"X","ts":119058,"dur":1,"pid":1,"tid":0},
{"name":"ComposeSubtree /Biped/Rig/Joints/hips_bind/pelvis_l_bind/thigh_l_bind/knee_l_bind/ankle_l_bind/ball_l_bind/toe2_001_l_bind/toe2_002_l_bind/toe2_003_l_bind","cat":"step","ph":"X","ts":119066,"dur":1,"pid":1,"tid":6},
{"name":"ComposeSubtree /Biped/Rig/Joints/hips_bind/pelvis_l_bind/thigh_l_bind/knee_l_bind/ankle_l_bind/ball_l_bind/toe4_001_l_bind","cat":"step","ph":"X","ts":119059,"dur":1,"pid":1,"tid":0},
{"name":"ComposeSubtree /Biped/Rig/Joints/hips_bind/pelvis_l_bind/thigh_l_bind/knee_l_bind/ankle_l_bind/ball_l_bind/toe5_001_l_bind/toe5_002_l_bind/toe5_003_l_bind","cat":"step","ph":"X","ts":119067,"dur":1,"pid":1,"tid":6},
{"name":"ComposeSubtree /Biped/Rig/Joints/hips_bind/pelvis_r_bind/pelvis_trans_r_bind/thigh_r_driver","cat":"step","ph":"X","ts":119039,"dur":1,"pid":1,"tid":17},
{"name":"ComposeSubtree /Biped/Rig/Joints/hips_bind/pelvis_r_bind/thighNoTwist_r_bind","cat":"step","ph":"X","ts":119017,"dur":1,"pid":1,"tid":0},
{"name":"ComposeSubtree /Biped/Rig/Joints/hips_bind/pelvis_r_bind/thigh_r_bind/knee_r_bind/ankleTwist_r_driver","cat":"step","ph":"X","ts":119040,"dur":1,"pid":1,"tid":17},
{"name":"ComposeSubtree /Biped/Rig/Joints/hips_bind/pelvis_r_bind/thigh_r_bind/knee_r_bind/ankle_r_bind/ball_r_bind","cat":"step","ph":"X","ts":119060,"dur":1,"pid":1,"tid":0},
{"name":"ComposeSubtree /Biped/Rig/Joints/hips_bind/pelvis_r_bind/thigh_r_bind/knee_r_bind/ankle_r_bind/ball_r_bind/toe3_001_r_bind","cat":"step","ph":"X","ts":119068,"dur":1,"pid":1,"tid":6},
{"name":"ComposeSubtree /Biped/Rig/Joints/hips_bind/pelvis_r_bind/thigh_r_bind/knee_r_bind/ankle_r_bind/ball_r_bind/toe3_001_r_bind/toe3_002_r_bind/toe3_003_r_bind","cat":"step","ph":"X","ts":119077,"dur":1,"pid":1,"tid":6},
{"name":"ComposeSubtree /Biped/Rig/Joints/hips_bind/pelvis_r_bind/thigh_r_bind/knee_r_bind/ankle_r_bind/ball_r_bind/toe_r_bind","cat":"step","ph":"X","ts":119069,"dur":1,"pid":1,"tid":6},
{"name":"ComposeSubtree /Biped/Rig/Joints/hips_bind/spine_0_bind/spine_1_bind/spine_2_bind/spine_3_bind/spine_4_bind/spine_5_bind/chest_bind/clavicle_l_bind/shoulder_l_bind/elbow_l_bind/elbowTwist_l_bind","cat":"step","ph":"X","ts":119078,"dur":1,"pid":1,"tid":6},
{"name":"ComposeSubtree /Biped/Rig/Joints/hips_bind/spine_0_bind/spine_1_bind/spine_2_bind/spine_3_bind/spine_4_bind/spine_5_bind/chest_bind/clavicle_l_bind/shoulder_l_bind/elbow_l_bind/wrist_l_bind/index_001_l_bind","cat":"step","ph":"X","ts":119083,"dur":1,"pid":1,"tid":24},
{"name":"ComposeSubtree /Biped/Rig/Joints/hips_bind/spine_0_bind/spine_1_bind/spine_2_bind/spine_3_bind/spine_4_bind/spine_5_bind/chest_bind/clavicle_l_bind/shoulder_l_bind/elbow_l_bind/wrist_l_bind/index_001_l_bind/index_002_l_bind","cat":"step","ph":"X","ts":119096,"dur":1,"pid":1,"tid":22},
{"name":"ComposeSubtree /Biped/Rig/Joints/hips_bind/spine_0_bind/spine_1_bind/spine_2_bind/spine_3_bind/spine_4_bind/spine_5_bind/chest_bind/clavicle_l_bind/shoulder_l_bind/elbow_l_bind/wrist_l_bind/index_001_l_bind/index_002_l_bind/index_003_l_bind/index_004_l_bind","cat":"step","ph":"X","ts":119112,"dur":1,"pid":1,"tid":12},
{"name":"ComposeSubtree /Biped/Rig/Joints/hips_bind/spine_0_bind/spine_1_bind/spine_2_bind/spine_3_bind/spine_4_bind/spine_5_bind/chest_bind/clavicle_l_bind/shoulder_l_bind/elbow_l_bind/wrist_l_bind/middle_001_l_bind/middle_002_l_bind/middle_003_l_bind/middle_004_l_bind","cat":"step","ph":"X","ts":119113,"dur":1,"pid":1,"tid":12},
{"name":"ComposeSubtree /Biped/Rig/Joints/hips_bind/spine_0_bind/spine_1_bind/spine_2_bind/spine_3_bind/spine_4_bind/spine_5_bind/chest_bind/clavicle_l_bind/shoulder_l_bind/elbow_l_bind/wrist_l_bind/pinkyCup_l_bind","cat":"step","ph":"X","ts":119084,"dur":1,"pid":1,"tid":24},
{"name":"ComposeSubtree /Biped/Rig/Joints/hips_bind/spine_0_bind/spine_1_bind/spine_2_bind/spine_3_bind/spine_4_bind/spine_5_bind/chest_bind/clavicle_l_bind/shoulder_l_bind/elbow_l_bind/wrist_l_bind/pinkyCup_l_bind/pinky_001_l_bind/pinky_002_combo_l_driver","cat":"step","ph":"X","ts":119098,"dur":1,"pid":1,"tid":22},
{"name":"ComposeSubtree /Biped/Rig/Joints/hips_bind/spine_0_bind/spine_1_bind/spine_2_bind/spine_3_bind/spine_4_bind/spine_5_bind/chest_bind/clavicle_l_bind/shoulder_l_bind/elbow_l_bind/wrist_l_bind/pinkyCup_l_bind/pinky_001_l_bind/pinky_002_l_bind/pinky_003_l_bind/pinky_004_l_bind","cat":"step","ph":"X","ts":119149,"dur":1,"pid":1,"tid":11},
{"name":"ComposeSubtree /Biped/Rig/Joints/hips_bind/spine_0_bind/spine_1_bind/spine_2_bind/spine_3_bind/spine_4_bind/spine_5_bind/chest_bind/clavicle_l_bind/shoulder_l_bind/elbow_l_bind/wrist_l_bind/thumbCup_l_bind/thumb_001_l_bind/thumb_002_l_bind","cat":"step","ph":"X","ts":119099,"dur":1,"pid":1,"tid":22},
{"name":"ComposeSubtree /Biped/Rig/Joints/hips_bind/spine_0_bind/spine_1_bind/spine_2_bind/spine_3_bind/spine_4_bind/spine_5_bind/chest_bind/clavicle_l_bind/shoulder_l_bind/elbow_l_bind/wrist_l_bind/thumbCup_l_bind/thumb_001_l_bind/thumb_002_l_bind/thumb_003_l_bind","cat":"step","ph":"X","ts":119114,"dur":1,"pid":1,"tid":12},
{"name":"ComposeSubtree /Biped/Rig/Joints/hips_bind/spine_0_bind/spine_1_bind/spine_2_bind/spine_3_bind/spine_4_bind/spine_5_bind/chest_bind/clavicle_r_bind/clavicle_trans_r_bind/shoulder_r_driver","cat":"step","ph":"X","ts":119085,"dur":1,"pid":1,"tid":24},
{"name":"ComposeSubtree /Biped/Rig/Joints/hips_bind/spine_0_bind/spine_1_bind/spine_2_bind/spine_3_bind/spine_4_bind/spine_5_bind/chest_bind/clavicle_r_bind/shoulderNoTwist_r_bind","cat":"step","ph":"X","ts":119079,"dur":1,"pid":1,"tid":6},
{"name":"ComposeSubtree /Biped/Rig/Joints/hips_bind/spine_0_bind/spine_1_bind/spine_2_bind/spine_3_bind/spine_4_bind/spine_5_bind/chest_bind/clavicle_r_bind/shoulder_r_bind/elbow_r_bind/wristTwist_r_bind","cat":"step","ph":"X","ts":119086,"dur":1,"pid":1,"tid":24},
{"name":"ComposeSubtree /Biped/Rig/Joints/hips_bind/spine_0_bind/spine_1_bind/spine_2_bind/spine_3_bind/spine_4_bind/spine_5_bind/chest_bind/clavicle_r_bind/shoulder_r_bind/elbow_r_bind/wrist_r_bind/index_001_r_bind/index_002_r_bind","cat":"step","ph":"X","ts":119115,"dur":1,"pid":1,"tid":12},
{"name":"ComposeSubtree /Biped/Rig/Joints/hips_bind/spine_0_bind/spine_1_bind/spine_2_bind/spine_3_bind/spine_4_bind/spine_5_bind/chest_bind/clavicle_r_bind/shoulder_r_bind/elbow_r_bind/wrist_r_bind/middle_001_r_bind","cat":"step","ph":"X","ts":119100,"dur":1,"pid":1,"tid":22},
{"name":"ComposeSubtree /Biped/Rig/Joints/hips_bind/spine_0_bind/spine_1_bind/spine_2_bind/spine_3_bind/spine_4_bind/spine_5_bind/chest_bind/clavicle_r_bind/shoulder_r_bind/elbow_r_bind/wrist_r_bind/middle_001_r_bind/middle_002_r_bind/middle_003_r_bind/middle_004_r_bind","cat":"step","ph":"X","ts":119150,"dur":1,"pid":1,"tid":11},
{"name":"ComposeSubtree /Biped/Rig/Joints/hips_bind/spine_0_bind/spine_1_bind/spine_2_bind/spine_3_bind/spine_4_bind/spine_5_bind/chest_bind/clavicle_r_bind/shoulder_r_bind/elbow_r_bind/wrist_r_bind/pinkyCup_r_bind/pinky_001_r_bind/pinky_002_combo_r_driver","cat":"step","ph":"X","ts":119116,"dur":1,"pid":1,"tid":12},
{"name":"ComposeSubtree /Biped/Rig/Joints/hips_bind/spine_0_bind/spine_1_bind/spine_2_bind/spine_3_bind/spine_4_bind/spine_5_bind/chest_bind/clavicle_r_bind/shoulder_r_bind/elbow_r_bind/wrist_r_bind/pinkyCup_r_bind/pinky_001_r_bind/pinky_002_r_bind/pinky_003_r_bind/pinky_004_r_bind","cat":"step","ph":"X","ts":119161,"dur":1,"pid":1,"tid":22},
{"name":"ComposeSubtree /Biped/Rig/Joints/hips_bind/spine_0_bind/spine_1_bind/spine_2_bind/spine_3_bind/spine_4_bind/spine_5_bind/chest_bind/clavicle_r_bind/shoulder_r_bind/elbow_r_bind/wrist_r_bind/ring_001_r_bind","cat":"step","ph":"X","ts":119101,"dur":1,"pid":1,"tid":22},
{"name":"ComposeSubtree /Biped/Rig/Joints/hips_bind/spine_0_bind/spine_1_bind/spine_2_bind/spine_3_bind/spine_4_bind/spine_5_bind/chest_bind/clavicle_r_bind/shoulder_r_bind/elbow_r_bind/wrist_r_bind/thumbCup_r_bind/thumb_001_r_bind/thumb_002_r_bind/thumb_003_r_bind","cat":"step","ph":"X","ts":119151,"dur":1,"pid":1,"tid":11},
{"name":"ComposeSubtree /Biped/Rig/Joints/hips_bind/spine_0_bind/spine_1_bind/spine_2_bind/spine_3_bind/spine_4_bind/spine_5_bind/chest_bind/neck_base_bind/neck_0_bind/neck_1_bind","cat":"step","ph":"X","ts":119073,"dur":1,"pid":1,"tid":6},
{"name":"ComposeSubtree /Biped/Rig/Joints/hips_bind/spine_0_bind/spine_1_bind/spine_2_bind/spine_3_bind/spine_4_bind/spine_5_bind/chest_bind/neck_base_bind/neck_0_bind/neck_1_bind/neck_2_bind/neck_3_bind","cat":"step","ph":"X","ts":119087,"dur":1,"pid":1,"tid":24},
{"name":"ComposeSubtree /Biped/Rig/Joints/hips_bind/spine_0_bind/spine_1_bind/spine_2_bind/spine_3_bind/spine_4_bind/spine_5_bind/chest_bind/neck_base_bind/neck_0_bind/neck_1_bind/neck_2_bind/neck_3_bind/skull_bind/face_lower_bind/face_mid_bind/jaw_compression_driver","cat":"step","ph":"X","ts":119117,"dur":1,"pid":1,"tid":12},
{"name":"ComposeSubtree /Biped/Rig/Joints/hips_bind/spine_0_bind/spine_1_bind/spine_2_bind/spine_3_bind/spine_4_bind/spine_5_bind/chest_bind/neck_base_bind/neck_0_bind/neck_1_bind/neck_2_bind/neck_3_bind/skull_bind/face_lower_bind/jaw_bind/tongue_0_bind","cat":"step","ph":"X","ts":119152,"dur":1,"pid":1,"tid":11},
{"name":"ComposeSubtree /Biped/Rig/Joints/hips_bind/spine_0_bind/spine_1_bind/spine_2_bind/spine_3_bind/spine_4_bind/spine_5_bind/chest_bind/neck_base_bind/neck_0_bind/neck_1_bind/neck_2_bind/neck_3_bind/skull_bind/face_lower_bind/jaw_bind/tongue_0_bind/tongue_1_bind/tongue_2_bind/tongue_3_bind","cat":"step","ph":"X","ts":119209,"dur":1,"pid":1,"tid":3},
{"name":"ComposeSubtree /Biped/Rig/Joints/hips_bind/spine_0_bind/spine_1_bind/spine_2_bind/spine_3_bind/spine_4_bind/spine_5_bind/chest_bind/neck_base_bind/neck_0_bind/neck_1_bind/neck_2_bind/neck_3_bind/skull_bind/face_upper_bind","cat":"step","ph":"X","ts":119103,"dur":1,"pid":1,"tid":22},
{"name":"ComposeSubtree /Biped/Rig/Joints/hips_bind/spine_0_bind/spine_1_bind/spine_2_bind/spine_3_bind/spine_4_bind/spine_5_bind/chest_bind/neck_base_bind/neck_0_bind/neck_1_bind/neck_2_bind/neck_3_bind/skull_bind/face_upper_bind/eyeSocket_l_bind","cat":"step","ph":"X","ts":119118,"dur":1,"pid":1,"tid":12},
{"name":"ComposeSubtree /Biped/Rig/Joints/hips_bind/spine_0_bind/spine_1_bind/spine_2_bind/spine_3_bind/spine_4_bind/spine_5_bind/chest_bind/neck_base_bind/neck_0_bind/neck_1_bind/neck_2_bind/neck_3_bind/skull_bind/face_upper_bind/head_tip_bind","cat":"step","ph":"X","ts":119119,"dur":1,"pid":1,"tid":12},
{"name":"ComposeSubtree /Biped/Rig/Joints/hips_bind/spine_0_bind/spine_1_bind/spine_2_bind/spine_3_bind/spine_4_bind/spine_5_bind/chest_bind/neck_base_bind/neck_0_bind/neck_1_bind/neck_2_bind/neck_3_bind/skull_bind/face_upper_bind/head_tip_bind/brow_peak_r_bind","cat":"step","ph":"X","ts":119153,"dur":1,"pid":1,"tid":11},
{"name":"ComposeSubtree /Biped/Rig/Joints/neck_ik_neck_0_bind/neck_ik_neck_1_bind","cat":"step","ph":"X","ts":119162,"dur":1,"pid":1,"tid":22},
{"name":"ComposeSubtree /Biped/Rig/Joints/neck_ik_neck_0_bind/neck_ik_neck_1_bind/neck_ik_neck_2_bind/neck_ik_neck_3_bind","cat":"step","ph":"X","ts":119210,"dur":1,"pid":1,"tid":3},
{"name":"ComposeSubtree /Biped/Rig/Joints/pupilCenter_l_pivot","cat":"step","ph":"X","ts":119003,"dur":1,"pid":1,"tid":0},
{"name":"ComposeSubtree /Biped/Rig/Joints/spine_ik_spine_0_bind/spine_ik_spine_1_bind/spine_ik_spine_2_bind/spine_ik_spine_3_bind/spine_ik_spine_4_bind/spine_ik_spine_5_bind","cat":"step","ph":"X","ts":119041,"dur":1,"pid":1,"tid":17},
{"name":"Solve /Biped/Rig/Solvers/arm_l_fkChain","cat":"step","ph":"X","ts":119071,"dur":2,"pid":1,"tid":6},
{"name":"Solve /Biped/Rig/Solvers/arm_l_twoBoneIk","cat":"step","ph":"X","ts":119061,"dur":1,"pid":1,"tid":0},
{"name":"Solve /Biped/Rig/Solvers/arm_r_twoBoneIk","cat":"step","ph":"X","ts":119051,"dur":1,"pid":1,"tid":17},
{"name":"Solve /Biped/Rig/Solvers/leg_l_fkChain","cat":"step","ph":"X","ts":119052,"dur":1,"pid":1,"tid":17},
{"name":"Solve /Biped/Rig/Solvers/leg_r_fkChain","cat":"step","ph":"X","ts":119062,"dur":1,"pid":1,"tid":0},
{"name":"Solve /Biped/Rig/Solvers/neck_splineIk","cat":"step","ph":"X","ts":119063,"dur":7,"pid":1,"tid":0},
{"name":"Solve /Biped/Rig/Solvers/spine_splineIk","cat":"step","ph":"X","ts":119042,"dur":9,"pid":1,"tid":17},
{"name":"SolverCommit batch 7","cat":"step","ph":"X","ts":119053,"dur":1,"pid":1,"tid":17},
{"name":"Solve /Biped/Rig/Solvers/arm_r_ikfk","cat":"step","ph":"X","ts":119088,"dur":1,"pid":1,"tid":24},
{"name":"SolverCommit batch 8","cat":"step","ph":"X","ts":119104,"dur":2,"pid":1,"tid":22},
{"name":"SolverCommit batch 9","cat":"step","ph":"X","ts":119080,"dur":1,"pid":1,"tid":6},
{"name":"Constraint /Biped/Rig/Movers/spine_mid_follow/spine_mid_follow_pos","cat":"step","ph":"X","ts":119029,"dur":4,"pid":1,"tid":0},
{"name":"Solve /Biped/Rig/Solvers/fk_thumb_r","cat":"step","ph":"X","ts":119120,"dur":2,"pid":1,"tid":12},
{"name":"SolverCommit batch 11","cat":"step","ph":"X","ts":119163,"dur":30,"pid":1,"tid":22},
{"name":"Solve /Biped/Rig/Solvers/fk_ring_r","cat":"step","ph":"X","ts":119113,"dur":3,"pid":1,"tid":25},
{"name":"SolverCommit batch 12","cat":"step","ph":"X","ts":119193,"dur":1,"pid":1,"tid":22},
{"name":"Solve /Biped/Rig/Solvers/fk_pinky_r","cat":"step","ph":"X","ts":119116,"dur":1,"pid":1,"tid":25},
{"name":"SolverCommit batch 13","cat":"step","ph":"X","ts":119211,"dur":2,"pid":1,"tid":3},
{"name":"Solve /Biped/Rig/Solvers/fk_middle_r","cat":"step","ph":"X","ts":119117,"dur":2,"pid":1,"tid":25},
{"name":"Solve /Biped/Rig/Solvers/fk_index_r","cat":"step","ph":"X","ts":119116,"dur":4,"pid":1,"tid":16},
{"name":"SolverCommit batch 15","cat":"step","ph":"X","ts":119194,"dur":1,"pid":1,"tid":22},
{"name":"Solve /Biped/Rig/Solvers/fk_thumb_l","cat":"step","ph":"X","ts":119106,"dur":3,"pid":1,"tid":22},
{"name":"SolverCommit batch 16","cat":"step","ph":"X","ts":119154,"dur":1,"pid":1,"tid":11},
{"name":"Solve /Biped/Rig/Solvers/fk_ring_l","cat":"step","ph":"X","ts":119109,"dur":1,"pid":1,"tid":22},
{"name":"Solve /Biped/Rig/Solvers/fk_pinky_l","cat":"step","ph":"X","ts":119084,"dur":2,"pid":1,"tid":0},
{"name":"SolverCommit batch 18","cat":"step","ph":"X","ts":119195,"dur":1,"pid":1,"tid":22},
{"name":"Solve /Biped/Rig/Solvers/fk_middle_l","cat":"step","ph":"X","ts":119086,"dur":1,"pid":1,"tid":0},
{"name":"SolverCommit batch 19","cat":"step","ph":"X","ts":119155,"dur":1,"pid":1,"tid":11},
{"name":"Solve /Biped/Rig/Solvers/fk_index_l","cat":"step","ph":"X","ts":119087,"dur":1,"pid":1,"tid":0},
{"name":"Constraint /Biped/Rig/Movers/spine_mid_follow/spine_mid_follow_aim","cat":"step","ph":"X","ts":119054,"dur":3,"pid":1,"tid":17},
{"name":"Constraint /Biped/Rig/Movers/hand_r_follow/thumbCup_r_bind_fk_follow_to_wrist_r_bind","cat":"step","ph":"X","ts":119120,"dur":8,"pid":1,"tid":16},
{"name":"Constraint /Biped/Rig/Movers/hand_r_follow/ring_001_r_bind_fk_follow_to_wrist_r_bind","cat":"step","ph":"X","ts":119128,"dur":3,"pid":1,"tid":16},
{"name":"Constraint /Biped/Rig/Movers/hand_r_follow/pinkyCup_r_bind_fk_follow_to_wrist_r_bind","cat":"step","ph":"X","ts":119115,"dur":4,"pid":1,"tid":11},
{"name":"Constraint /Biped/Rig/Movers/hand_r_follow/middle_001_r_bind_fk_follow_to_wrist_r_bind","cat":"step","ph":"X","ts":119119,"dur":4,"pid":1,"tid":11},
{"name":"Constraint /Biped/Rig/Movers/hand_r_follow/index_001_r_bind_fk_follow_to_wrist_r_bind","cat":"step","ph":"X","ts":119123,"dur":13,"pid":1,"tid":11},
{"name":"Constraint /Biped/Rig/Movers/hand_l_follow/thumbCup_l_bind_fk_follow_to_wrist_l_bind","cat":"step","ph":"X","ts":119086,"dur":9,"pid":1,"tid":11},
{"name":"Constraint /Biped/Rig/Movers/hand_l_follow/ring_001_l_bind_fk_follow_to_wrist_l_bind","cat":"step","ph":"X","ts":119095,"dur":4,"pid":1,"tid":11},
{"name":"Constraint /Biped/Rig/Movers/hand_l_follow/pinkyCup_l_bind_fk_follow_to_wrist_l_bind","cat":"step","ph":"X","ts":119099,"dur":5,"pid":1,"tid":11},
{"name":"Constraint /Biped/Rig/Movers/hand_l_follow/middle_001_l_bind_fk_follow_to_wrist_l_bind","cat":"step","ph":"X","ts":119090,"dur":6,"pid":1,"tid":24},
{"name":"Constraint /Biped/Rig/Movers/hand_l_follow/index_001_l_bind_fk_follow_to_wrist_l_bind","cat":"step","ph":"X","ts":119096,"dur":3,"pid":1,"tid":24},
{"name":"Constraint /Biped/Rig/Movers/bankIn_r_pivot_rc/bankIn_r_pivot_rotation","cat":"step","ph":"X","ts":119099,"dur":3,"pid":1,"tid":24},
{"name":"Constraint /Biped/Rig/Movers/bankOut_r_pivot_rc/bankOut_r_pivot_rotation","cat":"step","ph":"X","ts":119136,"dur":3,"pid":1,"tid":11},
{"name":"Constraint /Biped/Rig/Movers/heel_r_roll_rc/heel_r_roll_rotation","cat":"step","ph":"X","ts":119156,"dur":1,"pid":1,"tid":11},
{"name":"Constraint /Biped/Rig/Movers/toe_r_roll_rc/toe_r_roll_rotation","cat":"step","ph":"X","ts":119196,"dur":4,"pid":1,"tid":22},
{"name":"Constraint /Biped/Rig/Movers/ballRoll_r_up_rc/ballRoll_r_up_rotation","cat":"step","ph":"X","ts":119213,"dur":5,"pid":1,"tid":3},
{"name":"Constraint /Biped/Rig/Movers/ballRoll_r_down_rc/ballRoll_r_down_rotation","cat":"step","ph":"X","ts":119225,"dur":1,"pid":1,"tid":3},
{"name":"Solve /Biped/Rig/Solvers/leg_r_ikfk","cat":"step","ph":"X","ts":119237,"dur":1,"pid":1,"tid":3},
{"name":"SolverCommit batch 39","cat":"step","ph":"X","ts":119246,"dur":5,"pid":1,"tid":3},
{"name":"Constraint /Biped/Rig/Movers/ankle_r_bind_scAim/ankle_r_bind_aim","cat":"step","ph":"X","ts":119261,"dur":6,"pid":1,"tid":16},
{"name":"Constraint /Biped/Rig/Movers/ball_r_bind_scAim/ball_r_bind_aim","cat":"step","ph":"X","ts":119280,"dur":9,"pid":1,"tid":8},
{"name":"Constraint /Biped/Rig/Movers/bankIn_l_pivot_rc/bankIn_l_pivot_rotation","cat":"step","ph":"X","ts":119081,"dur":2,"pid":1,"tid":6},
{"name":"Constraint /Biped/Rig/Movers/bankOut_l_pivot_rc/bankOut_l_pivot_rotation","cat":"step","ph":"X","ts":119102,"dur":1,"pid":1,"tid":24},
{"name":"Constraint /Biped/Rig/Movers/heel_l_roll_rc/heel_l_roll_rotation","cat":"step","ph":"X","ts":119115,"dur":4,"pid":1,"tid":2},
{"name":"Constraint /Biped/Rig/Movers/toe_l_roll_rc/toe_l_roll_rotation","cat":"step","ph":"X","ts":119125,"dur":1,"pid":1,"tid":2},
{"name":"Constraint /Biped/Rig/Movers/ballRoll_l_up_rc/ballRoll_l_up_rotation","cat":"step","ph":"X","ts":119200,"dur":1,"pid":1,"tid":22},
{"name":"Constraint /Biped/Rig/Movers/ballRoll_l_down_rc/ballRoll_l_down_rotation","cat":"step","ph":"X","ts":119218,"dur":1,"pid":1,"tid":3},
{"name":"Solve /Biped/Rig/Solvers/leg_l_twoBoneIk","cat":"step","ph":"X","ts":119226,"dur":1,"pid":1,"tid":3},
{"name":"Solve /Biped/Rig/Solvers/leg_l_ikfk","cat":"step","ph":"X","ts":119234,"dur":1,"pid":1,"tid":3},
{"name":"SolverCommit batch 49","cat":"step","ph":"X","ts":119238,"dur":6,"pid":1,"tid":3},
{"name":"Constraint /Biped/Rig/Movers/ankle_l_bind_scAim/ankle_l_bind_aim","cat":"step","ph":"X","ts":119251,"dur":5,"pid":1,"tid":3},
{"name":"Constraint /Biped/Rig/Movers/ball_l_bind_scAim/ball_l_bind_aim","cat":"step","ph":"X","ts":119267,"dur":4,"pid":1,"tid":16},
{"name":"Constraint /Biped/Rig/Movers/hips_follow/spine_root_ctl_drives_hips_bind","cat":"step","ph":"X","ts":119018,"dur":4,"pid":1,"tid":0},
{"name":"PropagateChunk /Biped/Rig/Movers/hips_follow/spine_root_ctl_drives_hips_bind","cat":"step","ph":"X","ts":119227,"dur":4,"pid":1,"tid":3},
{"name":"PropagateChunk /Biped/Rig/Movers/hips_follow/spine_root_ctl_drives_hips_bind","cat":"step","ph":"X","ts":119201,"dur":1,"pid":1,"tid":22},
{"name":"CommitApply /Biped/Rig/Movers/hips_follow/spine_root_ctl_drives_hips_bind","cat":"step","ph":"X","ts":119235,"dur":1,"pid":1,"tid":3},
{"name":"Constraint /Biped/Rig/Movers/hips_follow/spine_root_ctl_scales_hips_bind","cat":"step","ph":"X","ts":119244,"dur":2,"pid":1,"tid":3},
{"name":"PropagateChunk /Biped/Rig/Movers/hips_follow/spine_root_ctl_scales_hips_bind","cat":"step","ph":"X","ts":119271,"dur":4,"pid":1,"tid":16},
{"name":"PropagateChunk /Biped/Rig/Movers/hips_follow/spine_root_ctl_scales_hips_bind","cat":"step","ph":"X","ts":119275,"dur":1,"pid":1,"tid":16},
{"name":"CommitApply /Biped/Rig/Movers/hips_follow/spine_root_ctl_scales_hips_bind","cat":"step","ph":"X","ts":119289,"dur":1,"pid":1,"tid":8},
{"name":"Constraint /Biped/Rig/Movers/spine_to_bind/spine_ik_spine_0_bind_scale_to_spine_0_bind","cat":"step","ph":"X","ts":119314,"dur":11,"pid":1,"tid":12},
{"name":"Constraint /Biped/Rig/Movers/spine_to_bind/spine_ik_spine_0_bind_to_spine_0_bind","cat":"step","ph":"X","ts":119337,"dur":8,"pid":1,"tid":23},
{"name":"Constraint /Biped/Rig/Movers/spine_to_bind/spine_ik_spine_1_bind_scale_to_spine_1_bind","cat":"step","ph":"X","ts":119350,"dur":6,"pid":1,"tid":7},
{"name":"Constraint /Biped/Rig/Movers/spine_to_bind/spine_ik_spine_1_bind_to_spine_1_bind","cat":"step","ph":"X","ts":119365,"dur":6,"pid":1,"tid":7},
{"name":"Constraint /Biped/Rig/Movers/spine_to_bind/spine_ik_spine_2_bind_scale_to_spine_2_bind","cat":"step","ph":"X","ts":119379,"dur":9,"pid":1,"tid":7},
{"name":"Constraint /Biped/Rig/Movers/spine_to_bind/spine_ik_spine_2_bind_to_spine_2_bind","cat":"step","ph":"X","ts":119394,"dur":6,"pid":1,"tid":7},
{"name":"Constraint /Biped/Rig/Movers/spine_to_bind/spine_ik_spine_3_bind_scale_to_spine_3_bind","cat":"step","ph":"X","ts":119400,"dur":5,"pid":1,"tid":7},
{"name":"Constraint /Biped/Rig/Movers/spine_to_bind/spine_ik_spine_3_bind_to_spine_3_bind","cat":"step","ph":"X","ts":119405,"dur":6,"pid":1,"tid":7},
{"name":"Constraint /Biped/Rig/Movers/spine_to_bind/spine_ik_spine_4_bind_scale_to_spine_4_bind","cat":"step","ph":"X","ts":119411,"dur":5,"pid":1,"tid":7},
{"name":"Constraint /Biped/Rig/Movers/spine_to_bind/spine_ik_spine_4_bind_to_spine_4_bind","cat":"step","ph":"X","ts":119416,"dur":6,"pid":1,"tid":7},
{"name":"Constraint /Biped/Rig/Movers/spine_to_bind/spine_ik_spine_5_bind_scale_to_spine_5_bind","cat":"step","ph":"X","ts":119422,"dur":5,"pid":1,"tid":7},
{"name":"Constraint /Biped/Rig/Movers/spine_to_bind/spine_ik_spine_5_bind_to_spine_5_bind","cat":"step","ph":"X","ts":119427,"dur":6,"pid":1,"tid":7},
{"name":"Constraint /Biped/Rig/Movers/spine_to_bind/spine_ik_chest_bind_scale_to_chest_bind","cat":"step","ph":"X","ts":119434,"dur":3,"pid":1,"tid":7},
{"name":"Constraint /Biped/Rig/Movers/spine_to_bind/spine_ik_chest_bind_to_chest_bind","cat":"step","ph":"X","ts":119438,"dur":5,"pid":1,"tid":7},
{"name":"Constraint /Biped/Rig/Movers/girdles/spine_end_ctl_drives_chest_bind","cat":"step","ph":"X","ts":119443,"dur":4,"pid":1,"tid":7},
{"name":"Constraint /Biped/Rig/Movers/girdles/pelvis_r_ctl_drives_pelvis_r_bind","cat":"step","ph":"X","ts":119325,"dur":2,"pid":1,"tid":12},
{"name":"Constraint /Biped/Rig/Movers/girdles/pelvis_l_ctl_drives_pelvis_l_bind","cat":"step","ph":"X","ts":119327,"dur":2,"pid":1,"tid":12},
{"name":"Constraint /Biped/Rig/Movers/girdles/clavicle_r_ctl_drives_clavicle_r_bind","cat":"step","ph":"X","ts":119448,"dur":1,"pid":1,"tid":7},
{"name":"Constraint /Biped/Rig/Movers/girdles/clavicle_l_ctl_drives_clavicle_l_bind","cat":"step","ph":"X","ts":119449,"dur":1,"pid":1,"tid":7},
{"name":"Constraint /Biped/Rig/Movers/girdles/spine_end_ctl_unsquashes_neck_base_bind","cat":"step","ph":"X","ts":119450,"dur":3,"pid":1,"tid":7},
{"name":"Constraint /Biped/Rig/Movers/girdles/clavicle_r_ctl_unsquashes_clavicle_r_bind","cat":"step","ph":"X","ts":119453,"dur":2,"pid":1,"tid":7},
{"name":"Constraint /Biped/Rig/Movers/girdles/clavicle_l_ctl_unsquashes_clavicle_l_bind","cat":"step","ph":"X","ts":119455,"dur":1,"pid":1,"tid":7},
{"name":"Constraint /Biped/Rig/Movers/neck_to_bind/neck_ik_neck_0_bind_scale_to_neck_0_bind","cat":"step","ph":"X","ts":119456,"dur":3,"pid":1,"tid":7},
{"name":"Constraint /Biped/Rig/Movers/neck_to_bind/neck_ik_neck_0_bind_to_neck_0_bind","cat":"step","ph":"X","ts":119466,"dur":4,"pid":1,"tid":7},
{"name":"Constraint /Biped/Rig/Movers/neck_to_bind/neck_ik_neck_1_bind_scale_to_neck_1_bind","cat":"step","ph":"X","ts":119476,"dur":2,"pid":1,"tid":7},
{"name":"Constraint /Biped/Rig/Movers/neck_to_bind/neck_ik_neck_1_bind_to_neck_1_bind","cat":"step","ph":"X","ts":119482,"dur":4,"pid":1,"tid":7},
{"name":"Constraint /Biped/Rig/Movers/neck_to_bind/neck_ik_neck_2_bind_scale_to_neck_2_bind","cat":"step","ph":"X","ts":119492,"dur":2,"pid":1,"tid":7},
{"name":"Constraint /Biped/Rig/Movers/neck_to_bind/neck_ik_neck_2_bind_to_neck_2_bind","cat":"step","ph":"X","ts":119501,"dur":4,"pid":1,"tid":7},
{"name":"Constraint /Biped/Rig/Movers/neck_to_bind/neck_ik_neck_3_bind_scale_to_neck_3_bind","cat":"step","ph":"X","ts":119505,"dur":4,"pid":1,"tid":7},
{"name":"Constraint /Biped/Rig/Movers/neck_to_bind/neck_ik_neck_3_bind_to_neck_3_bind","cat":"step","ph":"X","ts":119509,"dur":4,"pid":1,"tid":7},
{"name":"Constraint /Biped/Rig/Movers/neck_to_bind/neck_ik_skull_bind_scale_to_skull_bind","cat":"step","ph":"X","ts":119513,"dur":3,"pid":1,"tid":7},
{"name":"Constraint /Biped/Rig/Movers/neck_to_bind/neck_ik_skull_bind_to_skull_bind","cat":"step","ph":"X","ts":119517,"dur":4,"pid":1,"tid":7},
{"name":"Constraint /Biped/Rig/Movers/twist_aims/wristTwist_r_bind_copy","cat":"step","ph":"X","ts":119119,"dur":3,"pid":1,"tid":2},
{"name":"Constraint /Biped/Rig/Movers/twist_aims/wristTwist_r_bind_aim","cat":"step","ph":"X","ts":119126,"dur":2,"pid":1,"tid":2},
{"name":"Constraint /Biped/Rig/Movers/twist_aims/wristTwist_l_bind_copy","cat":"step","ph":"X","ts":119084,"dur":3,"pid":1,"tid":6},
{"name":"Constraint /Biped/Rig/Movers/twist_aims/wristTwist_l_bind_aim","cat":"step","ph":"X","ts":119122,"dur":3,"pid":1,"tid":2},
{"name":"Constraint /Biped/Rig/Movers/twist_aims/ankleTwist_r_bind_copy","cat":"step","ph":"X","ts":119290,"dur":4,"pid":1,"tid":8},
{"name":"Constraint /Biped/Rig/Movers/twist_aims/ankleTwist_r_bind_aim","cat":"step","ph":"X","ts":119329,"dur":4,"pid":1,"tid":12},
{"name":"Constraint /Biped/Rig/Movers/twist_aims/ankleTwist_l_bind_copy","cat":"step","ph":"X","ts":119276,"dur":2,"pid":1,"tid":16},
{"name":"Constraint /Biped/Rig/Movers/twist_aims/ankleTwist_l_bind_aim","cat":"step","ph":"X","ts":119294,"dur":4,"pid":1,"tid":8},
{"name":"Constraint /Biped/Rig/Movers/twist_aims/ankleTwist_r_bind_follows_ankle_r_bind","cat":"step","ph":"X","ts":119345,"dur":2,"pid":1,"tid":23},
{"name":"Constraint /Biped/Rig/Movers/twist_aims/ankleTwist_l_bind_follows_ankle_l_bind","cat":"step","ph":"X","ts":119318,"dur":2,"pid":1,"tid":8},
{"name":"Constraint /Biped/Rig/Movers/twist_aims/wristTwist_r_bind_follows_wrist_r_bind","cat":"step","ph":"X","ts":119202,"dur":1,"pid":1,"tid":22},
{"name":"Constraint /Biped/Rig/Movers/twist_aims/wristTwist_l_bind_follows_wrist_l_bind","cat":"step","ph":"X","ts":119143,"dur":1,"pid":1,"tid":11},
{"name":"Constraint /Biped/Rig/Movers/twist_aims/thighNoTwist_r_bind_follows_thigh_r_bind","cat":"step","ph":"X","ts":119347,"dur":1,"pid":1,"tid":23},
{"name":"Constraint /Biped/Rig/Movers/twist_aims/thighNoTwist_l_bind_follows_thigh_l_bind","cat":"step","ph":"X","ts":119338,"dur":5,"pid":1,"tid":21},
{"name":"Constraint /Biped/Rig/Movers/twist_aims/pelvis_trans_r_bind_follows_thigh_r_bind","cat":"step","ph":"X","ts":119344,"dur":1,"pid":1,"tid":21},
{"name":"Constraint /Biped/Rig/Movers/twist_aims/pelvis_trans_l_bind_follows_thigh_l_bind","cat":"step","ph":"X","ts":119345,"dur":1,"pid":1,"tid":21},
{"name":"Constraint /Biped/Rig/Movers/twist_aims/clavicle_trans_r_bind_follows_shoulder_r_bind","cat":"step","ph":"X","ts":119463,"dur":1,"pid":1,"tid":7},
{"name":"Constraint /Biped/Rig/Movers/twist_aims/clavicle_trans_l_bind_follows_shoulder_l_bind","cat":"step","ph":"X","ts":119464,"dur":1,"pid":1,"tid":7},
{"name":"Constraint /Biped/Rig/Movers/twist_aims/pelvis_trans_r_bind_aim","cat":"step","ph":"X","ts":119356,"dur":4,"pid":1,"tid":7},
{"name":"Constraint /Biped/Rig/Movers/twist_aims/pelvis_trans_l_bind_aim","cat":"step","ph":"X","ts":119360,"dur":2,"pid":1,"tid":7},
{"name":"Constraint /Biped/Rig/Movers/twist_aims/kneeTwist_r_bind_aim","cat":"step","ph":"X","ts":119260,"dur":3,"pid":1,"tid":3},
{"name":"Constraint /Biped/Rig/Movers/twist_aims/kneeTwist_l_bind_aim","cat":"step","ph":"X","ts":119256,"dur":3,"pid":1,"tid":3},
{"name":"Constraint /Biped/Rig/Movers/twist_aims/thighNoTwist_r_bind_aim","cat":"step","ph":"X","ts":119362,"dur":2,"pid":1,"tid":7},
{"name":"Constraint /Biped/Rig/Movers/twist_aims/thighNoTwist_l_bind_aim","cat":"step","ph":"X","ts":119348,"dur":3,"pid":1,"tid":23},
{"name":"Constraint /Biped/Rig/Movers/twist_aims/clavicle_trans_r_bind_aim","cat":"step","ph":"X","ts":119478,"dur":2,"pid":1,"tid":7},
{"name":"Constraint /Biped/Rig/Movers/twist_aims/clavicle_trans_l_bind_aim","cat":"step","ph":"X","ts":119480,"dur":2,"pid":1,"tid":7},
{"name":"Constraint /Biped/Rig/Movers/twist_aims/elbowTwist_r_bind_aim","cat":"step","ph":"X","ts":119112,"dur":6,"pid":1,"tid":22},
{"name":"Constraint /Biped/Rig/Movers/twist_aims/elbowTwist_l_bind_aim","cat":"step","ph":"X","ts":119087,"dur":3,"pid":1,"tid":6},
{"name":"Constraint /Biped/Rig/Movers/twist_aims/shoulderNoTwist_r_bind_aim","cat":"step","ph":"X","ts":119471,"dur":2,"pid":1,"tid":7},
{"name":"Constraint /Biped/Rig/Movers/twist_aims/shoulderNoTwist_l_bind_aim","cat":"step","ph":"X","ts":119473,"dur":2,"pid":1,"tid":7},
{"name":"Constraint /Biped/Rig/Movers/pose_drivers/thigh_r_driver_copies_thigh_r_bind","cat":"step","ph":"X","ts":119371,"dur":4,"pid":1,"tid":7},
{"name":"Constraint /Biped/Rig/Movers/pose_drivers/thigh_l_driver_copies_thigh_l_bind","cat":"step","ph":"X","ts":119375,"dur":3,"pid":1,"tid":7},
{"name":"Constraint /Biped/Rig/Movers/pose_drivers/thigh_r_twist_driver_copies_thighNoTwist_r_bind","cat":"step","ph":"X","ts":119388,"dur":2,"pid":1,"tid":7},
{"name":"Constraint /Biped/Rig/Movers/pose_drivers/thigh_l_twist_driver_copies_thighNoTwist_l_bind","cat":"step","ph":"X","ts":119390,"dur":3,"pid":1,"tid":7},
{"name":"Constraint /Biped/Rig/Movers/pose_drivers/ankleTwist_r_driver_copies_ankleTwist_r_bind","cat":"step","ph":"X","ts":119351,"dur":3,"pid":1,"tid":23},
{"name":"Constraint /Biped/Rig/Movers/pose_drivers/ankleTwist_l_driver_copies_ankleTwist_l_bind","cat":"step","ph":"X","ts":119334,"dur":5,"pid":1,"tid":12},
{"name":"Constraint /Biped/Rig/Movers/pose_drivers/toe_r_driver_copies_ball_r_bind","cat":"step","ph":"X","ts":119320,"dur":3,"pid":1,"tid":8},
{"name":"Constraint /Biped/Rig/Movers/pose_drivers/toe_l_driver_copies_ball_l_bind","cat":"step","ph":"X","ts":119298,"dur":4,"pid":1,"tid":8},
{"name":"Constraint /Biped/Rig/Movers/pose_drivers/knee_r_driver_copies_knee_r_bind","cat":"step","ph":"X","ts":119279,"dur":3,"pid":1,"tid":16},
{"name":"Constraint /Biped/Rig/Movers/pose_drivers/knee_l_driver_copies_knee_l_bind","cat":"step","ph":"X","ts":119263,"dur":2,"pid":1,"tid":3},
{"name":"Constraint /Biped/Rig/Movers/pose_drivers/ankleSwing_r_driver_copies_ankle_r_bind","cat":"step","ph":"X","ts":119354,"dur":3,"pid":1,"tid":23},
{"name":"Constraint /Biped/Rig/Movers/pose_drivers/ankleSwing_l_driver_copies_ankle_l_bind","cat":"step","ph":"X","ts":119339,"dur":3,"pid":1,"tid":12},
{"name":"Constraint /Biped/Rig/Movers/pose_drivers/shoulder_r_driver_copies_shoulder_r_bind","cat":"step","ph":"X","ts":119486,"dur":3,"pid":1,"tid":7},
{"name":"Constraint /Biped/Rig/Movers/pose_drivers/shoulder_l_driver_copies_shoulder_l_bind","cat":"step","ph":"X","ts":119489,"dur":2,"pid":1,"tid":7},
{"name":"Constraint /Biped/Rig/Movers/pose_drivers/wristTwist_r_driver_copies_wristTwist_r_bind","cat":"step","ph":"X","ts":119219,"dur":5,"pid":1,"tid":3},
{"name":"Constraint /Biped/Rig/Movers/pose_drivers/wristTwist_l_driver_copies_wristTwist_l_bind","cat":"step","ph":"X","ts":119158,"dur":2,"pid":1,"tid":11},
{"name":"Constraint /Biped/Rig/Movers/pose_drivers/shoulder_r_twist_driver_copies_shoulderNoTwist_r_bind","cat":"step","ph":"X","ts":119494,"dur":3,"pid":1,"tid":7},
{"name":"Constraint /Biped/Rig/Movers/pose_drivers/shoulder_l_twist_driver_copies_shoulderNoTwist_l_bind","cat":"step","ph":"X","ts":119497,"dur":3,"pid":1,"tid":7},
{"name":"Constraint /Biped/Rig/Movers/pose_drivers/wristSwing_r_driver_copies_wrist_r_bind","cat":"step","ph":"X","ts":119204,"dur":4,"pid":1,"tid":22},
{"name":"Constraint /Biped/Rig/Movers/pose_drivers/wristSwing_l_driver_copies_wrist_l_bind","cat":"step","ph":"X","ts":119160,"dur":2,"pid":1,"tid":11},
{"name":"Constraint /Biped/Rig/Movers/pose_drivers/elbow_r_driver_copies_elbow_r_bind","cat":"step","ph":"X","ts":119144,"dur":4,"pid":1,"tid":11},
{"name":"Constraint /Biped/Rig/Movers/pose_drivers/elbow_l_driver_copies_elbow_l_bind","cat":"step","ph":"X","ts":119118,"dur":4,"pid":1,"tid":22},
{"name":"Constraint /Biped/Rig/Movers/param_follow/leg_r_params_to_ankle_r_bind","cat":"step","ph":"X","ts":119282,"dur":3,"pid":1,"tid":16},
{"name":"Constraint /Biped/Rig/Movers/param_follow/leg_l_params_to_ankle_l_bind","cat":"step","ph":"X","ts":119265,"dur":3,"pid":1,"tid":3},
{"name":"Constraint /Biped/Rig/Movers/param_follow/arm_r_params_to_wrist_r_bind","cat":"step","ph":"X","ts":119122,"dur":13,"pid":1,"tid":22},
{"name":"Constraint /Biped/Rig/Movers/param_follow/arm_l_params_to_wrist_l_bind","cat":"step","ph":"X","ts":119090,"dur":3,"pid":1,"tid":6},
{"name":"ProviderMatrix /Biped/Rig/Controls/leg_l_ik/ankle_l_pivot final","cat":"step","ph":"X","ts":119009,"dur":1,"pid":1,"tid":0},
{"name":"ProviderMatrix /Biped/Rig/Controls/leg_l_ik/ankle_l_pivot/bankIn_l_pivot/bankOut_l_pivot/heel_l_roll/heel_l/ball_l_pivot/toe_l_roll/toe_l/ballRoll_l_up final","cat":"step","ph":"X","ts":119208,"dur":1,"pid":1,"tid":22},
{"name":"ProviderMatrix /Biped/Rig/Controls/leg_l_ik/ankle_l_pivot/bankIn_l_pivot/bankOut_l_pivot/heel_l_roll/heel_l/ball_l_pivot/toe_l_roll/toe_l/ballRoll_l_up/ballRoll_l_down final","cat":"step","ph":"X","ts":119231,"dur":1,"pid":1,"tid":3},
{"name":"ProviderMatrix /Biped/Rig/Joints/hips_bind final","cat":"step","ph":"X","ts":119323,"dur":1,"pid":1,"tid":8},
{"name":"ProviderMatrix /Biped/Rig/Joints/hips_bind/pelvis_l_bind final","cat":"step","ph":"X","ts":119342,"dur":1,"pid":1,"tid":12},
{"name":"ProviderMatrix /Biped/Rig/Joints/hips_bind/pelvis_l_bind/thigh_l_bind/knee_l_bind/ankleTwist_l_driver final","cat":"step","ph":"X","ts":119357,"dur":1,"pid":1,"tid":23},
{"name":"ProviderMatrix /Biped/Rig/Joints/hips_bind/pelvis_l_bind/thigh_l_bind/knee_l_bind/ankle_l_bind/ball_l_bind/toe1_001_l_bind final","cat":"step","ph":"X","ts":119285,"dur":1,"pid":1,"tid":16},
{"name":"ProviderMatrix /Biped/Rig/Joints/hips_bind/pelvis_l_bind/thigh_l_bind/knee_l_bind/ankle_l_bind/ball_l_bind/toe2_001_l_bind/toe2_002_l_bind/toe2_003_l_bind/toe2_004_l_bind final","cat":"step","ph":"X","ts":119286,"dur":1,"pid":1,"tid":16},
{"name":"ProviderMatrix /Biped/Rig/Joints/hips_bind/pelvis_l_bind/thigh_l_bind/knee_l_bind/ankle_l_bind/ball_l_bind/toe4_001_l_bind/toe4_002_l_bind/toe4_003_l_bind/toe4_004_l_bind final","cat":"step","ph":"X","ts":119287,"dur":1,"pid":1,"tid":16},
{"name":"ProviderMatrix /Biped/Rig/Joints/hips_bind/pelvis_r_bind/thighNoTwist_r_bind final","cat":"step","ph":"X","ts":119378,"dur":1,"pid":1,"tid":7},
{"name":"ProviderMatrix /Biped/Rig/Joints/hips_bind/pelvis_r_bind/thigh_r_bind/knee_r_bind/ankle_r_bind/ball_r_bind/toe1_001_r_bind final","cat":"step","ph":"X","ts":119324,"dur":1,"pid":1,"tid":8},
{"name":"ProviderMatrix /Biped/Rig/Joints/hips_bind/pelvis_r_bind/thigh_r_bind/knee_r_bind/ankle_r_bind/ball_r_bind/toe2_001_r_bind final","cat":"step","ph":"X","ts":119325,"dur":1,"pid":1,"tid":8},
{"name":"ProviderMatrix /Biped/Rig/Joints/hips_bind/pelvis_r_bind/thigh_r_bind/knee_r_bind/ankle_r_bind/ball_r_bind/toe5_001_r_bind/toe5_002_r_bind/toe5_003_r_bind final","cat":"step","ph":"X","ts":119328,"dur":1,"pid":1,"tid":8},
{"name":"ProviderMatrix /Biped/Rig/Joints/hips_bind/pelvis_r_bind/thigh_r_bind/knee_r_bind/ankle_r_bind/toe_r_driver final","cat":"step","ph":"X","ts":119344,"dur":1,"pid":1,"tid":12},
{"name":"ProviderMatrix /Biped/Rig/Joints/hips_bind/spine_0_bind/spine_1_bind/spine_2_bind/spine_3_bind/spine_4_bind/spine_5_bind final","cat":"step","ph":"X","ts":119437,"dur":1,"pid":1,"tid":7},
{"name":"ProviderMatrix /Biped/Rig/Joints/hips_bind/spine_0_bind/spine_1_bind/spine_2_bind/spine_3_bind/spine_4_bind/spine_5_bind/chest_bind/clavicle_l_bind/shoulder_l_bind/elbow_l_bind/elbowTwist_l_bind/elbow_l_driver final","cat":"step","ph":"X","ts":119148,"dur":1,"pid":1,"tid":11},
{"name":"ProviderMatrix /Biped/Rig/Joints/hips_bind/spine_0_bind/spine_1_bind/spine_2_bind/spine_3_bind/spine_4_bind/spine_5_bind/chest_bind/clavicle_l_bind/shoulder_l_bind/elbow_l_bind/wristTwist_l_bind final","cat":"step","ph":"X","ts":119162,"dur":1,"pid":1,"tid":11},
{"name":"ProviderMatrix /Biped/Rig/Joints/hips_bind/spine_0_bind/spine_1_bind/spine_2_bind/spine_3_bind/spine_4_bind/spine_5_bind/chest_bind/clavicle_l_bind/shoulder_l_bind/elbow_l_bind/wrist_l_bind/index_001_l_bind/index_002_l_bind/index_003_l_bind/index_004_l_bind/index_005_l_bind final","cat":"step","ph":"X","ts":119163,"dur":29,"pid":1,"tid":11},
{"name":"ProviderMatrix /Biped/Rig/Joints/hips_bind/spine_0_bind/spine_1_bind/spine_2_bind/spine_3_bind/spine_4_bind/spine_5_bind/chest_bind/clavicle_l_bind/shoulder_l_bind/elbow_l_bind/wrist_l_bind/middle_001_l_bind/middle_002_combo_l_driver final","cat":"step","ph":"X","ts":119192,"dur":1,"pid":1,"tid":11},
{"name":"ProviderMatrix /Biped/Rig/Joints/hips_bind/spine_0_bind/spine_1_bind/spine_2_bind/spine_3_bind/spine_4_bind/spine_5_bind/chest_bind/clavicle_l_bind/shoulder_l_bind/elbow_l_bind/wrist_l_bind/pinkyCup_l_bind/pinky_001_l_bind final","cat":"step","ph":"X","ts":119209,"dur":1,"pid":1,"tid":22},
{"name":"ProviderMatrix /Biped/Rig/Joints/hips_bind/spine_0_bind/spine_1_bind/spine_2_bind/spine_3_bind/spine_4_bind/spine_5_bind/chest_bind/clavicle_l_bind/shoulder_l_bind/elbow_l_bind/wrist_l_bind/ring_001_l_bind/ring_002_l_bind/ring_003_l_bind/ring_004_l_bind final","cat":"step","ph":"X","ts":119193,"dur":1,"pid":1,"tid":11},
{"name":"ProviderMatrix /Biped/Rig/Joints/hips_bind/spine_0_bind/spine_1_bind/spine_2_bind/spine_3_bind/spine_4_bind/spine_5_bind/chest_bind/clavicle_r_bind/shoulder_combo_r_driver final","cat":"step","ph":"X","ts":119465,"dur":1,"pid":1,"tid":7},
{"name":"ProviderMatrix /Biped/Rig/Joints/hips_bind/spine_0_bind/spine_1_bind/spine_2_bind/spine_3_bind/spine_4_bind/spine_5_bind/chest_bind/clavicle_r_bind/shoulder_r_bind/elbow_r_bind/wristTwist_r_bind final","cat":"step","ph":"X","ts":119210,"dur":1,"pid":1,"tid":22},
{"name":"ProviderMatrix /Biped/Rig/Joints/hips_bind/spine_0_bind/spine_1_bind/spine_2_bind/spine_3_bind/spine_4_bind/spine_5_bind/chest_bind/clavicle_r_bind/shoulder_r_bind/elbow_r_bind/wrist_r_bind/index_001_r_bind/index_002_r_bind/index_003_r_bind/index_004_r_bind/index_005_r_bind final","cat":"step","ph":"X","ts":119211,"dur":1,"pid":1,"tid":22},
{"name":"ProviderMatrix /Biped/Rig/Joints/hips_bind/spine_0_bind/spine_1_bind/spine_2_bind/spine_3_bind/spine_4_bind/spine_5_bind/chest_bind/clavicle_r_bind/shoulder_r_bind/elbow_r_bind/wrist_r_bind/pinkyCup_r_bind final","cat":"step","ph":"X","ts":119232,"dur":1,"pid":1,"tid":3},
{"name":"ProviderMatrix /Biped/Rig/Joints/hips_bind/spine_0_bind/spine_1_bind/spine_2_bind/spine_3_bind/spine_4_bind/spine_5_bind/chest_bind/clavicle_r_bind/shoulder_r_bind/elbow_r_bind/wrist_r_bind/ring_001_r_bind final","cat":"step","ph":"X","ts":119212,"dur":1,"pid":1,"tid":22},
{"name":"ProviderMatrix /Biped/Rig/Joints/hips_bind/spine_0_bind/spine_1_bind/spine_2_bind/spine_3_bind/spine_4_bind/spine_5_bind/chest_bind/clavicle_r_bind/shoulder_r_bind/elbow_r_bind/wrist_r_bind/thumbCup_r_bind/thumb_001_r_bind final","cat":"step","ph":"X","ts":119213,"dur":1,"pid":1,"tid":22},
{"name":"ProviderMatrix /Biped/Rig/Joints/hips_bind/spine_0_bind/spine_1_bind/spine_2_bind/spine_3_bind/spine_4_bind/spine_5_bind/chest_bind/neck_base_bind/neck_0_bind/neck_1_bind final","cat":"step","ph":"X","ts":119500,"dur":1,"pid":1,"tid":7},
{"name":"ProviderMatrix /Biped/Rig/Joints/hips_bind/spine_0_bind/spine_1_bind/spine_2_bind/spine_3_bind/spine_4_bind/spine_5_bind/chest_bind/neck_base_bind/neck_0_bind/neck_1_bind/neck_2_bind/neck_3_bind final","cat":"step","ph":"X","ts":119516,"dur":1,"pid":1,"tid":7},
{"name":"ProviderMatrix /Biped/Rig/Joints/hips_bind/spine_0_bind/spine_1_bind/spine_2_bind/spine_3_bind/spine_4_bind/spine_5_bind/chest_bind/neck_base_bind/neck_0_bind/neck_1_bind/neck_2_bind/neck_3_bind/skull_bind/face_lower_bind/face_mid_bind/nose_bridge_bind final","cat":"step","ph":"X","ts":119521,"dur":1,"pid":1,"tid":7},
{"name":"ProviderMatrix /Biped/Rig/Joints/hips_bind/spine_0_bind/spine_1_bind/spine_2_bind/spine_3_bind/spine_4_bind/spine_5_bind/chest_bind/neck_base_bind/neck_0_bind/neck_1_bind/neck_2_bind/neck_3_bind/skull_bind/face_lower_bind/jaw_bind/tongue_0_bind/tongue_1_bind/tongue_2_bind final","cat":"step","ph":"X","ts":119522,"dur":1,"pid":1,"tid":7},
{"name":"ProviderMatrix /Biped/Rig/Joints/neck_ik_neck_0_bind/neck_ik_neck_1_bind/neck_ik_neck_2_bind final","cat":"step","ph":"X","ts":119236,"dur":1,"pid":1,"tid":3},
{"name":"ProviderMatrix /Biped/Rig/Joints/spine_ik_spine_0_bind/spine_ik_spine_1_bind/spine_ik_spine_2_bind/spine_ik_spine_3_bind final","cat":"step","ph":"X","ts":119070,"dur":1,"pid":1,"tid":0},
{"name":"InfluenceFold /Biped/Rig/Movers/skin_body_geo/body_geo_skin","cat":"step","ph":"X","ts":119525,"dur":28,"pid":1,"tid":7},
{"name":"RevisionChunk /Biped/Rig/Movers/skin_body_geo/body_geo_skin","cat":"step","ph":"X","ts":119553,"dur":534,"pid":1,"tid":7},
{"name":"RevisionFuse /Biped/Rig/Movers/skin_body_geo/body_geo_skin","cat":"step","ph":"X","ts":120087,"dur":2,"pid":1,"tid":7},
{"name":"ChainStatus /Biped/Geom/body_geo.points","cat":"step","ph":"X","ts":120089,"dur":13,"pid":1,"tid":7},
{"name":"Derived /Biped/Geom/body_geo.extent","cat":"step","ph":"X","ts":120102,"dur":365,"pid":1,"tid":7},
{"name":"cluster 0","cat":"cluster","ph":"X","ts":118996,"dur":8,"pid":1,"tid":0,"args":{"level":"1","steps":"21","waitUs":"2"}},
{"name":"cluster 1","cat":"cluster","ph":"X","ts":119004,"dur":6,"pid":1,"tid":0,"args":{"level":"2","steps":"30","waitUs":"0"}},
{"name":"cluster 2","cat":"cluster","ph":"X","ts":119023,"dur":6,"pid":1,"tid":0,"args":{"level":"3","steps":"20","waitUs":"13"}},
{"name":"cluster 3","cat":"cluster","ph":"X","ts":119034,"dur":17,"pid":1,"tid":17,"args":{"level":"4","steps":"17","waitUs":"5"}},
{"name":"cluster 4","cat":"cluster","ph":"X","ts":119055,"dur":7,"pid":1,"tid":0,"args":{"level":"5","steps":"17","waitUs":"4"}},
{"name":"cluster 5","cat":"cluster","ph":"X","ts":119063,"dur":10,"pid":1,"tid":6,"args":{"level":"6","steps":"23","waitUs":"1"}},
{"name":"cluster 6","cat":"cluster","ph":"X","ts":119075,"dur":5,"pid":1,"tid":6,"args":{"level":"7","steps":"15","waitUs":"2"}},
{"name":"cluster 7","cat":"cluster","ph":"X","ts":119082,"dur":7,"pid":1,"tid":24,"args":{"level":"8","steps":"13","waitUs":"2"}},
{"name":"cluster 8","cat":"cluster","ph":"X","ts":119016,"dur":6,"pid":1,"tid":0,"args":{"level":"3","steps":"15","waitUs":"5"}},
{"name":"cluster 9","cat":"cluster","ph":"X","ts":119096,"dur":14,"pid":1,"tid":22,"args":{"level":"9","steps":"15","waitUs":"7"}},
{"name":"cluster 10","cat":"cluster","ph":"X","ts":119112,"dur":10,"pid":1,"tid":12,"args":{"level":"10","steps":"17","waitUs":"2"}},
{"name":"cluster 11","cat":"cluster","ph":"X","ts":119149,"dur":8,"pid":1,"tid":11,"args":{"level":"11","steps":"16","waitUs":"10"}},
{"name":"cluster 12","cat":"cluster","ph":"X","ts":119073,"dur":2,"pid":1,"tid":6,"args":{"level":"7","steps":"6","waitUs":"0"}},
{"name":"cluster 13","cat":"cluster","ph":"X","ts":119161,"dur":42,"pid":1,"tid":22,"args":{"level":"12","steps":"12","waitUs":"4"}},
{"name":"cluster 14","cat":"cluster","ph":"X","ts":119208,"dur":16,"pid":1,"tid":3,"args":{"level":"13","steps":"6","waitUs":"5"}},
{"name":"cluster 16","cat":"cluster","ph":"X","ts":119062,"dur":9,"pid":1,"tid":0,"args":{"level":"6","steps":"12","waitUs":"0"}},
{"name":"cluster 17","cat":"cluster","ph":"X","ts":119051,"dur":7,"pid":1,"tid":17,"args":{"level":"5","steps":"8","waitUs":"0"}},
{"name":"cluster 18","cat":"cluster","ph":"X","ts":119224,"dur":9,"pid":1,"tid":3,"args":{"level":"14","steps":"15","waitUs":"0"}},
{"name":"cluster 19","cat":"cluster","ph":"X","ts":119080,"dur":3,"pid":1,"tid":6,"args":{"level":"8","steps":"2","waitUs":"0"}},
{"name":"cluster 20","cat":"cluster","ph":"X","ts":119029,"dur":5,"pid":1,"tid":0,"args":{"level":"4","steps":"6","waitUs":"0"}},
{"name":"cluster 21","cat":"cluster","ph":"X","ts":119112,"dur":7,"pid":1,"tid":25,"args":{"level":"10","steps":"3","waitUs":"1"}},
{"name":"cluster 22","cat":"cluster","ph":"X","ts":119115,"dur":16,"pid":1,"tid":16,"args":{"level":"10","steps":"3","waitUs":"4"}},
{"name":"cluster 23","cat":"cluster","ph":"X","ts":119084,"dur":4,"pid":1,"tid":0,"args":{"level":"9","steps":"3","waitUs":"0"}},
{"name":"cluster 24","cat":"cluster","ph":"X","ts":119115,"dur":24,"pid":1,"tid":11,"args":{"level":"10","steps":"4","waitUs":"4"}},
{"name":"cluster 25","cat":"cluster","ph":"X","ts":119086,"dur":18,"pid":1,"tid":11,"args":{"level":"9","steps":"3","waitUs":"2"}},
{"name":"cluster 26","cat":"cluster","ph":"X","ts":119090,"dur":13,"pid":1,"tid":24,"args":{"level":"9","steps":"4","waitUs":"1"}},
{"name":"cluster 27","cat":"cluster","ph":"X","ts":119234,"dur":3,"pid":1,"tid":3,"args":{"level":"15","steps":"10","waitUs":"0"}},
{"name":"cluster 28","cat":"cluster","ph":"X","ts":119237,"dur":9,"pid":1,"tid":3,"args":{"level":"16","steps":"4","waitUs":"0"}},
{"name":"cluster 29","cat":"cluster","ph":"X","ts":119246,"dur":14,"pid":1,"tid":3,"args":{"level":"17","steps":"6","waitUs":"0"}},
{"name":"cluster 30","cat":"cluster","ph":"X","ts":119261,"dur":17,"pid":1,"tid":16,"args":{"level":"18","steps":"5","waitUs":"1"}},
{"name":"cluster 31","cat":"cluster","ph":"X","ts":119280,"dur":22,"pid":1,"tid":8,"args":{"level":"19","steps":"5","waitUs":"1"}},
{"name":"cluster 32","cat":"cluster","ph":"X","ts":119115,"dur":10,"pid":1,"tid":2,"args":{"level":"10","steps":"3","waitUs":"4"}},
{"name":"cluster 33","cat":"cluster","ph":"X","ts":119125,"dur":3,"pid":1,"tid":2,"args":{"level":"11","steps":"2","waitUs":"0"}},
{"name":"cluster 34","cat":"cluster","ph":"X","ts":119314,"dur":19,"pid":1,"tid":12,"args":{"level":"20","steps":"4","waitUs":"12"}},
{"name":"cluster 35","cat":"cluster","ph":"X","ts":119337,"dur":11,"pid":1,"tid":23,"args":{"level":"21","steps":"3","waitUs":"4"}},
{"name":"cluster 36","cat":"cluster","ph":"X","ts":119350,"dur":15,"pid":1,"tid":7,"args":{"level":"22","steps":"4","waitUs":"2"}},
{"name":"cluster 37","cat":"cluster","ph":"X","ts":119365,"dur":14,"pid":1,"tid":7,"args":{"level":"23","steps":"9","waitUs":"0"}},
{"name":"cluster 38","cat":"cluster","ph":"X","ts":119379,"dur":14,"pid":1,"tid":7,"args":{"level":"24","steps":"6","waitUs":"0"}},
{"name":"cluster 39","cat":"cluster","ph":"X","ts":119394,"dur":6,"pid":1,"tid":7,"args":{"level":"25","steps":"3","waitUs":"0"}},
{"name":"cluster 40","cat":"cluster","ph":"X","ts":119400,"dur":5,"pid":1,"tid":7,"args":{"level":"26","steps":"2","waitUs":"0"}},
{"name":"cluster 41","cat":"cluster","ph":"X","ts":119405,"dur":6,"pid":1,"tid":7,"args":{"level":"27","steps":"1","waitUs":"0"}},
{"name":"cluster 42","cat":"cluster","ph":"X","ts":119411,"dur":5,"pid":1,"tid":7,"args":{"level":"28","steps":"2","waitUs":"0"}},
{"name":"cluster 43","cat":"cluster","ph":"X","ts":119416,"dur":6,"pid":1,"tid":7,"args":{"level":"29","steps":"1","waitUs":"0"}},
{"name":"cluster 44","cat":"cluster","ph":"X","ts":119422,"dur":5,"pid":1,"tid":7,"args":{"level":"30","steps":"2","waitUs":"0"}},
{"name":"cluster 45","cat":"cluster","ph":"X","ts":119427,"dur":6,"pid":1,"tid":7,"args":{"level":"31","steps":"1","waitUs":"0"}},
{"name":"cluster 46","cat":"cluster","ph":"X","ts":119434,"dur":4,"pid":1,"tid":7,"args":{"level":"32","steps":"2","waitUs":"1"}},
{"name":"cluster 47","cat":"cluster","ph":"X","ts":119438,"dur":5,"pid":1,"tid":7,"args":{"level":"33","steps":"1","waitUs":"0"}},
{"name":"cluster 48","cat":"cluster","ph":"X","ts":119443,"dur":4,"pid":1,"tid":7,"args":{"level":"34","steps":"1","waitUs":"0"}},
{"name":"cluster 49","cat":"cluster","ph":"X","ts":119448,"dur":5,"pid":1,"tid":7,"args":{"level":"35","steps":"4","waitUs":"1"}},
{"name":"cluster 50","cat":"cluster","ph":"X","ts":119453,"dur":6,"pid":1,"tid":7,"args":{"level":"36","steps":"4","waitUs":"0"}},
{"name":"cluster 51","cat":"cluster","ph":"X","ts":119466,"dur":5,"pid":1,"tid":7,"args":{"level":"37","steps":"3","waitUs":"7"}},
{"name":"cluster 52","cat":"cluster","ph":"X","ts":119475,"dur":7,"pid":1,"tid":7,"args":{"level":"38","steps":"3","waitUs":"4"}},
{"name":"cluster 53","cat":"cluster","ph":"X","ts":119482,"dur":9,"pid":1,"tid":7,"args":{"level":"39","steps":"7","waitUs":"0"}},
{"name":"cluster 54","cat":"cluster","ph":"X","ts":119491,"dur":10,"pid":1,"tid":7,"args":{"level":"40","steps":"6","waitUs":"0"}},
{"name":"cluster 55","cat":"cluster","ph":"X","ts":119501,"dur":4,"pid":1,"tid":7,"args":{"level":"41","steps":"3","waitUs":"0"}},
{"name":"cluster 56","cat":"cluster","ph":"X","ts":119505,"dur":4,"pid":1,"tid":7,"args":{"level":"42","steps":"2","waitUs":"0"}},
{"name":"cluster 57","cat":"cluster","ph":"X","ts":119509,"dur":4,"pid":1,"tid":7,"args":{"level":"43","steps":"1","waitUs":"0"}},
{"name":"cluster 58","cat":"cluster","ph":"X","ts":119513,"dur":4,"pid":1,"tid":7,"args":{"level":"44","steps":"2","waitUs":"0"}},
{"name":"cluster 59","cat":"cluster","ph":"X","ts":119517,"dur":7,"pid":1,"tid":7,"args":{"level":"46","steps":"28","waitUs":"0"}},
{"name":"cluster 60","cat":"cluster","ph":"X","ts":119084,"dur":9,"pid":1,"tid":6,"args":{"level":"9","steps":"7","waitUs":"0"}},
{"name":"cluster 61","cat":"cluster","ph":"X","ts":119318,"dur":11,"pid":1,"tid":8,"args":{"level":"20","steps":"27","waitUs":"16"}},
{"name":"cluster 62","cat":"cluster","ph":"X","ts":119143,"dur":6,"pid":1,"tid":11,"args":{"level":"11","steps":"7","waitUs":"4"}},
{"name":"cluster 63","cat":"cluster","ph":"X","ts":119338,"dur":8,"pid":1,"tid":21,"args":{"level":"21","steps":"3","waitUs":"5"}},
{"name":"cluster 64","cat":"cluster","ph":"X","ts":119463,"dur":3,"pid":1,"tid":7,"args":{"level":"37","steps":"8","waitUs":"4"}},
{"name":"cluster 65","cat":"cluster","ph":"X","ts":119260,"dur":9,"pid":1,"tid":3,"args":{"level":"18","steps":"7","waitUs":"0"}},
{"name":"cluster 66","cat":"cluster","ph":"X","ts":119348,"dur":10,"pid":1,"tid":23,"args":{"level":"22","steps":"7","waitUs":"0"}},
{"name":"cluster 67","cat":"cluster","ph":"X","ts":119112,"dur":24,"pid":1,"tid":22,"args":{"level":"10","steps":"9","waitUs":"1"}},
{"name":"cluster 68","cat":"cluster","ph":"X","ts":119471,"dur":4,"pid":1,"tid":7,"args":{"level":"38","steps":"3","waitUs":"0"}},
{"name":"cluster 69","cat":"cluster","ph":"X","ts":119334,"dur":11,"pid":1,"tid":12,"args":{"level":"21","steps":"10","waitUs":"0"}},
{"name":"cluster 70","cat":"cluster","ph":"X","ts":119279,"dur":10,"pid":1,"tid":16,"args":{"level":"19","steps":"27","waitUs":"0"}},
{"name":"cluster 71","cat":"cluster","ph":"X","ts":119158,"dur":36,"pid":1,"tid":11,"args":{"level":"12","steps":"30","waitUs":"1"}},
{"name":"cluster 72","cat":"cluster","ph":"X","ts":119204,"dur":10,"pid":1,"tid":22,"args":{"level":"13","steps":"36","waitUs":"0"}},
{"name":"cluster 73","cat":"cluster","ph":"X","ts":119524,"dur":29,"pid":1,"tid":7,"args":{"level":"47","steps":"1","waitUs":"0"}},
{"name":"cluster 74","cat":"cluster","ph":"X","ts":119553,"dur":534,"pid":1,"tid":7,"args":{"level":"48","steps":"1","waitUs":"0"}},
{"name":"cluster 75","cat":"cluster","ph":"X","ts":120087,"dur":380,"pid":1,"tid":7,"args":{"level":"51","steps":"3","waitUs":"0"}},
{"name":"BakedPublish","cat":"baked","ph":"X","ts":120953,"dur":53,"pid":1,"tid":0},
{"name":"BakedEpilogue","cat":"baked","ph":"X","ts":120472,"dur":541,"pid":1,"tid":0},
{"name":"Baked","cat":"baked","ph":"X","ts":118850,"dur":2163,"pid":1,"tid":0},
{"name":"Evaluate.Run","cat":"evaluate","ph":"X","ts":118850,"dur":2164,"pid":1,"tid":0},
{"name":"Evaluate@7","cat":"evaluate","ph":"X","ts":118848,"dur":2166,"pid":1,"tid":0},
{"name":"Evaluate.Settle","cat":"evaluate","ph":"X","ts":121031,"dur":0,"pid":1,"tid":0},
{"name":"Evaluate.PlaceOverrides","cat":"evaluate","ph":"X","ts":121032,"dur":0,"pid":1,"tid":0},
{"name":"PropertyChains","cat":"property","ph":"X","ts":121034,"dur":6,"pid":1,"tid":0},
{"name":"BakedInputs","cat":"baked","ph":"X","ts":121041,"dur":8,"pid":1,"tid":0},
{"name":"BakedChainBase","cat":"geometry","ph":"X","ts":121149,"dur":3,"pid":1,"tid":0},
{"name":"BakedPrologue","cat":"baked","ph":"X","ts":121033,"dur":119,"pid":1,"tid":0},
{"name":"BakedRegion","cat":"baked","ph":"X","ts":121153,"dur":1130,"pid":1,"tid":0},
{"name":"ComposeSubtree /Biped/Rig/Controls/arm_l_ik","cat":"step","ph":"X","ts":121185,"dur":2,"pid":1,"tid":0},
{"name":"ComposeSubtree /Biped/Rig/Controls/hips_ctl","cat":"step","ph":"X","ts":121187,"dur":1,"pid":1,"tid":0},
{"name":"ComposeSubtree /Biped/Rig/Controls/hips_ctl/spine_root_pivot/spine_root_ctl","cat":"step","ph":"X","ts":121193,"dur":1,"pid":1,"tid":0},
{"name":"ComposeSubtree /Biped/Rig/Controls/hips_ctl/spine_root_pivot/spine_root_ctl/pelvis_r_ctl/leg_r_root/leg_r_fk_thigh_r_bind/leg_r_fk_knee_r_bind","cat":"step","ph":"X","ts":121246,"dur":2,"pid":1,"tid":7},
{"name":"ComposeSubtree /Biped/Rig/Controls/hips_ctl/torso_ctl/spine_end_pivot/spine_end_ctl","cat":"step","ph":"X","ts":121216,"dur":1,"pid":1,"tid":0},
{"name":"ComposeSubtree /Biped/Rig/Controls/hips_ctl/torso_ctl/spine_end_pivot/spine_end_ctl/clavicle_r_ctl","cat":"step","ph":"X","ts":121227,"dur":1,"pid":1,"tid":0},
{"name":"ComposeSubtree /Biped/Rig/Controls/hips_ctl/torso_ctl/spine_end_pivot/spine_end_ctl/clavicle_r_ctl/arm_r_root/arm_r_fk_shoulder_r_bind/arm_r_fk_elbow_r_bind","cat":"step","ph":"X","ts":121257,"dur":1,"pid":1,"tid":15},
{"name":"ComposeSubtree /Biped/Rig/Controls/hips_ctl/torso_ctl/spine_end_pivot/spine_end_ctl/neck_root_ctl/neck_end_pivot","cat":"step","ph":"X","ts":121248,"dur":1,"pid":1,"tid":7},
{"name":"ComposeSubtree /Biped/Rig/Controls/index_001_r_bind_fk_follow","cat":"step","ph":"X","ts":121188,"dur":1,"pid":1,"tid":0},
{"name":"ComposeSubtree /Biped/Rig/Controls/leg_l_ik/ankle_l_pivot/bankIn_l_pivot","cat":"step","ph":"X","ts":121194,"dur":1,"pid":1,"tid":0},
{"name":"ComposeSubtree /Biped/Rig/Controls/leg_l_ik/ankle_l_pivot/bankIn_l_pivot/bankOut_l_pivot/heel_l_roll/heel_l/ball_l_pivot/toe_l_roll/toe_l/ballRoll_l_up/ballRoll_l_down","cat":"step","ph":"X","ts":121258,"dur":1,"pid":1,"tid":15},
{"name":"ComposeSubtree /Biped/Rig/Controls/leg_l_ik/ankle_l_pivot/bankIn_l_pivot/bankOut_l_pivot/heel_l_roll/heel_l/ball_l_pivot/toe_l_roll/toe_l/toeBend_l/toeBend_l_fk","cat":"step","ph":"X","ts":121271,"dur":1,"pid":1,"tid":15},
{"name":"ComposeSubtree /Biped/Rig/Controls/leg_l_ik/ankle_l_pivot/bankIn_l_pivot/bankOut_l_pivot/heel_l_roll/heel_l/ball_l_pivot/toe_l_roll_twin","cat":"step","ph":"X","ts":121249,"dur":1,"pid":1,"tid":7},
{"name":"ComposeSubtree /Biped/Rig/Controls/leg_l_ik/ankle_l_pivot/bankIn_l_pivot/bankOut_l_pivot_twin","cat":"step","ph":"X","ts":121217,"dur":1,"pid":1,"tid":0},
{"name":"ComposeSubtree /Biped/Rig/Controls/leg_r_ik/ankle_r_pivot/bankIn_r_pivot/bankOut_r_pivot/heel_r_roll/heel_r/ball_r_pivot/toe_r_roll/toe_r/ballRoll_r_up/ballRoll_r_down/ballRoll_r/ball_r_ikTarget","cat":"step","ph":"X","ts":121282,"dur":1,"pid":1,"tid":7},
{"name":"ComposeSubtree /Biped/Rig/Controls/leg_r_ik/ankle_r_pivot/bank_r","cat":"step","ph":"X","ts":121218,"dur":1,"pid":1,"tid":0},
{"name":"ComposeSubtree /Biped/Rig/Controls/leg_r_pv","cat":"step","ph":"X","ts":121189,"dur":1,"pid":1,"tid":0},
{"name":"ComposeSubtree /Biped/Rig/Controls/middle_001_r_bind_fk_follow/middle_001_r_bind_fk/middle_002_r_bind_fk","cat":"step","ph":"X","ts":121195,"dur":1,"pid":1,"tid":0},
{"name":"ComposeSubtree /Biped/Rig/Controls/pinkyCup_r_bind_fk_follow/pinkyCup_r_bind_fk/pinky_001_r_bind_fk/pinky_002_r_bind_fk/pinky_003_r_bind_fk","cat":"step","ph":"X","ts":121219,"dur":1,"pid":1,"tid":0},
{"name":"ComposeSubtree /Biped/Rig/Controls/ring_001_l_bind_fk_follow","cat":"step","ph":"X","ts":121190,"dur":1,"pid":1,"tid":0},
{"name":"ComposeSubtree /Biped/Rig/Controls/thumbCup_l_bind_fk_follow","cat":"step","ph":"X","ts":121191,"dur":1,"pid":1,"tid":0},
{"name":"ComposeSubtree /Biped/Rig/Controls/thumbCup_l_bind_fk_follow/thumbCup_l_bind_fk/thumb_001_l_bind_fk","cat":"step","ph":"X","ts":121196,"dur":1,"pid":1,"tid":0},
{"name":"ComposeSubtree /Biped/Rig/Controls/thumbCup_r_bind_fk_follow/thumbCup_r_bind_fk/thumb_001_r_bind_fk/thumb_002_r_bind_fk","cat":"step","ph":"X","ts":121220,"dur":1,"pid":1,"tid":0},
{"name":"ComposeSubtree /Biped/Rig/Joints/ankle_l_pivot/bankIn_l_pivot/bankOut_l_pivot/heel_l_pivot/ball_l_pivot/toe_l_pivot/ballRoll_l_pivot","cat":"step","ph":"X","ts":121228,"dur":1,"pid":1,"tid":0},
{"name":"ComposeSubtree /Biped/Rig/Joints/hips_bind","cat":"step","ph":"X","ts":121192,"dur":1,"pid":1,"tid":0},
{"name":"ComposeSubtree /Biped/Rig/Joints/hips_bind/pelvis_l_bind/pelvis_trans_l_bind/thigh_l_driver","cat":"step","ph":"X","ts":121207,"dur":1,"pid":1,"tid":0},
{"name":"ComposeSubtree /Biped/Rig/Joints/hips_bind/pelvis_l_bind/thigh_l_bind/knee_l_bind/ankle_l_bind/ball_l_bind/toe1_001_l_bind/toe1_002_l_bind/toe1_003_l_bind","cat":"step","ph":"X","ts":121260,"dur":1,"pid":1,"tid":15},
{"name":"ComposeSubtree /Biped/Rig/Joints/hips_bind/pelvis_l_bind/thigh_l_bind/knee_l_bind/ankle_l_bind/ball_l_bind/toe2_001_l_bind","cat":"step","ph":"X","ts":121251,"dur":1,"pid":1,"tid":7},
{"name":"ComposeSubtree /Biped/Rig/Joints/hips_bind/pelvis_l_bind/thigh_l_bind/knee_l_bind/ankle_l_bind/ball_l_bind/toe3_001_l_bind/toe3_002_l_bind/toe3_003_l_bind","cat":"step","ph":"X","ts":121261,"dur":1,"pid":1,"tid":15},
{"name":"ComposeSubtree /Biped/Rig/Joints/hips_bind/pelvis_l_bind/thigh_l_bind/knee_l_bind/ankle_l_bind/ball_l_bind/toe5_001_l_bind","cat":"step","ph":"X","ts":121252,"dur":1,"pid":1,"tid":7},
{"name":"ComposeSubtree /Biped/Rig/Joints/hips_bind/pelvis_l_bind/thigh_l_bind/knee_l_bind/kneeTwist_l_bind","cat":"step","ph":"X","ts":121208,"dur":1,"pid":1,"tid":0},
{"name":"ComposeSubtree /Biped/Rig/Joints/hips_bind/pelvis_r_bind/pelvis_trans_r_bind/thigh_r_driver","cat":"step","ph":"X","ts":121229,"dur":1,"pid":1,"tid":0},
{"name":"ComposeSubtree /Biped/Rig/Joints/hips_bind/pelvis_r_bind/thigh_r_bind/knee_r_bind/ankle_r_bind/ball_r_bind/toe1_001_r_bind/toe1_002_r_bind","cat":"step","ph":"X","ts":121262,"dur":1,"pid":1,"tid":15},
{"name":"ComposeSubtree /Biped/Rig/Joints/hips_bind/pelvis_r_bind/thigh_r_bind/knee_r_bind/ankle_r_bind/ball_r_bind/toe2_001_r_bind/toe2_002_r_bind/toe2_003_r_bind","cat":"step","ph":"X","ts":121272,"dur":1,"pid":1,"tid":15},
{"name":"ComposeSubtree /Biped/Rig/Joints/hips_bind/pelvis_r_bind/thigh_r_bind/knee_r_bind/ankle_r_bind/ball_r_bind/toe5_001_r_bind","cat":"step","ph":"X","ts":121263,"dur":1,"pid":1,"tid":15},
{"name":"ComposeSubtree /Biped/Rig/Joints/hips_bind/spine_0_bind","cat":"step","ph":"X","ts":121198,"dur":1,"pid":1,"tid":0},
{"name":"ComposeSubtree /Biped/Rig/Joints/hips_bind/spine_0_bind/spine_1_bind/spine_2_bind","cat":"step","ph":"X","ts":121209,"dur":1,"pid":1,"tid":0},
{"name":"ComposeSubtree /Biped/Rig/Joints/hips_bind/spine_0_bind/spine_1_bind/spine_2_bind/spine_3_bind/spine_4_bind","cat":"step","ph":"X","ts":121230,"dur":1,"pid":1,"tid":0},
{"name":"ComposeSubtree /Biped/Rig/Joints/hips_bind/spine_0_bind/spine_1_bind/spine_2_bind/spine_3_bind/spine_4_bind/spine_5_bind/chest_bind","cat":"step","ph":"X","ts":121253,"dur":1,"pid":1,"tid":7},
{"name":"ComposeSubtree /Biped/Rig/Joints/hips_bind/spine_0_bind/spine_1_bind/spine_2_bind/spine_3_bind/spine_4_bind/spine_5_bind/chest_bind/clavicle_l_bind/shoulderNoTwist_l_bind","cat":"step","ph":"X","ts":121264,"dur":1,"pid":1,"tid":15},
{"name":"ComposeSubtree /Biped/Rig/Joints/hips_bind/spine_0_bind/spine_1_bind/spine_2_bind/spine_3_bind/spine_4_bind/spine_5_bind/chest_bind/clavicle_l_bind/shoulder_l_bind/elbow_l_bind/wristTwist_l_driver","cat":"step","ph":"X","ts":121274,"dur":1,"pid":1,"tid":15},
{"name":"ComposeSubtree /Biped/Rig/Joints/hips_bind/spine_0_bind/spine_1_bind/spine_2_bind/spine_3_bind/spine_4_bind/spine_5_bind/chest_bind/clavicle_l_bind/shoulder_l_bind/elbow_l_bind/wrist_l_bind/index_001_l_bind/index_002_l_bind","cat":"step","ph":"X","ts":121293,"dur":8,"pid":1,"tid":17},
{"name":"ComposeSubtree /Biped/Rig/Joints/hips_bind/spine_0_bind/spine_1_bind/spine_2_bind/spine_3_bind/spine_4_bind/spine_5_bind/chest_bind/clavicle_l_bind/shoulder_l_bind/elbow_l_bind/wrist_l_bind/index_001_l_bind/index_002_l_bind/index_003_l_bind/index_004_l_bind","cat":"step","ph":"X","ts":121372,"dur":1,"pid":1,"tid":0},
{"name":"ComposeSubtree /Biped/Rig/Joints/hips_bind/spine_0_bind/spine_1_bind/spine_2_bind/spine_3_bind/spine_4_bind/spine_5_bind/chest_bind/clavicle_l_bind/shoulder_l_bind/elbow_l_bind/wrist_l_bind/middle_001_l_bind","cat":"step","ph":"X","ts":121283,"dur":1,"pid":1,"tid":7},
{"name":"ComposeSubtree /Biped/Rig/Joints/hips_bind/spine_0_bind/spine_1_bind/spine_2_bind/spine_3_bind/spine_4_bind/spine_5_bind/chest_bind/clavicle_l_bind/shoulder_l_bind/elbow_l_bind/wrist_l_bind/middle_001_l_bind/middle_002_l_bind","cat":"step","ph":"X","ts":121301,"dur":3,"pid":1,"tid":17},
{"name":"ComposeSubtree /Biped/Rig/Joints/hips_bind/spine_0_bind/spine_1_bind/spine_2_bind/spine_3_bind/spine_4_bind/spine_5_bind/chest_bind/clavicle_l_bind/shoulder_l_bind/elbow_l_bind/wrist_l_bind/pinkyCup_l_bind/pinky_001_l_bind/pinky_002_combo_l_driver","cat":"step","ph":"X","ts":121304,"dur":2,"pid":1,"tid":17},
{"name":"ComposeSubtree /Biped/Rig/Joints/hips_bind/spine_0_bind/spine_1_bind/spine_2_bind/spine_3_bind/spine_4_bind/spine_5_bind/chest_bind/clavicle_l_bind/shoulder_l_bind/elbow_l_bind/wrist_l_bind/pinkyCup_l_bind/pinky_001_l_bind/pinky_002_l_bind/pinky_003_l_bind","cat":"step","ph":"X","ts":121373,"dur":1,"pid":1,"tid":0},
{"name":"ComposeSubtree /Biped/Rig/Joints/hips_bind/spine_0_bind/spine_1_bind/spine_2_bind/spine_3_bind/spine_4_bind/spine_5_bind/chest_bind/clavicle_l_bind/shoulder_l_bind/elbow_l_bind/wrist_l_bind/ring_001_l_bind/ring_002_l_bind","cat":"step","ph":"X","ts":121306,"dur":3,"pid":1,"tid":17},
{"name":"ComposeSubtree /Biped/Rig/Joints/hips_bind/spine_0_bind/spine_1_bind/spine_2_bind/spine_3_bind/spine_4_bind/spine_5_bind/chest_bind/clavicle_l_bind/shoulder_l_bind/elbow_l_bind/wrist_l_bind/thumbCup_l_bind","cat":"step","ph":"X","ts":121284,"dur":1,"pid":1,"tid":7},
{"name":"ComposeSubtree /Biped/Rig/Joints/hips_bind/spine_0_bind/spine_1_bind/spine_2_bind/spine_3_bind/spine_4_bind/spine_5_bind/chest_bind/clavicle_l_bind/shoulder_l_bind/elbow_l_bind/wrist_l_bind/thumbCup_l_bind/thumb_001_l_bind/thumb_002_l_bind","cat":"step","ph":"X","ts":121309,"dur":1,"pid":1,"tid":17},
{"name":"ComposeSubtree /Biped/Rig/Joints/hips_bind/spine_0_bind/spine_1_bind/spine_2_bind/spine_3_bind/spine_4_bind/spine_5_bind/chest_bind/clavicle_r_bind/shoulder_r_bind","cat":"step","ph":"X","ts":121268,"dur":1,"pid":1,"tid":15},
{"name":"ComposeSubtree /Biped/Rig/Joints/hips_bind/spine_0_bind/spine_1_bind/spine_2_bind/spine_3_bind/spine_4_bind/spine_5_bind/chest_bind/clavicle_r_bind/shoulder_r_bind/elbow_r_bind/elbowTwist_r_bind","cat":"step","ph":"X","ts":121285,"dur":1,"pid":1,"tid":7},
{"name":"ComposeSubtree /Biped/Rig/Joints/hips_bind/spine_0_bind/spine_1_bind/spine_2_bind/spine_3_bind/spine_4_bind/spine_5_bind/chest_bind/clavicle_r_bind/shoulder_r_bind/elbow_r_bind/wrist_r_bind/index_001_r_bind","cat":"step","ph":"X","ts":121311,"dur":2,"pid":1,"tid":17},
{"name":"ComposeSubtree /Biped/Rig/Joints/hips_bind/spine_0_bind/spine_1_bind/spine_2_bind/spine_3_bind/spine_4_bind/spine_5_bind/chest_bind/clavicle_r_bind/shoulder_r_bind/elbow_r_bind/wrist_r_bind/index_001_r_bind/index_002_r_bind","cat":"step","ph":"X","ts":121374,"dur":1,"pid":1,"tid":0},
{"name":"ComposeSubtree /Biped/Rig/Joints/hips_bind/spine_0_bind/spine_1_bind/spine_2_bind/spine_3_bind/spine_4_bind/spine_5_bind/chest_bind/clavicle_r_bind/shoulder_r_bind/elbow_r_bind/wrist_r_bind/middle_001_r_bind","cat":"step","ph":"X","ts":121313,"dur":3,"pid":1,"tid":17},
{"name":"ComposeSubtree /Biped/Rig/Joints/hips_bind/spine_0_bind/spine_1_bind/spine_2_bind/spine_3_bind/spine_4_bind/spine_5_bind/chest_bind/clavicle_r_bind/shoulder_r_bind/elbow_r_bind/wrist_r_bind/middle_001_r_bind/middle_002_r_bind/middle_003_r_bind/middle_004_r_bind","cat":"step","ph":"X","ts":121405,"dur":1,"pid":1,"tid":6},
{"name":"ComposeSubtree /Biped/Rig/Joints/hips_bind/spine_0_bind/spine_1_bind/spine_2_bind/spine_3_bind/spine_4_bind/spine_5_bind/chest_bind/clavicle_r_bind/shoulder_r_bind/elbow_r_bind/wrist_r_bind/pinkyCup_r_bind","cat":"step","ph":"X","ts":121316,"dur":3,"pid":1,"tid":17},
{"name":"ComposeSubtree /Biped/Rig/Joints/hips_bind/spine_0_bind/spine_1_bind/spine_2_bind/spine_3_bind/spine_4_bind/spine_5_bind/chest_bind/clavicle_r_bind/shoulder_r_bind/elbow_r_bind/wrist_r_bind/pinkyCup_r_bind/pinky_001_r_bind/pinky_002_combo_r_driver","cat":"step","ph":"X","ts":121375,"dur":1,"pid":1,"tid":0},
{"name":"ComposeSubtree /Biped/Rig/Joints/hips_bind/spine_0_bind/spine_1_bind/spine_2_bind/spine_3_bind/spine_4_bind/spine_5_bind/chest_bind/clavicle_r_bind/shoulder_r_bind/elbow_r_bind/wrist_r_bind/pinkyCup_r_bind/pinky_001_r_bind/pinky_002_r_bind/pinky_003_r_bind/pinky_004_r_bind","cat":"step","ph":"X","ts":121427,"dur":2,"pid":1,"tid":29},
{"name":"ComposeSubtree /Biped/Rig/Joints/hips_bind/spine_0_bind/spine_1_bind/spine_2_bind/spine_3_bind/spine_4_bind/spine_5_bind/chest_bind/clavicle_r_bind/shoulder_r_bind/elbow_r_bind/wrist_r_bind/ring_001_r_bind","cat":"step","ph":"X","ts":121319,"dur":2,"pid":1,"tid":17},
{"name":"ComposeSubtree /Biped/Rig/Joints/hips_bind/spine_0_bind/spine_1_bind/spine_2_bind/spine_3_bind/spine_4_bind/spine_5_bind/chest_bind/clavicle_r_bind/shoulder_r_bind/elbow_r_bind/wrist_r_bind/ring_001_r_bind/ring_002_r_bind/ring_003_r_bind/ring_004_r_bind","cat":"step","ph":"X","ts":121406,"dur":1,"pid":1,"tid":6},
{"name":"ComposeSubtree /Biped/Rig/Joints/hips_bind/spine_0_bind/spine_1_bind/spine_2_bind/spine_3_bind/spine_4_bind/spine_5_bind/chest_bind/clavicle_r_bind/shoulder_r_bind/elbow_r_bind/wrist_r_bind/thumbCup_r_bind","cat":"step","ph":"X","ts":121321,"dur":3,"pid":1,"tid":17},
{"name":"ComposeSubtree /Biped/Rig/Joints/hips_bind/spine_0_bind/spine_1_bind/spine_2_bind/spine_3_bind/spine_4_bind/spine_5_bind/chest_bind/neck_base_bind","cat":"step","ph":"X","ts":121265,"dur":1,"pid":1,"tid":15},
{"name":"ComposeSubtree /Biped/Rig/Joints/hips_bind/spine_0_bind/spine_1_bind/spine_2_bind/spine_3_bind/spine_4_bind/spine_5_bind/chest_bind/neck_base_bind/neck_0_bind/neck_1_bind/neck_2_bind/neck_3_bind","cat":"step","ph":"X","ts":121286,"dur":1,"pid":1,"tid":7},
{"name":"ComposeSubtree /Biped/Rig/Joints/hips_bind/spine_0_bind/spine_1_bind/spine_2_bind/spine_3_bind/spine_4_bind/spine_5_bind/chest_bind/neck_base_bind/neck_0_bind/neck_1_bind/neck_2_bind/neck_3_bind/skull_bind/face_lower_bind","cat":"step","ph":"X","ts":121324,"dur":2,"pid":1,"tid":17},
{"name":"ComposeSubtree /Biped/Rig/Joints/hips_bind/spine_0_bind/spine_1_bind/spine_2_bind/spine_3_bind/spine_4_bind/spine_5_bind/chest_bind/neck_base_bind/neck_0_bind/neck_1_bind/neck_2_bind/neck_3_bind/skull_bind/face_lower_bind/face_mid_bind/jaw_compression_driver","cat":"step","ph":"X","ts":121376,"dur":1,"pid":1,"tid":0},
{"name":"ComposeSubtree /Biped/Rig/Joints/hips_bind/spine_0_bind/spine_1_bind/spine_2_bind/spine_3_bind/spine_4_bind/spine_5_bind/chest_bind/neck_base_bind/neck_0_bind/neck_1_bind/neck_2_bind/neck_3_bind/skull_bind/face_lower_bind/jaw_bind/jaw_end","cat":"step","ph":"X","ts":121407,"dur":1,"pid":1,"tid":6},
{"name":"ComposeSubtree /Biped/Rig/Joints/hips_bind/spine_0_bind/spine_1_bind/spine_2_bind/spine_3_bind/spine_4_bind/spine_5_bind/chest_bind/neck_base_bind/neck_0_bind/neck_1_bind/neck_2_bind/neck_3_bind/skull_bind/face_lower_bind/jaw_bind/tongue_0_bind/tongue_1_bind/tongue_2_bind/tongue_3_bind","cat":"step","ph":"X","ts":121447,"dur":2,"pid":1,"tid":27},
{"name":"ComposeSubtree /Biped/Rig/Joints/hips_bind/spine_0_bind/spine_1_bind/spine_2_bind/spine_3_bind/spine_4_bind/spine_5_bind/chest_bind/neck_base_bind/neck_0_bind/neck_1_bind/neck_2_bind/neck_3_bind/skull_bind/face_upper_bind","cat":"step","ph":"X","ts":121327,"dur":1,"pid":1,"tid":17},
{"name":"ComposeSubtree /Biped/Rig/Joints/hips_bind/spine_0_bind/spine_1_bind/spine_2_bind/spine_3_bind/spine_4_bind/spine_5_bind/chest_bind/neck_base_bind/neck_0_bind/neck_1_bind/neck_2_bind/neck_3_bind/skull_bind/face_upper_bind/eyeSocket_l_bind","cat":"step","ph":"X","ts":121377,"dur":1,"pid":1,"tid":0},
{"name":"ComposeSubtree /Biped/Rig/Joints/hips_bind/spine_0_bind/spine_1_bind/spine_2_bind/spine_3_bind/spine_4_bind/spine_5_bind/chest_bind/neck_base_bind/neck_0_bind/neck_1_bind/neck_2_bind/neck_3_bind/skull_bind/face_upper_bind/head_tip_bind/brow_inner_r_bind","cat":"step","ph":"X","ts":121408,"dur":1,"pid":1,"tid":6},
{"name":"ComposeSubtree /Biped/Rig/Joints/hips_bind/spine_0_bind/spine_1_bind/spine_2_bind/spine_3_bind/spine_4_bind/spine_5_bind/chest_bind/neck_base_bind/neck_0_bind/neck_1_bind/neck_2_bind/neck_3_bind/skull_bind/face_upper_bind/head_tip_bind/brow_peak_r_bind","cat":"step","ph":"X","ts":121409,"dur":1,"pid":1,"tid":6},
{"name":"ComposeSubtree /Biped/Rig/Joints/neck_ik_neck_0_bind/neck_ik_neck_1_bind/neck_ik_neck_2_bind/neck_ik_neck_3_bind","cat":"step","ph":"X","ts":121449,"dur":1,"pid":1,"tid":27},
{"name":"Solve /Biped/Rig/Solvers/arm_l_fkChain","cat":"step","ph":"X","ts":121266,"dur":2,"pid":1,"tid":15},
{"name":"Solve /Biped/Rig/Solvers/arm_l_twoBoneIk","cat":"step","ph":"X","ts":121254,"dur":1,"pid":1,"tid":7},
{"name":"Solve /Biped/Rig/Solvers/arm_r_fkChain","cat":"step","ph":"X","ts":121269,"dur":1,"pid":1,"tid":15},
{"name":"Solve /Biped/Rig/Solvers/arm_r_twoBoneIk","cat":"step","ph":"X","ts":121239,"dur":1,"pid":1,"tid":0},
{"name":"Solve /Biped/Rig/Solvers/leg_l_fkChain","cat":"step","ph":"X","ts":121240,"dur":1,"pid":1,"tid":0},
{"name":"Solve /Biped/Rig/Solvers/leg_r_fkChain","cat":"step","ph":"X","ts":121256,"dur":2,"pid":1,"tid":7},
{"name":"Solve /Biped/Rig/Solvers/neck_splineIk","cat":"step","ph":"X","ts":121258,"dur":7,"pid":1,"tid":7},
{"name":"SolverCommit batch 6","cat":"step","ph":"X","ts":121466,"dur":1,"pid":1,"tid":27},
{"name":"Solve /Biped/Rig/Solvers/spine_splineIk","cat":"step","ph":"X","ts":121231,"dur":8,"pid":1,"tid":0},
{"name":"SolverCommit batch 7","cat":"step","ph":"X","ts":121241,"dur":1,"pid":1,"tid":0},
{"name":"SolverCommit batch 8","cat":"step","ph":"X","ts":121328,"dur":11,"pid":1,"tid":17},
{"name":"Solve /Biped/Rig/Solvers/arm_l_ikfk","cat":"step","ph":"X","ts":121270,"dur":1,"pid":1,"tid":15},
{"name":"SolverCommit batch 9","cat":"step","ph":"X","ts":121275,"dur":2,"pid":1,"tid":15},
{"name":"Constraint /Biped/Rig/Movers/spine_mid_follow/spine_mid_follow_pos","cat":"step","ph":"X","ts":121222,"dur":4,"pid":1,"tid":0},
{"name":"Solve /Biped/Rig/Solvers/fk_thumb_r","cat":"step","ph":"X","ts":121378,"dur":2,"pid":1,"tid":0},
{"name":"SolverCommit batch 11","cat":"step","ph":"X","ts":121430,"dur":2,"pid":1,"tid":29},
{"name":"Solve /Biped/Rig/Solvers/fk_ring_r","cat":"step","ph":"X","ts":121384,"dur":2,"pid":1,"tid":23},
{"name":"SolverCommit batch 12","cat":"step","ph":"X","ts":121432,"dur":1,"pid":1,"tid":29},
{"name":"Solve /Biped/Rig/Solvers/fk_pinky_r","cat":"step","ph":"X","ts":121386,"dur":1,"pid":1,"tid":23},
{"name":"SolverCommit batch 13","cat":"step","ph":"X","ts":121450,"dur":2,"pid":1,"tid":27},
{"name":"Solve /Biped/Rig/Solvers/fk_middle_r","cat":"step","ph":"X","ts":121387,"dur":1,"pid":1,"tid":23},
{"name":"SolverCommit batch 14","cat":"step","ph":"X","ts":121433,"dur":1,"pid":1,"tid":29},
{"name":"Solve /Biped/Rig/Solvers/fk_index_r","cat":"step","ph":"X","ts":121389,"dur":2,"pid":1,"tid":25},
{"name":"SolverCommit batch 15","cat":"step","ph":"X","ts":121434,"dur":1,"pid":1,"tid":29},
{"name":"Solve /Biped/Rig/Solvers/fk_thumb_l","cat":"step","ph":"X","ts":121340,"dur":12,"pid":1,"tid":17},
{"name":"SolverCommit batch 16","cat":"step","ph":"X","ts":121410,"dur":1,"pid":1,"tid":6},
{"name":"Solve /Biped/Rig/Solvers/fk_ring_l","cat":"step","ph":"X","ts":121352,"dur":15,"pid":1,"tid":17},
{"name":"Solve /Biped/Rig/Solvers/fk_pinky_l","cat":"step","ph":"X","ts":121300,"dur":1,"pid":1,"tid":15},
{"name":"SolverCommit batch 18","cat":"step","ph":"X","ts":121435,"dur":1,"pid":1,"tid":29},
{"name":"Solve /Biped/Rig/Solvers/fk_middle_l","cat":"step","ph":"X","ts":121301,"dur":2,"pid":1,"tid":15},
{"name":"SolverCommit batch 19","cat":"step","ph":"X","ts":121411,"dur":1,"pid":1,"tid":6},
{"name":"Solve /Biped/Rig/Solvers/fk_index_l","cat":"step","ph":"X","ts":121303,"dur":1,"pid":1,"tid":15},
{"name":"SolverCommit batch 20","cat":"step","ph":"X","ts":121412,"dur":1,"pid":1,"tid":6},
{"name":"Constraint /Biped/Rig/Movers/spine_mid_follow/spine_mid_follow_aim","cat":"step","ph":"X","ts":121242,"dur":3,"pid":1,"tid":0},
{"name":"Constraint /Biped/Rig/Movers/hand_r_follow/thumbCup_r_bind_fk_follow_to_wrist_r_bind","cat":"step","ph":"X","ts":121391,"dur":5,"pid":1,"tid":25},
{"name":"Constraint /Biped/Rig/Movers/hand_r_follow/ring_001_r_bind_fk_follow_to_wrist_r_bind","cat":"step","ph":"X","ts":121396,"dur":3,"pid":1,"tid":25},
{"name":"Constraint /Biped/Rig/Movers/hand_r_follow/pinkyCup_r_bind_fk_follow_to_wrist_r_bind","cat":"step","ph":"X","ts":121390,"dur":4,"pid":1,"tid":6},
{"name":"Constraint /Biped/Rig/Movers/hand_r_follow/middle_001_r_bind_fk_follow_to_wrist_r_bind","cat":"step","ph":"X","ts":121394,"dur":3,"pid":1,"tid":6},
{"name":"Constraint /Biped/Rig/Movers/hand_r_follow/index_001_r_bind_fk_follow_to_wrist_r_bind","cat":"step","ph":"X","ts":121397,"dur":3,"pid":1,"tid":6},
{"name":"Constraint /Biped/Rig/Movers/hand_l_follow/thumbCup_l_bind_fk_follow_to_wrist_l_bind","cat":"step","ph":"X","ts":121291,"dur":3,"pid":1,"tid":15},
{"name":"Constraint /Biped/Rig/Movers/hand_l_follow/ring_001_l_bind_fk_follow_to_wrist_l_bind","cat":"step","ph":"X","ts":121294,"dur":3,"pid":1,"tid":15},
{"name":"Constraint /Biped/Rig/Movers/hand_l_follow/pinkyCup_l_bind_fk_follow_to_wrist_l_bind","cat":"step","ph":"X","ts":121297,"dur":3,"pid":1,"tid":15},
{"name":"Constraint /Biped/Rig/Movers/hand_l_follow/middle_001_l_bind_fk_follow_to_wrist_l_bind","cat":"step","ph":"X","ts":121288,"dur":5,"pid":1,"tid":7},
{"name":"Constraint /Biped/Rig/Movers/hand_l_follow/index_001_l_bind_fk_follow_to_wrist_l_bind","cat":"step","ph":"X","ts":121293,"dur":2,"pid":1,"tid":7},
{"name":"Constraint /Biped/Rig/Movers/bankIn_r_pivot_rc/bankIn_r_pivot_rotation","cat":"step","ph":"X","ts":121295,"dur":4,"pid":1,"tid":7},
{"name":"Constraint /Biped/Rig/Movers/bankOut_r_pivot_rc/bankOut_r_pivot_rotation","cat":"step","ph":"X","ts":121400,"dur":3,"pid":1,"tid":6},
{"name":"Constraint /Biped/Rig/Movers/heel_r_roll_rc/heel_r_roll_rotation","cat":"step","ph":"X","ts":121413,"dur":1,"pid":1,"tid":6},
{"name":"Constraint /Biped/Rig/Movers/toe_r_roll_rc/toe_r_roll_rotation","cat":"step","ph":"X","ts":121436,"dur":6,"pid":1,"tid":29},
{"name":"Constraint /Biped/Rig/Movers/ballRoll_r_up_rc/ballRoll_r_up_rotation","cat":"step","ph":"X","ts":121452,"dur":5,"pid":1,"tid":27},
{"name":"Constraint /Biped/Rig/Movers/ballRoll_r_down_rc/ballRoll_r_down_rotation","cat":"step","ph":"X","ts":121467,"dur":2,"pid":1,"tid":27},
{"name":"Solve /Biped/Rig/Solvers/leg_r_ikfk","cat":"step","ph":"X","ts":121483,"dur":1,"pid":1,"tid":27},
{"name":"SolverCommit batch 39","cat":"step","ph":"X","ts":121498,"dur":5,"pid":1,"tid":27},
{"name":"Constraint /Biped/Rig/Movers/ankle_r_bind_scAim/ankle_r_bind_aim","cat":"step","ph":"X","ts":121530,"dur":5,"pid":1,"tid":26},
{"name":"Constraint /Biped/Rig/Movers/ball_r_bind_scAim/ball_r_bind_aim","cat":"step","ph":"X","ts":121554,"dur":6,"pid":1,"tid":29},
{"name":"Constraint /Biped/Rig/Movers/bankIn_l_pivot_rc/bankIn_l_pivot_rotation","cat":"step","ph":"X","ts":121277,"dur":3,"pid":1,"tid":15},
{"name":"Constraint /Biped/Rig/Movers/bankOut_l_pivot_rc/bankOut_l_pivot_rotation","cat":"step","ph":"X","ts":121299,"dur":1,"pid":1,"tid":7},
{"name":"Constraint /Biped/Rig/Movers/heel_l_roll_rc/heel_l_roll_rotation","cat":"step","ph":"X","ts":121393,"dur":5,"pid":1,"tid":17},
{"name":"Constraint /Biped/Rig/Movers/toe_l_roll_rc/toe_l_roll_rotation","cat":"step","ph":"X","ts":121410,"dur":8,"pid":1,"tid":30},
{"name":"Constraint /Biped/Rig/Movers/ballRoll_l_up_rc/ballRoll_l_up_rotation","cat":"step","ph":"X","ts":121442,"dur":1,"pid":1,"tid":29},
{"name":"Constraint /Biped/Rig/Movers/ballRoll_l_down_rc/ballRoll_l_down_rotation","cat":"step","ph":"X","ts":121457,"dur":1,"pid":1,"tid":27},
{"name":"Solve /Biped/Rig/Solvers/leg_l_twoBoneIk","cat":"step","ph":"X","ts":121469,"dur":1,"pid":1,"tid":27},
{"name":"SolverCommit batch 48","cat":"step","ph":"X","ts":121479,"dur":1,"pid":1,"tid":27},
{"name":"Solve /Biped/Rig/Solvers/leg_l_ikfk","cat":"step","ph":"X","ts":121480,"dur":1,"pid":1,"tid":27},
{"name":"SolverCommit batch 49","cat":"step","ph":"X","ts":121484,"dur":11,"pid":1,"tid":27},
{"name":"Constraint /Biped/Rig/Movers/ankle_l_bind_scAim/ankle_l_bind_aim","cat":"step","ph":"X","ts":121503,"dur":7,"pid":1,"tid":27},
{"name":"Constraint /Biped/Rig/Movers/ball_l_bind_scAim/ball_l_bind_aim","cat":"step","ph":"X","ts":121536,"dur":3,"pid":1,"tid":26},
{"name":"Constraint /Biped/Rig/Movers/hips_follow/spine_root_ctl_drives_hips_bind","cat":"step","ph":"X","ts":121210,"dur":4,"pid":1,"tid":0},
{"name":"PropagateChunk /Biped/Rig/Movers/hips_follow/spine_root_ctl_drives_hips_bind","cat":"step","ph":"X","ts":121470,"dur":6,"pid":1,"tid":27},
{"name":"CommitApply /Biped/Rig/Movers/hips_follow/spine_root_ctl_drives_hips_bind","cat":"step","ph":"X","ts":121481,"dur":1,"pid":1,"tid":27},
{"name":"Constraint /Biped/Rig/Movers/hips_follow/spine_root_ctl_scales_hips_bind","cat":"step","ph":"X","ts":121495,"dur":2,"pid":1,"tid":27},
{"name":"PropagateChunk /Biped/Rig/Movers/hips_follow/spine_root_ctl_scales_hips_bind","cat":"step","ph":"X","ts":121539,"dur":4,"pid":1,"tid":26},
{"name":"CommitApply /Biped/Rig/Movers/hips_follow/spine_root_ctl_scales_hips_bind","cat":"step","ph":"X","ts":121560,"dur":1,"pid":1,"tid":29},
{"name":"Constraint /Biped/Rig/Movers/spine_to_bind/spine_ik_spine_0_bind_scale_to_spine_0_bind","cat":"step","ph":"X","ts":121574,"dur":12,"pid":1,"tid":19},
{"name":"Constraint /Biped/Rig/Movers/spine_to_bind/spine_ik_spine_0_bind_to_spine_0_bind","cat":"step","ph":"X","ts":121598,"dur":7,"pid":1,"tid":6},
{"name":"Constraint /Biped/Rig/Movers/spine_to_bind/spine_ik_spine_1_bind_scale_to_spine_1_bind","cat":"step","ph":"X","ts":121606,"dur":5,"pid":1,"tid":6},
{"name":"Constraint /Biped/Rig/Movers/spine_to_bind/spine_ik_spine_1_bind_to_spine_1_bind","cat":"step","ph":"X","ts":121620,"dur":9,"pid":1,"tid":19},
{"name":"Constraint /Biped/Rig/Movers/spine_to_bind/spine_ik_spine_2_bind_scale_to_spine_2_bind","cat":"step","ph":"X","ts":121638,"dur":7,"pid":1,"tid":19},
{"name":"Constraint /Biped/Rig/Movers/spine_to_bind/spine_ik_spine_2_bind_to_spine_2_bind","cat":"step","ph":"X","ts":121652,"dur":8,"pid":1,"tid":19},
{"name":"Constraint /Biped/Rig/Movers/spine_to_bind/spine_ik_spine_3_bind_scale_to_spine_3_bind","cat":"step","ph":"X","ts":121661,"dur":6,"pid":1,"tid":19},
{"name":"Constraint /Biped/Rig/Movers/spine_to_bind/spine_ik_spine_3_bind_to_spine_3_bind","cat":"step","ph":"X","ts":121668,"dur":7,"pid":1,"tid":19},
{"name":"Constraint /Biped/Rig/Movers/spine_to_bind/spine_ik_spine_4_bind_scale_to_spine_4_bind","cat":"step","ph":"X","ts":121675,"dur":6,"pid":1,"tid":19},
{"name":"Constraint /Biped/Rig/Movers/spine_to_bind/spine_ik_spine_4_bind_to_spine_4_bind","cat":"step","ph":"X","ts":121682,"dur":11,"pid":1,"tid":19},
{"name":"Constraint /Biped/Rig/Movers/spine_to_bind/spine_ik_spine_5_bind_scale_to_spine_5_bind","cat":"step","ph":"X","ts":121693,"dur":6,"pid":1,"tid":19},
{"name":"Constraint /Biped/Rig/Movers/spine_to_bind/spine_ik_spine_5_bind_to_spine_5_bind","cat":"step","ph":"X","ts":121700,"dur":7,"pid":1,"tid":19},
{"name":"Constraint /Biped/Rig/Movers/spine_to_bind/spine_ik_chest_bind_scale_to_chest_bind","cat":"step","ph":"X","ts":121707,"dur":6,"pid":1,"tid":19},
{"name":"Constraint /Biped/Rig/Movers/spine_to_bind/spine_ik_chest_bind_to_chest_bind","cat":"step","ph":"X","ts":121714,"dur":7,"pid":1,"tid":19},
{"name":"Constraint /Biped/Rig/Movers/girdles/spine_end_ctl_drives_chest_bind","cat":"step","ph":"X","ts":121721,"dur":8,"pid":1,"tid":19},
{"name":"Constraint /Biped/Rig/Movers/girdles/pelvis_r_ctl_drives_pelvis_r_bind","cat":"step","ph":"X","ts":121587,"dur":2,"pid":1,"tid":19},
{"name":"Constraint /Biped/Rig/Movers/girdles/pelvis_l_ctl_drives_pelvis_l_bind","cat":"step","ph":"X","ts":121589,"dur":1,"pid":1,"tid":19},
{"name":"Constraint /Biped/Rig/Movers/girdles/clavicle_r_ctl_drives_clavicle_r_bind","cat":"step","ph":"X","ts":121729,"dur":2,"pid":1,"tid":19},
{"name":"Constraint /Biped/Rig/Movers/girdles/clavicle_l_ctl_drives_clavicle_l_bind","cat":"step","ph":"X","ts":121731,"dur":1,"pid":1,"tid":19},
{"name":"Constraint /Biped/Rig/Movers/girdles/spine_end_ctl_unsquashes_neck_base_bind","cat":"step","ph":"X","ts":121732,"dur":5,"pid":1,"tid":19},
{"name":"Constraint /Biped/Rig/Movers/girdles/clavicle_r_ctl_unsquashes_clavicle_r_bind","cat":"step","ph":"X","ts":121737,"dur":3,"pid":1,"tid":19},
{"name":"Constraint /Biped/Rig/Movers/girdles/clavicle_l_ctl_unsquashes_clavicle_l_bind","cat":"step","ph":"X","ts":121740,"dur":2,"pid":1,"tid":19},
{"name":"Constraint /Biped/Rig/Movers/neck_to_bind/neck_ik_neck_0_bind_scale_to_neck_0_bind","cat":"step","ph":"X","ts":121742,"dur":5,"pid":1,"tid":19},
{"name":"Constraint /Biped/Rig/Movers/neck_to_bind/neck_ik_neck_0_bind_to_neck_0_bind","cat":"step","ph":"X","ts":121753,"dur":8,"pid":1,"tid":0},
{"name":"Constraint /Biped/Rig/Movers/neck_to_bind/neck_ik_neck_1_bind_scale_to_neck_1_bind","cat":"step","ph":"X","ts":121765,"dur":5,"pid":1,"tid":17},
{"name":"Constraint /Biped/Rig/Movers/neck_to_bind/neck_ik_neck_1_bind_to_neck_1_bind","cat":"step","ph":"X","ts":121776,"dur":5,"pid":1,"tid":17},
{"name":"Constraint /Biped/Rig/Movers/neck_to_bind/neck_ik_neck_2_bind_scale_to_neck_2_bind","cat":"step","ph":"X","ts":121789,"dur":3,"pid":1,"tid":17},
{"name":"Constraint /Biped/Rig/Movers/neck_to_bind/neck_ik_neck_2_bind_to_neck_2_bind","cat":"step","ph":"X","ts":121799,"dur":6,"pid":1,"tid":17},
{"name":"Constraint /Biped/Rig/Movers/neck_to_bind/neck_ik_neck_3_bind_scale_to_neck_3_bind","cat":"step","ph":"X","ts":121805,"dur":4,"pid":1,"tid":17},
{"name":"Constraint /Biped/Rig/Movers/neck_to_bind/neck_ik_neck_3_bind_to_neck_3_bind","cat":"step","ph":"X","ts":121809,"dur":5,"pid":1,"tid":17},
{"name":"Constraint /Biped/Rig/Movers/neck_to_bind/neck_ik_skull_bind_scale_to_skull_bind","cat":"step","ph":"X","ts":121814,"dur":4,"pid":1,"tid":17},
{"name":"Constraint /Biped/Rig/Movers/neck_to_bind/neck_ik_skull_bind_to_skull_bind","cat":"step","ph":"X","ts":121818,"dur":9,"pid":1,"tid":17},
{"name":"Constraint /Biped/Rig/Movers/twist_aims/wristTwist_r_bind_copy","cat":"step","ph":"X","ts":121398,"dur":4,"pid":1,"tid":17},
{"name":"Constraint /Biped/Rig/Movers/twist_aims/wristTwist_r_bind_aim","cat":"step","ph":"X","ts":121418,"dur":7,"pid":1,"tid":30},
{"name":"Constraint /Biped/Rig/Movers/twist_aims/wristTwist_l_bind_copy","cat":"step","ph":"X","ts":121281,"dur":4,"pid":1,"tid":15},
{"name":"Constraint /Biped/Rig/Movers/twist_aims/wristTwist_l_bind_aim","cat":"step","ph":"X","ts":121402,"dur":4,"pid":1,"tid":17},
{"name":"Constraint /Biped/Rig/Movers/twist_aims/ankleTwist_r_bind_copy","cat":"step","ph":"X","ts":121561,"dur":3,"pid":1,"tid":29},
{"name":"Constraint /Biped/Rig/Movers/twist_aims/ankleTwist_r_bind_aim","cat":"step","ph":"X","ts":121590,"dur":6,"pid":1,"tid":19},
{"name":"Constraint /Biped/Rig/Movers/twist_aims/ankleTwist_l_bind_copy","cat":"step","ph":"X","ts":121543,"dur":8,"pid":1,"tid":26},
{"name":"Constraint /Biped/Rig/Movers/twist_aims/ankleTwist_l_bind_aim","cat":"step","ph":"X","ts":121564,"dur":3,"pid":1,"tid":29},
{"name":"Constraint /Biped/Rig/Movers/twist_aims/ankleTwist_l_bind_follows_ankle_l_bind","cat":"step","ph":"X","ts":121571,"dur":1,"pid":1,"tid":29},
{"name":"Constraint /Biped/Rig/Movers/twist_aims/wristTwist_r_bind_follows_wrist_r_bind","cat":"step","ph":"X","ts":121443,"dur":2,"pid":1,"tid":29},
{"name":"Constraint /Biped/Rig/Movers/twist_aims/wristTwist_l_bind_follows_wrist_l_bind","cat":"step","ph":"X","ts":121406,"dur":2,"pid":1,"tid":17},
{"name":"Constraint /Biped/Rig/Movers/twist_aims/thighNoTwist_r_bind_follows_thigh_r_bind","cat":"step","ph":"X","ts":121605,"dur":1,"pid":1,"tid":6},
{"name":"Constraint /Biped/Rig/Movers/twist_aims/thighNoTwist_l_bind_follows_thigh_l_bind","cat":"step","ph":"X","ts":121599,"dur":3,"pid":1,"tid":18},
{"name":"Constraint /Biped/Rig/Movers/twist_aims/shoulderNoTwist_r_bind_follows_shoulder_r_bind","cat":"step","ph":"X","ts":121761,"dur":1,"pid":1,"tid":0},
{"name":"Constraint /Biped/Rig/Movers/twist_aims/shoulderNoTwist_l_bind_follows_shoulder_l_bind","cat":"step","ph":"X","ts":121762,"dur":1,"pid":1,"tid":0},
{"name":"Constraint /Biped/Rig/Movers/twist_aims/pelvis_trans_r_bind_follows_thigh_r_bind","cat":"step","ph":"X","ts":121602,"dur":2,"pid":1,"tid":18},
{"name":"Constraint /Biped/Rig/Movers/twist_aims/pelvis_trans_l_bind_follows_thigh_l_bind","cat":"step","ph":"X","ts":121604,"dur":1,"pid":1,"tid":18},
{"name":"Constraint /Biped/Rig/Movers/twist_aims/clavicle_trans_r_bind_follows_shoulder_r_bind","cat":"step","ph":"X","ts":121754,"dur":2,"pid":1,"tid":19},
{"name":"Constraint /Biped/Rig/Movers/twist_aims/clavicle_trans_l_bind_follows_shoulder_l_bind","cat":"step","ph":"X","ts":121756,"dur":1,"pid":1,"tid":19},
{"name":"Constraint /Biped/Rig/Movers/twist_aims/pelvis_trans_r_bind_aim","cat":"step","ph":"X","ts":121611,"dur":2,"pid":1,"tid":6},
{"name":"Constraint /Biped/Rig/Movers/twist_aims/pelvis_trans_l_bind_aim","cat":"step","ph":"X","ts":121613,"dur":2,"pid":1,"tid":6},
{"name":"Constraint /Biped/Rig/Movers/twist_aims/kneeTwist_r_bind_aim","cat":"step","ph":"X","ts":121521,"dur":4,"pid":1,"tid":27},
{"name":"Constraint /Biped/Rig/Movers/twist_aims/kneeTwist_l_bind_aim","cat":"step","ph":"X","ts":121510,"dur":4,"pid":1,"tid":27},
{"name":"Constraint /Biped/Rig/Movers/twist_aims/thighNoTwist_r_bind_aim","cat":"step","ph":"X","ts":121615,"dur":2,"pid":1,"tid":6},
{"name":"Constraint /Biped/Rig/Movers/twist_aims/thighNoTwist_l_bind_aim","cat":"step","ph":"X","ts":121608,"dur":3,"pid":1,"tid":19},
{"name":"Constraint /Biped/Rig/Movers/twist_aims/clavicle_trans_r_bind_aim","cat":"step","ph":"X","ts":121770,"dur":4,"pid":1,"tid":17},
{"name":"Constraint /Biped/Rig/Movers/twist_aims/clavicle_trans_l_bind_aim","cat":"step","ph":"X","ts":121774,"dur":2,"pid":1,"tid":17},
{"name":"Constraint /Biped/Rig/Movers/twist_aims/elbowTwist_r_bind_aim","cat":"step","ph":"X","ts":121375,"dur":6,"pid":1,"tid":17},
{"name":"Constraint /Biped/Rig/Movers/twist_aims/elbowTwist_l_bind_aim","cat":"step","ph":"X","ts":121285,"dur":2,"pid":1,"tid":15},
{"name":"Constraint /Biped/Rig/Movers/twist_aims/shoulderNoTwist_r_bind_aim","cat":"step","ph":"X","ts":121763,"dur":3,"pid":1,"tid":0},
{"name":"Constraint /Biped/Rig/Movers/twist_aims/shoulderNoTwist_l_bind_aim","cat":"step","ph":"X","ts":121766,"dur":2,"pid":1,"tid":0},
{"name":"Constraint /Biped/Rig/Movers/pose_drivers/thigh_r_driver_copies_thigh_r_bind","cat":"step","ph":"X","ts":121629,"dur":4,"pid":1,"tid":19},
{"name":"Constraint /Biped/Rig/Movers/pose_drivers/thigh_l_driver_copies_thigh_l_bind","cat":"step","ph":"X","ts":121633,"dur":4,"pid":1,"tid":19},
{"name":"Constraint /Biped/Rig/Movers/pose_drivers/thigh_r_twist_driver_copies_thighNoTwist_r_bind","cat":"step","ph":"X","ts":121645,"dur":3,"pid":1,"tid":19},
{"name":"Constraint /Biped/Rig/Movers/pose_drivers/thigh_l_twist_driver_copies_thighNoTwist_l_bind","cat":"step","ph":"X","ts":121648,"dur":3,"pid":1,"tid":19},
{"name":"Constraint /Biped/Rig/Movers/pose_drivers/ankleTwist_r_driver_copies_ankleTwist_r_bind","cat":"step","ph":"X","ts":121611,"dur":4,"pid":1,"tid":19},
{"name":"Constraint /Biped/Rig/Movers/pose_drivers/ankleTwist_l_driver_copies_ankleTwist_l_bind","cat":"step","ph":"X","ts":121596,"dur":5,"pid":1,"tid":19},
{"name":"Constraint /Biped/Rig/Movers/pose_drivers/toe_r_driver_copies_ball_r_bind","cat":"step","ph":"X","ts":121573,"dur":2,"pid":1,"tid":29},
{"name":"Constraint /Biped/Rig/Movers/pose_drivers/toe_l_driver_copies_ball_l_bind","cat":"step","ph":"X","ts":121567,"dur":4,"pid":1,"tid":29},
{"name":"Constraint /Biped/Rig/Movers/pose_drivers/knee_r_driver_copies_knee_r_bind","cat":"step","ph":"X","ts":121551,"dur":3,"pid":1,"tid":26},
{"name":"Constraint /Biped/Rig/Movers/pose_drivers/knee_l_driver_copies_knee_l_bind","cat":"step","ph":"X","ts":121525,"dur":4,"pid":1,"tid":27},
{"name":"Constraint /Biped/Rig/Movers/pose_drivers/ankleSwing_r_driver_copies_ankle_r_bind","cat":"step","ph":"X","ts":121615,"dur":3,"pid":1,"tid":19},
{"name":"Constraint /Biped/Rig/Movers/pose_drivers/ankleSwing_l_driver_copies_ankle_l_bind","cat":"step","ph":"X","ts":121601,"dur":4,"pid":1,"tid":19},
{"name":"Constraint /Biped/Rig/Movers/pose_drivers/shoulder_r_driver_copies_shoulder_r_bind","cat":"step","ph":"X","ts":121781,"dur":4,"pid":1,"tid":17},
{"name":"Constraint /Biped/Rig/Movers/pose_drivers/shoulder_l_driver_copies_shoulder_l_bind","cat":"step","ph":"X","ts":121785,"dur":3,"pid":1,"tid":17},
{"name":"Constraint /Biped/Rig/Movers/pose_drivers/wristTwist_r_driver_copies_wristTwist_r_bind","cat":"step","ph":"X","ts":121458,"dur":8,"pid":1,"tid":27},
{"name":"Constraint /Biped/Rig/Movers/pose_drivers/wristTwist_l_driver_copies_wristTwist_l_bind","cat":"step","ph":"X","ts":121426,"dur":5,"pid":1,"tid":30},
{"name":"Constraint /Biped/Rig/Movers/pose_drivers/shoulder_r_twist_driver_copies_shoulderNoTwist_r_bind","cat":"step","ph":"X","ts":121792,"dur":4,"pid":1,"tid":17},
{"name":"Constraint /Biped/Rig/Movers/pose_drivers/shoulder_l_twist_driver_copies_shoulderNoTwist_l_bind","cat":"step","ph":"X","ts":121796,"dur":3,"pid":1,"tid":17},
{"name":"Constraint /Biped/Rig/Movers/pose_drivers/wristSwing_r_driver_copies_wrist_r_bind","cat":"step","ph":"X","ts":121446,"dur":6,"pid":1,"tid":29},
{"name":"Constraint /Biped/Rig/Movers/pose_drivers/wristSwing_l_driver_copies_wrist_l_bind","cat":"step","ph":"X","ts":121431,"dur":5,"pid":1,"tid":30},
{"name":"Constraint /Biped/Rig/Movers/pose_drivers/elbow_r_driver_copies_elbow_r_bind","cat":"step","ph":"X","ts":121408,"dur":4,"pid":1,"tid":17},
{"name":"Constraint /Biped/Rig/Movers/pose_drivers/elbow_l_driver_copies_elbow_l_bind","cat":"step","ph":"X","ts":121381,"dur":5,"pid":1,"tid":17},
{"name":"Constraint /Biped/Rig/Movers/param_follow/leg_r_params_to_ankle_r_bind","cat":"step","ph":"X","ts":121554,"dur":2,"pid":1,"tid":26},
{"name":"Constraint /Biped/Rig/Movers/param_follow/leg_l_params_to_ankle_l_bind","cat":"step","ph":"X","ts":121529,"dur":4,"pid":1,"tid":27},
{"name":"Constraint /Biped/Rig/Movers/param_follow/arm_r_params_to_wrist_r_bind","cat":"step","ph":"X","ts":121386,"dur":4,"pid":1,"tid":17},
{"name":"Constraint /Biped/Rig/Movers/param_follow/arm_l_params_to_wrist_l_bind","cat":"step","ph":"X","ts":121287,"dur":3,"pid":1,"tid":15},
{"name":"ProviderMatrix /Biped/Rig/Controls/leg_l_ik/ankle_l_pivot/bankIn_l_pivot/bankOut_l_pivot final","cat":"step","ph":"X","ts":121390,"dur":1,"pid":1,"tid":17},
{"name":"ProviderMatrix /Biped/Rig/Controls/leg_r_ik/ankle_r_pivot/bankIn_r_pivot/bankOut_r_pivot final","cat":"step","ph":"X","ts":121412,"dur":1,"pid":1,"tid":17},
{"name":"ProviderMatrix /Biped/Rig/Joints/hips_bind/pelvis_l_bind/pelvis_trans_combo_l_driver final","cat":"step","ph":"X","ts":121605,"dur":1,"pid":1,"tid":19},
{"name":"ProviderMatrix /Biped/Rig/Joints/hips_bind/pelvis_l_bind/thigh_l_bind/knee_l_bind/ankleTwist_l_bind/ankleSwing_l_driver final","cat":"step","ph":"X","ts":121618,"dur":1,"pid":1,"tid":19},
{"name":"ProviderMatrix /Biped/Rig/Joints/hips_bind/pelvis_l_bind/thigh_l_bind/knee_l_bind/ankle_l_bind/ball_l_bind/toe1_001_l_bind final","cat":"step","ph":"X","ts":121556,"dur":1,"pid":1,"tid":26},
{"name":"ProviderMatrix /Biped/Rig/Joints/hips_bind/pelvis_l_bind/thigh_l_bind/knee_l_bind/ankle_l_bind/ball_l_bind/toe3_001_l_bind/toe3_002_l_bind final","cat":"step","ph":"X","ts":121557,"dur":1,"pid":1,"tid":26},
{"name":"ProviderMatrix /Biped/Rig/Joints/hips_bind/pelvis_l_bind/thigh_l_bind/knee_l_bind/ankle_l_bind/ball_l_bind/toe5_001_l_bind/toe5_002_l_bind/toe5_003_l_bind final","cat":"step","ph":"X","ts":121558,"dur":1,"pid":1,"tid":26},
{"name":"ProviderMatrix /Biped/Rig/Joints/hips_bind/pelvis_r_bind/pelvis_trans_combo_r_driver final","cat":"step","ph":"X","ts":121606,"dur":1,"pid":1,"tid":19},
{"name":"ProviderMatrix /Biped/Rig/Joints/hips_bind/pelvis_r_bind/thighNoTwist_r_bind final","cat":"step","ph":"X","ts":121637,"dur":1,"pid":1,"tid":19},
{"name":"ProviderMatrix /Biped/Rig/Joints/hips_bind/pelvis_r_bind/thigh_r_bind final","cat":"step","ph":"X","ts":121533,"dur":1,"pid":1,"tid":27},
{"name":"ProviderMatrix /Biped/Rig/Joints/hips_bind/pelvis_r_bind/thigh_r_bind/knee_r_bind/ankle_r_bind/ball_r_bind/toe1_001_r_bind final","cat":"step","ph":"X","ts":121576,"dur":1,"pid":1,"tid":29},
{"name":"ProviderMatrix /Biped/Rig/Joints/hips_bind/pelvis_r_bind/thigh_r_bind/knee_r_bind/ankle_r_bind/ball_r_bind/toe2_001_r_bind/toe2_002_r_bind/toe2_003_r_bind final","cat":"step","ph":"X","ts":121577,"dur":1,"pid":1,"tid":29},
{"name":"ProviderMatrix /Biped/Rig/Joints/hips_bind/pelvis_r_bind/thigh_r_bind/knee_r_bind/ankle_r_bind/ball_r_bind/toe3_001_r_bind/toe3_002_r_bind/toe3_003_r_bind/toe3_004_r_bind final","cat":"step","ph":"X","ts":121578,"dur":1,"pid":1,"tid":29},
{"name":"ProviderMatrix /Biped/Rig/Joints/hips_bind/pelvis_r_bind/thigh_r_bind/knee_r_bind/ankle_r_bind/ball_r_bind/toe5_001_r_bind/toe5_002_r_bind/toe5_003_r_bind final","cat":"step","ph":"X","ts":121579,"dur":1,"pid":1,"tid":29},
{"name":"ProviderMatrix /Biped/Rig/Joints/hips_bind/spine_0_bind final","cat":"step","ph":"X","ts":121619,"dur":1,"pid":1,"tid":19},
{"name":"ProviderMatrix /Biped/Rig/Joints/hips_bind/spine_0_bind/spine_1_bind/spine_2_bind/spine_3_bind final","cat":"step","ph":"X","ts":121681,"dur":1,"pid":1,"tid":19},
{"name":"ProviderMatrix /Biped/Rig/Joints/hips_bind/spine_0_bind/spine_1_bind/spine_2_bind/spine_3_bind/spine_4_bind/spine_5_bind/chest_bind/clavicle_l_bind/shoulder_l_bind/elbow_l_bind/wristTwist_l_bind final","cat":"step","ph":"X","ts":121436,"dur":1,"pid":1,"tid":30},
{"name":"ProviderMatrix /Biped/Rig/Joints/hips_bind/spine_0_bind/spine_1_bind/spine_2_bind/spine_3_bind/spine_4_bind/spine_5_bind/chest_bind/clavicle_l_bind/shoulder_l_bind/elbow_l_bind/wrist_l_bind/index_001_l_bind/index_002_l_bind/index_003_l_bind final","cat":"step","ph":"X","ts":121437,"dur":1,"pid":1,"tid":30},
{"name":"ProviderMatrix /Biped/Rig/Joints/hips_bind/spine_0_bind/spine_1_bind/spine_2_bind/spine_3_bind/spine_4_bind/spine_5_bind/chest_bind/clavicle_l_bind/shoulder_l_bind/elbow_l_bind/wrist_l_bind/middle_001_l_bind/middle_002_l_bind final","cat":"step","ph":"X","ts":121438,"dur":1,"pid":1,"tid":30},
{"name":"ProviderMatrix /Biped/Rig/Joints/hips_bind/spine_0_bind/spine_1_bind/spine_2_bind/spine_3_bind/spine_4_bind/spine_5_bind/chest_bind/clavicle_l_bind/shoulder_l_bind/elbow_l_bind/wrist_l_bind/pinkyCup_l_bind final","cat":"step","ph":"X","ts":121452,"dur":1,"pid":1,"tid":29},
{"name":"ProviderMatrix /Biped/Rig/Joints/hips_bind/spine_0_bind/spine_1_bind/spine_2_bind/spine_3_bind/spine_4_bind/spine_5_bind/chest_bind/clavicle_l_bind/shoulder_l_bind/elbow_l_bind/wrist_l_bind/pinkyCup_l_bind/pinky_001_l_bind/pinky_002_l_bind/pinky_003_l_bind/pinky_004_l_bind/pinky_005_l_bind final","cat":"step","ph":"X","ts":121453,"dur":1,"pid":1,"tid":29},
{"name":"ProviderMatrix /Biped/Rig/Joints/hips_bind/spine_0_bind/spine_1_bind/spine_2_bind/spine_3_bind/spine_4_bind/spine_5_bind/chest_bind/clavicle_r_bind final","cat":"step","ph":"X","ts":121757,"dur":1,"pid":1,"tid":19},
{"name":"ProviderMatrix /Biped/Rig/Joints/hips_bind/spine_0_bind/spine_1_bind/spine_2_bind/spine_3_bind/spine_4_bind/spine_5_bind/chest_bind/clavicle_r_bind/shoulder_r_bind final","cat":"step","ph":"X","ts":121391,"dur":1,"pid":1,"tid":17},
{"name":"ProviderMatrix /Biped/Rig/Joints/hips_bind/spine_0_bind/spine_1_bind/spine_2_bind/spine_3_bind/spine_4_bind/spine_5_bind/chest_bind/clavicle_r_bind/shoulder_r_bind/elbow_r_bind/wristTwist_r_bind/wristSwing_r_driver final","cat":"step","ph":"X","ts":121476,"dur":1,"pid":1,"tid":27},
{"name":"ProviderMatrix /Biped/Rig/Joints/hips_bind/spine_0_bind/spine_1_bind/spine_2_bind/spine_3_bind/spine_4_bind/spine_5_bind/chest_bind/clavicle_r_bind/shoulder_r_bind/elbow_r_bind/wrist_r_bind/index_001_r_bind/index_002_r_bind/index_003_r_bind/index_004_r_bind final","cat":"step","ph":"X","ts":121454,"dur":1,"pid":1,"tid":29},
{"name":"ProviderMatrix /Biped/Rig/Joints/hips_bind/spine_0_bind/spine_1_bind/spine_2_bind/spine_3_bind/spine_4_bind/spine_5_bind/chest_bind/clavicle_r_bind/shoulder_r_bind/elbow_r_bind/wrist_r_bind/middle_001_r_bind/middle_002_r_bind/middle_003_r_bind/middle_004_r_bind/middle_005_r_bind final","cat":"step","ph":"X","ts":121455,"dur":1,"pid":1,"tid":29},
{"name":"ProviderMatrix /Biped/Rig/Joints/hips_bind/spine_0_bind/spine_1_bind/spine_2_bind/spine_3_bind/spine_4_bind/spine_5_bind/chest_bind/clavicle_r_bind/shoulder_r_bind/elbow_r_bind/wrist_r_bind/pinkyCup_r_bind/pinky_001_r_bind/pinky_002_combo_r_driver final","cat":"step","ph":"X","ts":121477,"dur":1,"pid":1,"tid":27},
{"name":"ProviderMatrix /Biped/Rig/Joints/hips_bind/spine_0_bind/spine_1_bind/spine_2_bind/spine_3_bind/spine_4_bind/spine_5_bind/chest_bind/clavicle_r_bind/shoulder_r_bind/elbow_r_bind/wrist_r_bind/thumbCup_r_bind final","cat":"step","ph":"X","ts":121456,"dur":1,"pid":1,"tid":29},
{"name":"ProviderMatrix /Biped/Rig/Joints/hips_bind/spine_0_bind/spine_1_bind/spine_2_bind/spine_3_bind/spine_4_bind/spine_5_bind/chest_bind/neck_base_bind/neck_0_bind final","cat":"step","ph":"X","ts":121768,"dur":1,"pid":1,"tid":0},
{"name":"ProviderMatrix /Biped/Rig/Joints/hips_bind/spine_0_bind/spine_1_bind/spine_2_bind/spine_3_bind/spine_4_bind/spine_5_bind/chest_bind/neck_base_bind/neck_0_bind/neck_1_bind/neck_2_bind/neck_3_bind/skull_bind/face_lower_bind/face_mid_bind/jaw_compression_driver final","cat":"step","ph":"X","ts":121827,"dur":1,"pid":1,"tid":17},
{"name":"ProviderMatrix /Biped/Rig/Joints/hips_bind/spine_0_bind/spine_1_bind/spine_2_bind/spine_3_bind/spine_4_bind/spine_5_bind/chest_bind/neck_base_bind/neck_0_bind/neck_1_bind/neck_2_bind/neck_3_bind/skull_bind/face_lower_bind/jaw_bind/teeth_lower_bind final","cat":"step","ph":"X","ts":121828,"dur":1,"pid":1,"tid":17},
{"name":"ProviderMatrix /Biped/Rig/Joints/hips_bind/spine_0_bind/spine_1_bind/spine_2_bind/spine_3_bind/spine_4_bind/spine_5_bind/chest_bind/neck_base_bind/neck_0_bind/neck_1_bind/neck_2_bind/neck_3_bind/skull_bind/face_upper_bind/eyeSocket_l_bind final","cat":"step","ph":"X","ts":121829,"dur":1,"pid":1,"tid":17},
{"name":"ProviderMatrix /Biped/Rig/Joints/neck_ik_neck_0_bind/neck_ik_neck_1_bind/neck_ik_neck_2_bind final","cat":"step","ph":"X","ts":121482,"dur":1,"pid":1,"tid":27},
{"name":"InfluenceFold /Biped/Rig/Movers/skin_body_geo/body_geo_skin","cat":"step","ph":"X","ts":121831,"dur":35,"pid":1,"tid":17},
{"name":"RevisionChunk /Biped/Rig/Movers/skin_body_geo/body_geo_skin","cat":"step","ph":"X","ts":121866,"dur":217,"pid":1,"tid":17},
{"name":"RevisionFuse /Biped/Rig/Movers/skin_body_geo/body_geo_skin","cat":"step","ph":"X","ts":122083,"dur":2,"pid":1,"tid":17},
{"name":"ChainStatus /Biped/Geom/body_geo.points","cat":"step","ph":"X","ts":122085,"dur":15,"pid":1,"tid":17},
{"name":"Derived /Biped/Geom/body_geo.extent","cat":"step","ph":"X","ts":122100,"dur":179,"pid":1,"tid":17},
{"name":"cluster 0","cat":"cluster","ph":"X","ts":121185,"dur":8,"pid":1,"tid":0,"args":{"level":"1","steps":"21","waitUs":"2"}},
{"name":"cluster 1","cat":"cluster","ph":"X","ts":121193,"dur":7,"pid":1,"tid":0,"args":{"level":"2","steps":"30","waitUs":"0"}},
{"name":"cluster 2","cat":"cluster","ph":"X","ts":121216,"dur":5,"pid":1,"tid":0,"args":{"level":"3","steps":"20","waitUs":"16"}},
{"name":"cluster 3","cat":"cluster","ph":"X","ts":121227,"dur":12,"pid":1,"tid":0,"args":{"level":"4","steps":"17","waitUs":"6"}},
{"name":"cluster 4","cat":"cluster","ph":"X","ts":121246,"dur":9,"pid":1,"tid":7,"args":{"level":"5","steps":"17","waitUs":"7"}},
{"name":"cluster 5","cat":"cluster","ph":"X","ts":121257,"dur":11,"pid":1,"tid":15,"args":{"level":"6","steps":"23","waitUs":"2"}},
{"name":"cluster 6","cat":"cluster","ph":"X","ts":121271,"dur":4,"pid":1,"tid":15,"args":{"level":"7","steps":"15","waitUs":"3"}},
{"name":"cluster 7","cat":"cluster","ph":"X","ts":121282,"dur":5,"pid":1,"tid":7,"args":{"level":"8","steps":"13","waitUs":"7"}},
{"name":"cluster 8","cat":"cluster","ph":"X","ts":121207,"dur":8,"pid":1,"tid":0,"args":{"level":"3","steps":"15","waitUs":"7"}},
{"name":"cluster 9","cat":"cluster","ph":"X","ts":121292,"dur":75,"pid":1,"tid":17,"args":{"level":"9","steps":"15","waitUs":"5"}},
{"name":"cluster 10","cat":"cluster","ph":"X","ts":121372,"dur":8,"pid":1,"tid":0,"args":{"level":"10","steps":"17","waitUs":"4"}},
{"name":"cluster 11","cat":"cluster","ph":"X","ts":121403,"dur":11,"pid":1,"tid":6,"args":{"level":"11","steps":"16","waitUs":"0"}},
{"name":"cluster 12","cat":"cluster","ph":"X","ts":121268,"dur":3,"pid":1,"tid":15,"args":{"level":"7","steps":"6","waitUs":"0"}},
{"name":"cluster 13","cat":"cluster","ph":"X","ts":121427,"dur":18,"pid":1,"tid":29,"args":{"level":"12","steps":"12","waitUs":"2"}},
{"name":"cluster 14","cat":"cluster","ph":"X","ts":121447,"dur":19,"pid":1,"tid":27,"args":{"level":"13","steps":"6","waitUs":"2"}},
{"name":"cluster 16","cat":"cluster","ph":"X","ts":121256,"dur":10,"pid":1,"tid":7,"args":{"level":"6","steps":"12","waitUs":"1"}},
{"name":"cluster 17","cat":"cluster","ph":"X","ts":121239,"dur":6,"pid":1,"tid":0,"args":{"level":"5","steps":"8","waitUs":"0"}},
{"name":"cluster 18","cat":"cluster","ph":"X","ts":121466,"dur":12,"pid":1,"tid":27,"args":{"level":"14","steps":"15","waitUs":"0"}},
{"name":"cluster 19","cat":"cluster","ph":"X","ts":121275,"dur":5,"pid":1,"tid":15,"args":{"level":"8","steps":"2","waitUs":"0"}},
{"name":"cluster 20","cat":"cluster","ph":"X","ts":121222,"dur":4,"pid":1,"tid":0,"args":{"level":"4","steps":"6","waitUs":"1"}},
{"name":"cluster 21","cat":"cluster","ph":"X","ts":121384,"dur":4,"pid":1,"tid":23,"args":{"level":"10","steps":"3","waitUs":"16"}},
{"name":"cluster 22","cat":"cluster","ph":"X","ts":121389,"dur":10,"pid":1,"tid":25,"args":{"level":"10","steps":"3","waitUs":"15"}},
{"name":"cluster 23","cat":"cluster","ph":"X","ts":121300,"dur":4,"pid":1,"tid":15,"args":{"level":"9","steps":"3","waitUs":"19"}},
{"name":"cluster 24","cat":"cluster","ph":"X","ts":121389,"dur":14,"pid":1,"tid":6,"args":{"level":"10","steps":"4","waitUs":"15"}},
{"name":"cluster 25","cat":"cluster","ph":"X","ts":121291,"dur":9,"pid":1,"tid":15,"args":{"level":"9","steps":"3","waitUs":"10"}},
{"name":"cluster 26","cat":"cluster","ph":"X","ts":121288,"dur":12,"pid":1,"tid":7,"args":{"level":"9","steps":"4","waitUs":"0"}},
{"name":"cluster 27","cat":"cluster","ph":"X","ts":121479,"dur":4,"pid":1,"tid":27,"args":{"level":"15","steps":"10","waitUs":"0"}},
{"name":"cluster 28","cat":"cluster","ph":"X","ts":121483,"dur":14,"pid":1,"tid":27,"args":{"level":"16","steps":"4","waitUs":"0"}},
{"name":"cluster 29","cat":"cluster","ph":"X","ts":121498,"dur":16,"pid":1,"tid":27,"args":{"level":"17","steps":"6","waitUs":"0"}},
{"name":"cluster 30","cat":"cluster","ph":"X","ts":121529,"dur":22,"pid":1,"tid":26,"args":{"level":"18","steps":"5","waitUs":"15"}},
{"name":"cluster 31","cat":"cluster","ph":"X","ts":121554,"dur":17,"pid":1,"tid":29,"args":{"level":"19","steps":"5","waitUs":"3"}},
{"name":"cluster 32","cat":"cluster","ph":"X","ts":121393,"dur":13,"pid":1,"tid":17,"args":{"level":"10","steps":"3","waitUs":"19"}},
{"name":"cluster 33","cat":"cluster","ph":"X","ts":121410,"dur":15,"pid":1,"tid":30,"args":{"level":"11","steps":"2","waitUs":"4"}},
{"name":"cluster 34","cat":"cluster","ph":"X","ts":121574,"dur":22,"pid":1,"tid":19,"args":{"level":"20","steps":"4","waitUs":"3"}},
{"name":"cluster 35","cat":"cluster","ph":"X","ts":121598,"dur":8,"pid":1,"tid":6,"args":{"level":"21","steps":"3","waitUs":"2"}},
{"name":"cluster 36","cat":"cluster","ph":"X","ts":121606,"dur":11,"pid":1,"tid":6,"args":{"level":"22","steps":"4","waitUs":"0"}},
{"name":"cluster 37","cat":"cluster","ph":"X","ts":121620,"dur":18,"pid":1,"tid":19,"args":{"level":"23","steps":"9","waitUs":"0"}},
{"name":"cluster 38","cat":"cluster","ph":"X","ts":121638,"dur":14,"pid":1,"tid":19,"args":{"level":"24","steps":"6","waitUs":"0"}},
{"name":"cluster 39","cat":"cluster","ph":"X","ts":121652,"dur":9,"pid":1,"tid":19,"args":{"level":"25","steps":"3","waitUs":"0"}},
{"name":"cluster 40","cat":"cluster","ph":"X","ts":121661,"dur":6,"pid":1,"tid":19,"args":{"level":"26","steps":"2","waitUs":"0"}},
{"name":"cluster 41","cat":"cluster","ph":"X","ts":121668,"dur":7,"pid":1,"tid":19,"args":{"level":"27","steps":"1","waitUs":"1"}},
{"name":"cluster 42","cat":"cluster","ph":"X","ts":121675,"dur":7,"pid":1,"tid":19,"args":{"level":"28","steps":"2","waitUs":"0"}},
{"name":"cluster 43","cat":"cluster","ph":"X","ts":121682,"dur":11,"pid":1,"tid":19,"args":{"level":"29","steps":"1","waitUs":"0"}},
{"name":"cluster 44","cat":"cluster","ph":"X","ts":121693,"dur":6,"pid":1,"tid":19,"args":{"level":"30","steps":"2","waitUs":"0"}},
{"name":"cluster 45","cat":"cluster","ph":"X","ts":121700,"dur":7,"pid":1,"tid":19,"args":{"level":"31","steps":"1","waitUs":"0"}},
{"name":"cluster 46","cat":"cluster","ph":"X","ts":121707,"dur":7,"pid":1,"tid":19,"args":{"level":"32","steps":"2","waitUs":"0"}},
{"name":"cluster 47","cat":"cluster","ph":"X","ts":121714,"dur":7,"pid":1,"tid":19,"args":{"level":"33","steps":"1","waitUs":"0"}},
{"name":"cluster 48","cat":"cluster","ph":"X","ts":121721,"dur":8,"pid":1,"tid":19,"args":{"level":"34","steps":"1","waitUs":"0"}},
{"name":"cluster 49","cat":"cluster","ph":"X","ts":121729,"dur":8,"pid":1,"tid":19,"args":{"level":"35","steps":"4","waitUs":"0"}},
{"name":"cluster 50","cat":"cluster","ph":"X","ts":121737,"dur":10,"pid":1,"tid":19,"args":{"level":"36","steps":"4","waitUs":"0"}},
{"name":"cluster 51","cat":"cluster","ph":"X","ts":121753,"dur":10,"pid":1,"tid":0,"args":{"level":"37","steps":"3","waitUs":"6"}},
{"name":"cluster 52","cat":"cluster","ph":"X","ts":121765,"dur":11,"pid":1,"tid":17,"args":{"level":"38","steps":"3","waitUs":"2"}},
{"name":"cluster 53","cat":"cluster","ph":"X","ts":121776,"dur":13,"pid":1,"tid":17,"args":{"level":"39","steps":"7","waitUs":"0"}},
{"name":"cluster 54","cat":"cluster","ph":"X","ts":121789,"dur":10,"pid":1,"tid":17,"args":{"level":"40","steps":"6","waitUs":"0"}},
{"name":"cluster 55","cat":"cluster","ph":"X","ts":121799,"dur":6,"pid":1,"tid":17,"args":{"level":"41","steps":"3","waitUs":"0"}},
{"name":"cluster 56","cat":"cluster","ph":"X","ts":121805,"dur":4,"pid":1,"tid":17,"args":{"level":"42","steps":"2","waitUs":"0"}},
{"name":"cluster 57","cat":"cluster","ph":"X","ts":121809,"dur":5,"pid":1,"tid":17,"args":{"level":"43","steps":"1","waitUs":"0"}},
{"name":"cluster 58","cat":"cluster","ph":"X","ts":121814,"dur":4,"pid":1,"tid":17,"args":{"level":"44","steps":"2","waitUs":"0"}},
{"name":"cluster 59","cat":"cluster","ph":"X","ts":121818,"dur":13,"pid":1,"tid":17,"args":{"level":"46","steps":"28","waitUs":"0"}},
{"name":"cluster 60","cat":"cluster","ph":"X","ts":121281,"dur":10,"pid":1,"tid":15,"args":{"level":"9","steps":"7","waitUs":"0"}},
{"name":"cluster 61","cat":"cluster","ph":"X","ts":121571,"dur":9,"pid":1,"tid":29,"args":{"level":"20","steps":"27","waitUs":"0"}},
{"name":"cluster 62","cat":"cluster","ph":"X","ts":121406,"dur":7,"pid":1,"tid":17,"args":{"level":"11","steps":"7","waitUs":"0"}},
{"name":"cluster 63","cat":"cluster","ph":"X","ts":121599,"dur":6,"pid":1,"tid":18,"args":{"level":"21","steps":"3","waitUs":"3"}},
{"name":"cluster 64","cat":"cluster","ph":"X","ts":121754,"dur":4,"pid":1,"tid":19,"args":{"level":"37","steps":"8","waitUs":"7"}},
{"name":"cluster 65","cat":"cluster","ph":"X","ts":121521,"dur":13,"pid":1,"tid":27,"args":{"level":"18","steps":"7","waitUs":"7"}},
{"name":"cluster 66","cat":"cluster","ph":"X","ts":121607,"dur":13,"pid":1,"tid":19,"args":{"level":"22","steps":"7","waitUs":"0"}},
{"name":"cluster 67","cat":"cluster","ph":"X","ts":121374,"dur":18,"pid":1,"tid":17,"args":{"level":"10","steps":"9","waitUs":"0"}},
{"name":"cluster 68","cat":"cluster","ph":"X","ts":121763,"dur":6,"pid":1,"tid":0,"args":{"level":"38","steps":"3","waitUs":"0"}},
{"name":"cluster 69","cat":"cluster","ph":"X","ts":121596,"dur":11,"pid":1,"tid":19,"args":{"level":"21","steps":"10","waitUs":"0"}},
{"name":"cluster 70","cat":"cluster","ph":"X","ts":121551,"dur":8,"pid":1,"tid":26,"args":{"level":"19","steps":"27","waitUs":"0"}},
{"name":"cluster 71","cat":"cluster","ph":"X","ts":121426,"dur":16,"pid":1,"tid":30,"args":{"level":"12","steps":"30","waitUs":"0"}},
{"name":"cluster 72","cat":"cluster","ph":"X","ts":121446,"dur":11,"pid":1,"tid":29,"args":{"level":"13","steps":"36","waitUs":"0"}},
{"name":"cluster 73","cat":"cluster","ph":"X","ts":121831,"dur":35,"pid":1,"tid":17,"args":{"level":"47","steps":"1","waitUs":"0"}},
{"name":"cluster 74","cat":"cluster","ph":"X","ts":121866,"dur":217,"pid":1,"tid":17,"args":{"level":"48","steps":"1","waitUs":"0"}},
{"name":"cluster 75","cat":"cluster","ph":"X","ts":122083,"dur":196,"pid":1,"tid":17,"args":{"level":"51","steps":"3","waitUs":"0"}},
{"name":"BakedPublish","cat":"baked","ph":"X","ts":122377,"dur":58,"pid":1,"tid":0},
{"name":"BakedEpilogue","cat":"baked","ph":"X","ts":122285,"dur":156,"pid":1,"tid":0},
{"name":"Baked","cat":"baked","ph":"X","ts":121033,"dur":1409,"pid":1,"tid":0},
{"name":"Evaluate.Run","cat":"evaluate","ph":"X","ts":121033,"dur":1409,"pid":1,"tid":0},
{"name":"Evaluate@8","cat":"evaluate","ph":"X","ts":121031,"dur":1412,"pid":1,"tid":0},
{"name":"Evaluate.Settle","cat":"evaluate","ph":"X","ts":122461,"dur":0,"pid":1,"tid":0},
{"name":"Evaluate.PlaceOverrides","cat":"evaluate","ph":"X","ts":122461,"dur":0,"pid":1,"tid":0},
{"name":"PropertyChains","cat":"property","ph":"X","ts":122464,"dur":6,"pid":1,"tid":0},
{"name":"BakedInputs","cat":"baked","ph":"X","ts":122471,"dur":7,"pid":1,"tid":0},
{"name":"BakedChainBase","cat":"geometry","ph":"X","ts":122584,"dur":3,"pid":1,"tid":0},
{"name":"BakedPrologue","cat":"baked","ph":"X","ts":122463,"dur":124,"pid":1,"tid":0},
{"name":"BakedRegion","cat":"baked","ph":"X","ts":122588,"dur":1005,"pid":1,"tid":0},
{"name":"ComposeSubtree /Biped/Rig/Controls/arm_l_ik","cat":"step","ph":"X","ts":122617,"dur":1,"pid":1,"tid":0},
{"name":"ComposeSubtree /Biped/Rig/Controls/arm_l_pv","cat":"step","ph":"X","ts":122618,"dur":1,"pid":1,"tid":0},
{"name":"ComposeSubtree /Biped/Rig/Controls/hips_ctl","cat":"step","ph":"X","ts":122619,"dur":1,"pid":1,"tid":0},
{"name":"ComposeSubtree /Biped/Rig/Controls/hips_ctl/spine_root_pivot/spine_root_ctl/pelvis_l_ctl/leg_l_root/leg_l_fk_thigh_l_bind/leg_l_fk_knee_l_bind","cat":"step","ph":"X","ts":122656,"dur":1,"pid":1,"tid":17},
{"name":"ComposeSubtree /Biped/Rig/Controls/hips_ctl/spine_root_pivot/spine_root_ctl/pelvis_r_ctl/leg_r_root/leg_r_fk_thigh_r_bind","cat":"step","ph":"X","ts":122657,"dur":1,"pid":1,"tid":17},
{"name":"ComposeSubtree /Biped/Rig/Controls/hips_ctl/spine_root_pivot/spine_root_ctl/pelvis_r_ctl/leg_r_root/leg_r_fk_thigh_r_bind/leg_r_fk_knee_r_bind","cat":"step","ph":"X","ts":122683,"dur":1,"pid":1,"tid":1},
{"name":"ComposeSubtree /Biped/Rig/Controls/hips_ctl/torso_ctl/spine_end_pivot/spine_end_ctl","cat":"step","ph":"X","ts":122648,"dur":1,"pid":1,"tid":0},
{"name":"ComposeSubtree /Biped/Rig/Controls/hips_ctl/torso_ctl/spine_end_pivot/spine_end_ctl/clavicle_l_ctl/arm_l_root/arm_l_fk_shoulder_l_bind/arm_l_fk_elbow_l_bind","cat":"step","ph":"X","ts":122684,"dur":1,"pid":1,"tid":1},
{"name":"ComposeSubtree /Biped/Rig/Controls/hips_ctl/torso_ctl/spine_end_pivot/spine_end_ctl/clavicle_r_ctl","cat":"step","ph":"X","ts":122658,"dur":1,"pid":1,"tid":17},
{"name":"ComposeSubtree /Biped/Rig/Controls/hips_ctl/torso_ctl/spine_end_pivot/spine_end_ctl/clavicle_r_ctl/arm_r_root/arm_r_fk_shoulder_r_bind/arm_r_fk_elbow_r_bind","cat":"step","ph":"X","ts":122698,"dur":1,"pid":1,"tid":18},
{"name":"ComposeSubtree /Biped/Rig/Controls/hips_ctl/torso_ctl/spine_end_pivot/spine_end_ctl/neck_root_ctl/neck_end_pivot","cat":"step","ph":"X","ts":122685,"dur":1,"pid":1,"tid":1},
{"name":"ComposeSubtree /Biped/Rig/Controls/index_001_l_bind_fk_follow/index_001_l_bind_fk/index_002_l_bind_fk","cat":"step","ph":"X","ts":122626,"dur":1,"pid":1,"tid":0},
{"name":"ComposeSubtree /Biped/Rig/Controls/leg_l_ik","cat":"step","ph":"X","ts":122620,"dur":1,"pid":1,"tid":0},
{"name":"ComposeSubtree /Biped/Rig/Controls/leg_l_ik/ankle_l_pivot/bankIn_l_pivot/bankOut_l_pivot/heel_l_roll/heel_l/ball_l_pivot","cat":"step","ph":"X","ts":122659,"dur":1,"pid":1,"tid":17},
{"name":"ComposeSubtree /Biped/Rig/Controls/leg_l_ik/ankle_l_pivot/bankIn_l_pivot/bankOut_l_pivot/heel_l_roll/heel_l/ball_l_pivot/toe_l_roll/toe_l","cat":"step","ph":"X","ts":122686,"dur":1,"pid":1,"tid":1},
{"name":"ComposeSubtree /Biped/Rig/Controls/leg_l_ik/ankle_l_pivot/bankIn_l_pivot/bankOut_l_pivot/heel_l_roll/heel_l/ball_l_pivot/toe_l_roll/toe_l/ballRoll_l_up/ballRoll_l_down","cat":"step","ph":"X","ts":122699,"dur":1,"pid":1,"tid":18},
{"name":"ComposeSubtree /Biped/Rig/Controls/leg_l_ik/ankle_l_pivot/bankIn_l_pivot/bankOut_l_pivot/heel_l_roll/heel_l/ball_l_pivot/toe_l_roll/toe_l/ballRoll_l_up/ballRoll_l_down_twin","cat":"step","ph":"X","ts":122700,"dur":1,"pid":1,"tid":18},
{"name":"ComposeSubtree /Biped/Rig/Controls/leg_l_ik/ankle_l_pivot/bankIn_l_pivot/bankOut_l_pivot/heel_l_roll/heel_l/ball_l_pivot/toe_l_roll/toe_l/toeBend_l/toeBend_l_fk","cat":"step","ph":"X","ts":122715,"dur":1,"pid":1,"tid":18},
{"name":"ComposeSubtree /Biped/Rig/Controls/leg_l_ik/ankle_l_pivot/bankIn_l_pivot/bankOut_l_pivot/heel_l_roll/heel_l/ball_l_pivot/toe_l_roll_twin","cat":"step","ph":"X","ts":122687,"dur":1,"pid":1,"tid":1},
{"name":"ComposeSubtree /Biped/Rig/Controls/leg_l_ik/ankle_l_pivot/bankIn_l_pivot/bankOut_l_pivot_twin","cat":"step","ph":"X","ts":122649,"dur":1,"pid":1,"tid":0},
{"name":"ComposeSubtree /Biped/Rig/Controls/leg_r_ik/ankle_r_pivot","cat":"step","ph":"X","ts":122627,"dur":1,"pid":1,"tid":0},
{"name":"ComposeSubtree /Biped/Rig/Controls/leg_r_ik/ankle_r_pivot/bankIn_r_pivot/bankOut_r_pivot/heel_r_roll/heel_r/ball_r_pivot/toe_r_roll","cat":"step","ph":"X","ts":122688,"dur":1,"pid":1,"tid":1},
{"name":"ComposeSubtree /Biped/Rig/Controls/leg_r_ik/ankle_r_pivot/bankIn_r_pivot/bankOut_r_pivot/heel_r_roll/heel_r/ball_r_pivot/toe_r_roll/toe_r/ballRoll_r_up","cat":"step","ph":"X","ts":122701,"dur":1,"pid":1,"tid":18},
{"name":"ComposeSubtree /Biped/Rig/Controls/leg_r_ik/ankle_r_pivot/bankIn_r_pivot/bankOut_r_pivot/heel_r_roll/heel_r/ball_r_pivot/toe_r_roll/toe_r/ballRoll_r_up/ballRoll_r_down/ballRoll_r/ball_r_ikTarget","cat":"step","ph":"X","ts":122727,"dur":2,"pid":1,"tid":22},
{"name":"ComposeSubtree /Biped/Rig/Controls/leg_r_ik/ankle_r_pivot/bankIn_r_pivot/bankOut_r_pivot/heel_r_roll/heel_r/ball_r_pivot/toe_r_roll/toe_r/ballRoll_r_up_twin","cat":"step","ph":"X","ts":122702,"dur":1,"pid":1,"tid":18},
{"name":"ComposeSubtree /Biped/Rig/Controls/leg_r_ik/ankle_r_pivot/bankIn_r_pivot/bankOut_r_pivot/heel_r_roll/heel_r/ball_r_pivot/toe_r_roll/toe_r/toeBend_r/toeBend_r_fk","cat":"step","ph":"X","ts":122716,"dur":1,"pid":1,"tid":18},
{"name":"ComposeSubtree /Biped/Rig/Controls/leg_r_ik/ankle_r_pivot/bankIn_r_pivot/bankOut_r_pivot/heel_r_roll/heel_r/ball_r_pivot/toe_r_roll_twin","cat":"step","ph":"X","ts":122689,"dur":1,"pid":1,"tid":1},
{"name":"ComposeSubtree /Biped/Rig/Controls/leg_r_ik/ankle_r_pivot/bankIn_r_pivot/bankOut_r_pivot_twin","cat":"step","ph":"X","ts":122650,"dur":1,"pid":1,"tid":0},
{"name":"ComposeSubtree /Biped/Rig/Controls/pinkyCup_l_bind_fk_follow/pinkyCup_l_bind_fk/pinky_001_l_bind_fk/pinky_002_l_bind_fk/pinky_003_l_bind_fk","cat":"step","ph":"X","ts":122651,"dur":1,"pid":1,"tid":0},
{"name":"ComposeSubtree /Biped/Rig/Controls/pinkyCup_r_bind_fk_follow","cat":"step","ph":"X","ts":122622,"dur":1,"pid":1,"tid":0},
{"name":"ComposeSubtree /Biped/Rig/Controls/pinkyCup_r_bind_fk_follow/pinkyCup_r_bind_fk/pinky_001_r_bind_fk","cat":"step","ph":"X","ts":122628,"dur":1,"pid":1,"tid":0},
{"name":"ComposeSubtree /Biped/Rig/Controls/ring_001_r_bind_fk_follow/ring_001_r_bind_fk/ring_002_r_bind_fk/ring_003_r_bind_fk","cat":"step","ph":"X","ts":122652,"dur":1,"pid":1,"tid":0},
{"name":"ComposeSubtree /Biped/Rig/Joints/ankle_l_pivot/bankIn_l_pivot/bankOut_l_pivot","cat":"step","ph":"X","ts":122629,"dur":1,"pid":1,"tid":0},
{"name":"ComposeSubtree /Biped/Rig/Joints/ankle_l_pivot/bankIn_l_pivot/bankOut_l_pivot/heel_l_pivot/ball_l_pivot/toe_l_pivot/ballRoll_l_pivot","cat":"step","ph":"X","ts":122660,"dur":1,"pid":1,"tid":17},
{"name":"ComposeSubtree /Biped/Rig/Joints/ankle_r_pivot","cat":"step","ph":"X","ts":122624,"dur":1,"pid":1,"tid":0},
{"name":"ComposeSubtree /Biped/Rig/Joints/ankle_r_pivot/bankIn_r_pivot/bankOut_r_pivot/heel_r_pivot/ball_r_pivot","cat":"step","ph":"X","ts":122653,"dur":1,"pid":1,"tid":0},
{"name":"ComposeSubtree /Biped/Rig/Joints/hips_bind/pelvis_l_bind/thigh_l_bind/knee_l_bind/ankleTwist_l_driver","cat":"step","ph":"X","ts":122640,"dur":1,"pid":1,"tid":0},
{"name":"ComposeSubtree /Biped/Rig/Joints/hips_bind/pelvis_l_bind/thigh_l_bind/knee_l_bind/ankle_l_bind/ball_l_bind","cat":"step","ph":"X","ts":122661,"dur":1,"pid":1,"tid":17},
{"name":"ComposeSubtree /Biped/Rig/Joints/hips_bind/pelvis_l_bind/thigh_l_bind/knee_l_bind/ankle_l_bind/ball_l_bind/toe2_001_l_bind","cat":"step","ph":"X","ts":122690,"dur":1,"pid":1,"tid":1},
{"name":"ComposeSubtree /Biped/Rig/Joints/hips_bind/pelvis_l_bind/thigh_l_bind/knee_l_bind/ankle_l_bind/ball_l_bind/toe2_001_l_bind/toe2_002_l_bind/toe2_003_l_bind","cat":"step","ph":"X","ts":122703,"dur":1,"pid":1,"tid":18},
{"name":"ComposeSubtree /Biped/Rig/Joints/hips_bind/pelvis_l_bind/thigh_l_bind/knee_l_bind/ankle_l_bind/ball_l_bind/toe4_001_l_bind","cat":"step","ph":"X","ts":122691,"dur":1,"pid":1,"tid":1},
{"name":"ComposeSubtree /Biped/Rig/Joints/hips_bind/pelvis_l_bind/thigh_l_bind/knee_l_bind/ankle_l_bind/ball_l_bind/toe4_001_l_bind/toe4_002_l_bind/toe4_003_l_bind","cat":"step","ph":"X","ts":122704,"dur":1,"pid":1,"tid":18},
{"name":"ComposeSubtree /Biped/Rig/Joints/hips_bind/pelvis_l_bind/thigh_l_bind/knee_l_bind/ankle_l_bind/ball_l_bind/toe_l_bind","cat":"step","ph":"X","ts":122692,"dur":1,"pid":1,"tid":1},
{"name":"ComposeSubtree /Biped/Rig/Joints/hips_bind/pelvis_r_bind/thigh_r_bind","cat":"step","ph":"X","ts":122641,"dur":1,"pid":1,"tid":0},
{"name":"ComposeSubtree /Biped/Rig/Joints/hips_bind/pelvis_r_bind/thigh_r_bind/knee_r_bind/ankleTwist_r_bind","cat":"step","ph":"X","ts":122662,"dur":1,"pid":1,"tid":17},
{"name":"ComposeSubtree /Biped/Rig/Joints/hips_bind/pelvis_r_bind/thigh_r_bind/knee_r_bind/ankle_r_bind/ball_r_bind","cat":"step","ph":"X","ts":122693,"dur":1,"pid":1,"tid":1},
{"name":"ComposeSubtree /Biped/Rig/Joints/hips_bind/pelvis_r_bind/thigh_r_bind/knee_r_bind/ankle_r_bind/ball_r_bind/toe1_001_r_bind/toe1_002_r_bind","cat":"step","ph":"X","ts":122705,"dur":1,"pid":1,"tid":18},
{"name":"ComposeSubtree /Biped/Rig/Joints/hips_bind/pelvis_r_bind/thigh_r_bind/knee_r_bind/ankle_r_bind/ball_r_bind/toe2_001_r_bind/toe2_002_r_bind/toe2_003_r_bind","cat":"step","ph":"X","ts":122717,"dur":1,"pid":1,"tid":18},
{"name":"ComposeSubtree /Biped/Rig/Joints/hips_bind/pelvis_r_bind/thigh_r_bind/knee_r_bind/ankle_r_bind/ball_r_bind/toe3_001_r_bind","cat":"step","ph":"X","ts":122706,"dur":1,"pid":1,"tid":18},
{"name":"ComposeSubtree /Biped/Rig/Joints/hips_bind/pelvis_r_bind/thigh_r_bind/knee_r_bind/ankle_r_bind/ball_r_bind/toe4_001_r_bind/toe4_002_r_bind/toe4_003_r_bind","cat":"step","ph":"X","ts":122718,"dur":1,"pid":1,"tid":18},
{"name":"ComposeSubtree /Biped/Rig/Joints/hips_bind/pelvis_r_bind/thigh_r_bind/knee_r_bind/ankle_r_bind/ball_r_bind/toe5_001_r_bind","cat":"step","ph":"X","ts":122707,"dur":1,"pid":1,"tid":18},
{"name":"ComposeSubtree /Biped/Rig/Joints/hips_bind/pelvis_r_bind/thigh_r_bind/knee_r_bind/kneeTwist_r_bind","cat":"step","ph":"X","ts":122663,"dur":1,"pid":1,"tid":17},
{"name":"ComposeSubtree /Biped/Rig/Joints/hips_bind/spine_0_bind","cat":"step","ph":"X","ts":122631,"dur":1,"pid":1,"tid":0},
{"name":"ComposeSubtree /Biped/Rig/Joints/hips_bind/spine_0_bind/spine_1_bind/spine_2_bind/spine_3_bind/spine_4_bind/spine_5_bind/chest_bind/clavicle_l_bind/clavicle_trans_l_bind/shoulder_l_driver","cat":"step","ph":"X","ts":122719,"dur":1,"pid":1,"tid":18},
{"name":"ComposeSubtree /Biped/Rig/Joints/hips_bind/spine_0_bind/spine_1_bind/spine_2_bind/spine_3_bind/spine_4_bind/spine_5_bind/chest_bind/clavicle_l_bind/shoulderNoTwist_l_bind","cat":"step","ph":"X","ts":122709,"dur":1,"pid":1,"tid":18},
{"name":"ComposeSubtree /Biped/Rig/Joints/hips_bind/spine_0_bind/spine_1_bind/spine_2_bind/spine_3_bind/spine_4_bind/spine_5_bind/chest_bind/clavicle_l_bind/shoulder_l_bind/elbow_l_bind/wristTwist_l_bind","cat":"step","ph":"X","ts":122720,"dur":1,"pid":1,"tid":18},
{"name":"ComposeSubtree /Biped/Rig/Joints/hips_bind/spine_0_bind/spine_1_bind/spine_2_bind/spine_3_bind/spine_4_bind/spine_5_bind/chest_bind/clavicle_l_bind/shoulder_l_bind/elbow_l_bind/wrist_l_bind/index_001_l_bind","cat":"step","ph":"X","ts":122729,"dur":1,"pid":1,"tid":22},
{"name":"ComposeSubtree /Biped/Rig/Joints/hips_bind/spine_0_bind/spine_1_bind/spine_2_bind/spine_3_bind/spine_4_bind/spine_5_bind/chest_bind/clavicle_l_bind/shoulder_l_bind/elbow_l_bind/wrist_l_bind/index_001_l_bind/index_002_l_bind","cat":"step","ph":"X","ts":122738,"dur":2,"pid":1,"tid":21},
{"name":"ComposeSubtree /Biped/Rig/Joints/hips_bind/spine_0_bind/spine_1_bind/spine_2_bind/spine_3_bind/spine_4_bind/spine_5_bind/chest_bind/clavicle_l_bind/shoulder_l_bind/elbow_l_bind/wrist_l_bind/index_001_l_bind/index_002_l_bind/index_003_l_bind/index_004_l_bind","cat":"step","ph":"X","ts":122756,"dur":2,"pid":1,"tid":7},
{"name":"ComposeSubtree /Biped/Rig/Joints/hips_bind/spine_0_bind/spine_1_bind/spine_2_bind/spine_3_bind/spine_4_bind/spine_5_bind/chest_bind/clavicle_l_bind/shoulder_l_bind/elbow_l_bind/wrist_l_bind/pinkyCup_l_bind","cat":"step","ph":"X","ts":122730,"dur":1,"pid":1,"tid":22},
{"name":"ComposeSubtree /Biped/Rig/Joints/hips_bind/spine_0_bind/spine_1_bind/spine_2_bind/spine_3_bind/spine_4_bind/spine_5_bind/chest_bind/clavicle_l_bind/shoulder_l_bind/elbow_l_bind/wrist_l_bind/pinkyCup_l_bind/pinky_001_l_bind/pinky_002_l_bind/pinky_003_l_bind","cat":"step","ph":"X","ts":122758,"dur":1,"pid":1,"tid":7},
{"name":"ComposeSubtree /Biped/Rig/Joints/hips_bind/spine_0_bind/spine_1_bind/spine_2_bind/spine_3_bind/spine_4_bind/spine_5_bind/chest_bind/clavicle_l_bind/shoulder_l_bind/elbow_l_bind/wrist_l_bind/pinkyCup_l_bind/pinky_001_l_bind/pinky_002_l_bind/pinky_003_l_bind/pinky_004_l_bind","cat":"step","ph":"X","ts":122795,"dur":1,"pid":1,"tid":26},
{"name":"ComposeSubtree /Biped/Rig/Joints/hips_bind/spine_0_bind/spine_1_bind/spine_2_bind/spine_3_bind/spine_4_bind/spine_5_bind/chest_bind/clavicle_l_bind/shoulder_l_bind/elbow_l_bind/wrist_l_bind/ring_001_l_bind/ring_002_l_bind","cat":"step","ph":"X","ts":122741,"dur":1,"pid":1,"tid":21},
{"name":"ComposeSubtree /Biped/Rig/Joints/hips_bind/spine_0_bind/spine_1_bind/spine_2_bind/spine_3_bind/spine_4_bind/spine_5_bind/chest_bind/clavicle_l_bind/shoulder_l_bind/elbow_l_bind/wrist_l_bind/thumbCup_l_bind","cat":"step","ph":"X","ts":122731,"dur":1,"pid":1,"tid":22},
{"name":"ComposeSubtree /Biped/Rig/Joints/hips_bind/spine_0_bind/spine_1_bind/spine_2_bind/spine_3_bind/spine_4_bind/spine_5_bind/chest_bind/clavicle_r_bind","cat":"step","ph":"X","ts":122710,"dur":1,"pid":1,"tid":18},
{"name":"ComposeSubtree /Biped/Rig/Joints/hips_bind/spine_0_bind/spine_1_bind/spine_2_bind/spine_3_bind/spine_4_bind/spine_5_bind/chest_bind/clavicle_r_bind/shoulder_r_bind/elbow_r_bind/elbowTwist_r_bind","cat":"step","ph":"X","ts":122732,"dur":1,"pid":1,"tid":22},
{"name":"ComposeSubtree /Biped/Rig/Joints/hips_bind/spine_0_bind/spine_1_bind/spine_2_bind/spine_3_bind/spine_4_bind/spine_5_bind/chest_bind/clavicle_r_bind/shoulder_r_bind/elbow_r_bind/wristTwist_r_driver","cat":"step","ph":"X","ts":122733,"dur":1,"pid":1,"tid":22},
{"name":"ComposeSubtree /Biped/Rig/Joints/hips_bind/spine_0_bind/spine_1_bind/spine_2_bind/spine_3_bind/spine_4_bind/spine_5_bind/chest_bind/clavicle_r_bind/shoulder_r_bind/elbow_r_bind/wrist_r_bind/index_001_r_bind","cat":"step","ph":"X","ts":122742,"dur":1,"pid":1,"tid":21},
{"name":"ComposeSubtree /Biped/Rig/Joints/hips_bind/spine_0_bind/spine_1_bind/spine_2_bind/spine_3_bind/spine_4_bind/spine_5_bind/chest_bind/clavicle_r_bind/shoulder_r_bind/elbow_r_bind/wrist_r_bind/index_001_r_bind/index_002_r_bind","cat":"step","ph":"X","ts":122759,"dur":1,"pid":1,"tid":7},
{"name":"ComposeSubtree /Biped/Rig/Joints/hips_bind/spine_0_bind/spine_1_bind/spine_2_bind/spine_3_bind/spine_4_bind/spine_5_bind/chest_bind/clavicle_r_bind/shoulder_r_bind/elbow_r_bind/wrist_r_bind/index_001_r_bind/index_002_r_bind/index_003_r_bind/index_004_r_bind","cat":"step","ph":"X","ts":122796,"dur":1,"pid":1,"tid":26},
{"name":"ComposeSubtree /Biped/Rig/Joints/hips_bind/spine_0_bind/spine_1_bind/spine_2_bind/spine_3_bind/spine_4_bind/spine_5_bind/chest_bind/clavicle_r_bind/shoulder_r_bind/elbow_r_bind/wrist_r_bind/pinkyCup_r_bind","cat":"step","ph":"X","ts":122743,"dur":1,"pid":1,"tid":21},
{"name":"ComposeSubtree /Biped/Rig/Joints/hips_bind/spine_0_bind/spine_1_bind/spine_2_bind/spine_3_bind/spine_4_bind/spine_5_bind/chest_bind/clavicle_r_bind/shoulder_r_bind/elbow_r_bind/wrist_r_bind/pinkyCup_r_bind/pinky_001_r_bind/pinky_002_combo_r_driver","cat":"step","ph":"X","ts":122760,"dur":1,"pid":1,"tid":7},
{"name":"ComposeSubtree /Biped/Rig/Joints/hips_bind/spine_0_bind/spine_1_bind/spine_2_bind/spine_3_bind/spine_4_bind/spine_5_bind/chest_bind/clavicle_r_bind/shoulder_r_bind/elbow_r_bind/wrist_r_bind/pinkyCup_r_bind/pinky_001_r_bind/pinky_002_r_bind/pinky_003_r_bind","cat":"step","ph":"X","ts":122797,"dur":1,"pid":1,"tid":26},
{"name":"ComposeSubtree /Biped/Rig/Joints/hips_bind/spine_0_bind/spine_1_bind/spine_2_bind/spine_3_bind/spine_4_bind/spine_5_bind/chest_bind/clavicle_r_bind/shoulder_r_bind/elbow_r_bind/wrist_r_bind/pinkyCup_r_bind/pinky_001_r_bind/pinky_002_r_bind/pinky_003_r_bind/pinky_004_r_bind","cat":"step","ph":"X","ts":122824,"dur":1,"pid":1,"tid":28},
{"name":"ComposeSubtree /Biped/Rig/Joints/hips_bind/spine_0_bind/spine_1_bind/spine_2_bind/spine_3_bind/spine_4_bind/spine_5_bind/chest_bind/clavicle_r_bind/shoulder_r_bind/elbow_r_bind/wrist_r_bind/ring_001_r_bind","cat":"step","ph":"X","ts":122744,"dur":1,"pid":1,"tid":21},
{"name":"ComposeSubtree /Biped/Rig/Joints/hips_bind/spine_0_bind/spine_1_bind/spine_2_bind/spine_3_bind/spine_4_bind/spine_5_bind/chest_bind/clavicle_r_bind/shoulder_r_bind/elbow_r_bind/wrist_r_bind/thumbCup_r_bind/thumb_001_r_bind/thumb_002_r_bind/thumb_003_r_bind","cat":"step","ph":"X","ts":122798,"dur":1,"pid":1,"tid":26},
{"name":"ComposeSubtree /Biped/Rig/Joints/hips_bind/spine_0_bind/spine_1_bind/spine_2_bind/spine_3_bind/spine_4_bind/spine_5_bind/chest_bind/neck_base_bind/neck_0_bind/neck_1_bind","cat":"step","ph":"X","ts":122717,"dur":1,"pid":1,"tid":1},
{"name":"ComposeSubtree /Biped/Rig/Joints/hips_bind/spine_0_bind/spine_1_bind/spine_2_bind/spine_3_bind/spine_4_bind/spine_5_bind/chest_bind/neck_base_bind/neck_0_bind/neck_1_bind/neck_2_bind/neck_3_bind/skull_bind/face_lower_bind","cat":"step","ph":"X","ts":122745,"dur":1,"pid":1,"tid":21},
{"name":"ComposeSubtree /Biped/Rig/Joints/hips_bind/spine_0_bind/spine_1_bind/spine_2_bind/spine_3_bind/spine_4_bind/spine_5_bind/chest_bind/neck_base_bind/neck_0_bind/neck_1_bind/neck_2_bind/neck_3_bind/skull_bind/face_lower_bind/face_mid_bind/jaw_compression_driver","cat":"step","ph":"X","ts":122761,"dur":1,"pid":1,"tid":7},
{"name":"ComposeSubtree /Biped/Rig/Joints/hips_bind/spine_0_bind/spine_1_bind/spine_2_bind/spine_3_bind/spine_4_bind/spine_5_bind/chest_bind/neck_base_bind/neck_0_bind/neck_1_bind/neck_2_bind/neck_3_bind/skull_bind/face_lower_bind/jaw_bind/jaw_end","cat":"step","ph":"X","ts":122799,"dur":1,"pid":1,"tid":26},
{"name":"ComposeSubtree /Biped/Rig/Joints/hips_bind/spine_0_bind/spine_1_bind/spine_2_bind/spine_3_bind/spine_4_bind/spine_5_bind/chest_bind/neck_base_bind/neck_0_bind/neck_1_bind/neck_2_bind/neck_3_bind/skull_bind/face_upper_bind/eyeSocket_l_bind","cat":"step","ph":"X","ts":122762,"dur":1,"pid":1,"tid":7},
{"name":"ComposeSubtree /Biped/Rig/Joints/hips_bind/spine_0_bind/spine_1_bind/spine_2_bind/spine_3_bind/spine_4_bind/spine_5_bind/chest_bind/neck_base_bind/neck_0_bind/neck_1_bind/neck_2_bind/neck_3_bind/skull_bind/face_upper_bind/head_tip_bind/brow_inner_r_bind","cat":"step","ph":"X","ts":122800,"dur":1,"pid":1,"tid":26},
{"name":"ComposeSubtree /Biped/Rig/Joints/hips_bind/spine_0_bind/spine_1_bind/spine_2_bind/spine_3_bind/spine_4_bind/spine_5_bind/chest_bind/neck_base_bind/neck_0_bind/neck_1_bind/neck_2_bind/neck_3_bind/skull_bind/face_upper_bind/head_tip_bind/brow_peak_r_bind","cat":"step","ph":"X","ts":122801,"dur":1,"pid":1,"tid":26},
{"name":"ComposeSubtree /Biped/Rig/Joints/neck_ik_neck_0_bind/neck_ik_neck_1_bind","cat":"step","ph":"X","ts":122825,"dur":1,"pid":1,"tid":28},
{"name":"ComposeSubtree /Biped/Rig/Joints/neck_ik_neck_0_bind/neck_ik_neck_1_bind/neck_ik_neck_2_bind/neck_ik_neck_3_bind","cat":"step","ph":"X","ts":122835,"dur":1,"pid":1,"tid":28},
{"name":"ComposeSubtree /Biped/Rig/Joints/pupilCenter_l_pivot","cat":"step","ph":"X","ts":122625,"dur":1,"pid":1,"tid":0},
{"name":"Solve /Biped/Rig/Solvers/arm_l_fkChain","cat":"step","ph":"X","ts":122711,"dur":3,"pid":1,"tid":18},
{"name":"Solve /Biped/Rig/Solvers/arm_l_twoBoneIk","cat":"step","ph":"X","ts":122694,"dur":2,"pid":1,"tid":1},
{"name":"SolverCommit batch 1","cat":"step","ph":"X","ts":122696,"dur":1,"pid":1,"tid":1},
{"name":"Solve /Biped/Rig/Solvers/arm_r_fkChain","cat":"step","ph":"X","ts":122718,"dur":1,"pid":1,"tid":1},
{"name":"SolverCommit batch 2","cat":"step","ph":"X","ts":122734,"dur":1,"pid":1,"tid":22},
{"name":"Solve /Biped/Rig/Solvers/arm_r_twoBoneIk","cat":"step","ph":"X","ts":122679,"dur":1,"pid":1,"tid":17},
{"name":"Solve /Biped/Rig/Solvers/leg_l_fkChain","cat":"step","ph":"X","ts":122680,"dur":1,"pid":1,"tid":17},
{"name":"Solve /Biped/Rig/Solvers/leg_r_fkChain","cat":"step","ph":"X","ts":122697,"dur":3,"pid":1,"tid":1},
{"name":"Solve /Biped/Rig/Solvers/neck_splineIk","cat":"step","ph":"X","ts":122700,"dur":15,"pid":1,"tid":1},
{"name":"Solve /Biped/Rig/Solvers/spine_splineIk","cat":"step","ph":"X","ts":122665,"dur":14,"pid":1,"tid":17},
{"name":"SolverCommit batch 7","cat":"step","ph":"X","ts":122681,"dur":2,"pid":1,"tid":17},
{"name":"Solve /Biped/Rig/Solvers/arm_r_ikfk","cat":"step","ph":"X","ts":122735,"dur":1,"pid":1,"tid":22},
{"name":"SolverCommit batch 8","cat":"step","ph":"X","ts":122746,"dur":3,"pid":1,"tid":21},
{"name":"Solve /Biped/Rig/Solvers/arm_l_ikfk","cat":"step","ph":"X","ts":122719,"dur":1,"pid":1,"tid":1},
{"name":"SolverCommit batch 9","cat":"step","ph":"X","ts":122723,"dur":2,"pid":1,"tid":18},
{"name":"Constraint /Biped/Rig/Movers/spine_mid_follow/spine_mid_follow_pos","cat":"step","ph":"X","ts":122654,"dur":4,"pid":1,"tid":0},
{"name":"Solve /Biped/Rig/Solvers/fk_thumb_r","cat":"step","ph":"X","ts":122763,"dur":3,"pid":1,"tid":7},
{"name":"SolverCommit batch 11","cat":"step","ph":"X","ts":122826,"dur":1,"pid":1,"tid":28},
{"name":"Solve /Biped/Rig/Solvers/fk_ring_r","cat":"step","ph":"X","ts":122768,"dur":4,"pid":1,"tid":6},
{"name":"SolverCommit batch 12","cat":"step","ph":"X","ts":122827,"dur":1,"pid":1,"tid":28},
{"name":"Solve /Biped/Rig/Solvers/fk_pinky_r","cat":"step","ph":"X","ts":122772,"dur":2,"pid":1,"tid":6},
{"name":"SolverCommit batch 13","cat":"step","ph":"X","ts":122836,"dur":1,"pid":1,"tid":28},
{"name":"Solve /Biped/Rig/Solvers/fk_middle_r","cat":"step","ph":"X","ts":122774,"dur":2,"pid":1,"tid":6},
{"name":"SolverCommit batch 14","cat":"step","ph":"X","ts":122828,"dur":1,"pid":1,"tid":28},
{"name":"Solve /Biped/Rig/Solvers/fk_index_r","cat":"step","ph":"X","ts":122769,"dur":5,"pid":1,"tid":30},
{"name":"SolverCommit batch 15","cat":"step","ph":"X","ts":122829,"dur":1,"pid":1,"tid":28},
{"name":"Solve /Biped/Rig/Solvers/fk_thumb_l","cat":"step","ph":"X","ts":122749,"dur":3,"pid":1,"tid":21},
{"name":"SolverCommit batch 16","cat":"step","ph":"X","ts":122802,"dur":1,"pid":1,"tid":26},
{"name":"Solve /Biped/Rig/Solvers/fk_ring_l","cat":"step","ph":"X","ts":122752,"dur":1,"pid":1,"tid":21},
{"name":"SolverCommit batch 17","cat":"step","ph":"X","ts":122803,"dur":1,"pid":1,"tid":26},
{"name":"Solve /Biped/Rig/Solvers/fk_pinky_l","cat":"step","ph":"X","ts":122732,"dur":2,"pid":1,"tid":5},
{"name":"Solve /Biped/Rig/Solvers/fk_middle_l","cat":"step","ph":"X","ts":122734,"dur":2,"pid":1,"tid":5},
{"name":"SolverCommit batch 19","cat":"step","ph":"X","ts":122804,"dur":1,"pid":1,"tid":26},
{"name":"Solve /Biped/Rig/Solvers/fk_index_l","cat":"step","ph":"X","ts":122736,"dur":1,"pid":1,"tid":5},
{"name":"SolverCommit batch 20","cat":"step","ph":"X","ts":122805,"dur":1,"pid":1,"tid":26},
{"name":"Constraint /Biped/Rig/Movers/spine_mid_follow/spine_mid_follow_aim","cat":"step","ph":"X","ts":122683,"dur":4,"pid":1,"tid":17},
{"name":"Constraint /Biped/Rig/Movers/hand_r_follow/thumbCup_r_bind_fk_follow_to_wrist_r_bind","cat":"step","ph":"X","ts":122774,"dur":6,"pid":1,"tid":30},
{"name":"Constraint /Biped/Rig/Movers/hand_r_follow/ring_001_r_bind_fk_follow_to_wrist_r_bind","cat":"step","ph":"X","ts":122780,"dur":4,"pid":1,"tid":30},
{"name":"Constraint /Biped/Rig/Movers/hand_r_follow/pinkyCup_r_bind_fk_follow_to_wrist_r_bind","cat":"step","ph":"X","ts":122770,"dur":9,"pid":1,"tid":26},
{"name":"Constraint /Biped/Rig/Movers/hand_r_follow/middle_001_r_bind_fk_follow_to_wrist_r_bind","cat":"step","ph":"X","ts":122779,"dur":5,"pid":1,"tid":26},
{"name":"Constraint /Biped/Rig/Movers/hand_r_follow/index_001_r_bind_fk_follow_to_wrist_r_bind","cat":"step","ph":"X","ts":122784,"dur":4,"pid":1,"tid":26},
{"name":"Constraint /Biped/Rig/Movers/hand_l_follow/thumbCup_l_bind_fk_follow_to_wrist_l_bind","cat":"step","ph":"X","ts":122733,"dur":9,"pid":1,"tid":19},
{"name":"Constraint /Biped/Rig/Movers/hand_l_follow/ring_001_l_bind_fk_follow_to_wrist_l_bind","cat":"step","ph":"X","ts":122742,"dur":5,"pid":1,"tid":19},
{"name":"Constraint /Biped/Rig/Movers/hand_l_follow/pinkyCup_l_bind_fk_follow_to_wrist_l_bind","cat":"step","ph":"X","ts":122747,"dur":4,"pid":1,"tid":19},
{"name":"Constraint /Biped/Rig/Movers/hand_l_follow/middle_001_l_bind_fk_follow_to_wrist_l_bind","cat":"step","ph":"X","ts":122737,"dur":7,"pid":1,"tid":22},
{"name":"Constraint /Biped/Rig/Movers/hand_l_follow/index_001_l_bind_fk_follow_to_wrist_l_bind","cat":"step","ph":"X","ts":122744,"dur":3,"pid":1,"tid":22},
{"name":"Constraint /Biped/Rig/Movers/bankIn_r_pivot_rc/bankIn_r_pivot_rotation","cat":"step","ph":"X","ts":122747,"dur":4,"pid":1,"tid":22},
{"name":"Constraint /Biped/Rig/Movers/bankOut_r_pivot_rc/bankOut_r_pivot_rotation","cat":"step","ph":"X","ts":122788,"dur":6,"pid":1,"tid":26},
{"name":"Constraint /Biped/Rig/Movers/heel_r_roll_rc/heel_r_roll_rotation","cat":"step","ph":"X","ts":122806,"dur":2,"pid":1,"tid":26},
{"name":"Constraint /Biped/Rig/Movers/toe_r_roll_rc/toe_r_roll_rotation","cat":"step","ph":"X","ts":122831,"dur":1,"pid":1,"tid":28},
{"name":"Constraint /Biped/Rig/Movers/ballRoll_r_down_rc/ballRoll_r_down_rotation","cat":"step","ph":"X","ts":122848,"dur":5,"pid":1,"tid":7},
{"name":"Solve /Biped/Rig/Solvers/leg_r_twoBoneIk","cat":"step","ph":"X","ts":122860,"dur":1,"pid":1,"tid":7},
{"name":"SolverCommit batch 39","cat":"step","ph":"X","ts":122871,"dur":4,"pid":1,"tid":7},
{"name":"Constraint /Biped/Rig/Movers/ankle_r_bind_scAim/ankle_r_bind_aim","cat":"step","ph":"X","ts":122889,"dur":5,"pid":1,"tid":0},
{"name":"Constraint /Biped/Rig/Movers/ball_r_bind_scAim/ball_r_bind_aim","cat":"step","ph":"X","ts":122910,"dur":9,"pid":1,"tid":31},
{"name":"Constraint /Biped/Rig/Movers/bankIn_l_pivot_rc/bankIn_l_pivot_rotation","cat":"step","ph":"X","ts":122725,"dur":5,"pid":1,"tid":18},
{"name":"Constraint /Biped/Rig/Movers/bankOut_l_pivot_rc/bankOut_l_pivot_rotation","cat":"step","ph":"X","ts":122751,"dur":1,"pid":1,"tid":22},
{"name":"Constraint /Biped/Rig/Movers/heel_l_roll_rc/heel_l_roll_rotation","cat":"step","ph":"X","ts":122776,"dur":4,"pid":1,"tid":7},
{"name":"Constraint /Biped/Rig/Movers/toe_l_roll_rc/toe_l_roll_rotation","cat":"step","ph":"X","ts":122819,"dur":2,"pid":1,"tid":28},
{"name":"Constraint /Biped/Rig/Movers/ballRoll_l_down_rc/ballRoll_l_down_rotation","cat":"step","ph":"X","ts":122837,"dur":1,"pid":1,"tid":28},
{"name":"Solve /Biped/Rig/Solvers/leg_l_twoBoneIk","cat":"step","ph":"X","ts":122853,"dur":1,"pid":1,"tid":7},
{"name":"Solve /Biped/Rig/Solvers/leg_l_ikfk","cat":"step","ph":"X","ts":122861,"dur":1,"pid":1,"tid":7},
{"name":"SolverCommit batch 49","cat":"step","ph":"X","ts":122864,"dur":5,"pid":1,"tid":7},
{"name":"Constraint /Biped/Rig/Movers/ankle_l_bind_scAim/ankle_l_bind_aim","cat":"step","ph":"X","ts":122875,"dur":6,"pid":1,"tid":7},
{"name":"Constraint /Biped/Rig/Movers/ball_l_bind_scAim/ball_l_bind_aim","cat":"step","ph":"X","ts":122894,"dur":4,"pid":1,"tid":0},
{"name":"Constraint /Biped/Rig/Movers/hips_follow/spine_root_ctl_drives_hips_bind","cat":"step","ph":"X","ts":122642,"dur":4,"pid":1,"tid":0},
{"name":"PropagateChunk /Biped/Rig/Movers/hips_follow/spine_root_ctl_drives_hips_bind","cat":"step","ph":"X","ts":122854,"dur":4,"pid":1,"tid":7},
{"name":"PropagateChunk /Biped/Rig/Movers/hips_follow/spine_root_ctl_drives_hips_bind","cat":"step","ph":"X","ts":122832,"dur":1,"pid":1,"tid":28},
{"name":"CommitApply /Biped/Rig/Movers/hips_follow/spine_root_ctl_drives_hips_bind","cat":"step","ph":"X","ts":122862,"dur":1,"pid":1,"tid":7},
{"name":"Constraint /Biped/Rig/Movers/hips_follow/spine_root_ctl_scales_hips_bind","cat":"step","ph":"X","ts":122869,"dur":1,"pid":1,"tid":7},
{"name":"PropagateChunk /Biped/Rig/Movers/hips_follow/spine_root_ctl_scales_hips_bind","cat":"step","ph":"X","ts":122898,"dur":5,"pid":1,"tid":0},
{"name":"CommitApply /Biped/Rig/Movers/hips_follow/spine_root_ctl_scales_hips_bind","cat":"step","ph":"X","ts":122919,"dur":1,"pid":1,"tid":31},
{"name":"Constraint /Biped/Rig/Movers/spine_to_bind/spine_ik_spine_0_bind_scale_to_spine_0_bind","cat":"step","ph":"X","ts":122932,"dur":7,"pid":1,"tid":31},
{"name":"Constraint /Biped/Rig/Movers/spine_to_bind/spine_ik_spine_0_bind_to_spine_0_bind","cat":"step","ph":"X","ts":122949,"dur":14,"pid":1,"tid":24},
{"name":"Constraint /Biped/Rig/Movers/spine_to_bind/spine_ik_spine_1_bind_scale_to_spine_1_bind","cat":"step","ph":"X","ts":122969,"dur":9,"pid":1,"tid":25},
{"name":"Constraint /Biped/Rig/Movers/spine_to_bind/spine_ik_spine_1_bind_to_spine_1_bind","cat":"step","ph":"X","ts":122989,"dur":9,"pid":1,"tid":25},
{"name":"Constraint /Biped/Rig/Movers/spine_to_bind/spine_ik_spine_2_bind_scale_to_spine_2_bind","cat":"step","ph":"X","ts":123008,"dur":7,"pid":1,"tid":25},
{"name":"Constraint /Biped/Rig/Movers/spine_to_bind/spine_ik_spine_2_bind_to_spine_2_bind","cat":"step","ph":"X","ts":123023,"dur":8,"pid":1,"tid":25},
{"name":"Constraint /Biped/Rig/Movers/spine_to_bind/spine_ik_spine_3_bind_scale_to_spine_3_bind","cat":"step","ph":"X","ts":123032,"dur":6,"pid":1,"tid":25},
{"name":"Constraint /Biped/Rig/Movers/spine_to_bind/spine_ik_spine_3_bind_to_spine_3_bind","cat":"step","ph":"X","ts":123039,"dur":8,"pid":1,"tid":25},
{"name":"Constraint /Biped/Rig/Movers/spine_to_bind/spine_ik_spine_4_bind_scale_to_spine_4_bind","cat":"step","ph":"X","ts":123047,"dur":7,"pid":1,"tid":25},
{"name":"Constraint /Biped/Rig/Movers/spine_to_bind/spine_ik_spine_4_bind_to_spine_4_bind","cat":"step","ph":"X","ts":123054,"dur":8,"pid":1,"tid":25},
{"name":"Constraint /Biped/Rig/Movers/spine_to_bind/spine_ik_spine_5_bind_scale_to_spine_5_bind","cat":"step","ph":"X","ts":123062,"dur":6,"pid":1,"tid":25},
{"name":"Constraint /Biped/Rig/Movers/spine_to_bind/spine_ik_spine_5_bind_to_spine_5_bind","cat":"step","ph":"X","ts":123069,"dur":7,"pid":1,"tid":25},
{"name":"Constraint /Biped/Rig/Movers/spine_to_bind/spine_ik_chest_bind_scale_to_chest_bind","cat":"step","ph":"X","ts":123076,"dur":7,"pid":1,"tid":25},
{"name":"Constraint /Biped/Rig/Movers/spine_to_bind/spine_ik_chest_bind_to_chest_bind","cat":"step","ph":"X","ts":123083,"dur":8,"pid":1,"tid":25},
{"name":"Constraint /Biped/Rig/Movers/girdles/spine_end_ctl_drives_chest_bind","cat":"step","ph":"X","ts":123091,"dur":8,"pid":1,"tid":25},
{"name":"Constraint /Biped/Rig/Movers/girdles/pelvis_r_ctl_drives_pelvis_r_bind","cat":"step","ph":"X","ts":122939,"dur":2,"pid":1,"tid":31},
{"name":"Constraint /Biped/Rig/Movers/girdles/pelvis_l_ctl_drives_pelvis_l_bind","cat":"step","ph":"X","ts":122941,"dur":2,"pid":1,"tid":31},
{"name":"Constraint /Biped/Rig/Movers/girdles/clavicle_r_ctl_drives_clavicle_r_bind","cat":"step","ph":"X","ts":123099,"dur":2,"pid":1,"tid":25},
{"name":"Constraint /Biped/Rig/Movers/girdles/clavicle_l_ctl_drives_clavicle_l_bind","cat":"step","ph":"X","ts":123101,"dur":1,"pid":1,"tid":25},
{"name":"Constraint /Biped/Rig/Movers/girdles/spine_end_ctl_unsquashes_neck_base_bind","cat":"step","ph":"X","ts":123102,"dur":5,"pid":1,"tid":25},
{"name":"Constraint /Biped/Rig/Movers/girdles/clavicle_r_ctl_unsquashes_clavicle_r_bind","cat":"step","ph":"X","ts":123108,"dur":3,"pid":1,"tid":25},
{"name":"Constraint /Biped/Rig/Movers/girdles/clavicle_l_ctl_unsquashes_clavicle_l_bind","cat":"step","ph":"X","ts":123111,"dur":2,"pid":1,"tid":25},
{"name":"Constraint /Biped/Rig/Movers/neck_to_bind/neck_ik_neck_0_bind_scale_to_neck_0_bind","cat":"step","ph":"X","ts":123113,"dur":5,"pid":1,"tid":25},
{"name":"Constraint /Biped/Rig/Movers/neck_to_bind/neck_ik_neck_0_bind_to_neck_0_bind","cat":"step","ph":"X","ts":123129,"dur":6,"pid":1,"tid":25},
{"name":"Constraint /Biped/Rig/Movers/neck_to_bind/neck_ik_neck_1_bind_scale_to_neck_1_bind","cat":"step","ph":"X","ts":123139,"dur":4,"pid":1,"tid":17},
{"name":"Constraint /Biped/Rig/Movers/neck_to_bind/neck_ik_neck_1_bind_to_neck_1_bind","cat":"step","ph":"X","ts":123150,"dur":4,"pid":1,"tid":17},
{"name":"Constraint /Biped/Rig/Movers/neck_to_bind/neck_ik_neck_2_bind_scale_to_neck_2_bind","cat":"step","ph":"X","ts":123162,"dur":3,"pid":1,"tid":17},
{"name":"Constraint /Biped/Rig/Movers/neck_to_bind/neck_ik_neck_2_bind_to_neck_2_bind","cat":"step","ph":"X","ts":123171,"dur":5,"pid":1,"tid":17},
{"name":"Constraint /Biped/Rig/Movers/neck_to_bind/neck_ik_neck_3_bind_scale_to_neck_3_bind","cat":"step","ph":"X","ts":123176,"dur":3,"pid":1,"tid":17},
{"name":"Constraint /Biped/Rig/Movers/neck_to_bind/neck_ik_neck_3_bind_to_neck_3_bind","cat":"step","ph":"X","ts":123180,"dur":4,"pid":1,"tid":17},
{"name":"Constraint /Biped/Rig/Movers/neck_to_bind/neck_ik_skull_bind_scale_to_skull_bind","cat":"step","ph":"X","ts":123184,"dur":3,"pid":1,"tid":17},
{"name":"Constraint /Biped/Rig/Movers/neck_to_bind/neck_ik_skull_bind_to_skull_bind","cat":"step","ph":"X","ts":123188,"dur":4,"pid":1,"tid":17},
{"name":"Constraint /Biped/Rig/Movers/twist_aims/wristTwist_r_bind_copy","cat":"step","ph":"X","ts":122780,"dur":4,"pid":1,"tid":7},
{"name":"Constraint /Biped/Rig/Movers/twist_aims/wristTwist_r_bind_aim","cat":"step","ph":"X","ts":122821,"dur":3,"pid":1,"tid":28},
{"name":"Constraint /Biped/Rig/Movers/twist_aims/wristTwist_l_bind_copy","cat":"step","ph":"X","ts":122731,"dur":7,"pid":1,"tid":18},
{"name":"Constraint /Biped/Rig/Movers/twist_aims/wristTwist_l_bind_aim","cat":"step","ph":"X","ts":122784,"dur":33,"pid":1,"tid":7},
{"name":"Constraint /Biped/Rig/Movers/twist_aims/ankleTwist_r_bind_copy","cat":"step","ph":"X","ts":122920,"dur":4,"pid":1,"tid":31},
{"name":"Constraint /Biped/Rig/Movers/twist_aims/ankleTwist_r_bind_aim","cat":"step","ph":"X","ts":122943,"dur":3,"pid":1,"tid":31},
{"name":"Constraint /Biped/Rig/Movers/twist_aims/ankleTwist_l_bind_copy","cat":"step","ph":"X","ts":122903,"dur":3,"pid":1,"tid":0},
{"name":"Constraint /Biped/Rig/Movers/twist_aims/ankleTwist_l_bind_aim","cat":"step","ph":"X","ts":122924,"dur":4,"pid":1,"tid":31},
{"name":"Constraint /Biped/Rig/Movers/twist_aims/ankleTwist_r_bind_follows_ankle_r_bind","cat":"step","ph":"X","ts":122963,"dur":1,"pid":1,"tid":24},
{"name":"Constraint /Biped/Rig/Movers/twist_aims/ankleTwist_l_bind_follows_ankle_l_bind","cat":"step","ph":"X","ts":122932,"dur":3,"pid":1,"tid":0},
{"name":"Constraint /Biped/Rig/Movers/twist_aims/wristTwist_r_bind_follows_wrist_r_bind","cat":"step","ph":"X","ts":122833,"dur":1,"pid":1,"tid":28},
{"name":"Constraint /Biped/Rig/Movers/twist_aims/wristTwist_l_bind_follows_wrist_l_bind","cat":"step","ph":"X","ts":122818,"dur":3,"pid":1,"tid":7},
{"name":"Constraint /Biped/Rig/Movers/twist_aims/thighNoTwist_r_bind_follows_thigh_r_bind","cat":"step","ph":"X","ts":122964,"dur":1,"pid":1,"tid":24},
{"name":"Constraint /Biped/Rig/Movers/twist_aims/thighNoTwist_l_bind_follows_thigh_l_bind","cat":"step","ph":"X","ts":122950,"dur":3,"pid":1,"tid":17},
{"name":"Constraint /Biped/Rig/Movers/twist_aims/shoulderNoTwist_r_bind_follows_shoulder_r_bind","cat":"step","ph":"X","ts":123135,"dur":1,"pid":1,"tid":25},
{"name":"Constraint /Biped/Rig/Movers/twist_aims/shoulderNoTwist_l_bind_follows_shoulder_l_bind","cat":"step","ph":"X","ts":123136,"dur":1,"pid":1,"tid":25},
{"name":"Constraint /Biped/Rig/Movers/twist_aims/pelvis_trans_r_bind_follows_thigh_r_bind","cat":"step","ph":"X","ts":122953,"dur":1,"pid":1,"tid":17},
{"name":"Constraint /Biped/Rig/Movers/twist_aims/pelvis_trans_l_bind_follows_thigh_l_bind","cat":"step","ph":"X","ts":122954,"dur":1,"pid":1,"tid":17},
{"name":"Constraint /Biped/Rig/Movers/twist_aims/clavicle_trans_r_bind_follows_shoulder_r_bind","cat":"step","ph":"X","ts":123124,"dur":2,"pid":1,"tid":25},
{"name":"Constraint /Biped/Rig/Movers/twist_aims/clavicle_trans_l_bind_follows_shoulder_l_bind","cat":"step","ph":"X","ts":123126,"dur":1,"pid":1,"tid":25},
{"name":"Constraint /Biped/Rig/Movers/twist_aims/pelvis_trans_r_bind_aim","cat":"step","ph":"X","ts":122978,"dur":5,"pid":1,"tid":25},
{"name":"Constraint /Biped/Rig/Movers/twist_aims/pelvis_trans_l_bind_aim","cat":"step","ph":"X","ts":122983,"dur":3,"pid":1,"tid":25},
{"name":"Constraint /Biped/Rig/Movers/twist_aims/kneeTwist_r_bind_aim","cat":"step","ph":"X","ts":122888,"dur":2,"pid":1,"tid":7},
{"name":"Constraint /Biped/Rig/Movers/twist_aims/kneeTwist_l_bind_aim","cat":"step","ph":"X","ts":122881,"dur":2,"pid":1,"tid":7},
{"name":"Constraint /Biped/Rig/Movers/twist_aims/thighNoTwist_r_bind_aim","cat":"step","ph":"X","ts":122986,"dur":3,"pid":1,"tid":25},
{"name":"Constraint /Biped/Rig/Movers/twist_aims/thighNoTwist_l_bind_aim","cat":"step","ph":"X","ts":122966,"dur":4,"pid":1,"tid":24},
{"name":"Constraint /Biped/Rig/Movers/twist_aims/clavicle_trans_r_bind_aim","cat":"step","ph":"X","ts":123143,"dur":4,"pid":1,"tid":17},
{"name":"Constraint /Biped/Rig/Movers/twist_aims/clavicle_trans_l_bind_aim","cat":"step","ph":"X","ts":123147,"dur":2,"pid":1,"tid":17},
{"name":"Constraint /Biped/Rig/Movers/twist_aims/elbowTwist_r_bind_aim","cat":"step","ph":"X","ts":122767,"dur":7,"pid":1,"tid":21},
{"name":"Constraint /Biped/Rig/Movers/twist_aims/elbowTwist_l_bind_aim","cat":"step","ph":"X","ts":122738,"dur":4,"pid":1,"tid":18},
{"name":"Constraint /Biped/Rig/Movers/twist_aims/shoulderNoTwist_r_bind_aim","cat":"step","ph":"X","ts":123137,"dur":4,"pid":1,"tid":25},
{"name":"Constraint /Biped/Rig/Movers/twist_aims/shoulderNoTwist_l_bind_aim","cat":"step","ph":"X","ts":123141,"dur":3,"pid":1,"tid":25},
{"name":"Constraint /Biped/Rig/Movers/pose_drivers/thigh_r_driver_copies_thigh_r_bind","cat":"step","ph":"X","ts":122998,"dur":4,"pid":1,"tid":25},
{"name":"Constraint /Biped/Rig/Movers/pose_drivers/thigh_l_driver_copies_thigh_l_bind","cat":"step","ph":"X","ts":123002,"dur":4,"pid":1,"tid":25},
{"name":"Constraint /Biped/Rig/Movers/pose_drivers/thigh_r_twist_driver_copies_thighNoTwist_r_bind","cat":"step","ph":"X","ts":123015,"dur":3,"pid":1,"tid":25},
{"name":"Constraint /Biped/Rig/Movers/pose_drivers/thigh_l_twist_driver_copies_thighNoTwist_l_bind","cat":"step","ph":"X","ts":123018,"dur":4,"pid":1,"tid":25},
{"name":"Constraint /Biped/Rig/Movers/pose_drivers/ankleTwist_r_driver_copies_ankleTwist_r_bind","cat":"step","ph":"X","ts":122970,"dur":4,"pid":1,"tid":24},
{"name":"Constraint /Biped/Rig/Movers/pose_drivers/ankleTwist_l_driver_copies_ankleTwist_l_bind","cat":"step","ph":"X","ts":122947,"dur":3,"pid":1,"tid":31},
{"name":"Constraint /Biped/Rig/Movers/pose_drivers/toe_r_driver_copies_ball_r_bind","cat":"step","ph":"X","ts":122935,"dur":5,"pid":1,"tid":0},
{"name":"Constraint /Biped/Rig/Movers/pose_drivers/toe_l_driver_copies_ball_l_bind","cat":"step","ph":"X","ts":122928,"dur":3,"pid":1,"tid":31},
{"name":"Constraint /Biped/Rig/Movers/pose_drivers/knee_r_driver_copies_knee_r_bind","cat":"step","ph":"X","ts":122906,"dur":3,"pid":1,"tid":0},
{"name":"Constraint /Biped/Rig/Movers/pose_drivers/knee_l_driver_copies_knee_l_bind","cat":"step","ph":"X","ts":122890,"dur":3,"pid":1,"tid":7},
{"name":"Constraint /Biped/Rig/Movers/pose_drivers/ankleSwing_r_driver_copies_ankle_r_bind","cat":"step","ph":"X","ts":122974,"dur":4,"pid":1,"tid":24},
{"name":"Constraint /Biped/Rig/Movers/pose_drivers/ankleSwing_l_driver_copies_ankle_l_bind","cat":"step","ph":"X","ts":122950,"dur":4,"pid":1,"tid":31},
{"name":"Constraint /Biped/Rig/Movers/pose_drivers/shoulder_r_driver_copies_shoulder_r_bind","cat":"step","ph":"X","ts":123154,"dur":4,"pid":1,"tid":17},
{"name":"Constraint /Biped/Rig/Movers/pose_drivers/shoulder_l_driver_copies_shoulder_l_bind","cat":"step","ph":"X","ts":123158,"dur":2,"pid":1,"tid":17},
{"name":"Constraint /Biped/Rig/Movers/pose_drivers/wristTwist_r_driver_copies_wristTwist_r_bind","cat":"step","ph":"X","ts":122838,"dur":4,"pid":1,"tid":28},
{"name":"Constraint /Biped/Rig/Movers/pose_drivers/wristTwist_l_driver_copies_wristTwist_l_bind","cat":"step","ph":"X","ts":122828,"dur":4,"pid":1,"tid":7},
{"name":"Constraint /Biped/Rig/Movers/pose_drivers/shoulder_r_twist_driver_copies_shoulderNoTwist_r_bind","cat":"step","ph":"X","ts":123165,"dur":3,"pid":1,"tid":17},
{"name":"Constraint /Biped/Rig/Movers/pose_drivers/shoulder_l_twist_driver_copies_shoulderNoTwist_l_bind","cat":"step","ph":"X","ts":123168,"dur":2,"pid":1,"tid":17},
{"name":"Constraint /Biped/Rig/Movers/pose_drivers/wristSwing_r_driver_copies_wrist_r_bind","cat":"step","ph":"X","ts":122839,"dur":3,"pid":1,"tid":7},
{"name":"Constraint /Biped/Rig/Movers/pose_drivers/wristSwing_l_driver_copies_wrist_l_bind","cat":"step","ph":"X","ts":122832,"dur":3,"pid":1,"tid":7},
{"name":"Constraint /Biped/Rig/Movers/pose_drivers/elbow_r_driver_copies_elbow_r_bind","cat":"step","ph":"X","ts":122821,"dur":6,"pid":1,"tid":7},
{"name":"Constraint /Biped/Rig/Movers/pose_drivers/elbow_l_driver_copies_elbow_l_bind","cat":"step","ph":"X","ts":122774,"dur":5,"pid":1,"tid":21},
{"name":"Constraint /Biped/Rig/Movers/param_follow/leg_r_params_to_ankle_r_bind","cat":"step","ph":"X","ts":122909,"dur":2,"pid":1,"tid":0},
{"name":"Constraint /Biped/Rig/Movers/param_follow/leg_l_params_to_ankle_l_bind","cat":"step","ph":"X","ts":122893,"dur":2,"pid":1,"tid":7},
{"name":"Constraint /Biped/Rig/Movers/param_follow/arm_r_params_to_wrist_r_bind","cat":"step","ph":"X","ts":122779,"dur":5,"pid":1,"tid":21},
{"name":"Constraint /Biped/Rig/Movers/param_follow/arm_l_params_to_wrist_l_bind","cat":"step","ph":"X","ts":122742,"dur":5,"pid":1,"tid":18},
{"name":"ProviderMatrix /Biped/Rig/Controls/leg_l_ik/ankle_l_pivot/bankIn_l_pivot/bankOut_l_pivot/heel_l_roll/heel_l/ball_l_pivot/toe_l_roll/toe_l/ballRoll_l_up/ballRoll_l_down final","cat":"step","ph":"X","ts":122858,"dur":1,"pid":1,"tid":7},
{"name":"ProviderMatrix /Biped/Rig/Controls/leg_r_ik/ankle_r_pivot final","cat":"step","ph":"X","ts":122646,"dur":1,"pid":1,"tid":0},
{"name":"ProviderMatrix /Biped/Rig/Controls/leg_r_ik/ankle_r_pivot/bankIn_r_pivot/bankOut_r_pivot/heel_r_roll/heel_r/ball_r_pivot/toe_r_roll final","cat":"step","ph":"X","ts":122842,"dur":1,"pid":1,"tid":7},
{"name":"ProviderMatrix /Biped/Rig/Joints/ankle_l_pivot/bankIn_l_pivot/bankOut_l_pivot/heel_l_pivot/ball_l_pivot final","cat":"step","ph":"X","ts":122658,"dur":1,"pid":1,"tid":0},
{"name":"ProviderMatrix /Biped/Rig/Joints/ankle_r_pivot final","cat":"step","ph":"X","ts":122632,"dur":1,"pid":1,"tid":0},
{"name":"ProviderMatrix /Biped/Rig/Joints/ankle_r_pivot/bankIn_r_pivot/bankOut_r_pivot/heel_r_pivot/ball_r_pivot/toe_r_pivot/toeBend_r_pivot final","cat":"step","ph":"X","ts":122687,"dur":1,"pid":1,"tid":17},
{"name":"ProviderMatrix /Biped/Rig/Joints/hips_bind/pelvis_l_bind/thighNoTwist_l_bind final","cat":"step","ph":"X","ts":123006,"dur":1,"pid":1,"tid":25},
{"name":"ProviderMatrix /Biped/Rig/Joints/hips_bind/pelvis_l_bind/thigh_combo_l_driver final","cat":"step","ph":"X","ts":122954,"dur":1,"pid":1,"tid":31},
{"name":"ProviderMatrix /Biped/Rig/Joints/hips_bind/pelvis_l_bind/thigh_l_bind/knee_l_bind/ankle_l_bind/ball_l_bind/toe1_001_l_bind/toe1_002_l_bind/toe1_003_l_bind final","cat":"step","ph":"X","ts":122911,"dur":1,"pid":1,"tid":0},
{"name":"ProviderMatrix /Biped/Rig/Joints/hips_bind/pelvis_l_bind/thigh_l_bind/knee_l_bind/ankle_l_bind/ball_l_bind/toe3_001_l_bind final","cat":"step","ph":"X","ts":122912,"dur":1,"pid":1,"tid":0},
{"name":"ProviderMatrix /Biped/Rig/Joints/hips_bind/pelvis_l_bind/thigh_l_bind/knee_l_bind/ankle_l_bind/ball_l_bind/toe4_001_l_bind/toe4_002_l_bind/toe4_003_l_bind/toe4_004_l_bind final","cat":"step","ph":"X","ts":122913,"dur":1,"pid":1,"tid":0},
{"name":"ProviderMatrix /Biped/Rig/Joints/hips_bind/pelvis_l_bind/thigh_l_bind/knee_l_bind/ankle_l_bind/ball_l_bind/toe5_001_l_bind/toe5_002_l_bind/toe5_003_l_bind/toe5_004_l_bind final","cat":"step","ph":"X","ts":122914,"dur":17,"pid":1,"tid":0},
{"name":"ProviderMatrix /Biped/Rig/Joints/hips_bind/pelvis_l_bind/thigh_l_bind/knee_l_bind/ankle_l_bind/toe_l_driver final","cat":"step","ph":"X","ts":122940,"dur":1,"pid":1,"tid":0},
{"name":"ProviderMatrix /Biped/Rig/Joints/hips_bind/pelvis_l_bind/thigh_l_bind/knee_l_bind/kneeTwist_l_bind/knee_l_driver final","cat":"step","ph":"X","ts":122931,"dur":1,"pid":1,"tid":0},
{"name":"ProviderMatrix /Biped/Rig/Joints/hips_bind/pelvis_r_bind/pelvis_trans_r_bind/thigh_r_driver/thigh_r_twist_driver final","cat":"step","ph":"X","ts":123031,"dur":1,"pid":1,"tid":25},
{"name":"ProviderMatrix /Biped/Rig/Joints/hips_bind/pelvis_r_bind/thigh_combo_r_driver final","cat":"step","ph":"X","ts":122955,"dur":1,"pid":1,"tid":31},
{"name":"ProviderMatrix /Biped/Rig/Joints/hips_bind/pelvis_r_bind/thigh_r_bind/knee_r_bind/ankleTwist_r_driver final","cat":"step","ph":"X","ts":123007,"dur":1,"pid":1,"tid":25},
{"name":"ProviderMatrix /Biped/Rig/Joints/hips_bind/spine_0_bind/spine_1_bind final","cat":"step","ph":"X","ts":123022,"dur":1,"pid":1,"tid":25},
{"name":"ProviderMatrix /Biped/Rig/Joints/hips_bind/spine_0_bind/spine_1_bind/spine_2_bind/spine_3_bind/spine_4_bind final","cat":"step","ph":"X","ts":123068,"dur":1,"pid":1,"tid":25},
{"name":"ProviderMatrix /Biped/Rig/Joints/hips_bind/spine_0_bind/spine_1_bind/spine_2_bind/spine_3_bind/spine_4_bind/spine_5_bind/chest_bind final","cat":"step","ph":"X","ts":123107,"dur":1,"pid":1,"tid":25},
{"name":"ProviderMatrix /Biped/Rig/Joints/hips_bind/spine_0_bind/spine_1_bind/spine_2_bind/spine_3_bind/spine_4_bind/spine_5_bind/chest_bind/clavicle_l_bind/shoulder_l_bind/elbow_l_bind final","cat":"step","ph":"X","ts":122747,"dur":1,"pid":1,"tid":18},
{"name":"ProviderMatrix /Biped/Rig/Joints/hips_bind/spine_0_bind/spine_1_bind/spine_2_bind/spine_3_bind/spine_4_bind/spine_5_bind/chest_bind/clavicle_l_bind/shoulder_l_bind/elbow_l_bind/elbowTwist_l_bind final","cat":"step","ph":"X","ts":122784,"dur":1,"pid":1,"tid":21},
{"name":"ProviderMatrix /Biped/Rig/Joints/hips_bind/spine_0_bind/spine_1_bind/spine_2_bind/spine_3_bind/spine_4_bind/spine_5_bind/chest_bind/clavicle_l_bind/shoulder_l_bind/elbow_l_bind/elbowTwist_l_bind/elbow_l_driver final","cat":"step","ph":"X","ts":122827,"dur":1,"pid":1,"tid":7},
{"name":"ProviderMatrix /Biped/Rig/Joints/hips_bind/spine_0_bind/spine_1_bind/spine_2_bind/spine_3_bind/spine_4_bind/spine_5_bind/chest_bind/clavicle_l_bind/shoulder_l_bind/elbow_l_bind/wrist_l_bind/index_001_l_bind final","cat":"step","ph":"X","ts":122835,"dur":1,"pid":1,"tid":7},
{"name":"ProviderMatrix /Biped/Rig/Joints/hips_bind/spine_0_bind/spine_1_bind/spine_2_bind/spine_3_bind/spine_4_bind/spine_5_bind/chest_bind/clavicle_l_bind/shoulder_l_bind/elbow_l_bind/wrist_l_bind/middle_001_l_bind final","cat":"step","ph":"X","ts":122836,"dur":1,"pid":1,"tid":7},
{"name":"ProviderMatrix /Biped/Rig/Joints/hips_bind/spine_0_bind/spine_1_bind/spine_2_bind/spine_3_bind/spine_4_bind/spine_5_bind/chest_bind/clavicle_l_bind/shoulder_l_bind/elbow_l_bind/wrist_l_bind/pinkyCup_l_bind/pinky_001_l_bind/pinky_002_l_bind/pinky_003_l_bind final","cat":"step","ph":"X","ts":122843,"dur":1,"pid":1,"tid":7},
{"name":"ProviderMatrix /Biped/Rig/Joints/hips_bind/spine_0_bind/spine_1_bind/spine_2_bind/spine_3_bind/spine_4_bind/spine_5_bind/chest_bind/clavicle_l_bind/shoulder_l_bind/elbow_l_bind/wrist_l_bind/ring_001_l_bind final","cat":"step","ph":"X","ts":122837,"dur":1,"pid":1,"tid":7},
{"name":"ProviderMatrix /Biped/Rig/Joints/hips_bind/spine_0_bind/spine_1_bind/spine_2_bind/spine_3_bind/spine_4_bind/spine_5_bind/chest_bind/clavicle_l_bind/shoulder_l_bind/elbow_l_bind/wrist_l_bind/thumbCup_l_bind/thumb_001_l_bind final","cat":"step","ph":"X","ts":122838,"dur":1,"pid":1,"tid":7},
{"name":"ProviderMatrix /Biped/Rig/Joints/hips_bind/spine_0_bind/spine_1_bind/spine_2_bind/spine_3_bind/spine_4_bind/spine_5_bind/chest_bind/clavicle_r_bind final","cat":"step","ph":"X","ts":123127,"dur":1,"pid":1,"tid":25},
{"name":"ProviderMatrix /Biped/Rig/Joints/hips_bind/spine_0_bind/spine_1_bind/spine_2_bind/spine_3_bind/spine_4_bind/spine_5_bind/chest_bind/clavicle_r_bind/shoulder_r_bind/elbow_r_bind/wrist_r_bind/index_001_r_bind/index_002_r_bind/index_003_r_bind final","cat":"step","ph":"X","ts":122844,"dur":1,"pid":1,"tid":7},
{"name":"ProviderMatrix /Biped/Rig/Joints/hips_bind/spine_0_bind/spine_1_bind/spine_2_bind/spine_3_bind/spine_4_bind/spine_5_bind/chest_bind/clavicle_r_bind/shoulder_r_bind/elbow_r_bind/wrist_r_bind/middle_001_r_bind/middle_002_r_bind/middle_003_r_bind/middle_004_r_bind final","cat":"step","ph":"X","ts":122845,"dur":1,"pid":1,"tid":7},
{"name":"ProviderMatrix /Biped/Rig/Joints/hips_bind/spine_0_bind/spine_1_bind/spine_2_bind/spine_3_bind/spine_4_bind/spine_5_bind/chest_bind/clavicle_r_bind/shoulder_r_bind/elbow_r_bind/wrist_r_bind/pinkyCup_r_bind/pinky_001_r_bind/pinky_002_combo_r_driver final","cat":"step","ph":"X","ts":122859,"dur":1,"pid":1,"tid":7},
{"name":"ProviderMatrix /Biped/Rig/Joints/hips_bind/spine_0_bind/spine_1_bind/spine_2_bind/spine_3_bind/spine_4_bind/spine_5_bind/chest_bind/clavicle_r_bind/shoulder_r_bind/elbow_r_bind/wrist_r_bind/ring_001_r_bind/ring_002_r_bind/ring_003_r_bind/ring_004_r_bind/ring_005_r_bind final","cat":"step","ph":"X","ts":122846,"dur":1,"pid":1,"tid":7},
{"name":"ProviderMatrix /Biped/Rig/Joints/hips_bind/spine_0_bind/spine_1_bind/spine_2_bind/spine_3_bind/spine_4_bind/spine_5_bind/chest_bind/neck_base_bind/neck_0_bind/neck_1_bind/neck_2_bind/neck_3_bind/skull_bind/face_lower_bind final","cat":"step","ph":"X","ts":123192,"dur":1,"pid":1,"tid":17},
{"name":"ProviderMatrix /Biped/Rig/Joints/hips_bind/spine_0_bind/spine_1_bind/spine_2_bind/spine_3_bind/spine_4_bind/spine_5_bind/chest_bind/neck_base_bind/neck_0_bind/neck_1_bind/neck_2_bind/neck_3_bind/skull_bind/face_upper_bind/eyeSocket_l_bind final","cat":"step","ph":"X","ts":123194,"dur":1,"pid":1,"tid":17},
{"name":"ProviderMatrix /Biped/Rig/Joints/hips_bind/spine_0_bind/spine_1_bind/spine_2_bind/spine_3_bind/spine_4_bind/spine_5_bind/chest_bind/neck_base_bind/neck_0_bind/neck_1_bind/neck_2_bind/neck_3_bind/skull_bind/face_upper_bind/head_tip_bind/brow_main_r_bind final","cat":"step","ph":"X","ts":123195,"dur":1,"pid":1,"tid":17},
{"name":"ProviderMatrix /Biped/Rig/Joints/neck_ik_neck_0_bind/neck_ik_neck_1_bind/neck_ik_neck_2_bind/neck_ik_neck_3_bind/neck_ik_skull_bind final","cat":"step","ph":"X","ts":122863,"dur":1,"pid":1,"tid":7},
{"name":"ProviderMatrix /Biped/Rig/Joints/spine_ik_spine_0_bind/spine_ik_spine_1_bind/spine_ik_spine_2_bind final","cat":"step","ph":"X","ts":122715,"dur":1,"pid":1,"tid":1},
{"name":"InfluenceFold /Biped/Rig/Movers/skin_body_geo/body_geo_skin","cat":"step","ph":"X","ts":123196,"dur":30,"pid":1,"tid":17},
{"name":"RevisionChunk /Biped/Rig/Movers/skin_body_geo/body_geo_skin","cat":"step","ph":"X","ts":123227,"dur":224,"pid":1,"tid":17},
{"name":"RevisionFuse /Biped/Rig/Movers/skin_body_geo/body_geo_skin","cat":"step","ph":"X","ts":123452,"dur":1,"pid":1,"tid":17},
{"name":"ChainStatus /Biped/Geom/body_geo.points","cat":"step","ph":"X","ts":123453,"dur":14,"pid":1,"tid":17},
{"name":"Derived /Biped/Geom/body_geo.extent","cat":"step","ph":"X","ts":123467,"dur":121,"pid":1,"tid":17},
{"name":"cluster 0","cat":"cluster","ph":"X","ts":122617,"dur":9,"pid":1,"tid":0,"args":{"level":"1","steps":"21","waitUs":"2"}},
{"name":"cluster 1","cat":"cluster","ph":"X","ts":122626,"dur":7,"pid":1,"tid":0,"args":{"level":"2","steps":"30","waitUs":"0"}},
{"name":"cluster 2","cat":"cluster","ph":"X","ts":122647,"dur":7,"pid":1,"tid":0,"args":{"level":"3","steps":"20","waitUs":"14"}},
{"name":"cluster 3","cat":"cluster","ph":"X","ts":122656,"dur":23,"pid":1,"tid":17,"args":{"level":"4","steps":"17","waitUs":"2"}},
{"name":"cluster 4","cat":"cluster","ph":"X","ts":122682,"dur":14,"pid":1,"tid":1,"args":{"level":"5","steps":"17","waitUs":"3"}},
{"name":"cluster 5","cat":"cluster","ph":"X","ts":122698,"dur":16,"pid":1,"tid":18,"args":{"level":"6","steps":"23","waitUs":"2"}},
{"name":"cluster 6","cat":"cluster","ph":"X","ts":122715,"dur":7,"pid":1,"tid":18,"args":{"level":"7","steps":"15","waitUs":"1"}},
{"name":"cluster 7","cat":"cluster","ph":"X","ts":122727,"dur":9,"pid":1,"tid":22,"args":{"level":"8","steps":"13","waitUs":"5"}},
{"name":"cluster 8","cat":"cluster","ph":"X","ts":122640,"dur":7,"pid":1,"tid":0,"args":{"level":"3","steps":"15","waitUs":"7"}},
{"name":"cluster 9","cat":"cluster","ph":"X","ts":122738,"dur":15,"pid":1,"tid":21,"args":{"level":"9","steps":"15","waitUs":"2"}},
{"name":"cluster 10","cat":"cluster","ph":"X","ts":122756,"dur":10,"pid":1,"tid":7,"args":{"level":"10","steps":"17","waitUs":"2"}},
{"name":"cluster 11","cat":"cluster","ph":"X","ts":122794,"dur":14,"pid":1,"tid":26,"args":{"level":"11","steps":"16","waitUs":"0"}},
{"name":"cluster 12","cat":"cluster","ph":"X","ts":122717,"dur":3,"pid":1,"tid":1,"args":{"level":"7","steps":"6","waitUs":"1"}},
{"name":"cluster 13","cat":"cluster","ph":"X","ts":122824,"dur":10,"pid":1,"tid":28,"args":{"level":"12","steps":"12","waitUs":"0"}},
{"name":"cluster 14","cat":"cluster","ph":"X","ts":122835,"dur":7,"pid":1,"tid":28,"args":{"level":"13","steps":"6","waitUs":"1"}},
{"name":"cluster 16","cat":"cluster","ph":"X","ts":122696,"dur":20,"pid":1,"tid":1,"args":{"level":"6","steps":"12","waitUs":"0"}},
{"name":"cluster 17","cat":"cluster","ph":"X","ts":122679,"dur":9,"pid":1,"tid":17,"args":{"level":"5","steps":"8","waitUs":"0"}},
{"name":"cluster 18","cat":"cluster","ph":"X","ts":122847,"dur":13,"pid":1,"tid":7,"args":{"level":"14","steps":"15","waitUs":"0"}},
{"name":"cluster 19","cat":"cluster","ph":"X","ts":122723,"dur":7,"pid":1,"tid":18,"args":{"level":"8","steps":"2","waitUs":"0"}},
{"name":"cluster 20","cat":"cluster","ph":"X","ts":122654,"dur":5,"pid":1,"tid":0,"args":{"level":"4","steps":"6","waitUs":"0"}},
{"name":"cluster 21","cat":"cluster","ph":"X","ts":122768,"dur":8,"pid":1,"tid":6,"args":{"level":"10","steps":"3","waitUs":"14"}},
{"name":"cluster 22","cat":"cluster","ph":"X","ts":122769,"dur":15,"pid":1,"tid":30,"args":{"level":"10","steps":"3","waitUs":"3"}},
{"name":"cluster 23","cat":"cluster","ph":"X","ts":122731,"dur":6,"pid":1,"tid":5,"args":{"level":"9","steps":"3","waitUs":"1"}},
{"name":"cluster 24","cat":"cluster","ph":"X","ts":122769,"dur":25,"pid":1,"tid":26,"args":{"level":"10","steps":"4","waitUs":"3"}},
{"name":"cluster 25","cat":"cluster","ph":"X","ts":122733,"dur":18,"pid":1,"tid":19,"args":{"level":"9","steps":"3","waitUs":"3"}},
{"name":"cluster 26","cat":"cluster","ph":"X","ts":122737,"dur":15,"pid":1,"tid":22,"args":{"level":"9","steps":"4","waitUs":"1"}},
{"name":"cluster 27","cat":"cluster","ph":"X","ts":122860,"dur":4,"pid":1,"tid":7,"args":{"level":"15","steps":"10","waitUs":"0"}},
{"name":"cluster 28","cat":"cluster","ph":"X","ts":122864,"dur":7,"pid":1,"tid":7,"args":{"level":"16","steps":"4","waitUs":"0"}},
{"name":"cluster 29","cat":"cluster","ph":"X","ts":122871,"dur":13,"pid":1,"tid":7,"args":{"level":"17","steps":"6","waitUs":"0"}},
{"name":"cluster 30","cat":"cluster","ph":"X","ts":122888,"dur":18,"pid":1,"tid":0,"args":{"level":"18","steps":"5","waitUs":"4"}},
{"name":"cluster 31","cat":"cluster","ph":"X","ts":122910,"dur":22,"pid":1,"tid":31,"args":{"level":"19","steps":"5","waitUs":"4"}},
{"name":"cluster 32","cat":"cluster","ph":"X","ts":122776,"dur":41,"pid":1,"tid":7,"args":{"level":"10","steps":"3","waitUs":"10"}},
{"name":"cluster 33","cat":"cluster","ph":"X","ts":122819,"dur":5,"pid":1,"tid":28,"args":{"level":"11","steps":"2","waitUs":"2"}},
{"name":"cluster 34","cat":"cluster","ph":"X","ts":122932,"dur":14,"pid":1,"tid":31,"args":{"level":"20","steps":"4","waitUs":"0"}},
{"name":"cluster 35","cat":"cluster","ph":"X","ts":122949,"dur":16,"pid":1,"tid":24,"args":{"level":"21","steps":"3","waitUs":"3"}},
{"name":"cluster 36","cat":"cluster","ph":"X","ts":122968,"dur":21,"pid":1,"tid":25,"args":{"level":"22","steps":"4","waitUs":"2"}},
{"name":"cluster 37","cat":"cluster","ph":"X","ts":122989,"dur":19,"pid":1,"tid":25,"args":{"level":"23","steps":"9","waitUs":"0"}},
{"name":"cluster 38","cat":"cluster","ph":"X","ts":123008,"dur":15,"pid":1,"tid":25,"args":{"level":"24","steps":"6","waitUs":"0"}},
{"name":"cluster 39","cat":"cluster","ph":"X","ts":123023,"dur":9,"pid":1,"tid":25,"args":{"level":"25","steps":"3","waitUs":"0"}},
{"name":"cluster 40","cat":"cluster","ph":"X","ts":123032,"dur":6,"pid":1,"tid":25,"args":{"level":"26","steps":"2","waitUs":"0"}},
{"name":"cluster 41","cat":"cluster","ph":"X","ts":123039,"dur":8,"pid":1,"tid":25,"args":{"level":"27","steps":"1","waitUs":"0"}},
{"name":"cluster 42","cat":"cluster","ph":"X","ts":123047,"dur":7,"pid":1,"tid":25,"args":{"level":"28","steps":"2","waitUs":"0"}},
{"name":"cluster 43","cat":"cluster","ph":"X","ts":123054,"dur":8,"pid":1,"tid":25,"args":{"level":"29","steps":"1","waitUs":"0"}},
{"name":"cluster 44","cat":"cluster","ph":"X","ts":123062,"dur":7,"pid":1,"tid":25,"args":{"level":"30","steps":"2","waitUs":"0"}},
{"name":"cluster 45","cat":"cluster","ph":"X","ts":123069,"dur":7,"pid":1,"tid":25,"args":{"level":"31","steps":"1","waitUs":"0"}},
{"name":"cluster 46","cat":"cluster","ph":"X","ts":123076,"dur":7,"pid":1,"tid":25,"args":{"level":"32","steps":"2","waitUs":"0"}},
{"name":"cluster 47","cat":"cluster","ph":"X","ts":123083,"dur":8,"pid":1,"tid":25,"args":{"level":"33","steps":"1","waitUs":"0"}},
{"name":"cluster 48","cat":"cluster","ph":"X","ts":123091,"dur":8,"pid":1,"tid":25,"args":{"level":"34","steps":"1","waitUs":"0"}},
{"name":"cluster 49","cat":"cluster","ph":"X","ts":123099,"dur":9,"pid":1,"tid":25,"args":{"level":"35","steps":"4","waitUs":"0"}},
{"name":"cluster 50","cat":"cluster","ph":"X","ts":123108,"dur":10,"pid":1,"tid":25,"args":{"level":"36","steps":"4","waitUs":"0"}},
{"name":"cluster 51","cat":"cluster","ph":"X","ts":123129,"dur":8,"pid":1,"tid":25,"args":{"level":"37","steps":"3","waitUs":"11"}},
{"name":"cluster 52","cat":"cluster","ph":"X","ts":123138,"dur":11,"pid":1,"tid":17,"args":{"level":"38","steps":"3","waitUs":"1"}},
{"name":"cluster 53","cat":"cluster","ph":"X","ts":123149,"dur":12,"pid":1,"tid":17,"args":{"level":"39","steps":"7","waitUs":"0"}},
{"name":"cluster 54","cat":"cluster","ph":"X","ts":123161,"dur":10,"pid":1,"tid":17,"args":{"level":"40","steps":"6","waitUs":"0"}},
{"name":"cluster 55","cat":"cluster","ph":"X","ts":123171,"dur":5,"pid":1,"tid":17,"args":{"level":"41","steps":"3","waitUs":"0"}},
{"name":"cluster 56","cat":"cluster","ph":"X","ts":123176,"dur":3,"pid":1,"tid":17,"args":{"level":"42","steps":"2","waitUs":"0"}},
{"name":"cluster 57","cat":"cluster","ph":"X","ts":123180,"dur":4,"pid":1,"tid":17,"args":{"level":"43","steps":"1","waitUs":"0"}},
{"name":"cluster 58","cat":"cluster","ph":"X","ts":123184,"dur":4,"pid":1,"tid":17,"args":{"level":"44","steps":"2","waitUs":"0"}},
{"name":"cluster 59","cat":"cluster","ph":"X","ts":123188,"dur":8,"pid":1,"tid":17,"args":{"level":"46","steps":"28","waitUs":"0"}},
{"name":"cluster 60","cat":"cluster","ph":"X","ts":122731,"dur":17,"pid":1,"tid":18,"args":{"level":"9","steps":"7","waitUs":"0"}},
{"name":"cluster 61","cat":"cluster","ph":"X","ts":122932,"dur":12,"pid":1,"tid":0,"args":{"level":"20","steps":"27","waitUs":"0"}},
{"name":"cluster 62","cat":"cluster","ph":"X","ts":122818,"dur":10,"pid":1,"tid":7,"args":{"level":"11","steps":"7","waitUs":"1"}},
{"name":"cluster 63","cat":"cluster","ph":"X","ts":122950,"dur":5,"pid":1,"tid":17,"args":{"level":"21","steps":"3","waitUs":"4"}},
{"name":"cluster 64","cat":"cluster","ph":"X","ts":123124,"dur":4,"pid":1,"tid":25,"args":{"level":"37","steps":"8","waitUs":"6"}},
{"name":"cluster 65","cat":"cluster","ph":"X","ts":122888,"dur":8,"pid":1,"tid":7,"args":{"level":"18","steps":"7","waitUs":"4"}},
{"name":"cluster 66","cat":"cluster","ph":"X","ts":122966,"dur":13,"pid":1,"tid":24,"args":{"level":"22","steps":"7","waitUs":"0"}},
{"name":"cluster 67","cat":"cluster","ph":"X","ts":122767,"dur":18,"pid":1,"tid":21,"args":{"level":"10","steps":"9","waitUs":"0"}},
{"name":"cluster 68","cat":"cluster","ph":"X","ts":123137,"dur":7,"pid":1,"tid":25,"args":{"level":"38","steps":"3","waitUs":"0"}},
{"name":"cluster 69","cat":"cluster","ph":"X","ts":122946,"dur":10,"pid":1,"tid":31,"args":{"level":"21","steps":"10","waitUs":"0"}},
{"name":"cluster 70","cat":"cluster","ph":"X","ts":122906,"dur":26,"pid":1,"tid":0,"args":{"level":"19","steps":"27","waitUs":"0"}},
{"name":"cluster 71","cat":"cluster","ph":"X","ts":122828,"dur":11,"pid":1,"tid":7,"args":{"level":"12","steps":"30","waitUs":"0"}},
{"name":"cluster 72","cat":"cluster","ph":"X","ts":122839,"dur":8,"pid":1,"tid":7,"args":{"level":"13","steps":"36","waitUs":"0"}},
{"name":"cluster 73","cat":"cluster","ph":"X","ts":123196,"dur":31,"pid":1,"tid":17,"args":{"level":"47","steps":"1","waitUs":"0"}},
{"name":"cluster 74","cat":"cluster","ph":"X","ts":123227,"dur":224,"pid":1,"tid":17,"args":{"level":"48","steps":"1","waitUs":"0"}},
{"name":"cluster 75","cat":"cluster","ph":"X","ts":123452,"dur":136,"pid":1,"tid":17,"args":{"level":"51","steps":"3","waitUs":"0"}},
{"name":"BakedPublish","cat":"baked","ph":"X","ts":123693,"dur":57,"pid":1,"tid":0},
{"name":"BakedEpilogue","cat":"baked","ph":"X","ts":123594,"dur":163,"pid":1,"tid":0},
{"name":"Baked","cat":"baked","ph":"X","ts":122463,"dur":1295,"pid":1,"tid":0},
{"name":"Evaluate.Run","cat":"evaluate","ph":"X","ts":122462,"dur":1296,"pid":1,"tid":0},
{"name":"Evaluate@1","cat":"evaluate","ph":"X","ts":122461,"dur":1298,"pid":1,"tid":0},
{"name":"Evaluate.Settle","cat":"evaluate","ph":"X","ts":123884,"dur":1,"pid":1,"tid":0},
{"name":"Evaluate.PlaceOverrides","cat":"evaluate","ph":"X","ts":123885,"dur":0,"pid":1,"tid":0},
{"name":"PropertyChains","cat":"property","ph":"X","ts":123888,"dur":6,"pid":1,"tid":0},
{"name":"BakedInputs","cat":"baked","ph":"X","ts":123894,"dur":7,"pid":1,"tid":0},
{"name":"BakedChainBase","cat":"geometry","ph":"X","ts":124004,"dur":2,"pid":1,"tid":0},
{"name":"BakedPrologue","cat":"baked","ph":"X","ts":123887,"dur":120,"pid":1,"tid":0},
{"name":"BakedRegion","cat":"baked","ph":"X","ts":124007,"dur":929,"pid":1,"tid":0},
{"name":"ComposeSubtree /Biped/Rig/Controls/arm_l_ik","cat":"step","ph":"X","ts":124037,"dur":1,"pid":1,"tid":0},
{"name":"ComposeSubtree /Biped/Rig/Controls/hips_ctl","cat":"step","ph":"X","ts":124038,"dur":1,"pid":1,"tid":0},
{"name":"ComposeSubtree /Biped/Rig/Controls/hips_ctl/spine_root_pivot/spine_root_ctl/pelvis_l_ctl/leg_l_root","cat":"step","ph":"X","ts":124065,"dur":1,"pid":1,"tid":26},
{"name":"ComposeSubtree /Biped/Rig/Controls/hips_ctl/spine_root_pivot/spine_root_ctl/pelvis_l_ctl/leg_l_root/leg_l_fk_thigh_l_bind/leg_l_fk_knee_l_bind","cat":"step","ph":"X","ts":124079,"dur":1,"pid":1,"tid":21},
{"name":"ComposeSubtree /Biped/Rig/Controls/hips_ctl/spine_root_pivot/spine_root_ctl/pelvis_r_ctl","cat":"step","ph":"X","ts":124066,"dur":1,"pid":1,"tid":26},
{"name":"ComposeSubtree /Biped/Rig/Controls/hips_ctl/spine_root_pivot/spine_root_ctl/pelvis_r_ctl/leg_r_root/leg_r_fk_thigh_r_bind/leg_r_fk_knee_r_bind","cat":"step","ph":"X","ts":124100,"dur":2,"pid":1,"tid":23},
{"name":"ComposeSubtree /Biped/Rig/Controls/hips_ctl/torso_ctl","cat":"step","ph":"X","ts":124045,"dur":1,"pid":1,"tid":0},
{"name":"ComposeSubtree /Biped/Rig/Controls/hips_ctl/torso_ctl/spine_end_pivot/spine_end_ctl","cat":"step","ph":"X","ts":124067,"dur":1,"pid":1,"tid":26},
{"name":"ComposeSubtree /Biped/Rig/Controls/hips_ctl/torso_ctl/spine_end_pivot/spine_end_ctl/clavicle_l_ctl/arm_l_root","cat":"step","ph":"X","ts":124080,"dur":1,"pid":1,"tid":21},
{"name":"ComposeSubtree /Biped/Rig/Controls/hips_ctl/torso_ctl/spine_end_pivot/spine_end_ctl/clavicle_l_ctl/arm_l_root/arm_l_fk_shoulder_l_bind/arm_l_fk_elbow_l_bind","cat":"step","ph":"X","ts":124102,"dur":1,"pid":1,"tid":23},
{"name":"ComposeSubtree /Biped/Rig/Controls/hips_ctl/torso_ctl/spine_end_pivot/spine_end_ctl/clavicle_r_ctl/arm_r_root/arm_r_fk_shoulder_r_bind/arm_r_fk_elbow_r_bind","cat":"step","ph":"X","ts":124114,"dur":2,"pid":1,"tid":10},
{"name":"ComposeSubtree /Biped/Rig/Controls/hips_ctl/torso_ctl/spine_end_pivot/spine_end_ctl/neck_root_ctl/neck_end_pivot","cat":"step","ph":"X","ts":124103,"dur":1,"pid":1,"tid":23},
{"name":"ComposeSubtree /Biped/Rig/Controls/index_001_r_bind_fk_follow","cat":"step","ph":"X","ts":124039,"dur":1,"pid":1,"tid":0},
{"name":"ComposeSubtree /Biped/Rig/Controls/leg_l_ik/ankle_l_pivot/bankIn_l_pivot","cat":"step","ph":"X","ts":124046,"dur":1,"pid":1,"tid":0},
{"name":"ComposeSubtree /Biped/Rig/Controls/leg_l_ik/ankle_l_pivot/bankIn_l_pivot/bankOut_l_pivot/heel_l_roll","cat":"step","ph":"X","ts":124068,"dur":1,"pid":1,"tid":26},
{"name":"ComposeSubtree /Biped/Rig/Controls/leg_l_ik/ankle_l_pivot/bankIn_l_pivot/bankOut_l_pivot/heel_l_roll/heel_l/ball_l_pivot/toe_l_roll/toe_l/ballRoll_l_up/ballRoll_l_down/ballRoll_l/ankle_l_ikTarget","cat":"step","ph":"X","ts":124132,"dur":1,"pid":1,"tid":30},
{"name":"ComposeSubtree /Biped/Rig/Controls/leg_l_ik/ankle_l_pivot/bankIn_l_pivot/bankOut_l_pivot/heel_l_roll/heel_l/ball_l_pivot/toe_l_roll/toe_l/ballRoll_l_up/ballRoll_l_down_twin","cat":"step","ph":"X","ts":124116,"dur":1,"pid":1,"tid":10},
{"name":"ComposeSubtree /Biped/Rig/Controls/leg_l_ik/ankle_l_pivot/bankIn_l_pivot/bankOut_l_pivot/heel_l_roll/heel_l/ball_l_pivot/toe_l_roll/toe_l/toeBend_l","cat":"step","ph":"X","ts":124117,"dur":1,"pid":1,"tid":10},
{"name":"ComposeSubtree /Biped/Rig/Controls/leg_l_ik/ankle_l_pivot/bankIn_l_pivot/bankOut_l_pivot/heel_l_roll/heel_l/ball_l_pivot/toe_l_roll/toe_l/toeBend_l/toeBend_l_fk","cat":"step","ph":"X","ts":124133,"dur":1,"pid":1,"tid":30},
{"name":"ComposeSubtree /Biped/Rig/Controls/leg_l_ik/ankle_l_pivot/bankIn_l_pivot/bankOut_l_pivot/heel_l_roll/heel_l/ball_l_pivot/toe_l_roll_twin","cat":"step","ph":"X","ts":124105,"dur":1,"pid":1,"tid":23},
{"name":"ComposeSubtree /Biped/Rig/Controls/leg_r_ik/ankle_r_pivot/bankIn_r_pivot/bankOut_r_pivot","cat":"step","ph":"X","ts":124069,"dur":1,"pid":1,"tid":26},
{"name":"ComposeSubtree /Biped/Rig/Controls/leg_r_ik/ankle_r_pivot/bankIn_r_pivot/bankOut_r_pivot/heel_r_roll/heel_r","cat":"step","ph":"X","ts":124082,"dur":1,"pid":1,"tid":21},
{"name":"ComposeSubtree /Biped/Rig/Controls/leg_r_ik/ankle_r_pivot/bankIn_r_pivot/bankOut_r_pivot/heel_r_roll/heel_r/ball_r_pivot/toe_r_roll/toe_r/ballRoll_r_up/ballRoll_r_down/ballRoll_r/ball_r_ikTarget","cat":"step","ph":"X","ts":124141,"dur":2,"pid":1,"tid":20},
{"name":"ComposeSubtree /Biped/Rig/Controls/leg_r_ik/ankle_r_pivot/bankIn_r_pivot/bankOut_r_pivot/heel_r_roll/heel_r/ball_r_pivot/toe_r_roll/toe_r/ballRoll_r_up_twin","cat":"step","ph":"X","ts":124118,"dur":1,"pid":1,"tid":10},
{"name":"ComposeSubtree /Biped/Rig/Controls/leg_r_ik/ankle_r_pivot/bankIn_r_pivot/bankOut_r_pivot/heel_r_roll/heel_r/ball_r_pivot/toe_r_roll/toe_r/toeBend_r/toeBend_r_fk","cat":"step","ph":"X","ts":124134,"dur":1,"pid":1,"tid":30},
{"name":"ComposeSubtree /Biped/Rig/Controls/leg_r_ik/ankle_r_pivot/bankIn_r_pivot/bankOut_r_pivot/heel_r_roll/heel_r/ball_r_pivot/toe_r_roll_twin","cat":"step","ph":"X","ts":124106,"dur":1,"pid":1,"tid":23},
{"name":"ComposeSubtree /Biped/Rig/Controls/leg_r_ik/ankle_r_pivot/bank_r","cat":"step","ph":"X","ts":124070,"dur":1,"pid":1,"tid":26},
{"name":"ComposeSubtree /Biped/Rig/Controls/leg_r_pv","cat":"step","ph":"X","ts":124040,"dur":1,"pid":1,"tid":0},
{"name":"ComposeSubtree /Biped/Rig/Controls/middle_001_l_bind_fk_follow/middle_001_l_bind_fk","cat":"step","ph":"X","ts":124047,"dur":1,"pid":1,"tid":0},
{"name":"ComposeSubtree /Biped/Rig/Controls/middle_001_r_bind_fk_follow/middle_001_r_bind_fk/middle_002_r_bind_fk/middle_003_r_bind_fk","cat":"step","ph":"X","ts":124071,"dur":1,"pid":1,"tid":26},
{"name":"ComposeSubtree /Biped/Rig/Controls/pinkyCup_r_bind_fk_follow","cat":"step","ph":"X","ts":124041,"dur":1,"pid":1,"tid":0},
{"name":"ComposeSubtree /Biped/Rig/Controls/ring_001_l_bind_fk_follow/ring_001_l_bind_fk/ring_002_l_bind_fk/ring_003_l_bind_fk","cat":"step","ph":"X","ts":124072,"dur":1,"pid":1,"tid":26},
{"name":"ComposeSubtree /Biped/Rig/Controls/ring_001_r_bind_fk_follow/ring_001_r_bind_fk/ring_002_r_bind_fk","cat":"step","ph":"X","ts":124048,"dur":1,"pid":1,"tid":0},
{"name":"ComposeSubtree /Biped/Rig/Controls/spine_mid_follow","cat":"step","ph":"X","ts":124042,"dur":1,"pid":1,"tid":0},
{"name":"ComposeSubtree /Biped/Rig/Controls/thumbCup_r_bind_fk_follow/thumbCup_r_bind_fk/thumb_001_r_bind_fk/thumb_002_r_bind_fk","cat":"step","ph":"X","ts":124073,"dur":1,"pid":1,"tid":26},
{"name":"ComposeSubtree /Biped/Rig/Joints/ankle_l_pivot","cat":"step","ph":"X","ts":124043,"dur":1,"pid":1,"tid":0},
{"name":"ComposeSubtree /Biped/Rig/Joints/ankle_r_pivot/bankIn_r_pivot/bankOut_r_pivot/heel_r_pivot/ball_r_pivot/toe_r_pivot/ballRoll_r_pivot","cat":"step","ph":"X","ts":124083,"dur":1,"pid":1,"tid":21},
{"name":"ComposeSubtree /Biped/Rig/Joints/hips_bind/pelvis_l_bind/pelvis_trans_combo_l_driver","cat":"step","ph":"X","ts":124049,"dur":1,"pid":1,"tid":0},
{"name":"ComposeSubtree /Biped/Rig/Joints/hips_bind/pelvis_l_bind/thigh_l_bind/knee_l_bind/ankleTwist_l_bind","cat":"step","ph":"X","ts":124059,"dur":1,"pid":1,"tid":0},
{"name":"ComposeSubtree /Biped/Rig/Joints/hips_bind/pelvis_l_bind/thigh_l_bind/knee_l_bind/ankle_l_bind/ball_l_bind/toe1_001_l_bind/toe1_002_l_bind/toe1_003_l_bind","cat":"step","ph":"X","ts":124119,"dur":1,"pid":1,"tid":10},
{"name":"ComposeSubtree /Biped/Rig/Joints/hips_bind/pelvis_l_bind/thigh_l_bind/knee_l_bind/ankle_l_bind/ball_l_bind/toe2_001_l_bind","cat":"step","ph":"X","ts":124107,"dur":1,"pid":1,"tid":23},
{"name":"ComposeSubtree /Biped/Rig/Joints/hips_bind/pelvis_l_bind/thigh_l_bind/knee_l_bind/ankle_l_bind/ball_l_bind/toe3_001_l_bind/toe3_002_l_bind/toe3_003_l_bind","cat":"step","ph":"X","ts":124120,"dur":1,"pid":1,"tid":10},
{"name":"ComposeSubtree /Biped/Rig/Joints/hips_bind/pelvis_l_bind/thigh_l_bind/knee_l_bind/ankle_l_bind/ball_l_bind/toe4_001_l_bind","cat":"step","ph":"X","ts":124108,"dur":1,"pid":1,"tid":23},
{"name":"ComposeSubtree /Biped/Rig/Joints/hips_bind/pelvis_l_bind/thigh_l_bind/knee_l_bind/ankle_l_bind/ball_l_bind/toe5_001_l_bind/toe5_002_l_bind/toe5_003_l_bind","cat":"step","ph":"X","ts":124121,"dur":1,"pid":1,"tid":10},
{"name":"ComposeSubtree /Biped/Rig/Joints/hips_bind/pelvis_l_bind/thigh_l_bind/knee_l_bind/ankle_l_bind/ball_l_bind/toe_l_bind","cat":"step","ph":"X","ts":124109,"dur":1,"pid":1,"tid":23},
{"name":"ComposeSubtree /Biped/Rig/Joints/hips_bind/pelvis_r_bind","cat":"step","ph":"X","ts":124050,"dur":1,"pid":1,"tid":0},
{"name":"ComposeSubtree /Biped/Rig/Joints/hips_bind/pelvis_r_bind/pelvis_trans_r_bind","cat":"step","ph":"X","ts":124060,"dur":1,"pid":1,"tid":0},
{"name":"ComposeSubtree /Biped/Rig/Joints/hips_bind/pelvis_r_bind/pelvis_trans_r_bind/thigh_r_driver","cat":"step","ph":"X","ts":124084,"dur":1,"pid":1,"tid":21},
{"name":"ComposeSubtree /Biped/Rig/Joints/hips_bind/pelvis_r_bind/thigh_r_bind/knee_r_bind/ankleTwist_r_driver","cat":"step","ph":"X","ts":124085,"dur":1,"pid":1,"tid":21},
{"name":"ComposeSubtree /Biped/Rig/Joints/hips_bind/pelvis_r_bind/thigh_r_bind/knee_r_bind/ankle_r_bind/ball_r_bind/toe2_001_r_bind","cat":"step","ph":"X","ts":124122,"dur":1,"pid":1,"tid":10},
{"name":"ComposeSubtree /Biped/Rig/Joints/hips_bind/pelvis_r_bind/thigh_r_bind/knee_r_bind/ankle_r_bind/ball_r_bind/toe2_001_r_bind/toe2_002_r_bind/toe2_003_r_bind","cat":"step","ph":"X","ts":124135,"dur":1,"pid":1,"tid":30},
{"name":"ComposeSubtree /Biped/Rig/Joints/hips_bind/pelvis_r_bind/thigh_r_bind/knee_r_bind/ankle_r_bind/ball_r_bind/toe4_001_r_bind","cat":"step","ph":"X","ts":124123,"dur":1,"pid":1,"tid":10},
{"name":"ComposeSubtree /Biped/Rig/Joints/hips_bind/pelvis_r_bind/thigh_r_bind/knee_r_bind/ankle_r_bind/ball_r_bind/toe4_001_r_bind/toe4_002_r_bind/toe4_003_r_bind","cat":"step","ph":"X","ts":124136,"dur":1,"pid":1,"tid":30},
{"name":"ComposeSubtree /Biped/Rig/Joints/hips_bind/pelvis_r_bind/thigh_r_bind/knee_r_bind/ankle_r_bind/ball_r_bind/toe_r_bind","cat":"step","ph":"X","ts":124124,"dur":1,"pid":1,"tid":10},
{"name":"ComposeSubtree /Biped/Rig/Joints/hips_bind/spine_0_bind/spine_1_bind/spine_2_bind","cat":"step","ph":"X","ts":124061,"dur":1,"pid":1,"tid":0},
{"name":"ComposeSubtree /Biped/Rig/Joints/hips_bind/spine_0_bind/spine_1_bind/spine_2_bind/spine_3_bind/spine_4_bind","cat":"step","ph":"X","ts":124086,"dur":1,"pid":1,"tid":21},
{"name":"ComposeSubtree /Biped/Rig/Joints/hips_bind/spine_0_bind/spine_1_bind/spine_2_bind/spine_3_bind/spine_4_bind/spine_5_bind/chest_bind","cat":"step","ph":"X","ts":124110,"dur":1,"pid":1,"tid":23},
{"name":"ComposeSubtree /Biped/Rig/Joints/hips_bind/spine_0_bind/spine_1_bind/spine_2_bind/spine_3_bind/spine_4_bind/spine_5_bind/chest_bind/clavicle_l_bind/clavicle_trans_combo_l_driver","cat":"step","ph":"X","ts":124125,"dur":1,"pid":1,"tid":10},
{"name":"ComposeSubtree /Biped/Rig/Joints/hips_bind/spine_0_bind/spine_1_bind/spine_2_bind/spine_3_bind/spine_4_bind/spine_5_bind/chest_bind/clavicle_l_bind/clavicle_trans_l_bind/shoulder_l_driver","cat":"step","ph":"X","ts":124137,"dur":1,"pid":1,"tid":30},
{"name":"ComposeSubtree /Biped/Rig/Joints/hips_bind/spine_0_bind/spine_1_bind/spine_2_bind/spine_3_bind/spine_4_bind/spine_5_bind/chest_bind/clavicle_l_bind/shoulder_l_bind","cat":"step","ph":"X","ts":124126,"dur":1,"pid":1,"tid":10},
{"name":"ComposeSubtree /Biped/Rig/Joints/hips_bind/spine_0_bind/spine_1_bind/spine_2_bind/spine_3_bind/spine_4_bind/spine_5_bind/chest_bind/clavicle_l_bind/shoulder_l_bind/elbow_l_bind/wristTwist_l_driver","cat":"step","ph":"X","ts":124138,"dur":1,"pid":1,"tid":30},
{"name":"ComposeSubtree /Biped/Rig/Joints/hips_bind/spine_0_bind/spine_1_bind/spine_2_bind/spine_3_bind/spine_4_bind/spine_5_bind/chest_bind/clavicle_l_bind/shoulder_l_bind/elbow_l_bind/wrist_l_bind/index_001_l_bind","cat":"step","ph":"X","ts":124143,"dur":1,"pid":1,"tid":20},
{"name":"ComposeSubtree /Biped/Rig/Joints/hips_bind/spine_0_bind/spine_1_bind/spine_2_bind/spine_3_bind/spine_4_bind/spine_5_bind/chest_bind/clavicle_l_bind/shoulder_l_bind/elbow_l_bind/wrist_l_bind/index_001_l_bind/index_002_l_bind","cat":"step","ph":"X","ts":124153,"dur":1,"pid":1,"tid":15},
{"name":"ComposeSubtree /Biped/Rig/Joints/hips_bind/spine_0_bind/spine_1_bind/spine_2_bind/spine_3_bind/spine_4_bind/spine_5_bind/chest_bind/clavicle_l_bind/shoulder_l_bind/elbow_l_bind/wrist_l_bind/index_001_l_bind/index_002_l_bind/index_003_l_bind/index_004_l_bind","cat":"step","ph":"X","ts":124166,"dur":1,"pid":1,"tid":25},
{"name":"ComposeSubtree /Biped/Rig/Joints/hips_bind/spine_0_bind/spine_1_bind/spine_2_bind/spine_3_bind/spine_4_bind/spine_5_bind/chest_bind/clavicle_l_bind/shoulder_l_bind/elbow_l_bind/wrist_l_bind/middle_001_l_bind","cat":"step","ph":"X","ts":124144,"dur":1,"pid":1,"tid":20},
{"name":"ComposeSubtree /Biped/Rig/Joints/hips_bind/spine_0_bind/spine_1_bind/spine_2_bind/spine_3_bind/spine_4_bind/spine_5_bind/chest_bind/clavicle_l_bind/shoulder_l_bind/elbow_l_bind/wrist_l_bind/middle_001_l_bind/middle_002_l_bind","cat":"step","ph":"X","ts":124154,"dur":1,"pid":1,"tid":15},
{"name":"ComposeSubtree /Biped/Rig/Joints/hips_bind/spine_0_bind/spine_1_bind/spine_2_bind/spine_3_bind/spine_4_bind/spine_5_bind/chest_bind/clavicle_l_bind/shoulder_l_bind/elbow_l_bind/wrist_l_bind/middle_001_l_bind/middle_002_l_bind/middle_003_l_bind/middle_004_l_bind","cat":"step","ph":"X","ts":124167,"dur":1,"pid":1,"tid":25},
{"name":"ComposeSubtree /Biped/Rig/Joints/hips_bind/spine_0_bind/spine_1_bind/spine_2_bind/spine_3_bind/spine_4_bind/spine_5_bind/chest_bind/clavicle_l_bind/shoulder_l_bind/elbow_l_bind/wrist_l_bind/pinkyCup_l_bind/pinky_001_l_bind/pinky_002_l_bind/pinky_003_l_bind","cat":"step","ph":"X","ts":124168,"dur":1,"pid":1,"tid":25},
{"name":"ComposeSubtree /Biped/Rig/Joints/hips_bind/spine_0_bind/spine_1_bind/spine_2_bind/spine_3_bind/spine_4_bind/spine_5_bind/chest_bind/clavicle_l_bind/shoulder_l_bind/elbow_l_bind/wrist_l_bind/pinkyCup_l_bind/pinky_001_l_bind/pinky_002_l_bind/pinky_003_l_bind/pinky_004_l_bind","cat":"step","ph":"X","ts":124199,"dur":2,"pid":1,"tid":12},
{"name":"ComposeSubtree /Biped/Rig/Joints/hips_bind/spine_0_bind/spine_1_bind/spine_2_bind/spine_3_bind/spine_4_bind/spine_5_bind/chest_bind/clavicle_l_bind/shoulder_l_bind/elbow_l_bind/wrist_l_bind/ring_001_l_bind","cat":"step","ph":"X","ts":124145,"dur":1,"pid":1,"tid":20},
{"name":"ComposeSubtree /Biped/Rig/Joints/hips_bind/spine_0_bind/spine_1_bind/spine_2_bind/spine_3_bind/spine_4_bind/spine_5_bind/chest_bind/clavicle_l_bind/shoulder_l_bind/elbow_l_bind/wrist_l_bind/ring_001_l_bind/ring_002_l_bind","cat":"step","ph":"X","ts":124155,"dur":1,"pid":1,"tid":15},
{"name":"ComposeSubtree /Biped/Rig/Joints/hips_bind/spine_0_bind/spine_1_bind/spine_2_bind/spine_3_bind/spine_4_bind/spine_5_bind/chest_bind/clavicle_l_bind/shoulder_l_bind/elbow_l_bind/wrist_l_bind/thumbCup_l_bind","cat":"step","ph":"X","ts":124146,"dur":1,"pid":1,"tid":20},
{"name":"ComposeSubtree /Biped/Rig/Joints/hips_bind/spine_0_bind/spine_1_bind/spine_2_bind/spine_3_bind/spine_4_bind/spine_5_bind/chest_bind/clavicle_l_bind/shoulder_l_bind/elbow_l_bind/wrist_l_bind/thumbCup_l_bind/thumb_001_l_bind/thumb_002_l_bind/thumb_003_l_bind","cat":"step","ph":"X","ts":124169,"dur":1,"pid":1,"tid":25},
{"name":"ComposeSubtree /Biped/Rig/Joints/hips_bind/spine_0_bind/spine_1_bind/spine_2_bind/spine_3_bind/spine_4_bind/spine_5_bind/chest_bind/clavicle_r_bind/shoulderNoTwist_r_bind","cat":"step","ph":"X","ts":124139,"dur":1,"pid":1,"tid":30},
{"name":"ComposeSubtree /Biped/Rig/Joints/hips_bind/spine_0_bind/spine_1_bind/spine_2_bind/spine_3_bind/spine_4_bind/spine_5_bind/chest_bind/clavicle_r_bind/shoulder_r_bind","cat":"step","ph":"X","ts":124131,"dur":1,"pid":1,"tid":10},
{"name":"ComposeSubtree /Biped/Rig/Joints/hips_bind/spine_0_bind/spine_1_bind/spine_2_bind/spine_3_bind/spine_4_bind/spine_5_bind/chest_bind/clavicle_r_bind/shoulder_r_bind/elbow_r_bind/elbowTwist_r_bind","cat":"step","ph":"X","ts":124147,"dur":1,"pid":1,"tid":20},
{"name":"ComposeSubtree /Biped/Rig/Joints/hips_bind/spine_0_bind/spine_1_bind/spine_2_bind/spine_3_bind/spine_4_bind/spine_5_bind/chest_bind/clavicle_r_bind/shoulder_r_bind/elbow_r_bind/wristTwist_r_driver","cat":"step","ph":"X","ts":124148,"dur":1,"pid":1,"tid":20},
{"name":"ComposeSubtree /Biped/Rig/Joints/hips_bind/spine_0_bind/spine_1_bind/spine_2_bind/spine_3_bind/spine_4_bind/spine_5_bind/chest_bind/clavicle_r_bind/shoulder_r_bind/elbow_r_bind/wrist_r_bind/index_001_r_bind","cat":"step","ph":"X","ts":124156,"dur":1,"pid":1,"tid":15},
{"name":"ComposeSubtree /Biped/Rig/Joints/hips_bind/spine_0_bind/spine_1_bind/spine_2_bind/spine_3_bind/spine_4_bind/spine_5_bind/chest_bind/clavicle_r_bind/shoulder_r_bind/elbow_r_bind/wrist_r_bind/index_001_r_bind/index_002_r_bind/index_003_r_bind/index_004_r_bind","cat":"step","ph":"X","ts":124201,"dur":1,"pid":1,"tid":12},
{"name":"ComposeSubtree /Biped/Rig/Joints/hips_bind/spine_0_bind/spine_1_bind/spine_2_bind/spine_3_bind/spine_4_bind/spine_5_bind/chest_bind/clavicle_r_bind/shoulder_r_bind/elbow_r_bind/wrist_r_bind/middle_001_r_bind/middle_002_r_bind","cat":"step","ph":"X","ts":124170,"dur":1,"pid":1,"tid":25},
{"name":"ComposeSubtree /Biped/Rig/Joints/hips_bind/spine_0_bind/spine_1_bind/spine_2_bind/spine_3_bind/spine_4_bind/spine_5_bind/chest_bind/clavicle_r_bind/shoulder_r_bind/elbow_r_bind/wrist_r_bind/pinkyCup_r_bind/pinky_001_r_bind/pinky_002_combo_r_driver","cat":"step","ph":"X","ts":124171,"dur":1,"pid":1,"tid":25},
{"name":"ComposeSubtree /Biped/Rig/Joints/hips_bind/spine_0_bind/spine_1_bind/spine_2_bind/spine_3_bind/spine_4_bind/spine_5_bind/chest_bind/clavicle_r_bind/shoulder_r_bind/elbow_r_bind/wrist_r_bind/pinkyCup_r_bind/pinky_001_r_bind/pinky_002_r_bind/pinky_003_r_bind","cat":"step","ph":"X","ts":124202,"dur":1,"pid":1,"tid":12},
{"name":"ComposeSubtree /Biped/Rig/Joints/hips_bind/spine_0_bind/spine_1_bind/spine_2_bind/spine_3_bind/spine_4_bind/spine_5_bind/chest_bind/clavicle_r_bind/shoulder_r_bind/elbow_r_bind/wrist_r_bind/pinkyCup_r_bind/pinky_001_r_bind/pinky_002_r_bind/pinky_003_r_bind/pinky_004_r_bind","cat":"step","ph":"X","ts":124219,"dur":1,"pid":1,"tid":31},
{"name":"ComposeSubtree /Biped/Rig/Joints/hips_bind/spine_0_bind/spine_1_bind/spine_2_bind/spine_3_bind/spine_4_bind/spine_5_bind/chest_bind/clavicle_r_bind/shoulder_r_bind/elbow_r_bind/wrist_r_bind/ring_001_r_bind","cat":"step","ph":"X","ts":124157,"dur":1,"pid":1,"tid":15},
{"name":"ComposeSubtree /Biped/Rig/Joints/hips_bind/spine_0_bind/spine_1_bind/spine_2_bind/spine_3_bind/spine_4_bind/spine_5_bind/chest_bind/clavicle_r_bind/shoulder_r_bind/elbow_r_bind/wrist_r_bind/ring_001_r_bind/ring_002_r_bind/ring_003_r_bind/ring_004_r_bind","cat":"step","ph":"X","ts":124203,"dur":1,"pid":1,"tid":12},
{"name":"ComposeSubtree /Biped/Rig/Joints/hips_bind/spine_0_bind/spine_1_bind/spine_2_bind/spine_3_bind/spine_4_bind/spine_5_bind/chest_bind/clavicle_r_bind/shoulder_r_bind/elbow_r_bind/wrist_r_bind/thumbCup_r_bind/thumb_001_r_bind/thumb_002_r_bind","cat":"step","ph":"X","ts":124172,"dur":1,"pid":1,"tid":25},
{"name":"ComposeSubtree /Biped/Rig/Joints/hips_bind/spine_0_bind/spine_1_bind/spine_2_bind/spine_3_bind/spine_4_bind/spine_5_bind/chest_bind/neck_base_bind/neck_0_bind/neck_1_bind/neck_2_bind/neck_3_bind","cat":"step","ph":"X","ts":124149,"dur":1,"pid":1,"tid":20},
{"name":"ComposeSubtree /Biped/Rig/Joints/hips_bind/spine_0_bind/spine_1_bind/spine_2_bind/spine_3_bind/spine_4_bind/spine_5_bind/chest_bind/neck_base_bind/neck_0_bind/neck_1_bind/neck_2_bind/neck_3_bind/skull_bind/face_lower_bind","cat":"step","ph":"X","ts":124158,"dur":1,"pid":1,"tid":15},
{"name":"ComposeSubtree /Biped/Rig/Joints/hips_bind/spine_0_bind/spine_1_bind/spine_2_bind/spine_3_bind/spine_4_bind/spine_5_bind/chest_bind/neck_base_bind/neck_0_bind/neck_1_bind/neck_2_bind/neck_3_bind/skull_bind/face_lower_bind/face_mid_bind/nose_bridge_bind","cat":"step","ph":"X","ts":124173,"dur":1,"pid":1,"tid":25},
{"name":"ComposeSubtree /Biped/Rig/Joints/hips_bind/spine_0_bind/spine_1_bind/spine_2_bind/spine_3_bind/spine_4_bind/spine_5_bind/chest_bind/neck_base_bind/neck_0_bind/neck_1_bind/neck_2_bind/neck_3_bind/skull_bind/face_lower_bind/jaw_bind/jaw_end","cat":"step","ph":"X","ts":124204,"dur":1,"pid":1,"tid":12},
{"name":"ComposeSubtree /Biped/Rig/Joints/hips_bind/spine_0_bind/spine_1_bind/spine_2_bind/spine_3_bind/spine_4_bind/spine_5_bind/chest_bind/neck_base_bind/neck_0_bind/neck_1_bind/neck_2_bind/neck_3_bind/skull_bind/face_lower_bind/jaw_bind/tongue_0_bind/tongue_1_bind/tongue_2_bind/tongue_3_bind","cat":"step","ph":"X","ts":124234,"dur":1,"pid":1,"tid":31},
{"name":"ComposeSubtree /Biped/Rig/Joints/hips_bind/spine_0_bind/spine_1_bind/spine_2_bind/spine_3_bind/spine_4_bind/spine_5_bind/chest_bind/neck_base_bind/neck_0_bind/neck_1_bind/neck_2_bind/neck_3_bind/skull_bind/face_upper_bind/eyeSocket_l_bind","cat":"step","ph":"X","ts":124174,"dur":1,"pid":1,"tid":25},
{"name":"ComposeSubtree /Biped/Rig/Joints/hips_bind/spine_0_bind/spine_1_bind/spine_2_bind/spine_3_bind/spine_4_bind/spine_5_bind/chest_bind/neck_base_bind/neck_0_bind/neck_1_bind/neck_2_bind/neck_3_bind/skull_bind/face_upper_bind/eyeSocket_r_bind","cat":"step","ph":"X","ts":124175,"dur":1,"pid":1,"tid":25},
{"name":"ComposeSubtree /Biped/Rig/Joints/hips_bind/spine_0_bind/spine_1_bind/spine_2_bind/spine_3_bind/spine_4_bind/spine_5_bind/chest_bind/neck_base_bind/neck_0_bind/neck_1_bind/neck_2_bind/neck_3_bind/skull_bind/face_upper_bind/head_tip_bind/brow_main_r_bind","cat":"step","ph":"X","ts":124206,"dur":1,"pid":1,"tid":12},
{"name":"ComposeSubtree /Biped/Rig/Joints/neck_ik_neck_0_bind/neck_ik_neck_1_bind","cat":"step","ph":"X","ts":124220,"dur":1,"pid":1,"tid":31},
{"name":"ComposeSubtree /Biped/Rig/Joints/pupilCenter_l_pivot","cat":"step","ph":"X","ts":124044,"dur":1,"pid":1,"tid":0},
{"name":"ComposeSubtree /Biped/Rig/Joints/spine_ik_spine_0_bind/spine_ik_spine_1_bind/spine_ik_spine_2_bind","cat":"step","ph":"X","ts":124051,"dur":1,"pid":1,"tid":0},
{"name":"Solve /Biped/Rig/Solvers/arm_l_fkChain","cat":"step","ph":"X","ts":124128,"dur":2,"pid":1,"tid":10},
{"name":"Solve /Biped/Rig/Solvers/arm_l_twoBoneIk","cat":"step","ph":"X","ts":124111,"dur":1,"pid":1,"tid":23},
{"name":"Solve /Biped/Rig/Solvers/arm_r_fkChain","cat":"step","ph":"X","ts":124132,"dur":1,"pid":1,"tid":10},
{"name":"Solve /Biped/Rig/Solvers/arm_r_twoBoneIk","cat":"step","ph":"X","ts":124098,"dur":1,"pid":1,"tid":21},
{"name":"Solve /Biped/Rig/Solvers/leg_l_fkChain","cat":"step","ph":"X","ts":124099,"dur":2,"pid":1,"tid":21},
{"name":"Solve /Biped/Rig/Solvers/leg_r_fkChain","cat":"step","ph":"X","ts":124113,"dur":2,"pid":1,"tid":23},
{"name":"Solve /Biped/Rig/Solvers/neck_splineIk","cat":"step","ph":"X","ts":124115,"dur":11,"pid":1,"tid":23},
{"name":"SolverCommit batch 6","cat":"step","ph":"X","ts":124256,"dur":1,"pid":1,"tid":12},
{"name":"Solve /Biped/Rig/Solvers/spine_splineIk","cat":"step","ph":"X","ts":124087,"dur":11,"pid":1,"tid":21},
{"name":"SolverCommit batch 7","cat":"step","ph":"X","ts":124101,"dur":1,"pid":1,"tid":21},
{"name":"Solve /Biped/Rig/Solvers/arm_r_ikfk","cat":"step","ph":"X","ts":124150,"dur":1,"pid":1,"tid":20},
{"name":"SolverCommit batch 8","cat":"step","ph":"X","ts":124159,"dur":2,"pid":1,"tid":15},
{"name":"Solve /Biped/Rig/Solvers/arm_l_ikfk","cat":"step","ph":"X","ts":124133,"dur":1,"pid":1,"tid":10},
{"name":"SolverCommit batch 9","cat":"step","ph":"X","ts":124140,"dur":2,"pid":1,"tid":30},
{"name":"Constraint /Biped/Rig/Movers/spine_mid_follow/spine_mid_follow_pos","cat":"step","ph":"X","ts":124075,"dur":6,"pid":1,"tid":26},
{"name":"Solve /Biped/Rig/Solvers/fk_thumb_r","cat":"step","ph":"X","ts":124176,"dur":3,"pid":1,"tid":25},
{"name":"SolverCommit batch 11","cat":"step","ph":"X","ts":124221,"dur":1,"pid":1,"tid":31},
{"name":"Solve /Biped/Rig/Solvers/fk_ring_r","cat":"step","ph":"X","ts":124165,"dur":3,"pid":1,"tid":26},
{"name":"SolverCommit batch 12","cat":"step","ph":"X","ts":124222,"dur":1,"pid":1,"tid":31},
{"name":"Solve /Biped/Rig/Solvers/fk_pinky_r","cat":"step","ph":"X","ts":124168,"dur":2,"pid":1,"tid":26},
{"name":"SolverCommit batch 13","cat":"step","ph":"X","ts":124235,"dur":1,"pid":1,"tid":31},
{"name":"Solve /Biped/Rig/Solvers/fk_middle_r","cat":"step","ph":"X","ts":124170,"dur":1,"pid":1,"tid":26},
{"name":"SolverCommit batch 14","cat":"step","ph":"X","ts":124223,"dur":1,"pid":1,"tid":31},
{"name":"Solve /Biped/Rig/Solvers/fk_index_r","cat":"step","ph":"X","ts":124165,"dur":1,"pid":1,"tid":15},
{"name":"SolverCommit batch 15","cat":"step","ph":"X","ts":124224,"dur":1,"pid":1,"tid":31},
{"name":"Solve /Biped/Rig/Solvers/fk_thumb_l","cat":"step","ph":"X","ts":124161,"dur":2,"pid":1,"tid":15},
{"name":"SolverCommit batch 16","cat":"step","ph":"X","ts":124207,"dur":2,"pid":1,"tid":12},
{"name":"Solve /Biped/Rig/Solvers/fk_ring_l","cat":"step","ph":"X","ts":124163,"dur":1,"pid":1,"tid":15},
{"name":"SolverCommit batch 17","cat":"step","ph":"X","ts":124209,"dur":1,"pid":1,"tid":12},
{"name":"Solve /Biped/Rig/Solvers/fk_pinky_l","cat":"step","ph":"X","ts":124148,"dur":2,"pid":1,"tid":10},
{"name":"SolverCommit batch 18","cat":"step","ph":"X","ts":124225,"dur":1,"pid":1,"tid":31},
{"name":"Solve /Biped/Rig/Solvers/fk_middle_l","cat":"step","ph":"X","ts":124150,"dur":2,"pid":1,"tid":10},
{"name":"SolverCommit batch 19","cat":"step","ph":"X","ts":124210,"dur":1,"pid":1,"tid":12},
{"name":"Solve /Biped/Rig/Solvers/fk_index_l","cat":"step","ph":"X","ts":124152,"dur":2,"pid":1,"tid":10},
{"name":"SolverCommit batch 20","cat":"step","ph":"X","ts":124211,"dur":1,"pid":1,"tid":12},
{"name":"Constraint /Biped/Rig/Movers/spine_mid_follow/spine_mid_follow_aim","cat":"step","ph":"X","ts":124102,"dur":6,"pid":1,"tid":21},
{"name":"Constraint /Biped/Rig/Movers/hand_r_follow/thumbCup_r_bind_fk_follow_to_wrist_r_bind","cat":"step","ph":"X","ts":124166,"dur":5,"pid":1,"tid":15},
{"name":"Constraint /Biped/Rig/Movers/hand_r_follow/ring_001_r_bind_fk_follow_to_wrist_r_bind","cat":"step","ph":"X","ts":124171,"dur":4,"pid":1,"tid":15},
{"name":"Constraint /Biped/Rig/Movers/hand_r_follow/pinkyCup_r_bind_fk_follow_to_wrist_r_bind","cat":"step","ph":"X","ts":124175,"dur":7,"pid":1,"tid":7},
{"name":"Constraint /Biped/Rig/Movers/hand_r_follow/middle_001_r_bind_fk_follow_to_wrist_r_bind","cat":"step","ph":"X","ts":124182,"dur":4,"pid":1,"tid":7},
{"name":"Constraint /Biped/Rig/Movers/hand_r_follow/index_001_r_bind_fk_follow_to_wrist_r_bind","cat":"step","ph":"X","ts":124186,"dur":4,"pid":1,"tid":7},
{"name":"Constraint /Biped/Rig/Movers/hand_l_follow/thumbCup_l_bind_fk_follow_to_wrist_l_bind","cat":"step","ph":"X","ts":124149,"dur":7,"pid":1,"tid":29},
{"name":"Constraint /Biped/Rig/Movers/hand_l_follow/ring_001_l_bind_fk_follow_to_wrist_l_bind","cat":"step","ph":"X","ts":124156,"dur":4,"pid":1,"tid":29},
{"name":"Constraint /Biped/Rig/Movers/hand_l_follow/pinkyCup_l_bind_fk_follow_to_wrist_l_bind","cat":"step","ph":"X","ts":124160,"dur":5,"pid":1,"tid":29},
{"name":"Constraint /Biped/Rig/Movers/hand_l_follow/middle_001_l_bind_fk_follow_to_wrist_l_bind","cat":"step","ph":"X","ts":124152,"dur":8,"pid":1,"tid":20},
{"name":"Constraint /Biped/Rig/Movers/hand_l_follow/index_001_l_bind_fk_follow_to_wrist_l_bind","cat":"step","ph":"X","ts":124160,"dur":4,"pid":1,"tid":20},
{"name":"Constraint /Biped/Rig/Movers/bankIn_r_pivot_rc/bankIn_r_pivot_rotation","cat":"step","ph":"X","ts":124164,"dur":4,"pid":1,"tid":20},
{"name":"Constraint /Biped/Rig/Movers/bankOut_r_pivot_rc/bankOut_r_pivot_rotation","cat":"step","ph":"X","ts":124190,"dur":6,"pid":1,"tid":7},
{"name":"Constraint /Biped/Rig/Movers/heel_r_roll_rc/heel_r_roll_rotation","cat":"step","ph":"X","ts":124212,"dur":5,"pid":1,"tid":12},
{"name":"Constraint /Biped/Rig/Movers/toe_r_roll_rc/toe_r_roll_rotation","cat":"step","ph":"X","ts":124226,"dur":5,"pid":1,"tid":31},
{"name":"Constraint /Biped/Rig/Movers/ballRoll_r_up_rc/ballRoll_r_up_rotation","cat":"step","ph":"X","ts":124236,"dur":1,"pid":1,"tid":31},
{"name":"Constraint /Biped/Rig/Movers/ballRoll_r_down_rc/ballRoll_r_down_rotation","cat":"step","ph":"X","ts":124257,"dur":5,"pid":1,"tid":12},
{"name":"SolverCommit batch 39","cat":"step","ph":"X","ts":124280,"dur":4,"pid":1,"tid":12},
{"name":"Constraint /Biped/Rig/Movers/ankle_r_bind_scAim/ankle_r_bind_aim","cat":"step","ph":"X","ts":124297,"dur":5,"pid":1,"tid":0},
{"name":"Constraint /Biped/Rig/Movers/ball_r_bind_scAim/ball_r_bind_aim","cat":"step","ph":"X","ts":124317,"dur":5,"pid":1,"tid":12},
{"name":"Constraint /Biped/Rig/Movers/bankIn_l_pivot_rc/bankIn_l_pivot_rotation","cat":"step","ph":"X","ts":124142,"dur":4,"pid":1,"tid":30},
{"name":"Constraint /Biped/Rig/Movers/bankOut_l_pivot_rc/bankOut_l_pivot_rotation","cat":"step","ph":"X","ts":124168,"dur":1,"pid":1,"tid":20},
{"name":"Constraint /Biped/Rig/Movers/heel_l_roll_rc/heel_l_roll_rotation","cat":"step","ph":"X","ts":124181,"dur":4,"pid":1,"tid":21},
{"name":"Constraint /Biped/Rig/Movers/toe_l_roll_rc/toe_l_roll_rotation","cat":"step","ph":"X","ts":124191,"dur":1,"pid":1,"tid":21},
{"name":"Constraint /Biped/Rig/Movers/ballRoll_l_up_rc/ballRoll_l_up_rotation","cat":"step","ph":"X","ts":124231,"dur":1,"pid":1,"tid":31},
{"name":"Solve /Biped/Rig/Solvers/leg_l_twoBoneIk","cat":"step","ph":"X","ts":124262,"dur":1,"pid":1,"tid":12},
{"name":"Solve /Biped/Rig/Solvers/leg_l_ikfk","cat":"step","ph":"X","ts":124269,"dur":1,"pid":1,"tid":12},
{"name":"SolverCommit batch 49","cat":"step","ph":"X","ts":124272,"dur":5,"pid":1,"tid":12},
{"name":"Constraint /Biped/Rig/Movers/ankle_l_bind_scAim/ankle_l_bind_aim","cat":"step","ph":"X","ts":124284,"dur":5,"pid":1,"tid":12},
{"name":"Constraint /Biped/Rig/Movers/ball_l_bind_scAim/ball_l_bind_aim","cat":"step","ph":"X","ts":124302,"dur":4,"pid":1,"tid":0},
{"name":"Constraint /Biped/Rig/Movers/hips_follow/spine_root_ctl_drives_hips_bind","cat":"step","ph":"X","ts":124062,"dur":4,"pid":1,"tid":0},
{"name":"PropagateChunk /Biped/Rig/Movers/hips_follow/spine_root_ctl_drives_hips_bind","cat":"step","ph":"X","ts":124263,"dur":4,"pid":1,"tid":12},
{"name":"CommitApply /Biped/Rig/Movers/hips_follow/spine_root_ctl_drives_hips_bind","cat":"step","ph":"X","ts":124270,"dur":1,"pid":1,"tid":12},
{"name":"Constraint /Biped/Rig/Movers/hips_follow/spine_root_ctl_scales_hips_bind","cat":"step","ph":"X","ts":124277,"dur":2,"pid":1,"tid":12},
{"name":"PropagateChunk /Biped/Rig/Movers/hips_follow/spine_root_ctl_scales_hips_bind","cat":"step","ph":"X","ts":124306,"dur":4,"pid":1,"tid":0},
{"name":"PropagateChunk /Biped/Rig/Movers/hips_follow/spine_root_ctl_scales_hips_bind","cat":"step","ph":"X","ts":124310,"dur":1,"pid":1,"tid":0},
{"name":"Constraint /Biped/Rig/Movers/spine_to_bind/spine_ik_spine_0_bind_scale_to_spine_0_bind","cat":"step","ph":"X","ts":124332,"dur":11,"pid":1,"tid":11},
{"name":"Constraint /Biped/Rig/Movers/spine_to_bind/spine_ik_spine_0_bind_to_spine_0_bind","cat":"step","ph":"X","ts":124353,"dur":11,"pid":1,"tid":5},
{"name":"Constraint /Biped/Rig/Movers/spine_to_bind/spine_ik_spine_1_bind_scale_to_spine_1_bind","cat":"step","ph":"X","ts":124371,"dur":9,"pid":1,"tid":2},
{"name":"Constraint /Biped/Rig/Movers/spine_to_bind/spine_ik_spine_1_bind_to_spine_1_bind","cat":"step","ph":"X","ts":124390,"dur":7,"pid":1,"tid":2},
{"name":"Constraint /Biped/Rig/Movers/spine_to_bind/spine_ik_spine_2_bind_scale_to_spine_2_bind","cat":"step","ph":"X","ts":124404,"dur":6,"pid":1,"tid":2},
{"name":"Constraint /Biped/Rig/Movers/spine_to_bind/spine_ik_spine_2_bind_to_spine_2_bind","cat":"step","ph":"X","ts":124415,"dur":6,"pid":1,"tid":2},
{"name":"Constraint /Biped/Rig/Movers/spine_to_bind/spine_ik_spine_3_bind_scale_to_spine_3_bind","cat":"step","ph":"X","ts":124421,"dur":4,"pid":1,"tid":2},
{"name":"Constraint /Biped/Rig/Movers/spine_to_bind/spine_ik_spine_3_bind_to_spine_3_bind","cat":"step","ph":"X","ts":124426,"dur":5,"pid":1,"tid":2},
{"name":"Constraint /Biped/Rig/Movers/spine_to_bind/spine_ik_spine_4_bind_scale_to_spine_4_bind","cat":"step","ph":"X","ts":124431,"dur":4,"pid":1,"tid":2},
{"name":"Constraint /Biped/Rig/Movers/spine_to_bind/spine_ik_spine_4_bind_to_spine_4_bind","cat":"step","ph":"X","ts":124436,"dur":5,"pid":1,"tid":2},
{"name":"Constraint /Biped/Rig/Movers/spine_to_bind/spine_ik_spine_5_bind_scale_to_spine_5_bind","cat":"step","ph":"X","ts":124441,"dur":5,"pid":1,"tid":2},
{"name":"Constraint /Biped/Rig/Movers/spine_to_bind/spine_ik_spine_5_bind_to_spine_5_bind","cat":"step","ph":"X","ts":124446,"dur":5,"pid":1,"tid":2},
{"name":"Constraint /Biped/Rig/Movers/spine_to_bind/spine_ik_chest_bind_scale_to_chest_bind","cat":"step","ph":"X","ts":124451,"dur":5,"pid":1,"tid":2},
{"name":"Constraint /Biped/Rig/Movers/spine_to_bind/spine_ik_chest_bind_to_chest_bind","cat":"step","ph":"X","ts":124456,"dur":6,"pid":1,"tid":2},
{"name":"Constraint /Biped/Rig/Movers/girdles/spine_end_ctl_drives_chest_bind","cat":"step","ph":"X","ts":124462,"dur":6,"pid":1,"tid":2},
{"name":"Constraint /Biped/Rig/Movers/girdles/pelvis_r_ctl_drives_pelvis_r_bind","cat":"step","ph":"X","ts":124343,"dur":3,"pid":1,"tid":11},
{"name":"Constraint /Biped/Rig/Movers/girdles/pelvis_l_ctl_drives_pelvis_l_bind","cat":"step","ph":"X","ts":124346,"dur":1,"pid":1,"tid":11},
{"name":"Constraint /Biped/Rig/Movers/girdles/clavicle_r_ctl_drives_clavicle_r_bind","cat":"step","ph":"X","ts":124468,"dur":1,"pid":1,"tid":2},
{"name":"Constraint /Biped/Rig/Movers/girdles/clavicle_l_ctl_drives_clavicle_l_bind","cat":"step","ph":"X","ts":124469,"dur":1,"pid":1,"tid":2},
{"name":"Constraint /Biped/Rig/Movers/girdles/spine_end_ctl_unsquashes_neck_base_bind","cat":"step","ph":"X","ts":124470,"dur":4,"pid":1,"tid":2},
{"name":"Constraint /Biped/Rig/Movers/girdles/clavicle_r_ctl_unsquashes_clavicle_r_bind","cat":"step","ph":"X","ts":124474,"dur":2,"pid":1,"tid":2},
{"name":"Constraint /Biped/Rig/Movers/girdles/clavicle_l_ctl_unsquashes_clavicle_l_bind","cat":"step","ph":"X","ts":124476,"dur":2,"pid":1,"tid":2},
{"name":"Constraint /Biped/Rig/Movers/neck_to_bind/neck_ik_neck_0_bind_scale_to_neck_0_bind","cat":"step","ph":"X","ts":124478,"dur":3,"pid":1,"tid":2},
{"name":"Constraint /Biped/Rig/Movers/neck_to_bind/neck_ik_neck_0_bind_to_neck_0_bind","cat":"step","ph":"X","ts":124485,"dur":6,"pid":1,"tid":0},
{"name":"Constraint /Biped/Rig/Movers/neck_to_bind/neck_ik_neck_1_bind_scale_to_neck_1_bind","cat":"step","ph":"X","ts":124497,"dur":4,"pid":1,"tid":0},
{"name":"Constraint /Biped/Rig/Movers/neck_to_bind/neck_ik_neck_1_bind_to_neck_1_bind","cat":"step","ph":"X","ts":124505,"dur":4,"pid":1,"tid":0},
{"name":"Constraint /Biped/Rig/Movers/neck_to_bind/neck_ik_neck_2_bind_scale_to_neck_2_bind","cat":"step","ph":"X","ts":124515,"dur":3,"pid":1,"tid":0},
{"name":"Constraint /Biped/Rig/Movers/neck_to_bind/neck_ik_neck_2_bind_to_neck_2_bind","cat":"step","ph":"X","ts":124523,"dur":4,"pid":1,"tid":0},
{"name":"Constraint /Biped/Rig/Movers/neck_to_bind/neck_ik_neck_3_bind_scale_to_neck_3_bind","cat":"step","ph":"X","ts":124527,"dur":3,"pid":1,"tid":0},
{"name":"Constraint /Biped/Rig/Movers/neck_to_bind/neck_ik_neck_3_bind_to_neck_3_bind","cat":"step","ph":"X","ts":124530,"dur":4,"pid":1,"tid":0},
{"name":"Constraint /Biped/Rig/Movers/neck_to_bind/neck_ik_skull_bind_scale_to_skull_bind","cat":"step","ph":"X","ts":124534,"dur":3,"pid":1,"tid":0},
{"name":"Constraint /Biped/Rig/Movers/neck_to_bind/neck_ik_skull_bind_to_skull_bind","cat":"step","ph":"X","ts":124537,"dur":4,"pid":1,"tid":0},
{"name":"Constraint /Biped/Rig/Movers/twist_aims/wristTwist_r_bind_copy","cat":"step","ph":"X","ts":124185,"dur":3,"pid":1,"tid":21},
{"name":"Constraint /Biped/Rig/Movers/twist_aims/wristTwist_r_bind_aim","cat":"step","ph":"X","ts":124192,"dur":2,"pid":1,"tid":21},
{"name":"Constraint /Biped/Rig/Movers/twist_aims/wristTwist_l_bind_copy","cat":"step","ph":"X","ts":124146,"dur":5,"pid":1,"tid":30},
{"name":"Constraint /Biped/Rig/Movers/twist_aims/wristTwist_l_bind_aim","cat":"step","ph":"X","ts":124188,"dur":3,"pid":1,"tid":21},
{"name":"Constraint /Biped/Rig/Movers/twist_aims/ankleTwist_r_bind_copy","cat":"step","ph":"X","ts":124322,"dur":3,"pid":1,"tid":12},
{"name":"Constraint /Biped/Rig/Movers/twist_aims/ankleTwist_r_bind_aim","cat":"step","ph":"X","ts":124347,"dur":4,"pid":1,"tid":11},
{"name":"Constraint /Biped/Rig/Movers/twist_aims/ankleTwist_l_bind_copy","cat":"step","ph":"X","ts":124311,"dur":2,"pid":1,"tid":0},
{"name":"Constraint /Biped/Rig/Movers/twist_aims/ankleTwist_l_bind_aim","cat":"step","ph":"X","ts":124325,"dur":2,"pid":1,"tid":12},
{"name":"Constraint /Biped/Rig/Movers/twist_aims/ankleTwist_r_bind_follows_ankle_r_bind","cat":"step","ph":"X","ts":124364,"dur":2,"pid":1,"tid":5},
{"name":"Constraint /Biped/Rig/Movers/twist_aims/ankleTwist_l_bind_follows_ankle_l_bind","cat":"step","ph":"X","ts":124331,"dur":1,"pid":1,"tid":12},
{"name":"Constraint /Biped/Rig/Movers/twist_aims/wristTwist_r_bind_follows_wrist_r_bind","cat":"step","ph":"X","ts":124232,"dur":2,"pid":1,"tid":31},
{"name":"Constraint /Biped/Rig/Movers/twist_aims/wristTwist_l_bind_follows_wrist_l_bind","cat":"step","ph":"X","ts":124197,"dur":1,"pid":1,"tid":7},
{"name":"Constraint /Biped/Rig/Movers/twist_aims/thighNoTwist_r_bind_follows_thigh_r_bind","cat":"step","ph":"X","ts":124366,"dur":1,"pid":1,"tid":5},
{"name":"Constraint /Biped/Rig/Movers/twist_aims/thighNoTwist_l_bind_follows_thigh_l_bind","cat":"step","ph":"X","ts":124354,"dur":3,"pid":1,"tid":17},
{"name":"Constraint /Biped/Rig/Movers/twist_aims/shoulderNoTwist_r_bind_follows_shoulder_r_bind","cat":"step","ph":"X","ts":124491,"dur":1,"pid":1,"tid":0},
{"name":"Constraint /Biped/Rig/Movers/twist_aims/pelvis_trans_r_bind_follows_thigh_r_bind","cat":"step","ph":"X","ts":124357,"dur":1,"pid":1,"tid":17},
{"name":"Constraint /Biped/Rig/Movers/twist_aims/pelvis_trans_l_bind_follows_thigh_l_bind","cat":"step","ph":"X","ts":124358,"dur":1,"pid":1,"tid":17},
{"name":"Constraint /Biped/Rig/Movers/twist_aims/clavicle_trans_r_bind_follows_shoulder_r_bind","cat":"step","ph":"X","ts":124486,"dur":1,"pid":1,"tid":2},
{"name":"Constraint /Biped/Rig/Movers/twist_aims/clavicle_trans_l_bind_follows_shoulder_l_bind","cat":"step","ph":"X","ts":124487,"dur":1,"pid":1,"tid":2},
{"name":"Constraint /Biped/Rig/Movers/twist_aims/pelvis_trans_r_bind_aim","cat":"step","ph":"X","ts":124380,"dur":5,"pid":1,"tid":2},
{"name":"Constraint /Biped/Rig/Movers/twist_aims/pelvis_trans_l_bind_aim","cat":"step","ph":"X","ts":124385,"dur":2,"pid":1,"tid":2},
{"name":"Constraint /Biped/Rig/Movers/twist_aims/kneeTwist_r_bind_aim","cat":"step","ph":"X","ts":124296,"dur":2,"pid":1,"tid":12},
{"name":"Constraint /Biped/Rig/Movers/twist_aims/kneeTwist_l_bind_aim","cat":"step","ph":"X","ts":124289,"dur":3,"pid":1,"tid":12},
{"name":"Constraint /Biped/Rig/Movers/twist_aims/thighNoTwist_r_bind_aim","cat":"step","ph":"X","ts":124387,"dur":3,"pid":1,"tid":2},
{"name":"Constraint /Biped/Rig/Movers/twist_aims/thighNoTwist_l_bind_aim","cat":"step","ph":"X","ts":124367,"dur":4,"pid":1,"tid":5},
{"name":"Constraint /Biped/Rig/Movers/twist_aims/clavicle_trans_r_bind_aim","cat":"step","ph":"X","ts":124501,"dur":2,"pid":1,"tid":0},
{"name":"Constraint /Biped/Rig/Movers/twist_aims/clavicle_trans_l_bind_aim","cat":"step","ph":"X","ts":124503,"dur":2,"pid":1,"tid":0},
{"name":"Constraint /Biped/Rig/Movers/twist_aims/elbowTwist_r_bind_aim","cat":"step","ph":"X","ts":124180,"dur":4,"pid":1,"tid":20},
{"name":"Constraint /Biped/Rig/Movers/twist_aims/elbowTwist_l_bind_aim","cat":"step","ph":"X","ts":124151,"dur":3,"pid":1,"tid":30},
{"name":"Constraint /Biped/Rig/Movers/twist_aims/shoulderNoTwist_r_bind_aim","cat":"step","ph":"X","ts":124492,"dur":3,"pid":1,"tid":0},
{"name":"Constraint /Biped/Rig/Movers/twist_aims/shoulderNoTwist_l_bind_aim","cat":"step","ph":"X","ts":124495,"dur":2,"pid":1,"tid":0},
{"name":"Constraint /Biped/Rig/Movers/pose_drivers/thigh_r_driver_copies_thigh_r_bind","cat":"step","ph":"X","ts":124397,"dur":3,"pid":1,"tid":2},
{"name":"Constraint /Biped/Rig/Movers/pose_drivers/thigh_l_driver_copies_thigh_l_bind","cat":"step","ph":"X","ts":124400,"dur":3,"pid":1,"tid":2},
{"name":"Constraint /Biped/Rig/Movers/pose_drivers/thigh_r_twist_driver_copies_thighNoTwist_r_bind","cat":"step","ph":"X","ts":124410,"dur":3,"pid":1,"tid":2},
{"name":"Constraint /Biped/Rig/Movers/pose_drivers/thigh_l_twist_driver_copies_thighNoTwist_l_bind","cat":"step","ph":"X","ts":124413,"dur":2,"pid":1,"tid":2},
{"name":"Constraint /Biped/Rig/Movers/pose_drivers/ankleTwist_r_driver_copies_ankleTwist_r_bind","cat":"step","ph":"X","ts":124371,"dur":4,"pid":1,"tid":5},
{"name":"Constraint /Biped/Rig/Movers/pose_drivers/ankleTwist_l_driver_copies_ankleTwist_l_bind","cat":"step","ph":"X","ts":124352,"dur":5,"pid":1,"tid":11},
{"name":"Constraint /Biped/Rig/Movers/pose_drivers/toe_r_driver_copies_ball_r_bind","cat":"step","ph":"X","ts":124332,"dur":3,"pid":1,"tid":12},
{"name":"Constraint /Biped/Rig/Movers/pose_drivers/toe_l_driver_copies_ball_l_bind","cat":"step","ph":"X","ts":124327,"dur":3,"pid":1,"tid":12},
{"name":"Constraint /Biped/Rig/Movers/pose_drivers/knee_r_driver_copies_knee_r_bind","cat":"step","ph":"X","ts":124313,"dur":3,"pid":1,"tid":0},
{"name":"Constraint /Biped/Rig/Movers/pose_drivers/knee_l_driver_copies_knee_l_bind","cat":"step","ph":"X","ts":124298,"dur":3,"pid":1,"tid":12},
{"name":"Constraint /Biped/Rig/Movers/pose_drivers/ankleSwing_r_driver_copies_ankle_r_bind","cat":"step","ph":"X","ts":124375,"dur":4,"pid":1,"tid":5},
{"name":"Constraint /Biped/Rig/Movers/pose_drivers/ankleSwing_l_driver_copies_ankle_l_bind","cat":"step","ph":"X","ts":124357,"dur":3,"pid":1,"tid":11},
{"name":"Constraint /Biped/Rig/Movers/pose_drivers/shoulder_r_driver_copies_shoulder_r_bind","cat":"step","ph":"X","ts":124509,"dur":3,"pid":1,"tid":0},
{"name":"Constraint /Biped/Rig/Movers/pose_drivers/shoulder_l_driver_copies_shoulder_l_bind","cat":"step","ph":"X","ts":124512,"dur":2,"pid":1,"tid":0},
{"name":"Constraint /Biped/Rig/Movers/pose_drivers/wristTwist_r_driver_copies_wristTwist_r_bind","cat":"step","ph":"X","ts":124237,"dur":4,"pid":1,"tid":31},
{"name":"Constraint /Biped/Rig/Movers/pose_drivers/wristTwist_l_driver_copies_wristTwist_l_bind","cat":"step","ph":"X","ts":124218,"dur":7,"pid":1,"tid":12},
{"name":"Constraint /Biped/Rig/Movers/pose_drivers/shoulder_r_twist_driver_copies_shoulderNoTwist_r_bind","cat":"step","ph":"X","ts":124518,"dur":2,"pid":1,"tid":0},
{"name":"Constraint /Biped/Rig/Movers/pose_drivers/shoulder_l_twist_driver_copies_shoulderNoTwist_l_bind","cat":"step","ph":"X","ts":124520,"dur":2,"pid":1,"tid":0},
{"name":"Constraint /Biped/Rig/Movers/pose_drivers/wristSwing_r_driver_copies_wrist_r_bind","cat":"step","ph":"X","ts":124236,"dur":4,"pid":1,"tid":12},
{"name":"Constraint /Biped/Rig/Movers/pose_drivers/wristSwing_l_driver_copies_wrist_l_bind","cat":"step","ph":"X","ts":124225,"dur":5,"pid":1,"tid":12},
{"name":"Constraint /Biped/Rig/Movers/pose_drivers/elbow_r_driver_copies_elbow_r_bind","cat":"step","ph":"X","ts":124199,"dur":4,"pid":1,"tid":7},
{"name":"Constraint /Biped/Rig/Movers/pose_drivers/elbow_l_driver_copies_elbow_l_bind","cat":"step","ph":"X","ts":124185,"dur":4,"pid":1,"tid":20},
{"name":"Constraint /Biped/Rig/Movers/param_follow/leg_r_params_to_ankle_r_bind","cat":"step","ph":"X","ts":124316,"dur":2,"pid":1,"tid":0},
{"name":"Constraint /Biped/Rig/Movers/param_follow/leg_l_params_to_ankle_l_bind","cat":"step","ph":"X","ts":124301,"dur":2,"pid":1,"tid":12},
{"name":"Constraint /Biped/Rig/Movers/param_follow/arm_r_params_to_wrist_r_bind","cat":"step","ph":"X","ts":124189,"dur":4,"pid":1,"tid":20},
{"name":"Constraint /Biped/Rig/Movers/param_follow/arm_l_params_to_wrist_l_bind","cat":"step","ph":"X","ts":124154,"dur":4,"pid":1,"tid":30},
{"name":"ProviderMatrix /Biped/Rig/Controls/leg_r_ik/ankle_r_pivot/bankIn_r_pivot/bankOut_r_pivot final","cat":"step","ph":"X","ts":124203,"dur":1,"pid":1,"tid":7},
{"name":"ProviderMatrix /Biped/Rig/Controls/leg_r_ik/ankle_r_pivot/bankIn_r_pivot/bankOut_r_pivot/heel_r_roll/heel_r/ball_r_pivot/toe_r_roll final","cat":"step","ph":"X","ts":124240,"dur":1,"pid":1,"tid":12},
{"name":"ProviderMatrix /Biped/Rig/Joints/ankle_l_pivot/bankIn_l_pivot/bankOut_l_pivot/heel_l_pivot/ball_l_pivot/toe_l_pivot/ballRoll_l_pivot final","cat":"step","ph":"X","ts":124108,"dur":1,"pid":1,"tid":21},
{"name":"ProviderMatrix /Biped/Rig/Joints/ankle_r_pivot final","cat":"step","ph":"X","ts":124052,"dur":1,"pid":1,"tid":0},
{"name":"ProviderMatrix /Biped/Rig/Joints/ankle_r_pivot/bankIn_r_pivot/bankOut_r_pivot/heel_r_pivot/ball_r_pivot/toe_r_pivot/toeBend_r_pivot final","cat":"step","ph":"X","ts":124109,"dur":1,"pid":1,"tid":21},
{"name":"ProviderMatrix /Biped/Rig/Joints/hips_bind/pelvis_l_bind/thigh_l_bind/knee_l_bind/ankle_l_bind/ball_l_bind/toe1_001_l_bind/toe1_002_l_bind final","cat":"step","ph":"X","ts":124318,"dur":1,"pid":1,"tid":0},
{"name":"ProviderMatrix /Biped/Rig/Joints/hips_bind/pelvis_l_bind/thigh_l_bind/knee_l_bind/ankle_l_bind/ball_l_bind/toe3_001_l_bind/toe3_002_l_bind/toe3_003_l_bind final","cat":"step","ph":"X","ts":124319,"dur":1,"pid":1,"tid":0},
{"name":"ProviderMatrix /Biped/Rig/Joints/hips_bind/pelvis_l_bind/thigh_l_bind/knee_l_bind/ankle_l_bind/ball_l_bind/toe5_001_l_bind/toe5_002_l_bind/toe5_003_l_bind/toe5_004_l_bind final","cat":"step","ph":"X","ts":124320,"dur":1,"pid":1,"tid":0},
{"name":"ProviderMatrix /Biped/Rig/Joints/hips_bind/pelvis_r_bind/thighNoTwist_r_bind final","cat":"step","ph":"X","ts":124403,"dur":1,"pid":1,"tid":2},
{"name":"ProviderMatrix /Biped/Rig/Joints/hips_bind/pelvis_r_bind/thigh_r_bind/knee_r_bind/ankleTwist_r_bind final","cat":"step","ph":"X","ts":124379,"dur":1,"pid":1,"tid":5},
{"name":"ProviderMatrix /Biped/Rig/Joints/hips_bind/pelvis_r_bind/thigh_r_bind/knee_r_bind/ankle_r_bind/ball_r_bind/toe1_001_r_bind/toe1_002_r_bind final","cat":"step","ph":"X","ts":124335,"dur":1,"pid":1,"tid":12},
{"name":"ProviderMatrix /Biped/Rig/Joints/hips_bind/pelvis_r_bind/thigh_r_bind/knee_r_bind/ankle_r_bind/ball_r_bind/toe3_001_r_bind final","cat":"step","ph":"X","ts":124336,"dur":1,"pid":1,"tid":12},
{"name":"ProviderMatrix /Biped/Rig/Joints/hips_bind/pelvis_r_bind/thigh_r_bind/knee_r_bind/ankle_r_bind/ball_r_bind/toe4_001_r_bind/toe4_002_r_bind/toe4_003_r_bind/toe4_004_r_bind final","cat":"step","ph":"X","ts":124337,"dur":1,"pid":1,"tid":12},
{"name":"ProviderMatrix /Biped/Rig/Joints/hips_bind/pelvis_r_bind/thigh_r_bind/knee_r_bind/ankle_r_bind/toe_r_driver final","cat":"step","ph":"X","ts":124362,"dur":1,"pid":1,"tid":11},
{"name":"ProviderMatrix /Biped/Rig/Joints/hips_bind/spine_0_bind/spine_1_bind/spine_2_bind final","cat":"step","ph":"X","ts":124425,"dur":1,"pid":1,"tid":2},
{"name":"ProviderMatrix /Biped/Rig/Joints/hips_bind/spine_0_bind/spine_1_bind/spine_2_bind/spine_3_bind/spine_4_bind/spine_5_bind/chest_bind/clavicle_l_bind/shoulderNoTwist_l_bind final","cat":"step","ph":"X","ts":124514,"dur":1,"pid":1,"tid":0},
{"name":"ProviderMatrix /Biped/Rig/Joints/hips_bind/spine_0_bind/spine_1_bind/spine_2_bind/spine_3_bind/spine_4_bind/spine_5_bind/chest_bind/clavicle_l_bind/shoulder_l_bind/elbow_l_bind/elbowTwist_l_bind final","cat":"step","ph":"X","ts":124193,"dur":1,"pid":1,"tid":20},
{"name":"ProviderMatrix /Biped/Rig/Joints/hips_bind/spine_0_bind/spine_1_bind/spine_2_bind/spine_3_bind/spine_4_bind/spine_5_bind/chest_bind/clavicle_l_bind/shoulder_l_bind/elbow_l_bind/wrist_l_bind/index_001_l_bind/index_002_l_bind/index_003_l_bind final","cat":"step","ph":"X","ts":124231,"dur":1,"pid":1,"tid":12},
{"name":"ProviderMatrix /Biped/Rig/Joints/hips_bind/spine_0_bind/spine_1_bind/spine_2_bind/spine_3_bind/spine_4_bind/spine_5_bind/chest_bind/clavicle_l_bind/shoulder_l_bind/elbow_l_bind/wrist_l_bind/pinkyCup_l_bind/pinky_001_l_bind/pinky_002_combo_l_driver final","cat":"step","ph":"X","ts":124241,"dur":1,"pid":1,"tid":12},
{"name":"ProviderMatrix /Biped/Rig/Joints/hips_bind/spine_0_bind/spine_1_bind/spine_2_bind/spine_3_bind/spine_4_bind/spine_5_bind/chest_bind/clavicle_l_bind/shoulder_l_bind/elbow_l_bind/wrist_l_bind/thumbCup_l_bind final","cat":"step","ph":"X","ts":124234,"dur":1,"pid":1,"tid":12},
{"name":"ProviderMatrix /Biped/Rig/Joints/hips_bind/spine_0_bind/spine_1_bind/spine_2_bind/spine_3_bind/spine_4_bind/spine_5_bind/chest_bind/clavicle_r_bind final","cat":"step","ph":"X","ts":124488,"dur":1,"pid":1,"tid":2},
{"name":"ProviderMatrix /Biped/Rig/Joints/hips_bind/spine_0_bind/spine_1_bind/spine_2_bind/spine_3_bind/spine_4_bind/spine_5_bind/chest_bind/clavicle_r_bind/shoulder_r_bind/elbow_r_bind/elbowTwist_r_bind/elbow_r_driver final","cat":"step","ph":"X","ts":124235,"dur":1,"pid":1,"tid":12},
{"name":"ProviderMatrix /Biped/Rig/Joints/hips_bind/spine_0_bind/spine_1_bind/spine_2_bind/spine_3_bind/spine_4_bind/spine_5_bind/chest_bind/clavicle_r_bind/shoulder_r_bind/elbow_r_bind/wristTwist_r_bind final","cat":"step","ph":"X","ts":124242,"dur":1,"pid":1,"tid":12},
{"name":"ProviderMatrix /Biped/Rig/Joints/hips_bind/spine_0_bind/spine_1_bind/spine_2_bind/spine_3_bind/spine_4_bind/spine_5_bind/chest_bind/clavicle_r_bind/shoulder_r_bind/elbow_r_bind/wristTwist_r_driver final","cat":"step","ph":"X","ts":124267,"dur":1,"pid":1,"tid":12},
{"name":"ProviderMatrix /Biped/Rig/Joints/hips_bind/spine_0_bind/spine_1_bind/spine_2_bind/spine_3_bind/spine_4_bind/spine_5_bind/chest_bind/clavicle_r_bind/shoulder_r_bind/elbow_r_bind/wrist_r_bind/index_001_r_bind/index_002_r_bind/index_003_r_bind final","cat":"step","ph":"X","ts":124243,"dur":1,"pid":1,"tid":12},
{"name":"ProviderMatrix /Biped/Rig/Joints/hips_bind/spine_0_bind/spine_1_bind/spine_2_bind/spine_3_bind/spine_4_bind/spine_5_bind/chest_bind/clavicle_r_bind/shoulder_r_bind/elbow_r_bind/wrist_r_bind/middle_001_r_bind/middle_002_r_bind/middle_003_r_bind/middle_004_r_bind/middle_005_r_bind final","cat":"step","ph":"X","ts":124245,"dur":9,"pid":1,"tid":12},
{"name":"ProviderMatrix /Biped/Rig/Joints/hips_bind/spine_0_bind/spine_1_bind/spine_2_bind/spine_3_bind/spine_4_bind/spine_5_bind/chest_bind/clavicle_r_bind/shoulder_r_bind/elbow_r_bind/wrist_r_bind/pinkyCup_r_bind/pinky_001_r_bind/pinky_002_r_bind/pinky_003_r_bind/pinky_004_r_bind/pinky_005_r_bind final","cat":"step","ph":"X","ts":124268,"dur":1,"pid":1,"tid":12},
{"name":"ProviderMatrix /Biped/Rig/Joints/hips_bind/spine_0_bind/spine_1_bind/spine_2_bind/spine_3_bind/spine_4_bind/spine_5_bind/chest_bind/clavicle_r_bind/shoulder_r_bind/elbow_r_bind/wrist_r_bind/ring_001_r_bind final","cat":"step","ph":"X","ts":124254,"dur":1,"pid":1,"tid":12},
{"name":"ProviderMatrix /Biped/Rig/Joints/hips_bind/spine_0_bind/spine_1_bind/spine_2_bind/spine_3_bind/spine_4_bind/spine_5_bind/chest_bind/clavicle_r_bind/shoulder_r_bind/elbow_r_bind/wrist_r_bind/ring_001_r_bind/ring_002_r_bind/ring_003_r_bind/ring_004_r_bind/ring_005_r_bind final","cat":"step","ph":"X","ts":124255,"dur":1,"pid":1,"tid":12},
{"name":"ProviderMatrix /Biped/Rig/Joints/hips_bind/spine_0_bind/spine_1_bind/spine_2_bind/spine_3_bind/spine_4_bind/spine_5_bind/chest_bind/neck_base_bind/neck_0_bind/neck_1_bind/neck_2_bind/neck_3_bind/skull_bind/face_lower_bind/face_mid_bind/teeth_upper_bind final","cat":"step","ph":"X","ts":124541,"dur":1,"pid":1,"tid":0},
{"name":"ProviderMatrix /Biped/Rig/Joints/neck_ik_neck_0_bind/neck_ik_neck_1_bind/neck_ik_neck_2_bind final","cat":"step","ph":"X","ts":124271,"dur":1,"pid":1,"tid":12},
{"name":"ProviderMatrix /Biped/Rig/Joints/spine_ik_spine_0_bind/spine_ik_spine_1_bind final","cat":"step","ph":"X","ts":124126,"dur":1,"pid":1,"tid":23},
{"name":"InfluenceFold /Biped/Rig/Movers/skin_body_geo/body_geo_skin","cat":"step","ph":"X","ts":124544,"dur":25,"pid":1,"tid":0},
{"name":"RevisionChunk /Biped/Rig/Movers/skin_body_geo/body_geo_skin","cat":"step","ph":"X","ts":124569,"dur":220,"pid":1,"tid":0},
{"name":"RevisionFuse /Biped/Rig/Movers/skin_body_geo/body_geo_skin","cat":"step","ph":"X","ts":124789,"dur":2,"pid":1,"tid":0},
{"name":"ChainStatus /Biped/Geom/body_geo.points","cat":"step","ph":"X","ts":124791,"dur":12,"pid":1,"tid":0},
{"name":"Derived /Biped/Geom/body_geo.extent","cat":"step","ph":"X","ts":124803,"dur":130,"pid":1,"tid":0},
{"name":"cluster 0","cat":"cluster","ph":"X","ts":124037,"dur":8,"pid":1,"tid":0,"args":{"level":"1","steps":"21","waitUs":"2"}},
{"name":"cluster 1","cat":"cluster","ph":"X","ts":124045,"dur":8,"pid":1,"tid":0,"args":{"level":"2","steps":"30","waitUs":"0"}},
{"name":"cluster 2","cat":"cluster","ph":"X","ts":124065,"dur":9,"pid":1,"tid":26,"args":{"level":"3","steps":"20","waitUs":"12"}},
{"name":"cluster 3","cat":"cluster","ph":"X","ts":124079,"dur":19,"pid":1,"tid":21,"args":{"level":"4","steps":"17","waitUs":"4"}},
{"name":"cluster 4","cat":"cluster","ph":"X","ts":124100,"dur":12,"pid":1,"tid":23,"args":{"level":"5","steps":"17","waitUs":"2"}},
{"name":"cluster 5","cat":"cluster","ph":"X","ts":124114,"dur":16,"pid":1,"tid":10,"args":{"level":"6","steps":"23","waitUs":"2"}},
{"name":"cluster 6","cat":"cluster","ph":"X","ts":124132,"dur":8,"pid":1,"tid":30,"args":{"level":"7","steps":"15","waitUs":"2"}},
{"name":"cluster 7","cat":"cluster","ph":"X","ts":124141,"dur":10,"pid":1,"tid":20,"args":{"level":"8","steps":"13","waitUs":"1"}},
{"name":"cluster 8","cat":"cluster","ph":"X","ts":124059,"dur":7,"pid":1,"tid":0,"args":{"level":"3","steps":"15","waitUs":"6"}},
{"name":"cluster 9","cat":"cluster","ph":"X","ts":124153,"dur":11,"pid":1,"tid":15,"args":{"level":"9","steps":"15","waitUs":"1"}},
{"name":"cluster 10","cat":"cluster","ph":"X","ts":124166,"dur":13,"pid":1,"tid":25,"args":{"level":"10","steps":"17","waitUs":"2"}},
{"name":"cluster 11","cat":"cluster","ph":"X","ts":124199,"dur":18,"pid":1,"tid":12,"args":{"level":"11","steps":"16","waitUs":"3"}},
{"name":"cluster 12","cat":"cluster","ph":"X","ts":124131,"dur":3,"pid":1,"tid":10,"args":{"level":"7","steps":"6","waitUs":"0"}},
{"name":"cluster 13","cat":"cluster","ph":"X","ts":124219,"dur":15,"pid":1,"tid":31,"args":{"level":"12","steps":"12","waitUs":"1"}},
{"name":"cluster 14","cat":"cluster","ph":"X","ts":124234,"dur":7,"pid":1,"tid":31,"args":{"level":"13","steps":"6","waitUs":"0"}},
{"name":"cluster 16","cat":"cluster","ph":"X","ts":124113,"dur":14,"pid":1,"tid":23,"args":{"level":"6","steps":"12","waitUs":"1"}},
{"name":"cluster 17","cat":"cluster","ph":"X","ts":124098,"dur":12,"pid":1,"tid":21,"args":{"level":"5","steps":"8","waitUs":"0"}},
{"name":"cluster 18","cat":"cluster","ph":"X","ts":124256,"dur":13,"pid":1,"tid":12,"args":{"level":"14","steps":"15","waitUs":"0"}},
{"name":"cluster 19","cat":"cluster","ph":"X","ts":124140,"dur":6,"pid":1,"tid":30,"args":{"level":"8","steps":"2","waitUs":"0"}},
{"name":"cluster 20","cat":"cluster","ph":"X","ts":124075,"dur":7,"pid":1,"tid":26,"args":{"level":"4","steps":"6","waitUs":"0"}},
{"name":"cluster 21","cat":"cluster","ph":"X","ts":124165,"dur":6,"pid":1,"tid":26,"args":{"level":"10","steps":"3","waitUs":"1"}},
{"name":"cluster 22","cat":"cluster","ph":"X","ts":124165,"dur":10,"pid":1,"tid":15,"args":{"level":"10","steps":"3","waitUs":"0"}},
{"name":"cluster 23","cat":"cluster","ph":"X","ts":124147,"dur":7,"pid":1,"tid":10,"args":{"level":"9","steps":"3","waitUs":"1"}},
{"name":"cluster 24","cat":"cluster","ph":"X","ts":124174,"dur":22,"pid":1,"tid":7,"args":{"level":"10","steps":"4","waitUs":"4"}},
{"name":"cluster 25","cat":"cluster","ph":"X","ts":124148,"dur":17,"pid":1,"tid":29,"args":{"level":"9","steps":"3","waitUs":"2"}},
{"name":"cluster 26","cat":"cluster","ph":"X","ts":124152,"dur":17,"pid":1,"tid":20,"args":{"level":"9","steps":"4","waitUs":"0"}},
{"name":"cluster 27","cat":"cluster","ph":"X","ts":124269,"dur":3,"pid":1,"tid":12,"args":{"level":"15","steps":"10","waitUs":"0"}},
{"name":"cluster 28","cat":"cluster","ph":"X","ts":124272,"dur":8,"pid":1,"tid":12,"args":{"level":"16","steps":"4","waitUs":"0"}},
{"name":"cluster 29","cat":"cluster","ph":"X","ts":124280,"dur":12,"pid":1,"tid":12,"args":{"level":"17","steps":"6","waitUs":"0"}},
{"name":"cluster 30","cat":"cluster","ph":"X","ts":124297,"dur":16,"pid":1,"tid":0,"args":{"level":"18","steps":"5","waitUs":"5"}},
{"name":"cluster 31","cat":"cluster","ph":"X","ts":124317,"dur":13,"pid":1,"tid":12,"args":{"level":"19","steps":"5","waitUs":"4"}},
{"name":"cluster 32","cat":"cluster","ph":"X","ts":124181,"dur":10,"pid":1,"tid":21,"args":{"level":"10","steps":"3","waitUs":"11"}},
{"name":"cluster 33","cat":"cluster","ph":"X","ts":124191,"dur":3,"pid":1,"tid":21,"args":{"level":"11","steps":"2","waitUs":"0"}},
{"name":"cluster 34","cat":"cluster","ph":"X","ts":124332,"dur":19,"pid":1,"tid":11,"args":{"level":"20","steps":"4","waitUs":"2"}},
{"name":"cluster 35","cat":"cluster","ph":"X","ts":124353,"dur":14,"pid":1,"tid":5,"args":{"level":"21","steps":"3","waitUs":"2"}},
{"name":"cluster 36","cat":"cluster","ph":"X","ts":124371,"dur":19,"pid":1,"tid":2,"args":{"level":"22","steps":"4","waitUs":"4"}},
{"name":"cluster 37","cat":"cluster","ph":"X","ts":124390,"dur":14,"pid":1,"tid":2,"args":{"level":"23","steps":"9","waitUs":"0"}},
{"name":"cluster 38","cat":"cluster","ph":"X","ts":124404,"dur":11,"pid":1,"tid":2,"args":{"level":"24","steps":"6","waitUs":"0"}},
{"name":"cluster 39","cat":"cluster","ph":"X","ts":124415,"dur":6,"pid":1,"tid":2,"args":{"level":"25","steps":"3","waitUs":"0"}},
{"name":"cluster 40","cat":"cluster","ph":"X","ts":124421,"dur":5,"pid":1,"tid":2,"args":{"level":"26","steps":"2","waitUs":"0"}},
{"name":"cluster 41","cat":"cluster","ph":"X","ts":124426,"dur":5,"pid":1,"tid":2,"args":{"level":"27","steps":"1","waitUs":"0"}},
{"name":"cluster 42","cat":"cluster","ph":"X","ts":124431,"dur":4,"pid":1,"tid":2,"args":{"level":"28","steps":"2","waitUs":"0"}},
{"name":"cluster 43","cat":"cluster","ph":"X","ts":124436,"dur":5,"pid":1,"tid":2,"args":{"level":"29","steps":"1","waitUs":"0"}},
{"name":"cluster 44","cat":"cluster","ph":"X","ts":124441,"dur":5,"pid":1,"tid":2,"args":{"level":"30","steps":"2","waitUs":"0"}},
{"name":"cluster 45","cat":"cluster","ph":"X","ts":124446,"dur":5,"pid":1,"tid":2,"args":{"level":"31","steps":"1","waitUs":"0"}},
{"name":"cluster 46","cat":"cluster","ph":"X","ts":124451,"dur":5,"pid":1,"tid":2,"args":{"level":"32","steps":"2","waitUs":"0"}},
{"name":"cluster 47","cat":"cluster","ph":"X","ts":124456,"dur":6,"pid":1,"tid":2,"args":{"level":"33","steps":"1","waitUs":"0"}},
{"name":"cluster 48","cat":"cluster","ph":"X","ts":124462,"dur":6,"pid":1,"tid":2,"args":{"level":"34","steps":"1","waitUs":"0"}},
{"name":"cluster 49","cat":"cluster","ph":"X","ts":124468,"dur":6,"pid":1,"tid":2,"args":{"level":"35","steps":"4","waitUs":"0"}},
{"name":"cluster 50","cat":"cluster","ph":"X","ts":124474,"dur":7,"pid":1,"tid":2,"args":{"level":"36","steps":"4","waitUs":"0"}},
{"name":"cluster 51","cat":"cluster","ph":"X","ts":124485,"dur":7,"pid":1,"tid":0,"args":{"level":"37","steps":"3","waitUs":"3"}},
{"name":"cluster 52","cat":"cluster","ph":"X","ts":124497,"dur":8,"pid":1,"tid":0,"args":{"level":"38","steps":"3","waitUs":"5"}},
{"name":"cluster 53","cat":"cluster","ph":"X","ts":124505,"dur":10,"pid":1,"tid":0,"args":{"level":"39","steps":"7","waitUs":"0"}},
{"name":"cluster 54","cat":"cluster","ph":"X","ts":124515,"dur":8,"pid":1,"tid":0,"args":{"level":"40","steps":"6","waitUs":"0"}},
{"name":"cluster 55","cat":"cluster","ph":"X","ts":124523,"dur":4,"pid":1,"tid":0,"args":{"level":"41","steps":"3","waitUs":"0"}},
{"name":"cluster 56","cat":"cluster","ph":"X","ts":124527,"dur":3,"pid":1,"tid":0,"args":{"level":"42","steps":"2","waitUs":"0"}},
{"name":"cluster 57","cat":"cluster","ph":"X","ts":124530,"dur":4,"pid":1,"tid":0,"args":{"level":"43","steps":"1","waitUs":"0"}},
{"name":"cluster 58","cat":"cluster","ph":"X","ts":124534,"dur":3,"pid":1,"tid":0,"args":{"level":"44","steps":"2","waitUs":"0"}},
{"name":"cluster 59","cat":"cluster","ph":"X","ts":124537,"dur":7,"pid":1,"tid":0,"args":{"level":"46","steps":"28","waitUs":"0"}},
{"name":"cluster 60","cat":"cluster","ph":"X","ts":124146,"dur":12,"pid":1,"tid":30,"args":{"level":"9","steps":"7","waitUs":"0"}},
{"name":"cluster 61","cat":"cluster","ph":"X","ts":124331,"dur":7,"pid":1,"tid":12,"args":{"level":"20","steps":"27","waitUs":"1"}},
{"name":"cluster 62","cat":"cluster","ph":"X","ts":124197,"dur":7,"pid":1,"tid":7,"args":{"level":"11","steps":"7","waitUs":"1"}},
{"name":"cluster 63","cat":"cluster","ph":"X","ts":124354,"dur":5,"pid":1,"tid":17,"args":{"level":"21","steps":"3","waitUs":"2"}},
{"name":"cluster 64","cat":"cluster","ph":"X","ts":124486,"dur":3,"pid":1,"tid":2,"args":{"level":"37","steps":"8","waitUs":"4"}},
{"name":"cluster 65","cat":"cluster","ph":"X","ts":124296,"dur":8,"pid":1,"tid":12,"args":{"level":"18","steps":"7","waitUs":"4"}},
{"name":"cluster 66","cat":"cluster","ph":"X","ts":124367,"dur":13,"pid":1,"tid":5,"args":{"level":"22","steps":"7","waitUs":"0"}},
{"name":"cluster 67","cat":"cluster","ph":"X","ts":124179,"dur":15,"pid":1,"tid":20,"args":{"level":"10","steps":"9","waitUs":"0"}},
{"name":"cluster 68","cat":"cluster","ph":"X","ts":124492,"dur":5,"pid":1,"tid":0,"args":{"level":"38","steps":"3","waitUs":"0"}},
{"name":"cluster 69","cat":"cluster","ph":"X","ts":124352,"dur":11,"pid":1,"tid":11,"args":{"level":"21","steps":"10","waitUs":"0"}},
{"name":"cluster 70","cat":"cluster","ph":"X","ts":124313,"dur":8,"pid":1,"tid":0,"args":{"level":"19","steps":"27","waitUs":"0"}},
{"name":"cluster 71","cat":"cluster","ph":"X","ts":124218,"dur":18,"pid":1,"tid":12,"args":{"level":"12","steps":"30","waitUs":"0"}},
{"name":"cluster 72","cat":"cluster","ph":"X","ts":124236,"dur":20,"pid":1,"tid":12,"args":{"level":"13","steps":"36","waitUs":"0"}},
{"name":"cluster 73","cat":"cluster","ph":"X","ts":124544,"dur":25,"pid":1,"tid":0,"args":{"level":"47","steps":"1","waitUs":"0"}},
{"name":"cluster 74","cat":"cluster","ph":"X","ts":124569,"dur":220,"pid":1,"tid":0,"args":{"level":"48","steps":"1","waitUs":"0"}},
{"name":"cluster 75","cat":"cluster","ph":"X","ts":124789,"dur":144,"pid":1,"tid":0,"args":{"level":"51","steps":"3","waitUs":"0"}},
{"name":"BakedPublish","cat":"baked","ph":"X","ts":125540,"dur":60,"pid":1,"tid":0},
{"name":"BakedEpilogue","cat":"baked","ph":"X","ts":124938,"dur":669,"pid":1,"tid":0},
{"name":"Baked","cat":"baked","ph":"X","ts":123886,"dur":1722,"pid":1,"tid":0},
{"name":"Evaluate.Run","cat":"evaluate","ph":"X","ts":123886,"dur":1722,"pid":1,"tid":0},
{"name":"Evaluate@2","cat":"evaluate","ph":"X","ts":123884,"dur":1725,"pid":1,"tid":0},
{"name":"Evaluate.Settle","cat":"evaluate","ph":"X","ts":125708,"dur":2,"pid":1,"tid":0},
{"name":"Evaluate.PlaceOverrides","cat":"evaluate","ph":"X","ts":125712,"dur":1,"pid":1,"tid":0},
{"name":"PropertyChains","cat":"property","ph":"X","ts":125715,"dur":6,"pid":1,"tid":0},
{"name":"BakedInputs","cat":"baked","ph":"X","ts":125722,"dur":8,"pid":1,"tid":0},
{"name":"BakedChainBase","cat":"geometry","ph":"X","ts":125830,"dur":2,"pid":1,"tid":0},
{"name":"BakedPrologue","cat":"baked","ph":"X","ts":125714,"dur":119,"pid":1,"tid":0},
{"name":"BakedRegion","cat":"baked","ph":"X","ts":125833,"dur":1120,"pid":1,"tid":0},
{"name":"ComposeSubtree /Biped/Rig/Controls/arm_l_ik","cat":"step","ph":"X","ts":125861,"dur":1,"pid":1,"tid":0},
{"name":"ComposeSubtree /Biped/Rig/Controls/hips_ctl","cat":"step","ph":"X","ts":125862,"dur":1,"pid":1,"tid":0},
{"name":"ComposeSubtree /Biped/Rig/Controls/hips_ctl/spine_root_pivot/spine_root_ctl/pelvis_l_ctl/leg_l_root","cat":"step","ph":"X","ts":125889,"dur":1,"pid":1,"tid":0},
{"name":"ComposeSubtree /Biped/Rig/Controls/hips_ctl/spine_root_pivot/spine_root_ctl/pelvis_l_ctl/leg_l_root/leg_l_fk_thigh_l_bind/leg_l_fk_knee_l_bind","cat":"step","ph":"X","ts":125902,"dur":1,"pid":1,"tid":15},
{"name":"ComposeSubtree /Biped/Rig/Controls/hips_ctl/torso_ctl","cat":"step","ph":"X","ts":125869,"dur":1,"pid":1,"tid":0},
{"name":"ComposeSubtree /Biped/Rig/Controls/hips_ctl/torso_ctl/spine_end_pivot/spine_end_ctl/clavicle_l_ctl/arm_l_root","cat":"step","ph":"X","ts":125903,"dur":1,"pid":1,"tid":15},
{"name":"ComposeSubtree /Biped/Rig/Controls/hips_ctl/torso_ctl/spine_end_pivot/spine_end_ctl/clavicle_l_ctl/arm_l_root/arm_l_fk_shoulder_l_bind/arm_l_fk_elbow_l_bind","cat":"step","ph":"X","ts":125922,"dur":1,"pid":1,"tid":0},
{"name":"ComposeSubtree /Biped/Rig/Controls/hips_ctl/torso_ctl/spine_end_pivot/spine_end_ctl/clavicle_r_ctl","cat":"step","ph":"X","ts":125904,"dur":1,"pid":1,"tid":15},
{"name":"ComposeSubtree /Biped/Rig/Controls/index_001_l_bind_fk_follow","cat":"step","ph":"X","ts":125863,"dur":1,"pid":1,"tid":0},
{"name":"ComposeSubtree /Biped/Rig/Controls/index_001_l_bind_fk_follow/index_001_l_bind_fk/index_002_l_bind_fk/index_003_l_bind_fk","cat":"step","ph":"X","ts":125890,"dur":1,"pid":1,"tid":0},
{"name":"ComposeSubtree /Biped/Rig/Controls/leg_l_ik/ankle_l_pivot/bankIn_l_pivot/bankOut_l_pivot/heel_l_roll/heel_l/ball_l_pivot/toe_l_roll/toe_l","cat":"step","ph":"X","ts":125923,"dur":1,"pid":1,"tid":0},
{"name":"ComposeSubtree /Biped/Rig/Controls/leg_l_ik/ankle_l_pivot/bankIn_l_pivot/bankOut_l_pivot/heel_l_roll/heel_l/ball_l_pivot/toe_l_roll/toe_l/ballRoll_l_up/ballRoll_l_down/ballRoll_l/ankle_l_ikTarget","cat":"step","ph":"X","ts":125936,"dur":1,"pid":1,"tid":0},
{"name":"ComposeSubtree /Biped/Rig/Controls/leg_l_ik/ankle_l_pivot/bankIn_l_pivot/bankOut_l_pivot/heel_l_roll/heel_l/ball_l_pivot/toe_l_roll/toe_l/toeBend_l","cat":"step","ph":"X","ts":125929,"dur":1,"pid":1,"tid":0},
{"name":"ComposeSubtree /Biped/Rig/Controls/leg_l_ik/ankle_l_pivot/bankIn_l_pivot/bankOut_l_pivot_twin","cat":"step","ph":"X","ts":125891,"dur":1,"pid":1,"tid":0},
{"name":"ComposeSubtree /Biped/Rig/Controls/leg_l_ik/ankle_l_pivot/bank_l","cat":"step","ph":"X","ts":125870,"dur":1,"pid":1,"tid":0},
{"name":"ComposeSubtree /Biped/Rig/Controls/leg_l_pv","cat":"step","ph":"X","ts":125864,"dur":1,"pid":1,"tid":0},
{"name":"ComposeSubtree /Biped/Rig/Controls/leg_r_ik/ankle_r_pivot/bankIn_r_pivot/bankOut_r_pivot/heel_r_roll/heel_r","cat":"step","ph":"X","ts":125905,"dur":1,"pid":1,"tid":15},
{"name":"ComposeSubtree /Biped/Rig/Controls/leg_r_ik/ankle_r_pivot/bankIn_r_pivot/bankOut_r_pivot/heel_r_roll/heel_r/ball_r_pivot/toe_r_roll","cat":"step","ph":"X","ts":125924,"dur":1,"pid":1,"tid":0},
{"name":"ComposeSubtree /Biped/Rig/Controls/leg_r_ik/ankle_r_pivot/bankIn_r_pivot/bankOut_r_pivot/heel_r_roll/heel_r/ball_r_pivot/toe_r_roll/toe_r/ballRoll_r_up/ballRoll_r_down/ballRoll_r/ball_r_ikTarget","cat":"step","ph":"X","ts":125947,"dur":2,"pid":1,"tid":6},
{"name":"ComposeSubtree /Biped/Rig/Controls/leg_r_ik/ankle_r_pivot/bank_r","cat":"step","ph":"X","ts":125892,"dur":1,"pid":1,"tid":0},
{"name":"ComposeSubtree /Biped/Rig/Controls/middle_001_r_bind_fk_follow/middle_001_r_bind_fk/middle_002_r_bind_fk","cat":"step","ph":"X","ts":125871,"dur":1,"pid":1,"tid":0},
{"name":"ComposeSubtree /Biped/Rig/Controls/pinkyCup_l_bind_fk_follow","cat":"step","ph":"X","ts":125865,"dur":1,"pid":1,"tid":0},
{"name":"ComposeSubtree /Biped/Rig/Controls/pinkyCup_r_bind_fk_follow/pinkyCup_r_bind_fk/pinky_001_r_bind_fk/pinky_002_r_bind_fk/pinky_003_r_bind_fk","cat":"step","ph":"X","ts":125893,"dur":1,"pid":1,"tid":0},
{"name":"ComposeSubtree /Biped/Rig/Controls/ring_001_r_bind_fk_follow","cat":"step","ph":"X","ts":125866,"dur":1,"pid":1,"tid":0},
{"name":"ComposeSubtree /Biped/Rig/Controls/thumbCup_r_bind_fk_follow/thumbCup_r_bind_fk/thumb_001_r_bind_fk/thumb_002_r_bind_fk","cat":"step","ph":"X","ts":125894,"dur":1,"pid":1,"tid":0},
{"name":"ComposeSubtree /Biped/Rig/Joints/ankle_l_pivot","cat":"step","ph":"X","ts":125867,"dur":1,"pid":1,"tid":0},
{"name":"ComposeSubtree /Biped/Rig/Joints/ankle_r_pivot/bankIn_r_pivot/bankOut_r_pivot/heel_r_pivot/ball_r_pivot/toe_r_pivot/ballRoll_r_pivot","cat":"step","ph":"X","ts":125906,"dur":1,"pid":1,"tid":15},
{"name":"ComposeSubtree /Biped/Rig/Joints/hips_bind/pelvis_l_bind/pelvis_trans_combo_l_driver","cat":"step","ph":"X","ts":125873,"dur":1,"pid":1,"tid":0},
{"name":"ComposeSubtree /Biped/Rig/Joints/hips_bind/pelvis_l_bind/pelvis_trans_l_bind/thigh_l_driver","cat":"step","ph":"X","ts":125882,"dur":1,"pid":1,"tid":0},
{"name":"ComposeSubtree /Biped/Rig/Joints/hips_bind/pelvis_l_bind/thigh_l_bind/knee_l_bind/ankle_l_bind/ball_l_bind/toe1_001_l_bind/toe1_002_l_bind/toe1_003_l_bind","cat":"step","ph":"X","ts":125930,"dur":1,"pid":1,"tid":0},
{"name":"ComposeSubtree /Biped/Rig/Joints/hips_bind/pelvis_l_bind/thigh_l_bind/knee_l_bind/ankle_l_bind/ball_l_bind/toe2_001_l_bind","cat":"step","ph":"X","ts":125925,"dur":1,"pid":1,"tid":0},
{"name":"ComposeSubtree /Biped/Rig/Joints/hips_bind/pelvis_l_bind/thigh_l_bind/knee_l_bind/ankle_l_bind/ball_l_bind/toe5_001_l_bind","cat":"step","ph":"X","ts":125926,"dur":1,"pid":1,"tid":0},
{"name":"ComposeSubtree /Biped/Rig/Joints/hips_bind/pelvis_l_bind/thigh_l_bind/knee_l_bind/ankle_l_bind/ball_l_bind/toe5_001_l_bind/toe5_002_l_bind/toe5_003_l_bind","cat":"step","ph":"X","ts":125931,"dur":1,"pid":1,"tid":0},
{"name":"ComposeSubtree /Biped/Rig/Joints/hips_bind/pelvis_r_bind","cat":"step","ph":"X","ts":125874,"dur":1,"pid":1,"tid":0},
{"name":"ComposeSubtree /Biped/Rig/Joints/hips_bind/pelvis_r_bind/pelvis_trans_r_bind","cat":"step","ph":"X","ts":125883,"dur":1,"pid":1,"tid":0},
{"name":"ComposeSubtree /Biped/Rig/Joints/hips_bind/pelvis_r_bind/pelvis_trans_r_bind/thigh_r_driver","cat":"step","ph":"X","ts":125907,"dur":1,"pid":1,"tid":15},
{"name":"ComposeSubtree /Biped/Rig/Joints/hips_bind/pelvis_r_bind/thigh_r_bind/knee_r_bind/ankle_r_bind/ball_r_bind/toe1_001_r_bind/toe1_002_r_bind/toe1_003_r_bind","cat":"step","ph":"X","ts":125937,"dur":1,"pid":1,"tid":0},
{"name":"ComposeSubtree /Biped/Rig/Joints/hips_bind/pelvis_r_bind/thigh_r_bind/knee_r_bind/ankle_r_bind/ball_r_bind/toe4_001_r_bind","cat":"step","ph":"X","ts":125932,"dur":1,"pid":1,"tid":0},
{"name":"ComposeSubtree /Biped/Rig/Joints/hips_bind/pelvis_r_bind/thigh_r_bind/knee_r_bind/ankle_r_bind/ball_r_bind/toe5_001_r_bind/toe5_002_r_bind/toe5_003_r_bind","cat":"step","ph":"X","ts":125938,"dur":1,"pid":1,"tid":0},
{"name":"ComposeSubtree /Biped/Rig/Joints/hips_bind/pelvis_r_bind/thigh_r_bind/knee_r_bind/kneeTwist_r_bind","cat":"step","ph":"X","ts":125908,"dur":1,"pid":1,"tid":15},
{"name":"ComposeSubtree /Biped/Rig/Joints/hips_bind/spine_0_bind/spine_1_bind/spine_2_bind/spine_3_bind/spine_4_bind/spine_5_bind/chest_bind","cat":"step","ph":"X","ts":125927,"dur":1,"pid":1,"tid":0},
{"name":"ComposeSubtree /Biped/Rig/Joints/hips_bind/spine_0_bind/spine_1_bind/spine_2_bind/spine_3_bind/spine_4_bind/spine_5_bind/chest_bind/clavicle_l_bind/clavicle_trans_combo_l_driver","cat":"step","ph":"X","ts":125933,"dur":1,"pid":1,"tid":0},
{"name":"ComposeSubtree /Biped/Rig/Joints/hips_bind/spine_0_bind/spine_1_bind/spine_2_bind/spine_3_bind/spine_4_bind/spine_5_bind/chest_bind/clavicle_l_bind/shoulder_l_bind/elbow_l_bind/wristTwist_l_bind","cat":"step","ph":"X","ts":125939,"dur":1,"pid":1,"tid":0},
{"name":"ComposeSubtree /Biped/Rig/Joints/hips_bind/spine_0_bind/spine_1_bind/spine_2_bind/spine_3_bind/spine_4_bind/spine_5_bind/chest_bind/clavicle_l_bind/shoulder_l_bind/elbow_l_bind/wrist_l_bind/index_001_l_bind/index_002_l_bind","cat":"step","ph":"X","ts":125959,"dur":2,"pid":1,"tid":22},
{"name":"ComposeSubtree /Biped/Rig/Joints/hips_bind/spine_0_bind/spine_1_bind/spine_2_bind/spine_3_bind/spine_4_bind/spine_5_bind/chest_bind/clavicle_l_bind/shoulder_l_bind/elbow_l_bind/wrist_l_bind/index_001_l_bind/index_002_l_bind/index_003_l_bind/index_004_l_bind","cat":"step","ph":"X","ts":125975,"dur":1,"pid":1,"tid":5},
{"name":"ComposeSubtree /Biped/Rig/Joints/hips_bind/spine_0_bind/spine_1_bind/spine_2_bind/spine_3_bind/spine_4_bind/spine_5_bind/chest_bind/clavicle_l_bind/shoulder_l_bind/elbow_l_bind/wrist_l_bind/middle_001_l_bind","cat":"step","ph":"X","ts":125949,"dur":1,"pid":1,"tid":6},
{"name":"ComposeSubtree /Biped/Rig/Joints/hips_bind/spine_0_bind/spine_1_bind/spine_2_bind/spine_3_bind/spine_4_bind/spine_5_bind/chest_bind/clavicle_l_bind/shoulder_l_bind/elbow_l_bind/wrist_l_bind/pinkyCup_l_bind","cat":"step","ph":"X","ts":125950,"dur":1,"pid":1,"tid":6},
{"name":"ComposeSubtree /Biped/Rig/Joints/hips_bind/spine_0_bind/spine_1_bind/spine_2_bind/spine_3_bind/spine_4_bind/spine_5_bind/chest_bind/clavicle_l_bind/shoulder_l_bind/elbow_l_bind/wrist_l_bind/pinkyCup_l_bind/pinky_001_l_bind/pinky_002_combo_l_driver","cat":"step","ph":"X","ts":125961,"dur":1,"pid":1,"tid":22},
{"name":"ComposeSubtree /Biped/Rig/Joints/hips_bind/spine_0_bind/spine_1_bind/spine_2_bind/spine_3_bind/spine_4_bind/spine_5_bind/chest_bind/clavicle_l_bind/shoulder_l_bind/elbow_l_bind/wrist_l_bind/pinkyCup_l_bind/pinky_001_l_bind/pinky_002_l_bind/pinky_003_l_bind/pinky_004_l_bind","cat":"step","ph":"X","ts":126000,"dur":1,"pid":1,"tid":27},
{"name":"ComposeSubtree /Biped/Rig/Joints/hips_bind/spine_0_bind/spine_1_bind/spine_2_bind/spine_3_bind/spine_4_bind/spine_5_bind/chest_bind/clavicle_l_bind/shoulder_l_bind/elbow_l_bind/wrist_l_bind/ring_001_l_bind","cat":"step","ph":"X","ts":125951,"dur":1,"pid":1,"tid":6},
{"name":"ComposeSubtree /Biped/Rig/Joints/hips_bind/spine_0_bind/spine_1_bind/spine_2_bind/spine_3_bind/spine_4_bind/spine_5_bind/chest_bind/clavicle_l_bind/shoulder_l_bind/elbow_l_bind/wrist_l_bind/ring_001_l_bind/ring_002_l_bind/ring_003_l_bind/ring_004_l_bind","cat":"step","ph":"X","ts":125976,"dur":1,"pid":1,"tid":5},
{"name":"ComposeSubtree /Biped/Rig/Joints/hips_bind/spine_0_bind/spine_1_bind/spine_2_bind/spine_3_bind/spine_4_bind/spine_5_bind/chest_bind/clavicle_l_bind/shoulder_l_bind/elbow_l_bind/wrist_l_bind/thumbCup_l_bind/thumb_001_l_bind/thumb_002_l_bind","cat":"step","ph":"X","ts":125962,"dur":1,"pid":1,"tid":22},
{"name":"ComposeSubtree /Biped/Rig/Joints/hips_bind/spine_0_bind/spine_1_bind/spine_2_bind/spine_3_bind/spine_4_bind/spine_5_bind/chest_bind/clavicle_r_bind","cat":"step","ph":"X","ts":125934,"dur":1,"pid":1,"tid":0},
{"name":"ComposeSubtree /Biped/Rig/Joints/hips_bind/spine_0_bind/spine_1_bind/spine_2_bind/spine_3_bind/spine_4_bind/spine_5_bind/chest_bind/clavicle_r_bind/clavicle_trans_r_bind/shoulder_r_driver","cat":"step","ph":"X","ts":125952,"dur":1,"pid":1,"tid":6},
{"name":"ComposeSubtree /Biped/Rig/Joints/hips_bind/spine_0_bind/spine_1_bind/spine_2_bind/spine_3_bind/spine_4_bind/spine_5_bind/chest_bind/clavicle_r_bind/shoulder_r_bind/elbow_r_bind/elbowTwist_r_bind","cat":"step","ph":"X","ts":125953,"dur":1,"pid":1,"tid":6},
{"name":"ComposeSubtree /Biped/Rig/Joints/hips_bind/spine_0_bind/spine_1_bind/spine_2_bind/spine_3_bind/spine_4_bind/spine_5_bind/chest_bind/clavicle_r_bind/shoulder_r_bind/elbow_r_bind/wrist_r_bind/index_001_r_bind/index_002_r_bind","cat":"step","ph":"X","ts":125977,"dur":1,"pid":1,"tid":5},
{"name":"ComposeSubtree /Biped/Rig/Joints/hips_bind/spine_0_bind/spine_1_bind/spine_2_bind/spine_3_bind/spine_4_bind/spine_5_bind/chest_bind/clavicle_r_bind/shoulder_r_bind/elbow_r_bind/wrist_r_bind/index_001_r_bind/index_002_r_bind/index_003_r_bind/index_004_r_bind","cat":"step","ph":"X","ts":126001,"dur":1,"pid":1,"tid":27},
{"name":"ComposeSubtree /Biped/Rig/Joints/hips_bind/spine_0_bind/spine_1_bind/spine_2_bind/spine_3_bind/spine_4_bind/spine_5_bind/chest_bind/clavicle_r_bind/shoulder_r_bind/elbow_r_bind/wrist_r_bind/middle_001_r_bind","cat":"step","ph":"X","ts":125963,"dur":1,"pid":1,"tid":22},
{"name":"ComposeSubtree /Biped/Rig/Joints/hips_bind/spine_0_bind/spine_1_bind/spine_2_bind/spine_3_bind/spine_4_bind/spine_5_bind/chest_bind/clavicle_r_bind/shoulder_r_bind/elbow_r_bind/wrist_r_bind/middle_001_r_bind/middle_002_r_bind/middle_003_r_bind/middle_004_r_bind","cat":"step","ph":"X","ts":126002,"dur":1,"pid":1,"tid":27},
{"name":"ComposeSubtree /Biped/Rig/Joints/hips_bind/spine_0_bind/spine_1_bind/spine_2_bind/spine_3_bind/spine_4_bind/spine_5_bind/chest_bind/clavicle_r_bind/shoulder_r_bind/elbow_r_bind/wrist_r_bind/pinkyCup_r_bind/pinky_001_r_bind/pinky_002_combo_r_driver","cat":"step","ph":"X","ts":125978,"dur":1,"pid":1,"tid":5},
{"name":"ComposeSubtree /Biped/Rig/Joints/hips_bind/spine_0_bind/spine_1_bind/spine_2_bind/spine_3_bind/spine_4_bind/spine_5_bind/chest_bind/clavicle_r_bind/shoulder_r_bind/elbow_r_bind/wrist_r_bind/pinkyCup_r_bind/pinky_001_r_bind/pinky_002_r_bind/pinky_003_r_bind/pinky_004_r_bind","cat":"step","ph":"X","ts":126018,"dur":2,"pid":1,"tid":17},
{"name":"ComposeSubtree /Biped/Rig/Joints/hips_bind/spine_0_bind/spine_1_bind/spine_2_bind/spine_3_bind/spine_4_bind/spine_5_bind/chest_bind/clavicle_r_bind/shoulder_r_bind/elbow_r_bind/wrist_r_bind/ring_001_r_bind","cat":"step","ph":"X","ts":125964,"dur":1,"pid":1,"tid":22},
{"name":"ComposeSubtree /Biped/Rig/Joints/hips_bind/spine_0_bind/spine_1_bind/spine_2_bind/spine_3_bind/spine_4_bind/spine_5_bind/chest_bind/clavicle_r_bind/shoulder_r_bind/elbow_r_bind/wrist_r_bind/thumbCup_r_bind","cat":"step","ph":"X","ts":125965,"dur":1,"pid":1,"tid":22},
{"name":"ComposeSubtree /Biped/Rig/Joints/hips_bind/spine_0_bind/spine_1_bind/spine_2_bind/spine_3_bind/spine_4_bind/spine_5_bind/chest_bind/clavicle_r_bind/shoulder_r_bind/elbow_r_bind/wrist_r_bind/thumbCup_r_bind/thumb_001_r_bind/thumb_002_r_bind/thumb_003_r_bind","cat":"step","ph":"X","ts":126003,"dur":1,"pid":1,"tid":27},
{"name":"ComposeSubtree /Biped/Rig/Joints/hips_bind/spine_0_bind/spine_1_bind/spine_2_bind/spine_3_bind/spine_4_bind/spine_5_bind/chest_bind/neck_base_bind/neck_0_bind/neck_1_bind","cat":"step","ph":"X","ts":125938,"dur":1,"pid":1,"tid":15},
{"name":"ComposeSubtree /Biped/Rig/Joints/hips_bind/spine_0_bind/spine_1_bind/spine_2_bind/spine_3_bind/spine_4_bind/spine_5_bind/chest_bind/neck_base_bind/neck_0_bind/neck_1_bind/neck_2_bind/neck_3_bind","cat":"step","ph":"X","ts":125954,"dur":1,"pid":1,"tid":6},
{"name":"ComposeSubtree /Biped/Rig/Joints/hips_bind/spine_0_bind/spine_1_bind/spine_2_bind/spine_3_bind/spine_4_bind/spine_5_bind/chest_bind/neck_base_bind/neck_0_bind/neck_1_bind/neck_2_bind/neck_3_bind/skull_bind/face_lower_bind/face_mid_bind/jaw_compression_driver","cat":"step","ph":"X","ts":125979,"dur":1,"pid":1,"tid":5},
{"name":"ComposeSubtree /Biped/Rig/Joints/hips_bind/spine_0_bind/spine_1_bind/spine_2_bind/spine_3_bind/spine_4_bind/spine_5_bind/chest_bind/neck_base_bind/neck_0_bind/neck_1_bind/neck_2_bind/neck_3_bind/skull_bind/face_lower_bind/jaw_bind/tongue_0_bind","cat":"step","ph":"X","ts":126004,"dur":1,"pid":1,"tid":27},
{"name":"ComposeSubtree /Biped/Rig/Joints/hips_bind/spine_0_bind/spine_1_bind/spine_2_bind/spine_3_bind/spine_4_bind/spine_5_bind/chest_bind/neck_base_bind/neck_0_bind/neck_1_bind/neck_2_bind/neck_3_bind/skull_bind/face_lower_bind/jaw_bind/tongue_0_bind/tongue_1_bind/tongue_2_bind/tongue_3_bind","cat":"step","ph":"X","ts":126038,"dur":1,"pid":1,"tid":13},
{"name":"ComposeSubtree /Biped/Rig/Joints/hips_bind/spine_0_bind/spine_1_bind/spine_2_bind/spine_3_bind/spine_4_bind/spine_5_bind/chest_bind/neck_base_bind/neck_0_bind/neck_1_bind/neck_2_bind/neck_3_bind/skull_bind/face_upper_bind","cat":"step","ph":"X","ts":125966,"dur":1,"pid":1,"tid":22},
{"name":"ComposeSubtree /Biped/Rig/Joints/hips_bind/spine_0_bind/spine_1_bind/spine_2_bind/spine_3_bind/spine_4_bind/spine_5_bind/chest_bind/neck_base_bind/neck_0_bind/neck_1_bind/neck_2_bind/neck_3_bind/skull_bind/face_upper_bind/eyeSocket_l_bind","cat":"step","ph":"X","ts":125980,"dur":1,"pid":1,"tid":5},
{"name":"ComposeSubtree /Biped/Rig/Joints/hips_bind/spine_0_bind/spine_1_bind/spine_2_bind/spine_3_bind/spine_4_bind/spine_5_bind/chest_bind/neck_base_bind/neck_0_bind/neck_1_bind/neck_2_bind/neck_3_bind/skull_bind/face_upper_bind/head_tip_bind/brow_inner_r_bind","cat":"step","ph":"X","ts":126005,"dur":1,"pid":1,"tid":27},
{"name":"ComposeSubtree /Biped/Rig/Joints/neck_ik_neck_0_bind/neck_ik_neck_1_bind","cat":"step","ph":"X","ts":126020,"dur":1,"pid":1,"tid":17},
{"name":"ComposeSubtree /Biped/Rig/Joints/pupilCenter_l_pivot","cat":"step","ph":"X","ts":125868,"dur":1,"pid":1,"tid":0},
{"name":"ComposeSubtree /Biped/Rig/Joints/spine_ik_spine_0_bind/spine_ik_spine_1_bind/spine_ik_spine_2_bind/spine_ik_spine_3_bind/spine_ik_spine_4_bind","cat":"step","ph":"X","ts":125884,"dur":1,"pid":1,"tid":0},
{"name":"ComposeSubtree /Biped/Rig/Joints/spine_ik_spine_0_bind/spine_ik_spine_1_bind/spine_ik_spine_2_bind/spine_ik_spine_3_bind/spine_ik_spine_4_bind/spine_ik_spine_5_bind","cat":"step","ph":"X","ts":125909,"dur":1,"pid":1,"tid":15},
{"name":"Solve /Biped/Rig/Solvers/arm_l_fkChain","cat":"step","ph":"X","ts":125935,"dur":1,"pid":1,"tid":0},
{"name":"Solve /Biped/Rig/Solvers/arm_r_fkChain","cat":"step","ph":"X","ts":125939,"dur":1,"pid":1,"tid":15},
{"name":"SolverCommit batch 2","cat":"step","ph":"X","ts":125955,"dur":1,"pid":1,"tid":6},
{"name":"Solve /Biped/Rig/Solvers/leg_l_fkChain","cat":"step","ph":"X","ts":125921,"dur":2,"pid":1,"tid":15},
{"name":"Solve /Biped/Rig/Solvers/leg_r_fkChain","cat":"step","ph":"X","ts":125930,"dur":1,"pid":1,"tid":15},
{"name":"Solve /Biped/Rig/Solvers/neck_splineIk","cat":"step","ph":"X","ts":125931,"dur":6,"pid":1,"tid":15},
{"name":"SolverCommit batch 6","cat":"step","ph":"X","ts":126063,"dur":1,"pid":1,"tid":13},
{"name":"Solve /Biped/Rig/Solvers/spine_splineIk","cat":"step","ph":"X","ts":125910,"dur":10,"pid":1,"tid":15},
{"name":"SolverCommit batch 7","cat":"step","ph":"X","ts":125923,"dur":1,"pid":1,"tid":15},
{"name":"Solve /Biped/Rig/Solvers/arm_r_ikfk","cat":"step","ph":"X","ts":125956,"dur":1,"pid":1,"tid":6},
{"name":"SolverCommit batch 8","cat":"step","ph":"X","ts":125967,"dur":2,"pid":1,"tid":22},
{"name":"SolverCommit batch 9","cat":"step","ph":"X","ts":125941,"dur":1,"pid":1,"tid":0},
{"name":"Constraint /Biped/Rig/Movers/spine_mid_follow/spine_mid_follow_pos","cat":"step","ph":"X","ts":125896,"dur":3,"pid":1,"tid":0},
{"name":"Solve /Biped/Rig/Solvers/fk_thumb_r","cat":"step","ph":"X","ts":125981,"dur":2,"pid":1,"tid":5},
{"name":"SolverCommit batch 11","cat":"step","ph":"X","ts":126021,"dur":2,"pid":1,"tid":17},
{"name":"Solve /Biped/Rig/Solvers/fk_ring_r","cat":"step","ph":"X","ts":125980,"dur":12,"pid":1,"tid":28},
{"name":"SolverCommit batch 12","cat":"step","ph":"X","ts":126023,"dur":1,"pid":1,"tid":17},
{"name":"Solve /Biped/Rig/Solvers/fk_pinky_r","cat":"step","ph":"X","ts":125993,"dur":6,"pid":1,"tid":28},
{"name":"SolverCommit batch 13","cat":"step","ph":"X","ts":126039,"dur":2,"pid":1,"tid":13},
{"name":"Solve /Biped/Rig/Solvers/fk_middle_r","cat":"step","ph":"X","ts":126000,"dur":5,"pid":1,"tid":28},
{"name":"SolverCommit batch 14","cat":"step","ph":"X","ts":126024,"dur":1,"pid":1,"tid":17},
{"name":"Solve /Biped/Rig/Solvers/fk_index_r","cat":"step","ph":"X","ts":125976,"dur":2,"pid":1,"tid":0},
{"name":"SolverCommit batch 15","cat":"step","ph":"X","ts":126025,"dur":1,"pid":1,"tid":17},
{"name":"Solve /Biped/Rig/Solvers/fk_thumb_l","cat":"step","ph":"X","ts":125969,"dur":3,"pid":1,"tid":22},
{"name":"SolverCommit batch 16","cat":"step","ph":"X","ts":126006,"dur":2,"pid":1,"tid":27},
{"name":"Solve /Biped/Rig/Solvers/fk_ring_l","cat":"step","ph":"X","ts":125972,"dur":1,"pid":1,"tid":22},
{"name":"SolverCommit batch 17","cat":"step","ph":"X","ts":126008,"dur":1,"pid":1,"tid":27},
{"name":"Solve /Biped/Rig/Solvers/fk_pinky_l","cat":"step","ph":"X","ts":125951,"dur":3,"pid":1,"tid":5},
{"name":"SolverCommit batch 18","cat":"step","ph":"X","ts":126026,"dur":1,"pid":1,"tid":17},
{"name":"Solve /Biped/Rig/Solvers/fk_middle_l","cat":"step","ph":"X","ts":125954,"dur":1,"pid":1,"tid":5},
{"name":"SolverCommit batch 19","cat":"step","ph":"X","ts":126009,"dur":1,"pid":1,"tid":27},
{"name":"Solve /Biped/Rig/Solvers/fk_index_l","cat":"step","ph":"X","ts":125955,"dur":1,"pid":1,"tid":5},
{"name":"Constraint /Biped/Rig/Movers/spine_mid_follow/spine_mid_follow_aim","cat":"step","ph":"X","ts":125924,"dur":5,"pid":1,"tid":15},
{"name":"Constraint /Biped/Rig/Movers/hand_r_follow/thumbCup_r_bind_fk_follow_to_wrist_r_bind","cat":"step","ph":"X","ts":125978,"dur":3,"pid":1,"tid":0},
{"name":"Constraint /Biped/Rig/Movers/hand_r_follow/ring_001_r_bind_fk_follow_to_wrist_r_bind","cat":"step","ph":"X","ts":125981,"dur":3,"pid":1,"tid":0},
{"name":"Constraint /Biped/Rig/Movers/hand_r_follow/pinkyCup_r_bind_fk_follow_to_wrist_r_bind","cat":"step","ph":"X","ts":125980,"dur":10,"pid":1,"tid":23},
{"name":"Constraint /Biped/Rig/Movers/hand_r_follow/middle_001_r_bind_fk_follow_to_wrist_r_bind","cat":"step","ph":"X","ts":125990,"dur":3,"pid":1,"tid":23},
{"name":"Constraint /Biped/Rig/Movers/hand_r_follow/index_001_r_bind_fk_follow_to_wrist_r_bind","cat":"step","ph":"X","ts":125993,"dur":3,"pid":1,"tid":23},
{"name":"Constraint /Biped/Rig/Movers/hand_l_follow/thumbCup_l_bind_fk_follow_to_wrist_l_bind","cat":"step","ph":"X","ts":125951,"dur":6,"pid":1,"tid":14},
{"name":"Constraint /Biped/Rig/Movers/hand_l_follow/ring_001_l_bind_fk_follow_to_wrist_l_bind","cat":"step","ph":"X","ts":125957,"dur":3,"pid":1,"tid":14},
{"name":"Constraint /Biped/Rig/Movers/hand_l_follow/pinkyCup_l_bind_fk_follow_to_wrist_l_bind","cat":"step","ph":"X","ts":125960,"dur":3,"pid":1,"tid":14},
{"name":"Constraint /Biped/Rig/Movers/hand_l_follow/middle_001_l_bind_fk_follow_to_wrist_l_bind","cat":"step","ph":"X","ts":125957,"dur":7,"pid":1,"tid":6},
{"name":"Constraint /Biped/Rig/Movers/hand_l_follow/index_001_l_bind_fk_follow_to_wrist_l_bind","cat":"step","ph":"X","ts":125964,"dur":3,"pid":1,"tid":6},
{"name":"Constraint /Biped/Rig/Movers/bankIn_r_pivot_rc/bankIn_r_pivot_rotation","cat":"step","ph":"X","ts":125968,"dur":3,"pid":1,"tid":6},
{"name":"Constraint /Biped/Rig/Movers/bankOut_r_pivot_rc/bankOut_r_pivot_rotation","cat":"step","ph":"X","ts":125996,"dur":3,"pid":1,"tid":23},
{"name":"Constraint /Biped/Rig/Movers/heel_r_roll_rc/heel_r_roll_rotation","cat":"step","ph":"X","ts":126011,"dur":4,"pid":1,"tid":27},
{"name":"Constraint /Biped/Rig/Movers/toe_r_roll_rc/toe_r_roll_rotation","cat":"step","ph":"X","ts":126027,"dur":4,"pid":1,"tid":17},
{"name":"Constraint /Biped/Rig/Movers/ballRoll_r_up_rc/ballRoll_r_up_rotation","cat":"step","ph":"X","ts":126041,"dur":6,"pid":1,"tid":13},
{"name":"Solve /Biped/Rig/Solvers/leg_r_twoBoneIk","cat":"step","ph":"X","ts":126071,"dur":1,"pid":1,"tid":13},
{"name":"Solve /Biped/Rig/Solvers/leg_r_ikfk","cat":"step","ph":"X","ts":126074,"dur":1,"pid":1,"tid":13},
{"name":"SolverCommit batch 39","cat":"step","ph":"X","ts":126081,"dur":4,"pid":1,"tid":13},
{"name":"Constraint /Biped/Rig/Movers/ankle_r_bind_scAim/ankle_r_bind_aim","cat":"step","ph":"X","ts":126095,"dur":5,"pid":1,"tid":0},
{"name":"Constraint /Biped/Rig/Movers/ball_r_bind_scAim/ball_r_bind_aim","cat":"step","ph":"X","ts":126118,"dur":6,"pid":1,"tid":2},
{"name":"Constraint /Biped/Rig/Movers/bankIn_l_pivot_rc/bankIn_l_pivot_rotation","cat":"step","ph":"X","ts":125942,"dur":2,"pid":1,"tid":0},
{"name":"Constraint /Biped/Rig/Movers/bankOut_l_pivot_rc/bankOut_l_pivot_rotation","cat":"step","ph":"X","ts":125971,"dur":2,"pid":1,"tid":6},
{"name":"Constraint /Biped/Rig/Movers/heel_l_roll_rc/heel_l_roll_rotation","cat":"step","ph":"X","ts":125979,"dur":4,"pid":1,"tid":16},
{"name":"Constraint /Biped/Rig/Movers/toe_l_roll_rc/toe_l_roll_rotation","cat":"step","ph":"X","ts":125994,"dur":1,"pid":1,"tid":16},
{"name":"Constraint /Biped/Rig/Movers/ballRoll_l_up_rc/ballRoll_l_up_rotation","cat":"step","ph":"X","ts":126031,"dur":2,"pid":1,"tid":17},
{"name":"Constraint /Biped/Rig/Movers/ballRoll_l_down_rc/ballRoll_l_down_rotation","cat":"step","ph":"X","ts":126047,"dur":1,"pid":1,"tid":13},
{"name":"Solve /Biped/Rig/Solvers/leg_l_twoBoneIk","cat":"step","ph":"X","ts":126064,"dur":1,"pid":1,"tid":13},
{"name":"Solve /Biped/Rig/Solvers/leg_l_ikfk","cat":"step","ph":"X","ts":126072,"dur":1,"pid":1,"tid":13},
{"name":"SolverCommit batch 49","cat":"step","ph":"X","ts":126075,"dur":4,"pid":1,"tid":13},
{"name":"Constraint /Biped/Rig/Movers/ankle_l_bind_scAim/ankle_l_bind_aim","cat":"step","ph":"X","ts":126085,"dur":5,"pid":1,"tid":13},
{"name":"Constraint /Biped/Rig/Movers/ball_l_bind_scAim/ball_l_bind_aim","cat":"step","ph":"X","ts":126100,"dur":3,"pid":1,"tid":0},
{"name":"Constraint /Biped/Rig/Movers/hips_follow/spine_root_ctl_drives_hips_bind","cat":"step","ph":"X","ts":125885,"dur":3,"pid":1,"tid":0},
{"name":"PropagateChunk /Biped/Rig/Movers/hips_follow/spine_root_ctl_drives_hips_bind","cat":"step","ph":"X","ts":126065,"dur":5,"pid":1,"tid":13},
{"name":"Constraint /Biped/Rig/Movers/hips_follow/spine_root_ctl_scales_hips_bind","cat":"step","ph":"X","ts":126079,"dur":2,"pid":1,"tid":13},
{"name":"PropagateChunk /Biped/Rig/Movers/hips_follow/spine_root_ctl_scales_hips_bind","cat":"step","ph":"X","ts":126103,"dur":4,"pid":1,"tid":0},
{"name":"PropagateChunk /Biped/Rig/Movers/hips_follow/spine_root_ctl_scales_hips_bind","cat":"step","ph":"X","ts":126107,"dur":1,"pid":1,"tid":0},
{"name":"CommitApply /Biped/Rig/Movers/hips_follow/spine_root_ctl_scales_hips_bind","cat":"step","ph":"X","ts":126124,"dur":1,"pid":1,"tid":2},
{"name":"Constraint /Biped/Rig/Movers/spine_to_bind/spine_ik_spine_0_bind_scale_to_spine_0_bind","cat":"step","ph":"X","ts":126136,"dur":8,"pid":1,"tid":8},
{"name":"Constraint /Biped/Rig/Movers/spine_to_bind/spine_ik_spine_0_bind_to_spine_0_bind","cat":"step","ph":"X","ts":126151,"dur":12,"pid":1,"tid":29},
{"name":"Constraint /Biped/Rig/Movers/spine_to_bind/spine_ik_spine_1_bind_scale_to_spine_1_bind","cat":"step","ph":"X","ts":126167,"dur":9,"pid":1,"tid":24},
{"name":"Constraint /Biped/Rig/Movers/spine_to_bind/spine_ik_spine_1_bind_to_spine_1_bind","cat":"step","ph":"X","ts":126188,"dur":8,"pid":1,"tid":24},
{"name":"Constraint /Biped/Rig/Movers/spine_to_bind/spine_ik_spine_2_bind_scale_to_spine_2_bind","cat":"step","ph":"X","ts":126206,"dur":7,"pid":1,"tid":24},
{"name":"Constraint /Biped/Rig/Movers/spine_to_bind/spine_ik_spine_2_bind_to_spine_2_bind","cat":"step","ph":"X","ts":126221,"dur":8,"pid":1,"tid":24},
{"name":"Constraint /Biped/Rig/Movers/spine_to_bind/spine_ik_spine_3_bind_scale_to_spine_3_bind","cat":"step","ph":"X","ts":126230,"dur":6,"pid":1,"tid":24},
{"name":"Constraint /Biped/Rig/Movers/spine_to_bind/spine_ik_spine_3_bind_to_spine_3_bind","cat":"step","ph":"X","ts":126236,"dur":8,"pid":1,"tid":24},
{"name":"Constraint /Biped/Rig/Movers/spine_to_bind/spine_ik_spine_4_bind_scale_to_spine_4_bind","cat":"step","ph":"X","ts":126245,"dur":6,"pid":1,"tid":24},
{"name":"Constraint /Biped/Rig/Movers/spine_to_bind/spine_ik_spine_4_bind_to_spine_4_bind","cat":"step","ph":"X","ts":126251,"dur":8,"pid":1,"tid":24},
{"name":"Constraint /Biped/Rig/Movers/spine_to_bind/spine_ik_spine_5_bind_scale_to_spine_5_bind","cat":"step","ph":"X","ts":126259,"dur":6,"pid":1,"tid":24},
{"name":"Constraint /Biped/Rig/Movers/spine_to_bind/spine_ik_spine_5_bind_to_spine_5_bind","cat":"step","ph":"X","ts":126266,"dur":7,"pid":1,"tid":24},
{"name":"Constraint /Biped/Rig/Movers/spine_to_bind/spine_ik_chest_bind_scale_to_chest_bind","cat":"step","ph":"X","ts":126274,"dur":6,"pid":1,"tid":24},
{"name":"Constraint /Biped/Rig/Movers/spine_to_bind/spine_ik_chest_bind_to_chest_bind","cat":"step","ph":"X","ts":126280,"dur":8,"pid":1,"tid":24},
{"name":"Constraint /Biped/Rig/Movers/girdles/spine_end_ctl_drives_chest_bind","cat":"step","ph":"X","ts":126288,"dur":8,"pid":1,"tid":24},
{"name":"Constraint /Biped/Rig/Movers/girdles/pelvis_r_ctl_drives_pelvis_r_bind","cat":"step","ph":"X","ts":126144,"dur":1,"pid":1,"tid":8},
{"name":"Constraint /Biped/Rig/Movers/girdles/pelvis_l_ctl_drives_pelvis_l_bind","cat":"step","ph":"X","ts":126145,"dur":1,"pid":1,"tid":8},
{"name":"Constraint /Biped/Rig/Movers/girdles/clavicle_r_ctl_drives_clavicle_r_bind","cat":"step","ph":"X","ts":126296,"dur":2,"pid":1,"tid":24},
{"name":"Constraint /Biped/Rig/Movers/girdles/clavicle_l_ctl_drives_clavicle_l_bind","cat":"step","ph":"X","ts":126298,"dur":1,"pid":1,"tid":24},
{"name":"Constraint /Biped/Rig/Movers/girdles/spine_end_ctl_unsquashes_neck_base_bind","cat":"step","ph":"X","ts":126299,"dur":5,"pid":1,"tid":24},
{"name":"Constraint /Biped/Rig/Movers/girdles/clavicle_r_ctl_unsquashes_clavicle_r_bind","cat":"step","ph":"X","ts":126304,"dur":3,"pid":1,"tid":24},
{"name":"Constraint /Biped/Rig/Movers/girdles/clavicle_l_ctl_unsquashes_clavicle_l_bind","cat":"step","ph":"X","ts":126307,"dur":2,"pid":1,"tid":24},
{"name":"Constraint /Biped/Rig/Movers/neck_to_bind/neck_ik_neck_0_bind_scale_to_neck_0_bind","cat":"step","ph":"X","ts":126309,"dur":5,"pid":1,"tid":24},
{"name":"Constraint /Biped/Rig/Movers/neck_to_bind/neck_ik_neck_0_bind_to_neck_0_bind","cat":"step","ph":"X","ts":126325,"dur":6,"pid":1,"tid":24},
{"name":"Constraint /Biped/Rig/Movers/neck_to_bind/neck_ik_neck_1_bind_scale_to_neck_1_bind","cat":"step","ph":"X","ts":126336,"dur":4,"pid":1,"tid":0},
{"name":"Constraint /Biped/Rig/Movers/neck_to_bind/neck_ik_neck_1_bind_to_neck_1_bind","cat":"step","ph":"X","ts":126345,"dur":5,"pid":1,"tid":0},
{"name":"Constraint /Biped/Rig/Movers/neck_to_bind/neck_ik_neck_2_bind_scale_to_neck_2_bind","cat":"step","ph":"X","ts":126357,"dur":3,"pid":1,"tid":0},
{"name":"Constraint /Biped/Rig/Movers/neck_to_bind/neck_ik_neck_2_bind_to_neck_2_bind","cat":"step","ph":"X","ts":126367,"dur":4,"pid":1,"tid":0},
{"name":"Constraint /Biped/Rig/Movers/neck_to_bind/neck_ik_neck_3_bind_scale_to_neck_3_bind","cat":"step","ph":"X","ts":126371,"dur":4,"pid":1,"tid":0},
{"name":"Constraint /Biped/Rig/Movers/neck_to_bind/neck_ik_neck_3_bind_to_neck_3_bind","cat":"step","ph":"X","ts":126375,"dur":4,"pid":1,"tid":0},
{"name":"Constraint /Biped/Rig/Movers/neck_to_bind/neck_ik_skull_bind_scale_to_skull_bind","cat":"step","ph":"X","ts":126379,"dur":3,"pid":1,"tid":0},
{"name":"Constraint /Biped/Rig/Movers/neck_to_bind/neck_ik_skull_bind_to_skull_bind","cat":"step","ph":"X","ts":126383,"dur":4,"pid":1,"tid":0},
{"name":"Constraint /Biped/Rig/Movers/twist_aims/wristTwist_r_bind_copy","cat":"step","ph":"X","ts":125984,"dur":5,"pid":1,"tid":16},
{"name":"Constraint /Biped/Rig/Movers/twist_aims/wristTwist_r_bind_aim","cat":"step","ph":"X","ts":125995,"dur":4,"pid":1,"tid":16},
{"name":"Constraint /Biped/Rig/Movers/twist_aims/wristTwist_l_bind_copy","cat":"step","ph":"X","ts":125944,"dur":2,"pid":1,"tid":0},
{"name":"Constraint /Biped/Rig/Movers/twist_aims/wristTwist_l_bind_aim","cat":"step","ph":"X","ts":125989,"dur":4,"pid":1,"tid":16},
{"name":"Constraint /Biped/Rig/Movers/twist_aims/ankleTwist_r_bind_copy","cat":"step","ph":"X","ts":126125,"dur":3,"pid":1,"tid":2},
{"name":"Constraint /Biped/Rig/Movers/twist_aims/ankleTwist_r_bind_aim","cat":"step","ph":"X","ts":126146,"dur":3,"pid":1,"tid":8},
{"name":"Constraint /Biped/Rig/Movers/twist_aims/ankleTwist_l_bind_copy","cat":"step","ph":"X","ts":126108,"dur":2,"pid":1,"tid":0},
{"name":"Constraint /Biped/Rig/Movers/twist_aims/ankleTwist_l_bind_aim","cat":"step","ph":"X","ts":126128,"dur":2,"pid":1,"tid":2},
{"name":"Constraint /Biped/Rig/Movers/twist_aims/ankleTwist_r_bind_follows_ankle_r_bind","cat":"step","ph":"X","ts":126163,"dur":1,"pid":1,"tid":29},
{"name":"Constraint /Biped/Rig/Movers/twist_aims/ankleTwist_l_bind_follows_ankle_l_bind","cat":"step","ph":"X","ts":126134,"dur":1,"pid":1,"tid":2},
{"name":"Constraint /Biped/Rig/Movers/twist_aims/wristTwist_r_bind_follows_wrist_r_bind","cat":"step","ph":"X","ts":126033,"dur":2,"pid":1,"tid":17},
{"name":"Constraint /Biped/Rig/Movers/twist_aims/wristTwist_l_bind_follows_wrist_l_bind","cat":"step","ph":"X","ts":125999,"dur":1,"pid":1,"tid":23},
{"name":"Constraint /Biped/Rig/Movers/twist_aims/thighNoTwist_r_bind_follows_thigh_r_bind","cat":"step","ph":"X","ts":126164,"dur":1,"pid":1,"tid":29},
{"name":"Constraint /Biped/Rig/Movers/twist_aims/thighNoTwist_l_bind_follows_thigh_l_bind","cat":"step","ph":"X","ts":126152,"dur":4,"pid":1,"tid":5},
{"name":"Constraint /Biped/Rig/Movers/twist_aims/shoulderNoTwist_r_bind_follows_shoulder_r_bind","cat":"step","ph":"X","ts":126331,"dur":1,"pid":1,"tid":24},
{"name":"Constraint /Biped/Rig/Movers/twist_aims/shoulderNoTwist_l_bind_follows_shoulder_l_bind","cat":"step","ph":"X","ts":126332,"dur":1,"pid":1,"tid":24},
{"name":"Constraint /Biped/Rig/Movers/twist_aims/pelvis_trans_r_bind_follows_thigh_r_bind","cat":"step","ph":"X","ts":126156,"dur":1,"pid":1,"tid":5},
{"name":"Constraint /Biped/Rig/Movers/twist_aims/pelvis_trans_l_bind_follows_thigh_l_bind","cat":"step","ph":"X","ts":126157,"dur":1,"pid":1,"tid":5},
{"name":"Constraint /Biped/Rig/Movers/twist_aims/clavicle_trans_r_bind_follows_shoulder_r_bind","cat":"step","ph":"X","ts":126320,"dur":2,"pid":1,"tid":24},
{"name":"Constraint /Biped/Rig/Movers/twist_aims/clavicle_trans_l_bind_follows_shoulder_l_bind","cat":"step","ph":"X","ts":126322,"dur":1,"pid":1,"tid":24},
{"name":"Constraint /Biped/Rig/Movers/twist_aims/pelvis_trans_r_bind_aim","cat":"step","ph":"X","ts":126176,"dur":5,"pid":1,"tid":24},
{"name":"Constraint /Biped/Rig/Movers/twist_aims/pelvis_trans_l_bind_aim","cat":"step","ph":"X","ts":126181,"dur":3,"pid":1,"tid":24},
{"name":"Constraint /Biped/Rig/Movers/twist_aims/kneeTwist_r_bind_aim","cat":"step","ph":"X","ts":126098,"dur":2,"pid":1,"tid":13},
{"name":"Constraint /Biped/Rig/Movers/twist_aims/kneeTwist_l_bind_aim","cat":"step","ph":"X","ts":126090,"dur":2,"pid":1,"tid":13},
{"name":"Constraint /Biped/Rig/Movers/twist_aims/thighNoTwist_r_bind_aim","cat":"step","ph":"X","ts":126184,"dur":3,"pid":1,"tid":24},
{"name":"Constraint /Biped/Rig/Movers/twist_aims/thighNoTwist_l_bind_aim","cat":"step","ph":"X","ts":126166,"dur":3,"pid":1,"tid":29},
{"name":"Constraint /Biped/Rig/Movers/twist_aims/clavicle_trans_r_bind_aim","cat":"step","ph":"X","ts":126340,"dur":3,"pid":1,"tid":0},
{"name":"Constraint /Biped/Rig/Movers/twist_aims/clavicle_trans_l_bind_aim","cat":"step","ph":"X","ts":126343,"dur":2,"pid":1,"tid":0},
{"name":"Constraint /Biped/Rig/Movers/twist_aims/elbowTwist_r_bind_aim","cat":"step","ph":"X","ts":125975,"dur":5,"pid":1,"tid":22},
{"name":"Constraint /Biped/Rig/Movers/twist_aims/elbowTwist_l_bind_aim","cat":"step","ph":"X","ts":125946,"dur":3,"pid":1,"tid":0},
{"name":"Constraint /Biped/Rig/Movers/twist_aims/shoulderNoTwist_r_bind_aim","cat":"step","ph":"X","ts":126334,"dur":3,"pid":1,"tid":24},
{"name":"Constraint /Biped/Rig/Movers/twist_aims/shoulderNoTwist_l_bind_aim","cat":"step","ph":"X","ts":126337,"dur":3,"pid":1,"tid":24},
{"name":"Constraint /Biped/Rig/Movers/pose_drivers/thigh_r_driver_copies_thigh_r_bind","cat":"step","ph":"X","ts":126196,"dur":4,"pid":1,"tid":24},
{"name":"Constraint /Biped/Rig/Movers/pose_drivers/thigh_l_driver_copies_thigh_l_bind","cat":"step","ph":"X","ts":126200,"dur":4,"pid":1,"tid":24},
{"name":"Constraint /Biped/Rig/Movers/pose_drivers/thigh_r_twist_driver_copies_thighNoTwist_r_bind","cat":"step","ph":"X","ts":126213,"dur":3,"pid":1,"tid":24},
{"name":"Constraint /Biped/Rig/Movers/pose_drivers/thigh_l_twist_driver_copies_thighNoTwist_l_bind","cat":"step","ph":"X","ts":126216,"dur":4,"pid":1,"tid":24},
{"name":"Constraint /Biped/Rig/Movers/pose_drivers/ankleTwist_r_driver_copies_ankleTwist_r_bind","cat":"step","ph":"X","ts":126169,"dur":4,"pid":1,"tid":29},
{"name":"Constraint /Biped/Rig/Movers/pose_drivers/ankleTwist_l_driver_copies_ankleTwist_l_bind","cat":"step","ph":"X","ts":126150,"dur":3,"pid":1,"tid":8},
{"name":"Constraint /Biped/Rig/Movers/pose_drivers/toe_r_driver_copies_ball_r_bind","cat":"step","ph":"X","ts":126135,"dur":2,"pid":1,"tid":2},
{"name":"Constraint /Biped/Rig/Movers/pose_drivers/toe_l_driver_copies_ball_l_bind","cat":"step","ph":"X","ts":126130,"dur":3,"pid":1,"tid":2},
{"name":"Constraint /Biped/Rig/Movers/pose_drivers/knee_r_driver_copies_knee_r_bind","cat":"step","ph":"X","ts":126110,"dur":3,"pid":1,"tid":0},
{"name":"Constraint /Biped/Rig/Movers/pose_drivers/knee_l_driver_copies_knee_l_bind","cat":"step","ph":"X","ts":126100,"dur":2,"pid":1,"tid":13},
{"name":"Constraint /Biped/Rig/Movers/pose_drivers/ankleSwing_r_driver_copies_ankle_r_bind","cat":"step","ph":"X","ts":126174,"dur":4,"pid":1,"tid":29},
{"name":"Constraint /Biped/Rig/Movers/pose_drivers/ankleSwing_l_driver_copies_ankle_l_bind","cat":"step","ph":"X","ts":126153,"dur":3,"pid":1,"tid":8},
{"name":"Constraint /Biped/Rig/Movers/pose_drivers/shoulder_r_driver_copies_shoulder_r_bind","cat":"step","ph":"X","ts":126350,"dur":3,"pid":1,"tid":0},
{"name":"Constraint /Biped/Rig/Movers/pose_drivers/shoulder_l_driver_copies_shoulder_l_bind","cat":"step","ph":"X","ts":126353,"dur":3,"pid":1,"tid":0},
{"name":"Constraint /Biped/Rig/Movers/pose_drivers/wristTwist_r_driver_copies_wristTwist_r_bind","cat":"step","ph":"X","ts":126048,"dur":15,"pid":1,"tid":13},
{"name":"Constraint /Biped/Rig/Movers/pose_drivers/wristTwist_l_driver_copies_wristTwist_l_bind","cat":"step","ph":"X","ts":126016,"dur":5,"pid":1,"tid":27},
{"name":"Constraint /Biped/Rig/Movers/pose_drivers/shoulder_r_twist_driver_copies_shoulderNoTwist_r_bind","cat":"step","ph":"X","ts":126361,"dur":2,"pid":1,"tid":0},
{"name":"Constraint /Biped/Rig/Movers/pose_drivers/shoulder_l_twist_driver_copies_shoulderNoTwist_l_bind","cat":"step","ph":"X","ts":126363,"dur":3,"pid":1,"tid":0},
{"name":"Constraint /Biped/Rig/Movers/pose_drivers/wristSwing_r_driver_copies_wrist_r_bind","cat":"step","ph":"X","ts":126036,"dur":6,"pid":1,"tid":17},
{"name":"Constraint /Biped/Rig/Movers/pose_drivers/wristSwing_l_driver_copies_wrist_l_bind","cat":"step","ph":"X","ts":126021,"dur":2,"pid":1,"tid":27},
{"name":"Constraint /Biped/Rig/Movers/pose_drivers/elbow_r_driver_copies_elbow_r_bind","cat":"step","ph":"X","ts":126000,"dur":3,"pid":1,"tid":23},
{"name":"Constraint /Biped/Rig/Movers/pose_drivers/elbow_l_driver_copies_elbow_l_bind","cat":"step","ph":"X","ts":125980,"dur":5,"pid":1,"tid":22},
{"name":"Constraint /Biped/Rig/Movers/param_follow/leg_r_params_to_ankle_r_bind","cat":"step","ph":"X","ts":126113,"dur":2,"pid":1,"tid":0},
{"name":"Constraint /Biped/Rig/Movers/param_follow/leg_l_params_to_ankle_l_bind","cat":"step","ph":"X","ts":126102,"dur":3,"pid":1,"tid":13},
{"name":"Constraint /Biped/Rig/Movers/param_follow/arm_r_params_to_wrist_r_bind","cat":"step","ph":"X","ts":125985,"dur":4,"pid":1,"tid":22},
{"name":"Constraint /Biped/Rig/Movers/param_follow/arm_l_params_to_wrist_l_bind","cat":"step","ph":"X","ts":125949,"dur":2,"pid":1,"tid":0},
{"name":"ProviderMatrix /Biped/Rig/Controls/leg_l_ik/ankle_l_pivot/bankIn_l_pivot final","cat":"step","ph":"X","ts":125951,"dur":1,"pid":1,"tid":0},
{"name":"ProviderMatrix /Biped/Rig/Controls/leg_l_ik/ankle_l_pivot/bankIn_l_pivot/bankOut_l_pivot final","cat":"step","ph":"X","ts":125989,"dur":1,"pid":1,"tid":22},
{"name":"ProviderMatrix /Biped/Rig/Controls/leg_l_ik/ankle_l_pivot/bankIn_l_pivot/bankOut_l_pivot/heel_l_roll/heel_l/ball_l_pivot final","cat":"step","ph":"X","ts":126003,"dur":1,"pid":1,"tid":23},
{"name":"ProviderMatrix /Biped/Rig/Controls/leg_l_ik/ankle_l_pivot/bankIn_l_pivot/bankOut_l_pivot/heel_l_roll/heel_l/ball_l_pivot/toe_l_roll final","cat":"step","ph":"X","ts":126023,"dur":1,"pid":1,"tid":27},
{"name":"ProviderMatrix /Biped/Rig/Joints/ankle_l_pivot final","cat":"step","ph":"X","ts":125875,"dur":1,"pid":1,"tid":0},
{"name":"ProviderMatrix /Biped/Rig/Joints/ankle_l_pivot/bankIn_l_pivot/bankOut_l_pivot final","cat":"step","ph":"X","ts":125888,"dur":1,"pid":1,"tid":0},
{"name":"ProviderMatrix /Biped/Rig/Joints/ankle_l_pivot/bankIn_l_pivot/bankOut_l_pivot/heel_l_pivot/ball_l_pivot/toe_l_pivot final","cat":"step","ph":"X","ts":125899,"dur":1,"pid":1,"tid":0},
{"name":"ProviderMatrix /Biped/Rig/Joints/hips_bind final","cat":"step","ph":"X","ts":126137,"dur":1,"pid":1,"tid":2},
{"name":"ProviderMatrix /Biped/Rig/Joints/hips_bind/pelvis_l_bind/thighNoTwist_l_bind final","cat":"step","ph":"X","ts":126204,"dur":1,"pid":1,"tid":24},
{"name":"ProviderMatrix /Biped/Rig/Joints/hips_bind/pelvis_l_bind/thigh_l_bind/knee_l_bind/ankle_l_bind/ball_l_bind/toe1_001_l_bind/toe1_002_l_bind/toe1_003_l_bind/toe1_004_l_bind final","cat":"step","ph":"X","ts":126115,"dur":1,"pid":1,"tid":0},
{"name":"ProviderMatrix /Biped/Rig/Joints/hips_bind/pelvis_l_bind/thigh_l_bind/knee_l_bind/ankle_l_bind/ball_l_bind/toe4_001_l_bind final","cat":"step","ph":"X","ts":126116,"dur":1,"pid":1,"tid":0},
{"name":"ProviderMatrix /Biped/Rig/Joints/hips_bind/pelvis_l_bind/thigh_l_bind/knee_l_bind/kneeTwist_l_bind/knee_l_driver final","cat":"step","ph":"X","ts":126117,"dur":1,"pid":1,"tid":0},
{"name":"ProviderMatrix /Biped/Rig/Joints/hips_bind/pelvis_r_bind/thigh_r_bind/knee_r_bind/ankleTwist_r_driver final","cat":"step","ph":"X","ts":126205,"dur":1,"pid":1,"tid":24},
{"name":"ProviderMatrix /Biped/Rig/Joints/hips_bind/pelvis_r_bind/thigh_r_bind/knee_r_bind/ankle_r_bind/ball_r_bind/toe1_001_r_bind/toe1_002_r_bind/toe1_003_r_bind final","cat":"step","ph":"X","ts":126138,"dur":1,"pid":1,"tid":2},
{"name":"ProviderMatrix /Biped/Rig/Joints/hips_bind/pelvis_r_bind/thigh_r_bind/knee_r_bind/ankle_r_bind/ball_r_bind/toe3_001_r_bind/toe3_002_r_bind final","cat":"step","ph":"X","ts":126139,"dur":1,"pid":1,"tid":2},
{"name":"ProviderMatrix /Biped/Rig/Joints/hips_bind/pelvis_r_bind/thigh_r_bind/knee_r_bind/ankle_r_bind/ball_r_bind/toe5_001_r_bind final","cat":"step","ph":"X","ts":126140,"dur":1,"pid":1,"tid":2},
{"name":"ProviderMatrix /Biped/Rig/Joints/hips_bind/spine_0_bind final","cat":"step","ph":"X","ts":126178,"dur":1,"pid":1,"tid":29},
{"name":"ProviderMatrix /Biped/Rig/Joints/hips_bind/spine_0_bind/spine_1_bind final","cat":"step","ph":"X","ts":126220,"dur":1,"pid":1,"tid":24},
{"name":"ProviderMatrix /Biped/Rig/Joints/hips_bind/spine_0_bind/spine_1_bind/spine_2_bind/spine_3_bind/spine_4_bind final","cat":"step","ph":"X","ts":126265,"dur":1,"pid":1,"tid":24},
{"name":"ProviderMatrix /Biped/Rig/Joints/hips_bind/spine_0_bind/spine_1_bind/spine_2_bind/spine_3_bind/spine_4_bind/spine_5_bind/chest_bind/clavicle_l_bind/shoulderNoTwist_l_bind final","cat":"step","ph":"X","ts":126356,"dur":1,"pid":1,"tid":0},
{"name":"ProviderMatrix /Biped/Rig/Joints/hips_bind/spine_0_bind/spine_1_bind/spine_2_bind/spine_3_bind/spine_4_bind/spine_5_bind/chest_bind/clavicle_l_bind/shoulder_l_bind/elbow_l_bind/wrist_l_bind/index_001_l_bind/index_002_combo_l_driver final","cat":"step","ph":"X","ts":126024,"dur":1,"pid":1,"tid":27},
{"name":"ProviderMatrix /Biped/Rig/Joints/hips_bind/spine_0_bind/spine_1_bind/spine_2_bind/spine_3_bind/spine_4_bind/spine_5_bind/chest_bind/clavicle_l_bind/shoulder_l_bind/elbow_l_bind/wrist_l_bind/middle_001_l_bind/middle_002_l_bind final","cat":"step","ph":"X","ts":126025,"dur":1,"pid":1,"tid":27},
{"name":"ProviderMatrix /Biped/Rig/Joints/hips_bind/spine_0_bind/spine_1_bind/spine_2_bind/spine_3_bind/spine_4_bind/spine_5_bind/chest_bind/clavicle_l_bind/shoulder_l_bind/elbow_l_bind/wrist_l_bind/pinkyCup_l_bind final","cat":"step","ph":"X","ts":126043,"dur":1,"pid":1,"tid":17},
{"name":"ProviderMatrix /Biped/Rig/Joints/hips_bind/spine_0_bind/spine_1_bind/spine_2_bind/spine_3_bind/spine_4_bind/spine_5_bind/chest_bind/clavicle_l_bind/shoulder_l_bind/elbow_l_bind/wrist_l_bind/pinkyCup_l_bind/pinky_001_l_bind/pinky_002_l_bind/pinky_003_l_bind final","cat":"step","ph":"X","ts":126044,"dur":1,"pid":1,"tid":17},
{"name":"ProviderMatrix /Biped/Rig/Joints/hips_bind/spine_0_bind/spine_1_bind/spine_2_bind/spine_3_bind/spine_4_bind/spine_5_bind/chest_bind/clavicle_l_bind/shoulder_l_bind/elbow_l_bind/wrist_l_bind/ring_001_l_bind/ring_002_l_bind/ring_003_l_bind/ring_004_l_bind final","cat":"step","ph":"X","ts":126026,"dur":1,"pid":1,"tid":27},
{"name":"ProviderMatrix /Biped/Rig/Joints/hips_bind/spine_0_bind/spine_1_bind/spine_2_bind/spine_3_bind/spine_4_bind/spine_5_bind/chest_bind/clavicle_r_bind final","cat":"step","ph":"X","ts":126323,"dur":1,"pid":1,"tid":24},
{"name":"ProviderMatrix /Biped/Rig/Joints/hips_bind/spine_0_bind/spine_1_bind/spine_2_bind/spine_3_bind/spine_4_bind/spine_5_bind/chest_bind/clavicle_r_bind/shoulder_r_bind/elbow_r_bind final","cat":"step","ph":"X","ts":125990,"dur":1,"pid":1,"tid":22},
{"name":"ProviderMatrix /Biped/Rig/Joints/hips_bind/spine_0_bind/spine_1_bind/spine_2_bind/spine_3_bind/spine_4_bind/spine_5_bind/chest_bind/clavicle_r_bind/shoulder_r_bind/elbow_r_bind/elbowTwist_r_bind/elbow_r_driver final","cat":"step","ph":"X","ts":126027,"dur":1,"pid":1,"tid":27},
{"name":"ProviderMatrix /Biped/Rig/Joints/hips_bind/spine_0_bind/spine_1_bind/spine_2_bind/spine_3_bind/spine_4_bind/spine_5_bind/chest_bind/clavicle_r_bind/shoulder_r_bind/elbow_r_bind/wrist_r_bind/index_001_r_bind/index_002_combo_r_driver final","cat":"step","ph":"X","ts":126045,"dur":1,"pid":1,"tid":17},
{"name":"ProviderMatrix /Biped/Rig/Joints/hips_bind/spine_0_bind/spine_1_bind/spine_2_bind/spine_3_bind/spine_4_bind/spine_5_bind/chest_bind/clavicle_r_bind/shoulder_r_bind/elbow_r_bind/wrist_r_bind/index_001_r_bind/index_002_r_bind/index_003_r_bind/index_004_r_bind/index_005_r_bind final","cat":"step","ph":"X","ts":126046,"dur":1,"pid":1,"tid":17},
{"name":"ProviderMatrix /Biped/Rig/Joints/hips_bind/spine_0_bind/spine_1_bind/spine_2_bind/spine_3_bind/spine_4_bind/spine_5_bind/chest_bind/clavicle_r_bind/shoulder_r_bind/elbow_r_bind/wrist_r_bind/middle_001_r_bind/middle_002_r_bind/middle_003_r_bind/middle_004_r_bind final","cat":"step","ph":"X","ts":126047,"dur":1,"pid":1,"tid":17},
{"name":"ProviderMatrix /Biped/Rig/Joints/hips_bind/spine_0_bind/spine_1_bind/spine_2_bind/spine_3_bind/spine_4_bind/spine_5_bind/chest_bind/neck_base_bind/neck_0_bind final","cat":"step","ph":"X","ts":126340,"dur":1,"pid":1,"tid":24},
{"name":"ProviderMatrix /Biped/Rig/Joints/hips_bind/spine_0_bind/spine_1_bind/spine_2_bind/spine_3_bind/spine_4_bind/spine_5_bind/chest_bind/neck_base_bind/neck_0_bind/neck_1_bind/neck_2_bind/neck_3_bind/skull_bind/face_lower_bind/face_mid_bind/nose_bridge_bind final","cat":"step","ph":"X","ts":126387,"dur":1,"pid":1,"tid":0},
{"name":"ProviderMatrix /Biped/Rig/Joints/hips_bind/spine_0_bind/spine_1_bind/spine_2_bind/spine_3_bind/spine_4_bind/spine_5_bind/chest_bind/neck_base_bind/neck_0_bind/neck_1_bind/neck_2_bind/neck_3_bind/skull_bind/face_upper_bind/eyeSocket_r_bind/eye_r_bind final","cat":"step","ph":"X","ts":126389,"dur":1,"pid":1,"tid":0},
{"name":"ProviderMatrix /Biped/Rig/Joints/spine_ik_spine_0_bind/spine_ik_spine_1_bind/spine_ik_spine_2_bind/spine_ik_spine_3_bind/spine_ik_spine_4_bind/spine_ik_spine_5_bind/spine_ik_chest_bind final","cat":"step","ph":"X","ts":125937,"dur":1,"pid":1,"tid":15},
{"name":"InfluenceFold /Biped/Rig/Movers/skin_body_geo/body_geo_skin","cat":"step","ph":"X","ts":126391,"dur":29,"pid":1,"tid":0},
{"name":"RevisionChunk /Biped/Rig/Movers/skin_body_geo/body_geo_skin","cat":"step","ph":"X","ts":126420,"dur":226,"pid":1,"tid":0},
{"name":"RevisionFuse /Biped/Rig/Movers/skin_body_geo/body_geo_skin","cat":"step","ph":"X","ts":126646,"dur":1,"pid":1,"tid":0},
{"name":"ChainStatus /Biped/Geom/body_geo.points","cat":"step","ph":"X","ts":126647,"dur":13,"pid":1,"tid":0},
{"name":"Derived /Biped/Geom/body_geo.extent","cat":"step","ph":"X","ts":126660,"dur":289,"pid":1,"tid":0},
{"name":"cluster 0","cat":"cluster","ph":"X","ts":125861,"dur":8,"pid":1,"tid":0,"args":{"level":"1","steps":"21","waitUs":"2"}},
{"name":"cluster 1","cat":"cluster","ph":"X","ts":125869,"dur":7,"pid":1,"tid":0,"args":{"level":"2","steps":"30","waitUs":"0"}},
{"name":"cluster 2","cat":"cluster","ph":"X","ts":125889,"dur":6,"pid":1,"tid":0,"args":{"level":"3","steps":"20","waitUs":"13"}},
{"name":"cluster 3","cat":"cluster","ph":"X","ts":125901,"dur":19,"pid":1,"tid":15,"args":{"level":"4","steps":"17","waitUs":"6"}},
{"name":"cluster 4","cat":"cluster","ph":"X","ts":125922,"dur":6,"pid":1,"tid":0,"args":{"level":"5","steps":"17","waitUs":"2"}},
{"name":"cluster 5","cat":"cluster","ph":"X","ts":125929,"dur":7,"pid":1,"tid":0,"args":{"level":"6","steps":"23","waitUs":"1"}},
{"name":"cluster 6","cat":"cluster","ph":"X","ts":125936,"dur":4,"pid":1,"tid":0,"args":{"level":"7","steps":"15","waitUs":"0"}},
{"name":"cluster 7","cat":"cluster","ph":"X","ts":125947,"dur":10,"pid":1,"tid":6,"args":{"level":"8","steps":"13","waitUs":"6"}},
{"name":"cluster 8","cat":"cluster","ph":"X","ts":125882,"dur":7,"pid":1,"tid":0,"args":{"level":"3","steps":"15","waitUs":"6"}},
{"name":"cluster 9","cat":"cluster","ph":"X","ts":125959,"dur":14,"pid":1,"tid":22,"args":{"level":"9","steps":"15","waitUs":"2"}},
{"name":"cluster 10","cat":"cluster","ph":"X","ts":125975,"dur":8,"pid":1,"tid":5,"args":{"level":"10","steps":"17","waitUs":"2"}},
{"name":"cluster 11","cat":"cluster","ph":"X","ts":126000,"dur":15,"pid":1,"tid":27,"args":{"level":"11","steps":"16","waitUs":"1"}},
{"name":"cluster 12","cat":"cluster","ph":"X","ts":125938,"dur":2,"pid":1,"tid":15,"args":{"level":"7","steps":"6","waitUs":"0"}},
{"name":"cluster 13","cat":"cluster","ph":"X","ts":126018,"dur":17,"pid":1,"tid":17,"args":{"level":"12","steps":"12","waitUs":"3"}},
{"name":"cluster 14","cat":"cluster","ph":"X","ts":126038,"dur":25,"pid":1,"tid":13,"args":{"level":"13","steps":"6","waitUs":"2"}},
{"name":"cluster 16","cat":"cluster","ph":"X","ts":125930,"dur":8,"pid":1,"tid":15,"args":{"level":"6","steps":"12","waitUs":"0"}},
{"name":"cluster 17","cat":"cluster","ph":"X","ts":125921,"dur":8,"pid":1,"tid":15,"args":{"level":"5","steps":"8","waitUs":"1"}},
{"name":"cluster 18","cat":"cluster","ph":"X","ts":126063,"dur":8,"pid":1,"tid":13,"args":{"level":"14","steps":"15","waitUs":"0"}},
{"name":"cluster 19","cat":"cluster","ph":"X","ts":125941,"dur":3,"pid":1,"tid":0,"args":{"level":"8","steps":"2","waitUs":"0"}},
{"name":"cluster 20","cat":"cluster","ph":"X","ts":125896,"dur":4,"pid":1,"tid":0,"args":{"level":"4","steps":"6","waitUs":"1"}},
{"name":"cluster 21","cat":"cluster","ph":"X","ts":125979,"dur":26,"pid":1,"tid":28,"args":{"level":"10","steps":"3","waitUs":"5"}},
{"name":"cluster 22","cat":"cluster","ph":"X","ts":125976,"dur":8,"pid":1,"tid":0,"args":{"level":"10","steps":"3","waitUs":"2"}},
{"name":"cluster 23","cat":"cluster","ph":"X","ts":125951,"dur":5,"pid":1,"tid":5,"args":{"level":"9","steps":"3","waitUs":"7"}},
{"name":"cluster 24","cat":"cluster","ph":"X","ts":125980,"dur":19,"pid":1,"tid":23,"args":{"level":"10","steps":"4","waitUs":"6"}},
{"name":"cluster 25","cat":"cluster","ph":"X","ts":125951,"dur":12,"pid":1,"tid":14,"args":{"level":"9","steps":"3","waitUs":"7"}},
{"name":"cluster 26","cat":"cluster","ph":"X","ts":125957,"dur":16,"pid":1,"tid":6,"args":{"level":"9","steps":"4","waitUs":"0"}},
{"name":"cluster 27","cat":"cluster","ph":"X","ts":126071,"dur":3,"pid":1,"tid":13,"args":{"level":"15","steps":"10","waitUs":"0"}},
{"name":"cluster 28","cat":"cluster","ph":"X","ts":126074,"dur":7,"pid":1,"tid":13,"args":{"level":"16","steps":"4","waitUs":"0"}},
{"name":"cluster 29","cat":"cluster","ph":"X","ts":126081,"dur":11,"pid":1,"tid":13,"args":{"level":"17","steps":"6","waitUs":"0"}},
{"name":"cluster 30","cat":"cluster","ph":"X","ts":126095,"dur":15,"pid":1,"tid":0,"args":{"level":"18","steps":"5","waitUs":"3"}},
{"name":"cluster 31","cat":"cluster","ph":"X","ts":126118,"dur":15,"pid":1,"tid":2,"args":{"level":"19","steps":"5","waitUs":"8"}},
{"name":"cluster 32","cat":"cluster","ph":"X","ts":125978,"dur":15,"pid":1,"tid":16,"args":{"level":"10","steps":"3","waitUs":"4"}},
{"name":"cluster 33","cat":"cluster","ph":"X","ts":125993,"dur":6,"pid":1,"tid":16,"args":{"level":"11","steps":"2","waitUs":"0"}},
{"name":"cluster 34","cat":"cluster","ph":"X","ts":126136,"dur":13,"pid":1,"tid":8,"args":{"level":"20","steps":"4","waitUs":"3"}},
{"name":"cluster 35","cat":"cluster","ph":"X","ts":126151,"dur":14,"pid":1,"tid":29,"args":{"level":"21","steps":"3","waitUs":"2"}},
{"name":"cluster 36","cat":"cluster","ph":"X","ts":126167,"dur":20,"pid":1,"tid":24,"args":{"level":"22","steps":"4","waitUs":"2"}},
{"name":"cluster 37","cat":"cluster","ph":"X","ts":126188,"dur":18,"pid":1,"tid":24,"args":{"level":"23","steps":"9","waitUs":"0"}},
{"name":"cluster 38","cat":"cluster","ph":"X","ts":126206,"dur":15,"pid":1,"tid":24,"args":{"level":"24","steps":"6","waitUs":"0"}},
{"name":"cluster 39","cat":"cluster","ph":"X","ts":126221,"dur":8,"pid":1,"tid":24,"args":{"level":"25","steps":"3","waitUs":"0"}},
{"name":"cluster 40","cat":"cluster","ph":"X","ts":126230,"dur":6,"pid":1,"tid":24,"args":{"level":"26","steps":"2","waitUs":"1"}},
{"name":"cluster 41","cat":"cluster","ph":"X","ts":126236,"dur":8,"pid":1,"tid":24,"args":{"level":"27","steps":"1","waitUs":"0"}},
{"name":"cluster 42","cat":"cluster","ph":"X","ts":126245,"dur":6,"pid":1,"tid":24,"args":{"level":"28","steps":"2","waitUs":"0"}},
{"name":"cluster 43","cat":"cluster","ph":"X","ts":126251,"dur":8,"pid":1,"tid":24,"args":{"level":"29","steps":"1","waitUs":"0"}},
{"name":"cluster 44","cat":"cluster","ph":"X","ts":126259,"dur":7,"pid":1,"tid":24,"args":{"level":"30","steps":"2","waitUs":"0"}},
{"name":"cluster 45","cat":"cluster","ph":"X","ts":126266,"dur":7,"pid":1,"tid":24,"args":{"level":"31","steps":"1","waitUs":"0"}},
{"name":"cluster 46","cat":"cluster","ph":"X","ts":126273,"dur":7,"pid":1,"tid":24,"args":{"level":"32","steps":"2","waitUs":"0"}},
{"name":"cluster 47","cat":"cluster","ph":"X","ts":126280,"dur":8,"pid":1,"tid":24,"args":{"level":"33","steps":"1","waitUs":"0"}},
{"name":"cluster 48","cat":"cluster","ph":"X","ts":126288,"dur":8,"pid":1,"tid":24,"args":{"level":"34","steps":"1","waitUs":"0"}},
{"name":"cluster 49","cat":"cluster","ph":"X","ts":126296,"dur":8,"pid":1,"tid":24,"args":{"level":"35","steps":"4","waitUs":"0"}},
{"name":"cluster 50","cat":"cluster","ph":"X","ts":126304,"dur":10,"pid":1,"tid":24,"args":{"level":"36","steps":"4","waitUs":"0"}},
{"name":"cluster 51","cat":"cluster","ph":"X","ts":126325,"dur":8,"pid":1,"tid":24,"args":{"level":"37","steps":"3","waitUs":"11"}},
{"name":"cluster 52","cat":"cluster","ph":"X","ts":126336,"dur":9,"pid":1,"tid":0,"args":{"level":"38","steps":"3","waitUs":"3"}},
{"name":"cluster 53","cat":"cluster","ph":"X","ts":126345,"dur":12,"pid":1,"tid":0,"args":{"level":"39","steps":"7","waitUs":"0"}},
{"name":"cluster 54","cat":"cluster","ph":"X","ts":126357,"dur":9,"pid":1,"tid":0,"args":{"level":"40","steps":"6","waitUs":"0"}},
{"name":"cluster 55","cat":"cluster","ph":"X","ts":126367,"dur":4,"pid":1,"tid":0,"args":{"level":"41","steps":"3","waitUs":"1"}},
{"name":"cluster 56","cat":"cluster","ph":"X","ts":126371,"dur":4,"pid":1,"tid":0,"args":{"level":"42","steps":"2","waitUs":"0"}},
{"name":"cluster 57","cat":"cluster","ph":"X","ts":126375,"dur":4,"pid":1,"tid":0,"args":{"level":"43","steps":"1","waitUs":"0"}},
{"name":"cluster 58","cat":"cluster","ph":"X","ts":126379,"dur":3,"pid":1,"tid":0,"args":{"level":"44","steps":"2","waitUs":"0"}},
{"name":"cluster 59","cat":"cluster","ph":"X","ts":126382,"dur":8,"pid":1,"tid":0,"args":{"level":"46","steps":"28","waitUs":"0"}},
{"name":"cluster 60","cat":"cluster","ph":"X","ts":125944,"dur":8,"pid":1,"tid":0,"args":{"level":"9","steps":"7","waitUs":"0"}},
{"name":"cluster 61","cat":"cluster","ph":"X","ts":126134,"dur":7,"pid":1,"tid":2,"args":{"level":"20","steps":"27","waitUs":"1"}},
{"name":"cluster 62","cat":"cluster","ph":"X","ts":125999,"dur":5,"pid":1,"tid":23,"args":{"level":"11","steps":"7","waitUs":"0"}},
{"name":"cluster 63","cat":"cluster","ph":"X","ts":126152,"dur":6,"pid":1,"tid":5,"args":{"level":"21","steps":"3","waitUs":"3"}},
{"name":"cluster 64","cat":"cluster","ph":"X","ts":126320,"dur":4,"pid":1,"tid":24,"args":{"level":"37","steps":"8","waitUs":"6"}},
{"name":"cluster 65","cat":"cluster","ph":"X","ts":126098,"dur":7,"pid":1,"tid":13,"args":{"level":"18","steps":"7","waitUs":"5"}},
{"name":"cluster 66","cat":"cluster","ph":"X","ts":126165,"dur":14,"pid":1,"tid":29,"args":{"level":"22","steps":"7","waitUs":"0"}},
{"name":"cluster 67","cat":"cluster","ph":"X","ts":125975,"dur":16,"pid":1,"tid":22,"args":{"level":"10","steps":"9","waitUs":"1"}},
{"name":"cluster 68","cat":"cluster","ph":"X","ts":126333,"dur":8,"pid":1,"tid":24,"args":{"level":"38","steps":"3","waitUs":"0"}},
{"name":"cluster 69","cat":"cluster","ph":"X","ts":126150,"dur":8,"pid":1,"tid":8,"args":{"level":"21","steps":"10","waitUs":"0"}},
{"name":"cluster 70","cat":"cluster","ph":"X","ts":126110,"dur":8,"pid":1,"tid":0,"args":{"level":"19","steps":"27","waitUs":"0"}},
{"name":"cluster 71","cat":"cluster","ph":"X","ts":126016,"dur":12,"pid":1,"tid":27,"args":{"level":"12","steps":"30","waitUs":"0"}},
{"name":"cluster 72","cat":"cluster","ph":"X","ts":126036,"dur":14,"pid":1,"tid":17,"args":{"level":"13","steps":"36","waitUs":"0"}},
{"name":"cluster 73","cat":"cluster","ph":"X","ts":126391,"dur":29,"pid":1,"tid":0,"args":{"level":"47","steps":"1","waitUs":"0"}},
{"name":"cluster 74","cat":"cluster","ph":"X","ts":126420,"dur":226,"pid":1,"tid":0,"args":{"level":"48","steps":"1","waitUs":"0"}},
{"name":"cluster 75","cat":"cluster","ph":"X","ts":126646,"dur":303,"pid":1,"tid":0,"args":{"level":"51","steps":"3","waitUs":"0"}},
{"name":"BakedPublish","cat":"baked","ph":"X","ts":127040,"dur":58,"pid":1,"tid":0},
{"name":"BakedEpilogue","cat":"baked","ph":"X","ts":126954,"dur":150,"pid":1,"tid":0},
{"name":"Baked","cat":"baked","ph":"X","ts":125714,"dur":1390,"pid":1,"tid":0},
{"name":"Evaluate.Run","cat":"evaluate","ph":"X","ts":125713,"dur":1391,"pid":1,"tid":0},
{"name":"Evaluate@3","cat":"evaluate","ph":"X","ts":125708,"dur":1399,"pid":1,"tid":0},
{"name":"Evaluate.Settle","cat":"evaluate","ph":"X","ts":127227,"dur":0,"pid":1,"tid":0},
{"name":"Evaluate.PlaceOverrides","cat":"evaluate","ph":"X","ts":127228,"dur":0,"pid":1,"tid":0},
{"name":"PropertyChains","cat":"property","ph":"X","ts":127230,"dur":6,"pid":1,"tid":0},
{"name":"BakedInputs","cat":"baked","ph":"X","ts":127236,"dur":7,"pid":1,"tid":0},
{"name":"BakedChainBase","cat":"geometry","ph":"X","ts":127343,"dur":2,"pid":1,"tid":0},
{"name":"BakedPrologue","cat":"baked","ph":"X","ts":127229,"dur":117,"pid":1,"tid":0},
{"name":"BakedRegion","cat":"baked","ph":"X","ts":127346,"dur":3963,"pid":1,"tid":0},
{"name":"ComposeSubtree /Biped/Rig/Controls/arm_l_ik","cat":"step","ph":"X","ts":127378,"dur":1,"pid":1,"tid":0},
{"name":"ComposeSubtree /Biped/Rig/Controls/arm_r_params","cat":"step","ph":"X","ts":127379,"dur":1,"pid":1,"tid":0},
{"name":"ComposeSubtree /Biped/Rig/Controls/hips_ctl/spine_root_pivot/spine_root_ctl","cat":"step","ph":"X","ts":127386,"dur":1,"pid":1,"tid":0},
{"name":"ComposeSubtree /Biped/Rig/Controls/hips_ctl/spine_root_pivot/spine_root_ctl/pelvis_l_ctl/leg_l_root","cat":"step","ph":"X","ts":127405,"dur":1,"pid":1,"tid":0},
{"name":"ComposeSubtree /Biped/Rig/Controls/hips_ctl/spine_root_pivot/spine_root_ctl/pelvis_l_ctl/leg_l_root/leg_l_fk_thigh_l_bind/leg_l_fk_knee_l_bind","cat":"step","ph":"X","ts":127413,"dur":1,"pid":1,"tid":11},
{"name":"ComposeSubtree /Biped/Rig/Controls/hips_ctl/spine_root_pivot/spine_root_ctl/pelvis_r_ctl/leg_r_root/leg_r_fk_thigh_r_bind/leg_r_fk_knee_r_bind","cat":"step","ph":"X","ts":127432,"dur":2,"pid":1,"tid":31},
{"name":"ComposeSubtree /Biped/Rig/Controls/hips_ctl/torso_ctl/spine_end_pivot/spine_end_ctl/clavicle_r_ctl","cat":"step","ph":"X","ts":127414,"dur":1,"pid":1,"tid":11},
{"name":"ComposeSubtree /Biped/Rig/Controls/hips_ctl/torso_ctl/spine_end_pivot/spine_end_ctl/clavicle_r_ctl/arm_r_root/arm_r_fk_shoulder_r_bind","cat":"step","ph":"X","ts":127434,"dur":1,"pid":1,"tid":31},
{"name":"ComposeSubtree /Biped/Rig/Controls/hips_ctl/torso_ctl/spine_end_pivot/spine_end_ctl/clavicle_r_ctl/arm_r_root/arm_r_fk_shoulder_r_bind/arm_r_fk_elbow_r_bind","cat":"step","ph":"X","ts":127446,"dur":2,"pid":1,"tid":2},
{"name":"ComposeSubtree /Biped/Rig/Controls/index_001_l_bind_fk_follow","cat":"step","ph":"X","ts":127380,"dur":1,"pid":1,"tid":0},
{"name":"ComposeSubtree /Biped/Rig/Controls/index_001_l_bind_fk_follow/index_001_l_bind_fk/index_002_l_bind_fk/index_003_l_bind_fk","cat":"step","ph":"X","ts":127406,"dur":1,"pid":1,"tid":0},
{"name":"ComposeSubtree /Biped/Rig/Controls/leg_l_ik/ankle_l_pivot/bankIn_l_pivot","cat":"step","ph":"X","ts":127387,"dur":1,"pid":1,"tid":0},
{"name":"ComposeSubtree /Biped/Rig/Controls/leg_l_ik/ankle_l_pivot/bankIn_l_pivot/bankOut_l_pivot/heel_l_roll/heel_l/ball_l_pivot","cat":"step","ph":"X","ts":127415,"dur":1,"pid":1,"tid":11},
{"name":"ComposeSubtree /Biped/Rig/Controls/leg_l_ik/ankle_l_pivot/bankIn_l_pivot/bankOut_l_pivot/heel_l_roll/heel_l/ball_l_pivot/toe_l_roll/toe_l","cat":"step","ph":"X","ts":127435,"dur":1,"pid":1,"tid":31},
{"name":"ComposeSubtree /Biped/Rig/Controls/leg_l_ik/ankle_l_pivot/bankIn_l_pivot/bankOut_l_pivot/heel_l_roll/heel_l/ball_l_pivot/toe_l_roll/toe_l/ballRoll_l_up/ballRoll_l_down","cat":"step","ph":"X","ts":127448,"dur":1,"pid":1,"tid":2},
{"name":"ComposeSubtree /Biped/Rig/Controls/leg_l_ik/ankle_l_pivot/bankIn_l_pivot/bankOut_l_pivot/heel_l_roll/heel_l/ball_l_pivot/toe_l_roll/toe_l/ballRoll_l_up/ballRoll_l_down_twin","cat":"step","ph":"X","ts":127449,"dur":1,"pid":1,"tid":2},
{"name":"ComposeSubtree /Biped/Rig/Controls/leg_l_ik/ankle_l_pivot/bankIn_l_pivot/bankOut_l_pivot/heel_l_roll/heel_l/ball_l_pivot/toe_l_roll_twin","cat":"step","ph":"X","ts":127436,"dur":1,"pid":1,"tid":31},
{"name":"ComposeSubtree /Biped/Rig/Controls/leg_l_ik/ankle_l_pivot/bankIn_l_pivot/bankOut_l_pivot_twin","cat":"step","ph":"X","ts":127407,"dur":1,"pid":1,"tid":0},
{"name":"ComposeSubtree /Biped/Rig/Controls/leg_l_pv","cat":"step","ph":"X","ts":127381,"dur":1,"pid":1,"tid":0},
{"name":"ComposeSubtree /Biped/Rig/Controls/leg_r_ik/ankle_r_pivot/bankIn_r_pivot/bankOut_r_pivot/heel_r_roll/heel_r/ball_r_pivot/toe_r_roll","cat":"step","ph":"X","ts":127437,"dur":1,"pid":1,"tid":31},
{"name":"ComposeSubtree /Biped/Rig/Controls/leg_r_ik/ankle_r_pivot/bankIn_r_pivot/bankOut_r_pivot/heel_r_roll/heel_r/ball_r_pivot/toe_r_roll/toe_r/ballRoll_r_up/ballRoll_r_down/ballRoll_r","cat":"step","ph":"X","ts":127461,"dur":1,"pid":1,"tid":2},
{"name":"ComposeSubtree /Biped/Rig/Controls/leg_r_ik/ankle_r_pivot/bankIn_r_pivot/bankOut_r_pivot/heel_r_roll/heel_r/ball_r_pivot/toe_r_roll/toe_r/ballRoll_r_up/ballRoll_r_down/ballRoll_r/ball_r_ikTarget","cat":"step","ph":"X","ts":127470,"dur":2,"pid":1,"tid":22},
{"name":"ComposeSubtree /Biped/Rig/Controls/leg_r_ik/ankle_r_pivot/bankIn_r_pivot/bankOut_r_pivot/heel_r_roll/heel_r/ball_r_pivot/toe_r_roll/toe_r/ballRoll_r_up_twin","cat":"step","ph":"X","ts":127450,"dur":1,"pid":1,"tid":2},
{"name":"ComposeSubtree /Biped/Rig/Controls/leg_r_ik/ankle_r_pivot/bankIn_r_pivot/bankOut_r_pivot/heel_r_roll/heel_r/ball_r_pivot/toe_r_roll_twin","cat":"step","ph":"X","ts":127438,"dur":1,"pid":1,"tid":31},
{"name":"ComposeSubtree /Biped/Rig/Controls/leg_r_ik/ankle_r_pivot/bank_r","cat":"step","ph":"X","ts":127408,"dur":1,"pid":1,"tid":0},
{"name":"ComposeSubtree /Biped/Rig/Controls/middle_001_l_bind_fk_follow/middle_001_l_bind_fk","cat":"step","ph":"X","ts":127388,"dur":1,"pid":1,"tid":0},
{"name":"ComposeSubtree /Biped/Rig/Controls/pinkyCup_l_bind_fk_follow/pinkyCup_l_bind_fk/pinky_001_l_bind_fk/pinky_002_l_bind_fk/pinky_003_l_bind_fk","cat":"step","ph":"X","ts":127409,"dur":1,"pid":1,"tid":0},
{"name":"ComposeSubtree /Biped/Rig/Controls/ring_001_r_bind_fk_follow","cat":"step","ph":"X","ts":127383,"dur":1,"pid":1,"tid":0},
{"name":"ComposeSubtree /Biped/Rig/Controls/ring_001_r_bind_fk_follow/ring_001_r_bind_fk/ring_002_r_bind_fk","cat":"step","ph":"X","ts":127389,"dur":1,"pid":1,"tid":0},
{"name":"ComposeSubtree /Biped/Rig/Controls/thumbCup_l_bind_fk_follow/thumbCup_l_bind_fk/thumb_001_l_bind_fk/thumb_002_l_bind_fk","cat":"step","ph":"X","ts":127410,"dur":1,"pid":1,"tid":0},
{"name":"ComposeSubtree /Biped/Rig/Controls/thumbCup_r_bind_fk_follow","cat":"step","ph":"X","ts":127384,"dur":1,"pid":1,"tid":0},
{"name":"ComposeSubtree /Biped/Rig/Joints/ankle_l_pivot/bankIn_l_pivot/bankOut_l_pivot/heel_l_pivot/ball_l_pivot/toe_l_pivot/ballRoll_l_pivot","cat":"step","ph":"X","ts":127416,"dur":1,"pid":1,"tid":11},
{"name":"ComposeSubtree /Biped/Rig/Joints/ankle_r_pivot/bankIn_r_pivot/bankOut_r_pivot/heel_r_pivot/ball_r_pivot","cat":"step","ph":"X","ts":127411,"dur":1,"pid":1,"tid":0},
{"name":"ComposeSubtree /Biped/Rig/Joints/hips_bind","cat":"step","ph":"X","ts":127385,"dur":1,"pid":1,"tid":0},
{"name":"ComposeSubtree /Biped/Rig/Joints/hips_bind/pelvis_l_bind/pelvis_trans_combo_l_driver","cat":"step","ph":"X","ts":127390,"dur":1,"pid":1,"tid":0},
{"name":"ComposeSubtree /Biped/Rig/Joints/hips_bind/pelvis_l_bind/pelvis_trans_l_bind/thigh_l_driver","cat":"step","ph":"X","ts":127398,"dur":1,"pid":1,"tid":0},
{"name":"ComposeSubtree /Biped/Rig/Joints/hips_bind/pelvis_l_bind/thigh_l_bind/knee_l_bind/ankle_l_bind/ball_l_bind/toe1_001_l_bind/toe1_002_l_bind/toe1_003_l_bind","cat":"step","ph":"X","ts":127451,"dur":1,"pid":1,"tid":2},
{"name":"ComposeSubtree /Biped/Rig/Joints/hips_bind/pelvis_l_bind/thigh_l_bind/knee_l_bind/ankle_l_bind/ball_l_bind/toe2_001_l_bind","cat":"step","ph":"X","ts":127439,"dur":1,"pid":1,"tid":31},
{"name":"ComposeSubtree /Biped/Rig/Joints/hips_bind/pelvis_l_bind/thigh_l_bind/knee_l_bind/ankle_l_bind/ball_l_bind/toe3_001_l_bind/toe3_002_l_bind/toe3_003_l_bind","cat":"step","ph":"X","ts":127452,"dur":1,"pid":1,"tid":2},
{"name":"ComposeSubtree /Biped/Rig/Joints/hips_bind/pelvis_l_bind/thigh_l_bind/knee_l_bind/ankle_l_bind/ball_l_bind/toe4_001_l_bind","cat":"step","ph":"X","ts":127440,"dur":1,"pid":1,"tid":31},
{"name":"ComposeSubtree /Biped/Rig/Joints/hips_bind/pelvis_l_bind/thigh_l_bind/knee_l_bind/kneeTwist_l_bind","cat":"step","ph":"X","ts":127399,"dur":1,"pid":1,"tid":0},
{"name":"ComposeSubtree /Biped/Rig/Joints/hips_bind/pelvis_r_bind","cat":"step","ph":"X","ts":127391,"dur":1,"pid":1,"tid":0},
{"name":"ComposeSubtree /Biped/Rig/Joints/hips_bind/pelvis_r_bind/thigh_r_bind/knee_r_bind/ankleTwist_r_driver","cat":"step","ph":"X","ts":127418,"dur":1,"pid":1,"tid":11},
{"name":"ComposeSubtree /Biped/Rig/Joints/hips_bind/pelvis_r_bind/thigh_r_bind/knee_r_bind/ankle_r_bind/ball_r_bind","cat":"step","ph":"X","ts":127442,"dur":1,"pid":1,"tid":31},
{"name":"ComposeSubtree /Biped/Rig/Joints/hips_bind/pelvis_r_bind/thigh_r_bind/knee_r_bind/ankle_r_bind/ball_r_bind/toe1_001_r_bind/toe1_002_r_bind","cat":"step","ph":"X","ts":127453,"dur":1,"pid":1,"tid":2},
{"name":"ComposeSubtree /Biped/Rig/Joints/hips_bind/pelvis_r_bind/thigh_r_bind/knee_r_bind/ankle_r_bind/ball_r_bind/toe1_001_r_bind/toe1_002_r_bind/toe1_003_r_bind","cat":"step","ph":"X","ts":127462,"dur":1,"pid":1,"tid":2},
{"name":"ComposeSubtree /Biped/Rig/Joints/hips_bind/pelvis_r_bind/thigh_r_bind/knee_r_bind/ankle_r_bind/ball_r_bind/toe3_001_r_bind","cat":"step","ph":"X","ts":127454,"dur":1,"pid":1,"tid":2},
{"name":"ComposeSubtree /Biped/Rig/Joints/hips_bind/pelvis_r_bind/thigh_r_bind/knee_r_bind/ankle_r_bind/ball_r_bind/toe4_001_r_bind/toe4_002_r_bind/toe4_003_r_bind","cat":"step","ph":"X","ts":127463,"dur":1,"pid":1,"tid":2},
{"name":"ComposeSubtree /Biped/Rig/Joints/hips_bind/pelvis_r_bind/thigh_r_bind/knee_r_bind/ankle_r_bind/ball_r_bind/toe_r_bind","cat":"step","ph":"X","ts":127455,"dur":1,"pid":1,"tid":2},
{"name":"ComposeSubtree /Biped/Rig/Joints/hips_bind/spine_0_bind/spine_1_bind/spine_2_bind","cat":"step","ph":"X","ts":127400,"dur":1,"pid":1,"tid":0},
{"name":"ComposeSubtree /Biped/Rig/Joints/hips_bind/spine_0_bind/spine_1_bind/spine_2_bind/spine_3_bind/spine_4_bind/spine_5_bind/chest_bind/clavicle_l_bind/shoulderNoTwist_l_bind","cat":"step","ph":"X","ts":127456,"dur":1,"pid":1,"tid":2},
{"name":"ComposeSubtree /Biped/Rig/Joints/hips_bind/spine_0_bind/spine_1_bind/spine_2_bind/spine_3_bind/spine_4_bind/spine_5_bind/chest_bind/clavicle_l_bind/shoulder_l_bind/elbow_l_bind/elbowTwist_l_bind","cat":"step","ph":"X","ts":127464,"dur":1,"pid":1,"tid":2},
{"name":"ComposeSubtree /Biped/Rig/Joints/hips_bind/spine_0_bind/spine_1_bind/spine_2_bind/spine_3_bind/spine_4_bind/spine_5_bind/chest_bind/clavicle_l_bind/shoulder_l_bind/elbow_l_bind/wristTwist_l_driver","cat":"step","ph":"X","ts":127465,"dur":1,"pid":1,"tid":2},
{"name":"ComposeSubtree /Biped/Rig/Joints/hips_bind/spine_0_bind/spine_1_bind/spine_2_bind/spine_3_bind/spine_4_bind/spine_5_bind/chest_bind/clavicle_l_bind/shoulder_l_bind/elbow_l_bind/wrist_l_bind/index_001_l_bind","cat":"step","ph":"X","ts":127472,"dur":1,"pid":1,"tid":22},
{"name":"ComposeSubtree /Biped/Rig/Joints/hips_bind/spine_0_bind/spine_1_bind/spine_2_bind/spine_3_bind/spine_4_bind/spine_5_bind/chest_bind/clavicle_l_bind/shoulder_l_bind/elbow_l_bind/wrist_l_bind/index_001_l_bind/index_002_l_bind","cat":"step","ph":"X","ts":127484,"dur":1,"pid":1,"tid":21},
{"name":"ComposeSubtree /Biped/Rig/Joints/hips_bind/spine_0_bind/spine_1_bind/spine_2_bind/spine_3_bind/spine_4_bind/spine_5_bind/chest_bind/clavicle_l_bind/shoulder_l_bind/elbow_l_bind/wrist_l_bind/index_001_l_bind/index_002_l_bind/index_003_l_bind/index_004_l_bind","cat":"step","ph":"X","ts":127502,"dur":1,"pid":1,"tid":11},
{"name":"ComposeSubtree /Biped/Rig/Joints/hips_bind/spine_0_bind/spine_1_bind/spine_2_bind/spine_3_bind/spine_4_bind/spine_5_bind/chest_bind/clavicle_l_bind/shoulder_l_bind/elbow_l_bind/wrist_l_bind/middle_001_l_bind/middle_002_l_bind","cat":"step","ph":"X","ts":127485,"dur":1,"pid":1,"tid":21},
{"name":"ComposeSubtree /Biped/Rig/Joints/hips_bind/spine_0_bind/spine_1_bind/spine_2_bind/spine_3_bind/spine_4_bind/spine_5_bind/chest_bind/clavicle_l_bind/shoulder_l_bind/elbow_l_bind/wrist_l_bind/pinkyCup_l_bind/pinky_001_l_bind/pinky_002_combo_l_driver","cat":"step","ph":"X","ts":127486,"dur":1,"pid":1,"tid":21},
{"name":"ComposeSubtree /Biped/Rig/Joints/hips_bind/spine_0_bind/spine_1_bind/spine_2_bind/spine_3_bind/spine_4_bind/spine_5_bind/chest_bind/clavicle_l_bind/shoulder_l_bind/elbow_l_bind/wrist_l_bind/pinkyCup_l_bind/pinky_001_l_bind/pinky_002_l_bind/pinky_003_l_bind","cat":"step","ph":"X","ts":127503,"dur":1,"pid":1,"tid":11},
{"name":"ComposeSubtree /Biped/Rig/Joints/hips_bind/spine_0_bind/spine_1_bind/spine_2_bind/spine_3_bind/spine_4_bind/spine_5_bind/chest_bind/clavicle_l_bind/shoulder_l_bind/elbow_l_bind/wrist_l_bind/pinkyCup_l_bind/pinky_001_l_bind/pinky_002_l_bind/pinky_003_l_bind/pinky_004_l_bind","cat":"step","ph":"X","ts":127528,"dur":2,"pid":1,"tid":25},
{"name":"ComposeSubtree /Biped/Rig/Joints/hips_bind/spine_0_bind/spine_1_bind/spine_2_bind/spine_3_bind/spine_4_bind/spine_5_bind/chest_bind/clavicle_l_bind/shoulder_l_bind/elbow_l_bind/wrist_l_bind/ring_001_l_bind","cat":"step","ph":"X","ts":127474,"dur":1,"pid":1,"tid":22},
{"name":"ComposeSubtree /Biped/Rig/Joints/hips_bind/spine_0_bind/spine_1_bind/spine_2_bind/spine_3_bind/spine_4_bind/spine_5_bind/chest_bind/clavicle_l_bind/shoulder_l_bind/elbow_l_bind/wrist_l_bind/thumbCup_l_bind/thumb_001_l_bind/thumb_002_l_bind","cat":"step","ph":"X","ts":127487,"dur":1,"pid":1,"tid":21},
{"name":"ComposeSubtree /Biped/Rig/Joints/hips_bind/spine_0_bind/spine_1_bind/spine_2_bind/spine_3_bind/spine_4_bind/spine_5_bind/chest_bind/clavicle_l_bind/shoulder_l_bind/elbow_l_bind/wrist_l_bind/thumbCup_l_bind/thumb_001_l_bind/thumb_002_l_bind/thumb_003_l_bind","cat":"step","ph":"X","ts":127504,"dur":1,"pid":1,"tid":11},
{"name":"ComposeSubtree /Biped/Rig/Joints/hips_bind/spine_0_bind/spine_1_bind/spine_2_bind/spine_3_bind/spine_4_bind/spine_5_bind/chest_bind/clavicle_r_bind","cat":"step","ph":"X","ts":127457,"dur":1,"pid":1,"tid":2},
{"name":"ComposeSubtree /Biped/Rig/Joints/hips_bind/spine_0_bind/spine_1_bind/spine_2_bind/spine_3_bind/spine_4_bind/spine_5_bind/chest_bind/clavicle_r_bind/clavicle_trans_r_bind/shoulder_r_driver","cat":"step","ph":"X","ts":127475,"dur":1,"pid":1,"tid":22},
{"name":"ComposeSubtree /Biped/Rig/Joints/hips_bind/spine_0_bind/spine_1_bind/spine_2_bind/spine_3_bind/spine_4_bind/spine_5_bind/chest_bind/clavicle_r_bind/shoulder_r_bind","cat":"step","ph":"X","ts":127464,"dur":1,"pid":1,"tid":31},
{"name":"ComposeSubtree /Biped/Rig/Joints/hips_bind/spine_0_bind/spine_1_bind/spine_2_bind/spine_3_bind/spine_4_bind/spine_5_bind/chest_bind/clavicle_r_bind/shoulder_r_bind/elbow_r_bind/wristTwist_r_driver","cat":"step","ph":"X","ts":127476,"dur":1,"pid":1,"tid":22},
{"name":"ComposeSubtree /Biped/Rig/Joints/hips_bind/spine_0_bind/spine_1_bind/spine_2_bind/spine_3_bind/spine_4_bind/spine_5_bind/chest_bind/clavicle_r_bind/shoulder_r_bind/elbow_r_bind/wrist_r_bind/index_001_r_bind/index_002_r_bind/index_003_r_bind/index_004_r_bind","cat":"step","ph":"X","ts":127530,"dur":1,"pid":1,"tid":25},
{"name":"ComposeSubtree /Biped/Rig/Joints/hips_bind/spine_0_bind/spine_1_bind/spine_2_bind/spine_3_bind/spine_4_bind/spine_5_bind/chest_bind/clavicle_r_bind/shoulder_r_bind/elbow_r_bind/wrist_r_bind/middle_001_r_bind/middle_002_r_bind","cat":"step","ph":"X","ts":127505,"dur":1,"pid":1,"tid":11},
{"name":"ComposeSubtree /Biped/Rig/Joints/hips_bind/spine_0_bind/spine_1_bind/spine_2_bind/spine_3_bind/spine_4_bind/spine_5_bind/chest_bind/clavicle_r_bind/shoulder_r_bind/elbow_r_bind/wrist_r_bind/middle_001_r_bind/middle_002_r_bind/middle_003_r_bind/middle_004_r_bind","cat":"step","ph":"X","ts":127531,"dur":1,"pid":1,"tid":25},
{"name":"ComposeSubtree /Biped/Rig/Joints/hips_bind/spine_0_bind/spine_1_bind/spine_2_bind/spine_3_bind/spine_4_bind/spine_5_bind/chest_bind/clavicle_r_bind/shoulder_r_bind/elbow_r_bind/wrist_r_bind/pinkyCup_r_bind","cat":"step","ph":"X","ts":127489,"dur":1,"pid":1,"tid":21},
{"name":"ComposeSubtree /Biped/Rig/Joints/hips_bind/spine_0_bind/spine_1_bind/spine_2_bind/spine_3_bind/spine_4_bind/spine_5_bind/chest_bind/clavicle_r_bind/shoulder_r_bind/elbow_r_bind/wrist_r_bind/pinkyCup_r_bind/pinky_001_r_bind/pinky_002_r_bind/pinky_003_r_bind/pinky_004_r_bind","cat":"step","ph":"X","ts":127559,"dur":1,"pid":1,"tid":24},
{"name":"ComposeSubtree /Biped/Rig/Joints/hips_bind/spine_0_bind/spine_1_bind/spine_2_bind/spine_3_bind/spine_4_bind/spine_5_bind/chest_bind/clavicle_r_bind/shoulder_r_bind/elbow_r_bind/wrist_r_bind/ring_001_r_bind/ring_002_r_bind","cat":"step","ph":"X","ts":127506,"dur":1,"pid":1,"tid":11},
{"name":"ComposeSubtree /Biped/Rig/Joints/hips_bind/spine_0_bind/spine_1_bind/spine_2_bind/spine_3_bind/spine_4_bind/spine_5_bind/chest_bind/clavicle_r_bind/shoulder_r_bind/elbow_r_bind/wrist_r_bind/ring_001_r_bind/ring_002_r_bind/ring_003_r_bind/ring_004_r_bind","cat":"step","ph":"X","ts":127532,"dur":1,"pid":1,"tid":25},
{"name":"ComposeSubtree /Biped/Rig/Joints/hips_bind/spine_0_bind/spine_1_bind/spine_2_bind/spine_3_bind/spine_4_bind/spine_5_bind/chest_bind/clavicle_r_bind/shoulder_r_bind/elbow_r_bind/wrist_r_bind/thumbCup_r_bind","cat":"step","ph":"X","ts":127490,"dur":1,"pid":1,"tid":21},
{"name":"ComposeSubtree /Biped/Rig/Joints/hips_bind/spine_0_bind/spine_1_bind/spine_2_bind/spine_3_bind/spine_4_bind/spine_5_bind/chest_bind/clavicle_r_bind/shoulder_r_bind/elbow_r_bind/wrist_r_bind/thumbCup_r_bind/thumb_001_r_bind/thumb_002_r_bind/thumb_003_r_bind","cat":"step","ph":"X","ts":127533,"dur":1,"pid":1,"tid":25},
{"name":"ComposeSubtree /Biped/Rig/Joints/hips_bind/spine_0_bind/spine_1_bind/spine_2_bind/spine_3_bind/spine_4_bind/spine_5_bind/chest_bind/neck_base_bind/neck_0_bind/neck_1_bind/neck_2_bind/neck_3_bind","cat":"step","ph":"X","ts":127477,"dur":1,"pid":1,"tid":22},
{"name":"ComposeSubtree /Biped/Rig/Joints/hips_bind/spine_0_bind/spine_1_bind/spine_2_bind/spine_3_bind/spine_4_bind/spine_5_bind/chest_bind/neck_base_bind/neck_0_bind/neck_1_bind/neck_2_bind/neck_3_bind/skull_bind/face_lower_bind","cat":"step","ph":"X","ts":127491,"dur":1,"pid":1,"tid":21},
{"name":"ComposeSubtree /Biped/Rig/Joints/hips_bind/spine_0_bind/spine_1_bind/spine_2_bind/spine_3_bind/spine_4_bind/spine_5_bind/chest_bind/neck_base_bind/neck_0_bind/neck_1_bind/neck_2_bind/neck_3_bind/skull_bind/face_lower_bind/face_mid_bind/jaw_compression_driver","cat":"step","ph":"X","ts":127507,"dur":1,"pid":1,"tid":11},
{"name":"ComposeSubtree /Biped/Rig/Joints/hips_bind/spine_0_bind/spine_1_bind/spine_2_bind/spine_3_bind/spine_4_bind/spine_5_bind/chest_bind/neck_base_bind/neck_0_bind/neck_1_bind/neck_2_bind/neck_3_bind/skull_bind/face_lower_bind/jaw_bind/tongue_0_bind","cat":"step","ph":"X","ts":127534,"dur":1,"pid":1,"tid":25},
{"name":"ComposeSubtree /Biped/Rig/Joints/hips_bind/spine_0_bind/spine_1_bind/spine_2_bind/spine_3_bind/spine_4_bind/spine_5_bind/chest_bind/neck_base_bind/neck_0_bind/neck_1_bind/neck_2_bind/neck_3_bind/skull_bind/face_lower_bind/jaw_bind/tongue_0_bind/tongue_1_bind/tongue_2_bind","cat":"step","ph":"X","ts":127683,"dur":1,"pid":1,"tid":24},
{"name":"ComposeSubtree /Biped/Rig/Joints/hips_bind/spine_0_bind/spine_1_bind/spine_2_bind/spine_3_bind/spine_4_bind/spine_5_bind/chest_bind/neck_base_bind/neck_0_bind/neck_1_bind/neck_2_bind/neck_3_bind/skull_bind/face_upper_bind/eyeSocket_l_bind","cat":"step","ph":"X","ts":127508,"dur":1,"pid":1,"tid":11},
{"name":"ComposeSubtree /Biped/Rig/Joints/hips_bind/spine_0_bind/spine_1_bind/spine_2_bind/spine_3_bind/spine_4_bind/spine_5_bind/chest_bind/neck_base_bind/neck_0_bind/neck_1_bind/neck_2_bind/neck_3_bind/skull_bind/face_upper_bind/head_tip_bind","cat":"step","ph":"X","ts":127509,"dur":1,"pid":1,"tid":11},
{"name":"ComposeSubtree /Biped/Rig/Joints/hips_bind/spine_0_bind/spine_1_bind/spine_2_bind/spine_3_bind/spine_4_bind/spine_5_bind/chest_bind/neck_base_bind/neck_0_bind/neck_1_bind/neck_2_bind/neck_3_bind/skull_bind/face_upper_bind/head_tip_bind/brow_main_r_bind","cat":"step","ph":"X","ts":127535,"dur":1,"pid":1,"tid":25},
{"name":"ComposeSubtree /Biped/Rig/Joints/neck_ik_neck_0_bind/neck_ik_neck_1_bind/neck_ik_neck_2_bind/neck_ik_neck_3_bind","cat":"step","ph":"X","ts":127864,"dur":1,"pid":1,"tid":0},
{"name":"Solve /Biped/Rig/Solvers/arm_l_fkChain","cat":"step","ph":"X","ts":127458,"dur":2,"pid":1,"tid":2},
{"name":"Solve /Biped/Rig/Solvers/arm_l_twoBoneIk","cat":"step","ph":"X","ts":127443,"dur":2,"pid":1,"tid":31},
{"name":"SolverCommit batch 1","cat":"step","ph":"X","ts":127445,"dur":1,"pid":1,"tid":31},
{"name":"Solve /Biped/Rig/Solvers/arm_r_fkChain","cat":"step","ph":"X","ts":127465,"dur":1,"pid":1,"tid":31},
{"name":"Solve /Biped/Rig/Solvers/arm_r_twoBoneIk","cat":"step","ph":"X","ts":127430,"dur":1,"pid":1,"tid":11},
{"name":"Solve /Biped/Rig/Solvers/leg_l_fkChain","cat":"step","ph":"X","ts":127431,"dur":1,"pid":1,"tid":11},
{"name":"Solve /Biped/Rig/Solvers/leg_r_fkChain","cat":"step","ph":"X","ts":127446,"dur":2,"pid":1,"tid":31},
{"name":"Solve /Biped/Rig/Solvers/neck_splineIk","cat":"step","ph":"X","ts":127448,"dur":14,"pid":1,"tid":31},
{"name":"Solve /Biped/Rig/Solvers/spine_splineIk","cat":"step","ph":"X","ts":127420,"dur":10,"pid":1,"tid":11},
{"name":"SolverCommit batch 7","cat":"step","ph":"X","ts":127432,"dur":1,"pid":1,"tid":11},
{"name":"Solve /Biped/Rig/Solvers/arm_r_ikfk","cat":"step","ph":"X","ts":127478,"dur":1,"pid":1,"tid":22},
{"name":"SolverCommit batch 8","cat":"step","ph":"X","ts":127492,"dur":2,"pid":1,"tid":21},
{"name":"SolverCommit batch 9","cat":"step","ph":"X","ts":127468,"dur":2,"pid":1,"tid":31},
{"name":"Constraint /Biped/Rig/Movers/spine_mid_follow/spine_mid_follow_pos","cat":"step","ph":"X","ts":127412,"dur":4,"pid":1,"tid":0},
{"name":"Solve /Biped/Rig/Solvers/fk_thumb_r","cat":"step","ph":"X","ts":127510,"dur":2,"pid":1,"tid":11},
{"name":"SolverCommit batch 11","cat":"step","ph":"X","ts":127685,"dur":1,"pid":1,"tid":24},
{"name":"Solve /Biped/Rig/Solvers/fk_ring_r","cat":"step","ph":"X","ts":127503,"dur":4,"pid":1,"tid":18},
{"name":"SolverCommit batch 12","cat":"step","ph":"X","ts":127686,"dur":1,"pid":1,"tid":24},
{"name":"Solve /Biped/Rig/Solvers/fk_pinky_r","cat":"step","ph":"X","ts":127507,"dur":2,"pid":1,"tid":18},
{"name":"SolverCommit batch 13","cat":"step","ph":"X","ts":127865,"dur":1,"pid":1,"tid":0},
{"name":"Solve /Biped/Rig/Solvers/fk_middle_r","cat":"step","ph":"X","ts":127509,"dur":2,"pid":1,"tid":18},
{"name":"SolverCommit batch 14","cat":"step","ph":"X","ts":127687,"dur":1,"pid":1,"tid":24},
{"name":"Solve /Biped/Rig/Solvers/fk_index_r","cat":"step","ph":"X","ts":127503,"dur":2,"pid":1,"tid":31},
{"name":"SolverCommit batch 15","cat":"step","ph":"X","ts":127688,"dur":1,"pid":1,"tid":24},
{"name":"Solve /Biped/Rig/Solvers/fk_thumb_l","cat":"step","ph":"X","ts":127494,"dur":3,"pid":1,"tid":21},
{"name":"SolverCommit batch 16","cat":"step","ph":"X","ts":127537,"dur":1,"pid":1,"tid":25},
{"name":"Solve /Biped/Rig/Solvers/fk_ring_l","cat":"step","ph":"X","ts":127497,"dur":2,"pid":1,"tid":21},
{"name":"SolverCommit batch 17","cat":"step","ph":"X","ts":127538,"dur":1,"pid":1,"tid":25},
{"name":"Solve /Biped/Rig/Solvers/fk_pinky_l","cat":"step","ph":"X","ts":127479,"dur":4,"pid":1,"tid":7},
{"name":"SolverCommit batch 18","cat":"step","ph":"X","ts":127689,"dur":1,"pid":1,"tid":24},
{"name":"Solve /Biped/Rig/Solvers/fk_middle_l","cat":"step","ph":"X","ts":127483,"dur":2,"pid":1,"tid":7},
{"name":"SolverCommit batch 19","cat":"step","ph":"X","ts":127539,"dur":1,"pid":1,"tid":25},
{"name":"Solve /Biped/Rig/Solvers/fk_index_l","cat":"step","ph":"X","ts":127485,"dur":1,"pid":1,"tid":7},
{"name":"SolverCommit batch 20","cat":"step","ph":"X","ts":127540,"dur":1,"pid":1,"tid":25},
{"name":"Constraint /Biped/Rig/Movers/spine_mid_follow/spine_mid_follow_aim","cat":"step","ph":"X","ts":127433,"dur":3,"pid":1,"tid":11},
{"name":"Constraint /Biped/Rig/Movers/hand_r_follow/thumbCup_r_bind_fk_follow_to_wrist_r_bind","cat":"step","ph":"X","ts":127505,"dur":5,"pid":1,"tid":31},
{"name":"Constraint /Biped/Rig/Movers/hand_r_follow/ring_001_r_bind_fk_follow_to_wrist_r_bind","cat":"step","ph":"X","ts":127510,"dur":4,"pid":1,"tid":31},
{"name":"Constraint /Biped/Rig/Movers/hand_r_follow/pinkyCup_r_bind_fk_follow_to_wrist_r_bind","cat":"step","ph":"X","ts":127506,"dur":9,"pid":1,"tid":4},
{"name":"Constraint /Biped/Rig/Movers/hand_r_follow/middle_001_r_bind_fk_follow_to_wrist_r_bind","cat":"step","ph":"X","ts":127515,"dur":3,"pid":1,"tid":4},
{"name":"Constraint /Biped/Rig/Movers/hand_r_follow/index_001_r_bind_fk_follow_to_wrist_r_bind","cat":"step","ph":"X","ts":127518,"dur":3,"pid":1,"tid":4},
{"name":"Constraint /Biped/Rig/Movers/hand_l_follow/thumbCup_l_bind_fk_follow_to_wrist_l_bind","cat":"step","ph":"X","ts":127479,"dur":5,"pid":1,"tid":20},
{"name":"Constraint /Biped/Rig/Movers/hand_l_follow/ring_001_l_bind_fk_follow_to_wrist_l_bind","cat":"step","ph":"X","ts":127484,"dur":3,"pid":1,"tid":20},
{"name":"Constraint /Biped/Rig/Movers/hand_l_follow/pinkyCup_l_bind_fk_follow_to_wrist_l_bind","cat":"step","ph":"X","ts":127487,"dur":3,"pid":1,"tid":20},
{"name":"Constraint /Biped/Rig/Movers/hand_l_follow/middle_001_l_bind_fk_follow_to_wrist_l_bind","cat":"step","ph":"X","ts":127480,"dur":8,"pid":1,"tid":22},
{"name":"Constraint /Biped/Rig/Movers/hand_l_follow/index_001_l_bind_fk_follow_to_wrist_l_bind","cat":"step","ph":"X","ts":127488,"dur":3,"pid":1,"tid":22},
{"name":"Constraint /Biped/Rig/Movers/bankIn_r_pivot_rc/bankIn_r_pivot_rotation","cat":"step","ph":"X","ts":127491,"dur":4,"pid":1,"tid":22},
{"name":"Constraint /Biped/Rig/Movers/bankOut_r_pivot_rc/bankOut_r_pivot_rotation","cat":"step","ph":"X","ts":127521,"dur":5,"pid":1,"tid":4},
{"name":"Constraint /Biped/Rig/Movers/heel_r_roll_rc/heel_r_roll_rotation","cat":"step","ph":"X","ts":127541,"dur":5,"pid":1,"tid":25},
{"name":"Constraint /Biped/Rig/Movers/toe_r_roll_rc/toe_r_roll_rotation","cat":"step","ph":"X","ts":127690,"dur":136,"pid":1,"tid":24},
{"name":"Constraint /Biped/Rig/Movers/ballRoll_r_up_rc/ballRoll_r_up_rotation","cat":"step","ph":"X","ts":127866,"dur":2,"pid":1,"tid":0},
{"name":"Constraint /Biped/Rig/Movers/ballRoll_r_down_rc/ballRoll_r_down_rotation","cat":"step","ph":"X","ts":128115,"dur":139,"pid":1,"tid":24},
{"name":"Solve /Biped/Rig/Solvers/leg_r_ikfk","cat":"step","ph":"X","ts":128265,"dur":1,"pid":1,"tid":24},
{"name":"SolverCommit batch 39","cat":"step","ph":"X","ts":128395,"dur":4,"pid":1,"tid":24},
{"name":"Constraint /Biped/Rig/Movers/ankle_r_bind_scAim/ankle_r_bind_aim","cat":"step","ph":"X","ts":128562,"dur":7,"pid":1,"tid":20},
{"name":"Constraint /Biped/Rig/Movers/ball_r_bind_scAim/ball_r_bind_aim","cat":"step","ph":"X","ts":128581,"dur":4,"pid":1,"tid":20},
{"name":"Constraint /Biped/Rig/Movers/bankIn_l_pivot_rc/bankIn_l_pivot_rotation","cat":"step","ph":"X","ts":127470,"dur":5,"pid":1,"tid":31},
{"name":"Constraint /Biped/Rig/Movers/bankOut_l_pivot_rc/bankOut_l_pivot_rotation","cat":"step","ph":"X","ts":127496,"dur":1,"pid":1,"tid":22},
{"name":"Constraint /Biped/Rig/Movers/heel_l_roll_rc/heel_l_roll_rotation","cat":"step","ph":"X","ts":127506,"dur":5,"pid":1,"tid":14},
{"name":"Constraint /Biped/Rig/Movers/toe_l_roll_rc/toe_l_roll_rotation","cat":"step","ph":"X","ts":127522,"dur":1,"pid":1,"tid":14},
{"name":"Constraint /Biped/Rig/Movers/ballRoll_l_up_rc/ballRoll_l_up_rotation","cat":"step","ph":"X","ts":127826,"dur":1,"pid":1,"tid":24},
{"name":"Solve /Biped/Rig/Solvers/leg_l_twoBoneIk","cat":"step","ph":"X","ts":128254,"dur":1,"pid":1,"tid":24},
{"name":"SolverCommit batch 49","cat":"step","ph":"X","ts":128266,"dur":5,"pid":1,"tid":24},
{"name":"Constraint /Biped/Rig/Movers/ankle_l_bind_scAim/ankle_l_bind_aim","cat":"step","ph":"X","ts":128399,"dur":6,"pid":1,"tid":24},
{"name":"Constraint /Biped/Rig/Movers/ball_l_bind_scAim/ball_l_bind_aim","cat":"step","ph":"X","ts":128569,"dur":3,"pid":1,"tid":20},
{"name":"Constraint /Biped/Rig/Movers/hips_follow/spine_root_ctl_drives_hips_bind","cat":"step","ph":"X","ts":127401,"dur":3,"pid":1,"tid":0},
{"name":"PropagateChunk /Biped/Rig/Movers/hips_follow/spine_root_ctl_drives_hips_bind","cat":"step","ph":"X","ts":128255,"dur":5,"pid":1,"tid":24},
{"name":"PropagateChunk /Biped/Rig/Movers/hips_follow/spine_root_ctl_drives_hips_bind","cat":"step","ph":"X","ts":127827,"dur":1,"pid":1,"tid":24},
{"name":"CommitApply /Biped/Rig/Movers/hips_follow/spine_root_ctl_drives_hips_bind","cat":"step","ph":"X","ts":128263,"dur":1,"pid":1,"tid":24},
{"name":"Constraint /Biped/Rig/Movers/hips_follow/spine_root_ctl_scales_hips_bind","cat":"step","ph":"X","ts":128271,"dur":124,"pid":1,"tid":24},
{"name":"PropagateChunk /Biped/Rig/Movers/hips_follow/spine_root_ctl_scales_hips_bind","cat":"step","ph":"X","ts":128573,"dur":4,"pid":1,"tid":20},
{"name":"CommitApply /Biped/Rig/Movers/hips_follow/spine_root_ctl_scales_hips_bind","cat":"step","ph":"X","ts":128585,"dur":1,"pid":1,"tid":20},
{"name":"Constraint /Biped/Rig/Movers/spine_to_bind/spine_ik_spine_0_bind_scale_to_spine_0_bind","cat":"step","ph":"X","ts":128594,"dur":6,"pid":1,"tid":20},
{"name":"Constraint /Biped/Rig/Movers/spine_to_bind/spine_ik_spine_0_bind_to_spine_0_bind","cat":"step","ph":"X","ts":128608,"dur":11,"pid":1,"tid":13},
{"name":"Constraint /Biped/Rig/Movers/spine_to_bind/spine_ik_spine_1_bind_scale_to_spine_1_bind","cat":"step","ph":"X","ts":128622,"dur":8,"pid":1,"tid":13},
{"name":"Constraint /Biped/Rig/Movers/spine_to_bind/spine_ik_spine_1_bind_to_spine_1_bind","cat":"step","ph":"X","ts":128866,"dur":6,"pid":1,"tid":24},
{"name":"Constraint /Biped/Rig/Movers/spine_to_bind/spine_ik_spine_2_bind_scale_to_spine_2_bind","cat":"step","ph":"X","ts":128877,"dur":5,"pid":1,"tid":24},
{"name":"Constraint /Biped/Rig/Movers/spine_to_bind/spine_ik_spine_2_bind_to_spine_2_bind","cat":"step","ph":"X","ts":128886,"dur":6,"pid":1,"tid":24},
{"name":"Constraint /Biped/Rig/Movers/spine_to_bind/spine_ik_spine_3_bind_scale_to_spine_3_bind","cat":"step","ph":"X","ts":128892,"dur":4,"pid":1,"tid":24},
{"name":"Constraint /Biped/Rig/Movers/spine_to_bind/spine_ik_spine_3_bind_to_spine_3_bind","cat":"step","ph":"X","ts":128897,"dur":5,"pid":1,"tid":24},
{"name":"Constraint /Biped/Rig/Movers/spine_to_bind/spine_ik_spine_4_bind_scale_to_spine_4_bind","cat":"step","ph":"X","ts":128902,"dur":5,"pid":1,"tid":24},
{"name":"Constraint /Biped/Rig/Movers/spine_to_bind/spine_ik_spine_4_bind_to_spine_4_bind","cat":"step","ph":"X","ts":128907,"dur":5,"pid":1,"tid":24},
{"name":"Constraint /Biped/Rig/Movers/spine_to_bind/spine_ik_spine_5_bind_scale_to_spine_5_bind","cat":"step","ph":"X","ts":128912,"dur":4,"pid":1,"tid":24},
{"name":"Constraint /Biped/Rig/Movers/spine_to_bind/spine_ik_spine_5_bind_to_spine_5_bind","cat":"step","ph":"X","ts":128916,"dur":5,"pid":1,"tid":24},
{"name":"Constraint /Biped/Rig/Movers/spine_to_bind/spine_ik_chest_bind_scale_to_chest_bind","cat":"step","ph":"X","ts":128921,"dur":4,"pid":1,"tid":24},
{"name":"Constraint /Biped/Rig/Movers/spine_to_bind/spine_ik_chest_bind_to_chest_bind","cat":"step","ph":"X","ts":128925,"dur":5,"pid":1,"tid":24},
{"name":"Constraint /Biped/Rig/Movers/girdles/spine_end_ctl_drives_chest_bind","cat":"step","ph":"X","ts":128930,"dur":5,"pid":1,"tid":24},
{"name":"Constraint /Biped/Rig/Movers/girdles/pelvis_r_ctl_drives_pelvis_r_bind","cat":"step","ph":"X","ts":128600,"dur":2,"pid":1,"tid":20},
{"name":"Constraint /Biped/Rig/Movers/girdles/pelvis_l_ctl_drives_pelvis_l_bind","cat":"step","ph":"X","ts":128602,"dur":1,"pid":1,"tid":20},
{"name":"Constraint /Biped/Rig/Movers/girdles/clavicle_r_ctl_drives_clavicle_r_bind","cat":"step","ph":"X","ts":128935,"dur":1,"pid":1,"tid":24},
{"name":"Constraint /Biped/Rig/Movers/girdles/clavicle_l_ctl_drives_clavicle_l_bind","cat":"step","ph":"X","ts":128936,"dur":1,"pid":1,"tid":24},
{"name":"Constraint /Biped/Rig/Movers/girdles/spine_end_ctl_unsquashes_neck_base_bind","cat":"step","ph":"X","ts":128937,"dur":4,"pid":1,"tid":24},
{"name":"Constraint /Biped/Rig/Movers/girdles/clavicle_r_ctl_unsquashes_clavicle_r_bind","cat":"step","ph":"X","ts":128941,"dur":2,"pid":1,"tid":24},
{"name":"Constraint /Biped/Rig/Movers/girdles/clavicle_l_ctl_unsquashes_clavicle_l_bind","cat":"step","ph":"X","ts":128943,"dur":3,"pid":1,"tid":24},
{"name":"Constraint /Biped/Rig/Movers/neck_to_bind/neck_ik_neck_0_bind_scale_to_neck_0_bind","cat":"step","ph":"X","ts":128946,"dur":3,"pid":1,"tid":24},
{"name":"Constraint /Biped/Rig/Movers/neck_to_bind/neck_ik_neck_0_bind_to_neck_0_bind","cat":"step","ph":"X","ts":128956,"dur":4,"pid":1,"tid":24},
{"name":"Constraint /Biped/Rig/Movers/neck_to_bind/neck_ik_neck_1_bind_scale_to_neck_1_bind","cat":"step","ph":"X","ts":128966,"dur":3,"pid":1,"tid":24},
{"name":"Constraint /Biped/Rig/Movers/neck_to_bind/neck_ik_neck_1_bind_to_neck_1_bind","cat":"step","ph":"X","ts":128973,"dur":3,"pid":1,"tid":24},
{"name":"Constraint /Biped/Rig/Movers/neck_to_bind/neck_ik_neck_2_bind_scale_to_neck_2_bind","cat":"step","ph":"X","ts":128983,"dur":4,"pid":1,"tid":24},
{"name":"Constraint /Biped/Rig/Movers/neck_to_bind/neck_ik_neck_2_bind_to_neck_2_bind","cat":"step","ph":"X","ts":128994,"dur":4,"pid":1,"tid":24},
{"name":"Constraint /Biped/Rig/Movers/neck_to_bind/neck_ik_neck_3_bind_scale_to_neck_3_bind","cat":"step","ph":"X","ts":128998,"dur":3,"pid":1,"tid":24},
{"name":"Constraint /Biped/Rig/Movers/neck_to_bind/neck_ik_neck_3_bind_to_neck_3_bind","cat":"step","ph":"X","ts":129002,"dur":4,"pid":1,"tid":24},
{"name":"Constraint /Biped/Rig/Movers/neck_to_bind/neck_ik_skull_bind_scale_to_skull_bind","cat":"step","ph":"X","ts":129006,"dur":3,"pid":1,"tid":24},
{"name":"Constraint /Biped/Rig/Movers/neck_to_bind/neck_ik_skull_bind_to_skull_bind","cat":"step","ph":"X","ts":129009,"dur":5,"pid":1,"tid":24},
{"name":"Constraint /Biped/Rig/Movers/twist_aims/wristTwist_r_bind_copy","cat":"step","ph":"X","ts":127511,"dur":6,"pid":1,"tid":14},
{"name":"Constraint /Biped/Rig/Movers/twist_aims/wristTwist_r_bind_aim","cat":"step","ph":"X","ts":127523,"dur":4,"pid":1,"tid":14},
{"name":"Constraint /Biped/Rig/Movers/twist_aims/wristTwist_l_bind_copy","cat":"step","ph":"X","ts":127475,"dur":6,"pid":1,"tid":31},
{"name":"Constraint /Biped/Rig/Movers/twist_aims/wristTwist_l_bind_aim","cat":"step","ph":"X","ts":127517,"dur":4,"pid":1,"tid":14},
{"name":"Constraint /Biped/Rig/Movers/twist_aims/ankleTwist_r_bind_copy","cat":"step","ph":"X","ts":128586,"dur":2,"pid":1,"tid":20},
{"name":"Constraint /Biped/Rig/Movers/twist_aims/ankleTwist_r_bind_aim","cat":"step","ph":"X","ts":128603,"dur":3,"pid":1,"tid":20},
{"name":"Constraint /Biped/Rig/Movers/twist_aims/ankleTwist_l_bind_copy","cat":"step","ph":"X","ts":128577,"dur":4,"pid":1,"tid":20},
{"name":"Constraint /Biped/Rig/Movers/twist_aims/ankleTwist_l_bind_aim","cat":"step","ph":"X","ts":128588,"dur":2,"pid":1,"tid":20},
{"name":"Constraint /Biped/Rig/Movers/twist_aims/ankleTwist_r_bind_follows_ankle_r_bind","cat":"step","ph":"X","ts":128619,"dur":2,"pid":1,"tid":13},
{"name":"Constraint /Biped/Rig/Movers/twist_aims/ankleTwist_l_bind_follows_ankle_l_bind","cat":"step","ph":"X","ts":128847,"dur":1,"pid":1,"tid":24},
{"name":"Constraint /Biped/Rig/Movers/twist_aims/wristTwist_r_bind_follows_wrist_r_bind","cat":"step","ph":"X","ts":127828,"dur":1,"pid":1,"tid":24},
{"name":"Constraint /Biped/Rig/Movers/twist_aims/wristTwist_l_bind_follows_wrist_l_bind","cat":"step","ph":"X","ts":127526,"dur":2,"pid":1,"tid":4},
{"name":"Constraint /Biped/Rig/Movers/twist_aims/thighNoTwist_r_bind_follows_thigh_r_bind","cat":"step","ph":"X","ts":128621,"dur":1,"pid":1,"tid":13},
{"name":"Constraint /Biped/Rig/Movers/twist_aims/thighNoTwist_l_bind_follows_thigh_l_bind","cat":"step","ph":"X","ts":128606,"dur":1,"pid":1,"tid":20},
{"name":"Constraint /Biped/Rig/Movers/twist_aims/shoulderNoTwist_r_bind_follows_shoulder_r_bind","cat":"step","ph":"X","ts":128960,"dur":1,"pid":1,"tid":24},
{"name":"Constraint /Biped/Rig/Movers/twist_aims/pelvis_trans_r_bind_follows_thigh_r_bind","cat":"step","ph":"X","ts":128607,"dur":1,"pid":1,"tid":20},
{"name":"Constraint /Biped/Rig/Movers/twist_aims/clavicle_trans_r_bind_follows_shoulder_r_bind","cat":"step","ph":"X","ts":128953,"dur":1,"pid":1,"tid":24},
{"name":"Constraint /Biped/Rig/Movers/twist_aims/clavicle_trans_l_bind_follows_shoulder_l_bind","cat":"step","ph":"X","ts":128954,"dur":1,"pid":1,"tid":24},
{"name":"Constraint /Biped/Rig/Movers/twist_aims/pelvis_trans_r_bind_aim","cat":"step","ph":"X","ts":128630,"dur":4,"pid":1,"tid":13},
{"name":"Constraint /Biped/Rig/Movers/twist_aims/pelvis_trans_l_bind_aim","cat":"step","ph":"X","ts":128634,"dur":3,"pid":1,"tid":13},
{"name":"Constraint /Biped/Rig/Movers/twist_aims/kneeTwist_r_bind_aim","cat":"step","ph":"X","ts":128688,"dur":3,"pid":1,"tid":24},
{"name":"Constraint /Biped/Rig/Movers/twist_aims/kneeTwist_l_bind_aim","cat":"step","ph":"X","ts":128405,"dur":138,"pid":1,"tid":24},
{"name":"Constraint /Biped/Rig/Movers/twist_aims/thighNoTwist_r_bind_aim","cat":"step","ph":"X","ts":128637,"dur":3,"pid":1,"tid":13},
{"name":"Constraint /Biped/Rig/Movers/twist_aims/thighNoTwist_l_bind_aim","cat":"step","ph":"X","ts":128859,"dur":2,"pid":1,"tid":24},
{"name":"Constraint /Biped/Rig/Movers/twist_aims/clavicle_trans_r_bind_aim","cat":"step","ph":"X","ts":128969,"dur":2,"pid":1,"tid":24},
{"name":"Constraint /Biped/Rig/Movers/twist_aims/clavicle_trans_l_bind_aim","cat":"step","ph":"X","ts":128971,"dur":2,"pid":1,"tid":24},
{"name":"Constraint /Biped/Rig/Movers/twist_aims/elbowTwist_r_bind_aim","cat":"step","ph":"X","ts":127500,"dur":7,"pid":1,"tid":21},
{"name":"Constraint /Biped/Rig/Movers/twist_aims/elbowTwist_l_bind_aim","cat":"step","ph":"X","ts":127481,"dur":3,"pid":1,"tid":31},
{"name":"Constraint /Biped/Rig/Movers/twist_aims/shoulderNoTwist_r_bind_aim","cat":"step","ph":"X","ts":128962,"dur":2,"pid":1,"tid":24},
{"name":"Constraint /Biped/Rig/Movers/twist_aims/shoulderNoTwist_l_bind_aim","cat":"step","ph":"X","ts":128964,"dur":2,"pid":1,"tid":24},
{"name":"Constraint /Biped/Rig/Movers/pose_drivers/thigh_r_driver_copies_thigh_r_bind","cat":"step","ph":"X","ts":128872,"dur":2,"pid":1,"tid":24},
{"name":"Constraint /Biped/Rig/Movers/pose_drivers/thigh_l_driver_copies_thigh_l_bind","cat":"step","ph":"X","ts":128874,"dur":2,"pid":1,"tid":24},
{"name":"Constraint /Biped/Rig/Movers/pose_drivers/thigh_r_twist_driver_copies_thighNoTwist_r_bind","cat":"step","ph":"X","ts":128882,"dur":2,"pid":1,"tid":24},
{"name":"Constraint /Biped/Rig/Movers/pose_drivers/thigh_l_twist_driver_copies_thighNoTwist_l_bind","cat":"step","ph":"X","ts":128884,"dur":1,"pid":1,"tid":24},
{"name":"Constraint /Biped/Rig/Movers/pose_drivers/ankleTwist_r_driver_copies_ankleTwist_r_bind","cat":"step","ph":"X","ts":128861,"dur":2,"pid":1,"tid":24},
{"name":"Constraint /Biped/Rig/Movers/pose_drivers/ankleTwist_l_driver_copies_ankleTwist_l_bind","cat":"step","ph":"X","ts":128854,"dur":2,"pid":1,"tid":24},
{"name":"Constraint /Biped/Rig/Movers/pose_drivers/toe_r_driver_copies_ball_r_bind","cat":"step","ph":"X","ts":128848,"dur":2,"pid":1,"tid":24},
{"name":"Constraint /Biped/Rig/Movers/pose_drivers/toe_l_driver_copies_ball_l_bind","cat":"step","ph":"X","ts":128590,"dur":3,"pid":1,"tid":20},
{"name":"Constraint /Biped/Rig/Movers/pose_drivers/knee_r_driver_copies_knee_r_bind","cat":"step","ph":"X","ts":128837,"dur":3,"pid":1,"tid":24},
{"name":"Constraint /Biped/Rig/Movers/pose_drivers/knee_l_driver_copies_knee_l_bind","cat":"step","ph":"X","ts":128691,"dur":142,"pid":1,"tid":24},
{"name":"Constraint /Biped/Rig/Movers/pose_drivers/ankleSwing_r_driver_copies_ankle_r_bind","cat":"step","ph":"X","ts":128863,"dur":2,"pid":1,"tid":24},
{"name":"Constraint /Biped/Rig/Movers/pose_drivers/ankleSwing_l_driver_copies_ankle_l_bind","cat":"step","ph":"X","ts":128856,"dur":2,"pid":1,"tid":24},
{"name":"Constraint /Biped/Rig/Movers/pose_drivers/shoulder_r_driver_copies_shoulder_r_bind","cat":"step","ph":"X","ts":128977,"dur":3,"pid":1,"tid":24},
{"name":"Constraint /Biped/Rig/Movers/pose_drivers/shoulder_l_driver_copies_shoulder_l_bind","cat":"step","ph":"X","ts":128980,"dur":3,"pid":1,"tid":24},
{"name":"Constraint /Biped/Rig/Movers/pose_drivers/wristTwist_r_driver_copies_wristTwist_r_bind","cat":"step","ph":"X","ts":127868,"dur":4,"pid":1,"tid":0},
{"name":"Constraint /Biped/Rig/Movers/pose_drivers/wristTwist_l_driver_copies_wristTwist_l_bind","cat":"step","ph":"X","ts":127553,"dur":7,"pid":1,"tid":25},
{"name":"Constraint /Biped/Rig/Movers/pose_drivers/shoulder_r_twist_driver_copies_shoulderNoTwist_r_bind","cat":"step","ph":"X","ts":128987,"dur":3,"pid":1,"tid":24},
{"name":"Constraint /Biped/Rig/Movers/pose_drivers/shoulder_l_twist_driver_copies_shoulderNoTwist_l_bind","cat":"step","ph":"X","ts":128990,"dur":3,"pid":1,"tid":24},
{"name":"Constraint /Biped/Rig/Movers/pose_drivers/wristSwing_r_driver_copies_wrist_r_bind","cat":"step","ph":"X","ts":127970,"dur":139,"pid":1,"tid":24},
{"name":"Constraint /Biped/Rig/Movers/pose_drivers/wristSwing_l_driver_copies_wrist_l_bind","cat":"step","ph":"X","ts":127560,"dur":4,"pid":1,"tid":25},
{"name":"Constraint /Biped/Rig/Movers/pose_drivers/elbow_r_driver_copies_elbow_r_bind","cat":"step","ph":"X","ts":127528,"dur":3,"pid":1,"tid":4},
{"name":"Constraint /Biped/Rig/Movers/pose_drivers/elbow_l_driver_copies_elbow_l_bind","cat":"step","ph":"X","ts":127507,"dur":4,"pid":1,"tid":21},
{"name":"Constraint /Biped/Rig/Movers/param_follow/leg_r_params_to_ankle_r_bind","cat":"step","ph":"X","ts":128840,"dur":3,"pid":1,"tid":24},
{"name":"Constraint /Biped/Rig/Movers/param_follow/leg_l_params_to_ankle_l_bind","cat":"step","ph":"X","ts":128833,"dur":4,"pid":1,"tid":24},
{"name":"Constraint /Biped/Rig/Movers/param_follow/arm_r_params_to_wrist_r_bind","cat":"step","ph":"X","ts":127512,"dur":4,"pid":1,"tid":21},
{"name":"Constraint /Biped/Rig/Movers/param_follow/arm_l_params_to_wrist_l_bind","cat":"step","ph":"X","ts":127484,"dur":5,"pid":1,"tid":31},
{"name":"ProviderMatrix /Biped/Rig/Controls/leg_l_ik/ankle_l_pivot final","cat":"step","ph":"X","ts":127392,"dur":1,"pid":1,"tid":0},
{"name":"ProviderMatrix /Biped/Rig/Controls/leg_r_ik/ankle_r_pivot final","cat":"step","ph":"X","ts":127404,"dur":1,"pid":1,"tid":0},
{"name":"ProviderMatrix /Biped/Rig/Controls/leg_r_ik/ankle_r_pivot/bankIn_r_pivot/bankOut_r_pivot/heel_r_roll final","cat":"step","ph":"X","ts":127564,"dur":1,"pid":1,"tid":25},
{"name":"ProviderMatrix /Biped/Rig/Joints/ankle_r_pivot/bankIn_r_pivot/bankOut_r_pivot/heel_r_pivot/ball_r_pivot/toe_r_pivot/ballRoll_r_pivot final","cat":"step","ph":"X","ts":127436,"dur":1,"pid":1,"tid":11},
{"name":"ProviderMatrix /Biped/Rig/Joints/hips_bind final","cat":"step","ph":"X","ts":128850,"dur":1,"pid":1,"tid":24},
{"name":"ProviderMatrix /Biped/Rig/Joints/hips_bind/pelvis_l_bind/pelvis_trans_l_bind/thigh_l_driver final","cat":"step","ph":"X","ts":128885,"dur":1,"pid":1,"tid":24},
{"name":"ProviderMatrix /Biped/Rig/Joints/hips_bind/pelvis_l_bind/thighNoTwist_l_bind final","cat":"step","ph":"X","ts":128876,"dur":1,"pid":1,"tid":24},
{"name":"ProviderMatrix /Biped/Rig/Joints/hips_bind/pelvis_l_bind/thigh_l_bind final","cat":"step","ph":"X","ts":128543,"dur":1,"pid":1,"tid":24},
{"name":"ProviderMatrix /Biped/Rig/Joints/hips_bind/pelvis_l_bind/thigh_l_bind/knee_l_bind/ankle_l_bind/ball_l_bind/toe1_001_l_bind/toe1_002_l_bind/toe1_003_l_bind final","cat":"step","ph":"X","ts":128843,"dur":1,"pid":1,"tid":24},
{"name":"ProviderMatrix /Biped/Rig/Joints/hips_bind/pelvis_l_bind/thigh_l_bind/knee_l_bind/ankle_l_bind/ball_l_bind/toe3_001_l_bind/toe3_002_l_bind final","cat":"step","ph":"X","ts":128844,"dur":1,"pid":1,"tid":24},
{"name":"ProviderMatrix /Biped/Rig/Joints/hips_bind/pelvis_r_bind final","cat":"step","ph":"X","ts":128858,"dur":1,"pid":1,"tid":24},
{"name":"ProviderMatrix /Biped/Rig/Joints/hips_bind/pelvis_r_bind/thigh_r_bind/knee_r_bind/ankle_r_bind/ball_r_bind/toe2_001_r_bind final","cat":"step","ph":"X","ts":128851,"dur":1,"pid":1,"tid":24},
{"name":"ProviderMatrix /Biped/Rig/Joints/hips_bind/pelvis_r_bind/thigh_r_bind/knee_r_bind/ankle_r_bind/ball_r_bind/toe4_001_r_bind/toe4_002_r_bind final","cat":"step","ph":"X","ts":128852,"dur":1,"pid":1,"tid":24},
{"name":"ProviderMatrix /Biped/Rig/Joints/hips_bind/pelvis_r_bind/thigh_r_bind/knee_r_bind/kneeTwist_r_bind final","cat":"step","ph":"X","ts":128846,"dur":1,"pid":1,"tid":24},
{"name":"ProviderMatrix /Biped/Rig/Joints/hips_bind/spine_0_bind/spine_1_bind/spine_2_bind final","cat":"step","ph":"X","ts":128896,"dur":1,"pid":1,"tid":24},
{"name":"ProviderMatrix /Biped/Rig/Joints/hips_bind/spine_0_bind/spine_1_bind/spine_2_bind/spine_3_bind/spine_4_bind/spine_5_bind/chest_bind/clavicle_l_bind/shoulder_l_bind/elbow_l_bind/elbowTwist_l_bind/elbow_l_driver final","cat":"step","ph":"X","ts":127531,"dur":1,"pid":1,"tid":4},
{"name":"ProviderMatrix /Biped/Rig/Joints/hips_bind/spine_0_bind/spine_1_bind/spine_2_bind/spine_3_bind/spine_4_bind/spine_5_bind/chest_bind/clavicle_l_bind/shoulder_l_bind/elbow_l_bind/wrist_l_bind final","cat":"step","ph":"X","ts":127489,"dur":1,"pid":1,"tid":31},
{"name":"ProviderMatrix /Biped/Rig/Joints/hips_bind/spine_0_bind/spine_1_bind/spine_2_bind/spine_3_bind/spine_4_bind/spine_5_bind/chest_bind/clavicle_l_bind/shoulder_l_bind/elbow_l_bind/wrist_l_bind/index_001_l_bind/index_002_combo_l_driver final","cat":"step","ph":"X","ts":127565,"dur":1,"pid":1,"tid":25},
{"name":"ProviderMatrix /Biped/Rig/Joints/hips_bind/spine_0_bind/spine_1_bind/spine_2_bind/spine_3_bind/spine_4_bind/spine_5_bind/chest_bind/clavicle_l_bind/shoulder_l_bind/elbow_l_bind/wrist_l_bind/middle_001_l_bind final","cat":"step","ph":"X","ts":127566,"dur":1,"pid":1,"tid":25},
{"name":"ProviderMatrix /Biped/Rig/Joints/hips_bind/spine_0_bind/spine_1_bind/spine_2_bind/spine_3_bind/spine_4_bind/spine_5_bind/chest_bind/clavicle_l_bind/shoulder_l_bind/elbow_l_bind/wrist_l_bind/middle_001_l_bind/middle_002_l_bind/middle_003_l_bind/middle_004_l_bind/middle_005_l_bind final","cat":"step","ph":"X","ts":127567,"dur":1,"pid":1,"tid":25},
{"name":"ProviderMatrix /Biped/Rig/Joints/hips_bind/spine_0_bind/spine_1_bind/spine_2_bind/spine_3_bind/spine_4_bind/spine_5_bind/chest_bind/clavicle_l_bind/shoulder_l_bind/elbow_l_bind/wrist_l_bind/pinkyCup_l_bind/pinky_001_l_bind/pinky_002_l_bind final","cat":"step","ph":"X","ts":128110,"dur":1,"pid":1,"tid":24},
{"name":"ProviderMatrix /Biped/Rig/Joints/hips_bind/spine_0_bind/spine_1_bind/spine_2_bind/spine_3_bind/spine_4_bind/spine_5_bind/chest_bind/clavicle_l_bind/shoulder_l_bind/elbow_l_bind/wrist_l_bind/ring_001_l_bind/ring_002_l_bind/ring_003_l_bind/ring_004_l_bind final","cat":"step","ph":"X","ts":127568,"dur":1,"pid":1,"tid":25},
{"name":"ProviderMatrix /Biped/Rig/Joints/hips_bind/spine_0_bind/spine_1_bind/spine_2_bind/spine_3_bind/spine_4_bind/spine_5_bind/chest_bind/clavicle_r_bind/clavicle_trans_combo_r_driver final","cat":"step","ph":"X","ts":128955,"dur":1,"pid":1,"tid":24},
{"name":"ProviderMatrix /Biped/Rig/Joints/hips_bind/spine_0_bind/spine_1_bind/spine_2_bind/spine_3_bind/spine_4_bind/spine_5_bind/chest_bind/clavicle_r_bind/shoulder_r_bind final","cat":"step","ph":"X","ts":127516,"dur":1,"pid":1,"tid":21},
{"name":"ProviderMatrix /Biped/Rig/Joints/hips_bind/spine_0_bind/spine_1_bind/spine_2_bind/spine_3_bind/spine_4_bind/spine_5_bind/chest_bind/clavicle_r_bind/shoulder_r_bind/elbow_r_bind/wristTwist_r_driver final","cat":"step","ph":"X","ts":128260,"dur":1,"pid":1,"tid":24},
{"name":"ProviderMatrix /Biped/Rig/Joints/hips_bind/spine_0_bind/spine_1_bind/spine_2_bind/spine_3_bind/spine_4_bind/spine_5_bind/chest_bind/clavicle_r_bind/shoulder_r_bind/elbow_r_bind/wrist_r_bind/thumbCup_r_bind/thumb_001_r_bind/thumb_002_r_bind/thumb_003_r_bind/thumb_004_r_bind final","cat":"step","ph":"X","ts":128114,"dur":1,"pid":1,"tid":24},
{"name":"ProviderMatrix /Biped/Rig/Joints/hips_bind/spine_0_bind/spine_1_bind/spine_2_bind/spine_3_bind/spine_4_bind/spine_5_bind/chest_bind/neck_base_bind final","cat":"step","ph":"X","ts":128949,"dur":1,"pid":1,"tid":24},
{"name":"ProviderMatrix /Biped/Rig/Joints/hips_bind/spine_0_bind/spine_1_bind/spine_2_bind/spine_3_bind/spine_4_bind/spine_5_bind/chest_bind/neck_base_bind/neck_0_bind/neck_1_bind final","cat":"step","ph":"X","ts":128993,"dur":1,"pid":1,"tid":24},
{"name":"ProviderMatrix /Biped/Rig/Joints/hips_bind/spine_0_bind/spine_1_bind/spine_2_bind/spine_3_bind/spine_4_bind/spine_5_bind/chest_bind/neck_base_bind/neck_0_bind/neck_1_bind/neck_2_bind/neck_3_bind/skull_bind/face_lower_bind/face_mid_bind/nose_bridge_bind/nose_bind final","cat":"step","ph":"X","ts":129014,"dur":1,"pid":1,"tid":24},
{"name":"ProviderMatrix /Biped/Rig/Joints/hips_bind/spine_0_bind/spine_1_bind/spine_2_bind/spine_3_bind/spine_4_bind/spine_5_bind/chest_bind/neck_base_bind/neck_0_bind/neck_1_bind/neck_2_bind/neck_3_bind/skull_bind/face_lower_bind/jaw_bind/tongue_0_bind/tongue_1_bind/tongue_2_bind/tongue_3_bind final","cat":"step","ph":"X","ts":129015,"dur":1,"pid":1,"tid":24},
{"name":"ProviderMatrix /Biped/Rig/Joints/hips_bind/spine_0_bind/spine_1_bind/spine_2_bind/spine_3_bind/spine_4_bind/spine_5_bind/chest_bind/neck_base_bind/neck_0_bind/neck_1_bind/neck_2_bind/neck_3_bind/skull_bind/face_upper_bind/head_tip_bind/brow_inner_l_bind final","cat":"step","ph":"X","ts":129016,"dur":1,"pid":1,"tid":24},
{"name":"ProviderMatrix /Biped/Rig/Joints/neck_ik_neck_0_bind final","cat":"step","ph":"X","ts":128264,"dur":1,"pid":1,"tid":24},
{"name":"ProviderMatrix /Biped/Rig/Joints/pupilCenter_r_pivot final","cat":"step","ph":"X","ts":127393,"dur":1,"pid":1,"tid":0},
{"name":"ProviderMatrix /Biped/Rig/Joints/spine_ik_spine_0_bind/spine_ik_spine_1_bind final","cat":"step","ph":"X","ts":127462,"dur":1,"pid":1,"tid":31},
{"name":"ProviderMatrix /Biped/Rig/Joints/spine_ik_spine_0_bind/spine_ik_spine_1_bind/spine_ik_spine_2_bind/spine_ik_spine_3_bind/spine_ik_spine_4_bind/spine_ik_spine_5_bind/spine_ik_chest_bind final","cat":"step","ph":"X","ts":127463,"dur":1,"pid":1,"tid":31},
{"name":"InfluenceFold /Biped/Rig/Movers/skin_body_geo/body_geo_skin","cat":"step","ph":"X","ts":129017,"dur":29,"pid":1,"tid":24},
{"name":"RevisionChunk /Biped/Rig/Movers/skin_body_geo/body_geo_skin","cat":"step","ph":"X","ts":129046,"dur":1753,"pid":1,"tid":24},
{"name":"RevisionFuse /Biped/Rig/Movers/skin_body_geo/body_geo_skin","cat":"step","ph":"X","ts":130800,"dur":5,"pid":1,"tid":24},
{"name":"ChainStatus /Biped/Geom/body_geo.points","cat":"step","ph":"X","ts":130805,"dur":39,"pid":1,"tid":24},
{"name":"Derived /Biped/Geom/body_geo.extent","cat":"step","ph":"X","ts":130844,"dur":459,"pid":1,"tid":24},
{"name":"cluster 0","cat":"cluster","ph":"X","ts":127378,"dur":8,"pid":1,"tid":0,"args":{"level":"1","steps":"21","waitUs":"2"}},
{"name":"cluster 1","cat":"cluster","ph":"X","ts":127386,"dur":8,"pid":1,"tid":0,"args":{"level":"2","steps":"30","waitUs":"0"}},
{"name":"cluster 2","cat":"cluster","ph":"X","ts":127405,"dur":7,"pid":1,"tid":0,"args":{"level":"3","steps":"20","waitUs":"11"}},
{"name":"cluster 3","cat":"cluster","ph":"X","ts":127413,"dur":17,"pid":1,"tid":11,"args":{"level":"4","steps":"17","waitUs":"1"}},
{"name":"cluster 4","cat":"cluster","ph":"X","ts":127432,"dur":13,"pid":1,"tid":31,"args":{"level":"5","steps":"17","waitUs":"2"}},
{"name":"cluster 5","cat":"cluster","ph":"X","ts":127446,"dur":14,"pid":1,"tid":2,"args":{"level":"6","steps":"23","waitUs":"1"}},
{"name":"cluster 6","cat":"cluster","ph":"X","ts":127461,"dur":5,"pid":1,"tid":2,"args":{"level":"7","steps":"15","waitUs":"1"}},
{"name":"cluster 7","cat":"cluster","ph":"X","ts":127470,"dur":9,"pid":1,"tid":22,"args":{"level":"8","steps":"13","waitUs":"3"}},
{"name":"cluster 8","cat":"cluster","ph":"X","ts":127398,"dur":7,"pid":1,"tid":0,"args":{"level":"3","steps":"15","waitUs":"4"}},
{"name":"cluster 9","cat":"cluster","ph":"X","ts":127483,"dur":16,"pid":1,"tid":21,"args":{"level":"9","steps":"15","waitUs":"3"}},
{"name":"cluster 10","cat":"cluster","ph":"X","ts":127502,"dur":10,"pid":1,"tid":11,"args":{"level":"10","steps":"17","waitUs":"3"}},
{"name":"cluster 11","cat":"cluster","ph":"X","ts":127528,"dur":18,"pid":1,"tid":25,"args":{"level":"11","steps":"16","waitUs":"2"}},
{"name":"cluster 12","cat":"cluster","ph":"X","ts":127464,"dur":3,"pid":1,"tid":31,"args":{"level":"7","steps":"6","waitUs":"0"}},
{"name":"cluster 13","cat":"cluster","ph":"X","ts":127558,"dur":271,"pid":1,"tid":24,"args":{"level":"12","steps":"12","waitUs":"11"}},
{"name":"cluster 14","cat":"cluster","ph":"X","ts":127863,"dur":9,"pid":1,"tid":0,"args":{"level":"13","steps":"6","waitUs":"34"}},
{"name":"cluster 16","cat":"cluster","ph":"X","ts":127445,"dur":19,"pid":1,"tid":31,"args":{"level":"6","steps":"12","waitUs":"0"}},
{"name":"cluster 17","cat":"cluster","ph":"X","ts":127430,"dur":7,"pid":1,"tid":11,"args":{"level":"5","steps":"8","waitUs":"0"}},
{"name":"cluster 18","cat":"cluster","ph":"X","ts":128115,"dur":147,"pid":1,"tid":24,"args":{"level":"14","steps":"15","waitUs":"0"}},
{"name":"cluster 19","cat":"cluster","ph":"X","ts":127468,"dur":7,"pid":1,"tid":31,"args":{"level":"8","steps":"2","waitUs":"0"}},
{"name":"cluster 20","cat":"cluster","ph":"X","ts":127412,"dur":4,"pid":1,"tid":0,"args":{"level":"4","steps":"6","waitUs":"0"}},
{"name":"cluster 21","cat":"cluster","ph":"X","ts":127503,"dur":8,"pid":1,"tid":18,"args":{"level":"10","steps":"3","waitUs":"4"}},
{"name":"cluster 22","cat":"cluster","ph":"X","ts":127503,"dur":11,"pid":1,"tid":31,"args":{"level":"10","steps":"3","waitUs":"3"}},
{"name":"cluster 23","cat":"cluster","ph":"X","ts":127479,"dur":7,"pid":1,"tid":7,"args":{"level":"9","steps":"3","waitUs":"4"}},
{"name":"cluster 24","cat":"cluster","ph":"X","ts":127506,"dur":20,"pid":1,"tid":4,"args":{"level":"10","steps":"4","waitUs":"6"}},
{"name":"cluster 25","cat":"cluster","ph":"X","ts":127479,"dur":11,"pid":1,"tid":20,"args":{"level":"9","steps":"3","waitUs":"4"}},
{"name":"cluster 26","cat":"cluster","ph":"X","ts":127480,"dur":17,"pid":1,"tid":22,"args":{"level":"9","steps":"4","waitUs":"0"}},
{"name":"cluster 27","cat":"cluster","ph":"X","ts":128262,"dur":3,"pid":1,"tid":24,"args":{"level":"15","steps":"10","waitUs":"0"}},
{"name":"cluster 28","cat":"cluster","ph":"X","ts":128265,"dur":130,"pid":1,"tid":24,"args":{"level":"16","steps":"4","waitUs":"0"}},
{"name":"cluster 29","cat":"cluster","ph":"X","ts":128395,"dur":149,"pid":1,"tid":24,"args":{"level":"17","steps":"6","waitUs":"0"}},
{"name":"cluster 30","cat":"cluster","ph":"X","ts":128562,"dur":19,"pid":1,"tid":20,"args":{"level":"18","steps":"5","waitUs":"18"}},
{"name":"cluster 31","cat":"cluster","ph":"X","ts":128581,"dur":13,"pid":1,"tid":20,"args":{"level":"19","steps":"5","waitUs":"0"}},
{"name":"cluster 32","cat":"cluster","ph":"X","ts":127506,"dur":15,"pid":1,"tid":14,"args":{"level":"10","steps":"3","waitUs":"6"}},
{"name":"cluster 33","cat":"cluster","ph":"X","ts":127521,"dur":6,"pid":1,"tid":14,"args":{"level":"11","steps":"2","waitUs":"0"}},
{"name":"cluster 34","cat":"cluster","ph":"X","ts":128594,"dur":12,"pid":1,"tid":20,"args":{"level":"20","steps":"4","waitUs":"0"}},
{"name":"cluster 35","cat":"cluster","ph":"X","ts":128608,"dur":14,"pid":1,"tid":13,"args":{"level":"21","steps":"3","waitUs":"2"}},
{"name":"cluster 36","cat":"cluster","ph":"X","ts":128622,"dur":18,"pid":1,"tid":13,"args":{"level":"22","steps":"4","waitUs":"0"}},
{"name":"cluster 37","cat":"cluster","ph":"X","ts":128866,"dur":11,"pid":1,"tid":24,"args":{"level":"23","steps":"9","waitUs":"0"}},
{"name":"cluster 38","cat":"cluster","ph":"X","ts":128877,"dur":9,"pid":1,"tid":24,"args":{"level":"24","steps":"6","waitUs":"0"}},
{"name":"cluster 39","cat":"cluster","ph":"X","ts":128886,"dur":6,"pid":1,"tid":24,"args":{"level":"25","steps":"3","waitUs":"0"}},
{"name":"cluster 40","cat":"cluster","ph":"X","ts":128892,"dur":5,"pid":1,"tid":24,"args":{"level":"26","steps":"2","waitUs":"0"}},
{"name":"cluster 41","cat":"cluster","ph":"X","ts":128897,"dur":5,"pid":1,"tid":24,"args":{"level":"27","steps":"1","waitUs":"0"}},
{"name":"cluster 42","cat":"cluster","ph":"X","ts":128902,"dur":5,"pid":1,"tid":24,"args":{"level":"28","steps":"2","waitUs":"0"}},
{"name":"cluster 43","cat":"cluster","ph":"X","ts":128907,"dur":5,"pid":1,"tid":24,"args":{"level":"29","steps":"1","waitUs":"0"}},
{"name":"cluster 44","cat":"cluster","ph":"X","ts":128912,"dur":4,"pid":1,"tid":24,"args":{"level":"30","steps":"2","waitUs":"0"}},
{"name":"cluster 45","cat":"cluster","ph":"X","ts":128916,"dur":5,"pid":1,"tid":24,"args":{"level":"31","steps":"1","waitUs":"0"}},
{"name":"cluster 46","cat":"cluster","ph":"X","ts":128921,"dur":4,"pid":1,"tid":24,"args":{"level":"32","steps":"2","waitUs":"0"}},
{"name":"cluster 47","cat":"cluster","ph":"X","ts":128925,"dur":5,"pid":1,"tid":24,"args":{"level":"33","steps":"1","waitUs":"0"}},
{"name":"cluster 48","cat":"cluster","ph":"X","ts":128930,"dur":5,"pid":1,"tid":24,"args":{"level":"34","steps":"1","waitUs":"0"}},
{"name":"cluster 49","cat":"cluster","ph":"X","ts":128935,"dur":6,"pid":1,"tid":24,"args":{"level":"35","steps":"4","waitUs":"0"}},
{"name":"cluster 50","cat":"cluster","ph":"X","ts":128941,"dur":9,"pid":1,"tid":24,"args":{"level":"36","steps":"4","waitUs":"0"}},
{"name":"cluster 51","cat":"cluster","ph":"X","ts":128956,"dur":5,"pid":1,"tid":24,"args":{"level":"37","steps":"3","waitUs":"6"}},
{"name":"cluster 52","cat":"cluster","ph":"X","ts":128966,"dur":7,"pid":1,"tid":24,"args":{"level":"38","steps":"3","waitUs":"5"}},
{"name":"cluster 53","cat":"cluster","ph":"X","ts":128973,"dur":10,"pid":1,"tid":24,"args":{"level":"39","steps":"7","waitUs":"0"}},
{"name":"cluster 54","cat":"cluster","ph":"X","ts":128983,"dur":11,"pid":1,"tid":24,"args":{"level":"40","steps":"6","waitUs":"0"}},
{"name":"cluster 55","cat":"cluster","ph":"X","ts":128994,"dur":4,"pid":1,"tid":24,"args":{"level":"41","steps":"3","waitUs":"0"}},
{"name":"cluster 56","cat":"cluster","ph":"X","ts":128998,"dur":3,"pid":1,"tid":24,"args":{"level":"42","steps":"2","waitUs":"0"}},
{"name":"cluster 57","cat":"cluster","ph":"X","ts":129002,"dur":4,"pid":1,"tid":24,"args":{"level":"43","steps":"1","waitUs":"1"}},
{"name":"cluster 58","cat":"cluster","ph":"X","ts":129006,"dur":3,"pid":1,"tid":24,"args":{"level":"44","steps":"2","waitUs":"0"}},
{"name":"cluster 59","cat":"cluster","ph":"X","ts":129009,"dur":8,"pid":1,"tid":24,"args":{"level":"46","steps":"28","waitUs":"0"}},
{"name":"cluster 60","cat":"cluster","ph":"X","ts":127475,"dur":15,"pid":1,"tid":31,"args":{"level":"9","steps":"7","waitUs":"0"}},
{"name":"cluster 61","cat":"cluster","ph":"X","ts":128847,"dur":6,"pid":1,"tid":24,"args":{"level":"20","steps":"27","waitUs":"0"}},
{"name":"cluster 62","cat":"cluster","ph":"X","ts":127526,"dur":6,"pid":1,"tid":4,"args":{"level":"11","steps":"7","waitUs":"0"}},
{"name":"cluster 63","cat":"cluster","ph":"X","ts":128606,"dur":2,"pid":1,"tid":20,"args":{"level":"21","steps":"3","waitUs":"0"}},
{"name":"cluster 64","cat":"cluster","ph":"X","ts":128953,"dur":3,"pid":1,"tid":24,"args":{"level":"37","steps":"8","waitUs":"3"}},
{"name":"cluster 65","cat":"cluster","ph":"X","ts":128688,"dur":149,"pid":1,"tid":24,"args":{"level":"18","steps":"7","waitUs":"144"}},
{"name":"cluster 66","cat":"cluster","ph":"X","ts":128859,"dur":6,"pid":1,"tid":24,"args":{"level":"22","steps":"7","waitUs":"0"}},
{"name":"cluster 67","cat":"cluster","ph":"X","ts":127500,"dur":17,"pid":1,"tid":21,"args":{"level":"10","steps":"9","waitUs":"0"}},
{"name":"cluster 68","cat":"cluster","ph":"X","ts":128962,"dur":4,"pid":1,"tid":24,"args":{"level":"38","steps":"3","waitUs":"1"}},
{"name":"cluster 69","cat":"cluster","ph":"X","ts":128853,"dur":6,"pid":1,"tid":24,"args":{"level":"21","steps":"10","waitUs":"0"}},
{"name":"cluster 70","cat":"cluster","ph":"X","ts":128837,"dur":10,"pid":1,"tid":24,"args":{"level":"19","steps":"27","waitUs":"0"}},
{"name":"cluster 71","cat":"cluster","ph":"X","ts":127553,"dur":17,"pid":1,"tid":25,"args":{"level":"12","steps":"30","waitUs":"6"}},
{"name":"cluster 72","cat":"cluster","ph":"X","ts":127970,"dur":145,"pid":1,"tid":24,"args":{"level":"13","steps":"36","waitUs":"140"}},
{"name":"cluster 73","cat":"cluster","ph":"X","ts":129017,"dur":29,"pid":1,"tid":24,"args":{"level":"47","steps":"1","waitUs":"0"}},
{"name":"cluster 74","cat":"cluster","ph":"X","ts":129046,"dur":1753,"pid":1,"tid":24,"args":{"level":"48","steps":"1","waitUs":"0"}},
{"name":"cluster 75","cat":"cluster","ph":"X","ts":130800,"dur":503,"pid":1,"tid":24,"args":{"level":"51","steps":"3","waitUs":"0"}},
{"name":"BakedPublish","cat":"baked","ph":"X","ts":131415,"dur":65,"pid":1,"tid":0},
{"name":"BakedEpilogue","cat":"baked","ph":"X","ts":131311,"dur":177,"pid":1,"tid":0},
{"name":"Baked","cat":"baked","ph":"X","ts":127229,"dur":4260,"pid":1,"tid":0},
{"name":"Evaluate.Run","cat":"evaluate","ph":"X","ts":127229,"dur":4260,"pid":1,"tid":0},
{"name":"Evaluate@4","cat":"evaluate","ph":"X","ts":127227,"dur":4263,"pid":1,"tid":0},
{"name":"Evaluate.Settle","cat":"evaluate","ph":"X","ts":131593,"dur":0,"pid":1,"tid":0},
{"name":"Evaluate.PlaceOverrides","cat":"evaluate","ph":"X","ts":131594,"dur":0,"pid":1,"tid":0},
{"name":"PropertyChains","cat":"property","ph":"X","ts":131597,"dur":8,"pid":1,"tid":0},
{"name":"BakedInputs","cat":"baked","ph":"X","ts":131606,"dur":12,"pid":1,"tid":0},
{"name":"BakedChainBase","cat":"geometry","ph":"X","ts":131736,"dur":3,"pid":1,"tid":0},
{"name":"BakedPrologue","cat":"baked","ph":"X","ts":131596,"dur":144,"pid":1,"tid":0},
{"name":"BakedRegion","cat":"baked","ph":"X","ts":131740,"dur":1262,"pid":1,"tid":0},
{"name":"ComposeSubtree /Biped/Rig/Controls/arm_l_ik","cat":"step","ph":"X","ts":131777,"dur":2,"pid":1,"tid":0},
{"name":"ComposeSubtree /Biped/Rig/Controls/arm_r_params","cat":"step","ph":"X","ts":131779,"dur":1,"pid":1,"tid":0},
{"name":"ComposeSubtree /Biped/Rig/Controls/hips_ctl","cat":"step","ph":"X","ts":131780,"dur":1,"pid":1,"tid":0},
{"name":"ComposeSubtree /Biped/Rig/Controls/hips_ctl/spine_root_pivot/spine_root_ctl/pelvis_l_ctl/leg_l_root/leg_l_fk_thigh_l_bind/leg_l_fk_knee_l_bind","cat":"step","ph":"X","ts":131825,"dur":2,"pid":1,"tid":23},
{"name":"ComposeSubtree /Biped/Rig/Controls/hips_ctl/spine_root_pivot/spine_root_ctl/pelvis_r_ctl/leg_r_root/leg_r_fk_thigh_r_bind/leg_r_fk_knee_r_bind","cat":"step","ph":"X","ts":131853,"dur":9,"pid":1,"tid":7},
{"name":"ComposeSubtree /Biped/Rig/Controls/hips_ctl/torso_ctl","cat":"step","ph":"X","ts":131788,"dur":2,"pid":1,"tid":0},
{"name":"ComposeSubtree /Biped/Rig/Controls/hips_ctl/torso_ctl/spine_end_pivot/spine_end_ctl/clavicle_l_ctl/arm_l_root/arm_l_fk_shoulder_l_bind/arm_l_fk_elbow_l_bind","cat":"step","ph":"X","ts":131862,"dur":3,"pid":1,"tid":7},
{"name":"ComposeSubtree /Biped/Rig/Controls/hips_ctl/torso_ctl/spine_end_pivot/spine_end_ctl/clavicle_r_ctl/arm_r_root/arm_r_fk_shoulder_r_bind","cat":"step","ph":"X","ts":131865,"dur":1,"pid":1,"tid":7},
{"name":"ComposeSubtree /Biped/Rig/Controls/hips_ctl/torso_ctl/spine_end_pivot/spine_end_ctl/clavicle_r_ctl/arm_r_root/arm_r_fk_shoulder_r_bind/arm_r_fk_elbow_r_bind","cat":"step","ph":"X","ts":131915,"dur":1,"pid":1,"tid":26},
{"name":"ComposeSubtree /Biped/Rig/Controls/hips_ctl/torso_ctl/spine_end_pivot/spine_end_ctl/neck_root_ctl","cat":"step","ph":"X","ts":131828,"dur":1,"pid":1,"tid":23},
{"name":"ComposeSubtree /Biped/Rig/Controls/hips_ctl/torso_ctl/spine_end_pivot/spine_end_ctl/neck_root_ctl/neck_end_pivot","cat":"step","ph":"X","ts":131866,"dur":3,"pid":1,"tid":7},
{"name":"ComposeSubtree /Biped/Rig/Controls/index_001_l_bind_fk_follow","cat":"step","ph":"X","ts":131781,"dur":1,"pid":1,"tid":0},
{"name":"ComposeSubtree /Biped/Rig/Controls/index_001_r_bind_fk_follow/index_001_r_bind_fk/index_002_r_bind_fk/index_003_r_bind_fk","cat":"step","ph":"X","ts":131815,"dur":1,"pid":1,"tid":0},
{"name":"ComposeSubtree /Biped/Rig/Controls/leg_l_ik/ankle_l_pivot/bankIn_l_pivot","cat":"step","ph":"X","ts":131790,"dur":1,"pid":1,"tid":0},
{"name":"ComposeSubtree /Biped/Rig/Controls/leg_l_ik/ankle_l_pivot/bankIn_l_pivot/bankOut_l_pivot/heel_l_roll/heel_l/ball_l_pivot/toe_l_roll/toe_l","cat":"step","ph":"X","ts":131869,"dur":3,"pid":1,"tid":7},
{"name":"ComposeSubtree /Biped/Rig/Controls/leg_l_ik/ankle_l_pivot/bankIn_l_pivot/bankOut_l_pivot/heel_l_roll/heel_l/ball_l_pivot/toe_l_roll/toe_l/ballRoll_l_up/ballRoll_l_down/ballRoll_l/ankle_l_ikTarget","cat":"step","ph":"X","ts":131928,"dur":1,"pid":1,"tid":26},
{"name":"ComposeSubtree /Biped/Rig/Controls/leg_l_ik/ankle_l_pivot/bankIn_l_pivot/bankOut_l_pivot/heel_l_roll/heel_l/ball_l_pivot/toe_l_roll/toe_l/ballRoll_l_up/ballRoll_l_down_twin","cat":"step","ph":"X","ts":131916,"dur":1,"pid":1,"tid":26},
{"name":"ComposeSubtree /Biped/Rig/Controls/leg_l_ik/ankle_l_pivot/bankIn_l_pivot/bankOut_l_pivot/heel_l_roll/heel_l/ball_l_pivot/toe_l_roll_twin","cat":"step","ph":"X","ts":131872,"dur":6,"pid":1,"tid":7},
{"name":"ComposeSubtree /Biped/Rig/Controls/leg_l_pv","cat":"step","ph":"X","ts":131782,"dur":1,"pid":1,"tid":0},
{"name":"ComposeSubtree /Biped/Rig/Controls/leg_r_ik/ankle_r_pivot/bankIn_r_pivot/bankOut_r_pivot","cat":"step","ph":"X","ts":131816,"dur":1,"pid":1,"tid":0},
{"name":"ComposeSubtree /Biped/Rig/Controls/leg_r_ik/ankle_r_pivot/bankIn_r_pivot/bankOut_r_pivot/heel_r_roll/heel_r","cat":"step","ph":"X","ts":131829,"dur":1,"pid":1,"tid":23},
{"name":"ComposeSubtree /Biped/Rig/Controls/leg_r_ik/ankle_r_pivot/bankIn_r_pivot/bankOut_r_pivot/heel_r_roll/heel_r/ball_r_pivot/toe_r_roll","cat":"step","ph":"X","ts":131878,"dur":3,"pid":1,"tid":7},
{"name":"ComposeSubtree /Biped/Rig/Controls/leg_r_ik/ankle_r_pivot/bankIn_r_pivot/bankOut_r_pivot/heel_r_roll/heel_r/ball_r_pivot/toe_r_roll/toe_r/ballRoll_r_up","cat":"step","ph":"X","ts":131917,"dur":1,"pid":1,"tid":26},
{"name":"ComposeSubtree /Biped/Rig/Controls/leg_r_ik/ankle_r_pivot/bankIn_r_pivot/bankOut_r_pivot/heel_r_roll/heel_r/ball_r_pivot/toe_r_roll/toe_r/ballRoll_r_up/ballRoll_r_down/ballRoll_r","cat":"step","ph":"X","ts":131929,"dur":1,"pid":1,"tid":26},
{"name":"ComposeSubtree /Biped/Rig/Controls/leg_r_ik/ankle_r_pivot/bankIn_r_pivot/bankOut_r_pivot/heel_r_roll/heel_r/ball_r_pivot/toe_r_roll/toe_r/ballRoll_r_up/ballRoll_r_down/ballRoll_r/ball_r_ikTarget","cat":"step","ph":"X","ts":131944,"dur":2,"pid":1,"tid":25},
{"name":"ComposeSubtree /Biped/Rig/Controls/leg_r_ik/ankle_r_pivot/bankIn_r_pivot/bankOut_r_pivot/heel_r_roll/heel_r/ball_r_pivot/toe_r_roll/toe_r/ballRoll_r_up_twin","cat":"step","ph":"X","ts":131918,"dur":1,"pid":1,"tid":26},
{"name":"ComposeSubtree /Biped/Rig/Controls/leg_r_ik/ankle_r_pivot/bankIn_r_pivot/bankOut_r_pivot/heel_r_roll/heel_r/ball_r_pivot/toe_r_roll_twin","cat":"step","ph":"X","ts":131881,"dur":3,"pid":1,"tid":7},
{"name":"ComposeSubtree /Biped/Rig/Controls/leg_r_ik/ankle_r_pivot/bank_r","cat":"step","ph":"X","ts":131817,"dur":1,"pid":1,"tid":0},
{"name":"ComposeSubtree /Biped/Rig/Controls/middle_001_r_bind_fk_follow","cat":"step","ph":"X","ts":131783,"dur":1,"pid":1,"tid":0},
{"name":"ComposeSubtree /Biped/Rig/Controls/pinkyCup_r_bind_fk_follow","cat":"step","ph":"X","ts":131784,"dur":1,"pid":1,"tid":0},
{"name":"ComposeSubtree /Biped/Rig/Controls/pinkyCup_r_bind_fk_follow/pinkyCup_r_bind_fk/pinky_001_r_bind_fk","cat":"step","ph":"X","ts":131792,"dur":1,"pid":1,"tid":0},
{"name":"ComposeSubtree /Biped/Rig/Controls/pinkyCup_r_bind_fk_follow/pinkyCup_r_bind_fk/pinky_001_r_bind_fk/pinky_002_r_bind_fk/pinky_003_r_bind_fk","cat":"step","ph":"X","ts":131818,"dur":1,"pid":1,"tid":0},
{"name":"ComposeSubtree /Biped/Rig/Controls/spine_mid_follow","cat":"step","ph":"X","ts":131785,"dur":1,"pid":1,"tid":0},
{"name":"ComposeSubtree /Biped/Rig/Controls/thumbCup_r_bind_fk_follow/thumbCup_r_bind_fk/thumb_001_r_bind_fk/thumb_002_r_bind_fk","cat":"step","ph":"X","ts":131819,"dur":1,"pid":1,"tid":0},
{"name":"ComposeSubtree /Biped/Rig/Joints/ankle_r_pivot/bankIn_r_pivot/bankOut_r_pivot","cat":"step","ph":"X","ts":131793,"dur":1,"pid":1,"tid":0},
{"name":"ComposeSubtree /Biped/Rig/Joints/ankle_r_pivot/bankIn_r_pivot/bankOut_r_pivot/heel_r_pivot/ball_r_pivot/toe_r_pivot/ballRoll_r_pivot","cat":"step","ph":"X","ts":131830,"dur":1,"pid":1,"tid":23},
{"name":"ComposeSubtree /Biped/Rig/Joints/hips_bind/pelvis_l_bind/pelvis_trans_l_bind/thigh_l_driver","cat":"step","ph":"X","ts":131803,"dur":1,"pid":1,"tid":0},
{"name":"ComposeSubtree /Biped/Rig/Joints/hips_bind/pelvis_l_bind/thigh_l_bind","cat":"step","ph":"X","ts":131794,"dur":1,"pid":1,"tid":0},
{"name":"ComposeSubtree /Biped/Rig/Joints/hips_bind/pelvis_l_bind/thigh_l_bind/knee_l_bind/ankle_l_bind/ball_l_bind/toe1_001_l_bind/toe1_002_l_bind","cat":"step","ph":"X","ts":131884,"dur":2,"pid":1,"tid":7},
{"name":"ComposeSubtree /Biped/Rig/Joints/hips_bind/pelvis_l_bind/thigh_l_bind/knee_l_bind/ankle_l_bind/ball_l_bind/toe2_001_l_bind","cat":"step","ph":"X","ts":131886,"dur":3,"pid":1,"tid":7},
{"name":"ComposeSubtree /Biped/Rig/Joints/hips_bind/pelvis_l_bind/thigh_l_bind/knee_l_bind/ankle_l_bind/ball_l_bind/toe2_001_l_bind/toe2_002_l_bind/toe2_003_l_bind","cat":"step","ph":"X","ts":131919,"dur":1,"pid":1,"tid":26},
{"name":"ComposeSubtree /Biped/Rig/Joints/hips_bind/pelvis_l_bind/thigh_l_bind/knee_l_bind/ankle_l_bind/ball_l_bind/toe3_001_l_bind","cat":"step","ph":"X","ts":131889,"dur":2,"pid":1,"tid":7},
{"name":"ComposeSubtree /Biped/Rig/Joints/hips_bind/pelvis_l_bind/thigh_l_bind/knee_l_bind/ankle_l_bind/ball_l_bind/toe4_001_l_bind","cat":"step","ph":"X","ts":131892,"dur":2,"pid":1,"tid":7},
{"name":"ComposeSubtree /Biped/Rig/Joints/hips_bind/pelvis_l_bind/thigh_l_bind/knee_l_bind/ankle_l_bind/ball_l_bind/toe4_001_l_bind/toe4_002_l_bind/toe4_003_l_bind","cat":"step","ph":"X","ts":131920,"dur":1,"pid":1,"tid":26},
{"name":"ComposeSubtree /Biped/Rig/Joints/hips_bind/pelvis_l_bind/thigh_l_bind/knee_l_bind/ankle_l_bind/ball_l_bind/toe5_001_l_bind","cat":"step","ph":"X","ts":131894,"dur":2,"pid":1,"tid":7},
{"name":"ComposeSubtree /Biped/Rig/Joints/hips_bind/pelvis_l_bind/thigh_l_bind/knee_l_bind/ankle_l_bind/ball_l_bind/toe_l_bind","cat":"step","ph":"X","ts":131897,"dur":2,"pid":1,"tid":7},
{"name":"ComposeSubtree /Biped/Rig/Joints/hips_bind/pelvis_l_bind/thigh_l_bind/knee_l_bind/kneeTwist_l_bind","cat":"step","ph":"X","ts":131804,"dur":1,"pid":1,"tid":0},
{"name":"ComposeSubtree /Biped/Rig/Joints/hips_bind/pelvis_r_bind/pelvis_trans_r_bind/thigh_r_driver","cat":"step","ph":"X","ts":131831,"dur":1,"pid":1,"tid":23},
{"name":"ComposeSubtree /Biped/Rig/Joints/hips_bind/pelvis_r_bind/thigh_r_bind/knee_r_bind/ankleTwist_r_driver","cat":"step","ph":"X","ts":131832,"dur":1,"pid":1,"tid":23},
{"name":"ComposeSubtree /Biped/Rig/Joints/hips_bind/pelvis_r_bind/thigh_r_bind/knee_r_bind/ankle_r_bind/ball_r_bind","cat":"step","ph":"X","ts":131899,"dur":3,"pid":1,"tid":7},
{"name":"ComposeSubtree /Biped/Rig/Joints/hips_bind/pelvis_r_bind/thigh_r_bind/knee_r_bind/ankle_r_bind/ball_r_bind/toe1_001_r_bind/toe1_002_r_bind/toe1_003_r_bind","cat":"step","ph":"X","ts":131930,"dur":1,"pid":1,"tid":26},
{"name":"ComposeSubtree /Biped/Rig/Joints/hips_bind/pelvis_r_bind/thigh_r_bind/knee_r_bind/ankle_r_bind/ball_r_bind/toe2_001_r_bind","cat":"step","ph":"X","ts":131921,"dur":1,"pid":1,"tid":26},
{"name":"ComposeSubtree /Biped/Rig/Joints/hips_bind/pelvis_r_bind/thigh_r_bind/knee_r_bind/ankle_r_bind/ball_r_bind/toe4_001_r_bind","cat":"step","ph":"X","ts":131922,"dur":1,"pid":1,"tid":26},
{"name":"ComposeSubtree /Biped/Rig/Joints/hips_bind/pelvis_r_bind/thigh_r_bind/knee_r_bind/ankle_r_bind/ball_r_bind/toe4_001_r_bind/toe4_002_r_bind/toe4_003_r_bind","cat":"step","ph":"X","ts":131931,"dur":1,"pid":1,"tid":26},
{"name":"ComposeSubtree /Biped/Rig/Joints/hips_bind/pelvis_r_bind/thigh_r_bind/knee_r_bind/ankle_r_bind/ball_r_bind/toe_r_bind","cat":"step","ph":"X","ts":131923,"dur":1,"pid":1,"tid":26},
{"name":"ComposeSubtree /Biped/Rig/Joints/hips_bind/spine_0_bind","cat":"step","ph":"X","ts":131795,"dur":1,"pid":1,"tid":0},
{"name":"ComposeSubtree /Biped/Rig/Joints/hips_bind/spine_0_bind/spine_1_bind/spine_2_bind","cat":"step","ph":"X","ts":131805,"dur":1,"pid":1,"tid":0},
{"name":"ComposeSubtree /Biped/Rig/Joints/hips_bind/spine_0_bind/spine_1_bind/spine_2_bind/spine_3_bind/spine_4_bind","cat":"step","ph":"X","ts":131833,"dur":1,"pid":1,"tid":23},
{"name":"ComposeSubtree /Biped/Rig/Joints/hips_bind/spine_0_bind/spine_1_bind/spine_2_bind/spine_3_bind/spine_4_bind/spine_5_bind/chest_bind","cat":"step","ph":"X","ts":131902,"dur":3,"pid":1,"tid":7},
{"name":"ComposeSubtree /Biped/Rig/Joints/hips_bind/spine_0_bind/spine_1_bind/spine_2_bind/spine_3_bind/spine_4_bind/spine_5_bind/chest_bind/clavicle_l_bind/clavicle_trans_l_bind/shoulder_l_driver","cat":"step","ph":"X","ts":131932,"dur":1,"pid":1,"tid":26},
{"name":"ComposeSubtree /Biped/Rig/Joints/hips_bind/spine_0_bind/spine_1_bind/spine_2_bind/spine_3_bind/spine_4_bind/spine_5_bind/chest_bind/clavicle_l_bind/shoulder_l_bind","cat":"step","ph":"X","ts":131924,"dur":1,"pid":1,"tid":26},
{"name":"ComposeSubtree /Biped/Rig/Joints/hips_bind/spine_0_bind/spine_1_bind/spine_2_bind/spine_3_bind/spine_4_bind/spine_5_bind/chest_bind/clavicle_l_bind/shoulder_l_bind/elbow_l_bind/wristTwist_l_driver","cat":"step","ph":"X","ts":131933,"dur":1,"pid":1,"tid":26},
{"name":"ComposeSubtree /Biped/Rig/Joints/hips_bind/spine_0_bind/spine_1_bind/spine_2_bind/spine_3_bind/spine_4_bind/spine_5_bind/chest_bind/clavicle_l_bind/shoulder_l_bind/elbow_l_bind/wrist_l_bind/index_001_l_bind","cat":"step","ph":"X","ts":131946,"dur":1,"pid":1,"tid":25},
{"name":"ComposeSubtree /Biped/Rig/Joints/hips_bind/spine_0_bind/spine_1_bind/spine_2_bind/spine_3_bind/spine_4_bind/spine_5_bind/chest_bind/clavicle_l_bind/shoulder_l_bind/elbow_l_bind/wrist_l_bind/index_001_l_bind/index_002_l_bind","cat":"step","ph":"X","ts":131955,"dur":1,"pid":1,"tid":25},
{"name":"ComposeSubtree /Biped/Rig/Joints/hips_bind/spine_0_bind/spine_1_bind/spine_2_bind/spine_3_bind/spine_4_bind/spine_5_bind/chest_bind/clavicle_l_bind/shoulder_l_bind/elbow_l_bind/wrist_l_bind/index_001_l_bind/index_002_l_bind/index_003_l_bind/index_004_l_bind","cat":"step","ph":"X","ts":131984,"dur":2,"pid":1,"tid":20},
{"name":"ComposeSubtree /Biped/Rig/Joints/hips_bind/spine_0_bind/spine_1_bind/spine_2_bind/spine_3_bind/spine_4_bind/spine_5_bind/chest_bind/clavicle_l_bind/shoulder_l_bind/elbow_l_bind/wrist_l_bind/middle_001_l_bind","cat":"step","ph":"X","ts":131947,"dur":1,"pid":1,"tid":25},
{"name":"ComposeSubtree /Biped/Rig/Joints/hips_bind/spine_0_bind/spine_1_bind/spine_2_bind/spine_3_bind/spine_4_bind/spine_5_bind/chest_bind/clavicle_l_bind/shoulder_l_bind/elbow_l_bind/wrist_l_bind/middle_001_l_bind/middle_002_l_bind","cat":"step","ph":"X","ts":131956,"dur":10,"pid":1,"tid":25},
{"name":"ComposeSubtree /Biped/Rig/Joints/hips_bind/spine_0_bind/spine_1_bind/spine_2_bind/spine_3_bind/spine_4_bind/spine_5_bind/chest_bind/clavicle_l_bind/shoulder_l_bind/elbow_l_bind/wrist_l_bind/pinkyCup_l_bind","cat":"step","ph":"X","ts":131948,"dur":1,"pid":1,"tid":25},
{"name":"ComposeSubtree /Biped/Rig/Joints/hips_bind/spine_0_bind/spine_1_bind/spine_2_bind/spine_3_bind/spine_4_bind/spine_5_bind/chest_bind/clavicle_l_bind/shoulder_l_bind/elbow_l_bind/wrist_l_bind/pinkyCup_l_bind/pinky_001_l_bind/pinky_002_combo_l_driver","cat":"step","ph":"X","ts":131966,"dur":1,"pid":1,"tid":25},
{"name":"ComposeSubtree /Biped/Rig/Joints/hips_bind/spine_0_bind/spine_1_bind/spine_2_bind/spine_3_bind/spine_4_bind/spine_5_bind/chest_bind/clavicle_l_bind/shoulder_l_bind/elbow_l_bind/wrist_l_bind/pinkyCup_l_bind/pinky_001_l_bind/pinky_002_l_bind/pinky_003_l_bind","cat":"step","ph":"X","ts":131986,"dur":1,"pid":1,"tid":20},
{"name":"ComposeSubtree /Biped/Rig/Joints/hips_bind/spine_0_bind/spine_1_bind/spine_2_bind/spine_3_bind/spine_4_bind/spine_5_bind/chest_bind/clavicle_l_bind/shoulder_l_bind/elbow_l_bind/wrist_l_bind/pinkyCup_l_bind/pinky_001_l_bind/pinky_002_l_bind/pinky_003_l_bind/pinky_004_l_bind","cat":"step","ph":"X","ts":132017,"dur":2,"pid":1,"tid":19},
{"name":"ComposeSubtree /Biped/Rig/Joints/hips_bind/spine_0_bind/spine_1_bind/spine_2_bind/spine_3_bind/spine_4_bind/spine_5_bind/chest_bind/clavicle_l_bind/shoulder_l_bind/elbow_l_bind/wrist_l_bind/ring_001_l_bind/ring_002_l_bind/ring_003_l_bind/ring_004_l_bind","cat":"step","ph":"X","ts":131987,"dur":1,"pid":1,"tid":20},
{"name":"ComposeSubtree /Biped/Rig/Joints/hips_bind/spine_0_bind/spine_1_bind/spine_2_bind/spine_3_bind/spine_4_bind/spine_5_bind/chest_bind/clavicle_l_bind/shoulder_l_bind/elbow_l_bind/wrist_l_bind/thumbCup_l_bind","cat":"step","ph":"X","ts":131949,"dur":1,"pid":1,"tid":25},
{"name":"ComposeSubtree /Biped/Rig/Joints/hips_bind/spine_0_bind/spine_1_bind/spine_2_bind/spine_3_bind/spine_4_bind/spine_5_bind/chest_bind/clavicle_l_bind/shoulder_l_bind/elbow_l_bind/wrist_l_bind/thumbCup_l_bind/thumb_001_l_bind/thumb_002_l_bind","cat":"step","ph":"X","ts":131967,"dur":1,"pid":1,"tid":25},
{"name":"ComposeSubtree /Biped/Rig/Joints/hips_bind/spine_0_bind/spine_1_bind/spine_2_bind/spine_3_bind/spine_4_bind/spine_5_bind/chest_bind/clavicle_l_bind/shoulder_l_bind/elbow_l_bind/wrist_l_bind/thumbCup_l_bind/thumb_001_l_bind/thumb_002_l_bind/thumb_003_l_bind","cat":"step","ph":"X","ts":131988,"dur":1,"pid":1,"tid":20},
{"name":"ComposeSubtree /Biped/Rig/Joints/hips_bind/spine_0_bind/spine_1_bind/spine_2_bind/spine_3_bind/spine_4_bind/spine_5_bind/chest_bind/clavicle_r_bind","cat":"step","ph":"X","ts":131925,"dur":1,"pid":1,"tid":26},
{"name":"ComposeSubtree /Biped/Rig/Joints/hips_bind/spine_0_bind/spine_1_bind/spine_2_bind/spine_3_bind/spine_4_bind/spine_5_bind/chest_bind/clavicle_r_bind/shoulder_r_bind","cat":"step","ph":"X","ts":131937,"dur":1,"pid":1,"tid":7},
{"name":"ComposeSubtree /Biped/Rig/Joints/hips_bind/spine_0_bind/spine_1_bind/spine_2_bind/spine_3_bind/spine_4_bind/spine_5_bind/chest_bind/clavicle_r_bind/shoulder_r_bind/elbow_r_bind/elbowTwist_r_bind","cat":"step","ph":"X","ts":131950,"dur":1,"pid":1,"tid":25},
{"name":"ComposeSubtree /Biped/Rig/Joints/hips_bind/spine_0_bind/spine_1_bind/spine_2_bind/spine_3_bind/spine_4_bind/spine_5_bind/chest_bind/clavicle_r_bind/shoulder_r_bind/elbow_r_bind/wristTwist_r_bind","cat":"step","ph":"X","ts":131951,"dur":1,"pid":1,"tid":25},
{"name":"ComposeSubtree /Biped/Rig/Joints/hips_bind/spine_0_bind/spine_1_bind/spine_2_bind/spine_3_bind/spine_4_bind/spine_5_bind/chest_bind/clavicle_r_bind/shoulder_r_bind/elbow_r_bind/wrist_r_bind/index_001_r_bind/index_002_r_bind/index_003_r_bind/index_004_r_bind","cat":"step","ph":"X","ts":132019,"dur":1,"pid":1,"tid":19},
{"name":"ComposeSubtree /Biped/Rig/Joints/hips_bind/spine_0_bind/spine_1_bind/spine_2_bind/spine_3_bind/spine_4_bind/spine_5_bind/chest_bind/clavicle_r_bind/shoulder_r_bind/elbow_r_bind/wrist_r_bind/middle_001_r_bind","cat":"step","ph":"X","ts":131968,"dur":1,"pid":1,"tid":25},
{"name":"ComposeSubtree /Biped/Rig/Joints/hips_bind/spine_0_bind/spine_1_bind/spine_2_bind/spine_3_bind/spine_4_bind/spine_5_bind/chest_bind/clavicle_r_bind/shoulder_r_bind/elbow_r_bind/wrist_r_bind/middle_001_r_bind/middle_002_r_bind","cat":"step","ph":"X","ts":131989,"dur":1,"pid":1,"tid":20},
{"name":"ComposeSubtree /Biped/Rig/Joints/hips_bind/spine_0_bind/spine_1_bind/spine_2_bind/spine_3_bind/spine_4_bind/spine_5_bind/chest_bind/clavicle_r_bind/shoulder_r_bind/elbow_r_bind/wrist_r_bind/middle_001_r_bind/middle_002_r_bind/middle_003_r_bind/middle_004_r_bind","cat":"step","ph":"X","ts":132020,"dur":1,"pid":1,"tid":19},
{"name":"ComposeSubtree /Biped/Rig/Joints/hips_bind/spine_0_bind/spine_1_bind/spine_2_bind/spine_3_bind/spine_4_bind/spine_5_bind/chest_bind/clavicle_r_bind/shoulder_r_bind/elbow_r_bind/wrist_r_bind/pinkyCup_r_bind","cat":"step","ph":"X","ts":131969,"dur":1,"pid":1,"tid":25},
{"name":"ComposeSubtree /Biped/Rig/Joints/hips_bind/spine_0_bind/spine_1_bind/spine_2_bind/spine_3_bind/spine_4_bind/spine_5_bind/chest_bind/clavicle_r_bind/shoulder_r_bind/elbow_r_bind/wrist_r_bind/pinkyCup_r_bind/pinky_001_r_bind/pinky_002_combo_r_driver","cat":"step","ph":"X","ts":131990,"dur":1,"pid":1,"tid":20},
{"name":"ComposeSubtree /Biped/Rig/Joints/hips_bind/spine_0_bind/spine_1_bind/spine_2_bind/spine_3_bind/spine_4_bind/spine_5_bind/chest_bind/clavicle_r_bind/shoulder_r_bind/elbow_r_bind/wrist_r_bind/pinkyCup_r_bind/pinky_001_r_bind/pinky_002_r_bind/pinky_003_r_bind/pinky_004_r_bind","cat":"step","ph":"X","ts":132040,"dur":2,"pid":1,"tid":3},
{"name":"ComposeSubtree /Biped/Rig/Joints/hips_bind/spine_0_bind/spine_1_bind/spine_2_bind/spine_3_bind/spine_4_bind/spine_5_bind/chest_bind/clavicle_r_bind/shoulder_r_bind/elbow_r_bind/wrist_r_bind/ring_001_r_bind","cat":"step","ph":"X","ts":131970,"dur":1,"pid":1,"tid":25},
{"name":"ComposeSubtree /Biped/Rig/Joints/hips_bind/spine_0_bind/spine_1_bind/spine_2_bind/spine_3_bind/spine_4_bind/spine_5_bind/chest_bind/clavicle_r_bind/shoulder_r_bind/elbow_r_bind/wrist_r_bind/ring_001_r_bind/ring_002_r_bind/ring_003_r_bind/ring_004_r_bind","cat":"step","ph":"X","ts":132021,"dur":1,"pid":1,"tid":19},
{"name":"ComposeSubtree /Biped/Rig/Joints/hips_bind/spine_0_bind/spine_1_bind/spine_2_bind/spine_3_bind/spine_4_bind/spine_5_bind/chest_bind/clavicle_r_bind/shoulder_r_bind/elbow_r_bind/wrist_r_bind/thumbCup_r_bind/thumb_001_r_bind/thumb_002_r_bind","cat":"step","ph":"X","ts":131991,"dur":1,"pid":1,"tid":20},
{"name":"ComposeSubtree /Biped/Rig/Joints/hips_bind/spine_0_bind/spine_1_bind/spine_2_bind/spine_3_bind/spine_4_bind/spine_5_bind/chest_bind/neck_base_bind/neck_0_bind/neck_1_bind/neck_2_bind/neck_3_bind","cat":"step","ph":"X","ts":131952,"dur":1,"pid":1,"tid":25},
{"name":"ComposeSubtree /Biped/Rig/Joints/hips_bind/spine_0_bind/spine_1_bind/spine_2_bind/spine_3_bind/spine_4_bind/spine_5_bind/chest_bind/neck_base_bind/neck_0_bind/neck_1_bind/neck_2_bind/neck_3_bind/skull_bind/face_lower_bind/face_mid_bind/nose_bridge_bind","cat":"step","ph":"X","ts":131992,"dur":1,"pid":1,"tid":20},
{"name":"ComposeSubtree /Biped/Rig/Joints/hips_bind/spine_0_bind/spine_1_bind/spine_2_bind/spine_3_bind/spine_4_bind/spine_5_bind/chest_bind/neck_base_bind/neck_0_bind/neck_1_bind/neck_2_bind/neck_3_bind/skull_bind/face_lower_bind/jaw_bind/jaw_end","cat":"step","ph":"X","ts":132022,"dur":1,"pid":1,"tid":19},
{"name":"ComposeSubtree /Biped/Rig/Joints/hips_bind/spine_0_bind/spine_1_bind/spine_2_bind/spine_3_bind/spine_4_bind/spine_5_bind/chest_bind/neck_base_bind/neck_0_bind/neck_1_bind/neck_2_bind/neck_3_bind/skull_bind/face_lower_bind/jaw_bind/tongue_0_bind","cat":"step","ph":"X","ts":132023,"dur":1,"pid":1,"tid":19},
{"name":"ComposeSubtree /Biped/Rig/Joints/hips_bind/spine_0_bind/spine_1_bind/spine_2_bind/spine_3_bind/spine_4_bind/spine_5_bind/chest_bind/neck_base_bind/neck_0_bind/neck_1_bind/neck_2_bind/neck_3_bind/skull_bind/face_lower_bind/jaw_bind/tongue_0_bind/tongue_1_bind/tongue_2_bind","cat":"step","ph":"X","ts":132042,"dur":1,"pid":1,"tid":3},
{"name":"ComposeSubtree /Biped/Rig/Joints/hips_bind/spine_0_bind/spine_1_bind/spine_2_bind/spine_3_bind/spine_4_bind/spine_5_bind/chest_bind/neck_base_bind/neck_0_bind/neck_1_bind/neck_2_bind/neck_3_bind/skull_bind/face_lower_bind/jaw_bind/tongue_0_bind/tongue_1_bind/tongue_2_bind/tongue_3_bind","cat":"step","ph":"X","ts":132061,"dur":1,"pid":1,"tid":19},
{"name":"ComposeSubtree /Biped/Rig/Joints/hips_bind/spine_0_bind/spine_1_bind/spine_2_bind/spine_3_bind/spine_4_bind/spine_5_bind/chest_bind/neck_base_bind/neck_0_bind/neck_1_bind/neck_2_bind/neck_3_bind/skull_bind/face_upper_bind/eyeSocket_l_bind","cat":"step","ph":"X","ts":131994,"dur":4,"pid":1,"tid":20},
{"name":"ComposeSubtree /Biped/Rig/Joints/hips_bind/spine_0_bind/spine_1_bind/spine_2_bind/spine_3_bind/spine_4_bind/spine_5_bind/chest_bind/neck_base_bind/neck_0_bind/neck_1_bind/neck_2_bind/neck_3_bind/skull_bind/face_upper_bind/head_tip_bind","cat":"step","ph":"X","ts":131998,"dur":1,"pid":1,"tid":20},
{"name":"ComposeSubtree /Biped/Rig/Joints/hips_bind/spine_0_bind/spine_1_bind/spine_2_bind/spine_3_bind/spine_4_bind/spine_5_bind/chest_bind/neck_base_bind/neck_0_bind/neck_1_bind/neck_2_bind/neck_3_bind/skull_bind/face_upper_bind/head_tip_bind/brow_main_r_bind","cat":"step","ph":"X","ts":132024,"dur":1,"pid":1,"tid":19},
{"name":"ComposeSubtree /Biped/Rig/Joints/neck_ik_neck_0_bind/neck_ik_neck_1_bind/neck_ik_neck_2_bind/neck_ik_neck_3_bind","cat":"step","ph":"X","ts":132062,"dur":1,"pid":1,"tid":19},
{"name":"ComposeSubtree /Biped/Rig/Joints/pupilCenter_l_pivot","cat":"step","ph":"X","ts":131787,"dur":1,"pid":1,"tid":0},
{"name":"Solve /Biped/Rig/Solvers/arm_l_fkChain","cat":"step","ph":"X","ts":131926,"dur":2,"pid":1,"tid":26},
{"name":"SolverCommit batch 0","cat":"step","ph":"X","ts":131938,"dur":1,"pid":1,"tid":7},
{"name":"Solve /Biped/Rig/Solvers/arm_l_twoBoneIk","cat":"step","ph":"X","ts":131905,"dur":6,"pid":1,"tid":7},
{"name":"SolverCommit batch 1","cat":"step","ph":"X","ts":131914,"dur":1,"pid":1,"tid":7},
{"name":"Solve /Biped/Rig/Solvers/arm_r_fkChain","cat":"step","ph":"X","ts":131939,"dur":1,"pid":1,"tid":7},
{"name":"Solve /Biped/Rig/Solvers/leg_l_fkChain","cat":"step","ph":"X","ts":131847,"dur":2,"pid":1,"tid":23},
{"name":"Solve /Biped/Rig/Solvers/leg_r_fkChain","cat":"step","ph":"X","ts":131916,"dur":4,"pid":1,"tid":7},
{"name":"Solve /Biped/Rig/Solvers/neck_splineIk","cat":"step","ph":"X","ts":131920,"dur":15,"pid":1,"tid":7},
{"name":"Solve /Biped/Rig/Solvers/spine_splineIk","cat":"step","ph":"X","ts":131834,"dur":12,"pid":1,"tid":23},
{"name":"SolverCommit batch 7","cat":"step","ph":"X","ts":131849,"dur":1,"pid":1,"tid":23},
{"name":"Solve /Biped/Rig/Solvers/arm_r_ikfk","cat":"step","ph":"X","ts":131953,"dur":2,"pid":1,"tid":25},
{"name":"SolverCommit batch 8","cat":"step","ph":"X","ts":131972,"dur":3,"pid":1,"tid":25},
{"name":"Solve /Biped/Rig/Solvers/arm_l_ikfk","cat":"step","ph":"X","ts":131940,"dur":1,"pid":1,"tid":7},
{"name":"SolverCommit batch 9","cat":"step","ph":"X","ts":131942,"dur":3,"pid":1,"tid":7},
{"name":"Constraint /Biped/Rig/Movers/spine_mid_follow/spine_mid_follow_pos","cat":"step","ph":"X","ts":131821,"dur":4,"pid":1,"tid":0},
{"name":"Solve /Biped/Rig/Solvers/fk_thumb_r","cat":"step","ph":"X","ts":131999,"dur":4,"pid":1,"tid":20},
{"name":"SolverCommit batch 11","cat":"step","ph":"X","ts":132044,"dur":1,"pid":1,"tid":3},
{"name":"Solve /Biped/Rig/Solvers/fk_ring_r","cat":"step","ph":"X","ts":131985,"dur":4,"pid":1,"tid":10},
{"name":"SolverCommit batch 12","cat":"step","ph":"X","ts":132045,"dur":1,"pid":1,"tid":3},
{"name":"Solve /Biped/Rig/Solvers/fk_pinky_r","cat":"step","ph":"X","ts":131989,"dur":2,"pid":1,"tid":10},
{"name":"SolverCommit batch 13","cat":"step","ph":"X","ts":132063,"dur":1,"pid":1,"tid":19},
{"name":"Solve /Biped/Rig/Solvers/fk_middle_r","cat":"step","ph":"X","ts":131991,"dur":2,"pid":1,"tid":10},
{"name":"SolverCommit batch 14","cat":"step","ph":"X","ts":132046,"dur":1,"pid":1,"tid":3},
{"name":"Solve /Biped/Rig/Solvers/fk_index_r","cat":"step","ph":"X","ts":131981,"dur":2,"pid":1,"tid":25},
{"name":"SolverCommit batch 15","cat":"step","ph":"X","ts":132047,"dur":1,"pid":1,"tid":3},
{"name":"Solve /Biped/Rig/Solvers/fk_thumb_l","cat":"step","ph":"X","ts":131975,"dur":3,"pid":1,"tid":25},
{"name":"SolverCommit batch 16","cat":"step","ph":"X","ts":132026,"dur":2,"pid":1,"tid":19},
{"name":"Solve /Biped/Rig/Solvers/fk_ring_l","cat":"step","ph":"X","ts":131978,"dur":2,"pid":1,"tid":25},
{"name":"SolverCommit batch 17","cat":"step","ph":"X","ts":132028,"dur":1,"pid":1,"tid":19},
{"name":"Solve /Biped/Rig/Solvers/fk_pinky_l","cat":"step","ph":"X","ts":131957,"dur":3,"pid":1,"tid":22},
{"name":"SolverCommit batch 18","cat":"step","ph":"X","ts":132048,"dur":1,"pid":1,"tid":3},
{"name":"Solve /Biped/Rig/Solvers/fk_middle_l","cat":"step","ph":"X","ts":131960,"dur":2,"pid":1,"tid":22},
{"name":"SolverCommit batch 19","cat":"step","ph":"X","ts":132029,"dur":1,"pid":1,"tid":19},
{"name":"Solve /Biped/Rig/Solvers/fk_index_l","cat":"step","ph":"X","ts":131962,"dur":2,"pid":1,"tid":22},
{"name":"SolverCommit batch 20","cat":"step","ph":"X","ts":132030,"dur":1,"pid":1,"tid":19},
{"name":"Constraint /Biped/Rig/Movers/spine_mid_follow/spine_mid_follow_aim","cat":"step","ph":"X","ts":131851,"dur":6,"pid":1,"tid":23},
{"name":"Constraint /Biped/Rig/Movers/hand_r_follow/thumbCup_r_bind_fk_follow_to_wrist_r_bind","cat":"step","ph":"X","ts":131983,"dur":8,"pid":1,"tid":25},
{"name":"Constraint /Biped/Rig/Movers/hand_r_follow/ring_001_r_bind_fk_follow_to_wrist_r_bind","cat":"step","ph":"X","ts":131991,"dur":7,"pid":1,"tid":25},
{"name":"Constraint /Biped/Rig/Movers/hand_r_follow/pinkyCup_r_bind_fk_follow_to_wrist_r_bind","cat":"step","ph":"X","ts":131991,"dur":12,"pid":1,"tid":23},
{"name":"Constraint /Biped/Rig/Movers/hand_r_follow/middle_001_r_bind_fk_follow_to_wrist_r_bind","cat":"step","ph":"X","ts":132003,"dur":5,"pid":1,"tid":23},
{"name":"Constraint /Biped/Rig/Movers/hand_r_follow/index_001_r_bind_fk_follow_to_wrist_r_bind","cat":"step","ph":"X","ts":132008,"dur":3,"pid":1,"tid":23},
{"name":"Constraint /Biped/Rig/Movers/hand_l_follow/thumbCup_l_bind_fk_follow_to_wrist_l_bind","cat":"step","ph":"X","ts":131965,"dur":6,"pid":1,"tid":2},
{"name":"Constraint /Biped/Rig/Movers/hand_l_follow/ring_001_l_bind_fk_follow_to_wrist_l_bind","cat":"step","ph":"X","ts":131971,"dur":4,"pid":1,"tid":2},
{"name":"Constraint /Biped/Rig/Movers/hand_l_follow/pinkyCup_l_bind_fk_follow_to_wrist_l_bind","cat":"step","ph":"X","ts":131975,"dur":3,"pid":1,"tid":2},
{"name":"Constraint /Biped/Rig/Movers/hand_l_follow/middle_001_l_bind_fk_follow_to_wrist_l_bind","cat":"step","ph":"X","ts":131965,"dur":11,"pid":1,"tid":13},
{"name":"Constraint /Biped/Rig/Movers/hand_l_follow/index_001_l_bind_fk_follow_to_wrist_l_bind","cat":"step","ph":"X","ts":131976,"dur":5,"pid":1,"tid":13},
{"name":"Constraint /Biped/Rig/Movers/bankIn_r_pivot_rc/bankIn_r_pivot_rotation","cat":"step","ph":"X","ts":131981,"dur":5,"pid":1,"tid":13},
{"name":"Constraint /Biped/Rig/Movers/bankOut_r_pivot_rc/bankOut_r_pivot_rotation","cat":"step","ph":"X","ts":132011,"dur":3,"pid":1,"tid":23},
{"name":"Constraint /Biped/Rig/Movers/heel_r_roll_rc/heel_r_roll_rotation","cat":"step","ph":"X","ts":132031,"dur":7,"pid":1,"tid":19},
{"name":"Constraint /Biped/Rig/Movers/toe_r_roll_rc/toe_r_roll_rotation","cat":"step","ph":"X","ts":132049,"dur":6,"pid":1,"tid":3},
{"name":"Constraint /Biped/Rig/Movers/ballRoll_r_up_rc/ballRoll_r_up_rotation","cat":"step","ph":"X","ts":132064,"dur":3,"pid":1,"tid":19},
{"name":"Constraint /Biped/Rig/Movers/ballRoll_r_down_rc/ballRoll_r_down_rotation","cat":"step","ph":"X","ts":132075,"dur":1,"pid":1,"tid":19},
{"name":"Solve /Biped/Rig/Solvers/leg_r_ikfk","cat":"step","ph":"X","ts":132101,"dur":1,"pid":1,"tid":19},
{"name":"SolverCommit batch 39","cat":"step","ph":"X","ts":132109,"dur":4,"pid":1,"tid":19},
{"name":"Constraint /Biped/Rig/Movers/ankle_r_bind_scAim/ankle_r_bind_aim","cat":"step","ph":"X","ts":132135,"dur":6,"pid":1,"tid":27},
{"name":"Constraint /Biped/Rig/Movers/ball_r_bind_scAim/ball_r_bind_aim","cat":"step","ph":"X","ts":132156,"dur":9,"pid":1,"tid":20},
{"name":"Constraint /Biped/Rig/Movers/bankIn_l_pivot_rc/bankIn_l_pivot_rotation","cat":"step","ph":"X","ts":131945,"dur":6,"pid":1,"tid":7},
{"name":"Constraint /Biped/Rig/Movers/bankOut_l_pivot_rc/bankOut_l_pivot_rotation","cat":"step","ph":"X","ts":131986,"dur":2,"pid":1,"tid":13},
{"name":"Constraint /Biped/Rig/Movers/heel_l_roll_rc/heel_l_roll_rotation","cat":"step","ph":"X","ts":131992,"dur":8,"pid":1,"tid":1},
{"name":"Constraint /Biped/Rig/Movers/toe_l_roll_rc/toe_l_roll_rotation","cat":"step","ph":"X","ts":132010,"dur":2,"pid":1,"tid":1},
{"name":"Constraint /Biped/Rig/Movers/ballRoll_l_up_rc/ballRoll_l_up_rotation","cat":"step","ph":"X","ts":132055,"dur":1,"pid":1,"tid":3},
{"name":"Constraint /Biped/Rig/Movers/ballRoll_l_down_rc/ballRoll_l_down_rotation","cat":"step","ph":"X","ts":132067,"dur":1,"pid":1,"tid":19},
{"name":"Solve /Biped/Rig/Solvers/leg_l_twoBoneIk","cat":"step","ph":"X","ts":132076,"dur":1,"pid":1,"tid":19},
{"name":"SolverCommit batch 48","cat":"step","ph":"X","ts":132087,"dur":1,"pid":1,"tid":19},
{"name":"Solve /Biped/Rig/Solvers/leg_l_ikfk","cat":"step","ph":"X","ts":132088,"dur":1,"pid":1,"tid":19},
{"name":"SolverCommit batch 49","cat":"step","ph":"X","ts":132102,"dur":5,"pid":1,"tid":19},
{"name":"Constraint /Biped/Rig/Movers/ankle_l_bind_scAim/ankle_l_bind_aim","cat":"step","ph":"X","ts":132113,"dur":6,"pid":1,"tid":19},
{"name":"Constraint /Biped/Rig/Movers/ball_l_bind_scAim/ball_l_bind_aim","cat":"step","ph":"X","ts":132141,"dur":4,"pid":1,"tid":27},
{"name":"Constraint /Biped/Rig/Movers/hips_follow/spine_root_ctl_drives_hips_bind","cat":"step","ph":"X","ts":131806,"dur":7,"pid":1,"tid":0},
{"name":"PropagateChunk /Biped/Rig/Movers/hips_follow/spine_root_ctl_drives_hips_bind","cat":"step","ph":"X","ts":132077,"dur":6,"pid":1,"tid":19},
{"name":"PropagateChunk /Biped/Rig/Movers/hips_follow/spine_root_ctl_drives_hips_bind","cat":"step","ph":"X","ts":132056,"dur":1,"pid":1,"tid":3},
{"name":"CommitApply /Biped/Rig/Movers/hips_follow/spine_root_ctl_drives_hips_bind","cat":"step","ph":"X","ts":132089,"dur":1,"pid":1,"tid":19},
{"name":"Constraint /Biped/Rig/Movers/hips_follow/spine_root_ctl_scales_hips_bind","cat":"step","ph":"X","ts":132107,"dur":2,"pid":1,"tid":19},
{"name":"PropagateChunk /Biped/Rig/Movers/hips_follow/spine_root_ctl_scales_hips_bind","cat":"step","ph":"X","ts":132145,"dur":4,"pid":1,"tid":27},
{"name":"PropagateChunk /Biped/Rig/Movers/hips_follow/spine_root_ctl_scales_hips_bind","cat":"step","ph":"X","ts":132149,"dur":1,"pid":1,"tid":27},
{"name":"CommitApply /Biped/Rig/Movers/hips_follow/spine_root_ctl_scales_hips_bind","cat":"step","ph":"X","ts":132166,"dur":1,"pid":1,"tid":20},
{"name":"Constraint /Biped/Rig/Movers/spine_to_bind/spine_ik_spine_0_bind_scale_to_spine_0_bind","cat":"step","ph":"X","ts":132182,"dur":12,"pid":1,"tid":21},
{"name":"Constraint /Biped/Rig/Movers/spine_to_bind/spine_ik_spine_0_bind_to_spine_0_bind","cat":"step","ph":"X","ts":132206,"dur":10,"pid":1,"tid":20},
{"name":"Constraint /Biped/Rig/Movers/spine_to_bind/spine_ik_spine_1_bind_scale_to_spine_1_bind","cat":"step","ph":"X","ts":132221,"dur":11,"pid":1,"tid":22},
{"name":"Constraint /Biped/Rig/Movers/spine_to_bind/spine_ik_spine_1_bind_to_spine_1_bind","cat":"step","ph":"X","ts":132244,"dur":10,"pid":1,"tid":22},
{"name":"Constraint /Biped/Rig/Movers/spine_to_bind/spine_ik_spine_2_bind_scale_to_spine_2_bind","cat":"step","ph":"X","ts":132276,"dur":6,"pid":1,"tid":22},
{"name":"Constraint /Biped/Rig/Movers/spine_to_bind/spine_ik_spine_2_bind_to_spine_2_bind","cat":"step","ph":"X","ts":132287,"dur":6,"pid":1,"tid":22},
{"name":"Constraint /Biped/Rig/Movers/spine_to_bind/spine_ik_spine_3_bind_scale_to_spine_3_bind","cat":"step","ph":"X","ts":132294,"dur":5,"pid":1,"tid":22},
{"name":"Constraint /Biped/Rig/Movers/spine_to_bind/spine_ik_spine_3_bind_to_spine_3_bind","cat":"step","ph":"X","ts":132299,"dur":6,"pid":1,"tid":22},
{"name":"Constraint /Biped/Rig/Movers/spine_to_bind/spine_ik_spine_4_bind_scale_to_spine_4_bind","cat":"step","ph":"X","ts":132305,"dur":6,"pid":1,"tid":22},
{"name":"Constraint /Biped/Rig/Movers/spine_to_bind/spine_ik_spine_4_bind_to_spine_4_bind","cat":"step","ph":"X","ts":132311,"dur":6,"pid":1,"tid":22},
{"name":"Constraint /Biped/Rig/Movers/spine_to_bind/spine_ik_spine_5_bind_scale_to_spine_5_bind","cat":"step","ph":"X","ts":132317,"dur":5,"pid":1,"tid":22},
{"name":"Constraint /Biped/Rig/Movers/spine_to_bind/spine_ik_spine_5_bind_to_spine_5_bind","cat":"step","ph":"X","ts":132322,"dur":6,"pid":1,"tid":22},
{"name":"Constraint /Biped/Rig/Movers/spine_to_bind/spine_ik_chest_bind_scale_to_chest_bind","cat":"step","ph":"X","ts":132328,"dur":5,"pid":1,"tid":22},
{"name":"Constraint /Biped/Rig/Movers/spine_to_bind/spine_ik_chest_bind_to_chest_bind","cat":"step","ph":"X","ts":132333,"dur":6,"pid":1,"tid":22},
{"name":"Constraint /Biped/Rig/Movers/girdles/spine_end_ctl_drives_chest_bind","cat":"step","ph":"X","ts":132339,"dur":6,"pid":1,"tid":22},
{"name":"Constraint /Biped/Rig/Movers/girdles/pelvis_r_ctl_drives_pelvis_r_bind","cat":"step","ph":"X","ts":132194,"dur":3,"pid":1,"tid":21},
{"name":"Constraint /Biped/Rig/Movers/girdles/pelvis_l_ctl_drives_pelvis_l_bind","cat":"step","ph":"X","ts":132197,"dur":1,"pid":1,"tid":21},
{"name":"Constraint /Biped/Rig/Movers/girdles/clavicle_r_ctl_drives_clavicle_r_bind","cat":"step","ph":"X","ts":132345,"dur":2,"pid":1,"tid":22},
{"name":"Constraint /Biped/Rig/Movers/girdles/clavicle_l_ctl_drives_clavicle_l_bind","cat":"step","ph":"X","ts":132347,"dur":1,"pid":1,"tid":22},
{"name":"Constraint /Biped/Rig/Movers/girdles/spine_end_ctl_unsquashes_neck_base_bind","cat":"step","ph":"X","ts":132348,"dur":4,"pid":1,"tid":22},
{"name":"Constraint /Biped/Rig/Movers/girdles/clavicle_r_ctl_unsquashes_clavicle_r_bind","cat":"step","ph":"X","ts":132352,"dur":2,"pid":1,"tid":22},
{"name":"Constraint /Biped/Rig/Movers/girdles/clavicle_l_ctl_unsquashes_clavicle_l_bind","cat":"step","ph":"X","ts":132354,"dur":2,"pid":1,"tid":22},
{"name":"Constraint /Biped/Rig/Movers/neck_to_bind/neck_ik_neck_0_bind_scale_to_neck_0_bind","cat":"step","ph":"X","ts":132356,"dur":3,"pid":1,"tid":22},
{"name":"Constraint /Biped/Rig/Movers/neck_to_bind/neck_ik_neck_0_bind_to_neck_0_bind","cat":"step","ph":"X","ts":132369,"dur":5,"pid":1,"tid":22},
{"name":"Constraint /Biped/Rig/Movers/neck_to_bind/neck_ik_neck_1_bind_scale_to_neck_1_bind","cat":"step","ph":"X","ts":132379,"dur":8,"pid":1,"tid":23},
{"name":"Constraint /Biped/Rig/Movers/neck_to_bind/neck_ik_neck_1_bind_to_neck_1_bind","cat":"step","ph":"X","ts":132393,"dur":5,"pid":1,"tid":23},
{"name":"Constraint /Biped/Rig/Movers/neck_to_bind/neck_ik_neck_2_bind_scale_to_neck_2_bind","cat":"step","ph":"X","ts":132407,"dur":4,"pid":1,"tid":23},
{"name":"Constraint /Biped/Rig/Movers/neck_to_bind/neck_ik_neck_2_bind_to_neck_2_bind","cat":"step","ph":"X","ts":132418,"dur":5,"pid":1,"tid":23},
{"name":"Constraint /Biped/Rig/Movers/neck_to_bind/neck_ik_neck_3_bind_scale_to_neck_3_bind","cat":"step","ph":"X","ts":132423,"dur":4,"pid":1,"tid":23},
{"name":"Constraint /Biped/Rig/Movers/neck_to_bind/neck_ik_neck_3_bind_to_neck_3_bind","cat":"step","ph":"X","ts":132427,"dur":4,"pid":1,"tid":23},
{"name":"Constraint /Biped/Rig/Movers/neck_to_bind/neck_ik_skull_bind_scale_to_skull_bind","cat":"step","ph":"X","ts":132431,"dur":4,"pid":1,"tid":23},
{"name":"Constraint /Biped/Rig/Movers/neck_to_bind/neck_ik_skull_bind_to_skull_bind","cat":"step","ph":"X","ts":132435,"dur":4,"pid":1,"tid":23},
{"name":"Constraint /Biped/Rig/Movers/twist_aims/wristTwist_r_bind_copy","cat":"step","ph":"X","ts":132000,"dur":6,"pid":1,"tid":1},
{"name":"Constraint /Biped/Rig/Movers/twist_aims/wristTwist_r_bind_aim","cat":"step","ph":"X","ts":132012,"dur":2,"pid":1,"tid":1},
{"name":"Constraint /Biped/Rig/Movers/twist_aims/wristTwist_l_bind_copy","cat":"step","ph":"X","ts":131964,"dur":7,"pid":1,"tid":7},
{"name":"Constraint /Biped/Rig/Movers/twist_aims/wristTwist_l_bind_aim","cat":"step","ph":"X","ts":132007,"dur":3,"pid":1,"tid":1},
{"name":"Constraint /Biped/Rig/Movers/twist_aims/ankleTwist_r_bind_copy","cat":"step","ph":"X","ts":132167,"dur":5,"pid":1,"tid":20},
{"name":"Constraint /Biped/Rig/Movers/twist_aims/ankleTwist_r_bind_aim","cat":"step","ph":"X","ts":132198,"dur":5,"pid":1,"tid":21},
{"name":"Constraint /Biped/Rig/Movers/twist_aims/ankleTwist_l_bind_copy","cat":"step","ph":"X","ts":132150,"dur":2,"pid":1,"tid":27},
{"name":"Constraint /Biped/Rig/Movers/twist_aims/ankleTwist_l_bind_aim","cat":"step","ph":"X","ts":132172,"dur":3,"pid":1,"tid":20},
{"name":"Constraint /Biped/Rig/Movers/twist_aims/ankleTwist_r_bind_follows_ankle_r_bind","cat":"step","ph":"X","ts":132216,"dur":1,"pid":1,"tid":20},
{"name":"Constraint /Biped/Rig/Movers/twist_aims/ankleTwist_l_bind_follows_ankle_l_bind","cat":"step","ph":"X","ts":132180,"dur":2,"pid":1,"tid":20},
{"name":"Constraint /Biped/Rig/Movers/twist_aims/wristTwist_r_bind_follows_wrist_r_bind","cat":"step","ph":"X","ts":132057,"dur":2,"pid":1,"tid":3},
{"name":"Constraint /Biped/Rig/Movers/twist_aims/wristTwist_l_bind_follows_wrist_l_bind","cat":"step","ph":"X","ts":132015,"dur":2,"pid":1,"tid":23},
{"name":"Constraint /Biped/Rig/Movers/twist_aims/thighNoTwist_r_bind_follows_thigh_r_bind","cat":"step","ph":"X","ts":132217,"dur":1,"pid":1,"tid":20},
{"name":"Constraint /Biped/Rig/Movers/twist_aims/thighNoTwist_l_bind_follows_thigh_l_bind","cat":"step","ph":"X","ts":132209,"dur":4,"pid":1,"tid":26},
{"name":"Constraint /Biped/Rig/Movers/twist_aims/shoulderNoTwist_r_bind_follows_shoulder_r_bind","cat":"step","ph":"X","ts":132374,"dur":1,"pid":1,"tid":22},
{"name":"Constraint /Biped/Rig/Movers/twist_aims/pelvis_trans_r_bind_follows_thigh_r_bind","cat":"step","ph":"X","ts":132213,"dur":2,"pid":1,"tid":26},
{"name":"Constraint /Biped/Rig/Movers/twist_aims/pelvis_trans_l_bind_follows_thigh_l_bind","cat":"step","ph":"X","ts":132215,"dur":1,"pid":1,"tid":26},
{"name":"Constraint /Biped/Rig/Movers/twist_aims/clavicle_trans_r_bind_follows_shoulder_r_bind","cat":"step","ph":"X","ts":132364,"dur":2,"pid":1,"tid":22},
{"name":"Constraint /Biped/Rig/Movers/twist_aims/clavicle_trans_l_bind_follows_shoulder_l_bind","cat":"step","ph":"X","ts":132366,"dur":1,"pid":1,"tid":22},
{"name":"Constraint /Biped/Rig/Movers/twist_aims/pelvis_trans_r_bind_aim","cat":"step","ph":"X","ts":132232,"dur":5,"pid":1,"tid":22},
{"name":"Constraint /Biped/Rig/Movers/twist_aims/pelvis_trans_l_bind_aim","cat":"step","ph":"X","ts":132237,"dur":3,"pid":1,"tid":22},
{"name":"Constraint /Biped/Rig/Movers/twist_aims/kneeTwist_r_bind_aim","cat":"step","ph":"X","ts":132126,"dur":3,"pid":1,"tid":19},
{"name":"Constraint /Biped/Rig/Movers/twist_aims/kneeTwist_l_bind_aim","cat":"step","ph":"X","ts":132119,"dur":3,"pid":1,"tid":19},
{"name":"Constraint /Biped/Rig/Movers/twist_aims/thighNoTwist_r_bind_aim","cat":"step","ph":"X","ts":132240,"dur":4,"pid":1,"tid":22},
{"name":"Constraint /Biped/Rig/Movers/twist_aims/thighNoTwist_l_bind_aim","cat":"step","ph":"X","ts":132219,"dur":4,"pid":1,"tid":20},
{"name":"Constraint /Biped/Rig/Movers/twist_aims/clavicle_trans_r_bind_aim","cat":"step","ph":"X","ts":132387,"dur":4,"pid":1,"tid":23},
{"name":"Constraint /Biped/Rig/Movers/twist_aims/clavicle_trans_l_bind_aim","cat":"step","ph":"X","ts":132391,"dur":2,"pid":1,"tid":23},
{"name":"Constraint /Biped/Rig/Movers/twist_aims/elbowTwist_r_bind_aim","cat":"step","ph":"X","ts":131989,"dur":9,"pid":1,"tid":13},
{"name":"Constraint /Biped/Rig/Movers/twist_aims/elbowTwist_l_bind_aim","cat":"step","ph":"X","ts":131971,"dur":4,"pid":1,"tid":7},
{"name":"Constraint /Biped/Rig/Movers/twist_aims/shoulderNoTwist_r_bind_aim","cat":"step","ph":"X","ts":132376,"dur":3,"pid":1,"tid":22},
{"name":"Constraint /Biped/Rig/Movers/twist_aims/shoulderNoTwist_l_bind_aim","cat":"step","ph":"X","ts":132379,"dur":2,"pid":1,"tid":22},
{"name":"Constraint /Biped/Rig/Movers/pose_drivers/thigh_r_driver_copies_thigh_r_bind","cat":"step","ph":"X","ts":132254,"dur":17,"pid":1,"tid":22},
{"name":"Constraint /Biped/Rig/Movers/pose_drivers/thigh_l_driver_copies_thigh_l_bind","cat":"step","ph":"X","ts":132271,"dur":4,"pid":1,"tid":22},
{"name":"Constraint /Biped/Rig/Movers/pose_drivers/thigh_r_twist_driver_copies_thighNoTwist_r_bind","cat":"step","ph":"X","ts":132282,"dur":2,"pid":1,"tid":22},
{"name":"Constraint /Biped/Rig/Movers/pose_drivers/thigh_l_twist_driver_copies_thighNoTwist_l_bind","cat":"step","ph":"X","ts":132284,"dur":3,"pid":1,"tid":22},
{"name":"Constraint /Biped/Rig/Movers/pose_drivers/ankleTwist_r_driver_copies_ankleTwist_r_bind","cat":"step","ph":"X","ts":132223,"dur":4,"pid":1,"tid":20},
{"name":"Constraint /Biped/Rig/Movers/pose_drivers/ankleTwist_l_driver_copies_ankleTwist_l_bind","cat":"step","ph":"X","ts":132204,"dur":5,"pid":1,"tid":21},
{"name":"Constraint /Biped/Rig/Movers/pose_drivers/toe_r_driver_copies_ball_r_bind","cat":"step","ph":"X","ts":132182,"dur":4,"pid":1,"tid":20},
{"name":"Constraint /Biped/Rig/Movers/pose_drivers/toe_l_driver_copies_ball_l_bind","cat":"step","ph":"X","ts":132175,"dur":4,"pid":1,"tid":20},
{"name":"Constraint /Biped/Rig/Movers/pose_drivers/knee_r_driver_copies_knee_r_bind","cat":"step","ph":"X","ts":132153,"dur":3,"pid":1,"tid":27},
{"name":"Constraint /Biped/Rig/Movers/pose_drivers/knee_l_driver_copies_knee_l_bind","cat":"step","ph":"X","ts":132129,"dur":2,"pid":1,"tid":19},
{"name":"Constraint /Biped/Rig/Movers/pose_drivers/ankleSwing_r_driver_copies_ankle_r_bind","cat":"step","ph":"X","ts":132227,"dur":4,"pid":1,"tid":20},
{"name":"Constraint /Biped/Rig/Movers/pose_drivers/ankleSwing_l_driver_copies_ankle_l_bind","cat":"step","ph":"X","ts":132209,"dur":4,"pid":1,"tid":21},
{"name":"Constraint /Biped/Rig/Movers/pose_drivers/shoulder_r_driver_copies_shoulder_r_bind","cat":"step","ph":"X","ts":132399,"dur":3,"pid":1,"tid":23},
{"name":"Constraint /Biped/Rig/Movers/pose_drivers/shoulder_l_driver_copies_shoulder_l_bind","cat":"step","ph":"X","ts":132402,"dur":4,"pid":1,"tid":23},
{"name":"Constraint /Biped/Rig/Movers/pose_drivers/wristTwist_r_driver_copies_wristTwist_r_bind","cat":"step","ph":"X","ts":132068,"dur":5,"pid":1,"tid":19},
{"name":"Constraint /Biped/Rig/Movers/pose_drivers/wristTwist_l_driver_copies_wristTwist_l_bind","cat":"step","ph":"X","ts":132039,"dur":7,"pid":1,"tid":19},
{"name":"Constraint /Biped/Rig/Movers/pose_drivers/shoulder_r_twist_driver_copies_shoulderNoTwist_r_bind","cat":"step","ph":"X","ts":132411,"dur":3,"pid":1,"tid":23},
{"name":"Constraint /Biped/Rig/Movers/pose_drivers/shoulder_l_twist_driver_copies_shoulderNoTwist_l_bind","cat":"step","ph":"X","ts":132414,"dur":3,"pid":1,"tid":23},
{"name":"Constraint /Biped/Rig/Movers/pose_drivers/wristSwing_r_driver_copies_wrist_r_bind","cat":"step","ph":"X","ts":132060,"dur":7,"pid":1,"tid":3},
{"name":"Constraint /Biped/Rig/Movers/pose_drivers/wristSwing_l_driver_copies_wrist_l_bind","cat":"step","ph":"X","ts":132047,"dur":4,"pid":1,"tid":19},
{"name":"Constraint /Biped/Rig/Movers/pose_drivers/elbow_r_driver_copies_elbow_r_bind","cat":"step","ph":"X","ts":132017,"dur":4,"pid":1,"tid":23},
{"name":"Constraint /Biped/Rig/Movers/pose_drivers/elbow_l_driver_copies_elbow_l_bind","cat":"step","ph":"X","ts":131998,"dur":4,"pid":1,"tid":13},
{"name":"Constraint /Biped/Rig/Movers/param_follow/leg_r_params_to_ankle_r_bind","cat":"step","ph":"X","ts":132156,"dur":2,"pid":1,"tid":27},
{"name":"Constraint /Biped/Rig/Movers/param_follow/leg_l_params_to_ankle_l_bind","cat":"step","ph":"X","ts":132131,"dur":3,"pid":1,"tid":19},
{"name":"Constraint /Biped/Rig/Movers/param_follow/arm_r_params_to_wrist_r_bind","cat":"step","ph":"X","ts":132003,"dur":4,"pid":1,"tid":13},
{"name":"Constraint /Biped/Rig/Movers/param_follow/arm_l_params_to_wrist_l_bind","cat":"step","ph":"X","ts":131975,"dur":6,"pid":1,"tid":7},
{"name":"ProviderMatrix /Biped/Rig/Controls/leg_l_ik/ankle_l_pivot final","cat":"step","ph":"X","ts":131796,"dur":1,"pid":1,"tid":0},
{"name":"ProviderMatrix /Biped/Rig/Controls/leg_l_ik/ankle_l_pivot/bankIn_l_pivot/bankOut_l_pivot/heel_l_roll/heel_l/ball_l_pivot/toe_l_roll/toe_l/ballRoll_l_up/ballRoll_l_down final","cat":"step","ph":"X","ts":132083,"dur":1,"pid":1,"tid":19},
{"name":"ProviderMatrix /Biped/Rig/Controls/leg_r_ik/ankle_r_pivot/bankIn_r_pivot final","cat":"step","ph":"X","ts":132007,"dur":1,"pid":1,"tid":13},
{"name":"ProviderMatrix /Biped/Rig/Controls/leg_r_ik/ankle_r_pivot/bankIn_r_pivot/bankOut_r_pivot/heel_r_roll final","cat":"step","ph":"X","ts":132051,"dur":1,"pid":1,"tid":19},
{"name":"ProviderMatrix /Biped/Rig/Joints/ankle_r_pivot/bankIn_r_pivot/bankOut_r_pivot/heel_r_pivot final","cat":"step","ph":"X","ts":131813,"dur":1,"pid":1,"tid":0},
{"name":"ProviderMatrix /Biped/Rig/Joints/ankle_r_pivot/bankIn_r_pivot/bankOut_r_pivot/heel_r_pivot/ball_r_pivot/toe_r_pivot/toeBend_r_pivot final","cat":"step","ph":"X","ts":131857,"dur":1,"pid":1,"tid":23},
{"name":"ProviderMatrix /Biped/Rig/Joints/hips_bind/pelvis_l_bind final","cat":"step","ph":"X","ts":132213,"dur":1,"pid":1,"tid":21},
{"name":"ProviderMatrix /Biped/Rig/Joints/hips_bind/pelvis_l_bind/thigh_l_bind/knee_l_bind/ankle_l_bind/ball_l_bind/toe1_001_l_bind final","cat":"step","ph":"X","ts":132158,"dur":1,"pid":1,"tid":27},
{"name":"ProviderMatrix /Biped/Rig/Joints/hips_bind/pelvis_l_bind/thigh_l_bind/knee_l_bind/ankle_l_bind/ball_l_bind/toe3_001_l_bind/toe3_002_l_bind final","cat":"step","ph":"X","ts":132159,"dur":1,"pid":1,"tid":27},
{"name":"ProviderMatrix /Biped/Rig/Joints/hips_bind/pelvis_l_bind/thigh_l_bind/knee_l_bind/ankle_l_bind/ball_l_bind/toe4_001_l_bind/toe4_002_l_bind/toe4_003_l_bind final","cat":"step","ph":"X","ts":132160,"dur":1,"pid":1,"tid":27},
{"name":"ProviderMatrix /Biped/Rig/Joints/hips_bind/pelvis_l_bind/thigh_l_bind/knee_l_bind/kneeTwist_l_bind/knee_l_driver final","cat":"step","ph":"X","ts":132161,"dur":1,"pid":1,"tid":27},
{"name":"ProviderMatrix /Biped/Rig/Joints/hips_bind/pelvis_r_bind final","cat":"step","ph":"X","ts":132214,"dur":1,"pid":1,"tid":21},
{"name":"ProviderMatrix /Biped/Rig/Joints/hips_bind/pelvis_r_bind/pelvis_trans_r_bind/thigh_r_driver/thigh_r_twist_driver final","cat":"step","ph":"X","ts":132293,"dur":1,"pid":1,"tid":22},
{"name":"ProviderMatrix /Biped/Rig/Joints/hips_bind/pelvis_r_bind/thigh_r_bind final","cat":"step","ph":"X","ts":132134,"dur":1,"pid":1,"tid":19},
{"name":"ProviderMatrix /Biped/Rig/Joints/hips_bind/pelvis_r_bind/thigh_r_bind/knee_r_bind/ankleTwist_r_bind final","cat":"step","ph":"X","ts":132231,"dur":1,"pid":1,"tid":20},
{"name":"ProviderMatrix /Biped/Rig/Joints/hips_bind/pelvis_r_bind/thigh_r_bind/knee_r_bind/ankleTwist_r_bind/ankleSwing_r_driver final","cat":"step","ph":"X","ts":132275,"dur":1,"pid":1,"tid":22},
{"name":"ProviderMatrix /Biped/Rig/Joints/hips_bind/pelvis_r_bind/thigh_r_bind/knee_r_bind/ankle_r_bind/ball_r_bind/toe1_001_r_bind/toe1_002_r_bind final","cat":"step","ph":"X","ts":132187,"dur":1,"pid":1,"tid":20},
{"name":"ProviderMatrix /Biped/Rig/Joints/hips_bind/pelvis_r_bind/thigh_r_bind/knee_r_bind/ankle_r_bind/ball_r_bind/toe2_001_r_bind/toe2_002_r_bind final","cat":"step","ph":"X","ts":132188,"dur":1,"pid":1,"tid":20},
{"name":"ProviderMatrix /Biped/Rig/Joints/hips_bind/pelvis_r_bind/thigh_r_bind/knee_r_bind/ankle_r_bind/ball_r_bind/toe3_001_r_bind/toe3_002_r_bind/toe3_003_r_bind final","cat":"step","ph":"X","ts":132189,"dur":1,"pid":1,"tid":20},
{"name":"ProviderMatrix /Biped/Rig/Joints/hips_bind/pelvis_r_bind/thigh_r_bind/knee_r_bind/ankle_r_bind/ball_r_bind/toe4_001_r_bind/toe4_002_r_bind/toe4_003_r_bind/toe4_004_r_bind final","cat":"step","ph":"X","ts":132190,"dur":1,"pid":1,"tid":20},
{"name":"ProviderMatrix /Biped/Rig/Joints/hips_bind/pelvis_r_bind/thigh_r_bind/knee_r_bind/ankle_r_bind/ball_r_bind/toe_r_bind final","cat":"step","ph":"X","ts":132191,"dur":1,"pid":1,"tid":20},
{"name":"ProviderMatrix /Biped/Rig/Joints/hips_bind/pelvis_r_bind/thigh_r_bind/knee_r_bind/ankle_r_bind/toe_r_driver final","cat":"step","ph":"X","ts":132215,"dur":1,"pid":1,"tid":21},
{"name":"ProviderMatrix /Biped/Rig/Joints/hips_bind/spine_0_bind/spine_1_bind/spine_2_bind/spine_3_bind/spine_4_bind/spine_5_bind/chest_bind/clavicle_l_bind/clavicle_trans_l_bind/shoulder_l_driver final","cat":"step","ph":"X","ts":132417,"dur":1,"pid":1,"tid":23},
{"name":"ProviderMatrix /Biped/Rig/Joints/hips_bind/spine_0_bind/spine_1_bind/spine_2_bind/spine_3_bind/spine_4_bind/spine_5_bind/chest_bind/clavicle_l_bind/shoulder_l_bind/elbow_l_bind/wristTwist_l_bind/wristSwing_l_driver final","cat":"step","ph":"X","ts":132067,"dur":1,"pid":1,"tid":3},
{"name":"ProviderMatrix /Biped/Rig/Joints/hips_bind/spine_0_bind/spine_1_bind/spine_2_bind/spine_3_bind/spine_4_bind/spine_5_bind/chest_bind/clavicle_l_bind/shoulder_l_bind/elbow_l_bind/wrist_l_bind/index_001_l_bind/index_002_combo_l_driver final","cat":"step","ph":"X","ts":132052,"dur":1,"pid":1,"tid":19},
{"name":"ProviderMatrix /Biped/Rig/Joints/hips_bind/spine_0_bind/spine_1_bind/spine_2_bind/spine_3_bind/spine_4_bind/spine_5_bind/chest_bind/clavicle_l_bind/shoulder_l_bind/elbow_l_bind/wrist_l_bind/middle_001_l_bind final","cat":"step","ph":"X","ts":132053,"dur":1,"pid":1,"tid":19},
{"name":"ProviderMatrix /Biped/Rig/Joints/hips_bind/spine_0_bind/spine_1_bind/spine_2_bind/spine_3_bind/spine_4_bind/spine_5_bind/chest_bind/clavicle_l_bind/shoulder_l_bind/elbow_l_bind/wrist_l_bind/middle_001_l_bind/middle_002_l_bind/middle_003_l_bind/middle_004_l_bind/middle_005_l_bind final","cat":"step","ph":"X","ts":132054,"dur":1,"pid":1,"tid":19},
{"name":"ProviderMatrix /Biped/Rig/Joints/hips_bind/spine_0_bind/spine_1_bind/spine_2_bind/spine_3_bind/spine_4_bind/spine_5_bind/chest_bind/clavicle_l_bind/shoulder_l_bind/elbow_l_bind/wrist_l_bind/pinkyCup_l_bind/pinky_001_l_bind/pinky_002_l_bind final","cat":"step","ph":"X","ts":132068,"dur":1,"pid":1,"tid":3},
{"name":"ProviderMatrix /Biped/Rig/Joints/hips_bind/spine_0_bind/spine_1_bind/spine_2_bind/spine_3_bind/spine_4_bind/spine_5_bind/chest_bind/clavicle_l_bind/shoulder_l_bind/elbow_l_bind/wrist_l_bind/ring_001_l_bind/ring_002_l_bind/ring_003_l_bind final","cat":"step","ph":"X","ts":132055,"dur":1,"pid":1,"tid":19},
{"name":"ProviderMatrix /Biped/Rig/Joints/hips_bind/spine_0_bind/spine_1_bind/spine_2_bind/spine_3_bind/spine_4_bind/spine_5_bind/chest_bind/clavicle_l_bind/shoulder_l_bind/elbow_l_bind/wrist_l_bind/thumbCup_l_bind/thumb_001_l_bind final","cat":"step","ph":"X","ts":132056,"dur":1,"pid":1,"tid":19},
{"name":"ProviderMatrix /Biped/Rig/Joints/hips_bind/spine_0_bind/spine_1_bind/spine_2_bind/spine_3_bind/spine_4_bind/spine_5_bind/chest_bind/clavicle_r_bind/clavicle_trans_combo_r_driver final","cat":"step","ph":"X","ts":132367,"dur":1,"pid":1,"tid":22},
{"name":"ProviderMatrix /Biped/Rig/Joints/hips_bind/spine_0_bind/spine_1_bind/spine_2_bind/spine_3_bind/spine_4_bind/spine_5_bind/chest_bind/clavicle_r_bind/clavicle_trans_r_bind final","cat":"step","ph":"X","ts":132406,"dur":1,"pid":1,"tid":23},
{"name":"ProviderMatrix /Biped/Rig/Joints/hips_bind/spine_0_bind/spine_1_bind/spine_2_bind/spine_3_bind/spine_4_bind/spine_5_bind/chest_bind/clavicle_r_bind/shoulder_r_bind final","cat":"step","ph":"X","ts":132008,"dur":1,"pid":1,"tid":13},
{"name":"ProviderMatrix /Biped/Rig/Joints/hips_bind/spine_0_bind/spine_1_bind/spine_2_bind/spine_3_bind/spine_4_bind/spine_5_bind/chest_bind/clavicle_r_bind/shoulder_r_bind/elbow_r_bind/wristTwist_r_driver final","cat":"step","ph":"X","ts":132084,"dur":1,"pid":1,"tid":19},
{"name":"ProviderMatrix /Biped/Rig/Joints/hips_bind/spine_0_bind/spine_1_bind/spine_2_bind/spine_3_bind/spine_4_bind/spine_5_bind/chest_bind/clavicle_r_bind/shoulder_r_bind/elbow_r_bind/wrist_r_bind/index_001_r_bind/index_002_r_bind/index_003_r_bind final","cat":"step","ph":"X","ts":132069,"dur":1,"pid":1,"tid":3},
{"name":"ProviderMatrix /Biped/Rig/Joints/hips_bind/spine_0_bind/spine_1_bind/spine_2_bind/spine_3_bind/spine_4_bind/spine_5_bind/chest_bind/clavicle_r_bind/shoulder_r_bind/elbow_r_bind/wrist_r_bind/pinkyCup_r_bind/pinky_001_r_bind/pinky_002_r_bind final","cat":"step","ph":"X","ts":132085,"dur":1,"pid":1,"tid":19},
{"name":"ProviderMatrix /Biped/Rig/Joints/hips_bind/spine_0_bind/spine_1_bind/spine_2_bind/spine_3_bind/spine_4_bind/spine_5_bind/chest_bind/neck_base_bind/neck_0_bind/neck_1_bind/neck_2_bind/neck_3_bind/skull_bind final","cat":"step","ph":"X","ts":132439,"dur":1,"pid":1,"tid":23},
{"name":"ProviderMatrix /Biped/Rig/Joints/hips_bind/spine_0_bind/spine_1_bind/spine_2_bind/spine_3_bind/spine_4_bind/spine_5_bind/chest_bind/neck_base_bind/neck_0_bind/neck_1_bind/neck_2_bind/neck_3_bind/skull_bind/face_lower_bind/face_mid_bind/teeth_upper_bind final","cat":"step","ph":"X","ts":132440,"dur":1,"pid":1,"tid":23},
{"name":"ProviderMatrix /Biped/Rig/Joints/hips_bind/spine_0_bind/spine_1_bind/spine_2_bind/spine_3_bind/spine_4_bind/spine_5_bind/chest_bind/neck_base_bind/neck_0_bind/neck_1_bind/neck_2_bind/neck_3_bind/skull_bind/face_upper_bind/head_tip_bind/brow_inner_l_bind final","cat":"step","ph":"X","ts":132442,"dur":1,"pid":1,"tid":23},
{"name":"ProviderMatrix /Biped/Rig/Joints/neck_ik_neck_0_bind/neck_ik_neck_1_bind/neck_ik_neck_2_bind/neck_ik_neck_3_bind final","cat":"step","ph":"X","ts":132091,"dur":1,"pid":1,"tid":19},
{"name":"InfluenceFold /Biped/Rig/Movers/skin_body_geo/body_geo_skin","cat":"step","ph":"X","ts":132443,"dur":30,"pid":1,"tid":23},
{"name":"RevisionChunk /Biped/Rig/Movers/skin_body_geo/body_geo_skin","cat":"step","ph":"X","ts":132473,"dur":241,"pid":1,"tid":23},
{"name":"RevisionFuse /Biped/Rig/Movers/skin_body_geo/body_geo_skin","cat":"step","ph":"X","ts":132715,"dur":2,"pid":1,"tid":23},
{"name":"ChainStatus /Biped/Geom/body_geo.points","cat":"step","ph":"X","ts":132717,"dur":14,"pid":1,"tid":23},
{"name":"Derived /Biped/Geom/body_geo.extent","cat":"step","ph":"X","ts":132731,"dur":266,"pid":1,"tid":23},
{"name":"cluster 0","cat":"cluster","ph":"X","ts":131777,"dur":11,"pid":1,"tid":0,"args":{"level":"1","steps":"21","waitUs":"2"}},
{"name":"cluster 1","cat":"cluster","ph":"X","ts":131788,"dur":10,"pid":1,"tid":0,"args":{"level":"2","steps":"30","waitUs":"0"}},
{"name":"cluster 2","cat":"cluster","ph":"X","ts":131814,"dur":6,"pid":1,"tid":0,"args":{"level":"3","steps":"20","waitUs":"16"}},
{"name":"cluster 3","cat":"cluster","ph":"X","ts":131825,"dur":21,"pid":1,"tid":23,"args":{"level":"4","steps":"17","waitUs":"5"}},
{"name":"cluster 4","cat":"cluster","ph":"X","ts":131852,"dur":59,"pid":1,"tid":7,"args":{"level":"5","steps":"17","waitUs":"6"}},
{"name":"cluster 5","cat":"cluster","ph":"X","ts":131915,"dur":13,"pid":1,"tid":26,"args":{"level":"6","steps":"23","waitUs":"4"}},
{"name":"cluster 6","cat":"cluster","ph":"X","ts":131928,"dur":6,"pid":1,"tid":26,"args":{"level":"7","steps":"15","waitUs":"0"}},
{"name":"cluster 7","cat":"cluster","ph":"X","ts":131943,"dur":12,"pid":1,"tid":25,"args":{"level":"8","steps":"13","waitUs":"2"}},
{"name":"cluster 8","cat":"cluster","ph":"X","ts":131803,"dur":11,"pid":1,"tid":0,"args":{"level":"3","steps":"15","waitUs":"5"}},
{"name":"cluster 9","cat":"cluster","ph":"X","ts":131955,"dur":25,"pid":1,"tid":25,"args":{"level":"9","steps":"15","waitUs":"0"}},
{"name":"cluster 10","cat":"cluster","ph":"X","ts":131983,"dur":20,"pid":1,"tid":20,"args":{"level":"10","steps":"17","waitUs":"3"}},
{"name":"cluster 11","cat":"cluster","ph":"X","ts":132016,"dur":22,"pid":1,"tid":19,"args":{"level":"11","steps":"16","waitUs":"2"}},
{"name":"cluster 12","cat":"cluster","ph":"X","ts":131937,"dur":4,"pid":1,"tid":7,"args":{"level":"7","steps":"6","waitUs":"1"}},
{"name":"cluster 13","cat":"cluster","ph":"X","ts":132040,"dur":19,"pid":1,"tid":3,"args":{"level":"12","steps":"12","waitUs":"2"}},
{"name":"cluster 14","cat":"cluster","ph":"X","ts":132061,"dur":12,"pid":1,"tid":19,"args":{"level":"13","steps":"6","waitUs":"1"}},
{"name":"cluster 16","cat":"cluster","ph":"X","ts":131913,"dur":23,"pid":1,"tid":7,"args":{"level":"6","steps":"12","waitUs":"1"}},
{"name":"cluster 17","cat":"cluster","ph":"X","ts":131847,"dur":11,"pid":1,"tid":23,"args":{"level":"5","steps":"8","waitUs":"1"}},
{"name":"cluster 18","cat":"cluster","ph":"X","ts":132073,"dur":13,"pid":1,"tid":19,"args":{"level":"14","steps":"15","waitUs":"0"}},
{"name":"cluster 19","cat":"cluster","ph":"X","ts":131942,"dur":9,"pid":1,"tid":7,"args":{"level":"8","steps":"2","waitUs":"1"}},
{"name":"cluster 20","cat":"cluster","ph":"X","ts":131821,"dur":4,"pid":1,"tid":0,"args":{"level":"4","steps":"6","waitUs":"1"}},
{"name":"cluster 21","cat":"cluster","ph":"X","ts":131985,"dur":8,"pid":1,"tid":10,"args":{"level":"10","steps":"3","waitUs":"5"}},
{"name":"cluster 22","cat":"cluster","ph":"X","ts":131981,"dur":17,"pid":1,"tid":25,"args":{"level":"10","steps":"3","waitUs":"0"}},
{"name":"cluster 23","cat":"cluster","ph":"X","ts":131956,"dur":8,"pid":1,"tid":22,"args":{"level":"9","steps":"3","waitUs":"5"}},
{"name":"cluster 24","cat":"cluster","ph":"X","ts":131991,"dur":23,"pid":1,"tid":23,"args":{"level":"10","steps":"4","waitUs":"3"}},
{"name":"cluster 25","cat":"cluster","ph":"X","ts":131964,"dur":14,"pid":1,"tid":2,"args":{"level":"9","steps":"3","waitUs":"13"}},
{"name":"cluster 26","cat":"cluster","ph":"X","ts":131965,"dur":23,"pid":1,"tid":13,"args":{"level":"9","steps":"4","waitUs":"2"}},
{"name":"cluster 27","cat":"cluster","ph":"X","ts":132087,"dur":5,"pid":1,"tid":19,"args":{"level":"15","steps":"10","waitUs":"1"}},
{"name":"cluster 28","cat":"cluster","ph":"X","ts":132101,"dur":8,"pid":1,"tid":19,"args":{"level":"16","steps":"4","waitUs":"9"}},
{"name":"cluster 29","cat":"cluster","ph":"X","ts":132109,"dur":13,"pid":1,"tid":19,"args":{"level":"17","steps":"6","waitUs":"0"}},
{"name":"cluster 30","cat":"cluster","ph":"X","ts":132135,"dur":17,"pid":1,"tid":27,"args":{"level":"18","steps":"5","waitUs":"13"}},
{"name":"cluster 31","cat":"cluster","ph":"X","ts":132156,"dur":24,"pid":1,"tid":20,"args":{"level":"19","steps":"5","waitUs":"4"}},
{"name":"cluster 32","cat":"cluster","ph":"X","ts":131991,"dur":19,"pid":1,"tid":1,"args":{"level":"10","steps":"3","waitUs":"3"}},
{"name":"cluster 33","cat":"cluster","ph":"X","ts":132010,"dur":4,"pid":1,"tid":1,"args":{"level":"11","steps":"2","waitUs":"0"}},
{"name":"cluster 34","cat":"cluster","ph":"X","ts":132182,"dur":21,"pid":1,"tid":21,"args":{"level":"20","steps":"4","waitUs":"2"}},
{"name":"cluster 35","cat":"cluster","ph":"X","ts":132206,"dur":12,"pid":1,"tid":20,"args":{"level":"21","steps":"3","waitUs":"3"}},
{"name":"cluster 36","cat":"cluster","ph":"X","ts":132221,"dur":23,"pid":1,"tid":22,"args":{"level":"22","steps":"4","waitUs":"2"}},
{"name":"cluster 37","cat":"cluster","ph":"X","ts":132244,"dur":32,"pid":1,"tid":22,"args":{"level":"23","steps":"9","waitUs":"0"}},
{"name":"cluster 38","cat":"cluster","ph":"X","ts":132276,"dur":11,"pid":1,"tid":22,"args":{"level":"24","steps":"6","waitUs":"0"}},
{"name":"cluster 39","cat":"cluster","ph":"X","ts":132287,"dur":7,"pid":1,"tid":22,"args":{"level":"25","steps":"3","waitUs":"0"}},
{"name":"cluster 40","cat":"cluster","ph":"X","ts":132294,"dur":5,"pid":1,"tid":22,"args":{"level":"26","steps":"2","waitUs":"0"}},
{"name":"cluster 41","cat":"cluster","ph":"X","ts":132299,"dur":6,"pid":1,"tid":22,"args":{"level":"27","steps":"1","waitUs":"0"}},
{"name":"cluster 42","cat":"cluster","ph":"X","ts":132305,"dur":6,"pid":1,"tid":22,"args":{"level":"28","steps":"2","waitUs":"0"}},
{"name":"cluster 43","cat":"cluster","ph":"X","ts":132311,"dur":6,"pid":1,"tid":22,"args":{"level":"29","steps":"1","waitUs":"0"}},
{"name":"cluster 44","cat":"cluster","ph":"X","ts":132317,"dur":5,"pid":1,"tid":22,"args":{"level":"30","steps":"2","waitUs":"0"}},
{"name":"cluster 45","cat":"cluster","ph":"X","ts":132322,"dur":6,"pid":1,"tid":22,"args":{"level":"31","steps":"1","waitUs":"0"}},
{"name":"cluster 46","cat":"cluster","ph":"X","ts":132328,"dur":5,"pid":1,"tid":22,"args":{"level":"32","steps":"2","waitUs":"0"}},
{"name":"cluster 47","cat":"cluster","ph":"X","ts":132333,"dur":6,"pid":1,"tid":22,"args":{"level":"33","steps":"1","waitUs":"0"}},
{"name":"cluster 48","cat":"cluster","ph":"X","ts":132339,"dur":6,"pid":1,"tid":22,"args":{"level":"34","steps":"1","waitUs":"0"}},
{"name":"cluster 49","cat":"cluster","ph":"X","ts":132345,"dur":7,"pid":1,"tid":22,"args":{"level":"35","steps":"4","waitUs":"0"}},
{"name":"cluster 50","cat":"cluster","ph":"X","ts":132352,"dur":7,"pid":1,"tid":22,"args":{"level":"36","steps":"4","waitUs":"0"}},
{"name":"cluster 51","cat":"cluster","ph":"X","ts":132369,"dur":6,"pid":1,"tid":22,"args":{"level":"37","steps":"3","waitUs":"9"}},
{"name":"cluster 52","cat":"cluster","ph":"X","ts":132379,"dur":14,"pid":1,"tid":23,"args":{"level":"38","steps":"3","waitUs":"4"}},
{"name":"cluster 53","cat":"cluster","ph":"X","ts":132393,"dur":14,"pid":1,"tid":23,"args":{"level":"39","steps":"7","waitUs":"0"}},
{"name":"cluster 54","cat":"cluster","ph":"X","ts":132407,"dur":11,"pid":1,"tid":23,"args":{"level":"40","steps":"6","waitUs":"0"}},
{"name":"cluster 55","cat":"cluster","ph":"X","ts":132418,"dur":5,"pid":1,"tid":23,"args":{"level":"41","steps":"3","waitUs":"0"}},
{"name":"cluster 56","cat":"cluster","ph":"X","ts":132423,"dur":4,"pid":1,"tid":23,"args":{"level":"42","steps":"2","waitUs":"0"}},
{"name":"cluster 57","cat":"cluster","ph":"X","ts":132427,"dur":4,"pid":1,"tid":23,"args":{"level":"43","steps":"1","waitUs":"0"}},
{"name":"cluster 58","cat":"cluster","ph":"X","ts":132431,"dur":4,"pid":1,"tid":23,"args":{"level":"44","steps":"2","waitUs":"0"}},
{"name":"cluster 59","cat":"cluster","ph":"X","ts":132435,"dur":8,"pid":1,"tid":23,"args":{"level":"46","steps":"28","waitUs":"0"}},
{"name":"cluster 60","cat":"cluster","ph":"X","ts":131963,"dur":19,"pid":1,"tid":7,"args":{"level":"9","steps":"7","waitUs":"0"}},
{"name":"cluster 61","cat":"cluster","ph":"X","ts":132180,"dur":12,"pid":1,"tid":20,"args":{"level":"20","steps":"27","waitUs":"0"}},
{"name":"cluster 62","cat":"cluster","ph":"X","ts":132015,"dur":7,"pid":1,"tid":23,"args":{"level":"11","steps":"7","waitUs":"1"}},
{"name":"cluster 63","cat":"cluster","ph":"X","ts":132208,"dur":8,"pid":1,"tid":26,"args":{"level":"21","steps":"3","waitUs":"5"}},
{"name":"cluster 64","cat":"cluster","ph":"X","ts":132364,"dur":4,"pid":1,"tid":22,"args":{"level":"37","steps":"8","waitUs":"4"}},
{"name":"cluster 65","cat":"cluster","ph":"X","ts":132126,"dur":9,"pid":1,"tid":19,"args":{"level":"18","steps":"7","waitUs":"4"}},
{"name":"cluster 66","cat":"cluster","ph":"X","ts":132219,"dur":13,"pid":1,"tid":20,"args":{"level":"22","steps":"7","waitUs":"0"}},
{"name":"cluster 67","cat":"cluster","ph":"X","ts":131989,"dur":20,"pid":1,"tid":13,"args":{"level":"10","steps":"9","waitUs":"0"}},
{"name":"cluster 68","cat":"cluster","ph":"X","ts":132376,"dur":6,"pid":1,"tid":22,"args":{"level":"38","steps":"3","waitUs":"1"}},
{"name":"cluster 69","cat":"cluster","ph":"X","ts":132204,"dur":12,"pid":1,"tid":21,"args":{"level":"21","steps":"10","waitUs":"0"}},
{"name":"cluster 70","cat":"cluster","ph":"X","ts":132153,"dur":9,"pid":1,"tid":27,"args":{"level":"19","steps":"27","waitUs":"1"}},
{"name":"cluster 71","cat":"cluster","ph":"X","ts":132039,"dur":19,"pid":1,"tid":19,"args":{"level":"12","steps":"30","waitUs":"1"}},
{"name":"cluster 72","cat":"cluster","ph":"X","ts":132060,"dur":12,"pid":1,"tid":3,"args":{"level":"13","steps":"36","waitUs":"0"}},
{"name":"cluster 73","cat":"cluster","ph":"X","ts":132443,"dur":30,"pid":1,"tid":23,"args":{"level":"47","steps":"1","waitUs":"0"}},
{"name":"cluster 74","cat":"cluster","ph":"X","ts":132473,"dur":241,"pid":1,"tid":23,"args":{"level":"48","steps":"1","waitUs":"0"}},
{"name":"cluster 75","cat":"cluster","ph":"X","ts":132715,"dur":282,"pid":1,"tid":23,"args":{"level":"51","steps":"3","waitUs":"0"}},
{"name":"BakedPublish","cat":"baked","ph":"X","ts":133110,"dur":66,"pid":1,"tid":0},
{"name":"BakedEpilogue","cat":"baked","ph":"X","ts":133004,"dur":180,"pid":1,"tid":0},
{"name":"Baked","cat":"baked","ph":"X","ts":131596,"dur":1588,"pid":1,"tid":0},
{"name":"Evaluate.Run","cat":"evaluate","ph":"X","ts":131595,"dur":1589,"pid":1,"tid":0},
{"name":"Evaluate@5","cat":"evaluate","ph":"X","ts":131593,"dur":1592,"pid":1,"tid":0},
{"name":"Evaluate.Settle","cat":"evaluate","ph":"X","ts":133305,"dur":1,"pid":1,"tid":0},
{"name":"Evaluate.PlaceOverrides","cat":"evaluate","ph":"X","ts":133306,"dur":0,"pid":1,"tid":0},
{"name":"PropertyChains","cat":"property","ph":"X","ts":133309,"dur":7,"pid":1,"tid":0},
{"name":"BakedInputs","cat":"baked","ph":"X","ts":133316,"dur":10,"pid":1,"tid":0},
{"name":"BakedChainBase","cat":"geometry","ph":"X","ts":133440,"dur":3,"pid":1,"tid":0},
{"name":"BakedPrologue","cat":"baked","ph":"X","ts":133308,"dur":136,"pid":1,"tid":0},
{"name":"BakedRegion","cat":"baked","ph":"X","ts":133444,"dur":1057,"pid":1,"tid":0},
{"name":"ComposeSubtree /Biped/Rig/Controls/arm_l_ik","cat":"step","ph":"X","ts":133477,"dur":1,"pid":1,"tid":0},
{"name":"ComposeSubtree /Biped/Rig/Controls/arm_l_pv","cat":"step","ph":"X","ts":133478,"dur":1,"pid":1,"tid":0},
{"name":"ComposeSubtree /Biped/Rig/Controls/hips_ctl","cat":"step","ph":"X","ts":133479,"dur":1,"pid":1,"tid":0},
{"name":"ComposeSubtree /Biped/Rig/Controls/hips_ctl/spine_root_pivot/spine_root_ctl/pelvis_l_ctl/leg_l_root","cat":"step","ph":"X","ts":133509,"dur":1,"pid":1,"tid":23},
{"name":"ComposeSubtree /Biped/Rig/Controls/hips_ctl/spine_root_pivot/spine_root_ctl/pelvis_l_ctl/leg_l_root/leg_l_fk_thigh_l_bind/leg_l_fk_knee_l_bind","cat":"step","ph":"X","ts":133522,"dur":1,"pid":1,"tid":19},
{"name":"ComposeSubtree /Biped/Rig/Controls/hips_ctl/spine_root_pivot/spine_root_ctl/pelvis_r_ctl","cat":"step","ph":"X","ts":133510,"dur":1,"pid":1,"tid":23},
{"name":"ComposeSubtree /Biped/Rig/Controls/hips_ctl/spine_root_pivot/spine_root_ctl/pelvis_r_ctl/leg_r_root/leg_r_fk_thigh_r_bind/leg_r_fk_knee_r_bind","cat":"step","ph":"X","ts":133551,"dur":2,"pid":1,"tid":9},
{"name":"ComposeSubtree /Biped/Rig/Controls/hips_ctl/torso_ctl/spine_end_pivot/spine_end_ctl","cat":"step","ph":"X","ts":133511,"dur":1,"pid":1,"tid":23},
{"name":"ComposeSubtree /Biped/Rig/Controls/hips_ctl/torso_ctl/spine_end_pivot/spine_end_ctl/clavicle_l_ctl/arm_l_root","cat":"step","ph":"X","ts":133523,"dur":1,"pid":1,"tid":19},
{"name":"ComposeSubtree /Biped/Rig/Controls/hips_ctl/torso_ctl/spine_end_pivot/spine_end_ctl/clavicle_r_ctl/arm_r_root/arm_r_fk_shoulder_r_bind","cat":"step","ph":"X","ts":133553,"dur":1,"pid":1,"tid":9},
{"name":"ComposeSubtree /Biped/Rig/Controls/hips_ctl/torso_ctl/spine_end_pivot/spine_end_ctl/clavicle_r_ctl/arm_r_root/arm_r_fk_shoulder_r_bind/arm_r_fk_elbow_r_bind","cat":"step","ph":"X","ts":133565,"dur":1,"pid":1,"tid":0},
{"name":"ComposeSubtree /Biped/Rig/Controls/hips_ctl/torso_ctl/spine_end_pivot/spine_end_ctl/neck_root_ctl","cat":"step","ph":"X","ts":133524,"dur":1,"pid":1,"tid":19},
{"name":"ComposeSubtree /Biped/Rig/Controls/index_001_l_bind_fk_follow/index_001_l_bind_fk/index_002_l_bind_fk","cat":"step","ph":"X","ts":133487,"dur":1,"pid":1,"tid":0},
{"name":"ComposeSubtree /Biped/Rig/Controls/index_001_r_bind_fk_follow","cat":"step","ph":"X","ts":133480,"dur":1,"pid":1,"tid":0},
{"name":"ComposeSubtree /Biped/Rig/Controls/index_001_r_bind_fk_follow/index_001_r_bind_fk/index_002_r_bind_fk/index_003_r_bind_fk","cat":"step","ph":"X","ts":133512,"dur":1,"pid":1,"tid":23},
{"name":"ComposeSubtree /Biped/Rig/Controls/leg_l_ik/ankle_l_pivot/bankIn_l_pivot/bankOut_l_pivot/heel_l_roll/heel_l/ball_l_pivot","cat":"step","ph":"X","ts":133525,"dur":3,"pid":1,"tid":19},
{"name":"ComposeSubtree /Biped/Rig/Controls/leg_l_ik/ankle_l_pivot/bankIn_l_pivot/bankOut_l_pivot/heel_l_roll/heel_l/ball_l_pivot/toe_l_roll/toe_l","cat":"step","ph":"X","ts":133554,"dur":1,"pid":1,"tid":9},
{"name":"ComposeSubtree /Biped/Rig/Controls/leg_l_ik/ankle_l_pivot/bankIn_l_pivot/bankOut_l_pivot/heel_l_roll/heel_l/ball_l_pivot/toe_l_roll/toe_l/ballRoll_l_up/ballRoll_l_down/ballRoll_l/ankle_l_ikTarget","cat":"step","ph":"X","ts":133578,"dur":1,"pid":1,"tid":0},
{"name":"ComposeSubtree /Biped/Rig/Controls/leg_l_ik/ankle_l_pivot/bankIn_l_pivot/bankOut_l_pivot/heel_l_roll/heel_l/ball_l_pivot/toe_l_roll/toe_l/ballRoll_l_up/ballRoll_l_down_twin","cat":"step","ph":"X","ts":133566,"dur":1,"pid":1,"tid":0},
{"name":"ComposeSubtree /Biped/Rig/Controls/leg_l_ik/ankle_l_pivot/bankIn_l_pivot/bankOut_l_pivot/heel_l_roll/heel_l/ball_l_pivot/toe_l_roll_twin","cat":"step","ph":"X","ts":133555,"dur":1,"pid":1,"tid":9},
{"name":"ComposeSubtree /Biped/Rig/Controls/leg_l_ik/ankle_l_pivot/bankIn_l_pivot/bankOut_l_pivot_twin","cat":"step","ph":"X","ts":133513,"dur":1,"pid":1,"tid":23},
{"name":"ComposeSubtree /Biped/Rig/Controls/leg_l_ik/ankle_l_pivot/bank_l","cat":"step","ph":"X","ts":133488,"dur":1,"pid":1,"tid":0},
{"name":"ComposeSubtree /Biped/Rig/Controls/leg_l_pv","cat":"step","ph":"X","ts":133481,"dur":1,"pid":1,"tid":0},
{"name":"ComposeSubtree /Biped/Rig/Controls/leg_r_ik/ankle_r_pivot/bankIn_r_pivot/bankOut_r_pivot/heel_r_roll/heel_r","cat":"step","ph":"X","ts":133529,"dur":1,"pid":1,"tid":19},
{"name":"ComposeSubtree /Biped/Rig/Controls/leg_r_ik/ankle_r_pivot/bankIn_r_pivot/bankOut_r_pivot/heel_r_roll/heel_r/ball_r_pivot/toe_r_roll","cat":"step","ph":"X","ts":133556,"dur":1,"pid":1,"tid":9},
{"name":"ComposeSubtree /Biped/Rig/Controls/leg_r_ik/ankle_r_pivot/bankIn_r_pivot/bankOut_r_pivot/heel_r_roll/heel_r/ball_r_pivot/toe_r_roll/toe_r/ballRoll_r_up","cat":"step","ph":"X","ts":133567,"dur":1,"pid":1,"tid":0},
{"name":"ComposeSubtree /Biped/Rig/Controls/leg_r_ik/ankle_r_pivot/bankIn_r_pivot/bankOut_r_pivot/heel_r_roll/heel_r/ball_r_pivot/toe_r_roll/toe_r/ballRoll_r_up/ballRoll_r_down/ballRoll_r","cat":"step","ph":"X","ts":133579,"dur":1,"pid":1,"tid":0},
{"name":"ComposeSubtree /Biped/Rig/Controls/leg_r_ik/ankle_r_pivot/bankIn_r_pivot/bankOut_r_pivot/heel_r_roll/heel_r/ball_r_pivot/toe_r_roll/toe_r/ballRoll_r_up/ballRoll_r_down/ballRoll_r/ball_r_ikTarget","cat":"step","ph":"X","ts":133587,"dur":2,"pid":1,"tid":25},
{"name":"ComposeSubtree /Biped/Rig/Controls/leg_r_ik/ankle_r_pivot/bankIn_r_pivot/bankOut_r_pivot/heel_r_roll/heel_r/ball_r_pivot/toe_r_roll_twin","cat":"step","ph":"X","ts":133557,"dur":1,"pid":1,"tid":9},
{"name":"ComposeSubtree /Biped/Rig/Controls/leg_r_ik/ankle_r_pivot/bankIn_r_pivot/bankOut_r_pivot_twin","cat":"step","ph":"X","ts":133514,"dur":1,"pid":1,"tid":23},
{"name":"ComposeSubtree /Biped/Rig/Controls/middle_001_l_bind_fk_follow/middle_001_l_bind_fk/middle_002_l_bind_fk/middle_003_l_bind_fk","cat":"step","ph":"X","ts":133515,"dur":1,"pid":1,"tid":23},
{"name":"ComposeSubtree /Biped/Rig/Controls/pinkyCup_l_bind_fk_follow","cat":"step","ph":"X","ts":133482,"dur":1,"pid":1,"tid":0},
{"name":"ComposeSubtree /Biped/Rig/Controls/pinkyCup_l_bind_fk_follow/pinkyCup_l_bind_fk/pinky_001_l_bind_fk","cat":"step","ph":"X","ts":133489,"dur":1,"pid":1,"tid":0},
{"name":"ComposeSubtree /Biped/Rig/Controls/pinkyCup_l_bind_fk_follow/pinkyCup_l_bind_fk/pinky_001_l_bind_fk/pinky_002_l_bind_fk/pinky_003_l_bind_fk","cat":"step","ph":"X","ts":133516,"dur":1,"pid":1,"tid":23},
{"name":"ComposeSubtree /Biped/Rig/Controls/ring_001_l_bind_fk_follow","cat":"step","ph":"X","ts":133483,"dur":1,"pid":1,"tid":0},
{"name":"ComposeSubtree /Biped/Rig/Controls/ring_001_r_bind_fk_follow/ring_001_r_bind_fk/ring_002_r_bind_fk/ring_003_r_bind_fk","cat":"step","ph":"X","ts":133517,"dur":1,"pid":1,"tid":23},
{"name":"ComposeSubtree /Biped/Rig/Controls/thumbCup_l_bind_fk_follow","cat":"step","ph":"X","ts":133484,"dur":1,"pid":1,"tid":0},
{"name":"ComposeSubtree /Biped/Rig/Controls/thumbCup_l_bind_fk_follow/thumbCup_l_bind_fk/thumb_001_l_bind_fk","cat":"step","ph":"X","ts":133490,"dur":1,"pid":1,"tid":0},
{"name":"ComposeSubtree /Biped/Rig/Joints/ankle_l_pivot/bankIn_l_pivot/bankOut_l_pivot/heel_l_pivot/ball_l_pivot","cat":"step","ph":"X","ts":133518,"dur":1,"pid":1,"tid":23},
{"name":"ComposeSubtree /Biped/Rig/Joints/ankle_r_pivot","cat":"step","ph":"X","ts":133485,"dur":1,"pid":1,"tid":0},
{"name":"ComposeSubtree /Biped/Rig/Joints/ankle_r_pivot/bankIn_r_pivot/bankOut_r_pivot/heel_r_pivot/ball_r_pivot/toe_r_pivot/ballRoll_r_pivot","cat":"step","ph":"X","ts":133530,"dur":1,"pid":1,"tid":19},
{"name":"ComposeSubtree /Biped/Rig/Joints/hips_bind/pelvis_l_bind/pelvis_trans_combo_l_driver","cat":"step","ph":"X","ts":133491,"dur":1,"pid":1,"tid":0},
{"name":"ComposeSubtree /Biped/Rig/Joints/hips_bind/pelvis_l_bind/pelvis_trans_l_bind/thigh_l_driver","cat":"step","ph":"X","ts":133500,"dur":1,"pid":1,"tid":0},
{"name":"ComposeSubtree /Biped/Rig/Joints/hips_bind/pelvis_l_bind/thigh_l_bind/knee_l_bind/ankle_l_bind/ball_l_bind","cat":"step","ph":"X","ts":133531,"dur":1,"pid":1,"tid":19},
{"name":"ComposeSubtree /Biped/Rig/Joints/hips_bind/pelvis_l_bind/thigh_l_bind/knee_l_bind/ankle_l_bind/ball_l_bind/toe2_001_l_bind","cat":"step","ph":"X","ts":133558,"dur":1,"pid":1,"tid":9},
{"name":"ComposeSubtree /Biped/Rig/Joints/hips_bind/pelvis_l_bind/thigh_l_bind/knee_l_bind/ankle_l_bind/ball_l_bind/toe2_001_l_bind/toe2_002_l_bind/toe2_003_l_bind","cat":"step","ph":"X","ts":133569,"dur":1,"pid":1,"tid":0},
{"name":"ComposeSubtree /Biped/Rig/Joints/hips_bind/pelvis_l_bind/thigh_l_bind/knee_l_bind/ankle_l_bind/ball_l_bind/toe4_001_l_bind","cat":"step","ph":"X","ts":133559,"dur":1,"pid":1,"tid":9},
{"name":"ComposeSubtree /Biped/Rig/Joints/hips_bind/pelvis_l_bind/thigh_l_bind/knee_l_bind/ankle_l_bind/ball_l_bind/toe4_001_l_bind/toe4_002_l_bind/toe4_003_l_bind","cat":"step","ph":"X","ts":133570,"dur":1,"pid":1,"tid":0},
{"name":"ComposeSubtree /Biped/Rig/Joints/hips_bind/pelvis_l_bind/thigh_l_bind/knee_l_bind/ankle_l_bind/ball_l_bind/toe_l_bind","cat":"step","ph":"X","ts":133560,"dur":1,"pid":1,"tid":9},
{"name":"ComposeSubtree /Biped/Rig/Joints/hips_bind/pelvis_l_bind/thigh_l_bind/knee_l_bind/kneeTwist_l_bind","cat":"step","ph":"X","ts":133501,"dur":1,"pid":1,"tid":0},
{"name":"ComposeSubtree /Biped/Rig/Joints/hips_bind/pelvis_r_bind","cat":"step","ph":"X","ts":133492,"dur":1,"pid":1,"tid":0},
{"name":"ComposeSubtree /Biped/Rig/Joints/hips_bind/pelvis_r_bind/thigh_r_bind","cat":"step","ph":"X","ts":133502,"dur":1,"pid":1,"tid":0},
{"name":"ComposeSubtree /Biped/Rig/Joints/hips_bind/pelvis_r_bind/thigh_r_bind/knee_r_bind/ankleTwist_r_bind","cat":"step","ph":"X","ts":133532,"dur":1,"pid":1,"tid":19},
{"name":"ComposeSubtree /Biped/Rig/Joints/hips_bind/pelvis_r_bind/thigh_r_bind/knee_r_bind/ankle_r_bind/ball_r_bind/toe1_001_r_bind/toe1_002_r_bind/toe1_003_r_bind","cat":"step","ph":"X","ts":133580,"dur":1,"pid":1,"tid":0},
{"name":"ComposeSubtree /Biped/Rig/Joints/hips_bind/pelvis_r_bind/thigh_r_bind/knee_r_bind/ankle_r_bind/ball_r_bind/toe2_001_r_bind","cat":"step","ph":"X","ts":133571,"dur":1,"pid":1,"tid":0},
{"name":"ComposeSubtree /Biped/Rig/Joints/hips_bind/pelvis_r_bind/thigh_r_bind/knee_r_bind/ankle_r_bind/ball_r_bind/toe3_001_r_bind/toe3_002_r_bind/toe3_003_r_bind","cat":"step","ph":"X","ts":133581,"dur":1,"pid":1,"tid":0},
{"name":"ComposeSubtree /Biped/Rig/Joints/hips_bind/pelvis_r_bind/thigh_r_bind/knee_r_bind/ankle_r_bind/ball_r_bind/toe4_001_r_bind","cat":"step","ph":"X","ts":133572,"dur":1,"pid":1,"tid":0},
{"name":"ComposeSubtree /Biped/Rig/Joints/hips_bind/pelvis_r_bind/thigh_r_bind/knee_r_bind/ankle_r_bind/ball_r_bind/toe_r_bind","cat":"step","ph":"X","ts":133573,"dur":1,"pid":1,"tid":0},
{"name":"ComposeSubtree /Biped/Rig/Joints/hips_bind/pelvis_r_bind/thigh_r_bind/knee_r_bind/kneeTwist_r_bind","cat":"step","ph":"X","ts":133533,"dur":1,"pid":1,"tid":19},
{"name":"ComposeSubtree /Biped/Rig/Joints/hips_bind/spine_0_bind/spine_1_bind/spine_2_bind/spine_3_bind/spine_4_bind/spine_5_bind/chest_bind/clavicle_l_bind/clavicle_trans_l_bind/shoulder_l_driver","cat":"step","ph":"X","ts":133582,"dur":1,"pid":1,"tid":0},
{"name":"ComposeSubtree /Biped/Rig/Joints/hips_bind/spine_0_bind/spine_1_bind/spine_2_bind/spine_3_bind/spine_4_bind/spine_5_bind/chest_bind/clavicle_l_bind/shoulderNoTwist_l_bind","cat":"step","ph":"X","ts":133574,"dur":1,"pid":1,"tid":0},
{"name":"ComposeSubtree /Biped/Rig/Joints/hips_bind/spine_0_bind/spine_1_bind/spine_2_bind/spine_3_bind/spine_4_bind/spine_5_bind/chest_bind/clavicle_l_bind/shoulder_l_bind/elbow_l_bind/wristTwist_l_bind","cat":"step","ph":"X","ts":133583,"dur":1,"pid":1,"tid":0},
{"name":"ComposeSubtree /Biped/Rig/Joints/hips_bind/spine_0_bind/spine_1_bind/spine_2_bind/spine_3_bind/spine_4_bind/spine_5_bind/chest_bind/clavicle_l_bind/shoulder_l_bind/elbow_l_bind/wrist_l_bind/index_001_l_bind","cat":"step","ph":"X","ts":133589,"dur":1,"pid":1,"tid":25},
{"name":"ComposeSubtree /Biped/Rig/Joints/hips_bind/spine_0_bind/spine_1_bind/spine_2_bind/spine_3_bind/spine_4_bind/spine_5_bind/chest_bind/clavicle_l_bind/shoulder_l_bind/elbow_l_bind/wrist_l_bind/index_001_l_bind/index_002_l_bind","cat":"step","ph":"X","ts":133601,"dur":1,"pid":1,"tid":29},
{"name":"ComposeSubtree /Biped/Rig/Joints/hips_bind/spine_0_bind/spine_1_bind/spine_2_bind/spine_3_bind/spine_4_bind/spine_5_bind/chest_bind/clavicle_l_bind/shoulder_l_bind/elbow_l_bind/wrist_l_bind/index_001_l_bind/index_002_l_bind/index_003_l_bind/index_004_l_bind","cat":"step","ph":"X","ts":133621,"dur":2,"pid":1,"tid":26},
{"name":"ComposeSubtree /Biped/Rig/Joints/hips_bind/spine_0_bind/spine_1_bind/spine_2_bind/spine_3_bind/spine_4_bind/spine_5_bind/chest_bind/clavicle_l_bind/shoulder_l_bind/elbow_l_bind/wrist_l_bind/middle_001_l_bind/middle_002_l_bind","cat":"step","ph":"X","ts":133602,"dur":1,"pid":1,"tid":29},
{"name":"ComposeSubtree /Biped/Rig/Joints/hips_bind/spine_0_bind/spine_1_bind/spine_2_bind/spine_3_bind/spine_4_bind/spine_5_bind/chest_bind/clavicle_l_bind/shoulder_l_bind/elbow_l_bind/wrist_l_bind/middle_001_l_bind/middle_002_l_bind/middle_003_l_bind/middle_004_l_bind","cat":"step","ph":"X","ts":133623,"dur":1,"pid":1,"tid":26},
{"name":"ComposeSubtree /Biped/Rig/Joints/hips_bind/spine_0_bind/spine_1_bind/spine_2_bind/spine_3_bind/spine_4_bind/spine_5_bind/chest_bind/clavicle_l_bind/shoulder_l_bind/elbow_l_bind/wrist_l_bind/pinkyCup_l_bind","cat":"step","ph":"X","ts":133590,"dur":1,"pid":1,"tid":25},
{"name":"ComposeSubtree /Biped/Rig/Joints/hips_bind/spine_0_bind/spine_1_bind/spine_2_bind/spine_3_bind/spine_4_bind/spine_5_bind/chest_bind/clavicle_l_bind/shoulder_l_bind/elbow_l_bind/wrist_l_bind/ring_001_l_bind/ring_002_l_bind","cat":"step","ph":"X","ts":133603,"dur":1,"pid":1,"tid":29},
{"name":"ComposeSubtree /Biped/Rig/Joints/hips_bind/spine_0_bind/spine_1_bind/spine_2_bind/spine_3_bind/spine_4_bind/spine_5_bind/chest_bind/clavicle_l_bind/shoulder_l_bind/elbow_l_bind/wrist_l_bind/ring_001_l_bind/ring_002_l_bind/ring_003_l_bind/ring_004_l_bind","cat":"step","ph":"X","ts":133624,"dur":1,"pid":1,"tid":26},
{"name":"ComposeSubtree /Biped/Rig/Joints/hips_bind/spine_0_bind/spine_1_bind/spine_2_bind/spine_3_bind/spine_4_bind/spine_5_bind/chest_bind/clavicle_l_bind/shoulder_l_bind/elbow_l_bind/wrist_l_bind/thumbCup_l_bind","cat":"step","ph":"X","ts":133591,"dur":1,"pid":1,"tid":25},
{"name":"ComposeSubtree /Biped/Rig/Joints/hips_bind/spine_0_bind/spine_1_bind/spine_2_bind/spine_3_bind/spine_4_bind/spine_5_bind/chest_bind/clavicle_r_bind","cat":"step","ph":"X","ts":133575,"dur":1,"pid":1,"tid":0},
{"name":"ComposeSubtree /Biped/Rig/Joints/hips_bind/spine_0_bind/spine_1_bind/spine_2_bind/spine_3_bind/spine_4_bind/spine_5_bind/chest_bind/clavicle_r_bind/clavicle_trans_r_bind/shoulder_r_driver","cat":"step","ph":"X","ts":133592,"dur":1,"pid":1,"tid":25},
{"name":"ComposeSubtree /Biped/Rig/Joints/hips_bind/spine_0_bind/spine_1_bind/spine_2_bind/spine_3_bind/spine_4_bind/spine_5_bind/chest_bind/clavicle_r_bind/shoulderNoTwist_r_bind","cat":"step","ph":"X","ts":133584,"dur":1,"pid":1,"tid":0},
{"name":"ComposeSubtree /Biped/Rig/Joints/hips_bind/spine_0_bind/spine_1_bind/spine_2_bind/spine_3_bind/spine_4_bind/spine_5_bind/chest_bind/clavicle_r_bind/shoulder_r_bind","cat":"step","ph":"X","ts":133582,"dur":1,"pid":1,"tid":9},
{"name":"ComposeSubtree /Biped/Rig/Joints/hips_bind/spine_0_bind/spine_1_bind/spine_2_bind/spine_3_bind/spine_4_bind/spine_5_bind/chest_bind/clavicle_r_bind/shoulder_r_bind/elbow_r_bind/wristTwist_r_bind","cat":"step","ph":"X","ts":133593,"dur":1,"pid":1,"tid":25},
{"name":"ComposeSubtree /Biped/Rig/Joints/hips_bind/spine_0_bind/spine_1_bind/spine_2_bind/spine_3_bind/spine_4_bind/spine_5_bind/chest_bind/clavicle_r_bind/shoulder_r_bind/elbow_r_bind/wrist_r_bind/index_001_r_bind","cat":"step","ph":"X","ts":133604,"dur":1,"pid":1,"tid":29},
{"name":"ComposeSubtree /Biped/Rig/Joints/hips_bind/spine_0_bind/spine_1_bind/spine_2_bind/spine_3_bind/spine_4_bind/spine_5_bind/chest_bind/clavicle_r_bind/shoulder_r_bind/elbow_r_bind/wrist_r_bind/index_001_r_bind/index_002_r_bind","cat":"step","ph":"X","ts":133625,"dur":1,"pid":1,"tid":26},
{"name":"ComposeSubtree /Biped/Rig/Joints/hips_bind/spine_0_bind/spine_1_bind/spine_2_bind/spine_3_bind/spine_4_bind/spine_5_bind/chest_bind/clavicle_r_bind/shoulder_r_bind/elbow_r_bind/wrist_r_bind/index_001_r_bind/index_002_r_bind/index_003_r_bind/index_004_r_bind","cat":"step","ph":"X","ts":133653,"dur":1,"pid":1,"tid":17},
{"name":"ComposeSubtree /Biped/Rig/Joints/hips_bind/spine_0_bind/spine_1_bind/spine_2_bind/spine_3_bind/spine_4_bind/spine_5_bind/chest_bind/clavicle_r_bind/shoulder_r_bind/elbow_r_bind/wrist_r_bind/middle_001_r_bind","cat":"step","ph":"X","ts":133605,"dur":1,"pid":1,"tid":29},
{"name":"ComposeSubtree /Biped/Rig/Joints/hips_bind/spine_0_bind/spine_1_bind/spine_2_bind/spine_3_bind/spine_4_bind/spine_5_bind/chest_bind/clavicle_r_bind/shoulder_r_bind/elbow_r_bind/wrist_r_bind/middle_001_r_bind/middle_002_r_bind","cat":"step","ph":"X","ts":133626,"dur":1,"pid":1,"tid":26},
{"name":"ComposeSubtree /Biped/Rig/Joints/hips_bind/spine_0_bind/spine_1_bind/spine_2_bind/spine_3_bind/spine_4_bind/spine_5_bind/chest_bind/clavicle_r_bind/shoulder_r_bind/elbow_r_bind/wrist_r_bind/middle_001_r_bind/middle_002_r_bind/middle_003_r_bind/middle_004_r_bind","cat":"step","ph":"X","ts":133654,"dur":1,"pid":1,"tid":17},
{"name":"ComposeSubtree /Biped/Rig/Joints/hips_bind/spine_0_bind/spine_1_bind/spine_2_bind/spine_3_bind/spine_4_bind/spine_5_bind/chest_bind/clavicle_r_bind/shoulder_r_bind/elbow_r_bind/wrist_r_bind/pinkyCup_r_bind/pinky_001_r_bind/pinky_002_r_bind/pinky_003_r_bind/pinky_004_r_bind","cat":"step","ph":"X","ts":133669,"dur":1,"pid":1,"tid":11},
{"name":"ComposeSubtree /Biped/Rig/Joints/hips_bind/spine_0_bind/spine_1_bind/spine_2_bind/spine_3_bind/spine_4_bind/spine_5_bind/chest_bind/clavicle_r_bind/shoulder_r_bind/elbow_r_bind/wrist_r_bind/ring_001_r_bind","cat":"step","ph":"X","ts":133606,"dur":1,"pid":1,"tid":29},
{"name":"ComposeSubtree /Biped/Rig/Joints/hips_bind/spine_0_bind/spine_1_bind/spine_2_bind/spine_3_bind/spine_4_bind/spine_5_bind/chest_bind/clavicle_r_bind/shoulder_r_bind/elbow_r_bind/wrist_r_bind/ring_001_r_bind/ring_002_r_bind","cat":"step","ph":"X","ts":133627,"dur":1,"pid":1,"tid":26},
{"name":"ComposeSubtree /Biped/Rig/Joints/hips_bind/spine_0_bind/spine_1_bind/spine_2_bind/spine_3_bind/spine_4_bind/spine_5_bind/chest_bind/clavicle_r_bind/shoulder_r_bind/elbow_r_bind/wrist_r_bind/thumbCup_r_bind/thumb_001_r_bind/thumb_002_r_bind/thumb_003_r_bind","cat":"step","ph":"X","ts":133655,"dur":1,"pid":1,"tid":17},
{"name":"ComposeSubtree /Biped/Rig/Joints/hips_bind/spine_0_bind/spine_1_bind/spine_2_bind/spine_3_bind/spine_4_bind/spine_5_bind/chest_bind/neck_base_bind/neck_0_bind/neck_1_bind/neck_2_bind/neck_3_bind","cat":"step","ph":"X","ts":133594,"dur":1,"pid":1,"tid":25},
{"name":"ComposeSubtree /Biped/Rig/Joints/hips_bind/spine_0_bind/spine_1_bind/spine_2_bind/spine_3_bind/spine_4_bind/spine_5_bind/chest_bind/neck_base_bind/neck_0_bind/neck_1_bind/neck_2_bind/neck_3_bind/skull_bind/face_lower_bind","cat":"step","ph":"X","ts":133607,"dur":1,"pid":1,"tid":29},
{"name":"ComposeSubtree /Biped/Rig/Joints/hips_bind/spine_0_bind/spine_1_bind/spine_2_bind/spine_3_bind/spine_4_bind/spine_5_bind/chest_bind/neck_base_bind/neck_0_bind/neck_1_bind/neck_2_bind/neck_3_bind/skull_bind/face_lower_bind/face_mid_bind/jaw_compression_driver","cat":"step","ph":"X","ts":133628,"dur":1,"pid":1,"tid":26},
{"name":"ComposeSubtree /Biped/Rig/Joints/hips_bind/spine_0_bind/spine_1_bind/spine_2_bind/spine_3_bind/spine_4_bind/spine_5_bind/chest_bind/neck_base_bind/neck_0_bind/neck_1_bind/neck_2_bind/neck_3_bind/skull_bind/face_lower_bind/face_mid_bind/teeth_upper_bind","cat":"step","ph":"X","ts":133629,"dur":1,"pid":1,"tid":26},
{"name":"ComposeSubtree /Biped/Rig/Joints/hips_bind/spine_0_bind/spine_1_bind/spine_2_bind/spine_3_bind/spine_4_bind/spine_5_bind/chest_bind/neck_base_bind/neck_0_bind/neck_1_bind/neck_2_bind/neck_3_bind/skull_bind/face_lower_bind/jaw_bind/jaw_end","cat":"step","ph":"X","ts":133656,"dur":1,"pid":1,"tid":17},
{"name":"ComposeSubtree /Biped/Rig/Joints/hips_bind/spine_0_bind/spine_1_bind/spine_2_bind/spine_3_bind/spine_4_bind/spine_5_bind/chest_bind/neck_base_bind/neck_0_bind/neck_1_bind/neck_2_bind/neck_3_bind/skull_bind/face_lower_bind/jaw_bind/tongue_0_bind/tongue_1_bind/tongue_2_bind/tongue_3_bind","cat":"step","ph":"X","ts":133688,"dur":2,"pid":1,"tid":31},
{"name":"ComposeSubtree /Biped/Rig/Joints/hips_bind/spine_0_bind/spine_1_bind/spine_2_bind/spine_3_bind/spine_4_bind/spine_5_bind/chest_bind/neck_base_bind/neck_0_bind/neck_1_bind/neck_2_bind/neck_3_bind/skull_bind/face_upper_bind/eyeSocket_l_bind","cat":"step","ph":"X","ts":133630,"dur":1,"pid":1,"tid":26},
{"name":"ComposeSubtree /Biped/Rig/Joints/hips_bind/spine_0_bind/spine_1_bind/spine_2_bind/spine_3_bind/spine_4_bind/spine_5_bind/chest_bind/neck_base_bind/neck_0_bind/neck_1_bind/neck_2_bind/neck_3_bind/skull_bind/face_upper_bind/head_tip_bind","cat":"step","ph":"X","ts":133631,"dur":1,"pid":1,"tid":26},
{"name":"ComposeSubtree /Biped/Rig/Joints/neck_ik_neck_0_bind/neck_ik_neck_1_bind","cat":"step","ph":"X","ts":133671,"dur":1,"pid":1,"tid":11},
{"name":"ComposeSubtree /Biped/Rig/Joints/spine_ik_spine_0_bind/spine_ik_spine_1_bind/spine_ik_spine_2_bind","cat":"step","ph":"X","ts":133493,"dur":1,"pid":1,"tid":0},
{"name":"ComposeSubtree /Biped/Rig/Joints/spine_ik_spine_0_bind/spine_ik_spine_1_bind/spine_ik_spine_2_bind/spine_ik_spine_3_bind/spine_ik_spine_4_bind/spine_ik_spine_5_bind","cat":"step","ph":"X","ts":133534,"dur":1,"pid":1,"tid":19},
{"name":"Solve /Biped/Rig/Solvers/arm_l_fkChain","cat":"step","ph":"X","ts":133576,"dur":2,"pid":1,"tid":0},
{"name":"SolverCommit batch 0","cat":"step","ph":"X","ts":133583,"dur":1,"pid":1,"tid":9},
{"name":"Solve /Biped/Rig/Solvers/arm_l_twoBoneIk","cat":"step","ph":"X","ts":133562,"dur":1,"pid":1,"tid":9},
{"name":"SolverCommit batch 1","cat":"step","ph":"X","ts":133564,"dur":1,"pid":1,"tid":9},
{"name":"Solve /Biped/Rig/Solvers/arm_r_fkChain","cat":"step","ph":"X","ts":133584,"dur":1,"pid":1,"tid":9},
{"name":"Solve /Biped/Rig/Solvers/arm_r_twoBoneIk","cat":"step","ph":"X","ts":133549,"dur":1,"pid":1,"tid":19},
{"name":"Solve /Biped/Rig/Solvers/leg_l_fkChain","cat":"step","ph":"X","ts":133550,"dur":2,"pid":1,"tid":19},
{"name":"Solve /Biped/Rig/Solvers/leg_r_fkChain","cat":"step","ph":"X","ts":133565,"dur":3,"pid":1,"tid":9},
{"name":"Solve /Biped/Rig/Solvers/neck_splineIk","cat":"step","ph":"X","ts":133568,"dur":12,"pid":1,"tid":9},
{"name":"SolverCommit batch 6","cat":"step","ph":"X","ts":133701,"dur":1,"pid":1,"tid":11},
{"name":"Solve /Biped/Rig/Solvers/spine_splineIk","cat":"step","ph":"X","ts":133535,"dur":13,"pid":1,"tid":19},
{"name":"Solve /Biped/Rig/Solvers/arm_r_ikfk","cat":"step","ph":"X","ts":133595,"dur":1,"pid":1,"tid":25},
{"name":"SolverCommit batch 8","cat":"step","ph":"X","ts":133608,"dur":2,"pid":1,"tid":29},
{"name":"SolverCommit batch 9","cat":"step","ph":"X","ts":133586,"dur":2,"pid":1,"tid":9},
{"name":"Constraint /Biped/Rig/Movers/spine_mid_follow/spine_mid_follow_pos","cat":"step","ph":"X","ts":133520,"dur":10,"pid":1,"tid":23},
{"name":"Solve /Biped/Rig/Solvers/fk_thumb_r","cat":"step","ph":"X","ts":133632,"dur":3,"pid":1,"tid":26},
{"name":"SolverCommit batch 11","cat":"step","ph":"X","ts":133672,"dur":1,"pid":1,"tid":11},
{"name":"Solve /Biped/Rig/Solvers/fk_ring_r","cat":"step","ph":"X","ts":133626,"dur":4,"pid":1,"tid":11},
{"name":"SolverCommit batch 12","cat":"step","ph":"X","ts":133673,"dur":1,"pid":1,"tid":11},
{"name":"Solve /Biped/Rig/Solvers/fk_pinky_r","cat":"step","ph":"X","ts":133630,"dur":2,"pid":1,"tid":11},
{"name":"SolverCommit batch 13","cat":"step","ph":"X","ts":133690,"dur":2,"pid":1,"tid":31},
{"name":"Solve /Biped/Rig/Solvers/fk_middle_r","cat":"step","ph":"X","ts":133632,"dur":2,"pid":1,"tid":11},
{"name":"SolverCommit batch 14","cat":"step","ph":"X","ts":133674,"dur":1,"pid":1,"tid":11},
{"name":"Solve /Biped/Rig/Solvers/fk_index_r","cat":"step","ph":"X","ts":133631,"dur":3,"pid":1,"tid":24},
{"name":"SolverCommit batch 15","cat":"step","ph":"X","ts":133675,"dur":1,"pid":1,"tid":11},
{"name":"Solve /Biped/Rig/Solvers/fk_thumb_l","cat":"step","ph":"X","ts":133610,"dur":3,"pid":1,"tid":29},
{"name":"SolverCommit batch 16","cat":"step","ph":"X","ts":133658,"dur":1,"pid":1,"tid":17},
{"name":"Solve /Biped/Rig/Solvers/fk_ring_l","cat":"step","ph":"X","ts":133613,"dur":2,"pid":1,"tid":29},
{"name":"SolverCommit batch 17","cat":"step","ph":"X","ts":133659,"dur":1,"pid":1,"tid":17},
{"name":"Solve /Biped/Rig/Solvers/fk_pinky_l","cat":"step","ph":"X","ts":133596,"dur":4,"pid":1,"tid":22},
{"name":"SolverCommit batch 18","cat":"step","ph":"X","ts":133676,"dur":1,"pid":1,"tid":11},
{"name":"Solve /Biped/Rig/Solvers/fk_middle_l","cat":"step","ph":"X","ts":133600,"dur":2,"pid":1,"tid":22},
{"name":"SolverCommit batch 19","cat":"step","ph":"X","ts":133660,"dur":1,"pid":1,"tid":17},
{"name":"Solve /Biped/Rig/Solvers/fk_index_l","cat":"step","ph":"X","ts":133602,"dur":1,"pid":1,"tid":22},
{"name":"SolverCommit batch 20","cat":"step","ph":"X","ts":133661,"dur":1,"pid":1,"tid":17},
{"name":"Constraint /Biped/Rig/Movers/spine_mid_follow/spine_mid_follow_aim","cat":"step","ph":"X","ts":133553,"dur":4,"pid":1,"tid":19},
{"name":"Constraint /Biped/Rig/Movers/hand_r_follow/thumbCup_r_bind_fk_follow_to_wrist_r_bind","cat":"step","ph":"X","ts":133634,"dur":9,"pid":1,"tid":24},
{"name":"Constraint /Biped/Rig/Movers/hand_r_follow/ring_001_r_bind_fk_follow_to_wrist_r_bind","cat":"step","ph":"X","ts":133643,"dur":4,"pid":1,"tid":24},
{"name":"Constraint /Biped/Rig/Movers/hand_r_follow/pinkyCup_r_bind_fk_follow_to_wrist_r_bind","cat":"step","ph":"X","ts":133631,"dur":9,"pid":1,"tid":17},
{"name":"Constraint /Biped/Rig/Movers/hand_r_follow/middle_001_r_bind_fk_follow_to_wrist_r_bind","cat":"step","ph":"X","ts":133640,"dur":4,"pid":1,"tid":17},
{"name":"Constraint /Biped/Rig/Movers/hand_r_follow/index_001_r_bind_fk_follow_to_wrist_r_bind","cat":"step","ph":"X","ts":133644,"dur":3,"pid":1,"tid":17},
{"name":"Constraint /Biped/Rig/Movers/hand_l_follow/thumbCup_l_bind_fk_follow_to_wrist_l_bind","cat":"step","ph":"X","ts":133597,"dur":8,"pid":1,"tid":2},
{"name":"Constraint /Biped/Rig/Movers/hand_l_follow/ring_001_l_bind_fk_follow_to_wrist_l_bind","cat":"step","ph":"X","ts":133605,"dur":4,"pid":1,"tid":2},
{"name":"Constraint /Biped/Rig/Movers/hand_l_follow/pinkyCup_l_bind_fk_follow_to_wrist_l_bind","cat":"step","ph":"X","ts":133609,"dur":4,"pid":1,"tid":2},
{"name":"Constraint /Biped/Rig/Movers/hand_l_follow/middle_001_l_bind_fk_follow_to_wrist_l_bind","cat":"step","ph":"X","ts":133597,"dur":6,"pid":1,"tid":25},
{"name":"Constraint /Biped/Rig/Movers/hand_l_follow/index_001_l_bind_fk_follow_to_wrist_l_bind","cat":"step","ph":"X","ts":133603,"dur":4,"pid":1,"tid":25},
{"name":"Constraint /Biped/Rig/Movers/bankIn_r_pivot_rc/bankIn_r_pivot_rotation","cat":"step","ph":"X","ts":133607,"dur":4,"pid":1,"tid":25},
{"name":"Constraint /Biped/Rig/Movers/bankOut_r_pivot_rc/bankOut_r_pivot_rotation","cat":"step","ph":"X","ts":133647,"dur":5,"pid":1,"tid":17},
{"name":"Constraint /Biped/Rig/Movers/heel_r_roll_rc/heel_r_roll_rotation","cat":"step","ph":"X","ts":133662,"dur":1,"pid":1,"tid":17},
{"name":"Constraint /Biped/Rig/Movers/toe_r_roll_rc/toe_r_roll_rotation","cat":"step","ph":"X","ts":133677,"dur":5,"pid":1,"tid":11},
{"name":"Constraint /Biped/Rig/Movers/ballRoll_r_up_rc/ballRoll_r_up_rotation","cat":"step","ph":"X","ts":133692,"dur":1,"pid":1,"tid":31},
{"name":"Constraint /Biped/Rig/Movers/ballRoll_r_down_rc/ballRoll_r_down_rotation","cat":"step","ph":"X","ts":133702,"dur":2,"pid":1,"tid":11},
{"name":"Solve /Biped/Rig/Solvers/leg_r_twoBoneIk","cat":"step","ph":"X","ts":133713,"dur":1,"pid":1,"tid":11},
{"name":"Solve /Biped/Rig/Solvers/leg_r_ikfk","cat":"step","ph":"X","ts":133718,"dur":1,"pid":1,"tid":11},
{"name":"SolverCommit batch 39","cat":"step","ph":"X","ts":133727,"dur":6,"pid":1,"tid":11},
{"name":"Constraint /Biped/Rig/Movers/ankle_r_bind_scAim/ankle_r_bind_aim","cat":"step","ph":"X","ts":133749,"dur":8,"pid":1,"tid":0},
{"name":"Constraint /Biped/Rig/Movers/ball_r_bind_scAim/ball_r_bind_aim","cat":"step","ph":"X","ts":133769,"dur":3,"pid":1,"tid":0},
{"name":"Constraint /Biped/Rig/Movers/bankIn_l_pivot_rc/bankIn_l_pivot_rotation","cat":"step","ph":"X","ts":133588,"dur":5,"pid":1,"tid":9},
{"name":"Constraint /Biped/Rig/Movers/bankOut_l_pivot_rc/bankOut_l_pivot_rotation","cat":"step","ph":"X","ts":133611,"dur":2,"pid":1,"tid":25},
{"name":"Constraint /Biped/Rig/Movers/heel_l_roll_rc/heel_l_roll_rotation","cat":"step","ph":"X","ts":133637,"dur":8,"pid":1,"tid":31},
{"name":"Constraint /Biped/Rig/Movers/toe_l_roll_rc/toe_l_roll_rotation","cat":"step","ph":"X","ts":133657,"dur":5,"pid":1,"tid":27},
{"name":"Constraint /Biped/Rig/Movers/ballRoll_l_up_rc/ballRoll_l_up_rotation","cat":"step","ph":"X","ts":133682,"dur":2,"pid":1,"tid":11},
{"name":"Constraint /Biped/Rig/Movers/ballRoll_l_down_rc/ballRoll_l_down_rotation","cat":"step","ph":"X","ts":133693,"dur":1,"pid":1,"tid":31},
{"name":"Solve /Biped/Rig/Solvers/leg_l_twoBoneIk","cat":"step","ph":"X","ts":133704,"dur":1,"pid":1,"tid":11},
{"name":"Solve /Biped/Rig/Solvers/leg_l_ikfk","cat":"step","ph":"X","ts":133714,"dur":1,"pid":1,"tid":11},
{"name":"SolverCommit batch 49","cat":"step","ph":"X","ts":133719,"dur":6,"pid":1,"tid":11},
{"name":"Constraint /Biped/Rig/Movers/ankle_l_bind_scAim/ankle_l_bind_aim","cat":"step","ph":"X","ts":133733,"dur":7,"pid":1,"tid":11},
{"name":"Constraint /Biped/Rig/Movers/ball_l_bind_scAim/ball_l_bind_aim","cat":"step","ph":"X","ts":133757,"dur":4,"pid":1,"tid":0},
{"name":"Constraint /Biped/Rig/Movers/hips_follow/spine_root_ctl_drives_hips_bind","cat":"step","ph":"X","ts":133503,"dur":5,"pid":1,"tid":0},
{"name":"PropagateChunk /Biped/Rig/Movers/hips_follow/spine_root_ctl_drives_hips_bind","cat":"step","ph":"X","ts":133705,"dur":6,"pid":1,"tid":11},
{"name":"PropagateChunk /Biped/Rig/Movers/hips_follow/spine_root_ctl_drives_hips_bind","cat":"step","ph":"X","ts":133684,"dur":1,"pid":1,"tid":11},
{"name":"CommitApply /Biped/Rig/Movers/hips_follow/spine_root_ctl_drives_hips_bind","cat":"step","ph":"X","ts":133715,"dur":1,"pid":1,"tid":11},
{"name":"Constraint /Biped/Rig/Movers/hips_follow/spine_root_ctl_scales_hips_bind","cat":"step","ph":"X","ts":133725,"dur":2,"pid":1,"tid":11},
{"name":"PropagateChunk /Biped/Rig/Movers/hips_follow/spine_root_ctl_scales_hips_bind","cat":"step","ph":"X","ts":133761,"dur":4,"pid":1,"tid":0},
{"name":"CommitApply /Biped/Rig/Movers/hips_follow/spine_root_ctl_scales_hips_bind","cat":"step","ph":"X","ts":133772,"dur":1,"pid":1,"tid":0},
{"name":"Constraint /Biped/Rig/Movers/spine_to_bind/spine_ik_spine_0_bind_scale_to_spine_0_bind","cat":"step","ph":"X","ts":133780,"dur":23,"pid":1,"tid":0},
{"name":"Constraint /Biped/Rig/Movers/spine_to_bind/spine_ik_spine_0_bind_to_spine_0_bind","cat":"step","ph":"X","ts":133813,"dur":12,"pid":1,"tid":19},
{"name":"Constraint /Biped/Rig/Movers/spine_to_bind/spine_ik_spine_1_bind_scale_to_spine_1_bind","cat":"step","ph":"X","ts":133832,"dur":9,"pid":1,"tid":10},
{"name":"Constraint /Biped/Rig/Movers/spine_to_bind/spine_ik_spine_1_bind_to_spine_1_bind","cat":"step","ph":"X","ts":133852,"dur":9,"pid":1,"tid":10},
{"name":"Constraint /Biped/Rig/Movers/spine_to_bind/spine_ik_spine_2_bind_scale_to_spine_2_bind","cat":"step","ph":"X","ts":133871,"dur":7,"pid":1,"tid":10},
{"name":"Constraint /Biped/Rig/Movers/spine_to_bind/spine_ik_spine_2_bind_to_spine_2_bind","cat":"step","ph":"X","ts":133886,"dur":9,"pid":1,"tid":10},
{"name":"Constraint /Biped/Rig/Movers/spine_to_bind/spine_ik_spine_3_bind_scale_to_spine_3_bind","cat":"step","ph":"X","ts":133896,"dur":7,"pid":1,"tid":10},
{"name":"Constraint /Biped/Rig/Movers/spine_to_bind/spine_ik_spine_3_bind_to_spine_3_bind","cat":"step","ph":"X","ts":133903,"dur":9,"pid":1,"tid":10},
{"name":"Constraint /Biped/Rig/Movers/spine_to_bind/spine_ik_spine_4_bind_scale_to_spine_4_bind","cat":"step","ph":"X","ts":133912,"dur":7,"pid":1,"tid":10},
{"name":"Constraint /Biped/Rig/Movers/spine_to_bind/spine_ik_spine_4_bind_to_spine_4_bind","cat":"step","ph":"X","ts":133919,"dur":8,"pid":1,"tid":10},
{"name":"Constraint /Biped/Rig/Movers/spine_to_bind/spine_ik_spine_5_bind_scale_to_spine_5_bind","cat":"step","ph":"X","ts":133927,"dur":7,"pid":1,"tid":10},
{"name":"Constraint /Biped/Rig/Movers/spine_to_bind/spine_ik_spine_5_bind_to_spine_5_bind","cat":"step","ph":"X","ts":133935,"dur":8,"pid":1,"tid":10},
{"name":"Constraint /Biped/Rig/Movers/spine_to_bind/spine_ik_chest_bind_scale_to_chest_bind","cat":"step","ph":"X","ts":133943,"dur":7,"pid":1,"tid":10},
{"name":"Constraint /Biped/Rig/Movers/spine_to_bind/spine_ik_chest_bind_to_chest_bind","cat":"step","ph":"X","ts":133950,"dur":9,"pid":1,"tid":10},
{"name":"Constraint /Biped/Rig/Movers/girdles/spine_end_ctl_drives_chest_bind","cat":"step","ph":"X","ts":133959,"dur":8,"pid":1,"tid":10},
{"name":"Constraint /Biped/Rig/Movers/girdles/pelvis_r_ctl_drives_pelvis_r_bind","cat":"step","ph":"X","ts":133803,"dur":2,"pid":1,"tid":0},
{"name":"Constraint /Biped/Rig/Movers/girdles/pelvis_l_ctl_drives_pelvis_l_bind","cat":"step","ph":"X","ts":133805,"dur":1,"pid":1,"tid":0},
{"name":"Constraint /Biped/Rig/Movers/girdles/clavicle_r_ctl_drives_clavicle_r_bind","cat":"step","ph":"X","ts":133967,"dur":2,"pid":1,"tid":10},
{"name":"Constraint /Biped/Rig/Movers/girdles/clavicle_l_ctl_drives_clavicle_l_bind","cat":"step","ph":"X","ts":133969,"dur":1,"pid":1,"tid":10},
{"name":"Constraint /Biped/Rig/Movers/girdles/spine_end_ctl_unsquashes_neck_base_bind","cat":"step","ph":"X","ts":133971,"dur":4,"pid":1,"tid":10},
{"name":"Constraint /Biped/Rig/Movers/girdles/clavicle_r_ctl_unsquashes_clavicle_r_bind","cat":"step","ph":"X","ts":133976,"dur":2,"pid":1,"tid":10},
{"name":"Constraint /Biped/Rig/Movers/girdles/clavicle_l_ctl_unsquashes_clavicle_l_bind","cat":"step","ph":"X","ts":133978,"dur":3,"pid":1,"tid":10},
{"name":"Constraint /Biped/Rig/Movers/neck_to_bind/neck_ik_neck_0_bind_scale_to_neck_0_bind","cat":"step","ph":"X","ts":133981,"dur":5,"pid":1,"tid":10},
{"name":"Constraint /Biped/Rig/Movers/neck_to_bind/neck_ik_neck_0_bind_to_neck_0_bind","cat":"step","ph":"X","ts":133997,"dur":7,"pid":1,"tid":10},
{"name":"Constraint /Biped/Rig/Movers/neck_to_bind/neck_ik_neck_1_bind_scale_to_neck_1_bind","cat":"step","ph":"X","ts":134007,"dur":32,"pid":1,"tid":0},
{"name":"Constraint /Biped/Rig/Movers/neck_to_bind/neck_ik_neck_1_bind_to_neck_1_bind","cat":"step","ph":"X","ts":134047,"dur":6,"pid":1,"tid":0},
{"name":"Constraint /Biped/Rig/Movers/neck_to_bind/neck_ik_neck_2_bind_scale_to_neck_2_bind","cat":"step","ph":"X","ts":134060,"dur":4,"pid":1,"tid":0},
{"name":"Constraint /Biped/Rig/Movers/neck_to_bind/neck_ik_neck_2_bind_to_neck_2_bind","cat":"step","ph":"X","ts":134071,"dur":5,"pid":1,"tid":0},
{"name":"Constraint /Biped/Rig/Movers/neck_to_bind/neck_ik_neck_3_bind_scale_to_neck_3_bind","cat":"step","ph":"X","ts":134076,"dur":3,"pid":1,"tid":0},
{"name":"Constraint /Biped/Rig/Movers/neck_to_bind/neck_ik_neck_3_bind_to_neck_3_bind","cat":"step","ph":"X","ts":134080,"dur":4,"pid":1,"tid":0},
{"name":"Constraint /Biped/Rig/Movers/neck_to_bind/neck_ik_skull_bind_scale_to_skull_bind","cat":"step","ph":"X","ts":134084,"dur":4,"pid":1,"tid":0},
{"name":"Constraint /Biped/Rig/Movers/neck_to_bind/neck_ik_skull_bind_to_skull_bind","cat":"step","ph":"X","ts":134088,"dur":4,"pid":1,"tid":0},
{"name":"Constraint /Biped/Rig/Movers/twist_aims/wristTwist_r_bind_copy","cat":"step","ph":"X","ts":133645,"dur":6,"pid":1,"tid":31},
{"name":"Constraint /Biped/Rig/Movers/twist_aims/wristTwist_r_bind_aim","cat":"step","ph":"X","ts":133662,"dur":6,"pid":1,"tid":27},
{"name":"Constraint /Biped/Rig/Movers/twist_aims/wristTwist_l_bind_copy","cat":"step","ph":"X","ts":133594,"dur":6,"pid":1,"tid":9},
{"name":"Constraint /Biped/Rig/Movers/twist_aims/wristTwist_l_bind_aim","cat":"step","ph":"X","ts":133651,"dur":4,"pid":1,"tid":31},
{"name":"Constraint /Biped/Rig/Movers/twist_aims/ankleTwist_r_bind_copy","cat":"step","ph":"X","ts":133773,"dur":2,"pid":1,"tid":0},
{"name":"Constraint /Biped/Rig/Movers/twist_aims/ankleTwist_r_bind_aim","cat":"step","ph":"X","ts":133806,"dur":3,"pid":1,"tid":0},
{"name":"Constraint /Biped/Rig/Movers/twist_aims/ankleTwist_l_bind_copy","cat":"step","ph":"X","ts":133766,"dur":3,"pid":1,"tid":0},
{"name":"Constraint /Biped/Rig/Movers/twist_aims/ankleTwist_l_bind_aim","cat":"step","ph":"X","ts":133775,"dur":2,"pid":1,"tid":0},
{"name":"Constraint /Biped/Rig/Movers/twist_aims/ankleTwist_r_bind_follows_ankle_r_bind","cat":"step","ph":"X","ts":133825,"dur":1,"pid":1,"tid":19},
{"name":"Constraint /Biped/Rig/Movers/twist_aims/ankleTwist_l_bind_follows_ankle_l_bind","cat":"step","ph":"X","ts":133782,"dur":1,"pid":1,"tid":11},
{"name":"Constraint /Biped/Rig/Movers/twist_aims/wristTwist_r_bind_follows_wrist_r_bind","cat":"step","ph":"X","ts":133685,"dur":2,"pid":1,"tid":11},
{"name":"Constraint /Biped/Rig/Movers/twist_aims/wristTwist_l_bind_follows_wrist_l_bind","cat":"step","ph":"X","ts":133656,"dur":1,"pid":1,"tid":31},
{"name":"Constraint /Biped/Rig/Movers/twist_aims/thighNoTwist_r_bind_follows_thigh_r_bind","cat":"step","ph":"X","ts":133826,"dur":1,"pid":1,"tid":19},
{"name":"Constraint /Biped/Rig/Movers/twist_aims/thighNoTwist_l_bind_follows_thigh_l_bind","cat":"step","ph":"X","ts":133810,"dur":1,"pid":1,"tid":0},
{"name":"Constraint /Biped/Rig/Movers/twist_aims/shoulderNoTwist_r_bind_follows_shoulder_r_bind","cat":"step","ph":"X","ts":134004,"dur":1,"pid":1,"tid":10},
{"name":"Constraint /Biped/Rig/Movers/twist_aims/shoulderNoTwist_l_bind_follows_shoulder_l_bind","cat":"step","ph":"X","ts":134005,"dur":1,"pid":1,"tid":10},
{"name":"Constraint /Biped/Rig/Movers/twist_aims/pelvis_trans_r_bind_follows_thigh_r_bind","cat":"step","ph":"X","ts":133811,"dur":1,"pid":1,"tid":0},
{"name":"Constraint /Biped/Rig/Movers/twist_aims/clavicle_trans_r_bind_follows_shoulder_r_bind","cat":"step","ph":"X","ts":133993,"dur":1,"pid":1,"tid":10},
{"name":"Constraint /Biped/Rig/Movers/twist_aims/clavicle_trans_l_bind_follows_shoulder_l_bind","cat":"step","ph":"X","ts":133994,"dur":1,"pid":1,"tid":10},
{"name":"Constraint /Biped/Rig/Movers/twist_aims/pelvis_trans_r_bind_aim","cat":"step","ph":"X","ts":133841,"dur":5,"pid":1,"tid":10},
{"name":"Constraint /Biped/Rig/Movers/twist_aims/pelvis_trans_l_bind_aim","cat":"step","ph":"X","ts":133846,"dur":3,"pid":1,"tid":10},
{"name":"Constraint /Biped/Rig/Movers/twist_aims/kneeTwist_r_bind_aim","cat":"step","ph":"X","ts":133765,"dur":3,"pid":1,"tid":11},
{"name":"Constraint /Biped/Rig/Movers/twist_aims/kneeTwist_l_bind_aim","cat":"step","ph":"X","ts":133740,"dur":4,"pid":1,"tid":11},
{"name":"Constraint /Biped/Rig/Movers/twist_aims/thighNoTwist_r_bind_aim","cat":"step","ph":"X","ts":133849,"dur":3,"pid":1,"tid":10},
{"name":"Constraint /Biped/Rig/Movers/twist_aims/thighNoTwist_l_bind_aim","cat":"step","ph":"X","ts":133828,"dur":4,"pid":1,"tid":19},
{"name":"Constraint /Biped/Rig/Movers/twist_aims/clavicle_trans_r_bind_aim","cat":"step","ph":"X","ts":134039,"dur":5,"pid":1,"tid":0},
{"name":"Constraint /Biped/Rig/Movers/twist_aims/clavicle_trans_l_bind_aim","cat":"step","ph":"X","ts":134044,"dur":3,"pid":1,"tid":0},
{"name":"Constraint /Biped/Rig/Movers/twist_aims/elbowTwist_r_bind_aim","cat":"step","ph":"X","ts":133624,"dur":6,"pid":1,"tid":29},
{"name":"Constraint /Biped/Rig/Movers/twist_aims/elbowTwist_l_bind_aim","cat":"step","ph":"X","ts":133600,"dur":3,"pid":1,"tid":9},
{"name":"Constraint /Biped/Rig/Movers/twist_aims/shoulderNoTwist_r_bind_aim","cat":"step","ph":"X","ts":134006,"dur":4,"pid":1,"tid":10},
{"name":"Constraint /Biped/Rig/Movers/twist_aims/shoulderNoTwist_l_bind_aim","cat":"step","ph":"X","ts":134010,"dur":3,"pid":1,"tid":10},
{"name":"Constraint /Biped/Rig/Movers/pose_drivers/thigh_r_driver_copies_thigh_r_bind","cat":"step","ph":"X","ts":133861,"dur":4,"pid":1,"tid":10},
{"name":"Constraint /Biped/Rig/Movers/pose_drivers/thigh_l_driver_copies_thigh_l_bind","cat":"step","ph":"X","ts":133865,"dur":4,"pid":1,"tid":10},
{"name":"Constraint /Biped/Rig/Movers/pose_drivers/thigh_r_twist_driver_copies_thighNoTwist_r_bind","cat":"step","ph":"X","ts":133878,"dur":4,"pid":1,"tid":10},
{"name":"Constraint /Biped/Rig/Movers/pose_drivers/thigh_l_twist_driver_copies_thighNoTwist_l_bind","cat":"step","ph":"X","ts":133882,"dur":3,"pid":1,"tid":10},
{"name":"Constraint /Biped/Rig/Movers/pose_drivers/ankleTwist_r_driver_copies_ankleTwist_r_bind","cat":"step","ph":"X","ts":133832,"dur":4,"pid":1,"tid":19},
{"name":"Constraint /Biped/Rig/Movers/pose_drivers/ankleTwist_l_driver_copies_ankleTwist_l_bind","cat":"step","ph":"X","ts":133814,"dur":4,"pid":1,"tid":11},
{"name":"Constraint /Biped/Rig/Movers/pose_drivers/toe_r_driver_copies_ball_r_bind","cat":"step","ph":"X","ts":133783,"dur":27,"pid":1,"tid":11},
{"name":"Constraint /Biped/Rig/Movers/pose_drivers/toe_l_driver_copies_ball_l_bind","cat":"step","ph":"X","ts":133777,"dur":3,"pid":1,"tid":0},
{"name":"Constraint /Biped/Rig/Movers/pose_drivers/knee_r_driver_copies_knee_r_bind","cat":"step","ph":"X","ts":133774,"dur":3,"pid":1,"tid":11},
{"name":"Constraint /Biped/Rig/Movers/pose_drivers/knee_l_driver_copies_knee_l_bind","cat":"step","ph":"X","ts":133768,"dur":3,"pid":1,"tid":11},
{"name":"Constraint /Biped/Rig/Movers/pose_drivers/ankleSwing_r_driver_copies_ankle_r_bind","cat":"step","ph":"X","ts":133836,"dur":4,"pid":1,"tid":19},
{"name":"Constraint /Biped/Rig/Movers/pose_drivers/ankleSwing_l_driver_copies_ankle_l_bind","cat":"step","ph":"X","ts":133818,"dur":3,"pid":1,"tid":11},
{"name":"Constraint /Biped/Rig/Movers/pose_drivers/shoulder_r_driver_copies_shoulder_r_bind","cat":"step","ph":"X","ts":134053,"dur":3,"pid":1,"tid":0},
{"name":"Constraint /Biped/Rig/Movers/pose_drivers/shoulder_l_driver_copies_shoulder_l_bind","cat":"step","ph":"X","ts":134056,"dur":3,"pid":1,"tid":0},
{"name":"Constraint /Biped/Rig/Movers/pose_drivers/wristTwist_r_driver_copies_wristTwist_r_bind","cat":"step","ph":"X","ts":133694,"dur":3,"pid":1,"tid":31},
{"name":"Constraint /Biped/Rig/Movers/pose_drivers/wristTwist_l_driver_copies_wristTwist_l_bind","cat":"step","ph":"X","ts":133669,"dur":4,"pid":1,"tid":27},
{"name":"Constraint /Biped/Rig/Movers/pose_drivers/shoulder_r_twist_driver_copies_shoulderNoTwist_r_bind","cat":"step","ph":"X","ts":134064,"dur":3,"pid":1,"tid":0},
{"name":"Constraint /Biped/Rig/Movers/pose_drivers/shoulder_l_twist_driver_copies_shoulderNoTwist_l_bind","cat":"step","ph":"X","ts":134067,"dur":3,"pid":1,"tid":0},
{"name":"Constraint /Biped/Rig/Movers/pose_drivers/wristSwing_r_driver_copies_wrist_r_bind","cat":"step","ph":"X","ts":133688,"dur":6,"pid":1,"tid":11},
{"name":"Constraint /Biped/Rig/Movers/pose_drivers/wristSwing_l_driver_copies_wrist_l_bind","cat":"step","ph":"X","ts":133673,"dur":4,"pid":1,"tid":27},
{"name":"Constraint /Biped/Rig/Movers/pose_drivers/elbow_r_driver_copies_elbow_r_bind","cat":"step","ph":"X","ts":133657,"dur":4,"pid":1,"tid":31},
{"name":"Constraint /Biped/Rig/Movers/pose_drivers/elbow_l_driver_copies_elbow_l_bind","cat":"step","ph":"X","ts":133630,"dur":5,"pid":1,"tid":29},
{"name":"Constraint /Biped/Rig/Movers/param_follow/leg_r_params_to_ankle_r_bind","cat":"step","ph":"X","ts":133777,"dur":2,"pid":1,"tid":11},
{"name":"Constraint /Biped/Rig/Movers/param_follow/leg_l_params_to_ankle_l_bind","cat":"step","ph":"X","ts":133771,"dur":2,"pid":1,"tid":11},
{"name":"Constraint /Biped/Rig/Movers/param_follow/arm_r_params_to_wrist_r_bind","cat":"step","ph":"X","ts":133635,"dur":6,"pid":1,"tid":29},
{"name":"Constraint /Biped/Rig/Movers/param_follow/arm_l_params_to_wrist_l_bind","cat":"step","ph":"X","ts":133603,"dur":4,"pid":1,"tid":9},
{"name":"ProviderMatrix /Biped/Rig/Controls/leg_l_ik/ankle_l_pivot/bankIn_l_pivot/bankOut_l_pivot/heel_l_roll/heel_l/ball_l_pivot/toe_l_roll final","cat":"step","ph":"X","ts":133677,"dur":1,"pid":1,"tid":27},
{"name":"ProviderMatrix /Biped/Rig/Controls/leg_r_ik/ankle_r_pivot/bankIn_r_pivot/bankOut_r_pivot final","cat":"step","ph":"X","ts":133661,"dur":1,"pid":1,"tid":31},
{"name":"ProviderMatrix /Biped/Rig/Joints/ankle_l_pivot/bankIn_l_pivot/bankOut_l_pivot/heel_l_pivot final","cat":"step","ph":"X","ts":133508,"dur":1,"pid":1,"tid":0},
{"name":"ProviderMatrix /Biped/Rig/Joints/ankle_l_pivot/bankIn_l_pivot/bankOut_l_pivot/heel_l_pivot/ball_l_pivot final","cat":"step","ph":"X","ts":133530,"dur":1,"pid":1,"tid":23},
{"name":"ProviderMatrix /Biped/Rig/Joints/ankle_l_pivot/bankIn_l_pivot/bankOut_l_pivot/heel_l_pivot/ball_l_pivot/toe_l_pivot/ballRoll_l_pivot final","cat":"step","ph":"X","ts":133557,"dur":1,"pid":1,"tid":19},
{"name":"ProviderMatrix /Biped/Rig/Joints/hips_bind/pelvis_l_bind final","cat":"step","ph":"X","ts":133821,"dur":1,"pid":1,"tid":11},
{"name":"ProviderMatrix /Biped/Rig/Joints/hips_bind/pelvis_l_bind/pelvis_trans_l_bind/thigh_l_driver final","cat":"step","ph":"X","ts":133885,"dur":1,"pid":1,"tid":10},
{"name":"ProviderMatrix /Biped/Rig/Joints/hips_bind/pelvis_l_bind/thigh_l_bind/knee_l_bind/ankleTwist_l_bind/ankleSwing_l_driver final","cat":"step","ph":"X","ts":133840,"dur":1,"pid":1,"tid":19},
{"name":"ProviderMatrix /Biped/Rig/Joints/hips_bind/pelvis_l_bind/thigh_l_bind/knee_l_bind/ankle_l_bind final","cat":"step","ph":"X","ts":133773,"dur":1,"pid":1,"tid":11},
{"name":"ProviderMatrix /Biped/Rig/Joints/hips_bind/pelvis_l_bind/thigh_l_bind/knee_l_bind/ankle_l_bind/ball_l_bind/toe2_001_l_bind final","cat":"step","ph":"X","ts":133779,"dur":1,"pid":1,"tid":11},
{"name":"ProviderMatrix /Biped/Rig/Joints/hips_bind/pelvis_l_bind/thigh_l_bind/knee_l_bind/ankle_l_bind/ball_l_bind/toe4_001_l_bind/toe4_002_l_bind final","cat":"step","ph":"X","ts":133780,"dur":1,"pid":1,"tid":11},
{"name":"ProviderMatrix /Biped/Rig/Joints/hips_bind/pelvis_l_bind/thigh_l_bind/knee_l_bind/ankle_l_bind/toe_l_driver final","cat":"step","ph":"X","ts":133810,"dur":1,"pid":1,"tid":11},
{"name":"ProviderMatrix /Biped/Rig/Joints/hips_bind/pelvis_r_bind/pelvis_trans_combo_r_driver final","cat":"step","ph":"X","ts":133822,"dur":1,"pid":1,"tid":11},
{"name":"ProviderMatrix /Biped/Rig/Joints/hips_bind/pelvis_r_bind/pelvis_trans_r_bind/thigh_r_driver/thigh_r_twist_driver final","cat":"step","ph":"X","ts":133895,"dur":1,"pid":1,"tid":10},
{"name":"ProviderMatrix /Biped/Rig/Joints/hips_bind/pelvis_r_bind/thigh_r_bind/knee_r_bind/ankle_r_bind final","cat":"step","ph":"X","ts":133781,"dur":1,"pid":1,"tid":11},
{"name":"ProviderMatrix /Biped/Rig/Joints/hips_bind/pelvis_r_bind/thigh_r_bind/knee_r_bind/ankle_r_bind/ball_r_bind/toe2_001_r_bind final","cat":"step","ph":"X","ts":133811,"dur":1,"pid":1,"tid":11},
{"name":"ProviderMatrix /Biped/Rig/Joints/hips_bind/pelvis_r_bind/thigh_r_bind/knee_r_bind/ankle_r_bind/ball_r_bind/toe3_001_r_bind/toe3_002_r_bind/toe3_003_r_bind/toe3_004_r_bind final","cat":"step","ph":"X","ts":133812,"dur":1,"pid":1,"tid":11},
{"name":"ProviderMatrix /Biped/Rig/Joints/hips_bind/spine_0_bind/spine_1_bind/spine_2_bind/spine_3_bind/spine_4_bind/spine_5_bind/chest_bind final","cat":"step","ph":"X","ts":133975,"dur":1,"pid":1,"tid":10},
{"name":"ProviderMatrix /Biped/Rig/Joints/hips_bind/spine_0_bind/spine_1_bind/spine_2_bind/spine_3_bind/spine_4_bind/spine_5_bind/chest_bind/clavicle_l_bind/clavicle_trans_l_bind final","cat":"step","ph":"X","ts":134059,"dur":1,"pid":1,"tid":0},
{"name":"ProviderMatrix /Biped/Rig/Joints/hips_bind/spine_0_bind/spine_1_bind/spine_2_bind/spine_3_bind/spine_4_bind/spine_5_bind/chest_bind/clavicle_l_bind/shoulder_combo_l_driver final","cat":"step","ph":"X","ts":133995,"dur":1,"pid":1,"tid":10},
{"name":"ProviderMatrix /Biped/Rig/Joints/hips_bind/spine_0_bind/spine_1_bind/spine_2_bind/spine_3_bind/spine_4_bind/spine_5_bind/chest_bind/clavicle_l_bind/shoulder_l_bind/elbow_l_bind/elbowTwist_l_bind final","cat":"step","ph":"X","ts":133641,"dur":1,"pid":1,"tid":29},
{"name":"ProviderMatrix /Biped/Rig/Joints/hips_bind/spine_0_bind/spine_1_bind/spine_2_bind/spine_3_bind/spine_4_bind/spine_5_bind/chest_bind/clavicle_l_bind/shoulder_l_bind/elbow_l_bind/wristTwist_l_driver final","cat":"step","ph":"X","ts":133694,"dur":1,"pid":1,"tid":11},
{"name":"ProviderMatrix /Biped/Rig/Joints/hips_bind/spine_0_bind/spine_1_bind/spine_2_bind/spine_3_bind/spine_4_bind/spine_5_bind/chest_bind/clavicle_l_bind/shoulder_l_bind/elbow_l_bind/wrist_l_bind/index_001_l_bind final","cat":"step","ph":"X","ts":133678,"dur":1,"pid":1,"tid":27},
{"name":"ProviderMatrix /Biped/Rig/Joints/hips_bind/spine_0_bind/spine_1_bind/spine_2_bind/spine_3_bind/spine_4_bind/spine_5_bind/chest_bind/clavicle_l_bind/shoulder_l_bind/elbow_l_bind/wrist_l_bind/index_001_l_bind/index_002_l_bind/index_003_l_bind/index_004_l_bind/index_005_l_bind final","cat":"step","ph":"X","ts":133679,"dur":1,"pid":1,"tid":27},
{"name":"ProviderMatrix /Biped/Rig/Joints/hips_bind/spine_0_bind/spine_1_bind/spine_2_bind/spine_3_bind/spine_4_bind/spine_5_bind/chest_bind/clavicle_l_bind/shoulder_l_bind/elbow_l_bind/wrist_l_bind/middle_001_l_bind/middle_002_l_bind/middle_003_l_bind/middle_004_l_bind final","cat":"step","ph":"X","ts":133680,"dur":1,"pid":1,"tid":27},
{"name":"ProviderMatrix /Biped/Rig/Joints/hips_bind/spine_0_bind/spine_1_bind/spine_2_bind/spine_3_bind/spine_4_bind/spine_5_bind/chest_bind/clavicle_l_bind/shoulder_l_bind/elbow_l_bind/wrist_l_bind/pinkyCup_l_bind/pinky_001_l_bind/pinky_002_l_bind final","cat":"step","ph":"X","ts":133695,"dur":1,"pid":1,"tid":11},
{"name":"ProviderMatrix /Biped/Rig/Joints/hips_bind/spine_0_bind/spine_1_bind/spine_2_bind/spine_3_bind/spine_4_bind/spine_5_bind/chest_bind/clavicle_l_bind/shoulder_l_bind/elbow_l_bind/wrist_l_bind/ring_001_l_bind/ring_002_l_bind final","cat":"step","ph":"X","ts":133681,"dur":1,"pid":1,"tid":27},
{"name":"ProviderMatrix /Biped/Rig/Joints/hips_bind/spine_0_bind/spine_1_bind/spine_2_bind/spine_3_bind/spine_4_bind/spine_5_bind/chest_bind/clavicle_l_bind/shoulder_l_bind/elbow_l_bind/wrist_l_bind/thumbCup_l_bind/thumb_001_l_bind final","cat":"step","ph":"X","ts":133682,"dur":1,"pid":1,"tid":27},
{"name":"ProviderMatrix /Biped/Rig/Joints/hips_bind/spine_0_bind/spine_1_bind/spine_2_bind/spine_3_bind/spine_4_bind/spine_5_bind/chest_bind/clavicle_r_bind/shoulder_r_bind/elbow_r_bind/wristTwist_r_bind final","cat":"step","ph":"X","ts":133696,"dur":1,"pid":1,"tid":11},
{"name":"ProviderMatrix /Biped/Rig/Joints/hips_bind/spine_0_bind/spine_1_bind/spine_2_bind/spine_3_bind/spine_4_bind/spine_5_bind/chest_bind/clavicle_r_bind/shoulder_r_bind/elbow_r_bind/wristTwist_r_driver final","cat":"step","ph":"X","ts":133711,"dur":1,"pid":1,"tid":11},
{"name":"ProviderMatrix /Biped/Rig/Joints/hips_bind/spine_0_bind/spine_1_bind/spine_2_bind/spine_3_bind/spine_4_bind/spine_5_bind/chest_bind/clavicle_r_bind/shoulder_r_bind/elbow_r_bind/wrist_r_bind/index_001_r_bind/index_002_r_bind/index_003_r_bind/index_004_r_bind final","cat":"step","ph":"X","ts":133697,"dur":1,"pid":1,"tid":11},
{"name":"ProviderMatrix /Biped/Rig/Joints/hips_bind/spine_0_bind/spine_1_bind/spine_2_bind/spine_3_bind/spine_4_bind/spine_5_bind/chest_bind/clavicle_r_bind/shoulder_r_bind/elbow_r_bind/wrist_r_bind/middle_001_r_bind/middle_002_r_bind/middle_003_r_bind final","cat":"step","ph":"X","ts":133698,"dur":1,"pid":1,"tid":11},
{"name":"ProviderMatrix /Biped/Rig/Joints/hips_bind/spine_0_bind/spine_1_bind/spine_2_bind/spine_3_bind/spine_4_bind/spine_5_bind/chest_bind/clavicle_r_bind/shoulder_r_bind/elbow_r_bind/wrist_r_bind/pinkyCup_r_bind/pinky_001_r_bind/pinky_002_r_bind/pinky_003_r_bind final","cat":"step","ph":"X","ts":133712,"dur":1,"pid":1,"tid":11},
{"name":"ProviderMatrix /Biped/Rig/Joints/hips_bind/spine_0_bind/spine_1_bind/spine_2_bind/spine_3_bind/spine_4_bind/spine_5_bind/chest_bind/clavicle_r_bind/shoulder_r_bind/elbow_r_bind/wrist_r_bind/ring_001_r_bind/ring_002_r_bind final","cat":"step","ph":"X","ts":133699,"dur":1,"pid":1,"tid":11},
{"name":"ProviderMatrix /Biped/Rig/Joints/hips_bind/spine_0_bind/spine_1_bind/spine_2_bind/spine_3_bind/spine_4_bind/spine_5_bind/chest_bind/clavicle_r_bind/shoulder_r_bind/elbow_r_bind/wrist_r_bind/thumbCup_r_bind/thumb_001_r_bind/thumb_002_r_bind final","cat":"step","ph":"X","ts":133700,"dur":1,"pid":1,"tid":11},
{"name":"ProviderMatrix /Biped/Rig/Joints/hips_bind/spine_0_bind/spine_1_bind/spine_2_bind/spine_3_bind/spine_4_bind/spine_5_bind/chest_bind/neck_base_bind/neck_0_bind/neck_1_bind/neck_2_bind final","cat":"step","ph":"X","ts":134079,"dur":1,"pid":1,"tid":0},
{"name":"ProviderMatrix /Biped/Rig/Joints/hips_bind/spine_0_bind/spine_1_bind/spine_2_bind/spine_3_bind/spine_4_bind/spine_5_bind/chest_bind/neck_base_bind/neck_0_bind/neck_1_bind/neck_2_bind/neck_3_bind/skull_bind final","cat":"step","ph":"X","ts":134092,"dur":1,"pid":1,"tid":0},
{"name":"ProviderMatrix /Biped/Rig/Joints/hips_bind/spine_0_bind/spine_1_bind/spine_2_bind/spine_3_bind/spine_4_bind/spine_5_bind/chest_bind/neck_base_bind/neck_0_bind/neck_1_bind/neck_2_bind/neck_3_bind/skull_bind/face_lower_bind/jaw_bind final","cat":"step","ph":"X","ts":134093,"dur":1,"pid":1,"tid":0},
{"name":"ProviderMatrix /Biped/Rig/Joints/hips_bind/spine_0_bind/spine_1_bind/spine_2_bind/spine_3_bind/spine_4_bind/spine_5_bind/chest_bind/neck_base_bind/neck_0_bind/neck_1_bind/neck_2_bind/neck_3_bind/skull_bind/face_upper_bind final","cat":"step","ph":"X","ts":134094,"dur":1,"pid":1,"tid":0},
{"name":"ProviderMatrix /Biped/Rig/Joints/pupilCenter_r_pivot final","cat":"step","ph":"X","ts":133494,"dur":1,"pid":1,"tid":0},
{"name":"ProviderMatrix /Biped/Rig/Joints/spine_ik_spine_0_bind final","cat":"step","ph":"X","ts":133580,"dur":1,"pid":1,"tid":9},
{"name":"ProviderMatrix /Biped/Rig/Joints/spine_ik_spine_0_bind/spine_ik_spine_1_bind/spine_ik_spine_2_bind/spine_ik_spine_3_bind/spine_ik_spine_4_bind/spine_ik_spine_5_bind final","cat":"step","ph":"X","ts":133581,"dur":1,"pid":1,"tid":9},
{"name":"InfluenceFold /Biped/Rig/Movers/skin_body_geo/body_geo_skin","cat":"step","ph":"X","ts":134096,"dur":27,"pid":1,"tid":0},
{"name":"RevisionChunk /Biped/Rig/Movers/skin_body_geo/body_geo_skin","cat":"step","ph":"X","ts":134123,"dur":243,"pid":1,"tid":0},
{"name":"RevisionFuse /Biped/Rig/Movers/skin_body_geo/body_geo_skin","cat":"step","ph":"X","ts":134366,"dur":3,"pid":1,"tid":0},
{"name":"ChainStatus /Biped/Geom/body_geo.points","cat":"step","ph":"X","ts":134369,"dur":11,"pid":1,"tid":0},
{"name":"Derived /Biped/Geom/body_geo.extent","cat":"step","ph":"X","ts":134380,"dur":117,"pid":1,"tid":0},
{"name":"cluster 0","cat":"cluster","ph":"X","ts":133477,"dur":9,"pid":1,"tid":0,"args":{"level":"1","steps":"21","waitUs":"2"}},
{"name":"cluster 1","cat":"cluster","ph":"X","ts":133487,"dur":8,"pid":1,"tid":0,"args":{"level":"2","steps":"30","waitUs":"1"}},
{"name":"cluster 2","cat":"cluster","ph":"X","ts":133509,"dur":10,"pid":1,"tid":23,"args":{"level":"3","steps":"20","waitUs":"14"}},
{"name":"cluster 3","cat":"cluster","ph":"X","ts":133522,"dur":26,"pid":1,"tid":19,"args":{"level":"4","steps":"17","waitUs":"3"}},
{"name":"cluster 4","cat":"cluster","ph":"X","ts":133551,"dur":12,"pid":1,"tid":9,"args":{"level":"5","steps":"17","waitUs":"2"}},
{"name":"cluster 5","cat":"cluster","ph":"X","ts":133565,"dur":13,"pid":1,"tid":0,"args":{"level":"6","steps":"23","waitUs":"1"}},
{"name":"cluster 6","cat":"cluster","ph":"X","ts":133578,"dur":7,"pid":1,"tid":0,"args":{"level":"7","steps":"15","waitUs":"0"}},
{"name":"cluster 7","cat":"cluster","ph":"X","ts":133587,"dur":9,"pid":1,"tid":25,"args":{"level":"8","steps":"13","waitUs":"1"}},
{"name":"cluster 8","cat":"cluster","ph":"X","ts":133500,"dur":9,"pid":1,"tid":0,"args":{"level":"3","steps":"15","waitUs":"5"}},
{"name":"cluster 9","cat":"cluster","ph":"X","ts":133600,"dur":15,"pid":1,"tid":29,"args":{"level":"9","steps":"15","waitUs":"4"}},
{"name":"cluster 10","cat":"cluster","ph":"X","ts":133621,"dur":14,"pid":1,"tid":26,"args":{"level":"10","steps":"17","waitUs":"6"}},
{"name":"cluster 11","cat":"cluster","ph":"X","ts":133652,"dur":11,"pid":1,"tid":17,"args":{"level":"11","steps":"16","waitUs":"0"}},
{"name":"cluster 12","cat":"cluster","ph":"X","ts":133582,"dur":3,"pid":1,"tid":9,"args":{"level":"7","steps":"6","waitUs":"0"}},
{"name":"cluster 13","cat":"cluster","ph":"X","ts":133669,"dur":18,"pid":1,"tid":11,"args":{"level":"12","steps":"12","waitUs":"1"}},
{"name":"cluster 14","cat":"cluster","ph":"X","ts":133688,"dur":9,"pid":1,"tid":31,"args":{"level":"13","steps":"6","waitUs":"1"}},
{"name":"cluster 16","cat":"cluster","ph":"X","ts":133564,"dur":18,"pid":1,"tid":9,"args":{"level":"6","steps":"12","waitUs":"0"}},
{"name":"cluster 17","cat":"cluster","ph":"X","ts":133549,"dur":9,"pid":1,"tid":19,"args":{"level":"5","steps":"8","waitUs":"0"}},
{"name":"cluster 18","cat":"cluster","ph":"X","ts":133701,"dur":12,"pid":1,"tid":11,"args":{"level":"14","steps":"15","waitUs":"0"}},
{"name":"cluster 19","cat":"cluster","ph":"X","ts":133586,"dur":7,"pid":1,"tid":9,"args":{"level":"8","steps":"2","waitUs":"0"}},
{"name":"cluster 20","cat":"cluster","ph":"X","ts":133520,"dur":11,"pid":1,"tid":23,"args":{"level":"4","steps":"6","waitUs":"1"}},
{"name":"cluster 21","cat":"cluster","ph":"X","ts":133626,"dur":8,"pid":1,"tid":11,"args":{"level":"10","steps":"3","waitUs":"11"}},
{"name":"cluster 22","cat":"cluster","ph":"X","ts":133630,"dur":17,"pid":1,"tid":24,"args":{"level":"10","steps":"3","waitUs":"6"}},
{"name":"cluster 23","cat":"cluster","ph":"X","ts":133596,"dur":7,"pid":1,"tid":22,"args":{"level":"9","steps":"3","waitUs":"2"}},
{"name":"cluster 24","cat":"cluster","ph":"X","ts":133631,"dur":21,"pid":1,"tid":17,"args":{"level":"10","steps":"4","waitUs":"7"}},
{"name":"cluster 25","cat":"cluster","ph":"X","ts":133596,"dur":17,"pid":1,"tid":2,"args":{"level":"9","steps":"3","waitUs":"2"}},
{"name":"cluster 26","cat":"cluster","ph":"X","ts":133597,"dur":16,"pid":1,"tid":25,"args":{"level":"9","steps":"4","waitUs":"0"}},
{"name":"cluster 27","cat":"cluster","ph":"X","ts":133713,"dur":5,"pid":1,"tid":11,"args":{"level":"15","steps":"10","waitUs":"0"}},
{"name":"cluster 28","cat":"cluster","ph":"X","ts":133718,"dur":9,"pid":1,"tid":11,"args":{"level":"16","steps":"4","waitUs":"0"}},
{"name":"cluster 29","cat":"cluster","ph":"X","ts":133727,"dur":17,"pid":1,"tid":11,"args":{"level":"17","steps":"6","waitUs":"0"}},
{"name":"cluster 30","cat":"cluster","ph":"X","ts":133749,"dur":20,"pid":1,"tid":0,"args":{"level":"18","steps":"5","waitUs":"5"}},
{"name":"cluster 31","cat":"cluster","ph":"X","ts":133769,"dur":11,"pid":1,"tid":0,"args":{"level":"19","steps":"5","waitUs":"0"}},
{"name":"cluster 32","cat":"cluster","ph":"X","ts":133637,"dur":18,"pid":1,"tid":31,"args":{"level":"10","steps":"3","waitUs":"13"}},
{"name":"cluster 33","cat":"cluster","ph":"X","ts":133657,"dur":11,"pid":1,"tid":27,"args":{"level":"11","steps":"2","waitUs":"2"}},
{"name":"cluster 34","cat":"cluster","ph":"X","ts":133780,"dur":29,"pid":1,"tid":0,"args":{"level":"20","steps":"4","waitUs":"0"}},
{"name":"cluster 35","cat":"cluster","ph":"X","ts":133813,"dur":14,"pid":1,"tid":19,"args":{"level":"21","steps":"3","waitUs":"3"}},
{"name":"cluster 36","cat":"cluster","ph":"X","ts":133832,"dur":20,"pid":1,"tid":10,"args":{"level":"22","steps":"4","waitUs":"5"}},
{"name":"cluster 37","cat":"cluster","ph":"X","ts":133852,"dur":19,"pid":1,"tid":10,"args":{"level":"23","steps":"9","waitUs":"0"}},
{"name":"cluster 38","cat":"cluster","ph":"X","ts":133871,"dur":15,"pid":1,"tid":10,"args":{"level":"24","steps":"6","waitUs":"0"}},
{"name":"cluster 39","cat":"cluster","ph":"X","ts":133886,"dur":10,"pid":1,"tid":10,"args":{"level":"25","steps":"3","waitUs":"0"}},
{"name":"cluster 40","cat":"cluster","ph":"X","ts":133896,"dur":7,"pid":1,"tid":10,"args":{"level":"26","steps":"2","waitUs":"0"}},
{"name":"cluster 41","cat":"cluster","ph":"X","ts":133903,"dur":9,"pid":1,"tid":10,"args":{"level":"27","steps":"1","waitUs":"0"}},
{"name":"cluster 42","cat":"cluster","ph":"X","ts":133912,"dur":7,"pid":1,"tid":10,"args":{"level":"28","steps":"2","waitUs":"0"}},
{"name":"cluster 43","cat":"cluster","ph":"X","ts":133919,"dur":8,"pid":1,"tid":10,"args":{"level":"29","steps":"1","waitUs":"0"}},
{"name":"cluster 44","cat":"cluster","ph":"X","ts":133927,"dur":7,"pid":1,"tid":10,"args":{"level":"30","steps":"2","waitUs":"0"}},
{"name":"cluster 45","cat":"cluster","ph":"X","ts":133934,"dur":9,"pid":1,"tid":10,"args":{"level":"31","steps":"1","waitUs":"0"}},
{"name":"cluster 46","cat":"cluster","ph":"X","ts":133943,"dur":7,"pid":1,"tid":10,"args":{"level":"32","steps":"2","waitUs":"0"}},
{"name":"cluster 47","cat":"cluster","ph":"X","ts":133950,"dur":9,"pid":1,"tid":10,"args":{"level":"33","steps":"1","waitUs":"0"}},
{"name":"cluster 48","cat":"cluster","ph":"X","ts":133959,"dur":8,"pid":1,"tid":10,"args":{"level":"34","steps":"1","waitUs":"0"}},
{"name":"cluster 49","cat":"cluster","ph":"X","ts":133967,"dur":9,"pid":1,"tid":10,"args":{"level":"35","steps":"4","waitUs":"0"}},
{"name":"cluster 50","cat":"cluster","ph":"X","ts":133976,"dur":10,"pid":1,"tid":10,"args":{"level":"36","steps":"4","waitUs":"0"}},
{"name":"cluster 51","cat":"cluster","ph":"X","ts":133997,"dur":9,"pid":1,"tid":10,"args":{"level":"37","steps":"3","waitUs":"11"}},
{"name":"cluster 52","cat":"cluster","ph":"X","ts":134007,"dur":40,"pid":1,"tid":0,"args":{"level":"38","steps":"3","waitUs":"1"}},
{"name":"cluster 53","cat":"cluster","ph":"X","ts":134047,"dur":13,"pid":1,"tid":0,"args":{"level":"39","steps":"7","waitUs":"0"}},
{"name":"cluster 54","cat":"cluster","ph":"X","ts":134060,"dur":11,"pid":1,"tid":0,"args":{"level":"40","steps":"6","waitUs":"0"}},
{"name":"cluster 55","cat":"cluster","ph":"X","ts":134071,"dur":5,"pid":1,"tid":0,"args":{"level":"41","steps":"3","waitUs":"0"}},
{"name":"cluster 56","cat":"cluster","ph":"X","ts":134076,"dur":4,"pid":1,"tid":0,"args":{"level":"42","steps":"2","waitUs":"0"}},
{"name":"cluster 57","cat":"cluster","ph":"X","ts":134080,"dur":4,"pid":1,"tid":0,"args":{"level":"43","steps":"1","waitUs":"0"}},
{"name":"cluster 58","cat":"cluster","ph":"X","ts":134084,"dur":4,"pid":1,"tid":0,"args":{"level":"44","steps":"2","waitUs":"0"}},
{"name":"cluster 59","cat":"cluster","ph":"X","ts":134088,"dur":8,"pid":1,"tid":0,"args":{"level":"46","steps":"28","waitUs":"0"}},
{"name":"cluster 60","cat":"cluster","ph":"X","ts":133594,"dur":14,"pid":1,"tid":9,"args":{"level":"9","steps":"7","waitUs":"0"}},
{"name":"cluster 61","cat":"cluster","ph":"X","ts":133782,"dur":32,"pid":1,"tid":11,"args":{"level":"20","steps":"27","waitUs":"0"}},
{"name":"cluster 62","cat":"cluster","ph":"X","ts":133655,"dur":7,"pid":1,"tid":31,"args":{"level":"11","steps":"7","waitUs":"0"}},
{"name":"cluster 63","cat":"cluster","ph":"X","ts":133810,"dur":2,"pid":1,"tid":0,"args":{"level":"21","steps":"3","waitUs":"0"}},
{"name":"cluster 64","cat":"cluster","ph":"X","ts":133992,"dur":4,"pid":1,"tid":10,"args":{"level":"37","steps":"8","waitUs":"5"}},
{"name":"cluster 65","cat":"cluster","ph":"X","ts":133764,"dur":10,"pid":1,"tid":11,"args":{"level":"18","steps":"7","waitUs":"19"}},
{"name":"cluster 66","cat":"cluster","ph":"X","ts":133828,"dur":13,"pid":1,"tid":19,"args":{"level":"22","steps":"7","waitUs":"1"}},
{"name":"cluster 67","cat":"cluster","ph":"X","ts":133624,"dur":18,"pid":1,"tid":29,"args":{"level":"10","steps":"9","waitUs":"0"}},
{"name":"cluster 68","cat":"cluster","ph":"X","ts":134006,"dur":7,"pid":1,"tid":10,"args":{"level":"38","steps":"3","waitUs":"0"}},
{"name":"cluster 69","cat":"cluster","ph":"X","ts":133814,"dur":9,"pid":1,"tid":11,"args":{"level":"21","steps":"10","waitUs":"0"}},
{"name":"cluster 70","cat":"cluster","ph":"X","ts":133774,"dur":8,"pid":1,"tid":11,"args":{"level":"19","steps":"27","waitUs":"0"}},
{"name":"cluster 71","cat":"cluster","ph":"X","ts":133668,"dur":15,"pid":1,"tid":27,"args":{"level":"12","steps":"30","waitUs":"0"}},
{"name":"cluster 72","cat":"cluster","ph":"X","ts":133688,"dur":13,"pid":1,"tid":11,"args":{"level":"13","steps":"36","waitUs":"1"}},
{"name":"cluster 73","cat":"cluster","ph":"X","ts":134096,"dur":27,"pid":1,"tid":0,"args":{"level":"47","steps":"1","waitUs":"0"}},
{"name":"cluster 74","cat":"cluster","ph":"X","ts":134123,"dur":243,"pid":1,"tid":0,"args":{"level":"48","steps":"1","waitUs":"0"}},
{"name":"cluster 75","cat":"cluster","ph":"X","ts":134366,"dur":131,"pid":1,"tid":0,"args":{"level":"51","steps":"3","waitUs":"0"}},
{"name":"BakedPublish","cat":"baked","ph":"X","ts":134620,"dur":62,"pid":1,"tid":0},
{"name":"BakedEpilogue","cat":"baked","ph":"X","ts":134503,"dur":186,"pid":1,"tid":0},
{"name":"Baked","cat":"baked","ph":"X","ts":133307,"dur":1382,"pid":1,"tid":0},
{"name":"Evaluate.Run","cat":"evaluate","ph":"X","ts":133307,"dur":1383,"pid":1,"tid":0},
{"name":"Evaluate@6","cat":"evaluate","ph":"X","ts":133305,"dur":1385,"pid":1,"tid":0},
{"name":"Evaluate.Settle","cat":"evaluate","ph":"X","ts":134788,"dur":1,"pid":1,"tid":0},
{"name":"Evaluate.PlaceOverrides","cat":"evaluate","ph":"X","ts":134789,"dur":0,"pid":1,"tid":0},
{"name":"PropertyChains","cat":"property","ph":"X","ts":134792,"dur":6,"pid":1,"tid":0},
{"name":"BakedInputs","cat":"baked","ph":"X","ts":134798,"dur":8,"pid":1,"tid":0},
{"name":"BakedChainBase","cat":"geometry","ph":"X","ts":134909,"dur":3,"pid":1,"tid":0},
{"name":"BakedPrologue","cat":"baked","ph":"X","ts":134791,"dur":121,"pid":1,"tid":0},
{"name":"BakedRegion","cat":"baked","ph":"X","ts":134913,"dur":921,"pid":1,"tid":0},
{"name":"ComposeSubtree /Biped/Rig/Controls/arm_l_ik","cat":"step","ph":"X","ts":134942,"dur":2,"pid":1,"tid":0},
{"name":"ComposeSubtree /Biped/Rig/Controls/hips_ctl","cat":"step","ph":"X","ts":134944,"dur":1,"pid":1,"tid":0},
{"name":"ComposeSubtree /Biped/Rig/Controls/hips_ctl/spine_root_pivot/spine_root_ctl","cat":"step","ph":"X","ts":134951,"dur":1,"pid":1,"tid":0},
{"name":"ComposeSubtree /Biped/Rig/Controls/hips_ctl/spine_root_pivot/spine_root_ctl/pelvis_l_ctl/leg_l_root","cat":"step","ph":"X","ts":134973,"dur":1,"pid":1,"tid":0},
{"name":"ComposeSubtree /Biped/Rig/Controls/hips_ctl/spine_root_pivot/spine_root_ctl/pelvis_l_ctl/leg_l_root/leg_l_fk_thigh_l_bind/leg_l_fk_knee_l_bind","cat":"step","ph":"X","ts":134982,"dur":1,"pid":1,"tid":20},
{"name":"ComposeSubtree /Biped/Rig/Controls/hips_ctl/spine_root_pivot/spine_root_ctl/pelvis_r_ctl/leg_r_root/leg_r_fk_thigh_r_bind/leg_r_fk_knee_r_bind","cat":"step","ph":"X","ts":135006,"dur":1,"pid":1,"tid":23},
{"name":"ComposeSubtree /Biped/Rig/Controls/hips_ctl/torso_ctl/spine_end_pivot/spine_end_ctl","cat":"step","ph":"X","ts":134974,"dur":1,"pid":1,"tid":0},
{"name":"ComposeSubtree /Biped/Rig/Controls/hips_ctl/torso_ctl/spine_end_pivot/spine_end_ctl/clavicle_l_ctl/arm_l_root","cat":"step","ph":"X","ts":134983,"dur":1,"pid":1,"tid":20},
{"name":"ComposeSubtree /Biped/Rig/Controls/hips_ctl/torso_ctl/spine_end_pivot/spine_end_ctl/clavicle_l_ctl/arm_l_root/arm_l_fk_shoulder_l_bind/arm_l_fk_elbow_l_bind","cat":"step","ph":"X","ts":135007,"dur":1,"pid":1,"tid":23},
{"name":"ComposeSubtree /Biped/Rig/Controls/hips_ctl/torso_ctl/spine_end_pivot/spine_end_ctl/clavicle_r_ctl/arm_r_root/arm_r_fk_shoulder_r_bind/arm_r_fk_elbow_r_bind","cat":"step","ph":"X","ts":135021,"dur":1,"pid":1,"tid":26},
{"name":"ComposeSubtree /Biped/Rig/Controls/hips_ctl/torso_ctl/spine_end_pivot/spine_end_ctl/neck_root_ctl","cat":"step","ph":"X","ts":134984,"dur":1,"pid":1,"tid":20},
{"name":"ComposeSubtree /Biped/Rig/Controls/hips_ctl/torso_ctl/spine_end_pivot/spine_end_ctl/neck_root_ctl/neck_end_pivot","cat":"step","ph":"X","ts":135008,"dur":1,"pid":1,"tid":23},
{"name":"ComposeSubtree /Biped/Rig/Controls/index_001_r_bind_fk_follow","cat":"step","ph":"X","ts":134945,"dur":1,"pid":1,"tid":0},
{"name":"ComposeSubtree /Biped/Rig/Controls/leg_l_ik/ankle_l_pivot/bankIn_l_pivot","cat":"step","ph":"X","ts":134952,"dur":1,"pid":1,"tid":0},
{"name":"ComposeSubtree /Biped/Rig/Controls/leg_l_ik/ankle_l_pivot/bankIn_l_pivot/bankOut_l_pivot/heel_l_roll/heel_l/ball_l_pivot/toe_l_roll/toe_l","cat":"step","ph":"X","ts":135009,"dur":1,"pid":1,"tid":23},
{"name":"ComposeSubtree /Biped/Rig/Controls/leg_l_ik/ankle_l_pivot/bankIn_l_pivot/bankOut_l_pivot/heel_l_roll/heel_l/ball_l_pivot/toe_l_roll/toe_l/ballRoll_l_up/ballRoll_l_down/ballRoll_l/ankle_l_ikTarget","cat":"step","ph":"X","ts":135038,"dur":1,"pid":1,"tid":26},
{"name":"ComposeSubtree /Biped/Rig/Controls/leg_l_ik/ankle_l_pivot/bankIn_l_pivot/bankOut_l_pivot/heel_l_roll/heel_l/ball_l_pivot/toe_l_roll/toe_l/ballRoll_l_up/ballRoll_l_down_twin","cat":"step","ph":"X","ts":135023,"dur":1,"pid":1,"tid":26},
{"name":"ComposeSubtree /Biped/Rig/Controls/leg_l_ik/ankle_l_pivot/bankIn_l_pivot/bankOut_l_pivot/heel_l_roll/heel_l/ball_l_pivot/toe_l_roll/toe_l/toeBend_l","cat":"step","ph":"X","ts":135024,"dur":1,"pid":1,"tid":26},
{"name":"ComposeSubtree /Biped/Rig/Controls/leg_l_ik/ankle_l_pivot/bankIn_l_pivot/bankOut_l_pivot/heel_l_roll/heel_l/ball_l_pivot/toe_l_roll_twin","cat":"step","ph":"X","ts":135010,"dur":1,"pid":1,"tid":23},
{"name":"ComposeSubtree /Biped/Rig/Controls/leg_l_ik/ankle_l_pivot/bankIn_l_pivot/bankOut_l_pivot_twin","cat":"step","ph":"X","ts":134975,"dur":1,"pid":1,"tid":0},
{"name":"ComposeSubtree /Biped/Rig/Controls/leg_r_ik/ankle_r_pivot/bankIn_r_pivot/bankOut_r_pivot/heel_r_roll/heel_r","cat":"step","ph":"X","ts":134985,"dur":1,"pid":1,"tid":20},
{"name":"ComposeSubtree /Biped/Rig/Controls/leg_r_ik/ankle_r_pivot/bankIn_r_pivot/bankOut_r_pivot/heel_r_roll/heel_r/ball_r_pivot/toe_r_roll","cat":"step","ph":"X","ts":135011,"dur":1,"pid":1,"tid":23},
{"name":"ComposeSubtree /Biped/Rig/Controls/leg_r_ik/ankle_r_pivot/bankIn_r_pivot/bankOut_r_pivot/heel_r_roll/heel_r/ball_r_pivot/toe_r_roll/toe_r/ballRoll_r_up/ballRoll_r_down/ballRoll_r","cat":"step","ph":"X","ts":135039,"dur":1,"pid":1,"tid":26},
{"name":"ComposeSubtree /Biped/Rig/Controls/leg_r_ik/ankle_r_pivot/bankIn_r_pivot/bankOut_r_pivot/heel_r_roll/heel_r/ball_r_pivot/toe_r_roll/toe_r/ballRoll_r_up/ballRoll_r_down/ballRoll_r/ball_r_ikTarget","cat":"step","ph":"X","ts":135050,"dur":2,"pid":1,"tid":19},
{"name":"ComposeSubtree /Biped/Rig/Controls/leg_r_ik/ankle_r_pivot/bankIn_r_pivot/bankOut_r_pivot/heel_r_roll/heel_r/ball_r_pivot/toe_r_roll/toe_r/ballRoll_r_up_twin","cat":"step","ph":"X","ts":135025,"dur":1,"pid":1,"tid":26},
{"name":"ComposeSubtree /Biped/Rig/Controls/leg_r_ik/ankle_r_pivot/bankIn_r_pivot/bankOut_r_pivot/heel_r_roll/heel_r/ball_r_pivot/toe_r_roll_twin","cat":"step","ph":"X","ts":135012,"dur":1,"pid":1,"tid":23},
{"name":"ComposeSubtree /Biped/Rig/Controls/leg_r_ik/ankle_r_pivot/bankIn_r_pivot/bankOut_r_pivot_twin","cat":"step","ph":"X","ts":134976,"dur":1,"pid":1,"tid":0},
{"name":"ComposeSubtree /Biped/Rig/Controls/leg_r_pv","cat":"step","ph":"X","ts":134946,"dur":1,"pid":1,"tid":0},
{"name":"ComposeSubtree /Biped/Rig/Controls/middle_001_l_bind_fk_follow/middle_001_l_bind_fk","cat":"step","ph":"X","ts":134953,"dur":1,"pid":1,"tid":0},
{"name":"ComposeSubtree /Biped/Rig/Controls/pinkyCup_l_bind_fk_follow","cat":"step","ph":"X","ts":134947,"dur":1,"pid":1,"tid":0},
{"name":"ComposeSubtree /Biped/Rig/Controls/pinkyCup_l_bind_fk_follow/pinkyCup_l_bind_fk/pinky_001_l_bind_fk/pinky_002_l_bind_fk/pinky_003_l_bind_fk","cat":"step","ph":"X","ts":134977,"dur":1,"pid":1,"tid":0},
{"name":"ComposeSubtree /Biped/Rig/Controls/ring_001_l_bind_fk_follow/ring_001_l_bind_fk/ring_002_l_bind_fk","cat":"step","ph":"X","ts":134954,"dur":1,"pid":1,"tid":0},
{"name":"ComposeSubtree /Biped/Rig/Controls/ring_001_r_bind_fk_follow","cat":"step","ph":"X","ts":134948,"dur":1,"pid":1,"tid":0},
{"name":"ComposeSubtree /Biped/Rig/Controls/ring_001_r_bind_fk_follow/ring_001_r_bind_fk/ring_002_r_bind_fk/ring_003_r_bind_fk","cat":"step","ph":"X","ts":134978,"dur":1,"pid":1,"tid":0},
{"name":"ComposeSubtree /Biped/Rig/Controls/thumbCup_r_bind_fk_follow","cat":"step","ph":"X","ts":134949,"dur":1,"pid":1,"tid":0},
{"name":"ComposeSubtree /Biped/Rig/Joints/ankle_r_pivot/bankIn_r_pivot/bankOut_r_pivot","cat":"step","ph":"X","ts":134955,"dur":1,"pid":1,"tid":0},
{"name":"ComposeSubtree /Biped/Rig/Joints/ankle_r_pivot/bankIn_r_pivot/bankOut_r_pivot/heel_r_pivot/ball_r_pivot","cat":"step","ph":"X","ts":134979,"dur":1,"pid":1,"tid":0},
{"name":"ComposeSubtree /Biped/Rig/Joints/ankle_r_pivot/bankIn_r_pivot/bankOut_r_pivot/heel_r_pivot/ball_r_pivot/toe_r_pivot/ballRoll_r_pivot","cat":"step","ph":"X","ts":134986,"dur":1,"pid":1,"tid":20},
{"name":"ComposeSubtree /Biped/Rig/Joints/hips_bind","cat":"step","ph":"X","ts":134950,"dur":1,"pid":1,"tid":0},
{"name":"ComposeSubtree /Biped/Rig/Joints/hips_bind/pelvis_l_bind/pelvis_trans_l_bind/thigh_l_driver","cat":"step","ph":"X","ts":134965,"dur":1,"pid":1,"tid":0},
{"name":"ComposeSubtree /Biped/Rig/Joints/hips_bind/pelvis_l_bind/thigh_l_bind/knee_l_bind/ankleTwist_l_driver","cat":"step","ph":"X","ts":134966,"dur":1,"pid":1,"tid":0},
{"name":"ComposeSubtree /Biped/Rig/Joints/hips_bind/pelvis_l_bind/thigh_l_bind/knee_l_bind/ankle_l_bind/ball_l_bind/toe1_001_l_bind/toe1_002_l_bind/toe1_003_l_bind","cat":"step","ph":"X","ts":135026,"dur":1,"pid":1,"tid":26},
{"name":"ComposeSubtree /Biped/Rig/Joints/hips_bind/pelvis_l_bind/thigh_l_bind/knee_l_bind/ankle_l_bind/ball_l_bind/toe2_001_l_bind","cat":"step","ph":"X","ts":135013,"dur":1,"pid":1,"tid":23},
{"name":"ComposeSubtree /Biped/Rig/Joints/hips_bind/pelvis_l_bind/thigh_l_bind/knee_l_bind/ankle_l_bind/ball_l_bind/toe3_001_l_bind/toe3_002_l_bind/toe3_003_l_bind","cat":"step","ph":"X","ts":135027,"dur":1,"pid":1,"tid":26},
{"name":"ComposeSubtree /Biped/Rig/Joints/hips_bind/pelvis_l_bind/thigh_l_bind/knee_l_bind/ankle_l_bind/ball_l_bind/toe4_001_l_bind","cat":"step","ph":"X","ts":135014,"dur":1,"pid":1,"tid":23},
{"name":"ComposeSubtree /Biped/Rig/Joints/hips_bind/pelvis_l_bind/thigh_l_bind/knee_l_bind/ankle_l_bind/ball_l_bind/toe4_001_l_bind/toe4_002_l_bind/toe4_003_l_bind","cat":"step","ph":"X","ts":135028,"dur":1,"pid":1,"tid":26},
{"name":"ComposeSubtree /Biped/Rig/Joints/hips_bind/pelvis_l_bind/thigh_l_bind/knee_l_bind/ankle_l_bind/ball_l_bind/toe_l_bind","cat":"step","ph":"X","ts":135015,"dur":1,"pid":1,"tid":23},
{"name":"ComposeSubtree /Biped/Rig/Joints/hips_bind/pelvis_r_bind","cat":"step","ph":"X","ts":134956,"dur":1,"pid":1,"tid":0},
{"name":"ComposeSubtree /Biped/Rig/Joints/hips_bind/pelvis_r_bind/thigh_r_bind","cat":"step","ph":"X","ts":134967,"dur":1,"pid":1,"tid":0},
{"name":"ComposeSubtree /Biped/Rig/Joints/hips_bind/pelvis_r_bind/thigh_r_bind/knee_r_bind/ankleTwist_r_bind","cat":"step","ph":"X","ts":134988,"dur":1,"pid":1,"tid":20},
{"name":"ComposeSubtree /Biped/Rig/Joints/hips_bind/pelvis_r_bind/thigh_r_bind/knee_r_bind/ankle_r_bind/ball_r_bind/toe1_001_r_bind/toe1_002_r_bind","cat":"step","ph":"X","ts":135029,"dur":1,"pid":1,"tid":26},
{"name":"ComposeSubtree /Biped/Rig/Joints/hips_bind/pelvis_r_bind/thigh_r_bind/knee_r_bind/ankle_r_bind/ball_r_bind/toe1_001_r_bind/toe1_002_r_bind/toe1_003_r_bind","cat":"step","ph":"X","ts":135040,"dur":1,"pid":1,"tid":26},
{"name":"ComposeSubtree /Biped/Rig/Joints/hips_bind/pelvis_r_bind/thigh_r_bind/knee_r_bind/ankle_r_bind/ball_r_bind/toe3_001_r_bind","cat":"step","ph":"X","ts":135030,"dur":1,"pid":1,"tid":26},
{"name":"ComposeSubtree /Biped/Rig/Joints/hips_bind/pelvis_r_bind/thigh_r_bind/knee_r_bind/ankle_r_bind/ball_r_bind/toe3_001_r_bind/toe3_002_r_bind/toe3_003_r_bind","cat":"step","ph":"X","ts":135041,"dur":1,"pid":1,"tid":26},
{"name":"ComposeSubtree /Biped/Rig/Joints/hips_bind/pelvis_r_bind/thigh_r_bind/knee_r_bind/ankle_r_bind/ball_r_bind/toe5_001_r_bind","cat":"step","ph":"X","ts":135031,"dur":1,"pid":1,"tid":26},
{"name":"ComposeSubtree /Biped/Rig/Joints/hips_bind/pelvis_r_bind/thigh_r_bind/knee_r_bind/ankle_r_bind/ball_r_bind/toe5_001_r_bind/toe5_002_r_bind/toe5_003_r_bind","cat":"step","ph":"X","ts":135042,"dur":1,"pid":1,"tid":26},
{"name":"ComposeSubtree /Biped/Rig/Joints/hips_bind/pelvis_r_bind/thigh_r_bind/knee_r_bind/kneeTwist_r_bind","cat":"step","ph":"X","ts":134989,"dur":1,"pid":1,"tid":20},
{"name":"ComposeSubtree /Biped/Rig/Joints/hips_bind/spine_0_bind/spine_1_bind/spine_2_bind/spine_3_bind/spine_4_bind/spine_5_bind/chest_bind/clavicle_l_bind/clavicle_trans_combo_l_driver","cat":"step","ph":"X","ts":135032,"dur":1,"pid":1,"tid":26},
{"name":"ComposeSubtree /Biped/Rig/Joints/hips_bind/spine_0_bind/spine_1_bind/spine_2_bind/spine_3_bind/spine_4_bind/spine_5_bind/chest_bind/clavicle_l_bind/shoulderNoTwist_l_bind","cat":"step","ph":"X","ts":135033,"dur":1,"pid":1,"tid":26},
{"name":"ComposeSubtree /Biped/Rig/Joints/hips_bind/spine_0_bind/spine_1_bind/spine_2_bind/spine_3_bind/spine_4_bind/spine_5_bind/chest_bind/clavicle_l_bind/shoulder_l_bind/elbow_l_bind/elbowTwist_l_bind","cat":"step","ph":"X","ts":135043,"dur":1,"pid":1,"tid":26},
{"name":"ComposeSubtree /Biped/Rig/Joints/hips_bind/spine_0_bind/spine_1_bind/spine_2_bind/spine_3_bind/spine_4_bind/spine_5_bind/chest_bind/clavicle_l_bind/shoulder_l_bind/elbow_l_bind/wristTwist_l_driver","cat":"step","ph":"X","ts":135044,"dur":1,"pid":1,"tid":26},
{"name":"ComposeSubtree /Biped/Rig/Joints/hips_bind/spine_0_bind/spine_1_bind/spine_2_bind/spine_3_bind/spine_4_bind/spine_5_bind/chest_bind/clavicle_l_bind/shoulder_l_bind/elbow_l_bind/wrist_l_bind/index_001_l_bind/index_002_l_bind","cat":"step","ph":"X","ts":135061,"dur":1,"pid":1,"tid":6},
{"name":"ComposeSubtree /Biped/Rig/Joints/hips_bind/spine_0_bind/spine_1_bind/spine_2_bind/spine_3_bind/spine_4_bind/spine_5_bind/chest_bind/clavicle_l_bind/shoulder_l_bind/elbow_l_bind/wrist_l_bind/index_001_l_bind/index_002_l_bind/index_003_l_bind/index_004_l_bind","cat":"step","ph":"X","ts":135074,"dur":2,"pid":1,"tid":4},
{"name":"ComposeSubtree /Biped/Rig/Joints/hips_bind/spine_0_bind/spine_1_bind/spine_2_bind/spine_3_bind/spine_4_bind/spine_5_bind/chest_bind/clavicle_l_bind/shoulder_l_bind/elbow_l_bind/wrist_l_bind/middle_001_l_bind/middle_002_l_bind","cat":"step","ph":"X","ts":135062,"dur":1,"pid":1,"tid":6},
{"name":"ComposeSubtree /Biped/Rig/Joints/hips_bind/spine_0_bind/spine_1_bind/spine_2_bind/spine_3_bind/spine_4_bind/spine_5_bind/chest_bind/clavicle_l_bind/shoulder_l_bind/elbow_l_bind/wrist_l_bind/pinkyCup_l_bind","cat":"step","ph":"X","ts":135053,"dur":1,"pid":1,"tid":19},
{"name":"ComposeSubtree /Biped/Rig/Joints/hips_bind/spine_0_bind/spine_1_bind/spine_2_bind/spine_3_bind/spine_4_bind/spine_5_bind/chest_bind/clavicle_l_bind/shoulder_l_bind/elbow_l_bind/wrist_l_bind/pinkyCup_l_bind/pinky_001_l_bind/pinky_002_l_bind/pinky_003_l_bind","cat":"step","ph":"X","ts":135076,"dur":1,"pid":1,"tid":4},
{"name":"ComposeSubtree /Biped/Rig/Joints/hips_bind/spine_0_bind/spine_1_bind/spine_2_bind/spine_3_bind/spine_4_bind/spine_5_bind/chest_bind/clavicle_l_bind/shoulder_l_bind/elbow_l_bind/wrist_l_bind/ring_001_l_bind/ring_002_l_bind","cat":"step","ph":"X","ts":135063,"dur":1,"pid":1,"tid":6},
{"name":"ComposeSubtree /Biped/Rig/Joints/hips_bind/spine_0_bind/spine_1_bind/spine_2_bind/spine_3_bind/spine_4_bind/spine_5_bind/chest_bind/clavicle_l_bind/shoulder_l_bind/elbow_l_bind/wrist_l_bind/thumbCup_l_bind","cat":"step","ph":"X","ts":135054,"dur":1,"pid":1,"tid":19},
{"name":"ComposeSubtree /Biped/Rig/Joints/hips_bind/spine_0_bind/spine_1_bind/spine_2_bind/spine_3_bind/spine_4_bind/spine_5_bind/chest_bind/clavicle_l_bind/shoulder_l_bind/elbow_l_bind/wrist_l_bind/thumbCup_l_bind/thumb_001_l_bind/thumb_002_l_bind/thumb_003_l_bind","cat":"step","ph":"X","ts":135077,"dur":1,"pid":1,"tid":4},
{"name":"ComposeSubtree /Biped/Rig/Joints/hips_bind/spine_0_bind/spine_1_bind/spine_2_bind/spine_3_bind/spine_4_bind/spine_5_bind/chest_bind/clavicle_r_bind","cat":"step","ph":"X","ts":135034,"dur":1,"pid":1,"tid":26},
{"name":"ComposeSubtree /Biped/Rig/Joints/hips_bind/spine_0_bind/spine_1_bind/spine_2_bind/spine_3_bind/spine_4_bind/spine_5_bind/chest_bind/clavicle_r_bind/clavicle_trans_r_bind/shoulder_r_driver","cat":"step","ph":"X","ts":135055,"dur":1,"pid":1,"tid":19},
{"name":"ComposeSubtree /Biped/Rig/Joints/hips_bind/spine_0_bind/spine_1_bind/spine_2_bind/spine_3_bind/spine_4_bind/spine_5_bind/chest_bind/clavicle_r_bind/shoulderNoTwist_r_bind","cat":"step","ph":"X","ts":135045,"dur":1,"pid":1,"tid":26},
{"name":"ComposeSubtree /Biped/Rig/Joints/hips_bind/spine_0_bind/spine_1_bind/spine_2_bind/spine_3_bind/spine_4_bind/spine_5_bind/chest_bind/clavicle_r_bind/shoulder_r_bind","cat":"step","ph":"X","ts":135044,"dur":1,"pid":1,"tid":23},
{"name":"ComposeSubtree /Biped/Rig/Joints/hips_bind/spine_0_bind/spine_1_bind/spine_2_bind/spine_3_bind/spine_4_bind/spine_5_bind/chest_bind/clavicle_r_bind/shoulder_r_bind/elbow_r_bind/wristTwist_r_bind","cat":"step","ph":"X","ts":135056,"dur":1,"pid":1,"tid":19},
{"name":"ComposeSubtree /Biped/Rig/Joints/hips_bind/spine_0_bind/spine_1_bind/spine_2_bind/spine_3_bind/spine_4_bind/spine_5_bind/chest_bind/clavicle_r_bind/shoulder_r_bind/elbow_r_bind/wrist_r_bind/index_001_r_bind","cat":"step","ph":"X","ts":135064,"dur":1,"pid":1,"tid":6},
{"name":"ComposeSubtree /Biped/Rig/Joints/hips_bind/spine_0_bind/spine_1_bind/spine_2_bind/spine_3_bind/spine_4_bind/spine_5_bind/chest_bind/clavicle_r_bind/shoulder_r_bind/elbow_r_bind/wrist_r_bind/index_001_r_bind/index_002_r_bind/index_003_r_bind/index_004_r_bind","cat":"step","ph":"X","ts":135116,"dur":1,"pid":1,"tid":7},
{"name":"ComposeSubtree /Biped/Rig/Joints/hips_bind/spine_0_bind/spine_1_bind/spine_2_bind/spine_3_bind/spine_4_bind/spine_5_bind/chest_bind/clavicle_r_bind/shoulder_r_bind/elbow_r_bind/wrist_r_bind/middle_001_r_bind/middle_002_r_bind","cat":"step","ph":"X","ts":135078,"dur":1,"pid":1,"tid":4},
{"name":"ComposeSubtree /Biped/Rig/Joints/hips_bind/spine_0_bind/spine_1_bind/spine_2_bind/spine_3_bind/spine_4_bind/spine_5_bind/chest_bind/clavicle_r_bind/shoulder_r_bind/elbow_r_bind/wrist_r_bind/pinkyCup_r_bind","cat":"step","ph":"X","ts":135065,"dur":1,"pid":1,"tid":6},
{"name":"ComposeSubtree /Biped/Rig/Joints/hips_bind/spine_0_bind/spine_1_bind/spine_2_bind/spine_3_bind/spine_4_bind/spine_5_bind/chest_bind/clavicle_r_bind/shoulder_r_bind/elbow_r_bind/wrist_r_bind/pinkyCup_r_bind/pinky_001_r_bind/pinky_002_r_bind/pinky_003_r_bind","cat":"step","ph":"X","ts":135117,"dur":1,"pid":1,"tid":7},
{"name":"ComposeSubtree /Biped/Rig/Joints/hips_bind/spine_0_bind/spine_1_bind/spine_2_bind/spine_3_bind/spine_4_bind/spine_5_bind/chest_bind/clavicle_r_bind/shoulder_r_bind/elbow_r_bind/wrist_r_bind/pinkyCup_r_bind/pinky_001_r_bind/pinky_002_r_bind/pinky_003_r_bind/pinky_004_r_bind","cat":"step","ph":"X","ts":135126,"dur":1,"pid":1,"tid":28},
{"name":"ComposeSubtree /Biped/Rig/Joints/hips_bind/spine_0_bind/spine_1_bind/spine_2_bind/spine_3_bind/spine_4_bind/spine_5_bind/chest_bind/clavicle_r_bind/shoulder_r_bind/elbow_r_bind/wrist_r_bind/ring_001_r_bind/ring_002_r_bind","cat":"step","ph":"X","ts":135079,"dur":1,"pid":1,"tid":4},
{"name":"ComposeSubtree /Biped/Rig/Joints/hips_bind/spine_0_bind/spine_1_bind/spine_2_bind/spine_3_bind/spine_4_bind/spine_5_bind/chest_bind/neck_base_bind/neck_0_bind/neck_1_bind/neck_2_bind/neck_3_bind","cat":"step","ph":"X","ts":135057,"dur":1,"pid":1,"tid":19},
{"name":"ComposeSubtree /Biped/Rig/Joints/hips_bind/spine_0_bind/spine_1_bind/spine_2_bind/spine_3_bind/spine_4_bind/spine_5_bind/chest_bind/neck_base_bind/neck_0_bind/neck_1_bind/neck_2_bind/neck_3_bind/skull_bind/face_lower_bind","cat":"step","ph":"X","ts":135066,"dur":1,"pid":1,"tid":6},
{"name":"ComposeSubtree /Biped/Rig/Joints/hips_bind/spine_0_bind/spine_1_bind/spine_2_bind/spine_3_bind/spine_4_bind/spine_5_bind/chest_bind/neck_base_bind/neck_0_bind/neck_1_bind/neck_2_bind/neck_3_bind/skull_bind/face_lower_bind/jaw_bind/jaw_end","cat":"step","ph":"X","ts":135118,"dur":1,"pid":1,"tid":7},
{"name":"ComposeSubtree /Biped/Rig/Joints/hips_bind/spine_0_bind/spine_1_bind/spine_2_bind/spine_3_bind/spine_4_bind/spine_5_bind/chest_bind/neck_base_bind/neck_0_bind/neck_1_bind/neck_2_bind/neck_3_bind/skull_bind/face_lower_bind/jaw_bind/tongue_0_bind/tongue_1_bind/tongue_2_bind/tongue_3_bind","cat":"step","ph":"X","ts":135143,"dur":2,"pid":1,"tid":26},
{"name":"ComposeSubtree /Biped/Rig/Joints/hips_bind/spine_0_bind/spine_1_bind/spine_2_bind/spine_3_bind/spine_4_bind/spine_5_bind/chest_bind/neck_base_bind/neck_0_bind/neck_1_bind/neck_2_bind/neck_3_bind/skull_bind/face_upper_bind/eyeSocket_r_bind","cat":"step","ph":"X","ts":135082,"dur":1,"pid":1,"tid":4},
{"name":"ComposeSubtree /Biped/Rig/Joints/hips_bind/spine_0_bind/spine_1_bind/spine_2_bind/spine_3_bind/spine_4_bind/spine_5_bind/chest_bind/neck_base_bind/neck_0_bind/neck_1_bind/neck_2_bind/neck_3_bind/skull_bind/face_upper_bind/head_tip_bind/brow_inner_r_bind","cat":"step","ph":"X","ts":135119,"dur":1,"pid":1,"tid":7},
{"name":"ComposeSubtree /Biped/Rig/Joints/spine_ik_spine_0_bind/spine_ik_spine_1_bind/spine_ik_spine_2_bind","cat":"step","ph":"X","ts":134957,"dur":1,"pid":1,"tid":0},
{"name":"Solve /Biped/Rig/Solvers/arm_l_fkChain","cat":"step","ph":"X","ts":135035,"dur":3,"pid":1,"tid":26},
{"name":"Solve /Biped/Rig/Solvers/arm_l_twoBoneIk","cat":"step","ph":"X","ts":135017,"dur":1,"pid":1,"tid":23},
{"name":"Solve /Biped/Rig/Solvers/arm_r_fkChain","cat":"step","ph":"X","ts":135045,"dur":2,"pid":1,"tid":23},
{"name":"Solve /Biped/Rig/Solvers/arm_r_twoBoneIk","cat":"step","ph":"X","ts":135004,"dur":1,"pid":1,"tid":20},
{"name":"SolverCommit batch 3","cat":"step","ph":"X","ts":135019,"dur":1,"pid":1,"tid":23},
{"name":"Solve /Biped/Rig/Solvers/leg_l_fkChain","cat":"step","ph":"X","ts":135005,"dur":1,"pid":1,"tid":20},
{"name":"Solve /Biped/Rig/Solvers/leg_r_fkChain","cat":"step","ph":"X","ts":135020,"dur":2,"pid":1,"tid":23},
{"name":"Solve /Biped/Rig/Solvers/neck_splineIk","cat":"step","ph":"X","ts":135022,"dur":20,"pid":1,"tid":23},
{"name":"SolverCommit batch 6","cat":"step","ph":"X","ts":135159,"dur":1,"pid":1,"tid":26},
{"name":"Solve /Biped/Rig/Solvers/spine_splineIk","cat":"step","ph":"X","ts":134991,"dur":12,"pid":1,"tid":20},
{"name":"SolverCommit batch 7","cat":"step","ph":"X","ts":135006,"dur":1,"pid":1,"tid":20},
{"name":"Solve /Biped/Rig/Solvers/arm_r_ikfk","cat":"step","ph":"X","ts":135058,"dur":2,"pid":1,"tid":19},
{"name":"SolverCommit batch 8","cat":"step","ph":"X","ts":135067,"dur":2,"pid":1,"tid":6},
{"name":"Solve /Biped/Rig/Solvers/arm_l_ikfk","cat":"step","ph":"X","ts":135047,"dur":1,"pid":1,"tid":23},
{"name":"SolverCommit batch 9","cat":"step","ph":"X","ts":135048,"dur":2,"pid":1,"tid":23},
{"name":"Constraint /Biped/Rig/Movers/spine_mid_follow/spine_mid_follow_pos","cat":"step","ph":"X","ts":134980,"dur":4,"pid":1,"tid":0},
{"name":"Solve /Biped/Rig/Solvers/fk_thumb_r","cat":"step","ph":"X","ts":135083,"dur":3,"pid":1,"tid":4},
{"name":"SolverCommit batch 11","cat":"step","ph":"X","ts":135128,"dur":1,"pid":1,"tid":28},
{"name":"Solve /Biped/Rig/Solvers/fk_ring_r","cat":"step","ph":"X","ts":135074,"dur":3,"pid":1,"tid":23},
{"name":"SolverCommit batch 12","cat":"step","ph":"X","ts":135129,"dur":1,"pid":1,"tid":28},
{"name":"Solve /Biped/Rig/Solvers/fk_pinky_r","cat":"step","ph":"X","ts":135077,"dur":2,"pid":1,"tid":23},
{"name":"SolverCommit batch 13","cat":"step","ph":"X","ts":135145,"dur":2,"pid":1,"tid":26},
{"name":"Solve /Biped/Rig/Solvers/fk_middle_r","cat":"step","ph":"X","ts":135079,"dur":1,"pid":1,"tid":23},
{"name":"SolverCommit batch 14","cat":"step","ph":"X","ts":135130,"dur":1,"pid":1,"tid":28},
{"name":"Solve /Biped/Rig/Solvers/fk_index_r","cat":"step","ph":"X","ts":135074,"dur":1,"pid":1,"tid":6},
{"name":"SolverCommit batch 15","cat":"step","ph":"X","ts":135131,"dur":1,"pid":1,"tid":28},
{"name":"Solve /Biped/Rig/Solvers/fk_thumb_l","cat":"step","ph":"X","ts":135069,"dur":3,"pid":1,"tid":6},
{"name":"Solve /Biped/Rig/Solvers/fk_ring_l","cat":"step","ph":"X","ts":135072,"dur":1,"pid":1,"tid":6},
{"name":"SolverCommit batch 17","cat":"step","ph":"X","ts":135121,"dur":1,"pid":1,"tid":7},
{"name":"Solve /Biped/Rig/Solvers/fk_pinky_l","cat":"step","ph":"X","ts":135056,"dur":4,"pid":1,"tid":2},
{"name":"SolverCommit batch 18","cat":"step","ph":"X","ts":135132,"dur":1,"pid":1,"tid":28},
{"name":"Solve /Biped/Rig/Solvers/fk_middle_l","cat":"step","ph":"X","ts":135060,"dur":2,"pid":1,"tid":2},
{"name":"SolverCommit batch 19","cat":"step","ph":"X","ts":135122,"dur":1,"pid":1,"tid":7},
{"name":"Solve /Biped/Rig/Solvers/fk_index_l","cat":"step","ph":"X","ts":135062,"dur":2,"pid":1,"tid":2},
{"name":"Constraint /Biped/Rig/Movers/spine_mid_follow/spine_mid_follow_aim","cat":"step","ph":"X","ts":135007,"dur":5,"pid":1,"tid":20},
{"name":"Constraint /Biped/Rig/Movers/hand_r_follow/thumbCup_r_bind_fk_follow_to_wrist_r_bind","cat":"step","ph":"X","ts":135075,"dur":6,"pid":1,"tid":6},
{"name":"Constraint /Biped/Rig/Movers/hand_r_follow/ring_001_r_bind_fk_follow_to_wrist_r_bind","cat":"step","ph":"X","ts":135081,"dur":3,"pid":1,"tid":6},
{"name":"Constraint /Biped/Rig/Movers/hand_r_follow/pinkyCup_r_bind_fk_follow_to_wrist_r_bind","cat":"step","ph":"X","ts":135080,"dur":4,"pid":1,"tid":7},
{"name":"Constraint /Biped/Rig/Movers/hand_r_follow/middle_001_r_bind_fk_follow_to_wrist_r_bind","cat":"step","ph":"X","ts":135084,"dur":5,"pid":1,"tid":7},
{"name":"Constraint /Biped/Rig/Movers/hand_r_follow/index_001_r_bind_fk_follow_to_wrist_r_bind","cat":"step","ph":"X","ts":135089,"dur":4,"pid":1,"tid":7},
{"name":"Constraint /Biped/Rig/Movers/hand_l_follow/thumbCup_l_bind_fk_follow_to_wrist_l_bind","cat":"step","ph":"X","ts":135056,"dur":8,"pid":1,"tid":7},
{"name":"Constraint /Biped/Rig/Movers/hand_l_follow/ring_001_l_bind_fk_follow_to_wrist_l_bind","cat":"step","ph":"X","ts":135064,"dur":5,"pid":1,"tid":7},
{"name":"Constraint /Biped/Rig/Movers/hand_l_follow/pinkyCup_l_bind_fk_follow_to_wrist_l_bind","cat":"step","ph":"X","ts":135069,"dur":5,"pid":1,"tid":7},
{"name":"Constraint /Biped/Rig/Movers/hand_l_follow/middle_001_l_bind_fk_follow_to_wrist_l_bind","cat":"step","ph":"X","ts":135060,"dur":8,"pid":1,"tid":19},
{"name":"Constraint /Biped/Rig/Movers/hand_l_follow/index_001_l_bind_fk_follow_to_wrist_l_bind","cat":"step","ph":"X","ts":135068,"dur":4,"pid":1,"tid":19},
{"name":"Constraint /Biped/Rig/Movers/bankIn_r_pivot_rc/bankIn_r_pivot_rotation","cat":"step","ph":"X","ts":135072,"dur":5,"pid":1,"tid":19},
{"name":"Constraint /Biped/Rig/Movers/bankOut_r_pivot_rc/bankOut_r_pivot_rotation","cat":"step","ph":"X","ts":135093,"dur":12,"pid":1,"tid":7},
{"name":"Constraint /Biped/Rig/Movers/heel_r_roll_rc/heel_r_roll_rotation","cat":"step","ph":"X","ts":135123,"dur":1,"pid":1,"tid":7},
{"name":"Constraint /Biped/Rig/Movers/toe_r_roll_rc/toe_r_roll_rotation","cat":"step","ph":"X","ts":135133,"dur":4,"pid":1,"tid":28},
{"name":"Constraint /Biped/Rig/Movers/ballRoll_r_up_rc/ballRoll_r_up_rotation","cat":"step","ph":"X","ts":135147,"dur":4,"pid":1,"tid":26},
{"name":"Constraint /Biped/Rig/Movers/ballRoll_r_down_rc/ballRoll_r_down_rotation","cat":"step","ph":"X","ts":135160,"dur":1,"pid":1,"tid":26},
{"name":"SolverCommit batch 39","cat":"step","ph":"X","ts":135185,"dur":6,"pid":1,"tid":26},
{"name":"Constraint /Biped/Rig/Movers/ankle_r_bind_scAim/ankle_r_bind_aim","cat":"step","ph":"X","ts":135204,"dur":6,"pid":1,"tid":28},
{"name":"Constraint /Biped/Rig/Movers/ball_r_bind_scAim/ball_r_bind_aim","cat":"step","ph":"X","ts":135229,"dur":10,"pid":1,"tid":2},
{"name":"Constraint /Biped/Rig/Movers/bankIn_l_pivot_rc/bankIn_l_pivot_rotation","cat":"step","ph":"X","ts":135050,"dur":4,"pid":1,"tid":23},
{"name":"Constraint /Biped/Rig/Movers/bankOut_l_pivot_rc/bankOut_l_pivot_rotation","cat":"step","ph":"X","ts":135077,"dur":1,"pid":1,"tid":19},
{"name":"Constraint /Biped/Rig/Movers/heel_l_roll_rc/heel_l_roll_rotation","cat":"step","ph":"X","ts":135081,"dur":4,"pid":1,"tid":17},
{"name":"Constraint /Biped/Rig/Movers/toe_l_roll_rc/toe_l_roll_rotation","cat":"step","ph":"X","ts":135094,"dur":1,"pid":1,"tid":17},
{"name":"Constraint /Biped/Rig/Movers/ballRoll_l_up_rc/ballRoll_l_up_rotation","cat":"step","ph":"X","ts":135137,"dur":1,"pid":1,"tid":28},
{"name":"Constraint /Biped/Rig/Movers/ballRoll_l_down_rc/ballRoll_l_down_rotation","cat":"step","ph":"X","ts":135151,"dur":2,"pid":1,"tid":26},
{"name":"Solve /Biped/Rig/Solvers/leg_l_twoBoneIk","cat":"step","ph":"X","ts":135161,"dur":1,"pid":1,"tid":26},
{"name":"Solve /Biped/Rig/Solvers/leg_l_ikfk","cat":"step","ph":"X","ts":135172,"dur":1,"pid":1,"tid":26},
{"name":"SolverCommit batch 49","cat":"step","ph":"X","ts":135177,"dur":6,"pid":1,"tid":26},
{"name":"Constraint /Biped/Rig/Movers/ankle_l_bind_scAim/ankle_l_bind_aim","cat":"step","ph":"X","ts":135191,"dur":6,"pid":1,"tid":26},
{"name":"Constraint /Biped/Rig/Movers/ball_l_bind_scAim/ball_l_bind_aim","cat":"step","ph":"X","ts":135210,"dur":4,"pid":1,"tid":28},
{"name":"Constraint /Biped/Rig/Movers/hips_follow/spine_root_ctl_drives_hips_bind","cat":"step","ph":"X","ts":134968,"dur":4,"pid":1,"tid":0},
{"name":"PropagateChunk /Biped/Rig/Movers/hips_follow/spine_root_ctl_drives_hips_bind","cat":"step","ph":"X","ts":135162,"dur":6,"pid":1,"tid":26},
{"name":"PropagateChunk /Biped/Rig/Movers/hips_follow/spine_root_ctl_drives_hips_bind","cat":"step","ph":"X","ts":135138,"dur":1,"pid":1,"tid":28},
{"name":"CommitApply /Biped/Rig/Movers/hips_follow/spine_root_ctl_drives_hips_bind","cat":"step","ph":"X","ts":135173,"dur":2,"pid":1,"tid":26},
{"name":"Constraint /Biped/Rig/Movers/hips_follow/spine_root_ctl_scales_hips_bind","cat":"step","ph":"X","ts":135183,"dur":2,"pid":1,"tid":26},
{"name":"PropagateChunk /Biped/Rig/Movers/hips_follow/spine_root_ctl_scales_hips_bind","cat":"step","ph":"X","ts":135214,"dur":4,"pid":1,"tid":28},
{"name":"CommitApply /Biped/Rig/Movers/hips_follow/spine_root_ctl_scales_hips_bind","cat":"step","ph":"X","ts":135239,"dur":1,"pid":1,"tid":2},
{"name":"Constraint /Biped/Rig/Movers/spine_to_bind/spine_ik_spine_0_bind_scale_to_spine_0_bind","cat":"step","ph":"X","ts":135253,"dur":6,"pid":1,"tid":31},
{"name":"Constraint /Biped/Rig/Movers/spine_to_bind/spine_ik_spine_0_bind_to_spine_0_bind","cat":"step","ph":"X","ts":135266,"dur":9,"pid":1,"tid":9},
{"name":"Constraint /Biped/Rig/Movers/spine_to_bind/spine_ik_spine_1_bind_scale_to_spine_1_bind","cat":"step","ph":"X","ts":135278,"dur":8,"pid":1,"tid":29},
{"name":"Constraint /Biped/Rig/Movers/spine_to_bind/spine_ik_spine_1_bind_to_spine_1_bind","cat":"step","ph":"X","ts":135293,"dur":7,"pid":1,"tid":29},
{"name":"Constraint /Biped/Rig/Movers/spine_to_bind/spine_ik_spine_2_bind_scale_to_spine_2_bind","cat":"step","ph":"X","ts":135306,"dur":4,"pid":1,"tid":29},
{"name":"Constraint /Biped/Rig/Movers/spine_to_bind/spine_ik_spine_2_bind_to_spine_2_bind","cat":"step","ph":"X","ts":135315,"dur":5,"pid":1,"tid":29},
{"name":"Constraint /Biped/Rig/Movers/spine_to_bind/spine_ik_spine_3_bind_scale_to_spine_3_bind","cat":"step","ph":"X","ts":135320,"dur":4,"pid":1,"tid":29},
{"name":"Constraint /Biped/Rig/Movers/spine_to_bind/spine_ik_spine_3_bind_to_spine_3_bind","cat":"step","ph":"X","ts":135325,"dur":5,"pid":1,"tid":29},
{"name":"Constraint /Biped/Rig/Movers/spine_to_bind/spine_ik_spine_4_bind_scale_to_spine_4_bind","cat":"step","ph":"X","ts":135330,"dur":4,"pid":1,"tid":29},
{"name":"Constraint /Biped/Rig/Movers/spine_to_bind/spine_ik_spine_4_bind_to_spine_4_bind","cat":"step","ph":"X","ts":135334,"dur":5,"pid":1,"tid":29},
{"name":"Constraint /Biped/Rig/Movers/spine_to_bind/spine_ik_spine_5_bind_scale_to_spine_5_bind","cat":"step","ph":"X","ts":135339,"dur":4,"pid":1,"tid":29},
{"name":"Constraint /Biped/Rig/Movers/spine_to_bind/spine_ik_spine_5_bind_to_spine_5_bind","cat":"step","ph":"X","ts":135343,"dur":5,"pid":1,"tid":29},
{"name":"Constraint /Biped/Rig/Movers/spine_to_bind/spine_ik_chest_bind_scale_to_chest_bind","cat":"step","ph":"X","ts":135348,"dur":4,"pid":1,"tid":29},
{"name":"Constraint /Biped/Rig/Movers/spine_to_bind/spine_ik_chest_bind_to_chest_bind","cat":"step","ph":"X","ts":135352,"dur":5,"pid":1,"tid":29},
{"name":"Constraint /Biped/Rig/Movers/girdles/spine_end_ctl_drives_chest_bind","cat":"step","ph":"X","ts":135357,"dur":5,"pid":1,"tid":29},
{"name":"Constraint /Biped/Rig/Movers/girdles/pelvis_r_ctl_drives_pelvis_r_bind","cat":"step","ph":"X","ts":135259,"dur":2,"pid":1,"tid":31},
{"name":"Constraint /Biped/Rig/Movers/girdles/pelvis_l_ctl_drives_pelvis_l_bind","cat":"step","ph":"X","ts":135261,"dur":1,"pid":1,"tid":31},
{"name":"Constraint /Biped/Rig/Movers/girdles/clavicle_r_ctl_drives_clavicle_r_bind","cat":"step","ph":"X","ts":135362,"dur":1,"pid":1,"tid":29},
{"name":"Constraint /Biped/Rig/Movers/girdles/clavicle_l_ctl_drives_clavicle_l_bind","cat":"step","ph":"X","ts":135363,"dur":1,"pid":1,"tid":29},
{"name":"Constraint /Biped/Rig/Movers/girdles/spine_end_ctl_unsquashes_neck_base_bind","cat":"step","ph":"X","ts":135364,"dur":3,"pid":1,"tid":29},
{"name":"Constraint /Biped/Rig/Movers/girdles/clavicle_r_ctl_unsquashes_clavicle_r_bind","cat":"step","ph":"X","ts":135367,"dur":2,"pid":1,"tid":29},
{"name":"Constraint /Biped/Rig/Movers/girdles/clavicle_l_ctl_unsquashes_clavicle_l_bind","cat":"step","ph":"X","ts":135369,"dur":1,"pid":1,"tid":29},
{"name":"Constraint /Biped/Rig/Movers/neck_to_bind/neck_ik_neck_0_bind_scale_to_neck_0_bind","cat":"step","ph":"X","ts":135370,"dur":3,"pid":1,"tid":29},
{"name":"Constraint /Biped/Rig/Movers/neck_to_bind/neck_ik_neck_0_bind_to_neck_0_bind","cat":"step","ph":"X","ts":135378,"dur":8,"pid":1,"tid":0},
{"name":"Constraint /Biped/Rig/Movers/neck_to_bind/neck_ik_neck_1_bind_scale_to_neck_1_bind","cat":"step","ph":"X","ts":135392,"dur":5,"pid":1,"tid":16},
{"name":"Constraint /Biped/Rig/Movers/neck_to_bind/neck_ik_neck_1_bind_to_neck_1_bind","cat":"step","ph":"X","ts":135403,"dur":6,"pid":1,"tid":16},
{"name":"Constraint /Biped/Rig/Movers/neck_to_bind/neck_ik_neck_2_bind_scale_to_neck_2_bind","cat":"step","ph":"X","ts":135417,"dur":3,"pid":1,"tid":16},
{"name":"Constraint /Biped/Rig/Movers/neck_to_bind/neck_ik_neck_2_bind_to_neck_2_bind","cat":"step","ph":"X","ts":135428,"dur":4,"pid":1,"tid":16},
{"name":"Constraint /Biped/Rig/Movers/neck_to_bind/neck_ik_neck_3_bind_scale_to_neck_3_bind","cat":"step","ph":"X","ts":135432,"dur":4,"pid":1,"tid":16},
{"name":"Constraint /Biped/Rig/Movers/neck_to_bind/neck_ik_neck_3_bind_to_neck_3_bind","cat":"step","ph":"X","ts":135436,"dur":5,"pid":1,"tid":16},
{"name":"Constraint /Biped/Rig/Movers/neck_to_bind/neck_ik_skull_bind_scale_to_skull_bind","cat":"step","ph":"X","ts":135441,"dur":3,"pid":1,"tid":16},
{"name":"Constraint /Biped/Rig/Movers/neck_to_bind/neck_ik_skull_bind_to_skull_bind","cat":"step","ph":"X","ts":135444,"dur":5,"pid":1,"tid":16},
{"name":"Constraint /Biped/Rig/Movers/twist_aims/wristTwist_r_bind_copy","cat":"step","ph":"X","ts":135085,"dur":5,"pid":1,"tid":17},
{"name":"Constraint /Biped/Rig/Movers/twist_aims/wristTwist_r_bind_aim","cat":"step","ph":"X","ts":135095,"dur":2,"pid":1,"tid":17},
{"name":"Constraint /Biped/Rig/Movers/twist_aims/wristTwist_l_bind_copy","cat":"step","ph":"X","ts":135055,"dur":5,"pid":1,"tid":23},
{"name":"Constraint /Biped/Rig/Movers/twist_aims/wristTwist_l_bind_aim","cat":"step","ph":"X","ts":135090,"dur":4,"pid":1,"tid":17},
{"name":"Constraint /Biped/Rig/Movers/twist_aims/ankleTwist_r_bind_copy","cat":"step","ph":"X","ts":135240,"dur":4,"pid":1,"tid":2},
{"name":"Constraint /Biped/Rig/Movers/twist_aims/ankleTwist_r_bind_aim","cat":"step","ph":"X","ts":135262,"dur":3,"pid":1,"tid":31},
{"name":"Constraint /Biped/Rig/Movers/twist_aims/ankleTwist_l_bind_copy","cat":"step","ph":"X","ts":135219,"dur":2,"pid":1,"tid":28},
{"name":"Constraint /Biped/Rig/Movers/twist_aims/ankleTwist_l_bind_aim","cat":"step","ph":"X","ts":135244,"dur":3,"pid":1,"tid":2},
{"name":"Constraint /Biped/Rig/Movers/twist_aims/ankleTwist_r_bind_follows_ankle_r_bind","cat":"step","ph":"X","ts":135275,"dur":1,"pid":1,"tid":9},
{"name":"Constraint /Biped/Rig/Movers/twist_aims/ankleTwist_l_bind_follows_ankle_l_bind","cat":"step","ph":"X","ts":135252,"dur":1,"pid":1,"tid":2},
{"name":"Constraint /Biped/Rig/Movers/twist_aims/wristTwist_r_bind_follows_wrist_r_bind","cat":"step","ph":"X","ts":135139,"dur":1,"pid":1,"tid":28},
{"name":"Constraint /Biped/Rig/Movers/twist_aims/wristTwist_l_bind_follows_wrist_l_bind","cat":"step","ph":"X","ts":135109,"dur":2,"pid":1,"tid":7},
{"name":"Constraint /Biped/Rig/Movers/twist_aims/thighNoTwist_r_bind_follows_thigh_r_bind","cat":"step","ph":"X","ts":135276,"dur":1,"pid":1,"tid":9},
{"name":"Constraint /Biped/Rig/Movers/twist_aims/thighNoTwist_l_bind_follows_thigh_l_bind","cat":"step","ph":"X","ts":135266,"dur":2,"pid":1,"tid":11},
{"name":"Constraint /Biped/Rig/Movers/twist_aims/shoulderNoTwist_r_bind_follows_shoulder_r_bind","cat":"step","ph":"X","ts":135386,"dur":1,"pid":1,"tid":0},
{"name":"Constraint /Biped/Rig/Movers/twist_aims/pelvis_trans_r_bind_follows_thigh_r_bind","cat":"step","ph":"X","ts":135268,"dur":2,"pid":1,"tid":11},
{"name":"Constraint /Biped/Rig/Movers/twist_aims/clavicle_trans_r_bind_follows_shoulder_r_bind","cat":"step","ph":"X","ts":135377,"dur":1,"pid":1,"tid":29},
{"name":"Constraint /Biped/Rig/Movers/twist_aims/clavicle_trans_l_bind_follows_shoulder_l_bind","cat":"step","ph":"X","ts":135378,"dur":1,"pid":1,"tid":29},
{"name":"Constraint /Biped/Rig/Movers/twist_aims/pelvis_trans_r_bind_aim","cat":"step","ph":"X","ts":135286,"dur":3,"pid":1,"tid":29},
{"name":"Constraint /Biped/Rig/Movers/twist_aims/pelvis_trans_l_bind_aim","cat":"step","ph":"X","ts":135289,"dur":2,"pid":1,"tid":29},
{"name":"Constraint /Biped/Rig/Movers/twist_aims/kneeTwist_r_bind_aim","cat":"step","ph":"X","ts":135202,"dur":3,"pid":1,"tid":26},
{"name":"Constraint /Biped/Rig/Movers/twist_aims/kneeTwist_l_bind_aim","cat":"step","ph":"X","ts":135197,"dur":4,"pid":1,"tid":26},
{"name":"Constraint /Biped/Rig/Movers/twist_aims/thighNoTwist_r_bind_aim","cat":"step","ph":"X","ts":135291,"dur":2,"pid":1,"tid":29},
{"name":"Constraint /Biped/Rig/Movers/twist_aims/thighNoTwist_l_bind_aim","cat":"step","ph":"X","ts":135277,"dur":3,"pid":1,"tid":9},
{"name":"Constraint /Biped/Rig/Movers/twist_aims/clavicle_trans_r_bind_aim","cat":"step","ph":"X","ts":135397,"dur":4,"pid":1,"tid":16},
{"name":"Constraint /Biped/Rig/Movers/twist_aims/clavicle_trans_l_bind_aim","cat":"step","ph":"X","ts":135401,"dur":2,"pid":1,"tid":16},
{"name":"Constraint /Biped/Rig/Movers/twist_aims/elbowTwist_r_bind_aim","cat":"step","ph":"X","ts":135079,"dur":5,"pid":1,"tid":19},
{"name":"Constraint /Biped/Rig/Movers/twist_aims/elbowTwist_l_bind_aim","cat":"step","ph":"X","ts":135060,"dur":4,"pid":1,"tid":23},
{"name":"Constraint /Biped/Rig/Movers/twist_aims/shoulderNoTwist_r_bind_aim","cat":"step","ph":"X","ts":135388,"dur":3,"pid":1,"tid":0},
{"name":"Constraint /Biped/Rig/Movers/twist_aims/shoulderNoTwist_l_bind_aim","cat":"step","ph":"X","ts":135391,"dur":2,"pid":1,"tid":0},
{"name":"Constraint /Biped/Rig/Movers/pose_drivers/thigh_r_driver_copies_thigh_r_bind","cat":"step","ph":"X","ts":135300,"dur":2,"pid":1,"tid":29},
{"name":"Constraint /Biped/Rig/Movers/pose_drivers/thigh_l_driver_copies_thigh_l_bind","cat":"step","ph":"X","ts":135302,"dur":3,"pid":1,"tid":29},
{"name":"Constraint /Biped/Rig/Movers/pose_drivers/thigh_r_twist_driver_copies_thighNoTwist_r_bind","cat":"step","ph":"X","ts":135310,"dur":2,"pid":1,"tid":29},
{"name":"Constraint /Biped/Rig/Movers/pose_drivers/thigh_l_twist_driver_copies_thighNoTwist_l_bind","cat":"step","ph":"X","ts":135312,"dur":2,"pid":1,"tid":29},
{"name":"Constraint /Biped/Rig/Movers/pose_drivers/ankleTwist_r_driver_copies_ankleTwist_r_bind","cat":"step","ph":"X","ts":135280,"dur":3,"pid":1,"tid":9},
{"name":"Constraint /Biped/Rig/Movers/pose_drivers/ankleTwist_l_driver_copies_ankleTwist_l_bind","cat":"step","ph":"X","ts":135265,"dur":3,"pid":1,"tid":31},
{"name":"Constraint /Biped/Rig/Movers/pose_drivers/toe_r_driver_copies_ball_r_bind","cat":"step","ph":"X","ts":135253,"dur":4,"pid":1,"tid":2},
{"name":"Constraint /Biped/Rig/Movers/pose_drivers/toe_l_driver_copies_ball_l_bind","cat":"step","ph":"X","ts":135247,"dur":4,"pid":1,"tid":2},
{"name":"Constraint /Biped/Rig/Movers/pose_drivers/knee_r_driver_copies_knee_r_bind","cat":"step","ph":"X","ts":135232,"dur":3,"pid":1,"tid":28},
{"name":"Constraint /Biped/Rig/Movers/pose_drivers/knee_l_driver_copies_knee_l_bind","cat":"step","ph":"X","ts":135205,"dur":4,"pid":1,"tid":26},
{"name":"Constraint /Biped/Rig/Movers/pose_drivers/ankleSwing_r_driver_copies_ankle_r_bind","cat":"step","ph":"X","ts":135284,"dur":3,"pid":1,"tid":9},
{"name":"Constraint /Biped/Rig/Movers/pose_drivers/ankleSwing_l_driver_copies_ankle_l_bind","cat":"step","ph":"X","ts":135268,"dur":3,"pid":1,"tid":31},
{"name":"Constraint /Biped/Rig/Movers/pose_drivers/shoulder_r_driver_copies_shoulder_r_bind","cat":"step","ph":"X","ts":135409,"dur":3,"pid":1,"tid":16},
{"name":"Constraint /Biped/Rig/Movers/pose_drivers/shoulder_l_driver_copies_shoulder_l_bind","cat":"step","ph":"X","ts":135412,"dur":3,"pid":1,"tid":16},
{"name":"Constraint /Biped/Rig/Movers/pose_drivers/wristTwist_r_driver_copies_wristTwist_r_bind","cat":"step","ph":"X","ts":135153,"dur":5,"pid":1,"tid":26},
{"name":"Constraint /Biped/Rig/Movers/pose_drivers/wristTwist_l_driver_copies_wristTwist_l_bind","cat":"step","ph":"X","ts":135125,"dur":2,"pid":1,"tid":7},
{"name":"Constraint /Biped/Rig/Movers/pose_drivers/shoulder_r_twist_driver_copies_shoulderNoTwist_r_bind","cat":"step","ph":"X","ts":135420,"dur":4,"pid":1,"tid":16},
{"name":"Constraint /Biped/Rig/Movers/pose_drivers/shoulder_l_twist_driver_copies_shoulderNoTwist_l_bind","cat":"step","ph":"X","ts":135424,"dur":3,"pid":1,"tid":16},
{"name":"Constraint /Biped/Rig/Movers/pose_drivers/wristSwing_r_driver_copies_wrist_r_bind","cat":"step","ph":"X","ts":135141,"dur":4,"pid":1,"tid":28},
{"name":"Constraint /Biped/Rig/Movers/pose_drivers/wristSwing_l_driver_copies_wrist_l_bind","cat":"step","ph":"X","ts":135127,"dur":2,"pid":1,"tid":7},
{"name":"Constraint /Biped/Rig/Movers/pose_drivers/elbow_r_driver_copies_elbow_r_bind","cat":"step","ph":"X","ts":135111,"dur":3,"pid":1,"tid":7},
{"name":"Constraint /Biped/Rig/Movers/pose_drivers/elbow_l_driver_copies_elbow_l_bind","cat":"step","ph":"X","ts":135084,"dur":4,"pid":1,"tid":19},
{"name":"Constraint /Biped/Rig/Movers/param_follow/leg_r_params_to_ankle_r_bind","cat":"step","ph":"X","ts":135235,"dur":3,"pid":1,"tid":28},
{"name":"Constraint /Biped/Rig/Movers/param_follow/leg_l_params_to_ankle_l_bind","cat":"step","ph":"X","ts":135209,"dur":3,"pid":1,"tid":26},
{"name":"Constraint /Biped/Rig/Movers/param_follow/arm_r_params_to_wrist_r_bind","cat":"step","ph":"X","ts":135088,"dur":4,"pid":1,"tid":19},
{"name":"Constraint /Biped/Rig/Movers/param_follow/arm_l_params_to_wrist_l_bind","cat":"step","ph":"X","ts":135064,"dur":4,"pid":1,"tid":23},
{"name":"ProviderMatrix /Biped/Rig/Controls/leg_l_ik/ankle_l_pivot/bankIn_l_pivot final","cat":"step","ph":"X","ts":135068,"dur":1,"pid":1,"tid":23},
{"name":"ProviderMatrix /Biped/Rig/Controls/leg_l_ik/ankle_l_pivot/bankIn_l_pivot/bankOut_l_pivot final","cat":"step","ph":"X","ts":135092,"dur":1,"pid":1,"tid":19},
{"name":"ProviderMatrix /Biped/Rig/Controls/leg_l_ik/ankle_l_pivot/bankIn_l_pivot/bankOut_l_pivot/heel_l_roll/heel_l/ball_l_pivot/toe_l_roll final","cat":"step","ph":"X","ts":135129,"dur":1,"pid":1,"tid":7},
{"name":"ProviderMatrix /Biped/Rig/Controls/leg_r_ik/ankle_r_pivot/bankIn_r_pivot/bankOut_r_pivot final","cat":"step","ph":"X","ts":135114,"dur":1,"pid":1,"tid":7},
{"name":"ProviderMatrix /Biped/Rig/Joints/ankle_l_pivot/bankIn_l_pivot/bankOut_l_pivot/heel_l_pivot final","cat":"step","ph":"X","ts":134972,"dur":1,"pid":1,"tid":0},
{"name":"ProviderMatrix /Biped/Rig/Joints/ankle_l_pivot/bankIn_l_pivot/bankOut_l_pivot/heel_l_pivot/ball_l_pivot/toe_l_pivot final","cat":"step","ph":"X","ts":134984,"dur":1,"pid":1,"tid":0},
{"name":"ProviderMatrix /Biped/Rig/Joints/ankle_r_pivot/bankIn_r_pivot final","cat":"step","ph":"X","ts":134958,"dur":1,"pid":1,"tid":0},
{"name":"ProviderMatrix /Biped/Rig/Joints/ankle_r_pivot/bankIn_r_pivot/bankOut_r_pivot/heel_r_pivot/ball_r_pivot/toe_r_pivot/toeBend_r_pivot final","cat":"step","ph":"X","ts":135012,"dur":1,"pid":1,"tid":20},
{"name":"ProviderMatrix /Biped/Rig/Joints/hips_bind/pelvis_l_bind/pelvis_trans_combo_l_driver final","cat":"step","ph":"X","ts":135271,"dur":1,"pid":1,"tid":31},
{"name":"ProviderMatrix /Biped/Rig/Joints/hips_bind/pelvis_l_bind/thigh_l_bind/knee_l_bind/ankle_l_bind final","cat":"step","ph":"X","ts":135212,"dur":1,"pid":1,"tid":26},
{"name":"ProviderMatrix /Biped/Rig/Joints/hips_bind/pelvis_l_bind/thigh_l_bind/knee_l_bind/ankle_l_bind/ball_l_bind final","cat":"step","ph":"X","ts":135238,"dur":1,"pid":1,"tid":28},
{"name":"ProviderMatrix /Biped/Rig/Joints/hips_bind/pelvis_l_bind/thigh_l_bind/knee_l_bind/ankle_l_bind/ball_l_bind/toe_l_bind final","cat":"step","ph":"X","ts":135241,"dur":1,"pid":1,"tid":28},
{"name":"ProviderMatrix /Biped/Rig/Joints/hips_bind/pelvis_r_bind/thigh_combo_r_driver final","cat":"step","ph":"X","ts":135272,"dur":1,"pid":1,"tid":31},
{"name":"ProviderMatrix /Biped/Rig/Joints/hips_bind/pelvis_r_bind/thigh_r_bind/knee_r_bind final","cat":"step","ph":"X","ts":135213,"dur":1,"pid":1,"tid":26},
{"name":"ProviderMatrix /Biped/Rig/Joints/hips_bind/pelvis_r_bind/thigh_r_bind/knee_r_bind/ankle_r_bind/ball_r_bind final","cat":"step","ph":"X","ts":135257,"dur":1,"pid":1,"tid":2},
{"name":"ProviderMatrix /Biped/Rig/Joints/hips_bind/pelvis_r_bind/thigh_r_bind/knee_r_bind/ankle_r_bind/ball_r_bind/toe3_001_r_bind final","cat":"step","ph":"X","ts":135259,"dur":1,"pid":1,"tid":2},
{"name":"ProviderMatrix /Biped/Rig/Joints/hips_bind/pelvis_r_bind/thigh_r_bind/knee_r_bind/ankle_r_bind/ball_r_bind/toe4_001_r_bind final","cat":"step","ph":"X","ts":135260,"dur":1,"pid":1,"tid":2},
{"name":"ProviderMatrix /Biped/Rig/Joints/hips_bind/spine_0_bind final","cat":"step","ph":"X","ts":135287,"dur":1,"pid":1,"tid":9},
{"name":"ProviderMatrix /Biped/Rig/Joints/hips_bind/spine_0_bind/spine_1_bind final","cat":"step","ph":"X","ts":135314,"dur":1,"pid":1,"tid":29},
{"name":"ProviderMatrix /Biped/Rig/Joints/hips_bind/spine_0_bind/spine_1_bind/spine_2_bind final","cat":"step","ph":"X","ts":135324,"dur":1,"pid":1,"tid":29},
{"name":"ProviderMatrix /Biped/Rig/Joints/hips_bind/spine_0_bind/spine_1_bind/spine_2_bind/spine_3_bind/spine_4_bind/spine_5_bind/chest_bind/clavicle_l_bind/shoulder_l_bind/elbow_l_bind/wrist_l_bind/index_001_l_bind/index_002_l_bind/index_003_l_bind final","cat":"step","ph":"X","ts":135130,"dur":1,"pid":1,"tid":7},
{"name":"ProviderMatrix /Biped/Rig/Joints/hips_bind/spine_0_bind/spine_1_bind/spine_2_bind/spine_3_bind/spine_4_bind/spine_5_bind/chest_bind/clavicle_l_bind/shoulder_l_bind/elbow_l_bind/wrist_l_bind/middle_001_l_bind/middle_002_l_bind/middle_003_l_bind/middle_004_l_bind/middle_005_l_bind final","cat":"step","ph":"X","ts":135131,"dur":1,"pid":1,"tid":7},
{"name":"ProviderMatrix /Biped/Rig/Joints/hips_bind/spine_0_bind/spine_1_bind/spine_2_bind/spine_3_bind/spine_4_bind/spine_5_bind/chest_bind/clavicle_l_bind/shoulder_l_bind/elbow_l_bind/wrist_l_bind/pinkyCup_l_bind/pinky_001_l_bind/pinky_002_l_bind/pinky_003_l_bind/pinky_004_l_bind/pinky_005_l_bind final","cat":"step","ph":"X","ts":135147,"dur":1,"pid":1,"tid":28},
{"name":"ProviderMatrix /Biped/Rig/Joints/hips_bind/spine_0_bind/spine_1_bind/spine_2_bind/spine_3_bind/spine_4_bind/spine_5_bind/chest_bind/clavicle_l_bind/shoulder_l_bind/elbow_l_bind/wrist_l_bind/thumbCup_l_bind/thumb_001_l_bind final","cat":"step","ph":"X","ts":135132,"dur":1,"pid":1,"tid":7},
{"name":"ProviderMatrix /Biped/Rig/Joints/hips_bind/spine_0_bind/spine_1_bind/spine_2_bind/spine_3_bind/spine_4_bind/spine_5_bind/chest_bind/clavicle_r_bind/clavicle_trans_combo_r_driver final","cat":"step","ph":"X","ts":135379,"dur":1,"pid":1,"tid":29},
{"name":"ProviderMatrix /Biped/Rig/Joints/hips_bind/spine_0_bind/spine_1_bind/spine_2_bind/spine_3_bind/spine_4_bind/spine_5_bind/chest_bind/clavicle_r_bind/shoulder_r_bind final","cat":"step","ph":"X","ts":135093,"dur":9,"pid":1,"tid":19},
{"name":"ProviderMatrix /Biped/Rig/Joints/hips_bind/spine_0_bind/spine_1_bind/spine_2_bind/spine_3_bind/spine_4_bind/spine_5_bind/chest_bind/clavicle_r_bind/shoulder_r_bind/elbow_r_bind/wristTwist_r_driver final","cat":"step","ph":"X","ts":135169,"dur":1,"pid":1,"tid":26},
{"name":"ProviderMatrix /Biped/Rig/Joints/hips_bind/spine_0_bind/spine_1_bind/spine_2_bind/spine_3_bind/spine_4_bind/spine_5_bind/chest_bind/clavicle_r_bind/shoulder_r_bind/elbow_r_bind/wrist_r_bind/middle_001_r_bind/middle_002_r_bind/middle_003_r_bind/middle_004_r_bind final","cat":"step","ph":"X","ts":135149,"dur":1,"pid":1,"tid":28},
{"name":"ProviderMatrix /Biped/Rig/Joints/hips_bind/spine_0_bind/spine_1_bind/spine_2_bind/spine_3_bind/spine_4_bind/spine_5_bind/chest_bind/clavicle_r_bind/shoulder_r_bind/elbow_r_bind/wrist_r_bind/pinkyCup_r_bind/pinky_001_r_bind/pinky_002_r_bind final","cat":"step","ph":"X","ts":135170,"dur":1,"pid":1,"tid":26},
{"name":"ProviderMatrix /Biped/Rig/Joints/hips_bind/spine_0_bind/spine_1_bind/spine_2_bind/spine_3_bind/spine_4_bind/spine_5_bind/chest_bind/clavicle_r_bind/shoulder_r_bind/elbow_r_bind/wrist_r_bind/ring_001_r_bind/ring_002_r_bind/ring_003_r_bind/ring_004_r_bind/ring_005_r_bind final","cat":"step","ph":"X","ts":135150,"dur":1,"pid":1,"tid":28},
{"name":"ProviderMatrix /Biped/Rig/Joints/hips_bind/spine_0_bind/spine_1_bind/spine_2_bind/spine_3_bind/spine_4_bind/spine_5_bind/chest_bind/neck_base_bind/neck_0_bind/neck_1_bind/neck_2_bind/neck_3_bind/skull_bind/face_lower_bind/face_mid_bind/nose_bridge_bind/nose_bind final","cat":"step","ph":"X","ts":135449,"dur":1,"pid":1,"tid":16},
{"name":"ProviderMatrix /Biped/Rig/Joints/hips_bind/spine_0_bind/spine_1_bind/spine_2_bind/spine_3_bind/spine_4_bind/spine_5_bind/chest_bind/neck_base_bind/neck_0_bind/neck_1_bind/neck_2_bind/neck_3_bind/skull_bind/face_lower_bind/jaw_bind/tongue_0_bind/tongue_1_bind/tongue_2_bind final","cat":"step","ph":"X","ts":135450,"dur":1,"pid":1,"tid":16},
{"name":"ProviderMatrix /Biped/Rig/Joints/hips_bind/spine_0_bind/spine_1_bind/spine_2_bind/spine_3_bind/spine_4_bind/spine_5_bind/chest_bind/neck_base_bind/neck_0_bind/neck_1_bind/neck_2_bind/neck_3_bind/skull_bind/face_upper_bind/eyeSocket_r_bind/eye_r_bind final","cat":"step","ph":"X","ts":135451,"dur":1,"pid":1,"tid":16},
{"name":"ProviderMatrix /Biped/Rig/Joints/neck_ik_neck_0_bind/neck_ik_neck_1_bind final","cat":"step","ph":"X","ts":135175,"dur":1,"pid":1,"tid":26},
{"name":"ProviderMatrix /Biped/Rig/Joints/spine_ik_spine_0_bind/spine_ik_spine_1_bind/spine_ik_spine_2_bind final","cat":"step","ph":"X","ts":135042,"dur":1,"pid":1,"tid":23},
{"name":"InfluenceFold /Biped/Rig/Movers/skin_body_geo/body_geo_skin","cat":"step","ph":"X","ts":135453,"dur":29,"pid":1,"tid":16},
{"name":"RevisionChunk /Biped/Rig/Movers/skin_body_geo/body_geo_skin","cat":"step","ph":"X","ts":135482,"dur":212,"pid":1,"tid":16},
{"name":"RevisionFuse /Biped/Rig/Movers/skin_body_geo/body_geo_skin","cat":"step","ph":"X","ts":135695,"dur":2,"pid":1,"tid":16},
{"name":"ChainStatus /Biped/Geom/body_geo.points","cat":"step","ph":"X","ts":135697,"dur":12,"pid":1,"tid":16},
{"name":"Derived /Biped/Geom/body_geo.extent","cat":"step","ph":"X","ts":135709,"dur":120,"pid":1,"tid":16},
{"name":"cluster 0","cat":"cluster","ph":"X","ts":134942,"dur":9,"pid":1,"tid":0,"args":{"level":"1","steps":"21","waitUs":"2"}},
{"name":"cluster 1","cat":"cluster","ph":"X","ts":134951,"dur":8,"pid":1,"tid":0,"args":{"level":"2","steps":"30","waitUs":"0"}},
{"name":"cluster 2","cat":"cluster","ph":"X","ts":134973,"dur":7,"pid":1,"tid":0,"args":{"level":"3","steps":"20","waitUs":"14"}},
{"name":"cluster 3","cat":"cluster","ph":"X","ts":134982,"dur":21,"pid":1,"tid":20,"args":{"level":"4","steps":"17","waitUs":"2"}},
{"name":"cluster 4","cat":"cluster","ph":"X","ts":135006,"dur":12,"pid":1,"tid":23,"args":{"level":"5","steps":"17","waitUs":"3"}},
{"name":"cluster 5","cat":"cluster","ph":"X","ts":135021,"dur":17,"pid":1,"tid":26,"args":{"level":"6","steps":"23","waitUs":"2"}},
{"name":"cluster 6","cat":"cluster","ph":"X","ts":135038,"dur":8,"pid":1,"tid":26,"args":{"level":"7","steps":"15","waitUs":"0"}},
{"name":"cluster 7","cat":"cluster","ph":"X","ts":135050,"dur":10,"pid":1,"tid":19,"args":{"level":"8","steps":"13","waitUs":"2"}},
{"name":"cluster 8","cat":"cluster","ph":"X","ts":134965,"dur":8,"pid":1,"tid":0,"args":{"level":"3","steps":"15","waitUs":"6"}},
{"name":"cluster 9","cat":"cluster","ph":"X","ts":135061,"dur":12,"pid":1,"tid":6,"args":{"level":"9","steps":"15","waitUs":"1"}},
{"name":"cluster 10","cat":"cluster","ph":"X","ts":135074,"dur":12,"pid":1,"tid":4,"args":{"level":"10","steps":"17","waitUs":"1"}},
{"name":"cluster 11","cat":"cluster","ph":"X","ts":135115,"dur":9,"pid":1,"tid":7,"args":{"level":"11","steps":"16","waitUs":"10"}},
{"name":"cluster 12","cat":"cluster","ph":"X","ts":135044,"dur":4,"pid":1,"tid":23,"args":{"level":"7","steps":"6","waitUs":"0"}},
{"name":"cluster 13","cat":"cluster","ph":"X","ts":135125,"dur":16,"pid":1,"tid":28,"args":{"level":"12","steps":"12","waitUs":"1"}},
{"name":"cluster 14","cat":"cluster","ph":"X","ts":135143,"dur":15,"pid":1,"tid":26,"args":{"level":"13","steps":"6","waitUs":"2"}},
{"name":"cluster 16","cat":"cluster","ph":"X","ts":135019,"dur":24,"pid":1,"tid":23,"args":{"level":"6","steps":"12","waitUs":"0"}},
{"name":"cluster 17","cat":"cluster","ph":"X","ts":135004,"dur":9,"pid":1,"tid":20,"args":{"level":"5","steps":"8","waitUs":"1"}},
{"name":"cluster 18","cat":"cluster","ph":"X","ts":135159,"dur":12,"pid":1,"tid":26,"args":{"level":"14","steps":"15","waitUs":"0"}},
{"name":"cluster 19","cat":"cluster","ph":"X","ts":135048,"dur":6,"pid":1,"tid":23,"args":{"level":"8","steps":"2","waitUs":"0"}},
{"name":"cluster 20","cat":"cluster","ph":"X","ts":134980,"dur":5,"pid":1,"tid":0,"args":{"level":"4","steps":"6","waitUs":"0"}},
{"name":"cluster 21","cat":"cluster","ph":"X","ts":135074,"dur":6,"pid":1,"tid":23,"args":{"level":"10","steps":"3","waitUs":"1"}},
{"name":"cluster 22","cat":"cluster","ph":"X","ts":135074,"dur":10,"pid":1,"tid":6,"args":{"level":"10","steps":"3","waitUs":"1"}},
{"name":"cluster 23","cat":"cluster","ph":"X","ts":135056,"dur":8,"pid":1,"tid":2,"args":{"level":"9","steps":"3","waitUs":"2"}},
{"name":"cluster 24","cat":"cluster","ph":"X","ts":135079,"dur":26,"pid":1,"tid":7,"args":{"level":"10","steps":"4","waitUs":"0"}},
{"name":"cluster 25","cat":"cluster","ph":"X","ts":135056,"dur":18,"pid":1,"tid":7,"args":{"level":"9","steps":"3","waitUs":"2"}},
{"name":"cluster 26","cat":"cluster","ph":"X","ts":135060,"dur":18,"pid":1,"tid":19,"args":{"level":"9","steps":"4","waitUs":"0"}},
{"name":"cluster 27","cat":"cluster","ph":"X","ts":135172,"dur":4,"pid":1,"tid":26,"args":{"level":"15","steps":"10","waitUs":"1"}},
{"name":"cluster 28","cat":"cluster","ph":"X","ts":135176,"dur":9,"pid":1,"tid":26,"args":{"level":"16","steps":"4","waitUs":"0"}},
{"name":"cluster 29","cat":"cluster","ph":"X","ts":135185,"dur":16,"pid":1,"tid":26,"args":{"level":"17","steps":"6","waitUs":"0"}},
{"name":"cluster 30","cat":"cluster","ph":"X","ts":135204,"dur":17,"pid":1,"tid":28,"args":{"level":"18","steps":"5","waitUs":"3"}},
{"name":"cluster 31","cat":"cluster","ph":"X","ts":135228,"dur":23,"pid":1,"tid":2,"args":{"level":"19","steps":"5","waitUs":"7"}},
{"name":"cluster 32","cat":"cluster","ph":"X","ts":135080,"dur":14,"pid":1,"tid":17,"args":{"level":"10","steps":"3","waitUs":"1"}},
{"name":"cluster 33","cat":"cluster","ph":"X","ts":135094,"dur":3,"pid":1,"tid":17,"args":{"level":"11","steps":"2","waitUs":"0"}},
{"name":"cluster 34","cat":"cluster","ph":"X","ts":135253,"dur":12,"pid":1,"tid":31,"args":{"level":"20","steps":"4","waitUs":"2"}},
{"name":"cluster 35","cat":"cluster","ph":"X","ts":135266,"dur":11,"pid":1,"tid":9,"args":{"level":"21","steps":"3","waitUs":"1"}},
{"name":"cluster 36","cat":"cluster","ph":"X","ts":135278,"dur":15,"pid":1,"tid":29,"args":{"level":"22","steps":"4","waitUs":"1"}},
{"name":"cluster 37","cat":"cluster","ph":"X","ts":135293,"dur":12,"pid":1,"tid":29,"args":{"level":"23","steps":"9","waitUs":"0"}},
{"name":"cluster 38","cat":"cluster","ph":"X","ts":135306,"dur":9,"pid":1,"tid":29,"args":{"level":"24","steps":"6","waitUs":"0"}},
{"name":"cluster 39","cat":"cluster","ph":"X","ts":135315,"dur":5,"pid":1,"tid":29,"args":{"level":"25","steps":"3","waitUs":"0"}},
{"name":"cluster 40","cat":"cluster","ph":"X","ts":135320,"dur":5,"pid":1,"tid":29,"args":{"level":"26","steps":"2","waitUs":"0"}},
{"name":"cluster 41","cat":"cluster","ph":"X","ts":135325,"dur":5,"pid":1,"tid":29,"args":{"level":"27","steps":"1","waitUs":"0"}},
{"name":"cluster 42","cat":"cluster","ph":"X","ts":135330,"dur":4,"pid":1,"tid":29,"args":{"level":"28","steps":"2","waitUs":"0"}},
{"name":"cluster 43","cat":"cluster","ph":"X","ts":135334,"dur":5,"pid":1,"tid":29,"args":{"level":"29","steps":"1","waitUs":"0"}},
{"name":"cluster 44","cat":"cluster","ph":"X","ts":135339,"dur":4,"pid":1,"tid":29,"args":{"level":"30","steps":"2","waitUs":"0"}},
{"name":"cluster 45","cat":"cluster","ph":"X","ts":135343,"dur":5,"pid":1,"tid":29,"args":{"level":"31","steps":"1","waitUs":"0"}},
{"name":"cluster 46","cat":"cluster","ph":"X","ts":135348,"dur":4,"pid":1,"tid":29,"args":{"level":"32","steps":"2","waitUs":"0"}},
{"name":"cluster 47","cat":"cluster","ph":"X","ts":135352,"dur":5,"pid":1,"tid":29,"args":{"level":"33","steps":"1","waitUs":"0"}},
{"name":"cluster 48","cat":"cluster","ph":"X","ts":135357,"dur":5,"pid":1,"tid":29,"args":{"level":"34","steps":"1","waitUs":"0"}},
{"name":"cluster 49","cat":"cluster","ph":"X","ts":135362,"dur":5,"pid":1,"tid":29,"args":{"level":"35","steps":"4","waitUs":"0"}},
{"name":"cluster 50","cat":"cluster","ph":"X","ts":135367,"dur":6,"pid":1,"tid":29,"args":{"level":"36","steps":"4","waitUs":"0"}},
{"name":"cluster 51","cat":"cluster","ph":"X","ts":135378,"dur":9,"pid":1,"tid":0,"args":{"level":"37","steps":"3","waitUs":"5"}},
{"name":"cluster 52","cat":"cluster","ph":"X","ts":135392,"dur":11,"pid":1,"tid":16,"args":{"level":"38","steps":"3","waitUs":"5"}},
{"name":"cluster 53","cat":"cluster","ph":"X","ts":135403,"dur":13,"pid":1,"tid":16,"args":{"level":"39","steps":"7","waitUs":"0"}},
{"name":"cluster 54","cat":"cluster","ph":"X","ts":135417,"dur":10,"pid":1,"tid":16,"args":{"level":"40","steps":"6","waitUs":"0"}},
{"name":"cluster 55","cat":"cluster","ph":"X","ts":135427,"dur":5,"pid":1,"tid":16,"args":{"level":"41","steps":"3","waitUs":"0"}},
{"name":"cluster 56","cat":"cluster","ph":"X","ts":135432,"dur":4,"pid":1,"tid":16,"args":{"level":"42","steps":"2","waitUs":"0"}},
{"name":"cluster 57","cat":"cluster","ph":"X","ts":135436,"dur":5,"pid":1,"tid":16,"args":{"level":"43","steps":"1","waitUs":"0"}},
{"name":"cluster 58","cat":"cluster","ph":"X","ts":135441,"dur":3,"pid":1,"tid":16,"args":{"level":"44","steps":"2","waitUs":"0"}},
{"name":"cluster 59","cat":"cluster","ph":"X","ts":135444,"dur":8,"pid":1,"tid":16,"args":{"level":"46","steps":"28","waitUs":"0"}},
{"name":"cluster 60","cat":"cluster","ph":"X","ts":135055,"dur":14,"pid":1,"tid":23,"args":{"level":"9","steps":"7","waitUs":"0"}},
{"name":"cluster 61","cat":"cluster","ph":"X","ts":135252,"dur":11,"pid":1,"tid":2,"args":{"level":"20","steps":"27","waitUs":"1"}},
{"name":"cluster 62","cat":"cluster","ph":"X","ts":135109,"dur":6,"pid":1,"tid":7,"args":{"level":"11","steps":"7","waitUs":"4"}},
{"name":"cluster 63","cat":"cluster","ph":"X","ts":135266,"dur":4,"pid":1,"tid":11,"args":{"level":"21","steps":"3","waitUs":"1"}},
{"name":"cluster 64","cat":"cluster","ph":"X","ts":135377,"dur":3,"pid":1,"tid":29,"args":{"level":"37","steps":"8","waitUs":"4"}},
{"name":"cluster 65","cat":"cluster","ph":"X","ts":135202,"dur":12,"pid":1,"tid":26,"args":{"level":"18","steps":"7","waitUs":"0"}},
{"name":"cluster 66","cat":"cluster","ph":"X","ts":135277,"dur":11,"pid":1,"tid":9,"args":{"level":"22","steps":"7","waitUs":"0"}},
{"name":"cluster 67","cat":"cluster","ph":"X","ts":135079,"dur":23,"pid":1,"tid":19,"args":{"level":"10","steps":"9","waitUs":"0"}},
{"name":"cluster 68","cat":"cluster","ph":"X","ts":135388,"dur":5,"pid":1,"tid":0,"args":{"level":"38","steps":"3","waitUs":"1"}},
{"name":"cluster 69","cat":"cluster","ph":"X","ts":135265,"dur":8,"pid":1,"tid":31,"args":{"level":"21","steps":"10","waitUs":"0"}},
{"name":"cluster 70","cat":"cluster","ph":"X","ts":135232,"dur":10,"pid":1,"tid":28,"args":{"level":"19","steps":"27","waitUs":"11"}},
{"name":"cluster 71","cat":"cluster","ph":"X","ts":135125,"dur":8,"pid":1,"tid":7,"args":{"level":"12","steps":"30","waitUs":"0"}},
{"name":"cluster 72","cat":"cluster","ph":"X","ts":135141,"dur":10,"pid":1,"tid":28,"args":{"level":"13","steps":"36","waitUs":"0"}},
{"name":"cluster 73","cat":"cluster","ph":"X","ts":135453,"dur":29,"pid":1,"tid":16,"args":{"level":"47","steps":"1","waitUs":"0"}},
{"name":"cluster 74","cat":"cluster","ph":"X","ts":135482,"dur":212,"pid":1,"tid":16,"args":{"level":"48","steps":"1","waitUs":"0"}},
{"name":"cluster 75","cat":"cluster","ph":"X","ts":135695,"dur":134,"pid":1,"tid":16,"args":{"level":"51","steps":"3","waitUs":"1"}},
{"name":"BakedPublish","cat":"baked","ph":"X","ts":136837,"dur":57,"pid":1,"tid":0},
{"name":"BakedEpilogue","cat":"baked","ph":"X","ts":135835,"dur":1066,"pid":1,"tid":0},
{"name":"Baked","cat":"baked","ph":"X","ts":134790,"dur":2111,"pid":1,"tid":0},
{"name":"Evaluate.Run","cat":"evaluate","ph":"X","ts":134790,"dur":2111,"pid":1,"tid":0},
{"name":"Evaluate@7","cat":"evaluate","ph":"X","ts":134788,"dur":2114,"pid":1,"tid":0},
{"name":"Evaluate.Settle","cat":"evaluate","ph":"X","ts":136994,"dur":0,"pid":1,"tid":0},
{"name":"Evaluate.PlaceOverrides","cat":"evaluate","ph":"X","ts":136994,"dur":0,"pid":1,"tid":0},
{"name":"PropertyChains","cat":"property","ph":"X","ts":136997,"dur":6,"pid":1,"tid":0},
{"name":"BakedInputs","cat":"baked","ph":"X","ts":137004,"dur":8,"pid":1,"tid":0},
{"name":"BakedChainBase","cat":"geometry","ph":"X","ts":137109,"dur":3,"pid":1,"tid":0},
{"name":"BakedPrologue","cat":"baked","ph":"X","ts":136996,"dur":116,"pid":1,"tid":0},
{"name":"BakedRegion","cat":"baked","ph":"X","ts":137113,"dur":1118,"pid":1,"tid":0},
{"name":"ComposeSubtree /Biped/Rig/Controls/arm_l_ik","cat":"step","ph":"X","ts":137141,"dur":1,"pid":1,"tid":0},
{"name":"ComposeSubtree /Biped/Rig/Controls/arm_l_pv","cat":"step","ph":"X","ts":137142,"dur":1,"pid":1,"tid":0},
{"name":"ComposeSubtree /Biped/Rig/Controls/hips_ctl","cat":"step","ph":"X","ts":137143,"dur":1,"pid":1,"tid":0},
{"name":"ComposeSubtree /Biped/Rig/Controls/hips_ctl/spine_root_pivot/spine_root_ctl/pelvis_l_ctl/leg_l_root/leg_l_fk_thigh_l_bind/leg_l_fk_knee_l_bind","cat":"step","ph":"X","ts":137183,"dur":1,"pid":1,"tid":16},
{"name":"ComposeSubtree /Biped/Rig/Controls/hips_ctl/spine_root_pivot/spine_root_ctl/pelvis_r_ctl","cat":"step","ph":"X","ts":137173,"dur":1,"pid":1,"tid":0},
{"name":"ComposeSubtree /Biped/Rig/Controls/hips_ctl/spine_root_pivot/spine_root_ctl/pelvis_r_ctl/leg_r_root/leg_r_fk_thigh_r_bind/leg_r_fk_knee_r_bind","cat":"step","ph":"X","ts":137205,"dur":1,"pid":1,"tid":24},
{"name":"ComposeSubtree /Biped/Rig/Controls/hips_ctl/torso_ctl","cat":"step","ph":"X","ts":137150,"dur":1,"pid":1,"tid":0},
{"name":"ComposeSubtree /Biped/Rig/Controls/hips_ctl/torso_ctl/spine_end_pivot/spine_end_ctl/clavicle_r_ctl","cat":"step","ph":"X","ts":137184,"dur":1,"pid":1,"tid":16},
{"name":"ComposeSubtree /Biped/Rig/Controls/hips_ctl/torso_ctl/spine_end_pivot/spine_end_ctl/clavicle_r_ctl/arm_r_root/arm_r_fk_shoulder_r_bind","cat":"step","ph":"X","ts":137206,"dur":1,"pid":1,"tid":24},
{"name":"ComposeSubtree /Biped/Rig/Controls/index_001_l_bind_fk_follow/index_001_l_bind_fk/index_002_l_bind_fk/index_003_l_bind_fk","cat":"step","ph":"X","ts":137174,"dur":1,"pid":1,"tid":0},
{"name":"ComposeSubtree /Biped/Rig/Controls/leg_l_ik/ankle_l_pivot/bankIn_l_pivot/bankOut_l_pivot/heel_l_roll/heel_l/ball_l_pivot","cat":"step","ph":"X","ts":137185,"dur":1,"pid":1,"tid":16},
{"name":"ComposeSubtree /Biped/Rig/Controls/leg_l_ik/ankle_l_pivot/bankIn_l_pivot/bankOut_l_pivot/heel_l_roll/heel_l/ball_l_pivot/toe_l_roll/toe_l/ballRoll_l_up/ballRoll_l_down","cat":"step","ph":"X","ts":137215,"dur":1,"pid":1,"tid":16},
{"name":"ComposeSubtree /Biped/Rig/Controls/leg_l_ik/ankle_l_pivot/bankIn_l_pivot/bankOut_l_pivot/heel_l_roll/heel_l/ball_l_pivot/toe_l_roll/toe_l/ballRoll_l_up/ballRoll_l_down/ballRoll_l/ankle_l_ikTarget","cat":"step","ph":"X","ts":137232,"dur":9,"pid":1,"tid":12},
{"name":"ComposeSubtree /Biped/Rig/Controls/leg_l_ik/ankle_l_pivot/bankIn_l_pivot/bankOut_l_pivot/heel_l_roll/heel_l/ball_l_pivot/toe_l_roll/toe_l/ballRoll_l_up/ballRoll_l_down_twin","cat":"step","ph":"X","ts":137216,"dur":1,"pid":1,"tid":16},
{"name":"ComposeSubtree /Biped/Rig/Controls/leg_l_ik/ankle_l_pivot/bankIn_l_pivot/bankOut_l_pivot/heel_l_roll/heel_l/ball_l_pivot/toe_l_roll/toe_l/toeBend_l/toeBend_l_fk","cat":"step","ph":"X","ts":137241,"dur":3,"pid":1,"tid":12},
{"name":"ComposeSubtree /Biped/Rig/Controls/leg_l_ik/ankle_l_pivot/bankIn_l_pivot/bankOut_l_pivot_twin","cat":"step","ph":"X","ts":137175,"dur":1,"pid":1,"tid":0},
{"name":"ComposeSubtree /Biped/Rig/Controls/leg_l_ik/ankle_l_pivot/bank_l","cat":"step","ph":"X","ts":137151,"dur":1,"pid":1,"tid":0},
{"name":"ComposeSubtree /Biped/Rig/Controls/leg_r_ik/ankle_r_pivot/bankIn_r_pivot/bankOut_r_pivot/heel_r_roll/heel_r/ball_r_pivot/toe_r_roll","cat":"step","ph":"X","ts":137208,"dur":1,"pid":1,"tid":24},
{"name":"ComposeSubtree /Biped/Rig/Controls/leg_r_ik/ankle_r_pivot/bankIn_r_pivot/bankOut_r_pivot/heel_r_roll/heel_r/ball_r_pivot/toe_r_roll/toe_r/ballRoll_r_up/ballRoll_r_down/ballRoll_r","cat":"step","ph":"X","ts":137244,"dur":3,"pid":1,"tid":12},
{"name":"ComposeSubtree /Biped/Rig/Controls/leg_r_ik/ankle_r_pivot/bankIn_r_pivot/bankOut_r_pivot/heel_r_roll/heel_r/ball_r_pivot/toe_r_roll/toe_r/ballRoll_r_up/ballRoll_r_down/ballRoll_r/ball_r_ikTarget","cat":"step","ph":"X","ts":137280,"dur":1,"pid":1,"tid":8},
{"name":"ComposeSubtree /Biped/Rig/Controls/leg_r_ik/ankle_r_pivot/bankIn_r_pivot/bankOut_r_pivot/heel_r_roll/heel_r/ball_r_pivot/toe_r_roll/toe_r/ballRoll_r_up_twin","cat":"step","ph":"X","ts":137217,"dur":1,"pid":1,"tid":16},
{"name":"ComposeSubtree /Biped/Rig/Controls/leg_r_ik/ankle_r_pivot/bankIn_r_pivot/bankOut_r_pivot/heel_r_roll/heel_r/ball_r_pivot/toe_r_roll/toe_r/toeBend_r/toeBend_r_fk","cat":"step","ph":"X","ts":137247,"dur":2,"pid":1,"tid":12},
{"name":"ComposeSubtree /Biped/Rig/Controls/leg_r_ik/ankle_r_pivot/bankIn_r_pivot/bankOut_r_pivot/heel_r_roll/heel_r/ball_r_pivot/toe_r_roll_twin","cat":"step","ph":"X","ts":137209,"dur":1,"pid":1,"tid":24},
{"name":"ComposeSubtree /Biped/Rig/Controls/leg_r_ik/ankle_r_pivot/bankIn_r_pivot/bankOut_r_pivot_twin","cat":"step","ph":"X","ts":137176,"dur":1,"pid":1,"tid":0},
{"name":"ComposeSubtree /Biped/Rig/Controls/leg_r_pv","cat":"step","ph":"X","ts":137145,"dur":1,"pid":1,"tid":0},
{"name":"ComposeSubtree /Biped/Rig/Controls/middle_001_r_bind_fk_follow/middle_001_r_bind_fk/middle_002_r_bind_fk","cat":"step","ph":"X","ts":137152,"dur":1,"pid":1,"tid":0},
{"name":"ComposeSubtree /Biped/Rig/Controls/middle_001_r_bind_fk_follow/middle_001_r_bind_fk/middle_002_r_bind_fk/middle_003_r_bind_fk","cat":"step","ph":"X","ts":137177,"dur":1,"pid":1,"tid":0},
{"name":"ComposeSubtree /Biped/Rig/Controls/pinkyCup_r_bind_fk_follow","cat":"step","ph":"X","ts":137146,"dur":1,"pid":1,"tid":0},
{"name":"ComposeSubtree /Biped/Rig/Controls/ring_001_r_bind_fk_follow/ring_001_r_bind_fk/ring_002_r_bind_fk/ring_003_r_bind_fk","cat":"step","ph":"X","ts":137178,"dur":1,"pid":1,"tid":0},
{"name":"ComposeSubtree /Biped/Rig/Controls/spine_mid_follow","cat":"step","ph":"X","ts":137147,"dur":1,"pid":1,"tid":0},
{"name":"ComposeSubtree /Biped/Rig/Controls/thumbCup_l_bind_fk_follow/thumbCup_l_bind_fk/thumb_001_l_bind_fk","cat":"step","ph":"X","ts":137153,"dur":1,"pid":1,"tid":0},
{"name":"ComposeSubtree /Biped/Rig/Joints/ankle_l_pivot","cat":"step","ph":"X","ts":137148,"dur":1,"pid":1,"tid":0},
{"name":"ComposeSubtree /Biped/Rig/Joints/ankle_l_pivot/bankIn_l_pivot/bankOut_l_pivot/heel_l_pivot/ball_l_pivot","cat":"step","ph":"X","ts":137179,"dur":1,"pid":1,"tid":0},
{"name":"ComposeSubtree /Biped/Rig/Joints/ankle_l_pivot/bankIn_l_pivot/bankOut_l_pivot/heel_l_pivot/ball_l_pivot/toe_l_pivot/ballRoll_l_pivot","cat":"step","ph":"X","ts":137186,"dur":1,"pid":1,"tid":16},
{"name":"ComposeSubtree /Biped/Rig/Joints/hips_bind/pelvis_l_bind/pelvis_trans_combo_l_driver","cat":"step","ph":"X","ts":137154,"dur":1,"pid":1,"tid":0},
{"name":"ComposeSubtree /Biped/Rig/Joints/hips_bind/pelvis_l_bind/pelvis_trans_l_bind/thigh_l_driver","cat":"step","ph":"X","ts":137164,"dur":1,"pid":1,"tid":0},
{"name":"ComposeSubtree /Biped/Rig/Joints/hips_bind/pelvis_l_bind/thigh_l_bind/knee_l_bind/ankle_l_bind/ball_l_bind","cat":"step","ph":"X","ts":137187,"dur":1,"pid":1,"tid":16},
{"name":"ComposeSubtree /Biped/Rig/Joints/hips_bind/pelvis_l_bind/thigh_l_bind/knee_l_bind/ankle_l_bind/ball_l_bind/toe2_001_l_bind/toe2_002_l_bind/toe2_003_l_bind","cat":"step","ph":"X","ts":137218,"dur":1,"pid":1,"tid":16},
{"name":"ComposeSubtree /Biped/Rig/Joints/hips_bind/pelvis_l_bind/thigh_l_bind/knee_l_bind/ankle_l_bind/ball_l_bind/toe3_001_l_bind","cat":"step","ph":"X","ts":137210,"dur":1,"pid":1,"tid":24},
{"name":"ComposeSubtree /Biped/Rig/Joints/hips_bind/pelvis_l_bind/thigh_l_bind/knee_l_bind/ankle_l_bind/ball_l_bind/toe5_001_l_bind","cat":"step","ph":"X","ts":137211,"dur":1,"pid":1,"tid":24},
{"name":"ComposeSubtree /Biped/Rig/Joints/hips_bind/pelvis_l_bind/thigh_l_bind/knee_l_bind/ankle_l_bind/ball_l_bind/toe5_001_l_bind/toe5_002_l_bind/toe5_003_l_bind","cat":"step","ph":"X","ts":137219,"dur":1,"pid":1,"tid":16},
{"name":"ComposeSubtree /Biped/Rig/Joints/hips_bind/pelvis_l_bind/thigh_l_bind/knee_l_bind/kneeTwist_l_bind","cat":"step","ph":"X","ts":137165,"dur":1,"pid":1,"tid":0},
{"name":"ComposeSubtree /Biped/Rig/Joints/hips_bind/pelvis_r_bind","cat":"step","ph":"X","ts":137155,"dur":1,"pid":1,"tid":0},
{"name":"ComposeSubtree /Biped/Rig/Joints/hips_bind/pelvis_r_bind/thigh_r_bind/knee_r_bind/ankleTwist_r_bind","cat":"step","ph":"X","ts":137188,"dur":1,"pid":1,"tid":16},
{"name":"ComposeSubtree /Biped/Rig/Joints/hips_bind/pelvis_r_bind/thigh_r_bind/knee_r_bind/ankle_r_bind/ball_r_bind/toe1_001_r_bind/toe1_002_r_bind/toe1_003_r_bind","cat":"step","ph":"X","ts":137249,"dur":3,"pid":1,"tid":12},
{"name":"ComposeSubtree /Biped/Rig/Joints/hips_bind/pelvis_r_bind/thigh_r_bind/knee_r_bind/ankle_r_bind/ball_r_bind/toe2_001_r_bind","cat":"step","ph":"X","ts":137220,"dur":1,"pid":1,"tid":16},
{"name":"ComposeSubtree /Biped/Rig/Joints/hips_bind/pelvis_r_bind/thigh_r_bind/knee_r_bind/ankle_r_bind/ball_r_bind/toe2_001_r_bind/toe2_002_r_bind/toe2_003_r_bind","cat":"step","ph":"X","ts":137252,"dur":3,"pid":1,"tid":12},
{"name":"ComposeSubtree /Biped/Rig/Joints/hips_bind/pelvis_r_bind/thigh_r_bind/knee_r_bind/ankle_r_bind/ball_r_bind/toe3_001_r_bind/toe3_002_r_bind/toe3_003_r_bind","cat":"step","ph":"X","ts":137255,"dur":2,"pid":1,"tid":12},
{"name":"ComposeSubtree /Biped/Rig/Joints/hips_bind/pelvis_r_bind/thigh_r_bind/knee_r_bind/ankle_r_bind/ball_r_bind/toe4_001_r_bind/toe4_002_r_bind/toe4_003_r_bind","cat":"step","ph":"X","ts":137258,"dur":2,"pid":1,"tid":12},
{"name":"ComposeSubtree /Biped/Rig/Joints/hips_bind/pelvis_r_bind/thigh_r_bind/knee_r_bind/ankle_r_bind/ball_r_bind/toe5_001_r_bind","cat":"step","ph":"X","ts":137221,"dur":1,"pid":1,"tid":16},
{"name":"ComposeSubtree /Biped/Rig/Joints/hips_bind/pelvis_r_bind/thigh_r_bind/knee_r_bind/ankle_r_bind/ball_r_bind/toe5_001_r_bind/toe5_002_r_bind/toe5_003_r_bind","cat":"step","ph":"X","ts":137260,"dur":3,"pid":1,"tid":12},
{"name":"ComposeSubtree /Biped/Rig/Joints/hips_bind/pelvis_r_bind/thigh_r_bind/knee_r_bind/kneeTwist_r_bind","cat":"step","ph":"X","ts":137189,"dur":1,"pid":1,"tid":16},
{"name":"ComposeSubtree /Biped/Rig/Joints/hips_bind/spine_0_bind","cat":"step","ph":"X","ts":137156,"dur":1,"pid":1,"tid":0},
{"name":"ComposeSubtree /Biped/Rig/Joints/hips_bind/spine_0_bind/spine_1_bind/spine_2_bind/spine_3_bind/spine_4_bind/spine_5_bind/chest_bind","cat":"step","ph":"X","ts":137212,"dur":1,"pid":1,"tid":24},
{"name":"ComposeSubtree /Biped/Rig/Joints/hips_bind/spine_0_bind/spine_1_bind/spine_2_bind/spine_3_bind/spine_4_bind/spine_5_bind/chest_bind/clavicle_l_bind/clavicle_trans_combo_l_driver","cat":"step","ph":"X","ts":137222,"dur":1,"pid":1,"tid":16},
{"name":"ComposeSubtree /Biped/Rig/Joints/hips_bind/spine_0_bind/spine_1_bind/spine_2_bind/spine_3_bind/spine_4_bind/spine_5_bind/chest_bind/clavicle_l_bind/clavicle_trans_l_bind/shoulder_l_driver","cat":"step","ph":"X","ts":137263,"dur":2,"pid":1,"tid":12},
{"name":"ComposeSubtree /Biped/Rig/Joints/hips_bind/spine_0_bind/spine_1_bind/spine_2_bind/spine_3_bind/spine_4_bind/spine_5_bind/chest_bind/clavicle_l_bind/shoulder_l_bind/elbow_l_bind/elbowTwist_l_bind","cat":"step","ph":"X","ts":137265,"dur":3,"pid":1,"tid":12},
{"name":"ComposeSubtree /Biped/Rig/Joints/hips_bind/spine_0_bind/spine_1_bind/spine_2_bind/spine_3_bind/spine_4_bind/spine_5_bind/chest_bind/clavicle_l_bind/shoulder_l_bind/elbow_l_bind/wristTwist_l_bind","cat":"step","ph":"X","ts":137268,"dur":2,"pid":1,"tid":12},
{"name":"ComposeSubtree /Biped/Rig/Joints/hips_bind/spine_0_bind/spine_1_bind/spine_2_bind/spine_3_bind/spine_4_bind/spine_5_bind/chest_bind/clavicle_l_bind/shoulder_l_bind/elbow_l_bind/wristTwist_l_driver","cat":"step","ph":"X","ts":137270,"dur":3,"pid":1,"tid":12},
{"name":"ComposeSubtree /Biped/Rig/Joints/hips_bind/spine_0_bind/spine_1_bind/spine_2_bind/spine_3_bind/spine_4_bind/spine_5_bind/chest_bind/clavicle_l_bind/shoulder_l_bind/elbow_l_bind/wrist_l_bind/index_001_l_bind","cat":"step","ph":"X","ts":137281,"dur":1,"pid":1,"tid":8},
{"name":"ComposeSubtree /Biped/Rig/Joints/hips_bind/spine_0_bind/spine_1_bind/spine_2_bind/spine_3_bind/spine_4_bind/spine_5_bind/chest_bind/clavicle_l_bind/shoulder_l_bind/elbow_l_bind/wrist_l_bind/index_001_l_bind/index_002_l_bind","cat":"step","ph":"X","ts":137290,"dur":2,"pid":1,"tid":9},
{"name":"ComposeSubtree /Biped/Rig/Joints/hips_bind/spine_0_bind/spine_1_bind/spine_2_bind/spine_3_bind/spine_4_bind/spine_5_bind/chest_bind/clavicle_l_bind/shoulder_l_bind/elbow_l_bind/wrist_l_bind/index_001_l_bind/index_002_l_bind/index_003_l_bind/index_004_l_bind","cat":"step","ph":"X","ts":137317,"dur":1,"pid":1,"tid":31},
{"name":"ComposeSubtree /Biped/Rig/Joints/hips_bind/spine_0_bind/spine_1_bind/spine_2_bind/spine_3_bind/spine_4_bind/spine_5_bind/chest_bind/clavicle_l_bind/shoulder_l_bind/elbow_l_bind/wrist_l_bind/middle_001_l_bind/middle_002_l_bind/middle_003_l_bind/middle_004_l_bind","cat":"step","ph":"X","ts":137318,"dur":1,"pid":1,"tid":31},
{"name":"ComposeSubtree /Biped/Rig/Joints/hips_bind/spine_0_bind/spine_1_bind/spine_2_bind/spine_3_bind/spine_4_bind/spine_5_bind/chest_bind/clavicle_l_bind/shoulder_l_bind/elbow_l_bind/wrist_l_bind/pinkyCup_l_bind/pinky_001_l_bind/pinky_002_combo_l_driver","cat":"step","ph":"X","ts":137292,"dur":1,"pid":1,"tid":9},
{"name":"ComposeSubtree /Biped/Rig/Joints/hips_bind/spine_0_bind/spine_1_bind/spine_2_bind/spine_3_bind/spine_4_bind/spine_5_bind/chest_bind/clavicle_l_bind/shoulder_l_bind/elbow_l_bind/wrist_l_bind/pinkyCup_l_bind/pinky_001_l_bind/pinky_002_l_bind/pinky_003_l_bind/pinky_004_l_bind","cat":"step","ph":"X","ts":137345,"dur":1,"pid":1,"tid":0},
{"name":"ComposeSubtree /Biped/Rig/Joints/hips_bind/spine_0_bind/spine_1_bind/spine_2_bind/spine_3_bind/spine_4_bind/spine_5_bind/chest_bind/clavicle_l_bind/shoulder_l_bind/elbow_l_bind/wrist_l_bind/ring_001_l_bind/ring_002_l_bind","cat":"step","ph":"X","ts":137293,"dur":1,"pid":1,"tid":9},
{"name":"ComposeSubtree /Biped/Rig/Joints/hips_bind/spine_0_bind/spine_1_bind/spine_2_bind/spine_3_bind/spine_4_bind/spine_5_bind/chest_bind/clavicle_l_bind/shoulder_l_bind/elbow_l_bind/wrist_l_bind/thumbCup_l_bind","cat":"step","ph":"X","ts":137283,"dur":1,"pid":1,"tid":8},
{"name":"ComposeSubtree /Biped/Rig/Joints/hips_bind/spine_0_bind/spine_1_bind/spine_2_bind/spine_3_bind/spine_4_bind/spine_5_bind/chest_bind/clavicle_l_bind/shoulder_l_bind/elbow_l_bind/wrist_l_bind/thumbCup_l_bind/thumb_001_l_bind/thumb_002_l_bind/thumb_003_l_bind","cat":"step","ph":"X","ts":137319,"dur":1,"pid":1,"tid":31},
{"name":"ComposeSubtree /Biped/Rig/Joints/hips_bind/spine_0_bind/spine_1_bind/spine_2_bind/spine_3_bind/spine_4_bind/spine_5_bind/chest_bind/clavicle_r_bind","cat":"step","ph":"X","ts":137223,"dur":1,"pid":1,"tid":16},
{"name":"ComposeSubtree /Biped/Rig/Joints/hips_bind/spine_0_bind/spine_1_bind/spine_2_bind/spine_3_bind/spine_4_bind/spine_5_bind/chest_bind/clavicle_r_bind/clavicle_trans_r_bind","cat":"step","ph":"X","ts":137273,"dur":1,"pid":1,"tid":12},
{"name":"ComposeSubtree /Biped/Rig/Joints/hips_bind/spine_0_bind/spine_1_bind/spine_2_bind/spine_3_bind/spine_4_bind/spine_5_bind/chest_bind/clavicle_r_bind/shoulderNoTwist_r_bind","cat":"step","ph":"X","ts":137274,"dur":2,"pid":1,"tid":12},
{"name":"ComposeSubtree /Biped/Rig/Joints/hips_bind/spine_0_bind/spine_1_bind/spine_2_bind/spine_3_bind/spine_4_bind/spine_5_bind/chest_bind/clavicle_r_bind/shoulder_r_bind/elbow_r_bind/elbowTwist_r_bind","cat":"step","ph":"X","ts":137284,"dur":1,"pid":1,"tid":8},
{"name":"ComposeSubtree /Biped/Rig/Joints/hips_bind/spine_0_bind/spine_1_bind/spine_2_bind/spine_3_bind/spine_4_bind/spine_5_bind/chest_bind/clavicle_r_bind/shoulder_r_bind/elbow_r_bind/wristTwist_r_driver","cat":"step","ph":"X","ts":137285,"dur":1,"pid":1,"tid":8},
{"name":"ComposeSubtree /Biped/Rig/Joints/hips_bind/spine_0_bind/spine_1_bind/spine_2_bind/spine_3_bind/spine_4_bind/spine_5_bind/chest_bind/clavicle_r_bind/shoulder_r_bind/elbow_r_bind/wrist_r_bind/index_001_r_bind","cat":"step","ph":"X","ts":137294,"dur":1,"pid":1,"tid":9},
{"name":"ComposeSubtree /Biped/Rig/Joints/hips_bind/spine_0_bind/spine_1_bind/spine_2_bind/spine_3_bind/spine_4_bind/spine_5_bind/chest_bind/clavicle_r_bind/shoulder_r_bind/elbow_r_bind/wrist_r_bind/index_001_r_bind/index_002_r_bind/index_003_r_bind/index_004_r_bind","cat":"step","ph":"X","ts":137346,"dur":1,"pid":1,"tid":0},
{"name":"ComposeSubtree /Biped/Rig/Joints/hips_bind/spine_0_bind/spine_1_bind/spine_2_bind/spine_3_bind/spine_4_bind/spine_5_bind/chest_bind/clavicle_r_bind/shoulder_r_bind/elbow_r_bind/wrist_r_bind/middle_001_r_bind/middle_002_r_bind","cat":"step","ph":"X","ts":137320,"dur":1,"pid":1,"tid":31},
{"name":"ComposeSubtree /Biped/Rig/Joints/hips_bind/spine_0_bind/spine_1_bind/spine_2_bind/spine_3_bind/spine_4_bind/spine_5_bind/chest_bind/clavicle_r_bind/shoulder_r_bind/elbow_r_bind/wrist_r_bind/pinkyCup_r_bind","cat":"step","ph":"X","ts":137295,"dur":1,"pid":1,"tid":9},
{"name":"ComposeSubtree /Biped/Rig/Joints/hips_bind/spine_0_bind/spine_1_bind/spine_2_bind/spine_3_bind/spine_4_bind/spine_5_bind/chest_bind/clavicle_r_bind/shoulder_r_bind/elbow_r_bind/wrist_r_bind/pinkyCup_r_bind/pinky_001_r_bind/pinky_002_r_bind/pinky_003_r_bind/pinky_004_r_bind","cat":"step","ph":"X","ts":137366,"dur":2,"pid":1,"tid":5},
{"name":"ComposeSubtree /Biped/Rig/Joints/hips_bind/spine_0_bind/spine_1_bind/spine_2_bind/spine_3_bind/spine_4_bind/spine_5_bind/chest_bind/clavicle_r_bind/shoulder_r_bind/elbow_r_bind/wrist_r_bind/ring_001_r_bind","cat":"step","ph":"X","ts":137296,"dur":1,"pid":1,"tid":9},
{"name":"ComposeSubtree /Biped/Rig/Joints/hips_bind/spine_0_bind/spine_1_bind/spine_2_bind/spine_3_bind/spine_4_bind/spine_5_bind/chest_bind/clavicle_r_bind/shoulder_r_bind/elbow_r_bind/wrist_r_bind/ring_001_r_bind/ring_002_r_bind","cat":"step","ph":"X","ts":137321,"dur":1,"pid":1,"tid":31},
{"name":"ComposeSubtree /Biped/Rig/Joints/hips_bind/spine_0_bind/spine_1_bind/spine_2_bind/spine_3_bind/spine_4_bind/spine_5_bind/chest_bind/clavicle_r_bind/shoulder_r_bind/elbow_r_bind/wrist_r_bind/ring_001_r_bind/ring_002_r_bind/ring_003_r_bind/ring_004_r_bind","cat":"step","ph":"X","ts":137347,"dur":1,"pid":1,"tid":0},
{"name":"ComposeSubtree /Biped/Rig/Joints/hips_bind/spine_0_bind/spine_1_bind/spine_2_bind/spine_3_bind/spine_4_bind/spine_5_bind/chest_bind/neck_base_bind/neck_0_bind/neck_1_bind","cat":"step","ph":"X","ts":137226,"dur":1,"pid":1,"tid":16},
{"name":"ComposeSubtree /Biped/Rig/Joints/hips_bind/spine_0_bind/spine_1_bind/spine_2_bind/spine_3_bind/spine_4_bind/spine_5_bind/chest_bind/neck_base_bind/neck_0_bind/neck_1_bind/neck_2_bind/neck_3_bind/skull_bind/face_lower_bind","cat":"step","ph":"X","ts":137297,"dur":1,"pid":1,"tid":9},
{"name":"ComposeSubtree /Biped/Rig/Joints/hips_bind/spine_0_bind/spine_1_bind/spine_2_bind/spine_3_bind/spine_4_bind/spine_5_bind/chest_bind/neck_base_bind/neck_0_bind/neck_1_bind/neck_2_bind/neck_3_bind/skull_bind/face_lower_bind/face_mid_bind/teeth_upper_bind","cat":"step","ph":"X","ts":137322,"dur":1,"pid":1,"tid":31},
{"name":"ComposeSubtree /Biped/Rig/Joints/hips_bind/spine_0_bind/spine_1_bind/spine_2_bind/spine_3_bind/spine_4_bind/spine_5_bind/chest_bind/neck_base_bind/neck_0_bind/neck_1_bind/neck_2_bind/neck_3_bind/skull_bind/face_lower_bind/jaw_bind/jaw_end","cat":"step","ph":"X","ts":137348,"dur":1,"pid":1,"tid":0},
{"name":"ComposeSubtree /Biped/Rig/Joints/hips_bind/spine_0_bind/spine_1_bind/spine_2_bind/spine_3_bind/spine_4_bind/spine_5_bind/chest_bind/neck_base_bind/neck_0_bind/neck_1_bind/neck_2_bind/neck_3_bind/skull_bind/face_lower_bind/jaw_bind/tongue_0_bind/tongue_1_bind/tongue_2_bind/tongue_3_bind","cat":"step","ph":"X","ts":137386,"dur":1,"pid":1,"tid":12},
{"name":"ComposeSubtree /Biped/Rig/Joints/hips_bind/spine_0_bind/spine_1_bind/spine_2_bind/spine_3_bind/spine_4_bind/spine_5_bind/chest_bind/neck_base_bind/neck_0_bind/neck_1_bind/neck_2_bind/neck_3_bind/skull_bind/face_upper_bind/eyeSocket_r_bind","cat":"step","ph":"X","ts":137323,"dur":1,"pid":1,"tid":31},
{"name":"ComposeSubtree /Biped/Rig/Joints/hips_bind/spine_0_bind/spine_1_bind/spine_2_bind/spine_3_bind/spine_4_bind/spine_5_bind/chest_bind/neck_base_bind/neck_0_bind/neck_1_bind/neck_2_bind/neck_3_bind/skull_bind/face_upper_bind/head_tip_bind/brow_inner_r_bind","cat":"step","ph":"X","ts":137349,"dur":3,"pid":1,"tid":0},
{"name":"ComposeSubtree /Biped/Rig/Joints/neck_ik_neck_0_bind/neck_ik_neck_1_bind","cat":"step","ph":"X","ts":137368,"dur":1,"pid":1,"tid":5},
{"name":"ComposeSubtree /Biped/Rig/Joints/neck_ik_neck_0_bind/neck_ik_neck_1_bind/neck_ik_neck_2_bind/neck_ik_neck_3_bind","cat":"step","ph":"X","ts":137387,"dur":1,"pid":1,"tid":12},
{"name":"ComposeSubtree /Biped/Rig/Joints/pupilCenter_l_pivot","cat":"step","ph":"X","ts":137149,"dur":1,"pid":1,"tid":0},
{"name":"ComposeSubtree /Biped/Rig/Joints/spine_ik_spine_0_bind/spine_ik_spine_1_bind/spine_ik_spine_2_bind/spine_ik_spine_3_bind/spine_ik_spine_4_bind","cat":"step","ph":"X","ts":137167,"dur":1,"pid":1,"tid":0},
{"name":"ComposeSubtree /Biped/Rig/Joints/spine_ik_spine_0_bind/spine_ik_spine_1_bind/spine_ik_spine_2_bind/spine_ik_spine_3_bind/spine_ik_spine_4_bind/spine_ik_spine_5_bind","cat":"step","ph":"X","ts":137190,"dur":1,"pid":1,"tid":16},
{"name":"Solve /Biped/Rig/Solvers/arm_l_fkChain","cat":"step","ph":"X","ts":137224,"dur":1,"pid":1,"tid":16},
{"name":"Solve /Biped/Rig/Solvers/arm_l_twoBoneIk","cat":"step","ph":"X","ts":137213,"dur":1,"pid":1,"tid":24},
{"name":"SolverCommit batch 1","cat":"step","ph":"X","ts":137214,"dur":1,"pid":1,"tid":24},
{"name":"SolverCommit batch 2","cat":"step","ph":"X","ts":137286,"dur":1,"pid":1,"tid":8},
{"name":"Solve /Biped/Rig/Solvers/arm_r_twoBoneIk","cat":"step","ph":"X","ts":137201,"dur":1,"pid":1,"tid":16},
{"name":"Solve /Biped/Rig/Solvers/leg_l_fkChain","cat":"step","ph":"X","ts":137202,"dur":1,"pid":1,"tid":16},
{"name":"Solve /Biped/Rig/Solvers/leg_r_fkChain","cat":"step","ph":"X","ts":137215,"dur":2,"pid":1,"tid":24},
{"name":"Solve /Biped/Rig/Solvers/neck_splineIk","cat":"step","ph":"X","ts":137217,"dur":7,"pid":1,"tid":24},
{"name":"SolverCommit batch 6","cat":"step","ph":"X","ts":137401,"dur":1,"pid":1,"tid":12},
{"name":"Solve /Biped/Rig/Solvers/spine_splineIk","cat":"step","ph":"X","ts":137191,"dur":10,"pid":1,"tid":16},
{"name":"SolverCommit batch 7","cat":"step","ph":"X","ts":137203,"dur":1,"pid":1,"tid":16},
{"name":"Solve /Biped/Rig/Solvers/arm_r_ikfk","cat":"step","ph":"X","ts":137287,"dur":1,"pid":1,"tid":8},
{"name":"SolverCommit batch 8","cat":"step","ph":"X","ts":137298,"dur":3,"pid":1,"tid":9},
{"name":"SolverCommit batch 9","cat":"step","ph":"X","ts":137277,"dur":4,"pid":1,"tid":12},
{"name":"Constraint /Biped/Rig/Movers/spine_mid_follow/spine_mid_follow_pos","cat":"step","ph":"X","ts":137180,"dur":4,"pid":1,"tid":0},
{"name":"Solve /Biped/Rig/Solvers/fk_thumb_r","cat":"step","ph":"X","ts":137324,"dur":3,"pid":1,"tid":31},
{"name":"SolverCommit batch 11","cat":"step","ph":"X","ts":137369,"dur":1,"pid":1,"tid":5},
{"name":"Solve /Biped/Rig/Solvers/fk_ring_r","cat":"step","ph":"X","ts":137325,"dur":3,"pid":1,"tid":29},
{"name":"SolverCommit batch 12","cat":"step","ph":"X","ts":137371,"dur":1,"pid":1,"tid":5},
{"name":"Solve /Biped/Rig/Solvers/fk_pinky_r","cat":"step","ph":"X","ts":137328,"dur":1,"pid":1,"tid":29},
{"name":"SolverCommit batch 13","cat":"step","ph":"X","ts":137388,"dur":2,"pid":1,"tid":12},
{"name":"Solve /Biped/Rig/Solvers/fk_middle_r","cat":"step","ph":"X","ts":137329,"dur":1,"pid":1,"tid":29},
{"name":"SolverCommit batch 14","cat":"step","ph":"X","ts":137372,"dur":1,"pid":1,"tid":5},
{"name":"Solve /Biped/Rig/Solvers/fk_index_r","cat":"step","ph":"X","ts":137326,"dur":2,"pid":1,"tid":10},
{"name":"SolverCommit batch 15","cat":"step","ph":"X","ts":137373,"dur":1,"pid":1,"tid":5},
{"name":"Solve /Biped/Rig/Solvers/fk_thumb_l","cat":"step","ph":"X","ts":137301,"dur":4,"pid":1,"tid":9},
{"name":"SolverCommit batch 16","cat":"step","ph":"X","ts":137352,"dur":6,"pid":1,"tid":0},
{"name":"Solve /Biped/Rig/Solvers/fk_ring_l","cat":"step","ph":"X","ts":137305,"dur":1,"pid":1,"tid":9},
{"name":"SolverCommit batch 17","cat":"step","ph":"X","ts":137358,"dur":1,"pid":1,"tid":0},
{"name":"Solve /Biped/Rig/Solvers/fk_pinky_l","cat":"step","ph":"X","ts":137293,"dur":17,"pid":1,"tid":13},
{"name":"SolverCommit batch 18","cat":"step","ph":"X","ts":137374,"dur":1,"pid":1,"tid":5},
{"name":"Solve /Biped/Rig/Solvers/fk_middle_l","cat":"step","ph":"X","ts":137310,"dur":9,"pid":1,"tid":13},
{"name":"SolverCommit batch 19","cat":"step","ph":"X","ts":137359,"dur":1,"pid":1,"tid":0},
{"name":"Solve /Biped/Rig/Solvers/fk_index_l","cat":"step","ph":"X","ts":137319,"dur":8,"pid":1,"tid":13},
{"name":"Constraint /Biped/Rig/Movers/spine_mid_follow/spine_mid_follow_aim","cat":"step","ph":"X","ts":137204,"dur":4,"pid":1,"tid":16},
{"name":"Constraint /Biped/Rig/Movers/hand_r_follow/thumbCup_r_bind_fk_follow_to_wrist_r_bind","cat":"step","ph":"X","ts":137328,"dur":5,"pid":1,"tid":10},
{"name":"Constraint /Biped/Rig/Movers/hand_r_follow/ring_001_r_bind_fk_follow_to_wrist_r_bind","cat":"step","ph":"X","ts":137333,"dur":3,"pid":1,"tid":10},
{"name":"Constraint /Biped/Rig/Movers/hand_r_follow/pinkyCup_r_bind_fk_follow_to_wrist_r_bind","cat":"step","ph":"X","ts":137333,"dur":5,"pid":1,"tid":0},
{"name":"Constraint /Biped/Rig/Movers/hand_r_follow/middle_001_r_bind_fk_follow_to_wrist_r_bind","cat":"step","ph":"X","ts":137338,"dur":3,"pid":1,"tid":0},
{"name":"Constraint /Biped/Rig/Movers/hand_r_follow/index_001_r_bind_fk_follow_to_wrist_r_bind","cat":"step","ph":"X","ts":137341,"dur":2,"pid":1,"tid":0},
{"name":"Constraint /Biped/Rig/Movers/hand_l_follow/thumbCup_l_bind_fk_follow_to_wrist_l_bind","cat":"step","ph":"X","ts":137290,"dur":7,"pid":1,"tid":30},
{"name":"Constraint /Biped/Rig/Movers/hand_l_follow/ring_001_l_bind_fk_follow_to_wrist_l_bind","cat":"step","ph":"X","ts":137297,"dur":4,"pid":1,"tid":30},
{"name":"Constraint /Biped/Rig/Movers/hand_l_follow/pinkyCup_l_bind_fk_follow_to_wrist_l_bind","cat":"step","ph":"X","ts":137301,"dur":4,"pid":1,"tid":30},
{"name":"Constraint /Biped/Rig/Movers/hand_l_follow/middle_001_l_bind_fk_follow_to_wrist_l_bind","cat":"step","ph":"X","ts":137288,"dur":7,"pid":1,"tid":8},
{"name":"Constraint /Biped/Rig/Movers/hand_l_follow/index_001_l_bind_fk_follow_to_wrist_l_bind","cat":"step","ph":"X","ts":137295,"dur":3,"pid":1,"tid":8},
{"name":"Constraint /Biped/Rig/Movers/bankIn_r_pivot_rc/bankIn_r_pivot_rotation","cat":"step","ph":"X","ts":137298,"dur":4,"pid":1,"tid":8},
{"name":"Constraint /Biped/Rig/Movers/bankOut_r_pivot_rc/bankOut_r_pivot_rotation","cat":"step","ph":"X","ts":137343,"dur":2,"pid":1,"tid":0},
{"name":"Constraint /Biped/Rig/Movers/heel_r_roll_rc/heel_r_roll_rotation","cat":"step","ph":"X","ts":137360,"dur":1,"pid":1,"tid":0},
{"name":"Constraint /Biped/Rig/Movers/toe_r_roll_rc/toe_r_roll_rotation","cat":"step","ph":"X","ts":137375,"dur":4,"pid":1,"tid":5},
{"name":"Constraint /Biped/Rig/Movers/ballRoll_r_up_rc/ballRoll_r_up_rotation","cat":"step","ph":"X","ts":137390,"dur":3,"pid":1,"tid":12},
{"name":"Constraint /Biped/Rig/Movers/ballRoll_r_down_rc/ballRoll_r_down_rotation","cat":"step","ph":"X","ts":137402,"dur":2,"pid":1,"tid":12},
{"name":"Solve /Biped/Rig/Solvers/leg_r_ikfk","cat":"step","ph":"X","ts":137418,"dur":1,"pid":1,"tid":12},
{"name":"SolverCommit batch 39","cat":"step","ph":"X","ts":137427,"dur":6,"pid":1,"tid":12},
{"name":"Constraint /Biped/Rig/Movers/ankle_r_bind_scAim/ankle_r_bind_aim","cat":"step","ph":"X","ts":137453,"dur":8,"pid":1,"tid":9},
{"name":"Constraint /Biped/Rig/Movers/ball_r_bind_scAim/ball_r_bind_aim","cat":"step","ph":"X","ts":137476,"dur":10,"pid":1,"tid":15},
{"name":"Constraint /Biped/Rig/Movers/bankIn_l_pivot_rc/bankIn_l_pivot_rotation","cat":"step","ph":"X","ts":137281,"dur":6,"pid":1,"tid":12},
{"name":"Constraint /Biped/Rig/Movers/bankOut_l_pivot_rc/bankOut_l_pivot_rotation","cat":"step","ph":"X","ts":137302,"dur":2,"pid":1,"tid":8},
{"name":"Constraint /Biped/Rig/Movers/heel_l_roll_rc/heel_l_roll_rotation","cat":"step","ph":"X","ts":137334,"dur":4,"pid":1,"tid":9},
{"name":"Constraint /Biped/Rig/Movers/toe_l_roll_rc/toe_l_roll_rotation","cat":"step","ph":"X","ts":137347,"dur":12,"pid":1,"tid":27},
{"name":"Constraint /Biped/Rig/Movers/ballRoll_l_up_rc/ballRoll_l_up_rotation","cat":"step","ph":"X","ts":137379,"dur":2,"pid":1,"tid":5},
{"name":"Constraint /Biped/Rig/Movers/ballRoll_l_down_rc/ballRoll_l_down_rotation","cat":"step","ph":"X","ts":137393,"dur":2,"pid":1,"tid":12},
{"name":"Solve /Biped/Rig/Solvers/leg_l_twoBoneIk","cat":"step","ph":"X","ts":137404,"dur":1,"pid":1,"tid":12},
{"name":"Solve /Biped/Rig/Solvers/leg_l_ikfk","cat":"step","ph":"X","ts":137414,"dur":1,"pid":1,"tid":12},
{"name":"SolverCommit batch 49","cat":"step","ph":"X","ts":137419,"dur":5,"pid":1,"tid":12},
{"name":"Constraint /Biped/Rig/Movers/ankle_l_bind_scAim/ankle_l_bind_aim","cat":"step","ph":"X","ts":137433,"dur":6,"pid":1,"tid":12},
{"name":"Constraint /Biped/Rig/Movers/ball_l_bind_scAim/ball_l_bind_aim","cat":"step","ph":"X","ts":137461,"dur":4,"pid":1,"tid":9},
{"name":"Constraint /Biped/Rig/Movers/hips_follow/spine_root_ctl_drives_hips_bind","cat":"step","ph":"X","ts":137168,"dur":4,"pid":1,"tid":0},
{"name":"CommitDelta /Biped/Rig/Movers/hips_follow/spine_root_ctl_drives_hips_bind","cat":"step","ph":"X","ts":137184,"dur":1,"pid":1,"tid":0},
{"name":"PropagateChunk /Biped/Rig/Movers/hips_follow/spine_root_ctl_drives_hips_bind","cat":"step","ph":"X","ts":137405,"dur":6,"pid":1,"tid":12},
{"name":"CommitApply /Biped/Rig/Movers/hips_follow/spine_root_ctl_drives_hips_bind","cat":"step","ph":"X","ts":137415,"dur":2,"pid":1,"tid":12},
{"name":"Constraint /Biped/Rig/Movers/hips_follow/spine_root_ctl_scales_hips_bind","cat":"step","ph":"X","ts":137425,"dur":2,"pid":1,"tid":12},
{"name":"PropagateChunk /Biped/Rig/Movers/hips_follow/spine_root_ctl_scales_hips_bind","cat":"step","ph":"X","ts":137465,"dur":4,"pid":1,"tid":9},
{"name":"CommitApply /Biped/Rig/Movers/hips_follow/spine_root_ctl_scales_hips_bind","cat":"step","ph":"X","ts":137486,"dur":1,"pid":1,"tid":15},
{"name":"Constraint /Biped/Rig/Movers/spine_to_bind/spine_ik_spine_0_bind_scale_to_spine_0_bind","cat":"step","ph":"X","ts":137501,"dur":7,"pid":1,"tid":18},
{"name":"Constraint /Biped/Rig/Movers/spine_to_bind/spine_ik_spine_0_bind_to_spine_0_bind","cat":"step","ph":"X","ts":137517,"dur":13,"pid":1,"tid":24},
{"name":"Constraint /Biped/Rig/Movers/spine_to_bind/spine_ik_spine_1_bind_scale_to_spine_1_bind","cat":"step","ph":"X","ts":137534,"dur":6,"pid":1,"tid":16},
{"name":"Constraint /Biped/Rig/Movers/spine_to_bind/spine_ik_spine_1_bind_to_spine_1_bind","cat":"step","ph":"X","ts":137548,"dur":6,"pid":1,"tid":16},
{"name":"Constraint /Biped/Rig/Movers/spine_to_bind/spine_ik_spine_2_bind_scale_to_spine_2_bind","cat":"step","ph":"X","ts":137562,"dur":5,"pid":1,"tid":16},
{"name":"Constraint /Biped/Rig/Movers/spine_to_bind/spine_ik_spine_2_bind_to_spine_2_bind","cat":"step","ph":"X","ts":137572,"dur":6,"pid":1,"tid":16},
{"name":"Constraint /Biped/Rig/Movers/spine_to_bind/spine_ik_spine_3_bind_scale_to_spine_3_bind","cat":"step","ph":"X","ts":137578,"dur":4,"pid":1,"tid":16},
{"name":"Constraint /Biped/Rig/Movers/spine_to_bind/spine_ik_spine_3_bind_to_spine_3_bind","cat":"step","ph":"X","ts":137582,"dur":6,"pid":1,"tid":16},
{"name":"Constraint /Biped/Rig/Movers/spine_to_bind/spine_ik_spine_4_bind_scale_to_spine_4_bind","cat":"step","ph":"X","ts":137588,"dur":4,"pid":1,"tid":16},
{"name":"Constraint /Biped/Rig/Movers/spine_to_bind/spine_ik_spine_4_bind_to_spine_4_bind","cat":"step","ph":"X","ts":137592,"dur":5,"pid":1,"tid":16},
{"name":"Constraint /Biped/Rig/Movers/spine_to_bind/spine_ik_spine_5_bind_scale_to_spine_5_bind","cat":"step","ph":"X","ts":137597,"dur":4,"pid":1,"tid":16},
{"name":"Constraint /Biped/Rig/Movers/spine_to_bind/spine_ik_spine_5_bind_to_spine_5_bind","cat":"step","ph":"X","ts":137601,"dur":5,"pid":1,"tid":16},
{"name":"Constraint /Biped/Rig/Movers/spine_to_bind/spine_ik_chest_bind_scale_to_chest_bind","cat":"step","ph":"X","ts":137606,"dur":4,"pid":1,"tid":16},
{"name":"Constraint /Biped/Rig/Movers/spine_to_bind/spine_ik_chest_bind_to_chest_bind","cat":"step","ph":"X","ts":137610,"dur":5,"pid":1,"tid":16},
{"name":"Constraint /Biped/Rig/Movers/girdles/spine_end_ctl_drives_chest_bind","cat":"step","ph":"X","ts":137615,"dur":5,"pid":1,"tid":16},
{"name":"Constraint /Biped/Rig/Movers/girdles/pelvis_r_ctl_drives_pelvis_r_bind","cat":"step","ph":"X","ts":137508,"dur":2,"pid":1,"tid":18},
{"name":"Constraint /Biped/Rig/Movers/girdles/pelvis_l_ctl_drives_pelvis_l_bind","cat":"step","ph":"X","ts":137510,"dur":1,"pid":1,"tid":18},
{"name":"Constraint /Biped/Rig/Movers/girdles/clavicle_r_ctl_drives_clavicle_r_bind","cat":"step","ph":"X","ts":137620,"dur":1,"pid":1,"tid":16},
{"name":"Constraint /Biped/Rig/Movers/girdles/clavicle_l_ctl_drives_clavicle_l_bind","cat":"step","ph":"X","ts":137621,"dur":1,"pid":1,"tid":16},
{"name":"Constraint /Biped/Rig/Movers/girdles/spine_end_ctl_unsquashes_neck_base_bind","cat":"step","ph":"X","ts":137622,"dur":3,"pid":1,"tid":16},
{"name":"Constraint /Biped/Rig/Movers/girdles/clavicle_r_ctl_unsquashes_clavicle_r_bind","cat":"step","ph":"X","ts":137626,"dur":1,"pid":1,"tid":16},
{"name":"Constraint /Biped/Rig/Movers/girdles/clavicle_l_ctl_unsquashes_clavicle_l_bind","cat":"step","ph":"X","ts":137627,"dur":2,"pid":1,"tid":16},
{"name":"Constraint /Biped/Rig/Movers/neck_to_bind/neck_ik_neck_0_bind_scale_to_neck_0_bind","cat":"step","ph":"X","ts":137629,"dur":3,"pid":1,"tid":16},
{"name":"Constraint /Biped/Rig/Movers/neck_to_bind/neck_ik_neck_0_bind_to_neck_0_bind","cat":"step","ph":"X","ts":137639,"dur":4,"pid":1,"tid":16},
{"name":"Constraint /Biped/Rig/Movers/neck_to_bind/neck_ik_neck_1_bind_scale_to_neck_1_bind","cat":"step","ph":"X","ts":137650,"dur":3,"pid":1,"tid":16},
{"name":"Constraint /Biped/Rig/Movers/neck_to_bind/neck_ik_neck_1_bind_to_neck_1_bind","cat":"step","ph":"X","ts":137657,"dur":5,"pid":1,"tid":16},
{"name":"Constraint /Biped/Rig/Movers/neck_to_bind/neck_ik_neck_2_bind_scale_to_neck_2_bind","cat":"step","ph":"X","ts":137669,"dur":3,"pid":1,"tid":16},
{"name":"Constraint /Biped/Rig/Movers/neck_to_bind/neck_ik_neck_2_bind_to_neck_2_bind","cat":"step","ph":"X","ts":137679,"dur":4,"pid":1,"tid":16},
{"name":"Constraint /Biped/Rig/Movers/neck_to_bind/neck_ik_neck_3_bind_scale_to_neck_3_bind","cat":"step","ph":"X","ts":137683,"dur":3,"pid":1,"tid":16},
{"name":"Constraint /Biped/Rig/Movers/neck_to_bind/neck_ik_neck_3_bind_to_neck_3_bind","cat":"step","ph":"X","ts":137687,"dur":4,"pid":1,"tid":16},
{"name":"Constraint /Biped/Rig/Movers/neck_to_bind/neck_ik_skull_bind_scale_to_skull_bind","cat":"step","ph":"X","ts":137691,"dur":3,"pid":1,"tid":16},
{"name":"Constraint /Biped/Rig/Movers/neck_to_bind/neck_ik_skull_bind_to_skull_bind","cat":"step","ph":"X","ts":137694,"dur":4,"pid":1,"tid":16},
{"name":"Constraint /Biped/Rig/Movers/twist_aims/wristTwist_r_bind_copy","cat":"step","ph":"X","ts":137338,"dur":4,"pid":1,"tid":9},
{"name":"Constraint /Biped/Rig/Movers/twist_aims/wristTwist_r_bind_aim","cat":"step","ph":"X","ts":137359,"dur":5,"pid":1,"tid":27},
{"name":"Constraint /Biped/Rig/Movers/twist_aims/wristTwist_l_bind_copy","cat":"step","ph":"X","ts":137288,"dur":7,"pid":1,"tid":12},
{"name":"Constraint /Biped/Rig/Movers/twist_aims/wristTwist_l_bind_aim","cat":"step","ph":"X","ts":137342,"dur":4,"pid":1,"tid":9},
{"name":"Constraint /Biped/Rig/Movers/twist_aims/ankleTwist_r_bind_copy","cat":"step","ph":"X","ts":137487,"dur":4,"pid":1,"tid":15},
{"name":"Constraint /Biped/Rig/Movers/twist_aims/ankleTwist_r_bind_aim","cat":"step","ph":"X","ts":137511,"dur":3,"pid":1,"tid":18},
{"name":"Constraint /Biped/Rig/Movers/twist_aims/ankleTwist_l_bind_copy","cat":"step","ph":"X","ts":137469,"dur":3,"pid":1,"tid":9},
{"name":"Constraint /Biped/Rig/Movers/twist_aims/ankleTwist_l_bind_aim","cat":"step","ph":"X","ts":137491,"dur":4,"pid":1,"tid":15},
{"name":"Constraint /Biped/Rig/Movers/twist_aims/ankleTwist_r_bind_follows_ankle_r_bind","cat":"step","ph":"X","ts":137530,"dur":2,"pid":1,"tid":24},
{"name":"Constraint /Biped/Rig/Movers/twist_aims/ankleTwist_l_bind_follows_ankle_l_bind","cat":"step","ph":"X","ts":137500,"dur":1,"pid":1,"tid":15},
{"name":"Constraint /Biped/Rig/Movers/twist_aims/wristTwist_r_bind_follows_wrist_r_bind","cat":"step","ph":"X","ts":137382,"dur":2,"pid":1,"tid":5},
{"name":"Constraint /Biped/Rig/Movers/twist_aims/wristTwist_l_bind_follows_wrist_l_bind","cat":"step","ph":"X","ts":137346,"dur":2,"pid":1,"tid":9},
{"name":"Constraint /Biped/Rig/Movers/twist_aims/thighNoTwist_r_bind_follows_thigh_r_bind","cat":"step","ph":"X","ts":137532,"dur":1,"pid":1,"tid":24},
{"name":"Constraint /Biped/Rig/Movers/twist_aims/thighNoTwist_l_bind_follows_thigh_l_bind","cat":"step","ph":"X","ts":137517,"dur":2,"pid":1,"tid":16},
{"name":"Constraint /Biped/Rig/Movers/twist_aims/shoulderNoTwist_r_bind_follows_shoulder_r_bind","cat":"step","ph":"X","ts":137643,"dur":1,"pid":1,"tid":16},
{"name":"Constraint /Biped/Rig/Movers/twist_aims/pelvis_trans_r_bind_follows_thigh_r_bind","cat":"step","ph":"X","ts":137519,"dur":1,"pid":1,"tid":16},
{"name":"Constraint /Biped/Rig/Movers/twist_aims/pelvis_trans_l_bind_follows_thigh_l_bind","cat":"step","ph":"X","ts":137520,"dur":1,"pid":1,"tid":16},
{"name":"Constraint /Biped/Rig/Movers/twist_aims/clavicle_trans_r_bind_follows_shoulder_r_bind","cat":"step","ph":"X","ts":137636,"dur":1,"pid":1,"tid":16},
{"name":"Constraint /Biped/Rig/Movers/twist_aims/pelvis_trans_r_bind_aim","cat":"step","ph":"X","ts":137540,"dur":3,"pid":1,"tid":16},
{"name":"Constraint /Biped/Rig/Movers/twist_aims/pelvis_trans_l_bind_aim","cat":"step","ph":"X","ts":137543,"dur":2,"pid":1,"tid":16},
{"name":"Constraint /Biped/Rig/Movers/twist_aims/kneeTwist_r_bind_aim","cat":"step","ph":"X","ts":137451,"dur":3,"pid":1,"tid":12},
{"name":"Constraint /Biped/Rig/Movers/twist_aims/kneeTwist_l_bind_aim","cat":"step","ph":"X","ts":137440,"dur":3,"pid":1,"tid":12},
{"name":"Constraint /Biped/Rig/Movers/twist_aims/thighNoTwist_r_bind_aim","cat":"step","ph":"X","ts":137545,"dur":3,"pid":1,"tid":16},
{"name":"Constraint /Biped/Rig/Movers/twist_aims/thighNoTwist_l_bind_aim","cat":"step","ph":"X","ts":137534,"dur":4,"pid":1,"tid":24},
{"name":"Constraint /Biped/Rig/Movers/twist_aims/clavicle_trans_r_bind_aim","cat":"step","ph":"X","ts":137653,"dur":2,"pid":1,"tid":16},
{"name":"Constraint /Biped/Rig/Movers/twist_aims/clavicle_trans_l_bind_aim","cat":"step","ph":"X","ts":137655,"dur":2,"pid":1,"tid":16},
{"name":"Constraint /Biped/Rig/Movers/twist_aims/elbowTwist_r_bind_aim","cat":"step","ph":"X","ts":137317,"dur":6,"pid":1,"tid":9},
{"name":"Constraint /Biped/Rig/Movers/twist_aims/elbowTwist_l_bind_aim","cat":"step","ph":"X","ts":137295,"dur":4,"pid":1,"tid":12},
{"name":"Constraint /Biped/Rig/Movers/twist_aims/shoulderNoTwist_r_bind_aim","cat":"step","ph":"X","ts":137645,"dur":2,"pid":1,"tid":16},
{"name":"Constraint /Biped/Rig/Movers/twist_aims/shoulderNoTwist_l_bind_aim","cat":"step","ph":"X","ts":137647,"dur":2,"pid":1,"tid":16},
{"name":"Constraint /Biped/Rig/Movers/pose_drivers/thigh_r_driver_copies_thigh_r_bind","cat":"step","ph":"X","ts":137554,"dur":3,"pid":1,"tid":16},
{"name":"Constraint /Biped/Rig/Movers/pose_drivers/thigh_l_driver_copies_thigh_l_bind","cat":"step","ph":"X","ts":137557,"dur":3,"pid":1,"tid":16},
{"name":"Constraint /Biped/Rig/Movers/pose_drivers/thigh_r_twist_driver_copies_thighNoTwist_r_bind","cat":"step","ph":"X","ts":137567,"dur":2,"pid":1,"tid":16},
{"name":"Constraint /Biped/Rig/Movers/pose_drivers/thigh_l_twist_driver_copies_thighNoTwist_l_bind","cat":"step","ph":"X","ts":137569,"dur":2,"pid":1,"tid":16},
{"name":"Constraint /Biped/Rig/Movers/pose_drivers/ankleTwist_r_driver_copies_ankleTwist_r_bind","cat":"step","ph":"X","ts":137538,"dur":4,"pid":1,"tid":24},
{"name":"Constraint /Biped/Rig/Movers/pose_drivers/ankleTwist_l_driver_copies_ankleTwist_l_bind","cat":"step","ph":"X","ts":137515,"dur":4,"pid":1,"tid":18},
{"name":"Constraint /Biped/Rig/Movers/pose_drivers/toe_r_driver_copies_ball_r_bind","cat":"step","ph":"X","ts":137501,"dur":4,"pid":1,"tid":15},
{"name":"Constraint /Biped/Rig/Movers/pose_drivers/toe_l_driver_copies_ball_l_bind","cat":"step","ph":"X","ts":137495,"dur":4,"pid":1,"tid":15},
{"name":"Constraint /Biped/Rig/Movers/pose_drivers/knee_r_driver_copies_knee_r_bind","cat":"step","ph":"X","ts":137473,"dur":3,"pid":1,"tid":9},
{"name":"Constraint /Biped/Rig/Movers/pose_drivers/knee_l_driver_copies_knee_l_bind","cat":"step","ph":"X","ts":137454,"dur":4,"pid":1,"tid":12},
{"name":"Constraint /Biped/Rig/Movers/pose_drivers/ankleSwing_r_driver_copies_ankle_r_bind","cat":"step","ph":"X","ts":137542,"dur":3,"pid":1,"tid":24},
{"name":"Constraint /Biped/Rig/Movers/pose_drivers/ankleSwing_l_driver_copies_ankle_l_bind","cat":"step","ph":"X","ts":137519,"dur":3,"pid":1,"tid":18},
{"name":"Constraint /Biped/Rig/Movers/pose_drivers/shoulder_r_driver_copies_shoulder_r_bind","cat":"step","ph":"X","ts":137662,"dur":3,"pid":1,"tid":16},
{"name":"Constraint /Biped/Rig/Movers/pose_drivers/shoulder_l_driver_copies_shoulder_l_bind","cat":"step","ph":"X","ts":137665,"dur":3,"pid":1,"tid":16},
{"name":"Constraint /Biped/Rig/Movers/pose_drivers/wristTwist_r_driver_copies_wristTwist_r_bind","cat":"step","ph":"X","ts":137395,"dur":6,"pid":1,"tid":12},
{"name":"Constraint /Biped/Rig/Movers/pose_drivers/wristTwist_l_driver_copies_wristTwist_l_bind","cat":"step","ph":"X","ts":137365,"dur":4,"pid":1,"tid":27},
{"name":"Constraint /Biped/Rig/Movers/pose_drivers/shoulder_r_twist_driver_copies_shoulderNoTwist_r_bind","cat":"step","ph":"X","ts":137672,"dur":3,"pid":1,"tid":16},
{"name":"Constraint /Biped/Rig/Movers/pose_drivers/shoulder_l_twist_driver_copies_shoulderNoTwist_l_bind","cat":"step","ph":"X","ts":137675,"dur":3,"pid":1,"tid":16},
{"name":"Constraint /Biped/Rig/Movers/pose_drivers/wristSwing_r_driver_copies_wrist_r_bind","cat":"step","ph":"X","ts":137385,"dur":5,"pid":1,"tid":5},
{"name":"Constraint /Biped/Rig/Movers/pose_drivers/wristSwing_l_driver_copies_wrist_l_bind","cat":"step","ph":"X","ts":137369,"dur":4,"pid":1,"tid":27},
{"name":"Constraint /Biped/Rig/Movers/pose_drivers/elbow_r_driver_copies_elbow_r_bind","cat":"step","ph":"X","ts":137348,"dur":10,"pid":1,"tid":9},
{"name":"Constraint /Biped/Rig/Movers/pose_drivers/elbow_l_driver_copies_elbow_l_bind","cat":"step","ph":"X","ts":137323,"dur":4,"pid":1,"tid":9},
{"name":"Constraint /Biped/Rig/Movers/param_follow/leg_r_params_to_ankle_r_bind","cat":"step","ph":"X","ts":137476,"dur":2,"pid":1,"tid":9},
{"name":"Constraint /Biped/Rig/Movers/param_follow/leg_l_params_to_ankle_l_bind","cat":"step","ph":"X","ts":137458,"dur":4,"pid":1,"tid":12},
{"name":"Constraint /Biped/Rig/Movers/param_follow/arm_r_params_to_wrist_r_bind","cat":"step","ph":"X","ts":137327,"dur":4,"pid":1,"tid":9},
{"name":"Constraint /Biped/Rig/Movers/param_follow/arm_l_params_to_wrist_l_bind","cat":"step","ph":"X","ts":137300,"dur":4,"pid":1,"tid":12},
{"name":"ProviderMatrix /Biped/Rig/Controls/leg_l_ik/ankle_l_pivot/bankIn_l_pivot/bankOut_l_pivot/heel_l_roll final","cat":"step","ph":"X","ts":137358,"dur":1,"pid":1,"tid":9},
{"name":"ProviderMatrix /Biped/Rig/Controls/leg_r_ik/ankle_r_pivot/bankIn_r_pivot final","cat":"step","ph":"X","ts":137331,"dur":1,"pid":1,"tid":9},
{"name":"ProviderMatrix /Biped/Rig/Joints/ankle_l_pivot/bankIn_l_pivot final","cat":"step","ph":"X","ts":137157,"dur":1,"pid":1,"tid":0},
{"name":"ProviderMatrix /Biped/Rig/Joints/ankle_r_pivot/bankIn_r_pivot/bankOut_r_pivot/heel_r_pivot final","cat":"step","ph":"X","ts":137172,"dur":1,"pid":1,"tid":0},
{"name":"ProviderMatrix /Biped/Rig/Joints/hips_bind/pelvis_l_bind/pelvis_trans_l_bind final","cat":"step","ph":"X","ts":137560,"dur":1,"pid":1,"tid":16},
{"name":"ProviderMatrix /Biped/Rig/Joints/hips_bind/pelvis_l_bind/thigh_combo_l_driver final","cat":"step","ph":"X","ts":137522,"dur":1,"pid":1,"tid":18},
{"name":"ProviderMatrix /Biped/Rig/Joints/hips_bind/pelvis_l_bind/thigh_l_bind/knee_l_bind/ankle_l_bind/ball_l_bind/toe1_001_l_bind/toe1_002_l_bind/toe1_003_l_bind/toe1_004_l_bind final","cat":"step","ph":"X","ts":137478,"dur":1,"pid":1,"tid":9},
{"name":"ProviderMatrix /Biped/Rig/Joints/hips_bind/pelvis_l_bind/thigh_l_bind/knee_l_bind/ankle_l_bind/ball_l_bind/toe4_001_l_bind final","cat":"step","ph":"X","ts":137479,"dur":1,"pid":1,"tid":9},
{"name":"ProviderMatrix /Biped/Rig/Joints/hips_bind/pelvis_l_bind/thigh_l_bind/knee_l_bind/kneeTwist_l_bind final","cat":"step","ph":"X","ts":137462,"dur":1,"pid":1,"tid":12},
{"name":"ProviderMatrix /Biped/Rig/Joints/hips_bind/pelvis_l_bind/thigh_l_bind/knee_l_bind/kneeTwist_l_bind/knee_l_driver final","cat":"step","ph":"X","ts":137480,"dur":1,"pid":1,"tid":9},
{"name":"ProviderMatrix /Biped/Rig/Joints/hips_bind/pelvis_r_bind/pelvis_trans_r_bind/thigh_r_driver final","cat":"step","ph":"X","ts":137571,"dur":1,"pid":1,"tid":16},
{"name":"ProviderMatrix /Biped/Rig/Joints/hips_bind/pelvis_r_bind/thigh_combo_r_driver final","cat":"step","ph":"X","ts":137523,"dur":1,"pid":1,"tid":18},
{"name":"ProviderMatrix /Biped/Rig/Joints/hips_bind/pelvis_r_bind/thigh_r_bind/knee_r_bind/ankleTwist_r_bind final","cat":"step","ph":"X","ts":137545,"dur":1,"pid":1,"tid":24},
{"name":"ProviderMatrix /Biped/Rig/Joints/hips_bind/pelvis_r_bind/thigh_r_bind/knee_r_bind/ankleTwist_r_bind/ankleSwing_r_driver final","cat":"step","ph":"X","ts":137561,"dur":1,"pid":1,"tid":16},
{"name":"ProviderMatrix /Biped/Rig/Joints/hips_bind/pelvis_r_bind/thigh_r_bind/knee_r_bind/ankle_r_bind/ball_r_bind final","cat":"step","ph":"X","ts":137505,"dur":1,"pid":1,"tid":15},
{"name":"ProviderMatrix /Biped/Rig/Joints/hips_bind/pelvis_r_bind/thigh_r_bind/knee_r_bind/ankle_r_bind/ball_r_bind/toe1_001_r_bind/toe1_002_r_bind/toe1_003_r_bind final","cat":"step","ph":"X","ts":137506,"dur":1,"pid":1,"tid":15},
{"name":"ProviderMatrix /Biped/Rig/Joints/hips_bind/pelvis_r_bind/thigh_r_bind/knee_r_bind/ankle_r_bind/ball_r_bind/toe2_001_r_bind/toe2_002_r_bind/toe2_003_r_bind/toe2_004_r_bind final","cat":"step","ph":"X","ts":137507,"dur":1,"pid":1,"tid":15},
{"name":"ProviderMatrix /Biped/Rig/Joints/hips_bind/pelvis_r_bind/thigh_r_bind/knee_r_bind/ankle_r_bind/ball_r_bind/toe4_001_r_bind final","cat":"step","ph":"X","ts":137508,"dur":1,"pid":1,"tid":15},
{"name":"ProviderMatrix /Biped/Rig/Joints/hips_bind/pelvis_r_bind/thigh_r_bind/knee_r_bind/ankle_r_bind/ball_r_bind/toe5_001_r_bind/toe5_002_r_bind/toe5_003_r_bind final","cat":"step","ph":"X","ts":137509,"dur":1,"pid":1,"tid":15},
{"name":"ProviderMatrix /Biped/Rig/Joints/hips_bind/spine_0_bind/spine_1_bind/spine_2_bind/spine_3_bind/spine_4_bind/spine_5_bind/chest_bind/clavicle_l_bind/clavicle_trans_combo_l_driver final","cat":"step","ph":"X","ts":137637,"dur":1,"pid":1,"tid":16},
{"name":"ProviderMatrix /Biped/Rig/Joints/hips_bind/spine_0_bind/spine_1_bind/spine_2_bind/spine_3_bind/spine_4_bind/spine_5_bind/chest_bind/clavicle_l_bind/shoulder_l_bind final","cat":"step","ph":"X","ts":137304,"dur":1,"pid":1,"tid":12},
{"name":"ProviderMatrix /Biped/Rig/Joints/hips_bind/spine_0_bind/spine_1_bind/spine_2_bind/spine_3_bind/spine_4_bind/spine_5_bind/chest_bind/clavicle_l_bind/shoulder_l_bind/elbow_l_bind/wristTwist_l_driver final","cat":"step","ph":"X","ts":137391,"dur":1,"pid":1,"tid":5},
{"name":"ProviderMatrix /Biped/Rig/Joints/hips_bind/spine_0_bind/spine_1_bind/spine_2_bind/spine_3_bind/spine_4_bind/spine_5_bind/chest_bind/clavicle_l_bind/shoulder_l_bind/elbow_l_bind/wrist_l_bind/index_001_l_bind/index_002_l_bind final","cat":"step","ph":"X","ts":137374,"dur":1,"pid":1,"tid":27},
{"name":"ProviderMatrix /Biped/Rig/Joints/hips_bind/spine_0_bind/spine_1_bind/spine_2_bind/spine_3_bind/spine_4_bind/spine_5_bind/chest_bind/clavicle_l_bind/shoulder_l_bind/elbow_l_bind/wrist_l_bind/middle_001_l_bind/middle_002_combo_l_driver final","cat":"step","ph":"X","ts":137375,"dur":1,"pid":1,"tid":27},
{"name":"ProviderMatrix /Biped/Rig/Joints/hips_bind/spine_0_bind/spine_1_bind/spine_2_bind/spine_3_bind/spine_4_bind/spine_5_bind/chest_bind/clavicle_l_bind/shoulder_l_bind/elbow_l_bind/wrist_l_bind/pinkyCup_l_bind/pinky_001_l_bind/pinky_002_l_bind final","cat":"step","ph":"X","ts":137392,"dur":1,"pid":1,"tid":5},
{"name":"ProviderMatrix /Biped/Rig/Joints/hips_bind/spine_0_bind/spine_1_bind/spine_2_bind/spine_3_bind/spine_4_bind/spine_5_bind/chest_bind/clavicle_l_bind/shoulder_l_bind/elbow_l_bind/wrist_l_bind/thumbCup_l_bind final","cat":"step","ph":"X","ts":137377,"dur":1,"pid":1,"tid":27},
{"name":"ProviderMatrix /Biped/Rig/Joints/hips_bind/spine_0_bind/spine_1_bind/spine_2_bind/spine_3_bind/spine_4_bind/spine_5_bind/chest_bind/clavicle_r_bind/clavicle_trans_r_bind final","cat":"step","ph":"X","ts":137668,"dur":1,"pid":1,"tid":16},
{"name":"ProviderMatrix /Biped/Rig/Joints/hips_bind/spine_0_bind/spine_1_bind/spine_2_bind/spine_3_bind/spine_4_bind/spine_5_bind/chest_bind/clavicle_r_bind/shoulder_r_bind/elbow_r_bind/elbowTwist_r_bind final","cat":"step","ph":"X","ts":137359,"dur":1,"pid":1,"tid":9},
{"name":"ProviderMatrix /Biped/Rig/Joints/hips_bind/spine_0_bind/spine_1_bind/spine_2_bind/spine_3_bind/spine_4_bind/spine_5_bind/chest_bind/clavicle_r_bind/shoulder_r_bind/elbow_r_bind/wrist_r_bind final","cat":"step","ph":"X","ts":137332,"dur":1,"pid":1,"tid":9},
{"name":"ProviderMatrix /Biped/Rig/Joints/hips_bind/spine_0_bind/spine_1_bind/spine_2_bind/spine_3_bind/spine_4_bind/spine_5_bind/chest_bind/clavicle_r_bind/shoulder_r_bind/elbow_r_bind/wrist_r_bind/index_001_r_bind final","cat":"step","ph":"X","ts":137393,"dur":1,"pid":1,"tid":5},
{"name":"ProviderMatrix /Biped/Rig/Joints/hips_bind/spine_0_bind/spine_1_bind/spine_2_bind/spine_3_bind/spine_4_bind/spine_5_bind/chest_bind/clavicle_r_bind/shoulder_r_bind/elbow_r_bind/wrist_r_bind/index_001_r_bind/index_002_r_bind/index_003_r_bind/index_004_r_bind final","cat":"step","ph":"X","ts":137394,"dur":1,"pid":1,"tid":5},
{"name":"ProviderMatrix /Biped/Rig/Joints/hips_bind/spine_0_bind/spine_1_bind/spine_2_bind/spine_3_bind/spine_4_bind/spine_5_bind/chest_bind/clavicle_r_bind/shoulder_r_bind/elbow_r_bind/wrist_r_bind/middle_001_r_bind/middle_002_r_bind/middle_003_r_bind final","cat":"step","ph":"X","ts":137395,"dur":1,"pid":1,"tid":5},
{"name":"ProviderMatrix /Biped/Rig/Joints/hips_bind/spine_0_bind/spine_1_bind/spine_2_bind/spine_3_bind/spine_4_bind/spine_5_bind/chest_bind/clavicle_r_bind/shoulder_r_bind/elbow_r_bind/wrist_r_bind/pinkyCup_r_bind/pinky_001_r_bind/pinky_002_combo_r_driver final","cat":"step","ph":"X","ts":137412,"dur":1,"pid":1,"tid":12},
{"name":"ProviderMatrix /Biped/Rig/Joints/hips_bind/spine_0_bind/spine_1_bind/spine_2_bind/spine_3_bind/spine_4_bind/spine_5_bind/chest_bind/clavicle_r_bind/shoulder_r_bind/elbow_r_bind/wrist_r_bind/ring_001_r_bind/ring_002_r_bind final","cat":"step","ph":"X","ts":137396,"dur":1,"pid":1,"tid":5},
{"name":"ProviderMatrix /Biped/Rig/Joints/hips_bind/spine_0_bind/spine_1_bind/spine_2_bind/spine_3_bind/spine_4_bind/spine_5_bind/chest_bind/clavicle_r_bind/shoulder_r_bind/elbow_r_bind/wrist_r_bind/thumbCup_r_bind/thumb_001_r_bind final","cat":"step","ph":"X","ts":137397,"dur":1,"pid":1,"tid":5},
{"name":"ProviderMatrix /Biped/Rig/Joints/hips_bind/spine_0_bind/spine_1_bind/spine_2_bind/spine_3_bind/spine_4_bind/spine_5_bind/chest_bind/neck_base_bind/neck_0_bind/neck_1_bind final","cat":"step","ph":"X","ts":137678,"dur":1,"pid":1,"tid":16},
{"name":"ProviderMatrix /Biped/Rig/Joints/hips_bind/spine_0_bind/spine_1_bind/spine_2_bind/spine_3_bind/spine_4_bind/spine_5_bind/chest_bind/neck_base_bind/neck_0_bind/neck_1_bind/neck_2_bind final","cat":"step","ph":"X","ts":137686,"dur":1,"pid":1,"tid":16},
{"name":"ProviderMatrix /Biped/Rig/Joints/hips_bind/spine_0_bind/spine_1_bind/spine_2_bind/spine_3_bind/spine_4_bind/spine_5_bind/chest_bind/neck_base_bind/neck_0_bind/neck_1_bind/neck_2_bind/neck_3_bind/skull_bind/face_lower_bind/jaw_bind final","cat":"step","ph":"X","ts":137699,"dur":1,"pid":1,"tid":16},
{"name":"ProviderMatrix /Biped/Rig/Joints/hips_bind/spine_0_bind/spine_1_bind/spine_2_bind/spine_3_bind/spine_4_bind/spine_5_bind/chest_bind/neck_base_bind/neck_0_bind/neck_1_bind/neck_2_bind/neck_3_bind/skull_bind/face_lower_bind/jaw_bind/tongue_0_bind/tongue_1_bind/tongue_2_bind/tongue_3_bind/tongue_4_bind final","cat":"step","ph":"X","ts":137700,"dur":1,"pid":1,"tid":16},
{"name":"ProviderMatrix /Biped/Rig/Joints/hips_bind/spine_0_bind/spine_1_bind/spine_2_bind/spine_3_bind/spine_4_bind/spine_5_bind/chest_bind/neck_base_bind/neck_0_bind/neck_1_bind/neck_2_bind/neck_3_bind/skull_bind/face_upper_bind/head_tip_bind/brow_inner_r_bind final","cat":"step","ph":"X","ts":137701,"dur":1,"pid":1,"tid":16},
{"name":"ProviderMatrix /Biped/Rig/Joints/neck_ik_neck_0_bind/neck_ik_neck_1_bind/neck_ik_neck_2_bind/neck_ik_neck_3_bind final","cat":"step","ph":"X","ts":137417,"dur":1,"pid":1,"tid":12},
{"name":"ProviderMatrix /Biped/Rig/Joints/spine_ik_spine_0_bind final","cat":"step","ph":"X","ts":137224,"dur":1,"pid":1,"tid":24},
{"name":"InfluenceFold /Biped/Rig/Movers/skin_body_geo/body_geo_skin","cat":"step","ph":"X","ts":137702,"dur":29,"pid":1,"tid":16},
{"name":"RevisionChunk /Biped/Rig/Movers/skin_body_geo/body_geo_skin","cat":"step","ph":"X","ts":137731,"dur":206,"pid":1,"tid":16},
{"name":"RevisionFuse /Biped/Rig/Movers/skin_body_geo/body_geo_skin","cat":"step","ph":"X","ts":137937,"dur":1,"pid":1,"tid":16},
{"name":"ChainStatus /Biped/Geom/body_geo.points","cat":"step","ph":"X","ts":137938,"dur":12,"pid":1,"tid":16},
{"name":"Derived /Biped/Geom/body_geo.extent","cat":"step","ph":"X","ts":137950,"dur":277,"pid":1,"tid":16},
{"name":"cluster 0","cat":"cluster","ph":"X","ts":137141,"dur":9,"pid":1,"tid":0,"args":{"level":"1","steps":"21","waitUs":"2"}},
{"name":"cluster 1","cat":"cluster","ph":"X","ts":137150,"dur":8,"pid":1,"tid":0,"args":{"level":"2","steps":"30","waitUs":"0"}},
{"name":"cluster 2","cat":"cluster","ph":"X","ts":137173,"dur":7,"pid":1,"tid":0,"args":{"level":"3","steps":"20","waitUs":"15"}},
{"name":"cluster 3","cat":"cluster","ph":"X","ts":137182,"dur":19,"pid":1,"tid":16,"args":{"level":"4","steps":"17","waitUs":"2"}},
{"name":"cluster 4","cat":"cluster","ph":"X","ts":137204,"dur":10,"pid":1,"tid":24,"args":{"level":"5","steps":"17","waitUs":"3"}},
{"name":"cluster 5","cat":"cluster","ph":"X","ts":137215,"dur":10,"pid":1,"tid":16,"args":{"level":"6","steps":"23","waitUs":"1"}},
{"name":"cluster 6","cat":"cluster","ph":"X","ts":137231,"dur":45,"pid":1,"tid":12,"args":{"level":"7","steps":"15","waitUs":"6"}},
{"name":"cluster 7","cat":"cluster","ph":"X","ts":137279,"dur":9,"pid":1,"tid":8,"args":{"level":"8","steps":"13","waitUs":"3"}},
{"name":"cluster 8","cat":"cluster","ph":"X","ts":137164,"dur":9,"pid":1,"tid":0,"args":{"level":"3","steps":"15","waitUs":"6"}},
{"name":"cluster 9","cat":"cluster","ph":"X","ts":137290,"dur":16,"pid":1,"tid":9,"args":{"level":"9","steps":"15","waitUs":"2"}},
{"name":"cluster 10","cat":"cluster","ph":"X","ts":137316,"dur":11,"pid":1,"tid":31,"args":{"level":"10","steps":"17","waitUs":"10"}},
{"name":"cluster 11","cat":"cluster","ph":"X","ts":137345,"dur":16,"pid":1,"tid":0,"args":{"level":"11","steps":"16","waitUs":"0"}},
{"name":"cluster 12","cat":"cluster","ph":"X","ts":137226,"dur":2,"pid":1,"tid":16,"args":{"level":"7","steps":"6","waitUs":"1"}},
{"name":"cluster 13","cat":"cluster","ph":"X","ts":137366,"dur":18,"pid":1,"tid":5,"args":{"level":"12","steps":"12","waitUs":"2"}},
{"name":"cluster 14","cat":"cluster","ph":"X","ts":137386,"dur":15,"pid":1,"tid":12,"args":{"level":"13","steps":"6","waitUs":"2"}},
{"name":"cluster 16","cat":"cluster","ph":"X","ts":137214,"dur":11,"pid":1,"tid":24,"args":{"level":"6","steps":"12","waitUs":"0"}},
{"name":"cluster 17","cat":"cluster","ph":"X","ts":137201,"dur":7,"pid":1,"tid":16,"args":{"level":"5","steps":"8","waitUs":"0"}},
{"name":"cluster 18","cat":"cluster","ph":"X","ts":137401,"dur":12,"pid":1,"tid":12,"args":{"level":"14","steps":"15","waitUs":"0"}},
{"name":"cluster 19","cat":"cluster","ph":"X","ts":137277,"dur":10,"pid":1,"tid":12,"args":{"level":"8","steps":"2","waitUs":"1"}},
{"name":"cluster 20","cat":"cluster","ph":"X","ts":137180,"dur":5,"pid":1,"tid":0,"args":{"level":"4","steps":"6","waitUs":"0"}},
{"name":"cluster 21","cat":"cluster","ph":"X","ts":137325,"dur":5,"pid":1,"tid":29,"args":{"level":"10","steps":"3","waitUs":"19"}},
{"name":"cluster 22","cat":"cluster","ph":"X","ts":137326,"dur":10,"pid":1,"tid":10,"args":{"level":"10","steps":"3","waitUs":"10"}},
{"name":"cluster 23","cat":"cluster","ph":"X","ts":137292,"dur":35,"pid":1,"tid":13,"args":{"level":"9","steps":"3","waitUs":"5"}},
{"name":"cluster 24","cat":"cluster","ph":"X","ts":137333,"dur":12,"pid":1,"tid":0,"args":{"level":"10","steps":"4","waitUs":"17"}},
{"name":"cluster 25","cat":"cluster","ph":"X","ts":137290,"dur":16,"pid":1,"tid":30,"args":{"level":"9","steps":"3","waitUs":"3"}},
{"name":"cluster 26","cat":"cluster","ph":"X","ts":137288,"dur":16,"pid":1,"tid":8,"args":{"level":"9","steps":"4","waitUs":"0"}},
{"name":"cluster 27","cat":"cluster","ph":"X","ts":137414,"dur":4,"pid":1,"tid":12,"args":{"level":"15","steps":"10","waitUs":"1"}},
{"name":"cluster 28","cat":"cluster","ph":"X","ts":137418,"dur":9,"pid":1,"tid":12,"args":{"level":"16","steps":"4","waitUs":"0"}},
{"name":"cluster 29","cat":"cluster","ph":"X","ts":137427,"dur":16,"pid":1,"tid":12,"args":{"level":"17","steps":"6","waitUs":"0"}},
{"name":"cluster 30","cat":"cluster","ph":"X","ts":137453,"dur":19,"pid":1,"tid":9,"args":{"level":"18","steps":"5","waitUs":"10"}},
{"name":"cluster 31","cat":"cluster","ph":"X","ts":137476,"dur":23,"pid":1,"tid":15,"args":{"level":"19","steps":"5","waitUs":"4"}},
{"name":"cluster 32","cat":"cluster","ph":"X","ts":137333,"dur":13,"pid":1,"tid":9,"args":{"level":"10","steps":"3","waitUs":"17"}},
{"name":"cluster 33","cat":"cluster","ph":"X","ts":137347,"dur":17,"pid":1,"tid":27,"args":{"level":"11","steps":"2","waitUs":"1"}},
{"name":"cluster 34","cat":"cluster","ph":"X","ts":137500,"dur":15,"pid":1,"tid":18,"args":{"level":"20","steps":"4","waitUs":"1"}},
{"name":"cluster 35","cat":"cluster","ph":"X","ts":137517,"dur":16,"pid":1,"tid":24,"args":{"level":"21","steps":"3","waitUs":"2"}},
{"name":"cluster 36","cat":"cluster","ph":"X","ts":137534,"dur":14,"pid":1,"tid":16,"args":{"level":"22","steps":"4","waitUs":"1"}},
{"name":"cluster 37","cat":"cluster","ph":"X","ts":137548,"dur":14,"pid":1,"tid":16,"args":{"level":"23","steps":"9","waitUs":"0"}},
{"name":"cluster 38","cat":"cluster","ph":"X","ts":137562,"dur":10,"pid":1,"tid":16,"args":{"level":"24","steps":"6","waitUs":"0"}},
{"name":"cluster 39","cat":"cluster","ph":"X","ts":137572,"dur":6,"pid":1,"tid":16,"args":{"level":"25","steps":"3","waitUs":"0"}},
{"name":"cluster 40","cat":"cluster","ph":"X","ts":137578,"dur":4,"pid":1,"tid":16,"args":{"level":"26","steps":"2","waitUs":"0"}},
{"name":"cluster 41","cat":"cluster","ph":"X","ts":137582,"dur":6,"pid":1,"tid":16,"args":{"level":"27","steps":"1","waitUs":"0"}},
{"name":"cluster 42","cat":"cluster","ph":"X","ts":137588,"dur":4,"pid":1,"tid":16,"args":{"level":"28","steps":"2","waitUs":"0"}},
{"name":"cluster 43","cat":"cluster","ph":"X","ts":137592,"dur":5,"pid":1,"tid":16,"args":{"level":"29","steps":"1","waitUs":"0"}},
{"name":"cluster 44","cat":"cluster","ph":"X","ts":137597,"dur":4,"pid":1,"tid":16,"args":{"level":"30","steps":"2","waitUs":"0"}},
{"name":"cluster 45","cat":"cluster","ph":"X","ts":137601,"dur":5,"pid":1,"tid":16,"args":{"level":"31","steps":"1","waitUs":"0"}},
{"name":"cluster 46","cat":"cluster","ph":"X","ts":137606,"dur":4,"pid":1,"tid":16,"args":{"level":"32","steps":"2","waitUs":"0"}},
{"name":"cluster 47","cat":"cluster","ph":"X","ts":137610,"dur":5,"pid":1,"tid":16,"args":{"level":"33","steps":"1","waitUs":"0"}},
{"name":"cluster 48","cat":"cluster","ph":"X","ts":137615,"dur":5,"pid":1,"tid":16,"args":{"level":"34","steps":"1","waitUs":"0"}},
{"name":"cluster 49","cat":"cluster","ph":"X","ts":137620,"dur":6,"pid":1,"tid":16,"args":{"level":"35","steps":"4","waitUs":"0"}},
{"name":"cluster 50","cat":"cluster","ph":"X","ts":137626,"dur":6,"pid":1,"tid":16,"args":{"level":"36","steps":"4","waitUs":"0"}},
{"name":"cluster 51","cat":"cluster","ph":"X","ts":137639,"dur":5,"pid":1,"tid":16,"args":{"level":"37","steps":"3","waitUs":"7"}},
{"name":"cluster 52","cat":"cluster","ph":"X","ts":137650,"dur":7,"pid":1,"tid":16,"args":{"level":"38","steps":"3","waitUs":"6"}},
{"name":"cluster 53","cat":"cluster","ph":"X","ts":137657,"dur":12,"pid":1,"tid":16,"args":{"level":"39","steps":"7","waitUs":"0"}},
{"name":"cluster 54","cat":"cluster","ph":"X","ts":137669,"dur":10,"pid":1,"tid":16,"args":{"level":"40","steps":"6","waitUs":"0"}},
{"name":"cluster 55","cat":"cluster","ph":"X","ts":137679,"dur":4,"pid":1,"tid":16,"args":{"level":"41","steps":"3","waitUs":"0"}},
{"name":"cluster 56","cat":"cluster","ph":"X","ts":137683,"dur":4,"pid":1,"tid":16,"args":{"level":"42","steps":"2","waitUs":"0"}},
{"name":"cluster 57","cat":"cluster","ph":"X","ts":137687,"dur":4,"pid":1,"tid":16,"args":{"level":"43","steps":"1","waitUs":"0"}},
{"name":"cluster 58","cat":"cluster","ph":"X","ts":137691,"dur":3,"pid":1,"tid":16,"args":{"level":"44","steps":"2","waitUs":"0"}},
{"name":"cluster 59","cat":"cluster","ph":"X","ts":137694,"dur":8,"pid":1,"tid":16,"args":{"level":"46","steps":"28","waitUs":"0"}},
{"name":"cluster 60","cat":"cluster","ph":"X","ts":137288,"dur":17,"pid":1,"tid":12,"args":{"level":"9","steps":"7","waitUs":"1"}},
{"name":"cluster 61","cat":"cluster","ph":"X","ts":137500,"dur":10,"pid":1,"tid":15,"args":{"level":"20","steps":"27","waitUs":"1"}},
{"name":"cluster 62","cat":"cluster","ph":"X","ts":137346,"dur":14,"pid":1,"tid":9,"args":{"level":"11","steps":"7","waitUs":"0"}},
{"name":"cluster 63","cat":"cluster","ph":"X","ts":137517,"dur":4,"pid":1,"tid":16,"args":{"level":"21","steps":"3","waitUs":"2"}},
{"name":"cluster 64","cat":"cluster","ph":"X","ts":137636,"dur":2,"pid":1,"tid":16,"args":{"level":"37","steps":"8","waitUs":"4"}},
{"name":"cluster 65","cat":"cluster","ph":"X","ts":137451,"dur":12,"pid":1,"tid":12,"args":{"level":"18","steps":"7","waitUs":"7"}},
{"name":"cluster 66","cat":"cluster","ph":"X","ts":137533,"dur":13,"pid":1,"tid":24,"args":{"level":"22","steps":"7","waitUs":"0"}},
{"name":"cluster 67","cat":"cluster","ph":"X","ts":137317,"dur":16,"pid":1,"tid":9,"args":{"level":"10","steps":"9","waitUs":"1"}},
{"name":"cluster 68","cat":"cluster","ph":"X","ts":137645,"dur":4,"pid":1,"tid":16,"args":{"level":"38","steps":"3","waitUs":"1"}},
{"name":"cluster 69","cat":"cluster","ph":"X","ts":137515,"dur":9,"pid":1,"tid":18,"args":{"level":"21","steps":"10","waitUs":"0"}},
{"name":"cluster 70","cat":"cluster","ph":"X","ts":137473,"dur":8,"pid":1,"tid":9,"args":{"level":"19","steps":"27","waitUs":"1"}},
{"name":"cluster 71","cat":"cluster","ph":"X","ts":137365,"dur":14,"pid":1,"tid":27,"args":{"level":"12","steps":"30","waitUs":"1"}},
{"name":"cluster 72","cat":"cluster","ph":"X","ts":137385,"dur":13,"pid":1,"tid":5,"args":{"level":"13","steps":"36","waitUs":"1"}},
{"name":"cluster 73","cat":"cluster","ph":"X","ts":137702,"dur":29,"pid":1,"tid":16,"args":{"level":"47","steps":"1","waitUs":"0"}},
{"name":"cluster 74","cat":"cluster","ph":"X","ts":137731,"dur":206,"pid":1,"tid":16,"args":{"level":"48","steps":"1","waitUs":"0"}},
{"name":"cluster 75","cat":"cluster","ph":"X","ts":137937,"dur":290,"pid":1,"tid":16,"args":{"level":"51","steps":"3","waitUs":"0"}},
{"name":"BakedPublish","cat":"baked","ph":"X","ts":138339,"dur":60,"pid":1,"tid":0},
{"name":"BakedEpilogue","cat":"baked","ph":"X","ts":138232,"dur":174,"pid":1,"tid":0},
{"name":"Baked","cat":"baked","ph":"X","ts":136995,"dur":1412,"pid":1,"tid":0},
{"name":"Evaluate.Run","cat":"evaluate","ph":"X","ts":136995,"dur":1412,"pid":1,"tid":0},
{"name":"Evaluate@8","cat":"evaluate","ph":"X","ts":136994,"dur":1414,"pid":1,"tid":0}
],"displayTimeUnit":"ms"}
