{"traceEvents":[
{"name":"thread_name","ph":"M","pid":1,"tid":11,"args":{"name":"rigExec worker 11"}},
{"name":"thread_name","ph":"M","pid":1,"tid":6,"args":{"name":"rigExec worker 6"}},
{"name":"thread_name","ph":"M","pid":1,"tid":19,"args":{"name":"rigExec worker 19"}},
{"name":"thread_name","ph":"M","pid":1,"tid":23,"args":{"name":"rigExec worker 23"}},
{"name":"thread_name","ph":"M","pid":1,"tid":27,"args":{"name":"rigExec worker 27"}},
{"name":"thread_name","ph":"M","pid":1,"tid":10,"args":{"name":"rigExec worker 10"}},
{"name":"thread_name","ph":"M","pid":1,"tid":14,"args":{"name":"rigExec worker 14"}},
{"name":"thread_name","ph":"M","pid":1,"tid":8,"args":{"name":"rigExec worker 8"}},
{"name":"thread_name","ph":"M","pid":1,"tid":24,"args":{"name":"rigExec worker 24"}},
{"name":"thread_name","ph":"M","pid":1,"tid":7,"args":{"name":"rigExec worker 7"}},
{"name":"thread_name","ph":"M","pid":1,"tid":3,"args":{"name":"rigExec worker 3"}},
{"name":"thread_name","ph":"M","pid":1,"tid":2,"args":{"name":"rigExec worker 2"}},
{"name":"thread_name","ph":"M","pid":1,"tid":29,"args":{"name":"rigExec worker 29"}},
{"name":"thread_name","ph":"M","pid":1,"tid":9,"args":{"name":"rigExec worker 9"}},
{"name":"thread_name","ph":"M","pid":1,"tid":25,"args":{"name":"rigExec worker 25"}},
{"name":"thread_name","ph":"M","pid":1,"tid":18,"args":{"name":"rigExec worker 18"}},
{"name":"thread_name","ph":"M","pid":1,"tid":21,"args":{"name":"rigExec worker 21"}},
{"name":"thread_name","ph":"M","pid":1,"tid":28,"args":{"name":"rigExec worker 28"}},
{"name":"thread_name","ph":"M","pid":1,"tid":13,"args":{"name":"rigExec worker 13"}},
{"name":"thread_name","ph":"M","pid":1,"tid":30,"args":{"name":"rigExec worker 30"}},
{"name":"thread_name","ph":"M","pid":1,"tid":4,"args":{"name":"rigExec worker 4"}},
{"name":"thread_name","ph":"M","pid":1,"tid":5,"args":{"name":"rigExec worker 5"}},
{"name":"thread_name","ph":"M","pid":1,"tid":22,"args":{"name":"rigExec worker 22"}},
{"name":"thread_name","ph":"M","pid":1,"tid":12,"args":{"name":"rigExec worker 12"}},
{"name":"thread_name","ph":"M","pid":1,"tid":20,"args":{"name":"rigExec worker 20"}},
{"name":"thread_name","ph":"M","pid":1,"tid":17,"args":{"name":"rigExec worker 17"}},
{"name":"thread_name","ph":"M","pid":1,"tid":16,"args":{"name":"rigExec worker 16"}},
{"name":"thread_name","ph":"M","pid":1,"tid":15,"args":{"name":"rigExec worker 15"}},
{"name":"thread_name","ph":"M","pid":1,"tid":0,"args":{"name":"main (Evaluate)"}},
{"name":"thread_name","ph":"M","pid":1,"tid":26,"args":{"name":"rigExec worker 26"}},
{"name":"thread_name","ph":"M","pid":1,"tid":1,"args":{"name":"rigExec worker 1"}},
{"name":"thread_name","ph":"M","pid":1,"tid":31,"args":{"name":"rigExec worker 31"}},
{"name":"Compile.Prologue","cat":"compile","ph":"X","ts":2,"dur":3,"pid":1,"tid":0},
{"name":"Compile.StructureDigest","cat":"compile","ph":"X","ts":5,"dur":12,"pid":1,"tid":0},
{"name":"Digest.OutputSets","cat":"compile","ph":"X","ts":31,"dur":8482,"pid":1,"tid":1},
{"name":"DiscoverValidate.Validate","cat":"compile","ph":"X","ts":5641,"dur":5646,"pid":1,"tid":0},
{"name":"DiscoverValidate.AggregateProviders","cat":"compile","ph":"X","ts":11287,"dur":50,"pid":1,"tid":0},
{"name":"DiscoverValidate.WarmupDispatch","cat":"compile","ph":"X","ts":11337,"dur":91,"pid":1,"tid":0},
{"name":"DiscoverValidate.MoverDiscovery","cat":"compile","ph":"X","ts":11428,"dur":18489,"pid":1,"tid":0},
{"name":"DiscoverValidate.OutputCheck","cat":"compile","ph":"X","ts":29917,"dur":306,"pid":1,"tid":0},
{"name":"DiscoverValidate.SolverJointBinding","cat":"compile","ph":"X","ts":30223,"dur":3513,"pid":1,"tid":0},
{"name":"DiscoverValidate.SolverDag","cat":"compile","ph":"X","ts":33736,"dur":889,"pid":1,"tid":0},
{"name":"Compile.DiscoverValidate","cat":"compile","ph":"X","ts":17,"dur":34622,"pid":1,"tid":0},
{"name":"SolverSchedule.ReplacementRequests","cat":"compile","ph":"X","ts":34639,"dur":5,"pid":1,"tid":0},
{"name":"SolverSchedule.VolumeWeights","cat":"compile","ph":"X","ts":34644,"dur":230,"pid":1,"tid":0},
{"name":"SolverSchedule.PoseConstraints","cat":"compile","ph":"X","ts":34874,"dur":1278,"pid":1,"tid":0},
{"name":"SolverSchedule.ControlFrames","cat":"compile","ph":"X","ts":36152,"dur":18,"pid":1,"tid":0},
{"name":"SolverSchedule.PropertyChains","cat":"compile","ph":"X","ts":36170,"dur":1015,"pid":1,"tid":0},
{"name":"SolverSchedule.PointGraph","cat":"compile","ph":"X","ts":37185,"dur":1903,"pid":1,"tid":0},
{"name":"SolverSchedule.SampleReads","cat":"compile","ph":"X","ts":39088,"dur":40,"pid":1,"tid":0},
{"name":"SolverSchedule.DerivedMaintenance","cat":"compile","ph":"X","ts":39128,"dur":11,"pid":1,"tid":0},
{"name":"PoseInfoPrefetch","cat":"compile","ph":"X","ts":39631,"dur":8644,"pid":1,"tid":0},
{"name":"SolverSchedule.PoseDag","cat":"compile","ph":"X","ts":39139,"dur":9340,"pid":1,"tid":0},
{"name":"SolverSchedule.RequiredSolvers","cat":"compile","ph":"X","ts":48479,"dur":10,"pid":1,"tid":0},
{"name":"SolverSchedule.ConstraintDeps","cat":"compile","ph":"X","ts":48489,"dur":382,"pid":1,"tid":0},
{"name":"SolverSchedule.FrameInheritance","cat":"compile","ph":"X","ts":48871,"dur":133,"pid":1,"tid":0},
{"name":"SolverSchedule.PoseReady","cat":"compile","ph":"X","ts":49004,"dur":52,"pid":1,"tid":0},
{"name":"TapPrepare warmup","cat":"compile","ph":"X","ts":11449,"dur":50805,"pid":1,"tid":2},
{"name":"Compile.WarmupJoin","cat":"compile","ph":"X","ts":49057,"dur":13202,"pid":1,"tid":0},
{"name":"SolverSchedule.SolverBatches","cat":"compile","ph":"X","ts":49056,"dur":27076,"pid":1,"tid":0},
{"name":"Compile.SolverSchedule","cat":"compile","ph":"X","ts":34639,"dur":41495,"pid":1,"tid":0},
{"name":"PrepareRequests.ProviderSeed","cat":"compile","ph":"X","ts":76141,"dur":354,"pid":1,"tid":0},
{"name":"PrepareRequests.ProviderClosure","cat":"compile","ph":"X","ts":76495,"dur":378,"pid":1,"tid":0},
{"name":"PrepareRequests.ConnectedPoseTaps","cat":"compile","ph":"X","ts":76873,"dur":188,"pid":1,"tid":0},
{"name":"RestTimeVarying","cat":"compile","ph":"X","ts":77065,"dur":5265,"pid":1,"tid":0},
{"name":"PrepareRequests.RestTaps","cat":"compile","ph":"X","ts":77061,"dur":5399,"pid":1,"tid":0},
{"name":"PrepareRequests.ExecPrepare","cat":"compile","ph":"X","ts":82460,"dur":0,"pid":1,"tid":0},
{"name":"TapPrepare guides","cat":"compile","ph":"X","ts":82472,"dur":4526,"pid":1,"tid":0},
{"name":"PrepareRequests.GuideTaps","cat":"compile","ph":"X","ts":82460,"dur":4540,"pid":1,"tid":0},
{"name":"PrepareRequests.RestPull","cat":"compile","ph":"X","ts":87000,"dur":5,"pid":1,"tid":0},
{"name":"TapPrepare restFrames","cat":"compile","ph":"X","ts":87005,"dur":2862,"pid":1,"tid":0},
{"name":"Compile.RestFrames","cat":"compile","ph":"X","ts":89870,"dur":3756,"pid":1,"tid":0},
{"name":"PrepareRequests.WarmCompute","cat":"compile","ph":"X","ts":87005,"dur":7430,"pid":1,"tid":0},
{"name":"Compile.PrepareRequests","cat":"compile","ph":"X","ts":76134,"dur":18302,"pid":1,"tid":0},
{"name":"Digest.Solvers","cat":"compile","ph":"X","ts":8513,"dur":115262,"pid":1,"tid":1},
{"name":"Digest.Movers","cat":"compile","ph":"X","ts":123775,"dur":8620,"pid":1,"tid":1},
{"name":"Compile.DigestJoin","cat":"compile","ph":"X","ts":94445,"dur":40275,"pid":1,"tid":0},
{"name":"Compile.Commit","cat":"compile","ph":"X","ts":94436,"dur":40468,"pid":1,"tid":0},
{"name":"Compile.ChainOrderValidate","cat":"compile","ph":"X","ts":134904,"dur":42,"pid":1,"tid":0},
{"name":"Bake.IsBakeable","cat":"compile","ph":"X","ts":134971,"dur":2487,"pid":1,"tid":0},
{"name":"Bake.entry","cat":"compile","ph":"X","ts":137458,"dur":8,"pid":1,"tid":0},
{"name":"Bake.dense_provider_slots","cat":"compile","ph":"X","ts":137466,"dur":296,"pid":1,"tid":0},
{"name":"Bake.the_rest_chain_and_the_default-space_ladder","cat":"compile","ph":"X","ts":137762,"dur":11102,"pid":1,"tid":0},
{"name":"Bake.the_input_binding_table","cat":"compile","ph":"X","ts":148864,"dur":6810,"pid":1,"tid":0},
{"name":"Bake.the_walk","cat":"compile","ph":"X","ts":155674,"dur":8007,"pid":1,"tid":0},
{"name":"Bake.publication","cat":"compile","ph":"X","ts":163681,"dur":122,"pid":1,"tid":0},
{"name":"Bake.geometry","cat":"compile","ph":"X","ts":163803,"dur":0,"pid":1,"tid":0},
{"name":"Bake.pose_interpolators","cat":"compile","ph":"X","ts":163803,"dur":1082,"pid":1,"tid":0},
{"name":"Bake.the_rest_of_the_invalidation_index","cat":"compile","ph":"X","ts":164885,"dur":61,"pid":1,"tid":0},
{"name":"Bake.the_step_graph","cat":"compile","ph":"X","ts":164946,"dur":7866,"pid":1,"tid":0},
{"name":"Compile.Bake","cat":"compile","ph":"X","ts":134965,"dur":37849,"pid":1,"tid":0},
{"name":"Compile","cat":"compile","ph":"X","ts":0,"dur":174426,"pid":1,"tid":0},
{"name":"PropertyChain /Biped/Rig/Movers/ballRoll_l_down_rc/ballRoll_l_down_rotation.inputs:defaultWeight","cat":"property","ph":"X","ts":177880,"dur":60,"pid":1,"tid":0},
{"name":"PropertyChain /Biped/Rig/Movers/ballRoll_l_up_rc/ballRoll_l_up_rotation.inputs:defaultWeight","cat":"property","ph":"X","ts":177943,"dur":11,"pid":1,"tid":0},
{"name":"PropertyChain /Biped/Rig/Movers/ballRoll_r_down_rc/ballRoll_r_down_rotation.inputs:defaultWeight","cat":"property","ph":"X","ts":177956,"dur":23,"pid":1,"tid":0},
{"name":"PropertyChain /Biped/Rig/Movers/ballRoll_r_up_rc/ballRoll_r_up_rotation.inputs:defaultWeight","cat":"property","ph":"X","ts":177980,"dur":18,"pid":1,"tid":0},
{"name":"PropertyChain /Biped/Rig/Movers/bankIn_l_pivot_rc/bankIn_l_pivot_rotation.inputs:defaultWeight","cat":"property","ph":"X","ts":178010,"dur":6,"pid":1,"tid":0},
{"name":"PropertyChain /Biped/Rig/Movers/bankIn_r_pivot_rc/bankIn_r_pivot_rotation.inputs:defaultWeight","cat":"property","ph":"X","ts":178017,"dur":7,"pid":1,"tid":0},
{"name":"PropertyChain /Biped/Rig/Movers/bankOut_l_pivot_rc/bankOut_l_pivot_rotation.inputs:defaultWeight","cat":"property","ph":"X","ts":178026,"dur":6,"pid":1,"tid":0},
{"name":"PropertyChain /Biped/Rig/Movers/bankOut_r_pivot_rc/bankOut_r_pivot_rotation.inputs:defaultWeight","cat":"property","ph":"X","ts":178034,"dur":6,"pid":1,"tid":0},
{"name":"PropertyChain /Biped/Rig/Movers/heel_l_roll_rc/heel_l_roll_rotation.inputs:defaultWeight","cat":"property","ph":"X","ts":178041,"dur":6,"pid":1,"tid":0},
{"name":"PropertyChain /Biped/Rig/Movers/heel_r_roll_rc/heel_r_roll_rotation.inputs:defaultWeight","cat":"property","ph":"X","ts":178048,"dur":7,"pid":1,"tid":0},
{"name":"PropertyChain /Biped/Rig/Movers/toe_l_roll_rc/toe_l_roll_rotation.inputs:defaultWeight","cat":"property","ph":"X","ts":178057,"dur":10,"pid":1,"tid":0},
{"name":"PropertyChain /Biped/Rig/Movers/toe_r_roll_rc/toe_r_roll_rotation.inputs:defaultWeight","cat":"property","ph":"X","ts":178068,"dur":12,"pid":1,"tid":0},
{"name":"PropertyChains","cat":"property","ph":"X","ts":176981,"dur":1101,"pid":1,"tid":0},
{"name":"BakedInputs","cat":"baked","ph":"X","ts":178084,"dur":10,"pid":1,"tid":0},
{"name":"BakedChainBase","cat":"geometry","ph":"X","ts":178373,"dur":4392,"pid":1,"tid":0},
{"name":"BakedPrologue","cat":"baked","ph":"X","ts":176980,"dur":5786,"pid":1,"tid":0},
{"name":"BakedRegion","cat":"baked","ph":"X","ts":182773,"dur":5436,"pid":1,"tid":0},
{"name":"ComposeSubtree /Biped/Rig/Controls/arm_l_ik","cat":"step","ph":"X","ts":183068,"dur":1,"pid":1,"tid":0},
{"name":"ComposeSubtree /Biped/Rig/Controls/hips_ctl","cat":"step","ph":"X","ts":183069,"dur":5,"pid":1,"tid":0},
{"name":"ComposeSubtree /Biped/Rig/Controls/hips_ctl/spine_root_pivot/spine_root_ctl/pelvis_l_ctl/leg_l_root","cat":"step","ph":"X","ts":183120,"dur":9,"pid":1,"tid":3},
{"name":"ComposeSubtree /Biped/Rig/Controls/hips_ctl/spine_root_pivot/spine_root_ctl/pelvis_l_ctl/leg_l_root/leg_l_fk_thigh_l_bind/leg_l_fk_knee_l_bind","cat":"step","ph":"X","ts":183170,"dur":1,"pid":1,"tid":3},
{"name":"ComposeSubtree /Biped/Rig/Controls/hips_ctl/spine_root_pivot/spine_root_ctl/pelvis_r_ctl","cat":"step","ph":"X","ts":183129,"dur":4,"pid":1,"tid":3},
{"name":"ComposeSubtree /Biped/Rig/Controls/hips_ctl/spine_root_pivot/spine_root_ctl/pelvis_r_ctl/leg_r_root/leg_r_fk_thigh_r_bind/leg_r_fk_knee_r_bind","cat":"step","ph":"X","ts":183197,"dur":2,"pid":1,"tid":0},
{"name":"ComposeSubtree /Biped/Rig/Controls/hips_ctl/torso_ctl","cat":"step","ph":"X","ts":183084,"dur":1,"pid":1,"tid":0},
{"name":"ComposeSubtree /Biped/Rig/Controls/hips_ctl/torso_ctl/spine_end_pivot/spine_end_ctl","cat":"step","ph":"X","ts":183133,"dur":6,"pid":1,"tid":3},
{"name":"ComposeSubtree /Biped/Rig/Controls/hips_ctl/torso_ctl/spine_end_pivot/spine_end_ctl/clavicle_l_ctl/arm_l_root/arm_l_fk_shoulder_l_bind/arm_l_fk_elbow_l_bind","cat":"step","ph":"X","ts":183199,"dur":1,"pid":1,"tid":0},
{"name":"ComposeSubtree /Biped/Rig/Controls/hips_ctl/torso_ctl/spine_end_pivot/spine_end_ctl/clavicle_r_ctl","cat":"step","ph":"X","ts":183171,"dur":1,"pid":1,"tid":3},
{"name":"ComposeSubtree /Biped/Rig/Controls/hips_ctl/torso_ctl/spine_end_pivot/spine_end_ctl/neck_root_ctl/neck_end_pivot","cat":"step","ph":"X","ts":183200,"dur":1,"pid":1,"tid":0},
{"name":"ComposeSubtree /Biped/Rig/Controls/index_001_l_bind_fk_follow","cat":"step","ph":"X","ts":183074,"dur":1,"pid":1,"tid":0},
{"name":"ComposeSubtree /Biped/Rig/Controls/index_001_l_bind_fk_follow/index_001_l_bind_fk/index_002_l_bind_fk/index_003_l_bind_fk","cat":"step","ph":"X","ts":183139,"dur":3,"pid":1,"tid":3},
{"name":"ComposeSubtree /Biped/Rig/Controls/index_001_r_bind_fk_follow/index_001_r_bind_fk/index_002_r_bind_fk/index_003_r_bind_fk","cat":"step","ph":"X","ts":183143,"dur":3,"pid":1,"tid":3},
{"name":"ComposeSubtree /Biped/Rig/Controls/leg_l_ik","cat":"step","ph":"X","ts":183075,"dur":1,"pid":1,"tid":0},
{"name":"ComposeSubtree /Biped/Rig/Controls/leg_l_ik/ankle_l_pivot/bankIn_l_pivot","cat":"step","ph":"X","ts":183085,"dur":1,"pid":1,"tid":0},
{"name":"ComposeSubtree /Biped/Rig/Controls/leg_l_ik/ankle_l_pivot/bankIn_l_pivot/bankOut_l_pivot/heel_l_roll","cat":"step","ph":"X","ts":183146,"dur":2,"pid":1,"tid":3},
{"name":"ComposeSubtree /Biped/Rig/Controls/leg_l_ik/ankle_l_pivot/bankIn_l_pivot/bankOut_l_pivot/heel_l_roll/heel_l/ball_l_pivot","cat":"step","ph":"X","ts":183172,"dur":1,"pid":1,"tid":3},
{"name":"ComposeSubtree /Biped/Rig/Controls/leg_l_ik/ankle_l_pivot/bankIn_l_pivot/bankOut_l_pivot/heel_l_roll/heel_l/ball_l_pivot/toe_l_roll/toe_l/ballRoll_l_up/ballRoll_l_down/ballRoll_l/ankle_l_ikTarget","cat":"step","ph":"X","ts":183256,"dur":1,"pid":1,"tid":4},
{"name":"ComposeSubtree /Biped/Rig/Controls/leg_l_ik/ankle_l_pivot/bankIn_l_pivot/bankOut_l_pivot/heel_l_roll/heel_l/ball_l_pivot/toe_l_roll/toe_l/ballRoll_l_up/ballRoll_l_down_twin","cat":"step","ph":"X","ts":183213,"dur":1,"pid":1,"tid":0},
{"name":"ComposeSubtree /Biped/Rig/Controls/leg_l_ik/ankle_l_pivot/bankIn_l_pivot/bankOut_l_pivot/heel_l_roll/heel_l/ball_l_pivot/toe_l_roll/toe_l/toeBend_l/toeBend_l_fk","cat":"step","ph":"X","ts":183257,"dur":1,"pid":1,"tid":4},
{"name":"ComposeSubtree /Biped/Rig/Controls/leg_l_ik/ankle_l_pivot/bankIn_l_pivot/bankOut_l_pivot/heel_l_roll/heel_l/ball_l_pivot/toe_l_roll_twin","cat":"step","ph":"X","ts":183201,"dur":2,"pid":1,"tid":0},
{"name":"ComposeSubtree /Biped/Rig/Controls/leg_l_ik/ankle_l_pivot/bankIn_l_pivot/bankOut_l_pivot_twin","cat":"step","ph":"X","ts":183149,"dur":3,"pid":1,"tid":3},
{"name":"ComposeSubtree /Biped/Rig/Controls/leg_l_pv","cat":"step","ph":"X","ts":183076,"dur":1,"pid":1,"tid":0},
{"name":"ComposeSubtree /Biped/Rig/Controls/leg_r_ik/ankle_r_pivot","cat":"step","ph":"X","ts":183086,"dur":1,"pid":1,"tid":0},
{"name":"ComposeSubtree /Biped/Rig/Controls/leg_r_ik/ankle_r_pivot/bankIn_r_pivot/bankOut_r_pivot","cat":"step","ph":"X","ts":183153,"dur":2,"pid":1,"tid":3},
{"name":"ComposeSubtree /Biped/Rig/Controls/leg_r_ik/ankle_r_pivot/bankIn_r_pivot/bankOut_r_pivot/heel_r_roll/heel_r","cat":"step","ph":"X","ts":183173,"dur":1,"pid":1,"tid":3},
{"name":"ComposeSubtree /Biped/Rig/Controls/leg_r_ik/ankle_r_pivot/bankIn_r_pivot/bankOut_r_pivot/heel_r_roll/heel_r/ball_r_pivot/toe_r_roll/toe_r/ballRoll_r_up/ballRoll_r_down/ballRoll_r","cat":"step","ph":"X","ts":183258,"dur":1,"pid":1,"tid":4},
{"name":"ComposeSubtree /Biped/Rig/Controls/leg_r_ik/ankle_r_pivot/bankIn_r_pivot/bankOut_r_pivot/heel_r_roll/heel_r/ball_r_pivot/toe_r_roll/toe_r/ballRoll_r_up/ballRoll_r_down/ballRoll_r/ball_r_ikTarget","cat":"step","ph":"X","ts":183269,"dur":3,"pid":1,"tid":5},
{"name":"ComposeSubtree /Biped/Rig/Controls/leg_r_ik/ankle_r_pivot/bankIn_r_pivot/bankOut_r_pivot/heel_r_roll/heel_r/ball_r_pivot/toe_r_roll/toe_r/ballRoll_r_up_twin","cat":"step","ph":"X","ts":183215,"dur":1,"pid":1,"tid":0},
{"name":"ComposeSubtree /Biped/Rig/Controls/leg_r_ik/ankle_r_pivot/bankIn_r_pivot/bankOut_r_pivot/heel_r_roll/heel_r/ball_r_pivot/toe_r_roll_twin","cat":"step","ph":"X","ts":183203,"dur":1,"pid":1,"tid":0},
{"name":"ComposeSubtree /Biped/Rig/Controls/leg_r_ik/ankle_r_pivot/bankIn_r_pivot/bankOut_r_pivot_twin","cat":"step","ph":"X","ts":183156,"dur":3,"pid":1,"tid":3},
{"name":"ComposeSubtree /Biped/Rig/Controls/leg_r_ik/ankle_r_pivot/bank_r","cat":"step","ph":"X","ts":183159,"dur":2,"pid":1,"tid":3},
{"name":"ComposeSubtree /Biped/Rig/Controls/leg_r_pv","cat":"step","ph":"X","ts":183077,"dur":1,"pid":1,"tid":0},
{"name":"ComposeSubtree /Biped/Rig/Controls/middle_001_l_bind_fk_follow/middle_001_l_bind_fk/middle_002_l_bind_fk/middle_003_l_bind_fk","cat":"step","ph":"X","ts":183162,"dur":3,"pid":1,"tid":3},
{"name":"ComposeSubtree /Biped/Rig/Controls/pinkyCup_l_bind_fk_follow","cat":"step","ph":"X","ts":183078,"dur":1,"pid":1,"tid":0},
{"name":"ComposeSubtree /Biped/Rig/Controls/pinkyCup_l_bind_fk_follow/pinkyCup_l_bind_fk/pinky_001_l_bind_fk/pinky_002_l_bind_fk/pinky_003_l_bind_fk","cat":"step","ph":"X","ts":183165,"dur":1,"pid":1,"tid":3},
{"name":"ComposeSubtree /Biped/Rig/Controls/pinkyCup_r_bind_fk_follow","cat":"step","ph":"X","ts":183079,"dur":1,"pid":1,"tid":0},
{"name":"ComposeSubtree /Biped/Rig/Controls/pinkyCup_r_bind_fk_follow/pinkyCup_r_bind_fk/pinky_001_r_bind_fk","cat":"step","ph":"X","ts":183087,"dur":1,"pid":1,"tid":0},
{"name":"ComposeSubtree /Biped/Rig/Controls/ring_001_l_bind_fk_follow/ring_001_l_bind_fk/ring_002_l_bind_fk/ring_003_l_bind_fk","cat":"step","ph":"X","ts":183166,"dur":1,"pid":1,"tid":3},
{"name":"ComposeSubtree /Biped/Rig/Controls/ring_001_r_bind_fk_follow","cat":"step","ph":"X","ts":183080,"dur":1,"pid":1,"tid":0},
{"name":"ComposeSubtree /Biped/Rig/Controls/thumbCup_l_bind_fk_follow/thumbCup_l_bind_fk/thumb_001_l_bind_fk/thumb_002_l_bind_fk","cat":"step","ph":"X","ts":183167,"dur":1,"pid":1,"tid":3},
{"name":"ComposeSubtree /Biped/Rig/Controls/thumbCup_r_bind_fk_follow","cat":"step","ph":"X","ts":183081,"dur":1,"pid":1,"tid":0},
{"name":"ComposeSubtree /Biped/Rig/Controls/thumbCup_r_bind_fk_follow/thumbCup_r_bind_fk/thumb_001_r_bind_fk","cat":"step","ph":"X","ts":183088,"dur":1,"pid":1,"tid":0},
{"name":"ComposeSubtree /Biped/Rig/Joints/ankle_l_pivot/bankIn_l_pivot/bankOut_l_pivot/heel_l_pivot/ball_l_pivot","cat":"step","ph":"X","ts":183168,"dur":1,"pid":1,"tid":3},
{"name":"ComposeSubtree /Biped/Rig/Joints/ankle_r_pivot/bankIn_r_pivot/bankOut_r_pivot/heel_r_pivot/ball_r_pivot/toe_r_pivot/ballRoll_r_pivot","cat":"step","ph":"X","ts":183174,"dur":1,"pid":1,"tid":3},
{"name":"ComposeSubtree /Biped/Rig/Joints/hips_bind","cat":"step","ph":"X","ts":183082,"dur":1,"pid":1,"tid":0},
{"name":"ComposeSubtree /Biped/Rig/Joints/hips_bind/pelvis_l_bind/pelvis_trans_combo_l_driver","cat":"step","ph":"X","ts":183089,"dur":1,"pid":1,"tid":0},
{"name":"ComposeSubtree /Biped/Rig/Joints/hips_bind/pelvis_l_bind/pelvis_trans_l_bind/thigh_l_driver","cat":"step","ph":"X","ts":183169,"dur":1,"pid":1,"tid":3},
{"name":"ComposeSubtree /Biped/Rig/Joints/hips_bind/pelvis_l_bind/thigh_l_bind/knee_l_bind/ankleTwist_l_driver","cat":"step","ph":"X","ts":183096,"dur":1,"pid":1,"tid":0},
{"name":"ComposeSubtree /Biped/Rig/Joints/hips_bind/pelvis_l_bind/thigh_l_bind/knee_l_bind/ankle_l_bind/ball_l_bind/toe1_001_l_bind/toe1_002_l_bind","cat":"step","ph":"X","ts":183204,"dur":1,"pid":1,"tid":0},
{"name":"ComposeSubtree /Biped/Rig/Joints/hips_bind/pelvis_l_bind/thigh_l_bind/knee_l_bind/ankle_l_bind/ball_l_bind/toe3_001_l_bind","cat":"step","ph":"X","ts":183205,"dur":1,"pid":1,"tid":0},
{"name":"ComposeSubtree /Biped/Rig/Joints/hips_bind/pelvis_l_bind/thigh_l_bind/knee_l_bind/ankle_l_bind/ball_l_bind/toe5_001_l_bind","cat":"step","ph":"X","ts":183206,"dur":1,"pid":1,"tid":0},
{"name":"ComposeSubtree /Biped/Rig/Joints/hips_bind/pelvis_l_bind/thigh_l_bind/knee_l_bind/ankle_l_bind/ball_l_bind/toe5_001_l_bind/toe5_002_l_bind/toe5_003_l_bind","cat":"step","ph":"X","ts":183217,"dur":1,"pid":1,"tid":0},
{"name":"ComposeSubtree /Biped/Rig/Joints/hips_bind/pelvis_r_bind","cat":"step","ph":"X","ts":183090,"dur":1,"pid":1,"tid":0},
{"name":"ComposeSubtree /Biped/Rig/Joints/hips_bind/pelvis_r_bind/pelvis_trans_r_bind","cat":"step","ph":"X","ts":183097,"dur":1,"pid":1,"tid":0},
{"name":"ComposeSubtree /Biped/Rig/Joints/hips_bind/pelvis_r_bind/pelvis_trans_r_bind/thigh_r_driver","cat":"step","ph":"X","ts":183175,"dur":1,"pid":1,"tid":3},
{"name":"ComposeSubtree /Biped/Rig/Joints/hips_bind/pelvis_r_bind/thigh_r_bind/knee_r_bind/ankleTwist_r_bind","cat":"step","ph":"X","ts":183176,"dur":1,"pid":1,"tid":3},
{"name":"ComposeSubtree /Biped/Rig/Joints/hips_bind/pelvis_r_bind/thigh_r_bind/knee_r_bind/ankle_r_bind/ball_r_bind","cat":"step","ph":"X","ts":183207,"dur":1,"pid":1,"tid":0},
{"name":"ComposeSubtree /Biped/Rig/Joints/hips_bind/pelvis_r_bind/thigh_r_bind/knee_r_bind/ankle_r_bind/ball_r_bind/toe1_001_r_bind/toe1_002_r_bind/toe1_003_r_bind","cat":"step","ph":"X","ts":183259,"dur":1,"pid":1,"tid":4},
{"name":"ComposeSubtree /Biped/Rig/Joints/hips_bind/pelvis_r_bind/thigh_r_bind/knee_r_bind/ankle_r_bind/ball_r_bind/toe2_001_r_bind","cat":"step","ph":"X","ts":183218,"dur":1,"pid":1,"tid":0},
{"name":"ComposeSubtree /Biped/Rig/Joints/hips_bind/pelvis_r_bind/thigh_r_bind/knee_r_bind/ankle_r_bind/ball_r_bind/toe2_001_r_bind/toe2_002_r_bind/toe2_003_r_bind","cat":"step","ph":"X","ts":183260,"dur":1,"pid":1,"tid":4},
{"name":"ComposeSubtree /Biped/Rig/Joints/hips_bind/pelvis_r_bind/thigh_r_bind/knee_r_bind/ankle_r_bind/ball_r_bind/toe4_001_r_bind","cat":"step","ph":"X","ts":183219,"dur":1,"pid":1,"tid":0},
{"name":"ComposeSubtree /Biped/Rig/Joints/hips_bind/pelvis_r_bind/thigh_r_bind/knee_r_bind/ankle_r_bind/ball_r_bind/toe4_001_r_bind/toe4_002_r_bind/toe4_003_r_bind","cat":"step","ph":"X","ts":183261,"dur":1,"pid":1,"tid":4},
{"name":"ComposeSubtree /Biped/Rig/Joints/hips_bind/pelvis_r_bind/thigh_r_bind/knee_r_bind/ankle_r_bind/ball_r_bind/toe_r_bind","cat":"step","ph":"X","ts":183220,"dur":1,"pid":1,"tid":0},
{"name":"ComposeSubtree /Biped/Rig/Joints/hips_bind/pelvis_r_bind/thigh_r_bind/knee_r_bind/kneeTwist_r_bind","cat":"step","ph":"X","ts":183177,"dur":1,"pid":1,"tid":3},
{"name":"ComposeSubtree /Biped/Rig/Joints/hips_bind/spine_0_bind","cat":"step","ph":"X","ts":183091,"dur":1,"pid":1,"tid":0},
{"name":"ComposeSubtree /Biped/Rig/Joints/hips_bind/spine_0_bind/spine_1_bind/spine_2_bind","cat":"step","ph":"X","ts":183098,"dur":1,"pid":1,"tid":0},
{"name":"ComposeSubtree /Biped/Rig/Joints/hips_bind/spine_0_bind/spine_1_bind/spine_2_bind/spine_3_bind/spine_4_bind","cat":"step","ph":"X","ts":183178,"dur":1,"pid":1,"tid":3},
{"name":"ComposeSubtree /Biped/Rig/Joints/hips_bind/spine_0_bind/spine_1_bind/spine_2_bind/spine_3_bind/spine_4_bind/spine_5_bind/chest_bind","cat":"step","ph":"X","ts":183208,"dur":1,"pid":1,"tid":0},
{"name":"ComposeSubtree /Biped/Rig/Joints/hips_bind/spine_0_bind/spine_1_bind/spine_2_bind/spine_3_bind/spine_4_bind/spine_5_bind/chest_bind/clavicle_l_bind/clavicle_trans_l_bind/shoulder_l_driver","cat":"step","ph":"X","ts":183262,"dur":1,"pid":1,"tid":4},
{"name":"ComposeSubtree /Biped/Rig/Joints/hips_bind/spine_0_bind/spine_1_bind/spine_2_bind/spine_3_bind/spine_4_bind/spine_5_bind/chest_bind/clavicle_l_bind/shoulderNoTwist_l_bind","cat":"step","ph":"X","ts":183221,"dur":1,"pid":1,"tid":0},
{"name":"ComposeSubtree /Biped/Rig/Joints/hips_bind/spine_0_bind/spine_1_bind/spine_2_bind/spine_3_bind/spine_4_bind/spine_5_bind/chest_bind/clavicle_l_bind/shoulder_l_bind","cat":"step","ph":"X","ts":183222,"dur":1,"pid":1,"tid":0},
{"name":"ComposeSubtree /Biped/Rig/Joints/hips_bind/spine_0_bind/spine_1_bind/spine_2_bind/spine_3_bind/spine_4_bind/spine_5_bind/chest_bind/clavicle_l_bind/shoulder_l_bind/elbow_l_bind/wristTwist_l_bind","cat":"step","ph":"X","ts":183263,"dur":1,"pid":1,"tid":4},
{"name":"ComposeSubtree /Biped/Rig/Joints/hips_bind/spine_0_bind/spine_1_bind/spine_2_bind/spine_3_bind/spine_4_bind/spine_5_bind/chest_bind/clavicle_l_bind/shoulder_l_bind/elbow_l_bind/wrist_l_bind/index_001_l_bind","cat":"step","ph":"X","ts":183272,"dur":1,"pid":1,"tid":5},
{"name":"ComposeSubtree /Biped/Rig/Joints/hips_bind/spine_0_bind/spine_1_bind/spine_2_bind/spine_3_bind/spine_4_bind/spine_5_bind/chest_bind/clavicle_l_bind/shoulder_l_bind/elbow_l_bind/wrist_l_bind/index_001_l_bind/index_002_l_bind","cat":"step","ph":"X","ts":183292,"dur":3,"pid":1,"tid":6},
{"name":"ComposeSubtree /Biped/Rig/Joints/hips_bind/spine_0_bind/spine_1_bind/spine_2_bind/spine_3_bind/spine_4_bind/spine_5_bind/chest_bind/clavicle_l_bind/shoulder_l_bind/elbow_l_bind/wrist_l_bind/index_001_l_bind/index_002_l_bind/index_003_l_bind/index_004_l_bind","cat":"step","ph":"X","ts":183351,"dur":1,"pid":1,"tid":0},
{"name":"ComposeSubtree /Biped/Rig/Joints/hips_bind/spine_0_bind/spine_1_bind/spine_2_bind/spine_3_bind/spine_4_bind/spine_5_bind/chest_bind/clavicle_l_bind/shoulder_l_bind/elbow_l_bind/wrist_l_bind/middle_001_l_bind","cat":"step","ph":"X","ts":183273,"dur":1,"pid":1,"tid":5},
{"name":"ComposeSubtree /Biped/Rig/Joints/hips_bind/spine_0_bind/spine_1_bind/spine_2_bind/spine_3_bind/spine_4_bind/spine_5_bind/chest_bind/clavicle_l_bind/shoulder_l_bind/elbow_l_bind/wrist_l_bind/middle_001_l_bind/middle_002_l_bind","cat":"step","ph":"X","ts":183295,"dur":1,"pid":1,"tid":6},
{"name":"ComposeSubtree /Biped/Rig/Joints/hips_bind/spine_0_bind/spine_1_bind/spine_2_bind/spine_3_bind/spine_4_bind/spine_5_bind/chest_bind/clavicle_l_bind/shoulder_l_bind/elbow_l_bind/wrist_l_bind/middle_001_l_bind/middle_002_l_bind/middle_003_l_bind/middle_004_l_bind","cat":"step","ph":"X","ts":183352,"dur":1,"pid":1,"tid":0},
{"name":"ComposeSubtree /Biped/Rig/Joints/hips_bind/spine_0_bind/spine_1_bind/spine_2_bind/spine_3_bind/spine_4_bind/spine_5_bind/chest_bind/clavicle_l_bind/shoulder_l_bind/elbow_l_bind/wrist_l_bind/pinkyCup_l_bind","cat":"step","ph":"X","ts":183274,"dur":1,"pid":1,"tid":5},
{"name":"ComposeSubtree /Biped/Rig/Joints/hips_bind/spine_0_bind/spine_1_bind/spine_2_bind/spine_3_bind/spine_4_bind/spine_5_bind/chest_bind/clavicle_l_bind/shoulder_l_bind/elbow_l_bind/wrist_l_bind/pinkyCup_l_bind/pinky_001_l_bind/pinky_002_combo_l_driver","cat":"step","ph":"X","ts":183296,"dur":1,"pid":1,"tid":6},
{"name":"ComposeSubtree /Biped/Rig/Joints/hips_bind/spine_0_bind/spine_1_bind/spine_2_bind/spine_3_bind/spine_4_bind/spine_5_bind/chest_bind/clavicle_l_bind/shoulder_l_bind/elbow_l_bind/wrist_l_bind/pinkyCup_l_bind/pinky_001_l_bind/pinky_002_l_bind/pinky_003_l_bind/pinky_004_l_bind","cat":"step","ph":"X","ts":183429,"dur":1,"pid":1,"tid":6},
{"name":"ComposeSubtree /Biped/Rig/Joints/hips_bind/spine_0_bind/spine_1_bind/spine_2_bind/spine_3_bind/spine_4_bind/spine_5_bind/chest_bind/clavicle_l_bind/shoulder_l_bind/elbow_l_bind/wrist_l_bind/ring_001_l_bind","cat":"step","ph":"X","ts":183275,"dur":1,"pid":1,"tid":5},
{"name":"ComposeSubtree /Biped/Rig/Joints/hips_bind/spine_0_bind/spine_1_bind/spine_2_bind/spine_3_bind/spine_4_bind/spine_5_bind/chest_bind/clavicle_l_bind/shoulder_l_bind/elbow_l_bind/wrist_l_bind/ring_001_l_bind/ring_002_l_bind","cat":"step","ph":"X","ts":183297,"dur":1,"pid":1,"tid":6},
{"name":"ComposeSubtree /Biped/Rig/Joints/hips_bind/spine_0_bind/spine_1_bind/spine_2_bind/spine_3_bind/spine_4_bind/spine_5_bind/chest_bind/clavicle_l_bind/shoulder_l_bind/elbow_l_bind/wrist_l_bind/ring_001_l_bind/ring_002_l_bind/ring_003_l_bind/ring_004_l_bind","cat":"step","ph":"X","ts":183353,"dur":1,"pid":1,"tid":0},
{"name":"ComposeSubtree /Biped/Rig/Joints/hips_bind/spine_0_bind/spine_1_bind/spine_2_bind/spine_3_bind/spine_4_bind/spine_5_bind/chest_bind/clavicle_l_bind/shoulder_l_bind/elbow_l_bind/wrist_l_bind/thumbCup_l_bind","cat":"step","ph":"X","ts":183276,"dur":1,"pid":1,"tid":5},
{"name":"ComposeSubtree /Biped/Rig/Joints/hips_bind/spine_0_bind/spine_1_bind/spine_2_bind/spine_3_bind/spine_4_bind/spine_5_bind/chest_bind/clavicle_r_bind/clavicle_trans_r_bind","cat":"step","ph":"X","ts":183264,"dur":1,"pid":1,"tid":4},
{"name":"ComposeSubtree /Biped/Rig/Joints/hips_bind/spine_0_bind/spine_1_bind/spine_2_bind/spine_3_bind/spine_4_bind/spine_5_bind/chest_bind/clavicle_r_bind/shoulder_r_bind","cat":"step","ph":"X","ts":183265,"dur":1,"pid":1,"tid":4},
{"name":"ComposeSubtree /Biped/Rig/Joints/hips_bind/spine_0_bind/spine_1_bind/spine_2_bind/spine_3_bind/spine_4_bind/spine_5_bind/chest_bind/clavicle_r_bind/shoulder_r_bind/elbow_r_bind/elbowTwist_r_bind","cat":"step","ph":"X","ts":183277,"dur":1,"pid":1,"tid":5},
{"name":"ComposeSubtree /Biped/Rig/Joints/hips_bind/spine_0_bind/spine_1_bind/spine_2_bind/spine_3_bind/spine_4_bind/spine_5_bind/chest_bind/clavicle_r_bind/shoulder_r_bind/elbow_r_bind/wristTwist_r_bind","cat":"step","ph":"X","ts":183278,"dur":1,"pid":1,"tid":5},
{"name":"ComposeSubtree /Biped/Rig/Joints/hips_bind/spine_0_bind/spine_1_bind/spine_2_bind/spine_3_bind/spine_4_bind/spine_5_bind/chest_bind/clavicle_r_bind/shoulder_r_bind/elbow_r_bind/wrist_r_bind/index_001_r_bind","cat":"step","ph":"X","ts":183298,"dur":1,"pid":1,"tid":6},
{"name":"ComposeSubtree /Biped/Rig/Joints/hips_bind/spine_0_bind/spine_1_bind/spine_2_bind/spine_3_bind/spine_4_bind/spine_5_bind/chest_bind/clavicle_r_bind/shoulder_r_bind/elbow_r_bind/wrist_r_bind/index_001_r_bind/index_002_r_bind","cat":"step","ph":"X","ts":183354,"dur":1,"pid":1,"tid":0},
{"name":"ComposeSubtree /Biped/Rig/Joints/hips_bind/spine_0_bind/spine_1_bind/spine_2_bind/spine_3_bind/spine_4_bind/spine_5_bind/chest_bind/clavicle_r_bind/shoulder_r_bind/elbow_r_bind/wrist_r_bind/index_001_r_bind/index_002_r_bind/index_003_r_bind/index_004_r_bind","cat":"step","ph":"X","ts":183430,"dur":1,"pid":1,"tid":6},
{"name":"ComposeSubtree /Biped/Rig/Joints/hips_bind/spine_0_bind/spine_1_bind/spine_2_bind/spine_3_bind/spine_4_bind/spine_5_bind/chest_bind/clavicle_r_bind/shoulder_r_bind/elbow_r_bind/wrist_r_bind/middle_001_r_bind","cat":"step","ph":"X","ts":183299,"dur":1,"pid":1,"tid":6},
{"name":"ComposeSubtree /Biped/Rig/Joints/hips_bind/spine_0_bind/spine_1_bind/spine_2_bind/spine_3_bind/spine_4_bind/spine_5_bind/chest_bind/clavicle_r_bind/shoulder_r_bind/elbow_r_bind/wrist_r_bind/middle_001_r_bind/middle_002_r_bind","cat":"step","ph":"X","ts":183355,"dur":1,"pid":1,"tid":0},
{"name":"ComposeSubtree /Biped/Rig/Joints/hips_bind/spine_0_bind/spine_1_bind/spine_2_bind/spine_3_bind/spine_4_bind/spine_5_bind/chest_bind/clavicle_r_bind/shoulder_r_bind/elbow_r_bind/wrist_r_bind/pinkyCup_r_bind","cat":"step","ph":"X","ts":183300,"dur":1,"pid":1,"tid":6},
{"name":"ComposeSubtree /Biped/Rig/Joints/hips_bind/spine_0_bind/spine_1_bind/spine_2_bind/spine_3_bind/spine_4_bind/spine_5_bind/chest_bind/clavicle_r_bind/shoulder_r_bind/elbow_r_bind/wrist_r_bind/pinkyCup_r_bind/pinky_001_r_bind/pinky_002_r_bind/pinky_003_r_bind","cat":"step","ph":"X","ts":183431,"dur":1,"pid":1,"tid":6},
{"name":"ComposeSubtree /Biped/Rig/Joints/hips_bind/spine_0_bind/spine_1_bind/spine_2_bind/spine_3_bind/spine_4_bind/spine_5_bind/chest_bind/clavicle_r_bind/shoulder_r_bind/elbow_r_bind/wrist_r_bind/pinkyCup_r_bind/pinky_001_r_bind/pinky_002_r_bind/pinky_003_r_bind/pinky_004_r_bind","cat":"step","ph":"X","ts":183452,"dur":2,"pid":1,"tid":7},
{"name":"ComposeSubtree /Biped/Rig/Joints/hips_bind/spine_0_bind/spine_1_bind/spine_2_bind/spine_3_bind/spine_4_bind/spine_5_bind/chest_bind/clavicle_r_bind/shoulder_r_bind/elbow_r_bind/wrist_r_bind/ring_001_r_bind","cat":"step","ph":"X","ts":183301,"dur":1,"pid":1,"tid":6},
{"name":"ComposeSubtree /Biped/Rig/Joints/hips_bind/spine_0_bind/spine_1_bind/spine_2_bind/spine_3_bind/spine_4_bind/spine_5_bind/chest_bind/clavicle_r_bind/shoulder_r_bind/elbow_r_bind/wrist_r_bind/ring_001_r_bind/ring_002_r_bind","cat":"step","ph":"X","ts":183356,"dur":1,"pid":1,"tid":0},
{"name":"ComposeSubtree /Biped/Rig/Joints/hips_bind/spine_0_bind/spine_1_bind/spine_2_bind/spine_3_bind/spine_4_bind/spine_5_bind/chest_bind/clavicle_r_bind/shoulder_r_bind/elbow_r_bind/wrist_r_bind/ring_001_r_bind/ring_002_r_bind/ring_003_r_bind/ring_004_r_bind","cat":"step","ph":"X","ts":183432,"dur":1,"pid":1,"tid":6},
{"name":"ComposeSubtree /Biped/Rig/Joints/hips_bind/spine_0_bind/spine_1_bind/spine_2_bind/spine_3_bind/spine_4_bind/spine_5_bind/chest_bind/clavicle_r_bind/shoulder_r_bind/elbow_r_bind/wrist_r_bind/thumbCup_r_bind","cat":"step","ph":"X","ts":183302,"dur":2,"pid":1,"tid":6},
{"name":"ComposeSubtree /Biped/Rig/Joints/hips_bind/spine_0_bind/spine_1_bind/spine_2_bind/spine_3_bind/spine_4_bind/spine_5_bind/chest_bind/clavicle_r_bind/shoulder_r_bind/elbow_r_bind/wrist_r_bind/thumbCup_r_bind/thumb_001_r_bind/thumb_002_r_bind","cat":"step","ph":"X","ts":183357,"dur":45,"pid":1,"tid":0},
{"name":"ComposeSubtree /Biped/Rig/Joints/hips_bind/spine_0_bind/spine_1_bind/spine_2_bind/spine_3_bind/spine_4_bind/spine_5_bind/chest_bind/neck_base_bind","cat":"step","ph":"X","ts":183224,"dur":1,"pid":1,"tid":8},
{"name":"ComposeSubtree /Biped/Rig/Joints/hips_bind/spine_0_bind/spine_1_bind/spine_2_bind/spine_3_bind/spine_4_bind/spine_5_bind/chest_bind/neck_base_bind/neck_0_bind/neck_1_bind/neck_2_bind/neck_3_bind","cat":"step","ph":"X","ts":183279,"dur":1,"pid":1,"tid":5},
{"name":"ComposeSubtree /Biped/Rig/Joints/hips_bind/spine_0_bind/spine_1_bind/spine_2_bind/spine_3_bind/spine_4_bind/spine_5_bind/chest_bind/neck_base_bind/neck_0_bind/neck_1_bind/neck_2_bind/neck_3_bind/skull_bind/face_lower_bind/face_mid_bind/jaw_compression_driver","cat":"step","ph":"X","ts":183402,"dur":1,"pid":1,"tid":0},
{"name":"ComposeSubtree /Biped/Rig/Joints/hips_bind/spine_0_bind/spine_1_bind/spine_2_bind/spine_3_bind/spine_4_bind/spine_5_bind/chest_bind/neck_base_bind/neck_0_bind/neck_1_bind/neck_2_bind/neck_3_bind/skull_bind/face_lower_bind/face_mid_bind/teeth_upper_bind","cat":"step","ph":"X","ts":183403,"dur":1,"pid":1,"tid":0},
{"name":"ComposeSubtree /Biped/Rig/Joints/hips_bind/spine_0_bind/spine_1_bind/spine_2_bind/spine_3_bind/spine_4_bind/spine_5_bind/chest_bind/neck_base_bind/neck_0_bind/neck_1_bind/neck_2_bind/neck_3_bind/skull_bind/face_lower_bind/jaw_bind/tongue_0_bind","cat":"step","ph":"X","ts":183434,"dur":1,"pid":1,"tid":6},
{"name":"ComposeSubtree /Biped/Rig/Joints/hips_bind/spine_0_bind/spine_1_bind/spine_2_bind/spine_3_bind/spine_4_bind/spine_5_bind/chest_bind/neck_base_bind/neck_0_bind/neck_1_bind/neck_2_bind/neck_3_bind/skull_bind/face_lower_bind/jaw_bind/tongue_0_bind/tongue_1_bind/tongue_2_bind/tongue_3_bind","cat":"step","ph":"X","ts":183475,"dur":1,"pid":1,"tid":9},
{"name":"ComposeSubtree /Biped/Rig/Joints/hips_bind/spine_0_bind/spine_1_bind/spine_2_bind/spine_3_bind/spine_4_bind/spine_5_bind/chest_bind/neck_base_bind/neck_0_bind/neck_1_bind/neck_2_bind/neck_3_bind/skull_bind/face_upper_bind","cat":"step","ph":"X","ts":183304,"dur":1,"pid":1,"tid":6},
{"name":"ComposeSubtree /Biped/Rig/Joints/hips_bind/spine_0_bind/spine_1_bind/spine_2_bind/spine_3_bind/spine_4_bind/spine_5_bind/chest_bind/neck_base_bind/neck_0_bind/neck_1_bind/neck_2_bind/neck_3_bind/skull_bind/face_upper_bind/head_tip_bind/brow_inner_r_bind","cat":"step","ph":"X","ts":183435,"dur":1,"pid":1,"tid":6},
{"name":"ComposeSubtree /Biped/Rig/Joints/hips_bind/spine_0_bind/spine_1_bind/spine_2_bind/spine_3_bind/spine_4_bind/spine_5_bind/chest_bind/neck_base_bind/neck_0_bind/neck_1_bind/neck_2_bind/neck_3_bind/skull_bind/face_upper_bind/head_tip_bind/brow_peak_r_bind","cat":"step","ph":"X","ts":183436,"dur":1,"pid":1,"tid":6},
{"name":"ComposeSubtree /Biped/Rig/Joints/neck_ik_neck_0_bind/neck_ik_neck_1_bind","cat":"step","ph":"X","ts":183454,"dur":1,"pid":1,"tid":7},
{"name":"ComposeSubtree /Biped/Rig/Joints/neck_ik_neck_0_bind/neck_ik_neck_1_bind/neck_ik_neck_2_bind/neck_ik_neck_3_bind","cat":"step","ph":"X","ts":183476,"dur":1,"pid":1,"tid":9},
{"name":"ComposeSubtree /Biped/Rig/Joints/pupilCenter_l_pivot","cat":"step","ph":"X","ts":183083,"dur":1,"pid":1,"tid":0},
{"name":"ComposeSubtree /Biped/Rig/Joints/spine_ik_spine_0_bind","cat":"step","ph":"X","ts":183063,"dur":3,"pid":1,"tid":0},
{"name":"ComposeSubtree /Biped/Rig/Joints/spine_ik_spine_0_bind/spine_ik_spine_1_bind/spine_ik_spine_2_bind/spine_ik_spine_3_bind/spine_ik_spine_4_bind/spine_ik_spine_5_bind","cat":"step","ph":"X","ts":183179,"dur":1,"pid":1,"tid":3},
{"name":"Solve /Biped/Rig/Solvers/arm_l_fkChain","cat":"step","ph":"X","ts":183226,"dur":13,"pid":1,"tid":8},
{"name":"SolverCommit batch 0","cat":"step","ph":"X","ts":183254,"dur":1,"pid":1,"tid":8},
{"name":"Solve /Biped/Rig/Solvers/arm_l_twoBoneIk","cat":"step","ph":"X","ts":183209,"dur":3,"pid":1,"tid":0},
{"name":"SolverCommit batch 1","cat":"step","ph":"X","ts":183239,"dur":1,"pid":1,"tid":8},
{"name":"SolverCommit batch 2","cat":"step","ph":"X","ts":183280,"dur":1,"pid":1,"tid":5},
{"name":"Solve /Biped/Rig/Solvers/arm_r_twoBoneIk","cat":"step","ph":"X","ts":183201,"dur":11,"pid":1,"tid":3},
{"name":"Solve /Biped/Rig/Solvers/leg_l_fkChain","cat":"step","ph":"X","ts":183212,"dur":2,"pid":1,"tid":3},
{"name":"Solve /Biped/Rig/Solvers/leg_r_fkChain","cat":"step","ph":"X","ts":183240,"dur":1,"pid":1,"tid":8},
{"name":"SolverCommit batch 5","cat":"step","ph":"X","ts":183255,"dur":1,"pid":1,"tid":8},
{"name":"Solve /Biped/Rig/Solvers/neck_splineIk","cat":"step","ph":"X","ts":183241,"dur":12,"pid":1,"tid":8},
{"name":"SolverCommit batch 6","cat":"step","ph":"X","ts":183493,"dur":1,"pid":1,"tid":9},
{"name":"Constraint /Biped/Rig/Movers/spine_mid_follow/spine_mid_follow_pos","cat":"step","ph":"X","ts":183180,"dur":13,"pid":1,"tid":3},
{"name":"Solve /Biped/Rig/Solvers/arm_l_ikfk","cat":"step","ph":"X","ts":183256,"dur":4,"pid":1,"tid":8},
{"name":"SolverCommit batch 8","cat":"step","ph":"X","ts":183281,"dur":3,"pid":1,"tid":5},
{"name":"Solve /Biped/Rig/Solvers/arm_r_ikfk","cat":"step","ph":"X","ts":183284,"dur":4,"pid":1,"tid":5},
{"name":"SolverCommit batch 9","cat":"step","ph":"X","ts":183305,"dur":4,"pid":1,"tid":6},
{"name":"Constraint /Biped/Rig/Movers/spine_mid_follow/spine_mid_follow_aim","cat":"step","ph":"X","ts":183214,"dur":6,"pid":1,"tid":3},
{"name":"Solve /Biped/Rig/Solvers/spine_splineIk","cat":"step","ph":"X","ts":183221,"dur":27,"pid":1,"tid":3},
{"name":"SolverCommit batch 11","cat":"step","ph":"X","ts":183260,"dur":1,"pid":1,"tid":8},
{"name":"Constraint /Biped/Rig/Movers/hand_r_follow/thumbCup_r_bind_fk_follow_to_wrist_r_bind","cat":"step","ph":"X","ts":183405,"dur":11,"pid":1,"tid":0},
{"name":"Solve /Biped/Rig/Solvers/fk_thumb_r","cat":"step","ph":"X","ts":183437,"dur":5,"pid":1,"tid":6},
{"name":"SolverCommit batch 13","cat":"step","ph":"X","ts":183455,"dur":2,"pid":1,"tid":7},
{"name":"Constraint /Biped/Rig/Movers/hand_r_follow/ring_001_r_bind_fk_follow_to_wrist_r_bind","cat":"step","ph":"X","ts":183416,"dur":5,"pid":1,"tid":0},
{"name":"Solve /Biped/Rig/Solvers/fk_ring_r","cat":"step","ph":"X","ts":183442,"dur":1,"pid":1,"tid":6},
{"name":"SolverCommit batch 15","cat":"step","ph":"X","ts":183457,"dur":1,"pid":1,"tid":7},
{"name":"Constraint /Biped/Rig/Movers/hand_r_follow/pinkyCup_r_bind_fk_follow_to_wrist_r_bind","cat":"step","ph":"X","ts":183354,"dur":15,"pid":1,"tid":10},
{"name":"Solve /Biped/Rig/Solvers/fk_pinky_r","cat":"step","ph":"X","ts":183381,"dur":3,"pid":1,"tid":10},
{"name":"SolverCommit batch 17","cat":"step","ph":"X","ts":183477,"dur":2,"pid":1,"tid":9},
{"name":"Constraint /Biped/Rig/Movers/hand_r_follow/middle_001_r_bind_fk_follow_to_wrist_r_bind","cat":"step","ph":"X","ts":183369,"dur":6,"pid":1,"tid":10},
{"name":"Solve /Biped/Rig/Solvers/fk_middle_r","cat":"step","ph":"X","ts":183384,"dur":3,"pid":1,"tid":10},
{"name":"SolverCommit batch 19","cat":"step","ph":"X","ts":183458,"dur":2,"pid":1,"tid":7},
{"name":"Constraint /Biped/Rig/Movers/hand_r_follow/index_001_r_bind_fk_follow_to_wrist_r_bind","cat":"step","ph":"X","ts":183375,"dur":5,"pid":1,"tid":10},
{"name":"Solve /Biped/Rig/Solvers/fk_index_r","cat":"step","ph":"X","ts":183387,"dur":2,"pid":1,"tid":10},
{"name":"SolverCommit batch 21","cat":"step","ph":"X","ts":183460,"dur":1,"pid":1,"tid":7},
{"name":"Constraint /Biped/Rig/Movers/hand_l_follow/thumbCup_l_bind_fk_follow_to_wrist_l_bind","cat":"step","ph":"X","ts":183309,"dur":14,"pid":1,"tid":6},
{"name":"Solve /Biped/Rig/Solvers/fk_thumb_l","cat":"step","ph":"X","ts":183357,"dur":5,"pid":1,"tid":11},
{"name":"SolverCommit batch 23","cat":"step","ph":"X","ts":183430,"dur":2,"pid":1,"tid":12},
{"name":"Constraint /Biped/Rig/Movers/hand_l_follow/ring_001_l_bind_fk_follow_to_wrist_l_bind","cat":"step","ph":"X","ts":183323,"dur":6,"pid":1,"tid":6},
{"name":"Solve /Biped/Rig/Solvers/fk_ring_l","cat":"step","ph":"X","ts":183362,"dur":2,"pid":1,"tid":11},
{"name":"SolverCommit batch 25","cat":"step","ph":"X","ts":183432,"dur":1,"pid":1,"tid":12},
{"name":"Constraint /Biped/Rig/Movers/hand_l_follow/pinkyCup_l_bind_fk_follow_to_wrist_l_bind","cat":"step","ph":"X","ts":183291,"dur":8,"pid":1,"tid":8},
{"name":"Solve /Biped/Rig/Solvers/fk_pinky_l","cat":"step","ph":"X","ts":183364,"dur":2,"pid":1,"tid":11},
{"name":"SolverCommit batch 27","cat":"step","ph":"X","ts":183461,"dur":1,"pid":1,"tid":7},
{"name":"Constraint /Biped/Rig/Movers/hand_l_follow/middle_001_l_bind_fk_follow_to_wrist_l_bind","cat":"step","ph":"X","ts":183299,"dur":5,"pid":1,"tid":8},
{"name":"Solve /Biped/Rig/Solvers/fk_middle_l","cat":"step","ph":"X","ts":183309,"dur":1,"pid":1,"tid":8},
{"name":"SolverCommit batch 29","cat":"step","ph":"X","ts":183433,"dur":1,"pid":1,"tid":12},
{"name":"Constraint /Biped/Rig/Movers/hand_l_follow/index_001_l_bind_fk_follow_to_wrist_l_bind","cat":"step","ph":"X","ts":183304,"dur":4,"pid":1,"tid":8},
{"name":"Solve /Biped/Rig/Solvers/fk_index_l","cat":"step","ph":"X","ts":183310,"dur":1,"pid":1,"tid":8},
{"name":"SolverCommit batch 31","cat":"step","ph":"X","ts":183435,"dur":1,"pid":1,"tid":12},
{"name":"Constraint /Biped/Rig/Movers/bankIn_r_pivot_rc/bankIn_r_pivot_rotation","cat":"step","ph":"X","ts":183293,"dur":7,"pid":1,"tid":13},
{"name":"Constraint /Biped/Rig/Movers/bankOut_r_pivot_rc/bankOut_r_pivot_rotation","cat":"step","ph":"X","ts":183311,"dur":4,"pid":1,"tid":8},
{"name":"Constraint /Biped/Rig/Movers/heel_r_roll_rc/heel_r_roll_rotation","cat":"step","ph":"X","ts":183436,"dur":5,"pid":1,"tid":12},
{"name":"Constraint /Biped/Rig/Movers/toe_r_roll_rc/toe_r_roll_rotation","cat":"step","ph":"X","ts":183462,"dur":4,"pid":1,"tid":7},
{"name":"Constraint /Biped/Rig/Movers/ballRoll_r_up_rc/ballRoll_r_up_rotation","cat":"step","ph":"X","ts":183479,"dur":4,"pid":1,"tid":9},
{"name":"Constraint /Biped/Rig/Movers/ballRoll_r_down_rc/ballRoll_r_down_rotation","cat":"step","ph":"X","ts":183494,"dur":1,"pid":1,"tid":9},
{"name":"Solve /Biped/Rig/Solvers/leg_r_twoBoneIk","cat":"step","ph":"X","ts":183508,"dur":1,"pid":1,"tid":9},
{"name":"SolverCommit batch 39","cat":"step","ph":"X","ts":183522,"dur":5,"pid":1,"tid":9},
{"name":"Constraint /Biped/Rig/Movers/ankle_r_bind_scAim/ankle_r_bind_aim","cat":"step","ph":"X","ts":183556,"dur":5,"pid":1,"tid":9},
{"name":"Constraint /Biped/Rig/Movers/ball_r_bind_scAim/ball_r_bind_aim","cat":"step","ph":"X","ts":183612,"dur":10,"pid":1,"tid":11},
{"name":"Constraint /Biped/Rig/Movers/bankIn_l_pivot_rc/bankIn_l_pivot_rotation","cat":"step","ph":"X","ts":183267,"dur":7,"pid":1,"tid":4},
{"name":"Constraint /Biped/Rig/Movers/bankOut_l_pivot_rc/bankOut_l_pivot_rotation","cat":"step","ph":"X","ts":183300,"dur":1,"pid":1,"tid":13},
{"name":"Constraint /Biped/Rig/Movers/heel_l_roll_rc/heel_l_roll_rotation","cat":"step","ph":"X","ts":183359,"dur":4,"pid":1,"tid":14},
{"name":"Constraint /Biped/Rig/Movers/toe_l_roll_rc/toe_l_roll_rotation","cat":"step","ph":"X","ts":183441,"dur":2,"pid":1,"tid":12},
{"name":"Constraint /Biped/Rig/Movers/ballRoll_l_up_rc/ballRoll_l_up_rotation","cat":"step","ph":"X","ts":183466,"dur":2,"pid":1,"tid":7},
{"name":"Constraint /Biped/Rig/Movers/ballRoll_l_down_rc/ballRoll_l_down_rotation","cat":"step","ph":"X","ts":183483,"dur":1,"pid":1,"tid":9},
{"name":"Solve /Biped/Rig/Solvers/leg_l_twoBoneIk","cat":"step","ph":"X","ts":183495,"dur":2,"pid":1,"tid":9},
{"name":"Solve /Biped/Rig/Solvers/leg_l_ikfk","cat":"step","ph":"X","ts":183509,"dur":1,"pid":1,"tid":9},
{"name":"SolverCommit batch 49","cat":"step","ph":"X","ts":183515,"dur":5,"pid":1,"tid":9},
{"name":"Constraint /Biped/Rig/Movers/ankle_l_bind_scAim/ankle_l_bind_aim","cat":"step","ph":"X","ts":183527,"dur":6,"pid":1,"tid":9},
{"name":"Constraint /Biped/Rig/Movers/ball_l_bind_scAim/ball_l_bind_aim","cat":"step","ph":"X","ts":183561,"dur":6,"pid":1,"tid":9},
{"name":"Constraint /Biped/Rig/Movers/hips_follow/spine_root_ctl_drives_hips_bind","cat":"step","ph":"X","ts":183099,"dur":17,"pid":1,"tid":0},
{"name":"PropagateChunk /Biped/Rig/Movers/hips_follow/spine_root_ctl_drives_hips_bind","cat":"step","ph":"X","ts":183497,"dur":5,"pid":1,"tid":9},
{"name":"CommitApply /Biped/Rig/Movers/hips_follow/spine_root_ctl_drives_hips_bind","cat":"step","ph":"X","ts":183510,"dur":3,"pid":1,"tid":9},
{"name":"Constraint /Biped/Rig/Movers/hips_follow/spine_root_ctl_scales_hips_bind","cat":"step","ph":"X","ts":183520,"dur":2,"pid":1,"tid":9},
{"name":"PropagateChunk /Biped/Rig/Movers/hips_follow/spine_root_ctl_scales_hips_bind","cat":"step","ph":"X","ts":183567,"dur":34,"pid":1,"tid":9},
{"name":"CommitApply /Biped/Rig/Movers/hips_follow/spine_root_ctl_scales_hips_bind","cat":"step","ph":"X","ts":183622,"dur":4,"pid":1,"tid":11},
{"name":"Constraint /Biped/Rig/Movers/spine_to_bind/spine_ik_spine_0_bind_scale_to_spine_0_bind","cat":"step","ph":"X","ts":183644,"dur":12,"pid":1,"tid":2},
{"name":"Constraint /Biped/Rig/Movers/spine_to_bind/spine_ik_spine_0_bind_to_spine_0_bind","cat":"step","ph":"X","ts":183671,"dur":26,"pid":1,"tid":14},
{"name":"Constraint /Biped/Rig/Movers/spine_to_bind/spine_ik_spine_1_bind_scale_to_spine_1_bind","cat":"step","ph":"X","ts":183715,"dur":7,"pid":1,"tid":0},
{"name":"Constraint /Biped/Rig/Movers/spine_to_bind/spine_ik_spine_1_bind_to_spine_1_bind","cat":"step","ph":"X","ts":183728,"dur":8,"pid":1,"tid":0},
{"name":"Constraint /Biped/Rig/Movers/spine_to_bind/spine_ik_spine_2_bind_scale_to_spine_2_bind","cat":"step","ph":"X","ts":183742,"dur":7,"pid":1,"tid":10},
{"name":"Constraint /Biped/Rig/Movers/spine_to_bind/spine_ik_spine_2_bind_to_spine_2_bind","cat":"step","ph":"X","ts":183753,"dur":7,"pid":1,"tid":10},
{"name":"Constraint /Biped/Rig/Movers/spine_to_bind/spine_ik_spine_3_bind_scale_to_spine_3_bind","cat":"step","ph":"X","ts":183761,"dur":5,"pid":1,"tid":10},
{"name":"Constraint /Biped/Rig/Movers/spine_to_bind/spine_ik_spine_3_bind_to_spine_3_bind","cat":"step","ph":"X","ts":183771,"dur":7,"pid":1,"tid":10},
{"name":"Constraint /Biped/Rig/Movers/spine_to_bind/spine_ik_spine_4_bind_scale_to_spine_4_bind","cat":"step","ph":"X","ts":183778,"dur":6,"pid":1,"tid":10},
{"name":"Constraint /Biped/Rig/Movers/spine_to_bind/spine_ik_spine_4_bind_to_spine_4_bind","cat":"step","ph":"X","ts":183784,"dur":6,"pid":1,"tid":10},
{"name":"Constraint /Biped/Rig/Movers/spine_to_bind/spine_ik_spine_5_bind_scale_to_spine_5_bind","cat":"step","ph":"X","ts":183790,"dur":5,"pid":1,"tid":10},
{"name":"Constraint /Biped/Rig/Movers/spine_to_bind/spine_ik_spine_5_bind_to_spine_5_bind","cat":"step","ph":"X","ts":183795,"dur":6,"pid":1,"tid":10},
{"name":"Constraint /Biped/Rig/Movers/spine_to_bind/spine_ik_chest_bind_scale_to_chest_bind","cat":"step","ph":"X","ts":183801,"dur":5,"pid":1,"tid":10},
{"name":"Constraint /Biped/Rig/Movers/spine_to_bind/spine_ik_chest_bind_to_chest_bind","cat":"step","ph":"X","ts":183807,"dur":6,"pid":1,"tid":10},
{"name":"Constraint /Biped/Rig/Movers/girdles/spine_end_ctl_drives_chest_bind","cat":"step","ph":"X","ts":183813,"dur":7,"pid":1,"tid":10},
{"name":"Constraint /Biped/Rig/Movers/girdles/pelvis_r_ctl_drives_pelvis_r_bind","cat":"step","ph":"X","ts":183656,"dur":4,"pid":1,"tid":2},
{"name":"Constraint /Biped/Rig/Movers/girdles/pelvis_l_ctl_drives_pelvis_l_bind","cat":"step","ph":"X","ts":183660,"dur":9,"pid":1,"tid":2},
{"name":"Constraint /Biped/Rig/Movers/girdles/clavicle_r_ctl_drives_clavicle_r_bind","cat":"step","ph":"X","ts":183820,"dur":2,"pid":1,"tid":10},
{"name":"Constraint /Biped/Rig/Movers/girdles/clavicle_l_ctl_drives_clavicle_l_bind","cat":"step","ph":"X","ts":183822,"dur":2,"pid":1,"tid":10},
{"name":"Constraint /Biped/Rig/Movers/girdles/spine_end_ctl_unsquashes_neck_base_bind","cat":"step","ph":"X","ts":183824,"dur":4,"pid":1,"tid":10},
{"name":"Constraint /Biped/Rig/Movers/girdles/clavicle_r_ctl_unsquashes_clavicle_r_bind","cat":"step","ph":"X","ts":183829,"dur":3,"pid":1,"tid":10},
{"name":"Constraint /Biped/Rig/Movers/girdles/clavicle_l_ctl_unsquashes_clavicle_l_bind","cat":"step","ph":"X","ts":183832,"dur":3,"pid":1,"tid":10},
{"name":"Constraint /Biped/Rig/Movers/neck_to_bind/neck_ik_neck_0_bind_scale_to_neck_0_bind","cat":"step","ph":"X","ts":183835,"dur":4,"pid":1,"tid":10},
{"name":"Constraint /Biped/Rig/Movers/neck_to_bind/neck_ik_neck_0_bind_to_neck_0_bind","cat":"step","ph":"X","ts":183843,"dur":6,"pid":1,"tid":0},
{"name":"Constraint /Biped/Rig/Movers/neck_to_bind/neck_ik_neck_1_bind_scale_to_neck_1_bind","cat":"step","ph":"X","ts":183860,"dur":7,"pid":1,"tid":6},
{"name":"Constraint /Biped/Rig/Movers/neck_to_bind/neck_ik_neck_1_bind_to_neck_1_bind","cat":"step","ph":"X","ts":183874,"dur":6,"pid":1,"tid":6},
{"name":"Constraint /Biped/Rig/Movers/neck_to_bind/neck_ik_neck_2_bind_scale_to_neck_2_bind","cat":"step","ph":"X","ts":183895,"dur":6,"pid":1,"tid":3},
{"name":"Constraint /Biped/Rig/Movers/neck_to_bind/neck_ik_neck_2_bind_to_neck_2_bind","cat":"step","ph":"X","ts":183906,"dur":5,"pid":1,"tid":3},
{"name":"Constraint /Biped/Rig/Movers/neck_to_bind/neck_ik_neck_3_bind_scale_to_neck_3_bind","cat":"step","ph":"X","ts":183915,"dur":4,"pid":1,"tid":3},
{"name":"Constraint /Biped/Rig/Movers/neck_to_bind/neck_ik_neck_3_bind_to_neck_3_bind","cat":"step","ph":"X","ts":184595,"dur":7,"pid":1,"tid":3},
{"name":"Constraint /Biped/Rig/Movers/neck_to_bind/neck_ik_skull_bind_scale_to_skull_bind","cat":"step","ph":"X","ts":184981,"dur":4,"pid":1,"tid":3},
{"name":"Constraint /Biped/Rig/Movers/neck_to_bind/neck_ik_skull_bind_to_skull_bind","cat":"step","ph":"X","ts":185002,"dur":5,"pid":1,"tid":3},
{"name":"Constraint /Biped/Rig/Movers/twist_aims/wristTwist_r_bind_copy","cat":"step","ph":"X","ts":183363,"dur":10,"pid":1,"tid":14},
{"name":"Constraint /Biped/Rig/Movers/twist_aims/wristTwist_r_bind_aim","cat":"step","ph":"X","ts":183443,"dur":8,"pid":1,"tid":12},
{"name":"Constraint /Biped/Rig/Movers/twist_aims/wristTwist_l_bind_copy","cat":"step","ph":"X","ts":183289,"dur":18,"pid":1,"tid":5},
{"name":"Constraint /Biped/Rig/Movers/twist_aims/wristTwist_l_bind_aim","cat":"step","ph":"X","ts":183373,"dur":5,"pid":1,"tid":14},
{"name":"Constraint /Biped/Rig/Movers/twist_aims/ankleTwist_r_bind_copy","cat":"step","ph":"X","ts":183626,"dur":4,"pid":1,"tid":11},
{"name":"Constraint /Biped/Rig/Movers/twist_aims/ankleTwist_r_bind_aim","cat":"step","ph":"X","ts":183644,"dur":7,"pid":1,"tid":0},
{"name":"Constraint /Biped/Rig/Movers/twist_aims/ankleTwist_l_bind_copy","cat":"step","ph":"X","ts":183601,"dur":9,"pid":1,"tid":9},
{"name":"Constraint /Biped/Rig/Movers/twist_aims/ankleTwist_l_bind_aim","cat":"step","ph":"X","ts":183630,"dur":5,"pid":1,"tid":11},
{"name":"Constraint /Biped/Rig/Movers/twist_aims/ankleTwist_r_bind_follows_ankle_r_bind","cat":"step","ph":"X","ts":183697,"dur":5,"pid":1,"tid":14},
{"name":"Constraint /Biped/Rig/Movers/twist_aims/ankleTwist_l_bind_follows_ankle_l_bind","cat":"step","ph":"X","ts":183651,"dur":2,"pid":1,"tid":0},
{"name":"Constraint /Biped/Rig/Movers/twist_aims/wristTwist_r_bind_follows_wrist_r_bind","cat":"step","ph":"X","ts":183468,"dur":3,"pid":1,"tid":7},
{"name":"Constraint /Biped/Rig/Movers/twist_aims/wristTwist_l_bind_follows_wrist_l_bind","cat":"step","ph":"X","ts":183423,"dur":2,"pid":1,"tid":0},
{"name":"Constraint /Biped/Rig/Movers/twist_aims/thighNoTwist_r_bind_follows_thigh_r_bind","cat":"step","ph":"X","ts":183702,"dur":1,"pid":1,"tid":14},
{"name":"Constraint /Biped/Rig/Movers/twist_aims/thighNoTwist_l_bind_follows_thigh_l_bind","cat":"step","ph":"X","ts":183672,"dur":2,"pid":1,"tid":0},
{"name":"Constraint /Biped/Rig/Movers/twist_aims/shoulderNoTwist_r_bind_follows_shoulder_r_bind","cat":"step","ph":"X","ts":183849,"dur":1,"pid":1,"tid":0},
{"name":"Constraint /Biped/Rig/Movers/twist_aims/shoulderNoTwist_l_bind_follows_shoulder_l_bind","cat":"step","ph":"X","ts":183850,"dur":1,"pid":1,"tid":0},
{"name":"Constraint /Biped/Rig/Movers/twist_aims/pelvis_trans_r_bind_follows_thigh_r_bind","cat":"step","ph":"X","ts":183674,"dur":2,"pid":1,"tid":0},
{"name":"Constraint /Biped/Rig/Movers/twist_aims/pelvis_trans_l_bind_follows_thigh_l_bind","cat":"step","ph":"X","ts":183676,"dur":1,"pid":1,"tid":0},
{"name":"Constraint /Biped/Rig/Movers/twist_aims/clavicle_trans_r_bind_follows_shoulder_r_bind","cat":"step","ph":"X","ts":183843,"dur":2,"pid":1,"tid":10},
{"name":"Constraint /Biped/Rig/Movers/twist_aims/clavicle_trans_l_bind_follows_shoulder_l_bind","cat":"step","ph":"X","ts":183845,"dur":1,"pid":1,"tid":10},
{"name":"Constraint /Biped/Rig/Movers/twist_aims/pelvis_trans_r_bind_aim","cat":"step","ph":"X","ts":183722,"dur":3,"pid":1,"tid":0},
{"name":"Constraint /Biped/Rig/Movers/twist_aims/pelvis_trans_l_bind_aim","cat":"step","ph":"X","ts":183725,"dur":3,"pid":1,"tid":0},
{"name":"Constraint /Biped/Rig/Movers/twist_aims/kneeTwist_r_bind_aim","cat":"step","ph":"X","ts":183542,"dur":3,"pid":1,"tid":9},
{"name":"Constraint /Biped/Rig/Movers/twist_aims/kneeTwist_l_bind_aim","cat":"step","ph":"X","ts":183533,"dur":4,"pid":1,"tid":9},
{"name":"Constraint /Biped/Rig/Movers/twist_aims/thighNoTwist_r_bind_aim","cat":"step","ph":"X","ts":183722,"dur":3,"pid":1,"tid":14},
{"name":"Constraint /Biped/Rig/Movers/twist_aims/thighNoTwist_l_bind_aim","cat":"step","ph":"X","ts":183725,"dur":3,"pid":1,"tid":14},
{"name":"Constraint /Biped/Rig/Movers/twist_aims/clavicle_trans_r_bind_aim","cat":"step","ph":"X","ts":183867,"dur":4,"pid":1,"tid":6},
{"name":"Constraint /Biped/Rig/Movers/twist_aims/clavicle_trans_l_bind_aim","cat":"step","ph":"X","ts":183871,"dur":3,"pid":1,"tid":6},
{"name":"Constraint /Biped/Rig/Movers/twist_aims/elbowTwist_r_bind_aim","cat":"step","ph":"X","ts":183378,"dur":4,"pid":1,"tid":14},
{"name":"Constraint /Biped/Rig/Movers/twist_aims/elbowTwist_l_bind_aim","cat":"step","ph":"X","ts":183307,"dur":7,"pid":1,"tid":5},
{"name":"Constraint /Biped/Rig/Movers/twist_aims/shoulderNoTwist_r_bind_aim","cat":"step","ph":"X","ts":183852,"dur":3,"pid":1,"tid":0},
{"name":"Constraint /Biped/Rig/Movers/twist_aims/shoulderNoTwist_l_bind_aim","cat":"step","ph":"X","ts":183855,"dur":2,"pid":1,"tid":0},
{"name":"Constraint /Biped/Rig/Movers/pose_drivers/thigh_r_driver_copies_thigh_r_bind","cat":"step","ph":"X","ts":183736,"dur":4,"pid":1,"tid":0},
{"name":"Constraint /Biped/Rig/Movers/pose_drivers/thigh_l_driver_copies_thigh_l_bind","cat":"step","ph":"X","ts":183728,"dur":4,"pid":1,"tid":14},
{"name":"Constraint /Biped/Rig/Movers/pose_drivers/thigh_r_twist_driver_copies_thighNoTwist_r_bind","cat":"step","ph":"X","ts":183749,"dur":4,"pid":1,"tid":10},
{"name":"Constraint /Biped/Rig/Movers/pose_drivers/thigh_l_twist_driver_copies_thighNoTwist_l_bind","cat":"step","ph":"X","ts":183741,"dur":3,"pid":1,"tid":0},
{"name":"Constraint /Biped/Rig/Movers/pose_drivers/ankleTwist_r_driver_copies_ankleTwist_r_bind","cat":"step","ph":"X","ts":183708,"dur":6,"pid":1,"tid":14},
{"name":"Constraint /Biped/Rig/Movers/pose_drivers/ankleTwist_l_driver_copies_ankleTwist_l_bind","cat":"step","ph":"X","ts":183670,"dur":5,"pid":1,"tid":2},
{"name":"Constraint /Biped/Rig/Movers/pose_drivers/toe_r_driver_copies_ball_r_bind","cat":"step","ph":"X","ts":183641,"dur":5,"pid":1,"tid":11},
{"name":"Constraint /Biped/Rig/Movers/pose_drivers/toe_l_driver_copies_ball_l_bind","cat":"step","ph":"X","ts":183635,"dur":5,"pid":1,"tid":11},
{"name":"Constraint /Biped/Rig/Movers/pose_drivers/knee_r_driver_copies_knee_r_bind","cat":"step","ph":"X","ts":183611,"dur":6,"pid":1,"tid":9},
{"name":"Constraint /Biped/Rig/Movers/pose_drivers/knee_l_driver_copies_knee_l_bind","cat":"step","ph":"X","ts":183546,"dur":3,"pid":1,"tid":9},
{"name":"Constraint /Biped/Rig/Movers/pose_drivers/ankleSwing_r_driver_copies_ankle_r_bind","cat":"step","ph":"X","ts":183714,"dur":3,"pid":1,"tid":14},
{"name":"Constraint /Biped/Rig/Movers/pose_drivers/ankleSwing_l_driver_copies_ankle_l_bind","cat":"step","ph":"X","ts":183675,"dur":5,"pid":1,"tid":2},
{"name":"Constraint /Biped/Rig/Movers/pose_drivers/shoulder_r_driver_copies_shoulder_r_bind","cat":"step","ph":"X","ts":183880,"dur":10,"pid":1,"tid":6},
{"name":"Constraint /Biped/Rig/Movers/pose_drivers/shoulder_l_driver_copies_shoulder_l_bind","cat":"step","ph":"X","ts":183890,"dur":3,"pid":1,"tid":6},
{"name":"Constraint /Biped/Rig/Movers/pose_drivers/wristTwist_r_driver_copies_wristTwist_r_bind","cat":"step","ph":"X","ts":183484,"dur":9,"pid":1,"tid":9},
{"name":"Constraint /Biped/Rig/Movers/pose_drivers/wristTwist_l_driver_copies_wristTwist_l_bind","cat":"step","ph":"X","ts":183451,"dur":7,"pid":1,"tid":12},
{"name":"Constraint /Biped/Rig/Movers/pose_drivers/shoulder_r_twist_driver_copies_shoulderNoTwist_r_bind","cat":"step","ph":"X","ts":183901,"dur":5,"pid":1,"tid":3},
{"name":"Constraint /Biped/Rig/Movers/pose_drivers/shoulder_l_twist_driver_copies_shoulderNoTwist_l_bind","cat":"step","ph":"X","ts":183895,"dur":3,"pid":1,"tid":6},
{"name":"Constraint /Biped/Rig/Movers/pose_drivers/wristSwing_r_driver_copies_wrist_r_bind","cat":"step","ph":"X","ts":183472,"dur":5,"pid":1,"tid":7},
{"name":"Constraint /Biped/Rig/Movers/pose_drivers/wristSwing_l_driver_copies_wrist_l_bind","cat":"step","ph":"X","ts":183458,"dur":5,"pid":1,"tid":12},
{"name":"Constraint /Biped/Rig/Movers/pose_drivers/elbow_r_driver_copies_elbow_r_bind","cat":"step","ph":"X","ts":183426,"dur":4,"pid":1,"tid":0},
{"name":"Constraint /Biped/Rig/Movers/pose_drivers/elbow_l_driver_copies_elbow_l_bind","cat":"step","ph":"X","ts":183341,"dur":7,"pid":1,"tid":6},
{"name":"Constraint /Biped/Rig/Movers/param_follow/leg_r_params_to_ankle_r_bind","cat":"step","ph":"X","ts":183617,"dur":10,"pid":1,"tid":9},
{"name":"Constraint /Biped/Rig/Movers/param_follow/leg_l_params_to_ankle_l_bind","cat":"step","ph":"X","ts":183550,"dur":3,"pid":1,"tid":9},
{"name":"Constraint /Biped/Rig/Movers/param_follow/arm_r_params_to_wrist_r_bind","cat":"step","ph":"X","ts":183348,"dur":6,"pid":1,"tid":6},
{"name":"Constraint /Biped/Rig/Movers/param_follow/arm_l_params_to_wrist_l_bind","cat":"step","ph":"X","ts":183314,"dur":6,"pid":1,"tid":5},
{"name":"ProviderMatrix /Biped/Rig/Controls/leg_l_ik/ankle_l_pivot final","cat":"step","ph":"X","ts":183092,"dur":2,"pid":1,"tid":0},
{"name":"ProviderMatrix /Biped/Rig/Controls/leg_l_ik/ankle_l_pivot/bankIn_l_pivot/bankOut_l_pivot final","cat":"step","ph":"X","ts":183354,"dur":1,"pid":1,"tid":6},
{"name":"ProviderMatrix /Biped/Rig/Controls/leg_l_ik/ankle_l_pivot/bankIn_l_pivot/bankOut_l_pivot/heel_l_roll/heel_l/ball_l_pivot/toe_l_roll/toe_l/ballRoll_l_up final","cat":"step","ph":"X","ts":183477,"dur":1,"pid":1,"tid":7},
{"name":"ProviderMatrix /Biped/Rig/Controls/leg_l_ik/ankle_l_pivot/bankIn_l_pivot/bankOut_l_pivot/heel_l_roll/heel_l/ball_l_pivot/toe_l_roll/toe_l/ballRoll_l_up/ballRoll_l_down final","cat":"step","ph":"X","ts":183502,"dur":1,"pid":1,"tid":9},
{"name":"ProviderMatrix /Biped/Rig/Controls/leg_r_ik/ankle_r_pivot/bankIn_r_pivot/bankOut_r_pivot final","cat":"step","ph":"X","ts":183430,"dur":1,"pid":1,"tid":0},
{"name":"ProviderMatrix /Biped/Rig/Controls/leg_r_ik/ankle_r_pivot/bankIn_r_pivot/bankOut_r_pivot/heel_r_roll/heel_r/ball_r_pivot final","cat":"step","ph":"X","ts":183463,"dur":1,"pid":1,"tid":12},
{"name":"ProviderMatrix /Biped/Rig/Joints/ankle_l_pivot/bankIn_l_pivot final","cat":"step","ph":"X","ts":183094,"dur":1,"pid":1,"tid":0},
{"name":"ProviderMatrix /Biped/Rig/Joints/ankle_l_pivot/bankIn_l_pivot/bankOut_l_pivot/heel_l_pivot/ball_l_pivot final","cat":"step","ph":"X","ts":183193,"dur":1,"pid":1,"tid":3},
{"name":"ProviderMatrix /Biped/Rig/Joints/ankle_r_pivot/bankIn_r_pivot/bankOut_r_pivot final","cat":"step","ph":"X","ts":183116,"dur":1,"pid":1,"tid":0},
{"name":"ProviderMatrix /Biped/Rig/Joints/ankle_r_pivot/bankIn_r_pivot/bankOut_r_pivot/heel_r_pivot/ball_r_pivot/toe_r_pivot/ballRoll_r_pivot final","cat":"step","ph":"X","ts":183220,"dur":1,"pid":1,"tid":3},
{"name":"ProviderMatrix /Biped/Rig/Joints/hips_bind final","cat":"step","ph":"X","ts":183646,"dur":1,"pid":1,"tid":11},
{"name":"ProviderMatrix /Biped/Rig/Joints/hips_bind/pelvis_l_bind final","cat":"step","ph":"X","ts":183680,"dur":1,"pid":1,"tid":2},
{"name":"ProviderMatrix /Biped/Rig/Joints/hips_bind/pelvis_l_bind/pelvis_trans_l_bind/thigh_l_driver final","cat":"step","ph":"X","ts":183744,"dur":1,"pid":1,"tid":0},
{"name":"ProviderMatrix /Biped/Rig/Joints/hips_bind/pelvis_l_bind/pelvis_trans_l_bind/thigh_l_driver/thigh_l_twist_driver final","cat":"step","ph":"X","ts":183760,"dur":1,"pid":1,"tid":10},
{"name":"ProviderMatrix /Biped/Rig/Joints/hips_bind/pelvis_l_bind/thigh_l_bind/knee_l_bind final","cat":"step","ph":"X","ts":183537,"dur":1,"pid":1,"tid":9},
{"name":"ProviderMatrix /Biped/Rig/Joints/hips_bind/pelvis_l_bind/thigh_l_bind/knee_l_bind/ankleTwist_l_bind final","cat":"step","ph":"X","ts":183681,"dur":1,"pid":1,"tid":2},
{"name":"ProviderMatrix /Biped/Rig/Joints/hips_bind/pelvis_l_bind/thigh_l_bind/knee_l_bind/ankleTwist_l_bind/ankleSwing_l_driver final","cat":"step","ph":"X","ts":183717,"dur":1,"pid":1,"tid":14},
{"name":"ProviderMatrix /Biped/Rig/Joints/hips_bind/pelvis_l_bind/thigh_l_bind/knee_l_bind/ankle_l_bind final","cat":"step","ph":"X","ts":183553,"dur":1,"pid":1,"tid":9},
{"name":"ProviderMatrix /Biped/Rig/Joints/hips_bind/pelvis_l_bind/thigh_l_bind/knee_l_bind/ankle_l_bind/ball_l_bind/toe1_001_l_bind/toe1_002_l_bind final","cat":"step","ph":"X","ts":183628,"dur":1,"pid":1,"tid":9},
{"name":"ProviderMatrix /Biped/Rig/Joints/hips_bind/pelvis_l_bind/thigh_l_bind/knee_l_bind/ankle_l_bind/ball_l_bind/toe2_001_l_bind/toe2_002_l_bind/toe2_003_l_bind final","cat":"step","ph":"X","ts":183629,"dur":1,"pid":1,"tid":9},
{"name":"ProviderMatrix /Biped/Rig/Joints/hips_bind/pelvis_l_bind/thigh_l_bind/knee_l_bind/ankle_l_bind/ball_l_bind/toe4_001_l_bind/toe4_002_l_bind final","cat":"step","ph":"X","ts":183630,"dur":1,"pid":1,"tid":9},
{"name":"ProviderMatrix /Biped/Rig/Joints/hips_bind/pelvis_r_bind/thighNoTwist_r_bind final","cat":"step","ph":"X","ts":183732,"dur":1,"pid":1,"tid":14},
{"name":"ProviderMatrix /Biped/Rig/Joints/hips_bind/pelvis_r_bind/thigh_combo_r_driver final","cat":"step","ph":"X","ts":183682,"dur":1,"pid":1,"tid":2},
{"name":"ProviderMatrix /Biped/Rig/Joints/hips_bind/pelvis_r_bind/thigh_r_bind/knee_r_bind final","cat":"step","ph":"X","ts":183554,"dur":1,"pid":1,"tid":9},
{"name":"ProviderMatrix /Biped/Rig/Joints/hips_bind/pelvis_r_bind/thigh_r_bind/knee_r_bind/ankle_r_bind/ball_r_bind/toe1_001_r_bind final","cat":"step","ph":"X","ts":183647,"dur":1,"pid":1,"tid":11},
{"name":"ProviderMatrix /Biped/Rig/Joints/hips_bind/pelvis_r_bind/thigh_r_bind/knee_r_bind/ankle_r_bind/ball_r_bind/toe1_001_r_bind/toe1_002_r_bind/toe1_003_r_bind/toe1_004_r_bind final","cat":"step","ph":"X","ts":183648,"dur":1,"pid":1,"tid":11},
{"name":"ProviderMatrix /Biped/Rig/Joints/hips_bind/pelvis_r_bind/thigh_r_bind/knee_r_bind/ankle_r_bind/ball_r_bind/toe2_001_r_bind/toe2_002_r_bind/toe2_003_r_bind/toe2_004_r_bind final","cat":"step","ph":"X","ts":183649,"dur":1,"pid":1,"tid":11},
{"name":"ProviderMatrix /Biped/Rig/Joints/hips_bind/pelvis_r_bind/thigh_r_bind/knee_r_bind/ankle_r_bind/ball_r_bind/toe5_001_r_bind final","cat":"step","ph":"X","ts":183651,"dur":1,"pid":1,"tid":11},
{"name":"ProviderMatrix /Biped/Rig/Joints/hips_bind/pelvis_r_bind/thigh_r_bind/knee_r_bind/ankle_r_bind/ball_r_bind/toe5_001_r_bind/toe5_002_r_bind/toe5_003_r_bind/toe5_004_r_bind final","cat":"step","ph":"X","ts":183652,"dur":1,"pid":1,"tid":11},
{"name":"ProviderMatrix /Biped/Rig/Joints/hips_bind/spine_0_bind/spine_1_bind/spine_2_bind final","cat":"step","ph":"X","ts":183766,"dur":5,"pid":1,"tid":10},
{"name":"ProviderMatrix /Biped/Rig/Joints/hips_bind/spine_0_bind/spine_1_bind/spine_2_bind/spine_3_bind/spine_4_bind/spine_5_bind/chest_bind final","cat":"step","ph":"X","ts":183828,"dur":1,"pid":1,"tid":10},
{"name":"ProviderMatrix /Biped/Rig/Joints/hips_bind/spine_0_bind/spine_1_bind/spine_2_bind/spine_3_bind/spine_4_bind/spine_5_bind/chest_bind/clavicle_l_bind/clavicle_trans_l_bind/shoulder_l_driver/shoulder_l_twist_driver final","cat":"step","ph":"X","ts":183911,"dur":1,"pid":1,"tid":3},
{"name":"ProviderMatrix /Biped/Rig/Joints/hips_bind/spine_0_bind/spine_1_bind/spine_2_bind/spine_3_bind/spine_4_bind/spine_5_bind/chest_bind/clavicle_l_bind/shoulderNoTwist_l_bind final","cat":"step","ph":"X","ts":183893,"dur":1,"pid":1,"tid":6},
{"name":"ProviderMatrix /Biped/Rig/Joints/hips_bind/spine_0_bind/spine_1_bind/spine_2_bind/spine_3_bind/spine_4_bind/spine_5_bind/chest_bind/clavicle_l_bind/shoulder_l_bind/elbow_l_bind final","cat":"step","ph":"X","ts":183321,"dur":1,"pid":1,"tid":5},
{"name":"ProviderMatrix /Biped/Rig/Joints/hips_bind/spine_0_bind/spine_1_bind/spine_2_bind/spine_3_bind/spine_4_bind/spine_5_bind/chest_bind/clavicle_l_bind/shoulder_l_bind/elbow_l_bind/wrist_l_bind/index_001_l_bind/index_002_combo_l_driver final","cat":"step","ph":"X","ts":183464,"dur":1,"pid":1,"tid":12},
{"name":"ProviderMatrix /Biped/Rig/Joints/hips_bind/spine_0_bind/spine_1_bind/spine_2_bind/spine_3_bind/spine_4_bind/spine_5_bind/chest_bind/clavicle_l_bind/shoulder_l_bind/elbow_l_bind/wrist_l_bind/middle_001_l_bind final","cat":"step","ph":"X","ts":183465,"dur":1,"pid":1,"tid":12},
{"name":"ProviderMatrix /Biped/Rig/Joints/hips_bind/spine_0_bind/spine_1_bind/spine_2_bind/spine_3_bind/spine_4_bind/spine_5_bind/chest_bind/clavicle_l_bind/shoulder_l_bind/elbow_l_bind/wrist_l_bind/middle_001_l_bind/middle_002_l_bind/middle_003_l_bind/middle_004_l_bind/middle_005_l_bind final","cat":"step","ph":"X","ts":183466,"dur":1,"pid":1,"tid":12},
{"name":"ProviderMatrix /Biped/Rig/Joints/hips_bind/spine_0_bind/spine_1_bind/spine_2_bind/spine_3_bind/spine_4_bind/spine_5_bind/chest_bind/clavicle_l_bind/shoulder_l_bind/elbow_l_bind/wrist_l_bind/pinkyCup_l_bind final","cat":"step","ph":"X","ts":183478,"dur":1,"pid":1,"tid":7},
{"name":"ProviderMatrix /Biped/Rig/Joints/hips_bind/spine_0_bind/spine_1_bind/spine_2_bind/spine_3_bind/spine_4_bind/spine_5_bind/chest_bind/clavicle_l_bind/shoulder_l_bind/elbow_l_bind/wrist_l_bind/pinkyCup_l_bind/pinky_001_l_bind/pinky_002_l_bind/pinky_003_l_bind/pinky_004_l_bind final","cat":"step","ph":"X","ts":183479,"dur":1,"pid":1,"tid":7},
{"name":"ProviderMatrix /Biped/Rig/Joints/hips_bind/spine_0_bind/spine_1_bind/spine_2_bind/spine_3_bind/spine_4_bind/spine_5_bind/chest_bind/clavicle_l_bind/shoulder_l_bind/elbow_l_bind/wrist_l_bind/ring_001_l_bind/ring_002_l_bind/ring_003_l_bind/ring_004_l_bind final","cat":"step","ph":"X","ts":183467,"dur":1,"pid":1,"tid":12},
{"name":"ProviderMatrix /Biped/Rig/Joints/hips_bind/spine_0_bind/spine_1_bind/spine_2_bind/spine_3_bind/spine_4_bind/spine_5_bind/chest_bind/clavicle_l_bind/shoulder_l_bind/elbow_l_bind/wrist_l_bind/thumbCup_l_bind/thumb_001_l_bind/thumb_002_l_bind/thumb_003_l_bind/thumb_004_l_bind final","cat":"step","ph":"X","ts":183468,"dur":1,"pid":1,"tid":12},
{"name":"ProviderMatrix /Biped/Rig/Joints/hips_bind/spine_0_bind/spine_1_bind/spine_2_bind/spine_3_bind/spine_4_bind/spine_5_bind/chest_bind/clavicle_r_bind/clavicle_trans_combo_r_driver final","cat":"step","ph":"X","ts":183846,"dur":1,"pid":1,"tid":10},
{"name":"ProviderMatrix /Biped/Rig/Joints/hips_bind/spine_0_bind/spine_1_bind/spine_2_bind/spine_3_bind/spine_4_bind/spine_5_bind/chest_bind/clavicle_r_bind/clavicle_trans_r_bind/shoulder_r_driver final","cat":"step","ph":"X","ts":183898,"dur":1,"pid":1,"tid":6},
{"name":"ProviderMatrix /Biped/Rig/Joints/hips_bind/spine_0_bind/spine_1_bind/spine_2_bind/spine_3_bind/spine_4_bind/spine_5_bind/chest_bind/clavicle_r_bind/shoulder_r_bind final","cat":"step","ph":"X","ts":183355,"dur":1,"pid":1,"tid":6},
{"name":"ProviderMatrix /Biped/Rig/Joints/hips_bind/spine_0_bind/spine_1_bind/spine_2_bind/spine_3_bind/spine_4_bind/spine_5_bind/chest_bind/clavicle_r_bind/shoulder_r_bind/elbow_r_bind final","cat":"step","ph":"X","ts":183356,"dur":1,"pid":1,"tid":6},
{"name":"ProviderMatrix /Biped/Rig/Joints/hips_bind/spine_0_bind/spine_1_bind/spine_2_bind/spine_3_bind/spine_4_bind/spine_5_bind/chest_bind/clavicle_r_bind/shoulder_r_bind/elbow_r_bind/elbowTwist_r_bind final","cat":"step","ph":"X","ts":183431,"dur":1,"pid":1,"tid":0},
{"name":"ProviderMatrix /Biped/Rig/Joints/hips_bind/spine_0_bind/spine_1_bind/spine_2_bind/spine_3_bind/spine_4_bind/spine_5_bind/chest_bind/clavicle_r_bind/shoulder_r_bind/elbow_r_bind/wristTwist_r_driver final","cat":"step","ph":"X","ts":183503,"dur":1,"pid":1,"tid":9},
{"name":"ProviderMatrix /Biped/Rig/Joints/hips_bind/spine_0_bind/spine_1_bind/spine_2_bind/spine_3_bind/spine_4_bind/spine_5_bind/chest_bind/clavicle_r_bind/shoulder_r_bind/elbow_r_bind/wrist_r_bind/middle_001_r_bind/middle_002_combo_r_driver final","cat":"step","ph":"X","ts":183481,"dur":1,"pid":1,"tid":7},
{"name":"ProviderMatrix /Biped/Rig/Joints/hips_bind/spine_0_bind/spine_1_bind/spine_2_bind/spine_3_bind/spine_4_bind/spine_5_bind/chest_bind/clavicle_r_bind/shoulder_r_bind/elbow_r_bind/wrist_r_bind/pinkyCup_r_bind/pinky_001_r_bind/pinky_002_r_bind final","cat":"step","ph":"X","ts":183504,"dur":1,"pid":1,"tid":9},
{"name":"ProviderMatrix /Biped/Rig/Joints/hips_bind/spine_0_bind/spine_1_bind/spine_2_bind/spine_3_bind/spine_4_bind/spine_5_bind/chest_bind/clavicle_r_bind/shoulder_r_bind/elbow_r_bind/wrist_r_bind/ring_001_r_bind final","cat":"step","ph":"X","ts":183482,"dur":1,"pid":1,"tid":7},
{"name":"ProviderMatrix /Biped/Rig/Joints/hips_bind/spine_0_bind/spine_1_bind/spine_2_bind/spine_3_bind/spine_4_bind/spine_5_bind/chest_bind/clavicle_r_bind/shoulder_r_bind/elbow_r_bind/wrist_r_bind/thumbCup_r_bind final","cat":"step","ph":"X","ts":183483,"dur":1,"pid":1,"tid":7},
{"name":"ProviderMatrix /Biped/Rig/Joints/hips_bind/spine_0_bind/spine_1_bind/spine_2_bind/spine_3_bind/spine_4_bind/spine_5_bind/chest_bind/neck_base_bind/neck_0_bind/neck_1_bind/neck_2_bind final","cat":"step","ph":"X","ts":183919,"dur":1,"pid":1,"tid":3},
{"name":"ProviderMatrix /Biped/Rig/Joints/hips_bind/spine_0_bind/spine_1_bind/spine_2_bind/spine_3_bind/spine_4_bind/spine_5_bind/chest_bind/neck_base_bind/neck_0_bind/neck_1_bind/neck_2_bind/neck_3_bind/skull_bind/face_lower_bind/face_mid_bind final","cat":"step","ph":"X","ts":185007,"dur":1,"pid":1,"tid":3},
{"name":"ProviderMatrix /Biped/Rig/Joints/hips_bind/spine_0_bind/spine_1_bind/spine_2_bind/spine_3_bind/spine_4_bind/spine_5_bind/chest_bind/neck_base_bind/neck_0_bind/neck_1_bind/neck_2_bind/neck_3_bind/skull_bind/face_lower_bind/jaw_bind/tongue_0_bind final","cat":"step","ph":"X","ts":185008,"dur":1,"pid":1,"tid":3},
{"name":"ProviderMatrix /Biped/Rig/Joints/hips_bind/spine_0_bind/spine_1_bind/spine_2_bind/spine_3_bind/spine_4_bind/spine_5_bind/chest_bind/neck_base_bind/neck_0_bind/neck_1_bind/neck_2_bind/neck_3_bind/skull_bind/face_upper_bind/eyeSocket_r_bind final","cat":"step","ph":"X","ts":185009,"dur":1,"pid":1,"tid":3},
{"name":"ProviderMatrix /Biped/Rig/Joints/hips_bind/spine_0_bind/spine_1_bind/spine_2_bind/spine_3_bind/spine_4_bind/spine_5_bind/chest_bind/neck_base_bind/neck_0_bind/neck_1_bind/neck_2_bind/neck_3_bind/skull_bind/face_upper_bind/head_tip_bind/brow_peak_l_bind final","cat":"step","ph":"X","ts":185010,"dur":1,"pid":1,"tid":3},
{"name":"ProviderMatrix /Biped/Rig/Joints/neck_ik_neck_0_bind final","cat":"step","ph":"X","ts":183513,"dur":1,"pid":1,"tid":9},
{"name":"ProviderMatrix /Biped/Rig/Joints/spine_ik_spine_0_bind final","cat":"step","ph":"X","ts":183274,"dur":1,"pid":1,"tid":4},
{"name":"ProviderMatrix /Biped/Rig/Joints/spine_ik_spine_0_bind/spine_ik_spine_1_bind/spine_ik_spine_2_bind/spine_ik_spine_3_bind/spine_ik_spine_4_bind/spine_ik_spine_5_bind final","cat":"step","ph":"X","ts":183275,"dur":1,"pid":1,"tid":4},
{"name":"PoseInterpolator /Biped/Rig/PoseInterpolators/ankleSwing_l_driver","cat":"step","ph":"X","ts":183718,"dur":3,"pid":1,"tid":14},
{"name":"PoseInterpolator /Biped/Rig/PoseInterpolators/ankleSwing_r_driver","cat":"step","ph":"X","ts":183733,"dur":1,"pid":1,"tid":14},
{"name":"PoseInterpolator /Biped/Rig/PoseInterpolators/elbow_l_driver","cat":"step","ph":"X","ts":183432,"dur":2,"pid":1,"tid":0},
{"name":"PoseInterpolator /Biped/Rig/PoseInterpolators/elbow_r_driver","cat":"step","ph":"X","ts":183469,"dur":2,"pid":1,"tid":12},
{"name":"PoseInterpolator /Biped/Rig/PoseInterpolators/index_002_l","cat":"step","ph":"X","ts":183357,"dur":44,"pid":1,"tid":6},
{"name":"PoseInterpolator /Biped/Rig/PoseInterpolators/index_002_r","cat":"step","ph":"X","ts":183434,"dur":7,"pid":1,"tid":0},
{"name":"PoseInterpolator /Biped/Rig/PoseInterpolators/knee_l_driver","cat":"step","ph":"X","ts":183632,"dur":3,"pid":1,"tid":9},
{"name":"PoseInterpolator /Biped/Rig/PoseInterpolators/knee_r_driver","cat":"step","ph":"X","ts":183653,"dur":4,"pid":1,"tid":11},
{"name":"PoseInterpolator /Biped/Rig/PoseInterpolators/middle_002_l","cat":"step","ph":"X","ts":183401,"dur":3,"pid":1,"tid":6},
{"name":"PoseInterpolator /Biped/Rig/PoseInterpolators/middle_002_r","cat":"step","ph":"X","ts":183441,"dur":3,"pid":1,"tid":0},
{"name":"PoseInterpolator /Biped/Rig/PoseInterpolators/neckTwist","cat":"step","ph":"X","ts":183857,"dur":2,"pid":1,"tid":0},
{"name":"PoseInterpolator /Biped/Rig/PoseInterpolators/neck","cat":"step","ph":"X","ts":183859,"dur":1,"pid":1,"tid":0},
{"name":"PoseInterpolator /Biped/Rig/PoseInterpolators/pinky_002_l","cat":"step","ph":"X","ts":183405,"dur":2,"pid":1,"tid":6},
{"name":"PoseInterpolator /Biped/Rig/PoseInterpolators/pinky_002_r","cat":"step","ph":"X","ts":183444,"dur":1,"pid":1,"tid":0},
{"name":"PoseInterpolator /Biped/Rig/PoseInterpolators/ring_002_l","cat":"step","ph":"X","ts":183407,"dur":2,"pid":1,"tid":6},
{"name":"PoseInterpolator /Biped/Rig/PoseInterpolators/ring_002_r","cat":"step","ph":"X","ts":183445,"dur":1,"pid":1,"tid":0},
{"name":"PoseInterpolator /Biped/Rig/PoseInterpolators/shoulder_l_driver","cat":"step","ph":"X","ts":183899,"dur":3,"pid":1,"tid":6},
{"name":"PoseInterpolator /Biped/Rig/PoseInterpolators/shoulder_l_twist_driver","cat":"step","ph":"X","ts":183912,"dur":2,"pid":1,"tid":3},
{"name":"PoseInterpolator /Biped/Rig/PoseInterpolators/shoulder_r_driver","cat":"step","ph":"X","ts":183902,"dur":2,"pid":1,"tid":6},
{"name":"PoseInterpolator /Biped/Rig/PoseInterpolators/shoulder_r_twist_driver","cat":"step","ph":"X","ts":183914,"dur":1,"pid":1,"tid":3},
{"name":"PoseInterpolator /Biped/Rig/PoseInterpolators/thigh_l_driver","cat":"step","ph":"X","ts":183745,"dur":3,"pid":1,"tid":0},
{"name":"PoseInterpolator /Biped/Rig/PoseInterpolators/thigh_r_driver","cat":"step","ph":"X","ts":183748,"dur":2,"pid":1,"tid":0},
{"name":"PoseInterpolator /Biped/Rig/PoseInterpolators/toe_l","cat":"step","ph":"X","ts":183657,"dur":2,"pid":1,"tid":11},
{"name":"PoseInterpolator /Biped/Rig/PoseInterpolators/toe_l_twist","cat":"step","ph":"X","ts":183659,"dur":2,"pid":1,"tid":11},
{"name":"PoseInterpolator /Biped/Rig/PoseInterpolators/toe_r","cat":"step","ph":"X","ts":183683,"dur":13,"pid":1,"tid":2},
{"name":"PoseInterpolator /Biped/Rig/PoseInterpolators/toe_r_twist","cat":"step","ph":"X","ts":183696,"dur":2,"pid":1,"tid":2},
{"name":"PoseInterpolator /Biped/Rig/PoseInterpolators/torso","cat":"step","ph":"X","ts":183117,"dur":3,"pid":1,"tid":0},
{"name":"PoseInterpolator /Biped/Rig/PoseInterpolators/wristSwing_l_driver","cat":"step","ph":"X","ts":183484,"dur":3,"pid":1,"tid":7},
{"name":"PoseInterpolator /Biped/Rig/PoseInterpolators/wristSwing_r_driver","cat":"step","ph":"X","ts":183505,"dur":3,"pid":1,"tid":9},
{"name":"RevisionStatic /Biped/Rig/Movers/shapes_body_geo/body_geo_shapes","cat":"step","ph":"X","ts":183920,"dur":675,"pid":1,"tid":3},
{"name":"RevisionChunk /Biped/Rig/Movers/shapes_body_geo/body_geo_shapes","cat":"step","ph":"X","ts":184602,"dur":379,"pid":1,"tid":3},
{"name":"RevisionFuse /Biped/Rig/Movers/shapes_body_geo/body_geo_shapes","cat":"step","ph":"X","ts":184985,"dur":17,"pid":1,"tid":3},
{"name":"InfluenceFold /Biped/Rig/Movers/skin_body_geo/body_geo_skin","cat":"step","ph":"X","ts":185011,"dur":37,"pid":1,"tid":3},
{"name":"RevisionChunk /Biped/Rig/Movers/skin_body_geo/body_geo_skin","cat":"step","ph":"X","ts":185048,"dur":2223,"pid":1,"tid":3},
{"name":"RevisionFuse /Biped/Rig/Movers/skin_body_geo/body_geo_skin","cat":"step","ph":"X","ts":187271,"dur":11,"pid":1,"tid":3},
{"name":"ChainStatus /Biped/Geom/body_geo.points","cat":"step","ph":"X","ts":187282,"dur":70,"pid":1,"tid":3},
{"name":"Derived /Biped/Geom/body_geo.extent","cat":"step","ph":"X","ts":187352,"dur":840,"pid":1,"tid":3},
{"name":"cluster 0","cat":"cluster","ph":"X","ts":183068,"dur":16,"pid":1,"tid":0,"args":{"level":"1","steps":"21","waitUs":"20"}},
{"name":"cluster 1","cat":"cluster","ph":"X","ts":183084,"dur":11,"pid":1,"tid":0,"args":{"level":"2","steps":"30","waitUs":"0"}},
{"name":"cluster 2","cat":"cluster","ph":"X","ts":183119,"dur":51,"pid":1,"tid":3,"args":{"level":"3","steps":"21","waitUs":"23"}},
{"name":"cluster 3","cat":"cluster","ph":"X","ts":183170,"dur":24,"pid":1,"tid":3,"args":{"level":"4","steps":"22","waitUs":"0"}},
{"name":"cluster 4","cat":"cluster","ph":"X","ts":183197,"dur":15,"pid":1,"tid":0,"args":{"level":"5","steps":"17","waitUs":"3"}},
{"name":"cluster 5","cat":"cluster","ph":"X","ts":183212,"dur":11,"pid":1,"tid":0,"args":{"level":"6","steps":"20","waitUs":"0"}},
{"name":"cluster 6","cat":"cluster","ph":"X","ts":183255,"dur":11,"pid":1,"tid":4,"args":{"level":"7","steps":"16","waitUs":"1"}},
{"name":"cluster 7","cat":"cluster","ph":"X","ts":183269,"dur":19,"pid":1,"tid":5,"args":{"level":"8","steps":"14","waitUs":"3"}},
{"name":"cluster 8","cat":"cluster","ph":"X","ts":183096,"dur":24,"pid":1,"tid":0,"args":{"level":"3","steps":"15","waitUs":"0"}},
{"name":"cluster 9","cat":"cluster","ph":"X","ts":183292,"dur":37,"pid":1,"tid":6,"args":{"level":"9","steps":"15","waitUs":"4"}},
{"name":"cluster 10","cat":"cluster","ph":"X","ts":183351,"dur":70,"pid":1,"tid":0,"args":{"level":"10","steps":"18","waitUs":"21"}},
{"name":"cluster 11","cat":"cluster","ph":"X","ts":183428,"dur":15,"pid":1,"tid":6,"args":{"level":"11","steps":"13","waitUs":"6"}},
{"name":"cluster 12","cat":"cluster","ph":"X","ts":183223,"dur":30,"pid":1,"tid":8,"args":{"level":"6","steps":"8","waitUs":"2"}},
{"name":"cluster 13","cat":"cluster","ph":"X","ts":183452,"dur":19,"pid":1,"tid":7,"args":{"level":"12","steps":"12","waitUs":"1"}},
{"name":"cluster 14","cat":"cluster","ph":"X","ts":183254,"dur":7,"pid":1,"tid":8,"args":{"level":"7","steps":"6","waitUs":"0"}},
{"name":"cluster 15","cat":"cluster","ph":"X","ts":183475,"dur":18,"pid":1,"tid":9,"args":{"level":"13","steps":"6","waitUs":"3"}},
{"name":"cluster 16","cat":"cluster","ph":"X","ts":183063,"dur":4,"pid":1,"tid":0,"args":{"level":"1","steps":"3","waitUs":"15"}},
{"name":"cluster 17","cat":"cluster","ph":"X","ts":183201,"dur":20,"pid":1,"tid":3,"args":{"level":"5","steps":"7","waitUs":"6"}},
{"name":"cluster 18","cat":"cluster","ph":"X","ts":183493,"dur":15,"pid":1,"tid":9,"args":{"level":"14","steps":"16","waitUs":"0"}},
{"name":"cluster 19","cat":"cluster","ph":"X","ts":183221,"dur":27,"pid":1,"tid":3,"args":{"level":"6","steps":"1","waitUs":"0"}},
{"name":"cluster 20","cat":"cluster","ph":"X","ts":183354,"dur":27,"pid":1,"tid":10,"args":{"level":"10","steps":"3","waitUs":"24"}},
{"name":"cluster 21","cat":"cluster","ph":"X","ts":183381,"dur":8,"pid":1,"tid":10,"args":{"level":"11","steps":"3","waitUs":"0"}},
{"name":"cluster 22","cat":"cluster","ph":"X","ts":183357,"dur":9,"pid":1,"tid":11,"args":{"level":"10","steps":"3","waitUs":"17"}},
{"name":"cluster 23","cat":"cluster","ph":"X","ts":183429,"dur":22,"pid":1,"tid":12,"args":{"level":"11","steps":"7","waitUs":"7"}},
{"name":"cluster 24","cat":"cluster","ph":"X","ts":183291,"dur":17,"pid":1,"tid":8,"args":{"level":"9","steps":"3","waitUs":"3"}},
{"name":"cluster 25","cat":"cluster","ph":"X","ts":183309,"dur":6,"pid":1,"tid":8,"args":{"level":"10","steps":"3","waitUs":"1"}},
{"name":"cluster 26","cat":"cluster","ph":"X","ts":183293,"dur":8,"pid":1,"tid":13,"args":{"level":"9","steps":"2","waitUs":"4"}},
{"name":"cluster 27","cat":"cluster","ph":"X","ts":183508,"dur":6,"pid":1,"tid":9,"args":{"level":"15","steps":"10","waitUs":"0"}},
{"name":"cluster 28","cat":"cluster","ph":"X","ts":183514,"dur":8,"pid":1,"tid":9,"args":{"level":"16","steps":"4","waitUs":"0"}},
{"name":"cluster 29","cat":"cluster","ph":"X","ts":183522,"dur":16,"pid":1,"tid":9,"args":{"level":"17","steps":"6","waitUs":"0"}},
{"name":"cluster 30","cat":"cluster","ph":"X","ts":183555,"dur":55,"pid":1,"tid":9,"args":{"level":"18","steps":"5","waitUs":"17"}},
{"name":"cluster 31","cat":"cluster","ph":"X","ts":183612,"dur":28,"pid":1,"tid":11,"args":{"level":"19","steps":"5","waitUs":"2"}},
{"name":"cluster 32","cat":"cluster","ph":"X","ts":183267,"dur":9,"pid":1,"tid":4,"args":{"level":"8","steps":"8","waitUs":"1"}},
{"name":"cluster 33","cat":"cluster","ph":"X","ts":183359,"dur":23,"pid":1,"tid":14,"args":{"level":"10","steps":"4","waitUs":"19"}},
{"name":"cluster 34","cat":"cluster","ph":"X","ts":183644,"dur":25,"pid":1,"tid":2,"args":{"level":"20","steps":"3","waitUs":"4"}},
{"name":"cluster 35","cat":"cluster","ph":"X","ts":183671,"dur":32,"pid":1,"tid":14,"args":{"level":"21","steps":"3","waitUs":"2"}},
{"name":"cluster 36","cat":"cluster","ph":"X","ts":183715,"dur":13,"pid":1,"tid":0,"args":{"level":"22","steps":"3","waitUs":"12"}},
{"name":"cluster 37","cat":"cluster","ph":"X","ts":183728,"dur":12,"pid":1,"tid":0,"args":{"level":"23","steps":"2","waitUs":"0"}},
{"name":"cluster 38","cat":"cluster","ph":"X","ts":183742,"dur":11,"pid":1,"tid":10,"args":{"level":"24","steps":"2","waitUs":"2"}},
{"name":"cluster 39","cat":"cluster","ph":"X","ts":183753,"dur":8,"pid":1,"tid":10,"args":{"level":"25","steps":"3","waitUs":"0"}},
{"name":"cluster 40","cat":"cluster","ph":"X","ts":183761,"dur":10,"pid":1,"tid":10,"args":{"level":"26","steps":"2","waitUs":"0"}},
{"name":"cluster 41","cat":"cluster","ph":"X","ts":183771,"dur":7,"pid":1,"tid":10,"args":{"level":"27","steps":"1","waitUs":"0"}},
{"name":"cluster 42","cat":"cluster","ph":"X","ts":183778,"dur":6,"pid":1,"tid":10,"args":{"level":"28","steps":"2","waitUs":"0"}},
{"name":"cluster 43","cat":"cluster","ph":"X","ts":183784,"dur":6,"pid":1,"tid":10,"args":{"level":"29","steps":"1","waitUs":"0"}},
{"name":"cluster 44","cat":"cluster","ph":"X","ts":183790,"dur":5,"pid":1,"tid":10,"args":{"level":"30","steps":"2","waitUs":"0"}},
{"name":"cluster 45","cat":"cluster","ph":"X","ts":183795,"dur":6,"pid":1,"tid":10,"args":{"level":"31","steps":"1","waitUs":"0"}},
{"name":"cluster 46","cat":"cluster","ph":"X","ts":183801,"dur":6,"pid":1,"tid":10,"args":{"level":"32","steps":"2","waitUs":"0"}},
{"name":"cluster 47","cat":"cluster","ph":"X","ts":183807,"dur":6,"pid":1,"tid":10,"args":{"level":"33","steps":"1","waitUs":"0"}},
{"name":"cluster 48","cat":"cluster","ph":"X","ts":183813,"dur":7,"pid":1,"tid":10,"args":{"level":"34","steps":"1","waitUs":"0"}},
{"name":"cluster 49","cat":"cluster","ph":"X","ts":183820,"dur":9,"pid":1,"tid":10,"args":{"level":"35","steps":"4","waitUs":"0"}},
{"name":"cluster 50","cat":"cluster","ph":"X","ts":183829,"dur":10,"pid":1,"tid":10,"args":{"level":"36","steps":"4","waitUs":"0"}},
{"name":"cluster 51","cat":"cluster","ph":"X","ts":183843,"dur":8,"pid":1,"tid":0,"args":{"level":"37","steps":"3","waitUs":"4"}},
{"name":"cluster 52","cat":"cluster","ph":"X","ts":183860,"dur":14,"pid":1,"tid":6,"args":{"level":"38","steps":"3","waitUs":"9"}},
{"name":"cluster 53","cat":"cluster","ph":"X","ts":183874,"dur":20,"pid":1,"tid":6,"args":{"level":"39","steps":"7","waitUs":"0"}},
{"name":"cluster 54","cat":"cluster","ph":"X","ts":183895,"dur":11,"pid":1,"tid":3,"args":{"level":"40","steps":"2","waitUs":"1"}},
{"name":"cluster 55","cat":"cluster","ph":"X","ts":183906,"dur":9,"pid":1,"tid":3,"args":{"level":"41","steps":"5","waitUs":"0"}},
{"name":"cluster 56","cat":"cluster","ph":"X","ts":183915,"dur":680,"pid":1,"tid":3,"args":{"level":"42","steps":"3","waitUs":"0"}},
{"name":"cluster 57","cat":"cluster","ph":"X","ts":184595,"dur":386,"pid":1,"tid":3,"args":{"level":"43","steps":"2","waitUs":"0"}},
{"name":"cluster 58","cat":"cluster","ph":"X","ts":184981,"dur":21,"pid":1,"tid":3,"args":{"level":"44","steps":"3","waitUs":"0"}},
{"name":"cluster 59","cat":"cluster","ph":"X","ts":185002,"dur":9,"pid":1,"tid":3,"args":{"level":"46","steps":"28","waitUs":"0"}},
{"name":"cluster 60","cat":"cluster","ph":"X","ts":183289,"dur":33,"pid":1,"tid":5,"args":{"level":"9","steps":"7","waitUs":"0"}},
{"name":"cluster 61","cat":"cluster","ph":"X","ts":183644,"dur":9,"pid":1,"tid":0,"args":{"level":"20","steps":"2","waitUs":"4"}},
{"name":"cluster 62","cat":"cluster","ph":"X","ts":183422,"dur":24,"pid":1,"tid":0,"args":{"level":"11","steps":"12","waitUs":"0"}},
{"name":"cluster 63","cat":"cluster","ph":"X","ts":183672,"dur":5,"pid":1,"tid":0,"args":{"level":"21","steps":"3","waitUs":"3"}},
{"name":"cluster 64","cat":"cluster","ph":"X","ts":183843,"dur":4,"pid":1,"tid":10,"args":{"level":"37","steps":"8","waitUs":"4"}},
{"name":"cluster 65","cat":"cluster","ph":"X","ts":183542,"dur":13,"pid":1,"tid":9,"args":{"level":"18","steps":"7","waitUs":"4"}},
{"name":"cluster 66","cat":"cluster","ph":"X","ts":183722,"dur":6,"pid":1,"tid":14,"args":{"level":"22","steps":"2","waitUs":"19"}},
{"name":"cluster 67","cat":"cluster","ph":"X","ts":183852,"dur":8,"pid":1,"tid":0,"args":{"level":"38","steps":"5","waitUs":"1"}},
{"name":"cluster 68","cat":"cluster","ph":"X","ts":183728,"dur":6,"pid":1,"tid":14,"args":{"level":"23","steps":"8","waitUs":"0"}},
{"name":"cluster 69","cat":"cluster","ph":"X","ts":183741,"dur":9,"pid":1,"tid":0,"args":{"level":"24","steps":"6","waitUs":"1"}},
{"name":"cluster 70","cat":"cluster","ph":"X","ts":183707,"dur":14,"pid":1,"tid":14,"args":{"level":"22","steps":"7","waitUs":"0"}},
{"name":"cluster 71","cat":"cluster","ph":"X","ts":183670,"dur":28,"pid":1,"tid":2,"args":{"level":"21","steps":"12","waitUs":"0"}},
{"name":"cluster 72","cat":"cluster","ph":"X","ts":183641,"dur":20,"pid":1,"tid":11,"args":{"level":"20","steps":"29","waitUs":"0"}},
{"name":"cluster 73","cat":"cluster","ph":"X","ts":183611,"dur":24,"pid":1,"tid":9,"args":{"level":"19","steps":"28","waitUs":"0"}},
{"name":"cluster 74","cat":"cluster","ph":"X","ts":183451,"dur":20,"pid":1,"tid":12,"args":{"level":"12","steps":"31","waitUs":"0"}},
{"name":"cluster 75","cat":"cluster","ph":"X","ts":183895,"dur":9,"pid":1,"tid":6,"args":{"level":"40","steps":"6","waitUs":"1"}},
{"name":"cluster 76","cat":"cluster","ph":"X","ts":183472,"dur":15,"pid":1,"tid":7,"args":{"level":"13","steps":"37","waitUs":"0"}},
{"name":"cluster 77","cat":"cluster","ph":"X","ts":183340,"dur":69,"pid":1,"tid":6,"args":{"level":"10","steps":"12","waitUs":"0"}},
{"name":"cluster 78","cat":"cluster","ph":"X","ts":185011,"dur":37,"pid":1,"tid":3,"args":{"level":"47","steps":"1","waitUs":"0"}},
{"name":"cluster 79","cat":"cluster","ph":"X","ts":185048,"dur":2223,"pid":1,"tid":3,"args":{"level":"48","steps":"1","waitUs":"0"}},
{"name":"cluster 80","cat":"cluster","ph":"X","ts":187271,"dur":11,"pid":1,"tid":3,"args":{"level":"49","steps":"1","waitUs":"0"}},
{"name":"cluster 81","cat":"cluster","ph":"X","ts":187282,"dur":910,"pid":1,"tid":3,"args":{"level":"51","steps":"2","waitUs":"0"}},
{"name":"BakedPublish","cat":"baked","ph":"X","ts":188455,"dur":93,"pid":1,"tid":0},
{"name":"BakedEpilogue","cat":"baked","ph":"X","ts":188211,"dur":383,"pid":1,"tid":0},
{"name":"Baked","cat":"baked","ph":"X","ts":176975,"dur":11620,"pid":1,"tid":0},
{"name":"Evaluate@1","cat":"evaluate","ph":"X","ts":176969,"dur":11628,"pid":1,"tid":0},
{"name":"PropertyChain /Biped/Rig/Movers/ballRoll_l_down_rc/ballRoll_l_down_rotation.inputs:defaultWeight","cat":"property","ph":"X","ts":189239,"dur":60,"pid":1,"tid":0},
{"name":"PropertyChain /Biped/Rig/Movers/ballRoll_l_up_rc/ballRoll_l_up_rotation.inputs:defaultWeight","cat":"property","ph":"X","ts":189301,"dur":14,"pid":1,"tid":0},
{"name":"PropertyChain /Biped/Rig/Movers/ballRoll_r_down_rc/ballRoll_r_down_rotation.inputs:defaultWeight","cat":"property","ph":"X","ts":189316,"dur":31,"pid":1,"tid":0},
{"name":"PropertyChain /Biped/Rig/Movers/ballRoll_r_up_rc/ballRoll_r_up_rotation.inputs:defaultWeight","cat":"property","ph":"X","ts":189348,"dur":16,"pid":1,"tid":0},
{"name":"PropertyChain /Biped/Rig/Movers/bankIn_l_pivot_rc/bankIn_l_pivot_rotation.inputs:defaultWeight","cat":"property","ph":"X","ts":189365,"dur":9,"pid":1,"tid":0},
{"name":"PropertyChain /Biped/Rig/Movers/bankIn_r_pivot_rc/bankIn_r_pivot_rotation.inputs:defaultWeight","cat":"property","ph":"X","ts":189374,"dur":10,"pid":1,"tid":0},
{"name":"PropertyChain /Biped/Rig/Movers/bankOut_l_pivot_rc/bankOut_l_pivot_rotation.inputs:defaultWeight","cat":"property","ph":"X","ts":189385,"dur":8,"pid":1,"tid":0},
{"name":"PropertyChain /Biped/Rig/Movers/bankOut_r_pivot_rc/bankOut_r_pivot_rotation.inputs:defaultWeight","cat":"property","ph":"X","ts":189394,"dur":9,"pid":1,"tid":0},
{"name":"PropertyChain /Biped/Rig/Movers/heel_l_roll_rc/heel_l_roll_rotation.inputs:defaultWeight","cat":"property","ph":"X","ts":189404,"dur":7,"pid":1,"tid":0},
{"name":"PropertyChain /Biped/Rig/Movers/heel_r_roll_rc/heel_r_roll_rotation.inputs:defaultWeight","cat":"property","ph":"X","ts":189412,"dur":9,"pid":1,"tid":0},
{"name":"PropertyChain /Biped/Rig/Movers/toe_l_roll_rc/toe_l_roll_rotation.inputs:defaultWeight","cat":"property","ph":"X","ts":189422,"dur":13,"pid":1,"tid":0},
{"name":"PropertyChain /Biped/Rig/Movers/toe_r_roll_rc/toe_r_roll_rotation.inputs:defaultWeight","cat":"property","ph":"X","ts":189436,"dur":16,"pid":1,"tid":0},
{"name":"PropertyChains","cat":"property","ph":"X","ts":189238,"dur":216,"pid":1,"tid":0},
{"name":"BakedInputs","cat":"baked","ph":"X","ts":189454,"dur":12,"pid":1,"tid":0},
{"name":"BakedChainBase","cat":"geometry","ph":"X","ts":189807,"dur":36,"pid":1,"tid":0},
{"name":"BakedPrologue","cat":"baked","ph":"X","ts":189234,"dur":609,"pid":1,"tid":0},
{"name":"BakedRegion","cat":"baked","ph":"X","ts":189844,"dur":5438,"pid":1,"tid":0},
{"name":"ComposeSubtree /Biped/Rig/Controls/arm_l_ik","cat":"step","ph":"X","ts":189952,"dur":4,"pid":1,"tid":0},
{"name":"ComposeSubtree /Biped/Rig/Controls/arm_r_params","cat":"step","ph":"X","ts":189956,"dur":1,"pid":1,"tid":0},
{"name":"ComposeSubtree /Biped/Rig/Controls/hips_ctl","cat":"step","ph":"X","ts":189957,"dur":2,"pid":1,"tid":0},
{"name":"ComposeSubtree /Biped/Rig/Controls/hips_ctl/spine_root_pivot/spine_root_ctl/pelvis_l_ctl/leg_l_root","cat":"step","ph":"X","ts":190001,"dur":3,"pid":1,"tid":15},
{"name":"ComposeSubtree /Biped/Rig/Controls/hips_ctl/spine_root_pivot/spine_root_ctl/pelvis_r_ctl","cat":"step","ph":"X","ts":190004,"dur":1,"pid":1,"tid":15},
{"name":"ComposeSubtree /Biped/Rig/Controls/hips_ctl/spine_root_pivot/spine_root_ctl/pelvis_r_ctl/leg_r_root/leg_r_fk_thigh_r_bind","cat":"step","ph":"X","ts":190017,"dur":1,"pid":1,"tid":15},
{"name":"ComposeSubtree /Biped/Rig/Controls/hips_ctl/spine_root_pivot/spine_root_ctl/pelvis_r_ctl/leg_r_root/leg_r_fk_thigh_r_bind/leg_r_fk_knee_r_bind","cat":"step","ph":"X","ts":190064,"dur":1,"pid":1,"tid":16},
{"name":"ComposeSubtree /Biped/Rig/Controls/hips_ctl/torso_ctl","cat":"step","ph":"X","ts":189969,"dur":1,"pid":1,"tid":0},
{"name":"ComposeSubtree /Biped/Rig/Controls/hips_ctl/torso_ctl/spine_end_pivot/spine_end_ctl","cat":"step","ph":"X","ts":190005,"dur":1,"pid":1,"tid":15},
{"name":"ComposeSubtree /Biped/Rig/Controls/hips_ctl/torso_ctl/spine_end_pivot/spine_end_ctl/clavicle_l_ctl/arm_l_root/arm_l_fk_shoulder_l_bind/arm_l_fk_elbow_l_bind","cat":"step","ph":"X","ts":190065,"dur":1,"pid":1,"tid":16},
{"name":"ComposeSubtree /Biped/Rig/Controls/hips_ctl/torso_ctl/spine_end_pivot/spine_end_ctl/clavicle_r_ctl","cat":"step","ph":"X","ts":190018,"dur":1,"pid":1,"tid":15},
{"name":"ComposeSubtree /Biped/Rig/Controls/hips_ctl/torso_ctl/spine_end_pivot/spine_end_ctl/clavicle_r_ctl/arm_r_root/arm_r_fk_shoulder_r_bind/arm_r_fk_elbow_r_bind","cat":"step","ph":"X","ts":190079,"dur":2,"pid":1,"tid":13},
{"name":"ComposeSubtree /Biped/Rig/Controls/hips_ctl/torso_ctl/spine_end_pivot/spine_end_ctl/neck_root_ctl","cat":"step","ph":"X","ts":190019,"dur":1,"pid":1,"tid":15},
{"name":"ComposeSubtree /Biped/Rig/Controls/hips_ctl/torso_ctl/spine_end_pivot/spine_end_ctl/neck_root_ctl/neck_end_pivot","cat":"step","ph":"X","ts":190066,"dur":1,"pid":1,"tid":16},
{"name":"ComposeSubtree /Biped/Rig/Controls/index_001_l_bind_fk_follow","cat":"step","ph":"X","ts":189959,"dur":1,"pid":1,"tid":0},
{"name":"ComposeSubtree /Biped/Rig/Controls/index_001_l_bind_fk_follow/index_001_l_bind_fk/index_002_l_bind_fk/index_003_l_bind_fk","cat":"step","ph":"X","ts":190006,"dur":1,"pid":1,"tid":15},
{"name":"ComposeSubtree /Biped/Rig/Controls/leg_l_ik/ankle_l_pivot/bankIn_l_pivot/bankOut_l_pivot/heel_l_roll","cat":"step","ph":"X","ts":190007,"dur":1,"pid":1,"tid":15},
{"name":"ComposeSubtree /Biped/Rig/Controls/leg_l_ik/ankle_l_pivot/bankIn_l_pivot/bankOut_l_pivot/heel_l_roll/heel_l/ball_l_pivot/toe_l_roll/toe_l/ballRoll_l_up/ballRoll_l_down","cat":"step","ph":"X","ts":190081,"dur":1,"pid":1,"tid":13},
{"name":"ComposeSubtree /Biped/Rig/Controls/leg_l_ik/ankle_l_pivot/bankIn_l_pivot/bankOut_l_pivot/heel_l_roll/heel_l/ball_l_pivot/toe_l_roll/toe_l/ballRoll_l_up/ballRoll_l_down/ballRoll_l/ankle_l_ikTarget","cat":"step","ph":"X","ts":190099,"dur":1,"pid":1,"tid":3},
{"name":"ComposeSubtree /Biped/Rig/Controls/leg_l_ik/ankle_l_pivot/bankIn_l_pivot/bankOut_l_pivot/heel_l_roll/heel_l/ball_l_pivot/toe_l_roll/toe_l/ballRoll_l_up/ballRoll_l_down_twin","cat":"step","ph":"X","ts":190082,"dur":1,"pid":1,"tid":13},
{"name":"ComposeSubtree /Biped/Rig/Controls/leg_l_ik/ankle_l_pivot/bankIn_l_pivot/bankOut_l_pivot/heel_l_roll/heel_l/ball_l_pivot/toe_l_roll/toe_l/toeBend_l","cat":"step","ph":"X","ts":190083,"dur":1,"pid":1,"tid":13},
{"name":"ComposeSubtree /Biped/Rig/Controls/leg_l_ik/ankle_l_pivot/bankIn_l_pivot/bankOut_l_pivot/heel_l_roll/heel_l/ball_l_pivot/toe_l_roll_twin","cat":"step","ph":"X","ts":190067,"dur":1,"pid":1,"tid":16},
{"name":"ComposeSubtree /Biped/Rig/Controls/leg_l_ik/ankle_l_pivot/bankIn_l_pivot/bankOut_l_pivot_twin","cat":"step","ph":"X","ts":190008,"dur":1,"pid":1,"tid":15},
{"name":"ComposeSubtree /Biped/Rig/Controls/leg_l_ik/ankle_l_pivot/bank_l","cat":"step","ph":"X","ts":189970,"dur":1,"pid":1,"tid":0},
{"name":"ComposeSubtree /Biped/Rig/Controls/leg_l_pv","cat":"step","ph":"X","ts":189960,"dur":1,"pid":1,"tid":0},
{"name":"ComposeSubtree /Biped/Rig/Controls/leg_r_ik/ankle_r_pivot/bankIn_r_pivot/bankOut_r_pivot/heel_r_roll/heel_r/ball_r_pivot/toe_r_roll/toe_r/ballRoll_r_up/ballRoll_r_down/ballRoll_r","cat":"step","ph":"X","ts":190100,"dur":1,"pid":1,"tid":3},
{"name":"ComposeSubtree /Biped/Rig/Controls/leg_r_ik/ankle_r_pivot/bankIn_r_pivot/bankOut_r_pivot/heel_r_roll/heel_r/ball_r_pivot/toe_r_roll/toe_r/ballRoll_r_up/ballRoll_r_down/ballRoll_r/ball_r_ikTarget","cat":"step","ph":"X","ts":190110,"dur":1,"pid":1,"tid":13},
{"name":"ComposeSubtree /Biped/Rig/Controls/leg_r_ik/ankle_r_pivot/bankIn_r_pivot/bankOut_r_pivot/heel_r_roll/heel_r/ball_r_pivot/toe_r_roll/toe_r/ballRoll_r_up_twin","cat":"step","ph":"X","ts":190085,"dur":1,"pid":1,"tid":13},
{"name":"ComposeSubtree /Biped/Rig/Controls/leg_r_ik/ankle_r_pivot/bankIn_r_pivot/bankOut_r_pivot/heel_r_roll/heel_r/ball_r_pivot/toe_r_roll/toe_r/toeBend_r/toeBend_r_fk","cat":"step","ph":"X","ts":190101,"dur":1,"pid":1,"tid":3},
{"name":"ComposeSubtree /Biped/Rig/Controls/leg_r_ik/ankle_r_pivot/bankIn_r_pivot/bankOut_r_pivot_twin","cat":"step","ph":"X","ts":190009,"dur":1,"pid":1,"tid":15},
{"name":"ComposeSubtree /Biped/Rig/Controls/leg_r_ik/ankle_r_pivot/bank_r","cat":"step","ph":"X","ts":190010,"dur":1,"pid":1,"tid":15},
{"name":"ComposeSubtree /Biped/Rig/Controls/leg_r_pv","cat":"step","ph":"X","ts":189961,"dur":1,"pid":1,"tid":0},
{"name":"ComposeSubtree /Biped/Rig/Controls/middle_001_l_bind_fk_follow/middle_001_l_bind_fk","cat":"step","ph":"X","ts":189971,"dur":1,"pid":1,"tid":0},
{"name":"ComposeSubtree /Biped/Rig/Controls/middle_001_r_bind_fk_follow","cat":"step","ph":"X","ts":189962,"dur":1,"pid":1,"tid":0},
{"name":"ComposeSubtree /Biped/Rig/Controls/middle_001_r_bind_fk_follow/middle_001_r_bind_fk/middle_002_r_bind_fk/middle_003_r_bind_fk","cat":"step","ph":"X","ts":190011,"dur":1,"pid":1,"tid":15},
{"name":"ComposeSubtree /Biped/Rig/Controls/pinkyCup_r_bind_fk_follow/pinkyCup_r_bind_fk/pinky_001_r_bind_fk/pinky_002_r_bind_fk/pinky_003_r_bind_fk","cat":"step","ph":"X","ts":190012,"dur":1,"pid":1,"tid":15},
{"name":"ComposeSubtree /Biped/Rig/Controls/ring_001_r_bind_fk_follow","cat":"step","ph":"X","ts":189964,"dur":1,"pid":1,"tid":0},
{"name":"ComposeSubtree /Biped/Rig/Controls/thumbCup_l_bind_fk_follow","cat":"step","ph":"X","ts":189965,"dur":1,"pid":1,"tid":0},
{"name":"ComposeSubtree /Biped/Rig/Controls/thumbCup_l_bind_fk_follow/thumbCup_l_bind_fk/thumb_001_l_bind_fk/thumb_002_l_bind_fk","cat":"step","ph":"X","ts":190013,"dur":1,"pid":1,"tid":15},
{"name":"ComposeSubtree /Biped/Rig/Joints/ankle_l_pivot/bankIn_l_pivot/bankOut_l_pivot","cat":"step","ph":"X","ts":189973,"dur":1,"pid":1,"tid":0},
{"name":"ComposeSubtree /Biped/Rig/Joints/ankle_l_pivot/bankIn_l_pivot/bankOut_l_pivot/heel_l_pivot/ball_l_pivot/toe_l_pivot/ballRoll_l_pivot","cat":"step","ph":"X","ts":190020,"dur":1,"pid":1,"tid":15},
{"name":"ComposeSubtree /Biped/Rig/Joints/ankle_r_pivot/bankIn_r_pivot/bankOut_r_pivot/heel_r_pivot/ball_r_pivot","cat":"step","ph":"X","ts":190015,"dur":1,"pid":1,"tid":15},
{"name":"ComposeSubtree /Biped/Rig/Joints/hips_bind/pelvis_l_bind/thigh_l_bind","cat":"step","ph":"X","ts":189974,"dur":1,"pid":1,"tid":0},
{"name":"ComposeSubtree /Biped/Rig/Joints/hips_bind/pelvis_l_bind/thigh_l_bind/knee_l_bind/ankleTwist_l_driver","cat":"step","ph":"X","ts":189990,"dur":1,"pid":1,"tid":0},
{"name":"ComposeSubtree /Biped/Rig/Joints/hips_bind/pelvis_l_bind/thigh_l_bind/knee_l_bind/ankle_l_bind/ball_l_bind","cat":"step","ph":"X","ts":190021,"dur":1,"pid":1,"tid":15},
{"name":"ComposeSubtree /Biped/Rig/Joints/hips_bind/pelvis_l_bind/thigh_l_bind/knee_l_bind/ankle_l_bind/ball_l_bind/toe1_001_l_bind/toe1_002_l_bind","cat":"step","ph":"X","ts":190069,"dur":1,"pid":1,"tid":16},
{"name":"ComposeSubtree /Biped/Rig/Joints/hips_bind/pelvis_l_bind/thigh_l_bind/knee_l_bind/ankle_l_bind/ball_l_bind/toe2_001_l_bind/toe2_002_l_bind/toe2_003_l_bind","cat":"step","ph":"X","ts":190086,"dur":1,"pid":1,"tid":13},
{"name":"ComposeSubtree /Biped/Rig/Joints/hips_bind/pelvis_l_bind/thigh_l_bind/knee_l_bind/ankle_l_bind/ball_l_bind/toe3_001_l_bind","cat":"step","ph":"X","ts":190070,"dur":1,"pid":1,"tid":16},
{"name":"ComposeSubtree /Biped/Rig/Joints/hips_bind/pelvis_l_bind/thigh_l_bind/knee_l_bind/ankle_l_bind/ball_l_bind/toe3_001_l_bind/toe3_002_l_bind/toe3_003_l_bind","cat":"step","ph":"X","ts":190087,"dur":1,"pid":1,"tid":13},
{"name":"ComposeSubtree /Biped/Rig/Joints/hips_bind/pelvis_l_bind/thigh_l_bind/knee_l_bind/ankle_l_bind/ball_l_bind/toe5_001_l_bind","cat":"step","ph":"X","ts":190071,"dur":1,"pid":1,"tid":16},
{"name":"ComposeSubtree /Biped/Rig/Joints/hips_bind/pelvis_l_bind/thigh_l_bind/knee_l_bind/ankle_l_bind/ball_l_bind/toe5_001_l_bind/toe5_002_l_bind/toe5_003_l_bind","cat":"step","ph":"X","ts":190088,"dur":1,"pid":1,"tid":13},
{"name":"ComposeSubtree /Biped/Rig/Joints/hips_bind/pelvis_l_bind/thigh_l_bind/knee_l_bind/kneeTwist_l_bind","cat":"step","ph":"X","ts":189991,"dur":1,"pid":1,"tid":0},
{"name":"ComposeSubtree /Biped/Rig/Joints/hips_bind/pelvis_r_bind","cat":"step","ph":"X","ts":189975,"dur":1,"pid":1,"tid":0},
{"name":"ComposeSubtree /Biped/Rig/Joints/hips_bind/pelvis_r_bind/pelvis_trans_r_bind/thigh_r_driver","cat":"step","ph":"X","ts":190022,"dur":1,"pid":1,"tid":15},
{"name":"ComposeSubtree /Biped/Rig/Joints/hips_bind/pelvis_r_bind/thigh_r_bind","cat":"step","ph":"X","ts":189992,"dur":1,"pid":1,"tid":0},
{"name":"ComposeSubtree /Biped/Rig/Joints/hips_bind/pelvis_r_bind/thigh_r_bind/knee_r_bind/ankleTwist_r_bind","cat":"step","ph":"X","ts":190023,"dur":1,"pid":1,"tid":15},
{"name":"ComposeSubtree /Biped/Rig/Joints/hips_bind/pelvis_r_bind/thigh_r_bind/knee_r_bind/ankleTwist_r_driver","cat":"step","ph":"X","ts":190024,"dur":17,"pid":1,"tid":15},
{"name":"ComposeSubtree /Biped/Rig/Joints/hips_bind/pelvis_r_bind/thigh_r_bind/knee_r_bind/ankle_r_bind/ball_r_bind","cat":"step","ph":"X","ts":190072,"dur":1,"pid":1,"tid":16},
{"name":"ComposeSubtree /Biped/Rig/Joints/hips_bind/pelvis_r_bind/thigh_r_bind/knee_r_bind/ankle_r_bind/ball_r_bind/toe1_001_r_bind/toe1_002_r_bind/toe1_003_r_bind","cat":"step","ph":"X","ts":190102,"dur":1,"pid":1,"tid":3},
{"name":"ComposeSubtree /Biped/Rig/Joints/hips_bind/pelvis_r_bind/thigh_r_bind/knee_r_bind/ankle_r_bind/ball_r_bind/toe2_001_r_bind","cat":"step","ph":"X","ts":190089,"dur":1,"pid":1,"tid":13},
{"name":"ComposeSubtree /Biped/Rig/Joints/hips_bind/pelvis_r_bind/thigh_r_bind/knee_r_bind/ankle_r_bind/ball_r_bind/toe3_001_r_bind","cat":"step","ph":"X","ts":190090,"dur":1,"pid":1,"tid":13},
{"name":"ComposeSubtree /Biped/Rig/Joints/hips_bind/pelvis_r_bind/thigh_r_bind/knee_r_bind/ankle_r_bind/ball_r_bind/toe3_001_r_bind/toe3_002_r_bind/toe3_003_r_bind","cat":"step","ph":"X","ts":190103,"dur":1,"pid":1,"tid":3},
{"name":"ComposeSubtree /Biped/Rig/Joints/hips_bind/pelvis_r_bind/thigh_r_bind/knee_r_bind/ankle_r_bind/ball_r_bind/toe4_001_r_bind","cat":"step","ph":"X","ts":190091,"dur":1,"pid":1,"tid":13},
{"name":"ComposeSubtree /Biped/Rig/Joints/hips_bind/pelvis_r_bind/thigh_r_bind/knee_r_bind/ankle_r_bind/ball_r_bind/toe5_001_r_bind/toe5_002_r_bind/toe5_003_r_bind","cat":"step","ph":"X","ts":190104,"dur":1,"pid":1,"tid":3},
{"name":"ComposeSubtree /Biped/Rig/Joints/hips_bind/pelvis_r_bind/thigh_r_bind/knee_r_bind/ankle_r_bind/ball_r_bind/toe_r_bind","cat":"step","ph":"X","ts":190092,"dur":1,"pid":1,"tid":13},
{"name":"ComposeSubtree /Biped/Rig/Joints/hips_bind/pelvis_r_bind/thigh_r_bind/knee_r_bind/kneeTwist_r_bind","cat":"step","ph":"X","ts":190041,"dur":1,"pid":1,"tid":15},
{"name":"ComposeSubtree /Biped/Rig/Joints/hips_bind/spine_0_bind/spine_1_bind/spine_2_bind/spine_3_bind/spine_4_bind","cat":"step","ph":"X","ts":190042,"dur":1,"pid":1,"tid":15},
{"name":"ComposeSubtree /Biped/Rig/Joints/hips_bind/spine_0_bind/spine_1_bind/spine_2_bind/spine_3_bind/spine_4_bind/spine_5_bind/chest_bind/clavicle_l_bind/clavicle_trans_combo_l_driver","cat":"step","ph":"X","ts":190093,"dur":1,"pid":1,"tid":13},
{"name":"ComposeSubtree /Biped/Rig/Joints/hips_bind/spine_0_bind/spine_1_bind/spine_2_bind/spine_3_bind/spine_4_bind/spine_5_bind/chest_bind/clavicle_l_bind/clavicle_trans_l_bind/shoulder_l_driver","cat":"step","ph":"X","ts":190105,"dur":1,"pid":1,"tid":3},
{"name":"ComposeSubtree /Biped/Rig/Joints/hips_bind/spine_0_bind/spine_1_bind/spine_2_bind/spine_3_bind/spine_4_bind/spine_5_bind/chest_bind/clavicle_l_bind/shoulder_l_bind","cat":"step","ph":"X","ts":190094,"dur":1,"pid":1,"tid":13},
{"name":"ComposeSubtree /Biped/Rig/Joints/hips_bind/spine_0_bind/spine_1_bind/spine_2_bind/spine_3_bind/spine_4_bind/spine_5_bind/chest_bind/clavicle_l_bind/shoulder_l_bind/elbow_l_bind/wristTwist_l_bind","cat":"step","ph":"X","ts":190106,"dur":1,"pid":1,"tid":3},
{"name":"ComposeSubtree /Biped/Rig/Joints/hips_bind/spine_0_bind/spine_1_bind/spine_2_bind/spine_3_bind/spine_4_bind/spine_5_bind/chest_bind/clavicle_l_bind/shoulder_l_bind/elbow_l_bind/wrist_l_bind/index_001_l_bind","cat":"step","ph":"X","ts":190111,"dur":1,"pid":1,"tid":13},
{"name":"ComposeSubtree /Biped/Rig/Joints/hips_bind/spine_0_bind/spine_1_bind/spine_2_bind/spine_3_bind/spine_4_bind/spine_5_bind/chest_bind/clavicle_l_bind/shoulder_l_bind/elbow_l_bind/wrist_l_bind/index_001_l_bind/index_002_l_bind","cat":"step","ph":"X","ts":190129,"dur":2,"pid":1,"tid":14},
{"name":"ComposeSubtree /Biped/Rig/Joints/hips_bind/spine_0_bind/spine_1_bind/spine_2_bind/spine_3_bind/spine_4_bind/spine_5_bind/chest_bind/clavicle_l_bind/shoulder_l_bind/elbow_l_bind/wrist_l_bind/index_001_l_bind/index_002_l_bind/index_003_l_bind/index_004_l_bind","cat":"step","ph":"X","ts":190160,"dur":2,"pid":1,"tid":17},
{"name":"ComposeSubtree /Biped/Rig/Joints/hips_bind/spine_0_bind/spine_1_bind/spine_2_bind/spine_3_bind/spine_4_bind/spine_5_bind/chest_bind/clavicle_l_bind/shoulder_l_bind/elbow_l_bind/wrist_l_bind/middle_001_l_bind","cat":"step","ph":"X","ts":190112,"dur":1,"pid":1,"tid":13},
{"name":"ComposeSubtree /Biped/Rig/Joints/hips_bind/spine_0_bind/spine_1_bind/spine_2_bind/spine_3_bind/spine_4_bind/spine_5_bind/chest_bind/clavicle_l_bind/shoulder_l_bind/elbow_l_bind/wrist_l_bind/middle_001_l_bind/middle_002_l_bind/middle_003_l_bind/middle_004_l_bind","cat":"step","ph":"X","ts":190162,"dur":1,"pid":1,"tid":17},
{"name":"ComposeSubtree /Biped/Rig/Joints/hips_bind/spine_0_bind/spine_1_bind/spine_2_bind/spine_3_bind/spine_4_bind/spine_5_bind/chest_bind/clavicle_l_bind/shoulder_l_bind/elbow_l_bind/wrist_l_bind/pinkyCup_l_bind","cat":"step","ph":"X","ts":190113,"dur":1,"pid":1,"tid":13},
{"name":"ComposeSubtree /Biped/Rig/Joints/hips_bind/spine_0_bind/spine_1_bind/spine_2_bind/spine_3_bind/spine_4_bind/spine_5_bind/chest_bind/clavicle_l_bind/shoulder_l_bind/elbow_l_bind/wrist_l_bind/pinkyCup_l_bind/pinky_001_l_bind/pinky_002_combo_l_driver","cat":"step","ph":"X","ts":190131,"dur":1,"pid":1,"tid":14},
{"name":"ComposeSubtree /Biped/Rig/Joints/hips_bind/spine_0_bind/spine_1_bind/spine_2_bind/spine_3_bind/spine_4_bind/spine_5_bind/chest_bind/clavicle_l_bind/shoulder_l_bind/elbow_l_bind/wrist_l_bind/pinkyCup_l_bind/pinky_001_l_bind/pinky_002_l_bind/pinky_003_l_bind/pinky_004_l_bind","cat":"step","ph":"X","ts":190193,"dur":2,"pid":1,"tid":10},
{"name":"ComposeSubtree /Biped/Rig/Joints/hips_bind/spine_0_bind/spine_1_bind/spine_2_bind/spine_3_bind/spine_4_bind/spine_5_bind/chest_bind/clavicle_l_bind/shoulder_l_bind/elbow_l_bind/wrist_l_bind/ring_001_l_bind","cat":"step","ph":"X","ts":190114,"dur":1,"pid":1,"tid":13},
{"name":"ComposeSubtree /Biped/Rig/Joints/hips_bind/spine_0_bind/spine_1_bind/spine_2_bind/spine_3_bind/spine_4_bind/spine_5_bind/chest_bind/clavicle_l_bind/shoulder_l_bind/elbow_l_bind/wrist_l_bind/ring_001_l_bind/ring_002_l_bind","cat":"step","ph":"X","ts":190132,"dur":1,"pid":1,"tid":14},
{"name":"ComposeSubtree /Biped/Rig/Joints/hips_bind/spine_0_bind/spine_1_bind/spine_2_bind/spine_3_bind/spine_4_bind/spine_5_bind/chest_bind/clavicle_l_bind/shoulder_l_bind/elbow_l_bind/wrist_l_bind/ring_001_l_bind/ring_002_l_bind/ring_003_l_bind/ring_004_l_bind","cat":"step","ph":"X","ts":190163,"dur":1,"pid":1,"tid":17},
{"name":"ComposeSubtree /Biped/Rig/Joints/hips_bind/spine_0_bind/spine_1_bind/spine_2_bind/spine_3_bind/spine_4_bind/spine_5_bind/chest_bind/clavicle_l_bind/shoulder_l_bind/elbow_l_bind/wrist_l_bind/thumbCup_l_bind","cat":"step","ph":"X","ts":190115,"dur":1,"pid":1,"tid":13},
{"name":"ComposeSubtree /Biped/Rig/Joints/hips_bind/spine_0_bind/spine_1_bind/spine_2_bind/spine_3_bind/spine_4_bind/spine_5_bind/chest_bind/clavicle_r_bind","cat":"step","ph":"X","ts":190076,"dur":1,"pid":1,"tid":16},
{"name":"ComposeSubtree /Biped/Rig/Joints/hips_bind/spine_0_bind/spine_1_bind/spine_2_bind/spine_3_bind/spine_4_bind/spine_5_bind/chest_bind/clavicle_r_bind/clavicle_trans_r_bind","cat":"step","ph":"X","ts":190107,"dur":1,"pid":1,"tid":3},
{"name":"ComposeSubtree /Biped/Rig/Joints/hips_bind/spine_0_bind/spine_1_bind/spine_2_bind/spine_3_bind/spine_4_bind/spine_5_bind/chest_bind/clavicle_r_bind/shoulder_r_bind","cat":"step","ph":"X","ts":190108,"dur":1,"pid":1,"tid":3},
{"name":"ComposeSubtree /Biped/Rig/Joints/hips_bind/spine_0_bind/spine_1_bind/spine_2_bind/spine_3_bind/spine_4_bind/spine_5_bind/chest_bind/clavicle_r_bind/shoulder_r_bind/elbow_r_bind/elbowTwist_r_bind","cat":"step","ph":"X","ts":190116,"dur":1,"pid":1,"tid":13},
{"name":"ComposeSubtree /Biped/Rig/Joints/hips_bind/spine_0_bind/spine_1_bind/spine_2_bind/spine_3_bind/spine_4_bind/spine_5_bind/chest_bind/clavicle_r_bind/shoulder_r_bind/elbow_r_bind/wristTwist_r_bind","cat":"step","ph":"X","ts":190117,"dur":1,"pid":1,"tid":13},
{"name":"ComposeSubtree /Biped/Rig/Joints/hips_bind/spine_0_bind/spine_1_bind/spine_2_bind/spine_3_bind/spine_4_bind/spine_5_bind/chest_bind/clavicle_r_bind/shoulder_r_bind/elbow_r_bind/wrist_r_bind/index_001_r_bind","cat":"step","ph":"X","ts":190133,"dur":1,"pid":1,"tid":14},
{"name":"ComposeSubtree /Biped/Rig/Joints/hips_bind/spine_0_bind/spine_1_bind/spine_2_bind/spine_3_bind/spine_4_bind/spine_5_bind/chest_bind/clavicle_r_bind/shoulder_r_bind/elbow_r_bind/wrist_r_bind/index_001_r_bind/index_002_r_bind","cat":"step","ph":"X","ts":190164,"dur":1,"pid":1,"tid":17},
{"name":"ComposeSubtree /Biped/Rig/Joints/hips_bind/spine_0_bind/spine_1_bind/spine_2_bind/spine_3_bind/spine_4_bind/spine_5_bind/chest_bind/clavicle_r_bind/shoulder_r_bind/elbow_r_bind/wrist_r_bind/index_001_r_bind/index_002_r_bind/index_003_r_bind/index_004_r_bind","cat":"step","ph":"X","ts":190195,"dur":1,"pid":1,"tid":10},
{"name":"ComposeSubtree /Biped/Rig/Joints/hips_bind/spine_0_bind/spine_1_bind/spine_2_bind/spine_3_bind/spine_4_bind/spine_5_bind/chest_bind/clavicle_r_bind/shoulder_r_bind/elbow_r_bind/wrist_r_bind/middle_001_r_bind","cat":"step","ph":"X","ts":190134,"dur":1,"pid":1,"tid":14},
{"name":"ComposeSubtree /Biped/Rig/Joints/hips_bind/spine_0_bind/spine_1_bind/spine_2_bind/spine_3_bind/spine_4_bind/spine_5_bind/chest_bind/clavicle_r_bind/shoulder_r_bind/elbow_r_bind/wrist_r_bind/middle_001_r_bind/middle_002_r_bind","cat":"step","ph":"X","ts":190165,"dur":1,"pid":1,"tid":17},
{"name":"ComposeSubtree /Biped/Rig/Joints/hips_bind/spine_0_bind/spine_1_bind/spine_2_bind/spine_3_bind/spine_4_bind/spine_5_bind/chest_bind/clavicle_r_bind/shoulder_r_bind/elbow_r_bind/wrist_r_bind/pinkyCup_r_bind/pinky_001_r_bind/pinky_002_combo_r_driver","cat":"step","ph":"X","ts":190166,"dur":1,"pid":1,"tid":17},
{"name":"ComposeSubtree /Biped/Rig/Joints/hips_bind/spine_0_bind/spine_1_bind/spine_2_bind/spine_3_bind/spine_4_bind/spine_5_bind/chest_bind/clavicle_r_bind/shoulder_r_bind/elbow_r_bind/wrist_r_bind/pinkyCup_r_bind/pinky_001_r_bind/pinky_002_r_bind/pinky_003_r_bind","cat":"step","ph":"X","ts":190196,"dur":1,"pid":1,"tid":10},
{"name":"ComposeSubtree /Biped/Rig/Joints/hips_bind/spine_0_bind/spine_1_bind/spine_2_bind/spine_3_bind/spine_4_bind/spine_5_bind/chest_bind/clavicle_r_bind/shoulder_r_bind/elbow_r_bind/wrist_r_bind/pinkyCup_r_bind/pinky_001_r_bind/pinky_002_r_bind/pinky_003_r_bind/pinky_004_r_bind","cat":"step","ph":"X","ts":190223,"dur":2,"pid":1,"tid":18},
{"name":"ComposeSubtree /Biped/Rig/Joints/hips_bind/spine_0_bind/spine_1_bind/spine_2_bind/spine_3_bind/spine_4_bind/spine_5_bind/chest_bind/clavicle_r_bind/shoulder_r_bind/elbow_r_bind/wrist_r_bind/ring_001_r_bind","cat":"step","ph":"X","ts":190135,"dur":1,"pid":1,"tid":14},
{"name":"ComposeSubtree /Biped/Rig/Joints/hips_bind/spine_0_bind/spine_1_bind/spine_2_bind/spine_3_bind/spine_4_bind/spine_5_bind/chest_bind/clavicle_r_bind/shoulder_r_bind/elbow_r_bind/wrist_r_bind/ring_001_r_bind/ring_002_r_bind/ring_003_r_bind/ring_004_r_bind","cat":"step","ph":"X","ts":190197,"dur":1,"pid":1,"tid":10},
{"name":"ComposeSubtree /Biped/Rig/Joints/hips_bind/spine_0_bind/spine_1_bind/spine_2_bind/spine_3_bind/spine_4_bind/spine_5_bind/chest_bind/clavicle_r_bind/shoulder_r_bind/elbow_r_bind/wrist_r_bind/thumbCup_r_bind","cat":"step","ph":"X","ts":190136,"dur":1,"pid":1,"tid":14},
{"name":"ComposeSubtree /Biped/Rig/Joints/hips_bind/spine_0_bind/spine_1_bind/spine_2_bind/spine_3_bind/spine_4_bind/spine_5_bind/chest_bind/clavicle_r_bind/shoulder_r_bind/elbow_r_bind/wrist_r_bind/thumbCup_r_bind/thumb_001_r_bind/thumb_002_r_bind","cat":"step","ph":"X","ts":190167,"dur":1,"pid":1,"tid":17},
{"name":"ComposeSubtree /Biped/Rig/Joints/hips_bind/spine_0_bind/spine_1_bind/spine_2_bind/spine_3_bind/spine_4_bind/spine_5_bind/chest_bind/neck_base_bind","cat":"step","ph":"X","ts":190077,"dur":1,"pid":1,"tid":16},
{"name":"ComposeSubtree /Biped/Rig/Joints/hips_bind/spine_0_bind/spine_1_bind/spine_2_bind/spine_3_bind/spine_4_bind/spine_5_bind/chest_bind/neck_base_bind/neck_0_bind/neck_1_bind/neck_2_bind/neck_3_bind","cat":"step","ph":"X","ts":190118,"dur":1,"pid":1,"tid":13},
{"name":"ComposeSubtree /Biped/Rig/Joints/hips_bind/spine_0_bind/spine_1_bind/spine_2_bind/spine_3_bind/spine_4_bind/spine_5_bind/chest_bind/neck_base_bind/neck_0_bind/neck_1_bind/neck_2_bind/neck_3_bind/skull_bind/face_lower_bind","cat":"step","ph":"X","ts":190137,"dur":1,"pid":1,"tid":14},
{"name":"ComposeSubtree /Biped/Rig/Joints/hips_bind/spine_0_bind/spine_1_bind/spine_2_bind/spine_3_bind/spine_4_bind/spine_5_bind/chest_bind/neck_base_bind/neck_0_bind/neck_1_bind/neck_2_bind/neck_3_bind/skull_bind/face_lower_bind/face_mid_bind/nose_bridge_bind","cat":"step","ph":"X","ts":190168,"dur":1,"pid":1,"tid":17},
{"name":"ComposeSubtree /Biped/Rig/Joints/hips_bind/spine_0_bind/spine_1_bind/spine_2_bind/spine_3_bind/spine_4_bind/spine_5_bind/chest_bind/neck_base_bind/neck_0_bind/neck_1_bind/neck_2_bind/neck_3_bind/skull_bind/face_lower_bind/jaw_bind/jaw_end","cat":"step","ph":"X","ts":190198,"dur":1,"pid":1,"tid":10},
{"name":"ComposeSubtree /Biped/Rig/Joints/hips_bind/spine_0_bind/spine_1_bind/spine_2_bind/spine_3_bind/spine_4_bind/spine_5_bind/chest_bind/neck_base_bind/neck_0_bind/neck_1_bind/neck_2_bind/neck_3_bind/skull_bind/face_lower_bind/jaw_bind/tongue_0_bind","cat":"step","ph":"X","ts":190199,"dur":1,"pid":1,"tid":10},
{"name":"ComposeSubtree /Biped/Rig/Joints/hips_bind/spine_0_bind/spine_1_bind/spine_2_bind/spine_3_bind/spine_4_bind/spine_5_bind/chest_bind/neck_base_bind/neck_0_bind/neck_1_bind/neck_2_bind/neck_3_bind/skull_bind/face_lower_bind/jaw_bind/tongue_0_bind/tongue_1_bind/tongue_2_bind","cat":"step","ph":"X","ts":190225,"dur":1,"pid":1,"tid":18},
{"name":"ComposeSubtree /Biped/Rig/Joints/hips_bind/spine_0_bind/spine_1_bind/spine_2_bind/spine_3_bind/spine_4_bind/spine_5_bind/chest_bind/neck_base_bind/neck_0_bind/neck_1_bind/neck_2_bind/neck_3_bind/skull_bind/face_lower_bind/jaw_bind/tongue_0_bind/tongue_1_bind/tongue_2_bind/tongue_3_bind","cat":"step","ph":"X","ts":190251,"dur":1,"pid":1,"tid":18},
{"name":"ComposeSubtree /Biped/Rig/Joints/hips_bind/spine_0_bind/spine_1_bind/spine_2_bind/spine_3_bind/spine_4_bind/spine_5_bind/chest_bind/neck_base_bind/neck_0_bind/neck_1_bind/neck_2_bind/neck_3_bind/skull_bind/face_upper_bind","cat":"step","ph":"X","ts":190138,"dur":1,"pid":1,"tid":14},
{"name":"ComposeSubtree /Biped/Rig/Joints/hips_bind/spine_0_bind/spine_1_bind/spine_2_bind/spine_3_bind/spine_4_bind/spine_5_bind/chest_bind/neck_base_bind/neck_0_bind/neck_1_bind/neck_2_bind/neck_3_bind/skull_bind/face_upper_bind/eyeSocket_l_bind","cat":"step","ph":"X","ts":190169,"dur":1,"pid":1,"tid":17},
{"name":"ComposeSubtree /Biped/Rig/Joints/hips_bind/spine_0_bind/spine_1_bind/spine_2_bind/spine_3_bind/spine_4_bind/spine_5_bind/chest_bind/neck_base_bind/neck_0_bind/neck_1_bind/neck_2_bind/neck_3_bind/skull_bind/face_upper_bind/head_tip_bind","cat":"step","ph":"X","ts":190170,"dur":1,"pid":1,"tid":17},
{"name":"ComposeSubtree /Biped/Rig/Joints/hips_bind/spine_0_bind/spine_1_bind/spine_2_bind/spine_3_bind/spine_4_bind/spine_5_bind/chest_bind/neck_base_bind/neck_0_bind/neck_1_bind/neck_2_bind/neck_3_bind/skull_bind/face_upper_bind/head_tip_bind/brow_main_r_bind","cat":"step","ph":"X","ts":190200,"dur":1,"pid":1,"tid":10},
{"name":"ComposeSubtree /Biped/Rig/Joints/hips_bind/spine_0_bind/spine_1_bind/spine_2_bind/spine_3_bind/spine_4_bind/spine_5_bind/chest_bind/neck_base_bind/neck_0_bind/neck_1_bind/neck_2_bind/neck_3_bind/skull_bind/face_upper_bind/head_tip_bind/brow_peak_r_bind","cat":"step","ph":"X","ts":190201,"dur":1,"pid":1,"tid":10},
{"name":"ComposeSubtree /Biped/Rig/Joints/pupilCenter_l_pivot","cat":"step","ph":"X","ts":189967,"dur":1,"pid":1,"tid":0},
{"name":"ComposeSubtree /Biped/Rig/Joints/spine_ik_spine_0_bind/spine_ik_spine_1_bind/spine_ik_spine_2_bind","cat":"step","ph":"X","ts":189976,"dur":1,"pid":1,"tid":0},
{"name":"Solve /Biped/Rig/Solvers/arm_l_fkChain","cat":"step","ph":"X","ts":190078,"dur":4,"pid":1,"tid":16},
{"name":"SolverCommit batch 0","cat":"step","ph":"X","ts":190098,"dur":1,"pid":1,"tid":16},
{"name":"Solve /Biped/Rig/Solvers/arm_l_twoBoneIk","cat":"step","ph":"X","ts":190073,"dur":2,"pid":1,"tid":16},
{"name":"SolverCommit batch 1","cat":"step","ph":"X","ts":190082,"dur":1,"pid":1,"tid":16},
{"name":"Solve /Biped/Rig/Solvers/arm_r_fkChain","cat":"step","ph":"X","ts":190099,"dur":1,"pid":1,"tid":16},
{"name":"SolverCommit batch 2","cat":"step","ph":"X","ts":190119,"dur":1,"pid":1,"tid":13},
{"name":"Solve /Biped/Rig/Solvers/arm_r_twoBoneIk","cat":"step","ph":"X","ts":190061,"dur":3,"pid":1,"tid":15},
{"name":"Solve /Biped/Rig/Solvers/leg_l_fkChain","cat":"step","ph":"X","ts":190064,"dur":4,"pid":1,"tid":15},
{"name":"Solve /Biped/Rig/Solvers/leg_r_fkChain","cat":"step","ph":"X","ts":190083,"dur":1,"pid":1,"tid":16},
{"name":"Solve /Biped/Rig/Solvers/neck_splineIk","cat":"step","ph":"X","ts":190084,"dur":13,"pid":1,"tid":16},
{"name":"SolverCommit batch 6","cat":"step","ph":"X","ts":190274,"dur":2,"pid":1,"tid":12},
{"name":"Constraint /Biped/Rig/Movers/spine_mid_follow/spine_mid_follow_pos","cat":"step","ph":"X","ts":190044,"dur":15,"pid":1,"tid":15},
{"name":"Solve /Biped/Rig/Solvers/arm_l_ikfk","cat":"step","ph":"X","ts":190100,"dur":2,"pid":1,"tid":16},
{"name":"SolverCommit batch 8","cat":"step","ph":"X","ts":190120,"dur":3,"pid":1,"tid":13},
{"name":"Solve /Biped/Rig/Solvers/arm_r_ikfk","cat":"step","ph":"X","ts":190123,"dur":2,"pid":1,"tid":13},
{"name":"SolverCommit batch 9","cat":"step","ph":"X","ts":190139,"dur":2,"pid":1,"tid":14},
{"name":"Constraint /Biped/Rig/Movers/spine_mid_follow/spine_mid_follow_aim","cat":"step","ph":"X","ts":190068,"dur":5,"pid":1,"tid":15},
{"name":"Solve /Biped/Rig/Solvers/spine_splineIk","cat":"step","ph":"X","ts":190075,"dur":15,"pid":1,"tid":15},
{"name":"SolverCommit batch 11","cat":"step","ph":"X","ts":190102,"dur":2,"pid":1,"tid":16},
{"name":"Constraint /Biped/Rig/Movers/hand_r_follow/thumbCup_r_bind_fk_follow_to_wrist_r_bind","cat":"step","ph":"X","ts":190171,"dur":13,"pid":1,"tid":17},
{"name":"Solve /Biped/Rig/Solvers/fk_thumb_r","cat":"step","ph":"X","ts":190202,"dur":3,"pid":1,"tid":10},
{"name":"SolverCommit batch 13","cat":"step","ph":"X","ts":190226,"dur":2,"pid":1,"tid":18},
{"name":"Constraint /Biped/Rig/Movers/hand_r_follow/ring_001_r_bind_fk_follow_to_wrist_r_bind","cat":"step","ph":"X","ts":190184,"dur":5,"pid":1,"tid":17},
{"name":"Solve /Biped/Rig/Solvers/fk_ring_r","cat":"step","ph":"X","ts":190205,"dur":3,"pid":1,"tid":10},
{"name":"SolverCommit batch 15","cat":"step","ph":"X","ts":190228,"dur":2,"pid":1,"tid":18},
{"name":"Constraint /Biped/Rig/Movers/hand_r_follow/pinkyCup_r_bind_fk_follow_to_wrist_r_bind","cat":"step","ph":"X","ts":190161,"dur":15,"pid":1,"tid":19},
{"name":"Solve /Biped/Rig/Solvers/fk_pinky_r","cat":"step","ph":"X","ts":190188,"dur":4,"pid":1,"tid":19},
{"name":"SolverCommit batch 17","cat":"step","ph":"X","ts":190252,"dur":2,"pid":1,"tid":18},
{"name":"Constraint /Biped/Rig/Movers/hand_r_follow/middle_001_r_bind_fk_follow_to_wrist_r_bind","cat":"step","ph":"X","ts":190176,"dur":6,"pid":1,"tid":19},
{"name":"Solve /Biped/Rig/Solvers/fk_middle_r","cat":"step","ph":"X","ts":190192,"dur":3,"pid":1,"tid":19},
{"name":"SolverCommit batch 19","cat":"step","ph":"X","ts":190230,"dur":1,"pid":1,"tid":18},
{"name":"Constraint /Biped/Rig/Movers/hand_r_follow/index_001_r_bind_fk_follow_to_wrist_r_bind","cat":"step","ph":"X","ts":190183,"dur":5,"pid":1,"tid":19},
{"name":"Solve /Biped/Rig/Solvers/fk_index_r","cat":"step","ph":"X","ts":190195,"dur":2,"pid":1,"tid":19},
{"name":"SolverCommit batch 21","cat":"step","ph":"X","ts":190231,"dur":2,"pid":1,"tid":18},
{"name":"Constraint /Biped/Rig/Movers/hand_l_follow/thumbCup_l_bind_fk_follow_to_wrist_l_bind","cat":"step","ph":"X","ts":190141,"dur":11,"pid":1,"tid":14},
{"name":"Solve /Biped/Rig/Solvers/fk_thumb_l","cat":"step","ph":"X","ts":190167,"dur":6,"pid":1,"tid":2},
{"name":"SolverCommit batch 23","cat":"step","ph":"X","ts":190194,"dur":4,"pid":1,"tid":12},
{"name":"Constraint /Biped/Rig/Movers/hand_l_follow/ring_001_l_bind_fk_follow_to_wrist_l_bind","cat":"step","ph":"X","ts":190152,"dur":5,"pid":1,"tid":14},
{"name":"Solve /Biped/Rig/Solvers/fk_ring_l","cat":"step","ph":"X","ts":190174,"dur":2,"pid":1,"tid":2},
{"name":"SolverCommit batch 25","cat":"step","ph":"X","ts":190198,"dur":1,"pid":1,"tid":12},
{"name":"Constraint /Biped/Rig/Movers/hand_l_follow/pinkyCup_l_bind_fk_follow_to_wrist_l_bind","cat":"step","ph":"X","ts":190133,"dur":10,"pid":1,"tid":8},
{"name":"Solve /Biped/Rig/Solvers/fk_pinky_l","cat":"step","ph":"X","ts":190176,"dur":3,"pid":1,"tid":2},
{"name":"SolverCommit batch 27","cat":"step","ph":"X","ts":190233,"dur":1,"pid":1,"tid":18},
{"name":"Constraint /Biped/Rig/Movers/hand_l_follow/middle_001_l_bind_fk_follow_to_wrist_l_bind","cat":"step","ph":"X","ts":190143,"dur":5,"pid":1,"tid":8},
{"name":"Solve /Biped/Rig/Solvers/fk_middle_l","cat":"step","ph":"X","ts":190153,"dur":2,"pid":1,"tid":8},
{"name":"SolverCommit batch 29","cat":"step","ph":"X","ts":190199,"dur":2,"pid":1,"tid":12},
{"name":"Constraint /Biped/Rig/Movers/hand_l_follow/index_001_l_bind_fk_follow_to_wrist_l_bind","cat":"step","ph":"X","ts":190148,"dur":4,"pid":1,"tid":8},
{"name":"Solve /Biped/Rig/Solvers/fk_index_l","cat":"step","ph":"X","ts":190155,"dur":2,"pid":1,"tid":8},
{"name":"SolverCommit batch 31","cat":"step","ph":"X","ts":190201,"dur":1,"pid":1,"tid":12},
{"name":"Constraint /Biped/Rig/Movers/bankIn_r_pivot_rc/bankIn_r_pivot_rotation","cat":"step","ph":"X","ts":190135,"dur":4,"pid":1,"tid":16},
{"name":"Constraint /Biped/Rig/Movers/bankOut_r_pivot_rc/bankOut_r_pivot_rotation","cat":"step","ph":"X","ts":190157,"dur":3,"pid":1,"tid":8},
{"name":"Constraint /Biped/Rig/Movers/heel_r_roll_rc/heel_r_roll_rotation","cat":"step","ph":"X","ts":190202,"dur":7,"pid":1,"tid":12},
{"name":"Constraint /Biped/Rig/Movers/toe_r_roll_rc/toe_r_roll_rotation","cat":"step","ph":"X","ts":190234,"dur":8,"pid":1,"tid":18},
{"name":"Constraint /Biped/Rig/Movers/ballRoll_r_up_rc/ballRoll_r_up_rotation","cat":"step","ph":"X","ts":190254,"dur":2,"pid":1,"tid":18},
{"name":"Constraint /Biped/Rig/Movers/ballRoll_r_down_rc/ballRoll_r_down_rotation","cat":"step","ph":"X","ts":190276,"dur":2,"pid":1,"tid":12},
{"name":"Solve /Biped/Rig/Solvers/leg_r_twoBoneIk","cat":"step","ph":"X","ts":190293,"dur":1,"pid":1,"tid":12},
{"name":"Solve /Biped/Rig/Solvers/leg_r_ikfk","cat":"step","ph":"X","ts":190301,"dur":1,"pid":1,"tid":12},
{"name":"SolverCommit batch 39","cat":"step","ph":"X","ts":190313,"dur":8,"pid":1,"tid":12},
{"name":"Constraint /Biped/Rig/Movers/ankle_r_bind_scAim/ankle_r_bind_aim","cat":"step","ph":"X","ts":190358,"dur":7,"pid":1,"tid":0},
{"name":"Constraint /Biped/Rig/Movers/ball_r_bind_scAim/ball_r_bind_aim","cat":"step","ph":"X","ts":190381,"dur":10,"pid":1,"tid":20},
{"name":"Constraint /Biped/Rig/Movers/bankIn_l_pivot_rc/bankIn_l_pivot_rotation","cat":"step","ph":"X","ts":190109,"dur":6,"pid":1,"tid":3},
{"name":"Constraint /Biped/Rig/Movers/bankOut_l_pivot_rc/bankOut_l_pivot_rotation","cat":"step","ph":"X","ts":190139,"dur":2,"pid":1,"tid":16},
{"name":"Constraint /Biped/Rig/Movers/heel_l_roll_rc/heel_l_roll_rotation","cat":"step","ph":"X","ts":190167,"dur":2,"pid":1,"tid":8},
{"name":"Constraint /Biped/Rig/Movers/toe_l_roll_rc/toe_l_roll_rotation","cat":"step","ph":"X","ts":190209,"dur":1,"pid":1,"tid":12},
{"name":"Constraint /Biped/Rig/Movers/ballRoll_l_up_rc/ballRoll_l_up_rotation","cat":"step","ph":"X","ts":190242,"dur":3,"pid":1,"tid":18},
{"name":"Constraint /Biped/Rig/Movers/ballRoll_l_down_rc/ballRoll_l_down_rotation","cat":"step","ph":"X","ts":190256,"dur":1,"pid":1,"tid":18},
{"name":"Solve /Biped/Rig/Solvers/leg_l_twoBoneIk","cat":"step","ph":"X","ts":190278,"dur":2,"pid":1,"tid":12},
{"name":"SolverCommit batch 48","cat":"step","ph":"X","ts":190294,"dur":1,"pid":1,"tid":12},
{"name":"Solve /Biped/Rig/Solvers/leg_l_ikfk","cat":"step","ph":"X","ts":190295,"dur":1,"pid":1,"tid":12},
{"name":"SolverCommit batch 49","cat":"step","ph":"X","ts":190302,"dur":8,"pid":1,"tid":12},
{"name":"Constraint /Biped/Rig/Movers/ankle_l_bind_scAim/ankle_l_bind_aim","cat":"step","ph":"X","ts":190321,"dur":9,"pid":1,"tid":12},
{"name":"Constraint /Biped/Rig/Movers/ball_l_bind_scAim/ball_l_bind_aim","cat":"step","ph":"X","ts":190365,"dur":4,"pid":1,"tid":0},
{"name":"Constraint /Biped/Rig/Movers/hips_follow/spine_root_ctl_drives_hips_bind","cat":"step","ph":"X","ts":189993,"dur":12,"pid":1,"tid":0},
{"name":"PropagateChunk /Biped/Rig/Movers/hips_follow/spine_root_ctl_drives_hips_bind","cat":"step","ph":"X","ts":190280,"dur":7,"pid":1,"tid":12},
{"name":"PropagateChunk /Biped/Rig/Movers/hips_follow/spine_root_ctl_drives_hips_bind","cat":"step","ph":"X","ts":190245,"dur":1,"pid":1,"tid":18},
{"name":"CommitApply /Biped/Rig/Movers/hips_follow/spine_root_ctl_drives_hips_bind","cat":"step","ph":"X","ts":190296,"dur":3,"pid":1,"tid":12},
{"name":"Constraint /Biped/Rig/Movers/hips_follow/spine_root_ctl_scales_hips_bind","cat":"step","ph":"X","ts":190310,"dur":3,"pid":1,"tid":12},
{"name":"PropagateChunk /Biped/Rig/Movers/hips_follow/spine_root_ctl_scales_hips_bind","cat":"step","ph":"X","ts":190369,"dur":5,"pid":1,"tid":0},
{"name":"CommitApply /Biped/Rig/Movers/hips_follow/spine_root_ctl_scales_hips_bind","cat":"step","ph":"X","ts":190391,"dur":3,"pid":1,"tid":20},
{"name":"Constraint /Biped/Rig/Movers/spine_to_bind/spine_ik_spine_0_bind_scale_to_spine_0_bind","cat":"step","ph":"X","ts":190407,"dur":9,"pid":1,"tid":15},
{"name":"Constraint /Biped/Rig/Movers/spine_to_bind/spine_ik_spine_0_bind_to_spine_0_bind","cat":"step","ph":"X","ts":190423,"dur":19,"pid":1,"tid":1},
{"name":"Constraint /Biped/Rig/Movers/spine_to_bind/spine_ik_spine_1_bind_scale_to_spine_1_bind","cat":"step","ph":"X","ts":190450,"dur":6,"pid":1,"tid":15},
{"name":"Constraint /Biped/Rig/Movers/spine_to_bind/spine_ik_spine_1_bind_to_spine_1_bind","cat":"step","ph":"X","ts":190463,"dur":8,"pid":1,"tid":15},
{"name":"Constraint /Biped/Rig/Movers/spine_to_bind/spine_ik_spine_2_bind_scale_to_spine_2_bind","cat":"step","ph":"X","ts":190477,"dur":7,"pid":1,"tid":0},
{"name":"Constraint /Biped/Rig/Movers/spine_to_bind/spine_ik_spine_2_bind_to_spine_2_bind","cat":"step","ph":"X","ts":190488,"dur":7,"pid":1,"tid":0},
{"name":"Constraint /Biped/Rig/Movers/spine_to_bind/spine_ik_spine_3_bind_scale_to_spine_3_bind","cat":"step","ph":"X","ts":190495,"dur":6,"pid":1,"tid":0},
{"name":"Constraint /Biped/Rig/Movers/spine_to_bind/spine_ik_spine_3_bind_to_spine_3_bind","cat":"step","ph":"X","ts":190501,"dur":7,"pid":1,"tid":0},
{"name":"Constraint /Biped/Rig/Movers/spine_to_bind/spine_ik_spine_4_bind_scale_to_spine_4_bind","cat":"step","ph":"X","ts":190508,"dur":5,"pid":1,"tid":0},
{"name":"Constraint /Biped/Rig/Movers/spine_to_bind/spine_ik_spine_4_bind_to_spine_4_bind","cat":"step","ph":"X","ts":190514,"dur":5,"pid":1,"tid":0},
{"name":"Constraint /Biped/Rig/Movers/spine_to_bind/spine_ik_spine_5_bind_scale_to_spine_5_bind","cat":"step","ph":"X","ts":190519,"dur":5,"pid":1,"tid":0},
{"name":"Constraint /Biped/Rig/Movers/spine_to_bind/spine_ik_spine_5_bind_to_spine_5_bind","cat":"step","ph":"X","ts":190524,"dur":6,"pid":1,"tid":0},
{"name":"Constraint /Biped/Rig/Movers/spine_to_bind/spine_ik_chest_bind_scale_to_chest_bind","cat":"step","ph":"X","ts":190530,"dur":4,"pid":1,"tid":0},
{"name":"Constraint /Biped/Rig/Movers/spine_to_bind/spine_ik_chest_bind_to_chest_bind","cat":"step","ph":"X","ts":190535,"dur":5,"pid":1,"tid":0},
{"name":"Constraint /Biped/Rig/Movers/girdles/spine_end_ctl_drives_chest_bind","cat":"step","ph":"X","ts":190541,"dur":5,"pid":1,"tid":0},
{"name":"Constraint /Biped/Rig/Movers/girdles/pelvis_r_ctl_drives_pelvis_r_bind","cat":"step","ph":"X","ts":190416,"dur":3,"pid":1,"tid":15},
{"name":"Constraint /Biped/Rig/Movers/girdles/pelvis_l_ctl_drives_pelvis_l_bind","cat":"step","ph":"X","ts":190419,"dur":2,"pid":1,"tid":15},
{"name":"Constraint /Biped/Rig/Movers/girdles/clavicle_r_ctl_drives_clavicle_r_bind","cat":"step","ph":"X","ts":190547,"dur":1,"pid":1,"tid":0},
{"name":"Constraint /Biped/Rig/Movers/girdles/clavicle_l_ctl_drives_clavicle_l_bind","cat":"step","ph":"X","ts":190548,"dur":2,"pid":1,"tid":0},
{"name":"Constraint /Biped/Rig/Movers/girdles/spine_end_ctl_unsquashes_neck_base_bind","cat":"step","ph":"X","ts":190550,"dur":3,"pid":1,"tid":0},
{"name":"Constraint /Biped/Rig/Movers/girdles/clavicle_r_ctl_unsquashes_clavicle_r_bind","cat":"step","ph":"X","ts":190553,"dur":2,"pid":1,"tid":0},
{"name":"Constraint /Biped/Rig/Movers/girdles/clavicle_l_ctl_unsquashes_clavicle_l_bind","cat":"step","ph":"X","ts":190555,"dur":3,"pid":1,"tid":0},
{"name":"Constraint /Biped/Rig/Movers/neck_to_bind/neck_ik_neck_0_bind_scale_to_neck_0_bind","cat":"step","ph":"X","ts":190558,"dur":4,"pid":1,"tid":0},
{"name":"Constraint /Biped/Rig/Movers/neck_to_bind/neck_ik_neck_0_bind_to_neck_0_bind","cat":"step","ph":"X","ts":190572,"dur":4,"pid":1,"tid":0},
{"name":"Constraint /Biped/Rig/Movers/neck_to_bind/neck_ik_neck_1_bind_scale_to_neck_1_bind","cat":"step","ph":"X","ts":190580,"dur":6,"pid":1,"tid":1},
{"name":"Constraint /Biped/Rig/Movers/neck_to_bind/neck_ik_neck_1_bind_to_neck_1_bind","cat":"step","ph":"X","ts":190595,"dur":6,"pid":1,"tid":1},
{"name":"Constraint /Biped/Rig/Movers/neck_to_bind/neck_ik_neck_2_bind_scale_to_neck_2_bind","cat":"step","ph":"X","ts":190613,"dur":11,"pid":1,"tid":21},
{"name":"Constraint /Biped/Rig/Movers/neck_to_bind/neck_ik_neck_2_bind_to_neck_2_bind","cat":"step","ph":"X","ts":190631,"dur":8,"pid":1,"tid":21},
{"name":"Constraint /Biped/Rig/Movers/neck_to_bind/neck_ik_neck_3_bind_scale_to_neck_3_bind","cat":"step","ph":"X","ts":190646,"dur":6,"pid":1,"tid":21},
{"name":"Constraint /Biped/Rig/Movers/neck_to_bind/neck_ik_neck_3_bind_to_neck_3_bind","cat":"step","ph":"X","ts":191690,"dur":10,"pid":1,"tid":21},
{"name":"Constraint /Biped/Rig/Movers/neck_to_bind/neck_ik_skull_bind_scale_to_skull_bind","cat":"step","ph":"X","ts":192372,"dur":10,"pid":1,"tid":21},
{"name":"Constraint /Biped/Rig/Movers/neck_to_bind/neck_ik_skull_bind_to_skull_bind","cat":"step","ph":"X","ts":192403,"dur":8,"pid":1,"tid":21},
{"name":"Constraint /Biped/Rig/Movers/twist_aims/wristTwist_r_bind_copy","cat":"step","ph":"X","ts":190169,"dur":6,"pid":1,"tid":8},
{"name":"Constraint /Biped/Rig/Movers/twist_aims/wristTwist_r_bind_aim","cat":"step","ph":"X","ts":190210,"dur":11,"pid":1,"tid":12},
{"name":"Constraint /Biped/Rig/Movers/twist_aims/wristTwist_l_bind_copy","cat":"step","ph":"X","ts":190126,"dur":11,"pid":1,"tid":13},
{"name":"Constraint /Biped/Rig/Movers/twist_aims/wristTwist_l_bind_aim","cat":"step","ph":"X","ts":190175,"dur":5,"pid":1,"tid":8},
{"name":"Constraint /Biped/Rig/Movers/twist_aims/ankleTwist_r_bind_copy","cat":"step","ph":"X","ts":190394,"dur":4,"pid":1,"tid":20},
{"name":"Constraint /Biped/Rig/Movers/twist_aims/ankleTwist_r_bind_aim","cat":"step","ph":"X","ts":190407,"dur":8,"pid":1,"tid":3},
{"name":"Constraint /Biped/Rig/Movers/twist_aims/ankleTwist_l_bind_copy","cat":"step","ph":"X","ts":190375,"dur":3,"pid":1,"tid":0},
{"name":"Constraint /Biped/Rig/Movers/twist_aims/ankleTwist_l_bind_aim","cat":"step","ph":"X","ts":190398,"dur":3,"pid":1,"tid":20},
{"name":"Constraint /Biped/Rig/Movers/twist_aims/ankleTwist_r_bind_follows_ankle_r_bind","cat":"step","ph":"X","ts":190442,"dur":3,"pid":1,"tid":1},
{"name":"Constraint /Biped/Rig/Movers/twist_aims/ankleTwist_l_bind_follows_ankle_l_bind","cat":"step","ph":"X","ts":190415,"dur":2,"pid":1,"tid":3},
{"name":"Constraint /Biped/Rig/Movers/twist_aims/wristTwist_r_bind_follows_wrist_r_bind","cat":"step","ph":"X","ts":190246,"dur":4,"pid":1,"tid":18},
{"name":"Constraint /Biped/Rig/Movers/twist_aims/wristTwist_l_bind_follows_wrist_l_bind","cat":"step","ph":"X","ts":190190,"dur":3,"pid":1,"tid":17},
{"name":"Constraint /Biped/Rig/Movers/twist_aims/thighNoTwist_r_bind_follows_thigh_r_bind","cat":"step","ph":"X","ts":190445,"dur":2,"pid":1,"tid":1},
{"name":"Constraint /Biped/Rig/Movers/twist_aims/thighNoTwist_l_bind_follows_thigh_l_bind","cat":"step","ph":"X","ts":190425,"dur":2,"pid":1,"tid":3},
{"name":"Constraint /Biped/Rig/Movers/twist_aims/shoulderNoTwist_r_bind_follows_shoulder_r_bind","cat":"step","ph":"X","ts":190576,"dur":2,"pid":1,"tid":0},
{"name":"Constraint /Biped/Rig/Movers/twist_aims/pelvis_trans_r_bind_follows_thigh_r_bind","cat":"step","ph":"X","ts":190427,"dur":2,"pid":1,"tid":3},
{"name":"Constraint /Biped/Rig/Movers/twist_aims/pelvis_trans_l_bind_follows_thigh_l_bind","cat":"step","ph":"X","ts":190429,"dur":2,"pid":1,"tid":3},
{"name":"Constraint /Biped/Rig/Movers/twist_aims/clavicle_trans_r_bind_follows_shoulder_r_bind","cat":"step","ph":"X","ts":190567,"dur":2,"pid":1,"tid":0},
{"name":"Constraint /Biped/Rig/Movers/twist_aims/clavicle_trans_l_bind_follows_shoulder_l_bind","cat":"step","ph":"X","ts":190569,"dur":2,"pid":1,"tid":0},
{"name":"Constraint /Biped/Rig/Movers/twist_aims/pelvis_trans_r_bind_aim","cat":"step","ph":"X","ts":190456,"dur":4,"pid":1,"tid":15},
{"name":"Constraint /Biped/Rig/Movers/twist_aims/pelvis_trans_l_bind_aim","cat":"step","ph":"X","ts":190460,"dur":3,"pid":1,"tid":15},
{"name":"Constraint /Biped/Rig/Movers/twist_aims/kneeTwist_r_bind_aim","cat":"step","ph":"X","ts":190346,"dur":6,"pid":1,"tid":12},
{"name":"Constraint /Biped/Rig/Movers/twist_aims/kneeTwist_l_bind_aim","cat":"step","ph":"X","ts":190330,"dur":5,"pid":1,"tid":12},
{"name":"Constraint /Biped/Rig/Movers/twist_aims/thighNoTwist_r_bind_aim","cat":"step","ph":"X","ts":190453,"dur":5,"pid":1,"tid":17},
{"name":"Constraint /Biped/Rig/Movers/twist_aims/thighNoTwist_l_bind_aim","cat":"step","ph":"X","ts":190458,"dur":3,"pid":1,"tid":17},
{"name":"Constraint /Biped/Rig/Movers/twist_aims/clavicle_trans_r_bind_aim","cat":"step","ph":"X","ts":190586,"dur":5,"pid":1,"tid":1},
{"name":"Constraint /Biped/Rig/Movers/twist_aims/clavicle_trans_l_bind_aim","cat":"step","ph":"X","ts":190591,"dur":4,"pid":1,"tid":1},
{"name":"Constraint /Biped/Rig/Movers/twist_aims/elbowTwist_r_bind_aim","cat":"step","ph":"X","ts":190180,"dur":4,"pid":1,"tid":8},
{"name":"Constraint /Biped/Rig/Movers/twist_aims/elbowTwist_l_bind_aim","cat":"step","ph":"X","ts":190137,"dur":6,"pid":1,"tid":13},
{"name":"Constraint /Biped/Rig/Movers/twist_aims/shoulderNoTwist_r_bind_aim","cat":"step","ph":"X","ts":190579,"dur":3,"pid":1,"tid":0},
{"name":"Constraint /Biped/Rig/Movers/twist_aims/shoulderNoTwist_l_bind_aim","cat":"step","ph":"X","ts":190582,"dur":2,"pid":1,"tid":0},
{"name":"Constraint /Biped/Rig/Movers/pose_drivers/thigh_r_driver_copies_thigh_r_bind","cat":"step","ph":"X","ts":190471,"dur":4,"pid":1,"tid":15},
{"name":"Constraint /Biped/Rig/Movers/pose_drivers/thigh_l_driver_copies_thigh_l_bind","cat":"step","ph":"X","ts":190464,"dur":5,"pid":1,"tid":1},
{"name":"Constraint /Biped/Rig/Movers/pose_drivers/thigh_r_twist_driver_copies_thighNoTwist_r_bind","cat":"step","ph":"X","ts":190484,"dur":4,"pid":1,"tid":0},
{"name":"Constraint /Biped/Rig/Movers/pose_drivers/thigh_l_twist_driver_copies_thighNoTwist_l_bind","cat":"step","ph":"X","ts":190475,"dur":4,"pid":1,"tid":15},
{"name":"Constraint /Biped/Rig/Movers/pose_drivers/ankleTwist_r_driver_copies_ankleTwist_r_bind","cat":"step","ph":"X","ts":190448,"dur":5,"pid":1,"tid":1},
{"name":"Constraint /Biped/Rig/Movers/pose_drivers/ankleTwist_l_driver_copies_ankleTwist_l_bind","cat":"step","ph":"X","ts":190422,"dur":4,"pid":1,"tid":15},
{"name":"Constraint /Biped/Rig/Movers/pose_drivers/toe_r_driver_copies_ball_r_bind","cat":"step","ph":"X","ts":190406,"dur":3,"pid":1,"tid":20},
{"name":"Constraint /Biped/Rig/Movers/pose_drivers/toe_l_driver_copies_ball_l_bind","cat":"step","ph":"X","ts":190401,"dur":4,"pid":1,"tid":20},
{"name":"Constraint /Biped/Rig/Movers/pose_drivers/knee_r_driver_copies_knee_r_bind","cat":"step","ph":"X","ts":190379,"dur":4,"pid":1,"tid":0},
{"name":"Constraint /Biped/Rig/Movers/pose_drivers/knee_l_driver_copies_knee_l_bind","cat":"step","ph":"X","ts":190352,"dur":5,"pid":1,"tid":12},
{"name":"Constraint /Biped/Rig/Movers/pose_drivers/ankleSwing_r_driver_copies_ankle_r_bind","cat":"step","ph":"X","ts":190453,"dur":5,"pid":1,"tid":1},
{"name":"Constraint /Biped/Rig/Movers/pose_drivers/ankleSwing_l_driver_copies_ankle_l_bind","cat":"step","ph":"X","ts":190426,"dur":4,"pid":1,"tid":15},
{"name":"Constraint /Biped/Rig/Movers/pose_drivers/shoulder_r_driver_copies_shoulder_r_bind","cat":"step","ph":"X","ts":190601,"dur":4,"pid":1,"tid":1},
{"name":"Constraint /Biped/Rig/Movers/pose_drivers/shoulder_l_driver_copies_shoulder_l_bind","cat":"step","ph":"X","ts":190605,"dur":3,"pid":1,"tid":1},
{"name":"Constraint /Biped/Rig/Movers/pose_drivers/wristTwist_r_driver_copies_wristTwist_r_bind","cat":"step","ph":"X","ts":190257,"dur":8,"pid":1,"tid":18},
{"name":"Constraint /Biped/Rig/Movers/pose_drivers/wristTwist_l_driver_copies_wristTwist_l_bind","cat":"step","ph":"X","ts":190222,"dur":8,"pid":1,"tid":12},
{"name":"Constraint /Biped/Rig/Movers/pose_drivers/shoulder_r_twist_driver_copies_shoulderNoTwist_r_bind","cat":"step","ph":"X","ts":190624,"dur":7,"pid":1,"tid":21},
{"name":"Constraint /Biped/Rig/Movers/pose_drivers/shoulder_l_twist_driver_copies_shoulderNoTwist_l_bind","cat":"step","ph":"X","ts":190610,"dur":4,"pid":1,"tid":1},
{"name":"Constraint /Biped/Rig/Movers/pose_drivers/wristSwing_r_driver_copies_wrist_r_bind","cat":"step","ph":"X","ts":190253,"dur":6,"pid":1,"tid":12},
{"name":"Constraint /Biped/Rig/Movers/pose_drivers/wristSwing_l_driver_copies_wrist_l_bind","cat":"step","ph":"X","ts":190230,"dur":8,"pid":1,"tid":12},
{"name":"Constraint /Biped/Rig/Movers/pose_drivers/elbow_r_driver_copies_elbow_r_bind","cat":"step","ph":"X","ts":190194,"dur":5,"pid":1,"tid":17},
{"name":"Constraint /Biped/Rig/Movers/pose_drivers/elbow_l_driver_copies_elbow_l_bind","cat":"step","ph":"X","ts":190159,"dur":4,"pid":1,"tid":14},
{"name":"Constraint /Biped/Rig/Movers/param_follow/leg_r_params_to_ankle_r_bind","cat":"step","ph":"X","ts":190383,"dur":4,"pid":1,"tid":0},
{"name":"Constraint /Biped/Rig/Movers/param_follow/leg_l_params_to_ankle_l_bind","cat":"step","ph":"X","ts":190357,"dur":5,"pid":1,"tid":12},
{"name":"Constraint /Biped/Rig/Movers/param_follow/arm_r_params_to_wrist_r_bind","cat":"step","ph":"X","ts":190163,"dur":5,"pid":1,"tid":14},
{"name":"Constraint /Biped/Rig/Movers/param_follow/arm_l_params_to_wrist_l_bind","cat":"step","ph":"X","ts":190143,"dur":6,"pid":1,"tid":13},
{"name":"ProviderMatrix /Biped/Rig/Controls/leg_l_ik/ankle_l_pivot final","cat":"step","ph":"X","ts":189977,"dur":1,"pid":1,"tid":0},
{"name":"ProviderMatrix /Biped/Rig/Controls/leg_l_ik/ankle_l_pivot/bankIn_l_pivot/bankOut_l_pivot/heel_l_roll/heel_l/ball_l_pivot final","cat":"step","ph":"X","ts":190199,"dur":1,"pid":1,"tid":17},
{"name":"ProviderMatrix /Biped/Rig/Controls/leg_l_ik/ankle_l_pivot/bankIn_l_pivot/bankOut_l_pivot/heel_l_roll/heel_l/ball_l_pivot/toe_l_roll final","cat":"step","ph":"X","ts":190238,"dur":1,"pid":1,"tid":12},
{"name":"ProviderMatrix /Biped/Rig/Controls/leg_l_ik/ankle_l_pivot/bankIn_l_pivot/bankOut_l_pivot/heel_l_roll/heel_l/ball_l_pivot/toe_l_roll/toe_l/ballRoll_l_up final","cat":"step","ph":"X","ts":190259,"dur":1,"pid":1,"tid":12},
{"name":"ProviderMatrix /Biped/Rig/Controls/leg_l_ik/ankle_l_pivot/bankIn_l_pivot/bankOut_l_pivot/heel_l_roll/heel_l/ball_l_pivot/toe_l_roll/toe_l/ballRoll_l_up/ballRoll_l_down final","cat":"step","ph":"X","ts":190287,"dur":1,"pid":1,"tid":12},
{"name":"ProviderMatrix /Biped/Rig/Controls/leg_r_ik/ankle_r_pivot final","cat":"step","ph":"X","ts":190005,"dur":1,"pid":1,"tid":0},
{"name":"ProviderMatrix /Biped/Rig/Controls/leg_r_ik/ankle_r_pivot/bankIn_r_pivot/bankOut_r_pivot/heel_r_roll/heel_r/ball_r_pivot final","cat":"step","ph":"X","ts":190239,"dur":1,"pid":1,"tid":12},
{"name":"ProviderMatrix /Biped/Rig/Joints/ankle_l_pivot/bankIn_l_pivot/bankOut_l_pivot/heel_l_pivot/ball_l_pivot final","cat":"step","ph":"X","ts":190059,"dur":1,"pid":1,"tid":15},
{"name":"ProviderMatrix /Biped/Rig/Joints/ankle_r_pivot/bankIn_r_pivot final","cat":"step","ph":"X","ts":189978,"dur":1,"pid":1,"tid":0},
{"name":"ProviderMatrix /Biped/Rig/Joints/ankle_r_pivot/bankIn_r_pivot/bankOut_r_pivot/heel_r_pivot final","cat":"step","ph":"X","ts":190006,"dur":1,"pid":1,"tid":0},
{"name":"ProviderMatrix /Biped/Rig/Joints/hips_bind final","cat":"step","ph":"X","ts":190409,"dur":1,"pid":1,"tid":20},
{"name":"ProviderMatrix /Biped/Rig/Joints/hips_bind/pelvis_l_bind/thigh_l_bind final","cat":"step","ph":"X","ts":190335,"dur":1,"pid":1,"tid":12},
{"name":"ProviderMatrix /Biped/Rig/Joints/hips_bind/pelvis_l_bind/thigh_l_bind/knee_l_bind/ankleTwist_l_bind final","cat":"step","ph":"X","ts":190430,"dur":1,"pid":1,"tid":15},
{"name":"ProviderMatrix /Biped/Rig/Joints/hips_bind/pelvis_l_bind/thigh_l_bind/knee_l_bind/ankle_l_bind/ball_l_bind/toe1_001_l_bind/toe1_002_l_bind final","cat":"step","ph":"X","ts":190387,"dur":1,"pid":1,"tid":0},
{"name":"ProviderMatrix /Biped/Rig/Joints/hips_bind/pelvis_l_bind/thigh_l_bind/knee_l_bind/ankle_l_bind/ball_l_bind/toe2_001_l_bind/toe2_002_l_bind/toe2_003_l_bind final","cat":"step","ph":"X","ts":190388,"dur":1,"pid":1,"tid":0},
{"name":"ProviderMatrix /Biped/Rig/Joints/hips_bind/pelvis_l_bind/thigh_l_bind/knee_l_bind/ankle_l_bind/ball_l_bind/toe3_001_l_bind/toe3_002_l_bind/toe3_003_l_bind/toe3_004_l_bind final","cat":"step","ph":"X","ts":190389,"dur":1,"pid":1,"tid":0},
{"name":"ProviderMatrix /Biped/Rig/Joints/hips_bind/pelvis_l_bind/thigh_l_bind/knee_l_bind/ankle_l_bind/ball_l_bind/toe5_001_l_bind/toe5_002_l_bind/toe5_003_l_bind final","cat":"step","ph":"X","ts":190390,"dur":1,"pid":1,"tid":0},
{"name":"ProviderMatrix /Biped/Rig/Joints/hips_bind/pelvis_l_bind/thigh_l_bind/knee_l_bind/kneeTwist_l_bind final","cat":"step","ph":"X","ts":190362,"dur":1,"pid":1,"tid":12},
{"name":"ProviderMatrix /Biped/Rig/Joints/hips_bind/pelvis_r_bind/thigh_r_bind/knee_r_bind final","cat":"step","ph":"X","ts":190363,"dur":1,"pid":1,"tid":12},
{"name":"ProviderMatrix /Biped/Rig/Joints/hips_bind/pelvis_r_bind/thigh_r_bind/knee_r_bind/ankleTwist_r_bind/ankleSwing_r_driver final","cat":"step","ph":"X","ts":190470,"dur":1,"pid":1,"tid":1},
{"name":"ProviderMatrix /Biped/Rig/Joints/hips_bind/pelvis_r_bind/thigh_r_bind/knee_r_bind/ankle_r_bind/ball_r_bind/toe1_001_r_bind/toe1_002_r_bind final","cat":"step","ph":"X","ts":190410,"dur":1,"pid":1,"tid":20},
{"name":"ProviderMatrix /Biped/Rig/Joints/hips_bind/pelvis_r_bind/thigh_r_bind/knee_r_bind/ankle_r_bind/ball_r_bind/toe2_001_r_bind/toe2_002_r_bind/toe2_003_r_bind/toe2_004_r_bind final","cat":"step","ph":"X","ts":190411,"dur":1,"pid":1,"tid":20},
{"name":"ProviderMatrix /Biped/Rig/Joints/hips_bind/pelvis_r_bind/thigh_r_bind/knee_r_bind/ankle_r_bind/toe_r_driver final","cat":"step","ph":"X","ts":190431,"dur":1,"pid":1,"tid":15},
{"name":"ProviderMatrix /Biped/Rig/Joints/hips_bind/pelvis_r_bind/thigh_r_bind/knee_r_bind/kneeTwist_r_bind final","cat":"step","ph":"X","ts":190391,"dur":1,"pid":1,"tid":0},
{"name":"ProviderMatrix /Biped/Rig/Joints/hips_bind/spine_0_bind/spine_1_bind/spine_2_bind/spine_3_bind/spine_4_bind/spine_5_bind/chest_bind/clavicle_l_bind/clavicle_trans_l_bind/shoulder_l_driver/shoulder_l_twist_driver final","cat":"step","ph":"X","ts":190639,"dur":1,"pid":1,"tid":21},
{"name":"ProviderMatrix /Biped/Rig/Joints/hips_bind/spine_0_bind/spine_1_bind/spine_2_bind/spine_3_bind/spine_4_bind/spine_5_bind/chest_bind/clavicle_l_bind/shoulderNoTwist_l_bind final","cat":"step","ph":"X","ts":190608,"dur":1,"pid":1,"tid":1},
{"name":"ProviderMatrix /Biped/Rig/Joints/hips_bind/spine_0_bind/spine_1_bind/spine_2_bind/spine_3_bind/spine_4_bind/spine_5_bind/chest_bind/clavicle_l_bind/shoulder_l_bind final","cat":"step","ph":"X","ts":190149,"dur":1,"pid":1,"tid":13},
{"name":"ProviderMatrix /Biped/Rig/Joints/hips_bind/spine_0_bind/spine_1_bind/spine_2_bind/spine_3_bind/spine_4_bind/spine_5_bind/chest_bind/clavicle_l_bind/shoulder_l_bind/elbow_l_bind/wristTwist_l_driver final","cat":"step","ph":"X","ts":190260,"dur":1,"pid":1,"tid":12},
{"name":"ProviderMatrix /Biped/Rig/Joints/hips_bind/spine_0_bind/spine_1_bind/spine_2_bind/spine_3_bind/spine_4_bind/spine_5_bind/chest_bind/clavicle_l_bind/shoulder_l_bind/elbow_l_bind/wrist_l_bind final","cat":"step","ph":"X","ts":190150,"dur":1,"pid":1,"tid":13},
{"name":"ProviderMatrix /Biped/Rig/Joints/hips_bind/spine_0_bind/spine_1_bind/spine_2_bind/spine_3_bind/spine_4_bind/spine_5_bind/chest_bind/clavicle_l_bind/shoulder_l_bind/elbow_l_bind/wrist_l_bind/index_001_l_bind/index_002_combo_l_driver final","cat":"step","ph":"X","ts":190240,"dur":1,"pid":1,"tid":12},
{"name":"ProviderMatrix /Biped/Rig/Joints/hips_bind/spine_0_bind/spine_1_bind/spine_2_bind/spine_3_bind/spine_4_bind/spine_5_bind/chest_bind/clavicle_l_bind/shoulder_l_bind/elbow_l_bind/wrist_l_bind/index_001_l_bind/index_002_l_bind/index_003_l_bind final","cat":"step","ph":"X","ts":190241,"dur":1,"pid":1,"tid":12},
{"name":"ProviderMatrix /Biped/Rig/Joints/hips_bind/spine_0_bind/spine_1_bind/spine_2_bind/spine_3_bind/spine_4_bind/spine_5_bind/chest_bind/clavicle_l_bind/shoulder_l_bind/elbow_l_bind/wrist_l_bind/middle_001_l_bind final","cat":"step","ph":"X","ts":190242,"dur":1,"pid":1,"tid":12},
{"name":"ProviderMatrix /Biped/Rig/Joints/hips_bind/spine_0_bind/spine_1_bind/spine_2_bind/spine_3_bind/spine_4_bind/spine_5_bind/chest_bind/clavicle_l_bind/shoulder_l_bind/elbow_l_bind/wrist_l_bind/middle_001_l_bind/middle_002_l_bind/middle_003_l_bind final","cat":"step","ph":"X","ts":190243,"dur":1,"pid":1,"tid":12},
{"name":"ProviderMatrix /Biped/Rig/Joints/hips_bind/spine_0_bind/spine_1_bind/spine_2_bind/spine_3_bind/spine_4_bind/spine_5_bind/chest_bind/clavicle_l_bind/shoulder_l_bind/elbow_l_bind/wrist_l_bind/pinkyCup_l_bind/pinky_001_l_bind/pinky_002_l_bind final","cat":"step","ph":"X","ts":190261,"dur":1,"pid":1,"tid":12},
{"name":"ProviderMatrix /Biped/Rig/Joints/hips_bind/spine_0_bind/spine_1_bind/spine_2_bind/spine_3_bind/spine_4_bind/spine_5_bind/chest_bind/clavicle_l_bind/shoulder_l_bind/elbow_l_bind/wrist_l_bind/pinkyCup_l_bind/pinky_001_l_bind/pinky_002_l_bind/pinky_003_l_bind/pinky_004_l_bind final","cat":"step","ph":"X","ts":190262,"dur":1,"pid":1,"tid":12},
{"name":"ProviderMatrix /Biped/Rig/Joints/hips_bind/spine_0_bind/spine_1_bind/spine_2_bind/spine_3_bind/spine_4_bind/spine_5_bind/chest_bind/clavicle_l_bind/shoulder_l_bind/elbow_l_bind/wrist_l_bind/ring_001_l_bind/ring_002_l_bind/ring_003_l_bind/ring_004_l_bind/ring_005_l_bind final","cat":"step","ph":"X","ts":190246,"dur":1,"pid":1,"tid":12},
{"name":"ProviderMatrix /Biped/Rig/Joints/hips_bind/spine_0_bind/spine_1_bind/spine_2_bind/spine_3_bind/spine_4_bind/spine_5_bind/chest_bind/clavicle_l_bind/shoulder_l_bind/elbow_l_bind/wrist_l_bind/thumbCup_l_bind/thumb_001_l_bind/thumb_002_l_bind final","cat":"step","ph":"X","ts":190247,"dur":1,"pid":1,"tid":12},
{"name":"ProviderMatrix /Biped/Rig/Joints/hips_bind/spine_0_bind/spine_1_bind/spine_2_bind/spine_3_bind/spine_4_bind/spine_5_bind/chest_bind/clavicle_r_bind/shoulder_combo_r_driver final","cat":"step","ph":"X","ts":190571,"dur":1,"pid":1,"tid":0},
{"name":"ProviderMatrix /Biped/Rig/Joints/hips_bind/spine_0_bind/spine_1_bind/spine_2_bind/spine_3_bind/spine_4_bind/spine_5_bind/chest_bind/clavicle_r_bind/shoulder_r_bind final","cat":"step","ph":"X","ts":190169,"dur":1,"pid":1,"tid":14},
{"name":"ProviderMatrix /Biped/Rig/Joints/hips_bind/spine_0_bind/spine_1_bind/spine_2_bind/spine_3_bind/spine_4_bind/spine_5_bind/chest_bind/clavicle_r_bind/shoulder_r_bind/elbow_r_bind/elbowTwist_r_bind/elbow_r_driver final","cat":"step","ph":"X","ts":190248,"dur":1,"pid":1,"tid":12},
{"name":"ProviderMatrix /Biped/Rig/Joints/hips_bind/spine_0_bind/spine_1_bind/spine_2_bind/spine_3_bind/spine_4_bind/spine_5_bind/chest_bind/clavicle_r_bind/shoulder_r_bind/elbow_r_bind/wrist_r_bind/index_001_r_bind final","cat":"step","ph":"X","ts":190263,"dur":1,"pid":1,"tid":12},
{"name":"ProviderMatrix /Biped/Rig/Joints/hips_bind/spine_0_bind/spine_1_bind/spine_2_bind/spine_3_bind/spine_4_bind/spine_5_bind/chest_bind/clavicle_r_bind/shoulder_r_bind/elbow_r_bind/wrist_r_bind/index_001_r_bind/index_002_r_bind/index_003_r_bind/index_004_r_bind/index_005_r_bind final","cat":"step","ph":"X","ts":190265,"dur":1,"pid":1,"tid":12},
{"name":"ProviderMatrix /Biped/Rig/Joints/hips_bind/spine_0_bind/spine_1_bind/spine_2_bind/spine_3_bind/spine_4_bind/spine_5_bind/chest_bind/clavicle_r_bind/shoulder_r_bind/elbow_r_bind/wrist_r_bind/middle_001_r_bind/middle_002_r_bind/middle_003_r_bind final","cat":"step","ph":"X","ts":190266,"dur":1,"pid":1,"tid":12},
{"name":"ProviderMatrix /Biped/Rig/Joints/hips_bind/spine_0_bind/spine_1_bind/spine_2_bind/spine_3_bind/spine_4_bind/spine_5_bind/chest_bind/clavicle_r_bind/shoulder_r_bind/elbow_r_bind/wrist_r_bind/middle_001_r_bind/middle_002_r_bind/middle_003_r_bind/middle_004_r_bind/middle_005_r_bind final","cat":"step","ph":"X","ts":190267,"dur":1,"pid":1,"tid":12},
{"name":"ProviderMatrix /Biped/Rig/Joints/hips_bind/spine_0_bind/spine_1_bind/spine_2_bind/spine_3_bind/spine_4_bind/spine_5_bind/chest_bind/clavicle_r_bind/shoulder_r_bind/elbow_r_bind/wrist_r_bind/pinkyCup_r_bind/pinky_001_r_bind/pinky_002_combo_r_driver final","cat":"step","ph":"X","ts":190289,"dur":1,"pid":1,"tid":12},
{"name":"ProviderMatrix /Biped/Rig/Joints/hips_bind/spine_0_bind/spine_1_bind/spine_2_bind/spine_3_bind/spine_4_bind/spine_5_bind/chest_bind/clavicle_r_bind/shoulder_r_bind/elbow_r_bind/wrist_r_bind/pinkyCup_r_bind/pinky_001_r_bind/pinky_002_r_bind/pinky_003_r_bind/pinky_004_r_bind/pinky_005_r_bind final","cat":"step","ph":"X","ts":190290,"dur":1,"pid":1,"tid":12},
{"name":"ProviderMatrix /Biped/Rig/Joints/hips_bind/spine_0_bind/spine_1_bind/spine_2_bind/spine_3_bind/spine_4_bind/spine_5_bind/chest_bind/clavicle_r_bind/shoulder_r_bind/elbow_r_bind/wrist_r_bind/thumbCup_r_bind/thumb_001_r_bind/thumb_002_r_bind/thumb_003_r_bind final","cat":"step","ph":"X","ts":190270,"dur":1,"pid":1,"tid":12},
{"name":"ProviderMatrix /Biped/Rig/Joints/hips_bind/spine_0_bind/spine_1_bind/spine_2_bind/spine_3_bind/spine_4_bind/spine_5_bind/chest_bind/neck_base_bind/neck_0_bind final","cat":"step","ph":"X","ts":190584,"dur":1,"pid":1,"tid":0},
{"name":"ProviderMatrix /Biped/Rig/Joints/hips_bind/spine_0_bind/spine_1_bind/spine_2_bind/spine_3_bind/spine_4_bind/spine_5_bind/chest_bind/neck_base_bind/neck_0_bind/neck_1_bind/neck_2_bind final","cat":"step","ph":"X","ts":190652,"dur":1,"pid":1,"tid":21},
{"name":"ProviderMatrix /Biped/Rig/Joints/hips_bind/spine_0_bind/spine_1_bind/spine_2_bind/spine_3_bind/spine_4_bind/spine_5_bind/chest_bind/neck_base_bind/neck_0_bind/neck_1_bind/neck_2_bind/neck_3_bind/skull_bind/face_lower_bind final","cat":"step","ph":"X","ts":192411,"dur":1,"pid":1,"tid":21},
{"name":"ProviderMatrix /Biped/Rig/Joints/hips_bind/spine_0_bind/spine_1_bind/spine_2_bind/spine_3_bind/spine_4_bind/spine_5_bind/chest_bind/neck_base_bind/neck_0_bind/neck_1_bind/neck_2_bind/neck_3_bind/skull_bind/face_lower_bind/jaw_bind/teeth_lower_bind final","cat":"step","ph":"X","ts":192412,"dur":1,"pid":1,"tid":21},
{"name":"ProviderMatrix /Biped/Rig/Joints/hips_bind/spine_0_bind/spine_1_bind/spine_2_bind/spine_3_bind/spine_4_bind/spine_5_bind/chest_bind/neck_base_bind/neck_0_bind/neck_1_bind/neck_2_bind/neck_3_bind/skull_bind/face_upper_bind/eyeSocket_l_bind final","cat":"step","ph":"X","ts":192413,"dur":1,"pid":1,"tid":21},
{"name":"ProviderMatrix /Biped/Rig/Joints/neck_ik_neck_0_bind final","cat":"step","ph":"X","ts":190299,"dur":1,"pid":1,"tid":12},
{"name":"ProviderMatrix /Biped/Rig/Joints/neck_ik_neck_0_bind/neck_ik_neck_1_bind/neck_ik_neck_2_bind/neck_ik_neck_3_bind/neck_ik_skull_bind final","cat":"step","ph":"X","ts":190300,"dur":1,"pid":1,"tid":12},
{"name":"ProviderMatrix /Biped/Rig/Joints/spine_ik_spine_0_bind final","cat":"step","ph":"X","ts":190115,"dur":1,"pid":1,"tid":3},
{"name":"ProviderMatrix /Biped/Rig/Joints/spine_ik_spine_0_bind/spine_ik_spine_1_bind/spine_ik_spine_2_bind/spine_ik_spine_3_bind/spine_ik_spine_4_bind final","cat":"step","ph":"X","ts":190116,"dur":1,"pid":1,"tid":3},
{"name":"PoseInterpolator /Biped/Rig/PoseInterpolators/ankleSwing_l_driver","cat":"step","ph":"X","ts":190459,"dur":4,"pid":1,"tid":1},
{"name":"PoseInterpolator /Biped/Rig/PoseInterpolators/ankleSwing_r_driver","cat":"step","ph":"X","ts":190471,"dur":3,"pid":1,"tid":1},
{"name":"PoseInterpolator /Biped/Rig/PoseInterpolators/elbow_l_driver","cat":"step","ph":"X","ts":190200,"dur":4,"pid":1,"tid":17},
{"name":"PoseInterpolator /Biped/Rig/PoseInterpolators/elbow_r_driver","cat":"step","ph":"X","ts":190249,"dur":3,"pid":1,"tid":12},
{"name":"PoseInterpolator /Biped/Rig/PoseInterpolators/index_002_l","cat":"step","ph":"X","ts":190171,"dur":3,"pid":1,"tid":14},
{"name":"PoseInterpolator /Biped/Rig/PoseInterpolators/index_002_r","cat":"step","ph":"X","ts":190204,"dur":2,"pid":1,"tid":17},
{"name":"PoseInterpolator /Biped/Rig/PoseInterpolators/knee_l_driver","cat":"step","ph":"X","ts":190392,"dur":1,"pid":1,"tid":0},
{"name":"PoseInterpolator /Biped/Rig/PoseInterpolators/knee_r_driver","cat":"step","ph":"X","ts":190414,"dur":3,"pid":1,"tid":20},
{"name":"PoseInterpolator /Biped/Rig/PoseInterpolators/middle_002_l","cat":"step","ph":"X","ts":190174,"dur":2,"pid":1,"tid":14},
{"name":"PoseInterpolator /Biped/Rig/PoseInterpolators/middle_002_r","cat":"step","ph":"X","ts":190206,"dur":1,"pid":1,"tid":17},
{"name":"PoseInterpolator /Biped/Rig/PoseInterpolators/neckTwist","cat":"step","ph":"X","ts":190585,"dur":1,"pid":1,"tid":0},
{"name":"PoseInterpolator /Biped/Rig/PoseInterpolators/neck","cat":"step","ph":"X","ts":190586,"dur":1,"pid":1,"tid":0},
{"name":"PoseInterpolator /Biped/Rig/PoseInterpolators/pinky_002_l","cat":"step","ph":"X","ts":190176,"dur":1,"pid":1,"tid":14},
{"name":"PoseInterpolator /Biped/Rig/PoseInterpolators/pinky_002_r","cat":"step","ph":"X","ts":190207,"dur":1,"pid":1,"tid":17},
{"name":"PoseInterpolator /Biped/Rig/PoseInterpolators/ring_002_l","cat":"step","ph":"X","ts":190177,"dur":2,"pid":1,"tid":14},
{"name":"PoseInterpolator /Biped/Rig/PoseInterpolators/ring_002_r","cat":"step","ph":"X","ts":190208,"dur":2,"pid":1,"tid":17},
{"name":"PoseInterpolator /Biped/Rig/PoseInterpolators/shoulder_l_driver","cat":"step","ph":"X","ts":190614,"dur":3,"pid":1,"tid":1},
{"name":"PoseInterpolator /Biped/Rig/PoseInterpolators/shoulder_l_twist_driver","cat":"step","ph":"X","ts":190640,"dur":4,"pid":1,"tid":21},
{"name":"PoseInterpolator /Biped/Rig/PoseInterpolators/shoulder_r_driver","cat":"step","ph":"X","ts":190617,"dur":1,"pid":1,"tid":1},
{"name":"PoseInterpolator /Biped/Rig/PoseInterpolators/shoulder_r_twist_driver","cat":"step","ph":"X","ts":190644,"dur":2,"pid":1,"tid":21},
{"name":"PoseInterpolator /Biped/Rig/PoseInterpolators/thigh_l_driver","cat":"step","ph":"X","ts":190479,"dur":3,"pid":1,"tid":15},
{"name":"PoseInterpolator /Biped/Rig/PoseInterpolators/thigh_r_driver","cat":"step","ph":"X","ts":190482,"dur":2,"pid":1,"tid":15},
{"name":"PoseInterpolator /Biped/Rig/PoseInterpolators/toe_l","cat":"step","ph":"X","ts":190417,"dur":2,"pid":1,"tid":20},
{"name":"PoseInterpolator /Biped/Rig/PoseInterpolators/toe_l_twist","cat":"step","ph":"X","ts":190419,"dur":1,"pid":1,"tid":20},
{"name":"PoseInterpolator /Biped/Rig/PoseInterpolators/toe_r","cat":"step","ph":"X","ts":190432,"dur":1,"pid":1,"tid":15},
{"name":"PoseInterpolator /Biped/Rig/PoseInterpolators/toe_r_twist","cat":"step","ph":"X","ts":190433,"dur":2,"pid":1,"tid":15},
{"name":"PoseInterpolator /Biped/Rig/PoseInterpolators/torso","cat":"step","ph":"X","ts":190007,"dur":5,"pid":1,"tid":0},
{"name":"PoseInterpolator /Biped/Rig/PoseInterpolators/wristSwing_l_driver","cat":"step","ph":"X","ts":190271,"dur":3,"pid":1,"tid":12},
{"name":"PoseInterpolator /Biped/Rig/PoseInterpolators/wristSwing_r_driver","cat":"step","ph":"X","ts":190291,"dur":2,"pid":1,"tid":12},
{"name":"RevisionStatic /Biped/Rig/Movers/shapes_body_geo/body_geo_shapes","cat":"step","ph":"X","ts":190653,"dur":1036,"pid":1,"tid":21},
{"name":"RevisionChunk /Biped/Rig/Movers/shapes_body_geo/body_geo_shapes","cat":"step","ph":"X","ts":191700,"dur":671,"pid":1,"tid":21},
{"name":"RevisionFuse /Biped/Rig/Movers/shapes_body_geo/body_geo_shapes","cat":"step","ph":"X","ts":192382,"dur":21,"pid":1,"tid":21},
{"name":"InfluenceFold /Biped/Rig/Movers/skin_body_geo/body_geo_skin","cat":"step","ph":"X","ts":192415,"dur":27,"pid":1,"tid":21},
{"name":"RevisionChunk /Biped/Rig/Movers/skin_body_geo/body_geo_skin","cat":"step","ph":"X","ts":192442,"dur":2152,"pid":1,"tid":21},
{"name":"RevisionFuse /Biped/Rig/Movers/skin_body_geo/body_geo_skin","cat":"step","ph":"X","ts":194594,"dur":2,"pid":1,"tid":21},
{"name":"ChainStatus /Biped/Geom/body_geo.points","cat":"step","ph":"X","ts":194597,"dur":36,"pid":1,"tid":21},
{"name":"Derived /Biped/Geom/body_geo.extent","cat":"step","ph":"X","ts":194633,"dur":636,"pid":1,"tid":21},
{"name":"cluster 0","cat":"cluster","ph":"X","ts":189952,"dur":16,"pid":1,"tid":0,"args":{"level":"1","steps":"21","waitUs":"6"}},
{"name":"cluster 1","cat":"cluster","ph":"X","ts":189969,"dur":10,"pid":1,"tid":0,"args":{"level":"2","steps":"30","waitUs":"1"}},
{"name":"cluster 2","cat":"cluster","ph":"X","ts":190001,"dur":15,"pid":1,"tid":15,"args":{"level":"3","steps":"21","waitUs":"22"}},
{"name":"cluster 3","cat":"cluster","ph":"X","ts":190017,"dur":43,"pid":1,"tid":15,"args":{"level":"4","steps":"22","waitUs":"1"}},
{"name":"cluster 4","cat":"cluster","ph":"X","ts":190064,"dur":11,"pid":1,"tid":16,"args":{"level":"5","steps":"17","waitUs":"4"}},
{"name":"cluster 5","cat":"cluster","ph":"X","ts":190078,"dur":17,"pid":1,"tid":13,"args":{"level":"6","steps":"20","waitUs":"3"}},
{"name":"cluster 6","cat":"cluster","ph":"X","ts":190099,"dur":10,"pid":1,"tid":3,"args":{"level":"7","steps":"16","waitUs":"2"}},
{"name":"cluster 7","cat":"cluster","ph":"X","ts":190110,"dur":15,"pid":1,"tid":13,"args":{"level":"8","steps":"14","waitUs":"1"}},
{"name":"cluster 8","cat":"cluster","ph":"X","ts":189990,"dur":22,"pid":1,"tid":0,"args":{"level":"3","steps":"15","waitUs":"11"}},
{"name":"cluster 9","cat":"cluster","ph":"X","ts":190129,"dur":28,"pid":1,"tid":14,"args":{"level":"9","steps":"15","waitUs":"4"}},
{"name":"cluster 10","cat":"cluster","ph":"X","ts":190160,"dur":29,"pid":1,"tid":17,"args":{"level":"10","steps":"18","waitUs":"3"}},
{"name":"cluster 11","cat":"cluster","ph":"X","ts":190192,"dur":16,"pid":1,"tid":10,"args":{"level":"11","steps":"13","waitUs":"3"}},
{"name":"cluster 12","cat":"cluster","ph":"X","ts":190076,"dur":21,"pid":1,"tid":16,"args":{"level":"6","steps":"8","waitUs":"1"}},
{"name":"cluster 13","cat":"cluster","ph":"X","ts":190223,"dur":28,"pid":1,"tid":18,"args":{"level":"12","steps":"12","waitUs":"2"}},
{"name":"cluster 14","cat":"cluster","ph":"X","ts":190098,"dur":6,"pid":1,"tid":16,"args":{"level":"7","steps":"6","waitUs":"0"}},
{"name":"cluster 15","cat":"cluster","ph":"X","ts":190251,"dur":14,"pid":1,"tid":18,"args":{"level":"13","steps":"6","waitUs":"0"}},
{"name":"cluster 17","cat":"cluster","ph":"X","ts":190061,"dur":13,"pid":1,"tid":15,"args":{"level":"5","steps":"7","waitUs":"0"}},
{"name":"cluster 18","cat":"cluster","ph":"X","ts":190274,"dur":19,"pid":1,"tid":12,"args":{"level":"14","steps":"16","waitUs":"0"}},
{"name":"cluster 19","cat":"cluster","ph":"X","ts":190075,"dur":15,"pid":1,"tid":15,"args":{"level":"6","steps":"1","waitUs":"1"}},
{"name":"cluster 20","cat":"cluster","ph":"X","ts":190161,"dur":27,"pid":1,"tid":19,"args":{"level":"10","steps":"3","waitUs":"4"}},
{"name":"cluster 21","cat":"cluster","ph":"X","ts":190188,"dur":9,"pid":1,"tid":19,"args":{"level":"11","steps":"3","waitUs":"0"}},
{"name":"cluster 22","cat":"cluster","ph":"X","ts":190167,"dur":12,"pid":1,"tid":2,"args":{"level":"10","steps":"3","waitUs":"9"}},
{"name":"cluster 23","cat":"cluster","ph":"X","ts":190193,"dur":28,"pid":1,"tid":12,"args":{"level":"11","steps":"7","waitUs":"3"}},
{"name":"cluster 24","cat":"cluster","ph":"X","ts":190133,"dur":19,"pid":1,"tid":8,"args":{"level":"9","steps":"3","waitUs":"8"}},
{"name":"cluster 25","cat":"cluster","ph":"X","ts":190153,"dur":8,"pid":1,"tid":8,"args":{"level":"10","steps":"3","waitUs":"1"}},
{"name":"cluster 26","cat":"cluster","ph":"X","ts":190135,"dur":6,"pid":1,"tid":16,"args":{"level":"9","steps":"2","waitUs":"10"}},
{"name":"cluster 27","cat":"cluster","ph":"X","ts":190293,"dur":8,"pid":1,"tid":12,"args":{"level":"15","steps":"10","waitUs":"0"}},
{"name":"cluster 28","cat":"cluster","ph":"X","ts":190301,"dur":12,"pid":1,"tid":12,"args":{"level":"16","steps":"4","waitUs":"0"}},
{"name":"cluster 29","cat":"cluster","ph":"X","ts":190313,"dur":23,"pid":1,"tid":12,"args":{"level":"17","steps":"6","waitUs":"0"}},
{"name":"cluster 30","cat":"cluster","ph":"X","ts":190358,"dur":20,"pid":1,"tid":0,"args":{"level":"18","steps":"5","waitUs":"22"}},
{"name":"cluster 31","cat":"cluster","ph":"X","ts":190381,"dur":24,"pid":1,"tid":20,"args":{"level":"19","steps":"5","waitUs":"2"}},
{"name":"cluster 32","cat":"cluster","ph":"X","ts":190109,"dur":8,"pid":1,"tid":3,"args":{"level":"8","steps":"8","waitUs":"0"}},
{"name":"cluster 33","cat":"cluster","ph":"X","ts":190167,"dur":17,"pid":1,"tid":8,"args":{"level":"10","steps":"4","waitUs":"9"}},
{"name":"cluster 34","cat":"cluster","ph":"X","ts":190407,"dur":14,"pid":1,"tid":15,"args":{"level":"20","steps":"3","waitUs":"2"}},
{"name":"cluster 35","cat":"cluster","ph":"X","ts":190423,"dur":24,"pid":1,"tid":1,"args":{"level":"21","steps":"3","waitUs":"2"}},
{"name":"cluster 36","cat":"cluster","ph":"X","ts":190450,"dur":13,"pid":1,"tid":15,"args":{"level":"22","steps":"3","waitUs":"3"}},
{"name":"cluster 37","cat":"cluster","ph":"X","ts":190463,"dur":12,"pid":1,"tid":15,"args":{"level":"23","steps":"2","waitUs":"0"}},
{"name":"cluster 38","cat":"cluster","ph":"X","ts":190476,"dur":12,"pid":1,"tid":0,"args":{"level":"24","steps":"2","waitUs":"1"}},
{"name":"cluster 39","cat":"cluster","ph":"X","ts":190488,"dur":7,"pid":1,"tid":0,"args":{"level":"25","steps":"3","waitUs":"0"}},
{"name":"cluster 40","cat":"cluster","ph":"X","ts":190495,"dur":6,"pid":1,"tid":0,"args":{"level":"26","steps":"2","waitUs":"0"}},
{"name":"cluster 41","cat":"cluster","ph":"X","ts":190501,"dur":7,"pid":1,"tid":0,"args":{"level":"27","steps":"1","waitUs":"0"}},
{"name":"cluster 42","cat":"cluster","ph":"X","ts":190508,"dur":5,"pid":1,"tid":0,"args":{"level":"28","steps":"2","waitUs":"0"}},
{"name":"cluster 43","cat":"cluster","ph":"X","ts":190514,"dur":5,"pid":1,"tid":0,"args":{"level":"29","steps":"1","waitUs":"1"}},
{"name":"cluster 44","cat":"cluster","ph":"X","ts":190519,"dur":5,"pid":1,"tid":0,"args":{"level":"30","steps":"2","waitUs":"0"}},
{"name":"cluster 45","cat":"cluster","ph":"X","ts":190524,"dur":6,"pid":1,"tid":0,"args":{"level":"31","steps":"1","waitUs":"0"}},
{"name":"cluster 46","cat":"cluster","ph":"X","ts":190530,"dur":5,"pid":1,"tid":0,"args":{"level":"32","steps":"2","waitUs":"0"}},
{"name":"cluster 47","cat":"cluster","ph":"X","ts":190535,"dur":5,"pid":1,"tid":0,"args":{"level":"33","steps":"1","waitUs":"0"}},
{"name":"cluster 48","cat":"cluster","ph":"X","ts":190540,"dur":6,"pid":1,"tid":0,"args":{"level":"34","steps":"1","waitUs":"0"}},
{"name":"cluster 49","cat":"cluster","ph":"X","ts":190546,"dur":7,"pid":1,"tid":0,"args":{"level":"35","steps":"4","waitUs":"0"}},
{"name":"cluster 50","cat":"cluster","ph":"X","ts":190553,"dur":9,"pid":1,"tid":0,"args":{"level":"36","steps":"4","waitUs":"0"}},
{"name":"cluster 51","cat":"cluster","ph":"X","ts":190572,"dur":6,"pid":1,"tid":0,"args":{"level":"37","steps":"3","waitUs":"10"}},
{"name":"cluster 52","cat":"cluster","ph":"X","ts":190580,"dur":15,"pid":1,"tid":1,"args":{"level":"38","steps":"3","waitUs":"2"}},
{"name":"cluster 53","cat":"cluster","ph":"X","ts":190595,"dur":14,"pid":1,"tid":1,"args":{"level":"39","steps":"7","waitUs":"0"}},
{"name":"cluster 54","cat":"cluster","ph":"X","ts":190612,"dur":19,"pid":1,"tid":21,"args":{"level":"40","steps":"2","waitUs":"3"}},
{"name":"cluster 55","cat":"cluster","ph":"X","ts":190631,"dur":15,"pid":1,"tid":21,"args":{"level":"41","steps":"5","waitUs":"0"}},
{"name":"cluster 56","cat":"cluster","ph":"X","ts":190646,"dur":1043,"pid":1,"tid":21,"args":{"level":"42","steps":"3","waitUs":"0"}},
{"name":"cluster 57","cat":"cluster","ph":"X","ts":191690,"dur":681,"pid":1,"tid":21,"args":{"level":"43","steps":"2","waitUs":"0"}},
{"name":"cluster 58","cat":"cluster","ph":"X","ts":192372,"dur":31,"pid":1,"tid":21,"args":{"level":"44","steps":"3","waitUs":"0"}},
{"name":"cluster 59","cat":"cluster","ph":"X","ts":192403,"dur":12,"pid":1,"tid":21,"args":{"level":"46","steps":"28","waitUs":"0"}},
{"name":"cluster 60","cat":"cluster","ph":"X","ts":190126,"dur":25,"pid":1,"tid":13,"args":{"level":"9","steps":"7","waitUs":"1"}},
{"name":"cluster 61","cat":"cluster","ph":"X","ts":190407,"dur":10,"pid":1,"tid":3,"args":{"level":"20","steps":"2","waitUs":"2"}},
{"name":"cluster 62","cat":"cluster","ph":"X","ts":190190,"dur":20,"pid":1,"tid":17,"args":{"level":"11","steps":"12","waitUs":"0"}},
{"name":"cluster 63","cat":"cluster","ph":"X","ts":190425,"dur":6,"pid":1,"tid":3,"args":{"level":"21","steps":"3","waitUs":"4"}},
{"name":"cluster 64","cat":"cluster","ph":"X","ts":190567,"dur":5,"pid":1,"tid":0,"args":{"level":"37","steps":"8","waitUs":"5"}},
{"name":"cluster 65","cat":"cluster","ph":"X","ts":190346,"dur":18,"pid":1,"tid":12,"args":{"level":"18","steps":"7","waitUs":"10"}},
{"name":"cluster 66","cat":"cluster","ph":"X","ts":190453,"dur":8,"pid":1,"tid":17,"args":{"level":"22","steps":"2","waitUs":"6"}},
{"name":"cluster 67","cat":"cluster","ph":"X","ts":190579,"dur":8,"pid":1,"tid":0,"args":{"level":"38","steps":"5","waitUs":"1"}},
{"name":"cluster 68","cat":"cluster","ph":"X","ts":190463,"dur":11,"pid":1,"tid":1,"args":{"level":"23","steps":"8","waitUs":"0"}},
{"name":"cluster 69","cat":"cluster","ph":"X","ts":190475,"dur":9,"pid":1,"tid":15,"args":{"level":"24","steps":"6","waitUs":"0"}},
{"name":"cluster 70","cat":"cluster","ph":"X","ts":190448,"dur":15,"pid":1,"tid":1,"args":{"level":"22","steps":"7","waitUs":"1"}},
{"name":"cluster 71","cat":"cluster","ph":"X","ts":190422,"dur":13,"pid":1,"tid":15,"args":{"level":"21","steps":"12","waitUs":"1"}},
{"name":"cluster 72","cat":"cluster","ph":"X","ts":190406,"dur":14,"pid":1,"tid":20,"args":{"level":"20","steps":"29","waitUs":"0"}},
{"name":"cluster 73","cat":"cluster","ph":"X","ts":190379,"dur":14,"pid":1,"tid":0,"args":{"level":"19","steps":"28","waitUs":"0"}},
{"name":"cluster 74","cat":"cluster","ph":"X","ts":190222,"dur":30,"pid":1,"tid":12,"args":{"level":"12","steps":"31","waitUs":"1"}},
{"name":"cluster 75","cat":"cluster","ph":"X","ts":190610,"dur":8,"pid":1,"tid":1,"args":{"level":"40","steps":"6","waitUs":"0"}},
{"name":"cluster 76","cat":"cluster","ph":"X","ts":190253,"dur":21,"pid":1,"tid":12,"args":{"level":"13","steps":"37","waitUs":"0"}},
{"name":"cluster 77","cat":"cluster","ph":"X","ts":190158,"dur":21,"pid":1,"tid":14,"args":{"level":"10","steps":"12","waitUs":"0"}},
{"name":"cluster 78","cat":"cluster","ph":"X","ts":192415,"dur":27,"pid":1,"tid":21,"args":{"level":"47","steps":"1","waitUs":"0"}},
{"name":"cluster 79","cat":"cluster","ph":"X","ts":192442,"dur":2152,"pid":1,"tid":21,"args":{"level":"48","steps":"1","waitUs":"0"}},
{"name":"cluster 80","cat":"cluster","ph":"X","ts":194594,"dur":2,"pid":1,"tid":21,"args":{"level":"49","steps":"1","waitUs":"0"}},
{"name":"cluster 81","cat":"cluster","ph":"X","ts":194596,"dur":673,"pid":1,"tid":21,"args":{"level":"51","steps":"2","waitUs":"0"}},
{"name":"BakedPublish","cat":"baked","ph":"X","ts":195485,"dur":84,"pid":1,"tid":0},
{"name":"BakedEpilogue","cat":"baked","ph":"X","ts":195288,"dur":323,"pid":1,"tid":0},
{"name":"Baked","cat":"baked","ph":"X","ts":189233,"dur":6379,"pid":1,"tid":0},
{"name":"Evaluate@2","cat":"evaluate","ph":"X","ts":189231,"dur":6383,"pid":1,"tid":0},
{"name":"PropertyChain /Biped/Rig/Movers/ballRoll_l_down_rc/ballRoll_l_down_rotation.inputs:defaultWeight","cat":"property","ph":"X","ts":195872,"dur":61,"pid":1,"tid":0},
{"name":"PropertyChain /Biped/Rig/Movers/ballRoll_l_up_rc/ballRoll_l_up_rotation.inputs:defaultWeight","cat":"property","ph":"X","ts":195934,"dur":12,"pid":1,"tid":0},
{"name":"PropertyChain /Biped/Rig/Movers/ballRoll_r_down_rc/ballRoll_r_down_rotation.inputs:defaultWeight","cat":"property","ph":"X","ts":195947,"dur":28,"pid":1,"tid":0},
{"name":"PropertyChain /Biped/Rig/Movers/ballRoll_r_up_rc/ballRoll_r_up_rotation.inputs:defaultWeight","cat":"property","ph":"X","ts":195975,"dur":15,"pid":1,"tid":0},
{"name":"PropertyChain /Biped/Rig/Movers/bankIn_l_pivot_rc/bankIn_l_pivot_rotation.inputs:defaultWeight","cat":"property","ph":"X","ts":195991,"dur":16,"pid":1,"tid":0},
{"name":"PropertyChain /Biped/Rig/Movers/bankIn_r_pivot_rc/bankIn_r_pivot_rotation.inputs:defaultWeight","cat":"property","ph":"X","ts":196007,"dur":10,"pid":1,"tid":0},
{"name":"PropertyChain /Biped/Rig/Movers/bankOut_l_pivot_rc/bankOut_l_pivot_rotation.inputs:defaultWeight","cat":"property","ph":"X","ts":196018,"dur":7,"pid":1,"tid":0},
{"name":"PropertyChain /Biped/Rig/Movers/bankOut_r_pivot_rc/bankOut_r_pivot_rotation.inputs:defaultWeight","cat":"property","ph":"X","ts":196026,"dur":8,"pid":1,"tid":0},
{"name":"PropertyChain /Biped/Rig/Movers/heel_l_roll_rc/heel_l_roll_rotation.inputs:defaultWeight","cat":"property","ph":"X","ts":196035,"dur":7,"pid":1,"tid":0},
{"name":"PropertyChain /Biped/Rig/Movers/heel_r_roll_rc/heel_r_roll_rotation.inputs:defaultWeight","cat":"property","ph":"X","ts":196042,"dur":8,"pid":1,"tid":0},
{"name":"PropertyChain /Biped/Rig/Movers/toe_l_roll_rc/toe_l_roll_rotation.inputs:defaultWeight","cat":"property","ph":"X","ts":196051,"dur":12,"pid":1,"tid":0},
{"name":"PropertyChain /Biped/Rig/Movers/toe_r_roll_rc/toe_r_roll_rotation.inputs:defaultWeight","cat":"property","ph":"X","ts":196063,"dur":16,"pid":1,"tid":0},
{"name":"PropertyChains","cat":"property","ph":"X","ts":195869,"dur":212,"pid":1,"tid":0},
{"name":"BakedInputs","cat":"baked","ph":"X","ts":196081,"dur":10,"pid":1,"tid":0},
{"name":"BakedChainBase","cat":"geometry","ph":"X","ts":196409,"dur":34,"pid":1,"tid":0},
{"name":"BakedPrologue","cat":"baked","ph":"X","ts":195865,"dur":578,"pid":1,"tid":0},
{"name":"BakedRegion","cat":"baked","ph":"X","ts":196444,"dur":4545,"pid":1,"tid":0},
{"name":"ComposeSubtree /Biped/Rig/Controls/arm_l_ik","cat":"step","ph":"X","ts":196499,"dur":3,"pid":1,"tid":0},
{"name":"ComposeSubtree /Biped/Rig/Controls/hips_ctl","cat":"step","ph":"X","ts":196503,"dur":2,"pid":1,"tid":0},
{"name":"ComposeSubtree /Biped/Rig/Controls/hips_ctl/spine_root_pivot/spine_root_ctl","cat":"step","ph":"X","ts":196513,"dur":1,"pid":1,"tid":0},
{"name":"ComposeSubtree /Biped/Rig/Controls/hips_ctl/spine_root_pivot/spine_root_ctl/pelvis_l_ctl/leg_l_root","cat":"step","ph":"X","ts":196551,"dur":2,"pid":1,"tid":18},
{"name":"ComposeSubtree /Biped/Rig/Controls/hips_ctl/spine_root_pivot/spine_root_ctl/pelvis_r_ctl/leg_r_root/leg_r_fk_thigh_r_bind/leg_r_fk_knee_r_bind","cat":"step","ph":"X","ts":196589,"dur":2,"pid":1,"tid":21},
{"name":"ComposeSubtree /Biped/Rig/Controls/hips_ctl/torso_ctl","cat":"step","ph":"X","ts":196514,"dur":1,"pid":1,"tid":0},
{"name":"ComposeSubtree /Biped/Rig/Controls/hips_ctl/torso_ctl/spine_end_pivot/spine_end_ctl","cat":"step","ph":"X","ts":196553,"dur":1,"pid":1,"tid":18},
{"name":"ComposeSubtree /Biped/Rig/Controls/hips_ctl/torso_ctl/spine_end_pivot/spine_end_ctl/clavicle_l_ctl/arm_l_root","cat":"step","ph":"X","ts":196563,"dur":1,"pid":1,"tid":18},
{"name":"ComposeSubtree /Biped/Rig/Controls/hips_ctl/torso_ctl/spine_end_pivot/spine_end_ctl/clavicle_r_ctl/arm_r_root/arm_r_fk_shoulder_r_bind","cat":"step","ph":"X","ts":196591,"dur":1,"pid":1,"tid":21},
{"name":"ComposeSubtree /Biped/Rig/Controls/hips_ctl/torso_ctl/spine_end_pivot/spine_end_ctl/clavicle_r_ctl/arm_r_root/arm_r_fk_shoulder_r_bind/arm_r_fk_elbow_r_bind","cat":"step","ph":"X","ts":196603,"dur":2,"pid":1,"tid":17},
{"name":"ComposeSubtree /Biped/Rig/Controls/index_001_l_bind_fk_follow","cat":"step","ph":"X","ts":196505,"dur":1,"pid":1,"tid":0},
{"name":"ComposeSubtree /Biped/Rig/Controls/index_001_l_bind_fk_follow/index_001_l_bind_fk/index_002_l_bind_fk/index_003_l_bind_fk","cat":"step","ph":"X","ts":196554,"dur":1,"pid":1,"tid":18},
{"name":"ComposeSubtree /Biped/Rig/Controls/leg_l_ik","cat":"step","ph":"X","ts":196506,"dur":1,"pid":1,"tid":0},
{"name":"ComposeSubtree /Biped/Rig/Controls/leg_l_ik/ankle_l_pivot/bankIn_l_pivot/bankOut_l_pivot/heel_l_roll","cat":"step","ph":"X","ts":196555,"dur":1,"pid":1,"tid":18},
{"name":"ComposeSubtree /Biped/Rig/Controls/leg_l_ik/ankle_l_pivot/bankIn_l_pivot/bankOut_l_pivot/heel_l_roll/heel_l/ball_l_pivot","cat":"step","ph":"X","ts":196564,"dur":1,"pid":1,"tid":18},
{"name":"ComposeSubtree /Biped/Rig/Controls/leg_l_ik/ankle_l_pivot/bankIn_l_pivot/bankOut_l_pivot/heel_l_roll/heel_l/ball_l_pivot/toe_l_roll/toe_l","cat":"step","ph":"X","ts":196592,"dur":1,"pid":1,"tid":21},
{"name":"ComposeSubtree /Biped/Rig/Controls/leg_l_ik/ankle_l_pivot/bankIn_l_pivot/bankOut_l_pivot/heel_l_roll/heel_l/ball_l_pivot/toe_l_roll/toe_l/ballRoll_l_up/ballRoll_l_down/ballRoll_l/ankle_l_ikTarget","cat":"step","ph":"X","ts":196624,"dur":2,"pid":1,"tid":8},
{"name":"ComposeSubtree /Biped/Rig/Controls/leg_l_ik/ankle_l_pivot/bankIn_l_pivot/bankOut_l_pivot/heel_l_roll/heel_l/ball_l_pivot/toe_l_roll/toe_l/ballRoll_l_up/ballRoll_l_down_twin","cat":"step","ph":"X","ts":196605,"dur":1,"pid":1,"tid":17},
{"name":"ComposeSubtree /Biped/Rig/Controls/leg_l_ik/ankle_l_pivot/bankIn_l_pivot/bankOut_l_pivot/heel_l_roll/heel_l/ball_l_pivot/toe_l_roll/toe_l/toeBend_l/toeBend_l_fk","cat":"step","ph":"X","ts":196626,"dur":1,"pid":1,"tid":8},
{"name":"ComposeSubtree /Biped/Rig/Controls/leg_l_ik/ankle_l_pivot/bankIn_l_pivot/bankOut_l_pivot/heel_l_roll/heel_l/ball_l_pivot/toe_l_roll_twin","cat":"step","ph":"X","ts":196593,"dur":1,"pid":1,"tid":21},
{"name":"ComposeSubtree /Biped/Rig/Controls/leg_l_ik/ankle_l_pivot/bank_l","cat":"step","ph":"X","ts":196515,"dur":1,"pid":1,"tid":0},
{"name":"ComposeSubtree /Biped/Rig/Controls/leg_r_ik/ankle_r_pivot/bankIn_r_pivot/bankOut_r_pivot","cat":"step","ph":"X","ts":196556,"dur":1,"pid":1,"tid":18},
{"name":"ComposeSubtree /Biped/Rig/Controls/leg_r_ik/ankle_r_pivot/bankIn_r_pivot/bankOut_r_pivot/heel_r_roll/heel_r/ball_r_pivot/toe_r_roll/toe_r/ballRoll_r_up","cat":"step","ph":"X","ts":196606,"dur":1,"pid":1,"tid":17},
{"name":"ComposeSubtree /Biped/Rig/Controls/leg_r_ik/ankle_r_pivot/bankIn_r_pivot/bankOut_r_pivot/heel_r_roll/heel_r/ball_r_pivot/toe_r_roll/toe_r/ballRoll_r_up/ballRoll_r_down/ballRoll_r","cat":"step","ph":"X","ts":196627,"dur":1,"pid":1,"tid":8},
{"name":"ComposeSubtree /Biped/Rig/Controls/leg_r_ik/ankle_r_pivot/bankIn_r_pivot/bankOut_r_pivot/heel_r_roll/heel_r/ball_r_pivot/toe_r_roll/toe_r/ballRoll_r_up/ballRoll_r_down/ballRoll_r/ball_r_ikTarget","cat":"step","ph":"X","ts":196640,"dur":1,"pid":1,"tid":0},
{"name":"ComposeSubtree /Biped/Rig/Controls/leg_r_ik/ankle_r_pivot/bankIn_r_pivot/bankOut_r_pivot/heel_r_roll/heel_r/ball_r_pivot/toe_r_roll/toe_r/ballRoll_r_up_twin","cat":"step","ph":"X","ts":196607,"dur":1,"pid":1,"tid":17},
{"name":"ComposeSubtree /Biped/Rig/Controls/leg_r_ik/ankle_r_pivot/bankIn_r_pivot/bankOut_r_pivot/heel_r_roll/heel_r/ball_r_pivot/toe_r_roll_twin","cat":"step","ph":"X","ts":196594,"dur":1,"pid":1,"tid":21},
{"name":"ComposeSubtree /Biped/Rig/Controls/leg_r_ik/ankle_r_pivot/bankIn_r_pivot/bankOut_r_pivot_twin","cat":"step","ph":"X","ts":196557,"dur":1,"pid":1,"tid":18},
{"name":"ComposeSubtree /Biped/Rig/Controls/leg_r_pv","cat":"step","ph":"X","ts":196507,"dur":1,"pid":1,"tid":0},
{"name":"ComposeSubtree /Biped/Rig/Controls/middle_001_r_bind_fk_follow","cat":"step","ph":"X","ts":196508,"dur":1,"pid":1,"tid":0},
{"name":"ComposeSubtree /Biped/Rig/Controls/middle_001_r_bind_fk_follow/middle_001_r_bind_fk/middle_002_r_bind_fk","cat":"step","ph":"X","ts":196516,"dur":1,"pid":1,"tid":0},
{"name":"ComposeSubtree /Biped/Rig/Controls/middle_001_r_bind_fk_follow/middle_001_r_bind_fk/middle_002_r_bind_fk/middle_003_r_bind_fk","cat":"step","ph":"X","ts":196558,"dur":1,"pid":1,"tid":18},
{"name":"ComposeSubtree /Biped/Rig/Controls/pinkyCup_r_bind_fk_follow/pinkyCup_r_bind_fk/pinky_001_r_bind_fk/pinky_002_r_bind_fk/pinky_003_r_bind_fk","cat":"step","ph":"X","ts":196559,"dur":1,"pid":1,"tid":18},
{"name":"ComposeSubtree /Biped/Rig/Controls/ring_001_l_bind_fk_follow/ring_001_l_bind_fk/ring_002_l_bind_fk","cat":"step","ph":"X","ts":196517,"dur":1,"pid":1,"tid":0},
{"name":"ComposeSubtree /Biped/Rig/Controls/spine_mid_follow","cat":"step","ph":"X","ts":196510,"dur":1,"pid":1,"tid":0},
{"name":"ComposeSubtree /Biped/Rig/Controls/thumbCup_l_bind_fk_follow/thumbCup_l_bind_fk/thumb_001_l_bind_fk/thumb_002_l_bind_fk","cat":"step","ph":"X","ts":196560,"dur":1,"pid":1,"tid":18},
{"name":"ComposeSubtree /Biped/Rig/Joints/ankle_l_pivot","cat":"step","ph":"X","ts":196511,"dur":1,"pid":1,"tid":0},
{"name":"ComposeSubtree /Biped/Rig/Joints/ankle_l_pivot/bankIn_l_pivot/bankOut_l_pivot/heel_l_pivot/ball_l_pivot","cat":"step","ph":"X","ts":196561,"dur":1,"pid":1,"tid":18},
{"name":"ComposeSubtree /Biped/Rig/Joints/ankle_r_pivot/bankIn_r_pivot/bankOut_r_pivot","cat":"step","ph":"X","ts":196518,"dur":1,"pid":1,"tid":0},
{"name":"ComposeSubtree /Biped/Rig/Joints/ankle_r_pivot/bankIn_r_pivot/bankOut_r_pivot/heel_r_pivot/ball_r_pivot/toe_r_pivot/ballRoll_r_pivot","cat":"step","ph":"X","ts":196565,"dur":1,"pid":1,"tid":18},
{"name":"ComposeSubtree /Biped/Rig/Joints/hips_bind/pelvis_l_bind/thigh_l_bind","cat":"step","ph":"X","ts":196519,"dur":1,"pid":1,"tid":0},
{"name":"ComposeSubtree /Biped/Rig/Joints/hips_bind/pelvis_l_bind/thigh_l_bind/knee_l_bind/ankleTwist_l_bind","cat":"step","ph":"X","ts":196532,"dur":1,"pid":1,"tid":0},
{"name":"ComposeSubtree /Biped/Rig/Joints/hips_bind/pelvis_l_bind/thigh_l_bind/knee_l_bind/ankle_l_bind/ball_l_bind/toe2_001_l_bind","cat":"step","ph":"X","ts":196595,"dur":1,"pid":1,"tid":21},
{"name":"ComposeSubtree /Biped/Rig/Joints/hips_bind/pelvis_l_bind/thigh_l_bind/knee_l_bind/ankle_l_bind/ball_l_bind/toe2_001_l_bind/toe2_002_l_bind/toe2_003_l_bind","cat":"step","ph":"X","ts":196608,"dur":1,"pid":1,"tid":17},
{"name":"ComposeSubtree /Biped/Rig/Joints/hips_bind/pelvis_l_bind/thigh_l_bind/knee_l_bind/ankle_l_bind/ball_l_bind/toe4_001_l_bind","cat":"step","ph":"X","ts":196596,"dur":1,"pid":1,"tid":21},
{"name":"ComposeSubtree /Biped/Rig/Joints/hips_bind/pelvis_l_bind/thigh_l_bind/knee_l_bind/ankle_l_bind/ball_l_bind/toe4_001_l_bind/toe4_002_l_bind/toe4_003_l_bind","cat":"step","ph":"X","ts":196609,"dur":1,"pid":1,"tid":17},
{"name":"ComposeSubtree /Biped/Rig/Joints/hips_bind/pelvis_l_bind/thigh_l_bind/knee_l_bind/kneeTwist_l_bind","cat":"step","ph":"X","ts":196533,"dur":1,"pid":1,"tid":0},
{"name":"ComposeSubtree /Biped/Rig/Joints/hips_bind/pelvis_r_bind/pelvis_trans_r_bind/thigh_r_driver","cat":"step","ph":"X","ts":196566,"dur":1,"pid":1,"tid":18},
{"name":"ComposeSubtree /Biped/Rig/Joints/hips_bind/pelvis_r_bind/thighNoTwist_r_bind","cat":"step","ph":"X","ts":196534,"dur":1,"pid":1,"tid":0},
{"name":"ComposeSubtree /Biped/Rig/Joints/hips_bind/pelvis_r_bind/thigh_r_bind/knee_r_bind/ankleTwist_r_driver","cat":"step","ph":"X","ts":196567,"dur":1,"pid":1,"tid":18},
{"name":"ComposeSubtree /Biped/Rig/Joints/hips_bind/pelvis_r_bind/thigh_r_bind/knee_r_bind/ankle_r_bind/ball_r_bind","cat":"step","ph":"X","ts":196597,"dur":1,"pid":1,"tid":21},
{"name":"ComposeSubtree /Biped/Rig/Joints/hips_bind/pelvis_r_bind/thigh_r_bind/knee_r_bind/ankle_r_bind/ball_r_bind/toe1_001_r_bind/toe1_002_r_bind","cat":"step","ph":"X","ts":196610,"dur":1,"pid":1,"tid":17},
{"name":"ComposeSubtree /Biped/Rig/Joints/hips_bind/pelvis_r_bind/thigh_r_bind/knee_r_bind/ankle_r_bind/ball_r_bind/toe1_001_r_bind/toe1_002_r_bind/toe1_003_r_bind","cat":"step","ph":"X","ts":196628,"dur":1,"pid":1,"tid":8},
{"name":"ComposeSubtree /Biped/Rig/Joints/hips_bind/pelvis_r_bind/thigh_r_bind/knee_r_bind/ankle_r_bind/ball_r_bind/toe2_001_r_bind/toe2_002_r_bind/toe2_003_r_bind","cat":"step","ph":"X","ts":196629,"dur":1,"pid":1,"tid":8},
{"name":"ComposeSubtree /Biped/Rig/Joints/hips_bind/pelvis_r_bind/thigh_r_bind/knee_r_bind/ankle_r_bind/ball_r_bind/toe3_001_r_bind","cat":"step","ph":"X","ts":196611,"dur":1,"pid":1,"tid":17},
{"name":"ComposeSubtree /Biped/Rig/Joints/hips_bind/pelvis_r_bind/thigh_r_bind/knee_r_bind/ankle_r_bind/ball_r_bind/toe5_001_r_bind","cat":"step","ph":"X","ts":196612,"dur":1,"pid":1,"tid":17},
{"name":"ComposeSubtree /Biped/Rig/Joints/hips_bind/pelvis_r_bind/thigh_r_bind/knee_r_bind/ankle_r_bind/ball_r_bind/toe5_001_r_bind/toe5_002_r_bind/toe5_003_r_bind","cat":"step","ph":"X","ts":196631,"dur":1,"pid":1,"tid":8},
{"name":"ComposeSubtree /Biped/Rig/Joints/hips_bind/spine_0_bind","cat":"step","ph":"X","ts":196520,"dur":1,"pid":1,"tid":0},
{"name":"ComposeSubtree /Biped/Rig/Joints/hips_bind/spine_0_bind/spine_1_bind/spine_2_bind","cat":"step","ph":"X","ts":196535,"dur":1,"pid":1,"tid":0},
{"name":"ComposeSubtree /Biped/Rig/Joints/hips_bind/spine_0_bind/spine_1_bind/spine_2_bind/spine_3_bind/spine_4_bind","cat":"step","ph":"X","ts":196568,"dur":1,"pid":1,"tid":18},
{"name":"ComposeSubtree /Biped/Rig/Joints/hips_bind/spine_0_bind/spine_1_bind/spine_2_bind/spine_3_bind/spine_4_bind/spine_5_bind/chest_bind","cat":"step","ph":"X","ts":196598,"dur":1,"pid":1,"tid":21},
{"name":"ComposeSubtree /Biped/Rig/Joints/hips_bind/spine_0_bind/spine_1_bind/spine_2_bind/spine_3_bind/spine_4_bind/spine_5_bind/chest_bind/clavicle_l_bind/clavicle_trans_combo_l_driver","cat":"step","ph":"X","ts":196613,"dur":1,"pid":1,"tid":17},
{"name":"ComposeSubtree /Biped/Rig/Joints/hips_bind/spine_0_bind/spine_1_bind/spine_2_bind/spine_3_bind/spine_4_bind/spine_5_bind/chest_bind/clavicle_l_bind/clavicle_trans_l_bind/shoulder_l_driver","cat":"step","ph":"X","ts":196632,"dur":1,"pid":1,"tid":8},
{"name":"ComposeSubtree /Biped/Rig/Joints/hips_bind/spine_0_bind/spine_1_bind/spine_2_bind/spine_3_bind/spine_4_bind/spine_5_bind/chest_bind/clavicle_l_bind/shoulder_l_bind","cat":"step","ph":"X","ts":196614,"dur":1,"pid":1,"tid":17},
{"name":"ComposeSubtree /Biped/Rig/Joints/hips_bind/spine_0_bind/spine_1_bind/spine_2_bind/spine_3_bind/spine_4_bind/spine_5_bind/chest_bind/clavicle_l_bind/shoulder_l_bind/elbow_l_bind/elbowTwist_l_bind","cat":"step","ph":"X","ts":196633,"dur":1,"pid":1,"tid":8},
{"name":"ComposeSubtree /Biped/Rig/Joints/hips_bind/spine_0_bind/spine_1_bind/spine_2_bind/spine_3_bind/spine_4_bind/spine_5_bind/chest_bind/clavicle_l_bind/shoulder_l_bind/elbow_l_bind/wristTwist_l_driver","cat":"step","ph":"X","ts":196634,"dur":1,"pid":1,"tid":8},
{"name":"ComposeSubtree /Biped/Rig/Joints/hips_bind/spine_0_bind/spine_1_bind/spine_2_bind/spine_3_bind/spine_4_bind/spine_5_bind/chest_bind/clavicle_l_bind/shoulder_l_bind/elbow_l_bind/wrist_l_bind/index_001_l_bind/index_002_l_bind","cat":"step","ph":"X","ts":196660,"dur":9,"pid":1,"tid":9},
{"name":"ComposeSubtree /Biped/Rig/Joints/hips_bind/spine_0_bind/spine_1_bind/spine_2_bind/spine_3_bind/spine_4_bind/spine_5_bind/chest_bind/clavicle_l_bind/shoulder_l_bind/elbow_l_bind/wrist_l_bind/index_001_l_bind/index_002_l_bind/index_003_l_bind/index_004_l_bind","cat":"step","ph":"X","ts":196717,"dur":2,"pid":1,"tid":2},
{"name":"ComposeSubtree /Biped/Rig/Joints/hips_bind/spine_0_bind/spine_1_bind/spine_2_bind/spine_3_bind/spine_4_bind/spine_5_bind/chest_bind/clavicle_l_bind/shoulder_l_bind/elbow_l_bind/wrist_l_bind/middle_001_l_bind","cat":"step","ph":"X","ts":196641,"dur":1,"pid":1,"tid":0},
{"name":"ComposeSubtree /Biped/Rig/Joints/hips_bind/spine_0_bind/spine_1_bind/spine_2_bind/spine_3_bind/spine_4_bind/spine_5_bind/chest_bind/clavicle_l_bind/shoulder_l_bind/elbow_l_bind/wrist_l_bind/middle_001_l_bind/middle_002_l_bind","cat":"step","ph":"X","ts":196670,"dur":2,"pid":1,"tid":9},
{"name":"ComposeSubtree /Biped/Rig/Joints/hips_bind/spine_0_bind/spine_1_bind/spine_2_bind/spine_3_bind/spine_4_bind/spine_5_bind/chest_bind/clavicle_l_bind/shoulder_l_bind/elbow_l_bind/wrist_l_bind/middle_001_l_bind/middle_002_l_bind/middle_003_l_bind/middle_004_l_bind","cat":"step","ph":"X","ts":196719,"dur":1,"pid":1,"tid":2},
{"name":"ComposeSubtree /Biped/Rig/Joints/hips_bind/spine_0_bind/spine_1_bind/spine_2_bind/spine_3_bind/spine_4_bind/spine_5_bind/chest_bind/clavicle_l_bind/shoulder_l_bind/elbow_l_bind/wrist_l_bind/pinkyCup_l_bind","cat":"step","ph":"X","ts":196642,"dur":1,"pid":1,"tid":0},
{"name":"ComposeSubtree /Biped/Rig/Joints/hips_bind/spine_0_bind/spine_1_bind/spine_2_bind/spine_3_bind/spine_4_bind/spine_5_bind/chest_bind/clavicle_l_bind/shoulder_l_bind/elbow_l_bind/wrist_l_bind/pinkyCup_l_bind/pinky_001_l_bind/pinky_002_combo_l_driver","cat":"step","ph":"X","ts":196672,"dur":3,"pid":1,"tid":9},
{"name":"ComposeSubtree /Biped/Rig/Joints/hips_bind/spine_0_bind/spine_1_bind/spine_2_bind/spine_3_bind/spine_4_bind/spine_5_bind/chest_bind/clavicle_l_bind/shoulder_l_bind/elbow_l_bind/wrist_l_bind/pinkyCup_l_bind/pinky_001_l_bind/pinky_002_l_bind/pinky_003_l_bind/pinky_004_l_bind","cat":"step","ph":"X","ts":196751,"dur":1,"pid":1,"tid":16},
{"name":"ComposeSubtree /Biped/Rig/Joints/hips_bind/spine_0_bind/spine_1_bind/spine_2_bind/spine_3_bind/spine_4_bind/spine_5_bind/chest_bind/clavicle_l_bind/shoulder_l_bind/elbow_l_bind/wrist_l_bind/ring_001_l_bind","cat":"step","ph":"X","ts":196643,"dur":1,"pid":1,"tid":0},
{"name":"ComposeSubtree /Biped/Rig/Joints/hips_bind/spine_0_bind/spine_1_bind/spine_2_bind/spine_3_bind/spine_4_bind/spine_5_bind/chest_bind/clavicle_l_bind/shoulder_l_bind/elbow_l_bind/wrist_l_bind/ring_001_l_bind/ring_002_l_bind","cat":"step","ph":"X","ts":196676,"dur":2,"pid":1,"tid":9},
{"name":"ComposeSubtree /Biped/Rig/Joints/hips_bind/spine_0_bind/spine_1_bind/spine_2_bind/spine_3_bind/spine_4_bind/spine_5_bind/chest_bind/clavicle_l_bind/shoulder_l_bind/elbow_l_bind/wrist_l_bind/ring_001_l_bind/ring_002_l_bind/ring_003_l_bind/ring_004_l_bind","cat":"step","ph":"X","ts":196720,"dur":1,"pid":1,"tid":2},
{"name":"ComposeSubtree /Biped/Rig/Joints/hips_bind/spine_0_bind/spine_1_bind/spine_2_bind/spine_3_bind/spine_4_bind/spine_5_bind/chest_bind/clavicle_l_bind/shoulder_l_bind/elbow_l_bind/wrist_l_bind/thumbCup_l_bind/thumb_001_l_bind/thumb_002_l_bind","cat":"step","ph":"X","ts":196678,"dur":2,"pid":1,"tid":9},
{"name":"ComposeSubtree /Biped/Rig/Joints/hips_bind/spine_0_bind/spine_1_bind/spine_2_bind/spine_3_bind/spine_4_bind/spine_5_bind/chest_bind/clavicle_r_bind","cat":"step","ph":"X","ts":196601,"dur":1,"pid":1,"tid":21},
{"name":"ComposeSubtree /Biped/Rig/Joints/hips_bind/spine_0_bind/spine_1_bind/spine_2_bind/spine_3_bind/spine_4_bind/spine_5_bind/chest_bind/clavicle_r_bind/clavicle_trans_r_bind","cat":"step","ph":"X","ts":196635,"dur":1,"pid":1,"tid":8},
{"name":"ComposeSubtree /Biped/Rig/Joints/hips_bind/spine_0_bind/spine_1_bind/spine_2_bind/spine_3_bind/spine_4_bind/spine_5_bind/chest_bind/clavicle_r_bind/clavicle_trans_r_bind/shoulder_r_driver","cat":"step","ph":"X","ts":196644,"dur":1,"pid":1,"tid":0},
{"name":"ComposeSubtree /Biped/Rig/Joints/hips_bind/spine_0_bind/spine_1_bind/spine_2_bind/spine_3_bind/spine_4_bind/spine_5_bind/chest_bind/clavicle_r_bind/shoulder_r_bind/elbow_r_bind/wristTwist_r_bind","cat":"step","ph":"X","ts":196645,"dur":1,"pid":1,"tid":0},
{"name":"ComposeSubtree /Biped/Rig/Joints/hips_bind/spine_0_bind/spine_1_bind/spine_2_bind/spine_3_bind/spine_4_bind/spine_5_bind/chest_bind/clavicle_r_bind/shoulder_r_bind/elbow_r_bind/wrist_r_bind/index_001_r_bind","cat":"step","ph":"X","ts":196680,"dur":3,"pid":1,"tid":9},
{"name":"ComposeSubtree /Biped/Rig/Joints/hips_bind/spine_0_bind/spine_1_bind/spine_2_bind/spine_3_bind/spine_4_bind/spine_5_bind/chest_bind/clavicle_r_bind/shoulder_r_bind/elbow_r_bind/wrist_r_bind/index_001_r_bind/index_002_r_bind/index_003_r_bind/index_004_r_bind","cat":"step","ph":"X","ts":196752,"dur":1,"pid":1,"tid":16},
{"name":"ComposeSubtree /Biped/Rig/Joints/hips_bind/spine_0_bind/spine_1_bind/spine_2_bind/spine_3_bind/spine_4_bind/spine_5_bind/chest_bind/clavicle_r_bind/shoulder_r_bind/elbow_r_bind/wrist_r_bind/middle_001_r_bind","cat":"step","ph":"X","ts":196683,"dur":3,"pid":1,"tid":9},
{"name":"ComposeSubtree /Biped/Rig/Joints/hips_bind/spine_0_bind/spine_1_bind/spine_2_bind/spine_3_bind/spine_4_bind/spine_5_bind/chest_bind/clavicle_r_bind/shoulder_r_bind/elbow_r_bind/wrist_r_bind/middle_001_r_bind/middle_002_r_bind","cat":"step","ph":"X","ts":196722,"dur":1,"pid":1,"tid":2},
{"name":"ComposeSubtree /Biped/Rig/Joints/hips_bind/spine_0_bind/spine_1_bind/spine_2_bind/spine_3_bind/spine_4_bind/spine_5_bind/chest_bind/clavicle_r_bind/shoulder_r_bind/elbow_r_bind/wrist_r_bind/middle_001_r_bind/middle_002_r_bind/middle_003_r_bind/middle_004_r_bind","cat":"step","ph":"X","ts":196753,"dur":1,"pid":1,"tid":16},
{"name":"ComposeSubtree /Biped/Rig/Joints/hips_bind/spine_0_bind/spine_1_bind/spine_2_bind/spine_3_bind/spine_4_bind/spine_5_bind/chest_bind/clavicle_r_bind/shoulder_r_bind/elbow_r_bind/wrist_r_bind/pinkyCup_r_bind","cat":"step","ph":"X","ts":196686,"dur":3,"pid":1,"tid":9},
{"name":"ComposeSubtree /Biped/Rig/Joints/hips_bind/spine_0_bind/spine_1_bind/spine_2_bind/spine_3_bind/spine_4_bind/spine_5_bind/chest_bind/clavicle_r_bind/shoulder_r_bind/elbow_r_bind/wrist_r_bind/pinkyCup_r_bind/pinky_001_r_bind/pinky_002_combo_r_driver","cat":"step","ph":"X","ts":196723,"dur":1,"pid":1,"tid":2},
{"name":"ComposeSubtree /Biped/Rig/Joints/hips_bind/spine_0_bind/spine_1_bind/spine_2_bind/spine_3_bind/spine_4_bind/spine_5_bind/chest_bind/clavicle_r_bind/shoulder_r_bind/elbow_r_bind/wrist_r_bind/pinkyCup_r_bind/pinky_001_r_bind/pinky_002_r_bind/pinky_003_r_bind/pinky_004_r_bind","cat":"step","ph":"X","ts":196766,"dur":1,"pid":1,"tid":13},
{"name":"ComposeSubtree /Biped/Rig/Joints/hips_bind/spine_0_bind/spine_1_bind/spine_2_bind/spine_3_bind/spine_4_bind/spine_5_bind/chest_bind/clavicle_r_bind/shoulder_r_bind/elbow_r_bind/wrist_r_bind/ring_001_r_bind","cat":"step","ph":"X","ts":196689,"dur":2,"pid":1,"tid":9},
{"name":"ComposeSubtree /Biped/Rig/Joints/hips_bind/spine_0_bind/spine_1_bind/spine_2_bind/spine_3_bind/spine_4_bind/spine_5_bind/chest_bind/clavicle_r_bind/shoulder_r_bind/elbow_r_bind/wrist_r_bind/ring_001_r_bind/ring_002_r_bind/ring_003_r_bind/ring_004_r_bind","cat":"step","ph":"X","ts":196754,"dur":1,"pid":1,"tid":16},
{"name":"ComposeSubtree /Biped/Rig/Joints/hips_bind/spine_0_bind/spine_1_bind/spine_2_bind/spine_3_bind/spine_4_bind/spine_5_bind/chest_bind/clavicle_r_bind/shoulder_r_bind/elbow_r_bind/wrist_r_bind/thumbCup_r_bind","cat":"step","ph":"X","ts":196691,"dur":1,"pid":1,"tid":9},
{"name":"ComposeSubtree /Biped/Rig/Joints/hips_bind/spine_0_bind/spine_1_bind/spine_2_bind/spine_3_bind/spine_4_bind/spine_5_bind/chest_bind/neck_base_bind","cat":"step","ph":"X","ts":196602,"dur":1,"pid":1,"tid":21},
{"name":"ComposeSubtree /Biped/Rig/Joints/hips_bind/spine_0_bind/spine_1_bind/spine_2_bind/spine_3_bind/spine_4_bind/spine_5_bind/chest_bind/neck_base_bind/neck_0_bind/neck_1_bind/neck_2_bind/neck_3_bind","cat":"step","ph":"X","ts":196646,"dur":1,"pid":1,"tid":0},
{"name":"ComposeSubtree /Biped/Rig/Joints/hips_bind/spine_0_bind/spine_1_bind/spine_2_bind/spine_3_bind/spine_4_bind/spine_5_bind/chest_bind/neck_base_bind/neck_0_bind/neck_1_bind/neck_2_bind/neck_3_bind/skull_bind/face_lower_bind","cat":"step","ph":"X","ts":196692,"dur":1,"pid":1,"tid":9},
{"name":"ComposeSubtree /Biped/Rig/Joints/hips_bind/spine_0_bind/spine_1_bind/spine_2_bind/spine_3_bind/spine_4_bind/spine_5_bind/chest_bind/neck_base_bind/neck_0_bind/neck_1_bind/neck_2_bind/neck_3_bind/skull_bind/face_lower_bind/face_mid_bind/teeth_upper_bind","cat":"step","ph":"X","ts":196726,"dur":1,"pid":1,"tid":2},
{"name":"ComposeSubtree /Biped/Rig/Joints/hips_bind/spine_0_bind/spine_1_bind/spine_2_bind/spine_3_bind/spine_4_bind/spine_5_bind/chest_bind/neck_base_bind/neck_0_bind/neck_1_bind/neck_2_bind/neck_3_bind/skull_bind/face_lower_bind/jaw_bind/jaw_end","cat":"step","ph":"X","ts":196755,"dur":1,"pid":1,"tid":16},
{"name":"ComposeSubtree /Biped/Rig/Joints/hips_bind/spine_0_bind/spine_1_bind/spine_2_bind/spine_3_bind/spine_4_bind/spine_5_bind/chest_bind/neck_base_bind/neck_0_bind/neck_1_bind/neck_2_bind/neck_3_bind/skull_bind/face_upper_bind","cat":"step","ph":"X","ts":196693,"dur":1,"pid":1,"tid":9},
{"name":"ComposeSubtree /Biped/Rig/Joints/hips_bind/spine_0_bind/spine_1_bind/spine_2_bind/spine_3_bind/spine_4_bind/spine_5_bind/chest_bind/neck_base_bind/neck_0_bind/neck_1_bind/neck_2_bind/neck_3_bind/skull_bind/face_upper_bind/eyeSocket_r_bind","cat":"step","ph":"X","ts":196727,"dur":1,"pid":1,"tid":2},
{"name":"ComposeSubtree /Biped/Rig/Joints/hips_bind/spine_0_bind/spine_1_bind/spine_2_bind/spine_3_bind/spine_4_bind/spine_5_bind/chest_bind/neck_base_bind/neck_0_bind/neck_1_bind/neck_2_bind/neck_3_bind/skull_bind/face_upper_bind/head_tip_bind","cat":"step","ph":"X","ts":196728,"dur":1,"pid":1,"tid":2},
{"name":"ComposeSubtree /Biped/Rig/Joints/hips_bind/spine_0_bind/spine_1_bind/spine_2_bind/spine_3_bind/spine_4_bind/spine_5_bind/chest_bind/neck_base_bind/neck_0_bind/neck_1_bind/neck_2_bind/neck_3_bind/skull_bind/face_upper_bind/head_tip_bind/brow_inner_r_bind","cat":"step","ph":"X","ts":196756,"dur":1,"pid":1,"tid":16},
{"name":"ComposeSubtree /Biped/Rig/Joints/hips_bind/spine_0_bind/spine_1_bind/spine_2_bind/spine_3_bind/spine_4_bind/spine_5_bind/chest_bind/neck_base_bind/neck_0_bind/neck_1_bind/neck_2_bind/neck_3_bind/skull_bind/face_upper_bind/head_tip_bind/brow_main_r_bind","cat":"step","ph":"X","ts":196757,"dur":1,"pid":1,"tid":16},
{"name":"ComposeSubtree /Biped/Rig/Joints/neck_ik_neck_0_bind/neck_ik_neck_1_bind","cat":"step","ph":"X","ts":196767,"dur":1,"pid":1,"tid":13},
{"name":"ComposeSubtree /Biped/Rig/Joints/pupilCenter_l_pivot","cat":"step","ph":"X","ts":196512,"dur":1,"pid":1,"tid":0},
{"name":"ComposeSubtree /Biped/Rig/Joints/spine_ik_spine_0_bind/spine_ik_spine_1_bind/spine_ik_spine_2_bind","cat":"step","ph":"X","ts":196521,"dur":1,"pid":1,"tid":0},
{"name":"Solve /Biped/Rig/Solvers/arm_l_fkChain","cat":"step","ph":"X","ts":196603,"dur":4,"pid":1,"tid":21},
{"name":"SolverCommit batch 0","cat":"step","ph":"X","ts":196622,"dur":1,"pid":1,"tid":21},
{"name":"Solve /Biped/Rig/Solvers/arm_l_twoBoneIk","cat":"step","ph":"X","ts":196599,"dur":1,"pid":1,"tid":21},
{"name":"Solve /Biped/Rig/Solvers/arm_r_fkChain","cat":"step","ph":"X","ts":196623,"dur":1,"pid":1,"tid":21},
{"name":"Solve /Biped/Rig/Solvers/arm_r_twoBoneIk","cat":"step","ph":"X","ts":196581,"dur":2,"pid":1,"tid":18},
{"name":"SolverCommit batch 3","cat":"step","ph":"X","ts":196607,"dur":1,"pid":1,"tid":21},
{"name":"Solve /Biped/Rig/Solvers/leg_l_fkChain","cat":"step","ph":"X","ts":196583,"dur":4,"pid":1,"tid":18},
{"name":"Solve /Biped/Rig/Solvers/leg_r_fkChain","cat":"step","ph":"X","ts":196608,"dur":1,"pid":1,"tid":21},
{"name":"Solve /Biped/Rig/Solvers/neck_splineIk","cat":"step","ph":"X","ts":196609,"dur":12,"pid":1,"tid":21},
{"name":"SolverCommit batch 6","cat":"step","ph":"X","ts":196809,"dur":2,"pid":1,"tid":2},
{"name":"Constraint /Biped/Rig/Movers/spine_mid_follow/spine_mid_follow_pos","cat":"step","ph":"X","ts":196569,"dur":10,"pid":1,"tid":18},
{"name":"Solve /Biped/Rig/Solvers/arm_l_ikfk","cat":"step","ph":"X","ts":196624,"dur":1,"pid":1,"tid":21},
{"name":"SolverCommit batch 8","cat":"step","ph":"X","ts":196647,"dur":2,"pid":1,"tid":0},
{"name":"Solve /Biped/Rig/Solvers/arm_r_ikfk","cat":"step","ph":"X","ts":196650,"dur":1,"pid":1,"tid":0},
{"name":"SolverCommit batch 9","cat":"step","ph":"X","ts":196694,"dur":3,"pid":1,"tid":9},
{"name":"Constraint /Biped/Rig/Movers/spine_mid_follow/spine_mid_follow_aim","cat":"step","ph":"X","ts":196587,"dur":5,"pid":1,"tid":18},
{"name":"Solve /Biped/Rig/Solvers/spine_splineIk","cat":"step","ph":"X","ts":196593,"dur":16,"pid":1,"tid":18},
{"name":"SolverCommit batch 11","cat":"step","ph":"X","ts":196625,"dur":1,"pid":1,"tid":21},
{"name":"Constraint /Biped/Rig/Movers/hand_r_follow/thumbCup_r_bind_fk_follow_to_wrist_r_bind","cat":"step","ph":"X","ts":196729,"dur":9,"pid":1,"tid":2},
{"name":"Solve /Biped/Rig/Solvers/fk_thumb_r","cat":"step","ph":"X","ts":196758,"dur":4,"pid":1,"tid":16},
{"name":"Constraint /Biped/Rig/Movers/hand_r_follow/ring_001_r_bind_fk_follow_to_wrist_r_bind","cat":"step","ph":"X","ts":196738,"dur":10,"pid":1,"tid":2},
{"name":"Solve /Biped/Rig/Solvers/fk_ring_r","cat":"step","ph":"X","ts":196762,"dur":1,"pid":1,"tid":16},
{"name":"SolverCommit batch 15","cat":"step","ph":"X","ts":196768,"dur":1,"pid":1,"tid":13},
{"name":"Constraint /Biped/Rig/Movers/hand_r_follow/pinkyCup_r_bind_fk_follow_to_wrist_r_bind","cat":"step","ph":"X","ts":196717,"dur":12,"pid":1,"tid":14},
{"name":"Solve /Biped/Rig/Solvers/fk_pinky_r","cat":"step","ph":"X","ts":196741,"dur":7,"pid":1,"tid":14},
{"name":"SolverCommit batch 17","cat":"step","ph":"X","ts":196777,"dur":1,"pid":1,"tid":13},
{"name":"Constraint /Biped/Rig/Movers/hand_r_follow/middle_001_r_bind_fk_follow_to_wrist_r_bind","cat":"step","ph":"X","ts":196729,"dur":6,"pid":1,"tid":14},
{"name":"Solve /Biped/Rig/Solvers/fk_middle_r","cat":"step","ph":"X","ts":196748,"dur":2,"pid":1,"tid":14},
{"name":"SolverCommit batch 19","cat":"step","ph":"X","ts":196769,"dur":1,"pid":1,"tid":13},
{"name":"Constraint /Biped/Rig/Movers/hand_r_follow/index_001_r_bind_fk_follow_to_wrist_r_bind","cat":"step","ph":"X","ts":196735,"dur":5,"pid":1,"tid":14},
{"name":"Solve /Biped/Rig/Solvers/fk_index_r","cat":"step","ph":"X","ts":196750,"dur":2,"pid":1,"tid":14},
{"name":"SolverCommit batch 21","cat":"step","ph":"X","ts":196770,"dur":1,"pid":1,"tid":13},
{"name":"Constraint /Biped/Rig/Movers/hand_l_follow/thumbCup_l_bind_fk_follow_to_wrist_l_bind","cat":"step","ph":"X","ts":196697,"dur":11,"pid":1,"tid":9},
{"name":"Solve /Biped/Rig/Solvers/fk_thumb_l","cat":"step","ph":"X","ts":196717,"dur":5,"pid":1,"tid":22},
{"name":"SolverCommit batch 23","cat":"step","ph":"X","ts":196751,"dur":2,"pid":1,"tid":13},
{"name":"Constraint /Biped/Rig/Movers/hand_l_follow/ring_001_l_bind_fk_follow_to_wrist_l_bind","cat":"step","ph":"X","ts":196708,"dur":6,"pid":1,"tid":9},
{"name":"Solve /Biped/Rig/Solvers/fk_ring_l","cat":"step","ph":"X","ts":196722,"dur":1,"pid":1,"tid":22},
{"name":"SolverCommit batch 25","cat":"step","ph":"X","ts":196753,"dur":1,"pid":1,"tid":13},
{"name":"Constraint /Biped/Rig/Movers/hand_l_follow/pinkyCup_l_bind_fk_follow_to_wrist_l_bind","cat":"step","ph":"X","ts":196664,"dur":9,"pid":1,"tid":13},
{"name":"Solve /Biped/Rig/Solvers/fk_pinky_l","cat":"step","ph":"X","ts":196723,"dur":2,"pid":1,"tid":22},
{"name":"SolverCommit batch 27","cat":"step","ph":"X","ts":196771,"dur":1,"pid":1,"tid":13},
{"name":"Constraint /Biped/Rig/Movers/hand_l_follow/middle_001_l_bind_fk_follow_to_wrist_l_bind","cat":"step","ph":"X","ts":196673,"dur":5,"pid":1,"tid":13},
{"name":"Solve /Biped/Rig/Solvers/fk_middle_l","cat":"step","ph":"X","ts":196695,"dur":3,"pid":1,"tid":11},
{"name":"SolverCommit batch 29","cat":"step","ph":"X","ts":196754,"dur":1,"pid":1,"tid":13},
{"name":"Constraint /Biped/Rig/Movers/hand_l_follow/index_001_l_bind_fk_follow_to_wrist_l_bind","cat":"step","ph":"X","ts":196678,"dur":4,"pid":1,"tid":13},
{"name":"Solve /Biped/Rig/Solvers/fk_index_l","cat":"step","ph":"X","ts":196699,"dur":1,"pid":1,"tid":11},
{"name":"SolverCommit batch 31","cat":"step","ph":"X","ts":196755,"dur":1,"pid":1,"tid":13},
{"name":"Constraint /Biped/Rig/Movers/bankIn_r_pivot_rc/bankIn_r_pivot_rotation","cat":"step","ph":"X","ts":196671,"dur":21,"pid":1,"tid":11},
{"name":"Constraint /Biped/Rig/Movers/bankOut_r_pivot_rc/bankOut_r_pivot_rotation","cat":"step","ph":"X","ts":196700,"dur":2,"pid":1,"tid":11},
{"name":"Constraint /Biped/Rig/Movers/heel_r_roll_rc/heel_r_roll_rotation","cat":"step","ph":"X","ts":196756,"dur":4,"pid":1,"tid":13},
{"name":"Constraint /Biped/Rig/Movers/toe_r_roll_rc/toe_r_roll_rotation","cat":"step","ph":"X","ts":196772,"dur":1,"pid":1,"tid":13},
{"name":"Constraint /Biped/Rig/Movers/ballRoll_r_up_rc/ballRoll_r_up_rotation","cat":"step","ph":"X","ts":196778,"dur":1,"pid":1,"tid":13},
{"name":"Constraint /Biped/Rig/Movers/ballRoll_r_down_rc/ballRoll_r_down_rotation","cat":"step","ph":"X","ts":196811,"dur":3,"pid":1,"tid":2},
{"name":"Solve /Biped/Rig/Solvers/leg_r_twoBoneIk","cat":"step","ph":"X","ts":196827,"dur":1,"pid":1,"tid":2},
{"name":"SolverCommit batch 38","cat":"step","ph":"X","ts":196834,"dur":1,"pid":1,"tid":2},
{"name":"Solve /Biped/Rig/Solvers/leg_r_ikfk","cat":"step","ph":"X","ts":196835,"dur":1,"pid":1,"tid":2},
{"name":"SolverCommit batch 39","cat":"step","ph":"X","ts":196845,"dur":7,"pid":1,"tid":2},
{"name":"Constraint /Biped/Rig/Movers/ankle_r_bind_scAim/ankle_r_bind_aim","cat":"step","ph":"X","ts":196886,"dur":6,"pid":1,"tid":9},
{"name":"Constraint /Biped/Rig/Movers/ball_r_bind_scAim/ball_r_bind_aim","cat":"step","ph":"X","ts":196907,"dur":7,"pid":1,"tid":22},
{"name":"Constraint /Biped/Rig/Movers/bankIn_l_pivot_rc/bankIn_l_pivot_rotation","cat":"step","ph":"X","ts":196638,"dur":8,"pid":1,"tid":8},
{"name":"Constraint /Biped/Rig/Movers/bankOut_l_pivot_rc/bankOut_l_pivot_rotation","cat":"step","ph":"X","ts":196692,"dur":2,"pid":1,"tid":11},
{"name":"Constraint /Biped/Rig/Movers/heel_l_roll_rc/heel_l_roll_rotation","cat":"step","ph":"X","ts":196718,"dur":7,"pid":1,"tid":17},
{"name":"Constraint /Biped/Rig/Movers/toe_l_roll_rc/toe_l_roll_rotation","cat":"step","ph":"X","ts":196760,"dur":1,"pid":1,"tid":13},
{"name":"Constraint /Biped/Rig/Movers/ballRoll_l_up_rc/ballRoll_l_up_rotation","cat":"step","ph":"X","ts":196773,"dur":1,"pid":1,"tid":13},
{"name":"Constraint /Biped/Rig/Movers/ballRoll_l_down_rc/ballRoll_l_down_rotation","cat":"step","ph":"X","ts":196779,"dur":1,"pid":1,"tid":13},
{"name":"Solve /Biped/Rig/Solvers/leg_l_twoBoneIk","cat":"step","ph":"X","ts":196814,"dur":2,"pid":1,"tid":2},
{"name":"Solve /Biped/Rig/Solvers/leg_l_ikfk","cat":"step","ph":"X","ts":196828,"dur":1,"pid":1,"tid":2},
{"name":"SolverCommit batch 49","cat":"step","ph":"X","ts":196836,"dur":7,"pid":1,"tid":2},
{"name":"Constraint /Biped/Rig/Movers/ankle_l_bind_scAim/ankle_l_bind_aim","cat":"step","ph":"X","ts":196852,"dur":8,"pid":1,"tid":2},
{"name":"Constraint /Biped/Rig/Movers/ball_l_bind_scAim/ball_l_bind_aim","cat":"step","ph":"X","ts":196892,"dur":5,"pid":1,"tid":9},
{"name":"Constraint /Biped/Rig/Movers/hips_follow/spine_root_ctl_drives_hips_bind","cat":"step","ph":"X","ts":196536,"dur":8,"pid":1,"tid":0},
{"name":"CommitDelta /Biped/Rig/Movers/hips_follow/spine_root_ctl_drives_hips_bind","cat":"step","ph":"X","ts":196579,"dur":1,"pid":1,"tid":18},
{"name":"PropagateChunk /Biped/Rig/Movers/hips_follow/spine_root_ctl_drives_hips_bind","cat":"step","ph":"X","ts":196816,"dur":6,"pid":1,"tid":2},
{"name":"CommitApply /Biped/Rig/Movers/hips_follow/spine_root_ctl_drives_hips_bind","cat":"step","ph":"X","ts":196829,"dur":3,"pid":1,"tid":2},
{"name":"Constraint /Biped/Rig/Movers/hips_follow/spine_root_ctl_scales_hips_bind","cat":"step","ph":"X","ts":196843,"dur":2,"pid":1,"tid":2},
{"name":"PropagateChunk /Biped/Rig/Movers/hips_follow/spine_root_ctl_scales_hips_bind","cat":"step","ph":"X","ts":196897,"dur":4,"pid":1,"tid":9},
{"name":"PropagateChunk /Biped/Rig/Movers/hips_follow/spine_root_ctl_scales_hips_bind","cat":"step","ph":"X","ts":196901,"dur":1,"pid":1,"tid":9},
{"name":"CommitApply /Biped/Rig/Movers/hips_follow/spine_root_ctl_scales_hips_bind","cat":"step","ph":"X","ts":196914,"dur":2,"pid":1,"tid":22},
{"name":"Constraint /Biped/Rig/Movers/spine_to_bind/spine_ik_spine_0_bind_scale_to_spine_0_bind","cat":"step","ph":"X","ts":196928,"dur":7,"pid":1,"tid":1},
{"name":"Constraint /Biped/Rig/Movers/spine_to_bind/spine_ik_spine_0_bind_to_spine_0_bind","cat":"step","ph":"X","ts":196941,"dur":13,"pid":1,"tid":14},
{"name":"Constraint /Biped/Rig/Movers/spine_to_bind/spine_ik_spine_1_bind_scale_to_spine_1_bind","cat":"step","ph":"X","ts":196961,"dur":11,"pid":1,"tid":15},
{"name":"Constraint /Biped/Rig/Movers/spine_to_bind/spine_ik_spine_1_bind_to_spine_1_bind","cat":"step","ph":"X","ts":196985,"dur":13,"pid":1,"tid":17},
{"name":"Constraint /Biped/Rig/Movers/spine_to_bind/spine_ik_spine_2_bind_scale_to_spine_2_bind","cat":"step","ph":"X","ts":197007,"dur":10,"pid":1,"tid":0},
{"name":"Constraint /Biped/Rig/Movers/spine_to_bind/spine_ik_spine_2_bind_to_spine_2_bind","cat":"step","ph":"X","ts":197026,"dur":10,"pid":1,"tid":17},
{"name":"Constraint /Biped/Rig/Movers/spine_to_bind/spine_ik_spine_3_bind_scale_to_spine_3_bind","cat":"step","ph":"X","ts":197036,"dur":8,"pid":1,"tid":17},
{"name":"Constraint /Biped/Rig/Movers/spine_to_bind/spine_ik_spine_3_bind_to_spine_3_bind","cat":"step","ph":"X","ts":197045,"dur":8,"pid":1,"tid":17},
{"name":"Constraint /Biped/Rig/Movers/spine_to_bind/spine_ik_spine_4_bind_scale_to_spine_4_bind","cat":"step","ph":"X","ts":197053,"dur":8,"pid":1,"tid":17},
{"name":"Constraint /Biped/Rig/Movers/spine_to_bind/spine_ik_spine_4_bind_to_spine_4_bind","cat":"step","ph":"X","ts":197061,"dur":9,"pid":1,"tid":17},
{"name":"Constraint /Biped/Rig/Movers/spine_to_bind/spine_ik_spine_5_bind_scale_to_spine_5_bind","cat":"step","ph":"X","ts":197070,"dur":8,"pid":1,"tid":17},
{"name":"Constraint /Biped/Rig/Movers/spine_to_bind/spine_ik_spine_5_bind_to_spine_5_bind","cat":"step","ph":"X","ts":197078,"dur":8,"pid":1,"tid":17},
{"name":"Constraint /Biped/Rig/Movers/spine_to_bind/spine_ik_chest_bind_scale_to_chest_bind","cat":"step","ph":"X","ts":197087,"dur":7,"pid":1,"tid":17},
{"name":"Constraint /Biped/Rig/Movers/spine_to_bind/spine_ik_chest_bind_to_chest_bind","cat":"step","ph":"X","ts":197094,"dur":9,"pid":1,"tid":17},
{"name":"Constraint /Biped/Rig/Movers/girdles/spine_end_ctl_drives_chest_bind","cat":"step","ph":"X","ts":197103,"dur":10,"pid":1,"tid":17},
{"name":"Constraint /Biped/Rig/Movers/girdles/pelvis_r_ctl_drives_pelvis_r_bind","cat":"step","ph":"X","ts":196935,"dur":3,"pid":1,"tid":1},
{"name":"Constraint /Biped/Rig/Movers/girdles/pelvis_l_ctl_drives_pelvis_l_bind","cat":"step","ph":"X","ts":196938,"dur":1,"pid":1,"tid":1},
{"name":"Constraint /Biped/Rig/Movers/girdles/clavicle_r_ctl_drives_clavicle_r_bind","cat":"step","ph":"X","ts":197113,"dur":2,"pid":1,"tid":17},
{"name":"Constraint /Biped/Rig/Movers/girdles/clavicle_l_ctl_drives_clavicle_l_bind","cat":"step","ph":"X","ts":197115,"dur":2,"pid":1,"tid":17},
{"name":"Constraint /Biped/Rig/Movers/girdles/spine_end_ctl_unsquashes_neck_base_bind","cat":"step","ph":"X","ts":197117,"dur":6,"pid":1,"tid":17},
{"name":"Constraint /Biped/Rig/Movers/girdles/clavicle_r_ctl_unsquashes_clavicle_r_bind","cat":"step","ph":"X","ts":197123,"dur":3,"pid":1,"tid":17},
{"name":"Constraint /Biped/Rig/Movers/girdles/clavicle_l_ctl_unsquashes_clavicle_l_bind","cat":"step","ph":"X","ts":197126,"dur":3,"pid":1,"tid":17},
{"name":"Constraint /Biped/Rig/Movers/neck_to_bind/neck_ik_neck_0_bind_scale_to_neck_0_bind","cat":"step","ph":"X","ts":197129,"dur":6,"pid":1,"tid":17},
{"name":"Constraint /Biped/Rig/Movers/neck_to_bind/neck_ik_neck_0_bind_to_neck_0_bind","cat":"step","ph":"X","ts":197146,"dur":6,"pid":1,"tid":0},
{"name":"Constraint /Biped/Rig/Movers/neck_to_bind/neck_ik_neck_1_bind_scale_to_neck_1_bind","cat":"step","ph":"X","ts":197160,"dur":9,"pid":1,"tid":19},
{"name":"Constraint /Biped/Rig/Movers/neck_to_bind/neck_ik_neck_1_bind_to_neck_1_bind","cat":"step","ph":"X","ts":197178,"dur":6,"pid":1,"tid":19},
{"name":"Constraint /Biped/Rig/Movers/neck_to_bind/neck_ik_neck_2_bind_scale_to_neck_2_bind","cat":"step","ph":"X","ts":197194,"dur":8,"pid":1,"tid":21},
{"name":"Constraint /Biped/Rig/Movers/neck_to_bind/neck_ik_neck_2_bind_to_neck_2_bind","cat":"step","ph":"X","ts":197207,"dur":7,"pid":1,"tid":21},
{"name":"Constraint /Biped/Rig/Movers/neck_to_bind/neck_ik_neck_3_bind_scale_to_neck_3_bind","cat":"step","ph":"X","ts":197219,"dur":6,"pid":1,"tid":21},
{"name":"Constraint /Biped/Rig/Movers/neck_to_bind/neck_ik_neck_3_bind_to_neck_3_bind","cat":"step","ph":"X","ts":197772,"dur":7,"pid":1,"tid":21},
{"name":"Constraint /Biped/Rig/Movers/neck_to_bind/neck_ik_skull_bind_scale_to_skull_bind","cat":"step","ph":"X","ts":198172,"dur":5,"pid":1,"tid":21},
{"name":"Constraint /Biped/Rig/Movers/neck_to_bind/neck_ik_skull_bind_to_skull_bind","cat":"step","ph":"X","ts":198194,"dur":6,"pid":1,"tid":21},
{"name":"Constraint /Biped/Rig/Movers/twist_aims/wristTwist_r_bind_copy","cat":"step","ph":"X","ts":196725,"dur":9,"pid":1,"tid":17},
{"name":"Constraint /Biped/Rig/Movers/twist_aims/wristTwist_r_bind_aim","cat":"step","ph":"X","ts":196761,"dur":5,"pid":1,"tid":13},
{"name":"Constraint /Biped/Rig/Movers/twist_aims/wristTwist_l_bind_copy","cat":"step","ph":"X","ts":196664,"dur":6,"pid":1,"tid":0},
{"name":"Constraint /Biped/Rig/Movers/twist_aims/wristTwist_l_bind_aim","cat":"step","ph":"X","ts":196734,"dur":5,"pid":1,"tid":17},
{"name":"Constraint /Biped/Rig/Movers/twist_aims/ankleTwist_r_bind_copy","cat":"step","ph":"X","ts":196916,"dur":3,"pid":1,"tid":22},
{"name":"Constraint /Biped/Rig/Movers/twist_aims/ankleTwist_r_bind_aim","cat":"step","ph":"X","ts":196929,"dur":7,"pid":1,"tid":3},
{"name":"Constraint /Biped/Rig/Movers/twist_aims/ankleTwist_l_bind_copy","cat":"step","ph":"X","ts":196902,"dur":3,"pid":1,"tid":9},
{"name":"Constraint /Biped/Rig/Movers/twist_aims/ankleTwist_l_bind_aim","cat":"step","ph":"X","ts":196919,"dur":4,"pid":1,"tid":22},
{"name":"Constraint /Biped/Rig/Movers/twist_aims/ankleTwist_r_bind_follows_ankle_r_bind","cat":"step","ph":"X","ts":196954,"dur":2,"pid":1,"tid":14},
{"name":"Constraint /Biped/Rig/Movers/twist_aims/ankleTwist_l_bind_follows_ankle_l_bind","cat":"step","ph":"X","ts":196936,"dur":2,"pid":1,"tid":3},
{"name":"Constraint /Biped/Rig/Movers/twist_aims/wristTwist_r_bind_follows_wrist_r_bind","cat":"step","ph":"X","ts":196774,"dur":2,"pid":1,"tid":13},
{"name":"Constraint /Biped/Rig/Movers/twist_aims/wristTwist_l_bind_follows_wrist_l_bind","cat":"step","ph":"X","ts":196749,"dur":3,"pid":1,"tid":2},
{"name":"Constraint /Biped/Rig/Movers/twist_aims/thighNoTwist_r_bind_follows_thigh_r_bind","cat":"step","ph":"X","ts":196956,"dur":1,"pid":1,"tid":14},
{"name":"Constraint /Biped/Rig/Movers/twist_aims/thighNoTwist_l_bind_follows_thigh_l_bind","cat":"step","ph":"X","ts":196940,"dur":1,"pid":1,"tid":1},
{"name":"Constraint /Biped/Rig/Movers/twist_aims/shoulderNoTwist_r_bind_follows_shoulder_r_bind","cat":"step","ph":"X","ts":197152,"dur":1,"pid":1,"tid":0},
{"name":"Constraint /Biped/Rig/Movers/twist_aims/shoulderNoTwist_l_bind_follows_shoulder_l_bind","cat":"step","ph":"X","ts":197153,"dur":1,"pid":1,"tid":0},
{"name":"Constraint /Biped/Rig/Movers/twist_aims/pelvis_trans_r_bind_follows_thigh_r_bind","cat":"step","ph":"X","ts":196942,"dur":1,"pid":1,"tid":1},
{"name":"Constraint /Biped/Rig/Movers/twist_aims/pelvis_trans_l_bind_follows_thigh_l_bind","cat":"step","ph":"X","ts":196943,"dur":1,"pid":1,"tid":1},
{"name":"Constraint /Biped/Rig/Movers/twist_aims/clavicle_trans_r_bind_follows_shoulder_r_bind","cat":"step","ph":"X","ts":197141,"dur":2,"pid":1,"tid":17},
{"name":"Constraint /Biped/Rig/Movers/twist_aims/clavicle_trans_l_bind_follows_shoulder_l_bind","cat":"step","ph":"X","ts":197143,"dur":1,"pid":1,"tid":17},
{"name":"Constraint /Biped/Rig/Movers/twist_aims/pelvis_trans_r_bind_aim","cat":"step","ph":"X","ts":196973,"dur":6,"pid":1,"tid":15},
{"name":"Constraint /Biped/Rig/Movers/twist_aims/pelvis_trans_l_bind_aim","cat":"step","ph":"X","ts":196979,"dur":4,"pid":1,"tid":15},
{"name":"Constraint /Biped/Rig/Movers/twist_aims/kneeTwist_r_bind_aim","cat":"step","ph":"X","ts":196873,"dur":5,"pid":1,"tid":2},
{"name":"Constraint /Biped/Rig/Movers/twist_aims/kneeTwist_l_bind_aim","cat":"step","ph":"X","ts":196860,"dur":5,"pid":1,"tid":2},
{"name":"Constraint /Biped/Rig/Movers/twist_aims/thighNoTwist_r_bind_aim","cat":"step","ph":"X","ts":196961,"dur":6,"pid":1,"tid":11},
{"name":"Constraint /Biped/Rig/Movers/twist_aims/thighNoTwist_l_bind_aim","cat":"step","ph":"X","ts":196967,"dur":3,"pid":1,"tid":11},
{"name":"Constraint /Biped/Rig/Movers/twist_aims/clavicle_trans_r_bind_aim","cat":"step","ph":"X","ts":197169,"dur":5,"pid":1,"tid":19},
{"name":"Constraint /Biped/Rig/Movers/twist_aims/clavicle_trans_l_bind_aim","cat":"step","ph":"X","ts":197174,"dur":4,"pid":1,"tid":19},
{"name":"Constraint /Biped/Rig/Movers/twist_aims/elbowTwist_r_bind_aim","cat":"step","ph":"X","ts":196739,"dur":8,"pid":1,"tid":17},
{"name":"Constraint /Biped/Rig/Movers/twist_aims/elbowTwist_l_bind_aim","cat":"step","ph":"X","ts":196670,"dur":4,"pid":1,"tid":0},
{"name":"Constraint /Biped/Rig/Movers/twist_aims/shoulderNoTwist_r_bind_aim","cat":"step","ph":"X","ts":197155,"dur":3,"pid":1,"tid":0},
{"name":"Constraint /Biped/Rig/Movers/twist_aims/shoulderNoTwist_l_bind_aim","cat":"step","ph":"X","ts":197158,"dur":2,"pid":1,"tid":0},
{"name":"Constraint /Biped/Rig/Movers/pose_drivers/thigh_r_driver_copies_thigh_r_bind","cat":"step","ph":"X","ts":196998,"dur":6,"pid":1,"tid":17},
{"name":"Constraint /Biped/Rig/Movers/pose_drivers/thigh_l_driver_copies_thigh_l_bind","cat":"step","ph":"X","ts":196984,"dur":5,"pid":1,"tid":15},
{"name":"Constraint /Biped/Rig/Movers/pose_drivers/thigh_r_twist_driver_copies_thighNoTwist_r_bind","cat":"step","ph":"X","ts":197017,"dur":4,"pid":1,"tid":0},
{"name":"Constraint /Biped/Rig/Movers/pose_drivers/thigh_l_twist_driver_copies_thighNoTwist_l_bind","cat":"step","ph":"X","ts":197014,"dur":6,"pid":1,"tid":17},
{"name":"Constraint /Biped/Rig/Movers/pose_drivers/ankleTwist_r_driver_copies_ankleTwist_r_bind","cat":"step","ph":"X","ts":196958,"dur":4,"pid":1,"tid":14},
{"name":"Constraint /Biped/Rig/Movers/pose_drivers/ankleTwist_l_driver_copies_ankleTwist_l_bind","cat":"step","ph":"X","ts":196941,"dur":3,"pid":1,"tid":22},
{"name":"Constraint /Biped/Rig/Movers/pose_drivers/toe_r_driver_copies_ball_r_bind","cat":"step","ph":"X","ts":196927,"dur":4,"pid":1,"tid":22},
{"name":"Constraint /Biped/Rig/Movers/pose_drivers/toe_l_driver_copies_ball_l_bind","cat":"step","ph":"X","ts":196923,"dur":3,"pid":1,"tid":22},
{"name":"Constraint /Biped/Rig/Movers/pose_drivers/knee_r_driver_copies_knee_r_bind","cat":"step","ph":"X","ts":196906,"dur":4,"pid":1,"tid":9},
{"name":"Constraint /Biped/Rig/Movers/pose_drivers/knee_l_driver_copies_knee_l_bind","cat":"step","ph":"X","ts":196878,"dur":5,"pid":1,"tid":2},
{"name":"Constraint /Biped/Rig/Movers/pose_drivers/ankleSwing_r_driver_copies_ankle_r_bind","cat":"step","ph":"X","ts":196962,"dur":4,"pid":1,"tid":14},
{"name":"Constraint /Biped/Rig/Movers/pose_drivers/ankleSwing_l_driver_copies_ankle_l_bind","cat":"step","ph":"X","ts":196944,"dur":3,"pid":1,"tid":22},
{"name":"Constraint /Biped/Rig/Movers/pose_drivers/shoulder_r_driver_copies_shoulder_r_bind","cat":"step","ph":"X","ts":197184,"dur":4,"pid":1,"tid":19},
{"name":"Constraint /Biped/Rig/Movers/pose_drivers/shoulder_l_driver_copies_shoulder_l_bind","cat":"step","ph":"X","ts":197188,"dur":3,"pid":1,"tid":19},
{"name":"Constraint /Biped/Rig/Movers/pose_drivers/wristTwist_r_driver_copies_wristTwist_r_bind","cat":"step","ph":"X","ts":196780,"dur":4,"pid":1,"tid":13},
{"name":"Constraint /Biped/Rig/Movers/pose_drivers/wristTwist_l_driver_copies_wristTwist_l_bind","cat":"step","ph":"X","ts":196771,"dur":5,"pid":1,"tid":2},
{"name":"Constraint /Biped/Rig/Movers/pose_drivers/shoulder_r_twist_driver_copies_shoulderNoTwist_r_bind","cat":"step","ph":"X","ts":197202,"dur":5,"pid":1,"tid":21},
{"name":"Constraint /Biped/Rig/Movers/pose_drivers/shoulder_l_twist_driver_copies_shoulderNoTwist_l_bind","cat":"step","ph":"X","ts":197193,"dur":3,"pid":1,"tid":19},
{"name":"Constraint /Biped/Rig/Movers/pose_drivers/wristSwing_r_driver_copies_wrist_r_bind","cat":"step","ph":"X","ts":196792,"dur":5,"pid":1,"tid":2},
{"name":"Constraint /Biped/Rig/Movers/pose_drivers/wristSwing_l_driver_copies_wrist_l_bind","cat":"step","ph":"X","ts":196776,"dur":5,"pid":1,"tid":2},
{"name":"Constraint /Biped/Rig/Movers/pose_drivers/elbow_r_driver_copies_elbow_r_bind","cat":"step","ph":"X","ts":196752,"dur":6,"pid":1,"tid":2},
{"name":"Constraint /Biped/Rig/Movers/pose_drivers/elbow_l_driver_copies_elbow_l_bind","cat":"step","ph":"X","ts":196716,"dur":5,"pid":1,"tid":9},
{"name":"Constraint /Biped/Rig/Movers/param_follow/leg_r_params_to_ankle_r_bind","cat":"step","ph":"X","ts":196910,"dur":4,"pid":1,"tid":9},
{"name":"Constraint /Biped/Rig/Movers/param_follow/leg_l_params_to_ankle_l_bind","cat":"step","ph":"X","ts":196883,"dur":5,"pid":1,"tid":2},
{"name":"Constraint /Biped/Rig/Movers/param_follow/arm_r_params_to_wrist_r_bind","cat":"step","ph":"X","ts":196721,"dur":5,"pid":1,"tid":9},
{"name":"Constraint /Biped/Rig/Movers/param_follow/arm_l_params_to_wrist_l_bind","cat":"step","ph":"X","ts":196674,"dur":4,"pid":1,"tid":0},
{"name":"ProviderMatrix /Biped/Rig/Controls/leg_l_ik/ankle_l_pivot/bankIn_l_pivot/bankOut_l_pivot final","cat":"step","ph":"X","ts":196726,"dur":1,"pid":1,"tid":9},
{"name":"ProviderMatrix /Biped/Rig/Controls/leg_l_ik/ankle_l_pivot/bankIn_l_pivot/bankOut_l_pivot/heel_l_roll/heel_l/ball_l_pivot final","cat":"step","ph":"X","ts":196758,"dur":1,"pid":1,"tid":2},
{"name":"ProviderMatrix /Biped/Rig/Controls/leg_l_ik/ankle_l_pivot/bankIn_l_pivot/bankOut_l_pivot/heel_l_roll/heel_l/ball_l_pivot/toe_l_roll final","cat":"step","ph":"X","ts":196781,"dur":1,"pid":1,"tid":2},
{"name":"ProviderMatrix /Biped/Rig/Controls/leg_r_ik/ankle_r_pivot final","cat":"step","ph":"X","ts":196544,"dur":1,"pid":1,"tid":0},
{"name":"ProviderMatrix /Biped/Rig/Controls/leg_r_ik/ankle_r_pivot/bankIn_r_pivot/bankOut_r_pivot/heel_r_roll/heel_r/ball_r_pivot final","cat":"step","ph":"X","ts":196782,"dur":1,"pid":1,"tid":2},
{"name":"ProviderMatrix /Biped/Rig/Controls/leg_r_ik/ankle_r_pivot/bankIn_r_pivot/bankOut_r_pivot/heel_r_roll/heel_r/ball_r_pivot/toe_r_roll/toe_r/ballRoll_r_up final","cat":"step","ph":"X","ts":196822,"dur":1,"pid":1,"tid":2},
{"name":"ProviderMatrix /Biped/Rig/Joints/ankle_l_pivot final","cat":"step","ph":"X","ts":196522,"dur":1,"pid":1,"tid":0},
{"name":"ProviderMatrix /Biped/Rig/Joints/ankle_l_pivot/bankIn_l_pivot/bankOut_l_pivot/heel_l_pivot/ball_l_pivot/toe_l_pivot/ballRoll_l_pivot final","cat":"step","ph":"X","ts":196592,"dur":1,"pid":1,"tid":18},
{"name":"ProviderMatrix /Biped/Rig/Joints/ankle_r_pivot/bankIn_r_pivot/bankOut_r_pivot/heel_r_pivot/ball_r_pivot final","cat":"step","ph":"X","ts":196580,"dur":1,"pid":1,"tid":18},
{"name":"ProviderMatrix /Biped/Rig/Joints/hips_bind/pelvis_l_bind final","cat":"step","ph":"X","ts":196947,"dur":1,"pid":1,"tid":22},
{"name":"ProviderMatrix /Biped/Rig/Joints/hips_bind/pelvis_l_bind/pelvis_trans_l_bind final","cat":"step","ph":"X","ts":196989,"dur":1,"pid":1,"tid":15},
{"name":"ProviderMatrix /Biped/Rig/Joints/hips_bind/pelvis_l_bind/thigh_l_bind/knee_l_bind/ankle_l_bind final","cat":"step","ph":"X","ts":196888,"dur":1,"pid":1,"tid":2},
{"name":"ProviderMatrix /Biped/Rig/Joints/hips_bind/pelvis_l_bind/thigh_l_bind/knee_l_bind/ankle_l_bind/ball_l_bind/toe1_001_l_bind/toe1_002_l_bind final","cat":"step","ph":"X","ts":196914,"dur":1,"pid":1,"tid":9},
{"name":"ProviderMatrix /Biped/Rig/Joints/hips_bind/pelvis_l_bind/thigh_l_bind/knee_l_bind/ankle_l_bind/ball_l_bind/toe2_001_l_bind/toe2_002_l_bind/toe2_003_l_bind final","cat":"step","ph":"X","ts":196915,"dur":1,"pid":1,"tid":9},
{"name":"ProviderMatrix /Biped/Rig/Joints/hips_bind/pelvis_l_bind/thigh_l_bind/knee_l_bind/ankle_l_bind/ball_l_bind/toe4_001_l_bind/toe4_002_l_bind final","cat":"step","ph":"X","ts":196916,"dur":1,"pid":1,"tid":9},
{"name":"ProviderMatrix /Biped/Rig/Joints/hips_bind/pelvis_l_bind/thigh_l_bind/knee_l_bind/ankle_l_bind/ball_l_bind/toe_l_bind final","cat":"step","ph":"X","ts":196917,"dur":1,"pid":1,"tid":9},
{"name":"ProviderMatrix /Biped/Rig/Joints/hips_bind/pelvis_l_bind/thigh_l_bind/knee_l_bind/ankle_l_bind/toe_l_driver final","cat":"step","ph":"X","ts":196931,"dur":1,"pid":1,"tid":22},
{"name":"ProviderMatrix /Biped/Rig/Joints/hips_bind/pelvis_r_bind final","cat":"step","ph":"X","ts":196948,"dur":1,"pid":1,"tid":22},
{"name":"ProviderMatrix /Biped/Rig/Joints/hips_bind/pelvis_r_bind/thighNoTwist_r_bind final","cat":"step","ph":"X","ts":196990,"dur":1,"pid":1,"tid":15},
{"name":"ProviderMatrix /Biped/Rig/Joints/hips_bind/pelvis_r_bind/thigh_r_bind final","cat":"step","ph":"X","ts":196889,"dur":1,"pid":1,"tid":2},
{"name":"ProviderMatrix /Biped/Rig/Joints/hips_bind/pelvis_r_bind/thigh_r_bind/knee_r_bind/ankleTwist_r_bind final","cat":"step","ph":"X","ts":196966,"dur":1,"pid":1,"tid":14},
{"name":"ProviderMatrix /Biped/Rig/Joints/hips_bind/pelvis_r_bind/thigh_r_bind/knee_r_bind/ankle_r_bind/ball_r_bind/toe2_001_r_bind final","cat":"step","ph":"X","ts":196932,"dur":1,"pid":1,"tid":22},
{"name":"ProviderMatrix /Biped/Rig/Joints/hips_bind/pelvis_r_bind/thigh_r_bind/knee_r_bind/ankle_r_bind/ball_r_bind/toe5_001_r_bind/toe5_002_r_bind/toe5_003_r_bind final","cat":"step","ph":"X","ts":196934,"dur":1,"pid":1,"tid":22},
{"name":"ProviderMatrix /Biped/Rig/Joints/hips_bind/spine_0_bind/spine_1_bind final","cat":"step","ph":"X","ts":197020,"dur":1,"pid":1,"tid":17},
{"name":"ProviderMatrix /Biped/Rig/Joints/hips_bind/spine_0_bind/spine_1_bind/spine_2_bind/spine_3_bind/spine_4_bind/spine_5_bind/chest_bind/clavicle_l_bind final","cat":"step","ph":"X","ts":197144,"dur":1,"pid":1,"tid":17},
{"name":"ProviderMatrix /Biped/Rig/Joints/hips_bind/spine_0_bind/spine_1_bind/spine_2_bind/spine_3_bind/spine_4_bind/spine_5_bind/chest_bind/clavicle_l_bind/clavicle_trans_l_bind final","cat":"step","ph":"X","ts":197191,"dur":1,"pid":1,"tid":19},
{"name":"ProviderMatrix /Biped/Rig/Joints/hips_bind/spine_0_bind/spine_1_bind/spine_2_bind/spine_3_bind/spine_4_bind/spine_5_bind/chest_bind/clavicle_l_bind/shoulder_l_bind final","cat":"step","ph":"X","ts":196678,"dur":1,"pid":1,"tid":0},
{"name":"ProviderMatrix /Biped/Rig/Joints/hips_bind/spine_0_bind/spine_1_bind/spine_2_bind/spine_3_bind/spine_4_bind/spine_5_bind/chest_bind/clavicle_l_bind/shoulder_l_bind/elbow_l_bind/elbowTwist_l_bind/elbow_l_driver final","cat":"step","ph":"X","ts":196759,"dur":1,"pid":1,"tid":2},
{"name":"ProviderMatrix /Biped/Rig/Joints/hips_bind/spine_0_bind/spine_1_bind/spine_2_bind/spine_3_bind/spine_4_bind/spine_5_bind/chest_bind/clavicle_l_bind/shoulder_l_bind/elbow_l_bind/wristTwist_l_bind/wristSwing_l_driver final","cat":"step","ph":"X","ts":196797,"dur":1,"pid":1,"tid":2},
{"name":"ProviderMatrix /Biped/Rig/Joints/hips_bind/spine_0_bind/spine_1_bind/spine_2_bind/spine_3_bind/spine_4_bind/spine_5_bind/chest_bind/clavicle_l_bind/shoulder_l_bind/elbow_l_bind/wrist_l_bind/index_001_l_bind/index_002_l_bind final","cat":"step","ph":"X","ts":196783,"dur":1,"pid":1,"tid":2},
{"name":"ProviderMatrix /Biped/Rig/Joints/hips_bind/spine_0_bind/spine_1_bind/spine_2_bind/spine_3_bind/spine_4_bind/spine_5_bind/chest_bind/clavicle_l_bind/shoulder_l_bind/elbow_l_bind/wrist_l_bind/middle_001_l_bind final","cat":"step","ph":"X","ts":196784,"dur":1,"pid":1,"tid":2},
{"name":"ProviderMatrix /Biped/Rig/Joints/hips_bind/spine_0_bind/spine_1_bind/spine_2_bind/spine_3_bind/spine_4_bind/spine_5_bind/chest_bind/clavicle_l_bind/shoulder_l_bind/elbow_l_bind/wrist_l_bind/pinkyCup_l_bind/pinky_001_l_bind final","cat":"step","ph":"X","ts":196798,"dur":1,"pid":1,"tid":2},
{"name":"ProviderMatrix /Biped/Rig/Joints/hips_bind/spine_0_bind/spine_1_bind/spine_2_bind/spine_3_bind/spine_4_bind/spine_5_bind/chest_bind/clavicle_l_bind/shoulder_l_bind/elbow_l_bind/wrist_l_bind/pinkyCup_l_bind/pinky_001_l_bind/pinky_002_l_bind/pinky_003_l_bind/pinky_004_l_bind/pinky_005_l_bind final","cat":"step","ph":"X","ts":196799,"dur":1,"pid":1,"tid":2},
{"name":"ProviderMatrix /Biped/Rig/Joints/hips_bind/spine_0_bind/spine_1_bind/spine_2_bind/spine_3_bind/spine_4_bind/spine_5_bind/chest_bind/clavicle_l_bind/shoulder_l_bind/elbow_l_bind/wrist_l_bind/ring_001_l_bind/ring_002_combo_l_driver final","cat":"step","ph":"X","ts":196786,"dur":1,"pid":1,"tid":2},
{"name":"ProviderMatrix /Biped/Rig/Joints/hips_bind/spine_0_bind/spine_1_bind/spine_2_bind/spine_3_bind/spine_4_bind/spine_5_bind/chest_bind/clavicle_l_bind/shoulder_l_bind/elbow_l_bind/wrist_l_bind/thumbCup_l_bind/thumb_001_l_bind/thumb_002_l_bind final","cat":"step","ph":"X","ts":196788,"dur":1,"pid":1,"tid":2},
{"name":"ProviderMatrix /Biped/Rig/Joints/hips_bind/spine_0_bind/spine_1_bind/spine_2_bind/spine_3_bind/spine_4_bind/spine_5_bind/chest_bind/clavicle_r_bind/clavicle_trans_combo_r_driver final","cat":"step","ph":"X","ts":197145,"dur":1,"pid":1,"tid":17},
{"name":"ProviderMatrix /Biped/Rig/Joints/hips_bind/spine_0_bind/spine_1_bind/spine_2_bind/spine_3_bind/spine_4_bind/spine_5_bind/chest_bind/clavicle_r_bind/clavicle_trans_r_bind/shoulder_r_driver final","cat":"step","ph":"X","ts":197196,"dur":1,"pid":1,"tid":19},
{"name":"ProviderMatrix /Biped/Rig/Joints/hips_bind/spine_0_bind/spine_1_bind/spine_2_bind/spine_3_bind/spine_4_bind/spine_5_bind/chest_bind/clavicle_r_bind/clavicle_trans_r_bind/shoulder_r_driver/shoulder_r_twist_driver final","cat":"step","ph":"X","ts":197214,"dur":1,"pid":1,"tid":21},
{"name":"ProviderMatrix /Biped/Rig/Joints/hips_bind/spine_0_bind/spine_1_bind/spine_2_bind/spine_3_bind/spine_4_bind/spine_5_bind/chest_bind/clavicle_r_bind/shoulder_r_bind/elbow_r_bind/wrist_r_bind final","cat":"step","ph":"X","ts":196728,"dur":1,"pid":1,"tid":9},
{"name":"ProviderMatrix /Biped/Rig/Joints/hips_bind/spine_0_bind/spine_1_bind/spine_2_bind/spine_3_bind/spine_4_bind/spine_5_bind/chest_bind/clavicle_r_bind/shoulder_r_bind/elbow_r_bind/wrist_r_bind/middle_001_r_bind final","cat":"step","ph":"X","ts":196801,"dur":1,"pid":1,"tid":2},
{"name":"ProviderMatrix /Biped/Rig/Joints/hips_bind/spine_0_bind/spine_1_bind/spine_2_bind/spine_3_bind/spine_4_bind/spine_5_bind/chest_bind/clavicle_r_bind/shoulder_r_bind/elbow_r_bind/wrist_r_bind/middle_001_r_bind/middle_002_r_bind/middle_003_r_bind/middle_004_r_bind final","cat":"step","ph":"X","ts":196802,"dur":1,"pid":1,"tid":2},
{"name":"ProviderMatrix /Biped/Rig/Joints/hips_bind/spine_0_bind/spine_1_bind/spine_2_bind/spine_3_bind/spine_4_bind/spine_5_bind/chest_bind/clavicle_r_bind/shoulder_r_bind/elbow_r_bind/wrist_r_bind/pinkyCup_r_bind/pinky_001_r_bind/pinky_002_combo_r_driver final","cat":"step","ph":"X","ts":196823,"dur":1,"pid":1,"tid":2},
{"name":"ProviderMatrix /Biped/Rig/Joints/hips_bind/spine_0_bind/spine_1_bind/spine_2_bind/spine_3_bind/spine_4_bind/spine_5_bind/chest_bind/clavicle_r_bind/shoulder_r_bind/elbow_r_bind/wrist_r_bind/ring_001_r_bind/ring_002_r_bind final","cat":"step","ph":"X","ts":196803,"dur":1,"pid":1,"tid":2},
{"name":"ProviderMatrix /Biped/Rig/Joints/hips_bind/spine_0_bind/spine_1_bind/spine_2_bind/spine_3_bind/spine_4_bind/spine_5_bind/chest_bind/clavicle_r_bind/shoulder_r_bind/elbow_r_bind/wrist_r_bind/ring_001_r_bind/ring_002_r_bind/ring_003_r_bind/ring_004_r_bind/ring_005_r_bind final","cat":"step","ph":"X","ts":196804,"dur":1,"pid":1,"tid":2},
{"name":"ProviderMatrix /Biped/Rig/Joints/hips_bind/spine_0_bind/spine_1_bind/spine_2_bind/spine_3_bind/spine_4_bind/spine_5_bind/chest_bind/clavicle_r_bind/shoulder_r_bind/elbow_r_bind/wrist_r_bind/thumbCup_r_bind/thumb_001_r_bind/thumb_002_r_bind/thumb_003_r_bind/thumb_004_r_bind final","cat":"step","ph":"X","ts":196805,"dur":1,"pid":1,"tid":2},
{"name":"ProviderMatrix /Biped/Rig/Joints/hips_bind/spine_0_bind/spine_1_bind/spine_2_bind/spine_3_bind/spine_4_bind/spine_5_bind/chest_bind/neck_base_bind/neck_0_bind final","cat":"step","ph":"X","ts":197160,"dur":1,"pid":1,"tid":0},
{"name":"ProviderMatrix /Biped/Rig/Joints/hips_bind/spine_0_bind/spine_1_bind/spine_2_bind/spine_3_bind/spine_4_bind/spine_5_bind/chest_bind/neck_base_bind/neck_0_bind/neck_1_bind/neck_2_bind/neck_3_bind/skull_bind/face_lower_bind/jaw_bind/tongue_0_bind/tongue_1_bind/tongue_2_bind final","cat":"step","ph":"X","ts":198201,"dur":1,"pid":1,"tid":21},
{"name":"ProviderMatrix /Biped/Rig/Joints/hips_bind/spine_0_bind/spine_1_bind/spine_2_bind/spine_3_bind/spine_4_bind/spine_5_bind/chest_bind/neck_base_bind/neck_0_bind/neck_1_bind/neck_2_bind/neck_3_bind/skull_bind/face_upper_bind/head_tip_bind/brow_peak_r_bind final","cat":"step","ph":"X","ts":198203,"dur":1,"pid":1,"tid":21},
{"name":"ProviderMatrix /Biped/Rig/Joints/neck_ik_neck_0_bind/neck_ik_neck_1_bind/neck_ik_neck_2_bind final","cat":"step","ph":"X","ts":196833,"dur":1,"pid":1,"tid":2},
{"name":"ProviderMatrix /Biped/Rig/Joints/pupilCenter_l_pivot final","cat":"step","ph":"X","ts":196523,"dur":1,"pid":1,"tid":0},
{"name":"ProviderMatrix /Biped/Rig/Joints/spine_ik_spine_0_bind/spine_ik_spine_1_bind/spine_ik_spine_2_bind/spine_ik_spine_3_bind/spine_ik_spine_4_bind/spine_ik_spine_5_bind/spine_ik_chest_bind final","cat":"step","ph":"X","ts":196647,"dur":1,"pid":1,"tid":8},
{"name":"PoseInterpolator /Biped/Rig/PoseInterpolators/ankleSwing_l_driver","cat":"step","ph":"X","ts":196967,"dur":3,"pid":1,"tid":14},
{"name":"PoseInterpolator /Biped/Rig/PoseInterpolators/ankleSwing_r_driver","cat":"step","ph":"X","ts":196991,"dur":3,"pid":1,"tid":15},
{"name":"PoseInterpolator /Biped/Rig/PoseInterpolators/elbow_l_driver","cat":"step","ph":"X","ts":196760,"dur":3,"pid":1,"tid":2},
{"name":"PoseInterpolator /Biped/Rig/PoseInterpolators/elbow_r_driver","cat":"step","ph":"X","ts":196789,"dur":2,"pid":1,"tid":2},
{"name":"PoseInterpolator /Biped/Rig/PoseInterpolators/index_002_l","cat":"step","ph":"X","ts":196729,"dur":3,"pid":1,"tid":9},
{"name":"PoseInterpolator /Biped/Rig/PoseInterpolators/index_002_r","cat":"step","ph":"X","ts":196763,"dur":2,"pid":1,"tid":2},
{"name":"PoseInterpolator /Biped/Rig/PoseInterpolators/knee_l_driver","cat":"step","ph":"X","ts":196918,"dur":3,"pid":1,"tid":9},
{"name":"PoseInterpolator /Biped/Rig/PoseInterpolators/knee_r_driver","cat":"step","ph":"X","ts":196935,"dur":2,"pid":1,"tid":22},
{"name":"PoseInterpolator /Biped/Rig/PoseInterpolators/middle_002_l","cat":"step","ph":"X","ts":196732,"dur":2,"pid":1,"tid":9},
{"name":"PoseInterpolator /Biped/Rig/PoseInterpolators/middle_002_r","cat":"step","ph":"X","ts":196765,"dur":2,"pid":1,"tid":2},
{"name":"PoseInterpolator /Biped/Rig/PoseInterpolators/neckTwist","cat":"step","ph":"X","ts":197161,"dur":2,"pid":1,"tid":0},
{"name":"PoseInterpolator /Biped/Rig/PoseInterpolators/neck","cat":"step","ph":"X","ts":197163,"dur":1,"pid":1,"tid":0},
{"name":"PoseInterpolator /Biped/Rig/PoseInterpolators/pinky_002_l","cat":"step","ph":"X","ts":196734,"dur":2,"pid":1,"tid":9},
{"name":"PoseInterpolator /Biped/Rig/PoseInterpolators/pinky_002_r","cat":"step","ph":"X","ts":196767,"dur":2,"pid":1,"tid":2},
{"name":"PoseInterpolator /Biped/Rig/PoseInterpolators/ring_002_l","cat":"step","ph":"X","ts":196736,"dur":2,"pid":1,"tid":9},
{"name":"PoseInterpolator /Biped/Rig/PoseInterpolators/ring_002_r","cat":"step","ph":"X","ts":196769,"dur":1,"pid":1,"tid":2},
{"name":"PoseInterpolator /Biped/Rig/PoseInterpolators/shoulder_l_driver","cat":"step","ph":"X","ts":197197,"dur":2,"pid":1,"tid":19},
{"name":"PoseInterpolator /Biped/Rig/PoseInterpolators/shoulder_l_twist_driver","cat":"step","ph":"X","ts":197215,"dur":2,"pid":1,"tid":21},
{"name":"PoseInterpolator /Biped/Rig/PoseInterpolators/shoulder_r_driver","cat":"step","ph":"X","ts":197199,"dur":2,"pid":1,"tid":19},
{"name":"PoseInterpolator /Biped/Rig/PoseInterpolators/shoulder_r_twist_driver","cat":"step","ph":"X","ts":197217,"dur":2,"pid":1,"tid":21},
{"name":"PoseInterpolator /Biped/Rig/PoseInterpolators/thigh_l_driver","cat":"step","ph":"X","ts":197021,"dur":3,"pid":1,"tid":17},
{"name":"PoseInterpolator /Biped/Rig/PoseInterpolators/thigh_r_driver","cat":"step","ph":"X","ts":197024,"dur":1,"pid":1,"tid":17},
{"name":"PoseInterpolator /Biped/Rig/PoseInterpolators/toe_l","cat":"step","ph":"X","ts":196937,"dur":2,"pid":1,"tid":22},
{"name":"PoseInterpolator /Biped/Rig/PoseInterpolators/toe_l_twist","cat":"step","ph":"X","ts":196939,"dur":1,"pid":1,"tid":22},
{"name":"PoseInterpolator /Biped/Rig/PoseInterpolators/toe_r","cat":"step","ph":"X","ts":196949,"dur":1,"pid":1,"tid":22},
{"name":"PoseInterpolator /Biped/Rig/PoseInterpolators/toe_r_twist","cat":"step","ph":"X","ts":196950,"dur":1,"pid":1,"tid":22},
{"name":"PoseInterpolator /Biped/Rig/PoseInterpolators/torso","cat":"step","ph":"X","ts":196545,"dur":4,"pid":1,"tid":0},
{"name":"PoseInterpolator /Biped/Rig/PoseInterpolators/wristSwing_l_driver","cat":"step","ph":"X","ts":196806,"dur":2,"pid":1,"tid":2},
{"name":"PoseInterpolator /Biped/Rig/PoseInterpolators/wristSwing_r_driver","cat":"step","ph":"X","ts":196825,"dur":2,"pid":1,"tid":2},
{"name":"RevisionStatic /Biped/Rig/Movers/shapes_body_geo/body_geo_shapes","cat":"step","ph":"X","ts":197225,"dur":546,"pid":1,"tid":21},
{"name":"RevisionChunk /Biped/Rig/Movers/shapes_body_geo/body_geo_shapes","cat":"step","ph":"X","ts":197780,"dur":392,"pid":1,"tid":21},
{"name":"RevisionFuse /Biped/Rig/Movers/shapes_body_geo/body_geo_shapes","cat":"step","ph":"X","ts":198177,"dur":17,"pid":1,"tid":21},
{"name":"InfluenceFold /Biped/Rig/Movers/skin_body_geo/body_geo_skin","cat":"step","ph":"X","ts":198204,"dur":24,"pid":1,"tid":21},
{"name":"RevisionChunk /Biped/Rig/Movers/skin_body_geo/body_geo_skin","cat":"step","ph":"X","ts":198228,"dur":2209,"pid":1,"tid":21},
{"name":"RevisionFuse /Biped/Rig/Movers/skin_body_geo/body_geo_skin","cat":"step","ph":"X","ts":200438,"dur":2,"pid":1,"tid":21},
{"name":"ChainStatus /Biped/Geom/body_geo.points","cat":"step","ph":"X","ts":200440,"dur":19,"pid":1,"tid":21},
{"name":"Derived /Biped/Geom/body_geo.extent","cat":"step","ph":"X","ts":200459,"dur":520,"pid":1,"tid":21},
{"name":"cluster 0","cat":"cluster","ph":"X","ts":196499,"dur":14,"pid":1,"tid":0,"args":{"level":"1","steps":"21","waitUs":"4"}},
{"name":"cluster 1","cat":"cluster","ph":"X","ts":196513,"dur":11,"pid":1,"tid":0,"args":{"level":"2","steps":"30","waitUs":"0"}},
{"name":"cluster 2","cat":"cluster","ph":"X","ts":196551,"dur":11,"pid":1,"tid":18,"args":{"level":"3","steps":"21","waitUs":"27"}},
{"name":"cluster 3","cat":"cluster","ph":"X","ts":196563,"dur":18,"pid":1,"tid":18,"args":{"level":"4","steps":"22","waitUs":"0"}},
{"name":"cluster 4","cat":"cluster","ph":"X","ts":196589,"dur":11,"pid":1,"tid":21,"args":{"level":"5","steps":"17","waitUs":"8"}},
{"name":"cluster 5","cat":"cluster","ph":"X","ts":196603,"dur":12,"pid":1,"tid":17,"args":{"level":"6","steps":"20","waitUs":"3"}},
{"name":"cluster 6","cat":"cluster","ph":"X","ts":196624,"dur":13,"pid":1,"tid":8,"args":{"level":"7","steps":"16","waitUs":"3"}},
{"name":"cluster 7","cat":"cluster","ph":"X","ts":196640,"dur":11,"pid":1,"tid":0,"args":{"level":"8","steps":"14","waitUs":"3"}},
{"name":"cluster 8","cat":"cluster","ph":"X","ts":196532,"dur":17,"pid":1,"tid":0,"args":{"level":"3","steps":"15","waitUs":"8"}},
{"name":"cluster 9","cat":"cluster","ph":"X","ts":196659,"dur":55,"pid":1,"tid":9,"args":{"level":"9","steps":"15","waitUs":"8"}},
{"name":"cluster 10","cat":"cluster","ph":"X","ts":196716,"dur":32,"pid":1,"tid":2,"args":{"level":"10","steps":"18","waitUs":"2"}},
{"name":"cluster 11","cat":"cluster","ph":"X","ts":196751,"dur":13,"pid":1,"tid":16,"args":{"level":"11","steps":"13","waitUs":"3"}},
{"name":"cluster 12","cat":"cluster","ph":"X","ts":196601,"dur":20,"pid":1,"tid":21,"args":{"level":"6","steps":"8","waitUs":"1"}},
{"name":"cluster 13","cat":"cluster","ph":"X","ts":196766,"dur":10,"pid":1,"tid":13,"args":{"level":"12","steps":"12","waitUs":"0"}},
{"name":"cluster 14","cat":"cluster","ph":"X","ts":196622,"dur":4,"pid":1,"tid":21,"args":{"level":"7","steps":"6","waitUs":"1"}},
{"name":"cluster 15","cat":"cluster","ph":"X","ts":196777,"dur":7,"pid":1,"tid":13,"args":{"level":"13","steps":"6","waitUs":"1"}},
{"name":"cluster 17","cat":"cluster","ph":"X","ts":196581,"dur":12,"pid":1,"tid":18,"args":{"level":"5","steps":"7","waitUs":"0"}},
{"name":"cluster 18","cat":"cluster","ph":"X","ts":196809,"dur":18,"pid":1,"tid":2,"args":{"level":"14","steps":"16","waitUs":"1"}},
{"name":"cluster 19","cat":"cluster","ph":"X","ts":196593,"dur":16,"pid":1,"tid":18,"args":{"level":"6","steps":"1","waitUs":"0"}},
{"name":"cluster 20","cat":"cluster","ph":"X","ts":196717,"dur":23,"pid":1,"tid":14,"args":{"level":"10","steps":"3","waitUs":"3"}},
{"name":"cluster 21","cat":"cluster","ph":"X","ts":196741,"dur":11,"pid":1,"tid":14,"args":{"level":"11","steps":"3","waitUs":"0"}},
{"name":"cluster 22","cat":"cluster","ph":"X","ts":196717,"dur":8,"pid":1,"tid":22,"args":{"level":"10","steps":"3","waitUs":"2"}},
{"name":"cluster 23","cat":"cluster","ph":"X","ts":196751,"dur":15,"pid":1,"tid":13,"args":{"level":"11","steps":"7","waitUs":"3"}},
{"name":"cluster 24","cat":"cluster","ph":"X","ts":196664,"dur":18,"pid":1,"tid":13,"args":{"level":"9","steps":"3","waitUs":"13"}},
{"name":"cluster 25","cat":"cluster","ph":"X","ts":196695,"dur":7,"pid":1,"tid":11,"args":{"level":"10","steps":"3","waitUs":"0"}},
{"name":"cluster 26","cat":"cluster","ph":"X","ts":196670,"dur":24,"pid":1,"tid":11,"args":{"level":"9","steps":"2","waitUs":"7"}},
{"name":"cluster 27","cat":"cluster","ph":"X","ts":196827,"dur":7,"pid":1,"tid":2,"args":{"level":"15","steps":"10","waitUs":"0"}},
{"name":"cluster 28","cat":"cluster","ph":"X","ts":196834,"dur":11,"pid":1,"tid":2,"args":{"level":"16","steps":"4","waitUs":"0"}},
{"name":"cluster 29","cat":"cluster","ph":"X","ts":196845,"dur":20,"pid":1,"tid":2,"args":{"level":"17","steps":"6","waitUs":"0"}},
{"name":"cluster 30","cat":"cluster","ph":"X","ts":196886,"dur":19,"pid":1,"tid":9,"args":{"level":"18","steps":"5","waitUs":"21"}},
{"name":"cluster 31","cat":"cluster","ph":"X","ts":196907,"dur":19,"pid":1,"tid":22,"args":{"level":"19","steps":"5","waitUs":"2"}},
{"name":"cluster 32","cat":"cluster","ph":"X","ts":196638,"dur":10,"pid":1,"tid":8,"args":{"level":"8","steps":"8","waitUs":"0"}},
{"name":"cluster 33","cat":"cluster","ph":"X","ts":196718,"dur":29,"pid":1,"tid":17,"args":{"level":"10","steps":"4","waitUs":"3"}},
{"name":"cluster 34","cat":"cluster","ph":"X","ts":196928,"dur":11,"pid":1,"tid":1,"args":{"level":"20","steps":"3","waitUs":"1"}},
{"name":"cluster 35","cat":"cluster","ph":"X","ts":196941,"dur":16,"pid":1,"tid":14,"args":{"level":"21","steps":"3","waitUs":"1"}},
{"name":"cluster 36","cat":"cluster","ph":"X","ts":196960,"dur":23,"pid":1,"tid":15,"args":{"level":"22","steps":"3","waitUs":"3"}},
{"name":"cluster 37","cat":"cluster","ph":"X","ts":196985,"dur":19,"pid":1,"tid":17,"args":{"level":"23","steps":"2","waitUs":"2"}},
{"name":"cluster 38","cat":"cluster","ph":"X","ts":197007,"dur":15,"pid":1,"tid":0,"args":{"level":"24","steps":"2","waitUs":"3"}},
{"name":"cluster 39","cat":"cluster","ph":"X","ts":197026,"dur":10,"pid":1,"tid":17,"args":{"level":"25","steps":"3","waitUs":"1"}},
{"name":"cluster 40","cat":"cluster","ph":"X","ts":197036,"dur":8,"pid":1,"tid":17,"args":{"level":"26","steps":"2","waitUs":"0"}},
{"name":"cluster 41","cat":"cluster","ph":"X","ts":197044,"dur":9,"pid":1,"tid":17,"args":{"level":"27","steps":"1","waitUs":"0"}},
{"name":"cluster 42","cat":"cluster","ph":"X","ts":197053,"dur":8,"pid":1,"tid":17,"args":{"level":"28","steps":"2","waitUs":"0"}},
{"name":"cluster 43","cat":"cluster","ph":"X","ts":197061,"dur":9,"pid":1,"tid":17,"args":{"level":"29","steps":"1","waitUs":"0"}},
{"name":"cluster 44","cat":"cluster","ph":"X","ts":197070,"dur":8,"pid":1,"tid":17,"args":{"level":"30","steps":"2","waitUs":"0"}},
{"name":"cluster 45","cat":"cluster","ph":"X","ts":197078,"dur":8,"pid":1,"tid":17,"args":{"level":"31","steps":"1","waitUs":"0"}},
{"name":"cluster 46","cat":"cluster","ph":"X","ts":197087,"dur":7,"pid":1,"tid":17,"args":{"level":"32","steps":"2","waitUs":"0"}},
{"name":"cluster 47","cat":"cluster","ph":"X","ts":197094,"dur":9,"pid":1,"tid":17,"args":{"level":"33","steps":"1","waitUs":"0"}},
{"name":"cluster 48","cat":"cluster","ph":"X","ts":197103,"dur":10,"pid":1,"tid":17,"args":{"level":"34","steps":"1","waitUs":"0"}},
{"name":"cluster 49","cat":"cluster","ph":"X","ts":197113,"dur":10,"pid":1,"tid":17,"args":{"level":"35","steps":"4","waitUs":"0"}},
{"name":"cluster 50","cat":"cluster","ph":"X","ts":197123,"dur":12,"pid":1,"tid":17,"args":{"level":"36","steps":"4","waitUs":"0"}},
{"name":"cluster 51","cat":"cluster","ph":"X","ts":197146,"dur":8,"pid":1,"tid":0,"args":{"level":"37","steps":"3","waitUs":"11"}},
{"name":"cluster 52","cat":"cluster","ph":"X","ts":197159,"dur":19,"pid":1,"tid":19,"args":{"level":"38","steps":"3","waitUs":"5"}},
{"name":"cluster 53","cat":"cluster","ph":"X","ts":197178,"dur":14,"pid":1,"tid":19,"args":{"level":"39","steps":"7","waitUs":"0"}},
{"name":"cluster 54","cat":"cluster","ph":"X","ts":197194,"dur":13,"pid":1,"tid":21,"args":{"level":"40","steps":"2","waitUs":"2"}},
{"name":"cluster 55","cat":"cluster","ph":"X","ts":197207,"dur":12,"pid":1,"tid":21,"args":{"level":"41","steps":"5","waitUs":"0"}},
{"name":"cluster 56","cat":"cluster","ph":"X","ts":197219,"dur":552,"pid":1,"tid":21,"args":{"level":"42","steps":"3","waitUs":"0"}},
{"name":"cluster 57","cat":"cluster","ph":"X","ts":197771,"dur":401,"pid":1,"tid":21,"args":{"level":"43","steps":"2","waitUs":"0"}},
{"name":"cluster 58","cat":"cluster","ph":"X","ts":198172,"dur":22,"pid":1,"tid":21,"args":{"level":"44","steps":"3","waitUs":"0"}},
{"name":"cluster 59","cat":"cluster","ph":"X","ts":198194,"dur":10,"pid":1,"tid":21,"args":{"level":"46","steps":"28","waitUs":"0"}},
{"name":"cluster 60","cat":"cluster","ph":"X","ts":196664,"dur":15,"pid":1,"tid":0,"args":{"level":"9","steps":"7","waitUs":"1"}},
{"name":"cluster 61","cat":"cluster","ph":"X","ts":196929,"dur":9,"pid":1,"tid":3,"args":{"level":"20","steps":"2","waitUs":"2"}},
{"name":"cluster 62","cat":"cluster","ph":"X","ts":196749,"dur":21,"pid":1,"tid":2,"args":{"level":"11","steps":"12","waitUs":"0"}},
{"name":"cluster 63","cat":"cluster","ph":"X","ts":196940,"dur":4,"pid":1,"tid":1,"args":{"level":"21","steps":"3","waitUs":"0"}},
{"name":"cluster 64","cat":"cluster","ph":"X","ts":197141,"dur":5,"pid":1,"tid":17,"args":{"level":"37","steps":"8","waitUs":"6"}},
{"name":"cluster 65","cat":"cluster","ph":"X","ts":196873,"dur":17,"pid":1,"tid":2,"args":{"level":"18","steps":"7","waitUs":"7"}},
{"name":"cluster 66","cat":"cluster","ph":"X","ts":196961,"dur":9,"pid":1,"tid":11,"args":{"level":"22","steps":"2","waitUs":"4"}},
{"name":"cluster 67","cat":"cluster","ph":"X","ts":197155,"dur":9,"pid":1,"tid":0,"args":{"level":"38","steps":"5","waitUs":"1"}},
{"name":"cluster 68","cat":"cluster","ph":"X","ts":196983,"dur":11,"pid":1,"tid":15,"args":{"level":"23","steps":"8","waitUs":"0"}},
{"name":"cluster 69","cat":"cluster","ph":"X","ts":197014,"dur":11,"pid":1,"tid":17,"args":{"level":"24","steps":"6","waitUs":"10"}},
{"name":"cluster 70","cat":"cluster","ph":"X","ts":196958,"dur":12,"pid":1,"tid":14,"args":{"level":"22","steps":"7","waitUs":"0"}},
{"name":"cluster 71","cat":"cluster","ph":"X","ts":196940,"dur":11,"pid":1,"tid":22,"args":{"level":"21","steps":"12","waitUs":"0"}},
{"name":"cluster 72","cat":"cluster","ph":"X","ts":196927,"dur":13,"pid":1,"tid":22,"args":{"level":"20","steps":"29","waitUs":"0"}},
{"name":"cluster 73","cat":"cluster","ph":"X","ts":196905,"dur":16,"pid":1,"tid":9,"args":{"level":"19","steps":"28","waitUs":"0"}},
{"name":"cluster 74","cat":"cluster","ph":"X","ts":196771,"dur":21,"pid":1,"tid":2,"args":{"level":"12","steps":"31","waitUs":"0"}},
{"name":"cluster 75","cat":"cluster","ph":"X","ts":197193,"dur":8,"pid":1,"tid":19,"args":{"level":"40","steps":"6","waitUs":"1"}},
{"name":"cluster 76","cat":"cluster","ph":"X","ts":196792,"dur":16,"pid":1,"tid":2,"args":{"level":"13","steps":"37","waitUs":"0"}},
{"name":"cluster 77","cat":"cluster","ph":"X","ts":196716,"dur":22,"pid":1,"tid":9,"args":{"level":"10","steps":"12","waitUs":"1"}},
{"name":"cluster 78","cat":"cluster","ph":"X","ts":198204,"dur":24,"pid":1,"tid":21,"args":{"level":"47","steps":"1","waitUs":"0"}},
{"name":"cluster 79","cat":"cluster","ph":"X","ts":198228,"dur":2209,"pid":1,"tid":21,"args":{"level":"48","steps":"1","waitUs":"0"}},
{"name":"cluster 80","cat":"cluster","ph":"X","ts":200437,"dur":3,"pid":1,"tid":21,"args":{"level":"49","steps":"1","waitUs":"0"}},
{"name":"cluster 81","cat":"cluster","ph":"X","ts":200440,"dur":539,"pid":1,"tid":21,"args":{"level":"51","steps":"2","waitUs":"0"}},
{"name":"BakedPublish","cat":"baked","ph":"X","ts":201233,"dur":79,"pid":1,"tid":0},
{"name":"BakedEpilogue","cat":"baked","ph":"X","ts":200992,"dur":359,"pid":1,"tid":0},
{"name":"Baked","cat":"baked","ph":"X","ts":195865,"dur":5487,"pid":1,"tid":0},
{"name":"Evaluate@3","cat":"evaluate","ph":"X","ts":195863,"dur":5491,"pid":1,"tid":0},
{"name":"PropertyChain /Biped/Rig/Movers/ballRoll_l_down_rc/ballRoll_l_down_rotation.inputs:defaultWeight","cat":"property","ph":"X","ts":201591,"dur":53,"pid":1,"tid":0},
{"name":"PropertyChain /Biped/Rig/Movers/ballRoll_l_up_rc/ballRoll_l_up_rotation.inputs:defaultWeight","cat":"property","ph":"X","ts":201645,"dur":12,"pid":1,"tid":0},
{"name":"PropertyChain /Biped/Rig/Movers/ballRoll_r_down_rc/ballRoll_r_down_rotation.inputs:defaultWeight","cat":"property","ph":"X","ts":201658,"dur":26,"pid":1,"tid":0},
{"name":"PropertyChain /Biped/Rig/Movers/ballRoll_r_up_rc/ballRoll_r_up_rotation.inputs:defaultWeight","cat":"property","ph":"X","ts":201684,"dur":15,"pid":1,"tid":0},
{"name":"PropertyChain /Biped/Rig/Movers/bankIn_l_pivot_rc/bankIn_l_pivot_rotation.inputs:defaultWeight","cat":"property","ph":"X","ts":201699,"dur":9,"pid":1,"tid":0},
{"name":"PropertyChain /Biped/Rig/Movers/bankIn_r_pivot_rc/bankIn_r_pivot_rotation.inputs:defaultWeight","cat":"property","ph":"X","ts":201708,"dur":9,"pid":1,"tid":0},
{"name":"PropertyChain /Biped/Rig/Movers/bankOut_l_pivot_rc/bankOut_l_pivot_rotation.inputs:defaultWeight","cat":"property","ph":"X","ts":201718,"dur":7,"pid":1,"tid":0},
{"name":"PropertyChain /Biped/Rig/Movers/bankOut_r_pivot_rc/bankOut_r_pivot_rotation.inputs:defaultWeight","cat":"property","ph":"X","ts":201726,"dur":7,"pid":1,"tid":0},
{"name":"PropertyChain /Biped/Rig/Movers/heel_l_roll_rc/heel_l_roll_rotation.inputs:defaultWeight","cat":"property","ph":"X","ts":201734,"dur":7,"pid":1,"tid":0},
{"name":"PropertyChain /Biped/Rig/Movers/heel_r_roll_rc/heel_r_roll_rotation.inputs:defaultWeight","cat":"property","ph":"X","ts":201741,"dur":8,"pid":1,"tid":0},
{"name":"PropertyChain /Biped/Rig/Movers/toe_l_roll_rc/toe_l_roll_rotation.inputs:defaultWeight","cat":"property","ph":"X","ts":201750,"dur":12,"pid":1,"tid":0},
{"name":"PropertyChain /Biped/Rig/Movers/toe_r_roll_rc/toe_r_roll_rotation.inputs:defaultWeight","cat":"property","ph":"X","ts":201763,"dur":14,"pid":1,"tid":0},
{"name":"PropertyChains","cat":"property","ph":"X","ts":201588,"dur":190,"pid":1,"tid":0},
{"name":"BakedInputs","cat":"baked","ph":"X","ts":201779,"dur":9,"pid":1,"tid":0},
{"name":"BakedChainBase","cat":"geometry","ph":"X","ts":202084,"dur":30,"pid":1,"tid":0},
{"name":"BakedPrologue","cat":"baked","ph":"X","ts":201585,"dur":529,"pid":1,"tid":0},
{"name":"BakedRegion","cat":"baked","ph":"X","ts":202115,"dur":5012,"pid":1,"tid":0},
{"name":"ComposeSubtree /Biped/Rig/Controls/arm_l_ik","cat":"step","ph":"X","ts":202213,"dur":2,"pid":1,"tid":0},
{"name":"ComposeSubtree /Biped/Rig/Controls/arm_l_pv","cat":"step","ph":"X","ts":202215,"dur":1,"pid":1,"tid":0},
{"name":"ComposeSubtree /Biped/Rig/Controls/hips_ctl","cat":"step","ph":"X","ts":202216,"dur":2,"pid":1,"tid":0},
{"name":"ComposeSubtree /Biped/Rig/Controls/hips_ctl/spine_root_pivot/spine_root_ctl/pelvis_l_ctl/leg_l_root","cat":"step","ph":"X","ts":202263,"dur":2,"pid":1,"tid":16},
{"name":"ComposeSubtree /Biped/Rig/Controls/hips_ctl/spine_root_pivot/spine_root_ctl/pelvis_l_ctl/leg_l_root/leg_l_fk_thigh_l_bind/leg_l_fk_knee_l_bind","cat":"step","ph":"X","ts":202277,"dur":1,"pid":1,"tid":16},
{"name":"ComposeSubtree /Biped/Rig/Controls/hips_ctl/spine_root_pivot/spine_root_ctl/pelvis_r_ctl/leg_r_root/leg_r_fk_thigh_r_bind/leg_r_fk_knee_r_bind","cat":"step","ph":"X","ts":202299,"dur":2,"pid":1,"tid":17},
{"name":"ComposeSubtree /Biped/Rig/Controls/hips_ctl/torso_ctl","cat":"step","ph":"X","ts":202227,"dur":1,"pid":1,"tid":0},
{"name":"ComposeSubtree /Biped/Rig/Controls/hips_ctl/torso_ctl/spine_end_pivot/spine_end_ctl","cat":"step","ph":"X","ts":202265,"dur":1,"pid":1,"tid":16},
{"name":"ComposeSubtree /Biped/Rig/Controls/hips_ctl/torso_ctl/spine_end_pivot/spine_end_ctl/clavicle_r_ctl","cat":"step","ph":"X","ts":202278,"dur":1,"pid":1,"tid":16},
{"name":"ComposeSubtree /Biped/Rig/Controls/hips_ctl/torso_ctl/spine_end_pivot/spine_end_ctl/clavicle_r_ctl/arm_r_root/arm_r_fk_shoulder_r_bind","cat":"step","ph":"X","ts":202301,"dur":1,"pid":1,"tid":17},
{"name":"ComposeSubtree /Biped/Rig/Controls/hips_ctl/torso_ctl/spine_end_pivot/spine_end_ctl/clavicle_r_ctl/arm_r_root/arm_r_fk_shoulder_r_bind/arm_r_fk_elbow_r_bind","cat":"step","ph":"X","ts":202313,"dur":2,"pid":1,"tid":15},
{"name":"ComposeSubtree /Biped/Rig/Controls/hips_ctl/torso_ctl/spine_end_pivot/spine_end_ctl/neck_root_ctl","cat":"step","ph":"X","ts":202279,"dur":1,"pid":1,"tid":16},
{"name":"ComposeSubtree /Biped/Rig/Controls/index_001_l_bind_fk_follow/index_001_l_bind_fk/index_002_l_bind_fk/index_003_l_bind_fk","cat":"step","ph":"X","ts":202266,"dur":1,"pid":1,"tid":16},
{"name":"ComposeSubtree /Biped/Rig/Controls/index_001_r_bind_fk_follow","cat":"step","ph":"X","ts":202218,"dur":1,"pid":1,"tid":0},
{"name":"ComposeSubtree /Biped/Rig/Controls/leg_l_ik/ankle_l_pivot/bankIn_l_pivot","cat":"step","ph":"X","ts":202228,"dur":1,"pid":1,"tid":0},
{"name":"ComposeSubtree /Biped/Rig/Controls/leg_l_ik/ankle_l_pivot/bankIn_l_pivot/bankOut_l_pivot/heel_l_roll","cat":"step","ph":"X","ts":202267,"dur":1,"pid":1,"tid":16},
{"name":"ComposeSubtree /Biped/Rig/Controls/leg_l_ik/ankle_l_pivot/bankIn_l_pivot/bankOut_l_pivot/heel_l_roll/heel_l/ball_l_pivot/toe_l_roll/toe_l","cat":"step","ph":"X","ts":202302,"dur":1,"pid":1,"tid":17},
{"name":"ComposeSubtree /Biped/Rig/Controls/leg_l_ik/ankle_l_pivot/bankIn_l_pivot/bankOut_l_pivot/heel_l_roll/heel_l/ball_l_pivot/toe_l_roll/toe_l/ballRoll_l_up/ballRoll_l_down","cat":"step","ph":"X","ts":202315,"dur":1,"pid":1,"tid":15},
{"name":"ComposeSubtree /Biped/Rig/Controls/leg_l_ik/ankle_l_pivot/bankIn_l_pivot/bankOut_l_pivot/heel_l_roll/heel_l/ball_l_pivot/toe_l_roll/toe_l/ballRoll_l_up/ballRoll_l_down/ballRoll_l/ankle_l_ikTarget","cat":"step","ph":"X","ts":202331,"dur":1,"pid":1,"tid":10},
{"name":"ComposeSubtree /Biped/Rig/Controls/leg_l_ik/ankle_l_pivot/bankIn_l_pivot/bankOut_l_pivot/heel_l_roll/heel_l/ball_l_pivot/toe_l_roll/toe_l/ballRoll_l_up/ballRoll_l_down_twin","cat":"step","ph":"X","ts":202316,"dur":1,"pid":1,"tid":15},
{"name":"ComposeSubtree /Biped/Rig/Controls/leg_l_ik/ankle_l_pivot/bankIn_l_pivot/bankOut_l_pivot/heel_l_roll/heel_l/ball_l_pivot/toe_l_roll/toe_l/toeBend_l/toeBend_l_fk","cat":"step","ph":"X","ts":202332,"dur":1,"pid":1,"tid":10},
{"name":"ComposeSubtree /Biped/Rig/Controls/leg_l_ik/ankle_l_pivot/bankIn_l_pivot/bankOut_l_pivot/heel_l_roll/heel_l/ball_l_pivot/toe_l_roll_twin","cat":"step","ph":"X","ts":202303,"dur":1,"pid":1,"tid":17},
{"name":"ComposeSubtree /Biped/Rig/Controls/leg_l_ik/ankle_l_pivot/bankIn_l_pivot/bankOut_l_pivot_twin","cat":"step","ph":"X","ts":202268,"dur":1,"pid":1,"tid":16},
{"name":"ComposeSubtree /Biped/Rig/Controls/leg_l_pv","cat":"step","ph":"X","ts":202219,"dur":1,"pid":1,"tid":0},
{"name":"ComposeSubtree /Biped/Rig/Controls/leg_r_ik/ankle_r_pivot/bankIn_r_pivot/bankOut_r_pivot/heel_r_roll/heel_r/ball_r_pivot/toe_r_roll/toe_r/ballRoll_r_up","cat":"step","ph":"X","ts":202317,"dur":1,"pid":1,"tid":15},
{"name":"ComposeSubtree /Biped/Rig/Controls/leg_r_ik/ankle_r_pivot/bankIn_r_pivot/bankOut_r_pivot/heel_r_roll/heel_r/ball_r_pivot/toe_r_roll/toe_r/ballRoll_r_up/ballRoll_r_down/ballRoll_r","cat":"step","ph":"X","ts":202333,"dur":1,"pid":1,"tid":10},
{"name":"ComposeSubtree /Biped/Rig/Controls/leg_r_ik/ankle_r_pivot/bankIn_r_pivot/bankOut_r_pivot/heel_r_roll/heel_r/ball_r_pivot/toe_r_roll/toe_r/ballRoll_r_up/ballRoll_r_down/ballRoll_r/ball_r_ikTarget","cat":"step","ph":"X","ts":202345,"dur":2,"pid":1,"tid":23},
{"name":"ComposeSubtree /Biped/Rig/Controls/leg_r_ik/ankle_r_pivot/bankIn_r_pivot/bankOut_r_pivot/heel_r_roll/heel_r/ball_r_pivot/toe_r_roll/toe_r/ballRoll_r_up_twin","cat":"step","ph":"X","ts":202318,"dur":1,"pid":1,"tid":15},
{"name":"ComposeSubtree /Biped/Rig/Controls/leg_r_ik/ankle_r_pivot/bankIn_r_pivot/bankOut_r_pivot/heel_r_roll/heel_r/ball_r_pivot/toe_r_roll/toe_r/toeBend_r/toeBend_r_fk","cat":"step","ph":"X","ts":202334,"dur":1,"pid":1,"tid":10},
{"name":"ComposeSubtree /Biped/Rig/Controls/leg_r_ik/ankle_r_pivot/bankIn_r_pivot/bankOut_r_pivot_twin","cat":"step","ph":"X","ts":202269,"dur":1,"pid":1,"tid":16},
{"name":"ComposeSubtree /Biped/Rig/Controls/leg_r_ik/ankle_r_pivot/bank_r","cat":"step","ph":"X","ts":202270,"dur":1,"pid":1,"tid":16},
{"name":"ComposeSubtree /Biped/Rig/Controls/leg_r_pv","cat":"step","ph":"X","ts":202220,"dur":1,"pid":1,"tid":0},
{"name":"ComposeSubtree /Biped/Rig/Controls/middle_001_l_bind_fk_follow/middle_001_l_bind_fk","cat":"step","ph":"X","ts":202229,"dur":1,"pid":1,"tid":0},
{"name":"ComposeSubtree /Biped/Rig/Controls/middle_001_l_bind_fk_follow/middle_001_l_bind_fk/middle_002_l_bind_fk/middle_003_l_bind_fk","cat":"step","ph":"X","ts":202271,"dur":1,"pid":1,"tid":16},
{"name":"ComposeSubtree /Biped/Rig/Controls/pinkyCup_l_bind_fk_follow","cat":"step","ph":"X","ts":202221,"dur":1,"pid":1,"tid":0},
{"name":"ComposeSubtree /Biped/Rig/Controls/pinkyCup_l_bind_fk_follow/pinkyCup_l_bind_fk/pinky_001_l_bind_fk/pinky_002_l_bind_fk/pinky_003_l_bind_fk","cat":"step","ph":"X","ts":202272,"dur":1,"pid":1,"tid":16},
{"name":"ComposeSubtree /Biped/Rig/Controls/pinkyCup_r_bind_fk_follow/pinkyCup_r_bind_fk/pinky_001_r_bind_fk","cat":"step","ph":"X","ts":202230,"dur":1,"pid":1,"tid":0},
{"name":"ComposeSubtree /Biped/Rig/Controls/ring_001_l_bind_fk_follow","cat":"step","ph":"X","ts":202222,"dur":1,"pid":1,"tid":0},
{"name":"ComposeSubtree /Biped/Rig/Controls/ring_001_l_bind_fk_follow/ring_001_l_bind_fk/ring_002_l_bind_fk/ring_003_l_bind_fk","cat":"step","ph":"X","ts":202273,"dur":1,"pid":1,"tid":16},
{"name":"ComposeSubtree /Biped/Rig/Controls/thumbCup_l_bind_fk_follow","cat":"step","ph":"X","ts":202223,"dur":1,"pid":1,"tid":0},
{"name":"ComposeSubtree /Biped/Rig/Controls/thumbCup_l_bind_fk_follow/thumbCup_l_bind_fk/thumb_001_l_bind_fk/thumb_002_l_bind_fk","cat":"step","ph":"X","ts":202274,"dur":1,"pid":1,"tid":16},
{"name":"ComposeSubtree /Biped/Rig/Joints/ankle_l_pivot","cat":"step","ph":"X","ts":202224,"dur":1,"pid":1,"tid":0},
{"name":"ComposeSubtree /Biped/Rig/Joints/ankle_l_pivot/bankIn_l_pivot/bankOut_l_pivot","cat":"step","ph":"X","ts":202231,"dur":1,"pid":1,"tid":0},
{"name":"ComposeSubtree /Biped/Rig/Joints/ankle_l_pivot/bankIn_l_pivot/bankOut_l_pivot/heel_l_pivot/ball_l_pivot","cat":"step","ph":"X","ts":202275,"dur":1,"pid":1,"tid":16},
{"name":"ComposeSubtree /Biped/Rig/Joints/ankle_l_pivot/bankIn_l_pivot/bankOut_l_pivot/heel_l_pivot/ball_l_pivot/toe_l_pivot/ballRoll_l_pivot","cat":"step","ph":"X","ts":202280,"dur":1,"pid":1,"tid":16},
{"name":"ComposeSubtree /Biped/Rig/Joints/hips_bind","cat":"step","ph":"X","ts":202225,"dur":1,"pid":1,"tid":0},
{"name":"ComposeSubtree /Biped/Rig/Joints/hips_bind/pelvis_l_bind/pelvis_trans_combo_l_driver","cat":"step","ph":"X","ts":202232,"dur":1,"pid":1,"tid":0},
{"name":"ComposeSubtree /Biped/Rig/Joints/hips_bind/pelvis_l_bind/pelvis_trans_l_bind/thigh_l_driver","cat":"step","ph":"X","ts":202276,"dur":1,"pid":1,"tid":16},
{"name":"ComposeSubtree /Biped/Rig/Joints/hips_bind/pelvis_l_bind/thigh_l_bind/knee_l_bind/ankleTwist_l_driver","cat":"step","ph":"X","ts":202246,"dur":1,"pid":1,"tid":0},
{"name":"ComposeSubtree /Biped/Rig/Joints/hips_bind/pelvis_l_bind/thigh_l_bind/knee_l_bind/ankle_l_bind/ball_l_bind","cat":"step","ph":"X","ts":202281,"dur":1,"pid":1,"tid":16},
{"name":"ComposeSubtree /Biped/Rig/Joints/hips_bind/pelvis_l_bind/thigh_l_bind/knee_l_bind/ankle_l_bind/ball_l_bind/toe1_001_l_bind/toe1_002_l_bind","cat":"step","ph":"X","ts":202305,"dur":1,"pid":1,"tid":17},
{"name":"ComposeSubtree /Biped/Rig/Joints/hips_bind/pelvis_l_bind/thigh_l_bind/knee_l_bind/ankle_l_bind/ball_l_bind/toe1_001_l_bind/toe1_002_l_bind/toe1_003_l_bind","cat":"step","ph":"X","ts":202319,"dur":1,"pid":1,"tid":15},
{"name":"ComposeSubtree /Biped/Rig/Joints/hips_bind/pelvis_l_bind/thigh_l_bind/knee_l_bind/ankle_l_bind/ball_l_bind/toe2_001_l_bind","cat":"step","ph":"X","ts":202306,"dur":1,"pid":1,"tid":17},
{"name":"ComposeSubtree /Biped/Rig/Joints/hips_bind/pelvis_l_bind/thigh_l_bind/knee_l_bind/ankle_l_bind/ball_l_bind/toe2_001_l_bind/toe2_002_l_bind/toe2_003_l_bind","cat":"step","ph":"X","ts":202320,"dur":1,"pid":1,"tid":15},
{"name":"ComposeSubtree /Biped/Rig/Joints/hips_bind/pelvis_l_bind/thigh_l_bind/knee_l_bind/ankle_l_bind/ball_l_bind/toe4_001_l_bind","cat":"step","ph":"X","ts":202307,"dur":1,"pid":1,"tid":17},
{"name":"ComposeSubtree /Biped/Rig/Joints/hips_bind/pelvis_l_bind/thigh_l_bind/knee_l_bind/ankle_l_bind/ball_l_bind/toe4_001_l_bind/toe4_002_l_bind/toe4_003_l_bind","cat":"step","ph":"X","ts":202321,"dur":1,"pid":1,"tid":15},
{"name":"ComposeSubtree /Biped/Rig/Joints/hips_bind/pelvis_r_bind","cat":"step","ph":"X","ts":202233,"dur":1,"pid":1,"tid":0},
{"name":"ComposeSubtree /Biped/Rig/Joints/hips_bind/pelvis_r_bind/pelvis_trans_r_bind","cat":"step","ph":"X","ts":202247,"dur":1,"pid":1,"tid":0},
{"name":"ComposeSubtree /Biped/Rig/Joints/hips_bind/pelvis_r_bind/pelvis_trans_r_bind/thigh_r_driver","cat":"step","ph":"X","ts":202282,"dur":1,"pid":1,"tid":16},
{"name":"ComposeSubtree /Biped/Rig/Joints/hips_bind/pelvis_r_bind/thigh_r_bind","cat":"step","ph":"X","ts":202248,"dur":1,"pid":1,"tid":0},
{"name":"ComposeSubtree /Biped/Rig/Joints/hips_bind/pelvis_r_bind/thigh_r_bind/knee_r_bind/ankleTwist_r_driver","cat":"step","ph":"X","ts":202283,"dur":1,"pid":1,"tid":16},
{"name":"ComposeSubtree /Biped/Rig/Joints/hips_bind/pelvis_r_bind/thigh_r_bind/knee_r_bind/ankle_r_bind/ball_r_bind","cat":"step","ph":"X","ts":202308,"dur":1,"pid":1,"tid":17},
{"name":"ComposeSubtree /Biped/Rig/Joints/hips_bind/pelvis_r_bind/thigh_r_bind/knee_r_bind/ankle_r_bind/ball_r_bind/toe1_001_r_bind/toe1_002_r_bind","cat":"step","ph":"X","ts":202322,"dur":1,"pid":1,"tid":15},
{"name":"ComposeSubtree /Biped/Rig/Joints/hips_bind/pelvis_r_bind/thigh_r_bind/knee_r_bind/ankle_r_bind/ball_r_bind/toe1_001_r_bind/toe1_002_r_bind/toe1_003_r_bind","cat":"step","ph":"X","ts":202335,"dur":1,"pid":1,"tid":10},
{"name":"ComposeSubtree /Biped/Rig/Joints/hips_bind/pelvis_r_bind/thigh_r_bind/knee_r_bind/ankle_r_bind/ball_r_bind/toe2_001_r_bind","cat":"step","ph":"X","ts":202323,"dur":1,"pid":1,"tid":15},
{"name":"ComposeSubtree /Biped/Rig/Joints/hips_bind/pelvis_r_bind/thigh_r_bind/knee_r_bind/ankle_r_bind/ball_r_bind/toe3_001_r_bind/toe3_002_r_bind/toe3_003_r_bind","cat":"step","ph":"X","ts":202336,"dur":1,"pid":1,"tid":10},
{"name":"ComposeSubtree /Biped/Rig/Joints/hips_bind/pelvis_r_bind/thigh_r_bind/knee_r_bind/ankle_r_bind/ball_r_bind/toe4_001_r_bind","cat":"step","ph":"X","ts":202324,"dur":1,"pid":1,"tid":15},
{"name":"ComposeSubtree /Biped/Rig/Joints/hips_bind/pelvis_r_bind/thigh_r_bind/knee_r_bind/ankle_r_bind/ball_r_bind/toe4_001_r_bind/toe4_002_r_bind/toe4_003_r_bind","cat":"step","ph":"X","ts":202337,"dur":1,"pid":1,"tid":10},
{"name":"ComposeSubtree /Biped/Rig/Joints/hips_bind/pelvis_r_bind/thigh_r_bind/knee_r_bind/ankle_r_bind/ball_r_bind/toe5_001_r_bind","cat":"step","ph":"X","ts":202325,"dur":1,"pid":1,"tid":15},
{"name":"ComposeSubtree /Biped/Rig/Joints/hips_bind/spine_0_bind","cat":"step","ph":"X","ts":202234,"dur":1,"pid":1,"tid":0},
{"name":"ComposeSubtree /Biped/Rig/Joints/hips_bind/spine_0_bind/spine_1_bind/spine_2_bind/spine_3_bind/spine_4_bind","cat":"step","ph":"X","ts":202284,"dur":1,"pid":1,"tid":16},
{"name":"ComposeSubtree /Biped/Rig/Joints/hips_bind/spine_0_bind/spine_1_bind/spine_2_bind/spine_3_bind/spine_4_bind/spine_5_bind/chest_bind","cat":"step","ph":"X","ts":202309,"dur":1,"pid":1,"tid":17},
{"name":"ComposeSubtree /Biped/Rig/Joints/hips_bind/spine_0_bind/spine_1_bind/spine_2_bind/spine_3_bind/spine_4_bind/spine_5_bind/chest_bind/clavicle_l_bind/clavicle_trans_combo_l_driver","cat":"step","ph":"X","ts":202326,"dur":1,"pid":1,"tid":15},
{"name":"ComposeSubtree /Biped/Rig/Joints/hips_bind/spine_0_bind/spine_1_bind/spine_2_bind/spine_3_bind/spine_4_bind/spine_5_bind/chest_bind/clavicle_l_bind/clavicle_trans_l_bind/shoulder_l_driver","cat":"step","ph":"X","ts":202338,"dur":1,"pid":1,"tid":10},
{"name":"ComposeSubtree /Biped/Rig/Joints/hips_bind/spine_0_bind/spine_1_bind/spine_2_bind/spine_3_bind/spine_4_bind/spine_5_bind/chest_bind/clavicle_l_bind/shoulderNoTwist_l_bind","cat":"step","ph":"X","ts":202327,"dur":1,"pid":1,"tid":15},
{"name":"ComposeSubtree /Biped/Rig/Joints/hips_bind/spine_0_bind/spine_1_bind/spine_2_bind/spine_3_bind/spine_4_bind/spine_5_bind/chest_bind/clavicle_l_bind/shoulder_l_bind/elbow_l_bind/elbowTwist_l_bind","cat":"step","ph":"X","ts":202339,"dur":1,"pid":1,"tid":10},
{"name":"ComposeSubtree /Biped/Rig/Joints/hips_bind/spine_0_bind/spine_1_bind/spine_2_bind/spine_3_bind/spine_4_bind/spine_5_bind/chest_bind/clavicle_l_bind/shoulder_l_bind/elbow_l_bind/wristTwist_l_driver","cat":"step","ph":"X","ts":202340,"dur":1,"pid":1,"tid":10},
{"name":"ComposeSubtree /Biped/Rig/Joints/hips_bind/spine_0_bind/spine_1_bind/spine_2_bind/spine_3_bind/spine_4_bind/spine_5_bind/chest_bind/clavicle_l_bind/shoulder_l_bind/elbow_l_bind/wrist_l_bind/index_001_l_bind","cat":"step","ph":"X","ts":202347,"dur":1,"pid":1,"tid":23},
{"name":"ComposeSubtree /Biped/Rig/Joints/hips_bind/spine_0_bind/spine_1_bind/spine_2_bind/spine_3_bind/spine_4_bind/spine_5_bind/chest_bind/clavicle_l_bind/shoulder_l_bind/elbow_l_bind/wrist_l_bind/index_001_l_bind/index_002_l_bind","cat":"step","ph":"X","ts":202365,"dur":2,"pid":1,"tid":12},
{"name":"ComposeSubtree /Biped/Rig/Joints/hips_bind/spine_0_bind/spine_1_bind/spine_2_bind/spine_3_bind/spine_4_bind/spine_5_bind/chest_bind/clavicle_l_bind/shoulder_l_bind/elbow_l_bind/wrist_l_bind/index_001_l_bind/index_002_l_bind/index_003_l_bind/index_004_l_bind","cat":"step","ph":"X","ts":202393,"dur":1,"pid":1,"tid":10},
{"name":"ComposeSubtree /Biped/Rig/Joints/hips_bind/spine_0_bind/spine_1_bind/spine_2_bind/spine_3_bind/spine_4_bind/spine_5_bind/chest_bind/clavicle_l_bind/shoulder_l_bind/elbow_l_bind/wrist_l_bind/middle_001_l_bind","cat":"step","ph":"X","ts":202348,"dur":1,"pid":1,"tid":23},
{"name":"ComposeSubtree /Biped/Rig/Joints/hips_bind/spine_0_bind/spine_1_bind/spine_2_bind/spine_3_bind/spine_4_bind/spine_5_bind/chest_bind/clavicle_l_bind/shoulder_l_bind/elbow_l_bind/wrist_l_bind/middle_001_l_bind/middle_002_l_bind","cat":"step","ph":"X","ts":202367,"dur":1,"pid":1,"tid":12},
{"name":"ComposeSubtree /Biped/Rig/Joints/hips_bind/spine_0_bind/spine_1_bind/spine_2_bind/spine_3_bind/spine_4_bind/spine_5_bind/chest_bind/clavicle_l_bind/shoulder_l_bind/elbow_l_bind/wrist_l_bind/middle_001_l_bind/middle_002_l_bind/middle_003_l_bind/middle_004_l_bind","cat":"step","ph":"X","ts":202394,"dur":1,"pid":1,"tid":10},
{"name":"ComposeSubtree /Biped/Rig/Joints/hips_bind/spine_0_bind/spine_1_bind/spine_2_bind/spine_3_bind/spine_4_bind/spine_5_bind/chest_bind/clavicle_l_bind/shoulder_l_bind/elbow_l_bind/wrist_l_bind/pinkyCup_l_bind/pinky_001_l_bind/pinky_002_l_bind/pinky_003_l_bind/pinky_004_l_bind","cat":"step","ph":"X","ts":202421,"dur":1,"pid":1,"tid":18},
{"name":"ComposeSubtree /Biped/Rig/Joints/hips_bind/spine_0_bind/spine_1_bind/spine_2_bind/spine_3_bind/spine_4_bind/spine_5_bind/chest_bind/clavicle_l_bind/shoulder_l_bind/elbow_l_bind/wrist_l_bind/ring_001_l_bind","cat":"step","ph":"X","ts":202349,"dur":1,"pid":1,"tid":23},
{"name":"ComposeSubtree /Biped/Rig/Joints/hips_bind/spine_0_bind/spine_1_bind/spine_2_bind/spine_3_bind/spine_4_bind/spine_5_bind/chest_bind/clavicle_l_bind/shoulder_l_bind/elbow_l_bind/wrist_l_bind/ring_001_l_bind/ring_002_l_bind","cat":"step","ph":"X","ts":202368,"dur":1,"pid":1,"tid":12},
{"name":"ComposeSubtree /Biped/Rig/Joints/hips_bind/spine_0_bind/spine_1_bind/spine_2_bind/spine_3_bind/spine_4_bind/spine_5_bind/chest_bind/clavicle_l_bind/shoulder_l_bind/elbow_l_bind/wrist_l_bind/ring_001_l_bind/ring_002_l_bind/ring_003_l_bind/ring_004_l_bind","cat":"step","ph":"X","ts":202395,"dur":1,"pid":1,"tid":10},
{"name":"ComposeSubtree /Biped/Rig/Joints/hips_bind/spine_0_bind/spine_1_bind/spine_2_bind/spine_3_bind/spine_4_bind/spine_5_bind/chest_bind/clavicle_l_bind/shoulder_l_bind/elbow_l_bind/wrist_l_bind/thumbCup_l_bind","cat":"step","ph":"X","ts":202350,"dur":1,"pid":1,"tid":23},
{"name":"ComposeSubtree /Biped/Rig/Joints/hips_bind/spine_0_bind/spine_1_bind/spine_2_bind/spine_3_bind/spine_4_bind/spine_5_bind/chest_bind/clavicle_r_bind","cat":"step","ph":"X","ts":202311,"dur":1,"pid":1,"tid":17},
{"name":"ComposeSubtree /Biped/Rig/Joints/hips_bind/spine_0_bind/spine_1_bind/spine_2_bind/spine_3_bind/spine_4_bind/spine_5_bind/chest_bind/clavicle_r_bind/clavicle_trans_r_bind/shoulder_r_driver","cat":"step","ph":"X","ts":202351,"dur":1,"pid":1,"tid":23},
{"name":"ComposeSubtree /Biped/Rig/Joints/hips_bind/spine_0_bind/spine_1_bind/spine_2_bind/spine_3_bind/spine_4_bind/spine_5_bind/chest_bind/clavicle_r_bind/shoulderNoTwist_r_bind","cat":"step","ph":"X","ts":202341,"dur":1,"pid":1,"tid":10},
{"name":"ComposeSubtree /Biped/Rig/Joints/hips_bind/spine_0_bind/spine_1_bind/spine_2_bind/spine_3_bind/spine_4_bind/spine_5_bind/chest_bind/clavicle_r_bind/shoulder_r_bind/elbow_r_bind/wristTwist_r_bind","cat":"step","ph":"X","ts":202352,"dur":1,"pid":1,"tid":23},
{"name":"ComposeSubtree /Biped/Rig/Joints/hips_bind/spine_0_bind/spine_1_bind/spine_2_bind/spine_3_bind/spine_4_bind/spine_5_bind/chest_bind/clavicle_r_bind/shoulder_r_bind/elbow_r_bind/wrist_r_bind/index_001_r_bind","cat":"step","ph":"X","ts":202369,"dur":1,"pid":1,"tid":12},
{"name":"ComposeSubtree /Biped/Rig/Joints/hips_bind/spine_0_bind/spine_1_bind/spine_2_bind/spine_3_bind/spine_4_bind/spine_5_bind/chest_bind/clavicle_r_bind/shoulder_r_bind/elbow_r_bind/wrist_r_bind/index_001_r_bind/index_002_r_bind","cat":"step","ph":"X","ts":202396,"dur":1,"pid":1,"tid":10},
{"name":"ComposeSubtree /Biped/Rig/Joints/hips_bind/spine_0_bind/spine_1_bind/spine_2_bind/spine_3_bind/spine_4_bind/spine_5_bind/chest_bind/clavicle_r_bind/shoulder_r_bind/elbow_r_bind/wrist_r_bind/middle_001_r_bind","cat":"step","ph":"X","ts":202370,"dur":1,"pid":1,"tid":12},
{"name":"ComposeSubtree /Biped/Rig/Joints/hips_bind/spine_0_bind/spine_1_bind/spine_2_bind/spine_3_bind/spine_4_bind/spine_5_bind/chest_bind/clavicle_r_bind/shoulder_r_bind/elbow_r_bind/wrist_r_bind/middle_001_r_bind/middle_002_r_bind","cat":"step","ph":"X","ts":202397,"dur":1,"pid":1,"tid":10},
{"name":"ComposeSubtree /Biped/Rig/Joints/hips_bind/spine_0_bind/spine_1_bind/spine_2_bind/spine_3_bind/spine_4_bind/spine_5_bind/chest_bind/clavicle_r_bind/shoulder_r_bind/elbow_r_bind/wrist_r_bind/pinkyCup_r_bind","cat":"step","ph":"X","ts":202371,"dur":1,"pid":1,"tid":12},
{"name":"ComposeSubtree /Biped/Rig/Joints/hips_bind/spine_0_bind/spine_1_bind/spine_2_bind/spine_3_bind/spine_4_bind/spine_5_bind/chest_bind/clavicle_r_bind/shoulder_r_bind/elbow_r_bind/wrist_r_bind/pinkyCup_r_bind/pinky_001_r_bind/pinky_002_r_bind/pinky_003_r_bind","cat":"step","ph":"X","ts":202423,"dur":1,"pid":1,"tid":18},
{"name":"ComposeSubtree /Biped/Rig/Joints/hips_bind/spine_0_bind/spine_1_bind/spine_2_bind/spine_3_bind/spine_4_bind/spine_5_bind/chest_bind/clavicle_r_bind/shoulder_r_bind/elbow_r_bind/wrist_r_bind/pinkyCup_r_bind/pinky_001_r_bind/pinky_002_r_bind/pinky_003_r_bind/pinky_004_r_bind","cat":"step","ph":"X","ts":202435,"dur":1,"pid":1,"tid":10},
{"name":"ComposeSubtree /Biped/Rig/Joints/hips_bind/spine_0_bind/spine_1_bind/spine_2_bind/spine_3_bind/spine_4_bind/spine_5_bind/chest_bind/clavicle_r_bind/shoulder_r_bind/elbow_r_bind/wrist_r_bind/ring_001_r_bind/ring_002_r_bind","cat":"step","ph":"X","ts":202398,"dur":1,"pid":1,"tid":10},
{"name":"ComposeSubtree /Biped/Rig/Joints/hips_bind/spine_0_bind/spine_1_bind/spine_2_bind/spine_3_bind/spine_4_bind/spine_5_bind/chest_bind/clavicle_r_bind/shoulder_r_bind/elbow_r_bind/wrist_r_bind/thumbCup_r_bind","cat":"step","ph":"X","ts":202372,"dur":1,"pid":1,"tid":12},
{"name":"ComposeSubtree /Biped/Rig/Joints/hips_bind/spine_0_bind/spine_1_bind/spine_2_bind/spine_3_bind/spine_4_bind/spine_5_bind/chest_bind/clavicle_r_bind/shoulder_r_bind/elbow_r_bind/wrist_r_bind/thumbCup_r_bind/thumb_001_r_bind/thumb_002_r_bind","cat":"step","ph":"X","ts":202399,"dur":1,"pid":1,"tid":10},
{"name":"ComposeSubtree /Biped/Rig/Joints/hips_bind/spine_0_bind/spine_1_bind/spine_2_bind/spine_3_bind/spine_4_bind/spine_5_bind/chest_bind/clavicle_r_bind/shoulder_r_bind/elbow_r_bind/wrist_r_bind/thumbCup_r_bind/thumb_001_r_bind/thumb_002_r_bind/thumb_003_r_bind","cat":"step","ph":"X","ts":202424,"dur":1,"pid":1,"tid":18},
{"name":"ComposeSubtree /Biped/Rig/Joints/hips_bind/spine_0_bind/spine_1_bind/spine_2_bind/spine_3_bind/spine_4_bind/spine_5_bind/chest_bind/neck_base_bind","cat":"step","ph":"X","ts":202312,"dur":1,"pid":1,"tid":17},
{"name":"ComposeSubtree /Biped/Rig/Joints/hips_bind/spine_0_bind/spine_1_bind/spine_2_bind/spine_3_bind/spine_4_bind/spine_5_bind/chest_bind/neck_base_bind/neck_0_bind/neck_1_bind","cat":"step","ph":"X","ts":202329,"dur":1,"pid":1,"tid":17},
{"name":"ComposeSubtree /Biped/Rig/Joints/hips_bind/spine_0_bind/spine_1_bind/spine_2_bind/spine_3_bind/spine_4_bind/spine_5_bind/chest_bind/neck_base_bind/neck_0_bind/neck_1_bind/neck_2_bind/neck_3_bind","cat":"step","ph":"X","ts":202353,"dur":1,"pid":1,"tid":23},
{"name":"ComposeSubtree /Biped/Rig/Joints/hips_bind/spine_0_bind/spine_1_bind/spine_2_bind/spine_3_bind/spine_4_bind/spine_5_bind/chest_bind/neck_base_bind/neck_0_bind/neck_1_bind/neck_2_bind/neck_3_bind/skull_bind/face_lower_bind","cat":"step","ph":"X","ts":202373,"dur":1,"pid":1,"tid":12},
{"name":"ComposeSubtree /Biped/Rig/Joints/hips_bind/spine_0_bind/spine_1_bind/spine_2_bind/spine_3_bind/spine_4_bind/spine_5_bind/chest_bind/neck_base_bind/neck_0_bind/neck_1_bind/neck_2_bind/neck_3_bind/skull_bind/face_lower_bind/face_mid_bind/nose_bridge_bind","cat":"step","ph":"X","ts":202400,"dur":1,"pid":1,"tid":10},
{"name":"ComposeSubtree /Biped/Rig/Joints/hips_bind/spine_0_bind/spine_1_bind/spine_2_bind/spine_3_bind/spine_4_bind/spine_5_bind/chest_bind/neck_base_bind/neck_0_bind/neck_1_bind/neck_2_bind/neck_3_bind/skull_bind/face_lower_bind/jaw_bind/tongue_0_bind","cat":"step","ph":"X","ts":202425,"dur":1,"pid":1,"tid":18},
{"name":"ComposeSubtree /Biped/Rig/Joints/hips_bind/spine_0_bind/spine_1_bind/spine_2_bind/spine_3_bind/spine_4_bind/spine_5_bind/chest_bind/neck_base_bind/neck_0_bind/neck_1_bind/neck_2_bind/neck_3_bind/skull_bind/face_lower_bind/jaw_bind/tongue_0_bind/tongue_1_bind/tongue_2_bind/tongue_3_bind","cat":"step","ph":"X","ts":202450,"dur":1,"pid":1,"tid":10},
{"name":"ComposeSubtree /Biped/Rig/Joints/hips_bind/spine_0_bind/spine_1_bind/spine_2_bind/spine_3_bind/spine_4_bind/spine_5_bind/chest_bind/neck_base_bind/neck_0_bind/neck_1_bind/neck_2_bind/neck_3_bind/skull_bind/face_upper_bind","cat":"step","ph":"X","ts":202374,"dur":1,"pid":1,"tid":12},
{"name":"ComposeSubtree /Biped/Rig/Joints/hips_bind/spine_0_bind/spine_1_bind/spine_2_bind/spine_3_bind/spine_4_bind/spine_5_bind/chest_bind/neck_base_bind/neck_0_bind/neck_1_bind/neck_2_bind/neck_3_bind/skull_bind/face_upper_bind/eyeSocket_l_bind","cat":"step","ph":"X","ts":202401,"dur":1,"pid":1,"tid":10},
{"name":"ComposeSubtree /Biped/Rig/Joints/hips_bind/spine_0_bind/spine_1_bind/spine_2_bind/spine_3_bind/spine_4_bind/spine_5_bind/chest_bind/neck_base_bind/neck_0_bind/neck_1_bind/neck_2_bind/neck_3_bind/skull_bind/face_upper_bind/eyeSocket_r_bind","cat":"step","ph":"X","ts":202402,"dur":1,"pid":1,"tid":10},
{"name":"ComposeSubtree /Biped/Rig/Joints/hips_bind/spine_0_bind/spine_1_bind/spine_2_bind/spine_3_bind/spine_4_bind/spine_5_bind/chest_bind/neck_base_bind/neck_0_bind/neck_1_bind/neck_2_bind/neck_3_bind/skull_bind/face_upper_bind/head_tip_bind/brow_inner_r_bind","cat":"step","ph":"X","ts":202426,"dur":1,"pid":1,"tid":18},
{"name":"ComposeSubtree /Biped/Rig/Joints/neck_ik_neck_0_bind/neck_ik_neck_1_bind","cat":"step","ph":"X","ts":202436,"dur":1,"pid":1,"tid":10},
{"name":"ComposeSubtree /Biped/Rig/Joints/neck_ik_neck_0_bind/neck_ik_neck_1_bind/neck_ik_neck_2_bind/neck_ik_neck_3_bind","cat":"step","ph":"X","ts":202451,"dur":1,"pid":1,"tid":10},
{"name":"Solve /Biped/Rig/Solvers/arm_l_fkChain","cat":"step","ph":"X","ts":202313,"dur":2,"pid":1,"tid":17},
{"name":"Solve /Biped/Rig/Solvers/arm_l_twoBoneIk","cat":"step","ph":"X","ts":202310,"dur":1,"pid":1,"tid":17},
{"name":"SolverCommit batch 1","cat":"step","ph":"X","ts":202315,"dur":1,"pid":1,"tid":17},
{"name":"Solve /Biped/Rig/Solvers/arm_r_fkChain","cat":"step","ph":"X","ts":202330,"dur":1,"pid":1,"tid":17},
{"name":"SolverCommit batch 2","cat":"step","ph":"X","ts":202354,"dur":1,"pid":1,"tid":23},
{"name":"Solve /Biped/Rig/Solvers/arm_r_twoBoneIk","cat":"step","ph":"X","ts":202298,"dur":1,"pid":1,"tid":16},
{"name":"Solve /Biped/Rig/Solvers/leg_l_fkChain","cat":"step","ph":"X","ts":202300,"dur":3,"pid":1,"tid":16},
{"name":"Solve /Biped/Rig/Solvers/leg_r_fkChain","cat":"step","ph":"X","ts":202316,"dur":1,"pid":1,"tid":17},
{"name":"Solve /Biped/Rig/Solvers/neck_splineIk","cat":"step","ph":"X","ts":202317,"dur":12,"pid":1,"tid":17},
{"name":"SolverCommit batch 6","cat":"step","ph":"X","ts":202470,"dur":2,"pid":1,"tid":24},
{"name":"Constraint /Biped/Rig/Movers/spine_mid_follow/spine_mid_follow_pos","cat":"step","ph":"X","ts":202285,"dur":11,"pid":1,"tid":16},
{"name":"Solve /Biped/Rig/Solvers/arm_l_ikfk","cat":"step","ph":"X","ts":202331,"dur":1,"pid":1,"tid":17},
{"name":"SolverCommit batch 8","cat":"step","ph":"X","ts":202355,"dur":3,"pid":1,"tid":23},
{"name":"Solve /Biped/Rig/Solvers/arm_r_ikfk","cat":"step","ph":"X","ts":202358,"dur":1,"pid":1,"tid":23},
{"name":"SolverCommit batch 9","cat":"step","ph":"X","ts":202375,"dur":3,"pid":1,"tid":12},
{"name":"Constraint /Biped/Rig/Movers/spine_mid_follow/spine_mid_follow_aim","cat":"step","ph":"X","ts":202303,"dur":5,"pid":1,"tid":16},
{"name":"Solve /Biped/Rig/Solvers/spine_splineIk","cat":"step","ph":"X","ts":202309,"dur":16,"pid":1,"tid":16},
{"name":"SolverCommit batch 11","cat":"step","ph":"X","ts":202332,"dur":1,"pid":1,"tid":17},
{"name":"Constraint /Biped/Rig/Movers/hand_r_follow/thumbCup_r_bind_fk_follow_to_wrist_r_bind","cat":"step","ph":"X","ts":202403,"dur":10,"pid":1,"tid":10},
{"name":"Solve /Biped/Rig/Solvers/fk_thumb_r","cat":"step","ph":"X","ts":202427,"dur":4,"pid":1,"tid":18},
{"name":"SolverCommit batch 13","cat":"step","ph":"X","ts":202437,"dur":1,"pid":1,"tid":10},
{"name":"Constraint /Biped/Rig/Movers/hand_r_follow/ring_001_r_bind_fk_follow_to_wrist_r_bind","cat":"step","ph":"X","ts":202413,"dur":6,"pid":1,"tid":10},
{"name":"Solve /Biped/Rig/Solvers/fk_ring_r","cat":"step","ph":"X","ts":202431,"dur":1,"pid":1,"tid":18},
{"name":"SolverCommit batch 15","cat":"step","ph":"X","ts":202438,"dur":2,"pid":1,"tid":10},
{"name":"Constraint /Biped/Rig/Movers/hand_r_follow/pinkyCup_r_bind_fk_follow_to_wrist_r_bind","cat":"step","ph":"X","ts":202394,"dur":7,"pid":1,"tid":23},
{"name":"Solve /Biped/Rig/Solvers/fk_pinky_r","cat":"step","ph":"X","ts":202411,"dur":3,"pid":1,"tid":23},
{"name":"SolverCommit batch 17","cat":"step","ph":"X","ts":202452,"dur":1,"pid":1,"tid":10},
{"name":"Constraint /Biped/Rig/Movers/hand_r_follow/middle_001_r_bind_fk_follow_to_wrist_r_bind","cat":"step","ph":"X","ts":202401,"dur":5,"pid":1,"tid":23},
{"name":"Solve /Biped/Rig/Solvers/fk_middle_r","cat":"step","ph":"X","ts":202414,"dur":2,"pid":1,"tid":23},
{"name":"SolverCommit batch 19","cat":"step","ph":"X","ts":202440,"dur":1,"pid":1,"tid":10},
{"name":"Constraint /Biped/Rig/Movers/hand_r_follow/index_001_r_bind_fk_follow_to_wrist_r_bind","cat":"step","ph":"X","ts":202406,"dur":5,"pid":1,"tid":23},
{"name":"Solve /Biped/Rig/Solvers/fk_index_r","cat":"step","ph":"X","ts":202416,"dur":2,"pid":1,"tid":23},
{"name":"SolverCommit batch 21","cat":"step","ph":"X","ts":202441,"dur":1,"pid":1,"tid":10},
{"name":"Constraint /Biped/Rig/Movers/hand_l_follow/thumbCup_l_bind_fk_follow_to_wrist_l_bind","cat":"step","ph":"X","ts":202378,"dur":8,"pid":1,"tid":12},
{"name":"Solve /Biped/Rig/Solvers/fk_thumb_l","cat":"step","ph":"X","ts":202400,"dur":2,"pid":1,"tid":9},
{"name":"SolverCommit batch 23","cat":"step","ph":"X","ts":202419,"dur":2,"pid":1,"tid":10},
{"name":"Constraint /Biped/Rig/Movers/hand_l_follow/ring_001_l_bind_fk_follow_to_wrist_l_bind","cat":"step","ph":"X","ts":202386,"dur":5,"pid":1,"tid":12},
{"name":"Solve /Biped/Rig/Solvers/fk_ring_l","cat":"step","ph":"X","ts":202402,"dur":2,"pid":1,"tid":9},
{"name":"SolverCommit batch 25","cat":"step","ph":"X","ts":202421,"dur":1,"pid":1,"tid":10},
{"name":"Constraint /Biped/Rig/Movers/hand_l_follow/pinkyCup_l_bind_fk_follow_to_wrist_l_bind","cat":"step","ph":"X","ts":202371,"dur":14,"pid":1,"tid":24},
{"name":"Solve /Biped/Rig/Solvers/fk_pinky_l","cat":"step","ph":"X","ts":202404,"dur":2,"pid":1,"tid":9},
{"name":"SolverCommit batch 27","cat":"step","ph":"X","ts":202442,"dur":1,"pid":1,"tid":10},
{"name":"Constraint /Biped/Rig/Movers/hand_l_follow/middle_001_l_bind_fk_follow_to_wrist_l_bind","cat":"step","ph":"X","ts":202385,"dur":7,"pid":1,"tid":24},
{"name":"Solve /Biped/Rig/Solvers/fk_middle_l","cat":"step","ph":"X","ts":202400,"dur":4,"pid":1,"tid":20},
{"name":"SolverCommit batch 29","cat":"step","ph":"X","ts":202423,"dur":1,"pid":1,"tid":10},
{"name":"Constraint /Biped/Rig/Movers/hand_l_follow/index_001_l_bind_fk_follow_to_wrist_l_bind","cat":"step","ph":"X","ts":202392,"dur":6,"pid":1,"tid":24},
{"name":"Solve /Biped/Rig/Solvers/fk_index_l","cat":"step","ph":"X","ts":202404,"dur":1,"pid":1,"tid":20},
{"name":"SolverCommit batch 31","cat":"step","ph":"X","ts":202424,"dur":1,"pid":1,"tid":10},
{"name":"Constraint /Biped/Rig/Movers/bankIn_r_pivot_rc/bankIn_r_pivot_rotation","cat":"step","ph":"X","ts":202371,"dur":6,"pid":1,"tid":13},
{"name":"Constraint /Biped/Rig/Movers/bankOut_r_pivot_rc/bankOut_r_pivot_rotation","cat":"step","ph":"X","ts":202406,"dur":4,"pid":1,"tid":20},
{"name":"Constraint /Biped/Rig/Movers/heel_r_roll_rc/heel_r_roll_rotation","cat":"step","ph":"X","ts":202425,"dur":2,"pid":1,"tid":10},
{"name":"Constraint /Biped/Rig/Movers/toe_r_roll_rc/toe_r_roll_rotation","cat":"step","ph":"X","ts":202443,"dur":2,"pid":1,"tid":10},
{"name":"Constraint /Biped/Rig/Movers/ballRoll_r_up_rc/ballRoll_r_up_rotation","cat":"step","ph":"X","ts":202453,"dur":1,"pid":1,"tid":10},
{"name":"Constraint /Biped/Rig/Movers/ballRoll_r_down_rc/ballRoll_r_down_rotation","cat":"step","ph":"X","ts":202472,"dur":4,"pid":1,"tid":24},
{"name":"Solve /Biped/Rig/Solvers/leg_r_twoBoneIk","cat":"step","ph":"X","ts":202489,"dur":1,"pid":1,"tid":24},
{"name":"SolverCommit batch 39","cat":"step","ph":"X","ts":202507,"dur":7,"pid":1,"tid":24},
{"name":"Constraint /Biped/Rig/Movers/ankle_r_bind_scAim/ankle_r_bind_aim","cat":"step","ph":"X","ts":202537,"dur":9,"pid":1,"tid":0},
{"name":"Constraint /Biped/Rig/Movers/ball_r_bind_scAim/ball_r_bind_aim","cat":"step","ph":"X","ts":202561,"dur":7,"pid":1,"tid":14},
{"name":"Constraint /Biped/Rig/Movers/bankIn_l_pivot_rc/bankIn_l_pivot_rotation","cat":"step","ph":"X","ts":202344,"dur":6,"pid":1,"tid":10},
{"name":"Constraint /Biped/Rig/Movers/bankOut_l_pivot_rc/bankOut_l_pivot_rotation","cat":"step","ph":"X","ts":202377,"dur":1,"pid":1,"tid":13},
{"name":"Constraint /Biped/Rig/Movers/heel_l_roll_rc/heel_l_roll_rotation","cat":"step","ph":"X","ts":202392,"dur":5,"pid":1,"tid":12},
{"name":"Constraint /Biped/Rig/Movers/toe_l_roll_rc/toe_l_roll_rotation","cat":"step","ph":"X","ts":202427,"dur":2,"pid":1,"tid":10},
{"name":"Constraint /Biped/Rig/Movers/ballRoll_l_up_rc/ballRoll_l_up_rotation","cat":"step","ph":"X","ts":202445,"dur":1,"pid":1,"tid":10},
{"name":"Solve /Biped/Rig/Solvers/leg_l_twoBoneIk","cat":"step","ph":"X","ts":202476,"dur":1,"pid":1,"tid":24},
{"name":"Solve /Biped/Rig/Solvers/leg_l_ikfk","cat":"step","ph":"X","ts":202490,"dur":2,"pid":1,"tid":24},
{"name":"SolverCommit batch 49","cat":"step","ph":"X","ts":202497,"dur":7,"pid":1,"tid":24},
{"name":"Constraint /Biped/Rig/Movers/ankle_l_bind_scAim/ankle_l_bind_aim","cat":"step","ph":"X","ts":202514,"dur":8,"pid":1,"tid":24},
{"name":"Constraint /Biped/Rig/Movers/ball_l_bind_scAim/ball_l_bind_aim","cat":"step","ph":"X","ts":202546,"dur":5,"pid":1,"tid":0},
{"name":"Constraint /Biped/Rig/Movers/hips_follow/spine_root_ctl_drives_hips_bind","cat":"step","ph":"X","ts":202249,"dur":8,"pid":1,"tid":0},
{"name":"PropagateChunk /Biped/Rig/Movers/hips_follow/spine_root_ctl_drives_hips_bind","cat":"step","ph":"X","ts":202477,"dur":7,"pid":1,"tid":24},
{"name":"PropagateChunk /Biped/Rig/Movers/hips_follow/spine_root_ctl_drives_hips_bind","cat":"step","ph":"X","ts":202446,"dur":1,"pid":1,"tid":10},
{"name":"CommitApply /Biped/Rig/Movers/hips_follow/spine_root_ctl_drives_hips_bind","cat":"step","ph":"X","ts":202492,"dur":2,"pid":1,"tid":24},
{"name":"Constraint /Biped/Rig/Movers/hips_follow/spine_root_ctl_scales_hips_bind","cat":"step","ph":"X","ts":202504,"dur":3,"pid":1,"tid":24},
{"name":"CommitDelta /Biped/Rig/Movers/hips_follow/spine_root_ctl_scales_hips_bind","cat":"step","ph":"X","ts":202522,"dur":1,"pid":1,"tid":24},
{"name":"PropagateChunk /Biped/Rig/Movers/hips_follow/spine_root_ctl_scales_hips_bind","cat":"step","ph":"X","ts":202551,"dur":4,"pid":1,"tid":0},
{"name":"CommitApply /Biped/Rig/Movers/hips_follow/spine_root_ctl_scales_hips_bind","cat":"step","ph":"X","ts":202568,"dur":2,"pid":1,"tid":14},
{"name":"Constraint /Biped/Rig/Movers/spine_to_bind/spine_ik_spine_0_bind_scale_to_spine_0_bind","cat":"step","ph":"X","ts":202580,"dur":8,"pid":1,"tid":25},
{"name":"Constraint /Biped/Rig/Movers/spine_to_bind/spine_ik_spine_0_bind_to_spine_0_bind","cat":"step","ph":"X","ts":202595,"dur":7,"pid":1,"tid":14},
{"name":"Constraint /Biped/Rig/Movers/spine_to_bind/spine_ik_spine_1_bind_scale_to_spine_1_bind","cat":"step","ph":"X","ts":202606,"dur":10,"pid":1,"tid":17},
{"name":"Constraint /Biped/Rig/Movers/spine_to_bind/spine_ik_spine_1_bind_to_spine_1_bind","cat":"step","ph":"X","ts":202626,"dur":10,"pid":1,"tid":17},
{"name":"Constraint /Biped/Rig/Movers/spine_to_bind/spine_ik_spine_2_bind_scale_to_spine_2_bind","cat":"step","ph":"X","ts":202643,"dur":10,"pid":1,"tid":26},
{"name":"Constraint /Biped/Rig/Movers/spine_to_bind/spine_ik_spine_2_bind_to_spine_2_bind","cat":"step","ph":"X","ts":202658,"dur":8,"pid":1,"tid":26},
{"name":"Constraint /Biped/Rig/Movers/spine_to_bind/spine_ik_spine_3_bind_scale_to_spine_3_bind","cat":"step","ph":"X","ts":202667,"dur":5,"pid":1,"tid":26},
{"name":"Constraint /Biped/Rig/Movers/spine_to_bind/spine_ik_spine_3_bind_to_spine_3_bind","cat":"step","ph":"X","ts":202673,"dur":6,"pid":1,"tid":26},
{"name":"Constraint /Biped/Rig/Movers/spine_to_bind/spine_ik_spine_4_bind_scale_to_spine_4_bind","cat":"step","ph":"X","ts":202679,"dur":4,"pid":1,"tid":26},
{"name":"Constraint /Biped/Rig/Movers/spine_to_bind/spine_ik_spine_4_bind_to_spine_4_bind","cat":"step","ph":"X","ts":202684,"dur":5,"pid":1,"tid":26},
{"name":"Constraint /Biped/Rig/Movers/spine_to_bind/spine_ik_spine_5_bind_scale_to_spine_5_bind","cat":"step","ph":"X","ts":202689,"dur":5,"pid":1,"tid":26},
{"name":"Constraint /Biped/Rig/Movers/spine_to_bind/spine_ik_spine_5_bind_to_spine_5_bind","cat":"step","ph":"X","ts":202694,"dur":5,"pid":1,"tid":26},
{"name":"Constraint /Biped/Rig/Movers/spine_to_bind/spine_ik_chest_bind_scale_to_chest_bind","cat":"step","ph":"X","ts":202699,"dur":4,"pid":1,"tid":26},
{"name":"Constraint /Biped/Rig/Movers/spine_to_bind/spine_ik_chest_bind_to_chest_bind","cat":"step","ph":"X","ts":202704,"dur":5,"pid":1,"tid":26},
{"name":"Constraint /Biped/Rig/Movers/girdles/spine_end_ctl_drives_chest_bind","cat":"step","ph":"X","ts":202709,"dur":6,"pid":1,"tid":26},
{"name":"Constraint /Biped/Rig/Movers/girdles/pelvis_r_ctl_drives_pelvis_r_bind","cat":"step","ph":"X","ts":202588,"dur":4,"pid":1,"tid":25},
{"name":"Constraint /Biped/Rig/Movers/girdles/pelvis_l_ctl_drives_pelvis_l_bind","cat":"step","ph":"X","ts":202592,"dur":1,"pid":1,"tid":25},
{"name":"Constraint /Biped/Rig/Movers/girdles/clavicle_r_ctl_drives_clavicle_r_bind","cat":"step","ph":"X","ts":202715,"dur":1,"pid":1,"tid":26},
{"name":"Constraint /Biped/Rig/Movers/girdles/clavicle_l_ctl_drives_clavicle_l_bind","cat":"step","ph":"X","ts":202716,"dur":1,"pid":1,"tid":26},
{"name":"Constraint /Biped/Rig/Movers/girdles/spine_end_ctl_unsquashes_neck_base_bind","cat":"step","ph":"X","ts":202717,"dur":4,"pid":1,"tid":26},
{"name":"Constraint /Biped/Rig/Movers/girdles/clavicle_r_ctl_unsquashes_clavicle_r_bind","cat":"step","ph":"X","ts":202721,"dur":2,"pid":1,"tid":26},
{"name":"Constraint /Biped/Rig/Movers/girdles/clavicle_l_ctl_unsquashes_clavicle_l_bind","cat":"step","ph":"X","ts":202723,"dur":2,"pid":1,"tid":26},
{"name":"Constraint /Biped/Rig/Movers/neck_to_bind/neck_ik_neck_0_bind_scale_to_neck_0_bind","cat":"step","ph":"X","ts":202725,"dur":3,"pid":1,"tid":26},
{"name":"Constraint /Biped/Rig/Movers/neck_to_bind/neck_ik_neck_0_bind_to_neck_0_bind","cat":"step","ph":"X","ts":202737,"dur":5,"pid":1,"tid":26},
{"name":"Constraint /Biped/Rig/Movers/neck_to_bind/neck_ik_neck_1_bind_scale_to_neck_1_bind","cat":"step","ph":"X","ts":202746,"dur":6,"pid":1,"tid":19},
{"name":"Constraint /Biped/Rig/Movers/neck_to_bind/neck_ik_neck_1_bind_to_neck_1_bind","cat":"step","ph":"X","ts":202760,"dur":10,"pid":1,"tid":19},
{"name":"Constraint /Biped/Rig/Movers/neck_to_bind/neck_ik_neck_2_bind_scale_to_neck_2_bind","cat":"step","ph":"X","ts":202780,"dur":8,"pid":1,"tid":13},
{"name":"Constraint /Biped/Rig/Movers/neck_to_bind/neck_ik_neck_2_bind_to_neck_2_bind","cat":"step","ph":"X","ts":202793,"dur":7,"pid":1,"tid":13},
{"name":"Constraint /Biped/Rig/Movers/neck_to_bind/neck_ik_neck_3_bind_scale_to_neck_3_bind","cat":"step","ph":"X","ts":202805,"dur":5,"pid":1,"tid":13},
{"name":"Constraint /Biped/Rig/Movers/neck_to_bind/neck_ik_neck_3_bind_to_neck_3_bind","cat":"step","ph":"X","ts":203776,"dur":9,"pid":1,"tid":13},
{"name":"Constraint /Biped/Rig/Movers/neck_to_bind/neck_ik_skull_bind_scale_to_skull_bind","cat":"step","ph":"X","ts":204293,"dur":10,"pid":1,"tid":13},
{"name":"Constraint /Biped/Rig/Movers/neck_to_bind/neck_ik_skull_bind_to_skull_bind","cat":"step","ph":"X","ts":204324,"dur":7,"pid":1,"tid":13},
{"name":"Constraint /Biped/Rig/Movers/twist_aims/wristTwist_r_bind_copy","cat":"step","ph":"X","ts":202397,"dur":6,"pid":1,"tid":12},
{"name":"Constraint /Biped/Rig/Movers/twist_aims/wristTwist_r_bind_aim","cat":"step","ph":"X","ts":202429,"dur":6,"pid":1,"tid":10},
{"name":"Constraint /Biped/Rig/Movers/twist_aims/wristTwist_l_bind_copy","cat":"step","ph":"X","ts":202369,"dur":7,"pid":1,"tid":23},
{"name":"Constraint /Biped/Rig/Movers/twist_aims/wristTwist_l_bind_aim","cat":"step","ph":"X","ts":202403,"dur":5,"pid":1,"tid":12},
{"name":"Constraint /Biped/Rig/Movers/twist_aims/ankleTwist_r_bind_copy","cat":"step","ph":"X","ts":202570,"dur":3,"pid":1,"tid":14},
{"name":"Constraint /Biped/Rig/Movers/twist_aims/ankleTwist_r_bind_aim","cat":"step","ph":"X","ts":202580,"dur":2,"pid":1,"tid":14},
{"name":"Constraint /Biped/Rig/Movers/twist_aims/ankleTwist_l_bind_copy","cat":"step","ph":"X","ts":202555,"dur":4,"pid":1,"tid":0},
{"name":"Constraint /Biped/Rig/Movers/twist_aims/ankleTwist_l_bind_aim","cat":"step","ph":"X","ts":202573,"dur":3,"pid":1,"tid":14},
{"name":"Constraint /Biped/Rig/Movers/twist_aims/ankleTwist_r_bind_follows_ankle_r_bind","cat":"step","ph":"X","ts":202602,"dur":1,"pid":1,"tid":14},
{"name":"Constraint /Biped/Rig/Movers/twist_aims/ankleTwist_l_bind_follows_ankle_l_bind","cat":"step","ph":"X","ts":202582,"dur":2,"pid":1,"tid":14},
{"name":"Constraint /Biped/Rig/Movers/twist_aims/wristTwist_r_bind_follows_wrist_r_bind","cat":"step","ph":"X","ts":202447,"dur":3,"pid":1,"tid":10},
{"name":"Constraint /Biped/Rig/Movers/twist_aims/wristTwist_l_bind_follows_wrist_l_bind","cat":"step","ph":"X","ts":202420,"dur":3,"pid":1,"tid":24},
{"name":"Constraint /Biped/Rig/Movers/twist_aims/thighNoTwist_r_bind_follows_thigh_r_bind","cat":"step","ph":"X","ts":202603,"dur":1,"pid":1,"tid":14},
{"name":"Constraint /Biped/Rig/Movers/twist_aims/thighNoTwist_l_bind_follows_thigh_l_bind","cat":"step","ph":"X","ts":202594,"dur":1,"pid":1,"tid":25},
{"name":"Constraint /Biped/Rig/Movers/twist_aims/shoulderNoTwist_r_bind_follows_shoulder_r_bind","cat":"step","ph":"X","ts":202742,"dur":1,"pid":1,"tid":26},
{"name":"Constraint /Biped/Rig/Movers/twist_aims/shoulderNoTwist_l_bind_follows_shoulder_l_bind","cat":"step","ph":"X","ts":202743,"dur":1,"pid":1,"tid":26},
{"name":"Constraint /Biped/Rig/Movers/twist_aims/pelvis_trans_r_bind_follows_thigh_r_bind","cat":"step","ph":"X","ts":202595,"dur":2,"pid":1,"tid":25},
{"name":"Constraint /Biped/Rig/Movers/twist_aims/pelvis_trans_l_bind_follows_thigh_l_bind","cat":"step","ph":"X","ts":202597,"dur":1,"pid":1,"tid":25},
{"name":"Constraint /Biped/Rig/Movers/twist_aims/clavicle_trans_r_bind_follows_shoulder_r_bind","cat":"step","ph":"X","ts":202733,"dur":1,"pid":1,"tid":26},
{"name":"Constraint /Biped/Rig/Movers/twist_aims/clavicle_trans_l_bind_follows_shoulder_l_bind","cat":"step","ph":"X","ts":202734,"dur":1,"pid":1,"tid":26},
{"name":"Constraint /Biped/Rig/Movers/twist_aims/pelvis_trans_r_bind_aim","cat":"step","ph":"X","ts":202616,"dur":5,"pid":1,"tid":17},
{"name":"Constraint /Biped/Rig/Movers/twist_aims/pelvis_trans_l_bind_aim","cat":"step","ph":"X","ts":202621,"dur":4,"pid":1,"tid":17},
{"name":"Constraint /Biped/Rig/Movers/twist_aims/kneeTwist_r_bind_aim","cat":"step","ph":"X","ts":202537,"dur":5,"pid":1,"tid":24},
{"name":"Constraint /Biped/Rig/Movers/twist_aims/kneeTwist_l_bind_aim","cat":"step","ph":"X","ts":202523,"dur":4,"pid":1,"tid":24},
{"name":"Constraint /Biped/Rig/Movers/twist_aims/thighNoTwist_r_bind_aim","cat":"step","ph":"X","ts":202605,"dur":3,"pid":1,"tid":14},
{"name":"Constraint /Biped/Rig/Movers/twist_aims/thighNoTwist_l_bind_aim","cat":"step","ph":"X","ts":202608,"dur":2,"pid":1,"tid":14},
{"name":"Constraint /Biped/Rig/Movers/twist_aims/clavicle_trans_r_bind_aim","cat":"step","ph":"X","ts":202752,"dur":5,"pid":1,"tid":19},
{"name":"Constraint /Biped/Rig/Movers/twist_aims/clavicle_trans_l_bind_aim","cat":"step","ph":"X","ts":202757,"dur":3,"pid":1,"tid":19},
{"name":"Constraint /Biped/Rig/Movers/twist_aims/elbowTwist_r_bind_aim","cat":"step","ph":"X","ts":202408,"dur":5,"pid":1,"tid":12},
{"name":"Constraint /Biped/Rig/Movers/twist_aims/elbowTwist_l_bind_aim","cat":"step","ph":"X","ts":202376,"dur":5,"pid":1,"tid":23},
{"name":"Constraint /Biped/Rig/Movers/twist_aims/shoulderNoTwist_r_bind_aim","cat":"step","ph":"X","ts":202744,"dur":3,"pid":1,"tid":26},
{"name":"Constraint /Biped/Rig/Movers/twist_aims/shoulderNoTwist_l_bind_aim","cat":"step","ph":"X","ts":202747,"dur":3,"pid":1,"tid":26},
{"name":"Constraint /Biped/Rig/Movers/pose_drivers/thigh_r_driver_copies_thigh_r_bind","cat":"step","ph":"X","ts":202636,"dur":4,"pid":1,"tid":17},
{"name":"Constraint /Biped/Rig/Movers/pose_drivers/thigh_l_driver_copies_thigh_l_bind","cat":"step","ph":"X","ts":202632,"dur":3,"pid":1,"tid":0},
{"name":"Constraint /Biped/Rig/Movers/pose_drivers/thigh_r_twist_driver_copies_thighNoTwist_r_bind","cat":"step","ph":"X","ts":202653,"dur":5,"pid":1,"tid":26},
{"name":"Constraint /Biped/Rig/Movers/pose_drivers/thigh_l_twist_driver_copies_thighNoTwist_l_bind","cat":"step","ph":"X","ts":202641,"dur":4,"pid":1,"tid":17},
{"name":"Constraint /Biped/Rig/Movers/pose_drivers/ankleTwist_r_driver_copies_ankleTwist_r_bind","cat":"step","ph":"X","ts":202623,"dur":3,"pid":1,"tid":0},
{"name":"Constraint /Biped/Rig/Movers/pose_drivers/ankleTwist_l_driver_copies_ankleTwist_l_bind","cat":"step","ph":"X","ts":202612,"dur":4,"pid":1,"tid":0},
{"name":"Constraint /Biped/Rig/Movers/pose_drivers/toe_r_driver_copies_ball_r_bind","cat":"step","ph":"X","ts":202599,"dur":4,"pid":1,"tid":0},
{"name":"Constraint /Biped/Rig/Movers/pose_drivers/toe_l_driver_copies_ball_l_bind","cat":"step","ph":"X","ts":202576,"dur":3,"pid":1,"tid":14},
{"name":"Constraint /Biped/Rig/Movers/pose_drivers/knee_r_driver_copies_knee_r_bind","cat":"step","ph":"X","ts":202560,"dur":29,"pid":1,"tid":0},
{"name":"Constraint /Biped/Rig/Movers/pose_drivers/knee_l_driver_copies_knee_l_bind","cat":"step","ph":"X","ts":202542,"dur":5,"pid":1,"tid":24},
{"name":"Constraint /Biped/Rig/Movers/pose_drivers/ankleSwing_r_driver_copies_ankle_r_bind","cat":"step","ph":"X","ts":202626,"dur":3,"pid":1,"tid":0},
{"name":"Constraint /Biped/Rig/Movers/pose_drivers/ankleSwing_l_driver_copies_ankle_l_bind","cat":"step","ph":"X","ts":202616,"dur":3,"pid":1,"tid":0},
{"name":"Constraint /Biped/Rig/Movers/pose_drivers/shoulder_r_driver_copies_shoulder_r_bind","cat":"step","ph":"X","ts":202770,"dur":4,"pid":1,"tid":19},
{"name":"Constraint /Biped/Rig/Movers/pose_drivers/shoulder_l_driver_copies_shoulder_l_bind","cat":"step","ph":"X","ts":202774,"dur":3,"pid":1,"tid":19},
{"name":"Constraint /Biped/Rig/Movers/pose_drivers/wristTwist_r_driver_copies_wristTwist_r_bind","cat":"step","ph":"X","ts":202455,"dur":7,"pid":1,"tid":10},
{"name":"Constraint /Biped/Rig/Movers/pose_drivers/wristTwist_l_driver_copies_wristTwist_l_bind","cat":"step","ph":"X","ts":202437,"dur":5,"pid":1,"tid":24},
{"name":"Constraint /Biped/Rig/Movers/pose_drivers/shoulder_r_twist_driver_copies_shoulderNoTwist_r_bind","cat":"step","ph":"X","ts":202788,"dur":5,"pid":1,"tid":13},
{"name":"Constraint /Biped/Rig/Movers/pose_drivers/shoulder_l_twist_driver_copies_shoulderNoTwist_l_bind","cat":"step","ph":"X","ts":202778,"dur":4,"pid":1,"tid":19},
{"name":"Constraint /Biped/Rig/Movers/pose_drivers/wristSwing_r_driver_copies_wrist_r_bind","cat":"step","ph":"X","ts":202454,"dur":5,"pid":1,"tid":24},
{"name":"Constraint /Biped/Rig/Movers/pose_drivers/wristSwing_l_driver_copies_wrist_l_bind","cat":"step","ph":"X","ts":202442,"dur":4,"pid":1,"tid":24},
{"name":"Constraint /Biped/Rig/Movers/pose_drivers/elbow_r_driver_copies_elbow_r_bind","cat":"step","ph":"X","ts":202423,"dur":5,"pid":1,"tid":24},
{"name":"Constraint /Biped/Rig/Movers/pose_drivers/elbow_l_driver_copies_elbow_l_bind","cat":"step","ph":"X","ts":202399,"dur":5,"pid":1,"tid":24},
{"name":"Constraint /Biped/Rig/Movers/param_follow/leg_r_params_to_ankle_r_bind","cat":"step","ph":"X","ts":202589,"dur":3,"pid":1,"tid":0},
{"name":"Constraint /Biped/Rig/Movers/param_follow/leg_l_params_to_ankle_l_bind","cat":"step","ph":"X","ts":202547,"dur":4,"pid":1,"tid":24},
{"name":"Constraint /Biped/Rig/Movers/param_follow/arm_r_params_to_wrist_r_bind","cat":"step","ph":"X","ts":202404,"dur":5,"pid":1,"tid":24},
{"name":"Constraint /Biped/Rig/Movers/param_follow/arm_l_params_to_wrist_l_bind","cat":"step","ph":"X","ts":202382,"dur":5,"pid":1,"tid":23},
{"name":"ProviderMatrix /Biped/Rig/Controls/leg_l_ik/ankle_l_pivot final","cat":"step","ph":"X","ts":202235,"dur":1,"pid":1,"tid":0},
{"name":"ProviderMatrix /Biped/Rig/Controls/leg_l_ik/ankle_l_pivot/bankIn_l_pivot/bankOut_l_pivot final","cat":"step","ph":"X","ts":202409,"dur":1,"pid":1,"tid":24},
{"name":"ProviderMatrix /Biped/Rig/Controls/leg_l_ik/ankle_l_pivot/bankIn_l_pivot/bankOut_l_pivot/heel_l_roll/heel_l/ball_l_pivot/toe_l_roll/toe_l/ballRoll_l_up/ballRoll_l_down final","cat":"step","ph":"X","ts":202484,"dur":1,"pid":1,"tid":24},
{"name":"ProviderMatrix /Biped/Rig/Controls/leg_r_ik/ankle_r_pivot final","cat":"step","ph":"X","ts":202257,"dur":1,"pid":1,"tid":0},
{"name":"ProviderMatrix /Biped/Rig/Joints/ankle_l_pivot/bankIn_l_pivot/bankOut_l_pivot/heel_l_pivot/ball_l_pivot/toe_l_pivot final","cat":"step","ph":"X","ts":202296,"dur":1,"pid":1,"tid":16},
{"name":"ProviderMatrix /Biped/Rig/Joints/ankle_r_pivot final","cat":"step","ph":"X","ts":202236,"dur":1,"pid":1,"tid":0},
{"name":"ProviderMatrix /Biped/Rig/Joints/ankle_r_pivot/bankIn_r_pivot/bankOut_r_pivot/heel_r_pivot/ball_r_pivot/toe_r_pivot/toeBend_r_pivot final","cat":"step","ph":"X","ts":202308,"dur":1,"pid":1,"tid":16},
{"name":"ProviderMatrix /Biped/Rig/Joints/hips_bind/pelvis_l_bind/pelvis_trans_combo_l_driver final","cat":"step","ph":"X","ts":202619,"dur":1,"pid":1,"tid":0},
{"name":"ProviderMatrix /Biped/Rig/Joints/hips_bind/pelvis_l_bind/thighNoTwist_l_bind final","cat":"step","ph":"X","ts":202635,"dur":1,"pid":1,"tid":0},
{"name":"ProviderMatrix /Biped/Rig/Joints/hips_bind/pelvis_l_bind/thigh_l_bind final","cat":"step","ph":"X","ts":202527,"dur":1,"pid":1,"tid":24},
{"name":"ProviderMatrix /Biped/Rig/Joints/hips_bind/pelvis_l_bind/thigh_l_bind/knee_l_bind/ankleTwist_l_bind/ankleSwing_l_driver final","cat":"step","ph":"X","ts":202629,"dur":1,"pid":1,"tid":0},
{"name":"ProviderMatrix /Biped/Rig/Joints/hips_bind/pelvis_l_bind/thigh_l_bind/knee_l_bind/ankle_l_bind/ball_l_bind/toe1_001_l_bind/toe1_002_l_bind/toe1_003_l_bind/toe1_004_l_bind final","cat":"step","ph":"X","ts":202593,"dur":1,"pid":1,"tid":0},
{"name":"ProviderMatrix /Biped/Rig/Joints/hips_bind/pelvis_l_bind/thigh_l_bind/knee_l_bind/ankle_l_bind/ball_l_bind/toe3_001_l_bind final","cat":"step","ph":"X","ts":202594,"dur":1,"pid":1,"tid":0},
{"name":"ProviderMatrix /Biped/Rig/Joints/hips_bind/pelvis_l_bind/thigh_l_bind/knee_l_bind/ankle_l_bind/ball_l_bind/toe4_001_l_bind/toe4_002_l_bind/toe4_003_l_bind/toe4_004_l_bind final","cat":"step","ph":"X","ts":202595,"dur":1,"pid":1,"tid":0},
{"name":"ProviderMatrix /Biped/Rig/Joints/hips_bind/pelvis_l_bind/thigh_l_bind/knee_l_bind/ankle_l_bind/toe_l_driver final","cat":"step","ph":"X","ts":202603,"dur":1,"pid":1,"tid":0},
{"name":"ProviderMatrix /Biped/Rig/Joints/hips_bind/pelvis_r_bind/thigh_r_bind/knee_r_bind final","cat":"step","ph":"X","ts":202552,"dur":1,"pid":1,"tid":24},
{"name":"ProviderMatrix /Biped/Rig/Joints/hips_bind/pelvis_r_bind/thigh_r_bind/knee_r_bind/ankle_r_bind/ball_r_bind/toe2_001_r_bind final","cat":"step","ph":"X","ts":202604,"dur":1,"pid":1,"tid":0},
{"name":"ProviderMatrix /Biped/Rig/Joints/hips_bind/pelvis_r_bind/thigh_r_bind/knee_r_bind/ankle_r_bind/ball_r_bind/toe3_001_r_bind/toe3_002_r_bind final","cat":"step","ph":"X","ts":202605,"dur":1,"pid":1,"tid":0},
{"name":"ProviderMatrix /Biped/Rig/Joints/hips_bind/pelvis_r_bind/thigh_r_bind/knee_r_bind/ankle_r_bind/ball_r_bind/toe4_001_r_bind/toe4_002_r_bind/toe4_003_r_bind final","cat":"step","ph":"X","ts":202606,"dur":1,"pid":1,"tid":0},
{"name":"ProviderMatrix /Biped/Rig/Joints/hips_bind/spine_0_bind/spine_1_bind final","cat":"step","ph":"X","ts":202646,"dur":1,"pid":1,"tid":17},
{"name":"ProviderMatrix /Biped/Rig/Joints/hips_bind/spine_0_bind/spine_1_bind/spine_2_bind final","cat":"step","ph":"X","ts":202672,"dur":1,"pid":1,"tid":26},
{"name":"ProviderMatrix /Biped/Rig/Joints/hips_bind/spine_0_bind/spine_1_bind/spine_2_bind/spine_3_bind final","cat":"step","ph":"X","ts":202683,"dur":1,"pid":1,"tid":26},
{"name":"ProviderMatrix /Biped/Rig/Joints/hips_bind/spine_0_bind/spine_1_bind/spine_2_bind/spine_3_bind/spine_4_bind/spine_5_bind final","cat":"step","ph":"X","ts":202703,"dur":1,"pid":1,"tid":26},
{"name":"ProviderMatrix /Biped/Rig/Joints/hips_bind/spine_0_bind/spine_1_bind/spine_2_bind/spine_3_bind/spine_4_bind/spine_5_bind/chest_bind/clavicle_l_bind/clavicle_trans_l_bind/shoulder_l_driver/shoulder_l_twist_driver final","cat":"step","ph":"X","ts":202800,"dur":1,"pid":1,"tid":13},
{"name":"ProviderMatrix /Biped/Rig/Joints/hips_bind/spine_0_bind/spine_1_bind/spine_2_bind/spine_3_bind/spine_4_bind/spine_5_bind/chest_bind/clavicle_l_bind/shoulder_l_bind/elbow_l_bind/elbowTwist_l_bind/elbow_l_driver final","cat":"step","ph":"X","ts":202428,"dur":1,"pid":1,"tid":24},
{"name":"ProviderMatrix /Biped/Rig/Joints/hips_bind/spine_0_bind/spine_1_bind/spine_2_bind/spine_3_bind/spine_4_bind/spine_5_bind/chest_bind/clavicle_l_bind/shoulder_l_bind/elbow_l_bind/wristTwist_l_bind/wristSwing_l_driver final","cat":"step","ph":"X","ts":202459,"dur":1,"pid":1,"tid":24},
{"name":"ProviderMatrix /Biped/Rig/Joints/hips_bind/spine_0_bind/spine_1_bind/spine_2_bind/spine_3_bind/spine_4_bind/spine_5_bind/chest_bind/clavicle_l_bind/shoulder_l_bind/elbow_l_bind/wrist_l_bind final","cat":"step","ph":"X","ts":202388,"dur":1,"pid":1,"tid":23},
{"name":"ProviderMatrix /Biped/Rig/Joints/hips_bind/spine_0_bind/spine_1_bind/spine_2_bind/spine_3_bind/spine_4_bind/spine_5_bind/chest_bind/clavicle_l_bind/shoulder_l_bind/elbow_l_bind/wrist_l_bind/index_001_l_bind/index_002_combo_l_driver final","cat":"step","ph":"X","ts":202447,"dur":1,"pid":1,"tid":24},
{"name":"ProviderMatrix /Biped/Rig/Joints/hips_bind/spine_0_bind/spine_1_bind/spine_2_bind/spine_3_bind/spine_4_bind/spine_5_bind/chest_bind/clavicle_l_bind/shoulder_l_bind/elbow_l_bind/wrist_l_bind/index_001_l_bind/index_002_l_bind/index_003_l_bind/index_004_l_bind/index_005_l_bind final","cat":"step","ph":"X","ts":202448,"dur":1,"pid":1,"tid":24},
{"name":"ProviderMatrix /Biped/Rig/Joints/hips_bind/spine_0_bind/spine_1_bind/spine_2_bind/spine_3_bind/spine_4_bind/spine_5_bind/chest_bind/clavicle_l_bind/shoulder_l_bind/elbow_l_bind/wrist_l_bind/middle_001_l_bind/middle_002_l_bind/middle_003_l_bind/middle_004_l_bind final","cat":"step","ph":"X","ts":202449,"dur":1,"pid":1,"tid":24},
{"name":"ProviderMatrix /Biped/Rig/Joints/hips_bind/spine_0_bind/spine_1_bind/spine_2_bind/spine_3_bind/spine_4_bind/spine_5_bind/chest_bind/clavicle_l_bind/shoulder_l_bind/elbow_l_bind/wrist_l_bind/pinkyCup_l_bind/pinky_001_l_bind/pinky_002_l_bind/pinky_003_l_bind/pinky_004_l_bind/pinky_005_l_bind final","cat":"step","ph":"X","ts":202461,"dur":1,"pid":1,"tid":24},
{"name":"ProviderMatrix /Biped/Rig/Joints/hips_bind/spine_0_bind/spine_1_bind/spine_2_bind/spine_3_bind/spine_4_bind/spine_5_bind/chest_bind/clavicle_l_bind/shoulder_l_bind/elbow_l_bind/wrist_l_bind/ring_001_l_bind/ring_002_l_bind final","cat":"step","ph":"X","ts":202450,"dur":1,"pid":1,"tid":24},
{"name":"ProviderMatrix /Biped/Rig/Joints/hips_bind/spine_0_bind/spine_1_bind/spine_2_bind/spine_3_bind/spine_4_bind/spine_5_bind/chest_bind/clavicle_l_bind/shoulder_l_bind/elbow_l_bind/wrist_l_bind/thumbCup_l_bind/thumb_001_l_bind final","cat":"step","ph":"X","ts":202451,"dur":1,"pid":1,"tid":24},
{"name":"ProviderMatrix /Biped/Rig/Joints/hips_bind/spine_0_bind/spine_1_bind/spine_2_bind/spine_3_bind/spine_4_bind/spine_5_bind/chest_bind/clavicle_r_bind/shoulderNoTwist_r_bind final","cat":"step","ph":"X","ts":202777,"dur":1,"pid":1,"tid":19},
{"name":"ProviderMatrix /Biped/Rig/Joints/hips_bind/spine_0_bind/spine_1_bind/spine_2_bind/spine_3_bind/spine_4_bind/spine_5_bind/chest_bind/clavicle_r_bind/shoulder_r_bind final","cat":"step","ph":"X","ts":202410,"dur":1,"pid":1,"tid":24},
{"name":"ProviderMatrix /Biped/Rig/Joints/hips_bind/spine_0_bind/spine_1_bind/spine_2_bind/spine_3_bind/spine_4_bind/spine_5_bind/chest_bind/clavicle_r_bind/shoulder_r_bind/elbow_r_bind/elbowTwist_r_bind/elbow_r_driver final","cat":"step","ph":"X","ts":202452,"dur":1,"pid":1,"tid":24},
{"name":"ProviderMatrix /Biped/Rig/Joints/hips_bind/spine_0_bind/spine_1_bind/spine_2_bind/spine_3_bind/spine_4_bind/spine_5_bind/chest_bind/clavicle_r_bind/shoulder_r_bind/elbow_r_bind/wrist_r_bind/index_001_r_bind/index_002_r_bind final","cat":"step","ph":"X","ts":202462,"dur":1,"pid":1,"tid":24},
{"name":"ProviderMatrix /Biped/Rig/Joints/hips_bind/spine_0_bind/spine_1_bind/spine_2_bind/spine_3_bind/spine_4_bind/spine_5_bind/chest_bind/clavicle_r_bind/shoulder_r_bind/elbow_r_bind/wrist_r_bind/middle_001_r_bind/middle_002_combo_r_driver final","cat":"step","ph":"X","ts":202463,"dur":1,"pid":1,"tid":24},
{"name":"ProviderMatrix /Biped/Rig/Joints/hips_bind/spine_0_bind/spine_1_bind/spine_2_bind/spine_3_bind/spine_4_bind/spine_5_bind/chest_bind/clavicle_r_bind/shoulder_r_bind/elbow_r_bind/wrist_r_bind/pinkyCup_r_bind/pinky_001_r_bind final","cat":"step","ph":"X","ts":202485,"dur":1,"pid":1,"tid":24},
{"name":"ProviderMatrix /Biped/Rig/Joints/hips_bind/spine_0_bind/spine_1_bind/spine_2_bind/spine_3_bind/spine_4_bind/spine_5_bind/chest_bind/clavicle_r_bind/shoulder_r_bind/elbow_r_bind/wrist_r_bind/pinkyCup_r_bind/pinky_001_r_bind/pinky_002_r_bind/pinky_003_r_bind/pinky_004_r_bind/pinky_005_r_bind final","cat":"step","ph":"X","ts":202486,"dur":1,"pid":1,"tid":24},
{"name":"ProviderMatrix /Biped/Rig/Joints/hips_bind/spine_0_bind/spine_1_bind/spine_2_bind/spine_3_bind/spine_4_bind/spine_5_bind/chest_bind/clavicle_r_bind/shoulder_r_bind/elbow_r_bind/wrist_r_bind/ring_001_r_bind/ring_002_r_bind/ring_003_r_bind final","cat":"step","ph":"X","ts":202465,"dur":1,"pid":1,"tid":24},
{"name":"ProviderMatrix /Biped/Rig/Joints/hips_bind/spine_0_bind/spine_1_bind/spine_2_bind/spine_3_bind/spine_4_bind/spine_5_bind/chest_bind/clavicle_r_bind/shoulder_r_bind/elbow_r_bind/wrist_r_bind/thumbCup_r_bind/thumb_001_r_bind/thumb_002_r_bind final","cat":"step","ph":"X","ts":202466,"dur":1,"pid":1,"tid":24},
{"name":"ProviderMatrix /Biped/Rig/Joints/hips_bind/spine_0_bind/spine_1_bind/spine_2_bind/spine_3_bind/spine_4_bind/spine_5_bind/chest_bind/neck_base_bind/neck_0_bind/neck_1_bind/neck_2_bind/neck_3_bind/skull_bind final","cat":"step","ph":"X","ts":204331,"dur":1,"pid":1,"tid":13},
{"name":"ProviderMatrix /Biped/Rig/Joints/hips_bind/spine_0_bind/spine_1_bind/spine_2_bind/spine_3_bind/spine_4_bind/spine_5_bind/chest_bind/neck_base_bind/neck_0_bind/neck_1_bind/neck_2_bind/neck_3_bind/skull_bind/face_lower_bind/face_mid_bind/teeth_upper_bind final","cat":"step","ph":"X","ts":204332,"dur":1,"pid":1,"tid":13},
{"name":"ProviderMatrix /Biped/Rig/Joints/hips_bind/spine_0_bind/spine_1_bind/spine_2_bind/spine_3_bind/spine_4_bind/spine_5_bind/chest_bind/neck_base_bind/neck_0_bind/neck_1_bind/neck_2_bind/neck_3_bind/skull_bind/face_lower_bind/jaw_bind/tongue_0_bind/tongue_1_bind/tongue_2_bind/tongue_3_bind/tongue_4_bind final","cat":"step","ph":"X","ts":204333,"dur":1,"pid":1,"tid":13},
{"name":"ProviderMatrix /Biped/Rig/Joints/hips_bind/spine_0_bind/spine_1_bind/spine_2_bind/spine_3_bind/spine_4_bind/spine_5_bind/chest_bind/neck_base_bind/neck_0_bind/neck_1_bind/neck_2_bind/neck_3_bind/skull_bind/face_upper_bind/head_tip_bind/brow_inner_r_bind final","cat":"step","ph":"X","ts":204334,"dur":1,"pid":1,"tid":13},
{"name":"ProviderMatrix /Biped/Rig/Joints/neck_ik_neck_0_bind final","cat":"step","ph":"X","ts":202494,"dur":1,"pid":1,"tid":24},
{"name":"ProviderMatrix /Biped/Rig/Joints/neck_ik_neck_0_bind/neck_ik_neck_1_bind/neck_ik_neck_2_bind/neck_ik_neck_3_bind final","cat":"step","ph":"X","ts":202495,"dur":1,"pid":1,"tid":24},
{"name":"ProviderMatrix /Biped/Rig/Joints/spine_ik_spine_0_bind final","cat":"step","ph":"X","ts":202350,"dur":1,"pid":1,"tid":10},
{"name":"ProviderMatrix /Biped/Rig/Joints/spine_ik_spine_0_bind/spine_ik_spine_1_bind/spine_ik_spine_2_bind/spine_ik_spine_3_bind/spine_ik_spine_4_bind final","cat":"step","ph":"X","ts":202351,"dur":1,"pid":1,"tid":10},
{"name":"PoseInterpolator /Biped/Rig/PoseInterpolators/ankleSwing_l_driver","cat":"step","ph":"X","ts":202630,"dur":2,"pid":1,"tid":0},
{"name":"PoseInterpolator /Biped/Rig/PoseInterpolators/ankleSwing_r_driver","cat":"step","ph":"X","ts":202636,"dur":1,"pid":1,"tid":0},
{"name":"PoseInterpolator /Biped/Rig/PoseInterpolators/elbow_l_driver","cat":"step","ph":"X","ts":202429,"dur":2,"pid":1,"tid":24},
{"name":"PoseInterpolator /Biped/Rig/PoseInterpolators/elbow_r_driver","cat":"step","ph":"X","ts":202453,"dur":1,"pid":1,"tid":24},
{"name":"PoseInterpolator /Biped/Rig/PoseInterpolators/index_002_l","cat":"step","ph":"X","ts":202412,"dur":3,"pid":1,"tid":24},
{"name":"PoseInterpolator /Biped/Rig/PoseInterpolators/index_002_r","cat":"step","ph":"X","ts":202431,"dur":1,"pid":1,"tid":24},
{"name":"PoseInterpolator /Biped/Rig/PoseInterpolators/knee_l_driver","cat":"step","ph":"X","ts":202597,"dur":2,"pid":1,"tid":0},
{"name":"PoseInterpolator /Biped/Rig/PoseInterpolators/knee_r_driver","cat":"step","ph":"X","ts":202608,"dur":1,"pid":1,"tid":0},
{"name":"PoseInterpolator /Biped/Rig/PoseInterpolators/middle_002_l","cat":"step","ph":"X","ts":202415,"dur":2,"pid":1,"tid":24},
{"name":"PoseInterpolator /Biped/Rig/PoseInterpolators/middle_002_r","cat":"step","ph":"X","ts":202432,"dur":2,"pid":1,"tid":24},
{"name":"PoseInterpolator /Biped/Rig/PoseInterpolators/neckTwist","cat":"step","ph":"X","ts":202750,"dur":2,"pid":1,"tid":26},
{"name":"PoseInterpolator /Biped/Rig/PoseInterpolators/neck","cat":"step","ph":"X","ts":202752,"dur":2,"pid":1,"tid":26},
{"name":"PoseInterpolator /Biped/Rig/PoseInterpolators/pinky_002_l","cat":"step","ph":"X","ts":202417,"dur":1,"pid":1,"tid":24},
{"name":"PoseInterpolator /Biped/Rig/PoseInterpolators/pinky_002_r","cat":"step","ph":"X","ts":202434,"dur":1,"pid":1,"tid":24},
{"name":"PoseInterpolator /Biped/Rig/PoseInterpolators/ring_002_l","cat":"step","ph":"X","ts":202418,"dur":2,"pid":1,"tid":24},
{"name":"PoseInterpolator /Biped/Rig/PoseInterpolators/ring_002_r","cat":"step","ph":"X","ts":202435,"dur":2,"pid":1,"tid":24},
{"name":"PoseInterpolator /Biped/Rig/PoseInterpolators/shoulder_l_driver","cat":"step","ph":"X","ts":202782,"dur":3,"pid":1,"tid":19},
{"name":"PoseInterpolator /Biped/Rig/PoseInterpolators/shoulder_l_twist_driver","cat":"step","ph":"X","ts":202801,"dur":2,"pid":1,"tid":13},
{"name":"PoseInterpolator /Biped/Rig/PoseInterpolators/shoulder_r_driver","cat":"step","ph":"X","ts":202785,"dur":1,"pid":1,"tid":19},
{"name":"PoseInterpolator /Biped/Rig/PoseInterpolators/shoulder_r_twist_driver","cat":"step","ph":"X","ts":202803,"dur":2,"pid":1,"tid":13},
{"name":"PoseInterpolator /Biped/Rig/PoseInterpolators/thigh_l_driver","cat":"step","ph":"X","ts":202647,"dur":2,"pid":1,"tid":17},
{"name":"PoseInterpolator /Biped/Rig/PoseInterpolators/thigh_r_driver","cat":"step","ph":"X","ts":202649,"dur":2,"pid":1,"tid":17},
{"name":"PoseInterpolator /Biped/Rig/PoseInterpolators/toe_l","cat":"step","ph":"X","ts":202609,"dur":2,"pid":1,"tid":0},
{"name":"PoseInterpolator /Biped/Rig/PoseInterpolators/toe_l_twist","cat":"step","ph":"X","ts":202611,"dur":1,"pid":1,"tid":0},
{"name":"PoseInterpolator /Biped/Rig/PoseInterpolators/toe_r","cat":"step","ph":"X","ts":202621,"dur":1,"pid":1,"tid":0},
{"name":"PoseInterpolator /Biped/Rig/PoseInterpolators/toe_r_twist","cat":"step","ph":"X","ts":202622,"dur":1,"pid":1,"tid":0},
{"name":"PoseInterpolator /Biped/Rig/PoseInterpolators/torso","cat":"step","ph":"X","ts":202258,"dur":4,"pid":1,"tid":0},
{"name":"PoseInterpolator /Biped/Rig/PoseInterpolators/wristSwing_l_driver","cat":"step","ph":"X","ts":202467,"dur":3,"pid":1,"tid":24},
{"name":"PoseInterpolator /Biped/Rig/PoseInterpolators/wristSwing_r_driver","cat":"step","ph":"X","ts":202487,"dur":2,"pid":1,"tid":24},
{"name":"RevisionStatic /Biped/Rig/Movers/shapes_body_geo/body_geo_shapes","cat":"step","ph":"X","ts":202811,"dur":964,"pid":1,"tid":13},
{"name":"RevisionChunk /Biped/Rig/Movers/shapes_body_geo/body_geo_shapes","cat":"step","ph":"X","ts":203785,"dur":507,"pid":1,"tid":13},
{"name":"RevisionFuse /Biped/Rig/Movers/shapes_body_geo/body_geo_shapes","cat":"step","ph":"X","ts":204303,"dur":21,"pid":1,"tid":13},
{"name":"InfluenceFold /Biped/Rig/Movers/skin_body_geo/body_geo_skin","cat":"step","ph":"X","ts":204335,"dur":26,"pid":1,"tid":13},
{"name":"RevisionChunk /Biped/Rig/Movers/skin_body_geo/body_geo_skin","cat":"step","ph":"X","ts":204361,"dur":2275,"pid":1,"tid":13},
{"name":"RevisionFuse /Biped/Rig/Movers/skin_body_geo/body_geo_skin","cat":"step","ph":"X","ts":206637,"dur":3,"pid":1,"tid":13},
{"name":"ChainStatus /Biped/Geom/body_geo.points","cat":"step","ph":"X","ts":206640,"dur":20,"pid":1,"tid":13},
{"name":"Derived /Biped/Geom/body_geo.extent","cat":"step","ph":"X","ts":206660,"dur":452,"pid":1,"tid":13},
{"name":"cluster 0","cat":"cluster","ph":"X","ts":202213,"dur":14,"pid":1,"tid":0,"args":{"level":"1","steps":"21","waitUs":"5"}},
{"name":"cluster 1","cat":"cluster","ph":"X","ts":202227,"dur":10,"pid":1,"tid":0,"args":{"level":"2","steps":"30","waitUs":"0"}},
{"name":"cluster 2","cat":"cluster","ph":"X","ts":202263,"dur":14,"pid":1,"tid":16,"args":{"level":"3","steps":"21","waitUs":"26"}},
{"name":"cluster 3","cat":"cluster","ph":"X","ts":202277,"dur":20,"pid":1,"tid":16,"args":{"level":"4","steps":"22","waitUs":"0"}},
{"name":"cluster 4","cat":"cluster","ph":"X","ts":202299,"dur":12,"pid":1,"tid":17,"args":{"level":"5","steps":"17","waitUs":"2"}},
{"name":"cluster 5","cat":"cluster","ph":"X","ts":202312,"dur":16,"pid":1,"tid":15,"args":{"level":"6","steps":"20","waitUs":"1"}},
{"name":"cluster 6","cat":"cluster","ph":"X","ts":202330,"dur":13,"pid":1,"tid":10,"args":{"level":"7","steps":"16","waitUs":"1"}},
{"name":"cluster 7","cat":"cluster","ph":"X","ts":202345,"dur":14,"pid":1,"tid":23,"args":{"level":"8","steps":"14","waitUs":"2"}},
{"name":"cluster 8","cat":"cluster","ph":"X","ts":202246,"dur":16,"pid":1,"tid":0,"args":{"level":"3","steps":"15","waitUs":"9"}},
{"name":"cluster 9","cat":"cluster","ph":"X","ts":202365,"dur":26,"pid":1,"tid":12,"args":{"level":"9","steps":"15","waitUs":"6"}},
{"name":"cluster 10","cat":"cluster","ph":"X","ts":202393,"dur":26,"pid":1,"tid":10,"args":{"level":"10","steps":"18","waitUs":"2"}},
{"name":"cluster 11","cat":"cluster","ph":"X","ts":202420,"dur":12,"pid":1,"tid":18,"args":{"level":"11","steps":"13","waitUs":"1"}},
{"name":"cluster 12","cat":"cluster","ph":"X","ts":202311,"dur":18,"pid":1,"tid":17,"args":{"level":"6","steps":"8","waitUs":"0"}},
{"name":"cluster 13","cat":"cluster","ph":"X","ts":202435,"dur":15,"pid":1,"tid":10,"args":{"level":"12","steps":"12","waitUs":"0"}},
{"name":"cluster 14","cat":"cluster","ph":"X","ts":202329,"dur":4,"pid":1,"tid":17,"args":{"level":"7","steps":"6","waitUs":"0"}},
{"name":"cluster 15","cat":"cluster","ph":"X","ts":202450,"dur":12,"pid":1,"tid":10,"args":{"level":"13","steps":"6","waitUs":"0"}},
{"name":"cluster 17","cat":"cluster","ph":"X","ts":202298,"dur":11,"pid":1,"tid":16,"args":{"level":"5","steps":"7","waitUs":"1"}},
{"name":"cluster 18","cat":"cluster","ph":"X","ts":202470,"dur":19,"pid":1,"tid":24,"args":{"level":"14","steps":"16","waitUs":"0"}},
{"name":"cluster 19","cat":"cluster","ph":"X","ts":202309,"dur":16,"pid":1,"tid":16,"args":{"level":"6","steps":"1","waitUs":"0"}},
{"name":"cluster 20","cat":"cluster","ph":"X","ts":202393,"dur":18,"pid":1,"tid":23,"args":{"level":"10","steps":"3","waitUs":"1"}},
{"name":"cluster 21","cat":"cluster","ph":"X","ts":202411,"dur":7,"pid":1,"tid":23,"args":{"level":"11","steps":"3","waitUs":"0"}},
{"name":"cluster 22","cat":"cluster","ph":"X","ts":202399,"dur":7,"pid":1,"tid":9,"args":{"level":"10","steps":"3","waitUs":"1"}},
{"name":"cluster 23","cat":"cluster","ph":"X","ts":202419,"dur":16,"pid":1,"tid":10,"args":{"level":"11","steps":"7","waitUs":"0"}},
{"name":"cluster 24","cat":"cluster","ph":"X","ts":202371,"dur":27,"pid":1,"tid":24,"args":{"level":"9","steps":"3","waitUs":"12"}},
{"name":"cluster 25","cat":"cluster","ph":"X","ts":202400,"dur":10,"pid":1,"tid":20,"args":{"level":"10","steps":"3","waitUs":"2"}},
{"name":"cluster 26","cat":"cluster","ph":"X","ts":202371,"dur":7,"pid":1,"tid":13,"args":{"level":"9","steps":"2","waitUs":"3"}},
{"name":"cluster 27","cat":"cluster","ph":"X","ts":202489,"dur":7,"pid":1,"tid":24,"args":{"level":"15","steps":"10","waitUs":"0"}},
{"name":"cluster 28","cat":"cluster","ph":"X","ts":202496,"dur":11,"pid":1,"tid":24,"args":{"level":"16","steps":"4","waitUs":"0"}},
{"name":"cluster 29","cat":"cluster","ph":"X","ts":202507,"dur":21,"pid":1,"tid":24,"args":{"level":"17","steps":"6","waitUs":"0"}},
{"name":"cluster 30","cat":"cluster","ph":"X","ts":202537,"dur":22,"pid":1,"tid":0,"args":{"level":"18","steps":"5","waitUs":"9"}},
{"name":"cluster 31","cat":"cluster","ph":"X","ts":202561,"dur":18,"pid":1,"tid":14,"args":{"level":"19","steps":"5","waitUs":"2"}},
{"name":"cluster 32","cat":"cluster","ph":"X","ts":202343,"dur":9,"pid":1,"tid":10,"args":{"level":"8","steps":"8","waitUs":"0"}},
{"name":"cluster 33","cat":"cluster","ph":"X","ts":202392,"dur":21,"pid":1,"tid":12,"args":{"level":"10","steps":"4","waitUs":"0"}},
{"name":"cluster 34","cat":"cluster","ph":"X","ts":202580,"dur":13,"pid":1,"tid":25,"args":{"level":"20","steps":"3","waitUs":"1"}},
{"name":"cluster 35","cat":"cluster","ph":"X","ts":202595,"dur":9,"pid":1,"tid":14,"args":{"level":"21","steps":"3","waitUs":"2"}},
{"name":"cluster 36","cat":"cluster","ph":"X","ts":202606,"dur":19,"pid":1,"tid":17,"args":{"level":"22","steps":"3","waitUs":"2"}},
{"name":"cluster 37","cat":"cluster","ph":"X","ts":202625,"dur":15,"pid":1,"tid":17,"args":{"level":"23","steps":"2","waitUs":"0"}},
{"name":"cluster 38","cat":"cluster","ph":"X","ts":202643,"dur":15,"pid":1,"tid":26,"args":{"level":"24","steps":"2","waitUs":"3"}},
{"name":"cluster 39","cat":"cluster","ph":"X","ts":202658,"dur":8,"pid":1,"tid":26,"args":{"level":"25","steps":"3","waitUs":"0"}},
{"name":"cluster 40","cat":"cluster","ph":"X","ts":202667,"dur":6,"pid":1,"tid":26,"args":{"level":"26","steps":"2","waitUs":"0"}},
{"name":"cluster 41","cat":"cluster","ph":"X","ts":202673,"dur":6,"pid":1,"tid":26,"args":{"level":"27","steps":"1","waitUs":"0"}},
{"name":"cluster 42","cat":"cluster","ph":"X","ts":202679,"dur":5,"pid":1,"tid":26,"args":{"level":"28","steps":"2","waitUs":"0"}},
{"name":"cluster 43","cat":"cluster","ph":"X","ts":202684,"dur":5,"pid":1,"tid":26,"args":{"level":"29","steps":"1","waitUs":"0"}},
{"name":"cluster 44","cat":"cluster","ph":"X","ts":202689,"dur":5,"pid":1,"tid":26,"args":{"level":"30","steps":"2","waitUs":"0"}},
{"name":"cluster 45","cat":"cluster","ph":"X","ts":202694,"dur":5,"pid":1,"tid":26,"args":{"level":"31","steps":"1","waitUs":"0"}},
{"name":"cluster 46","cat":"cluster","ph":"X","ts":202699,"dur":5,"pid":1,"tid":26,"args":{"level":"32","steps":"2","waitUs":"0"}},
{"name":"cluster 47","cat":"cluster","ph":"X","ts":202704,"dur":5,"pid":1,"tid":26,"args":{"level":"33","steps":"1","waitUs":"0"}},
{"name":"cluster 48","cat":"cluster","ph":"X","ts":202709,"dur":6,"pid":1,"tid":26,"args":{"level":"34","steps":"1","waitUs":"0"}},
{"name":"cluster 49","cat":"cluster","ph":"X","ts":202715,"dur":6,"pid":1,"tid":26,"args":{"level":"35","steps":"4","waitUs":"0"}},
{"name":"cluster 50","cat":"cluster","ph":"X","ts":202721,"dur":7,"pid":1,"tid":26,"args":{"level":"36","steps":"4","waitUs":"0"}},
{"name":"cluster 51","cat":"cluster","ph":"X","ts":202737,"dur":7,"pid":1,"tid":26,"args":{"level":"37","steps":"3","waitUs":"9"}},
{"name":"cluster 52","cat":"cluster","ph":"X","ts":202746,"dur":14,"pid":1,"tid":19,"args":{"level":"38","steps":"3","waitUs":"2"}},
{"name":"cluster 53","cat":"cluster","ph":"X","ts":202760,"dur":18,"pid":1,"tid":19,"args":{"level":"39","steps":"7","waitUs":"0"}},
{"name":"cluster 54","cat":"cluster","ph":"X","ts":202780,"dur":13,"pid":1,"tid":13,"args":{"level":"40","steps":"2","waitUs":"2"}},
{"name":"cluster 55","cat":"cluster","ph":"X","ts":202793,"dur":12,"pid":1,"tid":13,"args":{"level":"41","steps":"5","waitUs":"0"}},
{"name":"cluster 56","cat":"cluster","ph":"X","ts":202805,"dur":970,"pid":1,"tid":13,"args":{"level":"42","steps":"3","waitUs":"0"}},
{"name":"cluster 57","cat":"cluster","ph":"X","ts":203776,"dur":516,"pid":1,"tid":13,"args":{"level":"43","steps":"2","waitUs":"1"}},
{"name":"cluster 58","cat":"cluster","ph":"X","ts":204293,"dur":31,"pid":1,"tid":13,"args":{"level":"44","steps":"3","waitUs":"0"}},
{"name":"cluster 59","cat":"cluster","ph":"X","ts":204324,"dur":11,"pid":1,"tid":13,"args":{"level":"46","steps":"28","waitUs":"0"}},
{"name":"cluster 60","cat":"cluster","ph":"X","ts":202368,"dur":21,"pid":1,"tid":23,"args":{"level":"9","steps":"7","waitUs":"0"}},
{"name":"cluster 61","cat":"cluster","ph":"X","ts":202580,"dur":4,"pid":1,"tid":14,"args":{"level":"20","steps":"2","waitUs":"1"}},
{"name":"cluster 62","cat":"cluster","ph":"X","ts":202420,"dur":17,"pid":1,"tid":24,"args":{"level":"11","steps":"12","waitUs":"0"}},
{"name":"cluster 63","cat":"cluster","ph":"X","ts":202594,"dur":4,"pid":1,"tid":25,"args":{"level":"21","steps":"3","waitUs":"0"}},
{"name":"cluster 64","cat":"cluster","ph":"X","ts":202733,"dur":3,"pid":1,"tid":26,"args":{"level":"37","steps":"8","waitUs":"5"}},
{"name":"cluster 65","cat":"cluster","ph":"X","ts":202537,"dur":16,"pid":1,"tid":24,"args":{"level":"18","steps":"7","waitUs":"9"}},
{"name":"cluster 66","cat":"cluster","ph":"X","ts":202604,"dur":6,"pid":1,"tid":14,"args":{"level":"22","steps":"2","waitUs":"0"}},
{"name":"cluster 67","cat":"cluster","ph":"X","ts":202744,"dur":10,"pid":1,"tid":26,"args":{"level":"38","steps":"5","waitUs":"0"}},
{"name":"cluster 68","cat":"cluster","ph":"X","ts":202632,"dur":5,"pid":1,"tid":0,"args":{"level":"23","steps":"8","waitUs":"0"}},
{"name":"cluster 69","cat":"cluster","ph":"X","ts":202641,"dur":10,"pid":1,"tid":17,"args":{"level":"24","steps":"6","waitUs":"0"}},
{"name":"cluster 70","cat":"cluster","ph":"X","ts":202623,"dur":9,"pid":1,"tid":0,"args":{"level":"22","steps":"7","waitUs":"0"}},
{"name":"cluster 71","cat":"cluster","ph":"X","ts":202612,"dur":11,"pid":1,"tid":0,"args":{"level":"21","steps":"12","waitUs":"0"}},
{"name":"cluster 72","cat":"cluster","ph":"X","ts":202599,"dur":13,"pid":1,"tid":0,"args":{"level":"20","steps":"29","waitUs":"0"}},
{"name":"cluster 73","cat":"cluster","ph":"X","ts":202559,"dur":40,"pid":1,"tid":0,"args":{"level":"19","steps":"28","waitUs":"0"}},
{"name":"cluster 74","cat":"cluster","ph":"X","ts":202437,"dur":17,"pid":1,"tid":24,"args":{"level":"12","steps":"31","waitUs":"0"}},
{"name":"cluster 75","cat":"cluster","ph":"X","ts":202778,"dur":8,"pid":1,"tid":19,"args":{"level":"40","steps":"6","waitUs":"0"}},
{"name":"cluster 76","cat":"cluster","ph":"X","ts":202454,"dur":16,"pid":1,"tid":24,"args":{"level":"13","steps":"37","waitUs":"0"}},
{"name":"cluster 77","cat":"cluster","ph":"X","ts":202399,"dur":21,"pid":1,"tid":24,"args":{"level":"10","steps":"12","waitUs":"1"}},
{"name":"cluster 78","cat":"cluster","ph":"X","ts":204335,"dur":26,"pid":1,"tid":13,"args":{"level":"47","steps":"1","waitUs":"0"}},
{"name":"cluster 79","cat":"cluster","ph":"X","ts":204361,"dur":2275,"pid":1,"tid":13,"args":{"level":"48","steps":"1","waitUs":"0"}},
{"name":"cluster 80","cat":"cluster","ph":"X","ts":206636,"dur":4,"pid":1,"tid":13,"args":{"level":"49","steps":"1","waitUs":"0"}},
{"name":"cluster 81","cat":"cluster","ph":"X","ts":206640,"dur":472,"pid":1,"tid":13,"args":{"level":"51","steps":"2","waitUs":"0"}},
{"name":"BakedPublish","cat":"baked","ph":"X","ts":207442,"dur":80,"pid":1,"tid":0},
{"name":"BakedEpilogue","cat":"baked","ph":"X","ts":207130,"dur":433,"pid":1,"tid":0},
{"name":"Baked","cat":"baked","ph":"X","ts":201585,"dur":5979,"pid":1,"tid":0},
{"name":"Evaluate@4","cat":"evaluate","ph":"X","ts":201583,"dur":5982,"pid":1,"tid":0},
{"name":"PropertyChain /Biped/Rig/Movers/ballRoll_l_down_rc/ballRoll_l_down_rotation.inputs:defaultWeight","cat":"property","ph":"X","ts":207806,"dur":58,"pid":1,"tid":0},
{"name":"PropertyChain /Biped/Rig/Movers/ballRoll_l_up_rc/ballRoll_l_up_rotation.inputs:defaultWeight","cat":"property","ph":"X","ts":207865,"dur":13,"pid":1,"tid":0},
{"name":"PropertyChain /Biped/Rig/Movers/ballRoll_r_down_rc/ballRoll_r_down_rotation.inputs:defaultWeight","cat":"property","ph":"X","ts":207879,"dur":27,"pid":1,"tid":0},
{"name":"PropertyChain /Biped/Rig/Movers/ballRoll_r_up_rc/ballRoll_r_up_rotation.inputs:defaultWeight","cat":"property","ph":"X","ts":207906,"dur":15,"pid":1,"tid":0},
{"name":"PropertyChain /Biped/Rig/Movers/bankIn_l_pivot_rc/bankIn_l_pivot_rotation.inputs:defaultWeight","cat":"property","ph":"X","ts":207922,"dur":8,"pid":1,"tid":0},
{"name":"PropertyChain /Biped/Rig/Movers/bankIn_r_pivot_rc/bankIn_r_pivot_rotation.inputs:defaultWeight","cat":"property","ph":"X","ts":207930,"dur":9,"pid":1,"tid":0},
{"name":"PropertyChain /Biped/Rig/Movers/bankOut_l_pivot_rc/bankOut_l_pivot_rotation.inputs:defaultWeight","cat":"property","ph":"X","ts":207940,"dur":7,"pid":1,"tid":0},
{"name":"PropertyChain /Biped/Rig/Movers/bankOut_r_pivot_rc/bankOut_r_pivot_rotation.inputs:defaultWeight","cat":"property","ph":"X","ts":207948,"dur":8,"pid":1,"tid":0},
{"name":"PropertyChain /Biped/Rig/Movers/heel_l_roll_rc/heel_l_roll_rotation.inputs:defaultWeight","cat":"property","ph":"X","ts":207957,"dur":7,"pid":1,"tid":0},
{"name":"PropertyChain /Biped/Rig/Movers/heel_r_roll_rc/heel_r_roll_rotation.inputs:defaultWeight","cat":"property","ph":"X","ts":207965,"dur":8,"pid":1,"tid":0},
{"name":"PropertyChain /Biped/Rig/Movers/toe_l_roll_rc/toe_l_roll_rotation.inputs:defaultWeight","cat":"property","ph":"X","ts":207974,"dur":12,"pid":1,"tid":0},
{"name":"PropertyChain /Biped/Rig/Movers/toe_r_roll_rc/toe_r_roll_rotation.inputs:defaultWeight","cat":"property","ph":"X","ts":207986,"dur":15,"pid":1,"tid":0},
{"name":"PropertyChains","cat":"property","ph":"X","ts":207804,"dur":198,"pid":1,"tid":0},
{"name":"BakedInputs","cat":"baked","ph":"X","ts":208003,"dur":10,"pid":1,"tid":0},
{"name":"BakedChainBase","cat":"geometry","ph":"X","ts":208347,"dur":33,"pid":1,"tid":0},
{"name":"BakedPrologue","cat":"baked","ph":"X","ts":207800,"dur":580,"pid":1,"tid":0},
{"name":"BakedRegion","cat":"baked","ph":"X","ts":208381,"dur":5140,"pid":1,"tid":0},
{"name":"ComposeSubtree /Biped/Rig/Controls/arm_l_ik","cat":"step","ph":"X","ts":208442,"dur":3,"pid":1,"tid":0},
{"name":"ComposeSubtree /Biped/Rig/Controls/arm_l_pv","cat":"step","ph":"X","ts":208445,"dur":1,"pid":1,"tid":0},
{"name":"ComposeSubtree /Biped/Rig/Controls/hips_ctl","cat":"step","ph":"X","ts":208446,"dur":2,"pid":1,"tid":0},
{"name":"ComposeSubtree /Biped/Rig/Controls/hips_ctl/spine_root_pivot/spine_root_ctl","cat":"step","ph":"X","ts":208457,"dur":1,"pid":1,"tid":0},
{"name":"ComposeSubtree /Biped/Rig/Controls/hips_ctl/spine_root_pivot/spine_root_ctl/pelvis_l_ctl/leg_l_root","cat":"step","ph":"X","ts":208497,"dur":2,"pid":1,"tid":8},
{"name":"ComposeSubtree /Biped/Rig/Controls/hips_ctl/spine_root_pivot/spine_root_ctl/pelvis_l_ctl/leg_l_root/leg_l_fk_thigh_l_bind/leg_l_fk_knee_l_bind","cat":"step","ph":"X","ts":208511,"dur":1,"pid":1,"tid":8},
{"name":"ComposeSubtree /Biped/Rig/Controls/hips_ctl/spine_root_pivot/spine_root_ctl/pelvis_r_ctl/leg_r_root/leg_r_fk_thigh_r_bind/leg_r_fk_knee_r_bind","cat":"step","ph":"X","ts":208539,"dur":2,"pid":1,"tid":12},
{"name":"ComposeSubtree /Biped/Rig/Controls/hips_ctl/torso_ctl/spine_end_pivot/spine_end_ctl","cat":"step","ph":"X","ts":208500,"dur":1,"pid":1,"tid":8},
{"name":"ComposeSubtree /Biped/Rig/Controls/hips_ctl/torso_ctl/spine_end_pivot/spine_end_ctl/clavicle_l_ctl/arm_l_root","cat":"step","ph":"X","ts":208512,"dur":1,"pid":1,"tid":8},
{"name":"ComposeSubtree /Biped/Rig/Controls/hips_ctl/torso_ctl/spine_end_pivot/spine_end_ctl/clavicle_l_ctl/arm_l_root/arm_l_fk_shoulder_l_bind/arm_l_fk_elbow_l_bind","cat":"step","ph":"X","ts":208541,"dur":1,"pid":1,"tid":12},
{"name":"ComposeSubtree /Biped/Rig/Controls/hips_ctl/torso_ctl/spine_end_pivot/spine_end_ctl/clavicle_r_ctl/arm_r_root/arm_r_fk_shoulder_r_bind","cat":"step","ph":"X","ts":208542,"dur":1,"pid":1,"tid":12},
{"name":"ComposeSubtree /Biped/Rig/Controls/hips_ctl/torso_ctl/spine_end_pivot/spine_end_ctl/clavicle_r_ctl/arm_r_root/arm_r_fk_shoulder_r_bind/arm_r_fk_elbow_r_bind","cat":"step","ph":"X","ts":208558,"dur":2,"pid":1,"tid":22},
{"name":"ComposeSubtree /Biped/Rig/Controls/hips_ctl/torso_ctl/spine_end_pivot/spine_end_ctl/neck_root_ctl","cat":"step","ph":"X","ts":208513,"dur":1,"pid":1,"tid":8},
{"name":"ComposeSubtree /Biped/Rig/Controls/index_001_r_bind_fk_follow","cat":"step","ph":"X","ts":208448,"dur":1,"pid":1,"tid":0},
{"name":"ComposeSubtree /Biped/Rig/Controls/index_001_r_bind_fk_follow/index_001_r_bind_fk/index_002_r_bind_fk","cat":"step","ph":"X","ts":208458,"dur":1,"pid":1,"tid":0},
{"name":"ComposeSubtree /Biped/Rig/Controls/index_001_r_bind_fk_follow/index_001_r_bind_fk/index_002_r_bind_fk/index_003_r_bind_fk","cat":"step","ph":"X","ts":208501,"dur":1,"pid":1,"tid":8},
{"name":"ComposeSubtree /Biped/Rig/Controls/leg_l_ik","cat":"step","ph":"X","ts":208449,"dur":1,"pid":1,"tid":0},
{"name":"ComposeSubtree /Biped/Rig/Controls/leg_l_ik/ankle_l_pivot/bankIn_l_pivot/bankOut_l_pivot/heel_l_roll/heel_l/ball_l_pivot/toe_l_roll/toe_l","cat":"step","ph":"X","ts":208543,"dur":1,"pid":1,"tid":12},
{"name":"ComposeSubtree /Biped/Rig/Controls/leg_l_ik/ankle_l_pivot/bankIn_l_pivot/bankOut_l_pivot/heel_l_roll/heel_l/ball_l_pivot/toe_l_roll/toe_l/ballRoll_l_up/ballRoll_l_down","cat":"step","ph":"X","ts":208560,"dur":1,"pid":1,"tid":22},
{"name":"ComposeSubtree /Biped/Rig/Controls/leg_l_ik/ankle_l_pivot/bankIn_l_pivot/bankOut_l_pivot/heel_l_roll/heel_l/ball_l_pivot/toe_l_roll/toe_l/ballRoll_l_up/ballRoll_l_down/ballRoll_l/ankle_l_ikTarget","cat":"step","ph":"X","ts":208590,"dur":1,"pid":1,"tid":27},
{"name":"ComposeSubtree /Biped/Rig/Controls/leg_l_ik/ankle_l_pivot/bankIn_l_pivot/bankOut_l_pivot/heel_l_roll/heel_l/ball_l_pivot/toe_l_roll/toe_l/ballRoll_l_up/ballRoll_l_down_twin","cat":"step","ph":"X","ts":208561,"dur":1,"pid":1,"tid":22},
{"name":"ComposeSubtree /Biped/Rig/Controls/leg_l_ik/ankle_l_pivot/bankIn_l_pivot/bankOut_l_pivot/heel_l_roll/heel_l/ball_l_pivot/toe_l_roll_twin","cat":"step","ph":"X","ts":208544,"dur":2,"pid":1,"tid":12},
{"name":"ComposeSubtree /Biped/Rig/Controls/leg_l_ik/ankle_l_pivot/bankIn_l_pivot/bankOut_l_pivot_twin","cat":"step","ph":"X","ts":208502,"dur":1,"pid":1,"tid":8},
{"name":"ComposeSubtree /Biped/Rig/Controls/leg_r_ik/ankle_r_pivot/bankIn_r_pivot/bankOut_r_pivot","cat":"step","ph":"X","ts":208503,"dur":1,"pid":1,"tid":8},
{"name":"ComposeSubtree /Biped/Rig/Controls/leg_r_ik/ankle_r_pivot/bankIn_r_pivot/bankOut_r_pivot/heel_r_roll/heel_r","cat":"step","ph":"X","ts":208514,"dur":1,"pid":1,"tid":8},
{"name":"ComposeSubtree /Biped/Rig/Controls/leg_r_ik/ankle_r_pivot/bankIn_r_pivot/bankOut_r_pivot/heel_r_roll/heel_r/ball_r_pivot/toe_r_roll/toe_r/ballRoll_r_up","cat":"step","ph":"X","ts":208562,"dur":1,"pid":1,"tid":22},
{"name":"ComposeSubtree /Biped/Rig/Controls/leg_r_ik/ankle_r_pivot/bankIn_r_pivot/bankOut_r_pivot/heel_r_roll/heel_r/ball_r_pivot/toe_r_roll/toe_r/ballRoll_r_up/ballRoll_r_down/ballRoll_r/ball_r_ikTarget","cat":"step","ph":"X","ts":208607,"dur":3,"pid":1,"tid":4},
{"name":"ComposeSubtree /Biped/Rig/Controls/leg_r_ik/ankle_r_pivot/bankIn_r_pivot/bankOut_r_pivot/heel_r_roll/heel_r/ball_r_pivot/toe_r_roll/toe_r/ballRoll_r_up_twin","cat":"step","ph":"X","ts":208563,"dur":1,"pid":1,"tid":22},
{"name":"ComposeSubtree /Biped/Rig/Controls/leg_r_ik/ankle_r_pivot/bankIn_r_pivot/bankOut_r_pivot/heel_r_roll/heel_r/ball_r_pivot/toe_r_roll/toe_r/toeBend_r/toeBend_r_fk","cat":"step","ph":"X","ts":208592,"dur":1,"pid":1,"tid":27},
{"name":"ComposeSubtree /Biped/Rig/Controls/leg_r_ik/ankle_r_pivot/bankIn_r_pivot/bankOut_r_pivot/heel_r_roll/heel_r/ball_r_pivot/toe_r_roll_twin","cat":"step","ph":"X","ts":208547,"dur":1,"pid":1,"tid":12},
{"name":"ComposeSubtree /Biped/Rig/Controls/leg_r_ik/ankle_r_pivot/bank_r","cat":"step","ph":"X","ts":208504,"dur":1,"pid":1,"tid":8},
{"name":"ComposeSubtree /Biped/Rig/Controls/leg_r_pv","cat":"step","ph":"X","ts":208450,"dur":1,"pid":1,"tid":0},
{"name":"ComposeSubtree /Biped/Rig/Controls/middle_001_r_bind_fk_follow","cat":"step","ph":"X","ts":208451,"dur":1,"pid":1,"tid":0},
{"name":"ComposeSubtree /Biped/Rig/Controls/middle_001_r_bind_fk_follow/middle_001_r_bind_fk/middle_002_r_bind_fk","cat":"step","ph":"X","ts":208460,"dur":1,"pid":1,"tid":0},
{"name":"ComposeSubtree /Biped/Rig/Controls/middle_001_r_bind_fk_follow/middle_001_r_bind_fk/middle_002_r_bind_fk/middle_003_r_bind_fk","cat":"step","ph":"X","ts":208505,"dur":1,"pid":1,"tid":8},
{"name":"ComposeSubtree /Biped/Rig/Controls/pinkyCup_r_bind_fk_follow","cat":"step","ph":"X","ts":208452,"dur":1,"pid":1,"tid":0},
{"name":"ComposeSubtree /Biped/Rig/Controls/pinkyCup_r_bind_fk_follow/pinkyCup_r_bind_fk/pinky_001_r_bind_fk/pinky_002_r_bind_fk/pinky_003_r_bind_fk","cat":"step","ph":"X","ts":208506,"dur":1,"pid":1,"tid":8},
{"name":"ComposeSubtree /Biped/Rig/Controls/ring_001_r_bind_fk_follow","cat":"step","ph":"X","ts":208453,"dur":1,"pid":1,"tid":0},
{"name":"ComposeSubtree /Biped/Rig/Controls/ring_001_r_bind_fk_follow/ring_001_r_bind_fk/ring_002_r_bind_fk","cat":"step","ph":"X","ts":208461,"dur":1,"pid":1,"tid":0},
{"name":"ComposeSubtree /Biped/Rig/Controls/ring_001_r_bind_fk_follow/ring_001_r_bind_fk/ring_002_r_bind_fk/ring_003_r_bind_fk","cat":"step","ph":"X","ts":208507,"dur":1,"pid":1,"tid":8},
{"name":"ComposeSubtree /Biped/Rig/Controls/thumbCup_r_bind_fk_follow","cat":"step","ph":"X","ts":208454,"dur":1,"pid":1,"tid":0},
{"name":"ComposeSubtree /Biped/Rig/Controls/thumbCup_r_bind_fk_follow/thumbCup_r_bind_fk/thumb_001_r_bind_fk/thumb_002_r_bind_fk","cat":"step","ph":"X","ts":208508,"dur":1,"pid":1,"tid":8},
{"name":"ComposeSubtree /Biped/Rig/Joints/ankle_l_pivot/bankIn_l_pivot/bankOut_l_pivot/heel_l_pivot/ball_l_pivot","cat":"step","ph":"X","ts":208509,"dur":1,"pid":1,"tid":8},
{"name":"ComposeSubtree /Biped/Rig/Joints/ankle_r_pivot","cat":"step","ph":"X","ts":208455,"dur":1,"pid":1,"tid":0},
{"name":"ComposeSubtree /Biped/Rig/Joints/ankle_r_pivot/bankIn_r_pivot/bankOut_r_pivot","cat":"step","ph":"X","ts":208462,"dur":1,"pid":1,"tid":0},
{"name":"ComposeSubtree /Biped/Rig/Joints/hips_bind/pelvis_l_bind/pelvis_trans_l_bind/thigh_l_driver","cat":"step","ph":"X","ts":208510,"dur":1,"pid":1,"tid":8},
{"name":"ComposeSubtree /Biped/Rig/Joints/hips_bind/pelvis_l_bind/thigh_l_bind","cat":"step","ph":"X","ts":208463,"dur":1,"pid":1,"tid":0},
{"name":"ComposeSubtree /Biped/Rig/Joints/hips_bind/pelvis_l_bind/thigh_l_bind/knee_l_bind/ankleTwist_l_bind","cat":"step","ph":"X","ts":208477,"dur":1,"pid":1,"tid":0},
{"name":"ComposeSubtree /Biped/Rig/Joints/hips_bind/pelvis_l_bind/thigh_l_bind/knee_l_bind/ankle_l_bind/ball_l_bind","cat":"step","ph":"X","ts":208515,"dur":1,"pid":1,"tid":8},
{"name":"ComposeSubtree /Biped/Rig/Joints/hips_bind/pelvis_l_bind/thigh_l_bind/knee_l_bind/ankle_l_bind/ball_l_bind/toe2_001_l_bind","cat":"step","ph":"X","ts":208548,"dur":1,"pid":1,"tid":12},
{"name":"ComposeSubtree /Biped/Rig/Joints/hips_bind/pelvis_l_bind/thigh_l_bind/knee_l_bind/ankle_l_bind/ball_l_bind/toe2_001_l_bind/toe2_002_l_bind/toe2_003_l_bind","cat":"step","ph":"X","ts":208564,"dur":1,"pid":1,"tid":22},
{"name":"ComposeSubtree /Biped/Rig/Joints/hips_bind/pelvis_l_bind/thigh_l_bind/knee_l_bind/ankle_l_bind/ball_l_bind/toe3_001_l_bind","cat":"step","ph":"X","ts":208549,"dur":1,"pid":1,"tid":12},
{"name":"ComposeSubtree /Biped/Rig/Joints/hips_bind/pelvis_l_bind/thigh_l_bind/knee_l_bind/ankle_l_bind/ball_l_bind/toe4_001_l_bind/toe4_002_l_bind/toe4_003_l_bind","cat":"step","ph":"X","ts":208565,"dur":1,"pid":1,"tid":22},
{"name":"ComposeSubtree /Biped/Rig/Joints/hips_bind/pelvis_l_bind/thigh_l_bind/knee_l_bind/ankle_l_bind/ball_l_bind/toe5_001_l_bind","cat":"step","ph":"X","ts":208550,"dur":1,"pid":1,"tid":12},
{"name":"ComposeSubtree /Biped/Rig/Joints/hips_bind/pelvis_l_bind/thigh_l_bind/knee_l_bind/kneeTwist_l_bind","cat":"step","ph":"X","ts":208478,"dur":1,"pid":1,"tid":0},
{"name":"ComposeSubtree /Biped/Rig/Joints/hips_bind/pelvis_r_bind/pelvis_trans_r_bind/thigh_r_driver","cat":"step","ph":"X","ts":208516,"dur":1,"pid":1,"tid":8},
{"name":"ComposeSubtree /Biped/Rig/Joints/hips_bind/pelvis_r_bind/thigh_r_bind","cat":"step","ph":"X","ts":208479,"dur":1,"pid":1,"tid":0},
{"name":"ComposeSubtree /Biped/Rig/Joints/hips_bind/pelvis_r_bind/thigh_r_bind/knee_r_bind/ankleTwist_r_driver","cat":"step","ph":"X","ts":208517,"dur":1,"pid":1,"tid":8},
{"name":"ComposeSubtree /Biped/Rig/Joints/hips_bind/pelvis_r_bind/thigh_r_bind/knee_r_bind/ankle_r_bind/ball_r_bind","cat":"step","ph":"X","ts":208551,"dur":1,"pid":1,"tid":12},
{"name":"ComposeSubtree /Biped/Rig/Joints/hips_bind/pelvis_r_bind/thigh_r_bind/knee_r_bind/ankle_r_bind/ball_r_bind/toe1_001_r_bind/toe1_002_r_bind","cat":"step","ph":"X","ts":208566,"dur":1,"pid":1,"tid":22},
{"name":"ComposeSubtree /Biped/Rig/Joints/hips_bind/pelvis_r_bind/thigh_r_bind/knee_r_bind/ankle_r_bind/ball_r_bind/toe1_001_r_bind/toe1_002_r_bind/toe1_003_r_bind","cat":"step","ph":"X","ts":208593,"dur":1,"pid":1,"tid":27},
{"name":"ComposeSubtree /Biped/Rig/Joints/hips_bind/pelvis_r_bind/thigh_r_bind/knee_r_bind/ankle_r_bind/ball_r_bind/toe3_001_r_bind","cat":"step","ph":"X","ts":208567,"dur":1,"pid":1,"tid":22},
{"name":"ComposeSubtree /Biped/Rig/Joints/hips_bind/pelvis_r_bind/thigh_r_bind/knee_r_bind/ankle_r_bind/ball_r_bind/toe3_001_r_bind/toe3_002_r_bind/toe3_003_r_bind","cat":"step","ph":"X","ts":208594,"dur":1,"pid":1,"tid":27},
{"name":"ComposeSubtree /Biped/Rig/Joints/hips_bind/pelvis_r_bind/thigh_r_bind/knee_r_bind/ankle_r_bind/ball_r_bind/toe5_001_r_bind","cat":"step","ph":"X","ts":208568,"dur":1,"pid":1,"tid":22},
{"name":"ComposeSubtree /Biped/Rig/Joints/hips_bind/pelvis_r_bind/thigh_r_bind/knee_r_bind/ankle_r_bind/ball_r_bind/toe5_001_r_bind/toe5_002_r_bind/toe5_003_r_bind","cat":"step","ph":"X","ts":208595,"dur":1,"pid":1,"tid":27},
{"name":"ComposeSubtree /Biped/Rig/Joints/hips_bind/pelvis_r_bind/thigh_r_bind/knee_r_bind/kneeTwist_r_bind","cat":"step","ph":"X","ts":208518,"dur":1,"pid":1,"tid":8},
{"name":"ComposeSubtree /Biped/Rig/Joints/hips_bind/spine_0_bind","cat":"step","ph":"X","ts":208464,"dur":1,"pid":1,"tid":0},
{"name":"ComposeSubtree /Biped/Rig/Joints/hips_bind/spine_0_bind/spine_1_bind/spine_2_bind/spine_3_bind/spine_4_bind/spine_5_bind/chest_bind","cat":"step","ph":"X","ts":208552,"dur":1,"pid":1,"tid":12},
{"name":"ComposeSubtree /Biped/Rig/Joints/hips_bind/spine_0_bind/spine_1_bind/spine_2_bind/spine_3_bind/spine_4_bind/spine_5_bind/chest_bind/clavicle_l_bind/clavicle_trans_combo_l_driver","cat":"step","ph":"X","ts":208569,"dur":1,"pid":1,"tid":22},
{"name":"ComposeSubtree /Biped/Rig/Joints/hips_bind/spine_0_bind/spine_1_bind/spine_2_bind/spine_3_bind/spine_4_bind/spine_5_bind/chest_bind/clavicle_l_bind/shoulder_l_bind","cat":"step","ph":"X","ts":208570,"dur":1,"pid":1,"tid":22},
{"name":"ComposeSubtree /Biped/Rig/Joints/hips_bind/spine_0_bind/spine_1_bind/spine_2_bind/spine_3_bind/spine_4_bind/spine_5_bind/chest_bind/clavicle_l_bind/shoulder_l_bind/elbow_l_bind/elbowTwist_l_bind","cat":"step","ph":"X","ts":208596,"dur":1,"pid":1,"tid":27},
{"name":"ComposeSubtree /Biped/Rig/Joints/hips_bind/spine_0_bind/spine_1_bind/spine_2_bind/spine_3_bind/spine_4_bind/spine_5_bind/chest_bind/clavicle_l_bind/shoulder_l_bind/elbow_l_bind/wristTwist_l_bind","cat":"step","ph":"X","ts":208597,"dur":1,"pid":1,"tid":27},
{"name":"ComposeSubtree /Biped/Rig/Joints/hips_bind/spine_0_bind/spine_1_bind/spine_2_bind/spine_3_bind/spine_4_bind/spine_5_bind/chest_bind/clavicle_l_bind/shoulder_l_bind/elbow_l_bind/wrist_l_bind/index_001_l_bind","cat":"step","ph":"X","ts":208610,"dur":1,"pid":1,"tid":4},
{"name":"ComposeSubtree /Biped/Rig/Joints/hips_bind/spine_0_bind/spine_1_bind/spine_2_bind/spine_3_bind/spine_4_bind/spine_5_bind/chest_bind/clavicle_l_bind/shoulder_l_bind/elbow_l_bind/wrist_l_bind/index_001_l_bind/index_002_l_bind","cat":"step","ph":"X","ts":208627,"dur":3,"pid":1,"tid":18},
{"name":"ComposeSubtree /Biped/Rig/Joints/hips_bind/spine_0_bind/spine_1_bind/spine_2_bind/spine_3_bind/spine_4_bind/spine_5_bind/chest_bind/clavicle_l_bind/shoulder_l_bind/elbow_l_bind/wrist_l_bind/index_001_l_bind/index_002_l_bind/index_003_l_bind/index_004_l_bind","cat":"step","ph":"X","ts":208663,"dur":3,"pid":1,"tid":28},
{"name":"ComposeSubtree /Biped/Rig/Joints/hips_bind/spine_0_bind/spine_1_bind/spine_2_bind/spine_3_bind/spine_4_bind/spine_5_bind/chest_bind/clavicle_l_bind/shoulder_l_bind/elbow_l_bind/wrist_l_bind/middle_001_l_bind","cat":"step","ph":"X","ts":208611,"dur":1,"pid":1,"tid":4},
{"name":"ComposeSubtree /Biped/Rig/Joints/hips_bind/spine_0_bind/spine_1_bind/spine_2_bind/spine_3_bind/spine_4_bind/spine_5_bind/chest_bind/clavicle_l_bind/shoulder_l_bind/elbow_l_bind/wrist_l_bind/middle_001_l_bind/middle_002_l_bind","cat":"step","ph":"X","ts":208630,"dur":1,"pid":1,"tid":18},
{"name":"ComposeSubtree /Biped/Rig/Joints/hips_bind/spine_0_bind/spine_1_bind/spine_2_bind/spine_3_bind/spine_4_bind/spine_5_bind/chest_bind/clavicle_l_bind/shoulder_l_bind/elbow_l_bind/wrist_l_bind/pinkyCup_l_bind","cat":"step","ph":"X","ts":208612,"dur":1,"pid":1,"tid":4},
{"name":"ComposeSubtree /Biped/Rig/Joints/hips_bind/spine_0_bind/spine_1_bind/spine_2_bind/spine_3_bind/spine_4_bind/spine_5_bind/chest_bind/clavicle_l_bind/shoulder_l_bind/elbow_l_bind/wrist_l_bind/pinkyCup_l_bind/pinky_001_l_bind/pinky_002_l_bind/pinky_003_l_bind","cat":"step","ph":"X","ts":208666,"dur":1,"pid":1,"tid":28},
{"name":"ComposeSubtree /Biped/Rig/Joints/hips_bind/spine_0_bind/spine_1_bind/spine_2_bind/spine_3_bind/spine_4_bind/spine_5_bind/chest_bind/clavicle_l_bind/shoulder_l_bind/elbow_l_bind/wrist_l_bind/pinkyCup_l_bind/pinky_001_l_bind/pinky_002_l_bind/pinky_003_l_bind/pinky_004_l_bind","cat":"step","ph":"X","ts":208695,"dur":2,"pid":1,"tid":25},
{"name":"ComposeSubtree /Biped/Rig/Joints/hips_bind/spine_0_bind/spine_1_bind/spine_2_bind/spine_3_bind/spine_4_bind/spine_5_bind/chest_bind/clavicle_l_bind/shoulder_l_bind/elbow_l_bind/wrist_l_bind/ring_001_l_bind","cat":"step","ph":"X","ts":208613,"dur":1,"pid":1,"tid":4},
{"name":"ComposeSubtree /Biped/Rig/Joints/hips_bind/spine_0_bind/spine_1_bind/spine_2_bind/spine_3_bind/spine_4_bind/spine_5_bind/chest_bind/clavicle_l_bind/shoulder_l_bind/elbow_l_bind/wrist_l_bind/ring_001_l_bind/ring_002_l_bind","cat":"step","ph":"X","ts":208631,"dur":1,"pid":1,"tid":18},
{"name":"ComposeSubtree /Biped/Rig/Joints/hips_bind/spine_0_bind/spine_1_bind/spine_2_bind/spine_3_bind/spine_4_bind/spine_5_bind/chest_bind/clavicle_l_bind/shoulder_l_bind/elbow_l_bind/wrist_l_bind/thumbCup_l_bind","cat":"step","ph":"X","ts":208614,"dur":1,"pid":1,"tid":4},
{"name":"ComposeSubtree /Biped/Rig/Joints/hips_bind/spine_0_bind/spine_1_bind/spine_2_bind/spine_3_bind/spine_4_bind/spine_5_bind/chest_bind/clavicle_l_bind/shoulder_l_bind/elbow_l_bind/wrist_l_bind/thumbCup_l_bind/thumb_001_l_bind/thumb_002_l_bind","cat":"step","ph":"X","ts":208632,"dur":1,"pid":1,"tid":18},
{"name":"ComposeSubtree /Biped/Rig/Joints/hips_bind/spine_0_bind/spine_1_bind/spine_2_bind/spine_3_bind/spine_4_bind/spine_5_bind/chest_bind/clavicle_l_bind/shoulder_l_bind/elbow_l_bind/wrist_l_bind/thumbCup_l_bind/thumb_001_l_bind/thumb_002_l_bind/thumb_003_l_bind","cat":"step","ph":"X","ts":208667,"dur":1,"pid":1,"tid":28},
{"name":"ComposeSubtree /Biped/Rig/Joints/hips_bind/spine_0_bind/spine_1_bind/spine_2_bind/spine_3_bind/spine_4_bind/spine_5_bind/chest_bind/clavicle_r_bind","cat":"step","ph":"X","ts":208556,"dur":1,"pid":1,"tid":12},
{"name":"ComposeSubtree /Biped/Rig/Joints/hips_bind/spine_0_bind/spine_1_bind/spine_2_bind/spine_3_bind/spine_4_bind/spine_5_bind/chest_bind/clavicle_r_bind/clavicle_trans_r_bind","cat":"step","ph":"X","ts":208598,"dur":1,"pid":1,"tid":27},
{"name":"ComposeSubtree /Biped/Rig/Joints/hips_bind/spine_0_bind/spine_1_bind/spine_2_bind/spine_3_bind/spine_4_bind/spine_5_bind/chest_bind/clavicle_r_bind/shoulder_r_bind","cat":"step","ph":"X","ts":208599,"dur":1,"pid":1,"tid":27},
{"name":"ComposeSubtree /Biped/Rig/Joints/hips_bind/spine_0_bind/spine_1_bind/spine_2_bind/spine_3_bind/spine_4_bind/spine_5_bind/chest_bind/clavicle_r_bind/shoulder_r_bind/elbow_r_bind/elbowTwist_r_bind","cat":"step","ph":"X","ts":208615,"dur":1,"pid":1,"tid":4},
{"name":"ComposeSubtree /Biped/Rig/Joints/hips_bind/spine_0_bind/spine_1_bind/spine_2_bind/spine_3_bind/spine_4_bind/spine_5_bind/chest_bind/clavicle_r_bind/shoulder_r_bind/elbow_r_bind/wristTwist_r_bind","cat":"step","ph":"X","ts":208616,"dur":1,"pid":1,"tid":4},
{"name":"ComposeSubtree /Biped/Rig/Joints/hips_bind/spine_0_bind/spine_1_bind/spine_2_bind/spine_3_bind/spine_4_bind/spine_5_bind/chest_bind/clavicle_r_bind/shoulder_r_bind/elbow_r_bind/wristTwist_r_driver","cat":"step","ph":"X","ts":208617,"dur":1,"pid":1,"tid":4},
{"name":"ComposeSubtree /Biped/Rig/Joints/hips_bind/spine_0_bind/spine_1_bind/spine_2_bind/spine_3_bind/spine_4_bind/spine_5_bind/chest_bind/clavicle_r_bind/shoulder_r_bind/elbow_r_bind/wrist_r_bind/index_001_r_bind/index_002_r_bind","cat":"step","ph":"X","ts":208668,"dur":1,"pid":1,"tid":28},
{"name":"ComposeSubtree /Biped/Rig/Joints/hips_bind/spine_0_bind/spine_1_bind/spine_2_bind/spine_3_bind/spine_4_bind/spine_5_bind/chest_bind/clavicle_r_bind/shoulder_r_bind/elbow_r_bind/wrist_r_bind/index_001_r_bind/index_002_r_bind/index_003_r_bind/index_004_r_bind","cat":"step","ph":"X","ts":208697,"dur":1,"pid":1,"tid":25},
{"name":"ComposeSubtree /Biped/Rig/Joints/hips_bind/spine_0_bind/spine_1_bind/spine_2_bind/spine_3_bind/spine_4_bind/spine_5_bind/chest_bind/clavicle_r_bind/shoulder_r_bind/elbow_r_bind/wrist_r_bind/middle_001_r_bind","cat":"step","ph":"X","ts":208633,"dur":1,"pid":1,"tid":18},
{"name":"ComposeSubtree /Biped/Rig/Joints/hips_bind/spine_0_bind/spine_1_bind/spine_2_bind/spine_3_bind/spine_4_bind/spine_5_bind/chest_bind/clavicle_r_bind/shoulder_r_bind/elbow_r_bind/wrist_r_bind/middle_001_r_bind/middle_002_r_bind","cat":"step","ph":"X","ts":208669,"dur":1,"pid":1,"tid":28},
{"name":"ComposeSubtree /Biped/Rig/Joints/hips_bind/spine_0_bind/spine_1_bind/spine_2_bind/spine_3_bind/spine_4_bind/spine_5_bind/chest_bind/clavicle_r_bind/shoulder_r_bind/elbow_r_bind/wrist_r_bind/pinkyCup_r_bind","cat":"step","ph":"X","ts":208634,"dur":1,"pid":1,"tid":18},
{"name":"ComposeSubtree /Biped/Rig/Joints/hips_bind/spine_0_bind/spine_1_bind/spine_2_bind/spine_3_bind/spine_4_bind/spine_5_bind/chest_bind/clavicle_r_bind/shoulder_r_bind/elbow_r_bind/wrist_r_bind/pinkyCup_r_bind/pinky_001_r_bind/pinky_002_r_bind/pinky_003_r_bind","cat":"step","ph":"X","ts":208698,"dur":1,"pid":1,"tid":25},
{"name":"ComposeSubtree /Biped/Rig/Joints/hips_bind/spine_0_bind/spine_1_bind/spine_2_bind/spine_3_bind/spine_4_bind/spine_5_bind/chest_bind/clavicle_r_bind/shoulder_r_bind/elbow_r_bind/wrist_r_bind/pinkyCup_r_bind/pinky_001_r_bind/pinky_002_r_bind/pinky_003_r_bind/pinky_004_r_bind","cat":"step","ph":"X","ts":208710,"dur":1,"pid":1,"tid":25},
{"name":"ComposeSubtree /Biped/Rig/Joints/hips_bind/spine_0_bind/spine_1_bind/spine_2_bind/spine_3_bind/spine_4_bind/spine_5_bind/chest_bind/clavicle_r_bind/shoulder_r_bind/elbow_r_bind/wrist_r_bind/ring_001_r_bind","cat":"step","ph":"X","ts":208635,"dur":1,"pid":1,"tid":18},
{"name":"ComposeSubtree /Biped/Rig/Joints/hips_bind/spine_0_bind/spine_1_bind/spine_2_bind/spine_3_bind/spine_4_bind/spine_5_bind/chest_bind/clavicle_r_bind/shoulder_r_bind/elbow_r_bind/wrist_r_bind/ring_001_r_bind/ring_002_r_bind","cat":"step","ph":"X","ts":208670,"dur":1,"pid":1,"tid":28},
{"name":"ComposeSubtree /Biped/Rig/Joints/hips_bind/spine_0_bind/spine_1_bind/spine_2_bind/spine_3_bind/spine_4_bind/spine_5_bind/chest_bind/clavicle_r_bind/shoulder_r_bind/elbow_r_bind/wrist_r_bind/ring_001_r_bind/ring_002_r_bind/ring_003_r_bind/ring_004_r_bind","cat":"step","ph":"X","ts":208699,"dur":1,"pid":1,"tid":25},
{"name":"ComposeSubtree /Biped/Rig/Joints/hips_bind/spine_0_bind/spine_1_bind/spine_2_bind/spine_3_bind/spine_4_bind/spine_5_bind/chest_bind/clavicle_r_bind/shoulder_r_bind/elbow_r_bind/wrist_r_bind/thumbCup_r_bind","cat":"step","ph":"X","ts":208636,"dur":1,"pid":1,"tid":18},
{"name":"ComposeSubtree /Biped/Rig/Joints/hips_bind/spine_0_bind/spine_1_bind/spine_2_bind/spine_3_bind/spine_4_bind/spine_5_bind/chest_bind/clavicle_r_bind/shoulder_r_bind/elbow_r_bind/wrist_r_bind/thumbCup_r_bind/thumb_001_r_bind/thumb_002_r_bind","cat":"step","ph":"X","ts":208671,"dur":1,"pid":1,"tid":28},
{"name":"ComposeSubtree /Biped/Rig/Joints/hips_bind/spine_0_bind/spine_1_bind/spine_2_bind/spine_3_bind/spine_4_bind/spine_5_bind/chest_bind/neck_base_bind","cat":"step","ph":"X","ts":208557,"dur":1,"pid":1,"tid":12},
{"name":"ComposeSubtree /Biped/Rig/Joints/hips_bind/spine_0_bind/spine_1_bind/spine_2_bind/spine_3_bind/spine_4_bind/spine_5_bind/chest_bind/neck_base_bind/neck_0_bind/neck_1_bind","cat":"step","ph":"X","ts":208588,"dur":1,"pid":1,"tid":12},
{"name":"ComposeSubtree /Biped/Rig/Joints/hips_bind/spine_0_bind/spine_1_bind/spine_2_bind/spine_3_bind/spine_4_bind/spine_5_bind/chest_bind/neck_base_bind/neck_0_bind/neck_1_bind/neck_2_bind/neck_3_bind/skull_bind/face_lower_bind","cat":"step","ph":"X","ts":208637,"dur":1,"pid":1,"tid":18},
{"name":"ComposeSubtree /Biped/Rig/Joints/hips_bind/spine_0_bind/spine_1_bind/spine_2_bind/spine_3_bind/spine_4_bind/spine_5_bind/chest_bind/neck_base_bind/neck_0_bind/neck_1_bind/neck_2_bind/neck_3_bind/skull_bind/face_lower_bind/face_mid_bind/nose_bridge_bind","cat":"step","ph":"X","ts":208672,"dur":1,"pid":1,"tid":28},
{"name":"ComposeSubtree /Biped/Rig/Joints/hips_bind/spine_0_bind/spine_1_bind/spine_2_bind/spine_3_bind/spine_4_bind/spine_5_bind/chest_bind/neck_base_bind/neck_0_bind/neck_1_bind/neck_2_bind/neck_3_bind/skull_bind/face_lower_bind/jaw_bind/jaw_end","cat":"step","ph":"X","ts":208700,"dur":1,"pid":1,"tid":25},
{"name":"ComposeSubtree /Biped/Rig/Joints/hips_bind/spine_0_bind/spine_1_bind/spine_2_bind/spine_3_bind/spine_4_bind/spine_5_bind/chest_bind/neck_base_bind/neck_0_bind/neck_1_bind/neck_2_bind/neck_3_bind/skull_bind/face_lower_bind/jaw_bind/tongue_0_bind","cat":"step","ph":"X","ts":208701,"dur":1,"pid":1,"tid":25},
{"name":"ComposeSubtree /Biped/Rig/Joints/hips_bind/spine_0_bind/spine_1_bind/spine_2_bind/spine_3_bind/spine_4_bind/spine_5_bind/chest_bind/neck_base_bind/neck_0_bind/neck_1_bind/neck_2_bind/neck_3_bind/skull_bind/face_upper_bind","cat":"step","ph":"X","ts":208638,"dur":1,"pid":1,"tid":18},
{"name":"ComposeSubtree /Biped/Rig/Joints/hips_bind/spine_0_bind/spine_1_bind/spine_2_bind/spine_3_bind/spine_4_bind/spine_5_bind/chest_bind/neck_base_bind/neck_0_bind/neck_1_bind/neck_2_bind/neck_3_bind/skull_bind/face_upper_bind/eyeSocket_l_bind","cat":"step","ph":"X","ts":208673,"dur":1,"pid":1,"tid":28},
{"name":"ComposeSubtree /Biped/Rig/Joints/hips_bind/spine_0_bind/spine_1_bind/spine_2_bind/spine_3_bind/spine_4_bind/spine_5_bind/chest_bind/neck_base_bind/neck_0_bind/neck_1_bind/neck_2_bind/neck_3_bind/skull_bind/face_upper_bind/eyeSocket_r_bind","cat":"step","ph":"X","ts":208674,"dur":1,"pid":1,"tid":28},
{"name":"ComposeSubtree /Biped/Rig/Joints/hips_bind/spine_0_bind/spine_1_bind/spine_2_bind/spine_3_bind/spine_4_bind/spine_5_bind/chest_bind/neck_base_bind/neck_0_bind/neck_1_bind/neck_2_bind/neck_3_bind/skull_bind/face_upper_bind/head_tip_bind/brow_inner_r_bind","cat":"step","ph":"X","ts":208702,"dur":1,"pid":1,"tid":25},
{"name":"ComposeSubtree /Biped/Rig/Joints/hips_bind/spine_0_bind/spine_1_bind/spine_2_bind/spine_3_bind/spine_4_bind/spine_5_bind/chest_bind/neck_base_bind/neck_0_bind/neck_1_bind/neck_2_bind/neck_3_bind/skull_bind/face_upper_bind/head_tip_bind/brow_peak_r_bind","cat":"step","ph":"X","ts":208703,"dur":1,"pid":1,"tid":25},
{"name":"ComposeSubtree /Biped/Rig/Joints/neck_ik_neck_0_bind/neck_ik_neck_1_bind","cat":"step","ph":"X","ts":208711,"dur":1,"pid":1,"tid":25},
{"name":"ComposeSubtree /Biped/Rig/Joints/neck_ik_neck_0_bind/neck_ik_neck_1_bind/neck_ik_neck_2_bind/neck_ik_neck_3_bind","cat":"step","ph":"X","ts":208732,"dur":1,"pid":1,"tid":25},
{"name":"ComposeSubtree /Biped/Rig/Joints/pupilCenter_l_pivot","cat":"step","ph":"X","ts":208456,"dur":1,"pid":1,"tid":0},
{"name":"ComposeSubtree /Biped/Rig/Joints/spine_ik_spine_0_bind/spine_ik_spine_1_bind/spine_ik_spine_2_bind","cat":"step","ph":"X","ts":208465,"dur":1,"pid":1,"tid":0},
{"name":"ComposeSubtree /Biped/Rig/Joints/spine_ik_spine_0_bind/spine_ik_spine_1_bind/spine_ik_spine_2_bind/spine_ik_spine_3_bind/spine_ik_spine_4_bind/spine_ik_spine_5_bind","cat":"step","ph":"X","ts":208519,"dur":1,"pid":1,"tid":8},
{"name":"Solve /Biped/Rig/Solvers/arm_l_fkChain","cat":"step","ph":"X","ts":208558,"dur":5,"pid":1,"tid":12},
{"name":"SolverCommit batch 0","cat":"step","ph":"X","ts":208589,"dur":1,"pid":1,"tid":12},
{"name":"Solve /Biped/Rig/Solvers/arm_l_twoBoneIk","cat":"step","ph":"X","ts":208553,"dur":2,"pid":1,"tid":12},
{"name":"Solve /Biped/Rig/Solvers/arm_r_fkChain","cat":"step","ph":"X","ts":208590,"dur":1,"pid":1,"tid":12},
{"name":"Solve /Biped/Rig/Solvers/arm_r_twoBoneIk","cat":"step","ph":"X","ts":208537,"dur":2,"pid":1,"tid":8},
{"name":"SolverCommit batch 3","cat":"step","ph":"X","ts":208563,"dur":1,"pid":1,"tid":12},
{"name":"Solve /Biped/Rig/Solvers/leg_l_fkChain","cat":"step","ph":"X","ts":208539,"dur":4,"pid":1,"tid":8},
{"name":"Solve /Biped/Rig/Solvers/leg_r_fkChain","cat":"step","ph":"X","ts":208564,"dur":1,"pid":1,"tid":12},
{"name":"Solve /Biped/Rig/Solvers/neck_splineIk","cat":"step","ph":"X","ts":208565,"dur":23,"pid":1,"tid":12},
{"name":"SolverCommit batch 6","cat":"step","ph":"X","ts":208753,"dur":2,"pid":1,"tid":28},
{"name":"Constraint /Biped/Rig/Movers/spine_mid_follow/spine_mid_follow_pos","cat":"step","ph":"X","ts":208520,"dur":14,"pid":1,"tid":8},
{"name":"Solve /Biped/Rig/Solvers/arm_l_ikfk","cat":"step","ph":"X","ts":208591,"dur":2,"pid":1,"tid":12},
{"name":"SolverCommit batch 8","cat":"step","ph":"X","ts":208619,"dur":3,"pid":1,"tid":4},
{"name":"Solve /Biped/Rig/Solvers/arm_r_ikfk","cat":"step","ph":"X","ts":208622,"dur":2,"pid":1,"tid":4},
{"name":"SolverCommit batch 9","cat":"step","ph":"X","ts":208639,"dur":3,"pid":1,"tid":18},
{"name":"Constraint /Biped/Rig/Movers/spine_mid_follow/spine_mid_follow_aim","cat":"step","ph":"X","ts":208543,"dur":6,"pid":1,"tid":8},
{"name":"Solve /Biped/Rig/Solvers/spine_splineIk","cat":"step","ph":"X","ts":208550,"dur":18,"pid":1,"tid":8},
{"name":"SolverCommit batch 11","cat":"step","ph":"X","ts":208593,"dur":2,"pid":1,"tid":12},
{"name":"Constraint /Biped/Rig/Movers/hand_r_follow/thumbCup_r_bind_fk_follow_to_wrist_r_bind","cat":"step","ph":"X","ts":208675,"dur":12,"pid":1,"tid":28},
{"name":"Solve /Biped/Rig/Solvers/fk_thumb_r","cat":"step","ph":"X","ts":208704,"dur":4,"pid":1,"tid":25},
{"name":"SolverCommit batch 13","cat":"step","ph":"X","ts":208712,"dur":2,"pid":1,"tid":25},
{"name":"Constraint /Biped/Rig/Movers/hand_r_follow/ring_001_r_bind_fk_follow_to_wrist_r_bind","cat":"step","ph":"X","ts":208687,"dur":6,"pid":1,"tid":28},
{"name":"Solve /Biped/Rig/Solvers/fk_ring_r","cat":"step","ph":"X","ts":208708,"dur":2,"pid":1,"tid":25},
{"name":"SolverCommit batch 15","cat":"step","ph":"X","ts":208714,"dur":1,"pid":1,"tid":25},
{"name":"Constraint /Biped/Rig/Movers/hand_r_follow/pinkyCup_r_bind_fk_follow_to_wrist_r_bind","cat":"step","ph":"X","ts":208664,"dur":12,"pid":1,"tid":29},
{"name":"Solve /Biped/Rig/Solvers/fk_pinky_r","cat":"step","ph":"X","ts":208688,"dur":4,"pid":1,"tid":29},
{"name":"SolverCommit batch 17","cat":"step","ph":"X","ts":208733,"dur":1,"pid":1,"tid":25},
{"name":"Constraint /Biped/Rig/Movers/hand_r_follow/middle_001_r_bind_fk_follow_to_wrist_r_bind","cat":"step","ph":"X","ts":208676,"dur":7,"pid":1,"tid":29},
{"name":"Solve /Biped/Rig/Solvers/fk_middle_r","cat":"step","ph":"X","ts":208692,"dur":2,"pid":1,"tid":29},
{"name":"SolverCommit batch 19","cat":"step","ph":"X","ts":208715,"dur":1,"pid":1,"tid":25},
{"name":"Constraint /Biped/Rig/Movers/hand_r_follow/index_001_r_bind_fk_follow_to_wrist_r_bind","cat":"step","ph":"X","ts":208683,"dur":5,"pid":1,"tid":29},
{"name":"Solve /Biped/Rig/Solvers/fk_index_r","cat":"step","ph":"X","ts":208694,"dur":2,"pid":1,"tid":29},
{"name":"SolverCommit batch 21","cat":"step","ph":"X","ts":208716,"dur":2,"pid":1,"tid":25},
{"name":"Constraint /Biped/Rig/Movers/hand_l_follow/thumbCup_l_bind_fk_follow_to_wrist_l_bind","cat":"step","ph":"X","ts":208642,"dur":12,"pid":1,"tid":18},
{"name":"Solve /Biped/Rig/Solvers/fk_thumb_l","cat":"step","ph":"X","ts":208665,"dur":5,"pid":1,"tid":30},
{"name":"SolverCommit batch 23","cat":"step","ph":"X","ts":208694,"dur":1,"pid":1,"tid":1},
{"name":"Constraint /Biped/Rig/Movers/hand_l_follow/ring_001_l_bind_fk_follow_to_wrist_l_bind","cat":"step","ph":"X","ts":208654,"dur":6,"pid":1,"tid":18},
{"name":"Solve /Biped/Rig/Solvers/fk_ring_l","cat":"step","ph":"X","ts":208671,"dur":2,"pid":1,"tid":30},
{"name":"SolverCommit batch 25","cat":"step","ph":"X","ts":208696,"dur":1,"pid":1,"tid":1},
{"name":"Constraint /Biped/Rig/Movers/hand_l_follow/pinkyCup_l_bind_fk_follow_to_wrist_l_bind","cat":"step","ph":"X","ts":208628,"dur":12,"pid":1,"tid":1},
{"name":"Solve /Biped/Rig/Solvers/fk_pinky_l","cat":"step","ph":"X","ts":208673,"dur":3,"pid":1,"tid":30},
{"name":"SolverCommit batch 27","cat":"step","ph":"X","ts":208718,"dur":1,"pid":1,"tid":25},
{"name":"Constraint /Biped/Rig/Movers/hand_l_follow/middle_001_l_bind_fk_follow_to_wrist_l_bind","cat":"step","ph":"X","ts":208640,"dur":5,"pid":1,"tid":1},
{"name":"Solve /Biped/Rig/Solvers/fk_middle_l","cat":"step","ph":"X","ts":208649,"dur":3,"pid":1,"tid":1},
{"name":"SolverCommit batch 29","cat":"step","ph":"X","ts":208697,"dur":1,"pid":1,"tid":1},
{"name":"Constraint /Biped/Rig/Movers/hand_l_follow/index_001_l_bind_fk_follow_to_wrist_l_bind","cat":"step","ph":"X","ts":208645,"dur":3,"pid":1,"tid":1},
{"name":"Solve /Biped/Rig/Solvers/fk_index_l","cat":"step","ph":"X","ts":208652,"dur":2,"pid":1,"tid":1},
{"name":"SolverCommit batch 31","cat":"step","ph":"X","ts":208698,"dur":1,"pid":1,"tid":1},
{"name":"Constraint /Biped/Rig/Movers/bankIn_r_pivot_rc/bankIn_r_pivot_rotation","cat":"step","ph":"X","ts":208628,"dur":7,"pid":1,"tid":13},
{"name":"Constraint /Biped/Rig/Movers/bankOut_r_pivot_rc/bankOut_r_pivot_rotation","cat":"step","ph":"X","ts":208654,"dur":4,"pid":1,"tid":1},
{"name":"Constraint /Biped/Rig/Movers/heel_r_roll_rc/heel_r_roll_rotation","cat":"step","ph":"X","ts":208699,"dur":1,"pid":1,"tid":1},
{"name":"Constraint /Biped/Rig/Movers/toe_r_roll_rc/toe_r_roll_rotation","cat":"step","ph":"X","ts":208719,"dur":5,"pid":1,"tid":25},
{"name":"Constraint /Biped/Rig/Movers/ballRoll_r_up_rc/ballRoll_r_up_rotation","cat":"step","ph":"X","ts":208734,"dur":2,"pid":1,"tid":25},
{"name":"Constraint /Biped/Rig/Movers/ballRoll_r_down_rc/ballRoll_r_down_rotation","cat":"step","ph":"X","ts":208755,"dur":4,"pid":1,"tid":28},
{"name":"Solve /Biped/Rig/Solvers/leg_r_twoBoneIk","cat":"step","ph":"X","ts":208773,"dur":1,"pid":1,"tid":28},
{"name":"Solve /Biped/Rig/Solvers/leg_r_ikfk","cat":"step","ph":"X","ts":208781,"dur":1,"pid":1,"tid":28},
{"name":"SolverCommit batch 39","cat":"step","ph":"X","ts":208793,"dur":7,"pid":1,"tid":28},
{"name":"Constraint /Biped/Rig/Movers/ankle_r_bind_scAim/ankle_r_bind_aim","cat":"step","ph":"X","ts":208834,"dur":8,"pid":1,"tid":15},
{"name":"Constraint /Biped/Rig/Movers/ball_r_bind_scAim/ball_r_bind_aim","cat":"step","ph":"X","ts":208858,"dur":11,"pid":1,"tid":12},
{"name":"Constraint /Biped/Rig/Movers/bankIn_l_pivot_rc/bankIn_l_pivot_rotation","cat":"step","ph":"X","ts":208605,"dur":6,"pid":1,"tid":27},
{"name":"Constraint /Biped/Rig/Movers/bankOut_l_pivot_rc/bankOut_l_pivot_rotation","cat":"step","ph":"X","ts":208635,"dur":1,"pid":1,"tid":13},
{"name":"Constraint /Biped/Rig/Movers/heel_l_roll_rc/heel_l_roll_rotation","cat":"step","ph":"X","ts":208665,"dur":4,"pid":1,"tid":0},
{"name":"Constraint /Biped/Rig/Movers/toe_l_roll_rc/toe_l_roll_rotation","cat":"step","ph":"X","ts":208700,"dur":1,"pid":1,"tid":1},
{"name":"Constraint /Biped/Rig/Movers/ballRoll_l_up_rc/ballRoll_l_up_rotation","cat":"step","ph":"X","ts":208725,"dur":1,"pid":1,"tid":25},
{"name":"Constraint /Biped/Rig/Movers/ballRoll_l_down_rc/ballRoll_l_down_rotation","cat":"step","ph":"X","ts":208736,"dur":1,"pid":1,"tid":25},
{"name":"Solve /Biped/Rig/Solvers/leg_l_twoBoneIk","cat":"step","ph":"X","ts":208759,"dur":2,"pid":1,"tid":28},
{"name":"Solve /Biped/Rig/Solvers/leg_l_ikfk","cat":"step","ph":"X","ts":208774,"dur":1,"pid":1,"tid":28},
{"name":"SolverCommit batch 49","cat":"step","ph":"X","ts":208782,"dur":8,"pid":1,"tid":28},
{"name":"Constraint /Biped/Rig/Movers/ankle_l_bind_scAim/ankle_l_bind_aim","cat":"step","ph":"X","ts":208800,"dur":8,"pid":1,"tid":28},
{"name":"Constraint /Biped/Rig/Movers/ball_l_bind_scAim/ball_l_bind_aim","cat":"step","ph":"X","ts":208842,"dur":5,"pid":1,"tid":15},
{"name":"Constraint /Biped/Rig/Movers/hips_follow/spine_root_ctl_drives_hips_bind","cat":"step","ph":"X","ts":208480,"dur":10,"pid":1,"tid":0},
{"name":"CommitDelta /Biped/Rig/Movers/hips_follow/spine_root_ctl_drives_hips_bind","cat":"step","ph":"X","ts":208534,"dur":1,"pid":1,"tid":8},
{"name":"PropagateChunk /Biped/Rig/Movers/hips_follow/spine_root_ctl_drives_hips_bind","cat":"step","ph":"X","ts":208761,"dur":6,"pid":1,"tid":28},
{"name":"PropagateChunk /Biped/Rig/Movers/hips_follow/spine_root_ctl_drives_hips_bind","cat":"step","ph":"X","ts":208726,"dur":1,"pid":1,"tid":25},
{"name":"CommitApply /Biped/Rig/Movers/hips_follow/spine_root_ctl_drives_hips_bind","cat":"step","ph":"X","ts":208775,"dur":4,"pid":1,"tid":28},
{"name":"Constraint /Biped/Rig/Movers/hips_follow/spine_root_ctl_scales_hips_bind","cat":"step","ph":"X","ts":208790,"dur":2,"pid":1,"tid":28},
{"name":"PropagateChunk /Biped/Rig/Movers/hips_follow/spine_root_ctl_scales_hips_bind","cat":"step","ph":"X","ts":208847,"dur":4,"pid":1,"tid":15},
{"name":"PropagateChunk /Biped/Rig/Movers/hips_follow/spine_root_ctl_scales_hips_bind","cat":"step","ph":"X","ts":208851,"dur":1,"pid":1,"tid":15},
{"name":"CommitApply /Biped/Rig/Movers/hips_follow/spine_root_ctl_scales_hips_bind","cat":"step","ph":"X","ts":208869,"dur":3,"pid":1,"tid":12},
{"name":"Constraint /Biped/Rig/Movers/spine_to_bind/spine_ik_spine_0_bind_scale_to_spine_0_bind","cat":"step","ph":"X","ts":208895,"dur":11,"pid":1,"tid":22},
{"name":"Constraint /Biped/Rig/Movers/spine_to_bind/spine_ik_spine_0_bind_to_spine_0_bind","cat":"step","ph":"X","ts":208915,"dur":11,"pid":1,"tid":30},
{"name":"Constraint /Biped/Rig/Movers/spine_to_bind/spine_ik_spine_1_bind_scale_to_spine_1_bind","cat":"step","ph":"X","ts":208931,"dur":8,"pid":1,"tid":19},
{"name":"Constraint /Biped/Rig/Movers/spine_to_bind/spine_ik_spine_1_bind_to_spine_1_bind","cat":"step","ph":"X","ts":208960,"dur":13,"pid":1,"tid":0},
{"name":"Constraint /Biped/Rig/Movers/spine_to_bind/spine_ik_spine_2_bind_scale_to_spine_2_bind","cat":"step","ph":"X","ts":208979,"dur":12,"pid":1,"tid":8},
{"name":"Constraint /Biped/Rig/Movers/spine_to_bind/spine_ik_spine_2_bind_to_spine_2_bind","cat":"step","ph":"X","ts":208997,"dur":10,"pid":1,"tid":8},
{"name":"Constraint /Biped/Rig/Movers/spine_to_bind/spine_ik_spine_3_bind_scale_to_spine_3_bind","cat":"step","ph":"X","ts":209008,"dur":8,"pid":1,"tid":8},
{"name":"Constraint /Biped/Rig/Movers/spine_to_bind/spine_ik_spine_3_bind_to_spine_3_bind","cat":"step","ph":"X","ts":209017,"dur":9,"pid":1,"tid":8},
{"name":"Constraint /Biped/Rig/Movers/spine_to_bind/spine_ik_spine_4_bind_scale_to_spine_4_bind","cat":"step","ph":"X","ts":209027,"dur":8,"pid":1,"tid":8},
{"name":"Constraint /Biped/Rig/Movers/spine_to_bind/spine_ik_spine_4_bind_to_spine_4_bind","cat":"step","ph":"X","ts":209035,"dur":10,"pid":1,"tid":8},
{"name":"Constraint /Biped/Rig/Movers/spine_to_bind/spine_ik_spine_5_bind_scale_to_spine_5_bind","cat":"step","ph":"X","ts":209045,"dur":8,"pid":1,"tid":8},
{"name":"Constraint /Biped/Rig/Movers/spine_to_bind/spine_ik_spine_5_bind_to_spine_5_bind","cat":"step","ph":"X","ts":209053,"dur":9,"pid":1,"tid":8},
{"name":"Constraint /Biped/Rig/Movers/spine_to_bind/spine_ik_chest_bind_scale_to_chest_bind","cat":"step","ph":"X","ts":209062,"dur":8,"pid":1,"tid":8},
{"name":"Constraint /Biped/Rig/Movers/spine_to_bind/spine_ik_chest_bind_to_chest_bind","cat":"step","ph":"X","ts":209071,"dur":9,"pid":1,"tid":8},
{"name":"Constraint /Biped/Rig/Movers/girdles/spine_end_ctl_drives_chest_bind","cat":"step","ph":"X","ts":209081,"dur":9,"pid":1,"tid":8},
{"name":"Constraint /Biped/Rig/Movers/girdles/pelvis_r_ctl_drives_pelvis_r_bind","cat":"step","ph":"X","ts":208906,"dur":4,"pid":1,"tid":22},
{"name":"Constraint /Biped/Rig/Movers/girdles/pelvis_l_ctl_drives_pelvis_l_bind","cat":"step","ph":"X","ts":208910,"dur":3,"pid":1,"tid":22},
{"name":"Constraint /Biped/Rig/Movers/girdles/clavicle_r_ctl_drives_clavicle_r_bind","cat":"step","ph":"X","ts":209090,"dur":3,"pid":1,"tid":8},
{"name":"Constraint /Biped/Rig/Movers/girdles/clavicle_l_ctl_drives_clavicle_l_bind","cat":"step","ph":"X","ts":209093,"dur":3,"pid":1,"tid":8},
{"name":"Constraint /Biped/Rig/Movers/girdles/spine_end_ctl_unsquashes_neck_base_bind","cat":"step","ph":"X","ts":209096,"dur":5,"pid":1,"tid":8},
{"name":"Constraint /Biped/Rig/Movers/girdles/clavicle_r_ctl_unsquashes_clavicle_r_bind","cat":"step","ph":"X","ts":209102,"dur":3,"pid":1,"tid":8},
{"name":"Constraint /Biped/Rig/Movers/girdles/clavicle_l_ctl_unsquashes_clavicle_l_bind","cat":"step","ph":"X","ts":209105,"dur":4,"pid":1,"tid":8},
{"name":"Constraint /Biped/Rig/Movers/neck_to_bind/neck_ik_neck_0_bind_scale_to_neck_0_bind","cat":"step","ph":"X","ts":209109,"dur":6,"pid":1,"tid":8},
{"name":"Constraint /Biped/Rig/Movers/neck_to_bind/neck_ik_neck_0_bind_to_neck_0_bind","cat":"step","ph":"X","ts":209128,"dur":8,"pid":1,"tid":8},
{"name":"Constraint /Biped/Rig/Movers/neck_to_bind/neck_ik_neck_1_bind_scale_to_neck_1_bind","cat":"step","ph":"X","ts":209142,"dur":7,"pid":1,"tid":5},
{"name":"Constraint /Biped/Rig/Movers/neck_to_bind/neck_ik_neck_1_bind_to_neck_1_bind","cat":"step","ph":"X","ts":209158,"dur":6,"pid":1,"tid":5},
{"name":"Constraint /Biped/Rig/Movers/neck_to_bind/neck_ik_neck_2_bind_scale_to_neck_2_bind","cat":"step","ph":"X","ts":209175,"dur":8,"pid":1,"tid":20},
{"name":"Constraint /Biped/Rig/Movers/neck_to_bind/neck_ik_neck_2_bind_to_neck_2_bind","cat":"step","ph":"X","ts":209189,"dur":7,"pid":1,"tid":20},
{"name":"Constraint /Biped/Rig/Movers/neck_to_bind/neck_ik_neck_3_bind_scale_to_neck_3_bind","cat":"step","ph":"X","ts":209206,"dur":5,"pid":1,"tid":20},
{"name":"Constraint /Biped/Rig/Movers/neck_to_bind/neck_ik_neck_3_bind_to_neck_3_bind","cat":"step","ph":"X","ts":210127,"dur":8,"pid":1,"tid":20},
{"name":"Constraint /Biped/Rig/Movers/neck_to_bind/neck_ik_skull_bind_scale_to_skull_bind","cat":"step","ph":"X","ts":210689,"dur":6,"pid":1,"tid":20},
{"name":"Constraint /Biped/Rig/Movers/neck_to_bind/neck_ik_skull_bind_to_skull_bind","cat":"step","ph":"X","ts":210734,"dur":7,"pid":1,"tid":20},
{"name":"Constraint /Biped/Rig/Movers/twist_aims/wristTwist_r_bind_copy","cat":"step","ph":"X","ts":208669,"dur":7,"pid":1,"tid":0},
{"name":"Constraint /Biped/Rig/Movers/twist_aims/wristTwist_r_bind_aim","cat":"step","ph":"X","ts":208701,"dur":5,"pid":1,"tid":1},
{"name":"Constraint /Biped/Rig/Movers/twist_aims/wristTwist_l_bind_copy","cat":"step","ph":"X","ts":208625,"dur":9,"pid":1,"tid":4},
{"name":"Constraint /Biped/Rig/Movers/twist_aims/wristTwist_l_bind_aim","cat":"step","ph":"X","ts":208676,"dur":5,"pid":1,"tid":0},
{"name":"Constraint /Biped/Rig/Movers/twist_aims/ankleTwist_r_bind_copy","cat":"step","ph":"X","ts":208872,"dur":6,"pid":1,"tid":12},
{"name":"Constraint /Biped/Rig/Movers/twist_aims/ankleTwist_r_bind_aim","cat":"step","ph":"X","ts":208895,"dur":7,"pid":1,"tid":30},
{"name":"Constraint /Biped/Rig/Movers/twist_aims/ankleTwist_l_bind_copy","cat":"step","ph":"X","ts":208852,"dur":3,"pid":1,"tid":15},
{"name":"Constraint /Biped/Rig/Movers/twist_aims/ankleTwist_l_bind_aim","cat":"step","ph":"X","ts":208878,"dur":9,"pid":1,"tid":12},
{"name":"Constraint /Biped/Rig/Movers/twist_aims/ankleTwist_r_bind_follows_ankle_r_bind","cat":"step","ph":"X","ts":208926,"dur":3,"pid":1,"tid":30},
{"name":"Constraint /Biped/Rig/Movers/twist_aims/ankleTwist_l_bind_follows_ankle_l_bind","cat":"step","ph":"X","ts":208902,"dur":2,"pid":1,"tid":30},
{"name":"Constraint /Biped/Rig/Movers/twist_aims/wristTwist_r_bind_follows_wrist_r_bind","cat":"step","ph":"X","ts":208727,"dur":4,"pid":1,"tid":25},
{"name":"Constraint /Biped/Rig/Movers/twist_aims/wristTwist_l_bind_follows_wrist_l_bind","cat":"step","ph":"X","ts":208694,"dur":3,"pid":1,"tid":28},
{"name":"Constraint /Biped/Rig/Movers/twist_aims/thighNoTwist_r_bind_follows_thigh_r_bind","cat":"step","ph":"X","ts":208929,"dur":1,"pid":1,"tid":30},
{"name":"Constraint /Biped/Rig/Movers/twist_aims/thighNoTwist_l_bind_follows_thigh_l_bind","cat":"step","ph":"X","ts":208918,"dur":4,"pid":1,"tid":19},
{"name":"Constraint /Biped/Rig/Movers/twist_aims/shoulderNoTwist_r_bind_follows_shoulder_r_bind","cat":"step","ph":"X","ts":209136,"dur":2,"pid":1,"tid":8},
{"name":"Constraint /Biped/Rig/Movers/twist_aims/shoulderNoTwist_l_bind_follows_shoulder_l_bind","cat":"step","ph":"X","ts":209138,"dur":1,"pid":1,"tid":8},
{"name":"Constraint /Biped/Rig/Movers/twist_aims/pelvis_trans_r_bind_follows_thigh_r_bind","cat":"step","ph":"X","ts":208922,"dur":2,"pid":1,"tid":19},
{"name":"Constraint /Biped/Rig/Movers/twist_aims/pelvis_trans_l_bind_follows_thigh_l_bind","cat":"step","ph":"X","ts":208924,"dur":1,"pid":1,"tid":19},
{"name":"Constraint /Biped/Rig/Movers/twist_aims/clavicle_trans_r_bind_follows_shoulder_r_bind","cat":"step","ph":"X","ts":209122,"dur":2,"pid":1,"tid":8},
{"name":"Constraint /Biped/Rig/Movers/twist_aims/clavicle_trans_l_bind_follows_shoulder_l_bind","cat":"step","ph":"X","ts":209124,"dur":2,"pid":1,"tid":8},
{"name":"Constraint /Biped/Rig/Movers/twist_aims/pelvis_trans_r_bind_aim","cat":"step","ph":"X","ts":208939,"dur":13,"pid":1,"tid":19},
{"name":"Constraint /Biped/Rig/Movers/twist_aims/pelvis_trans_l_bind_aim","cat":"step","ph":"X","ts":208952,"dur":3,"pid":1,"tid":19},
{"name":"Constraint /Biped/Rig/Movers/twist_aims/kneeTwist_r_bind_aim","cat":"step","ph":"X","ts":208821,"dur":6,"pid":1,"tid":28},
{"name":"Constraint /Biped/Rig/Movers/twist_aims/kneeTwist_l_bind_aim","cat":"step","ph":"X","ts":208808,"dur":5,"pid":1,"tid":28},
{"name":"Constraint /Biped/Rig/Movers/twist_aims/thighNoTwist_r_bind_aim","cat":"step","ph":"X","ts":208931,"dur":4,"pid":1,"tid":30},
{"name":"Constraint /Biped/Rig/Movers/twist_aims/thighNoTwist_l_bind_aim","cat":"step","ph":"X","ts":208935,"dur":4,"pid":1,"tid":30},
{"name":"Constraint /Biped/Rig/Movers/twist_aims/clavicle_trans_r_bind_aim","cat":"step","ph":"X","ts":209149,"dur":5,"pid":1,"tid":5},
{"name":"Constraint /Biped/Rig/Movers/twist_aims/clavicle_trans_l_bind_aim","cat":"step","ph":"X","ts":209154,"dur":4,"pid":1,"tid":5},
{"name":"Constraint /Biped/Rig/Movers/twist_aims/elbowTwist_r_bind_aim","cat":"step","ph":"X","ts":208681,"dur":4,"pid":1,"tid":0},
{"name":"Constraint /Biped/Rig/Movers/twist_aims/elbowTwist_l_bind_aim","cat":"step","ph":"X","ts":208634,"dur":7,"pid":1,"tid":4},
{"name":"Constraint /Biped/Rig/Movers/twist_aims/shoulderNoTwist_r_bind_aim","cat":"step","ph":"X","ts":209140,"dur":5,"pid":1,"tid":8},
{"name":"Constraint /Biped/Rig/Movers/twist_aims/shoulderNoTwist_l_bind_aim","cat":"step","ph":"X","ts":209145,"dur":4,"pid":1,"tid":8},
{"name":"Constraint /Biped/Rig/Movers/pose_drivers/thigh_r_driver_copies_thigh_r_bind","cat":"step","ph":"X","ts":208973,"dur":4,"pid":1,"tid":0},
{"name":"Constraint /Biped/Rig/Movers/pose_drivers/thigh_l_driver_copies_thigh_l_bind","cat":"step","ph":"X","ts":208959,"dur":5,"pid":1,"tid":19},
{"name":"Constraint /Biped/Rig/Movers/pose_drivers/thigh_r_twist_driver_copies_thighNoTwist_r_bind","cat":"step","ph":"X","ts":208991,"dur":6,"pid":1,"tid":8},
{"name":"Constraint /Biped/Rig/Movers/pose_drivers/thigh_l_twist_driver_copies_thighNoTwist_l_bind","cat":"step","ph":"X","ts":208978,"dur":3,"pid":1,"tid":0},
{"name":"Constraint /Biped/Rig/Movers/pose_drivers/ankleTwist_r_driver_copies_ankleTwist_r_bind","cat":"step","ph":"X","ts":208932,"dur":5,"pid":1,"tid":22},
{"name":"Constraint /Biped/Rig/Movers/pose_drivers/ankleTwist_l_driver_copies_ankleTwist_l_bind","cat":"step","ph":"X","ts":208914,"dur":5,"pid":1,"tid":22},
{"name":"Constraint /Biped/Rig/Movers/pose_drivers/toe_r_driver_copies_ball_r_bind","cat":"step","ph":"X","ts":208893,"dur":5,"pid":1,"tid":12},
{"name":"Constraint /Biped/Rig/Movers/pose_drivers/toe_l_driver_copies_ball_l_bind","cat":"step","ph":"X","ts":208887,"dur":5,"pid":1,"tid":12},
{"name":"Constraint /Biped/Rig/Movers/pose_drivers/knee_r_driver_copies_knee_r_bind","cat":"step","ph":"X","ts":208856,"dur":4,"pid":1,"tid":15},
{"name":"Constraint /Biped/Rig/Movers/pose_drivers/knee_l_driver_copies_knee_l_bind","cat":"step","ph":"X","ts":208827,"dur":5,"pid":1,"tid":28},
{"name":"Constraint /Biped/Rig/Movers/pose_drivers/ankleSwing_r_driver_copies_ankle_r_bind","cat":"step","ph":"X","ts":208937,"dur":11,"pid":1,"tid":22},
{"name":"Constraint /Biped/Rig/Movers/pose_drivers/ankleSwing_l_driver_copies_ankle_l_bind","cat":"step","ph":"X","ts":208919,"dur":5,"pid":1,"tid":22},
{"name":"Constraint /Biped/Rig/Movers/pose_drivers/shoulder_r_driver_copies_shoulder_r_bind","cat":"step","ph":"X","ts":209164,"dur":4,"pid":1,"tid":5},
{"name":"Constraint /Biped/Rig/Movers/pose_drivers/shoulder_l_driver_copies_shoulder_l_bind","cat":"step","ph":"X","ts":209168,"dur":4,"pid":1,"tid":5},
{"name":"Constraint /Biped/Rig/Movers/pose_drivers/wristTwist_r_driver_copies_wristTwist_r_bind","cat":"step","ph":"X","ts":208737,"dur":8,"pid":1,"tid":25},
{"name":"Constraint /Biped/Rig/Movers/pose_drivers/wristTwist_l_driver_copies_wristTwist_l_bind","cat":"step","ph":"X","ts":208715,"dur":6,"pid":1,"tid":28},
{"name":"Constraint /Biped/Rig/Movers/pose_drivers/shoulder_r_twist_driver_copies_shoulderNoTwist_r_bind","cat":"step","ph":"X","ts":209183,"dur":5,"pid":1,"tid":20},
{"name":"Constraint /Biped/Rig/Movers/pose_drivers/shoulder_l_twist_driver_copies_shoulderNoTwist_l_bind","cat":"step","ph":"X","ts":209173,"dur":4,"pid":1,"tid":5},
{"name":"Constraint /Biped/Rig/Movers/pose_drivers/wristSwing_r_driver_copies_wrist_r_bind","cat":"step","ph":"X","ts":208736,"dur":5,"pid":1,"tid":28},
{"name":"Constraint /Biped/Rig/Movers/pose_drivers/wristSwing_l_driver_copies_wrist_l_bind","cat":"step","ph":"X","ts":208721,"dur":5,"pid":1,"tid":28},
{"name":"Constraint /Biped/Rig/Movers/pose_drivers/elbow_r_driver_copies_elbow_r_bind","cat":"step","ph":"X","ts":208697,"dur":5,"pid":1,"tid":28},
{"name":"Constraint /Biped/Rig/Movers/pose_drivers/elbow_l_driver_copies_elbow_l_bind","cat":"step","ph":"X","ts":208662,"dur":6,"pid":1,"tid":18},
{"name":"Constraint /Biped/Rig/Movers/param_follow/leg_r_params_to_ankle_r_bind","cat":"step","ph":"X","ts":208860,"dur":4,"pid":1,"tid":15},
{"name":"Constraint /Biped/Rig/Movers/param_follow/leg_l_params_to_ankle_l_bind","cat":"step","ph":"X","ts":208832,"dur":5,"pid":1,"tid":28},
{"name":"Constraint /Biped/Rig/Movers/param_follow/arm_r_params_to_wrist_r_bind","cat":"step","ph":"X","ts":208668,"dur":5,"pid":1,"tid":18},
{"name":"Constraint /Biped/Rig/Movers/param_follow/arm_l_params_to_wrist_l_bind","cat":"step","ph":"X","ts":208641,"dur":5,"pid":1,"tid":4},
{"name":"ProviderMatrix /Biped/Rig/Controls/leg_l_ik/ankle_l_pivot/bankIn_l_pivot/bankOut_l_pivot final","cat":"step","ph":"X","ts":208673,"dur":1,"pid":1,"tid":18},
{"name":"ProviderMatrix /Biped/Rig/Controls/leg_l_ik/ankle_l_pivot/bankIn_l_pivot/bankOut_l_pivot/heel_l_roll final","cat":"step","ph":"X","ts":208702,"dur":1,"pid":1,"tid":28},
{"name":"ProviderMatrix /Biped/Rig/Controls/leg_l_ik/ankle_l_pivot/bankIn_l_pivot/bankOut_l_pivot/heel_l_roll/heel_l/ball_l_pivot/toe_l_roll final","cat":"step","ph":"X","ts":208726,"dur":1,"pid":1,"tid":28},
{"name":"ProviderMatrix /Biped/Rig/Controls/leg_l_ik/ankle_l_pivot/bankIn_l_pivot/bankOut_l_pivot/heel_l_roll/heel_l/ball_l_pivot/toe_l_roll/toe_l/ballRoll_l_up/ballRoll_l_down final","cat":"step","ph":"X","ts":208767,"dur":1,"pid":1,"tid":28},
{"name":"ProviderMatrix /Biped/Rig/Controls/leg_r_ik/ankle_r_pivot/bankIn_r_pivot/bankOut_r_pivot/heel_r_roll/heel_r/ball_r_pivot/toe_r_roll final","cat":"step","ph":"X","ts":208741,"dur":1,"pid":1,"tid":28},
{"name":"ProviderMatrix /Biped/Rig/Joints/ankle_l_pivot/bankIn_l_pivot final","cat":"step","ph":"X","ts":208466,"dur":1,"pid":1,"tid":0},
{"name":"ProviderMatrix /Biped/Rig/Joints/ankle_l_pivot/bankIn_l_pivot/bankOut_l_pivot/heel_l_pivot/ball_l_pivot/toe_l_pivot/toeBend_l_pivot final","cat":"step","ph":"X","ts":208549,"dur":1,"pid":1,"tid":8},
{"name":"ProviderMatrix /Biped/Rig/Joints/ankle_r_pivot/bankIn_r_pivot/bankOut_r_pivot final","cat":"step","ph":"X","ts":208490,"dur":1,"pid":1,"tid":0},
{"name":"ProviderMatrix /Biped/Rig/Joints/hips_bind final","cat":"step","ph":"X","ts":208898,"dur":1,"pid":1,"tid":12},
{"name":"ProviderMatrix /Biped/Rig/Joints/hips_bind/pelvis_l_bind final","cat":"step","ph":"X","ts":208924,"dur":1,"pid":1,"tid":22},
{"name":"ProviderMatrix /Biped/Rig/Joints/hips_bind/pelvis_l_bind/pelvis_trans_l_bind/thigh_l_driver/thigh_l_twist_driver final","cat":"step","ph":"X","ts":209007,"dur":1,"pid":1,"tid":8},
{"name":"ProviderMatrix /Biped/Rig/Joints/hips_bind/pelvis_l_bind/thigh_l_bind/knee_l_bind final","cat":"step","ph":"X","ts":208813,"dur":1,"pid":1,"tid":28},
{"name":"ProviderMatrix /Biped/Rig/Joints/hips_bind/pelvis_l_bind/thigh_l_bind/knee_l_bind/ankleTwist_l_bind final","cat":"step","ph":"X","ts":208925,"dur":1,"pid":1,"tid":22},
{"name":"ProviderMatrix /Biped/Rig/Joints/hips_bind/pelvis_l_bind/thigh_l_bind/knee_l_bind/ankleTwist_l_driver final","cat":"step","ph":"X","ts":208948,"dur":1,"pid":1,"tid":22},
{"name":"ProviderMatrix /Biped/Rig/Joints/hips_bind/pelvis_l_bind/thigh_l_bind/knee_l_bind/ankle_l_bind final","cat":"step","ph":"X","ts":208837,"dur":1,"pid":1,"tid":28},
{"name":"ProviderMatrix /Biped/Rig/Joints/hips_bind/pelvis_l_bind/thigh_l_bind/knee_l_bind/ankle_l_bind/ball_l_bind/toe2_001_l_bind/toe2_002_l_bind/toe2_003_l_bind final","cat":"step","ph":"X","ts":208865,"dur":1,"pid":1,"tid":15},
{"name":"ProviderMatrix /Biped/Rig/Joints/hips_bind/pelvis_l_bind/thigh_l_bind/knee_l_bind/ankle_l_bind/ball_l_bind/toe4_001_l_bind/toe4_002_l_bind final","cat":"step","ph":"X","ts":208866,"dur":1,"pid":1,"tid":15},
{"name":"ProviderMatrix /Biped/Rig/Joints/hips_bind/pelvis_l_bind/thigh_l_bind/knee_l_bind/ankle_l_bind/ball_l_bind/toe_l_bind final","cat":"step","ph":"X","ts":208867,"dur":1,"pid":1,"tid":15},
{"name":"ProviderMatrix /Biped/Rig/Joints/hips_bind/pelvis_r_bind/thigh_r_bind final","cat":"step","ph":"X","ts":208838,"dur":1,"pid":1,"tid":28},
{"name":"ProviderMatrix /Biped/Rig/Joints/hips_bind/pelvis_r_bind/thigh_r_bind/knee_r_bind/ankle_r_bind/ball_r_bind/toe1_001_r_bind final","cat":"step","ph":"X","ts":208899,"dur":1,"pid":1,"tid":12},
{"name":"ProviderMatrix /Biped/Rig/Joints/hips_bind/pelvis_r_bind/thigh_r_bind/knee_r_bind/ankle_r_bind/ball_r_bind/toe2_001_r_bind/toe2_002_r_bind final","cat":"step","ph":"X","ts":208900,"dur":1,"pid":1,"tid":12},
{"name":"ProviderMatrix /Biped/Rig/Joints/hips_bind/pelvis_r_bind/thigh_r_bind/knee_r_bind/ankle_r_bind/ball_r_bind/toe3_001_r_bind/toe3_002_r_bind final","cat":"step","ph":"X","ts":208901,"dur":1,"pid":1,"tid":12},
{"name":"ProviderMatrix /Biped/Rig/Joints/hips_bind/pelvis_r_bind/thigh_r_bind/knee_r_bind/ankle_r_bind/ball_r_bind/toe4_001_r_bind/toe4_002_r_bind final","cat":"step","ph":"X","ts":208902,"dur":1,"pid":1,"tid":12},
{"name":"ProviderMatrix /Biped/Rig/Joints/hips_bind/pelvis_r_bind/thigh_r_bind/knee_r_bind/ankle_r_bind/ball_r_bind/toe5_001_r_bind/toe5_002_r_bind/toe5_003_r_bind final","cat":"step","ph":"X","ts":208903,"dur":1,"pid":1,"tid":12},
{"name":"ProviderMatrix /Biped/Rig/Joints/hips_bind/spine_0_bind/spine_1_bind final","cat":"step","ph":"X","ts":208981,"dur":1,"pid":1,"tid":0},
{"name":"ProviderMatrix /Biped/Rig/Joints/hips_bind/spine_0_bind/spine_1_bind/spine_2_bind final","cat":"step","ph":"X","ts":209016,"dur":1,"pid":1,"tid":8},
{"name":"ProviderMatrix /Biped/Rig/Joints/hips_bind/spine_0_bind/spine_1_bind/spine_2_bind/spine_3_bind/spine_4_bind/spine_5_bind/chest_bind final","cat":"step","ph":"X","ts":209101,"dur":1,"pid":1,"tid":8},
{"name":"ProviderMatrix /Biped/Rig/Joints/hips_bind/spine_0_bind/spine_1_bind/spine_2_bind/spine_3_bind/spine_4_bind/spine_5_bind/chest_bind/clavicle_l_bind/clavicle_trans_l_bind/shoulder_l_driver/shoulder_l_twist_driver final","cat":"step","ph":"X","ts":209196,"dur":1,"pid":1,"tid":20},
{"name":"ProviderMatrix /Biped/Rig/Joints/hips_bind/spine_0_bind/spine_1_bind/spine_2_bind/spine_3_bind/spine_4_bind/spine_5_bind/chest_bind/clavicle_l_bind/shoulder_l_bind final","cat":"step","ph":"X","ts":208646,"dur":1,"pid":1,"tid":4},
{"name":"ProviderMatrix /Biped/Rig/Joints/hips_bind/spine_0_bind/spine_1_bind/spine_2_bind/spine_3_bind/spine_4_bind/spine_5_bind/chest_bind/clavicle_l_bind/shoulder_l_bind/elbow_l_bind/elbowTwist_l_bind final","cat":"step","ph":"X","ts":208674,"dur":1,"pid":1,"tid":18},
{"name":"ProviderMatrix /Biped/Rig/Joints/hips_bind/spine_0_bind/spine_1_bind/spine_2_bind/spine_3_bind/spine_4_bind/spine_5_bind/chest_bind/clavicle_l_bind/shoulder_l_bind/elbow_l_bind/wristTwist_l_bind final","cat":"step","ph":"X","ts":208727,"dur":1,"pid":1,"tid":28},
{"name":"ProviderMatrix /Biped/Rig/Joints/hips_bind/spine_0_bind/spine_1_bind/spine_2_bind/spine_3_bind/spine_4_bind/spine_5_bind/chest_bind/clavicle_l_bind/shoulder_l_bind/elbow_l_bind/wrist_l_bind final","cat":"step","ph":"X","ts":208647,"dur":1,"pid":1,"tid":4},
{"name":"ProviderMatrix /Biped/Rig/Joints/hips_bind/spine_0_bind/spine_1_bind/spine_2_bind/spine_3_bind/spine_4_bind/spine_5_bind/chest_bind/clavicle_l_bind/shoulder_l_bind/elbow_l_bind/wrist_l_bind/index_001_l_bind/index_002_l_bind/index_003_l_bind final","cat":"step","ph":"X","ts":208728,"dur":1,"pid":1,"tid":28},
{"name":"ProviderMatrix /Biped/Rig/Joints/hips_bind/spine_0_bind/spine_1_bind/spine_2_bind/spine_3_bind/spine_4_bind/spine_5_bind/chest_bind/clavicle_l_bind/shoulder_l_bind/elbow_l_bind/wrist_l_bind/middle_001_l_bind/middle_002_combo_l_driver final","cat":"step","ph":"X","ts":208729,"dur":1,"pid":1,"tid":28},
{"name":"ProviderMatrix /Biped/Rig/Joints/hips_bind/spine_0_bind/spine_1_bind/spine_2_bind/spine_3_bind/spine_4_bind/spine_5_bind/chest_bind/clavicle_l_bind/shoulder_l_bind/elbow_l_bind/wrist_l_bind/middle_001_l_bind/middle_002_l_bind/middle_003_l_bind/middle_004_l_bind/middle_005_l_bind final","cat":"step","ph":"X","ts":208730,"dur":1,"pid":1,"tid":28},
{"name":"ProviderMatrix /Biped/Rig/Joints/hips_bind/spine_0_bind/spine_1_bind/spine_2_bind/spine_3_bind/spine_4_bind/spine_5_bind/chest_bind/clavicle_l_bind/shoulder_l_bind/elbow_l_bind/wrist_l_bind/pinkyCup_l_bind/pinky_001_l_bind final","cat":"step","ph":"X","ts":208742,"dur":1,"pid":1,"tid":28},
{"name":"ProviderMatrix /Biped/Rig/Joints/hips_bind/spine_0_bind/spine_1_bind/spine_2_bind/spine_3_bind/spine_4_bind/spine_5_bind/chest_bind/clavicle_l_bind/shoulder_l_bind/elbow_l_bind/wrist_l_bind/pinkyCup_l_bind/pinky_001_l_bind/pinky_002_l_bind/pinky_003_l_bind/pinky_004_l_bind final","cat":"step","ph":"X","ts":208743,"dur":1,"pid":1,"tid":28},
{"name":"ProviderMatrix /Biped/Rig/Joints/hips_bind/spine_0_bind/spine_1_bind/spine_2_bind/spine_3_bind/spine_4_bind/spine_5_bind/chest_bind/clavicle_l_bind/shoulder_l_bind/elbow_l_bind/wrist_l_bind/ring_001_l_bind/ring_002_l_bind final","cat":"step","ph":"X","ts":208731,"dur":1,"pid":1,"tid":28},
{"name":"ProviderMatrix /Biped/Rig/Joints/hips_bind/spine_0_bind/spine_1_bind/spine_2_bind/spine_3_bind/spine_4_bind/spine_5_bind/chest_bind/clavicle_l_bind/shoulder_l_bind/elbow_l_bind/wrist_l_bind/thumbCup_l_bind/thumb_001_l_bind final","cat":"step","ph":"X","ts":208732,"dur":1,"pid":1,"tid":28},
{"name":"ProviderMatrix /Biped/Rig/Joints/hips_bind/spine_0_bind/spine_1_bind/spine_2_bind/spine_3_bind/spine_4_bind/spine_5_bind/chest_bind/clavicle_r_bind/clavicle_trans_r_bind final","cat":"step","ph":"X","ts":209172,"dur":1,"pid":1,"tid":5},
{"name":"ProviderMatrix /Biped/Rig/Joints/hips_bind/spine_0_bind/spine_1_bind/spine_2_bind/spine_3_bind/spine_4_bind/spine_5_bind/chest_bind/clavicle_r_bind/shoulder_combo_r_driver final","cat":"step","ph":"X","ts":209127,"dur":1,"pid":1,"tid":8},
{"name":"ProviderMatrix /Biped/Rig/Joints/hips_bind/spine_0_bind/spine_1_bind/spine_2_bind/spine_3_bind/spine_4_bind/spine_5_bind/chest_bind/clavicle_r_bind/shoulder_r_bind final","cat":"step","ph":"X","ts":208675,"dur":1,"pid":1,"tid":18},
{"name":"ProviderMatrix /Biped/Rig/Joints/hips_bind/spine_0_bind/spine_1_bind/spine_2_bind/spine_3_bind/spine_4_bind/spine_5_bind/chest_bind/clavicle_r_bind/shoulder_r_bind/elbow_r_bind/elbowTwist_r_bind/elbow_r_driver final","cat":"step","ph":"X","ts":208733,"dur":1,"pid":1,"tid":28},
{"name":"ProviderMatrix /Biped/Rig/Joints/hips_bind/spine_0_bind/spine_1_bind/spine_2_bind/spine_3_bind/spine_4_bind/spine_5_bind/chest_bind/clavicle_r_bind/shoulder_r_bind/elbow_r_bind/wristTwist_r_driver final","cat":"step","ph":"X","ts":208768,"dur":1,"pid":1,"tid":28},
{"name":"ProviderMatrix /Biped/Rig/Joints/hips_bind/spine_0_bind/spine_1_bind/spine_2_bind/spine_3_bind/spine_4_bind/spine_5_bind/chest_bind/clavicle_r_bind/shoulder_r_bind/elbow_r_bind/wrist_r_bind/index_001_r_bind/index_002_combo_r_driver final","cat":"step","ph":"X","ts":208744,"dur":1,"pid":1,"tid":28},
{"name":"ProviderMatrix /Biped/Rig/Joints/hips_bind/spine_0_bind/spine_1_bind/spine_2_bind/spine_3_bind/spine_4_bind/spine_5_bind/chest_bind/clavicle_r_bind/shoulder_r_bind/elbow_r_bind/wrist_r_bind/index_001_r_bind/index_002_r_bind/index_003_r_bind/index_004_r_bind/index_005_r_bind final","cat":"step","ph":"X","ts":208745,"dur":1,"pid":1,"tid":28},
{"name":"ProviderMatrix /Biped/Rig/Joints/hips_bind/spine_0_bind/spine_1_bind/spine_2_bind/spine_3_bind/spine_4_bind/spine_5_bind/chest_bind/clavicle_r_bind/shoulder_r_bind/elbow_r_bind/wrist_r_bind/middle_001_r_bind/middle_002_r_bind/middle_003_r_bind final","cat":"step","ph":"X","ts":208746,"dur":1,"pid":1,"tid":28},
{"name":"ProviderMatrix /Biped/Rig/Joints/hips_bind/spine_0_bind/spine_1_bind/spine_2_bind/spine_3_bind/spine_4_bind/spine_5_bind/chest_bind/clavicle_r_bind/shoulder_r_bind/elbow_r_bind/wrist_r_bind/ring_001_r_bind/ring_002_combo_r_driver final","cat":"step","ph":"X","ts":208747,"dur":1,"pid":1,"tid":28},
{"name":"ProviderMatrix /Biped/Rig/Joints/hips_bind/spine_0_bind/spine_1_bind/spine_2_bind/spine_3_bind/spine_4_bind/spine_5_bind/chest_bind/clavicle_r_bind/shoulder_r_bind/elbow_r_bind/wrist_r_bind/ring_001_r_bind/ring_002_r_bind/ring_003_r_bind/ring_004_r_bind/ring_005_r_bind final","cat":"step","ph":"X","ts":208748,"dur":1,"pid":1,"tid":28},
{"name":"ProviderMatrix /Biped/Rig/Joints/hips_bind/spine_0_bind/spine_1_bind/spine_2_bind/spine_3_bind/spine_4_bind/spine_5_bind/chest_bind/clavicle_r_bind/shoulder_r_bind/elbow_r_bind/wrist_r_bind/thumbCup_r_bind/thumb_001_r_bind/thumb_002_r_bind/thumb_003_r_bind final","cat":"step","ph":"X","ts":208749,"dur":1,"pid":1,"tid":28},
{"name":"ProviderMatrix /Biped/Rig/Joints/hips_bind/spine_0_bind/spine_1_bind/spine_2_bind/spine_3_bind/spine_4_bind/spine_5_bind/chest_bind/neck_base_bind/neck_0_bind/neck_1_bind/neck_2_bind final","cat":"step","ph":"X","ts":209211,"dur":1,"pid":1,"tid":20},
{"name":"ProviderMatrix /Biped/Rig/Joints/hips_bind/spine_0_bind/spine_1_bind/spine_2_bind/spine_3_bind/spine_4_bind/spine_5_bind/chest_bind/neck_base_bind/neck_0_bind/neck_1_bind/neck_2_bind/neck_3_bind/skull_bind final","cat":"step","ph":"X","ts":210741,"dur":1,"pid":1,"tid":20},
{"name":"ProviderMatrix /Biped/Rig/Joints/hips_bind/spine_0_bind/spine_1_bind/spine_2_bind/spine_3_bind/spine_4_bind/spine_5_bind/chest_bind/neck_base_bind/neck_0_bind/neck_1_bind/neck_2_bind/neck_3_bind/skull_bind/face_lower_bind/face_mid_bind/nose_bridge_bind/nose_bind final","cat":"step","ph":"X","ts":210742,"dur":1,"pid":1,"tid":20},
{"name":"ProviderMatrix /Biped/Rig/Joints/hips_bind/spine_0_bind/spine_1_bind/spine_2_bind/spine_3_bind/spine_4_bind/spine_5_bind/chest_bind/neck_base_bind/neck_0_bind/neck_1_bind/neck_2_bind/neck_3_bind/skull_bind/face_lower_bind/jaw_bind/tongue_0_bind final","cat":"step","ph":"X","ts":210743,"dur":1,"pid":1,"tid":20},
{"name":"ProviderMatrix /Biped/Rig/Joints/hips_bind/spine_0_bind/spine_1_bind/spine_2_bind/spine_3_bind/spine_4_bind/spine_5_bind/chest_bind/neck_base_bind/neck_0_bind/neck_1_bind/neck_2_bind/neck_3_bind/skull_bind/face_lower_bind/jaw_bind/tongue_0_bind/tongue_1_bind/tongue_2_bind/tongue_3_bind/tongue_4_bind final","cat":"step","ph":"X","ts":210744,"dur":1,"pid":1,"tid":20},
{"name":"ProviderMatrix /Biped/Rig/Joints/hips_bind/spine_0_bind/spine_1_bind/spine_2_bind/spine_3_bind/spine_4_bind/spine_5_bind/chest_bind/neck_base_bind/neck_0_bind/neck_1_bind/neck_2_bind/neck_3_bind/skull_bind/face_upper_bind/eyeSocket_r_bind final","cat":"step","ph":"X","ts":210745,"dur":1,"pid":1,"tid":20},
{"name":"ProviderMatrix /Biped/Rig/Joints/hips_bind/spine_0_bind/spine_1_bind/spine_2_bind/spine_3_bind/spine_4_bind/spine_5_bind/chest_bind/neck_base_bind/neck_0_bind/neck_1_bind/neck_2_bind/neck_3_bind/skull_bind/face_upper_bind/head_tip_bind/brow_inner_r_bind final","cat":"step","ph":"X","ts":210746,"dur":1,"pid":1,"tid":20},
{"name":"ProviderMatrix /Biped/Rig/Joints/hips_bind/spine_0_bind/spine_1_bind/spine_2_bind/spine_3_bind/spine_4_bind/spine_5_bind/chest_bind/neck_base_bind/neck_0_bind/neck_1_bind/neck_2_bind/neck_3_bind/skull_bind/face_upper_bind/head_tip_bind/brow_peak_l_bind final","cat":"step","ph":"X","ts":210747,"dur":1,"pid":1,"tid":20},
{"name":"ProviderMatrix /Biped/Rig/Joints/neck_ik_neck_0_bind final","cat":"step","ph":"X","ts":208779,"dur":1,"pid":1,"tid":28},
{"name":"ProviderMatrix /Biped/Rig/Joints/neck_ik_neck_0_bind/neck_ik_neck_1_bind/neck_ik_neck_2_bind/neck_ik_neck_3_bind/neck_ik_skull_bind final","cat":"step","ph":"X","ts":208780,"dur":1,"pid":1,"tid":28},
{"name":"ProviderMatrix /Biped/Rig/Joints/pupilCenter_r_pivot final","cat":"step","ph":"X","ts":208467,"dur":1,"pid":1,"tid":0},
{"name":"ProviderMatrix /Biped/Rig/Joints/spine_ik_spine_0_bind/spine_ik_spine_1_bind/spine_ik_spine_2_bind/spine_ik_spine_3_bind final","cat":"step","ph":"X","ts":208611,"dur":1,"pid":1,"tid":27},
{"name":"PoseInterpolator /Biped/Rig/PoseInterpolators/ankleSwing_l_driver","cat":"step","ph":"X","ts":208949,"dur":3,"pid":1,"tid":22},
{"name":"PoseInterpolator /Biped/Rig/PoseInterpolators/ankleSwing_r_driver","cat":"step","ph":"X","ts":208965,"dur":2,"pid":1,"tid":19},
{"name":"PoseInterpolator /Biped/Rig/PoseInterpolators/elbow_l_driver","cat":"step","ph":"X","ts":208704,"dur":4,"pid":1,"tid":28},
{"name":"PoseInterpolator /Biped/Rig/PoseInterpolators/elbow_r_driver","cat":"step","ph":"X","ts":208734,"dur":2,"pid":1,"tid":28},
{"name":"PoseInterpolator /Biped/Rig/PoseInterpolators/index_002_l","cat":"step","ph":"X","ts":208676,"dur":4,"pid":1,"tid":18},
{"name":"PoseInterpolator /Biped/Rig/PoseInterpolators/index_002_r","cat":"step","ph":"X","ts":208708,"dur":2,"pid":1,"tid":28},
{"name":"PoseInterpolator /Biped/Rig/PoseInterpolators/knee_l_driver","cat":"step","ph":"X","ts":208868,"dur":3,"pid":1,"tid":15},
{"name":"PoseInterpolator /Biped/Rig/PoseInterpolators/knee_r_driver","cat":"step","ph":"X","ts":208904,"dur":3,"pid":1,"tid":12},
{"name":"PoseInterpolator /Biped/Rig/PoseInterpolators/middle_002_l","cat":"step","ph":"X","ts":208680,"dur":2,"pid":1,"tid":18},
{"name":"PoseInterpolator /Biped/Rig/PoseInterpolators/middle_002_r","cat":"step","ph":"X","ts":208710,"dur":1,"pid":1,"tid":28},
{"name":"PoseInterpolator /Biped/Rig/PoseInterpolators/neckTwist","cat":"step","ph":"X","ts":209149,"dur":3,"pid":1,"tid":8},
{"name":"PoseInterpolator /Biped/Rig/PoseInterpolators/neck","cat":"step","ph":"X","ts":209152,"dur":2,"pid":1,"tid":8},
{"name":"PoseInterpolator /Biped/Rig/PoseInterpolators/pinky_002_l","cat":"step","ph":"X","ts":208682,"dur":2,"pid":1,"tid":18},
{"name":"PoseInterpolator /Biped/Rig/PoseInterpolators/pinky_002_r","cat":"step","ph":"X","ts":208711,"dur":2,"pid":1,"tid":28},
{"name":"PoseInterpolator /Biped/Rig/PoseInterpolators/ring_002_l","cat":"step","ph":"X","ts":208684,"dur":2,"pid":1,"tid":18},
{"name":"PoseInterpolator /Biped/Rig/PoseInterpolators/ring_002_r","cat":"step","ph":"X","ts":208713,"dur":2,"pid":1,"tid":28},
{"name":"PoseInterpolator /Biped/Rig/PoseInterpolators/shoulder_l_driver","cat":"step","ph":"X","ts":209178,"dur":2,"pid":1,"tid":5},
{"name":"PoseInterpolator /Biped/Rig/PoseInterpolators/shoulder_l_twist_driver","cat":"step","ph":"X","ts":209197,"dur":3,"pid":1,"tid":20},
{"name":"PoseInterpolator /Biped/Rig/PoseInterpolators/shoulder_r_driver","cat":"step","ph":"X","ts":209180,"dur":2,"pid":1,"tid":5},
{"name":"PoseInterpolator /Biped/Rig/PoseInterpolators/shoulder_r_twist_driver","cat":"step","ph":"X","ts":209200,"dur":6,"pid":1,"tid":20},
{"name":"PoseInterpolator /Biped/Rig/PoseInterpolators/thigh_l_driver","cat":"step","ph":"X","ts":208982,"dur":2,"pid":1,"tid":0},
{"name":"PoseInterpolator /Biped/Rig/PoseInterpolators/thigh_r_driver","cat":"step","ph":"X","ts":208984,"dur":2,"pid":1,"tid":0},
{"name":"PoseInterpolator /Biped/Rig/PoseInterpolators/toe_l","cat":"step","ph":"X","ts":208908,"dur":2,"pid":1,"tid":12},
{"name":"PoseInterpolator /Biped/Rig/PoseInterpolators/toe_l_twist","cat":"step","ph":"X","ts":208910,"dur":1,"pid":1,"tid":12},
{"name":"PoseInterpolator /Biped/Rig/PoseInterpolators/toe_r","cat":"step","ph":"X","ts":208927,"dur":3,"pid":1,"tid":22},
{"name":"PoseInterpolator /Biped/Rig/PoseInterpolators/toe_r_twist","cat":"step","ph":"X","ts":208930,"dur":1,"pid":1,"tid":22},
{"name":"PoseInterpolator /Biped/Rig/PoseInterpolators/torso","cat":"step","ph":"X","ts":208491,"dur":4,"pid":1,"tid":0},
{"name":"PoseInterpolator /Biped/Rig/PoseInterpolators/wristSwing_l_driver","cat":"step","ph":"X","ts":208750,"dur":3,"pid":1,"tid":28},
{"name":"PoseInterpolator /Biped/Rig/PoseInterpolators/wristSwing_r_driver","cat":"step","ph":"X","ts":208770,"dur":3,"pid":1,"tid":28},
{"name":"RevisionStatic /Biped/Rig/Movers/shapes_body_geo/body_geo_shapes","cat":"step","ph":"X","ts":209212,"dur":915,"pid":1,"tid":20},
{"name":"RevisionChunk /Biped/Rig/Movers/shapes_body_geo/body_geo_shapes","cat":"step","ph":"X","ts":210135,"dur":554,"pid":1,"tid":20},
{"name":"RevisionFuse /Biped/Rig/Movers/shapes_body_geo/body_geo_shapes","cat":"step","ph":"X","ts":210695,"dur":38,"pid":1,"tid":20},
{"name":"InfluenceFold /Biped/Rig/Movers/skin_body_geo/body_geo_skin","cat":"step","ph":"X","ts":210748,"dur":42,"pid":1,"tid":20},
{"name":"RevisionChunk /Biped/Rig/Movers/skin_body_geo/body_geo_skin","cat":"step","ph":"X","ts":210790,"dur":2236,"pid":1,"tid":20},
{"name":"RevisionFuse /Biped/Rig/Movers/skin_body_geo/body_geo_skin","cat":"step","ph":"X","ts":213026,"dur":4,"pid":1,"tid":20},
{"name":"ChainStatus /Biped/Geom/body_geo.points","cat":"step","ph":"X","ts":213030,"dur":20,"pid":1,"tid":20},
{"name":"Derived /Biped/Geom/body_geo.extent","cat":"step","ph":"X","ts":213050,"dur":458,"pid":1,"tid":20},
{"name":"cluster 0","cat":"cluster","ph":"X","ts":208442,"dur":15,"pid":1,"tid":0,"args":{"level":"1","steps":"21","waitUs":"5"}},
{"name":"cluster 1","cat":"cluster","ph":"X","ts":208457,"dur":11,"pid":1,"tid":0,"args":{"level":"2","steps":"30","waitUs":"0"}},
{"name":"cluster 2","cat":"cluster","ph":"X","ts":208497,"dur":14,"pid":1,"tid":8,"args":{"level":"3","steps":"21","waitUs":"29"}},
{"name":"cluster 3","cat":"cluster","ph":"X","ts":208511,"dur":25,"pid":1,"tid":8,"args":{"level":"4","steps":"22","waitUs":"0"}},
{"name":"cluster 4","cat":"cluster","ph":"X","ts":208539,"dur":16,"pid":1,"tid":12,"args":{"level":"5","steps":"17","waitUs":"3"}},
{"name":"cluster 5","cat":"cluster","ph":"X","ts":208558,"dur":13,"pid":1,"tid":22,"args":{"level":"6","steps":"20","waitUs":"3"}},
{"name":"cluster 6","cat":"cluster","ph":"X","ts":208589,"dur":11,"pid":1,"tid":27,"args":{"level":"7","steps":"16","waitUs":"1"}},
{"name":"cluster 7","cat":"cluster","ph":"X","ts":208607,"dur":17,"pid":1,"tid":4,"args":{"level":"8","steps":"14","waitUs":"7"}},
{"name":"cluster 8","cat":"cluster","ph":"X","ts":208477,"dur":18,"pid":1,"tid":0,"args":{"level":"3","steps":"15","waitUs":"9"}},
{"name":"cluster 9","cat":"cluster","ph":"X","ts":208627,"dur":33,"pid":1,"tid":18,"args":{"level":"9","steps":"15","waitUs":"3"}},
{"name":"cluster 10","cat":"cluster","ph":"X","ts":208663,"dur":30,"pid":1,"tid":28,"args":{"level":"10","steps":"18","waitUs":"2"}},
{"name":"cluster 11","cat":"cluster","ph":"X","ts":208695,"dur":15,"pid":1,"tid":25,"args":{"level":"11","steps":"13","waitUs":"2"}},
{"name":"cluster 12","cat":"cluster","ph":"X","ts":208556,"dur":32,"pid":1,"tid":12,"args":{"level":"6","steps":"8","waitUs":"1"}},
{"name":"cluster 13","cat":"cluster","ph":"X","ts":208710,"dur":21,"pid":1,"tid":25,"args":{"level":"12","steps":"12","waitUs":"0"}},
{"name":"cluster 14","cat":"cluster","ph":"X","ts":208588,"dur":7,"pid":1,"tid":12,"args":{"level":"7","steps":"6","waitUs":"0"}},
{"name":"cluster 15","cat":"cluster","ph":"X","ts":208731,"dur":14,"pid":1,"tid":25,"args":{"level":"13","steps":"6","waitUs":"0"}},
{"name":"cluster 17","cat":"cluster","ph":"X","ts":208537,"dur":13,"pid":1,"tid":8,"args":{"level":"5","steps":"7","waitUs":"1"}},
{"name":"cluster 18","cat":"cluster","ph":"X","ts":208753,"dur":20,"pid":1,"tid":28,"args":{"level":"14","steps":"16","waitUs":"0"}},
{"name":"cluster 19","cat":"cluster","ph":"X","ts":208550,"dur":18,"pid":1,"tid":8,"args":{"level":"6","steps":"1","waitUs":"0"}},
{"name":"cluster 20","cat":"cluster","ph":"X","ts":208664,"dur":24,"pid":1,"tid":29,"args":{"level":"10","steps":"3","waitUs":"3"}},
{"name":"cluster 21","cat":"cluster","ph":"X","ts":208688,"dur":8,"pid":1,"tid":29,"args":{"level":"11","steps":"3","waitUs":"0"}},
{"name":"cluster 22","cat":"cluster","ph":"X","ts":208664,"dur":12,"pid":1,"tid":30,"args":{"level":"10","steps":"3","waitUs":"3"}},
{"name":"cluster 23","cat":"cluster","ph":"X","ts":208694,"dur":12,"pid":1,"tid":1,"args":{"level":"11","steps":"7","waitUs":"1"}},
{"name":"cluster 24","cat":"cluster","ph":"X","ts":208628,"dur":20,"pid":1,"tid":1,"args":{"level":"9","steps":"3","waitUs":"4"}},
{"name":"cluster 25","cat":"cluster","ph":"X","ts":208649,"dur":9,"pid":1,"tid":1,"args":{"level":"10","steps":"3","waitUs":"0"}},
{"name":"cluster 26","cat":"cluster","ph":"X","ts":208628,"dur":8,"pid":1,"tid":13,"args":{"level":"9","steps":"2","waitUs":"3"}},
{"name":"cluster 27","cat":"cluster","ph":"X","ts":208773,"dur":8,"pid":1,"tid":28,"args":{"level":"15","steps":"10","waitUs":"0"}},
{"name":"cluster 28","cat":"cluster","ph":"X","ts":208781,"dur":12,"pid":1,"tid":28,"args":{"level":"16","steps":"4","waitUs":"0"}},
{"name":"cluster 29","cat":"cluster","ph":"X","ts":208793,"dur":21,"pid":1,"tid":28,"args":{"level":"17","steps":"6","waitUs":"0"}},
{"name":"cluster 30","cat":"cluster","ph":"X","ts":208834,"dur":21,"pid":1,"tid":15,"args":{"level":"18","steps":"5","waitUs":"20"}},
{"name":"cluster 31","cat":"cluster","ph":"X","ts":208857,"dur":35,"pid":1,"tid":12,"args":{"level":"19","steps":"5","waitUs":"2"}},
{"name":"cluster 32","cat":"cluster","ph":"X","ts":208605,"dur":7,"pid":1,"tid":27,"args":{"level":"8","steps":"8","waitUs":"5"}},
{"name":"cluster 33","cat":"cluster","ph":"X","ts":208665,"dur":20,"pid":1,"tid":0,"args":{"level":"10","steps":"4","waitUs":"3"}},
{"name":"cluster 34","cat":"cluster","ph":"X","ts":208895,"dur":18,"pid":1,"tid":22,"args":{"level":"20","steps":"3","waitUs":"2"}},
{"name":"cluster 35","cat":"cluster","ph":"X","ts":208915,"dur":15,"pid":1,"tid":30,"args":{"level":"21","steps":"3","waitUs":"2"}},
{"name":"cluster 36","cat":"cluster","ph":"X","ts":208931,"dur":24,"pid":1,"tid":19,"args":{"level":"22","steps":"3","waitUs":"1"}},
{"name":"cluster 37","cat":"cluster","ph":"X","ts":208960,"dur":17,"pid":1,"tid":0,"args":{"level":"23","steps":"2","waitUs":"5"}},
{"name":"cluster 38","cat":"cluster","ph":"X","ts":208979,"dur":18,"pid":1,"tid":8,"args":{"level":"24","steps":"2","waitUs":"2"}},
{"name":"cluster 39","cat":"cluster","ph":"X","ts":208997,"dur":11,"pid":1,"tid":8,"args":{"level":"25","steps":"3","waitUs":"0"}},
{"name":"cluster 40","cat":"cluster","ph":"X","ts":209008,"dur":9,"pid":1,"tid":8,"args":{"level":"26","steps":"2","waitUs":"0"}},
{"name":"cluster 41","cat":"cluster","ph":"X","ts":209017,"dur":9,"pid":1,"tid":8,"args":{"level":"27","steps":"1","waitUs":"0"}},
{"name":"cluster 42","cat":"cluster","ph":"X","ts":209026,"dur":9,"pid":1,"tid":8,"args":{"level":"28","steps":"2","waitUs":"0"}},
{"name":"cluster 43","cat":"cluster","ph":"X","ts":209035,"dur":10,"pid":1,"tid":8,"args":{"level":"29","steps":"1","waitUs":"0"}},
{"name":"cluster 44","cat":"cluster","ph":"X","ts":209045,"dur":8,"pid":1,"tid":8,"args":{"level":"30","steps":"2","waitUs":"0"}},
{"name":"cluster 45","cat":"cluster","ph":"X","ts":209053,"dur":9,"pid":1,"tid":8,"args":{"level":"31","steps":"1","waitUs":"0"}},
{"name":"cluster 46","cat":"cluster","ph":"X","ts":209062,"dur":9,"pid":1,"tid":8,"args":{"level":"32","steps":"2","waitUs":"0"}},
{"name":"cluster 47","cat":"cluster","ph":"X","ts":209071,"dur":9,"pid":1,"tid":8,"args":{"level":"33","steps":"1","waitUs":"0"}},
{"name":"cluster 48","cat":"cluster","ph":"X","ts":209080,"dur":10,"pid":1,"tid":8,"args":{"level":"34","steps":"1","waitUs":"0"}},
{"name":"cluster 49","cat":"cluster","ph":"X","ts":209090,"dur":12,"pid":1,"tid":8,"args":{"level":"35","steps":"4","waitUs":"0"}},
{"name":"cluster 50","cat":"cluster","ph":"X","ts":209102,"dur":13,"pid":1,"tid":8,"args":{"level":"36","steps":"4","waitUs":"0"}},
{"name":"cluster 51","cat":"cluster","ph":"X","ts":209128,"dur":11,"pid":1,"tid":8,"args":{"level":"37","steps":"3","waitUs":"13"}},
{"name":"cluster 52","cat":"cluster","ph":"X","ts":209142,"dur":16,"pid":1,"tid":5,"args":{"level":"38","steps":"3","waitUs":"3"}},
{"name":"cluster 53","cat":"cluster","ph":"X","ts":209158,"dur":15,"pid":1,"tid":5,"args":{"level":"39","steps":"7","waitUs":"0"}},
{"name":"cluster 54","cat":"cluster","ph":"X","ts":209174,"dur":15,"pid":1,"tid":20,"args":{"level":"40","steps":"2","waitUs":"1"}},
{"name":"cluster 55","cat":"cluster","ph":"X","ts":209189,"dur":17,"pid":1,"tid":20,"args":{"level":"41","steps":"5","waitUs":"0"}},
{"name":"cluster 56","cat":"cluster","ph":"X","ts":209206,"dur":921,"pid":1,"tid":20,"args":{"level":"42","steps":"3","waitUs":"0"}},
{"name":"cluster 57","cat":"cluster","ph":"X","ts":210127,"dur":562,"pid":1,"tid":20,"args":{"level":"43","steps":"2","waitUs":"0"}},
{"name":"cluster 58","cat":"cluster","ph":"X","ts":210689,"dur":44,"pid":1,"tid":20,"args":{"level":"44","steps":"3","waitUs":"0"}},
{"name":"cluster 59","cat":"cluster","ph":"X","ts":210733,"dur":15,"pid":1,"tid":20,"args":{"level":"46","steps":"28","waitUs":"0"}},
{"name":"cluster 60","cat":"cluster","ph":"X","ts":208625,"dur":23,"pid":1,"tid":4,"args":{"level":"9","steps":"7","waitUs":"0"}},
{"name":"cluster 61","cat":"cluster","ph":"X","ts":208895,"dur":9,"pid":1,"tid":30,"args":{"level":"20","steps":"2","waitUs":"2"}},
{"name":"cluster 62","cat":"cluster","ph":"X","ts":208694,"dur":21,"pid":1,"tid":28,"args":{"level":"11","steps":"12","waitUs":"1"}},
{"name":"cluster 63","cat":"cluster","ph":"X","ts":208918,"dur":7,"pid":1,"tid":19,"args":{"level":"21","steps":"3","waitUs":"5"}},
{"name":"cluster 64","cat":"cluster","ph":"X","ts":209122,"dur":6,"pid":1,"tid":8,"args":{"level":"37","steps":"8","waitUs":"7"}},
{"name":"cluster 65","cat":"cluster","ph":"X","ts":208821,"dur":18,"pid":1,"tid":28,"args":{"level":"18","steps":"7","waitUs":"7"}},
{"name":"cluster 66","cat":"cluster","ph":"X","ts":208931,"dur":8,"pid":1,"tid":30,"args":{"level":"22","steps":"2","waitUs":"0"}},
{"name":"cluster 67","cat":"cluster","ph":"X","ts":209140,"dur":14,"pid":1,"tid":8,"args":{"level":"38","steps":"5","waitUs":"1"}},
{"name":"cluster 68","cat":"cluster","ph":"X","ts":208959,"dur":8,"pid":1,"tid":19,"args":{"level":"23","steps":"8","waitUs":"4"}},
{"name":"cluster 69","cat":"cluster","ph":"X","ts":208978,"dur":8,"pid":1,"tid":0,"args":{"level":"24","steps":"6","waitUs":"1"}},
{"name":"cluster 70","cat":"cluster","ph":"X","ts":208932,"dur":20,"pid":1,"tid":22,"args":{"level":"22","steps":"7","waitUs":"0"}},
{"name":"cluster 71","cat":"cluster","ph":"X","ts":208914,"dur":17,"pid":1,"tid":22,"args":{"level":"21","steps":"12","waitUs":"0"}},
{"name":"cluster 72","cat":"cluster","ph":"X","ts":208893,"dur":18,"pid":1,"tid":12,"args":{"level":"20","steps":"29","waitUs":"0"}},
{"name":"cluster 73","cat":"cluster","ph":"X","ts":208856,"dur":15,"pid":1,"tid":15,"args":{"level":"19","steps":"28","waitUs":"1"}},
{"name":"cluster 74","cat":"cluster","ph":"X","ts":208715,"dur":21,"pid":1,"tid":28,"args":{"level":"12","steps":"31","waitUs":"0"}},
{"name":"cluster 75","cat":"cluster","ph":"X","ts":209173,"dur":9,"pid":1,"tid":5,"args":{"level":"40","steps":"6","waitUs":"0"}},
{"name":"cluster 76","cat":"cluster","ph":"X","ts":208736,"dur":17,"pid":1,"tid":28,"args":{"level":"13","steps":"37","waitUs":"0"}},
{"name":"cluster 77","cat":"cluster","ph":"X","ts":208662,"dur":24,"pid":1,"tid":18,"args":{"level":"10","steps":"12","waitUs":"0"}},
{"name":"cluster 78","cat":"cluster","ph":"X","ts":210748,"dur":42,"pid":1,"tid":20,"args":{"level":"47","steps":"1","waitUs":"0"}},
{"name":"cluster 79","cat":"cluster","ph":"X","ts":210790,"dur":2236,"pid":1,"tid":20,"args":{"level":"48","steps":"1","waitUs":"0"}},
{"name":"cluster 80","cat":"cluster","ph":"X","ts":213026,"dur":4,"pid":1,"tid":20,"args":{"level":"49","steps":"1","waitUs":"0"}},
{"name":"cluster 81","cat":"cluster","ph":"X","ts":213030,"dur":478,"pid":1,"tid":20,"args":{"level":"51","steps":"2","waitUs":"0"}},
{"name":"BakedPublish","cat":"baked","ph":"X","ts":213926,"dur":82,"pid":1,"tid":0},
{"name":"BakedEpilogue","cat":"baked","ph":"X","ts":213523,"dur":531,"pid":1,"tid":0},
{"name":"Baked","cat":"baked","ph":"X","ts":207800,"dur":6255,"pid":1,"tid":0},
{"name":"Evaluate@5","cat":"evaluate","ph":"X","ts":207798,"dur":6258,"pid":1,"tid":0},
{"name":"PropertyChain /Biped/Rig/Movers/ballRoll_l_down_rc/ballRoll_l_down_rotation.inputs:defaultWeight","cat":"property","ph":"X","ts":214309,"dur":56,"pid":1,"tid":0},
{"name":"PropertyChain /Biped/Rig/Movers/ballRoll_l_up_rc/ballRoll_l_up_rotation.inputs:defaultWeight","cat":"property","ph":"X","ts":214366,"dur":14,"pid":1,"tid":0},
{"name":"PropertyChain /Biped/Rig/Movers/ballRoll_r_down_rc/ballRoll_r_down_rotation.inputs:defaultWeight","cat":"property","ph":"X","ts":214381,"dur":27,"pid":1,"tid":0},
{"name":"PropertyChain /Biped/Rig/Movers/ballRoll_r_up_rc/ballRoll_r_up_rotation.inputs:defaultWeight","cat":"property","ph":"X","ts":214409,"dur":15,"pid":1,"tid":0},
{"name":"PropertyChain /Biped/Rig/Movers/bankIn_l_pivot_rc/bankIn_l_pivot_rotation.inputs:defaultWeight","cat":"property","ph":"X","ts":214424,"dur":9,"pid":1,"tid":0},
{"name":"PropertyChain /Biped/Rig/Movers/bankIn_r_pivot_rc/bankIn_r_pivot_rotation.inputs:defaultWeight","cat":"property","ph":"X","ts":214434,"dur":9,"pid":1,"tid":0},
{"name":"PropertyChain /Biped/Rig/Movers/bankOut_l_pivot_rc/bankOut_l_pivot_rotation.inputs:defaultWeight","cat":"property","ph":"X","ts":214444,"dur":8,"pid":1,"tid":0},
{"name":"PropertyChain /Biped/Rig/Movers/bankOut_r_pivot_rc/bankOut_r_pivot_rotation.inputs:defaultWeight","cat":"property","ph":"X","ts":214452,"dur":9,"pid":1,"tid":0},
{"name":"PropertyChain /Biped/Rig/Movers/heel_l_roll_rc/heel_l_roll_rotation.inputs:defaultWeight","cat":"property","ph":"X","ts":214461,"dur":7,"pid":1,"tid":0},
{"name":"PropertyChain /Biped/Rig/Movers/heel_r_roll_rc/heel_r_roll_rotation.inputs:defaultWeight","cat":"property","ph":"X","ts":214469,"dur":9,"pid":1,"tid":0},
{"name":"PropertyChain /Biped/Rig/Movers/toe_l_roll_rc/toe_l_roll_rotation.inputs:defaultWeight","cat":"property","ph":"X","ts":214478,"dur":14,"pid":1,"tid":0},
{"name":"PropertyChain /Biped/Rig/Movers/toe_r_roll_rc/toe_r_roll_rotation.inputs:defaultWeight","cat":"property","ph":"X","ts":214493,"dur":15,"pid":1,"tid":0},
{"name":"PropertyChains","cat":"property","ph":"X","ts":214306,"dur":204,"pid":1,"tid":0},
{"name":"BakedInputs","cat":"baked","ph":"X","ts":214510,"dur":10,"pid":1,"tid":0},
{"name":"BakedChainBase","cat":"geometry","ph":"X","ts":214856,"dur":33,"pid":1,"tid":0},
{"name":"BakedPrologue","cat":"baked","ph":"X","ts":214303,"dur":586,"pid":1,"tid":0},
{"name":"BakedRegion","cat":"baked","ph":"X","ts":214890,"dur":5297,"pid":1,"tid":0},
{"name":"ComposeSubtree /Biped/Rig/Controls/arm_l_ik","cat":"step","ph":"X","ts":214948,"dur":3,"pid":1,"tid":0},
{"name":"ComposeSubtree /Biped/Rig/Controls/arm_r_params","cat":"step","ph":"X","ts":214951,"dur":1,"pid":1,"tid":0},
{"name":"ComposeSubtree /Biped/Rig/Controls/hips_ctl","cat":"step","ph":"X","ts":214952,"dur":1,"pid":1,"tid":0},
{"name":"ComposeSubtree /Biped/Rig/Controls/hips_ctl/spine_root_pivot/spine_root_ctl/pelvis_l_ctl/leg_l_root","cat":"step","ph":"X","ts":215006,"dur":2,"pid":1,"tid":18},
{"name":"ComposeSubtree /Biped/Rig/Controls/hips_ctl/spine_root_pivot/spine_root_ctl/pelvis_l_ctl/leg_l_root/leg_l_fk_thigh_l_bind/leg_l_fk_knee_l_bind","cat":"step","ph":"X","ts":215021,"dur":1,"pid":1,"tid":18},
{"name":"ComposeSubtree /Biped/Rig/Controls/hips_ctl/spine_root_pivot/spine_root_ctl/pelvis_r_ctl/leg_r_root/leg_r_fk_thigh_r_bind/leg_r_fk_knee_r_bind","cat":"step","ph":"X","ts":215047,"dur":2,"pid":1,"tid":31},
{"name":"ComposeSubtree /Biped/Rig/Controls/hips_ctl/torso_ctl","cat":"step","ph":"X","ts":214963,"dur":1,"pid":1,"tid":0},
{"name":"ComposeSubtree /Biped/Rig/Controls/hips_ctl/torso_ctl/spine_end_pivot/spine_end_ctl","cat":"step","ph":"X","ts":215009,"dur":1,"pid":1,"tid":18},
{"name":"ComposeSubtree /Biped/Rig/Controls/hips_ctl/torso_ctl/spine_end_pivot/spine_end_ctl/clavicle_r_ctl","cat":"step","ph":"X","ts":215022,"dur":1,"pid":1,"tid":18},
{"name":"ComposeSubtree /Biped/Rig/Controls/hips_ctl/torso_ctl/spine_end_pivot/spine_end_ctl/clavicle_r_ctl/arm_r_root/arm_r_fk_shoulder_r_bind","cat":"step","ph":"X","ts":215049,"dur":1,"pid":1,"tid":31},
{"name":"ComposeSubtree /Biped/Rig/Controls/hips_ctl/torso_ctl/spine_end_pivot/spine_end_ctl/clavicle_r_ctl/arm_r_root/arm_r_fk_shoulder_r_bind/arm_r_fk_elbow_r_bind","cat":"step","ph":"X","ts":215062,"dur":2,"pid":1,"tid":26},
{"name":"ComposeSubtree /Biped/Rig/Controls/index_001_l_bind_fk_follow","cat":"step","ph":"X","ts":214953,"dur":1,"pid":1,"tid":0},
{"name":"ComposeSubtree /Biped/Rig/Controls/index_001_r_bind_fk_follow","cat":"step","ph":"X","ts":214954,"dur":1,"pid":1,"tid":0},
{"name":"ComposeSubtree /Biped/Rig/Controls/index_001_r_bind_fk_follow/index_001_r_bind_fk/index_002_r_bind_fk/index_003_r_bind_fk","cat":"step","ph":"X","ts":215011,"dur":1,"pid":1,"tid":18},
{"name":"ComposeSubtree /Biped/Rig/Controls/leg_l_ik/ankle_l_pivot/bankIn_l_pivot","cat":"step","ph":"X","ts":214964,"dur":1,"pid":1,"tid":0},
{"name":"ComposeSubtree /Biped/Rig/Controls/leg_l_ik/ankle_l_pivot/bankIn_l_pivot/bankOut_l_pivot/heel_l_roll/heel_l/ball_l_pivot","cat":"step","ph":"X","ts":215023,"dur":1,"pid":1,"tid":18},
{"name":"ComposeSubtree /Biped/Rig/Controls/leg_l_ik/ankle_l_pivot/bankIn_l_pivot/bankOut_l_pivot/heel_l_roll/heel_l/ball_l_pivot/toe_l_roll/toe_l","cat":"step","ph":"X","ts":215050,"dur":1,"pid":1,"tid":31},
{"name":"ComposeSubtree /Biped/Rig/Controls/leg_l_ik/ankle_l_pivot/bankIn_l_pivot/bankOut_l_pivot/heel_l_roll/heel_l/ball_l_pivot/toe_l_roll/toe_l/ballRoll_l_up/ballRoll_l_down","cat":"step","ph":"X","ts":215064,"dur":1,"pid":1,"tid":26},
{"name":"ComposeSubtree /Biped/Rig/Controls/leg_l_ik/ankle_l_pivot/bankIn_l_pivot/bankOut_l_pivot/heel_l_roll/heel_l/ball_l_pivot/toe_l_roll/toe_l/ballRoll_l_up/ballRoll_l_down/ballRoll_l/ankle_l_ikTarget","cat":"step","ph":"X","ts":215085,"dur":2,"pid":1,"tid":9},
{"name":"ComposeSubtree /Biped/Rig/Controls/leg_l_ik/ankle_l_pivot/bankIn_l_pivot/bankOut_l_pivot/heel_l_roll/heel_l/ball_l_pivot/toe_l_roll/toe_l/ballRoll_l_up/ballRoll_l_down_twin","cat":"step","ph":"X","ts":215065,"dur":1,"pid":1,"tid":26},
{"name":"ComposeSubtree /Biped/Rig/Controls/leg_l_ik/ankle_l_pivot/bankIn_l_pivot/bankOut_l_pivot/heel_l_roll/heel_l/ball_l_pivot/toe_l_roll_twin","cat":"step","ph":"X","ts":215051,"dur":1,"pid":1,"tid":31},
{"name":"ComposeSubtree /Biped/Rig/Controls/leg_l_ik/ankle_l_pivot/bankIn_l_pivot/bankOut_l_pivot_twin","cat":"step","ph":"X","ts":215012,"dur":1,"pid":1,"tid":18},
{"name":"ComposeSubtree /Biped/Rig/Controls/leg_l_pv","cat":"step","ph":"X","ts":214955,"dur":1,"pid":1,"tid":0},
{"name":"ComposeSubtree /Biped/Rig/Controls/leg_r_ik/ankle_r_pivot/bankIn_r_pivot/bankOut_r_pivot","cat":"step","ph":"X","ts":215013,"dur":1,"pid":1,"tid":18},
{"name":"ComposeSubtree /Biped/Rig/Controls/leg_r_ik/ankle_r_pivot/bankIn_r_pivot/bankOut_r_pivot/heel_r_roll/heel_r/ball_r_pivot/toe_r_roll","cat":"step","ph":"X","ts":215052,"dur":1,"pid":1,"tid":31},
{"name":"ComposeSubtree /Biped/Rig/Controls/leg_r_ik/ankle_r_pivot/bankIn_r_pivot/bankOut_r_pivot/heel_r_roll/heel_r/ball_r_pivot/toe_r_roll/toe_r/ballRoll_r_up","cat":"step","ph":"X","ts":215066,"dur":1,"pid":1,"tid":26},
{"name":"ComposeSubtree /Biped/Rig/Controls/leg_r_ik/ankle_r_pivot/bankIn_r_pivot/bankOut_r_pivot/heel_r_roll/heel_r/ball_r_pivot/toe_r_roll/toe_r/ballRoll_r_up/ballRoll_r_down/ballRoll_r","cat":"step","ph":"X","ts":215088,"dur":1,"pid":1,"tid":9},
{"name":"ComposeSubtree /Biped/Rig/Controls/leg_r_ik/ankle_r_pivot/bankIn_r_pivot/bankOut_r_pivot/heel_r_roll/heel_r/ball_r_pivot/toe_r_roll/toe_r/ballRoll_r_up/ballRoll_r_down/ballRoll_r/ball_r_ikTarget","cat":"step","ph":"X","ts":215099,"dur":1,"pid":1,"tid":31},
{"name":"ComposeSubtree /Biped/Rig/Controls/leg_r_ik/ankle_r_pivot/bankIn_r_pivot/bankOut_r_pivot/heel_r_roll/heel_r/ball_r_pivot/toe_r_roll/toe_r/toeBend_r/toeBend_r_fk","cat":"step","ph":"X","ts":215089,"dur":1,"pid":1,"tid":9},
{"name":"ComposeSubtree /Biped/Rig/Controls/leg_r_ik/ankle_r_pivot/bankIn_r_pivot/bankOut_r_pivot/heel_r_roll/heel_r/ball_r_pivot/toe_r_roll_twin","cat":"step","ph":"X","ts":215053,"dur":1,"pid":1,"tid":31},
{"name":"ComposeSubtree /Biped/Rig/Controls/leg_r_ik/ankle_r_pivot/bankIn_r_pivot/bankOut_r_pivot_twin","cat":"step","ph":"X","ts":215014,"dur":1,"pid":1,"tid":18},
{"name":"ComposeSubtree /Biped/Rig/Controls/middle_001_l_bind_fk_follow/middle_001_l_bind_fk","cat":"step","ph":"X","ts":214965,"dur":1,"pid":1,"tid":0},
{"name":"ComposeSubtree /Biped/Rig/Controls/middle_001_l_bind_fk_follow/middle_001_l_bind_fk/middle_002_l_bind_fk/middle_003_l_bind_fk","cat":"step","ph":"X","ts":215015,"dur":1,"pid":1,"tid":18},
{"name":"ComposeSubtree /Biped/Rig/Controls/middle_001_r_bind_fk_follow","cat":"step","ph":"X","ts":214956,"dur":1,"pid":1,"tid":0},
{"name":"ComposeSubtree /Biped/Rig/Controls/pinkyCup_l_bind_fk_follow","cat":"step","ph":"X","ts":214957,"dur":1,"pid":1,"tid":0},
{"name":"ComposeSubtree /Biped/Rig/Controls/pinkyCup_l_bind_fk_follow/pinkyCup_l_bind_fk/pinky_001_l_bind_fk/pinky_002_l_bind_fk/pinky_003_l_bind_fk","cat":"step","ph":"X","ts":215016,"dur":1,"pid":1,"tid":18},
{"name":"ComposeSubtree /Biped/Rig/Controls/pinkyCup_r_bind_fk_follow/pinkyCup_r_bind_fk/pinky_001_r_bind_fk","cat":"step","ph":"X","ts":214966,"dur":1,"pid":1,"tid":0},
{"name":"ComposeSubtree /Biped/Rig/Controls/ring_001_l_bind_fk_follow","cat":"step","ph":"X","ts":214958,"dur":1,"pid":1,"tid":0},
{"name":"ComposeSubtree /Biped/Rig/Controls/ring_001_l_bind_fk_follow/ring_001_l_bind_fk/ring_002_l_bind_fk/ring_003_l_bind_fk","cat":"step","ph":"X","ts":215017,"dur":1,"pid":1,"tid":18},
{"name":"ComposeSubtree /Biped/Rig/Controls/spine_mid_follow","cat":"step","ph":"X","ts":214959,"dur":1,"pid":1,"tid":0},
{"name":"ComposeSubtree /Biped/Rig/Controls/thumbCup_l_bind_fk_follow/thumbCup_l_bind_fk/thumb_001_l_bind_fk/thumb_002_l_bind_fk","cat":"step","ph":"X","ts":215018,"dur":1,"pid":1,"tid":18},
{"name":"ComposeSubtree /Biped/Rig/Controls/thumbCup_r_bind_fk_follow","cat":"step","ph":"X","ts":214960,"dur":1,"pid":1,"tid":0},
{"name":"ComposeSubtree /Biped/Rig/Controls/thumbCup_r_bind_fk_follow/thumbCup_r_bind_fk/thumb_001_r_bind_fk","cat":"step","ph":"X","ts":214967,"dur":1,"pid":1,"tid":0},
{"name":"ComposeSubtree /Biped/Rig/Joints/ankle_l_pivot/bankIn_l_pivot/bankOut_l_pivot/heel_l_pivot/ball_l_pivot","cat":"step","ph":"X","ts":215019,"dur":1,"pid":1,"tid":18},
{"name":"ComposeSubtree /Biped/Rig/Joints/ankle_l_pivot/bankIn_l_pivot/bankOut_l_pivot/heel_l_pivot/ball_l_pivot/toe_l_pivot/ballRoll_l_pivot","cat":"step","ph":"X","ts":215024,"dur":1,"pid":1,"tid":18},
{"name":"ComposeSubtree /Biped/Rig/Joints/hips_bind","cat":"step","ph":"X","ts":214961,"dur":1,"pid":1,"tid":0},
{"name":"ComposeSubtree /Biped/Rig/Joints/hips_bind/pelvis_l_bind/pelvis_trans_combo_l_driver","cat":"step","ph":"X","ts":214968,"dur":1,"pid":1,"tid":0},
{"name":"ComposeSubtree /Biped/Rig/Joints/hips_bind/pelvis_l_bind/pelvis_trans_l_bind/thigh_l_driver","cat":"step","ph":"X","ts":215020,"dur":1,"pid":1,"tid":18},
{"name":"ComposeSubtree /Biped/Rig/Joints/hips_bind/pelvis_l_bind/thigh_l_bind/knee_l_bind/ankle_l_bind/ball_l_bind","cat":"step","ph":"X","ts":215025,"dur":1,"pid":1,"tid":18},
{"name":"ComposeSubtree /Biped/Rig/Joints/hips_bind/pelvis_l_bind/thigh_l_bind/knee_l_bind/ankle_l_bind/ball_l_bind/toe2_001_l_bind","cat":"step","ph":"X","ts":215054,"dur":1,"pid":1,"tid":31},
{"name":"ComposeSubtree /Biped/Rig/Joints/hips_bind/pelvis_l_bind/thigh_l_bind/knee_l_bind/ankle_l_bind/ball_l_bind/toe2_001_l_bind/toe2_002_l_bind/toe2_003_l_bind","cat":"step","ph":"X","ts":215068,"dur":1,"pid":1,"tid":26},
{"name":"ComposeSubtree /Biped/Rig/Joints/hips_bind/pelvis_l_bind/thigh_l_bind/knee_l_bind/ankle_l_bind/ball_l_bind/toe4_001_l_bind","cat":"step","ph":"X","ts":215055,"dur":1,"pid":1,"tid":31},
{"name":"ComposeSubtree /Biped/Rig/Joints/hips_bind/pelvis_l_bind/thigh_l_bind/knee_l_bind/ankle_l_bind/ball_l_bind/toe4_001_l_bind/toe4_002_l_bind/toe4_003_l_bind","cat":"step","ph":"X","ts":215069,"dur":1,"pid":1,"tid":26},
{"name":"ComposeSubtree /Biped/Rig/Joints/hips_bind/pelvis_l_bind/thigh_l_bind/knee_l_bind/ankle_l_bind/ball_l_bind/toe_l_bind","cat":"step","ph":"X","ts":215056,"dur":1,"pid":1,"tid":31},
{"name":"ComposeSubtree /Biped/Rig/Joints/hips_bind/pelvis_l_bind/thigh_l_bind/knee_l_bind/kneeTwist_l_bind","cat":"step","ph":"X","ts":214982,"dur":1,"pid":1,"tid":0},
{"name":"ComposeSubtree /Biped/Rig/Joints/hips_bind/pelvis_r_bind","cat":"step","ph":"X","ts":214969,"dur":1,"pid":1,"tid":0},
{"name":"ComposeSubtree /Biped/Rig/Joints/hips_bind/pelvis_r_bind/thighNoTwist_r_bind","cat":"step","ph":"X","ts":214983,"dur":1,"pid":1,"tid":0},
{"name":"ComposeSubtree /Biped/Rig/Joints/hips_bind/pelvis_r_bind/thigh_r_bind/knee_r_bind/ankleTwist_r_bind","cat":"step","ph":"X","ts":215026,"dur":1,"pid":1,"tid":18},
{"name":"ComposeSubtree /Biped/Rig/Joints/hips_bind/pelvis_r_bind/thigh_r_bind/knee_r_bind/ankle_r_bind/ball_r_bind/toe1_001_r_bind/toe1_002_r_bind","cat":"step","ph":"X","ts":215070,"dur":1,"pid":1,"tid":26},
{"name":"ComposeSubtree /Biped/Rig/Joints/hips_bind/pelvis_r_bind/thigh_r_bind/knee_r_bind/ankle_r_bind/ball_r_bind/toe1_001_r_bind/toe1_002_r_bind/toe1_003_r_bind","cat":"step","ph":"X","ts":215090,"dur":1,"pid":1,"tid":9},
{"name":"ComposeSubtree /Biped/Rig/Joints/hips_bind/pelvis_r_bind/thigh_r_bind/knee_r_bind/ankle_r_bind/ball_r_bind/toe3_001_r_bind","cat":"step","ph":"X","ts":215071,"dur":1,"pid":1,"tid":26},
{"name":"ComposeSubtree /Biped/Rig/Joints/hips_bind/pelvis_r_bind/thigh_r_bind/knee_r_bind/ankle_r_bind/ball_r_bind/toe3_001_r_bind/toe3_002_r_bind/toe3_003_r_bind","cat":"step","ph":"X","ts":215091,"dur":1,"pid":1,"tid":9},
{"name":"ComposeSubtree /Biped/Rig/Joints/hips_bind/pelvis_r_bind/thigh_r_bind/knee_r_bind/ankle_r_bind/ball_r_bind/toe5_001_r_bind","cat":"step","ph":"X","ts":215072,"dur":1,"pid":1,"tid":26},
{"name":"ComposeSubtree /Biped/Rig/Joints/hips_bind/pelvis_r_bind/thigh_r_bind/knee_r_bind/ankle_r_bind/ball_r_bind/toe5_001_r_bind/toe5_002_r_bind/toe5_003_r_bind","cat":"step","ph":"X","ts":215092,"dur":1,"pid":1,"tid":9},
{"name":"ComposeSubtree /Biped/Rig/Joints/hips_bind/pelvis_r_bind/thigh_r_bind/knee_r_bind/kneeTwist_r_bind","cat":"step","ph":"X","ts":215027,"dur":1,"pid":1,"tid":18},
{"name":"ComposeSubtree /Biped/Rig/Joints/hips_bind/spine_0_bind/spine_1_bind/spine_2_bind/spine_3_bind/spine_4_bind","cat":"step","ph":"X","ts":215028,"dur":1,"pid":1,"tid":18},
{"name":"ComposeSubtree /Biped/Rig/Joints/hips_bind/spine_0_bind/spine_1_bind/spine_2_bind/spine_3_bind/spine_4_bind/spine_5_bind/chest_bind","cat":"step","ph":"X","ts":215057,"dur":1,"pid":1,"tid":31},
{"name":"ComposeSubtree /Biped/Rig/Joints/hips_bind/spine_0_bind/spine_1_bind/spine_2_bind/spine_3_bind/spine_4_bind/spine_5_bind/chest_bind/clavicle_l_bind/clavicle_trans_combo_l_driver","cat":"step","ph":"X","ts":215073,"dur":1,"pid":1,"tid":26},
{"name":"ComposeSubtree /Biped/Rig/Joints/hips_bind/spine_0_bind/spine_1_bind/spine_2_bind/spine_3_bind/spine_4_bind/spine_5_bind/chest_bind/clavicle_l_bind/clavicle_trans_l_bind/shoulder_l_driver","cat":"step","ph":"X","ts":215093,"dur":1,"pid":1,"tid":9},
{"name":"ComposeSubtree /Biped/Rig/Joints/hips_bind/spine_0_bind/spine_1_bind/spine_2_bind/spine_3_bind/spine_4_bind/spine_5_bind/chest_bind/clavicle_l_bind/shoulder_l_bind","cat":"step","ph":"X","ts":215074,"dur":1,"pid":1,"tid":26},
{"name":"ComposeSubtree /Biped/Rig/Joints/hips_bind/spine_0_bind/spine_1_bind/spine_2_bind/spine_3_bind/spine_4_bind/spine_5_bind/chest_bind/clavicle_l_bind/shoulder_l_bind/elbow_l_bind/wristTwist_l_bind","cat":"step","ph":"X","ts":215094,"dur":1,"pid":1,"tid":9},
{"name":"ComposeSubtree /Biped/Rig/Joints/hips_bind/spine_0_bind/spine_1_bind/spine_2_bind/spine_3_bind/spine_4_bind/spine_5_bind/chest_bind/clavicle_l_bind/shoulder_l_bind/elbow_l_bind/wrist_l_bind/index_001_l_bind/index_002_l_bind","cat":"step","ph":"X","ts":215110,"dur":3,"pid":1,"tid":6},
{"name":"ComposeSubtree /Biped/Rig/Joints/hips_bind/spine_0_bind/spine_1_bind/spine_2_bind/spine_3_bind/spine_4_bind/spine_5_bind/chest_bind/clavicle_l_bind/shoulder_l_bind/elbow_l_bind/wrist_l_bind/index_001_l_bind/index_002_l_bind/index_003_l_bind/index_004_l_bind","cat":"step","ph":"X","ts":215146,"dur":1,"pid":1,"tid":2},
{"name":"ComposeSubtree /Biped/Rig/Joints/hips_bind/spine_0_bind/spine_1_bind/spine_2_bind/spine_3_bind/spine_4_bind/spine_5_bind/chest_bind/clavicle_l_bind/shoulder_l_bind/elbow_l_bind/wrist_l_bind/middle_001_l_bind","cat":"step","ph":"X","ts":215100,"dur":1,"pid":1,"tid":31},
{"name":"ComposeSubtree /Biped/Rig/Joints/hips_bind/spine_0_bind/spine_1_bind/spine_2_bind/spine_3_bind/spine_4_bind/spine_5_bind/chest_bind/clavicle_l_bind/shoulder_l_bind/elbow_l_bind/wrist_l_bind/middle_001_l_bind/middle_002_l_bind","cat":"step","ph":"X","ts":215113,"dur":1,"pid":1,"tid":6},
{"name":"ComposeSubtree /Biped/Rig/Joints/hips_bind/spine_0_bind/spine_1_bind/spine_2_bind/spine_3_bind/spine_4_bind/spine_5_bind/chest_bind/clavicle_l_bind/shoulder_l_bind/elbow_l_bind/wrist_l_bind/middle_001_l_bind/middle_002_l_bind/middle_003_l_bind/middle_004_l_bind","cat":"step","ph":"X","ts":215147,"dur":1,"pid":1,"tid":2},
{"name":"ComposeSubtree /Biped/Rig/Joints/hips_bind/spine_0_bind/spine_1_bind/spine_2_bind/spine_3_bind/spine_4_bind/spine_5_bind/chest_bind/clavicle_l_bind/shoulder_l_bind/elbow_l_bind/wrist_l_bind/pinkyCup_l_bind","cat":"step","ph":"X","ts":215101,"dur":1,"pid":1,"tid":31},
{"name":"ComposeSubtree /Biped/Rig/Joints/hips_bind/spine_0_bind/spine_1_bind/spine_2_bind/spine_3_bind/spine_4_bind/spine_5_bind/chest_bind/clavicle_l_bind/shoulder_l_bind/elbow_l_bind/wrist_l_bind/ring_001_l_bind/ring_002_l_bind","cat":"step","ph":"X","ts":215114,"dur":1,"pid":1,"tid":6},
{"name":"ComposeSubtree /Biped/Rig/Joints/hips_bind/spine_0_bind/spine_1_bind/spine_2_bind/spine_3_bind/spine_4_bind/spine_5_bind/chest_bind/clavicle_l_bind/shoulder_l_bind/elbow_l_bind/wrist_l_bind/ring_001_l_bind/ring_002_l_bind/ring_003_l_bind/ring_004_l_bind","cat":"step","ph":"X","ts":215148,"dur":1,"pid":1,"tid":2},
{"name":"ComposeSubtree /Biped/Rig/Joints/hips_bind/spine_0_bind/spine_1_bind/spine_2_bind/spine_3_bind/spine_4_bind/spine_5_bind/chest_bind/clavicle_l_bind/shoulder_l_bind/elbow_l_bind/wrist_l_bind/thumbCup_l_bind","cat":"step","ph":"X","ts":215102,"dur":1,"pid":1,"tid":31},
{"name":"ComposeSubtree /Biped/Rig/Joints/hips_bind/spine_0_bind/spine_1_bind/spine_2_bind/spine_3_bind/spine_4_bind/spine_5_bind/chest_bind/clavicle_l_bind/shoulder_l_bind/elbow_l_bind/wrist_l_bind/thumbCup_l_bind/thumb_001_l_bind/thumb_002_l_bind","cat":"step","ph":"X","ts":215115,"dur":1,"pid":1,"tid":6},
{"name":"ComposeSubtree /Biped/Rig/Joints/hips_bind/spine_0_bind/spine_1_bind/spine_2_bind/spine_3_bind/spine_4_bind/spine_5_bind/chest_bind/clavicle_l_bind/shoulder_l_bind/elbow_l_bind/wrist_l_bind/thumbCup_l_bind/thumb_001_l_bind/thumb_002_l_bind/thumb_003_l_bind","cat":"step","ph":"X","ts":215149,"dur":1,"pid":1,"tid":2},
{"name":"ComposeSubtree /Biped/Rig/Joints/hips_bind/spine_0_bind/spine_1_bind/spine_2_bind/spine_3_bind/spine_4_bind/spine_5_bind/chest_bind/clavicle_r_bind/clavicle_trans_r_bind/shoulder_r_driver","cat":"step","ph":"X","ts":215103,"dur":1,"pid":1,"tid":31},
{"name":"ComposeSubtree /Biped/Rig/Joints/hips_bind/spine_0_bind/spine_1_bind/spine_2_bind/spine_3_bind/spine_4_bind/spine_5_bind/chest_bind/clavicle_r_bind/shoulderNoTwist_r_bind","cat":"step","ph":"X","ts":215096,"dur":1,"pid":1,"tid":9},
{"name":"ComposeSubtree /Biped/Rig/Joints/hips_bind/spine_0_bind/spine_1_bind/spine_2_bind/spine_3_bind/spine_4_bind/spine_5_bind/chest_bind/clavicle_r_bind/shoulder_r_bind/elbow_r_bind/wrist_r_bind/index_001_r_bind/index_002_r_bind/index_003_r_bind/index_004_r_bind","cat":"step","ph":"X","ts":215171,"dur":1,"pid":1,"tid":2},
{"name":"ComposeSubtree /Biped/Rig/Joints/hips_bind/spine_0_bind/spine_1_bind/spine_2_bind/spine_3_bind/spine_4_bind/spine_5_bind/chest_bind/clavicle_r_bind/shoulder_r_bind/elbow_r_bind/wrist_r_bind/middle_001_r_bind","cat":"step","ph":"X","ts":215116,"dur":1,"pid":1,"tid":6},
{"name":"ComposeSubtree /Biped/Rig/Joints/hips_bind/spine_0_bind/spine_1_bind/spine_2_bind/spine_3_bind/spine_4_bind/spine_5_bind/chest_bind/clavicle_r_bind/shoulder_r_bind/elbow_r_bind/wrist_r_bind/middle_001_r_bind/middle_002_r_bind/middle_003_r_bind/middle_004_r_bind","cat":"step","ph":"X","ts":215172,"dur":1,"pid":1,"tid":2},
{"name":"ComposeSubtree /Biped/Rig/Joints/hips_bind/spine_0_bind/spine_1_bind/spine_2_bind/spine_3_bind/spine_4_bind/spine_5_bind/chest_bind/clavicle_r_bind/shoulder_r_bind/elbow_r_bind/wrist_r_bind/pinkyCup_r_bind","cat":"step","ph":"X","ts":215117,"dur":1,"pid":1,"tid":6},
{"name":"ComposeSubtree /Biped/Rig/Joints/hips_bind/spine_0_bind/spine_1_bind/spine_2_bind/spine_3_bind/spine_4_bind/spine_5_bind/chest_bind/clavicle_r_bind/shoulder_r_bind/elbow_r_bind/wrist_r_bind/pinkyCup_r_bind/pinky_001_r_bind/pinky_002_combo_r_driver","cat":"step","ph":"X","ts":215151,"dur":1,"pid":1,"tid":2},
{"name":"ComposeSubtree /Biped/Rig/Joints/hips_bind/spine_0_bind/spine_1_bind/spine_2_bind/spine_3_bind/spine_4_bind/spine_5_bind/chest_bind/clavicle_r_bind/shoulder_r_bind/elbow_r_bind/wrist_r_bind/pinkyCup_r_bind/pinky_001_r_bind/pinky_002_r_bind/pinky_003_r_bind/pinky_004_r_bind","cat":"step","ph":"X","ts":215204,"dur":2,"pid":1,"tid":12},
{"name":"ComposeSubtree /Biped/Rig/Joints/hips_bind/spine_0_bind/spine_1_bind/spine_2_bind/spine_3_bind/spine_4_bind/spine_5_bind/chest_bind/clavicle_r_bind/shoulder_r_bind/elbow_r_bind/wrist_r_bind/ring_001_r_bind","cat":"step","ph":"X","ts":215118,"dur":1,"pid":1,"tid":6},
{"name":"ComposeSubtree /Biped/Rig/Joints/hips_bind/spine_0_bind/spine_1_bind/spine_2_bind/spine_3_bind/spine_4_bind/spine_5_bind/chest_bind/clavicle_r_bind/shoulder_r_bind/elbow_r_bind/wrist_r_bind/ring_001_r_bind/ring_002_r_bind","cat":"step","ph":"X","ts":215152,"dur":1,"pid":1,"tid":2},
{"name":"ComposeSubtree /Biped/Rig/Joints/hips_bind/spine_0_bind/spine_1_bind/spine_2_bind/spine_3_bind/spine_4_bind/spine_5_bind/chest_bind/clavicle_r_bind/shoulder_r_bind/elbow_r_bind/wrist_r_bind/ring_001_r_bind/ring_002_r_bind/ring_003_r_bind/ring_004_r_bind","cat":"step","ph":"X","ts":215173,"dur":1,"pid":1,"tid":2},
{"name":"ComposeSubtree /Biped/Rig/Joints/hips_bind/spine_0_bind/spine_1_bind/spine_2_bind/spine_3_bind/spine_4_bind/spine_5_bind/chest_bind/clavicle_r_bind/shoulder_r_bind/elbow_r_bind/wrist_r_bind/thumbCup_r_bind","cat":"step","ph":"X","ts":215119,"dur":1,"pid":1,"tid":6},
{"name":"ComposeSubtree /Biped/Rig/Joints/hips_bind/spine_0_bind/spine_1_bind/spine_2_bind/spine_3_bind/spine_4_bind/spine_5_bind/chest_bind/clavicle_r_bind/shoulder_r_bind/elbow_r_bind/wrist_r_bind/thumbCup_r_bind/thumb_001_r_bind/thumb_002_r_bind","cat":"step","ph":"X","ts":215153,"dur":1,"pid":1,"tid":2},
{"name":"ComposeSubtree /Biped/Rig/Joints/hips_bind/spine_0_bind/spine_1_bind/spine_2_bind/spine_3_bind/spine_4_bind/spine_5_bind/chest_bind/neck_base_bind/neck_0_bind/neck_1_bind/neck_2_bind/neck_3_bind/skull_bind/face_lower_bind","cat":"step","ph":"X","ts":215120,"dur":1,"pid":1,"tid":6},
{"name":"ComposeSubtree /Biped/Rig/Joints/hips_bind/spine_0_bind/spine_1_bind/spine_2_bind/spine_3_bind/spine_4_bind/spine_5_bind/chest_bind/neck_base_bind/neck_0_bind/neck_1_bind/neck_2_bind/neck_3_bind/skull_bind/face_lower_bind/face_mid_bind/nose_bridge_bind","cat":"step","ph":"X","ts":215154,"dur":1,"pid":1,"tid":2},
{"name":"ComposeSubtree /Biped/Rig/Joints/hips_bind/spine_0_bind/spine_1_bind/spine_2_bind/spine_3_bind/spine_4_bind/spine_5_bind/chest_bind/neck_base_bind/neck_0_bind/neck_1_bind/neck_2_bind/neck_3_bind/skull_bind/face_lower_bind/jaw_bind/jaw_end","cat":"step","ph":"X","ts":215174,"dur":1,"pid":1,"tid":2},
{"name":"ComposeSubtree /Biped/Rig/Joints/hips_bind/spine_0_bind/spine_1_bind/spine_2_bind/spine_3_bind/spine_4_bind/spine_5_bind/chest_bind/neck_base_bind/neck_0_bind/neck_1_bind/neck_2_bind/neck_3_bind/skull_bind/face_lower_bind/jaw_bind/tongue_0_bind/tongue_1_bind/tongue_2_bind","cat":"step","ph":"X","ts":215206,"dur":1,"pid":1,"tid":12},
{"name":"ComposeSubtree /Biped/Rig/Joints/hips_bind/spine_0_bind/spine_1_bind/spine_2_bind/spine_3_bind/spine_4_bind/spine_5_bind/chest_bind/neck_base_bind/neck_0_bind/neck_1_bind/neck_2_bind/neck_3_bind/skull_bind/face_lower_bind/jaw_bind/tongue_0_bind/tongue_1_bind/tongue_2_bind/tongue_3_bind","cat":"step","ph":"X","ts":215231,"dur":1,"pid":1,"tid":24},
{"name":"ComposeSubtree /Biped/Rig/Joints/hips_bind/spine_0_bind/spine_1_bind/spine_2_bind/spine_3_bind/spine_4_bind/spine_5_bind/chest_bind/neck_base_bind/neck_0_bind/neck_1_bind/neck_2_bind/neck_3_bind/skull_bind/face_upper_bind/eyeSocket_l_bind","cat":"step","ph":"X","ts":215155,"dur":1,"pid":1,"tid":2},
{"name":"ComposeSubtree /Biped/Rig/Joints/hips_bind/spine_0_bind/spine_1_bind/spine_2_bind/spine_3_bind/spine_4_bind/spine_5_bind/chest_bind/neck_base_bind/neck_0_bind/neck_1_bind/neck_2_bind/neck_3_bind/skull_bind/face_upper_bind/eyeSocket_r_bind","cat":"step","ph":"X","ts":215156,"dur":1,"pid":1,"tid":2},
{"name":"ComposeSubtree /Biped/Rig/Joints/hips_bind/spine_0_bind/spine_1_bind/spine_2_bind/spine_3_bind/spine_4_bind/spine_5_bind/chest_bind/neck_base_bind/neck_0_bind/neck_1_bind/neck_2_bind/neck_3_bind/skull_bind/face_upper_bind/head_tip_bind/brow_inner_r_bind","cat":"step","ph":"X","ts":215175,"dur":1,"pid":1,"tid":2},
{"name":"ComposeSubtree /Biped/Rig/Joints/hips_bind/spine_0_bind/spine_1_bind/spine_2_bind/spine_3_bind/spine_4_bind/spine_5_bind/chest_bind/neck_base_bind/neck_0_bind/neck_1_bind/neck_2_bind/neck_3_bind/skull_bind/face_upper_bind/head_tip_bind/brow_main_r_bind","cat":"step","ph":"X","ts":215176,"dur":1,"pid":1,"tid":2},
{"name":"ComposeSubtree /Biped/Rig/Joints/neck_ik_neck_0_bind/neck_ik_neck_1_bind","cat":"step","ph":"X","ts":215207,"dur":1,"pid":1,"tid":12},
{"name":"ComposeSubtree /Biped/Rig/Joints/neck_ik_neck_0_bind/neck_ik_neck_1_bind/neck_ik_neck_2_bind/neck_ik_neck_3_bind","cat":"step","ph":"X","ts":215232,"dur":1,"pid":1,"tid":24},
{"name":"ComposeSubtree /Biped/Rig/Joints/spine_ik_spine_0_bind/spine_ik_spine_1_bind/spine_ik_spine_2_bind","cat":"step","ph":"X","ts":214970,"dur":1,"pid":1,"tid":0},
{"name":"ComposeSubtree /Biped/Rig/Joints/spine_ik_spine_0_bind/spine_ik_spine_1_bind/spine_ik_spine_2_bind/spine_ik_spine_3_bind/spine_ik_spine_4_bind","cat":"step","ph":"X","ts":214984,"dur":1,"pid":1,"tid":0},
{"name":"Solve /Biped/Rig/Solvers/arm_l_fkChain","cat":"step","ph":"X","ts":215062,"dur":4,"pid":1,"tid":31},
{"name":"Solve /Biped/Rig/Solvers/arm_l_twoBoneIk","cat":"step","ph":"X","ts":215058,"dur":2,"pid":1,"tid":31},
{"name":"SolverCommit batch 1","cat":"step","ph":"X","ts":215066,"dur":1,"pid":1,"tid":31},
{"name":"Solve /Biped/Rig/Solvers/arm_r_fkChain","cat":"step","ph":"X","ts":215082,"dur":1,"pid":1,"tid":31},
{"name":"SolverCommit batch 2","cat":"step","ph":"X","ts":215105,"dur":1,"pid":1,"tid":31},
{"name":"Solve /Biped/Rig/Solvers/arm_r_twoBoneIk","cat":"step","ph":"X","ts":215045,"dur":2,"pid":1,"tid":18},
{"name":"Solve /Biped/Rig/Solvers/leg_l_fkChain","cat":"step","ph":"X","ts":215047,"dur":4,"pid":1,"tid":18},
{"name":"Solve /Biped/Rig/Solvers/leg_r_fkChain","cat":"step","ph":"X","ts":215067,"dur":1,"pid":1,"tid":31},
{"name":"Solve /Biped/Rig/Solvers/neck_splineIk","cat":"step","ph":"X","ts":215068,"dur":13,"pid":1,"tid":31},
{"name":"SolverCommit batch 6","cat":"step","ph":"X","ts":215250,"dur":1,"pid":1,"tid":12},
{"name":"Constraint /Biped/Rig/Movers/spine_mid_follow/spine_mid_follow_pos","cat":"step","ph":"X","ts":215029,"dur":14,"pid":1,"tid":18},
{"name":"Solve /Biped/Rig/Solvers/arm_l_ikfk","cat":"step","ph":"X","ts":215083,"dur":2,"pid":1,"tid":31},
{"name":"SolverCommit batch 8","cat":"step","ph":"X","ts":215106,"dur":1,"pid":1,"tid":31},
{"name":"Solve /Biped/Rig/Solvers/arm_r_ikfk","cat":"step","ph":"X","ts":215107,"dur":1,"pid":1,"tid":31},
{"name":"SolverCommit batch 9","cat":"step","ph":"X","ts":215121,"dur":3,"pid":1,"tid":6},
{"name":"Constraint /Biped/Rig/Movers/spine_mid_follow/spine_mid_follow_aim","cat":"step","ph":"X","ts":215051,"dur":5,"pid":1,"tid":18},
{"name":"Solve /Biped/Rig/Solvers/spine_splineIk","cat":"step","ph":"X","ts":215057,"dur":16,"pid":1,"tid":18},
{"name":"SolverCommit batch 11","cat":"step","ph":"X","ts":215085,"dur":1,"pid":1,"tid":31},
{"name":"Constraint /Biped/Rig/Movers/hand_r_follow/thumbCup_r_bind_fk_follow_to_wrist_r_bind","cat":"step","ph":"X","ts":215157,"dur":7,"pid":1,"tid":2},
{"name":"Solve /Biped/Rig/Solvers/fk_thumb_r","cat":"step","ph":"X","ts":215177,"dur":2,"pid":1,"tid":2},
{"name":"SolverCommit batch 13","cat":"step","ph":"X","ts":215208,"dur":2,"pid":1,"tid":12},
{"name":"Constraint /Biped/Rig/Movers/hand_r_follow/ring_001_r_bind_fk_follow_to_wrist_r_bind","cat":"step","ph":"X","ts":215164,"dur":6,"pid":1,"tid":2},
{"name":"Solve /Biped/Rig/Solvers/fk_ring_r","cat":"step","ph":"X","ts":215179,"dur":3,"pid":1,"tid":2},
{"name":"SolverCommit batch 15","cat":"step","ph":"X","ts":215210,"dur":1,"pid":1,"tid":12},
{"name":"Constraint /Biped/Rig/Movers/hand_r_follow/pinkyCup_r_bind_fk_follow_to_wrist_r_bind","cat":"step","ph":"X","ts":215151,"dur":6,"pid":1,"tid":0},
{"name":"Solve /Biped/Rig/Solvers/fk_pinky_r","cat":"step","ph":"X","ts":215165,"dur":2,"pid":1,"tid":0},
{"name":"SolverCommit batch 17","cat":"step","ph":"X","ts":215233,"dur":2,"pid":1,"tid":24},
{"name":"Constraint /Biped/Rig/Movers/hand_r_follow/middle_001_r_bind_fk_follow_to_wrist_r_bind","cat":"step","ph":"X","ts":215157,"dur":4,"pid":1,"tid":0},
{"name":"Solve /Biped/Rig/Solvers/fk_middle_r","cat":"step","ph":"X","ts":215167,"dur":2,"pid":1,"tid":0},
{"name":"SolverCommit batch 19","cat":"step","ph":"X","ts":215211,"dur":1,"pid":1,"tid":12},
{"name":"Constraint /Biped/Rig/Movers/hand_r_follow/index_001_r_bind_fk_follow_to_wrist_r_bind","cat":"step","ph":"X","ts":215161,"dur":4,"pid":1,"tid":0},
{"name":"Solve /Biped/Rig/Solvers/fk_index_r","cat":"step","ph":"X","ts":215169,"dur":1,"pid":1,"tid":0},
{"name":"SolverCommit batch 21","cat":"step","ph":"X","ts":215213,"dur":1,"pid":1,"tid":12},
{"name":"Constraint /Biped/Rig/Movers/hand_l_follow/thumbCup_l_bind_fk_follow_to_wrist_l_bind","cat":"step","ph":"X","ts":215125,"dur":10,"pid":1,"tid":6},
{"name":"Solve /Biped/Rig/Solvers/fk_thumb_l","cat":"step","ph":"X","ts":215157,"dur":4,"pid":1,"tid":1},
{"name":"SolverCommit batch 23","cat":"step","ph":"X","ts":215180,"dur":3,"pid":1,"tid":4},
{"name":"Constraint /Biped/Rig/Movers/hand_l_follow/ring_001_l_bind_fk_follow_to_wrist_l_bind","cat":"step","ph":"X","ts":215135,"dur":6,"pid":1,"tid":6},
{"name":"Solve /Biped/Rig/Solvers/fk_ring_l","cat":"step","ph":"X","ts":215161,"dur":1,"pid":1,"tid":1},
{"name":"SolverCommit batch 25","cat":"step","ph":"X","ts":215183,"dur":1,"pid":1,"tid":4},
{"name":"Constraint /Biped/Rig/Movers/hand_l_follow/pinkyCup_l_bind_fk_follow_to_wrist_l_bind","cat":"step","ph":"X","ts":215111,"dur":11,"pid":1,"tid":2},
{"name":"Solve /Biped/Rig/Solvers/fk_pinky_l","cat":"step","ph":"X","ts":215162,"dur":2,"pid":1,"tid":1},
{"name":"SolverCommit batch 27","cat":"step","ph":"X","ts":215214,"dur":1,"pid":1,"tid":12},
{"name":"Constraint /Biped/Rig/Movers/hand_l_follow/middle_001_l_bind_fk_follow_to_wrist_l_bind","cat":"step","ph":"X","ts":215122,"dur":6,"pid":1,"tid":2},
{"name":"Solve /Biped/Rig/Solvers/fk_middle_l","cat":"step","ph":"X","ts":215134,"dur":4,"pid":1,"tid":2},
{"name":"SolverCommit batch 29","cat":"step","ph":"X","ts":215184,"dur":1,"pid":1,"tid":4},
{"name":"Constraint /Biped/Rig/Movers/hand_l_follow/index_001_l_bind_fk_follow_to_wrist_l_bind","cat":"step","ph":"X","ts":215128,"dur":6,"pid":1,"tid":2},
{"name":"Solve /Biped/Rig/Solvers/fk_index_l","cat":"step","ph":"X","ts":215138,"dur":2,"pid":1,"tid":2},
{"name":"SolverCommit batch 31","cat":"step","ph":"X","ts":215185,"dur":1,"pid":1,"tid":4},
{"name":"Constraint /Biped/Rig/Movers/bankIn_r_pivot_rc/bankIn_r_pivot_rotation","cat":"step","ph":"X","ts":215112,"dur":3,"pid":1,"tid":29},
{"name":"Constraint /Biped/Rig/Movers/bankOut_r_pivot_rc/bankOut_r_pivot_rotation","cat":"step","ph":"X","ts":215140,"dur":3,"pid":1,"tid":2},
{"name":"Constraint /Biped/Rig/Movers/heel_r_roll_rc/heel_r_roll_rotation","cat":"step","ph":"X","ts":215186,"dur":5,"pid":1,"tid":4},
{"name":"Constraint /Biped/Rig/Movers/toe_r_roll_rc/toe_r_roll_rotation","cat":"step","ph":"X","ts":215215,"dur":5,"pid":1,"tid":12},
{"name":"Constraint /Biped/Rig/Movers/ballRoll_r_up_rc/ballRoll_r_up_rotation","cat":"step","ph":"X","ts":215235,"dur":4,"pid":1,"tid":24},
{"name":"Constraint /Biped/Rig/Movers/ballRoll_r_down_rc/ballRoll_r_down_rotation","cat":"step","ph":"X","ts":215251,"dur":1,"pid":1,"tid":12},
{"name":"Solve /Biped/Rig/Solvers/leg_r_ikfk","cat":"step","ph":"X","ts":215273,"dur":1,"pid":1,"tid":12},
{"name":"SolverCommit batch 39","cat":"step","ph":"X","ts":215284,"dur":7,"pid":1,"tid":12},
{"name":"Constraint /Biped/Rig/Movers/ankle_r_bind_scAim/ankle_r_bind_aim","cat":"step","ph":"X","ts":215309,"dur":15,"pid":1,"tid":30},
{"name":"Constraint /Biped/Rig/Movers/ball_r_bind_scAim/ball_r_bind_aim","cat":"step","ph":"X","ts":215348,"dur":10,"pid":1,"tid":0},
{"name":"Constraint /Biped/Rig/Movers/bankIn_l_pivot_rc/bankIn_l_pivot_rotation","cat":"step","ph":"X","ts":215098,"dur":6,"pid":1,"tid":9},
{"name":"Constraint /Biped/Rig/Movers/bankOut_l_pivot_rc/bankOut_l_pivot_rotation","cat":"step","ph":"X","ts":215115,"dur":1,"pid":1,"tid":29},
{"name":"Constraint /Biped/Rig/Movers/heel_l_roll_rc/heel_l_roll_rotation","cat":"step","ph":"X","ts":215161,"dur":4,"pid":1,"tid":13},
{"name":"Constraint /Biped/Rig/Movers/toe_l_roll_rc/toe_l_roll_rotation","cat":"step","ph":"X","ts":215191,"dur":1,"pid":1,"tid":4},
{"name":"Constraint /Biped/Rig/Movers/ballRoll_l_up_rc/ballRoll_l_up_rotation","cat":"step","ph":"X","ts":215220,"dur":2,"pid":1,"tid":12},
{"name":"Constraint /Biped/Rig/Movers/ballRoll_l_down_rc/ballRoll_l_down_rotation","cat":"step","ph":"X","ts":215239,"dur":2,"pid":1,"tid":24},
{"name":"Solve /Biped/Rig/Solvers/leg_l_twoBoneIk","cat":"step","ph":"X","ts":215252,"dur":2,"pid":1,"tid":12},
{"name":"SolverCommit batch 48","cat":"step","ph":"X","ts":215266,"dur":1,"pid":1,"tid":12},
{"name":"Solve /Biped/Rig/Solvers/leg_l_ikfk","cat":"step","ph":"X","ts":215267,"dur":1,"pid":1,"tid":12},
{"name":"SolverCommit batch 49","cat":"step","ph":"X","ts":215274,"dur":7,"pid":1,"tid":12},
{"name":"Constraint /Biped/Rig/Movers/ankle_l_bind_scAim/ankle_l_bind_aim","cat":"step","ph":"X","ts":215291,"dur":8,"pid":1,"tid":12},
{"name":"Constraint /Biped/Rig/Movers/ball_l_bind_scAim/ball_l_bind_aim","cat":"step","ph":"X","ts":215324,"dur":8,"pid":1,"tid":30},
{"name":"Constraint /Biped/Rig/Movers/hips_follow/spine_root_ctl_drives_hips_bind","cat":"step","ph":"X","ts":214985,"dur":15,"pid":1,"tid":0},
{"name":"PropagateChunk /Biped/Rig/Movers/hips_follow/spine_root_ctl_drives_hips_bind","cat":"step","ph":"X","ts":215254,"dur":6,"pid":1,"tid":12},
{"name":"PropagateChunk /Biped/Rig/Movers/hips_follow/spine_root_ctl_drives_hips_bind","cat":"step","ph":"X","ts":215222,"dur":1,"pid":1,"tid":12},
{"name":"CommitApply /Biped/Rig/Movers/hips_follow/spine_root_ctl_drives_hips_bind","cat":"step","ph":"X","ts":215268,"dur":3,"pid":1,"tid":12},
{"name":"Constraint /Biped/Rig/Movers/hips_follow/spine_root_ctl_scales_hips_bind","cat":"step","ph":"X","ts":215281,"dur":3,"pid":1,"tid":12},
{"name":"PropagateChunk /Biped/Rig/Movers/hips_follow/spine_root_ctl_scales_hips_bind","cat":"step","ph":"X","ts":215332,"dur":7,"pid":1,"tid":30},
{"name":"CommitApply /Biped/Rig/Movers/hips_follow/spine_root_ctl_scales_hips_bind","cat":"step","ph":"X","ts":215358,"dur":2,"pid":1,"tid":0},
{"name":"Constraint /Biped/Rig/Movers/spine_to_bind/spine_ik_spine_0_bind_scale_to_spine_0_bind","cat":"step","ph":"X","ts":215374,"dur":13,"pid":1,"tid":3},
{"name":"Constraint /Biped/Rig/Movers/spine_to_bind/spine_ik_spine_0_bind_to_spine_0_bind","cat":"step","ph":"X","ts":215396,"dur":12,"pid":1,"tid":17},
{"name":"Constraint /Biped/Rig/Movers/spine_to_bind/spine_ik_spine_1_bind_scale_to_spine_1_bind","cat":"step","ph":"X","ts":215416,"dur":10,"pid":1,"tid":12},
{"name":"Constraint /Biped/Rig/Movers/spine_to_bind/spine_ik_spine_1_bind_to_spine_1_bind","cat":"step","ph":"X","ts":215435,"dur":11,"pid":1,"tid":12},
{"name":"Constraint /Biped/Rig/Movers/spine_to_bind/spine_ik_spine_2_bind_scale_to_spine_2_bind","cat":"step","ph":"X","ts":215452,"dur":8,"pid":1,"tid":12},
{"name":"Constraint /Biped/Rig/Movers/spine_to_bind/spine_ik_spine_2_bind_to_spine_2_bind","cat":"step","ph":"X","ts":215479,"dur":11,"pid":1,"tid":30},
{"name":"Constraint /Biped/Rig/Movers/spine_to_bind/spine_ik_spine_3_bind_scale_to_spine_3_bind","cat":"step","ph":"X","ts":215491,"dur":9,"pid":1,"tid":30},
{"name":"Constraint /Biped/Rig/Movers/spine_to_bind/spine_ik_spine_3_bind_to_spine_3_bind","cat":"step","ph":"X","ts":215500,"dur":22,"pid":1,"tid":30},
{"name":"Constraint /Biped/Rig/Movers/spine_to_bind/spine_ik_spine_4_bind_scale_to_spine_4_bind","cat":"step","ph":"X","ts":215522,"dur":7,"pid":1,"tid":30},
{"name":"Constraint /Biped/Rig/Movers/spine_to_bind/spine_ik_spine_4_bind_to_spine_4_bind","cat":"step","ph":"X","ts":215530,"dur":7,"pid":1,"tid":30},
{"name":"Constraint /Biped/Rig/Movers/spine_to_bind/spine_ik_spine_5_bind_scale_to_spine_5_bind","cat":"step","ph":"X","ts":215537,"dur":6,"pid":1,"tid":30},
{"name":"Constraint /Biped/Rig/Movers/spine_to_bind/spine_ik_spine_5_bind_to_spine_5_bind","cat":"step","ph":"X","ts":215543,"dur":6,"pid":1,"tid":30},
{"name":"Constraint /Biped/Rig/Movers/spine_to_bind/spine_ik_chest_bind_scale_to_chest_bind","cat":"step","ph":"X","ts":215549,"dur":5,"pid":1,"tid":30},
{"name":"Constraint /Biped/Rig/Movers/spine_to_bind/spine_ik_chest_bind_to_chest_bind","cat":"step","ph":"X","ts":215555,"dur":5,"pid":1,"tid":30},
{"name":"Constraint /Biped/Rig/Movers/girdles/spine_end_ctl_drives_chest_bind","cat":"step","ph":"X","ts":215560,"dur":7,"pid":1,"tid":30},
{"name":"Constraint /Biped/Rig/Movers/girdles/pelvis_r_ctl_drives_pelvis_r_bind","cat":"step","ph":"X","ts":215387,"dur":4,"pid":1,"tid":3},
{"name":"Constraint /Biped/Rig/Movers/girdles/pelvis_l_ctl_drives_pelvis_l_bind","cat":"step","ph":"X","ts":215391,"dur":3,"pid":1,"tid":3},
{"name":"Constraint /Biped/Rig/Movers/girdles/clavicle_r_ctl_drives_clavicle_r_bind","cat":"step","ph":"X","ts":215567,"dur":2,"pid":1,"tid":30},
{"name":"Constraint /Biped/Rig/Movers/girdles/clavicle_l_ctl_drives_clavicle_l_bind","cat":"step","ph":"X","ts":215569,"dur":1,"pid":1,"tid":30},
{"name":"Constraint /Biped/Rig/Movers/girdles/spine_end_ctl_unsquashes_neck_base_bind","cat":"step","ph":"X","ts":215570,"dur":4,"pid":1,"tid":30},
{"name":"Constraint /Biped/Rig/Movers/girdles/clavicle_r_ctl_unsquashes_clavicle_r_bind","cat":"step","ph":"X","ts":215575,"dur":2,"pid":1,"tid":30},
{"name":"Constraint /Biped/Rig/Movers/girdles/clavicle_l_ctl_unsquashes_clavicle_l_bind","cat":"step","ph":"X","ts":215577,"dur":2,"pid":1,"tid":30},
{"name":"Constraint /Biped/Rig/Movers/neck_to_bind/neck_ik_neck_0_bind_scale_to_neck_0_bind","cat":"step","ph":"X","ts":215579,"dur":4,"pid":1,"tid":30},
{"name":"Constraint /Biped/Rig/Movers/neck_to_bind/neck_ik_neck_0_bind_to_neck_0_bind","cat":"step","ph":"X","ts":215590,"dur":6,"pid":1,"tid":0},
{"name":"Constraint /Biped/Rig/Movers/neck_to_bind/neck_ik_neck_1_bind_scale_to_neck_1_bind","cat":"step","ph":"X","ts":215606,"dur":8,"pid":1,"tid":21},
{"name":"Constraint /Biped/Rig/Movers/neck_to_bind/neck_ik_neck_1_bind_to_neck_1_bind","cat":"step","ph":"X","ts":215623,"dur":6,"pid":1,"tid":21},
{"name":"Constraint /Biped/Rig/Movers/neck_to_bind/neck_ik_neck_2_bind_scale_to_neck_2_bind","cat":"step","ph":"X","ts":215640,"dur":9,"pid":1,"tid":14},
{"name":"Constraint /Biped/Rig/Movers/neck_to_bind/neck_ik_neck_2_bind_to_neck_2_bind","cat":"step","ph":"X","ts":215656,"dur":7,"pid":1,"tid":14},
{"name":"Constraint /Biped/Rig/Movers/neck_to_bind/neck_ik_neck_3_bind_scale_to_neck_3_bind","cat":"step","ph":"X","ts":215669,"dur":6,"pid":1,"tid":14},
{"name":"Constraint /Biped/Rig/Movers/neck_to_bind/neck_ik_neck_3_bind_to_neck_3_bind","cat":"step","ph":"X","ts":216616,"dur":9,"pid":1,"tid":14},
{"name":"Constraint /Biped/Rig/Movers/neck_to_bind/neck_ik_skull_bind_scale_to_skull_bind","cat":"step","ph":"X","ts":217273,"dur":5,"pid":1,"tid":14},
{"name":"Constraint /Biped/Rig/Movers/neck_to_bind/neck_ik_skull_bind_to_skull_bind","cat":"step","ph":"X","ts":217294,"dur":7,"pid":1,"tid":14},
{"name":"Constraint /Biped/Rig/Movers/twist_aims/wristTwist_r_bind_copy","cat":"step","ph":"X","ts":215165,"dur":5,"pid":1,"tid":13},
{"name":"Constraint /Biped/Rig/Movers/twist_aims/wristTwist_r_bind_aim","cat":"step","ph":"X","ts":215192,"dur":8,"pid":1,"tid":4},
{"name":"Constraint /Biped/Rig/Movers/twist_aims/wristTwist_l_bind_copy","cat":"step","ph":"X","ts":215109,"dur":8,"pid":1,"tid":31},
{"name":"Constraint /Biped/Rig/Movers/twist_aims/wristTwist_l_bind_aim","cat":"step","ph":"X","ts":215170,"dur":4,"pid":1,"tid":13},
{"name":"Constraint /Biped/Rig/Movers/twist_aims/ankleTwist_r_bind_copy","cat":"step","ph":"X","ts":215360,"dur":3,"pid":1,"tid":0},
{"name":"Constraint /Biped/Rig/Movers/twist_aims/ankleTwist_r_bind_aim","cat":"step","ph":"X","ts":215371,"dur":3,"pid":1,"tid":0},
{"name":"Constraint /Biped/Rig/Movers/twist_aims/ankleTwist_l_bind_copy","cat":"step","ph":"X","ts":215339,"dur":5,"pid":1,"tid":30},
{"name":"Constraint /Biped/Rig/Movers/twist_aims/ankleTwist_l_bind_aim","cat":"step","ph":"X","ts":215363,"dur":4,"pid":1,"tid":0},
{"name":"Constraint /Biped/Rig/Movers/twist_aims/ankleTwist_r_bind_follows_ankle_r_bind","cat":"step","ph":"X","ts":215408,"dur":3,"pid":1,"tid":17},
{"name":"Constraint /Biped/Rig/Movers/twist_aims/ankleTwist_l_bind_follows_ankle_l_bind","cat":"step","ph":"X","ts":215374,"dur":1,"pid":1,"tid":0},
{"name":"Constraint /Biped/Rig/Movers/twist_aims/wristTwist_r_bind_follows_wrist_r_bind","cat":"step","ph":"X","ts":215223,"dur":5,"pid":1,"tid":12},
{"name":"Constraint /Biped/Rig/Movers/twist_aims/wristTwist_l_bind_follows_wrist_l_bind","cat":"step","ph":"X","ts":215178,"dur":3,"pid":1,"tid":13},
{"name":"Constraint /Biped/Rig/Movers/twist_aims/thighNoTwist_r_bind_follows_thigh_r_bind","cat":"step","ph":"X","ts":215411,"dur":1,"pid":1,"tid":17},
{"name":"Constraint /Biped/Rig/Movers/twist_aims/thighNoTwist_l_bind_follows_thigh_l_bind","cat":"step","ph":"X","ts":215395,"dur":2,"pid":1,"tid":3},
{"name":"Constraint /Biped/Rig/Movers/twist_aims/shoulderNoTwist_r_bind_follows_shoulder_r_bind","cat":"step","ph":"X","ts":215596,"dur":2,"pid":1,"tid":0},
{"name":"Constraint /Biped/Rig/Movers/twist_aims/shoulderNoTwist_l_bind_follows_shoulder_l_bind","cat":"step","ph":"X","ts":215598,"dur":1,"pid":1,"tid":0},
{"name":"Constraint /Biped/Rig/Movers/twist_aims/pelvis_trans_r_bind_follows_thigh_r_bind","cat":"step","ph":"X","ts":215397,"dur":1,"pid":1,"tid":3},
{"name":"Constraint /Biped/Rig/Movers/twist_aims/pelvis_trans_l_bind_follows_thigh_l_bind","cat":"step","ph":"X","ts":215398,"dur":2,"pid":1,"tid":3},
{"name":"Constraint /Biped/Rig/Movers/twist_aims/clavicle_trans_r_bind_follows_shoulder_r_bind","cat":"step","ph":"X","ts":215588,"dur":2,"pid":1,"tid":30},
{"name":"Constraint /Biped/Rig/Movers/twist_aims/clavicle_trans_l_bind_follows_shoulder_l_bind","cat":"step","ph":"X","ts":215590,"dur":1,"pid":1,"tid":30},
{"name":"Constraint /Biped/Rig/Movers/twist_aims/pelvis_trans_r_bind_aim","cat":"step","ph":"X","ts":215426,"dur":5,"pid":1,"tid":12},
{"name":"Constraint /Biped/Rig/Movers/twist_aims/pelvis_trans_l_bind_aim","cat":"step","ph":"X","ts":215431,"dur":4,"pid":1,"tid":12},
{"name":"Constraint /Biped/Rig/Movers/twist_aims/kneeTwist_r_bind_aim","cat":"step","ph":"X","ts":215306,"dur":5,"pid":1,"tid":12},
{"name":"Constraint /Biped/Rig/Movers/twist_aims/kneeTwist_l_bind_aim","cat":"step","ph":"X","ts":215299,"dur":5,"pid":1,"tid":12},
{"name":"Constraint /Biped/Rig/Movers/twist_aims/thighNoTwist_r_bind_aim","cat":"step","ph":"X","ts":215413,"dur":4,"pid":1,"tid":17},
{"name":"Constraint /Biped/Rig/Movers/twist_aims/thighNoTwist_l_bind_aim","cat":"step","ph":"X","ts":215418,"dur":3,"pid":1,"tid":17},
{"name":"Constraint /Biped/Rig/Movers/twist_aims/clavicle_trans_r_bind_aim","cat":"step","ph":"X","ts":215614,"dur":5,"pid":1,"tid":21},
{"name":"Constraint /Biped/Rig/Movers/twist_aims/clavicle_trans_l_bind_aim","cat":"step","ph":"X","ts":215619,"dur":4,"pid":1,"tid":21},
{"name":"Constraint /Biped/Rig/Movers/twist_aims/elbowTwist_r_bind_aim","cat":"step","ph":"X","ts":215174,"dur":4,"pid":1,"tid":13},
{"name":"Constraint /Biped/Rig/Movers/twist_aims/elbowTwist_l_bind_aim","cat":"step","ph":"X","ts":215117,"dur":5,"pid":1,"tid":31},
{"name":"Constraint /Biped/Rig/Movers/twist_aims/shoulderNoTwist_r_bind_aim","cat":"step","ph":"X","ts":215599,"dur":4,"pid":1,"tid":0},
{"name":"Constraint /Biped/Rig/Movers/twist_aims/shoulderNoTwist_l_bind_aim","cat":"step","ph":"X","ts":215603,"dur":2,"pid":1,"tid":0},
{"name":"Constraint /Biped/Rig/Movers/pose_drivers/thigh_r_driver_copies_thigh_r_bind","cat":"step","ph":"X","ts":215446,"dur":6,"pid":1,"tid":12},
{"name":"Constraint /Biped/Rig/Movers/pose_drivers/thigh_l_driver_copies_thigh_l_bind","cat":"step","ph":"X","ts":215458,"dur":5,"pid":1,"tid":30},
{"name":"Constraint /Biped/Rig/Movers/pose_drivers/thigh_r_twist_driver_copies_thighNoTwist_r_bind","cat":"step","ph":"X","ts":215460,"dur":5,"pid":1,"tid":12},
{"name":"Constraint /Biped/Rig/Movers/pose_drivers/thigh_l_twist_driver_copies_thighNoTwist_l_bind","cat":"step","ph":"X","ts":215468,"dur":5,"pid":1,"tid":30},
{"name":"Constraint /Biped/Rig/Movers/pose_drivers/ankleTwist_r_driver_copies_ankleTwist_r_bind","cat":"step","ph":"X","ts":215444,"dur":5,"pid":1,"tid":30},
{"name":"Constraint /Biped/Rig/Movers/pose_drivers/ankleTwist_l_driver_copies_ankleTwist_l_bind","cat":"step","ph":"X","ts":215427,"dur":6,"pid":1,"tid":30},
{"name":"Constraint /Biped/Rig/Movers/pose_drivers/toe_r_driver_copies_ball_r_bind","cat":"step","ph":"X","ts":215375,"dur":38,"pid":1,"tid":30},
{"name":"Constraint /Biped/Rig/Movers/pose_drivers/toe_l_driver_copies_ball_l_bind","cat":"step","ph":"X","ts":215367,"dur":4,"pid":1,"tid":0},
{"name":"Constraint /Biped/Rig/Movers/pose_drivers/knee_r_driver_copies_knee_r_bind","cat":"step","ph":"X","ts":215352,"dur":7,"pid":1,"tid":30},
{"name":"Constraint /Biped/Rig/Movers/pose_drivers/knee_l_driver_copies_knee_l_bind","cat":"step","ph":"X","ts":215311,"dur":5,"pid":1,"tid":12},
{"name":"Constraint /Biped/Rig/Movers/pose_drivers/ankleSwing_r_driver_copies_ankle_r_bind","cat":"step","ph":"X","ts":215449,"dur":5,"pid":1,"tid":30},
{"name":"Constraint /Biped/Rig/Movers/pose_drivers/ankleSwing_l_driver_copies_ankle_l_bind","cat":"step","ph":"X","ts":215433,"dur":4,"pid":1,"tid":30},
{"name":"Constraint /Biped/Rig/Movers/pose_drivers/shoulder_r_driver_copies_shoulder_r_bind","cat":"step","ph":"X","ts":215629,"dur":4,"pid":1,"tid":21},
{"name":"Constraint /Biped/Rig/Movers/pose_drivers/shoulder_l_driver_copies_shoulder_l_bind","cat":"step","ph":"X","ts":215633,"dur":4,"pid":1,"tid":21},
{"name":"Constraint /Biped/Rig/Movers/pose_drivers/wristTwist_r_driver_copies_wristTwist_r_bind","cat":"step","ph":"X","ts":215241,"dur":8,"pid":1,"tid":24},
{"name":"Constraint /Biped/Rig/Movers/pose_drivers/wristTwist_l_driver_copies_wristTwist_l_bind","cat":"step","ph":"X","ts":215201,"dur":7,"pid":1,"tid":4},
{"name":"Constraint /Biped/Rig/Movers/pose_drivers/shoulder_r_twist_driver_copies_shoulderNoTwist_r_bind","cat":"step","ph":"X","ts":215649,"dur":6,"pid":1,"tid":14},
{"name":"Constraint /Biped/Rig/Movers/pose_drivers/shoulder_l_twist_driver_copies_shoulderNoTwist_l_bind","cat":"step","ph":"X","ts":215638,"dur":4,"pid":1,"tid":21},
{"name":"Constraint /Biped/Rig/Movers/pose_drivers/wristSwing_r_driver_copies_wrist_r_bind","cat":"step","ph":"X","ts":215229,"dur":7,"pid":1,"tid":12},
{"name":"Constraint /Biped/Rig/Movers/pose_drivers/wristSwing_l_driver_copies_wrist_l_bind","cat":"step","ph":"X","ts":215208,"dur":5,"pid":1,"tid":4},
{"name":"Constraint /Biped/Rig/Movers/pose_drivers/elbow_r_driver_copies_elbow_r_bind","cat":"step","ph":"X","ts":215181,"dur":4,"pid":1,"tid":13},
{"name":"Constraint /Biped/Rig/Movers/pose_drivers/elbow_l_driver_copies_elbow_l_bind","cat":"step","ph":"X","ts":215149,"dur":6,"pid":1,"tid":6},
{"name":"Constraint /Biped/Rig/Movers/param_follow/leg_r_params_to_ankle_r_bind","cat":"step","ph":"X","ts":215359,"dur":5,"pid":1,"tid":30},
{"name":"Constraint /Biped/Rig/Movers/param_follow/leg_l_params_to_ankle_l_bind","cat":"step","ph":"X","ts":215316,"dur":4,"pid":1,"tid":12},
{"name":"Constraint /Biped/Rig/Movers/param_follow/arm_r_params_to_wrist_r_bind","cat":"step","ph":"X","ts":215155,"dur":6,"pid":1,"tid":6},
{"name":"Constraint /Biped/Rig/Movers/param_follow/arm_l_params_to_wrist_l_bind","cat":"step","ph":"X","ts":215122,"dur":5,"pid":1,"tid":31},
{"name":"ProviderMatrix /Biped/Rig/Controls/leg_l_ik/ankle_l_pivot final","cat":"step","ph":"X","ts":214971,"dur":1,"pid":1,"tid":0},
{"name":"ProviderMatrix /Biped/Rig/Controls/leg_l_ik/ankle_l_pivot/bankIn_l_pivot final","cat":"step","ph":"X","ts":215127,"dur":1,"pid":1,"tid":31},
{"name":"ProviderMatrix /Biped/Rig/Controls/leg_l_ik/ankle_l_pivot/bankIn_l_pivot/bankOut_l_pivot/heel_l_roll final","cat":"step","ph":"X","ts":215185,"dur":1,"pid":1,"tid":13},
{"name":"ProviderMatrix /Biped/Rig/Controls/leg_l_ik/ankle_l_pivot/bankIn_l_pivot/bankOut_l_pivot/heel_l_roll/heel_l/ball_l_pivot/toe_l_roll/toe_l/ballRoll_l_up final","cat":"step","ph":"X","ts":215236,"dur":1,"pid":1,"tid":12},
{"name":"ProviderMatrix /Biped/Rig/Controls/leg_r_ik/ankle_r_pivot final","cat":"step","ph":"X","ts":215000,"dur":1,"pid":1,"tid":0},
{"name":"ProviderMatrix /Biped/Rig/Controls/leg_r_ik/ankle_r_pivot/bankIn_r_pivot final","cat":"step","ph":"X","ts":215161,"dur":1,"pid":1,"tid":6},
{"name":"ProviderMatrix /Biped/Rig/Controls/leg_r_ik/ankle_r_pivot/bankIn_r_pivot/bankOut_r_pivot/heel_r_roll final","cat":"step","ph":"X","ts":215213,"dur":1,"pid":1,"tid":4},
{"name":"ProviderMatrix /Biped/Rig/Controls/leg_r_ik/ankle_r_pivot/bankIn_r_pivot/bankOut_r_pivot/heel_r_roll/heel_r/ball_r_pivot/toe_r_roll/toe_r/ballRoll_r_up final","cat":"step","ph":"X","ts":215260,"dur":1,"pid":1,"tid":12},
{"name":"ProviderMatrix /Biped/Rig/Joints/ankle_l_pivot/bankIn_l_pivot/bankOut_l_pivot/heel_l_pivot/ball_l_pivot final","cat":"step","ph":"X","ts":215043,"dur":1,"pid":1,"tid":18},
{"name":"ProviderMatrix /Biped/Rig/Joints/ankle_l_pivot/bankIn_l_pivot/bankOut_l_pivot/heel_l_pivot/ball_l_pivot/toe_l_pivot/ballRoll_l_pivot final","cat":"step","ph":"X","ts":215056,"dur":1,"pid":1,"tid":18},
{"name":"ProviderMatrix /Biped/Rig/Joints/ankle_r_pivot final","cat":"step","ph":"X","ts":214972,"dur":1,"pid":1,"tid":0},
{"name":"ProviderMatrix /Biped/Rig/Joints/hips_bind final","cat":"step","ph":"X","ts":215413,"dur":1,"pid":1,"tid":30},
{"name":"ProviderMatrix /Biped/Rig/Joints/hips_bind/pelvis_l_bind final","cat":"step","ph":"X","ts":215437,"dur":1,"pid":1,"tid":30},
{"name":"ProviderMatrix /Biped/Rig/Joints/hips_bind/pelvis_l_bind/pelvis_trans_l_bind final","cat":"step","ph":"X","ts":215463,"dur":1,"pid":1,"tid":30},
{"name":"ProviderMatrix /Biped/Rig/Joints/hips_bind/pelvis_l_bind/thigh_l_bind final","cat":"step","ph":"X","ts":215304,"dur":1,"pid":1,"tid":12},
{"name":"ProviderMatrix /Biped/Rig/Joints/hips_bind/pelvis_l_bind/thigh_l_bind/knee_l_bind/ankleTwist_l_bind final","cat":"step","ph":"X","ts":215438,"dur":1,"pid":1,"tid":30},
{"name":"ProviderMatrix /Biped/Rig/Joints/hips_bind/pelvis_l_bind/thigh_l_bind/knee_l_bind/ankleTwist_l_driver final","cat":"step","ph":"X","ts":215454,"dur":1,"pid":1,"tid":30},
{"name":"ProviderMatrix /Biped/Rig/Joints/hips_bind/pelvis_l_bind/thigh_l_bind/knee_l_bind/ankle_l_bind final","cat":"step","ph":"X","ts":215320,"dur":1,"pid":1,"tid":12},
{"name":"ProviderMatrix /Biped/Rig/Joints/hips_bind/pelvis_l_bind/thigh_l_bind/knee_l_bind/ankle_l_bind/ball_l_bind final","cat":"step","ph":"X","ts":215364,"dur":1,"pid":1,"tid":30},
{"name":"ProviderMatrix /Biped/Rig/Joints/hips_bind/pelvis_l_bind/thigh_l_bind/knee_l_bind/ankle_l_bind/ball_l_bind/toe1_001_l_bind/toe1_002_l_bind/toe1_003_l_bind final","cat":"step","ph":"X","ts":215365,"dur":1,"pid":1,"tid":30},
{"name":"ProviderMatrix /Biped/Rig/Joints/hips_bind/pelvis_l_bind/thigh_l_bind/knee_l_bind/ankle_l_bind/ball_l_bind/toe2_001_l_bind/toe2_002_l_bind/toe2_003_l_bind final","cat":"step","ph":"X","ts":215366,"dur":1,"pid":1,"tid":30},
{"name":"ProviderMatrix /Biped/Rig/Joints/hips_bind/pelvis_l_bind/thigh_l_bind/knee_l_bind/ankle_l_bind/ball_l_bind/toe3_001_l_bind/toe3_002_l_bind/toe3_003_l_bind final","cat":"step","ph":"X","ts":215367,"dur":1,"pid":1,"tid":30},
{"name":"ProviderMatrix /Biped/Rig/Joints/hips_bind/pelvis_l_bind/thigh_l_bind/knee_l_bind/ankle_l_bind/ball_l_bind/toe4_001_l_bind/toe4_002_l_bind/toe4_003_l_bind final","cat":"step","ph":"X","ts":215368,"dur":1,"pid":1,"tid":30},
{"name":"ProviderMatrix /Biped/Rig/Joints/hips_bind/pelvis_l_bind/thigh_l_bind/knee_l_bind/ankle_l_bind/ball_l_bind/toe5_001_l_bind/toe5_002_l_bind/toe5_003_l_bind/toe5_004_l_bind final","cat":"step","ph":"X","ts":215369,"dur":1,"pid":1,"tid":30},
{"name":"ProviderMatrix /Biped/Rig/Joints/hips_bind/pelvis_r_bind/pelvis_trans_r_bind final","cat":"step","ph":"X","ts":215464,"dur":1,"pid":1,"tid":30},
{"name":"ProviderMatrix /Biped/Rig/Joints/hips_bind/pelvis_r_bind/pelvis_trans_r_bind/thigh_r_driver/thigh_r_twist_driver final","cat":"step","ph":"X","ts":215490,"dur":1,"pid":1,"tid":30},
{"name":"ProviderMatrix /Biped/Rig/Joints/hips_bind/pelvis_r_bind/thigh_combo_r_driver final","cat":"step","ph":"X","ts":215439,"dur":1,"pid":1,"tid":30},
{"name":"ProviderMatrix /Biped/Rig/Joints/hips_bind/pelvis_r_bind/thigh_r_bind final","cat":"step","ph":"X","ts":215321,"dur":1,"pid":1,"tid":12},
{"name":"ProviderMatrix /Biped/Rig/Joints/hips_bind/pelvis_r_bind/thigh_r_bind/knee_r_bind/ankle_r_bind final","cat":"step","ph":"X","ts":215370,"dur":1,"pid":1,"tid":30},
{"name":"ProviderMatrix /Biped/Rig/Joints/hips_bind/pelvis_r_bind/thigh_r_bind/knee_r_bind/ankle_r_bind/ball_r_bind final","cat":"step","ph":"X","ts":215414,"dur":1,"pid":1,"tid":30},
{"name":"ProviderMatrix /Biped/Rig/Joints/hips_bind/pelvis_r_bind/thigh_r_bind/knee_r_bind/ankle_r_bind/ball_r_bind/toe1_001_r_bind/toe1_002_r_bind/toe1_003_r_bind final","cat":"step","ph":"X","ts":215415,"dur":1,"pid":1,"tid":30},
{"name":"ProviderMatrix /Biped/Rig/Joints/hips_bind/pelvis_r_bind/thigh_r_bind/knee_r_bind/ankle_r_bind/ball_r_bind/toe2_001_r_bind/toe2_002_r_bind/toe2_003_r_bind/toe2_004_r_bind final","cat":"step","ph":"X","ts":215416,"dur":1,"pid":1,"tid":30},
{"name":"ProviderMatrix /Biped/Rig/Joints/hips_bind/pelvis_r_bind/thigh_r_bind/knee_r_bind/ankle_r_bind/ball_r_bind/toe5_001_r_bind/toe5_002_r_bind final","cat":"step","ph":"X","ts":215418,"dur":1,"pid":1,"tid":30},
{"name":"ProviderMatrix /Biped/Rig/Joints/hips_bind/spine_0_bind/spine_1_bind/spine_2_bind/spine_3_bind/spine_4_bind/spine_5_bind/chest_bind final","cat":"step","ph":"X","ts":215574,"dur":1,"pid":1,"tid":30},
{"name":"ProviderMatrix /Biped/Rig/Joints/hips_bind/spine_0_bind/spine_1_bind/spine_2_bind/spine_3_bind/spine_4_bind/spine_5_bind/chest_bind/clavicle_l_bind/shoulder_l_bind/elbow_l_bind/elbowTwist_l_bind/elbow_l_driver final","cat":"step","ph":"X","ts":215186,"dur":1,"pid":1,"tid":13},
{"name":"ProviderMatrix /Biped/Rig/Joints/hips_bind/spine_0_bind/spine_1_bind/spine_2_bind/spine_3_bind/spine_4_bind/spine_5_bind/chest_bind/clavicle_l_bind/shoulder_l_bind/elbow_l_bind/wristTwist_l_bind/wristSwing_l_driver final","cat":"step","ph":"X","ts":215237,"dur":1,"pid":1,"tid":12},
{"name":"ProviderMatrix /Biped/Rig/Joints/hips_bind/spine_0_bind/spine_1_bind/spine_2_bind/spine_3_bind/spine_4_bind/spine_5_bind/chest_bind/clavicle_l_bind/shoulder_l_bind/elbow_l_bind/wrist_l_bind final","cat":"step","ph":"X","ts":215128,"dur":1,"pid":1,"tid":31},
{"name":"ProviderMatrix /Biped/Rig/Joints/hips_bind/spine_0_bind/spine_1_bind/spine_2_bind/spine_3_bind/spine_4_bind/spine_5_bind/chest_bind/clavicle_l_bind/shoulder_l_bind/elbow_l_bind/wrist_l_bind/index_001_l_bind final","cat":"step","ph":"X","ts":215214,"dur":1,"pid":1,"tid":4},
{"name":"ProviderMatrix /Biped/Rig/Joints/hips_bind/spine_0_bind/spine_1_bind/spine_2_bind/spine_3_bind/spine_4_bind/spine_5_bind/chest_bind/clavicle_l_bind/shoulder_l_bind/elbow_l_bind/wrist_l_bind/index_001_l_bind/index_002_l_bind/index_003_l_bind final","cat":"step","ph":"X","ts":215215,"dur":1,"pid":1,"tid":4},
{"name":"ProviderMatrix /Biped/Rig/Joints/hips_bind/spine_0_bind/spine_1_bind/spine_2_bind/spine_3_bind/spine_4_bind/spine_5_bind/chest_bind/clavicle_l_bind/shoulder_l_bind/elbow_l_bind/wrist_l_bind/middle_001_l_bind/middle_002_l_bind final","cat":"step","ph":"X","ts":215216,"dur":1,"pid":1,"tid":4},
{"name":"ProviderMatrix /Biped/Rig/Joints/hips_bind/spine_0_bind/spine_1_bind/spine_2_bind/spine_3_bind/spine_4_bind/spine_5_bind/chest_bind/clavicle_l_bind/shoulder_l_bind/elbow_l_bind/wrist_l_bind/pinkyCup_l_bind/pinky_001_l_bind/pinky_002_combo_l_driver final","cat":"step","ph":"X","ts":215238,"dur":1,"pid":1,"tid":12},
{"name":"ProviderMatrix /Biped/Rig/Joints/hips_bind/spine_0_bind/spine_1_bind/spine_2_bind/spine_3_bind/spine_4_bind/spine_5_bind/chest_bind/clavicle_l_bind/shoulder_l_bind/elbow_l_bind/wrist_l_bind/pinkyCup_l_bind/pinky_001_l_bind/pinky_002_l_bind/pinky_003_l_bind/pinky_004_l_bind/pinky_005_l_bind final","cat":"step","ph":"X","ts":215239,"dur":1,"pid":1,"tid":12},
{"name":"ProviderMatrix /Biped/Rig/Joints/hips_bind/spine_0_bind/spine_1_bind/spine_2_bind/spine_3_bind/spine_4_bind/spine_5_bind/chest_bind/clavicle_l_bind/shoulder_l_bind/elbow_l_bind/wrist_l_bind/ring_001_l_bind/ring_002_combo_l_driver final","cat":"step","ph":"X","ts":215217,"dur":1,"pid":1,"tid":4},
{"name":"ProviderMatrix /Biped/Rig/Joints/hips_bind/spine_0_bind/spine_1_bind/spine_2_bind/spine_3_bind/spine_4_bind/spine_5_bind/chest_bind/clavicle_l_bind/shoulder_l_bind/elbow_l_bind/wrist_l_bind/thumbCup_l_bind final","cat":"step","ph":"X","ts":215218,"dur":1,"pid":1,"tid":4},
{"name":"ProviderMatrix /Biped/Rig/Joints/hips_bind/spine_0_bind/spine_1_bind/spine_2_bind/spine_3_bind/spine_4_bind/spine_5_bind/chest_bind/clavicle_r_bind final","cat":"step","ph":"X","ts":215591,"dur":1,"pid":1,"tid":30},
{"name":"ProviderMatrix /Biped/Rig/Joints/hips_bind/spine_0_bind/spine_1_bind/spine_2_bind/spine_3_bind/spine_4_bind/spine_5_bind/chest_bind/clavicle_r_bind/clavicle_trans_r_bind final","cat":"step","ph":"X","ts":215637,"dur":1,"pid":1,"tid":21},
{"name":"ProviderMatrix /Biped/Rig/Joints/hips_bind/spine_0_bind/spine_1_bind/spine_2_bind/spine_3_bind/spine_4_bind/spine_5_bind/chest_bind/clavicle_r_bind/clavicle_trans_r_bind/shoulder_r_driver final","cat":"step","ph":"X","ts":215642,"dur":1,"pid":1,"tid":21},
{"name":"ProviderMatrix /Biped/Rig/Joints/hips_bind/spine_0_bind/spine_1_bind/spine_2_bind/spine_3_bind/spine_4_bind/spine_5_bind/chest_bind/clavicle_r_bind/clavicle_trans_r_bind/shoulder_r_driver/shoulder_r_twist_driver final","cat":"step","ph":"X","ts":215663,"dur":1,"pid":1,"tid":14},
{"name":"ProviderMatrix /Biped/Rig/Joints/hips_bind/spine_0_bind/spine_1_bind/spine_2_bind/spine_3_bind/spine_4_bind/spine_5_bind/chest_bind/clavicle_r_bind/shoulder_r_bind final","cat":"step","ph":"X","ts":215162,"dur":1,"pid":1,"tid":6},
{"name":"ProviderMatrix /Biped/Rig/Joints/hips_bind/spine_0_bind/spine_1_bind/spine_2_bind/spine_3_bind/spine_4_bind/spine_5_bind/chest_bind/clavicle_r_bind/shoulder_r_bind/elbow_r_bind/elbowTwist_r_bind/elbow_r_driver final","cat":"step","ph":"X","ts":215219,"dur":1,"pid":1,"tid":4},
{"name":"ProviderMatrix /Biped/Rig/Joints/hips_bind/spine_0_bind/spine_1_bind/spine_2_bind/spine_3_bind/spine_4_bind/spine_5_bind/chest_bind/clavicle_r_bind/shoulder_r_bind/elbow_r_bind/wrist_r_bind final","cat":"step","ph":"X","ts":215163,"dur":1,"pid":1,"tid":6},
{"name":"ProviderMatrix /Biped/Rig/Joints/hips_bind/spine_0_bind/spine_1_bind/spine_2_bind/spine_3_bind/spine_4_bind/spine_5_bind/chest_bind/clavicle_r_bind/shoulder_r_bind/elbow_r_bind/wrist_r_bind/index_001_r_bind/index_002_combo_r_driver final","cat":"step","ph":"X","ts":215240,"dur":1,"pid":1,"tid":12},
{"name":"ProviderMatrix /Biped/Rig/Joints/hips_bind/spine_0_bind/spine_1_bind/spine_2_bind/spine_3_bind/spine_4_bind/spine_5_bind/chest_bind/clavicle_r_bind/shoulder_r_bind/elbow_r_bind/wrist_r_bind/middle_001_r_bind/middle_002_r_bind final","cat":"step","ph":"X","ts":215242,"dur":1,"pid":1,"tid":12},
{"name":"ProviderMatrix /Biped/Rig/Joints/hips_bind/spine_0_bind/spine_1_bind/spine_2_bind/spine_3_bind/spine_4_bind/spine_5_bind/chest_bind/clavicle_r_bind/shoulder_r_bind/elbow_r_bind/wrist_r_bind/pinkyCup_r_bind/pinky_001_r_bind final","cat":"step","ph":"X","ts":215261,"dur":1,"pid":1,"tid":12},
{"name":"ProviderMatrix /Biped/Rig/Joints/hips_bind/spine_0_bind/spine_1_bind/spine_2_bind/spine_3_bind/spine_4_bind/spine_5_bind/chest_bind/clavicle_r_bind/shoulder_r_bind/elbow_r_bind/wrist_r_bind/pinkyCup_r_bind/pinky_001_r_bind/pinky_002_r_bind/pinky_003_r_bind/pinky_004_r_bind final","cat":"step","ph":"X","ts":215262,"dur":1,"pid":1,"tid":12},
{"name":"ProviderMatrix /Biped/Rig/Joints/hips_bind/spine_0_bind/spine_1_bind/spine_2_bind/spine_3_bind/spine_4_bind/spine_5_bind/chest_bind/clavicle_r_bind/shoulder_r_bind/elbow_r_bind/wrist_r_bind/ring_001_r_bind final","cat":"step","ph":"X","ts":215243,"dur":1,"pid":1,"tid":12},
{"name":"ProviderMatrix /Biped/Rig/Joints/hips_bind/spine_0_bind/spine_1_bind/spine_2_bind/spine_3_bind/spine_4_bind/spine_5_bind/chest_bind/clavicle_r_bind/shoulder_r_bind/elbow_r_bind/wrist_r_bind/ring_001_r_bind/ring_002_r_bind/ring_003_r_bind/ring_004_r_bind final","cat":"step","ph":"X","ts":215244,"dur":1,"pid":1,"tid":12},
{"name":"ProviderMatrix /Biped/Rig/Joints/hips_bind/spine_0_bind/spine_1_bind/spine_2_bind/spine_3_bind/spine_4_bind/spine_5_bind/chest_bind/clavicle_r_bind/shoulder_r_bind/elbow_r_bind/wrist_r_bind/thumbCup_r_bind/thumb_001_r_bind/thumb_002_r_bind/thumb_003_r_bind final","cat":"step","ph":"X","ts":215245,"dur":1,"pid":1,"tid":12},
{"name":"ProviderMatrix /Biped/Rig/Joints/hips_bind/spine_0_bind/spine_1_bind/spine_2_bind/spine_3_bind/spine_4_bind/spine_5_bind/chest_bind/neck_base_bind/neck_0_bind/neck_1_bind/neck_2_bind/neck_3_bind final","cat":"step","ph":"X","ts":217278,"dur":1,"pid":1,"tid":14},
{"name":"ProviderMatrix /Biped/Rig/Joints/hips_bind/spine_0_bind/spine_1_bind/spine_2_bind/spine_3_bind/spine_4_bind/spine_5_bind/chest_bind/neck_base_bind/neck_0_bind/neck_1_bind/neck_2_bind/neck_3_bind/skull_bind/face_lower_bind final","cat":"step","ph":"X","ts":217301,"dur":1,"pid":1,"tid":14},
{"name":"ProviderMatrix /Biped/Rig/Joints/hips_bind/spine_0_bind/spine_1_bind/spine_2_bind/spine_3_bind/spine_4_bind/spine_5_bind/chest_bind/neck_base_bind/neck_0_bind/neck_1_bind/neck_2_bind/neck_3_bind/skull_bind/face_lower_bind/face_mid_bind/teeth_upper_bind final","cat":"step","ph":"X","ts":217302,"dur":1,"pid":1,"tid":14},
{"name":"ProviderMatrix /Biped/Rig/Joints/hips_bind/spine_0_bind/spine_1_bind/spine_2_bind/spine_3_bind/spine_4_bind/spine_5_bind/chest_bind/neck_base_bind/neck_0_bind/neck_1_bind/neck_2_bind/neck_3_bind/skull_bind/face_lower_bind/jaw_bind/tongue_0_bind/tongue_1_bind final","cat":"step","ph":"X","ts":217303,"dur":1,"pid":1,"tid":14},
{"name":"ProviderMatrix /Biped/Rig/Joints/hips_bind/spine_0_bind/spine_1_bind/spine_2_bind/spine_3_bind/spine_4_bind/spine_5_bind/chest_bind/neck_base_bind/neck_0_bind/neck_1_bind/neck_2_bind/neck_3_bind/skull_bind/face_upper_bind/eyeSocket_l_bind final","cat":"step","ph":"X","ts":217304,"dur":1,"pid":1,"tid":14},
{"name":"ProviderMatrix /Biped/Rig/Joints/hips_bind/spine_0_bind/spine_1_bind/spine_2_bind/spine_3_bind/spine_4_bind/spine_5_bind/chest_bind/neck_base_bind/neck_0_bind/neck_1_bind/neck_2_bind/neck_3_bind/skull_bind/face_upper_bind/head_tip_bind/brow_inner_r_bind final","cat":"step","ph":"X","ts":217305,"dur":1,"pid":1,"tid":14},
{"name":"ProviderMatrix /Biped/Rig/Joints/neck_ik_neck_0_bind final","cat":"step","ph":"X","ts":215271,"dur":1,"pid":1,"tid":12},
{"name":"ProviderMatrix /Biped/Rig/Joints/neck_ik_neck_0_bind/neck_ik_neck_1_bind/neck_ik_neck_2_bind/neck_ik_neck_3_bind/neck_ik_skull_bind final","cat":"step","ph":"X","ts":215272,"dur":1,"pid":1,"tid":12},
{"name":"ProviderMatrix /Biped/Rig/Joints/spine_ik_spine_0_bind final","cat":"step","ph":"X","ts":215104,"dur":1,"pid":1,"tid":9},
{"name":"PoseInterpolator /Biped/Rig/PoseInterpolators/ankleSwing_l_driver","cat":"step","ph":"X","ts":215455,"dur":3,"pid":1,"tid":30},
{"name":"PoseInterpolator /Biped/Rig/PoseInterpolators/ankleSwing_r_driver","cat":"step","ph":"X","ts":215465,"dur":3,"pid":1,"tid":30},
{"name":"PoseInterpolator /Biped/Rig/PoseInterpolators/elbow_l_driver","cat":"step","ph":"X","ts":215187,"dur":2,"pid":1,"tid":13},
{"name":"PoseInterpolator /Biped/Rig/PoseInterpolators/elbow_r_driver","cat":"step","ph":"X","ts":215220,"dur":2,"pid":1,"tid":4},
{"name":"PoseInterpolator /Biped/Rig/PoseInterpolators/index_002_l","cat":"step","ph":"X","ts":215164,"dur":3,"pid":1,"tid":6},
{"name":"PoseInterpolator /Biped/Rig/PoseInterpolators/index_002_r","cat":"step","ph":"X","ts":215189,"dur":2,"pid":1,"tid":13},
{"name":"PoseInterpolator /Biped/Rig/PoseInterpolators/knee_l_driver","cat":"step","ph":"X","ts":215371,"dur":4,"pid":1,"tid":30},
{"name":"PoseInterpolator /Biped/Rig/PoseInterpolators/knee_r_driver","cat":"step","ph":"X","ts":215420,"dur":3,"pid":1,"tid":30},
{"name":"PoseInterpolator /Biped/Rig/PoseInterpolators/middle_002_l","cat":"step","ph":"X","ts":215167,"dur":2,"pid":1,"tid":6},
{"name":"PoseInterpolator /Biped/Rig/PoseInterpolators/middle_002_r","cat":"step","ph":"X","ts":215191,"dur":2,"pid":1,"tid":13},
{"name":"PoseInterpolator /Biped/Rig/PoseInterpolators/neckTwist","cat":"step","ph":"X","ts":215605,"dur":2,"pid":1,"tid":0},
{"name":"PoseInterpolator /Biped/Rig/PoseInterpolators/neck","cat":"step","ph":"X","ts":215607,"dur":2,"pid":1,"tid":0},
{"name":"PoseInterpolator /Biped/Rig/PoseInterpolators/pinky_002_l","cat":"step","ph":"X","ts":215169,"dur":2,"pid":1,"tid":6},
{"name":"PoseInterpolator /Biped/Rig/PoseInterpolators/pinky_002_r","cat":"step","ph":"X","ts":215193,"dur":1,"pid":1,"tid":13},
{"name":"PoseInterpolator /Biped/Rig/PoseInterpolators/ring_002_l","cat":"step","ph":"X","ts":215171,"dur":2,"pid":1,"tid":6},
{"name":"PoseInterpolator /Biped/Rig/PoseInterpolators/ring_002_r","cat":"step","ph":"X","ts":215194,"dur":1,"pid":1,"tid":13},
{"name":"PoseInterpolator /Biped/Rig/PoseInterpolators/shoulder_l_driver","cat":"step","ph":"X","ts":215643,"dur":3,"pid":1,"tid":21},
{"name":"PoseInterpolator /Biped/Rig/PoseInterpolators/shoulder_l_twist_driver","cat":"step","ph":"X","ts":215664,"dur":3,"pid":1,"tid":14},
{"name":"PoseInterpolator /Biped/Rig/PoseInterpolators/shoulder_r_driver","cat":"step","ph":"X","ts":215646,"dur":2,"pid":1,"tid":21},
{"name":"PoseInterpolator /Biped/Rig/PoseInterpolators/shoulder_r_twist_driver","cat":"step","ph":"X","ts":215667,"dur":2,"pid":1,"tid":14},
{"name":"PoseInterpolator /Biped/Rig/PoseInterpolators/thigh_l_driver","cat":"step","ph":"X","ts":215474,"dur":2,"pid":1,"tid":30},
{"name":"PoseInterpolator /Biped/Rig/PoseInterpolators/thigh_r_driver","cat":"step","ph":"X","ts":215476,"dur":3,"pid":1,"tid":30},
{"name":"PoseInterpolator /Biped/Rig/PoseInterpolators/toe_l","cat":"step","ph":"X","ts":215423,"dur":2,"pid":1,"tid":30},
{"name":"PoseInterpolator /Biped/Rig/PoseInterpolators/toe_l_twist","cat":"step","ph":"X","ts":215425,"dur":1,"pid":1,"tid":30},
{"name":"PoseInterpolator /Biped/Rig/PoseInterpolators/toe_r","cat":"step","ph":"X","ts":215440,"dur":2,"pid":1,"tid":30},
{"name":"PoseInterpolator /Biped/Rig/PoseInterpolators/toe_r_twist","cat":"step","ph":"X","ts":215442,"dur":2,"pid":1,"tid":30},
{"name":"PoseInterpolator /Biped/Rig/PoseInterpolators/torso","cat":"step","ph":"X","ts":215001,"dur":4,"pid":1,"tid":0},
{"name":"PoseInterpolator /Biped/Rig/PoseInterpolators/wristSwing_l_driver","cat":"step","ph":"X","ts":215246,"dur":3,"pid":1,"tid":12},
{"name":"PoseInterpolator /Biped/Rig/PoseInterpolators/wristSwing_r_driver","cat":"step","ph":"X","ts":215263,"dur":2,"pid":1,"tid":12},
{"name":"RevisionStatic /Biped/Rig/Movers/shapes_body_geo/body_geo_shapes","cat":"step","ph":"X","ts":215675,"dur":941,"pid":1,"tid":14},
{"name":"RevisionChunk /Biped/Rig/Movers/shapes_body_geo/body_geo_shapes","cat":"step","ph":"X","ts":216625,"dur":647,"pid":1,"tid":14},
{"name":"RevisionFuse /Biped/Rig/Movers/shapes_body_geo/body_geo_shapes","cat":"step","ph":"X","ts":217279,"dur":14,"pid":1,"tid":14},
{"name":"InfluenceFold /Biped/Rig/Movers/skin_body_geo/body_geo_skin","cat":"step","ph":"X","ts":217307,"dur":40,"pid":1,"tid":14},
{"name":"RevisionChunk /Biped/Rig/Movers/skin_body_geo/body_geo_skin","cat":"step","ph":"X","ts":217347,"dur":2345,"pid":1,"tid":14},
{"name":"RevisionFuse /Biped/Rig/Movers/skin_body_geo/body_geo_skin","cat":"step","ph":"X","ts":219693,"dur":3,"pid":1,"tid":14},
{"name":"ChainStatus /Biped/Geom/body_geo.points","cat":"step","ph":"X","ts":219697,"dur":18,"pid":1,"tid":14},
{"name":"Derived /Biped/Geom/body_geo.extent","cat":"step","ph":"X","ts":219716,"dur":462,"pid":1,"tid":14},
{"name":"cluster 0","cat":"cluster","ph":"X","ts":214948,"dur":14,"pid":1,"tid":0,"args":{"level":"1","steps":"21","waitUs":"5"}},
{"name":"cluster 1","cat":"cluster","ph":"X","ts":214963,"dur":10,"pid":1,"tid":0,"args":{"level":"2","steps":"30","waitUs":"0"}},
{"name":"cluster 2","cat":"cluster","ph":"X","ts":215006,"dur":15,"pid":1,"tid":18,"args":{"level":"3","steps":"21","waitUs":"33"}},
{"name":"cluster 3","cat":"cluster","ph":"X","ts":215021,"dur":23,"pid":1,"tid":18,"args":{"level":"4","steps":"22","waitUs":"0"}},
{"name":"cluster 4","cat":"cluster","ph":"X","ts":215047,"dur":13,"pid":1,"tid":31,"args":{"level":"5","steps":"17","waitUs":"2"}},
{"name":"cluster 5","cat":"cluster","ph":"X","ts":215062,"dur":13,"pid":1,"tid":26,"args":{"level":"6","steps":"20","waitUs":"2"}},
{"name":"cluster 6","cat":"cluster","ph":"X","ts":215085,"dur":12,"pid":1,"tid":9,"args":{"level":"7","steps":"16","waitUs":"4"}},
{"name":"cluster 7","cat":"cluster","ph":"X","ts":215099,"dur":9,"pid":1,"tid":31,"args":{"level":"8","steps":"14","waitUs":"1"}},
{"name":"cluster 8","cat":"cluster","ph":"X","ts":214981,"dur":24,"pid":1,"tid":0,"args":{"level":"3","steps":"15","waitUs":"8"}},
{"name":"cluster 9","cat":"cluster","ph":"X","ts":215110,"dur":31,"pid":1,"tid":6,"args":{"level":"9","steps":"15","waitUs":"2"}},
{"name":"cluster 10","cat":"cluster","ph":"X","ts":215146,"dur":24,"pid":1,"tid":2,"args":{"level":"10","steps":"18","waitUs":"5"}},
{"name":"cluster 11","cat":"cluster","ph":"X","ts":215170,"dur":12,"pid":1,"tid":2,"args":{"level":"11","steps":"13","waitUs":"0"}},
{"name":"cluster 12","cat":"cluster","ph":"X","ts":215060,"dur":21,"pid":1,"tid":31,"args":{"level":"6","steps":"8","waitUs":"0"}},
{"name":"cluster 13","cat":"cluster","ph":"X","ts":215204,"dur":24,"pid":1,"tid":12,"args":{"level":"12","steps":"12","waitUs":"3"}},
{"name":"cluster 14","cat":"cluster","ph":"X","ts":215082,"dur":4,"pid":1,"tid":31,"args":{"level":"7","steps":"6","waitUs":"1"}},
{"name":"cluster 15","cat":"cluster","ph":"X","ts":215231,"dur":18,"pid":1,"tid":24,"args":{"level":"13","steps":"6","waitUs":"3"}},
{"name":"cluster 17","cat":"cluster","ph":"X","ts":215045,"dur":12,"pid":1,"tid":18,"args":{"level":"5","steps":"7","waitUs":"0"}},
{"name":"cluster 18","cat":"cluster","ph":"X","ts":215249,"dur":16,"pid":1,"tid":12,"args":{"level":"14","steps":"16","waitUs":"0"}},
{"name":"cluster 19","cat":"cluster","ph":"X","ts":215057,"dur":16,"pid":1,"tid":18,"args":{"level":"6","steps":"1","waitUs":"0"}},
{"name":"cluster 20","cat":"cluster","ph":"X","ts":215151,"dur":14,"pid":1,"tid":0,"args":{"level":"10","steps":"3","waitUs":"10"}},
{"name":"cluster 21","cat":"cluster","ph":"X","ts":215165,"dur":5,"pid":1,"tid":0,"args":{"level":"11","steps":"3","waitUs":"0"}},
{"name":"cluster 22","cat":"cluster","ph":"X","ts":215157,"dur":7,"pid":1,"tid":1,"args":{"level":"10","steps":"3","waitUs":"9"}},
{"name":"cluster 23","cat":"cluster","ph":"X","ts":215180,"dur":20,"pid":1,"tid":4,"args":{"level":"11","steps":"7","waitUs":"2"}},
{"name":"cluster 24","cat":"cluster","ph":"X","ts":215110,"dur":24,"pid":1,"tid":2,"args":{"level":"9","steps":"3","waitUs":"2"}},
{"name":"cluster 25","cat":"cluster","ph":"X","ts":215134,"dur":9,"pid":1,"tid":2,"args":{"level":"10","steps":"3","waitUs":"0"}},
{"name":"cluster 26","cat":"cluster","ph":"X","ts":215111,"dur":5,"pid":1,"tid":29,"args":{"level":"9","steps":"2","waitUs":"3"}},
{"name":"cluster 27","cat":"cluster","ph":"X","ts":215266,"dur":7,"pid":1,"tid":12,"args":{"level":"15","steps":"10","waitUs":"1"}},
{"name":"cluster 28","cat":"cluster","ph":"X","ts":215273,"dur":11,"pid":1,"tid":12,"args":{"level":"16","steps":"4","waitUs":"0"}},
{"name":"cluster 29","cat":"cluster","ph":"X","ts":215284,"dur":21,"pid":1,"tid":12,"args":{"level":"17","steps":"6","waitUs":"0"}},
{"name":"cluster 30","cat":"cluster","ph":"X","ts":215308,"dur":36,"pid":1,"tid":30,"args":{"level":"18","steps":"5","waitUs":"3"}},
{"name":"cluster 31","cat":"cluster","ph":"X","ts":215348,"dur":23,"pid":1,"tid":0,"args":{"level":"19","steps":"5","waitUs":"4"}},
{"name":"cluster 32","cat":"cluster","ph":"X","ts":215098,"dur":8,"pid":1,"tid":9,"args":{"level":"8","steps":"8","waitUs":"0"}},
{"name":"cluster 33","cat":"cluster","ph":"X","ts":215161,"dur":17,"pid":1,"tid":13,"args":{"level":"10","steps":"4","waitUs":"13"}},
{"name":"cluster 34","cat":"cluster","ph":"X","ts":215374,"dur":20,"pid":1,"tid":3,"args":{"level":"20","steps":"3","waitUs":"3"}},
{"name":"cluster 35","cat":"cluster","ph":"X","ts":215396,"dur":16,"pid":1,"tid":17,"args":{"level":"21","steps":"3","waitUs":"2"}},
{"name":"cluster 36","cat":"cluster","ph":"X","ts":215415,"dur":20,"pid":1,"tid":12,"args":{"level":"22","steps":"3","waitUs":"2"}},
{"name":"cluster 37","cat":"cluster","ph":"X","ts":215435,"dur":17,"pid":1,"tid":12,"args":{"level":"23","steps":"2","waitUs":"0"}},
{"name":"cluster 38","cat":"cluster","ph":"X","ts":215452,"dur":13,"pid":1,"tid":12,"args":{"level":"24","steps":"2","waitUs":"0"}},
{"name":"cluster 39","cat":"cluster","ph":"X","ts":215479,"dur":12,"pid":1,"tid":30,"args":{"level":"25","steps":"3","waitUs":"0"}},
{"name":"cluster 40","cat":"cluster","ph":"X","ts":215491,"dur":9,"pid":1,"tid":30,"args":{"level":"26","steps":"2","waitUs":"0"}},
{"name":"cluster 41","cat":"cluster","ph":"X","ts":215500,"dur":22,"pid":1,"tid":30,"args":{"level":"27","steps":"1","waitUs":"0"}},
{"name":"cluster 42","cat":"cluster","ph":"X","ts":215522,"dur":8,"pid":1,"tid":30,"args":{"level":"28","steps":"2","waitUs":"0"}},
{"name":"cluster 43","cat":"cluster","ph":"X","ts":215530,"dur":7,"pid":1,"tid":30,"args":{"level":"29","steps":"1","waitUs":"0"}},
{"name":"cluster 44","cat":"cluster","ph":"X","ts":215537,"dur":6,"pid":1,"tid":30,"args":{"level":"30","steps":"2","waitUs":"0"}},
{"name":"cluster 45","cat":"cluster","ph":"X","ts":215543,"dur":6,"pid":1,"tid":30,"args":{"level":"31","steps":"1","waitUs":"0"}},
{"name":"cluster 46","cat":"cluster","ph":"X","ts":215549,"dur":6,"pid":1,"tid":30,"args":{"level":"32","steps":"2","waitUs":"0"}},
{"name":"cluster 47","cat":"cluster","ph":"X","ts":215555,"dur":5,"pid":1,"tid":30,"args":{"level":"33","steps":"1","waitUs":"0"}},
{"name":"cluster 48","cat":"cluster","ph":"X","ts":215560,"dur":7,"pid":1,"tid":30,"args":{"level":"34","steps":"1","waitUs":"0"}},
{"name":"cluster 49","cat":"cluster","ph":"X","ts":215567,"dur":8,"pid":1,"tid":30,"args":{"level":"35","steps":"4","waitUs":"0"}},
{"name":"cluster 50","cat":"cluster","ph":"X","ts":215575,"dur":8,"pid":1,"tid":30,"args":{"level":"36","steps":"4","waitUs":"0"}},
{"name":"cluster 51","cat":"cluster","ph":"X","ts":215590,"dur":9,"pid":1,"tid":0,"args":{"level":"37","steps":"3","waitUs":"7"}},
{"name":"cluster 52","cat":"cluster","ph":"X","ts":215606,"dur":17,"pid":1,"tid":21,"args":{"level":"38","steps":"3","waitUs":"7"}},
{"name":"cluster 53","cat":"cluster","ph":"X","ts":215623,"dur":15,"pid":1,"tid":21,"args":{"level":"39","steps":"7","waitUs":"0"}},
{"name":"cluster 54","cat":"cluster","ph":"X","ts":215640,"dur":15,"pid":1,"tid":14,"args":{"level":"40","steps":"2","waitUs":"2"}},
{"name":"cluster 55","cat":"cluster","ph":"X","ts":215655,"dur":14,"pid":1,"tid":14,"args":{"level":"41","steps":"5","waitUs":"0"}},
{"name":"cluster 56","cat":"cluster","ph":"X","ts":215669,"dur":947,"pid":1,"tid":14,"args":{"level":"42","steps":"3","waitUs":"0"}},
{"name":"cluster 57","cat":"cluster","ph":"X","ts":216616,"dur":656,"pid":1,"tid":14,"args":{"level":"43","steps":"2","waitUs":"0"}},
{"name":"cluster 58","cat":"cluster","ph":"X","ts":217273,"dur":20,"pid":1,"tid":14,"args":{"level":"44","steps":"3","waitUs":"0"}},
{"name":"cluster 59","cat":"cluster","ph":"X","ts":217293,"dur":14,"pid":1,"tid":14,"args":{"level":"46","steps":"28","waitUs":"0"}},
{"name":"cluster 60","cat":"cluster","ph":"X","ts":215109,"dur":20,"pid":1,"tid":31,"args":{"level":"9","steps":"7","waitUs":"0"}},
{"name":"cluster 61","cat":"cluster","ph":"X","ts":215371,"dur":4,"pid":1,"tid":0,"args":{"level":"20","steps":"2","waitUs":"0"}},
{"name":"cluster 62","cat":"cluster","ph":"X","ts":215178,"dur":17,"pid":1,"tid":13,"args":{"level":"11","steps":"12","waitUs":"0"}},
{"name":"cluster 63","cat":"cluster","ph":"X","ts":215395,"dur":5,"pid":1,"tid":3,"args":{"level":"21","steps":"3","waitUs":"1"}},
{"name":"cluster 64","cat":"cluster","ph":"X","ts":215588,"dur":4,"pid":1,"tid":30,"args":{"level":"37","steps":"8","waitUs":"5"}},
{"name":"cluster 65","cat":"cluster","ph":"X","ts":215306,"dur":16,"pid":1,"tid":12,"args":{"level":"18","steps":"7","waitUs":"1"}},
{"name":"cluster 66","cat":"cluster","ph":"X","ts":215413,"dur":9,"pid":1,"tid":17,"args":{"level":"22","steps":"2","waitUs":"0"}},
{"name":"cluster 67","cat":"cluster","ph":"X","ts":215599,"dur":10,"pid":1,"tid":0,"args":{"level":"38","steps":"5","waitUs":"0"}},
{"name":"cluster 68","cat":"cluster","ph":"X","ts":215458,"dur":10,"pid":1,"tid":30,"args":{"level":"23","steps":"8","waitUs":"0"}},
{"name":"cluster 69","cat":"cluster","ph":"X","ts":215468,"dur":11,"pid":1,"tid":30,"args":{"level":"24","steps":"6","waitUs":"0"}},
{"name":"cluster 70","cat":"cluster","ph":"X","ts":215444,"dur":14,"pid":1,"tid":30,"args":{"level":"22","steps":"7","waitUs":"0"}},
{"name":"cluster 71","cat":"cluster","ph":"X","ts":215427,"dur":17,"pid":1,"tid":30,"args":{"level":"21","steps":"12","waitUs":"0"}},
{"name":"cluster 72","cat":"cluster","ph":"X","ts":215375,"dur":51,"pid":1,"tid":30,"args":{"level":"20","steps":"29","waitUs":"0"}},
{"name":"cluster 73","cat":"cluster","ph":"X","ts":215352,"dur":23,"pid":1,"tid":30,"args":{"level":"19","steps":"28","waitUs":"7"}},
{"name":"cluster 74","cat":"cluster","ph":"X","ts":215201,"dur":21,"pid":1,"tid":4,"args":{"level":"12","steps":"31","waitUs":"0"}},
{"name":"cluster 75","cat":"cluster","ph":"X","ts":215638,"dur":10,"pid":1,"tid":21,"args":{"level":"40","steps":"6","waitUs":"0"}},
{"name":"cluster 76","cat":"cluster","ph":"X","ts":215228,"dur":21,"pid":1,"tid":12,"args":{"level":"13","steps":"37","waitUs":"0"}},
{"name":"cluster 77","cat":"cluster","ph":"X","ts":215149,"dur":24,"pid":1,"tid":6,"args":{"level":"10","steps":"12","waitUs":"0"}},
{"name":"cluster 78","cat":"cluster","ph":"X","ts":217307,"dur":40,"pid":1,"tid":14,"args":{"level":"47","steps":"1","waitUs":"0"}},
{"name":"cluster 79","cat":"cluster","ph":"X","ts":217347,"dur":2345,"pid":1,"tid":14,"args":{"level":"48","steps":"1","waitUs":"0"}},
{"name":"cluster 80","cat":"cluster","ph":"X","ts":219693,"dur":3,"pid":1,"tid":14,"args":{"level":"49","steps":"1","waitUs":"0"}},
{"name":"cluster 81","cat":"cluster","ph":"X","ts":219697,"dur":481,"pid":1,"tid":14,"args":{"level":"51","steps":"2","waitUs":"0"}},
{"name":"BakedPublish","cat":"baked","ph":"X","ts":220297,"dur":84,"pid":1,"tid":0},
{"name":"BakedEpilogue","cat":"baked","ph":"X","ts":220189,"dur":235,"pid":1,"tid":0},
{"name":"Baked","cat":"baked","ph":"X","ts":214302,"dur":6123,"pid":1,"tid":0},
{"name":"Evaluate@6","cat":"evaluate","ph":"X","ts":214300,"dur":6127,"pid":1,"tid":0},
{"name":"PropertyChain /Biped/Rig/Movers/ballRoll_l_down_rc/ballRoll_l_down_rotation.inputs:defaultWeight","cat":"property","ph":"X","ts":220681,"dur":57,"pid":1,"tid":0},
{"name":"PropertyChain /Biped/Rig/Movers/ballRoll_l_up_rc/ballRoll_l_up_rotation.inputs:defaultWeight","cat":"property","ph":"X","ts":220739,"dur":13,"pid":1,"tid":0},
{"name":"PropertyChain /Biped/Rig/Movers/ballRoll_r_down_rc/ballRoll_r_down_rotation.inputs:defaultWeight","cat":"property","ph":"X","ts":220753,"dur":28,"pid":1,"tid":0},
{"name":"PropertyChain /Biped/Rig/Movers/ballRoll_r_up_rc/ballRoll_r_up_rotation.inputs:defaultWeight","cat":"property","ph":"X","ts":220782,"dur":15,"pid":1,"tid":0},
{"name":"PropertyChain /Biped/Rig/Movers/bankIn_l_pivot_rc/bankIn_l_pivot_rotation.inputs:defaultWeight","cat":"property","ph":"X","ts":220797,"dur":9,"pid":1,"tid":0},
{"name":"PropertyChain /Biped/Rig/Movers/bankIn_r_pivot_rc/bankIn_r_pivot_rotation.inputs:defaultWeight","cat":"property","ph":"X","ts":220807,"dur":9,"pid":1,"tid":0},
{"name":"PropertyChain /Biped/Rig/Movers/bankOut_l_pivot_rc/bankOut_l_pivot_rotation.inputs:defaultWeight","cat":"property","ph":"X","ts":220816,"dur":8,"pid":1,"tid":0},
{"name":"PropertyChain /Biped/Rig/Movers/bankOut_r_pivot_rc/bankOut_r_pivot_rotation.inputs:defaultWeight","cat":"property","ph":"X","ts":220825,"dur":8,"pid":1,"tid":0},
{"name":"PropertyChain /Biped/Rig/Movers/heel_l_roll_rc/heel_l_roll_rotation.inputs:defaultWeight","cat":"property","ph":"X","ts":220833,"dur":7,"pid":1,"tid":0},
{"name":"PropertyChain /Biped/Rig/Movers/heel_r_roll_rc/heel_r_roll_rotation.inputs:defaultWeight","cat":"property","ph":"X","ts":220841,"dur":8,"pid":1,"tid":0},
{"name":"PropertyChain /Biped/Rig/Movers/toe_l_roll_rc/toe_l_roll_rotation.inputs:defaultWeight","cat":"property","ph":"X","ts":220850,"dur":12,"pid":1,"tid":0},
{"name":"PropertyChain /Biped/Rig/Movers/toe_r_roll_rc/toe_r_roll_rotation.inputs:defaultWeight","cat":"property","ph":"X","ts":220863,"dur":14,"pid":1,"tid":0},
{"name":"PropertyChains","cat":"property","ph":"X","ts":220679,"dur":200,"pid":1,"tid":0},
{"name":"BakedInputs","cat":"baked","ph":"X","ts":220879,"dur":10,"pid":1,"tid":0},
{"name":"BakedChainBase","cat":"geometry","ph":"X","ts":221209,"dur":33,"pid":1,"tid":0},
{"name":"BakedPrologue","cat":"baked","ph":"X","ts":220675,"dur":567,"pid":1,"tid":0},
{"name":"BakedRegion","cat":"baked","ph":"X","ts":221243,"dur":4654,"pid":1,"tid":0},
{"name":"ComposeSubtree /Biped/Rig/Controls/arm_l_ik","cat":"step","ph":"X","ts":221308,"dur":3,"pid":1,"tid":0},
{"name":"ComposeSubtree /Biped/Rig/Controls/arm_r_params","cat":"step","ph":"X","ts":221311,"dur":1,"pid":1,"tid":0},
{"name":"ComposeSubtree /Biped/Rig/Controls/hips_ctl","cat":"step","ph":"X","ts":221312,"dur":2,"pid":1,"tid":0},
{"name":"ComposeSubtree /Biped/Rig/Controls/hips_ctl/spine_root_pivot/spine_root_ctl/pelvis_l_ctl/leg_l_root","cat":"step","ph":"X","ts":221360,"dur":2,"pid":1,"tid":17},
{"name":"ComposeSubtree /Biped/Rig/Controls/hips_ctl/spine_root_pivot/spine_root_ctl/pelvis_l_ctl/leg_l_root/leg_l_fk_thigh_l_bind/leg_l_fk_knee_l_bind","cat":"step","ph":"X","ts":221375,"dur":1,"pid":1,"tid":17},
{"name":"ComposeSubtree /Biped/Rig/Controls/hips_ctl/spine_root_pivot/spine_root_ctl/pelvis_r_ctl","cat":"step","ph":"X","ts":221362,"dur":1,"pid":1,"tid":17},
{"name":"ComposeSubtree /Biped/Rig/Controls/hips_ctl/spine_root_pivot/spine_root_ctl/pelvis_r_ctl/leg_r_root/leg_r_fk_thigh_r_bind/leg_r_fk_knee_r_bind","cat":"step","ph":"X","ts":221401,"dur":2,"pid":1,"tid":14},
{"name":"ComposeSubtree /Biped/Rig/Controls/hips_ctl/torso_ctl","cat":"step","ph":"X","ts":221323,"dur":1,"pid":1,"tid":0},
{"name":"ComposeSubtree /Biped/Rig/Controls/hips_ctl/torso_ctl/spine_end_pivot/spine_end_ctl","cat":"step","ph":"X","ts":221363,"dur":1,"pid":1,"tid":17},
{"name":"ComposeSubtree /Biped/Rig/Controls/hips_ctl/torso_ctl/spine_end_pivot/spine_end_ctl/clavicle_l_ctl/arm_l_root","cat":"step","ph":"X","ts":221376,"dur":1,"pid":1,"tid":17},
{"name":"ComposeSubtree /Biped/Rig/Controls/hips_ctl/torso_ctl/spine_end_pivot/spine_end_ctl/clavicle_l_ctl/arm_l_root/arm_l_fk_shoulder_l_bind/arm_l_fk_elbow_l_bind","cat":"step","ph":"X","ts":221403,"dur":1,"pid":1,"tid":14},
{"name":"ComposeSubtree /Biped/Rig/Controls/hips_ctl/torso_ctl/spine_end_pivot/spine_end_ctl/clavicle_r_ctl/arm_r_root/arm_r_fk_shoulder_r_bind/arm_r_fk_elbow_r_bind","cat":"step","ph":"X","ts":221417,"dur":2,"pid":1,"tid":15},
{"name":"ComposeSubtree /Biped/Rig/Controls/hips_ctl/torso_ctl/spine_end_pivot/spine_end_ctl/neck_root_ctl","cat":"step","ph":"X","ts":221377,"dur":1,"pid":1,"tid":17},
{"name":"ComposeSubtree /Biped/Rig/Controls/hips_ctl/torso_ctl/spine_end_pivot/spine_end_ctl/neck_root_ctl/neck_end_pivot","cat":"step","ph":"X","ts":221404,"dur":1,"pid":1,"tid":14},
{"name":"ComposeSubtree /Biped/Rig/Controls/index_001_l_bind_fk_follow/index_001_l_bind_fk/index_002_l_bind_fk/index_003_l_bind_fk","cat":"step","ph":"X","ts":221364,"dur":1,"pid":1,"tid":17},
{"name":"ComposeSubtree /Biped/Rig/Controls/index_001_r_bind_fk_follow","cat":"step","ph":"X","ts":221314,"dur":1,"pid":1,"tid":0},
{"name":"ComposeSubtree /Biped/Rig/Controls/index_001_r_bind_fk_follow/index_001_r_bind_fk/index_002_r_bind_fk/index_003_r_bind_fk","cat":"step","ph":"X","ts":221365,"dur":1,"pid":1,"tid":17},
{"name":"ComposeSubtree /Biped/Rig/Controls/leg_l_ik/ankle_l_pivot/bankIn_l_pivot","cat":"step","ph":"X","ts":221324,"dur":1,"pid":1,"tid":0},
{"name":"ComposeSubtree /Biped/Rig/Controls/leg_l_ik/ankle_l_pivot/bankIn_l_pivot/bankOut_l_pivot/heel_l_roll","cat":"step","ph":"X","ts":221366,"dur":1,"pid":1,"tid":17},
{"name":"ComposeSubtree /Biped/Rig/Controls/leg_l_ik/ankle_l_pivot/bankIn_l_pivot/bankOut_l_pivot/heel_l_roll/heel_l/ball_l_pivot/toe_l_roll/toe_l/ballRoll_l_up/ballRoll_l_down","cat":"step","ph":"X","ts":221419,"dur":1,"pid":1,"tid":15},
{"name":"ComposeSubtree /Biped/Rig/Controls/leg_l_ik/ankle_l_pivot/bankIn_l_pivot/bankOut_l_pivot/heel_l_roll/heel_l/ball_l_pivot/toe_l_roll/toe_l/ballRoll_l_up/ballRoll_l_down/ballRoll_l/ankle_l_ikTarget","cat":"step","ph":"X","ts":221444,"dur":2,"pid":1,"tid":23},
{"name":"ComposeSubtree /Biped/Rig/Controls/leg_l_ik/ankle_l_pivot/bankIn_l_pivot/bankOut_l_pivot/heel_l_roll/heel_l/ball_l_pivot/toe_l_roll/toe_l/ballRoll_l_up/ballRoll_l_down_twin","cat":"step","ph":"X","ts":221420,"dur":1,"pid":1,"tid":15},
{"name":"ComposeSubtree /Biped/Rig/Controls/leg_l_ik/ankle_l_pivot/bankIn_l_pivot/bankOut_l_pivot/heel_l_roll/heel_l/ball_l_pivot/toe_l_roll/toe_l/toeBend_l/toeBend_l_fk","cat":"step","ph":"X","ts":221446,"dur":1,"pid":1,"tid":23},
{"name":"ComposeSubtree /Biped/Rig/Controls/leg_l_ik/ankle_l_pivot/bankIn_l_pivot/bankOut_l_pivot/heel_l_roll/heel_l/ball_l_pivot/toe_l_roll_twin","cat":"step","ph":"X","ts":221405,"dur":2,"pid":1,"tid":14},
{"name":"ComposeSubtree /Biped/Rig/Controls/leg_l_pv","cat":"step","ph":"X","ts":221315,"dur":1,"pid":1,"tid":0},
{"name":"ComposeSubtree /Biped/Rig/Controls/leg_r_ik/ankle_r_pivot","cat":"step","ph":"X","ts":221325,"dur":1,"pid":1,"tid":0},
{"name":"ComposeSubtree /Biped/Rig/Controls/leg_r_ik/ankle_r_pivot/bankIn_r_pivot/bankOut_r_pivot","cat":"step","ph":"X","ts":221367,"dur":1,"pid":1,"tid":17},
{"name":"ComposeSubtree /Biped/Rig/Controls/leg_r_ik/ankle_r_pivot/bankIn_r_pivot/bankOut_r_pivot/heel_r_roll/heel_r/ball_r_pivot/toe_r_roll","cat":"step","ph":"X","ts":221407,"dur":1,"pid":1,"tid":14},
{"name":"ComposeSubtree /Biped/Rig/Controls/leg_r_ik/ankle_r_pivot/bankIn_r_pivot/bankOut_r_pivot/heel_r_roll/heel_r/ball_r_pivot/toe_r_roll/toe_r/ballRoll_r_up/ballRoll_r_down/ballRoll_r","cat":"step","ph":"X","ts":221447,"dur":1,"pid":1,"tid":23},
{"name":"ComposeSubtree /Biped/Rig/Controls/leg_r_ik/ankle_r_pivot/bankIn_r_pivot/bankOut_r_pivot/heel_r_roll/heel_r/ball_r_pivot/toe_r_roll/toe_r/ballRoll_r_up/ballRoll_r_down/ballRoll_r/ball_r_ikTarget","cat":"step","ph":"X","ts":221464,"dur":1,"pid":1,"tid":14},
{"name":"ComposeSubtree /Biped/Rig/Controls/leg_r_ik/ankle_r_pivot/bankIn_r_pivot/bankOut_r_pivot/heel_r_roll/heel_r/ball_r_pivot/toe_r_roll/toe_r/ballRoll_r_up_twin","cat":"step","ph":"X","ts":221422,"dur":1,"pid":1,"tid":15},
{"name":"ComposeSubtree /Biped/Rig/Controls/leg_r_ik/ankle_r_pivot/bankIn_r_pivot/bankOut_r_pivot/heel_r_roll/heel_r/ball_r_pivot/toe_r_roll/toe_r/toeBend_r/toeBend_r_fk","cat":"step","ph":"X","ts":221448,"dur":1,"pid":1,"tid":23},
{"name":"ComposeSubtree /Biped/Rig/Controls/leg_r_ik/ankle_r_pivot/bankIn_r_pivot/bankOut_r_pivot_twin","cat":"step","ph":"X","ts":221368,"dur":1,"pid":1,"tid":17},
{"name":"ComposeSubtree /Biped/Rig/Controls/middle_001_r_bind_fk_follow","cat":"step","ph":"X","ts":221316,"dur":1,"pid":1,"tid":0},
{"name":"ComposeSubtree /Biped/Rig/Controls/middle_001_r_bind_fk_follow/middle_001_r_bind_fk/middle_002_r_bind_fk/middle_003_r_bind_fk","cat":"step","ph":"X","ts":221369,"dur":1,"pid":1,"tid":17},
{"name":"ComposeSubtree /Biped/Rig/Controls/pinkyCup_l_bind_fk_follow","cat":"step","ph":"X","ts":221317,"dur":1,"pid":1,"tid":0},
{"name":"ComposeSubtree /Biped/Rig/Controls/pinkyCup_l_bind_fk_follow/pinkyCup_l_bind_fk/pinky_001_l_bind_fk","cat":"step","ph":"X","ts":221326,"dur":1,"pid":1,"tid":0},
{"name":"ComposeSubtree /Biped/Rig/Controls/pinkyCup_l_bind_fk_follow/pinkyCup_l_bind_fk/pinky_001_l_bind_fk/pinky_002_l_bind_fk/pinky_003_l_bind_fk","cat":"step","ph":"X","ts":221370,"dur":1,"pid":1,"tid":17},
{"name":"ComposeSubtree /Biped/Rig/Controls/ring_001_l_bind_fk_follow","cat":"step","ph":"X","ts":221318,"dur":1,"pid":1,"tid":0},
{"name":"ComposeSubtree /Biped/Rig/Controls/ring_001_l_bind_fk_follow/ring_001_l_bind_fk/ring_002_l_bind_fk/ring_003_l_bind_fk","cat":"step","ph":"X","ts":221371,"dur":1,"pid":1,"tid":17},
{"name":"ComposeSubtree /Biped/Rig/Controls/spine_mid_follow","cat":"step","ph":"X","ts":221319,"dur":1,"pid":1,"tid":0},
{"name":"ComposeSubtree /Biped/Rig/Controls/thumbCup_l_bind_fk_follow/thumbCup_l_bind_fk/thumb_001_l_bind_fk","cat":"step","ph":"X","ts":221327,"dur":1,"pid":1,"tid":0},
{"name":"ComposeSubtree /Biped/Rig/Controls/thumbCup_l_bind_fk_follow/thumbCup_l_bind_fk/thumb_001_l_bind_fk/thumb_002_l_bind_fk","cat":"step","ph":"X","ts":221372,"dur":1,"pid":1,"tid":17},
{"name":"ComposeSubtree /Biped/Rig/Joints/ankle_l_pivot","cat":"step","ph":"X","ts":221320,"dur":1,"pid":1,"tid":0},
{"name":"ComposeSubtree /Biped/Rig/Joints/ankle_l_pivot/bankIn_l_pivot/bankOut_l_pivot/heel_l_pivot/ball_l_pivot","cat":"step","ph":"X","ts":221373,"dur":1,"pid":1,"tid":17},
{"name":"ComposeSubtree /Biped/Rig/Joints/ankle_l_pivot/bankIn_l_pivot/bankOut_l_pivot/heel_l_pivot/ball_l_pivot/toe_l_pivot/ballRoll_l_pivot","cat":"step","ph":"X","ts":221378,"dur":1,"pid":1,"tid":17},
{"name":"ComposeSubtree /Biped/Rig/Joints/hips_bind","cat":"step","ph":"X","ts":221321,"dur":1,"pid":1,"tid":0},
{"name":"ComposeSubtree /Biped/Rig/Joints/hips_bind/pelvis_l_bind/pelvis_trans_l_bind/thigh_l_driver","cat":"step","ph":"X","ts":221374,"dur":1,"pid":1,"tid":17},
{"name":"ComposeSubtree /Biped/Rig/Joints/hips_bind/pelvis_l_bind/thigh_l_bind/knee_l_bind/ankleTwist_l_bind","cat":"step","ph":"X","ts":221343,"dur":1,"pid":1,"tid":0},
{"name":"ComposeSubtree /Biped/Rig/Joints/hips_bind/pelvis_l_bind/thigh_l_bind/knee_l_bind/ankle_l_bind/ball_l_bind","cat":"step","ph":"X","ts":221379,"dur":1,"pid":1,"tid":17},
{"name":"ComposeSubtree /Biped/Rig/Joints/hips_bind/pelvis_l_bind/thigh_l_bind/knee_l_bind/ankle_l_bind/ball_l_bind/toe1_001_l_bind/toe1_002_l_bind/toe1_003_l_bind","cat":"step","ph":"X","ts":221423,"dur":1,"pid":1,"tid":15},
{"name":"ComposeSubtree /Biped/Rig/Joints/hips_bind/pelvis_l_bind/thigh_l_bind/knee_l_bind/ankle_l_bind/ball_l_bind/toe2_001_l_bind","cat":"step","ph":"X","ts":221409,"dur":1,"pid":1,"tid":14},
{"name":"ComposeSubtree /Biped/Rig/Joints/hips_bind/pelvis_l_bind/thigh_l_bind/knee_l_bind/ankle_l_bind/ball_l_bind/toe3_001_l_bind/toe3_002_l_bind/toe3_003_l_bind","cat":"step","ph":"X","ts":221424,"dur":1,"pid":1,"tid":15},
{"name":"ComposeSubtree /Biped/Rig/Joints/hips_bind/pelvis_l_bind/thigh_l_bind/knee_l_bind/ankle_l_bind/ball_l_bind/toe4_001_l_bind","cat":"step","ph":"X","ts":221410,"dur":1,"pid":1,"tid":14},
{"name":"ComposeSubtree /Biped/Rig/Joints/hips_bind/pelvis_l_bind/thigh_l_bind/knee_l_bind/ankle_l_bind/ball_l_bind/toe4_001_l_bind/toe4_002_l_bind/toe4_003_l_bind","cat":"step","ph":"X","ts":221425,"dur":1,"pid":1,"tid":15},
{"name":"ComposeSubtree /Biped/Rig/Joints/hips_bind/pelvis_l_bind/thigh_l_bind/knee_l_bind/ankle_l_bind/ball_l_bind/toe_l_bind","cat":"step","ph":"X","ts":221411,"dur":1,"pid":1,"tid":14},
{"name":"ComposeSubtree /Biped/Rig/Joints/hips_bind/pelvis_l_bind/thigh_l_bind/knee_l_bind/kneeTwist_l_bind","cat":"step","ph":"X","ts":221344,"dur":1,"pid":1,"tid":0},
{"name":"ComposeSubtree /Biped/Rig/Joints/hips_bind/pelvis_r_bind","cat":"step","ph":"X","ts":221329,"dur":1,"pid":1,"tid":0},
{"name":"ComposeSubtree /Biped/Rig/Joints/hips_bind/pelvis_r_bind/pelvis_trans_r_bind/thigh_r_driver","cat":"step","ph":"X","ts":221380,"dur":1,"pid":1,"tid":17},
{"name":"ComposeSubtree /Biped/Rig/Joints/hips_bind/pelvis_r_bind/thighNoTwist_r_bind","cat":"step","ph":"X","ts":221345,"dur":1,"pid":1,"tid":0},
{"name":"ComposeSubtree /Biped/Rig/Joints/hips_bind/pelvis_r_bind/thigh_r_bind/knee_r_bind/ankleTwist_r_driver","cat":"step","ph":"X","ts":221381,"dur":1,"pid":1,"tid":17},
{"name":"ComposeSubtree /Biped/Rig/Joints/hips_bind/pelvis_r_bind/thigh_r_bind/knee_r_bind/ankle_r_bind/ball_r_bind/toe1_001_r_bind/toe1_002_r_bind","cat":"step","ph":"X","ts":221426,"dur":1,"pid":1,"tid":15},
{"name":"ComposeSubtree /Biped/Rig/Joints/hips_bind/pelvis_r_bind/thigh_r_bind/knee_r_bind/ankle_r_bind/ball_r_bind/toe1_001_r_bind/toe1_002_r_bind/toe1_003_r_bind","cat":"step","ph":"X","ts":221449,"dur":1,"pid":1,"tid":23},
{"name":"ComposeSubtree /Biped/Rig/Joints/hips_bind/pelvis_r_bind/thigh_r_bind/knee_r_bind/ankle_r_bind/ball_r_bind/toe3_001_r_bind","cat":"step","ph":"X","ts":221427,"dur":1,"pid":1,"tid":15},
{"name":"ComposeSubtree /Biped/Rig/Joints/hips_bind/pelvis_r_bind/thigh_r_bind/knee_r_bind/ankle_r_bind/ball_r_bind/toe3_001_r_bind/toe3_002_r_bind/toe3_003_r_bind","cat":"step","ph":"X","ts":221450,"dur":1,"pid":1,"tid":23},
{"name":"ComposeSubtree /Biped/Rig/Joints/hips_bind/pelvis_r_bind/thigh_r_bind/knee_r_bind/ankle_r_bind/ball_r_bind/toe4_001_r_bind/toe4_002_r_bind/toe4_003_r_bind","cat":"step","ph":"X","ts":221451,"dur":1,"pid":1,"tid":23},
{"name":"ComposeSubtree /Biped/Rig/Joints/hips_bind/pelvis_r_bind/thigh_r_bind/knee_r_bind/ankle_r_bind/ball_r_bind/toe5_001_r_bind","cat":"step","ph":"X","ts":221428,"dur":1,"pid":1,"tid":15},
{"name":"ComposeSubtree /Biped/Rig/Joints/hips_bind/pelvis_r_bind/thigh_r_bind/knee_r_bind/ankle_r_bind/ball_r_bind/toe5_001_r_bind/toe5_002_r_bind/toe5_003_r_bind","cat":"step","ph":"X","ts":221452,"dur":5,"pid":1,"tid":23},
{"name":"ComposeSubtree /Biped/Rig/Joints/hips_bind/pelvis_r_bind/thigh_r_bind/knee_r_bind/ankle_r_bind/ball_r_bind/toe_r_bind","cat":"step","ph":"X","ts":221429,"dur":1,"pid":1,"tid":15},
{"name":"ComposeSubtree /Biped/Rig/Joints/hips_bind/spine_0_bind","cat":"step","ph":"X","ts":221330,"dur":1,"pid":1,"tid":0},
{"name":"ComposeSubtree /Biped/Rig/Joints/hips_bind/spine_0_bind/spine_1_bind/spine_2_bind/spine_3_bind/spine_4_bind","cat":"step","ph":"X","ts":221382,"dur":1,"pid":1,"tid":17},
{"name":"ComposeSubtree /Biped/Rig/Joints/hips_bind/spine_0_bind/spine_1_bind/spine_2_bind/spine_3_bind/spine_4_bind/spine_5_bind/chest_bind","cat":"step","ph":"X","ts":221412,"dur":1,"pid":1,"tid":14},
{"name":"ComposeSubtree /Biped/Rig/Joints/hips_bind/spine_0_bind/spine_1_bind/spine_2_bind/spine_3_bind/spine_4_bind/spine_5_bind/chest_bind/clavicle_l_bind/clavicle_trans_combo_l_driver","cat":"step","ph":"X","ts":221430,"dur":4,"pid":1,"tid":15},
{"name":"ComposeSubtree /Biped/Rig/Joints/hips_bind/spine_0_bind/spine_1_bind/spine_2_bind/spine_3_bind/spine_4_bind/spine_5_bind/chest_bind/clavicle_l_bind/shoulderNoTwist_l_bind","cat":"step","ph":"X","ts":221434,"dur":1,"pid":1,"tid":15},
{"name":"ComposeSubtree /Biped/Rig/Joints/hips_bind/spine_0_bind/spine_1_bind/spine_2_bind/spine_3_bind/spine_4_bind/spine_5_bind/chest_bind/clavicle_l_bind/shoulder_l_bind/elbow_l_bind/elbowTwist_l_bind","cat":"step","ph":"X","ts":221458,"dur":1,"pid":1,"tid":23},
{"name":"ComposeSubtree /Biped/Rig/Joints/hips_bind/spine_0_bind/spine_1_bind/spine_2_bind/spine_3_bind/spine_4_bind/spine_5_bind/chest_bind/clavicle_l_bind/shoulder_l_bind/elbow_l_bind/wristTwist_l_driver","cat":"step","ph":"X","ts":221459,"dur":1,"pid":1,"tid":23},
{"name":"ComposeSubtree /Biped/Rig/Joints/hips_bind/spine_0_bind/spine_1_bind/spine_2_bind/spine_3_bind/spine_4_bind/spine_5_bind/chest_bind/clavicle_l_bind/shoulder_l_bind/elbow_l_bind/wrist_l_bind/index_001_l_bind","cat":"step","ph":"X","ts":221465,"dur":1,"pid":1,"tid":14},
{"name":"ComposeSubtree /Biped/Rig/Joints/hips_bind/spine_0_bind/spine_1_bind/spine_2_bind/spine_3_bind/spine_4_bind/spine_5_bind/chest_bind/clavicle_l_bind/shoulder_l_bind/elbow_l_bind/wrist_l_bind/index_001_l_bind/index_002_l_bind","cat":"step","ph":"X","ts":221478,"dur":2,"pid":1,"tid":0},
{"name":"ComposeSubtree /Biped/Rig/Joints/hips_bind/spine_0_bind/spine_1_bind/spine_2_bind/spine_3_bind/spine_4_bind/spine_5_bind/chest_bind/clavicle_l_bind/shoulder_l_bind/elbow_l_bind/wrist_l_bind/index_001_l_bind/index_002_l_bind/index_003_l_bind/index_004_l_bind","cat":"step","ph":"X","ts":221509,"dur":2,"pid":1,"tid":11},
{"name":"ComposeSubtree /Biped/Rig/Joints/hips_bind/spine_0_bind/spine_1_bind/spine_2_bind/spine_3_bind/spine_4_bind/spine_5_bind/chest_bind/clavicle_l_bind/shoulder_l_bind/elbow_l_bind/wrist_l_bind/middle_001_l_bind","cat":"step","ph":"X","ts":221466,"dur":1,"pid":1,"tid":14},
{"name":"ComposeSubtree /Biped/Rig/Joints/hips_bind/spine_0_bind/spine_1_bind/spine_2_bind/spine_3_bind/spine_4_bind/spine_5_bind/chest_bind/clavicle_l_bind/shoulder_l_bind/elbow_l_bind/wrist_l_bind/middle_001_l_bind/middle_002_l_bind/middle_003_l_bind/middle_004_l_bind","cat":"step","ph":"X","ts":221511,"dur":1,"pid":1,"tid":11},
{"name":"ComposeSubtree /Biped/Rig/Joints/hips_bind/spine_0_bind/spine_1_bind/spine_2_bind/spine_3_bind/spine_4_bind/spine_5_bind/chest_bind/clavicle_l_bind/shoulder_l_bind/elbow_l_bind/wrist_l_bind/pinkyCup_l_bind","cat":"step","ph":"X","ts":221467,"dur":1,"pid":1,"tid":14},
{"name":"ComposeSubtree /Biped/Rig/Joints/hips_bind/spine_0_bind/spine_1_bind/spine_2_bind/spine_3_bind/spine_4_bind/spine_5_bind/chest_bind/clavicle_l_bind/shoulder_l_bind/elbow_l_bind/wrist_l_bind/pinkyCup_l_bind/pinky_001_l_bind/pinky_002_combo_l_driver","cat":"step","ph":"X","ts":221480,"dur":1,"pid":1,"tid":0},
{"name":"ComposeSubtree /Biped/Rig/Joints/hips_bind/spine_0_bind/spine_1_bind/spine_2_bind/spine_3_bind/spine_4_bind/spine_5_bind/chest_bind/clavicle_l_bind/shoulder_l_bind/elbow_l_bind/wrist_l_bind/pinkyCup_l_bind/pinky_001_l_bind/pinky_002_l_bind/pinky_003_l_bind/pinky_004_l_bind","cat":"step","ph":"X","ts":221547,"dur":2,"pid":1,"tid":11},
{"name":"ComposeSubtree /Biped/Rig/Joints/hips_bind/spine_0_bind/spine_1_bind/spine_2_bind/spine_3_bind/spine_4_bind/spine_5_bind/chest_bind/clavicle_l_bind/shoulder_l_bind/elbow_l_bind/wrist_l_bind/ring_001_l_bind/ring_002_l_bind/ring_003_l_bind/ring_004_l_bind","cat":"step","ph":"X","ts":221512,"dur":1,"pid":1,"tid":11},
{"name":"ComposeSubtree /Biped/Rig/Joints/hips_bind/spine_0_bind/spine_1_bind/spine_2_bind/spine_3_bind/spine_4_bind/spine_5_bind/chest_bind/clavicle_l_bind/shoulder_l_bind/elbow_l_bind/wrist_l_bind/thumbCup_l_bind","cat":"step","ph":"X","ts":221468,"dur":1,"pid":1,"tid":14},
{"name":"ComposeSubtree /Biped/Rig/Joints/hips_bind/spine_0_bind/spine_1_bind/spine_2_bind/spine_3_bind/spine_4_bind/spine_5_bind/chest_bind/clavicle_l_bind/shoulder_l_bind/elbow_l_bind/wrist_l_bind/thumbCup_l_bind/thumb_001_l_bind/thumb_002_l_bind","cat":"step","ph":"X","ts":221481,"dur":1,"pid":1,"tid":0},
{"name":"ComposeSubtree /Biped/Rig/Joints/hips_bind/spine_0_bind/spine_1_bind/spine_2_bind/spine_3_bind/spine_4_bind/spine_5_bind/chest_bind/clavicle_r_bind/clavicle_trans_r_bind/shoulder_r_driver","cat":"step","ph":"X","ts":221469,"dur":1,"pid":1,"tid":14},
{"name":"ComposeSubtree /Biped/Rig/Joints/hips_bind/spine_0_bind/spine_1_bind/spine_2_bind/spine_3_bind/spine_4_bind/spine_5_bind/chest_bind/clavicle_r_bind/shoulderNoTwist_r_bind","cat":"step","ph":"X","ts":221460,"dur":1,"pid":1,"tid":23},
{"name":"ComposeSubtree /Biped/Rig/Joints/hips_bind/spine_0_bind/spine_1_bind/spine_2_bind/spine_3_bind/spine_4_bind/spine_5_bind/chest_bind/clavicle_r_bind/shoulder_r_bind/elbow_r_bind/wristTwist_r_bind","cat":"step","ph":"X","ts":221470,"dur":1,"pid":1,"tid":14},
{"name":"ComposeSubtree /Biped/Rig/Joints/hips_bind/spine_0_bind/spine_1_bind/spine_2_bind/spine_3_bind/spine_4_bind/spine_5_bind/chest_bind/clavicle_r_bind/shoulder_r_bind/elbow_r_bind/wrist_r_bind/index_001_r_bind/index_002_r_bind","cat":"step","ph":"X","ts":221513,"dur":1,"pid":1,"tid":11},
{"name":"ComposeSubtree /Biped/Rig/Joints/hips_bind/spine_0_bind/spine_1_bind/spine_2_bind/spine_3_bind/spine_4_bind/spine_5_bind/chest_bind/clavicle_r_bind/shoulder_r_bind/elbow_r_bind/wrist_r_bind/index_001_r_bind/index_002_r_bind/index_003_r_bind/index_004_r_bind","cat":"step","ph":"X","ts":221549,"dur":1,"pid":1,"tid":11},
{"name":"ComposeSubtree /Biped/Rig/Joints/hips_bind/spine_0_bind/spine_1_bind/spine_2_bind/spine_3_bind/spine_4_bind/spine_5_bind/chest_bind/clavicle_r_bind/shoulder_r_bind/elbow_r_bind/wrist_r_bind/middle_001_r_bind","cat":"step","ph":"X","ts":221482,"dur":1,"pid":1,"tid":0},
{"name":"ComposeSubtree /Biped/Rig/Joints/hips_bind/spine_0_bind/spine_1_bind/spine_2_bind/spine_3_bind/spine_4_bind/spine_5_bind/chest_bind/clavicle_r_bind/shoulder_r_bind/elbow_r_bind/wrist_r_bind/middle_001_r_bind/middle_002_r_bind","cat":"step","ph":"X","ts":221514,"dur":1,"pid":1,"tid":11},
{"name":"ComposeSubtree /Biped/Rig/Joints/hips_bind/spine_0_bind/spine_1_bind/spine_2_bind/spine_3_bind/spine_4_bind/spine_5_bind/chest_bind/clavicle_r_bind/shoulder_r_bind/elbow_r_bind/wrist_r_bind/pinkyCup_r_bind/pinky_001_r_bind/pinky_002_combo_r_driver","cat":"step","ph":"X","ts":221515,"dur":1,"pid":1,"tid":11},
{"name":"ComposeSubtree /Biped/Rig/Joints/hips_bind/spine_0_bind/spine_1_bind/spine_2_bind/spine_3_bind/spine_4_bind/spine_5_bind/chest_bind/clavicle_r_bind/shoulder_r_bind/elbow_r_bind/wrist_r_bind/pinkyCup_r_bind/pinky_001_r_bind/pinky_002_r_bind/pinky_003_r_bind","cat":"step","ph":"X","ts":221550,"dur":1,"pid":1,"tid":11},
{"name":"ComposeSubtree /Biped/Rig/Joints/hips_bind/spine_0_bind/spine_1_bind/spine_2_bind/spine_3_bind/spine_4_bind/spine_5_bind/chest_bind/clavicle_r_bind/shoulder_r_bind/elbow_r_bind/wrist_r_bind/pinkyCup_r_bind/pinky_001_r_bind/pinky_002_r_bind/pinky_003_r_bind/pinky_004_r_bind","cat":"step","ph":"X","ts":221609,"dur":1,"pid":1,"tid":29},
{"name":"ComposeSubtree /Biped/Rig/Joints/hips_bind/spine_0_bind/spine_1_bind/spine_2_bind/spine_3_bind/spine_4_bind/spine_5_bind/chest_bind/clavicle_r_bind/shoulder_r_bind/elbow_r_bind/wrist_r_bind/ring_001_r_bind","cat":"step","ph":"X","ts":221483,"dur":1,"pid":1,"tid":0},
{"name":"ComposeSubtree /Biped/Rig/Joints/hips_bind/spine_0_bind/spine_1_bind/spine_2_bind/spine_3_bind/spine_4_bind/spine_5_bind/chest_bind/clavicle_r_bind/shoulder_r_bind/elbow_r_bind/wrist_r_bind/ring_001_r_bind/ring_002_r_bind/ring_003_r_bind/ring_004_r_bind","cat":"step","ph":"X","ts":221551,"dur":1,"pid":1,"tid":11},
{"name":"ComposeSubtree /Biped/Rig/Joints/hips_bind/spine_0_bind/spine_1_bind/spine_2_bind/spine_3_bind/spine_4_bind/spine_5_bind/chest_bind/clavicle_r_bind/shoulder_r_bind/elbow_r_bind/wrist_r_bind/thumbCup_r_bind","cat":"step","ph":"X","ts":221484,"dur":1,"pid":1,"tid":0},
{"name":"ComposeSubtree /Biped/Rig/Joints/hips_bind/spine_0_bind/spine_1_bind/spine_2_bind/spine_3_bind/spine_4_bind/spine_5_bind/chest_bind/clavicle_r_bind/shoulder_r_bind/elbow_r_bind/wrist_r_bind/thumbCup_r_bind/thumb_001_r_bind/thumb_002_r_bind","cat":"step","ph":"X","ts":221516,"dur":1,"pid":1,"tid":11},
{"name":"ComposeSubtree /Biped/Rig/Joints/hips_bind/spine_0_bind/spine_1_bind/spine_2_bind/spine_3_bind/spine_4_bind/spine_5_bind/chest_bind/neck_base_bind","cat":"step","ph":"X","ts":221416,"dur":1,"pid":1,"tid":14},
{"name":"ComposeSubtree /Biped/Rig/Joints/hips_bind/spine_0_bind/spine_1_bind/spine_2_bind/spine_3_bind/spine_4_bind/spine_5_bind/chest_bind/neck_base_bind/neck_0_bind/neck_1_bind/neck_2_bind/neck_3_bind","cat":"step","ph":"X","ts":221471,"dur":1,"pid":1,"tid":14},
{"name":"ComposeSubtree /Biped/Rig/Joints/hips_bind/spine_0_bind/spine_1_bind/spine_2_bind/spine_3_bind/spine_4_bind/spine_5_bind/chest_bind/neck_base_bind/neck_0_bind/neck_1_bind/neck_2_bind/neck_3_bind/skull_bind/face_lower_bind/face_mid_bind/nose_bridge_bind","cat":"step","ph":"X","ts":221517,"dur":1,"pid":1,"tid":11},
{"name":"ComposeSubtree /Biped/Rig/Joints/hips_bind/spine_0_bind/spine_1_bind/spine_2_bind/spine_3_bind/spine_4_bind/spine_5_bind/chest_bind/neck_base_bind/neck_0_bind/neck_1_bind/neck_2_bind/neck_3_bind/skull_bind/face_lower_bind/face_mid_bind/teeth_upper_bind","cat":"step","ph":"X","ts":221518,"dur":1,"pid":1,"tid":11},
{"name":"ComposeSubtree /Biped/Rig/Joints/hips_bind/spine_0_bind/spine_1_bind/spine_2_bind/spine_3_bind/spine_4_bind/spine_5_bind/chest_bind/neck_base_bind/neck_0_bind/neck_1_bind/neck_2_bind/neck_3_bind/skull_bind/face_lower_bind/jaw_bind/jaw_end","cat":"step","ph":"X","ts":221552,"dur":1,"pid":1,"tid":11},
{"name":"ComposeSubtree /Biped/Rig/Joints/hips_bind/spine_0_bind/spine_1_bind/spine_2_bind/spine_3_bind/spine_4_bind/spine_5_bind/chest_bind/neck_base_bind/neck_0_bind/neck_1_bind/neck_2_bind/neck_3_bind/skull_bind/face_lower_bind/jaw_bind/tongue_0_bind","cat":"step","ph":"X","ts":221553,"dur":1,"pid":1,"tid":11},
{"name":"ComposeSubtree /Biped/Rig/Joints/hips_bind/spine_0_bind/spine_1_bind/spine_2_bind/spine_3_bind/spine_4_bind/spine_5_bind/chest_bind/neck_base_bind/neck_0_bind/neck_1_bind/neck_2_bind/neck_3_bind/skull_bind/face_lower_bind/jaw_bind/tongue_0_bind/tongue_1_bind/tongue_2_bind","cat":"step","ph":"X","ts":221610,"dur":1,"pid":1,"tid":29},
{"name":"ComposeSubtree /Biped/Rig/Joints/hips_bind/spine_0_bind/spine_1_bind/spine_2_bind/spine_3_bind/spine_4_bind/spine_5_bind/chest_bind/neck_base_bind/neck_0_bind/neck_1_bind/neck_2_bind/neck_3_bind/skull_bind/face_lower_bind/jaw_bind/tongue_0_bind/tongue_1_bind/tongue_2_bind/tongue_3_bind","cat":"step","ph":"X","ts":221625,"dur":1,"pid":1,"tid":29},
{"name":"ComposeSubtree /Biped/Rig/Joints/hips_bind/spine_0_bind/spine_1_bind/spine_2_bind/spine_3_bind/spine_4_bind/spine_5_bind/chest_bind/neck_base_bind/neck_0_bind/neck_1_bind/neck_2_bind/neck_3_bind/skull_bind/face_upper_bind/eyeSocket_r_bind","cat":"step","ph":"X","ts":221519,"dur":1,"pid":1,"tid":11},
{"name":"ComposeSubtree /Biped/Rig/Joints/hips_bind/spine_0_bind/spine_1_bind/spine_2_bind/spine_3_bind/spine_4_bind/spine_5_bind/chest_bind/neck_base_bind/neck_0_bind/neck_1_bind/neck_2_bind/neck_3_bind/skull_bind/face_upper_bind/head_tip_bind","cat":"step","ph":"X","ts":221520,"dur":1,"pid":1,"tid":11},
{"name":"ComposeSubtree /Biped/Rig/Joints/hips_bind/spine_0_bind/spine_1_bind/spine_2_bind/spine_3_bind/spine_4_bind/spine_5_bind/chest_bind/neck_base_bind/neck_0_bind/neck_1_bind/neck_2_bind/neck_3_bind/skull_bind/face_upper_bind/head_tip_bind/brow_main_r_bind","cat":"step","ph":"X","ts":221554,"dur":1,"pid":1,"tid":11},
{"name":"ComposeSubtree /Biped/Rig/Joints/spine_ik_spine_0_bind/spine_ik_spine_1_bind/spine_ik_spine_2_bind/spine_ik_spine_3_bind/spine_ik_spine_4_bind","cat":"step","ph":"X","ts":221346,"dur":1,"pid":1,"tid":0},
{"name":"Solve /Biped/Rig/Solvers/arm_l_fkChain","cat":"step","ph":"X","ts":221417,"dur":4,"pid":1,"tid":14},
{"name":"SolverCommit batch 0","cat":"step","ph":"X","ts":221440,"dur":1,"pid":1,"tid":14},
{"name":"Solve /Biped/Rig/Solvers/arm_l_twoBoneIk","cat":"step","ph":"X","ts":221413,"dur":2,"pid":1,"tid":14},
{"name":"SolverCommit batch 1","cat":"step","ph":"X","ts":221421,"dur":1,"pid":1,"tid":14},
{"name":"Solve /Biped/Rig/Solvers/arm_r_fkChain","cat":"step","ph":"X","ts":221441,"dur":1,"pid":1,"tid":14},
{"name":"Solve /Biped/Rig/Solvers/arm_r_twoBoneIk","cat":"step","ph":"X","ts":221399,"dur":2,"pid":1,"tid":17},
{"name":"Solve /Biped/Rig/Solvers/leg_l_fkChain","cat":"step","ph":"X","ts":221401,"dur":3,"pid":1,"tid":17},
{"name":"Solve /Biped/Rig/Solvers/leg_r_fkChain","cat":"step","ph":"X","ts":221422,"dur":1,"pid":1,"tid":14},
{"name":"Solve /Biped/Rig/Solvers/neck_splineIk","cat":"step","ph":"X","ts":221423,"dur":16,"pid":1,"tid":14},
{"name":"SolverCommit batch 6","cat":"step","ph":"X","ts":221646,"dur":2,"pid":1,"tid":18},
{"name":"Constraint /Biped/Rig/Movers/spine_mid_follow/spine_mid_follow_pos","cat":"step","ph":"X","ts":221383,"dur":14,"pid":1,"tid":17},
{"name":"Solve /Biped/Rig/Solvers/arm_l_ikfk","cat":"step","ph":"X","ts":221442,"dur":1,"pid":1,"tid":14},
{"name":"SolverCommit batch 8","cat":"step","ph":"X","ts":221472,"dur":2,"pid":1,"tid":14},
{"name":"Solve /Biped/Rig/Solvers/arm_r_ikfk","cat":"step","ph":"X","ts":221474,"dur":1,"pid":1,"tid":14},
{"name":"SolverCommit batch 9","cat":"step","ph":"X","ts":221486,"dur":3,"pid":1,"tid":0},
{"name":"Constraint /Biped/Rig/Movers/spine_mid_follow/spine_mid_follow_aim","cat":"step","ph":"X","ts":221405,"dur":5,"pid":1,"tid":17},
{"name":"Solve /Biped/Rig/Solvers/spine_splineIk","cat":"step","ph":"X","ts":221411,"dur":17,"pid":1,"tid":17},
{"name":"SolverCommit batch 11","cat":"step","ph":"X","ts":221443,"dur":2,"pid":1,"tid":14},
{"name":"Constraint /Biped/Rig/Movers/hand_r_follow/thumbCup_r_bind_fk_follow_to_wrist_r_bind","cat":"step","ph":"X","ts":221521,"dur":19,"pid":1,"tid":11},
{"name":"Solve /Biped/Rig/Solvers/fk_thumb_r","cat":"step","ph":"X","ts":221555,"dur":3,"pid":1,"tid":11},
{"name":"SolverCommit batch 13","cat":"step","ph":"X","ts":221611,"dur":2,"pid":1,"tid":29},
{"name":"Constraint /Biped/Rig/Movers/hand_r_follow/ring_001_r_bind_fk_follow_to_wrist_r_bind","cat":"step","ph":"X","ts":221540,"dur":7,"pid":1,"tid":11},
{"name":"Solve /Biped/Rig/Solvers/fk_ring_r","cat":"step","ph":"X","ts":221558,"dur":2,"pid":1,"tid":11},
{"name":"SolverCommit batch 15","cat":"step","ph":"X","ts":221613,"dur":1,"pid":1,"tid":29},
{"name":"Constraint /Biped/Rig/Movers/hand_r_follow/pinkyCup_r_bind_fk_follow_to_wrist_r_bind","cat":"step","ph":"X","ts":221516,"dur":10,"pid":1,"tid":30},
{"name":"Solve /Biped/Rig/Solvers/fk_pinky_r","cat":"step","ph":"X","ts":221535,"dur":2,"pid":1,"tid":30},
{"name":"SolverCommit batch 17","cat":"step","ph":"X","ts":221626,"dur":1,"pid":1,"tid":29},
{"name":"Constraint /Biped/Rig/Movers/hand_r_follow/middle_001_r_bind_fk_follow_to_wrist_r_bind","cat":"step","ph":"X","ts":221527,"dur":4,"pid":1,"tid":30},
{"name":"Solve /Biped/Rig/Solvers/fk_middle_r","cat":"step","ph":"X","ts":221537,"dur":2,"pid":1,"tid":30},
{"name":"SolverCommit batch 19","cat":"step","ph":"X","ts":221614,"dur":1,"pid":1,"tid":29},
{"name":"Constraint /Biped/Rig/Movers/hand_r_follow/index_001_r_bind_fk_follow_to_wrist_r_bind","cat":"step","ph":"X","ts":221531,"dur":3,"pid":1,"tid":30},
{"name":"Solve /Biped/Rig/Solvers/fk_index_r","cat":"step","ph":"X","ts":221539,"dur":1,"pid":1,"tid":30},
{"name":"SolverCommit batch 21","cat":"step","ph":"X","ts":221615,"dur":1,"pid":1,"tid":29},
{"name":"Constraint /Biped/Rig/Movers/hand_l_follow/thumbCup_l_bind_fk_follow_to_wrist_l_bind","cat":"step","ph":"X","ts":221489,"dur":8,"pid":1,"tid":0},
{"name":"Solve /Biped/Rig/Solvers/fk_thumb_l","cat":"step","ph":"X","ts":221516,"dur":6,"pid":1,"tid":15},
{"name":"SolverCommit batch 23","cat":"step","ph":"X","ts":221588,"dur":2,"pid":1,"tid":18},
{"name":"Constraint /Biped/Rig/Movers/hand_l_follow/ring_001_l_bind_fk_follow_to_wrist_l_bind","cat":"step","ph":"X","ts":221497,"dur":5,"pid":1,"tid":0},
{"name":"Solve /Biped/Rig/Solvers/fk_ring_l","cat":"step","ph":"X","ts":221522,"dur":1,"pid":1,"tid":15},
{"name":"SolverCommit batch 25","cat":"step","ph":"X","ts":221590,"dur":1,"pid":1,"tid":18},
{"name":"Constraint /Biped/Rig/Movers/hand_l_follow/pinkyCup_l_bind_fk_follow_to_wrist_l_bind","cat":"step","ph":"X","ts":221481,"dur":12,"pid":1,"tid":9},
{"name":"Solve /Biped/Rig/Solvers/fk_pinky_l","cat":"step","ph":"X","ts":221523,"dur":10,"pid":1,"tid":15},
{"name":"SolverCommit batch 27","cat":"step","ph":"X","ts":221616,"dur":1,"pid":1,"tid":29},
{"name":"Constraint /Biped/Rig/Movers/hand_l_follow/middle_001_l_bind_fk_follow_to_wrist_l_bind","cat":"step","ph":"X","ts":221493,"dur":4,"pid":1,"tid":9},
{"name":"Solve /Biped/Rig/Solvers/fk_middle_l","cat":"step","ph":"X","ts":221501,"dur":4,"pid":1,"tid":9},
{"name":"SolverCommit batch 29","cat":"step","ph":"X","ts":221592,"dur":1,"pid":1,"tid":18},
{"name":"Constraint /Biped/Rig/Movers/hand_l_follow/index_001_l_bind_fk_follow_to_wrist_l_bind","cat":"step","ph":"X","ts":221497,"dur":4,"pid":1,"tid":9},
{"name":"Solve /Biped/Rig/Solvers/fk_index_l","cat":"step","ph":"X","ts":221505,"dur":1,"pid":1,"tid":9},
{"name":"SolverCommit batch 31","cat":"step","ph":"X","ts":221593,"dur":1,"pid":1,"tid":18},
{"name":"Constraint /Biped/Rig/Movers/bankIn_r_pivot_rc/bankIn_r_pivot_rotation","cat":"step","ph":"X","ts":221481,"dur":5,"pid":1,"tid":18},
{"name":"Constraint /Biped/Rig/Movers/bankOut_r_pivot_rc/bankOut_r_pivot_rotation","cat":"step","ph":"X","ts":221506,"dur":4,"pid":1,"tid":9},
{"name":"Constraint /Biped/Rig/Movers/heel_r_roll_rc/heel_r_roll_rotation","cat":"step","ph":"X","ts":221594,"dur":3,"pid":1,"tid":18},
{"name":"Constraint /Biped/Rig/Movers/toe_r_roll_rc/toe_r_roll_rotation","cat":"step","ph":"X","ts":221617,"dur":3,"pid":1,"tid":29},
{"name":"Constraint /Biped/Rig/Movers/ballRoll_r_up_rc/ballRoll_r_up_rotation","cat":"step","ph":"X","ts":221627,"dur":1,"pid":1,"tid":29},
{"name":"Constraint /Biped/Rig/Movers/ballRoll_r_down_rc/ballRoll_r_down_rotation","cat":"step","ph":"X","ts":221648,"dur":1,"pid":1,"tid":18},
{"name":"Solve /Biped/Rig/Solvers/leg_r_ikfk","cat":"step","ph":"X","ts":221668,"dur":1,"pid":1,"tid":18},
{"name":"SolverCommit batch 39","cat":"step","ph":"X","ts":221678,"dur":6,"pid":1,"tid":18},
{"name":"Constraint /Biped/Rig/Movers/ankle_r_bind_scAim/ankle_r_bind_aim","cat":"step","ph":"X","ts":221701,"dur":12,"pid":1,"tid":31},
{"name":"Constraint /Biped/Rig/Movers/ball_r_bind_scAim/ball_r_bind_aim","cat":"step","ph":"X","ts":221738,"dur":8,"pid":1,"tid":25},
{"name":"Constraint /Biped/Rig/Movers/bankIn_l_pivot_rc/bankIn_l_pivot_rotation","cat":"step","ph":"X","ts":221463,"dur":6,"pid":1,"tid":23},
{"name":"Constraint /Biped/Rig/Movers/bankOut_l_pivot_rc/bankOut_l_pivot_rotation","cat":"step","ph":"X","ts":221486,"dur":1,"pid":1,"tid":18},
{"name":"Constraint /Biped/Rig/Movers/heel_l_roll_rc/heel_l_roll_rotation","cat":"step","ph":"X","ts":221518,"dur":6,"pid":1,"tid":5},
{"name":"Constraint /Biped/Rig/Movers/toe_l_roll_rc/toe_l_roll_rotation","cat":"step","ph":"X","ts":221598,"dur":1,"pid":1,"tid":18},
{"name":"Constraint /Biped/Rig/Movers/ballRoll_l_up_rc/ballRoll_l_up_rotation","cat":"step","ph":"X","ts":221620,"dur":1,"pid":1,"tid":29},
{"name":"Constraint /Biped/Rig/Movers/ballRoll_l_down_rc/ballRoll_l_down_rotation","cat":"step","ph":"X","ts":221628,"dur":1,"pid":1,"tid":29},
{"name":"Solve /Biped/Rig/Solvers/leg_l_twoBoneIk","cat":"step","ph":"X","ts":221649,"dur":1,"pid":1,"tid":18},
{"name":"SolverCommit batch 48","cat":"step","ph":"X","ts":221662,"dur":1,"pid":1,"tid":18},
{"name":"Solve /Biped/Rig/Solvers/leg_l_ikfk","cat":"step","ph":"X","ts":221663,"dur":1,"pid":1,"tid":18},
{"name":"SolverCommit batch 49","cat":"step","ph":"X","ts":221669,"dur":6,"pid":1,"tid":18},
{"name":"Constraint /Biped/Rig/Movers/ankle_l_bind_scAim/ankle_l_bind_aim","cat":"step","ph":"X","ts":221684,"dur":8,"pid":1,"tid":18},
{"name":"Constraint /Biped/Rig/Movers/ball_l_bind_scAim/ball_l_bind_aim","cat":"step","ph":"X","ts":221713,"dur":7,"pid":1,"tid":31},
{"name":"Constraint /Biped/Rig/Movers/hips_follow/spine_root_ctl_drives_hips_bind","cat":"step","ph":"X","ts":221347,"dur":10,"pid":1,"tid":0},
{"name":"PropagateChunk /Biped/Rig/Movers/hips_follow/spine_root_ctl_drives_hips_bind","cat":"step","ph":"X","ts":221650,"dur":7,"pid":1,"tid":18},
{"name":"CommitApply /Biped/Rig/Movers/hips_follow/spine_root_ctl_drives_hips_bind","cat":"step","ph":"X","ts":221664,"dur":2,"pid":1,"tid":18},
{"name":"Constraint /Biped/Rig/Movers/hips_follow/spine_root_ctl_scales_hips_bind","cat":"step","ph":"X","ts":221675,"dur":2,"pid":1,"tid":18},
{"name":"PropagateChunk /Biped/Rig/Movers/hips_follow/spine_root_ctl_scales_hips_bind","cat":"step","ph":"X","ts":221720,"dur":6,"pid":1,"tid":31},
{"name":"PropagateChunk /Biped/Rig/Movers/hips_follow/spine_root_ctl_scales_hips_bind","cat":"step","ph":"X","ts":221726,"dur":1,"pid":1,"tid":31},
{"name":"CommitApply /Biped/Rig/Movers/hips_follow/spine_root_ctl_scales_hips_bind","cat":"step","ph":"X","ts":221746,"dur":2,"pid":1,"tid":25},
{"name":"Constraint /Biped/Rig/Movers/spine_to_bind/spine_ik_spine_0_bind_scale_to_spine_0_bind","cat":"step","ph":"X","ts":221758,"dur":10,"pid":1,"tid":24},
{"name":"Constraint /Biped/Rig/Movers/spine_to_bind/spine_ik_spine_0_bind_to_spine_0_bind","cat":"step","ph":"X","ts":221774,"dur":11,"pid":1,"tid":17},
{"name":"Constraint /Biped/Rig/Movers/spine_to_bind/spine_ik_spine_1_bind_scale_to_spine_1_bind","cat":"step","ph":"X","ts":221791,"dur":11,"pid":1,"tid":18},
{"name":"Constraint /Biped/Rig/Movers/spine_to_bind/spine_ik_spine_1_bind_to_spine_1_bind","cat":"step","ph":"X","ts":221811,"dur":10,"pid":1,"tid":18},
{"name":"Constraint /Biped/Rig/Movers/spine_to_bind/spine_ik_spine_2_bind_scale_to_spine_2_bind","cat":"step","ph":"X","ts":221827,"dur":14,"pid":1,"tid":4},
{"name":"Constraint /Biped/Rig/Movers/spine_to_bind/spine_ik_spine_2_bind_to_spine_2_bind","cat":"step","ph":"X","ts":221848,"dur":10,"pid":1,"tid":4},
{"name":"Constraint /Biped/Rig/Movers/spine_to_bind/spine_ik_spine_3_bind_scale_to_spine_3_bind","cat":"step","ph":"X","ts":221859,"dur":8,"pid":1,"tid":4},
{"name":"Constraint /Biped/Rig/Movers/spine_to_bind/spine_ik_spine_3_bind_to_spine_3_bind","cat":"step","ph":"X","ts":221868,"dur":9,"pid":1,"tid":4},
{"name":"Constraint /Biped/Rig/Movers/spine_to_bind/spine_ik_spine_4_bind_scale_to_spine_4_bind","cat":"step","ph":"X","ts":221878,"dur":8,"pid":1,"tid":4},
{"name":"Constraint /Biped/Rig/Movers/spine_to_bind/spine_ik_spine_4_bind_to_spine_4_bind","cat":"step","ph":"X","ts":221886,"dur":10,"pid":1,"tid":4},
{"name":"Constraint /Biped/Rig/Movers/spine_to_bind/spine_ik_spine_5_bind_scale_to_spine_5_bind","cat":"step","ph":"X","ts":221896,"dur":8,"pid":1,"tid":4},
{"name":"Constraint /Biped/Rig/Movers/spine_to_bind/spine_ik_spine_5_bind_to_spine_5_bind","cat":"step","ph":"X","ts":221905,"dur":9,"pid":1,"tid":4},
{"name":"Constraint /Biped/Rig/Movers/spine_to_bind/spine_ik_chest_bind_scale_to_chest_bind","cat":"step","ph":"X","ts":221914,"dur":8,"pid":1,"tid":4},
{"name":"Constraint /Biped/Rig/Movers/spine_to_bind/spine_ik_chest_bind_to_chest_bind","cat":"step","ph":"X","ts":221923,"dur":9,"pid":1,"tid":4},
{"name":"Constraint /Biped/Rig/Movers/girdles/spine_end_ctl_drives_chest_bind","cat":"step","ph":"X","ts":221932,"dur":11,"pid":1,"tid":4},
{"name":"Constraint /Biped/Rig/Movers/girdles/pelvis_r_ctl_drives_pelvis_r_bind","cat":"step","ph":"X","ts":221768,"dur":3,"pid":1,"tid":24},
{"name":"Constraint /Biped/Rig/Movers/girdles/pelvis_l_ctl_drives_pelvis_l_bind","cat":"step","ph":"X","ts":221771,"dur":1,"pid":1,"tid":24},
{"name":"Constraint /Biped/Rig/Movers/girdles/clavicle_r_ctl_drives_clavicle_r_bind","cat":"step","ph":"X","ts":221943,"dur":3,"pid":1,"tid":4},
{"name":"Constraint /Biped/Rig/Movers/girdles/clavicle_l_ctl_drives_clavicle_l_bind","cat":"step","ph":"X","ts":221946,"dur":2,"pid":1,"tid":4},
{"name":"Constraint /Biped/Rig/Movers/girdles/spine_end_ctl_unsquashes_neck_base_bind","cat":"step","ph":"X","ts":221948,"dur":7,"pid":1,"tid":4},
{"name":"Constraint /Biped/Rig/Movers/girdles/clavicle_r_ctl_unsquashes_clavicle_r_bind","cat":"step","ph":"X","ts":221955,"dur":4,"pid":1,"tid":4},
{"name":"Constraint /Biped/Rig/Movers/girdles/clavicle_l_ctl_unsquashes_clavicle_l_bind","cat":"step","ph":"X","ts":221959,"dur":3,"pid":1,"tid":4},
{"name":"Constraint /Biped/Rig/Movers/neck_to_bind/neck_ik_neck_0_bind_scale_to_neck_0_bind","cat":"step","ph":"X","ts":221962,"dur":6,"pid":1,"tid":4},
{"name":"Constraint /Biped/Rig/Movers/neck_to_bind/neck_ik_neck_0_bind_to_neck_0_bind","cat":"step","ph":"X","ts":221977,"dur":6,"pid":1,"tid":0},
{"name":"Constraint /Biped/Rig/Movers/neck_to_bind/neck_ik_neck_1_bind_scale_to_neck_1_bind","cat":"step","ph":"X","ts":221993,"dur":12,"pid":1,"tid":7},
{"name":"Constraint /Biped/Rig/Movers/neck_to_bind/neck_ik_neck_1_bind_to_neck_1_bind","cat":"step","ph":"X","ts":222028,"dur":7,"pid":1,"tid":7},
{"name":"Constraint /Biped/Rig/Movers/neck_to_bind/neck_ik_neck_2_bind_scale_to_neck_2_bind","cat":"step","ph":"X","ts":222050,"dur":7,"pid":1,"tid":24},
{"name":"Constraint /Biped/Rig/Movers/neck_to_bind/neck_ik_neck_2_bind_to_neck_2_bind","cat":"step","ph":"X","ts":222063,"dur":5,"pid":1,"tid":24},
{"name":"Constraint /Biped/Rig/Movers/neck_to_bind/neck_ik_neck_3_bind_scale_to_neck_3_bind","cat":"step","ph":"X","ts":222073,"dur":5,"pid":1,"tid":24},
{"name":"Constraint /Biped/Rig/Movers/neck_to_bind/neck_ik_neck_3_bind_to_neck_3_bind","cat":"step","ph":"X","ts":222586,"dur":7,"pid":1,"tid":24},
{"name":"Constraint /Biped/Rig/Movers/neck_to_bind/neck_ik_skull_bind_scale_to_skull_bind","cat":"step","ph":"X","ts":223001,"dur":4,"pid":1,"tid":24},
{"name":"Constraint /Biped/Rig/Movers/neck_to_bind/neck_ik_skull_bind_to_skull_bind","cat":"step","ph":"X","ts":223017,"dur":5,"pid":1,"tid":24},
{"name":"Constraint /Biped/Rig/Movers/twist_aims/wristTwist_r_bind_copy","cat":"step","ph":"X","ts":221524,"dur":29,"pid":1,"tid":5},
{"name":"Constraint /Biped/Rig/Movers/twist_aims/wristTwist_r_bind_aim","cat":"step","ph":"X","ts":221599,"dur":8,"pid":1,"tid":18},
{"name":"Constraint /Biped/Rig/Movers/twist_aims/wristTwist_l_bind_copy","cat":"step","ph":"X","ts":221477,"dur":8,"pid":1,"tid":14},
{"name":"Constraint /Biped/Rig/Movers/twist_aims/wristTwist_l_bind_aim","cat":"step","ph":"X","ts":221553,"dur":5,"pid":1,"tid":5},
{"name":"Constraint /Biped/Rig/Movers/twist_aims/ankleTwist_r_bind_copy","cat":"step","ph":"X","ts":221748,"dur":3,"pid":1,"tid":25},
{"name":"Constraint /Biped/Rig/Movers/twist_aims/ankleTwist_r_bind_aim","cat":"step","ph":"X","ts":221757,"dur":3,"pid":1,"tid":25},
{"name":"Constraint /Biped/Rig/Movers/twist_aims/ankleTwist_l_bind_copy","cat":"step","ph":"X","ts":221727,"dur":5,"pid":1,"tid":31},
{"name":"Constraint /Biped/Rig/Movers/twist_aims/ankleTwist_l_bind_aim","cat":"step","ph":"X","ts":221751,"dur":3,"pid":1,"tid":25},
{"name":"Constraint /Biped/Rig/Movers/twist_aims/ankleTwist_r_bind_follows_ankle_r_bind","cat":"step","ph":"X","ts":221785,"dur":3,"pid":1,"tid":17},
{"name":"Constraint /Biped/Rig/Movers/twist_aims/ankleTwist_l_bind_follows_ankle_l_bind","cat":"step","ph":"X","ts":221760,"dur":2,"pid":1,"tid":25},
{"name":"Constraint /Biped/Rig/Movers/twist_aims/wristTwist_r_bind_follows_wrist_r_bind","cat":"step","ph":"X","ts":221621,"dur":4,"pid":1,"tid":29},
{"name":"Constraint /Biped/Rig/Movers/twist_aims/wristTwist_l_bind_follows_wrist_l_bind","cat":"step","ph":"X","ts":221570,"dur":4,"pid":1,"tid":5},
{"name":"Constraint /Biped/Rig/Movers/twist_aims/thighNoTwist_r_bind_follows_thigh_r_bind","cat":"step","ph":"X","ts":221788,"dur":1,"pid":1,"tid":17},
{"name":"Constraint /Biped/Rig/Movers/twist_aims/thighNoTwist_l_bind_follows_thigh_l_bind","cat":"step","ph":"X","ts":221773,"dur":1,"pid":1,"tid":24},
{"name":"Constraint /Biped/Rig/Movers/twist_aims/shoulderNoTwist_r_bind_follows_shoulder_r_bind","cat":"step","ph":"X","ts":221983,"dur":1,"pid":1,"tid":0},
{"name":"Constraint /Biped/Rig/Movers/twist_aims/pelvis_trans_r_bind_follows_thigh_r_bind","cat":"step","ph":"X","ts":221775,"dur":1,"pid":1,"tid":24},
{"name":"Constraint /Biped/Rig/Movers/twist_aims/pelvis_trans_l_bind_follows_thigh_l_bind","cat":"step","ph":"X","ts":221776,"dur":1,"pid":1,"tid":24},
{"name":"Constraint /Biped/Rig/Movers/twist_aims/clavicle_trans_r_bind_follows_shoulder_r_bind","cat":"step","ph":"X","ts":221976,"dur":3,"pid":1,"tid":4},
{"name":"Constraint /Biped/Rig/Movers/twist_aims/clavicle_trans_l_bind_follows_shoulder_l_bind","cat":"step","ph":"X","ts":221979,"dur":2,"pid":1,"tid":4},
{"name":"Constraint /Biped/Rig/Movers/twist_aims/pelvis_trans_r_bind_aim","cat":"step","ph":"X","ts":221802,"dur":4,"pid":1,"tid":18},
{"name":"Constraint /Biped/Rig/Movers/twist_aims/pelvis_trans_l_bind_aim","cat":"step","ph":"X","ts":221806,"dur":4,"pid":1,"tid":18},
{"name":"Constraint /Biped/Rig/Movers/twist_aims/kneeTwist_r_bind_aim","cat":"step","ph":"X","ts":221698,"dur":4,"pid":1,"tid":18},
{"name":"Constraint /Biped/Rig/Movers/twist_aims/kneeTwist_l_bind_aim","cat":"step","ph":"X","ts":221692,"dur":4,"pid":1,"tid":18},
{"name":"Constraint /Biped/Rig/Movers/twist_aims/thighNoTwist_r_bind_aim","cat":"step","ph":"X","ts":221789,"dur":5,"pid":1,"tid":17},
{"name":"Constraint /Biped/Rig/Movers/twist_aims/thighNoTwist_l_bind_aim","cat":"step","ph":"X","ts":221794,"dur":3,"pid":1,"tid":17},
{"name":"Constraint /Biped/Rig/Movers/twist_aims/clavicle_trans_r_bind_aim","cat":"step","ph":"X","ts":222005,"dur":6,"pid":1,"tid":7},
{"name":"Constraint /Biped/Rig/Movers/twist_aims/clavicle_trans_l_bind_aim","cat":"step","ph":"X","ts":222011,"dur":16,"pid":1,"tid":7},
{"name":"Constraint /Biped/Rig/Movers/twist_aims/elbowTwist_r_bind_aim","cat":"step","ph":"X","ts":221558,"dur":4,"pid":1,"tid":5},
{"name":"Constraint /Biped/Rig/Movers/twist_aims/elbowTwist_l_bind_aim","cat":"step","ph":"X","ts":221485,"dur":5,"pid":1,"tid":14},
{"name":"Constraint /Biped/Rig/Movers/twist_aims/shoulderNoTwist_r_bind_aim","cat":"step","ph":"X","ts":221985,"dur":3,"pid":1,"tid":0},
{"name":"Constraint /Biped/Rig/Movers/twist_aims/shoulderNoTwist_l_bind_aim","cat":"step","ph":"X","ts":221988,"dur":3,"pid":1,"tid":0},
{"name":"Constraint /Biped/Rig/Movers/pose_drivers/thigh_r_driver_copies_thigh_r_bind","cat":"step","ph":"X","ts":221821,"dur":4,"pid":1,"tid":18},
{"name":"Constraint /Biped/Rig/Movers/pose_drivers/thigh_l_driver_copies_thigh_l_bind","cat":"step","ph":"X","ts":221815,"dur":5,"pid":1,"tid":31},
{"name":"Constraint /Biped/Rig/Movers/pose_drivers/thigh_r_twist_driver_copies_thighNoTwist_r_bind","cat":"step","ph":"X","ts":221841,"dur":6,"pid":1,"tid":4},
{"name":"Constraint /Biped/Rig/Movers/pose_drivers/thigh_l_twist_driver_copies_thighNoTwist_l_bind","cat":"step","ph":"X","ts":221826,"dur":5,"pid":1,"tid":18},
{"name":"Constraint /Biped/Rig/Movers/pose_drivers/ankleTwist_r_driver_copies_ankleTwist_r_bind","cat":"step","ph":"X","ts":221803,"dur":4,"pid":1,"tid":31},
{"name":"Constraint /Biped/Rig/Movers/pose_drivers/ankleTwist_l_driver_copies_ankleTwist_l_bind","cat":"step","ph":"X","ts":221789,"dur":5,"pid":1,"tid":31},
{"name":"Constraint /Biped/Rig/Movers/pose_drivers/toe_r_driver_copies_ball_r_bind","cat":"step","ph":"X","ts":221764,"dur":14,"pid":1,"tid":31},
{"name":"Constraint /Biped/Rig/Movers/pose_drivers/toe_l_driver_copies_ball_l_bind","cat":"step","ph":"X","ts":221754,"dur":3,"pid":1,"tid":25},
{"name":"Constraint /Biped/Rig/Movers/pose_drivers/knee_r_driver_copies_knee_r_bind","cat":"step","ph":"X","ts":221744,"dur":6,"pid":1,"tid":31},
{"name":"Constraint /Biped/Rig/Movers/pose_drivers/knee_l_driver_copies_knee_l_bind","cat":"step","ph":"X","ts":221702,"dur":4,"pid":1,"tid":18},
{"name":"Constraint /Biped/Rig/Movers/pose_drivers/ankleSwing_r_driver_copies_ankle_r_bind","cat":"step","ph":"X","ts":221808,"dur":4,"pid":1,"tid":31},
{"name":"Constraint /Biped/Rig/Movers/pose_drivers/ankleSwing_l_driver_copies_ankle_l_bind","cat":"step","ph":"X","ts":221794,"dur":4,"pid":1,"tid":31},
{"name":"Constraint /Biped/Rig/Movers/pose_drivers/shoulder_r_driver_copies_shoulder_r_bind","cat":"step","ph":"X","ts":222035,"dur":4,"pid":1,"tid":7},
{"name":"Constraint /Biped/Rig/Movers/pose_drivers/shoulder_l_driver_copies_shoulder_l_bind","cat":"step","ph":"X","ts":222039,"dur":4,"pid":1,"tid":7},
{"name":"Constraint /Biped/Rig/Movers/pose_drivers/wristTwist_r_driver_copies_wristTwist_r_bind","cat":"step","ph":"X","ts":221629,"dur":5,"pid":1,"tid":29},
{"name":"Constraint /Biped/Rig/Movers/pose_drivers/wristTwist_l_driver_copies_wristTwist_l_bind","cat":"step","ph":"X","ts":221608,"dur":6,"pid":1,"tid":18},
{"name":"Constraint /Biped/Rig/Movers/pose_drivers/shoulder_r_twist_driver_copies_shoulderNoTwist_r_bind","cat":"step","ph":"X","ts":222057,"dur":5,"pid":1,"tid":24},
{"name":"Constraint /Biped/Rig/Movers/pose_drivers/shoulder_l_twist_driver_copies_shoulderNoTwist_l_bind","cat":"step","ph":"X","ts":222045,"dur":4,"pid":1,"tid":7},
{"name":"Constraint /Biped/Rig/Movers/pose_drivers/wristSwing_r_driver_copies_wrist_r_bind","cat":"step","ph":"X","ts":221631,"dur":5,"pid":1,"tid":18},
{"name":"Constraint /Biped/Rig/Movers/pose_drivers/wristSwing_l_driver_copies_wrist_l_bind","cat":"step","ph":"X","ts":221614,"dur":6,"pid":1,"tid":18},
{"name":"Constraint /Biped/Rig/Movers/pose_drivers/elbow_r_driver_copies_elbow_r_bind","cat":"step","ph":"X","ts":221574,"dur":5,"pid":1,"tid":5},
{"name":"Constraint /Biped/Rig/Movers/pose_drivers/elbow_l_driver_copies_elbow_l_bind","cat":"step","ph":"X","ts":221511,"dur":4,"pid":1,"tid":0},
{"name":"Constraint /Biped/Rig/Movers/param_follow/leg_r_params_to_ankle_r_bind","cat":"step","ph":"X","ts":221750,"dur":4,"pid":1,"tid":31},
{"name":"Constraint /Biped/Rig/Movers/param_follow/leg_l_params_to_ankle_l_bind","cat":"step","ph":"X","ts":221706,"dur":4,"pid":1,"tid":18},
{"name":"Constraint /Biped/Rig/Movers/param_follow/arm_r_params_to_wrist_r_bind","cat":"step","ph":"X","ts":221515,"dur":3,"pid":1,"tid":0},
{"name":"Constraint /Biped/Rig/Movers/param_follow/arm_l_params_to_wrist_l_bind","cat":"step","ph":"X","ts":221490,"dur":5,"pid":1,"tid":14},
{"name":"ProviderMatrix /Biped/Rig/Controls/leg_l_ik/ankle_l_pivot final","cat":"step","ph":"X","ts":221331,"dur":1,"pid":1,"tid":0},
{"name":"ProviderMatrix /Biped/Rig/Controls/leg_r_ik/ankle_r_pivot/bankIn_r_pivot/bankOut_r_pivot final","cat":"step","ph":"X","ts":221579,"dur":1,"pid":1,"tid":5},
{"name":"ProviderMatrix /Biped/Rig/Controls/leg_r_ik/ankle_r_pivot/bankIn_r_pivot/bankOut_r_pivot/heel_r_roll/heel_r/ball_r_pivot final","cat":"step","ph":"X","ts":221620,"dur":1,"pid":1,"tid":18},
{"name":"ProviderMatrix /Biped/Rig/Joints/ankle_l_pivot/bankIn_l_pivot final","cat":"step","ph":"X","ts":221332,"dur":1,"pid":1,"tid":0},
{"name":"ProviderMatrix /Biped/Rig/Joints/ankle_l_pivot/bankIn_l_pivot/bankOut_l_pivot/heel_l_pivot/ball_l_pivot/toe_l_pivot final","cat":"step","ph":"X","ts":221397,"dur":1,"pid":1,"tid":17},
{"name":"ProviderMatrix /Biped/Rig/Joints/ankle_r_pivot/bankIn_r_pivot/bankOut_r_pivot final","cat":"step","ph":"X","ts":221357,"dur":1,"pid":1,"tid":0},
{"name":"ProviderMatrix /Biped/Rig/Joints/ankle_r_pivot/bankIn_r_pivot/bankOut_r_pivot/heel_r_pivot/ball_r_pivot/toe_r_pivot/ballRoll_r_pivot final","cat":"step","ph":"X","ts":221410,"dur":1,"pid":1,"tid":17},
{"name":"ProviderMatrix /Biped/Rig/Joints/hips_bind final","cat":"step","ph":"X","ts":221778,"dur":1,"pid":1,"tid":31},
{"name":"ProviderMatrix /Biped/Rig/Joints/hips_bind/pelvis_l_bind/thigh_l_bind final","cat":"step","ph":"X","ts":221696,"dur":1,"pid":1,"tid":18},
{"name":"ProviderMatrix /Biped/Rig/Joints/hips_bind/pelvis_l_bind/thigh_l_bind/knee_l_bind/ankle_l_bind final","cat":"step","ph":"X","ts":221710,"dur":1,"pid":1,"tid":18},
{"name":"ProviderMatrix /Biped/Rig/Joints/hips_bind/pelvis_l_bind/thigh_l_bind/knee_l_bind/ankle_l_bind/ball_l_bind/toe1_001_l_bind final","cat":"step","ph":"X","ts":221754,"dur":1,"pid":1,"tid":31},
{"name":"ProviderMatrix /Biped/Rig/Joints/hips_bind/pelvis_l_bind/thigh_l_bind/knee_l_bind/ankle_l_bind/ball_l_bind/toe1_001_l_bind/toe1_002_l_bind/toe1_003_l_bind/toe1_004_l_bind final","cat":"step","ph":"X","ts":221755,"dur":1,"pid":1,"tid":31},
{"name":"ProviderMatrix /Biped/Rig/Joints/hips_bind/pelvis_l_bind/thigh_l_bind/knee_l_bind/ankle_l_bind/ball_l_bind/toe2_001_l_bind/toe2_002_l_bind/toe2_003_l_bind/toe2_004_l_bind final","cat":"step","ph":"X","ts":221756,"dur":1,"pid":1,"tid":31},
{"name":"ProviderMatrix /Biped/Rig/Joints/hips_bind/pelvis_l_bind/thigh_l_bind/knee_l_bind/ankle_l_bind/ball_l_bind/toe4_001_l_bind final","cat":"step","ph":"X","ts":221757,"dur":1,"pid":1,"tid":31},
{"name":"ProviderMatrix /Biped/Rig/Joints/hips_bind/pelvis_l_bind/thigh_l_bind/knee_l_bind/ankle_l_bind/ball_l_bind/toe5_001_l_bind final","cat":"step","ph":"X","ts":221758,"dur":1,"pid":1,"tid":31},
{"name":"ProviderMatrix /Biped/Rig/Joints/hips_bind/pelvis_l_bind/thigh_l_bind/knee_l_bind/kneeTwist_l_bind/knee_l_driver final","cat":"step","ph":"X","ts":221759,"dur":1,"pid":1,"tid":31},
{"name":"ProviderMatrix /Biped/Rig/Joints/hips_bind/pelvis_r_bind/thighNoTwist_r_bind final","cat":"step","ph":"X","ts":221820,"dur":1,"pid":1,"tid":31},
{"name":"ProviderMatrix /Biped/Rig/Joints/hips_bind/pelvis_r_bind/thigh_r_bind/knee_r_bind final","cat":"step","ph":"X","ts":221711,"dur":1,"pid":1,"tid":18},
{"name":"ProviderMatrix /Biped/Rig/Joints/hips_bind/pelvis_r_bind/thigh_r_bind/knee_r_bind/ankle_r_bind/ball_r_bind/toe1_001_r_bind/toe1_002_r_bind/toe1_003_r_bind final","cat":"step","ph":"X","ts":221779,"dur":1,"pid":1,"tid":31},
{"name":"ProviderMatrix /Biped/Rig/Joints/hips_bind/pelvis_r_bind/thigh_r_bind/knee_r_bind/ankle_r_bind/ball_r_bind/toe2_001_r_bind/toe2_002_r_bind/toe2_003_r_bind/toe2_004_r_bind final","cat":"step","ph":"X","ts":221780,"dur":1,"pid":1,"tid":31},
{"name":"ProviderMatrix /Biped/Rig/Joints/hips_bind/pelvis_r_bind/thigh_r_bind/knee_r_bind/ankle_r_bind/ball_r_bind/toe5_001_r_bind final","cat":"step","ph":"X","ts":221782,"dur":1,"pid":1,"tid":31},
{"name":"ProviderMatrix /Biped/Rig/Joints/hips_bind/pelvis_r_bind/thigh_r_bind/knee_r_bind/ankle_r_bind/toe_r_driver final","cat":"step","ph":"X","ts":221799,"dur":1,"pid":1,"tid":31},
{"name":"ProviderMatrix /Biped/Rig/Joints/hips_bind/pelvis_r_bind/thigh_r_bind/knee_r_bind/kneeTwist_r_bind/knee_r_driver final","cat":"step","ph":"X","ts":221783,"dur":1,"pid":1,"tid":31},
{"name":"ProviderMatrix /Biped/Rig/Joints/hips_bind/spine_0_bind final","cat":"step","ph":"X","ts":221812,"dur":1,"pid":1,"tid":31},
{"name":"ProviderMatrix /Biped/Rig/Joints/hips_bind/spine_0_bind/spine_1_bind final","cat":"step","ph":"X","ts":221831,"dur":1,"pid":1,"tid":18},
{"name":"ProviderMatrix /Biped/Rig/Joints/hips_bind/spine_0_bind/spine_1_bind/spine_2_bind/spine_3_bind/spine_4_bind final","cat":"step","ph":"X","ts":221904,"dur":1,"pid":1,"tid":4},
{"name":"ProviderMatrix /Biped/Rig/Joints/hips_bind/spine_0_bind/spine_1_bind/spine_2_bind/spine_3_bind/spine_4_bind/spine_5_bind/chest_bind/clavicle_l_bind/clavicle_trans_combo_l_driver final","cat":"step","ph":"X","ts":221981,"dur":1,"pid":1,"tid":4},
{"name":"ProviderMatrix /Biped/Rig/Joints/hips_bind/spine_0_bind/spine_1_bind/spine_2_bind/spine_3_bind/spine_4_bind/spine_5_bind/chest_bind/clavicle_l_bind/clavicle_trans_l_bind final","cat":"step","ph":"X","ts":222043,"dur":1,"pid":1,"tid":7},
{"name":"ProviderMatrix /Biped/Rig/Joints/hips_bind/spine_0_bind/spine_1_bind/spine_2_bind/spine_3_bind/spine_4_bind/spine_5_bind/chest_bind/clavicle_l_bind/shoulder_l_bind/elbow_l_bind final","cat":"step","ph":"X","ts":221495,"dur":1,"pid":1,"tid":14},
{"name":"ProviderMatrix /Biped/Rig/Joints/hips_bind/spine_0_bind/spine_1_bind/spine_2_bind/spine_3_bind/spine_4_bind/spine_5_bind/chest_bind/clavicle_l_bind/shoulder_l_bind/elbow_l_bind/elbowTwist_l_bind final","cat":"step","ph":"X","ts":221518,"dur":1,"pid":1,"tid":0},
{"name":"ProviderMatrix /Biped/Rig/Joints/hips_bind/spine_0_bind/spine_1_bind/spine_2_bind/spine_3_bind/spine_4_bind/spine_5_bind/chest_bind/clavicle_l_bind/shoulder_l_bind/elbow_l_bind/wrist_l_bind/index_001_l_bind/index_002_combo_l_driver final","cat":"step","ph":"X","ts":221621,"dur":1,"pid":1,"tid":18},
{"name":"ProviderMatrix /Biped/Rig/Joints/hips_bind/spine_0_bind/spine_1_bind/spine_2_bind/spine_3_bind/spine_4_bind/spine_5_bind/chest_bind/clavicle_l_bind/shoulder_l_bind/elbow_l_bind/wrist_l_bind/index_001_l_bind/index_002_l_bind/index_003_l_bind/index_004_l_bind/index_005_l_bind final","cat":"step","ph":"X","ts":221622,"dur":1,"pid":1,"tid":18},
{"name":"ProviderMatrix /Biped/Rig/Joints/hips_bind/spine_0_bind/spine_1_bind/spine_2_bind/spine_3_bind/spine_4_bind/spine_5_bind/chest_bind/clavicle_l_bind/shoulder_l_bind/elbow_l_bind/wrist_l_bind/middle_001_l_bind/middle_002_l_bind/middle_003_l_bind/middle_004_l_bind final","cat":"step","ph":"X","ts":221623,"dur":1,"pid":1,"tid":18},
{"name":"ProviderMatrix /Biped/Rig/Joints/hips_bind/spine_0_bind/spine_1_bind/spine_2_bind/spine_3_bind/spine_4_bind/spine_5_bind/chest_bind/clavicle_l_bind/shoulder_l_bind/elbow_l_bind/wrist_l_bind/thumbCup_l_bind/thumb_001_l_bind/thumb_002_l_bind/thumb_003_l_bind/thumb_004_l_bind final","cat":"step","ph":"X","ts":221626,"dur":1,"pid":1,"tid":18},
{"name":"ProviderMatrix /Biped/Rig/Joints/hips_bind/spine_0_bind/spine_1_bind/spine_2_bind/spine_3_bind/spine_4_bind/spine_5_bind/chest_bind/clavicle_r_bind/clavicle_trans_combo_r_driver final","cat":"step","ph":"X","ts":221982,"dur":1,"pid":1,"tid":4},
{"name":"ProviderMatrix /Biped/Rig/Joints/hips_bind/spine_0_bind/spine_1_bind/spine_2_bind/spine_3_bind/spine_4_bind/spine_5_bind/chest_bind/clavicle_r_bind/shoulder_r_bind/elbow_r_bind/wristTwist_r_bind final","cat":"step","ph":"X","ts":221638,"dur":1,"pid":1,"tid":18},
{"name":"ProviderMatrix /Biped/Rig/Joints/hips_bind/spine_0_bind/spine_1_bind/spine_2_bind/spine_3_bind/spine_4_bind/spine_5_bind/chest_bind/clavicle_r_bind/shoulder_r_bind/elbow_r_bind/wristTwist_r_bind/wristSwing_r_driver final","cat":"step","ph":"X","ts":221657,"dur":1,"pid":1,"tid":18},
{"name":"ProviderMatrix /Biped/Rig/Joints/hips_bind/spine_0_bind/spine_1_bind/spine_2_bind/spine_3_bind/spine_4_bind/spine_5_bind/chest_bind/clavicle_r_bind/shoulder_r_bind/elbow_r_bind/wrist_r_bind/index_001_r_bind/index_002_r_bind/index_003_r_bind final","cat":"step","ph":"X","ts":221639,"dur":1,"pid":1,"tid":18},
{"name":"ProviderMatrix /Biped/Rig/Joints/hips_bind/spine_0_bind/spine_1_bind/spine_2_bind/spine_3_bind/spine_4_bind/spine_5_bind/chest_bind/clavicle_r_bind/shoulder_r_bind/elbow_r_bind/wrist_r_bind/pinkyCup_r_bind/pinky_001_r_bind/pinky_002_r_bind final","cat":"step","ph":"X","ts":221658,"dur":1,"pid":1,"tid":18},
{"name":"ProviderMatrix /Biped/Rig/Joints/hips_bind/spine_0_bind/spine_1_bind/spine_2_bind/spine_3_bind/spine_4_bind/spine_5_bind/chest_bind/clavicle_r_bind/shoulder_r_bind/elbow_r_bind/wrist_r_bind/ring_001_r_bind final","cat":"step","ph":"X","ts":221641,"dur":1,"pid":1,"tid":18},
{"name":"ProviderMatrix /Biped/Rig/Joints/hips_bind/spine_0_bind/spine_1_bind/spine_2_bind/spine_3_bind/spine_4_bind/spine_5_bind/chest_bind/clavicle_r_bind/shoulder_r_bind/elbow_r_bind/wrist_r_bind/ring_001_r_bind/ring_002_r_bind/ring_003_r_bind/ring_004_r_bind final","cat":"step","ph":"X","ts":221642,"dur":1,"pid":1,"tid":18},
{"name":"ProviderMatrix /Biped/Rig/Joints/hips_bind/spine_0_bind/spine_1_bind/spine_2_bind/spine_3_bind/spine_4_bind/spine_5_bind/chest_bind/clavicle_r_bind/shoulder_r_bind/elbow_r_bind/wrist_r_bind/thumbCup_r_bind/thumb_001_r_bind/thumb_002_r_bind/thumb_003_r_bind final","cat":"step","ph":"X","ts":221643,"dur":1,"pid":1,"tid":18},
{"name":"ProviderMatrix /Biped/Rig/Joints/hips_bind/spine_0_bind/spine_1_bind/spine_2_bind/spine_3_bind/spine_4_bind/spine_5_bind/chest_bind/neck_base_bind/neck_0_bind/neck_1_bind final","cat":"step","ph":"X","ts":222049,"dur":1,"pid":1,"tid":7},
{"name":"ProviderMatrix /Biped/Rig/Joints/hips_bind/spine_0_bind/spine_1_bind/spine_2_bind/spine_3_bind/spine_4_bind/spine_5_bind/chest_bind/neck_base_bind/neck_0_bind/neck_1_bind/neck_2_bind/neck_3_bind/skull_bind final","cat":"step","ph":"X","ts":223022,"dur":1,"pid":1,"tid":24},
{"name":"ProviderMatrix /Biped/Rig/Joints/hips_bind/spine_0_bind/spine_1_bind/spine_2_bind/spine_3_bind/spine_4_bind/spine_5_bind/chest_bind/neck_base_bind/neck_0_bind/neck_1_bind/neck_2_bind/neck_3_bind/skull_bind/face_lower_bind/jaw_bind/teeth_lower_bind final","cat":"step","ph":"X","ts":223023,"dur":1,"pid":1,"tid":24},
{"name":"ProviderMatrix /Biped/Rig/Joints/hips_bind/spine_0_bind/spine_1_bind/spine_2_bind/spine_3_bind/spine_4_bind/spine_5_bind/chest_bind/neck_base_bind/neck_0_bind/neck_1_bind/neck_2_bind/neck_3_bind/skull_bind/face_upper_bind/head_tip_bind/brow_peak_r_bind final","cat":"step","ph":"X","ts":223025,"dur":1,"pid":1,"tid":24},
{"name":"ProviderMatrix /Biped/Rig/Joints/neck_ik_neck_0_bind final","cat":"step","ph":"X","ts":221666,"dur":1,"pid":1,"tid":18},
{"name":"ProviderMatrix /Biped/Rig/Joints/pupilCenter_r_pivot final","cat":"step","ph":"X","ts":221333,"dur":1,"pid":1,"tid":0},
{"name":"ProviderMatrix /Biped/Rig/Joints/spine_ik_spine_0_bind/spine_ik_spine_1_bind final","cat":"step","ph":"X","ts":221469,"dur":1,"pid":1,"tid":23},
{"name":"ProviderMatrix /Biped/Rig/Joints/spine_ik_spine_0_bind/spine_ik_spine_1_bind/spine_ik_spine_2_bind/spine_ik_spine_3_bind/spine_ik_spine_4_bind/spine_ik_spine_5_bind/spine_ik_chest_bind final","cat":"step","ph":"X","ts":221470,"dur":1,"pid":1,"tid":23},
{"name":"PoseInterpolator /Biped/Rig/PoseInterpolators/ankleSwing_l_driver","cat":"step","ph":"X","ts":221813,"dur":2,"pid":1,"tid":31},
{"name":"PoseInterpolator /Biped/Rig/PoseInterpolators/ankleSwing_r_driver","cat":"step","ph":"X","ts":221821,"dur":2,"pid":1,"tid":31},
{"name":"PoseInterpolator /Biped/Rig/PoseInterpolators/elbow_l_driver","cat":"step","ph":"X","ts":221580,"dur":4,"pid":1,"tid":5},
{"name":"PoseInterpolator /Biped/Rig/PoseInterpolators/elbow_r_driver","cat":"step","ph":"X","ts":221627,"dur":3,"pid":1,"tid":18},
{"name":"PoseInterpolator /Biped/Rig/PoseInterpolators/index_002_l","cat":"step","ph":"X","ts":221520,"dur":2,"pid":1,"tid":0},
{"name":"PoseInterpolator /Biped/Rig/PoseInterpolators/index_002_r","cat":"step","ph":"X","ts":221584,"dur":1,"pid":1,"tid":5},
{"name":"PoseInterpolator /Biped/Rig/PoseInterpolators/knee_l_driver","cat":"step","ph":"X","ts":221760,"dur":4,"pid":1,"tid":31},
{"name":"PoseInterpolator /Biped/Rig/PoseInterpolators/knee_r_driver","cat":"step","ph":"X","ts":221784,"dur":1,"pid":1,"tid":31},
{"name":"PoseInterpolator /Biped/Rig/PoseInterpolators/middle_002_r","cat":"step","ph":"X","ts":221585,"dur":2,"pid":1,"tid":5},
{"name":"PoseInterpolator /Biped/Rig/PoseInterpolators/neckTwist","cat":"step","ph":"X","ts":221991,"dur":1,"pid":1,"tid":0},
{"name":"PoseInterpolator /Biped/Rig/PoseInterpolators/neck","cat":"step","ph":"X","ts":221993,"dur":1,"pid":1,"tid":0},
{"name":"PoseInterpolator /Biped/Rig/PoseInterpolators/pinky_002_l","cat":"step","ph":"X","ts":221523,"dur":1,"pid":1,"tid":0},
{"name":"PoseInterpolator /Biped/Rig/PoseInterpolators/pinky_002_r","cat":"step","ph":"X","ts":221587,"dur":2,"pid":1,"tid":5},
{"name":"PoseInterpolator /Biped/Rig/PoseInterpolators/ring_002_r","cat":"step","ph":"X","ts":221589,"dur":1,"pid":1,"tid":5},
{"name":"PoseInterpolator /Biped/Rig/PoseInterpolators/shoulder_l_driver","cat":"step","ph":"X","ts":222050,"dur":3,"pid":1,"tid":7},
{"name":"PoseInterpolator /Biped/Rig/PoseInterpolators/shoulder_l_twist_driver","cat":"step","ph":"X","ts":222069,"dur":3,"pid":1,"tid":24},
{"name":"PoseInterpolator /Biped/Rig/PoseInterpolators/shoulder_r_driver","cat":"step","ph":"X","ts":222053,"dur":1,"pid":1,"tid":7},
{"name":"PoseInterpolator /Biped/Rig/PoseInterpolators/shoulder_r_twist_driver","cat":"step","ph":"X","ts":222072,"dur":1,"pid":1,"tid":24},
{"name":"PoseInterpolator /Biped/Rig/PoseInterpolators/thigh_l_driver","cat":"step","ph":"X","ts":221832,"dur":2,"pid":1,"tid":18},
{"name":"PoseInterpolator /Biped/Rig/PoseInterpolators/thigh_r_driver","cat":"step","ph":"X","ts":221834,"dur":2,"pid":1,"tid":18},
{"name":"PoseInterpolator /Biped/Rig/PoseInterpolators/toe_l","cat":"step","ph":"X","ts":221785,"dur":2,"pid":1,"tid":31},
{"name":"PoseInterpolator /Biped/Rig/PoseInterpolators/toe_l_twist","cat":"step","ph":"X","ts":221787,"dur":2,"pid":1,"tid":31},
{"name":"PoseInterpolator /Biped/Rig/PoseInterpolators/toe_r","cat":"step","ph":"X","ts":221800,"dur":1,"pid":1,"tid":31},
{"name":"PoseInterpolator /Biped/Rig/PoseInterpolators/toe_r_twist","cat":"step","ph":"X","ts":221801,"dur":2,"pid":1,"tid":31},
{"name":"PoseInterpolator /Biped/Rig/PoseInterpolators/torso","cat":"step","ph":"X","ts":221358,"dur":4,"pid":1,"tid":0},
{"name":"PoseInterpolator /Biped/Rig/PoseInterpolators/wristSwing_l_driver","cat":"step","ph":"X","ts":221644,"dur":2,"pid":1,"tid":18},
{"name":"PoseInterpolator /Biped/Rig/PoseInterpolators/wristSwing_r_driver","cat":"step","ph":"X","ts":221659,"dur":2,"pid":1,"tid":18},
{"name":"RevisionStatic /Biped/Rig/Movers/shapes_body_geo/body_geo_shapes","cat":"step","ph":"X","ts":222078,"dur":507,"pid":1,"tid":24},
{"name":"RevisionChunk /Biped/Rig/Movers/shapes_body_geo/body_geo_shapes","cat":"step","ph":"X","ts":222593,"dur":408,"pid":1,"tid":24},
{"name":"RevisionFuse /Biped/Rig/Movers/shapes_body_geo/body_geo_shapes","cat":"step","ph":"X","ts":223006,"dur":11,"pid":1,"tid":24},
{"name":"InfluenceFold /Biped/Rig/Movers/skin_body_geo/body_geo_skin","cat":"step","ph":"X","ts":223026,"dur":25,"pid":1,"tid":24},
{"name":"RevisionChunk /Biped/Rig/Movers/skin_body_geo/body_geo_skin","cat":"step","ph":"X","ts":223051,"dur":2285,"pid":1,"tid":24},
{"name":"RevisionFuse /Biped/Rig/Movers/skin_body_geo/body_geo_skin","cat":"step","ph":"X","ts":225336,"dur":3,"pid":1,"tid":24},
{"name":"ChainStatus /Biped/Geom/body_geo.points","cat":"step","ph":"X","ts":225339,"dur":21,"pid":1,"tid":24},
{"name":"Derived /Biped/Geom/body_geo.extent","cat":"step","ph":"X","ts":225360,"dur":528,"pid":1,"tid":24},
{"name":"cluster 0","cat":"cluster","ph":"X","ts":221307,"dur":16,"pid":1,"tid":0,"args":{"level":"1","steps":"21","waitUs":"5"}},
{"name":"cluster 1","cat":"cluster","ph":"X","ts":221323,"dur":11,"pid":1,"tid":0,"args":{"level":"2","steps":"30","waitUs":"0"}},
{"name":"cluster 2","cat":"cluster","ph":"X","ts":221360,"dur":15,"pid":1,"tid":17,"args":{"level":"3","steps":"21","waitUs":"26"}},
{"name":"cluster 3","cat":"cluster","ph":"X","ts":221375,"dur":23,"pid":1,"tid":17,"args":{"level":"4","steps":"22","waitUs":"0"}},
{"name":"cluster 4","cat":"cluster","ph":"X","ts":221401,"dur":14,"pid":1,"tid":14,"args":{"level":"5","steps":"17","waitUs":"3"}},
{"name":"cluster 5","cat":"cluster","ph":"X","ts":221417,"dur":18,"pid":1,"tid":15,"args":{"level":"6","steps":"20","waitUs":"2"}},
{"name":"cluster 6","cat":"cluster","ph":"X","ts":221443,"dur":18,"pid":1,"tid":23,"args":{"level":"7","steps":"16","waitUs":"4"}},
{"name":"cluster 7","cat":"cluster","ph":"X","ts":221464,"dur":11,"pid":1,"tid":14,"args":{"level":"8","steps":"14","waitUs":"2"}},
{"name":"cluster 8","cat":"cluster","ph":"X","ts":221343,"dur":19,"pid":1,"tid":0,"args":{"level":"3","steps":"15","waitUs":"9"}},
{"name":"cluster 9","cat":"cluster","ph":"X","ts":221478,"dur":24,"pid":1,"tid":0,"args":{"level":"9","steps":"15","waitUs":"3"}},
{"name":"cluster 10","cat":"cluster","ph":"X","ts":221509,"dur":38,"pid":1,"tid":11,"args":{"level":"10","steps":"18","waitUs":"7"}},
{"name":"cluster 11","cat":"cluster","ph":"X","ts":221547,"dur":13,"pid":1,"tid":11,"args":{"level":"11","steps":"13","waitUs":"0"}},
{"name":"cluster 12","cat":"cluster","ph":"X","ts":221415,"dur":24,"pid":1,"tid":14,"args":{"level":"6","steps":"8","waitUs":"0"}},
{"name":"cluster 13","cat":"cluster","ph":"X","ts":221609,"dur":16,"pid":1,"tid":29,"args":{"level":"12","steps":"12","waitUs":"2"}},
{"name":"cluster 14","cat":"cluster","ph":"X","ts":221440,"dur":5,"pid":1,"tid":14,"args":{"level":"7","steps":"6","waitUs":"1"}},
{"name":"cluster 15","cat":"cluster","ph":"X","ts":221625,"dur":9,"pid":1,"tid":29,"args":{"level":"13","steps":"6","waitUs":"0"}},
{"name":"cluster 17","cat":"cluster","ph":"X","ts":221399,"dur":12,"pid":1,"tid":17,"args":{"level":"5","steps":"7","waitUs":"1"}},
{"name":"cluster 18","cat":"cluster","ph":"X","ts":221646,"dur":15,"pid":1,"tid":18,"args":{"level":"14","steps":"16","waitUs":"0"}},
{"name":"cluster 19","cat":"cluster","ph":"X","ts":221411,"dur":17,"pid":1,"tid":17,"args":{"level":"6","steps":"1","waitUs":"0"}},
{"name":"cluster 20","cat":"cluster","ph":"X","ts":221516,"dur":18,"pid":1,"tid":30,"args":{"level":"10","steps":"3","waitUs":"14"}},
{"name":"cluster 21","cat":"cluster","ph":"X","ts":221535,"dur":5,"pid":1,"tid":30,"args":{"level":"11","steps":"3","waitUs":"1"}},
{"name":"cluster 22","cat":"cluster","ph":"X","ts":221516,"dur":17,"pid":1,"tid":15,"args":{"level":"10","steps":"3","waitUs":"6"}},
{"name":"cluster 23","cat":"cluster","ph":"X","ts":221587,"dur":20,"pid":1,"tid":18,"args":{"level":"11","steps":"7","waitUs":"24"}},
{"name":"cluster 24","cat":"cluster","ph":"X","ts":221481,"dur":20,"pid":1,"tid":9,"args":{"level":"9","steps":"3","waitUs":"6"}},
{"name":"cluster 25","cat":"cluster","ph":"X","ts":221501,"dur":9,"pid":1,"tid":9,"args":{"level":"10","steps":"3","waitUs":"0"}},
{"name":"cluster 26","cat":"cluster","ph":"X","ts":221481,"dur":6,"pid":1,"tid":18,"args":{"level":"9","steps":"2","waitUs":"5"}},
{"name":"cluster 27","cat":"cluster","ph":"X","ts":221662,"dur":5,"pid":1,"tid":18,"args":{"level":"15","steps":"10","waitUs":"1"}},
{"name":"cluster 28","cat":"cluster","ph":"X","ts":221668,"dur":9,"pid":1,"tid":18,"args":{"level":"16","steps":"4","waitUs":"0"}},
{"name":"cluster 29","cat":"cluster","ph":"X","ts":221678,"dur":19,"pid":1,"tid":18,"args":{"level":"17","steps":"6","waitUs":"0"}},
{"name":"cluster 30","cat":"cluster","ph":"X","ts":221701,"dur":31,"pid":1,"tid":31,"args":{"level":"18","steps":"5","waitUs":"4"}},
{"name":"cluster 31","cat":"cluster","ph":"X","ts":221738,"dur":19,"pid":1,"tid":25,"args":{"level":"19","steps":"5","waitUs":"6"}},
{"name":"cluster 32","cat":"cluster","ph":"X","ts":221463,"dur":8,"pid":1,"tid":23,"args":{"level":"8","steps":"8","waitUs":"1"}},
{"name":"cluster 33","cat":"cluster","ph":"X","ts":221518,"dur":44,"pid":1,"tid":5,"args":{"level":"10","steps":"4","waitUs":"8"}},
{"name":"cluster 34","cat":"cluster","ph":"X","ts":221758,"dur":14,"pid":1,"tid":24,"args":{"level":"20","steps":"3","waitUs":"1"}},
{"name":"cluster 35","cat":"cluster","ph":"X","ts":221774,"dur":15,"pid":1,"tid":17,"args":{"level":"21","steps":"3","waitUs":"1"}},
{"name":"cluster 36","cat":"cluster","ph":"X","ts":221790,"dur":20,"pid":1,"tid":18,"args":{"level":"22","steps":"3","waitUs":"1"}},
{"name":"cluster 37","cat":"cluster","ph":"X","ts":221811,"dur":14,"pid":1,"tid":18,"args":{"level":"23","steps":"2","waitUs":"0"}},
{"name":"cluster 38","cat":"cluster","ph":"X","ts":221827,"dur":20,"pid":1,"tid":4,"args":{"level":"24","steps":"2","waitUs":"2"}},
{"name":"cluster 39","cat":"cluster","ph":"X","ts":221847,"dur":11,"pid":1,"tid":4,"args":{"level":"25","steps":"3","waitUs":"0"}},
{"name":"cluster 40","cat":"cluster","ph":"X","ts":221859,"dur":8,"pid":1,"tid":4,"args":{"level":"26","steps":"2","waitUs":"0"}},
{"name":"cluster 41","cat":"cluster","ph":"X","ts":221867,"dur":10,"pid":1,"tid":4,"args":{"level":"27","steps":"1","waitUs":"0"}},
{"name":"cluster 42","cat":"cluster","ph":"X","ts":221878,"dur":8,"pid":1,"tid":4,"args":{"level":"28","steps":"2","waitUs":"0"}},
{"name":"cluster 43","cat":"cluster","ph":"X","ts":221886,"dur":10,"pid":1,"tid":4,"args":{"level":"29","steps":"1","waitUs":"0"}},
{"name":"cluster 44","cat":"cluster","ph":"X","ts":221896,"dur":9,"pid":1,"tid":4,"args":{"level":"30","steps":"2","waitUs":"0"}},
{"name":"cluster 45","cat":"cluster","ph":"X","ts":221905,"dur":9,"pid":1,"tid":4,"args":{"level":"31","steps":"1","waitUs":"0"}},
{"name":"cluster 46","cat":"cluster","ph":"X","ts":221914,"dur":8,"pid":1,"tid":4,"args":{"level":"32","steps":"2","waitUs":"0"}},
{"name":"cluster 47","cat":"cluster","ph":"X","ts":221923,"dur":9,"pid":1,"tid":4,"args":{"level":"33","steps":"1","waitUs":"0"}},
{"name":"cluster 48","cat":"cluster","ph":"X","ts":221932,"dur":11,"pid":1,"tid":4,"args":{"level":"34","steps":"1","waitUs":"0"}},
{"name":"cluster 49","cat":"cluster","ph":"X","ts":221943,"dur":12,"pid":1,"tid":4,"args":{"level":"35","steps":"4","waitUs":"0"}},
{"name":"cluster 50","cat":"cluster","ph":"X","ts":221955,"dur":14,"pid":1,"tid":4,"args":{"level":"36","steps":"4","waitUs":"0"}},
{"name":"cluster 51","cat":"cluster","ph":"X","ts":221977,"dur":7,"pid":1,"tid":0,"args":{"level":"37","steps":"3","waitUs":"8"}},
{"name":"cluster 52","cat":"cluster","ph":"X","ts":221992,"dur":35,"pid":1,"tid":7,"args":{"level":"38","steps":"3","waitUs":"7"}},
{"name":"cluster 53","cat":"cluster","ph":"X","ts":222028,"dur":16,"pid":1,"tid":7,"args":{"level":"39","steps":"7","waitUs":"0"}},
{"name":"cluster 54","cat":"cluster","ph":"X","ts":222050,"dur":12,"pid":1,"tid":24,"args":{"level":"40","steps":"2","waitUs":"6"}},
{"name":"cluster 55","cat":"cluster","ph":"X","ts":222063,"dur":10,"pid":1,"tid":24,"args":{"level":"41","steps":"5","waitUs":"0"}},
{"name":"cluster 56","cat":"cluster","ph":"X","ts":222073,"dur":512,"pid":1,"tid":24,"args":{"level":"42","steps":"3","waitUs":"0"}},
{"name":"cluster 57","cat":"cluster","ph":"X","ts":222586,"dur":415,"pid":1,"tid":24,"args":{"level":"43","steps":"2","waitUs":"0"}},
{"name":"cluster 58","cat":"cluster","ph":"X","ts":223001,"dur":16,"pid":1,"tid":24,"args":{"level":"44","steps":"3","waitUs":"0"}},
{"name":"cluster 59","cat":"cluster","ph":"X","ts":223017,"dur":9,"pid":1,"tid":24,"args":{"level":"46","steps":"28","waitUs":"0"}},
{"name":"cluster 60","cat":"cluster","ph":"X","ts":221477,"dur":19,"pid":1,"tid":14,"args":{"level":"9","steps":"7","waitUs":"0"}},
{"name":"cluster 61","cat":"cluster","ph":"X","ts":221757,"dur":5,"pid":1,"tid":25,"args":{"level":"20","steps":"2","waitUs":"0"}},
{"name":"cluster 62","cat":"cluster","ph":"X","ts":221570,"dur":20,"pid":1,"tid":5,"args":{"level":"11","steps":"12","waitUs":"7"}},
{"name":"cluster 63","cat":"cluster","ph":"X","ts":221773,"dur":4,"pid":1,"tid":24,"args":{"level":"21","steps":"3","waitUs":"0"}},
{"name":"cluster 64","cat":"cluster","ph":"X","ts":221976,"dur":7,"pid":1,"tid":4,"args":{"level":"37","steps":"8","waitUs":"7"}},
{"name":"cluster 65","cat":"cluster","ph":"X","ts":221698,"dur":14,"pid":1,"tid":18,"args":{"level":"18","steps":"7","waitUs":"1"}},
{"name":"cluster 66","cat":"cluster","ph":"X","ts":221789,"dur":8,"pid":1,"tid":17,"args":{"level":"22","steps":"2","waitUs":"0"}},
{"name":"cluster 67","cat":"cluster","ph":"X","ts":221985,"dur":9,"pid":1,"tid":0,"args":{"level":"38","steps":"5","waitUs":"0"}},
{"name":"cluster 68","cat":"cluster","ph":"X","ts":221815,"dur":8,"pid":1,"tid":31,"args":{"level":"23","steps":"8","waitUs":"0"}},
{"name":"cluster 69","cat":"cluster","ph":"X","ts":221826,"dur":10,"pid":1,"tid":18,"args":{"level":"24","steps":"6","waitUs":"0"}},
{"name":"cluster 70","cat":"cluster","ph":"X","ts":221803,"dur":12,"pid":1,"tid":31,"args":{"level":"22","steps":"7","waitUs":"0"}},
{"name":"cluster 71","cat":"cluster","ph":"X","ts":221789,"dur":14,"pid":1,"tid":31,"args":{"level":"21","steps":"12","waitUs":"0"}},
{"name":"cluster 72","cat":"cluster","ph":"X","ts":221764,"dur":25,"pid":1,"tid":31,"args":{"level":"20","steps":"29","waitUs":"0"}},
{"name":"cluster 73","cat":"cluster","ph":"X","ts":221744,"dur":20,"pid":1,"tid":31,"args":{"level":"19","steps":"28","waitUs":"12"}},
{"name":"cluster 74","cat":"cluster","ph":"X","ts":221608,"dur":22,"pid":1,"tid":18,"args":{"level":"12","steps":"31","waitUs":"1"}},
{"name":"cluster 75","cat":"cluster","ph":"X","ts":222045,"dur":9,"pid":1,"tid":7,"args":{"level":"40","steps":"6","waitUs":"1"}},
{"name":"cluster 76","cat":"cluster","ph":"X","ts":221631,"dur":15,"pid":1,"tid":18,"args":{"level":"13","steps":"37","waitUs":"0"}},
{"name":"cluster 77","cat":"cluster","ph":"X","ts":221511,"dur":13,"pid":1,"tid":0,"args":{"level":"10","steps":"12","waitUs":"0"}},
{"name":"cluster 78","cat":"cluster","ph":"X","ts":223026,"dur":25,"pid":1,"tid":24,"args":{"level":"47","steps":"1","waitUs":"0"}},
{"name":"cluster 79","cat":"cluster","ph":"X","ts":223051,"dur":2285,"pid":1,"tid":24,"args":{"level":"48","steps":"1","waitUs":"0"}},
{"name":"cluster 80","cat":"cluster","ph":"X","ts":225336,"dur":3,"pid":1,"tid":24,"args":{"level":"49","steps":"1","waitUs":"0"}},
{"name":"cluster 81","cat":"cluster","ph":"X","ts":225339,"dur":549,"pid":1,"tid":24,"args":{"level":"51","steps":"2","waitUs":"0"}},
{"name":"BakedPublish","cat":"baked","ph":"X","ts":226001,"dur":78,"pid":1,"tid":0},
{"name":"BakedEpilogue","cat":"baked","ph":"X","ts":225899,"dur":220,"pid":1,"tid":0},
{"name":"Baked","cat":"baked","ph":"X","ts":220675,"dur":5445,"pid":1,"tid":0},
{"name":"Evaluate@7","cat":"evaluate","ph":"X","ts":220673,"dur":5449,"pid":1,"tid":0},
{"name":"PropertyChain /Biped/Rig/Movers/ballRoll_l_down_rc/ballRoll_l_down_rotation.inputs:defaultWeight","cat":"property","ph":"X","ts":226366,"dur":52,"pid":1,"tid":0},
{"name":"PropertyChain /Biped/Rig/Movers/ballRoll_l_up_rc/ballRoll_l_up_rotation.inputs:defaultWeight","cat":"property","ph":"X","ts":226419,"dur":13,"pid":1,"tid":0},
{"name":"PropertyChain /Biped/Rig/Movers/ballRoll_r_down_rc/ballRoll_r_down_rotation.inputs:defaultWeight","cat":"property","ph":"X","ts":226432,"dur":27,"pid":1,"tid":0},
{"name":"PropertyChain /Biped/Rig/Movers/ballRoll_r_up_rc/ballRoll_r_up_rotation.inputs:defaultWeight","cat":"property","ph":"X","ts":226459,"dur":16,"pid":1,"tid":0},
{"name":"PropertyChain /Biped/Rig/Movers/bankIn_l_pivot_rc/bankIn_l_pivot_rotation.inputs:defaultWeight","cat":"property","ph":"X","ts":226475,"dur":9,"pid":1,"tid":0},
{"name":"PropertyChain /Biped/Rig/Movers/bankIn_r_pivot_rc/bankIn_r_pivot_rotation.inputs:defaultWeight","cat":"property","ph":"X","ts":226484,"dur":9,"pid":1,"tid":0},
{"name":"PropertyChain /Biped/Rig/Movers/bankOut_l_pivot_rc/bankOut_l_pivot_rotation.inputs:defaultWeight","cat":"property","ph":"X","ts":226493,"dur":8,"pid":1,"tid":0},
{"name":"PropertyChain /Biped/Rig/Movers/bankOut_r_pivot_rc/bankOut_r_pivot_rotation.inputs:defaultWeight","cat":"property","ph":"X","ts":226502,"dur":7,"pid":1,"tid":0},
{"name":"PropertyChain /Biped/Rig/Movers/heel_l_roll_rc/heel_l_roll_rotation.inputs:defaultWeight","cat":"property","ph":"X","ts":226510,"dur":7,"pid":1,"tid":0},
{"name":"PropertyChain /Biped/Rig/Movers/heel_r_roll_rc/heel_r_roll_rotation.inputs:defaultWeight","cat":"property","ph":"X","ts":226517,"dur":8,"pid":1,"tid":0},
{"name":"PropertyChain /Biped/Rig/Movers/toe_l_roll_rc/toe_l_roll_rotation.inputs:defaultWeight","cat":"property","ph":"X","ts":226526,"dur":12,"pid":1,"tid":0},
{"name":"PropertyChain /Biped/Rig/Movers/toe_r_roll_rc/toe_r_roll_rotation.inputs:defaultWeight","cat":"property","ph":"X","ts":226538,"dur":15,"pid":1,"tid":0},
{"name":"PropertyChains","cat":"property","ph":"X","ts":226364,"dur":190,"pid":1,"tid":0},
{"name":"BakedInputs","cat":"baked","ph":"X","ts":226554,"dur":9,"pid":1,"tid":0},
{"name":"BakedChainBase","cat":"geometry","ph":"X","ts":226868,"dur":31,"pid":1,"tid":0},
{"name":"BakedPrologue","cat":"baked","ph":"X","ts":226361,"dur":538,"pid":1,"tid":0},
{"name":"BakedRegion","cat":"baked","ph":"X","ts":226900,"dur":5329,"pid":1,"tid":0},
{"name":"ComposeSubtree /Biped/Rig/Controls/arm_l_ik","cat":"step","ph":"X","ts":226957,"dur":2,"pid":1,"tid":0},
{"name":"ComposeSubtree /Biped/Rig/Controls/arm_l_pv","cat":"step","ph":"X","ts":226959,"dur":1,"pid":1,"tid":0},
{"name":"ComposeSubtree /Biped/Rig/Controls/hips_ctl","cat":"step","ph":"X","ts":226960,"dur":1,"pid":1,"tid":0},
{"name":"ComposeSubtree /Biped/Rig/Controls/hips_ctl/spine_root_pivot/spine_root_ctl/pelvis_l_ctl/leg_l_root","cat":"step","ph":"X","ts":227005,"dur":1,"pid":1,"tid":0},
{"name":"ComposeSubtree /Biped/Rig/Controls/hips_ctl/spine_root_pivot/spine_root_ctl/pelvis_r_ctl/leg_r_root/leg_r_fk_thigh_r_bind","cat":"step","ph":"X","ts":227013,"dur":1,"pid":1,"tid":0},
{"name":"ComposeSubtree /Biped/Rig/Controls/hips_ctl/spine_root_pivot/spine_root_ctl/pelvis_r_ctl/leg_r_root/leg_r_fk_thigh_r_bind/leg_r_fk_knee_r_bind","cat":"step","ph":"X","ts":227040,"dur":8,"pid":1,"tid":18},
{"name":"ComposeSubtree /Biped/Rig/Controls/hips_ctl/torso_ctl/spine_end_pivot/spine_end_ctl","cat":"step","ph":"X","ts":227006,"dur":1,"pid":1,"tid":0},
{"name":"ComposeSubtree /Biped/Rig/Controls/hips_ctl/torso_ctl/spine_end_pivot/spine_end_ctl/clavicle_l_ctl/arm_l_root/arm_l_fk_shoulder_l_bind/arm_l_fk_elbow_l_bind","cat":"step","ph":"X","ts":227048,"dur":2,"pid":1,"tid":18},
{"name":"ComposeSubtree /Biped/Rig/Controls/hips_ctl/torso_ctl/spine_end_pivot/spine_end_ctl/clavicle_r_ctl/arm_r_root/arm_r_fk_shoulder_r_bind","cat":"step","ph":"X","ts":227050,"dur":1,"pid":1,"tid":18},
{"name":"ComposeSubtree /Biped/Rig/Controls/hips_ctl/torso_ctl/spine_end_pivot/spine_end_ctl/clavicle_r_ctl/arm_r_root/arm_r_fk_shoulder_r_bind/arm_r_fk_elbow_r_bind","cat":"step","ph":"X","ts":227097,"dur":2,"pid":1,"tid":21},
{"name":"ComposeSubtree /Biped/Rig/Controls/hips_ctl/torso_ctl/spine_end_pivot/spine_end_ctl/neck_root_ctl","cat":"step","ph":"X","ts":227014,"dur":1,"pid":1,"tid":0},
{"name":"ComposeSubtree /Biped/Rig/Controls/hips_ctl/torso_ctl/spine_end_pivot/spine_end_ctl/neck_root_ctl/neck_end_pivot","cat":"step","ph":"X","ts":227051,"dur":2,"pid":1,"tid":18},
{"name":"ComposeSubtree /Biped/Rig/Controls/index_001_l_bind_fk_follow","cat":"step","ph":"X","ts":226961,"dur":1,"pid":1,"tid":0},
{"name":"ComposeSubtree /Biped/Rig/Controls/index_001_r_bind_fk_follow","cat":"step","ph":"X","ts":226962,"dur":1,"pid":1,"tid":0},
{"name":"ComposeSubtree /Biped/Rig/Controls/index_001_r_bind_fk_follow/index_001_r_bind_fk/index_002_r_bind_fk","cat":"step","ph":"X","ts":226971,"dur":1,"pid":1,"tid":0},
{"name":"ComposeSubtree /Biped/Rig/Controls/leg_l_ik/ankle_l_pivot/bankIn_l_pivot/bankOut_l_pivot/heel_l_roll","cat":"step","ph":"X","ts":227007,"dur":1,"pid":1,"tid":0},
{"name":"ComposeSubtree /Biped/Rig/Controls/leg_l_ik/ankle_l_pivot/bankIn_l_pivot/bankOut_l_pivot/heel_l_roll/heel_l/ball_l_pivot/toe_l_roll/toe_l","cat":"step","ph":"X","ts":227053,"dur":2,"pid":1,"tid":18},
{"name":"ComposeSubtree /Biped/Rig/Controls/leg_l_ik/ankle_l_pivot/bankIn_l_pivot/bankOut_l_pivot/heel_l_roll/heel_l/ball_l_pivot/toe_l_roll/toe_l/ballRoll_l_up/ballRoll_l_down","cat":"step","ph":"X","ts":227099,"dur":2,"pid":1,"tid":21},
{"name":"ComposeSubtree /Biped/Rig/Controls/leg_l_ik/ankle_l_pivot/bankIn_l_pivot/bankOut_l_pivot/heel_l_roll/heel_l/ball_l_pivot/toe_l_roll/toe_l/ballRoll_l_up/ballRoll_l_down/ballRoll_l/ankle_l_ikTarget","cat":"step","ph":"X","ts":227130,"dur":2,"pid":1,"tid":2},
{"name":"ComposeSubtree /Biped/Rig/Controls/leg_l_ik/ankle_l_pivot/bankIn_l_pivot/bankOut_l_pivot/heel_l_roll/heel_l/ball_l_pivot/toe_l_roll/toe_l/ballRoll_l_up/ballRoll_l_down_twin","cat":"step","ph":"X","ts":227101,"dur":1,"pid":1,"tid":21},
{"name":"ComposeSubtree /Biped/Rig/Controls/leg_l_ik/ankle_l_pivot/bankIn_l_pivot/bankOut_l_pivot/heel_l_roll/heel_l/ball_l_pivot/toe_l_roll/toe_l/toeBend_l/toeBend_l_fk","cat":"step","ph":"X","ts":227132,"dur":1,"pid":1,"tid":2},
{"name":"ComposeSubtree /Biped/Rig/Controls/leg_l_ik/ankle_l_pivot/bankIn_l_pivot/bankOut_l_pivot/heel_l_roll/heel_l/ball_l_pivot/toe_l_roll_twin","cat":"step","ph":"X","ts":227055,"dur":5,"pid":1,"tid":18},
{"name":"ComposeSubtree /Biped/Rig/Controls/leg_l_pv","cat":"step","ph":"X","ts":226963,"dur":1,"pid":1,"tid":0},
{"name":"ComposeSubtree /Biped/Rig/Controls/leg_r_ik/ankle_r_pivot","cat":"step","ph":"X","ts":226972,"dur":1,"pid":1,"tid":0},
{"name":"ComposeSubtree /Biped/Rig/Controls/leg_r_ik/ankle_r_pivot/bankIn_r_pivot/bankOut_r_pivot","cat":"step","ph":"X","ts":227008,"dur":1,"pid":1,"tid":0},
{"name":"ComposeSubtree /Biped/Rig/Controls/leg_r_ik/ankle_r_pivot/bankIn_r_pivot/bankOut_r_pivot/heel_r_roll/heel_r/ball_r_pivot/toe_r_roll","cat":"step","ph":"X","ts":227060,"dur":2,"pid":1,"tid":18},
{"name":"ComposeSubtree /Biped/Rig/Controls/leg_r_ik/ankle_r_pivot/bankIn_r_pivot/bankOut_r_pivot/heel_r_roll/heel_r/ball_r_pivot/toe_r_roll/toe_r/ballRoll_r_up","cat":"step","ph":"X","ts":227102,"dur":1,"pid":1,"tid":21},
{"name":"ComposeSubtree /Biped/Rig/Controls/leg_r_ik/ankle_r_pivot/bankIn_r_pivot/bankOut_r_pivot/heel_r_roll/heel_r/ball_r_pivot/toe_r_roll/toe_r/ballRoll_r_up/ballRoll_r_down/ballRoll_r/ball_r_ikTarget","cat":"step","ph":"X","ts":227148,"dur":11,"pid":1,"tid":15},
{"name":"ComposeSubtree /Biped/Rig/Controls/leg_r_ik/ankle_r_pivot/bankIn_r_pivot/bankOut_r_pivot/heel_r_roll/heel_r/ball_r_pivot/toe_r_roll/toe_r/ballRoll_r_up_twin","cat":"step","ph":"X","ts":227103,"dur":1,"pid":1,"tid":21},
{"name":"ComposeSubtree /Biped/Rig/Controls/leg_r_ik/ankle_r_pivot/bankIn_r_pivot/bankOut_r_pivot/heel_r_roll/heel_r/ball_r_pivot/toe_r_roll/toe_r/toeBend_r/toeBend_r_fk","cat":"step","ph":"X","ts":227133,"dur":1,"pid":1,"tid":2},
{"name":"ComposeSubtree /Biped/Rig/Controls/leg_r_ik/ankle_r_pivot/bankIn_r_pivot/bankOut_r_pivot/heel_r_roll/heel_r/ball_r_pivot/toe_r_roll_twin","cat":"step","ph":"X","ts":227062,"dur":3,"pid":1,"tid":18},
{"name":"ComposeSubtree /Biped/Rig/Controls/middle_001_l_bind_fk_follow/middle_001_l_bind_fk/middle_002_l_bind_fk/middle_003_l_bind_fk","cat":"step","ph":"X","ts":227009,"dur":1,"pid":1,"tid":0},
{"name":"ComposeSubtree /Biped/Rig/Controls/middle_001_r_bind_fk_follow","cat":"step","ph":"X","ts":226964,"dur":1,"pid":1,"tid":0},
{"name":"ComposeSubtree /Biped/Rig/Controls/pinkyCup_l_bind_fk_follow","cat":"step","ph":"X","ts":226965,"dur":1,"pid":1,"tid":0},
{"name":"ComposeSubtree /Biped/Rig/Controls/pinkyCup_r_bind_fk_follow/pinkyCup_r_bind_fk/pinky_001_r_bind_fk","cat":"step","ph":"X","ts":226973,"dur":1,"pid":1,"tid":0},
{"name":"ComposeSubtree /Biped/Rig/Controls/pinkyCup_r_bind_fk_follow/pinkyCup_r_bind_fk/pinky_001_r_bind_fk/pinky_002_r_bind_fk/pinky_003_r_bind_fk","cat":"step","ph":"X","ts":227010,"dur":1,"pid":1,"tid":0},
{"name":"ComposeSubtree /Biped/Rig/Controls/thumbCup_l_bind_fk_follow","cat":"step","ph":"X","ts":226967,"dur":1,"pid":1,"tid":0},
{"name":"ComposeSubtree /Biped/Rig/Controls/thumbCup_l_bind_fk_follow/thumbCup_l_bind_fk/thumb_001_l_bind_fk/thumb_002_l_bind_fk","cat":"step","ph":"X","ts":227011,"dur":1,"pid":1,"tid":0},
{"name":"ComposeSubtree /Biped/Rig/Controls/thumbCup_r_bind_fk_follow/thumbCup_r_bind_fk/thumb_001_r_bind_fk","cat":"step","ph":"X","ts":226974,"dur":1,"pid":1,"tid":0},
{"name":"ComposeSubtree /Biped/Rig/Joints/ankle_l_pivot/bankIn_l_pivot/bankOut_l_pivot/heel_l_pivot/ball_l_pivot/toe_l_pivot/ballRoll_l_pivot","cat":"step","ph":"X","ts":227015,"dur":1,"pid":1,"tid":0},
{"name":"ComposeSubtree /Biped/Rig/Joints/ankle_r_pivot","cat":"step","ph":"X","ts":226968,"dur":1,"pid":1,"tid":0},
{"name":"ComposeSubtree /Biped/Rig/Joints/ankle_r_pivot/bankIn_r_pivot/bankOut_r_pivot/heel_r_pivot/ball_r_pivot","cat":"step","ph":"X","ts":227012,"dur":1,"pid":1,"tid":0},
{"name":"ComposeSubtree /Biped/Rig/Joints/hips_bind/pelvis_l_bind/thigh_l_bind/knee_l_bind/ankleTwist_l_bind","cat":"step","ph":"X","ts":226989,"dur":1,"pid":1,"tid":0},
{"name":"ComposeSubtree /Biped/Rig/Joints/hips_bind/pelvis_l_bind/thigh_l_bind/knee_l_bind/ankle_l_bind/ball_l_bind/toe1_001_l_bind/toe1_002_l_bind","cat":"step","ph":"X","ts":227065,"dur":1,"pid":1,"tid":18},
{"name":"ComposeSubtree /Biped/Rig/Joints/hips_bind/pelvis_l_bind/thigh_l_bind/knee_l_bind/ankle_l_bind/ball_l_bind/toe1_001_l_bind/toe1_002_l_bind/toe1_003_l_bind","cat":"step","ph":"X","ts":227104,"dur":1,"pid":1,"tid":21},
{"name":"ComposeSubtree /Biped/Rig/Joints/hips_bind/pelvis_l_bind/thigh_l_bind/knee_l_bind/ankle_l_bind/ball_l_bind/toe2_001_l_bind","cat":"step","ph":"X","ts":227067,"dur":2,"pid":1,"tid":18},
{"name":"ComposeSubtree /Biped/Rig/Joints/hips_bind/pelvis_l_bind/thigh_l_bind/knee_l_bind/ankle_l_bind/ball_l_bind/toe2_001_l_bind/toe2_002_l_bind/toe2_003_l_bind","cat":"step","ph":"X","ts":227105,"dur":1,"pid":1,"tid":21},
{"name":"ComposeSubtree /Biped/Rig/Joints/hips_bind/pelvis_l_bind/thigh_l_bind/knee_l_bind/ankle_l_bind/ball_l_bind/toe3_001_l_bind","cat":"step","ph":"X","ts":227069,"dur":2,"pid":1,"tid":18},
{"name":"ComposeSubtree /Biped/Rig/Joints/hips_bind/pelvis_l_bind/thigh_l_bind/knee_l_bind/ankle_l_bind/ball_l_bind/toe3_001_l_bind/toe3_002_l_bind/toe3_003_l_bind","cat":"step","ph":"X","ts":227106,"dur":1,"pid":1,"tid":21},
{"name":"ComposeSubtree /Biped/Rig/Joints/hips_bind/pelvis_l_bind/thigh_l_bind/knee_l_bind/ankle_l_bind/ball_l_bind/toe4_001_l_bind","cat":"step","ph":"X","ts":227071,"dur":1,"pid":1,"tid":18},
{"name":"ComposeSubtree /Biped/Rig/Joints/hips_bind/pelvis_l_bind/thigh_l_bind/knee_l_bind/ankle_l_bind/ball_l_bind/toe5_001_l_bind","cat":"step","ph":"X","ts":227072,"dur":3,"pid":1,"tid":18},
{"name":"ComposeSubtree /Biped/Rig/Joints/hips_bind/pelvis_l_bind/thigh_l_bind/knee_l_bind/ankle_l_bind/ball_l_bind/toe5_001_l_bind/toe5_002_l_bind/toe5_003_l_bind","cat":"step","ph":"X","ts":227108,"dur":1,"pid":1,"tid":21},
{"name":"ComposeSubtree /Biped/Rig/Joints/hips_bind/pelvis_l_bind/thigh_l_bind/knee_l_bind/ankle_l_bind/ball_l_bind/toe_l_bind","cat":"step","ph":"X","ts":227075,"dur":2,"pid":1,"tid":18},
{"name":"ComposeSubtree /Biped/Rig/Joints/hips_bind/pelvis_l_bind/thigh_l_bind/knee_l_bind/kneeTwist_l_bind","cat":"step","ph":"X","ts":226990,"dur":1,"pid":1,"tid":0},
{"name":"ComposeSubtree /Biped/Rig/Joints/hips_bind/pelvis_r_bind","cat":"step","ph":"X","ts":226976,"dur":1,"pid":1,"tid":0},
{"name":"ComposeSubtree /Biped/Rig/Joints/hips_bind/pelvis_r_bind/pelvis_trans_r_bind/thigh_r_driver","cat":"step","ph":"X","ts":227016,"dur":1,"pid":1,"tid":0},
{"name":"ComposeSubtree /Biped/Rig/Joints/hips_bind/pelvis_r_bind/thigh_r_bind","cat":"step","ph":"X","ts":226991,"dur":1,"pid":1,"tid":0},
{"name":"ComposeSubtree /Biped/Rig/Joints/hips_bind/pelvis_r_bind/thigh_r_bind/knee_r_bind/ankle_r_bind/ball_r_bind","cat":"step","ph":"X","ts":227077,"dur":4,"pid":1,"tid":18},
{"name":"ComposeSubtree /Biped/Rig/Joints/hips_bind/pelvis_r_bind/thigh_r_bind/knee_r_bind/ankle_r_bind/ball_r_bind/toe1_001_r_bind/toe1_002_r_bind","cat":"step","ph":"X","ts":227109,"dur":1,"pid":1,"tid":21},
{"name":"ComposeSubtree /Biped/Rig/Joints/hips_bind/pelvis_r_bind/thigh_r_bind/knee_r_bind/ankle_r_bind/ball_r_bind/toe1_001_r_bind/toe1_002_r_bind/toe1_003_r_bind","cat":"step","ph":"X","ts":227134,"dur":1,"pid":1,"tid":2},
{"name":"ComposeSubtree /Biped/Rig/Joints/hips_bind/pelvis_r_bind/thigh_r_bind/knee_r_bind/ankle_r_bind/ball_r_bind/toe2_001_r_bind","cat":"step","ph":"X","ts":227110,"dur":1,"pid":1,"tid":21},
{"name":"ComposeSubtree /Biped/Rig/Joints/hips_bind/pelvis_r_bind/thigh_r_bind/knee_r_bind/ankle_r_bind/ball_r_bind/toe3_001_r_bind","cat":"step","ph":"X","ts":227111,"dur":1,"pid":1,"tid":21},
{"name":"ComposeSubtree /Biped/Rig/Joints/hips_bind/pelvis_r_bind/thigh_r_bind/knee_r_bind/ankle_r_bind/ball_r_bind/toe3_001_r_bind/toe3_002_r_bind/toe3_003_r_bind","cat":"step","ph":"X","ts":227135,"dur":1,"pid":1,"tid":2},
{"name":"ComposeSubtree /Biped/Rig/Joints/hips_bind/pelvis_r_bind/thigh_r_bind/knee_r_bind/ankle_r_bind/ball_r_bind/toe5_001_r_bind","cat":"step","ph":"X","ts":227112,"dur":1,"pid":1,"tid":21},
{"name":"ComposeSubtree /Biped/Rig/Joints/hips_bind/pelvis_r_bind/thigh_r_bind/knee_r_bind/ankle_r_bind/ball_r_bind/toe5_001_r_bind/toe5_002_r_bind/toe5_003_r_bind","cat":"step","ph":"X","ts":227136,"dur":1,"pid":1,"tid":2},
{"name":"ComposeSubtree /Biped/Rig/Joints/hips_bind/pelvis_r_bind/thigh_r_bind/knee_r_bind/kneeTwist_r_bind","cat":"step","ph":"X","ts":227017,"dur":1,"pid":1,"tid":0},
{"name":"ComposeSubtree /Biped/Rig/Joints/hips_bind/spine_0_bind/spine_1_bind/spine_2_bind/spine_3_bind/spine_4_bind/spine_5_bind/chest_bind","cat":"step","ph":"X","ts":227081,"dur":3,"pid":1,"tid":18},
{"name":"ComposeSubtree /Biped/Rig/Joints/hips_bind/spine_0_bind/spine_1_bind/spine_2_bind/spine_3_bind/spine_4_bind/spine_5_bind/chest_bind/clavicle_l_bind/clavicle_trans_combo_l_driver","cat":"step","ph":"X","ts":227113,"dur":2,"pid":1,"tid":21},
{"name":"ComposeSubtree /Biped/Rig/Joints/hips_bind/spine_0_bind/spine_1_bind/spine_2_bind/spine_3_bind/spine_4_bind/spine_5_bind/chest_bind/clavicle_l_bind/clavicle_trans_l_bind/shoulder_l_driver","cat":"step","ph":"X","ts":227137,"dur":1,"pid":1,"tid":2},
{"name":"ComposeSubtree /Biped/Rig/Joints/hips_bind/spine_0_bind/spine_1_bind/spine_2_bind/spine_3_bind/spine_4_bind/spine_5_bind/chest_bind/clavicle_l_bind/shoulderNoTwist_l_bind","cat":"step","ph":"X","ts":227115,"dur":1,"pid":1,"tid":21},
{"name":"ComposeSubtree /Biped/Rig/Joints/hips_bind/spine_0_bind/spine_1_bind/spine_2_bind/spine_3_bind/spine_4_bind/spine_5_bind/chest_bind/clavicle_l_bind/shoulder_l_bind/elbow_l_bind/wristTwist_l_bind","cat":"step","ph":"X","ts":227138,"dur":1,"pid":1,"tid":2},
{"name":"ComposeSubtree /Biped/Rig/Joints/hips_bind/spine_0_bind/spine_1_bind/spine_2_bind/spine_3_bind/spine_4_bind/spine_5_bind/chest_bind/clavicle_l_bind/shoulder_l_bind/elbow_l_bind/wrist_l_bind/index_001_l_bind","cat":"step","ph":"X","ts":227159,"dur":4,"pid":1,"tid":15},
{"name":"ComposeSubtree /Biped/Rig/Joints/hips_bind/spine_0_bind/spine_1_bind/spine_2_bind/spine_3_bind/spine_4_bind/spine_5_bind/chest_bind/clavicle_l_bind/shoulder_l_bind/elbow_l_bind/wrist_l_bind/index_001_l_bind/index_002_l_bind","cat":"step","ph":"X","ts":227202,"dur":8,"pid":1,"tid":3},
{"name":"ComposeSubtree /Biped/Rig/Joints/hips_bind/spine_0_bind/spine_1_bind/spine_2_bind/spine_3_bind/spine_4_bind/spine_5_bind/chest_bind/clavicle_l_bind/shoulder_l_bind/elbow_l_bind/wrist_l_bind/index_001_l_bind/index_002_l_bind/index_003_l_bind/index_004_l_bind","cat":"step","ph":"X","ts":227269,"dur":2,"pid":1,"tid":22},
{"name":"ComposeSubtree /Biped/Rig/Joints/hips_bind/spine_0_bind/spine_1_bind/spine_2_bind/spine_3_bind/spine_4_bind/spine_5_bind/chest_bind/clavicle_l_bind/shoulder_l_bind/elbow_l_bind/wrist_l_bind/middle_001_l_bind","cat":"step","ph":"X","ts":227163,"dur":3,"pid":1,"tid":15},
{"name":"ComposeSubtree /Biped/Rig/Joints/hips_bind/spine_0_bind/spine_1_bind/spine_2_bind/spine_3_bind/spine_4_bind/spine_5_bind/chest_bind/clavicle_l_bind/shoulder_l_bind/elbow_l_bind/wrist_l_bind/middle_001_l_bind/middle_002_l_bind","cat":"step","ph":"X","ts":227210,"dur":3,"pid":1,"tid":3},
{"name":"ComposeSubtree /Biped/Rig/Joints/hips_bind/spine_0_bind/spine_1_bind/spine_2_bind/spine_3_bind/spine_4_bind/spine_5_bind/chest_bind/clavicle_l_bind/shoulder_l_bind/elbow_l_bind/wrist_l_bind/middle_001_l_bind/middle_002_l_bind/middle_003_l_bind/middle_004_l_bind","cat":"step","ph":"X","ts":227271,"dur":1,"pid":1,"tid":22},
{"name":"ComposeSubtree /Biped/Rig/Joints/hips_bind/spine_0_bind/spine_1_bind/spine_2_bind/spine_3_bind/spine_4_bind/spine_5_bind/chest_bind/clavicle_l_bind/shoulder_l_bind/elbow_l_bind/wrist_l_bind/pinkyCup_l_bind","cat":"step","ph":"X","ts":227166,"dur":2,"pid":1,"tid":15},
{"name":"ComposeSubtree /Biped/Rig/Joints/hips_bind/spine_0_bind/spine_1_bind/spine_2_bind/spine_3_bind/spine_4_bind/spine_5_bind/chest_bind/clavicle_l_bind/shoulder_l_bind/elbow_l_bind/wrist_l_bind/pinkyCup_l_bind/pinky_001_l_bind/pinky_002_combo_l_driver","cat":"step","ph":"X","ts":227213,"dur":2,"pid":1,"tid":3},
{"name":"ComposeSubtree /Biped/Rig/Joints/hips_bind/spine_0_bind/spine_1_bind/spine_2_bind/spine_3_bind/spine_4_bind/spine_5_bind/chest_bind/clavicle_l_bind/shoulder_l_bind/elbow_l_bind/wrist_l_bind/pinkyCup_l_bind/pinky_001_l_bind/pinky_002_l_bind/pinky_003_l_bind/pinky_004_l_bind","cat":"step","ph":"X","ts":227298,"dur":2,"pid":1,"tid":29},
{"name":"ComposeSubtree /Biped/Rig/Joints/hips_bind/spine_0_bind/spine_1_bind/spine_2_bind/spine_3_bind/spine_4_bind/spine_5_bind/chest_bind/clavicle_l_bind/shoulder_l_bind/elbow_l_bind/wrist_l_bind/ring_001_l_bind","cat":"step","ph":"X","ts":227168,"dur":1,"pid":1,"tid":15},
{"name":"ComposeSubtree /Biped/Rig/Joints/hips_bind/spine_0_bind/spine_1_bind/spine_2_bind/spine_3_bind/spine_4_bind/spine_5_bind/chest_bind/clavicle_l_bind/shoulder_l_bind/elbow_l_bind/wrist_l_bind/ring_001_l_bind/ring_002_l_bind","cat":"step","ph":"X","ts":227215,"dur":2,"pid":1,"tid":3},
{"name":"ComposeSubtree /Biped/Rig/Joints/hips_bind/spine_0_bind/spine_1_bind/spine_2_bind/spine_3_bind/spine_4_bind/spine_5_bind/chest_bind/clavicle_l_bind/shoulder_l_bind/elbow_l_bind/wrist_l_bind/ring_001_l_bind/ring_002_l_bind/ring_003_l_bind/ring_004_l_bind","cat":"step","ph":"X","ts":227272,"dur":1,"pid":1,"tid":22},
{"name":"ComposeSubtree /Biped/Rig/Joints/hips_bind/spine_0_bind/spine_1_bind/spine_2_bind/spine_3_bind/spine_4_bind/spine_5_bind/chest_bind/clavicle_l_bind/shoulder_l_bind/elbow_l_bind/wrist_l_bind/thumbCup_l_bind","cat":"step","ph":"X","ts":227169,"dur":1,"pid":1,"tid":15},
{"name":"ComposeSubtree /Biped/Rig/Joints/hips_bind/spine_0_bind/spine_1_bind/spine_2_bind/spine_3_bind/spine_4_bind/spine_5_bind/chest_bind/clavicle_l_bind/shoulder_l_bind/elbow_l_bind/wrist_l_bind/thumbCup_l_bind/thumb_001_l_bind/thumb_002_l_bind","cat":"step","ph":"X","ts":227217,"dur":2,"pid":1,"tid":3},
{"name":"ComposeSubtree /Biped/Rig/Joints/hips_bind/spine_0_bind/spine_1_bind/spine_2_bind/spine_3_bind/spine_4_bind/spine_5_bind/chest_bind/clavicle_l_bind/shoulder_l_bind/elbow_l_bind/wrist_l_bind/thumbCup_l_bind/thumb_001_l_bind/thumb_002_l_bind/thumb_003_l_bind","cat":"step","ph":"X","ts":227273,"dur":1,"pid":1,"tid":22},
{"name":"ComposeSubtree /Biped/Rig/Joints/hips_bind/spine_0_bind/spine_1_bind/spine_2_bind/spine_3_bind/spine_4_bind/spine_5_bind/chest_bind/clavicle_r_bind","cat":"step","ph":"X","ts":227095,"dur":4,"pid":1,"tid":18},
{"name":"ComposeSubtree /Biped/Rig/Joints/hips_bind/spine_0_bind/spine_1_bind/spine_2_bind/spine_3_bind/spine_4_bind/spine_5_bind/chest_bind/clavicle_r_bind/clavicle_trans_r_bind/shoulder_r_driver","cat":"step","ph":"X","ts":227170,"dur":1,"pid":1,"tid":15},
{"name":"ComposeSubtree /Biped/Rig/Joints/hips_bind/spine_0_bind/spine_1_bind/spine_2_bind/spine_3_bind/spine_4_bind/spine_5_bind/chest_bind/clavicle_r_bind/shoulderNoTwist_r_bind","cat":"step","ph":"X","ts":227139,"dur":1,"pid":1,"tid":2},
{"name":"ComposeSubtree /Biped/Rig/Joints/hips_bind/spine_0_bind/spine_1_bind/spine_2_bind/spine_3_bind/spine_4_bind/spine_5_bind/chest_bind/clavicle_r_bind/shoulder_r_bind","cat":"step","ph":"X","ts":227140,"dur":1,"pid":1,"tid":2},
{"name":"ComposeSubtree /Biped/Rig/Joints/hips_bind/spine_0_bind/spine_1_bind/spine_2_bind/spine_3_bind/spine_4_bind/spine_5_bind/chest_bind/clavicle_r_bind/shoulder_r_bind/elbow_r_bind/elbowTwist_r_bind","cat":"step","ph":"X","ts":227171,"dur":1,"pid":1,"tid":15},
{"name":"ComposeSubtree /Biped/Rig/Joints/hips_bind/spine_0_bind/spine_1_bind/spine_2_bind/spine_3_bind/spine_4_bind/spine_5_bind/chest_bind/clavicle_r_bind/shoulder_r_bind/elbow_r_bind/wristTwist_r_bind","cat":"step","ph":"X","ts":227172,"dur":1,"pid":1,"tid":15},
{"name":"ComposeSubtree /Biped/Rig/Joints/hips_bind/spine_0_bind/spine_1_bind/spine_2_bind/spine_3_bind/spine_4_bind/spine_5_bind/chest_bind/clavicle_r_bind/shoulder_r_bind/elbow_r_bind/wrist_r_bind/index_001_r_bind","cat":"step","ph":"X","ts":227219,"dur":3,"pid":1,"tid":3},
{"name":"ComposeSubtree /Biped/Rig/Joints/hips_bind/spine_0_bind/spine_1_bind/spine_2_bind/spine_3_bind/spine_4_bind/spine_5_bind/chest_bind/clavicle_r_bind/shoulder_r_bind/elbow_r_bind/wrist_r_bind/middle_001_r_bind","cat":"step","ph":"X","ts":227222,"dur":1,"pid":1,"tid":3},
{"name":"ComposeSubtree /Biped/Rig/Joints/hips_bind/spine_0_bind/spine_1_bind/spine_2_bind/spine_3_bind/spine_4_bind/spine_5_bind/chest_bind/clavicle_r_bind/shoulder_r_bind/elbow_r_bind/wrist_r_bind/middle_001_r_bind/middle_002_r_bind","cat":"step","ph":"X","ts":227274,"dur":1,"pid":1,"tid":22},
{"name":"ComposeSubtree /Biped/Rig/Joints/hips_bind/spine_0_bind/spine_1_bind/spine_2_bind/spine_3_bind/spine_4_bind/spine_5_bind/chest_bind/clavicle_r_bind/shoulder_r_bind/elbow_r_bind/wrist_r_bind/pinkyCup_r_bind/pinky_001_r_bind/pinky_002_combo_r_driver","cat":"step","ph":"X","ts":227275,"dur":1,"pid":1,"tid":22},
{"name":"ComposeSubtree /Biped/Rig/Joints/hips_bind/spine_0_bind/spine_1_bind/spine_2_bind/spine_3_bind/spine_4_bind/spine_5_bind/chest_bind/clavicle_r_bind/shoulder_r_bind/elbow_r_bind/wrist_r_bind/pinkyCup_r_bind/pinky_001_r_bind/pinky_002_r_bind/pinky_003_r_bind","cat":"step","ph":"X","ts":227301,"dur":1,"pid":1,"tid":29},
{"name":"ComposeSubtree /Biped/Rig/Joints/hips_bind/spine_0_bind/spine_1_bind/spine_2_bind/spine_3_bind/spine_4_bind/spine_5_bind/chest_bind/clavicle_r_bind/shoulder_r_bind/elbow_r_bind/wrist_r_bind/pinkyCup_r_bind/pinky_001_r_bind/pinky_002_r_bind/pinky_003_r_bind/pinky_004_r_bind","cat":"step","ph":"X","ts":227319,"dur":3,"pid":1,"tid":6},
{"name":"ComposeSubtree /Biped/Rig/Joints/hips_bind/spine_0_bind/spine_1_bind/spine_2_bind/spine_3_bind/spine_4_bind/spine_5_bind/chest_bind/clavicle_r_bind/shoulder_r_bind/elbow_r_bind/wrist_r_bind/ring_001_r_bind","cat":"step","ph":"X","ts":227223,"dur":1,"pid":1,"tid":3},
{"name":"ComposeSubtree /Biped/Rig/Joints/hips_bind/spine_0_bind/spine_1_bind/spine_2_bind/spine_3_bind/spine_4_bind/spine_5_bind/chest_bind/clavicle_r_bind/shoulder_r_bind/elbow_r_bind/wrist_r_bind/thumbCup_r_bind/thumb_001_r_bind/thumb_002_r_bind","cat":"step","ph":"X","ts":227276,"dur":1,"pid":1,"tid":22},
{"name":"ComposeSubtree /Biped/Rig/Joints/hips_bind/spine_0_bind/spine_1_bind/spine_2_bind/spine_3_bind/spine_4_bind/spine_5_bind/chest_bind/clavicle_r_bind/shoulder_r_bind/elbow_r_bind/wrist_r_bind/thumbCup_r_bind/thumb_001_r_bind/thumb_002_r_bind/thumb_003_r_bind","cat":"step","ph":"X","ts":227302,"dur":1,"pid":1,"tid":29},
{"name":"ComposeSubtree /Biped/Rig/Joints/hips_bind/spine_0_bind/spine_1_bind/spine_2_bind/spine_3_bind/spine_4_bind/spine_5_bind/chest_bind/neck_base_bind","cat":"step","ph":"X","ts":227099,"dur":3,"pid":1,"tid":18},
{"name":"ComposeSubtree /Biped/Rig/Joints/hips_bind/spine_0_bind/spine_1_bind/spine_2_bind/spine_3_bind/spine_4_bind/spine_5_bind/chest_bind/neck_base_bind/neck_0_bind/neck_1_bind","cat":"step","ph":"X","ts":227129,"dur":1,"pid":1,"tid":18},
{"name":"ComposeSubtree /Biped/Rig/Joints/hips_bind/spine_0_bind/spine_1_bind/spine_2_bind/spine_3_bind/spine_4_bind/spine_5_bind/chest_bind/neck_base_bind/neck_0_bind/neck_1_bind/neck_2_bind/neck_3_bind","cat":"step","ph":"X","ts":227173,"dur":1,"pid":1,"tid":15},
{"name":"ComposeSubtree /Biped/Rig/Joints/hips_bind/spine_0_bind/spine_1_bind/spine_2_bind/spine_3_bind/spine_4_bind/spine_5_bind/chest_bind/neck_base_bind/neck_0_bind/neck_1_bind/neck_2_bind/neck_3_bind/skull_bind/face_lower_bind","cat":"step","ph":"X","ts":227224,"dur":1,"pid":1,"tid":3},
{"name":"ComposeSubtree /Biped/Rig/Joints/hips_bind/spine_0_bind/spine_1_bind/spine_2_bind/spine_3_bind/spine_4_bind/spine_5_bind/chest_bind/neck_base_bind/neck_0_bind/neck_1_bind/neck_2_bind/neck_3_bind/skull_bind/face_lower_bind/face_mid_bind/nose_bridge_bind","cat":"step","ph":"X","ts":227277,"dur":1,"pid":1,"tid":22},
{"name":"ComposeSubtree /Biped/Rig/Joints/hips_bind/spine_0_bind/spine_1_bind/spine_2_bind/spine_3_bind/spine_4_bind/spine_5_bind/chest_bind/neck_base_bind/neck_0_bind/neck_1_bind/neck_2_bind/neck_3_bind/skull_bind/face_lower_bind/jaw_bind/jaw_end","cat":"step","ph":"X","ts":227303,"dur":1,"pid":1,"tid":29},
{"name":"ComposeSubtree /Biped/Rig/Joints/hips_bind/spine_0_bind/spine_1_bind/spine_2_bind/spine_3_bind/spine_4_bind/spine_5_bind/chest_bind/neck_base_bind/neck_0_bind/neck_1_bind/neck_2_bind/neck_3_bind/skull_bind/face_lower_bind/jaw_bind/tongue_0_bind/tongue_1_bind/tongue_2_bind/tongue_3_bind","cat":"step","ph":"X","ts":227360,"dur":1,"pid":1,"tid":22},
{"name":"ComposeSubtree /Biped/Rig/Joints/hips_bind/spine_0_bind/spine_1_bind/spine_2_bind/spine_3_bind/spine_4_bind/spine_5_bind/chest_bind/neck_base_bind/neck_0_bind/neck_1_bind/neck_2_bind/neck_3_bind/skull_bind/face_upper_bind","cat":"step","ph":"X","ts":227225,"dur":1,"pid":1,"tid":3},
{"name":"ComposeSubtree /Biped/Rig/Joints/hips_bind/spine_0_bind/spine_1_bind/spine_2_bind/spine_3_bind/spine_4_bind/spine_5_bind/chest_bind/neck_base_bind/neck_0_bind/neck_1_bind/neck_2_bind/neck_3_bind/skull_bind/face_upper_bind/eyeSocket_l_bind","cat":"step","ph":"X","ts":227278,"dur":1,"pid":1,"tid":22},
{"name":"ComposeSubtree /Biped/Rig/Joints/hips_bind/spine_0_bind/spine_1_bind/spine_2_bind/spine_3_bind/spine_4_bind/spine_5_bind/chest_bind/neck_base_bind/neck_0_bind/neck_1_bind/neck_2_bind/neck_3_bind/skull_bind/face_upper_bind/eyeSocket_r_bind","cat":"step","ph":"X","ts":227279,"dur":1,"pid":1,"tid":22},
{"name":"ComposeSubtree /Biped/Rig/Joints/hips_bind/spine_0_bind/spine_1_bind/spine_2_bind/spine_3_bind/spine_4_bind/spine_5_bind/chest_bind/neck_base_bind/neck_0_bind/neck_1_bind/neck_2_bind/neck_3_bind/skull_bind/face_upper_bind/head_tip_bind/brow_inner_r_bind","cat":"step","ph":"X","ts":227304,"dur":1,"pid":1,"tid":29},
{"name":"ComposeSubtree /Biped/Rig/Joints/hips_bind/spine_0_bind/spine_1_bind/spine_2_bind/spine_3_bind/spine_4_bind/spine_5_bind/chest_bind/neck_base_bind/neck_0_bind/neck_1_bind/neck_2_bind/neck_3_bind/skull_bind/face_upper_bind/head_tip_bind/brow_main_r_bind","cat":"step","ph":"X","ts":227305,"dur":1,"pid":1,"tid":29},
{"name":"ComposeSubtree /Biped/Rig/Joints/neck_ik_neck_0_bind/neck_ik_neck_1_bind/neck_ik_neck_2_bind/neck_ik_neck_3_bind","cat":"step","ph":"X","ts":227361,"dur":1,"pid":1,"tid":22},
{"name":"ComposeSubtree /Biped/Rig/Joints/pupilCenter_l_pivot","cat":"step","ph":"X","ts":226969,"dur":1,"pid":1,"tid":0},
{"name":"ComposeSubtree /Biped/Rig/Joints/spine_ik_spine_0_bind/spine_ik_spine_1_bind/spine_ik_spine_2_bind","cat":"step","ph":"X","ts":226977,"dur":1,"pid":1,"tid":0},
{"name":"ComposeSubtree /Biped/Rig/Joints/spine_ik_spine_0_bind/spine_ik_spine_1_bind/spine_ik_spine_2_bind/spine_ik_spine_3_bind/spine_ik_spine_4_bind/spine_ik_spine_5_bind","cat":"step","ph":"X","ts":227018,"dur":1,"pid":1,"tid":0},
{"name":"Solve /Biped/Rig/Solvers/arm_l_fkChain","cat":"step","ph":"X","ts":227102,"dur":13,"pid":1,"tid":18},
{"name":"Solve /Biped/Rig/Solvers/arm_l_twoBoneIk","cat":"step","ph":"X","ts":227084,"dur":7,"pid":1,"tid":18},
{"name":"Solve /Biped/Rig/Solvers/arm_r_fkChain","cat":"step","ph":"X","ts":227130,"dur":1,"pid":1,"tid":18},
{"name":"SolverCommit batch 2","cat":"step","ph":"X","ts":227174,"dur":1,"pid":1,"tid":15},
{"name":"Solve /Biped/Rig/Solvers/arm_r_twoBoneIk","cat":"step","ph":"X","ts":227026,"dur":1,"pid":1,"tid":0},
{"name":"Solve /Biped/Rig/Solvers/leg_l_fkChain","cat":"step","ph":"X","ts":227027,"dur":3,"pid":1,"tid":0},
{"name":"Solve /Biped/Rig/Solvers/leg_r_fkChain","cat":"step","ph":"X","ts":227116,"dur":1,"pid":1,"tid":18},
{"name":"Solve /Biped/Rig/Solvers/neck_splineIk","cat":"step","ph":"X","ts":227117,"dur":12,"pid":1,"tid":18},
{"name":"SolverCommit batch 6","cat":"step","ph":"X","ts":227376,"dur":1,"pid":1,"tid":22},
{"name":"Constraint /Biped/Rig/Movers/spine_mid_follow/spine_mid_follow_pos","cat":"step","ph":"X","ts":227019,"dur":5,"pid":1,"tid":0},
{"name":"Solve /Biped/Rig/Solvers/arm_l_ikfk","cat":"step","ph":"X","ts":227131,"dur":1,"pid":1,"tid":18},
{"name":"SolverCommit batch 8","cat":"step","ph":"X","ts":227175,"dur":3,"pid":1,"tid":15},
{"name":"Solve /Biped/Rig/Solvers/arm_r_ikfk","cat":"step","ph":"X","ts":227178,"dur":1,"pid":1,"tid":15},
{"name":"SolverCommit batch 9","cat":"step","ph":"X","ts":227226,"dur":25,"pid":1,"tid":3},
{"name":"Constraint /Biped/Rig/Movers/spine_mid_follow/spine_mid_follow_aim","cat":"step","ph":"X","ts":227030,"dur":4,"pid":1,"tid":0},
{"name":"Solve /Biped/Rig/Solvers/spine_splineIk","cat":"step","ph":"X","ts":227035,"dur":11,"pid":1,"tid":0},
{"name":"SolverCommit batch 11","cat":"step","ph":"X","ts":227132,"dur":2,"pid":1,"tid":18},
{"name":"Constraint /Biped/Rig/Movers/hand_r_follow/thumbCup_r_bind_fk_follow_to_wrist_r_bind","cat":"step","ph":"X","ts":227280,"dur":10,"pid":1,"tid":22},
{"name":"Solve /Biped/Rig/Solvers/fk_thumb_r","cat":"step","ph":"X","ts":227306,"dur":5,"pid":1,"tid":29},
{"name":"SolverCommit batch 13","cat":"step","ph":"X","ts":227323,"dur":3,"pid":1,"tid":6},
{"name":"Constraint /Biped/Rig/Movers/hand_r_follow/ring_001_r_bind_fk_follow_to_wrist_r_bind","cat":"step","ph":"X","ts":227290,"dur":6,"pid":1,"tid":22},
{"name":"Solve /Biped/Rig/Solvers/fk_ring_r","cat":"step","ph":"X","ts":227311,"dur":2,"pid":1,"tid":29},
{"name":"SolverCommit batch 15","cat":"step","ph":"X","ts":227326,"dur":1,"pid":1,"tid":6},
{"name":"Constraint /Biped/Rig/Movers/hand_r_follow/pinkyCup_r_bind_fk_follow_to_wrist_r_bind","cat":"step","ph":"X","ts":227269,"dur":13,"pid":1,"tid":16},
{"name":"Solve /Biped/Rig/Solvers/fk_pinky_r","cat":"step","ph":"X","ts":227293,"dur":4,"pid":1,"tid":16},
{"name":"SolverCommit batch 17","cat":"step","ph":"X","ts":227362,"dur":1,"pid":1,"tid":22},
{"name":"Constraint /Biped/Rig/Movers/hand_r_follow/middle_001_r_bind_fk_follow_to_wrist_r_bind","cat":"step","ph":"X","ts":227282,"dur":5,"pid":1,"tid":16},
{"name":"Solve /Biped/Rig/Solvers/fk_middle_r","cat":"step","ph":"X","ts":227297,"dur":2,"pid":1,"tid":16},
{"name":"SolverCommit batch 19","cat":"step","ph":"X","ts":227327,"dur":2,"pid":1,"tid":6},
{"name":"Constraint /Biped/Rig/Movers/hand_r_follow/index_001_r_bind_fk_follow_to_wrist_r_bind","cat":"step","ph":"X","ts":227287,"dur":6,"pid":1,"tid":16},
{"name":"Solve /Biped/Rig/Solvers/fk_index_r","cat":"step","ph":"X","ts":227299,"dur":1,"pid":1,"tid":16},
{"name":"SolverCommit batch 21","cat":"step","ph":"X","ts":227329,"dur":1,"pid":1,"tid":6},
{"name":"Constraint /Biped/Rig/Movers/hand_l_follow/thumbCup_l_bind_fk_follow_to_wrist_l_bind","cat":"step","ph":"X","ts":227251,"dur":10,"pid":1,"tid":3},
{"name":"Solve /Biped/Rig/Solvers/fk_thumb_l","cat":"step","ph":"X","ts":227269,"dur":4,"pid":1,"tid":26},
{"name":"SolverCommit batch 23","cat":"step","ph":"X","ts":227299,"dur":2,"pid":1,"tid":10},
{"name":"Constraint /Biped/Rig/Movers/hand_l_follow/ring_001_l_bind_fk_follow_to_wrist_l_bind","cat":"step","ph":"X","ts":227261,"dur":4,"pid":1,"tid":3},
{"name":"Solve /Biped/Rig/Solvers/fk_ring_l","cat":"step","ph":"X","ts":227273,"dur":1,"pid":1,"tid":26},
{"name":"SolverCommit batch 25","cat":"step","ph":"X","ts":227301,"dur":1,"pid":1,"tid":10},
{"name":"Constraint /Biped/Rig/Movers/hand_l_follow/pinkyCup_l_bind_fk_follow_to_wrist_l_bind","cat":"step","ph":"X","ts":227204,"dur":9,"pid":1,"tid":8},
{"name":"Solve /Biped/Rig/Solvers/fk_pinky_l","cat":"step","ph":"X","ts":227274,"dur":2,"pid":1,"tid":26},
{"name":"SolverCommit batch 27","cat":"step","ph":"X","ts":227330,"dur":2,"pid":1,"tid":6},
{"name":"Constraint /Biped/Rig/Movers/hand_l_follow/middle_001_l_bind_fk_follow_to_wrist_l_bind","cat":"step","ph":"X","ts":227213,"dur":6,"pid":1,"tid":8},
{"name":"Solve /Biped/Rig/Solvers/fk_middle_l","cat":"step","ph":"X","ts":227225,"dur":3,"pid":1,"tid":8},
{"name":"SolverCommit batch 29","cat":"step","ph":"X","ts":227302,"dur":1,"pid":1,"tid":10},
{"name":"Constraint /Biped/Rig/Movers/hand_l_follow/index_001_l_bind_fk_follow_to_wrist_l_bind","cat":"step","ph":"X","ts":227219,"dur":6,"pid":1,"tid":8},
{"name":"Solve /Biped/Rig/Solvers/fk_index_l","cat":"step","ph":"X","ts":227228,"dur":2,"pid":1,"tid":8},
{"name":"SolverCommit batch 31","cat":"step","ph":"X","ts":227303,"dur":2,"pid":1,"tid":10},
{"name":"Constraint /Biped/Rig/Movers/bankIn_r_pivot_rc/bankIn_r_pivot_rotation","cat":"step","ph":"X","ts":227205,"dur":6,"pid":1,"tid":20},
{"name":"Constraint /Biped/Rig/Movers/bankOut_r_pivot_rc/bankOut_r_pivot_rotation","cat":"step","ph":"X","ts":227230,"dur":4,"pid":1,"tid":8},
{"name":"Constraint /Biped/Rig/Movers/heel_r_roll_rc/heel_r_roll_rotation","cat":"step","ph":"X","ts":227305,"dur":3,"pid":1,"tid":10},
{"name":"Constraint /Biped/Rig/Movers/toe_r_roll_rc/toe_r_roll_rotation","cat":"step","ph":"X","ts":227332,"dur":6,"pid":1,"tid":6},
{"name":"Constraint /Biped/Rig/Movers/ballRoll_r_up_rc/ballRoll_r_up_rotation","cat":"step","ph":"X","ts":227364,"dur":3,"pid":1,"tid":22},
{"name":"Constraint /Biped/Rig/Movers/ballRoll_r_down_rc/ballRoll_r_down_rotation","cat":"step","ph":"X","ts":227377,"dur":1,"pid":1,"tid":22},
{"name":"Solve /Biped/Rig/Solvers/leg_r_ikfk","cat":"step","ph":"X","ts":227393,"dur":1,"pid":1,"tid":22},
{"name":"SolverCommit batch 39","cat":"step","ph":"X","ts":227400,"dur":5,"pid":1,"tid":22},
{"name":"Constraint /Biped/Rig/Movers/ankle_r_bind_scAim/ankle_r_bind_aim","cat":"step","ph":"X","ts":227417,"dur":11,"pid":1,"tid":20},
{"name":"Constraint /Biped/Rig/Movers/ball_r_bind_scAim/ball_r_bind_aim","cat":"step","ph":"X","ts":227449,"dur":5,"pid":1,"tid":22},
{"name":"Constraint /Biped/Rig/Movers/bankIn_l_pivot_rc/bankIn_l_pivot_rotation","cat":"step","ph":"X","ts":227142,"dur":5,"pid":1,"tid":2},
{"name":"Constraint /Biped/Rig/Movers/bankOut_l_pivot_rc/bankOut_l_pivot_rotation","cat":"step","ph":"X","ts":227211,"dur":2,"pid":1,"tid":20},
{"name":"Constraint /Biped/Rig/Movers/heel_l_roll_rc/heel_l_roll_rotation","cat":"step","ph":"X","ts":227271,"dur":1,"pid":1,"tid":20},
{"name":"Constraint /Biped/Rig/Movers/toe_l_roll_rc/toe_l_roll_rotation","cat":"step","ph":"X","ts":227308,"dur":2,"pid":1,"tid":10},
{"name":"Constraint /Biped/Rig/Movers/ballRoll_l_up_rc/ballRoll_l_up_rotation","cat":"step","ph":"X","ts":227338,"dur":2,"pid":1,"tid":6},
{"name":"Constraint /Biped/Rig/Movers/ballRoll_l_down_rc/ballRoll_l_down_rotation","cat":"step","ph":"X","ts":227367,"dur":1,"pid":1,"tid":22},
{"name":"Solve /Biped/Rig/Solvers/leg_l_twoBoneIk","cat":"step","ph":"X","ts":227378,"dur":1,"pid":1,"tid":22},
{"name":"Solve /Biped/Rig/Solvers/leg_l_ikfk","cat":"step","ph":"X","ts":227388,"dur":1,"pid":1,"tid":22},
{"name":"SolverCommit batch 49","cat":"step","ph":"X","ts":227394,"dur":4,"pid":1,"tid":22},
{"name":"Constraint /Biped/Rig/Movers/ankle_l_bind_scAim/ankle_l_bind_aim","cat":"step","ph":"X","ts":227405,"dur":6,"pid":1,"tid":22},
{"name":"Constraint /Biped/Rig/Movers/ball_l_bind_scAim/ball_l_bind_aim","cat":"step","ph":"X","ts":227428,"dur":7,"pid":1,"tid":20},
{"name":"Constraint /Biped/Rig/Movers/hips_follow/spine_root_ctl_drives_hips_bind","cat":"step","ph":"X","ts":226992,"dur":8,"pid":1,"tid":0},
{"name":"PropagateChunk /Biped/Rig/Movers/hips_follow/spine_root_ctl_drives_hips_bind","cat":"step","ph":"X","ts":227379,"dur":4,"pid":1,"tid":22},
{"name":"PropagateChunk /Biped/Rig/Movers/hips_follow/spine_root_ctl_drives_hips_bind","cat":"step","ph":"X","ts":227340,"dur":1,"pid":1,"tid":6},
{"name":"CommitApply /Biped/Rig/Movers/hips_follow/spine_root_ctl_drives_hips_bind","cat":"step","ph":"X","ts":227389,"dur":2,"pid":1,"tid":22},
{"name":"Constraint /Biped/Rig/Movers/hips_follow/spine_root_ctl_scales_hips_bind","cat":"step","ph":"X","ts":227398,"dur":2,"pid":1,"tid":22},
{"name":"PropagateChunk /Biped/Rig/Movers/hips_follow/spine_root_ctl_scales_hips_bind","cat":"step","ph":"X","ts":227435,"dur":6,"pid":1,"tid":20},
{"name":"CommitApply /Biped/Rig/Movers/hips_follow/spine_root_ctl_scales_hips_bind","cat":"step","ph":"X","ts":227454,"dur":1,"pid":1,"tid":22},
{"name":"Constraint /Biped/Rig/Movers/spine_to_bind/spine_ik_spine_0_bind_scale_to_spine_0_bind","cat":"step","ph":"X","ts":227468,"dur":13,"pid":1,"tid":1},
{"name":"Constraint /Biped/Rig/Movers/spine_to_bind/spine_ik_spine_0_bind_to_spine_0_bind","cat":"step","ph":"X","ts":227492,"dur":7,"pid":1,"tid":22},
{"name":"Constraint /Biped/Rig/Movers/spine_to_bind/spine_ik_spine_1_bind_scale_to_spine_1_bind","cat":"step","ph":"X","ts":227513,"dur":9,"pid":1,"tid":31},
{"name":"Constraint /Biped/Rig/Movers/spine_to_bind/spine_ik_spine_1_bind_to_spine_1_bind","cat":"step","ph":"X","ts":227530,"dur":9,"pid":1,"tid":18},
{"name":"Constraint /Biped/Rig/Movers/spine_to_bind/spine_ik_spine_2_bind_scale_to_spine_2_bind","cat":"step","ph":"X","ts":227544,"dur":9,"pid":1,"tid":20},
{"name":"Constraint /Biped/Rig/Movers/spine_to_bind/spine_ik_spine_2_bind_to_spine_2_bind","cat":"step","ph":"X","ts":227558,"dur":7,"pid":1,"tid":20},
{"name":"Constraint /Biped/Rig/Movers/spine_to_bind/spine_ik_spine_3_bind_scale_to_spine_3_bind","cat":"step","ph":"X","ts":227566,"dur":5,"pid":1,"tid":20},
{"name":"Constraint /Biped/Rig/Movers/spine_to_bind/spine_ik_spine_3_bind_to_spine_3_bind","cat":"step","ph":"X","ts":227571,"dur":7,"pid":1,"tid":20},
{"name":"Constraint /Biped/Rig/Movers/spine_to_bind/spine_ik_spine_4_bind_scale_to_spine_4_bind","cat":"step","ph":"X","ts":227578,"dur":5,"pid":1,"tid":20},
{"name":"Constraint /Biped/Rig/Movers/spine_to_bind/spine_ik_spine_4_bind_to_spine_4_bind","cat":"step","ph":"X","ts":227584,"dur":6,"pid":1,"tid":20},
{"name":"Constraint /Biped/Rig/Movers/spine_to_bind/spine_ik_spine_5_bind_scale_to_spine_5_bind","cat":"step","ph":"X","ts":227590,"dur":5,"pid":1,"tid":20},
{"name":"Constraint /Biped/Rig/Movers/spine_to_bind/spine_ik_spine_5_bind_to_spine_5_bind","cat":"step","ph":"X","ts":227596,"dur":5,"pid":1,"tid":20},
{"name":"Constraint /Biped/Rig/Movers/spine_to_bind/spine_ik_chest_bind_scale_to_chest_bind","cat":"step","ph":"X","ts":227602,"dur":5,"pid":1,"tid":20},
{"name":"Constraint /Biped/Rig/Movers/spine_to_bind/spine_ik_chest_bind_to_chest_bind","cat":"step","ph":"X","ts":227607,"dur":7,"pid":1,"tid":20},
{"name":"Constraint /Biped/Rig/Movers/girdles/spine_end_ctl_drives_chest_bind","cat":"step","ph":"X","ts":227615,"dur":6,"pid":1,"tid":20},
{"name":"Constraint /Biped/Rig/Movers/girdles/pelvis_r_ctl_drives_pelvis_r_bind","cat":"step","ph":"X","ts":227481,"dur":4,"pid":1,"tid":1},
{"name":"Constraint /Biped/Rig/Movers/girdles/pelvis_l_ctl_drives_pelvis_l_bind","cat":"step","ph":"X","ts":227485,"dur":2,"pid":1,"tid":1},
{"name":"Constraint /Biped/Rig/Movers/girdles/clavicle_r_ctl_drives_clavicle_r_bind","cat":"step","ph":"X","ts":227621,"dur":1,"pid":1,"tid":20},
{"name":"Constraint /Biped/Rig/Movers/girdles/clavicle_l_ctl_drives_clavicle_l_bind","cat":"step","ph":"X","ts":227622,"dur":1,"pid":1,"tid":20},
{"name":"Constraint /Biped/Rig/Movers/girdles/spine_end_ctl_unsquashes_neck_base_bind","cat":"step","ph":"X","ts":227623,"dur":4,"pid":1,"tid":20},
{"name":"Constraint /Biped/Rig/Movers/girdles/clavicle_r_ctl_unsquashes_clavicle_r_bind","cat":"step","ph":"X","ts":227627,"dur":2,"pid":1,"tid":20},
{"name":"Constraint /Biped/Rig/Movers/girdles/clavicle_l_ctl_unsquashes_clavicle_l_bind","cat":"step","ph":"X","ts":227629,"dur":2,"pid":1,"tid":20},
{"name":"Constraint /Biped/Rig/Movers/neck_to_bind/neck_ik_neck_0_bind_scale_to_neck_0_bind","cat":"step","ph":"X","ts":227631,"dur":3,"pid":1,"tid":20},
{"name":"Constraint /Biped/Rig/Movers/neck_to_bind/neck_ik_neck_0_bind_to_neck_0_bind","cat":"step","ph":"X","ts":227642,"dur":5,"pid":1,"tid":20},
{"name":"Constraint /Biped/Rig/Movers/neck_to_bind/neck_ik_neck_1_bind_scale_to_neck_1_bind","cat":"step","ph":"X","ts":227651,"dur":5,"pid":1,"tid":28},
{"name":"Constraint /Biped/Rig/Movers/neck_to_bind/neck_ik_neck_1_bind_to_neck_1_bind","cat":"step","ph":"X","ts":227663,"dur":5,"pid":1,"tid":28},
{"name":"Constraint /Biped/Rig/Movers/neck_to_bind/neck_ik_neck_2_bind_scale_to_neck_2_bind","cat":"step","ph":"X","ts":227678,"dur":9,"pid":1,"tid":2},
{"name":"Constraint /Biped/Rig/Movers/neck_to_bind/neck_ik_neck_2_bind_to_neck_2_bind","cat":"step","ph":"X","ts":227693,"dur":7,"pid":1,"tid":2},
{"name":"Constraint /Biped/Rig/Movers/neck_to_bind/neck_ik_neck_3_bind_scale_to_neck_3_bind","cat":"step","ph":"X","ts":227706,"dur":6,"pid":1,"tid":2},
{"name":"Constraint /Biped/Rig/Movers/neck_to_bind/neck_ik_neck_3_bind_to_neck_3_bind","cat":"step","ph":"X","ts":228647,"dur":9,"pid":1,"tid":2},
{"name":"Constraint /Biped/Rig/Movers/neck_to_bind/neck_ik_skull_bind_scale_to_skull_bind","cat":"step","ph":"X","ts":229200,"dur":7,"pid":1,"tid":2},
{"name":"Constraint /Biped/Rig/Movers/neck_to_bind/neck_ik_skull_bind_to_skull_bind","cat":"step","ph":"X","ts":229243,"dur":7,"pid":1,"tid":2},
{"name":"Constraint /Biped/Rig/Movers/twist_aims/wristTwist_r_bind_copy","cat":"step","ph":"X","ts":227272,"dur":8,"pid":1,"tid":20},
{"name":"Constraint /Biped/Rig/Movers/twist_aims/wristTwist_r_bind_aim","cat":"step","ph":"X","ts":227310,"dur":6,"pid":1,"tid":10},
{"name":"Constraint /Biped/Rig/Movers/twist_aims/wristTwist_l_bind_copy","cat":"step","ph":"X","ts":227200,"dur":10,"pid":1,"tid":15},
{"name":"Constraint /Biped/Rig/Movers/twist_aims/wristTwist_l_bind_aim","cat":"step","ph":"X","ts":227280,"dur":6,"pid":1,"tid":20},
{"name":"Constraint /Biped/Rig/Movers/twist_aims/ankleTwist_r_bind_copy","cat":"step","ph":"X","ts":227455,"dur":4,"pid":1,"tid":22},
{"name":"Constraint /Biped/Rig/Movers/twist_aims/ankleTwist_r_bind_aim","cat":"step","ph":"X","ts":227474,"dur":5,"pid":1,"tid":2},
{"name":"Constraint /Biped/Rig/Movers/twist_aims/ankleTwist_l_bind_copy","cat":"step","ph":"X","ts":227442,"dur":4,"pid":1,"tid":20},
{"name":"Constraint /Biped/Rig/Movers/twist_aims/ankleTwist_l_bind_aim","cat":"step","ph":"X","ts":227459,"dur":3,"pid":1,"tid":22},
{"name":"Constraint /Biped/Rig/Movers/twist_aims/ankleTwist_r_bind_follows_ankle_r_bind","cat":"step","ph":"X","ts":227499,"dur":2,"pid":1,"tid":22},
{"name":"Constraint /Biped/Rig/Movers/twist_aims/ankleTwist_l_bind_follows_ankle_l_bind","cat":"step","ph":"X","ts":227479,"dur":2,"pid":1,"tid":2},
{"name":"Constraint /Biped/Rig/Movers/twist_aims/wristTwist_r_bind_follows_wrist_r_bind","cat":"step","ph":"X","ts":227341,"dur":4,"pid":1,"tid":6},
{"name":"Constraint /Biped/Rig/Movers/twist_aims/wristTwist_l_bind_follows_wrist_l_bind","cat":"step","ph":"X","ts":227297,"dur":3,"pid":1,"tid":22},
{"name":"Constraint /Biped/Rig/Movers/twist_aims/thighNoTwist_r_bind_follows_thigh_r_bind","cat":"step","ph":"X","ts":227501,"dur":1,"pid":1,"tid":22},
{"name":"Constraint /Biped/Rig/Movers/twist_aims/thighNoTwist_l_bind_follows_thigh_l_bind","cat":"step","ph":"X","ts":227501,"dur":5,"pid":1,"tid":21},
{"name":"Constraint /Biped/Rig/Movers/twist_aims/shoulderNoTwist_r_bind_follows_shoulder_r_bind","cat":"step","ph":"X","ts":227647,"dur":1,"pid":1,"tid":20},
{"name":"Constraint /Biped/Rig/Movers/twist_aims/pelvis_trans_r_bind_follows_thigh_r_bind","cat":"step","ph":"X","ts":227506,"dur":2,"pid":1,"tid":21},
{"name":"Constraint /Biped/Rig/Movers/twist_aims/pelvis_trans_l_bind_follows_thigh_l_bind","cat":"step","ph":"X","ts":227508,"dur":2,"pid":1,"tid":21},
{"name":"Constraint /Biped/Rig/Movers/twist_aims/clavicle_trans_r_bind_follows_shoulder_r_bind","cat":"step","ph":"X","ts":227638,"dur":2,"pid":1,"tid":20},
{"name":"Constraint /Biped/Rig/Movers/twist_aims/clavicle_trans_l_bind_follows_shoulder_l_bind","cat":"step","ph":"X","ts":227640,"dur":1,"pid":1,"tid":20},
{"name":"Constraint /Biped/Rig/Movers/twist_aims/pelvis_trans_r_bind_aim","cat":"step","ph":"X","ts":227522,"dur":4,"pid":1,"tid":31},
{"name":"Constraint /Biped/Rig/Movers/twist_aims/pelvis_trans_l_bind_aim","cat":"step","ph":"X","ts":227526,"dur":3,"pid":1,"tid":31},
{"name":"Constraint /Biped/Rig/Movers/twist_aims/kneeTwist_r_bind_aim","cat":"step","ph":"X","ts":227415,"dur":3,"pid":1,"tid":22},
{"name":"Constraint /Biped/Rig/Movers/twist_aims/kneeTwist_l_bind_aim","cat":"step","ph":"X","ts":227411,"dur":3,"pid":1,"tid":22},
{"name":"Constraint /Biped/Rig/Movers/twist_aims/thighNoTwist_r_bind_aim","cat":"step","ph":"X","ts":227511,"dur":6,"pid":1,"tid":21},
{"name":"Constraint /Biped/Rig/Movers/twist_aims/thighNoTwist_l_bind_aim","cat":"step","ph":"X","ts":227517,"dur":5,"pid":1,"tid":21},
{"name":"Constraint /Biped/Rig/Movers/twist_aims/clavicle_trans_r_bind_aim","cat":"step","ph":"X","ts":227656,"dur":4,"pid":1,"tid":28},
{"name":"Constraint /Biped/Rig/Movers/twist_aims/clavicle_trans_l_bind_aim","cat":"step","ph":"X","ts":227660,"dur":3,"pid":1,"tid":28},
{"name":"Constraint /Biped/Rig/Movers/twist_aims/elbowTwist_r_bind_aim","cat":"step","ph":"X","ts":227286,"dur":4,"pid":1,"tid":20},
{"name":"Constraint /Biped/Rig/Movers/twist_aims/elbowTwist_l_bind_aim","cat":"step","ph":"X","ts":227210,"dur":5,"pid":1,"tid":15},
{"name":"Constraint /Biped/Rig/Movers/twist_aims/shoulderNoTwist_r_bind_aim","cat":"step","ph":"X","ts":227649,"dur":3,"pid":1,"tid":20},
{"name":"Constraint /Biped/Rig/Movers/twist_aims/shoulderNoTwist_l_bind_aim","cat":"step","ph":"X","ts":227652,"dur":2,"pid":1,"tid":20},
{"name":"Constraint /Biped/Rig/Movers/pose_drivers/thigh_r_driver_copies_thigh_r_bind","cat":"step","ph":"X","ts":227539,"dur":4,"pid":1,"tid":18},
{"name":"Constraint /Biped/Rig/Movers/pose_drivers/thigh_l_driver_copies_thigh_l_bind","cat":"step","ph":"X","ts":227529,"dur":5,"pid":1,"tid":31},
{"name":"Constraint /Biped/Rig/Movers/pose_drivers/thigh_r_twist_driver_copies_thighNoTwist_r_bind","cat":"step","ph":"X","ts":227553,"dur":4,"pid":1,"tid":20},
{"name":"Constraint /Biped/Rig/Movers/pose_drivers/thigh_l_twist_driver_copies_thighNoTwist_l_bind","cat":"step","ph":"X","ts":227544,"dur":3,"pid":1,"tid":18},
{"name":"Constraint /Biped/Rig/Movers/pose_drivers/ankleTwist_r_driver_copies_ankleTwist_r_bind","cat":"step","ph":"X","ts":227515,"dur":5,"pid":1,"tid":1},
{"name":"Constraint /Biped/Rig/Movers/pose_drivers/ankleTwist_l_driver_copies_ankleTwist_l_bind","cat":"step","ph":"X","ts":227497,"dur":6,"pid":1,"tid":1},
{"name":"Constraint /Biped/Rig/Movers/pose_drivers/toe_r_driver_copies_ball_r_bind","cat":"step","ph":"X","ts":227472,"dur":3,"pid":1,"tid":22},
{"name":"Constraint /Biped/Rig/Movers/pose_drivers/toe_l_driver_copies_ball_l_bind","cat":"step","ph":"X","ts":227462,"dur":3,"pid":1,"tid":22},
{"name":"Constraint /Biped/Rig/Movers/pose_drivers/knee_r_driver_copies_knee_r_bind","cat":"step","ph":"X","ts":227447,"dur":5,"pid":1,"tid":20},
{"name":"Constraint /Biped/Rig/Movers/pose_drivers/knee_l_driver_copies_knee_l_bind","cat":"step","ph":"X","ts":227418,"dur":3,"pid":1,"tid":22},
{"name":"Constraint /Biped/Rig/Movers/pose_drivers/ankleSwing_r_driver_copies_ankle_r_bind","cat":"step","ph":"X","ts":227520,"dur":4,"pid":1,"tid":1},
{"name":"Constraint /Biped/Rig/Movers/pose_drivers/ankleSwing_l_driver_copies_ankle_l_bind","cat":"step","ph":"X","ts":227503,"dur":5,"pid":1,"tid":1},
{"name":"Constraint /Biped/Rig/Movers/pose_drivers/shoulder_r_driver_copies_shoulder_r_bind","cat":"step","ph":"X","ts":227668,"dur":4,"pid":1,"tid":28},
{"name":"Constraint /Biped/Rig/Movers/pose_drivers/shoulder_l_driver_copies_shoulder_l_bind","cat":"step","ph":"X","ts":227672,"dur":3,"pid":1,"tid":28},
{"name":"Constraint /Biped/Rig/Movers/pose_drivers/wristTwist_r_driver_copies_wristTwist_r_bind","cat":"step","ph":"X","ts":227368,"dur":8,"pid":1,"tid":22},
{"name":"Constraint /Biped/Rig/Movers/pose_drivers/wristTwist_l_driver_copies_wristTwist_l_bind","cat":"step","ph":"X","ts":227317,"dur":7,"pid":1,"tid":10},
{"name":"Constraint /Biped/Rig/Movers/pose_drivers/shoulder_r_twist_driver_copies_shoulderNoTwist_r_bind","cat":"step","ph":"X","ts":227687,"dur":6,"pid":1,"tid":2},
{"name":"Constraint /Biped/Rig/Movers/pose_drivers/shoulder_l_twist_driver_copies_shoulderNoTwist_l_bind","cat":"step","ph":"X","ts":227677,"dur":3,"pid":1,"tid":28},
{"name":"Constraint /Biped/Rig/Movers/pose_drivers/wristSwing_r_driver_copies_wrist_r_bind","cat":"step","ph":"X","ts":227353,"dur":7,"pid":1,"tid":6},
{"name":"Constraint /Biped/Rig/Movers/pose_drivers/wristSwing_l_driver_copies_wrist_l_bind","cat":"step","ph":"X","ts":227324,"dur":4,"pid":1,"tid":10},
{"name":"Constraint /Biped/Rig/Movers/pose_drivers/elbow_r_driver_copies_elbow_r_bind","cat":"step","ph":"X","ts":227300,"dur":5,"pid":1,"tid":22},
{"name":"Constraint /Biped/Rig/Movers/pose_drivers/elbow_l_driver_copies_elbow_l_bind","cat":"step","ph":"X","ts":227267,"dur":4,"pid":1,"tid":3},
{"name":"Constraint /Biped/Rig/Movers/param_follow/leg_r_params_to_ankle_r_bind","cat":"step","ph":"X","ts":227453,"dur":4,"pid":1,"tid":20},
{"name":"Constraint /Biped/Rig/Movers/param_follow/leg_l_params_to_ankle_l_bind","cat":"step","ph":"X","ts":227422,"dur":3,"pid":1,"tid":22},
{"name":"Constraint /Biped/Rig/Movers/param_follow/arm_r_params_to_wrist_r_bind","cat":"step","ph":"X","ts":227271,"dur":4,"pid":1,"tid":3},
{"name":"Constraint /Biped/Rig/Movers/param_follow/arm_l_params_to_wrist_l_bind","cat":"step","ph":"X","ts":227215,"dur":6,"pid":1,"tid":15},
{"name":"ProviderMatrix /Biped/Rig/Controls/leg_l_ik/ankle_l_pivot/bankIn_l_pivot/bankOut_l_pivot/heel_l_roll final","cat":"step","ph":"X","ts":227305,"dur":1,"pid":1,"tid":22},
{"name":"ProviderMatrix /Biped/Rig/Controls/leg_l_ik/ankle_l_pivot/bankIn_l_pivot/bankOut_l_pivot/heel_l_roll/heel_l/ball_l_pivot/toe_l_roll/toe_l/ballRoll_l_up final","cat":"step","ph":"X","ts":227360,"dur":1,"pid":1,"tid":6},
{"name":"ProviderMatrix /Biped/Rig/Controls/leg_r_ik/ankle_r_pivot/bankIn_r_pivot/bankOut_r_pivot/heel_r_roll/heel_r/ball_r_pivot/toe_r_roll/toe_r/ballRoll_r_up final","cat":"step","ph":"X","ts":227383,"dur":1,"pid":1,"tid":22},
{"name":"ProviderMatrix /Biped/Rig/Controls/leg_r_ik/ankle_r_pivot/bankIn_r_pivot/bankOut_r_pivot/heel_r_roll/heel_r/ball_r_pivot/toe_r_roll/toe_r/ballRoll_r_up/ballRoll_r_down final","cat":"step","ph":"X","ts":227391,"dur":1,"pid":1,"tid":22},
{"name":"ProviderMatrix /Biped/Rig/Joints/ankle_l_pivot final","cat":"step","ph":"X","ts":226978,"dur":1,"pid":1,"tid":0},
{"name":"ProviderMatrix /Biped/Rig/Joints/ankle_l_pivot/bankIn_l_pivot/bankOut_l_pivot final","cat":"step","ph":"X","ts":227000,"dur":1,"pid":1,"tid":0},
{"name":"ProviderMatrix /Biped/Rig/Joints/ankle_l_pivot/bankIn_l_pivot/bankOut_l_pivot/heel_l_pivot/ball_l_pivot final","cat":"step","ph":"X","ts":227024,"dur":1,"pid":1,"tid":0},
{"name":"ProviderMatrix /Biped/Rig/Joints/hips_bind/pelvis_l_bind/pelvis_trans_l_bind final","cat":"step","ph":"X","ts":227534,"dur":1,"pid":1,"tid":31},
{"name":"ProviderMatrix /Biped/Rig/Joints/hips_bind/pelvis_l_bind/thigh_l_bind final","cat":"step","ph":"X","ts":227414,"dur":1,"pid":1,"tid":22},
{"name":"ProviderMatrix /Biped/Rig/Joints/hips_bind/pelvis_l_bind/thigh_l_bind/knee_l_bind/ankleTwist_l_driver final","cat":"step","ph":"X","ts":227524,"dur":1,"pid":1,"tid":1},
{"name":"ProviderMatrix /Biped/Rig/Joints/hips_bind/pelvis_l_bind/thigh_l_bind/knee_l_bind/ankle_l_bind/ball_l_bind/toe2_001_l_bind/toe2_002_l_bind final","cat":"step","ph":"X","ts":227458,"dur":1,"pid":1,"tid":20},
{"name":"ProviderMatrix /Biped/Rig/Joints/hips_bind/pelvis_l_bind/thigh_l_bind/knee_l_bind/ankle_l_bind/ball_l_bind/toe3_001_l_bind/toe3_002_l_bind/toe3_003_l_bind final","cat":"step","ph":"X","ts":227459,"dur":1,"pid":1,"tid":20},
{"name":"ProviderMatrix /Biped/Rig/Joints/hips_bind/pelvis_l_bind/thigh_l_bind/knee_l_bind/ankle_l_bind/ball_l_bind/toe5_001_l_bind final","cat":"step","ph":"X","ts":227460,"dur":1,"pid":1,"tid":20},
{"name":"ProviderMatrix /Biped/Rig/Joints/hips_bind/pelvis_l_bind/thigh_l_bind/knee_l_bind/kneeTwist_l_bind/knee_l_driver final","cat":"step","ph":"X","ts":227461,"dur":1,"pid":1,"tid":20},
{"name":"ProviderMatrix /Biped/Rig/Joints/hips_bind/pelvis_r_bind/pelvis_trans_combo_r_driver final","cat":"step","ph":"X","ts":227509,"dur":1,"pid":1,"tid":1},
{"name":"ProviderMatrix /Biped/Rig/Joints/hips_bind/pelvis_r_bind/pelvis_trans_r_bind/thigh_r_driver/thigh_r_twist_driver final","cat":"step","ph":"X","ts":227565,"dur":1,"pid":1,"tid":20},
{"name":"ProviderMatrix /Biped/Rig/Joints/hips_bind/pelvis_r_bind/thigh_r_bind/knee_r_bind/ankleTwist_r_bind/ankleSwing_r_driver final","cat":"step","ph":"X","ts":227535,"dur":1,"pid":1,"tid":31},
{"name":"ProviderMatrix /Biped/Rig/Joints/hips_bind/pelvis_r_bind/thigh_r_bind/knee_r_bind/ankle_r_bind/ball_r_bind/toe1_001_r_bind final","cat":"step","ph":"X","ts":227475,"dur":1,"pid":1,"tid":22},
{"name":"ProviderMatrix /Biped/Rig/Joints/hips_bind/pelvis_r_bind/thigh_r_bind/knee_r_bind/ankle_r_bind/ball_r_bind/toe2_001_r_bind/toe2_002_r_bind final","cat":"step","ph":"X","ts":227476,"dur":1,"pid":1,"tid":22},
{"name":"ProviderMatrix /Biped/Rig/Joints/hips_bind/pelvis_r_bind/thigh_r_bind/knee_r_bind/ankle_r_bind/ball_r_bind/toe3_001_r_bind/toe3_002_r_bind/toe3_003_r_bind/toe3_004_r_bind final","cat":"step","ph":"X","ts":227477,"dur":1,"pid":1,"tid":22},
{"name":"ProviderMatrix /Biped/Rig/Joints/hips_bind/pelvis_r_bind/thigh_r_bind/knee_r_bind/ankle_r_bind/ball_r_bind/toe5_001_r_bind final","cat":"step","ph":"X","ts":227478,"dur":1,"pid":1,"tid":22},
{"name":"ProviderMatrix /Biped/Rig/Joints/hips_bind/spine_0_bind/spine_1_bind/spine_2_bind/spine_3_bind final","cat":"step","ph":"X","ts":227583,"dur":1,"pid":1,"tid":20},
{"name":"ProviderMatrix /Biped/Rig/Joints/hips_bind/spine_0_bind/spine_1_bind/spine_2_bind/spine_3_bind/spine_4_bind/spine_5_bind/chest_bind/clavicle_l_bind/clavicle_trans_l_bind/shoulder_l_driver final","cat":"step","ph":"X","ts":227680,"dur":1,"pid":1,"tid":28},
{"name":"ProviderMatrix /Biped/Rig/Joints/hips_bind/spine_0_bind/spine_1_bind/spine_2_bind/spine_3_bind/spine_4_bind/spine_5_bind/chest_bind/clavicle_l_bind/shoulder_l_bind final","cat":"step","ph":"X","ts":227221,"dur":1,"pid":1,"tid":15},
{"name":"ProviderMatrix /Biped/Rig/Joints/hips_bind/spine_0_bind/spine_1_bind/spine_2_bind/spine_3_bind/spine_4_bind/spine_5_bind/chest_bind/clavicle_l_bind/shoulder_l_bind/elbow_l_bind/elbowTwist_l_bind final","cat":"step","ph":"X","ts":227275,"dur":1,"pid":1,"tid":3},
{"name":"ProviderMatrix /Biped/Rig/Joints/hips_bind/spine_0_bind/spine_1_bind/spine_2_bind/spine_3_bind/spine_4_bind/spine_5_bind/chest_bind/clavicle_l_bind/shoulder_l_bind/elbow_l_bind/elbowTwist_l_bind/elbow_l_driver final","cat":"step","ph":"X","ts":227306,"dur":1,"pid":1,"tid":22},
{"name":"ProviderMatrix /Biped/Rig/Joints/hips_bind/spine_0_bind/spine_1_bind/spine_2_bind/spine_3_bind/spine_4_bind/spine_5_bind/chest_bind/clavicle_l_bind/shoulder_l_bind/elbow_l_bind/wristTwist_l_driver final","cat":"step","ph":"X","ts":227361,"dur":1,"pid":1,"tid":6},
{"name":"ProviderMatrix /Biped/Rig/Joints/hips_bind/spine_0_bind/spine_1_bind/spine_2_bind/spine_3_bind/spine_4_bind/spine_5_bind/chest_bind/clavicle_l_bind/shoulder_l_bind/elbow_l_bind/wrist_l_bind final","cat":"step","ph":"X","ts":227222,"dur":1,"pid":1,"tid":15},
{"name":"ProviderMatrix /Biped/Rig/Joints/hips_bind/spine_0_bind/spine_1_bind/spine_2_bind/spine_3_bind/spine_4_bind/spine_5_bind/chest_bind/clavicle_l_bind/shoulder_l_bind/elbow_l_bind/wrist_l_bind/index_001_l_bind/index_002_l_bind final","cat":"step","ph":"X","ts":227330,"dur":1,"pid":1,"tid":10},
{"name":"ProviderMatrix /Biped/Rig/Joints/hips_bind/spine_0_bind/spine_1_bind/spine_2_bind/spine_3_bind/spine_4_bind/spine_5_bind/chest_bind/clavicle_l_bind/shoulder_l_bind/elbow_l_bind/wrist_l_bind/middle_001_l_bind final","cat":"step","ph":"X","ts":227331,"dur":1,"pid":1,"tid":10},
{"name":"ProviderMatrix /Biped/Rig/Joints/hips_bind/spine_0_bind/spine_1_bind/spine_2_bind/spine_3_bind/spine_4_bind/spine_5_bind/chest_bind/clavicle_l_bind/shoulder_l_bind/elbow_l_bind/wrist_l_bind/middle_001_l_bind/middle_002_l_bind/middle_003_l_bind/middle_004_l_bind/middle_005_l_bind final","cat":"step","ph":"X","ts":227332,"dur":1,"pid":1,"tid":10},
{"name":"ProviderMatrix /Biped/Rig/Joints/hips_bind/spine_0_bind/spine_1_bind/spine_2_bind/spine_3_bind/spine_4_bind/spine_5_bind/chest_bind/clavicle_l_bind/shoulder_l_bind/elbow_l_bind/wrist_l_bind/pinkyCup_l_bind/pinky_001_l_bind/pinky_002_l_bind final","cat":"step","ph":"X","ts":227362,"dur":1,"pid":1,"tid":6},
{"name":"ProviderMatrix /Biped/Rig/Joints/hips_bind/spine_0_bind/spine_1_bind/spine_2_bind/spine_3_bind/spine_4_bind/spine_5_bind/chest_bind/clavicle_l_bind/shoulder_l_bind/elbow_l_bind/wrist_l_bind/ring_001_l_bind/ring_002_l_bind/ring_003_l_bind final","cat":"step","ph":"X","ts":227333,"dur":1,"pid":1,"tid":10},
{"name":"ProviderMatrix /Biped/Rig/Joints/hips_bind/spine_0_bind/spine_1_bind/spine_2_bind/spine_3_bind/spine_4_bind/spine_5_bind/chest_bind/clavicle_l_bind/shoulder_l_bind/elbow_l_bind/wrist_l_bind/thumbCup_l_bind/thumb_001_l_bind/thumb_002_l_bind final","cat":"step","ph":"X","ts":227334,"dur":1,"pid":1,"tid":10},
{"name":"ProviderMatrix /Biped/Rig/Joints/hips_bind/spine_0_bind/spine_1_bind/spine_2_bind/spine_3_bind/spine_4_bind/spine_5_bind/chest_bind/clavicle_r_bind/clavicle_trans_r_bind/shoulder_r_driver/shoulder_r_twist_driver final","cat":"step","ph":"X","ts":227700,"dur":1,"pid":1,"tid":2},
{"name":"ProviderMatrix /Biped/Rig/Joints/hips_bind/spine_0_bind/spine_1_bind/spine_2_bind/spine_3_bind/spine_4_bind/spine_5_bind/chest_bind/clavicle_r_bind/shoulder_combo_r_driver final","cat":"step","ph":"X","ts":227641,"dur":1,"pid":1,"tid":20},
{"name":"ProviderMatrix /Biped/Rig/Joints/hips_bind/spine_0_bind/spine_1_bind/spine_2_bind/spine_3_bind/spine_4_bind/spine_5_bind/chest_bind/clavicle_r_bind/shoulder_r_bind/elbow_r_bind/wrist_r_bind final","cat":"step","ph":"X","ts":227276,"dur":1,"pid":1,"tid":3},
{"name":"ProviderMatrix /Biped/Rig/Joints/hips_bind/spine_0_bind/spine_1_bind/spine_2_bind/spine_3_bind/spine_4_bind/spine_5_bind/chest_bind/clavicle_r_bind/shoulder_r_bind/elbow_r_bind/wrist_r_bind/middle_001_r_bind/middle_002_r_bind/middle_003_r_bind final","cat":"step","ph":"X","ts":227365,"dur":1,"pid":1,"tid":6},
{"name":"ProviderMatrix /Biped/Rig/Joints/hips_bind/spine_0_bind/spine_1_bind/spine_2_bind/spine_3_bind/spine_4_bind/spine_5_bind/chest_bind/clavicle_r_bind/shoulder_r_bind/elbow_r_bind/wrist_r_bind/pinkyCup_r_bind/pinky_001_r_bind/pinky_002_combo_r_driver final","cat":"step","ph":"X","ts":227384,"dur":1,"pid":1,"tid":22},
{"name":"ProviderMatrix /Biped/Rig/Joints/hips_bind/spine_0_bind/spine_1_bind/spine_2_bind/spine_3_bind/spine_4_bind/spine_5_bind/chest_bind/clavicle_r_bind/shoulder_r_bind/elbow_r_bind/wrist_r_bind/ring_001_r_bind/ring_002_combo_r_driver final","cat":"step","ph":"X","ts":227366,"dur":1,"pid":1,"tid":6},
{"name":"ProviderMatrix /Biped/Rig/Joints/hips_bind/spine_0_bind/spine_1_bind/spine_2_bind/spine_3_bind/spine_4_bind/spine_5_bind/chest_bind/clavicle_r_bind/shoulder_r_bind/elbow_r_bind/wrist_r_bind/thumbCup_r_bind final","cat":"step","ph":"X","ts":227367,"dur":1,"pid":1,"tid":6},
{"name":"ProviderMatrix /Biped/Rig/Joints/hips_bind/spine_0_bind/spine_1_bind/spine_2_bind/spine_3_bind/spine_4_bind/spine_5_bind/chest_bind/clavicle_r_bind/shoulder_r_bind/elbow_r_bind/wrist_r_bind/thumbCup_r_bind/thumb_001_r_bind/thumb_002_r_bind/thumb_003_r_bind/thumb_004_r_bind final","cat":"step","ph":"X","ts":227368,"dur":1,"pid":1,"tid":6},
{"name":"ProviderMatrix /Biped/Rig/Joints/hips_bind/spine_0_bind/spine_1_bind/spine_2_bind/spine_3_bind/spine_4_bind/spine_5_bind/chest_bind/neck_base_bind final","cat":"step","ph":"X","ts":227634,"dur":1,"pid":1,"tid":20},
{"name":"ProviderMatrix /Biped/Rig/Joints/hips_bind/spine_0_bind/spine_1_bind/spine_2_bind/spine_3_bind/spine_4_bind/spine_5_bind/chest_bind/neck_base_bind/neck_0_bind/neck_1_bind/neck_2_bind/neck_3_bind/skull_bind final","cat":"step","ph":"X","ts":229250,"dur":1,"pid":1,"tid":2},
{"name":"ProviderMatrix /Biped/Rig/Joints/hips_bind/spine_0_bind/spine_1_bind/spine_2_bind/spine_3_bind/spine_4_bind/spine_5_bind/chest_bind/neck_base_bind/neck_0_bind/neck_1_bind/neck_2_bind/neck_3_bind/skull_bind/face_lower_bind/face_mid_bind/nose_bridge_bind/nose_bind final","cat":"step","ph":"X","ts":229251,"dur":1,"pid":1,"tid":2},
{"name":"ProviderMatrix /Biped/Rig/Joints/hips_bind/spine_0_bind/spine_1_bind/spine_2_bind/spine_3_bind/spine_4_bind/spine_5_bind/chest_bind/neck_base_bind/neck_0_bind/neck_1_bind/neck_2_bind/neck_3_bind/skull_bind/face_lower_bind/jaw_bind/tongue_0_bind final","cat":"step","ph":"X","ts":229252,"dur":1,"pid":1,"tid":2},
{"name":"ProviderMatrix /Biped/Rig/Joints/hips_bind/spine_0_bind/spine_1_bind/spine_2_bind/spine_3_bind/spine_4_bind/spine_5_bind/chest_bind/neck_base_bind/neck_0_bind/neck_1_bind/neck_2_bind/neck_3_bind/skull_bind/face_upper_bind final","cat":"step","ph":"X","ts":229253,"dur":1,"pid":1,"tid":2},
{"name":"ProviderMatrix /Biped/Rig/Joints/hips_bind/spine_0_bind/spine_1_bind/spine_2_bind/spine_3_bind/spine_4_bind/spine_5_bind/chest_bind/neck_base_bind/neck_0_bind/neck_1_bind/neck_2_bind/neck_3_bind/skull_bind/face_upper_bind/head_tip_bind final","cat":"step","ph":"X","ts":229254,"dur":1,"pid":1,"tid":2},
{"name":"ProviderMatrix /Biped/Rig/Joints/hips_bind/spine_0_bind/spine_1_bind/spine_2_bind/spine_3_bind/spine_4_bind/spine_5_bind/chest_bind/neck_base_bind/neck_0_bind/neck_1_bind/neck_2_bind/neck_3_bind/skull_bind/face_upper_bind/head_tip_bind/brow_main_r_bind final","cat":"step","ph":"X","ts":229255,"dur":1,"pid":1,"tid":2},
{"name":"ProviderMatrix /Biped/Rig/Joints/neck_ik_neck_0_bind/neck_ik_neck_1_bind/neck_ik_neck_2_bind/neck_ik_neck_3_bind/neck_ik_skull_bind final","cat":"step","ph":"X","ts":227392,"dur":1,"pid":1,"tid":22},
{"name":"ProviderMatrix /Biped/Rig/Joints/pupilCenter_l_pivot final","cat":"step","ph":"X","ts":226979,"dur":1,"pid":1,"tid":0},
{"name":"ProviderMatrix /Biped/Rig/Joints/spine_ik_spine_0_bind/spine_ik_spine_1_bind/spine_ik_spine_2_bind/spine_ik_spine_3_bind final","cat":"step","ph":"X","ts":227148,"dur":1,"pid":1,"tid":2},
{"name":"PoseInterpolator /Biped/Rig/PoseInterpolators/ankleSwing_l_driver","cat":"step","ph":"X","ts":227525,"dur":3,"pid":1,"tid":1},
{"name":"PoseInterpolator /Biped/Rig/PoseInterpolators/ankleSwing_r_driver","cat":"step","ph":"X","ts":227536,"dur":2,"pid":1,"tid":31},
{"name":"PoseInterpolator /Biped/Rig/PoseInterpolators/elbow_l_driver","cat":"step","ph":"X","ts":227307,"dur":3,"pid":1,"tid":22},
{"name":"PoseInterpolator /Biped/Rig/PoseInterpolators/elbow_r_driver","cat":"step","ph":"X","ts":227335,"dur":3,"pid":1,"tid":10},
{"name":"PoseInterpolator /Biped/Rig/PoseInterpolators/index_002_l","cat":"step","ph":"X","ts":227277,"dur":2,"pid":1,"tid":3},
{"name":"PoseInterpolator /Biped/Rig/PoseInterpolators/index_002_r","cat":"step","ph":"X","ts":227310,"dur":2,"pid":1,"tid":22},
{"name":"PoseInterpolator /Biped/Rig/PoseInterpolators/knee_l_driver","cat":"step","ph":"X","ts":227462,"dur":3,"pid":1,"tid":20},
{"name":"PoseInterpolator /Biped/Rig/PoseInterpolators/knee_r_driver","cat":"step","ph":"X","ts":227479,"dur":3,"pid":1,"tid":22},
{"name":"PoseInterpolator /Biped/Rig/PoseInterpolators/middle_002_l","cat":"step","ph":"X","ts":227279,"dur":2,"pid":1,"tid":3},
{"name":"PoseInterpolator /Biped/Rig/PoseInterpolators/middle_002_r","cat":"step","ph":"X","ts":227312,"dur":1,"pid":1,"tid":22},
{"name":"PoseInterpolator /Biped/Rig/PoseInterpolators/neckTwist","cat":"step","ph":"X","ts":227654,"dur":2,"pid":1,"tid":20},
{"name":"PoseInterpolator /Biped/Rig/PoseInterpolators/neck","cat":"step","ph":"X","ts":227656,"dur":1,"pid":1,"tid":20},
{"name":"PoseInterpolator /Biped/Rig/PoseInterpolators/pinky_002_l","cat":"step","ph":"X","ts":227281,"dur":1,"pid":1,"tid":3},
{"name":"PoseInterpolator /Biped/Rig/PoseInterpolators/pinky_002_r","cat":"step","ph":"X","ts":227313,"dur":2,"pid":1,"tid":22},
{"name":"PoseInterpolator /Biped/Rig/PoseInterpolators/ring_002_l","cat":"step","ph":"X","ts":227282,"dur":1,"pid":1,"tid":3},
{"name":"PoseInterpolator /Biped/Rig/PoseInterpolators/ring_002_r","cat":"step","ph":"X","ts":227315,"dur":1,"pid":1,"tid":22},
{"name":"PoseInterpolator /Biped/Rig/PoseInterpolators/shoulder_l_driver","cat":"step","ph":"X","ts":227681,"dur":2,"pid":1,"tid":28},
{"name":"PoseInterpolator /Biped/Rig/PoseInterpolators/shoulder_l_twist_driver","cat":"step","ph":"X","ts":227701,"dur":3,"pid":1,"tid":2},
{"name":"PoseInterpolator /Biped/Rig/PoseInterpolators/shoulder_r_driver","cat":"step","ph":"X","ts":227683,"dur":2,"pid":1,"tid":28},
{"name":"PoseInterpolator /Biped/Rig/PoseInterpolators/shoulder_r_twist_driver","cat":"step","ph":"X","ts":227704,"dur":2,"pid":1,"tid":2},
{"name":"PoseInterpolator /Biped/Rig/PoseInterpolators/thigh_l_driver","cat":"step","ph":"X","ts":227548,"dur":1,"pid":1,"tid":18},
{"name":"PoseInterpolator /Biped/Rig/PoseInterpolators/thigh_r_driver","cat":"step","ph":"X","ts":227549,"dur":2,"pid":1,"tid":18},
{"name":"PoseInterpolator /Biped/Rig/PoseInterpolators/toe_l","cat":"step","ph":"X","ts":227482,"dur":1,"pid":1,"tid":22},
{"name":"PoseInterpolator /Biped/Rig/PoseInterpolators/toe_l_twist","cat":"step","ph":"X","ts":227483,"dur":2,"pid":1,"tid":22},
{"name":"PoseInterpolator /Biped/Rig/PoseInterpolators/toe_r","cat":"step","ph":"X","ts":227510,"dur":3,"pid":1,"tid":1},
{"name":"PoseInterpolator /Biped/Rig/PoseInterpolators/toe_r_twist","cat":"step","ph":"X","ts":227513,"dur":2,"pid":1,"tid":1},
{"name":"PoseInterpolator /Biped/Rig/PoseInterpolators/torso","cat":"step","ph":"X","ts":227001,"dur":3,"pid":1,"tid":0},
{"name":"PoseInterpolator /Biped/Rig/PoseInterpolators/wristSwing_l_driver","cat":"step","ph":"X","ts":227369,"dur":3,"pid":1,"tid":6},
{"name":"PoseInterpolator /Biped/Rig/PoseInterpolators/wristSwing_r_driver","cat":"step","ph":"X","ts":227385,"dur":2,"pid":1,"tid":22},
{"name":"RevisionStatic /Biped/Rig/Movers/shapes_body_geo/body_geo_shapes","cat":"step","ph":"X","ts":227712,"dur":934,"pid":1,"tid":2},
{"name":"RevisionChunk /Biped/Rig/Movers/shapes_body_geo/body_geo_shapes","cat":"step","ph":"X","ts":228656,"dur":543,"pid":1,"tid":2},
{"name":"RevisionFuse /Biped/Rig/Movers/shapes_body_geo/body_geo_shapes","cat":"step","ph":"X","ts":229207,"dur":35,"pid":1,"tid":2},
{"name":"InfluenceFold /Biped/Rig/Movers/skin_body_geo/body_geo_skin","cat":"step","ph":"X","ts":229256,"dur":43,"pid":1,"tid":2},
{"name":"RevisionChunk /Biped/Rig/Movers/skin_body_geo/body_geo_skin","cat":"step","ph":"X","ts":229299,"dur":2354,"pid":1,"tid":2},
{"name":"RevisionFuse /Biped/Rig/Movers/skin_body_geo/body_geo_skin","cat":"step","ph":"X","ts":231654,"dur":4,"pid":1,"tid":2},
{"name":"ChainStatus /Biped/Geom/body_geo.points","cat":"step","ph":"X","ts":231658,"dur":24,"pid":1,"tid":2},
{"name":"Derived /Biped/Geom/body_geo.extent","cat":"step","ph":"X","ts":231682,"dur":531,"pid":1,"tid":2},
{"name":"cluster 0","cat":"cluster","ph":"X","ts":226957,"dur":13,"pid":1,"tid":0,"args":{"level":"1","steps":"21","waitUs":"5"}},
{"name":"cluster 1","cat":"cluster","ph":"X","ts":226970,"dur":10,"pid":1,"tid":0,"args":{"level":"2","steps":"30","waitUs":"0"}},
{"name":"cluster 2","cat":"cluster","ph":"X","ts":227005,"dur":8,"pid":1,"tid":0,"args":{"level":"3","steps":"21","waitUs":"25"}},
{"name":"cluster 3","cat":"cluster","ph":"X","ts":227013,"dur":12,"pid":1,"tid":0,"args":{"level":"4","steps":"22","waitUs":"0"}},
{"name":"cluster 4","cat":"cluster","ph":"X","ts":227039,"dur":53,"pid":1,"tid":18,"args":{"level":"5","steps":"17","waitUs":"14"}},
{"name":"cluster 5","cat":"cluster","ph":"X","ts":227097,"dur":19,"pid":1,"tid":21,"args":{"level":"6","steps":"20","waitUs":"5"}},
{"name":"cluster 6","cat":"cluster","ph":"X","ts":227130,"dur":11,"pid":1,"tid":2,"args":{"level":"7","steps":"16","waitUs":"1"}},
{"name":"cluster 7","cat":"cluster","ph":"X","ts":227147,"dur":32,"pid":1,"tid":15,"args":{"level":"8","steps":"14","waitUs":"6"}},
{"name":"cluster 8","cat":"cluster","ph":"X","ts":226989,"dur":15,"pid":1,"tid":0,"args":{"level":"3","steps":"15","waitUs":"9"}},
{"name":"cluster 9","cat":"cluster","ph":"X","ts":227201,"dur":64,"pid":1,"tid":3,"args":{"level":"9","steps":"15","waitUs":"22"}},
{"name":"cluster 10","cat":"cluster","ph":"X","ts":227269,"dur":27,"pid":1,"tid":22,"args":{"level":"10","steps":"18","waitUs":"4"}},
{"name":"cluster 11","cat":"cluster","ph":"X","ts":227298,"dur":15,"pid":1,"tid":29,"args":{"level":"11","steps":"13","waitUs":"2"}},
{"name":"cluster 12","cat":"cluster","ph":"X","ts":227095,"dur":34,"pid":1,"tid":18,"args":{"level":"6","steps":"8","waitUs":"3"}},
{"name":"cluster 13","cat":"cluster","ph":"X","ts":227319,"dur":26,"pid":1,"tid":6,"args":{"level":"12","steps":"12","waitUs":"3"}},
{"name":"cluster 14","cat":"cluster","ph":"X","ts":227129,"dur":5,"pid":1,"tid":18,"args":{"level":"7","steps":"6","waitUs":"0"}},
{"name":"cluster 15","cat":"cluster","ph":"X","ts":227360,"dur":16,"pid":1,"tid":22,"args":{"level":"13","steps":"6","waitUs":"15"}},
{"name":"cluster 17","cat":"cluster","ph":"X","ts":227026,"dur":9,"pid":1,"tid":0,"args":{"level":"5","steps":"7","waitUs":"1"}},
{"name":"cluster 18","cat":"cluster","ph":"X","ts":227376,"dur":11,"pid":1,"tid":22,"args":{"level":"14","steps":"16","waitUs":"0"}},
{"name":"cluster 19","cat":"cluster","ph":"X","ts":227035,"dur":11,"pid":1,"tid":0,"args":{"level":"6","steps":"1","waitUs":"0"}},
{"name":"cluster 20","cat":"cluster","ph":"X","ts":227269,"dur":24,"pid":1,"tid":16,"args":{"level":"10","steps":"3","waitUs":"4"}},
{"name":"cluster 21","cat":"cluster","ph":"X","ts":227293,"dur":7,"pid":1,"tid":16,"args":{"level":"11","steps":"3","waitUs":"0"}},
{"name":"cluster 22","cat":"cluster","ph":"X","ts":227269,"dur":8,"pid":1,"tid":26,"args":{"level":"10","steps":"3","waitUs":"3"}},
{"name":"cluster 23","cat":"cluster","ph":"X","ts":227298,"dur":18,"pid":1,"tid":10,"args":{"level":"11","steps":"7","waitUs":"1"}},
{"name":"cluster 24","cat":"cluster","ph":"X","ts":227204,"dur":21,"pid":1,"tid":8,"args":{"level":"9","steps":"3","waitUs":"25"}},
{"name":"cluster 25","cat":"cluster","ph":"X","ts":227225,"dur":9,"pid":1,"tid":8,"args":{"level":"10","steps":"3","waitUs":"0"}},
{"name":"cluster 26","cat":"cluster","ph":"X","ts":227205,"dur":8,"pid":1,"tid":20,"args":{"level":"9","steps":"2","waitUs":"5"}},
{"name":"cluster 27","cat":"cluster","ph":"X","ts":227388,"dur":5,"pid":1,"tid":22,"args":{"level":"15","steps":"10","waitUs":"1"}},
{"name":"cluster 28","cat":"cluster","ph":"X","ts":227393,"dur":7,"pid":1,"tid":22,"args":{"level":"16","steps":"4","waitUs":"0"}},
{"name":"cluster 29","cat":"cluster","ph":"X","ts":227400,"dur":15,"pid":1,"tid":22,"args":{"level":"17","steps":"6","waitUs":"0"}},
{"name":"cluster 30","cat":"cluster","ph":"X","ts":227417,"dur":29,"pid":1,"tid":20,"args":{"level":"18","steps":"5","waitUs":"2"}},
{"name":"cluster 31","cat":"cluster","ph":"X","ts":227449,"dur":16,"pid":1,"tid":22,"args":{"level":"19","steps":"5","waitUs":"3"}},
{"name":"cluster 32","cat":"cluster","ph":"X","ts":227142,"dur":7,"pid":1,"tid":2,"args":{"level":"8","steps":"8","waitUs":"1"}},
{"name":"cluster 33","cat":"cluster","ph":"X","ts":227271,"dur":19,"pid":1,"tid":20,"args":{"level":"10","steps":"4","waitUs":"5"}},
{"name":"cluster 34","cat":"cluster","ph":"X","ts":227468,"dur":19,"pid":1,"tid":1,"args":{"level":"20","steps":"3","waitUs":"3"}},
{"name":"cluster 35","cat":"cluster","ph":"X","ts":227492,"dur":10,"pid":1,"tid":22,"args":{"level":"21","steps":"3","waitUs":"4"}},
{"name":"cluster 36","cat":"cluster","ph":"X","ts":227513,"dur":16,"pid":1,"tid":31,"args":{"level":"22","steps":"3","waitUs":"3"}},
{"name":"cluster 37","cat":"cluster","ph":"X","ts":227530,"dur":13,"pid":1,"tid":18,"args":{"level":"23","steps":"2","waitUs":"1"}},
{"name":"cluster 38","cat":"cluster","ph":"X","ts":227544,"dur":13,"pid":1,"tid":20,"args":{"level":"24","steps":"2","waitUs":"1"}},
{"name":"cluster 39","cat":"cluster","ph":"X","ts":227557,"dur":9,"pid":1,"tid":20,"args":{"level":"25","steps":"3","waitUs":"0"}},
{"name":"cluster 40","cat":"cluster","ph":"X","ts":227566,"dur":5,"pid":1,"tid":20,"args":{"level":"26","steps":"2","waitUs":"0"}},
{"name":"cluster 41","cat":"cluster","ph":"X","ts":227571,"dur":7,"pid":1,"tid":20,"args":{"level":"27","steps":"1","waitUs":"0"}},
{"name":"cluster 42","cat":"cluster","ph":"X","ts":227578,"dur":6,"pid":1,"tid":20,"args":{"level":"28","steps":"2","waitUs":"0"}},
{"name":"cluster 43","cat":"cluster","ph":"X","ts":227584,"dur":6,"pid":1,"tid":20,"args":{"level":"29","steps":"1","waitUs":"0"}},
{"name":"cluster 44","cat":"cluster","ph":"X","ts":227590,"dur":5,"pid":1,"tid":20,"args":{"level":"30","steps":"2","waitUs":"0"}},
{"name":"cluster 45","cat":"cluster","ph":"X","ts":227596,"dur":5,"pid":1,"tid":20,"args":{"level":"31","steps":"1","waitUs":"1"}},
{"name":"cluster 46","cat":"cluster","ph":"X","ts":227601,"dur":6,"pid":1,"tid":20,"args":{"level":"32","steps":"2","waitUs":"0"}},
{"name":"cluster 47","cat":"cluster","ph":"X","ts":227607,"dur":7,"pid":1,"tid":20,"args":{"level":"33","steps":"1","waitUs":"0"}},
{"name":"cluster 48","cat":"cluster","ph":"X","ts":227615,"dur":6,"pid":1,"tid":20,"args":{"level":"34","steps":"1","waitUs":"1"}},
{"name":"cluster 49","cat":"cluster","ph":"X","ts":227621,"dur":6,"pid":1,"tid":20,"args":{"level":"35","steps":"4","waitUs":"0"}},
{"name":"cluster 50","cat":"cluster","ph":"X","ts":227627,"dur":8,"pid":1,"tid":20,"args":{"level":"36","steps":"4","waitUs":"0"}},
{"name":"cluster 51","cat":"cluster","ph":"X","ts":227642,"dur":6,"pid":1,"tid":20,"args":{"level":"37","steps":"3","waitUs":"7"}},
{"name":"cluster 52","cat":"cluster","ph":"X","ts":227651,"dur":12,"pid":1,"tid":28,"args":{"level":"38","steps":"3","waitUs":"3"}},
{"name":"cluster 53","cat":"cluster","ph":"X","ts":227663,"dur":13,"pid":1,"tid":28,"args":{"level":"39","steps":"7","waitUs":"0"}},
{"name":"cluster 54","cat":"cluster","ph":"X","ts":227678,"dur":15,"pid":1,"tid":2,"args":{"level":"40","steps":"2","waitUs":"2"}},
{"name":"cluster 55","cat":"cluster","ph":"X","ts":227693,"dur":13,"pid":1,"tid":2,"args":{"level":"41","steps":"5","waitUs":"0"}},
{"name":"cluster 56","cat":"cluster","ph":"X","ts":227706,"dur":940,"pid":1,"tid":2,"args":{"level":"42","steps":"3","waitUs":"0"}},
{"name":"cluster 57","cat":"cluster","ph":"X","ts":228647,"dur":552,"pid":1,"tid":2,"args":{"level":"43","steps":"2","waitUs":"1"}},
{"name":"cluster 58","cat":"cluster","ph":"X","ts":229200,"dur":42,"pid":1,"tid":2,"args":{"level":"44","steps":"3","waitUs":"1"}},
{"name":"cluster 59","cat":"cluster","ph":"X","ts":229242,"dur":14,"pid":1,"tid":2,"args":{"level":"46","steps":"28","waitUs":"0"}},
{"name":"cluster 60","cat":"cluster","ph":"X","ts":227200,"dur":23,"pid":1,"tid":15,"args":{"level":"9","steps":"7","waitUs":"0"}},
{"name":"cluster 61","cat":"cluster","ph":"X","ts":227473,"dur":8,"pid":1,"tid":2,"args":{"level":"20","steps":"2","waitUs":"8"}},
{"name":"cluster 62","cat":"cluster","ph":"X","ts":227297,"dur":19,"pid":1,"tid":22,"args":{"level":"11","steps":"12","waitUs":"0"}},
{"name":"cluster 63","cat":"cluster","ph":"X","ts":227501,"dur":9,"pid":1,"tid":21,"args":{"level":"21","steps":"3","waitUs":"13"}},
{"name":"cluster 64","cat":"cluster","ph":"X","ts":227638,"dur":4,"pid":1,"tid":20,"args":{"level":"37","steps":"8","waitUs":"3"}},
{"name":"cluster 65","cat":"cluster","ph":"X","ts":227415,"dur":11,"pid":1,"tid":22,"args":{"level":"18","steps":"7","waitUs":"0"}},
{"name":"cluster 66","cat":"cluster","ph":"X","ts":227511,"dur":11,"pid":1,"tid":21,"args":{"level":"22","steps":"2","waitUs":"1"}},
{"name":"cluster 67","cat":"cluster","ph":"X","ts":227648,"dur":9,"pid":1,"tid":20,"args":{"level":"38","steps":"5","waitUs":"0"}},
{"name":"cluster 68","cat":"cluster","ph":"X","ts":227529,"dur":9,"pid":1,"tid":31,"args":{"level":"23","steps":"8","waitUs":"0"}},
{"name":"cluster 69","cat":"cluster","ph":"X","ts":227544,"dur":7,"pid":1,"tid":18,"args":{"level":"24","steps":"6","waitUs":"1"}},
{"name":"cluster 70","cat":"cluster","ph":"X","ts":227515,"dur":13,"pid":1,"tid":1,"args":{"level":"22","steps":"7","waitUs":"0"}},
{"name":"cluster 71","cat":"cluster","ph":"X","ts":227497,"dur":18,"pid":1,"tid":1,"args":{"level":"21","steps":"12","waitUs":"0"}},
{"name":"cluster 72","cat":"cluster","ph":"X","ts":227471,"dur":14,"pid":1,"tid":22,"args":{"level":"20","steps":"29","waitUs":"0"}},
{"name":"cluster 73","cat":"cluster","ph":"X","ts":227447,"dur":18,"pid":1,"tid":20,"args":{"level":"19","steps":"28","waitUs":"0"}},
{"name":"cluster 74","cat":"cluster","ph":"X","ts":227317,"dur":21,"pid":1,"tid":10,"args":{"level":"12","steps":"31","waitUs":"0"}},
{"name":"cluster 75","cat":"cluster","ph":"X","ts":227677,"dur":8,"pid":1,"tid":28,"args":{"level":"40","steps":"6","waitUs":"1"}},
{"name":"cluster 76","cat":"cluster","ph":"X","ts":227352,"dur":20,"pid":1,"tid":6,"args":{"level":"13","steps":"37","waitUs":"7"}},
{"name":"cluster 77","cat":"cluster","ph":"X","ts":227266,"dur":17,"pid":1,"tid":3,"args":{"level":"10","steps":"12","waitUs":"0"}},
{"name":"cluster 78","cat":"cluster","ph":"X","ts":229256,"dur":43,"pid":1,"tid":2,"args":{"level":"47","steps":"1","waitUs":"0"}},
{"name":"cluster 79","cat":"cluster","ph":"X","ts":229299,"dur":2354,"pid":1,"tid":2,"args":{"level":"48","steps":"1","waitUs":"0"}},
{"name":"cluster 80","cat":"cluster","ph":"X","ts":231654,"dur":4,"pid":1,"tid":2,"args":{"level":"49","steps":"1","waitUs":"1"}},
{"name":"cluster 81","cat":"cluster","ph":"X","ts":231658,"dur":555,"pid":1,"tid":2,"args":{"level":"51","steps":"2","waitUs":"0"}},
{"name":"BakedPublish","cat":"baked","ph":"X","ts":233015,"dur":92,"pid":1,"tid":0},
{"name":"BakedEpilogue","cat":"baked","ph":"X","ts":232233,"dur":922,"pid":1,"tid":0},
{"name":"Baked","cat":"baked","ph":"X","ts":226360,"dur":6796,"pid":1,"tid":0},
{"name":"Evaluate@8","cat":"evaluate","ph":"X","ts":226359,"dur":6798,"pid":1,"tid":0}
],"displayTimeUnit":"ms"}
