{"traceEvents":[
{"name":"Compile.DiscoverValidate","cat":"compile","ph":"X","ts":0,"dur":13841,"pid":1,"tid":0},
{"name":"Compile.StructureDigest","cat":"compile","ph":"X","ts":13841,"dur":3,"pid":1,"tid":0},
{"name":"Digest.OutputSets","cat":"compile","ph":"X","ts":13940,"dur":1025,"pid":1,"tid":1},
{"name":"TapPrepare warmup","cat":"compile","ph":"X","ts":7238,"dur":39368,"pid":1,"tid":2},
{"name":"Compile.WarmupJoin","cat":"compile","ph":"X","ts":36005,"dur":10607,"pid":1,"tid":0},
{"name":"TapPrepare solverBatch","cat":"compile","ph":"X","ts":46631,"dur":300,"pid":1,"tid":0},
{"name":"TapPrepare solverBatch","cat":"compile","ph":"X","ts":47439,"dur":351,"pid":1,"tid":0},
{"name":"TapPrepare solverBatch","cat":"compile","ph":"X","ts":47990,"dur":301,"pid":1,"tid":0},
{"name":"TapPrepare solverBatch","cat":"compile","ph":"X","ts":48626,"dur":338,"pid":1,"tid":0},
{"name":"TapPrepare solverBatch","cat":"compile","ph":"X","ts":49175,"dur":266,"pid":1,"tid":0},
{"name":"TapPrepare solverBatch","cat":"compile","ph":"X","ts":49829,"dur":287,"pid":1,"tid":0},
{"name":"TapPrepare solverBatch","cat":"compile","ph":"X","ts":50439,"dur":319,"pid":1,"tid":0},
{"name":"TapPrepare solverBatch","cat":"compile","ph":"X","ts":51190,"dur":422,"pid":1,"tid":0},
{"name":"TapPrepare solverBatch","cat":"compile","ph":"X","ts":51651,"dur":379,"pid":1,"tid":0},
{"name":"TapPrepare solverBatch","cat":"compile","ph":"X","ts":52069,"dur":307,"pid":1,"tid":0},
{"name":"TapPrepare solverBatch","cat":"compile","ph":"X","ts":52754,"dur":612,"pid":1,"tid":0},
{"name":"TapPrepare solverBatch","cat":"compile","ph":"X","ts":53982,"dur":581,"pid":1,"tid":0},
{"name":"TapPrepare solverBatch","cat":"compile","ph":"X","ts":54603,"dur":574,"pid":1,"tid":0},
{"name":"TapPrepare solverBatch","cat":"compile","ph":"X","ts":55764,"dur":563,"pid":1,"tid":0},
{"name":"Compile.SolverSchedule","cat":"compile","ph":"X","ts":13844,"dur":42538,"pid":1,"tid":0},
{"name":"Digest.Solvers","cat":"compile","ph":"X","ts":14965,"dur":49160,"pid":1,"tid":1},
{"name":"Digest.Movers","cat":"compile","ph":"X","ts":64125,"dur":1931,"pid":1,"tid":1},
{"name":"RestTimeVarying","cat":"compile","ph":"X","ts":81062,"dur":1252,"pid":1,"tid":0},
{"name":"TapPrepare poseSeed","cat":"compile","ph":"X","ts":82421,"dur":9575,"pid":1,"tid":0},
{"name":"TapPrepare main","cat":"compile","ph":"X","ts":91996,"dur":9177,"pid":1,"tid":0},
{"name":"TapPrepare guides","cat":"compile","ph":"X","ts":101183,"dur":1575,"pid":1,"tid":0},
{"name":"Compile.WarmPoseSeed","cat":"compile","ph":"X","ts":102779,"dur":7468,"pid":1,"tid":0},
{"name":"TapPrepare restFrames","cat":"compile","ph":"X","ts":110248,"dur":1973,"pid":1,"tid":0},
{"name":"Compile.RestFrames","cat":"compile","ph":"X","ts":112222,"dur":120,"pid":1,"tid":0},
{"name":"Compile.PrepareRequests","cat":"compile","ph":"X","ts":56382,"dur":56757,"pid":1,"tid":0},
{"name":"Compile.DigestJoin","cat":"compile","ph":"X","ts":113142,"dur":1,"pid":1,"tid":0},
{"name":"Compile.Commit","cat":"compile","ph":"X","ts":113139,"dur":148,"pid":1,"tid":0},
{"name":"Compile.ChainOrderValidate","cat":"compile","ph":"X","ts":113287,"dur":42,"pid":1,"tid":0},
{"name":"Compile","cat":"compile","ph":"X","ts":0,"dur":114753,"pid":1,"tid":0},
{"name":"PropertyChain /Biped/Rig/Movers/ballRoll_l_down_rc/ballRoll_l_down_rotation.inputs:defaultWeight","cat":"property","ph":"X","ts":114782,"dur":120,"pid":1,"tid":0},
{"name":"PropertyChain /Biped/Rig/Movers/ballRoll_l_up_rc/ballRoll_l_up_rotation.inputs:defaultWeight","cat":"property","ph":"X","ts":114904,"dur":30,"pid":1,"tid":0},
{"name":"PropertyChain /Biped/Rig/Movers/ballRoll_r_down_rc/ballRoll_r_down_rotation.inputs:defaultWeight","cat":"property","ph":"X","ts":114935,"dur":53,"pid":1,"tid":0},
{"name":"PropertyChain /Biped/Rig/Movers/ballRoll_r_up_rc/ballRoll_r_up_rotation.inputs:defaultWeight","cat":"property","ph":"X","ts":114990,"dur":25,"pid":1,"tid":0},
{"name":"PropertyChain /Biped/Rig/Movers/bankIn_l_pivot_rc/bankIn_l_pivot_rotation.inputs:defaultWeight","cat":"property","ph":"X","ts":115017,"dur":26,"pid":1,"tid":0},
{"name":"PropertyChain /Biped/Rig/Movers/bankIn_r_pivot_rc/bankIn_r_pivot_rotation.inputs:defaultWeight","cat":"property","ph":"X","ts":115044,"dur":25,"pid":1,"tid":0},
{"name":"PropertyChain /Biped/Rig/Movers/bankOut_l_pivot_rc/bankOut_l_pivot_rotation.inputs:defaultWeight","cat":"property","ph":"X","ts":115070,"dur":25,"pid":1,"tid":0},
{"name":"PropertyChain /Biped/Rig/Movers/bankOut_r_pivot_rc/bankOut_r_pivot_rotation.inputs:defaultWeight","cat":"property","ph":"X","ts":115096,"dur":449,"pid":1,"tid":0},
{"name":"PropertyChain /Biped/Rig/Movers/heel_l_roll_rc/heel_l_roll_rotation.inputs:defaultWeight","cat":"property","ph":"X","ts":115547,"dur":24,"pid":1,"tid":0},
{"name":"PropertyChain /Biped/Rig/Movers/heel_r_roll_rc/heel_r_roll_rotation.inputs:defaultWeight","cat":"property","ph":"X","ts":115573,"dur":23,"pid":1,"tid":0},
{"name":"PropertyChain /Biped/Rig/Movers/toe_l_roll_rc/toe_l_roll_rotation.inputs:defaultWeight","cat":"property","ph":"X","ts":115597,"dur":39,"pid":1,"tid":0},
{"name":"PropertyChain /Biped/Rig/Movers/toe_r_roll_rc/toe_r_roll_rotation.inputs:defaultWeight","cat":"property","ph":"X","ts":115637,"dur":36,"pid":1,"tid":0},
{"name":"PropertyChains","cat":"property","ph":"X","ts":114764,"dur":910,"pid":1,"tid":0},
{"name":"PoseSeed","cat":"pose","ph":"X","ts":115676,"dur":370,"pid":1,"tid":0},
{"name":"ExecEvaluate","cat":"exec","ph":"X","ts":116316,"dur":130,"pid":1,"tid":0},
{"name":"SolverBatch L0","cat":"pose","ph":"X","ts":116312,"dur":138,"pid":1,"tid":0},
{"name":"ExecEvaluate","cat":"exec","ph":"X","ts":116451,"dur":149,"pid":1,"tid":0},
{"name":"SolverBatch L0","cat":"pose","ph":"X","ts":116450,"dur":151,"pid":1,"tid":0},
{"name":"ExecEvaluate","cat":"exec","ph":"X","ts":116602,"dur":67,"pid":1,"tid":0},
{"name":"SolverBatch L0","cat":"pose","ph":"X","ts":116601,"dur":68,"pid":1,"tid":0},
{"name":"ExecEvaluate","cat":"exec","ph":"X","ts":116671,"dur":96,"pid":1,"tid":0},
{"name":"SolverBatch L0","cat":"pose","ph":"X","ts":116669,"dur":99,"pid":1,"tid":0},
{"name":"ExecEvaluate","cat":"exec","ph":"X","ts":116769,"dur":62,"pid":1,"tid":0},
{"name":"SolverBatch L0","cat":"pose","ph":"X","ts":116768,"dur":63,"pid":1,"tid":0},
{"name":"ExecEvaluate","cat":"exec","ph":"X","ts":116834,"dur":74,"pid":1,"tid":0},
{"name":"SolverBatch L0","cat":"pose","ph":"X","ts":116831,"dur":78,"pid":1,"tid":0},
{"name":"ExecEvaluate","cat":"exec","ph":"X","ts":116910,"dur":146,"pid":1,"tid":0},
{"name":"SolverBatch L0","cat":"pose","ph":"X","ts":116909,"dur":154,"pid":1,"tid":0},
{"name":"RigExecParentConstraint spine_mid_follow_pos","cat":"pose","ph":"X","ts":117066,"dur":83,"pid":1,"tid":0},
{"name":"ExecEvaluate","cat":"exec","ph":"X","ts":117151,"dur":79,"pid":1,"tid":0},
{"name":"SolverBatch L1","cat":"pose","ph":"X","ts":117150,"dur":175,"pid":1,"tid":0},
{"name":"ExecEvaluate","cat":"exec","ph":"X","ts":117328,"dur":88,"pid":1,"tid":0},
{"name":"SolverBatch L1","cat":"pose","ph":"X","ts":117327,"dur":181,"pid":1,"tid":0},
{"name":"RigExecAimConstraint spine_mid_follow_aim","cat":"pose","ph":"X","ts":117508,"dur":40,"pid":1,"tid":0},
{"name":"ExecEvaluate","cat":"exec","ph":"X","ts":117550,"dur":113,"pid":1,"tid":0},
{"name":"SolverBatch L2","cat":"pose","ph":"X","ts":117548,"dur":120,"pid":1,"tid":0},
{"name":"RigExecRotationConstraint bankIn_r_pivot_rotation","cat":"pose","ph":"X","ts":117669,"dur":3,"pid":1,"tid":0},
{"name":"RigExecRotationConstraint bankOut_r_pivot_rotation","cat":"pose","ph":"X","ts":117672,"dur":2,"pid":1,"tid":0},
{"name":"RigExecRotationConstraint heel_r_roll_rotation","cat":"pose","ph":"X","ts":117675,"dur":1,"pid":1,"tid":0},
{"name":"RigExecRotationConstraint toe_r_roll_rotation","cat":"pose","ph":"X","ts":117677,"dur":1,"pid":1,"tid":0},
{"name":"ExecEvaluate","cat":"exec","ph":"X","ts":117680,"dur":76,"pid":1,"tid":0},
{"name":"SolverBatch L6","cat":"pose","ph":"X","ts":117679,"dur":78,"pid":1,"tid":0},
{"name":"RigExecRotationConstraint ballRoll_r_up_rotation","cat":"pose","ph":"X","ts":117758,"dur":2,"pid":1,"tid":0},
{"name":"ExecEvaluate","cat":"exec","ph":"X","ts":117761,"dur":66,"pid":1,"tid":0},
{"name":"SolverBatch L7","cat":"pose","ph":"X","ts":117760,"dur":139,"pid":1,"tid":0},
{"name":"RigExecRotationConstraint ballRoll_r_down_rotation","cat":"pose","ph":"X","ts":117899,"dur":2,"pid":1,"tid":0},
{"name":"RigExecAimConstraint ankle_r_bind_aim","cat":"pose","ph":"X","ts":117901,"dur":46,"pid":1,"tid":0},
{"name":"RigExecAimConstraint ball_r_bind_aim","cat":"pose","ph":"X","ts":117947,"dur":36,"pid":1,"tid":0},
{"name":"RigExecRotationConstraint bankIn_l_pivot_rotation","cat":"pose","ph":"X","ts":117984,"dur":2,"pid":1,"tid":0},
{"name":"RigExecRotationConstraint bankOut_l_pivot_rotation","cat":"pose","ph":"X","ts":117986,"dur":1,"pid":1,"tid":0},
{"name":"RigExecRotationConstraint heel_l_roll_rotation","cat":"pose","ph":"X","ts":117988,"dur":2,"pid":1,"tid":0},
{"name":"RigExecRotationConstraint toe_l_roll_rotation","cat":"pose","ph":"X","ts":117990,"dur":2,"pid":1,"tid":0},
{"name":"ExecEvaluate","cat":"exec","ph":"X","ts":117993,"dur":88,"pid":1,"tid":0},
{"name":"SolverBatch L14","cat":"pose","ph":"X","ts":117992,"dur":90,"pid":1,"tid":0},
{"name":"RigExecRotationConstraint ballRoll_l_up_rotation","cat":"pose","ph":"X","ts":118082,"dur":2,"pid":1,"tid":0},
{"name":"ExecEvaluate","cat":"exec","ph":"X","ts":118085,"dur":80,"pid":1,"tid":0},
{"name":"SolverBatch L15","cat":"pose","ph":"X","ts":118084,"dur":156,"pid":1,"tid":0},
{"name":"RigExecRotationConstraint ballRoll_l_down_rotation","cat":"pose","ph":"X","ts":118240,"dur":2,"pid":1,"tid":0},
{"name":"RigExecAimConstraint ankle_l_bind_aim","cat":"pose","ph":"X","ts":118242,"dur":40,"pid":1,"tid":0},
{"name":"RigExecAimConstraint ball_l_bind_aim","cat":"pose","ph":"X","ts":118283,"dur":31,"pid":1,"tid":0},
{"name":"RigExecParentConstraint spine_root_ctl_drives_hips_bind","cat":"pose","ph":"X","ts":118314,"dur":286,"pid":1,"tid":0},
{"name":"RigExecScaleConstraint spine_root_ctl_scales_hips_bind","cat":"pose","ph":"X","ts":118601,"dur":163,"pid":1,"tid":0},
{"name":"RigExecScaleConstraint spine_ik_spine_0_bind_scale_to_spine_0_bind","cat":"pose","ph":"X","ts":118765,"dur":105,"pid":1,"tid":0},
{"name":"RigExecParentConstraint spine_ik_spine_0_bind_to_spine_0_bind","cat":"pose","ph":"X","ts":118870,"dur":102,"pid":1,"tid":0},
{"name":"RigExecScaleConstraint spine_ik_spine_1_bind_scale_to_spine_1_bind","cat":"pose","ph":"X","ts":118972,"dur":93,"pid":1,"tid":0},
{"name":"RigExecParentConstraint spine_ik_spine_1_bind_to_spine_1_bind","cat":"pose","ph":"X","ts":119066,"dur":94,"pid":1,"tid":0},
{"name":"RigExecScaleConstraint spine_ik_spine_2_bind_scale_to_spine_2_bind","cat":"pose","ph":"X","ts":119161,"dur":85,"pid":1,"tid":0},
{"name":"RigExecParentConstraint spine_ik_spine_2_bind_to_spine_2_bind","cat":"pose","ph":"X","ts":119246,"dur":85,"pid":1,"tid":0},
{"name":"RigExecScaleConstraint spine_ik_spine_3_bind_scale_to_spine_3_bind","cat":"pose","ph":"X","ts":119331,"dur":81,"pid":1,"tid":0},
{"name":"RigExecParentConstraint spine_ik_spine_3_bind_to_spine_3_bind","cat":"pose","ph":"X","ts":119413,"dur":81,"pid":1,"tid":0},
{"name":"RigExecScaleConstraint spine_ik_spine_4_bind_scale_to_spine_4_bind","cat":"pose","ph":"X","ts":119494,"dur":75,"pid":1,"tid":0},
{"name":"RigExecParentConstraint spine_ik_spine_4_bind_to_spine_4_bind","cat":"pose","ph":"X","ts":119569,"dur":76,"pid":1,"tid":0},
{"name":"RigExecScaleConstraint spine_ik_spine_5_bind_scale_to_spine_5_bind","cat":"pose","ph":"X","ts":119645,"dur":70,"pid":1,"tid":0},
{"name":"RigExecParentConstraint spine_ik_spine_5_bind_to_spine_5_bind","cat":"pose","ph":"X","ts":119716,"dur":73,"pid":1,"tid":0},
{"name":"RigExecScaleConstraint spine_ik_chest_bind_scale_to_chest_bind","cat":"pose","ph":"X","ts":119790,"dur":68,"pid":1,"tid":0},
{"name":"RigExecParentConstraint spine_ik_chest_bind_to_chest_bind","cat":"pose","ph":"X","ts":119858,"dur":70,"pid":1,"tid":0},
{"name":"RigExecParentConstraint spine_end_ctl_drives_chest_bind","cat":"pose","ph":"X","ts":119928,"dur":66,"pid":1,"tid":0},
{"name":"RigExecPositionConstraint pelvis_r_ctl_drives_pelvis_r_bind","cat":"pose","ph":"X","ts":119994,"dur":33,"pid":1,"tid":0},
{"name":"RigExecPositionConstraint pelvis_l_ctl_drives_pelvis_l_bind","cat":"pose","ph":"X","ts":120027,"dur":28,"pid":1,"tid":0},
{"name":"RigExecPositionConstraint clavicle_r_ctl_drives_clavicle_r_bind","cat":"pose","ph":"X","ts":120055,"dur":27,"pid":1,"tid":0},
{"name":"RigExecPositionConstraint clavicle_l_ctl_drives_clavicle_l_bind","cat":"pose","ph":"X","ts":120083,"dur":28,"pid":1,"tid":0},
{"name":"RigExecScaleConstraint neck_ik_neck_0_bind_scale_to_neck_0_bind","cat":"pose","ph":"X","ts":120112,"dur":30,"pid":1,"tid":0},
{"name":"RigExecParentConstraint neck_ik_neck_0_bind_to_neck_0_bind","cat":"pose","ph":"X","ts":120142,"dur":36,"pid":1,"tid":0},
{"name":"RigExecScaleConstraint neck_ik_neck_1_bind_scale_to_neck_1_bind","cat":"pose","ph":"X","ts":120178,"dur":29,"pid":1,"tid":0},
{"name":"RigExecParentConstraint neck_ik_neck_1_bind_to_neck_1_bind","cat":"pose","ph":"X","ts":120207,"dur":33,"pid":1,"tid":0},
{"name":"RigExecScaleConstraint neck_ik_neck_2_bind_scale_to_neck_2_bind","cat":"pose","ph":"X","ts":120241,"dur":26,"pid":1,"tid":0},
{"name":"RigExecParentConstraint neck_ik_neck_2_bind_to_neck_2_bind","cat":"pose","ph":"X","ts":120268,"dur":31,"pid":1,"tid":0},
{"name":"RigExecScaleConstraint neck_ik_neck_3_bind_scale_to_neck_3_bind","cat":"pose","ph":"X","ts":120299,"dur":26,"pid":1,"tid":0},
{"name":"RigExecParentConstraint neck_ik_neck_3_bind_to_neck_3_bind","cat":"pose","ph":"X","ts":120326,"dur":31,"pid":1,"tid":0},
{"name":"RigExecScaleConstraint neck_ik_skull_bind_scale_to_skull_bind","cat":"pose","ph":"X","ts":120357,"dur":26,"pid":1,"tid":0},
{"name":"RigExecParentConstraint neck_ik_skull_bind_to_skull_bind","cat":"pose","ph":"X","ts":120383,"dur":33,"pid":1,"tid":0},
{"name":"RigExecAimConstraint pelvis_trans_r_bind_aim","cat":"pose","ph":"X","ts":120417,"dur":18,"pid":1,"tid":0},
{"name":"RigExecAimConstraint pelvis_trans_l_bind_aim","cat":"pose","ph":"X","ts":120435,"dur":19,"pid":1,"tid":0},
{"name":"RigExecAimConstraint kneeTwist_r_bind_aim","cat":"pose","ph":"X","ts":120454,"dur":16,"pid":1,"tid":0},
{"name":"RigExecAimConstraint kneeTwist_l_bind_aim","cat":"pose","ph":"X","ts":120470,"dur":16,"pid":1,"tid":0},
{"name":"RigExecAimConstraint thighNoTwist_r_bind_aim","cat":"pose","ph":"X","ts":120488,"dur":15,"pid":1,"tid":0},
{"name":"RigExecAimConstraint thighNoTwist_l_bind_aim","cat":"pose","ph":"X","ts":120504,"dur":15,"pid":1,"tid":0},
{"name":"RigExecAimConstraint clavicle_trans_r_bind_aim","cat":"pose","ph":"X","ts":120519,"dur":18,"pid":1,"tid":0},
{"name":"RigExecAimConstraint clavicle_trans_l_bind_aim","cat":"pose","ph":"X","ts":120537,"dur":17,"pid":1,"tid":0},
{"name":"RigExecAimConstraint elbowTwist_r_bind_aim","cat":"pose","ph":"X","ts":120554,"dur":17,"pid":1,"tid":0},
{"name":"RigExecAimConstraint elbowTwist_l_bind_aim","cat":"pose","ph":"X","ts":120571,"dur":16,"pid":1,"tid":0},
{"name":"RigExecAimConstraint shoulderNoTwist_r_bind_aim","cat":"pose","ph":"X","ts":120587,"dur":16,"pid":1,"tid":0},
{"name":"RigExecAimConstraint shoulderNoTwist_l_bind_aim","cat":"pose","ph":"X","ts":120603,"dur":16,"pid":1,"tid":0},
{"name":"RigExecParentConstraint leg_r_params_to_ankle_r_bind","cat":"pose","ph":"X","ts":120619,"dur":17,"pid":1,"tid":0},
{"name":"RigExecParentConstraint leg_l_params_to_ankle_l_bind","cat":"pose","ph":"X","ts":120636,"dur":16,"pid":1,"tid":0},
{"name":"RigExecParentConstraint arm_r_params_to_wrist_r_bind","cat":"pose","ph":"X","ts":120652,"dur":17,"pid":1,"tid":0},
{"name":"RigExecParentConstraint arm_l_params_to_wrist_l_bind","cat":"pose","ph":"X","ts":120669,"dur":16,"pid":1,"tid":0},
{"name":"AuthoritativeSnapshot","cat":"exec","ph":"X","ts":120760,"dur":1504,"pid":1,"tid":0},
{"name":"Assemble body_geo_skin","cat":"geometry","ph":"X","ts":123172,"dur":1232,"pid":1,"tid":0},
{"name":"GraphEvaluate","cat":"geometry","ph":"X","ts":124415,"dur":436,"pid":1,"tid":0},
{"name":"AssembleDerived extent","cat":"geometry","ph":"X","ts":124863,"dur":173,"pid":1,"tid":0},
{"name":"DerivedEvaluate","cat":"geometry","ph":"X","ts":125196,"dur":308,"pid":1,"tid":0},
{"name":"Derived /Biped/Geom/body_geo.points","cat":"geometry","ph":"X","ts":124856,"dur":884,"pid":1,"tid":0},
{"name":"Chain /Biped/Geom/body_geo.points","cat":"geometry","ph":"X","ts":122933,"dur":2807,"pid":1,"tid":0},
{"name":"Evaluate@1","cat":"evaluate","ph":"X","ts":114760,"dur":11124,"pid":1,"tid":0},
{"name":"PropertyChain /Biped/Rig/Movers/ballRoll_l_down_rc/ballRoll_l_down_rotation.inputs:defaultWeight","cat":"property","ph":"X","ts":126016,"dur":39,"pid":1,"tid":0},
{"name":"PropertyChain /Biped/Rig/Movers/ballRoll_l_up_rc/ballRoll_l_up_rotation.inputs:defaultWeight","cat":"property","ph":"X","ts":126057,"dur":13,"pid":1,"tid":0},
{"name":"PropertyChain /Biped/Rig/Movers/ballRoll_r_down_rc/ballRoll_r_down_rotation.inputs:defaultWeight","cat":"property","ph":"X","ts":126071,"dur":19,"pid":1,"tid":0},
{"name":"PropertyChain /Biped/Rig/Movers/ballRoll_r_up_rc/ballRoll_r_up_rotation.inputs:defaultWeight","cat":"property","ph":"X","ts":126090,"dur":18,"pid":1,"tid":0},
{"name":"PropertyChain /Biped/Rig/Movers/bankIn_l_pivot_rc/bankIn_l_pivot_rotation.inputs:defaultWeight","cat":"property","ph":"X","ts":126108,"dur":11,"pid":1,"tid":0},
{"name":"PropertyChain /Biped/Rig/Movers/bankIn_r_pivot_rc/bankIn_r_pivot_rotation.inputs:defaultWeight","cat":"property","ph":"X","ts":126119,"dur":10,"pid":1,"tid":0},
{"name":"PropertyChain /Biped/Rig/Movers/bankOut_l_pivot_rc/bankOut_l_pivot_rotation.inputs:defaultWeight","cat":"property","ph":"X","ts":126129,"dur":10,"pid":1,"tid":0},
{"name":"PropertyChain /Biped/Rig/Movers/bankOut_r_pivot_rc/bankOut_r_pivot_rotation.inputs:defaultWeight","cat":"property","ph":"X","ts":126139,"dur":10,"pid":1,"tid":0},
{"name":"PropertyChain /Biped/Rig/Movers/heel_l_roll_rc/heel_l_roll_rotation.inputs:defaultWeight","cat":"property","ph":"X","ts":126149,"dur":10,"pid":1,"tid":0},
{"name":"PropertyChain /Biped/Rig/Movers/heel_r_roll_rc/heel_r_roll_rotation.inputs:defaultWeight","cat":"property","ph":"X","ts":126159,"dur":10,"pid":1,"tid":0},
{"name":"PropertyChain /Biped/Rig/Movers/toe_l_roll_rc/toe_l_roll_rotation.inputs:defaultWeight","cat":"property","ph":"X","ts":126169,"dur":16,"pid":1,"tid":0},
{"name":"PropertyChain /Biped/Rig/Movers/toe_r_roll_rc/toe_r_roll_rotation.inputs:defaultWeight","cat":"property","ph":"X","ts":126186,"dur":15,"pid":1,"tid":0},
{"name":"PropertyChains","cat":"property","ph":"X","ts":126015,"dur":187,"pid":1,"tid":0},
{"name":"PoseSeed","cat":"pose","ph":"X","ts":126202,"dur":700,"pid":1,"tid":0},
{"name":"ExecEvaluate","cat":"exec","ph":"X","ts":127150,"dur":78,"pid":1,"tid":0},
{"name":"SolverBatch L0","cat":"pose","ph":"X","ts":127147,"dur":82,"pid":1,"tid":0},
{"name":"ExecEvaluate","cat":"exec","ph":"X","ts":127231,"dur":92,"pid":1,"tid":0},
{"name":"SolverBatch L0","cat":"pose","ph":"X","ts":127230,"dur":94,"pid":1,"tid":0},
{"name":"ExecEvaluate","cat":"exec","ph":"X","ts":127325,"dur":73,"pid":1,"tid":0},
{"name":"SolverBatch L0","cat":"pose","ph":"X","ts":127324,"dur":74,"pid":1,"tid":0},
{"name":"ExecEvaluate","cat":"exec","ph":"X","ts":127400,"dur":85,"pid":1,"tid":0},
{"name":"SolverBatch L0","cat":"pose","ph":"X","ts":127399,"dur":86,"pid":1,"tid":0},
{"name":"ExecEvaluate","cat":"exec","ph":"X","ts":127486,"dur":81,"pid":1,"tid":0},
{"name":"SolverBatch L0","cat":"pose","ph":"X","ts":127485,"dur":83,"pid":1,"tid":0},
{"name":"ExecEvaluate","cat":"exec","ph":"X","ts":127569,"dur":69,"pid":1,"tid":0},
{"name":"SolverBatch L0","cat":"pose","ph":"X","ts":127568,"dur":71,"pid":1,"tid":0},
{"name":"ExecEvaluate","cat":"exec","ph":"X","ts":127640,"dur":142,"pid":1,"tid":0},
{"name":"SolverBatch L0","cat":"pose","ph":"X","ts":127639,"dur":148,"pid":1,"tid":0},
{"name":"RigExecParentConstraint spine_mid_follow_pos","cat":"pose","ph":"X","ts":127791,"dur":34,"pid":1,"tid":0},
{"name":"ExecEvaluate","cat":"exec","ph":"X","ts":127826,"dur":75,"pid":1,"tid":0},
{"name":"SolverBatch L1","cat":"pose","ph":"X","ts":127825,"dur":163,"pid":1,"tid":0},
{"name":"ExecEvaluate","cat":"exec","ph":"X","ts":127989,"dur":75,"pid":1,"tid":0},
{"name":"SolverBatch L1","cat":"pose","ph":"X","ts":127988,"dur":172,"pid":1,"tid":0},
{"name":"RigExecAimConstraint spine_mid_follow_aim","cat":"pose","ph":"X","ts":128161,"dur":22,"pid":1,"tid":0},
{"name":"ExecEvaluate","cat":"exec","ph":"X","ts":128185,"dur":151,"pid":1,"tid":0},
{"name":"SolverBatch L2","cat":"pose","ph":"X","ts":128184,"dur":157,"pid":1,"tid":0},
{"name":"RigExecRotationConstraint bankIn_r_pivot_rotation","cat":"pose","ph":"X","ts":128341,"dur":2,"pid":1,"tid":0},
{"name":"RigExecRotationConstraint bankOut_r_pivot_rotation","cat":"pose","ph":"X","ts":128343,"dur":1,"pid":1,"tid":0},
{"name":"RigExecRotationConstraint heel_r_roll_rotation","cat":"pose","ph":"X","ts":128344,"dur":1,"pid":1,"tid":0},
{"name":"RigExecRotationConstraint toe_r_roll_rotation","cat":"pose","ph":"X","ts":128345,"dur":1,"pid":1,"tid":0},
{"name":"ExecEvaluate","cat":"exec","ph":"X","ts":128347,"dur":97,"pid":1,"tid":0},
{"name":"SolverBatch L6","cat":"pose","ph":"X","ts":128346,"dur":99,"pid":1,"tid":0},
{"name":"RigExecRotationConstraint ballRoll_r_up_rotation","cat":"pose","ph":"X","ts":128445,"dur":1,"pid":1,"tid":0},
{"name":"ExecEvaluate","cat":"exec","ph":"X","ts":128448,"dur":76,"pid":1,"tid":0},
{"name":"SolverBatch L7","cat":"pose","ph":"X","ts":128447,"dur":145,"pid":1,"tid":0},
{"name":"RigExecRotationConstraint ballRoll_r_down_rotation","cat":"pose","ph":"X","ts":128593,"dur":1,"pid":1,"tid":0},
{"name":"RigExecAimConstraint ankle_r_bind_aim","cat":"pose","ph":"X","ts":128594,"dur":35,"pid":1,"tid":0},
{"name":"RigExecAimConstraint ball_r_bind_aim","cat":"pose","ph":"X","ts":128630,"dur":24,"pid":1,"tid":0},
{"name":"RigExecRotationConstraint bankIn_l_pivot_rotation","cat":"pose","ph":"X","ts":128654,"dur":1,"pid":1,"tid":0},
{"name":"RigExecRotationConstraint bankOut_l_pivot_rotation","cat":"pose","ph":"X","ts":128655,"dur":1,"pid":1,"tid":0},
{"name":"RigExecRotationConstraint heel_l_roll_rotation","cat":"pose","ph":"X","ts":128657,"dur":1,"pid":1,"tid":0},
{"name":"RigExecRotationConstraint toe_l_roll_rotation","cat":"pose","ph":"X","ts":128658,"dur":1,"pid":1,"tid":0},
{"name":"ExecEvaluate","cat":"exec","ph":"X","ts":128660,"dur":96,"pid":1,"tid":0},
{"name":"SolverBatch L14","cat":"pose","ph":"X","ts":128659,"dur":98,"pid":1,"tid":0},
{"name":"RigExecRotationConstraint ballRoll_l_up_rotation","cat":"pose","ph":"X","ts":128757,"dur":1,"pid":1,"tid":0},
{"name":"ExecEvaluate","cat":"exec","ph":"X","ts":128760,"dur":67,"pid":1,"tid":0},
{"name":"SolverBatch L15","cat":"pose","ph":"X","ts":128759,"dur":138,"pid":1,"tid":0},
{"name":"RigExecRotationConstraint ballRoll_l_down_rotation","cat":"pose","ph":"X","ts":128897,"dur":1,"pid":1,"tid":0},
{"name":"RigExecAimConstraint ankle_l_bind_aim","cat":"pose","ph":"X","ts":128898,"dur":29,"pid":1,"tid":0},
{"name":"RigExecAimConstraint ball_l_bind_aim","cat":"pose","ph":"X","ts":128928,"dur":23,"pid":1,"tid":0},
{"name":"RigExecParentConstraint spine_root_ctl_drives_hips_bind","cat":"pose","ph":"X","ts":128951,"dur":280,"pid":1,"tid":0},
{"name":"RigExecScaleConstraint spine_root_ctl_scales_hips_bind","cat":"pose","ph":"X","ts":129231,"dur":151,"pid":1,"tid":0},
{"name":"RigExecScaleConstraint spine_ik_spine_0_bind_scale_to_spine_0_bind","cat":"pose","ph":"X","ts":129382,"dur":97,"pid":1,"tid":0},
{"name":"RigExecParentConstraint spine_ik_spine_0_bind_to_spine_0_bind","cat":"pose","ph":"X","ts":129480,"dur":90,"pid":1,"tid":0},
{"name":"RigExecScaleConstraint spine_ik_spine_1_bind_scale_to_spine_1_bind","cat":"pose","ph":"X","ts":129570,"dur":83,"pid":1,"tid":0},
{"name":"RigExecParentConstraint spine_ik_spine_1_bind_to_spine_1_bind","cat":"pose","ph":"X","ts":129654,"dur":79,"pid":1,"tid":0},
{"name":"RigExecScaleConstraint spine_ik_spine_2_bind_scale_to_spine_2_bind","cat":"pose","ph":"X","ts":129733,"dur":79,"pid":1,"tid":0},
{"name":"RigExecParentConstraint spine_ik_spine_2_bind_to_spine_2_bind","cat":"pose","ph":"X","ts":129812,"dur":75,"pid":1,"tid":0},
{"name":"RigExecScaleConstraint spine_ik_spine_3_bind_scale_to_spine_3_bind","cat":"pose","ph":"X","ts":129887,"dur":73,"pid":1,"tid":0},
{"name":"RigExecParentConstraint spine_ik_spine_3_bind_to_spine_3_bind","cat":"pose","ph":"X","ts":129961,"dur":70,"pid":1,"tid":0},
{"name":"RigExecScaleConstraint spine_ik_spine_4_bind_scale_to_spine_4_bind","cat":"pose","ph":"X","ts":130032,"dur":73,"pid":1,"tid":0},
{"name":"RigExecParentConstraint spine_ik_spine_4_bind_to_spine_4_bind","cat":"pose","ph":"X","ts":130106,"dur":65,"pid":1,"tid":0},
{"name":"RigExecScaleConstraint spine_ik_spine_5_bind_scale_to_spine_5_bind","cat":"pose","ph":"X","ts":130172,"dur":64,"pid":1,"tid":0},
{"name":"RigExecParentConstraint spine_ik_spine_5_bind_to_spine_5_bind","cat":"pose","ph":"X","ts":130237,"dur":62,"pid":1,"tid":0},
{"name":"RigExecScaleConstraint spine_ik_chest_bind_scale_to_chest_bind","cat":"pose","ph":"X","ts":130300,"dur":61,"pid":1,"tid":0},
{"name":"RigExecParentConstraint spine_ik_chest_bind_to_chest_bind","cat":"pose","ph":"X","ts":130362,"dur":58,"pid":1,"tid":0},
{"name":"RigExecParentConstraint spine_end_ctl_drives_chest_bind","cat":"pose","ph":"X","ts":130420,"dur":54,"pid":1,"tid":0},
{"name":"RigExecPositionConstraint pelvis_r_ctl_drives_pelvis_r_bind","cat":"pose","ph":"X","ts":130474,"dur":26,"pid":1,"tid":0},
{"name":"RigExecPositionConstraint pelvis_l_ctl_drives_pelvis_l_bind","cat":"pose","ph":"X","ts":130501,"dur":22,"pid":1,"tid":0},
{"name":"RigExecPositionConstraint clavicle_r_ctl_drives_clavicle_r_bind","cat":"pose","ph":"X","ts":130524,"dur":21,"pid":1,"tid":0},
{"name":"RigExecPositionConstraint clavicle_l_ctl_drives_clavicle_l_bind","cat":"pose","ph":"X","ts":130546,"dur":20,"pid":1,"tid":0},
{"name":"RigExecScaleConstraint neck_ik_neck_0_bind_scale_to_neck_0_bind","cat":"pose","ph":"X","ts":130567,"dur":24,"pid":1,"tid":0},
{"name":"RigExecParentConstraint neck_ik_neck_0_bind_to_neck_0_bind","cat":"pose","ph":"X","ts":130591,"dur":25,"pid":1,"tid":0},
{"name":"RigExecScaleConstraint neck_ik_neck_1_bind_scale_to_neck_1_bind","cat":"pose","ph":"X","ts":130617,"dur":22,"pid":1,"tid":0},
{"name":"RigExecParentConstraint neck_ik_neck_1_bind_to_neck_1_bind","cat":"pose","ph":"X","ts":130640,"dur":23,"pid":1,"tid":0},
{"name":"RigExecScaleConstraint neck_ik_neck_2_bind_scale_to_neck_2_bind","cat":"pose","ph":"X","ts":130664,"dur":21,"pid":1,"tid":0},
{"name":"RigExecParentConstraint neck_ik_neck_2_bind_to_neck_2_bind","cat":"pose","ph":"X","ts":130685,"dur":22,"pid":1,"tid":0},
{"name":"RigExecScaleConstraint neck_ik_neck_3_bind_scale_to_neck_3_bind","cat":"pose","ph":"X","ts":130707,"dur":20,"pid":1,"tid":0},
{"name":"RigExecParentConstraint neck_ik_neck_3_bind_to_neck_3_bind","cat":"pose","ph":"X","ts":130727,"dur":21,"pid":1,"tid":0},
{"name":"RigExecScaleConstraint neck_ik_skull_bind_scale_to_skull_bind","cat":"pose","ph":"X","ts":130749,"dur":19,"pid":1,"tid":0},
{"name":"RigExecParentConstraint neck_ik_skull_bind_to_skull_bind","cat":"pose","ph":"X","ts":130768,"dur":19,"pid":1,"tid":0},
{"name":"RigExecAimConstraint pelvis_trans_r_bind_aim","cat":"pose","ph":"X","ts":130788,"dur":10,"pid":1,"tid":0},
{"name":"RigExecAimConstraint pelvis_trans_l_bind_aim","cat":"pose","ph":"X","ts":130799,"dur":9,"pid":1,"tid":0},
{"name":"RigExecAimConstraint kneeTwist_r_bind_aim","cat":"pose","ph":"X","ts":130809,"dur":8,"pid":1,"tid":0},
{"name":"RigExecAimConstraint kneeTwist_l_bind_aim","cat":"pose","ph":"X","ts":130818,"dur":9,"pid":1,"tid":0},
{"name":"RigExecAimConstraint thighNoTwist_r_bind_aim","cat":"pose","ph":"X","ts":130827,"dur":8,"pid":1,"tid":0},
{"name":"RigExecAimConstraint thighNoTwist_l_bind_aim","cat":"pose","ph":"X","ts":130835,"dur":8,"pid":1,"tid":0},
{"name":"RigExecAimConstraint clavicle_trans_r_bind_aim","cat":"pose","ph":"X","ts":130843,"dur":10,"pid":1,"tid":0},
{"name":"RigExecAimConstraint clavicle_trans_l_bind_aim","cat":"pose","ph":"X","ts":130853,"dur":9,"pid":1,"tid":0},
{"name":"RigExecAimConstraint elbowTwist_r_bind_aim","cat":"pose","ph":"X","ts":130862,"dur":9,"pid":1,"tid":0},
{"name":"RigExecAimConstraint elbowTwist_l_bind_aim","cat":"pose","ph":"X","ts":130872,"dur":8,"pid":1,"tid":0},
{"name":"RigExecAimConstraint shoulderNoTwist_r_bind_aim","cat":"pose","ph":"X","ts":130881,"dur":8,"pid":1,"tid":0},
{"name":"RigExecAimConstraint shoulderNoTwist_l_bind_aim","cat":"pose","ph":"X","ts":130889,"dur":8,"pid":1,"tid":0},
{"name":"RigExecParentConstraint leg_r_params_to_ankle_r_bind","cat":"pose","ph":"X","ts":130897,"dur":7,"pid":1,"tid":0},
{"name":"RigExecParentConstraint leg_l_params_to_ankle_l_bind","cat":"pose","ph":"X","ts":130905,"dur":7,"pid":1,"tid":0},
{"name":"RigExecParentConstraint arm_r_params_to_wrist_r_bind","cat":"pose","ph":"X","ts":130912,"dur":7,"pid":1,"tid":0},
{"name":"RigExecParentConstraint arm_l_params_to_wrist_l_bind","cat":"pose","ph":"X","ts":130920,"dur":7,"pid":1,"tid":0},
{"name":"AuthoritativeSnapshot","cat":"exec","ph":"X","ts":131005,"dur":1043,"pid":1,"tid":0},
{"name":"Assemble body_geo_skin","cat":"geometry","ph":"X","ts":132805,"dur":10,"pid":1,"tid":0},
{"name":"GraphEvaluate","cat":"geometry","ph":"X","ts":132820,"dur":378,"pid":1,"tid":0},
{"name":"AssembleDerived extent","cat":"geometry","ph":"X","ts":133209,"dur":296,"pid":1,"tid":0},
{"name":"DerivedEvaluate","cat":"geometry","ph":"X","ts":133532,"dur":53,"pid":1,"tid":0},
{"name":"Derived /Biped/Geom/body_geo.points","cat":"geometry","ph":"X","ts":133200,"dur":403,"pid":1,"tid":0},
{"name":"Chain /Biped/Geom/body_geo.points","cat":"geometry","ph":"X","ts":132761,"dur":842,"pid":1,"tid":0},
{"name":"Evaluate@2","cat":"evaluate","ph":"X","ts":125995,"dur":7737,"pid":1,"tid":0},
{"name":"PropertyChain /Biped/Rig/Movers/ballRoll_l_down_rc/ballRoll_l_down_rotation.inputs:defaultWeight","cat":"property","ph":"X","ts":133850,"dur":31,"pid":1,"tid":0},
{"name":"PropertyChain /Biped/Rig/Movers/ballRoll_l_up_rc/ballRoll_l_up_rotation.inputs:defaultWeight","cat":"property","ph":"X","ts":133882,"dur":12,"pid":1,"tid":0},
{"name":"PropertyChain /Biped/Rig/Movers/ballRoll_r_down_rc/ballRoll_r_down_rotation.inputs:defaultWeight","cat":"property","ph":"X","ts":133900,"dur":18,"pid":1,"tid":0},
{"name":"PropertyChain /Biped/Rig/Movers/ballRoll_r_up_rc/ballRoll_r_up_rotation.inputs:defaultWeight","cat":"property","ph":"X","ts":133918,"dur":12,"pid":1,"tid":0},
{"name":"PropertyChain /Biped/Rig/Movers/bankIn_l_pivot_rc/bankIn_l_pivot_rotation.inputs:defaultWeight","cat":"property","ph":"X","ts":133931,"dur":10,"pid":1,"tid":0},
{"name":"PropertyChain /Biped/Rig/Movers/bankIn_r_pivot_rc/bankIn_r_pivot_rotation.inputs:defaultWeight","cat":"property","ph":"X","ts":133942,"dur":8,"pid":1,"tid":0},
{"name":"PropertyChain /Biped/Rig/Movers/bankOut_l_pivot_rc/bankOut_l_pivot_rotation.inputs:defaultWeight","cat":"property","ph":"X","ts":133951,"dur":9,"pid":1,"tid":0},
{"name":"PropertyChain /Biped/Rig/Movers/bankOut_r_pivot_rc/bankOut_r_pivot_rotation.inputs:defaultWeight","cat":"property","ph":"X","ts":133960,"dur":9,"pid":1,"tid":0},
{"name":"PropertyChain /Biped/Rig/Movers/heel_l_roll_rc/heel_l_roll_rotation.inputs:defaultWeight","cat":"property","ph":"X","ts":133970,"dur":9,"pid":1,"tid":0},
{"name":"PropertyChain /Biped/Rig/Movers/heel_r_roll_rc/heel_r_roll_rotation.inputs:defaultWeight","cat":"property","ph":"X","ts":133979,"dur":9,"pid":1,"tid":0},
{"name":"PropertyChain /Biped/Rig/Movers/toe_l_roll_rc/toe_l_roll_rotation.inputs:defaultWeight","cat":"property","ph":"X","ts":133989,"dur":14,"pid":1,"tid":0},
{"name":"PropertyChain /Biped/Rig/Movers/toe_r_roll_rc/toe_r_roll_rotation.inputs:defaultWeight","cat":"property","ph":"X","ts":134003,"dur":14,"pid":1,"tid":0},
{"name":"PropertyChains","cat":"property","ph":"X","ts":133848,"dur":170,"pid":1,"tid":0},
{"name":"PoseSeed","cat":"pose","ph":"X","ts":134018,"dur":476,"pid":1,"tid":0},
{"name":"ExecEvaluate","cat":"exec","ph":"X","ts":134726,"dur":86,"pid":1,"tid":0},
{"name":"SolverBatch L0","cat":"pose","ph":"X","ts":134725,"dur":88,"pid":1,"tid":0},
{"name":"ExecEvaluate","cat":"exec","ph":"X","ts":134814,"dur":143,"pid":1,"tid":0},
{"name":"SolverBatch L0","cat":"pose","ph":"X","ts":134813,"dur":144,"pid":1,"tid":0},
{"name":"ExecEvaluate","cat":"exec","ph":"X","ts":134958,"dur":66,"pid":1,"tid":0},
{"name":"SolverBatch L0","cat":"pose","ph":"X","ts":134957,"dur":67,"pid":1,"tid":0},
{"name":"ExecEvaluate","cat":"exec","ph":"X","ts":135025,"dur":89,"pid":1,"tid":0},
{"name":"SolverBatch L0","cat":"pose","ph":"X","ts":135024,"dur":90,"pid":1,"tid":0},
{"name":"ExecEvaluate","cat":"exec","ph":"X","ts":135115,"dur":70,"pid":1,"tid":0},
{"name":"SolverBatch L0","cat":"pose","ph":"X","ts":135114,"dur":72,"pid":1,"tid":0},
{"name":"ExecEvaluate","cat":"exec","ph":"X","ts":135187,"dur":74,"pid":1,"tid":0},
{"name":"SolverBatch L0","cat":"pose","ph":"X","ts":135186,"dur":75,"pid":1,"tid":0},
{"name":"ExecEvaluate","cat":"exec","ph":"X","ts":135262,"dur":129,"pid":1,"tid":0},
{"name":"SolverBatch L0","cat":"pose","ph":"X","ts":135261,"dur":135,"pid":1,"tid":0},
{"name":"RigExecParentConstraint spine_mid_follow_pos","cat":"pose","ph":"X","ts":135396,"dur":25,"pid":1,"tid":0},
{"name":"ExecEvaluate","cat":"exec","ph":"X","ts":135423,"dur":67,"pid":1,"tid":0},
{"name":"SolverBatch L1","cat":"pose","ph":"X","ts":135421,"dur":151,"pid":1,"tid":0},
{"name":"ExecEvaluate","cat":"exec","ph":"X","ts":135573,"dur":66,"pid":1,"tid":0},
{"name":"SolverBatch L1","cat":"pose","ph":"X","ts":135572,"dur":151,"pid":1,"tid":0},
{"name":"RigExecAimConstraint spine_mid_follow_aim","cat":"pose","ph":"X","ts":135724,"dur":16,"pid":1,"tid":0},
{"name":"ExecEvaluate","cat":"exec","ph":"X","ts":135741,"dur":136,"pid":1,"tid":0},
{"name":"SolverBatch L2","cat":"pose","ph":"X","ts":135740,"dur":142,"pid":1,"tid":0},
{"name":"RigExecRotationConstraint bankIn_r_pivot_rotation","cat":"pose","ph":"X","ts":135882,"dur":2,"pid":1,"tid":0},
{"name":"RigExecRotationConstraint bankOut_r_pivot_rotation","cat":"pose","ph":"X","ts":135884,"dur":1,"pid":1,"tid":0},
{"name":"RigExecRotationConstraint heel_r_roll_rotation","cat":"pose","ph":"X","ts":135885,"dur":1,"pid":1,"tid":0},
{"name":"RigExecRotationConstraint toe_r_roll_rotation","cat":"pose","ph":"X","ts":135886,"dur":1,"pid":1,"tid":0},
{"name":"ExecEvaluate","cat":"exec","ph":"X","ts":135888,"dur":81,"pid":1,"tid":0},
{"name":"SolverBatch L6","cat":"pose","ph":"X","ts":135887,"dur":83,"pid":1,"tid":0},
{"name":"RigExecRotationConstraint ballRoll_r_up_rotation","cat":"pose","ph":"X","ts":135970,"dur":1,"pid":1,"tid":0},
{"name":"ExecEvaluate","cat":"exec","ph":"X","ts":135973,"dur":83,"pid":1,"tid":0},
{"name":"SolverBatch L7","cat":"pose","ph":"X","ts":135972,"dur":154,"pid":1,"tid":0},
{"name":"RigExecRotationConstraint ballRoll_r_down_rotation","cat":"pose","ph":"X","ts":136127,"dur":1,"pid":1,"tid":0},
{"name":"RigExecAimConstraint ankle_r_bind_aim","cat":"pose","ph":"X","ts":136128,"dur":32,"pid":1,"tid":0},
{"name":"RigExecAimConstraint ball_r_bind_aim","cat":"pose","ph":"X","ts":136160,"dur":23,"pid":1,"tid":0},
{"name":"RigExecRotationConstraint bankIn_l_pivot_rotation","cat":"pose","ph":"X","ts":136183,"dur":1,"pid":1,"tid":0},
{"name":"RigExecRotationConstraint bankOut_l_pivot_rotation","cat":"pose","ph":"X","ts":136185,"dur":0,"pid":1,"tid":0},
{"name":"RigExecRotationConstraint heel_l_roll_rotation","cat":"pose","ph":"X","ts":136186,"dur":0,"pid":1,"tid":0},
{"name":"RigExecRotationConstraint toe_l_roll_rotation","cat":"pose","ph":"X","ts":136186,"dur":1,"pid":1,"tid":0},
{"name":"ExecEvaluate","cat":"exec","ph":"X","ts":136188,"dur":99,"pid":1,"tid":0},
{"name":"SolverBatch L14","cat":"pose","ph":"X","ts":136187,"dur":101,"pid":1,"tid":0},
{"name":"RigExecRotationConstraint ballRoll_l_up_rotation","cat":"pose","ph":"X","ts":136289,"dur":1,"pid":1,"tid":0},
{"name":"ExecEvaluate","cat":"exec","ph":"X","ts":136291,"dur":64,"pid":1,"tid":0},
{"name":"SolverBatch L15","cat":"pose","ph":"X","ts":136290,"dur":131,"pid":1,"tid":0},
{"name":"RigExecRotationConstraint ballRoll_l_down_rotation","cat":"pose","ph":"X","ts":136421,"dur":1,"pid":1,"tid":0},
{"name":"RigExecAimConstraint ankle_l_bind_aim","cat":"pose","ph":"X","ts":136422,"dur":28,"pid":1,"tid":0},
{"name":"RigExecAimConstraint ball_l_bind_aim","cat":"pose","ph":"X","ts":136450,"dur":23,"pid":1,"tid":0},
{"name":"RigExecParentConstraint spine_root_ctl_drives_hips_bind","cat":"pose","ph":"X","ts":136473,"dur":267,"pid":1,"tid":0},
{"name":"RigExecScaleConstraint spine_root_ctl_scales_hips_bind","cat":"pose","ph":"X","ts":136740,"dur":147,"pid":1,"tid":0},
{"name":"RigExecScaleConstraint spine_ik_spine_0_bind_scale_to_spine_0_bind","cat":"pose","ph":"X","ts":136887,"dur":96,"pid":1,"tid":0},
{"name":"RigExecParentConstraint spine_ik_spine_0_bind_to_spine_0_bind","cat":"pose","ph":"X","ts":136983,"dur":88,"pid":1,"tid":0},
{"name":"RigExecScaleConstraint spine_ik_spine_1_bind_scale_to_spine_1_bind","cat":"pose","ph":"X","ts":137072,"dur":87,"pid":1,"tid":0},
{"name":"RigExecParentConstraint spine_ik_spine_1_bind_to_spine_1_bind","cat":"pose","ph":"X","ts":137159,"dur":79,"pid":1,"tid":0},
{"name":"RigExecScaleConstraint spine_ik_spine_2_bind_scale_to_spine_2_bind","cat":"pose","ph":"X","ts":137238,"dur":77,"pid":1,"tid":0},
{"name":"RigExecParentConstraint spine_ik_spine_2_bind_to_spine_2_bind","cat":"pose","ph":"X","ts":137315,"dur":73,"pid":1,"tid":0},
{"name":"RigExecScaleConstraint spine_ik_spine_3_bind_scale_to_spine_3_bind","cat":"pose","ph":"X","ts":137388,"dur":73,"pid":1,"tid":0},
{"name":"RigExecParentConstraint spine_ik_spine_3_bind_to_spine_3_bind","cat":"pose","ph":"X","ts":137461,"dur":68,"pid":1,"tid":0},
{"name":"RigExecScaleConstraint spine_ik_spine_4_bind_scale_to_spine_4_bind","cat":"pose","ph":"X","ts":137529,"dur":68,"pid":1,"tid":0},
{"name":"RigExecParentConstraint spine_ik_spine_4_bind_to_spine_4_bind","cat":"pose","ph":"X","ts":137597,"dur":63,"pid":1,"tid":0},
{"name":"RigExecScaleConstraint spine_ik_spine_5_bind_scale_to_spine_5_bind","cat":"pose","ph":"X","ts":137661,"dur":64,"pid":1,"tid":0},
{"name":"RigExecParentConstraint spine_ik_spine_5_bind_to_spine_5_bind","cat":"pose","ph":"X","ts":137725,"dur":61,"pid":1,"tid":0},
{"name":"RigExecScaleConstraint spine_ik_chest_bind_scale_to_chest_bind","cat":"pose","ph":"X","ts":137786,"dur":59,"pid":1,"tid":0},
{"name":"RigExecParentConstraint spine_ik_chest_bind_to_chest_bind","cat":"pose","ph":"X","ts":137846,"dur":55,"pid":1,"tid":0},
{"name":"RigExecParentConstraint spine_end_ctl_drives_chest_bind","cat":"pose","ph":"X","ts":137901,"dur":53,"pid":1,"tid":0},
{"name":"RigExecPositionConstraint pelvis_r_ctl_drives_pelvis_r_bind","cat":"pose","ph":"X","ts":137955,"dur":24,"pid":1,"tid":0},
{"name":"RigExecPositionConstraint pelvis_l_ctl_drives_pelvis_l_bind","cat":"pose","ph":"X","ts":137979,"dur":22,"pid":1,"tid":0},
{"name":"RigExecPositionConstraint clavicle_r_ctl_drives_clavicle_r_bind","cat":"pose","ph":"X","ts":138001,"dur":22,"pid":1,"tid":0},
{"name":"RigExecPositionConstraint clavicle_l_ctl_drives_clavicle_l_bind","cat":"pose","ph":"X","ts":138023,"dur":21,"pid":1,"tid":0},
{"name":"RigExecScaleConstraint neck_ik_neck_0_bind_scale_to_neck_0_bind","cat":"pose","ph":"X","ts":138044,"dur":24,"pid":1,"tid":0},
{"name":"RigExecParentConstraint neck_ik_neck_0_bind_to_neck_0_bind","cat":"pose","ph":"X","ts":138068,"dur":24,"pid":1,"tid":0},
{"name":"RigExecScaleConstraint neck_ik_neck_1_bind_scale_to_neck_1_bind","cat":"pose","ph":"X","ts":138092,"dur":25,"pid":1,"tid":0},
{"name":"RigExecParentConstraint neck_ik_neck_1_bind_to_neck_1_bind","cat":"pose","ph":"X","ts":138117,"dur":22,"pid":1,"tid":0},
{"name":"RigExecScaleConstraint neck_ik_neck_2_bind_scale_to_neck_2_bind","cat":"pose","ph":"X","ts":138140,"dur":20,"pid":1,"tid":0},
{"name":"RigExecParentConstraint neck_ik_neck_2_bind_to_neck_2_bind","cat":"pose","ph":"X","ts":138161,"dur":21,"pid":1,"tid":0},
{"name":"RigExecScaleConstraint neck_ik_neck_3_bind_scale_to_neck_3_bind","cat":"pose","ph":"X","ts":138182,"dur":19,"pid":1,"tid":0},
{"name":"RigExecParentConstraint neck_ik_neck_3_bind_to_neck_3_bind","cat":"pose","ph":"X","ts":138202,"dur":19,"pid":1,"tid":0},
{"name":"RigExecScaleConstraint neck_ik_skull_bind_scale_to_skull_bind","cat":"pose","ph":"X","ts":138221,"dur":23,"pid":1,"tid":0},
{"name":"RigExecParentConstraint neck_ik_skull_bind_to_skull_bind","cat":"pose","ph":"X","ts":138245,"dur":19,"pid":1,"tid":0},
{"name":"RigExecAimConstraint pelvis_trans_r_bind_aim","cat":"pose","ph":"X","ts":138264,"dur":9,"pid":1,"tid":0},
{"name":"RigExecAimConstraint pelvis_trans_l_bind_aim","cat":"pose","ph":"X","ts":138273,"dur":9,"pid":1,"tid":0},
{"name":"RigExecAimConstraint kneeTwist_r_bind_aim","cat":"pose","ph":"X","ts":138282,"dur":7,"pid":1,"tid":0},
{"name":"RigExecAimConstraint kneeTwist_l_bind_aim","cat":"pose","ph":"X","ts":138290,"dur":8,"pid":1,"tid":0},
{"name":"RigExecAimConstraint thighNoTwist_r_bind_aim","cat":"pose","ph":"X","ts":138298,"dur":7,"pid":1,"tid":0},
{"name":"RigExecAimConstraint thighNoTwist_l_bind_aim","cat":"pose","ph":"X","ts":138305,"dur":6,"pid":1,"tid":0},
{"name":"RigExecAimConstraint clavicle_trans_r_bind_aim","cat":"pose","ph":"X","ts":138311,"dur":9,"pid":1,"tid":0},
{"name":"RigExecAimConstraint clavicle_trans_l_bind_aim","cat":"pose","ph":"X","ts":138320,"dur":7,"pid":1,"tid":0},
{"name":"RigExecAimConstraint elbowTwist_r_bind_aim","cat":"pose","ph":"X","ts":138328,"dur":7,"pid":1,"tid":0},
{"name":"RigExecAimConstraint elbowTwist_l_bind_aim","cat":"pose","ph":"X","ts":138335,"dur":8,"pid":1,"tid":0},
{"name":"RigExecAimConstraint shoulderNoTwist_r_bind_aim","cat":"pose","ph":"X","ts":138343,"dur":7,"pid":1,"tid":0},
{"name":"RigExecAimConstraint shoulderNoTwist_l_bind_aim","cat":"pose","ph":"X","ts":138351,"dur":7,"pid":1,"tid":0},
{"name":"RigExecParentConstraint leg_r_params_to_ankle_r_bind","cat":"pose","ph":"X","ts":138358,"dur":7,"pid":1,"tid":0},
{"name":"RigExecParentConstraint leg_l_params_to_ankle_l_bind","cat":"pose","ph":"X","ts":138365,"dur":6,"pid":1,"tid":0},
{"name":"RigExecParentConstraint arm_r_params_to_wrist_r_bind","cat":"pose","ph":"X","ts":138371,"dur":7,"pid":1,"tid":0},
{"name":"RigExecParentConstraint arm_l_params_to_wrist_l_bind","cat":"pose","ph":"X","ts":138378,"dur":7,"pid":1,"tid":0},
{"name":"AuthoritativeSnapshot","cat":"exec","ph":"X","ts":138457,"dur":878,"pid":1,"tid":0},
{"name":"Assemble body_geo_skin","cat":"geometry","ph":"X","ts":140044,"dur":7,"pid":1,"tid":0},
{"name":"GraphEvaluate","cat":"geometry","ph":"X","ts":140055,"dur":233,"pid":1,"tid":0},
{"name":"AssembleDerived extent","cat":"geometry","ph":"X","ts":140299,"dur":37,"pid":1,"tid":0},
{"name":"DerivedEvaluate","cat":"geometry","ph":"X","ts":140361,"dur":57,"pid":1,"tid":0},
{"name":"Derived /Biped/Geom/body_geo.points","cat":"geometry","ph":"X","ts":140290,"dur":145,"pid":1,"tid":0},
{"name":"Chain /Biped/Geom/body_geo.points","cat":"geometry","ph":"X","ts":140000,"dur":436,"pid":1,"tid":0},
{"name":"Evaluate@3","cat":"evaluate","ph":"X","ts":133829,"dur":6731,"pid":1,"tid":0},
{"name":"PropertyChain /Biped/Rig/Movers/ballRoll_l_down_rc/ballRoll_l_down_rotation.inputs:defaultWeight","cat":"property","ph":"X","ts":140715,"dur":30,"pid":1,"tid":0},
{"name":"PropertyChain /Biped/Rig/Movers/ballRoll_l_up_rc/ballRoll_l_up_rotation.inputs:defaultWeight","cat":"property","ph":"X","ts":140746,"dur":11,"pid":1,"tid":0},
{"name":"PropertyChain /Biped/Rig/Movers/ballRoll_r_down_rc/ballRoll_r_down_rotation.inputs:defaultWeight","cat":"property","ph":"X","ts":140757,"dur":17,"pid":1,"tid":0},
{"name":"PropertyChain /Biped/Rig/Movers/ballRoll_r_up_rc/ballRoll_r_up_rotation.inputs:defaultWeight","cat":"property","ph":"X","ts":140774,"dur":10,"pid":1,"tid":0},
{"name":"PropertyChain /Biped/Rig/Movers/bankIn_l_pivot_rc/bankIn_l_pivot_rotation.inputs:defaultWeight","cat":"property","ph":"X","ts":140785,"dur":11,"pid":1,"tid":0},
{"name":"PropertyChain /Biped/Rig/Movers/bankIn_r_pivot_rc/bankIn_r_pivot_rotation.inputs:defaultWeight","cat":"property","ph":"X","ts":140797,"dur":8,"pid":1,"tid":0},
{"name":"PropertyChain /Biped/Rig/Movers/bankOut_l_pivot_rc/bankOut_l_pivot_rotation.inputs:defaultWeight","cat":"property","ph":"X","ts":140806,"dur":8,"pid":1,"tid":0},
{"name":"PropertyChain /Biped/Rig/Movers/bankOut_r_pivot_rc/bankOut_r_pivot_rotation.inputs:defaultWeight","cat":"property","ph":"X","ts":140815,"dur":8,"pid":1,"tid":0},
{"name":"PropertyChain /Biped/Rig/Movers/heel_l_roll_rc/heel_l_roll_rotation.inputs:defaultWeight","cat":"property","ph":"X","ts":140823,"dur":8,"pid":1,"tid":0},
{"name":"PropertyChain /Biped/Rig/Movers/heel_r_roll_rc/heel_r_roll_rotation.inputs:defaultWeight","cat":"property","ph":"X","ts":140834,"dur":7,"pid":1,"tid":0},
{"name":"PropertyChain /Biped/Rig/Movers/toe_l_roll_rc/toe_l_roll_rotation.inputs:defaultWeight","cat":"property","ph":"X","ts":140842,"dur":12,"pid":1,"tid":0},
{"name":"PropertyChain /Biped/Rig/Movers/toe_r_roll_rc/toe_r_roll_rotation.inputs:defaultWeight","cat":"property","ph":"X","ts":140855,"dur":12,"pid":1,"tid":0},
{"name":"PropertyChains","cat":"property","ph":"X","ts":140713,"dur":155,"pid":1,"tid":0},
{"name":"PoseSeed","cat":"pose","ph":"X","ts":140868,"dur":365,"pid":1,"tid":0},
{"name":"ExecEvaluate","cat":"exec","ph":"X","ts":141462,"dur":61,"pid":1,"tid":0},
{"name":"SolverBatch L0","cat":"pose","ph":"X","ts":141460,"dur":64,"pid":1,"tid":0},
{"name":"ExecEvaluate","cat":"exec","ph":"X","ts":141526,"dur":88,"pid":1,"tid":0},
{"name":"SolverBatch L0","cat":"pose","ph":"X","ts":141524,"dur":90,"pid":1,"tid":0},
{"name":"ExecEvaluate","cat":"exec","ph":"X","ts":141615,"dur":66,"pid":1,"tid":0},
{"name":"SolverBatch L0","cat":"pose","ph":"X","ts":141614,"dur":67,"pid":1,"tid":0},
{"name":"ExecEvaluate","cat":"exec","ph":"X","ts":141682,"dur":73,"pid":1,"tid":0},
{"name":"SolverBatch L0","cat":"pose","ph":"X","ts":141682,"dur":73,"pid":1,"tid":0},
{"name":"ExecEvaluate","cat":"exec","ph":"X","ts":141756,"dur":68,"pid":1,"tid":0},
{"name":"SolverBatch L0","cat":"pose","ph":"X","ts":141755,"dur":69,"pid":1,"tid":0},
{"name":"ExecEvaluate","cat":"exec","ph":"X","ts":141825,"dur":41,"pid":1,"tid":0},
{"name":"SolverBatch L0","cat":"pose","ph":"X","ts":141824,"dur":42,"pid":1,"tid":0},
{"name":"ExecEvaluate","cat":"exec","ph":"X","ts":141868,"dur":89,"pid":1,"tid":0},
{"name":"SolverBatch L0","cat":"pose","ph":"X","ts":141867,"dur":95,"pid":1,"tid":0},
{"name":"RigExecParentConstraint spine_mid_follow_pos","cat":"pose","ph":"X","ts":141962,"dur":24,"pid":1,"tid":0},
{"name":"ExecEvaluate","cat":"exec","ph":"X","ts":141988,"dur":59,"pid":1,"tid":0},
{"name":"SolverBatch L1","cat":"pose","ph":"X","ts":141986,"dur":144,"pid":1,"tid":0},
{"name":"ExecEvaluate","cat":"exec","ph":"X","ts":142131,"dur":55,"pid":1,"tid":0},
{"name":"SolverBatch L1","cat":"pose","ph":"X","ts":142130,"dur":138,"pid":1,"tid":0},
{"name":"RigExecAimConstraint spine_mid_follow_aim","cat":"pose","ph":"X","ts":142268,"dur":16,"pid":1,"tid":0},
{"name":"ExecEvaluate","cat":"exec","ph":"X","ts":142285,"dur":153,"pid":1,"tid":0},
{"name":"SolverBatch L2","cat":"pose","ph":"X","ts":142284,"dur":159,"pid":1,"tid":0},
{"name":"RigExecRotationConstraint bankIn_r_pivot_rotation","cat":"pose","ph":"X","ts":142444,"dur":1,"pid":1,"tid":0},
{"name":"RigExecRotationConstraint bankOut_r_pivot_rotation","cat":"pose","ph":"X","ts":142445,"dur":1,"pid":1,"tid":0},
{"name":"RigExecRotationConstraint heel_r_roll_rotation","cat":"pose","ph":"X","ts":142446,"dur":1,"pid":1,"tid":0},
{"name":"RigExecRotationConstraint toe_r_roll_rotation","cat":"pose","ph":"X","ts":142447,"dur":1,"pid":1,"tid":0},
{"name":"ExecEvaluate","cat":"exec","ph":"X","ts":142449,"dur":79,"pid":1,"tid":0},
{"name":"SolverBatch L6","cat":"pose","ph":"X","ts":142448,"dur":81,"pid":1,"tid":0},
{"name":"RigExecRotationConstraint ballRoll_r_up_rotation","cat":"pose","ph":"X","ts":142529,"dur":2,"pid":1,"tid":0},
{"name":"ExecEvaluate","cat":"exec","ph":"X","ts":142532,"dur":46,"pid":1,"tid":0},
{"name":"SolverBatch L7","cat":"pose","ph":"X","ts":142531,"dur":114,"pid":1,"tid":0},
{"name":"RigExecRotationConstraint ballRoll_r_down_rotation","cat":"pose","ph":"X","ts":142645,"dur":1,"pid":1,"tid":0},
{"name":"RigExecAimConstraint ankle_r_bind_aim","cat":"pose","ph":"X","ts":142646,"dur":32,"pid":1,"tid":0},
{"name":"RigExecAimConstraint ball_r_bind_aim","cat":"pose","ph":"X","ts":142679,"dur":22,"pid":1,"tid":0},
{"name":"RigExecRotationConstraint bankIn_l_pivot_rotation","cat":"pose","ph":"X","ts":142702,"dur":0,"pid":1,"tid":0},
{"name":"RigExecRotationConstraint bankOut_l_pivot_rotation","cat":"pose","ph":"X","ts":142702,"dur":1,"pid":1,"tid":0},
{"name":"RigExecRotationConstraint heel_l_roll_rotation","cat":"pose","ph":"X","ts":142704,"dur":0,"pid":1,"tid":0},
{"name":"RigExecRotationConstraint toe_l_roll_rotation","cat":"pose","ph":"X","ts":142704,"dur":1,"pid":1,"tid":0},
{"name":"ExecEvaluate","cat":"exec","ph":"X","ts":142706,"dur":52,"pid":1,"tid":0},
{"name":"SolverBatch L14","cat":"pose","ph":"X","ts":142705,"dur":54,"pid":1,"tid":0},
{"name":"RigExecRotationConstraint ballRoll_l_up_rotation","cat":"pose","ph":"X","ts":142759,"dur":1,"pid":1,"tid":0},
{"name":"ExecEvaluate","cat":"exec","ph":"X","ts":142761,"dur":52,"pid":1,"tid":0},
{"name":"SolverBatch L15","cat":"pose","ph":"X","ts":142760,"dur":116,"pid":1,"tid":0},
{"name":"RigExecRotationConstraint ballRoll_l_down_rotation","cat":"pose","ph":"X","ts":142876,"dur":1,"pid":1,"tid":0},
{"name":"RigExecAimConstraint ankle_l_bind_aim","cat":"pose","ph":"X","ts":142877,"dur":26,"pid":1,"tid":0},
{"name":"RigExecAimConstraint ball_l_bind_aim","cat":"pose","ph":"X","ts":142904,"dur":21,"pid":1,"tid":0},
{"name":"RigExecParentConstraint spine_root_ctl_drives_hips_bind","cat":"pose","ph":"X","ts":142926,"dur":266,"pid":1,"tid":0},
{"name":"RigExecScaleConstraint spine_root_ctl_scales_hips_bind","cat":"pose","ph":"X","ts":143192,"dur":146,"pid":1,"tid":0},
{"name":"RigExecScaleConstraint spine_ik_spine_0_bind_scale_to_spine_0_bind","cat":"pose","ph":"X","ts":143338,"dur":96,"pid":1,"tid":0},
{"name":"RigExecParentConstraint spine_ik_spine_0_bind_to_spine_0_bind","cat":"pose","ph":"X","ts":143434,"dur":90,"pid":1,"tid":0},
{"name":"RigExecScaleConstraint spine_ik_spine_1_bind_scale_to_spine_1_bind","cat":"pose","ph":"X","ts":143524,"dur":86,"pid":1,"tid":0},
{"name":"RigExecParentConstraint spine_ik_spine_1_bind_to_spine_1_bind","cat":"pose","ph":"X","ts":143610,"dur":78,"pid":1,"tid":0},
{"name":"RigExecScaleConstraint spine_ik_spine_2_bind_scale_to_spine_2_bind","cat":"pose","ph":"X","ts":143688,"dur":78,"pid":1,"tid":0},
{"name":"RigExecParentConstraint spine_ik_spine_2_bind_to_spine_2_bind","cat":"pose","ph":"X","ts":143766,"dur":73,"pid":1,"tid":0},
{"name":"RigExecScaleConstraint spine_ik_spine_3_bind_scale_to_spine_3_bind","cat":"pose","ph":"X","ts":143839,"dur":74,"pid":1,"tid":0},
{"name":"RigExecParentConstraint spine_ik_spine_3_bind_to_spine_3_bind","cat":"pose","ph":"X","ts":143913,"dur":68,"pid":1,"tid":0},
{"name":"RigExecScaleConstraint spine_ik_spine_4_bind_scale_to_spine_4_bind","cat":"pose","ph":"X","ts":143981,"dur":68,"pid":1,"tid":0},
{"name":"RigExecParentConstraint spine_ik_spine_4_bind_to_spine_4_bind","cat":"pose","ph":"X","ts":144049,"dur":67,"pid":1,"tid":0},
{"name":"RigExecScaleConstraint spine_ik_spine_5_bind_scale_to_spine_5_bind","cat":"pose","ph":"X","ts":144116,"dur":64,"pid":1,"tid":0},
{"name":"RigExecParentConstraint spine_ik_spine_5_bind_to_spine_5_bind","cat":"pose","ph":"X","ts":144180,"dur":61,"pid":1,"tid":0},
{"name":"RigExecScaleConstraint spine_ik_chest_bind_scale_to_chest_bind","cat":"pose","ph":"X","ts":144241,"dur":60,"pid":1,"tid":0},
{"name":"RigExecParentConstraint spine_ik_chest_bind_to_chest_bind","cat":"pose","ph":"X","ts":144301,"dur":56,"pid":1,"tid":0},
{"name":"RigExecParentConstraint spine_end_ctl_drives_chest_bind","cat":"pose","ph":"X","ts":144357,"dur":54,"pid":1,"tid":0},
{"name":"RigExecPositionConstraint pelvis_r_ctl_drives_pelvis_r_bind","cat":"pose","ph":"X","ts":144411,"dur":24,"pid":1,"tid":0},
{"name":"RigExecPositionConstraint pelvis_l_ctl_drives_pelvis_l_bind","cat":"pose","ph":"X","ts":144436,"dur":21,"pid":1,"tid":0},
{"name":"RigExecPositionConstraint clavicle_r_ctl_drives_clavicle_r_bind","cat":"pose","ph":"X","ts":144458,"dur":21,"pid":1,"tid":0},
{"name":"RigExecPositionConstraint clavicle_l_ctl_drives_clavicle_l_bind","cat":"pose","ph":"X","ts":144479,"dur":21,"pid":1,"tid":0},
{"name":"RigExecScaleConstraint neck_ik_neck_0_bind_scale_to_neck_0_bind","cat":"pose","ph":"X","ts":144500,"dur":24,"pid":1,"tid":0},
{"name":"RigExecParentConstraint neck_ik_neck_0_bind_to_neck_0_bind","cat":"pose","ph":"X","ts":144524,"dur":24,"pid":1,"tid":0},
{"name":"RigExecScaleConstraint neck_ik_neck_1_bind_scale_to_neck_1_bind","cat":"pose","ph":"X","ts":144548,"dur":22,"pid":1,"tid":0},
{"name":"RigExecParentConstraint neck_ik_neck_1_bind_to_neck_1_bind","cat":"pose","ph":"X","ts":144570,"dur":22,"pid":1,"tid":0},
{"name":"RigExecScaleConstraint neck_ik_neck_2_bind_scale_to_neck_2_bind","cat":"pose","ph":"X","ts":144592,"dur":21,"pid":1,"tid":0},
{"name":"RigExecParentConstraint neck_ik_neck_2_bind_to_neck_2_bind","cat":"pose","ph":"X","ts":144614,"dur":21,"pid":1,"tid":0},
{"name":"RigExecScaleConstraint neck_ik_neck_3_bind_scale_to_neck_3_bind","cat":"pose","ph":"X","ts":144635,"dur":20,"pid":1,"tid":0},
{"name":"RigExecParentConstraint neck_ik_neck_3_bind_to_neck_3_bind","cat":"pose","ph":"X","ts":144655,"dur":21,"pid":1,"tid":0},
{"name":"RigExecScaleConstraint neck_ik_skull_bind_scale_to_skull_bind","cat":"pose","ph":"X","ts":144676,"dur":19,"pid":1,"tid":0},
{"name":"RigExecParentConstraint neck_ik_skull_bind_to_skull_bind","cat":"pose","ph":"X","ts":144695,"dur":20,"pid":1,"tid":0},
{"name":"RigExecAimConstraint pelvis_trans_r_bind_aim","cat":"pose","ph":"X","ts":144715,"dur":9,"pid":1,"tid":0},
{"name":"RigExecAimConstraint pelvis_trans_l_bind_aim","cat":"pose","ph":"X","ts":144724,"dur":8,"pid":1,"tid":0},
{"name":"RigExecAimConstraint kneeTwist_r_bind_aim","cat":"pose","ph":"X","ts":144733,"dur":7,"pid":1,"tid":0},
{"name":"RigExecAimConstraint kneeTwist_l_bind_aim","cat":"pose","ph":"X","ts":144740,"dur":8,"pid":1,"tid":0},
{"name":"RigExecAimConstraint thighNoTwist_r_bind_aim","cat":"pose","ph":"X","ts":144748,"dur":7,"pid":1,"tid":0},
{"name":"RigExecAimConstraint thighNoTwist_l_bind_aim","cat":"pose","ph":"X","ts":144755,"dur":6,"pid":1,"tid":0},
{"name":"RigExecAimConstraint clavicle_trans_r_bind_aim","cat":"pose","ph":"X","ts":144761,"dur":9,"pid":1,"tid":0},
{"name":"RigExecAimConstraint clavicle_trans_l_bind_aim","cat":"pose","ph":"X","ts":144770,"dur":7,"pid":1,"tid":0},
{"name":"RigExecAimConstraint elbowTwist_r_bind_aim","cat":"pose","ph":"X","ts":144778,"dur":7,"pid":1,"tid":0},
{"name":"RigExecAimConstraint elbowTwist_l_bind_aim","cat":"pose","ph":"X","ts":144785,"dur":7,"pid":1,"tid":0},
{"name":"RigExecAimConstraint shoulderNoTwist_r_bind_aim","cat":"pose","ph":"X","ts":144792,"dur":8,"pid":1,"tid":0},
{"name":"RigExecAimConstraint shoulderNoTwist_l_bind_aim","cat":"pose","ph":"X","ts":144800,"dur":7,"pid":1,"tid":0},
{"name":"RigExecParentConstraint leg_r_params_to_ankle_r_bind","cat":"pose","ph":"X","ts":144808,"dur":6,"pid":1,"tid":0},
{"name":"RigExecParentConstraint leg_l_params_to_ankle_l_bind","cat":"pose","ph":"X","ts":144814,"dur":6,"pid":1,"tid":0},
{"name":"RigExecParentConstraint arm_r_params_to_wrist_r_bind","cat":"pose","ph":"X","ts":144821,"dur":6,"pid":1,"tid":0},
{"name":"RigExecParentConstraint arm_l_params_to_wrist_l_bind","cat":"pose","ph":"X","ts":144827,"dur":8,"pid":1,"tid":0},
{"name":"AuthoritativeSnapshot","cat":"exec","ph":"X","ts":144904,"dur":915,"pid":1,"tid":0},
{"name":"Assemble body_geo_skin","cat":"geometry","ph":"X","ts":146686,"dur":8,"pid":1,"tid":0},
{"name":"GraphEvaluate","cat":"geometry","ph":"X","ts":146698,"dur":233,"pid":1,"tid":0},
{"name":"AssembleDerived extent","cat":"geometry","ph":"X","ts":146941,"dur":37,"pid":1,"tid":0},
{"name":"DerivedEvaluate","cat":"geometry","ph":"X","ts":147003,"dur":58,"pid":1,"tid":0},
{"name":"Derived /Biped/Geom/body_geo.points","cat":"geometry","ph":"X","ts":146932,"dur":146,"pid":1,"tid":0},
{"name":"Chain /Biped/Geom/body_geo.points","cat":"geometry","ph":"X","ts":146631,"dur":448,"pid":1,"tid":0},
{"name":"Evaluate@4","cat":"evaluate","ph":"X","ts":140693,"dur":6522,"pid":1,"tid":0},
{"name":"PropertyChain /Biped/Rig/Movers/ballRoll_l_down_rc/ballRoll_l_down_rotation.inputs:defaultWeight","cat":"property","ph":"X","ts":147329,"dur":29,"pid":1,"tid":0},
{"name":"PropertyChain /Biped/Rig/Movers/ballRoll_l_up_rc/ballRoll_l_up_rotation.inputs:defaultWeight","cat":"property","ph":"X","ts":147358,"dur":13,"pid":1,"tid":0},
{"name":"PropertyChain /Biped/Rig/Movers/ballRoll_r_down_rc/ballRoll_r_down_rotation.inputs:defaultWeight","cat":"property","ph":"X","ts":147371,"dur":17,"pid":1,"tid":0},
{"name":"PropertyChain /Biped/Rig/Movers/ballRoll_r_up_rc/ballRoll_r_up_rotation.inputs:defaultWeight","cat":"property","ph":"X","ts":147389,"dur":10,"pid":1,"tid":0},
{"name":"PropertyChain /Biped/Rig/Movers/bankIn_l_pivot_rc/bankIn_l_pivot_rotation.inputs:defaultWeight","cat":"property","ph":"X","ts":147400,"dur":13,"pid":1,"tid":0},
{"name":"PropertyChain /Biped/Rig/Movers/bankIn_r_pivot_rc/bankIn_r_pivot_rotation.inputs:defaultWeight","cat":"property","ph":"X","ts":147414,"dur":8,"pid":1,"tid":0},
{"name":"PropertyChain /Biped/Rig/Movers/bankOut_l_pivot_rc/bankOut_l_pivot_rotation.inputs:defaultWeight","cat":"property","ph":"X","ts":147422,"dur":9,"pid":1,"tid":0},
{"name":"PropertyChain /Biped/Rig/Movers/bankOut_r_pivot_rc/bankOut_r_pivot_rotation.inputs:defaultWeight","cat":"property","ph":"X","ts":147432,"dur":9,"pid":1,"tid":0},
{"name":"PropertyChain /Biped/Rig/Movers/heel_l_roll_rc/heel_l_roll_rotation.inputs:defaultWeight","cat":"property","ph":"X","ts":147442,"dur":8,"pid":1,"tid":0},
{"name":"PropertyChain /Biped/Rig/Movers/heel_r_roll_rc/heel_r_roll_rotation.inputs:defaultWeight","cat":"property","ph":"X","ts":147451,"dur":8,"pid":1,"tid":0},
{"name":"PropertyChain /Biped/Rig/Movers/toe_l_roll_rc/toe_l_roll_rotation.inputs:defaultWeight","cat":"property","ph":"X","ts":147460,"dur":13,"pid":1,"tid":0},
{"name":"PropertyChain /Biped/Rig/Movers/toe_r_roll_rc/toe_r_roll_rotation.inputs:defaultWeight","cat":"property","ph":"X","ts":147473,"dur":14,"pid":1,"tid":0},
{"name":"PropertyChains","cat":"property","ph":"X","ts":147328,"dur":159,"pid":1,"tid":0},
{"name":"PoseSeed","cat":"pose","ph":"X","ts":147488,"dur":518,"pid":1,"tid":0},
{"name":"ExecEvaluate","cat":"exec","ph":"X","ts":148251,"dur":71,"pid":1,"tid":0},
{"name":"SolverBatch L0","cat":"pose","ph":"X","ts":148249,"dur":74,"pid":1,"tid":0},
{"name":"ExecEvaluate","cat":"exec","ph":"X","ts":148324,"dur":108,"pid":1,"tid":0},
{"name":"SolverBatch L0","cat":"pose","ph":"X","ts":148323,"dur":110,"pid":1,"tid":0},
{"name":"ExecEvaluate","cat":"exec","ph":"X","ts":148434,"dur":61,"pid":1,"tid":0},
{"name":"SolverBatch L0","cat":"pose","ph":"X","ts":148433,"dur":67,"pid":1,"tid":0},
{"name":"ExecEvaluate","cat":"exec","ph":"X","ts":148501,"dur":59,"pid":1,"tid":0},
{"name":"SolverBatch L0","cat":"pose","ph":"X","ts":148500,"dur":61,"pid":1,"tid":0},
{"name":"ExecEvaluate","cat":"exec","ph":"X","ts":148562,"dur":70,"pid":1,"tid":0},
{"name":"SolverBatch L0","cat":"pose","ph":"X","ts":148561,"dur":72,"pid":1,"tid":0},
{"name":"ExecEvaluate","cat":"exec","ph":"X","ts":148634,"dur":57,"pid":1,"tid":0},
{"name":"SolverBatch L0","cat":"pose","ph":"X","ts":148633,"dur":58,"pid":1,"tid":0},
{"name":"ExecEvaluate","cat":"exec","ph":"X","ts":148693,"dur":92,"pid":1,"tid":0},
{"name":"SolverBatch L0","cat":"pose","ph":"X","ts":148692,"dur":98,"pid":1,"tid":0},
{"name":"RigExecParentConstraint spine_mid_follow_pos","cat":"pose","ph":"X","ts":148791,"dur":21,"pid":1,"tid":0},
{"name":"ExecEvaluate","cat":"exec","ph":"X","ts":148814,"dur":60,"pid":1,"tid":0},
{"name":"SolverBatch L1","cat":"pose","ph":"X","ts":148812,"dur":142,"pid":1,"tid":0},
{"name":"ExecEvaluate","cat":"exec","ph":"X","ts":148955,"dur":46,"pid":1,"tid":0},
{"name":"SolverBatch L1","cat":"pose","ph":"X","ts":148954,"dur":129,"pid":1,"tid":0},
{"name":"RigExecAimConstraint spine_mid_follow_aim","cat":"pose","ph":"X","ts":149083,"dur":21,"pid":1,"tid":0},
{"name":"ExecEvaluate","cat":"exec","ph":"X","ts":149105,"dur":135,"pid":1,"tid":0},
{"name":"SolverBatch L2","cat":"pose","ph":"X","ts":149104,"dur":141,"pid":1,"tid":0},
{"name":"RigExecRotationConstraint bankIn_r_pivot_rotation","cat":"pose","ph":"X","ts":149246,"dur":1,"pid":1,"tid":0},
{"name":"RigExecRotationConstraint bankOut_r_pivot_rotation","cat":"pose","ph":"X","ts":149247,"dur":1,"pid":1,"tid":0},
{"name":"RigExecRotationConstraint heel_r_roll_rotation","cat":"pose","ph":"X","ts":149248,"dur":1,"pid":1,"tid":0},
{"name":"RigExecRotationConstraint toe_r_roll_rotation","cat":"pose","ph":"X","ts":149249,"dur":1,"pid":1,"tid":0},
{"name":"ExecEvaluate","cat":"exec","ph":"X","ts":149251,"dur":67,"pid":1,"tid":0},
{"name":"SolverBatch L6","cat":"pose","ph":"X","ts":149250,"dur":68,"pid":1,"tid":0},
{"name":"RigExecRotationConstraint ballRoll_r_up_rotation","cat":"pose","ph":"X","ts":149319,"dur":1,"pid":1,"tid":0},
{"name":"ExecEvaluate","cat":"exec","ph":"X","ts":149321,"dur":64,"pid":1,"tid":0},
{"name":"SolverBatch L7","cat":"pose","ph":"X","ts":149320,"dur":132,"pid":1,"tid":0},
{"name":"RigExecRotationConstraint ballRoll_r_down_rotation","cat":"pose","ph":"X","ts":149452,"dur":1,"pid":1,"tid":0},
{"name":"RigExecAimConstraint ankle_r_bind_aim","cat":"pose","ph":"X","ts":149453,"dur":31,"pid":1,"tid":0},
{"name":"RigExecAimConstraint ball_r_bind_aim","cat":"pose","ph":"X","ts":149484,"dur":23,"pid":1,"tid":0},
{"name":"RigExecRotationConstraint bankIn_l_pivot_rotation","cat":"pose","ph":"X","ts":149507,"dur":1,"pid":1,"tid":0},
{"name":"RigExecRotationConstraint bankOut_l_pivot_rotation","cat":"pose","ph":"X","ts":149508,"dur":1,"pid":1,"tid":0},
{"name":"RigExecRotationConstraint heel_l_roll_rotation","cat":"pose","ph":"X","ts":149510,"dur":0,"pid":1,"tid":0},
{"name":"RigExecRotationConstraint toe_l_roll_rotation","cat":"pose","ph":"X","ts":149511,"dur":0,"pid":1,"tid":0},
{"name":"ExecEvaluate","cat":"exec","ph":"X","ts":149513,"dur":77,"pid":1,"tid":0},
{"name":"SolverBatch L14","cat":"pose","ph":"X","ts":149512,"dur":79,"pid":1,"tid":0},
{"name":"RigExecRotationConstraint ballRoll_l_up_rotation","cat":"pose","ph":"X","ts":149591,"dur":1,"pid":1,"tid":0},
{"name":"ExecEvaluate","cat":"exec","ph":"X","ts":149593,"dur":71,"pid":1,"tid":0},
{"name":"SolverBatch L15","cat":"pose","ph":"X","ts":149592,"dur":137,"pid":1,"tid":0},
{"name":"RigExecRotationConstraint ballRoll_l_down_rotation","cat":"pose","ph":"X","ts":149729,"dur":1,"pid":1,"tid":0},
{"name":"RigExecAimConstraint ankle_l_bind_aim","cat":"pose","ph":"X","ts":149730,"dur":27,"pid":1,"tid":0},
{"name":"RigExecAimConstraint ball_l_bind_aim","cat":"pose","ph":"X","ts":149757,"dur":23,"pid":1,"tid":0},
{"name":"RigExecParentConstraint spine_root_ctl_drives_hips_bind","cat":"pose","ph":"X","ts":149780,"dur":261,"pid":1,"tid":0},
{"name":"RigExecScaleConstraint spine_root_ctl_scales_hips_bind","cat":"pose","ph":"X","ts":150042,"dur":150,"pid":1,"tid":0},
{"name":"RigExecScaleConstraint spine_ik_spine_0_bind_scale_to_spine_0_bind","cat":"pose","ph":"X","ts":150192,"dur":95,"pid":1,"tid":0},
{"name":"RigExecParentConstraint spine_ik_spine_0_bind_to_spine_0_bind","cat":"pose","ph":"X","ts":150288,"dur":87,"pid":1,"tid":0},
{"name":"RigExecScaleConstraint spine_ik_spine_1_bind_scale_to_spine_1_bind","cat":"pose","ph":"X","ts":150376,"dur":82,"pid":1,"tid":0},
{"name":"RigExecParentConstraint spine_ik_spine_1_bind_to_spine_1_bind","cat":"pose","ph":"X","ts":150458,"dur":78,"pid":1,"tid":0},
{"name":"RigExecScaleConstraint spine_ik_spine_2_bind_scale_to_spine_2_bind","cat":"pose","ph":"X","ts":150536,"dur":77,"pid":1,"tid":0},
{"name":"RigExecParentConstraint spine_ik_spine_2_bind_to_spine_2_bind","cat":"pose","ph":"X","ts":150614,"dur":72,"pid":1,"tid":0},
{"name":"RigExecScaleConstraint spine_ik_spine_3_bind_scale_to_spine_3_bind","cat":"pose","ph":"X","ts":150686,"dur":73,"pid":1,"tid":0},
{"name":"RigExecParentConstraint spine_ik_spine_3_bind_to_spine_3_bind","cat":"pose","ph":"X","ts":150759,"dur":69,"pid":1,"tid":0},
{"name":"RigExecScaleConstraint spine_ik_spine_4_bind_scale_to_spine_4_bind","cat":"pose","ph":"X","ts":150828,"dur":68,"pid":1,"tid":0},
{"name":"RigExecParentConstraint spine_ik_spine_4_bind_to_spine_4_bind","cat":"pose","ph":"X","ts":150897,"dur":65,"pid":1,"tid":0},
{"name":"RigExecScaleConstraint spine_ik_spine_5_bind_scale_to_spine_5_bind","cat":"pose","ph":"X","ts":150962,"dur":64,"pid":1,"tid":0},
{"name":"RigExecParentConstraint spine_ik_spine_5_bind_to_spine_5_bind","cat":"pose","ph":"X","ts":151027,"dur":61,"pid":1,"tid":0},
{"name":"RigExecScaleConstraint spine_ik_chest_bind_scale_to_chest_bind","cat":"pose","ph":"X","ts":151088,"dur":63,"pid":1,"tid":0},
{"name":"RigExecParentConstraint spine_ik_chest_bind_to_chest_bind","cat":"pose","ph":"X","ts":151151,"dur":56,"pid":1,"tid":0},
{"name":"RigExecParentConstraint spine_end_ctl_drives_chest_bind","cat":"pose","ph":"X","ts":151207,"dur":53,"pid":1,"tid":0},
{"name":"RigExecPositionConstraint pelvis_r_ctl_drives_pelvis_r_bind","cat":"pose","ph":"X","ts":151260,"dur":23,"pid":1,"tid":0},
{"name":"RigExecPositionConstraint pelvis_l_ctl_drives_pelvis_l_bind","cat":"pose","ph":"X","ts":151283,"dur":21,"pid":1,"tid":0},
{"name":"RigExecPositionConstraint clavicle_r_ctl_drives_clavicle_r_bind","cat":"pose","ph":"X","ts":151304,"dur":22,"pid":1,"tid":0},
{"name":"RigExecPositionConstraint clavicle_l_ctl_drives_clavicle_l_bind","cat":"pose","ph":"X","ts":151326,"dur":20,"pid":1,"tid":0},
{"name":"RigExecScaleConstraint neck_ik_neck_0_bind_scale_to_neck_0_bind","cat":"pose","ph":"X","ts":151346,"dur":24,"pid":1,"tid":0},
{"name":"RigExecParentConstraint neck_ik_neck_0_bind_to_neck_0_bind","cat":"pose","ph":"X","ts":151370,"dur":24,"pid":1,"tid":0},
{"name":"RigExecScaleConstraint neck_ik_neck_1_bind_scale_to_neck_1_bind","cat":"pose","ph":"X","ts":151394,"dur":23,"pid":1,"tid":0},
{"name":"RigExecParentConstraint neck_ik_neck_1_bind_to_neck_1_bind","cat":"pose","ph":"X","ts":151417,"dur":22,"pid":1,"tid":0},
{"name":"RigExecScaleConstraint neck_ik_neck_2_bind_scale_to_neck_2_bind","cat":"pose","ph":"X","ts":151440,"dur":20,"pid":1,"tid":0},
{"name":"RigExecParentConstraint neck_ik_neck_2_bind_to_neck_2_bind","cat":"pose","ph":"X","ts":151461,"dur":21,"pid":1,"tid":0},
{"name":"RigExecScaleConstraint neck_ik_neck_3_bind_scale_to_neck_3_bind","cat":"pose","ph":"X","ts":151482,"dur":20,"pid":1,"tid":0},
{"name":"RigExecParentConstraint neck_ik_neck_3_bind_to_neck_3_bind","cat":"pose","ph":"X","ts":151502,"dur":20,"pid":1,"tid":0},
{"name":"RigExecScaleConstraint neck_ik_skull_bind_scale_to_skull_bind","cat":"pose","ph":"X","ts":151523,"dur":19,"pid":1,"tid":0},
{"name":"RigExecParentConstraint neck_ik_skull_bind_to_skull_bind","cat":"pose","ph":"X","ts":151542,"dur":19,"pid":1,"tid":0},
{"name":"RigExecAimConstraint pelvis_trans_r_bind_aim","cat":"pose","ph":"X","ts":151562,"dur":8,"pid":1,"tid":0},
{"name":"RigExecAimConstraint pelvis_trans_l_bind_aim","cat":"pose","ph":"X","ts":151571,"dur":8,"pid":1,"tid":0},
{"name":"RigExecAimConstraint kneeTwist_r_bind_aim","cat":"pose","ph":"X","ts":151580,"dur":7,"pid":1,"tid":0},
{"name":"RigExecAimConstraint kneeTwist_l_bind_aim","cat":"pose","ph":"X","ts":151587,"dur":8,"pid":1,"tid":0},
{"name":"RigExecAimConstraint thighNoTwist_r_bind_aim","cat":"pose","ph":"X","ts":151595,"dur":6,"pid":1,"tid":0},
{"name":"RigExecAimConstraint thighNoTwist_l_bind_aim","cat":"pose","ph":"X","ts":151601,"dur":8,"pid":1,"tid":0},
{"name":"RigExecAimConstraint clavicle_trans_r_bind_aim","cat":"pose","ph":"X","ts":151609,"dur":8,"pid":1,"tid":0},
{"name":"RigExecAimConstraint clavicle_trans_l_bind_aim","cat":"pose","ph":"X","ts":151617,"dur":8,"pid":1,"tid":0},
{"name":"RigExecAimConstraint elbowTwist_r_bind_aim","cat":"pose","ph":"X","ts":151626,"dur":7,"pid":1,"tid":0},
{"name":"RigExecAimConstraint elbowTwist_l_bind_aim","cat":"pose","ph":"X","ts":151633,"dur":7,"pid":1,"tid":0},
{"name":"RigExecAimConstraint shoulderNoTwist_r_bind_aim","cat":"pose","ph":"X","ts":151640,"dur":7,"pid":1,"tid":0},
{"name":"RigExecAimConstraint shoulderNoTwist_l_bind_aim","cat":"pose","ph":"X","ts":151647,"dur":8,"pid":1,"tid":0},
{"name":"RigExecParentConstraint leg_r_params_to_ankle_r_bind","cat":"pose","ph":"X","ts":151655,"dur":7,"pid":1,"tid":0},
{"name":"RigExecParentConstraint leg_l_params_to_ankle_l_bind","cat":"pose","ph":"X","ts":151662,"dur":6,"pid":1,"tid":0},
{"name":"RigExecParentConstraint arm_r_params_to_wrist_r_bind","cat":"pose","ph":"X","ts":151668,"dur":7,"pid":1,"tid":0},
{"name":"RigExecParentConstraint arm_l_params_to_wrist_l_bind","cat":"pose","ph":"X","ts":151675,"dur":6,"pid":1,"tid":0},
{"name":"AuthoritativeSnapshot","cat":"exec","ph":"X","ts":151752,"dur":947,"pid":1,"tid":0},
{"name":"Assemble body_geo_skin","cat":"geometry","ph":"X","ts":153401,"dur":7,"pid":1,"tid":0},
{"name":"GraphEvaluate","cat":"geometry","ph":"X","ts":153411,"dur":330,"pid":1,"tid":0},
{"name":"AssembleDerived extent","cat":"geometry","ph":"X","ts":153750,"dur":36,"pid":1,"tid":0},
{"name":"DerivedEvaluate","cat":"geometry","ph":"X","ts":153810,"dur":54,"pid":1,"tid":0},
{"name":"Derived /Biped/Geom/body_geo.points","cat":"geometry","ph":"X","ts":153743,"dur":140,"pid":1,"tid":0},
{"name":"Chain /Biped/Geom/body_geo.points","cat":"geometry","ph":"X","ts":153357,"dur":526,"pid":1,"tid":0},
{"name":"Evaluate@5","cat":"evaluate","ph":"X","ts":147308,"dur":6693,"pid":1,"tid":0},
{"name":"PropertyChain /Biped/Rig/Movers/ballRoll_l_down_rc/ballRoll_l_down_rotation.inputs:defaultWeight","cat":"property","ph":"X","ts":154152,"dur":28,"pid":1,"tid":0},
{"name":"PropertyChain /Biped/Rig/Movers/ballRoll_l_up_rc/ballRoll_l_up_rotation.inputs:defaultWeight","cat":"property","ph":"X","ts":154181,"dur":11,"pid":1,"tid":0},
{"name":"PropertyChain /Biped/Rig/Movers/ballRoll_r_down_rc/ballRoll_r_down_rotation.inputs:defaultWeight","cat":"property","ph":"X","ts":154192,"dur":17,"pid":1,"tid":0},
{"name":"PropertyChain /Biped/Rig/Movers/ballRoll_r_up_rc/ballRoll_r_up_rotation.inputs:defaultWeight","cat":"property","ph":"X","ts":154210,"dur":9,"pid":1,"tid":0},
{"name":"PropertyChain /Biped/Rig/Movers/bankIn_l_pivot_rc/bankIn_l_pivot_rotation.inputs:defaultWeight","cat":"property","ph":"X","ts":154224,"dur":9,"pid":1,"tid":0},
{"name":"PropertyChain /Biped/Rig/Movers/bankIn_r_pivot_rc/bankIn_r_pivot_rotation.inputs:defaultWeight","cat":"property","ph":"X","ts":154233,"dur":8,"pid":1,"tid":0},
{"name":"PropertyChain /Biped/Rig/Movers/bankOut_l_pivot_rc/bankOut_l_pivot_rotation.inputs:defaultWeight","cat":"property","ph":"X","ts":154241,"dur":8,"pid":1,"tid":0},
{"name":"PropertyChain /Biped/Rig/Movers/bankOut_r_pivot_rc/bankOut_r_pivot_rotation.inputs:defaultWeight","cat":"property","ph":"X","ts":154250,"dur":8,"pid":1,"tid":0},
{"name":"PropertyChain /Biped/Rig/Movers/heel_l_roll_rc/heel_l_roll_rotation.inputs:defaultWeight","cat":"property","ph":"X","ts":154258,"dur":8,"pid":1,"tid":0},
{"name":"PropertyChain /Biped/Rig/Movers/heel_r_roll_rc/heel_r_roll_rotation.inputs:defaultWeight","cat":"property","ph":"X","ts":154267,"dur":8,"pid":1,"tid":0},
{"name":"PropertyChain /Biped/Rig/Movers/toe_l_roll_rc/toe_l_roll_rotation.inputs:defaultWeight","cat":"property","ph":"X","ts":154275,"dur":13,"pid":1,"tid":0},
{"name":"PropertyChain /Biped/Rig/Movers/toe_r_roll_rc/toe_r_roll_rotation.inputs:defaultWeight","cat":"property","ph":"X","ts":154288,"dur":12,"pid":1,"tid":0},
{"name":"PropertyChains","cat":"property","ph":"X","ts":154150,"dur":151,"pid":1,"tid":0},
{"name":"PoseSeed","cat":"pose","ph":"X","ts":154301,"dur":446,"pid":1,"tid":0},
{"name":"ExecEvaluate","cat":"exec","ph":"X","ts":154974,"dur":76,"pid":1,"tid":0},
{"name":"SolverBatch L0","cat":"pose","ph":"X","ts":154973,"dur":78,"pid":1,"tid":0},
{"name":"ExecEvaluate","cat":"exec","ph":"X","ts":155052,"dur":107,"pid":1,"tid":0},
{"name":"SolverBatch L0","cat":"pose","ph":"X","ts":155052,"dur":108,"pid":1,"tid":0},
{"name":"ExecEvaluate","cat":"exec","ph":"X","ts":155161,"dur":74,"pid":1,"tid":0},
{"name":"SolverBatch L0","cat":"pose","ph":"X","ts":155160,"dur":75,"pid":1,"tid":0},
{"name":"ExecEvaluate","cat":"exec","ph":"X","ts":155236,"dur":60,"pid":1,"tid":0},
{"name":"SolverBatch L0","cat":"pose","ph":"X","ts":155235,"dur":61,"pid":1,"tid":0},
{"name":"ExecEvaluate","cat":"exec","ph":"X","ts":155297,"dur":53,"pid":1,"tid":0},
{"name":"SolverBatch L0","cat":"pose","ph":"X","ts":155297,"dur":53,"pid":1,"tid":0},
{"name":"ExecEvaluate","cat":"exec","ph":"X","ts":155351,"dur":54,"pid":1,"tid":0},
{"name":"SolverBatch L0","cat":"pose","ph":"X","ts":155351,"dur":54,"pid":1,"tid":0},
{"name":"ExecEvaluate","cat":"exec","ph":"X","ts":155406,"dur":97,"pid":1,"tid":0},
{"name":"SolverBatch L0","cat":"pose","ph":"X","ts":155405,"dur":103,"pid":1,"tid":0},
{"name":"RigExecParentConstraint spine_mid_follow_pos","cat":"pose","ph":"X","ts":155508,"dur":22,"pid":1,"tid":0},
{"name":"ExecEvaluate","cat":"exec","ph":"X","ts":155531,"dur":78,"pid":1,"tid":0},
{"name":"SolverBatch L1","cat":"pose","ph":"X","ts":155530,"dur":162,"pid":1,"tid":0},
{"name":"ExecEvaluate","cat":"exec","ph":"X","ts":155693,"dur":69,"pid":1,"tid":0},
{"name":"SolverBatch L1","cat":"pose","ph":"X","ts":155692,"dur":155,"pid":1,"tid":0},
{"name":"RigExecAimConstraint spine_mid_follow_aim","cat":"pose","ph":"X","ts":155848,"dur":16,"pid":1,"tid":0},
{"name":"ExecEvaluate","cat":"exec","ph":"X","ts":155866,"dur":136,"pid":1,"tid":0},
{"name":"SolverBatch L2","cat":"pose","ph":"X","ts":155864,"dur":143,"pid":1,"tid":0},
{"name":"RigExecRotationConstraint bankIn_r_pivot_rotation","cat":"pose","ph":"X","ts":156007,"dur":2,"pid":1,"tid":0},
{"name":"RigExecRotationConstraint bankOut_r_pivot_rotation","cat":"pose","ph":"X","ts":156009,"dur":1,"pid":1,"tid":0},
{"name":"RigExecRotationConstraint heel_r_roll_rotation","cat":"pose","ph":"X","ts":156010,"dur":1,"pid":1,"tid":0},
{"name":"RigExecRotationConstraint toe_r_roll_rotation","cat":"pose","ph":"X","ts":156011,"dur":1,"pid":1,"tid":0},
{"name":"ExecEvaluate","cat":"exec","ph":"X","ts":156013,"dur":67,"pid":1,"tid":0},
{"name":"SolverBatch L6","cat":"pose","ph":"X","ts":156012,"dur":68,"pid":1,"tid":0},
{"name":"RigExecRotationConstraint ballRoll_r_up_rotation","cat":"pose","ph":"X","ts":156081,"dur":1,"pid":1,"tid":0},
{"name":"ExecEvaluate","cat":"exec","ph":"X","ts":156083,"dur":70,"pid":1,"tid":0},
{"name":"SolverBatch L7","cat":"pose","ph":"X","ts":156082,"dur":138,"pid":1,"tid":0},
{"name":"RigExecRotationConstraint ballRoll_r_down_rotation","cat":"pose","ph":"X","ts":156220,"dur":1,"pid":1,"tid":0},
{"name":"RigExecAimConstraint ankle_r_bind_aim","cat":"pose","ph":"X","ts":156222,"dur":31,"pid":1,"tid":0},
{"name":"RigExecAimConstraint ball_r_bind_aim","cat":"pose","ph":"X","ts":156253,"dur":24,"pid":1,"tid":0},
{"name":"RigExecRotationConstraint bankIn_l_pivot_rotation","cat":"pose","ph":"X","ts":156277,"dur":1,"pid":1,"tid":0},
{"name":"RigExecRotationConstraint bankOut_l_pivot_rotation","cat":"pose","ph":"X","ts":156278,"dur":1,"pid":1,"tid":0},
{"name":"RigExecRotationConstraint heel_l_roll_rotation","cat":"pose","ph":"X","ts":156279,"dur":1,"pid":1,"tid":0},
{"name":"RigExecRotationConstraint toe_l_roll_rotation","cat":"pose","ph":"X","ts":156280,"dur":1,"pid":1,"tid":0},
{"name":"ExecEvaluate","cat":"exec","ph":"X","ts":156282,"dur":97,"pid":1,"tid":0},
{"name":"SolverBatch L14","cat":"pose","ph":"X","ts":156281,"dur":99,"pid":1,"tid":0},
{"name":"RigExecRotationConstraint ballRoll_l_up_rotation","cat":"pose","ph":"X","ts":156380,"dur":1,"pid":1,"tid":0},
{"name":"ExecEvaluate","cat":"exec","ph":"X","ts":156382,"dur":70,"pid":1,"tid":0},
{"name":"SolverBatch L15","cat":"pose","ph":"X","ts":156381,"dur":138,"pid":1,"tid":0},
{"name":"RigExecRotationConstraint ballRoll_l_down_rotation","cat":"pose","ph":"X","ts":156519,"dur":1,"pid":1,"tid":0},
{"name":"RigExecAimConstraint ankle_l_bind_aim","cat":"pose","ph":"X","ts":156520,"dur":28,"pid":1,"tid":0},
{"name":"RigExecAimConstraint ball_l_bind_aim","cat":"pose","ph":"X","ts":156548,"dur":22,"pid":1,"tid":0},
{"name":"RigExecParentConstraint spine_root_ctl_drives_hips_bind","cat":"pose","ph":"X","ts":156571,"dur":258,"pid":1,"tid":0},
{"name":"RigExecScaleConstraint spine_root_ctl_scales_hips_bind","cat":"pose","ph":"X","ts":156830,"dur":144,"pid":1,"tid":0},
{"name":"RigExecScaleConstraint spine_ik_spine_0_bind_scale_to_spine_0_bind","cat":"pose","ph":"X","ts":156974,"dur":96,"pid":1,"tid":0},
{"name":"RigExecParentConstraint spine_ik_spine_0_bind_to_spine_0_bind","cat":"pose","ph":"X","ts":157071,"dur":92,"pid":1,"tid":0},
{"name":"RigExecScaleConstraint spine_ik_spine_1_bind_scale_to_spine_1_bind","cat":"pose","ph":"X","ts":157163,"dur":85,"pid":1,"tid":0},
{"name":"RigExecParentConstraint spine_ik_spine_1_bind_to_spine_1_bind","cat":"pose","ph":"X","ts":157249,"dur":77,"pid":1,"tid":0},
{"name":"RigExecScaleConstraint spine_ik_spine_2_bind_scale_to_spine_2_bind","cat":"pose","ph":"X","ts":157327,"dur":77,"pid":1,"tid":0},
{"name":"RigExecParentConstraint spine_ik_spine_2_bind_to_spine_2_bind","cat":"pose","ph":"X","ts":157405,"dur":71,"pid":1,"tid":0},
{"name":"RigExecScaleConstraint spine_ik_spine_3_bind_scale_to_spine_3_bind","cat":"pose","ph":"X","ts":157477,"dur":72,"pid":1,"tid":0},
{"name":"RigExecParentConstraint spine_ik_spine_3_bind_to_spine_3_bind","cat":"pose","ph":"X","ts":157550,"dur":69,"pid":1,"tid":0},
{"name":"RigExecScaleConstraint spine_ik_spine_4_bind_scale_to_spine_4_bind","cat":"pose","ph":"X","ts":157619,"dur":68,"pid":1,"tid":0},
{"name":"RigExecParentConstraint spine_ik_spine_4_bind_to_spine_4_bind","cat":"pose","ph":"X","ts":157687,"dur":64,"pid":1,"tid":0},
{"name":"RigExecScaleConstraint spine_ik_spine_5_bind_scale_to_spine_5_bind","cat":"pose","ph":"X","ts":157751,"dur":64,"pid":1,"tid":0},
{"name":"RigExecParentConstraint spine_ik_spine_5_bind_to_spine_5_bind","cat":"pose","ph":"X","ts":157815,"dur":60,"pid":1,"tid":0},
{"name":"RigExecScaleConstraint spine_ik_chest_bind_scale_to_chest_bind","cat":"pose","ph":"X","ts":157876,"dur":58,"pid":1,"tid":0},
{"name":"RigExecParentConstraint spine_ik_chest_bind_to_chest_bind","cat":"pose","ph":"X","ts":157935,"dur":55,"pid":1,"tid":0},
{"name":"RigExecParentConstraint spine_end_ctl_drives_chest_bind","cat":"pose","ph":"X","ts":157990,"dur":53,"pid":1,"tid":0},
{"name":"RigExecPositionConstraint pelvis_r_ctl_drives_pelvis_r_bind","cat":"pose","ph":"X","ts":158044,"dur":23,"pid":1,"tid":0},
{"name":"RigExecPositionConstraint pelvis_l_ctl_drives_pelvis_l_bind","cat":"pose","ph":"X","ts":158067,"dur":22,"pid":1,"tid":0},
{"name":"RigExecPositionConstraint clavicle_r_ctl_drives_clavicle_r_bind","cat":"pose","ph":"X","ts":158090,"dur":24,"pid":1,"tid":0},
{"name":"RigExecPositionConstraint clavicle_l_ctl_drives_clavicle_l_bind","cat":"pose","ph":"X","ts":158114,"dur":20,"pid":1,"tid":0},
{"name":"RigExecScaleConstraint neck_ik_neck_0_bind_scale_to_neck_0_bind","cat":"pose","ph":"X","ts":158134,"dur":24,"pid":1,"tid":0},
{"name":"RigExecParentConstraint neck_ik_neck_0_bind_to_neck_0_bind","cat":"pose","ph":"X","ts":158159,"dur":23,"pid":1,"tid":0},
{"name":"RigExecScaleConstraint neck_ik_neck_1_bind_scale_to_neck_1_bind","cat":"pose","ph":"X","ts":158182,"dur":22,"pid":1,"tid":0},
{"name":"RigExecParentConstraint neck_ik_neck_1_bind_to_neck_1_bind","cat":"pose","ph":"X","ts":158204,"dur":23,"pid":1,"tid":0},
{"name":"RigExecScaleConstraint neck_ik_neck_2_bind_scale_to_neck_2_bind","cat":"pose","ph":"X","ts":158227,"dur":21,"pid":1,"tid":0},
{"name":"RigExecParentConstraint neck_ik_neck_2_bind_to_neck_2_bind","cat":"pose","ph":"X","ts":158248,"dur":21,"pid":1,"tid":0},
{"name":"RigExecScaleConstraint neck_ik_neck_3_bind_scale_to_neck_3_bind","cat":"pose","ph":"X","ts":158269,"dur":19,"pid":1,"tid":0},
{"name":"RigExecParentConstraint neck_ik_neck_3_bind_to_neck_3_bind","cat":"pose","ph":"X","ts":158289,"dur":20,"pid":1,"tid":0},
{"name":"RigExecScaleConstraint neck_ik_skull_bind_scale_to_skull_bind","cat":"pose","ph":"X","ts":158309,"dur":19,"pid":1,"tid":0},
{"name":"RigExecParentConstraint neck_ik_skull_bind_to_skull_bind","cat":"pose","ph":"X","ts":158328,"dur":19,"pid":1,"tid":0},
{"name":"RigExecAimConstraint pelvis_trans_r_bind_aim","cat":"pose","ph":"X","ts":158348,"dur":8,"pid":1,"tid":0},
{"name":"RigExecAimConstraint pelvis_trans_l_bind_aim","cat":"pose","ph":"X","ts":158357,"dur":8,"pid":1,"tid":0},
{"name":"RigExecAimConstraint kneeTwist_r_bind_aim","cat":"pose","ph":"X","ts":158365,"dur":8,"pid":1,"tid":0},
{"name":"RigExecAimConstraint kneeTwist_l_bind_aim","cat":"pose","ph":"X","ts":158373,"dur":7,"pid":1,"tid":0},
{"name":"RigExecAimConstraint thighNoTwist_r_bind_aim","cat":"pose","ph":"X","ts":158381,"dur":6,"pid":1,"tid":0},
{"name":"RigExecAimConstraint thighNoTwist_l_bind_aim","cat":"pose","ph":"X","ts":158387,"dur":6,"pid":1,"tid":0},
{"name":"RigExecAimConstraint clavicle_trans_r_bind_aim","cat":"pose","ph":"X","ts":158394,"dur":8,"pid":1,"tid":0},
{"name":"RigExecAimConstraint clavicle_trans_l_bind_aim","cat":"pose","ph":"X","ts":158402,"dur":8,"pid":1,"tid":0},
{"name":"RigExecAimConstraint elbowTwist_r_bind_aim","cat":"pose","ph":"X","ts":158410,"dur":7,"pid":1,"tid":0},
{"name":"RigExecAimConstraint elbowTwist_l_bind_aim","cat":"pose","ph":"X","ts":158417,"dur":7,"pid":1,"tid":0},
{"name":"RigExecAimConstraint shoulderNoTwist_r_bind_aim","cat":"pose","ph":"X","ts":158425,"dur":7,"pid":1,"tid":0},
{"name":"RigExecAimConstraint shoulderNoTwist_l_bind_aim","cat":"pose","ph":"X","ts":158432,"dur":7,"pid":1,"tid":0},
{"name":"RigExecParentConstraint leg_r_params_to_ankle_r_bind","cat":"pose","ph":"X","ts":158439,"dur":7,"pid":1,"tid":0},
{"name":"RigExecParentConstraint leg_l_params_to_ankle_l_bind","cat":"pose","ph":"X","ts":158446,"dur":6,"pid":1,"tid":0},
{"name":"RigExecParentConstraint arm_r_params_to_wrist_r_bind","cat":"pose","ph":"X","ts":158452,"dur":7,"pid":1,"tid":0},
{"name":"RigExecParentConstraint arm_l_params_to_wrist_l_bind","cat":"pose","ph":"X","ts":158459,"dur":6,"pid":1,"tid":0},
{"name":"AuthoritativeSnapshot","cat":"exec","ph":"X","ts":158537,"dur":864,"pid":1,"tid":0},
{"name":"Assemble body_geo_skin","cat":"geometry","ph":"X","ts":160143,"dur":7,"pid":1,"tid":0},
{"name":"GraphEvaluate","cat":"geometry","ph":"X","ts":160154,"dur":227,"pid":1,"tid":0},
{"name":"AssembleDerived extent","cat":"geometry","ph":"X","ts":160391,"dur":35,"pid":1,"tid":0},
{"name":"DerivedEvaluate","cat":"geometry","ph":"X","ts":160450,"dur":58,"pid":1,"tid":0},
{"name":"Derived /Biped/Geom/body_geo.points","cat":"geometry","ph":"X","ts":160383,"dur":143,"pid":1,"tid":0},
{"name":"Chain /Biped/Geom/body_geo.points","cat":"geometry","ph":"X","ts":160097,"dur":429,"pid":1,"tid":0},
{"name":"Evaluate@6","cat":"evaluate","ph":"X","ts":154132,"dur":6519,"pid":1,"tid":0},
{"name":"PropertyChain /Biped/Rig/Movers/ballRoll_l_down_rc/ballRoll_l_down_rotation.inputs:defaultWeight","cat":"property","ph":"X","ts":160762,"dur":27,"pid":1,"tid":0},
{"name":"PropertyChain /Biped/Rig/Movers/ballRoll_l_up_rc/ballRoll_l_up_rotation.inputs:defaultWeight","cat":"property","ph":"X","ts":160790,"dur":10,"pid":1,"tid":0},
{"name":"PropertyChain /Biped/Rig/Movers/ballRoll_r_down_rc/ballRoll_r_down_rotation.inputs:defaultWeight","cat":"property","ph":"X","ts":160801,"dur":16,"pid":1,"tid":0},
{"name":"PropertyChain /Biped/Rig/Movers/ballRoll_r_up_rc/ballRoll_r_up_rotation.inputs:defaultWeight","cat":"property","ph":"X","ts":160817,"dur":11,"pid":1,"tid":0},
{"name":"PropertyChain /Biped/Rig/Movers/bankIn_l_pivot_rc/bankIn_l_pivot_rotation.inputs:defaultWeight","cat":"property","ph":"X","ts":160829,"dur":11,"pid":1,"tid":0},
{"name":"PropertyChain /Biped/Rig/Movers/bankIn_r_pivot_rc/bankIn_r_pivot_rotation.inputs:defaultWeight","cat":"property","ph":"X","ts":160840,"dur":7,"pid":1,"tid":0},
{"name":"PropertyChain /Biped/Rig/Movers/bankOut_l_pivot_rc/bankOut_l_pivot_rotation.inputs:defaultWeight","cat":"property","ph":"X","ts":160850,"dur":8,"pid":1,"tid":0},
{"name":"PropertyChain /Biped/Rig/Movers/bankOut_r_pivot_rc/bankOut_r_pivot_rotation.inputs:defaultWeight","cat":"property","ph":"X","ts":160858,"dur":8,"pid":1,"tid":0},
{"name":"PropertyChain /Biped/Rig/Movers/heel_l_roll_rc/heel_l_roll_rotation.inputs:defaultWeight","cat":"property","ph":"X","ts":160867,"dur":8,"pid":1,"tid":0},
{"name":"PropertyChain /Biped/Rig/Movers/heel_r_roll_rc/heel_r_roll_rotation.inputs:defaultWeight","cat":"property","ph":"X","ts":160875,"dur":8,"pid":1,"tid":0},
{"name":"PropertyChain /Biped/Rig/Movers/toe_l_roll_rc/toe_l_roll_rotation.inputs:defaultWeight","cat":"property","ph":"X","ts":160883,"dur":12,"pid":1,"tid":0},
{"name":"PropertyChain /Biped/Rig/Movers/toe_r_roll_rc/toe_r_roll_rotation.inputs:defaultWeight","cat":"property","ph":"X","ts":160896,"dur":12,"pid":1,"tid":0},
{"name":"PropertyChains","cat":"property","ph":"X","ts":160760,"dur":149,"pid":1,"tid":0},
{"name":"PoseSeed","cat":"pose","ph":"X","ts":160909,"dur":395,"pid":1,"tid":0},
{"name":"ExecEvaluate","cat":"exec","ph":"X","ts":161532,"dur":74,"pid":1,"tid":0},
{"name":"SolverBatch L0","cat":"pose","ph":"X","ts":161531,"dur":75,"pid":1,"tid":0},
{"name":"ExecEvaluate","cat":"exec","ph":"X","ts":161608,"dur":83,"pid":1,"tid":0},
{"name":"SolverBatch L0","cat":"pose","ph":"X","ts":161607,"dur":85,"pid":1,"tid":0},
{"name":"ExecEvaluate","cat":"exec","ph":"X","ts":161693,"dur":57,"pid":1,"tid":0},
{"name":"SolverBatch L0","cat":"pose","ph":"X","ts":161692,"dur":59,"pid":1,"tid":0},
{"name":"ExecEvaluate","cat":"exec","ph":"X","ts":161752,"dur":90,"pid":1,"tid":0},
{"name":"SolverBatch L0","cat":"pose","ph":"X","ts":161751,"dur":92,"pid":1,"tid":0},
{"name":"ExecEvaluate","cat":"exec","ph":"X","ts":161844,"dur":83,"pid":1,"tid":0},
{"name":"SolverBatch L0","cat":"pose","ph":"X","ts":161843,"dur":84,"pid":1,"tid":0},
{"name":"ExecEvaluate","cat":"exec","ph":"X","ts":161928,"dur":40,"pid":1,"tid":0},
{"name":"SolverBatch L0","cat":"pose","ph":"X","ts":161927,"dur":42,"pid":1,"tid":0},
{"name":"ExecEvaluate","cat":"exec","ph":"X","ts":161970,"dur":138,"pid":1,"tid":0},
{"name":"SolverBatch L0","cat":"pose","ph":"X","ts":161969,"dur":144,"pid":1,"tid":0},
{"name":"RigExecParentConstraint spine_mid_follow_pos","cat":"pose","ph":"X","ts":162114,"dur":21,"pid":1,"tid":0},
{"name":"ExecEvaluate","cat":"exec","ph":"X","ts":162137,"dur":47,"pid":1,"tid":0},
{"name":"SolverBatch L1","cat":"pose","ph":"X","ts":162135,"dur":130,"pid":1,"tid":0},
{"name":"ExecEvaluate","cat":"exec","ph":"X","ts":162266,"dur":40,"pid":1,"tid":0},
{"name":"SolverBatch L1","cat":"pose","ph":"X","ts":162265,"dur":124,"pid":1,"tid":0},
{"name":"RigExecAimConstraint spine_mid_follow_aim","cat":"pose","ph":"X","ts":162389,"dur":14,"pid":1,"tid":0},
{"name":"ExecEvaluate","cat":"exec","ph":"X","ts":162404,"dur":126,"pid":1,"tid":0},
{"name":"SolverBatch L2","cat":"pose","ph":"X","ts":162403,"dur":132,"pid":1,"tid":0},
{"name":"RigExecRotationConstraint bankIn_r_pivot_rotation","cat":"pose","ph":"X","ts":162535,"dur":2,"pid":1,"tid":0},
{"name":"RigExecRotationConstraint bankOut_r_pivot_rotation","cat":"pose","ph":"X","ts":162537,"dur":1,"pid":1,"tid":0},
{"name":"RigExecRotationConstraint heel_r_roll_rotation","cat":"pose","ph":"X","ts":162538,"dur":1,"pid":1,"tid":0},
{"name":"RigExecRotationConstraint toe_r_roll_rotation","cat":"pose","ph":"X","ts":162539,"dur":0,"pid":1,"tid":0},
{"name":"ExecEvaluate","cat":"exec","ph":"X","ts":162541,"dur":85,"pid":1,"tid":0},
{"name":"SolverBatch L6","cat":"pose","ph":"X","ts":162540,"dur":87,"pid":1,"tid":0},
{"name":"RigExecRotationConstraint ballRoll_r_up_rotation","cat":"pose","ph":"X","ts":162627,"dur":1,"pid":1,"tid":0},
{"name":"ExecEvaluate","cat":"exec","ph":"X","ts":162629,"dur":52,"pid":1,"tid":0},
{"name":"SolverBatch L7","cat":"pose","ph":"X","ts":162628,"dur":119,"pid":1,"tid":0},
{"name":"RigExecRotationConstraint ballRoll_r_down_rotation","cat":"pose","ph":"X","ts":162748,"dur":0,"pid":1,"tid":0},
{"name":"RigExecAimConstraint ankle_r_bind_aim","cat":"pose","ph":"X","ts":162749,"dur":31,"pid":1,"tid":0},
{"name":"RigExecAimConstraint ball_r_bind_aim","cat":"pose","ph":"X","ts":162780,"dur":22,"pid":1,"tid":0},
{"name":"RigExecRotationConstraint bankIn_l_pivot_rotation","cat":"pose","ph":"X","ts":162803,"dur":0,"pid":1,"tid":0},
{"name":"RigExecRotationConstraint bankOut_l_pivot_rotation","cat":"pose","ph":"X","ts":162804,"dur":1,"pid":1,"tid":0},
{"name":"RigExecRotationConstraint heel_l_roll_rotation","cat":"pose","ph":"X","ts":162805,"dur":1,"pid":1,"tid":0},
{"name":"RigExecRotationConstraint toe_l_roll_rotation","cat":"pose","ph":"X","ts":162806,"dur":0,"pid":1,"tid":0},
{"name":"ExecEvaluate","cat":"exec","ph":"X","ts":162808,"dur":67,"pid":1,"tid":0},
{"name":"SolverBatch L14","cat":"pose","ph":"X","ts":162807,"dur":69,"pid":1,"tid":0},
{"name":"RigExecRotationConstraint ballRoll_l_up_rotation","cat":"pose","ph":"X","ts":162876,"dur":1,"pid":1,"tid":0},
{"name":"ExecEvaluate","cat":"exec","ph":"X","ts":162878,"dur":41,"pid":1,"tid":0},
{"name":"SolverBatch L15","cat":"pose","ph":"X","ts":162877,"dur":111,"pid":1,"tid":0},
{"name":"RigExecRotationConstraint ballRoll_l_down_rotation","cat":"pose","ph":"X","ts":162988,"dur":1,"pid":1,"tid":0},
{"name":"RigExecAimConstraint ankle_l_bind_aim","cat":"pose","ph":"X","ts":162990,"dur":27,"pid":1,"tid":0},
{"name":"RigExecAimConstraint ball_l_bind_aim","cat":"pose","ph":"X","ts":163017,"dur":22,"pid":1,"tid":0},
{"name":"RigExecParentConstraint spine_root_ctl_drives_hips_bind","cat":"pose","ph":"X","ts":163039,"dur":263,"pid":1,"tid":0},
{"name":"RigExecScaleConstraint spine_root_ctl_scales_hips_bind","cat":"pose","ph":"X","ts":163302,"dur":145,"pid":1,"tid":0},
{"name":"RigExecScaleConstraint spine_ik_spine_0_bind_scale_to_spine_0_bind","cat":"pose","ph":"X","ts":163447,"dur":98,"pid":1,"tid":0},
{"name":"RigExecParentConstraint spine_ik_spine_0_bind_to_spine_0_bind","cat":"pose","ph":"X","ts":163545,"dur":88,"pid":1,"tid":0},
{"name":"RigExecScaleConstraint spine_ik_spine_1_bind_scale_to_spine_1_bind","cat":"pose","ph":"X","ts":163633,"dur":84,"pid":1,"tid":0},
{"name":"RigExecParentConstraint spine_ik_spine_1_bind_to_spine_1_bind","cat":"pose","ph":"X","ts":163717,"dur":78,"pid":1,"tid":0},
{"name":"RigExecScaleConstraint spine_ik_spine_2_bind_scale_to_spine_2_bind","cat":"pose","ph":"X","ts":163795,"dur":79,"pid":1,"tid":0},
{"name":"RigExecParentConstraint spine_ik_spine_2_bind_to_spine_2_bind","cat":"pose","ph":"X","ts":163874,"dur":73,"pid":1,"tid":0},
{"name":"RigExecScaleConstraint spine_ik_spine_3_bind_scale_to_spine_3_bind","cat":"pose","ph":"X","ts":163947,"dur":74,"pid":1,"tid":0},
{"name":"RigExecParentConstraint spine_ik_spine_3_bind_to_spine_3_bind","cat":"pose","ph":"X","ts":164021,"dur":69,"pid":1,"tid":0},
{"name":"RigExecScaleConstraint spine_ik_spine_4_bind_scale_to_spine_4_bind","cat":"pose","ph":"X","ts":164090,"dur":72,"pid":1,"tid":0},
{"name":"RigExecParentConstraint spine_ik_spine_4_bind_to_spine_4_bind","cat":"pose","ph":"X","ts":164163,"dur":63,"pid":1,"tid":0},
{"name":"RigExecScaleConstraint spine_ik_spine_5_bind_scale_to_spine_5_bind","cat":"pose","ph":"X","ts":164227,"dur":64,"pid":1,"tid":0},
{"name":"RigExecParentConstraint spine_ik_spine_5_bind_to_spine_5_bind","cat":"pose","ph":"X","ts":164291,"dur":60,"pid":1,"tid":0},
{"name":"RigExecScaleConstraint spine_ik_chest_bind_scale_to_chest_bind","cat":"pose","ph":"X","ts":164352,"dur":59,"pid":1,"tid":0},
{"name":"RigExecParentConstraint spine_ik_chest_bind_to_chest_bind","cat":"pose","ph":"X","ts":164411,"dur":56,"pid":1,"tid":0},
{"name":"RigExecParentConstraint spine_end_ctl_drives_chest_bind","cat":"pose","ph":"X","ts":164467,"dur":54,"pid":1,"tid":0},
{"name":"RigExecPositionConstraint pelvis_r_ctl_drives_pelvis_r_bind","cat":"pose","ph":"X","ts":164521,"dur":24,"pid":1,"tid":0},
{"name":"RigExecPositionConstraint pelvis_l_ctl_drives_pelvis_l_bind","cat":"pose","ph":"X","ts":164545,"dur":22,"pid":1,"tid":0},
{"name":"RigExecPositionConstraint clavicle_r_ctl_drives_clavicle_r_bind","cat":"pose","ph":"X","ts":164567,"dur":21,"pid":1,"tid":0},
{"name":"RigExecPositionConstraint clavicle_l_ctl_drives_clavicle_l_bind","cat":"pose","ph":"X","ts":164588,"dur":20,"pid":1,"tid":0},
{"name":"RigExecScaleConstraint neck_ik_neck_0_bind_scale_to_neck_0_bind","cat":"pose","ph":"X","ts":164608,"dur":24,"pid":1,"tid":0},
{"name":"RigExecParentConstraint neck_ik_neck_0_bind_to_neck_0_bind","cat":"pose","ph":"X","ts":164633,"dur":23,"pid":1,"tid":0},
{"name":"RigExecScaleConstraint neck_ik_neck_1_bind_scale_to_neck_1_bind","cat":"pose","ph":"X","ts":164656,"dur":23,"pid":1,"tid":0},
{"name":"RigExecParentConstraint neck_ik_neck_1_bind_to_neck_1_bind","cat":"pose","ph":"X","ts":164680,"dur":22,"pid":1,"tid":0},
{"name":"RigExecScaleConstraint neck_ik_neck_2_bind_scale_to_neck_2_bind","cat":"pose","ph":"X","ts":164702,"dur":21,"pid":1,"tid":0},
{"name":"RigExecParentConstraint neck_ik_neck_2_bind_to_neck_2_bind","cat":"pose","ph":"X","ts":164723,"dur":21,"pid":1,"tid":0},
{"name":"RigExecScaleConstraint neck_ik_neck_3_bind_scale_to_neck_3_bind","cat":"pose","ph":"X","ts":164744,"dur":20,"pid":1,"tid":0},
{"name":"RigExecParentConstraint neck_ik_neck_3_bind_to_neck_3_bind","cat":"pose","ph":"X","ts":164765,"dur":20,"pid":1,"tid":0},
{"name":"RigExecScaleConstraint neck_ik_skull_bind_scale_to_skull_bind","cat":"pose","ph":"X","ts":164785,"dur":19,"pid":1,"tid":0},
{"name":"RigExecParentConstraint neck_ik_skull_bind_to_skull_bind","cat":"pose","ph":"X","ts":164804,"dur":19,"pid":1,"tid":0},
{"name":"RigExecAimConstraint pelvis_trans_r_bind_aim","cat":"pose","ph":"X","ts":164824,"dur":8,"pid":1,"tid":0},
{"name":"RigExecAimConstraint pelvis_trans_l_bind_aim","cat":"pose","ph":"X","ts":164833,"dur":8,"pid":1,"tid":0},
{"name":"RigExecAimConstraint kneeTwist_r_bind_aim","cat":"pose","ph":"X","ts":164841,"dur":7,"pid":1,"tid":0},
{"name":"RigExecAimConstraint kneeTwist_l_bind_aim","cat":"pose","ph":"X","ts":164849,"dur":7,"pid":1,"tid":0},
{"name":"RigExecAimConstraint thighNoTwist_r_bind_aim","cat":"pose","ph":"X","ts":164857,"dur":6,"pid":1,"tid":0},
{"name":"RigExecAimConstraint thighNoTwist_l_bind_aim","cat":"pose","ph":"X","ts":164863,"dur":7,"pid":1,"tid":0},
{"name":"RigExecAimConstraint clavicle_trans_r_bind_aim","cat":"pose","ph":"X","ts":164870,"dur":8,"pid":1,"tid":0},
{"name":"RigExecAimConstraint clavicle_trans_l_bind_aim","cat":"pose","ph":"X","ts":164878,"dur":8,"pid":1,"tid":0},
{"name":"RigExecAimConstraint elbowTwist_r_bind_aim","cat":"pose","ph":"X","ts":164886,"dur":7,"pid":1,"tid":0},
{"name":"RigExecAimConstraint elbowTwist_l_bind_aim","cat":"pose","ph":"X","ts":164893,"dur":7,"pid":1,"tid":0},
{"name":"RigExecAimConstraint shoulderNoTwist_r_bind_aim","cat":"pose","ph":"X","ts":164901,"dur":7,"pid":1,"tid":0},
{"name":"RigExecAimConstraint shoulderNoTwist_l_bind_aim","cat":"pose","ph":"X","ts":164908,"dur":7,"pid":1,"tid":0},
{"name":"RigExecParentConstraint leg_r_params_to_ankle_r_bind","cat":"pose","ph":"X","ts":164915,"dur":6,"pid":1,"tid":0},
{"name":"RigExecParentConstraint leg_l_params_to_ankle_l_bind","cat":"pose","ph":"X","ts":164922,"dur":6,"pid":1,"tid":0},
{"name":"RigExecParentConstraint arm_r_params_to_wrist_r_bind","cat":"pose","ph":"X","ts":164928,"dur":6,"pid":1,"tid":0},
{"name":"RigExecParentConstraint arm_l_params_to_wrist_l_bind","cat":"pose","ph":"X","ts":164935,"dur":6,"pid":1,"tid":0},
{"name":"AuthoritativeSnapshot","cat":"exec","ph":"X","ts":165014,"dur":876,"pid":1,"tid":0},
{"name":"Assemble body_geo_skin","cat":"geometry","ph":"X","ts":166621,"dur":7,"pid":1,"tid":0},
{"name":"GraphEvaluate","cat":"geometry","ph":"X","ts":166630,"dur":227,"pid":1,"tid":0},
{"name":"AssembleDerived extent","cat":"geometry","ph":"X","ts":166866,"dur":33,"pid":1,"tid":0},
{"name":"DerivedEvaluate","cat":"geometry","ph":"X","ts":166923,"dur":57,"pid":1,"tid":0},
{"name":"Derived /Biped/Geom/body_geo.points","cat":"geometry","ph":"X","ts":166859,"dur":139,"pid":1,"tid":0},
{"name":"Chain /Biped/Geom/body_geo.points","cat":"geometry","ph":"X","ts":166582,"dur":416,"pid":1,"tid":0},
{"name":"Evaluate@7","cat":"evaluate","ph":"X","ts":160741,"dur":6381,"pid":1,"tid":0},
{"name":"PropertyChain /Biped/Rig/Movers/ballRoll_l_down_rc/ballRoll_l_down_rotation.inputs:defaultWeight","cat":"property","ph":"X","ts":167227,"dur":26,"pid":1,"tid":0},
{"name":"PropertyChain /Biped/Rig/Movers/ballRoll_l_up_rc/ballRoll_l_up_rotation.inputs:defaultWeight","cat":"property","ph":"X","ts":167254,"dur":10,"pid":1,"tid":0},
{"name":"PropertyChain /Biped/Rig/Movers/ballRoll_r_down_rc/ballRoll_r_down_rotation.inputs:defaultWeight","cat":"property","ph":"X","ts":167264,"dur":15,"pid":1,"tid":0},
{"name":"PropertyChain /Biped/Rig/Movers/ballRoll_r_up_rc/ballRoll_r_up_rotation.inputs:defaultWeight","cat":"property","ph":"X","ts":167279,"dur":10,"pid":1,"tid":0},
{"name":"PropertyChain /Biped/Rig/Movers/bankIn_l_pivot_rc/bankIn_l_pivot_rotation.inputs:defaultWeight","cat":"property","ph":"X","ts":167289,"dur":11,"pid":1,"tid":0},
{"name":"PropertyChain /Biped/Rig/Movers/bankIn_r_pivot_rc/bankIn_r_pivot_rotation.inputs:defaultWeight","cat":"property","ph":"X","ts":167301,"dur":7,"pid":1,"tid":0},
{"name":"PropertyChain /Biped/Rig/Movers/bankOut_l_pivot_rc/bankOut_l_pivot_rotation.inputs:defaultWeight","cat":"property","ph":"X","ts":167309,"dur":7,"pid":1,"tid":0},
{"name":"PropertyChain /Biped/Rig/Movers/bankOut_r_pivot_rc/bankOut_r_pivot_rotation.inputs:defaultWeight","cat":"property","ph":"X","ts":167317,"dur":7,"pid":1,"tid":0},
{"name":"PropertyChain /Biped/Rig/Movers/heel_l_roll_rc/heel_l_roll_rotation.inputs:defaultWeight","cat":"property","ph":"X","ts":167325,"dur":7,"pid":1,"tid":0},
{"name":"PropertyChain /Biped/Rig/Movers/heel_r_roll_rc/heel_r_roll_rotation.inputs:defaultWeight","cat":"property","ph":"X","ts":167332,"dur":7,"pid":1,"tid":0},
{"name":"PropertyChain /Biped/Rig/Movers/toe_l_roll_rc/toe_l_roll_rotation.inputs:defaultWeight","cat":"property","ph":"X","ts":167340,"dur":12,"pid":1,"tid":0},
{"name":"PropertyChain /Biped/Rig/Movers/toe_r_roll_rc/toe_r_roll_rotation.inputs:defaultWeight","cat":"property","ph":"X","ts":167352,"dur":12,"pid":1,"tid":0},
{"name":"PropertyChains","cat":"property","ph":"X","ts":167225,"dur":140,"pid":1,"tid":0},
{"name":"PoseSeed","cat":"pose","ph":"X","ts":167365,"dur":388,"pid":1,"tid":0},
{"name":"ExecEvaluate","cat":"exec","ph":"X","ts":167981,"dur":67,"pid":1,"tid":0},
{"name":"SolverBatch L0","cat":"pose","ph":"X","ts":167980,"dur":69,"pid":1,"tid":0},
{"name":"ExecEvaluate","cat":"exec","ph":"X","ts":168050,"dur":78,"pid":1,"tid":0},
{"name":"SolverBatch L0","cat":"pose","ph":"X","ts":168049,"dur":80,"pid":1,"tid":0},
{"name":"ExecEvaluate","cat":"exec","ph":"X","ts":168130,"dur":58,"pid":1,"tid":0},
{"name":"SolverBatch L0","cat":"pose","ph":"X","ts":168129,"dur":59,"pid":1,"tid":0},
{"name":"ExecEvaluate","cat":"exec","ph":"X","ts":168189,"dur":63,"pid":1,"tid":0},
{"name":"SolverBatch L0","cat":"pose","ph":"X","ts":168189,"dur":63,"pid":1,"tid":0},
{"name":"ExecEvaluate","cat":"exec","ph":"X","ts":168253,"dur":49,"pid":1,"tid":0},
{"name":"SolverBatch L0","cat":"pose","ph":"X","ts":168253,"dur":51,"pid":1,"tid":0},
{"name":"ExecEvaluate","cat":"exec","ph":"X","ts":168305,"dur":53,"pid":1,"tid":0},
{"name":"SolverBatch L0","cat":"pose","ph":"X","ts":168304,"dur":55,"pid":1,"tid":0},
{"name":"ExecEvaluate","cat":"exec","ph":"X","ts":168360,"dur":104,"pid":1,"tid":0},
{"name":"SolverBatch L0","cat":"pose","ph":"X","ts":168359,"dur":109,"pid":1,"tid":0},
{"name":"RigExecParentConstraint spine_mid_follow_pos","cat":"pose","ph":"X","ts":168469,"dur":20,"pid":1,"tid":0},
{"name":"ExecEvaluate","cat":"exec","ph":"X","ts":168491,"dur":64,"pid":1,"tid":0},
{"name":"SolverBatch L1","cat":"pose","ph":"X","ts":168489,"dur":146,"pid":1,"tid":0},
{"name":"ExecEvaluate","cat":"exec","ph":"X","ts":168636,"dur":67,"pid":1,"tid":0},
{"name":"SolverBatch L1","cat":"pose","ph":"X","ts":168635,"dur":150,"pid":1,"tid":0},
{"name":"RigExecAimConstraint spine_mid_follow_aim","cat":"pose","ph":"X","ts":168786,"dur":14,"pid":1,"tid":0},
{"name":"ExecEvaluate","cat":"exec","ph":"X","ts":168801,"dur":156,"pid":1,"tid":0},
{"name":"SolverBatch L2","cat":"pose","ph":"X","ts":168800,"dur":162,"pid":1,"tid":0},
{"name":"RigExecRotationConstraint bankIn_r_pivot_rotation","cat":"pose","ph":"X","ts":168963,"dur":1,"pid":1,"tid":0},
{"name":"RigExecRotationConstraint bankOut_r_pivot_rotation","cat":"pose","ph":"X","ts":168964,"dur":1,"pid":1,"tid":0},
{"name":"RigExecRotationConstraint heel_r_roll_rotation","cat":"pose","ph":"X","ts":168965,"dur":1,"pid":1,"tid":0},
{"name":"RigExecRotationConstraint toe_r_roll_rotation","cat":"pose","ph":"X","ts":168966,"dur":1,"pid":1,"tid":0},
{"name":"ExecEvaluate","cat":"exec","ph":"X","ts":168968,"dur":65,"pid":1,"tid":0},
{"name":"SolverBatch L6","cat":"pose","ph":"X","ts":168967,"dur":67,"pid":1,"tid":0},
{"name":"RigExecRotationConstraint ballRoll_r_up_rotation","cat":"pose","ph":"X","ts":169034,"dur":1,"pid":1,"tid":0},
{"name":"ExecEvaluate","cat":"exec","ph":"X","ts":169036,"dur":60,"pid":1,"tid":0},
{"name":"SolverBatch L7","cat":"pose","ph":"X","ts":169035,"dur":134,"pid":1,"tid":0},
{"name":"RigExecRotationConstraint ballRoll_r_down_rotation","cat":"pose","ph":"X","ts":169170,"dur":1,"pid":1,"tid":0},
{"name":"RigExecAimConstraint ankle_r_bind_aim","cat":"pose","ph":"X","ts":169172,"dur":31,"pid":1,"tid":0},
{"name":"RigExecAimConstraint ball_r_bind_aim","cat":"pose","ph":"X","ts":169203,"dur":24,"pid":1,"tid":0},
{"name":"RigExecRotationConstraint bankIn_l_pivot_rotation","cat":"pose","ph":"X","ts":169227,"dur":1,"pid":1,"tid":0},
{"name":"RigExecRotationConstraint bankOut_l_pivot_rotation","cat":"pose","ph":"X","ts":169228,"dur":1,"pid":1,"tid":0},
{"name":"RigExecRotationConstraint heel_l_roll_rotation","cat":"pose","ph":"X","ts":169229,"dur":0,"pid":1,"tid":0},
{"name":"RigExecRotationConstraint toe_l_roll_rotation","cat":"pose","ph":"X","ts":169230,"dur":0,"pid":1,"tid":0},
{"name":"ExecEvaluate","cat":"exec","ph":"X","ts":169232,"dur":76,"pid":1,"tid":0},
{"name":"SolverBatch L14","cat":"pose","ph":"X","ts":169231,"dur":78,"pid":1,"tid":0},
{"name":"RigExecRotationConstraint ballRoll_l_up_rotation","cat":"pose","ph":"X","ts":169309,"dur":1,"pid":1,"tid":0},
{"name":"ExecEvaluate","cat":"exec","ph":"X","ts":169312,"dur":61,"pid":1,"tid":0},
{"name":"SolverBatch L15","cat":"pose","ph":"X","ts":169310,"dur":134,"pid":1,"tid":0},
{"name":"RigExecRotationConstraint ballRoll_l_down_rotation","cat":"pose","ph":"X","ts":169444,"dur":1,"pid":1,"tid":0},
{"name":"RigExecAimConstraint ankle_l_bind_aim","cat":"pose","ph":"X","ts":169446,"dur":27,"pid":1,"tid":0},
{"name":"RigExecAimConstraint ball_l_bind_aim","cat":"pose","ph":"X","ts":169473,"dur":23,"pid":1,"tid":0},
{"name":"RigExecParentConstraint spine_root_ctl_drives_hips_bind","cat":"pose","ph":"X","ts":169496,"dur":260,"pid":1,"tid":0},
{"name":"RigExecScaleConstraint spine_root_ctl_scales_hips_bind","cat":"pose","ph":"X","ts":169756,"dur":146,"pid":1,"tid":0},
{"name":"RigExecScaleConstraint spine_ik_spine_0_bind_scale_to_spine_0_bind","cat":"pose","ph":"X","ts":169903,"dur":94,"pid":1,"tid":0},
{"name":"RigExecParentConstraint spine_ik_spine_0_bind_to_spine_0_bind","cat":"pose","ph":"X","ts":169998,"dur":87,"pid":1,"tid":0},
{"name":"RigExecScaleConstraint spine_ik_spine_1_bind_scale_to_spine_1_bind","cat":"pose","ph":"X","ts":170085,"dur":87,"pid":1,"tid":0},
{"name":"RigExecParentConstraint spine_ik_spine_1_bind_to_spine_1_bind","cat":"pose","ph":"X","ts":170172,"dur":73,"pid":1,"tid":0},
{"name":"RigExecScaleConstraint spine_ik_spine_2_bind_scale_to_spine_2_bind","cat":"pose","ph":"X","ts":170245,"dur":77,"pid":1,"tid":0},
{"name":"RigExecParentConstraint spine_ik_spine_2_bind_to_spine_2_bind","cat":"pose","ph":"X","ts":170322,"dur":73,"pid":1,"tid":0},
{"name":"RigExecScaleConstraint spine_ik_spine_3_bind_scale_to_spine_3_bind","cat":"pose","ph":"X","ts":170396,"dur":72,"pid":1,"tid":0},
{"name":"RigExecParentConstraint spine_ik_spine_3_bind_to_spine_3_bind","cat":"pose","ph":"X","ts":170469,"dur":68,"pid":1,"tid":0},
{"name":"RigExecScaleConstraint spine_ik_spine_4_bind_scale_to_spine_4_bind","cat":"pose","ph":"X","ts":170537,"dur":68,"pid":1,"tid":0},
{"name":"RigExecParentConstraint spine_ik_spine_4_bind_to_spine_4_bind","cat":"pose","ph":"X","ts":170606,"dur":65,"pid":1,"tid":0},
{"name":"RigExecScaleConstraint spine_ik_spine_5_bind_scale_to_spine_5_bind","cat":"pose","ph":"X","ts":170671,"dur":64,"pid":1,"tid":0},
{"name":"RigExecParentConstraint spine_ik_spine_5_bind_to_spine_5_bind","cat":"pose","ph":"X","ts":170735,"dur":61,"pid":1,"tid":0},
{"name":"RigExecScaleConstraint spine_ik_chest_bind_scale_to_chest_bind","cat":"pose","ph":"X","ts":170796,"dur":59,"pid":1,"tid":0},
{"name":"RigExecParentConstraint spine_ik_chest_bind_to_chest_bind","cat":"pose","ph":"X","ts":170855,"dur":57,"pid":1,"tid":0},
{"name":"RigExecParentConstraint spine_end_ctl_drives_chest_bind","cat":"pose","ph":"X","ts":170912,"dur":53,"pid":1,"tid":0},
{"name":"RigExecPositionConstraint pelvis_r_ctl_drives_pelvis_r_bind","cat":"pose","ph":"X","ts":170965,"dur":23,"pid":1,"tid":0},
{"name":"RigExecPositionConstraint pelvis_l_ctl_drives_pelvis_l_bind","cat":"pose","ph":"X","ts":170988,"dur":22,"pid":1,"tid":0},
{"name":"RigExecPositionConstraint clavicle_r_ctl_drives_clavicle_r_bind","cat":"pose","ph":"X","ts":171010,"dur":21,"pid":1,"tid":0},
{"name":"RigExecPositionConstraint clavicle_l_ctl_drives_clavicle_l_bind","cat":"pose","ph":"X","ts":171031,"dur":20,"pid":1,"tid":0},
{"name":"RigExecScaleConstraint neck_ik_neck_0_bind_scale_to_neck_0_bind","cat":"pose","ph":"X","ts":171051,"dur":24,"pid":1,"tid":0},
{"name":"RigExecParentConstraint neck_ik_neck_0_bind_to_neck_0_bind","cat":"pose","ph":"X","ts":171075,"dur":26,"pid":1,"tid":0},
{"name":"RigExecScaleConstraint neck_ik_neck_1_bind_scale_to_neck_1_bind","cat":"pose","ph":"X","ts":171102,"dur":22,"pid":1,"tid":0},
{"name":"RigExecParentConstraint neck_ik_neck_1_bind_to_neck_1_bind","cat":"pose","ph":"X","ts":171125,"dur":21,"pid":1,"tid":0},
{"name":"RigExecScaleConstraint neck_ik_neck_2_bind_scale_to_neck_2_bind","cat":"pose","ph":"X","ts":171147,"dur":20,"pid":1,"tid":0},
{"name":"RigExecParentConstraint neck_ik_neck_2_bind_to_neck_2_bind","cat":"pose","ph":"X","ts":171168,"dur":20,"pid":1,"tid":0},
{"name":"RigExecScaleConstraint neck_ik_neck_3_bind_scale_to_neck_3_bind","cat":"pose","ph":"X","ts":171189,"dur":19,"pid":1,"tid":0},
{"name":"RigExecParentConstraint neck_ik_neck_3_bind_to_neck_3_bind","cat":"pose","ph":"X","ts":171208,"dur":21,"pid":1,"tid":0},
{"name":"RigExecScaleConstraint neck_ik_skull_bind_scale_to_skull_bind","cat":"pose","ph":"X","ts":171229,"dur":19,"pid":1,"tid":0},
{"name":"RigExecParentConstraint neck_ik_skull_bind_to_skull_bind","cat":"pose","ph":"X","ts":171248,"dur":19,"pid":1,"tid":0},
{"name":"RigExecAimConstraint pelvis_trans_r_bind_aim","cat":"pose","ph":"X","ts":171268,"dur":8,"pid":1,"tid":0},
{"name":"RigExecAimConstraint pelvis_trans_l_bind_aim","cat":"pose","ph":"X","ts":171277,"dur":8,"pid":1,"tid":0},
{"name":"RigExecAimConstraint kneeTwist_r_bind_aim","cat":"pose","ph":"X","ts":171285,"dur":8,"pid":1,"tid":0},
{"name":"RigExecAimConstraint kneeTwist_l_bind_aim","cat":"pose","ph":"X","ts":171293,"dur":8,"pid":1,"tid":0},
{"name":"RigExecAimConstraint thighNoTwist_r_bind_aim","cat":"pose","ph":"X","ts":171301,"dur":7,"pid":1,"tid":0},
{"name":"RigExecAimConstraint thighNoTwist_l_bind_aim","cat":"pose","ph":"X","ts":171308,"dur":6,"pid":1,"tid":0},
{"name":"RigExecAimConstraint clavicle_trans_r_bind_aim","cat":"pose","ph":"X","ts":171314,"dur":9,"pid":1,"tid":0},
{"name":"RigExecAimConstraint clavicle_trans_l_bind_aim","cat":"pose","ph":"X","ts":171323,"dur":8,"pid":1,"tid":0},
{"name":"RigExecAimConstraint elbowTwist_r_bind_aim","cat":"pose","ph":"X","ts":171331,"dur":8,"pid":1,"tid":0},
{"name":"RigExecAimConstraint elbowTwist_l_bind_aim","cat":"pose","ph":"X","ts":171339,"dur":7,"pid":1,"tid":0},
{"name":"RigExecAimConstraint shoulderNoTwist_r_bind_aim","cat":"pose","ph":"X","ts":171346,"dur":8,"pid":1,"tid":0},
{"name":"RigExecAimConstraint shoulderNoTwist_l_bind_aim","cat":"pose","ph":"X","ts":171354,"dur":7,"pid":1,"tid":0},
{"name":"RigExecParentConstraint leg_r_params_to_ankle_r_bind","cat":"pose","ph":"X","ts":171361,"dur":6,"pid":1,"tid":0},
{"name":"RigExecParentConstraint leg_l_params_to_ankle_l_bind","cat":"pose","ph":"X","ts":171367,"dur":6,"pid":1,"tid":0},
{"name":"RigExecParentConstraint arm_r_params_to_wrist_r_bind","cat":"pose","ph":"X","ts":171374,"dur":6,"pid":1,"tid":0},
{"name":"RigExecParentConstraint arm_l_params_to_wrist_l_bind","cat":"pose","ph":"X","ts":171380,"dur":6,"pid":1,"tid":0},
{"name":"AuthoritativeSnapshot","cat":"exec","ph":"X","ts":171459,"dur":819,"pid":1,"tid":0},
{"name":"Assemble body_geo_skin","cat":"geometry","ph":"X","ts":173067,"dur":5,"pid":1,"tid":0},
{"name":"GraphEvaluate","cat":"geometry","ph":"X","ts":173075,"dur":244,"pid":1,"tid":0},
{"name":"AssembleDerived extent","cat":"geometry","ph":"X","ts":173328,"dur":33,"pid":1,"tid":0},
{"name":"DerivedEvaluate","cat":"geometry","ph":"X","ts":173385,"dur":56,"pid":1,"tid":0},
{"name":"Derived /Biped/Geom/body_geo.points","cat":"geometry","ph":"X","ts":173320,"dur":139,"pid":1,"tid":0},
{"name":"Chain /Biped/Geom/body_geo.points","cat":"geometry","ph":"X","ts":173018,"dur":442,"pid":1,"tid":0},
{"name":"Evaluate@8","cat":"evaluate","ph":"X","ts":167207,"dur":6385,"pid":1,"tid":0}
],"displayTimeUnit":"ms"}
