{"traceEvents":[
{"name":"thread_name","ph":"M","pid":1,"tid":1,"args":{"name":"rigExec worker 1"}},
{"name":"thread_name","ph":"M","pid":1,"tid":2,"args":{"name":"rigExec worker 2"}},
{"name":"thread_name","ph":"M","pid":1,"tid":0,"args":{"name":"main (Evaluate)"}},
{"name":"Compile.Prologue","cat":"compile","ph":"X","ts":1,"dur":4,"pid":1,"tid":0},
{"name":"Compile.DerivedStartFrames","cat":"compile","ph":"X","ts":5,"dur":6066,"pid":1,"tid":0},
{"name":"Compile.StructureDigest","cat":"compile","ph":"X","ts":6071,"dur":15,"pid":1,"tid":0},
{"name":"Digest.OutputSets","cat":"compile","ph":"X","ts":6110,"dur":1059,"pid":1,"tid":1},
{"name":"DiscoverValidate.Validate","cat":"compile","ph":"X","ts":6089,"dur":2313,"pid":1,"tid":0},
{"name":"DiscoverValidate.AggregateProviders","cat":"compile","ph":"X","ts":8402,"dur":26,"pid":1,"tid":0},
{"name":"DiscoverValidate.WarmupDispatch","cat":"compile","ph":"X","ts":8428,"dur":100,"pid":1,"tid":0},
{"name":"DiscoverValidate.MoverDiscovery","cat":"compile","ph":"X","ts":8528,"dur":18163,"pid":1,"tid":0},
{"name":"DiscoverValidate.OutputCheck","cat":"compile","ph":"X","ts":26691,"dur":210,"pid":1,"tid":0},
{"name":"DiscoverValidate.SolverJointBinding","cat":"compile","ph":"X","ts":26901,"dur":1315,"pid":1,"tid":0},
{"name":"DiscoverValidate.SolverDag","cat":"compile","ph":"X","ts":28216,"dur":953,"pid":1,"tid":0},
{"name":"Compile.DiscoverValidate","cat":"compile","ph":"X","ts":6086,"dur":23085,"pid":1,"tid":0},
{"name":"SolverSchedule.ReplacementRequests","cat":"compile","ph":"X","ts":29171,"dur":4,"pid":1,"tid":0},
{"name":"SolverSchedule.VolumeWeights","cat":"compile","ph":"X","ts":29175,"dur":146,"pid":1,"tid":0},
{"name":"SolverSchedule.PoseConstraints","cat":"compile","ph":"X","ts":29321,"dur":3730,"pid":1,"tid":0},
{"name":"SolverSchedule.ControlFrames","cat":"compile","ph":"X","ts":33051,"dur":19,"pid":1,"tid":0},
{"name":"SolverSchedule.PropertyChains","cat":"compile","ph":"X","ts":33070,"dur":922,"pid":1,"tid":0},
{"name":"SolverSchedule.PointGraph","cat":"compile","ph":"X","ts":33992,"dur":258,"pid":1,"tid":0},
{"name":"SolverSchedule.SampleReads","cat":"compile","ph":"X","ts":34250,"dur":41,"pid":1,"tid":0},
{"name":"SolverSchedule.DerivedMaintenance","cat":"compile","ph":"X","ts":34291,"dur":8,"pid":1,"tid":0},
{"name":"PoseInfoPrefetch","cat":"compile","ph":"X","ts":34681,"dur":10521,"pid":1,"tid":0},
{"name":"SolverSchedule.PoseDag","cat":"compile","ph":"X","ts":34299,"dur":11118,"pid":1,"tid":0},
{"name":"SolverSchedule.RequiredSolvers","cat":"compile","ph":"X","ts":45417,"dur":11,"pid":1,"tid":0},
{"name":"SolverSchedule.ConstraintDeps","cat":"compile","ph":"X","ts":45428,"dur":435,"pid":1,"tid":0},
{"name":"SolverSchedule.FrameInheritance","cat":"compile","ph":"X","ts":45863,"dur":347,"pid":1,"tid":0},
{"name":"SolverSchedule.PoseReady","cat":"compile","ph":"X","ts":46210,"dur":49,"pid":1,"tid":0},
{"name":"TapPrepare warmup","cat":"compile","ph":"X","ts":8544,"dur":50497,"pid":1,"tid":2},
{"name":"Compile.WarmupJoin","cat":"compile","ph":"X","ts":46260,"dur":12788,"pid":1,"tid":0},
{"name":"Digest.Solvers","cat":"compile","ph":"X","ts":7169,"dur":56981,"pid":1,"tid":1},
{"name":"Digest.Movers","cat":"compile","ph":"X","ts":64150,"dur":3569,"pid":1,"tid":1},
{"name":"SolverSchedule.SolverBatches","cat":"compile","ph":"X","ts":46259,"dur":21707,"pid":1,"tid":0},
{"name":"Compile.SolverSchedule","cat":"compile","ph":"X","ts":29171,"dur":38796,"pid":1,"tid":0},
{"name":"PrepareRequests.ProviderSeed","cat":"compile","ph":"X","ts":67968,"dur":300,"pid":1,"tid":0},
{"name":"PrepareRequests.ProviderClosure","cat":"compile","ph":"X","ts":68268,"dur":397,"pid":1,"tid":0},
{"name":"PrepareRequests.ConnectedPoseTaps","cat":"compile","ph":"X","ts":68665,"dur":190,"pid":1,"tid":0},
{"name":"RestTimeVarying","cat":"compile","ph":"X","ts":68857,"dur":1714,"pid":1,"tid":0},
{"name":"PrepareRequests.RestTaps","cat":"compile","ph":"X","ts":68855,"dur":1821,"pid":1,"tid":0},
{"name":"PrepareRequests.ExecPrepare","cat":"compile","ph":"X","ts":70676,"dur":2,"pid":1,"tid":0},
{"name":"TapPrepare guides","cat":"compile","ph":"X","ts":70684,"dur":5234,"pid":1,"tid":0},
{"name":"PrepareRequests.GuideTaps","cat":"compile","ph":"X","ts":70678,"dur":5243,"pid":1,"tid":0},
{"name":"PrepareRequests.RestPull","cat":"compile","ph":"X","ts":75921,"dur":6,"pid":1,"tid":0},
{"name":"TapPrepare restFrames","cat":"compile","ph":"X","ts":75928,"dur":3105,"pid":1,"tid":0},
{"name":"Compile.RestFrames","cat":"compile","ph":"X","ts":79037,"dur":4230,"pid":1,"tid":0},
{"name":"PrepareRequests.WarmCompute","cat":"compile","ph":"X","ts":75927,"dur":8145,"pid":1,"tid":0},
{"name":"Compile.PrepareRequests","cat":"compile","ph":"X","ts":67967,"dur":16106,"pid":1,"tid":0},
{"name":"Compile.DigestJoin","cat":"compile","ph":"X","ts":84078,"dur":2,"pid":1,"tid":0},
{"name":"Compile.Commit","cat":"compile","ph":"X","ts":84073,"dur":183,"pid":1,"tid":0},
{"name":"Compile.ChainOrderValidate","cat":"compile","ph":"X","ts":84256,"dur":39,"pid":1,"tid":0},
{"name":"Bake.IsBakeable","cat":"compile","ph":"X","ts":84962,"dur":1310,"pid":1,"tid":0},
{"name":"Bake.entry","cat":"compile","ph":"X","ts":86272,"dur":7,"pid":1,"tid":0},
{"name":"Bake.dense_provider_slots","cat":"compile","ph":"X","ts":86279,"dur":254,"pid":1,"tid":0},
{"name":"Bake.the_rest_chain_and_the_default-space_ladder","cat":"compile","ph":"X","ts":86533,"dur":11002,"pid":1,"tid":0},
{"name":"Bake.the_input_binding_table","cat":"compile","ph":"X","ts":97535,"dur":7642,"pid":1,"tid":0},
{"name":"Bake.the_walk","cat":"compile","ph":"X","ts":105177,"dur":5185,"pid":1,"tid":0},
{"name":"Bake.publication","cat":"compile","ph":"X","ts":110362,"dur":124,"pid":1,"tid":0},
{"name":"Bake.geometry","cat":"compile","ph":"X","ts":110486,"dur":1,"pid":1,"tid":0},
{"name":"Bake.pose_interpolators","cat":"compile","ph":"X","ts":110487,"dur":77,"pid":1,"tid":0},
{"name":"Bake.the_rest_of_the_invalidation_index","cat":"compile","ph":"X","ts":110564,"dur":44,"pid":1,"tid":0},
{"name":"Bake.the_step_graph","cat":"compile","ph":"X","ts":110608,"dur":5965,"pid":1,"tid":0},
{"name":"Compile.Bake","cat":"compile","ph":"X","ts":84957,"dur":31620,"pid":1,"tid":0},
{"name":"Compile","cat":"compile","ph":"X","ts":0,"dur":118128,"pid":1,"tid":0},
{"name":"Evaluate.Settle","cat":"evaluate","ph":"X","ts":119474,"dur":1,"pid":1,"tid":0},
{"name":"Evaluate.PlaceOverrides","cat":"evaluate","ph":"X","ts":119475,"dur":1,"pid":1,"tid":0},
{"name":"PropertyChain /Biped/Rig/Movers/ballRoll_l_down_rc/ballRoll_l_down_rotation.inputs:defaultWeight","cat":"property","ph":"X","ts":120184,"dur":26,"pid":1,"tid":0},
{"name":"PropertyChain /Biped/Rig/Movers/ballRoll_l_up_rc/ballRoll_l_up_rotation.inputs:defaultWeight","cat":"property","ph":"X","ts":120223,"dur":8,"pid":1,"tid":0},
{"name":"PropertyChain /Biped/Rig/Movers/ballRoll_r_down_rc/ballRoll_r_down_rotation.inputs:defaultWeight","cat":"property","ph":"X","ts":120231,"dur":10,"pid":1,"tid":0},
{"name":"PropertyChain /Biped/Rig/Movers/ballRoll_r_up_rc/ballRoll_r_up_rotation.inputs:defaultWeight","cat":"property","ph":"X","ts":120241,"dur":7,"pid":1,"tid":0},
{"name":"PropertyChain /Biped/Rig/Movers/bankIn_l_pivot_rc/bankIn_l_pivot_rotation.inputs:defaultWeight","cat":"property","ph":"X","ts":120249,"dur":4,"pid":1,"tid":0},
{"name":"PropertyChain /Biped/Rig/Movers/bankIn_r_pivot_rc/bankIn_r_pivot_rotation.inputs:defaultWeight","cat":"property","ph":"X","ts":120254,"dur":3,"pid":1,"tid":0},
{"name":"PropertyChain /Biped/Rig/Movers/bankOut_l_pivot_rc/bankOut_l_pivot_rotation.inputs:defaultWeight","cat":"property","ph":"X","ts":120258,"dur":4,"pid":1,"tid":0},
{"name":"PropertyChain /Biped/Rig/Movers/bankOut_r_pivot_rc/bankOut_r_pivot_rotation.inputs:defaultWeight","cat":"property","ph":"X","ts":120263,"dur":3,"pid":1,"tid":0},
{"name":"PropertyChain /Biped/Rig/Movers/heel_l_roll_rc/heel_l_roll_rotation.inputs:defaultWeight","cat":"property","ph":"X","ts":120267,"dur":4,"pid":1,"tid":0},
{"name":"PropertyChain /Biped/Rig/Movers/heel_r_roll_rc/heel_r_roll_rotation.inputs:defaultWeight","cat":"property","ph":"X","ts":120271,"dur":4,"pid":1,"tid":0},
{"name":"PropertyChain /Biped/Rig/Movers/toe_l_roll_rc/toe_l_roll_rotation.inputs:defaultWeight","cat":"property","ph":"X","ts":120276,"dur":7,"pid":1,"tid":0},
{"name":"PropertyChain /Biped/Rig/Movers/toe_r_roll_rc/toe_r_roll_rotation.inputs:defaultWeight","cat":"property","ph":"X","ts":120283,"dur":7,"pid":1,"tid":0},
{"name":"PropertyChains","cat":"property","ph":"X","ts":119484,"dur":807,"pid":1,"tid":0},
{"name":"BakedInputs","cat":"baked","ph":"X","ts":120291,"dur":12,"pid":1,"tid":0},
{"name":"BakedChainBase","cat":"geometry","ph":"X","ts":120448,"dur":1300,"pid":1,"tid":0},
{"name":"BakedPrologue","cat":"baked","ph":"X","ts":119482,"dur":2267,"pid":1,"tid":0},
{"name":"BakedRegion","cat":"baked","ph":"X","ts":121753,"dur":1567,"pid":1,"tid":0},
{"name":"ComposeSubtree /Biped/Rig/Controls/arm_l_ik","cat":"step","ph":"X","ts":121880,"dur":4,"pid":1,"tid":0},
{"name":"ComposeSubtree /Biped/Rig/Controls/arm_l_pv","cat":"step","ph":"X","ts":121884,"dur":1,"pid":1,"tid":0},
{"name":"ComposeSubtree /Biped/Rig/Controls/hips_ctl","cat":"step","ph":"X","ts":121885,"dur":6,"pid":1,"tid":0},
{"name":"ComposeSubtree /Biped/Rig/Controls/hips_ctl/spine_root_pivot/spine_root_ctl","cat":"step","ph":"X","ts":121891,"dur":1,"pid":1,"tid":0},
{"name":"ComposeSubtree /Biped/Rig/Controls/hips_ctl/spine_root_pivot/spine_root_ctl/pelvis_r_ctl/leg_r_root/leg_r_fk_thigh_r_bind","cat":"step","ph":"X","ts":121892,"dur":1,"pid":1,"tid":0},
{"name":"ComposeSubtree /Biped/Rig/Controls/hips_ctl/torso_ctl/spine_end_pivot/spine_end_ctl","cat":"step","ph":"X","ts":121893,"dur":1,"pid":1,"tid":0},
{"name":"ComposeSubtree /Biped/Rig/Controls/hips_ctl/torso_ctl/spine_end_pivot/spine_end_ctl/clavicle_r_ctl","cat":"step","ph":"X","ts":121894,"dur":1,"pid":1,"tid":0},
{"name":"ComposeSubtree /Biped/Rig/Controls/index_001_l_bind_fk_follow","cat":"step","ph":"X","ts":121895,"dur":1,"pid":1,"tid":0},
{"name":"ComposeSubtree /Biped/Rig/Controls/index_001_r_bind_fk_follow/index_001_r_bind_fk/index_002_r_bind_fk/index_003_r_bind_fk","cat":"step","ph":"X","ts":121896,"dur":1,"pid":1,"tid":0},
{"name":"ComposeSubtree /Biped/Rig/Controls/leg_l_ik/ankle_l_pivot/bankIn_l_pivot/bankOut_l_pivot/heel_l_roll","cat":"step","ph":"X","ts":121897,"dur":1,"pid":1,"tid":0},
{"name":"ComposeSubtree /Biped/Rig/Controls/leg_l_ik/ankle_l_pivot/bankIn_l_pivot/bankOut_l_pivot/heel_l_roll/heel_l/ball_l_pivot/toe_l_roll/toe_l/ballRoll_l_up/ballRoll_l_down/ballRoll_l/ankle_l_ikTarget","cat":"step","ph":"X","ts":121898,"dur":1,"pid":1,"tid":0},
{"name":"ComposeSubtree /Biped/Rig/Controls/leg_l_ik/ankle_l_pivot/bankIn_l_pivot/bankOut_l_pivot/heel_l_roll/heel_l/ball_l_pivot/toe_l_roll/toe_l/toeBend_l","cat":"step","ph":"X","ts":121899,"dur":1,"pid":1,"tid":0},
{"name":"ComposeSubtree /Biped/Rig/Controls/leg_l_ik/ankle_l_pivot/bank_l","cat":"step","ph":"X","ts":121900,"dur":1,"pid":1,"tid":0},
{"name":"ComposeSubtree /Biped/Rig/Controls/leg_r_ik/ankle_r_pivot/bankIn_r_pivot/bankOut_r_pivot/heel_r_roll/heel_r","cat":"step","ph":"X","ts":121901,"dur":1,"pid":1,"tid":0},
{"name":"ComposeSubtree /Biped/Rig/Controls/leg_r_ik/ankle_r_pivot/bankIn_r_pivot/bankOut_r_pivot/heel_r_roll/heel_r/ball_r_pivot/toe_r_roll/toe_r/ballRoll_r_up/ballRoll_r_down/ballRoll_r/ball_r_ikTarget","cat":"step","ph":"X","ts":121902,"dur":1,"pid":1,"tid":0},
{"name":"ComposeSubtree /Biped/Rig/Controls/leg_r_ik/ankle_r_pivot/bankIn_r_pivot/bankOut_r_pivot/heel_r_roll/heel_r/ball_r_pivot/toe_r_roll_twin","cat":"step","ph":"X","ts":121903,"dur":1,"pid":1,"tid":0},
{"name":"ComposeSubtree /Biped/Rig/Controls/leg_r_pv","cat":"step","ph":"X","ts":121904,"dur":1,"pid":1,"tid":0},
{"name":"ComposeSubtree /Biped/Rig/Controls/middle_001_r_bind_fk_follow/middle_001_r_bind_fk/middle_002_r_bind_fk","cat":"step","ph":"X","ts":121905,"dur":1,"pid":1,"tid":0},
{"name":"ComposeSubtree /Biped/Rig/Controls/pinkyCup_l_bind_fk_follow/pinkyCup_l_bind_fk/pinky_001_l_bind_fk/pinky_002_l_bind_fk/pinky_003_l_bind_fk","cat":"step","ph":"X","ts":121906,"dur":1,"pid":1,"tid":0},
{"name":"ComposeSubtree /Biped/Rig/Controls/ring_001_l_bind_fk_follow","cat":"step","ph":"X","ts":121907,"dur":1,"pid":1,"tid":0},
{"name":"ComposeSubtree /Biped/Rig/Controls/ring_001_r_bind_fk_follow/ring_001_r_bind_fk/ring_002_r_bind_fk","cat":"step","ph":"X","ts":121908,"dur":1,"pid":1,"tid":0},
{"name":"ComposeSubtree /Biped/Rig/Controls/thumbCup_l_bind_fk_follow/thumbCup_l_bind_fk/thumb_001_l_bind_fk/thumb_002_l_bind_fk","cat":"step","ph":"X","ts":121909,"dur":1,"pid":1,"tid":0},
{"name":"ComposeSubtree /Biped/Rig/Joints/ankle_l_pivot/bankIn_l_pivot/bankOut_l_pivot","cat":"step","ph":"X","ts":121910,"dur":1,"pid":1,"tid":0},
{"name":"ComposeSubtree /Biped/Rig/Joints/ankle_r_pivot","cat":"step","ph":"X","ts":121911,"dur":1,"pid":1,"tid":0},
{"name":"ComposeSubtree /Biped/Rig/Joints/hips_bind","cat":"step","ph":"X","ts":121912,"dur":1,"pid":1,"tid":0},
{"name":"ComposeSubtree /Biped/Rig/Joints/hips_bind/pelvis_l_bind/thigh_l_bind","cat":"step","ph":"X","ts":121913,"dur":1,"pid":1,"tid":0},
{"name":"ComposeSubtree /Biped/Rig/Joints/hips_bind/pelvis_l_bind/thigh_l_bind/knee_l_bind/ankle_l_bind/ball_l_bind/toe1_001_l_bind/toe1_002_l_bind/toe1_003_l_bind","cat":"step","ph":"X","ts":121914,"dur":1,"pid":1,"tid":0},
{"name":"ComposeSubtree /Biped/Rig/Joints/hips_bind/pelvis_l_bind/thigh_l_bind/knee_l_bind/ankle_l_bind/ball_l_bind/toe3_001_l_bind/toe3_002_l_bind/toe3_003_l_bind","cat":"step","ph":"X","ts":121915,"dur":1,"pid":1,"tid":0},
{"name":"ComposeSubtree /Biped/Rig/Joints/hips_bind/pelvis_l_bind/thigh_l_bind/knee_l_bind/ankle_l_bind/ball_l_bind/toe_l_bind","cat":"step","ph":"X","ts":121916,"dur":1,"pid":1,"tid":0},
{"name":"ComposeSubtree /Biped/Rig/Joints/hips_bind/pelvis_r_bind/pelvis_trans_r_bind/thigh_r_driver","cat":"step","ph":"X","ts":121917,"dur":1,"pid":1,"tid":0},
{"name":"ComposeSubtree /Biped/Rig/Joints/hips_bind/pelvis_r_bind/thigh_r_bind/knee_r_bind/ankleTwist_r_driver","cat":"step","ph":"X","ts":121918,"dur":1,"pid":1,"tid":0},
{"name":"ComposeSubtree /Biped/Rig/Joints/hips_bind/pelvis_r_bind/thigh_r_bind/knee_r_bind/ankle_r_bind/ball_r_bind/toe2_001_r_bind","cat":"step","ph":"X","ts":121919,"dur":1,"pid":1,"tid":0},
{"name":"ComposeSubtree /Biped/Rig/Joints/hips_bind/pelvis_r_bind/thigh_r_bind/knee_r_bind/ankle_r_bind/ball_r_bind/toe4_001_r_bind","cat":"step","ph":"X","ts":121920,"dur":1,"pid":1,"tid":0},
{"name":"ComposeSubtree /Biped/Rig/Joints/hips_bind/pelvis_r_bind/thigh_r_bind/knee_r_bind/ankle_r_bind/ball_r_bind/toe_r_bind","cat":"step","ph":"X","ts":121921,"dur":1,"pid":1,"tid":0},
{"name":"ComposeSubtree /Biped/Rig/Joints/hips_bind/spine_0_bind/spine_1_bind/spine_2_bind/spine_3_bind/spine_4_bind","cat":"step","ph":"X","ts":121922,"dur":1,"pid":1,"tid":0},
{"name":"ComposeSubtree /Biped/Rig/Joints/hips_bind/spine_0_bind/spine_1_bind/spine_2_bind/spine_3_bind/spine_4_bind/spine_5_bind/chest_bind/clavicle_l_bind/shoulderNoTwist_l_bind","cat":"step","ph":"X","ts":121923,"dur":1,"pid":1,"tid":0},
{"name":"ComposeSubtree /Biped/Rig/Joints/hips_bind/spine_0_bind/spine_1_bind/spine_2_bind/spine_3_bind/spine_4_bind/spine_5_bind/chest_bind/clavicle_l_bind/shoulder_l_bind/elbow_l_bind/wristTwist_l_driver","cat":"step","ph":"X","ts":121924,"dur":1,"pid":1,"tid":0},
{"name":"ComposeSubtree /Biped/Rig/Joints/hips_bind/spine_0_bind/spine_1_bind/spine_2_bind/spine_3_bind/spine_4_bind/spine_5_bind/chest_bind/clavicle_l_bind/shoulder_l_bind/elbow_l_bind/wrist_l_bind/middle_001_l_bind","cat":"step","ph":"X","ts":121925,"dur":1,"pid":1,"tid":0},
{"name":"ComposeSubtree /Biped/Rig/Joints/hips_bind/spine_0_bind/spine_1_bind/spine_2_bind/spine_3_bind/spine_4_bind/spine_5_bind/chest_bind/clavicle_l_bind/shoulder_l_bind/elbow_l_bind/wrist_l_bind/pinkyCup_l_bind/pinky_001_l_bind/pinky_002_combo_l_driver","cat":"step","ph":"X","ts":121926,"dur":1,"pid":1,"tid":0},
{"name":"ComposeSubtree /Biped/Rig/Joints/hips_bind/spine_0_bind/spine_1_bind/spine_2_bind/spine_3_bind/spine_4_bind/spine_5_bind/chest_bind/clavicle_l_bind/shoulder_l_bind/elbow_l_bind/wrist_l_bind/ring_001_l_bind/ring_002_l_bind/ring_003_l_bind/ring_004_l_bind","cat":"step","ph":"X","ts":121927,"dur":1,"pid":1,"tid":0},
{"name":"ComposeSubtree /Biped/Rig/Joints/hips_bind/spine_0_bind/spine_1_bind/spine_2_bind/spine_3_bind/spine_4_bind/spine_5_bind/chest_bind/clavicle_r_bind/clavicle_trans_r_bind","cat":"step","ph":"X","ts":121928,"dur":1,"pid":1,"tid":0},
{"name":"ComposeSubtree /Biped/Rig/Joints/hips_bind/spine_0_bind/spine_1_bind/spine_2_bind/spine_3_bind/spine_4_bind/spine_5_bind/chest_bind/clavicle_r_bind/shoulder_r_bind/elbow_r_bind/elbowTwist_r_bind","cat":"step","ph":"X","ts":121929,"dur":1,"pid":1,"tid":0},
{"name":"ComposeSubtree /Biped/Rig/Joints/hips_bind/spine_0_bind/spine_1_bind/spine_2_bind/spine_3_bind/spine_4_bind/spine_5_bind/chest_bind/clavicle_r_bind/shoulder_r_bind/elbow_r_bind/wrist_r_bind/index_001_r_bind/index_002_r_bind/index_003_r_bind/index_004_r_bind","cat":"step","ph":"X","ts":121930,"dur":1,"pid":1,"tid":0},
{"name":"ComposeSubtree /Biped/Rig/Joints/hips_bind/spine_0_bind/spine_1_bind/spine_2_bind/spine_3_bind/spine_4_bind/spine_5_bind/chest_bind/clavicle_r_bind/shoulder_r_bind/elbow_r_bind/wrist_r_bind/pinkyCup_r_bind","cat":"step","ph":"X","ts":121931,"dur":1,"pid":1,"tid":0},
{"name":"ComposeSubtree /Biped/Rig/Joints/hips_bind/spine_0_bind/spine_1_bind/spine_2_bind/spine_3_bind/spine_4_bind/spine_5_bind/chest_bind/clavicle_r_bind/shoulder_r_bind/elbow_r_bind/wrist_r_bind/ring_001_r_bind","cat":"step","ph":"X","ts":121932,"dur":1,"pid":1,"tid":0},
{"name":"ComposeSubtree /Biped/Rig/Joints/hips_bind/spine_0_bind/spine_1_bind/spine_2_bind/spine_3_bind/spine_4_bind/spine_5_bind/chest_bind/clavicle_r_bind/shoulder_r_bind/elbow_r_bind/wrist_r_bind/thumbCup_r_bind/thumb_001_r_bind/thumb_002_r_bind/thumb_003_r_bind","cat":"step","ph":"X","ts":121933,"dur":1,"pid":1,"tid":0},
{"name":"ComposeSubtree /Biped/Rig/Joints/hips_bind/spine_0_bind/spine_1_bind/spine_2_bind/spine_3_bind/spine_4_bind/spine_5_bind/chest_bind/neck_base_bind/neck_0_bind/neck_1_bind/neck_2_bind/neck_3_bind","cat":"step","ph":"X","ts":121934,"dur":1,"pid":1,"tid":0},
{"name":"ComposeSubtree /Biped/Rig/Joints/hips_bind/spine_0_bind/spine_1_bind/spine_2_bind/spine_3_bind/spine_4_bind/spine_5_bind/chest_bind/neck_base_bind/neck_0_bind/neck_1_bind/neck_2_bind/neck_3_bind/skull_bind/face_lower_bind/face_mid_bind/teeth_upper_bind","cat":"step","ph":"X","ts":121935,"dur":1,"pid":1,"tid":0},
{"name":"ComposeSubtree /Biped/Rig/Joints/hips_bind/spine_0_bind/spine_1_bind/spine_2_bind/spine_3_bind/spine_4_bind/spine_5_bind/chest_bind/neck_base_bind/neck_0_bind/neck_1_bind/neck_2_bind/neck_3_bind/skull_bind/face_upper_bind","cat":"step","ph":"X","ts":121936,"dur":1,"pid":1,"tid":0},
{"name":"ComposeSubtree /Biped/Rig/Joints/hips_bind/spine_0_bind/spine_1_bind/spine_2_bind/spine_3_bind/spine_4_bind/spine_5_bind/chest_bind/neck_base_bind/neck_0_bind/neck_1_bind/neck_2_bind/neck_3_bind/skull_bind/face_upper_bind/head_tip_bind/brow_inner_r_bind","cat":"step","ph":"X","ts":121937,"dur":1,"pid":1,"tid":0},
{"name":"ComposeSubtree /Biped/Rig/Joints/pupilCenter_l_pivot","cat":"step","ph":"X","ts":121938,"dur":1,"pid":1,"tid":0},
{"name":"ComposeSubtree /Biped/Rig/Joints/spine_ik_spine_0_bind/spine_ik_spine_1_bind/spine_ik_spine_2_bind/spine_ik_spine_3_bind/spine_ik_spine_4_bind/spine_ik_spine_5_bind","cat":"step","ph":"X","ts":121939,"dur":1,"pid":1,"tid":0},
{"name":"Solve /Biped/Rig/Solvers/arm_l_fkChain","cat":"step","ph":"X","ts":121940,"dur":4,"pid":1,"tid":0},
{"name":"Solve /Biped/Rig/Solvers/arm_l_twoBoneIk","cat":"step","ph":"X","ts":121944,"dur":3,"pid":1,"tid":0},
{"name":"Solve /Biped/Rig/Solvers/arm_r_fkChain","cat":"step","ph":"X","ts":121947,"dur":1,"pid":1,"tid":0},
{"name":"Solve /Biped/Rig/Solvers/arm_r_twoBoneIk","cat":"step","ph":"X","ts":121948,"dur":1,"pid":1,"tid":0},
{"name":"Solve /Biped/Rig/Solvers/leg_r_fkChain","cat":"step","ph":"X","ts":121949,"dur":1,"pid":1,"tid":0},
{"name":"Solve /Biped/Rig/Solvers/neck_splineIk","cat":"step","ph":"X","ts":121950,"dur":11,"pid":1,"tid":0},
{"name":"SolverCommit batch 6","cat":"step","ph":"X","ts":121961,"dur":2,"pid":1,"tid":0},
{"name":"Solve /Biped/Rig/Solvers/spine_splineIk","cat":"step","ph":"X","ts":121963,"dur":7,"pid":1,"tid":0},
{"name":"SolverCommit batch 7","cat":"step","ph":"X","ts":121970,"dur":1,"pid":1,"tid":0},
{"name":"Solve /Biped/Rig/Solvers/arm_r_ikfk","cat":"step","ph":"X","ts":121971,"dur":2,"pid":1,"tid":0},
{"name":"SolverCommit batch 8","cat":"step","ph":"X","ts":121973,"dur":1,"pid":1,"tid":0},
{"name":"Solve /Biped/Rig/Solvers/arm_l_ikfk","cat":"step","ph":"X","ts":121974,"dur":1,"pid":1,"tid":0},
{"name":"SolverCommit batch 9","cat":"step","ph":"X","ts":121975,"dur":1,"pid":1,"tid":0},
{"name":"Constraint /Biped/Rig/Movers/spine_mid_follow/spine_mid_follow_pos","cat":"step","ph":"X","ts":121976,"dur":14,"pid":1,"tid":0},
{"name":"Solve /Biped/Rig/Solvers/fk_thumb_r","cat":"step","ph":"X","ts":121990,"dur":2,"pid":1,"tid":0},
{"name":"Solve /Biped/Rig/Solvers/fk_ring_r","cat":"step","ph":"X","ts":121992,"dur":1,"pid":1,"tid":0},
{"name":"SolverCommit batch 12","cat":"step","ph":"X","ts":121993,"dur":1,"pid":1,"tid":0},
{"name":"Solve /Biped/Rig/Solvers/fk_pinky_r","cat":"step","ph":"X","ts":121994,"dur":1,"pid":1,"tid":0},
{"name":"SolverCommit batch 13","cat":"step","ph":"X","ts":121995,"dur":1,"pid":1,"tid":0},
{"name":"Solve /Biped/Rig/Solvers/fk_middle_r","cat":"step","ph":"X","ts":121996,"dur":1,"pid":1,"tid":0},
{"name":"Solve /Biped/Rig/Solvers/fk_index_r","cat":"step","ph":"X","ts":121997,"dur":1,"pid":1,"tid":0},
{"name":"SolverCommit batch 15","cat":"step","ph":"X","ts":121998,"dur":1,"pid":1,"tid":0},
{"name":"SolverCommit batch 16","cat":"step","ph":"X","ts":121999,"dur":1,"pid":1,"tid":0},
{"name":"Solve /Biped/Rig/Solvers/fk_ring_l","cat":"step","ph":"X","ts":122000,"dur":1,"pid":1,"tid":0},
{"name":"Solve /Biped/Rig/Solvers/fk_pinky_l","cat":"step","ph":"X","ts":122001,"dur":1,"pid":1,"tid":0},
{"name":"SolverCommit batch 18","cat":"step","ph":"X","ts":122002,"dur":1,"pid":1,"tid":0},
{"name":"Solve /Biped/Rig/Solvers/fk_middle_l","cat":"step","ph":"X","ts":122003,"dur":1,"pid":1,"tid":0},
{"name":"Solve /Biped/Rig/Solvers/fk_index_l","cat":"step","ph":"X","ts":122004,"dur":1,"pid":1,"tid":0},
{"name":"Constraint /Biped/Rig/Movers/spine_mid_follow/spine_mid_follow_aim","cat":"step","ph":"X","ts":122005,"dur":4,"pid":1,"tid":0},
{"name":"Constraint /Biped/Rig/Movers/hand_r_follow/thumbCup_r_bind_fk_follow_to_wrist_r_bind","cat":"step","ph":"X","ts":122009,"dur":4,"pid":1,"tid":0},
{"name":"Constraint /Biped/Rig/Movers/hand_r_follow/ring_001_r_bind_fk_follow_to_wrist_r_bind","cat":"step","ph":"X","ts":122013,"dur":3,"pid":1,"tid":0},
{"name":"Constraint /Biped/Rig/Movers/hand_r_follow/pinkyCup_r_bind_fk_follow_to_wrist_r_bind","cat":"step","ph":"X","ts":122016,"dur":3,"pid":1,"tid":0},
{"name":"Constraint /Biped/Rig/Movers/hand_r_follow/middle_001_r_bind_fk_follow_to_wrist_r_bind","cat":"step","ph":"X","ts":122019,"dur":2,"pid":1,"tid":0},
{"name":"Constraint /Biped/Rig/Movers/hand_r_follow/index_001_r_bind_fk_follow_to_wrist_r_bind","cat":"step","ph":"X","ts":122021,"dur":3,"pid":1,"tid":0},
{"name":"Constraint /Biped/Rig/Movers/hand_l_follow/thumbCup_l_bind_fk_follow_to_wrist_l_bind","cat":"step","ph":"X","ts":122024,"dur":2,"pid":1,"tid":0},
{"name":"Constraint /Biped/Rig/Movers/hand_l_follow/ring_001_l_bind_fk_follow_to_wrist_l_bind","cat":"step","ph":"X","ts":122026,"dur":2,"pid":1,"tid":0},
{"name":"Constraint /Biped/Rig/Movers/hand_l_follow/pinkyCup_l_bind_fk_follow_to_wrist_l_bind","cat":"step","ph":"X","ts":122028,"dur":3,"pid":1,"tid":0},
{"name":"Constraint /Biped/Rig/Movers/hand_l_follow/middle_001_l_bind_fk_follow_to_wrist_l_bind","cat":"step","ph":"X","ts":122031,"dur":2,"pid":1,"tid":0},
{"name":"Constraint /Biped/Rig/Movers/hand_l_follow/index_001_l_bind_fk_follow_to_wrist_l_bind","cat":"step","ph":"X","ts":122033,"dur":3,"pid":1,"tid":0},
{"name":"Constraint /Biped/Rig/Movers/bankIn_r_pivot_rc/bankIn_r_pivot_rotation","cat":"step","ph":"X","ts":122036,"dur":1,"pid":1,"tid":0},
{"name":"Constraint /Biped/Rig/Movers/bankOut_r_pivot_rc/bankOut_r_pivot_rotation","cat":"step","ph":"X","ts":122037,"dur":1,"pid":1,"tid":0},
{"name":"Constraint /Biped/Rig/Movers/toe_r_roll_rc/toe_r_roll_rotation","cat":"step","ph":"X","ts":122038,"dur":1,"pid":1,"tid":0},
{"name":"Constraint /Biped/Rig/Movers/ballRoll_r_up_rc/ballRoll_r_up_rotation","cat":"step","ph":"X","ts":122039,"dur":1,"pid":1,"tid":0},
{"name":"Solve /Biped/Rig/Solvers/leg_r_twoBoneIk","cat":"step","ph":"X","ts":122040,"dur":1,"pid":1,"tid":0},
{"name":"SolverCommit batch 39","cat":"step","ph":"X","ts":122041,"dur":5,"pid":1,"tid":0},
{"name":"Constraint /Biped/Rig/Movers/ankle_r_bind_scAim/ankle_r_bind_aim","cat":"step","ph":"X","ts":122046,"dur":5,"pid":1,"tid":0},
{"name":"Constraint /Biped/Rig/Movers/ball_r_bind_scAim/ball_r_bind_aim","cat":"step","ph":"X","ts":122051,"dur":3,"pid":1,"tid":0},
{"name":"Constraint /Biped/Rig/Movers/bankIn_l_pivot_rc/bankIn_l_pivot_rotation","cat":"step","ph":"X","ts":122054,"dur":1,"pid":1,"tid":0},
{"name":"Constraint /Biped/Rig/Movers/heel_l_roll_rc/heel_l_roll_rotation","cat":"step","ph":"X","ts":122055,"dur":1,"pid":1,"tid":0},
{"name":"Constraint /Biped/Rig/Movers/ballRoll_l_up_rc/ballRoll_l_up_rotation","cat":"step","ph":"X","ts":122056,"dur":1,"pid":1,"tid":0},
{"name":"Solve /Biped/Rig/Solvers/leg_l_twoBoneIk","cat":"step","ph":"X","ts":122057,"dur":1,"pid":1,"tid":0},
{"name":"SolverCommit batch 49","cat":"step","ph":"X","ts":122058,"dur":4,"pid":1,"tid":0},
{"name":"Constraint /Biped/Rig/Movers/ankle_l_bind_scAim/ankle_l_bind_aim","cat":"step","ph":"X","ts":122062,"dur":4,"pid":1,"tid":0},
{"name":"Constraint /Biped/Rig/Movers/ball_l_bind_scAim/ball_l_bind_aim","cat":"step","ph":"X","ts":122066,"dur":3,"pid":1,"tid":0},
{"name":"Constraint /Biped/Rig/Movers/hips_follow/spine_root_ctl_drives_hips_bind","cat":"step","ph":"X","ts":122069,"dur":2,"pid":1,"tid":0},
{"name":"PropagateChunk /Biped/Rig/Movers/hips_follow/spine_root_ctl_drives_hips_bind","cat":"step","ph":"X","ts":122071,"dur":4,"pid":1,"tid":0},
{"name":"CommitApply /Biped/Rig/Movers/hips_follow/spine_root_ctl_drives_hips_bind","cat":"step","ph":"X","ts":122075,"dur":1,"pid":1,"tid":0},
{"name":"Constraint /Biped/Rig/Movers/hips_follow/spine_root_ctl_scales_hips_bind","cat":"step","ph":"X","ts":122076,"dur":2,"pid":1,"tid":0},
{"name":"PropagateChunk /Biped/Rig/Movers/hips_follow/spine_root_ctl_scales_hips_bind","cat":"step","ph":"X","ts":122078,"dur":4,"pid":1,"tid":0},
{"name":"CommitApply /Biped/Rig/Movers/hips_follow/spine_root_ctl_scales_hips_bind","cat":"step","ph":"X","ts":122082,"dur":1,"pid":1,"tid":0},
{"name":"Constraint /Biped/Rig/Movers/spine_to_bind/spine_ik_spine_0_bind_scale_to_spine_0_bind","cat":"step","ph":"X","ts":122083,"dur":5,"pid":1,"tid":0},
{"name":"Constraint /Biped/Rig/Movers/spine_to_bind/spine_ik_spine_0_bind_to_spine_0_bind","cat":"step","ph":"X","ts":122088,"dur":6,"pid":1,"tid":0},
{"name":"Constraint /Biped/Rig/Movers/spine_to_bind/spine_ik_spine_1_bind_scale_to_spine_1_bind","cat":"step","ph":"X","ts":122094,"dur":4,"pid":1,"tid":0},
{"name":"Constraint /Biped/Rig/Movers/spine_to_bind/spine_ik_spine_1_bind_to_spine_1_bind","cat":"step","ph":"X","ts":122098,"dur":5,"pid":1,"tid":0},
{"name":"Constraint /Biped/Rig/Movers/spine_to_bind/spine_ik_spine_2_bind_scale_to_spine_2_bind","cat":"step","ph":"X","ts":122103,"dur":4,"pid":1,"tid":0},
{"name":"Constraint /Biped/Rig/Movers/spine_to_bind/spine_ik_spine_2_bind_to_spine_2_bind","cat":"step","ph":"X","ts":122107,"dur":6,"pid":1,"tid":0},
{"name":"Constraint /Biped/Rig/Movers/spine_to_bind/spine_ik_spine_3_bind_scale_to_spine_3_bind","cat":"step","ph":"X","ts":122113,"dur":4,"pid":1,"tid":0},
{"name":"Constraint /Biped/Rig/Movers/spine_to_bind/spine_ik_spine_3_bind_to_spine_3_bind","cat":"step","ph":"X","ts":122117,"dur":4,"pid":1,"tid":0},
{"name":"Constraint /Biped/Rig/Movers/spine_to_bind/spine_ik_spine_4_bind_scale_to_spine_4_bind","cat":"step","ph":"X","ts":122121,"dur":4,"pid":1,"tid":0},
{"name":"Constraint /Biped/Rig/Movers/spine_to_bind/spine_ik_spine_4_bind_to_spine_4_bind","cat":"step","ph":"X","ts":122125,"dur":5,"pid":1,"tid":0},
{"name":"Constraint /Biped/Rig/Movers/spine_to_bind/spine_ik_spine_5_bind_scale_to_spine_5_bind","cat":"step","ph":"X","ts":122130,"dur":4,"pid":1,"tid":0},
{"name":"Constraint /Biped/Rig/Movers/spine_to_bind/spine_ik_spine_5_bind_to_spine_5_bind","cat":"step","ph":"X","ts":122134,"dur":5,"pid":1,"tid":0},
{"name":"Constraint /Biped/Rig/Movers/spine_to_bind/spine_ik_chest_bind_scale_to_chest_bind","cat":"step","ph":"X","ts":122139,"dur":4,"pid":1,"tid":0},
{"name":"Constraint /Biped/Rig/Movers/spine_to_bind/spine_ik_chest_bind_to_chest_bind","cat":"step","ph":"X","ts":122143,"dur":5,"pid":1,"tid":0},
{"name":"Constraint /Biped/Rig/Movers/girdles/spine_end_ctl_drives_chest_bind","cat":"step","ph":"X","ts":122148,"dur":5,"pid":1,"tid":0},
{"name":"Constraint /Biped/Rig/Movers/girdles/pelvis_r_ctl_drives_pelvis_r_bind","cat":"step","ph":"X","ts":122153,"dur":1,"pid":1,"tid":0},
{"name":"Constraint /Biped/Rig/Movers/girdles/pelvis_l_ctl_drives_pelvis_l_bind","cat":"step","ph":"X","ts":122154,"dur":1,"pid":1,"tid":0},
{"name":"Constraint /Biped/Rig/Movers/girdles/clavicle_r_ctl_drives_clavicle_r_bind","cat":"step","ph":"X","ts":122155,"dur":1,"pid":1,"tid":0},
{"name":"Constraint /Biped/Rig/Movers/girdles/clavicle_l_ctl_drives_clavicle_l_bind","cat":"step","ph":"X","ts":122156,"dur":1,"pid":1,"tid":0},
{"name":"Constraint /Biped/Rig/Movers/girdles/spine_end_ctl_unsquashes_neck_base_bind","cat":"step","ph":"X","ts":122157,"dur":3,"pid":1,"tid":0},
{"name":"Constraint /Biped/Rig/Movers/girdles/clavicle_r_ctl_unsquashes_clavicle_r_bind","cat":"step","ph":"X","ts":122160,"dur":1,"pid":1,"tid":0},
{"name":"Constraint /Biped/Rig/Movers/girdles/clavicle_l_ctl_unsquashes_clavicle_l_bind","cat":"step","ph":"X","ts":122161,"dur":2,"pid":1,"tid":0},
{"name":"Constraint /Biped/Rig/Movers/neck_to_bind/neck_ik_neck_0_bind_scale_to_neck_0_bind","cat":"step","ph":"X","ts":122163,"dur":3,"pid":1,"tid":0},
{"name":"Constraint /Biped/Rig/Movers/neck_to_bind/neck_ik_neck_0_bind_to_neck_0_bind","cat":"step","ph":"X","ts":122166,"dur":4,"pid":1,"tid":0},
{"name":"Constraint /Biped/Rig/Movers/neck_to_bind/neck_ik_neck_1_bind_scale_to_neck_1_bind","cat":"step","ph":"X","ts":122170,"dur":2,"pid":1,"tid":0},
{"name":"Constraint /Biped/Rig/Movers/neck_to_bind/neck_ik_neck_1_bind_to_neck_1_bind","cat":"step","ph":"X","ts":122172,"dur":4,"pid":1,"tid":0},
{"name":"Constraint /Biped/Rig/Movers/neck_to_bind/neck_ik_neck_2_bind_scale_to_neck_2_bind","cat":"step","ph":"X","ts":122176,"dur":2,"pid":1,"tid":0},
{"name":"Constraint /Biped/Rig/Movers/neck_to_bind/neck_ik_neck_2_bind_to_neck_2_bind","cat":"step","ph":"X","ts":122178,"dur":4,"pid":1,"tid":0},
{"name":"Constraint /Biped/Rig/Movers/neck_to_bind/neck_ik_neck_3_bind_scale_to_neck_3_bind","cat":"step","ph":"X","ts":122182,"dur":3,"pid":1,"tid":0},
{"name":"Constraint /Biped/Rig/Movers/neck_to_bind/neck_ik_neck_3_bind_to_neck_3_bind","cat":"step","ph":"X","ts":122185,"dur":3,"pid":1,"tid":0},
{"name":"Constraint /Biped/Rig/Movers/neck_to_bind/neck_ik_skull_bind_scale_to_skull_bind","cat":"step","ph":"X","ts":122188,"dur":3,"pid":1,"tid":0},
{"name":"Constraint /Biped/Rig/Movers/neck_to_bind/neck_ik_skull_bind_to_skull_bind","cat":"step","ph":"X","ts":122191,"dur":3,"pid":1,"tid":0},
{"name":"Constraint /Biped/Rig/Movers/twist_aims/wristTwist_r_bind_copy","cat":"step","ph":"X","ts":122194,"dur":3,"pid":1,"tid":0},
{"name":"Constraint /Biped/Rig/Movers/twist_aims/wristTwist_r_bind_aim","cat":"step","ph":"X","ts":122197,"dur":1,"pid":1,"tid":0},
{"name":"Constraint /Biped/Rig/Movers/twist_aims/wristTwist_l_bind_copy","cat":"step","ph":"X","ts":122198,"dur":2,"pid":1,"tid":0},
{"name":"Constraint /Biped/Rig/Movers/twist_aims/wristTwist_l_bind_aim","cat":"step","ph":"X","ts":122200,"dur":2,"pid":1,"tid":0},
{"name":"Constraint /Biped/Rig/Movers/twist_aims/ankleTwist_r_bind_copy","cat":"step","ph":"X","ts":122202,"dur":2,"pid":1,"tid":0},
{"name":"Constraint /Biped/Rig/Movers/twist_aims/ankleTwist_r_bind_aim","cat":"step","ph":"X","ts":122204,"dur":2,"pid":1,"tid":0},
{"name":"Constraint /Biped/Rig/Movers/twist_aims/ankleTwist_l_bind_copy","cat":"step","ph":"X","ts":122206,"dur":1,"pid":1,"tid":0},
{"name":"Constraint /Biped/Rig/Movers/twist_aims/ankleTwist_l_bind_aim","cat":"step","ph":"X","ts":122207,"dur":2,"pid":1,"tid":0},
{"name":"Constraint /Biped/Rig/Movers/twist_aims/ankleTwist_l_bind_follows_ankle_l_bind","cat":"step","ph":"X","ts":122209,"dur":1,"pid":1,"tid":0},
{"name":"Constraint /Biped/Rig/Movers/twist_aims/wristTwist_r_bind_follows_wrist_r_bind","cat":"step","ph":"X","ts":122210,"dur":1,"pid":1,"tid":0},
{"name":"Constraint /Biped/Rig/Movers/twist_aims/thighNoTwist_r_bind_follows_thigh_r_bind","cat":"step","ph":"X","ts":122211,"dur":1,"pid":1,"tid":0},
{"name":"Constraint /Biped/Rig/Movers/twist_aims/shoulderNoTwist_r_bind_follows_shoulder_r_bind","cat":"step","ph":"X","ts":122212,"dur":1,"pid":1,"tid":0},
{"name":"Constraint /Biped/Rig/Movers/twist_aims/pelvis_trans_r_bind_follows_thigh_r_bind","cat":"step","ph":"X","ts":122213,"dur":1,"pid":1,"tid":0},
{"name":"Constraint /Biped/Rig/Movers/twist_aims/pelvis_trans_l_bind_follows_thigh_l_bind","cat":"step","ph":"X","ts":122214,"dur":1,"pid":1,"tid":0},
{"name":"Constraint /Biped/Rig/Movers/twist_aims/pelvis_trans_r_bind_aim","cat":"step","ph":"X","ts":122215,"dur":2,"pid":1,"tid":0},
{"name":"Constraint /Biped/Rig/Movers/twist_aims/pelvis_trans_l_bind_aim","cat":"step","ph":"X","ts":122217,"dur":2,"pid":1,"tid":0},
{"name":"Constraint /Biped/Rig/Movers/twist_aims/kneeTwist_r_bind_aim","cat":"step","ph":"X","ts":122219,"dur":2,"pid":1,"tid":0},
{"name":"Constraint /Biped/Rig/Movers/twist_aims/kneeTwist_l_bind_aim","cat":"step","ph":"X","ts":122221,"dur":2,"pid":1,"tid":0},
{"name":"Constraint /Biped/Rig/Movers/twist_aims/thighNoTwist_r_bind_aim","cat":"step","ph":"X","ts":122223,"dur":1,"pid":1,"tid":0},
{"name":"Constraint /Biped/Rig/Movers/twist_aims/thighNoTwist_l_bind_aim","cat":"step","ph":"X","ts":122224,"dur":2,"pid":1,"tid":0},
{"name":"Constraint /Biped/Rig/Movers/twist_aims/clavicle_trans_r_bind_aim","cat":"step","ph":"X","ts":122226,"dur":2,"pid":1,"tid":0},
{"name":"Constraint /Biped/Rig/Movers/twist_aims/clavicle_trans_l_bind_aim","cat":"step","ph":"X","ts":122228,"dur":2,"pid":1,"tid":0},
{"name":"Constraint /Biped/Rig/Movers/twist_aims/elbowTwist_r_bind_aim","cat":"step","ph":"X","ts":122230,"dur":2,"pid":1,"tid":0},
{"name":"Constraint /Biped/Rig/Movers/twist_aims/elbowTwist_l_bind_aim","cat":"step","ph":"X","ts":122232,"dur":2,"pid":1,"tid":0},
{"name":"Constraint /Biped/Rig/Movers/twist_aims/shoulderNoTwist_r_bind_aim","cat":"step","ph":"X","ts":122234,"dur":1,"pid":1,"tid":0},
{"name":"Constraint /Biped/Rig/Movers/twist_aims/shoulderNoTwist_l_bind_aim","cat":"step","ph":"X","ts":122235,"dur":2,"pid":1,"tid":0},
{"name":"Constraint /Biped/Rig/Movers/pose_drivers/thigh_r_driver_copies_thigh_r_bind","cat":"step","ph":"X","ts":122237,"dur":2,"pid":1,"tid":0},
{"name":"Constraint /Biped/Rig/Movers/pose_drivers/thigh_l_driver_copies_thigh_l_bind","cat":"step","ph":"X","ts":122239,"dur":2,"pid":1,"tid":0},
{"name":"Constraint /Biped/Rig/Movers/pose_drivers/thigh_r_twist_driver_copies_thighNoTwist_r_bind","cat":"step","ph":"X","ts":122241,"dur":2,"pid":1,"tid":0},
{"name":"Constraint /Biped/Rig/Movers/pose_drivers/thigh_l_twist_driver_copies_thighNoTwist_l_bind","cat":"step","ph":"X","ts":122243,"dur":2,"pid":1,"tid":0},
{"name":"Constraint /Biped/Rig/Movers/pose_drivers/ankleTwist_r_driver_copies_ankleTwist_r_bind","cat":"step","ph":"X","ts":122245,"dur":2,"pid":1,"tid":0},
{"name":"Constraint /Biped/Rig/Movers/pose_drivers/ankleTwist_l_driver_copies_ankleTwist_l_bind","cat":"step","ph":"X","ts":122247,"dur":2,"pid":1,"tid":0},
{"name":"Constraint /Biped/Rig/Movers/pose_drivers/toe_r_driver_copies_ball_r_bind","cat":"step","ph":"X","ts":122249,"dur":2,"pid":1,"tid":0},
{"name":"Constraint /Biped/Rig/Movers/pose_drivers/toe_l_driver_copies_ball_l_bind","cat":"step","ph":"X","ts":122251,"dur":2,"pid":1,"tid":0},
{"name":"Constraint /Biped/Rig/Movers/pose_drivers/knee_r_driver_copies_knee_r_bind","cat":"step","ph":"X","ts":122253,"dur":2,"pid":1,"tid":0},
{"name":"Constraint /Biped/Rig/Movers/pose_drivers/knee_l_driver_copies_knee_l_bind","cat":"step","ph":"X","ts":122255,"dur":2,"pid":1,"tid":0},
{"name":"Constraint /Biped/Rig/Movers/pose_drivers/ankleSwing_r_driver_copies_ankle_r_bind","cat":"step","ph":"X","ts":122257,"dur":2,"pid":1,"tid":0},
{"name":"Constraint /Biped/Rig/Movers/pose_drivers/ankleSwing_l_driver_copies_ankle_l_bind","cat":"step","ph":"X","ts":122259,"dur":2,"pid":1,"tid":0},
{"name":"Constraint /Biped/Rig/Movers/pose_drivers/shoulder_r_driver_copies_shoulder_r_bind","cat":"step","ph":"X","ts":122261,"dur":2,"pid":1,"tid":0},
{"name":"Constraint /Biped/Rig/Movers/pose_drivers/shoulder_l_driver_copies_shoulder_l_bind","cat":"step","ph":"X","ts":122263,"dur":2,"pid":1,"tid":0},
{"name":"Constraint /Biped/Rig/Movers/pose_drivers/wristTwist_r_driver_copies_wristTwist_r_bind","cat":"step","ph":"X","ts":122265,"dur":2,"pid":1,"tid":0},
{"name":"Constraint /Biped/Rig/Movers/pose_drivers/wristTwist_l_driver_copies_wristTwist_l_bind","cat":"step","ph":"X","ts":122267,"dur":2,"pid":1,"tid":0},
{"name":"Constraint /Biped/Rig/Movers/pose_drivers/shoulder_r_twist_driver_copies_shoulderNoTwist_r_bind","cat":"step","ph":"X","ts":122269,"dur":2,"pid":1,"tid":0},
{"name":"Constraint /Biped/Rig/Movers/pose_drivers/shoulder_l_twist_driver_copies_shoulderNoTwist_l_bind","cat":"step","ph":"X","ts":122271,"dur":2,"pid":1,"tid":0},
{"name":"Constraint /Biped/Rig/Movers/pose_drivers/wristSwing_r_driver_copies_wrist_r_bind","cat":"step","ph":"X","ts":122273,"dur":3,"pid":1,"tid":0},
{"name":"Constraint /Biped/Rig/Movers/pose_drivers/wristSwing_l_driver_copies_wrist_l_bind","cat":"step","ph":"X","ts":122276,"dur":1,"pid":1,"tid":0},
{"name":"Constraint /Biped/Rig/Movers/pose_drivers/elbow_r_driver_copies_elbow_r_bind","cat":"step","ph":"X","ts":122277,"dur":3,"pid":1,"tid":0},
{"name":"Constraint /Biped/Rig/Movers/pose_drivers/elbow_l_driver_copies_elbow_l_bind","cat":"step","ph":"X","ts":122280,"dur":2,"pid":1,"tid":0},
{"name":"Constraint /Biped/Rig/Movers/param_follow/leg_r_params_to_ankle_r_bind","cat":"step","ph":"X","ts":122282,"dur":1,"pid":1,"tid":0},
{"name":"Constraint /Biped/Rig/Movers/param_follow/leg_l_params_to_ankle_l_bind","cat":"step","ph":"X","ts":122283,"dur":2,"pid":1,"tid":0},
{"name":"Constraint /Biped/Rig/Movers/param_follow/arm_r_params_to_wrist_r_bind","cat":"step","ph":"X","ts":122285,"dur":2,"pid":1,"tid":0},
{"name":"Constraint /Biped/Rig/Movers/param_follow/arm_l_params_to_wrist_l_bind","cat":"step","ph":"X","ts":122287,"dur":2,"pid":1,"tid":0},
{"name":"ProviderMatrix /Biped/Rig/Controls/leg_l_ik/ankle_l_pivot final","cat":"step","ph":"X","ts":122289,"dur":1,"pid":1,"tid":0},
{"name":"ProviderMatrix /Biped/Rig/Controls/leg_l_ik/ankle_l_pivot/bankIn_l_pivot/bankOut_l_pivot/heel_l_roll/heel_l/ball_l_pivot/toe_l_roll/toe_l/ballRoll_l_up/ballRoll_l_down final","cat":"step","ph":"X","ts":122290,"dur":1,"pid":1,"tid":0},
{"name":"ProviderMatrix /Biped/Rig/Joints/ankle_l_pivot final","cat":"step","ph":"X","ts":122291,"dur":1,"pid":1,"tid":0},
{"name":"ProviderMatrix /Biped/Rig/Joints/ankle_r_pivot/bankIn_r_pivot final","cat":"step","ph":"X","ts":122292,"dur":1,"pid":1,"tid":0},
{"name":"ProviderMatrix /Biped/Rig/Joints/hips_bind/pelvis_l_bind/pelvis_trans_l_bind/thigh_l_driver final","cat":"step","ph":"X","ts":122293,"dur":1,"pid":1,"tid":0},
{"name":"ProviderMatrix /Biped/Rig/Joints/hips_bind/pelvis_l_bind/thigh_l_bind/knee_l_bind/ankle_l_bind/ball_l_bind/toe1_001_l_bind/toe1_002_l_bind final","cat":"step","ph":"X","ts":122294,"dur":1,"pid":1,"tid":0},
{"name":"ProviderMatrix /Biped/Rig/Joints/hips_bind/pelvis_l_bind/thigh_l_bind/knee_l_bind/ankle_l_bind/ball_l_bind/toe4_001_l_bind final","cat":"step","ph":"X","ts":122295,"dur":1,"pid":1,"tid":0},
{"name":"ProviderMatrix /Biped/Rig/Joints/hips_bind/pelvis_r_bind final","cat":"step","ph":"X","ts":122296,"dur":1,"pid":1,"tid":0},
{"name":"ProviderMatrix /Biped/Rig/Joints/hips_bind/pelvis_r_bind/thigh_r_bind/knee_r_bind/ankleTwist_r_driver final","cat":"step","ph":"X","ts":122297,"dur":1,"pid":1,"tid":0},
{"name":"ProviderMatrix /Biped/Rig/Joints/hips_bind/pelvis_r_bind/thigh_r_bind/knee_r_bind/ankle_r_bind/ball_r_bind/toe2_001_r_bind/toe2_002_r_bind/toe2_003_r_bind/toe2_004_r_bind final","cat":"step","ph":"X","ts":122298,"dur":1,"pid":1,"tid":0},
{"name":"ProviderMatrix /Biped/Rig/Joints/hips_bind/pelvis_r_bind/thigh_r_bind/knee_r_bind/ankle_r_bind/ball_r_bind/toe5_001_r_bind/toe5_002_r_bind/toe5_003_r_bind/toe5_004_r_bind final","cat":"step","ph":"X","ts":122299,"dur":1,"pid":1,"tid":0},
{"name":"ProviderMatrix /Biped/Rig/Joints/hips_bind/spine_0_bind/spine_1_bind/spine_2_bind/spine_3_bind/spine_4_bind/spine_5_bind/chest_bind final","cat":"step","ph":"X","ts":122300,"dur":1,"pid":1,"tid":0},
{"name":"ProviderMatrix /Biped/Rig/Joints/hips_bind/spine_0_bind/spine_1_bind/spine_2_bind/spine_3_bind/spine_4_bind/spine_5_bind/chest_bind/clavicle_l_bind/shoulder_l_bind/elbow_l_bind/wristTwist_l_bind final","cat":"step","ph":"X","ts":122301,"dur":1,"pid":1,"tid":0},
{"name":"ProviderMatrix /Biped/Rig/Joints/hips_bind/spine_0_bind/spine_1_bind/spine_2_bind/spine_3_bind/spine_4_bind/spine_5_bind/chest_bind/clavicle_l_bind/shoulder_l_bind/elbow_l_bind/wrist_l_bind/middle_001_l_bind/middle_002_l_bind final","cat":"step","ph":"X","ts":122302,"dur":1,"pid":1,"tid":0},
{"name":"ProviderMatrix /Biped/Rig/Joints/hips_bind/spine_0_bind/spine_1_bind/spine_2_bind/spine_3_bind/spine_4_bind/spine_5_bind/chest_bind/clavicle_l_bind/shoulder_l_bind/elbow_l_bind/wrist_l_bind/ring_001_l_bind final","cat":"step","ph":"X","ts":122303,"dur":1,"pid":1,"tid":0},
{"name":"ProviderMatrix /Biped/Rig/Joints/hips_bind/spine_0_bind/spine_1_bind/spine_2_bind/spine_3_bind/spine_4_bind/spine_5_bind/chest_bind/clavicle_r_bind/clavicle_trans_combo_r_driver final","cat":"step","ph":"X","ts":122304,"dur":1,"pid":1,"tid":0},
{"name":"ProviderMatrix /Biped/Rig/Joints/hips_bind/spine_0_bind/spine_1_bind/spine_2_bind/spine_3_bind/spine_4_bind/spine_5_bind/chest_bind/clavicle_r_bind/shoulder_r_bind/elbow_r_bind/wristTwist_r_bind/wristSwing_r_driver final","cat":"step","ph":"X","ts":122305,"dur":1,"pid":1,"tid":0},
{"name":"ProviderMatrix /Biped/Rig/Joints/hips_bind/spine_0_bind/spine_1_bind/spine_2_bind/spine_3_bind/spine_4_bind/spine_5_bind/chest_bind/clavicle_r_bind/shoulder_r_bind/elbow_r_bind/wrist_r_bind/middle_001_r_bind/middle_002_r_bind/middle_003_r_bind final","cat":"step","ph":"X","ts":122306,"dur":1,"pid":1,"tid":0},
{"name":"ProviderMatrix /Biped/Rig/Joints/hips_bind/spine_0_bind/spine_1_bind/spine_2_bind/spine_3_bind/spine_4_bind/spine_5_bind/chest_bind/clavicle_r_bind/shoulder_r_bind/elbow_r_bind/wrist_r_bind/ring_001_r_bind/ring_002_combo_r_driver final","cat":"step","ph":"X","ts":122307,"dur":1,"pid":1,"tid":0},
{"name":"ProviderMatrix /Biped/Rig/Joints/hips_bind/spine_0_bind/spine_1_bind/spine_2_bind/spine_3_bind/spine_4_bind/spine_5_bind/chest_bind/neck_base_bind/neck_0_bind/neck_1_bind final","cat":"step","ph":"X","ts":122308,"dur":1,"pid":1,"tid":0},
{"name":"ProviderMatrix /Biped/Rig/Joints/hips_bind/spine_0_bind/spine_1_bind/spine_2_bind/spine_3_bind/spine_4_bind/spine_5_bind/chest_bind/neck_base_bind/neck_0_bind/neck_1_bind/neck_2_bind/neck_3_bind/skull_bind/face_lower_bind/jaw_bind/jaw_end final","cat":"step","ph":"X","ts":122309,"dur":1,"pid":1,"tid":0},
{"name":"ProviderMatrix /Biped/Rig/Joints/hips_bind/spine_0_bind/spine_1_bind/spine_2_bind/spine_3_bind/spine_4_bind/spine_5_bind/chest_bind/neck_base_bind/neck_0_bind/neck_1_bind/neck_2_bind/neck_3_bind/skull_bind/face_upper_bind/head_tip_bind final","cat":"step","ph":"X","ts":122310,"dur":1,"pid":1,"tid":0},
{"name":"ProviderMatrix /Biped/Rig/Joints/neck_ik_neck_0_bind/neck_ik_neck_1_bind/neck_ik_neck_2_bind/neck_ik_neck_3_bind/neck_ik_skull_bind final","cat":"step","ph":"X","ts":122311,"dur":1,"pid":1,"tid":0},
{"name":"InfluenceFold /Biped/Rig/Movers/skin_body_geo/body_geo_skin","cat":"step","ph":"X","ts":122312,"dur":29,"pid":1,"tid":0},
{"name":"RevisionChunk /Biped/Rig/Movers/skin_body_geo/body_geo_skin","cat":"step","ph":"X","ts":122341,"dur":397,"pid":1,"tid":0},
{"name":"RevisionFuse /Biped/Rig/Movers/skin_body_geo/body_geo_skin","cat":"step","ph":"X","ts":122738,"dur":9,"pid":1,"tid":0},
{"name":"ChainStatus /Biped/Geom/body_geo.points","cat":"step","ph":"X","ts":122747,"dur":71,"pid":1,"tid":0},
{"name":"Derived /Biped/Geom/body_geo.extent","cat":"step","ph":"X","ts":122818,"dur":502,"pid":1,"tid":0},
{"name":"BakedPublish","cat":"baked","ph":"X","ts":123454,"dur":73,"pid":1,"tid":0},
{"name":"BakedEpilogue","cat":"baked","ph":"X","ts":123322,"dur":216,"pid":1,"tid":0},
{"name":"Baked","cat":"baked","ph":"X","ts":119479,"dur":4060,"pid":1,"tid":0},
{"name":"Evaluate.Run","cat":"evaluate","ph":"X","ts":119477,"dur":4063,"pid":1,"tid":0},
{"name":"Evaluate@1","cat":"evaluate","ph":"X","ts":119474,"dur":4067,"pid":1,"tid":0},
{"name":"Evaluate.Settle","cat":"evaluate","ph":"X","ts":123568,"dur":0,"pid":1,"tid":0},
{"name":"Evaluate.PlaceOverrides","cat":"evaluate","ph":"X","ts":123568,"dur":0,"pid":1,"tid":0},
{"name":"PropertyChains","cat":"property","ph":"X","ts":123572,"dur":7,"pid":1,"tid":0},
{"name":"BakedInputs","cat":"baked","ph":"X","ts":123580,"dur":13,"pid":1,"tid":0},
{"name":"BakedChainBase","cat":"geometry","ph":"X","ts":123726,"dur":3,"pid":1,"tid":0},
{"name":"BakedPrologue","cat":"baked","ph":"X","ts":123570,"dur":159,"pid":1,"tid":0},
{"name":"BakedRegion","cat":"baked","ph":"X","ts":123730,"dur":1301,"pid":1,"tid":0},
{"name":"ComposeSubtree /Biped/Rig/Controls/arm_l_ik","cat":"step","ph":"X","ts":123766,"dur":2,"pid":1,"tid":0},
{"name":"ComposeSubtree /Biped/Rig/Controls/hips_ctl","cat":"step","ph":"X","ts":123768,"dur":2,"pid":1,"tid":0},
{"name":"ComposeSubtree /Biped/Rig/Controls/hips_ctl/spine_root_pivot/spine_root_ctl/pelvis_r_ctl","cat":"step","ph":"X","ts":123770,"dur":1,"pid":1,"tid":0},
{"name":"ComposeSubtree /Biped/Rig/Controls/hips_ctl/torso_ctl","cat":"step","ph":"X","ts":123771,"dur":1,"pid":1,"tid":0},
{"name":"ComposeSubtree /Biped/Rig/Controls/hips_ctl/torso_ctl/spine_end_pivot/spine_end_ctl/clavicle_r_ctl","cat":"step","ph":"X","ts":123772,"dur":1,"pid":1,"tid":0},
{"name":"ComposeSubtree /Biped/Rig/Controls/hips_ctl/torso_ctl/spine_end_pivot/spine_end_ctl/neck_root_ctl/neck_end_pivot","cat":"step","ph":"X","ts":123773,"dur":1,"pid":1,"tid":0},
{"name":"ComposeSubtree /Biped/Rig/Controls/index_001_r_bind_fk_follow","cat":"step","ph":"X","ts":123774,"dur":1,"pid":1,"tid":0},
{"name":"ComposeSubtree /Biped/Rig/Controls/leg_l_ik/ankle_l_pivot/bankIn_l_pivot","cat":"step","ph":"X","ts":123775,"dur":1,"pid":1,"tid":0},
{"name":"ComposeSubtree /Biped/Rig/Controls/leg_l_ik/ankle_l_pivot/bankIn_l_pivot/bankOut_l_pivot/heel_l_roll/heel_l/ball_l_pivot/toe_l_roll/toe_l/ballRoll_l_up/ballRoll_l_down","cat":"step","ph":"X","ts":123776,"dur":1,"pid":1,"tid":0},
{"name":"ComposeSubtree /Biped/Rig/Controls/leg_l_ik/ankle_l_pivot/bankIn_l_pivot/bankOut_l_pivot/heel_l_roll/heel_l/ball_l_pivot/toe_l_roll/toe_l/toeBend_l/toeBend_l_fk","cat":"step","ph":"X","ts":123777,"dur":1,"pid":1,"tid":0},
{"name":"ComposeSubtree /Biped/Rig/Controls/leg_l_ik/ankle_l_pivot/bank_l","cat":"step","ph":"X","ts":123778,"dur":1,"pid":1,"tid":0},
{"name":"ComposeSubtree /Biped/Rig/Controls/leg_r_ik/ankle_r_pivot/bankIn_r_pivot/bankOut_r_pivot/heel_r_roll/heel_r","cat":"step","ph":"X","ts":123779,"dur":1,"pid":1,"tid":0},
{"name":"ComposeSubtree /Biped/Rig/Controls/leg_r_ik/ankle_r_pivot/bankIn_r_pivot/bankOut_r_pivot/heel_r_roll/heel_r/ball_r_pivot/toe_r_roll/toe_r/ballRoll_r_up/ballRoll_r_down/ballRoll_r/ball_r_ikTarget","cat":"step","ph":"X","ts":123780,"dur":1,"pid":1,"tid":0},
{"name":"ComposeSubtree /Biped/Rig/Controls/leg_r_ik/ankle_r_pivot/bankIn_r_pivot/bankOut_r_pivot/heel_r_roll/heel_r/ball_r_pivot/toe_r_roll_twin","cat":"step","ph":"X","ts":123781,"dur":1,"pid":1,"tid":0},
{"name":"ComposeSubtree /Biped/Rig/Controls/leg_r_pv","cat":"step","ph":"X","ts":123782,"dur":1,"pid":1,"tid":0},
{"name":"ComposeSubtree /Biped/Rig/Controls/middle_001_r_bind_fk_follow","cat":"step","ph":"X","ts":123783,"dur":1,"pid":1,"tid":0},
{"name":"ComposeSubtree /Biped/Rig/Controls/pinkyCup_l_bind_fk_follow/pinkyCup_l_bind_fk/pinky_001_l_bind_fk","cat":"step","ph":"X","ts":123784,"dur":1,"pid":1,"tid":0},
{"name":"ComposeSubtree /Biped/Rig/Controls/pinkyCup_r_bind_fk_follow/pinkyCup_r_bind_fk/pinky_001_r_bind_fk/pinky_002_r_bind_fk/pinky_003_r_bind_fk","cat":"step","ph":"X","ts":123785,"dur":1,"pid":1,"tid":0},
{"name":"ComposeSubtree /Biped/Rig/Controls/ring_001_r_bind_fk_follow","cat":"step","ph":"X","ts":123786,"dur":1,"pid":1,"tid":0},
{"name":"ComposeSubtree /Biped/Rig/Controls/thumbCup_l_bind_fk_follow/thumbCup_l_bind_fk/thumb_001_l_bind_fk","cat":"step","ph":"X","ts":123787,"dur":1,"pid":1,"tid":0},
{"name":"ComposeSubtree /Biped/Rig/Joints/ankle_l_pivot","cat":"step","ph":"X","ts":123788,"dur":1,"pid":1,"tid":0},
{"name":"ComposeSubtree /Biped/Rig/Joints/ankle_l_pivot/bankIn_l_pivot/bankOut_l_pivot/heel_l_pivot/ball_l_pivot/toe_l_pivot/ballRoll_l_pivot","cat":"step","ph":"X","ts":123789,"dur":1,"pid":1,"tid":0},
{"name":"ComposeSubtree /Biped/Rig/Joints/ankle_r_pivot/bankIn_r_pivot/bankOut_r_pivot/heel_r_pivot/ball_r_pivot/toe_r_pivot/ballRoll_r_pivot","cat":"step","ph":"X","ts":123790,"dur":1,"pid":1,"tid":0},
{"name":"ComposeSubtree /Biped/Rig/Joints/hips_bind/pelvis_l_bind/thighNoTwist_l_bind","cat":"step","ph":"X","ts":123791,"dur":1,"pid":1,"tid":0},
{"name":"ComposeSubtree /Biped/Rig/Joints/hips_bind/pelvis_l_bind/thigh_l_bind/knee_l_bind/ankle_l_bind/ball_l_bind","cat":"step","ph":"X","ts":123792,"dur":1,"pid":1,"tid":0},
{"name":"ComposeSubtree /Biped/Rig/Joints/hips_bind/pelvis_l_bind/thigh_l_bind/knee_l_bind/ankle_l_bind/ball_l_bind/toe3_001_l_bind","cat":"step","ph":"X","ts":123793,"dur":1,"pid":1,"tid":0},
{"name":"ComposeSubtree /Biped/Rig/Joints/hips_bind/pelvis_l_bind/thigh_l_bind/knee_l_bind/ankle_l_bind/ball_l_bind/toe5_001_l_bind","cat":"step","ph":"X","ts":123794,"dur":1,"pid":1,"tid":0},
{"name":"ComposeSubtree /Biped/Rig/Joints/hips_bind/pelvis_r_bind","cat":"step","ph":"X","ts":123795,"dur":1,"pid":1,"tid":0},
{"name":"ComposeSubtree /Biped/Rig/Joints/hips_bind/pelvis_r_bind/thigh_r_bind","cat":"step","ph":"X","ts":123796,"dur":1,"pid":1,"tid":0},
{"name":"ComposeSubtree /Biped/Rig/Joints/hips_bind/pelvis_r_bind/thigh_r_bind/knee_r_bind/ankle_r_bind/ball_r_bind/toe1_001_r_bind/toe1_002_r_bind/toe1_003_r_bind","cat":"step","ph":"X","ts":123797,"dur":1,"pid":1,"tid":0},
{"name":"ComposeSubtree /Biped/Rig/Joints/hips_bind/pelvis_r_bind/thigh_r_bind/knee_r_bind/ankle_r_bind/ball_r_bind/toe3_001_r_bind","cat":"step","ph":"X","ts":123798,"dur":1,"pid":1,"tid":0},
{"name":"ComposeSubtree /Biped/Rig/Joints/hips_bind/pelvis_r_bind/thigh_r_bind/knee_r_bind/ankle_r_bind/ball_r_bind/toe5_001_r_bind","cat":"step","ph":"X","ts":123799,"dur":1,"pid":1,"tid":0},
{"name":"ComposeSubtree /Biped/Rig/Joints/hips_bind/spine_0_bind","cat":"step","ph":"X","ts":123800,"dur":1,"pid":1,"tid":0},
{"name":"ComposeSubtree /Biped/Rig/Joints/hips_bind/spine_0_bind/spine_1_bind/spine_2_bind/spine_3_bind/spine_4_bind/spine_5_bind/chest_bind/clavicle_l_bind/clavicle_trans_combo_l_driver","cat":"step","ph":"X","ts":123801,"dur":1,"pid":1,"tid":0},
{"name":"ComposeSubtree /Biped/Rig/Joints/hips_bind/spine_0_bind/spine_1_bind/spine_2_bind/spine_3_bind/spine_4_bind/spine_5_bind/chest_bind/clavicle_l_bind/shoulder_l_bind/elbow_l_bind/elbowTwist_l_bind","cat":"step","ph":"X","ts":123802,"dur":1,"pid":1,"tid":0},
{"name":"ComposeSubtree /Biped/Rig/Joints/hips_bind/spine_0_bind/spine_1_bind/spine_2_bind/spine_3_bind/spine_4_bind/spine_5_bind/chest_bind/clavicle_l_bind/shoulder_l_bind/elbow_l_bind/wrist_l_bind/index_001_l_bind/index_002_l_bind","cat":"step","ph":"X","ts":123803,"dur":1,"pid":1,"tid":0},
{"name":"ComposeSubtree /Biped/Rig/Joints/hips_bind/spine_0_bind/spine_1_bind/spine_2_bind/spine_3_bind/spine_4_bind/spine_5_bind/chest_bind/clavicle_l_bind/shoulder_l_bind/elbow_l_bind/wrist_l_bind/middle_001_l_bind/middle_002_l_bind/middle_003_l_bind/middle_004_l_bind","cat":"step","ph":"X","ts":123804,"dur":1,"pid":1,"tid":0},
{"name":"ComposeSubtree /Biped/Rig/Joints/hips_bind/spine_0_bind/spine_1_bind/spine_2_bind/spine_3_bind/spine_4_bind/spine_5_bind/chest_bind/clavicle_l_bind/shoulder_l_bind/elbow_l_bind/wrist_l_bind/ring_001_l_bind","cat":"step","ph":"X","ts":123805,"dur":1,"pid":1,"tid":0},
{"name":"ComposeSubtree /Biped/Rig/Joints/hips_bind/spine_0_bind/spine_1_bind/spine_2_bind/spine_3_bind/spine_4_bind/spine_5_bind/chest_bind/clavicle_l_bind/shoulder_l_bind/elbow_l_bind/wrist_l_bind/thumbCup_l_bind/thumb_001_l_bind/thumb_002_l_bind","cat":"step","ph":"X","ts":123806,"dur":1,"pid":1,"tid":0},
{"name":"ComposeSubtree /Biped/Rig/Joints/hips_bind/spine_0_bind/spine_1_bind/spine_2_bind/spine_3_bind/spine_4_bind/spine_5_bind/chest_bind/clavicle_r_bind/shoulderNoTwist_r_bind","cat":"step","ph":"X","ts":123807,"dur":1,"pid":1,"tid":0},
{"name":"ComposeSubtree /Biped/Rig/Joints/hips_bind/spine_0_bind/spine_1_bind/spine_2_bind/spine_3_bind/spine_4_bind/spine_5_bind/chest_bind/clavicle_r_bind/shoulder_r_bind/elbow_r_bind/wristTwist_r_driver","cat":"step","ph":"X","ts":123808,"dur":1,"pid":1,"tid":0},
{"name":"ComposeSubtree /Biped/Rig/Joints/hips_bind/spine_0_bind/spine_1_bind/spine_2_bind/spine_3_bind/spine_4_bind/spine_5_bind/chest_bind/clavicle_r_bind/shoulder_r_bind/elbow_r_bind/wrist_r_bind/middle_001_r_bind","cat":"step","ph":"X","ts":123809,"dur":1,"pid":1,"tid":0},
{"name":"ComposeSubtree /Biped/Rig/Joints/hips_bind/spine_0_bind/spine_1_bind/spine_2_bind/spine_3_bind/spine_4_bind/spine_5_bind/chest_bind/clavicle_r_bind/shoulder_r_bind/elbow_r_bind/wrist_r_bind/pinkyCup_r_bind/pinky_001_r_bind/pinky_002_combo_r_driver","cat":"step","ph":"X","ts":123810,"dur":1,"pid":1,"tid":0},
{"name":"ComposeSubtree /Biped/Rig/Joints/hips_bind/spine_0_bind/spine_1_bind/spine_2_bind/spine_3_bind/spine_4_bind/spine_5_bind/chest_bind/clavicle_r_bind/shoulder_r_bind/elbow_r_bind/wrist_r_bind/ring_001_r_bind/ring_002_r_bind","cat":"step","ph":"X","ts":123811,"dur":1,"pid":1,"tid":0},
{"name":"ComposeSubtree /Biped/Rig/Joints/hips_bind/spine_0_bind/spine_1_bind/spine_2_bind/spine_3_bind/spine_4_bind/spine_5_bind/chest_bind/clavicle_r_bind/shoulder_r_bind/elbow_r_bind/wrist_r_bind/thumbCup_r_bind/thumb_001_r_bind/thumb_002_r_bind/thumb_003_r_bind","cat":"step","ph":"X","ts":123812,"dur":1,"pid":1,"tid":0},
{"name":"ComposeSubtree /Biped/Rig/Joints/hips_bind/spine_0_bind/spine_1_bind/spine_2_bind/spine_3_bind/spine_4_bind/spine_5_bind/chest_bind/neck_base_bind/neck_0_bind/neck_1_bind/neck_2_bind/neck_3_bind","cat":"step","ph":"X","ts":123813,"dur":1,"pid":1,"tid":0},
{"name":"ComposeSubtree /Biped/Rig/Joints/hips_bind/spine_0_bind/spine_1_bind/spine_2_bind/spine_3_bind/spine_4_bind/spine_5_bind/chest_bind/neck_base_bind/neck_0_bind/neck_1_bind/neck_2_bind/neck_3_bind/skull_bind/face_lower_bind/jaw_bind/jaw_end","cat":"step","ph":"X","ts":123814,"dur":1,"pid":1,"tid":0},
{"name":"ComposeSubtree /Biped/Rig/Joints/hips_bind/spine_0_bind/spine_1_bind/spine_2_bind/spine_3_bind/spine_4_bind/spine_5_bind/chest_bind/neck_base_bind/neck_0_bind/neck_1_bind/neck_2_bind/neck_3_bind/skull_bind/face_lower_bind/jaw_bind/tongue_0_bind/tongue_1_bind/tongue_2_bind/tongue_3_bind","cat":"step","ph":"X","ts":123815,"dur":1,"pid":1,"tid":0},
{"name":"ComposeSubtree /Biped/Rig/Joints/hips_bind/spine_0_bind/spine_1_bind/spine_2_bind/spine_3_bind/spine_4_bind/spine_5_bind/chest_bind/neck_base_bind/neck_0_bind/neck_1_bind/neck_2_bind/neck_3_bind/skull_bind/face_upper_bind/head_tip_bind/brow_inner_r_bind","cat":"step","ph":"X","ts":123816,"dur":1,"pid":1,"tid":0},
{"name":"ComposeSubtree /Biped/Rig/Joints/neck_ik_neck_0_bind/neck_ik_neck_1_bind/neck_ik_neck_2_bind/neck_ik_neck_3_bind","cat":"step","ph":"X","ts":123817,"dur":1,"pid":1,"tid":0},
{"name":"ComposeSubtree /Biped/Rig/Joints/spine_ik_spine_0_bind/spine_ik_spine_1_bind/spine_ik_spine_2_bind/spine_ik_spine_3_bind/spine_ik_spine_4_bind/spine_ik_spine_5_bind","cat":"step","ph":"X","ts":123818,"dur":1,"pid":1,"tid":0},
{"name":"Solve /Biped/Rig/Solvers/arm_l_fkChain","cat":"step","ph":"X","ts":123819,"dur":2,"pid":1,"tid":0},
{"name":"Solve /Biped/Rig/Solvers/arm_l_twoBoneIk","cat":"step","ph":"X","ts":123821,"dur":1,"pid":1,"tid":0},
{"name":"Solve /Biped/Rig/Solvers/arm_r_twoBoneIk","cat":"step","ph":"X","ts":123822,"dur":1,"pid":1,"tid":0},
{"name":"Solve /Biped/Rig/Solvers/leg_r_fkChain","cat":"step","ph":"X","ts":123823,"dur":1,"pid":1,"tid":0},
{"name":"Solve /Biped/Rig/Solvers/neck_splineIk","cat":"step","ph":"X","ts":123824,"dur":9,"pid":1,"tid":0},
{"name":"SolverCommit batch 6","cat":"step","ph":"X","ts":123833,"dur":1,"pid":1,"tid":0},
{"name":"Solve /Biped/Rig/Solvers/spine_splineIk","cat":"step","ph":"X","ts":123834,"dur":7,"pid":1,"tid":0},
{"name":"Solve /Biped/Rig/Solvers/arm_r_ikfk","cat":"step","ph":"X","ts":123841,"dur":1,"pid":1,"tid":0},
{"name":"SolverCommit batch 8","cat":"step","ph":"X","ts":123842,"dur":1,"pid":1,"tid":0},
{"name":"Solve /Biped/Rig/Solvers/arm_l_ikfk","cat":"step","ph":"X","ts":123843,"dur":1,"pid":1,"tid":0},
{"name":"SolverCommit batch 9","cat":"step","ph":"X","ts":123844,"dur":1,"pid":1,"tid":0},
{"name":"Constraint /Biped/Rig/Movers/spine_mid_follow/spine_mid_follow_pos","cat":"step","ph":"X","ts":123845,"dur":8,"pid":1,"tid":0},
{"name":"Solve /Biped/Rig/Solvers/fk_thumb_r","cat":"step","ph":"X","ts":123853,"dur":1,"pid":1,"tid":0},
{"name":"Solve /Biped/Rig/Solvers/fk_ring_r","cat":"step","ph":"X","ts":123854,"dur":1,"pid":1,"tid":0},
{"name":"SolverCommit batch 12","cat":"step","ph":"X","ts":123855,"dur":1,"pid":1,"tid":0},
{"name":"Solve /Biped/Rig/Solvers/fk_pinky_r","cat":"step","ph":"X","ts":123856,"dur":1,"pid":1,"tid":0},
{"name":"SolverCommit batch 13","cat":"step","ph":"X","ts":123857,"dur":1,"pid":1,"tid":0},
{"name":"Solve /Biped/Rig/Solvers/fk_middle_r","cat":"step","ph":"X","ts":123858,"dur":1,"pid":1,"tid":0},
{"name":"Solve /Biped/Rig/Solvers/fk_index_r","cat":"step","ph":"X","ts":123859,"dur":1,"pid":1,"tid":0},
{"name":"Solve /Biped/Rig/Solvers/fk_thumb_l","cat":"step","ph":"X","ts":123860,"dur":1,"pid":1,"tid":0},
{"name":"Solve /Biped/Rig/Solvers/fk_ring_l","cat":"step","ph":"X","ts":123861,"dur":1,"pid":1,"tid":0},
{"name":"SolverCommit batch 17","cat":"step","ph":"X","ts":123862,"dur":1,"pid":1,"tid":0},
{"name":"Solve /Biped/Rig/Solvers/fk_pinky_l","cat":"step","ph":"X","ts":123863,"dur":1,"pid":1,"tid":0},
{"name":"Solve /Biped/Rig/Solvers/fk_middle_l","cat":"step","ph":"X","ts":123864,"dur":1,"pid":1,"tid":0},
{"name":"Solve /Biped/Rig/Solvers/fk_index_l","cat":"step","ph":"X","ts":123865,"dur":1,"pid":1,"tid":0},
{"name":"SolverCommit batch 20","cat":"step","ph":"X","ts":123866,"dur":1,"pid":1,"tid":0},
{"name":"Constraint /Biped/Rig/Movers/spine_mid_follow/spine_mid_follow_aim","cat":"step","ph":"X","ts":123867,"dur":2,"pid":1,"tid":0},
{"name":"Constraint /Biped/Rig/Movers/hand_r_follow/thumbCup_r_bind_fk_follow_to_wrist_r_bind","cat":"step","ph":"X","ts":123869,"dur":4,"pid":1,"tid":0},
{"name":"Constraint /Biped/Rig/Movers/hand_r_follow/ring_001_r_bind_fk_follow_to_wrist_r_bind","cat":"step","ph":"X","ts":123873,"dur":2,"pid":1,"tid":0},
{"name":"Constraint /Biped/Rig/Movers/hand_r_follow/pinkyCup_r_bind_fk_follow_to_wrist_r_bind","cat":"step","ph":"X","ts":123875,"dur":3,"pid":1,"tid":0},
{"name":"Constraint /Biped/Rig/Movers/hand_r_follow/middle_001_r_bind_fk_follow_to_wrist_r_bind","cat":"step","ph":"X","ts":123878,"dur":3,"pid":1,"tid":0},
{"name":"Constraint /Biped/Rig/Movers/hand_r_follow/index_001_r_bind_fk_follow_to_wrist_r_bind","cat":"step","ph":"X","ts":123881,"dur":2,"pid":1,"tid":0},
{"name":"Constraint /Biped/Rig/Movers/hand_l_follow/thumbCup_l_bind_fk_follow_to_wrist_l_bind","cat":"step","ph":"X","ts":123883,"dur":3,"pid":1,"tid":0},
{"name":"Constraint /Biped/Rig/Movers/hand_l_follow/ring_001_l_bind_fk_follow_to_wrist_l_bind","cat":"step","ph":"X","ts":123886,"dur":2,"pid":1,"tid":0},
{"name":"Constraint /Biped/Rig/Movers/hand_l_follow/pinkyCup_l_bind_fk_follow_to_wrist_l_bind","cat":"step","ph":"X","ts":123888,"dur":3,"pid":1,"tid":0},
{"name":"Constraint /Biped/Rig/Movers/hand_l_follow/middle_001_l_bind_fk_follow_to_wrist_l_bind","cat":"step","ph":"X","ts":123891,"dur":2,"pid":1,"tid":0},
{"name":"Constraint /Biped/Rig/Movers/hand_l_follow/index_001_l_bind_fk_follow_to_wrist_l_bind","cat":"step","ph":"X","ts":123893,"dur":2,"pid":1,"tid":0},
{"name":"Constraint /Biped/Rig/Movers/bankIn_r_pivot_rc/bankIn_r_pivot_rotation","cat":"step","ph":"X","ts":123895,"dur":2,"pid":1,"tid":0},
{"name":"Constraint /Biped/Rig/Movers/heel_r_roll_rc/heel_r_roll_rotation","cat":"step","ph":"X","ts":123897,"dur":1,"pid":1,"tid":0},
{"name":"Constraint /Biped/Rig/Movers/ballRoll_r_up_rc/ballRoll_r_up_rotation","cat":"step","ph":"X","ts":123898,"dur":1,"pid":1,"tid":0},
{"name":"Solve /Biped/Rig/Solvers/leg_r_twoBoneIk","cat":"step","ph":"X","ts":123899,"dur":1,"pid":1,"tid":0},
{"name":"SolverCommit batch 39","cat":"step","ph":"X","ts":123900,"dur":4,"pid":1,"tid":0},
{"name":"Constraint /Biped/Rig/Movers/ankle_r_bind_scAim/ankle_r_bind_aim","cat":"step","ph":"X","ts":123904,"dur":5,"pid":1,"tid":0},
{"name":"Constraint /Biped/Rig/Movers/ball_r_bind_scAim/ball_r_bind_aim","cat":"step","ph":"X","ts":123909,"dur":3,"pid":1,"tid":0},
{"name":"Constraint /Biped/Rig/Movers/bankIn_l_pivot_rc/bankIn_l_pivot_rotation","cat":"step","ph":"X","ts":123912,"dur":1,"pid":1,"tid":0},
{"name":"Constraint /Biped/Rig/Movers/heel_l_roll_rc/heel_l_roll_rotation","cat":"step","ph":"X","ts":123913,"dur":1,"pid":1,"tid":0},
{"name":"Constraint /Biped/Rig/Movers/ballRoll_l_up_rc/ballRoll_l_up_rotation","cat":"step","ph":"X","ts":123914,"dur":1,"pid":1,"tid":0},
{"name":"Solve /Biped/Rig/Solvers/leg_l_ikfk","cat":"step","ph":"X","ts":123915,"dur":1,"pid":1,"tid":0},
{"name":"SolverCommit batch 49","cat":"step","ph":"X","ts":123916,"dur":4,"pid":1,"tid":0},
{"name":"Constraint /Biped/Rig/Movers/ankle_l_bind_scAim/ankle_l_bind_aim","cat":"step","ph":"X","ts":123920,"dur":4,"pid":1,"tid":0},
{"name":"Constraint /Biped/Rig/Movers/ball_l_bind_scAim/ball_l_bind_aim","cat":"step","ph":"X","ts":123924,"dur":3,"pid":1,"tid":0},
{"name":"Constraint /Biped/Rig/Movers/hips_follow/spine_root_ctl_drives_hips_bind","cat":"step","ph":"X","ts":123927,"dur":1,"pid":1,"tid":0},
{"name":"CommitDelta /Biped/Rig/Movers/hips_follow/spine_root_ctl_drives_hips_bind","cat":"step","ph":"X","ts":123928,"dur":1,"pid":1,"tid":0},
{"name":"PropagateChunk /Biped/Rig/Movers/hips_follow/spine_root_ctl_drives_hips_bind","cat":"step","ph":"X","ts":123929,"dur":4,"pid":1,"tid":0},
{"name":"CommitApply /Biped/Rig/Movers/hips_follow/spine_root_ctl_drives_hips_bind","cat":"step","ph":"X","ts":123933,"dur":1,"pid":1,"tid":0},
{"name":"Constraint /Biped/Rig/Movers/hips_follow/spine_root_ctl_scales_hips_bind","cat":"step","ph":"X","ts":123934,"dur":1,"pid":1,"tid":0},
{"name":"CommitDelta /Biped/Rig/Movers/hips_follow/spine_root_ctl_scales_hips_bind","cat":"step","ph":"X","ts":123935,"dur":1,"pid":1,"tid":0},
{"name":"PropagateChunk /Biped/Rig/Movers/hips_follow/spine_root_ctl_scales_hips_bind","cat":"step","ph":"X","ts":123936,"dur":4,"pid":1,"tid":0},
{"name":"Constraint /Biped/Rig/Movers/spine_to_bind/spine_ik_spine_0_bind_scale_to_spine_0_bind","cat":"step","ph":"X","ts":123940,"dur":6,"pid":1,"tid":0},
{"name":"Constraint /Biped/Rig/Movers/spine_to_bind/spine_ik_spine_0_bind_to_spine_0_bind","cat":"step","ph":"X","ts":123946,"dur":5,"pid":1,"tid":0},
{"name":"Constraint /Biped/Rig/Movers/spine_to_bind/spine_ik_spine_1_bind_scale_to_spine_1_bind","cat":"step","ph":"X","ts":123951,"dur":4,"pid":1,"tid":0},
{"name":"Constraint /Biped/Rig/Movers/spine_to_bind/spine_ik_spine_1_bind_to_spine_1_bind","cat":"step","ph":"X","ts":123955,"dur":6,"pid":1,"tid":0},
{"name":"Constraint /Biped/Rig/Movers/spine_to_bind/spine_ik_spine_2_bind_scale_to_spine_2_bind","cat":"step","ph":"X","ts":123961,"dur":4,"pid":1,"tid":0},
{"name":"Constraint /Biped/Rig/Movers/spine_to_bind/spine_ik_spine_2_bind_to_spine_2_bind","cat":"step","ph":"X","ts":123965,"dur":5,"pid":1,"tid":0},
{"name":"Constraint /Biped/Rig/Movers/spine_to_bind/spine_ik_spine_3_bind_scale_to_spine_3_bind","cat":"step","ph":"X","ts":123970,"dur":5,"pid":1,"tid":0},
{"name":"Constraint /Biped/Rig/Movers/spine_to_bind/spine_ik_spine_3_bind_to_spine_3_bind","cat":"step","ph":"X","ts":123975,"dur":5,"pid":1,"tid":0},
{"name":"Constraint /Biped/Rig/Movers/spine_to_bind/spine_ik_spine_4_bind_scale_to_spine_4_bind","cat":"step","ph":"X","ts":123980,"dur":3,"pid":1,"tid":0},
{"name":"Constraint /Biped/Rig/Movers/spine_to_bind/spine_ik_spine_4_bind_to_spine_4_bind","cat":"step","ph":"X","ts":123983,"dur":5,"pid":1,"tid":0},
{"name":"Constraint /Biped/Rig/Movers/spine_to_bind/spine_ik_spine_5_bind_scale_to_spine_5_bind","cat":"step","ph":"X","ts":123988,"dur":4,"pid":1,"tid":0},
{"name":"Constraint /Biped/Rig/Movers/spine_to_bind/spine_ik_spine_5_bind_to_spine_5_bind","cat":"step","ph":"X","ts":123992,"dur":5,"pid":1,"tid":0},
{"name":"Constraint /Biped/Rig/Movers/spine_to_bind/spine_ik_chest_bind_scale_to_chest_bind","cat":"step","ph":"X","ts":123997,"dur":4,"pid":1,"tid":0},
{"name":"Constraint /Biped/Rig/Movers/spine_to_bind/spine_ik_chest_bind_to_chest_bind","cat":"step","ph":"X","ts":124001,"dur":5,"pid":1,"tid":0},
{"name":"Constraint /Biped/Rig/Movers/girdles/spine_end_ctl_drives_chest_bind","cat":"step","ph":"X","ts":124006,"dur":4,"pid":1,"tid":0},
{"name":"Constraint /Biped/Rig/Movers/girdles/pelvis_r_ctl_drives_pelvis_r_bind","cat":"step","ph":"X","ts":124010,"dur":2,"pid":1,"tid":0},
{"name":"Constraint /Biped/Rig/Movers/girdles/pelvis_l_ctl_drives_pelvis_l_bind","cat":"step","ph":"X","ts":124012,"dur":1,"pid":1,"tid":0},
{"name":"Constraint /Biped/Rig/Movers/girdles/clavicle_r_ctl_drives_clavicle_r_bind","cat":"step","ph":"X","ts":124013,"dur":1,"pid":1,"tid":0},
{"name":"Constraint /Biped/Rig/Movers/girdles/clavicle_l_ctl_drives_clavicle_l_bind","cat":"step","ph":"X","ts":124014,"dur":1,"pid":1,"tid":0},
{"name":"Constraint /Biped/Rig/Movers/girdles/spine_end_ctl_unsquashes_neck_base_bind","cat":"step","ph":"X","ts":124015,"dur":3,"pid":1,"tid":0},
{"name":"Constraint /Biped/Rig/Movers/girdles/clavicle_r_ctl_unsquashes_clavicle_r_bind","cat":"step","ph":"X","ts":124018,"dur":2,"pid":1,"tid":0},
{"name":"Constraint /Biped/Rig/Movers/girdles/clavicle_l_ctl_unsquashes_clavicle_l_bind","cat":"step","ph":"X","ts":124020,"dur":1,"pid":1,"tid":0},
{"name":"Constraint /Biped/Rig/Movers/neck_to_bind/neck_ik_neck_0_bind_scale_to_neck_0_bind","cat":"step","ph":"X","ts":124021,"dur":3,"pid":1,"tid":0},
{"name":"Constraint /Biped/Rig/Movers/neck_to_bind/neck_ik_neck_0_bind_to_neck_0_bind","cat":"step","ph":"X","ts":124024,"dur":4,"pid":1,"tid":0},
{"name":"Constraint /Biped/Rig/Movers/neck_to_bind/neck_ik_neck_1_bind_scale_to_neck_1_bind","cat":"step","ph":"X","ts":124028,"dur":3,"pid":1,"tid":0},
{"name":"Constraint /Biped/Rig/Movers/neck_to_bind/neck_ik_neck_1_bind_to_neck_1_bind","cat":"step","ph":"X","ts":124031,"dur":4,"pid":1,"tid":0},
{"name":"Constraint /Biped/Rig/Movers/neck_to_bind/neck_ik_neck_2_bind_scale_to_neck_2_bind","cat":"step","ph":"X","ts":124035,"dur":3,"pid":1,"tid":0},
{"name":"Constraint /Biped/Rig/Movers/neck_to_bind/neck_ik_neck_2_bind_to_neck_2_bind","cat":"step","ph":"X","ts":124038,"dur":4,"pid":1,"tid":0},
{"name":"Constraint /Biped/Rig/Movers/neck_to_bind/neck_ik_neck_3_bind_scale_to_neck_3_bind","cat":"step","ph":"X","ts":124042,"dur":3,"pid":1,"tid":0},
{"name":"Constraint /Biped/Rig/Movers/neck_to_bind/neck_ik_neck_3_bind_to_neck_3_bind","cat":"step","ph":"X","ts":124045,"dur":3,"pid":1,"tid":0},
{"name":"Constraint /Biped/Rig/Movers/neck_to_bind/neck_ik_skull_bind_scale_to_skull_bind","cat":"step","ph":"X","ts":124048,"dur":3,"pid":1,"tid":0},
{"name":"Constraint /Biped/Rig/Movers/neck_to_bind/neck_ik_skull_bind_to_skull_bind","cat":"step","ph":"X","ts":124051,"dur":3,"pid":1,"tid":0},
{"name":"Constraint /Biped/Rig/Movers/twist_aims/wristTwist_r_bind_copy","cat":"step","ph":"X","ts":124054,"dur":3,"pid":1,"tid":0},
{"name":"Constraint /Biped/Rig/Movers/twist_aims/wristTwist_r_bind_aim","cat":"step","ph":"X","ts":124057,"dur":2,"pid":1,"tid":0},
{"name":"Constraint /Biped/Rig/Movers/twist_aims/wristTwist_l_bind_copy","cat":"step","ph":"X","ts":124059,"dur":1,"pid":1,"tid":0},
{"name":"Constraint /Biped/Rig/Movers/twist_aims/wristTwist_l_bind_aim","cat":"step","ph":"X","ts":124060,"dur":2,"pid":1,"tid":0},
{"name":"Constraint /Biped/Rig/Movers/twist_aims/ankleTwist_r_bind_copy","cat":"step","ph":"X","ts":124062,"dur":2,"pid":1,"tid":0},
{"name":"Constraint /Biped/Rig/Movers/twist_aims/ankleTwist_r_bind_aim","cat":"step","ph":"X","ts":124064,"dur":2,"pid":1,"tid":0},
{"name":"Constraint /Biped/Rig/Movers/twist_aims/ankleTwist_l_bind_copy","cat":"step","ph":"X","ts":124066,"dur":2,"pid":1,"tid":0},
{"name":"Constraint /Biped/Rig/Movers/twist_aims/ankleTwist_l_bind_aim","cat":"step","ph":"X","ts":124068,"dur":2,"pid":1,"tid":0},
{"name":"Constraint /Biped/Rig/Movers/twist_aims/ankleTwist_l_bind_follows_ankle_l_bind","cat":"step","ph":"X","ts":124070,"dur":1,"pid":1,"tid":0},
{"name":"Constraint /Biped/Rig/Movers/twist_aims/wristTwist_l_bind_follows_wrist_l_bind","cat":"step","ph":"X","ts":124071,"dur":1,"pid":1,"tid":0},
{"name":"Constraint /Biped/Rig/Movers/twist_aims/thighNoTwist_r_bind_follows_thigh_r_bind","cat":"step","ph":"X","ts":124072,"dur":1,"pid":1,"tid":0},
{"name":"Constraint /Biped/Rig/Movers/twist_aims/shoulderNoTwist_r_bind_follows_shoulder_r_bind","cat":"step","ph":"X","ts":124073,"dur":1,"pid":1,"tid":0},
{"name":"Constraint /Biped/Rig/Movers/twist_aims/pelvis_trans_r_bind_follows_thigh_r_bind","cat":"step","ph":"X","ts":124074,"dur":1,"pid":1,"tid":0},
{"name":"Constraint /Biped/Rig/Movers/twist_aims/pelvis_trans_l_bind_follows_thigh_l_bind","cat":"step","ph":"X","ts":124075,"dur":1,"pid":1,"tid":0},
{"name":"Constraint /Biped/Rig/Movers/twist_aims/clavicle_trans_l_bind_follows_shoulder_l_bind","cat":"step","ph":"X","ts":124076,"dur":1,"pid":1,"tid":0},
{"name":"Constraint /Biped/Rig/Movers/twist_aims/pelvis_trans_r_bind_aim","cat":"step","ph":"X","ts":124077,"dur":2,"pid":1,"tid":0},
{"name":"Constraint /Biped/Rig/Movers/twist_aims/pelvis_trans_l_bind_aim","cat":"step","ph":"X","ts":124079,"dur":1,"pid":1,"tid":0},
{"name":"Constraint /Biped/Rig/Movers/twist_aims/kneeTwist_r_bind_aim","cat":"step","ph":"X","ts":124080,"dur":2,"pid":1,"tid":0},
{"name":"Constraint /Biped/Rig/Movers/twist_aims/kneeTwist_l_bind_aim","cat":"step","ph":"X","ts":124082,"dur":2,"pid":1,"tid":0},
{"name":"Constraint /Biped/Rig/Movers/twist_aims/thighNoTwist_r_bind_aim","cat":"step","ph":"X","ts":124084,"dur":2,"pid":1,"tid":0},
{"name":"Constraint /Biped/Rig/Movers/twist_aims/thighNoTwist_l_bind_aim","cat":"step","ph":"X","ts":124086,"dur":1,"pid":1,"tid":0},
{"name":"Constraint /Biped/Rig/Movers/twist_aims/clavicle_trans_r_bind_aim","cat":"step","ph":"X","ts":124087,"dur":2,"pid":1,"tid":0},
{"name":"Constraint /Biped/Rig/Movers/twist_aims/clavicle_trans_l_bind_aim","cat":"step","ph":"X","ts":124089,"dur":2,"pid":1,"tid":0},
{"name":"Constraint /Biped/Rig/Movers/twist_aims/elbowTwist_r_bind_aim","cat":"step","ph":"X","ts":124091,"dur":2,"pid":1,"tid":0},
{"name":"Constraint /Biped/Rig/Movers/twist_aims/elbowTwist_l_bind_aim","cat":"step","ph":"X","ts":124093,"dur":2,"pid":1,"tid":0},
{"name":"Constraint /Biped/Rig/Movers/twist_aims/shoulderNoTwist_r_bind_aim","cat":"step","ph":"X","ts":124095,"dur":2,"pid":1,"tid":0},
{"name":"Constraint /Biped/Rig/Movers/twist_aims/shoulderNoTwist_l_bind_aim","cat":"step","ph":"X","ts":124097,"dur":1,"pid":1,"tid":0},
{"name":"Constraint /Biped/Rig/Movers/pose_drivers/thigh_r_driver_copies_thigh_r_bind","cat":"step","ph":"X","ts":124098,"dur":2,"pid":1,"tid":0},
{"name":"Constraint /Biped/Rig/Movers/pose_drivers/thigh_l_driver_copies_thigh_l_bind","cat":"step","ph":"X","ts":124100,"dur":3,"pid":1,"tid":0},
{"name":"Constraint /Biped/Rig/Movers/pose_drivers/thigh_r_twist_driver_copies_thighNoTwist_r_bind","cat":"step","ph":"X","ts":124103,"dur":1,"pid":1,"tid":0},
{"name":"Constraint /Biped/Rig/Movers/pose_drivers/thigh_l_twist_driver_copies_thighNoTwist_l_bind","cat":"step","ph":"X","ts":124104,"dur":2,"pid":1,"tid":0},
{"name":"Constraint /Biped/Rig/Movers/pose_drivers/ankleTwist_r_driver_copies_ankleTwist_r_bind","cat":"step","ph":"X","ts":124106,"dur":2,"pid":1,"tid":0},
{"name":"Constraint /Biped/Rig/Movers/pose_drivers/ankleTwist_l_driver_copies_ankleTwist_l_bind","cat":"step","ph":"X","ts":124108,"dur":2,"pid":1,"tid":0},
{"name":"Constraint /Biped/Rig/Movers/pose_drivers/toe_r_driver_copies_ball_r_bind","cat":"step","ph":"X","ts":124110,"dur":2,"pid":1,"tid":0},
{"name":"Constraint /Biped/Rig/Movers/pose_drivers/toe_l_driver_copies_ball_l_bind","cat":"step","ph":"X","ts":124112,"dur":2,"pid":1,"tid":0},
{"name":"Constraint /Biped/Rig/Movers/pose_drivers/knee_r_driver_copies_knee_r_bind","cat":"step","ph":"X","ts":124114,"dur":2,"pid":1,"tid":0},
{"name":"Constraint /Biped/Rig/Movers/pose_drivers/knee_l_driver_copies_knee_l_bind","cat":"step","ph":"X","ts":124116,"dur":2,"pid":1,"tid":0},
{"name":"Constraint /Biped/Rig/Movers/pose_drivers/ankleSwing_r_driver_copies_ankle_r_bind","cat":"step","ph":"X","ts":124118,"dur":2,"pid":1,"tid":0},
{"name":"Constraint /Biped/Rig/Movers/pose_drivers/ankleSwing_l_driver_copies_ankle_l_bind","cat":"step","ph":"X","ts":124120,"dur":2,"pid":1,"tid":0},
{"name":"Constraint /Biped/Rig/Movers/pose_drivers/shoulder_r_driver_copies_shoulder_r_bind","cat":"step","ph":"X","ts":124122,"dur":3,"pid":1,"tid":0},
{"name":"Constraint /Biped/Rig/Movers/pose_drivers/shoulder_l_driver_copies_shoulder_l_bind","cat":"step","ph":"X","ts":124125,"dur":2,"pid":1,"tid":0},
{"name":"Constraint /Biped/Rig/Movers/pose_drivers/wristTwist_r_driver_copies_wristTwist_r_bind","cat":"step","ph":"X","ts":124127,"dur":2,"pid":1,"tid":0},
{"name":"Constraint /Biped/Rig/Movers/pose_drivers/wristTwist_l_driver_copies_wristTwist_l_bind","cat":"step","ph":"X","ts":124129,"dur":2,"pid":1,"tid":0},
{"name":"Constraint /Biped/Rig/Movers/pose_drivers/shoulder_r_twist_driver_copies_shoulderNoTwist_r_bind","cat":"step","ph":"X","ts":124131,"dur":3,"pid":1,"tid":0},
{"name":"Constraint /Biped/Rig/Movers/pose_drivers/shoulder_l_twist_driver_copies_shoulderNoTwist_l_bind","cat":"step","ph":"X","ts":124134,"dur":2,"pid":1,"tid":0},
{"name":"Constraint /Biped/Rig/Movers/pose_drivers/wristSwing_r_driver_copies_wrist_r_bind","cat":"step","ph":"X","ts":124136,"dur":2,"pid":1,"tid":0},
{"name":"Constraint /Biped/Rig/Movers/pose_drivers/wristSwing_l_driver_copies_wrist_l_bind","cat":"step","ph":"X","ts":124138,"dur":3,"pid":1,"tid":0},
{"name":"Constraint /Biped/Rig/Movers/pose_drivers/elbow_r_driver_copies_elbow_r_bind","cat":"step","ph":"X","ts":124141,"dur":2,"pid":1,"tid":0},
{"name":"Constraint /Biped/Rig/Movers/pose_drivers/elbow_l_driver_copies_elbow_l_bind","cat":"step","ph":"X","ts":124143,"dur":2,"pid":1,"tid":0},
{"name":"Constraint /Biped/Rig/Movers/param_follow/leg_r_params_to_ankle_r_bind","cat":"step","ph":"X","ts":124145,"dur":2,"pid":1,"tid":0},
{"name":"Constraint /Biped/Rig/Movers/param_follow/leg_l_params_to_ankle_l_bind","cat":"step","ph":"X","ts":124147,"dur":2,"pid":1,"tid":0},
{"name":"Constraint /Biped/Rig/Movers/param_follow/arm_r_params_to_wrist_r_bind","cat":"step","ph":"X","ts":124149,"dur":2,"pid":1,"tid":0},
{"name":"Constraint /Biped/Rig/Movers/param_follow/arm_l_params_to_wrist_l_bind","cat":"step","ph":"X","ts":124151,"dur":2,"pid":1,"tid":0},
{"name":"ProviderMatrix /Biped/Rig/Controls/leg_l_ik/ankle_l_pivot/bankIn_l_pivot/bankOut_l_pivot/heel_l_roll/heel_l/ball_l_pivot final","cat":"step","ph":"X","ts":124153,"dur":1,"pid":1,"tid":0},
{"name":"ProviderMatrix /Biped/Rig/Controls/leg_r_ik/ankle_r_pivot/bankIn_r_pivot/bankOut_r_pivot/heel_r_roll/heel_r/ball_r_pivot/toe_r_roll/toe_r/ballRoll_r_up final","cat":"step","ph":"X","ts":124154,"dur":1,"pid":1,"tid":0},
{"name":"ProviderMatrix /Biped/Rig/Joints/ankle_l_pivot/bankIn_l_pivot/bankOut_l_pivot/heel_l_pivot/ball_l_pivot/toe_l_pivot/toeBend_l_pivot final","cat":"step","ph":"X","ts":124155,"dur":1,"pid":1,"tid":0},
{"name":"ProviderMatrix /Biped/Rig/Joints/hips_bind/pelvis_l_bind/pelvis_trans_combo_l_driver final","cat":"step","ph":"X","ts":124156,"dur":1,"pid":1,"tid":0},
{"name":"ProviderMatrix /Biped/Rig/Joints/hips_bind/pelvis_l_bind/thigh_l_bind/knee_l_bind/ankleTwist_l_driver final","cat":"step","ph":"X","ts":124157,"dur":1,"pid":1,"tid":0},
{"name":"ProviderMatrix /Biped/Rig/Joints/hips_bind/pelvis_l_bind/thigh_l_bind/knee_l_bind/ankle_l_bind/ball_l_bind/toe3_001_l_bind final","cat":"step","ph":"X","ts":124158,"dur":1,"pid":1,"tid":0},
{"name":"ProviderMatrix /Biped/Rig/Joints/hips_bind/pelvis_l_bind/thigh_l_bind/knee_l_bind/ankle_l_bind/ball_l_bind/toe5_001_l_bind/toe5_002_l_bind/toe5_003_l_bind/toe5_004_l_bind final","cat":"step","ph":"X","ts":124159,"dur":1,"pid":1,"tid":0},
{"name":"ProviderMatrix /Biped/Rig/Joints/hips_bind/pelvis_r_bind/thigh_r_bind final","cat":"step","ph":"X","ts":124160,"dur":1,"pid":1,"tid":0},
{"name":"ProviderMatrix /Biped/Rig/Joints/hips_bind/pelvis_r_bind/thigh_r_bind/knee_r_bind/ankle_r_bind/ball_r_bind/toe2_001_r_bind final","cat":"step","ph":"X","ts":124161,"dur":1,"pid":1,"tid":0},
{"name":"ProviderMatrix /Biped/Rig/Joints/hips_bind/pelvis_r_bind/thigh_r_bind/knee_r_bind/ankle_r_bind/ball_r_bind/toe4_001_r_bind/toe4_002_r_bind/toe4_003_r_bind final","cat":"step","ph":"X","ts":124162,"dur":1,"pid":1,"tid":0},
{"name":"ProviderMatrix /Biped/Rig/Joints/hips_bind/spine_0_bind/spine_1_bind final","cat":"step","ph":"X","ts":124163,"dur":1,"pid":1,"tid":0},
{"name":"ProviderMatrix /Biped/Rig/Joints/hips_bind/spine_0_bind/spine_1_bind/spine_2_bind/spine_3_bind/spine_4_bind/spine_5_bind/chest_bind/clavicle_l_bind/shoulderNoTwist_l_bind final","cat":"step","ph":"X","ts":124164,"dur":1,"pid":1,"tid":0},
{"name":"ProviderMatrix /Biped/Rig/Joints/hips_bind/spine_0_bind/spine_1_bind/spine_2_bind/spine_3_bind/spine_4_bind/spine_5_bind/chest_bind/clavicle_l_bind/shoulder_l_bind/elbow_l_bind/wrist_l_bind/index_001_l_bind/index_002_combo_l_driver final","cat":"step","ph":"X","ts":124165,"dur":1,"pid":1,"tid":0},
{"name":"ProviderMatrix /Biped/Rig/Joints/hips_bind/spine_0_bind/spine_1_bind/spine_2_bind/spine_3_bind/spine_4_bind/spine_5_bind/chest_bind/clavicle_l_bind/shoulder_l_bind/elbow_l_bind/wrist_l_bind/pinkyCup_l_bind/pinky_001_l_bind final","cat":"step","ph":"X","ts":124166,"dur":1,"pid":1,"tid":0},
{"name":"ProviderMatrix /Biped/Rig/Joints/hips_bind/spine_0_bind/spine_1_bind/spine_2_bind/spine_3_bind/spine_4_bind/spine_5_bind/chest_bind/clavicle_l_bind/shoulder_l_bind/elbow_l_bind/wrist_l_bind/ring_001_l_bind/ring_002_l_bind/ring_003_l_bind/ring_004_l_bind/ring_005_l_bind final","cat":"step","ph":"X","ts":124167,"dur":1,"pid":1,"tid":0},
{"name":"ProviderMatrix /Biped/Rig/Joints/hips_bind/spine_0_bind/spine_1_bind/spine_2_bind/spine_3_bind/spine_4_bind/spine_5_bind/chest_bind/clavicle_r_bind/clavicle_trans_r_bind/shoulder_r_driver/shoulder_r_twist_driver final","cat":"step","ph":"X","ts":124168,"dur":1,"pid":1,"tid":0},
{"name":"ProviderMatrix /Biped/Rig/Joints/hips_bind/spine_0_bind/spine_1_bind/spine_2_bind/spine_3_bind/spine_4_bind/spine_5_bind/chest_bind/clavicle_r_bind/shoulder_r_bind/elbow_r_bind/wrist_r_bind/index_001_r_bind final","cat":"step","ph":"X","ts":124169,"dur":1,"pid":1,"tid":0},
{"name":"ProviderMatrix /Biped/Rig/Joints/hips_bind/spine_0_bind/spine_1_bind/spine_2_bind/spine_3_bind/spine_4_bind/spine_5_bind/chest_bind/clavicle_r_bind/shoulder_r_bind/elbow_r_bind/wrist_r_bind/middle_001_r_bind/middle_002_r_bind/middle_003_r_bind/middle_004_r_bind/middle_005_r_bind final","cat":"step","ph":"X","ts":124170,"dur":1,"pid":1,"tid":0},
{"name":"ProviderMatrix /Biped/Rig/Joints/hips_bind/spine_0_bind/spine_1_bind/spine_2_bind/spine_3_bind/spine_4_bind/spine_5_bind/chest_bind/clavicle_r_bind/shoulder_r_bind/elbow_r_bind/wrist_r_bind/ring_001_r_bind/ring_002_r_bind final","cat":"step","ph":"X","ts":124171,"dur":1,"pid":1,"tid":0},
{"name":"ProviderMatrix /Biped/Rig/Joints/hips_bind/spine_0_bind/spine_1_bind/spine_2_bind/spine_3_bind/spine_4_bind/spine_5_bind/chest_bind/neck_base_bind/neck_0_bind/neck_1_bind final","cat":"step","ph":"X","ts":124172,"dur":1,"pid":1,"tid":0},
{"name":"ProviderMatrix /Biped/Rig/Joints/hips_bind/spine_0_bind/spine_1_bind/spine_2_bind/spine_3_bind/spine_4_bind/spine_5_bind/chest_bind/neck_base_bind/neck_0_bind/neck_1_bind/neck_2_bind/neck_3_bind/skull_bind/face_lower_bind/jaw_bind/jaw_end final","cat":"step","ph":"X","ts":124173,"dur":1,"pid":1,"tid":0},
{"name":"ProviderMatrix /Biped/Rig/Joints/hips_bind/spine_0_bind/spine_1_bind/spine_2_bind/spine_3_bind/spine_4_bind/spine_5_bind/chest_bind/neck_base_bind/neck_0_bind/neck_1_bind/neck_2_bind/neck_3_bind/skull_bind/face_upper_bind/head_tip_bind final","cat":"step","ph":"X","ts":124174,"dur":1,"pid":1,"tid":0},
{"name":"ProviderMatrix /Biped/Rig/Joints/neck_ik_neck_0_bind/neck_ik_neck_1_bind/neck_ik_neck_2_bind/neck_ik_neck_3_bind/neck_ik_skull_bind final","cat":"step","ph":"X","ts":124175,"dur":1,"pid":1,"tid":0},
{"name":"InfluenceFold /Biped/Rig/Movers/skin_body_geo/body_geo_skin","cat":"step","ph":"X","ts":124176,"dur":24,"pid":1,"tid":0},
{"name":"RevisionChunk /Biped/Rig/Movers/skin_body_geo/body_geo_skin","cat":"step","ph":"X","ts":124200,"dur":466,"pid":1,"tid":0},
{"name":"RevisionFuse /Biped/Rig/Movers/skin_body_geo/body_geo_skin","cat":"step","ph":"X","ts":124666,"dur":4,"pid":1,"tid":0},
{"name":"ChainStatus /Biped/Geom/body_geo.points","cat":"step","ph":"X","ts":124670,"dur":49,"pid":1,"tid":0},
{"name":"Derived /Biped/Geom/body_geo.extent","cat":"step","ph":"X","ts":124719,"dur":312,"pid":1,"tid":0},
{"name":"BakedPublish","cat":"baked","ph":"X","ts":125201,"dur":68,"pid":1,"tid":0},
{"name":"BakedEpilogue","cat":"baked","ph":"X","ts":125033,"dur":244,"pid":1,"tid":0},
{"name":"Baked","cat":"baked","ph":"X","ts":123570,"dur":1708,"pid":1,"tid":0},
{"name":"Evaluate.Run","cat":"evaluate","ph":"X","ts":123569,"dur":1709,"pid":1,"tid":0},
{"name":"Evaluate@2","cat":"evaluate","ph":"X","ts":123567,"dur":1712,"pid":1,"tid":0},
{"name":"Evaluate.Settle","cat":"evaluate","ph":"X","ts":125298,"dur":0,"pid":1,"tid":0},
{"name":"Evaluate.PlaceOverrides","cat":"evaluate","ph":"X","ts":125298,"dur":0,"pid":1,"tid":0},
{"name":"PropertyChains","cat":"property","ph":"X","ts":125301,"dur":7,"pid":1,"tid":0},
{"name":"BakedInputs","cat":"baked","ph":"X","ts":125308,"dur":11,"pid":1,"tid":0},
{"name":"BakedChainBase","cat":"geometry","ph":"X","ts":125432,"dur":3,"pid":1,"tid":0},
{"name":"BakedPrologue","cat":"baked","ph":"X","ts":125300,"dur":135,"pid":1,"tid":0},
{"name":"BakedRegion","cat":"baked","ph":"X","ts":125435,"dur":1202,"pid":1,"tid":0},
{"name":"ComposeSubtree /Biped/Rig/Controls/arm_l_ik","cat":"step","ph":"X","ts":125466,"dur":2,"pid":1,"tid":0},
{"name":"ComposeSubtree /Biped/Rig/Controls/hips_ctl","cat":"step","ph":"X","ts":125468,"dur":1,"pid":1,"tid":0},
{"name":"ComposeSubtree /Biped/Rig/Controls/hips_ctl/spine_root_pivot/spine_root_ctl","cat":"step","ph":"X","ts":125469,"dur":1,"pid":1,"tid":0},
{"name":"ComposeSubtree /Biped/Rig/Controls/hips_ctl/spine_root_pivot/spine_root_ctl/pelvis_r_ctl/leg_r_root/leg_r_fk_thigh_r_bind/leg_r_fk_knee_r_bind","cat":"step","ph":"X","ts":125470,"dur":1,"pid":1,"tid":0},
{"name":"ComposeSubtree /Biped/Rig/Controls/hips_ctl/torso_ctl/spine_end_pivot/spine_end_ctl/clavicle_l_ctl/arm_l_root","cat":"step","ph":"X","ts":125471,"dur":1,"pid":1,"tid":0},
{"name":"ComposeSubtree /Biped/Rig/Controls/hips_ctl/torso_ctl/spine_end_pivot/spine_end_ctl/clavicle_r_ctl/arm_r_root/arm_r_fk_shoulder_r_bind/arm_r_fk_elbow_r_bind","cat":"step","ph":"X","ts":125472,"dur":1,"pid":1,"tid":0},
{"name":"ComposeSubtree /Biped/Rig/Controls/index_001_l_bind_fk_follow/index_001_l_bind_fk/index_002_l_bind_fk","cat":"step","ph":"X","ts":125473,"dur":1,"pid":1,"tid":0},
{"name":"ComposeSubtree /Biped/Rig/Controls/index_001_r_bind_fk_follow/index_001_r_bind_fk/index_002_r_bind_fk/index_003_r_bind_fk","cat":"step","ph":"X","ts":125474,"dur":1,"pid":1,"tid":0},
{"name":"ComposeSubtree /Biped/Rig/Controls/leg_l_ik/ankle_l_pivot/bankIn_l_pivot/bankOut_l_pivot/heel_l_roll/heel_l/ball_l_pivot","cat":"step","ph":"X","ts":125475,"dur":1,"pid":1,"tid":0},
{"name":"ComposeSubtree /Biped/Rig/Controls/leg_l_ik/ankle_l_pivot/bankIn_l_pivot/bankOut_l_pivot/heel_l_roll/heel_l/ball_l_pivot/toe_l_roll/toe_l/ballRoll_l_up/ballRoll_l_down_twin","cat":"step","ph":"X","ts":125476,"dur":1,"pid":1,"tid":0},
{"name":"ComposeSubtree /Biped/Rig/Controls/leg_l_ik/ankle_l_pivot/bankIn_l_pivot/bankOut_l_pivot/heel_l_roll/heel_l/ball_l_pivot/toe_l_roll_twin","cat":"step","ph":"X","ts":125477,"dur":1,"pid":1,"tid":0},
{"name":"ComposeSubtree /Biped/Rig/Controls/leg_r_ik/ankle_r_pivot","cat":"step","ph":"X","ts":125478,"dur":1,"pid":1,"tid":0},
{"name":"ComposeSubtree /Biped/Rig/Controls/leg_r_ik/ankle_r_pivot/bankIn_r_pivot/bankOut_r_pivot/heel_r_roll/heel_r/ball_r_pivot/toe_r_roll","cat":"step","ph":"X","ts":125479,"dur":1,"pid":1,"tid":0},
{"name":"ComposeSubtree /Biped/Rig/Controls/leg_r_ik/ankle_r_pivot/bankIn_r_pivot/bankOut_r_pivot/heel_r_roll/heel_r/ball_r_pivot/toe_r_roll/toe_r/ballRoll_r_up_twin","cat":"step","ph":"X","ts":125480,"dur":1,"pid":1,"tid":0},
{"name":"ComposeSubtree /Biped/Rig/Controls/leg_r_ik/ankle_r_pivot/bankIn_r_pivot/bankOut_r_pivot_twin","cat":"step","ph":"X","ts":125481,"dur":1,"pid":1,"tid":0},
{"name":"ComposeSubtree /Biped/Rig/Controls/middle_001_l_bind_fk_follow/middle_001_l_bind_fk/middle_002_l_bind_fk/middle_003_l_bind_fk","cat":"step","ph":"X","ts":125482,"dur":1,"pid":1,"tid":0},
{"name":"ComposeSubtree /Biped/Rig/Controls/pinkyCup_l_bind_fk_follow","cat":"step","ph":"X","ts":125483,"dur":1,"pid":1,"tid":0},
{"name":"ComposeSubtree /Biped/Rig/Controls/pinkyCup_r_bind_fk_follow/pinkyCup_r_bind_fk/pinky_001_r_bind_fk","cat":"step","ph":"X","ts":125484,"dur":1,"pid":1,"tid":0},
{"name":"ComposeSubtree /Biped/Rig/Controls/ring_001_l_bind_fk_follow/ring_001_l_bind_fk/ring_002_l_bind_fk/ring_003_l_bind_fk","cat":"step","ph":"X","ts":125485,"dur":1,"pid":1,"tid":0},
{"name":"ComposeSubtree /Biped/Rig/Controls/spine_mid_follow","cat":"step","ph":"X","ts":125486,"dur":1,"pid":1,"tid":0},
{"name":"ComposeSubtree /Biped/Rig/Controls/thumbCup_r_bind_fk_follow/thumbCup_r_bind_fk/thumb_001_r_bind_fk","cat":"step","ph":"X","ts":125487,"dur":1,"pid":1,"tid":0},
{"name":"ComposeSubtree /Biped/Rig/Joints/ankle_l_pivot/bankIn_l_pivot/bankOut_l_pivot/heel_l_pivot/ball_l_pivot","cat":"step","ph":"X","ts":125488,"dur":1,"pid":1,"tid":0},
{"name":"ComposeSubtree /Biped/Rig/Joints/ankle_r_pivot/bankIn_r_pivot/bankOut_r_pivot/heel_r_pivot/ball_r_pivot","cat":"step","ph":"X","ts":125489,"dur":1,"pid":1,"tid":0},
{"name":"ComposeSubtree /Biped/Rig/Joints/hips_bind/pelvis_l_bind/pelvis_trans_l_bind/thigh_l_driver","cat":"step","ph":"X","ts":125490,"dur":1,"pid":1,"tid":0},
{"name":"ComposeSubtree /Biped/Rig/Joints/hips_bind/pelvis_l_bind/thigh_l_bind/knee_l_bind/ankleTwist_l_driver","cat":"step","ph":"X","ts":125491,"dur":1,"pid":1,"tid":0},
{"name":"ComposeSubtree /Biped/Rig/Joints/hips_bind/pelvis_l_bind/thigh_l_bind/knee_l_bind/ankle_l_bind/ball_l_bind/toe2_001_l_bind/toe2_002_l_bind/toe2_003_l_bind","cat":"step","ph":"X","ts":125492,"dur":1,"pid":1,"tid":0},
{"name":"ComposeSubtree /Biped/Rig/Joints/hips_bind/pelvis_l_bind/thigh_l_bind/knee_l_bind/ankle_l_bind/ball_l_bind/toe4_001_l_bind/toe4_002_l_bind/toe4_003_l_bind","cat":"step","ph":"X","ts":125493,"dur":1,"pid":1,"tid":0},
{"name":"ComposeSubtree /Biped/Rig/Joints/hips_bind/pelvis_l_bind/thigh_l_bind/knee_l_bind/kneeTwist_l_bind","cat":"step","ph":"X","ts":125494,"dur":1,"pid":1,"tid":0},
{"name":"ComposeSubtree /Biped/Rig/Joints/hips_bind/pelvis_r_bind/thigh_r_bind","cat":"step","ph":"X","ts":125495,"dur":1,"pid":1,"tid":0},
{"name":"ComposeSubtree /Biped/Rig/Joints/hips_bind/pelvis_r_bind/thigh_r_bind/knee_r_bind/ankle_r_bind/ball_r_bind/toe1_001_r_bind/toe1_002_r_bind","cat":"step","ph":"X","ts":125496,"dur":1,"pid":1,"tid":0},
{"name":"ComposeSubtree /Biped/Rig/Joints/hips_bind/pelvis_r_bind/thigh_r_bind/knee_r_bind/ankle_r_bind/ball_r_bind/toe3_001_r_bind","cat":"step","ph":"X","ts":125497,"dur":1,"pid":1,"tid":0},
{"name":"ComposeSubtree /Biped/Rig/Joints/hips_bind/pelvis_r_bind/thigh_r_bind/knee_r_bind/ankle_r_bind/ball_r_bind/toe5_001_r_bind","cat":"step","ph":"X","ts":125498,"dur":1,"pid":1,"tid":0},
{"name":"ComposeSubtree /Biped/Rig/Joints/hips_bind/pelvis_r_bind/thigh_r_bind/knee_r_bind/kneeTwist_r_bind","cat":"step","ph":"X","ts":125499,"dur":1,"pid":1,"tid":0},
{"name":"ComposeSubtree /Biped/Rig/Joints/hips_bind/spine_0_bind/spine_1_bind/spine_2_bind/spine_3_bind/spine_4_bind/spine_5_bind/chest_bind","cat":"step","ph":"X","ts":125500,"dur":1,"pid":1,"tid":0},
{"name":"ComposeSubtree /Biped/Rig/Joints/hips_bind/spine_0_bind/spine_1_bind/spine_2_bind/spine_3_bind/spine_4_bind/spine_5_bind/chest_bind/clavicle_l_bind/shoulderNoTwist_l_bind","cat":"step","ph":"X","ts":125501,"dur":1,"pid":1,"tid":0},
{"name":"ComposeSubtree /Biped/Rig/Joints/hips_bind/spine_0_bind/spine_1_bind/spine_2_bind/spine_3_bind/spine_4_bind/spine_5_bind/chest_bind/clavicle_l_bind/shoulder_l_bind/elbow_l_bind/wristTwist_l_driver","cat":"step","ph":"X","ts":125502,"dur":1,"pid":1,"tid":0},
{"name":"ComposeSubtree /Biped/Rig/Joints/hips_bind/spine_0_bind/spine_1_bind/spine_2_bind/spine_3_bind/spine_4_bind/spine_5_bind/chest_bind/clavicle_l_bind/shoulder_l_bind/elbow_l_bind/wrist_l_bind/middle_001_l_bind","cat":"step","ph":"X","ts":125503,"dur":1,"pid":1,"tid":0},
{"name":"ComposeSubtree /Biped/Rig/Joints/hips_bind/spine_0_bind/spine_1_bind/spine_2_bind/spine_3_bind/spine_4_bind/spine_5_bind/chest_bind/clavicle_l_bind/shoulder_l_bind/elbow_l_bind/wrist_l_bind/pinkyCup_l_bind/pinky_001_l_bind/pinky_002_combo_l_driver","cat":"step","ph":"X","ts":125504,"dur":1,"pid":1,"tid":0},
{"name":"ComposeSubtree /Biped/Rig/Joints/hips_bind/spine_0_bind/spine_1_bind/spine_2_bind/spine_3_bind/spine_4_bind/spine_5_bind/chest_bind/clavicle_l_bind/shoulder_l_bind/elbow_l_bind/wrist_l_bind/ring_001_l_bind/ring_002_l_bind","cat":"step","ph":"X","ts":125505,"dur":1,"pid":1,"tid":0},
{"name":"ComposeSubtree /Biped/Rig/Joints/hips_bind/spine_0_bind/spine_1_bind/spine_2_bind/spine_3_bind/spine_4_bind/spine_5_bind/chest_bind/clavicle_r_bind","cat":"step","ph":"X","ts":125506,"dur":1,"pid":1,"tid":0},
{"name":"ComposeSubtree /Biped/Rig/Joints/hips_bind/spine_0_bind/spine_1_bind/spine_2_bind/spine_3_bind/spine_4_bind/spine_5_bind/chest_bind/clavicle_r_bind/shoulder_r_bind","cat":"step","ph":"X","ts":125507,"dur":1,"pid":1,"tid":0},
{"name":"ComposeSubtree /Biped/Rig/Joints/hips_bind/spine_0_bind/spine_1_bind/spine_2_bind/spine_3_bind/spine_4_bind/spine_5_bind/chest_bind/clavicle_r_bind/shoulder_r_bind/elbow_r_bind/wrist_r_bind/index_001_r_bind","cat":"step","ph":"X","ts":125508,"dur":1,"pid":1,"tid":0},
{"name":"ComposeSubtree /Biped/Rig/Joints/hips_bind/spine_0_bind/spine_1_bind/spine_2_bind/spine_3_bind/spine_4_bind/spine_5_bind/chest_bind/clavicle_r_bind/shoulder_r_bind/elbow_r_bind/wrist_r_bind/middle_001_r_bind/middle_002_r_bind/middle_003_r_bind/middle_004_r_bind","cat":"step","ph":"X","ts":125509,"dur":1,"pid":1,"tid":0},
{"name":"ComposeSubtree /Biped/Rig/Joints/hips_bind/spine_0_bind/spine_1_bind/spine_2_bind/spine_3_bind/spine_4_bind/spine_5_bind/chest_bind/clavicle_r_bind/shoulder_r_bind/elbow_r_bind/wrist_r_bind/pinkyCup_r_bind/pinky_001_r_bind/pinky_002_r_bind/pinky_003_r_bind/pinky_004_r_bind","cat":"step","ph":"X","ts":125510,"dur":1,"pid":1,"tid":0},
{"name":"ComposeSubtree /Biped/Rig/Joints/hips_bind/spine_0_bind/spine_1_bind/spine_2_bind/spine_3_bind/spine_4_bind/spine_5_bind/chest_bind/clavicle_r_bind/shoulder_r_bind/elbow_r_bind/wrist_r_bind/thumbCup_r_bind","cat":"step","ph":"X","ts":125511,"dur":1,"pid":1,"tid":0},
{"name":"ComposeSubtree /Biped/Rig/Joints/hips_bind/spine_0_bind/spine_1_bind/spine_2_bind/spine_3_bind/spine_4_bind/spine_5_bind/chest_bind/neck_base_bind","cat":"step","ph":"X","ts":125512,"dur":1,"pid":1,"tid":0},
{"name":"ComposeSubtree /Biped/Rig/Joints/hips_bind/spine_0_bind/spine_1_bind/spine_2_bind/spine_3_bind/spine_4_bind/spine_5_bind/chest_bind/neck_base_bind/neck_0_bind/neck_1_bind/neck_2_bind/neck_3_bind/skull_bind/face_lower_bind/face_mid_bind/nose_bridge_bind","cat":"step","ph":"X","ts":125513,"dur":1,"pid":1,"tid":0},
{"name":"ComposeSubtree /Biped/Rig/Joints/hips_bind/spine_0_bind/spine_1_bind/spine_2_bind/spine_3_bind/spine_4_bind/spine_5_bind/chest_bind/neck_base_bind/neck_0_bind/neck_1_bind/neck_2_bind/neck_3_bind/skull_bind/face_lower_bind/jaw_bind/tongue_0_bind","cat":"step","ph":"X","ts":125514,"dur":1,"pid":1,"tid":0},
{"name":"ComposeSubtree /Biped/Rig/Joints/hips_bind/spine_0_bind/spine_1_bind/spine_2_bind/spine_3_bind/spine_4_bind/spine_5_bind/chest_bind/neck_base_bind/neck_0_bind/neck_1_bind/neck_2_bind/neck_3_bind/skull_bind/face_upper_bind/eyeSocket_r_bind","cat":"step","ph":"X","ts":125515,"dur":1,"pid":1,"tid":0},
{"name":"ComposeSubtree /Biped/Rig/Joints/hips_bind/spine_0_bind/spine_1_bind/spine_2_bind/spine_3_bind/spine_4_bind/spine_5_bind/chest_bind/neck_base_bind/neck_0_bind/neck_1_bind/neck_2_bind/neck_3_bind/skull_bind/face_upper_bind/head_tip_bind/brow_peak_r_bind","cat":"step","ph":"X","ts":125516,"dur":1,"pid":1,"tid":0},
{"name":"ComposeSubtree /Biped/Rig/Joints/spine_ik_spine_0_bind/spine_ik_spine_1_bind/spine_ik_spine_2_bind","cat":"step","ph":"X","ts":125517,"dur":1,"pid":1,"tid":0},
{"name":"Solve /Biped/Rig/Solvers/arm_l_fkChain","cat":"step","ph":"X","ts":125518,"dur":2,"pid":1,"tid":0},
{"name":"Solve /Biped/Rig/Solvers/arm_l_twoBoneIk","cat":"step","ph":"X","ts":125520,"dur":1,"pid":1,"tid":0},
{"name":"Solve /Biped/Rig/Solvers/arm_r_twoBoneIk","cat":"step","ph":"X","ts":125521,"dur":1,"pid":1,"tid":0},
{"name":"Solve /Biped/Rig/Solvers/leg_r_fkChain","cat":"step","ph":"X","ts":125522,"dur":1,"pid":1,"tid":0},
{"name":"Solve /Biped/Rig/Solvers/neck_splineIk","cat":"step","ph":"X","ts":125523,"dur":8,"pid":1,"tid":0},
{"name":"SolverCommit batch 6","cat":"step","ph":"X","ts":125531,"dur":1,"pid":1,"tid":0},
{"name":"Solve /Biped/Rig/Solvers/spine_splineIk","cat":"step","ph":"X","ts":125532,"dur":7,"pid":1,"tid":0},
{"name":"SolverCommit batch 7","cat":"step","ph":"X","ts":125539,"dur":1,"pid":1,"tid":0},
{"name":"SolverCommit batch 8","cat":"step","ph":"X","ts":125540,"dur":2,"pid":1,"tid":0},
{"name":"SolverCommit batch 9","cat":"step","ph":"X","ts":125542,"dur":1,"pid":1,"tid":0},
{"name":"Constraint /Biped/Rig/Movers/spine_mid_follow/spine_mid_follow_pos","cat":"step","ph":"X","ts":125543,"dur":8,"pid":1,"tid":0},
{"name":"Solve /Biped/Rig/Solvers/fk_thumb_r","cat":"step","ph":"X","ts":125551,"dur":1,"pid":1,"tid":0},
{"name":"SolverCommit batch 11","cat":"step","ph":"X","ts":125552,"dur":1,"pid":1,"tid":0},
{"name":"Solve /Biped/Rig/Solvers/fk_ring_r","cat":"step","ph":"X","ts":125553,"dur":1,"pid":1,"tid":0},
{"name":"Solve /Biped/Rig/Solvers/fk_pinky_r","cat":"step","ph":"X","ts":125554,"dur":2,"pid":1,"tid":0},
{"name":"Solve /Biped/Rig/Solvers/fk_middle_r","cat":"step","ph":"X","ts":125556,"dur":1,"pid":1,"tid":0},
{"name":"SolverCommit batch 14","cat":"step","ph":"X","ts":125557,"dur":1,"pid":1,"tid":0},
{"name":"Solve /Biped/Rig/Solvers/fk_index_r","cat":"step","ph":"X","ts":125558,"dur":1,"pid":1,"tid":0},
{"name":"Solve /Biped/Rig/Solvers/fk_thumb_l","cat":"step","ph":"X","ts":125559,"dur":1,"pid":1,"tid":0},
{"name":"Solve /Biped/Rig/Solvers/fk_ring_l","cat":"step","ph":"X","ts":125560,"dur":1,"pid":1,"tid":0},
{"name":"SolverCommit batch 17","cat":"step","ph":"X","ts":125561,"dur":1,"pid":1,"tid":0},
{"name":"Solve /Biped/Rig/Solvers/fk_pinky_l","cat":"step","ph":"X","ts":125562,"dur":1,"pid":1,"tid":0},
{"name":"Solve /Biped/Rig/Solvers/fk_middle_l","cat":"step","ph":"X","ts":125563,"dur":1,"pid":1,"tid":0},
{"name":"SolverCommit batch 19","cat":"step","ph":"X","ts":125564,"dur":1,"pid":1,"tid":0},
{"name":"SolverCommit batch 20","cat":"step","ph":"X","ts":125565,"dur":1,"pid":1,"tid":0},
{"name":"Constraint /Biped/Rig/Movers/spine_mid_follow/spine_mid_follow_aim","cat":"step","ph":"X","ts":125566,"dur":3,"pid":1,"tid":0},
{"name":"Constraint /Biped/Rig/Movers/hand_r_follow/thumbCup_r_bind_fk_follow_to_wrist_r_bind","cat":"step","ph":"X","ts":125569,"dur":3,"pid":1,"tid":0},
{"name":"Constraint /Biped/Rig/Movers/hand_r_follow/ring_001_r_bind_fk_follow_to_wrist_r_bind","cat":"step","ph":"X","ts":125572,"dur":3,"pid":1,"tid":0},
{"name":"Constraint /Biped/Rig/Movers/hand_r_follow/pinkyCup_r_bind_fk_follow_to_wrist_r_bind","cat":"step","ph":"X","ts":125575,"dur":3,"pid":1,"tid":0},
{"name":"Constraint /Biped/Rig/Movers/hand_r_follow/middle_001_r_bind_fk_follow_to_wrist_r_bind","cat":"step","ph":"X","ts":125578,"dur":2,"pid":1,"tid":0},
{"name":"Constraint /Biped/Rig/Movers/hand_r_follow/index_001_r_bind_fk_follow_to_wrist_r_bind","cat":"step","ph":"X","ts":125580,"dur":3,"pid":1,"tid":0},
{"name":"Constraint /Biped/Rig/Movers/hand_l_follow/thumbCup_l_bind_fk_follow_to_wrist_l_bind","cat":"step","ph":"X","ts":125583,"dur":2,"pid":1,"tid":0},
{"name":"Constraint /Biped/Rig/Movers/hand_l_follow/ring_001_l_bind_fk_follow_to_wrist_l_bind","cat":"step","ph":"X","ts":125585,"dur":3,"pid":1,"tid":0},
{"name":"Constraint /Biped/Rig/Movers/hand_l_follow/pinkyCup_l_bind_fk_follow_to_wrist_l_bind","cat":"step","ph":"X","ts":125588,"dur":2,"pid":1,"tid":0},
{"name":"Constraint /Biped/Rig/Movers/hand_l_follow/middle_001_l_bind_fk_follow_to_wrist_l_bind","cat":"step","ph":"X","ts":125590,"dur":2,"pid":1,"tid":0},
{"name":"Constraint /Biped/Rig/Movers/hand_l_follow/index_001_l_bind_fk_follow_to_wrist_l_bind","cat":"step","ph":"X","ts":125592,"dur":3,"pid":1,"tid":0},
{"name":"Constraint /Biped/Rig/Movers/bankIn_r_pivot_rc/bankIn_r_pivot_rotation","cat":"step","ph":"X","ts":125595,"dur":1,"pid":1,"tid":0},
{"name":"Constraint /Biped/Rig/Movers/bankOut_r_pivot_rc/bankOut_r_pivot_rotation","cat":"step","ph":"X","ts":125596,"dur":1,"pid":1,"tid":0},
{"name":"Constraint /Biped/Rig/Movers/toe_r_roll_rc/toe_r_roll_rotation","cat":"step","ph":"X","ts":125597,"dur":1,"pid":1,"tid":0},
{"name":"Solve /Biped/Rig/Solvers/leg_r_twoBoneIk","cat":"step","ph":"X","ts":125598,"dur":1,"pid":1,"tid":0},
{"name":"SolverCommit batch 39","cat":"step","ph":"X","ts":125599,"dur":5,"pid":1,"tid":0},
{"name":"Constraint /Biped/Rig/Movers/ankle_r_bind_scAim/ankle_r_bind_aim","cat":"step","ph":"X","ts":125604,"dur":5,"pid":1,"tid":0},
{"name":"Constraint /Biped/Rig/Movers/ball_r_bind_scAim/ball_r_bind_aim","cat":"step","ph":"X","ts":125609,"dur":3,"pid":1,"tid":0},
{"name":"Constraint /Biped/Rig/Movers/bankIn_l_pivot_rc/bankIn_l_pivot_rotation","cat":"step","ph":"X","ts":125612,"dur":1,"pid":1,"tid":0},
{"name":"Constraint /Biped/Rig/Movers/toe_l_roll_rc/toe_l_roll_rotation","cat":"step","ph":"X","ts":125613,"dur":1,"pid":1,"tid":0},
{"name":"Constraint /Biped/Rig/Movers/ballRoll_l_down_rc/ballRoll_l_down_rotation","cat":"step","ph":"X","ts":125614,"dur":1,"pid":1,"tid":0},
{"name":"SolverCommit batch 49","cat":"step","ph":"X","ts":125615,"dur":4,"pid":1,"tid":0},
{"name":"Constraint /Biped/Rig/Movers/ankle_l_bind_scAim/ankle_l_bind_aim","cat":"step","ph":"X","ts":125619,"dur":3,"pid":1,"tid":0},
{"name":"Constraint /Biped/Rig/Movers/ball_l_bind_scAim/ball_l_bind_aim","cat":"step","ph":"X","ts":125622,"dur":4,"pid":1,"tid":0},
{"name":"Constraint /Biped/Rig/Movers/hips_follow/spine_root_ctl_drives_hips_bind","cat":"step","ph":"X","ts":125626,"dur":2,"pid":1,"tid":0},
{"name":"PropagateChunk /Biped/Rig/Movers/hips_follow/spine_root_ctl_drives_hips_bind","cat":"step","ph":"X","ts":125628,"dur":4,"pid":1,"tid":0},
{"name":"CommitApply /Biped/Rig/Movers/hips_follow/spine_root_ctl_drives_hips_bind","cat":"step","ph":"X","ts":125632,"dur":1,"pid":1,"tid":0},
{"name":"Constraint /Biped/Rig/Movers/hips_follow/spine_root_ctl_scales_hips_bind","cat":"step","ph":"X","ts":125633,"dur":1,"pid":1,"tid":0},
{"name":"CommitDelta /Biped/Rig/Movers/hips_follow/spine_root_ctl_scales_hips_bind","cat":"step","ph":"X","ts":125634,"dur":1,"pid":1,"tid":0},
{"name":"PropagateChunk /Biped/Rig/Movers/hips_follow/spine_root_ctl_scales_hips_bind","cat":"step","ph":"X","ts":125635,"dur":3,"pid":1,"tid":0},
{"name":"PropagateChunk /Biped/Rig/Movers/hips_follow/spine_root_ctl_scales_hips_bind","cat":"step","ph":"X","ts":125638,"dur":1,"pid":1,"tid":0},
{"name":"CommitApply /Biped/Rig/Movers/hips_follow/spine_root_ctl_scales_hips_bind","cat":"step","ph":"X","ts":125639,"dur":1,"pid":1,"tid":0},
{"name":"Constraint /Biped/Rig/Movers/spine_to_bind/spine_ik_spine_0_bind_scale_to_spine_0_bind","cat":"step","ph":"X","ts":125640,"dur":5,"pid":1,"tid":0},
{"name":"Constraint /Biped/Rig/Movers/spine_to_bind/spine_ik_spine_0_bind_to_spine_0_bind","cat":"step","ph":"X","ts":125645,"dur":5,"pid":1,"tid":0},
{"name":"Constraint /Biped/Rig/Movers/spine_to_bind/spine_ik_spine_1_bind_scale_to_spine_1_bind","cat":"step","ph":"X","ts":125650,"dur":5,"pid":1,"tid":0},
{"name":"Constraint /Biped/Rig/Movers/spine_to_bind/spine_ik_spine_1_bind_to_spine_1_bind","cat":"step","ph":"X","ts":125655,"dur":5,"pid":1,"tid":0},
{"name":"Constraint /Biped/Rig/Movers/spine_to_bind/spine_ik_spine_2_bind_scale_to_spine_2_bind","cat":"step","ph":"X","ts":125660,"dur":5,"pid":1,"tid":0},
{"name":"Constraint /Biped/Rig/Movers/spine_to_bind/spine_ik_spine_2_bind_to_spine_2_bind","cat":"step","ph":"X","ts":125665,"dur":5,"pid":1,"tid":0},
{"name":"Constraint /Biped/Rig/Movers/spine_to_bind/spine_ik_spine_3_bind_scale_to_spine_3_bind","cat":"step","ph":"X","ts":125670,"dur":4,"pid":1,"tid":0},
{"name":"Constraint /Biped/Rig/Movers/spine_to_bind/spine_ik_spine_3_bind_to_spine_3_bind","cat":"step","ph":"X","ts":125674,"dur":5,"pid":1,"tid":0},
{"name":"Constraint /Biped/Rig/Movers/spine_to_bind/spine_ik_spine_4_bind_scale_to_spine_4_bind","cat":"step","ph":"X","ts":125679,"dur":4,"pid":1,"tid":0},
{"name":"Constraint /Biped/Rig/Movers/spine_to_bind/spine_ik_spine_4_bind_to_spine_4_bind","cat":"step","ph":"X","ts":125683,"dur":4,"pid":1,"tid":0},
{"name":"Constraint /Biped/Rig/Movers/spine_to_bind/spine_ik_spine_5_bind_scale_to_spine_5_bind","cat":"step","ph":"X","ts":125687,"dur":4,"pid":1,"tid":0},
{"name":"Constraint /Biped/Rig/Movers/spine_to_bind/spine_ik_spine_5_bind_to_spine_5_bind","cat":"step","ph":"X","ts":125691,"dur":5,"pid":1,"tid":0},
{"name":"Constraint /Biped/Rig/Movers/spine_to_bind/spine_ik_chest_bind_scale_to_chest_bind","cat":"step","ph":"X","ts":125696,"dur":4,"pid":1,"tid":0},
{"name":"Constraint /Biped/Rig/Movers/spine_to_bind/spine_ik_chest_bind_to_chest_bind","cat":"step","ph":"X","ts":125700,"dur":5,"pid":1,"tid":0},
{"name":"Constraint /Biped/Rig/Movers/girdles/spine_end_ctl_drives_chest_bind","cat":"step","ph":"X","ts":125705,"dur":5,"pid":1,"tid":0},
{"name":"Constraint /Biped/Rig/Movers/girdles/pelvis_r_ctl_drives_pelvis_r_bind","cat":"step","ph":"X","ts":125710,"dur":1,"pid":1,"tid":0},
{"name":"Constraint /Biped/Rig/Movers/girdles/pelvis_l_ctl_drives_pelvis_l_bind","cat":"step","ph":"X","ts":125711,"dur":1,"pid":1,"tid":0},
{"name":"Constraint /Biped/Rig/Movers/girdles/clavicle_r_ctl_drives_clavicle_r_bind","cat":"step","ph":"X","ts":125712,"dur":1,"pid":1,"tid":0},
{"name":"Constraint /Biped/Rig/Movers/girdles/clavicle_l_ctl_drives_clavicle_l_bind","cat":"step","ph":"X","ts":125713,"dur":1,"pid":1,"tid":0},
{"name":"Constraint /Biped/Rig/Movers/girdles/spine_end_ctl_unsquashes_neck_base_bind","cat":"step","ph":"X","ts":125714,"dur":3,"pid":1,"tid":0},
{"name":"Constraint /Biped/Rig/Movers/girdles/clavicle_r_ctl_unsquashes_clavicle_r_bind","cat":"step","ph":"X","ts":125717,"dur":2,"pid":1,"tid":0},
{"name":"Constraint /Biped/Rig/Movers/girdles/clavicle_l_ctl_unsquashes_clavicle_l_bind","cat":"step","ph":"X","ts":125719,"dur":2,"pid":1,"tid":0},
{"name":"Constraint /Biped/Rig/Movers/neck_to_bind/neck_ik_neck_0_bind_scale_to_neck_0_bind","cat":"step","ph":"X","ts":125721,"dur":3,"pid":1,"tid":0},
{"name":"Constraint /Biped/Rig/Movers/neck_to_bind/neck_ik_neck_0_bind_to_neck_0_bind","cat":"step","ph":"X","ts":125724,"dur":3,"pid":1,"tid":0},
{"name":"Constraint /Biped/Rig/Movers/neck_to_bind/neck_ik_neck_1_bind_scale_to_neck_1_bind","cat":"step","ph":"X","ts":125727,"dur":3,"pid":1,"tid":0},
{"name":"Constraint /Biped/Rig/Movers/neck_to_bind/neck_ik_neck_1_bind_to_neck_1_bind","cat":"step","ph":"X","ts":125730,"dur":4,"pid":1,"tid":0},
{"name":"Constraint /Biped/Rig/Movers/neck_to_bind/neck_ik_neck_2_bind_scale_to_neck_2_bind","cat":"step","ph":"X","ts":125734,"dur":3,"pid":1,"tid":0},
{"name":"Constraint /Biped/Rig/Movers/neck_to_bind/neck_ik_neck_2_bind_to_neck_2_bind","cat":"step","ph":"X","ts":125737,"dur":4,"pid":1,"tid":0},
{"name":"Constraint /Biped/Rig/Movers/neck_to_bind/neck_ik_neck_3_bind_scale_to_neck_3_bind","cat":"step","ph":"X","ts":125741,"dur":3,"pid":1,"tid":0},
{"name":"Constraint /Biped/Rig/Movers/neck_to_bind/neck_ik_neck_3_bind_to_neck_3_bind","cat":"step","ph":"X","ts":125744,"dur":3,"pid":1,"tid":0},
{"name":"Constraint /Biped/Rig/Movers/neck_to_bind/neck_ik_skull_bind_scale_to_skull_bind","cat":"step","ph":"X","ts":125747,"dur":3,"pid":1,"tid":0},
{"name":"Constraint /Biped/Rig/Movers/neck_to_bind/neck_ik_skull_bind_to_skull_bind","cat":"step","ph":"X","ts":125750,"dur":4,"pid":1,"tid":0},
{"name":"Constraint /Biped/Rig/Movers/twist_aims/wristTwist_r_bind_copy","cat":"step","ph":"X","ts":125754,"dur":2,"pid":1,"tid":0},
{"name":"Constraint /Biped/Rig/Movers/twist_aims/wristTwist_r_bind_aim","cat":"step","ph":"X","ts":125756,"dur":2,"pid":1,"tid":0},
{"name":"Constraint /Biped/Rig/Movers/twist_aims/wristTwist_l_bind_copy","cat":"step","ph":"X","ts":125758,"dur":2,"pid":1,"tid":0},
{"name":"Constraint /Biped/Rig/Movers/twist_aims/wristTwist_l_bind_aim","cat":"step","ph":"X","ts":125760,"dur":2,"pid":1,"tid":0},
{"name":"Constraint /Biped/Rig/Movers/twist_aims/ankleTwist_r_bind_copy","cat":"step","ph":"X","ts":125762,"dur":2,"pid":1,"tid":0},
{"name":"Constraint /Biped/Rig/Movers/twist_aims/ankleTwist_r_bind_aim","cat":"step","ph":"X","ts":125764,"dur":2,"pid":1,"tid":0},
{"name":"Constraint /Biped/Rig/Movers/twist_aims/ankleTwist_l_bind_copy","cat":"step","ph":"X","ts":125766,"dur":2,"pid":1,"tid":0},
{"name":"Constraint /Biped/Rig/Movers/twist_aims/ankleTwist_l_bind_aim","cat":"step","ph":"X","ts":125768,"dur":2,"pid":1,"tid":0},
{"name":"Constraint /Biped/Rig/Movers/twist_aims/ankleTwist_r_bind_follows_ankle_r_bind","cat":"step","ph":"X","ts":125770,"dur":1,"pid":1,"tid":0},
{"name":"Constraint /Biped/Rig/Movers/twist_aims/wristTwist_r_bind_follows_wrist_r_bind","cat":"step","ph":"X","ts":125771,"dur":1,"pid":1,"tid":0},
{"name":"Constraint /Biped/Rig/Movers/twist_aims/wristTwist_l_bind_follows_wrist_l_bind","cat":"step","ph":"X","ts":125772,"dur":1,"pid":1,"tid":0},
{"name":"Constraint /Biped/Rig/Movers/twist_aims/thighNoTwist_l_bind_follows_thigh_l_bind","cat":"step","ph":"X","ts":125773,"dur":1,"pid":1,"tid":0},
{"name":"Constraint /Biped/Rig/Movers/twist_aims/pelvis_trans_r_bind_follows_thigh_r_bind","cat":"step","ph":"X","ts":125774,"dur":1,"pid":1,"tid":0},
{"name":"Constraint /Biped/Rig/Movers/twist_aims/pelvis_trans_l_bind_follows_thigh_l_bind","cat":"step","ph":"X","ts":125775,"dur":1,"pid":1,"tid":0},
{"name":"Constraint /Biped/Rig/Movers/twist_aims/clavicle_trans_l_bind_follows_shoulder_l_bind","cat":"step","ph":"X","ts":125776,"dur":1,"pid":1,"tid":0},
{"name":"Constraint /Biped/Rig/Movers/twist_aims/pelvis_trans_r_bind_aim","cat":"step","ph":"X","ts":125777,"dur":2,"pid":1,"tid":0},
{"name":"Constraint /Biped/Rig/Movers/twist_aims/pelvis_trans_l_bind_aim","cat":"step","ph":"X","ts":125779,"dur":1,"pid":1,"tid":0},
{"name":"Constraint /Biped/Rig/Movers/twist_aims/kneeTwist_r_bind_aim","cat":"step","ph":"X","ts":125780,"dur":2,"pid":1,"tid":0},
{"name":"Constraint /Biped/Rig/Movers/twist_aims/kneeTwist_l_bind_aim","cat":"step","ph":"X","ts":125782,"dur":2,"pid":1,"tid":0},
{"name":"Constraint /Biped/Rig/Movers/twist_aims/thighNoTwist_r_bind_aim","cat":"step","ph":"X","ts":125784,"dur":2,"pid":1,"tid":0},
{"name":"Constraint /Biped/Rig/Movers/twist_aims/thighNoTwist_l_bind_aim","cat":"step","ph":"X","ts":125786,"dur":1,"pid":1,"tid":0},
{"name":"Constraint /Biped/Rig/Movers/twist_aims/clavicle_trans_r_bind_aim","cat":"step","ph":"X","ts":125787,"dur":3,"pid":1,"tid":0},
{"name":"Constraint /Biped/Rig/Movers/twist_aims/clavicle_trans_l_bind_aim","cat":"step","ph":"X","ts":125790,"dur":2,"pid":1,"tid":0},
{"name":"Constraint /Biped/Rig/Movers/twist_aims/elbowTwist_r_bind_aim","cat":"step","ph":"X","ts":125792,"dur":2,"pid":1,"tid":0},
{"name":"Constraint /Biped/Rig/Movers/twist_aims/elbowTwist_l_bind_aim","cat":"step","ph":"X","ts":125794,"dur":2,"pid":1,"tid":0},
{"name":"Constraint /Biped/Rig/Movers/twist_aims/shoulderNoTwist_r_bind_aim","cat":"step","ph":"X","ts":125796,"dur":1,"pid":1,"tid":0},
{"name":"Constraint /Biped/Rig/Movers/twist_aims/shoulderNoTwist_l_bind_aim","cat":"step","ph":"X","ts":125797,"dur":2,"pid":1,"tid":0},
{"name":"Constraint /Biped/Rig/Movers/pose_drivers/thigh_r_driver_copies_thigh_r_bind","cat":"step","ph":"X","ts":125799,"dur":2,"pid":1,"tid":0},
{"name":"Constraint /Biped/Rig/Movers/pose_drivers/thigh_l_driver_copies_thigh_l_bind","cat":"step","ph":"X","ts":125801,"dur":3,"pid":1,"tid":0},
{"name":"Constraint /Biped/Rig/Movers/pose_drivers/thigh_r_twist_driver_copies_thighNoTwist_r_bind","cat":"step","ph":"X","ts":125804,"dur":2,"pid":1,"tid":0},
{"name":"Constraint /Biped/Rig/Movers/pose_drivers/thigh_l_twist_driver_copies_thighNoTwist_l_bind","cat":"step","ph":"X","ts":125806,"dur":1,"pid":1,"tid":0},
{"name":"Constraint /Biped/Rig/Movers/pose_drivers/ankleTwist_r_driver_copies_ankleTwist_r_bind","cat":"step","ph":"X","ts":125807,"dur":2,"pid":1,"tid":0},
{"name":"Constraint /Biped/Rig/Movers/pose_drivers/ankleTwist_l_driver_copies_ankleTwist_l_bind","cat":"step","ph":"X","ts":125809,"dur":3,"pid":1,"tid":0},
{"name":"Constraint /Biped/Rig/Movers/pose_drivers/toe_r_driver_copies_ball_r_bind","cat":"step","ph":"X","ts":125812,"dur":2,"pid":1,"tid":0},
{"name":"Constraint /Biped/Rig/Movers/pose_drivers/toe_l_driver_copies_ball_l_bind","cat":"step","ph":"X","ts":125814,"dur":2,"pid":1,"tid":0},
{"name":"Constraint /Biped/Rig/Movers/pose_drivers/knee_r_driver_copies_knee_r_bind","cat":"step","ph":"X","ts":125816,"dur":3,"pid":1,"tid":0},
{"name":"Constraint /Biped/Rig/Movers/pose_drivers/knee_l_driver_copies_knee_l_bind","cat":"step","ph":"X","ts":125819,"dur":2,"pid":1,"tid":0},
{"name":"Constraint /Biped/Rig/Movers/pose_drivers/ankleSwing_r_driver_copies_ankle_r_bind","cat":"step","ph":"X","ts":125821,"dur":2,"pid":1,"tid":0},
{"name":"Constraint /Biped/Rig/Movers/pose_drivers/ankleSwing_l_driver_copies_ankle_l_bind","cat":"step","ph":"X","ts":125823,"dur":2,"pid":1,"tid":0},
{"name":"Constraint /Biped/Rig/Movers/pose_drivers/shoulder_r_driver_copies_shoulder_r_bind","cat":"step","ph":"X","ts":125825,"dur":2,"pid":1,"tid":0},
{"name":"Constraint /Biped/Rig/Movers/pose_drivers/shoulder_l_driver_copies_shoulder_l_bind","cat":"step","ph":"X","ts":125827,"dur":3,"pid":1,"tid":0},
{"name":"Constraint /Biped/Rig/Movers/pose_drivers/wristTwist_r_driver_copies_wristTwist_r_bind","cat":"step","ph":"X","ts":125830,"dur":2,"pid":1,"tid":0},
{"name":"Constraint /Biped/Rig/Movers/pose_drivers/wristTwist_l_driver_copies_wristTwist_l_bind","cat":"step","ph":"X","ts":125832,"dur":2,"pid":1,"tid":0},
{"name":"Constraint /Biped/Rig/Movers/pose_drivers/shoulder_r_twist_driver_copies_shoulderNoTwist_r_bind","cat":"step","ph":"X","ts":125834,"dur":2,"pid":1,"tid":0},
{"name":"Constraint /Biped/Rig/Movers/pose_drivers/shoulder_l_twist_driver_copies_shoulderNoTwist_l_bind","cat":"step","ph":"X","ts":125836,"dur":2,"pid":1,"tid":0},
{"name":"Constraint /Biped/Rig/Movers/pose_drivers/wristSwing_r_driver_copies_wrist_r_bind","cat":"step","ph":"X","ts":125838,"dur":3,"pid":1,"tid":0},
{"name":"Constraint /Biped/Rig/Movers/pose_drivers/wristSwing_l_driver_copies_wrist_l_bind","cat":"step","ph":"X","ts":125841,"dur":2,"pid":1,"tid":0},
{"name":"Constraint /Biped/Rig/Movers/pose_drivers/elbow_r_driver_copies_elbow_r_bind","cat":"step","ph":"X","ts":125843,"dur":2,"pid":1,"tid":0},
{"name":"Constraint /Biped/Rig/Movers/pose_drivers/elbow_l_driver_copies_elbow_l_bind","cat":"step","ph":"X","ts":125845,"dur":2,"pid":1,"tid":0},
{"name":"Constraint /Biped/Rig/Movers/param_follow/leg_r_params_to_ankle_r_bind","cat":"step","ph":"X","ts":125847,"dur":2,"pid":1,"tid":0},
{"name":"Constraint /Biped/Rig/Movers/param_follow/leg_l_params_to_ankle_l_bind","cat":"step","ph":"X","ts":125849,"dur":1,"pid":1,"tid":0},
{"name":"Constraint /Biped/Rig/Movers/param_follow/arm_r_params_to_wrist_r_bind","cat":"step","ph":"X","ts":125850,"dur":3,"pid":1,"tid":0},
{"name":"Constraint /Biped/Rig/Movers/param_follow/arm_l_params_to_wrist_l_bind","cat":"step","ph":"X","ts":125853,"dur":2,"pid":1,"tid":0},
{"name":"ProviderMatrix /Biped/Rig/Controls/leg_l_ik/ankle_l_pivot/bankIn_l_pivot/bankOut_l_pivot/heel_l_roll/heel_l/ball_l_pivot/toe_l_roll/toe_l/ballRoll_l_up final","cat":"step","ph":"X","ts":125855,"dur":1,"pid":1,"tid":0},
{"name":"ProviderMatrix /Biped/Rig/Controls/leg_r_ik/ankle_r_pivot/bankIn_r_pivot/bankOut_r_pivot/heel_r_roll/heel_r/ball_r_pivot/toe_r_roll/toe_r/ballRoll_r_up/ballRoll_r_down final","cat":"step","ph":"X","ts":125856,"dur":1,"pid":1,"tid":0},
{"name":"ProviderMatrix /Biped/Rig/Joints/ankle_r_pivot/bankIn_r_pivot final","cat":"step","ph":"X","ts":125857,"dur":1,"pid":1,"tid":0},
{"name":"ProviderMatrix /Biped/Rig/Joints/hips_bind/pelvis_l_bind/pelvis_trans_l_bind/thigh_l_driver final","cat":"step","ph":"X","ts":125858,"dur":1,"pid":1,"tid":0},
{"name":"ProviderMatrix /Biped/Rig/Joints/hips_bind/pelvis_l_bind/thigh_l_bind/knee_l_bind/ankle_l_bind/ball_l_bind/toe1_001_l_bind final","cat":"step","ph":"X","ts":125859,"dur":1,"pid":1,"tid":0},
{"name":"ProviderMatrix /Biped/Rig/Joints/hips_bind/pelvis_l_bind/thigh_l_bind/knee_l_bind/ankle_l_bind/ball_l_bind/toe3_001_l_bind/toe3_002_l_bind/toe3_003_l_bind/toe3_004_l_bind final","cat":"step","ph":"X","ts":125860,"dur":1,"pid":1,"tid":0},
{"name":"ProviderMatrix /Biped/Rig/Joints/hips_bind/pelvis_l_bind/thigh_l_bind/knee_l_bind/kneeTwist_l_bind/knee_l_driver final","cat":"step","ph":"X","ts":125861,"dur":1,"pid":1,"tid":0},
{"name":"ProviderMatrix /Biped/Rig/Joints/hips_bind/pelvis_r_bind/thigh_r_bind/knee_r_bind/ankleTwist_r_bind/ankleSwing_r_driver final","cat":"step","ph":"X","ts":125862,"dur":1,"pid":1,"tid":0},
{"name":"ProviderMatrix /Biped/Rig/Joints/hips_bind/pelvis_r_bind/thigh_r_bind/knee_r_bind/ankle_r_bind/ball_r_bind/toe2_001_r_bind/toe2_002_r_bind/toe2_003_r_bind/toe2_004_r_bind final","cat":"step","ph":"X","ts":125863,"dur":1,"pid":1,"tid":0},
{"name":"ProviderMatrix /Biped/Rig/Joints/hips_bind/pelvis_r_bind/thigh_r_bind/knee_r_bind/ankle_r_bind/ball_r_bind/toe5_001_r_bind/toe5_002_r_bind/toe5_003_r_bind final","cat":"step","ph":"X","ts":125864,"dur":1,"pid":1,"tid":0},
{"name":"ProviderMatrix /Biped/Rig/Joints/hips_bind/spine_0_bind/spine_1_bind/spine_2_bind/spine_3_bind/spine_4_bind/spine_5_bind final","cat":"step","ph":"X","ts":125865,"dur":1,"pid":1,"tid":0},
{"name":"ProviderMatrix /Biped/Rig/Joints/hips_bind/spine_0_bind/spine_1_bind/spine_2_bind/spine_3_bind/spine_4_bind/spine_5_bind/chest_bind/clavicle_l_bind/shoulder_l_bind/elbow_l_bind/elbowTwist_l_bind/elbow_l_driver final","cat":"step","ph":"X","ts":125866,"dur":1,"pid":1,"tid":0},
{"name":"ProviderMatrix /Biped/Rig/Joints/hips_bind/spine_0_bind/spine_1_bind/spine_2_bind/spine_3_bind/spine_4_bind/spine_5_bind/chest_bind/clavicle_l_bind/shoulder_l_bind/elbow_l_bind/wrist_l_bind/middle_001_l_bind final","cat":"step","ph":"X","ts":125867,"dur":1,"pid":1,"tid":0},
{"name":"ProviderMatrix /Biped/Rig/Joints/hips_bind/spine_0_bind/spine_1_bind/spine_2_bind/spine_3_bind/spine_4_bind/spine_5_bind/chest_bind/clavicle_l_bind/shoulder_l_bind/elbow_l_bind/wrist_l_bind/pinkyCup_l_bind/pinky_001_l_bind/pinky_002_l_bind/pinky_003_l_bind/pinky_004_l_bind final","cat":"step","ph":"X","ts":125868,"dur":1,"pid":1,"tid":0},
{"name":"ProviderMatrix /Biped/Rig/Joints/hips_bind/spine_0_bind/spine_1_bind/spine_2_bind/spine_3_bind/spine_4_bind/spine_5_bind/chest_bind/clavicle_l_bind/shoulder_l_bind/elbow_l_bind/wrist_l_bind/thumbCup_l_bind/thumb_001_l_bind/thumb_002_l_bind/thumb_003_l_bind/thumb_004_l_bind final","cat":"step","ph":"X","ts":125869,"dur":1,"pid":1,"tid":0},
{"name":"ProviderMatrix /Biped/Rig/Joints/hips_bind/spine_0_bind/spine_1_bind/spine_2_bind/spine_3_bind/spine_4_bind/spine_5_bind/chest_bind/clavicle_r_bind/shoulder_r_bind/elbow_r_bind/elbowTwist_r_bind/elbow_r_driver final","cat":"step","ph":"X","ts":125870,"dur":1,"pid":1,"tid":0},
{"name":"ProviderMatrix /Biped/Rig/Joints/hips_bind/spine_0_bind/spine_1_bind/spine_2_bind/spine_3_bind/spine_4_bind/spine_5_bind/chest_bind/clavicle_r_bind/shoulder_r_bind/elbow_r_bind/wrist_r_bind/middle_001_r_bind final","cat":"step","ph":"X","ts":125871,"dur":1,"pid":1,"tid":0},
{"name":"ProviderMatrix /Biped/Rig/Joints/hips_bind/spine_0_bind/spine_1_bind/spine_2_bind/spine_3_bind/spine_4_bind/spine_5_bind/chest_bind/clavicle_r_bind/shoulder_r_bind/elbow_r_bind/wrist_r_bind/pinkyCup_r_bind/pinky_001_r_bind/pinky_002_r_bind/pinky_003_r_bind/pinky_004_r_bind final","cat":"step","ph":"X","ts":125872,"dur":1,"pid":1,"tid":0},
{"name":"ProviderMatrix /Biped/Rig/Joints/hips_bind/spine_0_bind/spine_1_bind/spine_2_bind/spine_3_bind/spine_4_bind/spine_5_bind/chest_bind/clavicle_r_bind/shoulder_r_bind/elbow_r_bind/wrist_r_bind/thumbCup_r_bind/thumb_001_r_bind/thumb_002_r_bind/thumb_003_r_bind final","cat":"step","ph":"X","ts":125873,"dur":1,"pid":1,"tid":0},
{"name":"ProviderMatrix /Biped/Rig/Joints/hips_bind/spine_0_bind/spine_1_bind/spine_2_bind/spine_3_bind/spine_4_bind/spine_5_bind/chest_bind/neck_base_bind/neck_0_bind/neck_1_bind/neck_2_bind/neck_3_bind/skull_bind/face_lower_bind/face_mid_bind/nose_bridge_bind/nose_bind final","cat":"step","ph":"X","ts":125874,"dur":1,"pid":1,"tid":0},
{"name":"ProviderMatrix /Biped/Rig/Joints/hips_bind/spine_0_bind/spine_1_bind/spine_2_bind/spine_3_bind/spine_4_bind/spine_5_bind/chest_bind/neck_base_bind/neck_0_bind/neck_1_bind/neck_2_bind/neck_3_bind/skull_bind/face_upper_bind/eyeSocket_l_bind final","cat":"step","ph":"X","ts":125875,"dur":1,"pid":1,"tid":0},
{"name":"ProviderMatrix /Biped/Rig/Joints/neck_ik_neck_0_bind final","cat":"step","ph":"X","ts":125876,"dur":1,"pid":1,"tid":0},
{"name":"ProviderMatrix /Biped/Rig/Joints/spine_ik_spine_0_bind/spine_ik_spine_1_bind/spine_ik_spine_2_bind/spine_ik_spine_3_bind/spine_ik_spine_4_bind/spine_ik_spine_5_bind final","cat":"step","ph":"X","ts":125877,"dur":1,"pid":1,"tid":0},
{"name":"InfluenceFold /Biped/Rig/Movers/skin_body_geo/body_geo_skin","cat":"step","ph":"X","ts":125878,"dur":23,"pid":1,"tid":0},
{"name":"RevisionChunk /Biped/Rig/Movers/skin_body_geo/body_geo_skin","cat":"step","ph":"X","ts":125901,"dur":484,"pid":1,"tid":0},
{"name":"RevisionFuse /Biped/Rig/Movers/skin_body_geo/body_geo_skin","cat":"step","ph":"X","ts":126385,"dur":2,"pid":1,"tid":0},
{"name":"ChainStatus /Biped/Geom/body_geo.points","cat":"step","ph":"X","ts":126387,"dur":23,"pid":1,"tid":0},
{"name":"Derived /Biped/Geom/body_geo.extent","cat":"step","ph":"X","ts":126410,"dur":227,"pid":1,"tid":0},
{"name":"BakedPublish","cat":"baked","ph":"X","ts":126807,"dur":67,"pid":1,"tid":0},
{"name":"BakedEpilogue","cat":"baked","ph":"X","ts":126639,"dur":243,"pid":1,"tid":0},
{"name":"Baked","cat":"baked","ph":"X","ts":125300,"dur":1583,"pid":1,"tid":0},
{"name":"Evaluate.Run","cat":"evaluate","ph":"X","ts":125299,"dur":1584,"pid":1,"tid":0},
{"name":"Evaluate@3","cat":"evaluate","ph":"X","ts":125297,"dur":1587,"pid":1,"tid":0},
{"name":"Evaluate.Settle","cat":"evaluate","ph":"X","ts":126903,"dur":1,"pid":1,"tid":0},
{"name":"Evaluate.PlaceOverrides","cat":"evaluate","ph":"X","ts":126904,"dur":0,"pid":1,"tid":0},
{"name":"PropertyChains","cat":"property","ph":"X","ts":126907,"dur":6,"pid":1,"tid":0},
{"name":"BakedInputs","cat":"baked","ph":"X","ts":126914,"dur":9,"pid":1,"tid":0},
{"name":"BakedChainBase","cat":"geometry","ph":"X","ts":127033,"dur":2,"pid":1,"tid":0},
{"name":"BakedPrologue","cat":"baked","ph":"X","ts":126906,"dur":129,"pid":1,"tid":0},
{"name":"BakedRegion","cat":"baked","ph":"X","ts":127035,"dur":1062,"pid":1,"tid":0},
{"name":"ComposeSubtree /Biped/Rig/Controls/arm_l_ik","cat":"step","ph":"X","ts":127071,"dur":2,"pid":1,"tid":0},
{"name":"ComposeSubtree /Biped/Rig/Controls/arm_r_params","cat":"step","ph":"X","ts":127073,"dur":1,"pid":1,"tid":0},
{"name":"ComposeSubtree /Biped/Rig/Controls/hips_ctl/spine_root_pivot/spine_root_ctl","cat":"step","ph":"X","ts":127074,"dur":1,"pid":1,"tid":0},
{"name":"ComposeSubtree /Biped/Rig/Controls/hips_ctl/spine_root_pivot/spine_root_ctl/pelvis_r_ctl","cat":"step","ph":"X","ts":127075,"dur":1,"pid":1,"tid":0},
{"name":"ComposeSubtree /Biped/Rig/Controls/hips_ctl/torso_ctl/spine_end_pivot/spine_end_ctl","cat":"step","ph":"X","ts":127076,"dur":1,"pid":1,"tid":0},
{"name":"ComposeSubtree /Biped/Rig/Controls/hips_ctl/torso_ctl/spine_end_pivot/spine_end_ctl/clavicle_r_ctl","cat":"step","ph":"X","ts":127077,"dur":1,"pid":1,"tid":0},
{"name":"ComposeSubtree /Biped/Rig/Controls/hips_ctl/torso_ctl/spine_end_pivot/spine_end_ctl/neck_root_ctl/neck_end_pivot","cat":"step","ph":"X","ts":127078,"dur":1,"pid":1,"tid":0},
{"name":"ComposeSubtree /Biped/Rig/Controls/index_001_r_bind_fk_follow","cat":"step","ph":"X","ts":127079,"dur":1,"pid":1,"tid":0},
{"name":"ComposeSubtree /Biped/Rig/Controls/leg_l_ik/ankle_l_pivot/bankIn_l_pivot","cat":"step","ph":"X","ts":127080,"dur":1,"pid":1,"tid":0},
{"name":"ComposeSubtree /Biped/Rig/Controls/leg_l_ik/ankle_l_pivot/bankIn_l_pivot/bankOut_l_pivot/heel_l_roll/heel_l/ball_l_pivot/toe_l_roll/toe_l","cat":"step","ph":"X","ts":127081,"dur":1,"pid":1,"tid":0},
{"name":"ComposeSubtree /Biped/Rig/Controls/leg_l_ik/ankle_l_pivot/bankIn_l_pivot/bankOut_l_pivot/heel_l_roll/heel_l/ball_l_pivot/toe_l_roll/toe_l/ballRoll_l_up/ballRoll_l_down_twin","cat":"step","ph":"X","ts":127082,"dur":1,"pid":1,"tid":0},
{"name":"ComposeSubtree /Biped/Rig/Controls/leg_l_ik/ankle_l_pivot/bankIn_l_pivot/bankOut_l_pivot_twin","cat":"step","ph":"X","ts":127083,"dur":1,"pid":1,"tid":0},
{"name":"ComposeSubtree /Biped/Rig/Controls/leg_r_ik/ankle_r_pivot","cat":"step","ph":"X","ts":127084,"dur":1,"pid":1,"tid":0},
{"name":"ComposeSubtree /Biped/Rig/Controls/leg_r_ik/ankle_r_pivot/bankIn_r_pivot/bankOut_r_pivot/heel_r_roll/heel_r/ball_r_pivot/toe_r_roll","cat":"step","ph":"X","ts":127085,"dur":1,"pid":1,"tid":0},
{"name":"ComposeSubtree /Biped/Rig/Controls/leg_r_ik/ankle_r_pivot/bankIn_r_pivot/bankOut_r_pivot/heel_r_roll/heel_r/ball_r_pivot/toe_r_roll/toe_r/ballRoll_r_up_twin","cat":"step","ph":"X","ts":127086,"dur":1,"pid":1,"tid":0},
{"name":"ComposeSubtree /Biped/Rig/Controls/leg_r_ik/ankle_r_pivot/bankIn_r_pivot/bankOut_r_pivot_twin","cat":"step","ph":"X","ts":127087,"dur":1,"pid":1,"tid":0},
{"name":"ComposeSubtree /Biped/Rig/Controls/middle_001_l_bind_fk_follow/middle_001_l_bind_fk","cat":"step","ph":"X","ts":127088,"dur":1,"pid":1,"tid":0},
{"name":"ComposeSubtree /Biped/Rig/Controls/middle_001_r_bind_fk_follow/middle_001_r_bind_fk/middle_002_r_bind_fk/middle_003_r_bind_fk","cat":"step","ph":"X","ts":127089,"dur":1,"pid":1,"tid":0},
{"name":"ComposeSubtree /Biped/Rig/Controls/pinkyCup_l_bind_fk_follow/pinkyCup_l_bind_fk/pinky_001_l_bind_fk/pinky_002_l_bind_fk/pinky_003_l_bind_fk","cat":"step","ph":"X","ts":127090,"dur":1,"pid":1,"tid":0},
{"name":"ComposeSubtree /Biped/Rig/Controls/pinkyCup_r_bind_fk_follow/pinkyCup_r_bind_fk/pinky_001_r_bind_fk/pinky_002_r_bind_fk/pinky_003_r_bind_fk","cat":"step","ph":"X","ts":127091,"dur":1,"pid":1,"tid":0},
{"name":"ComposeSubtree /Biped/Rig/Controls/ring_001_r_bind_fk_follow","cat":"step","ph":"X","ts":127092,"dur":1,"pid":1,"tid":0},
{"name":"ComposeSubtree /Biped/Rig/Controls/thumbCup_l_bind_fk_follow","cat":"step","ph":"X","ts":127093,"dur":1,"pid":1,"tid":0},
{"name":"ComposeSubtree /Biped/Rig/Controls/thumbCup_r_bind_fk_follow/thumbCup_r_bind_fk/thumb_001_r_bind_fk/thumb_002_r_bind_fk","cat":"step","ph":"X","ts":127094,"dur":1,"pid":1,"tid":0},
{"name":"ComposeSubtree /Biped/Rig/Joints/ankle_l_pivot/bankIn_l_pivot/bankOut_l_pivot/heel_l_pivot/ball_l_pivot","cat":"step","ph":"X","ts":127095,"dur":1,"pid":1,"tid":0},
{"name":"ComposeSubtree /Biped/Rig/Joints/ankle_r_pivot/bankIn_r_pivot/bankOut_r_pivot/heel_r_pivot/ball_r_pivot","cat":"step","ph":"X","ts":127096,"dur":1,"pid":1,"tid":0},
{"name":"ComposeSubtree /Biped/Rig/Joints/hips_bind/pelvis_l_bind/pelvis_trans_combo_l_driver","cat":"step","ph":"X","ts":127097,"dur":1,"pid":1,"tid":0},
{"name":"ComposeSubtree /Biped/Rig/Joints/hips_bind/pelvis_l_bind/thigh_l_bind","cat":"step","ph":"X","ts":127098,"dur":1,"pid":1,"tid":0},
{"name":"ComposeSubtree /Biped/Rig/Joints/hips_bind/pelvis_l_bind/thigh_l_bind/knee_l_bind/ankle_l_bind/ball_l_bind/toe1_001_l_bind/toe1_002_l_bind","cat":"step","ph":"X","ts":127099,"dur":1,"pid":1,"tid":0},
{"name":"ComposeSubtree /Biped/Rig/Joints/hips_bind/pelvis_l_bind/thigh_l_bind/knee_l_bind/ankle_l_bind/ball_l_bind/toe3_001_l_bind","cat":"step","ph":"X","ts":127100,"dur":1,"pid":1,"tid":0},
{"name":"ComposeSubtree /Biped/Rig/Joints/hips_bind/pelvis_l_bind/thigh_l_bind/knee_l_bind/ankle_l_bind/ball_l_bind/toe4_001_l_bind/toe4_002_l_bind/toe4_003_l_bind","cat":"step","ph":"X","ts":127101,"dur":1,"pid":1,"tid":0},
{"name":"ComposeSubtree /Biped/Rig/Joints/hips_bind/pelvis_l_bind/thigh_l_bind/knee_l_bind/kneeTwist_l_bind","cat":"step","ph":"X","ts":127102,"dur":1,"pid":1,"tid":0},
{"name":"ComposeSubtree /Biped/Rig/Joints/hips_bind/pelvis_r_bind/pelvis_trans_r_bind/thigh_r_driver","cat":"step","ph":"X","ts":127103,"dur":1,"pid":1,"tid":0},
{"name":"ComposeSubtree /Biped/Rig/Joints/hips_bind/pelvis_r_bind/thigh_r_bind/knee_r_bind/ankleTwist_r_driver","cat":"step","ph":"X","ts":127104,"dur":1,"pid":1,"tid":0},
{"name":"ComposeSubtree /Biped/Rig/Joints/hips_bind/pelvis_r_bind/thigh_r_bind/knee_r_bind/ankle_r_bind/ball_r_bind/toe1_001_r_bind/toe1_002_r_bind/toe1_003_r_bind","cat":"step","ph":"X","ts":127105,"dur":1,"pid":1,"tid":0},
{"name":"ComposeSubtree /Biped/Rig/Joints/hips_bind/pelvis_r_bind/thigh_r_bind/knee_r_bind/ankle_r_bind/ball_r_bind/toe3_001_r_bind/toe3_002_r_bind/toe3_003_r_bind","cat":"step","ph":"X","ts":127106,"dur":1,"pid":1,"tid":0},
{"name":"ComposeSubtree /Biped/Rig/Joints/hips_bind/pelvis_r_bind/thigh_r_bind/knee_r_bind/ankle_r_bind/ball_r_bind/toe5_001_r_bind","cat":"step","ph":"X","ts":127107,"dur":1,"pid":1,"tid":0},
{"name":"ComposeSubtree /Biped/Rig/Joints/hips_bind/pelvis_r_bind/thigh_r_bind/knee_r_bind/kneeTwist_r_bind","cat":"step","ph":"X","ts":127108,"dur":1,"pid":1,"tid":0},
{"name":"ComposeSubtree /Biped/Rig/Joints/hips_bind/spine_0_bind/spine_1_bind/spine_2_bind/spine_3_bind/spine_4_bind","cat":"step","ph":"X","ts":127109,"dur":1,"pid":1,"tid":0},
{"name":"ComposeSubtree /Biped/Rig/Joints/hips_bind/spine_0_bind/spine_1_bind/spine_2_bind/spine_3_bind/spine_4_bind/spine_5_bind/chest_bind/clavicle_l_bind/shoulderNoTwist_l_bind","cat":"step","ph":"X","ts":127110,"dur":1,"pid":1,"tid":0},
{"name":"ComposeSubtree /Biped/Rig/Joints/hips_bind/spine_0_bind/spine_1_bind/spine_2_bind/spine_3_bind/spine_4_bind/spine_5_bind/chest_bind/clavicle_l_bind/shoulder_l_bind/elbow_l_bind/wristTwist_l_bind","cat":"step","ph":"X","ts":127111,"dur":1,"pid":1,"tid":0},
{"name":"ComposeSubtree /Biped/Rig/Joints/hips_bind/spine_0_bind/spine_1_bind/spine_2_bind/spine_3_bind/spine_4_bind/spine_5_bind/chest_bind/clavicle_l_bind/shoulder_l_bind/elbow_l_bind/wrist_l_bind/index_001_l_bind/index_002_l_bind","cat":"step","ph":"X","ts":127112,"dur":1,"pid":1,"tid":0},
{"name":"ComposeSubtree /Biped/Rig/Joints/hips_bind/spine_0_bind/spine_1_bind/spine_2_bind/spine_3_bind/spine_4_bind/spine_5_bind/chest_bind/clavicle_l_bind/shoulder_l_bind/elbow_l_bind/wrist_l_bind/middle_001_l_bind/middle_002_l_bind/middle_003_l_bind/middle_004_l_bind","cat":"step","ph":"X","ts":127113,"dur":1,"pid":1,"tid":0},
{"name":"ComposeSubtree /Biped/Rig/Joints/hips_bind/spine_0_bind/spine_1_bind/spine_2_bind/spine_3_bind/spine_4_bind/spine_5_bind/chest_bind/clavicle_l_bind/shoulder_l_bind/elbow_l_bind/wrist_l_bind/pinkyCup_l_bind/pinky_001_l_bind/pinky_002_l_bind/pinky_003_l_bind/pinky_004_l_bind","cat":"step","ph":"X","ts":127114,"dur":1,"pid":1,"tid":0},
{"name":"ComposeSubtree /Biped/Rig/Joints/hips_bind/spine_0_bind/spine_1_bind/spine_2_bind/spine_3_bind/spine_4_bind/spine_5_bind/chest_bind/clavicle_l_bind/shoulder_l_bind/elbow_l_bind/wrist_l_bind/ring_001_l_bind/ring_002_l_bind/ring_003_l_bind/ring_004_l_bind","cat":"step","ph":"X","ts":127115,"dur":1,"pid":1,"tid":0},
{"name":"ComposeSubtree /Biped/Rig/Joints/hips_bind/spine_0_bind/spine_1_bind/spine_2_bind/spine_3_bind/spine_4_bind/spine_5_bind/chest_bind/clavicle_r_bind","cat":"step","ph":"X","ts":127116,"dur":1,"pid":1,"tid":0},
{"name":"ComposeSubtree /Biped/Rig/Joints/hips_bind/spine_0_bind/spine_1_bind/spine_2_bind/spine_3_bind/spine_4_bind/spine_5_bind/chest_bind/clavicle_r_bind/shoulderNoTwist_r_bind","cat":"step","ph":"X","ts":127117,"dur":1,"pid":1,"tid":0},
{"name":"ComposeSubtree /Biped/Rig/Joints/hips_bind/spine_0_bind/spine_1_bind/spine_2_bind/spine_3_bind/spine_4_bind/spine_5_bind/chest_bind/clavicle_r_bind/shoulder_r_bind","cat":"step","ph":"X","ts":127118,"dur":28,"pid":1,"tid":0},
{"name":"ComposeSubtree /Biped/Rig/Joints/hips_bind/spine_0_bind/spine_1_bind/spine_2_bind/spine_3_bind/spine_4_bind/spine_5_bind/chest_bind/clavicle_r_bind/shoulder_r_bind/elbow_r_bind/elbowTwist_r_bind","cat":"step","ph":"X","ts":127146,"dur":1,"pid":1,"tid":0},
{"name":"ComposeSubtree /Biped/Rig/Joints/hips_bind/spine_0_bind/spine_1_bind/spine_2_bind/spine_3_bind/spine_4_bind/spine_5_bind/chest_bind/clavicle_r_bind/shoulder_r_bind/elbow_r_bind/wrist_r_bind/index_001_r_bind","cat":"step","ph":"X","ts":127147,"dur":1,"pid":1,"tid":0},
{"name":"ComposeSubtree /Biped/Rig/Joints/hips_bind/spine_0_bind/spine_1_bind/spine_2_bind/spine_3_bind/spine_4_bind/spine_5_bind/chest_bind/clavicle_r_bind/shoulder_r_bind/elbow_r_bind/wrist_r_bind/middle_001_r_bind","cat":"step","ph":"X","ts":127148,"dur":1,"pid":1,"tid":0},
{"name":"ComposeSubtree /Biped/Rig/Joints/hips_bind/spine_0_bind/spine_1_bind/spine_2_bind/spine_3_bind/spine_4_bind/spine_5_bind/chest_bind/clavicle_r_bind/shoulder_r_bind/elbow_r_bind/wrist_r_bind/pinkyCup_r_bind","cat":"step","ph":"X","ts":127149,"dur":1,"pid":1,"tid":0},
{"name":"ComposeSubtree /Biped/Rig/Joints/hips_bind/spine_0_bind/spine_1_bind/spine_2_bind/spine_3_bind/spine_4_bind/spine_5_bind/chest_bind/clavicle_r_bind/shoulder_r_bind/elbow_r_bind/wrist_r_bind/ring_001_r_bind","cat":"step","ph":"X","ts":127150,"dur":1,"pid":1,"tid":0},
{"name":"ComposeSubtree /Biped/Rig/Joints/hips_bind/spine_0_bind/spine_1_bind/spine_2_bind/spine_3_bind/spine_4_bind/spine_5_bind/chest_bind/clavicle_r_bind/shoulder_r_bind/elbow_r_bind/wrist_r_bind/thumbCup_r_bind","cat":"step","ph":"X","ts":127151,"dur":1,"pid":1,"tid":0},
{"name":"ComposeSubtree /Biped/Rig/Joints/hips_bind/spine_0_bind/spine_1_bind/spine_2_bind/spine_3_bind/spine_4_bind/spine_5_bind/chest_bind/neck_base_bind/neck_0_bind/neck_1_bind","cat":"step","ph":"X","ts":127152,"dur":1,"pid":1,"tid":0},
{"name":"ComposeSubtree /Biped/Rig/Joints/hips_bind/spine_0_bind/spine_1_bind/spine_2_bind/spine_3_bind/spine_4_bind/spine_5_bind/chest_bind/neck_base_bind/neck_0_bind/neck_1_bind/neck_2_bind/neck_3_bind/skull_bind/face_lower_bind/face_mid_bind/jaw_compression_driver","cat":"step","ph":"X","ts":127153,"dur":1,"pid":1,"tid":0},
{"name":"ComposeSubtree /Biped/Rig/Joints/hips_bind/spine_0_bind/spine_1_bind/spine_2_bind/spine_3_bind/spine_4_bind/spine_5_bind/chest_bind/neck_base_bind/neck_0_bind/neck_1_bind/neck_2_bind/neck_3_bind/skull_bind/face_lower_bind/jaw_bind/tongue_0_bind","cat":"step","ph":"X","ts":127154,"dur":1,"pid":1,"tid":0},
{"name":"ComposeSubtree /Biped/Rig/Joints/hips_bind/spine_0_bind/spine_1_bind/spine_2_bind/spine_3_bind/spine_4_bind/spine_5_bind/chest_bind/neck_base_bind/neck_0_bind/neck_1_bind/neck_2_bind/neck_3_bind/skull_bind/face_upper_bind","cat":"step","ph":"X","ts":127155,"dur":1,"pid":1,"tid":0},
{"name":"ComposeSubtree /Biped/Rig/Joints/hips_bind/spine_0_bind/spine_1_bind/spine_2_bind/spine_3_bind/spine_4_bind/spine_5_bind/chest_bind/neck_base_bind/neck_0_bind/neck_1_bind/neck_2_bind/neck_3_bind/skull_bind/face_upper_bind/head_tip_bind/brow_inner_r_bind","cat":"step","ph":"X","ts":127156,"dur":1,"pid":1,"tid":0},
{"name":"ComposeSubtree /Biped/Rig/Joints/neck_ik_neck_0_bind/neck_ik_neck_1_bind","cat":"step","ph":"X","ts":127157,"dur":1,"pid":1,"tid":0},
{"name":"ComposeSubtree /Biped/Rig/Joints/spine_ik_spine_0_bind/spine_ik_spine_1_bind/spine_ik_spine_2_bind","cat":"step","ph":"X","ts":127158,"dur":1,"pid":1,"tid":0},
{"name":"Solve /Biped/Rig/Solvers/arm_l_fkChain","cat":"step","ph":"X","ts":127159,"dur":2,"pid":1,"tid":0},
{"name":"SolverCommit batch 0","cat":"step","ph":"X","ts":127161,"dur":1,"pid":1,"tid":0},
{"name":"Solve /Biped/Rig/Solvers/arm_l_twoBoneIk","cat":"step","ph":"X","ts":127162,"dur":1,"pid":1,"tid":0},
{"name":"Solve /Biped/Rig/Solvers/arm_r_twoBoneIk","cat":"step","ph":"X","ts":127163,"dur":1,"pid":1,"tid":0},
{"name":"Solve /Biped/Rig/Solvers/leg_l_fkChain","cat":"step","ph":"X","ts":127164,"dur":1,"pid":1,"tid":0},
{"name":"Solve /Biped/Rig/Solvers/neck_splineIk","cat":"step","ph":"X","ts":127165,"dur":11,"pid":1,"tid":0},
{"name":"SolverCommit batch 6","cat":"step","ph":"X","ts":127176,"dur":1,"pid":1,"tid":0},
{"name":"Solve /Biped/Rig/Solvers/spine_splineIk","cat":"step","ph":"X","ts":127177,"dur":8,"pid":1,"tid":0},
{"name":"SolverCommit batch 7","cat":"step","ph":"X","ts":127185,"dur":1,"pid":1,"tid":0},
{"name":"SolverCommit batch 8","cat":"step","ph":"X","ts":127186,"dur":2,"pid":1,"tid":0},
{"name":"SolverCommit batch 9","cat":"step","ph":"X","ts":127188,"dur":2,"pid":1,"tid":0},
{"name":"Constraint /Biped/Rig/Movers/spine_mid_follow/spine_mid_follow_pos","cat":"step","ph":"X","ts":127190,"dur":9,"pid":1,"tid":0},
{"name":"Solve /Biped/Rig/Solvers/fk_thumb_r","cat":"step","ph":"X","ts":127199,"dur":1,"pid":1,"tid":0},
{"name":"SolverCommit batch 11","cat":"step","ph":"X","ts":127200,"dur":1,"pid":1,"tid":0},
{"name":"Solve /Biped/Rig/Solvers/fk_ring_r","cat":"step","ph":"X","ts":127201,"dur":1,"pid":1,"tid":0},
{"name":"Solve /Biped/Rig/Solvers/fk_pinky_r","cat":"step","ph":"X","ts":127202,"dur":2,"pid":1,"tid":0},
{"name":"SolverCommit batch 13","cat":"step","ph":"X","ts":127204,"dur":1,"pid":1,"tid":0},
{"name":"Solve /Biped/Rig/Solvers/fk_middle_r","cat":"step","ph":"X","ts":127205,"dur":1,"pid":1,"tid":0},
{"name":"Solve /Biped/Rig/Solvers/fk_index_r","cat":"step","ph":"X","ts":127206,"dur":1,"pid":1,"tid":0},
{"name":"SolverCommit batch 15","cat":"step","ph":"X","ts":127207,"dur":1,"pid":1,"tid":0},
{"name":"Solve /Biped/Rig/Solvers/fk_thumb_l","cat":"step","ph":"X","ts":127208,"dur":1,"pid":1,"tid":0},
{"name":"Solve /Biped/Rig/Solvers/fk_ring_l","cat":"step","ph":"X","ts":127209,"dur":1,"pid":1,"tid":0},
{"name":"Solve /Biped/Rig/Solvers/fk_pinky_l","cat":"step","ph":"X","ts":127210,"dur":1,"pid":1,"tid":0},
{"name":"SolverCommit batch 18","cat":"step","ph":"X","ts":127211,"dur":1,"pid":1,"tid":0},
{"name":"Solve /Biped/Rig/Solvers/fk_middle_l","cat":"step","ph":"X","ts":127212,"dur":1,"pid":1,"tid":0},
{"name":"SolverCommit batch 19","cat":"step","ph":"X","ts":127213,"dur":1,"pid":1,"tid":0},
{"name":"Solve /Biped/Rig/Solvers/fk_index_l","cat":"step","ph":"X","ts":127214,"dur":1,"pid":1,"tid":0},
{"name":"Constraint /Biped/Rig/Movers/spine_mid_follow/spine_mid_follow_aim","cat":"step","ph":"X","ts":127215,"dur":4,"pid":1,"tid":0},
{"name":"Constraint /Biped/Rig/Movers/hand_r_follow/thumbCup_r_bind_fk_follow_to_wrist_r_bind","cat":"step","ph":"X","ts":127219,"dur":3,"pid":1,"tid":0},
{"name":"Constraint /Biped/Rig/Movers/hand_r_follow/ring_001_r_bind_fk_follow_to_wrist_r_bind","cat":"step","ph":"X","ts":127222,"dur":3,"pid":1,"tid":0},
{"name":"Constraint /Biped/Rig/Movers/hand_r_follow/pinkyCup_r_bind_fk_follow_to_wrist_r_bind","cat":"step","ph":"X","ts":127225,"dur":4,"pid":1,"tid":0},
{"name":"Constraint /Biped/Rig/Movers/hand_r_follow/middle_001_r_bind_fk_follow_to_wrist_r_bind","cat":"step","ph":"X","ts":127229,"dur":3,"pid":1,"tid":0},
{"name":"Constraint /Biped/Rig/Movers/hand_r_follow/index_001_r_bind_fk_follow_to_wrist_r_bind","cat":"step","ph":"X","ts":127232,"dur":3,"pid":1,"tid":0},
{"name":"Constraint /Biped/Rig/Movers/hand_l_follow/thumbCup_l_bind_fk_follow_to_wrist_l_bind","cat":"step","ph":"X","ts":127235,"dur":3,"pid":1,"tid":0},
{"name":"Constraint /Biped/Rig/Movers/hand_l_follow/ring_001_l_bind_fk_follow_to_wrist_l_bind","cat":"step","ph":"X","ts":127238,"dur":3,"pid":1,"tid":0},
{"name":"Constraint /Biped/Rig/Movers/hand_l_follow/pinkyCup_l_bind_fk_follow_to_wrist_l_bind","cat":"step","ph":"X","ts":127241,"dur":3,"pid":1,"tid":0},
{"name":"Constraint /Biped/Rig/Movers/hand_l_follow/middle_001_l_bind_fk_follow_to_wrist_l_bind","cat":"step","ph":"X","ts":127244,"dur":3,"pid":1,"tid":0},
{"name":"Constraint /Biped/Rig/Movers/hand_l_follow/index_001_l_bind_fk_follow_to_wrist_l_bind","cat":"step","ph":"X","ts":127247,"dur":2,"pid":1,"tid":0},
{"name":"Constraint /Biped/Rig/Movers/bankIn_r_pivot_rc/bankIn_r_pivot_rotation","cat":"step","ph":"X","ts":127249,"dur":2,"pid":1,"tid":0},
{"name":"Constraint /Biped/Rig/Movers/bankOut_r_pivot_rc/bankOut_r_pivot_rotation","cat":"step","ph":"X","ts":127251,"dur":1,"pid":1,"tid":0},
{"name":"Constraint /Biped/Rig/Movers/heel_r_roll_rc/heel_r_roll_rotation","cat":"step","ph":"X","ts":127252,"dur":1,"pid":1,"tid":0},
{"name":"Constraint /Biped/Rig/Movers/ballRoll_r_down_rc/ballRoll_r_down_rotation","cat":"step","ph":"X","ts":127253,"dur":1,"pid":1,"tid":0},
{"name":"Solve /Biped/Rig/Solvers/leg_r_ikfk","cat":"step","ph":"X","ts":127254,"dur":1,"pid":1,"tid":0},
{"name":"SolverCommit batch 39","cat":"step","ph":"X","ts":127255,"dur":5,"pid":1,"tid":0},
{"name":"Constraint /Biped/Rig/Movers/ankle_r_bind_scAim/ankle_r_bind_aim","cat":"step","ph":"X","ts":127260,"dur":6,"pid":1,"tid":0},
{"name":"Constraint /Biped/Rig/Movers/ball_r_bind_scAim/ball_r_bind_aim","cat":"step","ph":"X","ts":127266,"dur":4,"pid":1,"tid":0},
{"name":"Constraint /Biped/Rig/Movers/bankIn_l_pivot_rc/bankIn_l_pivot_rotation","cat":"step","ph":"X","ts":127270,"dur":1,"pid":1,"tid":0},
{"name":"Constraint /Biped/Rig/Movers/heel_l_roll_rc/heel_l_roll_rotation","cat":"step","ph":"X","ts":127271,"dur":1,"pid":1,"tid":0},
{"name":"Constraint /Biped/Rig/Movers/ballRoll_l_up_rc/ballRoll_l_up_rotation","cat":"step","ph":"X","ts":127272,"dur":1,"pid":1,"tid":0},
{"name":"Solve /Biped/Rig/Solvers/leg_l_ikfk","cat":"step","ph":"X","ts":127273,"dur":1,"pid":1,"tid":0},
{"name":"SolverCommit batch 49","cat":"step","ph":"X","ts":127274,"dur":5,"pid":1,"tid":0},
{"name":"Constraint /Biped/Rig/Movers/ankle_l_bind_scAim/ankle_l_bind_aim","cat":"step","ph":"X","ts":127279,"dur":4,"pid":1,"tid":0},
{"name":"Constraint /Biped/Rig/Movers/ball_l_bind_scAim/ball_l_bind_aim","cat":"step","ph":"X","ts":127283,"dur":4,"pid":1,"tid":0},
{"name":"Constraint /Biped/Rig/Movers/hips_follow/spine_root_ctl_drives_hips_bind","cat":"step","ph":"X","ts":127287,"dur":3,"pid":1,"tid":0},
{"name":"PropagateChunk /Biped/Rig/Movers/hips_follow/spine_root_ctl_drives_hips_bind","cat":"step","ph":"X","ts":127290,"dur":5,"pid":1,"tid":0},
{"name":"CommitApply /Biped/Rig/Movers/hips_follow/spine_root_ctl_drives_hips_bind","cat":"step","ph":"X","ts":127295,"dur":2,"pid":1,"tid":0},
{"name":"Constraint /Biped/Rig/Movers/hips_follow/spine_root_ctl_scales_hips_bind","cat":"step","ph":"X","ts":127297,"dur":2,"pid":1,"tid":0},
{"name":"PropagateChunk /Biped/Rig/Movers/hips_follow/spine_root_ctl_scales_hips_bind","cat":"step","ph":"X","ts":127299,"dur":5,"pid":1,"tid":0},
{"name":"CommitApply /Biped/Rig/Movers/hips_follow/spine_root_ctl_scales_hips_bind","cat":"step","ph":"X","ts":127304,"dur":1,"pid":1,"tid":0},
{"name":"Constraint /Biped/Rig/Movers/spine_to_bind/spine_ik_spine_0_bind_scale_to_spine_0_bind","cat":"step","ph":"X","ts":127305,"dur":6,"pid":1,"tid":0},
{"name":"Constraint /Biped/Rig/Movers/spine_to_bind/spine_ik_spine_0_bind_to_spine_0_bind","cat":"step","ph":"X","ts":127311,"dur":11,"pid":1,"tid":0},
{"name":"Constraint /Biped/Rig/Movers/spine_to_bind/spine_ik_spine_1_bind_scale_to_spine_1_bind","cat":"step","ph":"X","ts":127322,"dur":5,"pid":1,"tid":0},
{"name":"Constraint /Biped/Rig/Movers/spine_to_bind/spine_ik_spine_1_bind_to_spine_1_bind","cat":"step","ph":"X","ts":127327,"dur":6,"pid":1,"tid":0},
{"name":"Constraint /Biped/Rig/Movers/spine_to_bind/spine_ik_spine_2_bind_scale_to_spine_2_bind","cat":"step","ph":"X","ts":127333,"dur":5,"pid":1,"tid":0},
{"name":"Constraint /Biped/Rig/Movers/spine_to_bind/spine_ik_spine_2_bind_to_spine_2_bind","cat":"step","ph":"X","ts":127338,"dur":6,"pid":1,"tid":0},
{"name":"Constraint /Biped/Rig/Movers/spine_to_bind/spine_ik_spine_3_bind_scale_to_spine_3_bind","cat":"step","ph":"X","ts":127344,"dur":5,"pid":1,"tid":0},
{"name":"Constraint /Biped/Rig/Movers/spine_to_bind/spine_ik_spine_3_bind_to_spine_3_bind","cat":"step","ph":"X","ts":127349,"dur":6,"pid":1,"tid":0},
{"name":"Constraint /Biped/Rig/Movers/spine_to_bind/spine_ik_spine_4_bind_scale_to_spine_4_bind","cat":"step","ph":"X","ts":127355,"dur":5,"pid":1,"tid":0},
{"name":"Constraint /Biped/Rig/Movers/spine_to_bind/spine_ik_spine_4_bind_to_spine_4_bind","cat":"step","ph":"X","ts":127360,"dur":5,"pid":1,"tid":0},
{"name":"Constraint /Biped/Rig/Movers/spine_to_bind/spine_ik_spine_5_bind_scale_to_spine_5_bind","cat":"step","ph":"X","ts":127365,"dur":5,"pid":1,"tid":0},
{"name":"Constraint /Biped/Rig/Movers/spine_to_bind/spine_ik_spine_5_bind_to_spine_5_bind","cat":"step","ph":"X","ts":127370,"dur":6,"pid":1,"tid":0},
{"name":"Constraint /Biped/Rig/Movers/spine_to_bind/spine_ik_chest_bind_scale_to_chest_bind","cat":"step","ph":"X","ts":127376,"dur":4,"pid":1,"tid":0},
{"name":"Constraint /Biped/Rig/Movers/spine_to_bind/spine_ik_chest_bind_to_chest_bind","cat":"step","ph":"X","ts":127380,"dur":6,"pid":1,"tid":0},
{"name":"Constraint /Biped/Rig/Movers/girdles/spine_end_ctl_drives_chest_bind","cat":"step","ph":"X","ts":127386,"dur":6,"pid":1,"tid":0},
{"name":"Constraint /Biped/Rig/Movers/girdles/pelvis_r_ctl_drives_pelvis_r_bind","cat":"step","ph":"X","ts":127392,"dur":1,"pid":1,"tid":0},
{"name":"Constraint /Biped/Rig/Movers/girdles/pelvis_l_ctl_drives_pelvis_l_bind","cat":"step","ph":"X","ts":127393,"dur":1,"pid":1,"tid":0},
{"name":"Constraint /Biped/Rig/Movers/girdles/clavicle_r_ctl_drives_clavicle_r_bind","cat":"step","ph":"X","ts":127394,"dur":1,"pid":1,"tid":0},
{"name":"Constraint /Biped/Rig/Movers/girdles/clavicle_l_ctl_drives_clavicle_l_bind","cat":"step","ph":"X","ts":127395,"dur":1,"pid":1,"tid":0},
{"name":"Constraint /Biped/Rig/Movers/girdles/spine_end_ctl_unsquashes_neck_base_bind","cat":"step","ph":"X","ts":127396,"dur":4,"pid":1,"tid":0},
{"name":"Constraint /Biped/Rig/Movers/girdles/clavicle_r_ctl_unsquashes_clavicle_r_bind","cat":"step","ph":"X","ts":127400,"dur":2,"pid":1,"tid":0},
{"name":"Constraint /Biped/Rig/Movers/girdles/clavicle_l_ctl_unsquashes_clavicle_l_bind","cat":"step","ph":"X","ts":127402,"dur":2,"pid":1,"tid":0},
{"name":"Constraint /Biped/Rig/Movers/neck_to_bind/neck_ik_neck_0_bind_scale_to_neck_0_bind","cat":"step","ph":"X","ts":127404,"dur":3,"pid":1,"tid":0},
{"name":"Constraint /Biped/Rig/Movers/neck_to_bind/neck_ik_neck_0_bind_to_neck_0_bind","cat":"step","ph":"X","ts":127407,"dur":5,"pid":1,"tid":0},
{"name":"Constraint /Biped/Rig/Movers/neck_to_bind/neck_ik_neck_1_bind_scale_to_neck_1_bind","cat":"step","ph":"X","ts":127412,"dur":3,"pid":1,"tid":0},
{"name":"Constraint /Biped/Rig/Movers/neck_to_bind/neck_ik_neck_1_bind_to_neck_1_bind","cat":"step","ph":"X","ts":127415,"dur":4,"pid":1,"tid":0},
{"name":"Constraint /Biped/Rig/Movers/neck_to_bind/neck_ik_neck_2_bind_scale_to_neck_2_bind","cat":"step","ph":"X","ts":127419,"dur":4,"pid":1,"tid":0},
{"name":"Constraint /Biped/Rig/Movers/neck_to_bind/neck_ik_neck_2_bind_to_neck_2_bind","cat":"step","ph":"X","ts":127423,"dur":5,"pid":1,"tid":0},
{"name":"Constraint /Biped/Rig/Movers/neck_to_bind/neck_ik_neck_3_bind_scale_to_neck_3_bind","cat":"step","ph":"X","ts":127428,"dur":3,"pid":1,"tid":0},
{"name":"Constraint /Biped/Rig/Movers/neck_to_bind/neck_ik_neck_3_bind_to_neck_3_bind","cat":"step","ph":"X","ts":127431,"dur":3,"pid":1,"tid":0},
{"name":"Constraint /Biped/Rig/Movers/neck_to_bind/neck_ik_skull_bind_scale_to_skull_bind","cat":"step","ph":"X","ts":127434,"dur":3,"pid":1,"tid":0},
{"name":"Constraint /Biped/Rig/Movers/neck_to_bind/neck_ik_skull_bind_to_skull_bind","cat":"step","ph":"X","ts":127437,"dur":4,"pid":1,"tid":0},
{"name":"Constraint /Biped/Rig/Movers/twist_aims/wristTwist_r_bind_copy","cat":"step","ph":"X","ts":127441,"dur":2,"pid":1,"tid":0},
{"name":"Constraint /Biped/Rig/Movers/twist_aims/wristTwist_r_bind_aim","cat":"step","ph":"X","ts":127443,"dur":2,"pid":1,"tid":0},
{"name":"Constraint /Biped/Rig/Movers/twist_aims/wristTwist_l_bind_copy","cat":"step","ph":"X","ts":127445,"dur":2,"pid":1,"tid":0},
{"name":"Constraint /Biped/Rig/Movers/twist_aims/wristTwist_l_bind_aim","cat":"step","ph":"X","ts":127447,"dur":2,"pid":1,"tid":0},
{"name":"Constraint /Biped/Rig/Movers/twist_aims/ankleTwist_r_bind_copy","cat":"step","ph":"X","ts":127449,"dur":1,"pid":1,"tid":0},
{"name":"Constraint /Biped/Rig/Movers/twist_aims/ankleTwist_r_bind_aim","cat":"step","ph":"X","ts":127450,"dur":2,"pid":1,"tid":0},
{"name":"Constraint /Biped/Rig/Movers/twist_aims/ankleTwist_l_bind_copy","cat":"step","ph":"X","ts":127452,"dur":2,"pid":1,"tid":0},
{"name":"Constraint /Biped/Rig/Movers/twist_aims/ankleTwist_l_bind_aim","cat":"step","ph":"X","ts":127454,"dur":1,"pid":1,"tid":0},
{"name":"Constraint /Biped/Rig/Movers/twist_aims/ankleTwist_r_bind_follows_ankle_r_bind","cat":"step","ph":"X","ts":127455,"dur":1,"pid":1,"tid":0},
{"name":"Constraint /Biped/Rig/Movers/twist_aims/ankleTwist_l_bind_follows_ankle_l_bind","cat":"step","ph":"X","ts":127456,"dur":1,"pid":1,"tid":0},
{"name":"Constraint /Biped/Rig/Movers/twist_aims/wristTwist_l_bind_follows_wrist_l_bind","cat":"step","ph":"X","ts":127457,"dur":1,"pid":1,"tid":0},
{"name":"Constraint /Biped/Rig/Movers/twist_aims/thighNoTwist_r_bind_follows_thigh_r_bind","cat":"step","ph":"X","ts":127458,"dur":1,"pid":1,"tid":0},
{"name":"Constraint /Biped/Rig/Movers/twist_aims/shoulderNoTwist_r_bind_follows_shoulder_r_bind","cat":"step","ph":"X","ts":127459,"dur":1,"pid":1,"tid":0},
{"name":"Constraint /Biped/Rig/Movers/twist_aims/pelvis_trans_r_bind_follows_thigh_r_bind","cat":"step","ph":"X","ts":127460,"dur":1,"pid":1,"tid":0},
{"name":"Constraint /Biped/Rig/Movers/twist_aims/clavicle_trans_r_bind_follows_shoulder_r_bind","cat":"step","ph":"X","ts":127461,"dur":1,"pid":1,"tid":0},
{"name":"Constraint /Biped/Rig/Movers/twist_aims/clavicle_trans_l_bind_follows_shoulder_l_bind","cat":"step","ph":"X","ts":127462,"dur":1,"pid":1,"tid":0},
{"name":"Constraint /Biped/Rig/Movers/twist_aims/pelvis_trans_r_bind_aim","cat":"step","ph":"X","ts":127463,"dur":2,"pid":1,"tid":0},
{"name":"Constraint /Biped/Rig/Movers/twist_aims/pelvis_trans_l_bind_aim","cat":"step","ph":"X","ts":127465,"dur":2,"pid":1,"tid":0},
{"name":"Constraint /Biped/Rig/Movers/twist_aims/kneeTwist_r_bind_aim","cat":"step","ph":"X","ts":127467,"dur":2,"pid":1,"tid":0},
{"name":"Constraint /Biped/Rig/Movers/twist_aims/kneeTwist_l_bind_aim","cat":"step","ph":"X","ts":127469,"dur":2,"pid":1,"tid":0},
{"name":"Constraint /Biped/Rig/Movers/twist_aims/thighNoTwist_r_bind_aim","cat":"step","ph":"X","ts":127471,"dur":2,"pid":1,"tid":0},
{"name":"Constraint /Biped/Rig/Movers/twist_aims/thighNoTwist_l_bind_aim","cat":"step","ph":"X","ts":127473,"dur":2,"pid":1,"tid":0},
{"name":"Constraint /Biped/Rig/Movers/twist_aims/clavicle_trans_r_bind_aim","cat":"step","ph":"X","ts":127475,"dur":2,"pid":1,"tid":0},
{"name":"Constraint /Biped/Rig/Movers/twist_aims/clavicle_trans_l_bind_aim","cat":"step","ph":"X","ts":127477,"dur":3,"pid":1,"tid":0},
{"name":"Constraint /Biped/Rig/Movers/twist_aims/elbowTwist_r_bind_aim","cat":"step","ph":"X","ts":127480,"dur":2,"pid":1,"tid":0},
{"name":"Constraint /Biped/Rig/Movers/twist_aims/elbowTwist_l_bind_aim","cat":"step","ph":"X","ts":127482,"dur":2,"pid":1,"tid":0},
{"name":"Constraint /Biped/Rig/Movers/twist_aims/shoulderNoTwist_r_bind_aim","cat":"step","ph":"X","ts":127484,"dur":2,"pid":1,"tid":0},
{"name":"Constraint /Biped/Rig/Movers/twist_aims/shoulderNoTwist_l_bind_aim","cat":"step","ph":"X","ts":127486,"dur":2,"pid":1,"tid":0},
{"name":"Constraint /Biped/Rig/Movers/pose_drivers/thigh_r_driver_copies_thigh_r_bind","cat":"step","ph":"X","ts":127488,"dur":2,"pid":1,"tid":0},
{"name":"Constraint /Biped/Rig/Movers/pose_drivers/thigh_l_driver_copies_thigh_l_bind","cat":"step","ph":"X","ts":127490,"dur":2,"pid":1,"tid":0},
{"name":"Constraint /Biped/Rig/Movers/pose_drivers/thigh_r_twist_driver_copies_thighNoTwist_r_bind","cat":"step","ph":"X","ts":127492,"dur":2,"pid":1,"tid":0},
{"name":"Constraint /Biped/Rig/Movers/pose_drivers/thigh_l_twist_driver_copies_thighNoTwist_l_bind","cat":"step","ph":"X","ts":127494,"dur":2,"pid":1,"tid":0},
{"name":"Constraint /Biped/Rig/Movers/pose_drivers/ankleTwist_r_driver_copies_ankleTwist_r_bind","cat":"step","ph":"X","ts":127496,"dur":2,"pid":1,"tid":0},
{"name":"Constraint /Biped/Rig/Movers/pose_drivers/ankleTwist_l_driver_copies_ankleTwist_l_bind","cat":"step","ph":"X","ts":127498,"dur":2,"pid":1,"tid":0},
{"name":"Constraint /Biped/Rig/Movers/pose_drivers/toe_r_driver_copies_ball_r_bind","cat":"step","ph":"X","ts":127500,"dur":3,"pid":1,"tid":0},
{"name":"Constraint /Biped/Rig/Movers/pose_drivers/toe_l_driver_copies_ball_l_bind","cat":"step","ph":"X","ts":127503,"dur":2,"pid":1,"tid":0},
{"name":"Constraint /Biped/Rig/Movers/pose_drivers/knee_r_driver_copies_knee_r_bind","cat":"step","ph":"X","ts":127505,"dur":2,"pid":1,"tid":0},
{"name":"Constraint /Biped/Rig/Movers/pose_drivers/knee_l_driver_copies_knee_l_bind","cat":"step","ph":"X","ts":127507,"dur":2,"pid":1,"tid":0},
{"name":"Constraint /Biped/Rig/Movers/pose_drivers/ankleSwing_r_driver_copies_ankle_r_bind","cat":"step","ph":"X","ts":127509,"dur":2,"pid":1,"tid":0},
{"name":"Constraint /Biped/Rig/Movers/pose_drivers/ankleSwing_l_driver_copies_ankle_l_bind","cat":"step","ph":"X","ts":127511,"dur":2,"pid":1,"tid":0},
{"name":"Constraint /Biped/Rig/Movers/pose_drivers/shoulder_r_driver_copies_shoulder_r_bind","cat":"step","ph":"X","ts":127513,"dur":2,"pid":1,"tid":0},
{"name":"Constraint /Biped/Rig/Movers/pose_drivers/shoulder_l_driver_copies_shoulder_l_bind","cat":"step","ph":"X","ts":127515,"dur":2,"pid":1,"tid":0},
{"name":"Constraint /Biped/Rig/Movers/pose_drivers/wristTwist_r_driver_copies_wristTwist_r_bind","cat":"step","ph":"X","ts":127517,"dur":2,"pid":1,"tid":0},
{"name":"Constraint /Biped/Rig/Movers/pose_drivers/wristTwist_l_driver_copies_wristTwist_l_bind","cat":"step","ph":"X","ts":127519,"dur":2,"pid":1,"tid":0},
{"name":"Constraint /Biped/Rig/Movers/pose_drivers/shoulder_r_twist_driver_copies_shoulderNoTwist_r_bind","cat":"step","ph":"X","ts":127521,"dur":2,"pid":1,"tid":0},
{"name":"Constraint /Biped/Rig/Movers/pose_drivers/shoulder_l_twist_driver_copies_shoulderNoTwist_l_bind","cat":"step","ph":"X","ts":127523,"dur":3,"pid":1,"tid":0},
{"name":"Constraint /Biped/Rig/Movers/pose_drivers/wristSwing_r_driver_copies_wrist_r_bind","cat":"step","ph":"X","ts":127526,"dur":2,"pid":1,"tid":0},
{"name":"Constraint /Biped/Rig/Movers/pose_drivers/wristSwing_l_driver_copies_wrist_l_bind","cat":"step","ph":"X","ts":127528,"dur":2,"pid":1,"tid":0},
{"name":"Constraint /Biped/Rig/Movers/pose_drivers/elbow_r_driver_copies_elbow_r_bind","cat":"step","ph":"X","ts":127530,"dur":2,"pid":1,"tid":0},
{"name":"Constraint /Biped/Rig/Movers/pose_drivers/elbow_l_driver_copies_elbow_l_bind","cat":"step","ph":"X","ts":127532,"dur":2,"pid":1,"tid":0},
{"name":"Constraint /Biped/Rig/Movers/param_follow/leg_r_params_to_ankle_r_bind","cat":"step","ph":"X","ts":127534,"dur":2,"pid":1,"tid":0},
{"name":"Constraint /Biped/Rig/Movers/param_follow/leg_l_params_to_ankle_l_bind","cat":"step","ph":"X","ts":127536,"dur":2,"pid":1,"tid":0},
{"name":"Constraint /Biped/Rig/Movers/param_follow/arm_r_params_to_wrist_r_bind","cat":"step","ph":"X","ts":127538,"dur":2,"pid":1,"tid":0},
{"name":"Constraint /Biped/Rig/Movers/param_follow/arm_l_params_to_wrist_l_bind","cat":"step","ph":"X","ts":127540,"dur":2,"pid":1,"tid":0},
{"name":"ProviderMatrix /Biped/Rig/Controls/leg_l_ik/ankle_l_pivot final","cat":"step","ph":"X","ts":127542,"dur":1,"pid":1,"tid":0},
{"name":"ProviderMatrix /Biped/Rig/Controls/leg_l_ik/ankle_l_pivot/bankIn_l_pivot/bankOut_l_pivot/heel_l_roll/heel_l/ball_l_pivot/toe_l_roll/toe_l/ballRoll_l_up/ballRoll_l_down final","cat":"step","ph":"X","ts":127543,"dur":1,"pid":1,"tid":0},
{"name":"ProviderMatrix /Biped/Rig/Controls/leg_r_ik/ankle_r_pivot/bankIn_r_pivot/bankOut_r_pivot/heel_r_roll/heel_r/ball_r_pivot/toe_r_roll/toe_r/ballRoll_r_up/ballRoll_r_down final","cat":"step","ph":"X","ts":127544,"dur":1,"pid":1,"tid":0},
{"name":"ProviderMatrix /Biped/Rig/Joints/ankle_l_pivot/bankIn_l_pivot/bankOut_l_pivot/heel_l_pivot/ball_l_pivot/toe_l_pivot/toeBend_l_pivot final","cat":"step","ph":"X","ts":127545,"dur":1,"pid":1,"tid":0},
{"name":"ProviderMatrix /Biped/Rig/Joints/hips_bind/pelvis_l_bind/pelvis_trans_combo_l_driver final","cat":"step","ph":"X","ts":127546,"dur":1,"pid":1,"tid":0},
{"name":"ProviderMatrix /Biped/Rig/Joints/hips_bind/pelvis_l_bind/thigh_l_bind/knee_l_bind/ankle_l_bind final","cat":"step","ph":"X","ts":127547,"dur":1,"pid":1,"tid":0},
{"name":"ProviderMatrix /Biped/Rig/Joints/hips_bind/pelvis_l_bind/thigh_l_bind/knee_l_bind/ankle_l_bind/ball_l_bind/toe3_001_l_bind/toe3_002_l_bind final","cat":"step","ph":"X","ts":127548,"dur":1,"pid":1,"tid":0},
{"name":"ProviderMatrix /Biped/Rig/Joints/hips_bind/pelvis_l_bind/thigh_l_bind/knee_l_bind/ankle_l_bind/ball_l_bind/toe_l_bind final","cat":"step","ph":"X","ts":127549,"dur":1,"pid":1,"tid":0},
{"name":"ProviderMatrix /Biped/Rig/Joints/hips_bind/pelvis_r_bind/thigh_r_bind final","cat":"step","ph":"X","ts":127550,"dur":1,"pid":1,"tid":0},
{"name":"ProviderMatrix /Biped/Rig/Joints/hips_bind/pelvis_r_bind/thigh_r_bind/knee_r_bind/ankle_r_bind/ball_r_bind/toe2_001_r_bind/toe2_002_r_bind final","cat":"step","ph":"X","ts":127551,"dur":1,"pid":1,"tid":0},
{"name":"ProviderMatrix /Biped/Rig/Joints/hips_bind/pelvis_r_bind/thigh_r_bind/knee_r_bind/ankle_r_bind/ball_r_bind/toe4_001_r_bind/toe4_002_r_bind/toe4_003_r_bind/toe4_004_r_bind final","cat":"step","ph":"X","ts":127552,"dur":1,"pid":1,"tid":0},
{"name":"ProviderMatrix /Biped/Rig/Joints/hips_bind/spine_0_bind/spine_1_bind/spine_2_bind final","cat":"step","ph":"X","ts":127553,"dur":1,"pid":1,"tid":0},
{"name":"ProviderMatrix /Biped/Rig/Joints/hips_bind/spine_0_bind/spine_1_bind/spine_2_bind/spine_3_bind/spine_4_bind/spine_5_bind/chest_bind/clavicle_l_bind/shoulder_l_bind final","cat":"step","ph":"X","ts":127554,"dur":1,"pid":1,"tid":0},
{"name":"ProviderMatrix /Biped/Rig/Joints/hips_bind/spine_0_bind/spine_1_bind/spine_2_bind/spine_3_bind/spine_4_bind/spine_5_bind/chest_bind/clavicle_l_bind/shoulder_l_bind/elbow_l_bind/wrist_l_bind/index_001_l_bind/index_002_l_bind/index_003_l_bind final","cat":"step","ph":"X","ts":127555,"dur":1,"pid":1,"tid":0},
{"name":"ProviderMatrix /Biped/Rig/Joints/hips_bind/spine_0_bind/spine_1_bind/spine_2_bind/spine_3_bind/spine_4_bind/spine_5_bind/chest_bind/clavicle_l_bind/shoulder_l_bind/elbow_l_bind/wrist_l_bind/pinkyCup_l_bind/pinky_001_l_bind/pinky_002_combo_l_driver final","cat":"step","ph":"X","ts":127556,"dur":1,"pid":1,"tid":0},
{"name":"ProviderMatrix /Biped/Rig/Joints/hips_bind/spine_0_bind/spine_1_bind/spine_2_bind/spine_3_bind/spine_4_bind/spine_5_bind/chest_bind/clavicle_l_bind/shoulder_l_bind/elbow_l_bind/wrist_l_bind/thumbCup_l_bind final","cat":"step","ph":"X","ts":127557,"dur":1,"pid":1,"tid":0},
{"name":"ProviderMatrix /Biped/Rig/Joints/hips_bind/spine_0_bind/spine_1_bind/spine_2_bind/spine_3_bind/spine_4_bind/spine_5_bind/chest_bind/clavicle_r_bind/shoulder_combo_r_driver final","cat":"step","ph":"X","ts":127558,"dur":1,"pid":1,"tid":0},
{"name":"ProviderMatrix /Biped/Rig/Joints/hips_bind/spine_0_bind/spine_1_bind/spine_2_bind/spine_3_bind/spine_4_bind/spine_5_bind/chest_bind/clavicle_r_bind/shoulder_r_bind/elbow_r_bind/wrist_r_bind/index_001_r_bind/index_002_r_bind final","cat":"step","ph":"X","ts":127559,"dur":1,"pid":1,"tid":0},
{"name":"ProviderMatrix /Biped/Rig/Joints/hips_bind/spine_0_bind/spine_1_bind/spine_2_bind/spine_3_bind/spine_4_bind/spine_5_bind/chest_bind/clavicle_r_bind/shoulder_r_bind/elbow_r_bind/wrist_r_bind/pinkyCup_r_bind/pinky_001_r_bind final","cat":"step","ph":"X","ts":127560,"dur":1,"pid":1,"tid":0},
{"name":"ProviderMatrix /Biped/Rig/Joints/hips_bind/spine_0_bind/spine_1_bind/spine_2_bind/spine_3_bind/spine_4_bind/spine_5_bind/chest_bind/clavicle_r_bind/shoulder_r_bind/elbow_r_bind/wrist_r_bind/ring_001_r_bind/ring_002_r_bind/ring_003_r_bind/ring_004_r_bind/ring_005_r_bind final","cat":"step","ph":"X","ts":127561,"dur":1,"pid":1,"tid":0},
{"name":"ProviderMatrix /Biped/Rig/Joints/hips_bind/spine_0_bind/spine_1_bind/spine_2_bind/spine_3_bind/spine_4_bind/spine_5_bind/chest_bind/neck_base_bind/neck_0_bind/neck_1_bind/neck_2_bind final","cat":"step","ph":"X","ts":127562,"dur":1,"pid":1,"tid":0},
{"name":"ProviderMatrix /Biped/Rig/Joints/hips_bind/spine_0_bind/spine_1_bind/spine_2_bind/spine_3_bind/spine_4_bind/spine_5_bind/chest_bind/neck_base_bind/neck_0_bind/neck_1_bind/neck_2_bind/neck_3_bind/skull_bind/face_lower_bind/jaw_bind/teeth_lower_bind final","cat":"step","ph":"X","ts":127563,"dur":1,"pid":1,"tid":0},
{"name":"ProviderMatrix /Biped/Rig/Joints/hips_bind/spine_0_bind/spine_1_bind/spine_2_bind/spine_3_bind/spine_4_bind/spine_5_bind/chest_bind/neck_base_bind/neck_0_bind/neck_1_bind/neck_2_bind/neck_3_bind/skull_bind/face_upper_bind/head_tip_bind final","cat":"step","ph":"X","ts":127564,"dur":1,"pid":1,"tid":0},
{"name":"ProviderMatrix /Biped/Rig/Joints/neck_ik_neck_0_bind/neck_ik_neck_1_bind final","cat":"step","ph":"X","ts":127565,"dur":1,"pid":1,"tid":0},
{"name":"ProviderMatrix /Biped/Rig/Joints/spine_ik_spine_0_bind/spine_ik_spine_1_bind/spine_ik_spine_2_bind final","cat":"step","ph":"X","ts":127566,"dur":1,"pid":1,"tid":0},
{"name":"InfluenceFold /Biped/Rig/Movers/skin_body_geo/body_geo_skin","cat":"step","ph":"X","ts":127567,"dur":23,"pid":1,"tid":0},
{"name":"RevisionChunk /Biped/Rig/Movers/skin_body_geo/body_geo_skin","cat":"step","ph":"X","ts":127590,"dur":299,"pid":1,"tid":0},
{"name":"RevisionFuse /Biped/Rig/Movers/skin_body_geo/body_geo_skin","cat":"step","ph":"X","ts":127889,"dur":3,"pid":1,"tid":0},
{"name":"ChainStatus /Biped/Geom/body_geo.points","cat":"step","ph":"X","ts":127892,"dur":24,"pid":1,"tid":0},
{"name":"Derived /Biped/Geom/body_geo.extent","cat":"step","ph":"X","ts":127916,"dur":180,"pid":1,"tid":0},
{"name":"BakedPublish","cat":"baked","ph":"X","ts":128174,"dur":68,"pid":1,"tid":0},
{"name":"BakedEpilogue","cat":"baked","ph":"X","ts":128099,"dur":151,"pid":1,"tid":0},
{"name":"Baked","cat":"baked","ph":"X","ts":126905,"dur":1346,"pid":1,"tid":0},
{"name":"Evaluate.Run","cat":"evaluate","ph":"X","ts":126905,"dur":1346,"pid":1,"tid":0},
{"name":"Evaluate@4","cat":"evaluate","ph":"X","ts":126903,"dur":1349,"pid":1,"tid":0},
{"name":"Evaluate.Settle","cat":"evaluate","ph":"X","ts":128272,"dur":0,"pid":1,"tid":0},
{"name":"Evaluate.PlaceOverrides","cat":"evaluate","ph":"X","ts":128273,"dur":0,"pid":1,"tid":0},
{"name":"PropertyChains","cat":"property","ph":"X","ts":128277,"dur":8,"pid":1,"tid":0},
{"name":"BakedInputs","cat":"baked","ph":"X","ts":128285,"dur":12,"pid":1,"tid":0},
{"name":"BakedChainBase","cat":"geometry","ph":"X","ts":128413,"dur":2,"pid":1,"tid":0},
{"name":"BakedPrologue","cat":"baked","ph":"X","ts":128275,"dur":141,"pid":1,"tid":0},
{"name":"BakedRegion","cat":"baked","ph":"X","ts":128416,"dur":1068,"pid":1,"tid":0},
{"name":"ComposeSubtree /Biped/Rig/Controls/arm_l_ik","cat":"step","ph":"X","ts":128449,"dur":2,"pid":1,"tid":0},
{"name":"ComposeSubtree /Biped/Rig/Controls/arm_l_pv","cat":"step","ph":"X","ts":128451,"dur":1,"pid":1,"tid":0},
{"name":"ComposeSubtree /Biped/Rig/Controls/hips_ctl","cat":"step","ph":"X","ts":128452,"dur":1,"pid":1,"tid":0},
{"name":"ComposeSubtree /Biped/Rig/Controls/hips_ctl/spine_root_pivot/spine_root_ctl/pelvis_l_ctl/leg_l_root/leg_l_fk_thigh_l_bind/leg_l_fk_knee_l_bind","cat":"step","ph":"X","ts":128453,"dur":1,"pid":1,"tid":0},
{"name":"ComposeSubtree /Biped/Rig/Controls/hips_ctl/torso_ctl","cat":"step","ph":"X","ts":128454,"dur":1,"pid":1,"tid":0},
{"name":"ComposeSubtree /Biped/Rig/Controls/hips_ctl/torso_ctl/spine_end_pivot/spine_end_ctl/clavicle_r_ctl","cat":"step","ph":"X","ts":128455,"dur":1,"pid":1,"tid":0},
{"name":"ComposeSubtree /Biped/Rig/Controls/hips_ctl/torso_ctl/spine_end_pivot/spine_end_ctl/neck_root_ctl/neck_end_pivot","cat":"step","ph":"X","ts":128456,"dur":1,"pid":1,"tid":0},
{"name":"ComposeSubtree /Biped/Rig/Controls/index_001_r_bind_fk_follow","cat":"step","ph":"X","ts":128457,"dur":1,"pid":1,"tid":0},
{"name":"ComposeSubtree /Biped/Rig/Controls/leg_l_ik/ankle_l_pivot/bankIn_l_pivot","cat":"step","ph":"X","ts":128458,"dur":1,"pid":1,"tid":0},
{"name":"ComposeSubtree /Biped/Rig/Controls/leg_l_ik/ankle_l_pivot/bankIn_l_pivot/bankOut_l_pivot/heel_l_roll/heel_l/ball_l_pivot/toe_l_roll/toe_l/ballRoll_l_up/ballRoll_l_down","cat":"step","ph":"X","ts":128459,"dur":1,"pid":1,"tid":0},
{"name":"ComposeSubtree /Biped/Rig/Controls/leg_l_ik/ankle_l_pivot/bankIn_l_pivot/bankOut_l_pivot/heel_l_roll/heel_l/ball_l_pivot/toe_l_roll/toe_l/toeBend_l/toeBend_l_fk","cat":"step","ph":"X","ts":128460,"dur":1,"pid":1,"tid":0},
{"name":"ComposeSubtree /Biped/Rig/Controls/leg_l_ik/ankle_l_pivot/bank_l","cat":"step","ph":"X","ts":128461,"dur":1,"pid":1,"tid":0},
{"name":"ComposeSubtree /Biped/Rig/Controls/leg_r_ik/ankle_r_pivot/bankIn_r_pivot/bankOut_r_pivot/heel_r_roll/heel_r","cat":"step","ph":"X","ts":128462,"dur":1,"pid":1,"tid":0},
{"name":"ComposeSubtree /Biped/Rig/Controls/leg_r_ik/ankle_r_pivot/bankIn_r_pivot/bankOut_r_pivot/heel_r_roll/heel_r/ball_r_pivot/toe_r_roll/toe_r/ballRoll_r_up/ballRoll_r_down/ballRoll_r/ball_r_ikTarget","cat":"step","ph":"X","ts":128463,"dur":1,"pid":1,"tid":0},
{"name":"ComposeSubtree /Biped/Rig/Controls/leg_r_ik/ankle_r_pivot/bankIn_r_pivot/bankOut_r_pivot/heel_r_roll/heel_r/ball_r_pivot/toe_r_roll_twin","cat":"step","ph":"X","ts":128464,"dur":1,"pid":1,"tid":0},
{"name":"ComposeSubtree /Biped/Rig/Controls/middle_001_l_bind_fk_follow/middle_001_l_bind_fk","cat":"step","ph":"X","ts":128465,"dur":1,"pid":1,"tid":0},
{"name":"ComposeSubtree /Biped/Rig/Controls/middle_001_r_bind_fk_follow/middle_001_r_bind_fk/middle_002_r_bind_fk/middle_003_r_bind_fk","cat":"step","ph":"X","ts":128466,"dur":1,"pid":1,"tid":0},
{"name":"ComposeSubtree /Biped/Rig/Controls/pinkyCup_r_bind_fk_follow","cat":"step","ph":"X","ts":128467,"dur":1,"pid":1,"tid":0},
{"name":"ComposeSubtree /Biped/Rig/Controls/ring_001_l_bind_fk_follow/ring_001_l_bind_fk/ring_002_l_bind_fk","cat":"step","ph":"X","ts":128468,"dur":1,"pid":1,"tid":0},
{"name":"ComposeSubtree /Biped/Rig/Controls/spine_mid_follow","cat":"step","ph":"X","ts":128469,"dur":1,"pid":1,"tid":0},
{"name":"ComposeSubtree /Biped/Rig/Controls/thumbCup_r_bind_fk_follow","cat":"step","ph":"X","ts":128470,"dur":1,"pid":1,"tid":0},
{"name":"ComposeSubtree /Biped/Rig/Joints/ankle_l_pivot/bankIn_l_pivot/bankOut_l_pivot/heel_l_pivot/ball_l_pivot","cat":"step","ph":"X","ts":128471,"dur":1,"pid":1,"tid":0},
{"name":"ComposeSubtree /Biped/Rig/Joints/ankle_r_pivot/bankIn_r_pivot/bankOut_r_pivot/heel_r_pivot/ball_r_pivot","cat":"step","ph":"X","ts":128472,"dur":1,"pid":1,"tid":0},
{"name":"ComposeSubtree /Biped/Rig/Joints/hips_bind/pelvis_l_bind/pelvis_trans_combo_l_driver","cat":"step","ph":"X","ts":128473,"dur":1,"pid":1,"tid":0},
{"name":"ComposeSubtree /Biped/Rig/Joints/hips_bind/pelvis_l_bind/thigh_l_bind/knee_l_bind/ankleTwist_l_bind","cat":"step","ph":"X","ts":128474,"dur":1,"pid":1,"tid":0},
{"name":"ComposeSubtree /Biped/Rig/Joints/hips_bind/pelvis_l_bind/thigh_l_bind/knee_l_bind/ankle_l_bind/ball_l_bind/toe2_001_l_bind","cat":"step","ph":"X","ts":128475,"dur":1,"pid":1,"tid":0},
{"name":"ComposeSubtree /Biped/Rig/Joints/hips_bind/pelvis_l_bind/thigh_l_bind/knee_l_bind/ankle_l_bind/ball_l_bind/toe4_001_l_bind","cat":"step","ph":"X","ts":128476,"dur":1,"pid":1,"tid":0},
{"name":"ComposeSubtree /Biped/Rig/Joints/hips_bind/pelvis_l_bind/thigh_l_bind/knee_l_bind/ankle_l_bind/ball_l_bind/toe_l_bind","cat":"step","ph":"X","ts":128477,"dur":1,"pid":1,"tid":0},
{"name":"ComposeSubtree /Biped/Rig/Joints/hips_bind/pelvis_r_bind/pelvis_trans_r_bind/thigh_r_driver","cat":"step","ph":"X","ts":128478,"dur":1,"pid":1,"tid":0},
{"name":"ComposeSubtree /Biped/Rig/Joints/hips_bind/pelvis_r_bind/thigh_r_bind/knee_r_bind/ankle_r_bind/ball_r_bind","cat":"step","ph":"X","ts":128479,"dur":1,"pid":1,"tid":0},
{"name":"ComposeSubtree /Biped/Rig/Joints/hips_bind/pelvis_r_bind/thigh_r_bind/knee_r_bind/ankle_r_bind/ball_r_bind/toe2_001_r_bind","cat":"step","ph":"X","ts":128480,"dur":1,"pid":1,"tid":0},
{"name":"ComposeSubtree /Biped/Rig/Joints/hips_bind/pelvis_r_bind/thigh_r_bind/knee_r_bind/ankle_r_bind/ball_r_bind/toe4_001_r_bind","cat":"step","ph":"X","ts":128481,"dur":1,"pid":1,"tid":0},
{"name":"ComposeSubtree /Biped/Rig/Joints/hips_bind/pelvis_r_bind/thigh_r_bind/knee_r_bind/ankle_r_bind/ball_r_bind/toe_r_bind","cat":"step","ph":"X","ts":128482,"dur":1,"pid":1,"tid":0},
{"name":"ComposeSubtree /Biped/Rig/Joints/hips_bind/spine_0_bind/spine_1_bind/spine_2_bind/spine_3_bind/spine_4_bind","cat":"step","ph":"X","ts":128483,"dur":1,"pid":1,"tid":0},
{"name":"ComposeSubtree /Biped/Rig/Joints/hips_bind/spine_0_bind/spine_1_bind/spine_2_bind/spine_3_bind/spine_4_bind/spine_5_bind/chest_bind/clavicle_l_bind/shoulderNoTwist_l_bind","cat":"step","ph":"X","ts":128484,"dur":1,"pid":1,"tid":0},
{"name":"ComposeSubtree /Biped/Rig/Joints/hips_bind/spine_0_bind/spine_1_bind/spine_2_bind/spine_3_bind/spine_4_bind/spine_5_bind/chest_bind/clavicle_l_bind/shoulder_l_bind/elbow_l_bind/wristTwist_l_driver","cat":"step","ph":"X","ts":128485,"dur":1,"pid":1,"tid":0},
{"name":"ComposeSubtree /Biped/Rig/Joints/hips_bind/spine_0_bind/spine_1_bind/spine_2_bind/spine_3_bind/spine_4_bind/spine_5_bind/chest_bind/clavicle_l_bind/shoulder_l_bind/elbow_l_bind/wrist_l_bind/middle_001_l_bind","cat":"step","ph":"X","ts":128486,"dur":1,"pid":1,"tid":0},
{"name":"ComposeSubtree /Biped/Rig/Joints/hips_bind/spine_0_bind/spine_1_bind/spine_2_bind/spine_3_bind/spine_4_bind/spine_5_bind/chest_bind/clavicle_l_bind/shoulder_l_bind/elbow_l_bind/wrist_l_bind/pinkyCup_l_bind/pinky_001_l_bind/pinky_002_combo_l_driver","cat":"step","ph":"X","ts":128487,"dur":1,"pid":1,"tid":0},
{"name":"ComposeSubtree /Biped/Rig/Joints/hips_bind/spine_0_bind/spine_1_bind/spine_2_bind/spine_3_bind/spine_4_bind/spine_5_bind/chest_bind/clavicle_l_bind/shoulder_l_bind/elbow_l_bind/wrist_l_bind/ring_001_l_bind/ring_002_l_bind/ring_003_l_bind/ring_004_l_bind","cat":"step","ph":"X","ts":128488,"dur":1,"pid":1,"tid":0},
{"name":"ComposeSubtree /Biped/Rig/Joints/hips_bind/spine_0_bind/spine_1_bind/spine_2_bind/spine_3_bind/spine_4_bind/spine_5_bind/chest_bind/clavicle_r_bind","cat":"step","ph":"X","ts":128489,"dur":1,"pid":1,"tid":0},
{"name":"ComposeSubtree /Biped/Rig/Joints/hips_bind/spine_0_bind/spine_1_bind/spine_2_bind/spine_3_bind/spine_4_bind/spine_5_bind/chest_bind/clavicle_r_bind/shoulder_r_bind/elbow_r_bind/elbowTwist_r_bind","cat":"step","ph":"X","ts":128490,"dur":1,"pid":1,"tid":0},
{"name":"ComposeSubtree /Biped/Rig/Joints/hips_bind/spine_0_bind/spine_1_bind/spine_2_bind/spine_3_bind/spine_4_bind/spine_5_bind/chest_bind/clavicle_r_bind/shoulder_r_bind/elbow_r_bind/wrist_r_bind/index_001_r_bind/index_002_r_bind","cat":"step","ph":"X","ts":128491,"dur":1,"pid":1,"tid":0},
{"name":"ComposeSubtree /Biped/Rig/Joints/hips_bind/spine_0_bind/spine_1_bind/spine_2_bind/spine_3_bind/spine_4_bind/spine_5_bind/chest_bind/clavicle_r_bind/shoulder_r_bind/elbow_r_bind/wrist_r_bind/middle_001_r_bind/middle_002_r_bind/middle_003_r_bind/middle_004_r_bind","cat":"step","ph":"X","ts":128492,"dur":1,"pid":1,"tid":0},
{"name":"ComposeSubtree /Biped/Rig/Joints/hips_bind/spine_0_bind/spine_1_bind/spine_2_bind/spine_3_bind/spine_4_bind/spine_5_bind/chest_bind/clavicle_r_bind/shoulder_r_bind/elbow_r_bind/wrist_r_bind/ring_001_r_bind","cat":"step","ph":"X","ts":128493,"dur":1,"pid":1,"tid":0},
{"name":"ComposeSubtree /Biped/Rig/Joints/hips_bind/spine_0_bind/spine_1_bind/spine_2_bind/spine_3_bind/spine_4_bind/spine_5_bind/chest_bind/clavicle_r_bind/shoulder_r_bind/elbow_r_bind/wrist_r_bind/thumbCup_r_bind","cat":"step","ph":"X","ts":128494,"dur":1,"pid":1,"tid":0},
{"name":"ComposeSubtree /Biped/Rig/Joints/hips_bind/spine_0_bind/spine_1_bind/spine_2_bind/spine_3_bind/spine_4_bind/spine_5_bind/chest_bind/neck_base_bind/neck_0_bind/neck_1_bind/neck_2_bind/neck_3_bind","cat":"step","ph":"X","ts":128495,"dur":1,"pid":1,"tid":0},
{"name":"ComposeSubtree /Biped/Rig/Joints/hips_bind/spine_0_bind/spine_1_bind/spine_2_bind/spine_3_bind/spine_4_bind/spine_5_bind/chest_bind/neck_base_bind/neck_0_bind/neck_1_bind/neck_2_bind/neck_3_bind/skull_bind/face_lower_bind/face_mid_bind/teeth_upper_bind","cat":"step","ph":"X","ts":128496,"dur":1,"pid":1,"tid":0},
{"name":"ComposeSubtree /Biped/Rig/Joints/hips_bind/spine_0_bind/spine_1_bind/spine_2_bind/spine_3_bind/spine_4_bind/spine_5_bind/chest_bind/neck_base_bind/neck_0_bind/neck_1_bind/neck_2_bind/neck_3_bind/skull_bind/face_lower_bind/jaw_bind/tongue_0_bind/tongue_1_bind/tongue_2_bind/tongue_3_bind","cat":"step","ph":"X","ts":128497,"dur":1,"pid":1,"tid":0},
{"name":"ComposeSubtree /Biped/Rig/Joints/hips_bind/spine_0_bind/spine_1_bind/spine_2_bind/spine_3_bind/spine_4_bind/spine_5_bind/chest_bind/neck_base_bind/neck_0_bind/neck_1_bind/neck_2_bind/neck_3_bind/skull_bind/face_upper_bind/head_tip_bind","cat":"step","ph":"X","ts":128498,"dur":1,"pid":1,"tid":0},
{"name":"ComposeSubtree /Biped/Rig/Joints/neck_ik_neck_0_bind/neck_ik_neck_1_bind","cat":"step","ph":"X","ts":128499,"dur":1,"pid":1,"tid":0},
{"name":"ComposeSubtree /Biped/Rig/Joints/spine_ik_spine_0_bind/spine_ik_spine_1_bind/spine_ik_spine_2_bind/spine_ik_spine_3_bind/spine_ik_spine_4_bind","cat":"step","ph":"X","ts":128500,"dur":1,"pid":1,"tid":0},
{"name":"Solve /Biped/Rig/Solvers/arm_l_fkChain","cat":"step","ph":"X","ts":128501,"dur":1,"pid":1,"tid":0},
{"name":"SolverCommit batch 0","cat":"step","ph":"X","ts":128502,"dur":1,"pid":1,"tid":0},
{"name":"Solve /Biped/Rig/Solvers/arm_l_twoBoneIk","cat":"step","ph":"X","ts":128503,"dur":1,"pid":1,"tid":0},
{"name":"Solve /Biped/Rig/Solvers/arm_r_twoBoneIk","cat":"step","ph":"X","ts":128504,"dur":1,"pid":1,"tid":0},
{"name":"Solve /Biped/Rig/Solvers/leg_r_fkChain","cat":"step","ph":"X","ts":128505,"dur":1,"pid":1,"tid":0},
{"name":"Solve /Biped/Rig/Solvers/neck_splineIk","cat":"step","ph":"X","ts":128506,"dur":8,"pid":1,"tid":0},
{"name":"SolverCommit batch 6","cat":"step","ph":"X","ts":128514,"dur":1,"pid":1,"tid":0},
{"name":"Solve /Biped/Rig/Solvers/spine_splineIk","cat":"step","ph":"X","ts":128515,"dur":7,"pid":1,"tid":0},
{"name":"Solve /Biped/Rig/Solvers/arm_r_ikfk","cat":"step","ph":"X","ts":128522,"dur":1,"pid":1,"tid":0},
{"name":"SolverCommit batch 8","cat":"step","ph":"X","ts":128523,"dur":2,"pid":1,"tid":0},
{"name":"SolverCommit batch 9","cat":"step","ph":"X","ts":128525,"dur":1,"pid":1,"tid":0},
{"name":"Constraint /Biped/Rig/Movers/spine_mid_follow/spine_mid_follow_pos","cat":"step","ph":"X","ts":128526,"dur":7,"pid":1,"tid":0},
{"name":"Solve /Biped/Rig/Solvers/fk_thumb_r","cat":"step","ph":"X","ts":128533,"dur":1,"pid":1,"tid":0},
{"name":"SolverCommit batch 11","cat":"step","ph":"X","ts":128534,"dur":1,"pid":1,"tid":0},
{"name":"Solve /Biped/Rig/Solvers/fk_ring_r","cat":"step","ph":"X","ts":128535,"dur":1,"pid":1,"tid":0},
{"name":"Solve /Biped/Rig/Solvers/fk_pinky_r","cat":"step","ph":"X","ts":128536,"dur":2,"pid":1,"tid":0},
{"name":"Solve /Biped/Rig/Solvers/fk_middle_r","cat":"step","ph":"X","ts":128538,"dur":1,"pid":1,"tid":0},
{"name":"SolverCommit batch 14","cat":"step","ph":"X","ts":128539,"dur":1,"pid":1,"tid":0},
{"name":"SolverCommit batch 15","cat":"step","ph":"X","ts":128540,"dur":1,"pid":1,"tid":0},
{"name":"Solve /Biped/Rig/Solvers/fk_thumb_l","cat":"step","ph":"X","ts":128541,"dur":1,"pid":1,"tid":0},
{"name":"Solve /Biped/Rig/Solvers/fk_ring_l","cat":"step","ph":"X","ts":128542,"dur":1,"pid":1,"tid":0},
{"name":"Solve /Biped/Rig/Solvers/fk_pinky_l","cat":"step","ph":"X","ts":128543,"dur":1,"pid":1,"tid":0},
{"name":"SolverCommit batch 18","cat":"step","ph":"X","ts":128544,"dur":1,"pid":1,"tid":0},
{"name":"SolverCommit batch 19","cat":"step","ph":"X","ts":128545,"dur":1,"pid":1,"tid":0},
{"name":"Solve /Biped/Rig/Solvers/fk_index_l","cat":"step","ph":"X","ts":128546,"dur":1,"pid":1,"tid":0},
{"name":"Constraint /Biped/Rig/Movers/spine_mid_follow/spine_mid_follow_aim","cat":"step","ph":"X","ts":128547,"dur":3,"pid":1,"tid":0},
{"name":"Constraint /Biped/Rig/Movers/hand_r_follow/thumbCup_r_bind_fk_follow_to_wrist_r_bind","cat":"step","ph":"X","ts":128550,"dur":3,"pid":1,"tid":0},
{"name":"Constraint /Biped/Rig/Movers/hand_r_follow/ring_001_r_bind_fk_follow_to_wrist_r_bind","cat":"step","ph":"X","ts":128553,"dur":3,"pid":1,"tid":0},
{"name":"Constraint /Biped/Rig/Movers/hand_r_follow/pinkyCup_r_bind_fk_follow_to_wrist_r_bind","cat":"step","ph":"X","ts":128556,"dur":2,"pid":1,"tid":0},
{"name":"Constraint /Biped/Rig/Movers/hand_r_follow/middle_001_r_bind_fk_follow_to_wrist_r_bind","cat":"step","ph":"X","ts":128558,"dur":3,"pid":1,"tid":0},
{"name":"Constraint /Biped/Rig/Movers/hand_r_follow/index_001_r_bind_fk_follow_to_wrist_r_bind","cat":"step","ph":"X","ts":128561,"dur":2,"pid":1,"tid":0},
{"name":"Constraint /Biped/Rig/Movers/hand_l_follow/thumbCup_l_bind_fk_follow_to_wrist_l_bind","cat":"step","ph":"X","ts":128563,"dur":3,"pid":1,"tid":0},
{"name":"Constraint /Biped/Rig/Movers/hand_l_follow/ring_001_l_bind_fk_follow_to_wrist_l_bind","cat":"step","ph":"X","ts":128566,"dur":2,"pid":1,"tid":0},
{"name":"Constraint /Biped/Rig/Movers/hand_l_follow/pinkyCup_l_bind_fk_follow_to_wrist_l_bind","cat":"step","ph":"X","ts":128568,"dur":3,"pid":1,"tid":0},
{"name":"Constraint /Biped/Rig/Movers/hand_l_follow/middle_001_l_bind_fk_follow_to_wrist_l_bind","cat":"step","ph":"X","ts":128571,"dur":2,"pid":1,"tid":0},
{"name":"Constraint /Biped/Rig/Movers/hand_l_follow/index_001_l_bind_fk_follow_to_wrist_l_bind","cat":"step","ph":"X","ts":128573,"dur":2,"pid":1,"tid":0},
{"name":"Constraint /Biped/Rig/Movers/bankIn_r_pivot_rc/bankIn_r_pivot_rotation","cat":"step","ph":"X","ts":128575,"dur":2,"pid":1,"tid":0},
{"name":"Constraint /Biped/Rig/Movers/heel_r_roll_rc/heel_r_roll_rotation","cat":"step","ph":"X","ts":128577,"dur":1,"pid":1,"tid":0},
{"name":"Constraint /Biped/Rig/Movers/ballRoll_r_down_rc/ballRoll_r_down_rotation","cat":"step","ph":"X","ts":128578,"dur":1,"pid":1,"tid":0},
{"name":"Solve /Biped/Rig/Solvers/leg_r_ikfk","cat":"step","ph":"X","ts":128579,"dur":1,"pid":1,"tid":0},
{"name":"SolverCommit batch 39","cat":"step","ph":"X","ts":128580,"dur":4,"pid":1,"tid":0},
{"name":"Constraint /Biped/Rig/Movers/ankle_r_bind_scAim/ankle_r_bind_aim","cat":"step","ph":"X","ts":128584,"dur":4,"pid":1,"tid":0},
{"name":"Constraint /Biped/Rig/Movers/ball_r_bind_scAim/ball_r_bind_aim","cat":"step","ph":"X","ts":128588,"dur":3,"pid":1,"tid":0},
{"name":"Constraint /Biped/Rig/Movers/bankIn_l_pivot_rc/bankIn_l_pivot_rotation","cat":"step","ph":"X","ts":128591,"dur":1,"pid":1,"tid":0},
{"name":"Constraint /Biped/Rig/Movers/heel_l_roll_rc/heel_l_roll_rotation","cat":"step","ph":"X","ts":128592,"dur":1,"pid":1,"tid":0},
{"name":"Constraint /Biped/Rig/Movers/ballRoll_l_down_rc/ballRoll_l_down_rotation","cat":"step","ph":"X","ts":128593,"dur":1,"pid":1,"tid":0},
{"name":"SolverCommit batch 49","cat":"step","ph":"X","ts":128594,"dur":4,"pid":1,"tid":0},
{"name":"Constraint /Biped/Rig/Movers/ankle_l_bind_scAim/ankle_l_bind_aim","cat":"step","ph":"X","ts":128598,"dur":4,"pid":1,"tid":0},
{"name":"Constraint /Biped/Rig/Movers/ball_l_bind_scAim/ball_l_bind_aim","cat":"step","ph":"X","ts":128602,"dur":3,"pid":1,"tid":0},
{"name":"Constraint /Biped/Rig/Movers/hips_follow/spine_root_ctl_drives_hips_bind","cat":"step","ph":"X","ts":128605,"dur":2,"pid":1,"tid":0},
{"name":"PropagateChunk /Biped/Rig/Movers/hips_follow/spine_root_ctl_drives_hips_bind","cat":"step","ph":"X","ts":128607,"dur":4,"pid":1,"tid":0},
{"name":"CommitApply /Biped/Rig/Movers/hips_follow/spine_root_ctl_drives_hips_bind","cat":"step","ph":"X","ts":128611,"dur":1,"pid":1,"tid":0},
{"name":"Constraint /Biped/Rig/Movers/hips_follow/spine_root_ctl_scales_hips_bind","cat":"step","ph":"X","ts":128612,"dur":1,"pid":1,"tid":0},
{"name":"PropagateChunk /Biped/Rig/Movers/hips_follow/spine_root_ctl_scales_hips_bind","cat":"step","ph":"X","ts":128613,"dur":4,"pid":1,"tid":0},
{"name":"PropagateChunk /Biped/Rig/Movers/hips_follow/spine_root_ctl_scales_hips_bind","cat":"step","ph":"X","ts":128617,"dur":1,"pid":1,"tid":0},
{"name":"Constraint /Biped/Rig/Movers/spine_to_bind/spine_ik_spine_0_bind_scale_to_spine_0_bind","cat":"step","ph":"X","ts":128618,"dur":5,"pid":1,"tid":0},
{"name":"Constraint /Biped/Rig/Movers/spine_to_bind/spine_ik_spine_0_bind_to_spine_0_bind","cat":"step","ph":"X","ts":128623,"dur":5,"pid":1,"tid":0},
{"name":"Constraint /Biped/Rig/Movers/spine_to_bind/spine_ik_spine_1_bind_scale_to_spine_1_bind","cat":"step","ph":"X","ts":128628,"dur":5,"pid":1,"tid":0},
{"name":"Constraint /Biped/Rig/Movers/spine_to_bind/spine_ik_spine_1_bind_to_spine_1_bind","cat":"step","ph":"X","ts":128633,"dur":5,"pid":1,"tid":0},
{"name":"Constraint /Biped/Rig/Movers/spine_to_bind/spine_ik_spine_2_bind_scale_to_spine_2_bind","cat":"step","ph":"X","ts":128638,"dur":4,"pid":1,"tid":0},
{"name":"Constraint /Biped/Rig/Movers/spine_to_bind/spine_ik_spine_2_bind_to_spine_2_bind","cat":"step","ph":"X","ts":128642,"dur":5,"pid":1,"tid":0},
{"name":"Constraint /Biped/Rig/Movers/spine_to_bind/spine_ik_spine_3_bind_scale_to_spine_3_bind","cat":"step","ph":"X","ts":128647,"dur":4,"pid":1,"tid":0},
{"name":"Constraint /Biped/Rig/Movers/spine_to_bind/spine_ik_spine_3_bind_to_spine_3_bind","cat":"step","ph":"X","ts":128651,"dur":5,"pid":1,"tid":0},
{"name":"Constraint /Biped/Rig/Movers/spine_to_bind/spine_ik_spine_4_bind_scale_to_spine_4_bind","cat":"step","ph":"X","ts":128656,"dur":4,"pid":1,"tid":0},
{"name":"Constraint /Biped/Rig/Movers/spine_to_bind/spine_ik_spine_4_bind_to_spine_4_bind","cat":"step","ph":"X","ts":128660,"dur":5,"pid":1,"tid":0},
{"name":"Constraint /Biped/Rig/Movers/spine_to_bind/spine_ik_spine_5_bind_scale_to_spine_5_bind","cat":"step","ph":"X","ts":128665,"dur":3,"pid":1,"tid":0},
{"name":"Constraint /Biped/Rig/Movers/spine_to_bind/spine_ik_spine_5_bind_to_spine_5_bind","cat":"step","ph":"X","ts":128668,"dur":5,"pid":1,"tid":0},
{"name":"Constraint /Biped/Rig/Movers/spine_to_bind/spine_ik_chest_bind_scale_to_chest_bind","cat":"step","ph":"X","ts":128673,"dur":4,"pid":1,"tid":0},
{"name":"Constraint /Biped/Rig/Movers/spine_to_bind/spine_ik_chest_bind_to_chest_bind","cat":"step","ph":"X","ts":128677,"dur":5,"pid":1,"tid":0},
{"name":"Constraint /Biped/Rig/Movers/girdles/spine_end_ctl_drives_chest_bind","cat":"step","ph":"X","ts":128682,"dur":4,"pid":1,"tid":0},
{"name":"Constraint /Biped/Rig/Movers/girdles/pelvis_r_ctl_drives_pelvis_r_bind","cat":"step","ph":"X","ts":128686,"dur":1,"pid":1,"tid":0},
{"name":"Constraint /Biped/Rig/Movers/girdles/pelvis_l_ctl_drives_pelvis_l_bind","cat":"step","ph":"X","ts":128687,"dur":1,"pid":1,"tid":0},
{"name":"Constraint /Biped/Rig/Movers/girdles/clavicle_r_ctl_drives_clavicle_r_bind","cat":"step","ph":"X","ts":128688,"dur":1,"pid":1,"tid":0},
{"name":"Constraint /Biped/Rig/Movers/girdles/clavicle_l_ctl_drives_clavicle_l_bind","cat":"step","ph":"X","ts":128689,"dur":1,"pid":1,"tid":0},
{"name":"Constraint /Biped/Rig/Movers/girdles/spine_end_ctl_unsquashes_neck_base_bind","cat":"step","ph":"X","ts":128690,"dur":3,"pid":1,"tid":0},
{"name":"Constraint /Biped/Rig/Movers/girdles/clavicle_r_ctl_unsquashes_clavicle_r_bind","cat":"step","ph":"X","ts":128693,"dur":2,"pid":1,"tid":0},
{"name":"Constraint /Biped/Rig/Movers/girdles/clavicle_l_ctl_unsquashes_clavicle_l_bind","cat":"step","ph":"X","ts":128695,"dur":1,"pid":1,"tid":0},
{"name":"Constraint /Biped/Rig/Movers/neck_to_bind/neck_ik_neck_0_bind_scale_to_neck_0_bind","cat":"step","ph":"X","ts":128696,"dur":4,"pid":1,"tid":0},
{"name":"Constraint /Biped/Rig/Movers/neck_to_bind/neck_ik_neck_0_bind_to_neck_0_bind","cat":"step","ph":"X","ts":128700,"dur":3,"pid":1,"tid":0},
{"name":"Constraint /Biped/Rig/Movers/neck_to_bind/neck_ik_neck_1_bind_scale_to_neck_1_bind","cat":"step","ph":"X","ts":128703,"dur":3,"pid":1,"tid":0},
{"name":"Constraint /Biped/Rig/Movers/neck_to_bind/neck_ik_neck_1_bind_to_neck_1_bind","cat":"step","ph":"X","ts":128706,"dur":4,"pid":1,"tid":0},
{"name":"Constraint /Biped/Rig/Movers/neck_to_bind/neck_ik_neck_2_bind_scale_to_neck_2_bind","cat":"step","ph":"X","ts":128710,"dur":3,"pid":1,"tid":0},
{"name":"Constraint /Biped/Rig/Movers/neck_to_bind/neck_ik_neck_2_bind_to_neck_2_bind","cat":"step","ph":"X","ts":128713,"dur":3,"pid":1,"tid":0},
{"name":"Constraint /Biped/Rig/Movers/neck_to_bind/neck_ik_neck_3_bind_scale_to_neck_3_bind","cat":"step","ph":"X","ts":128716,"dur":3,"pid":1,"tid":0},
{"name":"Constraint /Biped/Rig/Movers/neck_to_bind/neck_ik_neck_3_bind_to_neck_3_bind","cat":"step","ph":"X","ts":128719,"dur":4,"pid":1,"tid":0},
{"name":"Constraint /Biped/Rig/Movers/neck_to_bind/neck_ik_skull_bind_scale_to_skull_bind","cat":"step","ph":"X","ts":128723,"dur":2,"pid":1,"tid":0},
{"name":"Constraint /Biped/Rig/Movers/neck_to_bind/neck_ik_skull_bind_to_skull_bind","cat":"step","ph":"X","ts":128725,"dur":4,"pid":1,"tid":0},
{"name":"Constraint /Biped/Rig/Movers/twist_aims/wristTwist_r_bind_copy","cat":"step","ph":"X","ts":128729,"dur":2,"pid":1,"tid":0},
{"name":"Constraint /Biped/Rig/Movers/twist_aims/wristTwist_r_bind_aim","cat":"step","ph":"X","ts":128731,"dur":2,"pid":1,"tid":0},
{"name":"Constraint /Biped/Rig/Movers/twist_aims/wristTwist_l_bind_copy","cat":"step","ph":"X","ts":128733,"dur":2,"pid":1,"tid":0},
{"name":"Constraint /Biped/Rig/Movers/twist_aims/wristTwist_l_bind_aim","cat":"step","ph":"X","ts":128735,"dur":2,"pid":1,"tid":0},
{"name":"Constraint /Biped/Rig/Movers/twist_aims/ankleTwist_r_bind_copy","cat":"step","ph":"X","ts":128737,"dur":1,"pid":1,"tid":0},
{"name":"Constraint /Biped/Rig/Movers/twist_aims/ankleTwist_r_bind_aim","cat":"step","ph":"X","ts":128738,"dur":2,"pid":1,"tid":0},
{"name":"Constraint /Biped/Rig/Movers/twist_aims/ankleTwist_l_bind_copy","cat":"step","ph":"X","ts":128740,"dur":2,"pid":1,"tid":0},
{"name":"Constraint /Biped/Rig/Movers/twist_aims/ankleTwist_l_bind_aim","cat":"step","ph":"X","ts":128742,"dur":2,"pid":1,"tid":0},
{"name":"Constraint /Biped/Rig/Movers/twist_aims/ankleTwist_l_bind_follows_ankle_l_bind","cat":"step","ph":"X","ts":128744,"dur":1,"pid":1,"tid":0},
{"name":"Constraint /Biped/Rig/Movers/twist_aims/wristTwist_l_bind_follows_wrist_l_bind","cat":"step","ph":"X","ts":128745,"dur":1,"pid":1,"tid":0},
{"name":"Constraint /Biped/Rig/Movers/twist_aims/thighNoTwist_l_bind_follows_thigh_l_bind","cat":"step","ph":"X","ts":128746,"dur":1,"pid":1,"tid":0},
{"name":"Constraint /Biped/Rig/Movers/twist_aims/pelvis_trans_r_bind_follows_thigh_r_bind","cat":"step","ph":"X","ts":128747,"dur":1,"pid":1,"tid":0},
{"name":"Constraint /Biped/Rig/Movers/twist_aims/clavicle_trans_r_bind_follows_shoulder_r_bind","cat":"step","ph":"X","ts":128748,"dur":1,"pid":1,"tid":0},
{"name":"Constraint /Biped/Rig/Movers/twist_aims/pelvis_trans_r_bind_aim","cat":"step","ph":"X","ts":128749,"dur":2,"pid":1,"tid":0},
{"name":"Constraint /Biped/Rig/Movers/twist_aims/pelvis_trans_l_bind_aim","cat":"step","ph":"X","ts":128751,"dur":2,"pid":1,"tid":0},
{"name":"Constraint /Biped/Rig/Movers/twist_aims/kneeTwist_r_bind_aim","cat":"step","ph":"X","ts":128753,"dur":1,"pid":1,"tid":0},
{"name":"Constraint /Biped/Rig/Movers/twist_aims/kneeTwist_l_bind_aim","cat":"step","ph":"X","ts":128754,"dur":2,"pid":1,"tid":0},
{"name":"Constraint /Biped/Rig/Movers/twist_aims/thighNoTwist_r_bind_aim","cat":"step","ph":"X","ts":128756,"dur":2,"pid":1,"tid":0},
{"name":"Constraint /Biped/Rig/Movers/twist_aims/thighNoTwist_l_bind_aim","cat":"step","ph":"X","ts":128758,"dur":2,"pid":1,"tid":0},
{"name":"Constraint /Biped/Rig/Movers/twist_aims/clavicle_trans_r_bind_aim","cat":"step","ph":"X","ts":128760,"dur":2,"pid":1,"tid":0},
{"name":"Constraint /Biped/Rig/Movers/twist_aims/clavicle_trans_l_bind_aim","cat":"step","ph":"X","ts":128762,"dur":2,"pid":1,"tid":0},
{"name":"Constraint /Biped/Rig/Movers/twist_aims/elbowTwist_r_bind_aim","cat":"step","ph":"X","ts":128764,"dur":1,"pid":1,"tid":0},
{"name":"Constraint /Biped/Rig/Movers/twist_aims/elbowTwist_l_bind_aim","cat":"step","ph":"X","ts":128765,"dur":2,"pid":1,"tid":0},
{"name":"Constraint /Biped/Rig/Movers/twist_aims/shoulderNoTwist_r_bind_aim","cat":"step","ph":"X","ts":128767,"dur":2,"pid":1,"tid":0},
{"name":"Constraint /Biped/Rig/Movers/twist_aims/shoulderNoTwist_l_bind_aim","cat":"step","ph":"X","ts":128769,"dur":2,"pid":1,"tid":0},
{"name":"Constraint /Biped/Rig/Movers/pose_drivers/thigh_r_driver_copies_thigh_r_bind","cat":"step","ph":"X","ts":128771,"dur":2,"pid":1,"tid":0},
{"name":"Constraint /Biped/Rig/Movers/pose_drivers/thigh_l_driver_copies_thigh_l_bind","cat":"step","ph":"X","ts":128773,"dur":2,"pid":1,"tid":0},
{"name":"Constraint /Biped/Rig/Movers/pose_drivers/thigh_r_twist_driver_copies_thighNoTwist_r_bind","cat":"step","ph":"X","ts":128775,"dur":2,"pid":1,"tid":0},
{"name":"Constraint /Biped/Rig/Movers/pose_drivers/thigh_l_twist_driver_copies_thighNoTwist_l_bind","cat":"step","ph":"X","ts":128777,"dur":2,"pid":1,"tid":0},
{"name":"Constraint /Biped/Rig/Movers/pose_drivers/ankleTwist_r_driver_copies_ankleTwist_r_bind","cat":"step","ph":"X","ts":128779,"dur":2,"pid":1,"tid":0},
{"name":"Constraint /Biped/Rig/Movers/pose_drivers/ankleTwist_l_driver_copies_ankleTwist_l_bind","cat":"step","ph":"X","ts":128781,"dur":2,"pid":1,"tid":0},
{"name":"Constraint /Biped/Rig/Movers/pose_drivers/toe_r_driver_copies_ball_r_bind","cat":"step","ph":"X","ts":128783,"dur":2,"pid":1,"tid":0},
{"name":"Constraint /Biped/Rig/Movers/pose_drivers/toe_l_driver_copies_ball_l_bind","cat":"step","ph":"X","ts":128785,"dur":2,"pid":1,"tid":0},
{"name":"Constraint /Biped/Rig/Movers/pose_drivers/knee_r_driver_copies_knee_r_bind","cat":"step","ph":"X","ts":128787,"dur":2,"pid":1,"tid":0},
{"name":"Constraint /Biped/Rig/Movers/pose_drivers/knee_l_driver_copies_knee_l_bind","cat":"step","ph":"X","ts":128789,"dur":2,"pid":1,"tid":0},
{"name":"Constraint /Biped/Rig/Movers/pose_drivers/ankleSwing_r_driver_copies_ankle_r_bind","cat":"step","ph":"X","ts":128791,"dur":2,"pid":1,"tid":0},
{"name":"Constraint /Biped/Rig/Movers/pose_drivers/ankleSwing_l_driver_copies_ankle_l_bind","cat":"step","ph":"X","ts":128793,"dur":2,"pid":1,"tid":0},
{"name":"Constraint /Biped/Rig/Movers/pose_drivers/shoulder_r_driver_copies_shoulder_r_bind","cat":"step","ph":"X","ts":128795,"dur":2,"pid":1,"tid":0},
{"name":"Constraint /Biped/Rig/Movers/pose_drivers/shoulder_l_driver_copies_shoulder_l_bind","cat":"step","ph":"X","ts":128797,"dur":3,"pid":1,"tid":0},
{"name":"Constraint /Biped/Rig/Movers/pose_drivers/wristTwist_r_driver_copies_wristTwist_r_bind","cat":"step","ph":"X","ts":128800,"dur":2,"pid":1,"tid":0},
{"name":"Constraint /Biped/Rig/Movers/pose_drivers/wristTwist_l_driver_copies_wristTwist_l_bind","cat":"step","ph":"X","ts":128802,"dur":2,"pid":1,"tid":0},
{"name":"Constraint /Biped/Rig/Movers/pose_drivers/shoulder_r_twist_driver_copies_shoulderNoTwist_r_bind","cat":"step","ph":"X","ts":128804,"dur":2,"pid":1,"tid":0},
{"name":"Constraint /Biped/Rig/Movers/pose_drivers/shoulder_l_twist_driver_copies_shoulderNoTwist_l_bind","cat":"step","ph":"X","ts":128806,"dur":3,"pid":1,"tid":0},
{"name":"Constraint /Biped/Rig/Movers/pose_drivers/wristSwing_r_driver_copies_wrist_r_bind","cat":"step","ph":"X","ts":128809,"dur":2,"pid":1,"tid":0},
{"name":"Constraint /Biped/Rig/Movers/pose_drivers/wristSwing_l_driver_copies_wrist_l_bind","cat":"step","ph":"X","ts":128811,"dur":2,"pid":1,"tid":0},
{"name":"Constraint /Biped/Rig/Movers/pose_drivers/elbow_r_driver_copies_elbow_r_bind","cat":"step","ph":"X","ts":128813,"dur":2,"pid":1,"tid":0},
{"name":"Constraint /Biped/Rig/Movers/pose_drivers/elbow_l_driver_copies_elbow_l_bind","cat":"step","ph":"X","ts":128815,"dur":2,"pid":1,"tid":0},
{"name":"Constraint /Biped/Rig/Movers/param_follow/leg_r_params_to_ankle_r_bind","cat":"step","ph":"X","ts":128817,"dur":2,"pid":1,"tid":0},
{"name":"Constraint /Biped/Rig/Movers/param_follow/leg_l_params_to_ankle_l_bind","cat":"step","ph":"X","ts":128819,"dur":1,"pid":1,"tid":0},
{"name":"Constraint /Biped/Rig/Movers/param_follow/arm_r_params_to_wrist_r_bind","cat":"step","ph":"X","ts":128820,"dur":2,"pid":1,"tid":0},
{"name":"Constraint /Biped/Rig/Movers/param_follow/arm_l_params_to_wrist_l_bind","cat":"step","ph":"X","ts":128822,"dur":2,"pid":1,"tid":0},
{"name":"ProviderMatrix /Biped/Rig/Controls/leg_l_ik/ankle_l_pivot final","cat":"step","ph":"X","ts":128824,"dur":1,"pid":1,"tid":0},
{"name":"ProviderMatrix /Biped/Rig/Controls/leg_r_ik/ankle_r_pivot final","cat":"step","ph":"X","ts":128825,"dur":1,"pid":1,"tid":0},
{"name":"ProviderMatrix /Biped/Rig/Joints/ankle_l_pivot final","cat":"step","ph":"X","ts":128826,"dur":1,"pid":1,"tid":0},
{"name":"ProviderMatrix /Biped/Rig/Joints/ankle_r_pivot/bankIn_r_pivot/bankOut_r_pivot/heel_r_pivot final","cat":"step","ph":"X","ts":128827,"dur":1,"pid":1,"tid":0},
{"name":"ProviderMatrix /Biped/Rig/Joints/hips_bind/pelvis_l_bind/pelvis_trans_l_bind/thigh_l_driver/thigh_l_twist_driver final","cat":"step","ph":"X","ts":128828,"dur":1,"pid":1,"tid":0},
{"name":"ProviderMatrix /Biped/Rig/Joints/hips_bind/pelvis_l_bind/thigh_l_bind/knee_l_bind/ankle_l_bind/ball_l_bind/toe1_001_l_bind/toe1_002_l_bind final","cat":"step","ph":"X","ts":128829,"dur":1,"pid":1,"tid":0},
{"name":"ProviderMatrix /Biped/Rig/Joints/hips_bind/pelvis_l_bind/thigh_l_bind/knee_l_bind/ankle_l_bind/ball_l_bind/toe4_001_l_bind final","cat":"step","ph":"X","ts":128830,"dur":1,"pid":1,"tid":0},
{"name":"ProviderMatrix /Biped/Rig/Joints/hips_bind/pelvis_l_bind/thigh_l_bind/knee_l_bind/kneeTwist_l_bind/knee_l_driver final","cat":"step","ph":"X","ts":128831,"dur":1,"pid":1,"tid":0},
{"name":"ProviderMatrix /Biped/Rig/Joints/hips_bind/pelvis_r_bind/thigh_r_bind/knee_r_bind/ankleTwist_r_bind/ankleSwing_r_driver final","cat":"step","ph":"X","ts":128832,"dur":1,"pid":1,"tid":0},
{"name":"ProviderMatrix /Biped/Rig/Joints/hips_bind/pelvis_r_bind/thigh_r_bind/knee_r_bind/ankle_r_bind/ball_r_bind/toe2_001_r_bind/toe2_002_r_bind/toe2_003_r_bind/toe2_004_r_bind final","cat":"step","ph":"X","ts":128833,"dur":1,"pid":1,"tid":0},
{"name":"ProviderMatrix /Biped/Rig/Joints/hips_bind/pelvis_r_bind/thigh_r_bind/knee_r_bind/ankle_r_bind/ball_r_bind/toe5_001_r_bind/toe5_002_r_bind/toe5_003_r_bind final","cat":"step","ph":"X","ts":128834,"dur":1,"pid":1,"tid":0},
{"name":"ProviderMatrix /Biped/Rig/Joints/hips_bind/spine_0_bind/spine_1_bind/spine_2_bind/spine_3_bind/spine_4_bind/spine_5_bind final","cat":"step","ph":"X","ts":128835,"dur":1,"pid":1,"tid":0},
{"name":"ProviderMatrix /Biped/Rig/Joints/hips_bind/spine_0_bind/spine_1_bind/spine_2_bind/spine_3_bind/spine_4_bind/spine_5_bind/chest_bind/clavicle_l_bind/shoulder_l_bind/elbow_l_bind/elbowTwist_l_bind final","cat":"step","ph":"X","ts":128836,"dur":1,"pid":1,"tid":0},
{"name":"ProviderMatrix /Biped/Rig/Joints/hips_bind/spine_0_bind/spine_1_bind/spine_2_bind/spine_3_bind/spine_4_bind/spine_5_bind/chest_bind/clavicle_l_bind/shoulder_l_bind/elbow_l_bind/wrist_l_bind/index_001_l_bind/index_002_l_bind/index_003_l_bind/index_004_l_bind/index_005_l_bind final","cat":"step","ph":"X","ts":128837,"dur":1,"pid":1,"tid":0},
{"name":"ProviderMatrix /Biped/Rig/Joints/hips_bind/spine_0_bind/spine_1_bind/spine_2_bind/spine_3_bind/spine_4_bind/spine_5_bind/chest_bind/clavicle_l_bind/shoulder_l_bind/elbow_l_bind/wrist_l_bind/pinkyCup_l_bind/pinky_001_l_bind/pinky_002_l_bind/pinky_003_l_bind final","cat":"step","ph":"X","ts":128838,"dur":1,"pid":1,"tid":0},
{"name":"ProviderMatrix /Biped/Rig/Joints/hips_bind/spine_0_bind/spine_1_bind/spine_2_bind/spine_3_bind/spine_4_bind/spine_5_bind/chest_bind/clavicle_l_bind/shoulder_l_bind/elbow_l_bind/wrist_l_bind/thumbCup_l_bind/thumb_001_l_bind/thumb_002_l_bind final","cat":"step","ph":"X","ts":128839,"dur":1,"pid":1,"tid":0},
{"name":"ProviderMatrix /Biped/Rig/Joints/hips_bind/spine_0_bind/spine_1_bind/spine_2_bind/spine_3_bind/spine_4_bind/spine_5_bind/chest_bind/clavicle_r_bind/shoulder_r_bind/elbow_r_bind/elbowTwist_r_bind final","cat":"step","ph":"X","ts":128840,"dur":1,"pid":1,"tid":0},
{"name":"ProviderMatrix /Biped/Rig/Joints/hips_bind/spine_0_bind/spine_1_bind/spine_2_bind/spine_3_bind/spine_4_bind/spine_5_bind/chest_bind/clavicle_r_bind/shoulder_r_bind/elbow_r_bind/wrist_r_bind/index_001_r_bind/index_002_r_bind/index_003_r_bind/index_004_r_bind/index_005_r_bind final","cat":"step","ph":"X","ts":128841,"dur":1,"pid":1,"tid":0},
{"name":"ProviderMatrix /Biped/Rig/Joints/hips_bind/spine_0_bind/spine_1_bind/spine_2_bind/spine_3_bind/spine_4_bind/spine_5_bind/chest_bind/clavicle_r_bind/shoulder_r_bind/elbow_r_bind/wrist_r_bind/pinkyCup_r_bind/pinky_001_r_bind/pinky_002_r_bind/pinky_003_r_bind final","cat":"step","ph":"X","ts":128842,"dur":1,"pid":1,"tid":0},
{"name":"ProviderMatrix /Biped/Rig/Joints/hips_bind/spine_0_bind/spine_1_bind/spine_2_bind/spine_3_bind/spine_4_bind/spine_5_bind/chest_bind/clavicle_r_bind/shoulder_r_bind/elbow_r_bind/wrist_r_bind/thumbCup_r_bind/thumb_001_r_bind/thumb_002_r_bind final","cat":"step","ph":"X","ts":128843,"dur":1,"pid":1,"tid":0},
{"name":"ProviderMatrix /Biped/Rig/Joints/hips_bind/spine_0_bind/spine_1_bind/spine_2_bind/spine_3_bind/spine_4_bind/spine_5_bind/chest_bind/neck_base_bind/neck_0_bind/neck_1_bind/neck_2_bind/neck_3_bind/skull_bind/face_lower_bind/face_mid_bind/jaw_compression_driver final","cat":"step","ph":"X","ts":128844,"dur":1,"pid":1,"tid":0},
{"name":"ProviderMatrix /Biped/Rig/Joints/hips_bind/spine_0_bind/spine_1_bind/spine_2_bind/spine_3_bind/spine_4_bind/spine_5_bind/chest_bind/neck_base_bind/neck_0_bind/neck_1_bind/neck_2_bind/neck_3_bind/skull_bind/face_lower_bind/jaw_bind/tongue_0_bind/tongue_1_bind/tongue_2_bind/tongue_3_bind/tongue_4_bind final","cat":"step","ph":"X","ts":128845,"dur":1,"pid":1,"tid":0},
{"name":"ProviderMatrix /Biped/Rig/Joints/hips_bind/spine_0_bind/spine_1_bind/spine_2_bind/spine_3_bind/spine_4_bind/spine_5_bind/chest_bind/neck_base_bind/neck_0_bind/neck_1_bind/neck_2_bind/neck_3_bind/skull_bind/face_upper_bind/head_tip_bind/brow_peak_l_bind final","cat":"step","ph":"X","ts":128846,"dur":1,"pid":1,"tid":0},
{"name":"ProviderMatrix /Biped/Rig/Joints/spine_ik_spine_0_bind/spine_ik_spine_1_bind/spine_ik_spine_2_bind final","cat":"step","ph":"X","ts":128847,"dur":1,"pid":1,"tid":0},
{"name":"InfluenceFold /Biped/Rig/Movers/skin_body_geo/body_geo_skin","cat":"step","ph":"X","ts":128848,"dur":24,"pid":1,"tid":0},
{"name":"RevisionChunk /Biped/Rig/Movers/skin_body_geo/body_geo_skin","cat":"step","ph":"X","ts":128872,"dur":373,"pid":1,"tid":0},
{"name":"RevisionFuse /Biped/Rig/Movers/skin_body_geo/body_geo_skin","cat":"step","ph":"X","ts":129245,"dur":2,"pid":1,"tid":0},
{"name":"ChainStatus /Biped/Geom/body_geo.points","cat":"step","ph":"X","ts":129247,"dur":24,"pid":1,"tid":0},
{"name":"Derived /Biped/Geom/body_geo.extent","cat":"step","ph":"X","ts":129271,"dur":213,"pid":1,"tid":0},
{"name":"BakedPublish","cat":"baked","ph":"X","ts":129730,"dur":64,"pid":1,"tid":0},
{"name":"BakedEpilogue","cat":"baked","ph":"X","ts":129486,"dur":315,"pid":1,"tid":0},
{"name":"Baked","cat":"baked","ph":"X","ts":128274,"dur":1529,"pid":1,"tid":0},
{"name":"Evaluate.Run","cat":"evaluate","ph":"X","ts":128274,"dur":1529,"pid":1,"tid":0},
{"name":"Evaluate@5","cat":"evaluate","ph":"X","ts":128272,"dur":1534,"pid":1,"tid":0},
{"name":"Evaluate.Settle","cat":"evaluate","ph":"X","ts":129824,"dur":1,"pid":1,"tid":0},
{"name":"Evaluate.PlaceOverrides","cat":"evaluate","ph":"X","ts":129825,"dur":0,"pid":1,"tid":0},
{"name":"PropertyChains","cat":"property","ph":"X","ts":129828,"dur":6,"pid":1,"tid":0},
{"name":"BakedInputs","cat":"baked","ph":"X","ts":129834,"dur":10,"pid":1,"tid":0},
{"name":"BakedChainBase","cat":"geometry","ph":"X","ts":129952,"dur":2,"pid":1,"tid":0},
{"name":"BakedPrologue","cat":"baked","ph":"X","ts":129827,"dur":127,"pid":1,"tid":0},
{"name":"BakedRegion","cat":"baked","ph":"X","ts":129955,"dur":1162,"pid":1,"tid":0},
{"name":"ComposeSubtree /Biped/Rig/Controls/arm_l_ik","cat":"step","ph":"X","ts":129986,"dur":1,"pid":1,"tid":0},
{"name":"ComposeSubtree /Biped/Rig/Controls/arm_l_pv","cat":"step","ph":"X","ts":129987,"dur":1,"pid":1,"tid":0},
{"name":"ComposeSubtree /Biped/Rig/Controls/hips_ctl","cat":"step","ph":"X","ts":129988,"dur":1,"pid":1,"tid":0},
{"name":"ComposeSubtree /Biped/Rig/Controls/hips_ctl/spine_root_pivot/spine_root_ctl/pelvis_l_ctl/leg_l_root/leg_l_fk_thigh_l_bind/leg_l_fk_knee_l_bind","cat":"step","ph":"X","ts":129989,"dur":1,"pid":1,"tid":0},
{"name":"ComposeSubtree /Biped/Rig/Controls/hips_ctl/torso_ctl","cat":"step","ph":"X","ts":129990,"dur":1,"pid":1,"tid":0},
{"name":"ComposeSubtree /Biped/Rig/Controls/hips_ctl/torso_ctl/spine_end_pivot/spine_end_ctl/clavicle_l_ctl/arm_l_root/arm_l_fk_shoulder_l_bind/arm_l_fk_elbow_l_bind","cat":"step","ph":"X","ts":129991,"dur":1,"pid":1,"tid":0},
{"name":"ComposeSubtree /Biped/Rig/Controls/hips_ctl/torso_ctl/spine_end_pivot/spine_end_ctl/neck_root_ctl/neck_end_pivot","cat":"step","ph":"X","ts":129992,"dur":1,"pid":1,"tid":0},
{"name":"ComposeSubtree /Biped/Rig/Controls/index_001_r_bind_fk_follow","cat":"step","ph":"X","ts":129993,"dur":1,"pid":1,"tid":0},
{"name":"ComposeSubtree /Biped/Rig/Controls/leg_l_ik/ankle_l_pivot/bankIn_l_pivot","cat":"step","ph":"X","ts":129994,"dur":1,"pid":1,"tid":0},
{"name":"ComposeSubtree /Biped/Rig/Controls/leg_l_ik/ankle_l_pivot/bankIn_l_pivot/bankOut_l_pivot/heel_l_roll/heel_l/ball_l_pivot/toe_l_roll/toe_l/ballRoll_l_up/ballRoll_l_down","cat":"step","ph":"X","ts":129995,"dur":1,"pid":1,"tid":0},
{"name":"ComposeSubtree /Biped/Rig/Controls/leg_l_ik/ankle_l_pivot/bankIn_l_pivot/bankOut_l_pivot/heel_l_roll/heel_l/ball_l_pivot/toe_l_roll/toe_l/toeBend_l/toeBend_l_fk","cat":"step","ph":"X","ts":129996,"dur":1,"pid":1,"tid":0},
{"name":"ComposeSubtree /Biped/Rig/Controls/leg_l_ik/ankle_l_pivot/bank_l","cat":"step","ph":"X","ts":129997,"dur":1,"pid":1,"tid":0},
{"name":"ComposeSubtree /Biped/Rig/Controls/leg_r_ik/ankle_r_pivot/bankIn_r_pivot/bankOut_r_pivot/heel_r_roll/heel_r","cat":"step","ph":"X","ts":129998,"dur":1,"pid":1,"tid":0},
{"name":"ComposeSubtree /Biped/Rig/Controls/leg_r_ik/ankle_r_pivot/bankIn_r_pivot/bankOut_r_pivot/heel_r_roll/heel_r/ball_r_pivot/toe_r_roll/toe_r/ballRoll_r_up/ballRoll_r_down/ballRoll_r/ball_r_ikTarget","cat":"step","ph":"X","ts":129999,"dur":1,"pid":1,"tid":0},
{"name":"ComposeSubtree /Biped/Rig/Controls/leg_r_ik/ankle_r_pivot/bankIn_r_pivot/bankOut_r_pivot/heel_r_roll/heel_r/ball_r_pivot/toe_r_roll_twin","cat":"step","ph":"X","ts":130000,"dur":1,"pid":1,"tid":0},
{"name":"ComposeSubtree /Biped/Rig/Controls/leg_r_pv","cat":"step","ph":"X","ts":130001,"dur":1,"pid":1,"tid":0},
{"name":"ComposeSubtree /Biped/Rig/Controls/middle_001_r_bind_fk_follow/middle_001_r_bind_fk/middle_002_r_bind_fk/middle_003_r_bind_fk","cat":"step","ph":"X","ts":130002,"dur":1,"pid":1,"tid":0},
{"name":"ComposeSubtree /Biped/Rig/Controls/pinkyCup_l_bind_fk_follow/pinkyCup_l_bind_fk/pinky_001_l_bind_fk/pinky_002_l_bind_fk/pinky_003_l_bind_fk","cat":"step","ph":"X","ts":130003,"dur":1,"pid":1,"tid":0},
{"name":"ComposeSubtree /Biped/Rig/Controls/ring_001_l_bind_fk_follow","cat":"step","ph":"X","ts":130004,"dur":1,"pid":1,"tid":0},
{"name":"ComposeSubtree /Biped/Rig/Controls/ring_001_r_bind_fk_follow/ring_001_r_bind_fk/ring_002_r_bind_fk/ring_003_r_bind_fk","cat":"step","ph":"X","ts":130005,"dur":1,"pid":1,"tid":0},
{"name":"ComposeSubtree /Biped/Rig/Controls/thumbCup_r_bind_fk_follow","cat":"step","ph":"X","ts":130006,"dur":1,"pid":1,"tid":0},
{"name":"ComposeSubtree /Biped/Rig/Joints/ankle_l_pivot/bankIn_l_pivot/bankOut_l_pivot","cat":"step","ph":"X","ts":130007,"dur":1,"pid":1,"tid":0},
{"name":"ComposeSubtree /Biped/Rig/Joints/ankle_r_pivot/bankIn_r_pivot/bankOut_r_pivot","cat":"step","ph":"X","ts":130008,"dur":1,"pid":1,"tid":0},
{"name":"ComposeSubtree /Biped/Rig/Joints/hips_bind/pelvis_l_bind/pelvis_trans_combo_l_driver","cat":"step","ph":"X","ts":130009,"dur":1,"pid":1,"tid":0},
{"name":"ComposeSubtree /Biped/Rig/Joints/hips_bind/pelvis_l_bind/thigh_l_bind/knee_l_bind/ankleTwist_l_bind","cat":"step","ph":"X","ts":130010,"dur":1,"pid":1,"tid":0},
{"name":"ComposeSubtree /Biped/Rig/Joints/hips_bind/pelvis_l_bind/thigh_l_bind/knee_l_bind/ankle_l_bind/ball_l_bind/toe2_001_l_bind","cat":"step","ph":"X","ts":130011,"dur":1,"pid":1,"tid":0},
{"name":"ComposeSubtree /Biped/Rig/Joints/hips_bind/pelvis_l_bind/thigh_l_bind/knee_l_bind/ankle_l_bind/ball_l_bind/toe4_001_l_bind","cat":"step","ph":"X","ts":130012,"dur":1,"pid":1,"tid":0},
{"name":"ComposeSubtree /Biped/Rig/Joints/hips_bind/pelvis_l_bind/thigh_l_bind/knee_l_bind/ankle_l_bind/ball_l_bind/toe_l_bind","cat":"step","ph":"X","ts":130013,"dur":1,"pid":1,"tid":0},
{"name":"ComposeSubtree /Biped/Rig/Joints/hips_bind/pelvis_r_bind/pelvis_trans_r_bind/thigh_r_driver","cat":"step","ph":"X","ts":130014,"dur":1,"pid":1,"tid":0},
{"name":"ComposeSubtree /Biped/Rig/Joints/hips_bind/pelvis_r_bind/thigh_r_bind/knee_r_bind/ankleTwist_r_driver","cat":"step","ph":"X","ts":130015,"dur":1,"pid":1,"tid":0},
{"name":"ComposeSubtree /Biped/Rig/Joints/hips_bind/pelvis_r_bind/thigh_r_bind/knee_r_bind/ankle_r_bind/ball_r_bind/toe2_001_r_bind/toe2_002_r_bind/toe2_003_r_bind","cat":"step","ph":"X","ts":130016,"dur":1,"pid":1,"tid":0},
{"name":"ComposeSubtree /Biped/Rig/Joints/hips_bind/pelvis_r_bind/thigh_r_bind/knee_r_bind/ankle_r_bind/ball_r_bind/toe4_001_r_bind/toe4_002_r_bind/toe4_003_r_bind","cat":"step","ph":"X","ts":130017,"dur":1,"pid":1,"tid":0},
{"name":"ComposeSubtree /Biped/Rig/Joints/hips_bind/pelvis_r_bind/thigh_r_bind/knee_r_bind/kneeTwist_r_bind","cat":"step","ph":"X","ts":130018,"dur":1,"pid":1,"tid":0},
{"name":"ComposeSubtree /Biped/Rig/Joints/hips_bind/spine_0_bind/spine_1_bind/spine_2_bind/spine_3_bind/spine_4_bind/spine_5_bind/chest_bind","cat":"step","ph":"X","ts":130019,"dur":1,"pid":1,"tid":0},
{"name":"ComposeSubtree /Biped/Rig/Joints/hips_bind/spine_0_bind/spine_1_bind/spine_2_bind/spine_3_bind/spine_4_bind/spine_5_bind/chest_bind/clavicle_l_bind/shoulder_l_bind","cat":"step","ph":"X","ts":130020,"dur":1,"pid":1,"tid":0},
{"name":"ComposeSubtree /Biped/Rig/Joints/hips_bind/spine_0_bind/spine_1_bind/spine_2_bind/spine_3_bind/spine_4_bind/spine_5_bind/chest_bind/clavicle_l_bind/shoulder_l_bind/elbow_l_bind/wrist_l_bind/index_001_l_bind","cat":"step","ph":"X","ts":130021,"dur":1,"pid":1,"tid":0},
{"name":"ComposeSubtree /Biped/Rig/Joints/hips_bind/spine_0_bind/spine_1_bind/spine_2_bind/spine_3_bind/spine_4_bind/spine_5_bind/chest_bind/clavicle_l_bind/shoulder_l_bind/elbow_l_bind/wrist_l_bind/middle_001_l_bind/middle_002_l_bind","cat":"step","ph":"X","ts":130022,"dur":1,"pid":1,"tid":0},
{"name":"ComposeSubtree /Biped/Rig/Joints/hips_bind/spine_0_bind/spine_1_bind/spine_2_bind/spine_3_bind/spine_4_bind/spine_5_bind/chest_bind/clavicle_l_bind/shoulder_l_bind/elbow_l_bind/wrist_l_bind/pinkyCup_l_bind/pinky_001_l_bind/pinky_002_l_bind/pinky_003_l_bind","cat":"step","ph":"X","ts":130023,"dur":1,"pid":1,"tid":0},
{"name":"ComposeSubtree /Biped/Rig/Joints/hips_bind/spine_0_bind/spine_1_bind/spine_2_bind/spine_3_bind/spine_4_bind/spine_5_bind/chest_bind/clavicle_l_bind/shoulder_l_bind/elbow_l_bind/wrist_l_bind/ring_001_l_bind/ring_002_l_bind/ring_003_l_bind/ring_004_l_bind","cat":"step","ph":"X","ts":130024,"dur":1,"pid":1,"tid":0},
{"name":"ComposeSubtree /Biped/Rig/Joints/hips_bind/spine_0_bind/spine_1_bind/spine_2_bind/spine_3_bind/spine_4_bind/spine_5_bind/chest_bind/clavicle_r_bind/clavicle_trans_r_bind","cat":"step","ph":"X","ts":130025,"dur":1,"pid":1,"tid":0},
{"name":"ComposeSubtree /Biped/Rig/Joints/hips_bind/spine_0_bind/spine_1_bind/spine_2_bind/spine_3_bind/spine_4_bind/spine_5_bind/chest_bind/clavicle_r_bind/shoulder_r_bind/elbow_r_bind/elbowTwist_r_bind","cat":"step","ph":"X","ts":130026,"dur":1,"pid":1,"tid":0},
{"name":"ComposeSubtree /Biped/Rig/Joints/hips_bind/spine_0_bind/spine_1_bind/spine_2_bind/spine_3_bind/spine_4_bind/spine_5_bind/chest_bind/clavicle_r_bind/shoulder_r_bind/elbow_r_bind/wrist_r_bind/index_001_r_bind/index_002_r_bind","cat":"step","ph":"X","ts":130027,"dur":1,"pid":1,"tid":0},
{"name":"ComposeSubtree /Biped/Rig/Joints/hips_bind/spine_0_bind/spine_1_bind/spine_2_bind/spine_3_bind/spine_4_bind/spine_5_bind/chest_bind/clavicle_r_bind/shoulder_r_bind/elbow_r_bind/wrist_r_bind/pinkyCup_r_bind","cat":"step","ph":"X","ts":130028,"dur":1,"pid":1,"tid":0},
{"name":"ComposeSubtree /Biped/Rig/Joints/hips_bind/spine_0_bind/spine_1_bind/spine_2_bind/spine_3_bind/spine_4_bind/spine_5_bind/chest_bind/clavicle_r_bind/shoulder_r_bind/elbow_r_bind/wrist_r_bind/ring_001_r_bind","cat":"step","ph":"X","ts":130029,"dur":1,"pid":1,"tid":0},
{"name":"ComposeSubtree /Biped/Rig/Joints/hips_bind/spine_0_bind/spine_1_bind/spine_2_bind/spine_3_bind/spine_4_bind/spine_5_bind/chest_bind/clavicle_r_bind/shoulder_r_bind/elbow_r_bind/wrist_r_bind/thumbCup_r_bind/thumb_001_r_bind/thumb_002_r_bind","cat":"step","ph":"X","ts":130030,"dur":1,"pid":1,"tid":0},
{"name":"ComposeSubtree /Biped/Rig/Joints/hips_bind/spine_0_bind/spine_1_bind/spine_2_bind/spine_3_bind/spine_4_bind/spine_5_bind/chest_bind/neck_base_bind/neck_0_bind/neck_1_bind/neck_2_bind/neck_3_bind/skull_bind/face_lower_bind","cat":"step","ph":"X","ts":130031,"dur":1,"pid":1,"tid":0},
{"name":"ComposeSubtree /Biped/Rig/Joints/hips_bind/spine_0_bind/spine_1_bind/spine_2_bind/spine_3_bind/spine_4_bind/spine_5_bind/chest_bind/neck_base_bind/neck_0_bind/neck_1_bind/neck_2_bind/neck_3_bind/skull_bind/face_lower_bind/jaw_bind/jaw_end","cat":"step","ph":"X","ts":130032,"dur":1,"pid":1,"tid":0},
{"name":"ComposeSubtree /Biped/Rig/Joints/hips_bind/spine_0_bind/spine_1_bind/spine_2_bind/spine_3_bind/spine_4_bind/spine_5_bind/chest_bind/neck_base_bind/neck_0_bind/neck_1_bind/neck_2_bind/neck_3_bind/skull_bind/face_upper_bind","cat":"step","ph":"X","ts":130033,"dur":1,"pid":1,"tid":0},
{"name":"ComposeSubtree /Biped/Rig/Joints/hips_bind/spine_0_bind/spine_1_bind/spine_2_bind/spine_3_bind/spine_4_bind/spine_5_bind/chest_bind/neck_base_bind/neck_0_bind/neck_1_bind/neck_2_bind/neck_3_bind/skull_bind/face_upper_bind/head_tip_bind/brow_inner_r_bind","cat":"step","ph":"X","ts":130034,"dur":1,"pid":1,"tid":0},
{"name":"ComposeSubtree /Biped/Rig/Joints/neck_ik_neck_0_bind/neck_ik_neck_1_bind/neck_ik_neck_2_bind/neck_ik_neck_3_bind","cat":"step","ph":"X","ts":130035,"dur":1,"pid":1,"tid":0},
{"name":"Solve /Biped/Rig/Solvers/arm_l_fkChain","cat":"step","ph":"X","ts":130036,"dur":2,"pid":1,"tid":0},
{"name":"Solve /Biped/Rig/Solvers/arm_l_twoBoneIk","cat":"step","ph":"X","ts":130038,"dur":1,"pid":1,"tid":0},
{"name":"Solve /Biped/Rig/Solvers/arm_r_twoBoneIk","cat":"step","ph":"X","ts":130039,"dur":1,"pid":1,"tid":0},
{"name":"Solve /Biped/Rig/Solvers/leg_r_fkChain","cat":"step","ph":"X","ts":130040,"dur":1,"pid":1,"tid":0},
{"name":"Solve /Biped/Rig/Solvers/neck_splineIk","cat":"step","ph":"X","ts":130041,"dur":8,"pid":1,"tid":0},
{"name":"SolverCommit batch 6","cat":"step","ph":"X","ts":130049,"dur":1,"pid":1,"tid":0},
{"name":"Solve /Biped/Rig/Solvers/spine_splineIk","cat":"step","ph":"X","ts":130050,"dur":6,"pid":1,"tid":0},
{"name":"SolverCommit batch 7","cat":"step","ph":"X","ts":130056,"dur":1,"pid":1,"tid":0},
{"name":"SolverCommit batch 8","cat":"step","ph":"X","ts":130057,"dur":2,"pid":1,"tid":0},
{"name":"SolverCommit batch 9","cat":"step","ph":"X","ts":130059,"dur":1,"pid":1,"tid":0},
{"name":"Constraint /Biped/Rig/Movers/spine_mid_follow/spine_mid_follow_pos","cat":"step","ph":"X","ts":130060,"dur":7,"pid":1,"tid":0},
{"name":"Solve /Biped/Rig/Solvers/fk_thumb_r","cat":"step","ph":"X","ts":130067,"dur":1,"pid":1,"tid":0},
{"name":"Solve /Biped/Rig/Solvers/fk_ring_r","cat":"step","ph":"X","ts":130068,"dur":1,"pid":1,"tid":0},
{"name":"Solve /Biped/Rig/Solvers/fk_pinky_r","cat":"step","ph":"X","ts":130069,"dur":2,"pid":1,"tid":0},
{"name":"Solve /Biped/Rig/Solvers/fk_middle_r","cat":"step","ph":"X","ts":130071,"dur":1,"pid":1,"tid":0},
{"name":"SolverCommit batch 14","cat":"step","ph":"X","ts":130072,"dur":1,"pid":1,"tid":0},
{"name":"Solve /Biped/Rig/Solvers/fk_index_r","cat":"step","ph":"X","ts":130073,"dur":1,"pid":1,"tid":0},
{"name":"Solve /Biped/Rig/Solvers/fk_thumb_l","cat":"step","ph":"X","ts":130074,"dur":1,"pid":1,"tid":0},
{"name":"Solve /Biped/Rig/Solvers/fk_ring_l","cat":"step","ph":"X","ts":130075,"dur":1,"pid":1,"tid":0},
{"name":"SolverCommit batch 17","cat":"step","ph":"X","ts":130076,"dur":1,"pid":1,"tid":0},
{"name":"SolverCommit batch 18","cat":"step","ph":"X","ts":130077,"dur":1,"pid":1,"tid":0},
{"name":"Solve /Biped/Rig/Solvers/fk_middle_l","cat":"step","ph":"X","ts":130078,"dur":1,"pid":1,"tid":0},
{"name":"Solve /Biped/Rig/Solvers/fk_index_l","cat":"step","ph":"X","ts":130079,"dur":1,"pid":1,"tid":0},
{"name":"Constraint /Biped/Rig/Movers/spine_mid_follow/spine_mid_follow_aim","cat":"step","ph":"X","ts":130080,"dur":4,"pid":1,"tid":0},
{"name":"Constraint /Biped/Rig/Movers/hand_r_follow/thumbCup_r_bind_fk_follow_to_wrist_r_bind","cat":"step","ph":"X","ts":130084,"dur":3,"pid":1,"tid":0},
{"name":"Constraint /Biped/Rig/Movers/hand_r_follow/ring_001_r_bind_fk_follow_to_wrist_r_bind","cat":"step","ph":"X","ts":130087,"dur":2,"pid":1,"tid":0},
{"name":"Constraint /Biped/Rig/Movers/hand_r_follow/pinkyCup_r_bind_fk_follow_to_wrist_r_bind","cat":"step","ph":"X","ts":130089,"dur":2,"pid":1,"tid":0},
{"name":"Constraint /Biped/Rig/Movers/hand_r_follow/middle_001_r_bind_fk_follow_to_wrist_r_bind","cat":"step","ph":"X","ts":130091,"dur":3,"pid":1,"tid":0},
{"name":"Constraint /Biped/Rig/Movers/hand_r_follow/index_001_r_bind_fk_follow_to_wrist_r_bind","cat":"step","ph":"X","ts":130094,"dur":2,"pid":1,"tid":0},
{"name":"Constraint /Biped/Rig/Movers/hand_l_follow/thumbCup_l_bind_fk_follow_to_wrist_l_bind","cat":"step","ph":"X","ts":130096,"dur":3,"pid":1,"tid":0},
{"name":"Constraint /Biped/Rig/Movers/hand_l_follow/ring_001_l_bind_fk_follow_to_wrist_l_bind","cat":"step","ph":"X","ts":130099,"dur":2,"pid":1,"tid":0},
{"name":"Constraint /Biped/Rig/Movers/hand_l_follow/pinkyCup_l_bind_fk_follow_to_wrist_l_bind","cat":"step","ph":"X","ts":130101,"dur":2,"pid":1,"tid":0},
{"name":"Constraint /Biped/Rig/Movers/hand_l_follow/middle_001_l_bind_fk_follow_to_wrist_l_bind","cat":"step","ph":"X","ts":130103,"dur":2,"pid":1,"tid":0},
{"name":"Constraint /Biped/Rig/Movers/hand_l_follow/index_001_l_bind_fk_follow_to_wrist_l_bind","cat":"step","ph":"X","ts":130105,"dur":2,"pid":1,"tid":0},
{"name":"Constraint /Biped/Rig/Movers/bankIn_r_pivot_rc/bankIn_r_pivot_rotation","cat":"step","ph":"X","ts":130107,"dur":2,"pid":1,"tid":0},
{"name":"Constraint /Biped/Rig/Movers/heel_r_roll_rc/heel_r_roll_rotation","cat":"step","ph":"X","ts":130109,"dur":1,"pid":1,"tid":0},
{"name":"Constraint /Biped/Rig/Movers/ballRoll_r_down_rc/ballRoll_r_down_rotation","cat":"step","ph":"X","ts":130110,"dur":1,"pid":1,"tid":0},
{"name":"SolverCommit batch 39","cat":"step","ph":"X","ts":130111,"dur":4,"pid":1,"tid":0},
{"name":"Constraint /Biped/Rig/Movers/ankle_r_bind_scAim/ankle_r_bind_aim","cat":"step","ph":"X","ts":130115,"dur":4,"pid":1,"tid":0},
{"name":"Constraint /Biped/Rig/Movers/ball_r_bind_scAim/ball_r_bind_aim","cat":"step","ph":"X","ts":130119,"dur":3,"pid":1,"tid":0},
{"name":"Constraint /Biped/Rig/Movers/bankIn_l_pivot_rc/bankIn_l_pivot_rotation","cat":"step","ph":"X","ts":130122,"dur":1,"pid":1,"tid":0},
{"name":"Constraint /Biped/Rig/Movers/heel_l_roll_rc/heel_l_roll_rotation","cat":"step","ph":"X","ts":130123,"dur":1,"pid":1,"tid":0},
{"name":"Constraint /Biped/Rig/Movers/ballRoll_l_up_rc/ballRoll_l_up_rotation","cat":"step","ph":"X","ts":130124,"dur":1,"pid":1,"tid":0},
{"name":"Solve /Biped/Rig/Solvers/leg_l_ikfk","cat":"step","ph":"X","ts":130125,"dur":1,"pid":1,"tid":0},
{"name":"SolverCommit batch 49","cat":"step","ph":"X","ts":130126,"dur":3,"pid":1,"tid":0},
{"name":"Constraint /Biped/Rig/Movers/ankle_l_bind_scAim/ankle_l_bind_aim","cat":"step","ph":"X","ts":130129,"dur":4,"pid":1,"tid":0},
{"name":"Constraint /Biped/Rig/Movers/ball_l_bind_scAim/ball_l_bind_aim","cat":"step","ph":"X","ts":130133,"dur":3,"pid":1,"tid":0},
{"name":"Constraint /Biped/Rig/Movers/hips_follow/spine_root_ctl_drives_hips_bind","cat":"step","ph":"X","ts":130136,"dur":2,"pid":1,"tid":0},
{"name":"PropagateChunk /Biped/Rig/Movers/hips_follow/spine_root_ctl_drives_hips_bind","cat":"step","ph":"X","ts":130138,"dur":4,"pid":1,"tid":0},
{"name":"CommitApply /Biped/Rig/Movers/hips_follow/spine_root_ctl_drives_hips_bind","cat":"step","ph":"X","ts":130142,"dur":1,"pid":1,"tid":0},
{"name":"Constraint /Biped/Rig/Movers/hips_follow/spine_root_ctl_scales_hips_bind","cat":"step","ph":"X","ts":130143,"dur":1,"pid":1,"tid":0},
{"name":"PropagateChunk /Biped/Rig/Movers/hips_follow/spine_root_ctl_scales_hips_bind","cat":"step","ph":"X","ts":130144,"dur":4,"pid":1,"tid":0},
{"name":"PropagateChunk /Biped/Rig/Movers/hips_follow/spine_root_ctl_scales_hips_bind","cat":"step","ph":"X","ts":130148,"dur":1,"pid":1,"tid":0},
{"name":"Constraint /Biped/Rig/Movers/spine_to_bind/spine_ik_spine_0_bind_scale_to_spine_0_bind","cat":"step","ph":"X","ts":130149,"dur":5,"pid":1,"tid":0},
{"name":"Constraint /Biped/Rig/Movers/spine_to_bind/spine_ik_spine_0_bind_to_spine_0_bind","cat":"step","ph":"X","ts":130154,"dur":5,"pid":1,"tid":0},
{"name":"Constraint /Biped/Rig/Movers/spine_to_bind/spine_ik_spine_1_bind_scale_to_spine_1_bind","cat":"step","ph":"X","ts":130159,"dur":4,"pid":1,"tid":0},
{"name":"Constraint /Biped/Rig/Movers/spine_to_bind/spine_ik_spine_1_bind_to_spine_1_bind","cat":"step","ph":"X","ts":130163,"dur":6,"pid":1,"tid":0},
{"name":"Constraint /Biped/Rig/Movers/spine_to_bind/spine_ik_spine_2_bind_scale_to_spine_2_bind","cat":"step","ph":"X","ts":130169,"dur":4,"pid":1,"tid":0},
{"name":"Constraint /Biped/Rig/Movers/spine_to_bind/spine_ik_spine_2_bind_to_spine_2_bind","cat":"step","ph":"X","ts":130173,"dur":5,"pid":1,"tid":0},
{"name":"Constraint /Biped/Rig/Movers/spine_to_bind/spine_ik_spine_3_bind_scale_to_spine_3_bind","cat":"step","ph":"X","ts":130178,"dur":4,"pid":1,"tid":0},
{"name":"Constraint /Biped/Rig/Movers/spine_to_bind/spine_ik_spine_3_bind_to_spine_3_bind","cat":"step","ph":"X","ts":130182,"dur":5,"pid":1,"tid":0},
{"name":"Constraint /Biped/Rig/Movers/spine_to_bind/spine_ik_spine_4_bind_scale_to_spine_4_bind","cat":"step","ph":"X","ts":130187,"dur":4,"pid":1,"tid":0},
{"name":"Constraint /Biped/Rig/Movers/spine_to_bind/spine_ik_spine_4_bind_to_spine_4_bind","cat":"step","ph":"X","ts":130191,"dur":5,"pid":1,"tid":0},
{"name":"Constraint /Biped/Rig/Movers/spine_to_bind/spine_ik_spine_5_bind_scale_to_spine_5_bind","cat":"step","ph":"X","ts":130196,"dur":3,"pid":1,"tid":0},
{"name":"Constraint /Biped/Rig/Movers/spine_to_bind/spine_ik_spine_5_bind_to_spine_5_bind","cat":"step","ph":"X","ts":130199,"dur":5,"pid":1,"tid":0},
{"name":"Constraint /Biped/Rig/Movers/spine_to_bind/spine_ik_chest_bind_scale_to_chest_bind","cat":"step","ph":"X","ts":130204,"dur":4,"pid":1,"tid":0},
{"name":"Constraint /Biped/Rig/Movers/spine_to_bind/spine_ik_chest_bind_to_chest_bind","cat":"step","ph":"X","ts":130208,"dur":4,"pid":1,"tid":0},
{"name":"Constraint /Biped/Rig/Movers/girdles/spine_end_ctl_drives_chest_bind","cat":"step","ph":"X","ts":130212,"dur":5,"pid":1,"tid":0},
{"name":"Constraint /Biped/Rig/Movers/girdles/pelvis_r_ctl_drives_pelvis_r_bind","cat":"step","ph":"X","ts":130217,"dur":2,"pid":1,"tid":0},
{"name":"Constraint /Biped/Rig/Movers/girdles/pelvis_l_ctl_drives_pelvis_l_bind","cat":"step","ph":"X","ts":130219,"dur":1,"pid":1,"tid":0},
{"name":"Constraint /Biped/Rig/Movers/girdles/clavicle_l_ctl_drives_clavicle_l_bind","cat":"step","ph":"X","ts":130220,"dur":1,"pid":1,"tid":0},
{"name":"Constraint /Biped/Rig/Movers/girdles/spine_end_ctl_unsquashes_neck_base_bind","cat":"step","ph":"X","ts":130221,"dur":4,"pid":1,"tid":0},
{"name":"Constraint /Biped/Rig/Movers/girdles/clavicle_r_ctl_unsquashes_clavicle_r_bind","cat":"step","ph":"X","ts":130225,"dur":2,"pid":1,"tid":0},
{"name":"Constraint /Biped/Rig/Movers/girdles/clavicle_l_ctl_unsquashes_clavicle_l_bind","cat":"step","ph":"X","ts":130227,"dur":1,"pid":1,"tid":0},
{"name":"Constraint /Biped/Rig/Movers/neck_to_bind/neck_ik_neck_0_bind_scale_to_neck_0_bind","cat":"step","ph":"X","ts":130228,"dur":3,"pid":1,"tid":0},
{"name":"Constraint /Biped/Rig/Movers/neck_to_bind/neck_ik_neck_0_bind_to_neck_0_bind","cat":"step","ph":"X","ts":130231,"dur":4,"pid":1,"tid":0},
{"name":"Constraint /Biped/Rig/Movers/neck_to_bind/neck_ik_neck_1_bind_scale_to_neck_1_bind","cat":"step","ph":"X","ts":130235,"dur":3,"pid":1,"tid":0},
{"name":"Constraint /Biped/Rig/Movers/neck_to_bind/neck_ik_neck_1_bind_to_neck_1_bind","cat":"step","ph":"X","ts":130238,"dur":3,"pid":1,"tid":0},
{"name":"Constraint /Biped/Rig/Movers/neck_to_bind/neck_ik_neck_2_bind_scale_to_neck_2_bind","cat":"step","ph":"X","ts":130241,"dur":3,"pid":1,"tid":0},
{"name":"Constraint /Biped/Rig/Movers/neck_to_bind/neck_ik_neck_2_bind_to_neck_2_bind","cat":"step","ph":"X","ts":130244,"dur":4,"pid":1,"tid":0},
{"name":"Constraint /Biped/Rig/Movers/neck_to_bind/neck_ik_neck_3_bind_scale_to_neck_3_bind","cat":"step","ph":"X","ts":130248,"dur":3,"pid":1,"tid":0},
{"name":"Constraint /Biped/Rig/Movers/neck_to_bind/neck_ik_neck_3_bind_to_neck_3_bind","cat":"step","ph":"X","ts":130251,"dur":3,"pid":1,"tid":0},
{"name":"Constraint /Biped/Rig/Movers/neck_to_bind/neck_ik_skull_bind_scale_to_skull_bind","cat":"step","ph":"X","ts":130254,"dur":3,"pid":1,"tid":0},
{"name":"Constraint /Biped/Rig/Movers/neck_to_bind/neck_ik_skull_bind_to_skull_bind","cat":"step","ph":"X","ts":130257,"dur":3,"pid":1,"tid":0},
{"name":"Constraint /Biped/Rig/Movers/twist_aims/wristTwist_r_bind_copy","cat":"step","ph":"X","ts":130260,"dur":2,"pid":1,"tid":0},
{"name":"Constraint /Biped/Rig/Movers/twist_aims/wristTwist_r_bind_aim","cat":"step","ph":"X","ts":130262,"dur":2,"pid":1,"tid":0},
{"name":"Constraint /Biped/Rig/Movers/twist_aims/wristTwist_l_bind_copy","cat":"step","ph":"X","ts":130264,"dur":2,"pid":1,"tid":0},
{"name":"Constraint /Biped/Rig/Movers/twist_aims/wristTwist_l_bind_aim","cat":"step","ph":"X","ts":130266,"dur":2,"pid":1,"tid":0},
{"name":"Constraint /Biped/Rig/Movers/twist_aims/ankleTwist_r_bind_copy","cat":"step","ph":"X","ts":130268,"dur":2,"pid":1,"tid":0},
{"name":"Constraint /Biped/Rig/Movers/twist_aims/ankleTwist_r_bind_aim","cat":"step","ph":"X","ts":130270,"dur":2,"pid":1,"tid":0},
{"name":"Constraint /Biped/Rig/Movers/twist_aims/ankleTwist_l_bind_copy","cat":"step","ph":"X","ts":130272,"dur":2,"pid":1,"tid":0},
{"name":"Constraint /Biped/Rig/Movers/twist_aims/ankleTwist_l_bind_aim","cat":"step","ph":"X","ts":130274,"dur":2,"pid":1,"tid":0},
{"name":"Constraint /Biped/Rig/Movers/twist_aims/ankleTwist_l_bind_follows_ankle_l_bind","cat":"step","ph":"X","ts":130276,"dur":1,"pid":1,"tid":0},
{"name":"Constraint /Biped/Rig/Movers/twist_aims/wristTwist_l_bind_follows_wrist_l_bind","cat":"step","ph":"X","ts":130277,"dur":1,"pid":1,"tid":0},
{"name":"Constraint /Biped/Rig/Movers/twist_aims/thighNoTwist_l_bind_follows_thigh_l_bind","cat":"step","ph":"X","ts":130278,"dur":1,"pid":1,"tid":0},
{"name":"Constraint /Biped/Rig/Movers/twist_aims/shoulderNoTwist_l_bind_follows_shoulder_l_bind","cat":"step","ph":"X","ts":130279,"dur":1,"pid":1,"tid":0},
{"name":"Constraint /Biped/Rig/Movers/twist_aims/pelvis_trans_l_bind_follows_thigh_l_bind","cat":"step","ph":"X","ts":130280,"dur":1,"pid":1,"tid":0},
{"name":"Constraint /Biped/Rig/Movers/twist_aims/clavicle_trans_r_bind_follows_shoulder_r_bind","cat":"step","ph":"X","ts":130281,"dur":1,"pid":1,"tid":0},
{"name":"Constraint /Biped/Rig/Movers/twist_aims/pelvis_trans_r_bind_aim","cat":"step","ph":"X","ts":130282,"dur":2,"pid":1,"tid":0},
{"name":"Constraint /Biped/Rig/Movers/twist_aims/pelvis_trans_l_bind_aim","cat":"step","ph":"X","ts":130284,"dur":1,"pid":1,"tid":0},
{"name":"Constraint /Biped/Rig/Movers/twist_aims/kneeTwist_r_bind_aim","cat":"step","ph":"X","ts":130285,"dur":2,"pid":1,"tid":0},
{"name":"Constraint /Biped/Rig/Movers/twist_aims/kneeTwist_l_bind_aim","cat":"step","ph":"X","ts":130287,"dur":2,"pid":1,"tid":0},
{"name":"Constraint /Biped/Rig/Movers/twist_aims/thighNoTwist_r_bind_aim","cat":"step","ph":"X","ts":130289,"dur":1,"pid":1,"tid":0},
{"name":"Constraint /Biped/Rig/Movers/twist_aims/thighNoTwist_l_bind_aim","cat":"step","ph":"X","ts":130290,"dur":2,"pid":1,"tid":0},
{"name":"Constraint /Biped/Rig/Movers/twist_aims/clavicle_trans_r_bind_aim","cat":"step","ph":"X","ts":130292,"dur":2,"pid":1,"tid":0},
{"name":"Constraint /Biped/Rig/Movers/twist_aims/clavicle_trans_l_bind_aim","cat":"step","ph":"X","ts":130294,"dur":2,"pid":1,"tid":0},
{"name":"Constraint /Biped/Rig/Movers/twist_aims/elbowTwist_r_bind_aim","cat":"step","ph":"X","ts":130296,"dur":2,"pid":1,"tid":0},
{"name":"Constraint /Biped/Rig/Movers/twist_aims/elbowTwist_l_bind_aim","cat":"step","ph":"X","ts":130298,"dur":1,"pid":1,"tid":0},
{"name":"Constraint /Biped/Rig/Movers/twist_aims/shoulderNoTwist_r_bind_aim","cat":"step","ph":"X","ts":130299,"dur":2,"pid":1,"tid":0},
{"name":"Constraint /Biped/Rig/Movers/twist_aims/shoulderNoTwist_l_bind_aim","cat":"step","ph":"X","ts":130301,"dur":2,"pid":1,"tid":0},
{"name":"Constraint /Biped/Rig/Movers/pose_drivers/thigh_r_driver_copies_thigh_r_bind","cat":"step","ph":"X","ts":130303,"dur":2,"pid":1,"tid":0},
{"name":"Constraint /Biped/Rig/Movers/pose_drivers/thigh_l_driver_copies_thigh_l_bind","cat":"step","ph":"X","ts":130305,"dur":2,"pid":1,"tid":0},
{"name":"Constraint /Biped/Rig/Movers/pose_drivers/thigh_r_twist_driver_copies_thighNoTwist_r_bind","cat":"step","ph":"X","ts":130307,"dur":2,"pid":1,"tid":0},
{"name":"Constraint /Biped/Rig/Movers/pose_drivers/thigh_l_twist_driver_copies_thighNoTwist_l_bind","cat":"step","ph":"X","ts":130309,"dur":2,"pid":1,"tid":0},
{"name":"Constraint /Biped/Rig/Movers/pose_drivers/ankleTwist_r_driver_copies_ankleTwist_r_bind","cat":"step","ph":"X","ts":130311,"dur":2,"pid":1,"tid":0},
{"name":"Constraint /Biped/Rig/Movers/pose_drivers/ankleTwist_l_driver_copies_ankleTwist_l_bind","cat":"step","ph":"X","ts":130313,"dur":2,"pid":1,"tid":0},
{"name":"Constraint /Biped/Rig/Movers/pose_drivers/toe_r_driver_copies_ball_r_bind","cat":"step","ph":"X","ts":130315,"dur":2,"pid":1,"tid":0},
{"name":"Constraint /Biped/Rig/Movers/pose_drivers/toe_l_driver_copies_ball_l_bind","cat":"step","ph":"X","ts":130317,"dur":2,"pid":1,"tid":0},
{"name":"Constraint /Biped/Rig/Movers/pose_drivers/knee_r_driver_copies_knee_r_bind","cat":"step","ph":"X","ts":130319,"dur":2,"pid":1,"tid":0},
{"name":"Constraint /Biped/Rig/Movers/pose_drivers/knee_l_driver_copies_knee_l_bind","cat":"step","ph":"X","ts":130321,"dur":2,"pid":1,"tid":0},
{"name":"Constraint /Biped/Rig/Movers/pose_drivers/ankleSwing_r_driver_copies_ankle_r_bind","cat":"step","ph":"X","ts":130323,"dur":2,"pid":1,"tid":0},
{"name":"Constraint /Biped/Rig/Movers/pose_drivers/ankleSwing_l_driver_copies_ankle_l_bind","cat":"step","ph":"X","ts":130325,"dur":1,"pid":1,"tid":0},
{"name":"Constraint /Biped/Rig/Movers/pose_drivers/shoulder_r_driver_copies_shoulder_r_bind","cat":"step","ph":"X","ts":130326,"dur":3,"pid":1,"tid":0},
{"name":"Constraint /Biped/Rig/Movers/pose_drivers/shoulder_l_driver_copies_shoulder_l_bind","cat":"step","ph":"X","ts":130329,"dur":2,"pid":1,"tid":0},
{"name":"Constraint /Biped/Rig/Movers/pose_drivers/wristTwist_r_driver_copies_wristTwist_r_bind","cat":"step","ph":"X","ts":130331,"dur":2,"pid":1,"tid":0},
{"name":"Constraint /Biped/Rig/Movers/pose_drivers/wristTwist_l_driver_copies_wristTwist_l_bind","cat":"step","ph":"X","ts":130333,"dur":2,"pid":1,"tid":0},
{"name":"Constraint /Biped/Rig/Movers/pose_drivers/shoulder_r_twist_driver_copies_shoulderNoTwist_r_bind","cat":"step","ph":"X","ts":130335,"dur":2,"pid":1,"tid":0},
{"name":"Constraint /Biped/Rig/Movers/pose_drivers/shoulder_l_twist_driver_copies_shoulderNoTwist_l_bind","cat":"step","ph":"X","ts":130337,"dur":2,"pid":1,"tid":0},
{"name":"Constraint /Biped/Rig/Movers/pose_drivers/wristSwing_r_driver_copies_wrist_r_bind","cat":"step","ph":"X","ts":130339,"dur":2,"pid":1,"tid":0},
{"name":"Constraint /Biped/Rig/Movers/pose_drivers/wristSwing_l_driver_copies_wrist_l_bind","cat":"step","ph":"X","ts":130341,"dur":2,"pid":1,"tid":0},
{"name":"Constraint /Biped/Rig/Movers/pose_drivers/elbow_r_driver_copies_elbow_r_bind","cat":"step","ph":"X","ts":130343,"dur":2,"pid":1,"tid":0},
{"name":"Constraint /Biped/Rig/Movers/pose_drivers/elbow_l_driver_copies_elbow_l_bind","cat":"step","ph":"X","ts":130345,"dur":2,"pid":1,"tid":0},
{"name":"Constraint /Biped/Rig/Movers/param_follow/leg_r_params_to_ankle_r_bind","cat":"step","ph":"X","ts":130347,"dur":2,"pid":1,"tid":0},
{"name":"Constraint /Biped/Rig/Movers/param_follow/leg_l_params_to_ankle_l_bind","cat":"step","ph":"X","ts":130349,"dur":2,"pid":1,"tid":0},
{"name":"Constraint /Biped/Rig/Movers/param_follow/arm_r_params_to_wrist_r_bind","cat":"step","ph":"X","ts":130351,"dur":3,"pid":1,"tid":0},
{"name":"Constraint /Biped/Rig/Movers/param_follow/arm_l_params_to_wrist_l_bind","cat":"step","ph":"X","ts":130354,"dur":2,"pid":1,"tid":0},
{"name":"ProviderMatrix /Biped/Rig/Controls/leg_l_ik/ankle_l_pivot/bankIn_l_pivot/bankOut_l_pivot/heel_l_roll/heel_l/ball_l_pivot/toe_l_roll/toe_l/ballRoll_l_up/ballRoll_l_down final","cat":"step","ph":"X","ts":130356,"dur":1,"pid":1,"tid":0},
{"name":"ProviderMatrix /Biped/Rig/Joints/ankle_l_pivot final","cat":"step","ph":"X","ts":130357,"dur":1,"pid":1,"tid":0},
{"name":"ProviderMatrix /Biped/Rig/Joints/ankle_r_pivot/bankIn_r_pivot/bankOut_r_pivot/heel_r_pivot final","cat":"step","ph":"X","ts":130358,"dur":1,"pid":1,"tid":0},
{"name":"ProviderMatrix /Biped/Rig/Joints/hips_bind/pelvis_l_bind/pelvis_trans_l_bind/thigh_l_driver/thigh_l_twist_driver final","cat":"step","ph":"X","ts":130359,"dur":1,"pid":1,"tid":0},
{"name":"ProviderMatrix /Biped/Rig/Joints/hips_bind/pelvis_l_bind/thigh_l_bind/knee_l_bind/ankle_l_bind/ball_l_bind/toe1_001_l_bind/toe1_002_l_bind final","cat":"step","ph":"X","ts":130360,"dur":1,"pid":1,"tid":0},
{"name":"ProviderMatrix /Biped/Rig/Joints/hips_bind/pelvis_l_bind/thigh_l_bind/knee_l_bind/ankle_l_bind/ball_l_bind/toe4_001_l_bind final","cat":"step","ph":"X","ts":130361,"dur":1,"pid":1,"tid":0},
{"name":"ProviderMatrix /Biped/Rig/Joints/hips_bind/pelvis_r_bind final","cat":"step","ph":"X","ts":130362,"dur":1,"pid":1,"tid":0},
{"name":"ProviderMatrix /Biped/Rig/Joints/hips_bind/pelvis_r_bind/thigh_r_bind/knee_r_bind/ankleTwist_r_driver final","cat":"step","ph":"X","ts":130363,"dur":1,"pid":1,"tid":0},
{"name":"ProviderMatrix /Biped/Rig/Joints/hips_bind/pelvis_r_bind/thigh_r_bind/knee_r_bind/ankle_r_bind/ball_r_bind/toe3_001_r_bind final","cat":"step","ph":"X","ts":130364,"dur":1,"pid":1,"tid":0},
{"name":"ProviderMatrix /Biped/Rig/Joints/hips_bind/pelvis_r_bind/thigh_r_bind/knee_r_bind/ankle_r_bind/ball_r_bind/toe5_001_r_bind/toe5_002_r_bind/toe5_003_r_bind/toe5_004_r_bind final","cat":"step","ph":"X","ts":130365,"dur":1,"pid":1,"tid":0},
{"name":"ProviderMatrix /Biped/Rig/Joints/hips_bind/spine_0_bind/spine_1_bind/spine_2_bind/spine_3_bind/spine_4_bind/spine_5_bind/chest_bind final","cat":"step","ph":"X","ts":130366,"dur":1,"pid":1,"tid":0},
{"name":"ProviderMatrix /Biped/Rig/Joints/hips_bind/spine_0_bind/spine_1_bind/spine_2_bind/spine_3_bind/spine_4_bind/spine_5_bind/chest_bind/clavicle_l_bind/shoulder_l_bind/elbow_l_bind/elbowTwist_l_bind/elbow_l_driver final","cat":"step","ph":"X","ts":130367,"dur":1,"pid":1,"tid":0},
{"name":"ProviderMatrix /Biped/Rig/Joints/hips_bind/spine_0_bind/spine_1_bind/spine_2_bind/spine_3_bind/spine_4_bind/spine_5_bind/chest_bind/clavicle_l_bind/shoulder_l_bind/elbow_l_bind/wrist_l_bind/middle_001_l_bind final","cat":"step","ph":"X","ts":130368,"dur":1,"pid":1,"tid":0},
{"name":"ProviderMatrix /Biped/Rig/Joints/hips_bind/spine_0_bind/spine_1_bind/spine_2_bind/spine_3_bind/spine_4_bind/spine_5_bind/chest_bind/clavicle_l_bind/shoulder_l_bind/elbow_l_bind/wrist_l_bind/pinkyCup_l_bind/pinky_001_l_bind/pinky_002_l_bind/pinky_003_l_bind/pinky_004_l_bind final","cat":"step","ph":"X","ts":130369,"dur":1,"pid":1,"tid":0},
{"name":"ProviderMatrix /Biped/Rig/Joints/hips_bind/spine_0_bind/spine_1_bind/spine_2_bind/spine_3_bind/spine_4_bind/spine_5_bind/chest_bind/clavicle_l_bind/shoulder_l_bind/elbow_l_bind/wrist_l_bind/thumbCup_l_bind/thumb_001_l_bind/thumb_002_l_bind/thumb_003_l_bind final","cat":"step","ph":"X","ts":130370,"dur":1,"pid":1,"tid":0},
{"name":"ProviderMatrix /Biped/Rig/Joints/hips_bind/spine_0_bind/spine_1_bind/spine_2_bind/spine_3_bind/spine_4_bind/spine_5_bind/chest_bind/clavicle_r_bind/shoulder_r_bind/elbow_r_bind/elbowTwist_r_bind final","cat":"step","ph":"X","ts":130371,"dur":1,"pid":1,"tid":0},
{"name":"ProviderMatrix /Biped/Rig/Joints/hips_bind/spine_0_bind/spine_1_bind/spine_2_bind/spine_3_bind/spine_4_bind/spine_5_bind/chest_bind/clavicle_r_bind/shoulder_r_bind/elbow_r_bind/wrist_r_bind/index_001_r_bind/index_002_r_bind/index_003_r_bind/index_004_r_bind/index_005_r_bind final","cat":"step","ph":"X","ts":130372,"dur":1,"pid":1,"tid":0},
{"name":"ProviderMatrix /Biped/Rig/Joints/hips_bind/spine_0_bind/spine_1_bind/spine_2_bind/spine_3_bind/spine_4_bind/spine_5_bind/chest_bind/clavicle_r_bind/shoulder_r_bind/elbow_r_bind/wrist_r_bind/pinkyCup_r_bind/pinky_001_r_bind/pinky_002_r_bind/pinky_003_r_bind final","cat":"step","ph":"X","ts":130373,"dur":1,"pid":1,"tid":0},
{"name":"ProviderMatrix /Biped/Rig/Joints/hips_bind/spine_0_bind/spine_1_bind/spine_2_bind/spine_3_bind/spine_4_bind/spine_5_bind/chest_bind/clavicle_r_bind/shoulder_r_bind/elbow_r_bind/wrist_r_bind/thumbCup_r_bind/thumb_001_r_bind final","cat":"step","ph":"X","ts":130374,"dur":1,"pid":1,"tid":0},
{"name":"ProviderMatrix /Biped/Rig/Joints/hips_bind/spine_0_bind/spine_1_bind/spine_2_bind/spine_3_bind/spine_4_bind/spine_5_bind/chest_bind/neck_base_bind/neck_0_bind/neck_1_bind/neck_2_bind/neck_3_bind/skull_bind/face_lower_bind/face_mid_bind final","cat":"step","ph":"X","ts":130375,"dur":1,"pid":1,"tid":0},
{"name":"ProviderMatrix /Biped/Rig/Joints/hips_bind/spine_0_bind/spine_1_bind/spine_2_bind/spine_3_bind/spine_4_bind/spine_5_bind/chest_bind/neck_base_bind/neck_0_bind/neck_1_bind/neck_2_bind/neck_3_bind/skull_bind/face_lower_bind/jaw_bind/tongue_0_bind/tongue_1_bind/tongue_2_bind/tongue_3_bind final","cat":"step","ph":"X","ts":130376,"dur":1,"pid":1,"tid":0},
{"name":"ProviderMatrix /Biped/Rig/Joints/hips_bind/spine_0_bind/spine_1_bind/spine_2_bind/spine_3_bind/spine_4_bind/spine_5_bind/chest_bind/neck_base_bind/neck_0_bind/neck_1_bind/neck_2_bind/neck_3_bind/skull_bind/face_upper_bind/head_tip_bind/brow_peak_l_bind final","cat":"step","ph":"X","ts":130377,"dur":1,"pid":1,"tid":0},
{"name":"ProviderMatrix /Biped/Rig/Joints/spine_ik_spine_0_bind/spine_ik_spine_1_bind/spine_ik_spine_2_bind final","cat":"step","ph":"X","ts":130378,"dur":1,"pid":1,"tid":0},
{"name":"InfluenceFold /Biped/Rig/Movers/skin_body_geo/body_geo_skin","cat":"step","ph":"X","ts":130379,"dur":23,"pid":1,"tid":0},
{"name":"RevisionChunk /Biped/Rig/Movers/skin_body_geo/body_geo_skin","cat":"step","ph":"X","ts":130402,"dur":429,"pid":1,"tid":0},
{"name":"RevisionFuse /Biped/Rig/Movers/skin_body_geo/body_geo_skin","cat":"step","ph":"X","ts":130831,"dur":3,"pid":1,"tid":0},
{"name":"ChainStatus /Biped/Geom/body_geo.points","cat":"step","ph":"X","ts":130834,"dur":23,"pid":1,"tid":0},
{"name":"Derived /Biped/Geom/body_geo.extent","cat":"step","ph":"X","ts":130857,"dur":260,"pid":1,"tid":0},
{"name":"BakedPublish","cat":"baked","ph":"X","ts":131187,"dur":63,"pid":1,"tid":0},
{"name":"BakedEpilogue","cat":"baked","ph":"X","ts":131118,"dur":138,"pid":1,"tid":0},
{"name":"Baked","cat":"baked","ph":"X","ts":129826,"dur":1431,"pid":1,"tid":0},
{"name":"Evaluate.Run","cat":"evaluate","ph":"X","ts":129826,"dur":1431,"pid":1,"tid":0},
{"name":"Evaluate@6","cat":"evaluate","ph":"X","ts":129824,"dur":1434,"pid":1,"tid":0},
{"name":"Evaluate.Settle","cat":"evaluate","ph":"X","ts":131275,"dur":0,"pid":1,"tid":0},
{"name":"Evaluate.PlaceOverrides","cat":"evaluate","ph":"X","ts":131276,"dur":0,"pid":1,"tid":0},
{"name":"PropertyChains","cat":"property","ph":"X","ts":131279,"dur":6,"pid":1,"tid":0},
{"name":"BakedInputs","cat":"baked","ph":"X","ts":131286,"dur":9,"pid":1,"tid":0},
{"name":"BakedChainBase","cat":"geometry","ph":"X","ts":131397,"dur":1,"pid":1,"tid":0},
{"name":"BakedPrologue","cat":"baked","ph":"X","ts":131278,"dur":121,"pid":1,"tid":0},
{"name":"BakedRegion","cat":"baked","ph":"X","ts":131399,"dur":1079,"pid":1,"tid":0},
{"name":"ComposeSubtree /Biped/Rig/Controls/arm_l_ik","cat":"step","ph":"X","ts":131427,"dur":1,"pid":1,"tid":0},
{"name":"ComposeSubtree /Biped/Rig/Controls/arm_l_pv","cat":"step","ph":"X","ts":131428,"dur":1,"pid":1,"tid":0},
{"name":"ComposeSubtree /Biped/Rig/Controls/hips_ctl","cat":"step","ph":"X","ts":131429,"dur":1,"pid":1,"tid":0},
{"name":"ComposeSubtree /Biped/Rig/Controls/hips_ctl/spine_root_pivot/spine_root_ctl/pelvis_r_ctl","cat":"step","ph":"X","ts":131430,"dur":1,"pid":1,"tid":0},
{"name":"ComposeSubtree /Biped/Rig/Controls/hips_ctl/torso_ctl/spine_end_pivot/spine_end_ctl","cat":"step","ph":"X","ts":131431,"dur":1,"pid":1,"tid":0},
{"name":"ComposeSubtree /Biped/Rig/Controls/hips_ctl/torso_ctl/spine_end_pivot/spine_end_ctl/clavicle_r_ctl","cat":"step","ph":"X","ts":131432,"dur":1,"pid":1,"tid":0},
{"name":"ComposeSubtree /Biped/Rig/Controls/index_001_l_bind_fk_follow","cat":"step","ph":"X","ts":131433,"dur":1,"pid":1,"tid":0},
{"name":"ComposeSubtree /Biped/Rig/Controls/index_001_r_bind_fk_follow/index_001_r_bind_fk/index_002_r_bind_fk/index_003_r_bind_fk","cat":"step","ph":"X","ts":131434,"dur":1,"pid":1,"tid":0},
{"name":"ComposeSubtree /Biped/Rig/Controls/leg_l_ik/ankle_l_pivot/bankIn_l_pivot/bankOut_l_pivot/heel_l_roll","cat":"step","ph":"X","ts":131435,"dur":1,"pid":1,"tid":0},
{"name":"ComposeSubtree /Biped/Rig/Controls/leg_l_ik/ankle_l_pivot/bankIn_l_pivot/bankOut_l_pivot/heel_l_roll/heel_l/ball_l_pivot/toe_l_roll/toe_l/ballRoll_l_up/ballRoll_l_down/ballRoll_l/ankle_l_ikTarget","cat":"step","ph":"X","ts":131436,"dur":1,"pid":1,"tid":0},
{"name":"ComposeSubtree /Biped/Rig/Controls/leg_l_ik/ankle_l_pivot/bankIn_l_pivot/bankOut_l_pivot/heel_l_roll/heel_l/ball_l_pivot/toe_l_roll_twin","cat":"step","ph":"X","ts":131437,"dur":1,"pid":1,"tid":0},
{"name":"ComposeSubtree /Biped/Rig/Controls/leg_r_ik/ankle_r_pivot","cat":"step","ph":"X","ts":131438,"dur":1,"pid":1,"tid":0},
{"name":"ComposeSubtree /Biped/Rig/Controls/leg_r_ik/ankle_r_pivot/bankIn_r_pivot/bankOut_r_pivot/heel_r_roll/heel_r/ball_r_pivot/toe_r_roll","cat":"step","ph":"X","ts":131439,"dur":1,"pid":1,"tid":0},
{"name":"ComposeSubtree /Biped/Rig/Controls/leg_r_ik/ankle_r_pivot/bankIn_r_pivot/bankOut_r_pivot/heel_r_roll/heel_r/ball_r_pivot/toe_r_roll/toe_r/ballRoll_r_up_twin","cat":"step","ph":"X","ts":131440,"dur":1,"pid":1,"tid":0},
{"name":"ComposeSubtree /Biped/Rig/Controls/leg_r_ik/ankle_r_pivot/bankIn_r_pivot/bankOut_r_pivot_twin","cat":"step","ph":"X","ts":131441,"dur":1,"pid":1,"tid":0},
{"name":"ComposeSubtree /Biped/Rig/Controls/middle_001_l_bind_fk_follow/middle_001_l_bind_fk/middle_002_l_bind_fk/middle_003_l_bind_fk","cat":"step","ph":"X","ts":131442,"dur":1,"pid":1,"tid":0},
{"name":"ComposeSubtree /Biped/Rig/Controls/pinkyCup_l_bind_fk_follow","cat":"step","ph":"X","ts":131443,"dur":1,"pid":1,"tid":0},
{"name":"ComposeSubtree /Biped/Rig/Controls/pinkyCup_r_bind_fk_follow/pinkyCup_r_bind_fk/pinky_001_r_bind_fk/pinky_002_r_bind_fk/pinky_003_r_bind_fk","cat":"step","ph":"X","ts":131444,"dur":1,"pid":1,"tid":0},
{"name":"ComposeSubtree /Biped/Rig/Controls/ring_001_r_bind_fk_follow","cat":"step","ph":"X","ts":131445,"dur":1,"pid":1,"tid":0},
{"name":"ComposeSubtree /Biped/Rig/Controls/thumbCup_l_bind_fk_follow","cat":"step","ph":"X","ts":131446,"dur":1,"pid":1,"tid":0},
{"name":"ComposeSubtree /Biped/Rig/Controls/thumbCup_r_bind_fk_follow/thumbCup_r_bind_fk/thumb_001_r_bind_fk/thumb_002_r_bind_fk","cat":"step","ph":"X","ts":131447,"dur":1,"pid":1,"tid":0},
{"name":"ComposeSubtree /Biped/Rig/Joints/ankle_l_pivot/bankIn_l_pivot/bankOut_l_pivot/heel_l_pivot/ball_l_pivot/toe_l_pivot/ballRoll_l_pivot","cat":"step","ph":"X","ts":131448,"dur":1,"pid":1,"tid":0},
{"name":"ComposeSubtree /Biped/Rig/Joints/hips_bind","cat":"step","ph":"X","ts":131449,"dur":1,"pid":1,"tid":0},
{"name":"ComposeSubtree /Biped/Rig/Joints/hips_bind/pelvis_l_bind/thighNoTwist_l_bind","cat":"step","ph":"X","ts":131450,"dur":1,"pid":1,"tid":0},
{"name":"ComposeSubtree /Biped/Rig/Joints/hips_bind/pelvis_l_bind/thigh_l_bind/knee_l_bind/ankle_l_bind/ball_l_bind/toe1_001_l_bind/toe1_002_l_bind","cat":"step","ph":"X","ts":131451,"dur":1,"pid":1,"tid":0},
{"name":"ComposeSubtree /Biped/Rig/Joints/hips_bind/pelvis_l_bind/thigh_l_bind/knee_l_bind/ankle_l_bind/ball_l_bind/toe3_001_l_bind","cat":"step","ph":"X","ts":131452,"dur":1,"pid":1,"tid":0},
{"name":"ComposeSubtree /Biped/Rig/Joints/hips_bind/pelvis_l_bind/thigh_l_bind/knee_l_bind/ankle_l_bind/ball_l_bind/toe5_001_l_bind","cat":"step","ph":"X","ts":131453,"dur":1,"pid":1,"tid":0},
{"name":"ComposeSubtree /Biped/Rig/Joints/hips_bind/pelvis_r_bind","cat":"step","ph":"X","ts":131454,"dur":1,"pid":1,"tid":0},
{"name":"ComposeSubtree /Biped/Rig/Joints/hips_bind/pelvis_r_bind/thigh_r_bind/knee_r_bind/ankleTwist_r_bind","cat":"step","ph":"X","ts":131455,"dur":1,"pid":1,"tid":0},
{"name":"ComposeSubtree /Biped/Rig/Joints/hips_bind/pelvis_r_bind/thigh_r_bind/knee_r_bind/ankle_r_bind/ball_r_bind/toe1_001_r_bind/toe1_002_r_bind/toe1_003_r_bind","cat":"step","ph":"X","ts":131456,"dur":1,"pid":1,"tid":0},
{"name":"ComposeSubtree /Biped/Rig/Joints/hips_bind/pelvis_r_bind/thigh_r_bind/knee_r_bind/ankle_r_bind/ball_r_bind/toe3_001_r_bind/toe3_002_r_bind/toe3_003_r_bind","cat":"step","ph":"X","ts":131457,"dur":1,"pid":1,"tid":0},
{"name":"ComposeSubtree /Biped/Rig/Joints/hips_bind/pelvis_r_bind/thigh_r_bind/knee_r_bind/ankle_r_bind/ball_r_bind/toe5_001_r_bind/toe5_002_r_bind/toe5_003_r_bind","cat":"step","ph":"X","ts":131458,"dur":1,"pid":1,"tid":0},
{"name":"ComposeSubtree /Biped/Rig/Joints/hips_bind/spine_0_bind/spine_1_bind/spine_2_bind","cat":"step","ph":"X","ts":131459,"dur":1,"pid":1,"tid":0},
{"name":"ComposeSubtree /Biped/Rig/Joints/hips_bind/spine_0_bind/spine_1_bind/spine_2_bind/spine_3_bind/spine_4_bind/spine_5_bind/chest_bind/clavicle_l_bind/clavicle_trans_l_bind/shoulder_l_driver","cat":"step","ph":"X","ts":131460,"dur":1,"pid":1,"tid":0},
{"name":"ComposeSubtree /Biped/Rig/Joints/hips_bind/spine_0_bind/spine_1_bind/spine_2_bind/spine_3_bind/spine_4_bind/spine_5_bind/chest_bind/clavicle_l_bind/shoulder_l_bind/elbow_l_bind/wristTwist_l_bind","cat":"step","ph":"X","ts":131461,"dur":1,"pid":1,"tid":0},
{"name":"ComposeSubtree /Biped/Rig/Joints/hips_bind/spine_0_bind/spine_1_bind/spine_2_bind/spine_3_bind/spine_4_bind/spine_5_bind/chest_bind/clavicle_l_bind/shoulder_l_bind/elbow_l_bind/wrist_l_bind/index_001_l_bind/index_002_l_bind/index_003_l_bind/index_004_l_bind","cat":"step","ph":"X","ts":131462,"dur":1,"pid":1,"tid":0},
{"name":"ComposeSubtree /Biped/Rig/Joints/hips_bind/spine_0_bind/spine_1_bind/spine_2_bind/spine_3_bind/spine_4_bind/spine_5_bind/chest_bind/clavicle_l_bind/shoulder_l_bind/elbow_l_bind/wrist_l_bind/pinkyCup_l_bind","cat":"step","ph":"X","ts":131463,"dur":1,"pid":1,"tid":0},
{"name":"ComposeSubtree /Biped/Rig/Joints/hips_bind/spine_0_bind/spine_1_bind/spine_2_bind/spine_3_bind/spine_4_bind/spine_5_bind/chest_bind/clavicle_l_bind/shoulder_l_bind/elbow_l_bind/wrist_l_bind/ring_001_l_bind","cat":"step","ph":"X","ts":131464,"dur":1,"pid":1,"tid":0},
{"name":"ComposeSubtree /Biped/Rig/Joints/hips_bind/spine_0_bind/spine_1_bind/spine_2_bind/spine_3_bind/spine_4_bind/spine_5_bind/chest_bind/clavicle_l_bind/shoulder_l_bind/elbow_l_bind/wrist_l_bind/thumbCup_l_bind/thumb_001_l_bind/thumb_002_l_bind/thumb_003_l_bind","cat":"step","ph":"X","ts":131465,"dur":1,"pid":1,"tid":0},
{"name":"ComposeSubtree /Biped/Rig/Joints/hips_bind/spine_0_bind/spine_1_bind/spine_2_bind/spine_3_bind/spine_4_bind/spine_5_bind/chest_bind/clavicle_r_bind/shoulderNoTwist_r_bind","cat":"step","ph":"X","ts":131466,"dur":1,"pid":1,"tid":0},
{"name":"ComposeSubtree /Biped/Rig/Joints/hips_bind/spine_0_bind/spine_1_bind/spine_2_bind/spine_3_bind/spine_4_bind/spine_5_bind/chest_bind/clavicle_r_bind/shoulder_r_bind/elbow_r_bind/wrist_r_bind/index_001_r_bind","cat":"step","ph":"X","ts":131467,"dur":1,"pid":1,"tid":0},
{"name":"ComposeSubtree /Biped/Rig/Joints/hips_bind/spine_0_bind/spine_1_bind/spine_2_bind/spine_3_bind/spine_4_bind/spine_5_bind/chest_bind/clavicle_r_bind/shoulder_r_bind/elbow_r_bind/wrist_r_bind/middle_001_r_bind/middle_002_r_bind","cat":"step","ph":"X","ts":131468,"dur":1,"pid":1,"tid":0},
{"name":"ComposeSubtree /Biped/Rig/Joints/hips_bind/spine_0_bind/spine_1_bind/spine_2_bind/spine_3_bind/spine_4_bind/spine_5_bind/chest_bind/clavicle_r_bind/shoulder_r_bind/elbow_r_bind/wrist_r_bind/pinkyCup_r_bind/pinky_001_r_bind/pinky_002_combo_r_driver","cat":"step","ph":"X","ts":131469,"dur":1,"pid":1,"tid":0},
{"name":"ComposeSubtree /Biped/Rig/Joints/hips_bind/spine_0_bind/spine_1_bind/spine_2_bind/spine_3_bind/spine_4_bind/spine_5_bind/chest_bind/clavicle_r_bind/shoulder_r_bind/elbow_r_bind/wrist_r_bind/ring_001_r_bind/ring_002_r_bind/ring_003_r_bind/ring_004_r_bind","cat":"step","ph":"X","ts":131470,"dur":1,"pid":1,"tid":0},
{"name":"ComposeSubtree /Biped/Rig/Joints/hips_bind/spine_0_bind/spine_1_bind/spine_2_bind/spine_3_bind/spine_4_bind/spine_5_bind/chest_bind/neck_base_bind","cat":"step","ph":"X","ts":131471,"dur":1,"pid":1,"tid":0},
{"name":"ComposeSubtree /Biped/Rig/Joints/hips_bind/spine_0_bind/spine_1_bind/spine_2_bind/spine_3_bind/spine_4_bind/spine_5_bind/chest_bind/neck_base_bind/neck_0_bind/neck_1_bind/neck_2_bind/neck_3_bind/skull_bind/face_lower_bind/face_mid_bind/jaw_compression_driver","cat":"step","ph":"X","ts":131472,"dur":1,"pid":1,"tid":0},
{"name":"ComposeSubtree /Biped/Rig/Joints/hips_bind/spine_0_bind/spine_1_bind/spine_2_bind/spine_3_bind/spine_4_bind/spine_5_bind/chest_bind/neck_base_bind/neck_0_bind/neck_1_bind/neck_2_bind/neck_3_bind/skull_bind/face_lower_bind/jaw_bind/tongue_0_bind","cat":"step","ph":"X","ts":131473,"dur":1,"pid":1,"tid":0},
{"name":"ComposeSubtree /Biped/Rig/Joints/hips_bind/spine_0_bind/spine_1_bind/spine_2_bind/spine_3_bind/spine_4_bind/spine_5_bind/chest_bind/neck_base_bind/neck_0_bind/neck_1_bind/neck_2_bind/neck_3_bind/skull_bind/face_upper_bind/eyeSocket_r_bind","cat":"step","ph":"X","ts":131474,"dur":1,"pid":1,"tid":0},
{"name":"ComposeSubtree /Biped/Rig/Joints/hips_bind/spine_0_bind/spine_1_bind/spine_2_bind/spine_3_bind/spine_4_bind/spine_5_bind/chest_bind/neck_base_bind/neck_0_bind/neck_1_bind/neck_2_bind/neck_3_bind/skull_bind/face_upper_bind/head_tip_bind/brow_peak_r_bind","cat":"step","ph":"X","ts":131475,"dur":1,"pid":1,"tid":0},
{"name":"ComposeSubtree /Biped/Rig/Joints/pupilCenter_l_pivot","cat":"step","ph":"X","ts":131476,"dur":1,"pid":1,"tid":0},
{"name":"Solve /Biped/Rig/Solvers/arm_l_fkChain","cat":"step","ph":"X","ts":131477,"dur":1,"pid":1,"tid":0},
{"name":"Solve /Biped/Rig/Solvers/arm_l_twoBoneIk","cat":"step","ph":"X","ts":131478,"dur":1,"pid":1,"tid":0},
{"name":"Solve /Biped/Rig/Solvers/arm_r_fkChain","cat":"step","ph":"X","ts":131479,"dur":1,"pid":1,"tid":0},
{"name":"Solve /Biped/Rig/Solvers/leg_l_fkChain","cat":"step","ph":"X","ts":131480,"dur":1,"pid":1,"tid":0},
{"name":"Solve /Biped/Rig/Solvers/neck_splineIk","cat":"step","ph":"X","ts":131481,"dur":7,"pid":1,"tid":0},
{"name":"SolverCommit batch 6","cat":"step","ph":"X","ts":131488,"dur":1,"pid":1,"tid":0},
{"name":"Solve /Biped/Rig/Solvers/spine_splineIk","cat":"step","ph":"X","ts":131489,"dur":6,"pid":1,"tid":0},
{"name":"SolverCommit batch 7","cat":"step","ph":"X","ts":131495,"dur":1,"pid":1,"tid":0},
{"name":"SolverCommit batch 8","cat":"step","ph":"X","ts":131496,"dur":2,"pid":1,"tid":0},
{"name":"SolverCommit batch 9","cat":"step","ph":"X","ts":131498,"dur":1,"pid":1,"tid":0},
{"name":"Constraint /Biped/Rig/Movers/spine_mid_follow/spine_mid_follow_pos","cat":"step","ph":"X","ts":131499,"dur":6,"pid":1,"tid":0},
{"name":"Solve /Biped/Rig/Solvers/fk_thumb_r","cat":"step","ph":"X","ts":131505,"dur":1,"pid":1,"tid":0},
{"name":"Solve /Biped/Rig/Solvers/fk_ring_r","cat":"step","ph":"X","ts":131506,"dur":1,"pid":1,"tid":0},
{"name":"SolverCommit batch 12","cat":"step","ph":"X","ts":131507,"dur":1,"pid":1,"tid":0},
{"name":"Solve /Biped/Rig/Solvers/fk_pinky_r","cat":"step","ph":"X","ts":131508,"dur":1,"pid":1,"tid":0},
{"name":"SolverCommit batch 13","cat":"step","ph":"X","ts":131509,"dur":1,"pid":1,"tid":0},
{"name":"SolverCommit batch 14","cat":"step","ph":"X","ts":131510,"dur":1,"pid":1,"tid":0},
{"name":"Solve /Biped/Rig/Solvers/fk_index_r","cat":"step","ph":"X","ts":131511,"dur":1,"pid":1,"tid":0},
{"name":"Solve /Biped/Rig/Solvers/fk_thumb_l","cat":"step","ph":"X","ts":131512,"dur":1,"pid":1,"tid":0},
{"name":"Solve /Biped/Rig/Solvers/fk_ring_l","cat":"step","ph":"X","ts":131513,"dur":1,"pid":1,"tid":0},
{"name":"SolverCommit batch 17","cat":"step","ph":"X","ts":131514,"dur":1,"pid":1,"tid":0},
{"name":"Solve /Biped/Rig/Solvers/fk_pinky_l","cat":"step","ph":"X","ts":131515,"dur":1,"pid":1,"tid":0},
{"name":"Solve /Biped/Rig/Solvers/fk_middle_l","cat":"step","ph":"X","ts":131516,"dur":1,"pid":1,"tid":0},
{"name":"Solve /Biped/Rig/Solvers/fk_index_l","cat":"step","ph":"X","ts":131517,"dur":1,"pid":1,"tid":0},
{"name":"Constraint /Biped/Rig/Movers/spine_mid_follow/spine_mid_follow_aim","cat":"step","ph":"X","ts":131518,"dur":3,"pid":1,"tid":0},
{"name":"Constraint /Biped/Rig/Movers/hand_r_follow/thumbCup_r_bind_fk_follow_to_wrist_r_bind","cat":"step","ph":"X","ts":131521,"dur":3,"pid":1,"tid":0},
{"name":"Constraint /Biped/Rig/Movers/hand_r_follow/ring_001_r_bind_fk_follow_to_wrist_r_bind","cat":"step","ph":"X","ts":131524,"dur":3,"pid":1,"tid":0},
{"name":"Constraint /Biped/Rig/Movers/hand_r_follow/pinkyCup_r_bind_fk_follow_to_wrist_r_bind","cat":"step","ph":"X","ts":131527,"dur":2,"pid":1,"tid":0},
{"name":"Constraint /Biped/Rig/Movers/hand_r_follow/middle_001_r_bind_fk_follow_to_wrist_r_bind","cat":"step","ph":"X","ts":131529,"dur":2,"pid":1,"tid":0},
{"name":"Constraint /Biped/Rig/Movers/hand_r_follow/index_001_r_bind_fk_follow_to_wrist_r_bind","cat":"step","ph":"X","ts":131531,"dur":3,"pid":1,"tid":0},
{"name":"Constraint /Biped/Rig/Movers/hand_l_follow/thumbCup_l_bind_fk_follow_to_wrist_l_bind","cat":"step","ph":"X","ts":131534,"dur":2,"pid":1,"tid":0},
{"name":"Constraint /Biped/Rig/Movers/hand_l_follow/ring_001_l_bind_fk_follow_to_wrist_l_bind","cat":"step","ph":"X","ts":131536,"dur":2,"pid":1,"tid":0},
{"name":"Constraint /Biped/Rig/Movers/hand_l_follow/pinkyCup_l_bind_fk_follow_to_wrist_l_bind","cat":"step","ph":"X","ts":131538,"dur":3,"pid":1,"tid":0},
{"name":"Constraint /Biped/Rig/Movers/hand_l_follow/middle_001_l_bind_fk_follow_to_wrist_l_bind","cat":"step","ph":"X","ts":131541,"dur":2,"pid":1,"tid":0},
{"name":"Constraint /Biped/Rig/Movers/hand_l_follow/index_001_l_bind_fk_follow_to_wrist_l_bind","cat":"step","ph":"X","ts":131543,"dur":2,"pid":1,"tid":0},
{"name":"Constraint /Biped/Rig/Movers/bankIn_r_pivot_rc/bankIn_r_pivot_rotation","cat":"step","ph":"X","ts":131545,"dur":1,"pid":1,"tid":0},
{"name":"Constraint /Biped/Rig/Movers/bankOut_r_pivot_rc/bankOut_r_pivot_rotation","cat":"step","ph":"X","ts":131546,"dur":1,"pid":1,"tid":0},
{"name":"Constraint /Biped/Rig/Movers/toe_r_roll_rc/toe_r_roll_rotation","cat":"step","ph":"X","ts":131547,"dur":1,"pid":1,"tid":0},
{"name":"Solve /Biped/Rig/Solvers/leg_r_twoBoneIk","cat":"step","ph":"X","ts":131548,"dur":1,"pid":1,"tid":0},
{"name":"SolverCommit batch 39","cat":"step","ph":"X","ts":131549,"dur":4,"pid":1,"tid":0},
{"name":"Constraint /Biped/Rig/Movers/ankle_r_bind_scAim/ankle_r_bind_aim","cat":"step","ph":"X","ts":131553,"dur":4,"pid":1,"tid":0},
{"name":"Constraint /Biped/Rig/Movers/ball_r_bind_scAim/ball_r_bind_aim","cat":"step","ph":"X","ts":131557,"dur":4,"pid":1,"tid":0},
{"name":"Constraint /Biped/Rig/Movers/bankOut_l_pivot_rc/bankOut_l_pivot_rotation","cat":"step","ph":"X","ts":131561,"dur":1,"pid":1,"tid":0},
{"name":"Constraint /Biped/Rig/Movers/ballRoll_l_up_rc/ballRoll_l_up_rotation","cat":"step","ph":"X","ts":131562,"dur":1,"pid":1,"tid":0},
{"name":"SolverCommit batch 48","cat":"step","ph":"X","ts":131563,"dur":1,"pid":1,"tid":0},
{"name":"SolverCommit batch 49","cat":"step","ph":"X","ts":131564,"dur":3,"pid":1,"tid":0},
{"name":"Constraint /Biped/Rig/Movers/ankle_l_bind_scAim/ankle_l_bind_aim","cat":"step","ph":"X","ts":131567,"dur":4,"pid":1,"tid":0},
{"name":"Constraint /Biped/Rig/Movers/ball_l_bind_scAim/ball_l_bind_aim","cat":"step","ph":"X","ts":131571,"dur":4,"pid":1,"tid":0},
{"name":"Constraint /Biped/Rig/Movers/hips_follow/spine_root_ctl_drives_hips_bind","cat":"step","ph":"X","ts":131575,"dur":2,"pid":1,"tid":0},
{"name":"PropagateChunk /Biped/Rig/Movers/hips_follow/spine_root_ctl_drives_hips_bind","cat":"step","ph":"X","ts":131577,"dur":3,"pid":1,"tid":0},
{"name":"CommitApply /Biped/Rig/Movers/hips_follow/spine_root_ctl_drives_hips_bind","cat":"step","ph":"X","ts":131580,"dur":1,"pid":1,"tid":0},
{"name":"Constraint /Biped/Rig/Movers/hips_follow/spine_root_ctl_scales_hips_bind","cat":"step","ph":"X","ts":131581,"dur":1,"pid":1,"tid":0},
{"name":"PropagateChunk /Biped/Rig/Movers/hips_follow/spine_root_ctl_scales_hips_bind","cat":"step","ph":"X","ts":131582,"dur":4,"pid":1,"tid":0},
{"name":"PropagateChunk /Biped/Rig/Movers/hips_follow/spine_root_ctl_scales_hips_bind","cat":"step","ph":"X","ts":131586,"dur":1,"pid":1,"tid":0},
{"name":"Constraint /Biped/Rig/Movers/spine_to_bind/spine_ik_spine_0_bind_scale_to_spine_0_bind","cat":"step","ph":"X","ts":131587,"dur":5,"pid":1,"tid":0},
{"name":"Constraint /Biped/Rig/Movers/spine_to_bind/spine_ik_spine_0_bind_to_spine_0_bind","cat":"step","ph":"X","ts":131592,"dur":5,"pid":1,"tid":0},
{"name":"Constraint /Biped/Rig/Movers/spine_to_bind/spine_ik_spine_1_bind_scale_to_spine_1_bind","cat":"step","ph":"X","ts":131597,"dur":4,"pid":1,"tid":0},
{"name":"Constraint /Biped/Rig/Movers/spine_to_bind/spine_ik_spine_1_bind_to_spine_1_bind","cat":"step","ph":"X","ts":131601,"dur":5,"pid":1,"tid":0},
{"name":"Constraint /Biped/Rig/Movers/spine_to_bind/spine_ik_spine_2_bind_scale_to_spine_2_bind","cat":"step","ph":"X","ts":131606,"dur":5,"pid":1,"tid":0},
{"name":"Constraint /Biped/Rig/Movers/spine_to_bind/spine_ik_spine_2_bind_to_spine_2_bind","cat":"step","ph":"X","ts":131611,"dur":5,"pid":1,"tid":0},
{"name":"Constraint /Biped/Rig/Movers/spine_to_bind/spine_ik_spine_3_bind_scale_to_spine_3_bind","cat":"step","ph":"X","ts":131616,"dur":4,"pid":1,"tid":0},
{"name":"Constraint /Biped/Rig/Movers/spine_to_bind/spine_ik_spine_3_bind_to_spine_3_bind","cat":"step","ph":"X","ts":131620,"dur":5,"pid":1,"tid":0},
{"name":"Constraint /Biped/Rig/Movers/spine_to_bind/spine_ik_spine_4_bind_scale_to_spine_4_bind","cat":"step","ph":"X","ts":131625,"dur":4,"pid":1,"tid":0},
{"name":"Constraint /Biped/Rig/Movers/spine_to_bind/spine_ik_spine_4_bind_to_spine_4_bind","cat":"step","ph":"X","ts":131629,"dur":5,"pid":1,"tid":0},
{"name":"Constraint /Biped/Rig/Movers/spine_to_bind/spine_ik_spine_5_bind_scale_to_spine_5_bind","cat":"step","ph":"X","ts":131634,"dur":3,"pid":1,"tid":0},
{"name":"Constraint /Biped/Rig/Movers/spine_to_bind/spine_ik_spine_5_bind_to_spine_5_bind","cat":"step","ph":"X","ts":131637,"dur":5,"pid":1,"tid":0},
{"name":"Constraint /Biped/Rig/Movers/spine_to_bind/spine_ik_chest_bind_scale_to_chest_bind","cat":"step","ph":"X","ts":131642,"dur":4,"pid":1,"tid":0},
{"name":"Constraint /Biped/Rig/Movers/spine_to_bind/spine_ik_chest_bind_to_chest_bind","cat":"step","ph":"X","ts":131646,"dur":4,"pid":1,"tid":0},
{"name":"Constraint /Biped/Rig/Movers/girdles/spine_end_ctl_drives_chest_bind","cat":"step","ph":"X","ts":131650,"dur":5,"pid":1,"tid":0},
{"name":"Constraint /Biped/Rig/Movers/girdles/pelvis_r_ctl_drives_pelvis_r_bind","cat":"step","ph":"X","ts":131655,"dur":1,"pid":1,"tid":0},
{"name":"Constraint /Biped/Rig/Movers/girdles/pelvis_l_ctl_drives_pelvis_l_bind","cat":"step","ph":"X","ts":131656,"dur":1,"pid":1,"tid":0},
{"name":"Constraint /Biped/Rig/Movers/girdles/clavicle_r_ctl_drives_clavicle_r_bind","cat":"step","ph":"X","ts":131657,"dur":1,"pid":1,"tid":0},
{"name":"Constraint /Biped/Rig/Movers/girdles/spine_end_ctl_unsquashes_neck_base_bind","cat":"step","ph":"X","ts":131658,"dur":3,"pid":1,"tid":0},
{"name":"Constraint /Biped/Rig/Movers/girdles/clavicle_r_ctl_unsquashes_clavicle_r_bind","cat":"step","ph":"X","ts":131661,"dur":2,"pid":1,"tid":0},
{"name":"Constraint /Biped/Rig/Movers/girdles/clavicle_l_ctl_unsquashes_clavicle_l_bind","cat":"step","ph":"X","ts":131663,"dur":1,"pid":1,"tid":0},
{"name":"Constraint /Biped/Rig/Movers/neck_to_bind/neck_ik_neck_0_bind_scale_to_neck_0_bind","cat":"step","ph":"X","ts":131664,"dur":4,"pid":1,"tid":0},
{"name":"Constraint /Biped/Rig/Movers/neck_to_bind/neck_ik_neck_0_bind_to_neck_0_bind","cat":"step","ph":"X","ts":131668,"dur":3,"pid":1,"tid":0},
{"name":"Constraint /Biped/Rig/Movers/neck_to_bind/neck_ik_neck_1_bind_scale_to_neck_1_bind","cat":"step","ph":"X","ts":131671,"dur":3,"pid":1,"tid":0},
{"name":"Constraint /Biped/Rig/Movers/neck_to_bind/neck_ik_neck_1_bind_to_neck_1_bind","cat":"step","ph":"X","ts":131674,"dur":4,"pid":1,"tid":0},
{"name":"Constraint /Biped/Rig/Movers/neck_to_bind/neck_ik_neck_2_bind_scale_to_neck_2_bind","cat":"step","ph":"X","ts":131678,"dur":3,"pid":1,"tid":0},
{"name":"Constraint /Biped/Rig/Movers/neck_to_bind/neck_ik_neck_2_bind_to_neck_2_bind","cat":"step","ph":"X","ts":131681,"dur":3,"pid":1,"tid":0},
{"name":"Constraint /Biped/Rig/Movers/neck_to_bind/neck_ik_neck_3_bind_scale_to_neck_3_bind","cat":"step","ph":"X","ts":131684,"dur":3,"pid":1,"tid":0},
{"name":"Constraint /Biped/Rig/Movers/neck_to_bind/neck_ik_neck_3_bind_to_neck_3_bind","cat":"step","ph":"X","ts":131687,"dur":3,"pid":1,"tid":0},
{"name":"Constraint /Biped/Rig/Movers/neck_to_bind/neck_ik_skull_bind_scale_to_skull_bind","cat":"step","ph":"X","ts":131690,"dur":3,"pid":1,"tid":0},
{"name":"Constraint /Biped/Rig/Movers/neck_to_bind/neck_ik_skull_bind_to_skull_bind","cat":"step","ph":"X","ts":131693,"dur":3,"pid":1,"tid":0},
{"name":"Constraint /Biped/Rig/Movers/twist_aims/wristTwist_r_bind_copy","cat":"step","ph":"X","ts":131696,"dur":2,"pid":1,"tid":0},
{"name":"Constraint /Biped/Rig/Movers/twist_aims/wristTwist_r_bind_aim","cat":"step","ph":"X","ts":131698,"dur":2,"pid":1,"tid":0},
{"name":"Constraint /Biped/Rig/Movers/twist_aims/wristTwist_l_bind_copy","cat":"step","ph":"X","ts":131700,"dur":2,"pid":1,"tid":0},
{"name":"Constraint /Biped/Rig/Movers/twist_aims/wristTwist_l_bind_aim","cat":"step","ph":"X","ts":131702,"dur":2,"pid":1,"tid":0},
{"name":"Constraint /Biped/Rig/Movers/twist_aims/ankleTwist_r_bind_copy","cat":"step","ph":"X","ts":131704,"dur":1,"pid":1,"tid":0},
{"name":"Constraint /Biped/Rig/Movers/twist_aims/ankleTwist_r_bind_aim","cat":"step","ph":"X","ts":131705,"dur":2,"pid":1,"tid":0},
{"name":"Constraint /Biped/Rig/Movers/twist_aims/ankleTwist_l_bind_copy","cat":"step","ph":"X","ts":131707,"dur":2,"pid":1,"tid":0},
{"name":"Constraint /Biped/Rig/Movers/twist_aims/ankleTwist_l_bind_aim","cat":"step","ph":"X","ts":131709,"dur":1,"pid":1,"tid":0},
{"name":"Constraint /Biped/Rig/Movers/twist_aims/ankleTwist_r_bind_follows_ankle_r_bind","cat":"step","ph":"X","ts":131710,"dur":1,"pid":1,"tid":0},
{"name":"Constraint /Biped/Rig/Movers/twist_aims/wristTwist_r_bind_follows_wrist_r_bind","cat":"step","ph":"X","ts":131711,"dur":1,"pid":1,"tid":0},
{"name":"Constraint /Biped/Rig/Movers/twist_aims/thighNoTwist_r_bind_follows_thigh_r_bind","cat":"step","ph":"X","ts":131712,"dur":1,"pid":1,"tid":0},
{"name":"Constraint /Biped/Rig/Movers/twist_aims/shoulderNoTwist_r_bind_follows_shoulder_r_bind","cat":"step","ph":"X","ts":131713,"dur":1,"pid":1,"tid":0},
{"name":"Constraint /Biped/Rig/Movers/twist_aims/pelvis_trans_r_bind_follows_thigh_r_bind","cat":"step","ph":"X","ts":131714,"dur":1,"pid":1,"tid":0},
{"name":"Constraint /Biped/Rig/Movers/twist_aims/clavicle_trans_r_bind_follows_shoulder_r_bind","cat":"step","ph":"X","ts":131715,"dur":1,"pid":1,"tid":0},
{"name":"Constraint /Biped/Rig/Movers/twist_aims/pelvis_trans_r_bind_aim","cat":"step","ph":"X","ts":131716,"dur":2,"pid":1,"tid":0},
{"name":"Constraint /Biped/Rig/Movers/twist_aims/pelvis_trans_l_bind_aim","cat":"step","ph":"X","ts":131718,"dur":3,"pid":1,"tid":0},
{"name":"Constraint /Biped/Rig/Movers/twist_aims/kneeTwist_r_bind_aim","cat":"step","ph":"X","ts":131721,"dur":1,"pid":1,"tid":0},
{"name":"Constraint /Biped/Rig/Movers/twist_aims/kneeTwist_l_bind_aim","cat":"step","ph":"X","ts":131722,"dur":2,"pid":1,"tid":0},
{"name":"Constraint /Biped/Rig/Movers/twist_aims/thighNoTwist_r_bind_aim","cat":"step","ph":"X","ts":131724,"dur":2,"pid":1,"tid":0},
{"name":"Constraint /Biped/Rig/Movers/twist_aims/thighNoTwist_l_bind_aim","cat":"step","ph":"X","ts":131726,"dur":1,"pid":1,"tid":0},
{"name":"Constraint /Biped/Rig/Movers/twist_aims/clavicle_trans_r_bind_aim","cat":"step","ph":"X","ts":131727,"dur":2,"pid":1,"tid":0},
{"name":"Constraint /Biped/Rig/Movers/twist_aims/clavicle_trans_l_bind_aim","cat":"step","ph":"X","ts":131729,"dur":2,"pid":1,"tid":0},
{"name":"Constraint /Biped/Rig/Movers/twist_aims/elbowTwist_r_bind_aim","cat":"step","ph":"X","ts":131731,"dur":2,"pid":1,"tid":0},
{"name":"Constraint /Biped/Rig/Movers/twist_aims/elbowTwist_l_bind_aim","cat":"step","ph":"X","ts":131733,"dur":2,"pid":1,"tid":0},
{"name":"Constraint /Biped/Rig/Movers/twist_aims/shoulderNoTwist_r_bind_aim","cat":"step","ph":"X","ts":131735,"dur":2,"pid":1,"tid":0},
{"name":"Constraint /Biped/Rig/Movers/twist_aims/shoulderNoTwist_l_bind_aim","cat":"step","ph":"X","ts":131737,"dur":1,"pid":1,"tid":0},
{"name":"Constraint /Biped/Rig/Movers/pose_drivers/thigh_r_driver_copies_thigh_r_bind","cat":"step","ph":"X","ts":131738,"dur":3,"pid":1,"tid":0},
{"name":"Constraint /Biped/Rig/Movers/pose_drivers/thigh_l_driver_copies_thigh_l_bind","cat":"step","ph":"X","ts":131741,"dur":2,"pid":1,"tid":0},
{"name":"Constraint /Biped/Rig/Movers/pose_drivers/thigh_r_twist_driver_copies_thighNoTwist_r_bind","cat":"step","ph":"X","ts":131743,"dur":2,"pid":1,"tid":0},
{"name":"Constraint /Biped/Rig/Movers/pose_drivers/thigh_l_twist_driver_copies_thighNoTwist_l_bind","cat":"step","ph":"X","ts":131745,"dur":1,"pid":1,"tid":0},
{"name":"Constraint /Biped/Rig/Movers/pose_drivers/ankleTwist_r_driver_copies_ankleTwist_r_bind","cat":"step","ph":"X","ts":131746,"dur":2,"pid":1,"tid":0},
{"name":"Constraint /Biped/Rig/Movers/pose_drivers/ankleTwist_l_driver_copies_ankleTwist_l_bind","cat":"step","ph":"X","ts":131748,"dur":2,"pid":1,"tid":0},
{"name":"Constraint /Biped/Rig/Movers/pose_drivers/toe_r_driver_copies_ball_r_bind","cat":"step","ph":"X","ts":131750,"dur":2,"pid":1,"tid":0},
{"name":"Constraint /Biped/Rig/Movers/pose_drivers/toe_l_driver_copies_ball_l_bind","cat":"step","ph":"X","ts":131752,"dur":2,"pid":1,"tid":0},
{"name":"Constraint /Biped/Rig/Movers/pose_drivers/knee_r_driver_copies_knee_r_bind","cat":"step","ph":"X","ts":131754,"dur":2,"pid":1,"tid":0},
{"name":"Constraint /Biped/Rig/Movers/pose_drivers/knee_l_driver_copies_knee_l_bind","cat":"step","ph":"X","ts":131756,"dur":2,"pid":1,"tid":0},
{"name":"Constraint /Biped/Rig/Movers/pose_drivers/ankleSwing_r_driver_copies_ankle_r_bind","cat":"step","ph":"X","ts":131758,"dur":2,"pid":1,"tid":0},
{"name":"Constraint /Biped/Rig/Movers/pose_drivers/ankleSwing_l_driver_copies_ankle_l_bind","cat":"step","ph":"X","ts":131760,"dur":2,"pid":1,"tid":0},
{"name":"Constraint /Biped/Rig/Movers/pose_drivers/shoulder_r_driver_copies_shoulder_r_bind","cat":"step","ph":"X","ts":131762,"dur":2,"pid":1,"tid":0},
{"name":"Constraint /Biped/Rig/Movers/pose_drivers/shoulder_l_driver_copies_shoulder_l_bind","cat":"step","ph":"X","ts":131764,"dur":2,"pid":1,"tid":0},
{"name":"Constraint /Biped/Rig/Movers/pose_drivers/wristTwist_r_driver_copies_wristTwist_r_bind","cat":"step","ph":"X","ts":131766,"dur":2,"pid":1,"tid":0},
{"name":"Constraint /Biped/Rig/Movers/pose_drivers/wristTwist_l_driver_copies_wristTwist_l_bind","cat":"step","ph":"X","ts":131768,"dur":2,"pid":1,"tid":0},
{"name":"Constraint /Biped/Rig/Movers/pose_drivers/shoulder_r_twist_driver_copies_shoulderNoTwist_r_bind","cat":"step","ph":"X","ts":131770,"dur":2,"pid":1,"tid":0},
{"name":"Constraint /Biped/Rig/Movers/pose_drivers/shoulder_l_twist_driver_copies_shoulderNoTwist_l_bind","cat":"step","ph":"X","ts":131772,"dur":2,"pid":1,"tid":0},
{"name":"Constraint /Biped/Rig/Movers/pose_drivers/wristSwing_r_driver_copies_wrist_r_bind","cat":"step","ph":"X","ts":131774,"dur":2,"pid":1,"tid":0},
{"name":"Constraint /Biped/Rig/Movers/pose_drivers/wristSwing_l_driver_copies_wrist_l_bind","cat":"step","ph":"X","ts":131776,"dur":2,"pid":1,"tid":0},
{"name":"Constraint /Biped/Rig/Movers/pose_drivers/elbow_r_driver_copies_elbow_r_bind","cat":"step","ph":"X","ts":131778,"dur":2,"pid":1,"tid":0},
{"name":"Constraint /Biped/Rig/Movers/pose_drivers/elbow_l_driver_copies_elbow_l_bind","cat":"step","ph":"X","ts":131780,"dur":2,"pid":1,"tid":0},
{"name":"Constraint /Biped/Rig/Movers/param_follow/leg_r_params_to_ankle_r_bind","cat":"step","ph":"X","ts":131782,"dur":2,"pid":1,"tid":0},
{"name":"Constraint /Biped/Rig/Movers/param_follow/leg_l_params_to_ankle_l_bind","cat":"step","ph":"X","ts":131784,"dur":3,"pid":1,"tid":0},
{"name":"Constraint /Biped/Rig/Movers/param_follow/arm_r_params_to_wrist_r_bind","cat":"step","ph":"X","ts":131787,"dur":2,"pid":1,"tid":0},
{"name":"Constraint /Biped/Rig/Movers/param_follow/arm_l_params_to_wrist_l_bind","cat":"step","ph":"X","ts":131789,"dur":1,"pid":1,"tid":0},
{"name":"ProviderMatrix /Biped/Rig/Controls/leg_l_ik/ankle_l_pivot final","cat":"step","ph":"X","ts":131790,"dur":1,"pid":1,"tid":0},
{"name":"ProviderMatrix /Biped/Rig/Controls/leg_r_ik/ankle_r_pivot final","cat":"step","ph":"X","ts":131791,"dur":1,"pid":1,"tid":0},
{"name":"ProviderMatrix /Biped/Rig/Joints/ankle_l_pivot/bankIn_l_pivot/bankOut_l_pivot/heel_l_pivot final","cat":"step","ph":"X","ts":131792,"dur":1,"pid":1,"tid":0},
{"name":"ProviderMatrix /Biped/Rig/Joints/ankle_r_pivot/bankIn_r_pivot/bankOut_r_pivot/heel_r_pivot/ball_r_pivot final","cat":"step","ph":"X","ts":131793,"dur":1,"pid":1,"tid":0},
{"name":"ProviderMatrix /Biped/Rig/Joints/hips_bind/pelvis_l_bind/thighNoTwist_l_bind final","cat":"step","ph":"X","ts":131794,"dur":1,"pid":1,"tid":0},
{"name":"ProviderMatrix /Biped/Rig/Joints/hips_bind/pelvis_l_bind/thigh_l_bind/knee_l_bind/ankle_l_bind/ball_l_bind/toe1_001_l_bind/toe1_002_l_bind/toe1_003_l_bind final","cat":"step","ph":"X","ts":131795,"dur":1,"pid":1,"tid":0},
{"name":"ProviderMatrix /Biped/Rig/Joints/hips_bind/pelvis_l_bind/thigh_l_bind/knee_l_bind/ankle_l_bind/ball_l_bind/toe4_001_l_bind/toe4_002_l_bind final","cat":"step","ph":"X","ts":131796,"dur":1,"pid":1,"tid":0},
{"name":"ProviderMatrix /Biped/Rig/Joints/hips_bind/pelvis_r_bind final","cat":"step","ph":"X","ts":131797,"dur":1,"pid":1,"tid":0},
{"name":"ProviderMatrix /Biped/Rig/Joints/hips_bind/pelvis_r_bind/thigh_r_bind/knee_r_bind/ankleTwist_r_driver final","cat":"step","ph":"X","ts":131798,"dur":1,"pid":1,"tid":0},
{"name":"ProviderMatrix /Biped/Rig/Joints/hips_bind/pelvis_r_bind/thigh_r_bind/knee_r_bind/ankle_r_bind/ball_r_bind/toe3_001_r_bind final","cat":"step","ph":"X","ts":131799,"dur":1,"pid":1,"tid":0},
{"name":"ProviderMatrix /Biped/Rig/Joints/hips_bind/pelvis_r_bind/thigh_r_bind/knee_r_bind/ankle_r_bind/ball_r_bind/toe5_001_r_bind/toe5_002_r_bind/toe5_003_r_bind/toe5_004_r_bind final","cat":"step","ph":"X","ts":131800,"dur":1,"pid":1,"tid":0},
{"name":"ProviderMatrix /Biped/Rig/Joints/hips_bind/spine_0_bind/spine_1_bind/spine_2_bind/spine_3_bind/spine_4_bind/spine_5_bind/chest_bind final","cat":"step","ph":"X","ts":131801,"dur":1,"pid":1,"tid":0},
{"name":"ProviderMatrix /Biped/Rig/Joints/hips_bind/spine_0_bind/spine_1_bind/spine_2_bind/spine_3_bind/spine_4_bind/spine_5_bind/chest_bind/clavicle_l_bind/shoulder_l_bind/elbow_l_bind/wristTwist_l_bind final","cat":"step","ph":"X","ts":131802,"dur":1,"pid":1,"tid":0},
{"name":"ProviderMatrix /Biped/Rig/Joints/hips_bind/spine_0_bind/spine_1_bind/spine_2_bind/spine_3_bind/spine_4_bind/spine_5_bind/chest_bind/clavicle_l_bind/shoulder_l_bind/elbow_l_bind/wrist_l_bind/middle_001_l_bind/middle_002_combo_l_driver final","cat":"step","ph":"X","ts":131803,"dur":1,"pid":1,"tid":0},
{"name":"ProviderMatrix /Biped/Rig/Joints/hips_bind/spine_0_bind/spine_1_bind/spine_2_bind/spine_3_bind/spine_4_bind/spine_5_bind/chest_bind/clavicle_l_bind/shoulder_l_bind/elbow_l_bind/wrist_l_bind/pinkyCup_l_bind/pinky_001_l_bind/pinky_002_l_bind/pinky_003_l_bind/pinky_004_l_bind/pinky_005_l_bind final","cat":"step","ph":"X","ts":131804,"dur":1,"pid":1,"tid":0},
{"name":"ProviderMatrix /Biped/Rig/Joints/hips_bind/spine_0_bind/spine_1_bind/spine_2_bind/spine_3_bind/spine_4_bind/spine_5_bind/chest_bind/clavicle_l_bind/shoulder_l_bind/elbow_l_bind/wrist_l_bind/thumbCup_l_bind/thumb_001_l_bind/thumb_002_l_bind/thumb_003_l_bind/thumb_004_l_bind final","cat":"step","ph":"X","ts":131805,"dur":1,"pid":1,"tid":0},
{"name":"ProviderMatrix /Biped/Rig/Joints/hips_bind/spine_0_bind/spine_1_bind/spine_2_bind/spine_3_bind/spine_4_bind/spine_5_bind/chest_bind/clavicle_r_bind/shoulder_r_bind/elbow_r_bind/elbowTwist_r_bind/elbow_r_driver final","cat":"step","ph":"X","ts":131806,"dur":1,"pid":1,"tid":0},
{"name":"ProviderMatrix /Biped/Rig/Joints/hips_bind/spine_0_bind/spine_1_bind/spine_2_bind/spine_3_bind/spine_4_bind/spine_5_bind/chest_bind/clavicle_r_bind/shoulder_r_bind/elbow_r_bind/wrist_r_bind/middle_001_r_bind final","cat":"step","ph":"X","ts":131807,"dur":1,"pid":1,"tid":0},
{"name":"ProviderMatrix /Biped/Rig/Joints/hips_bind/spine_0_bind/spine_1_bind/spine_2_bind/spine_3_bind/spine_4_bind/spine_5_bind/chest_bind/clavicle_r_bind/shoulder_r_bind/elbow_r_bind/wrist_r_bind/pinkyCup_r_bind/pinky_001_r_bind/pinky_002_r_bind/pinky_003_r_bind/pinky_004_r_bind final","cat":"step","ph":"X","ts":131808,"dur":1,"pid":1,"tid":0},
{"name":"ProviderMatrix /Biped/Rig/Joints/hips_bind/spine_0_bind/spine_1_bind/spine_2_bind/spine_3_bind/spine_4_bind/spine_5_bind/chest_bind/clavicle_r_bind/shoulder_r_bind/elbow_r_bind/wrist_r_bind/thumbCup_r_bind/thumb_001_r_bind/thumb_002_r_bind/thumb_003_r_bind final","cat":"step","ph":"X","ts":131809,"dur":1,"pid":1,"tid":0},
{"name":"ProviderMatrix /Biped/Rig/Joints/hips_bind/spine_0_bind/spine_1_bind/spine_2_bind/spine_3_bind/spine_4_bind/spine_5_bind/chest_bind/neck_base_bind/neck_0_bind/neck_1_bind/neck_2_bind/neck_3_bind/skull_bind/face_lower_bind/face_mid_bind/nose_bridge_bind final","cat":"step","ph":"X","ts":131810,"dur":1,"pid":1,"tid":0},
{"name":"ProviderMatrix /Biped/Rig/Joints/hips_bind/spine_0_bind/spine_1_bind/spine_2_bind/spine_3_bind/spine_4_bind/spine_5_bind/chest_bind/neck_base_bind/neck_0_bind/neck_1_bind/neck_2_bind/neck_3_bind/skull_bind/face_upper_bind/eyeSocket_l_bind final","cat":"step","ph":"X","ts":131811,"dur":1,"pid":1,"tid":0},
{"name":"ProviderMatrix /Biped/Rig/Joints/neck_ik_neck_0_bind final","cat":"step","ph":"X","ts":131812,"dur":1,"pid":1,"tid":0},
{"name":"ProviderMatrix /Biped/Rig/Joints/spine_ik_spine_0_bind/spine_ik_spine_1_bind/spine_ik_spine_2_bind/spine_ik_spine_3_bind/spine_ik_spine_4_bind final","cat":"step","ph":"X","ts":131813,"dur":1,"pid":1,"tid":0},
{"name":"InfluenceFold /Biped/Rig/Movers/skin_body_geo/body_geo_skin","cat":"step","ph":"X","ts":131814,"dur":22,"pid":1,"tid":0},
{"name":"RevisionChunk /Biped/Rig/Movers/skin_body_geo/body_geo_skin","cat":"step","ph":"X","ts":131836,"dur":332,"pid":1,"tid":0},
{"name":"RevisionFuse /Biped/Rig/Movers/skin_body_geo/body_geo_skin","cat":"step","ph":"X","ts":132168,"dur":2,"pid":1,"tid":0},
{"name":"ChainStatus /Biped/Geom/body_geo.points","cat":"step","ph":"X","ts":132170,"dur":22,"pid":1,"tid":0},
{"name":"Derived /Biped/Geom/body_geo.extent","cat":"step","ph":"X","ts":132192,"dur":285,"pid":1,"tid":0},
{"name":"BakedPublish","cat":"baked","ph":"X","ts":132762,"dur":63,"pid":1,"tid":0},
{"name":"BakedEpilogue","cat":"baked","ph":"X","ts":132479,"dur":354,"pid":1,"tid":0},
{"name":"Baked","cat":"baked","ph":"X","ts":131277,"dur":1556,"pid":1,"tid":0},
{"name":"Evaluate.Run","cat":"evaluate","ph":"X","ts":131277,"dur":1556,"pid":1,"tid":0},
{"name":"Evaluate@7","cat":"evaluate","ph":"X","ts":131275,"dur":1559,"pid":1,"tid":0},
{"name":"Evaluate.Settle","cat":"evaluate","ph":"X","ts":132852,"dur":0,"pid":1,"tid":0},
{"name":"Evaluate.PlaceOverrides","cat":"evaluate","ph":"X","ts":132852,"dur":0,"pid":1,"tid":0},
{"name":"PropertyChains","cat":"property","ph":"X","ts":132855,"dur":6,"pid":1,"tid":0},
{"name":"BakedInputs","cat":"baked","ph":"X","ts":132862,"dur":8,"pid":1,"tid":0},
{"name":"BakedChainBase","cat":"geometry","ph":"X","ts":132970,"dur":3,"pid":1,"tid":0},
{"name":"BakedPrologue","cat":"baked","ph":"X","ts":132854,"dur":119,"pid":1,"tid":0},
{"name":"BakedRegion","cat":"baked","ph":"X","ts":132973,"dur":1135,"pid":1,"tid":0},
{"name":"ComposeSubtree /Biped/Rig/Controls/arm_l_ik","cat":"step","ph":"X","ts":133002,"dur":1,"pid":1,"tid":0},
{"name":"ComposeSubtree /Biped/Rig/Controls/arm_l_pv","cat":"step","ph":"X","ts":133003,"dur":1,"pid":1,"tid":0},
{"name":"ComposeSubtree /Biped/Rig/Controls/hips_ctl","cat":"step","ph":"X","ts":133004,"dur":1,"pid":1,"tid":0},
{"name":"ComposeSubtree /Biped/Rig/Controls/hips_ctl/spine_root_pivot/spine_root_ctl/pelvis_l_ctl/leg_l_root/leg_l_fk_thigh_l_bind/leg_l_fk_knee_l_bind","cat":"step","ph":"X","ts":133005,"dur":1,"pid":1,"tid":0},
{"name":"ComposeSubtree /Biped/Rig/Controls/hips_ctl/torso_ctl","cat":"step","ph":"X","ts":133006,"dur":1,"pid":1,"tid":0},
{"name":"ComposeSubtree /Biped/Rig/Controls/hips_ctl/torso_ctl/spine_end_pivot/spine_end_ctl/clavicle_l_ctl/arm_l_root/arm_l_fk_shoulder_l_bind/arm_l_fk_elbow_l_bind","cat":"step","ph":"X","ts":133007,"dur":1,"pid":1,"tid":0},
{"name":"ComposeSubtree /Biped/Rig/Controls/hips_ctl/torso_ctl/spine_end_pivot/spine_end_ctl/neck_root_ctl","cat":"step","ph":"X","ts":133008,"dur":1,"pid":1,"tid":0},
{"name":"ComposeSubtree /Biped/Rig/Controls/index_001_r_bind_fk_follow","cat":"step","ph":"X","ts":133009,"dur":1,"pid":1,"tid":0},
{"name":"ComposeSubtree /Biped/Rig/Controls/leg_l_ik/ankle_l_pivot/bankIn_l_pivot","cat":"step","ph":"X","ts":133010,"dur":1,"pid":1,"tid":0},
{"name":"ComposeSubtree /Biped/Rig/Controls/leg_l_ik/ankle_l_pivot/bankIn_l_pivot/bankOut_l_pivot/heel_l_roll/heel_l/ball_l_pivot/toe_l_roll/toe_l/ballRoll_l_up/ballRoll_l_down","cat":"step","ph":"X","ts":133011,"dur":1,"pid":1,"tid":0},
{"name":"ComposeSubtree /Biped/Rig/Controls/leg_l_ik/ankle_l_pivot/bankIn_l_pivot/bankOut_l_pivot/heel_l_roll/heel_l/ball_l_pivot/toe_l_roll/toe_l/toeBend_l/toeBend_l_fk","cat":"step","ph":"X","ts":133012,"dur":1,"pid":1,"tid":0},
{"name":"ComposeSubtree /Biped/Rig/Controls/leg_l_ik/ankle_l_pivot/bank_l","cat":"step","ph":"X","ts":133013,"dur":1,"pid":1,"tid":0},
{"name":"ComposeSubtree /Biped/Rig/Controls/leg_r_ik/ankle_r_pivot/bankIn_r_pivot/bankOut_r_pivot/heel_r_roll/heel_r","cat":"step","ph":"X","ts":133014,"dur":1,"pid":1,"tid":0},
{"name":"ComposeSubtree /Biped/Rig/Controls/leg_r_ik/ankle_r_pivot/bankIn_r_pivot/bankOut_r_pivot/heel_r_roll/heel_r/ball_r_pivot/toe_r_roll/toe_r/ballRoll_r_up/ballRoll_r_down/ballRoll_r/ball_r_ikTarget","cat":"step","ph":"X","ts":133015,"dur":1,"pid":1,"tid":0},
{"name":"ComposeSubtree /Biped/Rig/Controls/leg_r_ik/ankle_r_pivot/bankIn_r_pivot/bankOut_r_pivot/heel_r_roll/heel_r/ball_r_pivot/toe_r_roll_twin","cat":"step","ph":"X","ts":133016,"dur":1,"pid":1,"tid":0},
{"name":"ComposeSubtree /Biped/Rig/Controls/middle_001_l_bind_fk_follow/middle_001_l_bind_fk","cat":"step","ph":"X","ts":133017,"dur":1,"pid":1,"tid":0},
{"name":"ComposeSubtree /Biped/Rig/Controls/middle_001_r_bind_fk_follow/middle_001_r_bind_fk/middle_002_r_bind_fk/middle_003_r_bind_fk","cat":"step","ph":"X","ts":133018,"dur":1,"pid":1,"tid":0},
{"name":"ComposeSubtree /Biped/Rig/Controls/pinkyCup_r_bind_fk_follow","cat":"step","ph":"X","ts":133019,"dur":1,"pid":1,"tid":0},
{"name":"ComposeSubtree /Biped/Rig/Controls/ring_001_l_bind_fk_follow/ring_001_l_bind_fk/ring_002_l_bind_fk/ring_003_l_bind_fk","cat":"step","ph":"X","ts":133020,"dur":1,"pid":1,"tid":0},
{"name":"ComposeSubtree /Biped/Rig/Controls/spine_mid_follow","cat":"step","ph":"X","ts":133021,"dur":1,"pid":1,"tid":0},
{"name":"ComposeSubtree /Biped/Rig/Controls/thumbCup_r_bind_fk_follow","cat":"step","ph":"X","ts":133022,"dur":1,"pid":1,"tid":0},
{"name":"ComposeSubtree /Biped/Rig/Joints/ankle_l_pivot/bankIn_l_pivot/bankOut_l_pivot/heel_l_pivot/ball_l_pivot","cat":"step","ph":"X","ts":133023,"dur":1,"pid":1,"tid":0},
{"name":"ComposeSubtree /Biped/Rig/Joints/ankle_r_pivot/bankIn_r_pivot/bankOut_r_pivot/heel_r_pivot/ball_r_pivot","cat":"step","ph":"X","ts":133024,"dur":1,"pid":1,"tid":0},
{"name":"ComposeSubtree /Biped/Rig/Joints/hips_bind/pelvis_l_bind/pelvis_trans_l_bind/thigh_l_driver","cat":"step","ph":"X","ts":133025,"dur":1,"pid":1,"tid":0},
{"name":"ComposeSubtree /Biped/Rig/Joints/hips_bind/pelvis_l_bind/thigh_l_bind/knee_l_bind/ankleTwist_l_driver","cat":"step","ph":"X","ts":133026,"dur":1,"pid":1,"tid":0},
{"name":"ComposeSubtree /Biped/Rig/Joints/hips_bind/pelvis_l_bind/thigh_l_bind/knee_l_bind/ankle_l_bind/ball_l_bind/toe2_001_l_bind/toe2_002_l_bind/toe2_003_l_bind","cat":"step","ph":"X","ts":133027,"dur":1,"pid":1,"tid":0},
{"name":"ComposeSubtree /Biped/Rig/Joints/hips_bind/pelvis_l_bind/thigh_l_bind/knee_l_bind/ankle_l_bind/ball_l_bind/toe4_001_l_bind/toe4_002_l_bind/toe4_003_l_bind","cat":"step","ph":"X","ts":133028,"dur":1,"pid":1,"tid":0},
{"name":"ComposeSubtree /Biped/Rig/Joints/hips_bind/pelvis_l_bind/thigh_l_bind/knee_l_bind/kneeTwist_l_bind","cat":"step","ph":"X","ts":133029,"dur":1,"pid":1,"tid":0},
{"name":"ComposeSubtree /Biped/Rig/Joints/hips_bind/pelvis_r_bind/thighNoTwist_r_bind","cat":"step","ph":"X","ts":133030,"dur":1,"pid":1,"tid":0},
{"name":"ComposeSubtree /Biped/Rig/Joints/hips_bind/pelvis_r_bind/thigh_r_bind/knee_r_bind/ankle_r_bind/ball_r_bind","cat":"step","ph":"X","ts":133031,"dur":1,"pid":1,"tid":0},
{"name":"ComposeSubtree /Biped/Rig/Joints/hips_bind/pelvis_r_bind/thigh_r_bind/knee_r_bind/ankle_r_bind/ball_r_bind/toe3_001_r_bind","cat":"step","ph":"X","ts":133032,"dur":1,"pid":1,"tid":0},
{"name":"ComposeSubtree /Biped/Rig/Joints/hips_bind/pelvis_r_bind/thigh_r_bind/knee_r_bind/ankle_r_bind/ball_r_bind/toe5_001_r_bind","cat":"step","ph":"X","ts":133033,"dur":1,"pid":1,"tid":0},
{"name":"ComposeSubtree /Biped/Rig/Joints/hips_bind/spine_0_bind","cat":"step","ph":"X","ts":133034,"dur":1,"pid":1,"tid":0},
{"name":"ComposeSubtree /Biped/Rig/Joints/hips_bind/spine_0_bind/spine_1_bind/spine_2_bind/spine_3_bind/spine_4_bind/spine_5_bind/chest_bind/clavicle_l_bind/clavicle_trans_combo_l_driver","cat":"step","ph":"X","ts":133035,"dur":1,"pid":1,"tid":0},
{"name":"ComposeSubtree /Biped/Rig/Joints/hips_bind/spine_0_bind/spine_1_bind/spine_2_bind/spine_3_bind/spine_4_bind/spine_5_bind/chest_bind/clavicle_l_bind/shoulder_l_bind/elbow_l_bind/elbowTwist_l_bind","cat":"step","ph":"X","ts":133036,"dur":1,"pid":1,"tid":0},
{"name":"ComposeSubtree /Biped/Rig/Joints/hips_bind/spine_0_bind/spine_1_bind/spine_2_bind/spine_3_bind/spine_4_bind/spine_5_bind/chest_bind/clavicle_l_bind/shoulder_l_bind/elbow_l_bind/wrist_l_bind/index_001_l_bind","cat":"step","ph":"X","ts":133037,"dur":1,"pid":1,"tid":0},
{"name":"ComposeSubtree /Biped/Rig/Joints/hips_bind/spine_0_bind/spine_1_bind/spine_2_bind/spine_3_bind/spine_4_bind/spine_5_bind/chest_bind/clavicle_l_bind/shoulder_l_bind/elbow_l_bind/wrist_l_bind/middle_001_l_bind/middle_002_l_bind/middle_003_l_bind/middle_004_l_bind","cat":"step","ph":"X","ts":133038,"dur":1,"pid":1,"tid":0},
{"name":"ComposeSubtree /Biped/Rig/Joints/hips_bind/spine_0_bind/spine_1_bind/spine_2_bind/spine_3_bind/spine_4_bind/spine_5_bind/chest_bind/clavicle_l_bind/shoulder_l_bind/elbow_l_bind/wrist_l_bind/pinkyCup_l_bind/pinky_001_l_bind/pinky_002_l_bind/pinky_003_l_bind/pinky_004_l_bind","cat":"step","ph":"X","ts":133039,"dur":1,"pid":1,"tid":0},
{"name":"ComposeSubtree /Biped/Rig/Joints/hips_bind/spine_0_bind/spine_1_bind/spine_2_bind/spine_3_bind/spine_4_bind/spine_5_bind/chest_bind/clavicle_l_bind/shoulder_l_bind/elbow_l_bind/wrist_l_bind/thumbCup_l_bind","cat":"step","ph":"X","ts":133040,"dur":1,"pid":1,"tid":0},
{"name":"ComposeSubtree /Biped/Rig/Joints/hips_bind/spine_0_bind/spine_1_bind/spine_2_bind/spine_3_bind/spine_4_bind/spine_5_bind/chest_bind/clavicle_r_bind/clavicle_trans_r_bind/shoulder_r_driver","cat":"step","ph":"X","ts":133041,"dur":1,"pid":1,"tid":0},
{"name":"ComposeSubtree /Biped/Rig/Joints/hips_bind/spine_0_bind/spine_1_bind/spine_2_bind/spine_3_bind/spine_4_bind/spine_5_bind/chest_bind/clavicle_r_bind/shoulder_r_bind/elbow_r_bind/wristTwist_r_bind","cat":"step","ph":"X","ts":133042,"dur":1,"pid":1,"tid":0},
{"name":"ComposeSubtree /Biped/Rig/Joints/hips_bind/spine_0_bind/spine_1_bind/spine_2_bind/spine_3_bind/spine_4_bind/spine_5_bind/chest_bind/clavicle_r_bind/shoulder_r_bind/elbow_r_bind/wrist_r_bind/index_001_r_bind/index_002_r_bind/index_003_r_bind/index_004_r_bind","cat":"step","ph":"X","ts":133043,"dur":1,"pid":1,"tid":0},
{"name":"ComposeSubtree /Biped/Rig/Joints/hips_bind/spine_0_bind/spine_1_bind/spine_2_bind/spine_3_bind/spine_4_bind/spine_5_bind/chest_bind/clavicle_r_bind/shoulder_r_bind/elbow_r_bind/wrist_r_bind/pinkyCup_r_bind","cat":"step","ph":"X","ts":133044,"dur":1,"pid":1,"tid":0},
{"name":"ComposeSubtree /Biped/Rig/Joints/hips_bind/spine_0_bind/spine_1_bind/spine_2_bind/spine_3_bind/spine_4_bind/spine_5_bind/chest_bind/clavicle_r_bind/shoulder_r_bind/elbow_r_bind/wrist_r_bind/ring_001_r_bind/ring_002_r_bind","cat":"step","ph":"X","ts":133045,"dur":1,"pid":1,"tid":0},
{"name":"ComposeSubtree /Biped/Rig/Joints/hips_bind/spine_0_bind/spine_1_bind/spine_2_bind/spine_3_bind/spine_4_bind/spine_5_bind/chest_bind/clavicle_r_bind/shoulder_r_bind/elbow_r_bind/wrist_r_bind/thumbCup_r_bind/thumb_001_r_bind/thumb_002_r_bind/thumb_003_r_bind","cat":"step","ph":"X","ts":133046,"dur":1,"pid":1,"tid":0},
{"name":"ComposeSubtree /Biped/Rig/Joints/hips_bind/spine_0_bind/spine_1_bind/spine_2_bind/spine_3_bind/spine_4_bind/spine_5_bind/chest_bind/neck_base_bind/neck_0_bind/neck_1_bind/neck_2_bind/neck_3_bind/skull_bind/face_lower_bind","cat":"step","ph":"X","ts":133047,"dur":1,"pid":1,"tid":0},
{"name":"ComposeSubtree /Biped/Rig/Joints/hips_bind/spine_0_bind/spine_1_bind/spine_2_bind/spine_3_bind/spine_4_bind/spine_5_bind/chest_bind/neck_base_bind/neck_0_bind/neck_1_bind/neck_2_bind/neck_3_bind/skull_bind/face_lower_bind/jaw_bind/tongue_0_bind","cat":"step","ph":"X","ts":133048,"dur":1,"pid":1,"tid":0},
{"name":"ComposeSubtree /Biped/Rig/Joints/hips_bind/spine_0_bind/spine_1_bind/spine_2_bind/spine_3_bind/spine_4_bind/spine_5_bind/chest_bind/neck_base_bind/neck_0_bind/neck_1_bind/neck_2_bind/neck_3_bind/skull_bind/face_upper_bind/eyeSocket_l_bind","cat":"step","ph":"X","ts":133049,"dur":1,"pid":1,"tid":0},
{"name":"ComposeSubtree /Biped/Rig/Joints/hips_bind/spine_0_bind/spine_1_bind/spine_2_bind/spine_3_bind/spine_4_bind/spine_5_bind/chest_bind/neck_base_bind/neck_0_bind/neck_1_bind/neck_2_bind/neck_3_bind/skull_bind/face_upper_bind/head_tip_bind/brow_main_r_bind","cat":"step","ph":"X","ts":133050,"dur":1,"pid":1,"tid":0},
{"name":"ComposeSubtree /Biped/Rig/Joints/pupilCenter_l_pivot","cat":"step","ph":"X","ts":133051,"dur":1,"pid":1,"tid":0},
{"name":"Solve /Biped/Rig/Solvers/arm_l_fkChain","cat":"step","ph":"X","ts":133052,"dur":1,"pid":1,"tid":0},
{"name":"SolverCommit batch 0","cat":"step","ph":"X","ts":133053,"dur":1,"pid":1,"tid":0},
{"name":"Solve /Biped/Rig/Solvers/arm_l_twoBoneIk","cat":"step","ph":"X","ts":133054,"dur":1,"pid":1,"tid":0},
{"name":"Solve /Biped/Rig/Solvers/arm_r_twoBoneIk","cat":"step","ph":"X","ts":133055,"dur":1,"pid":1,"tid":0},
{"name":"Solve /Biped/Rig/Solvers/neck_splineIk","cat":"step","ph":"X","ts":133056,"dur":8,"pid":1,"tid":0},
{"name":"SolverCommit batch 6","cat":"step","ph":"X","ts":133064,"dur":1,"pid":1,"tid":0},
{"name":"Solve /Biped/Rig/Solvers/spine_splineIk","cat":"step","ph":"X","ts":133065,"dur":7,"pid":1,"tid":0},
{"name":"Solve /Biped/Rig/Solvers/arm_r_ikfk","cat":"step","ph":"X","ts":133072,"dur":1,"pid":1,"tid":0},
{"name":"SolverCommit batch 8","cat":"step","ph":"X","ts":133073,"dur":1,"pid":1,"tid":0},
{"name":"SolverCommit batch 9","cat":"step","ph":"X","ts":133074,"dur":2,"pid":1,"tid":0},
{"name":"Constraint /Biped/Rig/Movers/spine_mid_follow/spine_mid_follow_pos","cat":"step","ph":"X","ts":133076,"dur":6,"pid":1,"tid":0},
{"name":"Solve /Biped/Rig/Solvers/fk_thumb_r","cat":"step","ph":"X","ts":133082,"dur":1,"pid":1,"tid":0},
{"name":"SolverCommit batch 11","cat":"step","ph":"X","ts":133083,"dur":1,"pid":1,"tid":0},
{"name":"Solve /Biped/Rig/Solvers/fk_ring_r","cat":"step","ph":"X","ts":133084,"dur":1,"pid":1,"tid":0},
{"name":"Solve /Biped/Rig/Solvers/fk_pinky_r","cat":"step","ph":"X","ts":133085,"dur":2,"pid":1,"tid":0},
{"name":"Solve /Biped/Rig/Solvers/fk_middle_r","cat":"step","ph":"X","ts":133087,"dur":1,"pid":1,"tid":0},
{"name":"Solve /Biped/Rig/Solvers/fk_index_r","cat":"step","ph":"X","ts":133088,"dur":1,"pid":1,"tid":0},
{"name":"SolverCommit batch 15","cat":"step","ph":"X","ts":133089,"dur":1,"pid":1,"tid":0},
{"name":"Solve /Biped/Rig/Solvers/fk_thumb_l","cat":"step","ph":"X","ts":133090,"dur":1,"pid":1,"tid":0},
{"name":"Solve /Biped/Rig/Solvers/fk_ring_l","cat":"step","ph":"X","ts":133091,"dur":1,"pid":1,"tid":0},
{"name":"Solve /Biped/Rig/Solvers/fk_pinky_l","cat":"step","ph":"X","ts":133092,"dur":1,"pid":1,"tid":0},
{"name":"SolverCommit batch 18","cat":"step","ph":"X","ts":133093,"dur":1,"pid":1,"tid":0},
{"name":"Solve /Biped/Rig/Solvers/fk_middle_l","cat":"step","ph":"X","ts":133094,"dur":1,"pid":1,"tid":0},
{"name":"Solve /Biped/Rig/Solvers/fk_index_l","cat":"step","ph":"X","ts":133095,"dur":1,"pid":1,"tid":0},
{"name":"Constraint /Biped/Rig/Movers/spine_mid_follow/spine_mid_follow_aim","cat":"step","ph":"X","ts":133096,"dur":3,"pid":1,"tid":0},
{"name":"Constraint /Biped/Rig/Movers/hand_r_follow/thumbCup_r_bind_fk_follow_to_wrist_r_bind","cat":"step","ph":"X","ts":133099,"dur":3,"pid":1,"tid":0},
{"name":"Constraint /Biped/Rig/Movers/hand_r_follow/ring_001_r_bind_fk_follow_to_wrist_r_bind","cat":"step","ph":"X","ts":133102,"dur":3,"pid":1,"tid":0},
{"name":"Constraint /Biped/Rig/Movers/hand_r_follow/pinkyCup_r_bind_fk_follow_to_wrist_r_bind","cat":"step","ph":"X","ts":133105,"dur":3,"pid":1,"tid":0},
{"name":"Constraint /Biped/Rig/Movers/hand_r_follow/middle_001_r_bind_fk_follow_to_wrist_r_bind","cat":"step","ph":"X","ts":133108,"dur":2,"pid":1,"tid":0},
{"name":"Constraint /Biped/Rig/Movers/hand_r_follow/index_001_r_bind_fk_follow_to_wrist_r_bind","cat":"step","ph":"X","ts":133110,"dur":2,"pid":1,"tid":0},
{"name":"Constraint /Biped/Rig/Movers/hand_l_follow/thumbCup_l_bind_fk_follow_to_wrist_l_bind","cat":"step","ph":"X","ts":133112,"dur":3,"pid":1,"tid":0},
{"name":"Constraint /Biped/Rig/Movers/hand_l_follow/ring_001_l_bind_fk_follow_to_wrist_l_bind","cat":"step","ph":"X","ts":133115,"dur":2,"pid":1,"tid":0},
{"name":"Constraint /Biped/Rig/Movers/hand_l_follow/pinkyCup_l_bind_fk_follow_to_wrist_l_bind","cat":"step","ph":"X","ts":133117,"dur":2,"pid":1,"tid":0},
{"name":"Constraint /Biped/Rig/Movers/hand_l_follow/middle_001_l_bind_fk_follow_to_wrist_l_bind","cat":"step","ph":"X","ts":133119,"dur":2,"pid":1,"tid":0},
{"name":"Constraint /Biped/Rig/Movers/hand_l_follow/index_001_l_bind_fk_follow_to_wrist_l_bind","cat":"step","ph":"X","ts":133121,"dur":3,"pid":1,"tid":0},
{"name":"Constraint /Biped/Rig/Movers/bankIn_r_pivot_rc/bankIn_r_pivot_rotation","cat":"step","ph":"X","ts":133124,"dur":1,"pid":1,"tid":0},
{"name":"Constraint /Biped/Rig/Movers/heel_r_roll_rc/heel_r_roll_rotation","cat":"step","ph":"X","ts":133125,"dur":1,"pid":1,"tid":0},
{"name":"Constraint /Biped/Rig/Movers/ballRoll_r_down_rc/ballRoll_r_down_rotation","cat":"step","ph":"X","ts":133126,"dur":1,"pid":1,"tid":0},
{"name":"SolverCommit batch 39","cat":"step","ph":"X","ts":133127,"dur":5,"pid":1,"tid":0},
{"name":"Constraint /Biped/Rig/Movers/ankle_r_bind_scAim/ankle_r_bind_aim","cat":"step","ph":"X","ts":133132,"dur":5,"pid":1,"tid":0},
{"name":"Constraint /Biped/Rig/Movers/ball_r_bind_scAim/ball_r_bind_aim","cat":"step","ph":"X","ts":133137,"dur":3,"pid":1,"tid":0},
{"name":"Constraint /Biped/Rig/Movers/bankOut_l_pivot_rc/bankOut_l_pivot_rotation","cat":"step","ph":"X","ts":133140,"dur":1,"pid":1,"tid":0},
{"name":"Constraint /Biped/Rig/Movers/toe_l_roll_rc/toe_l_roll_rotation","cat":"step","ph":"X","ts":133141,"dur":1,"pid":1,"tid":0},
{"name":"Solve /Biped/Rig/Solvers/leg_l_twoBoneIk","cat":"step","ph":"X","ts":133142,"dur":1,"pid":1,"tid":0},
{"name":"SolverCommit batch 49","cat":"step","ph":"X","ts":133143,"dur":4,"pid":1,"tid":0},
{"name":"Constraint /Biped/Rig/Movers/ankle_l_bind_scAim/ankle_l_bind_aim","cat":"step","ph":"X","ts":133147,"dur":3,"pid":1,"tid":0},
{"name":"Constraint /Biped/Rig/Movers/ball_l_bind_scAim/ball_l_bind_aim","cat":"step","ph":"X","ts":133150,"dur":3,"pid":1,"tid":0},
{"name":"Constraint /Biped/Rig/Movers/hips_follow/spine_root_ctl_drives_hips_bind","cat":"step","ph":"X","ts":133153,"dur":2,"pid":1,"tid":0},
{"name":"PropagateChunk /Biped/Rig/Movers/hips_follow/spine_root_ctl_drives_hips_bind","cat":"step","ph":"X","ts":133155,"dur":4,"pid":1,"tid":0},
{"name":"Constraint /Biped/Rig/Movers/hips_follow/spine_root_ctl_scales_hips_bind","cat":"step","ph":"X","ts":133159,"dur":2,"pid":1,"tid":0},
{"name":"PropagateChunk /Biped/Rig/Movers/hips_follow/spine_root_ctl_scales_hips_bind","cat":"step","ph":"X","ts":133161,"dur":4,"pid":1,"tid":0},
{"name":"Constraint /Biped/Rig/Movers/spine_to_bind/spine_ik_spine_0_bind_scale_to_spine_0_bind","cat":"step","ph":"X","ts":133165,"dur":5,"pid":1,"tid":0},
{"name":"Constraint /Biped/Rig/Movers/spine_to_bind/spine_ik_spine_0_bind_to_spine_0_bind","cat":"step","ph":"X","ts":133170,"dur":5,"pid":1,"tid":0},
{"name":"Constraint /Biped/Rig/Movers/spine_to_bind/spine_ik_spine_1_bind_scale_to_spine_1_bind","cat":"step","ph":"X","ts":133175,"dur":4,"pid":1,"tid":0},
{"name":"Constraint /Biped/Rig/Movers/spine_to_bind/spine_ik_spine_1_bind_to_spine_1_bind","cat":"step","ph":"X","ts":133179,"dur":5,"pid":1,"tid":0},
{"name":"Constraint /Biped/Rig/Movers/spine_to_bind/spine_ik_spine_2_bind_scale_to_spine_2_bind","cat":"step","ph":"X","ts":133184,"dur":4,"pid":1,"tid":0},
{"name":"Constraint /Biped/Rig/Movers/spine_to_bind/spine_ik_spine_2_bind_to_spine_2_bind","cat":"step","ph":"X","ts":133188,"dur":5,"pid":1,"tid":0},
{"name":"Constraint /Biped/Rig/Movers/spine_to_bind/spine_ik_spine_3_bind_scale_to_spine_3_bind","cat":"step","ph":"X","ts":133193,"dur":4,"pid":1,"tid":0},
{"name":"Constraint /Biped/Rig/Movers/spine_to_bind/spine_ik_spine_3_bind_to_spine_3_bind","cat":"step","ph":"X","ts":133197,"dur":4,"pid":1,"tid":0},
{"name":"Constraint /Biped/Rig/Movers/spine_to_bind/spine_ik_spine_4_bind_scale_to_spine_4_bind","cat":"step","ph":"X","ts":133201,"dur":4,"pid":1,"tid":0},
{"name":"Constraint /Biped/Rig/Movers/spine_to_bind/spine_ik_spine_4_bind_to_spine_4_bind","cat":"step","ph":"X","ts":133205,"dur":5,"pid":1,"tid":0},
{"name":"Constraint /Biped/Rig/Movers/spine_to_bind/spine_ik_spine_5_bind_scale_to_spine_5_bind","cat":"step","ph":"X","ts":133210,"dur":3,"pid":1,"tid":0},
{"name":"Constraint /Biped/Rig/Movers/spine_to_bind/spine_ik_spine_5_bind_to_spine_5_bind","cat":"step","ph":"X","ts":133213,"dur":4,"pid":1,"tid":0},
{"name":"Constraint /Biped/Rig/Movers/spine_to_bind/spine_ik_chest_bind_scale_to_chest_bind","cat":"step","ph":"X","ts":133217,"dur":4,"pid":1,"tid":0},
{"name":"Constraint /Biped/Rig/Movers/spine_to_bind/spine_ik_chest_bind_to_chest_bind","cat":"step","ph":"X","ts":133221,"dur":4,"pid":1,"tid":0},
{"name":"Constraint /Biped/Rig/Movers/girdles/spine_end_ctl_drives_chest_bind","cat":"step","ph":"X","ts":133225,"dur":5,"pid":1,"tid":0},
{"name":"Constraint /Biped/Rig/Movers/girdles/pelvis_r_ctl_drives_pelvis_r_bind","cat":"step","ph":"X","ts":133230,"dur":1,"pid":1,"tid":0},
{"name":"Constraint /Biped/Rig/Movers/girdles/pelvis_l_ctl_drives_pelvis_l_bind","cat":"step","ph":"X","ts":133231,"dur":1,"pid":1,"tid":0},
{"name":"Constraint /Biped/Rig/Movers/girdles/clavicle_r_ctl_drives_clavicle_r_bind","cat":"step","ph":"X","ts":133232,"dur":1,"pid":1,"tid":0},
{"name":"Constraint /Biped/Rig/Movers/girdles/spine_end_ctl_unsquashes_neck_base_bind","cat":"step","ph":"X","ts":133233,"dur":3,"pid":1,"tid":0},
{"name":"Constraint /Biped/Rig/Movers/girdles/clavicle_r_ctl_unsquashes_clavicle_r_bind","cat":"step","ph":"X","ts":133236,"dur":2,"pid":1,"tid":0},
{"name":"Constraint /Biped/Rig/Movers/girdles/clavicle_l_ctl_unsquashes_clavicle_l_bind","cat":"step","ph":"X","ts":133238,"dur":1,"pid":1,"tid":0},
{"name":"Constraint /Biped/Rig/Movers/neck_to_bind/neck_ik_neck_0_bind_scale_to_neck_0_bind","cat":"step","ph":"X","ts":133239,"dur":3,"pid":1,"tid":0},
{"name":"Constraint /Biped/Rig/Movers/neck_to_bind/neck_ik_neck_0_bind_to_neck_0_bind","cat":"step","ph":"X","ts":133242,"dur":4,"pid":1,"tid":0},
{"name":"Constraint /Biped/Rig/Movers/neck_to_bind/neck_ik_neck_1_bind_scale_to_neck_1_bind","cat":"step","ph":"X","ts":133246,"dur":3,"pid":1,"tid":0},
{"name":"Constraint /Biped/Rig/Movers/neck_to_bind/neck_ik_neck_1_bind_to_neck_1_bind","cat":"step","ph":"X","ts":133249,"dur":3,"pid":1,"tid":0},
{"name":"Constraint /Biped/Rig/Movers/neck_to_bind/neck_ik_neck_2_bind_scale_to_neck_2_bind","cat":"step","ph":"X","ts":133252,"dur":3,"pid":1,"tid":0},
{"name":"Constraint /Biped/Rig/Movers/neck_to_bind/neck_ik_neck_2_bind_to_neck_2_bind","cat":"step","ph":"X","ts":133255,"dur":4,"pid":1,"tid":0},
{"name":"Constraint /Biped/Rig/Movers/neck_to_bind/neck_ik_neck_3_bind_scale_to_neck_3_bind","cat":"step","ph":"X","ts":133259,"dur":2,"pid":1,"tid":0},
{"name":"Constraint /Biped/Rig/Movers/neck_to_bind/neck_ik_neck_3_bind_to_neck_3_bind","cat":"step","ph":"X","ts":133261,"dur":4,"pid":1,"tid":0},
{"name":"Constraint /Biped/Rig/Movers/neck_to_bind/neck_ik_skull_bind_scale_to_skull_bind","cat":"step","ph":"X","ts":133265,"dur":2,"pid":1,"tid":0},
{"name":"Constraint /Biped/Rig/Movers/neck_to_bind/neck_ik_skull_bind_to_skull_bind","cat":"step","ph":"X","ts":133267,"dur":3,"pid":1,"tid":0},
{"name":"Constraint /Biped/Rig/Movers/twist_aims/wristTwist_r_bind_copy","cat":"step","ph":"X","ts":133270,"dur":2,"pid":1,"tid":0},
{"name":"Constraint /Biped/Rig/Movers/twist_aims/wristTwist_r_bind_aim","cat":"step","ph":"X","ts":133272,"dur":2,"pid":1,"tid":0},
{"name":"Constraint /Biped/Rig/Movers/twist_aims/wristTwist_l_bind_copy","cat":"step","ph":"X","ts":133274,"dur":2,"pid":1,"tid":0},
{"name":"Constraint /Biped/Rig/Movers/twist_aims/wristTwist_l_bind_aim","cat":"step","ph":"X","ts":133276,"dur":2,"pid":1,"tid":0},
{"name":"Constraint /Biped/Rig/Movers/twist_aims/ankleTwist_r_bind_copy","cat":"step","ph":"X","ts":133278,"dur":1,"pid":1,"tid":0},
{"name":"Constraint /Biped/Rig/Movers/twist_aims/ankleTwist_r_bind_aim","cat":"step","ph":"X","ts":133279,"dur":2,"pid":1,"tid":0},
{"name":"Constraint /Biped/Rig/Movers/twist_aims/ankleTwist_l_bind_copy","cat":"step","ph":"X","ts":133281,"dur":1,"pid":1,"tid":0},
{"name":"Constraint /Biped/Rig/Movers/twist_aims/ankleTwist_l_bind_aim","cat":"step","ph":"X","ts":133282,"dur":2,"pid":1,"tid":0},
{"name":"Constraint /Biped/Rig/Movers/twist_aims/ankleTwist_l_bind_follows_ankle_l_bind","cat":"step","ph":"X","ts":133284,"dur":1,"pid":1,"tid":0},
{"name":"Constraint /Biped/Rig/Movers/twist_aims/wristTwist_l_bind_follows_wrist_l_bind","cat":"step","ph":"X","ts":133285,"dur":1,"pid":1,"tid":0},
{"name":"Constraint /Biped/Rig/Movers/twist_aims/thighNoTwist_l_bind_follows_thigh_l_bind","cat":"step","ph":"X","ts":133286,"dur":1,"pid":1,"tid":0},
{"name":"Constraint /Biped/Rig/Movers/twist_aims/pelvis_trans_r_bind_follows_thigh_r_bind","cat":"step","ph":"X","ts":133287,"dur":1,"pid":1,"tid":0},
{"name":"Constraint /Biped/Rig/Movers/twist_aims/pelvis_trans_l_bind_follows_thigh_l_bind","cat":"step","ph":"X","ts":133288,"dur":1,"pid":1,"tid":0},
{"name":"Constraint /Biped/Rig/Movers/twist_aims/pelvis_trans_r_bind_aim","cat":"step","ph":"X","ts":133289,"dur":2,"pid":1,"tid":0},
{"name":"Constraint /Biped/Rig/Movers/twist_aims/pelvis_trans_l_bind_aim","cat":"step","ph":"X","ts":133291,"dur":2,"pid":1,"tid":0},
{"name":"Constraint /Biped/Rig/Movers/twist_aims/kneeTwist_r_bind_aim","cat":"step","ph":"X","ts":133293,"dur":2,"pid":1,"tid":0},
{"name":"Constraint /Biped/Rig/Movers/twist_aims/kneeTwist_l_bind_aim","cat":"step","ph":"X","ts":133295,"dur":1,"pid":1,"tid":0},
{"name":"Constraint /Biped/Rig/Movers/twist_aims/thighNoTwist_r_bind_aim","cat":"step","ph":"X","ts":133296,"dur":2,"pid":1,"tid":0},
{"name":"Constraint /Biped/Rig/Movers/twist_aims/thighNoTwist_l_bind_aim","cat":"step","ph":"X","ts":133298,"dur":1,"pid":1,"tid":0},
{"name":"Constraint /Biped/Rig/Movers/twist_aims/clavicle_trans_r_bind_aim","cat":"step","ph":"X","ts":133299,"dur":2,"pid":1,"tid":0},
{"name":"Constraint /Biped/Rig/Movers/twist_aims/clavicle_trans_l_bind_aim","cat":"step","ph":"X","ts":133301,"dur":2,"pid":1,"tid":0},
{"name":"Constraint /Biped/Rig/Movers/twist_aims/elbowTwist_r_bind_aim","cat":"step","ph":"X","ts":133303,"dur":1,"pid":1,"tid":0},
{"name":"Constraint /Biped/Rig/Movers/twist_aims/elbowTwist_l_bind_aim","cat":"step","ph":"X","ts":133304,"dur":2,"pid":1,"tid":0},
{"name":"Constraint /Biped/Rig/Movers/twist_aims/shoulderNoTwist_r_bind_aim","cat":"step","ph":"X","ts":133306,"dur":2,"pid":1,"tid":0},
{"name":"Constraint /Biped/Rig/Movers/twist_aims/shoulderNoTwist_l_bind_aim","cat":"step","ph":"X","ts":133308,"dur":1,"pid":1,"tid":0},
{"name":"Constraint /Biped/Rig/Movers/pose_drivers/thigh_r_driver_copies_thigh_r_bind","cat":"step","ph":"X","ts":133309,"dur":2,"pid":1,"tid":0},
{"name":"Constraint /Biped/Rig/Movers/pose_drivers/thigh_l_driver_copies_thigh_l_bind","cat":"step","ph":"X","ts":133311,"dur":2,"pid":1,"tid":0},
{"name":"Constraint /Biped/Rig/Movers/pose_drivers/thigh_r_twist_driver_copies_thighNoTwist_r_bind","cat":"step","ph":"X","ts":133313,"dur":2,"pid":1,"tid":0},
{"name":"Constraint /Biped/Rig/Movers/pose_drivers/thigh_l_twist_driver_copies_thighNoTwist_l_bind","cat":"step","ph":"X","ts":133315,"dur":2,"pid":1,"tid":0},
{"name":"Constraint /Biped/Rig/Movers/pose_drivers/ankleTwist_r_driver_copies_ankleTwist_r_bind","cat":"step","ph":"X","ts":133317,"dur":2,"pid":1,"tid":0},
{"name":"Constraint /Biped/Rig/Movers/pose_drivers/ankleTwist_l_driver_copies_ankleTwist_l_bind","cat":"step","ph":"X","ts":133319,"dur":2,"pid":1,"tid":0},
{"name":"Constraint /Biped/Rig/Movers/pose_drivers/toe_r_driver_copies_ball_r_bind","cat":"step","ph":"X","ts":133321,"dur":2,"pid":1,"tid":0},
{"name":"Constraint /Biped/Rig/Movers/pose_drivers/toe_l_driver_copies_ball_l_bind","cat":"step","ph":"X","ts":133323,"dur":1,"pid":1,"tid":0},
{"name":"Constraint /Biped/Rig/Movers/pose_drivers/knee_r_driver_copies_knee_r_bind","cat":"step","ph":"X","ts":133324,"dur":3,"pid":1,"tid":0},
{"name":"Constraint /Biped/Rig/Movers/pose_drivers/knee_l_driver_copies_knee_l_bind","cat":"step","ph":"X","ts":133327,"dur":1,"pid":1,"tid":0},
{"name":"Constraint /Biped/Rig/Movers/pose_drivers/ankleSwing_r_driver_copies_ankle_r_bind","cat":"step","ph":"X","ts":133328,"dur":2,"pid":1,"tid":0},
{"name":"Constraint /Biped/Rig/Movers/pose_drivers/ankleSwing_l_driver_copies_ankle_l_bind","cat":"step","ph":"X","ts":133330,"dur":2,"pid":1,"tid":0},
{"name":"Constraint /Biped/Rig/Movers/pose_drivers/shoulder_r_driver_copies_shoulder_r_bind","cat":"step","ph":"X","ts":133332,"dur":2,"pid":1,"tid":0},
{"name":"Constraint /Biped/Rig/Movers/pose_drivers/shoulder_l_driver_copies_shoulder_l_bind","cat":"step","ph":"X","ts":133334,"dur":2,"pid":1,"tid":0},
{"name":"Constraint /Biped/Rig/Movers/pose_drivers/wristTwist_r_driver_copies_wristTwist_r_bind","cat":"step","ph":"X","ts":133336,"dur":2,"pid":1,"tid":0},
{"name":"Constraint /Biped/Rig/Movers/pose_drivers/wristTwist_l_driver_copies_wristTwist_l_bind","cat":"step","ph":"X","ts":133338,"dur":2,"pid":1,"tid":0},
{"name":"Constraint /Biped/Rig/Movers/pose_drivers/shoulder_r_twist_driver_copies_shoulderNoTwist_r_bind","cat":"step","ph":"X","ts":133340,"dur":2,"pid":1,"tid":0},
{"name":"Constraint /Biped/Rig/Movers/pose_drivers/shoulder_l_twist_driver_copies_shoulderNoTwist_l_bind","cat":"step","ph":"X","ts":133342,"dur":2,"pid":1,"tid":0},
{"name":"Constraint /Biped/Rig/Movers/pose_drivers/wristSwing_r_driver_copies_wrist_r_bind","cat":"step","ph":"X","ts":133344,"dur":2,"pid":1,"tid":0},
{"name":"Constraint /Biped/Rig/Movers/pose_drivers/wristSwing_l_driver_copies_wrist_l_bind","cat":"step","ph":"X","ts":133346,"dur":2,"pid":1,"tid":0},
{"name":"Constraint /Biped/Rig/Movers/pose_drivers/elbow_r_driver_copies_elbow_r_bind","cat":"step","ph":"X","ts":133348,"dur":2,"pid":1,"tid":0},
{"name":"Constraint /Biped/Rig/Movers/pose_drivers/elbow_l_driver_copies_elbow_l_bind","cat":"step","ph":"X","ts":133350,"dur":2,"pid":1,"tid":0},
{"name":"Constraint /Biped/Rig/Movers/param_follow/leg_r_params_to_ankle_r_bind","cat":"step","ph":"X","ts":133352,"dur":1,"pid":1,"tid":0},
{"name":"Constraint /Biped/Rig/Movers/param_follow/leg_l_params_to_ankle_l_bind","cat":"step","ph":"X","ts":133353,"dur":2,"pid":1,"tid":0},
{"name":"Constraint /Biped/Rig/Movers/param_follow/arm_r_params_to_wrist_r_bind","cat":"step","ph":"X","ts":133355,"dur":2,"pid":1,"tid":0},
{"name":"Constraint /Biped/Rig/Movers/param_follow/arm_l_params_to_wrist_l_bind","cat":"step","ph":"X","ts":133357,"dur":2,"pid":1,"tid":0},
{"name":"ProviderMatrix /Biped/Rig/Controls/leg_l_ik/ankle_l_pivot/bankIn_l_pivot/bankOut_l_pivot final","cat":"step","ph":"X","ts":133359,"dur":1,"pid":1,"tid":0},
{"name":"ProviderMatrix /Biped/Rig/Controls/leg_r_ik/ankle_r_pivot/bankIn_r_pivot/bankOut_r_pivot/heel_r_roll/heel_r/ball_r_pivot/toe_r_roll final","cat":"step","ph":"X","ts":133360,"dur":1,"pid":1,"tid":0},
{"name":"ProviderMatrix /Biped/Rig/Joints/ankle_l_pivot/bankIn_l_pivot/bankOut_l_pivot/heel_l_pivot/ball_l_pivot/toe_l_pivot/toeBend_l_pivot final","cat":"step","ph":"X","ts":133361,"dur":1,"pid":1,"tid":0},
{"name":"ProviderMatrix /Biped/Rig/Joints/hips_bind/pelvis_l_bind/pelvis_trans_l_bind final","cat":"step","ph":"X","ts":133362,"dur":1,"pid":1,"tid":0},
{"name":"ProviderMatrix /Biped/Rig/Joints/hips_bind/pelvis_l_bind/thigh_l_bind/knee_l_bind/ankle_l_bind/ball_l_bind final","cat":"step","ph":"X","ts":133363,"dur":1,"pid":1,"tid":0},
{"name":"ProviderMatrix /Biped/Rig/Joints/hips_bind/pelvis_l_bind/thigh_l_bind/knee_l_bind/ankle_l_bind/ball_l_bind/toe3_001_l_bind/toe3_002_l_bind/toe3_003_l_bind final","cat":"step","ph":"X","ts":133364,"dur":1,"pid":1,"tid":0},
{"name":"ProviderMatrix /Biped/Rig/Joints/hips_bind/pelvis_l_bind/thigh_l_bind/knee_l_bind/ankle_l_bind/toe_l_driver final","cat":"step","ph":"X","ts":133365,"dur":1,"pid":1,"tid":0},
{"name":"ProviderMatrix /Biped/Rig/Joints/hips_bind/pelvis_r_bind/thigh_r_bind/knee_r_bind/ankleTwist_r_bind final","cat":"step","ph":"X","ts":133366,"dur":1,"pid":1,"tid":0},
{"name":"ProviderMatrix /Biped/Rig/Joints/hips_bind/pelvis_r_bind/thigh_r_bind/knee_r_bind/ankle_r_bind/ball_r_bind/toe2_001_r_bind/toe2_002_r_bind/toe2_003_r_bind final","cat":"step","ph":"X","ts":133367,"dur":1,"pid":1,"tid":0},
{"name":"ProviderMatrix /Biped/Rig/Joints/hips_bind/pelvis_r_bind/thigh_r_bind/knee_r_bind/ankle_r_bind/ball_r_bind/toe5_001_r_bind/toe5_002_r_bind final","cat":"step","ph":"X","ts":133368,"dur":1,"pid":1,"tid":0},
{"name":"ProviderMatrix /Biped/Rig/Joints/hips_bind/spine_0_bind/spine_1_bind/spine_2_bind/spine_3_bind/spine_4_bind final","cat":"step","ph":"X","ts":133369,"dur":1,"pid":1,"tid":0},
{"name":"ProviderMatrix /Biped/Rig/Joints/hips_bind/spine_0_bind/spine_1_bind/spine_2_bind/spine_3_bind/spine_4_bind/spine_5_bind/chest_bind/clavicle_l_bind/shoulder_l_bind/elbow_l_bind/elbowTwist_l_bind final","cat":"step","ph":"X","ts":133370,"dur":1,"pid":1,"tid":0},
{"name":"ProviderMatrix /Biped/Rig/Joints/hips_bind/spine_0_bind/spine_1_bind/spine_2_bind/spine_3_bind/spine_4_bind/spine_5_bind/chest_bind/clavicle_l_bind/shoulder_l_bind/elbow_l_bind/wrist_l_bind/index_001_l_bind/index_002_l_bind/index_003_l_bind/index_004_l_bind/index_005_l_bind final","cat":"step","ph":"X","ts":133371,"dur":1,"pid":1,"tid":0},
{"name":"ProviderMatrix /Biped/Rig/Joints/hips_bind/spine_0_bind/spine_1_bind/spine_2_bind/spine_3_bind/spine_4_bind/spine_5_bind/chest_bind/clavicle_l_bind/shoulder_l_bind/elbow_l_bind/wrist_l_bind/pinkyCup_l_bind/pinky_001_l_bind/pinky_002_l_bind/pinky_003_l_bind final","cat":"step","ph":"X","ts":133372,"dur":1,"pid":1,"tid":0},
{"name":"ProviderMatrix /Biped/Rig/Joints/hips_bind/spine_0_bind/spine_1_bind/spine_2_bind/spine_3_bind/spine_4_bind/spine_5_bind/chest_bind/clavicle_l_bind/shoulder_l_bind/elbow_l_bind/wrist_l_bind/thumbCup_l_bind/thumb_001_l_bind/thumb_002_l_bind final","cat":"step","ph":"X","ts":133373,"dur":1,"pid":1,"tid":0},
{"name":"ProviderMatrix /Biped/Rig/Joints/hips_bind/spine_0_bind/spine_1_bind/spine_2_bind/spine_3_bind/spine_4_bind/spine_5_bind/chest_bind/clavicle_r_bind/shoulder_r_bind/elbow_r_bind/elbowTwist_r_bind final","cat":"step","ph":"X","ts":133374,"dur":1,"pid":1,"tid":0},
{"name":"ProviderMatrix /Biped/Rig/Joints/hips_bind/spine_0_bind/spine_1_bind/spine_2_bind/spine_3_bind/spine_4_bind/spine_5_bind/chest_bind/clavicle_r_bind/shoulder_r_bind/elbow_r_bind/wrist_r_bind/index_001_r_bind/index_002_r_bind/index_003_r_bind/index_004_r_bind/index_005_r_bind final","cat":"step","ph":"X","ts":133375,"dur":1,"pid":1,"tid":0},
{"name":"ProviderMatrix /Biped/Rig/Joints/hips_bind/spine_0_bind/spine_1_bind/spine_2_bind/spine_3_bind/spine_4_bind/spine_5_bind/chest_bind/clavicle_r_bind/shoulder_r_bind/elbow_r_bind/wrist_r_bind/pinkyCup_r_bind/pinky_001_r_bind/pinky_002_r_bind/pinky_003_r_bind final","cat":"step","ph":"X","ts":133376,"dur":1,"pid":1,"tid":0},
{"name":"ProviderMatrix /Biped/Rig/Joints/hips_bind/spine_0_bind/spine_1_bind/spine_2_bind/spine_3_bind/spine_4_bind/spine_5_bind/chest_bind/clavicle_r_bind/shoulder_r_bind/elbow_r_bind/wrist_r_bind/thumbCup_r_bind/thumb_001_r_bind/thumb_002_r_bind final","cat":"step","ph":"X","ts":133377,"dur":1,"pid":1,"tid":0},
{"name":"ProviderMatrix /Biped/Rig/Joints/hips_bind/spine_0_bind/spine_1_bind/spine_2_bind/spine_3_bind/spine_4_bind/spine_5_bind/chest_bind/neck_base_bind/neck_0_bind/neck_1_bind/neck_2_bind/neck_3_bind/skull_bind/face_lower_bind/face_mid_bind/jaw_compression_driver final","cat":"step","ph":"X","ts":133378,"dur":1,"pid":1,"tid":0},
{"name":"ProviderMatrix /Biped/Rig/Joints/hips_bind/spine_0_bind/spine_1_bind/spine_2_bind/spine_3_bind/spine_4_bind/spine_5_bind/chest_bind/neck_base_bind/neck_0_bind/neck_1_bind/neck_2_bind/neck_3_bind/skull_bind/face_upper_bind final","cat":"step","ph":"X","ts":133379,"dur":1,"pid":1,"tid":0},
{"name":"ProviderMatrix /Biped/Rig/Joints/hips_bind/spine_0_bind/spine_1_bind/spine_2_bind/spine_3_bind/spine_4_bind/spine_5_bind/chest_bind/neck_base_bind/neck_0_bind/neck_1_bind/neck_2_bind/neck_3_bind/skull_bind/face_upper_bind/head_tip_bind/brow_peak_r_bind final","cat":"step","ph":"X","ts":133380,"dur":1,"pid":1,"tid":0},
{"name":"ProviderMatrix /Biped/Rig/Joints/spine_ik_spine_0_bind/spine_ik_spine_1_bind/spine_ik_spine_2_bind/spine_ik_spine_3_bind final","cat":"step","ph":"X","ts":133381,"dur":1,"pid":1,"tid":0},
{"name":"InfluenceFold /Biped/Rig/Movers/skin_body_geo/body_geo_skin","cat":"step","ph":"X","ts":133382,"dur":23,"pid":1,"tid":0},
{"name":"RevisionChunk /Biped/Rig/Movers/skin_body_geo/body_geo_skin","cat":"step","ph":"X","ts":133405,"dur":373,"pid":1,"tid":0},
{"name":"RevisionFuse /Biped/Rig/Movers/skin_body_geo/body_geo_skin","cat":"step","ph":"X","ts":133778,"dur":2,"pid":1,"tid":0},
{"name":"ChainStatus /Biped/Geom/body_geo.points","cat":"step","ph":"X","ts":133780,"dur":22,"pid":1,"tid":0},
{"name":"Derived /Biped/Geom/body_geo.extent","cat":"step","ph":"X","ts":133802,"dur":306,"pid":1,"tid":0},
{"name":"BakedPublish","cat":"baked","ph":"X","ts":134165,"dur":63,"pid":1,"tid":0},
{"name":"BakedEpilogue","cat":"baked","ph":"X","ts":134109,"dur":126,"pid":1,"tid":0},
{"name":"Baked","cat":"baked","ph":"X","ts":132853,"dur":1382,"pid":1,"tid":0},
{"name":"Evaluate.Run","cat":"evaluate","ph":"X","ts":132853,"dur":1383,"pid":1,"tid":0},
{"name":"Evaluate@8","cat":"evaluate","ph":"X","ts":132852,"dur":1385,"pid":1,"tid":0},
{"name":"Evaluate.Settle","cat":"evaluate","ph":"X","ts":134254,"dur":0,"pid":1,"tid":0},
{"name":"Evaluate.PlaceOverrides","cat":"evaluate","ph":"X","ts":134255,"dur":0,"pid":1,"tid":0},
{"name":"PropertyChains","cat":"property","ph":"X","ts":134257,"dur":6,"pid":1,"tid":0},
{"name":"BakedInputs","cat":"baked","ph":"X","ts":134264,"dur":7,"pid":1,"tid":0},
{"name":"BakedChainBase","cat":"geometry","ph":"X","ts":134368,"dur":2,"pid":1,"tid":0},
{"name":"BakedPrologue","cat":"baked","ph":"X","ts":134256,"dur":115,"pid":1,"tid":0},
{"name":"BakedRegion","cat":"baked","ph":"X","ts":134371,"dur":915,"pid":1,"tid":0},
{"name":"ComposeSubtree /Biped/Rig/Controls/arm_l_ik","cat":"step","ph":"X","ts":134398,"dur":1,"pid":1,"tid":0},
{"name":"ComposeSubtree /Biped/Rig/Controls/arm_l_pv","cat":"step","ph":"X","ts":134399,"dur":1,"pid":1,"tid":0},
{"name":"ComposeSubtree /Biped/Rig/Controls/hips_ctl","cat":"step","ph":"X","ts":134400,"dur":1,"pid":1,"tid":0},
{"name":"ComposeSubtree /Biped/Rig/Controls/hips_ctl/spine_root_pivot/spine_root_ctl/pelvis_r_ctl","cat":"step","ph":"X","ts":134401,"dur":1,"pid":1,"tid":0},
{"name":"ComposeSubtree /Biped/Rig/Controls/hips_ctl/torso_ctl/spine_end_pivot/spine_end_ctl","cat":"step","ph":"X","ts":134402,"dur":1,"pid":1,"tid":0},
{"name":"ComposeSubtree /Biped/Rig/Controls/hips_ctl/torso_ctl/spine_end_pivot/spine_end_ctl/clavicle_r_ctl","cat":"step","ph":"X","ts":134403,"dur":1,"pid":1,"tid":0},
{"name":"ComposeSubtree /Biped/Rig/Controls/hips_ctl/torso_ctl/spine_end_pivot/spine_end_ctl/neck_root_ctl/neck_end_pivot","cat":"step","ph":"X","ts":134404,"dur":1,"pid":1,"tid":0},
{"name":"ComposeSubtree /Biped/Rig/Controls/index_001_r_bind_fk_follow/index_001_r_bind_fk/index_002_r_bind_fk","cat":"step","ph":"X","ts":134405,"dur":1,"pid":1,"tid":0},
{"name":"ComposeSubtree /Biped/Rig/Controls/leg_l_ik/ankle_l_pivot/bankIn_l_pivot/bankOut_l_pivot/heel_l_roll","cat":"step","ph":"X","ts":134406,"dur":1,"pid":1,"tid":0},
{"name":"ComposeSubtree /Biped/Rig/Controls/leg_l_ik/ankle_l_pivot/bankIn_l_pivot/bankOut_l_pivot/heel_l_roll/heel_l/ball_l_pivot/toe_l_roll/toe_l/ballRoll_l_up/ballRoll_l_down/ballRoll_l/ankle_l_ikTarget","cat":"step","ph":"X","ts":134407,"dur":1,"pid":1,"tid":0},
{"name":"ComposeSubtree /Biped/Rig/Controls/leg_l_ik/ankle_l_pivot/bankIn_l_pivot/bankOut_l_pivot/heel_l_roll/heel_l/ball_l_pivot/toe_l_roll_twin","cat":"step","ph":"X","ts":134408,"dur":1,"pid":1,"tid":0},
{"name":"ComposeSubtree /Biped/Rig/Controls/leg_l_pv","cat":"step","ph":"X","ts":134409,"dur":1,"pid":1,"tid":0},
{"name":"ComposeSubtree /Biped/Rig/Controls/leg_r_ik/ankle_r_pivot/bankIn_r_pivot/bankOut_r_pivot/heel_r_roll/heel_r/ball_r_pivot/toe_r_roll","cat":"step","ph":"X","ts":134410,"dur":1,"pid":1,"tid":0},
{"name":"ComposeSubtree /Biped/Rig/Controls/leg_r_ik/ankle_r_pivot/bankIn_r_pivot/bankOut_r_pivot/heel_r_roll/heel_r/ball_r_pivot/toe_r_roll/toe_r/ballRoll_r_up_twin","cat":"step","ph":"X","ts":134411,"dur":1,"pid":1,"tid":0},
{"name":"ComposeSubtree /Biped/Rig/Controls/leg_r_ik/ankle_r_pivot/bankIn_r_pivot/bankOut_r_pivot_twin","cat":"step","ph":"X","ts":134412,"dur":1,"pid":1,"tid":0},
{"name":"ComposeSubtree /Biped/Rig/Controls/middle_001_l_bind_fk_follow/middle_001_l_bind_fk/middle_002_l_bind_fk/middle_003_l_bind_fk","cat":"step","ph":"X","ts":134413,"dur":1,"pid":1,"tid":0},
{"name":"ComposeSubtree /Biped/Rig/Controls/pinkyCup_l_bind_fk_follow","cat":"step","ph":"X","ts":134414,"dur":1,"pid":1,"tid":0},
{"name":"ComposeSubtree /Biped/Rig/Controls/pinkyCup_r_bind_fk_follow/pinkyCup_r_bind_fk/pinky_001_r_bind_fk","cat":"step","ph":"X","ts":134415,"dur":1,"pid":1,"tid":0},
{"name":"ComposeSubtree /Biped/Rig/Controls/ring_001_r_bind_fk_follow","cat":"step","ph":"X","ts":134416,"dur":1,"pid":1,"tid":0},
{"name":"ComposeSubtree /Biped/Rig/Controls/thumbCup_l_bind_fk_follow","cat":"step","ph":"X","ts":134417,"dur":1,"pid":1,"tid":0},
{"name":"ComposeSubtree /Biped/Rig/Controls/thumbCup_r_bind_fk_follow/thumbCup_r_bind_fk/thumb_001_r_bind_fk/thumb_002_r_bind_fk","cat":"step","ph":"X","ts":134418,"dur":1,"pid":1,"tid":0},
{"name":"ComposeSubtree /Biped/Rig/Joints/ankle_l_pivot/bankIn_l_pivot/bankOut_l_pivot/heel_l_pivot/ball_l_pivot/toe_l_pivot/ballRoll_l_pivot","cat":"step","ph":"X","ts":134419,"dur":1,"pid":1,"tid":0},
{"name":"ComposeSubtree /Biped/Rig/Joints/ankle_r_pivot/bankIn_r_pivot/bankOut_r_pivot/heel_r_pivot/ball_r_pivot/toe_r_pivot/ballRoll_r_pivot","cat":"step","ph":"X","ts":134420,"dur":1,"pid":1,"tid":0},
{"name":"ComposeSubtree /Biped/Rig/Joints/hips_bind/pelvis_l_bind/thighNoTwist_l_bind","cat":"step","ph":"X","ts":134421,"dur":1,"pid":1,"tid":0},
{"name":"ComposeSubtree /Biped/Rig/Joints/hips_bind/pelvis_l_bind/thigh_l_bind/knee_l_bind/ankle_l_bind/ball_l_bind","cat":"step","ph":"X","ts":134422,"dur":1,"pid":1,"tid":0},
{"name":"ComposeSubtree /Biped/Rig/Joints/hips_bind/pelvis_l_bind/thigh_l_bind/knee_l_bind/ankle_l_bind/ball_l_bind/toe3_001_l_bind","cat":"step","ph":"X","ts":134423,"dur":1,"pid":1,"tid":0},
{"name":"ComposeSubtree /Biped/Rig/Joints/hips_bind/pelvis_l_bind/thigh_l_bind/knee_l_bind/ankle_l_bind/ball_l_bind/toe5_001_l_bind","cat":"step","ph":"X","ts":134424,"dur":1,"pid":1,"tid":0},
{"name":"ComposeSubtree /Biped/Rig/Joints/hips_bind/pelvis_r_bind","cat":"step","ph":"X","ts":134425,"dur":1,"pid":1,"tid":0},
{"name":"ComposeSubtree /Biped/Rig/Joints/hips_bind/pelvis_r_bind/thigh_r_bind","cat":"step","ph":"X","ts":134426,"dur":1,"pid":1,"tid":0},
{"name":"ComposeSubtree /Biped/Rig/Joints/hips_bind/pelvis_r_bind/thigh_r_bind/knee_r_bind/ankle_r_bind/ball_r_bind/toe1_001_r_bind/toe1_002_r_bind/toe1_003_r_bind","cat":"step","ph":"X","ts":134427,"dur":1,"pid":1,"tid":0},
{"name":"ComposeSubtree /Biped/Rig/Joints/hips_bind/pelvis_r_bind/thigh_r_bind/knee_r_bind/ankle_r_bind/ball_r_bind/toe3_001_r_bind/toe3_002_r_bind/toe3_003_r_bind","cat":"step","ph":"X","ts":134428,"dur":1,"pid":1,"tid":0},
{"name":"ComposeSubtree /Biped/Rig/Joints/hips_bind/pelvis_r_bind/thigh_r_bind/knee_r_bind/ankle_r_bind/ball_r_bind/toe5_001_r_bind/toe5_002_r_bind/toe5_003_r_bind","cat":"step","ph":"X","ts":134429,"dur":1,"pid":1,"tid":0},
{"name":"ComposeSubtree /Biped/Rig/Joints/hips_bind/spine_0_bind","cat":"step","ph":"X","ts":134430,"dur":1,"pid":1,"tid":0},
{"name":"ComposeSubtree /Biped/Rig/Joints/hips_bind/spine_0_bind/spine_1_bind/spine_2_bind/spine_3_bind/spine_4_bind/spine_5_bind/chest_bind/clavicle_l_bind/clavicle_trans_l_bind/shoulder_l_driver","cat":"step","ph":"X","ts":134431,"dur":1,"pid":1,"tid":0},
{"name":"ComposeSubtree /Biped/Rig/Joints/hips_bind/spine_0_bind/spine_1_bind/spine_2_bind/spine_3_bind/spine_4_bind/spine_5_bind/chest_bind/clavicle_l_bind/shoulder_l_bind/elbow_l_bind/wristTwist_l_bind","cat":"step","ph":"X","ts":134432,"dur":1,"pid":1,"tid":0},
{"name":"ComposeSubtree /Biped/Rig/Joints/hips_bind/spine_0_bind/spine_1_bind/spine_2_bind/spine_3_bind/spine_4_bind/spine_5_bind/chest_bind/clavicle_l_bind/shoulder_l_bind/elbow_l_bind/wrist_l_bind/index_001_l_bind/index_002_l_bind/index_003_l_bind/index_004_l_bind","cat":"step","ph":"X","ts":134433,"dur":1,"pid":1,"tid":0},
{"name":"ComposeSubtree /Biped/Rig/Joints/hips_bind/spine_0_bind/spine_1_bind/spine_2_bind/spine_3_bind/spine_4_bind/spine_5_bind/chest_bind/clavicle_l_bind/shoulder_l_bind/elbow_l_bind/wrist_l_bind/pinkyCup_l_bind","cat":"step","ph":"X","ts":134434,"dur":1,"pid":1,"tid":0},
{"name":"ComposeSubtree /Biped/Rig/Joints/hips_bind/spine_0_bind/spine_1_bind/spine_2_bind/spine_3_bind/spine_4_bind/spine_5_bind/chest_bind/clavicle_l_bind/shoulder_l_bind/elbow_l_bind/wrist_l_bind/ring_001_l_bind","cat":"step","ph":"X","ts":134435,"dur":1,"pid":1,"tid":0},
{"name":"ComposeSubtree /Biped/Rig/Joints/hips_bind/spine_0_bind/spine_1_bind/spine_2_bind/spine_3_bind/spine_4_bind/spine_5_bind/chest_bind/clavicle_l_bind/shoulder_l_bind/elbow_l_bind/wrist_l_bind/thumbCup_l_bind/thumb_001_l_bind/thumb_002_l_bind/thumb_003_l_bind","cat":"step","ph":"X","ts":134436,"dur":1,"pid":1,"tid":0},
{"name":"ComposeSubtree /Biped/Rig/Joints/hips_bind/spine_0_bind/spine_1_bind/spine_2_bind/spine_3_bind/spine_4_bind/spine_5_bind/chest_bind/clavicle_r_bind/shoulderNoTwist_r_bind","cat":"step","ph":"X","ts":134437,"dur":1,"pid":1,"tid":0},
{"name":"ComposeSubtree /Biped/Rig/Joints/hips_bind/spine_0_bind/spine_1_bind/spine_2_bind/spine_3_bind/spine_4_bind/spine_5_bind/chest_bind/clavicle_r_bind/shoulder_r_bind/elbow_r_bind/wristTwist_r_driver","cat":"step","ph":"X","ts":134438,"dur":1,"pid":1,"tid":0},
{"name":"ComposeSubtree /Biped/Rig/Joints/hips_bind/spine_0_bind/spine_1_bind/spine_2_bind/spine_3_bind/spine_4_bind/spine_5_bind/chest_bind/clavicle_r_bind/shoulder_r_bind/elbow_r_bind/wrist_r_bind/middle_001_r_bind","cat":"step","ph":"X","ts":134439,"dur":1,"pid":1,"tid":0},
{"name":"ComposeSubtree /Biped/Rig/Joints/hips_bind/spine_0_bind/spine_1_bind/spine_2_bind/spine_3_bind/spine_4_bind/spine_5_bind/chest_bind/clavicle_r_bind/shoulder_r_bind/elbow_r_bind/wrist_r_bind/pinkyCup_r_bind/pinky_001_r_bind/pinky_002_r_bind/pinky_003_r_bind","cat":"step","ph":"X","ts":134440,"dur":1,"pid":1,"tid":0},
{"name":"ComposeSubtree /Biped/Rig/Joints/hips_bind/spine_0_bind/spine_1_bind/spine_2_bind/spine_3_bind/spine_4_bind/spine_5_bind/chest_bind/clavicle_r_bind/shoulder_r_bind/elbow_r_bind/wrist_r_bind/ring_001_r_bind/ring_002_r_bind/ring_003_r_bind/ring_004_r_bind","cat":"step","ph":"X","ts":134441,"dur":1,"pid":1,"tid":0},
{"name":"ComposeSubtree /Biped/Rig/Joints/hips_bind/spine_0_bind/spine_1_bind/spine_2_bind/spine_3_bind/spine_4_bind/spine_5_bind/chest_bind/neck_base_bind","cat":"step","ph":"X","ts":134442,"dur":1,"pid":1,"tid":0},
{"name":"ComposeSubtree /Biped/Rig/Joints/hips_bind/spine_0_bind/spine_1_bind/spine_2_bind/spine_3_bind/spine_4_bind/spine_5_bind/chest_bind/neck_base_bind/neck_0_bind/neck_1_bind/neck_2_bind/neck_3_bind/skull_bind/face_lower_bind/face_mid_bind/nose_bridge_bind","cat":"step","ph":"X","ts":134443,"dur":1,"pid":1,"tid":0},
{"name":"ComposeSubtree /Biped/Rig/Joints/hips_bind/spine_0_bind/spine_1_bind/spine_2_bind/spine_3_bind/spine_4_bind/spine_5_bind/chest_bind/neck_base_bind/neck_0_bind/neck_1_bind/neck_2_bind/neck_3_bind/skull_bind/face_lower_bind/jaw_bind/tongue_0_bind","cat":"step","ph":"X","ts":134444,"dur":1,"pid":1,"tid":0},
{"name":"ComposeSubtree /Biped/Rig/Joints/hips_bind/spine_0_bind/spine_1_bind/spine_2_bind/spine_3_bind/spine_4_bind/spine_5_bind/chest_bind/neck_base_bind/neck_0_bind/neck_1_bind/neck_2_bind/neck_3_bind/skull_bind/face_upper_bind/eyeSocket_r_bind","cat":"step","ph":"X","ts":134445,"dur":1,"pid":1,"tid":0},
{"name":"ComposeSubtree /Biped/Rig/Joints/hips_bind/spine_0_bind/spine_1_bind/spine_2_bind/spine_3_bind/spine_4_bind/spine_5_bind/chest_bind/neck_base_bind/neck_0_bind/neck_1_bind/neck_2_bind/neck_3_bind/skull_bind/face_upper_bind/head_tip_bind/brow_peak_r_bind","cat":"step","ph":"X","ts":134446,"dur":1,"pid":1,"tid":0},
{"name":"ComposeSubtree /Biped/Rig/Joints/spine_ik_spine_0_bind/spine_ik_spine_1_bind/spine_ik_spine_2_bind","cat":"step","ph":"X","ts":134447,"dur":1,"pid":1,"tid":0},
{"name":"Solve /Biped/Rig/Solvers/arm_l_fkChain","cat":"step","ph":"X","ts":134448,"dur":1,"pid":1,"tid":0},
{"name":"SolverCommit batch 0","cat":"step","ph":"X","ts":134449,"dur":1,"pid":1,"tid":0},
{"name":"Solve /Biped/Rig/Solvers/arm_r_fkChain","cat":"step","ph":"X","ts":134450,"dur":1,"pid":1,"tid":0},
{"name":"Solve /Biped/Rig/Solvers/leg_r_fkChain","cat":"step","ph":"X","ts":134451,"dur":1,"pid":1,"tid":0},
{"name":"Solve /Biped/Rig/Solvers/neck_splineIk","cat":"step","ph":"X","ts":134452,"dur":7,"pid":1,"tid":0},
{"name":"SolverCommit batch 6","cat":"step","ph":"X","ts":134459,"dur":1,"pid":1,"tid":0},
{"name":"Solve /Biped/Rig/Solvers/spine_splineIk","cat":"step","ph":"X","ts":134460,"dur":7,"pid":1,"tid":0},
{"name":"Solve /Biped/Rig/Solvers/arm_r_ikfk","cat":"step","ph":"X","ts":134467,"dur":1,"pid":1,"tid":0},
{"name":"SolverCommit batch 8","cat":"step","ph":"X","ts":134468,"dur":1,"pid":1,"tid":0},
{"name":"Solve /Biped/Rig/Solvers/arm_l_ikfk","cat":"step","ph":"X","ts":134469,"dur":1,"pid":1,"tid":0},
{"name":"SolverCommit batch 9","cat":"step","ph":"X","ts":134470,"dur":1,"pid":1,"tid":0},
{"name":"Constraint /Biped/Rig/Movers/spine_mid_follow/spine_mid_follow_pos","cat":"step","ph":"X","ts":134471,"dur":7,"pid":1,"tid":0},
{"name":"Solve /Biped/Rig/Solvers/fk_thumb_r","cat":"step","ph":"X","ts":134478,"dur":1,"pid":1,"tid":0},
{"name":"Solve /Biped/Rig/Solvers/fk_ring_r","cat":"step","ph":"X","ts":134479,"dur":1,"pid":1,"tid":0},
{"name":"SolverCommit batch 12","cat":"step","ph":"X","ts":134480,"dur":1,"pid":1,"tid":0},
{"name":"Solve /Biped/Rig/Solvers/fk_pinky_r","cat":"step","ph":"X","ts":134481,"dur":1,"pid":1,"tid":0},
{"name":"SolverCommit batch 13","cat":"step","ph":"X","ts":134482,"dur":1,"pid":1,"tid":0},
{"name":"Solve /Biped/Rig/Solvers/fk_middle_r","cat":"step","ph":"X","ts":134483,"dur":1,"pid":1,"tid":0},
{"name":"Solve /Biped/Rig/Solvers/fk_index_r","cat":"step","ph":"X","ts":134484,"dur":1,"pid":1,"tid":0},
{"name":"SolverCommit batch 15","cat":"step","ph":"X","ts":134485,"dur":1,"pid":1,"tid":0},
{"name":"SolverCommit batch 16","cat":"step","ph":"X","ts":134486,"dur":1,"pid":1,"tid":0},
{"name":"SolverCommit batch 17","cat":"step","ph":"X","ts":134487,"dur":1,"pid":1,"tid":0},
{"name":"Solve /Biped/Rig/Solvers/fk_pinky_l","cat":"step","ph":"X","ts":134488,"dur":1,"pid":1,"tid":0},
{"name":"SolverCommit batch 18","cat":"step","ph":"X","ts":134489,"dur":1,"pid":1,"tid":0},
{"name":"SolverCommit batch 19","cat":"step","ph":"X","ts":134490,"dur":1,"pid":1,"tid":0},
{"name":"SolverCommit batch 20","cat":"step","ph":"X","ts":134491,"dur":1,"pid":1,"tid":0},
{"name":"Constraint /Biped/Rig/Movers/spine_mid_follow/spine_mid_follow_aim","cat":"step","ph":"X","ts":134492,"dur":3,"pid":1,"tid":0},
{"name":"Constraint /Biped/Rig/Movers/hand_r_follow/thumbCup_r_bind_fk_follow_to_wrist_r_bind","cat":"step","ph":"X","ts":134495,"dur":3,"pid":1,"tid":0},
{"name":"Constraint /Biped/Rig/Movers/hand_r_follow/ring_001_r_bind_fk_follow_to_wrist_r_bind","cat":"step","ph":"X","ts":134498,"dur":3,"pid":1,"tid":0},
{"name":"Constraint /Biped/Rig/Movers/hand_r_follow/pinkyCup_r_bind_fk_follow_to_wrist_r_bind","cat":"step","ph":"X","ts":134501,"dur":3,"pid":1,"tid":0},
{"name":"Constraint /Biped/Rig/Movers/hand_r_follow/middle_001_r_bind_fk_follow_to_wrist_r_bind","cat":"step","ph":"X","ts":134504,"dur":2,"pid":1,"tid":0},
{"name":"Constraint /Biped/Rig/Movers/hand_r_follow/index_001_r_bind_fk_follow_to_wrist_r_bind","cat":"step","ph":"X","ts":134506,"dur":3,"pid":1,"tid":0},
{"name":"Constraint /Biped/Rig/Movers/hand_l_follow/thumbCup_l_bind_fk_follow_to_wrist_l_bind","cat":"step","ph":"X","ts":134509,"dur":3,"pid":1,"tid":0},
{"name":"Constraint /Biped/Rig/Movers/hand_l_follow/ring_001_l_bind_fk_follow_to_wrist_l_bind","cat":"step","ph":"X","ts":134512,"dur":2,"pid":1,"tid":0},
{"name":"Constraint /Biped/Rig/Movers/hand_l_follow/pinkyCup_l_bind_fk_follow_to_wrist_l_bind","cat":"step","ph":"X","ts":134514,"dur":3,"pid":1,"tid":0},
{"name":"Constraint /Biped/Rig/Movers/hand_l_follow/middle_001_l_bind_fk_follow_to_wrist_l_bind","cat":"step","ph":"X","ts":134517,"dur":2,"pid":1,"tid":0},
{"name":"Constraint /Biped/Rig/Movers/hand_l_follow/index_001_l_bind_fk_follow_to_wrist_l_bind","cat":"step","ph":"X","ts":134519,"dur":3,"pid":1,"tid":0},
{"name":"Constraint /Biped/Rig/Movers/bankIn_r_pivot_rc/bankIn_r_pivot_rotation","cat":"step","ph":"X","ts":134522,"dur":1,"pid":1,"tid":0},
{"name":"Constraint /Biped/Rig/Movers/bankOut_r_pivot_rc/bankOut_r_pivot_rotation","cat":"step","ph":"X","ts":134523,"dur":1,"pid":1,"tid":0},
{"name":"Constraint /Biped/Rig/Movers/toe_r_roll_rc/toe_r_roll_rotation","cat":"step","ph":"X","ts":134524,"dur":1,"pid":1,"tid":0},
{"name":"SolverCommit batch 38","cat":"step","ph":"X","ts":134525,"dur":1,"pid":1,"tid":0},
{"name":"SolverCommit batch 39","cat":"step","ph":"X","ts":134526,"dur":4,"pid":1,"tid":0},
{"name":"Constraint /Biped/Rig/Movers/ankle_r_bind_scAim/ankle_r_bind_aim","cat":"step","ph":"X","ts":134530,"dur":4,"pid":1,"tid":0},
{"name":"Constraint /Biped/Rig/Movers/ball_r_bind_scAim/ball_r_bind_aim","cat":"step","ph":"X","ts":134534,"dur":3,"pid":1,"tid":0},
{"name":"Constraint /Biped/Rig/Movers/bankIn_l_pivot_rc/bankIn_l_pivot_rotation","cat":"step","ph":"X","ts":134537,"dur":1,"pid":1,"tid":0},
{"name":"Constraint /Biped/Rig/Movers/heel_l_roll_rc/heel_l_roll_rotation","cat":"step","ph":"X","ts":134538,"dur":1,"pid":1,"tid":0},
{"name":"Constraint /Biped/Rig/Movers/ballRoll_l_down_rc/ballRoll_l_down_rotation","cat":"step","ph":"X","ts":134539,"dur":1,"pid":1,"tid":0},
{"name":"SolverCommit batch 49","cat":"step","ph":"X","ts":134540,"dur":4,"pid":1,"tid":0},
{"name":"Constraint /Biped/Rig/Movers/ankle_l_bind_scAim/ankle_l_bind_aim","cat":"step","ph":"X","ts":134544,"dur":3,"pid":1,"tid":0},
{"name":"Constraint /Biped/Rig/Movers/ball_l_bind_scAim/ball_l_bind_aim","cat":"step","ph":"X","ts":134547,"dur":3,"pid":1,"tid":0},
{"name":"Constraint /Biped/Rig/Movers/hips_follow/spine_root_ctl_drives_hips_bind","cat":"step","ph":"X","ts":134550,"dur":2,"pid":1,"tid":0},
{"name":"PropagateChunk /Biped/Rig/Movers/hips_follow/spine_root_ctl_drives_hips_bind","cat":"step","ph":"X","ts":134552,"dur":4,"pid":1,"tid":0},
{"name":"PropagateChunk /Biped/Rig/Movers/hips_follow/spine_root_ctl_drives_hips_bind","cat":"step","ph":"X","ts":134556,"dur":1,"pid":1,"tid":0},
{"name":"Constraint /Biped/Rig/Movers/hips_follow/spine_root_ctl_scales_hips_bind","cat":"step","ph":"X","ts":134557,"dur":2,"pid":1,"tid":0},
{"name":"PropagateChunk /Biped/Rig/Movers/hips_follow/spine_root_ctl_scales_hips_bind","cat":"step","ph":"X","ts":134559,"dur":3,"pid":1,"tid":0},
{"name":"CommitApply /Biped/Rig/Movers/hips_follow/spine_root_ctl_scales_hips_bind","cat":"step","ph":"X","ts":134562,"dur":1,"pid":1,"tid":0},
{"name":"Constraint /Biped/Rig/Movers/spine_to_bind/spine_ik_spine_0_bind_scale_to_spine_0_bind","cat":"step","ph":"X","ts":134563,"dur":5,"pid":1,"tid":0},
{"name":"Constraint /Biped/Rig/Movers/spine_to_bind/spine_ik_spine_0_bind_to_spine_0_bind","cat":"step","ph":"X","ts":134568,"dur":5,"pid":1,"tid":0},
{"name":"Constraint /Biped/Rig/Movers/spine_to_bind/spine_ik_spine_1_bind_scale_to_spine_1_bind","cat":"step","ph":"X","ts":134573,"dur":4,"pid":1,"tid":0},
{"name":"Constraint /Biped/Rig/Movers/spine_to_bind/spine_ik_spine_1_bind_to_spine_1_bind","cat":"step","ph":"X","ts":134577,"dur":5,"pid":1,"tid":0},
{"name":"Constraint /Biped/Rig/Movers/spine_to_bind/spine_ik_spine_2_bind_scale_to_spine_2_bind","cat":"step","ph":"X","ts":134582,"dur":4,"pid":1,"tid":0},
{"name":"Constraint /Biped/Rig/Movers/spine_to_bind/spine_ik_spine_2_bind_to_spine_2_bind","cat":"step","ph":"X","ts":134586,"dur":5,"pid":1,"tid":0},
{"name":"Constraint /Biped/Rig/Movers/spine_to_bind/spine_ik_spine_3_bind_scale_to_spine_3_bind","cat":"step","ph":"X","ts":134591,"dur":4,"pid":1,"tid":0},
{"name":"Constraint /Biped/Rig/Movers/spine_to_bind/spine_ik_spine_3_bind_to_spine_3_bind","cat":"step","ph":"X","ts":134595,"dur":4,"pid":1,"tid":0},
{"name":"Constraint /Biped/Rig/Movers/spine_to_bind/spine_ik_spine_4_bind_scale_to_spine_4_bind","cat":"step","ph":"X","ts":134599,"dur":4,"pid":1,"tid":0},
{"name":"Constraint /Biped/Rig/Movers/spine_to_bind/spine_ik_spine_4_bind_to_spine_4_bind","cat":"step","ph":"X","ts":134603,"dur":5,"pid":1,"tid":0},
{"name":"Constraint /Biped/Rig/Movers/spine_to_bind/spine_ik_spine_5_bind_scale_to_spine_5_bind","cat":"step","ph":"X","ts":134608,"dur":3,"pid":1,"tid":0},
{"name":"Constraint /Biped/Rig/Movers/spine_to_bind/spine_ik_spine_5_bind_to_spine_5_bind","cat":"step","ph":"X","ts":134611,"dur":5,"pid":1,"tid":0},
{"name":"Constraint /Biped/Rig/Movers/spine_to_bind/spine_ik_chest_bind_scale_to_chest_bind","cat":"step","ph":"X","ts":134616,"dur":4,"pid":1,"tid":0},
{"name":"Constraint /Biped/Rig/Movers/spine_to_bind/spine_ik_chest_bind_to_chest_bind","cat":"step","ph":"X","ts":134620,"dur":4,"pid":1,"tid":0},
{"name":"Constraint /Biped/Rig/Movers/girdles/spine_end_ctl_drives_chest_bind","cat":"step","ph":"X","ts":134624,"dur":5,"pid":1,"tid":0},
{"name":"Constraint /Biped/Rig/Movers/girdles/pelvis_r_ctl_drives_pelvis_r_bind","cat":"step","ph":"X","ts":134629,"dur":1,"pid":1,"tid":0},
{"name":"Constraint /Biped/Rig/Movers/girdles/pelvis_l_ctl_drives_pelvis_l_bind","cat":"step","ph":"X","ts":134630,"dur":2,"pid":1,"tid":0},
{"name":"Constraint /Biped/Rig/Movers/girdles/clavicle_r_ctl_drives_clavicle_r_bind","cat":"step","ph":"X","ts":134632,"dur":1,"pid":1,"tid":0},
{"name":"Constraint /Biped/Rig/Movers/girdles/clavicle_l_ctl_drives_clavicle_l_bind","cat":"step","ph":"X","ts":134633,"dur":1,"pid":1,"tid":0},
{"name":"Constraint /Biped/Rig/Movers/girdles/spine_end_ctl_unsquashes_neck_base_bind","cat":"step","ph":"X","ts":134634,"dur":2,"pid":1,"tid":0},
{"name":"Constraint /Biped/Rig/Movers/girdles/clavicle_r_ctl_unsquashes_clavicle_r_bind","cat":"step","ph":"X","ts":134636,"dur":2,"pid":1,"tid":0},
{"name":"Constraint /Biped/Rig/Movers/girdles/clavicle_l_ctl_unsquashes_clavicle_l_bind","cat":"step","ph":"X","ts":134638,"dur":1,"pid":1,"tid":0},
{"name":"Constraint /Biped/Rig/Movers/neck_to_bind/neck_ik_neck_0_bind_scale_to_neck_0_bind","cat":"step","ph":"X","ts":134639,"dur":3,"pid":1,"tid":0},
{"name":"Constraint /Biped/Rig/Movers/neck_to_bind/neck_ik_neck_0_bind_to_neck_0_bind","cat":"step","ph":"X","ts":134642,"dur":4,"pid":1,"tid":0},
{"name":"Constraint /Biped/Rig/Movers/neck_to_bind/neck_ik_neck_1_bind_scale_to_neck_1_bind","cat":"step","ph":"X","ts":134646,"dur":3,"pid":1,"tid":0},
{"name":"Constraint /Biped/Rig/Movers/neck_to_bind/neck_ik_neck_1_bind_to_neck_1_bind","cat":"step","ph":"X","ts":134649,"dur":3,"pid":1,"tid":0},
{"name":"Constraint /Biped/Rig/Movers/neck_to_bind/neck_ik_neck_2_bind_scale_to_neck_2_bind","cat":"step","ph":"X","ts":134652,"dur":2,"pid":1,"tid":0},
{"name":"Constraint /Biped/Rig/Movers/neck_to_bind/neck_ik_neck_2_bind_to_neck_2_bind","cat":"step","ph":"X","ts":134654,"dur":4,"pid":1,"tid":0},
{"name":"Constraint /Biped/Rig/Movers/neck_to_bind/neck_ik_neck_3_bind_scale_to_neck_3_bind","cat":"step","ph":"X","ts":134658,"dur":2,"pid":1,"tid":0},
{"name":"Constraint /Biped/Rig/Movers/neck_to_bind/neck_ik_neck_3_bind_to_neck_3_bind","cat":"step","ph":"X","ts":134660,"dur":4,"pid":1,"tid":0},
{"name":"Constraint /Biped/Rig/Movers/neck_to_bind/neck_ik_skull_bind_scale_to_skull_bind","cat":"step","ph":"X","ts":134664,"dur":2,"pid":1,"tid":0},
{"name":"Constraint /Biped/Rig/Movers/neck_to_bind/neck_ik_skull_bind_to_skull_bind","cat":"step","ph":"X","ts":134666,"dur":3,"pid":1,"tid":0},
{"name":"Constraint /Biped/Rig/Movers/twist_aims/wristTwist_r_bind_copy","cat":"step","ph":"X","ts":134669,"dur":3,"pid":1,"tid":0},
{"name":"Constraint /Biped/Rig/Movers/twist_aims/wristTwist_r_bind_aim","cat":"step","ph":"X","ts":134672,"dur":1,"pid":1,"tid":0},
{"name":"Constraint /Biped/Rig/Movers/twist_aims/wristTwist_l_bind_copy","cat":"step","ph":"X","ts":134673,"dur":2,"pid":1,"tid":0},
{"name":"Constraint /Biped/Rig/Movers/twist_aims/wristTwist_l_bind_aim","cat":"step","ph":"X","ts":134675,"dur":2,"pid":1,"tid":0},
{"name":"Constraint /Biped/Rig/Movers/twist_aims/ankleTwist_r_bind_copy","cat":"step","ph":"X","ts":134677,"dur":1,"pid":1,"tid":0},
{"name":"Constraint /Biped/Rig/Movers/twist_aims/ankleTwist_r_bind_aim","cat":"step","ph":"X","ts":134678,"dur":2,"pid":1,"tid":0},
{"name":"Constraint /Biped/Rig/Movers/twist_aims/ankleTwist_l_bind_copy","cat":"step","ph":"X","ts":134680,"dur":1,"pid":1,"tid":0},
{"name":"Constraint /Biped/Rig/Movers/twist_aims/ankleTwist_l_bind_aim","cat":"step","ph":"X","ts":134681,"dur":2,"pid":1,"tid":0},
{"name":"Constraint /Biped/Rig/Movers/twist_aims/ankleTwist_l_bind_follows_ankle_l_bind","cat":"step","ph":"X","ts":134683,"dur":1,"pid":1,"tid":0},
{"name":"Constraint /Biped/Rig/Movers/twist_aims/thighNoTwist_r_bind_follows_thigh_r_bind","cat":"step","ph":"X","ts":134684,"dur":1,"pid":1,"tid":0},
{"name":"Constraint /Biped/Rig/Movers/twist_aims/shoulderNoTwist_r_bind_follows_shoulder_r_bind","cat":"step","ph":"X","ts":134685,"dur":1,"pid":1,"tid":0},
{"name":"Constraint /Biped/Rig/Movers/twist_aims/pelvis_trans_r_bind_follows_thigh_r_bind","cat":"step","ph":"X","ts":134686,"dur":1,"pid":1,"tid":0},
{"name":"Constraint /Biped/Rig/Movers/twist_aims/clavicle_trans_r_bind_follows_shoulder_r_bind","cat":"step","ph":"X","ts":134687,"dur":1,"pid":1,"tid":0},
{"name":"Constraint /Biped/Rig/Movers/twist_aims/pelvis_trans_r_bind_aim","cat":"step","ph":"X","ts":134688,"dur":2,"pid":1,"tid":0},
{"name":"Constraint /Biped/Rig/Movers/twist_aims/pelvis_trans_l_bind_aim","cat":"step","ph":"X","ts":134690,"dur":1,"pid":1,"tid":0},
{"name":"Constraint /Biped/Rig/Movers/twist_aims/kneeTwist_r_bind_aim","cat":"step","ph":"X","ts":134691,"dur":2,"pid":1,"tid":0},
{"name":"Constraint /Biped/Rig/Movers/twist_aims/kneeTwist_l_bind_aim","cat":"step","ph":"X","ts":134693,"dur":2,"pid":1,"tid":0},
{"name":"Constraint /Biped/Rig/Movers/twist_aims/thighNoTwist_r_bind_aim","cat":"step","ph":"X","ts":134695,"dur":1,"pid":1,"tid":0},
{"name":"Constraint /Biped/Rig/Movers/twist_aims/thighNoTwist_l_bind_aim","cat":"step","ph":"X","ts":134696,"dur":1,"pid":1,"tid":0},
{"name":"Constraint /Biped/Rig/Movers/twist_aims/clavicle_trans_r_bind_aim","cat":"step","ph":"X","ts":134697,"dur":2,"pid":1,"tid":0},
{"name":"Constraint /Biped/Rig/Movers/twist_aims/clavicle_trans_l_bind_aim","cat":"step","ph":"X","ts":134699,"dur":2,"pid":1,"tid":0},
{"name":"Constraint /Biped/Rig/Movers/twist_aims/elbowTwist_r_bind_aim","cat":"step","ph":"X","ts":134701,"dur":1,"pid":1,"tid":0},
{"name":"Constraint /Biped/Rig/Movers/twist_aims/elbowTwist_l_bind_aim","cat":"step","ph":"X","ts":134702,"dur":2,"pid":1,"tid":0},
{"name":"Constraint /Biped/Rig/Movers/twist_aims/shoulderNoTwist_r_bind_aim","cat":"step","ph":"X","ts":134704,"dur":1,"pid":1,"tid":0},
{"name":"Constraint /Biped/Rig/Movers/twist_aims/shoulderNoTwist_l_bind_aim","cat":"step","ph":"X","ts":134705,"dur":2,"pid":1,"tid":0},
{"name":"Constraint /Biped/Rig/Movers/pose_drivers/thigh_r_driver_copies_thigh_r_bind","cat":"step","ph":"X","ts":134707,"dur":2,"pid":1,"tid":0},
{"name":"Constraint /Biped/Rig/Movers/pose_drivers/thigh_l_driver_copies_thigh_l_bind","cat":"step","ph":"X","ts":134709,"dur":2,"pid":1,"tid":0},
{"name":"Constraint /Biped/Rig/Movers/pose_drivers/thigh_r_twist_driver_copies_thighNoTwist_r_bind","cat":"step","ph":"X","ts":134711,"dur":1,"pid":1,"tid":0},
{"name":"Constraint /Biped/Rig/Movers/pose_drivers/thigh_l_twist_driver_copies_thighNoTwist_l_bind","cat":"step","ph":"X","ts":134712,"dur":2,"pid":1,"tid":0},
{"name":"Constraint /Biped/Rig/Movers/pose_drivers/ankleTwist_r_driver_copies_ankleTwist_r_bind","cat":"step","ph":"X","ts":134714,"dur":2,"pid":1,"tid":0},
{"name":"Constraint /Biped/Rig/Movers/pose_drivers/ankleTwist_l_driver_copies_ankleTwist_l_bind","cat":"step","ph":"X","ts":134716,"dur":2,"pid":1,"tid":0},
{"name":"Constraint /Biped/Rig/Movers/pose_drivers/toe_r_driver_copies_ball_r_bind","cat":"step","ph":"X","ts":134718,"dur":2,"pid":1,"tid":0},
{"name":"Constraint /Biped/Rig/Movers/pose_drivers/toe_l_driver_copies_ball_l_bind","cat":"step","ph":"X","ts":134720,"dur":1,"pid":1,"tid":0},
{"name":"Constraint /Biped/Rig/Movers/pose_drivers/knee_r_driver_copies_knee_r_bind","cat":"step","ph":"X","ts":134721,"dur":2,"pid":1,"tid":0},
{"name":"Constraint /Biped/Rig/Movers/pose_drivers/knee_l_driver_copies_knee_l_bind","cat":"step","ph":"X","ts":134723,"dur":2,"pid":1,"tid":0},
{"name":"Constraint /Biped/Rig/Movers/pose_drivers/ankleSwing_r_driver_copies_ankle_r_bind","cat":"step","ph":"X","ts":134725,"dur":2,"pid":1,"tid":0},
{"name":"Constraint /Biped/Rig/Movers/pose_drivers/ankleSwing_l_driver_copies_ankle_l_bind","cat":"step","ph":"X","ts":134727,"dur":2,"pid":1,"tid":0},
{"name":"Constraint /Biped/Rig/Movers/pose_drivers/shoulder_r_driver_copies_shoulder_r_bind","cat":"step","ph":"X","ts":134729,"dur":2,"pid":1,"tid":0},
{"name":"Constraint /Biped/Rig/Movers/pose_drivers/shoulder_l_driver_copies_shoulder_l_bind","cat":"step","ph":"X","ts":134731,"dur":2,"pid":1,"tid":0},
{"name":"Constraint /Biped/Rig/Movers/pose_drivers/wristTwist_r_driver_copies_wristTwist_r_bind","cat":"step","ph":"X","ts":134733,"dur":2,"pid":1,"tid":0},
{"name":"Constraint /Biped/Rig/Movers/pose_drivers/wristTwist_l_driver_copies_wristTwist_l_bind","cat":"step","ph":"X","ts":134735,"dur":2,"pid":1,"tid":0},
{"name":"Constraint /Biped/Rig/Movers/pose_drivers/shoulder_r_twist_driver_copies_shoulderNoTwist_r_bind","cat":"step","ph":"X","ts":134737,"dur":2,"pid":1,"tid":0},
{"name":"Constraint /Biped/Rig/Movers/pose_drivers/shoulder_l_twist_driver_copies_shoulderNoTwist_l_bind","cat":"step","ph":"X","ts":134739,"dur":2,"pid":1,"tid":0},
{"name":"Constraint /Biped/Rig/Movers/pose_drivers/wristSwing_r_driver_copies_wrist_r_bind","cat":"step","ph":"X","ts":134741,"dur":2,"pid":1,"tid":0},
{"name":"Constraint /Biped/Rig/Movers/pose_drivers/wristSwing_l_driver_copies_wrist_l_bind","cat":"step","ph":"X","ts":134743,"dur":1,"pid":1,"tid":0},
{"name":"Constraint /Biped/Rig/Movers/pose_drivers/elbow_r_driver_copies_elbow_r_bind","cat":"step","ph":"X","ts":134744,"dur":2,"pid":1,"tid":0},
{"name":"Constraint /Biped/Rig/Movers/pose_drivers/elbow_l_driver_copies_elbow_l_bind","cat":"step","ph":"X","ts":134746,"dur":2,"pid":1,"tid":0},
{"name":"Constraint /Biped/Rig/Movers/param_follow/leg_r_params_to_ankle_r_bind","cat":"step","ph":"X","ts":134748,"dur":2,"pid":1,"tid":0},
{"name":"Constraint /Biped/Rig/Movers/param_follow/leg_l_params_to_ankle_l_bind","cat":"step","ph":"X","ts":134750,"dur":1,"pid":1,"tid":0},
{"name":"Constraint /Biped/Rig/Movers/param_follow/arm_r_params_to_wrist_r_bind","cat":"step","ph":"X","ts":134751,"dur":3,"pid":1,"tid":0},
{"name":"Constraint /Biped/Rig/Movers/param_follow/arm_l_params_to_wrist_l_bind","cat":"step","ph":"X","ts":134754,"dur":1,"pid":1,"tid":0},
{"name":"ProviderMatrix /Biped/Rig/Controls/leg_l_ik/ankle_l_pivot final","cat":"step","ph":"X","ts":134755,"dur":1,"pid":1,"tid":0},
{"name":"ProviderMatrix /Biped/Rig/Controls/leg_r_ik/ankle_r_pivot/bankIn_r_pivot/bankOut_r_pivot/heel_r_roll final","cat":"step","ph":"X","ts":134756,"dur":1,"pid":1,"tid":0},
{"name":"ProviderMatrix /Biped/Rig/Joints/ankle_l_pivot/bankIn_l_pivot/bankOut_l_pivot/heel_l_pivot/ball_l_pivot/toe_l_pivot/ballRoll_l_pivot final","cat":"step","ph":"X","ts":134757,"dur":1,"pid":1,"tid":0},
{"name":"ProviderMatrix /Biped/Rig/Joints/hips_bind/pelvis_l_bind final","cat":"step","ph":"X","ts":134758,"dur":1,"pid":1,"tid":0},
{"name":"ProviderMatrix /Biped/Rig/Joints/hips_bind/pelvis_l_bind/thigh_l_bind/knee_l_bind/ankleTwist_l_driver final","cat":"step","ph":"X","ts":134759,"dur":1,"pid":1,"tid":0},
{"name":"ProviderMatrix /Biped/Rig/Joints/hips_bind/pelvis_l_bind/thigh_l_bind/knee_l_bind/ankle_l_bind/ball_l_bind/toe3_001_l_bind/toe3_002_l_bind final","cat":"step","ph":"X","ts":134760,"dur":1,"pid":1,"tid":0},
{"name":"ProviderMatrix /Biped/Rig/Joints/hips_bind/pelvis_l_bind/thigh_l_bind/knee_l_bind/ankle_l_bind/ball_l_bind/toe_l_bind final","cat":"step","ph":"X","ts":134761,"dur":1,"pid":1,"tid":0},
{"name":"ProviderMatrix /Biped/Rig/Joints/hips_bind/pelvis_r_bind/thigh_r_bind/knee_r_bind final","cat":"step","ph":"X","ts":134762,"dur":1,"pid":1,"tid":0},
{"name":"ProviderMatrix /Biped/Rig/Joints/hips_bind/pelvis_r_bind/thigh_r_bind/knee_r_bind/ankle_r_bind/ball_r_bind/toe2_001_r_bind/toe2_002_r_bind final","cat":"step","ph":"X","ts":134763,"dur":1,"pid":1,"tid":0},
{"name":"ProviderMatrix /Biped/Rig/Joints/hips_bind/pelvis_r_bind/thigh_r_bind/knee_r_bind/ankle_r_bind/ball_r_bind/toe5_001_r_bind/toe5_002_r_bind final","cat":"step","ph":"X","ts":134764,"dur":1,"pid":1,"tid":0},
{"name":"ProviderMatrix /Biped/Rig/Joints/hips_bind/spine_0_bind/spine_1_bind/spine_2_bind/spine_3_bind/spine_4_bind final","cat":"step","ph":"X","ts":134765,"dur":1,"pid":1,"tid":0},
{"name":"ProviderMatrix /Biped/Rig/Joints/hips_bind/spine_0_bind/spine_1_bind/spine_2_bind/spine_3_bind/spine_4_bind/spine_5_bind/chest_bind/clavicle_l_bind/shoulder_l_bind/elbow_l_bind/elbowTwist_l_bind final","cat":"step","ph":"X","ts":134766,"dur":1,"pid":1,"tid":0},
{"name":"ProviderMatrix /Biped/Rig/Joints/hips_bind/spine_0_bind/spine_1_bind/spine_2_bind/spine_3_bind/spine_4_bind/spine_5_bind/chest_bind/clavicle_l_bind/shoulder_l_bind/elbow_l_bind/wrist_l_bind/index_001_l_bind/index_002_l_bind/index_003_l_bind/index_004_l_bind/index_005_l_bind final","cat":"step","ph":"X","ts":134767,"dur":1,"pid":1,"tid":0},
{"name":"ProviderMatrix /Biped/Rig/Joints/hips_bind/spine_0_bind/spine_1_bind/spine_2_bind/spine_3_bind/spine_4_bind/spine_5_bind/chest_bind/clavicle_l_bind/shoulder_l_bind/elbow_l_bind/wrist_l_bind/pinkyCup_l_bind/pinky_001_l_bind/pinky_002_l_bind/pinky_003_l_bind/pinky_004_l_bind final","cat":"step","ph":"X","ts":134768,"dur":1,"pid":1,"tid":0},
{"name":"ProviderMatrix /Biped/Rig/Joints/hips_bind/spine_0_bind/spine_1_bind/spine_2_bind/spine_3_bind/spine_4_bind/spine_5_bind/chest_bind/clavicle_l_bind/shoulder_l_bind/elbow_l_bind/wrist_l_bind/thumbCup_l_bind/thumb_001_l_bind/thumb_002_l_bind/thumb_003_l_bind final","cat":"step","ph":"X","ts":134769,"dur":1,"pid":1,"tid":0},
{"name":"ProviderMatrix /Biped/Rig/Joints/hips_bind/spine_0_bind/spine_1_bind/spine_2_bind/spine_3_bind/spine_4_bind/spine_5_bind/chest_bind/clavicle_r_bind/shoulder_r_bind/elbow_r_bind/elbowTwist_r_bind/elbow_r_driver final","cat":"step","ph":"X","ts":134770,"dur":1,"pid":1,"tid":0},
{"name":"ProviderMatrix /Biped/Rig/Joints/hips_bind/spine_0_bind/spine_1_bind/spine_2_bind/spine_3_bind/spine_4_bind/spine_5_bind/chest_bind/clavicle_r_bind/shoulder_r_bind/elbow_r_bind/wrist_r_bind/middle_001_r_bind final","cat":"step","ph":"X","ts":134771,"dur":1,"pid":1,"tid":0},
{"name":"ProviderMatrix /Biped/Rig/Joints/hips_bind/spine_0_bind/spine_1_bind/spine_2_bind/spine_3_bind/spine_4_bind/spine_5_bind/chest_bind/clavicle_r_bind/shoulder_r_bind/elbow_r_bind/wrist_r_bind/pinkyCup_r_bind/pinky_001_r_bind/pinky_002_r_bind/pinky_003_r_bind/pinky_004_r_bind final","cat":"step","ph":"X","ts":134772,"dur":1,"pid":1,"tid":0},
{"name":"ProviderMatrix /Biped/Rig/Joints/hips_bind/spine_0_bind/spine_1_bind/spine_2_bind/spine_3_bind/spine_4_bind/spine_5_bind/chest_bind/clavicle_r_bind/shoulder_r_bind/elbow_r_bind/wrist_r_bind/thumbCup_r_bind/thumb_001_r_bind/thumb_002_r_bind/thumb_003_r_bind/thumb_004_r_bind final","cat":"step","ph":"X","ts":134773,"dur":1,"pid":1,"tid":0},
{"name":"ProviderMatrix /Biped/Rig/Joints/hips_bind/spine_0_bind/spine_1_bind/spine_2_bind/spine_3_bind/spine_4_bind/spine_5_bind/chest_bind/neck_base_bind/neck_0_bind/neck_1_bind/neck_2_bind/neck_3_bind/skull_bind/face_lower_bind/face_mid_bind/nose_bridge_bind/nose_bind final","cat":"step","ph":"X","ts":134774,"dur":1,"pid":1,"tid":0},
{"name":"ProviderMatrix /Biped/Rig/Joints/hips_bind/spine_0_bind/spine_1_bind/spine_2_bind/spine_3_bind/spine_4_bind/spine_5_bind/chest_bind/neck_base_bind/neck_0_bind/neck_1_bind/neck_2_bind/neck_3_bind/skull_bind/face_upper_bind/eyeSocket_l_bind/eye_l_bind final","cat":"step","ph":"X","ts":134775,"dur":1,"pid":1,"tid":0},
{"name":"ProviderMatrix /Biped/Rig/Joints/neck_ik_neck_0_bind/neck_ik_neck_1_bind final","cat":"step","ph":"X","ts":134776,"dur":1,"pid":1,"tid":0},
{"name":"ProviderMatrix /Biped/Rig/Joints/spine_ik_spine_0_bind/spine_ik_spine_1_bind/spine_ik_spine_2_bind/spine_ik_spine_3_bind/spine_ik_spine_4_bind/spine_ik_spine_5_bind final","cat":"step","ph":"X","ts":134777,"dur":1,"pid":1,"tid":0},
{"name":"InfluenceFold /Biped/Rig/Movers/skin_body_geo/body_geo_skin","cat":"step","ph":"X","ts":134778,"dur":23,"pid":1,"tid":0},
{"name":"RevisionChunk /Biped/Rig/Movers/skin_body_geo/body_geo_skin","cat":"step","ph":"X","ts":134801,"dur":326,"pid":1,"tid":0},
{"name":"RevisionFuse /Biped/Rig/Movers/skin_body_geo/body_geo_skin","cat":"step","ph":"X","ts":135127,"dur":2,"pid":1,"tid":0},
{"name":"ChainStatus /Biped/Geom/body_geo.points","cat":"step","ph":"X","ts":135129,"dur":20,"pid":1,"tid":0},
{"name":"Derived /Biped/Geom/body_geo.extent","cat":"step","ph":"X","ts":135149,"dur":137,"pid":1,"tid":0},
{"name":"BakedPublish","cat":"baked","ph":"X","ts":135354,"dur":60,"pid":1,"tid":0},
{"name":"BakedEpilogue","cat":"baked","ph":"X","ts":135287,"dur":133,"pid":1,"tid":0},
{"name":"Baked","cat":"baked","ph":"X","ts":134256,"dur":1165,"pid":1,"tid":0},
{"name":"Evaluate.Run","cat":"evaluate","ph":"X","ts":134256,"dur":1165,"pid":1,"tid":0},
{"name":"Evaluate@1","cat":"evaluate","ph":"X","ts":134254,"dur":1168,"pid":1,"tid":0},
{"name":"Evaluate.Settle","cat":"evaluate","ph":"X","ts":135549,"dur":1,"pid":1,"tid":0},
{"name":"Evaluate.PlaceOverrides","cat":"evaluate","ph":"X","ts":135550,"dur":0,"pid":1,"tid":0},
{"name":"PropertyChains","cat":"property","ph":"X","ts":135553,"dur":5,"pid":1,"tid":0},
{"name":"BakedInputs","cat":"baked","ph":"X","ts":135558,"dur":6,"pid":1,"tid":0},
{"name":"BakedChainBase","cat":"geometry","ph":"X","ts":135659,"dur":2,"pid":1,"tid":0},
{"name":"BakedPrologue","cat":"baked","ph":"X","ts":135552,"dur":109,"pid":1,"tid":0},
{"name":"BakedRegion","cat":"baked","ph":"X","ts":135661,"dur":987,"pid":1,"tid":0},
{"name":"ComposeSubtree /Biped/Rig/Controls/arm_l_ik","cat":"step","ph":"X","ts":135688,"dur":1,"pid":1,"tid":0},
{"name":"ComposeSubtree /Biped/Rig/Controls/arm_r_params","cat":"step","ph":"X","ts":135689,"dur":1,"pid":1,"tid":0},
{"name":"ComposeSubtree /Biped/Rig/Controls/hips_ctl/spine_root_pivot/spine_root_ctl","cat":"step","ph":"X","ts":135690,"dur":1,"pid":1,"tid":0},
{"name":"ComposeSubtree /Biped/Rig/Controls/hips_ctl/spine_root_pivot/spine_root_ctl/pelvis_r_ctl/leg_r_root/leg_r_fk_thigh_r_bind/leg_r_fk_knee_r_bind","cat":"step","ph":"X","ts":135691,"dur":1,"pid":1,"tid":0},
{"name":"ComposeSubtree /Biped/Rig/Controls/hips_ctl/torso_ctl/spine_end_pivot/spine_end_ctl/clavicle_l_ctl/arm_l_root","cat":"step","ph":"X","ts":135692,"dur":1,"pid":1,"tid":0},
{"name":"ComposeSubtree /Biped/Rig/Controls/hips_ctl/torso_ctl/spine_end_pivot/spine_end_ctl/clavicle_r_ctl/arm_r_root/arm_r_fk_shoulder_r_bind/arm_r_fk_elbow_r_bind","cat":"step","ph":"X","ts":135693,"dur":1,"pid":1,"tid":0},
{"name":"ComposeSubtree /Biped/Rig/Controls/index_001_l_bind_fk_follow/index_001_l_bind_fk/index_002_l_bind_fk/index_003_l_bind_fk","cat":"step","ph":"X","ts":135694,"dur":1,"pid":1,"tid":0},
{"name":"ComposeSubtree /Biped/Rig/Controls/leg_l_ik","cat":"step","ph":"X","ts":135695,"dur":1,"pid":1,"tid":0},
{"name":"ComposeSubtree /Biped/Rig/Controls/leg_l_ik/ankle_l_pivot/bankIn_l_pivot/bankOut_l_pivot/heel_l_roll/heel_l/ball_l_pivot/toe_l_roll/toe_l","cat":"step","ph":"X","ts":135696,"dur":1,"pid":1,"tid":0},
{"name":"ComposeSubtree /Biped/Rig/Controls/leg_l_ik/ankle_l_pivot/bankIn_l_pivot/bankOut_l_pivot/heel_l_roll/heel_l/ball_l_pivot/toe_l_roll/toe_l/ballRoll_l_up/ballRoll_l_down_twin","cat":"step","ph":"X","ts":135697,"dur":1,"pid":1,"tid":0},
{"name":"ComposeSubtree /Biped/Rig/Controls/leg_l_ik/ankle_l_pivot/bankIn_l_pivot/bankOut_l_pivot_twin","cat":"step","ph":"X","ts":135698,"dur":1,"pid":1,"tid":0},
{"name":"ComposeSubtree /Biped/Rig/Controls/leg_r_ik/ankle_r_pivot/bankIn_r_pivot/bankOut_r_pivot","cat":"step","ph":"X","ts":135699,"dur":1,"pid":1,"tid":0},
{"name":"ComposeSubtree /Biped/Rig/Controls/leg_r_ik/ankle_r_pivot/bankIn_r_pivot/bankOut_r_pivot/heel_r_roll/heel_r/ball_r_pivot/toe_r_roll/toe_r/ballRoll_r_up/ballRoll_r_down/ballRoll_r","cat":"step","ph":"X","ts":135700,"dur":1,"pid":1,"tid":0},
{"name":"ComposeSubtree /Biped/Rig/Controls/leg_r_ik/ankle_r_pivot/bankIn_r_pivot/bankOut_r_pivot/heel_r_roll/heel_r/ball_r_pivot/toe_r_roll/toe_r/toeBend_r/toeBend_r_fk","cat":"step","ph":"X","ts":135701,"dur":1,"pid":1,"tid":0},
{"name":"ComposeSubtree /Biped/Rig/Controls/leg_r_ik/ankle_r_pivot/bank_r","cat":"step","ph":"X","ts":135702,"dur":1,"pid":1,"tid":0},
{"name":"ComposeSubtree /Biped/Rig/Controls/middle_001_r_bind_fk_follow","cat":"step","ph":"X","ts":135703,"dur":1,"pid":1,"tid":0},
{"name":"ComposeSubtree /Biped/Rig/Controls/pinkyCup_l_bind_fk_follow/pinkyCup_l_bind_fk/pinky_001_l_bind_fk/pinky_002_l_bind_fk/pinky_003_l_bind_fk","cat":"step","ph":"X","ts":135704,"dur":1,"pid":1,"tid":0},
{"name":"ComposeSubtree /Biped/Rig/Controls/ring_001_l_bind_fk_follow","cat":"step","ph":"X","ts":135705,"dur":1,"pid":1,"tid":0},
{"name":"ComposeSubtree /Biped/Rig/Controls/ring_001_r_bind_fk_follow/ring_001_r_bind_fk/ring_002_r_bind_fk","cat":"step","ph":"X","ts":135706,"dur":1,"pid":1,"tid":0},
{"name":"ComposeSubtree /Biped/Rig/Controls/thumbCup_l_bind_fk_follow/thumbCup_l_bind_fk/thumb_001_l_bind_fk/thumb_002_l_bind_fk","cat":"step","ph":"X","ts":135707,"dur":1,"pid":1,"tid":0},
{"name":"ComposeSubtree /Biped/Rig/Joints/ankle_l_pivot","cat":"step","ph":"X","ts":135708,"dur":1,"pid":1,"tid":0},
{"name":"ComposeSubtree /Biped/Rig/Joints/ankle_r_pivot","cat":"step","ph":"X","ts":135709,"dur":1,"pid":1,"tid":0},
{"name":"ComposeSubtree /Biped/Rig/Joints/hips_bind","cat":"step","ph":"X","ts":135710,"dur":1,"pid":1,"tid":0},
{"name":"ComposeSubtree /Biped/Rig/Joints/hips_bind/pelvis_l_bind/thigh_l_bind","cat":"step","ph":"X","ts":135711,"dur":1,"pid":1,"tid":0},
{"name":"ComposeSubtree /Biped/Rig/Joints/hips_bind/pelvis_l_bind/thigh_l_bind/knee_l_bind/ankle_l_bind/ball_l_bind/toe1_001_l_bind/toe1_002_l_bind/toe1_003_l_bind","cat":"step","ph":"X","ts":135712,"dur":1,"pid":1,"tid":0},
{"name":"ComposeSubtree /Biped/Rig/Joints/hips_bind/pelvis_l_bind/thigh_l_bind/knee_l_bind/ankle_l_bind/ball_l_bind/toe3_001_l_bind/toe3_002_l_bind/toe3_003_l_bind","cat":"step","ph":"X","ts":135713,"dur":1,"pid":1,"tid":0},
{"name":"ComposeSubtree /Biped/Rig/Joints/hips_bind/pelvis_l_bind/thigh_l_bind/knee_l_bind/ankle_l_bind/ball_l_bind/toe5_001_l_bind/toe5_002_l_bind/toe5_003_l_bind","cat":"step","ph":"X","ts":135714,"dur":1,"pid":1,"tid":0},
{"name":"ComposeSubtree /Biped/Rig/Joints/hips_bind/pelvis_r_bind/pelvis_trans_r_bind/thigh_r_driver","cat":"step","ph":"X","ts":135715,"dur":1,"pid":1,"tid":0},
{"name":"ComposeSubtree /Biped/Rig/Joints/hips_bind/pelvis_r_bind/thigh_r_bind/knee_r_bind/ankleTwist_r_driver","cat":"step","ph":"X","ts":135716,"dur":1,"pid":1,"tid":0},
{"name":"ComposeSubtree /Biped/Rig/Joints/hips_bind/pelvis_r_bind/thigh_r_bind/knee_r_bind/ankle_r_bind/ball_r_bind/toe2_001_r_bind","cat":"step","ph":"X","ts":135717,"dur":1,"pid":1,"tid":0},
{"name":"ComposeSubtree /Biped/Rig/Joints/hips_bind/pelvis_r_bind/thigh_r_bind/knee_r_bind/ankle_r_bind/ball_r_bind/toe4_001_r_bind","cat":"step","ph":"X","ts":135718,"dur":1,"pid":1,"tid":0},
{"name":"ComposeSubtree /Biped/Rig/Joints/hips_bind/pelvis_r_bind/thigh_r_bind/knee_r_bind/ankle_r_bind/ball_r_bind/toe_r_bind","cat":"step","ph":"X","ts":135719,"dur":1,"pid":1,"tid":0},
{"name":"ComposeSubtree /Biped/Rig/Joints/hips_bind/spine_0_bind/spine_1_bind/spine_2_bind/spine_3_bind/spine_4_bind","cat":"step","ph":"X","ts":135720,"dur":1,"pid":1,"tid":0},
{"name":"ComposeSubtree /Biped/Rig/Joints/hips_bind/spine_0_bind/spine_1_bind/spine_2_bind/spine_3_bind/spine_4_bind/spine_5_bind/chest_bind/clavicle_l_bind/shoulderNoTwist_l_bind","cat":"step","ph":"X","ts":135721,"dur":1,"pid":1,"tid":0},
{"name":"ComposeSubtree /Biped/Rig/Joints/hips_bind/spine_0_bind/spine_1_bind/spine_2_bind/spine_3_bind/spine_4_bind/spine_5_bind/chest_bind/clavicle_l_bind/shoulder_l_bind/elbow_l_bind/wristTwist_l_driver","cat":"step","ph":"X","ts":135722,"dur":1,"pid":1,"tid":0},
{"name":"ComposeSubtree /Biped/Rig/Joints/hips_bind/spine_0_bind/spine_1_bind/spine_2_bind/spine_3_bind/spine_4_bind/spine_5_bind/chest_bind/clavicle_l_bind/shoulder_l_bind/elbow_l_bind/wrist_l_bind/middle_001_l_bind","cat":"step","ph":"X","ts":135723,"dur":1,"pid":1,"tid":0},
{"name":"ComposeSubtree /Biped/Rig/Joints/hips_bind/spine_0_bind/spine_1_bind/spine_2_bind/spine_3_bind/spine_4_bind/spine_5_bind/chest_bind/clavicle_l_bind/shoulder_l_bind/elbow_l_bind/wrist_l_bind/pinkyCup_l_bind/pinky_001_l_bind/pinky_002_combo_l_driver","cat":"step","ph":"X","ts":135724,"dur":1,"pid":1,"tid":0},
{"name":"ComposeSubtree /Biped/Rig/Joints/hips_bind/spine_0_bind/spine_1_bind/spine_2_bind/spine_3_bind/spine_4_bind/spine_5_bind/chest_bind/clavicle_l_bind/shoulder_l_bind/elbow_l_bind/wrist_l_bind/ring_001_l_bind/ring_002_l_bind","cat":"step","ph":"X","ts":135725,"dur":1,"pid":1,"tid":0},
{"name":"ComposeSubtree /Biped/Rig/Joints/hips_bind/spine_0_bind/spine_1_bind/spine_2_bind/spine_3_bind/spine_4_bind/spine_5_bind/chest_bind/clavicle_r_bind","cat":"step","ph":"X","ts":135726,"dur":1,"pid":1,"tid":0},
{"name":"ComposeSubtree /Biped/Rig/Joints/hips_bind/spine_0_bind/spine_1_bind/spine_2_bind/spine_3_bind/spine_4_bind/spine_5_bind/chest_bind/clavicle_r_bind/shoulder_r_bind","cat":"step","ph":"X","ts":135727,"dur":1,"pid":1,"tid":0},
{"name":"ComposeSubtree /Biped/Rig/Joints/hips_bind/spine_0_bind/spine_1_bind/spine_2_bind/spine_3_bind/spine_4_bind/spine_5_bind/chest_bind/clavicle_r_bind/shoulder_r_bind/elbow_r_bind/wrist_r_bind/index_001_r_bind","cat":"step","ph":"X","ts":135728,"dur":1,"pid":1,"tid":0},
{"name":"ComposeSubtree /Biped/Rig/Joints/hips_bind/spine_0_bind/spine_1_bind/spine_2_bind/spine_3_bind/spine_4_bind/spine_5_bind/chest_bind/clavicle_r_bind/shoulder_r_bind/elbow_r_bind/wrist_r_bind/middle_001_r_bind/middle_002_r_bind","cat":"step","ph":"X","ts":135729,"dur":1,"pid":1,"tid":0},
{"name":"ComposeSubtree /Biped/Rig/Joints/hips_bind/spine_0_bind/spine_1_bind/spine_2_bind/spine_3_bind/spine_4_bind/spine_5_bind/chest_bind/clavicle_r_bind/shoulder_r_bind/elbow_r_bind/wrist_r_bind/pinkyCup_r_bind/pinky_001_r_bind/pinky_002_r_bind/pinky_003_r_bind/pinky_004_r_bind","cat":"step","ph":"X","ts":135730,"dur":1,"pid":1,"tid":0},
{"name":"ComposeSubtree /Biped/Rig/Joints/hips_bind/spine_0_bind/spine_1_bind/spine_2_bind/spine_3_bind/spine_4_bind/spine_5_bind/chest_bind/clavicle_r_bind/shoulder_r_bind/elbow_r_bind/wrist_r_bind/thumbCup_r_bind","cat":"step","ph":"X","ts":135731,"dur":1,"pid":1,"tid":0},
{"name":"ComposeSubtree /Biped/Rig/Joints/hips_bind/spine_0_bind/spine_1_bind/spine_2_bind/spine_3_bind/spine_4_bind/spine_5_bind/chest_bind/neck_base_bind/neck_0_bind/neck_1_bind","cat":"step","ph":"X","ts":135732,"dur":1,"pid":1,"tid":0},
{"name":"ComposeSubtree /Biped/Rig/Joints/hips_bind/spine_0_bind/spine_1_bind/spine_2_bind/spine_3_bind/spine_4_bind/spine_5_bind/chest_bind/neck_base_bind/neck_0_bind/neck_1_bind/neck_2_bind/neck_3_bind/skull_bind/face_lower_bind/face_mid_bind/teeth_upper_bind","cat":"step","ph":"X","ts":135733,"dur":1,"pid":1,"tid":0},
{"name":"ComposeSubtree /Biped/Rig/Joints/hips_bind/spine_0_bind/spine_1_bind/spine_2_bind/spine_3_bind/spine_4_bind/spine_5_bind/chest_bind/neck_base_bind/neck_0_bind/neck_1_bind/neck_2_bind/neck_3_bind/skull_bind/face_lower_bind/jaw_bind/tongue_0_bind/tongue_1_bind/tongue_2_bind/tongue_3_bind","cat":"step","ph":"X","ts":135734,"dur":1,"pid":1,"tid":0},
{"name":"ComposeSubtree /Biped/Rig/Joints/hips_bind/spine_0_bind/spine_1_bind/spine_2_bind/spine_3_bind/spine_4_bind/spine_5_bind/chest_bind/neck_base_bind/neck_0_bind/neck_1_bind/neck_2_bind/neck_3_bind/skull_bind/face_upper_bind/head_tip_bind","cat":"step","ph":"X","ts":135735,"dur":1,"pid":1,"tid":0},
{"name":"ComposeSubtree /Biped/Rig/Joints/neck_ik_neck_0_bind/neck_ik_neck_1_bind","cat":"step","ph":"X","ts":135736,"dur":1,"pid":1,"tid":0},
{"name":"ComposeSubtree /Biped/Rig/Joints/spine_ik_spine_0_bind/spine_ik_spine_1_bind/spine_ik_spine_2_bind/spine_ik_spine_3_bind/spine_ik_spine_4_bind","cat":"step","ph":"X","ts":135737,"dur":1,"pid":1,"tid":0},
{"name":"Solve /Biped/Rig/Solvers/arm_l_fkChain","cat":"step","ph":"X","ts":135738,"dur":1,"pid":1,"tid":0},
{"name":"Solve /Biped/Rig/Solvers/arm_l_twoBoneIk","cat":"step","ph":"X","ts":135739,"dur":1,"pid":1,"tid":0},
{"name":"Solve /Biped/Rig/Solvers/leg_l_fkChain","cat":"step","ph":"X","ts":135740,"dur":1,"pid":1,"tid":0},
{"name":"Solve /Biped/Rig/Solvers/neck_splineIk","cat":"step","ph":"X","ts":135741,"dur":7,"pid":1,"tid":0},
{"name":"SolverCommit batch 6","cat":"step","ph":"X","ts":135748,"dur":1,"pid":1,"tid":0},
{"name":"Solve /Biped/Rig/Solvers/spine_splineIk","cat":"step","ph":"X","ts":135749,"dur":7,"pid":1,"tid":0},
{"name":"Solve /Biped/Rig/Solvers/arm_r_ikfk","cat":"step","ph":"X","ts":135756,"dur":1,"pid":1,"tid":0},
{"name":"SolverCommit batch 8","cat":"step","ph":"X","ts":135757,"dur":1,"pid":1,"tid":0},
{"name":"Solve /Biped/Rig/Solvers/arm_l_ikfk","cat":"step","ph":"X","ts":135758,"dur":1,"pid":1,"tid":0},
{"name":"SolverCommit batch 9","cat":"step","ph":"X","ts":135759,"dur":1,"pid":1,"tid":0},
{"name":"Constraint /Biped/Rig/Movers/spine_mid_follow/spine_mid_follow_pos","cat":"step","ph":"X","ts":135760,"dur":5,"pid":1,"tid":0},
{"name":"Solve /Biped/Rig/Solvers/fk_thumb_r","cat":"step","ph":"X","ts":135765,"dur":1,"pid":1,"tid":0},
{"name":"Solve /Biped/Rig/Solvers/fk_ring_r","cat":"step","ph":"X","ts":135766,"dur":1,"pid":1,"tid":0},
{"name":"SolverCommit batch 12","cat":"step","ph":"X","ts":135767,"dur":1,"pid":1,"tid":0},
{"name":"Solve /Biped/Rig/Solvers/fk_pinky_r","cat":"step","ph":"X","ts":135768,"dur":1,"pid":1,"tid":0},
{"name":"Solve /Biped/Rig/Solvers/fk_middle_r","cat":"step","ph":"X","ts":135769,"dur":1,"pid":1,"tid":0},
{"name":"SolverCommit batch 14","cat":"step","ph":"X","ts":135770,"dur":1,"pid":1,"tid":0},
{"name":"SolverCommit batch 15","cat":"step","ph":"X","ts":135771,"dur":1,"pid":1,"tid":0},
{"name":"Solve /Biped/Rig/Solvers/fk_thumb_l","cat":"step","ph":"X","ts":135772,"dur":1,"pid":1,"tid":0},
{"name":"Solve /Biped/Rig/Solvers/fk_ring_l","cat":"step","ph":"X","ts":135773,"dur":1,"pid":1,"tid":0},
{"name":"Solve /Biped/Rig/Solvers/fk_pinky_l","cat":"step","ph":"X","ts":135774,"dur":1,"pid":1,"tid":0},
{"name":"SolverCommit batch 18","cat":"step","ph":"X","ts":135775,"dur":1,"pid":1,"tid":0},
{"name":"Solve /Biped/Rig/Solvers/fk_middle_l","cat":"step","ph":"X","ts":135776,"dur":1,"pid":1,"tid":0},
{"name":"Solve /Biped/Rig/Solvers/fk_index_l","cat":"step","ph":"X","ts":135777,"dur":1,"pid":1,"tid":0},
{"name":"Constraint /Biped/Rig/Movers/spine_mid_follow/spine_mid_follow_aim","cat":"step","ph":"X","ts":135778,"dur":3,"pid":1,"tid":0},
{"name":"Constraint /Biped/Rig/Movers/hand_r_follow/thumbCup_r_bind_fk_follow_to_wrist_r_bind","cat":"step","ph":"X","ts":135781,"dur":2,"pid":1,"tid":0},
{"name":"Constraint /Biped/Rig/Movers/hand_r_follow/ring_001_r_bind_fk_follow_to_wrist_r_bind","cat":"step","ph":"X","ts":135783,"dur":3,"pid":1,"tid":0},
{"name":"Constraint /Biped/Rig/Movers/hand_r_follow/pinkyCup_r_bind_fk_follow_to_wrist_r_bind","cat":"step","ph":"X","ts":135786,"dur":2,"pid":1,"tid":0},
{"name":"Constraint /Biped/Rig/Movers/hand_r_follow/middle_001_r_bind_fk_follow_to_wrist_r_bind","cat":"step","ph":"X","ts":135788,"dur":3,"pid":1,"tid":0},
{"name":"Constraint /Biped/Rig/Movers/hand_r_follow/index_001_r_bind_fk_follow_to_wrist_r_bind","cat":"step","ph":"X","ts":135791,"dur":2,"pid":1,"tid":0},
{"name":"Constraint /Biped/Rig/Movers/hand_l_follow/thumbCup_l_bind_fk_follow_to_wrist_l_bind","cat":"step","ph":"X","ts":135793,"dur":2,"pid":1,"tid":0},
{"name":"Constraint /Biped/Rig/Movers/hand_l_follow/ring_001_l_bind_fk_follow_to_wrist_l_bind","cat":"step","ph":"X","ts":135795,"dur":2,"pid":1,"tid":0},
{"name":"Constraint /Biped/Rig/Movers/hand_l_follow/pinkyCup_l_bind_fk_follow_to_wrist_l_bind","cat":"step","ph":"X","ts":135797,"dur":3,"pid":1,"tid":0},
{"name":"Constraint /Biped/Rig/Movers/hand_l_follow/middle_001_l_bind_fk_follow_to_wrist_l_bind","cat":"step","ph":"X","ts":135800,"dur":2,"pid":1,"tid":0},
{"name":"Constraint /Biped/Rig/Movers/hand_l_follow/index_001_l_bind_fk_follow_to_wrist_l_bind","cat":"step","ph":"X","ts":135802,"dur":2,"pid":1,"tid":0},
{"name":"Constraint /Biped/Rig/Movers/bankIn_r_pivot_rc/bankIn_r_pivot_rotation","cat":"step","ph":"X","ts":135804,"dur":1,"pid":1,"tid":0},
{"name":"Constraint /Biped/Rig/Movers/heel_r_roll_rc/heel_r_roll_rotation","cat":"step","ph":"X","ts":135805,"dur":1,"pid":1,"tid":0},
{"name":"Constraint /Biped/Rig/Movers/ballRoll_r_down_rc/ballRoll_r_down_rotation","cat":"step","ph":"X","ts":135806,"dur":1,"pid":1,"tid":0},
{"name":"SolverCommit batch 39","cat":"step","ph":"X","ts":135807,"dur":4,"pid":1,"tid":0},
{"name":"Constraint /Biped/Rig/Movers/ankle_r_bind_scAim/ankle_r_bind_aim","cat":"step","ph":"X","ts":135811,"dur":4,"pid":1,"tid":0},
{"name":"Constraint /Biped/Rig/Movers/ball_r_bind_scAim/ball_r_bind_aim","cat":"step","ph":"X","ts":135815,"dur":3,"pid":1,"tid":0},
{"name":"Constraint /Biped/Rig/Movers/bankIn_l_pivot_rc/bankIn_l_pivot_rotation","cat":"step","ph":"X","ts":135818,"dur":1,"pid":1,"tid":0},
{"name":"Constraint /Biped/Rig/Movers/heel_l_roll_rc/heel_l_roll_rotation","cat":"step","ph":"X","ts":135819,"dur":1,"pid":1,"tid":0},
{"name":"Constraint /Biped/Rig/Movers/ballRoll_l_down_rc/ballRoll_l_down_rotation","cat":"step","ph":"X","ts":135820,"dur":1,"pid":1,"tid":0},
{"name":"SolverCommit batch 49","cat":"step","ph":"X","ts":135821,"dur":4,"pid":1,"tid":0},
{"name":"Constraint /Biped/Rig/Movers/ankle_l_bind_scAim/ankle_l_bind_aim","cat":"step","ph":"X","ts":135825,"dur":3,"pid":1,"tid":0},
{"name":"Constraint /Biped/Rig/Movers/ball_l_bind_scAim/ball_l_bind_aim","cat":"step","ph":"X","ts":135828,"dur":3,"pid":1,"tid":0},
{"name":"Constraint /Biped/Rig/Movers/hips_follow/spine_root_ctl_drives_hips_bind","cat":"step","ph":"X","ts":135831,"dur":2,"pid":1,"tid":0},
{"name":"PropagateChunk /Biped/Rig/Movers/hips_follow/spine_root_ctl_drives_hips_bind","cat":"step","ph":"X","ts":135833,"dur":4,"pid":1,"tid":0},
{"name":"Constraint /Biped/Rig/Movers/hips_follow/spine_root_ctl_scales_hips_bind","cat":"step","ph":"X","ts":135837,"dur":2,"pid":1,"tid":0},
{"name":"PropagateChunk /Biped/Rig/Movers/hips_follow/spine_root_ctl_scales_hips_bind","cat":"step","ph":"X","ts":135839,"dur":3,"pid":1,"tid":0},
{"name":"PropagateChunk /Biped/Rig/Movers/hips_follow/spine_root_ctl_scales_hips_bind","cat":"step","ph":"X","ts":135842,"dur":1,"pid":1,"tid":0},
{"name":"Constraint /Biped/Rig/Movers/spine_to_bind/spine_ik_spine_0_bind_scale_to_spine_0_bind","cat":"step","ph":"X","ts":135843,"dur":5,"pid":1,"tid":0},
{"name":"Constraint /Biped/Rig/Movers/spine_to_bind/spine_ik_spine_0_bind_to_spine_0_bind","cat":"step","ph":"X","ts":135848,"dur":5,"pid":1,"tid":0},
{"name":"Constraint /Biped/Rig/Movers/spine_to_bind/spine_ik_spine_1_bind_scale_to_spine_1_bind","cat":"step","ph":"X","ts":135853,"dur":4,"pid":1,"tid":0},
{"name":"Constraint /Biped/Rig/Movers/spine_to_bind/spine_ik_spine_1_bind_to_spine_1_bind","cat":"step","ph":"X","ts":135857,"dur":5,"pid":1,"tid":0},
{"name":"Constraint /Biped/Rig/Movers/spine_to_bind/spine_ik_spine_2_bind_scale_to_spine_2_bind","cat":"step","ph":"X","ts":135862,"dur":4,"pid":1,"tid":0},
{"name":"Constraint /Biped/Rig/Movers/spine_to_bind/spine_ik_spine_2_bind_to_spine_2_bind","cat":"step","ph":"X","ts":135866,"dur":4,"pid":1,"tid":0},
{"name":"Constraint /Biped/Rig/Movers/spine_to_bind/spine_ik_spine_3_bind_scale_to_spine_3_bind","cat":"step","ph":"X","ts":135870,"dur":4,"pid":1,"tid":0},
{"name":"Constraint /Biped/Rig/Movers/spine_to_bind/spine_ik_spine_3_bind_to_spine_3_bind","cat":"step","ph":"X","ts":135874,"dur":5,"pid":1,"tid":0},
{"name":"Constraint /Biped/Rig/Movers/spine_to_bind/spine_ik_spine_4_bind_scale_to_spine_4_bind","cat":"step","ph":"X","ts":135879,"dur":4,"pid":1,"tid":0},
{"name":"Constraint /Biped/Rig/Movers/spine_to_bind/spine_ik_spine_4_bind_to_spine_4_bind","cat":"step","ph":"X","ts":135883,"dur":4,"pid":1,"tid":0},
{"name":"Constraint /Biped/Rig/Movers/spine_to_bind/spine_ik_spine_5_bind_scale_to_spine_5_bind","cat":"step","ph":"X","ts":135887,"dur":4,"pid":1,"tid":0},
{"name":"Constraint /Biped/Rig/Movers/spine_to_bind/spine_ik_spine_5_bind_to_spine_5_bind","cat":"step","ph":"X","ts":135891,"dur":4,"pid":1,"tid":0},
{"name":"Constraint /Biped/Rig/Movers/spine_to_bind/spine_ik_chest_bind_scale_to_chest_bind","cat":"step","ph":"X","ts":135895,"dur":4,"pid":1,"tid":0},
{"name":"Constraint /Biped/Rig/Movers/spine_to_bind/spine_ik_chest_bind_to_chest_bind","cat":"step","ph":"X","ts":135899,"dur":4,"pid":1,"tid":0},
{"name":"Constraint /Biped/Rig/Movers/girdles/spine_end_ctl_drives_chest_bind","cat":"step","ph":"X","ts":135903,"dur":5,"pid":1,"tid":0},
{"name":"Constraint /Biped/Rig/Movers/girdles/pelvis_r_ctl_drives_pelvis_r_bind","cat":"step","ph":"X","ts":135908,"dur":1,"pid":1,"tid":0},
{"name":"Constraint /Biped/Rig/Movers/girdles/clavicle_r_ctl_drives_clavicle_r_bind","cat":"step","ph":"X","ts":135909,"dur":1,"pid":1,"tid":0},
{"name":"Constraint /Biped/Rig/Movers/girdles/clavicle_l_ctl_drives_clavicle_l_bind","cat":"step","ph":"X","ts":135910,"dur":1,"pid":1,"tid":0},
{"name":"Constraint /Biped/Rig/Movers/girdles/spine_end_ctl_unsquashes_neck_base_bind","cat":"step","ph":"X","ts":135911,"dur":3,"pid":1,"tid":0},
{"name":"Constraint /Biped/Rig/Movers/girdles/clavicle_r_ctl_unsquashes_clavicle_r_bind","cat":"step","ph":"X","ts":135914,"dur":1,"pid":1,"tid":0},
{"name":"Constraint /Biped/Rig/Movers/girdles/clavicle_l_ctl_unsquashes_clavicle_l_bind","cat":"step","ph":"X","ts":135915,"dur":2,"pid":1,"tid":0},
{"name":"Constraint /Biped/Rig/Movers/neck_to_bind/neck_ik_neck_0_bind_scale_to_neck_0_bind","cat":"step","ph":"X","ts":135917,"dur":3,"pid":1,"tid":0},
{"name":"Constraint /Biped/Rig/Movers/neck_to_bind/neck_ik_neck_0_bind_to_neck_0_bind","cat":"step","ph":"X","ts":135920,"dur":3,"pid":1,"tid":0},
{"name":"Constraint /Biped/Rig/Movers/neck_to_bind/neck_ik_neck_1_bind_scale_to_neck_1_bind","cat":"step","ph":"X","ts":135923,"dur":3,"pid":1,"tid":0},
{"name":"Constraint /Biped/Rig/Movers/neck_to_bind/neck_ik_neck_1_bind_to_neck_1_bind","cat":"step","ph":"X","ts":135926,"dur":3,"pid":1,"tid":0},
{"name":"Constraint /Biped/Rig/Movers/neck_to_bind/neck_ik_neck_2_bind_scale_to_neck_2_bind","cat":"step","ph":"X","ts":135929,"dur":3,"pid":1,"tid":0},
{"name":"Constraint /Biped/Rig/Movers/neck_to_bind/neck_ik_neck_2_bind_to_neck_2_bind","cat":"step","ph":"X","ts":135932,"dur":3,"pid":1,"tid":0},
{"name":"Constraint /Biped/Rig/Movers/neck_to_bind/neck_ik_neck_3_bind_scale_to_neck_3_bind","cat":"step","ph":"X","ts":135935,"dur":3,"pid":1,"tid":0},
{"name":"Constraint /Biped/Rig/Movers/neck_to_bind/neck_ik_neck_3_bind_to_neck_3_bind","cat":"step","ph":"X","ts":135938,"dur":3,"pid":1,"tid":0},
{"name":"Constraint /Biped/Rig/Movers/neck_to_bind/neck_ik_skull_bind_scale_to_skull_bind","cat":"step","ph":"X","ts":135941,"dur":3,"pid":1,"tid":0},
{"name":"Constraint /Biped/Rig/Movers/neck_to_bind/neck_ik_skull_bind_to_skull_bind","cat":"step","ph":"X","ts":135944,"dur":3,"pid":1,"tid":0},
{"name":"Constraint /Biped/Rig/Movers/twist_aims/wristTwist_r_bind_copy","cat":"step","ph":"X","ts":135947,"dur":2,"pid":1,"tid":0},
{"name":"Constraint /Biped/Rig/Movers/twist_aims/wristTwist_r_bind_aim","cat":"step","ph":"X","ts":135949,"dur":2,"pid":1,"tid":0},
{"name":"Constraint /Biped/Rig/Movers/twist_aims/wristTwist_l_bind_copy","cat":"step","ph":"X","ts":135951,"dur":2,"pid":1,"tid":0},
{"name":"Constraint /Biped/Rig/Movers/twist_aims/wristTwist_l_bind_aim","cat":"step","ph":"X","ts":135953,"dur":1,"pid":1,"tid":0},
{"name":"Constraint /Biped/Rig/Movers/twist_aims/ankleTwist_r_bind_copy","cat":"step","ph":"X","ts":135954,"dur":2,"pid":1,"tid":0},
{"name":"Constraint /Biped/Rig/Movers/twist_aims/ankleTwist_r_bind_aim","cat":"step","ph":"X","ts":135956,"dur":1,"pid":1,"tid":0},
{"name":"Constraint /Biped/Rig/Movers/twist_aims/ankleTwist_l_bind_copy","cat":"step","ph":"X","ts":135957,"dur":2,"pid":1,"tid":0},
{"name":"Constraint /Biped/Rig/Movers/twist_aims/ankleTwist_l_bind_aim","cat":"step","ph":"X","ts":135959,"dur":2,"pid":1,"tid":0},
{"name":"Constraint /Biped/Rig/Movers/twist_aims/ankleTwist_l_bind_follows_ankle_l_bind","cat":"step","ph":"X","ts":135961,"dur":1,"pid":1,"tid":0},
{"name":"Constraint /Biped/Rig/Movers/twist_aims/thighNoTwist_r_bind_follows_thigh_r_bind","cat":"step","ph":"X","ts":135962,"dur":1,"pid":1,"tid":0},
{"name":"Constraint /Biped/Rig/Movers/twist_aims/shoulderNoTwist_r_bind_follows_shoulder_r_bind","cat":"step","ph":"X","ts":135963,"dur":1,"pid":1,"tid":0},
{"name":"Constraint /Biped/Rig/Movers/twist_aims/pelvis_trans_r_bind_follows_thigh_r_bind","cat":"step","ph":"X","ts":135964,"dur":1,"pid":1,"tid":0},
{"name":"Constraint /Biped/Rig/Movers/twist_aims/clavicle_trans_l_bind_follows_shoulder_l_bind","cat":"step","ph":"X","ts":135965,"dur":1,"pid":1,"tid":0},
{"name":"Constraint /Biped/Rig/Movers/twist_aims/pelvis_trans_r_bind_aim","cat":"step","ph":"X","ts":135966,"dur":2,"pid":1,"tid":0},
{"name":"Constraint /Biped/Rig/Movers/twist_aims/pelvis_trans_l_bind_aim","cat":"step","ph":"X","ts":135968,"dur":1,"pid":1,"tid":0},
{"name":"Constraint /Biped/Rig/Movers/twist_aims/kneeTwist_r_bind_aim","cat":"step","ph":"X","ts":135969,"dur":2,"pid":1,"tid":0},
{"name":"Constraint /Biped/Rig/Movers/twist_aims/kneeTwist_l_bind_aim","cat":"step","ph":"X","ts":135971,"dur":2,"pid":1,"tid":0},
{"name":"Constraint /Biped/Rig/Movers/twist_aims/thighNoTwist_r_bind_aim","cat":"step","ph":"X","ts":135973,"dur":2,"pid":1,"tid":0},
{"name":"Constraint /Biped/Rig/Movers/twist_aims/thighNoTwist_l_bind_aim","cat":"step","ph":"X","ts":135975,"dur":1,"pid":1,"tid":0},
{"name":"Constraint /Biped/Rig/Movers/twist_aims/clavicle_trans_r_bind_aim","cat":"step","ph":"X","ts":135976,"dur":2,"pid":1,"tid":0},
{"name":"Constraint /Biped/Rig/Movers/twist_aims/clavicle_trans_l_bind_aim","cat":"step","ph":"X","ts":135978,"dur":2,"pid":1,"tid":0},
{"name":"Constraint /Biped/Rig/Movers/twist_aims/elbowTwist_r_bind_aim","cat":"step","ph":"X","ts":135980,"dur":1,"pid":1,"tid":0},
{"name":"Constraint /Biped/Rig/Movers/twist_aims/elbowTwist_l_bind_aim","cat":"step","ph":"X","ts":135981,"dur":2,"pid":1,"tid":0},
{"name":"Constraint /Biped/Rig/Movers/twist_aims/shoulderNoTwist_r_bind_aim","cat":"step","ph":"X","ts":135983,"dur":1,"pid":1,"tid":0},
{"name":"Constraint /Biped/Rig/Movers/twist_aims/shoulderNoTwist_l_bind_aim","cat":"step","ph":"X","ts":135984,"dur":2,"pid":1,"tid":0},
{"name":"Constraint /Biped/Rig/Movers/pose_drivers/thigh_r_driver_copies_thigh_r_bind","cat":"step","ph":"X","ts":135986,"dur":2,"pid":1,"tid":0},
{"name":"Constraint /Biped/Rig/Movers/pose_drivers/thigh_l_driver_copies_thigh_l_bind","cat":"step","ph":"X","ts":135988,"dur":2,"pid":1,"tid":0},
{"name":"Constraint /Biped/Rig/Movers/pose_drivers/thigh_r_twist_driver_copies_thighNoTwist_r_bind","cat":"step","ph":"X","ts":135990,"dur":1,"pid":1,"tid":0},
{"name":"Constraint /Biped/Rig/Movers/pose_drivers/thigh_l_twist_driver_copies_thighNoTwist_l_bind","cat":"step","ph":"X","ts":135991,"dur":2,"pid":1,"tid":0},
{"name":"Constraint /Biped/Rig/Movers/pose_drivers/ankleTwist_r_driver_copies_ankleTwist_r_bind","cat":"step","ph":"X","ts":135993,"dur":2,"pid":1,"tid":0},
{"name":"Constraint /Biped/Rig/Movers/pose_drivers/ankleTwist_l_driver_copies_ankleTwist_l_bind","cat":"step","ph":"X","ts":135995,"dur":2,"pid":1,"tid":0},
{"name":"Constraint /Biped/Rig/Movers/pose_drivers/toe_r_driver_copies_ball_r_bind","cat":"step","ph":"X","ts":135997,"dur":2,"pid":1,"tid":0},
{"name":"Constraint /Biped/Rig/Movers/pose_drivers/toe_l_driver_copies_ball_l_bind","cat":"step","ph":"X","ts":135999,"dur":1,"pid":1,"tid":0},
{"name":"Constraint /Biped/Rig/Movers/pose_drivers/knee_r_driver_copies_knee_r_bind","cat":"step","ph":"X","ts":136000,"dur":2,"pid":1,"tid":0},
{"name":"Constraint /Biped/Rig/Movers/pose_drivers/knee_l_driver_copies_knee_l_bind","cat":"step","ph":"X","ts":136002,"dur":2,"pid":1,"tid":0},
{"name":"Constraint /Biped/Rig/Movers/pose_drivers/ankleSwing_r_driver_copies_ankle_r_bind","cat":"step","ph":"X","ts":136004,"dur":2,"pid":1,"tid":0},
{"name":"Constraint /Biped/Rig/Movers/pose_drivers/ankleSwing_l_driver_copies_ankle_l_bind","cat":"step","ph":"X","ts":136006,"dur":2,"pid":1,"tid":0},
{"name":"Constraint /Biped/Rig/Movers/pose_drivers/shoulder_r_driver_copies_shoulder_r_bind","cat":"step","ph":"X","ts":136008,"dur":2,"pid":1,"tid":0},
{"name":"Constraint /Biped/Rig/Movers/pose_drivers/shoulder_l_driver_copies_shoulder_l_bind","cat":"step","ph":"X","ts":136010,"dur":2,"pid":1,"tid":0},
{"name":"Constraint /Biped/Rig/Movers/pose_drivers/wristTwist_r_driver_copies_wristTwist_r_bind","cat":"step","ph":"X","ts":136012,"dur":2,"pid":1,"tid":0},
{"name":"Constraint /Biped/Rig/Movers/pose_drivers/wristTwist_l_driver_copies_wristTwist_l_bind","cat":"step","ph":"X","ts":136014,"dur":2,"pid":1,"tid":0},
{"name":"Constraint /Biped/Rig/Movers/pose_drivers/shoulder_r_twist_driver_copies_shoulderNoTwist_r_bind","cat":"step","ph":"X","ts":136016,"dur":2,"pid":1,"tid":0},
{"name":"Constraint /Biped/Rig/Movers/pose_drivers/shoulder_l_twist_driver_copies_shoulderNoTwist_l_bind","cat":"step","ph":"X","ts":136018,"dur":2,"pid":1,"tid":0},
{"name":"Constraint /Biped/Rig/Movers/pose_drivers/wristSwing_r_driver_copies_wrist_r_bind","cat":"step","ph":"X","ts":136020,"dur":2,"pid":1,"tid":0},
{"name":"Constraint /Biped/Rig/Movers/pose_drivers/wristSwing_l_driver_copies_wrist_l_bind","cat":"step","ph":"X","ts":136022,"dur":2,"pid":1,"tid":0},
{"name":"Constraint /Biped/Rig/Movers/pose_drivers/elbow_r_driver_copies_elbow_r_bind","cat":"step","ph":"X","ts":136024,"dur":1,"pid":1,"tid":0},
{"name":"Constraint /Biped/Rig/Movers/pose_drivers/elbow_l_driver_copies_elbow_l_bind","cat":"step","ph":"X","ts":136025,"dur":2,"pid":1,"tid":0},
{"name":"Constraint /Biped/Rig/Movers/param_follow/leg_r_params_to_ankle_r_bind","cat":"step","ph":"X","ts":136027,"dur":2,"pid":1,"tid":0},
{"name":"Constraint /Biped/Rig/Movers/param_follow/leg_l_params_to_ankle_l_bind","cat":"step","ph":"X","ts":136029,"dur":2,"pid":1,"tid":0},
{"name":"Constraint /Biped/Rig/Movers/param_follow/arm_r_params_to_wrist_r_bind","cat":"step","ph":"X","ts":136031,"dur":2,"pid":1,"tid":0},
{"name":"Constraint /Biped/Rig/Movers/param_follow/arm_l_params_to_wrist_l_bind","cat":"step","ph":"X","ts":136033,"dur":2,"pid":1,"tid":0},
{"name":"ProviderMatrix /Biped/Rig/Controls/leg_l_ik/ankle_l_pivot/bankIn_l_pivot/bankOut_l_pivot/heel_l_roll/heel_l/ball_l_pivot/toe_l_roll/toe_l/ballRoll_l_up/ballRoll_l_down final","cat":"step","ph":"X","ts":136035,"dur":1,"pid":1,"tid":0},
{"name":"ProviderMatrix /Biped/Rig/Joints/ankle_l_pivot/bankIn_l_pivot final","cat":"step","ph":"X","ts":136036,"dur":1,"pid":1,"tid":0},
{"name":"ProviderMatrix /Biped/Rig/Joints/ankle_r_pivot/bankIn_r_pivot/bankOut_r_pivot/heel_r_pivot/ball_r_pivot final","cat":"step","ph":"X","ts":136037,"dur":1,"pid":1,"tid":0},
{"name":"ProviderMatrix /Biped/Rig/Joints/hips_bind/pelvis_l_bind/thigh_combo_l_driver final","cat":"step","ph":"X","ts":136038,"dur":1,"pid":1,"tid":0},
{"name":"ProviderMatrix /Biped/Rig/Joints/hips_bind/pelvis_l_bind/thigh_l_bind/knee_l_bind/ankle_l_bind/ball_l_bind/toe1_001_l_bind/toe1_002_l_bind/toe1_003_l_bind/toe1_004_l_bind final","cat":"step","ph":"X","ts":136039,"dur":1,"pid":1,"tid":0},
{"name":"ProviderMatrix /Biped/Rig/Joints/hips_bind/pelvis_l_bind/thigh_l_bind/knee_l_bind/ankle_l_bind/ball_l_bind/toe4_001_l_bind/toe4_002_l_bind/toe4_003_l_bind final","cat":"step","ph":"X","ts":136040,"dur":1,"pid":1,"tid":0},
{"name":"ProviderMatrix /Biped/Rig/Joints/hips_bind/pelvis_r_bind final","cat":"step","ph":"X","ts":136041,"dur":1,"pid":1,"tid":0},
{"name":"ProviderMatrix /Biped/Rig/Joints/hips_bind/pelvis_r_bind/thigh_r_bind/knee_r_bind/ankleTwist_r_driver final","cat":"step","ph":"X","ts":136042,"dur":1,"pid":1,"tid":0},
{"name":"ProviderMatrix /Biped/Rig/Joints/hips_bind/pelvis_r_bind/thigh_r_bind/knee_r_bind/ankle_r_bind/ball_r_bind/toe3_001_r_bind final","cat":"step","ph":"X","ts":136043,"dur":1,"pid":1,"tid":0},
{"name":"ProviderMatrix /Biped/Rig/Joints/hips_bind/pelvis_r_bind/thigh_r_bind/knee_r_bind/ankle_r_bind/ball_r_bind/toe5_001_r_bind/toe5_002_r_bind/toe5_003_r_bind/toe5_004_r_bind final","cat":"step","ph":"X","ts":136044,"dur":1,"pid":1,"tid":0},
{"name":"ProviderMatrix /Biped/Rig/Joints/hips_bind/spine_0_bind/spine_1_bind/spine_2_bind/spine_3_bind/spine_4_bind/spine_5_bind/chest_bind final","cat":"step","ph":"X","ts":136045,"dur":1,"pid":1,"tid":0},
{"name":"ProviderMatrix /Biped/Rig/Joints/hips_bind/spine_0_bind/spine_1_bind/spine_2_bind/spine_3_bind/spine_4_bind/spine_5_bind/chest_bind/clavicle_l_bind/shoulder_l_bind/elbow_l_bind/elbowTwist_l_bind/elbow_l_driver final","cat":"step","ph":"X","ts":136046,"dur":1,"pid":1,"tid":0},
{"name":"ProviderMatrix /Biped/Rig/Joints/hips_bind/spine_0_bind/spine_1_bind/spine_2_bind/spine_3_bind/spine_4_bind/spine_5_bind/chest_bind/clavicle_l_bind/shoulder_l_bind/elbow_l_bind/wrist_l_bind/middle_001_l_bind final","cat":"step","ph":"X","ts":136047,"dur":1,"pid":1,"tid":0},
{"name":"ProviderMatrix /Biped/Rig/Joints/hips_bind/spine_0_bind/spine_1_bind/spine_2_bind/spine_3_bind/spine_4_bind/spine_5_bind/chest_bind/clavicle_l_bind/shoulder_l_bind/elbow_l_bind/wrist_l_bind/pinkyCup_l_bind/pinky_001_l_bind/pinky_002_l_bind/pinky_003_l_bind/pinky_004_l_bind final","cat":"step","ph":"X","ts":136048,"dur":1,"pid":1,"tid":0},
{"name":"ProviderMatrix /Biped/Rig/Joints/hips_bind/spine_0_bind/spine_1_bind/spine_2_bind/spine_3_bind/spine_4_bind/spine_5_bind/chest_bind/clavicle_l_bind/shoulder_l_bind/elbow_l_bind/wrist_l_bind/thumbCup_l_bind/thumb_001_l_bind/thumb_002_l_bind/thumb_003_l_bind final","cat":"step","ph":"X","ts":136049,"dur":1,"pid":1,"tid":0},
{"name":"ProviderMatrix /Biped/Rig/Joints/hips_bind/spine_0_bind/spine_1_bind/spine_2_bind/spine_3_bind/spine_4_bind/spine_5_bind/chest_bind/clavicle_r_bind/shoulder_r_bind/elbow_r_bind/elbowTwist_r_bind final","cat":"step","ph":"X","ts":136050,"dur":1,"pid":1,"tid":0},
{"name":"ProviderMatrix /Biped/Rig/Joints/hips_bind/spine_0_bind/spine_1_bind/spine_2_bind/spine_3_bind/spine_4_bind/spine_5_bind/chest_bind/clavicle_r_bind/shoulder_r_bind/elbow_r_bind/wrist_r_bind/index_001_r_bind/index_002_r_bind/index_003_r_bind/index_004_r_bind/index_005_r_bind final","cat":"step","ph":"X","ts":136051,"dur":1,"pid":1,"tid":0},
{"name":"ProviderMatrix /Biped/Rig/Joints/hips_bind/spine_0_bind/spine_1_bind/spine_2_bind/spine_3_bind/spine_4_bind/spine_5_bind/chest_bind/clavicle_r_bind/shoulder_r_bind/elbow_r_bind/wrist_r_bind/pinkyCup_r_bind/pinky_001_r_bind/pinky_002_r_bind/pinky_003_r_bind final","cat":"step","ph":"X","ts":136052,"dur":1,"pid":1,"tid":0},
{"name":"ProviderMatrix /Biped/Rig/Joints/hips_bind/spine_0_bind/spine_1_bind/spine_2_bind/spine_3_bind/spine_4_bind/spine_5_bind/chest_bind/clavicle_r_bind/shoulder_r_bind/elbow_r_bind/wrist_r_bind/thumbCup_r_bind/thumb_001_r_bind/thumb_002_r_bind final","cat":"step","ph":"X","ts":136053,"dur":1,"pid":1,"tid":0},
{"name":"ProviderMatrix /Biped/Rig/Joints/hips_bind/spine_0_bind/spine_1_bind/spine_2_bind/spine_3_bind/spine_4_bind/spine_5_bind/chest_bind/neck_base_bind/neck_0_bind/neck_1_bind/neck_2_bind/neck_3_bind/skull_bind/face_lower_bind/face_mid_bind/jaw_compression_driver final","cat":"step","ph":"X","ts":136054,"dur":1,"pid":1,"tid":0},
{"name":"ProviderMatrix /Biped/Rig/Joints/hips_bind/spine_0_bind/spine_1_bind/spine_2_bind/spine_3_bind/spine_4_bind/spine_5_bind/chest_bind/neck_base_bind/neck_0_bind/neck_1_bind/neck_2_bind/neck_3_bind/skull_bind/face_lower_bind/jaw_bind/tongue_0_bind/tongue_1_bind/tongue_2_bind/tongue_3_bind/tongue_4_bind final","cat":"step","ph":"X","ts":136055,"dur":1,"pid":1,"tid":0},
{"name":"ProviderMatrix /Biped/Rig/Joints/hips_bind/spine_0_bind/spine_1_bind/spine_2_bind/spine_3_bind/spine_4_bind/spine_5_bind/chest_bind/neck_base_bind/neck_0_bind/neck_1_bind/neck_2_bind/neck_3_bind/skull_bind/face_upper_bind/head_tip_bind/brow_peak_l_bind final","cat":"step","ph":"X","ts":136056,"dur":1,"pid":1,"tid":0},
{"name":"ProviderMatrix /Biped/Rig/Joints/spine_ik_spine_0_bind/spine_ik_spine_1_bind/spine_ik_spine_2_bind final","cat":"step","ph":"X","ts":136057,"dur":1,"pid":1,"tid":0},
{"name":"InfluenceFold /Biped/Rig/Movers/skin_body_geo/body_geo_skin","cat":"step","ph":"X","ts":136058,"dur":23,"pid":1,"tid":0},
{"name":"RevisionChunk /Biped/Rig/Movers/skin_body_geo/body_geo_skin","cat":"step","ph":"X","ts":136081,"dur":420,"pid":1,"tid":0},
{"name":"RevisionFuse /Biped/Rig/Movers/skin_body_geo/body_geo_skin","cat":"step","ph":"X","ts":136501,"dur":3,"pid":1,"tid":0},
{"name":"ChainStatus /Biped/Geom/body_geo.points","cat":"step","ph":"X","ts":136504,"dur":16,"pid":1,"tid":0},
{"name":"Derived /Biped/Geom/body_geo.extent","cat":"step","ph":"X","ts":136520,"dur":127,"pid":1,"tid":0},
{"name":"BakedPublish","cat":"baked","ph":"X","ts":136706,"dur":62,"pid":1,"tid":0},
{"name":"BakedEpilogue","cat":"baked","ph":"X","ts":136649,"dur":126,"pid":1,"tid":0},
{"name":"Baked","cat":"baked","ph":"X","ts":135551,"dur":1224,"pid":1,"tid":0},
{"name":"Evaluate.Run","cat":"evaluate","ph":"X","ts":135551,"dur":1224,"pid":1,"tid":0},
{"name":"Evaluate@2","cat":"evaluate","ph":"X","ts":135549,"dur":1227,"pid":1,"tid":0},
{"name":"Evaluate.Settle","cat":"evaluate","ph":"X","ts":136874,"dur":0,"pid":1,"tid":0},
{"name":"Evaluate.PlaceOverrides","cat":"evaluate","ph":"X","ts":136875,"dur":0,"pid":1,"tid":0},
{"name":"PropertyChains","cat":"property","ph":"X","ts":136877,"dur":6,"pid":1,"tid":0},
{"name":"BakedInputs","cat":"baked","ph":"X","ts":136883,"dur":7,"pid":1,"tid":0},
{"name":"BakedChainBase","cat":"geometry","ph":"X","ts":136987,"dur":2,"pid":1,"tid":0},
{"name":"BakedPrologue","cat":"baked","ph":"X","ts":136876,"dur":113,"pid":1,"tid":0},
{"name":"BakedRegion","cat":"baked","ph":"X","ts":136990,"dur":882,"pid":1,"tid":0},
{"name":"ComposeSubtree /Biped/Rig/Controls/arm_l_ik","cat":"step","ph":"X","ts":137017,"dur":2,"pid":1,"tid":0},
{"name":"ComposeSubtree /Biped/Rig/Controls/hips_ctl","cat":"step","ph":"X","ts":137019,"dur":1,"pid":1,"tid":0},
{"name":"ComposeSubtree /Biped/Rig/Controls/hips_ctl/spine_root_pivot/spine_root_ctl/pelvis_l_ctl/leg_l_root","cat":"step","ph":"X","ts":137020,"dur":1,"pid":1,"tid":0},
{"name":"ComposeSubtree /Biped/Rig/Controls/hips_ctl/spine_root_pivot/spine_root_ctl/pelvis_r_ctl/leg_r_root/leg_r_fk_thigh_r_bind/leg_r_fk_knee_r_bind","cat":"step","ph":"X","ts":137021,"dur":1,"pid":1,"tid":0},
{"name":"ComposeSubtree /Biped/Rig/Controls/hips_ctl/torso_ctl/spine_end_pivot/spine_end_ctl/clavicle_l_ctl/arm_l_root","cat":"step","ph":"X","ts":137022,"dur":1,"pid":1,"tid":0},
{"name":"ComposeSubtree /Biped/Rig/Controls/hips_ctl/torso_ctl/spine_end_pivot/spine_end_ctl/neck_root_ctl","cat":"step","ph":"X","ts":137023,"dur":1,"pid":1,"tid":0},
{"name":"ComposeSubtree /Biped/Rig/Controls/index_001_l_bind_fk_follow/index_001_l_bind_fk/index_002_l_bind_fk/index_003_l_bind_fk","cat":"step","ph":"X","ts":137024,"dur":1,"pid":1,"tid":0},
{"name":"ComposeSubtree /Biped/Rig/Controls/leg_l_ik","cat":"step","ph":"X","ts":137025,"dur":1,"pid":1,"tid":0},
{"name":"ComposeSubtree /Biped/Rig/Controls/leg_l_ik/ankle_l_pivot/bankIn_l_pivot/bankOut_l_pivot/heel_l_roll/heel_l/ball_l_pivot/toe_l_roll/toe_l","cat":"step","ph":"X","ts":137026,"dur":1,"pid":1,"tid":0},
{"name":"ComposeSubtree /Biped/Rig/Controls/leg_l_ik/ankle_l_pivot/bankIn_l_pivot/bankOut_l_pivot/heel_l_roll/heel_l/ball_l_pivot/toe_l_roll/toe_l/ballRoll_l_up/ballRoll_l_down_twin","cat":"step","ph":"X","ts":137027,"dur":1,"pid":1,"tid":0},
{"name":"ComposeSubtree /Biped/Rig/Controls/leg_l_ik/ankle_l_pivot/bankIn_l_pivot/bankOut_l_pivot_twin","cat":"step","ph":"X","ts":137028,"dur":1,"pid":1,"tid":0},
{"name":"ComposeSubtree /Biped/Rig/Controls/leg_r_ik/ankle_r_pivot/bankIn_r_pivot/bankOut_r_pivot","cat":"step","ph":"X","ts":137029,"dur":1,"pid":1,"tid":0},
{"name":"ComposeSubtree /Biped/Rig/Controls/leg_r_ik/ankle_r_pivot/bankIn_r_pivot/bankOut_r_pivot/heel_r_roll/heel_r/ball_r_pivot/toe_r_roll/toe_r/ballRoll_r_up/ballRoll_r_down/ballRoll_r","cat":"step","ph":"X","ts":137030,"dur":1,"pid":1,"tid":0},
{"name":"ComposeSubtree /Biped/Rig/Controls/leg_r_ik/ankle_r_pivot/bankIn_r_pivot/bankOut_r_pivot/heel_r_roll/heel_r/ball_r_pivot/toe_r_roll/toe_r/toeBend_r/toeBend_r_fk","cat":"step","ph":"X","ts":137031,"dur":1,"pid":1,"tid":0},
{"name":"ComposeSubtree /Biped/Rig/Controls/leg_r_ik/ankle_r_pivot/bank_r","cat":"step","ph":"X","ts":137032,"dur":1,"pid":1,"tid":0},
{"name":"ComposeSubtree /Biped/Rig/Controls/middle_001_r_bind_fk_follow","cat":"step","ph":"X","ts":137033,"dur":1,"pid":1,"tid":0},
{"name":"ComposeSubtree /Biped/Rig/Controls/pinkyCup_l_bind_fk_follow/pinkyCup_l_bind_fk/pinky_001_l_bind_fk","cat":"step","ph":"X","ts":137034,"dur":1,"pid":1,"tid":0},
{"name":"ComposeSubtree /Biped/Rig/Controls/pinkyCup_r_bind_fk_follow/pinkyCup_r_bind_fk/pinky_001_r_bind_fk/pinky_002_r_bind_fk/pinky_003_r_bind_fk","cat":"step","ph":"X","ts":137035,"dur":1,"pid":1,"tid":0},
{"name":"ComposeSubtree /Biped/Rig/Controls/ring_001_r_bind_fk_follow/ring_001_r_bind_fk/ring_002_r_bind_fk","cat":"step","ph":"X","ts":137036,"dur":1,"pid":1,"tid":0},
{"name":"ComposeSubtree /Biped/Rig/Controls/thumbCup_l_bind_fk_follow/thumbCup_l_bind_fk/thumb_001_l_bind_fk/thumb_002_l_bind_fk","cat":"step","ph":"X","ts":137037,"dur":1,"pid":1,"tid":0},
{"name":"ComposeSubtree /Biped/Rig/Joints/ankle_l_pivot","cat":"step","ph":"X","ts":137038,"dur":1,"pid":1,"tid":0},
{"name":"ComposeSubtree /Biped/Rig/Joints/ankle_r_pivot","cat":"step","ph":"X","ts":137039,"dur":1,"pid":1,"tid":0},
{"name":"ComposeSubtree /Biped/Rig/Joints/hips_bind","cat":"step","ph":"X","ts":137040,"dur":1,"pid":1,"tid":0},
{"name":"ComposeSubtree /Biped/Rig/Joints/hips_bind/pelvis_l_bind/thigh_l_bind","cat":"step","ph":"X","ts":137041,"dur":1,"pid":1,"tid":0},
{"name":"ComposeSubtree /Biped/Rig/Joints/hips_bind/pelvis_l_bind/thigh_l_bind/knee_l_bind/ankle_l_bind/ball_l_bind/toe1_001_l_bind/toe1_002_l_bind","cat":"step","ph":"X","ts":137042,"dur":1,"pid":1,"tid":0},
{"name":"ComposeSubtree /Biped/Rig/Joints/hips_bind/pelvis_l_bind/thigh_l_bind/knee_l_bind/ankle_l_bind/ball_l_bind/toe3_001_l_bind","cat":"step","ph":"X","ts":137043,"dur":1,"pid":1,"tid":0},
{"name":"ComposeSubtree /Biped/Rig/Joints/hips_bind/pelvis_l_bind/thigh_l_bind/knee_l_bind/ankle_l_bind/ball_l_bind/toe5_001_l_bind","cat":"step","ph":"X","ts":137044,"dur":1,"pid":1,"tid":0},
{"name":"ComposeSubtree /Biped/Rig/Joints/hips_bind/pelvis_r_bind/pelvis_trans_r_bind","cat":"step","ph":"X","ts":137045,"dur":1,"pid":1,"tid":0},
{"name":"ComposeSubtree /Biped/Rig/Joints/hips_bind/pelvis_r_bind/thigh_r_bind/knee_r_bind/ankleTwist_r_bind","cat":"step","ph":"X","ts":137046,"dur":1,"pid":1,"tid":0},
{"name":"ComposeSubtree /Biped/Rig/Joints/hips_bind/pelvis_r_bind/thigh_r_bind/knee_r_bind/ankle_r_bind/ball_r_bind/toe1_001_r_bind/toe1_002_r_bind/toe1_003_r_bind","cat":"step","ph":"X","ts":137047,"dur":1,"pid":1,"tid":0},
{"name":"ComposeSubtree /Biped/Rig/Joints/hips_bind/pelvis_r_bind/thigh_r_bind/knee_r_bind/ankle_r_bind/ball_r_bind/toe4_001_r_bind","cat":"step","ph":"X","ts":137048,"dur":1,"pid":1,"tid":0},
{"name":"ComposeSubtree /Biped/Rig/Joints/hips_bind/pelvis_r_bind/thigh_r_bind/knee_r_bind/ankle_r_bind/ball_r_bind/toe5_001_r_bind/toe5_002_r_bind/toe5_003_r_bind","cat":"step","ph":"X","ts":137049,"dur":1,"pid":1,"tid":0},
{"name":"ComposeSubtree /Biped/Rig/Joints/hips_bind/spine_0_bind/spine_1_bind/spine_2_bind/spine_3_bind/spine_4_bind","cat":"step","ph":"X","ts":137050,"dur":1,"pid":1,"tid":0},
{"name":"ComposeSubtree /Biped/Rig/Joints/hips_bind/spine_0_bind/spine_1_bind/spine_2_bind/spine_3_bind/spine_4_bind/spine_5_bind/chest_bind/clavicle_l_bind/shoulderNoTwist_l_bind","cat":"step","ph":"X","ts":137051,"dur":1,"pid":1,"tid":0},
{"name":"ComposeSubtree /Biped/Rig/Joints/hips_bind/spine_0_bind/spine_1_bind/spine_2_bind/spine_3_bind/spine_4_bind/spine_5_bind/chest_bind/clavicle_l_bind/shoulder_l_bind/elbow_l_bind/wristTwist_l_driver","cat":"step","ph":"X","ts":137052,"dur":1,"pid":1,"tid":0},
{"name":"ComposeSubtree /Biped/Rig/Joints/hips_bind/spine_0_bind/spine_1_bind/spine_2_bind/spine_3_bind/spine_4_bind/spine_5_bind/chest_bind/clavicle_l_bind/shoulder_l_bind/elbow_l_bind/wrist_l_bind/middle_001_l_bind","cat":"step","ph":"X","ts":137053,"dur":1,"pid":1,"tid":0},
{"name":"ComposeSubtree /Biped/Rig/Joints/hips_bind/spine_0_bind/spine_1_bind/spine_2_bind/spine_3_bind/spine_4_bind/spine_5_bind/chest_bind/clavicle_l_bind/shoulder_l_bind/elbow_l_bind/wrist_l_bind/pinkyCup_l_bind/pinky_001_l_bind/pinky_002_combo_l_driver","cat":"step","ph":"X","ts":137054,"dur":1,"pid":1,"tid":0},
{"name":"ComposeSubtree /Biped/Rig/Joints/hips_bind/spine_0_bind/spine_1_bind/spine_2_bind/spine_3_bind/spine_4_bind/spine_5_bind/chest_bind/clavicle_l_bind/shoulder_l_bind/elbow_l_bind/wrist_l_bind/ring_001_l_bind/ring_002_l_bind","cat":"step","ph":"X","ts":137055,"dur":1,"pid":1,"tid":0},
{"name":"ComposeSubtree /Biped/Rig/Joints/hips_bind/spine_0_bind/spine_1_bind/spine_2_bind/spine_3_bind/spine_4_bind/spine_5_bind/chest_bind/clavicle_r_bind","cat":"step","ph":"X","ts":137056,"dur":1,"pid":1,"tid":0},
{"name":"ComposeSubtree /Biped/Rig/Joints/hips_bind/spine_0_bind/spine_1_bind/spine_2_bind/spine_3_bind/spine_4_bind/spine_5_bind/chest_bind/clavicle_r_bind/shoulder_r_bind","cat":"step","ph":"X","ts":137057,"dur":1,"pid":1,"tid":0},
{"name":"ComposeSubtree /Biped/Rig/Joints/hips_bind/spine_0_bind/spine_1_bind/spine_2_bind/spine_3_bind/spine_4_bind/spine_5_bind/chest_bind/clavicle_r_bind/shoulder_r_bind/elbow_r_bind/wrist_r_bind/index_001_r_bind/index_002_r_bind","cat":"step","ph":"X","ts":137058,"dur":1,"pid":1,"tid":0},
{"name":"ComposeSubtree /Biped/Rig/Joints/hips_bind/spine_0_bind/spine_1_bind/spine_2_bind/spine_3_bind/spine_4_bind/spine_5_bind/chest_bind/clavicle_r_bind/shoulder_r_bind/elbow_r_bind/wrist_r_bind/middle_001_r_bind/middle_002_r_bind/middle_003_r_bind/middle_004_r_bind","cat":"step","ph":"X","ts":137059,"dur":1,"pid":1,"tid":0},
{"name":"ComposeSubtree /Biped/Rig/Joints/hips_bind/spine_0_bind/spine_1_bind/spine_2_bind/spine_3_bind/spine_4_bind/spine_5_bind/chest_bind/clavicle_r_bind/shoulder_r_bind/elbow_r_bind/wrist_r_bind/pinkyCup_r_bind/pinky_001_r_bind/pinky_002_r_bind/pinky_003_r_bind/pinky_004_r_bind","cat":"step","ph":"X","ts":137060,"dur":1,"pid":1,"tid":0},
{"name":"ComposeSubtree /Biped/Rig/Joints/hips_bind/spine_0_bind/spine_1_bind/spine_2_bind/spine_3_bind/spine_4_bind/spine_5_bind/chest_bind/clavicle_r_bind/shoulder_r_bind/elbow_r_bind/wrist_r_bind/thumbCup_r_bind","cat":"step","ph":"X","ts":137061,"dur":1,"pid":1,"tid":0},
{"name":"ComposeSubtree /Biped/Rig/Joints/hips_bind/spine_0_bind/spine_1_bind/spine_2_bind/spine_3_bind/spine_4_bind/spine_5_bind/chest_bind/neck_base_bind/neck_0_bind/neck_1_bind/neck_2_bind/neck_3_bind","cat":"step","ph":"X","ts":137062,"dur":1,"pid":1,"tid":0},
{"name":"ComposeSubtree /Biped/Rig/Joints/hips_bind/spine_0_bind/spine_1_bind/spine_2_bind/spine_3_bind/spine_4_bind/spine_5_bind/chest_bind/neck_base_bind/neck_0_bind/neck_1_bind/neck_2_bind/neck_3_bind/skull_bind/face_lower_bind/face_mid_bind/teeth_upper_bind","cat":"step","ph":"X","ts":137063,"dur":1,"pid":1,"tid":0},
{"name":"ComposeSubtree /Biped/Rig/Joints/hips_bind/spine_0_bind/spine_1_bind/spine_2_bind/spine_3_bind/spine_4_bind/spine_5_bind/chest_bind/neck_base_bind/neck_0_bind/neck_1_bind/neck_2_bind/neck_3_bind/skull_bind/face_upper_bind","cat":"step","ph":"X","ts":137064,"dur":1,"pid":1,"tid":0},
{"name":"ComposeSubtree /Biped/Rig/Joints/hips_bind/spine_0_bind/spine_1_bind/spine_2_bind/spine_3_bind/spine_4_bind/spine_5_bind/chest_bind/neck_base_bind/neck_0_bind/neck_1_bind/neck_2_bind/neck_3_bind/skull_bind/face_upper_bind/head_tip_bind/brow_inner_r_bind","cat":"step","ph":"X","ts":137065,"dur":1,"pid":1,"tid":0},
{"name":"ComposeSubtree /Biped/Rig/Joints/neck_ik_neck_0_bind/neck_ik_neck_1_bind/neck_ik_neck_2_bind/neck_ik_neck_3_bind","cat":"step","ph":"X","ts":137066,"dur":1,"pid":1,"tid":0},
{"name":"Solve /Biped/Rig/Solvers/arm_l_fkChain","cat":"step","ph":"X","ts":137067,"dur":2,"pid":1,"tid":0},
{"name":"SolverCommit batch 1","cat":"step","ph":"X","ts":137069,"dur":1,"pid":1,"tid":0},
{"name":"Solve /Biped/Rig/Solvers/leg_l_fkChain","cat":"step","ph":"X","ts":137070,"dur":1,"pid":1,"tid":0},
{"name":"Solve /Biped/Rig/Solvers/neck_splineIk","cat":"step","ph":"X","ts":137071,"dur":8,"pid":1,"tid":0},
{"name":"Solve /Biped/Rig/Solvers/spine_splineIk","cat":"step","ph":"X","ts":137079,"dur":7,"pid":1,"tid":0},
{"name":"SolverCommit batch 7","cat":"step","ph":"X","ts":137086,"dur":1,"pid":1,"tid":0},
{"name":"SolverCommit batch 8","cat":"step","ph":"X","ts":137087,"dur":2,"pid":1,"tid":0},
{"name":"SolverCommit batch 9","cat":"step","ph":"X","ts":137089,"dur":1,"pid":1,"tid":0},
{"name":"Constraint /Biped/Rig/Movers/spine_mid_follow/spine_mid_follow_pos","cat":"step","ph":"X","ts":137090,"dur":5,"pid":1,"tid":0},
{"name":"Solve /Biped/Rig/Solvers/fk_thumb_r","cat":"step","ph":"X","ts":137095,"dur":1,"pid":1,"tid":0},
{"name":"SolverCommit batch 11","cat":"step","ph":"X","ts":137096,"dur":1,"pid":1,"tid":0},
{"name":"Solve /Biped/Rig/Solvers/fk_ring_r","cat":"step","ph":"X","ts":137097,"dur":1,"pid":1,"tid":0},
{"name":"Solve /Biped/Rig/Solvers/fk_pinky_r","cat":"step","ph":"X","ts":137098,"dur":1,"pid":1,"tid":0},
{"name":"SolverCommit batch 13","cat":"step","ph":"X","ts":137099,"dur":1,"pid":1,"tid":0},
{"name":"Solve /Biped/Rig/Solvers/fk_middle_r","cat":"step","ph":"X","ts":137100,"dur":1,"pid":1,"tid":0},
{"name":"Solve /Biped/Rig/Solvers/fk_index_r","cat":"step","ph":"X","ts":137101,"dur":1,"pid":1,"tid":0},
{"name":"SolverCommit batch 15","cat":"step","ph":"X","ts":137102,"dur":1,"pid":1,"tid":0},
{"name":"SolverCommit batch 16","cat":"step","ph":"X","ts":137103,"dur":1,"pid":1,"tid":0},
{"name":"SolverCommit batch 17","cat":"step","ph":"X","ts":137104,"dur":1,"pid":1,"tid":0},
{"name":"Solve /Biped/Rig/Solvers/fk_pinky_l","cat":"step","ph":"X","ts":137105,"dur":1,"pid":1,"tid":0},
{"name":"Solve /Biped/Rig/Solvers/fk_middle_l","cat":"step","ph":"X","ts":137106,"dur":1,"pid":1,"tid":0},
{"name":"Solve /Biped/Rig/Solvers/fk_index_l","cat":"step","ph":"X","ts":137107,"dur":1,"pid":1,"tid":0},
{"name":"Constraint /Biped/Rig/Movers/spine_mid_follow/spine_mid_follow_aim","cat":"step","ph":"X","ts":137108,"dur":3,"pid":1,"tid":0},
{"name":"Constraint /Biped/Rig/Movers/hand_r_follow/thumbCup_r_bind_fk_follow_to_wrist_r_bind","cat":"step","ph":"X","ts":137111,"dur":3,"pid":1,"tid":0},
{"name":"Constraint /Biped/Rig/Movers/hand_r_follow/ring_001_r_bind_fk_follow_to_wrist_r_bind","cat":"step","ph":"X","ts":137114,"dur":2,"pid":1,"tid":0},
{"name":"Constraint /Biped/Rig/Movers/hand_r_follow/pinkyCup_r_bind_fk_follow_to_wrist_r_bind","cat":"step","ph":"X","ts":137116,"dur":3,"pid":1,"tid":0},
{"name":"Constraint /Biped/Rig/Movers/hand_r_follow/middle_001_r_bind_fk_follow_to_wrist_r_bind","cat":"step","ph":"X","ts":137119,"dur":2,"pid":1,"tid":0},
{"name":"Constraint /Biped/Rig/Movers/hand_r_follow/index_001_r_bind_fk_follow_to_wrist_r_bind","cat":"step","ph":"X","ts":137121,"dur":3,"pid":1,"tid":0},
{"name":"Constraint /Biped/Rig/Movers/hand_l_follow/thumbCup_l_bind_fk_follow_to_wrist_l_bind","cat":"step","ph":"X","ts":137124,"dur":2,"pid":1,"tid":0},
{"name":"Constraint /Biped/Rig/Movers/hand_l_follow/ring_001_l_bind_fk_follow_to_wrist_l_bind","cat":"step","ph":"X","ts":137126,"dur":3,"pid":1,"tid":0},
{"name":"Constraint /Biped/Rig/Movers/hand_l_follow/pinkyCup_l_bind_fk_follow_to_wrist_l_bind","cat":"step","ph":"X","ts":137129,"dur":2,"pid":1,"tid":0},
{"name":"Constraint /Biped/Rig/Movers/hand_l_follow/middle_001_l_bind_fk_follow_to_wrist_l_bind","cat":"step","ph":"X","ts":137131,"dur":2,"pid":1,"tid":0},
{"name":"Constraint /Biped/Rig/Movers/hand_l_follow/index_001_l_bind_fk_follow_to_wrist_l_bind","cat":"step","ph":"X","ts":137133,"dur":2,"pid":1,"tid":0},
{"name":"Constraint /Biped/Rig/Movers/bankIn_r_pivot_rc/bankIn_r_pivot_rotation","cat":"step","ph":"X","ts":137135,"dur":1,"pid":1,"tid":0},
{"name":"Constraint /Biped/Rig/Movers/heel_r_roll_rc/heel_r_roll_rotation","cat":"step","ph":"X","ts":137136,"dur":1,"pid":1,"tid":0},
{"name":"Constraint /Biped/Rig/Movers/ballRoll_r_up_rc/ballRoll_r_up_rotation","cat":"step","ph":"X","ts":137137,"dur":1,"pid":1,"tid":0},
{"name":"Solve /Biped/Rig/Solvers/leg_r_ikfk","cat":"step","ph":"X","ts":137138,"dur":1,"pid":1,"tid":0},
{"name":"SolverCommit batch 39","cat":"step","ph":"X","ts":137139,"dur":4,"pid":1,"tid":0},
{"name":"Constraint /Biped/Rig/Movers/ankle_r_bind_scAim/ankle_r_bind_aim","cat":"step","ph":"X","ts":137143,"dur":4,"pid":1,"tid":0},
{"name":"Constraint /Biped/Rig/Movers/ball_r_bind_scAim/ball_r_bind_aim","cat":"step","ph":"X","ts":137147,"dur":3,"pid":1,"tid":0},
{"name":"Constraint /Biped/Rig/Movers/bankOut_l_pivot_rc/bankOut_l_pivot_rotation","cat":"step","ph":"X","ts":137150,"dur":1,"pid":1,"tid":0},
{"name":"Constraint /Biped/Rig/Movers/ballRoll_l_up_rc/ballRoll_l_up_rotation","cat":"step","ph":"X","ts":137151,"dur":1,"pid":1,"tid":0},
{"name":"Solve /Biped/Rig/Solvers/leg_l_ikfk","cat":"step","ph":"X","ts":137152,"dur":1,"pid":1,"tid":0},
{"name":"SolverCommit batch 49","cat":"step","ph":"X","ts":137153,"dur":3,"pid":1,"tid":0},
{"name":"Constraint /Biped/Rig/Movers/ankle_l_bind_scAim/ankle_l_bind_aim","cat":"step","ph":"X","ts":137156,"dur":4,"pid":1,"tid":0},
{"name":"Constraint /Biped/Rig/Movers/ball_l_bind_scAim/ball_l_bind_aim","cat":"step","ph":"X","ts":137160,"dur":2,"pid":1,"tid":0},
{"name":"Constraint /Biped/Rig/Movers/hips_follow/spine_root_ctl_drives_hips_bind","cat":"step","ph":"X","ts":137162,"dur":2,"pid":1,"tid":0},
{"name":"PropagateChunk /Biped/Rig/Movers/hips_follow/spine_root_ctl_drives_hips_bind","cat":"step","ph":"X","ts":137164,"dur":4,"pid":1,"tid":0},
{"name":"PropagateChunk /Biped/Rig/Movers/hips_follow/spine_root_ctl_drives_hips_bind","cat":"step","ph":"X","ts":137168,"dur":1,"pid":1,"tid":0},
{"name":"Constraint /Biped/Rig/Movers/hips_follow/spine_root_ctl_scales_hips_bind","cat":"step","ph":"X","ts":137169,"dur":1,"pid":1,"tid":0},
{"name":"PropagateChunk /Biped/Rig/Movers/hips_follow/spine_root_ctl_scales_hips_bind","cat":"step","ph":"X","ts":137170,"dur":4,"pid":1,"tid":0},
{"name":"PropagateChunk /Biped/Rig/Movers/hips_follow/spine_root_ctl_scales_hips_bind","cat":"step","ph":"X","ts":137174,"dur":1,"pid":1,"tid":0},
{"name":"Constraint /Biped/Rig/Movers/spine_to_bind/spine_ik_spine_0_bind_scale_to_spine_0_bind","cat":"step","ph":"X","ts":137175,"dur":4,"pid":1,"tid":0},
{"name":"Constraint /Biped/Rig/Movers/spine_to_bind/spine_ik_spine_0_bind_to_spine_0_bind","cat":"step","ph":"X","ts":137179,"dur":6,"pid":1,"tid":0},
{"name":"Constraint /Biped/Rig/Movers/spine_to_bind/spine_ik_spine_1_bind_scale_to_spine_1_bind","cat":"step","ph":"X","ts":137185,"dur":4,"pid":1,"tid":0},
{"name":"Constraint /Biped/Rig/Movers/spine_to_bind/spine_ik_spine_1_bind_to_spine_1_bind","cat":"step","ph":"X","ts":137189,"dur":5,"pid":1,"tid":0},
{"name":"Constraint /Biped/Rig/Movers/spine_to_bind/spine_ik_spine_2_bind_scale_to_spine_2_bind","cat":"step","ph":"X","ts":137194,"dur":4,"pid":1,"tid":0},
{"name":"Constraint /Biped/Rig/Movers/spine_to_bind/spine_ik_spine_2_bind_to_spine_2_bind","cat":"step","ph":"X","ts":137198,"dur":5,"pid":1,"tid":0},
{"name":"Constraint /Biped/Rig/Movers/spine_to_bind/spine_ik_spine_3_bind_scale_to_spine_3_bind","cat":"step","ph":"X","ts":137203,"dur":4,"pid":1,"tid":0},
{"name":"Constraint /Biped/Rig/Movers/spine_to_bind/spine_ik_spine_3_bind_to_spine_3_bind","cat":"step","ph":"X","ts":137207,"dur":4,"pid":1,"tid":0},
{"name":"Constraint /Biped/Rig/Movers/spine_to_bind/spine_ik_spine_4_bind_scale_to_spine_4_bind","cat":"step","ph":"X","ts":137211,"dur":4,"pid":1,"tid":0},
{"name":"Constraint /Biped/Rig/Movers/spine_to_bind/spine_ik_spine_4_bind_to_spine_4_bind","cat":"step","ph":"X","ts":137215,"dur":5,"pid":1,"tid":0},
{"name":"Constraint /Biped/Rig/Movers/spine_to_bind/spine_ik_spine_5_bind_scale_to_spine_5_bind","cat":"step","ph":"X","ts":137220,"dur":4,"pid":1,"tid":0},
{"name":"Constraint /Biped/Rig/Movers/spine_to_bind/spine_ik_spine_5_bind_to_spine_5_bind","cat":"step","ph":"X","ts":137224,"dur":4,"pid":1,"tid":0},
{"name":"Constraint /Biped/Rig/Movers/spine_to_bind/spine_ik_chest_bind_scale_to_chest_bind","cat":"step","ph":"X","ts":137228,"dur":4,"pid":1,"tid":0},
{"name":"Constraint /Biped/Rig/Movers/spine_to_bind/spine_ik_chest_bind_to_chest_bind","cat":"step","ph":"X","ts":137232,"dur":4,"pid":1,"tid":0},
{"name":"Constraint /Biped/Rig/Movers/girdles/spine_end_ctl_drives_chest_bind","cat":"step","ph":"X","ts":137236,"dur":5,"pid":1,"tid":0},
{"name":"Constraint /Biped/Rig/Movers/girdles/pelvis_r_ctl_drives_pelvis_r_bind","cat":"step","ph":"X","ts":137241,"dur":1,"pid":1,"tid":0},
{"name":"Constraint /Biped/Rig/Movers/girdles/clavicle_r_ctl_drives_clavicle_r_bind","cat":"step","ph":"X","ts":137242,"dur":1,"pid":1,"tid":0},
{"name":"Constraint /Biped/Rig/Movers/girdles/clavicle_l_ctl_drives_clavicle_l_bind","cat":"step","ph":"X","ts":137243,"dur":1,"pid":1,"tid":0},
{"name":"Constraint /Biped/Rig/Movers/girdles/spine_end_ctl_unsquashes_neck_base_bind","cat":"step","ph":"X","ts":137244,"dur":3,"pid":1,"tid":0},
{"name":"Constraint /Biped/Rig/Movers/girdles/clavicle_r_ctl_unsquashes_clavicle_r_bind","cat":"step","ph":"X","ts":137247,"dur":1,"pid":1,"tid":0},
{"name":"Constraint /Biped/Rig/Movers/girdles/clavicle_l_ctl_unsquashes_clavicle_l_bind","cat":"step","ph":"X","ts":137248,"dur":2,"pid":1,"tid":0},
{"name":"Constraint /Biped/Rig/Movers/neck_to_bind/neck_ik_neck_0_bind_scale_to_neck_0_bind","cat":"step","ph":"X","ts":137250,"dur":3,"pid":1,"tid":0},
{"name":"Constraint /Biped/Rig/Movers/neck_to_bind/neck_ik_neck_0_bind_to_neck_0_bind","cat":"step","ph":"X","ts":137253,"dur":3,"pid":1,"tid":0},
{"name":"Constraint /Biped/Rig/Movers/neck_to_bind/neck_ik_neck_1_bind_scale_to_neck_1_bind","cat":"step","ph":"X","ts":137256,"dur":3,"pid":1,"tid":0},
{"name":"Constraint /Biped/Rig/Movers/neck_to_bind/neck_ik_neck_1_bind_to_neck_1_bind","cat":"step","ph":"X","ts":137259,"dur":3,"pid":1,"tid":0},
{"name":"Constraint /Biped/Rig/Movers/neck_to_bind/neck_ik_neck_2_bind_scale_to_neck_2_bind","cat":"step","ph":"X","ts":137262,"dur":3,"pid":1,"tid":0},
{"name":"Constraint /Biped/Rig/Movers/neck_to_bind/neck_ik_neck_2_bind_to_neck_2_bind","cat":"step","ph":"X","ts":137265,"dur":4,"pid":1,"tid":0},
{"name":"Constraint /Biped/Rig/Movers/neck_to_bind/neck_ik_neck_3_bind_scale_to_neck_3_bind","cat":"step","ph":"X","ts":137269,"dur":2,"pid":1,"tid":0},
{"name":"Constraint /Biped/Rig/Movers/neck_to_bind/neck_ik_neck_3_bind_to_neck_3_bind","cat":"step","ph":"X","ts":137271,"dur":3,"pid":1,"tid":0},
{"name":"Constraint /Biped/Rig/Movers/neck_to_bind/neck_ik_skull_bind_scale_to_skull_bind","cat":"step","ph":"X","ts":137274,"dur":3,"pid":1,"tid":0},
{"name":"Constraint /Biped/Rig/Movers/neck_to_bind/neck_ik_skull_bind_to_skull_bind","cat":"step","ph":"X","ts":137277,"dur":3,"pid":1,"tid":0},
{"name":"Constraint /Biped/Rig/Movers/twist_aims/wristTwist_r_bind_copy","cat":"step","ph":"X","ts":137280,"dur":2,"pid":1,"tid":0},
{"name":"Constraint /Biped/Rig/Movers/twist_aims/wristTwist_r_bind_aim","cat":"step","ph":"X","ts":137282,"dur":2,"pid":1,"tid":0},
{"name":"Constraint /Biped/Rig/Movers/twist_aims/wristTwist_l_bind_copy","cat":"step","ph":"X","ts":137284,"dur":2,"pid":1,"tid":0},
{"name":"Constraint /Biped/Rig/Movers/twist_aims/wristTwist_l_bind_aim","cat":"step","ph":"X","ts":137286,"dur":1,"pid":1,"tid":0},
{"name":"Constraint /Biped/Rig/Movers/twist_aims/ankleTwist_r_bind_copy","cat":"step","ph":"X","ts":137287,"dur":2,"pid":1,"tid":0},
{"name":"Constraint /Biped/Rig/Movers/twist_aims/ankleTwist_r_bind_aim","cat":"step","ph":"X","ts":137289,"dur":1,"pid":1,"tid":0},
{"name":"Constraint /Biped/Rig/Movers/twist_aims/ankleTwist_l_bind_copy","cat":"step","ph":"X","ts":137290,"dur":2,"pid":1,"tid":0},
{"name":"Constraint /Biped/Rig/Movers/twist_aims/ankleTwist_l_bind_aim","cat":"step","ph":"X","ts":137292,"dur":1,"pid":1,"tid":0},
{"name":"Constraint /Biped/Rig/Movers/twist_aims/ankleTwist_r_bind_follows_ankle_r_bind","cat":"step","ph":"X","ts":137293,"dur":1,"pid":1,"tid":0},
{"name":"Constraint /Biped/Rig/Movers/twist_aims/wristTwist_r_bind_follows_wrist_r_bind","cat":"step","ph":"X","ts":137294,"dur":1,"pid":1,"tid":0},
{"name":"Constraint /Biped/Rig/Movers/twist_aims/thighNoTwist_r_bind_follows_thigh_r_bind","cat":"step","ph":"X","ts":137295,"dur":1,"pid":1,"tid":0},
{"name":"Constraint /Biped/Rig/Movers/twist_aims/shoulderNoTwist_l_bind_follows_shoulder_l_bind","cat":"step","ph":"X","ts":137296,"dur":1,"pid":1,"tid":0},
{"name":"Constraint /Biped/Rig/Movers/twist_aims/pelvis_trans_l_bind_follows_thigh_l_bind","cat":"step","ph":"X","ts":137297,"dur":1,"pid":1,"tid":0},
{"name":"Constraint /Biped/Rig/Movers/twist_aims/clavicle_trans_l_bind_follows_shoulder_l_bind","cat":"step","ph":"X","ts":137298,"dur":1,"pid":1,"tid":0},
{"name":"Constraint /Biped/Rig/Movers/twist_aims/pelvis_trans_r_bind_aim","cat":"step","ph":"X","ts":137299,"dur":2,"pid":1,"tid":0},
{"name":"Constraint /Biped/Rig/Movers/twist_aims/pelvis_trans_l_bind_aim","cat":"step","ph":"X","ts":137301,"dur":1,"pid":1,"tid":0},
{"name":"Constraint /Biped/Rig/Movers/twist_aims/kneeTwist_r_bind_aim","cat":"step","ph":"X","ts":137302,"dur":2,"pid":1,"tid":0},
{"name":"Constraint /Biped/Rig/Movers/twist_aims/kneeTwist_l_bind_aim","cat":"step","ph":"X","ts":137304,"dur":1,"pid":1,"tid":0},
{"name":"Constraint /Biped/Rig/Movers/twist_aims/thighNoTwist_r_bind_aim","cat":"step","ph":"X","ts":137305,"dur":2,"pid":1,"tid":0},
{"name":"Constraint /Biped/Rig/Movers/twist_aims/thighNoTwist_l_bind_aim","cat":"step","ph":"X","ts":137307,"dur":1,"pid":1,"tid":0},
{"name":"Constraint /Biped/Rig/Movers/twist_aims/clavicle_trans_r_bind_aim","cat":"step","ph":"X","ts":137308,"dur":2,"pid":1,"tid":0},
{"name":"Constraint /Biped/Rig/Movers/twist_aims/clavicle_trans_l_bind_aim","cat":"step","ph":"X","ts":137310,"dur":2,"pid":1,"tid":0},
{"name":"Constraint /Biped/Rig/Movers/twist_aims/elbowTwist_r_bind_aim","cat":"step","ph":"X","ts":137312,"dur":1,"pid":1,"tid":0},
{"name":"Constraint /Biped/Rig/Movers/twist_aims/elbowTwist_l_bind_aim","cat":"step","ph":"X","ts":137313,"dur":2,"pid":1,"tid":0},
{"name":"Constraint /Biped/Rig/Movers/twist_aims/shoulderNoTwist_r_bind_aim","cat":"step","ph":"X","ts":137315,"dur":1,"pid":1,"tid":0},
{"name":"Constraint /Biped/Rig/Movers/twist_aims/shoulderNoTwist_l_bind_aim","cat":"step","ph":"X","ts":137316,"dur":2,"pid":1,"tid":0},
{"name":"Constraint /Biped/Rig/Movers/pose_drivers/thigh_r_driver_copies_thigh_r_bind","cat":"step","ph":"X","ts":137318,"dur":2,"pid":1,"tid":0},
{"name":"Constraint /Biped/Rig/Movers/pose_drivers/thigh_l_driver_copies_thigh_l_bind","cat":"step","ph":"X","ts":137320,"dur":2,"pid":1,"tid":0},
{"name":"Constraint /Biped/Rig/Movers/pose_drivers/thigh_r_twist_driver_copies_thighNoTwist_r_bind","cat":"step","ph":"X","ts":137322,"dur":2,"pid":1,"tid":0},
{"name":"Constraint /Biped/Rig/Movers/pose_drivers/thigh_l_twist_driver_copies_thighNoTwist_l_bind","cat":"step","ph":"X","ts":137324,"dur":2,"pid":1,"tid":0},
{"name":"Constraint /Biped/Rig/Movers/pose_drivers/ankleTwist_r_driver_copies_ankleTwist_r_bind","cat":"step","ph":"X","ts":137326,"dur":1,"pid":1,"tid":0},
{"name":"Constraint /Biped/Rig/Movers/pose_drivers/ankleTwist_l_driver_copies_ankleTwist_l_bind","cat":"step","ph":"X","ts":137327,"dur":2,"pid":1,"tid":0},
{"name":"Constraint /Biped/Rig/Movers/pose_drivers/toe_r_driver_copies_ball_r_bind","cat":"step","ph":"X","ts":137329,"dur":2,"pid":1,"tid":0},
{"name":"Constraint /Biped/Rig/Movers/pose_drivers/toe_l_driver_copies_ball_l_bind","cat":"step","ph":"X","ts":137331,"dur":2,"pid":1,"tid":0},
{"name":"Constraint /Biped/Rig/Movers/pose_drivers/knee_r_driver_copies_knee_r_bind","cat":"step","ph":"X","ts":137333,"dur":2,"pid":1,"tid":0},
{"name":"Constraint /Biped/Rig/Movers/pose_drivers/knee_l_driver_copies_knee_l_bind","cat":"step","ph":"X","ts":137335,"dur":2,"pid":1,"tid":0},
{"name":"Constraint /Biped/Rig/Movers/pose_drivers/ankleSwing_r_driver_copies_ankle_r_bind","cat":"step","ph":"X","ts":137337,"dur":2,"pid":1,"tid":0},
{"name":"Constraint /Biped/Rig/Movers/pose_drivers/ankleSwing_l_driver_copies_ankle_l_bind","cat":"step","ph":"X","ts":137339,"dur":1,"pid":1,"tid":0},
{"name":"Constraint /Biped/Rig/Movers/pose_drivers/shoulder_r_driver_copies_shoulder_r_bind","cat":"step","ph":"X","ts":137340,"dur":3,"pid":1,"tid":0},
{"name":"Constraint /Biped/Rig/Movers/pose_drivers/shoulder_l_driver_copies_shoulder_l_bind","cat":"step","ph":"X","ts":137343,"dur":2,"pid":1,"tid":0},
{"name":"Constraint /Biped/Rig/Movers/pose_drivers/wristTwist_r_driver_copies_wristTwist_r_bind","cat":"step","ph":"X","ts":137345,"dur":2,"pid":1,"tid":0},
{"name":"Constraint /Biped/Rig/Movers/pose_drivers/wristTwist_l_driver_copies_wristTwist_l_bind","cat":"step","ph":"X","ts":137347,"dur":2,"pid":1,"tid":0},
{"name":"Constraint /Biped/Rig/Movers/pose_drivers/shoulder_r_twist_driver_copies_shoulderNoTwist_r_bind","cat":"step","ph":"X","ts":137349,"dur":2,"pid":1,"tid":0},
{"name":"Constraint /Biped/Rig/Movers/pose_drivers/shoulder_l_twist_driver_copies_shoulderNoTwist_l_bind","cat":"step","ph":"X","ts":137351,"dur":2,"pid":1,"tid":0},
{"name":"Constraint /Biped/Rig/Movers/pose_drivers/wristSwing_r_driver_copies_wrist_r_bind","cat":"step","ph":"X","ts":137353,"dur":2,"pid":1,"tid":0},
{"name":"Constraint /Biped/Rig/Movers/pose_drivers/wristSwing_l_driver_copies_wrist_l_bind","cat":"step","ph":"X","ts":137355,"dur":2,"pid":1,"tid":0},
{"name":"Constraint /Biped/Rig/Movers/pose_drivers/elbow_r_driver_copies_elbow_r_bind","cat":"step","ph":"X","ts":137357,"dur":2,"pid":1,"tid":0},
{"name":"Constraint /Biped/Rig/Movers/pose_drivers/elbow_l_driver_copies_elbow_l_bind","cat":"step","ph":"X","ts":137359,"dur":1,"pid":1,"tid":0},
{"name":"Constraint /Biped/Rig/Movers/param_follow/leg_r_params_to_ankle_r_bind","cat":"step","ph":"X","ts":137360,"dur":2,"pid":1,"tid":0},
{"name":"Constraint /Biped/Rig/Movers/param_follow/leg_l_params_to_ankle_l_bind","cat":"step","ph":"X","ts":137362,"dur":2,"pid":1,"tid":0},
{"name":"Constraint /Biped/Rig/Movers/param_follow/arm_r_params_to_wrist_r_bind","cat":"step","ph":"X","ts":137364,"dur":2,"pid":1,"tid":0},
{"name":"Constraint /Biped/Rig/Movers/param_follow/arm_l_params_to_wrist_l_bind","cat":"step","ph":"X","ts":137366,"dur":2,"pid":1,"tid":0},
{"name":"ProviderMatrix /Biped/Rig/Controls/leg_l_ik/ankle_l_pivot/bankIn_l_pivot/bankOut_l_pivot/heel_l_roll/heel_l/ball_l_pivot/toe_l_roll/toe_l/ballRoll_l_up/ballRoll_l_down final","cat":"step","ph":"X","ts":137368,"dur":1,"pid":1,"tid":0},
{"name":"ProviderMatrix /Biped/Rig/Joints/ankle_l_pivot/bankIn_l_pivot final","cat":"step","ph":"X","ts":137369,"dur":1,"pid":1,"tid":0},
{"name":"ProviderMatrix /Biped/Rig/Joints/ankle_r_pivot/bankIn_r_pivot/bankOut_r_pivot/heel_r_pivot/ball_r_pivot final","cat":"step","ph":"X","ts":137370,"dur":1,"pid":1,"tid":0},
{"name":"ProviderMatrix /Biped/Rig/Joints/hips_bind/pelvis_l_bind/thigh_combo_l_driver final","cat":"step","ph":"X","ts":137371,"dur":1,"pid":1,"tid":0},
{"name":"ProviderMatrix /Biped/Rig/Joints/hips_bind/pelvis_l_bind/thigh_l_bind/knee_l_bind/ankle_l_bind/ball_l_bind/toe1_001_l_bind/toe1_002_l_bind/toe1_003_l_bind/toe1_004_l_bind final","cat":"step","ph":"X","ts":137372,"dur":1,"pid":1,"tid":0},
{"name":"ProviderMatrix /Biped/Rig/Joints/hips_bind/pelvis_l_bind/thigh_l_bind/knee_l_bind/ankle_l_bind/ball_l_bind/toe4_001_l_bind/toe4_002_l_bind/toe4_003_l_bind final","cat":"step","ph":"X","ts":137373,"dur":1,"pid":1,"tid":0},
{"name":"ProviderMatrix /Biped/Rig/Joints/hips_bind/pelvis_r_bind/pelvis_trans_combo_r_driver final","cat":"step","ph":"X","ts":137374,"dur":1,"pid":1,"tid":0},
{"name":"ProviderMatrix /Biped/Rig/Joints/hips_bind/pelvis_r_bind/thigh_r_bind/knee_r_bind/ankle_r_bind final","cat":"step","ph":"X","ts":137375,"dur":1,"pid":1,"tid":0},
{"name":"ProviderMatrix /Biped/Rig/Joints/hips_bind/pelvis_r_bind/thigh_r_bind/knee_r_bind/ankle_r_bind/ball_r_bind/toe2_001_r_bind/toe2_002_r_bind/toe2_003_r_bind final","cat":"step","ph":"X","ts":137376,"dur":1,"pid":1,"tid":0},
{"name":"ProviderMatrix /Biped/Rig/Joints/hips_bind/pelvis_r_bind/thigh_r_bind/knee_r_bind/ankle_r_bind/ball_r_bind/toe3_001_r_bind final","cat":"step","ph":"X","ts":137377,"dur":1,"pid":1,"tid":0},
{"name":"ProviderMatrix /Biped/Rig/Joints/hips_bind/pelvis_r_bind/thigh_r_bind/knee_r_bind/ankle_r_bind/ball_r_bind/toe5_001_r_bind/toe5_002_r_bind/toe5_003_r_bind/toe5_004_r_bind final","cat":"step","ph":"X","ts":137378,"dur":1,"pid":1,"tid":0},
{"name":"ProviderMatrix /Biped/Rig/Joints/hips_bind/spine_0_bind/spine_1_bind/spine_2_bind/spine_3_bind/spine_4_bind/spine_5_bind/chest_bind final","cat":"step","ph":"X","ts":137379,"dur":1,"pid":1,"tid":0},
{"name":"ProviderMatrix /Biped/Rig/Joints/hips_bind/spine_0_bind/spine_1_bind/spine_2_bind/spine_3_bind/spine_4_bind/spine_5_bind/chest_bind/clavicle_l_bind/shoulder_l_bind/elbow_l_bind/wristTwist_l_bind final","cat":"step","ph":"X","ts":137380,"dur":1,"pid":1,"tid":0},
{"name":"ProviderMatrix /Biped/Rig/Joints/hips_bind/spine_0_bind/spine_1_bind/spine_2_bind/spine_3_bind/spine_4_bind/spine_5_bind/chest_bind/clavicle_l_bind/shoulder_l_bind/elbow_l_bind/wrist_l_bind/middle_001_l_bind/middle_002_combo_l_driver final","cat":"step","ph":"X","ts":137381,"dur":1,"pid":1,"tid":0},
{"name":"ProviderMatrix /Biped/Rig/Joints/hips_bind/spine_0_bind/spine_1_bind/spine_2_bind/spine_3_bind/spine_4_bind/spine_5_bind/chest_bind/clavicle_l_bind/shoulder_l_bind/elbow_l_bind/wrist_l_bind/ring_001_l_bind final","cat":"step","ph":"X","ts":137382,"dur":1,"pid":1,"tid":0},
{"name":"ProviderMatrix /Biped/Rig/Joints/hips_bind/spine_0_bind/spine_1_bind/spine_2_bind/spine_3_bind/spine_4_bind/spine_5_bind/chest_bind/clavicle_r_bind final","cat":"step","ph":"X","ts":137383,"dur":1,"pid":1,"tid":0},
{"name":"ProviderMatrix /Biped/Rig/Joints/hips_bind/spine_0_bind/spine_1_bind/spine_2_bind/spine_3_bind/spine_4_bind/spine_5_bind/chest_bind/clavicle_r_bind/shoulder_r_bind/elbow_r_bind/wristTwist_r_bind/wristSwing_r_driver final","cat":"step","ph":"X","ts":137384,"dur":1,"pid":1,"tid":0},
{"name":"ProviderMatrix /Biped/Rig/Joints/hips_bind/spine_0_bind/spine_1_bind/spine_2_bind/spine_3_bind/spine_4_bind/spine_5_bind/chest_bind/clavicle_r_bind/shoulder_r_bind/elbow_r_bind/wrist_r_bind/middle_001_r_bind/middle_002_r_bind final","cat":"step","ph":"X","ts":137385,"dur":1,"pid":1,"tid":0},
{"name":"ProviderMatrix /Biped/Rig/Joints/hips_bind/spine_0_bind/spine_1_bind/spine_2_bind/spine_3_bind/spine_4_bind/spine_5_bind/chest_bind/clavicle_r_bind/shoulder_r_bind/elbow_r_bind/wrist_r_bind/ring_001_r_bind final","cat":"step","ph":"X","ts":137386,"dur":1,"pid":1,"tid":0},
{"name":"ProviderMatrix /Biped/Rig/Joints/hips_bind/spine_0_bind/spine_1_bind/spine_2_bind/spine_3_bind/spine_4_bind/spine_5_bind/chest_bind/neck_base_bind/neck_0_bind final","cat":"step","ph":"X","ts":137387,"dur":1,"pid":1,"tid":0},
{"name":"ProviderMatrix /Biped/Rig/Joints/hips_bind/spine_0_bind/spine_1_bind/spine_2_bind/spine_3_bind/spine_4_bind/spine_5_bind/chest_bind/neck_base_bind/neck_0_bind/neck_1_bind/neck_2_bind/neck_3_bind/skull_bind/face_lower_bind/jaw_bind final","cat":"step","ph":"X","ts":137388,"dur":1,"pid":1,"tid":0},
{"name":"ProviderMatrix /Biped/Rig/Joints/hips_bind/spine_0_bind/spine_1_bind/spine_2_bind/spine_3_bind/spine_4_bind/spine_5_bind/chest_bind/neck_base_bind/neck_0_bind/neck_1_bind/neck_2_bind/neck_3_bind/skull_bind/face_upper_bind/eyeSocket_r_bind/eye_r_bind final","cat":"step","ph":"X","ts":137389,"dur":1,"pid":1,"tid":0},
{"name":"ProviderMatrix /Biped/Rig/Joints/neck_ik_neck_0_bind/neck_ik_neck_1_bind/neck_ik_neck_2_bind/neck_ik_neck_3_bind/neck_ik_skull_bind final","cat":"step","ph":"X","ts":137390,"dur":1,"pid":1,"tid":0},
{"name":"InfluenceFold /Biped/Rig/Movers/skin_body_geo/body_geo_skin","cat":"step","ph":"X","ts":137391,"dur":23,"pid":1,"tid":0},
{"name":"RevisionChunk /Biped/Rig/Movers/skin_body_geo/body_geo_skin","cat":"step","ph":"X","ts":137414,"dur":321,"pid":1,"tid":0},
{"name":"RevisionFuse /Biped/Rig/Movers/skin_body_geo/body_geo_skin","cat":"step","ph":"X","ts":137735,"dur":1,"pid":1,"tid":0},
{"name":"ChainStatus /Biped/Geom/body_geo.points","cat":"step","ph":"X","ts":137736,"dur":14,"pid":1,"tid":0},
{"name":"Derived /Biped/Geom/body_geo.extent","cat":"step","ph":"X","ts":137750,"dur":122,"pid":1,"tid":0},
{"name":"BakedPublish","cat":"baked","ph":"X","ts":138317,"dur":66,"pid":1,"tid":0},
{"name":"BakedEpilogue","cat":"baked","ph":"X","ts":137873,"dur":519,"pid":1,"tid":0},
{"name":"Baked","cat":"baked","ph":"X","ts":136876,"dur":1517,"pid":1,"tid":0},
{"name":"Evaluate.Run","cat":"evaluate","ph":"X","ts":136876,"dur":1517,"pid":1,"tid":0},
{"name":"Evaluate@3","cat":"evaluate","ph":"X","ts":136874,"dur":1520,"pid":1,"tid":0},
{"name":"Evaluate.Settle","cat":"evaluate","ph":"X","ts":138599,"dur":0,"pid":1,"tid":0},
{"name":"Evaluate.PlaceOverrides","cat":"evaluate","ph":"X","ts":138600,"dur":0,"pid":1,"tid":0},
{"name":"PropertyChains","cat":"property","ph":"X","ts":138604,"dur":7,"pid":1,"tid":0},
{"name":"BakedInputs","cat":"baked","ph":"X","ts":138612,"dur":9,"pid":1,"tid":0},
{"name":"BakedChainBase","cat":"geometry","ph":"X","ts":138726,"dur":3,"pid":1,"tid":0},
{"name":"BakedPrologue","cat":"baked","ph":"X","ts":138602,"dur":127,"pid":1,"tid":0},
{"name":"BakedRegion","cat":"baked","ph":"X","ts":138729,"dur":1003,"pid":1,"tid":0},
{"name":"ComposeSubtree /Biped/Rig/Controls/arm_l_ik","cat":"step","ph":"X","ts":138762,"dur":2,"pid":1,"tid":0},
{"name":"ComposeSubtree /Biped/Rig/Controls/hips_ctl","cat":"step","ph":"X","ts":138764,"dur":2,"pid":1,"tid":0},
{"name":"ComposeSubtree /Biped/Rig/Controls/hips_ctl/spine_root_pivot/spine_root_ctl","cat":"step","ph":"X","ts":138766,"dur":1,"pid":1,"tid":0},
{"name":"ComposeSubtree /Biped/Rig/Controls/hips_ctl/spine_root_pivot/spine_root_ctl/pelvis_r_ctl","cat":"step","ph":"X","ts":138767,"dur":1,"pid":1,"tid":0},
{"name":"ComposeSubtree /Biped/Rig/Controls/hips_ctl/torso_ctl/spine_end_pivot/spine_end_ctl","cat":"step","ph":"X","ts":138768,"dur":1,"pid":1,"tid":0},
{"name":"ComposeSubtree /Biped/Rig/Controls/hips_ctl/torso_ctl/spine_end_pivot/spine_end_ctl/clavicle_r_ctl/arm_r_root/arm_r_fk_shoulder_r_bind","cat":"step","ph":"X","ts":138769,"dur":1,"pid":1,"tid":0},
{"name":"ComposeSubtree /Biped/Rig/Controls/index_001_l_bind_fk_follow","cat":"step","ph":"X","ts":138770,"dur":1,"pid":1,"tid":0},
{"name":"ComposeSubtree /Biped/Rig/Controls/index_001_r_bind_fk_follow/index_001_r_bind_fk/index_002_r_bind_fk/index_003_r_bind_fk","cat":"step","ph":"X","ts":138771,"dur":1,"pid":1,"tid":0},
{"name":"ComposeSubtree /Biped/Rig/Controls/leg_l_ik/ankle_l_pivot/bankIn_l_pivot/bankOut_l_pivot/heel_l_roll/heel_l/ball_l_pivot","cat":"step","ph":"X","ts":138772,"dur":1,"pid":1,"tid":0},
{"name":"ComposeSubtree /Biped/Rig/Controls/leg_l_ik/ankle_l_pivot/bankIn_l_pivot/bankOut_l_pivot/heel_l_roll/heel_l/ball_l_pivot/toe_l_roll/toe_l/ballRoll_l_up/ballRoll_l_down/ballRoll_l/ankle_l_ikTarget","cat":"step","ph":"X","ts":138773,"dur":1,"pid":1,"tid":0},
{"name":"ComposeSubtree /Biped/Rig/Controls/leg_l_ik/ankle_l_pivot/bankIn_l_pivot/bankOut_l_pivot/heel_l_roll/heel_l/ball_l_pivot/toe_l_roll_twin","cat":"step","ph":"X","ts":138774,"dur":1,"pid":1,"tid":0},
{"name":"ComposeSubtree /Biped/Rig/Controls/leg_l_pv","cat":"step","ph":"X","ts":138775,"dur":1,"pid":1,"tid":0},
{"name":"ComposeSubtree /Biped/Rig/Controls/leg_r_ik/ankle_r_pivot/bankIn_r_pivot/bankOut_r_pivot/heel_r_roll/heel_r/ball_r_pivot/toe_r_roll","cat":"step","ph":"X","ts":138776,"dur":1,"pid":1,"tid":0},
{"name":"ComposeSubtree /Biped/Rig/Controls/leg_r_ik/ankle_r_pivot/bankIn_r_pivot/bankOut_r_pivot/heel_r_roll/heel_r/ball_r_pivot/toe_r_roll/toe_r/ballRoll_r_up_twin","cat":"step","ph":"X","ts":138777,"dur":1,"pid":1,"tid":0},
{"name":"ComposeSubtree /Biped/Rig/Controls/leg_r_ik/ankle_r_pivot/bankIn_r_pivot/bankOut_r_pivot_twin","cat":"step","ph":"X","ts":138778,"dur":1,"pid":1,"tid":0},
{"name":"ComposeSubtree /Biped/Rig/Controls/middle_001_l_bind_fk_follow/middle_001_l_bind_fk","cat":"step","ph":"X","ts":138779,"dur":1,"pid":1,"tid":0},
{"name":"ComposeSubtree /Biped/Rig/Controls/pinkyCup_l_bind_fk_follow","cat":"step","ph":"X","ts":138780,"dur":1,"pid":1,"tid":0},
{"name":"ComposeSubtree /Biped/Rig/Controls/pinkyCup_r_bind_fk_follow","cat":"step","ph":"X","ts":138781,"dur":1,"pid":1,"tid":0},
{"name":"ComposeSubtree /Biped/Rig/Controls/ring_001_l_bind_fk_follow/ring_001_l_bind_fk/ring_002_l_bind_fk","cat":"step","ph":"X","ts":138782,"dur":1,"pid":1,"tid":0},
{"name":"ComposeSubtree /Biped/Rig/Controls/spine_mid_follow","cat":"step","ph":"X","ts":138783,"dur":1,"pid":1,"tid":0},
{"name":"ComposeSubtree /Biped/Rig/Controls/thumbCup_r_bind_fk_follow","cat":"step","ph":"X","ts":138784,"dur":1,"pid":1,"tid":0},
{"name":"ComposeSubtree /Biped/Rig/Joints/ankle_l_pivot/bankIn_l_pivot/bankOut_l_pivot","cat":"step","ph":"X","ts":138785,"dur":1,"pid":1,"tid":0},
{"name":"ComposeSubtree /Biped/Rig/Joints/ankle_r_pivot/bankIn_r_pivot/bankOut_r_pivot","cat":"step","ph":"X","ts":138786,"dur":1,"pid":1,"tid":0},
{"name":"ComposeSubtree /Biped/Rig/Joints/hips_bind/pelvis_l_bind/pelvis_trans_combo_l_driver","cat":"step","ph":"X","ts":138787,"dur":1,"pid":1,"tid":0},
{"name":"ComposeSubtree /Biped/Rig/Joints/hips_bind/pelvis_l_bind/thigh_l_bind/knee_l_bind/ankleTwist_l_bind","cat":"step","ph":"X","ts":138788,"dur":1,"pid":1,"tid":0},
{"name":"ComposeSubtree /Biped/Rig/Joints/hips_bind/pelvis_l_bind/thigh_l_bind/knee_l_bind/ankle_l_bind/ball_l_bind/toe1_001_l_bind/toe1_002_l_bind/toe1_003_l_bind","cat":"step","ph":"X","ts":138789,"dur":1,"pid":1,"tid":0},
{"name":"ComposeSubtree /Biped/Rig/Joints/hips_bind/pelvis_l_bind/thigh_l_bind/knee_l_bind/ankle_l_bind/ball_l_bind/toe3_001_l_bind/toe3_002_l_bind/toe3_003_l_bind","cat":"step","ph":"X","ts":138790,"dur":1,"pid":1,"tid":0},
{"name":"ComposeSubtree /Biped/Rig/Joints/hips_bind/pelvis_l_bind/thigh_l_bind/knee_l_bind/ankle_l_bind/ball_l_bind/toe5_001_l_bind/toe5_002_l_bind/toe5_003_l_bind","cat":"step","ph":"X","ts":138791,"dur":1,"pid":1,"tid":0},
{"name":"ComposeSubtree /Biped/Rig/Joints/hips_bind/pelvis_r_bind/pelvis_trans_r_bind","cat":"step","ph":"X","ts":138792,"dur":1,"pid":1,"tid":0},
{"name":"ComposeSubtree /Biped/Rig/Joints/hips_bind/pelvis_r_bind/thigh_r_bind/knee_r_bind/ankleTwist_r_driver","cat":"step","ph":"X","ts":138793,"dur":1,"pid":1,"tid":0},
{"name":"ComposeSubtree /Biped/Rig/Joints/hips_bind/pelvis_r_bind/thigh_r_bind/knee_r_bind/ankle_r_bind/ball_r_bind/toe2_001_r_bind","cat":"step","ph":"X","ts":138794,"dur":1,"pid":1,"tid":0},
{"name":"ComposeSubtree /Biped/Rig/Joints/hips_bind/pelvis_r_bind/thigh_r_bind/knee_r_bind/ankle_r_bind/ball_r_bind/toe3_001_r_bind/toe3_002_r_bind/toe3_003_r_bind","cat":"step","ph":"X","ts":138795,"dur":1,"pid":1,"tid":0},
{"name":"ComposeSubtree /Biped/Rig/Joints/hips_bind/pelvis_r_bind/thigh_r_bind/knee_r_bind/ankle_r_bind/ball_r_bind/toe5_001_r_bind/toe5_002_r_bind/toe5_003_r_bind","cat":"step","ph":"X","ts":138796,"dur":1,"pid":1,"tid":0},
{"name":"ComposeSubtree /Biped/Rig/Joints/hips_bind/spine_0_bind/spine_1_bind/spine_2_bind","cat":"step","ph":"X","ts":138797,"dur":1,"pid":1,"tid":0},
{"name":"ComposeSubtree /Biped/Rig/Joints/hips_bind/spine_0_bind/spine_1_bind/spine_2_bind/spine_3_bind/spine_4_bind/spine_5_bind/chest_bind/clavicle_l_bind/clavicle_trans_l_bind/shoulder_l_driver","cat":"step","ph":"X","ts":138798,"dur":1,"pid":1,"tid":0},
{"name":"ComposeSubtree /Biped/Rig/Joints/hips_bind/spine_0_bind/spine_1_bind/spine_2_bind/spine_3_bind/spine_4_bind/spine_5_bind/chest_bind/clavicle_l_bind/shoulder_l_bind/elbow_l_bind/wristTwist_l_bind","cat":"step","ph":"X","ts":138799,"dur":1,"pid":1,"tid":0},
{"name":"ComposeSubtree /Biped/Rig/Joints/hips_bind/spine_0_bind/spine_1_bind/spine_2_bind/spine_3_bind/spine_4_bind/spine_5_bind/chest_bind/clavicle_l_bind/shoulder_l_bind/elbow_l_bind/wrist_l_bind/index_001_l_bind/index_002_l_bind/index_003_l_bind/index_004_l_bind","cat":"step","ph":"X","ts":138800,"dur":1,"pid":1,"tid":0},
{"name":"ComposeSubtree /Biped/Rig/Joints/hips_bind/spine_0_bind/spine_1_bind/spine_2_bind/spine_3_bind/spine_4_bind/spine_5_bind/chest_bind/clavicle_l_bind/shoulder_l_bind/elbow_l_bind/wrist_l_bind/pinkyCup_l_bind","cat":"step","ph":"X","ts":138801,"dur":1,"pid":1,"tid":0},
{"name":"ComposeSubtree /Biped/Rig/Joints/hips_bind/spine_0_bind/spine_1_bind/spine_2_bind/spine_3_bind/spine_4_bind/spine_5_bind/chest_bind/clavicle_l_bind/shoulder_l_bind/elbow_l_bind/wrist_l_bind/ring_001_l_bind","cat":"step","ph":"X","ts":138802,"dur":1,"pid":1,"tid":0},
{"name":"ComposeSubtree /Biped/Rig/Joints/hips_bind/spine_0_bind/spine_1_bind/spine_2_bind/spine_3_bind/spine_4_bind/spine_5_bind/chest_bind/clavicle_l_bind/shoulder_l_bind/elbow_l_bind/wrist_l_bind/thumbCup_l_bind/thumb_001_l_bind/thumb_002_l_bind/thumb_003_l_bind","cat":"step","ph":"X","ts":138803,"dur":1,"pid":1,"tid":0},
{"name":"ComposeSubtree /Biped/Rig/Joints/hips_bind/spine_0_bind/spine_1_bind/spine_2_bind/spine_3_bind/spine_4_bind/spine_5_bind/chest_bind/clavicle_r_bind/shoulderNoTwist_r_bind","cat":"step","ph":"X","ts":138804,"dur":1,"pid":1,"tid":0},
{"name":"ComposeSubtree /Biped/Rig/Joints/hips_bind/spine_0_bind/spine_1_bind/spine_2_bind/spine_3_bind/spine_4_bind/spine_5_bind/chest_bind/clavicle_r_bind/shoulder_r_bind/elbow_r_bind/wristTwist_r_driver","cat":"step","ph":"X","ts":138805,"dur":1,"pid":1,"tid":0},
{"name":"ComposeSubtree /Biped/Rig/Joints/hips_bind/spine_0_bind/spine_1_bind/spine_2_bind/spine_3_bind/spine_4_bind/spine_5_bind/chest_bind/clavicle_r_bind/shoulder_r_bind/elbow_r_bind/wrist_r_bind/middle_001_r_bind","cat":"step","ph":"X","ts":138806,"dur":1,"pid":1,"tid":0},
{"name":"ComposeSubtree /Biped/Rig/Joints/hips_bind/spine_0_bind/spine_1_bind/spine_2_bind/spine_3_bind/spine_4_bind/spine_5_bind/chest_bind/clavicle_r_bind/shoulder_r_bind/elbow_r_bind/wrist_r_bind/pinkyCup_r_bind/pinky_001_r_bind/pinky_002_combo_r_driver","cat":"step","ph":"X","ts":138807,"dur":1,"pid":1,"tid":0},
{"name":"ComposeSubtree /Biped/Rig/Joints/hips_bind/spine_0_bind/spine_1_bind/spine_2_bind/spine_3_bind/spine_4_bind/spine_5_bind/chest_bind/clavicle_r_bind/shoulder_r_bind/elbow_r_bind/wrist_r_bind/ring_001_r_bind/ring_002_r_bind/ring_003_r_bind/ring_004_r_bind","cat":"step","ph":"X","ts":138808,"dur":1,"pid":1,"tid":0},
{"name":"ComposeSubtree /Biped/Rig/Joints/hips_bind/spine_0_bind/spine_1_bind/spine_2_bind/spine_3_bind/spine_4_bind/spine_5_bind/chest_bind/neck_base_bind","cat":"step","ph":"X","ts":138809,"dur":1,"pid":1,"tid":0},
{"name":"ComposeSubtree /Biped/Rig/Joints/hips_bind/spine_0_bind/spine_1_bind/spine_2_bind/spine_3_bind/spine_4_bind/spine_5_bind/chest_bind/neck_base_bind/neck_0_bind/neck_1_bind/neck_2_bind/neck_3_bind/skull_bind/face_lower_bind/face_mid_bind/jaw_compression_driver","cat":"step","ph":"X","ts":138810,"dur":1,"pid":1,"tid":0},
{"name":"ComposeSubtree /Biped/Rig/Joints/hips_bind/spine_0_bind/spine_1_bind/spine_2_bind/spine_3_bind/spine_4_bind/spine_5_bind/chest_bind/neck_base_bind/neck_0_bind/neck_1_bind/neck_2_bind/neck_3_bind/skull_bind/face_lower_bind/jaw_bind/tongue_0_bind","cat":"step","ph":"X","ts":138811,"dur":1,"pid":1,"tid":0},
{"name":"ComposeSubtree /Biped/Rig/Joints/hips_bind/spine_0_bind/spine_1_bind/spine_2_bind/spine_3_bind/spine_4_bind/spine_5_bind/chest_bind/neck_base_bind/neck_0_bind/neck_1_bind/neck_2_bind/neck_3_bind/skull_bind/face_upper_bind/eyeSocket_r_bind","cat":"step","ph":"X","ts":138812,"dur":1,"pid":1,"tid":0},
{"name":"ComposeSubtree /Biped/Rig/Joints/hips_bind/spine_0_bind/spine_1_bind/spine_2_bind/spine_3_bind/spine_4_bind/spine_5_bind/chest_bind/neck_base_bind/neck_0_bind/neck_1_bind/neck_2_bind/neck_3_bind/skull_bind/face_upper_bind/head_tip_bind/brow_peak_r_bind","cat":"step","ph":"X","ts":138813,"dur":1,"pid":1,"tid":0},
{"name":"ComposeSubtree /Biped/Rig/Joints/spine_ik_spine_0_bind/spine_ik_spine_1_bind/spine_ik_spine_2_bind","cat":"step","ph":"X","ts":138814,"dur":1,"pid":1,"tid":0},
{"name":"Solve /Biped/Rig/Solvers/arm_l_fkChain","cat":"step","ph":"X","ts":138815,"dur":1,"pid":1,"tid":0},
{"name":"SolverCommit batch 0","cat":"step","ph":"X","ts":138816,"dur":1,"pid":1,"tid":0},
{"name":"Solve /Biped/Rig/Solvers/arm_l_twoBoneIk","cat":"step","ph":"X","ts":138817,"dur":1,"pid":1,"tid":0},
{"name":"Solve /Biped/Rig/Solvers/arm_r_twoBoneIk","cat":"step","ph":"X","ts":138818,"dur":1,"pid":1,"tid":0},
{"name":"Solve /Biped/Rig/Solvers/leg_r_fkChain","cat":"step","ph":"X","ts":138819,"dur":1,"pid":1,"tid":0},
{"name":"Solve /Biped/Rig/Solvers/neck_splineIk","cat":"step","ph":"X","ts":138820,"dur":8,"pid":1,"tid":0},
{"name":"Solve /Biped/Rig/Solvers/spine_splineIk","cat":"step","ph":"X","ts":138828,"dur":7,"pid":1,"tid":0},
{"name":"SolverCommit batch 7","cat":"step","ph":"X","ts":138835,"dur":1,"pid":1,"tid":0},
{"name":"Solve /Biped/Rig/Solvers/arm_r_ikfk","cat":"step","ph":"X","ts":138836,"dur":1,"pid":1,"tid":0},
{"name":"SolverCommit batch 8","cat":"step","ph":"X","ts":138837,"dur":1,"pid":1,"tid":0},
{"name":"SolverCommit batch 9","cat":"step","ph":"X","ts":138838,"dur":1,"pid":1,"tid":0},
{"name":"Constraint /Biped/Rig/Movers/spine_mid_follow/spine_mid_follow_pos","cat":"step","ph":"X","ts":138839,"dur":8,"pid":1,"tid":0},
{"name":"Solve /Biped/Rig/Solvers/fk_thumb_r","cat":"step","ph":"X","ts":138847,"dur":1,"pid":1,"tid":0},
{"name":"Solve /Biped/Rig/Solvers/fk_ring_r","cat":"step","ph":"X","ts":138848,"dur":1,"pid":1,"tid":0},
{"name":"Solve /Biped/Rig/Solvers/fk_pinky_r","cat":"step","ph":"X","ts":138849,"dur":2,"pid":1,"tid":0},
{"name":"Solve /Biped/Rig/Solvers/fk_middle_r","cat":"step","ph":"X","ts":138851,"dur":1,"pid":1,"tid":0},
{"name":"SolverCommit batch 14","cat":"step","ph":"X","ts":138852,"dur":1,"pid":1,"tid":0},
{"name":"SolverCommit batch 15","cat":"step","ph":"X","ts":138853,"dur":1,"pid":1,"tid":0},
{"name":"Solve /Biped/Rig/Solvers/fk_thumb_l","cat":"step","ph":"X","ts":138854,"dur":1,"pid":1,"tid":0},
{"name":"Solve /Biped/Rig/Solvers/fk_ring_l","cat":"step","ph":"X","ts":138855,"dur":1,"pid":1,"tid":0},
{"name":"Solve /Biped/Rig/Solvers/fk_pinky_l","cat":"step","ph":"X","ts":138856,"dur":1,"pid":1,"tid":0},
{"name":"SolverCommit batch 18","cat":"step","ph":"X","ts":138857,"dur":1,"pid":1,"tid":0},
{"name":"SolverCommit batch 19","cat":"step","ph":"X","ts":138858,"dur":1,"pid":1,"tid":0},
{"name":"Solve /Biped/Rig/Solvers/fk_index_l","cat":"step","ph":"X","ts":138859,"dur":1,"pid":1,"tid":0},
{"name":"Constraint /Biped/Rig/Movers/spine_mid_follow/spine_mid_follow_aim","cat":"step","ph":"X","ts":138860,"dur":3,"pid":1,"tid":0},
{"name":"Constraint /Biped/Rig/Movers/hand_r_follow/thumbCup_r_bind_fk_follow_to_wrist_r_bind","cat":"step","ph":"X","ts":138863,"dur":3,"pid":1,"tid":0},
{"name":"Constraint /Biped/Rig/Movers/hand_r_follow/ring_001_r_bind_fk_follow_to_wrist_r_bind","cat":"step","ph":"X","ts":138866,"dur":2,"pid":1,"tid":0},
{"name":"Constraint /Biped/Rig/Movers/hand_r_follow/pinkyCup_r_bind_fk_follow_to_wrist_r_bind","cat":"step","ph":"X","ts":138868,"dur":3,"pid":1,"tid":0},
{"name":"Constraint /Biped/Rig/Movers/hand_r_follow/middle_001_r_bind_fk_follow_to_wrist_r_bind","cat":"step","ph":"X","ts":138871,"dur":3,"pid":1,"tid":0},
{"name":"Constraint /Biped/Rig/Movers/hand_r_follow/index_001_r_bind_fk_follow_to_wrist_r_bind","cat":"step","ph":"X","ts":138874,"dur":2,"pid":1,"tid":0},
{"name":"Constraint /Biped/Rig/Movers/hand_l_follow/thumbCup_l_bind_fk_follow_to_wrist_l_bind","cat":"step","ph":"X","ts":138876,"dur":2,"pid":1,"tid":0},
{"name":"Constraint /Biped/Rig/Movers/hand_l_follow/ring_001_l_bind_fk_follow_to_wrist_l_bind","cat":"step","ph":"X","ts":138878,"dur":3,"pid":1,"tid":0},
{"name":"Constraint /Biped/Rig/Movers/hand_l_follow/pinkyCup_l_bind_fk_follow_to_wrist_l_bind","cat":"step","ph":"X","ts":138881,"dur":2,"pid":1,"tid":0},
{"name":"Constraint /Biped/Rig/Movers/hand_l_follow/middle_001_l_bind_fk_follow_to_wrist_l_bind","cat":"step","ph":"X","ts":138883,"dur":2,"pid":1,"tid":0},
{"name":"Constraint /Biped/Rig/Movers/hand_l_follow/index_001_l_bind_fk_follow_to_wrist_l_bind","cat":"step","ph":"X","ts":138885,"dur":3,"pid":1,"tid":0},
{"name":"Constraint /Biped/Rig/Movers/bankIn_r_pivot_rc/bankIn_r_pivot_rotation","cat":"step","ph":"X","ts":138888,"dur":1,"pid":1,"tid":0},
{"name":"Constraint /Biped/Rig/Movers/bankOut_r_pivot_rc/bankOut_r_pivot_rotation","cat":"step","ph":"X","ts":138889,"dur":1,"pid":1,"tid":0},
{"name":"Constraint /Biped/Rig/Movers/ballRoll_r_up_rc/ballRoll_r_up_rotation","cat":"step","ph":"X","ts":138890,"dur":1,"pid":1,"tid":0},
{"name":"Solve /Biped/Rig/Solvers/leg_r_ikfk","cat":"step","ph":"X","ts":138891,"dur":1,"pid":1,"tid":0},
{"name":"SolverCommit batch 39","cat":"step","ph":"X","ts":138892,"dur":4,"pid":1,"tid":0},
{"name":"Constraint /Biped/Rig/Movers/ankle_r_bind_scAim/ankle_r_bind_aim","cat":"step","ph":"X","ts":138896,"dur":4,"pid":1,"tid":0},
{"name":"Constraint /Biped/Rig/Movers/ball_r_bind_scAim/ball_r_bind_aim","cat":"step","ph":"X","ts":138900,"dur":4,"pid":1,"tid":0},
{"name":"Constraint /Biped/Rig/Movers/bankOut_l_pivot_rc/bankOut_l_pivot_rotation","cat":"step","ph":"X","ts":138904,"dur":1,"pid":1,"tid":0},
{"name":"Constraint /Biped/Rig/Movers/ballRoll_l_up_rc/ballRoll_l_up_rotation","cat":"step","ph":"X","ts":138905,"dur":1,"pid":1,"tid":0},
{"name":"Solve /Biped/Rig/Solvers/leg_l_ikfk","cat":"step","ph":"X","ts":138906,"dur":1,"pid":1,"tid":0},
{"name":"SolverCommit batch 49","cat":"step","ph":"X","ts":138907,"dur":3,"pid":1,"tid":0},
{"name":"Constraint /Biped/Rig/Movers/ankle_l_bind_scAim/ankle_l_bind_aim","cat":"step","ph":"X","ts":138910,"dur":4,"pid":1,"tid":0},
{"name":"Constraint /Biped/Rig/Movers/ball_l_bind_scAim/ball_l_bind_aim","cat":"step","ph":"X","ts":138914,"dur":3,"pid":1,"tid":0},
{"name":"Constraint /Biped/Rig/Movers/hips_follow/spine_root_ctl_drives_hips_bind","cat":"step","ph":"X","ts":138917,"dur":1,"pid":1,"tid":0},
{"name":"CommitDelta /Biped/Rig/Movers/hips_follow/spine_root_ctl_drives_hips_bind","cat":"step","ph":"X","ts":138918,"dur":1,"pid":1,"tid":0},
{"name":"PropagateChunk /Biped/Rig/Movers/hips_follow/spine_root_ctl_drives_hips_bind","cat":"step","ph":"X","ts":138919,"dur":4,"pid":1,"tid":0},
{"name":"CommitApply /Biped/Rig/Movers/hips_follow/spine_root_ctl_drives_hips_bind","cat":"step","ph":"X","ts":138923,"dur":1,"pid":1,"tid":0},
{"name":"Constraint /Biped/Rig/Movers/hips_follow/spine_root_ctl_scales_hips_bind","cat":"step","ph":"X","ts":138924,"dur":1,"pid":1,"tid":0},
{"name":"PropagateChunk /Biped/Rig/Movers/hips_follow/spine_root_ctl_scales_hips_bind","cat":"step","ph":"X","ts":138925,"dur":4,"pid":1,"tid":0},
{"name":"Constraint /Biped/Rig/Movers/spine_to_bind/spine_ik_spine_0_bind_scale_to_spine_0_bind","cat":"step","ph":"X","ts":138929,"dur":5,"pid":1,"tid":0},
{"name":"Constraint /Biped/Rig/Movers/spine_to_bind/spine_ik_spine_0_bind_to_spine_0_bind","cat":"step","ph":"X","ts":138934,"dur":5,"pid":1,"tid":0},
{"name":"Constraint /Biped/Rig/Movers/spine_to_bind/spine_ik_spine_1_bind_scale_to_spine_1_bind","cat":"step","ph":"X","ts":138939,"dur":4,"pid":1,"tid":0},
{"name":"Constraint /Biped/Rig/Movers/spine_to_bind/spine_ik_spine_1_bind_to_spine_1_bind","cat":"step","ph":"X","ts":138943,"dur":6,"pid":1,"tid":0},
{"name":"Constraint /Biped/Rig/Movers/spine_to_bind/spine_ik_spine_2_bind_scale_to_spine_2_bind","cat":"step","ph":"X","ts":138949,"dur":4,"pid":1,"tid":0},
{"name":"Constraint /Biped/Rig/Movers/spine_to_bind/spine_ik_spine_2_bind_to_spine_2_bind","cat":"step","ph":"X","ts":138953,"dur":5,"pid":1,"tid":0},
{"name":"Constraint /Biped/Rig/Movers/spine_to_bind/spine_ik_spine_3_bind_scale_to_spine_3_bind","cat":"step","ph":"X","ts":138958,"dur":4,"pid":1,"tid":0},
{"name":"Constraint /Biped/Rig/Movers/spine_to_bind/spine_ik_spine_3_bind_to_spine_3_bind","cat":"step","ph":"X","ts":138962,"dur":4,"pid":1,"tid":0},
{"name":"Constraint /Biped/Rig/Movers/spine_to_bind/spine_ik_spine_4_bind_scale_to_spine_4_bind","cat":"step","ph":"X","ts":138966,"dur":4,"pid":1,"tid":0},
{"name":"Constraint /Biped/Rig/Movers/spine_to_bind/spine_ik_spine_4_bind_to_spine_4_bind","cat":"step","ph":"X","ts":138970,"dur":5,"pid":1,"tid":0},
{"name":"Constraint /Biped/Rig/Movers/spine_to_bind/spine_ik_spine_5_bind_scale_to_spine_5_bind","cat":"step","ph":"X","ts":138975,"dur":3,"pid":1,"tid":0},
{"name":"Constraint /Biped/Rig/Movers/spine_to_bind/spine_ik_spine_5_bind_to_spine_5_bind","cat":"step","ph":"X","ts":138978,"dur":5,"pid":1,"tid":0},
{"name":"Constraint /Biped/Rig/Movers/spine_to_bind/spine_ik_chest_bind_scale_to_chest_bind","cat":"step","ph":"X","ts":138983,"dur":4,"pid":1,"tid":0},
{"name":"Constraint /Biped/Rig/Movers/spine_to_bind/spine_ik_chest_bind_to_chest_bind","cat":"step","ph":"X","ts":138987,"dur":4,"pid":1,"tid":0},
{"name":"Constraint /Biped/Rig/Movers/girdles/spine_end_ctl_drives_chest_bind","cat":"step","ph":"X","ts":138991,"dur":5,"pid":1,"tid":0},
{"name":"Constraint /Biped/Rig/Movers/girdles/pelvis_r_ctl_drives_pelvis_r_bind","cat":"step","ph":"X","ts":138996,"dur":1,"pid":1,"tid":0},
{"name":"Constraint /Biped/Rig/Movers/girdles/pelvis_l_ctl_drives_pelvis_l_bind","cat":"step","ph":"X","ts":138997,"dur":1,"pid":1,"tid":0},
{"name":"Constraint /Biped/Rig/Movers/girdles/clavicle_r_ctl_drives_clavicle_r_bind","cat":"step","ph":"X","ts":138998,"dur":1,"pid":1,"tid":0},
{"name":"Constraint /Biped/Rig/Movers/girdles/clavicle_l_ctl_drives_clavicle_l_bind","cat":"step","ph":"X","ts":138999,"dur":1,"pid":1,"tid":0},
{"name":"Constraint /Biped/Rig/Movers/girdles/spine_end_ctl_unsquashes_neck_base_bind","cat":"step","ph":"X","ts":139000,"dur":3,"pid":1,"tid":0},
{"name":"Constraint /Biped/Rig/Movers/girdles/clavicle_r_ctl_unsquashes_clavicle_r_bind","cat":"step","ph":"X","ts":139003,"dur":1,"pid":1,"tid":0},
{"name":"Constraint /Biped/Rig/Movers/girdles/clavicle_l_ctl_unsquashes_clavicle_l_bind","cat":"step","ph":"X","ts":139004,"dur":2,"pid":1,"tid":0},
{"name":"Constraint /Biped/Rig/Movers/neck_to_bind/neck_ik_neck_0_bind_scale_to_neck_0_bind","cat":"step","ph":"X","ts":139006,"dur":3,"pid":1,"tid":0},
{"name":"Constraint /Biped/Rig/Movers/neck_to_bind/neck_ik_neck_0_bind_to_neck_0_bind","cat":"step","ph":"X","ts":139009,"dur":4,"pid":1,"tid":0},
{"name":"Constraint /Biped/Rig/Movers/neck_to_bind/neck_ik_neck_1_bind_scale_to_neck_1_bind","cat":"step","ph":"X","ts":139013,"dur":3,"pid":1,"tid":0},
{"name":"Constraint /Biped/Rig/Movers/neck_to_bind/neck_ik_neck_1_bind_to_neck_1_bind","cat":"step","ph":"X","ts":139016,"dur":3,"pid":1,"tid":0},
{"name":"Constraint /Biped/Rig/Movers/neck_to_bind/neck_ik_neck_2_bind_scale_to_neck_2_bind","cat":"step","ph":"X","ts":139019,"dur":3,"pid":1,"tid":0},
{"name":"Constraint /Biped/Rig/Movers/neck_to_bind/neck_ik_neck_2_bind_to_neck_2_bind","cat":"step","ph":"X","ts":139022,"dur":4,"pid":1,"tid":0},
{"name":"Constraint /Biped/Rig/Movers/neck_to_bind/neck_ik_neck_3_bind_scale_to_neck_3_bind","cat":"step","ph":"X","ts":139026,"dur":3,"pid":1,"tid":0},
{"name":"Constraint /Biped/Rig/Movers/neck_to_bind/neck_ik_neck_3_bind_to_neck_3_bind","cat":"step","ph":"X","ts":139029,"dur":3,"pid":1,"tid":0},
{"name":"Constraint /Biped/Rig/Movers/neck_to_bind/neck_ik_skull_bind_scale_to_skull_bind","cat":"step","ph":"X","ts":139032,"dur":3,"pid":1,"tid":0},
{"name":"Constraint /Biped/Rig/Movers/neck_to_bind/neck_ik_skull_bind_to_skull_bind","cat":"step","ph":"X","ts":139035,"dur":3,"pid":1,"tid":0},
{"name":"Constraint /Biped/Rig/Movers/twist_aims/wristTwist_r_bind_copy","cat":"step","ph":"X","ts":139038,"dur":2,"pid":1,"tid":0},
{"name":"Constraint /Biped/Rig/Movers/twist_aims/wristTwist_r_bind_aim","cat":"step","ph":"X","ts":139040,"dur":2,"pid":1,"tid":0},
{"name":"Constraint /Biped/Rig/Movers/twist_aims/wristTwist_l_bind_copy","cat":"step","ph":"X","ts":139042,"dur":2,"pid":1,"tid":0},
{"name":"Constraint /Biped/Rig/Movers/twist_aims/wristTwist_l_bind_aim","cat":"step","ph":"X","ts":139044,"dur":2,"pid":1,"tid":0},
{"name":"Constraint /Biped/Rig/Movers/twist_aims/ankleTwist_r_bind_copy","cat":"step","ph":"X","ts":139046,"dur":2,"pid":1,"tid":0},
{"name":"Constraint /Biped/Rig/Movers/twist_aims/ankleTwist_r_bind_aim","cat":"step","ph":"X","ts":139048,"dur":1,"pid":1,"tid":0},
{"name":"Constraint /Biped/Rig/Movers/twist_aims/ankleTwist_l_bind_copy","cat":"step","ph":"X","ts":139049,"dur":2,"pid":1,"tid":0},
{"name":"Constraint /Biped/Rig/Movers/twist_aims/ankleTwist_l_bind_aim","cat":"step","ph":"X","ts":139051,"dur":2,"pid":1,"tid":0},
{"name":"Constraint /Biped/Rig/Movers/twist_aims/ankleTwist_l_bind_follows_ankle_l_bind","cat":"step","ph":"X","ts":139053,"dur":1,"pid":1,"tid":0},
{"name":"Constraint /Biped/Rig/Movers/twist_aims/wristTwist_l_bind_follows_wrist_l_bind","cat":"step","ph":"X","ts":139054,"dur":1,"pid":1,"tid":0},
{"name":"Constraint /Biped/Rig/Movers/twist_aims/thighNoTwist_l_bind_follows_thigh_l_bind","cat":"step","ph":"X","ts":139055,"dur":1,"pid":1,"tid":0},
{"name":"Constraint /Biped/Rig/Movers/twist_aims/pelvis_trans_r_bind_follows_thigh_r_bind","cat":"step","ph":"X","ts":139056,"dur":1,"pid":1,"tid":0},
{"name":"Constraint /Biped/Rig/Movers/twist_aims/clavicle_trans_r_bind_follows_shoulder_r_bind","cat":"step","ph":"X","ts":139057,"dur":1,"pid":1,"tid":0},
{"name":"Constraint /Biped/Rig/Movers/twist_aims/clavicle_trans_l_bind_follows_shoulder_l_bind","cat":"step","ph":"X","ts":139058,"dur":1,"pid":1,"tid":0},
{"name":"Constraint /Biped/Rig/Movers/twist_aims/pelvis_trans_r_bind_aim","cat":"step","ph":"X","ts":139059,"dur":1,"pid":1,"tid":0},
{"name":"Constraint /Biped/Rig/Movers/twist_aims/pelvis_trans_l_bind_aim","cat":"step","ph":"X","ts":139060,"dur":2,"pid":1,"tid":0},
{"name":"Constraint /Biped/Rig/Movers/twist_aims/kneeTwist_r_bind_aim","cat":"step","ph":"X","ts":139062,"dur":2,"pid":1,"tid":0},
{"name":"Constraint /Biped/Rig/Movers/twist_aims/kneeTwist_l_bind_aim","cat":"step","ph":"X","ts":139064,"dur":1,"pid":1,"tid":0},
{"name":"Constraint /Biped/Rig/Movers/twist_aims/thighNoTwist_r_bind_aim","cat":"step","ph":"X","ts":139065,"dur":2,"pid":1,"tid":0},
{"name":"Constraint /Biped/Rig/Movers/twist_aims/thighNoTwist_l_bind_aim","cat":"step","ph":"X","ts":139067,"dur":1,"pid":1,"tid":0},
{"name":"Constraint /Biped/Rig/Movers/twist_aims/clavicle_trans_r_bind_aim","cat":"step","ph":"X","ts":139068,"dur":2,"pid":1,"tid":0},
{"name":"Constraint /Biped/Rig/Movers/twist_aims/clavicle_trans_l_bind_aim","cat":"step","ph":"X","ts":139070,"dur":2,"pid":1,"tid":0},
{"name":"Constraint /Biped/Rig/Movers/twist_aims/elbowTwist_r_bind_aim","cat":"step","ph":"X","ts":139072,"dur":2,"pid":1,"tid":0},
{"name":"Constraint /Biped/Rig/Movers/twist_aims/elbowTwist_l_bind_aim","cat":"step","ph":"X","ts":139074,"dur":1,"pid":1,"tid":0},
{"name":"Constraint /Biped/Rig/Movers/twist_aims/shoulderNoTwist_r_bind_aim","cat":"step","ph":"X","ts":139075,"dur":2,"pid":1,"tid":0},
{"name":"Constraint /Biped/Rig/Movers/twist_aims/shoulderNoTwist_l_bind_aim","cat":"step","ph":"X","ts":139077,"dur":1,"pid":1,"tid":0},
{"name":"Constraint /Biped/Rig/Movers/pose_drivers/thigh_r_driver_copies_thigh_r_bind","cat":"step","ph":"X","ts":139078,"dur":3,"pid":1,"tid":0},
{"name":"Constraint /Biped/Rig/Movers/pose_drivers/thigh_l_driver_copies_thigh_l_bind","cat":"step","ph":"X","ts":139081,"dur":2,"pid":1,"tid":0},
{"name":"Constraint /Biped/Rig/Movers/pose_drivers/thigh_r_twist_driver_copies_thighNoTwist_r_bind","cat":"step","ph":"X","ts":139083,"dur":2,"pid":1,"tid":0},
{"name":"Constraint /Biped/Rig/Movers/pose_drivers/thigh_l_twist_driver_copies_thighNoTwist_l_bind","cat":"step","ph":"X","ts":139085,"dur":2,"pid":1,"tid":0},
{"name":"Constraint /Biped/Rig/Movers/pose_drivers/ankleTwist_r_driver_copies_ankleTwist_r_bind","cat":"step","ph":"X","ts":139087,"dur":1,"pid":1,"tid":0},
{"name":"Constraint /Biped/Rig/Movers/pose_drivers/ankleTwist_l_driver_copies_ankleTwist_l_bind","cat":"step","ph":"X","ts":139088,"dur":2,"pid":1,"tid":0},
{"name":"Constraint /Biped/Rig/Movers/pose_drivers/toe_r_driver_copies_ball_r_bind","cat":"step","ph":"X","ts":139090,"dur":2,"pid":1,"tid":0},
{"name":"Constraint /Biped/Rig/Movers/pose_drivers/toe_l_driver_copies_ball_l_bind","cat":"step","ph":"X","ts":139092,"dur":2,"pid":1,"tid":0},
{"name":"Constraint /Biped/Rig/Movers/pose_drivers/knee_r_driver_copies_knee_r_bind","cat":"step","ph":"X","ts":139094,"dur":2,"pid":1,"tid":0},
{"name":"Constraint /Biped/Rig/Movers/pose_drivers/knee_l_driver_copies_knee_l_bind","cat":"step","ph":"X","ts":139096,"dur":2,"pid":1,"tid":0},
{"name":"Constraint /Biped/Rig/Movers/pose_drivers/ankleSwing_r_driver_copies_ankle_r_bind","cat":"step","ph":"X","ts":139098,"dur":2,"pid":1,"tid":0},
{"name":"Constraint /Biped/Rig/Movers/pose_drivers/ankleSwing_l_driver_copies_ankle_l_bind","cat":"step","ph":"X","ts":139100,"dur":1,"pid":1,"tid":0},
{"name":"Constraint /Biped/Rig/Movers/pose_drivers/shoulder_r_driver_copies_shoulder_r_bind","cat":"step","ph":"X","ts":139101,"dur":3,"pid":1,"tid":0},
{"name":"Constraint /Biped/Rig/Movers/pose_drivers/shoulder_l_driver_copies_shoulder_l_bind","cat":"step","ph":"X","ts":139104,"dur":2,"pid":1,"tid":0},
{"name":"Constraint /Biped/Rig/Movers/pose_drivers/wristTwist_r_driver_copies_wristTwist_r_bind","cat":"step","ph":"X","ts":139106,"dur":2,"pid":1,"tid":0},
{"name":"Constraint /Biped/Rig/Movers/pose_drivers/wristTwist_l_driver_copies_wristTwist_l_bind","cat":"step","ph":"X","ts":139108,"dur":2,"pid":1,"tid":0},
{"name":"Constraint /Biped/Rig/Movers/pose_drivers/shoulder_r_twist_driver_copies_shoulderNoTwist_r_bind","cat":"step","ph":"X","ts":139110,"dur":2,"pid":1,"tid":0},
{"name":"Constraint /Biped/Rig/Movers/pose_drivers/shoulder_l_twist_driver_copies_shoulderNoTwist_l_bind","cat":"step","ph":"X","ts":139112,"dur":2,"pid":1,"tid":0},
{"name":"Constraint /Biped/Rig/Movers/pose_drivers/wristSwing_r_driver_copies_wrist_r_bind","cat":"step","ph":"X","ts":139114,"dur":2,"pid":1,"tid":0},
{"name":"Constraint /Biped/Rig/Movers/pose_drivers/wristSwing_l_driver_copies_wrist_l_bind","cat":"step","ph":"X","ts":139116,"dur":2,"pid":1,"tid":0},
{"name":"Constraint /Biped/Rig/Movers/pose_drivers/elbow_r_driver_copies_elbow_r_bind","cat":"step","ph":"X","ts":139118,"dur":2,"pid":1,"tid":0},
{"name":"Constraint /Biped/Rig/Movers/pose_drivers/elbow_l_driver_copies_elbow_l_bind","cat":"step","ph":"X","ts":139120,"dur":2,"pid":1,"tid":0},
{"name":"Constraint /Biped/Rig/Movers/param_follow/leg_r_params_to_ankle_r_bind","cat":"step","ph":"X","ts":139122,"dur":2,"pid":1,"tid":0},
{"name":"Constraint /Biped/Rig/Movers/param_follow/leg_l_params_to_ankle_l_bind","cat":"step","ph":"X","ts":139124,"dur":2,"pid":1,"tid":0},
{"name":"Constraint /Biped/Rig/Movers/param_follow/arm_r_params_to_wrist_r_bind","cat":"step","ph":"X","ts":139126,"dur":2,"pid":1,"tid":0},
{"name":"Constraint /Biped/Rig/Movers/param_follow/arm_l_params_to_wrist_l_bind","cat":"step","ph":"X","ts":139128,"dur":2,"pid":1,"tid":0},
{"name":"ProviderMatrix /Biped/Rig/Controls/leg_r_ik/ankle_r_pivot final","cat":"step","ph":"X","ts":139130,"dur":1,"pid":1,"tid":0},
{"name":"ProviderMatrix /Biped/Rig/Joints/ankle_l_pivot/bankIn_l_pivot final","cat":"step","ph":"X","ts":139131,"dur":1,"pid":1,"tid":0},
{"name":"ProviderMatrix /Biped/Rig/Joints/ankle_r_pivot/bankIn_r_pivot/bankOut_r_pivot/heel_r_pivot/ball_r_pivot final","cat":"step","ph":"X","ts":139132,"dur":1,"pid":1,"tid":0},
{"name":"ProviderMatrix /Biped/Rig/Joints/hips_bind/pelvis_l_bind/thighNoTwist_l_bind final","cat":"step","ph":"X","ts":139133,"dur":1,"pid":1,"tid":0},
{"name":"ProviderMatrix /Biped/Rig/Joints/hips_bind/pelvis_l_bind/thigh_l_bind/knee_l_bind/ankle_l_bind/ball_l_bind/toe1_001_l_bind/toe1_002_l_bind/toe1_003_l_bind final","cat":"step","ph":"X","ts":139134,"dur":1,"pid":1,"tid":0},
{"name":"ProviderMatrix /Biped/Rig/Joints/hips_bind/pelvis_l_bind/thigh_l_bind/knee_l_bind/ankle_l_bind/ball_l_bind/toe4_001_l_bind/toe4_002_l_bind final","cat":"step","ph":"X","ts":139135,"dur":1,"pid":1,"tid":0},
{"name":"ProviderMatrix /Biped/Rig/Joints/hips_bind/pelvis_r_bind final","cat":"step","ph":"X","ts":139136,"dur":1,"pid":1,"tid":0},
{"name":"ProviderMatrix /Biped/Rig/Joints/hips_bind/pelvis_r_bind/thigh_r_bind/knee_r_bind/ankleTwist_r_driver final","cat":"step","ph":"X","ts":139137,"dur":1,"pid":1,"tid":0},
{"name":"ProviderMatrix /Biped/Rig/Joints/hips_bind/pelvis_r_bind/thigh_r_bind/knee_r_bind/ankle_r_bind/ball_r_bind/toe3_001_r_bind final","cat":"step","ph":"X","ts":139138,"dur":1,"pid":1,"tid":0},
{"name":"ProviderMatrix /Biped/Rig/Joints/hips_bind/pelvis_r_bind/thigh_r_bind/knee_r_bind/ankle_r_bind/ball_r_bind/toe5_001_r_bind/toe5_002_r_bind/toe5_003_r_bind final","cat":"step","ph":"X","ts":139139,"dur":1,"pid":1,"tid":0},
{"name":"ProviderMatrix /Biped/Rig/Joints/hips_bind/spine_0_bind/spine_1_bind/spine_2_bind/spine_3_bind/spine_4_bind/spine_5_bind final","cat":"step","ph":"X","ts":139140,"dur":1,"pid":1,"tid":0},
{"name":"ProviderMatrix /Biped/Rig/Joints/hips_bind/spine_0_bind/spine_1_bind/spine_2_bind/spine_3_bind/spine_4_bind/spine_5_bind/chest_bind/clavicle_l_bind/shoulder_l_bind/elbow_l_bind/elbowTwist_l_bind final","cat":"step","ph":"X","ts":139141,"dur":1,"pid":1,"tid":0},
{"name":"ProviderMatrix /Biped/Rig/Joints/hips_bind/spine_0_bind/spine_1_bind/spine_2_bind/spine_3_bind/spine_4_bind/spine_5_bind/chest_bind/clavicle_l_bind/shoulder_l_bind/elbow_l_bind/wrist_l_bind/index_001_l_bind/index_002_l_bind/index_003_l_bind/index_004_l_bind/index_005_l_bind final","cat":"step","ph":"X","ts":139142,"dur":1,"pid":1,"tid":0},
{"name":"ProviderMatrix /Biped/Rig/Joints/hips_bind/spine_0_bind/spine_1_bind/spine_2_bind/spine_3_bind/spine_4_bind/spine_5_bind/chest_bind/clavicle_l_bind/shoulder_l_bind/elbow_l_bind/wrist_l_bind/pinkyCup_l_bind/pinky_001_l_bind/pinky_002_l_bind/pinky_003_l_bind final","cat":"step","ph":"X","ts":139143,"dur":1,"pid":1,"tid":0},
{"name":"ProviderMatrix /Biped/Rig/Joints/hips_bind/spine_0_bind/spine_1_bind/spine_2_bind/spine_3_bind/spine_4_bind/spine_5_bind/chest_bind/clavicle_l_bind/shoulder_l_bind/elbow_l_bind/wrist_l_bind/thumbCup_l_bind/thumb_001_l_bind final","cat":"step","ph":"X","ts":139144,"dur":1,"pid":1,"tid":0},
{"name":"ProviderMatrix /Biped/Rig/Joints/hips_bind/spine_0_bind/spine_1_bind/spine_2_bind/spine_3_bind/spine_4_bind/spine_5_bind/chest_bind/clavicle_r_bind/shoulder_r_bind final","cat":"step","ph":"X","ts":139145,"dur":1,"pid":1,"tid":0},
{"name":"ProviderMatrix /Biped/Rig/Joints/hips_bind/spine_0_bind/spine_1_bind/spine_2_bind/spine_3_bind/spine_4_bind/spine_5_bind/chest_bind/clavicle_r_bind/shoulder_r_bind/elbow_r_bind/wrist_r_bind/index_001_r_bind/index_002_r_bind/index_003_r_bind final","cat":"step","ph":"X","ts":139146,"dur":1,"pid":1,"tid":0},
{"name":"ProviderMatrix /Biped/Rig/Joints/hips_bind/spine_0_bind/spine_1_bind/spine_2_bind/spine_3_bind/spine_4_bind/spine_5_bind/chest_bind/clavicle_r_bind/shoulder_r_bind/elbow_r_bind/wrist_r_bind/pinkyCup_r_bind/pinky_001_r_bind/pinky_002_combo_r_driver final","cat":"step","ph":"X","ts":139147,"dur":1,"pid":1,"tid":0},
{"name":"ProviderMatrix /Biped/Rig/Joints/hips_bind/spine_0_bind/spine_1_bind/spine_2_bind/spine_3_bind/spine_4_bind/spine_5_bind/chest_bind/clavicle_r_bind/shoulder_r_bind/elbow_r_bind/wrist_r_bind/ring_001_r_bind/ring_002_r_bind/ring_003_r_bind/ring_004_r_bind/ring_005_r_bind final","cat":"step","ph":"X","ts":139148,"dur":1,"pid":1,"tid":0},
{"name":"ProviderMatrix /Biped/Rig/Joints/hips_bind/spine_0_bind/spine_1_bind/spine_2_bind/spine_3_bind/spine_4_bind/spine_5_bind/chest_bind/neck_base_bind/neck_0_bind/neck_1_bind/neck_2_bind/neck_3_bind/skull_bind final","cat":"step","ph":"X","ts":139149,"dur":1,"pid":1,"tid":0},
{"name":"ProviderMatrix /Biped/Rig/Joints/hips_bind/spine_0_bind/spine_1_bind/spine_2_bind/spine_3_bind/spine_4_bind/spine_5_bind/chest_bind/neck_base_bind/neck_0_bind/neck_1_bind/neck_2_bind/neck_3_bind/skull_bind/face_lower_bind/jaw_bind/tongue_0_bind/tongue_1_bind final","cat":"step","ph":"X","ts":139150,"dur":1,"pid":1,"tid":0},
{"name":"ProviderMatrix /Biped/Rig/Joints/hips_bind/spine_0_bind/spine_1_bind/spine_2_bind/spine_3_bind/spine_4_bind/spine_5_bind/chest_bind/neck_base_bind/neck_0_bind/neck_1_bind/neck_2_bind/neck_3_bind/skull_bind/face_upper_bind/head_tip_bind/brow_inner_r_bind final","cat":"step","ph":"X","ts":139151,"dur":1,"pid":1,"tid":0},
{"name":"ProviderMatrix /Biped/Rig/Joints/pupilCenter_r_pivot final","cat":"step","ph":"X","ts":139152,"dur":1,"pid":1,"tid":0},
{"name":"InfluenceFold /Biped/Rig/Movers/skin_body_geo/body_geo_skin","cat":"step","ph":"X","ts":139153,"dur":24,"pid":1,"tid":0},
{"name":"RevisionChunk /Biped/Rig/Movers/skin_body_geo/body_geo_skin","cat":"step","ph":"X","ts":139177,"dur":272,"pid":1,"tid":0},
{"name":"RevisionFuse /Biped/Rig/Movers/skin_body_geo/body_geo_skin","cat":"step","ph":"X","ts":139449,"dur":2,"pid":1,"tid":0},
{"name":"ChainStatus /Biped/Geom/body_geo.points","cat":"step","ph":"X","ts":139451,"dur":18,"pid":1,"tid":0},
{"name":"Derived /Biped/Geom/body_geo.extent","cat":"step","ph":"X","ts":139469,"dur":262,"pid":1,"tid":0},
{"name":"BakedPublish","cat":"baked","ph":"X","ts":139790,"dur":63,"pid":1,"tid":0},
{"name":"BakedEpilogue","cat":"baked","ph":"X","ts":139733,"dur":128,"pid":1,"tid":0},
{"name":"Baked","cat":"baked","ph":"X","ts":138602,"dur":1260,"pid":1,"tid":0},
{"name":"Evaluate.Run","cat":"evaluate","ph":"X","ts":138602,"dur":1260,"pid":1,"tid":0},
{"name":"Evaluate@4","cat":"evaluate","ph":"X","ts":138599,"dur":1264,"pid":1,"tid":0},
{"name":"Evaluate.Settle","cat":"evaluate","ph":"X","ts":139962,"dur":0,"pid":1,"tid":0},
{"name":"Evaluate.PlaceOverrides","cat":"evaluate","ph":"X","ts":139962,"dur":1,"pid":1,"tid":0},
{"name":"PropertyChains","cat":"property","ph":"X","ts":139965,"dur":7,"pid":1,"tid":0},
{"name":"BakedInputs","cat":"baked","ph":"X","ts":139973,"dur":9,"pid":1,"tid":0},
{"name":"BakedChainBase","cat":"geometry","ph":"X","ts":140086,"dur":2,"pid":1,"tid":0},
{"name":"BakedPrologue","cat":"baked","ph":"X","ts":139964,"dur":124,"pid":1,"tid":0},
{"name":"BakedRegion","cat":"baked","ph":"X","ts":140088,"dur":1289,"pid":1,"tid":0},
{"name":"ComposeSubtree /Biped/Rig/Controls/arm_l_ik","cat":"step","ph":"X","ts":140116,"dur":2,"pid":1,"tid":0},
{"name":"ComposeSubtree /Biped/Rig/Controls/hips_ctl","cat":"step","ph":"X","ts":140118,"dur":1,"pid":1,"tid":0},
{"name":"ComposeSubtree /Biped/Rig/Controls/hips_ctl/spine_root_pivot/spine_root_ctl","cat":"step","ph":"X","ts":140119,"dur":1,"pid":1,"tid":0},
{"name":"ComposeSubtree /Biped/Rig/Controls/hips_ctl/spine_root_pivot/spine_root_ctl/pelvis_r_ctl/leg_r_root/leg_r_fk_thigh_r_bind","cat":"step","ph":"X","ts":140120,"dur":1,"pid":1,"tid":0},
{"name":"ComposeSubtree /Biped/Rig/Controls/hips_ctl/torso_ctl/spine_end_pivot/spine_end_ctl","cat":"step","ph":"X","ts":140121,"dur":1,"pid":1,"tid":0},
{"name":"ComposeSubtree /Biped/Rig/Controls/hips_ctl/torso_ctl/spine_end_pivot/spine_end_ctl/clavicle_r_ctl/arm_r_root/arm_r_fk_shoulder_r_bind/arm_r_fk_elbow_r_bind","cat":"step","ph":"X","ts":140122,"dur":1,"pid":1,"tid":0},
{"name":"ComposeSubtree /Biped/Rig/Controls/index_001_l_bind_fk_follow","cat":"step","ph":"X","ts":140123,"dur":1,"pid":1,"tid":0},
{"name":"ComposeSubtree /Biped/Rig/Controls/index_001_r_bind_fk_follow/index_001_r_bind_fk/index_002_r_bind_fk/index_003_r_bind_fk","cat":"step","ph":"X","ts":140124,"dur":1,"pid":1,"tid":0},
{"name":"ComposeSubtree /Biped/Rig/Controls/leg_l_ik/ankle_l_pivot/bankIn_l_pivot/bankOut_l_pivot/heel_l_roll/heel_l/ball_l_pivot","cat":"step","ph":"X","ts":140125,"dur":1,"pid":1,"tid":0},
{"name":"ComposeSubtree /Biped/Rig/Controls/leg_l_ik/ankle_l_pivot/bankIn_l_pivot/bankOut_l_pivot/heel_l_roll/heel_l/ball_l_pivot/toe_l_roll/toe_l/ballRoll_l_up/ballRoll_l_down_twin","cat":"step","ph":"X","ts":140126,"dur":1,"pid":1,"tid":0},
{"name":"ComposeSubtree /Biped/Rig/Controls/leg_l_ik/ankle_l_pivot/bankIn_l_pivot/bankOut_l_pivot/heel_l_roll/heel_l/ball_l_pivot/toe_l_roll_twin","cat":"step","ph":"X","ts":140127,"dur":1,"pid":1,"tid":0},
{"name":"ComposeSubtree /Biped/Rig/Controls/leg_r_ik/ankle_r_pivot","cat":"step","ph":"X","ts":140128,"dur":1,"pid":1,"tid":0},
{"name":"ComposeSubtree /Biped/Rig/Controls/leg_r_ik/ankle_r_pivot/bankIn_r_pivot/bankOut_r_pivot/heel_r_roll/heel_r/ball_r_pivot/toe_r_roll/toe_r/ballRoll_r_up","cat":"step","ph":"X","ts":140129,"dur":1,"pid":1,"tid":0},
{"name":"ComposeSubtree /Biped/Rig/Controls/leg_r_ik/ankle_r_pivot/bankIn_r_pivot/bankOut_r_pivot/heel_r_roll/heel_r/ball_r_pivot/toe_r_roll/toe_r/ballRoll_r_up_twin","cat":"step","ph":"X","ts":140130,"dur":1,"pid":1,"tid":0},
{"name":"ComposeSubtree /Biped/Rig/Controls/leg_r_ik/ankle_r_pivot/bank_r","cat":"step","ph":"X","ts":140131,"dur":1,"pid":1,"tid":0},
{"name":"ComposeSubtree /Biped/Rig/Controls/middle_001_l_bind_fk_follow/middle_001_l_bind_fk/middle_002_l_bind_fk/middle_003_l_bind_fk","cat":"step","ph":"X","ts":140132,"dur":1,"pid":1,"tid":0},
{"name":"ComposeSubtree /Biped/Rig/Controls/pinkyCup_l_bind_fk_follow","cat":"step","ph":"X","ts":140133,"dur":1,"pid":1,"tid":0},
{"name":"ComposeSubtree /Biped/Rig/Controls/pinkyCup_r_bind_fk_follow/pinkyCup_r_bind_fk/pinky_001_r_bind_fk","cat":"step","ph":"X","ts":140134,"dur":1,"pid":1,"tid":0},
{"name":"ComposeSubtree /Biped/Rig/Controls/ring_001_r_bind_fk_follow","cat":"step","ph":"X","ts":140135,"dur":1,"pid":1,"tid":0},
{"name":"ComposeSubtree /Biped/Rig/Controls/thumbCup_l_bind_fk_follow","cat":"step","ph":"X","ts":140136,"dur":1,"pid":1,"tid":0},
{"name":"ComposeSubtree /Biped/Rig/Controls/thumbCup_r_bind_fk_follow/thumbCup_r_bind_fk/thumb_001_r_bind_fk/thumb_002_r_bind_fk","cat":"step","ph":"X","ts":140137,"dur":1,"pid":1,"tid":0},
{"name":"ComposeSubtree /Biped/Rig/Joints/ankle_l_pivot/bankIn_l_pivot/bankOut_l_pivot/heel_l_pivot/ball_l_pivot/toe_l_pivot/ballRoll_l_pivot","cat":"step","ph":"X","ts":140138,"dur":1,"pid":1,"tid":0},
{"name":"ComposeSubtree /Biped/Rig/Joints/ankle_r_pivot/bankIn_r_pivot/bankOut_r_pivot/heel_r_pivot/ball_r_pivot/toe_r_pivot/ballRoll_r_pivot","cat":"step","ph":"X","ts":140139,"dur":1,"pid":1,"tid":0},
{"name":"ComposeSubtree /Biped/Rig/Joints/hips_bind/pelvis_l_bind/pelvis_trans_l_bind/thigh_l_driver","cat":"step","ph":"X","ts":140140,"dur":1,"pid":1,"tid":0},
{"name":"ComposeSubtree /Biped/Rig/Joints/hips_bind/pelvis_l_bind/thigh_l_bind/knee_l_bind/ankleTwist_l_driver","cat":"step","ph":"X","ts":140141,"dur":1,"pid":1,"tid":0},
{"name":"ComposeSubtree /Biped/Rig/Joints/hips_bind/pelvis_l_bind/thigh_l_bind/knee_l_bind/ankle_l_bind/ball_l_bind/toe2_001_l_bind/toe2_002_l_bind/toe2_003_l_bind","cat":"step","ph":"X","ts":140142,"dur":1,"pid":1,"tid":0},
{"name":"ComposeSubtree /Biped/Rig/Joints/hips_bind/pelvis_l_bind/thigh_l_bind/knee_l_bind/ankle_l_bind/ball_l_bind/toe4_001_l_bind/toe4_002_l_bind/toe4_003_l_bind","cat":"step","ph":"X","ts":140143,"dur":1,"pid":1,"tid":0},
{"name":"ComposeSubtree /Biped/Rig/Joints/hips_bind/pelvis_l_bind/thigh_l_bind/knee_l_bind/kneeTwist_l_bind","cat":"step","ph":"X","ts":140144,"dur":1,"pid":1,"tid":0},
{"name":"ComposeSubtree /Biped/Rig/Joints/hips_bind/pelvis_r_bind/thighNoTwist_r_bind","cat":"step","ph":"X","ts":140145,"dur":1,"pid":1,"tid":0},
{"name":"ComposeSubtree /Biped/Rig/Joints/hips_bind/pelvis_r_bind/thigh_r_bind/knee_r_bind/ankle_r_bind/ball_r_bind","cat":"step","ph":"X","ts":140146,"dur":1,"pid":1,"tid":0},
{"name":"ComposeSubtree /Biped/Rig/Joints/hips_bind/pelvis_r_bind/thigh_r_bind/knee_r_bind/ankle_r_bind/ball_r_bind/toe2_001_r_bind/toe2_002_r_bind/toe2_003_r_bind","cat":"step","ph":"X","ts":140147,"dur":1,"pid":1,"tid":0},
{"name":"ComposeSubtree /Biped/Rig/Joints/hips_bind/pelvis_r_bind/thigh_r_bind/knee_r_bind/ankle_r_bind/ball_r_bind/toe4_001_r_bind/toe4_002_r_bind/toe4_003_r_bind","cat":"step","ph":"X","ts":140148,"dur":1,"pid":1,"tid":0},
{"name":"ComposeSubtree /Biped/Rig/Joints/hips_bind/pelvis_r_bind/thigh_r_bind/knee_r_bind/kneeTwist_r_bind","cat":"step","ph":"X","ts":140149,"dur":1,"pid":1,"tid":0},
{"name":"ComposeSubtree /Biped/Rig/Joints/hips_bind/spine_0_bind/spine_1_bind/spine_2_bind/spine_3_bind/spine_4_bind","cat":"step","ph":"X","ts":140150,"dur":1,"pid":1,"tid":0},
{"name":"ComposeSubtree /Biped/Rig/Joints/hips_bind/spine_0_bind/spine_1_bind/spine_2_bind/spine_3_bind/spine_4_bind/spine_5_bind/chest_bind/clavicle_l_bind/shoulder_l_bind","cat":"step","ph":"X","ts":140151,"dur":1,"pid":1,"tid":0},
{"name":"ComposeSubtree /Biped/Rig/Joints/hips_bind/spine_0_bind/spine_1_bind/spine_2_bind/spine_3_bind/spine_4_bind/spine_5_bind/chest_bind/clavicle_l_bind/shoulder_l_bind/elbow_l_bind/wristTwist_l_driver","cat":"step","ph":"X","ts":140152,"dur":1,"pid":1,"tid":0},
{"name":"ComposeSubtree /Biped/Rig/Joints/hips_bind/spine_0_bind/spine_1_bind/spine_2_bind/spine_3_bind/spine_4_bind/spine_5_bind/chest_bind/clavicle_l_bind/shoulder_l_bind/elbow_l_bind/wrist_l_bind/middle_001_l_bind","cat":"step","ph":"X","ts":140153,"dur":1,"pid":1,"tid":0},
{"name":"ComposeSubtree /Biped/Rig/Joints/hips_bind/spine_0_bind/spine_1_bind/spine_2_bind/spine_3_bind/spine_4_bind/spine_5_bind/chest_bind/clavicle_l_bind/shoulder_l_bind/elbow_l_bind/wrist_l_bind/middle_001_l_bind/middle_002_l_bind/middle_003_l_bind/middle_004_l_bind","cat":"step","ph":"X","ts":140154,"dur":1,"pid":1,"tid":0},
{"name":"ComposeSubtree /Biped/Rig/Joints/hips_bind/spine_0_bind/spine_1_bind/spine_2_bind/spine_3_bind/spine_4_bind/spine_5_bind/chest_bind/clavicle_l_bind/shoulder_l_bind/elbow_l_bind/wrist_l_bind/pinkyCup_l_bind/pinky_001_l_bind/pinky_002_combo_l_driver","cat":"step","ph":"X","ts":140155,"dur":1,"pid":1,"tid":0},
{"name":"ComposeSubtree /Biped/Rig/Joints/hips_bind/spine_0_bind/spine_1_bind/spine_2_bind/spine_3_bind/spine_4_bind/spine_5_bind/chest_bind/clavicle_l_bind/shoulder_l_bind/elbow_l_bind/wrist_l_bind/ring_001_l_bind/ring_002_l_bind/ring_003_l_bind/ring_004_l_bind","cat":"step","ph":"X","ts":140156,"dur":1,"pid":1,"tid":0},
{"name":"ComposeSubtree /Biped/Rig/Joints/hips_bind/spine_0_bind/spine_1_bind/spine_2_bind/spine_3_bind/spine_4_bind/spine_5_bind/chest_bind/clavicle_r_bind","cat":"step","ph":"X","ts":140157,"dur":1,"pid":1,"tid":0},
{"name":"ComposeSubtree /Biped/Rig/Joints/hips_bind/spine_0_bind/spine_1_bind/spine_2_bind/spine_3_bind/spine_4_bind/spine_5_bind/chest_bind/clavicle_r_bind/shoulder_r_bind/elbow_r_bind/elbowTwist_r_bind","cat":"step","ph":"X","ts":140158,"dur":1,"pid":1,"tid":0},
{"name":"ComposeSubtree /Biped/Rig/Joints/hips_bind/spine_0_bind/spine_1_bind/spine_2_bind/spine_3_bind/spine_4_bind/spine_5_bind/chest_bind/clavicle_r_bind/shoulder_r_bind/elbow_r_bind/wrist_r_bind/index_001_r_bind/index_002_r_bind","cat":"step","ph":"X","ts":140159,"dur":1,"pid":1,"tid":0},
{"name":"ComposeSubtree /Biped/Rig/Joints/hips_bind/spine_0_bind/spine_1_bind/spine_2_bind/spine_3_bind/spine_4_bind/spine_5_bind/chest_bind/clavicle_r_bind/shoulder_r_bind/elbow_r_bind/wrist_r_bind/middle_001_r_bind/middle_002_r_bind/middle_003_r_bind/middle_004_r_bind","cat":"step","ph":"X","ts":140160,"dur":1,"pid":1,"tid":0},
{"name":"ComposeSubtree /Biped/Rig/Joints/hips_bind/spine_0_bind/spine_1_bind/spine_2_bind/spine_3_bind/spine_4_bind/spine_5_bind/chest_bind/clavicle_r_bind/shoulder_r_bind/elbow_r_bind/wrist_r_bind/pinkyCup_r_bind/pinky_001_r_bind/pinky_002_r_bind/pinky_003_r_bind/pinky_004_r_bind","cat":"step","ph":"X","ts":140161,"dur":1,"pid":1,"tid":0},
{"name":"ComposeSubtree /Biped/Rig/Joints/hips_bind/spine_0_bind/spine_1_bind/spine_2_bind/spine_3_bind/spine_4_bind/spine_5_bind/chest_bind/clavicle_r_bind/shoulder_r_bind/elbow_r_bind/wrist_r_bind/thumbCup_r_bind","cat":"step","ph":"X","ts":140162,"dur":1,"pid":1,"tid":0},
{"name":"ComposeSubtree /Biped/Rig/Joints/hips_bind/spine_0_bind/spine_1_bind/spine_2_bind/spine_3_bind/spine_4_bind/spine_5_bind/chest_bind/neck_base_bind/neck_0_bind/neck_1_bind/neck_2_bind/neck_3_bind","cat":"step","ph":"X","ts":140163,"dur":1,"pid":1,"tid":0},
{"name":"ComposeSubtree /Biped/Rig/Joints/hips_bind/spine_0_bind/spine_1_bind/spine_2_bind/spine_3_bind/spine_4_bind/spine_5_bind/chest_bind/neck_base_bind/neck_0_bind/neck_1_bind/neck_2_bind/neck_3_bind/skull_bind/face_lower_bind/face_mid_bind/teeth_upper_bind","cat":"step","ph":"X","ts":140164,"dur":1,"pid":1,"tid":0},
{"name":"ComposeSubtree /Biped/Rig/Joints/hips_bind/spine_0_bind/spine_1_bind/spine_2_bind/spine_3_bind/spine_4_bind/spine_5_bind/chest_bind/neck_base_bind/neck_0_bind/neck_1_bind/neck_2_bind/neck_3_bind/skull_bind/face_upper_bind","cat":"step","ph":"X","ts":140165,"dur":1,"pid":1,"tid":0},
{"name":"ComposeSubtree /Biped/Rig/Joints/hips_bind/spine_0_bind/spine_1_bind/spine_2_bind/spine_3_bind/spine_4_bind/spine_5_bind/chest_bind/neck_base_bind/neck_0_bind/neck_1_bind/neck_2_bind/neck_3_bind/skull_bind/face_upper_bind/head_tip_bind/brow_inner_r_bind","cat":"step","ph":"X","ts":140166,"dur":1,"pid":1,"tid":0},
{"name":"ComposeSubtree /Biped/Rig/Joints/neck_ik_neck_0_bind/neck_ik_neck_1_bind/neck_ik_neck_2_bind/neck_ik_neck_3_bind","cat":"step","ph":"X","ts":140167,"dur":1,"pid":1,"tid":0},
{"name":"ComposeSubtree /Biped/Rig/Joints/spine_ik_spine_0_bind/spine_ik_spine_1_bind/spine_ik_spine_2_bind/spine_ik_spine_3_bind/spine_ik_spine_4_bind/spine_ik_spine_5_bind","cat":"step","ph":"X","ts":140168,"dur":1,"pid":1,"tid":0},
{"name":"Solve /Biped/Rig/Solvers/arm_l_fkChain","cat":"step","ph":"X","ts":140169,"dur":1,"pid":1,"tid":0},
{"name":"Solve /Biped/Rig/Solvers/arm_l_twoBoneIk","cat":"step","ph":"X","ts":140170,"dur":1,"pid":1,"tid":0},
{"name":"Solve /Biped/Rig/Solvers/leg_l_fkChain","cat":"step","ph":"X","ts":140171,"dur":1,"pid":1,"tid":0},
{"name":"Solve /Biped/Rig/Solvers/neck_splineIk","cat":"step","ph":"X","ts":140172,"dur":8,"pid":1,"tid":0},
{"name":"SolverCommit batch 6","cat":"step","ph":"X","ts":140180,"dur":1,"pid":1,"tid":0},
{"name":"Solve /Biped/Rig/Solvers/spine_splineIk","cat":"step","ph":"X","ts":140181,"dur":7,"pid":1,"tid":0},
{"name":"Solve /Biped/Rig/Solvers/arm_r_ikfk","cat":"step","ph":"X","ts":140188,"dur":1,"pid":1,"tid":0},
{"name":"SolverCommit batch 8","cat":"step","ph":"X","ts":140189,"dur":1,"pid":1,"tid":0},
{"name":"SolverCommit batch 9","cat":"step","ph":"X","ts":140190,"dur":1,"pid":1,"tid":0},
{"name":"Constraint /Biped/Rig/Movers/spine_mid_follow/spine_mid_follow_pos","cat":"step","ph":"X","ts":140191,"dur":7,"pid":1,"tid":0},
{"name":"Solve /Biped/Rig/Solvers/fk_thumb_r","cat":"step","ph":"X","ts":140198,"dur":1,"pid":1,"tid":0},
{"name":"Solve /Biped/Rig/Solvers/fk_ring_r","cat":"step","ph":"X","ts":140199,"dur":1,"pid":1,"tid":0},
{"name":"SolverCommit batch 12","cat":"step","ph":"X","ts":140200,"dur":1,"pid":1,"tid":0},
{"name":"Solve /Biped/Rig/Solvers/fk_pinky_r","cat":"step","ph":"X","ts":140201,"dur":1,"pid":1,"tid":0},
{"name":"Solve /Biped/Rig/Solvers/fk_middle_r","cat":"step","ph":"X","ts":140202,"dur":1,"pid":1,"tid":0},
{"name":"Solve /Biped/Rig/Solvers/fk_index_r","cat":"step","ph":"X","ts":140203,"dur":1,"pid":1,"tid":0},
{"name":"SolverCommit batch 15","cat":"step","ph":"X","ts":140204,"dur":1,"pid":1,"tid":0},
{"name":"SolverCommit batch 16","cat":"step","ph":"X","ts":140205,"dur":1,"pid":1,"tid":0},
{"name":"Solve /Biped/Rig/Solvers/fk_ring_l","cat":"step","ph":"X","ts":140206,"dur":1,"pid":1,"tid":0},
{"name":"Solve /Biped/Rig/Solvers/fk_pinky_l","cat":"step","ph":"X","ts":140207,"dur":1,"pid":1,"tid":0},
{"name":"SolverCommit batch 18","cat":"step","ph":"X","ts":140208,"dur":1,"pid":1,"tid":0},
{"name":"SolverCommit batch 19","cat":"step","ph":"X","ts":140209,"dur":1,"pid":1,"tid":0},
{"name":"Solve /Biped/Rig/Solvers/fk_index_l","cat":"step","ph":"X","ts":140210,"dur":1,"pid":1,"tid":0},
{"name":"Constraint /Biped/Rig/Movers/spine_mid_follow/spine_mid_follow_aim","cat":"step","ph":"X","ts":140211,"dur":3,"pid":1,"tid":0},
{"name":"Constraint /Biped/Rig/Movers/hand_r_follow/thumbCup_r_bind_fk_follow_to_wrist_r_bind","cat":"step","ph":"X","ts":140214,"dur":3,"pid":1,"tid":0},
{"name":"Constraint /Biped/Rig/Movers/hand_r_follow/ring_001_r_bind_fk_follow_to_wrist_r_bind","cat":"step","ph":"X","ts":140217,"dur":3,"pid":1,"tid":0},
{"name":"Constraint /Biped/Rig/Movers/hand_r_follow/pinkyCup_r_bind_fk_follow_to_wrist_r_bind","cat":"step","ph":"X","ts":140220,"dur":2,"pid":1,"tid":0},
{"name":"Constraint /Biped/Rig/Movers/hand_r_follow/middle_001_r_bind_fk_follow_to_wrist_r_bind","cat":"step","ph":"X","ts":140222,"dur":3,"pid":1,"tid":0},
{"name":"Constraint /Biped/Rig/Movers/hand_r_follow/index_001_r_bind_fk_follow_to_wrist_r_bind","cat":"step","ph":"X","ts":140225,"dur":2,"pid":1,"tid":0},
{"name":"Constraint /Biped/Rig/Movers/hand_l_follow/thumbCup_l_bind_fk_follow_to_wrist_l_bind","cat":"step","ph":"X","ts":140227,"dur":2,"pid":1,"tid":0},
{"name":"Constraint /Biped/Rig/Movers/hand_l_follow/ring_001_l_bind_fk_follow_to_wrist_l_bind","cat":"step","ph":"X","ts":140229,"dur":3,"pid":1,"tid":0},
{"name":"Constraint /Biped/Rig/Movers/hand_l_follow/pinkyCup_l_bind_fk_follow_to_wrist_l_bind","cat":"step","ph":"X","ts":140232,"dur":2,"pid":1,"tid":0},
{"name":"Constraint /Biped/Rig/Movers/hand_l_follow/middle_001_l_bind_fk_follow_to_wrist_l_bind","cat":"step","ph":"X","ts":140234,"dur":2,"pid":1,"tid":0},
{"name":"Constraint /Biped/Rig/Movers/hand_l_follow/index_001_l_bind_fk_follow_to_wrist_l_bind","cat":"step","ph":"X","ts":140236,"dur":2,"pid":1,"tid":0},
{"name":"Constraint /Biped/Rig/Movers/bankIn_r_pivot_rc/bankIn_r_pivot_rotation","cat":"step","ph":"X","ts":140238,"dur":2,"pid":1,"tid":0},
{"name":"Constraint /Biped/Rig/Movers/heel_r_roll_rc/heel_r_roll_rotation","cat":"step","ph":"X","ts":140240,"dur":1,"pid":1,"tid":0},
{"name":"Constraint /Biped/Rig/Movers/ballRoll_r_down_rc/ballRoll_r_down_rotation","cat":"step","ph":"X","ts":140241,"dur":1,"pid":1,"tid":0},
{"name":"SolverCommit batch 39","cat":"step","ph":"X","ts":140242,"dur":5,"pid":1,"tid":0},
{"name":"Constraint /Biped/Rig/Movers/ankle_r_bind_scAim/ankle_r_bind_aim","cat":"step","ph":"X","ts":140247,"dur":4,"pid":1,"tid":0},
{"name":"Constraint /Biped/Rig/Movers/ball_r_bind_scAim/ball_r_bind_aim","cat":"step","ph":"X","ts":140251,"dur":3,"pid":1,"tid":0},
{"name":"Constraint /Biped/Rig/Movers/bankOut_l_pivot_rc/bankOut_l_pivot_rotation","cat":"step","ph":"X","ts":140254,"dur":1,"pid":1,"tid":0},
{"name":"Constraint /Biped/Rig/Movers/toe_l_roll_rc/toe_l_roll_rotation","cat":"step","ph":"X","ts":140255,"dur":1,"pid":1,"tid":0},
{"name":"Solve /Biped/Rig/Solvers/leg_l_ikfk","cat":"step","ph":"X","ts":140256,"dur":1,"pid":1,"tid":0},
{"name":"SolverCommit batch 49","cat":"step","ph":"X","ts":140257,"dur":3,"pid":1,"tid":0},
{"name":"Constraint /Biped/Rig/Movers/ankle_l_bind_scAim/ankle_l_bind_aim","cat":"step","ph":"X","ts":140260,"dur":3,"pid":1,"tid":0},
{"name":"Constraint /Biped/Rig/Movers/ball_l_bind_scAim/ball_l_bind_aim","cat":"step","ph":"X","ts":140263,"dur":3,"pid":1,"tid":0},
{"name":"Constraint /Biped/Rig/Movers/hips_follow/spine_root_ctl_drives_hips_bind","cat":"step","ph":"X","ts":140266,"dur":2,"pid":1,"tid":0},
{"name":"PropagateChunk /Biped/Rig/Movers/hips_follow/spine_root_ctl_drives_hips_bind","cat":"step","ph":"X","ts":140268,"dur":5,"pid":1,"tid":0},
{"name":"Constraint /Biped/Rig/Movers/hips_follow/spine_root_ctl_scales_hips_bind","cat":"step","ph":"X","ts":140273,"dur":2,"pid":1,"tid":0},
{"name":"PropagateChunk /Biped/Rig/Movers/hips_follow/spine_root_ctl_scales_hips_bind","cat":"step","ph":"X","ts":140275,"dur":3,"pid":1,"tid":0},
{"name":"PropagateChunk /Biped/Rig/Movers/hips_follow/spine_root_ctl_scales_hips_bind","cat":"step","ph":"X","ts":140278,"dur":1,"pid":1,"tid":0},
{"name":"Constraint /Biped/Rig/Movers/spine_to_bind/spine_ik_spine_0_bind_scale_to_spine_0_bind","cat":"step","ph":"X","ts":140279,"dur":5,"pid":1,"tid":0},
{"name":"Constraint /Biped/Rig/Movers/spine_to_bind/spine_ik_spine_0_bind_to_spine_0_bind","cat":"step","ph":"X","ts":140284,"dur":6,"pid":1,"tid":0},
{"name":"Constraint /Biped/Rig/Movers/spine_to_bind/spine_ik_spine_1_bind_scale_to_spine_1_bind","cat":"step","ph":"X","ts":140290,"dur":4,"pid":1,"tid":0},
{"name":"Constraint /Biped/Rig/Movers/spine_to_bind/spine_ik_spine_1_bind_to_spine_1_bind","cat":"step","ph":"X","ts":140294,"dur":5,"pid":1,"tid":0},
{"name":"Constraint /Biped/Rig/Movers/spine_to_bind/spine_ik_spine_2_bind_scale_to_spine_2_bind","cat":"step","ph":"X","ts":140299,"dur":4,"pid":1,"tid":0},
{"name":"Constraint /Biped/Rig/Movers/spine_to_bind/spine_ik_spine_2_bind_to_spine_2_bind","cat":"step","ph":"X","ts":140303,"dur":6,"pid":1,"tid":0},
{"name":"Constraint /Biped/Rig/Movers/spine_to_bind/spine_ik_spine_3_bind_scale_to_spine_3_bind","cat":"step","ph":"X","ts":140309,"dur":4,"pid":1,"tid":0},
{"name":"Constraint /Biped/Rig/Movers/spine_to_bind/spine_ik_spine_3_bind_to_spine_3_bind","cat":"step","ph":"X","ts":140313,"dur":4,"pid":1,"tid":0},
{"name":"Constraint /Biped/Rig/Movers/spine_to_bind/spine_ik_spine_4_bind_scale_to_spine_4_bind","cat":"step","ph":"X","ts":140317,"dur":4,"pid":1,"tid":0},
{"name":"Constraint /Biped/Rig/Movers/spine_to_bind/spine_ik_spine_4_bind_to_spine_4_bind","cat":"step","ph":"X","ts":140321,"dur":5,"pid":1,"tid":0},
{"name":"Constraint /Biped/Rig/Movers/spine_to_bind/spine_ik_spine_5_bind_scale_to_spine_5_bind","cat":"step","ph":"X","ts":140326,"dur":3,"pid":1,"tid":0},
{"name":"Constraint /Biped/Rig/Movers/spine_to_bind/spine_ik_spine_5_bind_to_spine_5_bind","cat":"step","ph":"X","ts":140329,"dur":5,"pid":1,"tid":0},
{"name":"Constraint /Biped/Rig/Movers/spine_to_bind/spine_ik_chest_bind_scale_to_chest_bind","cat":"step","ph":"X","ts":140334,"dur":4,"pid":1,"tid":0},
{"name":"Constraint /Biped/Rig/Movers/spine_to_bind/spine_ik_chest_bind_to_chest_bind","cat":"step","ph":"X","ts":140338,"dur":4,"pid":1,"tid":0},
{"name":"Constraint /Biped/Rig/Movers/girdles/spine_end_ctl_drives_chest_bind","cat":"step","ph":"X","ts":140342,"dur":5,"pid":1,"tid":0},
{"name":"Constraint /Biped/Rig/Movers/girdles/pelvis_r_ctl_drives_pelvis_r_bind","cat":"step","ph":"X","ts":140347,"dur":1,"pid":1,"tid":0},
{"name":"Constraint /Biped/Rig/Movers/girdles/pelvis_l_ctl_drives_pelvis_l_bind","cat":"step","ph":"X","ts":140348,"dur":1,"pid":1,"tid":0},
{"name":"Constraint /Biped/Rig/Movers/girdles/clavicle_r_ctl_drives_clavicle_r_bind","cat":"step","ph":"X","ts":140349,"dur":1,"pid":1,"tid":0},
{"name":"Constraint /Biped/Rig/Movers/girdles/clavicle_l_ctl_drives_clavicle_l_bind","cat":"step","ph":"X","ts":140350,"dur":1,"pid":1,"tid":0},
{"name":"Constraint /Biped/Rig/Movers/girdles/spine_end_ctl_unsquashes_neck_base_bind","cat":"step","ph":"X","ts":140351,"dur":3,"pid":1,"tid":0},
{"name":"Constraint /Biped/Rig/Movers/girdles/clavicle_r_ctl_unsquashes_clavicle_r_bind","cat":"step","ph":"X","ts":140354,"dur":2,"pid":1,"tid":0},
{"name":"Constraint /Biped/Rig/Movers/girdles/clavicle_l_ctl_unsquashes_clavicle_l_bind","cat":"step","ph":"X","ts":140356,"dur":2,"pid":1,"tid":0},
{"name":"Constraint /Biped/Rig/Movers/neck_to_bind/neck_ik_neck_0_bind_scale_to_neck_0_bind","cat":"step","ph":"X","ts":140358,"dur":3,"pid":1,"tid":0},
{"name":"Constraint /Biped/Rig/Movers/neck_to_bind/neck_ik_neck_0_bind_to_neck_0_bind","cat":"step","ph":"X","ts":140361,"dur":4,"pid":1,"tid":0},
{"name":"Constraint /Biped/Rig/Movers/neck_to_bind/neck_ik_neck_1_bind_scale_to_neck_1_bind","cat":"step","ph":"X","ts":140365,"dur":3,"pid":1,"tid":0},
{"name":"Constraint /Biped/Rig/Movers/neck_to_bind/neck_ik_neck_1_bind_to_neck_1_bind","cat":"step","ph":"X","ts":140368,"dur":3,"pid":1,"tid":0},
{"name":"Constraint /Biped/Rig/Movers/neck_to_bind/neck_ik_neck_2_bind_scale_to_neck_2_bind","cat":"step","ph":"X","ts":140371,"dur":3,"pid":1,"tid":0},
{"name":"Constraint /Biped/Rig/Movers/neck_to_bind/neck_ik_neck_2_bind_to_neck_2_bind","cat":"step","ph":"X","ts":140374,"dur":3,"pid":1,"tid":0},
{"name":"Constraint /Biped/Rig/Movers/neck_to_bind/neck_ik_neck_3_bind_scale_to_neck_3_bind","cat":"step","ph":"X","ts":140377,"dur":3,"pid":1,"tid":0},
{"name":"Constraint /Biped/Rig/Movers/neck_to_bind/neck_ik_neck_3_bind_to_neck_3_bind","cat":"step","ph":"X","ts":140380,"dur":3,"pid":1,"tid":0},
{"name":"Constraint /Biped/Rig/Movers/neck_to_bind/neck_ik_skull_bind_scale_to_skull_bind","cat":"step","ph":"X","ts":140383,"dur":3,"pid":1,"tid":0},
{"name":"Constraint /Biped/Rig/Movers/neck_to_bind/neck_ik_skull_bind_to_skull_bind","cat":"step","ph":"X","ts":140386,"dur":3,"pid":1,"tid":0},
{"name":"Constraint /Biped/Rig/Movers/twist_aims/wristTwist_r_bind_copy","cat":"step","ph":"X","ts":140389,"dur":2,"pid":1,"tid":0},
{"name":"Constraint /Biped/Rig/Movers/twist_aims/wristTwist_r_bind_aim","cat":"step","ph":"X","ts":140391,"dur":2,"pid":1,"tid":0},
{"name":"Constraint /Biped/Rig/Movers/twist_aims/wristTwist_l_bind_copy","cat":"step","ph":"X","ts":140393,"dur":2,"pid":1,"tid":0},
{"name":"Constraint /Biped/Rig/Movers/twist_aims/wristTwist_l_bind_aim","cat":"step","ph":"X","ts":140395,"dur":2,"pid":1,"tid":0},
{"name":"Constraint /Biped/Rig/Movers/twist_aims/ankleTwist_r_bind_copy","cat":"step","ph":"X","ts":140397,"dur":1,"pid":1,"tid":0},
{"name":"Constraint /Biped/Rig/Movers/twist_aims/ankleTwist_r_bind_aim","cat":"step","ph":"X","ts":140398,"dur":2,"pid":1,"tid":0},
{"name":"Constraint /Biped/Rig/Movers/twist_aims/ankleTwist_l_bind_copy","cat":"step","ph":"X","ts":140400,"dur":2,"pid":1,"tid":0},
{"name":"Constraint /Biped/Rig/Movers/twist_aims/ankleTwist_l_bind_aim","cat":"step","ph":"X","ts":140402,"dur":1,"pid":1,"tid":0},
{"name":"Constraint /Biped/Rig/Movers/twist_aims/ankleTwist_r_bind_follows_ankle_r_bind","cat":"step","ph":"X","ts":140403,"dur":1,"pid":1,"tid":0},
{"name":"Constraint /Biped/Rig/Movers/twist_aims/wristTwist_r_bind_follows_wrist_r_bind","cat":"step","ph":"X","ts":140404,"dur":1,"pid":1,"tid":0},
{"name":"Constraint /Biped/Rig/Movers/twist_aims/thighNoTwist_r_bind_follows_thigh_r_bind","cat":"step","ph":"X","ts":140405,"dur":1,"pid":1,"tid":0},
{"name":"Constraint /Biped/Rig/Movers/twist_aims/shoulderNoTwist_r_bind_follows_shoulder_r_bind","cat":"step","ph":"X","ts":140406,"dur":1,"pid":1,"tid":0},
{"name":"Constraint /Biped/Rig/Movers/twist_aims/pelvis_trans_r_bind_follows_thigh_r_bind","cat":"step","ph":"X","ts":140407,"dur":1,"pid":1,"tid":0},
{"name":"Constraint /Biped/Rig/Movers/twist_aims/clavicle_trans_r_bind_follows_shoulder_r_bind","cat":"step","ph":"X","ts":140408,"dur":1,"pid":1,"tid":0},
{"name":"Constraint /Biped/Rig/Movers/twist_aims/pelvis_trans_r_bind_aim","cat":"step","ph":"X","ts":140409,"dur":2,"pid":1,"tid":0},
{"name":"Constraint /Biped/Rig/Movers/twist_aims/pelvis_trans_l_bind_aim","cat":"step","ph":"X","ts":140411,"dur":2,"pid":1,"tid":0},
{"name":"Constraint /Biped/Rig/Movers/twist_aims/kneeTwist_r_bind_aim","cat":"step","ph":"X","ts":140413,"dur":2,"pid":1,"tid":0},
{"name":"Constraint /Biped/Rig/Movers/twist_aims/kneeTwist_l_bind_aim","cat":"step","ph":"X","ts":140415,"dur":2,"pid":1,"tid":0},
{"name":"Constraint /Biped/Rig/Movers/twist_aims/thighNoTwist_r_bind_aim","cat":"step","ph":"X","ts":140417,"dur":1,"pid":1,"tid":0},
{"name":"Constraint /Biped/Rig/Movers/twist_aims/thighNoTwist_l_bind_aim","cat":"step","ph":"X","ts":140418,"dur":2,"pid":1,"tid":0},
{"name":"Constraint /Biped/Rig/Movers/twist_aims/clavicle_trans_r_bind_aim","cat":"step","ph":"X","ts":140420,"dur":2,"pid":1,"tid":0},
{"name":"Constraint /Biped/Rig/Movers/twist_aims/clavicle_trans_l_bind_aim","cat":"step","ph":"X","ts":140422,"dur":1,"pid":1,"tid":0},
{"name":"Constraint /Biped/Rig/Movers/twist_aims/elbowTwist_r_bind_aim","cat":"step","ph":"X","ts":140423,"dur":2,"pid":1,"tid":0},
{"name":"Constraint /Biped/Rig/Movers/twist_aims/elbowTwist_l_bind_aim","cat":"step","ph":"X","ts":140425,"dur":2,"pid":1,"tid":0},
{"name":"Constraint /Biped/Rig/Movers/twist_aims/shoulderNoTwist_r_bind_aim","cat":"step","ph":"X","ts":140427,"dur":1,"pid":1,"tid":0},
{"name":"Constraint /Biped/Rig/Movers/twist_aims/shoulderNoTwist_l_bind_aim","cat":"step","ph":"X","ts":140428,"dur":2,"pid":1,"tid":0},
{"name":"Constraint /Biped/Rig/Movers/pose_drivers/thigh_r_driver_copies_thigh_r_bind","cat":"step","ph":"X","ts":140430,"dur":2,"pid":1,"tid":0},
{"name":"Constraint /Biped/Rig/Movers/pose_drivers/thigh_l_driver_copies_thigh_l_bind","cat":"step","ph":"X","ts":140432,"dur":2,"pid":1,"tid":0},
{"name":"Constraint /Biped/Rig/Movers/pose_drivers/thigh_r_twist_driver_copies_thighNoTwist_r_bind","cat":"step","ph":"X","ts":140434,"dur":2,"pid":1,"tid":0},
{"name":"Constraint /Biped/Rig/Movers/pose_drivers/thigh_l_twist_driver_copies_thighNoTwist_l_bind","cat":"step","ph":"X","ts":140436,"dur":2,"pid":1,"tid":0},
{"name":"Constraint /Biped/Rig/Movers/pose_drivers/ankleTwist_r_driver_copies_ankleTwist_r_bind","cat":"step","ph":"X","ts":140438,"dur":1,"pid":1,"tid":0},
{"name":"Constraint /Biped/Rig/Movers/pose_drivers/ankleTwist_l_driver_copies_ankleTwist_l_bind","cat":"step","ph":"X","ts":140439,"dur":2,"pid":1,"tid":0},
{"name":"Constraint /Biped/Rig/Movers/pose_drivers/toe_r_driver_copies_ball_r_bind","cat":"step","ph":"X","ts":140441,"dur":2,"pid":1,"tid":0},
{"name":"Constraint /Biped/Rig/Movers/pose_drivers/toe_l_driver_copies_ball_l_bind","cat":"step","ph":"X","ts":140443,"dur":2,"pid":1,"tid":0},
{"name":"Constraint /Biped/Rig/Movers/pose_drivers/knee_r_driver_copies_knee_r_bind","cat":"step","ph":"X","ts":140445,"dur":3,"pid":1,"tid":0},
{"name":"Constraint /Biped/Rig/Movers/pose_drivers/knee_l_driver_copies_knee_l_bind","cat":"step","ph":"X","ts":140448,"dur":2,"pid":1,"tid":0},
{"name":"Constraint /Biped/Rig/Movers/pose_drivers/ankleSwing_r_driver_copies_ankle_r_bind","cat":"step","ph":"X","ts":140450,"dur":2,"pid":1,"tid":0},
{"name":"Constraint /Biped/Rig/Movers/pose_drivers/ankleSwing_l_driver_copies_ankle_l_bind","cat":"step","ph":"X","ts":140452,"dur":1,"pid":1,"tid":0},
{"name":"Constraint /Biped/Rig/Movers/pose_drivers/shoulder_r_driver_copies_shoulder_r_bind","cat":"step","ph":"X","ts":140453,"dur":3,"pid":1,"tid":0},
{"name":"Constraint /Biped/Rig/Movers/pose_drivers/shoulder_l_driver_copies_shoulder_l_bind","cat":"step","ph":"X","ts":140456,"dur":2,"pid":1,"tid":0},
{"name":"Constraint /Biped/Rig/Movers/pose_drivers/wristTwist_r_driver_copies_wristTwist_r_bind","cat":"step","ph":"X","ts":140458,"dur":2,"pid":1,"tid":0},
{"name":"Constraint /Biped/Rig/Movers/pose_drivers/wristTwist_l_driver_copies_wristTwist_l_bind","cat":"step","ph":"X","ts":140460,"dur":2,"pid":1,"tid":0},
{"name":"Constraint /Biped/Rig/Movers/pose_drivers/shoulder_r_twist_driver_copies_shoulderNoTwist_r_bind","cat":"step","ph":"X","ts":140462,"dur":2,"pid":1,"tid":0},
{"name":"Constraint /Biped/Rig/Movers/pose_drivers/shoulder_l_twist_driver_copies_shoulderNoTwist_l_bind","cat":"step","ph":"X","ts":140464,"dur":2,"pid":1,"tid":0},
{"name":"Constraint /Biped/Rig/Movers/pose_drivers/wristSwing_r_driver_copies_wrist_r_bind","cat":"step","ph":"X","ts":140466,"dur":2,"pid":1,"tid":0},
{"name":"Constraint /Biped/Rig/Movers/pose_drivers/wristSwing_l_driver_copies_wrist_l_bind","cat":"step","ph":"X","ts":140468,"dur":2,"pid":1,"tid":0},
{"name":"Constraint /Biped/Rig/Movers/pose_drivers/elbow_r_driver_copies_elbow_r_bind","cat":"step","ph":"X","ts":140470,"dur":2,"pid":1,"tid":0},
{"name":"Constraint /Biped/Rig/Movers/pose_drivers/elbow_l_driver_copies_elbow_l_bind","cat":"step","ph":"X","ts":140472,"dur":2,"pid":1,"tid":0},
{"name":"Constraint /Biped/Rig/Movers/param_follow/leg_r_params_to_ankle_r_bind","cat":"step","ph":"X","ts":140474,"dur":2,"pid":1,"tid":0},
{"name":"Constraint /Biped/Rig/Movers/param_follow/leg_l_params_to_ankle_l_bind","cat":"step","ph":"X","ts":140476,"dur":2,"pid":1,"tid":0},
{"name":"Constraint /Biped/Rig/Movers/param_follow/arm_r_params_to_wrist_r_bind","cat":"step","ph":"X","ts":140478,"dur":2,"pid":1,"tid":0},
{"name":"Constraint /Biped/Rig/Movers/param_follow/arm_l_params_to_wrist_l_bind","cat":"step","ph":"X","ts":140480,"dur":1,"pid":1,"tid":0},
{"name":"ProviderMatrix /Biped/Rig/Controls/leg_l_ik/ankle_l_pivot final","cat":"step","ph":"X","ts":140481,"dur":1,"pid":1,"tid":0},
{"name":"ProviderMatrix /Biped/Rig/Controls/leg_r_ik/ankle_r_pivot/bankIn_r_pivot final","cat":"step","ph":"X","ts":140482,"dur":1,"pid":1,"tid":0},
{"name":"ProviderMatrix /Biped/Rig/Joints/ankle_l_pivot/bankIn_l_pivot/bankOut_l_pivot/heel_l_pivot final","cat":"step","ph":"X","ts":140483,"dur":1,"pid":1,"tid":0},
{"name":"ProviderMatrix /Biped/Rig/Joints/ankle_r_pivot/bankIn_r_pivot/bankOut_r_pivot/heel_r_pivot/ball_r_pivot/toe_r_pivot/toeBend_r_pivot final","cat":"step","ph":"X","ts":140484,"dur":1,"pid":1,"tid":0},
{"name":"ProviderMatrix /Biped/Rig/Joints/hips_bind/pelvis_l_bind/thigh_l_bind/knee_l_bind final","cat":"step","ph":"X","ts":140485,"dur":1,"pid":1,"tid":0},
{"name":"ProviderMatrix /Biped/Rig/Joints/hips_bind/pelvis_l_bind/thigh_l_bind/knee_l_bind/ankle_l_bind/ball_l_bind/toe2_001_l_bind/toe2_002_l_bind final","cat":"step","ph":"X","ts":140486,"dur":1,"pid":1,"tid":0},
{"name":"ProviderMatrix /Biped/Rig/Joints/hips_bind/pelvis_l_bind/thigh_l_bind/knee_l_bind/ankle_l_bind/ball_l_bind/toe5_001_l_bind final","cat":"step","ph":"X","ts":140487,"dur":1,"pid":1,"tid":0},
{"name":"ProviderMatrix /Biped/Rig/Joints/hips_bind/pelvis_r_bind/pelvis_trans_r_bind/thigh_r_driver final","cat":"step","ph":"X","ts":140488,"dur":1,"pid":1,"tid":0},
{"name":"ProviderMatrix /Biped/Rig/Joints/hips_bind/pelvis_r_bind/thigh_r_bind/knee_r_bind/ankle_r_bind/ball_r_bind/toe1_001_r_bind/toe1_002_r_bind final","cat":"step","ph":"X","ts":140489,"dur":1,"pid":1,"tid":0},
{"name":"ProviderMatrix /Biped/Rig/Joints/hips_bind/pelvis_r_bind/thigh_r_bind/knee_r_bind/ankle_r_bind/ball_r_bind/toe3_001_r_bind/toe3_002_r_bind/toe3_003_r_bind/toe3_004_r_bind final","cat":"step","ph":"X","ts":140490,"dur":1,"pid":1,"tid":0},
{"name":"ProviderMatrix /Biped/Rig/Joints/hips_bind/pelvis_r_bind/thigh_r_bind/knee_r_bind/kneeTwist_r_bind final","cat":"step","ph":"X","ts":140491,"dur":1,"pid":1,"tid":0},
{"name":"ProviderMatrix /Biped/Rig/Joints/hips_bind/spine_0_bind/spine_1_bind/spine_2_bind/spine_3_bind/spine_4_bind/spine_5_bind/chest_bind/clavicle_l_bind/clavicle_trans_l_bind final","cat":"step","ph":"X","ts":140492,"dur":1,"pid":1,"tid":0},
{"name":"ProviderMatrix /Biped/Rig/Joints/hips_bind/spine_0_bind/spine_1_bind/spine_2_bind/spine_3_bind/spine_4_bind/spine_5_bind/chest_bind/clavicle_l_bind/shoulder_l_bind/elbow_l_bind/wristTwist_l_driver final","cat":"step","ph":"X","ts":140493,"dur":1,"pid":1,"tid":0},
{"name":"ProviderMatrix /Biped/Rig/Joints/hips_bind/spine_0_bind/spine_1_bind/spine_2_bind/spine_3_bind/spine_4_bind/spine_5_bind/chest_bind/clavicle_l_bind/shoulder_l_bind/elbow_l_bind/wrist_l_bind/middle_001_l_bind/middle_002_l_bind/middle_003_l_bind final","cat":"step","ph":"X","ts":140494,"dur":1,"pid":1,"tid":0},
{"name":"ProviderMatrix /Biped/Rig/Joints/hips_bind/spine_0_bind/spine_1_bind/spine_2_bind/spine_3_bind/spine_4_bind/spine_5_bind/chest_bind/clavicle_l_bind/shoulder_l_bind/elbow_l_bind/wrist_l_bind/ring_001_l_bind/ring_002_combo_l_driver final","cat":"step","ph":"X","ts":140495,"dur":1,"pid":1,"tid":0},
{"name":"ProviderMatrix /Biped/Rig/Joints/hips_bind/spine_0_bind/spine_1_bind/spine_2_bind/spine_3_bind/spine_4_bind/spine_5_bind/chest_bind/clavicle_r_bind/clavicle_trans_combo_r_driver final","cat":"step","ph":"X","ts":140496,"dur":1,"pid":1,"tid":0},
{"name":"ProviderMatrix /Biped/Rig/Joints/hips_bind/spine_0_bind/spine_1_bind/spine_2_bind/spine_3_bind/spine_4_bind/spine_5_bind/chest_bind/clavicle_r_bind/shoulder_r_bind/elbow_r_bind/wristTwist_r_bind/wristSwing_r_driver final","cat":"step","ph":"X","ts":140497,"dur":1,"pid":1,"tid":0},
{"name":"ProviderMatrix /Biped/Rig/Joints/hips_bind/spine_0_bind/spine_1_bind/spine_2_bind/spine_3_bind/spine_4_bind/spine_5_bind/chest_bind/clavicle_r_bind/shoulder_r_bind/elbow_r_bind/wrist_r_bind/middle_001_r_bind/middle_002_r_bind final","cat":"step","ph":"X","ts":140498,"dur":1,"pid":1,"tid":0},
{"name":"ProviderMatrix /Biped/Rig/Joints/hips_bind/spine_0_bind/spine_1_bind/spine_2_bind/spine_3_bind/spine_4_bind/spine_5_bind/chest_bind/clavicle_r_bind/shoulder_r_bind/elbow_r_bind/wrist_r_bind/pinkyCup_r_bind/pinky_001_r_bind/pinky_002_r_bind/pinky_003_r_bind/pinky_004_r_bind/pinky_005_r_bind final","cat":"step","ph":"X","ts":140499,"dur":1,"pid":1,"tid":0},
{"name":"ProviderMatrix /Biped/Rig/Joints/hips_bind/spine_0_bind/spine_1_bind/spine_2_bind/spine_3_bind/spine_4_bind/spine_5_bind/chest_bind/clavicle_r_bind/shoulder_r_bind/elbow_r_bind/wrist_r_bind/thumbCup_r_bind/thumb_001_r_bind/thumb_002_r_bind/thumb_003_r_bind/thumb_004_r_bind final","cat":"step","ph":"X","ts":140500,"dur":1,"pid":1,"tid":0},
{"name":"ProviderMatrix /Biped/Rig/Joints/hips_bind/spine_0_bind/spine_1_bind/spine_2_bind/spine_3_bind/spine_4_bind/spine_5_bind/chest_bind/neck_base_bind/neck_0_bind/neck_1_bind/neck_2_bind/neck_3_bind/skull_bind/face_lower_bind/face_mid_bind/nose_bridge_bind/nose_bind final","cat":"step","ph":"X","ts":140501,"dur":1,"pid":1,"tid":0},
{"name":"ProviderMatrix /Biped/Rig/Joints/hips_bind/spine_0_bind/spine_1_bind/spine_2_bind/spine_3_bind/spine_4_bind/spine_5_bind/chest_bind/neck_base_bind/neck_0_bind/neck_1_bind/neck_2_bind/neck_3_bind/skull_bind/face_upper_bind/eyeSocket_l_bind final","cat":"step","ph":"X","ts":140502,"dur":1,"pid":1,"tid":0},
{"name":"ProviderMatrix /Biped/Rig/Joints/neck_ik_neck_0_bind final","cat":"step","ph":"X","ts":140503,"dur":1,"pid":1,"tid":0},
{"name":"ProviderMatrix /Biped/Rig/Joints/spine_ik_spine_0_bind/spine_ik_spine_1_bind/spine_ik_spine_2_bind/spine_ik_spine_3_bind/spine_ik_spine_4_bind final","cat":"step","ph":"X","ts":140504,"dur":1,"pid":1,"tid":0},
{"name":"InfluenceFold /Biped/Rig/Movers/skin_body_geo/body_geo_skin","cat":"step","ph":"X","ts":140505,"dur":23,"pid":1,"tid":0},
{"name":"RevisionChunk /Biped/Rig/Movers/skin_body_geo/body_geo_skin","cat":"step","ph":"X","ts":140528,"dur":635,"pid":1,"tid":0},
{"name":"RevisionFuse /Biped/Rig/Movers/skin_body_geo/body_geo_skin","cat":"step","ph":"X","ts":141163,"dur":2,"pid":1,"tid":0},
{"name":"ChainStatus /Biped/Geom/body_geo.points","cat":"step","ph":"X","ts":141165,"dur":14,"pid":1,"tid":0},
{"name":"Derived /Biped/Geom/body_geo.extent","cat":"step","ph":"X","ts":141179,"dur":197,"pid":1,"tid":0},
{"name":"BakedPublish","cat":"baked","ph":"X","ts":141440,"dur":61,"pid":1,"tid":0},
{"name":"BakedEpilogue","cat":"baked","ph":"X","ts":141378,"dur":131,"pid":1,"tid":0},
{"name":"Baked","cat":"baked","ph":"X","ts":139964,"dur":1545,"pid":1,"tid":0},
{"name":"Evaluate.Run","cat":"evaluate","ph":"X","ts":139963,"dur":1547,"pid":1,"tid":0},
{"name":"Evaluate@5","cat":"evaluate","ph":"X","ts":139962,"dur":1548,"pid":1,"tid":0},
{"name":"Evaluate.Settle","cat":"evaluate","ph":"X","ts":141625,"dur":0,"pid":1,"tid":0},
{"name":"Evaluate.PlaceOverrides","cat":"evaluate","ph":"X","ts":141626,"dur":0,"pid":1,"tid":0},
{"name":"PropertyChains","cat":"property","ph":"X","ts":141629,"dur":6,"pid":1,"tid":0},
{"name":"BakedInputs","cat":"baked","ph":"X","ts":141636,"dur":8,"pid":1,"tid":0},
{"name":"BakedChainBase","cat":"geometry","ph":"X","ts":141746,"dur":2,"pid":1,"tid":0},
{"name":"BakedPrologue","cat":"baked","ph":"X","ts":141628,"dur":120,"pid":1,"tid":0},
{"name":"BakedRegion","cat":"baked","ph":"X","ts":141749,"dur":1733,"pid":1,"tid":0},
{"name":"ComposeSubtree /Biped/Rig/Controls/arm_l_ik","cat":"step","ph":"X","ts":141778,"dur":8,"pid":1,"tid":0},
{"name":"ComposeSubtree /Biped/Rig/Controls/arm_r_params","cat":"step","ph":"X","ts":141786,"dur":1,"pid":1,"tid":0},
{"name":"ComposeSubtree /Biped/Rig/Controls/hips_ctl","cat":"step","ph":"X","ts":141787,"dur":1,"pid":1,"tid":0},
{"name":"ComposeSubtree /Biped/Rig/Controls/hips_ctl/spine_root_pivot/spine_root_ctl/pelvis_l_ctl/leg_l_root/leg_l_fk_thigh_l_bind/leg_l_fk_knee_l_bind","cat":"step","ph":"X","ts":141788,"dur":1,"pid":1,"tid":0},
{"name":"ComposeSubtree /Biped/Rig/Controls/hips_ctl/torso_ctl","cat":"step","ph":"X","ts":141789,"dur":1,"pid":1,"tid":0},
{"name":"ComposeSubtree /Biped/Rig/Controls/hips_ctl/torso_ctl/spine_end_pivot/spine_end_ctl/clavicle_r_ctl","cat":"step","ph":"X","ts":141790,"dur":1,"pid":1,"tid":0},
{"name":"ComposeSubtree /Biped/Rig/Controls/hips_ctl/torso_ctl/spine_end_pivot/spine_end_ctl/neck_root_ctl/neck_end_pivot","cat":"step","ph":"X","ts":141791,"dur":1,"pid":1,"tid":0},
{"name":"ComposeSubtree /Biped/Rig/Controls/index_001_r_bind_fk_follow","cat":"step","ph":"X","ts":141792,"dur":1,"pid":1,"tid":0},
{"name":"ComposeSubtree /Biped/Rig/Controls/leg_l_ik/ankle_l_pivot/bankIn_l_pivot/bankOut_l_pivot/heel_l_roll","cat":"step","ph":"X","ts":141793,"dur":1,"pid":1,"tid":0},
{"name":"ComposeSubtree /Biped/Rig/Controls/leg_l_ik/ankle_l_pivot/bankIn_l_pivot/bankOut_l_pivot/heel_l_roll/heel_l/ball_l_pivot/toe_l_roll/toe_l/ballRoll_l_up/ballRoll_l_down/ballRoll_l/ankle_l_ikTarget","cat":"step","ph":"X","ts":141794,"dur":1,"pid":1,"tid":0},
{"name":"ComposeSubtree /Biped/Rig/Controls/leg_l_ik/ankle_l_pivot/bankIn_l_pivot/bankOut_l_pivot/heel_l_roll/heel_l/ball_l_pivot/toe_l_roll/toe_l/toeBend_l/toeBend_l_fk","cat":"step","ph":"X","ts":141795,"dur":1,"pid":1,"tid":0},
{"name":"ComposeSubtree /Biped/Rig/Controls/leg_l_pv","cat":"step","ph":"X","ts":141796,"dur":1,"pid":1,"tid":0},
{"name":"ComposeSubtree /Biped/Rig/Controls/leg_r_ik/ankle_r_pivot/bankIn_r_pivot/bankOut_r_pivot/heel_r_roll/heel_r","cat":"step","ph":"X","ts":141797,"dur":1,"pid":1,"tid":0},
{"name":"ComposeSubtree /Biped/Rig/Controls/leg_r_ik/ankle_r_pivot/bankIn_r_pivot/bankOut_r_pivot/heel_r_roll/heel_r/ball_r_pivot/toe_r_roll/toe_r/ballRoll_r_up/ballRoll_r_down/ballRoll_r/ball_r_ikTarget","cat":"step","ph":"X","ts":141798,"dur":1,"pid":1,"tid":0},
{"name":"ComposeSubtree /Biped/Rig/Controls/leg_r_ik/ankle_r_pivot/bankIn_r_pivot/bankOut_r_pivot_twin","cat":"step","ph":"X","ts":141799,"dur":1,"pid":1,"tid":0},
{"name":"ComposeSubtree /Biped/Rig/Controls/middle_001_l_bind_fk_follow/middle_001_l_bind_fk","cat":"step","ph":"X","ts":141800,"dur":1,"pid":1,"tid":0},
{"name":"ComposeSubtree /Biped/Rig/Controls/pinkyCup_l_bind_fk_follow","cat":"step","ph":"X","ts":141801,"dur":1,"pid":1,"tid":0},
{"name":"ComposeSubtree /Biped/Rig/Controls/pinkyCup_r_bind_fk_follow/pinkyCup_r_bind_fk/pinky_001_r_bind_fk","cat":"step","ph":"X","ts":141802,"dur":1,"pid":1,"tid":0},
{"name":"ComposeSubtree /Biped/Rig/Controls/ring_001_l_bind_fk_follow/ring_001_l_bind_fk/ring_002_l_bind_fk/ring_003_l_bind_fk","cat":"step","ph":"X","ts":141803,"dur":1,"pid":1,"tid":0},
{"name":"ComposeSubtree /Biped/Rig/Controls/thumbCup_l_bind_fk_follow","cat":"step","ph":"X","ts":141804,"dur":1,"pid":1,"tid":0},
{"name":"ComposeSubtree /Biped/Rig/Controls/thumbCup_r_bind_fk_follow/thumbCup_r_bind_fk/thumb_001_r_bind_fk","cat":"step","ph":"X","ts":141805,"dur":1,"pid":1,"tid":0},
{"name":"ComposeSubtree /Biped/Rig/Joints/ankle_l_pivot/bankIn_l_pivot/bankOut_l_pivot/heel_l_pivot/ball_l_pivot","cat":"step","ph":"X","ts":141806,"dur":1,"pid":1,"tid":0},
{"name":"ComposeSubtree /Biped/Rig/Joints/ankle_r_pivot/bankIn_r_pivot/bankOut_r_pivot/heel_r_pivot/ball_r_pivot/toe_r_pivot/ballRoll_r_pivot","cat":"step","ph":"X","ts":141807,"dur":1,"pid":1,"tid":0},
{"name":"ComposeSubtree /Biped/Rig/Joints/hips_bind/pelvis_l_bind/pelvis_trans_l_bind/thigh_l_driver","cat":"step","ph":"X","ts":141808,"dur":1,"pid":1,"tid":0},
{"name":"ComposeSubtree /Biped/Rig/Joints/hips_bind/pelvis_l_bind/thigh_l_bind/knee_l_bind/ankleTwist_l_driver","cat":"step","ph":"X","ts":141809,"dur":1,"pid":1,"tid":0},
{"name":"ComposeSubtree /Biped/Rig/Joints/hips_bind/pelvis_l_bind/thigh_l_bind/knee_l_bind/ankle_l_bind/ball_l_bind/toe2_001_l_bind/toe2_002_l_bind/toe2_003_l_bind","cat":"step","ph":"X","ts":141810,"dur":1,"pid":1,"tid":0},
{"name":"ComposeSubtree /Biped/Rig/Joints/hips_bind/pelvis_l_bind/thigh_l_bind/knee_l_bind/ankle_l_bind/ball_l_bind/toe4_001_l_bind/toe4_002_l_bind/toe4_003_l_bind","cat":"step","ph":"X","ts":141811,"dur":1,"pid":1,"tid":0},
{"name":"ComposeSubtree /Biped/Rig/Joints/hips_bind/pelvis_l_bind/thigh_l_bind/knee_l_bind/kneeTwist_l_bind","cat":"step","ph":"X","ts":141812,"dur":1,"pid":1,"tid":0},
{"name":"ComposeSubtree /Biped/Rig/Joints/hips_bind/pelvis_r_bind/thighNoTwist_r_bind","cat":"step","ph":"X","ts":141813,"dur":1,"pid":1,"tid":0},
{"name":"ComposeSubtree /Biped/Rig/Joints/hips_bind/pelvis_r_bind/thigh_r_bind/knee_r_bind/ankle_r_bind/ball_r_bind","cat":"step","ph":"X","ts":141814,"dur":1,"pid":1,"tid":0},
{"name":"ComposeSubtree /Biped/Rig/Joints/hips_bind/pelvis_r_bind/thigh_r_bind/knee_r_bind/ankle_r_bind/ball_r_bind/toe2_001_r_bind/toe2_002_r_bind/toe2_003_r_bind","cat":"step","ph":"X","ts":141815,"dur":1,"pid":1,"tid":0},
{"name":"ComposeSubtree /Biped/Rig/Joints/hips_bind/pelvis_r_bind/thigh_r_bind/knee_r_bind/ankle_r_bind/ball_r_bind/toe4_001_r_bind/toe4_002_r_bind/toe4_003_r_bind","cat":"step","ph":"X","ts":141816,"dur":1,"pid":1,"tid":0},
{"name":"ComposeSubtree /Biped/Rig/Joints/hips_bind/pelvis_r_bind/thigh_r_bind/knee_r_bind/kneeTwist_r_bind","cat":"step","ph":"X","ts":141817,"dur":1,"pid":1,"tid":0},
{"name":"ComposeSubtree /Biped/Rig/Joints/hips_bind/spine_0_bind/spine_1_bind/spine_2_bind/spine_3_bind/spine_4_bind/spine_5_bind/chest_bind","cat":"step","ph":"X","ts":141818,"dur":1,"pid":1,"tid":0},
{"name":"ComposeSubtree /Biped/Rig/Joints/hips_bind/spine_0_bind/spine_1_bind/spine_2_bind/spine_3_bind/spine_4_bind/spine_5_bind/chest_bind/clavicle_l_bind/shoulder_l_bind","cat":"step","ph":"X","ts":141819,"dur":1,"pid":1,"tid":0},
{"name":"ComposeSubtree /Biped/Rig/Joints/hips_bind/spine_0_bind/spine_1_bind/spine_2_bind/spine_3_bind/spine_4_bind/spine_5_bind/chest_bind/clavicle_l_bind/shoulder_l_bind/elbow_l_bind/wrist_l_bind/index_001_l_bind","cat":"step","ph":"X","ts":141820,"dur":1,"pid":1,"tid":0},
{"name":"ComposeSubtree /Biped/Rig/Joints/hips_bind/spine_0_bind/spine_1_bind/spine_2_bind/spine_3_bind/spine_4_bind/spine_5_bind/chest_bind/clavicle_l_bind/shoulder_l_bind/elbow_l_bind/wrist_l_bind/middle_001_l_bind/middle_002_l_bind","cat":"step","ph":"X","ts":141821,"dur":1,"pid":1,"tid":0},
{"name":"ComposeSubtree /Biped/Rig/Joints/hips_bind/spine_0_bind/spine_1_bind/spine_2_bind/spine_3_bind/spine_4_bind/spine_5_bind/chest_bind/clavicle_l_bind/shoulder_l_bind/elbow_l_bind/wrist_l_bind/pinkyCup_l_bind/pinky_001_l_bind/pinky_002_l_bind/pinky_003_l_bind","cat":"step","ph":"X","ts":141822,"dur":1,"pid":1,"tid":0},
{"name":"ComposeSubtree /Biped/Rig/Joints/hips_bind/spine_0_bind/spine_1_bind/spine_2_bind/spine_3_bind/spine_4_bind/spine_5_bind/chest_bind/clavicle_l_bind/shoulder_l_bind/elbow_l_bind/wrist_l_bind/ring_001_l_bind/ring_002_l_bind/ring_003_l_bind/ring_004_l_bind","cat":"step","ph":"X","ts":141823,"dur":1,"pid":1,"tid":0},
{"name":"ComposeSubtree /Biped/Rig/Joints/hips_bind/spine_0_bind/spine_1_bind/spine_2_bind/spine_3_bind/spine_4_bind/spine_5_bind/chest_bind/clavicle_r_bind/clavicle_trans_r_bind","cat":"step","ph":"X","ts":141824,"dur":1,"pid":1,"tid":0},
{"name":"ComposeSubtree /Biped/Rig/Joints/hips_bind/spine_0_bind/spine_1_bind/spine_2_bind/spine_3_bind/spine_4_bind/spine_5_bind/chest_bind/clavicle_r_bind/shoulder_r_bind/elbow_r_bind/elbowTwist_r_bind","cat":"step","ph":"X","ts":141825,"dur":1,"pid":1,"tid":0},
{"name":"ComposeSubtree /Biped/Rig/Joints/hips_bind/spine_0_bind/spine_1_bind/spine_2_bind/spine_3_bind/spine_4_bind/spine_5_bind/chest_bind/clavicle_r_bind/shoulder_r_bind/elbow_r_bind/wrist_r_bind/index_001_r_bind/index_002_r_bind","cat":"step","ph":"X","ts":141826,"dur":1,"pid":1,"tid":0},
{"name":"ComposeSubtree /Biped/Rig/Joints/hips_bind/spine_0_bind/spine_1_bind/spine_2_bind/spine_3_bind/spine_4_bind/spine_5_bind/chest_bind/clavicle_r_bind/shoulder_r_bind/elbow_r_bind/wrist_r_bind/middle_001_r_bind/middle_002_r_bind/middle_003_r_bind/middle_004_r_bind","cat":"step","ph":"X","ts":141827,"dur":1,"pid":1,"tid":0},
{"name":"ComposeSubtree /Biped/Rig/Joints/hips_bind/spine_0_bind/spine_1_bind/spine_2_bind/spine_3_bind/spine_4_bind/spine_5_bind/chest_bind/clavicle_r_bind/shoulder_r_bind/elbow_r_bind/wrist_r_bind/ring_001_r_bind","cat":"step","ph":"X","ts":141828,"dur":1,"pid":1,"tid":0},
{"name":"ComposeSubtree /Biped/Rig/Joints/hips_bind/spine_0_bind/spine_1_bind/spine_2_bind/spine_3_bind/spine_4_bind/spine_5_bind/chest_bind/clavicle_r_bind/shoulder_r_bind/elbow_r_bind/wrist_r_bind/thumbCup_r_bind/thumb_001_r_bind/thumb_002_r_bind","cat":"step","ph":"X","ts":141829,"dur":1,"pid":1,"tid":0},
{"name":"ComposeSubtree /Biped/Rig/Joints/hips_bind/spine_0_bind/spine_1_bind/spine_2_bind/spine_3_bind/spine_4_bind/spine_5_bind/chest_bind/neck_base_bind/neck_0_bind/neck_1_bind/neck_2_bind/neck_3_bind","cat":"step","ph":"X","ts":141830,"dur":1,"pid":1,"tid":0},
{"name":"ComposeSubtree /Biped/Rig/Joints/hips_bind/spine_0_bind/spine_1_bind/spine_2_bind/spine_3_bind/spine_4_bind/spine_5_bind/chest_bind/neck_base_bind/neck_0_bind/neck_1_bind/neck_2_bind/neck_3_bind/skull_bind/face_lower_bind/jaw_bind/jaw_end","cat":"step","ph":"X","ts":141831,"dur":1,"pid":1,"tid":0},
{"name":"ComposeSubtree /Biped/Rig/Joints/hips_bind/spine_0_bind/spine_1_bind/spine_2_bind/spine_3_bind/spine_4_bind/spine_5_bind/chest_bind/neck_base_bind/neck_0_bind/neck_1_bind/neck_2_bind/neck_3_bind/skull_bind/face_upper_bind/eyeSocket_l_bind","cat":"step","ph":"X","ts":141832,"dur":1,"pid":1,"tid":0},
{"name":"ComposeSubtree /Biped/Rig/Joints/hips_bind/spine_0_bind/spine_1_bind/spine_2_bind/spine_3_bind/spine_4_bind/spine_5_bind/chest_bind/neck_base_bind/neck_0_bind/neck_1_bind/neck_2_bind/neck_3_bind/skull_bind/face_upper_bind/head_tip_bind/brow_main_r_bind","cat":"step","ph":"X","ts":141833,"dur":1,"pid":1,"tid":0},
{"name":"ComposeSubtree /Biped/Rig/Joints/pupilCenter_l_pivot","cat":"step","ph":"X","ts":141834,"dur":1,"pid":1,"tid":0},
{"name":"Solve /Biped/Rig/Solvers/arm_l_fkChain","cat":"step","ph":"X","ts":141835,"dur":2,"pid":1,"tid":0},
{"name":"Solve /Biped/Rig/Solvers/arm_l_twoBoneIk","cat":"step","ph":"X","ts":141837,"dur":1,"pid":1,"tid":0},
{"name":"Solve /Biped/Rig/Solvers/arm_r_twoBoneIk","cat":"step","ph":"X","ts":141838,"dur":1,"pid":1,"tid":0},
{"name":"Solve /Biped/Rig/Solvers/leg_r_fkChain","cat":"step","ph":"X","ts":141839,"dur":1,"pid":1,"tid":0},
{"name":"Solve /Biped/Rig/Solvers/neck_splineIk","cat":"step","ph":"X","ts":141840,"dur":8,"pid":1,"tid":0},
{"name":"Solve /Biped/Rig/Solvers/spine_splineIk","cat":"step","ph":"X","ts":141848,"dur":7,"pid":1,"tid":0},
{"name":"SolverCommit batch 7","cat":"step","ph":"X","ts":141855,"dur":1,"pid":1,"tid":0},
{"name":"Solve /Biped/Rig/Solvers/arm_r_ikfk","cat":"step","ph":"X","ts":141856,"dur":1,"pid":1,"tid":0},
{"name":"SolverCommit batch 8","cat":"step","ph":"X","ts":141857,"dur":1,"pid":1,"tid":0},
{"name":"SolverCommit batch 9","cat":"step","ph":"X","ts":141858,"dur":1,"pid":1,"tid":0},
{"name":"Constraint /Biped/Rig/Movers/spine_mid_follow/spine_mid_follow_pos","cat":"step","ph":"X","ts":141859,"dur":6,"pid":1,"tid":0},
{"name":"Solve /Biped/Rig/Solvers/fk_thumb_r","cat":"step","ph":"X","ts":141865,"dur":1,"pid":1,"tid":0},
{"name":"SolverCommit batch 11","cat":"step","ph":"X","ts":141866,"dur":1,"pid":1,"tid":0},
{"name":"SolverCommit batch 12","cat":"step","ph":"X","ts":141867,"dur":1,"pid":1,"tid":0},
{"name":"Solve /Biped/Rig/Solvers/fk_pinky_r","cat":"step","ph":"X","ts":141868,"dur":1,"pid":1,"tid":0},
{"name":"SolverCommit batch 13","cat":"step","ph":"X","ts":141869,"dur":1,"pid":1,"tid":0},
{"name":"SolverCommit batch 14","cat":"step","ph":"X","ts":141870,"dur":1,"pid":1,"tid":0},
{"name":"Solve /Biped/Rig/Solvers/fk_index_r","cat":"step","ph":"X","ts":141871,"dur":1,"pid":1,"tid":0},
{"name":"Solve /Biped/Rig/Solvers/fk_thumb_l","cat":"step","ph":"X","ts":141872,"dur":1,"pid":1,"tid":0},
{"name":"Solve /Biped/Rig/Solvers/fk_ring_l","cat":"step","ph":"X","ts":141873,"dur":1,"pid":1,"tid":0},
{"name":"Solve /Biped/Rig/Solvers/fk_pinky_l","cat":"step","ph":"X","ts":141874,"dur":1,"pid":1,"tid":0},
{"name":"SolverCommit batch 18","cat":"step","ph":"X","ts":141875,"dur":1,"pid":1,"tid":0},
{"name":"Solve /Biped/Rig/Solvers/fk_middle_l","cat":"step","ph":"X","ts":141876,"dur":1,"pid":1,"tid":0},
{"name":"Solve /Biped/Rig/Solvers/fk_index_l","cat":"step","ph":"X","ts":141877,"dur":1,"pid":1,"tid":0},
{"name":"Constraint /Biped/Rig/Movers/spine_mid_follow/spine_mid_follow_aim","cat":"step","ph":"X","ts":141878,"dur":3,"pid":1,"tid":0},
{"name":"Constraint /Biped/Rig/Movers/hand_r_follow/thumbCup_r_bind_fk_follow_to_wrist_r_bind","cat":"step","ph":"X","ts":141881,"dur":3,"pid":1,"tid":0},
{"name":"Constraint /Biped/Rig/Movers/hand_r_follow/ring_001_r_bind_fk_follow_to_wrist_r_bind","cat":"step","ph":"X","ts":141884,"dur":2,"pid":1,"tid":0},
{"name":"Constraint /Biped/Rig/Movers/hand_r_follow/pinkyCup_r_bind_fk_follow_to_wrist_r_bind","cat":"step","ph":"X","ts":141886,"dur":3,"pid":1,"tid":0},
{"name":"Constraint /Biped/Rig/Movers/hand_r_follow/middle_001_r_bind_fk_follow_to_wrist_r_bind","cat":"step","ph":"X","ts":141889,"dur":2,"pid":1,"tid":0},
{"name":"Constraint /Biped/Rig/Movers/hand_r_follow/index_001_r_bind_fk_follow_to_wrist_r_bind","cat":"step","ph":"X","ts":141891,"dur":3,"pid":1,"tid":0},
{"name":"Constraint /Biped/Rig/Movers/hand_l_follow/thumbCup_l_bind_fk_follow_to_wrist_l_bind","cat":"step","ph":"X","ts":141894,"dur":2,"pid":1,"tid":0},
{"name":"Constraint /Biped/Rig/Movers/hand_l_follow/ring_001_l_bind_fk_follow_to_wrist_l_bind","cat":"step","ph":"X","ts":141896,"dur":2,"pid":1,"tid":0},
{"name":"Constraint /Biped/Rig/Movers/hand_l_follow/pinkyCup_l_bind_fk_follow_to_wrist_l_bind","cat":"step","ph":"X","ts":141898,"dur":2,"pid":1,"tid":0},
{"name":"Constraint /Biped/Rig/Movers/hand_l_follow/middle_001_l_bind_fk_follow_to_wrist_l_bind","cat":"step","ph":"X","ts":141900,"dur":2,"pid":1,"tid":0},
{"name":"Constraint /Biped/Rig/Movers/hand_l_follow/index_001_l_bind_fk_follow_to_wrist_l_bind","cat":"step","ph":"X","ts":141902,"dur":3,"pid":1,"tid":0},
{"name":"Constraint /Biped/Rig/Movers/bankIn_r_pivot_rc/bankIn_r_pivot_rotation","cat":"step","ph":"X","ts":141905,"dur":1,"pid":1,"tid":0},
{"name":"Constraint /Biped/Rig/Movers/bankOut_r_pivot_rc/bankOut_r_pivot_rotation","cat":"step","ph":"X","ts":141906,"dur":1,"pid":1,"tid":0},
{"name":"Constraint /Biped/Rig/Movers/toe_r_roll_rc/toe_r_roll_rotation","cat":"step","ph":"X","ts":141907,"dur":1,"pid":1,"tid":0},
{"name":"Constraint /Biped/Rig/Movers/ballRoll_r_down_rc/ballRoll_r_down_rotation","cat":"step","ph":"X","ts":141908,"dur":1,"pid":1,"tid":0},
{"name":"SolverCommit batch 39","cat":"step","ph":"X","ts":141909,"dur":5,"pid":1,"tid":0},
{"name":"Constraint /Biped/Rig/Movers/ankle_r_bind_scAim/ankle_r_bind_aim","cat":"step","ph":"X","ts":141914,"dur":4,"pid":1,"tid":0},
{"name":"Constraint /Biped/Rig/Movers/ball_r_bind_scAim/ball_r_bind_aim","cat":"step","ph":"X","ts":141918,"dur":3,"pid":1,"tid":0},
{"name":"Constraint /Biped/Rig/Movers/bankOut_l_pivot_rc/bankOut_l_pivot_rotation","cat":"step","ph":"X","ts":141921,"dur":1,"pid":1,"tid":0},
{"name":"Constraint /Biped/Rig/Movers/toe_l_roll_rc/toe_l_roll_rotation","cat":"step","ph":"X","ts":141922,"dur":1,"pid":1,"tid":0},
{"name":"Solve /Biped/Rig/Solvers/leg_l_twoBoneIk","cat":"step","ph":"X","ts":141923,"dur":1,"pid":1,"tid":0},
{"name":"SolverCommit batch 49","cat":"step","ph":"X","ts":141924,"dur":3,"pid":1,"tid":0},
{"name":"Constraint /Biped/Rig/Movers/ankle_l_bind_scAim/ankle_l_bind_aim","cat":"step","ph":"X","ts":141927,"dur":4,"pid":1,"tid":0},
{"name":"Constraint /Biped/Rig/Movers/ball_l_bind_scAim/ball_l_bind_aim","cat":"step","ph":"X","ts":141931,"dur":3,"pid":1,"tid":0},
{"name":"Constraint /Biped/Rig/Movers/hips_follow/spine_root_ctl_drives_hips_bind","cat":"step","ph":"X","ts":141934,"dur":1,"pid":1,"tid":0},
{"name":"PropagateChunk /Biped/Rig/Movers/hips_follow/spine_root_ctl_drives_hips_bind","cat":"step","ph":"X","ts":141935,"dur":5,"pid":1,"tid":0},
{"name":"CommitApply /Biped/Rig/Movers/hips_follow/spine_root_ctl_drives_hips_bind","cat":"step","ph":"X","ts":141940,"dur":1,"pid":1,"tid":0},
{"name":"Constraint /Biped/Rig/Movers/hips_follow/spine_root_ctl_scales_hips_bind","cat":"step","ph":"X","ts":141941,"dur":1,"pid":1,"tid":0},
{"name":"PropagateChunk /Biped/Rig/Movers/hips_follow/spine_root_ctl_scales_hips_bind","cat":"step","ph":"X","ts":141942,"dur":4,"pid":1,"tid":0},
{"name":"CommitApply /Biped/Rig/Movers/hips_follow/spine_root_ctl_scales_hips_bind","cat":"step","ph":"X","ts":141946,"dur":1,"pid":1,"tid":0},
{"name":"Constraint /Biped/Rig/Movers/spine_to_bind/spine_ik_spine_0_bind_scale_to_spine_0_bind","cat":"step","ph":"X","ts":141947,"dur":4,"pid":1,"tid":0},
{"name":"Constraint /Biped/Rig/Movers/spine_to_bind/spine_ik_spine_0_bind_to_spine_0_bind","cat":"step","ph":"X","ts":141951,"dur":6,"pid":1,"tid":0},
{"name":"Constraint /Biped/Rig/Movers/spine_to_bind/spine_ik_spine_1_bind_scale_to_spine_1_bind","cat":"step","ph":"X","ts":141957,"dur":4,"pid":1,"tid":0},
{"name":"Constraint /Biped/Rig/Movers/spine_to_bind/spine_ik_spine_1_bind_to_spine_1_bind","cat":"step","ph":"X","ts":141961,"dur":5,"pid":1,"tid":0},
{"name":"Constraint /Biped/Rig/Movers/spine_to_bind/spine_ik_spine_2_bind_scale_to_spine_2_bind","cat":"step","ph":"X","ts":141966,"dur":4,"pid":1,"tid":0},
{"name":"Constraint /Biped/Rig/Movers/spine_to_bind/spine_ik_spine_2_bind_to_spine_2_bind","cat":"step","ph":"X","ts":141970,"dur":5,"pid":1,"tid":0},
{"name":"Constraint /Biped/Rig/Movers/spine_to_bind/spine_ik_spine_3_bind_scale_to_spine_3_bind","cat":"step","ph":"X","ts":141975,"dur":4,"pid":1,"tid":0},
{"name":"Constraint /Biped/Rig/Movers/spine_to_bind/spine_ik_spine_3_bind_to_spine_3_bind","cat":"step","ph":"X","ts":141979,"dur":4,"pid":1,"tid":0},
{"name":"Constraint /Biped/Rig/Movers/spine_to_bind/spine_ik_spine_4_bind_scale_to_spine_4_bind","cat":"step","ph":"X","ts":141983,"dur":4,"pid":1,"tid":0},
{"name":"Constraint /Biped/Rig/Movers/spine_to_bind/spine_ik_spine_4_bind_to_spine_4_bind","cat":"step","ph":"X","ts":141987,"dur":5,"pid":1,"tid":0},
{"name":"Constraint /Biped/Rig/Movers/spine_to_bind/spine_ik_spine_5_bind_scale_to_spine_5_bind","cat":"step","ph":"X","ts":141992,"dur":3,"pid":1,"tid":0},
{"name":"Constraint /Biped/Rig/Movers/spine_to_bind/spine_ik_spine_5_bind_to_spine_5_bind","cat":"step","ph":"X","ts":141995,"dur":5,"pid":1,"tid":0},
{"name":"Constraint /Biped/Rig/Movers/spine_to_bind/spine_ik_chest_bind_scale_to_chest_bind","cat":"step","ph":"X","ts":142000,"dur":4,"pid":1,"tid":0},
{"name":"Constraint /Biped/Rig/Movers/spine_to_bind/spine_ik_chest_bind_to_chest_bind","cat":"step","ph":"X","ts":142004,"dur":4,"pid":1,"tid":0},
{"name":"Constraint /Biped/Rig/Movers/girdles/spine_end_ctl_drives_chest_bind","cat":"step","ph":"X","ts":142008,"dur":5,"pid":1,"tid":0},
{"name":"Constraint /Biped/Rig/Movers/girdles/pelvis_r_ctl_drives_pelvis_r_bind","cat":"step","ph":"X","ts":142013,"dur":1,"pid":1,"tid":0},
{"name":"Constraint /Biped/Rig/Movers/girdles/pelvis_l_ctl_drives_pelvis_l_bind","cat":"step","ph":"X","ts":142014,"dur":1,"pid":1,"tid":0},
{"name":"Constraint /Biped/Rig/Movers/girdles/clavicle_r_ctl_drives_clavicle_r_bind","cat":"step","ph":"X","ts":142015,"dur":1,"pid":1,"tid":0},
{"name":"Constraint /Biped/Rig/Movers/girdles/clavicle_l_ctl_drives_clavicle_l_bind","cat":"step","ph":"X","ts":142016,"dur":1,"pid":1,"tid":0},
{"name":"Constraint /Biped/Rig/Movers/girdles/spine_end_ctl_unsquashes_neck_base_bind","cat":"step","ph":"X","ts":142017,"dur":3,"pid":1,"tid":0},
{"name":"Constraint /Biped/Rig/Movers/girdles/clavicle_r_ctl_unsquashes_clavicle_r_bind","cat":"step","ph":"X","ts":142020,"dur":1,"pid":1,"tid":0},
{"name":"Constraint /Biped/Rig/Movers/girdles/clavicle_l_ctl_unsquashes_clavicle_l_bind","cat":"step","ph":"X","ts":142021,"dur":2,"pid":1,"tid":0},
{"name":"Constraint /Biped/Rig/Movers/neck_to_bind/neck_ik_neck_0_bind_scale_to_neck_0_bind","cat":"step","ph":"X","ts":142023,"dur":3,"pid":1,"tid":0},
{"name":"Constraint /Biped/Rig/Movers/neck_to_bind/neck_ik_neck_0_bind_to_neck_0_bind","cat":"step","ph":"X","ts":142026,"dur":3,"pid":1,"tid":0},
{"name":"Constraint /Biped/Rig/Movers/neck_to_bind/neck_ik_neck_1_bind_scale_to_neck_1_bind","cat":"step","ph":"X","ts":142029,"dur":3,"pid":1,"tid":0},
{"name":"Constraint /Biped/Rig/Movers/neck_to_bind/neck_ik_neck_1_bind_to_neck_1_bind","cat":"step","ph":"X","ts":142032,"dur":4,"pid":1,"tid":0},
{"name":"Constraint /Biped/Rig/Movers/neck_to_bind/neck_ik_neck_2_bind_scale_to_neck_2_bind","cat":"step","ph":"X","ts":142036,"dur":3,"pid":1,"tid":0},
{"name":"Constraint /Biped/Rig/Movers/neck_to_bind/neck_ik_neck_2_bind_to_neck_2_bind","cat":"step","ph":"X","ts":142039,"dur":3,"pid":1,"tid":0},
{"name":"Constraint /Biped/Rig/Movers/neck_to_bind/neck_ik_neck_3_bind_scale_to_neck_3_bind","cat":"step","ph":"X","ts":142042,"dur":3,"pid":1,"tid":0},
{"name":"Constraint /Biped/Rig/Movers/neck_to_bind/neck_ik_neck_3_bind_to_neck_3_bind","cat":"step","ph":"X","ts":142045,"dur":4,"pid":1,"tid":0},
{"name":"Constraint /Biped/Rig/Movers/neck_to_bind/neck_ik_skull_bind_scale_to_skull_bind","cat":"step","ph":"X","ts":142049,"dur":2,"pid":1,"tid":0},
{"name":"Constraint /Biped/Rig/Movers/neck_to_bind/neck_ik_skull_bind_to_skull_bind","cat":"step","ph":"X","ts":142051,"dur":3,"pid":1,"tid":0},
{"name":"Constraint /Biped/Rig/Movers/twist_aims/wristTwist_r_bind_copy","cat":"step","ph":"X","ts":142054,"dur":3,"pid":1,"tid":0},
{"name":"Constraint /Biped/Rig/Movers/twist_aims/wristTwist_r_bind_aim","cat":"step","ph":"X","ts":142057,"dur":2,"pid":1,"tid":0},
{"name":"Constraint /Biped/Rig/Movers/twist_aims/wristTwist_l_bind_copy","cat":"step","ph":"X","ts":142059,"dur":1,"pid":1,"tid":0},
{"name":"Constraint /Biped/Rig/Movers/twist_aims/wristTwist_l_bind_aim","cat":"step","ph":"X","ts":142060,"dur":2,"pid":1,"tid":0},
{"name":"Constraint /Biped/Rig/Movers/twist_aims/ankleTwist_r_bind_copy","cat":"step","ph":"X","ts":142062,"dur":2,"pid":1,"tid":0},
{"name":"Constraint /Biped/Rig/Movers/twist_aims/ankleTwist_r_bind_aim","cat":"step","ph":"X","ts":142064,"dur":1,"pid":1,"tid":0},
{"name":"Constraint /Biped/Rig/Movers/twist_aims/ankleTwist_l_bind_copy","cat":"step","ph":"X","ts":142065,"dur":2,"pid":1,"tid":0},
{"name":"Constraint /Biped/Rig/Movers/twist_aims/ankleTwist_l_bind_aim","cat":"step","ph":"X","ts":142067,"dur":1,"pid":1,"tid":0},
{"name":"Constraint /Biped/Rig/Movers/twist_aims/ankleTwist_r_bind_follows_ankle_r_bind","cat":"step","ph":"X","ts":142068,"dur":1,"pid":1,"tid":0},
{"name":"Constraint /Biped/Rig/Movers/twist_aims/ankleTwist_l_bind_follows_ankle_l_bind","cat":"step","ph":"X","ts":142069,"dur":1,"pid":1,"tid":0},
{"name":"Constraint /Biped/Rig/Movers/twist_aims/wristTwist_l_bind_follows_wrist_l_bind","cat":"step","ph":"X","ts":142070,"dur":1,"pid":1,"tid":0},
{"name":"Constraint /Biped/Rig/Movers/twist_aims/shoulderNoTwist_r_bind_follows_shoulder_r_bind","cat":"step","ph":"X","ts":142071,"dur":1,"pid":1,"tid":0},
{"name":"Constraint /Biped/Rig/Movers/twist_aims/pelvis_trans_r_bind_follows_thigh_r_bind","cat":"step","ph":"X","ts":142072,"dur":1,"pid":1,"tid":0},
{"name":"Constraint /Biped/Rig/Movers/twist_aims/clavicle_trans_r_bind_follows_shoulder_r_bind","cat":"step","ph":"X","ts":142073,"dur":1,"pid":1,"tid":0},
{"name":"Constraint /Biped/Rig/Movers/twist_aims/pelvis_trans_r_bind_aim","cat":"step","ph":"X","ts":142074,"dur":2,"pid":1,"tid":0},
{"name":"Constraint /Biped/Rig/Movers/twist_aims/pelvis_trans_l_bind_aim","cat":"step","ph":"X","ts":142076,"dur":1,"pid":1,"tid":0},
{"name":"Constraint /Biped/Rig/Movers/twist_aims/kneeTwist_r_bind_aim","cat":"step","ph":"X","ts":142077,"dur":2,"pid":1,"tid":0},
{"name":"Constraint /Biped/Rig/Movers/twist_aims/kneeTwist_l_bind_aim","cat":"step","ph":"X","ts":142079,"dur":2,"pid":1,"tid":0},
{"name":"Constraint /Biped/Rig/Movers/twist_aims/thighNoTwist_r_bind_aim","cat":"step","ph":"X","ts":142081,"dur":1,"pid":1,"tid":0},
{"name":"Constraint /Biped/Rig/Movers/twist_aims/thighNoTwist_l_bind_aim","cat":"step","ph":"X","ts":142082,"dur":2,"pid":1,"tid":0},
{"name":"Constraint /Biped/Rig/Movers/twist_aims/clavicle_trans_r_bind_aim","cat":"step","ph":"X","ts":142084,"dur":2,"pid":1,"tid":0},
{"name":"Constraint /Biped/Rig/Movers/twist_aims/clavicle_trans_l_bind_aim","cat":"step","ph":"X","ts":142086,"dur":1,"pid":1,"tid":0},
{"name":"Constraint /Biped/Rig/Movers/twist_aims/elbowTwist_r_bind_aim","cat":"step","ph":"X","ts":142087,"dur":2,"pid":1,"tid":0},
{"name":"Constraint /Biped/Rig/Movers/twist_aims/elbowTwist_l_bind_aim","cat":"step","ph":"X","ts":142089,"dur":2,"pid":1,"tid":0},
{"name":"Constraint /Biped/Rig/Movers/twist_aims/shoulderNoTwist_r_bind_aim","cat":"step","ph":"X","ts":142091,"dur":1,"pid":1,"tid":0},
{"name":"Constraint /Biped/Rig/Movers/twist_aims/shoulderNoTwist_l_bind_aim","cat":"step","ph":"X","ts":142092,"dur":2,"pid":1,"tid":0},
{"name":"Constraint /Biped/Rig/Movers/pose_drivers/thigh_r_driver_copies_thigh_r_bind","cat":"step","ph":"X","ts":142094,"dur":2,"pid":1,"tid":0},
{"name":"Constraint /Biped/Rig/Movers/pose_drivers/thigh_l_driver_copies_thigh_l_bind","cat":"step","ph":"X","ts":142096,"dur":2,"pid":1,"tid":0},
{"name":"Constraint /Biped/Rig/Movers/pose_drivers/thigh_r_twist_driver_copies_thighNoTwist_r_bind","cat":"step","ph":"X","ts":142098,"dur":2,"pid":1,"tid":0},
{"name":"Constraint /Biped/Rig/Movers/pose_drivers/thigh_l_twist_driver_copies_thighNoTwist_l_bind","cat":"step","ph":"X","ts":142100,"dur":2,"pid":1,"tid":0},
{"name":"Constraint /Biped/Rig/Movers/pose_drivers/ankleTwist_r_driver_copies_ankleTwist_r_bind","cat":"step","ph":"X","ts":142102,"dur":1,"pid":1,"tid":0},
{"name":"Constraint /Biped/Rig/Movers/pose_drivers/ankleTwist_l_driver_copies_ankleTwist_l_bind","cat":"step","ph":"X","ts":142103,"dur":2,"pid":1,"tid":0},
{"name":"Constraint /Biped/Rig/Movers/pose_drivers/toe_r_driver_copies_ball_r_bind","cat":"step","ph":"X","ts":142105,"dur":2,"pid":1,"tid":0},
{"name":"Constraint /Biped/Rig/Movers/pose_drivers/toe_l_driver_copies_ball_l_bind","cat":"step","ph":"X","ts":142107,"dur":2,"pid":1,"tid":0},
{"name":"Constraint /Biped/Rig/Movers/pose_drivers/knee_r_driver_copies_knee_r_bind","cat":"step","ph":"X","ts":142109,"dur":2,"pid":1,"tid":0},
{"name":"Constraint /Biped/Rig/Movers/pose_drivers/knee_l_driver_copies_knee_l_bind","cat":"step","ph":"X","ts":142111,"dur":2,"pid":1,"tid":0},
{"name":"Constraint /Biped/Rig/Movers/pose_drivers/ankleSwing_r_driver_copies_ankle_r_bind","cat":"step","ph":"X","ts":142113,"dur":2,"pid":1,"tid":0},
{"name":"Constraint /Biped/Rig/Movers/pose_drivers/ankleSwing_l_driver_copies_ankle_l_bind","cat":"step","ph":"X","ts":142115,"dur":2,"pid":1,"tid":0},
{"name":"Constraint /Biped/Rig/Movers/pose_drivers/shoulder_r_driver_copies_shoulder_r_bind","cat":"step","ph":"X","ts":142117,"dur":2,"pid":1,"tid":0},
{"name":"Constraint /Biped/Rig/Movers/pose_drivers/shoulder_l_driver_copies_shoulder_l_bind","cat":"step","ph":"X","ts":142119,"dur":2,"pid":1,"tid":0},
{"name":"Constraint /Biped/Rig/Movers/pose_drivers/wristTwist_r_driver_copies_wristTwist_r_bind","cat":"step","ph":"X","ts":142121,"dur":2,"pid":1,"tid":0},
{"name":"Constraint /Biped/Rig/Movers/pose_drivers/wristTwist_l_driver_copies_wristTwist_l_bind","cat":"step","ph":"X","ts":142123,"dur":2,"pid":1,"tid":0},
{"name":"Constraint /Biped/Rig/Movers/pose_drivers/shoulder_r_twist_driver_copies_shoulderNoTwist_r_bind","cat":"step","ph":"X","ts":142125,"dur":2,"pid":1,"tid":0},
{"name":"Constraint /Biped/Rig/Movers/pose_drivers/shoulder_l_twist_driver_copies_shoulderNoTwist_l_bind","cat":"step","ph":"X","ts":142127,"dur":3,"pid":1,"tid":0},
{"name":"Constraint /Biped/Rig/Movers/pose_drivers/wristSwing_r_driver_copies_wrist_r_bind","cat":"step","ph":"X","ts":142130,"dur":2,"pid":1,"tid":0},
{"name":"Constraint /Biped/Rig/Movers/pose_drivers/wristSwing_l_driver_copies_wrist_l_bind","cat":"step","ph":"X","ts":142132,"dur":2,"pid":1,"tid":0},
{"name":"Constraint /Biped/Rig/Movers/pose_drivers/elbow_r_driver_copies_elbow_r_bind","cat":"step","ph":"X","ts":142134,"dur":2,"pid":1,"tid":0},
{"name":"Constraint /Biped/Rig/Movers/pose_drivers/elbow_l_driver_copies_elbow_l_bind","cat":"step","ph":"X","ts":142136,"dur":2,"pid":1,"tid":0},
{"name":"Constraint /Biped/Rig/Movers/param_follow/leg_r_params_to_ankle_r_bind","cat":"step","ph":"X","ts":142138,"dur":1,"pid":1,"tid":0},
{"name":"Constraint /Biped/Rig/Movers/param_follow/leg_l_params_to_ankle_l_bind","cat":"step","ph":"X","ts":142139,"dur":2,"pid":1,"tid":0},
{"name":"Constraint /Biped/Rig/Movers/param_follow/arm_r_params_to_wrist_r_bind","cat":"step","ph":"X","ts":142141,"dur":2,"pid":1,"tid":0},
{"name":"Constraint /Biped/Rig/Movers/param_follow/arm_l_params_to_wrist_l_bind","cat":"step","ph":"X","ts":142143,"dur":2,"pid":1,"tid":0},
{"name":"ProviderMatrix /Biped/Rig/Controls/leg_l_ik/ankle_l_pivot/bankIn_l_pivot/bankOut_l_pivot/heel_l_roll final","cat":"step","ph":"X","ts":142145,"dur":1,"pid":1,"tid":0},
{"name":"ProviderMatrix /Biped/Rig/Controls/leg_r_ik/ankle_r_pivot/bankIn_r_pivot/bankOut_r_pivot/heel_r_roll/heel_r/ball_r_pivot final","cat":"step","ph":"X","ts":142146,"dur":1,"pid":1,"tid":0},
{"name":"ProviderMatrix /Biped/Rig/Joints/ankle_l_pivot/bankIn_l_pivot/bankOut_l_pivot/heel_l_pivot/ball_l_pivot/toe_l_pivot/toeBend_l_pivot final","cat":"step","ph":"X","ts":142147,"dur":1,"pid":1,"tid":0},
{"name":"ProviderMatrix /Biped/Rig/Joints/hips_bind/pelvis_l_bind/pelvis_trans_combo_l_driver final","cat":"step","ph":"X","ts":142148,"dur":1,"pid":1,"tid":0},
{"name":"ProviderMatrix /Biped/Rig/Joints/hips_bind/pelvis_l_bind/thigh_l_bind/knee_l_bind/ankle_l_bind final","cat":"step","ph":"X","ts":142149,"dur":1,"pid":1,"tid":0},
{"name":"ProviderMatrix /Biped/Rig/Joints/hips_bind/pelvis_l_bind/thigh_l_bind/knee_l_bind/ankle_l_bind/ball_l_bind/toe3_001_l_bind/toe3_002_l_bind final","cat":"step","ph":"X","ts":142150,"dur":1,"pid":1,"tid":0},
{"name":"ProviderMatrix /Biped/Rig/Joints/hips_bind/pelvis_l_bind/thigh_l_bind/knee_l_bind/ankle_l_bind/ball_l_bind/toe_l_bind final","cat":"step","ph":"X","ts":142151,"dur":1,"pid":1,"tid":0},
{"name":"ProviderMatrix /Biped/Rig/Joints/hips_bind/pelvis_r_bind/thigh_r_bind final","cat":"step","ph":"X","ts":142152,"dur":1,"pid":1,"tid":0},
{"name":"ProviderMatrix /Biped/Rig/Joints/hips_bind/pelvis_r_bind/thigh_r_bind/knee_r_bind/ankle_r_bind/ball_r_bind/toe2_001_r_bind final","cat":"step","ph":"X","ts":142153,"dur":1,"pid":1,"tid":0},
{"name":"ProviderMatrix /Biped/Rig/Joints/hips_bind/pelvis_r_bind/thigh_r_bind/knee_r_bind/ankle_r_bind/ball_r_bind/toe4_001_r_bind/toe4_002_r_bind/toe4_003_r_bind/toe4_004_r_bind final","cat":"step","ph":"X","ts":142154,"dur":1,"pid":1,"tid":0},
{"name":"ProviderMatrix /Biped/Rig/Joints/hips_bind/spine_0_bind/spine_1_bind/spine_2_bind final","cat":"step","ph":"X","ts":142155,"dur":1,"pid":1,"tid":0},
{"name":"ProviderMatrix /Biped/Rig/Joints/hips_bind/spine_0_bind/spine_1_bind/spine_2_bind/spine_3_bind/spine_4_bind/spine_5_bind/chest_bind/clavicle_l_bind/shoulder_combo_l_driver final","cat":"step","ph":"X","ts":142156,"dur":1,"pid":1,"tid":0},
{"name":"ProviderMatrix /Biped/Rig/Joints/hips_bind/spine_0_bind/spine_1_bind/spine_2_bind/spine_3_bind/spine_4_bind/spine_5_bind/chest_bind/clavicle_l_bind/shoulder_l_bind/elbow_l_bind/wrist_l_bind/index_001_l_bind/index_002_l_bind final","cat":"step","ph":"X","ts":142157,"dur":1,"pid":1,"tid":0},
{"name":"ProviderMatrix /Biped/Rig/Joints/hips_bind/spine_0_bind/spine_1_bind/spine_2_bind/spine_3_bind/spine_4_bind/spine_5_bind/chest_bind/clavicle_l_bind/shoulder_l_bind/elbow_l_bind/wrist_l_bind/pinkyCup_l_bind/pinky_001_l_bind final","cat":"step","ph":"X","ts":142158,"dur":1,"pid":1,"tid":0},
{"name":"ProviderMatrix /Biped/Rig/Joints/hips_bind/spine_0_bind/spine_1_bind/spine_2_bind/spine_3_bind/spine_4_bind/spine_5_bind/chest_bind/clavicle_l_bind/shoulder_l_bind/elbow_l_bind/wrist_l_bind/ring_001_l_bind/ring_002_l_bind/ring_003_l_bind/ring_004_l_bind/ring_005_l_bind final","cat":"step","ph":"X","ts":142159,"dur":1,"pid":1,"tid":0},
{"name":"ProviderMatrix /Biped/Rig/Joints/hips_bind/spine_0_bind/spine_1_bind/spine_2_bind/spine_3_bind/spine_4_bind/spine_5_bind/chest_bind/clavicle_r_bind/shoulderNoTwist_r_bind final","cat":"step","ph":"X","ts":142160,"dur":1,"pid":1,"tid":0},
{"name":"ProviderMatrix /Biped/Rig/Joints/hips_bind/spine_0_bind/spine_1_bind/spine_2_bind/spine_3_bind/spine_4_bind/spine_5_bind/chest_bind/clavicle_r_bind/shoulder_r_bind/elbow_r_bind/wrist_r_bind/index_001_r_bind/index_002_combo_r_driver final","cat":"step","ph":"X","ts":142161,"dur":1,"pid":1,"tid":0},
{"name":"ProviderMatrix /Biped/Rig/Joints/hips_bind/spine_0_bind/spine_1_bind/spine_2_bind/spine_3_bind/spine_4_bind/spine_5_bind/chest_bind/clavicle_r_bind/shoulder_r_bind/elbow_r_bind/wrist_r_bind/pinkyCup_r_bind final","cat":"step","ph":"X","ts":142162,"dur":1,"pid":1,"tid":0},
{"name":"ProviderMatrix /Biped/Rig/Joints/hips_bind/spine_0_bind/spine_1_bind/spine_2_bind/spine_3_bind/spine_4_bind/spine_5_bind/chest_bind/clavicle_r_bind/shoulder_r_bind/elbow_r_bind/wrist_r_bind/ring_001_r_bind/ring_002_r_bind/ring_003_r_bind/ring_004_r_bind final","cat":"step","ph":"X","ts":142163,"dur":1,"pid":1,"tid":0},
{"name":"ProviderMatrix /Biped/Rig/Joints/hips_bind/spine_0_bind/spine_1_bind/spine_2_bind/spine_3_bind/spine_4_bind/spine_5_bind/chest_bind/neck_base_bind/neck_0_bind/neck_1_bind/neck_2_bind/neck_3_bind/skull_bind final","cat":"step","ph":"X","ts":142164,"dur":1,"pid":1,"tid":0},
{"name":"ProviderMatrix /Biped/Rig/Joints/hips_bind/spine_0_bind/spine_1_bind/spine_2_bind/spine_3_bind/spine_4_bind/spine_5_bind/chest_bind/neck_base_bind/neck_0_bind/neck_1_bind/neck_2_bind/neck_3_bind/skull_bind/face_lower_bind/jaw_bind/tongue_0_bind/tongue_1_bind final","cat":"step","ph":"X","ts":142165,"dur":1,"pid":1,"tid":0},
{"name":"ProviderMatrix /Biped/Rig/Joints/hips_bind/spine_0_bind/spine_1_bind/spine_2_bind/spine_3_bind/spine_4_bind/spine_5_bind/chest_bind/neck_base_bind/neck_0_bind/neck_1_bind/neck_2_bind/neck_3_bind/skull_bind/face_upper_bind/head_tip_bind/brow_inner_r_bind final","cat":"step","ph":"X","ts":142166,"dur":1,"pid":1,"tid":0},
{"name":"ProviderMatrix /Biped/Rig/Joints/pupilCenter_r_pivot final","cat":"step","ph":"X","ts":142167,"dur":1,"pid":1,"tid":0},
{"name":"InfluenceFold /Biped/Rig/Movers/skin_body_geo/body_geo_skin","cat":"step","ph":"X","ts":142168,"dur":24,"pid":1,"tid":0},
{"name":"RevisionChunk /Biped/Rig/Movers/skin_body_geo/body_geo_skin","cat":"step","ph":"X","ts":142192,"dur":1104,"pid":1,"tid":0},
{"name":"RevisionFuse /Biped/Rig/Movers/skin_body_geo/body_geo_skin","cat":"step","ph":"X","ts":143296,"dur":3,"pid":1,"tid":0},
{"name":"ChainStatus /Biped/Geom/body_geo.points","cat":"step","ph":"X","ts":143299,"dur":18,"pid":1,"tid":0},
{"name":"Derived /Biped/Geom/body_geo.extent","cat":"step","ph":"X","ts":143317,"dur":165,"pid":1,"tid":0},
{"name":"BakedPublish","cat":"baked","ph":"X","ts":143558,"dur":66,"pid":1,"tid":0},
{"name":"BakedEpilogue","cat":"baked","ph":"X","ts":143485,"dur":148,"pid":1,"tid":0},
{"name":"Baked","cat":"baked","ph":"X","ts":141627,"dur":2007,"pid":1,"tid":0},
{"name":"Evaluate.Run","cat":"evaluate","ph":"X","ts":141627,"dur":2007,"pid":1,"tid":0},
{"name":"Evaluate@6","cat":"evaluate","ph":"X","ts":141625,"dur":2010,"pid":1,"tid":0},
{"name":"Evaluate.Settle","cat":"evaluate","ph":"X","ts":143738,"dur":0,"pid":1,"tid":0},
{"name":"Evaluate.PlaceOverrides","cat":"evaluate","ph":"X","ts":143738,"dur":1,"pid":1,"tid":0},
{"name":"PropertyChains","cat":"property","ph":"X","ts":143742,"dur":8,"pid":1,"tid":0},
{"name":"BakedInputs","cat":"baked","ph":"X","ts":143750,"dur":11,"pid":1,"tid":0},
{"name":"BakedChainBase","cat":"geometry","ph":"X","ts":143887,"dur":3,"pid":1,"tid":0},
{"name":"BakedPrologue","cat":"baked","ph":"X","ts":143741,"dur":150,"pid":1,"tid":0},
{"name":"BakedRegion","cat":"baked","ph":"X","ts":143892,"dur":1151,"pid":1,"tid":0},
{"name":"ComposeSubtree /Biped/Rig/Controls/arm_l_ik","cat":"step","ph":"X","ts":143928,"dur":2,"pid":1,"tid":0},
{"name":"ComposeSubtree /Biped/Rig/Controls/arm_r_params","cat":"step","ph":"X","ts":143930,"dur":1,"pid":1,"tid":0},
{"name":"ComposeSubtree /Biped/Rig/Controls/hips_ctl","cat":"step","ph":"X","ts":143931,"dur":1,"pid":1,"tid":0},
{"name":"ComposeSubtree /Biped/Rig/Controls/hips_ctl/spine_root_pivot/spine_root_ctl/pelvis_l_ctl/leg_l_root/leg_l_fk_thigh_l_bind/leg_l_fk_knee_l_bind","cat":"step","ph":"X","ts":143932,"dur":1,"pid":1,"tid":0},
{"name":"ComposeSubtree /Biped/Rig/Controls/hips_ctl/torso_ctl","cat":"step","ph":"X","ts":143933,"dur":1,"pid":1,"tid":0},
{"name":"ComposeSubtree /Biped/Rig/Controls/hips_ctl/torso_ctl/spine_end_pivot/spine_end_ctl/clavicle_r_ctl","cat":"step","ph":"X","ts":143934,"dur":1,"pid":1,"tid":0},
{"name":"ComposeSubtree /Biped/Rig/Controls/hips_ctl/torso_ctl/spine_end_pivot/spine_end_ctl/neck_root_ctl/neck_end_pivot","cat":"step","ph":"X","ts":143935,"dur":1,"pid":1,"tid":0},
{"name":"ComposeSubtree /Biped/Rig/Controls/index_001_r_bind_fk_follow","cat":"step","ph":"X","ts":143936,"dur":1,"pid":1,"tid":0},
{"name":"ComposeSubtree /Biped/Rig/Controls/leg_l_ik","cat":"step","ph":"X","ts":143937,"dur":1,"pid":1,"tid":0},
{"name":"ComposeSubtree /Biped/Rig/Controls/leg_l_ik/ankle_l_pivot/bankIn_l_pivot/bankOut_l_pivot/heel_l_roll/heel_l/ball_l_pivot/toe_l_roll/toe_l","cat":"step","ph":"X","ts":143938,"dur":1,"pid":1,"tid":0},
{"name":"ComposeSubtree /Biped/Rig/Controls/leg_l_ik/ankle_l_pivot/bankIn_l_pivot/bankOut_l_pivot/heel_l_roll/heel_l/ball_l_pivot/toe_l_roll/toe_l/toeBend_l","cat":"step","ph":"X","ts":143939,"dur":1,"pid":1,"tid":0},
{"name":"ComposeSubtree /Biped/Rig/Controls/leg_l_ik/ankle_l_pivot/bankIn_l_pivot/bankOut_l_pivot_twin","cat":"step","ph":"X","ts":143940,"dur":1,"pid":1,"tid":0},
{"name":"ComposeSubtree /Biped/Rig/Controls/leg_r_ik/ankle_r_pivot/bankIn_r_pivot/bankOut_r_pivot","cat":"step","ph":"X","ts":143941,"dur":1,"pid":1,"tid":0},
{"name":"ComposeSubtree /Biped/Rig/Controls/leg_r_ik/ankle_r_pivot/bankIn_r_pivot/bankOut_r_pivot/heel_r_roll/heel_r/ball_r_pivot/toe_r_roll/toe_r/ballRoll_r_up/ballRoll_r_down/ballRoll_r","cat":"step","ph":"X","ts":143942,"dur":1,"pid":1,"tid":0},
{"name":"ComposeSubtree /Biped/Rig/Controls/leg_r_ik/ankle_r_pivot/bankIn_r_pivot/bankOut_r_pivot/heel_r_roll/heel_r/ball_r_pivot/toe_r_roll/toe_r/toeBend_r/toeBend_r_fk","cat":"step","ph":"X","ts":143943,"dur":1,"pid":1,"tid":0},
{"name":"ComposeSubtree /Biped/Rig/Controls/leg_r_ik/ankle_r_pivot/bank_r","cat":"step","ph":"X","ts":143944,"dur":1,"pid":1,"tid":0},
{"name":"ComposeSubtree /Biped/Rig/Controls/middle_001_r_bind_fk_follow","cat":"step","ph":"X","ts":143945,"dur":1,"pid":1,"tid":0},
{"name":"ComposeSubtree /Biped/Rig/Controls/pinkyCup_l_bind_fk_follow","cat":"step","ph":"X","ts":143946,"dur":1,"pid":1,"tid":0},
{"name":"ComposeSubtree /Biped/Rig/Controls/pinkyCup_r_bind_fk_follow","cat":"step","ph":"X","ts":143947,"dur":1,"pid":1,"tid":0},
{"name":"ComposeSubtree /Biped/Rig/Controls/ring_001_l_bind_fk_follow/ring_001_l_bind_fk/ring_002_l_bind_fk","cat":"step","ph":"X","ts":143948,"dur":1,"pid":1,"tid":0},
{"name":"ComposeSubtree /Biped/Rig/Controls/ring_001_r_bind_fk_follow/ring_001_r_bind_fk/ring_002_r_bind_fk","cat":"step","ph":"X","ts":143949,"dur":1,"pid":1,"tid":0},
{"name":"ComposeSubtree /Biped/Rig/Controls/thumbCup_l_bind_fk_follow/thumbCup_l_bind_fk/thumb_001_l_bind_fk/thumb_002_l_bind_fk","cat":"step","ph":"X","ts":143950,"dur":1,"pid":1,"tid":0},
{"name":"ComposeSubtree /Biped/Rig/Joints/ankle_l_pivot","cat":"step","ph":"X","ts":143951,"dur":1,"pid":1,"tid":0},
{"name":"ComposeSubtree /Biped/Rig/Joints/ankle_r_pivot","cat":"step","ph":"X","ts":143952,"dur":1,"pid":1,"tid":0},
{"name":"ComposeSubtree /Biped/Rig/Joints/hips_bind","cat":"step","ph":"X","ts":143953,"dur":1,"pid":1,"tid":0},
{"name":"ComposeSubtree /Biped/Rig/Joints/hips_bind/pelvis_l_bind/thigh_l_bind","cat":"step","ph":"X","ts":143954,"dur":1,"pid":1,"tid":0},
{"name":"ComposeSubtree /Biped/Rig/Joints/hips_bind/pelvis_l_bind/thigh_l_bind/knee_l_bind/ankle_l_bind/ball_l_bind/toe1_001_l_bind/toe1_002_l_bind/toe1_003_l_bind","cat":"step","ph":"X","ts":143955,"dur":1,"pid":1,"tid":0},
{"name":"ComposeSubtree /Biped/Rig/Joints/hips_bind/pelvis_l_bind/thigh_l_bind/knee_l_bind/ankle_l_bind/ball_l_bind/toe3_001_l_bind/toe3_002_l_bind/toe3_003_l_bind","cat":"step","ph":"X","ts":143956,"dur":1,"pid":1,"tid":0},
{"name":"ComposeSubtree /Biped/Rig/Joints/hips_bind/pelvis_l_bind/thigh_l_bind/knee_l_bind/ankle_l_bind/ball_l_bind/toe5_001_l_bind/toe5_002_l_bind/toe5_003_l_bind","cat":"step","ph":"X","ts":143957,"dur":1,"pid":1,"tid":0},
{"name":"ComposeSubtree /Biped/Rig/Joints/hips_bind/pelvis_r_bind/pelvis_trans_r_bind","cat":"step","ph":"X","ts":143958,"dur":1,"pid":1,"tid":0},
{"name":"ComposeSubtree /Biped/Rig/Joints/hips_bind/pelvis_r_bind/thigh_r_bind/knee_r_bind/ankleTwist_r_bind","cat":"step","ph":"X","ts":143959,"dur":1,"pid":1,"tid":0},
{"name":"ComposeSubtree /Biped/Rig/Joints/hips_bind/pelvis_r_bind/thigh_r_bind/knee_r_bind/ankle_r_bind/ball_r_bind/toe2_001_r_bind","cat":"step","ph":"X","ts":143960,"dur":1,"pid":1,"tid":0},
{"name":"ComposeSubtree /Biped/Rig/Joints/hips_bind/pelvis_r_bind/thigh_r_bind/knee_r_bind/ankle_r_bind/ball_r_bind/toe3_001_r_bind/toe3_002_r_bind/toe3_003_r_bind","cat":"step","ph":"X","ts":143961,"dur":1,"pid":1,"tid":0},
{"name":"ComposeSubtree /Biped/Rig/Joints/hips_bind/pelvis_r_bind/thigh_r_bind/knee_r_bind/ankle_r_bind/ball_r_bind/toe5_001_r_bind/toe5_002_r_bind/toe5_003_r_bind","cat":"step","ph":"X","ts":143962,"dur":1,"pid":1,"tid":0},
{"name":"ComposeSubtree /Biped/Rig/Joints/hips_bind/spine_0_bind/spine_1_bind/spine_2_bind","cat":"step","ph":"X","ts":143963,"dur":1,"pid":1,"tid":0},
{"name":"ComposeSubtree /Biped/Rig/Joints/hips_bind/spine_0_bind/spine_1_bind/spine_2_bind/spine_3_bind/spine_4_bind/spine_5_bind/chest_bind/clavicle_l_bind/clavicle_trans_l_bind/shoulder_l_driver","cat":"step","ph":"X","ts":143964,"dur":1,"pid":1,"tid":0},
{"name":"ComposeSubtree /Biped/Rig/Joints/hips_bind/spine_0_bind/spine_1_bind/spine_2_bind/spine_3_bind/spine_4_bind/spine_5_bind/chest_bind/clavicle_l_bind/shoulder_l_bind/elbow_l_bind/wristTwist_l_bind","cat":"step","ph":"X","ts":143965,"dur":1,"pid":1,"tid":0},
{"name":"ComposeSubtree /Biped/Rig/Joints/hips_bind/spine_0_bind/spine_1_bind/spine_2_bind/spine_3_bind/spine_4_bind/spine_5_bind/chest_bind/clavicle_l_bind/shoulder_l_bind/elbow_l_bind/wrist_l_bind/index_001_l_bind/index_002_l_bind/index_003_l_bind/index_004_l_bind","cat":"step","ph":"X","ts":143966,"dur":1,"pid":1,"tid":0},
{"name":"ComposeSubtree /Biped/Rig/Joints/hips_bind/spine_0_bind/spine_1_bind/spine_2_bind/spine_3_bind/spine_4_bind/spine_5_bind/chest_bind/clavicle_l_bind/shoulder_l_bind/elbow_l_bind/wrist_l_bind/pinkyCup_l_bind","cat":"step","ph":"X","ts":143967,"dur":1,"pid":1,"tid":0},
{"name":"ComposeSubtree /Biped/Rig/Joints/hips_bind/spine_0_bind/spine_1_bind/spine_2_bind/spine_3_bind/spine_4_bind/spine_5_bind/chest_bind/clavicle_l_bind/shoulder_l_bind/elbow_l_bind/wrist_l_bind/ring_001_l_bind","cat":"step","ph":"X","ts":143968,"dur":1,"pid":1,"tid":0},
{"name":"ComposeSubtree /Biped/Rig/Joints/hips_bind/spine_0_bind/spine_1_bind/spine_2_bind/spine_3_bind/spine_4_bind/spine_5_bind/chest_bind/clavicle_l_bind/shoulder_l_bind/elbow_l_bind/wrist_l_bind/thumbCup_l_bind/thumb_001_l_bind/thumb_002_l_bind/thumb_003_l_bind","cat":"step","ph":"X","ts":143969,"dur":1,"pid":1,"tid":0},
{"name":"ComposeSubtree /Biped/Rig/Joints/hips_bind/spine_0_bind/spine_1_bind/spine_2_bind/spine_3_bind/spine_4_bind/spine_5_bind/chest_bind/clavicle_r_bind/shoulderNoTwist_r_bind","cat":"step","ph":"X","ts":143970,"dur":1,"pid":1,"tid":0},
{"name":"ComposeSubtree /Biped/Rig/Joints/hips_bind/spine_0_bind/spine_1_bind/spine_2_bind/spine_3_bind/spine_4_bind/spine_5_bind/chest_bind/clavicle_r_bind/shoulder_r_bind/elbow_r_bind/wristTwist_r_driver","cat":"step","ph":"X","ts":143971,"dur":1,"pid":1,"tid":0},
{"name":"ComposeSubtree /Biped/Rig/Joints/hips_bind/spine_0_bind/spine_1_bind/spine_2_bind/spine_3_bind/spine_4_bind/spine_5_bind/chest_bind/clavicle_r_bind/shoulder_r_bind/elbow_r_bind/wrist_r_bind/middle_001_r_bind","cat":"step","ph":"X","ts":143972,"dur":1,"pid":1,"tid":0},
{"name":"ComposeSubtree /Biped/Rig/Joints/hips_bind/spine_0_bind/spine_1_bind/spine_2_bind/spine_3_bind/spine_4_bind/spine_5_bind/chest_bind/clavicle_r_bind/shoulder_r_bind/elbow_r_bind/wrist_r_bind/pinkyCup_r_bind/pinky_001_r_bind/pinky_002_combo_r_driver","cat":"step","ph":"X","ts":143973,"dur":1,"pid":1,"tid":0},
{"name":"ComposeSubtree /Biped/Rig/Joints/hips_bind/spine_0_bind/spine_1_bind/spine_2_bind/spine_3_bind/spine_4_bind/spine_5_bind/chest_bind/clavicle_r_bind/shoulder_r_bind/elbow_r_bind/wrist_r_bind/ring_001_r_bind/ring_002_r_bind/ring_003_r_bind/ring_004_r_bind","cat":"step","ph":"X","ts":143974,"dur":1,"pid":1,"tid":0},
{"name":"ComposeSubtree /Biped/Rig/Joints/hips_bind/spine_0_bind/spine_1_bind/spine_2_bind/spine_3_bind/spine_4_bind/spine_5_bind/chest_bind/neck_base_bind","cat":"step","ph":"X","ts":143975,"dur":1,"pid":1,"tid":0},
{"name":"ComposeSubtree /Biped/Rig/Joints/hips_bind/spine_0_bind/spine_1_bind/spine_2_bind/spine_3_bind/spine_4_bind/spine_5_bind/chest_bind/neck_base_bind/neck_0_bind/neck_1_bind/neck_2_bind/neck_3_bind/skull_bind/face_lower_bind/face_mid_bind/jaw_compression_driver","cat":"step","ph":"X","ts":143976,"dur":1,"pid":1,"tid":0},
{"name":"ComposeSubtree /Biped/Rig/Joints/hips_bind/spine_0_bind/spine_1_bind/spine_2_bind/spine_3_bind/spine_4_bind/spine_5_bind/chest_bind/neck_base_bind/neck_0_bind/neck_1_bind/neck_2_bind/neck_3_bind/skull_bind/face_lower_bind/jaw_bind/tongue_0_bind","cat":"step","ph":"X","ts":143977,"dur":1,"pid":1,"tid":0},
{"name":"ComposeSubtree /Biped/Rig/Joints/hips_bind/spine_0_bind/spine_1_bind/spine_2_bind/spine_3_bind/spine_4_bind/spine_5_bind/chest_bind/neck_base_bind/neck_0_bind/neck_1_bind/neck_2_bind/neck_3_bind/skull_bind/face_upper_bind/eyeSocket_r_bind","cat":"step","ph":"X","ts":143978,"dur":1,"pid":1,"tid":0},
{"name":"ComposeSubtree /Biped/Rig/Joints/hips_bind/spine_0_bind/spine_1_bind/spine_2_bind/spine_3_bind/spine_4_bind/spine_5_bind/chest_bind/neck_base_bind/neck_0_bind/neck_1_bind/neck_2_bind/neck_3_bind/skull_bind/face_upper_bind/head_tip_bind/brow_peak_r_bind","cat":"step","ph":"X","ts":143979,"dur":1,"pid":1,"tid":0},
{"name":"ComposeSubtree /Biped/Rig/Joints/spine_ik_spine_0_bind/spine_ik_spine_1_bind/spine_ik_spine_2_bind","cat":"step","ph":"X","ts":143980,"dur":1,"pid":1,"tid":0},
{"name":"Solve /Biped/Rig/Solvers/arm_l_fkChain","cat":"step","ph":"X","ts":143981,"dur":2,"pid":1,"tid":0},
{"name":"Solve /Biped/Rig/Solvers/arm_l_twoBoneIk","cat":"step","ph":"X","ts":143983,"dur":1,"pid":1,"tid":0},
{"name":"Solve /Biped/Rig/Solvers/arm_r_fkChain","cat":"step","ph":"X","ts":143984,"dur":1,"pid":1,"tid":0},
{"name":"Solve /Biped/Rig/Solvers/leg_l_fkChain","cat":"step","ph":"X","ts":143985,"dur":1,"pid":1,"tid":0},
{"name":"Solve /Biped/Rig/Solvers/neck_splineIk","cat":"step","ph":"X","ts":143986,"dur":16,"pid":1,"tid":0},
{"name":"SolverCommit batch 6","cat":"step","ph":"X","ts":144002,"dur":1,"pid":1,"tid":0},
{"name":"Solve /Biped/Rig/Solvers/spine_splineIk","cat":"step","ph":"X","ts":144003,"dur":7,"pid":1,"tid":0},
{"name":"SolverCommit batch 7","cat":"step","ph":"X","ts":144010,"dur":1,"pid":1,"tid":0},
{"name":"Solve /Biped/Rig/Solvers/arm_r_ikfk","cat":"step","ph":"X","ts":144011,"dur":1,"pid":1,"tid":0},
{"name":"SolverCommit batch 8","cat":"step","ph":"X","ts":144012,"dur":1,"pid":1,"tid":0},
{"name":"SolverCommit batch 9","cat":"step","ph":"X","ts":144013,"dur":1,"pid":1,"tid":0},
{"name":"Constraint /Biped/Rig/Movers/spine_mid_follow/spine_mid_follow_pos","cat":"step","ph":"X","ts":144014,"dur":8,"pid":1,"tid":0},
{"name":"Solve /Biped/Rig/Solvers/fk_thumb_r","cat":"step","ph":"X","ts":144022,"dur":1,"pid":1,"tid":0},
{"name":"SolverCommit batch 11","cat":"step","ph":"X","ts":144023,"dur":1,"pid":1,"tid":0},
{"name":"SolverCommit batch 12","cat":"step","ph":"X","ts":144024,"dur":1,"pid":1,"tid":0},
{"name":"Solve /Biped/Rig/Solvers/fk_pinky_r","cat":"step","ph":"X","ts":144025,"dur":2,"pid":1,"tid":0},
{"name":"SolverCommit batch 13","cat":"step","ph":"X","ts":144027,"dur":1,"pid":1,"tid":0},
{"name":"Solve /Biped/Rig/Solvers/fk_middle_r","cat":"step","ph":"X","ts":144028,"dur":1,"pid":1,"tid":0},
{"name":"Solve /Biped/Rig/Solvers/fk_index_r","cat":"step","ph":"X","ts":144029,"dur":1,"pid":1,"tid":0},
{"name":"SolverCommit batch 15","cat":"step","ph":"X","ts":144030,"dur":1,"pid":1,"tid":0},
{"name":"SolverCommit batch 16","cat":"step","ph":"X","ts":144031,"dur":1,"pid":1,"tid":0},
{"name":"Solve /Biped/Rig/Solvers/fk_ring_l","cat":"step","ph":"X","ts":144032,"dur":1,"pid":1,"tid":0},
{"name":"Solve /Biped/Rig/Solvers/fk_pinky_l","cat":"step","ph":"X","ts":144033,"dur":1,"pid":1,"tid":0},
{"name":"SolverCommit batch 18","cat":"step","ph":"X","ts":144034,"dur":1,"pid":1,"tid":0},
{"name":"Solve /Biped/Rig/Solvers/fk_middle_l","cat":"step","ph":"X","ts":144035,"dur":1,"pid":1,"tid":0},
{"name":"Solve /Biped/Rig/Solvers/fk_index_l","cat":"step","ph":"X","ts":144036,"dur":1,"pid":1,"tid":0},
{"name":"Constraint /Biped/Rig/Movers/spine_mid_follow/spine_mid_follow_aim","cat":"step","ph":"X","ts":144037,"dur":3,"pid":1,"tid":0},
{"name":"Constraint /Biped/Rig/Movers/hand_r_follow/thumbCup_r_bind_fk_follow_to_wrist_r_bind","cat":"step","ph":"X","ts":144040,"dur":3,"pid":1,"tid":0},
{"name":"Constraint /Biped/Rig/Movers/hand_r_follow/ring_001_r_bind_fk_follow_to_wrist_r_bind","cat":"step","ph":"X","ts":144043,"dur":3,"pid":1,"tid":0},
{"name":"Constraint /Biped/Rig/Movers/hand_r_follow/pinkyCup_r_bind_fk_follow_to_wrist_r_bind","cat":"step","ph":"X","ts":144046,"dur":3,"pid":1,"tid":0},
{"name":"Constraint /Biped/Rig/Movers/hand_r_follow/middle_001_r_bind_fk_follow_to_wrist_r_bind","cat":"step","ph":"X","ts":144049,"dur":3,"pid":1,"tid":0},
{"name":"Constraint /Biped/Rig/Movers/hand_r_follow/index_001_r_bind_fk_follow_to_wrist_r_bind","cat":"step","ph":"X","ts":144052,"dur":2,"pid":1,"tid":0},
{"name":"Constraint /Biped/Rig/Movers/hand_l_follow/thumbCup_l_bind_fk_follow_to_wrist_l_bind","cat":"step","ph":"X","ts":144054,"dur":3,"pid":1,"tid":0},
{"name":"Constraint /Biped/Rig/Movers/hand_l_follow/ring_001_l_bind_fk_follow_to_wrist_l_bind","cat":"step","ph":"X","ts":144057,"dur":2,"pid":1,"tid":0},
{"name":"Constraint /Biped/Rig/Movers/hand_l_follow/pinkyCup_l_bind_fk_follow_to_wrist_l_bind","cat":"step","ph":"X","ts":144059,"dur":2,"pid":1,"tid":0},
{"name":"Constraint /Biped/Rig/Movers/hand_l_follow/middle_001_l_bind_fk_follow_to_wrist_l_bind","cat":"step","ph":"X","ts":144061,"dur":3,"pid":1,"tid":0},
{"name":"Constraint /Biped/Rig/Movers/hand_l_follow/index_001_l_bind_fk_follow_to_wrist_l_bind","cat":"step","ph":"X","ts":144064,"dur":2,"pid":1,"tid":0},
{"name":"Constraint /Biped/Rig/Movers/bankIn_r_pivot_rc/bankIn_r_pivot_rotation","cat":"step","ph":"X","ts":144066,"dur":2,"pid":1,"tid":0},
{"name":"Constraint /Biped/Rig/Movers/heel_r_roll_rc/heel_r_roll_rotation","cat":"step","ph":"X","ts":144068,"dur":1,"pid":1,"tid":0},
{"name":"Constraint /Biped/Rig/Movers/toe_r_roll_rc/toe_r_roll_rotation","cat":"step","ph":"X","ts":144069,"dur":1,"pid":1,"tid":0},
{"name":"Solve /Biped/Rig/Solvers/leg_r_twoBoneIk","cat":"step","ph":"X","ts":144070,"dur":1,"pid":1,"tid":0},
{"name":"SolverCommit batch 39","cat":"step","ph":"X","ts":144071,"dur":4,"pid":1,"tid":0},
{"name":"Constraint /Biped/Rig/Movers/ankle_r_bind_scAim/ankle_r_bind_aim","cat":"step","ph":"X","ts":144075,"dur":5,"pid":1,"tid":0},
{"name":"Constraint /Biped/Rig/Movers/ball_r_bind_scAim/ball_r_bind_aim","cat":"step","ph":"X","ts":144080,"dur":4,"pid":1,"tid":0},
{"name":"Constraint /Biped/Rig/Movers/bankOut_l_pivot_rc/bankOut_l_pivot_rotation","cat":"step","ph":"X","ts":144084,"dur":1,"pid":1,"tid":0},
{"name":"Constraint /Biped/Rig/Movers/toe_l_roll_rc/toe_l_roll_rotation","cat":"step","ph":"X","ts":144085,"dur":1,"pid":1,"tid":0},
{"name":"Constraint /Biped/Rig/Movers/ballRoll_l_down_rc/ballRoll_l_down_rotation","cat":"step","ph":"X","ts":144086,"dur":1,"pid":1,"tid":0},
{"name":"SolverCommit batch 49","cat":"step","ph":"X","ts":144087,"dur":4,"pid":1,"tid":0},
{"name":"Constraint /Biped/Rig/Movers/ankle_l_bind_scAim/ankle_l_bind_aim","cat":"step","ph":"X","ts":144091,"dur":4,"pid":1,"tid":0},
{"name":"Constraint /Biped/Rig/Movers/ball_l_bind_scAim/ball_l_bind_aim","cat":"step","ph":"X","ts":144095,"dur":3,"pid":1,"tid":0},
{"name":"Constraint /Biped/Rig/Movers/hips_follow/spine_root_ctl_drives_hips_bind","cat":"step","ph":"X","ts":144098,"dur":2,"pid":1,"tid":0},
{"name":"PropagateChunk /Biped/Rig/Movers/hips_follow/spine_root_ctl_drives_hips_bind","cat":"step","ph":"X","ts":144100,"dur":4,"pid":1,"tid":0},
{"name":"CommitApply /Biped/Rig/Movers/hips_follow/spine_root_ctl_drives_hips_bind","cat":"step","ph":"X","ts":144104,"dur":1,"pid":1,"tid":0},
{"name":"Constraint /Biped/Rig/Movers/hips_follow/spine_root_ctl_scales_hips_bind","cat":"step","ph":"X","ts":144105,"dur":2,"pid":1,"tid":0},
{"name":"PropagateChunk /Biped/Rig/Movers/hips_follow/spine_root_ctl_scales_hips_bind","cat":"step","ph":"X","ts":144107,"dur":4,"pid":1,"tid":0},
{"name":"CommitApply /Biped/Rig/Movers/hips_follow/spine_root_ctl_scales_hips_bind","cat":"step","ph":"X","ts":144111,"dur":1,"pid":1,"tid":0},
{"name":"Constraint /Biped/Rig/Movers/spine_to_bind/spine_ik_spine_0_bind_scale_to_spine_0_bind","cat":"step","ph":"X","ts":144112,"dur":5,"pid":1,"tid":0},
{"name":"Constraint /Biped/Rig/Movers/spine_to_bind/spine_ik_spine_0_bind_to_spine_0_bind","cat":"step","ph":"X","ts":144117,"dur":5,"pid":1,"tid":0},
{"name":"Constraint /Biped/Rig/Movers/spine_to_bind/spine_ik_spine_1_bind_scale_to_spine_1_bind","cat":"step","ph":"X","ts":144122,"dur":4,"pid":1,"tid":0},
{"name":"Constraint /Biped/Rig/Movers/spine_to_bind/spine_ik_spine_1_bind_to_spine_1_bind","cat":"step","ph":"X","ts":144126,"dur":6,"pid":1,"tid":0},
{"name":"Constraint /Biped/Rig/Movers/spine_to_bind/spine_ik_spine_2_bind_scale_to_spine_2_bind","cat":"step","ph":"X","ts":144132,"dur":4,"pid":1,"tid":0},
{"name":"Constraint /Biped/Rig/Movers/spine_to_bind/spine_ik_spine_2_bind_to_spine_2_bind","cat":"step","ph":"X","ts":144136,"dur":5,"pid":1,"tid":0},
{"name":"Constraint /Biped/Rig/Movers/spine_to_bind/spine_ik_spine_3_bind_scale_to_spine_3_bind","cat":"step","ph":"X","ts":144141,"dur":4,"pid":1,"tid":0},
{"name":"Constraint /Biped/Rig/Movers/spine_to_bind/spine_ik_spine_3_bind_to_spine_3_bind","cat":"step","ph":"X","ts":144145,"dur":6,"pid":1,"tid":0},
{"name":"Constraint /Biped/Rig/Movers/spine_to_bind/spine_ik_spine_4_bind_scale_to_spine_4_bind","cat":"step","ph":"X","ts":144151,"dur":4,"pid":1,"tid":0},
{"name":"Constraint /Biped/Rig/Movers/spine_to_bind/spine_ik_spine_4_bind_to_spine_4_bind","cat":"step","ph":"X","ts":144155,"dur":5,"pid":1,"tid":0},
{"name":"Constraint /Biped/Rig/Movers/spine_to_bind/spine_ik_spine_5_bind_scale_to_spine_5_bind","cat":"step","ph":"X","ts":144160,"dur":4,"pid":1,"tid":0},
{"name":"Constraint /Biped/Rig/Movers/spine_to_bind/spine_ik_spine_5_bind_to_spine_5_bind","cat":"step","ph":"X","ts":144164,"dur":4,"pid":1,"tid":0},
{"name":"Constraint /Biped/Rig/Movers/spine_to_bind/spine_ik_chest_bind_scale_to_chest_bind","cat":"step","ph":"X","ts":144168,"dur":4,"pid":1,"tid":0},
{"name":"Constraint /Biped/Rig/Movers/spine_to_bind/spine_ik_chest_bind_to_chest_bind","cat":"step","ph":"X","ts":144172,"dur":5,"pid":1,"tid":0},
{"name":"Constraint /Biped/Rig/Movers/girdles/spine_end_ctl_drives_chest_bind","cat":"step","ph":"X","ts":144177,"dur":5,"pid":1,"tid":0},
{"name":"Constraint /Biped/Rig/Movers/girdles/pelvis_r_ctl_drives_pelvis_r_bind","cat":"step","ph":"X","ts":144182,"dur":1,"pid":1,"tid":0},
{"name":"Constraint /Biped/Rig/Movers/girdles/pelvis_l_ctl_drives_pelvis_l_bind","cat":"step","ph":"X","ts":144183,"dur":1,"pid":1,"tid":0},
{"name":"Constraint /Biped/Rig/Movers/girdles/clavicle_r_ctl_drives_clavicle_r_bind","cat":"step","ph":"X","ts":144184,"dur":1,"pid":1,"tid":0},
{"name":"Constraint /Biped/Rig/Movers/girdles/clavicle_l_ctl_drives_clavicle_l_bind","cat":"step","ph":"X","ts":144185,"dur":1,"pid":1,"tid":0},
{"name":"Constraint /Biped/Rig/Movers/girdles/spine_end_ctl_unsquashes_neck_base_bind","cat":"step","ph":"X","ts":144186,"dur":3,"pid":1,"tid":0},
{"name":"Constraint /Biped/Rig/Movers/girdles/clavicle_r_ctl_unsquashes_clavicle_r_bind","cat":"step","ph":"X","ts":144189,"dur":1,"pid":1,"tid":0},
{"name":"Constraint /Biped/Rig/Movers/girdles/clavicle_l_ctl_unsquashes_clavicle_l_bind","cat":"step","ph":"X","ts":144190,"dur":2,"pid":1,"tid":0},
{"name":"Constraint /Biped/Rig/Movers/neck_to_bind/neck_ik_neck_0_bind_scale_to_neck_0_bind","cat":"step","ph":"X","ts":144192,"dur":3,"pid":1,"tid":0},
{"name":"Constraint /Biped/Rig/Movers/neck_to_bind/neck_ik_neck_0_bind_to_neck_0_bind","cat":"step","ph":"X","ts":144195,"dur":5,"pid":1,"tid":0},
{"name":"Constraint /Biped/Rig/Movers/neck_to_bind/neck_ik_neck_1_bind_scale_to_neck_1_bind","cat":"step","ph":"X","ts":144200,"dur":3,"pid":1,"tid":0},
{"name":"Constraint /Biped/Rig/Movers/neck_to_bind/neck_ik_neck_1_bind_to_neck_1_bind","cat":"step","ph":"X","ts":144203,"dur":4,"pid":1,"tid":0},
{"name":"Constraint /Biped/Rig/Movers/neck_to_bind/neck_ik_neck_2_bind_scale_to_neck_2_bind","cat":"step","ph":"X","ts":144207,"dur":3,"pid":1,"tid":0},
{"name":"Constraint /Biped/Rig/Movers/neck_to_bind/neck_ik_neck_2_bind_to_neck_2_bind","cat":"step","ph":"X","ts":144210,"dur":4,"pid":1,"tid":0},
{"name":"Constraint /Biped/Rig/Movers/neck_to_bind/neck_ik_neck_3_bind_scale_to_neck_3_bind","cat":"step","ph":"X","ts":144214,"dur":3,"pid":1,"tid":0},
{"name":"Constraint /Biped/Rig/Movers/neck_to_bind/neck_ik_neck_3_bind_to_neck_3_bind","cat":"step","ph":"X","ts":144217,"dur":4,"pid":1,"tid":0},
{"name":"Constraint /Biped/Rig/Movers/neck_to_bind/neck_ik_skull_bind_scale_to_skull_bind","cat":"step","ph":"X","ts":144221,"dur":2,"pid":1,"tid":0},
{"name":"Constraint /Biped/Rig/Movers/neck_to_bind/neck_ik_skull_bind_to_skull_bind","cat":"step","ph":"X","ts":144223,"dur":4,"pid":1,"tid":0},
{"name":"Constraint /Biped/Rig/Movers/twist_aims/wristTwist_r_bind_copy","cat":"step","ph":"X","ts":144227,"dur":2,"pid":1,"tid":0},
{"name":"Constraint /Biped/Rig/Movers/twist_aims/wristTwist_r_bind_aim","cat":"step","ph":"X","ts":144229,"dur":2,"pid":1,"tid":0},
{"name":"Constraint /Biped/Rig/Movers/twist_aims/wristTwist_l_bind_copy","cat":"step","ph":"X","ts":144231,"dur":2,"pid":1,"tid":0},
{"name":"Constraint /Biped/Rig/Movers/twist_aims/wristTwist_l_bind_aim","cat":"step","ph":"X","ts":144233,"dur":2,"pid":1,"tid":0},
{"name":"Constraint /Biped/Rig/Movers/twist_aims/ankleTwist_r_bind_copy","cat":"step","ph":"X","ts":144235,"dur":2,"pid":1,"tid":0},
{"name":"Constraint /Biped/Rig/Movers/twist_aims/ankleTwist_r_bind_aim","cat":"step","ph":"X","ts":144237,"dur":2,"pid":1,"tid":0},
{"name":"Constraint /Biped/Rig/Movers/twist_aims/ankleTwist_l_bind_copy","cat":"step","ph":"X","ts":144239,"dur":1,"pid":1,"tid":0},
{"name":"Constraint /Biped/Rig/Movers/twist_aims/ankleTwist_l_bind_aim","cat":"step","ph":"X","ts":144240,"dur":2,"pid":1,"tid":0},
{"name":"Constraint /Biped/Rig/Movers/twist_aims/ankleTwist_r_bind_follows_ankle_r_bind","cat":"step","ph":"X","ts":144242,"dur":1,"pid":1,"tid":0},
{"name":"Constraint /Biped/Rig/Movers/twist_aims/wristTwist_r_bind_follows_wrist_r_bind","cat":"step","ph":"X","ts":144243,"dur":1,"pid":1,"tid":0},
{"name":"Constraint /Biped/Rig/Movers/twist_aims/wristTwist_l_bind_follows_wrist_l_bind","cat":"step","ph":"X","ts":144244,"dur":1,"pid":1,"tid":0},
{"name":"Constraint /Biped/Rig/Movers/twist_aims/thighNoTwist_l_bind_follows_thigh_l_bind","cat":"step","ph":"X","ts":144245,"dur":1,"pid":1,"tid":0},
{"name":"Constraint /Biped/Rig/Movers/twist_aims/shoulderNoTwist_l_bind_follows_shoulder_l_bind","cat":"step","ph":"X","ts":144246,"dur":1,"pid":1,"tid":0},
{"name":"Constraint /Biped/Rig/Movers/twist_aims/pelvis_trans_l_bind_follows_thigh_l_bind","cat":"step","ph":"X","ts":144247,"dur":1,"pid":1,"tid":0},
{"name":"Constraint /Biped/Rig/Movers/twist_aims/clavicle_trans_r_bind_follows_shoulder_r_bind","cat":"step","ph":"X","ts":144248,"dur":1,"pid":1,"tid":0},
{"name":"Constraint /Biped/Rig/Movers/twist_aims/pelvis_trans_r_bind_aim","cat":"step","ph":"X","ts":144249,"dur":2,"pid":1,"tid":0},
{"name":"Constraint /Biped/Rig/Movers/twist_aims/pelvis_trans_l_bind_aim","cat":"step","ph":"X","ts":144251,"dur":3,"pid":1,"tid":0},
{"name":"Constraint /Biped/Rig/Movers/twist_aims/kneeTwist_r_bind_aim","cat":"step","ph":"X","ts":144254,"dur":2,"pid":1,"tid":0},
{"name":"Constraint /Biped/Rig/Movers/twist_aims/kneeTwist_l_bind_aim","cat":"step","ph":"X","ts":144256,"dur":2,"pid":1,"tid":0},
{"name":"Constraint /Biped/Rig/Movers/twist_aims/thighNoTwist_r_bind_aim","cat":"step","ph":"X","ts":144258,"dur":2,"pid":1,"tid":0},
{"name":"Constraint /Biped/Rig/Movers/twist_aims/thighNoTwist_l_bind_aim","cat":"step","ph":"X","ts":144260,"dur":1,"pid":1,"tid":0},
{"name":"Constraint /Biped/Rig/Movers/twist_aims/clavicle_trans_r_bind_aim","cat":"step","ph":"X","ts":144261,"dur":3,"pid":1,"tid":0},
{"name":"Constraint /Biped/Rig/Movers/twist_aims/clavicle_trans_l_bind_aim","cat":"step","ph":"X","ts":144264,"dur":2,"pid":1,"tid":0},
{"name":"Constraint /Biped/Rig/Movers/twist_aims/elbowTwist_r_bind_aim","cat":"step","ph":"X","ts":144266,"dur":2,"pid":1,"tid":0},
{"name":"Constraint /Biped/Rig/Movers/twist_aims/elbowTwist_l_bind_aim","cat":"step","ph":"X","ts":144268,"dur":2,"pid":1,"tid":0},
{"name":"Constraint /Biped/Rig/Movers/twist_aims/shoulderNoTwist_r_bind_aim","cat":"step","ph":"X","ts":144270,"dur":1,"pid":1,"tid":0},
{"name":"Constraint /Biped/Rig/Movers/twist_aims/shoulderNoTwist_l_bind_aim","cat":"step","ph":"X","ts":144271,"dur":2,"pid":1,"tid":0},
{"name":"Constraint /Biped/Rig/Movers/pose_drivers/thigh_r_driver_copies_thigh_r_bind","cat":"step","ph":"X","ts":144273,"dur":2,"pid":1,"tid":0},
{"name":"Constraint /Biped/Rig/Movers/pose_drivers/thigh_l_driver_copies_thigh_l_bind","cat":"step","ph":"X","ts":144275,"dur":2,"pid":1,"tid":0},
{"name":"Constraint /Biped/Rig/Movers/pose_drivers/thigh_r_twist_driver_copies_thighNoTwist_r_bind","cat":"step","ph":"X","ts":144277,"dur":2,"pid":1,"tid":0},
{"name":"Constraint /Biped/Rig/Movers/pose_drivers/thigh_l_twist_driver_copies_thighNoTwist_l_bind","cat":"step","ph":"X","ts":144279,"dur":3,"pid":1,"tid":0},
{"name":"Constraint /Biped/Rig/Movers/pose_drivers/ankleTwist_r_driver_copies_ankleTwist_r_bind","cat":"step","ph":"X","ts":144282,"dur":2,"pid":1,"tid":0},
{"name":"Constraint /Biped/Rig/Movers/pose_drivers/ankleTwist_l_driver_copies_ankleTwist_l_bind","cat":"step","ph":"X","ts":144284,"dur":2,"pid":1,"tid":0},
{"name":"Constraint /Biped/Rig/Movers/pose_drivers/toe_r_driver_copies_ball_r_bind","cat":"step","ph":"X","ts":144286,"dur":2,"pid":1,"tid":0},
{"name":"Constraint /Biped/Rig/Movers/pose_drivers/toe_l_driver_copies_ball_l_bind","cat":"step","ph":"X","ts":144288,"dur":1,"pid":1,"tid":0},
{"name":"Constraint /Biped/Rig/Movers/pose_drivers/knee_r_driver_copies_knee_r_bind","cat":"step","ph":"X","ts":144289,"dur":2,"pid":1,"tid":0},
{"name":"Constraint /Biped/Rig/Movers/pose_drivers/knee_l_driver_copies_knee_l_bind","cat":"step","ph":"X","ts":144291,"dur":2,"pid":1,"tid":0},
{"name":"Constraint /Biped/Rig/Movers/pose_drivers/ankleSwing_r_driver_copies_ankle_r_bind","cat":"step","ph":"X","ts":144293,"dur":2,"pid":1,"tid":0},
{"name":"Constraint /Biped/Rig/Movers/pose_drivers/ankleSwing_l_driver_copies_ankle_l_bind","cat":"step","ph":"X","ts":144295,"dur":2,"pid":1,"tid":0},
{"name":"Constraint /Biped/Rig/Movers/pose_drivers/shoulder_r_driver_copies_shoulder_r_bind","cat":"step","ph":"X","ts":144297,"dur":3,"pid":1,"tid":0},
{"name":"Constraint /Biped/Rig/Movers/pose_drivers/shoulder_l_driver_copies_shoulder_l_bind","cat":"step","ph":"X","ts":144300,"dur":2,"pid":1,"tid":0},
{"name":"Constraint /Biped/Rig/Movers/pose_drivers/wristTwist_r_driver_copies_wristTwist_r_bind","cat":"step","ph":"X","ts":144302,"dur":2,"pid":1,"tid":0},
{"name":"Constraint /Biped/Rig/Movers/pose_drivers/wristTwist_l_driver_copies_wristTwist_l_bind","cat":"step","ph":"X","ts":144304,"dur":2,"pid":1,"tid":0},
{"name":"Constraint /Biped/Rig/Movers/pose_drivers/shoulder_r_twist_driver_copies_shoulderNoTwist_r_bind","cat":"step","ph":"X","ts":144306,"dur":2,"pid":1,"tid":0},
{"name":"Constraint /Biped/Rig/Movers/pose_drivers/shoulder_l_twist_driver_copies_shoulderNoTwist_l_bind","cat":"step","ph":"X","ts":144308,"dur":3,"pid":1,"tid":0},
{"name":"Constraint /Biped/Rig/Movers/pose_drivers/wristSwing_r_driver_copies_wrist_r_bind","cat":"step","ph":"X","ts":144311,"dur":2,"pid":1,"tid":0},
{"name":"Constraint /Biped/Rig/Movers/pose_drivers/wristSwing_l_driver_copies_wrist_l_bind","cat":"step","ph":"X","ts":144313,"dur":2,"pid":1,"tid":0},
{"name":"Constraint /Biped/Rig/Movers/pose_drivers/elbow_r_driver_copies_elbow_r_bind","cat":"step","ph":"X","ts":144315,"dur":2,"pid":1,"tid":0},
{"name":"Constraint /Biped/Rig/Movers/pose_drivers/elbow_l_driver_copies_elbow_l_bind","cat":"step","ph":"X","ts":144317,"dur":2,"pid":1,"tid":0},
{"name":"Constraint /Biped/Rig/Movers/param_follow/leg_r_params_to_ankle_r_bind","cat":"step","ph":"X","ts":144319,"dur":2,"pid":1,"tid":0},
{"name":"Constraint /Biped/Rig/Movers/param_follow/leg_l_params_to_ankle_l_bind","cat":"step","ph":"X","ts":144321,"dur":2,"pid":1,"tid":0},
{"name":"Constraint /Biped/Rig/Movers/param_follow/arm_r_params_to_wrist_r_bind","cat":"step","ph":"X","ts":144323,"dur":2,"pid":1,"tid":0},
{"name":"Constraint /Biped/Rig/Movers/param_follow/arm_l_params_to_wrist_l_bind","cat":"step","ph":"X","ts":144325,"dur":2,"pid":1,"tid":0},
{"name":"ProviderMatrix /Biped/Rig/Controls/leg_l_ik/ankle_l_pivot/bankIn_l_pivot/bankOut_l_pivot/heel_l_roll final","cat":"step","ph":"X","ts":144327,"dur":1,"pid":1,"tid":0},
{"name":"ProviderMatrix /Biped/Rig/Controls/leg_r_ik/ankle_r_pivot/bankIn_r_pivot/bankOut_r_pivot/heel_r_roll/heel_r/ball_r_pivot/toe_r_roll/toe_r/ballRoll_r_up final","cat":"step","ph":"X","ts":144328,"dur":1,"pid":1,"tid":0},
{"name":"ProviderMatrix /Biped/Rig/Joints/ankle_l_pivot/bankIn_l_pivot/bankOut_l_pivot/heel_l_pivot/ball_l_pivot final","cat":"step","ph":"X","ts":144329,"dur":1,"pid":1,"tid":0},
{"name":"ProviderMatrix /Biped/Rig/Joints/ankle_r_pivot/bankIn_r_pivot/bankOut_r_pivot/heel_r_pivot/ball_r_pivot/toe_r_pivot/toeBend_r_pivot final","cat":"step","ph":"X","ts":144330,"dur":1,"pid":1,"tid":0},
{"name":"ProviderMatrix /Biped/Rig/Joints/hips_bind/pelvis_l_bind/thigh_l_bind/knee_l_bind/ankleTwist_l_bind final","cat":"step","ph":"X","ts":144331,"dur":1,"pid":1,"tid":0},
{"name":"ProviderMatrix /Biped/Rig/Joints/hips_bind/pelvis_l_bind/thigh_l_bind/knee_l_bind/ankle_l_bind/ball_l_bind/toe2_001_l_bind/toe2_002_l_bind/toe2_003_l_bind final","cat":"step","ph":"X","ts":144332,"dur":1,"pid":1,"tid":0},
{"name":"ProviderMatrix /Biped/Rig/Joints/hips_bind/pelvis_l_bind/thigh_l_bind/knee_l_bind/ankle_l_bind/ball_l_bind/toe5_001_l_bind/toe5_002_l_bind final","cat":"step","ph":"X","ts":144333,"dur":1,"pid":1,"tid":0},
{"name":"ProviderMatrix /Biped/Rig/Joints/hips_bind/pelvis_r_bind/pelvis_trans_r_bind/thigh_r_driver/thigh_r_twist_driver final","cat":"step","ph":"X","ts":144334,"dur":1,"pid":1,"tid":0},
{"name":"ProviderMatrix /Biped/Rig/Joints/hips_bind/pelvis_r_bind/thigh_r_bind/knee_r_bind/ankle_r_bind/ball_r_bind/toe1_001_r_bind/toe1_002_r_bind final","cat":"step","ph":"X","ts":144335,"dur":1,"pid":1,"tid":0},
{"name":"ProviderMatrix /Biped/Rig/Joints/hips_bind/pelvis_r_bind/thigh_r_bind/knee_r_bind/ankle_r_bind/ball_r_bind/toe4_001_r_bind final","cat":"step","ph":"X","ts":144336,"dur":1,"pid":1,"tid":0},
{"name":"ProviderMatrix /Biped/Rig/Joints/hips_bind/pelvis_r_bind/thigh_r_bind/knee_r_bind/kneeTwist_r_bind/knee_r_driver final","cat":"step","ph":"X","ts":144337,"dur":1,"pid":1,"tid":0},
{"name":"ProviderMatrix /Biped/Rig/Joints/hips_bind/spine_0_bind/spine_1_bind/spine_2_bind/spine_3_bind/spine_4_bind/spine_5_bind/chest_bind/clavicle_l_bind/clavicle_trans_l_bind/shoulder_l_driver final","cat":"step","ph":"X","ts":144338,"dur":1,"pid":1,"tid":0},
{"name":"ProviderMatrix /Biped/Rig/Joints/hips_bind/spine_0_bind/spine_1_bind/spine_2_bind/spine_3_bind/spine_4_bind/spine_5_bind/chest_bind/clavicle_l_bind/shoulder_l_bind/elbow_l_bind/wrist_l_bind final","cat":"step","ph":"X","ts":144339,"dur":1,"pid":1,"tid":0},
{"name":"ProviderMatrix /Biped/Rig/Joints/hips_bind/spine_0_bind/spine_1_bind/spine_2_bind/spine_3_bind/spine_4_bind/spine_5_bind/chest_bind/clavicle_l_bind/shoulder_l_bind/elbow_l_bind/wrist_l_bind/middle_001_l_bind/middle_002_l_bind/middle_003_l_bind/middle_004_l_bind/middle_005_l_bind final","cat":"step","ph":"X","ts":144340,"dur":1,"pid":1,"tid":0},
{"name":"ProviderMatrix /Biped/Rig/Joints/hips_bind/spine_0_bind/spine_1_bind/spine_2_bind/spine_3_bind/spine_4_bind/spine_5_bind/chest_bind/clavicle_l_bind/shoulder_l_bind/elbow_l_bind/wrist_l_bind/ring_001_l_bind/ring_002_l_bind/ring_003_l_bind final","cat":"step","ph":"X","ts":144341,"dur":1,"pid":1,"tid":0},
{"name":"ProviderMatrix /Biped/Rig/Joints/hips_bind/spine_0_bind/spine_1_bind/spine_2_bind/spine_3_bind/spine_4_bind/spine_5_bind/chest_bind/clavicle_r_bind/clavicle_trans_r_bind/shoulder_r_driver final","cat":"step","ph":"X","ts":144342,"dur":1,"pid":1,"tid":0},
{"name":"ProviderMatrix /Biped/Rig/Joints/hips_bind/spine_0_bind/spine_1_bind/spine_2_bind/spine_3_bind/spine_4_bind/spine_5_bind/chest_bind/clavicle_r_bind/shoulder_r_bind/elbow_r_bind/wrist_r_bind final","cat":"step","ph":"X","ts":144343,"dur":1,"pid":1,"tid":0},
{"name":"ProviderMatrix /Biped/Rig/Joints/hips_bind/spine_0_bind/spine_1_bind/spine_2_bind/spine_3_bind/spine_4_bind/spine_5_bind/chest_bind/clavicle_r_bind/shoulder_r_bind/elbow_r_bind/wrist_r_bind/middle_001_r_bind/middle_002_r_bind/middle_003_r_bind/middle_004_r_bind final","cat":"step","ph":"X","ts":144344,"dur":1,"pid":1,"tid":0},
{"name":"ProviderMatrix /Biped/Rig/Joints/hips_bind/spine_0_bind/spine_1_bind/spine_2_bind/spine_3_bind/spine_4_bind/spine_5_bind/chest_bind/clavicle_r_bind/shoulder_r_bind/elbow_r_bind/wrist_r_bind/ring_001_r_bind/ring_002_combo_r_driver final","cat":"step","ph":"X","ts":144345,"dur":1,"pid":1,"tid":0},
{"name":"ProviderMatrix /Biped/Rig/Joints/hips_bind/spine_0_bind/spine_1_bind/spine_2_bind/spine_3_bind/spine_4_bind/spine_5_bind/chest_bind/neck_base_bind/neck_0_bind final","cat":"step","ph":"X","ts":144346,"dur":1,"pid":1,"tid":0},
{"name":"ProviderMatrix /Biped/Rig/Joints/hips_bind/spine_0_bind/spine_1_bind/spine_2_bind/spine_3_bind/spine_4_bind/spine_5_bind/chest_bind/neck_base_bind/neck_0_bind/neck_1_bind/neck_2_bind/neck_3_bind/skull_bind/face_lower_bind/jaw_bind final","cat":"step","ph":"X","ts":144347,"dur":1,"pid":1,"tid":0},
{"name":"ProviderMatrix /Biped/Rig/Joints/hips_bind/spine_0_bind/spine_1_bind/spine_2_bind/spine_3_bind/spine_4_bind/spine_5_bind/chest_bind/neck_base_bind/neck_0_bind/neck_1_bind/neck_2_bind/neck_3_bind/skull_bind/face_upper_bind/eyeSocket_r_bind final","cat":"step","ph":"X","ts":144348,"dur":1,"pid":1,"tid":0},
{"name":"ProviderMatrix /Biped/Rig/Joints/neck_ik_neck_0_bind/neck_ik_neck_1_bind/neck_ik_neck_2_bind/neck_ik_neck_3_bind final","cat":"step","ph":"X","ts":144349,"dur":1,"pid":1,"tid":0},
{"name":"InfluenceFold /Biped/Rig/Movers/skin_body_geo/body_geo_skin","cat":"step","ph":"X","ts":144350,"dur":24,"pid":1,"tid":0},
{"name":"RevisionChunk /Biped/Rig/Movers/skin_body_geo/body_geo_skin","cat":"step","ph":"X","ts":144374,"dur":336,"pid":1,"tid":0},
{"name":"RevisionFuse /Biped/Rig/Movers/skin_body_geo/body_geo_skin","cat":"step","ph":"X","ts":144710,"dur":3,"pid":1,"tid":0},
{"name":"ChainStatus /Biped/Geom/body_geo.points","cat":"step","ph":"X","ts":144713,"dur":82,"pid":1,"tid":0},
{"name":"Derived /Biped/Geom/body_geo.extent","cat":"step","ph":"X","ts":144795,"dur":247,"pid":1,"tid":0},
{"name":"BakedPublish","cat":"baked","ph":"X","ts":145111,"dur":66,"pid":1,"tid":0},
{"name":"BakedEpilogue","cat":"baked","ph":"X","ts":145044,"dur":141,"pid":1,"tid":0},
{"name":"Baked","cat":"baked","ph":"X","ts":143740,"dur":1446,"pid":1,"tid":0},
{"name":"Evaluate.Run","cat":"evaluate","ph":"X","ts":143740,"dur":1446,"pid":1,"tid":0},
{"name":"Evaluate@7","cat":"evaluate","ph":"X","ts":143738,"dur":1449,"pid":1,"tid":0},
{"name":"Evaluate.Settle","cat":"evaluate","ph":"X","ts":145289,"dur":0,"pid":1,"tid":0},
{"name":"Evaluate.PlaceOverrides","cat":"evaluate","ph":"X","ts":145289,"dur":0,"pid":1,"tid":0},
{"name":"PropertyChains","cat":"property","ph":"X","ts":145292,"dur":8,"pid":1,"tid":0},
{"name":"BakedInputs","cat":"baked","ph":"X","ts":145301,"dur":11,"pid":1,"tid":0},
{"name":"BakedChainBase","cat":"geometry","ph":"X","ts":145430,"dur":2,"pid":1,"tid":0},
{"name":"BakedPrologue","cat":"baked","ph":"X","ts":145291,"dur":142,"pid":1,"tid":0},
{"name":"BakedRegion","cat":"baked","ph":"X","ts":145433,"dur":1217,"pid":1,"tid":0},
{"name":"ComposeSubtree /Biped/Rig/Controls/arm_l_ik","cat":"step","ph":"X","ts":145466,"dur":2,"pid":1,"tid":0},
{"name":"ComposeSubtree /Biped/Rig/Controls/hips_ctl","cat":"step","ph":"X","ts":145468,"dur":1,"pid":1,"tid":0},
{"name":"ComposeSubtree /Biped/Rig/Controls/hips_ctl/spine_root_pivot/spine_root_ctl","cat":"step","ph":"X","ts":145469,"dur":1,"pid":1,"tid":0},
{"name":"ComposeSubtree /Biped/Rig/Controls/hips_ctl/spine_root_pivot/spine_root_ctl/pelvis_r_ctl/leg_r_root/leg_r_fk_thigh_r_bind","cat":"step","ph":"X","ts":145470,"dur":1,"pid":1,"tid":0},
{"name":"ComposeSubtree /Biped/Rig/Controls/hips_ctl/torso_ctl/spine_end_pivot/spine_end_ctl","cat":"step","ph":"X","ts":145471,"dur":1,"pid":1,"tid":0},
{"name":"ComposeSubtree /Biped/Rig/Controls/hips_ctl/torso_ctl/spine_end_pivot/spine_end_ctl/clavicle_r_ctl/arm_r_root/arm_r_fk_shoulder_r_bind/arm_r_fk_elbow_r_bind","cat":"step","ph":"X","ts":145472,"dur":1,"pid":1,"tid":0},
{"name":"ComposeSubtree /Biped/Rig/Controls/index_001_l_bind_fk_follow","cat":"step","ph":"X","ts":145473,"dur":1,"pid":1,"tid":0},
{"name":"ComposeSubtree /Biped/Rig/Controls/index_001_r_bind_fk_follow/index_001_r_bind_fk/index_002_r_bind_fk/index_003_r_bind_fk","cat":"step","ph":"X","ts":145474,"dur":1,"pid":1,"tid":0},
{"name":"ComposeSubtree /Biped/Rig/Controls/leg_l_ik/ankle_l_pivot/bankIn_l_pivot/bankOut_l_pivot/heel_l_roll","cat":"step","ph":"X","ts":145475,"dur":1,"pid":1,"tid":0},
{"name":"ComposeSubtree /Biped/Rig/Controls/leg_l_ik/ankle_l_pivot/bankIn_l_pivot/bankOut_l_pivot/heel_l_roll/heel_l/ball_l_pivot/toe_l_roll/toe_l/ballRoll_l_up/ballRoll_l_down/ballRoll_l/ankle_l_ikTarget","cat":"step","ph":"X","ts":145476,"dur":1,"pid":1,"tid":0},
{"name":"ComposeSubtree /Biped/Rig/Controls/leg_l_ik/ankle_l_pivot/bankIn_l_pivot/bankOut_l_pivot/heel_l_roll/heel_l/ball_l_pivot/toe_l_roll_twin","cat":"step","ph":"X","ts":145477,"dur":1,"pid":1,"tid":0},
{"name":"ComposeSubtree /Biped/Rig/Controls/leg_l_pv","cat":"step","ph":"X","ts":145478,"dur":1,"pid":1,"tid":0},
{"name":"ComposeSubtree /Biped/Rig/Controls/leg_r_ik/ankle_r_pivot/bankIn_r_pivot/bankOut_r_pivot/heel_r_roll/heel_r/ball_r_pivot/toe_r_roll","cat":"step","ph":"X","ts":145479,"dur":1,"pid":1,"tid":0},
{"name":"ComposeSubtree /Biped/Rig/Controls/leg_r_ik/ankle_r_pivot/bankIn_r_pivot/bankOut_r_pivot/heel_r_roll/heel_r/ball_r_pivot/toe_r_roll/toe_r/ballRoll_r_up/ballRoll_r_down/ballRoll_r","cat":"step","ph":"X","ts":145480,"dur":1,"pid":1,"tid":0},
{"name":"ComposeSubtree /Biped/Rig/Controls/leg_r_ik/ankle_r_pivot/bankIn_r_pivot/bankOut_r_pivot/heel_r_roll/heel_r/ball_r_pivot/toe_r_roll_twin","cat":"step","ph":"X","ts":145481,"dur":1,"pid":1,"tid":0},
{"name":"ComposeSubtree /Biped/Rig/Controls/leg_r_pv","cat":"step","ph":"X","ts":145482,"dur":1,"pid":1,"tid":0},
{"name":"ComposeSubtree /Biped/Rig/Controls/middle_001_r_bind_fk_follow","cat":"step","ph":"X","ts":145483,"dur":1,"pid":1,"tid":0},
{"name":"ComposeSubtree /Biped/Rig/Controls/pinkyCup_l_bind_fk_follow/pinkyCup_l_bind_fk/pinky_001_l_bind_fk","cat":"step","ph":"X","ts":145484,"dur":1,"pid":1,"tid":0},
{"name":"ComposeSubtree /Biped/Rig/Controls/pinkyCup_r_bind_fk_follow/pinkyCup_r_bind_fk/pinky_001_r_bind_fk","cat":"step","ph":"X","ts":145485,"dur":1,"pid":1,"tid":0},
{"name":"ComposeSubtree /Biped/Rig/Controls/ring_001_r_bind_fk_follow","cat":"step","ph":"X","ts":145486,"dur":1,"pid":1,"tid":0},
{"name":"ComposeSubtree /Biped/Rig/Controls/spine_mid_follow","cat":"step","ph":"X","ts":145487,"dur":1,"pid":1,"tid":0},
{"name":"ComposeSubtree /Biped/Rig/Controls/thumbCup_r_bind_fk_follow/thumbCup_r_bind_fk/thumb_001_r_bind_fk","cat":"step","ph":"X","ts":145488,"dur":1,"pid":1,"tid":0},
{"name":"ComposeSubtree /Biped/Rig/Joints/ankle_l_pivot/bankIn_l_pivot/bankOut_l_pivot/heel_l_pivot/ball_l_pivot","cat":"step","ph":"X","ts":145489,"dur":1,"pid":1,"tid":0},
{"name":"ComposeSubtree /Biped/Rig/Joints/ankle_r_pivot/bankIn_r_pivot/bankOut_r_pivot/heel_r_pivot/ball_r_pivot","cat":"step","ph":"X","ts":145490,"dur":1,"pid":1,"tid":0},
{"name":"ComposeSubtree /Biped/Rig/Joints/hips_bind/pelvis_l_bind/pelvis_trans_combo_l_driver","cat":"step","ph":"X","ts":145491,"dur":1,"pid":1,"tid":0},
{"name":"ComposeSubtree /Biped/Rig/Joints/hips_bind/pelvis_l_bind/thigh_l_bind/knee_l_bind/ankleTwist_l_bind","cat":"step","ph":"X","ts":145492,"dur":1,"pid":1,"tid":0},
{"name":"ComposeSubtree /Biped/Rig/Joints/hips_bind/pelvis_l_bind/thigh_l_bind/knee_l_bind/ankle_l_bind/ball_l_bind/toe2_001_l_bind","cat":"step","ph":"X","ts":145493,"dur":1,"pid":1,"tid":0},
{"name":"ComposeSubtree /Biped/Rig/Joints/hips_bind/pelvis_l_bind/thigh_l_bind/knee_l_bind/ankle_l_bind/ball_l_bind/toe4_001_l_bind","cat":"step","ph":"X","ts":145494,"dur":1,"pid":1,"tid":0},
{"name":"ComposeSubtree /Biped/Rig/Joints/hips_bind/pelvis_l_bind/thigh_l_bind/knee_l_bind/ankle_l_bind/ball_l_bind/toe_l_bind","cat":"step","ph":"X","ts":145495,"dur":1,"pid":1,"tid":0},
{"name":"ComposeSubtree /Biped/Rig/Joints/hips_bind/pelvis_r_bind/pelvis_trans_r_bind/thigh_r_driver","cat":"step","ph":"X","ts":145496,"dur":1,"pid":1,"tid":0},
{"name":"ComposeSubtree /Biped/Rig/Joints/hips_bind/pelvis_r_bind/thigh_r_bind/knee_r_bind/ankleTwist_r_driver","cat":"step","ph":"X","ts":145497,"dur":1,"pid":1,"tid":0},
{"name":"ComposeSubtree /Biped/Rig/Joints/hips_bind/pelvis_r_bind/thigh_r_bind/knee_r_bind/ankle_r_bind/ball_r_bind/toe2_001_r_bind","cat":"step","ph":"X","ts":145498,"dur":1,"pid":1,"tid":0},
{"name":"ComposeSubtree /Biped/Rig/Joints/hips_bind/pelvis_r_bind/thigh_r_bind/knee_r_bind/ankle_r_bind/ball_r_bind/toe4_001_r_bind","cat":"step","ph":"X","ts":145499,"dur":1,"pid":1,"tid":0},
{"name":"ComposeSubtree /Biped/Rig/Joints/hips_bind/pelvis_r_bind/thigh_r_bind/knee_r_bind/ankle_r_bind/ball_r_bind/toe_r_bind","cat":"step","ph":"X","ts":145500,"dur":1,"pid":1,"tid":0},
{"name":"ComposeSubtree /Biped/Rig/Joints/hips_bind/spine_0_bind/spine_1_bind/spine_2_bind/spine_3_bind/spine_4_bind","cat":"step","ph":"X","ts":145501,"dur":1,"pid":1,"tid":0},
{"name":"ComposeSubtree /Biped/Rig/Joints/hips_bind/spine_0_bind/spine_1_bind/spine_2_bind/spine_3_bind/spine_4_bind/spine_5_bind/chest_bind/clavicle_l_bind/shoulderNoTwist_l_bind","cat":"step","ph":"X","ts":145502,"dur":1,"pid":1,"tid":0},
{"name":"ComposeSubtree /Biped/Rig/Joints/hips_bind/spine_0_bind/spine_1_bind/spine_2_bind/spine_3_bind/spine_4_bind/spine_5_bind/chest_bind/clavicle_l_bind/shoulder_l_bind/elbow_l_bind/wristTwist_l_driver","cat":"step","ph":"X","ts":145503,"dur":1,"pid":1,"tid":0},
{"name":"ComposeSubtree /Biped/Rig/Joints/hips_bind/spine_0_bind/spine_1_bind/spine_2_bind/spine_3_bind/spine_4_bind/spine_5_bind/chest_bind/clavicle_l_bind/shoulder_l_bind/elbow_l_bind/wrist_l_bind/index_001_l_bind/index_002_l_bind/index_003_l_bind/index_004_l_bind","cat":"step","ph":"X","ts":145504,"dur":1,"pid":1,"tid":0},
{"name":"ComposeSubtree /Biped/Rig/Joints/hips_bind/spine_0_bind/spine_1_bind/spine_2_bind/spine_3_bind/spine_4_bind/spine_5_bind/chest_bind/clavicle_l_bind/shoulder_l_bind/elbow_l_bind/wrist_l_bind/pinkyCup_l_bind","cat":"step","ph":"X","ts":145505,"dur":1,"pid":1,"tid":0},
{"name":"ComposeSubtree /Biped/Rig/Joints/hips_bind/spine_0_bind/spine_1_bind/spine_2_bind/spine_3_bind/spine_4_bind/spine_5_bind/chest_bind/clavicle_l_bind/shoulder_l_bind/elbow_l_bind/wrist_l_bind/ring_001_l_bind/ring_002_l_bind","cat":"step","ph":"X","ts":145506,"dur":1,"pid":1,"tid":0},
{"name":"ComposeSubtree /Biped/Rig/Joints/hips_bind/spine_0_bind/spine_1_bind/spine_2_bind/spine_3_bind/spine_4_bind/spine_5_bind/chest_bind/clavicle_l_bind/shoulder_l_bind/elbow_l_bind/wrist_l_bind/thumbCup_l_bind/thumb_001_l_bind/thumb_002_l_bind/thumb_003_l_bind","cat":"step","ph":"X","ts":145507,"dur":1,"pid":1,"tid":0},
{"name":"ComposeSubtree /Biped/Rig/Joints/hips_bind/spine_0_bind/spine_1_bind/spine_2_bind/spine_3_bind/spine_4_bind/spine_5_bind/chest_bind/clavicle_r_bind/shoulder_r_bind","cat":"step","ph":"X","ts":145508,"dur":1,"pid":1,"tid":0},
{"name":"ComposeSubtree /Biped/Rig/Joints/hips_bind/spine_0_bind/spine_1_bind/spine_2_bind/spine_3_bind/spine_4_bind/spine_5_bind/chest_bind/clavicle_r_bind/shoulder_r_bind/elbow_r_bind/wrist_r_bind/index_001_r_bind","cat":"step","ph":"X","ts":145509,"dur":1,"pid":1,"tid":0},
{"name":"ComposeSubtree /Biped/Rig/Joints/hips_bind/spine_0_bind/spine_1_bind/spine_2_bind/spine_3_bind/spine_4_bind/spine_5_bind/chest_bind/clavicle_r_bind/shoulder_r_bind/elbow_r_bind/wrist_r_bind/middle_001_r_bind/middle_002_r_bind","cat":"step","ph":"X","ts":145510,"dur":1,"pid":1,"tid":0},
{"name":"ComposeSubtree /Biped/Rig/Joints/hips_bind/spine_0_bind/spine_1_bind/spine_2_bind/spine_3_bind/spine_4_bind/spine_5_bind/chest_bind/clavicle_r_bind/shoulder_r_bind/elbow_r_bind/wrist_r_bind/pinkyCup_r_bind/pinky_001_r_bind/pinky_002_r_bind/pinky_003_r_bind","cat":"step","ph":"X","ts":145511,"dur":1,"pid":1,"tid":0},
{"name":"ComposeSubtree /Biped/Rig/Joints/hips_bind/spine_0_bind/spine_1_bind/spine_2_bind/spine_3_bind/spine_4_bind/spine_5_bind/chest_bind/clavicle_r_bind/shoulder_r_bind/elbow_r_bind/wrist_r_bind/ring_001_r_bind/ring_002_r_bind/ring_003_r_bind/ring_004_r_bind","cat":"step","ph":"X","ts":145512,"dur":1,"pid":1,"tid":0},
{"name":"ComposeSubtree /Biped/Rig/Joints/hips_bind/spine_0_bind/spine_1_bind/spine_2_bind/spine_3_bind/spine_4_bind/spine_5_bind/chest_bind/neck_base_bind","cat":"step","ph":"X","ts":145513,"dur":1,"pid":1,"tid":0},
{"name":"ComposeSubtree /Biped/Rig/Joints/hips_bind/spine_0_bind/spine_1_bind/spine_2_bind/spine_3_bind/spine_4_bind/spine_5_bind/chest_bind/neck_base_bind/neck_0_bind/neck_1_bind/neck_2_bind/neck_3_bind/skull_bind/face_lower_bind/face_mid_bind/nose_bridge_bind","cat":"step","ph":"X","ts":145514,"dur":1,"pid":1,"tid":0},
{"name":"ComposeSubtree /Biped/Rig/Joints/hips_bind/spine_0_bind/spine_1_bind/spine_2_bind/spine_3_bind/spine_4_bind/spine_5_bind/chest_bind/neck_base_bind/neck_0_bind/neck_1_bind/neck_2_bind/neck_3_bind/skull_bind/face_lower_bind/jaw_bind/tongue_0_bind/tongue_1_bind/tongue_2_bind","cat":"step","ph":"X","ts":145515,"dur":1,"pid":1,"tid":0},
{"name":"ComposeSubtree /Biped/Rig/Joints/hips_bind/spine_0_bind/spine_1_bind/spine_2_bind/spine_3_bind/spine_4_bind/spine_5_bind/chest_bind/neck_base_bind/neck_0_bind/neck_1_bind/neck_2_bind/neck_3_bind/skull_bind/face_upper_bind/eyeSocket_r_bind","cat":"step","ph":"X","ts":145516,"dur":1,"pid":1,"tid":0},
{"name":"ComposeSubtree /Biped/Rig/Joints/hips_bind/spine_0_bind/spine_1_bind/spine_2_bind/spine_3_bind/spine_4_bind/spine_5_bind/chest_bind/neck_base_bind/neck_0_bind/neck_1_bind/neck_2_bind/neck_3_bind/skull_bind/face_upper_bind/head_tip_bind/brow_peak_r_bind","cat":"step","ph":"X","ts":145517,"dur":1,"pid":1,"tid":0},
{"name":"ComposeSubtree /Biped/Rig/Joints/spine_ik_spine_0_bind/spine_ik_spine_1_bind/spine_ik_spine_2_bind","cat":"step","ph":"X","ts":145518,"dur":1,"pid":1,"tid":0},
{"name":"Solve /Biped/Rig/Solvers/arm_l_fkChain","cat":"step","ph":"X","ts":145519,"dur":1,"pid":1,"tid":0},
{"name":"SolverCommit batch 0","cat":"step","ph":"X","ts":145520,"dur":1,"pid":1,"tid":0},
{"name":"Solve /Biped/Rig/Solvers/arm_l_twoBoneIk","cat":"step","ph":"X","ts":145521,"dur":1,"pid":1,"tid":0},
{"name":"Solve /Biped/Rig/Solvers/leg_l_fkChain","cat":"step","ph":"X","ts":145522,"dur":1,"pid":1,"tid":0},
{"name":"Solve /Biped/Rig/Solvers/leg_r_fkChain","cat":"step","ph":"X","ts":145523,"dur":1,"pid":1,"tid":0},
{"name":"Solve /Biped/Rig/Solvers/neck_splineIk","cat":"step","ph":"X","ts":145524,"dur":8,"pid":1,"tid":0},
{"name":"SolverCommit batch 6","cat":"step","ph":"X","ts":145532,"dur":1,"pid":1,"tid":0},
{"name":"Solve /Biped/Rig/Solvers/spine_splineIk","cat":"step","ph":"X","ts":145533,"dur":7,"pid":1,"tid":0},
{"name":"SolverCommit batch 7","cat":"step","ph":"X","ts":145540,"dur":1,"pid":1,"tid":0},
{"name":"SolverCommit batch 8","cat":"step","ph":"X","ts":145541,"dur":2,"pid":1,"tid":0},
{"name":"SolverCommit batch 9","cat":"step","ph":"X","ts":145543,"dur":1,"pid":1,"tid":0},
{"name":"Constraint /Biped/Rig/Movers/spine_mid_follow/spine_mid_follow_pos","cat":"step","ph":"X","ts":145544,"dur":7,"pid":1,"tid":0},
{"name":"Solve /Biped/Rig/Solvers/fk_thumb_r","cat":"step","ph":"X","ts":145551,"dur":1,"pid":1,"tid":0},
{"name":"Solve /Biped/Rig/Solvers/fk_ring_r","cat":"step","ph":"X","ts":145552,"dur":1,"pid":1,"tid":0},
{"name":"SolverCommit batch 12","cat":"step","ph":"X","ts":145553,"dur":1,"pid":1,"tid":0},
{"name":"Solve /Biped/Rig/Solvers/fk_pinky_r","cat":"step","ph":"X","ts":145554,"dur":2,"pid":1,"tid":0},
{"name":"SolverCommit batch 13","cat":"step","ph":"X","ts":145556,"dur":1,"pid":1,"tid":0},
{"name":"Solve /Biped/Rig/Solvers/fk_middle_r","cat":"step","ph":"X","ts":145557,"dur":1,"pid":1,"tid":0},
{"name":"Solve /Biped/Rig/Solvers/fk_index_r","cat":"step","ph":"X","ts":145558,"dur":1,"pid":1,"tid":0},
{"name":"SolverCommit batch 15","cat":"step","ph":"X","ts":145559,"dur":1,"pid":1,"tid":0},
{"name":"Solve /Biped/Rig/Solvers/fk_thumb_l","cat":"step","ph":"X","ts":145560,"dur":1,"pid":1,"tid":0},
{"name":"Solve /Biped/Rig/Solvers/fk_ring_l","cat":"step","ph":"X","ts":145561,"dur":1,"pid":1,"tid":0},
{"name":"Solve /Biped/Rig/Solvers/fk_pinky_l","cat":"step","ph":"X","ts":145562,"dur":1,"pid":1,"tid":0},
{"name":"SolverCommit batch 18","cat":"step","ph":"X","ts":145563,"dur":1,"pid":1,"tid":0},
{"name":"Solve /Biped/Rig/Solvers/fk_middle_l","cat":"step","ph":"X","ts":145564,"dur":1,"pid":1,"tid":0},
{"name":"Solve /Biped/Rig/Solvers/fk_index_l","cat":"step","ph":"X","ts":145565,"dur":1,"pid":1,"tid":0},
{"name":"Constraint /Biped/Rig/Movers/spine_mid_follow/spine_mid_follow_aim","cat":"step","ph":"X","ts":145566,"dur":3,"pid":1,"tid":0},
{"name":"Constraint /Biped/Rig/Movers/hand_r_follow/thumbCup_r_bind_fk_follow_to_wrist_r_bind","cat":"step","ph":"X","ts":145569,"dur":3,"pid":1,"tid":0},
{"name":"Constraint /Biped/Rig/Movers/hand_r_follow/ring_001_r_bind_fk_follow_to_wrist_r_bind","cat":"step","ph":"X","ts":145572,"dur":3,"pid":1,"tid":0},
{"name":"Constraint /Biped/Rig/Movers/hand_r_follow/pinkyCup_r_bind_fk_follow_to_wrist_r_bind","cat":"step","ph":"X","ts":145575,"dur":3,"pid":1,"tid":0},
{"name":"Constraint /Biped/Rig/Movers/hand_r_follow/middle_001_r_bind_fk_follow_to_wrist_r_bind","cat":"step","ph":"X","ts":145578,"dur":3,"pid":1,"tid":0},
{"name":"Constraint /Biped/Rig/Movers/hand_r_follow/index_001_r_bind_fk_follow_to_wrist_r_bind","cat":"step","ph":"X","ts":145581,"dur":2,"pid":1,"tid":0},
{"name":"Constraint /Biped/Rig/Movers/hand_l_follow/thumbCup_l_bind_fk_follow_to_wrist_l_bind","cat":"step","ph":"X","ts":145583,"dur":3,"pid":1,"tid":0},
{"name":"Constraint /Biped/Rig/Movers/hand_l_follow/ring_001_l_bind_fk_follow_to_wrist_l_bind","cat":"step","ph":"X","ts":145586,"dur":2,"pid":1,"tid":0},
{"name":"Constraint /Biped/Rig/Movers/hand_l_follow/pinkyCup_l_bind_fk_follow_to_wrist_l_bind","cat":"step","ph":"X","ts":145588,"dur":3,"pid":1,"tid":0},
{"name":"Constraint /Biped/Rig/Movers/hand_l_follow/middle_001_l_bind_fk_follow_to_wrist_l_bind","cat":"step","ph":"X","ts":145591,"dur":2,"pid":1,"tid":0},
{"name":"Constraint /Biped/Rig/Movers/hand_l_follow/index_001_l_bind_fk_follow_to_wrist_l_bind","cat":"step","ph":"X","ts":145593,"dur":4,"pid":1,"tid":0},
{"name":"Constraint /Biped/Rig/Movers/bankIn_r_pivot_rc/bankIn_r_pivot_rotation","cat":"step","ph":"X","ts":145597,"dur":1,"pid":1,"tid":0},
{"name":"Constraint /Biped/Rig/Movers/bankOut_r_pivot_rc/bankOut_r_pivot_rotation","cat":"step","ph":"X","ts":145598,"dur":1,"pid":1,"tid":0},
{"name":"Constraint /Biped/Rig/Movers/toe_r_roll_rc/toe_r_roll_rotation","cat":"step","ph":"X","ts":145599,"dur":1,"pid":1,"tid":0},
{"name":"Solve /Biped/Rig/Solvers/leg_r_twoBoneIk","cat":"step","ph":"X","ts":145600,"dur":1,"pid":1,"tid":0},
{"name":"SolverCommit batch 39","cat":"step","ph":"X","ts":145601,"dur":4,"pid":1,"tid":0},
{"name":"Constraint /Biped/Rig/Movers/ankle_r_bind_scAim/ankle_r_bind_aim","cat":"step","ph":"X","ts":145605,"dur":5,"pid":1,"tid":0},
{"name":"Constraint /Biped/Rig/Movers/ball_r_bind_scAim/ball_r_bind_aim","cat":"step","ph":"X","ts":145610,"dur":3,"pid":1,"tid":0},
{"name":"Constraint /Biped/Rig/Movers/bankIn_l_pivot_rc/bankIn_l_pivot_rotation","cat":"step","ph":"X","ts":145613,"dur":1,"pid":1,"tid":0},
{"name":"Constraint /Biped/Rig/Movers/heel_l_roll_rc/heel_l_roll_rotation","cat":"step","ph":"X","ts":145614,"dur":1,"pid":1,"tid":0},
{"name":"Constraint /Biped/Rig/Movers/ballRoll_l_up_rc/ballRoll_l_up_rotation","cat":"step","ph":"X","ts":145615,"dur":1,"pid":1,"tid":0},
{"name":"Solve /Biped/Rig/Solvers/leg_l_ikfk","cat":"step","ph":"X","ts":145616,"dur":1,"pid":1,"tid":0},
{"name":"SolverCommit batch 49","cat":"step","ph":"X","ts":145617,"dur":3,"pid":1,"tid":0},
{"name":"Constraint /Biped/Rig/Movers/ankle_l_bind_scAim/ankle_l_bind_aim","cat":"step","ph":"X","ts":145620,"dur":4,"pid":1,"tid":0},
{"name":"Constraint /Biped/Rig/Movers/ball_l_bind_scAim/ball_l_bind_aim","cat":"step","ph":"X","ts":145624,"dur":3,"pid":1,"tid":0},
{"name":"Constraint /Biped/Rig/Movers/hips_follow/spine_root_ctl_drives_hips_bind","cat":"step","ph":"X","ts":145627,"dur":2,"pid":1,"tid":0},
{"name":"PropagateChunk /Biped/Rig/Movers/hips_follow/spine_root_ctl_drives_hips_bind","cat":"step","ph":"X","ts":145629,"dur":5,"pid":1,"tid":0},
{"name":"CommitApply /Biped/Rig/Movers/hips_follow/spine_root_ctl_drives_hips_bind","cat":"step","ph":"X","ts":145634,"dur":1,"pid":1,"tid":0},
{"name":"Constraint /Biped/Rig/Movers/hips_follow/spine_root_ctl_scales_hips_bind","cat":"step","ph":"X","ts":145635,"dur":1,"pid":1,"tid":0},
{"name":"PropagateChunk /Biped/Rig/Movers/hips_follow/spine_root_ctl_scales_hips_bind","cat":"step","ph":"X","ts":145636,"dur":4,"pid":1,"tid":0},
{"name":"PropagateChunk /Biped/Rig/Movers/hips_follow/spine_root_ctl_scales_hips_bind","cat":"step","ph":"X","ts":145640,"dur":1,"pid":1,"tid":0},
{"name":"Constraint /Biped/Rig/Movers/spine_to_bind/spine_ik_spine_0_bind_scale_to_spine_0_bind","cat":"step","ph":"X","ts":145641,"dur":5,"pid":1,"tid":0},
{"name":"Constraint /Biped/Rig/Movers/spine_to_bind/spine_ik_spine_0_bind_to_spine_0_bind","cat":"step","ph":"X","ts":145646,"dur":5,"pid":1,"tid":0},
{"name":"Constraint /Biped/Rig/Movers/spine_to_bind/spine_ik_spine_1_bind_scale_to_spine_1_bind","cat":"step","ph":"X","ts":145651,"dur":4,"pid":1,"tid":0},
{"name":"Constraint /Biped/Rig/Movers/spine_to_bind/spine_ik_spine_1_bind_to_spine_1_bind","cat":"step","ph":"X","ts":145655,"dur":6,"pid":1,"tid":0},
{"name":"Constraint /Biped/Rig/Movers/spine_to_bind/spine_ik_spine_2_bind_scale_to_spine_2_bind","cat":"step","ph":"X","ts":145661,"dur":4,"pid":1,"tid":0},
{"name":"Constraint /Biped/Rig/Movers/spine_to_bind/spine_ik_spine_2_bind_to_spine_2_bind","cat":"step","ph":"X","ts":145665,"dur":6,"pid":1,"tid":0},
{"name":"Constraint /Biped/Rig/Movers/spine_to_bind/spine_ik_spine_3_bind_scale_to_spine_3_bind","cat":"step","ph":"X","ts":145671,"dur":4,"pid":1,"tid":0},
{"name":"Constraint /Biped/Rig/Movers/spine_to_bind/spine_ik_spine_3_bind_to_spine_3_bind","cat":"step","ph":"X","ts":145675,"dur":5,"pid":1,"tid":0},
{"name":"Constraint /Biped/Rig/Movers/spine_to_bind/spine_ik_spine_4_bind_scale_to_spine_4_bind","cat":"step","ph":"X","ts":145680,"dur":4,"pid":1,"tid":0},
{"name":"Constraint /Biped/Rig/Movers/spine_to_bind/spine_ik_spine_4_bind_to_spine_4_bind","cat":"step","ph":"X","ts":145684,"dur":5,"pid":1,"tid":0},
{"name":"Constraint /Biped/Rig/Movers/spine_to_bind/spine_ik_spine_5_bind_scale_to_spine_5_bind","cat":"step","ph":"X","ts":145689,"dur":4,"pid":1,"tid":0},
{"name":"Constraint /Biped/Rig/Movers/spine_to_bind/spine_ik_spine_5_bind_to_spine_5_bind","cat":"step","ph":"X","ts":145693,"dur":4,"pid":1,"tid":0},
{"name":"Constraint /Biped/Rig/Movers/spine_to_bind/spine_ik_chest_bind_scale_to_chest_bind","cat":"step","ph":"X","ts":145697,"dur":4,"pid":1,"tid":0},
{"name":"Constraint /Biped/Rig/Movers/spine_to_bind/spine_ik_chest_bind_to_chest_bind","cat":"step","ph":"X","ts":145701,"dur":5,"pid":1,"tid":0},
{"name":"Constraint /Biped/Rig/Movers/girdles/spine_end_ctl_drives_chest_bind","cat":"step","ph":"X","ts":145706,"dur":5,"pid":1,"tid":0},
{"name":"Constraint /Biped/Rig/Movers/girdles/pelvis_r_ctl_drives_pelvis_r_bind","cat":"step","ph":"X","ts":145711,"dur":1,"pid":1,"tid":0},
{"name":"Constraint /Biped/Rig/Movers/girdles/clavicle_r_ctl_drives_clavicle_r_bind","cat":"step","ph":"X","ts":145712,"dur":1,"pid":1,"tid":0},
{"name":"Constraint /Biped/Rig/Movers/girdles/clavicle_l_ctl_drives_clavicle_l_bind","cat":"step","ph":"X","ts":145713,"dur":1,"pid":1,"tid":0},
{"name":"Constraint /Biped/Rig/Movers/girdles/spine_end_ctl_unsquashes_neck_base_bind","cat":"step","ph":"X","ts":145714,"dur":4,"pid":1,"tid":0},
{"name":"Constraint /Biped/Rig/Movers/girdles/clavicle_r_ctl_unsquashes_clavicle_r_bind","cat":"step","ph":"X","ts":145718,"dur":1,"pid":1,"tid":0},
{"name":"Constraint /Biped/Rig/Movers/girdles/clavicle_l_ctl_unsquashes_clavicle_l_bind","cat":"step","ph":"X","ts":145719,"dur":2,"pid":1,"tid":0},
{"name":"Constraint /Biped/Rig/Movers/neck_to_bind/neck_ik_neck_0_bind_scale_to_neck_0_bind","cat":"step","ph":"X","ts":145721,"dur":3,"pid":1,"tid":0},
{"name":"Constraint /Biped/Rig/Movers/neck_to_bind/neck_ik_neck_0_bind_to_neck_0_bind","cat":"step","ph":"X","ts":145724,"dur":4,"pid":1,"tid":0},
{"name":"Constraint /Biped/Rig/Movers/neck_to_bind/neck_ik_neck_1_bind_scale_to_neck_1_bind","cat":"step","ph":"X","ts":145728,"dur":3,"pid":1,"tid":0},
{"name":"Constraint /Biped/Rig/Movers/neck_to_bind/neck_ik_neck_1_bind_to_neck_1_bind","cat":"step","ph":"X","ts":145731,"dur":3,"pid":1,"tid":0},
{"name":"Constraint /Biped/Rig/Movers/neck_to_bind/neck_ik_neck_2_bind_scale_to_neck_2_bind","cat":"step","ph":"X","ts":145734,"dur":3,"pid":1,"tid":0},
{"name":"Constraint /Biped/Rig/Movers/neck_to_bind/neck_ik_neck_2_bind_to_neck_2_bind","cat":"step","ph":"X","ts":145737,"dur":4,"pid":1,"tid":0},
{"name":"Constraint /Biped/Rig/Movers/neck_to_bind/neck_ik_neck_3_bind_scale_to_neck_3_bind","cat":"step","ph":"X","ts":145741,"dur":3,"pid":1,"tid":0},
{"name":"Constraint /Biped/Rig/Movers/neck_to_bind/neck_ik_neck_3_bind_to_neck_3_bind","cat":"step","ph":"X","ts":145744,"dur":3,"pid":1,"tid":0},
{"name":"Constraint /Biped/Rig/Movers/neck_to_bind/neck_ik_skull_bind_scale_to_skull_bind","cat":"step","ph":"X","ts":145747,"dur":3,"pid":1,"tid":0},
{"name":"Constraint /Biped/Rig/Movers/neck_to_bind/neck_ik_skull_bind_to_skull_bind","cat":"step","ph":"X","ts":145750,"dur":4,"pid":1,"tid":0},
{"name":"Constraint /Biped/Rig/Movers/twist_aims/wristTwist_r_bind_copy","cat":"step","ph":"X","ts":145754,"dur":2,"pid":1,"tid":0},
{"name":"Constraint /Biped/Rig/Movers/twist_aims/wristTwist_r_bind_aim","cat":"step","ph":"X","ts":145756,"dur":1,"pid":1,"tid":0},
{"name":"Constraint /Biped/Rig/Movers/twist_aims/wristTwist_l_bind_copy","cat":"step","ph":"X","ts":145757,"dur":2,"pid":1,"tid":0},
{"name":"Constraint /Biped/Rig/Movers/twist_aims/wristTwist_l_bind_aim","cat":"step","ph":"X","ts":145759,"dur":2,"pid":1,"tid":0},
{"name":"Constraint /Biped/Rig/Movers/twist_aims/ankleTwist_r_bind_copy","cat":"step","ph":"X","ts":145761,"dur":2,"pid":1,"tid":0},
{"name":"Constraint /Biped/Rig/Movers/twist_aims/ankleTwist_r_bind_aim","cat":"step","ph":"X","ts":145763,"dur":2,"pid":1,"tid":0},
{"name":"Constraint /Biped/Rig/Movers/twist_aims/ankleTwist_l_bind_copy","cat":"step","ph":"X","ts":145765,"dur":1,"pid":1,"tid":0},
{"name":"Constraint /Biped/Rig/Movers/twist_aims/ankleTwist_l_bind_aim","cat":"step","ph":"X","ts":145766,"dur":2,"pid":1,"tid":0},
{"name":"Constraint /Biped/Rig/Movers/twist_aims/ankleTwist_l_bind_follows_ankle_l_bind","cat":"step","ph":"X","ts":145768,"dur":1,"pid":1,"tid":0},
{"name":"Constraint /Biped/Rig/Movers/twist_aims/wristTwist_l_bind_follows_wrist_l_bind","cat":"step","ph":"X","ts":145769,"dur":1,"pid":1,"tid":0},
{"name":"Constraint /Biped/Rig/Movers/twist_aims/thighNoTwist_l_bind_follows_thigh_l_bind","cat":"step","ph":"X","ts":145770,"dur":1,"pid":1,"tid":0},
{"name":"Constraint /Biped/Rig/Movers/twist_aims/shoulderNoTwist_l_bind_follows_shoulder_l_bind","cat":"step","ph":"X","ts":145771,"dur":1,"pid":1,"tid":0},
{"name":"Constraint /Biped/Rig/Movers/twist_aims/pelvis_trans_l_bind_follows_thigh_l_bind","cat":"step","ph":"X","ts":145772,"dur":1,"pid":1,"tid":0},
{"name":"Constraint /Biped/Rig/Movers/twist_aims/clavicle_trans_l_bind_follows_shoulder_l_bind","cat":"step","ph":"X","ts":145773,"dur":1,"pid":1,"tid":0},
{"name":"Constraint /Biped/Rig/Movers/twist_aims/pelvis_trans_r_bind_aim","cat":"step","ph":"X","ts":145774,"dur":1,"pid":1,"tid":0},
{"name":"Constraint /Biped/Rig/Movers/twist_aims/pelvis_trans_l_bind_aim","cat":"step","ph":"X","ts":145775,"dur":2,"pid":1,"tid":0},
{"name":"Constraint /Biped/Rig/Movers/twist_aims/kneeTwist_r_bind_aim","cat":"step","ph":"X","ts":145777,"dur":2,"pid":1,"tid":0},
{"name":"Constraint /Biped/Rig/Movers/twist_aims/kneeTwist_l_bind_aim","cat":"step","ph":"X","ts":145779,"dur":1,"pid":1,"tid":0},
{"name":"Constraint /Biped/Rig/Movers/twist_aims/thighNoTwist_r_bind_aim","cat":"step","ph":"X","ts":145780,"dur":2,"pid":1,"tid":0},
{"name":"Constraint /Biped/Rig/Movers/twist_aims/thighNoTwist_l_bind_aim","cat":"step","ph":"X","ts":145782,"dur":1,"pid":1,"tid":0},
{"name":"Constraint /Biped/Rig/Movers/twist_aims/clavicle_trans_r_bind_aim","cat":"step","ph":"X","ts":145783,"dur":2,"pid":1,"tid":0},
{"name":"Constraint /Biped/Rig/Movers/twist_aims/clavicle_trans_l_bind_aim","cat":"step","ph":"X","ts":145785,"dur":2,"pid":1,"tid":0},
{"name":"Constraint /Biped/Rig/Movers/twist_aims/elbowTwist_r_bind_aim","cat":"step","ph":"X","ts":145787,"dur":2,"pid":1,"tid":0},
{"name":"Constraint /Biped/Rig/Movers/twist_aims/elbowTwist_l_bind_aim","cat":"step","ph":"X","ts":145789,"dur":2,"pid":1,"tid":0},
{"name":"Constraint /Biped/Rig/Movers/twist_aims/shoulderNoTwist_r_bind_aim","cat":"step","ph":"X","ts":145791,"dur":1,"pid":1,"tid":0},
{"name":"Constraint /Biped/Rig/Movers/twist_aims/shoulderNoTwist_l_bind_aim","cat":"step","ph":"X","ts":145792,"dur":2,"pid":1,"tid":0},
{"name":"Constraint /Biped/Rig/Movers/pose_drivers/thigh_r_driver_copies_thigh_r_bind","cat":"step","ph":"X","ts":145794,"dur":3,"pid":1,"tid":0},
{"name":"Constraint /Biped/Rig/Movers/pose_drivers/thigh_l_driver_copies_thigh_l_bind","cat":"step","ph":"X","ts":145797,"dur":2,"pid":1,"tid":0},
{"name":"Constraint /Biped/Rig/Movers/pose_drivers/thigh_r_twist_driver_copies_thighNoTwist_r_bind","cat":"step","ph":"X","ts":145799,"dur":2,"pid":1,"tid":0},
{"name":"Constraint /Biped/Rig/Movers/pose_drivers/thigh_l_twist_driver_copies_thighNoTwist_l_bind","cat":"step","ph":"X","ts":145801,"dur":2,"pid":1,"tid":0},
{"name":"Constraint /Biped/Rig/Movers/pose_drivers/ankleTwist_r_driver_copies_ankleTwist_r_bind","cat":"step","ph":"X","ts":145803,"dur":2,"pid":1,"tid":0},
{"name":"Constraint /Biped/Rig/Movers/pose_drivers/ankleTwist_l_driver_copies_ankleTwist_l_bind","cat":"step","ph":"X","ts":145805,"dur":1,"pid":1,"tid":0},
{"name":"Constraint /Biped/Rig/Movers/pose_drivers/toe_r_driver_copies_ball_r_bind","cat":"step","ph":"X","ts":145806,"dur":2,"pid":1,"tid":0},
{"name":"Constraint /Biped/Rig/Movers/pose_drivers/toe_l_driver_copies_ball_l_bind","cat":"step","ph":"X","ts":145808,"dur":2,"pid":1,"tid":0},
{"name":"Constraint /Biped/Rig/Movers/pose_drivers/knee_r_driver_copies_knee_r_bind","cat":"step","ph":"X","ts":145810,"dur":2,"pid":1,"tid":0},
{"name":"Constraint /Biped/Rig/Movers/pose_drivers/knee_l_driver_copies_knee_l_bind","cat":"step","ph":"X","ts":145812,"dur":2,"pid":1,"tid":0},
{"name":"Constraint /Biped/Rig/Movers/pose_drivers/ankleSwing_r_driver_copies_ankle_r_bind","cat":"step","ph":"X","ts":145814,"dur":2,"pid":1,"tid":0},
{"name":"Constraint /Biped/Rig/Movers/pose_drivers/ankleSwing_l_driver_copies_ankle_l_bind","cat":"step","ph":"X","ts":145816,"dur":2,"pid":1,"tid":0},
{"name":"Constraint /Biped/Rig/Movers/pose_drivers/shoulder_r_driver_copies_shoulder_r_bind","cat":"step","ph":"X","ts":145818,"dur":2,"pid":1,"tid":0},
{"name":"Constraint /Biped/Rig/Movers/pose_drivers/shoulder_l_driver_copies_shoulder_l_bind","cat":"step","ph":"X","ts":145820,"dur":2,"pid":1,"tid":0},
{"name":"Constraint /Biped/Rig/Movers/pose_drivers/wristTwist_r_driver_copies_wristTwist_r_bind","cat":"step","ph":"X","ts":145822,"dur":2,"pid":1,"tid":0},
{"name":"Constraint /Biped/Rig/Movers/pose_drivers/wristTwist_l_driver_copies_wristTwist_l_bind","cat":"step","ph":"X","ts":145824,"dur":2,"pid":1,"tid":0},
{"name":"Constraint /Biped/Rig/Movers/pose_drivers/shoulder_r_twist_driver_copies_shoulderNoTwist_r_bind","cat":"step","ph":"X","ts":145826,"dur":3,"pid":1,"tid":0},
{"name":"Constraint /Biped/Rig/Movers/pose_drivers/shoulder_l_twist_driver_copies_shoulderNoTwist_l_bind","cat":"step","ph":"X","ts":145829,"dur":2,"pid":1,"tid":0},
{"name":"Constraint /Biped/Rig/Movers/pose_drivers/wristSwing_r_driver_copies_wrist_r_bind","cat":"step","ph":"X","ts":145831,"dur":2,"pid":1,"tid":0},
{"name":"Constraint /Biped/Rig/Movers/pose_drivers/wristSwing_l_driver_copies_wrist_l_bind","cat":"step","ph":"X","ts":145833,"dur":2,"pid":1,"tid":0},
{"name":"Constraint /Biped/Rig/Movers/pose_drivers/elbow_r_driver_copies_elbow_r_bind","cat":"step","ph":"X","ts":145835,"dur":2,"pid":1,"tid":0},
{"name":"Constraint /Biped/Rig/Movers/pose_drivers/elbow_l_driver_copies_elbow_l_bind","cat":"step","ph":"X","ts":145837,"dur":2,"pid":1,"tid":0},
{"name":"Constraint /Biped/Rig/Movers/param_follow/leg_r_params_to_ankle_r_bind","cat":"step","ph":"X","ts":145839,"dur":2,"pid":1,"tid":0},
{"name":"Constraint /Biped/Rig/Movers/param_follow/leg_l_params_to_ankle_l_bind","cat":"step","ph":"X","ts":145841,"dur":1,"pid":1,"tid":0},
{"name":"Constraint /Biped/Rig/Movers/param_follow/arm_r_params_to_wrist_r_bind","cat":"step","ph":"X","ts":145842,"dur":2,"pid":1,"tid":0},
{"name":"Constraint /Biped/Rig/Movers/param_follow/arm_l_params_to_wrist_l_bind","cat":"step","ph":"X","ts":145844,"dur":2,"pid":1,"tid":0},
{"name":"ProviderMatrix /Biped/Rig/Controls/leg_l_ik/ankle_l_pivot final","cat":"step","ph":"X","ts":145846,"dur":1,"pid":1,"tid":0},
{"name":"ProviderMatrix /Biped/Rig/Controls/leg_r_ik/ankle_r_pivot final","cat":"step","ph":"X","ts":145847,"dur":1,"pid":1,"tid":0},
{"name":"ProviderMatrix /Biped/Rig/Joints/ankle_l_pivot/bankIn_l_pivot/bankOut_l_pivot final","cat":"step","ph":"X","ts":145848,"dur":1,"pid":1,"tid":0},
{"name":"ProviderMatrix /Biped/Rig/Joints/ankle_r_pivot/bankIn_r_pivot/bankOut_r_pivot/heel_r_pivot/ball_r_pivot/toe_r_pivot final","cat":"step","ph":"X","ts":145849,"dur":1,"pid":1,"tid":0},
{"name":"ProviderMatrix /Biped/Rig/Joints/hips_bind/pelvis_l_bind/thigh_combo_l_driver final","cat":"step","ph":"X","ts":145850,"dur":1,"pid":1,"tid":0},
{"name":"ProviderMatrix /Biped/Rig/Joints/hips_bind/pelvis_l_bind/thigh_l_bind/knee_l_bind/ankle_l_bind/ball_l_bind/toe1_001_l_bind/toe1_002_l_bind/toe1_003_l_bind/toe1_004_l_bind final","cat":"step","ph":"X","ts":145851,"dur":1,"pid":1,"tid":0},
{"name":"ProviderMatrix /Biped/Rig/Joints/hips_bind/pelvis_l_bind/thigh_l_bind/knee_l_bind/ankle_l_bind/ball_l_bind/toe4_001_l_bind/toe4_002_l_bind/toe4_003_l_bind/toe4_004_l_bind final","cat":"step","ph":"X","ts":145852,"dur":1,"pid":1,"tid":0},
{"name":"ProviderMatrix /Biped/Rig/Joints/hips_bind/pelvis_r_bind/pelvis_trans_r_bind final","cat":"step","ph":"X","ts":145853,"dur":1,"pid":1,"tid":0},
{"name":"ProviderMatrix /Biped/Rig/Joints/hips_bind/pelvis_r_bind/thigh_r_bind/knee_r_bind/ankle_r_bind/ball_r_bind final","cat":"step","ph":"X","ts":145854,"dur":1,"pid":1,"tid":0},
{"name":"ProviderMatrix /Biped/Rig/Joints/hips_bind/pelvis_r_bind/thigh_r_bind/knee_r_bind/ankle_r_bind/ball_r_bind/toe3_001_r_bind/toe3_002_r_bind/toe3_003_r_bind final","cat":"step","ph":"X","ts":145855,"dur":1,"pid":1,"tid":0},
{"name":"ProviderMatrix /Biped/Rig/Joints/hips_bind/pelvis_r_bind/thigh_r_bind/knee_r_bind/ankle_r_bind/toe_r_driver final","cat":"step","ph":"X","ts":145856,"dur":1,"pid":1,"tid":0},
{"name":"ProviderMatrix /Biped/Rig/Joints/hips_bind/spine_0_bind/spine_1_bind/spine_2_bind/spine_3_bind/spine_4_bind/spine_5_bind/chest_bind/clavicle_l_bind/clavicle_trans_combo_l_driver final","cat":"step","ph":"X","ts":145857,"dur":1,"pid":1,"tid":0},
{"name":"ProviderMatrix /Biped/Rig/Joints/hips_bind/spine_0_bind/spine_1_bind/spine_2_bind/spine_3_bind/spine_4_bind/spine_5_bind/chest_bind/clavicle_l_bind/shoulder_l_bind/elbow_l_bind/wristTwist_l_bind/wristSwing_l_driver final","cat":"step","ph":"X","ts":145858,"dur":1,"pid":1,"tid":0},
{"name":"ProviderMatrix /Biped/Rig/Joints/hips_bind/spine_0_bind/spine_1_bind/spine_2_bind/spine_3_bind/spine_4_bind/spine_5_bind/chest_bind/clavicle_l_bind/shoulder_l_bind/elbow_l_bind/wrist_l_bind/middle_001_l_bind/middle_002_l_bind final","cat":"step","ph":"X","ts":145859,"dur":1,"pid":1,"tid":0},
{"name":"ProviderMatrix /Biped/Rig/Joints/hips_bind/spine_0_bind/spine_1_bind/spine_2_bind/spine_3_bind/spine_4_bind/spine_5_bind/chest_bind/clavicle_l_bind/shoulder_l_bind/elbow_l_bind/wrist_l_bind/ring_001_l_bind final","cat":"step","ph":"X","ts":145860,"dur":1,"pid":1,"tid":0},
{"name":"ProviderMatrix /Biped/Rig/Joints/hips_bind/spine_0_bind/spine_1_bind/spine_2_bind/spine_3_bind/spine_4_bind/spine_5_bind/chest_bind/clavicle_r_bind final","cat":"step","ph":"X","ts":145861,"dur":1,"pid":1,"tid":0},
{"name":"ProviderMatrix /Biped/Rig/Joints/hips_bind/spine_0_bind/spine_1_bind/spine_2_bind/spine_3_bind/spine_4_bind/spine_5_bind/chest_bind/clavicle_r_bind/shoulder_r_bind/elbow_r_bind/wristTwist_r_bind final","cat":"step","ph":"X","ts":145862,"dur":1,"pid":1,"tid":0},
{"name":"ProviderMatrix /Biped/Rig/Joints/hips_bind/spine_0_bind/spine_1_bind/spine_2_bind/spine_3_bind/spine_4_bind/spine_5_bind/chest_bind/clavicle_r_bind/shoulder_r_bind/elbow_r_bind/wrist_r_bind/middle_001_r_bind final","cat":"step","ph":"X","ts":145863,"dur":1,"pid":1,"tid":0},
{"name":"ProviderMatrix /Biped/Rig/Joints/hips_bind/spine_0_bind/spine_1_bind/spine_2_bind/spine_3_bind/spine_4_bind/spine_5_bind/chest_bind/clavicle_r_bind/shoulder_r_bind/elbow_r_bind/wrist_r_bind/pinkyCup_r_bind/pinky_001_r_bind/pinky_002_r_bind/pinky_003_r_bind/pinky_004_r_bind final","cat":"step","ph":"X","ts":145864,"dur":1,"pid":1,"tid":0},
{"name":"ProviderMatrix /Biped/Rig/Joints/hips_bind/spine_0_bind/spine_1_bind/spine_2_bind/spine_3_bind/spine_4_bind/spine_5_bind/chest_bind/clavicle_r_bind/shoulder_r_bind/elbow_r_bind/wrist_r_bind/thumbCup_r_bind/thumb_001_r_bind/thumb_002_r_bind/thumb_003_r_bind final","cat":"step","ph":"X","ts":145865,"dur":1,"pid":1,"tid":0},
{"name":"ProviderMatrix /Biped/Rig/Joints/hips_bind/spine_0_bind/spine_1_bind/spine_2_bind/spine_3_bind/spine_4_bind/spine_5_bind/chest_bind/neck_base_bind/neck_0_bind/neck_1_bind/neck_2_bind/neck_3_bind/skull_bind/face_lower_bind/face_mid_bind/nose_bridge_bind final","cat":"step","ph":"X","ts":145866,"dur":1,"pid":1,"tid":0},
{"name":"ProviderMatrix /Biped/Rig/Joints/hips_bind/spine_0_bind/spine_1_bind/spine_2_bind/spine_3_bind/spine_4_bind/spine_5_bind/chest_bind/neck_base_bind/neck_0_bind/neck_1_bind/neck_2_bind/neck_3_bind/skull_bind/face_upper_bind final","cat":"step","ph":"X","ts":145867,"dur":1,"pid":1,"tid":0},
{"name":"ProviderMatrix /Biped/Rig/Joints/hips_bind/spine_0_bind/spine_1_bind/spine_2_bind/spine_3_bind/spine_4_bind/spine_5_bind/chest_bind/neck_base_bind/neck_0_bind/neck_1_bind/neck_2_bind/neck_3_bind/skull_bind/face_upper_bind/head_tip_bind/brow_peak_r_bind final","cat":"step","ph":"X","ts":145868,"dur":1,"pid":1,"tid":0},
{"name":"ProviderMatrix /Biped/Rig/Joints/spine_ik_spine_0_bind/spine_ik_spine_1_bind/spine_ik_spine_2_bind/spine_ik_spine_3_bind final","cat":"step","ph":"X","ts":145869,"dur":1,"pid":1,"tid":0},
{"name":"InfluenceFold /Biped/Rig/Movers/skin_body_geo/body_geo_skin","cat":"step","ph":"X","ts":145870,"dur":23,"pid":1,"tid":0},
{"name":"RevisionChunk /Biped/Rig/Movers/skin_body_geo/body_geo_skin","cat":"step","ph":"X","ts":145893,"dur":483,"pid":1,"tid":0},
{"name":"RevisionFuse /Biped/Rig/Movers/skin_body_geo/body_geo_skin","cat":"step","ph":"X","ts":146376,"dur":2,"pid":1,"tid":0},
{"name":"ChainStatus /Biped/Geom/body_geo.points","cat":"step","ph":"X","ts":146378,"dur":21,"pid":1,"tid":0},
{"name":"Derived /Biped/Geom/body_geo.extent","cat":"step","ph":"X","ts":146399,"dur":251,"pid":1,"tid":0},
{"name":"BakedPublish","cat":"baked","ph":"X","ts":147296,"dur":72,"pid":1,"tid":0},
{"name":"BakedEpilogue","cat":"baked","ph":"X","ts":146652,"dur":724,"pid":1,"tid":0},
{"name":"Baked","cat":"baked","ph":"X","ts":145291,"dur":2086,"pid":1,"tid":0},
{"name":"Evaluate.Run","cat":"evaluate","ph":"X","ts":145290,"dur":2087,"pid":1,"tid":0},
{"name":"Evaluate@8","cat":"evaluate","ph":"X","ts":145289,"dur":2089,"pid":1,"tid":0}
],"displayTimeUnit":"ms"}
