{"traceEvents":[
{"name":"thread_name","ph":"M","pid":1,"tid":9,"args":{"name":"rigExec worker 9"}},
{"name":"thread_name","ph":"M","pid":1,"tid":11,"args":{"name":"rigExec worker 11"}},
{"name":"thread_name","ph":"M","pid":1,"tid":17,"args":{"name":"rigExec worker 17"}},
{"name":"thread_name","ph":"M","pid":1,"tid":2,"args":{"name":"rigExec worker 2"}},
{"name":"thread_name","ph":"M","pid":1,"tid":16,"args":{"name":"rigExec worker 16"}},
{"name":"thread_name","ph":"M","pid":1,"tid":5,"args":{"name":"rigExec worker 5"}},
{"name":"thread_name","ph":"M","pid":1,"tid":31,"args":{"name":"rigExec worker 31"}},
{"name":"thread_name","ph":"M","pid":1,"tid":14,"args":{"name":"rigExec worker 14"}},
{"name":"thread_name","ph":"M","pid":1,"tid":25,"args":{"name":"rigExec worker 25"}},
{"name":"thread_name","ph":"M","pid":1,"tid":18,"args":{"name":"rigExec worker 18"}},
{"name":"thread_name","ph":"M","pid":1,"tid":15,"args":{"name":"rigExec worker 15"}},
{"name":"thread_name","ph":"M","pid":1,"tid":8,"args":{"name":"rigExec worker 8"}},
{"name":"thread_name","ph":"M","pid":1,"tid":29,"args":{"name":"rigExec worker 29"}},
{"name":"thread_name","ph":"M","pid":1,"tid":19,"args":{"name":"rigExec worker 19"}},
{"name":"thread_name","ph":"M","pid":1,"tid":30,"args":{"name":"rigExec worker 30"}},
{"name":"thread_name","ph":"M","pid":1,"tid":4,"args":{"name":"rigExec worker 4"}},
{"name":"thread_name","ph":"M","pid":1,"tid":1,"args":{"name":"rigExec worker 1"}},
{"name":"thread_name","ph":"M","pid":1,"tid":22,"args":{"name":"rigExec worker 22"}},
{"name":"thread_name","ph":"M","pid":1,"tid":20,"args":{"name":"rigExec worker 20"}},
{"name":"thread_name","ph":"M","pid":1,"tid":12,"args":{"name":"rigExec worker 12"}},
{"name":"thread_name","ph":"M","pid":1,"tid":27,"args":{"name":"rigExec worker 27"}},
{"name":"thread_name","ph":"M","pid":1,"tid":28,"args":{"name":"rigExec worker 28"}},
{"name":"thread_name","ph":"M","pid":1,"tid":7,"args":{"name":"rigExec worker 7"}},
{"name":"thread_name","ph":"M","pid":1,"tid":0,"args":{"name":"main (Evaluate)"}},
{"name":"thread_name","ph":"M","pid":1,"tid":10,"args":{"name":"rigExec worker 10"}},
{"name":"thread_name","ph":"M","pid":1,"tid":3,"args":{"name":"rigExec worker 3"}},
{"name":"thread_name","ph":"M","pid":1,"tid":24,"args":{"name":"rigExec worker 24"}},
{"name":"thread_name","ph":"M","pid":1,"tid":13,"args":{"name":"rigExec worker 13"}},
{"name":"thread_name","ph":"M","pid":1,"tid":23,"args":{"name":"rigExec worker 23"}},
{"name":"thread_name","ph":"M","pid":1,"tid":21,"args":{"name":"rigExec worker 21"}},
{"name":"thread_name","ph":"M","pid":1,"tid":26,"args":{"name":"rigExec worker 26"}},
{"name":"thread_name","ph":"M","pid":1,"tid":6,"args":{"name":"rigExec worker 6"}},
{"name":"Compile.DiscoverValidate","cat":"compile","ph":"X","ts":8,"dur":34538,"pid":1,"tid":0},
{"name":"Compile.StructureDigest","cat":"compile","ph":"X","ts":34546,"dur":9,"pid":1,"tid":0},
{"name":"Digest.OutputSets","cat":"compile","ph":"X","ts":35104,"dur":6108,"pid":1,"tid":1},
{"name":"TapPrepare warmup","cat":"compile","ph":"X","ts":11632,"dur":45667,"pid":1,"tid":2},
{"name":"Compile.WarmupJoin","cat":"compile","ph":"X","ts":66190,"dur":3,"pid":1,"tid":0},
{"name":"TapPrepare solverBatch","cat":"compile","ph":"X","ts":66206,"dur":494,"pid":1,"tid":0},
{"name":"TapPrepare solverBatch","cat":"compile","ph":"X","ts":67450,"dur":478,"pid":1,"tid":0},
{"name":"TapPrepare solverBatch","cat":"compile","ph":"X","ts":68205,"dur":615,"pid":1,"tid":0},
{"name":"TapPrepare solverBatch","cat":"compile","ph":"X","ts":69487,"dur":566,"pid":1,"tid":0},
{"name":"TapPrepare solverBatch","cat":"compile","ph":"X","ts":70376,"dur":457,"pid":1,"tid":0},
{"name":"TapPrepare solverBatch","cat":"compile","ph":"X","ts":71568,"dur":440,"pid":1,"tid":0},
{"name":"TapPrepare solverBatch","cat":"compile","ph":"X","ts":72635,"dur":502,"pid":1,"tid":0},
{"name":"TapPrepare solverBatch","cat":"compile","ph":"X","ts":73890,"dur":672,"pid":1,"tid":0},
{"name":"TapPrepare solverBatch","cat":"compile","ph":"X","ts":74652,"dur":661,"pid":1,"tid":0},
{"name":"TapPrepare solverBatch","cat":"compile","ph":"X","ts":75425,"dur":783,"pid":1,"tid":0},
{"name":"TapPrepare solverBatch","cat":"compile","ph":"X","ts":76871,"dur":386,"pid":1,"tid":0},
{"name":"TapPrepare solverBatch","cat":"compile","ph":"X","ts":77887,"dur":389,"pid":1,"tid":0},
{"name":"TapPrepare solverBatch","cat":"compile","ph":"X","ts":78895,"dur":472,"pid":1,"tid":0},
{"name":"TapPrepare solverBatch","cat":"compile","ph":"X","ts":80121,"dur":344,"pid":1,"tid":0},
{"name":"TapPrepare solverBatch","cat":"compile","ph":"X","ts":81090,"dur":281,"pid":1,"tid":0},
{"name":"TapPrepare solverBatch","cat":"compile","ph":"X","ts":81983,"dur":387,"pid":1,"tid":0},
{"name":"TapPrepare solverBatch","cat":"compile","ph":"X","ts":82987,"dur":366,"pid":1,"tid":0},
{"name":"TapPrepare solverBatch","cat":"compile","ph":"X","ts":83962,"dur":485,"pid":1,"tid":0},
{"name":"TapPrepare solverBatch","cat":"compile","ph":"X","ts":85435,"dur":399,"pid":1,"tid":0},
{"name":"TapPrepare solverBatch","cat":"compile","ph":"X","ts":86495,"dur":377,"pid":1,"tid":0},
{"name":"TapPrepare solverBatch","cat":"compile","ph":"X","ts":87532,"dur":843,"pid":1,"tid":0},
{"name":"TapPrepare solverBatch","cat":"compile","ph":"X","ts":89468,"dur":895,"pid":1,"tid":0},
{"name":"TapPrepare solverBatch","cat":"compile","ph":"X","ts":90466,"dur":868,"pid":1,"tid":0},
{"name":"TapPrepare solverBatch","cat":"compile","ph":"X","ts":92382,"dur":820,"pid":1,"tid":0},
{"name":"Compile.SolverSchedule","cat":"compile","ph":"X","ts":34555,"dur":58767,"pid":1,"tid":0},
{"name":"RestTimeVarying","cat":"compile","ph":"X","ts":116172,"dur":5293,"pid":1,"tid":0},
{"name":"TapPrepare poseSeed","cat":"compile","ph":"X","ts":121621,"dur":14444,"pid":1,"tid":0},
{"name":"Digest.Solvers","cat":"compile","ph":"X","ts":41212,"dur":99530,"pid":1,"tid":1},
{"name":"Digest.Movers","cat":"compile","ph":"X","ts":140742,"dur":9911,"pid":1,"tid":1},
{"name":"TapPrepare main","cat":"compile","ph":"X","ts":136067,"dur":15505,"pid":1,"tid":0},
{"name":"TapPrepare guides","cat":"compile","ph":"X","ts":151587,"dur":4241,"pid":1,"tid":0},
{"name":"Compile.WarmPoseSeed","cat":"compile","ph":"X","ts":155845,"dur":6855,"pid":1,"tid":0},
{"name":"TapPrepare restFrames","cat":"compile","ph":"X","ts":162703,"dur":3200,"pid":1,"tid":0},
{"name":"Compile.RestFrames","cat":"compile","ph":"X","ts":165907,"dur":263,"pid":1,"tid":0},
{"name":"Compile.PrepareRequests","cat":"compile","ph":"X","ts":93322,"dur":73797,"pid":1,"tid":0},
{"name":"Compile.DigestJoin","cat":"compile","ph":"X","ts":167134,"dur":1,"pid":1,"tid":0},
{"name":"Compile.Commit","cat":"compile","ph":"X","ts":167119,"dur":187,"pid":1,"tid":0},
{"name":"Compile.ChainOrderValidate","cat":"compile","ph":"X","ts":167306,"dur":48,"pid":1,"tid":0},
{"name":"Compile.Bake","cat":"compile","ph":"X","ts":167396,"dur":69384,"pid":1,"tid":0},
{"name":"Compile","cat":"compile","ph":"X","ts":0,"dur":238360,"pid":1,"tid":0},
{"name":"PropertyChain /Biped/Rig/Movers/ballRoll_l_down_rc/ballRoll_l_down_rotation.inputs:defaultWeight","cat":"property","ph":"X","ts":242035,"dur":48,"pid":1,"tid":0},
{"name":"PropertyChain /Biped/Rig/Movers/ballRoll_l_up_rc/ballRoll_l_up_rotation.inputs:defaultWeight","cat":"property","ph":"X","ts":242085,"dur":11,"pid":1,"tid":0},
{"name":"PropertyChain /Biped/Rig/Movers/ballRoll_r_down_rc/ballRoll_r_down_rotation.inputs:defaultWeight","cat":"property","ph":"X","ts":242099,"dur":25,"pid":1,"tid":0},
{"name":"PropertyChain /Biped/Rig/Movers/ballRoll_r_up_rc/ballRoll_r_up_rotation.inputs:defaultWeight","cat":"property","ph":"X","ts":242126,"dur":13,"pid":1,"tid":0},
{"name":"PropertyChain /Biped/Rig/Movers/bankIn_l_pivot_rc/bankIn_l_pivot_rotation.inputs:defaultWeight","cat":"property","ph":"X","ts":242141,"dur":6,"pid":1,"tid":0},
{"name":"PropertyChain /Biped/Rig/Movers/bankIn_r_pivot_rc/bankIn_r_pivot_rotation.inputs:defaultWeight","cat":"property","ph":"X","ts":242149,"dur":6,"pid":1,"tid":0},
{"name":"PropertyChain /Biped/Rig/Movers/bankOut_l_pivot_rc/bankOut_l_pivot_rotation.inputs:defaultWeight","cat":"property","ph":"X","ts":242158,"dur":6,"pid":1,"tid":0},
{"name":"PropertyChain /Biped/Rig/Movers/bankOut_r_pivot_rc/bankOut_r_pivot_rotation.inputs:defaultWeight","cat":"property","ph":"X","ts":242166,"dur":7,"pid":1,"tid":0},
{"name":"PropertyChain /Biped/Rig/Movers/heel_l_roll_rc/heel_l_roll_rotation.inputs:defaultWeight","cat":"property","ph":"X","ts":242174,"dur":6,"pid":1,"tid":0},
{"name":"PropertyChain /Biped/Rig/Movers/heel_r_roll_rc/heel_r_roll_rotation.inputs:defaultWeight","cat":"property","ph":"X","ts":242181,"dur":6,"pid":1,"tid":0},
{"name":"PropertyChain /Biped/Rig/Movers/toe_l_roll_rc/toe_l_roll_rotation.inputs:defaultWeight","cat":"property","ph":"X","ts":242189,"dur":11,"pid":1,"tid":0},
{"name":"PropertyChain /Biped/Rig/Movers/toe_r_roll_rc/toe_r_roll_rotation.inputs:defaultWeight","cat":"property","ph":"X","ts":242201,"dur":12,"pid":1,"tid":0},
{"name":"PropertyChains","cat":"property","ph":"X","ts":241051,"dur":1164,"pid":1,"tid":0},
{"name":"BakedInputs","cat":"baked","ph":"X","ts":242217,"dur":11,"pid":1,"tid":0},
{"name":"BakedChainBase","cat":"geometry","ph":"X","ts":242513,"dur":4450,"pid":1,"tid":0},
{"name":"BakedPrologue","cat":"baked","ph":"X","ts":241049,"dur":5916,"pid":1,"tid":0},
{"name":"BakedRegion","cat":"baked","ph":"X","ts":246975,"dur":5763,"pid":1,"tid":0},
{"name":"ComposeSubtree /Biped/Rig/Controls/arm_l_ik","cat":"step","ph":"X","ts":247286,"dur":1,"pid":1,"tid":0},
{"name":"ComposeSubtree /Biped/Rig/Controls/arm_r_params","cat":"step","ph":"X","ts":247288,"dur":1,"pid":1,"tid":0},
{"name":"ComposeSubtree /Biped/Rig/Controls/hips_ctl","cat":"step","ph":"X","ts":247289,"dur":3,"pid":1,"tid":0},
{"name":"ComposeSubtree /Biped/Rig/Controls/hips_ctl/spine_root_pivot/spine_root_ctl/pelvis_l_ctl/leg_l_root","cat":"step","ph":"X","ts":247370,"dur":3,"pid":1,"tid":3},
{"name":"ComposeSubtree /Biped/Rig/Controls/hips_ctl/spine_root_pivot/spine_root_ctl/pelvis_l_ctl/leg_l_root/leg_l_fk_thigh_l_bind/leg_l_fk_knee_l_bind","cat":"step","ph":"X","ts":247406,"dur":1,"pid":1,"tid":0},
{"name":"ComposeSubtree /Biped/Rig/Controls/hips_ctl/spine_root_pivot/spine_root_ctl/pelvis_r_ctl","cat":"step","ph":"X","ts":247373,"dur":1,"pid":1,"tid":3},
{"name":"ComposeSubtree /Biped/Rig/Controls/hips_ctl/spine_root_pivot/spine_root_ctl/pelvis_r_ctl/leg_r_root/leg_r_fk_thigh_r_bind","cat":"step","ph":"X","ts":247407,"dur":1,"pid":1,"tid":0},
{"name":"ComposeSubtree /Biped/Rig/Controls/hips_ctl/spine_root_pivot/spine_root_ctl/pelvis_r_ctl/leg_r_root/leg_r_fk_thigh_r_bind/leg_r_fk_knee_r_bind","cat":"step","ph":"X","ts":247435,"dur":3,"pid":1,"tid":4},
{"name":"ComposeSubtree /Biped/Rig/Controls/hips_ctl/torso_ctl","cat":"step","ph":"X","ts":247307,"dur":1,"pid":1,"tid":0},
{"name":"ComposeSubtree /Biped/Rig/Controls/hips_ctl/torso_ctl/spine_end_pivot/spine_end_ctl","cat":"step","ph":"X","ts":247374,"dur":1,"pid":1,"tid":3},
{"name":"ComposeSubtree /Biped/Rig/Controls/hips_ctl/torso_ctl/spine_end_pivot/spine_end_ctl/clavicle_l_ctl/arm_l_root","cat":"step","ph":"X","ts":247408,"dur":1,"pid":1,"tid":0},
{"name":"ComposeSubtree /Biped/Rig/Controls/hips_ctl/torso_ctl/spine_end_pivot/spine_end_ctl/clavicle_r_ctl/arm_r_root/arm_r_fk_shoulder_r_bind","cat":"step","ph":"X","ts":247438,"dur":1,"pid":1,"tid":4},
{"name":"ComposeSubtree /Biped/Rig/Controls/hips_ctl/torso_ctl/spine_end_pivot/spine_end_ctl/clavicle_r_ctl/arm_r_root/arm_r_fk_shoulder_r_bind/arm_r_fk_elbow_r_bind","cat":"step","ph":"X","ts":247461,"dur":1,"pid":1,"tid":5},
{"name":"ComposeSubtree /Biped/Rig/Controls/hips_ctl/torso_ctl/spine_end_pivot/spine_end_ctl/neck_root_ctl","cat":"step","ph":"X","ts":247409,"dur":1,"pid":1,"tid":0},
{"name":"ComposeSubtree /Biped/Rig/Controls/index_001_l_bind_fk_follow","cat":"step","ph":"X","ts":247292,"dur":1,"pid":1,"tid":0},
{"name":"ComposeSubtree /Biped/Rig/Controls/index_001_l_bind_fk_follow/index_001_l_bind_fk/index_002_l_bind_fk/index_003_l_bind_fk","cat":"step","ph":"X","ts":247375,"dur":1,"pid":1,"tid":3},
{"name":"ComposeSubtree /Biped/Rig/Controls/index_001_r_bind_fk_follow/index_001_r_bind_fk/index_002_r_bind_fk","cat":"step","ph":"X","ts":247308,"dur":1,"pid":1,"tid":0},
{"name":"ComposeSubtree /Biped/Rig/Controls/index_001_r_bind_fk_follow/index_001_r_bind_fk/index_002_r_bind_fk/index_003_r_bind_fk","cat":"step","ph":"X","ts":247376,"dur":1,"pid":1,"tid":3},
{"name":"ComposeSubtree /Biped/Rig/Controls/leg_l_ik","cat":"step","ph":"X","ts":247293,"dur":1,"pid":1,"tid":0},
{"name":"ComposeSubtree /Biped/Rig/Controls/leg_l_ik/ankle_l_pivot/bankIn_l_pivot/bankOut_l_pivot/heel_l_roll/heel_l/ball_l_pivot","cat":"step","ph":"X","ts":247410,"dur":1,"pid":1,"tid":0},
{"name":"ComposeSubtree /Biped/Rig/Controls/leg_l_ik/ankle_l_pivot/bankIn_l_pivot/bankOut_l_pivot/heel_l_roll/heel_l/ball_l_pivot/toe_l_roll/toe_l/ballRoll_l_up/ballRoll_l_down/ballRoll_l/ankle_l_ikTarget","cat":"step","ph":"X","ts":247491,"dur":2,"pid":1,"tid":6},
{"name":"ComposeSubtree /Biped/Rig/Controls/leg_l_ik/ankle_l_pivot/bankIn_l_pivot/bankOut_l_pivot/heel_l_roll/heel_l/ball_l_pivot/toe_l_roll/toe_l/ballRoll_l_up/ballRoll_l_down_twin","cat":"step","ph":"X","ts":247463,"dur":1,"pid":1,"tid":5},
{"name":"ComposeSubtree /Biped/Rig/Controls/leg_l_ik/ankle_l_pivot/bankIn_l_pivot/bankOut_l_pivot/heel_l_roll/heel_l/ball_l_pivot/toe_l_roll/toe_l/toeBend_l","cat":"step","ph":"X","ts":247464,"dur":1,"pid":1,"tid":5},
{"name":"ComposeSubtree /Biped/Rig/Controls/leg_l_ik/ankle_l_pivot/bankIn_l_pivot/bankOut_l_pivot/heel_l_roll/heel_l/ball_l_pivot/toe_l_roll/toe_l/toeBend_l/toeBend_l_fk","cat":"step","ph":"X","ts":247493,"dur":1,"pid":1,"tid":6},
{"name":"ComposeSubtree /Biped/Rig/Controls/leg_l_ik/ankle_l_pivot/bankIn_l_pivot/bankOut_l_pivot/heel_l_roll/heel_l/ball_l_pivot/toe_l_roll_twin","cat":"step","ph":"X","ts":247440,"dur":2,"pid":1,"tid":4},
{"name":"ComposeSubtree /Biped/Rig/Controls/leg_l_ik/ankle_l_pivot/bankIn_l_pivot/bankOut_l_pivot_twin","cat":"step","ph":"X","ts":247377,"dur":1,"pid":1,"tid":3},
{"name":"ComposeSubtree /Biped/Rig/Controls/leg_l_ik/ankle_l_pivot/bank_l","cat":"step","ph":"X","ts":247309,"dur":43,"pid":1,"tid":0},
{"name":"ComposeSubtree /Biped/Rig/Controls/leg_l_pv","cat":"step","ph":"X","ts":247294,"dur":1,"pid":1,"tid":0},
{"name":"ComposeSubtree /Biped/Rig/Controls/leg_r_ik/ankle_r_pivot","cat":"step","ph":"X","ts":247352,"dur":1,"pid":1,"tid":0},
{"name":"ComposeSubtree /Biped/Rig/Controls/leg_r_ik/ankle_r_pivot/bankIn_r_pivot/bankOut_r_pivot","cat":"step","ph":"X","ts":247378,"dur":1,"pid":1,"tid":3},
{"name":"ComposeSubtree /Biped/Rig/Controls/leg_r_ik/ankle_r_pivot/bankIn_r_pivot/bankOut_r_pivot/heel_r_roll/heel_r/ball_r_pivot/toe_r_roll","cat":"step","ph":"X","ts":247442,"dur":1,"pid":1,"tid":4},
{"name":"ComposeSubtree /Biped/Rig/Controls/leg_r_ik/ankle_r_pivot/bankIn_r_pivot/bankOut_r_pivot/heel_r_roll/heel_r/ball_r_pivot/toe_r_roll/toe_r/ballRoll_r_up","cat":"step","ph":"X","ts":247465,"dur":1,"pid":1,"tid":5},
{"name":"ComposeSubtree /Biped/Rig/Controls/leg_r_ik/ankle_r_pivot/bankIn_r_pivot/bankOut_r_pivot/heel_r_roll/heel_r/ball_r_pivot/toe_r_roll/toe_r/ballRoll_r_up/ballRoll_r_down/ballRoll_r","cat":"step","ph":"X","ts":247494,"dur":1,"pid":1,"tid":6},
{"name":"ComposeSubtree /Biped/Rig/Controls/leg_r_ik/ankle_r_pivot/bankIn_r_pivot/bankOut_r_pivot/heel_r_roll/heel_r/ball_r_pivot/toe_r_roll/toe_r/ballRoll_r_up/ballRoll_r_down/ballRoll_r/ball_r_ikTarget","cat":"step","ph":"X","ts":247507,"dur":2,"pid":1,"tid":7},
{"name":"ComposeSubtree /Biped/Rig/Controls/leg_r_ik/ankle_r_pivot/bankIn_r_pivot/bankOut_r_pivot/heel_r_roll/heel_r/ball_r_pivot/toe_r_roll_twin","cat":"step","ph":"X","ts":247443,"dur":1,"pid":1,"tid":4},
{"name":"ComposeSubtree /Biped/Rig/Controls/leg_r_ik/ankle_r_pivot/bankIn_r_pivot/bankOut_r_pivot_twin","cat":"step","ph":"X","ts":247379,"dur":1,"pid":1,"tid":3},
{"name":"ComposeSubtree /Biped/Rig/Controls/leg_r_ik/ankle_r_pivot/bank_r","cat":"step","ph":"X","ts":247380,"dur":1,"pid":1,"tid":3},
{"name":"ComposeSubtree /Biped/Rig/Controls/leg_r_pv","cat":"step","ph":"X","ts":247296,"dur":1,"pid":1,"tid":0},
{"name":"ComposeSubtree /Biped/Rig/Controls/middle_001_l_bind_fk_follow/middle_001_l_bind_fk","cat":"step","ph":"X","ts":247353,"dur":1,"pid":1,"tid":0},
{"name":"ComposeSubtree /Biped/Rig/Controls/middle_001_l_bind_fk_follow/middle_001_l_bind_fk/middle_002_l_bind_fk/middle_003_l_bind_fk","cat":"step","ph":"X","ts":247381,"dur":1,"pid":1,"tid":3},
{"name":"ComposeSubtree /Biped/Rig/Controls/pinkyCup_l_bind_fk_follow","cat":"step","ph":"X","ts":247297,"dur":1,"pid":1,"tid":0},
{"name":"ComposeSubtree /Biped/Rig/Controls/pinkyCup_l_bind_fk_follow/pinkyCup_l_bind_fk/pinky_001_l_bind_fk/pinky_002_l_bind_fk/pinky_003_l_bind_fk","cat":"step","ph":"X","ts":247382,"dur":1,"pid":1,"tid":3},
{"name":"ComposeSubtree /Biped/Rig/Controls/pinkyCup_r_bind_fk_follow","cat":"step","ph":"X","ts":247298,"dur":1,"pid":1,"tid":0},
{"name":"ComposeSubtree /Biped/Rig/Controls/pinkyCup_r_bind_fk_follow/pinkyCup_r_bind_fk/pinky_001_r_bind_fk","cat":"step","ph":"X","ts":247355,"dur":1,"pid":1,"tid":0},
{"name":"ComposeSubtree /Biped/Rig/Controls/ring_001_l_bind_fk_follow","cat":"step","ph":"X","ts":247299,"dur":1,"pid":1,"tid":0},
{"name":"ComposeSubtree /Biped/Rig/Controls/ring_001_l_bind_fk_follow/ring_001_l_bind_fk/ring_002_l_bind_fk/ring_003_l_bind_fk","cat":"step","ph":"X","ts":247383,"dur":1,"pid":1,"tid":3},
{"name":"ComposeSubtree /Biped/Rig/Controls/ring_001_r_bind_fk_follow/ring_001_r_bind_fk/ring_002_r_bind_fk","cat":"step","ph":"X","ts":247356,"dur":1,"pid":1,"tid":0},
{"name":"ComposeSubtree /Biped/Rig/Controls/spine_mid_follow","cat":"step","ph":"X","ts":247300,"dur":1,"pid":1,"tid":0},
{"name":"ComposeSubtree /Biped/Rig/Controls/thumbCup_l_bind_fk_follow","cat":"step","ph":"X","ts":247301,"dur":1,"pid":1,"tid":0},
{"name":"ComposeSubtree /Biped/Rig/Controls/thumbCup_l_bind_fk_follow/thumbCup_l_bind_fk/thumb_001_l_bind_fk/thumb_002_l_bind_fk","cat":"step","ph":"X","ts":247384,"dur":1,"pid":1,"tid":3},
{"name":"ComposeSubtree /Biped/Rig/Controls/thumbCup_r_bind_fk_follow","cat":"step","ph":"X","ts":247302,"dur":1,"pid":1,"tid":0},
{"name":"ComposeSubtree /Biped/Rig/Controls/thumbCup_r_bind_fk_follow/thumbCup_r_bind_fk/thumb_001_r_bind_fk","cat":"step","ph":"X","ts":247357,"dur":1,"pid":1,"tid":0},
{"name":"ComposeSubtree /Biped/Rig/Joints/ankle_l_pivot/bankIn_l_pivot/bankOut_l_pivot/heel_l_pivot/ball_l_pivot","cat":"step","ph":"X","ts":247385,"dur":1,"pid":1,"tid":3},
{"name":"ComposeSubtree /Biped/Rig/Joints/ankle_l_pivot/bankIn_l_pivot/bankOut_l_pivot/heel_l_pivot/ball_l_pivot/toe_l_pivot/ballRoll_l_pivot","cat":"step","ph":"X","ts":247411,"dur":1,"pid":1,"tid":0},
{"name":"ComposeSubtree /Biped/Rig/Joints/ankle_r_pivot","cat":"step","ph":"X","ts":247303,"dur":1,"pid":1,"tid":0},
{"name":"ComposeSubtree /Biped/Rig/Joints/ankle_r_pivot/bankIn_r_pivot/bankOut_r_pivot","cat":"step","ph":"X","ts":247358,"dur":1,"pid":1,"tid":0},
{"name":"ComposeSubtree /Biped/Rig/Joints/ankle_r_pivot/bankIn_r_pivot/bankOut_r_pivot/heel_r_pivot/ball_r_pivot/toe_r_pivot/ballRoll_r_pivot","cat":"step","ph":"X","ts":247412,"dur":1,"pid":1,"tid":0},
{"name":"ComposeSubtree /Biped/Rig/Joints/hips_bind","cat":"step","ph":"X","ts":247304,"dur":1,"pid":1,"tid":0},
{"name":"ComposeSubtree /Biped/Rig/Joints/hips_bind/pelvis_l_bind/pelvis_trans_l_bind/thigh_l_driver","cat":"step","ph":"X","ts":247386,"dur":1,"pid":1,"tid":3},
{"name":"ComposeSubtree /Biped/Rig/Joints/hips_bind/pelvis_l_bind/thighNoTwist_l_bind","cat":"step","ph":"X","ts":247359,"dur":1,"pid":1,"tid":0},
{"name":"ComposeSubtree /Biped/Rig/Joints/hips_bind/pelvis_l_bind/thigh_l_bind/knee_l_bind/ankleTwist_l_bind","cat":"step","ph":"X","ts":247367,"dur":1,"pid":1,"tid":0},
{"name":"ComposeSubtree /Biped/Rig/Joints/hips_bind/pelvis_l_bind/thigh_l_bind/knee_l_bind/ankle_l_bind/ball_l_bind/toe1_001_l_bind/toe1_002_l_bind","cat":"step","ph":"X","ts":247444,"dur":1,"pid":1,"tid":4},
{"name":"ComposeSubtree /Biped/Rig/Joints/hips_bind/pelvis_l_bind/thigh_l_bind/knee_l_bind/ankle_l_bind/ball_l_bind/toe1_001_l_bind/toe1_002_l_bind/toe1_003_l_bind","cat":"step","ph":"X","ts":247466,"dur":1,"pid":1,"tid":5},
{"name":"ComposeSubtree /Biped/Rig/Joints/hips_bind/pelvis_l_bind/thigh_l_bind/knee_l_bind/ankle_l_bind/ball_l_bind/toe2_001_l_bind","cat":"step","ph":"X","ts":247445,"dur":1,"pid":1,"tid":4},
{"name":"ComposeSubtree /Biped/Rig/Joints/hips_bind/pelvis_l_bind/thigh_l_bind/knee_l_bind/ankle_l_bind/ball_l_bind/toe3_001_l_bind","cat":"step","ph":"X","ts":247446,"dur":1,"pid":1,"tid":4},
{"name":"ComposeSubtree /Biped/Rig/Joints/hips_bind/pelvis_l_bind/thigh_l_bind/knee_l_bind/ankle_l_bind/ball_l_bind/toe3_001_l_bind/toe3_002_l_bind/toe3_003_l_bind","cat":"step","ph":"X","ts":247467,"dur":1,"pid":1,"tid":5},
{"name":"ComposeSubtree /Biped/Rig/Joints/hips_bind/pelvis_l_bind/thigh_l_bind/knee_l_bind/ankle_l_bind/ball_l_bind/toe4_001_l_bind","cat":"step","ph":"X","ts":247447,"dur":1,"pid":1,"tid":4},
{"name":"ComposeSubtree /Biped/Rig/Joints/hips_bind/pelvis_l_bind/thigh_l_bind/knee_l_bind/ankle_l_bind/ball_l_bind/toe5_001_l_bind/toe5_002_l_bind/toe5_003_l_bind","cat":"step","ph":"X","ts":247468,"dur":1,"pid":1,"tid":5},
{"name":"ComposeSubtree /Biped/Rig/Joints/hips_bind/pelvis_l_bind/thigh_l_bind/knee_l_bind/ankle_l_bind/ball_l_bind/toe_l_bind","cat":"step","ph":"X","ts":247448,"dur":1,"pid":1,"tid":4},
{"name":"ComposeSubtree /Biped/Rig/Joints/hips_bind/pelvis_l_bind/thigh_l_bind/knee_l_bind/kneeTwist_l_bind","cat":"step","ph":"X","ts":247368,"dur":1,"pid":1,"tid":0},
{"name":"ComposeSubtree /Biped/Rig/Joints/hips_bind/pelvis_r_bind","cat":"step","ph":"X","ts":247360,"dur":1,"pid":1,"tid":0},
{"name":"ComposeSubtree /Biped/Rig/Joints/hips_bind/pelvis_r_bind/pelvis_trans_r_bind","cat":"step","ph":"X","ts":247369,"dur":1,"pid":1,"tid":0},
{"name":"ComposeSubtree /Biped/Rig/Joints/hips_bind/pelvis_r_bind/pelvis_trans_r_bind/thigh_r_driver","cat":"step","ph":"X","ts":247413,"dur":1,"pid":1,"tid":0},
{"name":"ComposeSubtree /Biped/Rig/Joints/hips_bind/pelvis_r_bind/thighNoTwist_r_bind","cat":"step","ph":"X","ts":247370,"dur":1,"pid":1,"tid":0},
{"name":"ComposeSubtree /Biped/Rig/Joints/hips_bind/pelvis_r_bind/thigh_r_bind/knee_r_bind/ankleTwist_r_driver","cat":"step","ph":"X","ts":247414,"dur":1,"pid":1,"tid":0},
{"name":"ComposeSubtree /Biped/Rig/Joints/hips_bind/pelvis_r_bind/thigh_r_bind/knee_r_bind/ankle_r_bind/ball_r_bind","cat":"step","ph":"X","ts":247449,"dur":1,"pid":1,"tid":4},
{"name":"ComposeSubtree /Biped/Rig/Joints/hips_bind/pelvis_r_bind/thigh_r_bind/knee_r_bind/ankle_r_bind/ball_r_bind/toe2_001_r_bind","cat":"step","ph":"X","ts":247469,"dur":1,"pid":1,"tid":5},
{"name":"ComposeSubtree /Biped/Rig/Joints/hips_bind/pelvis_r_bind/thigh_r_bind/knee_r_bind/ankle_r_bind/ball_r_bind/toe2_001_r_bind/toe2_002_r_bind/toe2_003_r_bind","cat":"step","ph":"X","ts":247496,"dur":1,"pid":1,"tid":6},
{"name":"ComposeSubtree /Biped/Rig/Joints/hips_bind/pelvis_r_bind/thigh_r_bind/knee_r_bind/ankle_r_bind/ball_r_bind/toe3_001_r_bind/toe3_002_r_bind/toe3_003_r_bind","cat":"step","ph":"X","ts":247497,"dur":1,"pid":1,"tid":6},
{"name":"ComposeSubtree /Biped/Rig/Joints/hips_bind/pelvis_r_bind/thigh_r_bind/knee_r_bind/ankle_r_bind/ball_r_bind/toe4_001_r_bind","cat":"step","ph":"X","ts":247470,"dur":1,"pid":1,"tid":5},
{"name":"ComposeSubtree /Biped/Rig/Joints/hips_bind/pelvis_r_bind/thigh_r_bind/knee_r_bind/ankle_r_bind/ball_r_bind/toe5_001_r_bind","cat":"step","ph":"X","ts":247471,"dur":1,"pid":1,"tid":5},
{"name":"ComposeSubtree /Biped/Rig/Joints/hips_bind/pelvis_r_bind/thigh_r_bind/knee_r_bind/ankle_r_bind/ball_r_bind/toe5_001_r_bind/toe5_002_r_bind/toe5_003_r_bind","cat":"step","ph":"X","ts":247498,"dur":1,"pid":1,"tid":6},
{"name":"ComposeSubtree /Biped/Rig/Joints/hips_bind/pelvis_r_bind/thigh_r_bind/knee_r_bind/kneeTwist_r_bind","cat":"step","ph":"X","ts":247415,"dur":1,"pid":1,"tid":0},
{"name":"ComposeSubtree /Biped/Rig/Joints/hips_bind/spine_0_bind","cat":"step","ph":"X","ts":247361,"dur":1,"pid":1,"tid":0},
{"name":"ComposeSubtree /Biped/Rig/Joints/hips_bind/spine_0_bind/spine_1_bind/spine_2_bind","cat":"step","ph":"X","ts":247371,"dur":1,"pid":1,"tid":0},
{"name":"ComposeSubtree /Biped/Rig/Joints/hips_bind/spine_0_bind/spine_1_bind/spine_2_bind/spine_3_bind/spine_4_bind/spine_5_bind/chest_bind","cat":"step","ph":"X","ts":247450,"dur":1,"pid":1,"tid":4},
{"name":"ComposeSubtree /Biped/Rig/Joints/hips_bind/spine_0_bind/spine_1_bind/spine_2_bind/spine_3_bind/spine_4_bind/spine_5_bind/chest_bind/clavicle_l_bind/clavicle_trans_combo_l_driver","cat":"step","ph":"X","ts":247472,"dur":1,"pid":1,"tid":5},
{"name":"ComposeSubtree /Biped/Rig/Joints/hips_bind/spine_0_bind/spine_1_bind/spine_2_bind/spine_3_bind/spine_4_bind/spine_5_bind/chest_bind/clavicle_l_bind/clavicle_trans_l_bind/shoulder_l_driver","cat":"step","ph":"X","ts":247499,"dur":1,"pid":1,"tid":6},
{"name":"ComposeSubtree /Biped/Rig/Joints/hips_bind/spine_0_bind/spine_1_bind/spine_2_bind/spine_3_bind/spine_4_bind/spine_5_bind/chest_bind/clavicle_l_bind/shoulderNoTwist_l_bind","cat":"step","ph":"X","ts":247473,"dur":1,"pid":1,"tid":5},
{"name":"ComposeSubtree /Biped/Rig/Joints/hips_bind/spine_0_bind/spine_1_bind/spine_2_bind/spine_3_bind/spine_4_bind/spine_5_bind/chest_bind/clavicle_l_bind/shoulder_l_bind/elbow_l_bind/wristTwist_l_bind","cat":"step","ph":"X","ts":247500,"dur":1,"pid":1,"tid":6},
{"name":"ComposeSubtree /Biped/Rig/Joints/hips_bind/spine_0_bind/spine_1_bind/spine_2_bind/spine_3_bind/spine_4_bind/spine_5_bind/chest_bind/clavicle_l_bind/shoulder_l_bind/elbow_l_bind/wrist_l_bind/index_001_l_bind","cat":"step","ph":"X","ts":247509,"dur":1,"pid":1,"tid":7},
{"name":"ComposeSubtree /Biped/Rig/Joints/hips_bind/spine_0_bind/spine_1_bind/spine_2_bind/spine_3_bind/spine_4_bind/spine_5_bind/chest_bind/clavicle_l_bind/shoulder_l_bind/elbow_l_bind/wrist_l_bind/index_001_l_bind/index_002_l_bind","cat":"step","ph":"X","ts":247527,"dur":2,"pid":1,"tid":2},
{"name":"ComposeSubtree /Biped/Rig/Joints/hips_bind/spine_0_bind/spine_1_bind/spine_2_bind/spine_3_bind/spine_4_bind/spine_5_bind/chest_bind/clavicle_l_bind/shoulder_l_bind/elbow_l_bind/wrist_l_bind/index_001_l_bind/index_002_l_bind/index_003_l_bind/index_004_l_bind","cat":"step","ph":"X","ts":247578,"dur":1,"pid":1,"tid":0},
{"name":"ComposeSubtree /Biped/Rig/Joints/hips_bind/spine_0_bind/spine_1_bind/spine_2_bind/spine_3_bind/spine_4_bind/spine_5_bind/chest_bind/clavicle_l_bind/shoulder_l_bind/elbow_l_bind/wrist_l_bind/middle_001_l_bind","cat":"step","ph":"X","ts":247510,"dur":1,"pid":1,"tid":7},
{"name":"ComposeSubtree /Biped/Rig/Joints/hips_bind/spine_0_bind/spine_1_bind/spine_2_bind/spine_3_bind/spine_4_bind/spine_5_bind/chest_bind/clavicle_l_bind/shoulder_l_bind/elbow_l_bind/wrist_l_bind/middle_001_l_bind/middle_002_l_bind","cat":"step","ph":"X","ts":247529,"dur":1,"pid":1,"tid":2},
{"name":"ComposeSubtree /Biped/Rig/Joints/hips_bind/spine_0_bind/spine_1_bind/spine_2_bind/spine_3_bind/spine_4_bind/spine_5_bind/chest_bind/clavicle_l_bind/shoulder_l_bind/elbow_l_bind/wrist_l_bind/middle_001_l_bind/middle_002_l_bind/middle_003_l_bind/middle_004_l_bind","cat":"step","ph":"X","ts":247579,"dur":1,"pid":1,"tid":0},
{"name":"ComposeSubtree /Biped/Rig/Joints/hips_bind/spine_0_bind/spine_1_bind/spine_2_bind/spine_3_bind/spine_4_bind/spine_5_bind/chest_bind/clavicle_l_bind/shoulder_l_bind/elbow_l_bind/wrist_l_bind/pinkyCup_l_bind/pinky_001_l_bind/pinky_002_combo_l_driver","cat":"step","ph":"X","ts":247530,"dur":1,"pid":1,"tid":2},
{"name":"ComposeSubtree /Biped/Rig/Joints/hips_bind/spine_0_bind/spine_1_bind/spine_2_bind/spine_3_bind/spine_4_bind/spine_5_bind/chest_bind/clavicle_l_bind/shoulder_l_bind/elbow_l_bind/wrist_l_bind/pinkyCup_l_bind/pinky_001_l_bind/pinky_002_l_bind/pinky_003_l_bind/pinky_004_l_bind","cat":"step","ph":"X","ts":247596,"dur":1,"pid":1,"tid":0},
{"name":"ComposeSubtree /Biped/Rig/Joints/hips_bind/spine_0_bind/spine_1_bind/spine_2_bind/spine_3_bind/spine_4_bind/spine_5_bind/chest_bind/clavicle_l_bind/shoulder_l_bind/elbow_l_bind/wrist_l_bind/ring_001_l_bind/ring_002_l_bind","cat":"step","ph":"X","ts":247531,"dur":1,"pid":1,"tid":2},
{"name":"ComposeSubtree /Biped/Rig/Joints/hips_bind/spine_0_bind/spine_1_bind/spine_2_bind/spine_3_bind/spine_4_bind/spine_5_bind/chest_bind/clavicle_l_bind/shoulder_l_bind/elbow_l_bind/wrist_l_bind/thumbCup_l_bind","cat":"step","ph":"X","ts":247512,"dur":1,"pid":1,"tid":7},
{"name":"ComposeSubtree /Biped/Rig/Joints/hips_bind/spine_0_bind/spine_1_bind/spine_2_bind/spine_3_bind/spine_4_bind/spine_5_bind/chest_bind/clavicle_r_bind","cat":"step","ph":"X","ts":247457,"dur":2,"pid":1,"tid":4},
{"name":"ComposeSubtree /Biped/Rig/Joints/hips_bind/spine_0_bind/spine_1_bind/spine_2_bind/spine_3_bind/spine_4_bind/spine_5_bind/chest_bind/clavicle_r_bind/clavicle_trans_r_bind","cat":"step","ph":"X","ts":247501,"dur":1,"pid":1,"tid":6},
{"name":"ComposeSubtree /Biped/Rig/Joints/hips_bind/spine_0_bind/spine_1_bind/spine_2_bind/spine_3_bind/spine_4_bind/spine_5_bind/chest_bind/clavicle_r_bind/clavicle_trans_r_bind/shoulder_r_driver","cat":"step","ph":"X","ts":247513,"dur":1,"pid":1,"tid":7},
{"name":"ComposeSubtree /Biped/Rig/Joints/hips_bind/spine_0_bind/spine_1_bind/spine_2_bind/spine_3_bind/spine_4_bind/spine_5_bind/chest_bind/clavicle_r_bind/shoulderNoTwist_r_bind","cat":"step","ph":"X","ts":247502,"dur":1,"pid":1,"tid":6},
{"name":"ComposeSubtree /Biped/Rig/Joints/hips_bind/spine_0_bind/spine_1_bind/spine_2_bind/spine_3_bind/spine_4_bind/spine_5_bind/chest_bind/clavicle_r_bind/shoulder_r_bind/elbow_r_bind/wristTwist_r_bind","cat":"step","ph":"X","ts":247514,"dur":1,"pid":1,"tid":7},
{"name":"ComposeSubtree /Biped/Rig/Joints/hips_bind/spine_0_bind/spine_1_bind/spine_2_bind/spine_3_bind/spine_4_bind/spine_5_bind/chest_bind/clavicle_r_bind/shoulder_r_bind/elbow_r_bind/wrist_r_bind/index_001_r_bind","cat":"step","ph":"X","ts":247532,"dur":1,"pid":1,"tid":2},
{"name":"ComposeSubtree /Biped/Rig/Joints/hips_bind/spine_0_bind/spine_1_bind/spine_2_bind/spine_3_bind/spine_4_bind/spine_5_bind/chest_bind/clavicle_r_bind/shoulder_r_bind/elbow_r_bind/wrist_r_bind/middle_001_r_bind","cat":"step","ph":"X","ts":247533,"dur":1,"pid":1,"tid":2},
{"name":"ComposeSubtree /Biped/Rig/Joints/hips_bind/spine_0_bind/spine_1_bind/spine_2_bind/spine_3_bind/spine_4_bind/spine_5_bind/chest_bind/clavicle_r_bind/shoulder_r_bind/elbow_r_bind/wrist_r_bind/middle_001_r_bind/middle_002_r_bind","cat":"step","ph":"X","ts":247581,"dur":1,"pid":1,"tid":0},
{"name":"ComposeSubtree /Biped/Rig/Joints/hips_bind/spine_0_bind/spine_1_bind/spine_2_bind/spine_3_bind/spine_4_bind/spine_5_bind/chest_bind/clavicle_r_bind/shoulder_r_bind/elbow_r_bind/wrist_r_bind/middle_001_r_bind/middle_002_r_bind/middle_003_r_bind/middle_004_r_bind","cat":"step","ph":"X","ts":247597,"dur":1,"pid":1,"tid":0},
{"name":"ComposeSubtree /Biped/Rig/Joints/hips_bind/spine_0_bind/spine_1_bind/spine_2_bind/spine_3_bind/spine_4_bind/spine_5_bind/chest_bind/clavicle_r_bind/shoulder_r_bind/elbow_r_bind/wrist_r_bind/pinkyCup_r_bind","cat":"step","ph":"X","ts":247534,"dur":1,"pid":1,"tid":2},
{"name":"ComposeSubtree /Biped/Rig/Joints/hips_bind/spine_0_bind/spine_1_bind/spine_2_bind/spine_3_bind/spine_4_bind/spine_5_bind/chest_bind/clavicle_r_bind/shoulder_r_bind/elbow_r_bind/wrist_r_bind/pinkyCup_r_bind/pinky_001_r_bind/pinky_002_r_bind/pinky_003_r_bind/pinky_004_r_bind","cat":"step","ph":"X","ts":247652,"dur":1,"pid":1,"tid":8},
{"name":"ComposeSubtree /Biped/Rig/Joints/hips_bind/spine_0_bind/spine_1_bind/spine_2_bind/spine_3_bind/spine_4_bind/spine_5_bind/chest_bind/clavicle_r_bind/shoulder_r_bind/elbow_r_bind/wrist_r_bind/ring_001_r_bind","cat":"step","ph":"X","ts":247535,"dur":1,"pid":1,"tid":2},
{"name":"ComposeSubtree /Biped/Rig/Joints/hips_bind/spine_0_bind/spine_1_bind/spine_2_bind/spine_3_bind/spine_4_bind/spine_5_bind/chest_bind/clavicle_r_bind/shoulder_r_bind/elbow_r_bind/wrist_r_bind/thumbCup_r_bind","cat":"step","ph":"X","ts":247536,"dur":1,"pid":1,"tid":2},
{"name":"ComposeSubtree /Biped/Rig/Joints/hips_bind/spine_0_bind/spine_1_bind/spine_2_bind/spine_3_bind/spine_4_bind/spine_5_bind/chest_bind/neck_base_bind","cat":"step","ph":"X","ts":247459,"dur":1,"pid":1,"tid":4},
{"name":"ComposeSubtree /Biped/Rig/Joints/hips_bind/spine_0_bind/spine_1_bind/spine_2_bind/spine_3_bind/spine_4_bind/spine_5_bind/chest_bind/neck_base_bind/neck_0_bind/neck_1_bind","cat":"step","ph":"X","ts":247483,"dur":2,"pid":1,"tid":4},
{"name":"ComposeSubtree /Biped/Rig/Joints/hips_bind/spine_0_bind/spine_1_bind/spine_2_bind/spine_3_bind/spine_4_bind/spine_5_bind/chest_bind/neck_base_bind/neck_0_bind/neck_1_bind/neck_2_bind/neck_3_bind","cat":"step","ph":"X","ts":247515,"dur":1,"pid":1,"tid":7},
{"name":"ComposeSubtree /Biped/Rig/Joints/hips_bind/spine_0_bind/spine_1_bind/spine_2_bind/spine_3_bind/spine_4_bind/spine_5_bind/chest_bind/neck_base_bind/neck_0_bind/neck_1_bind/neck_2_bind/neck_3_bind/skull_bind/face_lower_bind","cat":"step","ph":"X","ts":247537,"dur":1,"pid":1,"tid":2},
{"name":"ComposeSubtree /Biped/Rig/Joints/hips_bind/spine_0_bind/spine_1_bind/spine_2_bind/spine_3_bind/spine_4_bind/spine_5_bind/chest_bind/neck_base_bind/neck_0_bind/neck_1_bind/neck_2_bind/neck_3_bind/skull_bind/face_lower_bind/face_mid_bind/jaw_compression_driver","cat":"step","ph":"X","ts":247583,"dur":1,"pid":1,"tid":0},
{"name":"ComposeSubtree /Biped/Rig/Joints/hips_bind/spine_0_bind/spine_1_bind/spine_2_bind/spine_3_bind/spine_4_bind/spine_5_bind/chest_bind/neck_base_bind/neck_0_bind/neck_1_bind/neck_2_bind/neck_3_bind/skull_bind/face_lower_bind/face_mid_bind/teeth_upper_bind","cat":"step","ph":"X","ts":247584,"dur":1,"pid":1,"tid":0},
{"name":"ComposeSubtree /Biped/Rig/Joints/hips_bind/spine_0_bind/spine_1_bind/spine_2_bind/spine_3_bind/spine_4_bind/spine_5_bind/chest_bind/neck_base_bind/neck_0_bind/neck_1_bind/neck_2_bind/neck_3_bind/skull_bind/face_lower_bind/jaw_bind/jaw_end","cat":"step","ph":"X","ts":247598,"dur":1,"pid":1,"tid":0},
{"name":"ComposeSubtree /Biped/Rig/Joints/hips_bind/spine_0_bind/spine_1_bind/spine_2_bind/spine_3_bind/spine_4_bind/spine_5_bind/chest_bind/neck_base_bind/neck_0_bind/neck_1_bind/neck_2_bind/neck_3_bind/skull_bind/face_lower_bind/jaw_bind/tongue_0_bind/tongue_1_bind/tongue_2_bind/tongue_3_bind","cat":"step","ph":"X","ts":247671,"dur":1,"pid":1,"tid":8},
{"name":"ComposeSubtree /Biped/Rig/Joints/hips_bind/spine_0_bind/spine_1_bind/spine_2_bind/spine_3_bind/spine_4_bind/spine_5_bind/chest_bind/neck_base_bind/neck_0_bind/neck_1_bind/neck_2_bind/neck_3_bind/skull_bind/face_upper_bind","cat":"step","ph":"X","ts":247538,"dur":1,"pid":1,"tid":2},
{"name":"ComposeSubtree /Biped/Rig/Joints/hips_bind/spine_0_bind/spine_1_bind/spine_2_bind/spine_3_bind/spine_4_bind/spine_5_bind/chest_bind/neck_base_bind/neck_0_bind/neck_1_bind/neck_2_bind/neck_3_bind/skull_bind/face_upper_bind/eyeSocket_r_bind","cat":"step","ph":"X","ts":247585,"dur":1,"pid":1,"tid":0},
{"name":"ComposeSubtree /Biped/Rig/Joints/hips_bind/spine_0_bind/spine_1_bind/spine_2_bind/spine_3_bind/spine_4_bind/spine_5_bind/chest_bind/neck_base_bind/neck_0_bind/neck_1_bind/neck_2_bind/neck_3_bind/skull_bind/face_upper_bind/head_tip_bind/brow_main_r_bind","cat":"step","ph":"X","ts":247599,"dur":1,"pid":1,"tid":0},
{"name":"ComposeSubtree /Biped/Rig/Joints/neck_ik_neck_0_bind/neck_ik_neck_1_bind","cat":"step","ph":"X","ts":247653,"dur":1,"pid":1,"tid":8},
{"name":"ComposeSubtree /Biped/Rig/Joints/pupilCenter_l_pivot","cat":"step","ph":"X","ts":247305,"dur":1,"pid":1,"tid":0},
{"name":"ComposeSubtree /Biped/Rig/Joints/spine_ik_spine_0_bind","cat":"step","ph":"X","ts":247279,"dur":5,"pid":1,"tid":0},
{"name":"ComposeSubtree /Biped/Rig/Joints/spine_ik_spine_0_bind/spine_ik_spine_1_bind/spine_ik_spine_2_bind","cat":"step","ph":"X","ts":247362,"dur":1,"pid":1,"tid":0},
{"name":"ComposeSubtree /Biped/Rig/Joints/spine_ik_spine_0_bind/spine_ik_spine_1_bind/spine_ik_spine_2_bind/spine_ik_spine_3_bind/spine_ik_spine_4_bind/spine_ik_spine_5_bind","cat":"step","ph":"X","ts":247416,"dur":1,"pid":1,"tid":0},
{"name":"Solve /Biped/Rig/Solvers/arm_l_fkChain","cat":"step","ph":"X","ts":247460,"dur":2,"pid":1,"tid":4},
{"name":"Solve /Biped/Rig/Solvers/arm_l_twoBoneIk","cat":"step","ph":"X","ts":247451,"dur":5,"pid":1,"tid":4},
{"name":"SolverCommit batch 1","cat":"step","ph":"X","ts":247462,"dur":1,"pid":1,"tid":4},
{"name":"Solve /Biped/Rig/Solvers/arm_r_fkChain","cat":"step","ph":"X","ts":247485,"dur":3,"pid":1,"tid":4},
{"name":"SolverCommit batch 2","cat":"step","ph":"X","ts":247516,"dur":1,"pid":1,"tid":7},
{"name":"Solve /Biped/Rig/Solvers/arm_r_twoBoneIk","cat":"step","ph":"X","ts":247428,"dur":7,"pid":1,"tid":0},
{"name":"Solve /Biped/Rig/Solvers/leg_l_fkChain","cat":"step","ph":"X","ts":247435,"dur":3,"pid":1,"tid":0},
{"name":"Solve /Biped/Rig/Solvers/leg_r_fkChain","cat":"step","ph":"X","ts":247464,"dur":1,"pid":1,"tid":4},
{"name":"SolverCommit batch 5","cat":"step","ph":"X","ts":247488,"dur":1,"pid":1,"tid":4},
{"name":"Solve /Biped/Rig/Solvers/neck_splineIk","cat":"step","ph":"X","ts":247465,"dur":18,"pid":1,"tid":4},
{"name":"SolverCommit batch 6","cat":"step","ph":"X","ts":247695,"dur":1,"pid":1,"tid":9},
{"name":"Constraint /Biped/Rig/Movers/spine_mid_follow/spine_mid_follow_pos","cat":"step","ph":"X","ts":247417,"dur":10,"pid":1,"tid":0},
{"name":"Solve /Biped/Rig/Solvers/arm_l_ikfk","cat":"step","ph":"X","ts":247489,"dur":6,"pid":1,"tid":4},
{"name":"SolverCommit batch 8","cat":"step","ph":"X","ts":247517,"dur":3,"pid":1,"tid":7},
{"name":"Solve /Biped/Rig/Solvers/arm_r_ikfk","cat":"step","ph":"X","ts":247520,"dur":4,"pid":1,"tid":7},
{"name":"SolverCommit batch 9","cat":"step","ph":"X","ts":247539,"dur":3,"pid":1,"tid":2},
{"name":"Constraint /Biped/Rig/Movers/spine_mid_follow/spine_mid_follow_aim","cat":"step","ph":"X","ts":247438,"dur":5,"pid":1,"tid":0},
{"name":"Solve /Biped/Rig/Solvers/spine_splineIk","cat":"step","ph":"X","ts":247444,"dur":17,"pid":1,"tid":0},
{"name":"SolverCommit batch 11","cat":"step","ph":"X","ts":247495,"dur":3,"pid":1,"tid":4},
{"name":"Constraint /Biped/Rig/Movers/hand_r_follow/thumbCup_r_bind_fk_follow_to_wrist_r_bind","cat":"step","ph":"X","ts":247586,"dur":6,"pid":1,"tid":0},
{"name":"Solve /Biped/Rig/Solvers/fk_thumb_r","cat":"step","ph":"X","ts":247600,"dur":3,"pid":1,"tid":0},
{"name":"SolverCommit batch 13","cat":"step","ph":"X","ts":247654,"dur":2,"pid":1,"tid":8},
{"name":"Constraint /Biped/Rig/Movers/hand_r_follow/ring_001_r_bind_fk_follow_to_wrist_r_bind","cat":"step","ph":"X","ts":247592,"dur":4,"pid":1,"tid":0},
{"name":"Solve /Biped/Rig/Solvers/fk_ring_r","cat":"step","ph":"X","ts":247603,"dur":2,"pid":1,"tid":0},
{"name":"SolverCommit batch 15","cat":"step","ph":"X","ts":247656,"dur":1,"pid":1,"tid":8},
{"name":"Constraint /Biped/Rig/Movers/hand_r_follow/pinkyCup_r_bind_fk_follow_to_wrist_r_bind","cat":"step","ph":"X","ts":247592,"dur":5,"pid":1,"tid":7},
{"name":"Solve /Biped/Rig/Solvers/fk_pinky_r","cat":"step","ph":"X","ts":247609,"dur":2,"pid":1,"tid":7},
{"name":"SolverCommit batch 17","cat":"step","ph":"X","ts":247672,"dur":1,"pid":1,"tid":8},
{"name":"Constraint /Biped/Rig/Movers/hand_r_follow/middle_001_r_bind_fk_follow_to_wrist_r_bind","cat":"step","ph":"X","ts":247597,"dur":5,"pid":1,"tid":7},
{"name":"Solve /Biped/Rig/Solvers/fk_middle_r","cat":"step","ph":"X","ts":247611,"dur":1,"pid":1,"tid":7},
{"name":"SolverCommit batch 19","cat":"step","ph":"X","ts":247657,"dur":1,"pid":1,"tid":8},
{"name":"Constraint /Biped/Rig/Movers/hand_r_follow/index_001_r_bind_fk_follow_to_wrist_r_bind","cat":"step","ph":"X","ts":247602,"dur":6,"pid":1,"tid":7},
{"name":"Solve /Biped/Rig/Solvers/fk_index_r","cat":"step","ph":"X","ts":247612,"dur":1,"pid":1,"tid":7},
{"name":"SolverCommit batch 21","cat":"step","ph":"X","ts":247658,"dur":1,"pid":1,"tid":8},
{"name":"Constraint /Biped/Rig/Movers/hand_l_follow/thumbCup_l_bind_fk_follow_to_wrist_l_bind","cat":"step","ph":"X","ts":247543,"dur":12,"pid":1,"tid":2},
{"name":"Solve /Biped/Rig/Solvers/fk_thumb_l","cat":"step","ph":"X","ts":247595,"dur":4,"pid":1,"tid":3},
{"name":"SolverCommit batch 23","cat":"step","ph":"X","ts":247624,"dur":4,"pid":1,"tid":9},
{"name":"Constraint /Biped/Rig/Movers/hand_l_follow/ring_001_l_bind_fk_follow_to_wrist_l_bind","cat":"step","ph":"X","ts":247555,"dur":5,"pid":1,"tid":2},
{"name":"Solve /Biped/Rig/Solvers/fk_ring_l","cat":"step","ph":"X","ts":247599,"dur":1,"pid":1,"tid":3},
{"name":"SolverCommit batch 25","cat":"step","ph":"X","ts":247628,"dur":1,"pid":1,"tid":9},
{"name":"Constraint /Biped/Rig/Movers/hand_l_follow/pinkyCup_l_bind_fk_follow_to_wrist_l_bind","cat":"step","ph":"X","ts":247528,"dur":12,"pid":1,"tid":3},
{"name":"Solve /Biped/Rig/Solvers/fk_pinky_l","cat":"step","ph":"X","ts":247600,"dur":2,"pid":1,"tid":3},
{"name":"SolverCommit batch 27","cat":"step","ph":"X","ts":247659,"dur":1,"pid":1,"tid":8},
{"name":"Constraint /Biped/Rig/Movers/hand_l_follow/middle_001_l_bind_fk_follow_to_wrist_l_bind","cat":"step","ph":"X","ts":247540,"dur":6,"pid":1,"tid":3},
{"name":"Solve /Biped/Rig/Solvers/fk_middle_l","cat":"step","ph":"X","ts":247551,"dur":3,"pid":1,"tid":3},
{"name":"SolverCommit batch 29","cat":"step","ph":"X","ts":247629,"dur":1,"pid":1,"tid":9},
{"name":"Constraint /Biped/Rig/Movers/hand_l_follow/index_001_l_bind_fk_follow_to_wrist_l_bind","cat":"step","ph":"X","ts":247546,"dur":4,"pid":1,"tid":3},
{"name":"Solve /Biped/Rig/Solvers/fk_index_l","cat":"step","ph":"X","ts":247554,"dur":1,"pid":1,"tid":3},
{"name":"SolverCommit batch 31","cat":"step","ph":"X","ts":247631,"dur":1,"pid":1,"tid":9},
{"name":"Constraint /Biped/Rig/Movers/bankIn_r_pivot_rc/bankIn_r_pivot_rotation","cat":"step","ph":"X","ts":247531,"dur":6,"pid":1,"tid":10},
{"name":"Constraint /Biped/Rig/Movers/bankOut_r_pivot_rc/bankOut_r_pivot_rotation","cat":"step","ph":"X","ts":247555,"dur":4,"pid":1,"tid":3},
{"name":"Constraint /Biped/Rig/Movers/heel_r_roll_rc/heel_r_roll_rotation","cat":"step","ph":"X","ts":247632,"dur":6,"pid":1,"tid":9},
{"name":"Constraint /Biped/Rig/Movers/toe_r_roll_rc/toe_r_roll_rotation","cat":"step","ph":"X","ts":247660,"dur":4,"pid":1,"tid":8},
{"name":"Constraint /Biped/Rig/Movers/ballRoll_r_up_rc/ballRoll_r_up_rotation","cat":"step","ph":"X","ts":247673,"dur":1,"pid":1,"tid":8},
{"name":"Constraint /Biped/Rig/Movers/ballRoll_r_down_rc/ballRoll_r_down_rotation","cat":"step","ph":"X","ts":247696,"dur":2,"pid":1,"tid":9},
{"name":"Solve /Biped/Rig/Solvers/leg_r_twoBoneIk","cat":"step","ph":"X","ts":247725,"dur":1,"pid":1,"tid":9},
{"name":"Solve /Biped/Rig/Solvers/leg_r_ikfk","cat":"step","ph":"X","ts":247733,"dur":1,"pid":1,"tid":9},
{"name":"SolverCommit batch 39","cat":"step","ph":"X","ts":247742,"dur":5,"pid":1,"tid":9},
{"name":"Constraint /Biped/Rig/Movers/ankle_r_bind_scAim/ankle_r_bind_aim","cat":"step","ph":"X","ts":247767,"dur":9,"pid":1,"tid":11},
{"name":"Constraint /Biped/Rig/Movers/ball_r_bind_scAim/ball_r_bind_aim","cat":"step","ph":"X","ts":247793,"dur":10,"pid":1,"tid":4},
{"name":"Constraint /Biped/Rig/Movers/bankIn_l_pivot_rc/bankIn_l_pivot_rotation","cat":"step","ph":"X","ts":247504,"dur":10,"pid":1,"tid":6},
{"name":"Constraint /Biped/Rig/Movers/bankOut_l_pivot_rc/bankOut_l_pivot_rotation","cat":"step","ph":"X","ts":247537,"dur":2,"pid":1,"tid":10},
{"name":"Constraint /Biped/Rig/Movers/heel_l_roll_rc/heel_l_roll_rotation","cat":"step","ph":"X","ts":247596,"dur":6,"pid":1,"tid":4},
{"name":"Constraint /Biped/Rig/Movers/toe_l_roll_rc/toe_l_roll_rotation","cat":"step","ph":"X","ts":247638,"dur":2,"pid":1,"tid":9},
{"name":"Constraint /Biped/Rig/Movers/ballRoll_l_up_rc/ballRoll_l_up_rotation","cat":"step","ph":"X","ts":247664,"dur":2,"pid":1,"tid":8},
{"name":"Constraint /Biped/Rig/Movers/ballRoll_l_down_rc/ballRoll_l_down_rotation","cat":"step","ph":"X","ts":247674,"dur":1,"pid":1,"tid":8},
{"name":"Solve /Biped/Rig/Solvers/leg_l_twoBoneIk","cat":"step","ph":"X","ts":247698,"dur":4,"pid":1,"tid":9},
{"name":"SolverCommit batch 48","cat":"step","ph":"X","ts":247726,"dur":1,"pid":1,"tid":9},
{"name":"Solve /Biped/Rig/Solvers/leg_l_ikfk","cat":"step","ph":"X","ts":247727,"dur":2,"pid":1,"tid":9},
{"name":"SolverCommit batch 49","cat":"step","ph":"X","ts":247734,"dur":5,"pid":1,"tid":9},
{"name":"Constraint /Biped/Rig/Movers/ankle_l_bind_scAim/ankle_l_bind_aim","cat":"step","ph":"X","ts":247747,"dur":6,"pid":1,"tid":9},
{"name":"Constraint /Biped/Rig/Movers/ball_l_bind_scAim/ball_l_bind_aim","cat":"step","ph":"X","ts":247776,"dur":5,"pid":1,"tid":11},
{"name":"Constraint /Biped/Rig/Movers/hips_follow/spine_root_ctl_drives_hips_bind","cat":"step","ph":"X","ts":247372,"dur":26,"pid":1,"tid":0},
{"name":"PropagateChunk /Biped/Rig/Movers/hips_follow/spine_root_ctl_drives_hips_bind","cat":"step","ph":"X","ts":247702,"dur":6,"pid":1,"tid":9},
{"name":"PropagateChunk /Biped/Rig/Movers/hips_follow/spine_root_ctl_drives_hips_bind","cat":"step","ph":"X","ts":247666,"dur":1,"pid":1,"tid":8},
{"name":"CommitApply /Biped/Rig/Movers/hips_follow/spine_root_ctl_drives_hips_bind","cat":"step","ph":"X","ts":247729,"dur":2,"pid":1,"tid":9},
{"name":"Constraint /Biped/Rig/Movers/hips_follow/spine_root_ctl_scales_hips_bind","cat":"step","ph":"X","ts":247739,"dur":3,"pid":1,"tid":9},
{"name":"PropagateChunk /Biped/Rig/Movers/hips_follow/spine_root_ctl_scales_hips_bind","cat":"step","ph":"X","ts":247781,"dur":5,"pid":1,"tid":11},
{"name":"PropagateChunk /Biped/Rig/Movers/hips_follow/spine_root_ctl_scales_hips_bind","cat":"step","ph":"X","ts":247786,"dur":1,"pid":1,"tid":11},
{"name":"CommitApply /Biped/Rig/Movers/hips_follow/spine_root_ctl_scales_hips_bind","cat":"step","ph":"X","ts":247803,"dur":2,"pid":1,"tid":4},
{"name":"Constraint /Biped/Rig/Movers/spine_to_bind/spine_ik_spine_0_bind_scale_to_spine_0_bind","cat":"step","ph":"X","ts":247820,"dur":14,"pid":1,"tid":12},
{"name":"Constraint /Biped/Rig/Movers/spine_to_bind/spine_ik_spine_0_bind_to_spine_0_bind","cat":"step","ph":"X","ts":247845,"dur":15,"pid":1,"tid":10},
{"name":"Constraint /Biped/Rig/Movers/spine_to_bind/spine_ik_spine_1_bind_scale_to_spine_1_bind","cat":"step","ph":"X","ts":247872,"dur":9,"pid":1,"tid":13},
{"name":"Constraint /Biped/Rig/Movers/spine_to_bind/spine_ik_spine_1_bind_to_spine_1_bind","cat":"step","ph":"X","ts":247889,"dur":8,"pid":1,"tid":13},
{"name":"Constraint /Biped/Rig/Movers/spine_to_bind/spine_ik_spine_2_bind_scale_to_spine_2_bind","cat":"step","ph":"X","ts":247902,"dur":6,"pid":1,"tid":13},
{"name":"Constraint /Biped/Rig/Movers/spine_to_bind/spine_ik_spine_2_bind_to_spine_2_bind","cat":"step","ph":"X","ts":247921,"dur":12,"pid":1,"tid":11},
{"name":"Constraint /Biped/Rig/Movers/spine_to_bind/spine_ik_spine_3_bind_scale_to_spine_3_bind","cat":"step","ph":"X","ts":247934,"dur":9,"pid":1,"tid":11},
{"name":"Constraint /Biped/Rig/Movers/spine_to_bind/spine_ik_spine_3_bind_to_spine_3_bind","cat":"step","ph":"X","ts":247943,"dur":10,"pid":1,"tid":11},
{"name":"Constraint /Biped/Rig/Movers/spine_to_bind/spine_ik_spine_4_bind_scale_to_spine_4_bind","cat":"step","ph":"X","ts":247953,"dur":9,"pid":1,"tid":11},
{"name":"Constraint /Biped/Rig/Movers/spine_to_bind/spine_ik_spine_4_bind_to_spine_4_bind","cat":"step","ph":"X","ts":247962,"dur":10,"pid":1,"tid":11},
{"name":"Constraint /Biped/Rig/Movers/spine_to_bind/spine_ik_spine_5_bind_scale_to_spine_5_bind","cat":"step","ph":"X","ts":247972,"dur":9,"pid":1,"tid":11},
{"name":"Constraint /Biped/Rig/Movers/spine_to_bind/spine_ik_spine_5_bind_to_spine_5_bind","cat":"step","ph":"X","ts":247981,"dur":13,"pid":1,"tid":11},
{"name":"Constraint /Biped/Rig/Movers/spine_to_bind/spine_ik_chest_bind_scale_to_chest_bind","cat":"step","ph":"X","ts":247994,"dur":8,"pid":1,"tid":11},
{"name":"Constraint /Biped/Rig/Movers/spine_to_bind/spine_ik_chest_bind_to_chest_bind","cat":"step","ph":"X","ts":248003,"dur":9,"pid":1,"tid":11},
{"name":"Constraint /Biped/Rig/Movers/girdles/spine_end_ctl_drives_chest_bind","cat":"step","ph":"X","ts":248013,"dur":10,"pid":1,"tid":11},
{"name":"Constraint /Biped/Rig/Movers/girdles/pelvis_r_ctl_drives_pelvis_r_bind","cat":"step","ph":"X","ts":247834,"dur":4,"pid":1,"tid":12},
{"name":"Constraint /Biped/Rig/Movers/girdles/pelvis_l_ctl_drives_pelvis_l_bind","cat":"step","ph":"X","ts":247838,"dur":3,"pid":1,"tid":12},
{"name":"Constraint /Biped/Rig/Movers/girdles/clavicle_r_ctl_drives_clavicle_r_bind","cat":"step","ph":"X","ts":248023,"dur":3,"pid":1,"tid":11},
{"name":"Constraint /Biped/Rig/Movers/girdles/clavicle_l_ctl_drives_clavicle_l_bind","cat":"step","ph":"X","ts":248026,"dur":3,"pid":1,"tid":11},
{"name":"Constraint /Biped/Rig/Movers/girdles/spine_end_ctl_unsquashes_neck_base_bind","cat":"step","ph":"X","ts":248029,"dur":6,"pid":1,"tid":11},
{"name":"Constraint /Biped/Rig/Movers/girdles/clavicle_r_ctl_unsquashes_clavicle_r_bind","cat":"step","ph":"X","ts":248036,"dur":4,"pid":1,"tid":11},
{"name":"Constraint /Biped/Rig/Movers/girdles/clavicle_l_ctl_unsquashes_clavicle_l_bind","cat":"step","ph":"X","ts":248040,"dur":4,"pid":1,"tid":11},
{"name":"Constraint /Biped/Rig/Movers/neck_to_bind/neck_ik_neck_0_bind_scale_to_neck_0_bind","cat":"step","ph":"X","ts":248044,"dur":6,"pid":1,"tid":11},
{"name":"Constraint /Biped/Rig/Movers/neck_to_bind/neck_ik_neck_0_bind_to_neck_0_bind","cat":"step","ph":"X","ts":248058,"dur":7,"pid":1,"tid":0},
{"name":"Constraint /Biped/Rig/Movers/neck_to_bind/neck_ik_neck_1_bind_scale_to_neck_1_bind","cat":"step","ph":"X","ts":248070,"dur":6,"pid":1,"tid":2},
{"name":"Constraint /Biped/Rig/Movers/neck_to_bind/neck_ik_neck_1_bind_to_neck_1_bind","cat":"step","ph":"X","ts":248085,"dur":6,"pid":1,"tid":2},
{"name":"Constraint /Biped/Rig/Movers/neck_to_bind/neck_ik_neck_2_bind_scale_to_neck_2_bind","cat":"step","ph":"X","ts":248102,"dur":11,"pid":1,"tid":14},
{"name":"Constraint /Biped/Rig/Movers/neck_to_bind/neck_ik_neck_2_bind_to_neck_2_bind","cat":"step","ph":"X","ts":248121,"dur":8,"pid":1,"tid":14},
{"name":"Constraint /Biped/Rig/Movers/neck_to_bind/neck_ik_neck_3_bind_scale_to_neck_3_bind","cat":"step","ph":"X","ts":248136,"dur":7,"pid":1,"tid":14},
{"name":"Constraint /Biped/Rig/Movers/neck_to_bind/neck_ik_neck_3_bind_to_neck_3_bind","cat":"step","ph":"X","ts":249060,"dur":13,"pid":1,"tid":14},
{"name":"Constraint /Biped/Rig/Movers/neck_to_bind/neck_ik_skull_bind_scale_to_skull_bind","cat":"step","ph":"X","ts":249496,"dur":9,"pid":1,"tid":14},
{"name":"Constraint /Biped/Rig/Movers/neck_to_bind/neck_ik_skull_bind_to_skull_bind","cat":"step","ph":"X","ts":249515,"dur":8,"pid":1,"tid":14},
{"name":"Constraint /Biped/Rig/Movers/twist_aims/wristTwist_r_bind_copy","cat":"step","ph":"X","ts":247602,"dur":10,"pid":1,"tid":4},
{"name":"Constraint /Biped/Rig/Movers/twist_aims/wristTwist_r_bind_aim","cat":"step","ph":"X","ts":247640,"dur":9,"pid":1,"tid":9},
{"name":"Constraint /Biped/Rig/Movers/twist_aims/wristTwist_l_bind_copy","cat":"step","ph":"X","ts":247525,"dur":15,"pid":1,"tid":7},
{"name":"Constraint /Biped/Rig/Movers/twist_aims/wristTwist_l_bind_aim","cat":"step","ph":"X","ts":247612,"dur":4,"pid":1,"tid":4},
{"name":"Constraint /Biped/Rig/Movers/twist_aims/ankleTwist_r_bind_copy","cat":"step","ph":"X","ts":247805,"dur":3,"pid":1,"tid":4},
{"name":"Constraint /Biped/Rig/Movers/twist_aims/ankleTwist_r_bind_aim","cat":"step","ph":"X","ts":247820,"dur":5,"pid":1,"tid":5},
{"name":"Constraint /Biped/Rig/Movers/twist_aims/ankleTwist_l_bind_copy","cat":"step","ph":"X","ts":247787,"dur":4,"pid":1,"tid":11},
{"name":"Constraint /Biped/Rig/Movers/twist_aims/ankleTwist_l_bind_aim","cat":"step","ph":"X","ts":247808,"dur":4,"pid":1,"tid":4},
{"name":"Constraint /Biped/Rig/Movers/twist_aims/ankleTwist_r_bind_follows_ankle_r_bind","cat":"step","ph":"X","ts":247860,"dur":3,"pid":1,"tid":10},
{"name":"Constraint /Biped/Rig/Movers/twist_aims/ankleTwist_l_bind_follows_ankle_l_bind","cat":"step","ph":"X","ts":247825,"dur":2,"pid":1,"tid":5},
{"name":"Constraint /Biped/Rig/Movers/twist_aims/wristTwist_r_bind_follows_wrist_r_bind","cat":"step","ph":"X","ts":247667,"dur":4,"pid":1,"tid":8},
{"name":"Constraint /Biped/Rig/Movers/twist_aims/wristTwist_l_bind_follows_wrist_l_bind","cat":"step","ph":"X","ts":247620,"dur":3,"pid":1,"tid":4},
{"name":"Constraint /Biped/Rig/Movers/twist_aims/thighNoTwist_r_bind_follows_thigh_r_bind","cat":"step","ph":"X","ts":247863,"dur":2,"pid":1,"tid":10},
{"name":"Constraint /Biped/Rig/Movers/twist_aims/thighNoTwist_l_bind_follows_thigh_l_bind","cat":"step","ph":"X","ts":247845,"dur":6,"pid":1,"tid":15},
{"name":"Constraint /Biped/Rig/Movers/twist_aims/shoulderNoTwist_r_bind_follows_shoulder_r_bind","cat":"step","ph":"X","ts":248065,"dur":2,"pid":1,"tid":0},
{"name":"Constraint /Biped/Rig/Movers/twist_aims/shoulderNoTwist_l_bind_follows_shoulder_l_bind","cat":"step","ph":"X","ts":248067,"dur":1,"pid":1,"tid":0},
{"name":"Constraint /Biped/Rig/Movers/twist_aims/pelvis_trans_r_bind_follows_thigh_r_bind","cat":"step","ph":"X","ts":247852,"dur":3,"pid":1,"tid":15},
{"name":"Constraint /Biped/Rig/Movers/twist_aims/pelvis_trans_l_bind_follows_thigh_l_bind","cat":"step","ph":"X","ts":247855,"dur":3,"pid":1,"tid":15},
{"name":"Constraint /Biped/Rig/Movers/twist_aims/clavicle_trans_r_bind_follows_shoulder_r_bind","cat":"step","ph":"X","ts":248058,"dur":3,"pid":1,"tid":11},
{"name":"Constraint /Biped/Rig/Movers/twist_aims/clavicle_trans_l_bind_follows_shoulder_l_bind","cat":"step","ph":"X","ts":248061,"dur":1,"pid":1,"tid":11},
{"name":"Constraint /Biped/Rig/Movers/twist_aims/pelvis_trans_r_bind_aim","cat":"step","ph":"X","ts":247881,"dur":5,"pid":1,"tid":13},
{"name":"Constraint /Biped/Rig/Movers/twist_aims/pelvis_trans_l_bind_aim","cat":"step","ph":"X","ts":247886,"dur":3,"pid":1,"tid":13},
{"name":"Constraint /Biped/Rig/Movers/twist_aims/kneeTwist_r_bind_aim","cat":"step","ph":"X","ts":247762,"dur":3,"pid":1,"tid":9},
{"name":"Constraint /Biped/Rig/Movers/twist_aims/kneeTwist_l_bind_aim","cat":"step","ph":"X","ts":247753,"dur":4,"pid":1,"tid":9},
{"name":"Constraint /Biped/Rig/Movers/twist_aims/thighNoTwist_r_bind_aim","cat":"step","ph":"X","ts":247875,"dur":9,"pid":1,"tid":11},
{"name":"Constraint /Biped/Rig/Movers/twist_aims/thighNoTwist_l_bind_aim","cat":"step","ph":"X","ts":247884,"dur":5,"pid":1,"tid":11},
{"name":"Constraint /Biped/Rig/Movers/twist_aims/clavicle_trans_r_bind_aim","cat":"step","ph":"X","ts":248076,"dur":5,"pid":1,"tid":2},
{"name":"Constraint /Biped/Rig/Movers/twist_aims/clavicle_trans_l_bind_aim","cat":"step","ph":"X","ts":248081,"dur":4,"pid":1,"tid":2},
{"name":"Constraint /Biped/Rig/Movers/twist_aims/elbowTwist_r_bind_aim","cat":"step","ph":"X","ts":247616,"dur":3,"pid":1,"tid":4},
{"name":"Constraint /Biped/Rig/Movers/twist_aims/elbowTwist_l_bind_aim","cat":"step","ph":"X","ts":247540,"dur":6,"pid":1,"tid":7},
{"name":"Constraint /Biped/Rig/Movers/twist_aims/shoulderNoTwist_r_bind_aim","cat":"step","ph":"X","ts":248069,"dur":3,"pid":1,"tid":0},
{"name":"Constraint /Biped/Rig/Movers/twist_aims/shoulderNoTwist_l_bind_aim","cat":"step","ph":"X","ts":248072,"dur":3,"pid":1,"tid":0},
{"name":"Constraint /Biped/Rig/Movers/pose_drivers/thigh_r_driver_copies_thigh_r_bind","cat":"step","ph":"X","ts":247897,"dur":4,"pid":1,"tid":13},
{"name":"Constraint /Biped/Rig/Movers/pose_drivers/thigh_l_driver_copies_thigh_l_bind","cat":"step","ph":"X","ts":247890,"dur":6,"pid":1,"tid":11},
{"name":"Constraint /Biped/Rig/Movers/pose_drivers/thigh_r_twist_driver_copies_thighNoTwist_r_bind","cat":"step","ph":"X","ts":247908,"dur":4,"pid":1,"tid":13},
{"name":"Constraint /Biped/Rig/Movers/pose_drivers/thigh_l_twist_driver_copies_thighNoTwist_l_bind","cat":"step","ph":"X","ts":247902,"dur":6,"pid":1,"tid":11},
{"name":"Constraint /Biped/Rig/Movers/pose_drivers/ankleTwist_r_driver_copies_ankleTwist_r_bind","cat":"step","ph":"X","ts":247866,"dur":6,"pid":1,"tid":10},
{"name":"Constraint /Biped/Rig/Movers/pose_drivers/ankleTwist_l_driver_copies_ankleTwist_l_bind","cat":"step","ph":"X","ts":247842,"dur":7,"pid":1,"tid":12},
{"name":"Constraint /Biped/Rig/Movers/pose_drivers/toe_r_driver_copies_ball_r_bind","cat":"step","ph":"X","ts":247817,"dur":4,"pid":1,"tid":4},
{"name":"Constraint /Biped/Rig/Movers/pose_drivers/toe_l_driver_copies_ball_l_bind","cat":"step","ph":"X","ts":247812,"dur":5,"pid":1,"tid":4},
{"name":"Constraint /Biped/Rig/Movers/pose_drivers/knee_r_driver_copies_knee_r_bind","cat":"step","ph":"X","ts":247791,"dur":5,"pid":1,"tid":11},
{"name":"Constraint /Biped/Rig/Movers/pose_drivers/knee_l_driver_copies_knee_l_bind","cat":"step","ph":"X","ts":247765,"dur":4,"pid":1,"tid":9},
{"name":"Constraint /Biped/Rig/Movers/pose_drivers/ankleSwing_r_driver_copies_ankle_r_bind","cat":"step","ph":"X","ts":247872,"dur":5,"pid":1,"tid":10},
{"name":"Constraint /Biped/Rig/Movers/pose_drivers/ankleSwing_l_driver_copies_ankle_l_bind","cat":"step","ph":"X","ts":247849,"dur":6,"pid":1,"tid":12},
{"name":"Constraint /Biped/Rig/Movers/pose_drivers/shoulder_r_driver_copies_shoulder_r_bind","cat":"step","ph":"X","ts":248091,"dur":4,"pid":1,"tid":2},
{"name":"Constraint /Biped/Rig/Movers/pose_drivers/shoulder_l_driver_copies_shoulder_l_bind","cat":"step","ph":"X","ts":248095,"dur":3,"pid":1,"tid":2},
{"name":"Constraint /Biped/Rig/Movers/pose_drivers/wristTwist_r_driver_copies_wristTwist_r_bind","cat":"step","ph":"X","ts":247675,"dur":8,"pid":1,"tid":8},
{"name":"Constraint /Biped/Rig/Movers/pose_drivers/wristTwist_l_driver_copies_wristTwist_l_bind","cat":"step","ph":"X","ts":247650,"dur":9,"pid":1,"tid":9},
{"name":"Constraint /Biped/Rig/Movers/pose_drivers/shoulder_r_twist_driver_copies_shoulderNoTwist_r_bind","cat":"step","ph":"X","ts":248113,"dur":8,"pid":1,"tid":14},
{"name":"Constraint /Biped/Rig/Movers/pose_drivers/shoulder_l_twist_driver_copies_shoulderNoTwist_l_bind","cat":"step","ph":"X","ts":248100,"dur":4,"pid":1,"tid":2},
{"name":"Constraint /Biped/Rig/Movers/pose_drivers/wristSwing_r_driver_copies_wrist_r_bind","cat":"step","ph":"X","ts":247676,"dur":6,"pid":1,"tid":9},
{"name":"Constraint /Biped/Rig/Movers/pose_drivers/wristSwing_l_driver_copies_wrist_l_bind","cat":"step","ph":"X","ts":247659,"dur":5,"pid":1,"tid":9},
{"name":"Constraint /Biped/Rig/Movers/pose_drivers/elbow_r_driver_copies_elbow_r_bind","cat":"step","ph":"X","ts":247623,"dur":10,"pid":1,"tid":4},
{"name":"Constraint /Biped/Rig/Movers/pose_drivers/elbow_l_driver_copies_elbow_l_bind","cat":"step","ph":"X","ts":247579,"dur":10,"pid":1,"tid":2},
{"name":"Constraint /Biped/Rig/Movers/param_follow/leg_r_params_to_ankle_r_bind","cat":"step","ph":"X","ts":247796,"dur":4,"pid":1,"tid":11},
{"name":"Constraint /Biped/Rig/Movers/param_follow/leg_l_params_to_ankle_l_bind","cat":"step","ph":"X","ts":247769,"dur":4,"pid":1,"tid":9},
{"name":"Constraint /Biped/Rig/Movers/param_follow/arm_r_params_to_wrist_r_bind","cat":"step","ph":"X","ts":247589,"dur":4,"pid":1,"tid":2},
{"name":"Constraint /Biped/Rig/Movers/param_follow/arm_l_params_to_wrist_l_bind","cat":"step","ph":"X","ts":247546,"dur":5,"pid":1,"tid":7},
{"name":"ProviderMatrix /Biped/Rig/Controls/leg_l_ik/ankle_l_pivot final","cat":"step","ph":"X","ts":247363,"dur":1,"pid":1,"tid":0},
{"name":"ProviderMatrix /Biped/Rig/Controls/leg_l_ik/ankle_l_pivot/bankIn_l_pivot final","cat":"step","ph":"X","ts":247551,"dur":1,"pid":1,"tid":7},
{"name":"ProviderMatrix /Biped/Rig/Controls/leg_l_ik/ankle_l_pivot/bankIn_l_pivot/bankOut_l_pivot/heel_l_roll final","cat":"step","ph":"X","ts":247633,"dur":1,"pid":1,"tid":4},
{"name":"ProviderMatrix /Biped/Rig/Controls/leg_l_ik/ankle_l_pivot/bankIn_l_pivot/bankOut_l_pivot/heel_l_roll/heel_l/ball_l_pivot/toe_l_roll/toe_l/ballRoll_l_up final","cat":"step","ph":"X","ts":247682,"dur":1,"pid":1,"tid":9},
{"name":"ProviderMatrix /Biped/Rig/Controls/leg_l_ik/ankle_l_pivot/bankIn_l_pivot/bankOut_l_pivot/heel_l_roll/heel_l/ball_l_pivot/toe_l_roll/toe_l/ballRoll_l_up/ballRoll_l_down final","cat":"step","ph":"X","ts":247708,"dur":1,"pid":1,"tid":9},
{"name":"ProviderMatrix /Biped/Rig/Controls/leg_r_ik/ankle_r_pivot final","cat":"step","ph":"X","ts":247398,"dur":1,"pid":1,"tid":0},
{"name":"ProviderMatrix /Biped/Rig/Controls/leg_r_ik/ankle_r_pivot/bankIn_r_pivot final","cat":"step","ph":"X","ts":247593,"dur":1,"pid":1,"tid":2},
{"name":"ProviderMatrix /Biped/Rig/Controls/leg_r_ik/ankle_r_pivot/bankIn_r_pivot/bankOut_r_pivot/heel_r_roll final","cat":"step","ph":"X","ts":247664,"dur":1,"pid":1,"tid":9},
{"name":"ProviderMatrix /Biped/Rig/Joints/ankle_l_pivot/bankIn_l_pivot final","cat":"step","ph":"X","ts":247364,"dur":1,"pid":1,"tid":0},
{"name":"ProviderMatrix /Biped/Rig/Joints/ankle_l_pivot/bankIn_l_pivot/bankOut_l_pivot/heel_l_pivot final","cat":"step","ph":"X","ts":247399,"dur":1,"pid":1,"tid":0},
{"name":"ProviderMatrix /Biped/Rig/Joints/ankle_l_pivot/bankIn_l_pivot/bankOut_l_pivot/heel_l_pivot/ball_l_pivot/toe_l_pivot/ballRoll_l_pivot final","cat":"step","ph":"X","ts":247443,"dur":1,"pid":1,"tid":0},
{"name":"ProviderMatrix /Biped/Rig/Joints/ankle_r_pivot/bankIn_r_pivot/bankOut_r_pivot/heel_r_pivot/ball_r_pivot final","cat":"step","ph":"X","ts":247427,"dur":1,"pid":1,"tid":0},
{"name":"ProviderMatrix /Biped/Rig/Joints/hips_bind final","cat":"step","ph":"X","ts":247821,"dur":1,"pid":1,"tid":4},
{"name":"ProviderMatrix /Biped/Rig/Joints/hips_bind/pelvis_l_bind/pelvis_trans_l_bind final","cat":"step","ph":"X","ts":247896,"dur":1,"pid":1,"tid":11},
{"name":"ProviderMatrix /Biped/Rig/Joints/hips_bind/pelvis_l_bind/thigh_l_bind/knee_l_bind/ankleTwist_l_driver final","cat":"step","ph":"X","ts":247877,"dur":1,"pid":1,"tid":10},
{"name":"ProviderMatrix /Biped/Rig/Joints/hips_bind/pelvis_l_bind/thigh_l_bind/knee_l_bind/ankle_l_bind/ball_l_bind/toe1_001_l_bind/toe1_002_l_bind final","cat":"step","ph":"X","ts":247800,"dur":1,"pid":1,"tid":11},
{"name":"ProviderMatrix /Biped/Rig/Joints/hips_bind/pelvis_l_bind/thigh_l_bind/knee_l_bind/ankle_l_bind/ball_l_bind/toe2_001_l_bind/toe2_002_l_bind/toe2_003_l_bind final","cat":"step","ph":"X","ts":247801,"dur":1,"pid":1,"tid":11},
{"name":"ProviderMatrix /Biped/Rig/Joints/hips_bind/pelvis_l_bind/thigh_l_bind/knee_l_bind/ankle_l_bind/ball_l_bind/toe4_001_l_bind final","cat":"step","ph":"X","ts":247802,"dur":1,"pid":1,"tid":11},
{"name":"ProviderMatrix /Biped/Rig/Joints/hips_bind/pelvis_l_bind/thigh_l_bind/knee_l_bind/ankle_l_bind/ball_l_bind/toe5_001_l_bind/toe5_002_l_bind/toe5_003_l_bind/toe5_004_l_bind final","cat":"step","ph":"X","ts":247803,"dur":1,"pid":1,"tid":11},
{"name":"ProviderMatrix /Biped/Rig/Joints/hips_bind/pelvis_r_bind final","cat":"step","ph":"X","ts":247856,"dur":1,"pid":1,"tid":12},
{"name":"ProviderMatrix /Biped/Rig/Joints/hips_bind/pelvis_r_bind/pelvis_trans_r_bind/thigh_r_driver/thigh_r_twist_driver final","cat":"step","ph":"X","ts":247933,"dur":1,"pid":1,"tid":11},
{"name":"ProviderMatrix /Biped/Rig/Joints/hips_bind/pelvis_r_bind/thigh_r_bind final","cat":"step","ph":"X","ts":247773,"dur":1,"pid":1,"tid":9},
{"name":"ProviderMatrix /Biped/Rig/Joints/hips_bind/pelvis_r_bind/thigh_r_bind/knee_r_bind/ankle_r_bind/ball_r_bind/toe1_001_r_bind final","cat":"step","ph":"X","ts":247822,"dur":1,"pid":1,"tid":4},
{"name":"ProviderMatrix /Biped/Rig/Joints/hips_bind/pelvis_r_bind/thigh_r_bind/knee_r_bind/ankle_r_bind/ball_r_bind/toe4_001_r_bind final","cat":"step","ph":"X","ts":247824,"dur":1,"pid":1,"tid":4},
{"name":"ProviderMatrix /Biped/Rig/Joints/hips_bind/pelvis_r_bind/thigh_r_bind/knee_r_bind/ankle_r_bind/toe_r_driver final","cat":"step","ph":"X","ts":247857,"dur":1,"pid":1,"tid":12},
{"name":"ProviderMatrix /Biped/Rig/Joints/hips_bind/pelvis_r_bind/thigh_r_bind/knee_r_bind/kneeTwist_r_bind final","cat":"step","ph":"X","ts":247804,"dur":1,"pid":1,"tid":11},
{"name":"ProviderMatrix /Biped/Rig/Joints/hips_bind/spine_0_bind/spine_1_bind final","cat":"step","ph":"X","ts":247908,"dur":1,"pid":1,"tid":11},
{"name":"ProviderMatrix /Biped/Rig/Joints/hips_bind/spine_0_bind/spine_1_bind/spine_2_bind/spine_3_bind/spine_4_bind/spine_5_bind final","cat":"step","ph":"X","ts":248002,"dur":1,"pid":1,"tid":11},
{"name":"ProviderMatrix /Biped/Rig/Joints/hips_bind/spine_0_bind/spine_1_bind/spine_2_bind/spine_3_bind/spine_4_bind/spine_5_bind/chest_bind/clavicle_l_bind/clavicle_trans_l_bind/shoulder_l_driver/shoulder_l_twist_driver final","cat":"step","ph":"X","ts":248129,"dur":1,"pid":1,"tid":14},
{"name":"ProviderMatrix /Biped/Rig/Joints/hips_bind/spine_0_bind/spine_1_bind/spine_2_bind/spine_3_bind/spine_4_bind/spine_5_bind/chest_bind/clavicle_l_bind/shoulder_combo_l_driver final","cat":"step","ph":"X","ts":248063,"dur":1,"pid":1,"tid":11},
{"name":"ProviderMatrix /Biped/Rig/Joints/hips_bind/spine_0_bind/spine_1_bind/spine_2_bind/spine_3_bind/spine_4_bind/spine_5_bind/chest_bind/clavicle_l_bind/shoulder_l_bind/elbow_l_bind final","cat":"step","ph":"X","ts":247552,"dur":1,"pid":1,"tid":7},
{"name":"ProviderMatrix /Biped/Rig/Joints/hips_bind/spine_0_bind/spine_1_bind/spine_2_bind/spine_3_bind/spine_4_bind/spine_5_bind/chest_bind/clavicle_l_bind/shoulder_l_bind/elbow_l_bind/wristTwist_l_bind final","cat":"step","ph":"X","ts":247665,"dur":1,"pid":1,"tid":9},
{"name":"ProviderMatrix /Biped/Rig/Joints/hips_bind/spine_0_bind/spine_1_bind/spine_2_bind/spine_3_bind/spine_4_bind/spine_5_bind/chest_bind/clavicle_l_bind/shoulder_l_bind/elbow_l_bind/wristTwist_l_bind/wristSwing_l_driver final","cat":"step","ph":"X","ts":247683,"dur":1,"pid":1,"tid":9},
{"name":"ProviderMatrix /Biped/Rig/Joints/hips_bind/spine_0_bind/spine_1_bind/spine_2_bind/spine_3_bind/spine_4_bind/spine_5_bind/chest_bind/clavicle_l_bind/shoulder_l_bind/elbow_l_bind/wrist_l_bind/index_001_l_bind/index_002_l_bind final","cat":"step","ph":"X","ts":247666,"dur":1,"pid":1,"tid":9},
{"name":"ProviderMatrix /Biped/Rig/Joints/hips_bind/spine_0_bind/spine_1_bind/spine_2_bind/spine_3_bind/spine_4_bind/spine_5_bind/chest_bind/clavicle_l_bind/shoulder_l_bind/elbow_l_bind/wrist_l_bind/index_001_l_bind/index_002_l_bind/index_003_l_bind/index_004_l_bind/index_005_l_bind final","cat":"step","ph":"X","ts":247667,"dur":1,"pid":1,"tid":9},
{"name":"ProviderMatrix /Biped/Rig/Joints/hips_bind/spine_0_bind/spine_1_bind/spine_2_bind/spine_3_bind/spine_4_bind/spine_5_bind/chest_bind/clavicle_l_bind/shoulder_l_bind/elbow_l_bind/wrist_l_bind/middle_001_l_bind/middle_002_l_bind/middle_003_l_bind final","cat":"step","ph":"X","ts":247668,"dur":1,"pid":1,"tid":9},
{"name":"ProviderMatrix /Biped/Rig/Joints/hips_bind/spine_0_bind/spine_1_bind/spine_2_bind/spine_3_bind/spine_4_bind/spine_5_bind/chest_bind/clavicle_l_bind/shoulder_l_bind/elbow_l_bind/wrist_l_bind/pinkyCup_l_bind/pinky_001_l_bind/pinky_002_combo_l_driver final","cat":"step","ph":"X","ts":247684,"dur":1,"pid":1,"tid":9},
{"name":"ProviderMatrix /Biped/Rig/Joints/hips_bind/spine_0_bind/spine_1_bind/spine_2_bind/spine_3_bind/spine_4_bind/spine_5_bind/chest_bind/clavicle_l_bind/shoulder_l_bind/elbow_l_bind/wrist_l_bind/pinkyCup_l_bind/pinky_001_l_bind/pinky_002_l_bind/pinky_003_l_bind/pinky_004_l_bind/pinky_005_l_bind final","cat":"step","ph":"X","ts":247685,"dur":1,"pid":1,"tid":9},
{"name":"ProviderMatrix /Biped/Rig/Joints/hips_bind/spine_0_bind/spine_1_bind/spine_2_bind/spine_3_bind/spine_4_bind/spine_5_bind/chest_bind/clavicle_l_bind/shoulder_l_bind/elbow_l_bind/wrist_l_bind/ring_001_l_bind final","cat":"step","ph":"X","ts":247669,"dur":1,"pid":1,"tid":9},
{"name":"ProviderMatrix /Biped/Rig/Joints/hips_bind/spine_0_bind/spine_1_bind/spine_2_bind/spine_3_bind/spine_4_bind/spine_5_bind/chest_bind/clavicle_l_bind/shoulder_l_bind/elbow_l_bind/wrist_l_bind/ring_001_l_bind/ring_002_l_bind/ring_003_l_bind/ring_004_l_bind final","cat":"step","ph":"X","ts":247670,"dur":1,"pid":1,"tid":9},
{"name":"ProviderMatrix /Biped/Rig/Joints/hips_bind/spine_0_bind/spine_1_bind/spine_2_bind/spine_3_bind/spine_4_bind/spine_5_bind/chest_bind/clavicle_l_bind/shoulder_l_bind/elbow_l_bind/wrist_l_bind/thumbCup_l_bind/thumb_001_l_bind/thumb_002_l_bind final","cat":"step","ph":"X","ts":247671,"dur":1,"pid":1,"tid":9},
{"name":"ProviderMatrix /Biped/Rig/Joints/hips_bind/spine_0_bind/spine_1_bind/spine_2_bind/spine_3_bind/spine_4_bind/spine_5_bind/chest_bind/clavicle_r_bind/clavicle_trans_combo_r_driver final","cat":"step","ph":"X","ts":248064,"dur":1,"pid":1,"tid":11},
{"name":"ProviderMatrix /Biped/Rig/Joints/hips_bind/spine_0_bind/spine_1_bind/spine_2_bind/spine_3_bind/spine_4_bind/spine_5_bind/chest_bind/clavicle_r_bind/shoulderNoTwist_r_bind final","cat":"step","ph":"X","ts":248099,"dur":1,"pid":1,"tid":2},
{"name":"ProviderMatrix /Biped/Rig/Joints/hips_bind/spine_0_bind/spine_1_bind/spine_2_bind/spine_3_bind/spine_4_bind/spine_5_bind/chest_bind/clavicle_r_bind/shoulder_r_bind/elbow_r_bind final","cat":"step","ph":"X","ts":247594,"dur":1,"pid":1,"tid":2},
{"name":"ProviderMatrix /Biped/Rig/Joints/hips_bind/spine_0_bind/spine_1_bind/spine_2_bind/spine_3_bind/spine_4_bind/spine_5_bind/chest_bind/clavicle_r_bind/shoulder_r_bind/elbow_r_bind/elbowTwist_r_bind final","cat":"step","ph":"X","ts":247634,"dur":1,"pid":1,"tid":4},
{"name":"ProviderMatrix /Biped/Rig/Joints/hips_bind/spine_0_bind/spine_1_bind/spine_2_bind/spine_3_bind/spine_4_bind/spine_5_bind/chest_bind/clavicle_r_bind/shoulder_r_bind/elbow_r_bind/wristTwist_r_bind/wristSwing_r_driver final","cat":"step","ph":"X","ts":247709,"dur":1,"pid":1,"tid":9},
{"name":"ProviderMatrix /Biped/Rig/Joints/hips_bind/spine_0_bind/spine_1_bind/spine_2_bind/spine_3_bind/spine_4_bind/spine_5_bind/chest_bind/clavicle_r_bind/shoulder_r_bind/elbow_r_bind/wrist_r_bind/index_001_r_bind final","cat":"step","ph":"X","ts":247686,"dur":1,"pid":1,"tid":9},
{"name":"ProviderMatrix /Biped/Rig/Joints/hips_bind/spine_0_bind/spine_1_bind/spine_2_bind/spine_3_bind/spine_4_bind/spine_5_bind/chest_bind/clavicle_r_bind/shoulder_r_bind/elbow_r_bind/wrist_r_bind/index_001_r_bind/index_002_r_bind/index_003_r_bind/index_004_r_bind final","cat":"step","ph":"X","ts":247687,"dur":1,"pid":1,"tid":9},
{"name":"ProviderMatrix /Biped/Rig/Joints/hips_bind/spine_0_bind/spine_1_bind/spine_2_bind/spine_3_bind/spine_4_bind/spine_5_bind/chest_bind/clavicle_r_bind/shoulder_r_bind/elbow_r_bind/wrist_r_bind/middle_001_r_bind/middle_002_r_bind/middle_003_r_bind final","cat":"step","ph":"X","ts":247688,"dur":1,"pid":1,"tid":9},
{"name":"ProviderMatrix /Biped/Rig/Joints/hips_bind/spine_0_bind/spine_1_bind/spine_2_bind/spine_3_bind/spine_4_bind/spine_5_bind/chest_bind/clavicle_r_bind/shoulder_r_bind/elbow_r_bind/wrist_r_bind/pinkyCup_r_bind/pinky_001_r_bind/pinky_002_combo_r_driver final","cat":"step","ph":"X","ts":247710,"dur":1,"pid":1,"tid":9},
{"name":"ProviderMatrix /Biped/Rig/Joints/hips_bind/spine_0_bind/spine_1_bind/spine_2_bind/spine_3_bind/spine_4_bind/spine_5_bind/chest_bind/clavicle_r_bind/shoulder_r_bind/elbow_r_bind/wrist_r_bind/pinkyCup_r_bind/pinky_001_r_bind/pinky_002_r_bind/pinky_003_r_bind/pinky_004_r_bind/pinky_005_r_bind final","cat":"step","ph":"X","ts":247711,"dur":1,"pid":1,"tid":9},
{"name":"ProviderMatrix /Biped/Rig/Joints/hips_bind/spine_0_bind/spine_1_bind/spine_2_bind/spine_3_bind/spine_4_bind/spine_5_bind/chest_bind/clavicle_r_bind/shoulder_r_bind/elbow_r_bind/wrist_r_bind/ring_001_r_bind final","cat":"step","ph":"X","ts":247689,"dur":1,"pid":1,"tid":9},
{"name":"ProviderMatrix /Biped/Rig/Joints/hips_bind/spine_0_bind/spine_1_bind/spine_2_bind/spine_3_bind/spine_4_bind/spine_5_bind/chest_bind/clavicle_r_bind/shoulder_r_bind/elbow_r_bind/wrist_r_bind/ring_001_r_bind/ring_002_r_bind/ring_003_r_bind/ring_004_r_bind final","cat":"step","ph":"X","ts":247690,"dur":1,"pid":1,"tid":9},
{"name":"ProviderMatrix /Biped/Rig/Joints/hips_bind/spine_0_bind/spine_1_bind/spine_2_bind/spine_3_bind/spine_4_bind/spine_5_bind/chest_bind/clavicle_r_bind/shoulder_r_bind/elbow_r_bind/wrist_r_bind/thumbCup_r_bind/thumb_001_r_bind/thumb_002_r_bind final","cat":"step","ph":"X","ts":247691,"dur":1,"pid":1,"tid":9},
{"name":"ProviderMatrix /Biped/Rig/Joints/hips_bind/spine_0_bind/spine_1_bind/spine_2_bind/spine_3_bind/spine_4_bind/spine_5_bind/chest_bind/neck_base_bind final","cat":"step","ph":"X","ts":248050,"dur":1,"pid":1,"tid":11},
{"name":"ProviderMatrix /Biped/Rig/Joints/hips_bind/spine_0_bind/spine_1_bind/spine_2_bind/spine_3_bind/spine_4_bind/spine_5_bind/chest_bind/neck_base_bind/neck_0_bind/neck_1_bind/neck_2_bind/neck_3_bind/skull_bind/face_lower_bind/face_mid_bind/nose_bridge_bind final","cat":"step","ph":"X","ts":249523,"dur":1,"pid":1,"tid":14},
{"name":"ProviderMatrix /Biped/Rig/Joints/hips_bind/spine_0_bind/spine_1_bind/spine_2_bind/spine_3_bind/spine_4_bind/spine_5_bind/chest_bind/neck_base_bind/neck_0_bind/neck_1_bind/neck_2_bind/neck_3_bind/skull_bind/face_lower_bind/jaw_bind/tongue_0_bind final","cat":"step","ph":"X","ts":249524,"dur":1,"pid":1,"tid":14},
{"name":"ProviderMatrix /Biped/Rig/Joints/hips_bind/spine_0_bind/spine_1_bind/spine_2_bind/spine_3_bind/spine_4_bind/spine_5_bind/chest_bind/neck_base_bind/neck_0_bind/neck_1_bind/neck_2_bind/neck_3_bind/skull_bind/face_upper_bind/head_tip_bind/brow_peak_l_bind final","cat":"step","ph":"X","ts":249526,"dur":1,"pid":1,"tid":14},
{"name":"ProviderMatrix /Biped/Rig/Joints/neck_ik_neck_0_bind final","cat":"step","ph":"X","ts":247731,"dur":1,"pid":1,"tid":9},
{"name":"ProviderMatrix /Biped/Rig/Joints/neck_ik_neck_0_bind/neck_ik_neck_1_bind/neck_ik_neck_2_bind/neck_ik_neck_3_bind/neck_ik_skull_bind final","cat":"step","ph":"X","ts":247732,"dur":1,"pid":1,"tid":9},
{"name":"ProviderMatrix /Biped/Rig/Joints/pupilCenter_l_pivot final","cat":"step","ph":"X","ts":247365,"dur":1,"pid":1,"tid":0},
{"name":"ProviderMatrix /Biped/Rig/Joints/spine_ik_spine_0_bind/spine_ik_spine_1_bind final","cat":"step","ph":"X","ts":247514,"dur":1,"pid":1,"tid":6},
{"name":"ProviderMatrix /Biped/Rig/Joints/spine_ik_spine_0_bind/spine_ik_spine_1_bind/spine_ik_spine_2_bind/spine_ik_spine_3_bind/spine_ik_spine_4_bind final","cat":"step","ph":"X","ts":247515,"dur":1,"pid":1,"tid":6},
{"name":"PoseInterpolator /Biped/Rig/PoseInterpolators/ankleSwing_l_driver","cat":"step","ph":"X","ts":247878,"dur":3,"pid":1,"tid":10},
{"name":"PoseInterpolator /Biped/Rig/PoseInterpolators/ankleSwing_r_driver","cat":"step","ph":"X","ts":247898,"dur":4,"pid":1,"tid":11},
{"name":"PoseInterpolator /Biped/Rig/PoseInterpolators/elbow_l_driver","cat":"step","ph":"X","ts":247635,"dur":2,"pid":1,"tid":4},
{"name":"PoseInterpolator /Biped/Rig/PoseInterpolators/elbow_r_driver","cat":"step","ph":"X","ts":247673,"dur":3,"pid":1,"tid":9},
{"name":"PoseInterpolator /Biped/Rig/PoseInterpolators/index_002_l","cat":"step","ph":"X","ts":247595,"dur":3,"pid":1,"tid":2},
{"name":"PoseInterpolator /Biped/Rig/PoseInterpolators/index_002_r","cat":"step","ph":"X","ts":247637,"dur":2,"pid":1,"tid":4},
{"name":"PoseInterpolator /Biped/Rig/PoseInterpolators/knee_l_driver","cat":"step","ph":"X","ts":247805,"dur":2,"pid":1,"tid":11},
{"name":"PoseInterpolator /Biped/Rig/PoseInterpolators/knee_r_driver","cat":"step","ph":"X","ts":247826,"dur":3,"pid":1,"tid":4},
{"name":"PoseInterpolator /Biped/Rig/PoseInterpolators/middle_002_l","cat":"step","ph":"X","ts":247598,"dur":2,"pid":1,"tid":2},
{"name":"PoseInterpolator /Biped/Rig/PoseInterpolators/middle_002_r","cat":"step","ph":"X","ts":247639,"dur":1,"pid":1,"tid":4},
{"name":"PoseInterpolator /Biped/Rig/PoseInterpolators/neckTwist","cat":"step","ph":"X","ts":248075,"dur":1,"pid":1,"tid":0},
{"name":"PoseInterpolator /Biped/Rig/PoseInterpolators/neck","cat":"step","ph":"X","ts":248076,"dur":2,"pid":1,"tid":0},
{"name":"PoseInterpolator /Biped/Rig/PoseInterpolators/pinky_002_l","cat":"step","ph":"X","ts":247600,"dur":2,"pid":1,"tid":2},
{"name":"PoseInterpolator /Biped/Rig/PoseInterpolators/pinky_002_r","cat":"step","ph":"X","ts":247640,"dur":1,"pid":1,"tid":4},
{"name":"PoseInterpolator /Biped/Rig/PoseInterpolators/ring_002_l","cat":"step","ph":"X","ts":247602,"dur":1,"pid":1,"tid":2},
{"name":"PoseInterpolator /Biped/Rig/PoseInterpolators/ring_002_r","cat":"step","ph":"X","ts":247641,"dur":1,"pid":1,"tid":4},
{"name":"PoseInterpolator /Biped/Rig/PoseInterpolators/shoulder_l_driver","cat":"step","ph":"X","ts":248104,"dur":3,"pid":1,"tid":2},
{"name":"PoseInterpolator /Biped/Rig/PoseInterpolators/shoulder_l_twist_driver","cat":"step","ph":"X","ts":248130,"dur":3,"pid":1,"tid":14},
{"name":"PoseInterpolator /Biped/Rig/PoseInterpolators/shoulder_r_driver","cat":"step","ph":"X","ts":248107,"dur":1,"pid":1,"tid":2},
{"name":"PoseInterpolator /Biped/Rig/PoseInterpolators/shoulder_r_twist_driver","cat":"step","ph":"X","ts":248133,"dur":3,"pid":1,"tid":14},
{"name":"PoseInterpolator /Biped/Rig/PoseInterpolators/thigh_l_driver","cat":"step","ph":"X","ts":247909,"dur":3,"pid":1,"tid":11},
{"name":"PoseInterpolator /Biped/Rig/PoseInterpolators/thigh_r_driver","cat":"step","ph":"X","ts":247912,"dur":9,"pid":1,"tid":11},
{"name":"PoseInterpolator /Biped/Rig/PoseInterpolators/toe_l","cat":"step","ph":"X","ts":247829,"dur":2,"pid":1,"tid":4},
{"name":"PoseInterpolator /Biped/Rig/PoseInterpolators/toe_l_twist","cat":"step","ph":"X","ts":247831,"dur":1,"pid":1,"tid":4},
{"name":"PoseInterpolator /Biped/Rig/PoseInterpolators/toe_r","cat":"step","ph":"X","ts":247858,"dur":3,"pid":1,"tid":12},
{"name":"PoseInterpolator /Biped/Rig/PoseInterpolators/toe_r_twist","cat":"step","ph":"X","ts":247861,"dur":1,"pid":1,"tid":12},
{"name":"PoseInterpolator /Biped/Rig/PoseInterpolators/torso","cat":"step","ph":"X","ts":247400,"dur":6,"pid":1,"tid":0},
{"name":"PoseInterpolator /Biped/Rig/PoseInterpolators/wristSwing_l_driver","cat":"step","ph":"X","ts":247692,"dur":3,"pid":1,"tid":9},
{"name":"PoseInterpolator /Biped/Rig/PoseInterpolators/wristSwing_r_driver","cat":"step","ph":"X","ts":247712,"dur":12,"pid":1,"tid":9},
{"name":"RevisionStatic /Biped/Rig/Movers/shapes_body_geo/body_geo_shapes","cat":"step","ph":"X","ts":248143,"dur":917,"pid":1,"tid":14},
{"name":"RevisionChunk /Biped/Rig/Movers/shapes_body_geo/body_geo_shapes","cat":"step","ph":"X","ts":249073,"dur":423,"pid":1,"tid":14},
{"name":"RevisionFuse /Biped/Rig/Movers/shapes_body_geo/body_geo_shapes","cat":"step","ph":"X","ts":249505,"dur":10,"pid":1,"tid":14},
{"name":"InfluenceFold /Biped/Rig/Movers/skin_body_geo/body_geo_skin","cat":"step","ph":"X","ts":249527,"dur":41,"pid":1,"tid":14},
{"name":"RevisionChunk /Biped/Rig/Movers/skin_body_geo/body_geo_skin","cat":"step","ph":"X","ts":249568,"dur":2242,"pid":1,"tid":14},
{"name":"RevisionFuse /Biped/Rig/Movers/skin_body_geo/body_geo_skin","cat":"step","ph":"X","ts":251811,"dur":11,"pid":1,"tid":14},
{"name":"ChainStatus /Biped/Geom/body_geo.points","cat":"step","ph":"X","ts":251822,"dur":75,"pid":1,"tid":14},
{"name":"Derived /Biped/Geom/body_geo.extent","cat":"step","ph":"X","ts":251897,"dur":822,"pid":1,"tid":14},
{"name":"cluster 0","cat":"cluster","ph":"X","ts":247286,"dur":20,"pid":1,"tid":0,"args":{"level":"1","steps":"21","waitUs":"27"}},
{"name":"cluster 1","cat":"cluster","ph":"X","ts":247306,"dur":60,"pid":1,"tid":0,"args":{"level":"2","steps":"30","waitUs":"0"}},
{"name":"cluster 2","cat":"cluster","ph":"X","ts":247370,"dur":17,"pid":1,"tid":3,"args":{"level":"3","steps":"21","waitUs":"4"}},
{"name":"cluster 3","cat":"cluster","ph":"X","ts":247406,"dur":22,"pid":1,"tid":0,"args":{"level":"4","steps":"22","waitUs":"0"}},
{"name":"cluster 4","cat":"cluster","ph":"X","ts":247435,"dur":21,"pid":1,"tid":4,"args":{"level":"5","steps":"17","waitUs":"7"}},
{"name":"cluster 5","cat":"cluster","ph":"X","ts":247461,"dur":13,"pid":1,"tid":5,"args":{"level":"6","steps":"20","waitUs":"5"}},
{"name":"cluster 6","cat":"cluster","ph":"X","ts":247490,"dur":13,"pid":1,"tid":6,"args":{"level":"7","steps":"16","waitUs":"7"}},
{"name":"cluster 7","cat":"cluster","ph":"X","ts":247506,"dur":18,"pid":1,"tid":7,"args":{"level":"8","steps":"14","waitUs":"3"}},
{"name":"cluster 8","cat":"cluster","ph":"X","ts":247367,"dur":39,"pid":1,"tid":0,"args":{"level":"3","steps":"15","waitUs":"1"}},
{"name":"cluster 9","cat":"cluster","ph":"X","ts":247527,"dur":33,"pid":1,"tid":2,"args":{"level":"9","steps":"15","waitUs":"3"}},
{"name":"cluster 10","cat":"cluster","ph":"X","ts":247578,"dur":18,"pid":1,"tid":0,"args":{"level":"10","steps":"18","waitUs":"18"}},
{"name":"cluster 11","cat":"cluster","ph":"X","ts":247596,"dur":9,"pid":1,"tid":0,"args":{"level":"11","steps":"13","waitUs":"0"}},
{"name":"cluster 12","cat":"cluster","ph":"X","ts":247457,"dur":26,"pid":1,"tid":4,"args":{"level":"6","steps":"8","waitUs":"0"}},
{"name":"cluster 13","cat":"cluster","ph":"X","ts":247651,"dur":20,"pid":1,"tid":8,"args":{"level":"12","steps":"12","waitUs":"2"}},
{"name":"cluster 14","cat":"cluster","ph":"X","ts":247483,"dur":15,"pid":1,"tid":4,"args":{"level":"7","steps":"6","waitUs":"0"}},
{"name":"cluster 15","cat":"cluster","ph":"X","ts":247671,"dur":12,"pid":1,"tid":8,"args":{"level":"13","steps":"6","waitUs":"0"}},
{"name":"cluster 16","cat":"cluster","ph":"X","ts":247279,"dur":5,"pid":1,"tid":0,"args":{"level":"1","steps":"3","waitUs":"20"}},
{"name":"cluster 17","cat":"cluster","ph":"X","ts":247428,"dur":16,"pid":1,"tid":0,"args":{"level":"5","steps":"7","waitUs":"0"}},
{"name":"cluster 18","cat":"cluster","ph":"X","ts":247695,"dur":29,"pid":1,"tid":9,"args":{"level":"14","steps":"16","waitUs":"0"}},
{"name":"cluster 19","cat":"cluster","ph":"X","ts":247444,"dur":17,"pid":1,"tid":0,"args":{"level":"6","steps":"1","waitUs":"0"}},
{"name":"cluster 20","cat":"cluster","ph":"X","ts":247592,"dur":16,"pid":1,"tid":7,"args":{"level":"10","steps":"3","waitUs":"31"}},
{"name":"cluster 21","cat":"cluster","ph":"X","ts":247608,"dur":5,"pid":1,"tid":7,"args":{"level":"11","steps":"3","waitUs":"0"}},
{"name":"cluster 22","cat":"cluster","ph":"X","ts":247595,"dur":7,"pid":1,"tid":3,"args":{"level":"10","steps":"3","waitUs":"18"}},
{"name":"cluster 23","cat":"cluster","ph":"X","ts":247624,"dur":25,"pid":1,"tid":9,"args":{"level":"11","steps":"7","waitUs":"4"}},
{"name":"cluster 24","cat":"cluster","ph":"X","ts":247527,"dur":23,"pid":1,"tid":3,"args":{"level":"9","steps":"3","waitUs":"3"}},
{"name":"cluster 25","cat":"cluster","ph":"X","ts":247551,"dur":8,"pid":1,"tid":3,"args":{"level":"10","steps":"3","waitUs":"0"}},
{"name":"cluster 26","cat":"cluster","ph":"X","ts":247531,"dur":8,"pid":1,"tid":10,"args":{"level":"9","steps":"2","waitUs":"7"}},
{"name":"cluster 27","cat":"cluster","ph":"X","ts":247725,"dur":8,"pid":1,"tid":9,"args":{"level":"15","steps":"10","waitUs":"0"}},
{"name":"cluster 28","cat":"cluster","ph":"X","ts":247733,"dur":9,"pid":1,"tid":9,"args":{"level":"16","steps":"4","waitUs":"0"}},
{"name":"cluster 29","cat":"cluster","ph":"X","ts":247742,"dur":15,"pid":1,"tid":9,"args":{"level":"17","steps":"6","waitUs":"0"}},
{"name":"cluster 30","cat":"cluster","ph":"X","ts":247767,"dur":24,"pid":1,"tid":11,"args":{"level":"18","steps":"5","waitUs":"9"}},
{"name":"cluster 31","cat":"cluster","ph":"X","ts":247793,"dur":24,"pid":1,"tid":4,"args":{"level":"19","steps":"5","waitUs":"2"}},
{"name":"cluster 32","cat":"cluster","ph":"X","ts":247504,"dur":12,"pid":1,"tid":6,"args":{"level":"8","steps":"8","waitUs":"0"}},
{"name":"cluster 33","cat":"cluster","ph":"X","ts":247595,"dur":25,"pid":1,"tid":4,"args":{"level":"10","steps":"4","waitUs":"17"}},
{"name":"cluster 34","cat":"cluster","ph":"X","ts":247820,"dur":21,"pid":1,"tid":12,"args":{"level":"20","steps":"3","waitUs":"3"}},
{"name":"cluster 35","cat":"cluster","ph":"X","ts":247845,"dur":20,"pid":1,"tid":10,"args":{"level":"21","steps":"3","waitUs":"4"}},
{"name":"cluster 36","cat":"cluster","ph":"X","ts":247872,"dur":17,"pid":1,"tid":13,"args":{"level":"22","steps":"3","waitUs":"7"}},
{"name":"cluster 37","cat":"cluster","ph":"X","ts":247889,"dur":12,"pid":1,"tid":13,"args":{"level":"23","steps":"2","waitUs":"0"}},
{"name":"cluster 38","cat":"cluster","ph":"X","ts":247902,"dur":10,"pid":1,"tid":13,"args":{"level":"24","steps":"2","waitUs":"0"}},
{"name":"cluster 39","cat":"cluster","ph":"X","ts":247921,"dur":13,"pid":1,"tid":11,"args":{"level":"25","steps":"3","waitUs":"0"}},
{"name":"cluster 40","cat":"cluster","ph":"X","ts":247934,"dur":9,"pid":1,"tid":11,"args":{"level":"26","steps":"2","waitUs":"0"}},
{"name":"cluster 41","cat":"cluster","ph":"X","ts":247943,"dur":10,"pid":1,"tid":11,"args":{"level":"27","steps":"1","waitUs":"0"}},
{"name":"cluster 42","cat":"cluster","ph":"X","ts":247953,"dur":9,"pid":1,"tid":11,"args":{"level":"28","steps":"2","waitUs":"0"}},
{"name":"cluster 43","cat":"cluster","ph":"X","ts":247962,"dur":10,"pid":1,"tid":11,"args":{"level":"29","steps":"1","waitUs":"0"}},
{"name":"cluster 44","cat":"cluster","ph":"X","ts":247972,"dur":9,"pid":1,"tid":11,"args":{"level":"30","steps":"2","waitUs":"0"}},
{"name":"cluster 45","cat":"cluster","ph":"X","ts":247981,"dur":13,"pid":1,"tid":11,"args":{"level":"31","steps":"1","waitUs":"0"}},
{"name":"cluster 46","cat":"cluster","ph":"X","ts":247994,"dur":9,"pid":1,"tid":11,"args":{"level":"32","steps":"2","waitUs":"0"}},
{"name":"cluster 47","cat":"cluster","ph":"X","ts":248003,"dur":9,"pid":1,"tid":11,"args":{"level":"33","steps":"1","waitUs":"0"}},
{"name":"cluster 48","cat":"cluster","ph":"X","ts":248012,"dur":11,"pid":1,"tid":11,"args":{"level":"34","steps":"1","waitUs":"0"}},
{"name":"cluster 49","cat":"cluster","ph":"X","ts":248023,"dur":13,"pid":1,"tid":11,"args":{"level":"35","steps":"4","waitUs":"0"}},
{"name":"cluster 50","cat":"cluster","ph":"X","ts":248036,"dur":15,"pid":1,"tid":11,"args":{"level":"36","steps":"4","waitUs":"0"}},
{"name":"cluster 51","cat":"cluster","ph":"X","ts":248058,"dur":10,"pid":1,"tid":0,"args":{"level":"37","steps":"3","waitUs":"7"}},
{"name":"cluster 52","cat":"cluster","ph":"X","ts":248070,"dur":15,"pid":1,"tid":2,"args":{"level":"38","steps":"3","waitUs":"2"}},
{"name":"cluster 53","cat":"cluster","ph":"X","ts":248085,"dur":15,"pid":1,"tid":2,"args":{"level":"39","steps":"7","waitUs":"0"}},
{"name":"cluster 54","cat":"cluster","ph":"X","ts":248101,"dur":20,"pid":1,"tid":14,"args":{"level":"40","steps":"2","waitUs":"1"}},
{"name":"cluster 55","cat":"cluster","ph":"X","ts":248121,"dur":15,"pid":1,"tid":14,"args":{"level":"41","steps":"5","waitUs":"0"}},
{"name":"cluster 56","cat":"cluster","ph":"X","ts":248136,"dur":924,"pid":1,"tid":14,"args":{"level":"42","steps":"3","waitUs":"0"}},
{"name":"cluster 57","cat":"cluster","ph":"X","ts":249060,"dur":436,"pid":1,"tid":14,"args":{"level":"43","steps":"2","waitUs":"0"}},
{"name":"cluster 58","cat":"cluster","ph":"X","ts":249496,"dur":19,"pid":1,"tid":14,"args":{"level":"44","steps":"3","waitUs":"0"}},
{"name":"cluster 59","cat":"cluster","ph":"X","ts":249515,"dur":12,"pid":1,"tid":14,"args":{"level":"46","steps":"28","waitUs":"0"}},
{"name":"cluster 60","cat":"cluster","ph":"X","ts":247525,"dur":28,"pid":1,"tid":7,"args":{"level":"9","steps":"7","waitUs":"0"}},
{"name":"cluster 61","cat":"cluster","ph":"X","ts":247820,"dur":7,"pid":1,"tid":5,"args":{"level":"20","steps":"2","waitUs":"3"}},
{"name":"cluster 62","cat":"cluster","ph":"X","ts":247620,"dur":22,"pid":1,"tid":4,"args":{"level":"11","steps":"12","waitUs":"0"}},
{"name":"cluster 63","cat":"cluster","ph":"X","ts":247845,"dur":13,"pid":1,"tid":15,"args":{"level":"21","steps":"3","waitUs":"4"}},
{"name":"cluster 64","cat":"cluster","ph":"X","ts":248058,"dur":7,"pid":1,"tid":11,"args":{"level":"37","steps":"8","waitUs":"7"}},
{"name":"cluster 65","cat":"cluster","ph":"X","ts":247762,"dur":12,"pid":1,"tid":9,"args":{"level":"18","steps":"7","waitUs":"4"}},
{"name":"cluster 66","cat":"cluster","ph":"X","ts":247874,"dur":15,"pid":1,"tid":11,"args":{"level":"22","steps":"2","waitUs":"9"}},
{"name":"cluster 67","cat":"cluster","ph":"X","ts":248069,"dur":9,"pid":1,"tid":0,"args":{"level":"38","steps":"5","waitUs":"1"}},
{"name":"cluster 68","cat":"cluster","ph":"X","ts":247889,"dur":13,"pid":1,"tid":11,"args":{"level":"23","steps":"8","waitUs":"0"}},
{"name":"cluster 69","cat":"cluster","ph":"X","ts":247902,"dur":19,"pid":1,"tid":11,"args":{"level":"24","steps":"6","waitUs":"0"}},
{"name":"cluster 70","cat":"cluster","ph":"X","ts":247866,"dur":15,"pid":1,"tid":10,"args":{"level":"22","steps":"7","waitUs":"0"}},
{"name":"cluster 71","cat":"cluster","ph":"X","ts":247842,"dur":20,"pid":1,"tid":12,"args":{"level":"21","steps":"12","waitUs":"1"}},
{"name":"cluster 72","cat":"cluster","ph":"X","ts":247817,"dur":15,"pid":1,"tid":4,"args":{"level":"20","steps":"29","waitUs":"0"}},
{"name":"cluster 73","cat":"cluster","ph":"X","ts":247791,"dur":16,"pid":1,"tid":11,"args":{"level":"19","steps":"28","waitUs":"0"}},
{"name":"cluster 74","cat":"cluster","ph":"X","ts":247650,"dur":26,"pid":1,"tid":9,"args":{"level":"12","steps":"31","waitUs":"0"}},
{"name":"cluster 75","cat":"cluster","ph":"X","ts":248100,"dur":8,"pid":1,"tid":2,"args":{"level":"40","steps":"6","waitUs":"0"}},
{"name":"cluster 76","cat":"cluster","ph":"X","ts":247676,"dur":19,"pid":1,"tid":9,"args":{"level":"13","steps":"37","waitUs":"0"}},
{"name":"cluster 77","cat":"cluster","ph":"X","ts":247578,"dur":26,"pid":1,"tid":2,"args":{"level":"10","steps":"12","waitUs":"0"}},
{"name":"cluster 78","cat":"cluster","ph":"X","ts":249527,"dur":41,"pid":1,"tid":14,"args":{"level":"47","steps":"1","waitUs":"0"}},
{"name":"cluster 79","cat":"cluster","ph":"X","ts":249568,"dur":2242,"pid":1,"tid":14,"args":{"level":"48","steps":"1","waitUs":"0"}},
{"name":"cluster 80","cat":"cluster","ph":"X","ts":251811,"dur":11,"pid":1,"tid":14,"args":{"level":"49","steps":"1","waitUs":"0"}},
{"name":"cluster 81","cat":"cluster","ph":"X","ts":251822,"dur":897,"pid":1,"tid":14,"args":{"level":"51","steps":"2","waitUs":"0"}},
{"name":"BakedPublish","cat":"baked","ph":"X","ts":252952,"dur":74,"pid":1,"tid":0},
{"name":"BakedEpilogue","cat":"baked","ph":"X","ts":252741,"dur":329,"pid":1,"tid":0},
{"name":"Baked","cat":"baked","ph":"X","ts":241043,"dur":12028,"pid":1,"tid":0},
{"name":"Evaluate@1","cat":"evaluate","ph":"X","ts":241038,"dur":12034,"pid":1,"tid":0},
{"name":"PropertyChain /Biped/Rig/Movers/ballRoll_l_down_rc/ballRoll_l_down_rotation.inputs:defaultWeight","cat":"property","ph":"X","ts":253676,"dur":56,"pid":1,"tid":0},
{"name":"PropertyChain /Biped/Rig/Movers/ballRoll_l_up_rc/ballRoll_l_up_rotation.inputs:defaultWeight","cat":"property","ph":"X","ts":253733,"dur":13,"pid":1,"tid":0},
{"name":"PropertyChain /Biped/Rig/Movers/ballRoll_r_down_rc/ballRoll_r_down_rotation.inputs:defaultWeight","cat":"property","ph":"X","ts":253748,"dur":29,"pid":1,"tid":0},
{"name":"PropertyChain /Biped/Rig/Movers/ballRoll_r_up_rc/ballRoll_r_up_rotation.inputs:defaultWeight","cat":"property","ph":"X","ts":253778,"dur":16,"pid":1,"tid":0},
{"name":"PropertyChain /Biped/Rig/Movers/bankIn_l_pivot_rc/bankIn_l_pivot_rotation.inputs:defaultWeight","cat":"property","ph":"X","ts":253795,"dur":9,"pid":1,"tid":0},
{"name":"PropertyChain /Biped/Rig/Movers/bankIn_r_pivot_rc/bankIn_r_pivot_rotation.inputs:defaultWeight","cat":"property","ph":"X","ts":253805,"dur":9,"pid":1,"tid":0},
{"name":"PropertyChain /Biped/Rig/Movers/bankOut_l_pivot_rc/bankOut_l_pivot_rotation.inputs:defaultWeight","cat":"property","ph":"X","ts":253815,"dur":7,"pid":1,"tid":0},
{"name":"PropertyChain /Biped/Rig/Movers/bankOut_r_pivot_rc/bankOut_r_pivot_rotation.inputs:defaultWeight","cat":"property","ph":"X","ts":253823,"dur":8,"pid":1,"tid":0},
{"name":"PropertyChain /Biped/Rig/Movers/heel_l_roll_rc/heel_l_roll_rotation.inputs:defaultWeight","cat":"property","ph":"X","ts":253831,"dur":8,"pid":1,"tid":0},
{"name":"PropertyChain /Biped/Rig/Movers/heel_r_roll_rc/heel_r_roll_rotation.inputs:defaultWeight","cat":"property","ph":"X","ts":253839,"dur":9,"pid":1,"tid":0},
{"name":"PropertyChain /Biped/Rig/Movers/toe_l_roll_rc/toe_l_roll_rotation.inputs:defaultWeight","cat":"property","ph":"X","ts":253848,"dur":14,"pid":1,"tid":0},
{"name":"PropertyChain /Biped/Rig/Movers/toe_r_roll_rc/toe_r_roll_rotation.inputs:defaultWeight","cat":"property","ph":"X","ts":253863,"dur":15,"pid":1,"tid":0},
{"name":"PropertyChains","cat":"property","ph":"X","ts":253675,"dur":205,"pid":1,"tid":0},
{"name":"BakedInputs","cat":"baked","ph":"X","ts":253880,"dur":10,"pid":1,"tid":0},
{"name":"BakedChainBase","cat":"geometry","ph":"X","ts":254226,"dur":30,"pid":1,"tid":0},
{"name":"BakedPrologue","cat":"baked","ph":"X","ts":253670,"dur":587,"pid":1,"tid":0},
{"name":"BakedRegion","cat":"baked","ph":"X","ts":254257,"dur":5091,"pid":1,"tid":0},
{"name":"ComposeSubtree /Biped/Rig/Controls/arm_l_ik","cat":"step","ph":"X","ts":254371,"dur":3,"pid":1,"tid":0},
{"name":"ComposeSubtree /Biped/Rig/Controls/arm_l_pv","cat":"step","ph":"X","ts":254374,"dur":1,"pid":1,"tid":0},
{"name":"ComposeSubtree /Biped/Rig/Controls/hips_ctl","cat":"step","ph":"X","ts":254375,"dur":2,"pid":1,"tid":0},
{"name":"ComposeSubtree /Biped/Rig/Controls/hips_ctl/spine_root_pivot/spine_root_ctl/pelvis_l_ctl/leg_l_root/leg_l_fk_thigh_l_bind/leg_l_fk_knee_l_bind","cat":"step","ph":"X","ts":254436,"dur":1,"pid":1,"tid":0},
{"name":"ComposeSubtree /Biped/Rig/Controls/hips_ctl/spine_root_pivot/spine_root_ctl/pelvis_r_ctl","cat":"step","ph":"X","ts":254427,"dur":1,"pid":1,"tid":0},
{"name":"ComposeSubtree /Biped/Rig/Controls/hips_ctl/spine_root_pivot/spine_root_ctl/pelvis_r_ctl/leg_r_root/leg_r_fk_thigh_r_bind/leg_r_fk_knee_r_bind","cat":"step","ph":"X","ts":254456,"dur":2,"pid":1,"tid":2},
{"name":"ComposeSubtree /Biped/Rig/Controls/hips_ctl/torso_ctl","cat":"step","ph":"X","ts":254387,"dur":1,"pid":1,"tid":0},
{"name":"ComposeSubtree /Biped/Rig/Controls/hips_ctl/torso_ctl/spine_end_pivot/spine_end_ctl/clavicle_l_ctl/arm_l_root/arm_l_fk_shoulder_l_bind/arm_l_fk_elbow_l_bind","cat":"step","ph":"X","ts":254458,"dur":1,"pid":1,"tid":2},
{"name":"ComposeSubtree /Biped/Rig/Controls/hips_ctl/torso_ctl/spine_end_pivot/spine_end_ctl/clavicle_r_ctl","cat":"step","ph":"X","ts":254437,"dur":1,"pid":1,"tid":0},
{"name":"ComposeSubtree /Biped/Rig/Controls/hips_ctl/torso_ctl/spine_end_pivot/spine_end_ctl/clavicle_r_ctl/arm_r_root/arm_r_fk_shoulder_r_bind/arm_r_fk_elbow_r_bind","cat":"step","ph":"X","ts":254478,"dur":9,"pid":1,"tid":10},
{"name":"ComposeSubtree /Biped/Rig/Controls/hips_ctl/torso_ctl/spine_end_pivot/spine_end_ctl/neck_root_ctl/neck_end_pivot","cat":"step","ph":"X","ts":254459,"dur":1,"pid":1,"tid":2},
{"name":"ComposeSubtree /Biped/Rig/Controls/index_001_l_bind_fk_follow","cat":"step","ph":"X","ts":254377,"dur":1,"pid":1,"tid":0},
{"name":"ComposeSubtree /Biped/Rig/Controls/index_001_l_bind_fk_follow/index_001_l_bind_fk/index_002_l_bind_fk/index_003_l_bind_fk","cat":"step","ph":"X","ts":254428,"dur":1,"pid":1,"tid":0},
{"name":"ComposeSubtree /Biped/Rig/Controls/leg_l_ik/ankle_l_pivot/bankIn_l_pivot/bankOut_l_pivot/heel_l_roll","cat":"step","ph":"X","ts":254429,"dur":1,"pid":1,"tid":0},
{"name":"ComposeSubtree /Biped/Rig/Controls/leg_l_ik/ankle_l_pivot/bankIn_l_pivot/bankOut_l_pivot/heel_l_roll/heel_l/ball_l_pivot","cat":"step","ph":"X","ts":254438,"dur":1,"pid":1,"tid":0},
{"name":"ComposeSubtree /Biped/Rig/Controls/leg_l_ik/ankle_l_pivot/bankIn_l_pivot/bankOut_l_pivot/heel_l_roll/heel_l/ball_l_pivot/toe_l_roll/toe_l/ballRoll_l_up/ballRoll_l_down","cat":"step","ph":"X","ts":254488,"dur":2,"pid":1,"tid":10},
{"name":"ComposeSubtree /Biped/Rig/Controls/leg_l_ik/ankle_l_pivot/bankIn_l_pivot/bankOut_l_pivot/heel_l_roll/heel_l/ball_l_pivot/toe_l_roll/toe_l/ballRoll_l_up/ballRoll_l_down/ballRoll_l/ankle_l_ikTarget","cat":"step","ph":"X","ts":254566,"dur":1,"pid":1,"tid":0},
{"name":"ComposeSubtree /Biped/Rig/Controls/leg_l_ik/ankle_l_pivot/bankIn_l_pivot/bankOut_l_pivot/heel_l_roll/heel_l/ball_l_pivot/toe_l_roll/toe_l/ballRoll_l_up/ballRoll_l_down_twin","cat":"step","ph":"X","ts":254491,"dur":5,"pid":1,"tid":10},
{"name":"ComposeSubtree /Biped/Rig/Controls/leg_l_ik/ankle_l_pivot/bankIn_l_pivot/bankOut_l_pivot/heel_l_roll/heel_l/ball_l_pivot/toe_l_roll/toe_l/toeBend_l","cat":"step","ph":"X","ts":254496,"dur":2,"pid":1,"tid":10},
{"name":"ComposeSubtree /Biped/Rig/Controls/leg_l_ik/ankle_l_pivot/bankIn_l_pivot/bankOut_l_pivot/heel_l_roll/heel_l/ball_l_pivot/toe_l_roll_twin","cat":"step","ph":"X","ts":254461,"dur":1,"pid":1,"tid":2},
{"name":"ComposeSubtree /Biped/Rig/Controls/leg_l_ik/ankle_l_pivot/bank_l","cat":"step","ph":"X","ts":254388,"dur":1,"pid":1,"tid":0},
{"name":"ComposeSubtree /Biped/Rig/Controls/leg_r_ik/ankle_r_pivot","cat":"step","ph":"X","ts":254389,"dur":1,"pid":1,"tid":0},
{"name":"ComposeSubtree /Biped/Rig/Controls/leg_r_ik/ankle_r_pivot/bankIn_r_pivot/bankOut_r_pivot","cat":"step","ph":"X","ts":254430,"dur":1,"pid":1,"tid":0},
{"name":"ComposeSubtree /Biped/Rig/Controls/leg_r_ik/ankle_r_pivot/bankIn_r_pivot/bankOut_r_pivot/heel_r_roll/heel_r/ball_r_pivot/toe_r_roll","cat":"step","ph":"X","ts":254462,"dur":1,"pid":1,"tid":2},
{"name":"ComposeSubtree /Biped/Rig/Controls/leg_r_ik/ankle_r_pivot/bankIn_r_pivot/bankOut_r_pivot/heel_r_roll/heel_r/ball_r_pivot/toe_r_roll/toe_r/ballRoll_r_up","cat":"step","ph":"X","ts":254498,"dur":3,"pid":1,"tid":10},
{"name":"ComposeSubtree /Biped/Rig/Controls/leg_r_ik/ankle_r_pivot/bankIn_r_pivot/bankOut_r_pivot/heel_r_roll/heel_r/ball_r_pivot/toe_r_roll/toe_r/ballRoll_r_up/ballRoll_r_down/ballRoll_r","cat":"step","ph":"X","ts":254567,"dur":1,"pid":1,"tid":0},
{"name":"ComposeSubtree /Biped/Rig/Controls/leg_r_ik/ankle_r_pivot/bankIn_r_pivot/bankOut_r_pivot/heel_r_roll/heel_r/ball_r_pivot/toe_r_roll/toe_r/ballRoll_r_up/ballRoll_r_down/ballRoll_r/ball_r_ikTarget","cat":"step","ph":"X","ts":254576,"dur":1,"pid":1,"tid":15},
{"name":"ComposeSubtree /Biped/Rig/Controls/leg_r_ik/ankle_r_pivot/bankIn_r_pivot/bankOut_r_pivot/heel_r_roll/heel_r/ball_r_pivot/toe_r_roll/toe_r/ballRoll_r_up_twin","cat":"step","ph":"X","ts":254501,"dur":3,"pid":1,"tid":10},
{"name":"ComposeSubtree /Biped/Rig/Controls/leg_r_ik/ankle_r_pivot/bank_r","cat":"step","ph":"X","ts":254431,"dur":1,"pid":1,"tid":0},
{"name":"ComposeSubtree /Biped/Rig/Controls/leg_r_pv","cat":"step","ph":"X","ts":254379,"dur":1,"pid":1,"tid":0},
{"name":"ComposeSubtree /Biped/Rig/Controls/middle_001_r_bind_fk_follow","cat":"step","ph":"X","ts":254380,"dur":1,"pid":1,"tid":0},
{"name":"ComposeSubtree /Biped/Rig/Controls/middle_001_r_bind_fk_follow/middle_001_r_bind_fk/middle_002_r_bind_fk/middle_003_r_bind_fk","cat":"step","ph":"X","ts":254432,"dur":1,"pid":1,"tid":0},
{"name":"ComposeSubtree /Biped/Rig/Controls/pinkyCup_l_bind_fk_follow/pinkyCup_l_bind_fk/pinky_001_l_bind_fk","cat":"step","ph":"X","ts":254390,"dur":1,"pid":1,"tid":0},
{"name":"ComposeSubtree /Biped/Rig/Controls/pinkyCup_r_bind_fk_follow","cat":"step","ph":"X","ts":254381,"dur":1,"pid":1,"tid":0},
{"name":"ComposeSubtree /Biped/Rig/Controls/ring_001_r_bind_fk_follow","cat":"step","ph":"X","ts":254382,"dur":1,"pid":1,"tid":0},
{"name":"ComposeSubtree /Biped/Rig/Controls/ring_001_r_bind_fk_follow/ring_001_r_bind_fk/ring_002_r_bind_fk","cat":"step","ph":"X","ts":254391,"dur":1,"pid":1,"tid":0},
{"name":"ComposeSubtree /Biped/Rig/Controls/thumbCup_l_bind_fk_follow/thumbCup_l_bind_fk/thumb_001_l_bind_fk/thumb_002_l_bind_fk","cat":"step","ph":"X","ts":254434,"dur":1,"pid":1,"tid":0},
{"name":"ComposeSubtree /Biped/Rig/Controls/thumbCup_r_bind_fk_follow","cat":"step","ph":"X","ts":254383,"dur":1,"pid":1,"tid":0},
{"name":"ComposeSubtree /Biped/Rig/Joints/ankle_l_pivot","cat":"step","ph":"X","ts":254384,"dur":1,"pid":1,"tid":0},
{"name":"ComposeSubtree /Biped/Rig/Joints/ankle_l_pivot/bankIn_l_pivot/bankOut_l_pivot/heel_l_pivot/ball_l_pivot/toe_l_pivot/ballRoll_l_pivot","cat":"step","ph":"X","ts":254439,"dur":1,"pid":1,"tid":0},
{"name":"ComposeSubtree /Biped/Rig/Joints/ankle_r_pivot/bankIn_r_pivot/bankOut_r_pivot","cat":"step","ph":"X","ts":254392,"dur":1,"pid":1,"tid":0},
{"name":"ComposeSubtree /Biped/Rig/Joints/ankle_r_pivot/bankIn_r_pivot/bankOut_r_pivot/heel_r_pivot/ball_r_pivot","cat":"step","ph":"X","ts":254435,"dur":1,"pid":1,"tid":0},
{"name":"ComposeSubtree /Biped/Rig/Joints/hips_bind","cat":"step","ph":"X","ts":254385,"dur":1,"pid":1,"tid":0},
{"name":"ComposeSubtree /Biped/Rig/Joints/hips_bind/pelvis_l_bind/thigh_l_bind","cat":"step","ph":"X","ts":254393,"dur":1,"pid":1,"tid":0},
{"name":"ComposeSubtree /Biped/Rig/Joints/hips_bind/pelvis_l_bind/thigh_l_bind/knee_l_bind/ankleTwist_l_driver","cat":"step","ph":"X","ts":254407,"dur":1,"pid":1,"tid":0},
{"name":"ComposeSubtree /Biped/Rig/Joints/hips_bind/pelvis_l_bind/thigh_l_bind/knee_l_bind/ankle_l_bind/ball_l_bind/toe1_001_l_bind/toe1_002_l_bind","cat":"step","ph":"X","ts":254463,"dur":1,"pid":1,"tid":2},
{"name":"ComposeSubtree /Biped/Rig/Joints/hips_bind/pelvis_l_bind/thigh_l_bind/knee_l_bind/ankle_l_bind/ball_l_bind/toe1_001_l_bind/toe1_002_l_bind/toe1_003_l_bind","cat":"step","ph":"X","ts":254504,"dur":3,"pid":1,"tid":10},
{"name":"ComposeSubtree /Biped/Rig/Joints/hips_bind/pelvis_l_bind/thigh_l_bind/knee_l_bind/ankle_l_bind/ball_l_bind/toe2_001_l_bind","cat":"step","ph":"X","ts":254464,"dur":1,"pid":1,"tid":2},
{"name":"ComposeSubtree /Biped/Rig/Joints/hips_bind/pelvis_l_bind/thigh_l_bind/knee_l_bind/ankle_l_bind/ball_l_bind/toe2_001_l_bind/toe2_002_l_bind/toe2_003_l_bind","cat":"step","ph":"X","ts":254507,"dur":2,"pid":1,"tid":10},
{"name":"ComposeSubtree /Biped/Rig/Joints/hips_bind/pelvis_l_bind/thigh_l_bind/knee_l_bind/ankle_l_bind/ball_l_bind/toe3_001_l_bind/toe3_002_l_bind/toe3_003_l_bind","cat":"step","ph":"X","ts":254510,"dur":2,"pid":1,"tid":10},
{"name":"ComposeSubtree /Biped/Rig/Joints/hips_bind/pelvis_l_bind/thigh_l_bind/knee_l_bind/ankle_l_bind/ball_l_bind/toe4_001_l_bind","cat":"step","ph":"X","ts":254465,"dur":1,"pid":1,"tid":2},
{"name":"ComposeSubtree /Biped/Rig/Joints/hips_bind/pelvis_l_bind/thigh_l_bind/knee_l_bind/ankle_l_bind/ball_l_bind/toe4_001_l_bind/toe4_002_l_bind/toe4_003_l_bind","cat":"step","ph":"X","ts":254512,"dur":2,"pid":1,"tid":10},
{"name":"ComposeSubtree /Biped/Rig/Joints/hips_bind/pelvis_l_bind/thigh_l_bind/knee_l_bind/ankle_l_bind/ball_l_bind/toe5_001_l_bind/toe5_002_l_bind/toe5_003_l_bind","cat":"step","ph":"X","ts":254514,"dur":3,"pid":1,"tid":10},
{"name":"ComposeSubtree /Biped/Rig/Joints/hips_bind/pelvis_l_bind/thigh_l_bind/knee_l_bind/ankle_l_bind/ball_l_bind/toe_l_bind","cat":"step","ph":"X","ts":254466,"dur":1,"pid":1,"tid":2},
{"name":"ComposeSubtree /Biped/Rig/Joints/hips_bind/pelvis_r_bind/pelvis_trans_r_bind","cat":"step","ph":"X","ts":254408,"dur":1,"pid":1,"tid":0},
{"name":"ComposeSubtree /Biped/Rig/Joints/hips_bind/pelvis_r_bind/thighNoTwist_r_bind","cat":"step","ph":"X","ts":254409,"dur":1,"pid":1,"tid":0},
{"name":"ComposeSubtree /Biped/Rig/Joints/hips_bind/pelvis_r_bind/thigh_r_bind/knee_r_bind/ankleTwist_r_driver","cat":"step","ph":"X","ts":254441,"dur":1,"pid":1,"tid":0},
{"name":"ComposeSubtree /Biped/Rig/Joints/hips_bind/pelvis_r_bind/thigh_r_bind/knee_r_bind/ankle_r_bind/ball_r_bind/toe1_001_r_bind/toe1_002_r_bind","cat":"step","ph":"X","ts":254517,"dur":2,"pid":1,"tid":10},
{"name":"ComposeSubtree /Biped/Rig/Joints/hips_bind/pelvis_r_bind/thigh_r_bind/knee_r_bind/ankle_r_bind/ball_r_bind/toe1_001_r_bind/toe1_002_r_bind/toe1_003_r_bind","cat":"step","ph":"X","ts":254568,"dur":1,"pid":1,"tid":0},
{"name":"ComposeSubtree /Biped/Rig/Joints/hips_bind/pelvis_r_bind/thigh_r_bind/knee_r_bind/ankle_r_bind/ball_r_bind/toe2_001_r_bind","cat":"step","ph":"X","ts":254519,"dur":2,"pid":1,"tid":10},
{"name":"ComposeSubtree /Biped/Rig/Joints/hips_bind/pelvis_r_bind/thigh_r_bind/knee_r_bind/ankle_r_bind/ball_r_bind/toe3_001_r_bind","cat":"step","ph":"X","ts":254521,"dur":3,"pid":1,"tid":10},
{"name":"ComposeSubtree /Biped/Rig/Joints/hips_bind/pelvis_r_bind/thigh_r_bind/knee_r_bind/ankle_r_bind/ball_r_bind/toe3_001_r_bind/toe3_002_r_bind/toe3_003_r_bind","cat":"step","ph":"X","ts":254569,"dur":1,"pid":1,"tid":0},
{"name":"ComposeSubtree /Biped/Rig/Joints/hips_bind/pelvis_r_bind/thigh_r_bind/knee_r_bind/ankle_r_bind/ball_r_bind/toe4_001_r_bind","cat":"step","ph":"X","ts":254524,"dur":2,"pid":1,"tid":10},
{"name":"ComposeSubtree /Biped/Rig/Joints/hips_bind/pelvis_r_bind/thigh_r_bind/knee_r_bind/ankle_r_bind/ball_r_bind/toe5_001_r_bind","cat":"step","ph":"X","ts":254527,"dur":2,"pid":1,"tid":10},
{"name":"ComposeSubtree /Biped/Rig/Joints/hips_bind/pelvis_r_bind/thigh_r_bind/knee_r_bind/ankle_r_bind/ball_r_bind/toe5_001_r_bind/toe5_002_r_bind/toe5_003_r_bind","cat":"step","ph":"X","ts":254570,"dur":1,"pid":1,"tid":0},
{"name":"ComposeSubtree /Biped/Rig/Joints/hips_bind/pelvis_r_bind/thigh_r_bind/knee_r_bind/ankle_r_bind/ball_r_bind/toe_r_bind","cat":"step","ph":"X","ts":254530,"dur":2,"pid":1,"tid":10},
{"name":"ComposeSubtree /Biped/Rig/Joints/hips_bind/spine_0_bind","cat":"step","ph":"X","ts":254394,"dur":1,"pid":1,"tid":0},
{"name":"ComposeSubtree /Biped/Rig/Joints/hips_bind/spine_0_bind/spine_1_bind/spine_2_bind","cat":"step","ph":"X","ts":254410,"dur":1,"pid":1,"tid":0},
{"name":"ComposeSubtree /Biped/Rig/Joints/hips_bind/spine_0_bind/spine_1_bind/spine_2_bind/spine_3_bind/spine_4_bind","cat":"step","ph":"X","ts":254442,"dur":1,"pid":1,"tid":0},
{"name":"ComposeSubtree /Biped/Rig/Joints/hips_bind/spine_0_bind/spine_1_bind/spine_2_bind/spine_3_bind/spine_4_bind/spine_5_bind/chest_bind","cat":"step","ph":"X","ts":254467,"dur":1,"pid":1,"tid":2},
{"name":"ComposeSubtree /Biped/Rig/Joints/hips_bind/spine_0_bind/spine_1_bind/spine_2_bind/spine_3_bind/spine_4_bind/spine_5_bind/chest_bind/clavicle_l_bind/clavicle_trans_combo_l_driver","cat":"step","ph":"X","ts":254532,"dur":3,"pid":1,"tid":10},
{"name":"ComposeSubtree /Biped/Rig/Joints/hips_bind/spine_0_bind/spine_1_bind/spine_2_bind/spine_3_bind/spine_4_bind/spine_5_bind/chest_bind/clavicle_l_bind/shoulderNoTwist_l_bind","cat":"step","ph":"X","ts":254535,"dur":3,"pid":1,"tid":10},
{"name":"ComposeSubtree /Biped/Rig/Joints/hips_bind/spine_0_bind/spine_1_bind/spine_2_bind/spine_3_bind/spine_4_bind/spine_5_bind/chest_bind/clavicle_l_bind/shoulder_l_bind","cat":"step","ph":"X","ts":254538,"dur":3,"pid":1,"tid":10},
{"name":"ComposeSubtree /Biped/Rig/Joints/hips_bind/spine_0_bind/spine_1_bind/spine_2_bind/spine_3_bind/spine_4_bind/spine_5_bind/chest_bind/clavicle_l_bind/shoulder_l_bind/elbow_l_bind/elbowTwist_l_bind","cat":"step","ph":"X","ts":254571,"dur":1,"pid":1,"tid":0},
{"name":"ComposeSubtree /Biped/Rig/Joints/hips_bind/spine_0_bind/spine_1_bind/spine_2_bind/spine_3_bind/spine_4_bind/spine_5_bind/chest_bind/clavicle_l_bind/shoulder_l_bind/elbow_l_bind/wristTwist_l_driver","cat":"step","ph":"X","ts":254572,"dur":1,"pid":1,"tid":0},
{"name":"ComposeSubtree /Biped/Rig/Joints/hips_bind/spine_0_bind/spine_1_bind/spine_2_bind/spine_3_bind/spine_4_bind/spine_5_bind/chest_bind/clavicle_l_bind/shoulder_l_bind/elbow_l_bind/wrist_l_bind/index_001_l_bind","cat":"step","ph":"X","ts":254577,"dur":1,"pid":1,"tid":15},
{"name":"ComposeSubtree /Biped/Rig/Joints/hips_bind/spine_0_bind/spine_1_bind/spine_2_bind/spine_3_bind/spine_4_bind/spine_5_bind/chest_bind/clavicle_l_bind/shoulder_l_bind/elbow_l_bind/wrist_l_bind/index_001_l_bind/index_002_l_bind","cat":"step","ph":"X","ts":254589,"dur":2,"pid":1,"tid":6},
{"name":"ComposeSubtree /Biped/Rig/Joints/hips_bind/spine_0_bind/spine_1_bind/spine_2_bind/spine_3_bind/spine_4_bind/spine_5_bind/chest_bind/clavicle_l_bind/shoulder_l_bind/elbow_l_bind/wrist_l_bind/index_001_l_bind/index_002_l_bind/index_003_l_bind/index_004_l_bind","cat":"step","ph":"X","ts":254619,"dur":1,"pid":1,"tid":15},
{"name":"ComposeSubtree /Biped/Rig/Joints/hips_bind/spine_0_bind/spine_1_bind/spine_2_bind/spine_3_bind/spine_4_bind/spine_5_bind/chest_bind/clavicle_l_bind/shoulder_l_bind/elbow_l_bind/wrist_l_bind/middle_001_l_bind/middle_002_l_bind","cat":"step","ph":"X","ts":254591,"dur":1,"pid":1,"tid":6},
{"name":"ComposeSubtree /Biped/Rig/Joints/hips_bind/spine_0_bind/spine_1_bind/spine_2_bind/spine_3_bind/spine_4_bind/spine_5_bind/chest_bind/clavicle_l_bind/shoulder_l_bind/elbow_l_bind/wrist_l_bind/pinkyCup_l_bind/pinky_001_l_bind/pinky_002_combo_l_driver","cat":"step","ph":"X","ts":254592,"dur":1,"pid":1,"tid":6},
{"name":"ComposeSubtree /Biped/Rig/Joints/hips_bind/spine_0_bind/spine_1_bind/spine_2_bind/spine_3_bind/spine_4_bind/spine_5_bind/chest_bind/clavicle_l_bind/shoulder_l_bind/elbow_l_bind/wrist_l_bind/pinkyCup_l_bind/pinky_001_l_bind/pinky_002_l_bind/pinky_003_l_bind","cat":"step","ph":"X","ts":254620,"dur":1,"pid":1,"tid":15},
{"name":"ComposeSubtree /Biped/Rig/Joints/hips_bind/spine_0_bind/spine_1_bind/spine_2_bind/spine_3_bind/spine_4_bind/spine_5_bind/chest_bind/clavicle_l_bind/shoulder_l_bind/elbow_l_bind/wrist_l_bind/pinkyCup_l_bind/pinky_001_l_bind/pinky_002_l_bind/pinky_003_l_bind/pinky_004_l_bind","cat":"step","ph":"X","ts":254637,"dur":1,"pid":1,"tid":15},
{"name":"ComposeSubtree /Biped/Rig/Joints/hips_bind/spine_0_bind/spine_1_bind/spine_2_bind/spine_3_bind/spine_4_bind/spine_5_bind/chest_bind/clavicle_l_bind/shoulder_l_bind/elbow_l_bind/wrist_l_bind/ring_001_l_bind","cat":"step","ph":"X","ts":254579,"dur":1,"pid":1,"tid":15},
{"name":"ComposeSubtree /Biped/Rig/Joints/hips_bind/spine_0_bind/spine_1_bind/spine_2_bind/spine_3_bind/spine_4_bind/spine_5_bind/chest_bind/clavicle_l_bind/shoulder_l_bind/elbow_l_bind/wrist_l_bind/ring_001_l_bind/ring_002_l_bind","cat":"step","ph":"X","ts":254593,"dur":1,"pid":1,"tid":6},
{"name":"ComposeSubtree /Biped/Rig/Joints/hips_bind/spine_0_bind/spine_1_bind/spine_2_bind/spine_3_bind/spine_4_bind/spine_5_bind/chest_bind/clavicle_r_bind","cat":"step","ph":"X","ts":254470,"dur":1,"pid":1,"tid":2},
{"name":"ComposeSubtree /Biped/Rig/Joints/hips_bind/spine_0_bind/spine_1_bind/spine_2_bind/spine_3_bind/spine_4_bind/spine_5_bind/chest_bind/clavicle_r_bind/clavicle_trans_r_bind","cat":"step","ph":"X","ts":254573,"dur":1,"pid":1,"tid":0},
{"name":"ComposeSubtree /Biped/Rig/Joints/hips_bind/spine_0_bind/spine_1_bind/spine_2_bind/spine_3_bind/spine_4_bind/spine_5_bind/chest_bind/clavicle_r_bind/shoulder_r_bind","cat":"step","ph":"X","ts":254574,"dur":1,"pid":1,"tid":0},
{"name":"ComposeSubtree /Biped/Rig/Joints/hips_bind/spine_0_bind/spine_1_bind/spine_2_bind/spine_3_bind/spine_4_bind/spine_5_bind/chest_bind/clavicle_r_bind/shoulder_r_bind/elbow_r_bind/elbowTwist_r_bind","cat":"step","ph":"X","ts":254580,"dur":1,"pid":1,"tid":15},
{"name":"ComposeSubtree /Biped/Rig/Joints/hips_bind/spine_0_bind/spine_1_bind/spine_2_bind/spine_3_bind/spine_4_bind/spine_5_bind/chest_bind/clavicle_r_bind/shoulder_r_bind/elbow_r_bind/wristTwist_r_driver","cat":"step","ph":"X","ts":254581,"dur":1,"pid":1,"tid":15},
{"name":"ComposeSubtree /Biped/Rig/Joints/hips_bind/spine_0_bind/spine_1_bind/spine_2_bind/spine_3_bind/spine_4_bind/spine_5_bind/chest_bind/clavicle_r_bind/shoulder_r_bind/elbow_r_bind/wrist_r_bind/index_001_r_bind","cat":"step","ph":"X","ts":254594,"dur":1,"pid":1,"tid":6},
{"name":"ComposeSubtree /Biped/Rig/Joints/hips_bind/spine_0_bind/spine_1_bind/spine_2_bind/spine_3_bind/spine_4_bind/spine_5_bind/chest_bind/clavicle_r_bind/shoulder_r_bind/elbow_r_bind/wrist_r_bind/index_001_r_bind/index_002_r_bind","cat":"step","ph":"X","ts":254621,"dur":1,"pid":1,"tid":15},
{"name":"ComposeSubtree /Biped/Rig/Joints/hips_bind/spine_0_bind/spine_1_bind/spine_2_bind/spine_3_bind/spine_4_bind/spine_5_bind/chest_bind/clavicle_r_bind/shoulder_r_bind/elbow_r_bind/wrist_r_bind/middle_001_r_bind","cat":"step","ph":"X","ts":254595,"dur":1,"pid":1,"tid":6},
{"name":"ComposeSubtree /Biped/Rig/Joints/hips_bind/spine_0_bind/spine_1_bind/spine_2_bind/spine_3_bind/spine_4_bind/spine_5_bind/chest_bind/clavicle_r_bind/shoulder_r_bind/elbow_r_bind/wrist_r_bind/middle_001_r_bind/middle_002_r_bind","cat":"step","ph":"X","ts":254622,"dur":1,"pid":1,"tid":15},
{"name":"ComposeSubtree /Biped/Rig/Joints/hips_bind/spine_0_bind/spine_1_bind/spine_2_bind/spine_3_bind/spine_4_bind/spine_5_bind/chest_bind/clavicle_r_bind/shoulder_r_bind/elbow_r_bind/wrist_r_bind/middle_001_r_bind/middle_002_r_bind/middle_003_r_bind/middle_004_r_bind","cat":"step","ph":"X","ts":254638,"dur":1,"pid":1,"tid":15},
{"name":"ComposeSubtree /Biped/Rig/Joints/hips_bind/spine_0_bind/spine_1_bind/spine_2_bind/spine_3_bind/spine_4_bind/spine_5_bind/chest_bind/clavicle_r_bind/shoulder_r_bind/elbow_r_bind/wrist_r_bind/pinkyCup_r_bind","cat":"step","ph":"X","ts":254596,"dur":1,"pid":1,"tid":6},
{"name":"ComposeSubtree /Biped/Rig/Joints/hips_bind/spine_0_bind/spine_1_bind/spine_2_bind/spine_3_bind/spine_4_bind/spine_5_bind/chest_bind/clavicle_r_bind/shoulder_r_bind/elbow_r_bind/wrist_r_bind/pinkyCup_r_bind/pinky_001_r_bind/pinky_002_r_bind/pinky_003_r_bind/pinky_004_r_bind","cat":"step","ph":"X","ts":254654,"dur":1,"pid":1,"tid":6},
{"name":"ComposeSubtree /Biped/Rig/Joints/hips_bind/spine_0_bind/spine_1_bind/spine_2_bind/spine_3_bind/spine_4_bind/spine_5_bind/chest_bind/clavicle_r_bind/shoulder_r_bind/elbow_r_bind/wrist_r_bind/ring_001_r_bind","cat":"step","ph":"X","ts":254597,"dur":1,"pid":1,"tid":6},
{"name":"ComposeSubtree /Biped/Rig/Joints/hips_bind/spine_0_bind/spine_1_bind/spine_2_bind/spine_3_bind/spine_4_bind/spine_5_bind/chest_bind/clavicle_r_bind/shoulder_r_bind/elbow_r_bind/wrist_r_bind/ring_001_r_bind/ring_002_r_bind","cat":"step","ph":"X","ts":254623,"dur":1,"pid":1,"tid":15},
{"name":"ComposeSubtree /Biped/Rig/Joints/hips_bind/spine_0_bind/spine_1_bind/spine_2_bind/spine_3_bind/spine_4_bind/spine_5_bind/chest_bind/clavicle_r_bind/shoulder_r_bind/elbow_r_bind/wrist_r_bind/thumbCup_r_bind","cat":"step","ph":"X","ts":254598,"dur":1,"pid":1,"tid":6},
{"name":"ComposeSubtree /Biped/Rig/Joints/hips_bind/spine_0_bind/spine_1_bind/spine_2_bind/spine_3_bind/spine_4_bind/spine_5_bind/chest_bind/clavicle_r_bind/shoulder_r_bind/elbow_r_bind/wrist_r_bind/thumbCup_r_bind/thumb_001_r_bind/thumb_002_r_bind/thumb_003_r_bind","cat":"step","ph":"X","ts":254639,"dur":1,"pid":1,"tid":15},
{"name":"ComposeSubtree /Biped/Rig/Joints/hips_bind/spine_0_bind/spine_1_bind/spine_2_bind/spine_3_bind/spine_4_bind/spine_5_bind/chest_bind/neck_base_bind","cat":"step","ph":"X","ts":254471,"dur":1,"pid":1,"tid":2},
{"name":"ComposeSubtree /Biped/Rig/Joints/hips_bind/spine_0_bind/spine_1_bind/spine_2_bind/spine_3_bind/spine_4_bind/spine_5_bind/chest_bind/neck_base_bind/neck_0_bind/neck_1_bind/neck_2_bind/neck_3_bind","cat":"step","ph":"X","ts":254582,"dur":1,"pid":1,"tid":15},
{"name":"ComposeSubtree /Biped/Rig/Joints/hips_bind/spine_0_bind/spine_1_bind/spine_2_bind/spine_3_bind/spine_4_bind/spine_5_bind/chest_bind/neck_base_bind/neck_0_bind/neck_1_bind/neck_2_bind/neck_3_bind/skull_bind/face_lower_bind/face_mid_bind/jaw_compression_driver","cat":"step","ph":"X","ts":254624,"dur":1,"pid":1,"tid":15},
{"name":"ComposeSubtree /Biped/Rig/Joints/hips_bind/spine_0_bind/spine_1_bind/spine_2_bind/spine_3_bind/spine_4_bind/spine_5_bind/chest_bind/neck_base_bind/neck_0_bind/neck_1_bind/neck_2_bind/neck_3_bind/skull_bind/face_lower_bind/face_mid_bind/teeth_upper_bind","cat":"step","ph":"X","ts":254625,"dur":1,"pid":1,"tid":15},
{"name":"ComposeSubtree /Biped/Rig/Joints/hips_bind/spine_0_bind/spine_1_bind/spine_2_bind/spine_3_bind/spine_4_bind/spine_5_bind/chest_bind/neck_base_bind/neck_0_bind/neck_1_bind/neck_2_bind/neck_3_bind/skull_bind/face_lower_bind/jaw_bind/tongue_0_bind","cat":"step","ph":"X","ts":254640,"dur":1,"pid":1,"tid":15},
{"name":"ComposeSubtree /Biped/Rig/Joints/hips_bind/spine_0_bind/spine_1_bind/spine_2_bind/spine_3_bind/spine_4_bind/spine_5_bind/chest_bind/neck_base_bind/neck_0_bind/neck_1_bind/neck_2_bind/neck_3_bind/skull_bind/face_upper_bind","cat":"step","ph":"X","ts":254599,"dur":1,"pid":1,"tid":6},
{"name":"ComposeSubtree /Biped/Rig/Joints/hips_bind/spine_0_bind/spine_1_bind/spine_2_bind/spine_3_bind/spine_4_bind/spine_5_bind/chest_bind/neck_base_bind/neck_0_bind/neck_1_bind/neck_2_bind/neck_3_bind/skull_bind/face_upper_bind/eyeSocket_l_bind","cat":"step","ph":"X","ts":254626,"dur":1,"pid":1,"tid":15},
{"name":"ComposeSubtree /Biped/Rig/Joints/hips_bind/spine_0_bind/spine_1_bind/spine_2_bind/spine_3_bind/spine_4_bind/spine_5_bind/chest_bind/neck_base_bind/neck_0_bind/neck_1_bind/neck_2_bind/neck_3_bind/skull_bind/face_upper_bind/head_tip_bind/brow_peak_r_bind","cat":"step","ph":"X","ts":254641,"dur":1,"pid":1,"tid":15},
{"name":"ComposeSubtree /Biped/Rig/Joints/neck_ik_neck_0_bind/neck_ik_neck_1_bind/neck_ik_neck_2_bind/neck_ik_neck_3_bind","cat":"step","ph":"X","ts":254670,"dur":1,"pid":1,"tid":6},
{"name":"ComposeSubtree /Biped/Rig/Joints/spine_ik_spine_0_bind/spine_ik_spine_1_bind/spine_ik_spine_2_bind","cat":"step","ph":"X","ts":254395,"dur":1,"pid":1,"tid":0},
{"name":"Solve /Biped/Rig/Solvers/arm_l_fkChain","cat":"step","ph":"X","ts":254472,"dur":3,"pid":1,"tid":2},
{"name":"SolverCommit batch 0","cat":"step","ph":"X","ts":254564,"dur":1,"pid":1,"tid":10},
{"name":"Solve /Biped/Rig/Solvers/arm_l_twoBoneIk","cat":"step","ph":"X","ts":254468,"dur":2,"pid":1,"tid":2},
{"name":"SolverCommit batch 1","cat":"step","ph":"X","ts":254475,"dur":1,"pid":1,"tid":2},
{"name":"Solve /Biped/Rig/Solvers/arm_r_fkChain","cat":"step","ph":"X","ts":254565,"dur":3,"pid":1,"tid":10},
{"name":"Solve /Biped/Rig/Solvers/arm_r_twoBoneIk","cat":"step","ph":"X","ts":254453,"dur":2,"pid":1,"tid":0},
{"name":"Solve /Biped/Rig/Solvers/leg_l_fkChain","cat":"step","ph":"X","ts":254455,"dur":3,"pid":1,"tid":0},
{"name":"Solve /Biped/Rig/Solvers/leg_r_fkChain","cat":"step","ph":"X","ts":254476,"dur":1,"pid":1,"tid":2},
{"name":"SolverCommit batch 5","cat":"step","ph":"X","ts":254568,"dur":1,"pid":1,"tid":10},
{"name":"Solve /Biped/Rig/Solvers/neck_splineIk","cat":"step","ph":"X","ts":254477,"dur":11,"pid":1,"tid":2},
{"name":"SolverCommit batch 6","cat":"step","ph":"X","ts":254713,"dur":1,"pid":1,"tid":11},
{"name":"Constraint /Biped/Rig/Movers/spine_mid_follow/spine_mid_follow_pos","cat":"step","ph":"X","ts":254443,"dur":8,"pid":1,"tid":0},
{"name":"Solve /Biped/Rig/Solvers/arm_l_ikfk","cat":"step","ph":"X","ts":254569,"dur":1,"pid":1,"tid":10},
{"name":"SolverCommit batch 8","cat":"step","ph":"X","ts":254583,"dur":3,"pid":1,"tid":15},
{"name":"Solve /Biped/Rig/Solvers/arm_r_ikfk","cat":"step","ph":"X","ts":254586,"dur":1,"pid":1,"tid":15},
{"name":"SolverCommit batch 9","cat":"step","ph":"X","ts":254600,"dur":3,"pid":1,"tid":6},
{"name":"Constraint /Biped/Rig/Movers/spine_mid_follow/spine_mid_follow_aim","cat":"step","ph":"X","ts":254458,"dur":5,"pid":1,"tid":0},
{"name":"Solve /Biped/Rig/Solvers/spine_splineIk","cat":"step","ph":"X","ts":254464,"dur":15,"pid":1,"tid":0},
{"name":"SolverCommit batch 11","cat":"step","ph":"X","ts":254570,"dur":2,"pid":1,"tid":10},
{"name":"Constraint /Biped/Rig/Movers/hand_r_follow/thumbCup_r_bind_fk_follow_to_wrist_r_bind","cat":"step","ph":"X","ts":254628,"dur":5,"pid":1,"tid":15},
{"name":"Solve /Biped/Rig/Solvers/fk_thumb_r","cat":"step","ph":"X","ts":254642,"dur":2,"pid":1,"tid":15},
{"name":"SolverCommit batch 13","cat":"step","ph":"X","ts":254656,"dur":1,"pid":1,"tid":6},
{"name":"Constraint /Biped/Rig/Movers/hand_r_follow/ring_001_r_bind_fk_follow_to_wrist_r_bind","cat":"step","ph":"X","ts":254633,"dur":4,"pid":1,"tid":15},
{"name":"Solve /Biped/Rig/Solvers/fk_ring_r","cat":"step","ph":"X","ts":254644,"dur":1,"pid":1,"tid":15},
{"name":"SolverCommit batch 15","cat":"step","ph":"X","ts":254657,"dur":2,"pid":1,"tid":6},
{"name":"Constraint /Biped/Rig/Movers/hand_r_follow/pinkyCup_r_bind_fk_follow_to_wrist_r_bind","cat":"step","ph":"X","ts":254621,"dur":12,"pid":1,"tid":16},
{"name":"Solve /Biped/Rig/Solvers/fk_pinky_r","cat":"step","ph":"X","ts":254643,"dur":4,"pid":1,"tid":16},
{"name":"SolverCommit batch 17","cat":"step","ph":"X","ts":254671,"dur":1,"pid":1,"tid":6},
{"name":"Constraint /Biped/Rig/Movers/hand_r_follow/middle_001_r_bind_fk_follow_to_wrist_r_bind","cat":"step","ph":"X","ts":254633,"dur":5,"pid":1,"tid":16},
{"name":"Solve /Biped/Rig/Solvers/fk_middle_r","cat":"step","ph":"X","ts":254647,"dur":1,"pid":1,"tid":16},
{"name":"SolverCommit batch 19","cat":"step","ph":"X","ts":254659,"dur":1,"pid":1,"tid":6},
{"name":"Constraint /Biped/Rig/Movers/hand_r_follow/index_001_r_bind_fk_follow_to_wrist_r_bind","cat":"step","ph":"X","ts":254638,"dur":5,"pid":1,"tid":16},
{"name":"Solve /Biped/Rig/Solvers/fk_index_r","cat":"step","ph":"X","ts":254648,"dur":2,"pid":1,"tid":16},
{"name":"SolverCommit batch 21","cat":"step","ph":"X","ts":254660,"dur":1,"pid":1,"tid":6},
{"name":"Constraint /Biped/Rig/Movers/hand_l_follow/thumbCup_l_bind_fk_follow_to_wrist_l_bind","cat":"step","ph":"X","ts":254603,"dur":9,"pid":1,"tid":6},
{"name":"Solve /Biped/Rig/Solvers/fk_thumb_l","cat":"step","ph":"X","ts":254622,"dur":6,"pid":1,"tid":7},
{"name":"SolverCommit batch 23","cat":"step","ph":"X","ts":254640,"dur":2,"pid":1,"tid":6},
{"name":"Constraint /Biped/Rig/Movers/hand_l_follow/ring_001_l_bind_fk_follow_to_wrist_l_bind","cat":"step","ph":"X","ts":254612,"dur":5,"pid":1,"tid":6},
{"name":"Solve /Biped/Rig/Solvers/fk_ring_l","cat":"step","ph":"X","ts":254628,"dur":2,"pid":1,"tid":7},
{"name":"SolverCommit batch 25","cat":"step","ph":"X","ts":254642,"dur":1,"pid":1,"tid":6},
{"name":"Constraint /Biped/Rig/Movers/hand_l_follow/pinkyCup_l_bind_fk_follow_to_wrist_l_bind","cat":"step","ph":"X","ts":254592,"dur":14,"pid":1,"tid":11},
{"name":"Solve /Biped/Rig/Solvers/fk_pinky_l","cat":"step","ph":"X","ts":254630,"dur":2,"pid":1,"tid":7},
{"name":"SolverCommit batch 27","cat":"step","ph":"X","ts":254661,"dur":1,"pid":1,"tid":6},
{"name":"Constraint /Biped/Rig/Movers/hand_l_follow/middle_001_l_bind_fk_follow_to_wrist_l_bind","cat":"step","ph":"X","ts":254606,"dur":7,"pid":1,"tid":11},
{"name":"Solve /Biped/Rig/Solvers/fk_middle_l","cat":"step","ph":"X","ts":254622,"dur":5,"pid":1,"tid":17},
{"name":"SolverCommit batch 29","cat":"step","ph":"X","ts":254643,"dur":2,"pid":1,"tid":6},
{"name":"Constraint /Biped/Rig/Movers/hand_l_follow/index_001_l_bind_fk_follow_to_wrist_l_bind","cat":"step","ph":"X","ts":254614,"dur":5,"pid":1,"tid":11},
{"name":"Solve /Biped/Rig/Solvers/fk_index_l","cat":"step","ph":"X","ts":254627,"dur":2,"pid":1,"tid":17},
{"name":"SolverCommit batch 31","cat":"step","ph":"X","ts":254645,"dur":1,"pid":1,"tid":6},
{"name":"Constraint /Biped/Rig/Movers/bankIn_r_pivot_rc/bankIn_r_pivot_rotation","cat":"step","ph":"X","ts":254592,"dur":7,"pid":1,"tid":3},
{"name":"Constraint /Biped/Rig/Movers/bankOut_r_pivot_rc/bankOut_r_pivot_rotation","cat":"step","ph":"X","ts":254629,"dur":5,"pid":1,"tid":17},
{"name":"Constraint /Biped/Rig/Movers/heel_r_roll_rc/heel_r_roll_rotation","cat":"step","ph":"X","ts":254646,"dur":2,"pid":1,"tid":6},
{"name":"Constraint /Biped/Rig/Movers/toe_r_roll_rc/toe_r_roll_rotation","cat":"step","ph":"X","ts":254662,"dur":2,"pid":1,"tid":6},
{"name":"Constraint /Biped/Rig/Movers/ballRoll_r_up_rc/ballRoll_r_up_rotation","cat":"step","ph":"X","ts":254672,"dur":2,"pid":1,"tid":6},
{"name":"Constraint /Biped/Rig/Movers/ballRoll_r_down_rc/ballRoll_r_down_rotation","cat":"step","ph":"X","ts":254714,"dur":2,"pid":1,"tid":11},
{"name":"Solve /Biped/Rig/Solvers/leg_r_twoBoneIk","cat":"step","ph":"X","ts":254725,"dur":1,"pid":1,"tid":11},
{"name":"Solve /Biped/Rig/Solvers/leg_r_ikfk","cat":"step","ph":"X","ts":254730,"dur":1,"pid":1,"tid":11},
{"name":"SolverCommit batch 39","cat":"step","ph":"X","ts":254738,"dur":4,"pid":1,"tid":11},
{"name":"Constraint /Biped/Rig/Movers/ankle_r_bind_scAim/ankle_r_bind_aim","cat":"step","ph":"X","ts":254760,"dur":8,"pid":1,"tid":0},
{"name":"Constraint /Biped/Rig/Movers/ball_r_bind_scAim/ball_r_bind_aim","cat":"step","ph":"X","ts":254783,"dur":13,"pid":1,"tid":18},
{"name":"Constraint /Biped/Rig/Movers/bankIn_l_pivot_rc/bankIn_l_pivot_rotation","cat":"step","ph":"X","ts":254575,"dur":2,"pid":1,"tid":0},
{"name":"Constraint /Biped/Rig/Movers/bankOut_l_pivot_rc/bankOut_l_pivot_rotation","cat":"step","ph":"X","ts":254599,"dur":2,"pid":1,"tid":3},
{"name":"Constraint /Biped/Rig/Movers/heel_l_roll_rc/heel_l_roll_rotation","cat":"step","ph":"X","ts":254618,"dur":4,"pid":1,"tid":6},
{"name":"Constraint /Biped/Rig/Movers/toe_l_roll_rc/toe_l_roll_rotation","cat":"step","ph":"X","ts":254648,"dur":1,"pid":1,"tid":6},
{"name":"Constraint /Biped/Rig/Movers/ballRoll_l_up_rc/ballRoll_l_up_rotation","cat":"step","ph":"X","ts":254664,"dur":1,"pid":1,"tid":6},
{"name":"Constraint /Biped/Rig/Movers/ballRoll_l_down_rc/ballRoll_l_down_rotation","cat":"step","ph":"X","ts":254674,"dur":1,"pid":1,"tid":6},
{"name":"Solve /Biped/Rig/Solvers/leg_l_ikfk","cat":"step","ph":"X","ts":254726,"dur":1,"pid":1,"tid":11},
{"name":"SolverCommit batch 49","cat":"step","ph":"X","ts":254731,"dur":4,"pid":1,"tid":11},
{"name":"Constraint /Biped/Rig/Movers/ankle_l_bind_scAim/ankle_l_bind_aim","cat":"step","ph":"X","ts":254742,"dur":6,"pid":1,"tid":11},
{"name":"Constraint /Biped/Rig/Movers/ball_l_bind_scAim/ball_l_bind_aim","cat":"step","ph":"X","ts":254768,"dur":4,"pid":1,"tid":0},
{"name":"Constraint /Biped/Rig/Movers/hips_follow/spine_root_ctl_drives_hips_bind","cat":"step","ph":"X","ts":254411,"dur":9,"pid":1,"tid":0},
{"name":"PropagateChunk /Biped/Rig/Movers/hips_follow/spine_root_ctl_drives_hips_bind","cat":"step","ph":"X","ts":254717,"dur":5,"pid":1,"tid":11},
{"name":"PropagateChunk /Biped/Rig/Movers/hips_follow/spine_root_ctl_drives_hips_bind","cat":"step","ph":"X","ts":254665,"dur":1,"pid":1,"tid":6},
{"name":"CommitApply /Biped/Rig/Movers/hips_follow/spine_root_ctl_drives_hips_bind","cat":"step","ph":"X","ts":254727,"dur":2,"pid":1,"tid":11},
{"name":"Constraint /Biped/Rig/Movers/hips_follow/spine_root_ctl_scales_hips_bind","cat":"step","ph":"X","ts":254735,"dur":3,"pid":1,"tid":11},
{"name":"PropagateChunk /Biped/Rig/Movers/hips_follow/spine_root_ctl_scales_hips_bind","cat":"step","ph":"X","ts":254773,"dur":4,"pid":1,"tid":0},
{"name":"CommitApply /Biped/Rig/Movers/hips_follow/spine_root_ctl_scales_hips_bind","cat":"step","ph":"X","ts":254796,"dur":3,"pid":1,"tid":18},
{"name":"Constraint /Biped/Rig/Movers/spine_to_bind/spine_ik_spine_0_bind_scale_to_spine_0_bind","cat":"step","ph":"X","ts":254818,"dur":10,"pid":1,"tid":10},
{"name":"Constraint /Biped/Rig/Movers/spine_to_bind/spine_ik_spine_0_bind_to_spine_0_bind","cat":"step","ph":"X","ts":254835,"dur":15,"pid":1,"tid":1},
{"name":"Constraint /Biped/Rig/Movers/spine_to_bind/spine_ik_spine_1_bind_scale_to_spine_1_bind","cat":"step","ph":"X","ts":254858,"dur":10,"pid":1,"tid":16},
{"name":"Constraint /Biped/Rig/Movers/spine_to_bind/spine_ik_spine_1_bind_to_spine_1_bind","cat":"step","ph":"X","ts":254885,"dur":12,"pid":1,"tid":19},
{"name":"Constraint /Biped/Rig/Movers/spine_to_bind/spine_ik_spine_2_bind_scale_to_spine_2_bind","cat":"step","ph":"X","ts":254920,"dur":7,"pid":1,"tid":3},
{"name":"Constraint /Biped/Rig/Movers/spine_to_bind/spine_ik_spine_2_bind_to_spine_2_bind","cat":"step","ph":"X","ts":254931,"dur":7,"pid":1,"tid":3},
{"name":"Constraint /Biped/Rig/Movers/spine_to_bind/spine_ik_spine_3_bind_scale_to_spine_3_bind","cat":"step","ph":"X","ts":254938,"dur":6,"pid":1,"tid":3},
{"name":"Constraint /Biped/Rig/Movers/spine_to_bind/spine_ik_spine_3_bind_to_spine_3_bind","cat":"step","ph":"X","ts":254944,"dur":8,"pid":1,"tid":3},
{"name":"Constraint /Biped/Rig/Movers/spine_to_bind/spine_ik_spine_4_bind_scale_to_spine_4_bind","cat":"step","ph":"X","ts":254952,"dur":5,"pid":1,"tid":3},
{"name":"Constraint /Biped/Rig/Movers/spine_to_bind/spine_ik_spine_4_bind_to_spine_4_bind","cat":"step","ph":"X","ts":254957,"dur":7,"pid":1,"tid":3},
{"name":"Constraint /Biped/Rig/Movers/spine_to_bind/spine_ik_spine_5_bind_scale_to_spine_5_bind","cat":"step","ph":"X","ts":254964,"dur":6,"pid":1,"tid":3},
{"name":"Constraint /Biped/Rig/Movers/spine_to_bind/spine_ik_spine_5_bind_to_spine_5_bind","cat":"step","ph":"X","ts":254970,"dur":7,"pid":1,"tid":3},
{"name":"Constraint /Biped/Rig/Movers/spine_to_bind/spine_ik_chest_bind_scale_to_chest_bind","cat":"step","ph":"X","ts":254977,"dur":5,"pid":1,"tid":3},
{"name":"Constraint /Biped/Rig/Movers/spine_to_bind/spine_ik_chest_bind_to_chest_bind","cat":"step","ph":"X","ts":254982,"dur":7,"pid":1,"tid":3},
{"name":"Constraint /Biped/Rig/Movers/girdles/spine_end_ctl_drives_chest_bind","cat":"step","ph":"X","ts":254989,"dur":7,"pid":1,"tid":3},
{"name":"Constraint /Biped/Rig/Movers/girdles/pelvis_r_ctl_drives_pelvis_r_bind","cat":"step","ph":"X","ts":254828,"dur":3,"pid":1,"tid":10},
{"name":"Constraint /Biped/Rig/Movers/girdles/pelvis_l_ctl_drives_pelvis_l_bind","cat":"step","ph":"X","ts":254831,"dur":2,"pid":1,"tid":10},
{"name":"Constraint /Biped/Rig/Movers/girdles/clavicle_r_ctl_drives_clavicle_r_bind","cat":"step","ph":"X","ts":254996,"dur":2,"pid":1,"tid":3},
{"name":"Constraint /Biped/Rig/Movers/girdles/clavicle_l_ctl_drives_clavicle_l_bind","cat":"step","ph":"X","ts":254998,"dur":1,"pid":1,"tid":3},
{"name":"Constraint /Biped/Rig/Movers/girdles/spine_end_ctl_unsquashes_neck_base_bind","cat":"step","ph":"X","ts":254999,"dur":4,"pid":1,"tid":3},
{"name":"Constraint /Biped/Rig/Movers/girdles/clavicle_r_ctl_unsquashes_clavicle_r_bind","cat":"step","ph":"X","ts":255003,"dur":3,"pid":1,"tid":3},
{"name":"Constraint /Biped/Rig/Movers/girdles/clavicle_l_ctl_unsquashes_clavicle_l_bind","cat":"step","ph":"X","ts":255006,"dur":2,"pid":1,"tid":3},
{"name":"Constraint /Biped/Rig/Movers/neck_to_bind/neck_ik_neck_0_bind_scale_to_neck_0_bind","cat":"step","ph":"X","ts":255008,"dur":4,"pid":1,"tid":3},
{"name":"Constraint /Biped/Rig/Movers/neck_to_bind/neck_ik_neck_0_bind_to_neck_0_bind","cat":"step","ph":"X","ts":255017,"dur":11,"pid":1,"tid":0},
{"name":"Constraint /Biped/Rig/Movers/neck_to_bind/neck_ik_neck_1_bind_scale_to_neck_1_bind","cat":"step","ph":"X","ts":255033,"dur":5,"pid":1,"tid":10},
{"name":"Constraint /Biped/Rig/Movers/neck_to_bind/neck_ik_neck_1_bind_to_neck_1_bind","cat":"step","ph":"X","ts":255046,"dur":5,"pid":1,"tid":10},
{"name":"Constraint /Biped/Rig/Movers/neck_to_bind/neck_ik_neck_2_bind_scale_to_neck_2_bind","cat":"step","ph":"X","ts":255062,"dur":8,"pid":1,"tid":20},
{"name":"Constraint /Biped/Rig/Movers/neck_to_bind/neck_ik_neck_2_bind_to_neck_2_bind","cat":"step","ph":"X","ts":255076,"dur":7,"pid":1,"tid":20},
{"name":"Constraint /Biped/Rig/Movers/neck_to_bind/neck_ik_neck_3_bind_scale_to_neck_3_bind","cat":"step","ph":"X","ts":255089,"dur":5,"pid":1,"tid":20},
{"name":"Constraint /Biped/Rig/Movers/neck_to_bind/neck_ik_neck_3_bind_to_neck_3_bind","cat":"step","ph":"X","ts":255958,"dur":10,"pid":1,"tid":20},
{"name":"Constraint /Biped/Rig/Movers/neck_to_bind/neck_ik_skull_bind_scale_to_skull_bind","cat":"step","ph":"X","ts":256382,"dur":4,"pid":1,"tid":20},
{"name":"Constraint /Biped/Rig/Movers/neck_to_bind/neck_ik_skull_bind_to_skull_bind","cat":"step","ph":"X","ts":256404,"dur":6,"pid":1,"tid":20},
{"name":"Constraint /Biped/Rig/Movers/twist_aims/wristTwist_r_bind_copy","cat":"step","ph":"X","ts":254622,"dur":8,"pid":1,"tid":6},
{"name":"Constraint /Biped/Rig/Movers/twist_aims/wristTwist_r_bind_aim","cat":"step","ph":"X","ts":254649,"dur":5,"pid":1,"tid":6},
{"name":"Constraint /Biped/Rig/Movers/twist_aims/wristTwist_l_bind_copy","cat":"step","ph":"X","ts":254587,"dur":8,"pid":1,"tid":15},
{"name":"Constraint /Biped/Rig/Movers/twist_aims/wristTwist_l_bind_aim","cat":"step","ph":"X","ts":254630,"dur":5,"pid":1,"tid":6},
{"name":"Constraint /Biped/Rig/Movers/twist_aims/ankleTwist_r_bind_copy","cat":"step","ph":"X","ts":254799,"dur":6,"pid":1,"tid":18},
{"name":"Constraint /Biped/Rig/Movers/twist_aims/ankleTwist_r_bind_aim","cat":"step","ph":"X","ts":254818,"dur":9,"pid":1,"tid":13},
{"name":"Constraint /Biped/Rig/Movers/twist_aims/ankleTwist_l_bind_copy","cat":"step","ph":"X","ts":254777,"dur":4,"pid":1,"tid":0},
{"name":"Constraint /Biped/Rig/Movers/twist_aims/ankleTwist_l_bind_aim","cat":"step","ph":"X","ts":254805,"dur":5,"pid":1,"tid":18},
{"name":"Constraint /Biped/Rig/Movers/twist_aims/ankleTwist_r_bind_follows_ankle_r_bind","cat":"step","ph":"X","ts":254850,"dur":2,"pid":1,"tid":1},
{"name":"Constraint /Biped/Rig/Movers/twist_aims/ankleTwist_l_bind_follows_ankle_l_bind","cat":"step","ph":"X","ts":254827,"dur":2,"pid":1,"tid":13},
{"name":"Constraint /Biped/Rig/Movers/twist_aims/wristTwist_r_bind_follows_wrist_r_bind","cat":"step","ph":"X","ts":254666,"dur":3,"pid":1,"tid":6},
{"name":"Constraint /Biped/Rig/Movers/twist_aims/wristTwist_l_bind_follows_wrist_l_bind","cat":"step","ph":"X","ts":254646,"dur":3,"pid":1,"tid":11},
{"name":"Constraint /Biped/Rig/Movers/twist_aims/thighNoTwist_r_bind_follows_thigh_r_bind","cat":"step","ph":"X","ts":254852,"dur":1,"pid":1,"tid":1},
{"name":"Constraint /Biped/Rig/Movers/twist_aims/thighNoTwist_l_bind_follows_thigh_l_bind","cat":"step","ph":"X","ts":254833,"dur":2,"pid":1,"tid":10},
{"name":"Constraint /Biped/Rig/Movers/twist_aims/shoulderNoTwist_r_bind_follows_shoulder_r_bind","cat":"step","ph":"X","ts":255028,"dur":1,"pid":1,"tid":0},
{"name":"Constraint /Biped/Rig/Movers/twist_aims/shoulderNoTwist_l_bind_follows_shoulder_l_bind","cat":"step","ph":"X","ts":255029,"dur":1,"pid":1,"tid":0},
{"name":"Constraint /Biped/Rig/Movers/twist_aims/pelvis_trans_r_bind_follows_thigh_r_bind","cat":"step","ph":"X","ts":254835,"dur":2,"pid":1,"tid":10},
{"name":"Constraint /Biped/Rig/Movers/twist_aims/pelvis_trans_l_bind_follows_thigh_l_bind","cat":"step","ph":"X","ts":254837,"dur":2,"pid":1,"tid":10},
{"name":"Constraint /Biped/Rig/Movers/twist_aims/clavicle_trans_r_bind_follows_shoulder_r_bind","cat":"step","ph":"X","ts":255016,"dur":1,"pid":1,"tid":3},
{"name":"Constraint /Biped/Rig/Movers/twist_aims/clavicle_trans_l_bind_follows_shoulder_l_bind","cat":"step","ph":"X","ts":255017,"dur":1,"pid":1,"tid":3},
{"name":"Constraint /Biped/Rig/Movers/twist_aims/pelvis_trans_r_bind_aim","cat":"step","ph":"X","ts":254868,"dur":5,"pid":1,"tid":16},
{"name":"Constraint /Biped/Rig/Movers/twist_aims/pelvis_trans_l_bind_aim","cat":"step","ph":"X","ts":254873,"dur":3,"pid":1,"tid":16},
{"name":"Constraint /Biped/Rig/Movers/twist_aims/kneeTwist_r_bind_aim","cat":"step","ph":"X","ts":254757,"dur":3,"pid":1,"tid":11},
{"name":"Constraint /Biped/Rig/Movers/twist_aims/kneeTwist_l_bind_aim","cat":"step","ph":"X","ts":254748,"dur":4,"pid":1,"tid":11},
{"name":"Constraint /Biped/Rig/Movers/twist_aims/thighNoTwist_r_bind_aim","cat":"step","ph":"X","ts":254860,"dur":10,"pid":1,"tid":2},
{"name":"Constraint /Biped/Rig/Movers/twist_aims/thighNoTwist_l_bind_aim","cat":"step","ph":"X","ts":254870,"dur":5,"pid":1,"tid":2},
{"name":"Constraint /Biped/Rig/Movers/twist_aims/clavicle_trans_r_bind_aim","cat":"step","ph":"X","ts":255038,"dur":4,"pid":1,"tid":10},
{"name":"Constraint /Biped/Rig/Movers/twist_aims/clavicle_trans_l_bind_aim","cat":"step","ph":"X","ts":255042,"dur":3,"pid":1,"tid":10},
{"name":"Constraint /Biped/Rig/Movers/twist_aims/elbowTwist_r_bind_aim","cat":"step","ph":"X","ts":254635,"dur":5,"pid":1,"tid":6},
{"name":"Constraint /Biped/Rig/Movers/twist_aims/elbowTwist_l_bind_aim","cat":"step","ph":"X","ts":254595,"dur":5,"pid":1,"tid":15},
{"name":"Constraint /Biped/Rig/Movers/twist_aims/shoulderNoTwist_r_bind_aim","cat":"step","ph":"X","ts":255030,"dur":4,"pid":1,"tid":0},
{"name":"Constraint /Biped/Rig/Movers/twist_aims/shoulderNoTwist_l_bind_aim","cat":"step","ph":"X","ts":255034,"dur":2,"pid":1,"tid":0},
{"name":"Constraint /Biped/Rig/Movers/pose_drivers/thigh_r_driver_copies_thigh_r_bind","cat":"step","ph":"X","ts":254897,"dur":22,"pid":1,"tid":19},
{"name":"Constraint /Biped/Rig/Movers/pose_drivers/thigh_l_driver_copies_thigh_l_bind","cat":"step","ph":"X","ts":254884,"dur":5,"pid":1,"tid":16},
{"name":"Constraint /Biped/Rig/Movers/pose_drivers/thigh_r_twist_driver_copies_thighNoTwist_r_bind","cat":"step","ph":"X","ts":254927,"dur":4,"pid":1,"tid":3},
{"name":"Constraint /Biped/Rig/Movers/pose_drivers/thigh_l_twist_driver_copies_thighNoTwist_l_bind","cat":"step","ph":"X","ts":254920,"dur":5,"pid":1,"tid":19},
{"name":"Constraint /Biped/Rig/Movers/pose_drivers/ankleTwist_r_driver_copies_ankleTwist_r_bind","cat":"step","ph":"X","ts":254854,"dur":5,"pid":1,"tid":1},
{"name":"Constraint /Biped/Rig/Movers/pose_drivers/ankleTwist_l_driver_copies_ankleTwist_l_bind","cat":"step","ph":"X","ts":254835,"dur":6,"pid":1,"tid":18},
{"name":"Constraint /Biped/Rig/Movers/pose_drivers/toe_r_driver_copies_ball_r_bind","cat":"step","ph":"X","ts":254816,"dur":5,"pid":1,"tid":18},
{"name":"Constraint /Biped/Rig/Movers/pose_drivers/toe_l_driver_copies_ball_l_bind","cat":"step","ph":"X","ts":254810,"dur":5,"pid":1,"tid":18},
{"name":"Constraint /Biped/Rig/Movers/pose_drivers/knee_r_driver_copies_knee_r_bind","cat":"step","ph":"X","ts":254781,"dur":4,"pid":1,"tid":0},
{"name":"Constraint /Biped/Rig/Movers/pose_drivers/knee_l_driver_copies_knee_l_bind","cat":"step","ph":"X","ts":254760,"dur":4,"pid":1,"tid":11},
{"name":"Constraint /Biped/Rig/Movers/pose_drivers/ankleSwing_r_driver_copies_ankle_r_bind","cat":"step","ph":"X","ts":254860,"dur":4,"pid":1,"tid":1},
{"name":"Constraint /Biped/Rig/Movers/pose_drivers/ankleSwing_l_driver_copies_ankle_l_bind","cat":"step","ph":"X","ts":254841,"dur":5,"pid":1,"tid":18},
{"name":"Constraint /Biped/Rig/Movers/pose_drivers/shoulder_r_driver_copies_shoulder_r_bind","cat":"step","ph":"X","ts":255051,"dur":4,"pid":1,"tid":10},
{"name":"Constraint /Biped/Rig/Movers/pose_drivers/shoulder_l_driver_copies_shoulder_l_bind","cat":"step","ph":"X","ts":255055,"dur":4,"pid":1,"tid":10},
{"name":"Constraint /Biped/Rig/Movers/pose_drivers/wristTwist_r_driver_copies_wristTwist_r_bind","cat":"step","ph":"X","ts":254675,"dur":6,"pid":1,"tid":6},
{"name":"Constraint /Biped/Rig/Movers/pose_drivers/wristTwist_l_driver_copies_wristTwist_l_bind","cat":"step","ph":"X","ts":254665,"dur":6,"pid":1,"tid":11},
{"name":"Constraint /Biped/Rig/Movers/pose_drivers/shoulder_r_twist_driver_copies_shoulderNoTwist_r_bind","cat":"step","ph":"X","ts":255070,"dur":6,"pid":1,"tid":20},
{"name":"Constraint /Biped/Rig/Movers/pose_drivers/shoulder_l_twist_driver_copies_shoulderNoTwist_l_bind","cat":"step","ph":"X","ts":255060,"dur":4,"pid":1,"tid":10},
{"name":"Constraint /Biped/Rig/Movers/pose_drivers/wristSwing_r_driver_copies_wrist_r_bind","cat":"step","ph":"X","ts":254687,"dur":5,"pid":1,"tid":11},
{"name":"Constraint /Biped/Rig/Movers/pose_drivers/wristSwing_l_driver_copies_wrist_l_bind","cat":"step","ph":"X","ts":254671,"dur":6,"pid":1,"tid":11},
{"name":"Constraint /Biped/Rig/Movers/pose_drivers/elbow_r_driver_copies_elbow_r_bind","cat":"step","ph":"X","ts":254649,"dur":6,"pid":1,"tid":11},
{"name":"Constraint /Biped/Rig/Movers/pose_drivers/elbow_l_driver_copies_elbow_l_bind","cat":"step","ph":"X","ts":254620,"dur":7,"pid":1,"tid":11},
{"name":"Constraint /Biped/Rig/Movers/param_follow/leg_r_params_to_ankle_r_bind","cat":"step","ph":"X","ts":254785,"dur":4,"pid":1,"tid":0},
{"name":"Constraint /Biped/Rig/Movers/param_follow/leg_l_params_to_ankle_l_bind","cat":"step","ph":"X","ts":254764,"dur":3,"pid":1,"tid":11},
{"name":"Constraint /Biped/Rig/Movers/param_follow/arm_r_params_to_wrist_r_bind","cat":"step","ph":"X","ts":254627,"dur":5,"pid":1,"tid":11},
{"name":"Constraint /Biped/Rig/Movers/param_follow/arm_l_params_to_wrist_l_bind","cat":"step","ph":"X","ts":254600,"dur":5,"pid":1,"tid":15},
{"name":"ProviderMatrix /Biped/Rig/Controls/leg_l_ik/ankle_l_pivot final","cat":"step","ph":"X","ts":254396,"dur":1,"pid":1,"tid":0},
{"name":"ProviderMatrix /Biped/Rig/Controls/leg_l_ik/ankle_l_pivot/bankIn_l_pivot/bankOut_l_pivot final","cat":"step","ph":"X","ts":254632,"dur":1,"pid":1,"tid":11},
{"name":"ProviderMatrix /Biped/Rig/Controls/leg_l_ik/ankle_l_pivot/bankIn_l_pivot/bankOut_l_pivot/heel_l_roll/heel_l/ball_l_pivot/toe_l_roll/toe_l/ballRoll_l_up final","cat":"step","ph":"X","ts":254692,"dur":1,"pid":1,"tid":11},
{"name":"ProviderMatrix /Biped/Rig/Controls/leg_r_ik/ankle_r_pivot final","cat":"step","ph":"X","ts":254420,"dur":1,"pid":1,"tid":0},
{"name":"ProviderMatrix /Biped/Rig/Controls/leg_r_ik/ankle_r_pivot/bankIn_r_pivot/bankOut_r_pivot/heel_r_roll final","cat":"step","ph":"X","ts":254677,"dur":1,"pid":1,"tid":11},
{"name":"ProviderMatrix /Biped/Rig/Joints/ankle_l_pivot/bankIn_l_pivot/bankOut_l_pivot/heel_l_pivot/ball_l_pivot final","cat":"step","ph":"X","ts":254451,"dur":1,"pid":1,"tid":0},
{"name":"ProviderMatrix /Biped/Rig/Joints/ankle_r_pivot/bankIn_r_pivot/bankOut_r_pivot/heel_r_pivot/ball_r_pivot/toe_r_pivot/ballRoll_r_pivot final","cat":"step","ph":"X","ts":254463,"dur":1,"pid":1,"tid":0},
{"name":"ProviderMatrix /Biped/Rig/Joints/hips_bind final","cat":"step","ph":"X","ts":254821,"dur":1,"pid":1,"tid":18},
{"name":"ProviderMatrix /Biped/Rig/Joints/hips_bind/pelvis_l_bind/pelvis_trans_combo_l_driver final","cat":"step","ph":"X","ts":254846,"dur":1,"pid":1,"tid":18},
{"name":"ProviderMatrix /Biped/Rig/Joints/hips_bind/pelvis_l_bind/thigh_l_bind/knee_l_bind/ankleTwist_l_driver final","cat":"step","ph":"X","ts":254864,"dur":1,"pid":1,"tid":1},
{"name":"ProviderMatrix /Biped/Rig/Joints/hips_bind/pelvis_l_bind/thigh_l_bind/knee_l_bind/ankle_l_bind/ball_l_bind/toe1_001_l_bind/toe1_002_l_bind/toe1_003_l_bind final","cat":"step","ph":"X","ts":254789,"dur":1,"pid":1,"tid":0},
{"name":"ProviderMatrix /Biped/Rig/Joints/hips_bind/pelvis_l_bind/thigh_l_bind/knee_l_bind/ankle_l_bind/ball_l_bind/toe2_001_l_bind/toe2_002_l_bind/toe2_003_l_bind/toe2_004_l_bind final","cat":"step","ph":"X","ts":254790,"dur":1,"pid":1,"tid":0},
{"name":"ProviderMatrix /Biped/Rig/Joints/hips_bind/pelvis_l_bind/thigh_l_bind/knee_l_bind/ankle_l_bind/ball_l_bind/toe4_001_l_bind final","cat":"step","ph":"X","ts":254791,"dur":1,"pid":1,"tid":0},
{"name":"ProviderMatrix /Biped/Rig/Joints/hips_bind/pelvis_l_bind/thigh_l_bind/knee_l_bind/ankle_l_bind/ball_l_bind/toe5_001_l_bind/toe5_002_l_bind final","cat":"step","ph":"X","ts":254792,"dur":1,"pid":1,"tid":0},
{"name":"ProviderMatrix /Biped/Rig/Joints/hips_bind/pelvis_l_bind/thigh_l_bind/knee_l_bind/kneeTwist_l_bind final","cat":"step","ph":"X","ts":254767,"dur":1,"pid":1,"tid":11},
{"name":"ProviderMatrix /Biped/Rig/Joints/hips_bind/pelvis_r_bind final","cat":"step","ph":"X","ts":254847,"dur":1,"pid":1,"tid":18},
{"name":"ProviderMatrix /Biped/Rig/Joints/hips_bind/pelvis_r_bind/thighNoTwist_r_bind final","cat":"step","ph":"X","ts":254889,"dur":1,"pid":1,"tid":16},
{"name":"ProviderMatrix /Biped/Rig/Joints/hips_bind/pelvis_r_bind/thigh_r_bind/knee_r_bind/ankle_r_bind/ball_r_bind final","cat":"step","ph":"X","ts":254822,"dur":1,"pid":1,"tid":18},
{"name":"ProviderMatrix /Biped/Rig/Joints/hips_bind/pelvis_r_bind/thigh_r_bind/knee_r_bind/ankle_r_bind/ball_r_bind/toe1_001_r_bind/toe1_002_r_bind/toe1_003_r_bind/toe1_004_r_bind final","cat":"step","ph":"X","ts":254823,"dur":1,"pid":1,"tid":18},
{"name":"ProviderMatrix /Biped/Rig/Joints/hips_bind/pelvis_r_bind/thigh_r_bind/knee_r_bind/ankle_r_bind/ball_r_bind/toe3_001_r_bind final","cat":"step","ph":"X","ts":254824,"dur":1,"pid":1,"tid":18},
{"name":"ProviderMatrix /Biped/Rig/Joints/hips_bind/pelvis_r_bind/thigh_r_bind/knee_r_bind/ankle_r_bind/ball_r_bind/toe5_001_r_bind/toe5_002_r_bind final","cat":"step","ph":"X","ts":254826,"dur":1,"pid":1,"tid":18},
{"name":"ProviderMatrix /Biped/Rig/Joints/hips_bind/pelvis_r_bind/thigh_r_bind/knee_r_bind/kneeTwist_r_bind final","cat":"step","ph":"X","ts":254793,"dur":1,"pid":1,"tid":0},
{"name":"ProviderMatrix /Biped/Rig/Joints/hips_bind/pelvis_r_bind/thigh_r_bind/knee_r_bind/kneeTwist_r_bind/knee_r_driver final","cat":"step","ph":"X","ts":254827,"dur":1,"pid":1,"tid":18},
{"name":"ProviderMatrix /Biped/Rig/Joints/hips_bind/spine_0_bind/spine_1_bind final","cat":"step","ph":"X","ts":254925,"dur":1,"pid":1,"tid":19},
{"name":"ProviderMatrix /Biped/Rig/Joints/hips_bind/spine_0_bind/spine_1_bind/spine_2_bind/spine_3_bind/spine_4_bind/spine_5_bind/chest_bind/clavicle_l_bind/clavicle_trans_l_bind/shoulder_l_driver/shoulder_l_twist_driver final","cat":"step","ph":"X","ts":255083,"dur":1,"pid":1,"tid":20},
{"name":"ProviderMatrix /Biped/Rig/Joints/hips_bind/spine_0_bind/spine_1_bind/spine_2_bind/spine_3_bind/spine_4_bind/spine_5_bind/chest_bind/clavicle_l_bind/shoulder_l_bind final","cat":"step","ph":"X","ts":254605,"dur":1,"pid":1,"tid":15},
{"name":"ProviderMatrix /Biped/Rig/Joints/hips_bind/spine_0_bind/spine_1_bind/spine_2_bind/spine_3_bind/spine_4_bind/spine_5_bind/chest_bind/clavicle_l_bind/shoulder_l_bind/elbow_l_bind/elbowTwist_l_bind final","cat":"step","ph":"X","ts":254633,"dur":1,"pid":1,"tid":11},
{"name":"ProviderMatrix /Biped/Rig/Joints/hips_bind/spine_0_bind/spine_1_bind/spine_2_bind/spine_3_bind/spine_4_bind/spine_5_bind/chest_bind/clavicle_l_bind/shoulder_l_bind/elbow_l_bind/wrist_l_bind/index_001_l_bind final","cat":"step","ph":"X","ts":254678,"dur":1,"pid":1,"tid":11},
{"name":"ProviderMatrix /Biped/Rig/Joints/hips_bind/spine_0_bind/spine_1_bind/spine_2_bind/spine_3_bind/spine_4_bind/spine_5_bind/chest_bind/clavicle_l_bind/shoulder_l_bind/elbow_l_bind/wrist_l_bind/index_001_l_bind/index_002_l_bind/index_003_l_bind final","cat":"step","ph":"X","ts":254679,"dur":1,"pid":1,"tid":11},
{"name":"ProviderMatrix /Biped/Rig/Joints/hips_bind/spine_0_bind/spine_1_bind/spine_2_bind/spine_3_bind/spine_4_bind/spine_5_bind/chest_bind/clavicle_l_bind/shoulder_l_bind/elbow_l_bind/wrist_l_bind/middle_001_l_bind/middle_002_combo_l_driver final","cat":"step","ph":"X","ts":254680,"dur":1,"pid":1,"tid":11},
{"name":"ProviderMatrix /Biped/Rig/Joints/hips_bind/spine_0_bind/spine_1_bind/spine_2_bind/spine_3_bind/spine_4_bind/spine_5_bind/chest_bind/clavicle_l_bind/shoulder_l_bind/elbow_l_bind/wrist_l_bind/middle_001_l_bind/middle_002_l_bind/middle_003_l_bind/middle_004_l_bind/middle_005_l_bind final","cat":"step","ph":"X","ts":254681,"dur":1,"pid":1,"tid":11},
{"name":"ProviderMatrix /Biped/Rig/Joints/hips_bind/spine_0_bind/spine_1_bind/spine_2_bind/spine_3_bind/spine_4_bind/spine_5_bind/chest_bind/clavicle_l_bind/shoulder_l_bind/elbow_l_bind/wrist_l_bind/pinkyCup_l_bind final","cat":"step","ph":"X","ts":254693,"dur":1,"pid":1,"tid":11},
{"name":"ProviderMatrix /Biped/Rig/Joints/hips_bind/spine_0_bind/spine_1_bind/spine_2_bind/spine_3_bind/spine_4_bind/spine_5_bind/chest_bind/clavicle_l_bind/shoulder_l_bind/elbow_l_bind/wrist_l_bind/pinkyCup_l_bind/pinky_001_l_bind/pinky_002_l_bind/pinky_003_l_bind final","cat":"step","ph":"X","ts":254694,"dur":1,"pid":1,"tid":11},
{"name":"ProviderMatrix /Biped/Rig/Joints/hips_bind/spine_0_bind/spine_1_bind/spine_2_bind/spine_3_bind/spine_4_bind/spine_5_bind/chest_bind/clavicle_l_bind/shoulder_l_bind/elbow_l_bind/wrist_l_bind/ring_001_l_bind/ring_002_l_bind/ring_003_l_bind final","cat":"step","ph":"X","ts":254682,"dur":1,"pid":1,"tid":11},
{"name":"ProviderMatrix /Biped/Rig/Joints/hips_bind/spine_0_bind/spine_1_bind/spine_2_bind/spine_3_bind/spine_4_bind/spine_5_bind/chest_bind/clavicle_l_bind/shoulder_l_bind/elbow_l_bind/wrist_l_bind/thumbCup_l_bind final","cat":"step","ph":"X","ts":254683,"dur":1,"pid":1,"tid":11},
{"name":"ProviderMatrix /Biped/Rig/Joints/hips_bind/spine_0_bind/spine_1_bind/spine_2_bind/spine_3_bind/spine_4_bind/spine_5_bind/chest_bind/clavicle_l_bind/shoulder_l_bind/elbow_l_bind/wrist_l_bind/thumbCup_l_bind/thumb_001_l_bind/thumb_002_l_bind/thumb_003_l_bind/thumb_004_l_bind final","cat":"step","ph":"X","ts":254684,"dur":1,"pid":1,"tid":11},
{"name":"ProviderMatrix /Biped/Rig/Joints/hips_bind/spine_0_bind/spine_1_bind/spine_2_bind/spine_3_bind/spine_4_bind/spine_5_bind/chest_bind/clavicle_r_bind/shoulderNoTwist_r_bind final","cat":"step","ph":"X","ts":255059,"dur":1,"pid":1,"tid":10},
{"name":"ProviderMatrix /Biped/Rig/Joints/hips_bind/spine_0_bind/spine_1_bind/spine_2_bind/spine_3_bind/spine_4_bind/spine_5_bind/chest_bind/clavicle_r_bind/shoulder_r_bind/elbow_r_bind/wristTwist_r_bind final","cat":"step","ph":"X","ts":254695,"dur":1,"pid":1,"tid":11},
{"name":"ProviderMatrix /Biped/Rig/Joints/hips_bind/spine_0_bind/spine_1_bind/spine_2_bind/spine_3_bind/spine_4_bind/spine_5_bind/chest_bind/clavicle_r_bind/shoulder_r_bind/elbow_r_bind/wristTwist_r_driver final","cat":"step","ph":"X","ts":254722,"dur":1,"pid":1,"tid":11},
{"name":"ProviderMatrix /Biped/Rig/Joints/hips_bind/spine_0_bind/spine_1_bind/spine_2_bind/spine_3_bind/spine_4_bind/spine_5_bind/chest_bind/clavicle_r_bind/shoulder_r_bind/elbow_r_bind/wrist_r_bind/index_001_r_bind final","cat":"step","ph":"X","ts":254696,"dur":10,"pid":1,"tid":11},
{"name":"ProviderMatrix /Biped/Rig/Joints/hips_bind/spine_0_bind/spine_1_bind/spine_2_bind/spine_3_bind/spine_4_bind/spine_5_bind/chest_bind/clavicle_r_bind/shoulder_r_bind/elbow_r_bind/wrist_r_bind/index_001_r_bind/index_002_r_bind final","cat":"step","ph":"X","ts":254706,"dur":1,"pid":1,"tid":11},
{"name":"ProviderMatrix /Biped/Rig/Joints/hips_bind/spine_0_bind/spine_1_bind/spine_2_bind/spine_3_bind/spine_4_bind/spine_5_bind/chest_bind/clavicle_r_bind/shoulder_r_bind/elbow_r_bind/wrist_r_bind/middle_001_r_bind/middle_002_r_bind final","cat":"step","ph":"X","ts":254707,"dur":1,"pid":1,"tid":11},
{"name":"ProviderMatrix /Biped/Rig/Joints/hips_bind/spine_0_bind/spine_1_bind/spine_2_bind/spine_3_bind/spine_4_bind/spine_5_bind/chest_bind/clavicle_r_bind/shoulder_r_bind/elbow_r_bind/wrist_r_bind/pinkyCup_r_bind/pinky_001_r_bind/pinky_002_r_bind/pinky_003_r_bind/pinky_004_r_bind final","cat":"step","ph":"X","ts":254723,"dur":1,"pid":1,"tid":11},
{"name":"ProviderMatrix /Biped/Rig/Joints/hips_bind/spine_0_bind/spine_1_bind/spine_2_bind/spine_3_bind/spine_4_bind/spine_5_bind/chest_bind/clavicle_r_bind/shoulder_r_bind/elbow_r_bind/wrist_r_bind/ring_001_r_bind/ring_002_r_bind final","cat":"step","ph":"X","ts":254708,"dur":1,"pid":1,"tid":11},
{"name":"ProviderMatrix /Biped/Rig/Joints/hips_bind/spine_0_bind/spine_1_bind/spine_2_bind/spine_3_bind/spine_4_bind/spine_5_bind/chest_bind/clavicle_r_bind/shoulder_r_bind/elbow_r_bind/wrist_r_bind/thumbCup_r_bind/thumb_001_r_bind/thumb_002_r_bind/thumb_003_r_bind final","cat":"step","ph":"X","ts":254709,"dur":1,"pid":1,"tid":11},
{"name":"ProviderMatrix /Biped/Rig/Joints/hips_bind/spine_0_bind/spine_1_bind/spine_2_bind/spine_3_bind/spine_4_bind/spine_5_bind/chest_bind/neck_base_bind/neck_0_bind/neck_1_bind final","cat":"step","ph":"X","ts":255064,"dur":1,"pid":1,"tid":10},
{"name":"ProviderMatrix /Biped/Rig/Joints/hips_bind/spine_0_bind/spine_1_bind/spine_2_bind/spine_3_bind/spine_4_bind/spine_5_bind/chest_bind/neck_base_bind/neck_0_bind/neck_1_bind/neck_2_bind final","cat":"step","ph":"X","ts":255094,"dur":1,"pid":1,"tid":20},
{"name":"ProviderMatrix /Biped/Rig/Joints/hips_bind/spine_0_bind/spine_1_bind/spine_2_bind/spine_3_bind/spine_4_bind/spine_5_bind/chest_bind/neck_base_bind/neck_0_bind/neck_1_bind/neck_2_bind/neck_3_bind/skull_bind/face_lower_bind final","cat":"step","ph":"X","ts":256410,"dur":1,"pid":1,"tid":20},
{"name":"ProviderMatrix /Biped/Rig/Joints/hips_bind/spine_0_bind/spine_1_bind/spine_2_bind/spine_3_bind/spine_4_bind/spine_5_bind/chest_bind/neck_base_bind/neck_0_bind/neck_1_bind/neck_2_bind/neck_3_bind/skull_bind/face_lower_bind/jaw_bind final","cat":"step","ph":"X","ts":256411,"dur":1,"pid":1,"tid":20},
{"name":"ProviderMatrix /Biped/Rig/Joints/hips_bind/spine_0_bind/spine_1_bind/spine_2_bind/spine_3_bind/spine_4_bind/spine_5_bind/chest_bind/neck_base_bind/neck_0_bind/neck_1_bind/neck_2_bind/neck_3_bind/skull_bind/face_lower_bind/jaw_bind/tongue_0_bind/tongue_1_bind/tongue_2_bind/tongue_3_bind/tongue_4_bind final","cat":"step","ph":"X","ts":256412,"dur":1,"pid":1,"tid":20},
{"name":"ProviderMatrix /Biped/Rig/Joints/hips_bind/spine_0_bind/spine_1_bind/spine_2_bind/spine_3_bind/spine_4_bind/spine_5_bind/chest_bind/neck_base_bind/neck_0_bind/neck_1_bind/neck_2_bind/neck_3_bind/skull_bind/face_upper_bind/head_tip_bind/brow_inner_r_bind final","cat":"step","ph":"X","ts":256413,"dur":1,"pid":1,"tid":20},
{"name":"ProviderMatrix /Biped/Rig/Joints/neck_ik_neck_0_bind/neck_ik_neck_1_bind/neck_ik_neck_2_bind final","cat":"step","ph":"X","ts":254729,"dur":1,"pid":1,"tid":11},
{"name":"ProviderMatrix /Biped/Rig/Joints/pupilCenter_l_pivot final","cat":"step","ph":"X","ts":254397,"dur":1,"pid":1,"tid":0},
{"name":"ProviderMatrix /Biped/Rig/Joints/spine_ik_spine_0_bind/spine_ik_spine_1_bind/spine_ik_spine_2_bind final","cat":"step","ph":"X","ts":254577,"dur":1,"pid":1,"tid":0},
{"name":"PoseInterpolator /Biped/Rig/PoseInterpolators/ankleSwing_l_driver","cat":"step","ph":"X","ts":254865,"dur":4,"pid":1,"tid":1},
{"name":"PoseInterpolator /Biped/Rig/PoseInterpolators/ankleSwing_r_driver","cat":"step","ph":"X","ts":254890,"dur":2,"pid":1,"tid":16},
{"name":"PoseInterpolator /Biped/Rig/PoseInterpolators/elbow_l_driver","cat":"step","ph":"X","ts":254656,"dur":2,"pid":1,"tid":11},
{"name":"PoseInterpolator /Biped/Rig/PoseInterpolators/elbow_r_driver","cat":"step","ph":"X","ts":254685,"dur":1,"pid":1,"tid":11},
{"name":"PoseInterpolator /Biped/Rig/PoseInterpolators/index_002_l","cat":"step","ph":"X","ts":254635,"dur":4,"pid":1,"tid":11},
{"name":"PoseInterpolator /Biped/Rig/PoseInterpolators/index_002_r","cat":"step","ph":"X","ts":254658,"dur":2,"pid":1,"tid":11},
{"name":"PoseInterpolator /Biped/Rig/PoseInterpolators/knee_l_driver","cat":"step","ph":"X","ts":254794,"dur":2,"pid":1,"tid":0},
{"name":"PoseInterpolator /Biped/Rig/PoseInterpolators/knee_r_driver","cat":"step","ph":"X","ts":254828,"dur":3,"pid":1,"tid":18},
{"name":"PoseInterpolator /Biped/Rig/PoseInterpolators/middle_002_l","cat":"step","ph":"X","ts":254639,"dur":2,"pid":1,"tid":11},
{"name":"PoseInterpolator /Biped/Rig/PoseInterpolators/middle_002_r","cat":"step","ph":"X","ts":254660,"dur":1,"pid":1,"tid":11},
{"name":"PoseInterpolator /Biped/Rig/PoseInterpolators/neckTwist","cat":"step","ph":"X","ts":255036,"dur":2,"pid":1,"tid":0},
{"name":"PoseInterpolator /Biped/Rig/PoseInterpolators/neck","cat":"step","ph":"X","ts":255038,"dur":1,"pid":1,"tid":0},
{"name":"PoseInterpolator /Biped/Rig/PoseInterpolators/pinky_002_l","cat":"step","ph":"X","ts":254641,"dur":2,"pid":1,"tid":11},
{"name":"PoseInterpolator /Biped/Rig/PoseInterpolators/pinky_002_r","cat":"step","ph":"X","ts":254661,"dur":2,"pid":1,"tid":11},
{"name":"PoseInterpolator /Biped/Rig/PoseInterpolators/ring_002_l","cat":"step","ph":"X","ts":254643,"dur":2,"pid":1,"tid":11},
{"name":"PoseInterpolator /Biped/Rig/PoseInterpolators/ring_002_r","cat":"step","ph":"X","ts":254663,"dur":2,"pid":1,"tid":11},
{"name":"PoseInterpolator /Biped/Rig/PoseInterpolators/shoulder_l_driver","cat":"step","ph":"X","ts":255065,"dur":2,"pid":1,"tid":10},
{"name":"PoseInterpolator /Biped/Rig/PoseInterpolators/shoulder_l_twist_driver","cat":"step","ph":"X","ts":255084,"dur":3,"pid":1,"tid":20},
{"name":"PoseInterpolator /Biped/Rig/PoseInterpolators/shoulder_r_driver","cat":"step","ph":"X","ts":255067,"dur":1,"pid":1,"tid":10},
{"name":"PoseInterpolator /Biped/Rig/PoseInterpolators/shoulder_r_twist_driver","cat":"step","ph":"X","ts":255087,"dur":2,"pid":1,"tid":20},
{"name":"PoseInterpolator /Biped/Rig/PoseInterpolators/thigh_l_driver","cat":"step","ph":"X","ts":254926,"dur":3,"pid":1,"tid":19},
{"name":"PoseInterpolator /Biped/Rig/PoseInterpolators/thigh_r_driver","cat":"step","ph":"X","ts":254929,"dur":2,"pid":1,"tid":19},
{"name":"PoseInterpolator /Biped/Rig/PoseInterpolators/toe_l","cat":"step","ph":"X","ts":254831,"dur":2,"pid":1,"tid":18},
{"name":"PoseInterpolator /Biped/Rig/PoseInterpolators/toe_l_twist","cat":"step","ph":"X","ts":254833,"dur":2,"pid":1,"tid":18},
{"name":"PoseInterpolator /Biped/Rig/PoseInterpolators/toe_r","cat":"step","ph":"X","ts":254848,"dur":2,"pid":1,"tid":18},
{"name":"PoseInterpolator /Biped/Rig/PoseInterpolators/toe_r_twist","cat":"step","ph":"X","ts":254850,"dur":2,"pid":1,"tid":18},
{"name":"PoseInterpolator /Biped/Rig/PoseInterpolators/torso","cat":"step","ph":"X","ts":254421,"dur":5,"pid":1,"tid":0},
{"name":"PoseInterpolator /Biped/Rig/PoseInterpolators/wristSwing_l_driver","cat":"step","ph":"X","ts":254710,"dur":2,"pid":1,"tid":11},
{"name":"PoseInterpolator /Biped/Rig/PoseInterpolators/wristSwing_r_driver","cat":"step","ph":"X","ts":254724,"dur":1,"pid":1,"tid":11},
{"name":"RevisionStatic /Biped/Rig/Movers/shapes_body_geo/body_geo_shapes","cat":"step","ph":"X","ts":255095,"dur":863,"pid":1,"tid":20},
{"name":"RevisionChunk /Biped/Rig/Movers/shapes_body_geo/body_geo_shapes","cat":"step","ph":"X","ts":255968,"dur":414,"pid":1,"tid":20},
{"name":"RevisionFuse /Biped/Rig/Movers/shapes_body_geo/body_geo_shapes","cat":"step","ph":"X","ts":256387,"dur":17,"pid":1,"tid":20},
{"name":"InfluenceFold /Biped/Rig/Movers/skin_body_geo/body_geo_skin","cat":"step","ph":"X","ts":256414,"dur":27,"pid":1,"tid":20},
{"name":"RevisionChunk /Biped/Rig/Movers/skin_body_geo/body_geo_skin","cat":"step","ph":"X","ts":256441,"dur":2228,"pid":1,"tid":20},
{"name":"RevisionFuse /Biped/Rig/Movers/skin_body_geo/body_geo_skin","cat":"step","ph":"X","ts":258669,"dur":4,"pid":1,"tid":20},
{"name":"ChainStatus /Biped/Geom/body_geo.points","cat":"step","ph":"X","ts":258673,"dur":31,"pid":1,"tid":20},
{"name":"Derived /Biped/Geom/body_geo.extent","cat":"step","ph":"X","ts":258704,"dur":633,"pid":1,"tid":20},
{"name":"cluster 0","cat":"cluster","ph":"X","ts":254371,"dur":15,"pid":1,"tid":0,"args":{"level":"1","steps":"21","waitUs":"5"}},
{"name":"cluster 1","cat":"cluster","ph":"X","ts":254387,"dur":11,"pid":1,"tid":0,"args":{"level":"2","steps":"30","waitUs":"1"}},
{"name":"cluster 2","cat":"cluster","ph":"X","ts":254427,"dur":9,"pid":1,"tid":0,"args":{"level":"3","steps":"21","waitUs":"29"}},
{"name":"cluster 3","cat":"cluster","ph":"X","ts":254436,"dur":16,"pid":1,"tid":0,"args":{"level":"4","steps":"22","waitUs":"0"}},
{"name":"cluster 4","cat":"cluster","ph":"X","ts":254456,"dur":14,"pid":1,"tid":2,"args":{"level":"5","steps":"17","waitUs":"4"}},
{"name":"cluster 5","cat":"cluster","ph":"X","ts":254477,"dur":64,"pid":1,"tid":10,"args":{"level":"6","steps":"20","waitUs":"7"}},
{"name":"cluster 6","cat":"cluster","ph":"X","ts":254566,"dur":9,"pid":1,"tid":0,"args":{"level":"7","steps":"16","waitUs":"25"}},
{"name":"cluster 7","cat":"cluster","ph":"X","ts":254576,"dur":11,"pid":1,"tid":15,"args":{"level":"8","steps":"14","waitUs":"1"}},
{"name":"cluster 8","cat":"cluster","ph":"X","ts":254407,"dur":19,"pid":1,"tid":0,"args":{"level":"3","steps":"15","waitUs":"9"}},
{"name":"cluster 9","cat":"cluster","ph":"X","ts":254589,"dur":28,"pid":1,"tid":6,"args":{"level":"9","steps":"15","waitUs":"2"}},
{"name":"cluster 10","cat":"cluster","ph":"X","ts":254619,"dur":18,"pid":1,"tid":15,"args":{"level":"10","steps":"18","waitUs":"2"}},
{"name":"cluster 11","cat":"cluster","ph":"X","ts":254637,"dur":8,"pid":1,"tid":15,"args":{"level":"11","steps":"13","waitUs":"0"}},
{"name":"cluster 12","cat":"cluster","ph":"X","ts":254470,"dur":19,"pid":1,"tid":2,"args":{"level":"6","steps":"8","waitUs":"0"}},
{"name":"cluster 13","cat":"cluster","ph":"X","ts":254654,"dur":15,"pid":1,"tid":6,"args":{"level":"12","steps":"12","waitUs":"0"}},
{"name":"cluster 14","cat":"cluster","ph":"X","ts":254564,"dur":8,"pid":1,"tid":10,"args":{"level":"7","steps":"6","waitUs":"22"}},
{"name":"cluster 15","cat":"cluster","ph":"X","ts":254670,"dur":11,"pid":1,"tid":6,"args":{"level":"13","steps":"6","waitUs":"1"}},
{"name":"cluster 17","cat":"cluster","ph":"X","ts":254453,"dur":11,"pid":1,"tid":0,"args":{"level":"5","steps":"7","waitUs":"1"}},
{"name":"cluster 18","cat":"cluster","ph":"X","ts":254713,"dur":12,"pid":1,"tid":11,"args":{"level":"14","steps":"16","waitUs":"0"}},
{"name":"cluster 19","cat":"cluster","ph":"X","ts":254464,"dur":15,"pid":1,"tid":0,"args":{"level":"6","steps":"1","waitUs":"0"}},
{"name":"cluster 20","cat":"cluster","ph":"X","ts":254620,"dur":23,"pid":1,"tid":16,"args":{"level":"10","steps":"3","waitUs":"2"}},
{"name":"cluster 21","cat":"cluster","ph":"X","ts":254643,"dur":7,"pid":1,"tid":16,"args":{"level":"11","steps":"3","waitUs":"0"}},
{"name":"cluster 22","cat":"cluster","ph":"X","ts":254622,"dur":10,"pid":1,"tid":7,"args":{"level":"10","steps":"3","waitUs":"3"}},
{"name":"cluster 23","cat":"cluster","ph":"X","ts":254640,"dur":14,"pid":1,"tid":6,"args":{"level":"11","steps":"7","waitUs":"0"}},
{"name":"cluster 24","cat":"cluster","ph":"X","ts":254591,"dur":28,"pid":1,"tid":11,"args":{"level":"9","steps":"3","waitUs":"4"}},
{"name":"cluster 25","cat":"cluster","ph":"X","ts":254622,"dur":12,"pid":1,"tid":17,"args":{"level":"10","steps":"3","waitUs":"3"}},
{"name":"cluster 26","cat":"cluster","ph":"X","ts":254591,"dur":10,"pid":1,"tid":3,"args":{"level":"9","steps":"2","waitUs":"4"}},
{"name":"cluster 27","cat":"cluster","ph":"X","ts":254725,"dur":5,"pid":1,"tid":11,"args":{"level":"15","steps":"10","waitUs":"0"}},
{"name":"cluster 28","cat":"cluster","ph":"X","ts":254730,"dur":8,"pid":1,"tid":11,"args":{"level":"16","steps":"4","waitUs":"0"}},
{"name":"cluster 29","cat":"cluster","ph":"X","ts":254738,"dur":14,"pid":1,"tid":11,"args":{"level":"17","steps":"6","waitUs":"0"}},
{"name":"cluster 30","cat":"cluster","ph":"X","ts":254759,"dur":22,"pid":1,"tid":0,"args":{"level":"18","steps":"5","waitUs":"7"}},
{"name":"cluster 31","cat":"cluster","ph":"X","ts":254783,"dur":32,"pid":1,"tid":18,"args":{"level":"19","steps":"5","waitUs":"2"}},
{"name":"cluster 32","cat":"cluster","ph":"X","ts":254575,"dur":3,"pid":1,"tid":0,"args":{"level":"8","steps":"8","waitUs":"0"}},
{"name":"cluster 33","cat":"cluster","ph":"X","ts":254618,"dur":22,"pid":1,"tid":6,"args":{"level":"10","steps":"4","waitUs":"0"}},
{"name":"cluster 34","cat":"cluster","ph":"X","ts":254817,"dur":16,"pid":1,"tid":10,"args":{"level":"20","steps":"3","waitUs":"1"}},
{"name":"cluster 35","cat":"cluster","ph":"X","ts":254835,"dur":18,"pid":1,"tid":1,"args":{"level":"21","steps":"3","waitUs":"2"}},
{"name":"cluster 36","cat":"cluster","ph":"X","ts":254858,"dur":18,"pid":1,"tid":16,"args":{"level":"22","steps":"3","waitUs":"5"}},
{"name":"cluster 37","cat":"cluster","ph":"X","ts":254885,"dur":34,"pid":1,"tid":19,"args":{"level":"23","steps":"2","waitUs":"9"}},
{"name":"cluster 38","cat":"cluster","ph":"X","ts":254920,"dur":11,"pid":1,"tid":3,"args":{"level":"24","steps":"2","waitUs":"1"}},
{"name":"cluster 39","cat":"cluster","ph":"X","ts":254931,"dur":7,"pid":1,"tid":3,"args":{"level":"25","steps":"3","waitUs":"0"}},
{"name":"cluster 40","cat":"cluster","ph":"X","ts":254938,"dur":6,"pid":1,"tid":3,"args":{"level":"26","steps":"2","waitUs":"0"}},
{"name":"cluster 41","cat":"cluster","ph":"X","ts":254944,"dur":8,"pid":1,"tid":3,"args":{"level":"27","steps":"1","waitUs":"0"}},
{"name":"cluster 42","cat":"cluster","ph":"X","ts":254952,"dur":5,"pid":1,"tid":3,"args":{"level":"28","steps":"2","waitUs":"0"}},
{"name":"cluster 43","cat":"cluster","ph":"X","ts":254957,"dur":7,"pid":1,"tid":3,"args":{"level":"29","steps":"1","waitUs":"0"}},
{"name":"cluster 44","cat":"cluster","ph":"X","ts":254964,"dur":6,"pid":1,"tid":3,"args":{"level":"30","steps":"2","waitUs":"0"}},
{"name":"cluster 45","cat":"cluster","ph":"X","ts":254970,"dur":7,"pid":1,"tid":3,"args":{"level":"31","steps":"1","waitUs":"0"}},
{"name":"cluster 46","cat":"cluster","ph":"X","ts":254977,"dur":5,"pid":1,"tid":3,"args":{"level":"32","steps":"2","waitUs":"0"}},
{"name":"cluster 47","cat":"cluster","ph":"X","ts":254982,"dur":7,"pid":1,"tid":3,"args":{"level":"33","steps":"1","waitUs":"0"}},
{"name":"cluster 48","cat":"cluster","ph":"X","ts":254989,"dur":7,"pid":1,"tid":3,"args":{"level":"34","steps":"1","waitUs":"0"}},
{"name":"cluster 49","cat":"cluster","ph":"X","ts":254996,"dur":7,"pid":1,"tid":3,"args":{"level":"35","steps":"4","waitUs":"0"}},
{"name":"cluster 50","cat":"cluster","ph":"X","ts":255003,"dur":9,"pid":1,"tid":3,"args":{"level":"36","steps":"4","waitUs":"0"}},
{"name":"cluster 51","cat":"cluster","ph":"X","ts":255017,"dur":13,"pid":1,"tid":0,"args":{"level":"37","steps":"3","waitUs":"5"}},
{"name":"cluster 52","cat":"cluster","ph":"X","ts":255033,"dur":12,"pid":1,"tid":10,"args":{"level":"38","steps":"3","waitUs":"3"}},
{"name":"cluster 53","cat":"cluster","ph":"X","ts":255045,"dur":15,"pid":1,"tid":10,"args":{"level":"39","steps":"7","waitUs":"0"}},
{"name":"cluster 54","cat":"cluster","ph":"X","ts":255062,"dur":14,"pid":1,"tid":20,"args":{"level":"40","steps":"2","waitUs":"2"}},
{"name":"cluster 55","cat":"cluster","ph":"X","ts":255076,"dur":13,"pid":1,"tid":20,"args":{"level":"41","steps":"5","waitUs":"0"}},
{"name":"cluster 56","cat":"cluster","ph":"X","ts":255089,"dur":869,"pid":1,"tid":20,"args":{"level":"42","steps":"3","waitUs":"0"}},
{"name":"cluster 57","cat":"cluster","ph":"X","ts":255958,"dur":424,"pid":1,"tid":20,"args":{"level":"43","steps":"2","waitUs":"0"}},
{"name":"cluster 58","cat":"cluster","ph":"X","ts":256382,"dur":22,"pid":1,"tid":20,"args":{"level":"44","steps":"3","waitUs":"0"}},
{"name":"cluster 59","cat":"cluster","ph":"X","ts":256404,"dur":10,"pid":1,"tid":20,"args":{"level":"46","steps":"28","waitUs":"0"}},
{"name":"cluster 60","cat":"cluster","ph":"X","ts":254587,"dur":19,"pid":1,"tid":15,"args":{"level":"9","steps":"7","waitUs":"0"}},
{"name":"cluster 61","cat":"cluster","ph":"X","ts":254817,"dur":12,"pid":1,"tid":13,"args":{"level":"20","steps":"2","waitUs":"1"}},
{"name":"cluster 62","cat":"cluster","ph":"X","ts":254645,"dur":20,"pid":1,"tid":11,"args":{"level":"11","steps":"12","waitUs":"0"}},
{"name":"cluster 63","cat":"cluster","ph":"X","ts":254833,"dur":6,"pid":1,"tid":10,"args":{"level":"21","steps":"3","waitUs":"0"}},
{"name":"cluster 64","cat":"cluster","ph":"X","ts":255016,"dur":3,"pid":1,"tid":3,"args":{"level":"37","steps":"8","waitUs":"4"}},
{"name":"cluster 65","cat":"cluster","ph":"X","ts":254757,"dur":11,"pid":1,"tid":11,"args":{"level":"18","steps":"7","waitUs":"5"}},
{"name":"cluster 66","cat":"cluster","ph":"X","ts":254860,"dur":15,"pid":1,"tid":2,"args":{"level":"22","steps":"2","waitUs":"6"}},
{"name":"cluster 67","cat":"cluster","ph":"X","ts":255030,"dur":9,"pid":1,"tid":0,"args":{"level":"38","steps":"5","waitUs":"0"}},
{"name":"cluster 68","cat":"cluster","ph":"X","ts":254884,"dur":8,"pid":1,"tid":16,"args":{"level":"23","steps":"8","waitUs":"8"}},
{"name":"cluster 69","cat":"cluster","ph":"X","ts":254919,"dur":12,"pid":1,"tid":19,"args":{"level":"24","steps":"6","waitUs":"0"}},
{"name":"cluster 70","cat":"cluster","ph":"X","ts":254854,"dur":15,"pid":1,"tid":1,"args":{"level":"22","steps":"7","waitUs":"0"}},
{"name":"cluster 71","cat":"cluster","ph":"X","ts":254835,"dur":17,"pid":1,"tid":18,"args":{"level":"21","steps":"12","waitUs":"0"}},
{"name":"cluster 72","cat":"cluster","ph":"X","ts":254816,"dur":19,"pid":1,"tid":18,"args":{"level":"20","steps":"29","waitUs":"0"}},
{"name":"cluster 73","cat":"cluster","ph":"X","ts":254781,"dur":15,"pid":1,"tid":0,"args":{"level":"19","steps":"28","waitUs":"0"}},
{"name":"cluster 74","cat":"cluster","ph":"X","ts":254665,"dur":22,"pid":1,"tid":11,"args":{"level":"12","steps":"31","waitUs":"0"}},
{"name":"cluster 75","cat":"cluster","ph":"X","ts":255060,"dur":8,"pid":1,"tid":10,"args":{"level":"40","steps":"6","waitUs":"0"}},
{"name":"cluster 76","cat":"cluster","ph":"X","ts":254687,"dur":25,"pid":1,"tid":11,"args":{"level":"13","steps":"37","waitUs":"0"}},
{"name":"cluster 77","cat":"cluster","ph":"X","ts":254620,"dur":25,"pid":1,"tid":11,"args":{"level":"10","steps":"12","waitUs":"0"}},
{"name":"cluster 78","cat":"cluster","ph":"X","ts":256414,"dur":27,"pid":1,"tid":20,"args":{"level":"47","steps":"1","waitUs":"0"}},
{"name":"cluster 79","cat":"cluster","ph":"X","ts":256441,"dur":2228,"pid":1,"tid":20,"args":{"level":"48","steps":"1","waitUs":"0"}},
{"name":"cluster 80","cat":"cluster","ph":"X","ts":258669,"dur":4,"pid":1,"tid":20,"args":{"level":"49","steps":"1","waitUs":"0"}},
{"name":"cluster 81","cat":"cluster","ph":"X","ts":258673,"dur":664,"pid":1,"tid":20,"args":{"level":"51","steps":"2","waitUs":"0"}},
{"name":"BakedPublish","cat":"baked","ph":"X","ts":259535,"dur":74,"pid":1,"tid":0},
{"name":"BakedEpilogue","cat":"baked","ph":"X","ts":259350,"dur":300,"pid":1,"tid":0},
{"name":"Baked","cat":"baked","ph":"X","ts":253670,"dur":5981,"pid":1,"tid":0},
{"name":"Evaluate@2","cat":"evaluate","ph":"X","ts":253667,"dur":5986,"pid":1,"tid":0},
{"name":"PropertyChain /Biped/Rig/Movers/ballRoll_l_down_rc/ballRoll_l_down_rotation.inputs:defaultWeight","cat":"property","ph":"X","ts":259895,"dur":56,"pid":1,"tid":0},
{"name":"PropertyChain /Biped/Rig/Movers/ballRoll_l_up_rc/ballRoll_l_up_rotation.inputs:defaultWeight","cat":"property","ph":"X","ts":259952,"dur":14,"pid":1,"tid":0},
{"name":"PropertyChain /Biped/Rig/Movers/ballRoll_r_down_rc/ballRoll_r_down_rotation.inputs:defaultWeight","cat":"property","ph":"X","ts":259967,"dur":30,"pid":1,"tid":0},
{"name":"PropertyChain /Biped/Rig/Movers/ballRoll_r_up_rc/ballRoll_r_up_rotation.inputs:defaultWeight","cat":"property","ph":"X","ts":259998,"dur":56,"pid":1,"tid":0},
{"name":"PropertyChain /Biped/Rig/Movers/bankIn_l_pivot_rc/bankIn_l_pivot_rotation.inputs:defaultWeight","cat":"property","ph":"X","ts":260057,"dur":11,"pid":1,"tid":0},
{"name":"PropertyChain /Biped/Rig/Movers/bankIn_r_pivot_rc/bankIn_r_pivot_rotation.inputs:defaultWeight","cat":"property","ph":"X","ts":260069,"dur":10,"pid":1,"tid":0},
{"name":"PropertyChain /Biped/Rig/Movers/bankOut_l_pivot_rc/bankOut_l_pivot_rotation.inputs:defaultWeight","cat":"property","ph":"X","ts":260080,"dur":8,"pid":1,"tid":0},
{"name":"PropertyChain /Biped/Rig/Movers/bankOut_r_pivot_rc/bankOut_r_pivot_rotation.inputs:defaultWeight","cat":"property","ph":"X","ts":260089,"dur":9,"pid":1,"tid":0},
{"name":"PropertyChain /Biped/Rig/Movers/heel_l_roll_rc/heel_l_roll_rotation.inputs:defaultWeight","cat":"property","ph":"X","ts":260098,"dur":8,"pid":1,"tid":0},
{"name":"PropertyChain /Biped/Rig/Movers/heel_r_roll_rc/heel_r_roll_rotation.inputs:defaultWeight","cat":"property","ph":"X","ts":260106,"dur":9,"pid":1,"tid":0},
{"name":"PropertyChain /Biped/Rig/Movers/toe_l_roll_rc/toe_l_roll_rotation.inputs:defaultWeight","cat":"property","ph":"X","ts":260115,"dur":14,"pid":1,"tid":0},
{"name":"PropertyChain /Biped/Rig/Movers/toe_r_roll_rc/toe_r_roll_rotation.inputs:defaultWeight","cat":"property","ph":"X","ts":260130,"dur":14,"pid":1,"tid":0},
{"name":"PropertyChains","cat":"property","ph":"X","ts":259892,"dur":254,"pid":1,"tid":0},
{"name":"BakedInputs","cat":"baked","ph":"X","ts":260146,"dur":11,"pid":1,"tid":0},
{"name":"BakedChainBase","cat":"geometry","ph":"X","ts":260489,"dur":31,"pid":1,"tid":0},
{"name":"BakedPrologue","cat":"baked","ph":"X","ts":259888,"dur":632,"pid":1,"tid":0},
{"name":"BakedRegion","cat":"baked","ph":"X","ts":260521,"dur":5171,"pid":1,"tid":0},
{"name":"ComposeSubtree /Biped/Rig/Controls/arm_l_ik","cat":"step","ph":"X","ts":260585,"dur":3,"pid":1,"tid":0},
{"name":"ComposeSubtree /Biped/Rig/Controls/arm_r_params","cat":"step","ph":"X","ts":260588,"dur":1,"pid":1,"tid":0},
{"name":"ComposeSubtree /Biped/Rig/Controls/hips_ctl","cat":"step","ph":"X","ts":260589,"dur":2,"pid":1,"tid":0},
{"name":"ComposeSubtree /Biped/Rig/Controls/hips_ctl/spine_root_pivot/spine_root_ctl","cat":"step","ph":"X","ts":260600,"dur":1,"pid":1,"tid":0},
{"name":"ComposeSubtree /Biped/Rig/Controls/hips_ctl/spine_root_pivot/spine_root_ctl/pelvis_r_ctl/leg_r_root/leg_r_fk_thigh_r_bind/leg_r_fk_knee_r_bind","cat":"step","ph":"X","ts":260686,"dur":9,"pid":1,"tid":20},
{"name":"ComposeSubtree /Biped/Rig/Controls/hips_ctl/torso_ctl/spine_end_pivot/spine_end_ctl","cat":"step","ph":"X","ts":260639,"dur":1,"pid":1,"tid":0},
{"name":"ComposeSubtree /Biped/Rig/Controls/hips_ctl/torso_ctl/spine_end_pivot/spine_end_ctl/clavicle_l_ctl/arm_l_root","cat":"step","ph":"X","ts":260648,"dur":1,"pid":1,"tid":0},
{"name":"ComposeSubtree /Biped/Rig/Controls/hips_ctl/torso_ctl/spine_end_pivot/spine_end_ctl/clavicle_l_ctl/arm_l_root/arm_l_fk_shoulder_l_bind/arm_l_fk_elbow_l_bind","cat":"step","ph":"X","ts":260695,"dur":4,"pid":1,"tid":20},
{"name":"ComposeSubtree /Biped/Rig/Controls/hips_ctl/torso_ctl/spine_end_pivot/spine_end_ctl/clavicle_r_ctl/arm_r_root/arm_r_fk_shoulder_r_bind","cat":"step","ph":"X","ts":260699,"dur":1,"pid":1,"tid":20},
{"name":"ComposeSubtree /Biped/Rig/Controls/hips_ctl/torso_ctl/spine_end_pivot/spine_end_ctl/clavicle_r_ctl/arm_r_root/arm_r_fk_shoulder_r_bind/arm_r_fk_elbow_r_bind","cat":"step","ph":"X","ts":260752,"dur":3,"pid":1,"tid":2},
{"name":"ComposeSubtree /Biped/Rig/Controls/hips_ctl/torso_ctl/spine_end_pivot/spine_end_ctl/neck_root_ctl","cat":"step","ph":"X","ts":260649,"dur":1,"pid":1,"tid":0},
{"name":"ComposeSubtree /Biped/Rig/Controls/hips_ctl/torso_ctl/spine_end_pivot/spine_end_ctl/neck_root_ctl/neck_end_pivot","cat":"step","ph":"X","ts":260700,"dur":3,"pid":1,"tid":20},
{"name":"ComposeSubtree /Biped/Rig/Controls/index_001_l_bind_fk_follow","cat":"step","ph":"X","ts":260591,"dur":1,"pid":1,"tid":0},
{"name":"ComposeSubtree /Biped/Rig/Controls/index_001_r_bind_fk_follow/index_001_r_bind_fk/index_002_r_bind_fk/index_003_r_bind_fk","cat":"step","ph":"X","ts":260640,"dur":1,"pid":1,"tid":0},
{"name":"ComposeSubtree /Biped/Rig/Controls/leg_l_ik","cat":"step","ph":"X","ts":260592,"dur":1,"pid":1,"tid":0},
{"name":"ComposeSubtree /Biped/Rig/Controls/leg_l_ik/ankle_l_pivot/bankIn_l_pivot/bankOut_l_pivot/heel_l_roll/heel_l/ball_l_pivot/toe_l_roll/toe_l","cat":"step","ph":"X","ts":260703,"dur":3,"pid":1,"tid":20},
{"name":"ComposeSubtree /Biped/Rig/Controls/leg_l_ik/ankle_l_pivot/bankIn_l_pivot/bankOut_l_pivot/heel_l_roll/heel_l/ball_l_pivot/toe_l_roll/toe_l/ballRoll_l_up/ballRoll_l_down/ballRoll_l/ankle_l_ikTarget","cat":"step","ph":"X","ts":260777,"dur":8,"pid":1,"tid":21},
{"name":"ComposeSubtree /Biped/Rig/Controls/leg_l_ik/ankle_l_pivot/bankIn_l_pivot/bankOut_l_pivot/heel_l_roll/heel_l/ball_l_pivot/toe_l_roll/toe_l/ballRoll_l_up/ballRoll_l_down_twin","cat":"step","ph":"X","ts":260755,"dur":2,"pid":1,"tid":2},
{"name":"ComposeSubtree /Biped/Rig/Controls/leg_l_ik/ankle_l_pivot/bankIn_l_pivot/bankOut_l_pivot/heel_l_roll/heel_l/ball_l_pivot/toe_l_roll/toe_l/toeBend_l/toeBend_l_fk","cat":"step","ph":"X","ts":260785,"dur":3,"pid":1,"tid":21},
{"name":"ComposeSubtree /Biped/Rig/Controls/leg_l_ik/ankle_l_pivot/bankIn_l_pivot/bankOut_l_pivot/heel_l_roll/heel_l/ball_l_pivot/toe_l_roll_twin","cat":"step","ph":"X","ts":260706,"dur":6,"pid":1,"tid":20},
{"name":"ComposeSubtree /Biped/Rig/Controls/leg_l_ik/ankle_l_pivot/bankIn_l_pivot/bankOut_l_pivot_twin","cat":"step","ph":"X","ts":260641,"dur":1,"pid":1,"tid":0},
{"name":"ComposeSubtree /Biped/Rig/Controls/leg_l_ik/ankle_l_pivot/bank_l","cat":"step","ph":"X","ts":260602,"dur":1,"pid":1,"tid":0},
{"name":"ComposeSubtree /Biped/Rig/Controls/leg_r_ik/ankle_r_pivot/bankIn_r_pivot/bankOut_r_pivot/heel_r_roll/heel_r/ball_r_pivot/toe_r_roll","cat":"step","ph":"X","ts":260713,"dur":3,"pid":1,"tid":20},
{"name":"ComposeSubtree /Biped/Rig/Controls/leg_r_ik/ankle_r_pivot/bankIn_r_pivot/bankOut_r_pivot/heel_r_roll/heel_r/ball_r_pivot/toe_r_roll/toe_r/ballRoll_r_up","cat":"step","ph":"X","ts":260757,"dur":1,"pid":1,"tid":2},
{"name":"ComposeSubtree /Biped/Rig/Controls/leg_r_ik/ankle_r_pivot/bankIn_r_pivot/bankOut_r_pivot/heel_r_roll/heel_r/ball_r_pivot/toe_r_roll/toe_r/ballRoll_r_up/ballRoll_r_down/ballRoll_r","cat":"step","ph":"X","ts":260788,"dur":3,"pid":1,"tid":21},
{"name":"ComposeSubtree /Biped/Rig/Controls/leg_r_ik/ankle_r_pivot/bankIn_r_pivot/bankOut_r_pivot/heel_r_roll/heel_r/ball_r_pivot/toe_r_roll/toe_r/ballRoll_r_up/ballRoll_r_down/ballRoll_r/ball_r_ikTarget","cat":"step","ph":"X","ts":260817,"dur":1,"pid":1,"tid":0},
{"name":"ComposeSubtree /Biped/Rig/Controls/leg_r_ik/ankle_r_pivot/bankIn_r_pivot/bankOut_r_pivot/heel_r_roll/heel_r/ball_r_pivot/toe_r_roll/toe_r/ballRoll_r_up_twin","cat":"step","ph":"X","ts":260758,"dur":1,"pid":1,"tid":2},
{"name":"ComposeSubtree /Biped/Rig/Controls/leg_r_ik/ankle_r_pivot/bankIn_r_pivot/bankOut_r_pivot/heel_r_roll/heel_r/ball_r_pivot/toe_r_roll/toe_r/toeBend_r/toeBend_r_fk","cat":"step","ph":"X","ts":260791,"dur":2,"pid":1,"tid":21},
{"name":"ComposeSubtree /Biped/Rig/Controls/leg_r_ik/ankle_r_pivot/bankIn_r_pivot/bankOut_r_pivot/heel_r_roll/heel_r/ball_r_pivot/toe_r_roll_twin","cat":"step","ph":"X","ts":260716,"dur":3,"pid":1,"tid":20},
{"name":"ComposeSubtree /Biped/Rig/Controls/leg_r_ik/ankle_r_pivot/bankIn_r_pivot/bankOut_r_pivot_twin","cat":"step","ph":"X","ts":260642,"dur":1,"pid":1,"tid":0},
{"name":"ComposeSubtree /Biped/Rig/Controls/leg_r_ik/ankle_r_pivot/bank_r","cat":"step","ph":"X","ts":260643,"dur":1,"pid":1,"tid":0},
{"name":"ComposeSubtree /Biped/Rig/Controls/leg_r_pv","cat":"step","ph":"X","ts":260593,"dur":1,"pid":1,"tid":0},
{"name":"ComposeSubtree /Biped/Rig/Controls/middle_001_l_bind_fk_follow/middle_001_l_bind_fk","cat":"step","ph":"X","ts":260603,"dur":1,"pid":1,"tid":0},
{"name":"ComposeSubtree /Biped/Rig/Controls/middle_001_r_bind_fk_follow","cat":"step","ph":"X","ts":260594,"dur":1,"pid":1,"tid":0},
{"name":"ComposeSubtree /Biped/Rig/Controls/pinkyCup_l_bind_fk_follow/pinkyCup_l_bind_fk/pinky_001_l_bind_fk/pinky_002_l_bind_fk/pinky_003_l_bind_fk","cat":"step","ph":"X","ts":260644,"dur":1,"pid":1,"tid":0},
{"name":"ComposeSubtree /Biped/Rig/Controls/pinkyCup_r_bind_fk_follow","cat":"step","ph":"X","ts":260595,"dur":1,"pid":1,"tid":0},
{"name":"ComposeSubtree /Biped/Rig/Controls/ring_001_l_bind_fk_follow/ring_001_l_bind_fk/ring_002_l_bind_fk","cat":"step","ph":"X","ts":260604,"dur":1,"pid":1,"tid":0},
{"name":"ComposeSubtree /Biped/Rig/Controls/ring_001_r_bind_fk_follow/ring_001_r_bind_fk/ring_002_r_bind_fk/ring_003_r_bind_fk","cat":"step","ph":"X","ts":260645,"dur":1,"pid":1,"tid":0},
{"name":"ComposeSubtree /Biped/Rig/Controls/spine_mid_follow","cat":"step","ph":"X","ts":260596,"dur":1,"pid":1,"tid":0},
{"name":"ComposeSubtree /Biped/Rig/Controls/thumbCup_r_bind_fk_follow","cat":"step","ph":"X","ts":260597,"dur":1,"pid":1,"tid":0},
{"name":"ComposeSubtree /Biped/Rig/Joints/ankle_l_pivot/bankIn_l_pivot/bankOut_l_pivot","cat":"step","ph":"X","ts":260605,"dur":1,"pid":1,"tid":0},
{"name":"ComposeSubtree /Biped/Rig/Joints/ankle_l_pivot/bankIn_l_pivot/bankOut_l_pivot/heel_l_pivot/ball_l_pivot","cat":"step","ph":"X","ts":260646,"dur":1,"pid":1,"tid":0},
{"name":"ComposeSubtree /Biped/Rig/Joints/ankle_l_pivot/bankIn_l_pivot/bankOut_l_pivot/heel_l_pivot/ball_l_pivot/toe_l_pivot/ballRoll_l_pivot","cat":"step","ph":"X","ts":260650,"dur":1,"pid":1,"tid":0},
{"name":"ComposeSubtree /Biped/Rig/Joints/ankle_r_pivot","cat":"step","ph":"X","ts":260598,"dur":1,"pid":1,"tid":0},
{"name":"ComposeSubtree /Biped/Rig/Joints/hips_bind/pelvis_l_bind/thighNoTwist_l_bind","cat":"step","ph":"X","ts":260606,"dur":1,"pid":1,"tid":0},
{"name":"ComposeSubtree /Biped/Rig/Joints/hips_bind/pelvis_l_bind/thigh_l_bind/knee_l_bind/ankle_l_bind/ball_l_bind/toe1_001_l_bind/toe1_002_l_bind","cat":"step","ph":"X","ts":260719,"dur":2,"pid":1,"tid":20},
{"name":"ComposeSubtree /Biped/Rig/Joints/hips_bind/pelvis_l_bind/thigh_l_bind/knee_l_bind/ankle_l_bind/ball_l_bind/toe2_001_l_bind","cat":"step","ph":"X","ts":260722,"dur":2,"pid":1,"tid":20},
{"name":"ComposeSubtree /Biped/Rig/Joints/hips_bind/pelvis_l_bind/thigh_l_bind/knee_l_bind/ankle_l_bind/ball_l_bind/toe3_001_l_bind","cat":"step","ph":"X","ts":260725,"dur":2,"pid":1,"tid":20},
{"name":"ComposeSubtree /Biped/Rig/Joints/hips_bind/pelvis_l_bind/thigh_l_bind/knee_l_bind/ankle_l_bind/ball_l_bind/toe3_001_l_bind/toe3_002_l_bind/toe3_003_l_bind","cat":"step","ph":"X","ts":260760,"dur":1,"pid":1,"tid":2},
{"name":"ComposeSubtree /Biped/Rig/Joints/hips_bind/pelvis_l_bind/thigh_l_bind/knee_l_bind/ankle_l_bind/ball_l_bind/toe4_001_l_bind","cat":"step","ph":"X","ts":260727,"dur":3,"pid":1,"tid":20},
{"name":"ComposeSubtree /Biped/Rig/Joints/hips_bind/pelvis_l_bind/thigh_l_bind/knee_l_bind/ankle_l_bind/ball_l_bind/toe5_001_l_bind","cat":"step","ph":"X","ts":260730,"dur":2,"pid":1,"tid":20},
{"name":"ComposeSubtree /Biped/Rig/Joints/hips_bind/pelvis_l_bind/thigh_l_bind/knee_l_bind/ankle_l_bind/ball_l_bind/toe5_001_l_bind/toe5_002_l_bind/toe5_003_l_bind","cat":"step","ph":"X","ts":260761,"dur":1,"pid":1,"tid":2},
{"name":"ComposeSubtree /Biped/Rig/Joints/hips_bind/pelvis_l_bind/thigh_l_bind/knee_l_bind/ankle_l_bind/ball_l_bind/toe_l_bind","cat":"step","ph":"X","ts":260732,"dur":2,"pid":1,"tid":20},
{"name":"ComposeSubtree /Biped/Rig/Joints/hips_bind/pelvis_l_bind/thigh_l_bind/knee_l_bind/kneeTwist_l_bind","cat":"step","ph":"X","ts":260621,"dur":1,"pid":1,"tid":0},
{"name":"ComposeSubtree /Biped/Rig/Joints/hips_bind/pelvis_r_bind","cat":"step","ph":"X","ts":260607,"dur":1,"pid":1,"tid":0},
{"name":"ComposeSubtree /Biped/Rig/Joints/hips_bind/pelvis_r_bind/pelvis_trans_r_bind/thigh_r_driver","cat":"step","ph":"X","ts":260651,"dur":1,"pid":1,"tid":0},
{"name":"ComposeSubtree /Biped/Rig/Joints/hips_bind/pelvis_r_bind/thighNoTwist_r_bind","cat":"step","ph":"X","ts":260622,"dur":1,"pid":1,"tid":0},
{"name":"ComposeSubtree /Biped/Rig/Joints/hips_bind/pelvis_r_bind/thigh_r_bind/knee_r_bind/ankleTwist_r_driver","cat":"step","ph":"X","ts":260652,"dur":1,"pid":1,"tid":0},
{"name":"ComposeSubtree /Biped/Rig/Joints/hips_bind/pelvis_r_bind/thigh_r_bind/knee_r_bind/ankle_r_bind/ball_r_bind","cat":"step","ph":"X","ts":260735,"dur":2,"pid":1,"tid":20},
{"name":"ComposeSubtree /Biped/Rig/Joints/hips_bind/pelvis_r_bind/thigh_r_bind/knee_r_bind/ankle_r_bind/ball_r_bind/toe1_001_r_bind/toe1_002_r_bind/toe1_003_r_bind","cat":"step","ph":"X","ts":260794,"dur":3,"pid":1,"tid":21},
{"name":"ComposeSubtree /Biped/Rig/Joints/hips_bind/pelvis_r_bind/thigh_r_bind/knee_r_bind/ankle_r_bind/ball_r_bind/toe2_001_r_bind","cat":"step","ph":"X","ts":260762,"dur":1,"pid":1,"tid":2},
{"name":"ComposeSubtree /Biped/Rig/Joints/hips_bind/pelvis_r_bind/thigh_r_bind/knee_r_bind/ankle_r_bind/ball_r_bind/toe2_001_r_bind/toe2_002_r_bind/toe2_003_r_bind","cat":"step","ph":"X","ts":260797,"dur":2,"pid":1,"tid":21},
{"name":"ComposeSubtree /Biped/Rig/Joints/hips_bind/pelvis_r_bind/thigh_r_bind/knee_r_bind/ankle_r_bind/ball_r_bind/toe3_001_r_bind/toe3_002_r_bind/toe3_003_r_bind","cat":"step","ph":"X","ts":260799,"dur":2,"pid":1,"tid":21},
{"name":"ComposeSubtree /Biped/Rig/Joints/hips_bind/pelvis_r_bind/thigh_r_bind/knee_r_bind/ankle_r_bind/ball_r_bind/toe4_001_r_bind/toe4_002_r_bind/toe4_003_r_bind","cat":"step","ph":"X","ts":260801,"dur":1,"pid":1,"tid":21},
{"name":"ComposeSubtree /Biped/Rig/Joints/hips_bind/pelvis_r_bind/thigh_r_bind/knee_r_bind/ankle_r_bind/ball_r_bind/toe5_001_r_bind","cat":"step","ph":"X","ts":260764,"dur":1,"pid":1,"tid":2},
{"name":"ComposeSubtree /Biped/Rig/Joints/hips_bind/pelvis_r_bind/thigh_r_bind/knee_r_bind/ankle_r_bind/ball_r_bind/toe5_001_r_bind/toe5_002_r_bind/toe5_003_r_bind","cat":"step","ph":"X","ts":260802,"dur":1,"pid":1,"tid":21},
{"name":"ComposeSubtree /Biped/Rig/Joints/hips_bind/spine_0_bind/spine_1_bind/spine_2_bind","cat":"step","ph":"X","ts":260623,"dur":1,"pid":1,"tid":0},
{"name":"ComposeSubtree /Biped/Rig/Joints/hips_bind/spine_0_bind/spine_1_bind/spine_2_bind/spine_3_bind/spine_4_bind","cat":"step","ph":"X","ts":260653,"dur":1,"pid":1,"tid":0},
{"name":"ComposeSubtree /Biped/Rig/Joints/hips_bind/spine_0_bind/spine_1_bind/spine_2_bind/spine_3_bind/spine_4_bind/spine_5_bind/chest_bind","cat":"step","ph":"X","ts":260737,"dur":3,"pid":1,"tid":20},
{"name":"ComposeSubtree /Biped/Rig/Joints/hips_bind/spine_0_bind/spine_1_bind/spine_2_bind/spine_3_bind/spine_4_bind/spine_5_bind/chest_bind/clavicle_l_bind/clavicle_trans_combo_l_driver","cat":"step","ph":"X","ts":260765,"dur":1,"pid":1,"tid":2},
{"name":"ComposeSubtree /Biped/Rig/Joints/hips_bind/spine_0_bind/spine_1_bind/spine_2_bind/spine_3_bind/spine_4_bind/spine_5_bind/chest_bind/clavicle_l_bind/clavicle_trans_l_bind/shoulder_l_driver","cat":"step","ph":"X","ts":260803,"dur":1,"pid":1,"tid":21},
{"name":"ComposeSubtree /Biped/Rig/Joints/hips_bind/spine_0_bind/spine_1_bind/spine_2_bind/spine_3_bind/spine_4_bind/spine_5_bind/chest_bind/clavicle_l_bind/shoulder_l_bind/elbow_l_bind/elbowTwist_l_bind","cat":"step","ph":"X","ts":260804,"dur":1,"pid":1,"tid":21},
{"name":"ComposeSubtree /Biped/Rig/Joints/hips_bind/spine_0_bind/spine_1_bind/spine_2_bind/spine_3_bind/spine_4_bind/spine_5_bind/chest_bind/clavicle_l_bind/shoulder_l_bind/elbow_l_bind/wristTwist_l_bind","cat":"step","ph":"X","ts":260805,"dur":1,"pid":1,"tid":21},
{"name":"ComposeSubtree /Biped/Rig/Joints/hips_bind/spine_0_bind/spine_1_bind/spine_2_bind/spine_3_bind/spine_4_bind/spine_5_bind/chest_bind/clavicle_l_bind/shoulder_l_bind/elbow_l_bind/wrist_l_bind/index_001_l_bind","cat":"step","ph":"X","ts":260818,"dur":1,"pid":1,"tid":0},
{"name":"ComposeSubtree /Biped/Rig/Joints/hips_bind/spine_0_bind/spine_1_bind/spine_2_bind/spine_3_bind/spine_4_bind/spine_5_bind/chest_bind/clavicle_l_bind/shoulder_l_bind/elbow_l_bind/wrist_l_bind/index_001_l_bind/index_002_l_bind","cat":"step","ph":"X","ts":260832,"dur":2,"pid":1,"tid":22},
{"name":"ComposeSubtree /Biped/Rig/Joints/hips_bind/spine_0_bind/spine_1_bind/spine_2_bind/spine_3_bind/spine_4_bind/spine_5_bind/chest_bind/clavicle_l_bind/shoulder_l_bind/elbow_l_bind/wrist_l_bind/index_001_l_bind/index_002_l_bind/index_003_l_bind/index_004_l_bind","cat":"step","ph":"X","ts":260859,"dur":1,"pid":1,"tid":16},
{"name":"ComposeSubtree /Biped/Rig/Joints/hips_bind/spine_0_bind/spine_1_bind/spine_2_bind/spine_3_bind/spine_4_bind/spine_5_bind/chest_bind/clavicle_l_bind/shoulder_l_bind/elbow_l_bind/wrist_l_bind/middle_001_l_bind","cat":"step","ph":"X","ts":260819,"dur":1,"pid":1,"tid":0},
{"name":"ComposeSubtree /Biped/Rig/Joints/hips_bind/spine_0_bind/spine_1_bind/spine_2_bind/spine_3_bind/spine_4_bind/spine_5_bind/chest_bind/clavicle_l_bind/shoulder_l_bind/elbow_l_bind/wrist_l_bind/middle_001_l_bind/middle_002_l_bind/middle_003_l_bind/middle_004_l_bind","cat":"step","ph":"X","ts":260860,"dur":1,"pid":1,"tid":16},
{"name":"ComposeSubtree /Biped/Rig/Joints/hips_bind/spine_0_bind/spine_1_bind/spine_2_bind/spine_3_bind/spine_4_bind/spine_5_bind/chest_bind/clavicle_l_bind/shoulder_l_bind/elbow_l_bind/wrist_l_bind/pinkyCup_l_bind/pinky_001_l_bind/pinky_002_combo_l_driver","cat":"step","ph":"X","ts":260834,"dur":1,"pid":1,"tid":22},
{"name":"ComposeSubtree /Biped/Rig/Joints/hips_bind/spine_0_bind/spine_1_bind/spine_2_bind/spine_3_bind/spine_4_bind/spine_5_bind/chest_bind/clavicle_l_bind/shoulder_l_bind/elbow_l_bind/wrist_l_bind/ring_001_l_bind","cat":"step","ph":"X","ts":260820,"dur":1,"pid":1,"tid":0},
{"name":"ComposeSubtree /Biped/Rig/Joints/hips_bind/spine_0_bind/spine_1_bind/spine_2_bind/spine_3_bind/spine_4_bind/spine_5_bind/chest_bind/clavicle_l_bind/shoulder_l_bind/elbow_l_bind/wrist_l_bind/ring_001_l_bind/ring_002_l_bind/ring_003_l_bind/ring_004_l_bind","cat":"step","ph":"X","ts":260861,"dur":1,"pid":1,"tid":16},
{"name":"ComposeSubtree /Biped/Rig/Joints/hips_bind/spine_0_bind/spine_1_bind/spine_2_bind/spine_3_bind/spine_4_bind/spine_5_bind/chest_bind/clavicle_l_bind/shoulder_l_bind/elbow_l_bind/wrist_l_bind/thumbCup_l_bind/thumb_001_l_bind/thumb_002_l_bind","cat":"step","ph":"X","ts":260835,"dur":1,"pid":1,"tid":22},
{"name":"ComposeSubtree /Biped/Rig/Joints/hips_bind/spine_0_bind/spine_1_bind/spine_2_bind/spine_3_bind/spine_4_bind/spine_5_bind/chest_bind/clavicle_r_bind","cat":"step","ph":"X","ts":260750,"dur":2,"pid":1,"tid":20},
{"name":"ComposeSubtree /Biped/Rig/Joints/hips_bind/spine_0_bind/spine_1_bind/spine_2_bind/spine_3_bind/spine_4_bind/spine_5_bind/chest_bind/clavicle_r_bind/clavicle_trans_r_bind","cat":"step","ph":"X","ts":260806,"dur":1,"pid":1,"tid":21},
{"name":"ComposeSubtree /Biped/Rig/Joints/hips_bind/spine_0_bind/spine_1_bind/spine_2_bind/spine_3_bind/spine_4_bind/spine_5_bind/chest_bind/clavicle_r_bind/clavicle_trans_r_bind/shoulder_r_driver","cat":"step","ph":"X","ts":260821,"dur":1,"pid":1,"tid":0},
{"name":"ComposeSubtree /Biped/Rig/Joints/hips_bind/spine_0_bind/spine_1_bind/spine_2_bind/spine_3_bind/spine_4_bind/spine_5_bind/chest_bind/clavicle_r_bind/shoulderNoTwist_r_bind","cat":"step","ph":"X","ts":260807,"dur":1,"pid":1,"tid":21},
{"name":"ComposeSubtree /Biped/Rig/Joints/hips_bind/spine_0_bind/spine_1_bind/spine_2_bind/spine_3_bind/spine_4_bind/spine_5_bind/chest_bind/clavicle_r_bind/shoulder_r_bind/elbow_r_bind/wristTwist_r_bind","cat":"step","ph":"X","ts":260822,"dur":1,"pid":1,"tid":0},
{"name":"ComposeSubtree /Biped/Rig/Joints/hips_bind/spine_0_bind/spine_1_bind/spine_2_bind/spine_3_bind/spine_4_bind/spine_5_bind/chest_bind/clavicle_r_bind/shoulder_r_bind/elbow_r_bind/wrist_r_bind/index_001_r_bind/index_002_r_bind","cat":"step","ph":"X","ts":260862,"dur":1,"pid":1,"tid":16},
{"name":"ComposeSubtree /Biped/Rig/Joints/hips_bind/spine_0_bind/spine_1_bind/spine_2_bind/spine_3_bind/spine_4_bind/spine_5_bind/chest_bind/clavicle_r_bind/shoulder_r_bind/elbow_r_bind/wrist_r_bind/index_001_r_bind/index_002_r_bind/index_003_r_bind/index_004_r_bind","cat":"step","ph":"X","ts":260879,"dur":1,"pid":1,"tid":16},
{"name":"ComposeSubtree /Biped/Rig/Joints/hips_bind/spine_0_bind/spine_1_bind/spine_2_bind/spine_3_bind/spine_4_bind/spine_5_bind/chest_bind/clavicle_r_bind/shoulder_r_bind/elbow_r_bind/wrist_r_bind/middle_001_r_bind","cat":"step","ph":"X","ts":260836,"dur":1,"pid":1,"tid":22},
{"name":"ComposeSubtree /Biped/Rig/Joints/hips_bind/spine_0_bind/spine_1_bind/spine_2_bind/spine_3_bind/spine_4_bind/spine_5_bind/chest_bind/clavicle_r_bind/shoulder_r_bind/elbow_r_bind/wrist_r_bind/pinkyCup_r_bind","cat":"step","ph":"X","ts":260837,"dur":1,"pid":1,"tid":22},
{"name":"ComposeSubtree /Biped/Rig/Joints/hips_bind/spine_0_bind/spine_1_bind/spine_2_bind/spine_3_bind/spine_4_bind/spine_5_bind/chest_bind/clavicle_r_bind/shoulder_r_bind/elbow_r_bind/wrist_r_bind/pinkyCup_r_bind/pinky_001_r_bind/pinky_002_combo_r_driver","cat":"step","ph":"X","ts":260863,"dur":1,"pid":1,"tid":16},
{"name":"ComposeSubtree /Biped/Rig/Joints/hips_bind/spine_0_bind/spine_1_bind/spine_2_bind/spine_3_bind/spine_4_bind/spine_5_bind/chest_bind/clavicle_r_bind/shoulder_r_bind/elbow_r_bind/wrist_r_bind/ring_001_r_bind","cat":"step","ph":"X","ts":260838,"dur":1,"pid":1,"tid":22},
{"name":"ComposeSubtree /Biped/Rig/Joints/hips_bind/spine_0_bind/spine_1_bind/spine_2_bind/spine_3_bind/spine_4_bind/spine_5_bind/chest_bind/clavicle_r_bind/shoulder_r_bind/elbow_r_bind/wrist_r_bind/ring_001_r_bind/ring_002_r_bind/ring_003_r_bind/ring_004_r_bind","cat":"step","ph":"X","ts":260880,"dur":1,"pid":1,"tid":16},
{"name":"ComposeSubtree /Biped/Rig/Joints/hips_bind/spine_0_bind/spine_1_bind/spine_2_bind/spine_3_bind/spine_4_bind/spine_5_bind/chest_bind/clavicle_r_bind/shoulder_r_bind/elbow_r_bind/wrist_r_bind/thumbCup_r_bind/thumb_001_r_bind/thumb_002_r_bind","cat":"step","ph":"X","ts":260864,"dur":1,"pid":1,"tid":16},
{"name":"ComposeSubtree /Biped/Rig/Joints/hips_bind/spine_0_bind/spine_1_bind/spine_2_bind/spine_3_bind/spine_4_bind/spine_5_bind/chest_bind/neck_base_bind","cat":"step","ph":"X","ts":260752,"dur":1,"pid":1,"tid":20},
{"name":"ComposeSubtree /Biped/Rig/Joints/hips_bind/spine_0_bind/spine_1_bind/spine_2_bind/spine_3_bind/spine_4_bind/spine_5_bind/chest_bind/neck_base_bind/neck_0_bind/neck_1_bind/neck_2_bind/neck_3_bind","cat":"step","ph":"X","ts":260823,"dur":1,"pid":1,"tid":0},
{"name":"ComposeSubtree /Biped/Rig/Joints/hips_bind/spine_0_bind/spine_1_bind/spine_2_bind/spine_3_bind/spine_4_bind/spine_5_bind/chest_bind/neck_base_bind/neck_0_bind/neck_1_bind/neck_2_bind/neck_3_bind/skull_bind/face_lower_bind","cat":"step","ph":"X","ts":260839,"dur":1,"pid":1,"tid":22},
{"name":"ComposeSubtree /Biped/Rig/Joints/hips_bind/spine_0_bind/spine_1_bind/spine_2_bind/spine_3_bind/spine_4_bind/spine_5_bind/chest_bind/neck_base_bind/neck_0_bind/neck_1_bind/neck_2_bind/neck_3_bind/skull_bind/face_lower_bind/face_mid_bind/nose_bridge_bind","cat":"step","ph":"X","ts":260865,"dur":1,"pid":1,"tid":16},
{"name":"ComposeSubtree /Biped/Rig/Joints/hips_bind/spine_0_bind/spine_1_bind/spine_2_bind/spine_3_bind/spine_4_bind/spine_5_bind/chest_bind/neck_base_bind/neck_0_bind/neck_1_bind/neck_2_bind/neck_3_bind/skull_bind/face_lower_bind/jaw_bind/tongue_0_bind","cat":"step","ph":"X","ts":260881,"dur":1,"pid":1,"tid":16},
{"name":"ComposeSubtree /Biped/Rig/Joints/hips_bind/spine_0_bind/spine_1_bind/spine_2_bind/spine_3_bind/spine_4_bind/spine_5_bind/chest_bind/neck_base_bind/neck_0_bind/neck_1_bind/neck_2_bind/neck_3_bind/skull_bind/face_lower_bind/jaw_bind/tongue_0_bind/tongue_1_bind/tongue_2_bind","cat":"step","ph":"X","ts":260902,"dur":1,"pid":1,"tid":21},
{"name":"ComposeSubtree /Biped/Rig/Joints/hips_bind/spine_0_bind/spine_1_bind/spine_2_bind/spine_3_bind/spine_4_bind/spine_5_bind/chest_bind/neck_base_bind/neck_0_bind/neck_1_bind/neck_2_bind/neck_3_bind/skull_bind/face_upper_bind","cat":"step","ph":"X","ts":260840,"dur":1,"pid":1,"tid":22},
{"name":"ComposeSubtree /Biped/Rig/Joints/hips_bind/spine_0_bind/spine_1_bind/spine_2_bind/spine_3_bind/spine_4_bind/spine_5_bind/chest_bind/neck_base_bind/neck_0_bind/neck_1_bind/neck_2_bind/neck_3_bind/skull_bind/face_upper_bind/eyeSocket_l_bind","cat":"step","ph":"X","ts":260866,"dur":1,"pid":1,"tid":16},
{"name":"ComposeSubtree /Biped/Rig/Joints/hips_bind/spine_0_bind/spine_1_bind/spine_2_bind/spine_3_bind/spine_4_bind/spine_5_bind/chest_bind/neck_base_bind/neck_0_bind/neck_1_bind/neck_2_bind/neck_3_bind/skull_bind/face_upper_bind/head_tip_bind/brow_main_r_bind","cat":"step","ph":"X","ts":260882,"dur":1,"pid":1,"tid":16},
{"name":"ComposeSubtree /Biped/Rig/Joints/neck_ik_neck_0_bind/neck_ik_neck_1_bind","cat":"step","ph":"X","ts":260903,"dur":1,"pid":1,"tid":21},
{"name":"ComposeSubtree /Biped/Rig/Joints/neck_ik_neck_0_bind/neck_ik_neck_1_bind/neck_ik_neck_2_bind/neck_ik_neck_3_bind","cat":"step","ph":"X","ts":260916,"dur":1,"pid":1,"tid":21},
{"name":"ComposeSubtree /Biped/Rig/Joints/pupilCenter_l_pivot","cat":"step","ph":"X","ts":260599,"dur":1,"pid":1,"tid":0},
{"name":"ComposeSubtree /Biped/Rig/Joints/spine_ik_spine_0_bind/spine_ik_spine_1_bind/spine_ik_spine_2_bind","cat":"step","ph":"X","ts":260608,"dur":1,"pid":1,"tid":0},
{"name":"Solve /Biped/Rig/Solvers/arm_l_fkChain","cat":"step","ph":"X","ts":260753,"dur":3,"pid":1,"tid":20},
{"name":"Solve /Biped/Rig/Solvers/arm_l_twoBoneIk","cat":"step","ph":"X","ts":260740,"dur":6,"pid":1,"tid":20},
{"name":"Solve /Biped/Rig/Solvers/arm_r_fkChain","cat":"step","ph":"X","ts":260772,"dur":2,"pid":1,"tid":20},
{"name":"Solve /Biped/Rig/Solvers/arm_r_twoBoneIk","cat":"step","ph":"X","ts":260661,"dur":2,"pid":1,"tid":0},
{"name":"SolverCommit batch 3","cat":"step","ph":"X","ts":260756,"dur":1,"pid":1,"tid":20},
{"name":"Solve /Biped/Rig/Solvers/leg_l_fkChain","cat":"step","ph":"X","ts":260663,"dur":2,"pid":1,"tid":0},
{"name":"Solve /Biped/Rig/Solvers/leg_r_fkChain","cat":"step","ph":"X","ts":260757,"dur":1,"pid":1,"tid":20},
{"name":"SolverCommit batch 5","cat":"step","ph":"X","ts":260774,"dur":1,"pid":1,"tid":20},
{"name":"Solve /Biped/Rig/Solvers/neck_splineIk","cat":"step","ph":"X","ts":260758,"dur":13,"pid":1,"tid":20},
{"name":"SolverCommit batch 6","cat":"step","ph":"X","ts":260944,"dur":2,"pid":1,"tid":23},
{"name":"Constraint /Biped/Rig/Movers/spine_mid_follow/spine_mid_follow_pos","cat":"step","ph":"X","ts":260654,"dur":6,"pid":1,"tid":0},
{"name":"Solve /Biped/Rig/Solvers/arm_l_ikfk","cat":"step","ph":"X","ts":260775,"dur":1,"pid":1,"tid":20},
{"name":"SolverCommit batch 8","cat":"step","ph":"X","ts":260824,"dur":2,"pid":1,"tid":0},
{"name":"Solve /Biped/Rig/Solvers/arm_r_ikfk","cat":"step","ph":"X","ts":260826,"dur":1,"pid":1,"tid":0},
{"name":"SolverCommit batch 9","cat":"step","ph":"X","ts":260841,"dur":2,"pid":1,"tid":22},
{"name":"Constraint /Biped/Rig/Movers/spine_mid_follow/spine_mid_follow_aim","cat":"step","ph":"X","ts":260665,"dur":4,"pid":1,"tid":0},
{"name":"Solve /Biped/Rig/Solvers/spine_splineIk","cat":"step","ph":"X","ts":260670,"dur":11,"pid":1,"tid":0},
{"name":"SolverCommit batch 11","cat":"step","ph":"X","ts":260776,"dur":2,"pid":1,"tid":20},
{"name":"Constraint /Biped/Rig/Movers/hand_r_follow/thumbCup_r_bind_fk_follow_to_wrist_r_bind","cat":"step","ph":"X","ts":260868,"dur":6,"pid":1,"tid":16},
{"name":"Solve /Biped/Rig/Solvers/fk_thumb_r","cat":"step","ph":"X","ts":260883,"dur":2,"pid":1,"tid":16},
{"name":"SolverCommit batch 13","cat":"step","ph":"X","ts":260904,"dur":1,"pid":1,"tid":21},
{"name":"Constraint /Biped/Rig/Movers/hand_r_follow/ring_001_r_bind_fk_follow_to_wrist_r_bind","cat":"step","ph":"X","ts":260874,"dur":4,"pid":1,"tid":16},
{"name":"Solve /Biped/Rig/Solvers/fk_ring_r","cat":"step","ph":"X","ts":260885,"dur":1,"pid":1,"tid":16},
{"name":"SolverCommit batch 15","cat":"step","ph":"X","ts":260905,"dur":1,"pid":1,"tid":21},
{"name":"Constraint /Biped/Rig/Movers/hand_r_follow/pinkyCup_r_bind_fk_follow_to_wrist_r_bind","cat":"step","ph":"X","ts":260859,"dur":10,"pid":1,"tid":20},
{"name":"Solve /Biped/Rig/Solvers/fk_pinky_r","cat":"step","ph":"X","ts":260881,"dur":4,"pid":1,"tid":20},
{"name":"SolverCommit batch 17","cat":"step","ph":"X","ts":260917,"dur":1,"pid":1,"tid":21},
{"name":"Constraint /Biped/Rig/Movers/hand_r_follow/middle_001_r_bind_fk_follow_to_wrist_r_bind","cat":"step","ph":"X","ts":260869,"dur":5,"pid":1,"tid":20},
{"name":"Solve /Biped/Rig/Solvers/fk_middle_r","cat":"step","ph":"X","ts":260885,"dur":2,"pid":1,"tid":20},
{"name":"SolverCommit batch 19","cat":"step","ph":"X","ts":260906,"dur":1,"pid":1,"tid":21},
{"name":"Constraint /Biped/Rig/Movers/hand_r_follow/index_001_r_bind_fk_follow_to_wrist_r_bind","cat":"step","ph":"X","ts":260875,"dur":6,"pid":1,"tid":20},
{"name":"Solve /Biped/Rig/Solvers/fk_index_r","cat":"step","ph":"X","ts":260887,"dur":1,"pid":1,"tid":20},
{"name":"SolverCommit batch 21","cat":"step","ph":"X","ts":260907,"dur":1,"pid":1,"tid":21},
{"name":"Constraint /Biped/Rig/Movers/hand_l_follow/thumbCup_l_bind_fk_follow_to_wrist_l_bind","cat":"step","ph":"X","ts":260843,"dur":9,"pid":1,"tid":22},
{"name":"Solve /Biped/Rig/Solvers/fk_thumb_l","cat":"step","ph":"X","ts":260861,"dur":5,"pid":1,"tid":1},
{"name":"SolverCommit batch 23","cat":"step","ph":"X","ts":260888,"dur":2,"pid":1,"tid":21},
{"name":"Constraint /Biped/Rig/Movers/hand_l_follow/ring_001_l_bind_fk_follow_to_wrist_l_bind","cat":"step","ph":"X","ts":260852,"dur":5,"pid":1,"tid":22},
{"name":"Solve /Biped/Rig/Solvers/fk_ring_l","cat":"step","ph":"X","ts":260866,"dur":2,"pid":1,"tid":1},
{"name":"SolverCommit batch 25","cat":"step","ph":"X","ts":260890,"dur":1,"pid":1,"tid":21},
{"name":"Constraint /Biped/Rig/Movers/hand_l_follow/pinkyCup_l_bind_fk_follow_to_wrist_l_bind","cat":"step","ph":"X","ts":260835,"dur":10,"pid":1,"tid":24},
{"name":"Solve /Biped/Rig/Solvers/fk_pinky_l","cat":"step","ph":"X","ts":260868,"dur":3,"pid":1,"tid":1},
{"name":"SolverCommit batch 27","cat":"step","ph":"X","ts":260908,"dur":1,"pid":1,"tid":21},
{"name":"Constraint /Biped/Rig/Movers/hand_l_follow/middle_001_l_bind_fk_follow_to_wrist_l_bind","cat":"step","ph":"X","ts":260845,"dur":5,"pid":1,"tid":24},
{"name":"Solve /Biped/Rig/Solvers/fk_middle_l","cat":"step","ph":"X","ts":260854,"dur":3,"pid":1,"tid":24},
{"name":"SolverCommit batch 29","cat":"step","ph":"X","ts":260891,"dur":1,"pid":1,"tid":21},
{"name":"Constraint /Biped/Rig/Movers/hand_l_follow/index_001_l_bind_fk_follow_to_wrist_l_bind","cat":"step","ph":"X","ts":260850,"dur":4,"pid":1,"tid":24},
{"name":"Solve /Biped/Rig/Solvers/fk_index_l","cat":"step","ph":"X","ts":260857,"dur":1,"pid":1,"tid":24},
{"name":"SolverCommit batch 31","cat":"step","ph":"X","ts":260892,"dur":1,"pid":1,"tid":21},
{"name":"Constraint /Biped/Rig/Movers/bankIn_r_pivot_rc/bankIn_r_pivot_rotation","cat":"step","ph":"X","ts":260835,"dur":4,"pid":1,"tid":18},
{"name":"Constraint /Biped/Rig/Movers/bankOut_r_pivot_rc/bankOut_r_pivot_rotation","cat":"step","ph":"X","ts":260858,"dur":4,"pid":1,"tid":24},
{"name":"Constraint /Biped/Rig/Movers/heel_r_roll_rc/heel_r_roll_rotation","cat":"step","ph":"X","ts":260893,"dur":1,"pid":1,"tid":21},
{"name":"Constraint /Biped/Rig/Movers/toe_r_roll_rc/toe_r_roll_rotation","cat":"step","ph":"X","ts":260909,"dur":1,"pid":1,"tid":21},
{"name":"Constraint /Biped/Rig/Movers/ballRoll_r_up_rc/ballRoll_r_up_rotation","cat":"step","ph":"X","ts":260918,"dur":1,"pid":1,"tid":21},
{"name":"Constraint /Biped/Rig/Movers/ballRoll_r_down_rc/ballRoll_r_down_rotation","cat":"step","ph":"X","ts":260946,"dur":2,"pid":1,"tid":23},
{"name":"Solve /Biped/Rig/Solvers/leg_r_twoBoneIk","cat":"step","ph":"X","ts":260961,"dur":1,"pid":1,"tid":23},
{"name":"SolverCommit batch 38","cat":"step","ph":"X","ts":260968,"dur":1,"pid":1,"tid":23},
{"name":"SolverCommit batch 39","cat":"step","ph":"X","ts":260979,"dur":7,"pid":1,"tid":23},
{"name":"Constraint /Biped/Rig/Movers/ankle_r_bind_scAim/ankle_r_bind_aim","cat":"step","ph":"X","ts":261011,"dur":8,"pid":1,"tid":21},
{"name":"Constraint /Biped/Rig/Movers/ball_r_bind_scAim/ball_r_bind_aim","cat":"step","ph":"X","ts":261035,"dur":12,"pid":1,"tid":15},
{"name":"Constraint /Biped/Rig/Movers/bankIn_l_pivot_rc/bankIn_l_pivot_rotation","cat":"step","ph":"X","ts":260814,"dur":6,"pid":1,"tid":21},
{"name":"Constraint /Biped/Rig/Movers/bankOut_l_pivot_rc/bankOut_l_pivot_rotation","cat":"step","ph":"X","ts":260839,"dur":2,"pid":1,"tid":18},
{"name":"Constraint /Biped/Rig/Movers/heel_l_roll_rc/heel_l_roll_rotation","cat":"step","ph":"X","ts":260860,"dur":7,"pid":1,"tid":23},
{"name":"Constraint /Biped/Rig/Movers/toe_l_roll_rc/toe_l_roll_rotation","cat":"step","ph":"X","ts":260894,"dur":1,"pid":1,"tid":21},
{"name":"Constraint /Biped/Rig/Movers/ballRoll_l_up_rc/ballRoll_l_up_rotation","cat":"step","ph":"X","ts":260910,"dur":1,"pid":1,"tid":21},
{"name":"Constraint /Biped/Rig/Movers/ballRoll_l_down_rc/ballRoll_l_down_rotation","cat":"step","ph":"X","ts":260919,"dur":1,"pid":1,"tid":21},
{"name":"Solve /Biped/Rig/Solvers/leg_l_twoBoneIk","cat":"step","ph":"X","ts":260948,"dur":1,"pid":1,"tid":23},
{"name":"SolverCommit batch 48","cat":"step","ph":"X","ts":260962,"dur":1,"pid":1,"tid":23},
{"name":"Solve /Biped/Rig/Solvers/leg_l_ikfk","cat":"step","ph":"X","ts":260963,"dur":1,"pid":1,"tid":23},
{"name":"SolverCommit batch 49","cat":"step","ph":"X","ts":260970,"dur":7,"pid":1,"tid":23},
{"name":"Constraint /Biped/Rig/Movers/ankle_l_bind_scAim/ankle_l_bind_aim","cat":"step","ph":"X","ts":260986,"dur":8,"pid":1,"tid":23},
{"name":"Constraint /Biped/Rig/Movers/ball_l_bind_scAim/ball_l_bind_aim","cat":"step","ph":"X","ts":261019,"dur":5,"pid":1,"tid":21},
{"name":"Constraint /Biped/Rig/Movers/hips_follow/spine_root_ctl_drives_hips_bind","cat":"step","ph":"X","ts":260624,"dur":9,"pid":1,"tid":0},
{"name":"PropagateChunk /Biped/Rig/Movers/hips_follow/spine_root_ctl_drives_hips_bind","cat":"step","ph":"X","ts":260949,"dur":7,"pid":1,"tid":23},
{"name":"PropagateChunk /Biped/Rig/Movers/hips_follow/spine_root_ctl_drives_hips_bind","cat":"step","ph":"X","ts":260911,"dur":1,"pid":1,"tid":21},
{"name":"CommitApply /Biped/Rig/Movers/hips_follow/spine_root_ctl_drives_hips_bind","cat":"step","ph":"X","ts":260964,"dur":2,"pid":1,"tid":23},
{"name":"Constraint /Biped/Rig/Movers/hips_follow/spine_root_ctl_scales_hips_bind","cat":"step","ph":"X","ts":260977,"dur":2,"pid":1,"tid":23},
{"name":"PropagateChunk /Biped/Rig/Movers/hips_follow/spine_root_ctl_scales_hips_bind","cat":"step","ph":"X","ts":261024,"dur":4,"pid":1,"tid":21},
{"name":"CommitApply /Biped/Rig/Movers/hips_follow/spine_root_ctl_scales_hips_bind","cat":"step","ph":"X","ts":261047,"dur":2,"pid":1,"tid":15},
{"name":"Constraint /Biped/Rig/Movers/spine_to_bind/spine_ik_spine_0_bind_scale_to_spine_0_bind","cat":"step","ph":"X","ts":261068,"dur":13,"pid":1,"tid":24},
{"name":"Constraint /Biped/Rig/Movers/spine_to_bind/spine_ik_spine_0_bind_to_spine_0_bind","cat":"step","ph":"X","ts":261089,"dur":16,"pid":1,"tid":1},
{"name":"Constraint /Biped/Rig/Movers/spine_to_bind/spine_ik_spine_1_bind_scale_to_spine_1_bind","cat":"step","ph":"X","ts":261111,"dur":9,"pid":1,"tid":24},
{"name":"Constraint /Biped/Rig/Movers/spine_to_bind/spine_ik_spine_1_bind_to_spine_1_bind","cat":"step","ph":"X","ts":261130,"dur":11,"pid":1,"tid":1},
{"name":"Constraint /Biped/Rig/Movers/spine_to_bind/spine_ik_spine_2_bind_scale_to_spine_2_bind","cat":"step","ph":"X","ts":261155,"dur":6,"pid":1,"tid":0},
{"name":"Constraint /Biped/Rig/Movers/spine_to_bind/spine_ik_spine_2_bind_to_spine_2_bind","cat":"step","ph":"X","ts":261166,"dur":7,"pid":1,"tid":0},
{"name":"Constraint /Biped/Rig/Movers/spine_to_bind/spine_ik_spine_3_bind_scale_to_spine_3_bind","cat":"step","ph":"X","ts":261174,"dur":29,"pid":1,"tid":0},
{"name":"Constraint /Biped/Rig/Movers/spine_to_bind/spine_ik_spine_3_bind_to_spine_3_bind","cat":"step","ph":"X","ts":261203,"dur":8,"pid":1,"tid":0},
{"name":"Constraint /Biped/Rig/Movers/spine_to_bind/spine_ik_spine_4_bind_scale_to_spine_4_bind","cat":"step","ph":"X","ts":261211,"dur":6,"pid":1,"tid":0},
{"name":"Constraint /Biped/Rig/Movers/spine_to_bind/spine_ik_spine_4_bind_to_spine_4_bind","cat":"step","ph":"X","ts":261217,"dur":7,"pid":1,"tid":0},
{"name":"Constraint /Biped/Rig/Movers/spine_to_bind/spine_ik_spine_5_bind_scale_to_spine_5_bind","cat":"step","ph":"X","ts":261224,"dur":5,"pid":1,"tid":0},
{"name":"Constraint /Biped/Rig/Movers/spine_to_bind/spine_ik_spine_5_bind_to_spine_5_bind","cat":"step","ph":"X","ts":261230,"dur":7,"pid":1,"tid":0},
{"name":"Constraint /Biped/Rig/Movers/spine_to_bind/spine_ik_chest_bind_scale_to_chest_bind","cat":"step","ph":"X","ts":261237,"dur":6,"pid":1,"tid":0},
{"name":"Constraint /Biped/Rig/Movers/spine_to_bind/spine_ik_chest_bind_to_chest_bind","cat":"step","ph":"X","ts":261243,"dur":7,"pid":1,"tid":0},
{"name":"Constraint /Biped/Rig/Movers/girdles/spine_end_ctl_drives_chest_bind","cat":"step","ph":"X","ts":261250,"dur":6,"pid":1,"tid":0},
{"name":"Constraint /Biped/Rig/Movers/girdles/pelvis_r_ctl_drives_pelvis_r_bind","cat":"step","ph":"X","ts":261081,"dur":3,"pid":1,"tid":24},
{"name":"Constraint /Biped/Rig/Movers/girdles/pelvis_l_ctl_drives_pelvis_l_bind","cat":"step","ph":"X","ts":261084,"dur":2,"pid":1,"tid":24},
{"name":"Constraint /Biped/Rig/Movers/girdles/clavicle_r_ctl_drives_clavicle_r_bind","cat":"step","ph":"X","ts":261256,"dur":2,"pid":1,"tid":0},
{"name":"Constraint /Biped/Rig/Movers/girdles/clavicle_l_ctl_drives_clavicle_l_bind","cat":"step","ph":"X","ts":261258,"dur":2,"pid":1,"tid":0},
{"name":"Constraint /Biped/Rig/Movers/girdles/spine_end_ctl_unsquashes_neck_base_bind","cat":"step","ph":"X","ts":261260,"dur":4,"pid":1,"tid":0},
{"name":"Constraint /Biped/Rig/Movers/girdles/clavicle_r_ctl_unsquashes_clavicle_r_bind","cat":"step","ph":"X","ts":261265,"dur":2,"pid":1,"tid":0},
{"name":"Constraint /Biped/Rig/Movers/girdles/clavicle_l_ctl_unsquashes_clavicle_l_bind","cat":"step","ph":"X","ts":261267,"dur":2,"pid":1,"tid":0},
{"name":"Constraint /Biped/Rig/Movers/neck_to_bind/neck_ik_neck_0_bind_scale_to_neck_0_bind","cat":"step","ph":"X","ts":261269,"dur":4,"pid":1,"tid":0},
{"name":"Constraint /Biped/Rig/Movers/neck_to_bind/neck_ik_neck_0_bind_to_neck_0_bind","cat":"step","ph":"X","ts":261277,"dur":10,"pid":1,"tid":18},
{"name":"Constraint /Biped/Rig/Movers/neck_to_bind/neck_ik_neck_1_bind_scale_to_neck_1_bind","cat":"step","ph":"X","ts":261292,"dur":8,"pid":1,"tid":15},
{"name":"Constraint /Biped/Rig/Movers/neck_to_bind/neck_ik_neck_1_bind_to_neck_1_bind","cat":"step","ph":"X","ts":261310,"dur":7,"pid":1,"tid":15},
{"name":"Constraint /Biped/Rig/Movers/neck_to_bind/neck_ik_neck_2_bind_scale_to_neck_2_bind","cat":"step","ph":"X","ts":261349,"dur":4,"pid":1,"tid":0},
{"name":"Constraint /Biped/Rig/Movers/neck_to_bind/neck_ik_neck_2_bind_to_neck_2_bind","cat":"step","ph":"X","ts":261357,"dur":4,"pid":1,"tid":0},
{"name":"Constraint /Biped/Rig/Movers/neck_to_bind/neck_ik_neck_3_bind_scale_to_neck_3_bind","cat":"step","ph":"X","ts":261388,"dur":5,"pid":1,"tid":0},
{"name":"Constraint /Biped/Rig/Movers/neck_to_bind/neck_ik_neck_3_bind_to_neck_3_bind","cat":"step","ph":"X","ts":262268,"dur":7,"pid":1,"tid":0},
{"name":"Constraint /Biped/Rig/Movers/neck_to_bind/neck_ik_skull_bind_scale_to_skull_bind","cat":"step","ph":"X","ts":262660,"dur":4,"pid":1,"tid":0},
{"name":"Constraint /Biped/Rig/Movers/neck_to_bind/neck_ik_skull_bind_to_skull_bind","cat":"step","ph":"X","ts":262685,"dur":6,"pid":1,"tid":0},
{"name":"Constraint /Biped/Rig/Movers/twist_aims/wristTwist_r_bind_copy","cat":"step","ph":"X","ts":260867,"dur":9,"pid":1,"tid":23},
{"name":"Constraint /Biped/Rig/Movers/twist_aims/wristTwist_r_bind_aim","cat":"step","ph":"X","ts":260895,"dur":6,"pid":1,"tid":21},
{"name":"Constraint /Biped/Rig/Movers/twist_aims/wristTwist_l_bind_copy","cat":"step","ph":"X","ts":260828,"dur":7,"pid":1,"tid":0},
{"name":"Constraint /Biped/Rig/Movers/twist_aims/wristTwist_l_bind_aim","cat":"step","ph":"X","ts":260876,"dur":5,"pid":1,"tid":23},
{"name":"Constraint /Biped/Rig/Movers/twist_aims/ankleTwist_r_bind_copy","cat":"step","ph":"X","ts":261049,"dur":5,"pid":1,"tid":15},
{"name":"Constraint /Biped/Rig/Movers/twist_aims/ankleTwist_r_bind_aim","cat":"step","ph":"X","ts":261069,"dur":11,"pid":1,"tid":25},
{"name":"Constraint /Biped/Rig/Movers/twist_aims/ankleTwist_l_bind_copy","cat":"step","ph":"X","ts":261029,"dur":4,"pid":1,"tid":21},
{"name":"Constraint /Biped/Rig/Movers/twist_aims/ankleTwist_l_bind_aim","cat":"step","ph":"X","ts":261054,"dur":5,"pid":1,"tid":15},
{"name":"Constraint /Biped/Rig/Movers/twist_aims/ankleTwist_r_bind_follows_ankle_r_bind","cat":"step","ph":"X","ts":261105,"dur":3,"pid":1,"tid":1},
{"name":"Constraint /Biped/Rig/Movers/twist_aims/ankleTwist_l_bind_follows_ankle_l_bind","cat":"step","ph":"X","ts":261080,"dur":2,"pid":1,"tid":25},
{"name":"Constraint /Biped/Rig/Movers/twist_aims/wristTwist_r_bind_follows_wrist_r_bind","cat":"step","ph":"X","ts":260912,"dur":3,"pid":1,"tid":21},
{"name":"Constraint /Biped/Rig/Movers/twist_aims/wristTwist_l_bind_follows_wrist_l_bind","cat":"step","ph":"X","ts":260886,"dur":3,"pid":1,"tid":23},
{"name":"Constraint /Biped/Rig/Movers/twist_aims/thighNoTwist_r_bind_follows_thigh_r_bind","cat":"step","ph":"X","ts":261108,"dur":2,"pid":1,"tid":1},
{"name":"Constraint /Biped/Rig/Movers/twist_aims/thighNoTwist_l_bind_follows_thigh_l_bind","cat":"step","ph":"X","ts":261090,"dur":4,"pid":1,"tid":5},
{"name":"Constraint /Biped/Rig/Movers/twist_aims/shoulderNoTwist_r_bind_follows_shoulder_r_bind","cat":"step","ph":"X","ts":261287,"dur":1,"pid":1,"tid":18},
{"name":"Constraint /Biped/Rig/Movers/twist_aims/shoulderNoTwist_l_bind_follows_shoulder_l_bind","cat":"step","ph":"X","ts":261288,"dur":1,"pid":1,"tid":18},
{"name":"Constraint /Biped/Rig/Movers/twist_aims/pelvis_trans_r_bind_follows_thigh_r_bind","cat":"step","ph":"X","ts":261094,"dur":2,"pid":1,"tid":5},
{"name":"Constraint /Biped/Rig/Movers/twist_aims/pelvis_trans_l_bind_follows_thigh_l_bind","cat":"step","ph":"X","ts":261096,"dur":2,"pid":1,"tid":5},
{"name":"Constraint /Biped/Rig/Movers/twist_aims/clavicle_trans_r_bind_follows_shoulder_r_bind","cat":"step","ph":"X","ts":261281,"dur":1,"pid":1,"tid":0},
{"name":"Constraint /Biped/Rig/Movers/twist_aims/clavicle_trans_l_bind_follows_shoulder_l_bind","cat":"step","ph":"X","ts":261282,"dur":1,"pid":1,"tid":0},
{"name":"Constraint /Biped/Rig/Movers/twist_aims/pelvis_trans_r_bind_aim","cat":"step","ph":"X","ts":261120,"dur":5,"pid":1,"tid":24},
{"name":"Constraint /Biped/Rig/Movers/twist_aims/pelvis_trans_l_bind_aim","cat":"step","ph":"X","ts":261125,"dur":3,"pid":1,"tid":24},
{"name":"Constraint /Biped/Rig/Movers/twist_aims/kneeTwist_r_bind_aim","cat":"step","ph":"X","ts":261007,"dur":5,"pid":1,"tid":23},
{"name":"Constraint /Biped/Rig/Movers/twist_aims/kneeTwist_l_bind_aim","cat":"step","ph":"X","ts":260994,"dur":4,"pid":1,"tid":23},
{"name":"Constraint /Biped/Rig/Movers/twist_aims/thighNoTwist_r_bind_aim","cat":"step","ph":"X","ts":261113,"dur":4,"pid":1,"tid":15},
{"name":"Constraint /Biped/Rig/Movers/twist_aims/thighNoTwist_l_bind_aim","cat":"step","ph":"X","ts":261118,"dur":3,"pid":1,"tid":15},
{"name":"Constraint /Biped/Rig/Movers/twist_aims/clavicle_trans_r_bind_aim","cat":"step","ph":"X","ts":261300,"dur":5,"pid":1,"tid":15},
{"name":"Constraint /Biped/Rig/Movers/twist_aims/clavicle_trans_l_bind_aim","cat":"step","ph":"X","ts":261305,"dur":5,"pid":1,"tid":15},
{"name":"Constraint /Biped/Rig/Movers/twist_aims/elbowTwist_r_bind_aim","cat":"step","ph":"X","ts":260881,"dur":4,"pid":1,"tid":23},
{"name":"Constraint /Biped/Rig/Movers/twist_aims/elbowTwist_l_bind_aim","cat":"step","ph":"X","ts":260835,"dur":4,"pid":1,"tid":0},
{"name":"Constraint /Biped/Rig/Movers/twist_aims/shoulderNoTwist_r_bind_aim","cat":"step","ph":"X","ts":261290,"dur":4,"pid":1,"tid":18},
{"name":"Constraint /Biped/Rig/Movers/twist_aims/shoulderNoTwist_l_bind_aim","cat":"step","ph":"X","ts":261294,"dur":3,"pid":1,"tid":18},
{"name":"Constraint /Biped/Rig/Movers/pose_drivers/thigh_r_driver_copies_thigh_r_bind","cat":"step","ph":"X","ts":261141,"dur":5,"pid":1,"tid":1},
{"name":"Constraint /Biped/Rig/Movers/pose_drivers/thigh_l_driver_copies_thigh_l_bind","cat":"step","ph":"X","ts":261129,"dur":5,"pid":1,"tid":24},
{"name":"Constraint /Biped/Rig/Movers/pose_drivers/thigh_r_twist_driver_copies_thighNoTwist_r_bind","cat":"step","ph":"X","ts":261161,"dur":5,"pid":1,"tid":0},
{"name":"Constraint /Biped/Rig/Movers/pose_drivers/thigh_l_twist_driver_copies_thighNoTwist_l_bind","cat":"step","ph":"X","ts":261153,"dur":6,"pid":1,"tid":1},
{"name":"Constraint /Biped/Rig/Movers/pose_drivers/ankleTwist_r_driver_copies_ankleTwist_r_bind","cat":"step","ph":"X","ts":261111,"dur":6,"pid":1,"tid":1},
{"name":"Constraint /Biped/Rig/Movers/pose_drivers/ankleTwist_l_driver_copies_ankleTwist_l_bind","cat":"step","ph":"X","ts":261087,"dur":7,"pid":1,"tid":24},
{"name":"Constraint /Biped/Rig/Movers/pose_drivers/toe_r_driver_copies_ball_r_bind","cat":"step","ph":"X","ts":261066,"dur":5,"pid":1,"tid":15},
{"name":"Constraint /Biped/Rig/Movers/pose_drivers/toe_l_driver_copies_ball_l_bind","cat":"step","ph":"X","ts":261059,"dur":6,"pid":1,"tid":15},
{"name":"Constraint /Biped/Rig/Movers/pose_drivers/knee_r_driver_copies_knee_r_bind","cat":"step","ph":"X","ts":261033,"dur":4,"pid":1,"tid":21},
{"name":"Constraint /Biped/Rig/Movers/pose_drivers/knee_l_driver_copies_knee_l_bind","cat":"step","ph":"X","ts":261012,"dur":5,"pid":1,"tid":23},
{"name":"Constraint /Biped/Rig/Movers/pose_drivers/ankleSwing_r_driver_copies_ankle_r_bind","cat":"step","ph":"X","ts":261117,"dur":5,"pid":1,"tid":1},
{"name":"Constraint /Biped/Rig/Movers/pose_drivers/ankleSwing_l_driver_copies_ankle_l_bind","cat":"step","ph":"X","ts":261094,"dur":6,"pid":1,"tid":24},
{"name":"Constraint /Biped/Rig/Movers/pose_drivers/shoulder_r_driver_copies_shoulder_r_bind","cat":"step","ph":"X","ts":261318,"dur":5,"pid":1,"tid":15},
{"name":"Constraint /Biped/Rig/Movers/pose_drivers/shoulder_l_driver_copies_shoulder_l_bind","cat":"step","ph":"X","ts":261323,"dur":5,"pid":1,"tid":15},
{"name":"Constraint /Biped/Rig/Movers/pose_drivers/wristTwist_r_driver_copies_wristTwist_r_bind","cat":"step","ph":"X","ts":260920,"dur":5,"pid":1,"tid":21},
{"name":"Constraint /Biped/Rig/Movers/pose_drivers/wristTwist_l_driver_copies_wristTwist_l_bind","cat":"step","ph":"X","ts":260907,"dur":6,"pid":1,"tid":23},
{"name":"Constraint /Biped/Rig/Movers/pose_drivers/shoulder_r_twist_driver_copies_shoulderNoTwist_r_bind","cat":"step","ph":"X","ts":261353,"dur":4,"pid":1,"tid":0},
{"name":"Constraint /Biped/Rig/Movers/pose_drivers/shoulder_l_twist_driver_copies_shoulderNoTwist_l_bind","cat":"step","ph":"X","ts":261343,"dur":5,"pid":1,"tid":15},
{"name":"Constraint /Biped/Rig/Movers/pose_drivers/wristSwing_r_driver_copies_wrist_r_bind","cat":"step","ph":"X","ts":260928,"dur":5,"pid":1,"tid":23},
{"name":"Constraint /Biped/Rig/Movers/pose_drivers/wristSwing_l_driver_copies_wrist_l_bind","cat":"step","ph":"X","ts":260913,"dur":5,"pid":1,"tid":23},
{"name":"Constraint /Biped/Rig/Movers/pose_drivers/elbow_r_driver_copies_elbow_r_bind","cat":"step","ph":"X","ts":260889,"dur":6,"pid":1,"tid":23},
{"name":"Constraint /Biped/Rig/Movers/pose_drivers/elbow_l_driver_copies_elbow_l_bind","cat":"step","ph":"X","ts":260858,"dur":5,"pid":1,"tid":22},
{"name":"Constraint /Biped/Rig/Movers/param_follow/leg_r_params_to_ankle_r_bind","cat":"step","ph":"X","ts":261037,"dur":4,"pid":1,"tid":21},
{"name":"Constraint /Biped/Rig/Movers/param_follow/leg_l_params_to_ankle_l_bind","cat":"step","ph":"X","ts":261017,"dur":4,"pid":1,"tid":23},
{"name":"Constraint /Biped/Rig/Movers/param_follow/arm_r_params_to_wrist_r_bind","cat":"step","ph":"X","ts":260863,"dur":4,"pid":1,"tid":22},
{"name":"Constraint /Biped/Rig/Movers/param_follow/arm_l_params_to_wrist_l_bind","cat":"step","ph":"X","ts":260839,"dur":5,"pid":1,"tid":0},
{"name":"ProviderMatrix /Biped/Rig/Controls/leg_l_ik/ankle_l_pivot/bankIn_l_pivot/bankOut_l_pivot/heel_l_roll final","cat":"step","ph":"X","ts":260895,"dur":1,"pid":1,"tid":23},
{"name":"ProviderMatrix /Biped/Rig/Controls/leg_r_ik/ankle_r_pivot final","cat":"step","ph":"X","ts":260633,"dur":1,"pid":1,"tid":0},
{"name":"ProviderMatrix /Biped/Rig/Controls/leg_r_ik/ankle_r_pivot/bankIn_r_pivot final","cat":"step","ph":"X","ts":260867,"dur":1,"pid":1,"tid":22},
{"name":"ProviderMatrix /Biped/Rig/Controls/leg_r_ik/ankle_r_pivot/bankIn_r_pivot/bankOut_r_pivot/heel_r_roll/heel_r/ball_r_pivot final","cat":"step","ph":"X","ts":260918,"dur":1,"pid":1,"tid":23},
{"name":"ProviderMatrix /Biped/Rig/Controls/leg_r_ik/ankle_r_pivot/bankIn_r_pivot/bankOut_r_pivot/heel_r_roll/heel_r/ball_r_pivot/toe_r_roll/toe_r/ballRoll_r_up final","cat":"step","ph":"X","ts":260956,"dur":1,"pid":1,"tid":23},
{"name":"ProviderMatrix /Biped/Rig/Controls/leg_r_ik/ankle_r_pivot/bankIn_r_pivot/bankOut_r_pivot/heel_r_roll/heel_r/ball_r_pivot/toe_r_roll/toe_r/ballRoll_r_up/ballRoll_r_down final","cat":"step","ph":"X","ts":260966,"dur":1,"pid":1,"tid":23},
{"name":"ProviderMatrix /Biped/Rig/Joints/ankle_l_pivot final","cat":"step","ph":"X","ts":260609,"dur":1,"pid":1,"tid":0},
{"name":"ProviderMatrix /Biped/Rig/Joints/ankle_r_pivot/bankIn_r_pivot/bankOut_r_pivot/heel_r_pivot/ball_r_pivot/toe_r_pivot final","cat":"step","ph":"X","ts":260660,"dur":1,"pid":1,"tid":0},
{"name":"ProviderMatrix /Biped/Rig/Joints/ankle_r_pivot/bankIn_r_pivot/bankOut_r_pivot/heel_r_pivot/ball_r_pivot/toe_r_pivot/ballRoll_r_pivot final","cat":"step","ph":"X","ts":260669,"dur":1,"pid":1,"tid":0},
{"name":"ProviderMatrix /Biped/Rig/Joints/hips_bind final","cat":"step","ph":"X","ts":261071,"dur":1,"pid":1,"tid":15},
{"name":"ProviderMatrix /Biped/Rig/Joints/hips_bind/pelvis_l_bind/thigh_combo_l_driver final","cat":"step","ph":"X","ts":261100,"dur":1,"pid":1,"tid":24},
{"name":"ProviderMatrix /Biped/Rig/Joints/hips_bind/pelvis_l_bind/thigh_l_bind final","cat":"step","ph":"X","ts":260998,"dur":1,"pid":1,"tid":23},
{"name":"ProviderMatrix /Biped/Rig/Joints/hips_bind/pelvis_l_bind/thigh_l_bind/knee_l_bind/ankleTwist_l_driver final","cat":"step","ph":"X","ts":261122,"dur":1,"pid":1,"tid":1},
{"name":"ProviderMatrix /Biped/Rig/Joints/hips_bind/pelvis_l_bind/thigh_l_bind/knee_l_bind/ankle_l_bind/ball_l_bind/toe1_001_l_bind/toe1_002_l_bind/toe1_003_l_bind final","cat":"step","ph":"X","ts":261041,"dur":1,"pid":1,"tid":21},
{"name":"ProviderMatrix /Biped/Rig/Joints/hips_bind/pelvis_l_bind/thigh_l_bind/knee_l_bind/ankle_l_bind/ball_l_bind/toe3_001_l_bind final","cat":"step","ph":"X","ts":261042,"dur":1,"pid":1,"tid":21},
{"name":"ProviderMatrix /Biped/Rig/Joints/hips_bind/pelvis_l_bind/thigh_l_bind/knee_l_bind/ankle_l_bind/ball_l_bind/toe4_001_l_bind/toe4_002_l_bind final","cat":"step","ph":"X","ts":261043,"dur":1,"pid":1,"tid":21},
{"name":"ProviderMatrix /Biped/Rig/Joints/hips_bind/pelvis_l_bind/thigh_l_bind/knee_l_bind/kneeTwist_l_bind final","cat":"step","ph":"X","ts":261022,"dur":1,"pid":1,"tid":23},
{"name":"ProviderMatrix /Biped/Rig/Joints/hips_bind/pelvis_l_bind/thigh_l_bind/knee_l_bind/kneeTwist_l_bind/knee_l_driver final","cat":"step","ph":"X","ts":261044,"dur":1,"pid":1,"tid":21},
{"name":"ProviderMatrix /Biped/Rig/Joints/hips_bind/pelvis_r_bind/pelvis_trans_combo_r_driver final","cat":"step","ph":"X","ts":261101,"dur":1,"pid":1,"tid":24},
{"name":"ProviderMatrix /Biped/Rig/Joints/hips_bind/pelvis_r_bind/pelvis_trans_r_bind final","cat":"step","ph":"X","ts":261134,"dur":1,"pid":1,"tid":24},
{"name":"ProviderMatrix /Biped/Rig/Joints/hips_bind/pelvis_r_bind/pelvis_trans_r_bind/thigh_r_driver final","cat":"step","ph":"X","ts":261159,"dur":1,"pid":1,"tid":1},
{"name":"ProviderMatrix /Biped/Rig/Joints/hips_bind/pelvis_r_bind/thigh_r_bind/knee_r_bind/ankle_r_bind/ball_r_bind/toe1_001_r_bind final","cat":"step","ph":"X","ts":261072,"dur":1,"pid":1,"tid":15},
{"name":"ProviderMatrix /Biped/Rig/Joints/hips_bind/pelvis_r_bind/thigh_r_bind/knee_r_bind/ankle_r_bind/ball_r_bind/toe2_001_r_bind final","cat":"step","ph":"X","ts":261073,"dur":1,"pid":1,"tid":15},
{"name":"ProviderMatrix /Biped/Rig/Joints/hips_bind/pelvis_r_bind/thigh_r_bind/knee_r_bind/ankle_r_bind/ball_r_bind/toe3_001_r_bind/toe3_002_r_bind final","cat":"step","ph":"X","ts":261074,"dur":1,"pid":1,"tid":15},
{"name":"ProviderMatrix /Biped/Rig/Joints/hips_bind/pelvis_r_bind/thigh_r_bind/knee_r_bind/ankle_r_bind/ball_r_bind/toe4_001_r_bind/toe4_002_r_bind final","cat":"step","ph":"X","ts":261075,"dur":1,"pid":1,"tid":15},
{"name":"ProviderMatrix /Biped/Rig/Joints/hips_bind/pelvis_r_bind/thigh_r_bind/knee_r_bind/ankle_r_bind/ball_r_bind/toe5_001_r_bind/toe5_002_r_bind final","cat":"step","ph":"X","ts":261076,"dur":1,"pid":1,"tid":15},
{"name":"ProviderMatrix /Biped/Rig/Joints/hips_bind/pelvis_r_bind/thigh_r_bind/knee_r_bind/kneeTwist_r_bind/knee_r_driver final","cat":"step","ph":"X","ts":261077,"dur":1,"pid":1,"tid":15},
{"name":"ProviderMatrix /Biped/Rig/Joints/hips_bind/spine_0_bind/spine_1_bind/spine_2_bind/spine_3_bind/spine_4_bind final","cat":"step","ph":"X","ts":261229,"dur":1,"pid":1,"tid":0},
{"name":"ProviderMatrix /Biped/Rig/Joints/hips_bind/spine_0_bind/spine_1_bind/spine_2_bind/spine_3_bind/spine_4_bind/spine_5_bind/chest_bind final","cat":"step","ph":"X","ts":261264,"dur":1,"pid":1,"tid":0},
{"name":"ProviderMatrix /Biped/Rig/Joints/hips_bind/spine_0_bind/spine_1_bind/spine_2_bind/spine_3_bind/spine_4_bind/spine_5_bind/chest_bind/clavicle_l_bind/clavicle_trans_l_bind/shoulder_l_driver/shoulder_l_twist_driver final","cat":"step","ph":"X","ts":261361,"dur":1,"pid":1,"tid":0},
{"name":"ProviderMatrix /Biped/Rig/Joints/hips_bind/spine_0_bind/spine_1_bind/spine_2_bind/spine_3_bind/spine_4_bind/spine_5_bind/chest_bind/clavicle_l_bind/shoulder_l_bind final","cat":"step","ph":"X","ts":260844,"dur":1,"pid":1,"tid":0},
{"name":"ProviderMatrix /Biped/Rig/Joints/hips_bind/spine_0_bind/spine_1_bind/spine_2_bind/spine_3_bind/spine_4_bind/spine_5_bind/chest_bind/clavicle_l_bind/shoulder_l_bind/elbow_l_bind/elbowTwist_l_bind/elbow_l_driver final","cat":"step","ph":"X","ts":260896,"dur":1,"pid":1,"tid":23},
{"name":"ProviderMatrix /Biped/Rig/Joints/hips_bind/spine_0_bind/spine_1_bind/spine_2_bind/spine_3_bind/spine_4_bind/spine_5_bind/chest_bind/clavicle_l_bind/shoulder_l_bind/elbow_l_bind/wristTwist_l_driver final","cat":"step","ph":"X","ts":260933,"dur":1,"pid":1,"tid":23},
{"name":"ProviderMatrix /Biped/Rig/Joints/hips_bind/spine_0_bind/spine_1_bind/spine_2_bind/spine_3_bind/spine_4_bind/spine_5_bind/chest_bind/clavicle_l_bind/shoulder_l_bind/elbow_l_bind/wrist_l_bind/index_001_l_bind/index_002_combo_l_driver final","cat":"step","ph":"X","ts":260919,"dur":1,"pid":1,"tid":23},
{"name":"ProviderMatrix /Biped/Rig/Joints/hips_bind/spine_0_bind/spine_1_bind/spine_2_bind/spine_3_bind/spine_4_bind/spine_5_bind/chest_bind/clavicle_l_bind/shoulder_l_bind/elbow_l_bind/wrist_l_bind/index_001_l_bind/index_002_l_bind/index_003_l_bind/index_004_l_bind/index_005_l_bind final","cat":"step","ph":"X","ts":260920,"dur":1,"pid":1,"tid":23},
{"name":"ProviderMatrix /Biped/Rig/Joints/hips_bind/spine_0_bind/spine_1_bind/spine_2_bind/spine_3_bind/spine_4_bind/spine_5_bind/chest_bind/clavicle_l_bind/shoulder_l_bind/elbow_l_bind/wrist_l_bind/middle_001_l_bind/middle_002_l_bind final","cat":"step","ph":"X","ts":260921,"dur":1,"pid":1,"tid":23},
{"name":"ProviderMatrix /Biped/Rig/Joints/hips_bind/spine_0_bind/spine_1_bind/spine_2_bind/spine_3_bind/spine_4_bind/spine_5_bind/chest_bind/clavicle_l_bind/shoulder_l_bind/elbow_l_bind/wrist_l_bind/pinkyCup_l_bind/pinky_001_l_bind/pinky_002_l_bind final","cat":"step","ph":"X","ts":260934,"dur":1,"pid":1,"tid":23},
{"name":"ProviderMatrix /Biped/Rig/Joints/hips_bind/spine_0_bind/spine_1_bind/spine_2_bind/spine_3_bind/spine_4_bind/spine_5_bind/chest_bind/clavicle_l_bind/shoulder_l_bind/elbow_l_bind/wrist_l_bind/ring_001_l_bind final","cat":"step","ph":"X","ts":260922,"dur":1,"pid":1,"tid":23},
{"name":"ProviderMatrix /Biped/Rig/Joints/hips_bind/spine_0_bind/spine_1_bind/spine_2_bind/spine_3_bind/spine_4_bind/spine_5_bind/chest_bind/clavicle_l_bind/shoulder_l_bind/elbow_l_bind/wrist_l_bind/ring_001_l_bind/ring_002_l_bind/ring_003_l_bind/ring_004_l_bind/ring_005_l_bind final","cat":"step","ph":"X","ts":260923,"dur":1,"pid":1,"tid":23},
{"name":"ProviderMatrix /Biped/Rig/Joints/hips_bind/spine_0_bind/spine_1_bind/spine_2_bind/spine_3_bind/spine_4_bind/spine_5_bind/chest_bind/clavicle_l_bind/shoulder_l_bind/elbow_l_bind/wrist_l_bind/thumbCup_l_bind/thumb_001_l_bind/thumb_002_l_bind final","cat":"step","ph":"X","ts":260924,"dur":1,"pid":1,"tid":23},
{"name":"ProviderMatrix /Biped/Rig/Joints/hips_bind/spine_0_bind/spine_1_bind/spine_2_bind/spine_3_bind/spine_4_bind/spine_5_bind/chest_bind/clavicle_r_bind/clavicle_trans_combo_r_driver final","cat":"step","ph":"X","ts":261284,"dur":1,"pid":1,"tid":0},
{"name":"ProviderMatrix /Biped/Rig/Joints/hips_bind/spine_0_bind/spine_1_bind/spine_2_bind/spine_3_bind/spine_4_bind/spine_5_bind/chest_bind/clavicle_r_bind/shoulder_r_bind/elbow_r_bind final","cat":"step","ph":"X","ts":260868,"dur":1,"pid":1,"tid":22},
{"name":"ProviderMatrix /Biped/Rig/Joints/hips_bind/spine_0_bind/spine_1_bind/spine_2_bind/spine_3_bind/spine_4_bind/spine_5_bind/chest_bind/clavicle_r_bind/shoulder_r_bind/elbow_r_bind/wristTwist_r_bind final","cat":"step","ph":"X","ts":260935,"dur":1,"pid":1,"tid":23},
{"name":"ProviderMatrix /Biped/Rig/Joints/hips_bind/spine_0_bind/spine_1_bind/spine_2_bind/spine_3_bind/spine_4_bind/spine_5_bind/chest_bind/clavicle_r_bind/shoulder_r_bind/elbow_r_bind/wrist_r_bind/index_001_r_bind/index_002_r_bind/index_003_r_bind final","cat":"step","ph":"X","ts":260936,"dur":1,"pid":1,"tid":23},
{"name":"ProviderMatrix /Biped/Rig/Joints/hips_bind/spine_0_bind/spine_1_bind/spine_2_bind/spine_3_bind/spine_4_bind/spine_5_bind/chest_bind/clavicle_r_bind/shoulder_r_bind/elbow_r_bind/wrist_r_bind/middle_001_r_bind/middle_002_r_bind final","cat":"step","ph":"X","ts":260937,"dur":1,"pid":1,"tid":23},
{"name":"ProviderMatrix /Biped/Rig/Joints/hips_bind/spine_0_bind/spine_1_bind/spine_2_bind/spine_3_bind/spine_4_bind/spine_5_bind/chest_bind/clavicle_r_bind/shoulder_r_bind/elbow_r_bind/wrist_r_bind/pinkyCup_r_bind/pinky_001_r_bind final","cat":"step","ph":"X","ts":260957,"dur":1,"pid":1,"tid":23},
{"name":"ProviderMatrix /Biped/Rig/Joints/hips_bind/spine_0_bind/spine_1_bind/spine_2_bind/spine_3_bind/spine_4_bind/spine_5_bind/chest_bind/clavicle_r_bind/shoulder_r_bind/elbow_r_bind/wrist_r_bind/pinkyCup_r_bind/pinky_001_r_bind/pinky_002_r_bind/pinky_003_r_bind/pinky_004_r_bind final","cat":"step","ph":"X","ts":260958,"dur":1,"pid":1,"tid":23},
{"name":"ProviderMatrix /Biped/Rig/Joints/hips_bind/spine_0_bind/spine_1_bind/spine_2_bind/spine_3_bind/spine_4_bind/spine_5_bind/chest_bind/clavicle_r_bind/shoulder_r_bind/elbow_r_bind/wrist_r_bind/ring_001_r_bind final","cat":"step","ph":"X","ts":260938,"dur":1,"pid":1,"tid":23},
{"name":"ProviderMatrix /Biped/Rig/Joints/hips_bind/spine_0_bind/spine_1_bind/spine_2_bind/spine_3_bind/spine_4_bind/spine_5_bind/chest_bind/clavicle_r_bind/shoulder_r_bind/elbow_r_bind/wrist_r_bind/ring_001_r_bind/ring_002_r_bind/ring_003_r_bind final","cat":"step","ph":"X","ts":260939,"dur":1,"pid":1,"tid":23},
{"name":"ProviderMatrix /Biped/Rig/Joints/hips_bind/spine_0_bind/spine_1_bind/spine_2_bind/spine_3_bind/spine_4_bind/spine_5_bind/chest_bind/clavicle_r_bind/shoulder_r_bind/elbow_r_bind/wrist_r_bind/thumbCup_r_bind/thumb_001_r_bind final","cat":"step","ph":"X","ts":260940,"dur":1,"pid":1,"tid":23},
{"name":"ProviderMatrix /Biped/Rig/Joints/hips_bind/spine_0_bind/spine_1_bind/spine_2_bind/spine_3_bind/spine_4_bind/spine_5_bind/chest_bind/neck_base_bind final","cat":"step","ph":"X","ts":261273,"dur":1,"pid":1,"tid":0},
{"name":"ProviderMatrix /Biped/Rig/Joints/hips_bind/spine_0_bind/spine_1_bind/spine_2_bind/spine_3_bind/spine_4_bind/spine_5_bind/chest_bind/neck_base_bind/neck_0_bind/neck_1_bind/neck_2_bind/neck_3_bind/skull_bind/face_lower_bind/face_mid_bind/nose_bridge_bind final","cat":"step","ph":"X","ts":262691,"dur":1,"pid":1,"tid":0},
{"name":"ProviderMatrix /Biped/Rig/Joints/hips_bind/spine_0_bind/spine_1_bind/spine_2_bind/spine_3_bind/spine_4_bind/spine_5_bind/chest_bind/neck_base_bind/neck_0_bind/neck_1_bind/neck_2_bind/neck_3_bind/skull_bind/face_lower_bind/jaw_bind/teeth_lower_bind final","cat":"step","ph":"X","ts":262692,"dur":1,"pid":1,"tid":0},
{"name":"ProviderMatrix /Biped/Rig/Joints/hips_bind/spine_0_bind/spine_1_bind/spine_2_bind/spine_3_bind/spine_4_bind/spine_5_bind/chest_bind/neck_base_bind/neck_0_bind/neck_1_bind/neck_2_bind/neck_3_bind/skull_bind/face_upper_bind/eyeSocket_l_bind final","cat":"step","ph":"X","ts":262693,"dur":1,"pid":1,"tid":0},
{"name":"ProviderMatrix /Biped/Rig/Joints/hips_bind/spine_0_bind/spine_1_bind/spine_2_bind/spine_3_bind/spine_4_bind/spine_5_bind/chest_bind/neck_base_bind/neck_0_bind/neck_1_bind/neck_2_bind/neck_3_bind/skull_bind/face_upper_bind/head_tip_bind/brow_main_r_bind final","cat":"step","ph":"X","ts":262694,"dur":1,"pid":1,"tid":0},
{"name":"ProviderMatrix /Biped/Rig/Joints/neck_ik_neck_0_bind/neck_ik_neck_1_bind/neck_ik_neck_2_bind final","cat":"step","ph":"X","ts":260967,"dur":1,"pid":1,"tid":23},
{"name":"ProviderMatrix /Biped/Rig/Joints/pupilCenter_l_pivot final","cat":"step","ph":"X","ts":260610,"dur":1,"pid":1,"tid":0},
{"name":"ProviderMatrix /Biped/Rig/Joints/spine_ik_spine_0_bind/spine_ik_spine_1_bind final","cat":"step","ph":"X","ts":260820,"dur":1,"pid":1,"tid":21},
{"name":"ProviderMatrix /Biped/Rig/Joints/spine_ik_spine_0_bind/spine_ik_spine_1_bind/spine_ik_spine_2_bind/spine_ik_spine_3_bind/spine_ik_spine_4_bind/spine_ik_spine_5_bind final","cat":"step","ph":"X","ts":260821,"dur":1,"pid":1,"tid":21},
{"name":"PoseInterpolator /Biped/Rig/PoseInterpolators/ankleSwing_l_driver","cat":"step","ph":"X","ts":261123,"dur":4,"pid":1,"tid":1},
{"name":"PoseInterpolator /Biped/Rig/PoseInterpolators/ankleSwing_r_driver","cat":"step","ph":"X","ts":261135,"dur":3,"pid":1,"tid":24},
{"name":"PoseInterpolator /Biped/Rig/PoseInterpolators/elbow_l_driver","cat":"step","ph":"X","ts":260897,"dur":3,"pid":1,"tid":23},
{"name":"PoseInterpolator /Biped/Rig/PoseInterpolators/elbow_r_driver","cat":"step","ph":"X","ts":260925,"dur":2,"pid":1,"tid":23},
{"name":"PoseInterpolator /Biped/Rig/PoseInterpolators/index_002_l","cat":"step","ph":"X","ts":260869,"dur":3,"pid":1,"tid":22},
{"name":"PoseInterpolator /Biped/Rig/PoseInterpolators/index_002_r","cat":"step","ph":"X","ts":260900,"dur":2,"pid":1,"tid":23},
{"name":"PoseInterpolator /Biped/Rig/PoseInterpolators/knee_l_driver","cat":"step","ph":"X","ts":261045,"dur":2,"pid":1,"tid":21},
{"name":"PoseInterpolator /Biped/Rig/PoseInterpolators/knee_r_driver","cat":"step","ph":"X","ts":261078,"dur":3,"pid":1,"tid":15},
{"name":"PoseInterpolator /Biped/Rig/PoseInterpolators/middle_002_l","cat":"step","ph":"X","ts":260872,"dur":1,"pid":1,"tid":22},
{"name":"PoseInterpolator /Biped/Rig/PoseInterpolators/middle_002_r","cat":"step","ph":"X","ts":260902,"dur":1,"pid":1,"tid":23},
{"name":"PoseInterpolator /Biped/Rig/PoseInterpolators/neckTwist","cat":"step","ph":"X","ts":261297,"dur":2,"pid":1,"tid":18},
{"name":"PoseInterpolator /Biped/Rig/PoseInterpolators/neck","cat":"step","ph":"X","ts":261299,"dur":2,"pid":1,"tid":18},
{"name":"PoseInterpolator /Biped/Rig/PoseInterpolators/pinky_002_l","cat":"step","ph":"X","ts":260873,"dur":1,"pid":1,"tid":22},
{"name":"PoseInterpolator /Biped/Rig/PoseInterpolators/pinky_002_r","cat":"step","ph":"X","ts":260903,"dur":2,"pid":1,"tid":23},
{"name":"PoseInterpolator /Biped/Rig/PoseInterpolators/ring_002_l","cat":"step","ph":"X","ts":260874,"dur":2,"pid":1,"tid":22},
{"name":"PoseInterpolator /Biped/Rig/PoseInterpolators/ring_002_r","cat":"step","ph":"X","ts":260905,"dur":2,"pid":1,"tid":23},
{"name":"PoseInterpolator /Biped/Rig/PoseInterpolators/shoulder_l_driver","cat":"step","ph":"X","ts":261349,"dur":3,"pid":1,"tid":15},
{"name":"PoseInterpolator /Biped/Rig/PoseInterpolators/shoulder_l_twist_driver","cat":"step","ph":"X","ts":261362,"dur":2,"pid":1,"tid":0},
{"name":"PoseInterpolator /Biped/Rig/PoseInterpolators/shoulder_r_driver","cat":"step","ph":"X","ts":261352,"dur":2,"pid":1,"tid":15},
{"name":"PoseInterpolator /Biped/Rig/PoseInterpolators/shoulder_r_twist_driver","cat":"step","ph":"X","ts":261364,"dur":24,"pid":1,"tid":0},
{"name":"PoseInterpolator /Biped/Rig/PoseInterpolators/thigh_l_driver","cat":"step","ph":"X","ts":261160,"dur":3,"pid":1,"tid":1},
{"name":"PoseInterpolator /Biped/Rig/PoseInterpolators/thigh_r_driver","cat":"step","ph":"X","ts":261163,"dur":2,"pid":1,"tid":1},
{"name":"PoseInterpolator /Biped/Rig/PoseInterpolators/toe_l","cat":"step","ph":"X","ts":261081,"dur":3,"pid":1,"tid":15},
{"name":"PoseInterpolator /Biped/Rig/PoseInterpolators/toe_l_twist","cat":"step","ph":"X","ts":261084,"dur":1,"pid":1,"tid":15},
{"name":"PoseInterpolator /Biped/Rig/PoseInterpolators/toe_r","cat":"step","ph":"X","ts":261102,"dur":4,"pid":1,"tid":24},
{"name":"PoseInterpolator /Biped/Rig/PoseInterpolators/toe_r_twist","cat":"step","ph":"X","ts":261106,"dur":1,"pid":1,"tid":24},
{"name":"PoseInterpolator /Biped/Rig/PoseInterpolators/torso","cat":"step","ph":"X","ts":260634,"dur":4,"pid":1,"tid":0},
{"name":"PoseInterpolator /Biped/Rig/PoseInterpolators/wristSwing_l_driver","cat":"step","ph":"X","ts":260941,"dur":3,"pid":1,"tid":23},
{"name":"PoseInterpolator /Biped/Rig/PoseInterpolators/wristSwing_r_driver","cat":"step","ph":"X","ts":260959,"dur":2,"pid":1,"tid":23},
{"name":"RevisionStatic /Biped/Rig/Movers/shapes_body_geo/body_geo_shapes","cat":"step","ph":"X","ts":261393,"dur":875,"pid":1,"tid":0},
{"name":"RevisionChunk /Biped/Rig/Movers/shapes_body_geo/body_geo_shapes","cat":"step","ph":"X","ts":262275,"dur":384,"pid":1,"tid":0},
{"name":"RevisionFuse /Biped/Rig/Movers/shapes_body_geo/body_geo_shapes","cat":"step","ph":"X","ts":262664,"dur":21,"pid":1,"tid":0},
{"name":"InfluenceFold /Biped/Rig/Movers/skin_body_geo/body_geo_skin","cat":"step","ph":"X","ts":262695,"dur":26,"pid":1,"tid":0},
{"name":"RevisionChunk /Biped/Rig/Movers/skin_body_geo/body_geo_skin","cat":"step","ph":"X","ts":262721,"dur":2406,"pid":1,"tid":0},
{"name":"RevisionFuse /Biped/Rig/Movers/skin_body_geo/body_geo_skin","cat":"step","ph":"X","ts":265127,"dur":5,"pid":1,"tid":0},
{"name":"ChainStatus /Biped/Geom/body_geo.points","cat":"step","ph":"X","ts":265132,"dur":26,"pid":1,"tid":0},
{"name":"Derived /Biped/Geom/body_geo.extent","cat":"step","ph":"X","ts":265158,"dur":523,"pid":1,"tid":0},
{"name":"cluster 0","cat":"cluster","ph":"X","ts":260585,"dur":15,"pid":1,"tid":0,"args":{"level":"1","steps":"21","waitUs":"5"}},
{"name":"cluster 1","cat":"cluster","ph":"X","ts":260600,"dur":11,"pid":1,"tid":0,"args":{"level":"2","steps":"30","waitUs":"0"}},
{"name":"cluster 2","cat":"cluster","ph":"X","ts":260638,"dur":9,"pid":1,"tid":0,"args":{"level":"3","steps":"21","waitUs":"27"}},
{"name":"cluster 3","cat":"cluster","ph":"X","ts":260648,"dur":13,"pid":1,"tid":0,"args":{"level":"4","steps":"22","waitUs":"0"}},
{"name":"cluster 4","cat":"cluster","ph":"X","ts":260685,"dur":61,"pid":1,"tid":20,"args":{"level":"5","steps":"17","waitUs":"24"}},
{"name":"cluster 5","cat":"cluster","ph":"X","ts":260752,"dur":15,"pid":1,"tid":2,"args":{"level":"6","steps":"20","waitUs":"5"}},
{"name":"cluster 6","cat":"cluster","ph":"X","ts":260776,"dur":32,"pid":1,"tid":21,"args":{"level":"7","steps":"16","waitUs":"5"}},
{"name":"cluster 7","cat":"cluster","ph":"X","ts":260816,"dur":11,"pid":1,"tid":0,"args":{"level":"8","steps":"14","waitUs":"8"}},
{"name":"cluster 8","cat":"cluster","ph":"X","ts":260621,"dur":17,"pid":1,"tid":0,"args":{"level":"3","steps":"15","waitUs":"10"}},
{"name":"cluster 9","cat":"cluster","ph":"X","ts":260832,"dur":25,"pid":1,"tid":22,"args":{"level":"9","steps":"15","waitUs":"5"}},
{"name":"cluster 10","cat":"cluster","ph":"X","ts":260858,"dur":20,"pid":1,"tid":16,"args":{"level":"10","steps":"18","waitUs":"1"}},
{"name":"cluster 11","cat":"cluster","ph":"X","ts":260879,"dur":7,"pid":1,"tid":16,"args":{"level":"11","steps":"13","waitUs":"0"}},
{"name":"cluster 12","cat":"cluster","ph":"X","ts":260749,"dur":22,"pid":1,"tid":20,"args":{"level":"6","steps":"8","waitUs":"2"}},
{"name":"cluster 13","cat":"cluster","ph":"X","ts":260901,"dur":14,"pid":1,"tid":21,"args":{"level":"12","steps":"12","waitUs":"0"}},
{"name":"cluster 14","cat":"cluster","ph":"X","ts":260771,"dur":7,"pid":1,"tid":20,"args":{"level":"7","steps":"6","waitUs":"0"}},
{"name":"cluster 15","cat":"cluster","ph":"X","ts":260915,"dur":10,"pid":1,"tid":21,"args":{"level":"13","steps":"6","waitUs":"0"}},
{"name":"cluster 17","cat":"cluster","ph":"X","ts":260661,"dur":9,"pid":1,"tid":0,"args":{"level":"5","steps":"7","waitUs":"0"}},
{"name":"cluster 18","cat":"cluster","ph":"X","ts":260944,"dur":17,"pid":1,"tid":23,"args":{"level":"14","steps":"16","waitUs":"0"}},
{"name":"cluster 19","cat":"cluster","ph":"X","ts":260670,"dur":11,"pid":1,"tid":0,"args":{"level":"6","steps":"1","waitUs":"0"}},
{"name":"cluster 20","cat":"cluster","ph":"X","ts":260859,"dur":22,"pid":1,"tid":20,"args":{"level":"10","steps":"3","waitUs":"2"}},
{"name":"cluster 21","cat":"cluster","ph":"X","ts":260881,"dur":7,"pid":1,"tid":20,"args":{"level":"11","steps":"3","waitUs":"0"}},
{"name":"cluster 22","cat":"cluster","ph":"X","ts":260860,"dur":11,"pid":1,"tid":1,"args":{"level":"10","steps":"3","waitUs":"3"}},
{"name":"cluster 23","cat":"cluster","ph":"X","ts":260888,"dur":13,"pid":1,"tid":21,"args":{"level":"11","steps":"7","waitUs":"3"}},
{"name":"cluster 24","cat":"cluster","ph":"X","ts":260835,"dur":19,"pid":1,"tid":24,"args":{"level":"9","steps":"3","waitUs":"8"}},
{"name":"cluster 25","cat":"cluster","ph":"X","ts":260854,"dur":8,"pid":1,"tid":24,"args":{"level":"10","steps":"3","waitUs":"0"}},
{"name":"cluster 26","cat":"cluster","ph":"X","ts":260835,"dur":6,"pid":1,"tid":18,"args":{"level":"9","steps":"2","waitUs":"7"}},
{"name":"cluster 27","cat":"cluster","ph":"X","ts":260961,"dur":7,"pid":1,"tid":23,"args":{"level":"15","steps":"10","waitUs":"0"}},
{"name":"cluster 28","cat":"cluster","ph":"X","ts":260968,"dur":11,"pid":1,"tid":23,"args":{"level":"16","steps":"4","waitUs":"0"}},
{"name":"cluster 29","cat":"cluster","ph":"X","ts":260979,"dur":20,"pid":1,"tid":23,"args":{"level":"17","steps":"6","waitUs":"0"}},
{"name":"cluster 30","cat":"cluster","ph":"X","ts":261011,"dur":22,"pid":1,"tid":21,"args":{"level":"18","steps":"5","waitUs":"12"}},
{"name":"cluster 31","cat":"cluster","ph":"X","ts":261035,"dur":30,"pid":1,"tid":15,"args":{"level":"19","steps":"5","waitUs":"2"}},
{"name":"cluster 32","cat":"cluster","ph":"X","ts":260814,"dur":8,"pid":1,"tid":21,"args":{"level":"8","steps":"8","waitUs":"6"}},
{"name":"cluster 33","cat":"cluster","ph":"X","ts":260860,"dur":25,"pid":1,"tid":23,"args":{"level":"10","steps":"4","waitUs":"2"}},
{"name":"cluster 34","cat":"cluster","ph":"X","ts":261068,"dur":18,"pid":1,"tid":24,"args":{"level":"20","steps":"3","waitUs":"3"}},
{"name":"cluster 35","cat":"cluster","ph":"X","ts":261089,"dur":21,"pid":1,"tid":1,"args":{"level":"21","steps":"3","waitUs":"2"}},
{"name":"cluster 36","cat":"cluster","ph":"X","ts":261111,"dur":17,"pid":1,"tid":24,"args":{"level":"22","steps":"3","waitUs":"1"}},
{"name":"cluster 37","cat":"cluster","ph":"X","ts":261130,"dur":16,"pid":1,"tid":1,"args":{"level":"23","steps":"2","waitUs":"2"}},
{"name":"cluster 38","cat":"cluster","ph":"X","ts":261154,"dur":12,"pid":1,"tid":0,"args":{"level":"24","steps":"2","waitUs":"8"}},
{"name":"cluster 39","cat":"cluster","ph":"X","ts":261166,"dur":7,"pid":1,"tid":0,"args":{"level":"25","steps":"3","waitUs":"0"}},
{"name":"cluster 40","cat":"cluster","ph":"X","ts":261174,"dur":29,"pid":1,"tid":0,"args":{"level":"26","steps":"2","waitUs":"1"}},
{"name":"cluster 41","cat":"cluster","ph":"X","ts":261203,"dur":8,"pid":1,"tid":0,"args":{"level":"27","steps":"1","waitUs":"0"}},
{"name":"cluster 42","cat":"cluster","ph":"X","ts":261211,"dur":6,"pid":1,"tid":0,"args":{"level":"28","steps":"2","waitUs":"0"}},
{"name":"cluster 43","cat":"cluster","ph":"X","ts":261217,"dur":7,"pid":1,"tid":0,"args":{"level":"29","steps":"1","waitUs":"0"}},
{"name":"cluster 44","cat":"cluster","ph":"X","ts":261224,"dur":6,"pid":1,"tid":0,"args":{"level":"30","steps":"2","waitUs":"0"}},
{"name":"cluster 45","cat":"cluster","ph":"X","ts":261230,"dur":7,"pid":1,"tid":0,"args":{"level":"31","steps":"1","waitUs":"0"}},
{"name":"cluster 46","cat":"cluster","ph":"X","ts":261237,"dur":6,"pid":1,"tid":0,"args":{"level":"32","steps":"2","waitUs":"0"}},
{"name":"cluster 47","cat":"cluster","ph":"X","ts":261243,"dur":7,"pid":1,"tid":0,"args":{"level":"33","steps":"1","waitUs":"0"}},
{"name":"cluster 48","cat":"cluster","ph":"X","ts":261250,"dur":6,"pid":1,"tid":0,"args":{"level":"34","steps":"1","waitUs":"0"}},
{"name":"cluster 49","cat":"cluster","ph":"X","ts":261256,"dur":9,"pid":1,"tid":0,"args":{"level":"35","steps":"4","waitUs":"0"}},
{"name":"cluster 50","cat":"cluster","ph":"X","ts":261265,"dur":9,"pid":1,"tid":0,"args":{"level":"36","steps":"4","waitUs":"0"}},
{"name":"cluster 51","cat":"cluster","ph":"X","ts":261277,"dur":12,"pid":1,"tid":18,"args":{"level":"37","steps":"3","waitUs":"3"}},
{"name":"cluster 52","cat":"cluster","ph":"X","ts":261292,"dur":18,"pid":1,"tid":15,"args":{"level":"38","steps":"3","waitUs":"3"}},
{"name":"cluster 53","cat":"cluster","ph":"X","ts":261310,"dur":19,"pid":1,"tid":15,"args":{"level":"39","steps":"7","waitUs":"0"}},
{"name":"cluster 54","cat":"cluster","ph":"X","ts":261349,"dur":8,"pid":1,"tid":0,"args":{"level":"40","steps":"2","waitUs":"20"}},
{"name":"cluster 55","cat":"cluster","ph":"X","ts":261357,"dur":31,"pid":1,"tid":0,"args":{"level":"41","steps":"5","waitUs":"0"}},
{"name":"cluster 56","cat":"cluster","ph":"X","ts":261388,"dur":880,"pid":1,"tid":0,"args":{"level":"42","steps":"3","waitUs":"0"}},
{"name":"cluster 57","cat":"cluster","ph":"X","ts":262268,"dur":391,"pid":1,"tid":0,"args":{"level":"43","steps":"2","waitUs":"0"}},
{"name":"cluster 58","cat":"cluster","ph":"X","ts":262659,"dur":26,"pid":1,"tid":0,"args":{"level":"44","steps":"3","waitUs":"0"}},
{"name":"cluster 59","cat":"cluster","ph":"X","ts":262685,"dur":10,"pid":1,"tid":0,"args":{"level":"46","steps":"28","waitUs":"0"}},
{"name":"cluster 60","cat":"cluster","ph":"X","ts":260828,"dur":17,"pid":1,"tid":0,"args":{"level":"9","steps":"7","waitUs":"0"}},
{"name":"cluster 61","cat":"cluster","ph":"X","ts":261069,"dur":14,"pid":1,"tid":25,"args":{"level":"20","steps":"2","waitUs":"4"}},
{"name":"cluster 62","cat":"cluster","ph":"X","ts":260886,"dur":21,"pid":1,"tid":23,"args":{"level":"11","steps":"12","waitUs":"1"}},
{"name":"cluster 63","cat":"cluster","ph":"X","ts":261090,"dur":8,"pid":1,"tid":5,"args":{"level":"21","steps":"3","waitUs":"3"}},
{"name":"cluster 64","cat":"cluster","ph":"X","ts":261281,"dur":4,"pid":1,"tid":0,"args":{"level":"37","steps":"8","waitUs":"7"}},
{"name":"cluster 65","cat":"cluster","ph":"X","ts":261006,"dur":17,"pid":1,"tid":23,"args":{"level":"18","steps":"7","waitUs":"7"}},
{"name":"cluster 66","cat":"cluster","ph":"X","ts":261113,"dur":8,"pid":1,"tid":15,"args":{"level":"22","steps":"2","waitUs":"3"}},
{"name":"cluster 67","cat":"cluster","ph":"X","ts":261290,"dur":11,"pid":1,"tid":18,"args":{"level":"38","steps":"5","waitUs":"0"}},
{"name":"cluster 68","cat":"cluster","ph":"X","ts":261129,"dur":9,"pid":1,"tid":24,"args":{"level":"23","steps":"8","waitUs":"1"}},
{"name":"cluster 69","cat":"cluster","ph":"X","ts":261153,"dur":12,"pid":1,"tid":1,"args":{"level":"24","steps":"6","waitUs":"6"}},
{"name":"cluster 70","cat":"cluster","ph":"X","ts":261111,"dur":16,"pid":1,"tid":1,"args":{"level":"22","steps":"7","waitUs":"1"}},
{"name":"cluster 71","cat":"cluster","ph":"X","ts":261087,"dur":20,"pid":1,"tid":24,"args":{"level":"21","steps":"12","waitUs":"0"}},
{"name":"cluster 72","cat":"cluster","ph":"X","ts":261066,"dur":19,"pid":1,"tid":15,"args":{"level":"20","steps":"29","waitUs":"0"}},
{"name":"cluster 73","cat":"cluster","ph":"X","ts":261033,"dur":14,"pid":1,"tid":21,"args":{"level":"19","steps":"28","waitUs":"0"}},
{"name":"cluster 74","cat":"cluster","ph":"X","ts":260907,"dur":20,"pid":1,"tid":23,"args":{"level":"12","steps":"31","waitUs":"0"}},
{"name":"cluster 75","cat":"cluster","ph":"X","ts":261342,"dur":12,"pid":1,"tid":15,"args":{"level":"40","steps":"6","waitUs":"13"}},
{"name":"cluster 76","cat":"cluster","ph":"X","ts":260928,"dur":16,"pid":1,"tid":23,"args":{"level":"13","steps":"37","waitUs":"1"}},
{"name":"cluster 77","cat":"cluster","ph":"X","ts":260858,"dur":18,"pid":1,"tid":22,"args":{"level":"10","steps":"12","waitUs":"0"}},
{"name":"cluster 78","cat":"cluster","ph":"X","ts":262695,"dur":26,"pid":1,"tid":0,"args":{"level":"47","steps":"1","waitUs":"0"}},
{"name":"cluster 79","cat":"cluster","ph":"X","ts":262721,"dur":2406,"pid":1,"tid":0,"args":{"level":"48","steps":"1","waitUs":"0"}},
{"name":"cluster 80","cat":"cluster","ph":"X","ts":265127,"dur":5,"pid":1,"tid":0,"args":{"level":"49","steps":"1","waitUs":"0"}},
{"name":"cluster 81","cat":"cluster","ph":"X","ts":265132,"dur":549,"pid":1,"tid":0,"args":{"level":"51","steps":"2","waitUs":"0"}},
{"name":"BakedPublish","cat":"baked","ph":"X","ts":265940,"dur":81,"pid":1,"tid":0},
{"name":"BakedEpilogue","cat":"baked","ph":"X","ts":265694,"dur":370,"pid":1,"tid":0},
{"name":"Baked","cat":"baked","ph":"X","ts":259887,"dur":6178,"pid":1,"tid":0},
{"name":"Evaluate@3","cat":"evaluate","ph":"X","ts":259885,"dur":6181,"pid":1,"tid":0},
{"name":"PropertyChain /Biped/Rig/Movers/ballRoll_l_down_rc/ballRoll_l_down_rotation.inputs:defaultWeight","cat":"property","ph":"X","ts":266304,"dur":55,"pid":1,"tid":0},
{"name":"PropertyChain /Biped/Rig/Movers/ballRoll_l_up_rc/ballRoll_l_up_rotation.inputs:defaultWeight","cat":"property","ph":"X","ts":266359,"dur":14,"pid":1,"tid":0},
{"name":"PropertyChain /Biped/Rig/Movers/ballRoll_r_down_rc/ballRoll_r_down_rotation.inputs:defaultWeight","cat":"property","ph":"X","ts":266374,"dur":30,"pid":1,"tid":0},
{"name":"PropertyChain /Biped/Rig/Movers/ballRoll_r_up_rc/ballRoll_r_up_rotation.inputs:defaultWeight","cat":"property","ph":"X","ts":266405,"dur":68,"pid":1,"tid":0},
{"name":"PropertyChain /Biped/Rig/Movers/bankIn_l_pivot_rc/bankIn_l_pivot_rotation.inputs:defaultWeight","cat":"property","ph":"X","ts":266476,"dur":12,"pid":1,"tid":0},
{"name":"PropertyChain /Biped/Rig/Movers/bankIn_r_pivot_rc/bankIn_r_pivot_rotation.inputs:defaultWeight","cat":"property","ph":"X","ts":266489,"dur":11,"pid":1,"tid":0},
{"name":"PropertyChain /Biped/Rig/Movers/bankOut_l_pivot_rc/bankOut_l_pivot_rotation.inputs:defaultWeight","cat":"property","ph":"X","ts":266502,"dur":8,"pid":1,"tid":0},
{"name":"PropertyChain /Biped/Rig/Movers/bankOut_r_pivot_rc/bankOut_r_pivot_rotation.inputs:defaultWeight","cat":"property","ph":"X","ts":266511,"dur":8,"pid":1,"tid":0},
{"name":"PropertyChain /Biped/Rig/Movers/heel_l_roll_rc/heel_l_roll_rotation.inputs:defaultWeight","cat":"property","ph":"X","ts":266520,"dur":8,"pid":1,"tid":0},
{"name":"PropertyChain /Biped/Rig/Movers/heel_r_roll_rc/heel_r_roll_rotation.inputs:defaultWeight","cat":"property","ph":"X","ts":266529,"dur":9,"pid":1,"tid":0},
{"name":"PropertyChain /Biped/Rig/Movers/toe_l_roll_rc/toe_l_roll_rotation.inputs:defaultWeight","cat":"property","ph":"X","ts":266538,"dur":14,"pid":1,"tid":0},
{"name":"PropertyChain /Biped/Rig/Movers/toe_r_roll_rc/toe_r_roll_rotation.inputs:defaultWeight","cat":"property","ph":"X","ts":266552,"dur":15,"pid":1,"tid":0},
{"name":"PropertyChains","cat":"property","ph":"X","ts":266302,"dur":267,"pid":1,"tid":0},
{"name":"BakedInputs","cat":"baked","ph":"X","ts":266569,"dur":11,"pid":1,"tid":0},
{"name":"BakedChainBase","cat":"geometry","ph":"X","ts":266916,"dur":33,"pid":1,"tid":0},
{"name":"BakedPrologue","cat":"baked","ph":"X","ts":266298,"dur":652,"pid":1,"tid":0},
{"name":"BakedRegion","cat":"baked","ph":"X","ts":266950,"dur":4834,"pid":1,"tid":0},
{"name":"ComposeSubtree /Biped/Rig/Controls/arm_l_ik","cat":"step","ph":"X","ts":267013,"dur":3,"pid":1,"tid":0},
{"name":"ComposeSubtree /Biped/Rig/Controls/arm_r_params","cat":"step","ph":"X","ts":267016,"dur":1,"pid":1,"tid":0},
{"name":"ComposeSubtree /Biped/Rig/Controls/hips_ctl","cat":"step","ph":"X","ts":267017,"dur":2,"pid":1,"tid":0},
{"name":"ComposeSubtree /Biped/Rig/Controls/hips_ctl/spine_root_pivot/spine_root_ctl","cat":"step","ph":"X","ts":267028,"dur":1,"pid":1,"tid":0},
{"name":"ComposeSubtree /Biped/Rig/Controls/hips_ctl/spine_root_pivot/spine_root_ctl/pelvis_l_ctl/leg_l_root","cat":"step","ph":"X","ts":267069,"dur":2,"pid":1,"tid":26},
{"name":"ComposeSubtree /Biped/Rig/Controls/hips_ctl/spine_root_pivot/spine_root_ctl/pelvis_r_ctl","cat":"step","ph":"X","ts":267071,"dur":1,"pid":1,"tid":26},
{"name":"ComposeSubtree /Biped/Rig/Controls/hips_ctl/spine_root_pivot/spine_root_ctl/pelvis_r_ctl/leg_r_root/leg_r_fk_thigh_r_bind","cat":"step","ph":"X","ts":267085,"dur":1,"pid":1,"tid":26},
{"name":"ComposeSubtree /Biped/Rig/Controls/hips_ctl/spine_root_pivot/spine_root_ctl/pelvis_r_ctl/leg_r_root/leg_r_fk_thigh_r_bind/leg_r_fk_knee_r_bind","cat":"step","ph":"X","ts":267109,"dur":2,"pid":1,"tid":0},
{"name":"ComposeSubtree /Biped/Rig/Controls/hips_ctl/torso_ctl","cat":"step","ph":"X","ts":267029,"dur":1,"pid":1,"tid":0},
{"name":"ComposeSubtree /Biped/Rig/Controls/hips_ctl/torso_ctl/spine_end_pivot/spine_end_ctl","cat":"step","ph":"X","ts":267072,"dur":1,"pid":1,"tid":26},
{"name":"ComposeSubtree /Biped/Rig/Controls/hips_ctl/torso_ctl/spine_end_pivot/spine_end_ctl/clavicle_r_ctl","cat":"step","ph":"X","ts":267086,"dur":1,"pid":1,"tid":26},
{"name":"ComposeSubtree /Biped/Rig/Controls/hips_ctl/torso_ctl/spine_end_pivot/spine_end_ctl/clavicle_r_ctl/arm_r_root/arm_r_fk_shoulder_r_bind","cat":"step","ph":"X","ts":267111,"dur":1,"pid":1,"tid":0},
{"name":"ComposeSubtree /Biped/Rig/Controls/hips_ctl/torso_ctl/spine_end_pivot/spine_end_ctl/clavicle_r_ctl/arm_r_root/arm_r_fk_shoulder_r_bind/arm_r_fk_elbow_r_bind","cat":"step","ph":"X","ts":267125,"dur":2,"pid":1,"tid":27},
{"name":"ComposeSubtree /Biped/Rig/Controls/index_001_l_bind_fk_follow","cat":"step","ph":"X","ts":267019,"dur":1,"pid":1,"tid":0},
{"name":"ComposeSubtree /Biped/Rig/Controls/index_001_l_bind_fk_follow/index_001_l_bind_fk/index_002_l_bind_fk/index_003_l_bind_fk","cat":"step","ph":"X","ts":267073,"dur":1,"pid":1,"tid":26},
{"name":"ComposeSubtree /Biped/Rig/Controls/leg_l_ik/ankle_l_pivot/bankIn_l_pivot/bankOut_l_pivot/heel_l_roll","cat":"step","ph":"X","ts":267074,"dur":1,"pid":1,"tid":26},
{"name":"ComposeSubtree /Biped/Rig/Controls/leg_l_ik/ankle_l_pivot/bankIn_l_pivot/bankOut_l_pivot/heel_l_roll/heel_l/ball_l_pivot","cat":"step","ph":"X","ts":267087,"dur":1,"pid":1,"tid":26},
{"name":"ComposeSubtree /Biped/Rig/Controls/leg_l_ik/ankle_l_pivot/bankIn_l_pivot/bankOut_l_pivot/heel_l_roll/heel_l/ball_l_pivot/toe_l_roll/toe_l","cat":"step","ph":"X","ts":267112,"dur":1,"pid":1,"tid":0},
{"name":"ComposeSubtree /Biped/Rig/Controls/leg_l_ik/ankle_l_pivot/bankIn_l_pivot/bankOut_l_pivot/heel_l_roll/heel_l/ball_l_pivot/toe_l_roll/toe_l/ballRoll_l_up/ballRoll_l_down","cat":"step","ph":"X","ts":267127,"dur":1,"pid":1,"tid":27},
{"name":"ComposeSubtree /Biped/Rig/Controls/leg_l_ik/ankle_l_pivot/bankIn_l_pivot/bankOut_l_pivot/heel_l_roll/heel_l/ball_l_pivot/toe_l_roll/toe_l/ballRoll_l_up/ballRoll_l_down/ballRoll_l/ankle_l_ikTarget","cat":"step","ph":"X","ts":267143,"dur":1,"pid":1,"tid":28},
{"name":"ComposeSubtree /Biped/Rig/Controls/leg_l_ik/ankle_l_pivot/bankIn_l_pivot/bankOut_l_pivot/heel_l_roll/heel_l/ball_l_pivot/toe_l_roll/toe_l/ballRoll_l_up/ballRoll_l_down_twin","cat":"step","ph":"X","ts":267128,"dur":1,"pid":1,"tid":27},
{"name":"ComposeSubtree /Biped/Rig/Controls/leg_l_ik/ankle_l_pivot/bankIn_l_pivot/bankOut_l_pivot/heel_l_roll/heel_l/ball_l_pivot/toe_l_roll/toe_l/toeBend_l/toeBend_l_fk","cat":"step","ph":"X","ts":267144,"dur":1,"pid":1,"tid":28},
{"name":"ComposeSubtree /Biped/Rig/Controls/leg_l_ik/ankle_l_pivot/bankIn_l_pivot/bankOut_l_pivot/heel_l_roll/heel_l/ball_l_pivot/toe_l_roll_twin","cat":"step","ph":"X","ts":267113,"dur":1,"pid":1,"tid":0},
{"name":"ComposeSubtree /Biped/Rig/Controls/leg_l_ik/ankle_l_pivot/bankIn_l_pivot/bankOut_l_pivot_twin","cat":"step","ph":"X","ts":267075,"dur":1,"pid":1,"tid":26},
{"name":"ComposeSubtree /Biped/Rig/Controls/leg_l_ik/ankle_l_pivot/bank_l","cat":"step","ph":"X","ts":267030,"dur":1,"pid":1,"tid":0},
{"name":"ComposeSubtree /Biped/Rig/Controls/leg_l_pv","cat":"step","ph":"X","ts":267020,"dur":1,"pid":1,"tid":0},
{"name":"ComposeSubtree /Biped/Rig/Controls/leg_r_ik/ankle_r_pivot","cat":"step","ph":"X","ts":267031,"dur":1,"pid":1,"tid":0},
{"name":"ComposeSubtree /Biped/Rig/Controls/leg_r_ik/ankle_r_pivot/bankIn_r_pivot/bankOut_r_pivot/heel_r_roll/heel_r/ball_r_pivot/toe_r_roll","cat":"step","ph":"X","ts":267114,"dur":1,"pid":1,"tid":0},
{"name":"ComposeSubtree /Biped/Rig/Controls/leg_r_ik/ankle_r_pivot/bankIn_r_pivot/bankOut_r_pivot/heel_r_roll/heel_r/ball_r_pivot/toe_r_roll/toe_r/ballRoll_r_up","cat":"step","ph":"X","ts":267129,"dur":1,"pid":1,"tid":27},
{"name":"ComposeSubtree /Biped/Rig/Controls/leg_r_ik/ankle_r_pivot/bankIn_r_pivot/bankOut_r_pivot/heel_r_roll/heel_r/ball_r_pivot/toe_r_roll/toe_r/ballRoll_r_up/ballRoll_r_down/ballRoll_r","cat":"step","ph":"X","ts":267145,"dur":1,"pid":1,"tid":28},
{"name":"ComposeSubtree /Biped/Rig/Controls/leg_r_ik/ankle_r_pivot/bankIn_r_pivot/bankOut_r_pivot/heel_r_roll/heel_r/ball_r_pivot/toe_r_roll/toe_r/ballRoll_r_up/ballRoll_r_down/ballRoll_r/ball_r_ikTarget","cat":"step","ph":"X","ts":267158,"dur":2,"pid":1,"tid":2},
{"name":"ComposeSubtree /Biped/Rig/Controls/leg_r_ik/ankle_r_pivot/bankIn_r_pivot/bankOut_r_pivot/heel_r_roll/heel_r/ball_r_pivot/toe_r_roll/toe_r/ballRoll_r_up_twin","cat":"step","ph":"X","ts":267130,"dur":1,"pid":1,"tid":27},
{"name":"ComposeSubtree /Biped/Rig/Controls/leg_r_ik/ankle_r_pivot/bankIn_r_pivot/bankOut_r_pivot/heel_r_roll/heel_r/ball_r_pivot/toe_r_roll_twin","cat":"step","ph":"X","ts":267115,"dur":1,"pid":1,"tid":0},
{"name":"ComposeSubtree /Biped/Rig/Controls/leg_r_ik/ankle_r_pivot/bankIn_r_pivot/bankOut_r_pivot_twin","cat":"step","ph":"X","ts":267076,"dur":1,"pid":1,"tid":26},
{"name":"ComposeSubtree /Biped/Rig/Controls/leg_r_ik/ankle_r_pivot/bank_r","cat":"step","ph":"X","ts":267077,"dur":1,"pid":1,"tid":26},
{"name":"ComposeSubtree /Biped/Rig/Controls/leg_r_pv","cat":"step","ph":"X","ts":267021,"dur":1,"pid":1,"tid":0},
{"name":"ComposeSubtree /Biped/Rig/Controls/middle_001_l_bind_fk_follow/middle_001_l_bind_fk/middle_002_l_bind_fk/middle_003_l_bind_fk","cat":"step","ph":"X","ts":267078,"dur":1,"pid":1,"tid":26},
{"name":"ComposeSubtree /Biped/Rig/Controls/pinkyCup_l_bind_fk_follow","cat":"step","ph":"X","ts":267022,"dur":1,"pid":1,"tid":0},
{"name":"ComposeSubtree /Biped/Rig/Controls/pinkyCup_l_bind_fk_follow/pinkyCup_l_bind_fk/pinky_001_l_bind_fk","cat":"step","ph":"X","ts":267032,"dur":1,"pid":1,"tid":0},
{"name":"ComposeSubtree /Biped/Rig/Controls/pinkyCup_l_bind_fk_follow/pinkyCup_l_bind_fk/pinky_001_l_bind_fk/pinky_002_l_bind_fk/pinky_003_l_bind_fk","cat":"step","ph":"X","ts":267079,"dur":1,"pid":1,"tid":26},
{"name":"ComposeSubtree /Biped/Rig/Controls/pinkyCup_r_bind_fk_follow","cat":"step","ph":"X","ts":267023,"dur":1,"pid":1,"tid":0},
{"name":"ComposeSubtree /Biped/Rig/Controls/ring_001_l_bind_fk_follow/ring_001_l_bind_fk/ring_002_l_bind_fk/ring_003_l_bind_fk","cat":"step","ph":"X","ts":267080,"dur":1,"pid":1,"tid":26},
{"name":"ComposeSubtree /Biped/Rig/Controls/ring_001_r_bind_fk_follow","cat":"step","ph":"X","ts":267024,"dur":1,"pid":1,"tid":0},
{"name":"ComposeSubtree /Biped/Rig/Controls/ring_001_r_bind_fk_follow/ring_001_r_bind_fk/ring_002_r_bind_fk","cat":"step","ph":"X","ts":267033,"dur":1,"pid":1,"tid":0},
{"name":"ComposeSubtree /Biped/Rig/Controls/ring_001_r_bind_fk_follow/ring_001_r_bind_fk/ring_002_r_bind_fk/ring_003_r_bind_fk","cat":"step","ph":"X","ts":267081,"dur":1,"pid":1,"tid":26},
{"name":"ComposeSubtree /Biped/Rig/Controls/thumbCup_r_bind_fk_follow","cat":"step","ph":"X","ts":267025,"dur":1,"pid":1,"tid":0},
{"name":"ComposeSubtree /Biped/Rig/Controls/thumbCup_r_bind_fk_follow/thumbCup_r_bind_fk/thumb_001_r_bind_fk/thumb_002_r_bind_fk","cat":"step","ph":"X","ts":267082,"dur":1,"pid":1,"tid":26},
{"name":"ComposeSubtree /Biped/Rig/Joints/ankle_l_pivot/bankIn_l_pivot/bankOut_l_pivot","cat":"step","ph":"X","ts":267034,"dur":1,"pid":1,"tid":0},
{"name":"ComposeSubtree /Biped/Rig/Joints/ankle_l_pivot/bankIn_l_pivot/bankOut_l_pivot/heel_l_pivot/ball_l_pivot/toe_l_pivot/ballRoll_l_pivot","cat":"step","ph":"X","ts":267088,"dur":1,"pid":1,"tid":26},
{"name":"ComposeSubtree /Biped/Rig/Joints/ankle_r_pivot","cat":"step","ph":"X","ts":267026,"dur":1,"pid":1,"tid":0},
{"name":"ComposeSubtree /Biped/Rig/Joints/ankle_r_pivot/bankIn_r_pivot/bankOut_r_pivot/heel_r_pivot/ball_r_pivot","cat":"step","ph":"X","ts":267083,"dur":1,"pid":1,"tid":26},
{"name":"ComposeSubtree /Biped/Rig/Joints/hips_bind/pelvis_l_bind/thighNoTwist_l_bind","cat":"step","ph":"X","ts":267035,"dur":1,"pid":1,"tid":0},
{"name":"ComposeSubtree /Biped/Rig/Joints/hips_bind/pelvis_l_bind/thigh_l_bind/knee_l_bind/ankleTwist_l_bind","cat":"step","ph":"X","ts":267050,"dur":1,"pid":1,"tid":0},
{"name":"ComposeSubtree /Biped/Rig/Joints/hips_bind/pelvis_l_bind/thigh_l_bind/knee_l_bind/ankle_l_bind/ball_l_bind/toe1_001_l_bind/toe1_002_l_bind/toe1_003_l_bind","cat":"step","ph":"X","ts":267131,"dur":1,"pid":1,"tid":27},
{"name":"ComposeSubtree /Biped/Rig/Joints/hips_bind/pelvis_l_bind/thigh_l_bind/knee_l_bind/ankle_l_bind/ball_l_bind/toe2_001_l_bind","cat":"step","ph":"X","ts":267116,"dur":1,"pid":1,"tid":0},
{"name":"ComposeSubtree /Biped/Rig/Joints/hips_bind/pelvis_l_bind/thigh_l_bind/knee_l_bind/ankle_l_bind/ball_l_bind/toe3_001_l_bind/toe3_002_l_bind/toe3_003_l_bind","cat":"step","ph":"X","ts":267132,"dur":1,"pid":1,"tid":27},
{"name":"ComposeSubtree /Biped/Rig/Joints/hips_bind/pelvis_l_bind/thigh_l_bind/knee_l_bind/ankle_l_bind/ball_l_bind/toe4_001_l_bind","cat":"step","ph":"X","ts":267117,"dur":1,"pid":1,"tid":0},
{"name":"ComposeSubtree /Biped/Rig/Joints/hips_bind/pelvis_l_bind/thigh_l_bind/knee_l_bind/ankle_l_bind/ball_l_bind/toe4_001_l_bind/toe4_002_l_bind/toe4_003_l_bind","cat":"step","ph":"X","ts":267133,"dur":1,"pid":1,"tid":27},
{"name":"ComposeSubtree /Biped/Rig/Joints/hips_bind/pelvis_l_bind/thigh_l_bind/knee_l_bind/ankle_l_bind/ball_l_bind/toe_l_bind","cat":"step","ph":"X","ts":267118,"dur":1,"pid":1,"tid":0},
{"name":"ComposeSubtree /Biped/Rig/Joints/hips_bind/pelvis_l_bind/thigh_l_bind/knee_l_bind/kneeTwist_l_bind","cat":"step","ph":"X","ts":267051,"dur":1,"pid":1,"tid":0},
{"name":"ComposeSubtree /Biped/Rig/Joints/hips_bind/pelvis_r_bind","cat":"step","ph":"X","ts":267036,"dur":1,"pid":1,"tid":0},
{"name":"ComposeSubtree /Biped/Rig/Joints/hips_bind/pelvis_r_bind/pelvis_trans_r_bind","cat":"step","ph":"X","ts":267052,"dur":1,"pid":1,"tid":0},
{"name":"ComposeSubtree /Biped/Rig/Joints/hips_bind/pelvis_r_bind/thigh_r_bind","cat":"step","ph":"X","ts":267053,"dur":1,"pid":1,"tid":0},
{"name":"ComposeSubtree /Biped/Rig/Joints/hips_bind/pelvis_r_bind/thigh_r_bind/knee_r_bind/ankleTwist_r_bind","cat":"step","ph":"X","ts":267090,"dur":1,"pid":1,"tid":26},
{"name":"ComposeSubtree /Biped/Rig/Joints/hips_bind/pelvis_r_bind/thigh_r_bind/knee_r_bind/ankle_r_bind/ball_r_bind/toe1_001_r_bind/toe1_002_r_bind","cat":"step","ph":"X","ts":267134,"dur":1,"pid":1,"tid":27},
{"name":"ComposeSubtree /Biped/Rig/Joints/hips_bind/pelvis_r_bind/thigh_r_bind/knee_r_bind/ankle_r_bind/ball_r_bind/toe1_001_r_bind/toe1_002_r_bind/toe1_003_r_bind","cat":"step","ph":"X","ts":267146,"dur":1,"pid":1,"tid":28},
{"name":"ComposeSubtree /Biped/Rig/Joints/hips_bind/pelvis_r_bind/thigh_r_bind/knee_r_bind/ankle_r_bind/ball_r_bind/toe2_001_r_bind/toe2_002_r_bind/toe2_003_r_bind","cat":"step","ph":"X","ts":267147,"dur":1,"pid":1,"tid":28},
{"name":"ComposeSubtree /Biped/Rig/Joints/hips_bind/pelvis_r_bind/thigh_r_bind/knee_r_bind/ankle_r_bind/ball_r_bind/toe3_001_r_bind","cat":"step","ph":"X","ts":267135,"dur":1,"pid":1,"tid":27},
{"name":"ComposeSubtree /Biped/Rig/Joints/hips_bind/pelvis_r_bind/thigh_r_bind/knee_r_bind/ankle_r_bind/ball_r_bind/toe4_001_r_bind","cat":"step","ph":"X","ts":267136,"dur":1,"pid":1,"tid":27},
{"name":"ComposeSubtree /Biped/Rig/Joints/hips_bind/pelvis_r_bind/thigh_r_bind/knee_r_bind/ankle_r_bind/ball_r_bind/toe4_001_r_bind/toe4_002_r_bind/toe4_003_r_bind","cat":"step","ph":"X","ts":267148,"dur":1,"pid":1,"tid":28},
{"name":"ComposeSubtree /Biped/Rig/Joints/hips_bind/pelvis_r_bind/thigh_r_bind/knee_r_bind/ankle_r_bind/ball_r_bind/toe_r_bind","cat":"step","ph":"X","ts":267137,"dur":1,"pid":1,"tid":27},
{"name":"ComposeSubtree /Biped/Rig/Joints/hips_bind/pelvis_r_bind/thigh_r_bind/knee_r_bind/kneeTwist_r_bind","cat":"step","ph":"X","ts":267091,"dur":1,"pid":1,"tid":26},
{"name":"ComposeSubtree /Biped/Rig/Joints/hips_bind/spine_0_bind","cat":"step","ph":"X","ts":267037,"dur":1,"pid":1,"tid":0},
{"name":"ComposeSubtree /Biped/Rig/Joints/hips_bind/spine_0_bind/spine_1_bind/spine_2_bind/spine_3_bind/spine_4_bind","cat":"step","ph":"X","ts":267092,"dur":1,"pid":1,"tid":26},
{"name":"ComposeSubtree /Biped/Rig/Joints/hips_bind/spine_0_bind/spine_1_bind/spine_2_bind/spine_3_bind/spine_4_bind/spine_5_bind/chest_bind","cat":"step","ph":"X","ts":267119,"dur":1,"pid":1,"tid":0},
{"name":"ComposeSubtree /Biped/Rig/Joints/hips_bind/spine_0_bind/spine_1_bind/spine_2_bind/spine_3_bind/spine_4_bind/spine_5_bind/chest_bind/clavicle_l_bind/clavicle_trans_combo_l_driver","cat":"step","ph":"X","ts":267138,"dur":1,"pid":1,"tid":27},
{"name":"ComposeSubtree /Biped/Rig/Joints/hips_bind/spine_0_bind/spine_1_bind/spine_2_bind/spine_3_bind/spine_4_bind/spine_5_bind/chest_bind/clavicle_l_bind/clavicle_trans_l_bind/shoulder_l_driver","cat":"step","ph":"X","ts":267149,"dur":1,"pid":1,"tid":28},
{"name":"ComposeSubtree /Biped/Rig/Joints/hips_bind/spine_0_bind/spine_1_bind/spine_2_bind/spine_3_bind/spine_4_bind/spine_5_bind/chest_bind/clavicle_l_bind/shoulder_l_bind/elbow_l_bind/elbowTwist_l_bind","cat":"step","ph":"X","ts":267150,"dur":1,"pid":1,"tid":28},
{"name":"ComposeSubtree /Biped/Rig/Joints/hips_bind/spine_0_bind/spine_1_bind/spine_2_bind/spine_3_bind/spine_4_bind/spine_5_bind/chest_bind/clavicle_l_bind/shoulder_l_bind/elbow_l_bind/wristTwist_l_driver","cat":"step","ph":"X","ts":267151,"dur":1,"pid":1,"tid":28},
{"name":"ComposeSubtree /Biped/Rig/Joints/hips_bind/spine_0_bind/spine_1_bind/spine_2_bind/spine_3_bind/spine_4_bind/spine_5_bind/chest_bind/clavicle_l_bind/shoulder_l_bind/elbow_l_bind/wrist_l_bind/index_001_l_bind","cat":"step","ph":"X","ts":267160,"dur":1,"pid":1,"tid":2},
{"name":"ComposeSubtree /Biped/Rig/Joints/hips_bind/spine_0_bind/spine_1_bind/spine_2_bind/spine_3_bind/spine_4_bind/spine_5_bind/chest_bind/clavicle_l_bind/shoulder_l_bind/elbow_l_bind/wrist_l_bind/index_001_l_bind/index_002_l_bind","cat":"step","ph":"X","ts":267175,"dur":1,"pid":1,"tid":26},
{"name":"ComposeSubtree /Biped/Rig/Joints/hips_bind/spine_0_bind/spine_1_bind/spine_2_bind/spine_3_bind/spine_4_bind/spine_5_bind/chest_bind/clavicle_l_bind/shoulder_l_bind/elbow_l_bind/wrist_l_bind/index_001_l_bind/index_002_l_bind/index_003_l_bind/index_004_l_bind","cat":"step","ph":"X","ts":267199,"dur":2,"pid":1,"tid":25},
{"name":"ComposeSubtree /Biped/Rig/Joints/hips_bind/spine_0_bind/spine_1_bind/spine_2_bind/spine_3_bind/spine_4_bind/spine_5_bind/chest_bind/clavicle_l_bind/shoulder_l_bind/elbow_l_bind/wrist_l_bind/middle_001_l_bind","cat":"step","ph":"X","ts":267161,"dur":1,"pid":1,"tid":2},
{"name":"ComposeSubtree /Biped/Rig/Joints/hips_bind/spine_0_bind/spine_1_bind/spine_2_bind/spine_3_bind/spine_4_bind/spine_5_bind/chest_bind/clavicle_l_bind/shoulder_l_bind/elbow_l_bind/wrist_l_bind/pinkyCup_l_bind/pinky_001_l_bind/pinky_002_combo_l_driver","cat":"step","ph":"X","ts":267176,"dur":1,"pid":1,"tid":26},
{"name":"ComposeSubtree /Biped/Rig/Joints/hips_bind/spine_0_bind/spine_1_bind/spine_2_bind/spine_3_bind/spine_4_bind/spine_5_bind/chest_bind/clavicle_l_bind/shoulder_l_bind/elbow_l_bind/wrist_l_bind/pinkyCup_l_bind/pinky_001_l_bind/pinky_002_l_bind/pinky_003_l_bind","cat":"step","ph":"X","ts":267201,"dur":1,"pid":1,"tid":25},
{"name":"ComposeSubtree /Biped/Rig/Joints/hips_bind/spine_0_bind/spine_1_bind/spine_2_bind/spine_3_bind/spine_4_bind/spine_5_bind/chest_bind/clavicle_l_bind/shoulder_l_bind/elbow_l_bind/wrist_l_bind/pinkyCup_l_bind/pinky_001_l_bind/pinky_002_l_bind/pinky_003_l_bind/pinky_004_l_bind","cat":"step","ph":"X","ts":267225,"dur":2,"pid":1,"tid":27},
{"name":"ComposeSubtree /Biped/Rig/Joints/hips_bind/spine_0_bind/spine_1_bind/spine_2_bind/spine_3_bind/spine_4_bind/spine_5_bind/chest_bind/clavicle_l_bind/shoulder_l_bind/elbow_l_bind/wrist_l_bind/ring_001_l_bind","cat":"step","ph":"X","ts":267162,"dur":1,"pid":1,"tid":2},
{"name":"ComposeSubtree /Biped/Rig/Joints/hips_bind/spine_0_bind/spine_1_bind/spine_2_bind/spine_3_bind/spine_4_bind/spine_5_bind/chest_bind/clavicle_l_bind/shoulder_l_bind/elbow_l_bind/wrist_l_bind/ring_001_l_bind/ring_002_l_bind","cat":"step","ph":"X","ts":267177,"dur":1,"pid":1,"tid":26},
{"name":"ComposeSubtree /Biped/Rig/Joints/hips_bind/spine_0_bind/spine_1_bind/spine_2_bind/spine_3_bind/spine_4_bind/spine_5_bind/chest_bind/clavicle_l_bind/shoulder_l_bind/elbow_l_bind/wrist_l_bind/thumbCup_l_bind/thumb_001_l_bind/thumb_002_l_bind/thumb_003_l_bind","cat":"step","ph":"X","ts":267202,"dur":1,"pid":1,"tid":25},
{"name":"ComposeSubtree /Biped/Rig/Joints/hips_bind/spine_0_bind/spine_1_bind/spine_2_bind/spine_3_bind/spine_4_bind/spine_5_bind/chest_bind/clavicle_r_bind","cat":"step","ph":"X","ts":267122,"dur":1,"pid":1,"tid":0},
{"name":"ComposeSubtree /Biped/Rig/Joints/hips_bind/spine_0_bind/spine_1_bind/spine_2_bind/spine_3_bind/spine_4_bind/spine_5_bind/chest_bind/clavicle_r_bind/clavicle_trans_r_bind/shoulder_r_driver","cat":"step","ph":"X","ts":267163,"dur":1,"pid":1,"tid":2},
{"name":"ComposeSubtree /Biped/Rig/Joints/hips_bind/spine_0_bind/spine_1_bind/spine_2_bind/spine_3_bind/spine_4_bind/spine_5_bind/chest_bind/clavicle_r_bind/shoulderNoTwist_r_bind","cat":"step","ph":"X","ts":267152,"dur":1,"pid":1,"tid":28},
{"name":"ComposeSubtree /Biped/Rig/Joints/hips_bind/spine_0_bind/spine_1_bind/spine_2_bind/spine_3_bind/spine_4_bind/spine_5_bind/chest_bind/clavicle_r_bind/shoulder_r_bind/elbow_r_bind/elbowTwist_r_bind","cat":"step","ph":"X","ts":267164,"dur":1,"pid":1,"tid":2},
{"name":"ComposeSubtree /Biped/Rig/Joints/hips_bind/spine_0_bind/spine_1_bind/spine_2_bind/spine_3_bind/spine_4_bind/spine_5_bind/chest_bind/clavicle_r_bind/shoulder_r_bind/elbow_r_bind/wristTwist_r_driver","cat":"step","ph":"X","ts":267165,"dur":1,"pid":1,"tid":2},
{"name":"ComposeSubtree /Biped/Rig/Joints/hips_bind/spine_0_bind/spine_1_bind/spine_2_bind/spine_3_bind/spine_4_bind/spine_5_bind/chest_bind/clavicle_r_bind/shoulder_r_bind/elbow_r_bind/wrist_r_bind/index_001_r_bind","cat":"step","ph":"X","ts":267178,"dur":1,"pid":1,"tid":26},
{"name":"ComposeSubtree /Biped/Rig/Joints/hips_bind/spine_0_bind/spine_1_bind/spine_2_bind/spine_3_bind/spine_4_bind/spine_5_bind/chest_bind/clavicle_r_bind/shoulder_r_bind/elbow_r_bind/wrist_r_bind/index_001_r_bind/index_002_r_bind","cat":"step","ph":"X","ts":267203,"dur":1,"pid":1,"tid":25},
{"name":"ComposeSubtree /Biped/Rig/Joints/hips_bind/spine_0_bind/spine_1_bind/spine_2_bind/spine_3_bind/spine_4_bind/spine_5_bind/chest_bind/clavicle_r_bind/shoulder_r_bind/elbow_r_bind/wrist_r_bind/index_001_r_bind/index_002_r_bind/index_003_r_bind/index_004_r_bind","cat":"step","ph":"X","ts":267227,"dur":1,"pid":1,"tid":27},
{"name":"ComposeSubtree /Biped/Rig/Joints/hips_bind/spine_0_bind/spine_1_bind/spine_2_bind/spine_3_bind/spine_4_bind/spine_5_bind/chest_bind/clavicle_r_bind/shoulder_r_bind/elbow_r_bind/wrist_r_bind/middle_001_r_bind","cat":"step","ph":"X","ts":267179,"dur":1,"pid":1,"tid":26},
{"name":"ComposeSubtree /Biped/Rig/Joints/hips_bind/spine_0_bind/spine_1_bind/spine_2_bind/spine_3_bind/spine_4_bind/spine_5_bind/chest_bind/clavicle_r_bind/shoulder_r_bind/elbow_r_bind/wrist_r_bind/middle_001_r_bind/middle_002_r_bind/middle_003_r_bind/middle_004_r_bind","cat":"step","ph":"X","ts":267228,"dur":1,"pid":1,"tid":27},
{"name":"ComposeSubtree /Biped/Rig/Joints/hips_bind/spine_0_bind/spine_1_bind/spine_2_bind/spine_3_bind/spine_4_bind/spine_5_bind/chest_bind/clavicle_r_bind/shoulder_r_bind/elbow_r_bind/wrist_r_bind/pinkyCup_r_bind/pinky_001_r_bind/pinky_002_combo_r_driver","cat":"step","ph":"X","ts":267204,"dur":1,"pid":1,"tid":25},
{"name":"ComposeSubtree /Biped/Rig/Joints/hips_bind/spine_0_bind/spine_1_bind/spine_2_bind/spine_3_bind/spine_4_bind/spine_5_bind/chest_bind/clavicle_r_bind/shoulder_r_bind/elbow_r_bind/wrist_r_bind/pinkyCup_r_bind/pinky_001_r_bind/pinky_002_r_bind/pinky_003_r_bind/pinky_004_r_bind","cat":"step","ph":"X","ts":267257,"dur":2,"pid":1,"tid":16},
{"name":"ComposeSubtree /Biped/Rig/Joints/hips_bind/spine_0_bind/spine_1_bind/spine_2_bind/spine_3_bind/spine_4_bind/spine_5_bind/chest_bind/clavicle_r_bind/shoulder_r_bind/elbow_r_bind/wrist_r_bind/ring_001_r_bind","cat":"step","ph":"X","ts":267180,"dur":1,"pid":1,"tid":26},
{"name":"ComposeSubtree /Biped/Rig/Joints/hips_bind/spine_0_bind/spine_1_bind/spine_2_bind/spine_3_bind/spine_4_bind/spine_5_bind/chest_bind/clavicle_r_bind/shoulder_r_bind/elbow_r_bind/wrist_r_bind/ring_001_r_bind/ring_002_r_bind/ring_003_r_bind/ring_004_r_bind","cat":"step","ph":"X","ts":267229,"dur":1,"pid":1,"tid":27},
{"name":"ComposeSubtree /Biped/Rig/Joints/hips_bind/spine_0_bind/spine_1_bind/spine_2_bind/spine_3_bind/spine_4_bind/spine_5_bind/chest_bind/clavicle_r_bind/shoulder_r_bind/elbow_r_bind/wrist_r_bind/thumbCup_r_bind","cat":"step","ph":"X","ts":267181,"dur":1,"pid":1,"tid":26},
{"name":"ComposeSubtree /Biped/Rig/Joints/hips_bind/spine_0_bind/spine_1_bind/spine_2_bind/spine_3_bind/spine_4_bind/spine_5_bind/chest_bind/clavicle_r_bind/shoulder_r_bind/elbow_r_bind/wrist_r_bind/thumbCup_r_bind/thumb_001_r_bind/thumb_002_r_bind","cat":"step","ph":"X","ts":267205,"dur":1,"pid":1,"tid":25},
{"name":"ComposeSubtree /Biped/Rig/Joints/hips_bind/spine_0_bind/spine_1_bind/spine_2_bind/spine_3_bind/spine_4_bind/spine_5_bind/chest_bind/clavicle_r_bind/shoulder_r_bind/elbow_r_bind/wrist_r_bind/thumbCup_r_bind/thumb_001_r_bind/thumb_002_r_bind/thumb_003_r_bind","cat":"step","ph":"X","ts":267230,"dur":1,"pid":1,"tid":27},
{"name":"ComposeSubtree /Biped/Rig/Joints/hips_bind/spine_0_bind/spine_1_bind/spine_2_bind/spine_3_bind/spine_4_bind/spine_5_bind/chest_bind/neck_base_bind","cat":"step","ph":"X","ts":267123,"dur":1,"pid":1,"tid":0},
{"name":"ComposeSubtree /Biped/Rig/Joints/hips_bind/spine_0_bind/spine_1_bind/spine_2_bind/spine_3_bind/spine_4_bind/spine_5_bind/chest_bind/neck_base_bind/neck_0_bind/neck_1_bind/neck_2_bind/neck_3_bind/skull_bind/face_lower_bind/face_mid_bind/teeth_upper_bind","cat":"step","ph":"X","ts":267206,"dur":1,"pid":1,"tid":25},
{"name":"ComposeSubtree /Biped/Rig/Joints/hips_bind/spine_0_bind/spine_1_bind/spine_2_bind/spine_3_bind/spine_4_bind/spine_5_bind/chest_bind/neck_base_bind/neck_0_bind/neck_1_bind/neck_2_bind/neck_3_bind/skull_bind/face_lower_bind/jaw_bind/tongue_0_bind","cat":"step","ph":"X","ts":267231,"dur":1,"pid":1,"tid":27},
{"name":"ComposeSubtree /Biped/Rig/Joints/hips_bind/spine_0_bind/spine_1_bind/spine_2_bind/spine_3_bind/spine_4_bind/spine_5_bind/chest_bind/neck_base_bind/neck_0_bind/neck_1_bind/neck_2_bind/neck_3_bind/skull_bind/face_lower_bind/jaw_bind/tongue_0_bind/tongue_1_bind/tongue_2_bind","cat":"step","ph":"X","ts":267259,"dur":1,"pid":1,"tid":16},
{"name":"ComposeSubtree /Biped/Rig/Joints/hips_bind/spine_0_bind/spine_1_bind/spine_2_bind/spine_3_bind/spine_4_bind/spine_5_bind/chest_bind/neck_base_bind/neck_0_bind/neck_1_bind/neck_2_bind/neck_3_bind/skull_bind/face_upper_bind","cat":"step","ph":"X","ts":267182,"dur":1,"pid":1,"tid":26},
{"name":"ComposeSubtree /Biped/Rig/Joints/hips_bind/spine_0_bind/spine_1_bind/spine_2_bind/spine_3_bind/spine_4_bind/spine_5_bind/chest_bind/neck_base_bind/neck_0_bind/neck_1_bind/neck_2_bind/neck_3_bind/skull_bind/face_upper_bind/eyeSocket_l_bind","cat":"step","ph":"X","ts":267207,"dur":1,"pid":1,"tid":25},
{"name":"ComposeSubtree /Biped/Rig/Joints/hips_bind/spine_0_bind/spine_1_bind/spine_2_bind/spine_3_bind/spine_4_bind/spine_5_bind/chest_bind/neck_base_bind/neck_0_bind/neck_1_bind/neck_2_bind/neck_3_bind/skull_bind/face_upper_bind/head_tip_bind","cat":"step","ph":"X","ts":267208,"dur":1,"pid":1,"tid":25},
{"name":"ComposeSubtree /Biped/Rig/Joints/hips_bind/spine_0_bind/spine_1_bind/spine_2_bind/spine_3_bind/spine_4_bind/spine_5_bind/chest_bind/neck_base_bind/neck_0_bind/neck_1_bind/neck_2_bind/neck_3_bind/skull_bind/face_upper_bind/head_tip_bind/brow_inner_r_bind","cat":"step","ph":"X","ts":267232,"dur":1,"pid":1,"tid":27},
{"name":"ComposeSubtree /Biped/Rig/Joints/hips_bind/spine_0_bind/spine_1_bind/spine_2_bind/spine_3_bind/spine_4_bind/spine_5_bind/chest_bind/neck_base_bind/neck_0_bind/neck_1_bind/neck_2_bind/neck_3_bind/skull_bind/face_upper_bind/head_tip_bind/brow_peak_r_bind","cat":"step","ph":"X","ts":267233,"dur":1,"pid":1,"tid":27},
{"name":"ComposeSubtree /Biped/Rig/Joints/neck_ik_neck_0_bind/neck_ik_neck_1_bind","cat":"step","ph":"X","ts":267260,"dur":1,"pid":1,"tid":16},
{"name":"ComposeSubtree /Biped/Rig/Joints/neck_ik_neck_0_bind/neck_ik_neck_1_bind/neck_ik_neck_2_bind/neck_ik_neck_3_bind","cat":"step","ph":"X","ts":267278,"dur":1,"pid":1,"tid":16},
{"name":"ComposeSubtree /Biped/Rig/Joints/pupilCenter_l_pivot","cat":"step","ph":"X","ts":267027,"dur":1,"pid":1,"tid":0},
{"name":"ComposeSubtree /Biped/Rig/Joints/spine_ik_spine_0_bind/spine_ik_spine_1_bind/spine_ik_spine_2_bind/spine_ik_spine_3_bind/spine_ik_spine_4_bind/spine_ik_spine_5_bind","cat":"step","ph":"X","ts":267093,"dur":1,"pid":1,"tid":26},
{"name":"Solve /Biped/Rig/Solvers/arm_l_fkChain","cat":"step","ph":"X","ts":267124,"dur":3,"pid":1,"tid":0},
{"name":"Solve /Biped/Rig/Solvers/arm_l_twoBoneIk","cat":"step","ph":"X","ts":267120,"dur":2,"pid":1,"tid":0},
{"name":"Solve /Biped/Rig/Solvers/arm_r_fkChain","cat":"step","ph":"X","ts":267142,"dur":1,"pid":1,"tid":0},
{"name":"SolverCommit batch 2","cat":"step","ph":"X","ts":267166,"dur":1,"pid":1,"tid":2},
{"name":"Solve /Biped/Rig/Solvers/arm_r_twoBoneIk","cat":"step","ph":"X","ts":267107,"dur":2,"pid":1,"tid":26},
{"name":"Solve /Biped/Rig/Solvers/leg_l_fkChain","cat":"step","ph":"X","ts":267109,"dur":3,"pid":1,"tid":26},
{"name":"SolverCommit batch 4","cat":"step","ph":"X","ts":267127,"dur":1,"pid":1,"tid":0},
{"name":"Solve /Biped/Rig/Solvers/neck_splineIk","cat":"step","ph":"X","ts":267128,"dur":12,"pid":1,"tid":0},
{"name":"SolverCommit batch 6","cat":"step","ph":"X","ts":267298,"dur":1,"pid":1,"tid":15},
{"name":"Constraint /Biped/Rig/Movers/spine_mid_follow/spine_mid_follow_pos","cat":"step","ph":"X","ts":267094,"dur":11,"pid":1,"tid":26},
{"name":"Solve /Biped/Rig/Solvers/arm_l_ikfk","cat":"step","ph":"X","ts":267143,"dur":1,"pid":1,"tid":0},
{"name":"SolverCommit batch 8","cat":"step","ph":"X","ts":267167,"dur":2,"pid":1,"tid":2},
{"name":"Solve /Biped/Rig/Solvers/arm_r_ikfk","cat":"step","ph":"X","ts":267169,"dur":2,"pid":1,"tid":2},
{"name":"SolverCommit batch 9","cat":"step","ph":"X","ts":267183,"dur":2,"pid":1,"tid":26},
{"name":"Constraint /Biped/Rig/Movers/spine_mid_follow/spine_mid_follow_aim","cat":"step","ph":"X","ts":267112,"dur":5,"pid":1,"tid":26},
{"name":"Solve /Biped/Rig/Solvers/spine_splineIk","cat":"step","ph":"X","ts":267118,"dur":16,"pid":1,"tid":26},
{"name":"SolverCommit batch 11","cat":"step","ph":"X","ts":267144,"dur":2,"pid":1,"tid":0},
{"name":"Constraint /Biped/Rig/Movers/hand_r_follow/thumbCup_r_bind_fk_follow_to_wrist_r_bind","cat":"step","ph":"X","ts":267209,"dur":9,"pid":1,"tid":25},
{"name":"Solve /Biped/Rig/Solvers/fk_thumb_r","cat":"step","ph":"X","ts":267234,"dur":5,"pid":1,"tid":27},
{"name":"SolverCommit batch 13","cat":"step","ph":"X","ts":267261,"dur":2,"pid":1,"tid":16},
{"name":"Constraint /Biped/Rig/Movers/hand_r_follow/ring_001_r_bind_fk_follow_to_wrist_r_bind","cat":"step","ph":"X","ts":267218,"dur":4,"pid":1,"tid":25},
{"name":"Solve /Biped/Rig/Solvers/fk_ring_r","cat":"step","ph":"X","ts":267239,"dur":2,"pid":1,"tid":27},
{"name":"SolverCommit batch 15","cat":"step","ph":"X","ts":267263,"dur":1,"pid":1,"tid":16},
{"name":"Constraint /Biped/Rig/Movers/hand_r_follow/pinkyCup_r_bind_fk_follow_to_wrist_r_bind","cat":"step","ph":"X","ts":267201,"dur":5,"pid":1,"tid":2},
{"name":"Solve /Biped/Rig/Solvers/fk_pinky_r","cat":"step","ph":"X","ts":267215,"dur":2,"pid":1,"tid":2},
{"name":"SolverCommit batch 17","cat":"step","ph":"X","ts":267279,"dur":1,"pid":1,"tid":16},
{"name":"Constraint /Biped/Rig/Movers/hand_r_follow/middle_001_r_bind_fk_follow_to_wrist_r_bind","cat":"step","ph":"X","ts":267206,"dur":4,"pid":1,"tid":2},
{"name":"Solve /Biped/Rig/Solvers/fk_middle_r","cat":"step","ph":"X","ts":267217,"dur":2,"pid":1,"tid":2},
{"name":"SolverCommit batch 19","cat":"step","ph":"X","ts":267264,"dur":1,"pid":1,"tid":16},
{"name":"Constraint /Biped/Rig/Movers/hand_r_follow/index_001_r_bind_fk_follow_to_wrist_r_bind","cat":"step","ph":"X","ts":267210,"dur":4,"pid":1,"tid":2},
{"name":"Solve /Biped/Rig/Solvers/fk_index_r","cat":"step","ph":"X","ts":267219,"dur":1,"pid":1,"tid":2},
{"name":"Constraint /Biped/Rig/Movers/hand_l_follow/thumbCup_l_bind_fk_follow_to_wrist_l_bind","cat":"step","ph":"X","ts":267185,"dur":7,"pid":1,"tid":26},
{"name":"Solve /Biped/Rig/Solvers/fk_thumb_l","cat":"step","ph":"X","ts":267203,"dur":6,"pid":1,"tid":4},
{"name":"SolverCommit batch 23","cat":"step","ph":"X","ts":267229,"dur":3,"pid":1,"tid":15},
{"name":"Constraint /Biped/Rig/Movers/hand_l_follow/ring_001_l_bind_fk_follow_to_wrist_l_bind","cat":"step","ph":"X","ts":267192,"dur":5,"pid":1,"tid":26},
{"name":"Solve /Biped/Rig/Solvers/fk_ring_l","cat":"step","ph":"X","ts":267209,"dur":3,"pid":1,"tid":4},
{"name":"SolverCommit batch 25","cat":"step","ph":"X","ts":267232,"dur":2,"pid":1,"tid":15},
{"name":"Constraint /Biped/Rig/Movers/hand_l_follow/pinkyCup_l_bind_fk_follow_to_wrist_l_bind","cat":"step","ph":"X","ts":267178,"dur":7,"pid":1,"tid":5},
{"name":"Solve /Biped/Rig/Solvers/fk_pinky_l","cat":"step","ph":"X","ts":267212,"dur":3,"pid":1,"tid":4},
{"name":"SolverCommit batch 27","cat":"step","ph":"X","ts":267265,"dur":2,"pid":1,"tid":16},
{"name":"Constraint /Biped/Rig/Movers/hand_l_follow/middle_001_l_bind_fk_follow_to_wrist_l_bind","cat":"step","ph":"X","ts":267185,"dur":5,"pid":1,"tid":5},
{"name":"Solve /Biped/Rig/Solvers/fk_middle_l","cat":"step","ph":"X","ts":267194,"dur":3,"pid":1,"tid":5},
{"name":"SolverCommit batch 29","cat":"step","ph":"X","ts":267234,"dur":1,"pid":1,"tid":15},
{"name":"Constraint /Biped/Rig/Movers/hand_l_follow/index_001_l_bind_fk_follow_to_wrist_l_bind","cat":"step","ph":"X","ts":267190,"dur":4,"pid":1,"tid":5},
{"name":"Solve /Biped/Rig/Solvers/fk_index_l","cat":"step","ph":"X","ts":267197,"dur":1,"pid":1,"tid":5},
{"name":"SolverCommit batch 31","cat":"step","ph":"X","ts":267235,"dur":1,"pid":1,"tid":15},
{"name":"Constraint /Biped/Rig/Movers/bankIn_r_pivot_rc/bankIn_r_pivot_rotation","cat":"step","ph":"X","ts":267183,"dur":4,"pid":1,"tid":0},
{"name":"Constraint /Biped/Rig/Movers/bankOut_r_pivot_rc/bankOut_r_pivot_rotation","cat":"step","ph":"X","ts":267198,"dur":3,"pid":1,"tid":5},
{"name":"Constraint /Biped/Rig/Movers/heel_r_roll_rc/heel_r_roll_rotation","cat":"step","ph":"X","ts":267236,"dur":6,"pid":1,"tid":15},
{"name":"Constraint /Biped/Rig/Movers/toe_r_roll_rc/toe_r_roll_rotation","cat":"step","ph":"X","ts":267267,"dur":5,"pid":1,"tid":16},
{"name":"Constraint /Biped/Rig/Movers/ballRoll_r_up_rc/ballRoll_r_up_rotation","cat":"step","ph":"X","ts":267280,"dur":1,"pid":1,"tid":16},
{"name":"Constraint /Biped/Rig/Movers/ballRoll_r_down_rc/ballRoll_r_down_rotation","cat":"step","ph":"X","ts":267299,"dur":6,"pid":1,"tid":15},
{"name":"SolverCommit batch 39","cat":"step","ph":"X","ts":267340,"dur":5,"pid":1,"tid":15},
{"name":"Constraint /Biped/Rig/Movers/ankle_r_bind_scAim/ankle_r_bind_aim","cat":"step","ph":"X","ts":267375,"dur":5,"pid":1,"tid":15},
{"name":"Constraint /Biped/Rig/Movers/ball_r_bind_scAim/ball_r_bind_aim","cat":"step","ph":"X","ts":267418,"dur":6,"pid":1,"tid":3},
{"name":"Constraint /Biped/Rig/Movers/bankIn_l_pivot_rc/bankIn_l_pivot_rotation","cat":"step","ph":"X","ts":267155,"dur":5,"pid":1,"tid":28},
{"name":"Constraint /Biped/Rig/Movers/bankOut_l_pivot_rc/bankOut_l_pivot_rotation","cat":"step","ph":"X","ts":267187,"dur":1,"pid":1,"tid":0},
{"name":"Constraint /Biped/Rig/Movers/heel_l_roll_rc/heel_l_roll_rotation","cat":"step","ph":"X","ts":267202,"dur":3,"pid":1,"tid":3},
{"name":"Constraint /Biped/Rig/Movers/toe_l_roll_rc/toe_l_roll_rotation","cat":"step","ph":"X","ts":267242,"dur":1,"pid":1,"tid":15},
{"name":"Constraint /Biped/Rig/Movers/ballRoll_l_up_rc/ballRoll_l_up_rotation","cat":"step","ph":"X","ts":267272,"dur":1,"pid":1,"tid":16},
{"name":"Constraint /Biped/Rig/Movers/ballRoll_l_down_rc/ballRoll_l_down_rotation","cat":"step","ph":"X","ts":267281,"dur":1,"pid":1,"tid":16},
{"name":"Solve /Biped/Rig/Solvers/leg_l_twoBoneIk","cat":"step","ph":"X","ts":267305,"dur":1,"pid":1,"tid":15},
{"name":"Solve /Biped/Rig/Solvers/leg_l_ikfk","cat":"step","ph":"X","ts":267328,"dur":1,"pid":1,"tid":15},
{"name":"SolverCommit batch 49","cat":"step","ph":"X","ts":267332,"dur":5,"pid":1,"tid":15},
{"name":"Constraint /Biped/Rig/Movers/ankle_l_bind_scAim/ankle_l_bind_aim","cat":"step","ph":"X","ts":267345,"dur":6,"pid":1,"tid":15},
{"name":"Constraint /Biped/Rig/Movers/ball_l_bind_scAim/ball_l_bind_aim","cat":"step","ph":"X","ts":267380,"dur":4,"pid":1,"tid":15},
{"name":"Constraint /Biped/Rig/Movers/hips_follow/spine_root_ctl_drives_hips_bind","cat":"step","ph":"X","ts":267054,"dur":9,"pid":1,"tid":0},
{"name":"PropagateChunk /Biped/Rig/Movers/hips_follow/spine_root_ctl_drives_hips_bind","cat":"step","ph":"X","ts":267306,"dur":16,"pid":1,"tid":15},
{"name":"CommitApply /Biped/Rig/Movers/hips_follow/spine_root_ctl_drives_hips_bind","cat":"step","ph":"X","ts":267329,"dur":1,"pid":1,"tid":15},
{"name":"Constraint /Biped/Rig/Movers/hips_follow/spine_root_ctl_scales_hips_bind","cat":"step","ph":"X","ts":267337,"dur":3,"pid":1,"tid":15},
{"name":"PropagateChunk /Biped/Rig/Movers/hips_follow/spine_root_ctl_scales_hips_bind","cat":"step","ph":"X","ts":267384,"dur":23,"pid":1,"tid":15},
{"name":"PropagateChunk /Biped/Rig/Movers/hips_follow/spine_root_ctl_scales_hips_bind","cat":"step","ph":"X","ts":267407,"dur":1,"pid":1,"tid":15},
{"name":"CommitApply /Biped/Rig/Movers/hips_follow/spine_root_ctl_scales_hips_bind","cat":"step","ph":"X","ts":267425,"dur":1,"pid":1,"tid":3},
{"name":"Constraint /Biped/Rig/Movers/spine_to_bind/spine_ik_spine_0_bind_scale_to_spine_0_bind","cat":"step","ph":"X","ts":267443,"dur":14,"pid":1,"tid":29},
{"name":"Constraint /Biped/Rig/Movers/spine_to_bind/spine_ik_spine_0_bind_to_spine_0_bind","cat":"step","ph":"X","ts":267470,"dur":15,"pid":1,"tid":21},
{"name":"Constraint /Biped/Rig/Movers/spine_to_bind/spine_ik_spine_1_bind_scale_to_spine_1_bind","cat":"step","ph":"X","ts":267492,"dur":7,"pid":1,"tid":3},
{"name":"Constraint /Biped/Rig/Movers/spine_to_bind/spine_ik_spine_1_bind_to_spine_1_bind","cat":"step","ph":"X","ts":267505,"dur":8,"pid":1,"tid":3},
{"name":"Constraint /Biped/Rig/Movers/spine_to_bind/spine_ik_spine_2_bind_scale_to_spine_2_bind","cat":"step","ph":"X","ts":267520,"dur":15,"pid":1,"tid":1},
{"name":"Constraint /Biped/Rig/Movers/spine_to_bind/spine_ik_spine_2_bind_to_spine_2_bind","cat":"step","ph":"X","ts":267542,"dur":10,"pid":1,"tid":1},
{"name":"Constraint /Biped/Rig/Movers/spine_to_bind/spine_ik_spine_3_bind_scale_to_spine_3_bind","cat":"step","ph":"X","ts":267553,"dur":9,"pid":1,"tid":1},
{"name":"Constraint /Biped/Rig/Movers/spine_to_bind/spine_ik_spine_3_bind_to_spine_3_bind","cat":"step","ph":"X","ts":267563,"dur":9,"pid":1,"tid":1},
{"name":"Constraint /Biped/Rig/Movers/spine_to_bind/spine_ik_spine_4_bind_scale_to_spine_4_bind","cat":"step","ph":"X","ts":267573,"dur":8,"pid":1,"tid":1},
{"name":"Constraint /Biped/Rig/Movers/spine_to_bind/spine_ik_spine_4_bind_to_spine_4_bind","cat":"step","ph":"X","ts":267581,"dur":10,"pid":1,"tid":1},
{"name":"Constraint /Biped/Rig/Movers/spine_to_bind/spine_ik_spine_5_bind_scale_to_spine_5_bind","cat":"step","ph":"X","ts":267591,"dur":8,"pid":1,"tid":1},
{"name":"Constraint /Biped/Rig/Movers/spine_to_bind/spine_ik_spine_5_bind_to_spine_5_bind","cat":"step","ph":"X","ts":267599,"dur":9,"pid":1,"tid":1},
{"name":"Constraint /Biped/Rig/Movers/spine_to_bind/spine_ik_chest_bind_scale_to_chest_bind","cat":"step","ph":"X","ts":267608,"dur":9,"pid":1,"tid":1},
{"name":"Constraint /Biped/Rig/Movers/spine_to_bind/spine_ik_chest_bind_to_chest_bind","cat":"step","ph":"X","ts":267617,"dur":10,"pid":1,"tid":1},
{"name":"Constraint /Biped/Rig/Movers/girdles/spine_end_ctl_drives_chest_bind","cat":"step","ph":"X","ts":267627,"dur":10,"pid":1,"tid":1},
{"name":"Constraint /Biped/Rig/Movers/girdles/pelvis_r_ctl_drives_pelvis_r_bind","cat":"step","ph":"X","ts":267457,"dur":4,"pid":1,"tid":29},
{"name":"Constraint /Biped/Rig/Movers/girdles/pelvis_l_ctl_drives_pelvis_l_bind","cat":"step","ph":"X","ts":267461,"dur":2,"pid":1,"tid":29},
{"name":"Constraint /Biped/Rig/Movers/girdles/clavicle_r_ctl_drives_clavicle_r_bind","cat":"step","ph":"X","ts":267637,"dur":3,"pid":1,"tid":1},
{"name":"Constraint /Biped/Rig/Movers/girdles/clavicle_l_ctl_drives_clavicle_l_bind","cat":"step","ph":"X","ts":267640,"dur":2,"pid":1,"tid":1},
{"name":"Constraint /Biped/Rig/Movers/girdles/spine_end_ctl_unsquashes_neck_base_bind","cat":"step","ph":"X","ts":267642,"dur":7,"pid":1,"tid":1},
{"name":"Constraint /Biped/Rig/Movers/girdles/clavicle_r_ctl_unsquashes_clavicle_r_bind","cat":"step","ph":"X","ts":267649,"dur":4,"pid":1,"tid":1},
{"name":"Constraint /Biped/Rig/Movers/girdles/clavicle_l_ctl_unsquashes_clavicle_l_bind","cat":"step","ph":"X","ts":267653,"dur":3,"pid":1,"tid":1},
{"name":"Constraint /Biped/Rig/Movers/neck_to_bind/neck_ik_neck_0_bind_scale_to_neck_0_bind","cat":"step","ph":"X","ts":267656,"dur":6,"pid":1,"tid":1},
{"name":"Constraint /Biped/Rig/Movers/neck_to_bind/neck_ik_neck_0_bind_to_neck_0_bind","cat":"step","ph":"X","ts":267673,"dur":8,"pid":1,"tid":0},
{"name":"Constraint /Biped/Rig/Movers/neck_to_bind/neck_ik_neck_1_bind_scale_to_neck_1_bind","cat":"step","ph":"X","ts":267692,"dur":5,"pid":1,"tid":0},
{"name":"Constraint /Biped/Rig/Movers/neck_to_bind/neck_ik_neck_1_bind_to_neck_1_bind","cat":"step","ph":"X","ts":267746,"dur":7,"pid":1,"tid":0},
{"name":"Constraint /Biped/Rig/Movers/neck_to_bind/neck_ik_neck_2_bind_scale_to_neck_2_bind","cat":"step","ph":"X","ts":267766,"dur":10,"pid":1,"tid":7},
{"name":"Constraint /Biped/Rig/Movers/neck_to_bind/neck_ik_neck_2_bind_to_neck_2_bind","cat":"step","ph":"X","ts":267782,"dur":8,"pid":1,"tid":7},
{"name":"Constraint /Biped/Rig/Movers/neck_to_bind/neck_ik_neck_3_bind_scale_to_neck_3_bind","cat":"step","ph":"X","ts":267797,"dur":6,"pid":1,"tid":7},
{"name":"Constraint /Biped/Rig/Movers/neck_to_bind/neck_ik_neck_3_bind_to_neck_3_bind","cat":"step","ph":"X","ts":268374,"dur":9,"pid":1,"tid":7},
{"name":"Constraint /Biped/Rig/Movers/neck_to_bind/neck_ik_skull_bind_scale_to_skull_bind","cat":"step","ph":"X","ts":268768,"dur":4,"pid":1,"tid":7},
{"name":"Constraint /Biped/Rig/Movers/neck_to_bind/neck_ik_skull_bind_to_skull_bind","cat":"step","ph":"X","ts":268792,"dur":6,"pid":1,"tid":7},
{"name":"Constraint /Biped/Rig/Movers/twist_aims/wristTwist_r_bind_copy","cat":"step","ph":"X","ts":267205,"dur":8,"pid":1,"tid":3},
{"name":"Constraint /Biped/Rig/Movers/twist_aims/wristTwist_r_bind_aim","cat":"step","ph":"X","ts":267243,"dur":9,"pid":1,"tid":15},
{"name":"Constraint /Biped/Rig/Movers/twist_aims/wristTwist_l_bind_copy","cat":"step","ph":"X","ts":267172,"dur":9,"pid":1,"tid":2},
{"name":"Constraint /Biped/Rig/Movers/twist_aims/wristTwist_l_bind_aim","cat":"step","ph":"X","ts":267213,"dur":4,"pid":1,"tid":3},
{"name":"Constraint /Biped/Rig/Movers/twist_aims/ankleTwist_r_bind_copy","cat":"step","ph":"X","ts":267426,"dur":3,"pid":1,"tid":3},
{"name":"Constraint /Biped/Rig/Movers/twist_aims/ankleTwist_r_bind_aim","cat":"step","ph":"X","ts":267444,"dur":8,"pid":1,"tid":24},
{"name":"Constraint /Biped/Rig/Movers/twist_aims/ankleTwist_l_bind_copy","cat":"step","ph":"X","ts":267408,"dur":7,"pid":1,"tid":15},
{"name":"Constraint /Biped/Rig/Movers/twist_aims/ankleTwist_l_bind_aim","cat":"step","ph":"X","ts":267429,"dur":3,"pid":1,"tid":3},
{"name":"Constraint /Biped/Rig/Movers/twist_aims/ankleTwist_r_bind_follows_ankle_r_bind","cat":"step","ph":"X","ts":267485,"dur":3,"pid":1,"tid":21},
{"name":"Constraint /Biped/Rig/Movers/twist_aims/ankleTwist_l_bind_follows_ankle_l_bind","cat":"step","ph":"X","ts":267452,"dur":2,"pid":1,"tid":24},
{"name":"Constraint /Biped/Rig/Movers/twist_aims/wristTwist_r_bind_follows_wrist_r_bind","cat":"step","ph":"X","ts":267273,"dur":4,"pid":1,"tid":16},
{"name":"Constraint /Biped/Rig/Movers/twist_aims/wristTwist_l_bind_follows_wrist_l_bind","cat":"step","ph":"X","ts":267223,"dur":3,"pid":1,"tid":25},
{"name":"Constraint /Biped/Rig/Movers/twist_aims/thighNoTwist_r_bind_follows_thigh_r_bind","cat":"step","ph":"X","ts":267488,"dur":2,"pid":1,"tid":21},
{"name":"Constraint /Biped/Rig/Movers/twist_aims/thighNoTwist_l_bind_follows_thigh_l_bind","cat":"step","ph":"X","ts":267473,"dur":7,"pid":1,"tid":5},
{"name":"Constraint /Biped/Rig/Movers/twist_aims/shoulderNoTwist_r_bind_follows_shoulder_r_bind","cat":"step","ph":"X","ts":267681,"dur":1,"pid":1,"tid":0},
{"name":"Constraint /Biped/Rig/Movers/twist_aims/shoulderNoTwist_l_bind_follows_shoulder_l_bind","cat":"step","ph":"X","ts":267682,"dur":1,"pid":1,"tid":0},
{"name":"Constraint /Biped/Rig/Movers/twist_aims/pelvis_trans_r_bind_follows_thigh_r_bind","cat":"step","ph":"X","ts":267480,"dur":3,"pid":1,"tid":5},
{"name":"Constraint /Biped/Rig/Movers/twist_aims/pelvis_trans_l_bind_follows_thigh_l_bind","cat":"step","ph":"X","ts":267483,"dur":2,"pid":1,"tid":5},
{"name":"Constraint /Biped/Rig/Movers/twist_aims/clavicle_trans_r_bind_follows_shoulder_r_bind","cat":"step","ph":"X","ts":267672,"dur":2,"pid":1,"tid":1},
{"name":"Constraint /Biped/Rig/Movers/twist_aims/clavicle_trans_l_bind_follows_shoulder_l_bind","cat":"step","ph":"X","ts":267674,"dur":2,"pid":1,"tid":1},
{"name":"Constraint /Biped/Rig/Movers/twist_aims/pelvis_trans_r_bind_aim","cat":"step","ph":"X","ts":267499,"dur":3,"pid":1,"tid":3},
{"name":"Constraint /Biped/Rig/Movers/twist_aims/pelvis_trans_l_bind_aim","cat":"step","ph":"X","ts":267502,"dur":3,"pid":1,"tid":3},
{"name":"Constraint /Biped/Rig/Movers/twist_aims/kneeTwist_r_bind_aim","cat":"step","ph":"X","ts":267359,"dur":3,"pid":1,"tid":15},
{"name":"Constraint /Biped/Rig/Movers/twist_aims/kneeTwist_l_bind_aim","cat":"step","ph":"X","ts":267351,"dur":3,"pid":1,"tid":15},
{"name":"Constraint /Biped/Rig/Movers/twist_aims/thighNoTwist_r_bind_aim","cat":"step","ph":"X","ts":267495,"dur":7,"pid":1,"tid":7},
{"name":"Constraint /Biped/Rig/Movers/twist_aims/thighNoTwist_l_bind_aim","cat":"step","ph":"X","ts":267502,"dur":3,"pid":1,"tid":7},
{"name":"Constraint /Biped/Rig/Movers/twist_aims/clavicle_trans_r_bind_aim","cat":"step","ph":"X","ts":267697,"dur":44,"pid":1,"tid":0},
{"name":"Constraint /Biped/Rig/Movers/twist_aims/clavicle_trans_l_bind_aim","cat":"step","ph":"X","ts":267741,"dur":5,"pid":1,"tid":0},
{"name":"Constraint /Biped/Rig/Movers/twist_aims/elbowTwist_r_bind_aim","cat":"step","ph":"X","ts":267217,"dur":4,"pid":1,"tid":3},
{"name":"Constraint /Biped/Rig/Movers/twist_aims/elbowTwist_l_bind_aim","cat":"step","ph":"X","ts":267181,"dur":5,"pid":1,"tid":2},
{"name":"Constraint /Biped/Rig/Movers/twist_aims/shoulderNoTwist_r_bind_aim","cat":"step","ph":"X","ts":267683,"dur":3,"pid":1,"tid":0},
{"name":"Constraint /Biped/Rig/Movers/twist_aims/shoulderNoTwist_l_bind_aim","cat":"step","ph":"X","ts":267686,"dur":3,"pid":1,"tid":0},
{"name":"Constraint /Biped/Rig/Movers/pose_drivers/thigh_r_driver_copies_thigh_r_bind","cat":"step","ph":"X","ts":267513,"dur":3,"pid":1,"tid":3},
{"name":"Constraint /Biped/Rig/Movers/pose_drivers/thigh_l_driver_copies_thigh_l_bind","cat":"step","ph":"X","ts":267506,"dur":5,"pid":1,"tid":21},
{"name":"Constraint /Biped/Rig/Movers/pose_drivers/thigh_r_twist_driver_copies_thighNoTwist_r_bind","cat":"step","ph":"X","ts":267535,"dur":6,"pid":1,"tid":1},
{"name":"Constraint /Biped/Rig/Movers/pose_drivers/thigh_l_twist_driver_copies_thighNoTwist_l_bind","cat":"step","ph":"X","ts":267517,"dur":3,"pid":1,"tid":3},
{"name":"Constraint /Biped/Rig/Movers/pose_drivers/ankleTwist_r_driver_copies_ankleTwist_r_bind","cat":"step","ph":"X","ts":267491,"dur":5,"pid":1,"tid":21},
{"name":"Constraint /Biped/Rig/Movers/pose_drivers/ankleTwist_l_driver_copies_ankleTwist_l_bind","cat":"step","ph":"X","ts":267465,"dur":6,"pid":1,"tid":29},
{"name":"Constraint /Biped/Rig/Movers/pose_drivers/toe_r_driver_copies_ball_r_bind","cat":"step","ph":"X","ts":267440,"dur":3,"pid":1,"tid":3},
{"name":"Constraint /Biped/Rig/Movers/pose_drivers/toe_l_driver_copies_ball_l_bind","cat":"step","ph":"X","ts":267432,"dur":7,"pid":1,"tid":3},
{"name":"Constraint /Biped/Rig/Movers/pose_drivers/knee_r_driver_copies_knee_r_bind","cat":"step","ph":"X","ts":267416,"dur":5,"pid":1,"tid":15},
{"name":"Constraint /Biped/Rig/Movers/pose_drivers/knee_l_driver_copies_knee_l_bind","cat":"step","ph":"X","ts":267362,"dur":8,"pid":1,"tid":15},
{"name":"Constraint /Biped/Rig/Movers/pose_drivers/ankleSwing_r_driver_copies_ankle_r_bind","cat":"step","ph":"X","ts":267496,"dur":5,"pid":1,"tid":21},
{"name":"Constraint /Biped/Rig/Movers/pose_drivers/ankleSwing_l_driver_copies_ankle_l_bind","cat":"step","ph":"X","ts":267471,"dur":5,"pid":1,"tid":29},
{"name":"Constraint /Biped/Rig/Movers/pose_drivers/shoulder_r_driver_copies_shoulder_r_bind","cat":"step","ph":"X","ts":267753,"dur":4,"pid":1,"tid":0},
{"name":"Constraint /Biped/Rig/Movers/pose_drivers/shoulder_l_driver_copies_shoulder_l_bind","cat":"step","ph":"X","ts":267757,"dur":4,"pid":1,"tid":0},
{"name":"Constraint /Biped/Rig/Movers/pose_drivers/wristTwist_r_driver_copies_wristTwist_r_bind","cat":"step","ph":"X","ts":267282,"dur":8,"pid":1,"tid":16},
{"name":"Constraint /Biped/Rig/Movers/pose_drivers/wristTwist_l_driver_copies_wristTwist_l_bind","cat":"step","ph":"X","ts":267258,"dur":7,"pid":1,"tid":15},
{"name":"Constraint /Biped/Rig/Movers/pose_drivers/shoulder_r_twist_driver_copies_shoulderNoTwist_r_bind","cat":"step","ph":"X","ts":267776,"dur":6,"pid":1,"tid":7},
{"name":"Constraint /Biped/Rig/Movers/pose_drivers/shoulder_l_twist_driver_copies_shoulderNoTwist_l_bind","cat":"step","ph":"X","ts":267763,"dur":3,"pid":1,"tid":0},
{"name":"Constraint /Biped/Rig/Movers/pose_drivers/wristSwing_r_driver_copies_wrist_r_bind","cat":"step","ph":"X","ts":267281,"dur":5,"pid":1,"tid":15},
{"name":"Constraint /Biped/Rig/Movers/pose_drivers/wristSwing_l_driver_copies_wrist_l_bind","cat":"step","ph":"X","ts":267265,"dur":5,"pid":1,"tid":15},
{"name":"Constraint /Biped/Rig/Movers/pose_drivers/elbow_r_driver_copies_elbow_r_bind","cat":"step","ph":"X","ts":267226,"dur":4,"pid":1,"tid":25},
{"name":"Constraint /Biped/Rig/Movers/pose_drivers/elbow_l_driver_copies_elbow_l_bind","cat":"step","ph":"X","ts":267198,"dur":6,"pid":1,"tid":26},
{"name":"Constraint /Biped/Rig/Movers/param_follow/leg_r_params_to_ankle_r_bind","cat":"step","ph":"X","ts":267421,"dur":4,"pid":1,"tid":15},
{"name":"Constraint /Biped/Rig/Movers/param_follow/leg_l_params_to_ankle_l_bind","cat":"step","ph":"X","ts":267371,"dur":2,"pid":1,"tid":15},
{"name":"Constraint /Biped/Rig/Movers/param_follow/arm_r_params_to_wrist_r_bind","cat":"step","ph":"X","ts":267204,"dur":4,"pid":1,"tid":26},
{"name":"Constraint /Biped/Rig/Movers/param_follow/arm_l_params_to_wrist_l_bind","cat":"step","ph":"X","ts":267186,"dur":5,"pid":1,"tid":2},
{"name":"ProviderMatrix /Biped/Rig/Controls/leg_l_ik/ankle_l_pivot final","cat":"step","ph":"X","ts":267038,"dur":1,"pid":1,"tid":0},
{"name":"ProviderMatrix /Biped/Rig/Controls/leg_l_ik/ankle_l_pivot/bankIn_l_pivot/bankOut_l_pivot/heel_l_roll/heel_l/ball_l_pivot/toe_l_roll final","cat":"step","ph":"X","ts":267270,"dur":1,"pid":1,"tid":15},
{"name":"ProviderMatrix /Biped/Rig/Controls/leg_r_ik/ankle_r_pivot final","cat":"step","ph":"X","ts":267063,"dur":1,"pid":1,"tid":0},
{"name":"ProviderMatrix /Biped/Rig/Controls/leg_r_ik/ankle_r_pivot/bankIn_r_pivot final","cat":"step","ph":"X","ts":267208,"dur":1,"pid":1,"tid":26},
{"name":"ProviderMatrix /Biped/Rig/Controls/leg_r_ik/ankle_r_pivot/bankIn_r_pivot/bankOut_r_pivot/heel_r_roll/heel_r/ball_r_pivot/toe_r_roll final","cat":"step","ph":"X","ts":267286,"dur":1,"pid":1,"tid":15},
{"name":"ProviderMatrix /Biped/Rig/Controls/leg_r_ik/ankle_r_pivot/bankIn_r_pivot/bankOut_r_pivot/heel_r_roll/heel_r/ball_r_pivot/toe_r_roll/toe_r/ballRoll_r_up/ballRoll_r_down final","cat":"step","ph":"X","ts":267330,"dur":1,"pid":1,"tid":15},
{"name":"ProviderMatrix /Biped/Rig/Joints/ankle_l_pivot/bankIn_l_pivot/bankOut_l_pivot/heel_l_pivot/ball_l_pivot final","cat":"step","ph":"X","ts":267105,"dur":1,"pid":1,"tid":26},
{"name":"ProviderMatrix /Biped/Rig/Joints/ankle_l_pivot/bankIn_l_pivot/bankOut_l_pivot/heel_l_pivot/ball_l_pivot/toe_l_pivot/toeBend_l_pivot final","cat":"step","ph":"X","ts":267117,"dur":1,"pid":1,"tid":26},
{"name":"ProviderMatrix /Biped/Rig/Joints/ankle_r_pivot final","cat":"step","ph":"X","ts":267039,"dur":1,"pid":1,"tid":0},
{"name":"ProviderMatrix /Biped/Rig/Joints/hips_bind/pelvis_l_bind final","cat":"step","ph":"X","ts":267476,"dur":1,"pid":1,"tid":29},
{"name":"ProviderMatrix /Biped/Rig/Joints/hips_bind/pelvis_l_bind/pelvis_trans_l_bind final","cat":"step","ph":"X","ts":267511,"dur":1,"pid":1,"tid":21},
{"name":"ProviderMatrix /Biped/Rig/Joints/hips_bind/pelvis_l_bind/pelvis_trans_l_bind/thigh_l_driver/thigh_l_twist_driver final","cat":"step","ph":"X","ts":267552,"dur":1,"pid":1,"tid":1},
{"name":"ProviderMatrix /Biped/Rig/Joints/hips_bind/pelvis_l_bind/thigh_l_bind/knee_l_bind/ankle_l_bind final","cat":"step","ph":"X","ts":267373,"dur":1,"pid":1,"tid":15},
{"name":"ProviderMatrix /Biped/Rig/Joints/hips_bind/pelvis_l_bind/thigh_l_bind/knee_l_bind/ankle_l_bind/ball_l_bind/toe1_001_l_bind/toe1_002_l_bind/toe1_003_l_bind final","cat":"step","ph":"X","ts":267425,"dur":1,"pid":1,"tid":15},
{"name":"ProviderMatrix /Biped/Rig/Joints/hips_bind/pelvis_l_bind/thigh_l_bind/knee_l_bind/ankle_l_bind/ball_l_bind/toe3_001_l_bind final","cat":"step","ph":"X","ts":267426,"dur":1,"pid":1,"tid":15},
{"name":"ProviderMatrix /Biped/Rig/Joints/hips_bind/pelvis_l_bind/thigh_l_bind/knee_l_bind/ankle_l_bind/ball_l_bind/toe4_001_l_bind final","cat":"step","ph":"X","ts":267427,"dur":1,"pid":1,"tid":15},
{"name":"ProviderMatrix /Biped/Rig/Joints/hips_bind/pelvis_l_bind/thigh_l_bind/knee_l_bind/ankle_l_bind/ball_l_bind/toe5_001_l_bind/toe5_002_l_bind/toe5_003_l_bind final","cat":"step","ph":"X","ts":267428,"dur":1,"pid":1,"tid":15},
{"name":"ProviderMatrix /Biped/Rig/Joints/hips_bind/pelvis_r_bind final","cat":"step","ph":"X","ts":267477,"dur":1,"pid":1,"tid":29},
{"name":"ProviderMatrix /Biped/Rig/Joints/hips_bind/pelvis_r_bind/thigh_r_bind/knee_r_bind/ankleTwist_r_bind final","cat":"step","ph":"X","ts":267501,"dur":1,"pid":1,"tid":21},
{"name":"ProviderMatrix /Biped/Rig/Joints/hips_bind/pelvis_r_bind/thigh_r_bind/knee_r_bind/ankleTwist_r_bind/ankleSwing_r_driver final","cat":"step","ph":"X","ts":267512,"dur":1,"pid":1,"tid":21},
{"name":"ProviderMatrix /Biped/Rig/Joints/hips_bind/pelvis_r_bind/thigh_r_bind/knee_r_bind/ankle_r_bind/ball_r_bind final","cat":"step","ph":"X","ts":267444,"dur":1,"pid":1,"tid":3},
{"name":"ProviderMatrix /Biped/Rig/Joints/hips_bind/pelvis_r_bind/thigh_r_bind/knee_r_bind/ankle_r_bind/ball_r_bind/toe3_001_r_bind/toe3_002_r_bind/toe3_003_r_bind final","cat":"step","ph":"X","ts":267446,"dur":1,"pid":1,"tid":3},
{"name":"ProviderMatrix /Biped/Rig/Joints/hips_bind/pelvis_r_bind/thigh_r_bind/knee_r_bind/ankle_r_bind/ball_r_bind/toe5_001_r_bind/toe5_002_r_bind final","cat":"step","ph":"X","ts":267447,"dur":1,"pid":1,"tid":3},
{"name":"ProviderMatrix /Biped/Rig/Joints/hips_bind/pelvis_r_bind/thigh_r_bind/knee_r_bind/ankle_r_bind/toe_r_driver final","cat":"step","ph":"X","ts":267478,"dur":1,"pid":1,"tid":29},
{"name":"ProviderMatrix /Biped/Rig/Joints/hips_bind/pelvis_r_bind/thigh_r_bind/knee_r_bind/kneeTwist_r_bind final","cat":"step","ph":"X","ts":267429,"dur":1,"pid":1,"tid":15},
{"name":"ProviderMatrix /Biped/Rig/Joints/hips_bind/spine_0_bind/spine_1_bind/spine_2_bind final","cat":"step","ph":"X","ts":267562,"dur":1,"pid":1,"tid":1},
{"name":"ProviderMatrix /Biped/Rig/Joints/hips_bind/spine_0_bind/spine_1_bind/spine_2_bind/spine_3_bind/spine_4_bind/spine_5_bind/chest_bind/clavicle_l_bind final","cat":"step","ph":"X","ts":267676,"dur":1,"pid":1,"tid":1},
{"name":"ProviderMatrix /Biped/Rig/Joints/hips_bind/spine_0_bind/spine_1_bind/spine_2_bind/spine_3_bind/spine_4_bind/spine_5_bind/chest_bind/clavicle_l_bind/clavicle_trans_l_bind/shoulder_l_driver/shoulder_l_twist_driver final","cat":"step","ph":"X","ts":267790,"dur":1,"pid":1,"tid":7},
{"name":"ProviderMatrix /Biped/Rig/Joints/hips_bind/spine_0_bind/spine_1_bind/spine_2_bind/spine_3_bind/spine_4_bind/spine_5_bind/chest_bind/clavicle_l_bind/shoulder_l_bind final","cat":"step","ph":"X","ts":267191,"dur":1,"pid":1,"tid":2},
{"name":"ProviderMatrix /Biped/Rig/Joints/hips_bind/spine_0_bind/spine_1_bind/spine_2_bind/spine_3_bind/spine_4_bind/spine_5_bind/chest_bind/clavicle_l_bind/shoulder_l_bind/elbow_l_bind/wrist_l_bind/index_001_l_bind final","cat":"step","ph":"X","ts":267271,"dur":1,"pid":1,"tid":15},
{"name":"ProviderMatrix /Biped/Rig/Joints/hips_bind/spine_0_bind/spine_1_bind/spine_2_bind/spine_3_bind/spine_4_bind/spine_5_bind/chest_bind/clavicle_l_bind/shoulder_l_bind/elbow_l_bind/wrist_l_bind/middle_001_l_bind/middle_002_l_bind final","cat":"step","ph":"X","ts":267273,"dur":1,"pid":1,"tid":15},
{"name":"ProviderMatrix /Biped/Rig/Joints/hips_bind/spine_0_bind/spine_1_bind/spine_2_bind/spine_3_bind/spine_4_bind/spine_5_bind/chest_bind/clavicle_l_bind/shoulder_l_bind/elbow_l_bind/wrist_l_bind/pinkyCup_l_bind/pinky_001_l_bind final","cat":"step","ph":"X","ts":267287,"dur":1,"pid":1,"tid":15},
{"name":"ProviderMatrix /Biped/Rig/Joints/hips_bind/spine_0_bind/spine_1_bind/spine_2_bind/spine_3_bind/spine_4_bind/spine_5_bind/chest_bind/clavicle_l_bind/shoulder_l_bind/elbow_l_bind/wrist_l_bind/pinkyCup_l_bind/pinky_001_l_bind/pinky_002_l_bind/pinky_003_l_bind/pinky_004_l_bind/pinky_005_l_bind final","cat":"step","ph":"X","ts":267288,"dur":1,"pid":1,"tid":15},
{"name":"ProviderMatrix /Biped/Rig/Joints/hips_bind/spine_0_bind/spine_1_bind/spine_2_bind/spine_3_bind/spine_4_bind/spine_5_bind/chest_bind/clavicle_l_bind/shoulder_l_bind/elbow_l_bind/wrist_l_bind/ring_001_l_bind final","cat":"step","ph":"X","ts":267274,"dur":1,"pid":1,"tid":15},
{"name":"ProviderMatrix /Biped/Rig/Joints/hips_bind/spine_0_bind/spine_1_bind/spine_2_bind/spine_3_bind/spine_4_bind/spine_5_bind/chest_bind/clavicle_l_bind/shoulder_l_bind/elbow_l_bind/wrist_l_bind/thumbCup_l_bind/thumb_001_l_bind final","cat":"step","ph":"X","ts":267276,"dur":1,"pid":1,"tid":15},
{"name":"ProviderMatrix /Biped/Rig/Joints/hips_bind/spine_0_bind/spine_1_bind/spine_2_bind/spine_3_bind/spine_4_bind/spine_5_bind/chest_bind/clavicle_r_bind final","cat":"step","ph":"X","ts":267677,"dur":1,"pid":1,"tid":1},
{"name":"ProviderMatrix /Biped/Rig/Joints/hips_bind/spine_0_bind/spine_1_bind/spine_2_bind/spine_3_bind/spine_4_bind/spine_5_bind/chest_bind/clavicle_r_bind/clavicle_trans_r_bind final","cat":"step","ph":"X","ts":267761,"dur":1,"pid":1,"tid":0},
{"name":"ProviderMatrix /Biped/Rig/Joints/hips_bind/spine_0_bind/spine_1_bind/spine_2_bind/spine_3_bind/spine_4_bind/spine_5_bind/chest_bind/clavicle_r_bind/clavicle_trans_r_bind/shoulder_r_driver final","cat":"step","ph":"X","ts":267766,"dur":1,"pid":1,"tid":0},
{"name":"ProviderMatrix /Biped/Rig/Joints/hips_bind/spine_0_bind/spine_1_bind/spine_2_bind/spine_3_bind/spine_4_bind/spine_5_bind/chest_bind/clavicle_r_bind/shoulder_combo_r_driver final","cat":"step","ph":"X","ts":267678,"dur":1,"pid":1,"tid":1},
{"name":"ProviderMatrix /Biped/Rig/Joints/hips_bind/spine_0_bind/spine_1_bind/spine_2_bind/spine_3_bind/spine_4_bind/spine_5_bind/chest_bind/clavicle_r_bind/shoulder_r_bind final","cat":"step","ph":"X","ts":267209,"dur":1,"pid":1,"tid":26},
{"name":"ProviderMatrix /Biped/Rig/Joints/hips_bind/spine_0_bind/spine_1_bind/spine_2_bind/spine_3_bind/spine_4_bind/spine_5_bind/chest_bind/clavicle_r_bind/shoulder_r_bind/elbow_r_bind/elbowTwist_r_bind/elbow_r_driver final","cat":"step","ph":"X","ts":267277,"dur":1,"pid":1,"tid":15},
{"name":"ProviderMatrix /Biped/Rig/Joints/hips_bind/spine_0_bind/spine_1_bind/spine_2_bind/spine_3_bind/spine_4_bind/spine_5_bind/chest_bind/clavicle_r_bind/shoulder_r_bind/elbow_r_bind/wrist_r_bind/index_001_r_bind/index_002_combo_r_driver final","cat":"step","ph":"X","ts":267289,"dur":1,"pid":1,"tid":15},
{"name":"ProviderMatrix /Biped/Rig/Joints/hips_bind/spine_0_bind/spine_1_bind/spine_2_bind/spine_3_bind/spine_4_bind/spine_5_bind/chest_bind/clavicle_r_bind/shoulder_r_bind/elbow_r_bind/wrist_r_bind/index_001_r_bind/index_002_r_bind/index_003_r_bind/index_004_r_bind final","cat":"step","ph":"X","ts":267290,"dur":1,"pid":1,"tid":15},
{"name":"ProviderMatrix /Biped/Rig/Joints/hips_bind/spine_0_bind/spine_1_bind/spine_2_bind/spine_3_bind/spine_4_bind/spine_5_bind/chest_bind/clavicle_r_bind/shoulder_r_bind/elbow_r_bind/wrist_r_bind/middle_001_r_bind/middle_002_r_bind final","cat":"step","ph":"X","ts":267291,"dur":1,"pid":1,"tid":15},
{"name":"ProviderMatrix /Biped/Rig/Joints/hips_bind/spine_0_bind/spine_1_bind/spine_2_bind/spine_3_bind/spine_4_bind/spine_5_bind/chest_bind/clavicle_r_bind/shoulder_r_bind/elbow_r_bind/wrist_r_bind/pinkyCup_r_bind/pinky_001_r_bind/pinky_002_r_bind final","cat":"step","ph":"X","ts":267323,"dur":1,"pid":1,"tid":15},
{"name":"ProviderMatrix /Biped/Rig/Joints/hips_bind/spine_0_bind/spine_1_bind/spine_2_bind/spine_3_bind/spine_4_bind/spine_5_bind/chest_bind/clavicle_r_bind/shoulder_r_bind/elbow_r_bind/wrist_r_bind/ring_001_r_bind/ring_002_combo_r_driver final","cat":"step","ph":"X","ts":267292,"dur":1,"pid":1,"tid":15},
{"name":"ProviderMatrix /Biped/Rig/Joints/hips_bind/spine_0_bind/spine_1_bind/spine_2_bind/spine_3_bind/spine_4_bind/spine_5_bind/chest_bind/clavicle_r_bind/shoulder_r_bind/elbow_r_bind/wrist_r_bind/ring_001_r_bind/ring_002_r_bind/ring_003_r_bind/ring_004_r_bind/ring_005_r_bind final","cat":"step","ph":"X","ts":267293,"dur":1,"pid":1,"tid":15},
{"name":"ProviderMatrix /Biped/Rig/Joints/hips_bind/spine_0_bind/spine_1_bind/spine_2_bind/spine_3_bind/spine_4_bind/spine_5_bind/chest_bind/clavicle_r_bind/shoulder_r_bind/elbow_r_bind/wrist_r_bind/thumbCup_r_bind/thumb_001_r_bind/thumb_002_r_bind/thumb_003_r_bind final","cat":"step","ph":"X","ts":267294,"dur":1,"pid":1,"tid":15},
{"name":"ProviderMatrix /Biped/Rig/Joints/hips_bind/spine_0_bind/spine_1_bind/spine_2_bind/spine_3_bind/spine_4_bind/spine_5_bind/chest_bind/neck_base_bind final","cat":"step","ph":"X","ts":267662,"dur":1,"pid":1,"tid":1},
{"name":"ProviderMatrix /Biped/Rig/Joints/hips_bind/spine_0_bind/spine_1_bind/spine_2_bind/spine_3_bind/spine_4_bind/spine_5_bind/chest_bind/neck_base_bind/neck_0_bind/neck_1_bind/neck_2_bind/neck_3_bind final","cat":"step","ph":"X","ts":268772,"dur":1,"pid":1,"tid":7},
{"name":"ProviderMatrix /Biped/Rig/Joints/hips_bind/spine_0_bind/spine_1_bind/spine_2_bind/spine_3_bind/spine_4_bind/spine_5_bind/chest_bind/neck_base_bind/neck_0_bind/neck_1_bind/neck_2_bind/neck_3_bind/skull_bind final","cat":"step","ph":"X","ts":268798,"dur":1,"pid":1,"tid":7},
{"name":"ProviderMatrix /Biped/Rig/Joints/hips_bind/spine_0_bind/spine_1_bind/spine_2_bind/spine_3_bind/spine_4_bind/spine_5_bind/chest_bind/neck_base_bind/neck_0_bind/neck_1_bind/neck_2_bind/neck_3_bind/skull_bind/face_lower_bind/face_mid_bind/teeth_upper_bind final","cat":"step","ph":"X","ts":268799,"dur":1,"pid":1,"tid":7},
{"name":"ProviderMatrix /Biped/Rig/Joints/hips_bind/spine_0_bind/spine_1_bind/spine_2_bind/spine_3_bind/spine_4_bind/spine_5_bind/chest_bind/neck_base_bind/neck_0_bind/neck_1_bind/neck_2_bind/neck_3_bind/skull_bind/face_lower_bind/jaw_bind/tongue_0_bind/tongue_1_bind/tongue_2_bind final","cat":"step","ph":"X","ts":268800,"dur":1,"pid":1,"tid":7},
{"name":"ProviderMatrix /Biped/Rig/Joints/neck_ik_neck_0_bind/neck_ik_neck_1_bind/neck_ik_neck_2_bind/neck_ik_neck_3_bind/neck_ik_skull_bind final","cat":"step","ph":"X","ts":267331,"dur":1,"pid":1,"tid":15},
{"name":"ProviderMatrix /Biped/Rig/Joints/spine_ik_spine_0_bind final","cat":"step","ph":"X","ts":267160,"dur":1,"pid":1,"tid":28},
{"name":"ProviderMatrix /Biped/Rig/Joints/spine_ik_spine_0_bind/spine_ik_spine_1_bind/spine_ik_spine_2_bind/spine_ik_spine_3_bind final","cat":"step","ph":"X","ts":267161,"dur":1,"pid":1,"tid":28},
{"name":"PoseInterpolator /Biped/Rig/PoseInterpolators/ankleSwing_l_driver","cat":"step","ph":"X","ts":267502,"dur":3,"pid":1,"tid":21},
{"name":"PoseInterpolator /Biped/Rig/PoseInterpolators/ankleSwing_r_driver","cat":"step","ph":"X","ts":267513,"dur":2,"pid":1,"tid":21},
{"name":"PoseInterpolator /Biped/Rig/PoseInterpolators/elbow_l_driver","cat":"step","ph":"X","ts":267231,"dur":3,"pid":1,"tid":25},
{"name":"PoseInterpolator /Biped/Rig/PoseInterpolators/elbow_r_driver","cat":"step","ph":"X","ts":267278,"dur":2,"pid":1,"tid":15},
{"name":"PoseInterpolator /Biped/Rig/PoseInterpolators/index_002_l","cat":"step","ph":"X","ts":267210,"dur":4,"pid":1,"tid":26},
{"name":"PoseInterpolator /Biped/Rig/PoseInterpolators/index_002_r","cat":"step","ph":"X","ts":267234,"dur":1,"pid":1,"tid":25},
{"name":"PoseInterpolator /Biped/Rig/PoseInterpolators/knee_l_driver","cat":"step","ph":"X","ts":267430,"dur":2,"pid":1,"tid":15},
{"name":"PoseInterpolator /Biped/Rig/PoseInterpolators/knee_r_driver","cat":"step","ph":"X","ts":267448,"dur":2,"pid":1,"tid":3},
{"name":"PoseInterpolator /Biped/Rig/PoseInterpolators/middle_002_l","cat":"step","ph":"X","ts":267214,"dur":1,"pid":1,"tid":26},
{"name":"PoseInterpolator /Biped/Rig/PoseInterpolators/middle_002_r","cat":"step","ph":"X","ts":267235,"dur":2,"pid":1,"tid":25},
{"name":"PoseInterpolator /Biped/Rig/PoseInterpolators/neckTwist","cat":"step","ph":"X","ts":267689,"dur":2,"pid":1,"tid":0},
{"name":"PoseInterpolator /Biped/Rig/PoseInterpolators/neck","cat":"step","ph":"X","ts":267691,"dur":1,"pid":1,"tid":0},
{"name":"PoseInterpolator /Biped/Rig/PoseInterpolators/pinky_002_l","cat":"step","ph":"X","ts":267216,"dur":1,"pid":1,"tid":26},
{"name":"PoseInterpolator /Biped/Rig/PoseInterpolators/pinky_002_r","cat":"step","ph":"X","ts":267237,"dur":1,"pid":1,"tid":25},
{"name":"PoseInterpolator /Biped/Rig/PoseInterpolators/ring_002_l","cat":"step","ph":"X","ts":267217,"dur":2,"pid":1,"tid":26},
{"name":"PoseInterpolator /Biped/Rig/PoseInterpolators/ring_002_r","cat":"step","ph":"X","ts":267238,"dur":1,"pid":1,"tid":25},
{"name":"PoseInterpolator /Biped/Rig/PoseInterpolators/shoulder_l_driver","cat":"step","ph":"X","ts":267767,"dur":2,"pid":1,"tid":0},
{"name":"PoseInterpolator /Biped/Rig/PoseInterpolators/shoulder_l_twist_driver","cat":"step","ph":"X","ts":267791,"dur":3,"pid":1,"tid":7},
{"name":"PoseInterpolator /Biped/Rig/PoseInterpolators/shoulder_r_driver","cat":"step","ph":"X","ts":267769,"dur":2,"pid":1,"tid":0},
{"name":"PoseInterpolator /Biped/Rig/PoseInterpolators/shoulder_r_twist_driver","cat":"step","ph":"X","ts":267794,"dur":2,"pid":1,"tid":7},
{"name":"PoseInterpolator /Biped/Rig/PoseInterpolators/thigh_l_driver","cat":"step","ph":"X","ts":267521,"dur":2,"pid":1,"tid":3},
{"name":"PoseInterpolator /Biped/Rig/PoseInterpolators/thigh_r_driver","cat":"step","ph":"X","ts":267523,"dur":1,"pid":1,"tid":3},
{"name":"PoseInterpolator /Biped/Rig/PoseInterpolators/toe_l","cat":"step","ph":"X","ts":267450,"dur":2,"pid":1,"tid":3},
{"name":"PoseInterpolator /Biped/Rig/PoseInterpolators/toe_l_twist","cat":"step","ph":"X","ts":267452,"dur":1,"pid":1,"tid":3},
{"name":"PoseInterpolator /Biped/Rig/PoseInterpolators/toe_r","cat":"step","ph":"X","ts":267479,"dur":3,"pid":1,"tid":29},
{"name":"PoseInterpolator /Biped/Rig/PoseInterpolators/toe_r_twist","cat":"step","ph":"X","ts":267482,"dur":1,"pid":1,"tid":29},
{"name":"PoseInterpolator /Biped/Rig/PoseInterpolators/torso","cat":"step","ph":"X","ts":267065,"dur":3,"pid":1,"tid":0},
{"name":"PoseInterpolator /Biped/Rig/PoseInterpolators/wristSwing_l_driver","cat":"step","ph":"X","ts":267295,"dur":3,"pid":1,"tid":15},
{"name":"PoseInterpolator /Biped/Rig/PoseInterpolators/wristSwing_r_driver","cat":"step","ph":"X","ts":267324,"dur":2,"pid":1,"tid":15},
{"name":"RevisionStatic /Biped/Rig/Movers/shapes_body_geo/body_geo_shapes","cat":"step","ph":"X","ts":267803,"dur":571,"pid":1,"tid":7},
{"name":"RevisionChunk /Biped/Rig/Movers/shapes_body_geo/body_geo_shapes","cat":"step","ph":"X","ts":268383,"dur":385,"pid":1,"tid":7},
{"name":"RevisionFuse /Biped/Rig/Movers/shapes_body_geo/body_geo_shapes","cat":"step","ph":"X","ts":268773,"dur":19,"pid":1,"tid":7},
{"name":"InfluenceFold /Biped/Rig/Movers/skin_body_geo/body_geo_skin","cat":"step","ph":"X","ts":268803,"dur":26,"pid":1,"tid":7},
{"name":"RevisionChunk /Biped/Rig/Movers/skin_body_geo/body_geo_skin","cat":"step","ph":"X","ts":268830,"dur":2353,"pid":1,"tid":7},
{"name":"RevisionFuse /Biped/Rig/Movers/skin_body_geo/body_geo_skin","cat":"step","ph":"X","ts":271184,"dur":3,"pid":1,"tid":7},
{"name":"ChainStatus /Biped/Geom/body_geo.points","cat":"step","ph":"X","ts":271187,"dur":25,"pid":1,"tid":7},
{"name":"Derived /Biped/Geom/body_geo.extent","cat":"step","ph":"X","ts":271212,"dur":554,"pid":1,"tid":7},
{"name":"cluster 0","cat":"cluster","ph":"X","ts":267013,"dur":15,"pid":1,"tid":0,"args":{"level":"1","steps":"21","waitUs":"6"}},
{"name":"cluster 1","cat":"cluster","ph":"X","ts":267028,"dur":12,"pid":1,"tid":0,"args":{"level":"2","steps":"30","waitUs":"0"}},
{"name":"cluster 2","cat":"cluster","ph":"X","ts":267069,"dur":15,"pid":1,"tid":26,"args":{"level":"3","steps":"21","waitUs":"29"}},
{"name":"cluster 3","cat":"cluster","ph":"X","ts":267085,"dur":21,"pid":1,"tid":26,"args":{"level":"4","steps":"22","waitUs":"1"}},
{"name":"cluster 4","cat":"cluster","ph":"X","ts":267109,"dur":13,"pid":1,"tid":0,"args":{"level":"5","steps":"17","waitUs":"3"}},
{"name":"cluster 5","cat":"cluster","ph":"X","ts":267124,"dur":16,"pid":1,"tid":27,"args":{"level":"6","steps":"20","waitUs":"2"}},
{"name":"cluster 6","cat":"cluster","ph":"X","ts":267142,"dur":11,"pid":1,"tid":28,"args":{"level":"7","steps":"16","waitUs":"1"}},
{"name":"cluster 7","cat":"cluster","ph":"X","ts":267157,"dur":14,"pid":1,"tid":2,"args":{"level":"8","steps":"14","waitUs":"3"}},
{"name":"cluster 8","cat":"cluster","ph":"X","ts":267050,"dur":18,"pid":1,"tid":0,"args":{"level":"3","steps":"15","waitUs":"10"}},
{"name":"cluster 9","cat":"cluster","ph":"X","ts":267175,"dur":22,"pid":1,"tid":26,"args":{"level":"9","steps":"15","waitUs":"4"}},
{"name":"cluster 10","cat":"cluster","ph":"X","ts":267199,"dur":23,"pid":1,"tid":25,"args":{"level":"10","steps":"18","waitUs":"2"}},
{"name":"cluster 11","cat":"cluster","ph":"X","ts":267225,"dur":16,"pid":1,"tid":27,"args":{"level":"11","steps":"13","waitUs":"2"}},
{"name":"cluster 12","cat":"cluster","ph":"X","ts":267122,"dur":18,"pid":1,"tid":0,"args":{"level":"6","steps":"8","waitUs":"0"}},
{"name":"cluster 13","cat":"cluster","ph":"X","ts":267257,"dur":20,"pid":1,"tid":16,"args":{"level":"12","steps":"12","waitUs":"5"}},
{"name":"cluster 14","cat":"cluster","ph":"X","ts":267141,"dur":5,"pid":1,"tid":0,"args":{"level":"7","steps":"6","waitUs":"0"}},
{"name":"cluster 15","cat":"cluster","ph":"X","ts":267278,"dur":12,"pid":1,"tid":16,"args":{"level":"13","steps":"6","waitUs":"1"}},
{"name":"cluster 17","cat":"cluster","ph":"X","ts":267107,"dur":11,"pid":1,"tid":26,"args":{"level":"5","steps":"7","waitUs":"0"}},
{"name":"cluster 18","cat":"cluster","ph":"X","ts":267298,"dur":28,"pid":1,"tid":15,"args":{"level":"14","steps":"16","waitUs":"0"}},
{"name":"cluster 19","cat":"cluster","ph":"X","ts":267118,"dur":17,"pid":1,"tid":26,"args":{"level":"6","steps":"1","waitUs":"0"}},
{"name":"cluster 20","cat":"cluster","ph":"X","ts":267201,"dur":13,"pid":1,"tid":2,"args":{"level":"10","steps":"3","waitUs":"4"}},
{"name":"cluster 21","cat":"cluster","ph":"X","ts":267214,"dur":6,"pid":1,"tid":2,"args":{"level":"11","steps":"3","waitUs":"0"}},
{"name":"cluster 22","cat":"cluster","ph":"X","ts":267202,"dur":13,"pid":1,"tid":4,"args":{"level":"10","steps":"3","waitUs":"5"}},
{"name":"cluster 23","cat":"cluster","ph":"X","ts":267228,"dur":24,"pid":1,"tid":15,"args":{"level":"11","steps":"7","waitUs":"5"}},
{"name":"cluster 24","cat":"cluster","ph":"X","ts":267178,"dur":16,"pid":1,"tid":5,"args":{"level":"9","steps":"3","waitUs":"7"}},
{"name":"cluster 25","cat":"cluster","ph":"X","ts":267194,"dur":7,"pid":1,"tid":5,"args":{"level":"10","steps":"3","waitUs":"0"}},
{"name":"cluster 26","cat":"cluster","ph":"X","ts":267183,"dur":5,"pid":1,"tid":0,"args":{"level":"9","steps":"2","waitUs":"11"}},
{"name":"cluster 27","cat":"cluster","ph":"X","ts":267327,"dur":5,"pid":1,"tid":15,"args":{"level":"15","steps":"10","waitUs":"0"}},
{"name":"cluster 28","cat":"cluster","ph":"X","ts":267332,"dur":8,"pid":1,"tid":15,"args":{"level":"16","steps":"4","waitUs":"0"}},
{"name":"cluster 29","cat":"cluster","ph":"X","ts":267340,"dur":14,"pid":1,"tid":15,"args":{"level":"17","steps":"6","waitUs":"0"}},
{"name":"cluster 30","cat":"cluster","ph":"X","ts":267375,"dur":40,"pid":1,"tid":15,"args":{"level":"18","steps":"5","waitUs":"21"}},
{"name":"cluster 31","cat":"cluster","ph":"X","ts":267418,"dur":21,"pid":1,"tid":3,"args":{"level":"19","steps":"5","waitUs":"3"}},
{"name":"cluster 32","cat":"cluster","ph":"X","ts":267154,"dur":8,"pid":1,"tid":28,"args":{"level":"8","steps":"8","waitUs":"0"}},
{"name":"cluster 33","cat":"cluster","ph":"X","ts":267202,"dur":19,"pid":1,"tid":3,"args":{"level":"10","steps":"4","waitUs":"5"}},
{"name":"cluster 34","cat":"cluster","ph":"X","ts":267443,"dur":20,"pid":1,"tid":29,"args":{"level":"20","steps":"3","waitUs":"4"}},
{"name":"cluster 35","cat":"cluster","ph":"X","ts":267470,"dur":20,"pid":1,"tid":21,"args":{"level":"21","steps":"3","waitUs":"7"}},
{"name":"cluster 36","cat":"cluster","ph":"X","ts":267492,"dur":13,"pid":1,"tid":3,"args":{"level":"22","steps":"3","waitUs":"2"}},
{"name":"cluster 37","cat":"cluster","ph":"X","ts":267505,"dur":11,"pid":1,"tid":3,"args":{"level":"23","steps":"2","waitUs":"0"}},
{"name":"cluster 38","cat":"cluster","ph":"X","ts":267520,"dur":22,"pid":1,"tid":1,"args":{"level":"24","steps":"2","waitUs":"4"}},
{"name":"cluster 39","cat":"cluster","ph":"X","ts":267542,"dur":11,"pid":1,"tid":1,"args":{"level":"25","steps":"3","waitUs":"0"}},
{"name":"cluster 40","cat":"cluster","ph":"X","ts":267553,"dur":10,"pid":1,"tid":1,"args":{"level":"26","steps":"2","waitUs":"0"}},
{"name":"cluster 41","cat":"cluster","ph":"X","ts":267563,"dur":9,"pid":1,"tid":1,"args":{"level":"27","steps":"1","waitUs":"0"}},
{"name":"cluster 42","cat":"cluster","ph":"X","ts":267573,"dur":8,"pid":1,"tid":1,"args":{"level":"28","steps":"2","waitUs":"0"}},
{"name":"cluster 43","cat":"cluster","ph":"X","ts":267581,"dur":10,"pid":1,"tid":1,"args":{"level":"29","steps":"1","waitUs":"0"}},
{"name":"cluster 44","cat":"cluster","ph":"X","ts":267591,"dur":8,"pid":1,"tid":1,"args":{"level":"30","steps":"2","waitUs":"0"}},
{"name":"cluster 45","cat":"cluster","ph":"X","ts":267599,"dur":9,"pid":1,"tid":1,"args":{"level":"31","steps":"1","waitUs":"0"}},
{"name":"cluster 46","cat":"cluster","ph":"X","ts":267608,"dur":9,"pid":1,"tid":1,"args":{"level":"32","steps":"2","waitUs":"0"}},
{"name":"cluster 47","cat":"cluster","ph":"X","ts":267617,"dur":10,"pid":1,"tid":1,"args":{"level":"33","steps":"1","waitUs":"0"}},
{"name":"cluster 48","cat":"cluster","ph":"X","ts":267627,"dur":10,"pid":1,"tid":1,"args":{"level":"34","steps":"1","waitUs":"0"}},
{"name":"cluster 49","cat":"cluster","ph":"X","ts":267637,"dur":12,"pid":1,"tid":1,"args":{"level":"35","steps":"4","waitUs":"0"}},
{"name":"cluster 50","cat":"cluster","ph":"X","ts":267649,"dur":14,"pid":1,"tid":1,"args":{"level":"36","steps":"4","waitUs":"0"}},
{"name":"cluster 51","cat":"cluster","ph":"X","ts":267673,"dur":10,"pid":1,"tid":0,"args":{"level":"37","steps":"3","waitUs":"10"}},
{"name":"cluster 52","cat":"cluster","ph":"X","ts":267692,"dur":54,"pid":1,"tid":0,"args":{"level":"38","steps":"3","waitUs":"9"}},
{"name":"cluster 53","cat":"cluster","ph":"X","ts":267746,"dur":16,"pid":1,"tid":0,"args":{"level":"39","steps":"7","waitUs":"0"}},
{"name":"cluster 54","cat":"cluster","ph":"X","ts":267766,"dur":16,"pid":1,"tid":7,"args":{"level":"40","steps":"2","waitUs":"4"}},
{"name":"cluster 55","cat":"cluster","ph":"X","ts":267782,"dur":14,"pid":1,"tid":7,"args":{"level":"41","steps":"5","waitUs":"0"}},
{"name":"cluster 56","cat":"cluster","ph":"X","ts":267796,"dur":578,"pid":1,"tid":7,"args":{"level":"42","steps":"3","waitUs":"0"}},
{"name":"cluster 57","cat":"cluster","ph":"X","ts":268374,"dur":394,"pid":1,"tid":7,"args":{"level":"43","steps":"2","waitUs":"0"}},
{"name":"cluster 58","cat":"cluster","ph":"X","ts":268768,"dur":24,"pid":1,"tid":7,"args":{"level":"44","steps":"3","waitUs":"0"}},
{"name":"cluster 59","cat":"cluster","ph":"X","ts":268792,"dur":10,"pid":1,"tid":7,"args":{"level":"46","steps":"28","waitUs":"0"}},
{"name":"cluster 60","cat":"cluster","ph":"X","ts":267172,"dur":20,"pid":1,"tid":2,"args":{"level":"9","steps":"7","waitUs":"0"}},
{"name":"cluster 61","cat":"cluster","ph":"X","ts":267443,"dur":11,"pid":1,"tid":24,"args":{"level":"20","steps":"2","waitUs":"4"}},
{"name":"cluster 62","cat":"cluster","ph":"X","ts":267223,"dur":16,"pid":1,"tid":25,"args":{"level":"11","steps":"12","waitUs":"0"}},
{"name":"cluster 63","cat":"cluster","ph":"X","ts":267473,"dur":12,"pid":1,"tid":5,"args":{"level":"21","steps":"3","waitUs":"9"}},
{"name":"cluster 64","cat":"cluster","ph":"X","ts":267671,"dur":8,"pid":1,"tid":1,"args":{"level":"37","steps":"8","waitUs":"8"}},
{"name":"cluster 65","cat":"cluster","ph":"X","ts":267359,"dur":15,"pid":1,"tid":15,"args":{"level":"18","steps":"7","waitUs":"4"}},
{"name":"cluster 66","cat":"cluster","ph":"X","ts":267495,"dur":10,"pid":1,"tid":7,"args":{"level":"22","steps":"2","waitUs":"5"}},
{"name":"cluster 67","cat":"cluster","ph":"X","ts":267683,"dur":9,"pid":1,"tid":0,"args":{"level":"38","steps":"5","waitUs":"0"}},
{"name":"cluster 68","cat":"cluster","ph":"X","ts":267506,"dur":9,"pid":1,"tid":21,"args":{"level":"23","steps":"8","waitUs":"0"}},
{"name":"cluster 69","cat":"cluster","ph":"X","ts":267517,"dur":7,"pid":1,"tid":3,"args":{"level":"24","steps":"6","waitUs":"1"}},
{"name":"cluster 70","cat":"cluster","ph":"X","ts":267490,"dur":15,"pid":1,"tid":21,"args":{"level":"22","steps":"7","waitUs":"0"}},
{"name":"cluster 71","cat":"cluster","ph":"X","ts":267464,"dur":19,"pid":1,"tid":29,"args":{"level":"21","steps":"12","waitUs":"0"}},
{"name":"cluster 72","cat":"cluster","ph":"X","ts":267440,"dur":13,"pid":1,"tid":3,"args":{"level":"20","steps":"29","waitUs":"0"}},
{"name":"cluster 73","cat":"cluster","ph":"X","ts":267416,"dur":16,"pid":1,"tid":15,"args":{"level":"19","steps":"28","waitUs":"1"}},
{"name":"cluster 74","cat":"cluster","ph":"X","ts":267257,"dur":23,"pid":1,"tid":15,"args":{"level":"12","steps":"31","waitUs":"5"}},
{"name":"cluster 75","cat":"cluster","ph":"X","ts":267763,"dur":8,"pid":1,"tid":0,"args":{"level":"40","steps":"6","waitUs":"1"}},
{"name":"cluster 76","cat":"cluster","ph":"X","ts":267281,"dur":17,"pid":1,"tid":15,"args":{"level":"13","steps":"37","waitUs":"0"}},
{"name":"cluster 77","cat":"cluster","ph":"X","ts":267198,"dur":21,"pid":1,"tid":26,"args":{"level":"10","steps":"12","waitUs":"0"}},
{"name":"cluster 78","cat":"cluster","ph":"X","ts":268803,"dur":27,"pid":1,"tid":7,"args":{"level":"47","steps":"1","waitUs":"1"}},
{"name":"cluster 79","cat":"cluster","ph":"X","ts":268830,"dur":2353,"pid":1,"tid":7,"args":{"level":"48","steps":"1","waitUs":"0"}},
{"name":"cluster 80","cat":"cluster","ph":"X","ts":271183,"dur":4,"pid":1,"tid":7,"args":{"level":"49","steps":"1","waitUs":"0"}},
{"name":"cluster 81","cat":"cluster","ph":"X","ts":271187,"dur":579,"pid":1,"tid":7,"args":{"level":"51","steps":"2","waitUs":"0"}},
{"name":"BakedPublish","cat":"baked","ph":"X","ts":272113,"dur":82,"pid":1,"tid":0},
{"name":"BakedEpilogue","cat":"baked","ph":"X","ts":271787,"dur":453,"pid":1,"tid":0},
{"name":"Baked","cat":"baked","ph":"X","ts":266297,"dur":5945,"pid":1,"tid":0},
{"name":"Evaluate@4","cat":"evaluate","ph":"X","ts":266296,"dur":5947,"pid":1,"tid":0},
{"name":"PropertyChain /Biped/Rig/Movers/ballRoll_l_down_rc/ballRoll_l_down_rotation.inputs:defaultWeight","cat":"property","ph":"X","ts":272492,"dur":66,"pid":1,"tid":0},
{"name":"PropertyChain /Biped/Rig/Movers/ballRoll_l_up_rc/ballRoll_l_up_rotation.inputs:defaultWeight","cat":"property","ph":"X","ts":272559,"dur":14,"pid":1,"tid":0},
{"name":"PropertyChain /Biped/Rig/Movers/ballRoll_r_down_rc/ballRoll_r_down_rotation.inputs:defaultWeight","cat":"property","ph":"X","ts":272574,"dur":32,"pid":1,"tid":0},
{"name":"PropertyChain /Biped/Rig/Movers/ballRoll_r_up_rc/ballRoll_r_up_rotation.inputs:defaultWeight","cat":"property","ph":"X","ts":272607,"dur":17,"pid":1,"tid":0},
{"name":"PropertyChain /Biped/Rig/Movers/bankIn_l_pivot_rc/bankIn_l_pivot_rotation.inputs:defaultWeight","cat":"property","ph":"X","ts":272624,"dur":10,"pid":1,"tid":0},
{"name":"PropertyChain /Biped/Rig/Movers/bankIn_r_pivot_rc/bankIn_r_pivot_rotation.inputs:defaultWeight","cat":"property","ph":"X","ts":272634,"dur":9,"pid":1,"tid":0},
{"name":"PropertyChain /Biped/Rig/Movers/bankOut_l_pivot_rc/bankOut_l_pivot_rotation.inputs:defaultWeight","cat":"property","ph":"X","ts":272645,"dur":8,"pid":1,"tid":0},
{"name":"PropertyChain /Biped/Rig/Movers/bankOut_r_pivot_rc/bankOut_r_pivot_rotation.inputs:defaultWeight","cat":"property","ph":"X","ts":272654,"dur":12,"pid":1,"tid":0},
{"name":"PropertyChain /Biped/Rig/Movers/heel_l_roll_rc/heel_l_roll_rotation.inputs:defaultWeight","cat":"property","ph":"X","ts":272667,"dur":7,"pid":1,"tid":0},
{"name":"PropertyChain /Biped/Rig/Movers/heel_r_roll_rc/heel_r_roll_rotation.inputs:defaultWeight","cat":"property","ph":"X","ts":272675,"dur":9,"pid":1,"tid":0},
{"name":"PropertyChain /Biped/Rig/Movers/toe_l_roll_rc/toe_l_roll_rotation.inputs:defaultWeight","cat":"property","ph":"X","ts":272685,"dur":13,"pid":1,"tid":0},
{"name":"PropertyChain /Biped/Rig/Movers/toe_r_roll_rc/toe_r_roll_rotation.inputs:defaultWeight","cat":"property","ph":"X","ts":272699,"dur":15,"pid":1,"tid":0},
{"name":"PropertyChains","cat":"property","ph":"X","ts":272489,"dur":226,"pid":1,"tid":0},
{"name":"BakedInputs","cat":"baked","ph":"X","ts":272716,"dur":10,"pid":1,"tid":0},
{"name":"BakedChainBase","cat":"geometry","ph":"X","ts":273108,"dur":34,"pid":1,"tid":0},
{"name":"BakedPrologue","cat":"baked","ph":"X","ts":272484,"dur":659,"pid":1,"tid":0},
{"name":"BakedRegion","cat":"baked","ph":"X","ts":273143,"dur":4588,"pid":1,"tid":0},
{"name":"ComposeSubtree /Biped/Rig/Controls/arm_l_ik","cat":"step","ph":"X","ts":273210,"dur":3,"pid":1,"tid":0},
{"name":"ComposeSubtree /Biped/Rig/Controls/arm_r_params","cat":"step","ph":"X","ts":273213,"dur":1,"pid":1,"tid":0},
{"name":"ComposeSubtree /Biped/Rig/Controls/hips_ctl","cat":"step","ph":"X","ts":273214,"dur":1,"pid":1,"tid":0},
{"name":"ComposeSubtree /Biped/Rig/Controls/hips_ctl/spine_root_pivot/spine_root_ctl/pelvis_r_ctl","cat":"step","ph":"X","ts":273260,"dur":1,"pid":1,"tid":0},
{"name":"ComposeSubtree /Biped/Rig/Controls/hips_ctl/spine_root_pivot/spine_root_ctl/pelvis_r_ctl/leg_r_root/leg_r_fk_thigh_r_bind/leg_r_fk_knee_r_bind","cat":"step","ph":"X","ts":273301,"dur":8,"pid":1,"tid":30},
{"name":"ComposeSubtree /Biped/Rig/Controls/hips_ctl/torso_ctl","cat":"step","ph":"X","ts":273225,"dur":1,"pid":1,"tid":0},
{"name":"ComposeSubtree /Biped/Rig/Controls/hips_ctl/torso_ctl/spine_end_pivot/spine_end_ctl/clavicle_l_ctl/arm_l_root","cat":"step","ph":"X","ts":273268,"dur":1,"pid":1,"tid":0},
{"name":"ComposeSubtree /Biped/Rig/Controls/hips_ctl/torso_ctl/spine_end_pivot/spine_end_ctl/clavicle_l_ctl/arm_l_root/arm_l_fk_shoulder_l_bind/arm_l_fk_elbow_l_bind","cat":"step","ph":"X","ts":273310,"dur":2,"pid":1,"tid":30},
{"name":"ComposeSubtree /Biped/Rig/Controls/hips_ctl/torso_ctl/spine_end_pivot/spine_end_ctl/clavicle_r_ctl/arm_r_root/arm_r_fk_shoulder_r_bind","cat":"step","ph":"X","ts":273312,"dur":1,"pid":1,"tid":30},
{"name":"ComposeSubtree /Biped/Rig/Controls/hips_ctl/torso_ctl/spine_end_pivot/spine_end_ctl/clavicle_r_ctl/arm_r_root/arm_r_fk_shoulder_r_bind/arm_r_fk_elbow_r_bind","cat":"step","ph":"X","ts":273361,"dur":3,"pid":1,"tid":15},
{"name":"ComposeSubtree /Biped/Rig/Controls/hips_ctl/torso_ctl/spine_end_pivot/spine_end_ctl/neck_root_ctl","cat":"step","ph":"X","ts":273269,"dur":1,"pid":1,"tid":0},
{"name":"ComposeSubtree /Biped/Rig/Controls/hips_ctl/torso_ctl/spine_end_pivot/spine_end_ctl/neck_root_ctl/neck_end_pivot","cat":"step","ph":"X","ts":273313,"dur":2,"pid":1,"tid":30},
{"name":"ComposeSubtree /Biped/Rig/Controls/index_001_l_bind_fk_follow","cat":"step","ph":"X","ts":273215,"dur":1,"pid":1,"tid":0},
{"name":"ComposeSubtree /Biped/Rig/Controls/index_001_l_bind_fk_follow/index_001_l_bind_fk/index_002_l_bind_fk/index_003_l_bind_fk","cat":"step","ph":"X","ts":273261,"dur":1,"pid":1,"tid":0},
{"name":"ComposeSubtree /Biped/Rig/Controls/index_001_r_bind_fk_follow","cat":"step","ph":"X","ts":273216,"dur":1,"pid":1,"tid":0},
{"name":"ComposeSubtree /Biped/Rig/Controls/leg_l_ik/ankle_l_pivot/bankIn_l_pivot/bankOut_l_pivot/heel_l_roll/heel_l/ball_l_pivot/toe_l_roll/toe_l","cat":"step","ph":"X","ts":273316,"dur":2,"pid":1,"tid":30},
{"name":"ComposeSubtree /Biped/Rig/Controls/leg_l_ik/ankle_l_pivot/bankIn_l_pivot/bankOut_l_pivot/heel_l_roll/heel_l/ball_l_pivot/toe_l_roll/toe_l/ballRoll_l_up/ballRoll_l_down","cat":"step","ph":"X","ts":273364,"dur":1,"pid":1,"tid":15},
{"name":"ComposeSubtree /Biped/Rig/Controls/leg_l_ik/ankle_l_pivot/bankIn_l_pivot/bankOut_l_pivot/heel_l_roll/heel_l/ball_l_pivot/toe_l_roll/toe_l/ballRoll_l_up/ballRoll_l_down/ballRoll_l/ankle_l_ikTarget","cat":"step","ph":"X","ts":273418,"dur":1,"pid":1,"tid":0},
{"name":"ComposeSubtree /Biped/Rig/Controls/leg_l_ik/ankle_l_pivot/bankIn_l_pivot/bankOut_l_pivot/heel_l_roll/heel_l/ball_l_pivot/toe_l_roll/toe_l/ballRoll_l_up/ballRoll_l_down_twin","cat":"step","ph":"X","ts":273365,"dur":2,"pid":1,"tid":15},
{"name":"ComposeSubtree /Biped/Rig/Controls/leg_l_ik/ankle_l_pivot/bankIn_l_pivot/bankOut_l_pivot/heel_l_roll/heel_l/ball_l_pivot/toe_l_roll/toe_l/toeBend_l/toeBend_l_fk","cat":"step","ph":"X","ts":273419,"dur":1,"pid":1,"tid":0},
{"name":"ComposeSubtree /Biped/Rig/Controls/leg_l_ik/ankle_l_pivot/bankIn_l_pivot/bankOut_l_pivot/heel_l_roll/heel_l/ball_l_pivot/toe_l_roll_twin","cat":"step","ph":"X","ts":273318,"dur":5,"pid":1,"tid":30},
{"name":"ComposeSubtree /Biped/Rig/Controls/leg_l_ik/ankle_l_pivot/bankIn_l_pivot/bankOut_l_pivot_twin","cat":"step","ph":"X","ts":273262,"dur":1,"pid":1,"tid":0},
{"name":"ComposeSubtree /Biped/Rig/Controls/leg_l_ik/ankle_l_pivot/bank_l","cat":"step","ph":"X","ts":273226,"dur":1,"pid":1,"tid":0},
{"name":"ComposeSubtree /Biped/Rig/Controls/leg_l_pv","cat":"step","ph":"X","ts":273217,"dur":1,"pid":1,"tid":0},
{"name":"ComposeSubtree /Biped/Rig/Controls/leg_r_ik/ankle_r_pivot/bankIn_r_pivot/bankOut_r_pivot/heel_r_roll/heel_r","cat":"step","ph":"X","ts":273270,"dur":1,"pid":1,"tid":0},
{"name":"ComposeSubtree /Biped/Rig/Controls/leg_r_ik/ankle_r_pivot/bankIn_r_pivot/bankOut_r_pivot/heel_r_roll/heel_r/ball_r_pivot/toe_r_roll","cat":"step","ph":"X","ts":273323,"dur":3,"pid":1,"tid":30},
{"name":"ComposeSubtree /Biped/Rig/Controls/leg_r_ik/ankle_r_pivot/bankIn_r_pivot/bankOut_r_pivot/heel_r_roll/heel_r/ball_r_pivot/toe_r_roll/toe_r/ballRoll_r_up","cat":"step","ph":"X","ts":273367,"dur":1,"pid":1,"tid":15},
{"name":"ComposeSubtree /Biped/Rig/Controls/leg_r_ik/ankle_r_pivot/bankIn_r_pivot/bankOut_r_pivot/heel_r_roll/heel_r/ball_r_pivot/toe_r_roll/toe_r/ballRoll_r_up/ballRoll_r_down/ballRoll_r/ball_r_ikTarget","cat":"step","ph":"X","ts":273431,"dur":1,"pid":1,"tid":28},
{"name":"ComposeSubtree /Biped/Rig/Controls/leg_r_ik/ankle_r_pivot/bankIn_r_pivot/bankOut_r_pivot/heel_r_roll/heel_r/ball_r_pivot/toe_r_roll/toe_r/ballRoll_r_up_twin","cat":"step","ph":"X","ts":273368,"dur":1,"pid":1,"tid":15},
{"name":"ComposeSubtree /Biped/Rig/Controls/leg_r_ik/ankle_r_pivot/bankIn_r_pivot/bankOut_r_pivot/heel_r_roll/heel_r/ball_r_pivot/toe_r_roll/toe_r/toeBend_r/toeBend_r_fk","cat":"step","ph":"X","ts":273420,"dur":1,"pid":1,"tid":0},
{"name":"ComposeSubtree /Biped/Rig/Controls/leg_r_ik/ankle_r_pivot/bankIn_r_pivot/bankOut_r_pivot/heel_r_roll/heel_r/ball_r_pivot/toe_r_roll_twin","cat":"step","ph":"X","ts":273326,"dur":2,"pid":1,"tid":30},
{"name":"ComposeSubtree /Biped/Rig/Controls/leg_r_ik/ankle_r_pivot/bankIn_r_pivot/bankOut_r_pivot_twin","cat":"step","ph":"X","ts":273263,"dur":1,"pid":1,"tid":0},
{"name":"ComposeSubtree /Biped/Rig/Controls/leg_r_pv","cat":"step","ph":"X","ts":273218,"dur":1,"pid":1,"tid":0},
{"name":"ComposeSubtree /Biped/Rig/Controls/middle_001_l_bind_fk_follow/middle_001_l_bind_fk","cat":"step","ph":"X","ts":273227,"dur":1,"pid":1,"tid":0},
{"name":"ComposeSubtree /Biped/Rig/Controls/middle_001_l_bind_fk_follow/middle_001_l_bind_fk/middle_002_l_bind_fk/middle_003_l_bind_fk","cat":"step","ph":"X","ts":273264,"dur":1,"pid":1,"tid":0},
{"name":"ComposeSubtree /Biped/Rig/Controls/pinkyCup_l_bind_fk_follow","cat":"step","ph":"X","ts":273219,"dur":1,"pid":1,"tid":0},
{"name":"ComposeSubtree /Biped/Rig/Controls/pinkyCup_r_bind_fk_follow/pinkyCup_r_bind_fk/pinky_001_r_bind_fk/pinky_002_r_bind_fk/pinky_003_r_bind_fk","cat":"step","ph":"X","ts":273265,"dur":1,"pid":1,"tid":0},
{"name":"ComposeSubtree /Biped/Rig/Controls/ring_001_r_bind_fk_follow","cat":"step","ph":"X","ts":273220,"dur":1,"pid":1,"tid":0},
{"name":"ComposeSubtree /Biped/Rig/Controls/thumbCup_l_bind_fk_follow","cat":"step","ph":"X","ts":273221,"dur":1,"pid":1,"tid":0},
{"name":"ComposeSubtree /Biped/Rig/Controls/thumbCup_l_bind_fk_follow/thumbCup_l_bind_fk/thumb_001_l_bind_fk/thumb_002_l_bind_fk","cat":"step","ph":"X","ts":273266,"dur":1,"pid":1,"tid":0},
{"name":"ComposeSubtree /Biped/Rig/Joints/ankle_l_pivot","cat":"step","ph":"X","ts":273222,"dur":1,"pid":1,"tid":0},
{"name":"ComposeSubtree /Biped/Rig/Joints/ankle_r_pivot/bankIn_r_pivot/bankOut_r_pivot","cat":"step","ph":"X","ts":273229,"dur":1,"pid":1,"tid":0},
{"name":"ComposeSubtree /Biped/Rig/Joints/hips_bind","cat":"step","ph":"X","ts":273223,"dur":1,"pid":1,"tid":0},
{"name":"ComposeSubtree /Biped/Rig/Joints/hips_bind/pelvis_l_bind/pelvis_trans_l_bind/thigh_l_driver","cat":"step","ph":"X","ts":273267,"dur":1,"pid":1,"tid":0},
{"name":"ComposeSubtree /Biped/Rig/Joints/hips_bind/pelvis_l_bind/thigh_l_bind/knee_l_bind/ankleTwist_l_bind","cat":"step","ph":"X","ts":273243,"dur":1,"pid":1,"tid":0},
{"name":"ComposeSubtree /Biped/Rig/Joints/hips_bind/pelvis_l_bind/thigh_l_bind/knee_l_bind/ankle_l_bind/ball_l_bind/toe1_001_l_bind/toe1_002_l_bind","cat":"step","ph":"X","ts":273329,"dur":1,"pid":1,"tid":30},
{"name":"ComposeSubtree /Biped/Rig/Joints/hips_bind/pelvis_l_bind/thigh_l_bind/knee_l_bind/ankle_l_bind/ball_l_bind/toe1_001_l_bind/toe1_002_l_bind/toe1_003_l_bind","cat":"step","ph":"X","ts":273369,"dur":1,"pid":1,"tid":15},
{"name":"ComposeSubtree /Biped/Rig/Joints/hips_bind/pelvis_l_bind/thigh_l_bind/knee_l_bind/ankle_l_bind/ball_l_bind/toe2_001_l_bind","cat":"step","ph":"X","ts":273330,"dur":2,"pid":1,"tid":30},
{"name":"ComposeSubtree /Biped/Rig/Joints/hips_bind/pelvis_l_bind/thigh_l_bind/knee_l_bind/ankle_l_bind/ball_l_bind/toe2_001_l_bind/toe2_002_l_bind/toe2_003_l_bind","cat":"step","ph":"X","ts":273370,"dur":1,"pid":1,"tid":15},
{"name":"ComposeSubtree /Biped/Rig/Joints/hips_bind/pelvis_l_bind/thigh_l_bind/knee_l_bind/ankle_l_bind/ball_l_bind/toe3_001_l_bind","cat":"step","ph":"X","ts":273332,"dur":2,"pid":1,"tid":30},
{"name":"ComposeSubtree /Biped/Rig/Joints/hips_bind/pelvis_l_bind/thigh_l_bind/knee_l_bind/ankle_l_bind/ball_l_bind/toe3_001_l_bind/toe3_002_l_bind/toe3_003_l_bind","cat":"step","ph":"X","ts":273371,"dur":1,"pid":1,"tid":15},
{"name":"ComposeSubtree /Biped/Rig/Joints/hips_bind/pelvis_l_bind/thigh_l_bind/knee_l_bind/ankle_l_bind/ball_l_bind/toe4_001_l_bind","cat":"step","ph":"X","ts":273335,"dur":1,"pid":1,"tid":30},
{"name":"ComposeSubtree /Biped/Rig/Joints/hips_bind/pelvis_l_bind/thigh_l_bind/knee_l_bind/ankle_l_bind/ball_l_bind/toe5_001_l_bind","cat":"step","ph":"X","ts":273337,"dur":2,"pid":1,"tid":30},
{"name":"ComposeSubtree /Biped/Rig/Joints/hips_bind/pelvis_l_bind/thigh_l_bind/knee_l_bind/ankle_l_bind/ball_l_bind/toe5_001_l_bind/toe5_002_l_bind/toe5_003_l_bind","cat":"step","ph":"X","ts":273372,"dur":1,"pid":1,"tid":15},
{"name":"ComposeSubtree /Biped/Rig/Joints/hips_bind/pelvis_l_bind/thigh_l_bind/knee_l_bind/ankle_l_bind/ball_l_bind/toe_l_bind","cat":"step","ph":"X","ts":273339,"dur":3,"pid":1,"tid":30},
{"name":"ComposeSubtree /Biped/Rig/Joints/hips_bind/pelvis_l_bind/thigh_l_bind/knee_l_bind/kneeTwist_l_bind","cat":"step","ph":"X","ts":273244,"dur":1,"pid":1,"tid":0},
{"name":"ComposeSubtree /Biped/Rig/Joints/hips_bind/pelvis_r_bind","cat":"step","ph":"X","ts":273230,"dur":1,"pid":1,"tid":0},
{"name":"ComposeSubtree /Biped/Rig/Joints/hips_bind/pelvis_r_bind/pelvis_trans_r_bind/thigh_r_driver","cat":"step","ph":"X","ts":273271,"dur":1,"pid":1,"tid":0},
{"name":"ComposeSubtree /Biped/Rig/Joints/hips_bind/pelvis_r_bind/thigh_r_bind","cat":"step","ph":"X","ts":273245,"dur":1,"pid":1,"tid":0},
{"name":"ComposeSubtree /Biped/Rig/Joints/hips_bind/pelvis_r_bind/thigh_r_bind/knee_r_bind/ankleTwist_r_driver","cat":"step","ph":"X","ts":273272,"dur":1,"pid":1,"tid":0},
{"name":"ComposeSubtree /Biped/Rig/Joints/hips_bind/pelvis_r_bind/thigh_r_bind/knee_r_bind/ankle_r_bind/ball_r_bind","cat":"step","ph":"X","ts":273342,"dur":3,"pid":1,"tid":30},
{"name":"ComposeSubtree /Biped/Rig/Joints/hips_bind/pelvis_r_bind/thigh_r_bind/knee_r_bind/ankle_r_bind/ball_r_bind/toe1_001_r_bind/toe1_002_r_bind","cat":"step","ph":"X","ts":273373,"dur":1,"pid":1,"tid":15},
{"name":"ComposeSubtree /Biped/Rig/Joints/hips_bind/pelvis_r_bind/thigh_r_bind/knee_r_bind/ankle_r_bind/ball_r_bind/toe1_001_r_bind/toe1_002_r_bind/toe1_003_r_bind","cat":"step","ph":"X","ts":273421,"dur":1,"pid":1,"tid":0},
{"name":"ComposeSubtree /Biped/Rig/Joints/hips_bind/pelvis_r_bind/thigh_r_bind/knee_r_bind/ankle_r_bind/ball_r_bind/toe3_001_r_bind","cat":"step","ph":"X","ts":273374,"dur":1,"pid":1,"tid":15},
{"name":"ComposeSubtree /Biped/Rig/Joints/hips_bind/pelvis_r_bind/thigh_r_bind/knee_r_bind/ankle_r_bind/ball_r_bind/toe3_001_r_bind/toe3_002_r_bind/toe3_003_r_bind","cat":"step","ph":"X","ts":273422,"dur":1,"pid":1,"tid":0},
{"name":"ComposeSubtree /Biped/Rig/Joints/hips_bind/pelvis_r_bind/thigh_r_bind/knee_r_bind/ankle_r_bind/ball_r_bind/toe4_001_r_bind","cat":"step","ph":"X","ts":273375,"dur":1,"pid":1,"tid":15},
{"name":"ComposeSubtree /Biped/Rig/Joints/hips_bind/pelvis_r_bind/thigh_r_bind/knee_r_bind/ankle_r_bind/ball_r_bind/toe4_001_r_bind/toe4_002_r_bind/toe4_003_r_bind","cat":"step","ph":"X","ts":273423,"dur":1,"pid":1,"tid":0},
{"name":"ComposeSubtree /Biped/Rig/Joints/hips_bind/pelvis_r_bind/thigh_r_bind/knee_r_bind/ankle_r_bind/ball_r_bind/toe_r_bind","cat":"step","ph":"X","ts":273376,"dur":1,"pid":1,"tid":15},
{"name":"ComposeSubtree /Biped/Rig/Joints/hips_bind/spine_0_bind","cat":"step","ph":"X","ts":273231,"dur":1,"pid":1,"tid":0},
{"name":"ComposeSubtree /Biped/Rig/Joints/hips_bind/spine_0_bind/spine_1_bind/spine_2_bind/spine_3_bind/spine_4_bind","cat":"step","ph":"X","ts":273273,"dur":1,"pid":1,"tid":0},
{"name":"ComposeSubtree /Biped/Rig/Joints/hips_bind/spine_0_bind/spine_1_bind/spine_2_bind/spine_3_bind/spine_4_bind/spine_5_bind/chest_bind","cat":"step","ph":"X","ts":273345,"dur":4,"pid":1,"tid":30},
{"name":"ComposeSubtree /Biped/Rig/Joints/hips_bind/spine_0_bind/spine_1_bind/spine_2_bind/spine_3_bind/spine_4_bind/spine_5_bind/chest_bind/clavicle_l_bind/clavicle_trans_combo_l_driver","cat":"step","ph":"X","ts":273377,"dur":1,"pid":1,"tid":15},
{"name":"ComposeSubtree /Biped/Rig/Joints/hips_bind/spine_0_bind/spine_1_bind/spine_2_bind/spine_3_bind/spine_4_bind/spine_5_bind/chest_bind/clavicle_l_bind/clavicle_trans_l_bind/shoulder_l_driver","cat":"step","ph":"X","ts":273424,"dur":1,"pid":1,"tid":0},
{"name":"ComposeSubtree /Biped/Rig/Joints/hips_bind/spine_0_bind/spine_1_bind/spine_2_bind/spine_3_bind/spine_4_bind/spine_5_bind/chest_bind/clavicle_l_bind/shoulder_l_bind","cat":"step","ph":"X","ts":273378,"dur":1,"pid":1,"tid":15},
{"name":"ComposeSubtree /Biped/Rig/Joints/hips_bind/spine_0_bind/spine_1_bind/spine_2_bind/spine_3_bind/spine_4_bind/spine_5_bind/chest_bind/clavicle_l_bind/shoulder_l_bind/elbow_l_bind/wristTwist_l_bind","cat":"step","ph":"X","ts":273425,"dur":1,"pid":1,"tid":0},
{"name":"ComposeSubtree /Biped/Rig/Joints/hips_bind/spine_0_bind/spine_1_bind/spine_2_bind/spine_3_bind/spine_4_bind/spine_5_bind/chest_bind/clavicle_l_bind/shoulder_l_bind/elbow_l_bind/wrist_l_bind/index_001_l_bind","cat":"step","ph":"X","ts":273432,"dur":1,"pid":1,"tid":28},
{"name":"ComposeSubtree /Biped/Rig/Joints/hips_bind/spine_0_bind/spine_1_bind/spine_2_bind/spine_3_bind/spine_4_bind/spine_5_bind/chest_bind/clavicle_l_bind/shoulder_l_bind/elbow_l_bind/wrist_l_bind/index_001_l_bind/index_002_l_bind","cat":"step","ph":"X","ts":273444,"dur":1,"pid":1,"tid":24},
{"name":"ComposeSubtree /Biped/Rig/Joints/hips_bind/spine_0_bind/spine_1_bind/spine_2_bind/spine_3_bind/spine_4_bind/spine_5_bind/chest_bind/clavicle_l_bind/shoulder_l_bind/elbow_l_bind/wrist_l_bind/index_001_l_bind/index_002_l_bind/index_003_l_bind/index_004_l_bind","cat":"step","ph":"X","ts":273469,"dur":1,"pid":1,"tid":5},
{"name":"ComposeSubtree /Biped/Rig/Joints/hips_bind/spine_0_bind/spine_1_bind/spine_2_bind/spine_3_bind/spine_4_bind/spine_5_bind/chest_bind/clavicle_l_bind/shoulder_l_bind/elbow_l_bind/wrist_l_bind/middle_001_l_bind","cat":"step","ph":"X","ts":273433,"dur":1,"pid":1,"tid":28},
{"name":"ComposeSubtree /Biped/Rig/Joints/hips_bind/spine_0_bind/spine_1_bind/spine_2_bind/spine_3_bind/spine_4_bind/spine_5_bind/chest_bind/clavicle_l_bind/shoulder_l_bind/elbow_l_bind/wrist_l_bind/middle_001_l_bind/middle_002_l_bind","cat":"step","ph":"X","ts":273445,"dur":1,"pid":1,"tid":24},
{"name":"ComposeSubtree /Biped/Rig/Joints/hips_bind/spine_0_bind/spine_1_bind/spine_2_bind/spine_3_bind/spine_4_bind/spine_5_bind/chest_bind/clavicle_l_bind/shoulder_l_bind/elbow_l_bind/wrist_l_bind/middle_001_l_bind/middle_002_l_bind/middle_003_l_bind/middle_004_l_bind","cat":"step","ph":"X","ts":273470,"dur":1,"pid":1,"tid":5},
{"name":"ComposeSubtree /Biped/Rig/Joints/hips_bind/spine_0_bind/spine_1_bind/spine_2_bind/spine_3_bind/spine_4_bind/spine_5_bind/chest_bind/clavicle_l_bind/shoulder_l_bind/elbow_l_bind/wrist_l_bind/pinkyCup_l_bind/pinky_001_l_bind/pinky_002_combo_l_driver","cat":"step","ph":"X","ts":273446,"dur":1,"pid":1,"tid":24},
{"name":"ComposeSubtree /Biped/Rig/Joints/hips_bind/spine_0_bind/spine_1_bind/spine_2_bind/spine_3_bind/spine_4_bind/spine_5_bind/chest_bind/clavicle_l_bind/shoulder_l_bind/elbow_l_bind/wrist_l_bind/pinkyCup_l_bind/pinky_001_l_bind/pinky_002_l_bind/pinky_003_l_bind/pinky_004_l_bind","cat":"step","ph":"X","ts":273495,"dur":2,"pid":1,"tid":31},
{"name":"ComposeSubtree /Biped/Rig/Joints/hips_bind/spine_0_bind/spine_1_bind/spine_2_bind/spine_3_bind/spine_4_bind/spine_5_bind/chest_bind/clavicle_l_bind/shoulder_l_bind/elbow_l_bind/wrist_l_bind/ring_001_l_bind","cat":"step","ph":"X","ts":273434,"dur":1,"pid":1,"tid":28},
{"name":"ComposeSubtree /Biped/Rig/Joints/hips_bind/spine_0_bind/spine_1_bind/spine_2_bind/spine_3_bind/spine_4_bind/spine_5_bind/chest_bind/clavicle_l_bind/shoulder_l_bind/elbow_l_bind/wrist_l_bind/ring_001_l_bind/ring_002_l_bind/ring_003_l_bind/ring_004_l_bind","cat":"step","ph":"X","ts":273471,"dur":1,"pid":1,"tid":5},
{"name":"ComposeSubtree /Biped/Rig/Joints/hips_bind/spine_0_bind/spine_1_bind/spine_2_bind/spine_3_bind/spine_4_bind/spine_5_bind/chest_bind/clavicle_r_bind","cat":"step","ph":"X","ts":273360,"dur":3,"pid":1,"tid":30},
{"name":"ComposeSubtree /Biped/Rig/Joints/hips_bind/spine_0_bind/spine_1_bind/spine_2_bind/spine_3_bind/spine_4_bind/spine_5_bind/chest_bind/clavicle_r_bind/clavicle_trans_r_bind","cat":"step","ph":"X","ts":273426,"dur":1,"pid":1,"tid":0},
{"name":"ComposeSubtree /Biped/Rig/Joints/hips_bind/spine_0_bind/spine_1_bind/spine_2_bind/spine_3_bind/spine_4_bind/spine_5_bind/chest_bind/clavicle_r_bind/clavicle_trans_r_bind/shoulder_r_driver","cat":"step","ph":"X","ts":273435,"dur":1,"pid":1,"tid":28},
{"name":"ComposeSubtree /Biped/Rig/Joints/hips_bind/spine_0_bind/spine_1_bind/spine_2_bind/spine_3_bind/spine_4_bind/spine_5_bind/chest_bind/clavicle_r_bind/shoulder_r_bind","cat":"step","ph":"X","ts":273427,"dur":1,"pid":1,"tid":0},
{"name":"ComposeSubtree /Biped/Rig/Joints/hips_bind/spine_0_bind/spine_1_bind/spine_2_bind/spine_3_bind/spine_4_bind/spine_5_bind/chest_bind/clavicle_r_bind/shoulder_r_bind/elbow_r_bind/wristTwist_r_bind","cat":"step","ph":"X","ts":273436,"dur":1,"pid":1,"tid":28},
{"name":"ComposeSubtree /Biped/Rig/Joints/hips_bind/spine_0_bind/spine_1_bind/spine_2_bind/spine_3_bind/spine_4_bind/spine_5_bind/chest_bind/clavicle_r_bind/shoulder_r_bind/elbow_r_bind/wrist_r_bind/index_001_r_bind","cat":"step","ph":"X","ts":273447,"dur":1,"pid":1,"tid":24},
{"name":"ComposeSubtree /Biped/Rig/Joints/hips_bind/spine_0_bind/spine_1_bind/spine_2_bind/spine_3_bind/spine_4_bind/spine_5_bind/chest_bind/clavicle_r_bind/shoulder_r_bind/elbow_r_bind/wrist_r_bind/index_001_r_bind/index_002_r_bind/index_003_r_bind/index_004_r_bind","cat":"step","ph":"X","ts":273497,"dur":1,"pid":1,"tid":31},
{"name":"ComposeSubtree /Biped/Rig/Joints/hips_bind/spine_0_bind/spine_1_bind/spine_2_bind/spine_3_bind/spine_4_bind/spine_5_bind/chest_bind/clavicle_r_bind/shoulder_r_bind/elbow_r_bind/wrist_r_bind/middle_001_r_bind","cat":"step","ph":"X","ts":273448,"dur":1,"pid":1,"tid":24},
{"name":"ComposeSubtree /Biped/Rig/Joints/hips_bind/spine_0_bind/spine_1_bind/spine_2_bind/spine_3_bind/spine_4_bind/spine_5_bind/chest_bind/clavicle_r_bind/shoulder_r_bind/elbow_r_bind/wrist_r_bind/middle_001_r_bind/middle_002_r_bind","cat":"step","ph":"X","ts":273473,"dur":1,"pid":1,"tid":5},
{"name":"ComposeSubtree /Biped/Rig/Joints/hips_bind/spine_0_bind/spine_1_bind/spine_2_bind/spine_3_bind/spine_4_bind/spine_5_bind/chest_bind/clavicle_r_bind/shoulder_r_bind/elbow_r_bind/wrist_r_bind/middle_001_r_bind/middle_002_r_bind/middle_003_r_bind/middle_004_r_bind","cat":"step","ph":"X","ts":273498,"dur":1,"pid":1,"tid":31},
{"name":"ComposeSubtree /Biped/Rig/Joints/hips_bind/spine_0_bind/spine_1_bind/spine_2_bind/spine_3_bind/spine_4_bind/spine_5_bind/chest_bind/clavicle_r_bind/shoulder_r_bind/elbow_r_bind/wrist_r_bind/pinkyCup_r_bind/pinky_001_r_bind/pinky_002_r_bind/pinky_003_r_bind/pinky_004_r_bind","cat":"step","ph":"X","ts":273508,"dur":1,"pid":1,"tid":31},
{"name":"ComposeSubtree /Biped/Rig/Joints/hips_bind/spine_0_bind/spine_1_bind/spine_2_bind/spine_3_bind/spine_4_bind/spine_5_bind/chest_bind/clavicle_r_bind/shoulder_r_bind/elbow_r_bind/wrist_r_bind/ring_001_r_bind","cat":"step","ph":"X","ts":273449,"dur":1,"pid":1,"tid":24},
{"name":"ComposeSubtree /Biped/Rig/Joints/hips_bind/spine_0_bind/spine_1_bind/spine_2_bind/spine_3_bind/spine_4_bind/spine_5_bind/chest_bind/clavicle_r_bind/shoulder_r_bind/elbow_r_bind/wrist_r_bind/ring_001_r_bind/ring_002_r_bind","cat":"step","ph":"X","ts":273474,"dur":1,"pid":1,"tid":5},
{"name":"ComposeSubtree /Biped/Rig/Joints/hips_bind/spine_0_bind/spine_1_bind/spine_2_bind/spine_3_bind/spine_4_bind/spine_5_bind/chest_bind/clavicle_r_bind/shoulder_r_bind/elbow_r_bind/wrist_r_bind/ring_001_r_bind/ring_002_r_bind/ring_003_r_bind/ring_004_r_bind","cat":"step","ph":"X","ts":273499,"dur":1,"pid":1,"tid":31},
{"name":"ComposeSubtree /Biped/Rig/Joints/hips_bind/spine_0_bind/spine_1_bind/spine_2_bind/spine_3_bind/spine_4_bind/spine_5_bind/chest_bind/neck_base_bind","cat":"step","ph":"X","ts":273363,"dur":4,"pid":1,"tid":30},
{"name":"ComposeSubtree /Biped/Rig/Joints/hips_bind/spine_0_bind/spine_1_bind/spine_2_bind/spine_3_bind/spine_4_bind/spine_5_bind/chest_bind/neck_base_bind/neck_0_bind/neck_1_bind","cat":"step","ph":"X","ts":273415,"dur":1,"pid":1,"tid":30},
{"name":"ComposeSubtree /Biped/Rig/Joints/hips_bind/spine_0_bind/spine_1_bind/spine_2_bind/spine_3_bind/spine_4_bind/spine_5_bind/chest_bind/neck_base_bind/neck_0_bind/neck_1_bind/neck_2_bind/neck_3_bind","cat":"step","ph":"X","ts":273437,"dur":1,"pid":1,"tid":28},
{"name":"ComposeSubtree /Biped/Rig/Joints/hips_bind/spine_0_bind/spine_1_bind/spine_2_bind/spine_3_bind/spine_4_bind/spine_5_bind/chest_bind/neck_base_bind/neck_0_bind/neck_1_bind/neck_2_bind/neck_3_bind/skull_bind/face_lower_bind","cat":"step","ph":"X","ts":273450,"dur":1,"pid":1,"tid":24},
{"name":"ComposeSubtree /Biped/Rig/Joints/hips_bind/spine_0_bind/spine_1_bind/spine_2_bind/spine_3_bind/spine_4_bind/spine_5_bind/chest_bind/neck_base_bind/neck_0_bind/neck_1_bind/neck_2_bind/neck_3_bind/skull_bind/face_lower_bind/face_mid_bind/nose_bridge_bind","cat":"step","ph":"X","ts":273476,"dur":1,"pid":1,"tid":5},
{"name":"ComposeSubtree /Biped/Rig/Joints/hips_bind/spine_0_bind/spine_1_bind/spine_2_bind/spine_3_bind/spine_4_bind/spine_5_bind/chest_bind/neck_base_bind/neck_0_bind/neck_1_bind/neck_2_bind/neck_3_bind/skull_bind/face_lower_bind/jaw_bind/jaw_end","cat":"step","ph":"X","ts":273500,"dur":1,"pid":1,"tid":31},
{"name":"ComposeSubtree /Biped/Rig/Joints/hips_bind/spine_0_bind/spine_1_bind/spine_2_bind/spine_3_bind/spine_4_bind/spine_5_bind/chest_bind/neck_base_bind/neck_0_bind/neck_1_bind/neck_2_bind/neck_3_bind/skull_bind/face_lower_bind/jaw_bind/tongue_0_bind/tongue_1_bind/tongue_2_bind/tongue_3_bind","cat":"step","ph":"X","ts":273525,"dur":1,"pid":1,"tid":31},
{"name":"ComposeSubtree /Biped/Rig/Joints/hips_bind/spine_0_bind/spine_1_bind/spine_2_bind/spine_3_bind/spine_4_bind/spine_5_bind/chest_bind/neck_base_bind/neck_0_bind/neck_1_bind/neck_2_bind/neck_3_bind/skull_bind/face_upper_bind","cat":"step","ph":"X","ts":273451,"dur":1,"pid":1,"tid":24},
{"name":"ComposeSubtree /Biped/Rig/Joints/hips_bind/spine_0_bind/spine_1_bind/spine_2_bind/spine_3_bind/spine_4_bind/spine_5_bind/chest_bind/neck_base_bind/neck_0_bind/neck_1_bind/neck_2_bind/neck_3_bind/skull_bind/face_upper_bind/eyeSocket_l_bind","cat":"step","ph":"X","ts":273477,"dur":1,"pid":1,"tid":5},
{"name":"ComposeSubtree /Biped/Rig/Joints/hips_bind/spine_0_bind/spine_1_bind/spine_2_bind/spine_3_bind/spine_4_bind/spine_5_bind/chest_bind/neck_base_bind/neck_0_bind/neck_1_bind/neck_2_bind/neck_3_bind/skull_bind/face_upper_bind/head_tip_bind","cat":"step","ph":"X","ts":273478,"dur":1,"pid":1,"tid":5},
{"name":"ComposeSubtree /Biped/Rig/Joints/hips_bind/spine_0_bind/spine_1_bind/spine_2_bind/spine_3_bind/spine_4_bind/spine_5_bind/chest_bind/neck_base_bind/neck_0_bind/neck_1_bind/neck_2_bind/neck_3_bind/skull_bind/face_upper_bind/head_tip_bind/brow_inner_r_bind","cat":"step","ph":"X","ts":273501,"dur":1,"pid":1,"tid":31},
{"name":"ComposeSubtree /Biped/Rig/Joints/hips_bind/spine_0_bind/spine_1_bind/spine_2_bind/spine_3_bind/spine_4_bind/spine_5_bind/chest_bind/neck_base_bind/neck_0_bind/neck_1_bind/neck_2_bind/neck_3_bind/skull_bind/face_upper_bind/head_tip_bind/brow_peak_r_bind","cat":"step","ph":"X","ts":273502,"dur":1,"pid":1,"tid":31},
{"name":"Solve /Biped/Rig/Solvers/arm_l_fkChain","cat":"step","ph":"X","ts":273367,"dur":9,"pid":1,"tid":30},
{"name":"SolverCommit batch 0","cat":"step","ph":"X","ts":273416,"dur":1,"pid":1,"tid":30},
{"name":"Solve /Biped/Rig/Solvers/arm_l_twoBoneIk","cat":"step","ph":"X","ts":273349,"dur":7,"pid":1,"tid":30},
{"name":"SolverCommit batch 1","cat":"step","ph":"X","ts":273376,"dur":2,"pid":1,"tid":30},
{"name":"Solve /Biped/Rig/Solvers/arm_r_fkChain","cat":"step","ph":"X","ts":273417,"dur":1,"pid":1,"tid":30},
{"name":"Solve /Biped/Rig/Solvers/arm_r_twoBoneIk","cat":"step","ph":"X","ts":273282,"dur":1,"pid":1,"tid":0},
{"name":"SolverCommit batch 3","cat":"step","ph":"X","ts":273378,"dur":1,"pid":1,"tid":30},
{"name":"Solve /Biped/Rig/Solvers/leg_l_fkChain","cat":"step","ph":"X","ts":273283,"dur":3,"pid":1,"tid":0},
{"name":"Solve /Biped/Rig/Solvers/leg_r_fkChain","cat":"step","ph":"X","ts":273380,"dur":3,"pid":1,"tid":30},
{"name":"Solve /Biped/Rig/Solvers/neck_splineIk","cat":"step","ph":"X","ts":273383,"dur":27,"pid":1,"tid":30},
{"name":"SolverCommit batch 6","cat":"step","ph":"X","ts":273559,"dur":2,"pid":1,"tid":3},
{"name":"Constraint /Biped/Rig/Movers/spine_mid_follow/spine_mid_follow_pos","cat":"step","ph":"X","ts":273274,"dur":7,"pid":1,"tid":0},
{"name":"Solve /Biped/Rig/Solvers/arm_l_ikfk","cat":"step","ph":"X","ts":273418,"dur":1,"pid":1,"tid":30},
{"name":"SolverCommit batch 8","cat":"step","ph":"X","ts":273438,"dur":3,"pid":1,"tid":28},
{"name":"Solve /Biped/Rig/Solvers/arm_r_ikfk","cat":"step","ph":"X","ts":273441,"dur":1,"pid":1,"tid":28},
{"name":"SolverCommit batch 9","cat":"step","ph":"X","ts":273452,"dur":2,"pid":1,"tid":24},
{"name":"Constraint /Biped/Rig/Movers/spine_mid_follow/spine_mid_follow_aim","cat":"step","ph":"X","ts":273286,"dur":4,"pid":1,"tid":0},
{"name":"Solve /Biped/Rig/Solvers/spine_splineIk","cat":"step","ph":"X","ts":273291,"dur":11,"pid":1,"tid":0},
{"name":"SolverCommit batch 11","cat":"step","ph":"X","ts":273419,"dur":2,"pid":1,"tid":30},
{"name":"Constraint /Biped/Rig/Movers/hand_r_follow/thumbCup_r_bind_fk_follow_to_wrist_r_bind","cat":"step","ph":"X","ts":273479,"dur":8,"pid":1,"tid":5},
{"name":"Solve /Biped/Rig/Solvers/fk_thumb_r","cat":"step","ph":"X","ts":273503,"dur":3,"pid":1,"tid":31},
{"name":"SolverCommit batch 13","cat":"step","ph":"X","ts":273509,"dur":2,"pid":1,"tid":31},
{"name":"Constraint /Biped/Rig/Movers/hand_r_follow/ring_001_r_bind_fk_follow_to_wrist_r_bind","cat":"step","ph":"X","ts":273487,"dur":4,"pid":1,"tid":5},
{"name":"Solve /Biped/Rig/Solvers/fk_ring_r","cat":"step","ph":"X","ts":273506,"dur":2,"pid":1,"tid":31},
{"name":"SolverCommit batch 15","cat":"step","ph":"X","ts":273511,"dur":1,"pid":1,"tid":31},
{"name":"Constraint /Biped/Rig/Movers/hand_r_follow/pinkyCup_r_bind_fk_follow_to_wrist_r_bind","cat":"step","ph":"X","ts":273470,"dur":12,"pid":1,"tid":25},
{"name":"Solve /Biped/Rig/Solvers/fk_pinky_r","cat":"step","ph":"X","ts":273491,"dur":4,"pid":1,"tid":25},
{"name":"SolverCommit batch 17","cat":"step","ph":"X","ts":273526,"dur":1,"pid":1,"tid":31},
{"name":"Constraint /Biped/Rig/Movers/hand_r_follow/middle_001_r_bind_fk_follow_to_wrist_r_bind","cat":"step","ph":"X","ts":273482,"dur":4,"pid":1,"tid":25},
{"name":"Solve /Biped/Rig/Solvers/fk_middle_r","cat":"step","ph":"X","ts":273495,"dur":1,"pid":1,"tid":25},
{"name":"SolverCommit batch 19","cat":"step","ph":"X","ts":273512,"dur":1,"pid":1,"tid":31},
{"name":"Constraint /Biped/Rig/Movers/hand_r_follow/index_001_r_bind_fk_follow_to_wrist_r_bind","cat":"step","ph":"X","ts":273486,"dur":5,"pid":1,"tid":25},
{"name":"Solve /Biped/Rig/Solvers/fk_index_r","cat":"step","ph":"X","ts":273496,"dur":1,"pid":1,"tid":25},
{"name":"SolverCommit batch 21","cat":"step","ph":"X","ts":273513,"dur":1,"pid":1,"tid":31},
{"name":"Constraint /Biped/Rig/Movers/hand_l_follow/thumbCup_l_bind_fk_follow_to_wrist_l_bind","cat":"step","ph":"X","ts":273454,"dur":8,"pid":1,"tid":24},
{"name":"Solve /Biped/Rig/Solvers/fk_thumb_l","cat":"step","ph":"X","ts":273474,"dur":5,"pid":1,"tid":29},
{"name":"SolverCommit batch 23","cat":"step","ph":"X","ts":273492,"dur":2,"pid":1,"tid":5},
{"name":"Constraint /Biped/Rig/Movers/hand_l_follow/ring_001_l_bind_fk_follow_to_wrist_l_bind","cat":"step","ph":"X","ts":273462,"dur":5,"pid":1,"tid":24},
{"name":"Solve /Biped/Rig/Solvers/fk_ring_l","cat":"step","ph":"X","ts":273479,"dur":2,"pid":1,"tid":29},
{"name":"SolverCommit batch 25","cat":"step","ph":"X","ts":273494,"dur":1,"pid":1,"tid":5},
{"name":"Constraint /Biped/Rig/Movers/hand_l_follow/pinkyCup_l_bind_fk_follow_to_wrist_l_bind","cat":"step","ph":"X","ts":273445,"dur":14,"pid":1,"tid":3},
{"name":"Solve /Biped/Rig/Solvers/fk_pinky_l","cat":"step","ph":"X","ts":273481,"dur":2,"pid":1,"tid":29},
{"name":"SolverCommit batch 27","cat":"step","ph":"X","ts":273514,"dur":1,"pid":1,"tid":31},
{"name":"Constraint /Biped/Rig/Movers/hand_l_follow/middle_001_l_bind_fk_follow_to_wrist_l_bind","cat":"step","ph":"X","ts":273459,"dur":7,"pid":1,"tid":3},
{"name":"Solve /Biped/Rig/Solvers/fk_middle_l","cat":"step","ph":"X","ts":273474,"dur":5,"pid":1,"tid":13},
{"name":"SolverCommit batch 29","cat":"step","ph":"X","ts":273495,"dur":1,"pid":1,"tid":5},
{"name":"Constraint /Biped/Rig/Movers/hand_l_follow/index_001_l_bind_fk_follow_to_wrist_l_bind","cat":"step","ph":"X","ts":273466,"dur":5,"pid":1,"tid":3},
{"name":"Solve /Biped/Rig/Solvers/fk_index_l","cat":"step","ph":"X","ts":273479,"dur":2,"pid":1,"tid":13},
{"name":"SolverCommit batch 31","cat":"step","ph":"X","ts":273496,"dur":1,"pid":1,"tid":5},
{"name":"Constraint /Biped/Rig/Movers/bankIn_r_pivot_rc/bankIn_r_pivot_rotation","cat":"step","ph":"X","ts":273446,"dur":7,"pid":1,"tid":4},
{"name":"Constraint /Biped/Rig/Movers/bankOut_r_pivot_rc/bankOut_r_pivot_rotation","cat":"step","ph":"X","ts":273481,"dur":4,"pid":1,"tid":13},
{"name":"Constraint /Biped/Rig/Movers/heel_r_roll_rc/heel_r_roll_rotation","cat":"step","ph":"X","ts":273497,"dur":3,"pid":1,"tid":5},
{"name":"Constraint /Biped/Rig/Movers/toe_r_roll_rc/toe_r_roll_rotation","cat":"step","ph":"X","ts":273515,"dur":4,"pid":1,"tid":31},
{"name":"Constraint /Biped/Rig/Movers/ballRoll_r_up_rc/ballRoll_r_up_rotation","cat":"step","ph":"X","ts":273527,"dur":1,"pid":1,"tid":31},
{"name":"Constraint /Biped/Rig/Movers/ballRoll_r_down_rc/ballRoll_r_down_rotation","cat":"step","ph":"X","ts":273561,"dur":3,"pid":1,"tid":3},
{"name":"Solve /Biped/Rig/Solvers/leg_r_twoBoneIk","cat":"step","ph":"X","ts":273577,"dur":1,"pid":1,"tid":3},
{"name":"SolverCommit batch 38","cat":"step","ph":"X","ts":273584,"dur":1,"pid":1,"tid":3},
{"name":"SolverCommit batch 39","cat":"step","ph":"X","ts":273595,"dur":6,"pid":1,"tid":3},
{"name":"Constraint /Biped/Rig/Movers/ankle_r_bind_scAim/ankle_r_bind_aim","cat":"step","ph":"X","ts":273628,"dur":7,"pid":1,"tid":23},
{"name":"Constraint /Biped/Rig/Movers/ball_r_bind_scAim/ball_r_bind_aim","cat":"step","ph":"X","ts":273651,"dur":6,"pid":1,"tid":27},
{"name":"Constraint /Biped/Rig/Movers/bankIn_l_pivot_rc/bankIn_l_pivot_rotation","cat":"step","ph":"X","ts":273428,"dur":5,"pid":1,"tid":0},
{"name":"Constraint /Biped/Rig/Movers/bankOut_l_pivot_rc/bankOut_l_pivot_rotation","cat":"step","ph":"X","ts":273453,"dur":2,"pid":1,"tid":4},
{"name":"Constraint /Biped/Rig/Movers/heel_l_roll_rc/heel_l_roll_rotation","cat":"step","ph":"X","ts":273467,"dur":3,"pid":1,"tid":24},
{"name":"Constraint /Biped/Rig/Movers/toe_l_roll_rc/toe_l_roll_rotation","cat":"step","ph":"X","ts":273500,"dur":1,"pid":1,"tid":5},
{"name":"Constraint /Biped/Rig/Movers/ballRoll_l_up_rc/ballRoll_l_up_rotation","cat":"step","ph":"X","ts":273519,"dur":1,"pid":1,"tid":31},
{"name":"Constraint /Biped/Rig/Movers/ballRoll_l_down_rc/ballRoll_l_down_rotation","cat":"step","ph":"X","ts":273528,"dur":1,"pid":1,"tid":31},
{"name":"Solve /Biped/Rig/Solvers/leg_l_twoBoneIk","cat":"step","ph":"X","ts":273564,"dur":2,"pid":1,"tid":3},
{"name":"SolverCommit batch 48","cat":"step","ph":"X","ts":273578,"dur":1,"pid":1,"tid":3},
{"name":"Solve /Biped/Rig/Solvers/leg_l_ikfk","cat":"step","ph":"X","ts":273579,"dur":1,"pid":1,"tid":3},
{"name":"SolverCommit batch 49","cat":"step","ph":"X","ts":273585,"dur":7,"pid":1,"tid":3},
{"name":"Constraint /Biped/Rig/Movers/ankle_l_bind_scAim/ankle_l_bind_aim","cat":"step","ph":"X","ts":273602,"dur":7,"pid":1,"tid":3},
{"name":"Constraint /Biped/Rig/Movers/ball_l_bind_scAim/ball_l_bind_aim","cat":"step","ph":"X","ts":273635,"dur":5,"pid":1,"tid":23},
{"name":"Constraint /Biped/Rig/Movers/hips_follow/spine_root_ctl_drives_hips_bind","cat":"step","ph":"X","ts":273246,"dur":9,"pid":1,"tid":0},
{"name":"PropagateChunk /Biped/Rig/Movers/hips_follow/spine_root_ctl_drives_hips_bind","cat":"step","ph":"X","ts":273566,"dur":6,"pid":1,"tid":3},
{"name":"PropagateChunk /Biped/Rig/Movers/hips_follow/spine_root_ctl_drives_hips_bind","cat":"step","ph":"X","ts":273520,"dur":1,"pid":1,"tid":31},
{"name":"CommitApply /Biped/Rig/Movers/hips_follow/spine_root_ctl_drives_hips_bind","cat":"step","ph":"X","ts":273580,"dur":2,"pid":1,"tid":3},
{"name":"Constraint /Biped/Rig/Movers/hips_follow/spine_root_ctl_scales_hips_bind","cat":"step","ph":"X","ts":273592,"dur":3,"pid":1,"tid":3},
{"name":"CommitDelta /Biped/Rig/Movers/hips_follow/spine_root_ctl_scales_hips_bind","cat":"step","ph":"X","ts":273609,"dur":1,"pid":1,"tid":3},
{"name":"PropagateChunk /Biped/Rig/Movers/hips_follow/spine_root_ctl_scales_hips_bind","cat":"step","ph":"X","ts":273640,"dur":5,"pid":1,"tid":23},
{"name":"CommitApply /Biped/Rig/Movers/hips_follow/spine_root_ctl_scales_hips_bind","cat":"step","ph":"X","ts":273658,"dur":1,"pid":1,"tid":27},
{"name":"Constraint /Biped/Rig/Movers/spine_to_bind/spine_ik_spine_0_bind_scale_to_spine_0_bind","cat":"step","ph":"X","ts":273672,"dur":12,"pid":1,"tid":19},
{"name":"Constraint /Biped/Rig/Movers/spine_to_bind/spine_ik_spine_0_bind_to_spine_0_bind","cat":"step","ph":"X","ts":273692,"dur":11,"pid":1,"tid":14},
{"name":"Constraint /Biped/Rig/Movers/spine_to_bind/spine_ik_spine_1_bind_scale_to_spine_1_bind","cat":"step","ph":"X","ts":273710,"dur":13,"pid":1,"tid":28},
{"name":"Constraint /Biped/Rig/Movers/spine_to_bind/spine_ik_spine_1_bind_to_spine_1_bind","cat":"step","ph":"X","ts":273734,"dur":10,"pid":1,"tid":14},
{"name":"Constraint /Biped/Rig/Movers/spine_to_bind/spine_ik_spine_2_bind_scale_to_spine_2_bind","cat":"step","ph":"X","ts":273763,"dur":7,"pid":1,"tid":0},
{"name":"Constraint /Biped/Rig/Movers/spine_to_bind/spine_ik_spine_2_bind_to_spine_2_bind","cat":"step","ph":"X","ts":273774,"dur":39,"pid":1,"tid":0},
{"name":"Constraint /Biped/Rig/Movers/spine_to_bind/spine_ik_spine_3_bind_scale_to_spine_3_bind","cat":"step","ph":"X","ts":273814,"dur":8,"pid":1,"tid":0},
{"name":"Constraint /Biped/Rig/Movers/spine_to_bind/spine_ik_spine_3_bind_to_spine_3_bind","cat":"step","ph":"X","ts":273823,"dur":8,"pid":1,"tid":0},
{"name":"Constraint /Biped/Rig/Movers/spine_to_bind/spine_ik_spine_4_bind_scale_to_spine_4_bind","cat":"step","ph":"X","ts":273831,"dur":6,"pid":1,"tid":0},
{"name":"Constraint /Biped/Rig/Movers/spine_to_bind/spine_ik_spine_4_bind_to_spine_4_bind","cat":"step","ph":"X","ts":273837,"dur":6,"pid":1,"tid":0},
{"name":"Constraint /Biped/Rig/Movers/spine_to_bind/spine_ik_spine_5_bind_scale_to_spine_5_bind","cat":"step","ph":"X","ts":273843,"dur":5,"pid":1,"tid":0},
{"name":"Constraint /Biped/Rig/Movers/spine_to_bind/spine_ik_spine_5_bind_to_spine_5_bind","cat":"step","ph":"X","ts":273849,"dur":6,"pid":1,"tid":0},
{"name":"Constraint /Biped/Rig/Movers/spine_to_bind/spine_ik_chest_bind_scale_to_chest_bind","cat":"step","ph":"X","ts":273856,"dur":5,"pid":1,"tid":0},
{"name":"Constraint /Biped/Rig/Movers/spine_to_bind/spine_ik_chest_bind_to_chest_bind","cat":"step","ph":"X","ts":273862,"dur":6,"pid":1,"tid":0},
{"name":"Constraint /Biped/Rig/Movers/girdles/spine_end_ctl_drives_chest_bind","cat":"step","ph":"X","ts":273868,"dur":6,"pid":1,"tid":0},
{"name":"Constraint /Biped/Rig/Movers/girdles/pelvis_r_ctl_drives_pelvis_r_bind","cat":"step","ph":"X","ts":273684,"dur":3,"pid":1,"tid":19},
{"name":"Constraint /Biped/Rig/Movers/girdles/pelvis_l_ctl_drives_pelvis_l_bind","cat":"step","ph":"X","ts":273687,"dur":2,"pid":1,"tid":19},
{"name":"Constraint /Biped/Rig/Movers/girdles/clavicle_r_ctl_drives_clavicle_r_bind","cat":"step","ph":"X","ts":273874,"dur":2,"pid":1,"tid":0},
{"name":"Constraint /Biped/Rig/Movers/girdles/clavicle_l_ctl_drives_clavicle_l_bind","cat":"step","ph":"X","ts":273876,"dur":1,"pid":1,"tid":0},
{"name":"Constraint /Biped/Rig/Movers/girdles/spine_end_ctl_unsquashes_neck_base_bind","cat":"step","ph":"X","ts":273877,"dur":4,"pid":1,"tid":0},
{"name":"Constraint /Biped/Rig/Movers/girdles/clavicle_r_ctl_unsquashes_clavicle_r_bind","cat":"step","ph":"X","ts":273882,"dur":2,"pid":1,"tid":0},
{"name":"Constraint /Biped/Rig/Movers/girdles/clavicle_l_ctl_unsquashes_clavicle_l_bind","cat":"step","ph":"X","ts":273884,"dur":3,"pid":1,"tid":0},
{"name":"Constraint /Biped/Rig/Movers/neck_to_bind/neck_ik_neck_0_bind_scale_to_neck_0_bind","cat":"step","ph":"X","ts":273887,"dur":4,"pid":1,"tid":0},
{"name":"Constraint /Biped/Rig/Movers/neck_to_bind/neck_ik_neck_0_bind_to_neck_0_bind","cat":"step","ph":"X","ts":273898,"dur":12,"pid":1,"tid":31},
{"name":"Constraint /Biped/Rig/Movers/neck_to_bind/neck_ik_neck_1_bind_scale_to_neck_1_bind","cat":"step","ph":"X","ts":273917,"dur":10,"pid":1,"tid":6},
{"name":"Constraint /Biped/Rig/Movers/neck_to_bind/neck_ik_neck_1_bind_to_neck_1_bind","cat":"step","ph":"X","ts":273939,"dur":8,"pid":1,"tid":6},
{"name":"Constraint /Biped/Rig/Movers/neck_to_bind/neck_ik_neck_2_bind_scale_to_neck_2_bind","cat":"step","ph":"X","ts":273962,"dur":8,"pid":1,"tid":5},
{"name":"Constraint /Biped/Rig/Movers/neck_to_bind/neck_ik_neck_2_bind_to_neck_2_bind","cat":"step","ph":"X","ts":273976,"dur":5,"pid":1,"tid":5},
{"name":"Constraint /Biped/Rig/Movers/neck_to_bind/neck_ik_neck_3_bind_scale_to_neck_3_bind","cat":"step","ph":"X","ts":273986,"dur":4,"pid":1,"tid":5},
{"name":"Constraint /Biped/Rig/Movers/neck_to_bind/neck_ik_neck_3_bind_to_neck_3_bind","cat":"step","ph":"X","ts":274508,"dur":6,"pid":1,"tid":5},
{"name":"Constraint /Biped/Rig/Movers/neck_to_bind/neck_ik_skull_bind_scale_to_skull_bind","cat":"step","ph":"X","ts":274900,"dur":4,"pid":1,"tid":5},
{"name":"Constraint /Biped/Rig/Movers/neck_to_bind/neck_ik_skull_bind_to_skull_bind","cat":"step","ph":"X","ts":274922,"dur":6,"pid":1,"tid":5},
{"name":"Constraint /Biped/Rig/Movers/twist_aims/wristTwist_r_bind_copy","cat":"step","ph":"X","ts":273470,"dur":5,"pid":1,"tid":24},
{"name":"Constraint /Biped/Rig/Movers/twist_aims/wristTwist_r_bind_aim","cat":"step","ph":"X","ts":273501,"dur":5,"pid":1,"tid":5},
{"name":"Constraint /Biped/Rig/Movers/twist_aims/wristTwist_l_bind_copy","cat":"step","ph":"X","ts":273443,"dur":8,"pid":1,"tid":28},
{"name":"Constraint /Biped/Rig/Movers/twist_aims/wristTwist_l_bind_aim","cat":"step","ph":"X","ts":273475,"dur":4,"pid":1,"tid":24},
{"name":"Constraint /Biped/Rig/Movers/twist_aims/ankleTwist_r_bind_copy","cat":"step","ph":"X","ts":273659,"dur":3,"pid":1,"tid":27},
{"name":"Constraint /Biped/Rig/Movers/twist_aims/ankleTwist_r_bind_aim","cat":"step","ph":"X","ts":273674,"dur":12,"pid":1,"tid":22},
{"name":"Constraint /Biped/Rig/Movers/twist_aims/ankleTwist_l_bind_copy","cat":"step","ph":"X","ts":273645,"dur":3,"pid":1,"tid":23},
{"name":"Constraint /Biped/Rig/Movers/twist_aims/ankleTwist_l_bind_aim","cat":"step","ph":"X","ts":273663,"dur":3,"pid":1,"tid":27},
{"name":"Constraint /Biped/Rig/Movers/twist_aims/ankleTwist_r_bind_follows_ankle_r_bind","cat":"step","ph":"X","ts":273704,"dur":2,"pid":1,"tid":14},
{"name":"Constraint /Biped/Rig/Movers/twist_aims/ankleTwist_l_bind_follows_ankle_l_bind","cat":"step","ph":"X","ts":273686,"dur":3,"pid":1,"tid":22},
{"name":"Constraint /Biped/Rig/Movers/twist_aims/wristTwist_r_bind_follows_wrist_r_bind","cat":"step","ph":"X","ts":273521,"dur":4,"pid":1,"tid":31},
{"name":"Constraint /Biped/Rig/Movers/twist_aims/wristTwist_l_bind_follows_wrist_l_bind","cat":"step","ph":"X","ts":273498,"dur":4,"pid":1,"tid":3},
{"name":"Constraint /Biped/Rig/Movers/twist_aims/thighNoTwist_r_bind_follows_thigh_r_bind","cat":"step","ph":"X","ts":273706,"dur":1,"pid":1,"tid":14},
{"name":"Constraint /Biped/Rig/Movers/twist_aims/thighNoTwist_l_bind_follows_thigh_l_bind","cat":"step","ph":"X","ts":273689,"dur":2,"pid":1,"tid":19},
{"name":"Constraint /Biped/Rig/Movers/twist_aims/shoulderNoTwist_r_bind_follows_shoulder_r_bind","cat":"step","ph":"X","ts":273911,"dur":2,"pid":1,"tid":31},
{"name":"Constraint /Biped/Rig/Movers/twist_aims/shoulderNoTwist_l_bind_follows_shoulder_l_bind","cat":"step","ph":"X","ts":273913,"dur":1,"pid":1,"tid":31},
{"name":"Constraint /Biped/Rig/Movers/twist_aims/pelvis_trans_r_bind_follows_thigh_r_bind","cat":"step","ph":"X","ts":273691,"dur":1,"pid":1,"tid":19},
{"name":"Constraint /Biped/Rig/Movers/twist_aims/pelvis_trans_l_bind_follows_thigh_l_bind","cat":"step","ph":"X","ts":273692,"dur":2,"pid":1,"tid":19},
{"name":"Constraint /Biped/Rig/Movers/twist_aims/clavicle_trans_r_bind_follows_shoulder_r_bind","cat":"step","ph":"X","ts":273898,"dur":1,"pid":1,"tid":0},
{"name":"Constraint /Biped/Rig/Movers/twist_aims/clavicle_trans_l_bind_follows_shoulder_l_bind","cat":"step","ph":"X","ts":273899,"dur":2,"pid":1,"tid":0},
{"name":"Constraint /Biped/Rig/Movers/twist_aims/pelvis_trans_r_bind_aim","cat":"step","ph":"X","ts":273723,"dur":6,"pid":1,"tid":28},
{"name":"Constraint /Biped/Rig/Movers/twist_aims/pelvis_trans_l_bind_aim","cat":"step","ph":"X","ts":273729,"dur":3,"pid":1,"tid":28},
{"name":"Constraint /Biped/Rig/Movers/twist_aims/kneeTwist_r_bind_aim","cat":"step","ph":"X","ts":273623,"dur":5,"pid":1,"tid":3},
{"name":"Constraint /Biped/Rig/Movers/twist_aims/kneeTwist_l_bind_aim","cat":"step","ph":"X","ts":273610,"dur":5,"pid":1,"tid":3},
{"name":"Constraint /Biped/Rig/Movers/twist_aims/thighNoTwist_r_bind_aim","cat":"step","ph":"X","ts":273708,"dur":4,"pid":1,"tid":14},
{"name":"Constraint /Biped/Rig/Movers/twist_aims/thighNoTwist_l_bind_aim","cat":"step","ph":"X","ts":273713,"dur":3,"pid":1,"tid":14},
{"name":"Constraint /Biped/Rig/Movers/twist_aims/clavicle_trans_r_bind_aim","cat":"step","ph":"X","ts":273927,"dur":6,"pid":1,"tid":6},
{"name":"Constraint /Biped/Rig/Movers/twist_aims/clavicle_trans_l_bind_aim","cat":"step","ph":"X","ts":273934,"dur":4,"pid":1,"tid":6},
{"name":"Constraint /Biped/Rig/Movers/twist_aims/elbowTwist_r_bind_aim","cat":"step","ph":"X","ts":273479,"dur":3,"pid":1,"tid":24},
{"name":"Constraint /Biped/Rig/Movers/twist_aims/elbowTwist_l_bind_aim","cat":"step","ph":"X","ts":273451,"dur":6,"pid":1,"tid":28},
{"name":"Constraint /Biped/Rig/Movers/twist_aims/shoulderNoTwist_r_bind_aim","cat":"step","ph":"X","ts":273915,"dur":6,"pid":1,"tid":31},
{"name":"Constraint /Biped/Rig/Movers/twist_aims/shoulderNoTwist_l_bind_aim","cat":"step","ph":"X","ts":273921,"dur":4,"pid":1,"tid":31},
{"name":"Constraint /Biped/Rig/Movers/pose_drivers/thigh_r_driver_copies_thigh_r_bind","cat":"step","ph":"X","ts":273744,"dur":5,"pid":1,"tid":14},
{"name":"Constraint /Biped/Rig/Movers/pose_drivers/thigh_l_driver_copies_thigh_l_bind","cat":"step","ph":"X","ts":273733,"dur":5,"pid":1,"tid":28},
{"name":"Constraint /Biped/Rig/Movers/pose_drivers/thigh_r_twist_driver_copies_thighNoTwist_r_bind","cat":"step","ph":"X","ts":273770,"dur":4,"pid":1,"tid":0},
{"name":"Constraint /Biped/Rig/Movers/pose_drivers/thigh_l_twist_driver_copies_thighNoTwist_l_bind","cat":"step","ph":"X","ts":273756,"dur":4,"pid":1,"tid":14},
{"name":"Constraint /Biped/Rig/Movers/pose_drivers/ankleTwist_r_driver_copies_ankleTwist_r_bind","cat":"step","ph":"X","ts":273711,"dur":6,"pid":1,"tid":22},
{"name":"Constraint /Biped/Rig/Movers/pose_drivers/ankleTwist_l_driver_copies_ankleTwist_l_bind","cat":"step","ph":"X","ts":273690,"dur":7,"pid":1,"tid":22},
{"name":"Constraint /Biped/Rig/Movers/pose_drivers/toe_r_driver_copies_ball_r_bind","cat":"step","ph":"X","ts":273671,"dur":3,"pid":1,"tid":27},
{"name":"Constraint /Biped/Rig/Movers/pose_drivers/toe_l_driver_copies_ball_l_bind","cat":"step","ph":"X","ts":273666,"dur":4,"pid":1,"tid":27},
{"name":"Constraint /Biped/Rig/Movers/pose_drivers/knee_r_driver_copies_knee_r_bind","cat":"step","ph":"X","ts":273649,"dur":4,"pid":1,"tid":23},
{"name":"Constraint /Biped/Rig/Movers/pose_drivers/knee_l_driver_copies_knee_l_bind","cat":"step","ph":"X","ts":273628,"dur":5,"pid":1,"tid":3},
{"name":"Constraint /Biped/Rig/Movers/pose_drivers/ankleSwing_r_driver_copies_ankle_r_bind","cat":"step","ph":"X","ts":273717,"dur":5,"pid":1,"tid":22},
{"name":"Constraint /Biped/Rig/Movers/pose_drivers/ankleSwing_l_driver_copies_ankle_l_bind","cat":"step","ph":"X","ts":273697,"dur":6,"pid":1,"tid":22},
{"name":"Constraint /Biped/Rig/Movers/pose_drivers/shoulder_r_driver_copies_shoulder_r_bind","cat":"step","ph":"X","ts":273947,"dur":5,"pid":1,"tid":6},
{"name":"Constraint /Biped/Rig/Movers/pose_drivers/shoulder_l_driver_copies_shoulder_l_bind","cat":"step","ph":"X","ts":273952,"dur":6,"pid":1,"tid":6},
{"name":"Constraint /Biped/Rig/Movers/pose_drivers/wristTwist_r_driver_copies_wristTwist_r_bind","cat":"step","ph":"X","ts":273529,"dur":7,"pid":1,"tid":31},
{"name":"Constraint /Biped/Rig/Movers/pose_drivers/wristTwist_l_driver_copies_wristTwist_l_bind","cat":"step","ph":"X","ts":273519,"dur":6,"pid":1,"tid":3},
{"name":"Constraint /Biped/Rig/Movers/pose_drivers/shoulder_r_twist_driver_copies_shoulderNoTwist_r_bind","cat":"step","ph":"X","ts":273970,"dur":5,"pid":1,"tid":5},
{"name":"Constraint /Biped/Rig/Movers/pose_drivers/shoulder_l_twist_driver_copies_shoulderNoTwist_l_bind","cat":"step","ph":"X","ts":273960,"dur":5,"pid":1,"tid":6},
{"name":"Constraint /Biped/Rig/Movers/pose_drivers/wristSwing_r_driver_copies_wrist_r_bind","cat":"step","ph":"X","ts":273540,"dur":6,"pid":1,"tid":3},
{"name":"Constraint /Biped/Rig/Movers/pose_drivers/wristSwing_l_driver_copies_wrist_l_bind","cat":"step","ph":"X","ts":273525,"dur":5,"pid":1,"tid":3},
{"name":"Constraint /Biped/Rig/Movers/pose_drivers/elbow_r_driver_copies_elbow_r_bind","cat":"step","ph":"X","ts":273502,"dur":5,"pid":1,"tid":3},
{"name":"Constraint /Biped/Rig/Movers/pose_drivers/elbow_l_driver_copies_elbow_l_bind","cat":"step","ph":"X","ts":273473,"dur":6,"pid":1,"tid":3},
{"name":"Constraint /Biped/Rig/Movers/param_follow/leg_r_params_to_ankle_r_bind","cat":"step","ph":"X","ts":273653,"dur":3,"pid":1,"tid":23},
{"name":"Constraint /Biped/Rig/Movers/param_follow/leg_l_params_to_ankle_l_bind","cat":"step","ph":"X","ts":273633,"dur":5,"pid":1,"tid":3},
{"name":"Constraint /Biped/Rig/Movers/param_follow/arm_r_params_to_wrist_r_bind","cat":"step","ph":"X","ts":273479,"dur":6,"pid":1,"tid":3},
{"name":"Constraint /Biped/Rig/Movers/param_follow/arm_l_params_to_wrist_l_bind","cat":"step","ph":"X","ts":273457,"dur":5,"pid":1,"tid":28},
{"name":"ProviderMatrix /Biped/Rig/Controls/leg_l_ik/ankle_l_pivot final","cat":"step","ph":"X","ts":273232,"dur":1,"pid":1,"tid":0},
{"name":"ProviderMatrix /Biped/Rig/Controls/leg_l_ik/ankle_l_pivot/bankIn_l_pivot/bankOut_l_pivot/heel_l_roll final","cat":"step","ph":"X","ts":273507,"dur":1,"pid":1,"tid":3},
{"name":"ProviderMatrix /Biped/Rig/Controls/leg_l_ik/ankle_l_pivot/bankIn_l_pivot/bankOut_l_pivot/heel_l_roll/heel_l/ball_l_pivot/toe_l_roll/toe_l/ballRoll_l_up/ballRoll_l_down final","cat":"step","ph":"X","ts":273572,"dur":1,"pid":1,"tid":3},
{"name":"ProviderMatrix /Biped/Rig/Controls/leg_r_ik/ankle_r_pivot/bankIn_r_pivot final","cat":"step","ph":"X","ts":273485,"dur":1,"pid":1,"tid":3},
{"name":"ProviderMatrix /Biped/Rig/Controls/leg_r_ik/ankle_r_pivot/bankIn_r_pivot/bankOut_r_pivot/heel_r_roll final","cat":"step","ph":"X","ts":273530,"dur":1,"pid":1,"tid":3},
{"name":"ProviderMatrix /Biped/Rig/Controls/leg_r_ik/ankle_r_pivot/bankIn_r_pivot/bankOut_r_pivot/heel_r_roll/heel_r/ball_r_pivot/toe_r_roll/toe_r/ballRoll_r_up/ballRoll_r_down final","cat":"step","ph":"X","ts":273582,"dur":1,"pid":1,"tid":3},
{"name":"ProviderMatrix /Biped/Rig/Joints/ankle_l_pivot/bankIn_l_pivot/bankOut_l_pivot final","cat":"step","ph":"X","ts":273255,"dur":1,"pid":1,"tid":0},
{"name":"ProviderMatrix /Biped/Rig/Joints/ankle_l_pivot/bankIn_l_pivot/bankOut_l_pivot/heel_l_pivot/ball_l_pivot/toe_l_pivot/ballRoll_l_pivot final","cat":"step","ph":"X","ts":273290,"dur":1,"pid":1,"tid":0},
{"name":"ProviderMatrix /Biped/Rig/Joints/ankle_r_pivot final","cat":"step","ph":"X","ts":273233,"dur":1,"pid":1,"tid":0},
{"name":"ProviderMatrix /Biped/Rig/Joints/ankle_r_pivot/bankIn_r_pivot/bankOut_r_pivot/heel_r_pivot/ball_r_pivot final","cat":"step","ph":"X","ts":273281,"dur":1,"pid":1,"tid":0},
{"name":"ProviderMatrix /Biped/Rig/Joints/hips_bind/pelvis_l_bind final","cat":"step","ph":"X","ts":273703,"dur":1,"pid":1,"tid":22},
{"name":"ProviderMatrix /Biped/Rig/Joints/hips_bind/pelvis_l_bind/pelvis_trans_l_bind/thigh_l_driver/thigh_l_twist_driver final","cat":"step","ph":"X","ts":273813,"dur":1,"pid":1,"tid":0},
{"name":"ProviderMatrix /Biped/Rig/Joints/hips_bind/pelvis_l_bind/thighNoTwist_l_bind final","cat":"step","ph":"X","ts":273738,"dur":1,"pid":1,"tid":28},
{"name":"ProviderMatrix /Biped/Rig/Joints/hips_bind/pelvis_l_bind/thigh_l_bind/knee_l_bind final","cat":"step","ph":"X","ts":273615,"dur":1,"pid":1,"tid":3},
{"name":"ProviderMatrix /Biped/Rig/Joints/hips_bind/pelvis_l_bind/thigh_l_bind/knee_l_bind/ankleTwist_l_bind final","cat":"step","ph":"X","ts":273704,"dur":1,"pid":1,"tid":22},
{"name":"ProviderMatrix /Biped/Rig/Joints/hips_bind/pelvis_l_bind/thigh_l_bind/knee_l_bind/ankleTwist_l_driver final","cat":"step","ph":"X","ts":273722,"dur":1,"pid":1,"tid":22},
{"name":"ProviderMatrix /Biped/Rig/Joints/hips_bind/pelvis_l_bind/thigh_l_bind/knee_l_bind/ankle_l_bind final","cat":"step","ph":"X","ts":273638,"dur":1,"pid":1,"tid":3},
{"name":"ProviderMatrix /Biped/Rig/Joints/hips_bind/pelvis_l_bind/thigh_l_bind/knee_l_bind/ankle_l_bind/ball_l_bind final","cat":"step","ph":"X","ts":273656,"dur":1,"pid":1,"tid":23},
{"name":"ProviderMatrix /Biped/Rig/Joints/hips_bind/pelvis_l_bind/thigh_l_bind/knee_l_bind/ankle_l_bind/ball_l_bind/toe3_001_l_bind/toe3_002_l_bind final","cat":"step","ph":"X","ts":273658,"dur":1,"pid":1,"tid":23},
{"name":"ProviderMatrix /Biped/Rig/Joints/hips_bind/pelvis_l_bind/thigh_l_bind/knee_l_bind/ankle_l_bind/ball_l_bind/toe4_001_l_bind/toe4_002_l_bind final","cat":"step","ph":"X","ts":273659,"dur":1,"pid":1,"tid":23},
{"name":"ProviderMatrix /Biped/Rig/Joints/hips_bind/pelvis_l_bind/thigh_l_bind/knee_l_bind/ankle_l_bind/ball_l_bind/toe5_001_l_bind/toe5_002_l_bind/toe5_003_l_bind/toe5_004_l_bind final","cat":"step","ph":"X","ts":273660,"dur":1,"pid":1,"tid":23},
{"name":"ProviderMatrix /Biped/Rig/Joints/hips_bind/pelvis_r_bind/thigh_combo_r_driver final","cat":"step","ph":"X","ts":273705,"dur":1,"pid":1,"tid":22},
{"name":"ProviderMatrix /Biped/Rig/Joints/hips_bind/pelvis_r_bind/thigh_r_bind final","cat":"step","ph":"X","ts":273639,"dur":1,"pid":1,"tid":3},
{"name":"ProviderMatrix /Biped/Rig/Joints/hips_bind/pelvis_r_bind/thigh_r_bind/knee_r_bind/ankleTwist_r_bind/ankleSwing_r_driver final","cat":"step","ph":"X","ts":273739,"dur":1,"pid":1,"tid":28},
{"name":"ProviderMatrix /Biped/Rig/Joints/hips_bind/pelvis_r_bind/thigh_r_bind/knee_r_bind/ankle_r_bind/ball_r_bind/toe3_001_r_bind final","cat":"step","ph":"X","ts":273676,"dur":1,"pid":1,"tid":27},
{"name":"ProviderMatrix /Biped/Rig/Joints/hips_bind/pelvis_r_bind/thigh_r_bind/knee_r_bind/ankle_r_bind/ball_r_bind/toe5_001_r_bind/toe5_002_r_bind/toe5_003_r_bind/toe5_004_r_bind final","cat":"step","ph":"X","ts":273678,"dur":1,"pid":1,"tid":27},
{"name":"ProviderMatrix /Biped/Rig/Joints/hips_bind/pelvis_r_bind/thigh_r_bind/knee_r_bind/kneeTwist_r_bind final","cat":"step","ph":"X","ts":273661,"dur":1,"pid":1,"tid":23},
{"name":"ProviderMatrix /Biped/Rig/Joints/hips_bind/spine_0_bind/spine_1_bind/spine_2_bind/spine_3_bind/spine_4_bind final","cat":"step","ph":"X","ts":273848,"dur":1,"pid":1,"tid":0},
{"name":"ProviderMatrix /Biped/Rig/Joints/hips_bind/spine_0_bind/spine_1_bind/spine_2_bind/spine_3_bind/spine_4_bind/spine_5_bind/chest_bind final","cat":"step","ph":"X","ts":273881,"dur":1,"pid":1,"tid":0},
{"name":"ProviderMatrix /Biped/Rig/Joints/hips_bind/spine_0_bind/spine_1_bind/spine_2_bind/spine_3_bind/spine_4_bind/spine_5_bind/chest_bind/clavicle_l_bind/shoulder_l_bind final","cat":"step","ph":"X","ts":273462,"dur":1,"pid":1,"tid":28},
{"name":"ProviderMatrix /Biped/Rig/Joints/hips_bind/spine_0_bind/spine_1_bind/spine_2_bind/spine_3_bind/spine_4_bind/spine_5_bind/chest_bind/clavicle_l_bind/shoulder_l_bind/elbow_l_bind/elbowTwist_l_bind/elbow_l_driver final","cat":"step","ph":"X","ts":273508,"dur":1,"pid":1,"tid":3},
{"name":"ProviderMatrix /Biped/Rig/Joints/hips_bind/spine_0_bind/spine_1_bind/spine_2_bind/spine_3_bind/spine_4_bind/spine_5_bind/chest_bind/clavicle_l_bind/shoulder_l_bind/elbow_l_bind/wrist_l_bind/index_001_l_bind final","cat":"step","ph":"X","ts":273531,"dur":1,"pid":1,"tid":3},
{"name":"ProviderMatrix /Biped/Rig/Joints/hips_bind/spine_0_bind/spine_1_bind/spine_2_bind/spine_3_bind/spine_4_bind/spine_5_bind/chest_bind/clavicle_l_bind/shoulder_l_bind/elbow_l_bind/wrist_l_bind/index_001_l_bind/index_002_l_bind/index_003_l_bind/index_004_l_bind final","cat":"step","ph":"X","ts":273532,"dur":1,"pid":1,"tid":3},
{"name":"ProviderMatrix /Biped/Rig/Joints/hips_bind/spine_0_bind/spine_1_bind/spine_2_bind/spine_3_bind/spine_4_bind/spine_5_bind/chest_bind/clavicle_l_bind/shoulder_l_bind/elbow_l_bind/wrist_l_bind/pinkyCup_l_bind/pinky_001_l_bind final","cat":"step","ph":"X","ts":273547,"dur":1,"pid":1,"tid":3},
{"name":"ProviderMatrix /Biped/Rig/Joints/hips_bind/spine_0_bind/spine_1_bind/spine_2_bind/spine_3_bind/spine_4_bind/spine_5_bind/chest_bind/clavicle_l_bind/shoulder_l_bind/elbow_l_bind/wrist_l_bind/pinkyCup_l_bind/pinky_001_l_bind/pinky_002_l_bind/pinky_003_l_bind/pinky_004_l_bind/pinky_005_l_bind final","cat":"step","ph":"X","ts":273548,"dur":1,"pid":1,"tid":3},
{"name":"ProviderMatrix /Biped/Rig/Joints/hips_bind/spine_0_bind/spine_1_bind/spine_2_bind/spine_3_bind/spine_4_bind/spine_5_bind/chest_bind/clavicle_l_bind/shoulder_l_bind/elbow_l_bind/wrist_l_bind/ring_001_l_bind final","cat":"step","ph":"X","ts":273534,"dur":1,"pid":1,"tid":3},
{"name":"ProviderMatrix /Biped/Rig/Joints/hips_bind/spine_0_bind/spine_1_bind/spine_2_bind/spine_3_bind/spine_4_bind/spine_5_bind/chest_bind/clavicle_l_bind/shoulder_l_bind/elbow_l_bind/wrist_l_bind/ring_001_l_bind/ring_002_l_bind final","cat":"step","ph":"X","ts":273535,"dur":1,"pid":1,"tid":3},
{"name":"ProviderMatrix /Biped/Rig/Joints/hips_bind/spine_0_bind/spine_1_bind/spine_2_bind/spine_3_bind/spine_4_bind/spine_5_bind/chest_bind/clavicle_l_bind/shoulder_l_bind/elbow_l_bind/wrist_l_bind/thumbCup_l_bind/thumb_001_l_bind/thumb_002_l_bind/thumb_003_l_bind final","cat":"step","ph":"X","ts":273537,"dur":1,"pid":1,"tid":3},
{"name":"ProviderMatrix /Biped/Rig/Joints/hips_bind/spine_0_bind/spine_1_bind/spine_2_bind/spine_3_bind/spine_4_bind/spine_5_bind/chest_bind/clavicle_r_bind final","cat":"step","ph":"X","ts":273901,"dur":1,"pid":1,"tid":0},
{"name":"ProviderMatrix /Biped/Rig/Joints/hips_bind/spine_0_bind/spine_1_bind/spine_2_bind/spine_3_bind/spine_4_bind/spine_5_bind/chest_bind/clavicle_r_bind/clavicle_trans_r_bind final","cat":"step","ph":"X","ts":273958,"dur":1,"pid":1,"tid":6},
{"name":"ProviderMatrix /Biped/Rig/Joints/hips_bind/spine_0_bind/spine_1_bind/spine_2_bind/spine_3_bind/spine_4_bind/spine_5_bind/chest_bind/clavicle_r_bind/clavicle_trans_r_bind/shoulder_r_driver/shoulder_r_twist_driver final","cat":"step","ph":"X","ts":273981,"dur":1,"pid":1,"tid":5},
{"name":"ProviderMatrix /Biped/Rig/Joints/hips_bind/spine_0_bind/spine_1_bind/spine_2_bind/spine_3_bind/spine_4_bind/spine_5_bind/chest_bind/clavicle_r_bind/shoulder_r_bind final","cat":"step","ph":"X","ts":273486,"dur":1,"pid":1,"tid":3},
{"name":"ProviderMatrix /Biped/Rig/Joints/hips_bind/spine_0_bind/spine_1_bind/spine_2_bind/spine_3_bind/spine_4_bind/spine_5_bind/chest_bind/clavicle_r_bind/shoulder_r_bind/elbow_r_bind/wristTwist_r_driver final","cat":"step","ph":"X","ts":273573,"dur":1,"pid":1,"tid":3},
{"name":"ProviderMatrix /Biped/Rig/Joints/hips_bind/spine_0_bind/spine_1_bind/spine_2_bind/spine_3_bind/spine_4_bind/spine_5_bind/chest_bind/clavicle_r_bind/shoulder_r_bind/elbow_r_bind/wrist_r_bind final","cat":"step","ph":"X","ts":273487,"dur":1,"pid":1,"tid":3},
{"name":"ProviderMatrix /Biped/Rig/Joints/hips_bind/spine_0_bind/spine_1_bind/spine_2_bind/spine_3_bind/spine_4_bind/spine_5_bind/chest_bind/clavicle_r_bind/shoulder_r_bind/elbow_r_bind/wrist_r_bind/index_001_r_bind/index_002_combo_r_driver final","cat":"step","ph":"X","ts":273549,"dur":1,"pid":1,"tid":3},
{"name":"ProviderMatrix /Biped/Rig/Joints/hips_bind/spine_0_bind/spine_1_bind/spine_2_bind/spine_3_bind/spine_4_bind/spine_5_bind/chest_bind/clavicle_r_bind/shoulder_r_bind/elbow_r_bind/wrist_r_bind/index_001_r_bind/index_002_r_bind/index_003_r_bind/index_004_r_bind/index_005_r_bind final","cat":"step","ph":"X","ts":273550,"dur":1,"pid":1,"tid":3},
{"name":"ProviderMatrix /Biped/Rig/Joints/hips_bind/spine_0_bind/spine_1_bind/spine_2_bind/spine_3_bind/spine_4_bind/spine_5_bind/chest_bind/clavicle_r_bind/shoulder_r_bind/elbow_r_bind/wrist_r_bind/middle_001_r_bind/middle_002_r_bind/middle_003_r_bind final","cat":"step","ph":"X","ts":273551,"dur":1,"pid":1,"tid":3},
{"name":"ProviderMatrix /Biped/Rig/Joints/hips_bind/spine_0_bind/spine_1_bind/spine_2_bind/spine_3_bind/spine_4_bind/spine_5_bind/chest_bind/clavicle_r_bind/shoulder_r_bind/elbow_r_bind/wrist_r_bind/pinkyCup_r_bind/pinky_001_r_bind/pinky_002_r_bind/pinky_003_r_bind final","cat":"step","ph":"X","ts":273574,"dur":1,"pid":1,"tid":3},
{"name":"ProviderMatrix /Biped/Rig/Joints/hips_bind/spine_0_bind/spine_1_bind/spine_2_bind/spine_3_bind/spine_4_bind/spine_5_bind/chest_bind/clavicle_r_bind/shoulder_r_bind/elbow_r_bind/wrist_r_bind/ring_001_r_bind/ring_002_combo_r_driver final","cat":"step","ph":"X","ts":273552,"dur":1,"pid":1,"tid":3},
{"name":"ProviderMatrix /Biped/Rig/Joints/hips_bind/spine_0_bind/spine_1_bind/spine_2_bind/spine_3_bind/spine_4_bind/spine_5_bind/chest_bind/clavicle_r_bind/shoulder_r_bind/elbow_r_bind/wrist_r_bind/ring_001_r_bind/ring_002_r_bind/ring_003_r_bind/ring_004_r_bind final","cat":"step","ph":"X","ts":273553,"dur":1,"pid":1,"tid":3},
{"name":"ProviderMatrix /Biped/Rig/Joints/hips_bind/spine_0_bind/spine_1_bind/spine_2_bind/spine_3_bind/spine_4_bind/spine_5_bind/chest_bind/clavicle_r_bind/shoulder_r_bind/elbow_r_bind/wrist_r_bind/thumbCup_r_bind/thumb_001_r_bind/thumb_002_r_bind final","cat":"step","ph":"X","ts":273554,"dur":1,"pid":1,"tid":3},
{"name":"ProviderMatrix /Biped/Rig/Joints/hips_bind/spine_0_bind/spine_1_bind/spine_2_bind/spine_3_bind/spine_4_bind/spine_5_bind/chest_bind/neck_base_bind/neck_0_bind/neck_1_bind/neck_2_bind/neck_3_bind/skull_bind final","cat":"step","ph":"X","ts":274928,"dur":1,"pid":1,"tid":5},
{"name":"ProviderMatrix /Biped/Rig/Joints/hips_bind/spine_0_bind/spine_1_bind/spine_2_bind/spine_3_bind/spine_4_bind/spine_5_bind/chest_bind/neck_base_bind/neck_0_bind/neck_1_bind/neck_2_bind/neck_3_bind/skull_bind/face_lower_bind/jaw_bind final","cat":"step","ph":"X","ts":274929,"dur":1,"pid":1,"tid":5},
{"name":"ProviderMatrix /Biped/Rig/Joints/hips_bind/spine_0_bind/spine_1_bind/spine_2_bind/spine_3_bind/spine_4_bind/spine_5_bind/chest_bind/neck_base_bind/neck_0_bind/neck_1_bind/neck_2_bind/neck_3_bind/skull_bind/face_lower_bind/jaw_bind/tongue_0_bind/tongue_1_bind/tongue_2_bind/tongue_3_bind/tongue_4_bind final","cat":"step","ph":"X","ts":274930,"dur":1,"pid":1,"tid":5},
{"name":"ProviderMatrix /Biped/Rig/Joints/hips_bind/spine_0_bind/spine_1_bind/spine_2_bind/spine_3_bind/spine_4_bind/spine_5_bind/chest_bind/neck_base_bind/neck_0_bind/neck_1_bind/neck_2_bind/neck_3_bind/skull_bind/face_upper_bind/head_tip_bind/brow_inner_l_bind final","cat":"step","ph":"X","ts":274931,"dur":1,"pid":1,"tid":5},
{"name":"ProviderMatrix /Biped/Rig/Joints/neck_ik_neck_0_bind/neck_ik_neck_1_bind/neck_ik_neck_2_bind final","cat":"step","ph":"X","ts":273583,"dur":1,"pid":1,"tid":3},
{"name":"ProviderMatrix /Biped/Rig/Joints/spine_ik_spine_0_bind final","cat":"step","ph":"X","ts":273433,"dur":1,"pid":1,"tid":0},
{"name":"ProviderMatrix /Biped/Rig/Joints/spine_ik_spine_0_bind/spine_ik_spine_1_bind/spine_ik_spine_2_bind/spine_ik_spine_3_bind final","cat":"step","ph":"X","ts":273434,"dur":1,"pid":1,"tid":0},
{"name":"PoseInterpolator /Biped/Rig/PoseInterpolators/ankleSwing_l_driver","cat":"step","ph":"X","ts":273723,"dur":3,"pid":1,"tid":22},
{"name":"PoseInterpolator /Biped/Rig/PoseInterpolators/ankleSwing_r_driver","cat":"step","ph":"X","ts":273740,"dur":3,"pid":1,"tid":28},
{"name":"PoseInterpolator /Biped/Rig/PoseInterpolators/elbow_l_driver","cat":"step","ph":"X","ts":273509,"dur":2,"pid":1,"tid":3},
{"name":"PoseInterpolator /Biped/Rig/PoseInterpolators/elbow_r_driver","cat":"step","ph":"X","ts":273538,"dur":2,"pid":1,"tid":3},
{"name":"PoseInterpolator /Biped/Rig/PoseInterpolators/index_002_l","cat":"step","ph":"X","ts":273488,"dur":4,"pid":1,"tid":3},
{"name":"PoseInterpolator /Biped/Rig/PoseInterpolators/index_002_r","cat":"step","ph":"X","ts":273511,"dur":2,"pid":1,"tid":3},
{"name":"PoseInterpolator /Biped/Rig/PoseInterpolators/knee_l_driver","cat":"step","ph":"X","ts":273662,"dur":2,"pid":1,"tid":23},
{"name":"PoseInterpolator /Biped/Rig/PoseInterpolators/knee_r_driver","cat":"step","ph":"X","ts":273679,"dur":2,"pid":1,"tid":27},
{"name":"PoseInterpolator /Biped/Rig/PoseInterpolators/middle_002_l","cat":"step","ph":"X","ts":273492,"dur":2,"pid":1,"tid":3},
{"name":"PoseInterpolator /Biped/Rig/PoseInterpolators/middle_002_r","cat":"step","ph":"X","ts":273513,"dur":2,"pid":1,"tid":3},
{"name":"PoseInterpolator /Biped/Rig/PoseInterpolators/neckTwist","cat":"step","ph":"X","ts":273925,"dur":3,"pid":1,"tid":31},
{"name":"PoseInterpolator /Biped/Rig/PoseInterpolators/neck","cat":"step","ph":"X","ts":273928,"dur":2,"pid":1,"tid":31},
{"name":"PoseInterpolator /Biped/Rig/PoseInterpolators/pinky_002_l","cat":"step","ph":"X","ts":273494,"dur":2,"pid":1,"tid":3},
{"name":"PoseInterpolator /Biped/Rig/PoseInterpolators/pinky_002_r","cat":"step","ph":"X","ts":273515,"dur":2,"pid":1,"tid":3},
{"name":"PoseInterpolator /Biped/Rig/PoseInterpolators/ring_002_l","cat":"step","ph":"X","ts":273496,"dur":2,"pid":1,"tid":3},
{"name":"PoseInterpolator /Biped/Rig/PoseInterpolators/ring_002_r","cat":"step","ph":"X","ts":273517,"dur":1,"pid":1,"tid":3},
{"name":"PoseInterpolator /Biped/Rig/PoseInterpolators/shoulder_l_driver","cat":"step","ph":"X","ts":273966,"dur":4,"pid":1,"tid":6},
{"name":"PoseInterpolator /Biped/Rig/PoseInterpolators/shoulder_l_twist_driver","cat":"step","ph":"X","ts":273982,"dur":2,"pid":1,"tid":5},
{"name":"PoseInterpolator /Biped/Rig/PoseInterpolators/shoulder_r_driver","cat":"step","ph":"X","ts":273970,"dur":3,"pid":1,"tid":6},
{"name":"PoseInterpolator /Biped/Rig/PoseInterpolators/shoulder_r_twist_driver","cat":"step","ph":"X","ts":273984,"dur":2,"pid":1,"tid":5},
{"name":"PoseInterpolator /Biped/Rig/PoseInterpolators/thigh_l_driver","cat":"step","ph":"X","ts":273761,"dur":3,"pid":1,"tid":14},
{"name":"PoseInterpolator /Biped/Rig/PoseInterpolators/thigh_r_driver","cat":"step","ph":"X","ts":273764,"dur":3,"pid":1,"tid":14},
{"name":"PoseInterpolator /Biped/Rig/PoseInterpolators/toe_l","cat":"step","ph":"X","ts":273682,"dur":1,"pid":1,"tid":27},
{"name":"PoseInterpolator /Biped/Rig/PoseInterpolators/toe_l_twist","cat":"step","ph":"X","ts":273683,"dur":1,"pid":1,"tid":27},
{"name":"PoseInterpolator /Biped/Rig/PoseInterpolators/toe_r","cat":"step","ph":"X","ts":273706,"dur":3,"pid":1,"tid":22},
{"name":"PoseInterpolator /Biped/Rig/PoseInterpolators/toe_r_twist","cat":"step","ph":"X","ts":273709,"dur":2,"pid":1,"tid":22},
{"name":"PoseInterpolator /Biped/Rig/PoseInterpolators/torso","cat":"step","ph":"X","ts":273256,"dur":3,"pid":1,"tid":0},
{"name":"PoseInterpolator /Biped/Rig/PoseInterpolators/wristSwing_l_driver","cat":"step","ph":"X","ts":273555,"dur":3,"pid":1,"tid":3},
{"name":"PoseInterpolator /Biped/Rig/PoseInterpolators/wristSwing_r_driver","cat":"step","ph":"X","ts":273575,"dur":2,"pid":1,"tid":3},
{"name":"RevisionStatic /Biped/Rig/Movers/shapes_body_geo/body_geo_shapes","cat":"step","ph":"X","ts":273990,"dur":518,"pid":1,"tid":5},
{"name":"RevisionChunk /Biped/Rig/Movers/shapes_body_geo/body_geo_shapes","cat":"step","ph":"X","ts":274514,"dur":386,"pid":1,"tid":5},
{"name":"RevisionFuse /Biped/Rig/Movers/shapes_body_geo/body_geo_shapes","cat":"step","ph":"X","ts":274905,"dur":17,"pid":1,"tid":5},
{"name":"InfluenceFold /Biped/Rig/Movers/skin_body_geo/body_geo_skin","cat":"step","ph":"X","ts":274932,"dur":26,"pid":1,"tid":5},
{"name":"RevisionChunk /Biped/Rig/Movers/skin_body_geo/body_geo_skin","cat":"step","ph":"X","ts":274959,"dur":2198,"pid":1,"tid":5},
{"name":"RevisionFuse /Biped/Rig/Movers/skin_body_geo/body_geo_skin","cat":"step","ph":"X","ts":277157,"dur":3,"pid":1,"tid":5},
{"name":"ChainStatus /Biped/Geom/body_geo.points","cat":"step","ph":"X","ts":277160,"dur":21,"pid":1,"tid":5},
{"name":"Derived /Biped/Geom/body_geo.extent","cat":"step","ph":"X","ts":277181,"dur":540,"pid":1,"tid":5},
{"name":"cluster 0","cat":"cluster","ph":"X","ts":273210,"dur":14,"pid":1,"tid":0,"args":{"level":"1","steps":"21","waitUs":"5"}},
{"name":"cluster 1","cat":"cluster","ph":"X","ts":273225,"dur":9,"pid":1,"tid":0,"args":{"level":"2","steps":"30","waitUs":"1"}},
{"name":"cluster 2","cat":"cluster","ph":"X","ts":273260,"dur":8,"pid":1,"tid":0,"args":{"level":"3","steps":"21","waitUs":"26"}},
{"name":"cluster 3","cat":"cluster","ph":"X","ts":273268,"dur":14,"pid":1,"tid":0,"args":{"level":"4","steps":"22","waitUs":"0"}},
{"name":"cluster 4","cat":"cluster","ph":"X","ts":273300,"dur":56,"pid":1,"tid":30,"args":{"level":"5","steps":"17","waitUs":"18"}},
{"name":"cluster 5","cat":"cluster","ph":"X","ts":273361,"dur":18,"pid":1,"tid":15,"args":{"level":"6","steps":"20","waitUs":"4"}},
{"name":"cluster 6","cat":"cluster","ph":"X","ts":273417,"dur":11,"pid":1,"tid":0,"args":{"level":"7","steps":"16","waitUs":"7"}},
{"name":"cluster 7","cat":"cluster","ph":"X","ts":273430,"dur":12,"pid":1,"tid":28,"args":{"level":"8","steps":"14","waitUs":"2"}},
{"name":"cluster 8","cat":"cluster","ph":"X","ts":273243,"dur":16,"pid":1,"tid":0,"args":{"level":"3","steps":"15","waitUs":"9"}},
{"name":"cluster 9","cat":"cluster","ph":"X","ts":273444,"dur":23,"pid":1,"tid":24,"args":{"level":"9","steps":"15","waitUs":"2"}},
{"name":"cluster 10","cat":"cluster","ph":"X","ts":273469,"dur":22,"pid":1,"tid":5,"args":{"level":"10","steps":"18","waitUs":"2"}},
{"name":"cluster 11","cat":"cluster","ph":"X","ts":273495,"dur":13,"pid":1,"tid":31,"args":{"level":"11","steps":"13","waitUs":"3"}},
{"name":"cluster 12","cat":"cluster","ph":"X","ts":273359,"dur":51,"pid":1,"tid":30,"args":{"level":"6","steps":"8","waitUs":"2"}},
{"name":"cluster 13","cat":"cluster","ph":"X","ts":273508,"dur":17,"pid":1,"tid":31,"args":{"level":"12","steps":"12","waitUs":"0"}},
{"name":"cluster 14","cat":"cluster","ph":"X","ts":273415,"dur":6,"pid":1,"tid":30,"args":{"level":"7","steps":"6","waitUs":"5"}},
{"name":"cluster 15","cat":"cluster","ph":"X","ts":273525,"dur":11,"pid":1,"tid":31,"args":{"level":"13","steps":"6","waitUs":"0"}},
{"name":"cluster 17","cat":"cluster","ph":"X","ts":273282,"dur":9,"pid":1,"tid":0,"args":{"level":"5","steps":"7","waitUs":"0"}},
{"name":"cluster 18","cat":"cluster","ph":"X","ts":273558,"dur":19,"pid":1,"tid":3,"args":{"level":"14","steps":"16","waitUs":"0"}},
{"name":"cluster 19","cat":"cluster","ph":"X","ts":273291,"dur":11,"pid":1,"tid":0,"args":{"level":"6","steps":"1","waitUs":"0"}},
{"name":"cluster 20","cat":"cluster","ph":"X","ts":273470,"dur":21,"pid":1,"tid":25,"args":{"level":"10","steps":"3","waitUs":"3"}},
{"name":"cluster 21","cat":"cluster","ph":"X","ts":273491,"dur":6,"pid":1,"tid":25,"args":{"level":"11","steps":"3","waitUs":"0"}},
{"name":"cluster 22","cat":"cluster","ph":"X","ts":273474,"dur":9,"pid":1,"tid":29,"args":{"level":"10","steps":"3","waitUs":"3"}},
{"name":"cluster 23","cat":"cluster","ph":"X","ts":273492,"dur":14,"pid":1,"tid":5,"args":{"level":"11","steps":"7","waitUs":"0"}},
{"name":"cluster 24","cat":"cluster","ph":"X","ts":273445,"dur":26,"pid":1,"tid":3,"args":{"level":"9","steps":"3","waitUs":"3"}},
{"name":"cluster 25","cat":"cluster","ph":"X","ts":273474,"dur":11,"pid":1,"tid":13,"args":{"level":"10","steps":"3","waitUs":"2"}},
{"name":"cluster 26","cat":"cluster","ph":"X","ts":273446,"dur":9,"pid":1,"tid":4,"args":{"level":"9","steps":"2","waitUs":"3"}},
{"name":"cluster 27","cat":"cluster","ph":"X","ts":273577,"dur":7,"pid":1,"tid":3,"args":{"level":"15","steps":"10","waitUs":"0"}},
{"name":"cluster 28","cat":"cluster","ph":"X","ts":273584,"dur":11,"pid":1,"tid":3,"args":{"level":"16","steps":"4","waitUs":"0"}},
{"name":"cluster 29","cat":"cluster","ph":"X","ts":273595,"dur":21,"pid":1,"tid":3,"args":{"level":"17","steps":"6","waitUs":"0"}},
{"name":"cluster 30","cat":"cluster","ph":"X","ts":273628,"dur":20,"pid":1,"tid":23,"args":{"level":"18","steps":"5","waitUs":"12"}},
{"name":"cluster 31","cat":"cluster","ph":"X","ts":273650,"dur":20,"pid":1,"tid":27,"args":{"level":"19","steps":"5","waitUs":"2"}},
{"name":"cluster 32","cat":"cluster","ph":"X","ts":273428,"dur":7,"pid":1,"tid":0,"args":{"level":"8","steps":"8","waitUs":"0"}},
{"name":"cluster 33","cat":"cluster","ph":"X","ts":273467,"dur":15,"pid":1,"tid":24,"args":{"level":"10","steps":"4","waitUs":"0"}},
{"name":"cluster 34","cat":"cluster","ph":"X","ts":273672,"dur":17,"pid":1,"tid":19,"args":{"level":"20","steps":"3","waitUs":"2"}},
{"name":"cluster 35","cat":"cluster","ph":"X","ts":273692,"dur":15,"pid":1,"tid":14,"args":{"level":"21","steps":"3","waitUs":"3"}},
{"name":"cluster 36","cat":"cluster","ph":"X","ts":273710,"dur":22,"pid":1,"tid":28,"args":{"level":"22","steps":"3","waitUs":"3"}},
{"name":"cluster 37","cat":"cluster","ph":"X","ts":273734,"dur":15,"pid":1,"tid":14,"args":{"level":"23","steps":"2","waitUs":"2"}},
{"name":"cluster 38","cat":"cluster","ph":"X","ts":273763,"dur":11,"pid":1,"tid":0,"args":{"level":"24","steps":"2","waitUs":"14"}},
{"name":"cluster 39","cat":"cluster","ph":"X","ts":273774,"dur":40,"pid":1,"tid":0,"args":{"level":"25","steps":"3","waitUs":"0"}},
{"name":"cluster 40","cat":"cluster","ph":"X","ts":273814,"dur":9,"pid":1,"tid":0,"args":{"level":"26","steps":"2","waitUs":"0"}},
{"name":"cluster 41","cat":"cluster","ph":"X","ts":273823,"dur":8,"pid":1,"tid":0,"args":{"level":"27","steps":"1","waitUs":"0"}},
{"name":"cluster 42","cat":"cluster","ph":"X","ts":273831,"dur":6,"pid":1,"tid":0,"args":{"level":"28","steps":"2","waitUs":"0"}},
{"name":"cluster 43","cat":"cluster","ph":"X","ts":273837,"dur":6,"pid":1,"tid":0,"args":{"level":"29","steps":"1","waitUs":"0"}},
{"name":"cluster 44","cat":"cluster","ph":"X","ts":273843,"dur":6,"pid":1,"tid":0,"args":{"level":"30","steps":"2","waitUs":"0"}},
{"name":"cluster 45","cat":"cluster","ph":"X","ts":273849,"dur":6,"pid":1,"tid":0,"args":{"level":"31","steps":"1","waitUs":"0"}},
{"name":"cluster 46","cat":"cluster","ph":"X","ts":273856,"dur":5,"pid":1,"tid":0,"args":{"level":"32","steps":"2","waitUs":"0"}},
{"name":"cluster 47","cat":"cluster","ph":"X","ts":273862,"dur":6,"pid":1,"tid":0,"args":{"level":"33","steps":"1","waitUs":"1"}},
{"name":"cluster 48","cat":"cluster","ph":"X","ts":273868,"dur":6,"pid":1,"tid":0,"args":{"level":"34","steps":"1","waitUs":"0"}},
{"name":"cluster 49","cat":"cluster","ph":"X","ts":273874,"dur":8,"pid":1,"tid":0,"args":{"level":"35","steps":"4","waitUs":"0"}},
{"name":"cluster 50","cat":"cluster","ph":"X","ts":273882,"dur":9,"pid":1,"tid":0,"args":{"level":"36","steps":"4","waitUs":"0"}},
{"name":"cluster 51","cat":"cluster","ph":"X","ts":273898,"dur":16,"pid":1,"tid":31,"args":{"level":"37","steps":"3","waitUs":"7"}},
{"name":"cluster 52","cat":"cluster","ph":"X","ts":273917,"dur":21,"pid":1,"tid":6,"args":{"level":"38","steps":"3","waitUs":"2"}},
{"name":"cluster 53","cat":"cluster","ph":"X","ts":273938,"dur":21,"pid":1,"tid":6,"args":{"level":"39","steps":"7","waitUs":"0"}},
{"name":"cluster 54","cat":"cluster","ph":"X","ts":273962,"dur":13,"pid":1,"tid":5,"args":{"level":"40","steps":"2","waitUs":"3"}},
{"name":"cluster 55","cat":"cluster","ph":"X","ts":273975,"dur":11,"pid":1,"tid":5,"args":{"level":"41","steps":"5","waitUs":"0"}},
{"name":"cluster 56","cat":"cluster","ph":"X","ts":273986,"dur":522,"pid":1,"tid":5,"args":{"level":"42","steps":"3","waitUs":"0"}},
{"name":"cluster 57","cat":"cluster","ph":"X","ts":274508,"dur":392,"pid":1,"tid":5,"args":{"level":"43","steps":"2","waitUs":"0"}},
{"name":"cluster 58","cat":"cluster","ph":"X","ts":274900,"dur":22,"pid":1,"tid":5,"args":{"level":"44","steps":"3","waitUs":"0"}},
{"name":"cluster 59","cat":"cluster","ph":"X","ts":274922,"dur":10,"pid":1,"tid":5,"args":{"level":"46","steps":"28","waitUs":"0"}},
{"name":"cluster 60","cat":"cluster","ph":"X","ts":273443,"dur":20,"pid":1,"tid":28,"args":{"level":"9","steps":"7","waitUs":"0"}},
{"name":"cluster 61","cat":"cluster","ph":"X","ts":273674,"dur":15,"pid":1,"tid":22,"args":{"level":"20","steps":"2","waitUs":"4"}},
{"name":"cluster 62","cat":"cluster","ph":"X","ts":273498,"dur":20,"pid":1,"tid":3,"args":{"level":"11","steps":"12","waitUs":"0"}},
{"name":"cluster 63","cat":"cluster","ph":"X","ts":273689,"dur":5,"pid":1,"tid":19,"args":{"level":"21","steps":"3","waitUs":"0"}},
{"name":"cluster 64","cat":"cluster","ph":"X","ts":273898,"dur":4,"pid":1,"tid":0,"args":{"level":"37","steps":"8","waitUs":"6"}},
{"name":"cluster 65","cat":"cluster","ph":"X","ts":273622,"dur":18,"pid":1,"tid":3,"args":{"level":"18","steps":"7","waitUs":"6"}},
{"name":"cluster 66","cat":"cluster","ph":"X","ts":273708,"dur":8,"pid":1,"tid":14,"args":{"level":"22","steps":"2","waitUs":"1"}},
{"name":"cluster 67","cat":"cluster","ph":"X","ts":273915,"dur":15,"pid":1,"tid":31,"args":{"level":"38","steps":"5","waitUs":"0"}},
{"name":"cluster 68","cat":"cluster","ph":"X","ts":273732,"dur":11,"pid":1,"tid":28,"args":{"level":"23","steps":"8","waitUs":"0"}},
{"name":"cluster 69","cat":"cluster","ph":"X","ts":273755,"dur":12,"pid":1,"tid":14,"args":{"level":"24","steps":"6","waitUs":"6"}},
{"name":"cluster 70","cat":"cluster","ph":"X","ts":273711,"dur":15,"pid":1,"tid":22,"args":{"level":"22","steps":"7","waitUs":"0"}},
{"name":"cluster 71","cat":"cluster","ph":"X","ts":273690,"dur":21,"pid":1,"tid":22,"args":{"level":"21","steps":"12","waitUs":"0"}},
{"name":"cluster 72","cat":"cluster","ph":"X","ts":273670,"dur":14,"pid":1,"tid":27,"args":{"level":"20","steps":"29","waitUs":"0"}},
{"name":"cluster 73","cat":"cluster","ph":"X","ts":273648,"dur":16,"pid":1,"tid":23,"args":{"level":"19","steps":"28","waitUs":"0"}},
{"name":"cluster 74","cat":"cluster","ph":"X","ts":273518,"dur":22,"pid":1,"tid":3,"args":{"level":"12","steps":"31","waitUs":"0"}},
{"name":"cluster 75","cat":"cluster","ph":"X","ts":273960,"dur":13,"pid":1,"tid":6,"args":{"level":"40","steps":"6","waitUs":"1"}},
{"name":"cluster 76","cat":"cluster","ph":"X","ts":273540,"dur":18,"pid":1,"tid":3,"args":{"level":"13","steps":"37","waitUs":"0"}},
{"name":"cluster 77","cat":"cluster","ph":"X","ts":273472,"dur":26,"pid":1,"tid":3,"args":{"level":"10","steps":"12","waitUs":"0"}},
{"name":"cluster 78","cat":"cluster","ph":"X","ts":274932,"dur":26,"pid":1,"tid":5,"args":{"level":"47","steps":"1","waitUs":"0"}},
{"name":"cluster 79","cat":"cluster","ph":"X","ts":274959,"dur":2198,"pid":1,"tid":5,"args":{"level":"48","steps":"1","waitUs":"1"}},
{"name":"cluster 80","cat":"cluster","ph":"X","ts":277157,"dur":3,"pid":1,"tid":5,"args":{"level":"49","steps":"1","waitUs":"0"}},
{"name":"cluster 81","cat":"cluster","ph":"X","ts":277160,"dur":561,"pid":1,"tid":5,"args":{"level":"51","steps":"2","waitUs":"0"}},
{"name":"BakedPublish","cat":"baked","ph":"X","ts":278142,"dur":75,"pid":1,"tid":0},
{"name":"BakedEpilogue","cat":"baked","ph":"X","ts":277733,"dur":528,"pid":1,"tid":0},
{"name":"Baked","cat":"baked","ph":"X","ts":272483,"dur":5780,"pid":1,"tid":0},
{"name":"Evaluate@5","cat":"evaluate","ph":"X","ts":272481,"dur":5783,"pid":1,"tid":0},
{"name":"PropertyChain /Biped/Rig/Movers/ballRoll_l_down_rc/ballRoll_l_down_rotation.inputs:defaultWeight","cat":"property","ph":"X","ts":278494,"dur":53,"pid":1,"tid":0},
{"name":"PropertyChain /Biped/Rig/Movers/ballRoll_l_up_rc/ballRoll_l_up_rotation.inputs:defaultWeight","cat":"property","ph":"X","ts":278548,"dur":13,"pid":1,"tid":0},
{"name":"PropertyChain /Biped/Rig/Movers/ballRoll_r_down_rc/ballRoll_r_down_rotation.inputs:defaultWeight","cat":"property","ph":"X","ts":278562,"dur":29,"pid":1,"tid":0},
{"name":"PropertyChain /Biped/Rig/Movers/ballRoll_r_up_rc/ballRoll_r_up_rotation.inputs:defaultWeight","cat":"property","ph":"X","ts":278592,"dur":16,"pid":1,"tid":0},
{"name":"PropertyChain /Biped/Rig/Movers/bankIn_l_pivot_rc/bankIn_l_pivot_rotation.inputs:defaultWeight","cat":"property","ph":"X","ts":278608,"dur":9,"pid":1,"tid":0},
{"name":"PropertyChain /Biped/Rig/Movers/bankIn_r_pivot_rc/bankIn_r_pivot_rotation.inputs:defaultWeight","cat":"property","ph":"X","ts":278618,"dur":9,"pid":1,"tid":0},
{"name":"PropertyChain /Biped/Rig/Movers/bankOut_l_pivot_rc/bankOut_l_pivot_rotation.inputs:defaultWeight","cat":"property","ph":"X","ts":278627,"dur":8,"pid":1,"tid":0},
{"name":"PropertyChain /Biped/Rig/Movers/bankOut_r_pivot_rc/bankOut_r_pivot_rotation.inputs:defaultWeight","cat":"property","ph":"X","ts":278636,"dur":8,"pid":1,"tid":0},
{"name":"PropertyChain /Biped/Rig/Movers/heel_l_roll_rc/heel_l_roll_rotation.inputs:defaultWeight","cat":"property","ph":"X","ts":278644,"dur":8,"pid":1,"tid":0},
{"name":"PropertyChain /Biped/Rig/Movers/heel_r_roll_rc/heel_r_roll_rotation.inputs:defaultWeight","cat":"property","ph":"X","ts":278652,"dur":9,"pid":1,"tid":0},
{"name":"PropertyChain /Biped/Rig/Movers/toe_l_roll_rc/toe_l_roll_rotation.inputs:defaultWeight","cat":"property","ph":"X","ts":278662,"dur":13,"pid":1,"tid":0},
{"name":"PropertyChain /Biped/Rig/Movers/toe_r_roll_rc/toe_r_roll_rotation.inputs:defaultWeight","cat":"property","ph":"X","ts":278675,"dur":15,"pid":1,"tid":0},
{"name":"PropertyChains","cat":"property","ph":"X","ts":278492,"dur":199,"pid":1,"tid":0},
{"name":"BakedInputs","cat":"baked","ph":"X","ts":278692,"dur":9,"pid":1,"tid":0},
{"name":"BakedChainBase","cat":"geometry","ph":"X","ts":279022,"dur":31,"pid":1,"tid":0},
{"name":"BakedPrologue","cat":"baked","ph":"X","ts":278488,"dur":565,"pid":1,"tid":0},
{"name":"BakedRegion","cat":"baked","ph":"X","ts":279053,"dur":4541,"pid":1,"tid":0},
{"name":"ComposeSubtree /Biped/Rig/Controls/arm_l_ik","cat":"step","ph":"X","ts":279112,"dur":2,"pid":1,"tid":0},
{"name":"ComposeSubtree /Biped/Rig/Controls/arm_l_pv","cat":"step","ph":"X","ts":279114,"dur":1,"pid":1,"tid":0},
{"name":"ComposeSubtree /Biped/Rig/Controls/hips_ctl","cat":"step","ph":"X","ts":279115,"dur":2,"pid":1,"tid":0},
{"name":"ComposeSubtree /Biped/Rig/Controls/hips_ctl/spine_root_pivot/spine_root_ctl","cat":"step","ph":"X","ts":279126,"dur":1,"pid":1,"tid":0},
{"name":"ComposeSubtree /Biped/Rig/Controls/hips_ctl/spine_root_pivot/spine_root_ctl/pelvis_l_ctl/leg_l_root","cat":"step","ph":"X","ts":279161,"dur":3,"pid":1,"tid":20},
{"name":"ComposeSubtree /Biped/Rig/Controls/hips_ctl/spine_root_pivot/spine_root_ctl/pelvis_l_ctl/leg_l_root/leg_l_fk_thigh_l_bind/leg_l_fk_knee_l_bind","cat":"step","ph":"X","ts":279177,"dur":1,"pid":1,"tid":20},
{"name":"ComposeSubtree /Biped/Rig/Controls/hips_ctl/spine_root_pivot/spine_root_ctl/pelvis_r_ctl","cat":"step","ph":"X","ts":279164,"dur":1,"pid":1,"tid":20},
{"name":"ComposeSubtree /Biped/Rig/Controls/hips_ctl/spine_root_pivot/spine_root_ctl/pelvis_r_ctl/leg_r_root/leg_r_fk_thigh_r_bind/leg_r_fk_knee_r_bind","cat":"step","ph":"X","ts":279205,"dur":2,"pid":1,"tid":16},
{"name":"ComposeSubtree /Biped/Rig/Controls/hips_ctl/torso_ctl","cat":"step","ph":"X","ts":279127,"dur":1,"pid":1,"tid":0},
{"name":"ComposeSubtree /Biped/Rig/Controls/hips_ctl/torso_ctl/spine_end_pivot/spine_end_ctl","cat":"step","ph":"X","ts":279165,"dur":1,"pid":1,"tid":20},
{"name":"ComposeSubtree /Biped/Rig/Controls/hips_ctl/torso_ctl/spine_end_pivot/spine_end_ctl/clavicle_l_ctl/arm_l_root/arm_l_fk_shoulder_l_bind/arm_l_fk_elbow_l_bind","cat":"step","ph":"X","ts":279207,"dur":1,"pid":1,"tid":16},
{"name":"ComposeSubtree /Biped/Rig/Controls/hips_ctl/torso_ctl/spine_end_pivot/spine_end_ctl/clavicle_r_ctl","cat":"step","ph":"X","ts":279178,"dur":1,"pid":1,"tid":20},
{"name":"ComposeSubtree /Biped/Rig/Controls/hips_ctl/torso_ctl/spine_end_pivot/spine_end_ctl/clavicle_r_ctl/arm_r_root/arm_r_fk_shoulder_r_bind/arm_r_fk_elbow_r_bind","cat":"step","ph":"X","ts":279224,"dur":1,"pid":1,"tid":28},
{"name":"ComposeSubtree /Biped/Rig/Controls/hips_ctl/torso_ctl/spine_end_pivot/spine_end_ctl/neck_root_ctl","cat":"step","ph":"X","ts":279179,"dur":1,"pid":1,"tid":20},
{"name":"ComposeSubtree /Biped/Rig/Controls/hips_ctl/torso_ctl/spine_end_pivot/spine_end_ctl/neck_root_ctl/neck_end_pivot","cat":"step","ph":"X","ts":279208,"dur":1,"pid":1,"tid":16},
{"name":"ComposeSubtree /Biped/Rig/Controls/index_001_l_bind_fk_follow","cat":"step","ph":"X","ts":279117,"dur":1,"pid":1,"tid":0},
{"name":"ComposeSubtree /Biped/Rig/Controls/index_001_l_bind_fk_follow/index_001_l_bind_fk/index_002_l_bind_fk/index_003_l_bind_fk","cat":"step","ph":"X","ts":279166,"dur":1,"pid":1,"tid":20},
{"name":"ComposeSubtree /Biped/Rig/Controls/leg_l_ik","cat":"step","ph":"X","ts":279118,"dur":1,"pid":1,"tid":0},
{"name":"ComposeSubtree /Biped/Rig/Controls/leg_l_ik/ankle_l_pivot/bankIn_l_pivot/bankOut_l_pivot/heel_l_roll","cat":"step","ph":"X","ts":279167,"dur":1,"pid":1,"tid":20},
{"name":"ComposeSubtree /Biped/Rig/Controls/leg_l_ik/ankle_l_pivot/bankIn_l_pivot/bankOut_l_pivot/heel_l_roll/heel_l/ball_l_pivot/toe_l_roll/toe_l","cat":"step","ph":"X","ts":279209,"dur":1,"pid":1,"tid":16},
{"name":"ComposeSubtree /Biped/Rig/Controls/leg_l_ik/ankle_l_pivot/bankIn_l_pivot/bankOut_l_pivot/heel_l_roll/heel_l/ball_l_pivot/toe_l_roll/toe_l/ballRoll_l_up/ballRoll_l_down","cat":"step","ph":"X","ts":279225,"dur":1,"pid":1,"tid":28},
{"name":"ComposeSubtree /Biped/Rig/Controls/leg_l_ik/ankle_l_pivot/bankIn_l_pivot/bankOut_l_pivot/heel_l_roll/heel_l/ball_l_pivot/toe_l_roll/toe_l/ballRoll_l_up/ballRoll_l_down_twin","cat":"step","ph":"X","ts":279226,"dur":1,"pid":1,"tid":28},
{"name":"ComposeSubtree /Biped/Rig/Controls/leg_l_ik/ankle_l_pivot/bankIn_l_pivot/bankOut_l_pivot/heel_l_roll/heel_l/ball_l_pivot/toe_l_roll/toe_l/toeBend_l","cat":"step","ph":"X","ts":279227,"dur":1,"pid":1,"tid":28},
{"name":"ComposeSubtree /Biped/Rig/Controls/leg_l_ik/ankle_l_pivot/bankIn_l_pivot/bankOut_l_pivot/heel_l_roll/heel_l/ball_l_pivot/toe_l_roll/toe_l/toeBend_l/toeBend_l_fk","cat":"step","ph":"X","ts":279248,"dur":1,"pid":1,"tid":28},
{"name":"ComposeSubtree /Biped/Rig/Controls/leg_l_ik/ankle_l_pivot/bankIn_l_pivot/bankOut_l_pivot/heel_l_roll/heel_l/ball_l_pivot/toe_l_roll_twin","cat":"step","ph":"X","ts":279210,"dur":2,"pid":1,"tid":16},
{"name":"ComposeSubtree /Biped/Rig/Controls/leg_l_ik/ankle_l_pivot/bankIn_l_pivot/bankOut_l_pivot_twin","cat":"step","ph":"X","ts":279168,"dur":1,"pid":1,"tid":20},
{"name":"ComposeSubtree /Biped/Rig/Controls/leg_l_ik/ankle_l_pivot/bank_l","cat":"step","ph":"X","ts":279128,"dur":1,"pid":1,"tid":0},
{"name":"ComposeSubtree /Biped/Rig/Controls/leg_l_pv","cat":"step","ph":"X","ts":279119,"dur":1,"pid":1,"tid":0},
{"name":"ComposeSubtree /Biped/Rig/Controls/leg_r_ik/ankle_r_pivot/bankIn_r_pivot/bankOut_r_pivot","cat":"step","ph":"X","ts":279169,"dur":1,"pid":1,"tid":20},
{"name":"ComposeSubtree /Biped/Rig/Controls/leg_r_ik/ankle_r_pivot/bankIn_r_pivot/bankOut_r_pivot/heel_r_roll/heel_r","cat":"step","ph":"X","ts":279180,"dur":1,"pid":1,"tid":20},
{"name":"ComposeSubtree /Biped/Rig/Controls/leg_r_ik/ankle_r_pivot/bankIn_r_pivot/bankOut_r_pivot/heel_r_roll/heel_r/ball_r_pivot/toe_r_roll/toe_r/ballRoll_r_up/ballRoll_r_down/ballRoll_r","cat":"step","ph":"X","ts":279249,"dur":1,"pid":1,"tid":28},
{"name":"ComposeSubtree /Biped/Rig/Controls/leg_r_ik/ankle_r_pivot/bankIn_r_pivot/bankOut_r_pivot/heel_r_roll/heel_r/ball_r_pivot/toe_r_roll/toe_r/ballRoll_r_up/ballRoll_r_down/ballRoll_r/ball_r_ikTarget","cat":"step","ph":"X","ts":279258,"dur":1,"pid":1,"tid":16},
{"name":"ComposeSubtree /Biped/Rig/Controls/leg_r_ik/ankle_r_pivot/bankIn_r_pivot/bankOut_r_pivot/heel_r_roll/heel_r/ball_r_pivot/toe_r_roll/toe_r/ballRoll_r_up_twin","cat":"step","ph":"X","ts":279228,"dur":1,"pid":1,"tid":28},
{"name":"ComposeSubtree /Biped/Rig/Controls/leg_r_ik/ankle_r_pivot/bankIn_r_pivot/bankOut_r_pivot/heel_r_roll/heel_r/ball_r_pivot/toe_r_roll_twin","cat":"step","ph":"X","ts":279212,"dur":1,"pid":1,"tid":16},
{"name":"ComposeSubtree /Biped/Rig/Controls/leg_r_ik/ankle_r_pivot/bank_r","cat":"step","ph":"X","ts":279170,"dur":1,"pid":1,"tid":20},
{"name":"ComposeSubtree /Biped/Rig/Controls/middle_001_l_bind_fk_follow/middle_001_l_bind_fk","cat":"step","ph":"X","ts":279129,"dur":1,"pid":1,"tid":0},
{"name":"ComposeSubtree /Biped/Rig/Controls/middle_001_l_bind_fk_follow/middle_001_l_bind_fk/middle_002_l_bind_fk/middle_003_l_bind_fk","cat":"step","ph":"X","ts":279171,"dur":1,"pid":1,"tid":20},
{"name":"ComposeSubtree /Biped/Rig/Controls/middle_001_r_bind_fk_follow","cat":"step","ph":"X","ts":279120,"dur":1,"pid":1,"tid":0},
{"name":"ComposeSubtree /Biped/Rig/Controls/pinkyCup_l_bind_fk_follow/pinkyCup_l_bind_fk/pinky_001_l_bind_fk/pinky_002_l_bind_fk/pinky_003_l_bind_fk","cat":"step","ph":"X","ts":279172,"dur":1,"pid":1,"tid":20},
{"name":"ComposeSubtree /Biped/Rig/Controls/pinkyCup_r_bind_fk_follow","cat":"step","ph":"X","ts":279121,"dur":1,"pid":1,"tid":0},
{"name":"ComposeSubtree /Biped/Rig/Controls/pinkyCup_r_bind_fk_follow/pinkyCup_r_bind_fk/pinky_001_r_bind_fk","cat":"step","ph":"X","ts":279130,"dur":1,"pid":1,"tid":0},
{"name":"ComposeSubtree /Biped/Rig/Controls/ring_001_l_bind_fk_follow/ring_001_l_bind_fk/ring_002_l_bind_fk/ring_003_l_bind_fk","cat":"step","ph":"X","ts":279173,"dur":1,"pid":1,"tid":20},
{"name":"ComposeSubtree /Biped/Rig/Controls/ring_001_r_bind_fk_follow","cat":"step","ph":"X","ts":279122,"dur":1,"pid":1,"tid":0},
{"name":"ComposeSubtree /Biped/Rig/Controls/thumbCup_l_bind_fk_follow","cat":"step","ph":"X","ts":279123,"dur":1,"pid":1,"tid":0},
{"name":"ComposeSubtree /Biped/Rig/Controls/thumbCup_l_bind_fk_follow/thumbCup_l_bind_fk/thumb_001_l_bind_fk/thumb_002_l_bind_fk","cat":"step","ph":"X","ts":279174,"dur":1,"pid":1,"tid":20},
{"name":"ComposeSubtree /Biped/Rig/Controls/thumbCup_r_bind_fk_follow/thumbCup_r_bind_fk/thumb_001_r_bind_fk","cat":"step","ph":"X","ts":279131,"dur":1,"pid":1,"tid":0},
{"name":"ComposeSubtree /Biped/Rig/Joints/ankle_l_pivot","cat":"step","ph":"X","ts":279124,"dur":1,"pid":1,"tid":0},
{"name":"ComposeSubtree /Biped/Rig/Joints/ankle_l_pivot/bankIn_l_pivot/bankOut_l_pivot/heel_l_pivot/ball_l_pivot","cat":"step","ph":"X","ts":279175,"dur":1,"pid":1,"tid":20},
{"name":"ComposeSubtree /Biped/Rig/Joints/hips_bind","cat":"step","ph":"X","ts":279125,"dur":1,"pid":1,"tid":0},
{"name":"ComposeSubtree /Biped/Rig/Joints/hips_bind/pelvis_l_bind/pelvis_trans_combo_l_driver","cat":"step","ph":"X","ts":279132,"dur":1,"pid":1,"tid":0},
{"name":"ComposeSubtree /Biped/Rig/Joints/hips_bind/pelvis_l_bind/pelvis_trans_l_bind/thigh_l_driver","cat":"step","ph":"X","ts":279176,"dur":1,"pid":1,"tid":20},
{"name":"ComposeSubtree /Biped/Rig/Joints/hips_bind/pelvis_l_bind/thigh_l_bind","cat":"step","ph":"X","ts":279133,"dur":1,"pid":1,"tid":0},
{"name":"ComposeSubtree /Biped/Rig/Joints/hips_bind/pelvis_l_bind/thigh_l_bind/knee_l_bind/ankleTwist_l_driver","cat":"step","ph":"X","ts":279148,"dur":1,"pid":1,"tid":0},
{"name":"ComposeSubtree /Biped/Rig/Joints/hips_bind/pelvis_l_bind/thigh_l_bind/knee_l_bind/ankle_l_bind/ball_l_bind/toe1_001_l_bind/toe1_002_l_bind","cat":"step","ph":"X","ts":279213,"dur":1,"pid":1,"tid":16},
{"name":"ComposeSubtree /Biped/Rig/Joints/hips_bind/pelvis_l_bind/thigh_l_bind/knee_l_bind/ankle_l_bind/ball_l_bind/toe1_001_l_bind/toe1_002_l_bind/toe1_003_l_bind","cat":"step","ph":"X","ts":279229,"dur":1,"pid":1,"tid":28},
{"name":"ComposeSubtree /Biped/Rig/Joints/hips_bind/pelvis_l_bind/thigh_l_bind/knee_l_bind/ankle_l_bind/ball_l_bind/toe2_001_l_bind","cat":"step","ph":"X","ts":279214,"dur":1,"pid":1,"tid":16},
{"name":"ComposeSubtree /Biped/Rig/Joints/hips_bind/pelvis_l_bind/thigh_l_bind/knee_l_bind/ankle_l_bind/ball_l_bind/toe2_001_l_bind/toe2_002_l_bind/toe2_003_l_bind","cat":"step","ph":"X","ts":279230,"dur":1,"pid":1,"tid":28},
{"name":"ComposeSubtree /Biped/Rig/Joints/hips_bind/pelvis_l_bind/thigh_l_bind/knee_l_bind/ankle_l_bind/ball_l_bind/toe4_001_l_bind","cat":"step","ph":"X","ts":279215,"dur":1,"pid":1,"tid":16},
{"name":"ComposeSubtree /Biped/Rig/Joints/hips_bind/pelvis_l_bind/thigh_l_bind/knee_l_bind/ankle_l_bind/ball_l_bind/toe4_001_l_bind/toe4_002_l_bind/toe4_003_l_bind","cat":"step","ph":"X","ts":279231,"dur":1,"pid":1,"tid":28},
{"name":"ComposeSubtree /Biped/Rig/Joints/hips_bind/pelvis_l_bind/thigh_l_bind/knee_l_bind/ankle_l_bind/ball_l_bind/toe5_001_l_bind/toe5_002_l_bind/toe5_003_l_bind","cat":"step","ph":"X","ts":279232,"dur":1,"pid":1,"tid":28},
{"name":"ComposeSubtree /Biped/Rig/Joints/hips_bind/pelvis_r_bind","cat":"step","ph":"X","ts":279134,"dur":1,"pid":1,"tid":0},
{"name":"ComposeSubtree /Biped/Rig/Joints/hips_bind/pelvis_r_bind/pelvis_trans_r_bind/thigh_r_driver","cat":"step","ph":"X","ts":279182,"dur":1,"pid":1,"tid":20},
{"name":"ComposeSubtree /Biped/Rig/Joints/hips_bind/pelvis_r_bind/thighNoTwist_r_bind","cat":"step","ph":"X","ts":279149,"dur":1,"pid":1,"tid":0},
{"name":"ComposeSubtree /Biped/Rig/Joints/hips_bind/pelvis_r_bind/thigh_r_bind/knee_r_bind/ankleTwist_r_bind","cat":"step","ph":"X","ts":279183,"dur":1,"pid":1,"tid":20},
{"name":"ComposeSubtree /Biped/Rig/Joints/hips_bind/pelvis_r_bind/thigh_r_bind/knee_r_bind/ankle_r_bind/ball_r_bind","cat":"step","ph":"X","ts":279217,"dur":1,"pid":1,"tid":16},
{"name":"ComposeSubtree /Biped/Rig/Joints/hips_bind/pelvis_r_bind/thigh_r_bind/knee_r_bind/ankle_r_bind/ball_r_bind/toe1_001_r_bind/toe1_002_r_bind/toe1_003_r_bind","cat":"step","ph":"X","ts":279250,"dur":1,"pid":1,"tid":28},
{"name":"ComposeSubtree /Biped/Rig/Joints/hips_bind/pelvis_r_bind/thigh_r_bind/knee_r_bind/ankle_r_bind/ball_r_bind/toe2_001_r_bind","cat":"step","ph":"X","ts":279233,"dur":1,"pid":1,"tid":28},
{"name":"ComposeSubtree /Biped/Rig/Joints/hips_bind/pelvis_r_bind/thigh_r_bind/knee_r_bind/ankle_r_bind/ball_r_bind/toe3_001_r_bind/toe3_002_r_bind/toe3_003_r_bind","cat":"step","ph":"X","ts":279251,"dur":1,"pid":1,"tid":28},
{"name":"ComposeSubtree /Biped/Rig/Joints/hips_bind/pelvis_r_bind/thigh_r_bind/knee_r_bind/ankle_r_bind/ball_r_bind/toe4_001_r_bind","cat":"step","ph":"X","ts":279234,"dur":1,"pid":1,"tid":28},
{"name":"ComposeSubtree /Biped/Rig/Joints/hips_bind/pelvis_r_bind/thigh_r_bind/knee_r_bind/ankle_r_bind/ball_r_bind/toe5_001_r_bind","cat":"step","ph":"X","ts":279235,"dur":1,"pid":1,"tid":28},
{"name":"ComposeSubtree /Biped/Rig/Joints/hips_bind/pelvis_r_bind/thigh_r_bind/knee_r_bind/ankle_r_bind/ball_r_bind/toe5_001_r_bind/toe5_002_r_bind/toe5_003_r_bind","cat":"step","ph":"X","ts":279252,"dur":1,"pid":1,"tid":28},
{"name":"ComposeSubtree /Biped/Rig/Joints/hips_bind/pelvis_r_bind/thigh_r_bind/knee_r_bind/ankle_r_bind/ball_r_bind/toe_r_bind","cat":"step","ph":"X","ts":279236,"dur":1,"pid":1,"tid":28},
{"name":"ComposeSubtree /Biped/Rig/Joints/hips_bind/pelvis_r_bind/thigh_r_bind/knee_r_bind/kneeTwist_r_bind","cat":"step","ph":"X","ts":279184,"dur":1,"pid":1,"tid":20},
{"name":"ComposeSubtree /Biped/Rig/Joints/hips_bind/spine_0_bind/spine_1_bind/spine_2_bind","cat":"step","ph":"X","ts":279150,"dur":1,"pid":1,"tid":0},
{"name":"ComposeSubtree /Biped/Rig/Joints/hips_bind/spine_0_bind/spine_1_bind/spine_2_bind/spine_3_bind/spine_4_bind","cat":"step","ph":"X","ts":279185,"dur":1,"pid":1,"tid":20},
{"name":"ComposeSubtree /Biped/Rig/Joints/hips_bind/spine_0_bind/spine_1_bind/spine_2_bind/spine_3_bind/spine_4_bind/spine_5_bind/chest_bind","cat":"step","ph":"X","ts":279218,"dur":1,"pid":1,"tid":16},
{"name":"ComposeSubtree /Biped/Rig/Joints/hips_bind/spine_0_bind/spine_1_bind/spine_2_bind/spine_3_bind/spine_4_bind/spine_5_bind/chest_bind/clavicle_l_bind/clavicle_trans_l_bind/shoulder_l_driver","cat":"step","ph":"X","ts":279253,"dur":1,"pid":1,"tid":28},
{"name":"ComposeSubtree /Biped/Rig/Joints/hips_bind/spine_0_bind/spine_1_bind/spine_2_bind/spine_3_bind/spine_4_bind/spine_5_bind/chest_bind/clavicle_l_bind/shoulderNoTwist_l_bind","cat":"step","ph":"X","ts":279237,"dur":1,"pid":1,"tid":28},
{"name":"ComposeSubtree /Biped/Rig/Joints/hips_bind/spine_0_bind/spine_1_bind/spine_2_bind/spine_3_bind/spine_4_bind/spine_5_bind/chest_bind/clavicle_l_bind/shoulder_l_bind/elbow_l_bind/wristTwist_l_bind","cat":"step","ph":"X","ts":279254,"dur":1,"pid":1,"tid":28},
{"name":"ComposeSubtree /Biped/Rig/Joints/hips_bind/spine_0_bind/spine_1_bind/spine_2_bind/spine_3_bind/spine_4_bind/spine_5_bind/chest_bind/clavicle_l_bind/shoulder_l_bind/elbow_l_bind/wrist_l_bind/index_001_l_bind","cat":"step","ph":"X","ts":279259,"dur":1,"pid":1,"tid":16},
{"name":"ComposeSubtree /Biped/Rig/Joints/hips_bind/spine_0_bind/spine_1_bind/spine_2_bind/spine_3_bind/spine_4_bind/spine_5_bind/chest_bind/clavicle_l_bind/shoulder_l_bind/elbow_l_bind/wrist_l_bind/index_001_l_bind/index_002_l_bind","cat":"step","ph":"X","ts":279274,"dur":1,"pid":1,"tid":9},
{"name":"ComposeSubtree /Biped/Rig/Joints/hips_bind/spine_0_bind/spine_1_bind/spine_2_bind/spine_3_bind/spine_4_bind/spine_5_bind/chest_bind/clavicle_l_bind/shoulder_l_bind/elbow_l_bind/wrist_l_bind/index_001_l_bind/index_002_l_bind/index_003_l_bind/index_004_l_bind","cat":"step","ph":"X","ts":279300,"dur":2,"pid":1,"tid":22},
{"name":"ComposeSubtree /Biped/Rig/Joints/hips_bind/spine_0_bind/spine_1_bind/spine_2_bind/spine_3_bind/spine_4_bind/spine_5_bind/chest_bind/clavicle_l_bind/shoulder_l_bind/elbow_l_bind/wrist_l_bind/middle_001_l_bind","cat":"step","ph":"X","ts":279260,"dur":1,"pid":1,"tid":16},
{"name":"ComposeSubtree /Biped/Rig/Joints/hips_bind/spine_0_bind/spine_1_bind/spine_2_bind/spine_3_bind/spine_4_bind/spine_5_bind/chest_bind/clavicle_l_bind/shoulder_l_bind/elbow_l_bind/wrist_l_bind/middle_001_l_bind/middle_002_l_bind","cat":"step","ph":"X","ts":279275,"dur":1,"pid":1,"tid":9},
{"name":"ComposeSubtree /Biped/Rig/Joints/hips_bind/spine_0_bind/spine_1_bind/spine_2_bind/spine_3_bind/spine_4_bind/spine_5_bind/chest_bind/clavicle_l_bind/shoulder_l_bind/elbow_l_bind/wrist_l_bind/pinkyCup_l_bind","cat":"step","ph":"X","ts":279261,"dur":1,"pid":1,"tid":16},
{"name":"ComposeSubtree /Biped/Rig/Joints/hips_bind/spine_0_bind/spine_1_bind/spine_2_bind/spine_3_bind/spine_4_bind/spine_5_bind/chest_bind/clavicle_l_bind/shoulder_l_bind/elbow_l_bind/wrist_l_bind/pinkyCup_l_bind/pinky_001_l_bind/pinky_002_combo_l_driver","cat":"step","ph":"X","ts":279276,"dur":1,"pid":1,"tid":9},
{"name":"ComposeSubtree /Biped/Rig/Joints/hips_bind/spine_0_bind/spine_1_bind/spine_2_bind/spine_3_bind/spine_4_bind/spine_5_bind/chest_bind/clavicle_l_bind/shoulder_l_bind/elbow_l_bind/wrist_l_bind/pinkyCup_l_bind/pinky_001_l_bind/pinky_002_l_bind/pinky_003_l_bind","cat":"step","ph":"X","ts":279303,"dur":1,"pid":1,"tid":22},
{"name":"ComposeSubtree /Biped/Rig/Joints/hips_bind/spine_0_bind/spine_1_bind/spine_2_bind/spine_3_bind/spine_4_bind/spine_5_bind/chest_bind/clavicle_l_bind/shoulder_l_bind/elbow_l_bind/wrist_l_bind/pinkyCup_l_bind/pinky_001_l_bind/pinky_002_l_bind/pinky_003_l_bind/pinky_004_l_bind","cat":"step","ph":"X","ts":279340,"dur":1,"pid":1,"tid":15},
{"name":"ComposeSubtree /Biped/Rig/Joints/hips_bind/spine_0_bind/spine_1_bind/spine_2_bind/spine_3_bind/spine_4_bind/spine_5_bind/chest_bind/clavicle_l_bind/shoulder_l_bind/elbow_l_bind/wrist_l_bind/ring_001_l_bind","cat":"step","ph":"X","ts":279262,"dur":1,"pid":1,"tid":16},
{"name":"ComposeSubtree /Biped/Rig/Joints/hips_bind/spine_0_bind/spine_1_bind/spine_2_bind/spine_3_bind/spine_4_bind/spine_5_bind/chest_bind/clavicle_l_bind/shoulder_l_bind/elbow_l_bind/wrist_l_bind/thumbCup_l_bind","cat":"step","ph":"X","ts":279263,"dur":1,"pid":1,"tid":16},
{"name":"ComposeSubtree /Biped/Rig/Joints/hips_bind/spine_0_bind/spine_1_bind/spine_2_bind/spine_3_bind/spine_4_bind/spine_5_bind/chest_bind/clavicle_l_bind/shoulder_l_bind/elbow_l_bind/wrist_l_bind/thumbCup_l_bind/thumb_001_l_bind/thumb_002_l_bind/thumb_003_l_bind","cat":"step","ph":"X","ts":279304,"dur":1,"pid":1,"tid":22},
{"name":"ComposeSubtree /Biped/Rig/Joints/hips_bind/spine_0_bind/spine_1_bind/spine_2_bind/spine_3_bind/spine_4_bind/spine_5_bind/chest_bind/clavicle_r_bind","cat":"step","ph":"X","ts":279222,"dur":1,"pid":1,"tid":16},
{"name":"ComposeSubtree /Biped/Rig/Joints/hips_bind/spine_0_bind/spine_1_bind/spine_2_bind/spine_3_bind/spine_4_bind/spine_5_bind/chest_bind/clavicle_r_bind/clavicle_trans_r_bind","cat":"step","ph":"X","ts":279255,"dur":1,"pid":1,"tid":28},
{"name":"ComposeSubtree /Biped/Rig/Joints/hips_bind/spine_0_bind/spine_1_bind/spine_2_bind/spine_3_bind/spine_4_bind/spine_5_bind/chest_bind/clavicle_r_bind/shoulderNoTwist_r_bind","cat":"step","ph":"X","ts":279256,"dur":1,"pid":1,"tid":28},
{"name":"ComposeSubtree /Biped/Rig/Joints/hips_bind/spine_0_bind/spine_1_bind/spine_2_bind/spine_3_bind/spine_4_bind/spine_5_bind/chest_bind/clavicle_r_bind/shoulder_r_bind/elbow_r_bind/elbowTwist_r_bind","cat":"step","ph":"X","ts":279264,"dur":1,"pid":1,"tid":16},
{"name":"ComposeSubtree /Biped/Rig/Joints/hips_bind/spine_0_bind/spine_1_bind/spine_2_bind/spine_3_bind/spine_4_bind/spine_5_bind/chest_bind/clavicle_r_bind/shoulder_r_bind/elbow_r_bind/wristTwist_r_bind","cat":"step","ph":"X","ts":279265,"dur":1,"pid":1,"tid":16},
{"name":"ComposeSubtree /Biped/Rig/Joints/hips_bind/spine_0_bind/spine_1_bind/spine_2_bind/spine_3_bind/spine_4_bind/spine_5_bind/chest_bind/clavicle_r_bind/shoulder_r_bind/elbow_r_bind/wrist_r_bind/index_001_r_bind","cat":"step","ph":"X","ts":279277,"dur":1,"pid":1,"tid":9},
{"name":"ComposeSubtree /Biped/Rig/Joints/hips_bind/spine_0_bind/spine_1_bind/spine_2_bind/spine_3_bind/spine_4_bind/spine_5_bind/chest_bind/clavicle_r_bind/shoulder_r_bind/elbow_r_bind/wrist_r_bind/index_001_r_bind/index_002_r_bind","cat":"step","ph":"X","ts":279305,"dur":1,"pid":1,"tid":22},
{"name":"ComposeSubtree /Biped/Rig/Joints/hips_bind/spine_0_bind/spine_1_bind/spine_2_bind/spine_3_bind/spine_4_bind/spine_5_bind/chest_bind/clavicle_r_bind/shoulder_r_bind/elbow_r_bind/wrist_r_bind/middle_001_r_bind","cat":"step","ph":"X","ts":279278,"dur":1,"pid":1,"tid":9},
{"name":"ComposeSubtree /Biped/Rig/Joints/hips_bind/spine_0_bind/spine_1_bind/spine_2_bind/spine_3_bind/spine_4_bind/spine_5_bind/chest_bind/clavicle_r_bind/shoulder_r_bind/elbow_r_bind/wrist_r_bind/middle_001_r_bind/middle_002_r_bind/middle_003_r_bind/middle_004_r_bind","cat":"step","ph":"X","ts":279342,"dur":1,"pid":1,"tid":15},
{"name":"ComposeSubtree /Biped/Rig/Joints/hips_bind/spine_0_bind/spine_1_bind/spine_2_bind/spine_3_bind/spine_4_bind/spine_5_bind/chest_bind/clavicle_r_bind/shoulder_r_bind/elbow_r_bind/wrist_r_bind/pinkyCup_r_bind/pinky_001_r_bind/pinky_002_combo_r_driver","cat":"step","ph":"X","ts":279306,"dur":1,"pid":1,"tid":22},
{"name":"ComposeSubtree /Biped/Rig/Joints/hips_bind/spine_0_bind/spine_1_bind/spine_2_bind/spine_3_bind/spine_4_bind/spine_5_bind/chest_bind/clavicle_r_bind/shoulder_r_bind/elbow_r_bind/wrist_r_bind/pinkyCup_r_bind/pinky_001_r_bind/pinky_002_r_bind/pinky_003_r_bind","cat":"step","ph":"X","ts":279343,"dur":1,"pid":1,"tid":15},
{"name":"ComposeSubtree /Biped/Rig/Joints/hips_bind/spine_0_bind/spine_1_bind/spine_2_bind/spine_3_bind/spine_4_bind/spine_5_bind/chest_bind/clavicle_r_bind/shoulder_r_bind/elbow_r_bind/wrist_r_bind/pinkyCup_r_bind/pinky_001_r_bind/pinky_002_r_bind/pinky_003_r_bind/pinky_004_r_bind","cat":"step","ph":"X","ts":279364,"dur":2,"pid":1,"tid":0},
{"name":"ComposeSubtree /Biped/Rig/Joints/hips_bind/spine_0_bind/spine_1_bind/spine_2_bind/spine_3_bind/spine_4_bind/spine_5_bind/chest_bind/clavicle_r_bind/shoulder_r_bind/elbow_r_bind/wrist_r_bind/ring_001_r_bind","cat":"step","ph":"X","ts":279279,"dur":1,"pid":1,"tid":9},
{"name":"ComposeSubtree /Biped/Rig/Joints/hips_bind/spine_0_bind/spine_1_bind/spine_2_bind/spine_3_bind/spine_4_bind/spine_5_bind/chest_bind/clavicle_r_bind/shoulder_r_bind/elbow_r_bind/wrist_r_bind/ring_001_r_bind/ring_002_r_bind","cat":"step","ph":"X","ts":279307,"dur":1,"pid":1,"tid":22},
{"name":"ComposeSubtree /Biped/Rig/Joints/hips_bind/spine_0_bind/spine_1_bind/spine_2_bind/spine_3_bind/spine_4_bind/spine_5_bind/chest_bind/clavicle_r_bind/shoulder_r_bind/elbow_r_bind/wrist_r_bind/thumbCup_r_bind/thumb_001_r_bind/thumb_002_r_bind/thumb_003_r_bind","cat":"step","ph":"X","ts":279344,"dur":1,"pid":1,"tid":15},
{"name":"ComposeSubtree /Biped/Rig/Joints/hips_bind/spine_0_bind/spine_1_bind/spine_2_bind/spine_3_bind/spine_4_bind/spine_5_bind/chest_bind/neck_base_bind","cat":"step","ph":"X","ts":279223,"dur":1,"pid":1,"tid":16},
{"name":"ComposeSubtree /Biped/Rig/Joints/hips_bind/spine_0_bind/spine_1_bind/spine_2_bind/spine_3_bind/spine_4_bind/spine_5_bind/chest_bind/neck_base_bind/neck_0_bind/neck_1_bind/neck_2_bind/neck_3_bind","cat":"step","ph":"X","ts":279266,"dur":1,"pid":1,"tid":16},
{"name":"ComposeSubtree /Biped/Rig/Joints/hips_bind/spine_0_bind/spine_1_bind/spine_2_bind/spine_3_bind/spine_4_bind/spine_5_bind/chest_bind/neck_base_bind/neck_0_bind/neck_1_bind/neck_2_bind/neck_3_bind/skull_bind/face_lower_bind","cat":"step","ph":"X","ts":279280,"dur":1,"pid":1,"tid":9},
{"name":"ComposeSubtree /Biped/Rig/Joints/hips_bind/spine_0_bind/spine_1_bind/spine_2_bind/spine_3_bind/spine_4_bind/spine_5_bind/chest_bind/neck_base_bind/neck_0_bind/neck_1_bind/neck_2_bind/neck_3_bind/skull_bind/face_lower_bind/face_mid_bind/jaw_compression_driver","cat":"step","ph":"X","ts":279308,"dur":1,"pid":1,"tid":22},
{"name":"ComposeSubtree /Biped/Rig/Joints/hips_bind/spine_0_bind/spine_1_bind/spine_2_bind/spine_3_bind/spine_4_bind/spine_5_bind/chest_bind/neck_base_bind/neck_0_bind/neck_1_bind/neck_2_bind/neck_3_bind/skull_bind/face_lower_bind/face_mid_bind/teeth_upper_bind","cat":"step","ph":"X","ts":279309,"dur":1,"pid":1,"tid":22},
{"name":"ComposeSubtree /Biped/Rig/Joints/hips_bind/spine_0_bind/spine_1_bind/spine_2_bind/spine_3_bind/spine_4_bind/spine_5_bind/chest_bind/neck_base_bind/neck_0_bind/neck_1_bind/neck_2_bind/neck_3_bind/skull_bind/face_lower_bind/jaw_bind/jaw_end","cat":"step","ph":"X","ts":279345,"dur":1,"pid":1,"tid":15},
{"name":"ComposeSubtree /Biped/Rig/Joints/hips_bind/spine_0_bind/spine_1_bind/spine_2_bind/spine_3_bind/spine_4_bind/spine_5_bind/chest_bind/neck_base_bind/neck_0_bind/neck_1_bind/neck_2_bind/neck_3_bind/skull_bind/face_lower_bind/jaw_bind/tongue_0_bind/tongue_1_bind/tongue_2_bind/tongue_3_bind","cat":"step","ph":"X","ts":279401,"dur":5,"pid":1,"tid":0},
{"name":"ComposeSubtree /Biped/Rig/Joints/hips_bind/spine_0_bind/spine_1_bind/spine_2_bind/spine_3_bind/spine_4_bind/spine_5_bind/chest_bind/neck_base_bind/neck_0_bind/neck_1_bind/neck_2_bind/neck_3_bind/skull_bind/face_upper_bind","cat":"step","ph":"X","ts":279281,"dur":1,"pid":1,"tid":9},
{"name":"ComposeSubtree /Biped/Rig/Joints/hips_bind/spine_0_bind/spine_1_bind/spine_2_bind/spine_3_bind/spine_4_bind/spine_5_bind/chest_bind/neck_base_bind/neck_0_bind/neck_1_bind/neck_2_bind/neck_3_bind/skull_bind/face_upper_bind/eyeSocket_l_bind","cat":"step","ph":"X","ts":279310,"dur":1,"pid":1,"tid":22},
{"name":"ComposeSubtree /Biped/Rig/Joints/hips_bind/spine_0_bind/spine_1_bind/spine_2_bind/spine_3_bind/spine_4_bind/spine_5_bind/chest_bind/neck_base_bind/neck_0_bind/neck_1_bind/neck_2_bind/neck_3_bind/skull_bind/face_upper_bind/eyeSocket_r_bind","cat":"step","ph":"X","ts":279311,"dur":1,"pid":1,"tid":22},
{"name":"ComposeSubtree /Biped/Rig/Joints/hips_bind/spine_0_bind/spine_1_bind/spine_2_bind/spine_3_bind/spine_4_bind/spine_5_bind/chest_bind/neck_base_bind/neck_0_bind/neck_1_bind/neck_2_bind/neck_3_bind/skull_bind/face_upper_bind/head_tip_bind/brow_inner_r_bind","cat":"step","ph":"X","ts":279346,"dur":1,"pid":1,"tid":15},
{"name":"ComposeSubtree /Biped/Rig/Joints/hips_bind/spine_0_bind/spine_1_bind/spine_2_bind/spine_3_bind/spine_4_bind/spine_5_bind/chest_bind/neck_base_bind/neck_0_bind/neck_1_bind/neck_2_bind/neck_3_bind/skull_bind/face_upper_bind/head_tip_bind/brow_main_r_bind","cat":"step","ph":"X","ts":279347,"dur":1,"pid":1,"tid":15},
{"name":"ComposeSubtree /Biped/Rig/Joints/neck_ik_neck_0_bind/neck_ik_neck_1_bind","cat":"step","ph":"X","ts":279366,"dur":1,"pid":1,"tid":0},
{"name":"ComposeSubtree /Biped/Rig/Joints/spine_ik_spine_0_bind/spine_ik_spine_1_bind/spine_ik_spine_2_bind","cat":"step","ph":"X","ts":279135,"dur":1,"pid":1,"tid":0},
{"name":"Solve /Biped/Rig/Solvers/arm_l_fkChain","cat":"step","ph":"X","ts":279224,"dur":4,"pid":1,"tid":16},
{"name":"Solve /Biped/Rig/Solvers/arm_l_twoBoneIk","cat":"step","ph":"X","ts":279219,"dur":2,"pid":1,"tid":16},
{"name":"Solve /Biped/Rig/Solvers/arm_r_fkChain","cat":"step","ph":"X","ts":279248,"dur":1,"pid":1,"tid":16},
{"name":"Solve /Biped/Rig/Solvers/arm_r_twoBoneIk","cat":"step","ph":"X","ts":279202,"dur":2,"pid":1,"tid":20},
{"name":"SolverCommit batch 3","cat":"step","ph":"X","ts":279228,"dur":1,"pid":1,"tid":16},
{"name":"Solve /Biped/Rig/Solvers/leg_l_fkChain","cat":"step","ph":"X","ts":279204,"dur":3,"pid":1,"tid":20},
{"name":"Solve /Biped/Rig/Solvers/leg_r_fkChain","cat":"step","ph":"X","ts":279229,"dur":1,"pid":1,"tid":16},
{"name":"Solve /Biped/Rig/Solvers/neck_splineIk","cat":"step","ph":"X","ts":279230,"dur":16,"pid":1,"tid":16},
{"name":"SolverCommit batch 6","cat":"step","ph":"X","ts":279464,"dur":1,"pid":1,"tid":22},
{"name":"Constraint /Biped/Rig/Movers/spine_mid_follow/spine_mid_follow_pos","cat":"step","ph":"X","ts":279187,"dur":13,"pid":1,"tid":20},
{"name":"Solve /Biped/Rig/Solvers/arm_l_ikfk","cat":"step","ph":"X","ts":279249,"dur":2,"pid":1,"tid":16},
{"name":"SolverCommit batch 8","cat":"step","ph":"X","ts":279267,"dur":3,"pid":1,"tid":16},
{"name":"Solve /Biped/Rig/Solvers/arm_r_ikfk","cat":"step","ph":"X","ts":279270,"dur":1,"pid":1,"tid":16},
{"name":"SolverCommit batch 9","cat":"step","ph":"X","ts":279282,"dur":2,"pid":1,"tid":9},
{"name":"Constraint /Biped/Rig/Movers/spine_mid_follow/spine_mid_follow_aim","cat":"step","ph":"X","ts":279207,"dur":4,"pid":1,"tid":20},
{"name":"Solve /Biped/Rig/Solvers/spine_splineIk","cat":"step","ph":"X","ts":279212,"dur":14,"pid":1,"tid":20},
{"name":"SolverCommit batch 11","cat":"step","ph":"X","ts":279251,"dur":2,"pid":1,"tid":16},
{"name":"Constraint /Biped/Rig/Movers/hand_r_follow/thumbCup_r_bind_fk_follow_to_wrist_r_bind","cat":"step","ph":"X","ts":279312,"dur":16,"pid":1,"tid":22},
{"name":"Solve /Biped/Rig/Solvers/fk_thumb_r","cat":"step","ph":"X","ts":279348,"dur":2,"pid":1,"tid":15},
{"name":"SolverCommit batch 13","cat":"step","ph":"X","ts":279367,"dur":21,"pid":1,"tid":0},
{"name":"Constraint /Biped/Rig/Movers/hand_r_follow/ring_001_r_bind_fk_follow_to_wrist_r_bind","cat":"step","ph":"X","ts":279328,"dur":6,"pid":1,"tid":22},
{"name":"Solve /Biped/Rig/Solvers/fk_ring_r","cat":"step","ph":"X","ts":279350,"dur":1,"pid":1,"tid":15},
{"name":"SolverCommit batch 15","cat":"step","ph":"X","ts":279388,"dur":2,"pid":1,"tid":0},
{"name":"Constraint /Biped/Rig/Movers/hand_r_follow/pinkyCup_r_bind_fk_follow_to_wrist_r_bind","cat":"step","ph":"X","ts":279302,"dur":12,"pid":1,"tid":15},
{"name":"Solve /Biped/Rig/Solvers/fk_pinky_r","cat":"step","ph":"X","ts":279330,"dur":4,"pid":1,"tid":15},
{"name":"SolverCommit batch 17","cat":"step","ph":"X","ts":279406,"dur":2,"pid":1,"tid":0},
{"name":"Constraint /Biped/Rig/Movers/hand_r_follow/middle_001_r_bind_fk_follow_to_wrist_r_bind","cat":"step","ph":"X","ts":279314,"dur":6,"pid":1,"tid":15},
{"name":"Solve /Biped/Rig/Solvers/fk_middle_r","cat":"step","ph":"X","ts":279334,"dur":2,"pid":1,"tid":15},
{"name":"SolverCommit batch 19","cat":"step","ph":"X","ts":279390,"dur":1,"pid":1,"tid":0},
{"name":"Constraint /Biped/Rig/Movers/hand_r_follow/index_001_r_bind_fk_follow_to_wrist_r_bind","cat":"step","ph":"X","ts":279320,"dur":10,"pid":1,"tid":15},
{"name":"Solve /Biped/Rig/Solvers/fk_index_r","cat":"step","ph":"X","ts":279336,"dur":1,"pid":1,"tid":15},
{"name":"SolverCommit batch 21","cat":"step","ph":"X","ts":279391,"dur":1,"pid":1,"tid":0},
{"name":"Constraint /Biped/Rig/Movers/hand_l_follow/thumbCup_l_bind_fk_follow_to_wrist_l_bind","cat":"step","ph":"X","ts":279284,"dur":9,"pid":1,"tid":9},
{"name":"Solve /Biped/Rig/Solvers/fk_thumb_l","cat":"step","ph":"X","ts":279303,"dur":3,"pid":1,"tid":31},
{"name":"SolverCommit batch 23","cat":"step","ph":"X","ts":279349,"dur":2,"pid":1,"tid":0},
{"name":"Constraint /Biped/Rig/Movers/hand_l_follow/ring_001_l_bind_fk_follow_to_wrist_l_bind","cat":"step","ph":"X","ts":279293,"dur":4,"pid":1,"tid":9},
{"name":"Solve /Biped/Rig/Solvers/fk_ring_l","cat":"step","ph":"X","ts":279307,"dur":1,"pid":1,"tid":31},
{"name":"SolverCommit batch 25","cat":"step","ph":"X","ts":279351,"dur":1,"pid":1,"tid":0},
{"name":"Constraint /Biped/Rig/Movers/hand_l_follow/pinkyCup_l_bind_fk_follow_to_wrist_l_bind","cat":"step","ph":"X","ts":279275,"dur":14,"pid":1,"tid":29},
{"name":"Solve /Biped/Rig/Solvers/fk_pinky_l","cat":"step","ph":"X","ts":279308,"dur":2,"pid":1,"tid":31},
{"name":"SolverCommit batch 27","cat":"step","ph":"X","ts":279392,"dur":1,"pid":1,"tid":0},
{"name":"Constraint /Biped/Rig/Movers/hand_l_follow/middle_001_l_bind_fk_follow_to_wrist_l_bind","cat":"step","ph":"X","ts":279289,"dur":6,"pid":1,"tid":29},
{"name":"Solve /Biped/Rig/Solvers/fk_middle_l","cat":"step","ph":"X","ts":279308,"dur":6,"pid":1,"tid":23},
{"name":"SolverCommit batch 29","cat":"step","ph":"X","ts":279352,"dur":1,"pid":1,"tid":0},
{"name":"Constraint /Biped/Rig/Movers/hand_l_follow/index_001_l_bind_fk_follow_to_wrist_l_bind","cat":"step","ph":"X","ts":279296,"dur":5,"pid":1,"tid":29},
{"name":"Solve /Biped/Rig/Solvers/fk_index_l","cat":"step","ph":"X","ts":279314,"dur":2,"pid":1,"tid":23},
{"name":"SolverCommit batch 31","cat":"step","ph":"X","ts":279353,"dur":1,"pid":1,"tid":0},
{"name":"Constraint /Biped/Rig/Movers/bankIn_r_pivot_rc/bankIn_r_pivot_rotation","cat":"step","ph":"X","ts":279280,"dur":6,"pid":1,"tid":3},
{"name":"Constraint /Biped/Rig/Movers/bankOut_r_pivot_rc/bankOut_r_pivot_rotation","cat":"step","ph":"X","ts":279316,"dur":5,"pid":1,"tid":23},
{"name":"Constraint /Biped/Rig/Movers/heel_r_roll_rc/heel_r_roll_rotation","cat":"step","ph":"X","ts":279354,"dur":3,"pid":1,"tid":0},
{"name":"Constraint /Biped/Rig/Movers/toe_r_roll_rc/toe_r_roll_rotation","cat":"step","ph":"X","ts":279393,"dur":2,"pid":1,"tid":0},
{"name":"Constraint /Biped/Rig/Movers/ballRoll_r_up_rc/ballRoll_r_up_rotation","cat":"step","ph":"X","ts":279408,"dur":1,"pid":1,"tid":0},
{"name":"Constraint /Biped/Rig/Movers/ballRoll_r_down_rc/ballRoll_r_down_rotation","cat":"step","ph":"X","ts":279465,"dur":5,"pid":1,"tid":22},
{"name":"Solve /Biped/Rig/Solvers/leg_r_twoBoneIk","cat":"step","ph":"X","ts":279484,"dur":1,"pid":1,"tid":22},
{"name":"Solve /Biped/Rig/Solvers/leg_r_ikfk","cat":"step","ph":"X","ts":279501,"dur":2,"pid":1,"tid":22},
{"name":"SolverCommit batch 39","cat":"step","ph":"X","ts":279512,"dur":5,"pid":1,"tid":22},
{"name":"Constraint /Biped/Rig/Movers/ankle_r_bind_scAim/ankle_r_bind_aim","cat":"step","ph":"X","ts":279540,"dur":10,"pid":1,"tid":6},
{"name":"Constraint /Biped/Rig/Movers/ball_r_bind_scAim/ball_r_bind_aim","cat":"step","ph":"X","ts":279567,"dur":11,"pid":1,"tid":31},
{"name":"Constraint /Biped/Rig/Movers/bankIn_l_pivot_rc/bankIn_l_pivot_rotation","cat":"step","ph":"X","ts":279258,"dur":5,"pid":1,"tid":28},
{"name":"Constraint /Biped/Rig/Movers/bankOut_l_pivot_rc/bankOut_l_pivot_rotation","cat":"step","ph":"X","ts":279286,"dur":1,"pid":1,"tid":3},
{"name":"Constraint /Biped/Rig/Movers/heel_l_roll_rc/heel_l_roll_rotation","cat":"step","ph":"X","ts":279298,"dur":3,"pid":1,"tid":9},
{"name":"Constraint /Biped/Rig/Movers/toe_l_roll_rc/toe_l_roll_rotation","cat":"step","ph":"X","ts":279357,"dur":1,"pid":1,"tid":0},
{"name":"Constraint /Biped/Rig/Movers/ballRoll_l_up_rc/ballRoll_l_up_rotation","cat":"step","ph":"X","ts":279395,"dur":1,"pid":1,"tid":0},
{"name":"Constraint /Biped/Rig/Movers/ballRoll_l_down_rc/ballRoll_l_down_rotation","cat":"step","ph":"X","ts":279409,"dur":1,"pid":1,"tid":0},
{"name":"Solve /Biped/Rig/Solvers/leg_l_twoBoneIk","cat":"step","ph":"X","ts":279470,"dur":1,"pid":1,"tid":22},
{"name":"Solve /Biped/Rig/Solvers/leg_l_ikfk","cat":"step","ph":"X","ts":279485,"dur":1,"pid":1,"tid":22},
{"name":"SolverCommit batch 49","cat":"step","ph":"X","ts":279503,"dur":6,"pid":1,"tid":22},
{"name":"Constraint /Biped/Rig/Movers/ankle_l_bind_scAim/ankle_l_bind_aim","cat":"step","ph":"X","ts":279517,"dur":8,"pid":1,"tid":22},
{"name":"Constraint /Biped/Rig/Movers/ball_l_bind_scAim/ball_l_bind_aim","cat":"step","ph":"X","ts":279550,"dur":6,"pid":1,"tid":6},
{"name":"Constraint /Biped/Rig/Movers/hips_follow/spine_root_ctl_drives_hips_bind","cat":"step","ph":"X","ts":279151,"dur":9,"pid":1,"tid":0},
{"name":"PropagateChunk /Biped/Rig/Movers/hips_follow/spine_root_ctl_drives_hips_bind","cat":"step","ph":"X","ts":279471,"dur":7,"pid":1,"tid":22},
{"name":"PropagateChunk /Biped/Rig/Movers/hips_follow/spine_root_ctl_drives_hips_bind","cat":"step","ph":"X","ts":279396,"dur":1,"pid":1,"tid":0},
{"name":"CommitApply /Biped/Rig/Movers/hips_follow/spine_root_ctl_drives_hips_bind","cat":"step","ph":"X","ts":279486,"dur":3,"pid":1,"tid":22},
{"name":"Constraint /Biped/Rig/Movers/hips_follow/spine_root_ctl_scales_hips_bind","cat":"step","ph":"X","ts":279509,"dur":3,"pid":1,"tid":22},
{"name":"PropagateChunk /Biped/Rig/Movers/hips_follow/spine_root_ctl_scales_hips_bind","cat":"step","ph":"X","ts":279556,"dur":5,"pid":1,"tid":6},
{"name":"CommitApply /Biped/Rig/Movers/hips_follow/spine_root_ctl_scales_hips_bind","cat":"step","ph":"X","ts":279578,"dur":3,"pid":1,"tid":31},
{"name":"Constraint /Biped/Rig/Movers/spine_to_bind/spine_ik_spine_0_bind_scale_to_spine_0_bind","cat":"step","ph":"X","ts":279599,"dur":10,"pid":1,"tid":29},
{"name":"Constraint /Biped/Rig/Movers/spine_to_bind/spine_ik_spine_0_bind_to_spine_0_bind","cat":"step","ph":"X","ts":279616,"dur":9,"pid":1,"tid":28},
{"name":"Constraint /Biped/Rig/Movers/spine_to_bind/spine_ik_spine_1_bind_scale_to_spine_1_bind","cat":"step","ph":"X","ts":279633,"dur":13,"pid":1,"tid":26},
{"name":"Constraint /Biped/Rig/Movers/spine_to_bind/spine_ik_spine_1_bind_to_spine_1_bind","cat":"step","ph":"X","ts":279659,"dur":7,"pid":1,"tid":28},
{"name":"Constraint /Biped/Rig/Movers/spine_to_bind/spine_ik_spine_2_bind_scale_to_spine_2_bind","cat":"step","ph":"X","ts":279672,"dur":13,"pid":1,"tid":27},
{"name":"Constraint /Biped/Rig/Movers/spine_to_bind/spine_ik_spine_2_bind_to_spine_2_bind","cat":"step","ph":"X","ts":279692,"dur":10,"pid":1,"tid":27},
{"name":"Constraint /Biped/Rig/Movers/spine_to_bind/spine_ik_spine_3_bind_scale_to_spine_3_bind","cat":"step","ph":"X","ts":279703,"dur":8,"pid":1,"tid":27},
{"name":"Constraint /Biped/Rig/Movers/spine_to_bind/spine_ik_spine_3_bind_to_spine_3_bind","cat":"step","ph":"X","ts":279712,"dur":9,"pid":1,"tid":27},
{"name":"Constraint /Biped/Rig/Movers/spine_to_bind/spine_ik_spine_4_bind_scale_to_spine_4_bind","cat":"step","ph":"X","ts":279721,"dur":8,"pid":1,"tid":27},
{"name":"Constraint /Biped/Rig/Movers/spine_to_bind/spine_ik_spine_4_bind_to_spine_4_bind","cat":"step","ph":"X","ts":279730,"dur":8,"pid":1,"tid":27},
{"name":"Constraint /Biped/Rig/Movers/spine_to_bind/spine_ik_spine_5_bind_scale_to_spine_5_bind","cat":"step","ph":"X","ts":279739,"dur":7,"pid":1,"tid":27},
{"name":"Constraint /Biped/Rig/Movers/spine_to_bind/spine_ik_spine_5_bind_to_spine_5_bind","cat":"step","ph":"X","ts":279747,"dur":9,"pid":1,"tid":27},
{"name":"Constraint /Biped/Rig/Movers/spine_to_bind/spine_ik_chest_bind_scale_to_chest_bind","cat":"step","ph":"X","ts":279756,"dur":8,"pid":1,"tid":27},
{"name":"Constraint /Biped/Rig/Movers/spine_to_bind/spine_ik_chest_bind_to_chest_bind","cat":"step","ph":"X","ts":279764,"dur":9,"pid":1,"tid":27},
{"name":"Constraint /Biped/Rig/Movers/girdles/spine_end_ctl_drives_chest_bind","cat":"step","ph":"X","ts":279773,"dur":9,"pid":1,"tid":27},
{"name":"Constraint /Biped/Rig/Movers/girdles/pelvis_r_ctl_drives_pelvis_r_bind","cat":"step","ph":"X","ts":279609,"dur":3,"pid":1,"tid":29},
{"name":"Constraint /Biped/Rig/Movers/girdles/pelvis_l_ctl_drives_pelvis_l_bind","cat":"step","ph":"X","ts":279612,"dur":2,"pid":1,"tid":29},
{"name":"Constraint /Biped/Rig/Movers/girdles/clavicle_r_ctl_drives_clavicle_r_bind","cat":"step","ph":"X","ts":279782,"dur":3,"pid":1,"tid":27},
{"name":"Constraint /Biped/Rig/Movers/girdles/clavicle_l_ctl_drives_clavicle_l_bind","cat":"step","ph":"X","ts":279785,"dur":2,"pid":1,"tid":27},
{"name":"Constraint /Biped/Rig/Movers/girdles/spine_end_ctl_unsquashes_neck_base_bind","cat":"step","ph":"X","ts":279787,"dur":6,"pid":1,"tid":27},
{"name":"Constraint /Biped/Rig/Movers/girdles/clavicle_r_ctl_unsquashes_clavicle_r_bind","cat":"step","ph":"X","ts":279793,"dur":4,"pid":1,"tid":27},
{"name":"Constraint /Biped/Rig/Movers/girdles/clavicle_l_ctl_unsquashes_clavicle_l_bind","cat":"step","ph":"X","ts":279797,"dur":3,"pid":1,"tid":27},
{"name":"Constraint /Biped/Rig/Movers/neck_to_bind/neck_ik_neck_0_bind_scale_to_neck_0_bind","cat":"step","ph":"X","ts":279800,"dur":6,"pid":1,"tid":27},
{"name":"Constraint /Biped/Rig/Movers/neck_to_bind/neck_ik_neck_0_bind_to_neck_0_bind","cat":"step","ph":"X","ts":279812,"dur":7,"pid":1,"tid":0},
{"name":"Constraint /Biped/Rig/Movers/neck_to_bind/neck_ik_neck_1_bind_scale_to_neck_1_bind","cat":"step","ph":"X","ts":279826,"dur":6,"pid":1,"tid":20},
{"name":"Constraint /Biped/Rig/Movers/neck_to_bind/neck_ik_neck_1_bind_to_neck_1_bind","cat":"step","ph":"X","ts":279840,"dur":5,"pid":1,"tid":20},
{"name":"Constraint /Biped/Rig/Movers/neck_to_bind/neck_ik_neck_2_bind_scale_to_neck_2_bind","cat":"step","ph":"X","ts":279856,"dur":8,"pid":1,"tid":6},
{"name":"Constraint /Biped/Rig/Movers/neck_to_bind/neck_ik_neck_2_bind_to_neck_2_bind","cat":"step","ph":"X","ts":279869,"dur":6,"pid":1,"tid":6},
{"name":"Constraint /Biped/Rig/Movers/neck_to_bind/neck_ik_neck_3_bind_scale_to_neck_3_bind","cat":"step","ph":"X","ts":279879,"dur":4,"pid":1,"tid":6},
{"name":"Constraint /Biped/Rig/Movers/neck_to_bind/neck_ik_neck_3_bind_to_neck_3_bind","cat":"step","ph":"X","ts":280421,"dur":7,"pid":1,"tid":6},
{"name":"Constraint /Biped/Rig/Movers/neck_to_bind/neck_ik_skull_bind_scale_to_skull_bind","cat":"step","ph":"X","ts":280808,"dur":5,"pid":1,"tid":6},
{"name":"Constraint /Biped/Rig/Movers/neck_to_bind/neck_ik_skull_bind_to_skull_bind","cat":"step","ph":"X","ts":280831,"dur":6,"pid":1,"tid":6},
{"name":"Constraint /Biped/Rig/Movers/twist_aims/wristTwist_r_bind_copy","cat":"step","ph":"X","ts":279301,"dur":6,"pid":1,"tid":9},
{"name":"Constraint /Biped/Rig/Movers/twist_aims/wristTwist_r_bind_aim","cat":"step","ph":"X","ts":279358,"dur":6,"pid":1,"tid":0},
{"name":"Constraint /Biped/Rig/Movers/twist_aims/wristTwist_l_bind_copy","cat":"step","ph":"X","ts":279272,"dur":9,"pid":1,"tid":16},
{"name":"Constraint /Biped/Rig/Movers/twist_aims/wristTwist_l_bind_aim","cat":"step","ph":"X","ts":279307,"dur":4,"pid":1,"tid":9},
{"name":"Constraint /Biped/Rig/Movers/twist_aims/ankleTwist_r_bind_copy","cat":"step","ph":"X","ts":279581,"dur":5,"pid":1,"tid":31},
{"name":"Constraint /Biped/Rig/Movers/twist_aims/ankleTwist_r_bind_aim","cat":"step","ph":"X","ts":279600,"dur":10,"pid":1,"tid":16},
{"name":"Constraint /Biped/Rig/Movers/twist_aims/ankleTwist_l_bind_copy","cat":"step","ph":"X","ts":279561,"dur":4,"pid":1,"tid":6},
{"name":"Constraint /Biped/Rig/Movers/twist_aims/ankleTwist_l_bind_aim","cat":"step","ph":"X","ts":279586,"dur":5,"pid":1,"tid":31},
{"name":"Constraint /Biped/Rig/Movers/twist_aims/ankleTwist_r_bind_follows_ankle_r_bind","cat":"step","ph":"X","ts":279625,"dur":2,"pid":1,"tid":28},
{"name":"Constraint /Biped/Rig/Movers/twist_aims/ankleTwist_l_bind_follows_ankle_l_bind","cat":"step","ph":"X","ts":279610,"dur":3,"pid":1,"tid":16},
{"name":"Constraint /Biped/Rig/Movers/twist_aims/wristTwist_r_bind_follows_wrist_r_bind","cat":"step","ph":"X","ts":279397,"dur":3,"pid":1,"tid":0},
{"name":"Constraint /Biped/Rig/Movers/twist_aims/wristTwist_l_bind_follows_wrist_l_bind","cat":"step","ph":"X","ts":279342,"dur":4,"pid":1,"tid":22},
{"name":"Constraint /Biped/Rig/Movers/twist_aims/thighNoTwist_r_bind_follows_thigh_r_bind","cat":"step","ph":"X","ts":279627,"dur":1,"pid":1,"tid":28},
{"name":"Constraint /Biped/Rig/Movers/twist_aims/thighNoTwist_l_bind_follows_thigh_l_bind","cat":"step","ph":"X","ts":279614,"dur":2,"pid":1,"tid":29},
{"name":"Constraint /Biped/Rig/Movers/twist_aims/shoulderNoTwist_r_bind_follows_shoulder_r_bind","cat":"step","ph":"X","ts":279819,"dur":1,"pid":1,"tid":0},
{"name":"Constraint /Biped/Rig/Movers/twist_aims/shoulderNoTwist_l_bind_follows_shoulder_l_bind","cat":"step","ph":"X","ts":279820,"dur":1,"pid":1,"tid":0},
{"name":"Constraint /Biped/Rig/Movers/twist_aims/pelvis_trans_r_bind_follows_thigh_r_bind","cat":"step","ph":"X","ts":279616,"dur":2,"pid":1,"tid":29},
{"name":"Constraint /Biped/Rig/Movers/twist_aims/pelvis_trans_l_bind_follows_thigh_l_bind","cat":"step","ph":"X","ts":279618,"dur":2,"pid":1,"tid":29},
{"name":"Constraint /Biped/Rig/Movers/twist_aims/clavicle_trans_r_bind_follows_shoulder_r_bind","cat":"step","ph":"X","ts":279813,"dur":3,"pid":1,"tid":27},
{"name":"Constraint /Biped/Rig/Movers/twist_aims/clavicle_trans_l_bind_follows_shoulder_l_bind","cat":"step","ph":"X","ts":279816,"dur":1,"pid":1,"tid":27},
{"name":"Constraint /Biped/Rig/Movers/twist_aims/pelvis_trans_r_bind_aim","cat":"step","ph":"X","ts":279646,"dur":7,"pid":1,"tid":26},
{"name":"Constraint /Biped/Rig/Movers/twist_aims/pelvis_trans_l_bind_aim","cat":"step","ph":"X","ts":279653,"dur":4,"pid":1,"tid":26},
{"name":"Constraint /Biped/Rig/Movers/twist_aims/kneeTwist_r_bind_aim","cat":"step","ph":"X","ts":279534,"dur":3,"pid":1,"tid":22},
{"name":"Constraint /Biped/Rig/Movers/twist_aims/kneeTwist_l_bind_aim","cat":"step","ph":"X","ts":279525,"dur":4,"pid":1,"tid":22},
{"name":"Constraint /Biped/Rig/Movers/twist_aims/thighNoTwist_r_bind_aim","cat":"step","ph":"X","ts":279629,"dur":3,"pid":1,"tid":28},
{"name":"Constraint /Biped/Rig/Movers/twist_aims/thighNoTwist_l_bind_aim","cat":"step","ph":"X","ts":279632,"dur":3,"pid":1,"tid":28},
{"name":"Constraint /Biped/Rig/Movers/twist_aims/clavicle_trans_r_bind_aim","cat":"step","ph":"X","ts":279832,"dur":4,"pid":1,"tid":20},
{"name":"Constraint /Biped/Rig/Movers/twist_aims/clavicle_trans_l_bind_aim","cat":"step","ph":"X","ts":279836,"dur":3,"pid":1,"tid":20},
{"name":"Constraint /Biped/Rig/Movers/twist_aims/elbowTwist_r_bind_aim","cat":"step","ph":"X","ts":279311,"dur":4,"pid":1,"tid":9},
{"name":"Constraint /Biped/Rig/Movers/twist_aims/elbowTwist_l_bind_aim","cat":"step","ph":"X","ts":279281,"dur":6,"pid":1,"tid":16},
{"name":"Constraint /Biped/Rig/Movers/twist_aims/shoulderNoTwist_r_bind_aim","cat":"step","ph":"X","ts":279821,"dur":3,"pid":1,"tid":0},
{"name":"Constraint /Biped/Rig/Movers/twist_aims/shoulderNoTwist_l_bind_aim","cat":"step","ph":"X","ts":279825,"dur":2,"pid":1,"tid":0},
{"name":"Constraint /Biped/Rig/Movers/pose_drivers/thigh_r_driver_copies_thigh_r_bind","cat":"step","ph":"X","ts":279666,"dur":4,"pid":1,"tid":28},
{"name":"Constraint /Biped/Rig/Movers/pose_drivers/thigh_l_driver_copies_thigh_l_bind","cat":"step","ph":"X","ts":279658,"dur":5,"pid":1,"tid":26},
{"name":"Constraint /Biped/Rig/Movers/pose_drivers/thigh_r_twist_driver_copies_thighNoTwist_r_bind","cat":"step","ph":"X","ts":279686,"dur":6,"pid":1,"tid":27},
{"name":"Constraint /Biped/Rig/Movers/pose_drivers/thigh_l_twist_driver_copies_thighNoTwist_l_bind","cat":"step","ph":"X","ts":279671,"dur":3,"pid":1,"tid":28},
{"name":"Constraint /Biped/Rig/Movers/pose_drivers/ankleTwist_r_driver_copies_ankleTwist_r_bind","cat":"step","ph":"X","ts":279634,"dur":5,"pid":1,"tid":31},
{"name":"Constraint /Biped/Rig/Movers/pose_drivers/ankleTwist_l_driver_copies_ankleTwist_l_bind","cat":"step","ph":"X","ts":279617,"dur":6,"pid":1,"tid":31},
{"name":"Constraint /Biped/Rig/Movers/pose_drivers/toe_r_driver_copies_ball_r_bind","cat":"step","ph":"X","ts":279598,"dur":5,"pid":1,"tid":31},
{"name":"Constraint /Biped/Rig/Movers/pose_drivers/toe_l_driver_copies_ball_l_bind","cat":"step","ph":"X","ts":279591,"dur":6,"pid":1,"tid":31},
{"name":"Constraint /Biped/Rig/Movers/pose_drivers/knee_r_driver_copies_knee_r_bind","cat":"step","ph":"X","ts":279566,"dur":4,"pid":1,"tid":6},
{"name":"Constraint /Biped/Rig/Movers/pose_drivers/knee_l_driver_copies_knee_l_bind","cat":"step","ph":"X","ts":279537,"dur":4,"pid":1,"tid":22},
{"name":"Constraint /Biped/Rig/Movers/pose_drivers/ankleSwing_r_driver_copies_ankle_r_bind","cat":"step","ph":"X","ts":279639,"dur":5,"pid":1,"tid":31},
{"name":"Constraint /Biped/Rig/Movers/pose_drivers/ankleSwing_l_driver_copies_ankle_l_bind","cat":"step","ph":"X","ts":279623,"dur":5,"pid":1,"tid":31},
{"name":"Constraint /Biped/Rig/Movers/pose_drivers/shoulder_r_driver_copies_shoulder_r_bind","cat":"step","ph":"X","ts":279845,"dur":4,"pid":1,"tid":20},
{"name":"Constraint /Biped/Rig/Movers/pose_drivers/shoulder_l_driver_copies_shoulder_l_bind","cat":"step","ph":"X","ts":279849,"dur":4,"pid":1,"tid":20},
{"name":"Constraint /Biped/Rig/Movers/pose_drivers/wristTwist_r_driver_copies_wristTwist_r_bind","cat":"step","ph":"X","ts":279410,"dur":6,"pid":1,"tid":0},
{"name":"Constraint /Biped/Rig/Movers/pose_drivers/wristTwist_l_driver_copies_wristTwist_l_bind","cat":"step","ph":"X","ts":279366,"dur":48,"pid":1,"tid":22},
{"name":"Constraint /Biped/Rig/Movers/pose_drivers/shoulder_r_twist_driver_copies_shoulderNoTwist_r_bind","cat":"step","ph":"X","ts":279864,"dur":5,"pid":1,"tid":6},
{"name":"Constraint /Biped/Rig/Movers/pose_drivers/shoulder_l_twist_driver_copies_shoulderNoTwist_l_bind","cat":"step","ph":"X","ts":279855,"dur":4,"pid":1,"tid":20},
{"name":"Constraint /Biped/Rig/Movers/pose_drivers/wristSwing_r_driver_copies_wrist_r_bind","cat":"step","ph":"X","ts":279433,"dur":6,"pid":1,"tid":22},
{"name":"Constraint /Biped/Rig/Movers/pose_drivers/wristSwing_l_driver_copies_wrist_l_bind","cat":"step","ph":"X","ts":279414,"dur":7,"pid":1,"tid":22},
{"name":"Constraint /Biped/Rig/Movers/pose_drivers/elbow_r_driver_copies_elbow_r_bind","cat":"step","ph":"X","ts":279346,"dur":6,"pid":1,"tid":22},
{"name":"Constraint /Biped/Rig/Movers/pose_drivers/elbow_l_driver_copies_elbow_l_bind","cat":"step","ph":"X","ts":279302,"dur":7,"pid":1,"tid":29},
{"name":"Constraint /Biped/Rig/Movers/param_follow/leg_r_params_to_ankle_r_bind","cat":"step","ph":"X","ts":279570,"dur":4,"pid":1,"tid":6},
{"name":"Constraint /Biped/Rig/Movers/param_follow/leg_l_params_to_ankle_l_bind","cat":"step","ph":"X","ts":279541,"dur":4,"pid":1,"tid":22},
{"name":"Constraint /Biped/Rig/Movers/param_follow/arm_r_params_to_wrist_r_bind","cat":"step","ph":"X","ts":279309,"dur":6,"pid":1,"tid":29},
{"name":"Constraint /Biped/Rig/Movers/param_follow/arm_l_params_to_wrist_l_bind","cat":"step","ph":"X","ts":279287,"dur":6,"pid":1,"tid":16},
{"name":"ProviderMatrix /Biped/Rig/Controls/leg_l_ik/ankle_l_pivot final","cat":"step","ph":"X","ts":279136,"dur":1,"pid":1,"tid":0},
{"name":"ProviderMatrix /Biped/Rig/Controls/leg_l_ik/ankle_l_pivot/bankIn_l_pivot/bankOut_l_pivot/heel_l_roll final","cat":"step","ph":"X","ts":279352,"dur":1,"pid":1,"tid":22},
{"name":"ProviderMatrix /Biped/Rig/Controls/leg_r_ik/ankle_r_pivot final","cat":"step","ph":"X","ts":279160,"dur":1,"pid":1,"tid":0},
{"name":"ProviderMatrix /Biped/Rig/Controls/leg_r_ik/ankle_r_pivot/bankIn_r_pivot final","cat":"step","ph":"X","ts":279315,"dur":1,"pid":1,"tid":29},
{"name":"ProviderMatrix /Biped/Rig/Controls/leg_r_ik/ankle_r_pivot/bankIn_r_pivot/bankOut_r_pivot/heel_r_roll final","cat":"step","ph":"X","ts":279421,"dur":1,"pid":1,"tid":22},
{"name":"ProviderMatrix /Biped/Rig/Controls/leg_r_ik/ankle_r_pivot/bankIn_r_pivot/bankOut_r_pivot/heel_r_roll/heel_r/ball_r_pivot/toe_r_roll final","cat":"step","ph":"X","ts":279439,"dur":1,"pid":1,"tid":22},
{"name":"ProviderMatrix /Biped/Rig/Joints/ankle_l_pivot/bankIn_l_pivot/bankOut_l_pivot/heel_l_pivot/ball_l_pivot final","cat":"step","ph":"X","ts":279200,"dur":1,"pid":1,"tid":20},
{"name":"ProviderMatrix /Biped/Rig/Joints/ankle_l_pivot/bankIn_l_pivot/bankOut_l_pivot/heel_l_pivot/ball_l_pivot/toe_l_pivot/toeBend_l_pivot final","cat":"step","ph":"X","ts":279211,"dur":1,"pid":1,"tid":20},
{"name":"ProviderMatrix /Biped/Rig/Joints/ankle_r_pivot/bankIn_r_pivot final","cat":"step","ph":"X","ts":279137,"dur":1,"pid":1,"tid":0},
{"name":"ProviderMatrix /Biped/Rig/Joints/hips_bind final","cat":"step","ph":"X","ts":279603,"dur":1,"pid":1,"tid":31},
{"name":"ProviderMatrix /Biped/Rig/Joints/hips_bind/pelvis_l_bind/pelvis_trans_combo_l_driver final","cat":"step","ph":"X","ts":279628,"dur":1,"pid":1,"tid":31},
{"name":"ProviderMatrix /Biped/Rig/Joints/hips_bind/pelvis_l_bind/pelvis_trans_l_bind/thigh_l_driver/thigh_l_twist_driver final","cat":"step","ph":"X","ts":279702,"dur":1,"pid":1,"tid":27},
{"name":"ProviderMatrix /Biped/Rig/Joints/hips_bind/pelvis_l_bind/thigh_l_bind/knee_l_bind/ankle_l_bind/ball_l_bind/toe2_001_l_bind/toe2_002_l_bind final","cat":"step","ph":"X","ts":279575,"dur":1,"pid":1,"tid":6},
{"name":"ProviderMatrix /Biped/Rig/Joints/hips_bind/pelvis_l_bind/thigh_l_bind/knee_l_bind/ankle_l_bind/ball_l_bind/toe3_001_l_bind/toe3_002_l_bind/toe3_003_l_bind final","cat":"step","ph":"X","ts":279576,"dur":1,"pid":1,"tid":6},
{"name":"ProviderMatrix /Biped/Rig/Joints/hips_bind/pelvis_l_bind/thigh_l_bind/knee_l_bind/ankle_l_bind/ball_l_bind/toe4_001_l_bind/toe4_002_l_bind/toe4_003_l_bind/toe4_004_l_bind final","cat":"step","ph":"X","ts":279577,"dur":1,"pid":1,"tid":6},
{"name":"ProviderMatrix /Biped/Rig/Joints/hips_bind/pelvis_r_bind final","cat":"step","ph":"X","ts":279629,"dur":1,"pid":1,"tid":31},
{"name":"ProviderMatrix /Biped/Rig/Joints/hips_bind/pelvis_r_bind/pelvis_trans_r_bind final","cat":"step","ph":"X","ts":279664,"dur":1,"pid":1,"tid":26},
{"name":"ProviderMatrix /Biped/Rig/Joints/hips_bind/pelvis_r_bind/thigh_r_bind final","cat":"step","ph":"X","ts":279545,"dur":1,"pid":1,"tid":22},
{"name":"ProviderMatrix /Biped/Rig/Joints/hips_bind/pelvis_r_bind/thigh_r_bind/knee_r_bind/ankle_r_bind/ball_r_bind/toe1_001_r_bind final","cat":"step","ph":"X","ts":279604,"dur":1,"pid":1,"tid":31},
{"name":"ProviderMatrix /Biped/Rig/Joints/hips_bind/pelvis_r_bind/thigh_r_bind/knee_r_bind/ankle_r_bind/ball_r_bind/toe2_001_r_bind final","cat":"step","ph":"X","ts":279605,"dur":1,"pid":1,"tid":31},
{"name":"ProviderMatrix /Biped/Rig/Joints/hips_bind/pelvis_r_bind/thigh_r_bind/knee_r_bind/ankle_r_bind/ball_r_bind/toe3_001_r_bind/toe3_002_r_bind final","cat":"step","ph":"X","ts":279606,"dur":1,"pid":1,"tid":31},
{"name":"ProviderMatrix /Biped/Rig/Joints/hips_bind/pelvis_r_bind/thigh_r_bind/knee_r_bind/ankle_r_bind/ball_r_bind/toe4_001_r_bind/toe4_002_r_bind final","cat":"step","ph":"X","ts":279607,"dur":1,"pid":1,"tid":31},
{"name":"ProviderMatrix /Biped/Rig/Joints/hips_bind/pelvis_r_bind/thigh_r_bind/knee_r_bind/ankle_r_bind/ball_r_bind/toe5_001_r_bind/toe5_002_r_bind/toe5_003_r_bind final","cat":"step","ph":"X","ts":279608,"dur":1,"pid":1,"tid":31},
{"name":"ProviderMatrix /Biped/Rig/Joints/hips_bind/spine_0_bind/spine_1_bind/spine_2_bind final","cat":"step","ph":"X","ts":279711,"dur":1,"pid":1,"tid":27},
{"name":"ProviderMatrix /Biped/Rig/Joints/hips_bind/spine_0_bind/spine_1_bind/spine_2_bind/spine_3_bind/spine_4_bind/spine_5_bind/chest_bind/clavicle_l_bind/shoulderNoTwist_l_bind final","cat":"step","ph":"X","ts":279853,"dur":1,"pid":1,"tid":20},
{"name":"ProviderMatrix /Biped/Rig/Joints/hips_bind/spine_0_bind/spine_1_bind/spine_2_bind/spine_3_bind/spine_4_bind/spine_5_bind/chest_bind/clavicle_l_bind/shoulder_combo_l_driver final","cat":"step","ph":"X","ts":279818,"dur":1,"pid":1,"tid":27},
{"name":"ProviderMatrix /Biped/Rig/Joints/hips_bind/spine_0_bind/spine_1_bind/spine_2_bind/spine_3_bind/spine_4_bind/spine_5_bind/chest_bind/clavicle_l_bind/shoulder_l_bind final","cat":"step","ph":"X","ts":279293,"dur":1,"pid":1,"tid":16},
{"name":"ProviderMatrix /Biped/Rig/Joints/hips_bind/spine_0_bind/spine_1_bind/spine_2_bind/spine_3_bind/spine_4_bind/spine_5_bind/chest_bind/clavicle_l_bind/shoulder_l_bind/elbow_l_bind/elbowTwist_l_bind/elbow_l_driver final","cat":"step","ph":"X","ts":279353,"dur":1,"pid":1,"tid":22},
{"name":"ProviderMatrix /Biped/Rig/Joints/hips_bind/spine_0_bind/spine_1_bind/spine_2_bind/spine_3_bind/spine_4_bind/spine_5_bind/chest_bind/clavicle_l_bind/shoulder_l_bind/elbow_l_bind/wristTwist_l_bind final","cat":"step","ph":"X","ts":279422,"dur":1,"pid":1,"tid":22},
{"name":"ProviderMatrix /Biped/Rig/Joints/hips_bind/spine_0_bind/spine_1_bind/spine_2_bind/spine_3_bind/spine_4_bind/spine_5_bind/chest_bind/clavicle_l_bind/shoulder_l_bind/elbow_l_bind/wrist_l_bind final","cat":"step","ph":"X","ts":279294,"dur":1,"pid":1,"tid":16},
{"name":"ProviderMatrix /Biped/Rig/Joints/hips_bind/spine_0_bind/spine_1_bind/spine_2_bind/spine_3_bind/spine_4_bind/spine_5_bind/chest_bind/clavicle_l_bind/shoulder_l_bind/elbow_l_bind/wrist_l_bind/index_001_l_bind/index_002_l_bind final","cat":"step","ph":"X","ts":279423,"dur":1,"pid":1,"tid":22},
{"name":"ProviderMatrix /Biped/Rig/Joints/hips_bind/spine_0_bind/spine_1_bind/spine_2_bind/spine_3_bind/spine_4_bind/spine_5_bind/chest_bind/clavicle_l_bind/shoulder_l_bind/elbow_l_bind/wrist_l_bind/middle_001_l_bind/middle_002_combo_l_driver final","cat":"step","ph":"X","ts":279424,"dur":1,"pid":1,"tid":22},
{"name":"ProviderMatrix /Biped/Rig/Joints/hips_bind/spine_0_bind/spine_1_bind/spine_2_bind/spine_3_bind/spine_4_bind/spine_5_bind/chest_bind/clavicle_l_bind/shoulder_l_bind/elbow_l_bind/wrist_l_bind/pinkyCup_l_bind final","cat":"step","ph":"X","ts":279440,"dur":1,"pid":1,"tid":22},
{"name":"ProviderMatrix /Biped/Rig/Joints/hips_bind/spine_0_bind/spine_1_bind/spine_2_bind/spine_3_bind/spine_4_bind/spine_5_bind/chest_bind/clavicle_l_bind/shoulder_l_bind/elbow_l_bind/wrist_l_bind/pinkyCup_l_bind/pinky_001_l_bind/pinky_002_l_bind/pinky_003_l_bind final","cat":"step","ph":"X","ts":279441,"dur":1,"pid":1,"tid":22},
{"name":"ProviderMatrix /Biped/Rig/Joints/hips_bind/spine_0_bind/spine_1_bind/spine_2_bind/spine_3_bind/spine_4_bind/spine_5_bind/chest_bind/clavicle_l_bind/shoulder_l_bind/elbow_l_bind/wrist_l_bind/ring_001_l_bind/ring_002_l_bind/ring_003_l_bind/ring_004_l_bind/ring_005_l_bind final","cat":"step","ph":"X","ts":279427,"dur":1,"pid":1,"tid":22},
{"name":"ProviderMatrix /Biped/Rig/Joints/hips_bind/spine_0_bind/spine_1_bind/spine_2_bind/spine_3_bind/spine_4_bind/spine_5_bind/chest_bind/clavicle_l_bind/shoulder_l_bind/elbow_l_bind/wrist_l_bind/thumbCup_l_bind/thumb_001_l_bind/thumb_002_l_bind/thumb_003_l_bind final","cat":"step","ph":"X","ts":279428,"dur":1,"pid":1,"tid":22},
{"name":"ProviderMatrix /Biped/Rig/Joints/hips_bind/spine_0_bind/spine_1_bind/spine_2_bind/spine_3_bind/spine_4_bind/spine_5_bind/chest_bind/clavicle_r_bind/shoulder_combo_r_driver final","cat":"step","ph":"X","ts":279819,"dur":1,"pid":1,"tid":27},
{"name":"ProviderMatrix /Biped/Rig/Joints/hips_bind/spine_0_bind/spine_1_bind/spine_2_bind/spine_3_bind/spine_4_bind/spine_5_bind/chest_bind/clavicle_r_bind/shoulder_r_bind/elbow_r_bind final","cat":"step","ph":"X","ts":279316,"dur":1,"pid":1,"tid":29},
{"name":"ProviderMatrix /Biped/Rig/Joints/hips_bind/spine_0_bind/spine_1_bind/spine_2_bind/spine_3_bind/spine_4_bind/spine_5_bind/chest_bind/clavicle_r_bind/shoulder_r_bind/elbow_r_bind/wristTwist_r_bind/wristSwing_r_driver final","cat":"step","ph":"X","ts":279478,"dur":1,"pid":1,"tid":22},
{"name":"ProviderMatrix /Biped/Rig/Joints/hips_bind/spine_0_bind/spine_1_bind/spine_2_bind/spine_3_bind/spine_4_bind/spine_5_bind/chest_bind/clavicle_r_bind/shoulder_r_bind/elbow_r_bind/wrist_r_bind/index_001_r_bind/index_002_combo_r_driver final","cat":"step","ph":"X","ts":279442,"dur":1,"pid":1,"tid":22},
{"name":"ProviderMatrix /Biped/Rig/Joints/hips_bind/spine_0_bind/spine_1_bind/spine_2_bind/spine_3_bind/spine_4_bind/spine_5_bind/chest_bind/clavicle_r_bind/shoulder_r_bind/elbow_r_bind/wrist_r_bind/index_001_r_bind/index_002_r_bind/index_003_r_bind/index_004_r_bind/index_005_r_bind final","cat":"step","ph":"X","ts":279443,"dur":1,"pid":1,"tid":22},
{"name":"ProviderMatrix /Biped/Rig/Joints/hips_bind/spine_0_bind/spine_1_bind/spine_2_bind/spine_3_bind/spine_4_bind/spine_5_bind/chest_bind/clavicle_r_bind/shoulder_r_bind/elbow_r_bind/wrist_r_bind/middle_001_r_bind/middle_002_r_bind/middle_003_r_bind final","cat":"step","ph":"X","ts":279444,"dur":12,"pid":1,"tid":22},
{"name":"ProviderMatrix /Biped/Rig/Joints/hips_bind/spine_0_bind/spine_1_bind/spine_2_bind/spine_3_bind/spine_4_bind/spine_5_bind/chest_bind/clavicle_r_bind/shoulder_r_bind/elbow_r_bind/wrist_r_bind/middle_001_r_bind/middle_002_r_bind/middle_003_r_bind/middle_004_r_bind final","cat":"step","ph":"X","ts":279456,"dur":1,"pid":1,"tid":22},
{"name":"ProviderMatrix /Biped/Rig/Joints/hips_bind/spine_0_bind/spine_1_bind/spine_2_bind/spine_3_bind/spine_4_bind/spine_5_bind/chest_bind/clavicle_r_bind/shoulder_r_bind/elbow_r_bind/wrist_r_bind/pinkyCup_r_bind/pinky_001_r_bind/pinky_002_combo_r_driver final","cat":"step","ph":"X","ts":279479,"dur":1,"pid":1,"tid":22},
{"name":"ProviderMatrix /Biped/Rig/Joints/hips_bind/spine_0_bind/spine_1_bind/spine_2_bind/spine_3_bind/spine_4_bind/spine_5_bind/chest_bind/clavicle_r_bind/shoulder_r_bind/elbow_r_bind/wrist_r_bind/pinkyCup_r_bind/pinky_001_r_bind/pinky_002_r_bind/pinky_003_r_bind/pinky_004_r_bind/pinky_005_r_bind final","cat":"step","ph":"X","ts":279480,"dur":1,"pid":1,"tid":22},
{"name":"ProviderMatrix /Biped/Rig/Joints/hips_bind/spine_0_bind/spine_1_bind/spine_2_bind/spine_3_bind/spine_4_bind/spine_5_bind/chest_bind/clavicle_r_bind/shoulder_r_bind/elbow_r_bind/wrist_r_bind/ring_001_r_bind/ring_002_combo_r_driver final","cat":"step","ph":"X","ts":279457,"dur":1,"pid":1,"tid":22},
{"name":"ProviderMatrix /Biped/Rig/Joints/hips_bind/spine_0_bind/spine_1_bind/spine_2_bind/spine_3_bind/spine_4_bind/spine_5_bind/chest_bind/clavicle_r_bind/shoulder_r_bind/elbow_r_bind/wrist_r_bind/ring_001_r_bind/ring_002_r_bind/ring_003_r_bind/ring_004_r_bind final","cat":"step","ph":"X","ts":279458,"dur":1,"pid":1,"tid":22},
{"name":"ProviderMatrix /Biped/Rig/Joints/hips_bind/spine_0_bind/spine_1_bind/spine_2_bind/spine_3_bind/spine_4_bind/spine_5_bind/chest_bind/clavicle_r_bind/shoulder_r_bind/elbow_r_bind/wrist_r_bind/thumbCup_r_bind/thumb_001_r_bind/thumb_002_r_bind final","cat":"step","ph":"X","ts":279459,"dur":1,"pid":1,"tid":22},
{"name":"ProviderMatrix /Biped/Rig/Joints/hips_bind/spine_0_bind/spine_1_bind/spine_2_bind/spine_3_bind/spine_4_bind/spine_5_bind/chest_bind/neck_base_bind/neck_0_bind/neck_1_bind/neck_2_bind/neck_3_bind/skull_bind/face_lower_bind/face_mid_bind/jaw_compression_driver final","cat":"step","ph":"X","ts":280837,"dur":1,"pid":1,"tid":6},
{"name":"ProviderMatrix /Biped/Rig/Joints/hips_bind/spine_0_bind/spine_1_bind/spine_2_bind/spine_3_bind/spine_4_bind/spine_5_bind/chest_bind/neck_base_bind/neck_0_bind/neck_1_bind/neck_2_bind/neck_3_bind/skull_bind/face_lower_bind/jaw_bind/teeth_lower_bind final","cat":"step","ph":"X","ts":280838,"dur":1,"pid":1,"tid":6},
{"name":"ProviderMatrix /Biped/Rig/Joints/hips_bind/spine_0_bind/spine_1_bind/spine_2_bind/spine_3_bind/spine_4_bind/spine_5_bind/chest_bind/neck_base_bind/neck_0_bind/neck_1_bind/neck_2_bind/neck_3_bind/skull_bind/face_upper_bind final","cat":"step","ph":"X","ts":280839,"dur":1,"pid":1,"tid":6},
{"name":"ProviderMatrix /Biped/Rig/Joints/hips_bind/spine_0_bind/spine_1_bind/spine_2_bind/spine_3_bind/spine_4_bind/spine_5_bind/chest_bind/neck_base_bind/neck_0_bind/neck_1_bind/neck_2_bind/neck_3_bind/skull_bind/face_upper_bind/head_tip_bind/brow_inner_l_bind final","cat":"step","ph":"X","ts":280840,"dur":1,"pid":1,"tid":6},
{"name":"ProviderMatrix /Biped/Rig/Joints/neck_ik_neck_0_bind final","cat":"step","ph":"X","ts":279489,"dur":1,"pid":1,"tid":22},
{"name":"ProviderMatrix /Biped/Rig/Joints/neck_ik_neck_0_bind/neck_ik_neck_1_bind/neck_ik_neck_2_bind/neck_ik_neck_3_bind final","cat":"step","ph":"X","ts":279490,"dur":10,"pid":1,"tid":22},
{"name":"ProviderMatrix /Biped/Rig/Joints/spine_ik_spine_0_bind final","cat":"step","ph":"X","ts":279263,"dur":1,"pid":1,"tid":28},
{"name":"ProviderMatrix /Biped/Rig/Joints/spine_ik_spine_0_bind/spine_ik_spine_1_bind/spine_ik_spine_2_bind/spine_ik_spine_3_bind final","cat":"step","ph":"X","ts":279264,"dur":1,"pid":1,"tid":28},
{"name":"PoseInterpolator /Biped/Rig/PoseInterpolators/ankleSwing_l_driver","cat":"step","ph":"X","ts":279645,"dur":2,"pid":1,"tid":31},
{"name":"PoseInterpolator /Biped/Rig/PoseInterpolators/ankleSwing_r_driver","cat":"step","ph":"X","ts":279666,"dur":3,"pid":1,"tid":26},
{"name":"PoseInterpolator /Biped/Rig/PoseInterpolators/elbow_l_driver","cat":"step","ph":"X","ts":279354,"dur":4,"pid":1,"tid":22},
{"name":"PoseInterpolator /Biped/Rig/PoseInterpolators/elbow_r_driver","cat":"step","ph":"X","ts":279429,"dur":3,"pid":1,"tid":22},
{"name":"PoseInterpolator /Biped/Rig/PoseInterpolators/index_002_l","cat":"step","ph":"X","ts":279317,"dur":4,"pid":1,"tid":29},
{"name":"PoseInterpolator /Biped/Rig/PoseInterpolators/index_002_r","cat":"step","ph":"X","ts":279358,"dur":2,"pid":1,"tid":22},
{"name":"PoseInterpolator /Biped/Rig/PoseInterpolators/knee_l_driver","cat":"step","ph":"X","ts":279579,"dur":3,"pid":1,"tid":6},
{"name":"PoseInterpolator /Biped/Rig/PoseInterpolators/knee_r_driver","cat":"step","ph":"X","ts":279609,"dur":3,"pid":1,"tid":31},
{"name":"PoseInterpolator /Biped/Rig/PoseInterpolators/middle_002_l","cat":"step","ph":"X","ts":279321,"dur":6,"pid":1,"tid":29},
{"name":"PoseInterpolator /Biped/Rig/PoseInterpolators/middle_002_r","cat":"step","ph":"X","ts":279360,"dur":2,"pid":1,"tid":22},
{"name":"PoseInterpolator /Biped/Rig/PoseInterpolators/neckTwist","cat":"step","ph":"X","ts":279827,"dur":1,"pid":1,"tid":0},
{"name":"PoseInterpolator /Biped/Rig/PoseInterpolators/neck","cat":"step","ph":"X","ts":279828,"dur":1,"pid":1,"tid":0},
{"name":"PoseInterpolator /Biped/Rig/PoseInterpolators/pinky_002_l","cat":"step","ph":"X","ts":279327,"dur":2,"pid":1,"tid":29},
{"name":"PoseInterpolator /Biped/Rig/PoseInterpolators/pinky_002_r","cat":"step","ph":"X","ts":279362,"dur":2,"pid":1,"tid":22},
{"name":"PoseInterpolator /Biped/Rig/PoseInterpolators/ring_002_l","cat":"step","ph":"X","ts":279329,"dur":2,"pid":1,"tid":29},
{"name":"PoseInterpolator /Biped/Rig/PoseInterpolators/ring_002_r","cat":"step","ph":"X","ts":279364,"dur":1,"pid":1,"tid":22},
{"name":"PoseInterpolator /Biped/Rig/PoseInterpolators/shoulder_l_driver","cat":"step","ph":"X","ts":279859,"dur":3,"pid":1,"tid":20},
{"name":"PoseInterpolator /Biped/Rig/PoseInterpolators/shoulder_l_twist_driver","cat":"step","ph":"X","ts":279875,"dur":2,"pid":1,"tid":6},
{"name":"PoseInterpolator /Biped/Rig/PoseInterpolators/shoulder_r_driver","cat":"step","ph":"X","ts":279862,"dur":2,"pid":1,"tid":20},
{"name":"PoseInterpolator /Biped/Rig/PoseInterpolators/shoulder_r_twist_driver","cat":"step","ph":"X","ts":279877,"dur":2,"pid":1,"tid":6},
{"name":"PoseInterpolator /Biped/Rig/PoseInterpolators/thigh_l_driver","cat":"step","ph":"X","ts":279675,"dur":3,"pid":1,"tid":28},
{"name":"PoseInterpolator /Biped/Rig/PoseInterpolators/thigh_r_driver","cat":"step","ph":"X","ts":279678,"dur":1,"pid":1,"tid":28},
{"name":"PoseInterpolator /Biped/Rig/PoseInterpolators/toe_l","cat":"step","ph":"X","ts":279612,"dur":3,"pid":1,"tid":31},
{"name":"PoseInterpolator /Biped/Rig/PoseInterpolators/toe_l_twist","cat":"step","ph":"X","ts":279615,"dur":1,"pid":1,"tid":31},
{"name":"PoseInterpolator /Biped/Rig/PoseInterpolators/toe_r","cat":"step","ph":"X","ts":279630,"dur":2,"pid":1,"tid":31},
{"name":"PoseInterpolator /Biped/Rig/PoseInterpolators/toe_r_twist","cat":"step","ph":"X","ts":279632,"dur":1,"pid":1,"tid":31},
{"name":"PoseInterpolator /Biped/Rig/PoseInterpolators/torso","cat":"step","ph":"X","ts":279161,"dur":4,"pid":1,"tid":0},
{"name":"PoseInterpolator /Biped/Rig/PoseInterpolators/wristSwing_l_driver","cat":"step","ph":"X","ts":279460,"dur":3,"pid":1,"tid":22},
{"name":"PoseInterpolator /Biped/Rig/PoseInterpolators/wristSwing_r_driver","cat":"step","ph":"X","ts":279481,"dur":2,"pid":1,"tid":22},
{"name":"RevisionStatic /Biped/Rig/Movers/shapes_body_geo/body_geo_shapes","cat":"step","ph":"X","ts":279883,"dur":538,"pid":1,"tid":6},
{"name":"RevisionChunk /Biped/Rig/Movers/shapes_body_geo/body_geo_shapes","cat":"step","ph":"X","ts":280428,"dur":380,"pid":1,"tid":6},
{"name":"RevisionFuse /Biped/Rig/Movers/shapes_body_geo/body_geo_shapes","cat":"step","ph":"X","ts":280813,"dur":17,"pid":1,"tid":6},
{"name":"InfluenceFold /Biped/Rig/Movers/skin_body_geo/body_geo_skin","cat":"step","ph":"X","ts":280841,"dur":32,"pid":1,"tid":6},
{"name":"RevisionChunk /Biped/Rig/Movers/skin_body_geo/body_geo_skin","cat":"step","ph":"X","ts":280873,"dur":2232,"pid":1,"tid":6},
{"name":"RevisionFuse /Biped/Rig/Movers/skin_body_geo/body_geo_skin","cat":"step","ph":"X","ts":283105,"dur":3,"pid":1,"tid":6},
{"name":"ChainStatus /Biped/Geom/body_geo.points","cat":"step","ph":"X","ts":283108,"dur":20,"pid":1,"tid":6},
{"name":"Derived /Biped/Geom/body_geo.extent","cat":"step","ph":"X","ts":283128,"dur":456,"pid":1,"tid":6},
{"name":"cluster 0","cat":"cluster","ph":"X","ts":279112,"dur":14,"pid":1,"tid":0,"args":{"level":"1","steps":"21","waitUs":"6"}},
{"name":"cluster 1","cat":"cluster","ph":"X","ts":279126,"dur":12,"pid":1,"tid":0,"args":{"level":"2","steps":"30","waitUs":"0"}},
{"name":"cluster 2","cat":"cluster","ph":"X","ts":279161,"dur":16,"pid":1,"tid":20,"args":{"level":"3","steps":"21","waitUs":"23"}},
{"name":"cluster 3","cat":"cluster","ph":"X","ts":279177,"dur":24,"pid":1,"tid":20,"args":{"level":"4","steps":"22","waitUs":"0"}},
{"name":"cluster 4","cat":"cluster","ph":"X","ts":279204,"dur":17,"pid":1,"tid":16,"args":{"level":"5","steps":"17","waitUs":"3"}},
{"name":"cluster 5","cat":"cluster","ph":"X","ts":279224,"dur":15,"pid":1,"tid":28,"args":{"level":"6","steps":"20","waitUs":"3"}},
{"name":"cluster 6","cat":"cluster","ph":"X","ts":279247,"dur":10,"pid":1,"tid":28,"args":{"level":"7","steps":"16","waitUs":"1"}},
{"name":"cluster 7","cat":"cluster","ph":"X","ts":279258,"dur":13,"pid":1,"tid":16,"args":{"level":"8","steps":"14","waitUs":"1"}},
{"name":"cluster 8","cat":"cluster","ph":"X","ts":279148,"dur":17,"pid":1,"tid":0,"args":{"level":"3","steps":"15","waitUs":"10"}},
{"name":"cluster 9","cat":"cluster","ph":"X","ts":279273,"dur":24,"pid":1,"tid":9,"args":{"level":"9","steps":"15","waitUs":"2"}},
{"name":"cluster 10","cat":"cluster","ph":"X","ts":279300,"dur":34,"pid":1,"tid":22,"args":{"level":"10","steps":"18","waitUs":"3"}},
{"name":"cluster 11","cat":"cluster","ph":"X","ts":279340,"dur":11,"pid":1,"tid":15,"args":{"level":"11","steps":"13","waitUs":"6"}},
{"name":"cluster 12","cat":"cluster","ph":"X","ts":279222,"dur":24,"pid":1,"tid":16,"args":{"level":"6","steps":"8","waitUs":"1"}},
{"name":"cluster 13","cat":"cluster","ph":"X","ts":279364,"dur":36,"pid":1,"tid":0,"args":{"level":"12","steps":"12","waitUs":"0"}},
{"name":"cluster 14","cat":"cluster","ph":"X","ts":279247,"dur":6,"pid":1,"tid":16,"args":{"level":"7","steps":"6","waitUs":"1"}},
{"name":"cluster 15","cat":"cluster","ph":"X","ts":279401,"dur":15,"pid":1,"tid":0,"args":{"level":"13","steps":"6","waitUs":"1"}},
{"name":"cluster 17","cat":"cluster","ph":"X","ts":279202,"dur":10,"pid":1,"tid":20,"args":{"level":"5","steps":"7","waitUs":"1"}},
{"name":"cluster 18","cat":"cluster","ph":"X","ts":279464,"dur":19,"pid":1,"tid":22,"args":{"level":"14","steps":"16","waitUs":"0"}},
{"name":"cluster 19","cat":"cluster","ph":"X","ts":279212,"dur":14,"pid":1,"tid":20,"args":{"level":"6","steps":"1","waitUs":"0"}},
{"name":"cluster 20","cat":"cluster","ph":"X","ts":279302,"dur":28,"pid":1,"tid":15,"args":{"level":"10","steps":"3","waitUs":"5"}},
{"name":"cluster 21","cat":"cluster","ph":"X","ts":279330,"dur":7,"pid":1,"tid":15,"args":{"level":"11","steps":"3","waitUs":"0"}},
{"name":"cluster 22","cat":"cluster","ph":"X","ts":279303,"dur":7,"pid":1,"tid":31,"args":{"level":"10","steps":"3","waitUs":"2"}},
{"name":"cluster 23","cat":"cluster","ph":"X","ts":279349,"dur":15,"pid":1,"tid":0,"args":{"level":"11","steps":"7","waitUs":"14"}},
{"name":"cluster 24","cat":"cluster","ph":"X","ts":279275,"dur":26,"pid":1,"tid":29,"args":{"level":"9","steps":"3","waitUs":"4"}},
{"name":"cluster 25","cat":"cluster","ph":"X","ts":279308,"dur":13,"pid":1,"tid":23,"args":{"level":"10","steps":"3","waitUs":"7"}},
{"name":"cluster 26","cat":"cluster","ph":"X","ts":279280,"dur":7,"pid":1,"tid":3,"args":{"level":"9","steps":"2","waitUs":"9"}},
{"name":"cluster 27","cat":"cluster","ph":"X","ts":279484,"dur":16,"pid":1,"tid":22,"args":{"level":"15","steps":"10","waitUs":"1"}},
{"name":"cluster 28","cat":"cluster","ph":"X","ts":279501,"dur":11,"pid":1,"tid":22,"args":{"level":"16","steps":"4","waitUs":"0"}},
{"name":"cluster 29","cat":"cluster","ph":"X","ts":279512,"dur":17,"pid":1,"tid":22,"args":{"level":"17","steps":"6","waitUs":"0"}},
{"name":"cluster 30","cat":"cluster","ph":"X","ts":279540,"dur":25,"pid":1,"tid":6,"args":{"level":"18","steps":"5","waitUs":"11"}},
{"name":"cluster 31","cat":"cluster","ph":"X","ts":279567,"dur":30,"pid":1,"tid":31,"args":{"level":"19","steps":"5","waitUs":"2"}},
{"name":"cluster 32","cat":"cluster","ph":"X","ts":279258,"dur":7,"pid":1,"tid":28,"args":{"level":"8","steps":"8","waitUs":"0"}},
{"name":"cluster 33","cat":"cluster","ph":"X","ts":279298,"dur":17,"pid":1,"tid":9,"args":{"level":"10","steps":"4","waitUs":"0"}},
{"name":"cluster 34","cat":"cluster","ph":"X","ts":279599,"dur":15,"pid":1,"tid":29,"args":{"level":"20","steps":"3","waitUs":"2"}},
{"name":"cluster 35","cat":"cluster","ph":"X","ts":279616,"dur":12,"pid":1,"tid":28,"args":{"level":"21","steps":"3","waitUs":"2"}},
{"name":"cluster 36","cat":"cluster","ph":"X","ts":279632,"dur":25,"pid":1,"tid":26,"args":{"level":"22","steps":"3","waitUs":"4"}},
{"name":"cluster 37","cat":"cluster","ph":"X","ts":279659,"dur":11,"pid":1,"tid":28,"args":{"level":"23","steps":"2","waitUs":"2"}},
{"name":"cluster 38","cat":"cluster","ph":"X","ts":279672,"dur":20,"pid":1,"tid":27,"args":{"level":"24","steps":"2","waitUs":"1"}},
{"name":"cluster 39","cat":"cluster","ph":"X","ts":279692,"dur":11,"pid":1,"tid":27,"args":{"level":"25","steps":"3","waitUs":"0"}},
{"name":"cluster 40","cat":"cluster","ph":"X","ts":279703,"dur":9,"pid":1,"tid":27,"args":{"level":"26","steps":"2","waitUs":"0"}},
{"name":"cluster 41","cat":"cluster","ph":"X","ts":279712,"dur":9,"pid":1,"tid":27,"args":{"level":"27","steps":"1","waitUs":"0"}},
{"name":"cluster 42","cat":"cluster","ph":"X","ts":279721,"dur":8,"pid":1,"tid":27,"args":{"level":"28","steps":"2","waitUs":"0"}},
{"name":"cluster 43","cat":"cluster","ph":"X","ts":279730,"dur":8,"pid":1,"tid":27,"args":{"level":"29","steps":"1","waitUs":"1"}},
{"name":"cluster 44","cat":"cluster","ph":"X","ts":279739,"dur":7,"pid":1,"tid":27,"args":{"level":"30","steps":"2","waitUs":"1"}},
{"name":"cluster 45","cat":"cluster","ph":"X","ts":279746,"dur":10,"pid":1,"tid":27,"args":{"level":"31","steps":"1","waitUs":"0"}},
{"name":"cluster 46","cat":"cluster","ph":"X","ts":279756,"dur":8,"pid":1,"tid":27,"args":{"level":"32","steps":"2","waitUs":"0"}},
{"name":"cluster 47","cat":"cluster","ph":"X","ts":279764,"dur":9,"pid":1,"tid":27,"args":{"level":"33","steps":"1","waitUs":"0"}},
{"name":"cluster 48","cat":"cluster","ph":"X","ts":279773,"dur":9,"pid":1,"tid":27,"args":{"level":"34","steps":"1","waitUs":"0"}},
{"name":"cluster 49","cat":"cluster","ph":"X","ts":279782,"dur":11,"pid":1,"tid":27,"args":{"level":"35","steps":"4","waitUs":"0"}},
{"name":"cluster 50","cat":"cluster","ph":"X","ts":279793,"dur":13,"pid":1,"tid":27,"args":{"level":"36","steps":"4","waitUs":"0"}},
{"name":"cluster 51","cat":"cluster","ph":"X","ts":279812,"dur":9,"pid":1,"tid":0,"args":{"level":"37","steps":"3","waitUs":"6"}},
{"name":"cluster 52","cat":"cluster","ph":"X","ts":279826,"dur":13,"pid":1,"tid":20,"args":{"level":"38","steps":"3","waitUs":"5"}},
{"name":"cluster 53","cat":"cluster","ph":"X","ts":279839,"dur":15,"pid":1,"tid":20,"args":{"level":"39","steps":"7","waitUs":"0"}},
{"name":"cluster 54","cat":"cluster","ph":"X","ts":279856,"dur":13,"pid":1,"tid":6,"args":{"level":"40","steps":"2","waitUs":"2"}},
{"name":"cluster 55","cat":"cluster","ph":"X","ts":279869,"dur":10,"pid":1,"tid":6,"args":{"level":"41","steps":"5","waitUs":"0"}},
{"name":"cluster 56","cat":"cluster","ph":"X","ts":279879,"dur":542,"pid":1,"tid":6,"args":{"level":"42","steps":"3","waitUs":"0"}},
{"name":"cluster 57","cat":"cluster","ph":"X","ts":280421,"dur":387,"pid":1,"tid":6,"args":{"level":"43","steps":"2","waitUs":"0"}},
{"name":"cluster 58","cat":"cluster","ph":"X","ts":280808,"dur":23,"pid":1,"tid":6,"args":{"level":"44","steps":"3","waitUs":"0"}},
{"name":"cluster 59","cat":"cluster","ph":"X","ts":280831,"dur":10,"pid":1,"tid":6,"args":{"level":"46","steps":"28","waitUs":"0"}},
{"name":"cluster 60","cat":"cluster","ph":"X","ts":279272,"dur":23,"pid":1,"tid":16,"args":{"level":"9","steps":"7","waitUs":"1"}},
{"name":"cluster 61","cat":"cluster","ph":"X","ts":279600,"dur":13,"pid":1,"tid":16,"args":{"level":"20","steps":"2","waitUs":"3"}},
{"name":"cluster 62","cat":"cluster","ph":"X","ts":279341,"dur":24,"pid":1,"tid":22,"args":{"level":"11","steps":"12","waitUs":"0"}},
{"name":"cluster 63","cat":"cluster","ph":"X","ts":279614,"dur":6,"pid":1,"tid":29,"args":{"level":"21","steps":"3","waitUs":"0"}},
{"name":"cluster 64","cat":"cluster","ph":"X","ts":279813,"dur":7,"pid":1,"tid":27,"args":{"level":"37","steps":"8","waitUs":"7"}},
{"name":"cluster 65","cat":"cluster","ph":"X","ts":279534,"dur":12,"pid":1,"tid":22,"args":{"level":"18","steps":"7","waitUs":"5"}},
{"name":"cluster 66","cat":"cluster","ph":"X","ts":279629,"dur":6,"pid":1,"tid":28,"args":{"level":"22","steps":"2","waitUs":"1"}},
{"name":"cluster 67","cat":"cluster","ph":"X","ts":279821,"dur":8,"pid":1,"tid":0,"args":{"level":"38","steps":"5","waitUs":"0"}},
{"name":"cluster 68","cat":"cluster","ph":"X","ts":279657,"dur":12,"pid":1,"tid":26,"args":{"level":"23","steps":"8","waitUs":"0"}},
{"name":"cluster 69","cat":"cluster","ph":"X","ts":279671,"dur":8,"pid":1,"tid":28,"args":{"level":"24","steps":"6","waitUs":"0"}},
{"name":"cluster 70","cat":"cluster","ph":"X","ts":279634,"dur":13,"pid":1,"tid":31,"args":{"level":"22","steps":"7","waitUs":"0"}},
{"name":"cluster 71","cat":"cluster","ph":"X","ts":279617,"dur":16,"pid":1,"tid":31,"args":{"level":"21","steps":"12","waitUs":"0"}},
{"name":"cluster 72","cat":"cluster","ph":"X","ts":279598,"dur":18,"pid":1,"tid":31,"args":{"level":"20","steps":"29","waitUs":"0"}},
{"name":"cluster 73","cat":"cluster","ph":"X","ts":279565,"dur":17,"pid":1,"tid":6,"args":{"level":"19","steps":"28","waitUs":"0"}},
{"name":"cluster 74","cat":"cluster","ph":"X","ts":279366,"dur":67,"pid":1,"tid":22,"args":{"level":"12","steps":"31","waitUs":"0"}},
{"name":"cluster 75","cat":"cluster","ph":"X","ts":279855,"dur":9,"pid":1,"tid":20,"args":{"level":"40","steps":"6","waitUs":"1"}},
{"name":"cluster 76","cat":"cluster","ph":"X","ts":279433,"dur":30,"pid":1,"tid":22,"args":{"level":"13","steps":"37","waitUs":"0"}},
{"name":"cluster 77","cat":"cluster","ph":"X","ts":279302,"dur":29,"pid":1,"tid":29,"args":{"level":"10","steps":"12","waitUs":"0"}},
{"name":"cluster 78","cat":"cluster","ph":"X","ts":280841,"dur":32,"pid":1,"tid":6,"args":{"level":"47","steps":"1","waitUs":"0"}},
{"name":"cluster 79","cat":"cluster","ph":"X","ts":280873,"dur":2232,"pid":1,"tid":6,"args":{"level":"48","steps":"1","waitUs":"0"}},
{"name":"cluster 80","cat":"cluster","ph":"X","ts":283105,"dur":3,"pid":1,"tid":6,"args":{"level":"49","steps":"1","waitUs":"0"}},
{"name":"cluster 81","cat":"cluster","ph":"X","ts":283108,"dur":476,"pid":1,"tid":6,"args":{"level":"51","steps":"2","waitUs":"0"}},
{"name":"BakedPublish","cat":"baked","ph":"X","ts":283706,"dur":81,"pid":1,"tid":0},
{"name":"BakedEpilogue","cat":"baked","ph":"X","ts":283596,"dur":235,"pid":1,"tid":0},
{"name":"Baked","cat":"baked","ph":"X","ts":278487,"dur":5345,"pid":1,"tid":0},
{"name":"Evaluate@6","cat":"evaluate","ph":"X","ts":278486,"dur":5348,"pid":1,"tid":0},
{"name":"PropertyChain /Biped/Rig/Movers/ballRoll_l_down_rc/ballRoll_l_down_rotation.inputs:defaultWeight","cat":"property","ph":"X","ts":284062,"dur":65,"pid":1,"tid":0},
{"name":"PropertyChain /Biped/Rig/Movers/ballRoll_l_up_rc/ballRoll_l_up_rotation.inputs:defaultWeight","cat":"property","ph":"X","ts":284129,"dur":13,"pid":1,"tid":0},
{"name":"PropertyChain /Biped/Rig/Movers/ballRoll_r_down_rc/ballRoll_r_down_rotation.inputs:defaultWeight","cat":"property","ph":"X","ts":284143,"dur":27,"pid":1,"tid":0},
{"name":"PropertyChain /Biped/Rig/Movers/ballRoll_r_up_rc/ballRoll_r_up_rotation.inputs:defaultWeight","cat":"property","ph":"X","ts":284171,"dur":14,"pid":1,"tid":0},
{"name":"PropertyChain /Biped/Rig/Movers/bankIn_l_pivot_rc/bankIn_l_pivot_rotation.inputs:defaultWeight","cat":"property","ph":"X","ts":284186,"dur":8,"pid":1,"tid":0},
{"name":"PropertyChain /Biped/Rig/Movers/bankIn_r_pivot_rc/bankIn_r_pivot_rotation.inputs:defaultWeight","cat":"property","ph":"X","ts":284195,"dur":8,"pid":1,"tid":0},
{"name":"PropertyChain /Biped/Rig/Movers/bankOut_l_pivot_rc/bankOut_l_pivot_rotation.inputs:defaultWeight","cat":"property","ph":"X","ts":284204,"dur":7,"pid":1,"tid":0},
{"name":"PropertyChain /Biped/Rig/Movers/bankOut_r_pivot_rc/bankOut_r_pivot_rotation.inputs:defaultWeight","cat":"property","ph":"X","ts":284212,"dur":8,"pid":1,"tid":0},
{"name":"PropertyChain /Biped/Rig/Movers/heel_l_roll_rc/heel_l_roll_rotation.inputs:defaultWeight","cat":"property","ph":"X","ts":284220,"dur":7,"pid":1,"tid":0},
{"name":"PropertyChain /Biped/Rig/Movers/heel_r_roll_rc/heel_r_roll_rotation.inputs:defaultWeight","cat":"property","ph":"X","ts":284227,"dur":8,"pid":1,"tid":0},
{"name":"PropertyChain /Biped/Rig/Movers/toe_l_roll_rc/toe_l_roll_rotation.inputs:defaultWeight","cat":"property","ph":"X","ts":284236,"dur":12,"pid":1,"tid":0},
{"name":"PropertyChain /Biped/Rig/Movers/toe_r_roll_rc/toe_r_roll_rotation.inputs:defaultWeight","cat":"property","ph":"X","ts":284249,"dur":14,"pid":1,"tid":0},
{"name":"PropertyChains","cat":"property","ph":"X","ts":284060,"dur":204,"pid":1,"tid":0},
{"name":"BakedInputs","cat":"baked","ph":"X","ts":284264,"dur":10,"pid":1,"tid":0},
{"name":"BakedChainBase","cat":"geometry","ph":"X","ts":284585,"dur":31,"pid":1,"tid":0},
{"name":"BakedPrologue","cat":"baked","ph":"X","ts":284056,"dur":560,"pid":1,"tid":0},
{"name":"BakedRegion","cat":"baked","ph":"X","ts":284617,"dur":4639,"pid":1,"tid":0},
{"name":"ComposeSubtree /Biped/Rig/Controls/arm_l_ik","cat":"step","ph":"X","ts":284711,"dur":3,"pid":1,"tid":0},
{"name":"ComposeSubtree /Biped/Rig/Controls/arm_r_params","cat":"step","ph":"X","ts":284714,"dur":1,"pid":1,"tid":0},
{"name":"ComposeSubtree /Biped/Rig/Controls/hips_ctl","cat":"step","ph":"X","ts":284715,"dur":1,"pid":1,"tid":0},
{"name":"ComposeSubtree /Biped/Rig/Controls/hips_ctl/spine_root_pivot/spine_root_ctl","cat":"step","ph":"X","ts":284725,"dur":1,"pid":1,"tid":0},
{"name":"ComposeSubtree /Biped/Rig/Controls/hips_ctl/spine_root_pivot/spine_root_ctl/pelvis_l_ctl/leg_l_root","cat":"step","ph":"X","ts":284755,"dur":2,"pid":1,"tid":27},
{"name":"ComposeSubtree /Biped/Rig/Controls/hips_ctl/spine_root_pivot/spine_root_ctl/pelvis_l_ctl/leg_l_root/leg_l_fk_thigh_l_bind/leg_l_fk_knee_l_bind","cat":"step","ph":"X","ts":284767,"dur":1,"pid":1,"tid":27},
{"name":"ComposeSubtree /Biped/Rig/Controls/hips_ctl/spine_root_pivot/spine_root_ctl/pelvis_r_ctl/leg_r_root/leg_r_fk_thigh_r_bind/leg_r_fk_knee_r_bind","cat":"step","ph":"X","ts":284787,"dur":2,"pid":1,"tid":26},
{"name":"ComposeSubtree /Biped/Rig/Controls/hips_ctl/torso_ctl/spine_end_pivot/spine_end_ctl","cat":"step","ph":"X","ts":284757,"dur":1,"pid":1,"tid":27},
{"name":"ComposeSubtree /Biped/Rig/Controls/hips_ctl/torso_ctl/spine_end_pivot/spine_end_ctl/clavicle_r_ctl","cat":"step","ph":"X","ts":284768,"dur":1,"pid":1,"tid":27},
{"name":"ComposeSubtree /Biped/Rig/Controls/hips_ctl/torso_ctl/spine_end_pivot/spine_end_ctl/clavicle_r_ctl/arm_r_root/arm_r_fk_shoulder_r_bind","cat":"step","ph":"X","ts":284789,"dur":1,"pid":1,"tid":26},
{"name":"ComposeSubtree /Biped/Rig/Controls/hips_ctl/torso_ctl/spine_end_pivot/spine_end_ctl/clavicle_r_ctl/arm_r_root/arm_r_fk_shoulder_r_bind/arm_r_fk_elbow_r_bind","cat":"step","ph":"X","ts":284801,"dur":1,"pid":1,"tid":15},
{"name":"ComposeSubtree /Biped/Rig/Controls/index_001_l_bind_fk_follow","cat":"step","ph":"X","ts":284716,"dur":1,"pid":1,"tid":0},
{"name":"ComposeSubtree /Biped/Rig/Controls/index_001_l_bind_fk_follow/index_001_l_bind_fk/index_002_l_bind_fk","cat":"step","ph":"X","ts":284726,"dur":1,"pid":1,"tid":0},
{"name":"ComposeSubtree /Biped/Rig/Controls/index_001_l_bind_fk_follow/index_001_l_bind_fk/index_002_l_bind_fk/index_003_l_bind_fk","cat":"step","ph":"X","ts":284758,"dur":1,"pid":1,"tid":27},
{"name":"ComposeSubtree /Biped/Rig/Controls/leg_l_ik","cat":"step","ph":"X","ts":284717,"dur":1,"pid":1,"tid":0},
{"name":"ComposeSubtree /Biped/Rig/Controls/leg_l_ik/ankle_l_pivot/bankIn_l_pivot/bankOut_l_pivot/heel_l_roll","cat":"step","ph":"X","ts":284759,"dur":1,"pid":1,"tid":27},
{"name":"ComposeSubtree /Biped/Rig/Controls/leg_l_ik/ankle_l_pivot/bankIn_l_pivot/bankOut_l_pivot/heel_l_roll/heel_l/ball_l_pivot","cat":"step","ph":"X","ts":284769,"dur":1,"pid":1,"tid":27},
{"name":"ComposeSubtree /Biped/Rig/Controls/leg_l_ik/ankle_l_pivot/bankIn_l_pivot/bankOut_l_pivot/heel_l_roll/heel_l/ball_l_pivot/toe_l_roll/toe_l/ballRoll_l_up/ballRoll_l_down","cat":"step","ph":"X","ts":284802,"dur":1,"pid":1,"tid":15},
{"name":"ComposeSubtree /Biped/Rig/Controls/leg_l_ik/ankle_l_pivot/bankIn_l_pivot/bankOut_l_pivot/heel_l_roll/heel_l/ball_l_pivot/toe_l_roll/toe_l/ballRoll_l_up/ballRoll_l_down/ballRoll_l/ankle_l_ikTarget","cat":"step","ph":"X","ts":284820,"dur":2,"pid":1,"tid":29},
{"name":"ComposeSubtree /Biped/Rig/Controls/leg_l_ik/ankle_l_pivot/bankIn_l_pivot/bankOut_l_pivot/heel_l_roll/heel_l/ball_l_pivot/toe_l_roll/toe_l/ballRoll_l_up/ballRoll_l_down_twin","cat":"step","ph":"X","ts":284803,"dur":1,"pid":1,"tid":15},
{"name":"ComposeSubtree /Biped/Rig/Controls/leg_l_ik/ankle_l_pivot/bankIn_l_pivot/bankOut_l_pivot/heel_l_roll/heel_l/ball_l_pivot/toe_l_roll/toe_l/toeBend_l/toeBend_l_fk","cat":"step","ph":"X","ts":284822,"dur":1,"pid":1,"tid":29},
{"name":"ComposeSubtree /Biped/Rig/Controls/leg_l_ik/ankle_l_pivot/bankIn_l_pivot/bankOut_l_pivot/heel_l_roll/heel_l/ball_l_pivot/toe_l_roll_twin","cat":"step","ph":"X","ts":284790,"dur":2,"pid":1,"tid":26},
{"name":"ComposeSubtree /Biped/Rig/Controls/leg_l_ik/ankle_l_pivot/bankIn_l_pivot/bankOut_l_pivot_twin","cat":"step","ph":"X","ts":284760,"dur":1,"pid":1,"tid":27},
{"name":"ComposeSubtree /Biped/Rig/Controls/leg_l_ik/ankle_l_pivot/bank_l","cat":"step","ph":"X","ts":284727,"dur":1,"pid":1,"tid":0},
{"name":"ComposeSubtree /Biped/Rig/Controls/leg_r_ik/ankle_r_pivot/bankIn_r_pivot/bankOut_r_pivot/heel_r_roll/heel_r/ball_r_pivot/toe_r_roll/toe_r/ballRoll_r_up/ballRoll_r_down/ballRoll_r","cat":"step","ph":"X","ts":284823,"dur":1,"pid":1,"tid":29},
{"name":"ComposeSubtree /Biped/Rig/Controls/leg_r_ik/ankle_r_pivot/bankIn_r_pivot/bankOut_r_pivot/heel_r_roll/heel_r/ball_r_pivot/toe_r_roll/toe_r/ballRoll_r_up/ballRoll_r_down/ballRoll_r/ball_r_ikTarget","cat":"step","ph":"X","ts":284839,"dur":10,"pid":1,"tid":9},
{"name":"ComposeSubtree /Biped/Rig/Controls/leg_r_ik/ankle_r_pivot/bankIn_r_pivot/bankOut_r_pivot/heel_r_roll/heel_r/ball_r_pivot/toe_r_roll/toe_r/ballRoll_r_up_twin","cat":"step","ph":"X","ts":284804,"dur":1,"pid":1,"tid":15},
{"name":"ComposeSubtree /Biped/Rig/Controls/leg_r_ik/ankle_r_pivot/bankIn_r_pivot/bankOut_r_pivot/heel_r_roll/heel_r/ball_r_pivot/toe_r_roll_twin","cat":"step","ph":"X","ts":284792,"dur":1,"pid":1,"tid":26},
{"name":"ComposeSubtree /Biped/Rig/Controls/leg_r_ik/ankle_r_pivot/bankIn_r_pivot/bankOut_r_pivot_twin","cat":"step","ph":"X","ts":284761,"dur":1,"pid":1,"tid":27},
{"name":"ComposeSubtree /Biped/Rig/Controls/leg_r_pv","cat":"step","ph":"X","ts":284718,"dur":1,"pid":1,"tid":0},
{"name":"ComposeSubtree /Biped/Rig/Controls/middle_001_l_bind_fk_follow/middle_001_l_bind_fk","cat":"step","ph":"X","ts":284728,"dur":1,"pid":1,"tid":0},
{"name":"ComposeSubtree /Biped/Rig/Controls/middle_001_l_bind_fk_follow/middle_001_l_bind_fk/middle_002_l_bind_fk/middle_003_l_bind_fk","cat":"step","ph":"X","ts":284762,"dur":1,"pid":1,"tid":27},
{"name":"ComposeSubtree /Biped/Rig/Controls/pinkyCup_l_bind_fk_follow/pinkyCup_l_bind_fk/pinky_001_l_bind_fk/pinky_002_l_bind_fk/pinky_003_l_bind_fk","cat":"step","ph":"X","ts":284763,"dur":1,"pid":1,"tid":27},
{"name":"ComposeSubtree /Biped/Rig/Controls/pinkyCup_r_bind_fk_follow","cat":"step","ph":"X","ts":284720,"dur":1,"pid":1,"tid":0},
{"name":"ComposeSubtree /Biped/Rig/Controls/pinkyCup_r_bind_fk_follow/pinkyCup_r_bind_fk/pinky_001_r_bind_fk","cat":"step","ph":"X","ts":284729,"dur":1,"pid":1,"tid":0},
{"name":"ComposeSubtree /Biped/Rig/Controls/ring_001_r_bind_fk_follow/ring_001_r_bind_fk/ring_002_r_bind_fk/ring_003_r_bind_fk","cat":"step","ph":"X","ts":284764,"dur":1,"pid":1,"tid":27},
{"name":"ComposeSubtree /Biped/Rig/Controls/spine_mid_follow","cat":"step","ph":"X","ts":284721,"dur":1,"pid":1,"tid":0},
{"name":"ComposeSubtree /Biped/Rig/Controls/thumbCup_r_bind_fk_follow","cat":"step","ph":"X","ts":284722,"dur":1,"pid":1,"tid":0},
{"name":"ComposeSubtree /Biped/Rig/Controls/thumbCup_r_bind_fk_follow/thumbCup_r_bind_fk/thumb_001_r_bind_fk/thumb_002_r_bind_fk","cat":"step","ph":"X","ts":284765,"dur":1,"pid":1,"tid":27},
{"name":"ComposeSubtree /Biped/Rig/Joints/ankle_r_pivot","cat":"step","ph":"X","ts":284723,"dur":1,"pid":1,"tid":0},
{"name":"ComposeSubtree /Biped/Rig/Joints/ankle_r_pivot/bankIn_r_pivot/bankOut_r_pivot/heel_r_pivot/ball_r_pivot/toe_r_pivot/ballRoll_r_pivot","cat":"step","ph":"X","ts":284770,"dur":1,"pid":1,"tid":27},
{"name":"ComposeSubtree /Biped/Rig/Joints/hips_bind/pelvis_l_bind/pelvis_trans_l_bind/thigh_l_driver","cat":"step","ph":"X","ts":284766,"dur":1,"pid":1,"tid":27},
{"name":"ComposeSubtree /Biped/Rig/Joints/hips_bind/pelvis_l_bind/thighNoTwist_l_bind","cat":"step","ph":"X","ts":284731,"dur":1,"pid":1,"tid":0},
{"name":"ComposeSubtree /Biped/Rig/Joints/hips_bind/pelvis_l_bind/thigh_l_bind/knee_l_bind/ankleTwist_l_driver","cat":"step","ph":"X","ts":284747,"dur":1,"pid":1,"tid":0},
{"name":"ComposeSubtree /Biped/Rig/Joints/hips_bind/pelvis_l_bind/thigh_l_bind/knee_l_bind/ankle_l_bind/ball_l_bind/toe1_001_l_bind/toe1_002_l_bind/toe1_003_l_bind","cat":"step","ph":"X","ts":284805,"dur":1,"pid":1,"tid":15},
{"name":"ComposeSubtree /Biped/Rig/Joints/hips_bind/pelvis_l_bind/thigh_l_bind/knee_l_bind/ankle_l_bind/ball_l_bind/toe2_001_l_bind","cat":"step","ph":"X","ts":284793,"dur":1,"pid":1,"tid":26},
{"name":"ComposeSubtree /Biped/Rig/Joints/hips_bind/pelvis_l_bind/thigh_l_bind/knee_l_bind/ankle_l_bind/ball_l_bind/toe4_001_l_bind","cat":"step","ph":"X","ts":284794,"dur":1,"pid":1,"tid":26},
{"name":"ComposeSubtree /Biped/Rig/Joints/hips_bind/pelvis_l_bind/thigh_l_bind/knee_l_bind/ankle_l_bind/ball_l_bind/toe4_001_l_bind/toe4_002_l_bind/toe4_003_l_bind","cat":"step","ph":"X","ts":284806,"dur":1,"pid":1,"tid":15},
{"name":"ComposeSubtree /Biped/Rig/Joints/hips_bind/pelvis_l_bind/thigh_l_bind/knee_l_bind/ankle_l_bind/ball_l_bind/toe_l_bind","cat":"step","ph":"X","ts":284795,"dur":1,"pid":1,"tid":26},
{"name":"ComposeSubtree /Biped/Rig/Joints/hips_bind/pelvis_r_bind","cat":"step","ph":"X","ts":284732,"dur":1,"pid":1,"tid":0},
{"name":"ComposeSubtree /Biped/Rig/Joints/hips_bind/pelvis_r_bind/pelvis_trans_r_bind","cat":"step","ph":"X","ts":284748,"dur":1,"pid":1,"tid":0},
{"name":"ComposeSubtree /Biped/Rig/Joints/hips_bind/pelvis_r_bind/pelvis_trans_r_bind/thigh_r_driver","cat":"step","ph":"X","ts":284771,"dur":1,"pid":1,"tid":27},
{"name":"ComposeSubtree /Biped/Rig/Joints/hips_bind/pelvis_r_bind/thigh_r_bind","cat":"step","ph":"X","ts":284749,"dur":1,"pid":1,"tid":0},
{"name":"ComposeSubtree /Biped/Rig/Joints/hips_bind/pelvis_r_bind/thigh_r_bind/knee_r_bind/ankle_r_bind/ball_r_bind/toe1_001_r_bind/toe1_002_r_bind/toe1_003_r_bind","cat":"step","ph":"X","ts":284824,"dur":1,"pid":1,"tid":29},
{"name":"ComposeSubtree /Biped/Rig/Joints/hips_bind/pelvis_r_bind/thigh_r_bind/knee_r_bind/ankle_r_bind/ball_r_bind/toe2_001_r_bind","cat":"step","ph":"X","ts":284807,"dur":1,"pid":1,"tid":15},
{"name":"ComposeSubtree /Biped/Rig/Joints/hips_bind/pelvis_r_bind/thigh_r_bind/knee_r_bind/ankle_r_bind/ball_r_bind/toe2_001_r_bind/toe2_002_r_bind/toe2_003_r_bind","cat":"step","ph":"X","ts":284825,"dur":1,"pid":1,"tid":29},
{"name":"ComposeSubtree /Biped/Rig/Joints/hips_bind/pelvis_r_bind/thigh_r_bind/knee_r_bind/ankle_r_bind/ball_r_bind/toe3_001_r_bind","cat":"step","ph":"X","ts":284808,"dur":1,"pid":1,"tid":15},
{"name":"ComposeSubtree /Biped/Rig/Joints/hips_bind/pelvis_r_bind/thigh_r_bind/knee_r_bind/ankle_r_bind/ball_r_bind/toe4_001_r_bind/toe4_002_r_bind/toe4_003_r_bind","cat":"step","ph":"X","ts":284826,"dur":1,"pid":1,"tid":29},
{"name":"ComposeSubtree /Biped/Rig/Joints/hips_bind/pelvis_r_bind/thigh_r_bind/knee_r_bind/ankle_r_bind/ball_r_bind/toe5_001_r_bind","cat":"step","ph":"X","ts":284809,"dur":1,"pid":1,"tid":15},
{"name":"ComposeSubtree /Biped/Rig/Joints/hips_bind/pelvis_r_bind/thigh_r_bind/knee_r_bind/kneeTwist_r_bind","cat":"step","ph":"X","ts":284772,"dur":1,"pid":1,"tid":27},
{"name":"ComposeSubtree /Biped/Rig/Joints/hips_bind/spine_0_bind","cat":"step","ph":"X","ts":284733,"dur":1,"pid":1,"tid":0},
{"name":"ComposeSubtree /Biped/Rig/Joints/hips_bind/spine_0_bind/spine_1_bind/spine_2_bind/spine_3_bind/spine_4_bind","cat":"step","ph":"X","ts":284773,"dur":1,"pid":1,"tid":27},
{"name":"ComposeSubtree /Biped/Rig/Joints/hips_bind/spine_0_bind/spine_1_bind/spine_2_bind/spine_3_bind/spine_4_bind/spine_5_bind/chest_bind","cat":"step","ph":"X","ts":284796,"dur":1,"pid":1,"tid":26},
{"name":"ComposeSubtree /Biped/Rig/Joints/hips_bind/spine_0_bind/spine_1_bind/spine_2_bind/spine_3_bind/spine_4_bind/spine_5_bind/chest_bind/clavicle_l_bind/clavicle_trans_combo_l_driver","cat":"step","ph":"X","ts":284810,"dur":1,"pid":1,"tid":15},
{"name":"ComposeSubtree /Biped/Rig/Joints/hips_bind/spine_0_bind/spine_1_bind/spine_2_bind/spine_3_bind/spine_4_bind/spine_5_bind/chest_bind/clavicle_l_bind/clavicle_trans_l_bind/shoulder_l_driver","cat":"step","ph":"X","ts":284827,"dur":1,"pid":1,"tid":29},
{"name":"ComposeSubtree /Biped/Rig/Joints/hips_bind/spine_0_bind/spine_1_bind/spine_2_bind/spine_3_bind/spine_4_bind/spine_5_bind/chest_bind/clavicle_l_bind/shoulder_l_bind/elbow_l_bind/elbowTwist_l_bind","cat":"step","ph":"X","ts":284828,"dur":1,"pid":1,"tid":29},
{"name":"ComposeSubtree /Biped/Rig/Joints/hips_bind/spine_0_bind/spine_1_bind/spine_2_bind/spine_3_bind/spine_4_bind/spine_5_bind/chest_bind/clavicle_l_bind/shoulder_l_bind/elbow_l_bind/wristTwist_l_driver","cat":"step","ph":"X","ts":284829,"dur":1,"pid":1,"tid":29},
{"name":"ComposeSubtree /Biped/Rig/Joints/hips_bind/spine_0_bind/spine_1_bind/spine_2_bind/spine_3_bind/spine_4_bind/spine_5_bind/chest_bind/clavicle_l_bind/shoulder_l_bind/elbow_l_bind/wrist_l_bind/index_001_l_bind","cat":"step","ph":"X","ts":284849,"dur":3,"pid":1,"tid":9},
{"name":"ComposeSubtree /Biped/Rig/Joints/hips_bind/spine_0_bind/spine_1_bind/spine_2_bind/spine_3_bind/spine_4_bind/spine_5_bind/chest_bind/clavicle_l_bind/shoulder_l_bind/elbow_l_bind/wrist_l_bind/index_001_l_bind/index_002_l_bind","cat":"step","ph":"X","ts":284876,"dur":3,"pid":1,"tid":21},
{"name":"ComposeSubtree /Biped/Rig/Joints/hips_bind/spine_0_bind/spine_1_bind/spine_2_bind/spine_3_bind/spine_4_bind/spine_5_bind/chest_bind/clavicle_l_bind/shoulder_l_bind/elbow_l_bind/wrist_l_bind/index_001_l_bind/index_002_l_bind/index_003_l_bind/index_004_l_bind","cat":"step","ph":"X","ts":284909,"dur":1,"pid":1,"tid":3},
{"name":"ComposeSubtree /Biped/Rig/Joints/hips_bind/spine_0_bind/spine_1_bind/spine_2_bind/spine_3_bind/spine_4_bind/spine_5_bind/chest_bind/clavicle_l_bind/shoulder_l_bind/elbow_l_bind/wrist_l_bind/middle_001_l_bind","cat":"step","ph":"X","ts":284852,"dur":4,"pid":1,"tid":9},
{"name":"ComposeSubtree /Biped/Rig/Joints/hips_bind/spine_0_bind/spine_1_bind/spine_2_bind/spine_3_bind/spine_4_bind/spine_5_bind/chest_bind/clavicle_l_bind/shoulder_l_bind/elbow_l_bind/wrist_l_bind/middle_001_l_bind/middle_002_l_bind/middle_003_l_bind/middle_004_l_bind","cat":"step","ph":"X","ts":284910,"dur":1,"pid":1,"tid":3},
{"name":"ComposeSubtree /Biped/Rig/Joints/hips_bind/spine_0_bind/spine_1_bind/spine_2_bind/spine_3_bind/spine_4_bind/spine_5_bind/chest_bind/clavicle_l_bind/shoulder_l_bind/elbow_l_bind/wrist_l_bind/pinkyCup_l_bind","cat":"step","ph":"X","ts":284856,"dur":2,"pid":1,"tid":9},
{"name":"ComposeSubtree /Biped/Rig/Joints/hips_bind/spine_0_bind/spine_1_bind/spine_2_bind/spine_3_bind/spine_4_bind/spine_5_bind/chest_bind/clavicle_l_bind/shoulder_l_bind/elbow_l_bind/wrist_l_bind/pinkyCup_l_bind/pinky_001_l_bind/pinky_002_combo_l_driver","cat":"step","ph":"X","ts":284879,"dur":1,"pid":1,"tid":21},
{"name":"ComposeSubtree /Biped/Rig/Joints/hips_bind/spine_0_bind/spine_1_bind/spine_2_bind/spine_3_bind/spine_4_bind/spine_5_bind/chest_bind/clavicle_l_bind/shoulder_l_bind/elbow_l_bind/wrist_l_bind/ring_001_l_bind","cat":"step","ph":"X","ts":284859,"dur":2,"pid":1,"tid":9},
{"name":"ComposeSubtree /Biped/Rig/Joints/hips_bind/spine_0_bind/spine_1_bind/spine_2_bind/spine_3_bind/spine_4_bind/spine_5_bind/chest_bind/clavicle_l_bind/shoulder_l_bind/elbow_l_bind/wrist_l_bind/ring_001_l_bind/ring_002_l_bind","cat":"step","ph":"X","ts":284880,"dur":1,"pid":1,"tid":21},
{"name":"ComposeSubtree /Biped/Rig/Joints/hips_bind/spine_0_bind/spine_1_bind/spine_2_bind/spine_3_bind/spine_4_bind/spine_5_bind/chest_bind/clavicle_l_bind/shoulder_l_bind/elbow_l_bind/wrist_l_bind/thumbCup_l_bind","cat":"step","ph":"X","ts":284861,"dur":2,"pid":1,"tid":9},
{"name":"ComposeSubtree /Biped/Rig/Joints/hips_bind/spine_0_bind/spine_1_bind/spine_2_bind/spine_3_bind/spine_4_bind/spine_5_bind/chest_bind/clavicle_l_bind/shoulder_l_bind/elbow_l_bind/wrist_l_bind/thumbCup_l_bind/thumb_001_l_bind/thumb_002_l_bind/thumb_003_l_bind","cat":"step","ph":"X","ts":284911,"dur":1,"pid":1,"tid":3},
{"name":"ComposeSubtree /Biped/Rig/Joints/hips_bind/spine_0_bind/spine_1_bind/spine_2_bind/spine_3_bind/spine_4_bind/spine_5_bind/chest_bind/clavicle_r_bind","cat":"step","ph":"X","ts":284799,"dur":1,"pid":1,"tid":26},
{"name":"ComposeSubtree /Biped/Rig/Joints/hips_bind/spine_0_bind/spine_1_bind/spine_2_bind/spine_3_bind/spine_4_bind/spine_5_bind/chest_bind/clavicle_r_bind/clavicle_trans_r_bind/shoulder_r_driver","cat":"step","ph":"X","ts":284863,"dur":1,"pid":1,"tid":9},
{"name":"ComposeSubtree /Biped/Rig/Joints/hips_bind/spine_0_bind/spine_1_bind/spine_2_bind/spine_3_bind/spine_4_bind/spine_5_bind/chest_bind/clavicle_r_bind/shoulderNoTwist_r_bind","cat":"step","ph":"X","ts":284830,"dur":1,"pid":1,"tid":29},
{"name":"ComposeSubtree /Biped/Rig/Joints/hips_bind/spine_0_bind/spine_1_bind/spine_2_bind/spine_3_bind/spine_4_bind/spine_5_bind/chest_bind/clavicle_r_bind/shoulder_r_bind/elbow_r_bind/elbowTwist_r_bind","cat":"step","ph":"X","ts":284864,"dur":1,"pid":1,"tid":9},
{"name":"ComposeSubtree /Biped/Rig/Joints/hips_bind/spine_0_bind/spine_1_bind/spine_2_bind/spine_3_bind/spine_4_bind/spine_5_bind/chest_bind/clavicle_r_bind/shoulder_r_bind/elbow_r_bind/wristTwist_r_bind","cat":"step","ph":"X","ts":284865,"dur":1,"pid":1,"tid":9},
{"name":"ComposeSubtree /Biped/Rig/Joints/hips_bind/spine_0_bind/spine_1_bind/spine_2_bind/spine_3_bind/spine_4_bind/spine_5_bind/chest_bind/clavicle_r_bind/shoulder_r_bind/elbow_r_bind/wristTwist_r_driver","cat":"step","ph":"X","ts":284866,"dur":1,"pid":1,"tid":9},
{"name":"ComposeSubtree /Biped/Rig/Joints/hips_bind/spine_0_bind/spine_1_bind/spine_2_bind/spine_3_bind/spine_4_bind/spine_5_bind/chest_bind/clavicle_r_bind/shoulder_r_bind/elbow_r_bind/wrist_r_bind/index_001_r_bind","cat":"step","ph":"X","ts":284881,"dur":1,"pid":1,"tid":21},
{"name":"ComposeSubtree /Biped/Rig/Joints/hips_bind/spine_0_bind/spine_1_bind/spine_2_bind/spine_3_bind/spine_4_bind/spine_5_bind/chest_bind/clavicle_r_bind/shoulder_r_bind/elbow_r_bind/wrist_r_bind/index_001_r_bind/index_002_r_bind/index_003_r_bind/index_004_r_bind","cat":"step","ph":"X","ts":284932,"dur":1,"pid":1,"tid":3},
{"name":"ComposeSubtree /Biped/Rig/Joints/hips_bind/spine_0_bind/spine_1_bind/spine_2_bind/spine_3_bind/spine_4_bind/spine_5_bind/chest_bind/clavicle_r_bind/shoulder_r_bind/elbow_r_bind/wrist_r_bind/middle_001_r_bind","cat":"step","ph":"X","ts":284882,"dur":1,"pid":1,"tid":21},
{"name":"ComposeSubtree /Biped/Rig/Joints/hips_bind/spine_0_bind/spine_1_bind/spine_2_bind/spine_3_bind/spine_4_bind/spine_5_bind/chest_bind/clavicle_r_bind/shoulder_r_bind/elbow_r_bind/wrist_r_bind/middle_001_r_bind/middle_002_r_bind","cat":"step","ph":"X","ts":284912,"dur":1,"pid":1,"tid":3},
{"name":"ComposeSubtree /Biped/Rig/Joints/hips_bind/spine_0_bind/spine_1_bind/spine_2_bind/spine_3_bind/spine_4_bind/spine_5_bind/chest_bind/clavicle_r_bind/shoulder_r_bind/elbow_r_bind/wrist_r_bind/pinkyCup_r_bind","cat":"step","ph":"X","ts":284883,"dur":1,"pid":1,"tid":21},
{"name":"ComposeSubtree /Biped/Rig/Joints/hips_bind/spine_0_bind/spine_1_bind/spine_2_bind/spine_3_bind/spine_4_bind/spine_5_bind/chest_bind/clavicle_r_bind/shoulder_r_bind/elbow_r_bind/wrist_r_bind/pinkyCup_r_bind/pinky_001_r_bind/pinky_002_r_bind/pinky_003_r_bind/pinky_004_r_bind","cat":"step","ph":"X","ts":284990,"dur":1,"pid":1,"tid":15},
{"name":"ComposeSubtree /Biped/Rig/Joints/hips_bind/spine_0_bind/spine_1_bind/spine_2_bind/spine_3_bind/spine_4_bind/spine_5_bind/chest_bind/clavicle_r_bind/shoulder_r_bind/elbow_r_bind/wrist_r_bind/ring_001_r_bind","cat":"step","ph":"X","ts":284884,"dur":1,"pid":1,"tid":21},
{"name":"ComposeSubtree /Biped/Rig/Joints/hips_bind/spine_0_bind/spine_1_bind/spine_2_bind/spine_3_bind/spine_4_bind/spine_5_bind/chest_bind/clavicle_r_bind/shoulder_r_bind/elbow_r_bind/wrist_r_bind/ring_001_r_bind/ring_002_r_bind","cat":"step","ph":"X","ts":284913,"dur":1,"pid":1,"tid":3},
{"name":"ComposeSubtree /Biped/Rig/Joints/hips_bind/spine_0_bind/spine_1_bind/spine_2_bind/spine_3_bind/spine_4_bind/spine_5_bind/chest_bind/clavicle_r_bind/shoulder_r_bind/elbow_r_bind/wrist_r_bind/ring_001_r_bind/ring_002_r_bind/ring_003_r_bind/ring_004_r_bind","cat":"step","ph":"X","ts":284933,"dur":1,"pid":1,"tid":3},
{"name":"ComposeSubtree /Biped/Rig/Joints/hips_bind/spine_0_bind/spine_1_bind/spine_2_bind/spine_3_bind/spine_4_bind/spine_5_bind/chest_bind/clavicle_r_bind/shoulder_r_bind/elbow_r_bind/wrist_r_bind/thumbCup_r_bind","cat":"step","ph":"X","ts":284885,"dur":1,"pid":1,"tid":21},
{"name":"ComposeSubtree /Biped/Rig/Joints/hips_bind/spine_0_bind/spine_1_bind/spine_2_bind/spine_3_bind/spine_4_bind/spine_5_bind/chest_bind/neck_base_bind","cat":"step","ph":"X","ts":284800,"dur":1,"pid":1,"tid":26},
{"name":"ComposeSubtree /Biped/Rig/Joints/hips_bind/spine_0_bind/spine_1_bind/spine_2_bind/spine_3_bind/spine_4_bind/spine_5_bind/chest_bind/neck_base_bind/neck_0_bind/neck_1_bind/neck_2_bind/neck_3_bind/skull_bind/face_lower_bind","cat":"step","ph":"X","ts":284886,"dur":1,"pid":1,"tid":21},
{"name":"ComposeSubtree /Biped/Rig/Joints/hips_bind/spine_0_bind/spine_1_bind/spine_2_bind/spine_3_bind/spine_4_bind/spine_5_bind/chest_bind/neck_base_bind/neck_0_bind/neck_1_bind/neck_2_bind/neck_3_bind/skull_bind/face_lower_bind/face_mid_bind/jaw_compression_driver","cat":"step","ph":"X","ts":284914,"dur":1,"pid":1,"tid":3},
{"name":"ComposeSubtree /Biped/Rig/Joints/hips_bind/spine_0_bind/spine_1_bind/spine_2_bind/spine_3_bind/spine_4_bind/spine_5_bind/chest_bind/neck_base_bind/neck_0_bind/neck_1_bind/neck_2_bind/neck_3_bind/skull_bind/face_lower_bind/face_mid_bind/teeth_upper_bind","cat":"step","ph":"X","ts":284915,"dur":1,"pid":1,"tid":3},
{"name":"ComposeSubtree /Biped/Rig/Joints/hips_bind/spine_0_bind/spine_1_bind/spine_2_bind/spine_3_bind/spine_4_bind/spine_5_bind/chest_bind/neck_base_bind/neck_0_bind/neck_1_bind/neck_2_bind/neck_3_bind/skull_bind/face_lower_bind/jaw_bind/jaw_end","cat":"step","ph":"X","ts":284934,"dur":11,"pid":1,"tid":3},
{"name":"ComposeSubtree /Biped/Rig/Joints/hips_bind/spine_0_bind/spine_1_bind/spine_2_bind/spine_3_bind/spine_4_bind/spine_5_bind/chest_bind/neck_base_bind/neck_0_bind/neck_1_bind/neck_2_bind/neck_3_bind/skull_bind/face_lower_bind/jaw_bind/tongue_0_bind","cat":"step","ph":"X","ts":284945,"dur":1,"pid":1,"tid":3},
{"name":"ComposeSubtree /Biped/Rig/Joints/hips_bind/spine_0_bind/spine_1_bind/spine_2_bind/spine_3_bind/spine_4_bind/spine_5_bind/chest_bind/neck_base_bind/neck_0_bind/neck_1_bind/neck_2_bind/neck_3_bind/skull_bind/face_lower_bind/jaw_bind/tongue_0_bind/tongue_1_bind/tongue_2_bind/tongue_3_bind","cat":"step","ph":"X","ts":285011,"dur":1,"pid":1,"tid":15},
{"name":"ComposeSubtree /Biped/Rig/Joints/hips_bind/spine_0_bind/spine_1_bind/spine_2_bind/spine_3_bind/spine_4_bind/spine_5_bind/chest_bind/neck_base_bind/neck_0_bind/neck_1_bind/neck_2_bind/neck_3_bind/skull_bind/face_upper_bind/eyeSocket_r_bind","cat":"step","ph":"X","ts":284916,"dur":1,"pid":1,"tid":3},
{"name":"ComposeSubtree /Biped/Rig/Joints/hips_bind/spine_0_bind/spine_1_bind/spine_2_bind/spine_3_bind/spine_4_bind/spine_5_bind/chest_bind/neck_base_bind/neck_0_bind/neck_1_bind/neck_2_bind/neck_3_bind/skull_bind/face_upper_bind/head_tip_bind/brow_main_r_bind","cat":"step","ph":"X","ts":284946,"dur":1,"pid":1,"tid":3},
{"name":"ComposeSubtree /Biped/Rig/Joints/neck_ik_neck_0_bind/neck_ik_neck_1_bind","cat":"step","ph":"X","ts":284991,"dur":1,"pid":1,"tid":15},
{"name":"ComposeSubtree /Biped/Rig/Joints/neck_ik_neck_0_bind/neck_ik_neck_1_bind/neck_ik_neck_2_bind/neck_ik_neck_3_bind","cat":"step","ph":"X","ts":285012,"dur":1,"pid":1,"tid":15},
{"name":"ComposeSubtree /Biped/Rig/Joints/pupilCenter_l_pivot","cat":"step","ph":"X","ts":284724,"dur":1,"pid":1,"tid":0},
{"name":"Solve /Biped/Rig/Solvers/arm_l_fkChain","cat":"step","ph":"X","ts":284801,"dur":3,"pid":1,"tid":26},
{"name":"Solve /Biped/Rig/Solvers/arm_l_twoBoneIk","cat":"step","ph":"X","ts":284797,"dur":1,"pid":1,"tid":26},
{"name":"Solve /Biped/Rig/Solvers/arm_r_fkChain","cat":"step","ph":"X","ts":284819,"dur":1,"pid":1,"tid":26},
{"name":"SolverCommit batch 2","cat":"step","ph":"X","ts":284867,"dur":1,"pid":1,"tid":9},
{"name":"Solve /Biped/Rig/Solvers/arm_r_twoBoneIk","cat":"step","ph":"X","ts":284785,"dur":2,"pid":1,"tid":27},
{"name":"SolverCommit batch 3","cat":"step","ph":"X","ts":284804,"dur":1,"pid":1,"tid":26},
{"name":"Solve /Biped/Rig/Solvers/leg_l_fkChain","cat":"step","ph":"X","ts":284787,"dur":2,"pid":1,"tid":27},
{"name":"Solve /Biped/Rig/Solvers/leg_r_fkChain","cat":"step","ph":"X","ts":284805,"dur":1,"pid":1,"tid":26},
{"name":"Solve /Biped/Rig/Solvers/neck_splineIk","cat":"step","ph":"X","ts":284806,"dur":11,"pid":1,"tid":26},
{"name":"SolverCommit batch 6","cat":"step","ph":"X","ts":285031,"dur":2,"pid":1,"tid":12},
{"name":"Constraint /Biped/Rig/Movers/spine_mid_follow/spine_mid_follow_pos","cat":"step","ph":"X","ts":284774,"dur":9,"pid":1,"tid":27},
{"name":"Solve /Biped/Rig/Solvers/arm_l_ikfk","cat":"step","ph":"X","ts":284820,"dur":1,"pid":1,"tid":26},
{"name":"SolverCommit batch 8","cat":"step","ph":"X","ts":284868,"dur":3,"pid":1,"tid":9},
{"name":"Solve /Biped/Rig/Solvers/arm_r_ikfk","cat":"step","ph":"X","ts":284871,"dur":2,"pid":1,"tid":9},
{"name":"SolverCommit batch 9","cat":"step","ph":"X","ts":284887,"dur":3,"pid":1,"tid":21},
{"name":"Constraint /Biped/Rig/Movers/spine_mid_follow/spine_mid_follow_aim","cat":"step","ph":"X","ts":284789,"dur":4,"pid":1,"tid":27},
{"name":"Solve /Biped/Rig/Solvers/spine_splineIk","cat":"step","ph":"X","ts":284794,"dur":13,"pid":1,"tid":27},
{"name":"SolverCommit batch 11","cat":"step","ph":"X","ts":284821,"dur":2,"pid":1,"tid":26},
{"name":"Constraint /Biped/Rig/Movers/hand_r_follow/thumbCup_r_bind_fk_follow_to_wrist_r_bind","cat":"step","ph":"X","ts":284917,"dur":10,"pid":1,"tid":3},
{"name":"Solve /Biped/Rig/Solvers/fk_thumb_r","cat":"step","ph":"X","ts":284947,"dur":4,"pid":1,"tid":3},
{"name":"SolverCommit batch 13","cat":"step","ph":"X","ts":284992,"dur":1,"pid":1,"tid":15},
{"name":"Constraint /Biped/Rig/Movers/hand_r_follow/ring_001_r_bind_fk_follow_to_wrist_r_bind","cat":"step","ph":"X","ts":284927,"dur":5,"pid":1,"tid":3},
{"name":"Solve /Biped/Rig/Solvers/fk_ring_r","cat":"step","ph":"X","ts":284951,"dur":1,"pid":1,"tid":3},
{"name":"SolverCommit batch 15","cat":"step","ph":"X","ts":284993,"dur":1,"pid":1,"tid":15},
{"name":"Constraint /Biped/Rig/Movers/hand_r_follow/pinkyCup_r_bind_fk_follow_to_wrist_r_bind","cat":"step","ph":"X","ts":284915,"dur":12,"pid":1,"tid":15},
{"name":"Solve /Biped/Rig/Solvers/fk_pinky_r","cat":"step","ph":"X","ts":284985,"dur":2,"pid":1,"tid":15},
{"name":"SolverCommit batch 17","cat":"step","ph":"X","ts":285013,"dur":1,"pid":1,"tid":15},
{"name":"Constraint /Biped/Rig/Movers/hand_r_follow/middle_001_r_bind_fk_follow_to_wrist_r_bind","cat":"step","ph":"X","ts":284927,"dur":50,"pid":1,"tid":15},
{"name":"Solve /Biped/Rig/Solvers/fk_middle_r","cat":"step","ph":"X","ts":284987,"dur":2,"pid":1,"tid":15},
{"name":"SolverCommit batch 19","cat":"step","ph":"X","ts":284994,"dur":6,"pid":1,"tid":15},
{"name":"Constraint /Biped/Rig/Movers/hand_r_follow/index_001_r_bind_fk_follow_to_wrist_r_bind","cat":"step","ph":"X","ts":284977,"dur":7,"pid":1,"tid":15},
{"name":"Solve /Biped/Rig/Solvers/fk_index_r","cat":"step","ph":"X","ts":284989,"dur":1,"pid":1,"tid":15},
{"name":"SolverCommit batch 21","cat":"step","ph":"X","ts":285000,"dur":1,"pid":1,"tid":15},
{"name":"Constraint /Biped/Rig/Movers/hand_l_follow/thumbCup_l_bind_fk_follow_to_wrist_l_bind","cat":"step","ph":"X","ts":284890,"dur":10,"pid":1,"tid":21},
{"name":"Solve /Biped/Rig/Solvers/fk_thumb_l","cat":"step","ph":"X","ts":284930,"dur":5,"pid":1,"tid":31},
{"name":"SolverCommit batch 23","cat":"step","ph":"X","ts":284945,"dur":1,"pid":1,"tid":27},
{"name":"Constraint /Biped/Rig/Movers/hand_l_follow/ring_001_l_bind_fk_follow_to_wrist_l_bind","cat":"step","ph":"X","ts":284900,"dur":5,"pid":1,"tid":21},
{"name":"Solve /Biped/Rig/Solvers/fk_ring_l","cat":"step","ph":"X","ts":284935,"dur":1,"pid":1,"tid":31},
{"name":"SolverCommit batch 25","cat":"step","ph":"X","ts":284946,"dur":1,"pid":1,"tid":27},
{"name":"Constraint /Biped/Rig/Movers/hand_l_follow/pinkyCup_l_bind_fk_follow_to_wrist_l_bind","cat":"step","ph":"X","ts":284879,"dur":17,"pid":1,"tid":12},
{"name":"Solve /Biped/Rig/Solvers/fk_pinky_l","cat":"step","ph":"X","ts":284936,"dur":2,"pid":1,"tid":31},
{"name":"SolverCommit batch 27","cat":"step","ph":"X","ts":285001,"dur":1,"pid":1,"tid":15},
{"name":"Constraint /Biped/Rig/Movers/hand_l_follow/middle_001_l_bind_fk_follow_to_wrist_l_bind","cat":"step","ph":"X","ts":284896,"dur":20,"pid":1,"tid":12},
{"name":"Solve /Biped/Rig/Solvers/fk_middle_l","cat":"step","ph":"X","ts":284934,"dur":4,"pid":1,"tid":27},
{"name":"SolverCommit batch 29","cat":"step","ph":"X","ts":284947,"dur":1,"pid":1,"tid":27},
{"name":"Constraint /Biped/Rig/Movers/hand_l_follow/index_001_l_bind_fk_follow_to_wrist_l_bind","cat":"step","ph":"X","ts":284916,"dur":8,"pid":1,"tid":12},
{"name":"Solve /Biped/Rig/Solvers/fk_index_l","cat":"step","ph":"X","ts":284938,"dur":2,"pid":1,"tid":27},
{"name":"SolverCommit batch 31","cat":"step","ph":"X","ts":284948,"dur":1,"pid":1,"tid":27},
{"name":"Constraint /Biped/Rig/Movers/bankIn_r_pivot_rc/bankIn_r_pivot_rotation","cat":"step","ph":"X","ts":284880,"dur":7,"pid":1,"tid":30},
{"name":"Constraint /Biped/Rig/Movers/bankOut_r_pivot_rc/bankOut_r_pivot_rotation","cat":"step","ph":"X","ts":284940,"dur":5,"pid":1,"tid":27},
{"name":"Constraint /Biped/Rig/Movers/heel_r_roll_rc/heel_r_roll_rotation","cat":"step","ph":"X","ts":284949,"dur":1,"pid":1,"tid":27},
{"name":"Constraint /Biped/Rig/Movers/toe_r_roll_rc/toe_r_roll_rotation","cat":"step","ph":"X","ts":285002,"dur":4,"pid":1,"tid":15},
{"name":"Constraint /Biped/Rig/Movers/ballRoll_r_up_rc/ballRoll_r_up_rotation","cat":"step","ph":"X","ts":285014,"dur":1,"pid":1,"tid":15},
{"name":"Constraint /Biped/Rig/Movers/ballRoll_r_down_rc/ballRoll_r_down_rotation","cat":"step","ph":"X","ts":285033,"dur":3,"pid":1,"tid":12},
{"name":"Solve /Biped/Rig/Solvers/leg_r_twoBoneIk","cat":"step","ph":"X","ts":285046,"dur":1,"pid":1,"tid":12},
{"name":"Solve /Biped/Rig/Solvers/leg_r_ikfk","cat":"step","ph":"X","ts":285051,"dur":1,"pid":1,"tid":12},
{"name":"SolverCommit batch 39","cat":"step","ph":"X","ts":285060,"dur":4,"pid":1,"tid":12},
{"name":"Constraint /Biped/Rig/Movers/ankle_r_bind_scAim/ankle_r_bind_aim","cat":"step","ph":"X","ts":285084,"dur":7,"pid":1,"tid":0},
{"name":"Constraint /Biped/Rig/Movers/ball_r_bind_scAim/ball_r_bind_aim","cat":"step","ph":"X","ts":285110,"dur":11,"pid":1,"tid":11},
{"name":"Constraint /Biped/Rig/Movers/bankIn_l_pivot_rc/bankIn_l_pivot_rotation","cat":"step","ph":"X","ts":284832,"dur":8,"pid":1,"tid":29},
{"name":"Constraint /Biped/Rig/Movers/bankOut_l_pivot_rc/bankOut_l_pivot_rotation","cat":"step","ph":"X","ts":284887,"dur":2,"pid":1,"tid":30},
{"name":"Constraint /Biped/Rig/Movers/heel_l_roll_rc/heel_l_roll_rotation","cat":"step","ph":"X","ts":284911,"dur":4,"pid":1,"tid":21},
{"name":"Constraint /Biped/Rig/Movers/toe_l_roll_rc/toe_l_roll_rotation","cat":"step","ph":"X","ts":284950,"dur":1,"pid":1,"tid":27},
{"name":"Constraint /Biped/Rig/Movers/ballRoll_l_up_rc/ballRoll_l_up_rotation","cat":"step","ph":"X","ts":285006,"dur":1,"pid":1,"tid":15},
{"name":"Constraint /Biped/Rig/Movers/ballRoll_l_down_rc/ballRoll_l_down_rotation","cat":"step","ph":"X","ts":285015,"dur":1,"pid":1,"tid":15},
{"name":"Solve /Biped/Rig/Solvers/leg_l_twoBoneIk","cat":"step","ph":"X","ts":285036,"dur":2,"pid":1,"tid":12},
{"name":"Solve /Biped/Rig/Solvers/leg_l_ikfk","cat":"step","ph":"X","ts":285047,"dur":1,"pid":1,"tid":12},
{"name":"SolverCommit batch 49","cat":"step","ph":"X","ts":285052,"dur":5,"pid":1,"tid":12},
{"name":"Constraint /Biped/Rig/Movers/ankle_l_bind_scAim/ankle_l_bind_aim","cat":"step","ph":"X","ts":285064,"dur":7,"pid":1,"tid":12},
{"name":"Constraint /Biped/Rig/Movers/ball_l_bind_scAim/ball_l_bind_aim","cat":"step","ph":"X","ts":285091,"dur":5,"pid":1,"tid":0},
{"name":"Constraint /Biped/Rig/Movers/hips_follow/spine_root_ctl_drives_hips_bind","cat":"step","ph":"X","ts":284750,"dur":9,"pid":1,"tid":0},
{"name":"CommitDelta /Biped/Rig/Movers/hips_follow/spine_root_ctl_drives_hips_bind","cat":"step","ph":"X","ts":284783,"dur":1,"pid":1,"tid":27},
{"name":"PropagateChunk /Biped/Rig/Movers/hips_follow/spine_root_ctl_drives_hips_bind","cat":"step","ph":"X","ts":285038,"dur":5,"pid":1,"tid":12},
{"name":"PropagateChunk /Biped/Rig/Movers/hips_follow/spine_root_ctl_drives_hips_bind","cat":"step","ph":"X","ts":285007,"dur":1,"pid":1,"tid":15},
{"name":"CommitApply /Biped/Rig/Movers/hips_follow/spine_root_ctl_drives_hips_bind","cat":"step","ph":"X","ts":285048,"dur":2,"pid":1,"tid":12},
{"name":"Constraint /Biped/Rig/Movers/hips_follow/spine_root_ctl_scales_hips_bind","cat":"step","ph":"X","ts":285057,"dur":2,"pid":1,"tid":12},
{"name":"CommitDelta /Biped/Rig/Movers/hips_follow/spine_root_ctl_scales_hips_bind","cat":"step","ph":"X","ts":285071,"dur":1,"pid":1,"tid":12},
{"name":"PropagateChunk /Biped/Rig/Movers/hips_follow/spine_root_ctl_scales_hips_bind","cat":"step","ph":"X","ts":285096,"dur":4,"pid":1,"tid":0},
{"name":"PropagateChunk /Biped/Rig/Movers/hips_follow/spine_root_ctl_scales_hips_bind","cat":"step","ph":"X","ts":285100,"dur":1,"pid":1,"tid":0},
{"name":"CommitApply /Biped/Rig/Movers/hips_follow/spine_root_ctl_scales_hips_bind","cat":"step","ph":"X","ts":285122,"dur":1,"pid":1,"tid":11},
{"name":"Constraint /Biped/Rig/Movers/spine_to_bind/spine_ik_spine_0_bind_scale_to_spine_0_bind","cat":"step","ph":"X","ts":285140,"dur":12,"pid":1,"tid":30},
{"name":"Constraint /Biped/Rig/Movers/spine_to_bind/spine_ik_spine_0_bind_to_spine_0_bind","cat":"step","ph":"X","ts":285160,"dur":15,"pid":1,"tid":4},
{"name":"Constraint /Biped/Rig/Movers/spine_to_bind/spine_ik_spine_1_bind_scale_to_spine_1_bind","cat":"step","ph":"X","ts":285181,"dur":14,"pid":1,"tid":24},
{"name":"Constraint /Biped/Rig/Movers/spine_to_bind/spine_ik_spine_1_bind_to_spine_1_bind","cat":"step","ph":"X","ts":285219,"dur":8,"pid":1,"tid":0},
{"name":"Constraint /Biped/Rig/Movers/spine_to_bind/spine_ik_spine_2_bind_scale_to_spine_2_bind","cat":"step","ph":"X","ts":285234,"dur":7,"pid":1,"tid":2},
{"name":"Constraint /Biped/Rig/Movers/spine_to_bind/spine_ik_spine_2_bind_to_spine_2_bind","cat":"step","ph":"X","ts":285249,"dur":9,"pid":1,"tid":0},
{"name":"Constraint /Biped/Rig/Movers/spine_to_bind/spine_ik_spine_3_bind_scale_to_spine_3_bind","cat":"step","ph":"X","ts":285258,"dur":6,"pid":1,"tid":0},
{"name":"Constraint /Biped/Rig/Movers/spine_to_bind/spine_ik_spine_3_bind_to_spine_3_bind","cat":"step","ph":"X","ts":285264,"dur":6,"pid":1,"tid":0},
{"name":"Constraint /Biped/Rig/Movers/spine_to_bind/spine_ik_spine_4_bind_scale_to_spine_4_bind","cat":"step","ph":"X","ts":285270,"dur":6,"pid":1,"tid":0},
{"name":"Constraint /Biped/Rig/Movers/spine_to_bind/spine_ik_spine_4_bind_to_spine_4_bind","cat":"step","ph":"X","ts":285276,"dur":6,"pid":1,"tid":0},
{"name":"Constraint /Biped/Rig/Movers/spine_to_bind/spine_ik_spine_5_bind_scale_to_spine_5_bind","cat":"step","ph":"X","ts":285282,"dur":5,"pid":1,"tid":0},
{"name":"Constraint /Biped/Rig/Movers/spine_to_bind/spine_ik_spine_5_bind_to_spine_5_bind","cat":"step","ph":"X","ts":285287,"dur":7,"pid":1,"tid":0},
{"name":"Constraint /Biped/Rig/Movers/spine_to_bind/spine_ik_chest_bind_scale_to_chest_bind","cat":"step","ph":"X","ts":285294,"dur":5,"pid":1,"tid":0},
{"name":"Constraint /Biped/Rig/Movers/spine_to_bind/spine_ik_chest_bind_to_chest_bind","cat":"step","ph":"X","ts":285300,"dur":6,"pid":1,"tid":0},
{"name":"Constraint /Biped/Rig/Movers/girdles/spine_end_ctl_drives_chest_bind","cat":"step","ph":"X","ts":285306,"dur":6,"pid":1,"tid":0},
{"name":"Constraint /Biped/Rig/Movers/girdles/pelvis_r_ctl_drives_pelvis_r_bind","cat":"step","ph":"X","ts":285152,"dur":4,"pid":1,"tid":30},
{"name":"Constraint /Biped/Rig/Movers/girdles/pelvis_l_ctl_drives_pelvis_l_bind","cat":"step","ph":"X","ts":285156,"dur":2,"pid":1,"tid":30},
{"name":"Constraint /Biped/Rig/Movers/girdles/clavicle_r_ctl_drives_clavicle_r_bind","cat":"step","ph":"X","ts":285312,"dur":2,"pid":1,"tid":0},
{"name":"Constraint /Biped/Rig/Movers/girdles/clavicle_l_ctl_drives_clavicle_l_bind","cat":"step","ph":"X","ts":285314,"dur":1,"pid":1,"tid":0},
{"name":"Constraint /Biped/Rig/Movers/girdles/spine_end_ctl_unsquashes_neck_base_bind","cat":"step","ph":"X","ts":285315,"dur":5,"pid":1,"tid":0},
{"name":"Constraint /Biped/Rig/Movers/girdles/clavicle_r_ctl_unsquashes_clavicle_r_bind","cat":"step","ph":"X","ts":285320,"dur":2,"pid":1,"tid":0},
{"name":"Constraint /Biped/Rig/Movers/girdles/clavicle_l_ctl_unsquashes_clavicle_l_bind","cat":"step","ph":"X","ts":285322,"dur":3,"pid":1,"tid":0},
{"name":"Constraint /Biped/Rig/Movers/neck_to_bind/neck_ik_neck_0_bind_scale_to_neck_0_bind","cat":"step","ph":"X","ts":285325,"dur":4,"pid":1,"tid":0},
{"name":"Constraint /Biped/Rig/Movers/neck_to_bind/neck_ik_neck_0_bind_to_neck_0_bind","cat":"step","ph":"X","ts":285332,"dur":11,"pid":1,"tid":30},
{"name":"Constraint /Biped/Rig/Movers/neck_to_bind/neck_ik_neck_1_bind_scale_to_neck_1_bind","cat":"step","ph":"X","ts":285350,"dur":11,"pid":1,"tid":22},
{"name":"Constraint /Biped/Rig/Movers/neck_to_bind/neck_ik_neck_1_bind_to_neck_1_bind","cat":"step","ph":"X","ts":285372,"dur":8,"pid":1,"tid":22},
{"name":"Constraint /Biped/Rig/Movers/neck_to_bind/neck_ik_neck_2_bind_scale_to_neck_2_bind","cat":"step","ph":"X","ts":285398,"dur":4,"pid":1,"tid":0},
{"name":"Constraint /Biped/Rig/Movers/neck_to_bind/neck_ik_neck_2_bind_to_neck_2_bind","cat":"step","ph":"X","ts":285407,"dur":6,"pid":1,"tid":22},
{"name":"Constraint /Biped/Rig/Movers/neck_to_bind/neck_ik_neck_3_bind_scale_to_neck_3_bind","cat":"step","ph":"X","ts":285417,"dur":31,"pid":1,"tid":22},
{"name":"Constraint /Biped/Rig/Movers/neck_to_bind/neck_ik_neck_3_bind_to_neck_3_bind","cat":"step","ph":"X","ts":285989,"dur":6,"pid":1,"tid":22},
{"name":"Constraint /Biped/Rig/Movers/neck_to_bind/neck_ik_skull_bind_scale_to_skull_bind","cat":"step","ph":"X","ts":286385,"dur":4,"pid":1,"tid":22},
{"name":"Constraint /Biped/Rig/Movers/neck_to_bind/neck_ik_skull_bind_to_skull_bind","cat":"step","ph":"X","ts":286409,"dur":6,"pid":1,"tid":22},
{"name":"Constraint /Biped/Rig/Movers/twist_aims/wristTwist_r_bind_copy","cat":"step","ph":"X","ts":284915,"dur":9,"pid":1,"tid":21},
{"name":"Constraint /Biped/Rig/Movers/twist_aims/wristTwist_r_bind_aim","cat":"step","ph":"X","ts":284951,"dur":8,"pid":1,"tid":27},
{"name":"Constraint /Biped/Rig/Movers/twist_aims/wristTwist_l_bind_copy","cat":"step","ph":"X","ts":284875,"dur":7,"pid":1,"tid":9},
{"name":"Constraint /Biped/Rig/Movers/twist_aims/wristTwist_l_bind_aim","cat":"step","ph":"X","ts":284924,"dur":5,"pid":1,"tid":21},
{"name":"Constraint /Biped/Rig/Movers/twist_aims/ankleTwist_r_bind_copy","cat":"step","ph":"X","ts":285123,"dur":5,"pid":1,"tid":11},
{"name":"Constraint /Biped/Rig/Movers/twist_aims/ankleTwist_r_bind_aim","cat":"step","ph":"X","ts":285139,"dur":4,"pid":1,"tid":11},
{"name":"Constraint /Biped/Rig/Movers/twist_aims/ankleTwist_l_bind_copy","cat":"step","ph":"X","ts":285101,"dur":3,"pid":1,"tid":0},
{"name":"Constraint /Biped/Rig/Movers/twist_aims/ankleTwist_l_bind_aim","cat":"step","ph":"X","ts":285128,"dur":4,"pid":1,"tid":11},
{"name":"Constraint /Biped/Rig/Movers/twist_aims/ankleTwist_r_bind_follows_ankle_r_bind","cat":"step","ph":"X","ts":285175,"dur":2,"pid":1,"tid":4},
{"name":"Constraint /Biped/Rig/Movers/twist_aims/ankleTwist_l_bind_follows_ankle_l_bind","cat":"step","ph":"X","ts":285143,"dur":2,"pid":1,"tid":11},
{"name":"Constraint /Biped/Rig/Movers/twist_aims/wristTwist_r_bind_follows_wrist_r_bind","cat":"step","ph":"X","ts":285008,"dur":3,"pid":1,"tid":15},
{"name":"Constraint /Biped/Rig/Movers/twist_aims/wristTwist_l_bind_follows_wrist_l_bind","cat":"step","ph":"X","ts":284992,"dur":3,"pid":1,"tid":12},
{"name":"Constraint /Biped/Rig/Movers/twist_aims/thighNoTwist_r_bind_follows_thigh_r_bind","cat":"step","ph":"X","ts":285177,"dur":2,"pid":1,"tid":4},
{"name":"Constraint /Biped/Rig/Movers/twist_aims/thighNoTwist_l_bind_follows_thigh_l_bind","cat":"step","ph":"X","ts":285159,"dur":2,"pid":1,"tid":30},
{"name":"Constraint /Biped/Rig/Movers/twist_aims/shoulderNoTwist_r_bind_follows_shoulder_r_bind","cat":"step","ph":"X","ts":285343,"dur":1,"pid":1,"tid":30},
{"name":"Constraint /Biped/Rig/Movers/twist_aims/shoulderNoTwist_l_bind_follows_shoulder_l_bind","cat":"step","ph":"X","ts":285344,"dur":2,"pid":1,"tid":30},
{"name":"Constraint /Biped/Rig/Movers/twist_aims/pelvis_trans_r_bind_follows_thigh_r_bind","cat":"step","ph":"X","ts":285161,"dur":2,"pid":1,"tid":30},
{"name":"Constraint /Biped/Rig/Movers/twist_aims/pelvis_trans_l_bind_follows_thigh_l_bind","cat":"step","ph":"X","ts":285163,"dur":2,"pid":1,"tid":30},
{"name":"Constraint /Biped/Rig/Movers/twist_aims/clavicle_trans_r_bind_follows_shoulder_r_bind","cat":"step","ph":"X","ts":285330,"dur":1,"pid":1,"tid":0},
{"name":"Constraint /Biped/Rig/Movers/twist_aims/clavicle_trans_l_bind_follows_shoulder_l_bind","cat":"step","ph":"X","ts":285331,"dur":1,"pid":1,"tid":0},
{"name":"Constraint /Biped/Rig/Movers/twist_aims/pelvis_trans_r_bind_aim","cat":"step","ph":"X","ts":285195,"dur":6,"pid":1,"tid":24},
{"name":"Constraint /Biped/Rig/Movers/twist_aims/pelvis_trans_l_bind_aim","cat":"step","ph":"X","ts":285201,"dur":4,"pid":1,"tid":24},
{"name":"Constraint /Biped/Rig/Movers/twist_aims/kneeTwist_r_bind_aim","cat":"step","ph":"X","ts":285082,"dur":4,"pid":1,"tid":12},
{"name":"Constraint /Biped/Rig/Movers/twist_aims/kneeTwist_l_bind_aim","cat":"step","ph":"X","ts":285072,"dur":3,"pid":1,"tid":12},
{"name":"Constraint /Biped/Rig/Movers/twist_aims/thighNoTwist_r_bind_aim","cat":"step","ph":"X","ts":285180,"dur":5,"pid":1,"tid":4},
{"name":"Constraint /Biped/Rig/Movers/twist_aims/thighNoTwist_l_bind_aim","cat":"step","ph":"X","ts":285185,"dur":4,"pid":1,"tid":4},
{"name":"Constraint /Biped/Rig/Movers/twist_aims/clavicle_trans_r_bind_aim","cat":"step","ph":"X","ts":285361,"dur":6,"pid":1,"tid":22},
{"name":"Constraint /Biped/Rig/Movers/twist_aims/clavicle_trans_l_bind_aim","cat":"step","ph":"X","ts":285367,"dur":4,"pid":1,"tid":22},
{"name":"Constraint /Biped/Rig/Movers/twist_aims/elbowTwist_r_bind_aim","cat":"step","ph":"X","ts":284929,"dur":4,"pid":1,"tid":21},
{"name":"Constraint /Biped/Rig/Movers/twist_aims/elbowTwist_l_bind_aim","cat":"step","ph":"X","ts":284883,"dur":5,"pid":1,"tid":9},
{"name":"Constraint /Biped/Rig/Movers/twist_aims/shoulderNoTwist_r_bind_aim","cat":"step","ph":"X","ts":285346,"dur":4,"pid":1,"tid":30},
{"name":"Constraint /Biped/Rig/Movers/twist_aims/shoulderNoTwist_l_bind_aim","cat":"step","ph":"X","ts":285350,"dur":3,"pid":1,"tid":30},
{"name":"Constraint /Biped/Rig/Movers/pose_drivers/thigh_r_driver_copies_thigh_r_bind","cat":"step","ph":"X","ts":285227,"dur":4,"pid":1,"tid":0},
{"name":"Constraint /Biped/Rig/Movers/pose_drivers/thigh_l_driver_copies_thigh_l_bind","cat":"step","ph":"X","ts":285212,"dur":6,"pid":1,"tid":24},
{"name":"Constraint /Biped/Rig/Movers/pose_drivers/thigh_r_twist_driver_copies_thighNoTwist_r_bind","cat":"step","ph":"X","ts":285241,"dur":4,"pid":1,"tid":2},
{"name":"Constraint /Biped/Rig/Movers/pose_drivers/thigh_l_twist_driver_copies_thighNoTwist_l_bind","cat":"step","ph":"X","ts":285231,"dur":3,"pid":1,"tid":0},
{"name":"Constraint /Biped/Rig/Movers/pose_drivers/ankleTwist_r_driver_copies_ankleTwist_r_bind","cat":"step","ph":"X","ts":285191,"dur":3,"pid":1,"tid":0},
{"name":"Constraint /Biped/Rig/Movers/pose_drivers/ankleTwist_l_driver_copies_ankleTwist_l_bind","cat":"step","ph":"X","ts":285180,"dur":4,"pid":1,"tid":0},
{"name":"Constraint /Biped/Rig/Movers/pose_drivers/toe_r_driver_copies_ball_r_bind","cat":"step","ph":"X","ts":285168,"dur":4,"pid":1,"tid":0},
{"name":"Constraint /Biped/Rig/Movers/pose_drivers/toe_l_driver_copies_ball_l_bind","cat":"step","ph":"X","ts":285132,"dur":6,"pid":1,"tid":11},
{"name":"Constraint /Biped/Rig/Movers/pose_drivers/knee_r_driver_copies_knee_r_bind","cat":"step","ph":"X","ts":285105,"dur":50,"pid":1,"tid":0},
{"name":"Constraint /Biped/Rig/Movers/pose_drivers/knee_l_driver_copies_knee_l_bind","cat":"step","ph":"X","ts":285086,"dur":3,"pid":1,"tid":12},
{"name":"Constraint /Biped/Rig/Movers/pose_drivers/ankleSwing_r_driver_copies_ankle_r_bind","cat":"step","ph":"X","ts":285195,"dur":3,"pid":1,"tid":0},
{"name":"Constraint /Biped/Rig/Movers/pose_drivers/ankleSwing_l_driver_copies_ankle_l_bind","cat":"step","ph":"X","ts":285184,"dur":3,"pid":1,"tid":0},
{"name":"Constraint /Biped/Rig/Movers/pose_drivers/shoulder_r_driver_copies_shoulder_r_bind","cat":"step","ph":"X","ts":285380,"dur":5,"pid":1,"tid":22},
{"name":"Constraint /Biped/Rig/Movers/pose_drivers/shoulder_l_driver_copies_shoulder_l_bind","cat":"step","ph":"X","ts":285385,"dur":4,"pid":1,"tid":22},
{"name":"Constraint /Biped/Rig/Movers/pose_drivers/wristTwist_r_driver_copies_wristTwist_r_bind","cat":"step","ph":"X","ts":285016,"dur":5,"pid":1,"tid":15},
{"name":"Constraint /Biped/Rig/Movers/pose_drivers/wristTwist_l_driver_copies_wristTwist_l_bind","cat":"step","ph":"X","ts":285006,"dur":4,"pid":1,"tid":12},
{"name":"Constraint /Biped/Rig/Movers/pose_drivers/shoulder_r_twist_driver_copies_shoulderNoTwist_r_bind","cat":"step","ph":"X","ts":285402,"dur":4,"pid":1,"tid":0},
{"name":"Constraint /Biped/Rig/Movers/pose_drivers/shoulder_l_twist_driver_copies_shoulderNoTwist_l_bind","cat":"step","ph":"X","ts":285397,"dur":4,"pid":1,"tid":22},
{"name":"Constraint /Biped/Rig/Movers/pose_drivers/wristSwing_r_driver_copies_wrist_r_bind","cat":"step","ph":"X","ts":285020,"dur":3,"pid":1,"tid":12},
{"name":"Constraint /Biped/Rig/Movers/pose_drivers/wristSwing_l_driver_copies_wrist_l_bind","cat":"step","ph":"X","ts":285010,"dur":3,"pid":1,"tid":12},
{"name":"Constraint /Biped/Rig/Movers/pose_drivers/elbow_r_driver_copies_elbow_r_bind","cat":"step","ph":"X","ts":284995,"dur":4,"pid":1,"tid":12},
{"name":"Constraint /Biped/Rig/Movers/pose_drivers/elbow_l_driver_copies_elbow_l_bind","cat":"step","ph":"X","ts":284925,"dur":4,"pid":1,"tid":12},
{"name":"Constraint /Biped/Rig/Movers/param_follow/leg_r_params_to_ankle_r_bind","cat":"step","ph":"X","ts":285155,"dur":5,"pid":1,"tid":0},
{"name":"Constraint /Biped/Rig/Movers/param_follow/leg_l_params_to_ankle_l_bind","cat":"step","ph":"X","ts":285089,"dur":3,"pid":1,"tid":12},
{"name":"Constraint /Biped/Rig/Movers/param_follow/arm_r_params_to_wrist_r_bind","cat":"step","ph":"X","ts":284929,"dur":53,"pid":1,"tid":12},
{"name":"Constraint /Biped/Rig/Movers/param_follow/arm_l_params_to_wrist_l_bind","cat":"step","ph":"X","ts":284888,"dur":6,"pid":1,"tid":9},
{"name":"ProviderMatrix /Biped/Rig/Controls/leg_l_ik/ankle_l_pivot final","cat":"step","ph":"X","ts":284734,"dur":1,"pid":1,"tid":0},
{"name":"ProviderMatrix /Biped/Rig/Controls/leg_l_ik/ankle_l_pivot/bankIn_l_pivot final","cat":"step","ph":"X","ts":284894,"dur":1,"pid":1,"tid":9},
{"name":"ProviderMatrix /Biped/Rig/Controls/leg_l_ik/ankle_l_pivot/bankIn_l_pivot/bankOut_l_pivot final","cat":"step","ph":"X","ts":284982,"dur":1,"pid":1,"tid":12},
{"name":"ProviderMatrix /Biped/Rig/Controls/leg_r_ik/ankle_r_pivot final","cat":"step","ph":"X","ts":284759,"dur":1,"pid":1,"tid":0},
{"name":"ProviderMatrix /Biped/Rig/Controls/leg_r_ik/ankle_r_pivot/bankIn_r_pivot/bankOut_r_pivot/heel_r_roll/heel_r/ball_r_pivot final","cat":"step","ph":"X","ts":285013,"dur":1,"pid":1,"tid":12},
{"name":"ProviderMatrix /Biped/Rig/Controls/leg_r_ik/ankle_r_pivot/bankIn_r_pivot/bankOut_r_pivot/heel_r_roll/heel_r/ball_r_pivot/toe_r_roll final","cat":"step","ph":"X","ts":285023,"dur":1,"pid":1,"tid":12},
{"name":"ProviderMatrix /Biped/Rig/Joints/ankle_l_pivot/bankIn_l_pivot/bankOut_l_pivot/heel_l_pivot/ball_l_pivot/toe_l_pivot/toeBend_l_pivot final","cat":"step","ph":"X","ts":284793,"dur":1,"pid":1,"tid":27},
{"name":"ProviderMatrix /Biped/Rig/Joints/ankle_r_pivot/bankIn_r_pivot/bankOut_r_pivot/heel_r_pivot final","cat":"step","ph":"X","ts":284760,"dur":1,"pid":1,"tid":0},
{"name":"ProviderMatrix /Biped/Rig/Joints/hips_bind/pelvis_l_bind/thigh_combo_l_driver final","cat":"step","ph":"X","ts":285187,"dur":1,"pid":1,"tid":0},
{"name":"ProviderMatrix /Biped/Rig/Joints/hips_bind/pelvis_l_bind/thigh_l_bind/knee_l_bind final","cat":"step","ph":"X","ts":285075,"dur":1,"pid":1,"tid":12},
{"name":"ProviderMatrix /Biped/Rig/Joints/hips_bind/pelvis_l_bind/thigh_l_bind/knee_l_bind/ankle_l_bind/ball_l_bind/toe1_001_l_bind/toe1_002_l_bind/toe1_003_l_bind final","cat":"step","ph":"X","ts":285160,"dur":1,"pid":1,"tid":0},
{"name":"ProviderMatrix /Biped/Rig/Joints/hips_bind/pelvis_l_bind/thigh_l_bind/knee_l_bind/ankle_l_bind/ball_l_bind/toe2_001_l_bind/toe2_002_l_bind/toe2_003_l_bind/toe2_004_l_bind final","cat":"step","ph":"X","ts":285161,"dur":1,"pid":1,"tid":0},
{"name":"ProviderMatrix /Biped/Rig/Joints/hips_bind/pelvis_l_bind/thigh_l_bind/knee_l_bind/ankle_l_bind/ball_l_bind/toe4_001_l_bind final","cat":"step","ph":"X","ts":285162,"dur":1,"pid":1,"tid":0},
{"name":"ProviderMatrix /Biped/Rig/Joints/hips_bind/pelvis_l_bind/thigh_l_bind/knee_l_bind/ankle_l_bind/ball_l_bind/toe5_001_l_bind/toe5_002_l_bind/toe5_003_l_bind final","cat":"step","ph":"X","ts":285163,"dur":1,"pid":1,"tid":0},
{"name":"ProviderMatrix /Biped/Rig/Joints/hips_bind/pelvis_r_bind/pelvis_trans_r_bind final","cat":"step","ph":"X","ts":285219,"dur":1,"pid":1,"tid":24},
{"name":"ProviderMatrix /Biped/Rig/Joints/hips_bind/pelvis_r_bind/pelvis_trans_r_bind/thigh_r_driver final","cat":"step","ph":"X","ts":285235,"dur":10,"pid":1,"tid":0},
{"name":"ProviderMatrix /Biped/Rig/Joints/hips_bind/pelvis_r_bind/thigh_r_bind/knee_r_bind/ankle_r_bind/ball_r_bind/toe1_001_r_bind/toe1_002_r_bind/toe1_003_r_bind final","cat":"step","ph":"X","ts":285172,"dur":1,"pid":1,"tid":0},
{"name":"ProviderMatrix /Biped/Rig/Joints/hips_bind/pelvis_r_bind/thigh_r_bind/knee_r_bind/ankle_r_bind/ball_r_bind/toe3_001_r_bind final","cat":"step","ph":"X","ts":285173,"dur":1,"pid":1,"tid":0},
{"name":"ProviderMatrix /Biped/Rig/Joints/hips_bind/pelvis_r_bind/thigh_r_bind/knee_r_bind/ankle_r_bind/ball_r_bind/toe4_001_r_bind/toe4_002_r_bind/toe4_003_r_bind/toe4_004_r_bind final","cat":"step","ph":"X","ts":285174,"dur":1,"pid":1,"tid":0},
{"name":"ProviderMatrix /Biped/Rig/Joints/hips_bind/pelvis_r_bind/thigh_r_bind/knee_r_bind/ankle_r_bind/toe_r_driver final","cat":"step","ph":"X","ts":285188,"dur":1,"pid":1,"tid":0},
{"name":"ProviderMatrix /Biped/Rig/Joints/hips_bind/pelvis_r_bind/thigh_r_bind/knee_r_bind/kneeTwist_r_bind final","cat":"step","ph":"X","ts":285164,"dur":1,"pid":1,"tid":0},
{"name":"ProviderMatrix /Biped/Rig/Joints/hips_bind/spine_0_bind/spine_1_bind/spine_2_bind/spine_3_bind/spine_4_bind/spine_5_bind/chest_bind/clavicle_l_bind/clavicle_trans_l_bind final","cat":"step","ph":"X","ts":285389,"dur":1,"pid":1,"tid":22},
{"name":"ProviderMatrix /Biped/Rig/Joints/hips_bind/spine_0_bind/spine_1_bind/spine_2_bind/spine_3_bind/spine_4_bind/spine_5_bind/chest_bind/clavicle_l_bind/shoulder_l_bind/elbow_l_bind/elbowTwist_l_bind/elbow_l_driver final","cat":"step","ph":"X","ts":284999,"dur":1,"pid":1,"tid":12},
{"name":"ProviderMatrix /Biped/Rig/Joints/hips_bind/spine_0_bind/spine_1_bind/spine_2_bind/spine_3_bind/spine_4_bind/spine_5_bind/chest_bind/clavicle_l_bind/shoulder_l_bind/elbow_l_bind/wrist_l_bind final","cat":"step","ph":"X","ts":284895,"dur":1,"pid":1,"tid":9},
{"name":"ProviderMatrix /Biped/Rig/Joints/hips_bind/spine_0_bind/spine_1_bind/spine_2_bind/spine_3_bind/spine_4_bind/spine_5_bind/chest_bind/clavicle_l_bind/shoulder_l_bind/elbow_l_bind/wrist_l_bind/pinkyCup_l_bind/pinky_001_l_bind/pinky_002_combo_l_driver final","cat":"step","ph":"X","ts":285024,"dur":1,"pid":1,"tid":12},
{"name":"ProviderMatrix /Biped/Rig/Joints/hips_bind/spine_0_bind/spine_1_bind/spine_2_bind/spine_3_bind/spine_4_bind/spine_5_bind/chest_bind/clavicle_l_bind/shoulder_l_bind/elbow_l_bind/wrist_l_bind/ring_001_l_bind/ring_002_l_bind final","cat":"step","ph":"X","ts":285016,"dur":1,"pid":1,"tid":12},
{"name":"ProviderMatrix /Biped/Rig/Joints/hips_bind/spine_0_bind/spine_1_bind/spine_2_bind/spine_3_bind/spine_4_bind/spine_5_bind/chest_bind/clavicle_l_bind/shoulder_l_bind/elbow_l_bind/wrist_l_bind/thumbCup_l_bind/thumb_001_l_bind/thumb_002_l_bind final","cat":"step","ph":"X","ts":285017,"dur":1,"pid":1,"tid":12},
{"name":"ProviderMatrix /Biped/Rig/Joints/hips_bind/spine_0_bind/spine_1_bind/spine_2_bind/spine_3_bind/spine_4_bind/spine_5_bind/chest_bind/clavicle_r_bind/clavicle_trans_r_bind/shoulder_r_driver/shoulder_r_twist_driver final","cat":"step","ph":"X","ts":285413,"dur":1,"pid":1,"tid":22},
{"name":"ProviderMatrix /Biped/Rig/Joints/hips_bind/spine_0_bind/spine_1_bind/spine_2_bind/spine_3_bind/spine_4_bind/spine_5_bind/chest_bind/clavicle_r_bind/shoulder_r_bind final","cat":"step","ph":"X","ts":284983,"dur":1,"pid":1,"tid":12},
{"name":"ProviderMatrix /Biped/Rig/Joints/hips_bind/spine_0_bind/spine_1_bind/spine_2_bind/spine_3_bind/spine_4_bind/spine_5_bind/chest_bind/clavicle_r_bind/shoulder_r_bind/elbow_r_bind/wrist_r_bind/index_001_r_bind/index_002_combo_r_driver final","cat":"step","ph":"X","ts":285025,"dur":1,"pid":1,"tid":12},
{"name":"ProviderMatrix /Biped/Rig/Joints/hips_bind/spine_0_bind/spine_1_bind/spine_2_bind/spine_3_bind/spine_4_bind/spine_5_bind/chest_bind/clavicle_r_bind/shoulder_r_bind/elbow_r_bind/wrist_r_bind/middle_001_r_bind/middle_002_r_bind final","cat":"step","ph":"X","ts":285026,"dur":1,"pid":1,"tid":12},
{"name":"ProviderMatrix /Biped/Rig/Joints/hips_bind/spine_0_bind/spine_1_bind/spine_2_bind/spine_3_bind/spine_4_bind/spine_5_bind/chest_bind/clavicle_r_bind/shoulder_r_bind/elbow_r_bind/wrist_r_bind/ring_001_r_bind/ring_002_r_bind final","cat":"step","ph":"X","ts":285027,"dur":1,"pid":1,"tid":12},
{"name":"ProviderMatrix /Biped/Rig/Joints/hips_bind/spine_0_bind/spine_1_bind/spine_2_bind/spine_3_bind/spine_4_bind/spine_5_bind/chest_bind/clavicle_r_bind/shoulder_r_bind/elbow_r_bind/wrist_r_bind/thumbCup_r_bind/thumb_001_r_bind/thumb_002_r_bind/thumb_003_r_bind/thumb_004_r_bind final","cat":"step","ph":"X","ts":285028,"dur":1,"pid":1,"tid":12},
{"name":"ProviderMatrix /Biped/Rig/Joints/hips_bind/spine_0_bind/spine_1_bind/spine_2_bind/spine_3_bind/spine_4_bind/spine_5_bind/chest_bind/neck_base_bind/neck_0_bind/neck_1_bind final","cat":"step","ph":"X","ts":285401,"dur":1,"pid":1,"tid":22},
{"name":"ProviderMatrix /Biped/Rig/Joints/hips_bind/spine_0_bind/spine_1_bind/spine_2_bind/spine_3_bind/spine_4_bind/spine_5_bind/chest_bind/neck_base_bind/neck_0_bind/neck_1_bind/neck_2_bind/neck_3_bind/skull_bind/face_lower_bind/face_mid_bind/nose_bridge_bind/nose_bind final","cat":"step","ph":"X","ts":286415,"dur":1,"pid":1,"tid":22},
{"name":"ProviderMatrix /Biped/Rig/Joints/hips_bind/spine_0_bind/spine_1_bind/spine_2_bind/spine_3_bind/spine_4_bind/spine_5_bind/chest_bind/neck_base_bind/neck_0_bind/neck_1_bind/neck_2_bind/neck_3_bind/skull_bind/face_lower_bind/jaw_bind/tongue_0_bind/tongue_1_bind/tongue_2_bind final","cat":"step","ph":"X","ts":286416,"dur":1,"pid":1,"tid":22},
{"name":"ProviderMatrix /Biped/Rig/Joints/hips_bind/spine_0_bind/spine_1_bind/spine_2_bind/spine_3_bind/spine_4_bind/spine_5_bind/chest_bind/neck_base_bind/neck_0_bind/neck_1_bind/neck_2_bind/neck_3_bind/skull_bind/face_upper_bind/eyeSocket_r_bind/eye_r_bind final","cat":"step","ph":"X","ts":286417,"dur":1,"pid":1,"tid":22},
{"name":"ProviderMatrix /Biped/Rig/Joints/neck_ik_neck_0_bind final","cat":"step","ph":"X","ts":285050,"dur":1,"pid":1,"tid":12},
{"name":"ProviderMatrix /Biped/Rig/Joints/spine_ik_spine_0_bind/spine_ik_spine_1_bind final","cat":"step","ph":"X","ts":284840,"dur":1,"pid":1,"tid":29},
{"name":"ProviderMatrix /Biped/Rig/Joints/spine_ik_spine_0_bind/spine_ik_spine_1_bind/spine_ik_spine_2_bind/spine_ik_spine_3_bind/spine_ik_spine_4_bind final","cat":"step","ph":"X","ts":284841,"dur":1,"pid":1,"tid":29},
{"name":"PoseInterpolator /Biped/Rig/PoseInterpolators/ankleSwing_l_driver","cat":"step","ph":"X","ts":285198,"dur":2,"pid":1,"tid":0},
{"name":"PoseInterpolator /Biped/Rig/PoseInterpolators/ankleSwing_r_driver","cat":"step","ph":"X","ts":285220,"dur":4,"pid":1,"tid":24},
{"name":"PoseInterpolator /Biped/Rig/PoseInterpolators/elbow_l_driver","cat":"step","ph":"X","ts":285000,"dur":1,"pid":1,"tid":12},
{"name":"PoseInterpolator /Biped/Rig/PoseInterpolators/elbow_r_driver","cat":"step","ph":"X","ts":285018,"dur":1,"pid":1,"tid":12},
{"name":"PoseInterpolator /Biped/Rig/PoseInterpolators/index_002_l","cat":"step","ph":"X","ts":284984,"dur":3,"pid":1,"tid":12},
{"name":"PoseInterpolator /Biped/Rig/PoseInterpolators/index_002_r","cat":"step","ph":"X","ts":285001,"dur":1,"pid":1,"tid":12},
{"name":"PoseInterpolator /Biped/Rig/PoseInterpolators/knee_l_driver","cat":"step","ph":"X","ts":285165,"dur":2,"pid":1,"tid":0},
{"name":"PoseInterpolator /Biped/Rig/PoseInterpolators/knee_r_driver","cat":"step","ph":"X","ts":285176,"dur":1,"pid":1,"tid":0},
{"name":"PoseInterpolator /Biped/Rig/PoseInterpolators/middle_002_l","cat":"step","ph":"X","ts":284987,"dur":2,"pid":1,"tid":12},
{"name":"PoseInterpolator /Biped/Rig/PoseInterpolators/middle_002_r","cat":"step","ph":"X","ts":285002,"dur":2,"pid":1,"tid":12},
{"name":"PoseInterpolator /Biped/Rig/PoseInterpolators/neckTwist","cat":"step","ph":"X","ts":285354,"dur":2,"pid":1,"tid":30},
{"name":"PoseInterpolator /Biped/Rig/PoseInterpolators/neck","cat":"step","ph":"X","ts":285356,"dur":2,"pid":1,"tid":30},
{"name":"PoseInterpolator /Biped/Rig/PoseInterpolators/pinky_002_l","cat":"step","ph":"X","ts":284989,"dur":1,"pid":1,"tid":12},
{"name":"PoseInterpolator /Biped/Rig/PoseInterpolators/pinky_002_r","cat":"step","ph":"X","ts":285004,"dur":1,"pid":1,"tid":12},
{"name":"PoseInterpolator /Biped/Rig/PoseInterpolators/ring_002_l","cat":"step","ph":"X","ts":284990,"dur":1,"pid":1,"tid":12},
{"name":"PoseInterpolator /Biped/Rig/PoseInterpolators/shoulder_l_driver","cat":"step","ph":"X","ts":285402,"dur":3,"pid":1,"tid":22},
{"name":"PoseInterpolator /Biped/Rig/PoseInterpolators/shoulder_l_twist_driver","cat":"step","ph":"X","ts":285414,"dur":1,"pid":1,"tid":22},
{"name":"PoseInterpolator /Biped/Rig/PoseInterpolators/shoulder_r_driver","cat":"step","ph":"X","ts":285405,"dur":2,"pid":1,"tid":22},
{"name":"PoseInterpolator /Biped/Rig/PoseInterpolators/shoulder_r_twist_driver","cat":"step","ph":"X","ts":285415,"dur":2,"pid":1,"tid":22},
{"name":"PoseInterpolator /Biped/Rig/PoseInterpolators/thigh_l_driver","cat":"step","ph":"X","ts":285245,"dur":2,"pid":1,"tid":0},
{"name":"PoseInterpolator /Biped/Rig/PoseInterpolators/thigh_r_driver","cat":"step","ph":"X","ts":285248,"dur":1,"pid":1,"tid":0},
{"name":"PoseInterpolator /Biped/Rig/PoseInterpolators/toe_l","cat":"step","ph":"X","ts":285177,"dur":2,"pid":1,"tid":0},
{"name":"PoseInterpolator /Biped/Rig/PoseInterpolators/toe_l_twist","cat":"step","ph":"X","ts":285179,"dur":1,"pid":1,"tid":0},
{"name":"PoseInterpolator /Biped/Rig/PoseInterpolators/toe_r","cat":"step","ph":"X","ts":285189,"dur":1,"pid":1,"tid":0},
{"name":"PoseInterpolator /Biped/Rig/PoseInterpolators/toe_r_twist","cat":"step","ph":"X","ts":285190,"dur":1,"pid":1,"tid":0},
{"name":"PoseInterpolator /Biped/Rig/PoseInterpolators/torso","cat":"step","ph":"X","ts":284761,"dur":4,"pid":1,"tid":0},
{"name":"PoseInterpolator /Biped/Rig/PoseInterpolators/wristSwing_l_driver","cat":"step","ph":"X","ts":285029,"dur":2,"pid":1,"tid":12},
{"name":"PoseInterpolator /Biped/Rig/PoseInterpolators/wristSwing_r_driver","cat":"step","ph":"X","ts":285044,"dur":2,"pid":1,"tid":12},
{"name":"RevisionStatic /Biped/Rig/Movers/shapes_body_geo/body_geo_shapes","cat":"step","ph":"X","ts":285448,"dur":540,"pid":1,"tid":22},
{"name":"RevisionChunk /Biped/Rig/Movers/shapes_body_geo/body_geo_shapes","cat":"step","ph":"X","ts":285995,"dur":390,"pid":1,"tid":22},
{"name":"RevisionFuse /Biped/Rig/Movers/shapes_body_geo/body_geo_shapes","cat":"step","ph":"X","ts":286390,"dur":19,"pid":1,"tid":22},
{"name":"InfluenceFold /Biped/Rig/Movers/skin_body_geo/body_geo_skin","cat":"step","ph":"X","ts":286419,"dur":31,"pid":1,"tid":22},
{"name":"RevisionChunk /Biped/Rig/Movers/skin_body_geo/body_geo_skin","cat":"step","ph":"X","ts":286450,"dur":2246,"pid":1,"tid":22},
{"name":"RevisionFuse /Biped/Rig/Movers/skin_body_geo/body_geo_skin","cat":"step","ph":"X","ts":288696,"dur":4,"pid":1,"tid":22},
{"name":"ChainStatus /Biped/Geom/body_geo.points","cat":"step","ph":"X","ts":288700,"dur":20,"pid":1,"tid":22},
{"name":"Derived /Biped/Geom/body_geo.extent","cat":"step","ph":"X","ts":288720,"dur":524,"pid":1,"tid":22},
{"name":"cluster 0","cat":"cluster","ph":"X","ts":284711,"dur":14,"pid":1,"tid":0,"args":{"level":"1","steps":"21","waitUs":"4"}},
{"name":"cluster 1","cat":"cluster","ph":"X","ts":284725,"dur":12,"pid":1,"tid":0,"args":{"level":"2","steps":"30","waitUs":"0"}},
{"name":"cluster 2","cat":"cluster","ph":"X","ts":284755,"dur":12,"pid":1,"tid":27,"args":{"level":"3","steps":"21","waitUs":"18"}},
{"name":"cluster 3","cat":"cluster","ph":"X","ts":284767,"dur":17,"pid":1,"tid":27,"args":{"level":"4","steps":"22","waitUs":"0"}},
{"name":"cluster 4","cat":"cluster","ph":"X","ts":284787,"dur":11,"pid":1,"tid":26,"args":{"level":"5","steps":"17","waitUs":"3"}},
{"name":"cluster 5","cat":"cluster","ph":"X","ts":284801,"dur":10,"pid":1,"tid":15,"args":{"level":"6","steps":"20","waitUs":"3"}},
{"name":"cluster 6","cat":"cluster","ph":"X","ts":284820,"dur":11,"pid":1,"tid":29,"args":{"level":"7","steps":"16","waitUs":"2"}},
{"name":"cluster 7","cat":"cluster","ph":"X","ts":284838,"dur":35,"pid":1,"tid":9,"args":{"level":"8","steps":"14","waitUs":"6"}},
{"name":"cluster 8","cat":"cluster","ph":"X","ts":284747,"dur":18,"pid":1,"tid":0,"args":{"level":"3","steps":"15","waitUs":"10"}},
{"name":"cluster 9","cat":"cluster","ph":"X","ts":284876,"dur":29,"pid":1,"tid":21,"args":{"level":"9","steps":"15","waitUs":"3"}},
{"name":"cluster 10","cat":"cluster","ph":"X","ts":284909,"dur":23,"pid":1,"tid":3,"args":{"level":"10","steps":"18","waitUs":"4"}},
{"name":"cluster 11","cat":"cluster","ph":"X","ts":284932,"dur":20,"pid":1,"tid":3,"args":{"level":"11","steps":"13","waitUs":"0"}},
{"name":"cluster 12","cat":"cluster","ph":"X","ts":284799,"dur":18,"pid":1,"tid":26,"args":{"level":"6","steps":"8","waitUs":"1"}},
{"name":"cluster 13","cat":"cluster","ph":"X","ts":284990,"dur":21,"pid":1,"tid":15,"args":{"level":"12","steps":"12","waitUs":"0"}},
{"name":"cluster 14","cat":"cluster","ph":"X","ts":284818,"dur":5,"pid":1,"tid":26,"args":{"level":"7","steps":"6","waitUs":"0"}},
{"name":"cluster 15","cat":"cluster","ph":"X","ts":285011,"dur":10,"pid":1,"tid":15,"args":{"level":"13","steps":"6","waitUs":"0"}},
{"name":"cluster 17","cat":"cluster","ph":"X","ts":284785,"dur":9,"pid":1,"tid":27,"args":{"level":"5","steps":"7","waitUs":"1"}},
{"name":"cluster 18","cat":"cluster","ph":"X","ts":285031,"dur":15,"pid":1,"tid":12,"args":{"level":"14","steps":"16","waitUs":"0"}},
{"name":"cluster 19","cat":"cluster","ph":"X","ts":284794,"dur":13,"pid":1,"tid":27,"args":{"level":"6","steps":"1","waitUs":"0"}},
{"name":"cluster 20","cat":"cluster","ph":"X","ts":284915,"dur":70,"pid":1,"tid":15,"args":{"level":"10","steps":"3","waitUs":"9"}},
{"name":"cluster 21","cat":"cluster","ph":"X","ts":284985,"dur":5,"pid":1,"tid":15,"args":{"level":"11","steps":"3","waitUs":"0"}},
{"name":"cluster 22","cat":"cluster","ph":"X","ts":284930,"dur":8,"pid":1,"tid":31,"args":{"level":"10","steps":"3","waitUs":"6"}},
{"name":"cluster 23","cat":"cluster","ph":"X","ts":284945,"dur":14,"pid":1,"tid":27,"args":{"level":"11","steps":"7","waitUs":"0"}},
{"name":"cluster 24","cat":"cluster","ph":"X","ts":284879,"dur":45,"pid":1,"tid":12,"args":{"level":"9","steps":"3","waitUs":"6"}},
{"name":"cluster 25","cat":"cluster","ph":"X","ts":284934,"dur":11,"pid":1,"tid":27,"args":{"level":"10","steps":"3","waitUs":"10"}},
{"name":"cluster 26","cat":"cluster","ph":"X","ts":284879,"dur":10,"pid":1,"tid":30,"args":{"level":"9","steps":"2","waitUs":"5"}},
{"name":"cluster 27","cat":"cluster","ph":"X","ts":285046,"dur":5,"pid":1,"tid":12,"args":{"level":"15","steps":"10","waitUs":"0"}},
{"name":"cluster 28","cat":"cluster","ph":"X","ts":285051,"dur":8,"pid":1,"tid":12,"args":{"level":"16","steps":"4","waitUs":"0"}},
{"name":"cluster 29","cat":"cluster","ph":"X","ts":285060,"dur":16,"pid":1,"tid":12,"args":{"level":"17","steps":"6","waitUs":"1"}},
{"name":"cluster 30","cat":"cluster","ph":"X","ts":285084,"dur":20,"pid":1,"tid":0,"args":{"level":"18","steps":"5","waitUs":"8"}},
{"name":"cluster 31","cat":"cluster","ph":"X","ts":285110,"dur":28,"pid":1,"tid":11,"args":{"level":"19","steps":"5","waitUs":"6"}},
{"name":"cluster 32","cat":"cluster","ph":"X","ts":284832,"dur":10,"pid":1,"tid":29,"args":{"level":"8","steps":"8","waitUs":"0"}},
{"name":"cluster 33","cat":"cluster","ph":"X","ts":284911,"dur":22,"pid":1,"tid":21,"args":{"level":"10","steps":"4","waitUs":"1"}},
{"name":"cluster 34","cat":"cluster","ph":"X","ts":285140,"dur":18,"pid":1,"tid":30,"args":{"level":"20","steps":"3","waitUs":"2"}},
{"name":"cluster 35","cat":"cluster","ph":"X","ts":285160,"dur":19,"pid":1,"tid":4,"args":{"level":"21","steps":"3","waitUs":"2"}},
{"name":"cluster 36","cat":"cluster","ph":"X","ts":285181,"dur":24,"pid":1,"tid":24,"args":{"level":"22","steps":"3","waitUs":"2"}},
{"name":"cluster 37","cat":"cluster","ph":"X","ts":285219,"dur":12,"pid":1,"tid":0,"args":{"level":"23","steps":"2","waitUs":"14"}},
{"name":"cluster 38","cat":"cluster","ph":"X","ts":285233,"dur":12,"pid":1,"tid":2,"args":{"level":"24","steps":"2","waitUs":"2"}},
{"name":"cluster 39","cat":"cluster","ph":"X","ts":285249,"dur":9,"pid":1,"tid":0,"args":{"level":"25","steps":"3","waitUs":"0"}},
{"name":"cluster 40","cat":"cluster","ph":"X","ts":285258,"dur":6,"pid":1,"tid":0,"args":{"level":"26","steps":"2","waitUs":"0"}},
{"name":"cluster 41","cat":"cluster","ph":"X","ts":285264,"dur":6,"pid":1,"tid":0,"args":{"level":"27","steps":"1","waitUs":"0"}},
{"name":"cluster 42","cat":"cluster","ph":"X","ts":285270,"dur":6,"pid":1,"tid":0,"args":{"level":"28","steps":"2","waitUs":"0"}},
{"name":"cluster 43","cat":"cluster","ph":"X","ts":285276,"dur":6,"pid":1,"tid":0,"args":{"level":"29","steps":"1","waitUs":"0"}},
{"name":"cluster 44","cat":"cluster","ph":"X","ts":285282,"dur":5,"pid":1,"tid":0,"args":{"level":"30","steps":"2","waitUs":"0"}},
{"name":"cluster 45","cat":"cluster","ph":"X","ts":285287,"dur":7,"pid":1,"tid":0,"args":{"level":"31","steps":"1","waitUs":"0"}},
{"name":"cluster 46","cat":"cluster","ph":"X","ts":285294,"dur":5,"pid":1,"tid":0,"args":{"level":"32","steps":"2","waitUs":"0"}},
{"name":"cluster 47","cat":"cluster","ph":"X","ts":285299,"dur":7,"pid":1,"tid":0,"args":{"level":"33","steps":"1","waitUs":"0"}},
{"name":"cluster 48","cat":"cluster","ph":"X","ts":285306,"dur":6,"pid":1,"tid":0,"args":{"level":"34","steps":"1","waitUs":"0"}},
{"name":"cluster 49","cat":"cluster","ph":"X","ts":285312,"dur":8,"pid":1,"tid":0,"args":{"level":"35","steps":"4","waitUs":"0"}},
{"name":"cluster 50","cat":"cluster","ph":"X","ts":285320,"dur":9,"pid":1,"tid":0,"args":{"level":"36","steps":"4","waitUs":"0"}},
{"name":"cluster 51","cat":"cluster","ph":"X","ts":285332,"dur":14,"pid":1,"tid":30,"args":{"level":"37","steps":"3","waitUs":"3"}},
{"name":"cluster 52","cat":"cluster","ph":"X","ts":285350,"dur":22,"pid":1,"tid":22,"args":{"level":"38","steps":"3","waitUs":"4"}},
{"name":"cluster 53","cat":"cluster","ph":"X","ts":285372,"dur":18,"pid":1,"tid":22,"args":{"level":"39","steps":"7","waitUs":"0"}},
{"name":"cluster 54","cat":"cluster","ph":"X","ts":285398,"dur":8,"pid":1,"tid":0,"args":{"level":"40","steps":"2","waitUs":"8"}},
{"name":"cluster 55","cat":"cluster","ph":"X","ts":285407,"dur":10,"pid":1,"tid":22,"args":{"level":"41","steps":"5","waitUs":"0"}},
{"name":"cluster 56","cat":"cluster","ph":"X","ts":285417,"dur":571,"pid":1,"tid":22,"args":{"level":"42","steps":"3","waitUs":"0"}},
{"name":"cluster 57","cat":"cluster","ph":"X","ts":285989,"dur":396,"pid":1,"tid":22,"args":{"level":"43","steps":"2","waitUs":"0"}},
{"name":"cluster 58","cat":"cluster","ph":"X","ts":286385,"dur":24,"pid":1,"tid":22,"args":{"level":"44","steps":"3","waitUs":"0"}},
{"name":"cluster 59","cat":"cluster","ph":"X","ts":286409,"dur":9,"pid":1,"tid":22,"args":{"level":"46","steps":"28","waitUs":"0"}},
{"name":"cluster 60","cat":"cluster","ph":"X","ts":284874,"dur":22,"pid":1,"tid":9,"args":{"level":"9","steps":"7","waitUs":"0"}},
{"name":"cluster 61","cat":"cluster","ph":"X","ts":285138,"dur":7,"pid":1,"tid":11,"args":{"level":"20","steps":"2","waitUs":"0"}},
{"name":"cluster 62","cat":"cluster","ph":"X","ts":284991,"dur":14,"pid":1,"tid":12,"args":{"level":"11","steps":"12","waitUs":"0"}},
{"name":"cluster 63","cat":"cluster","ph":"X","ts":285159,"dur":6,"pid":1,"tid":30,"args":{"level":"21","steps":"3","waitUs":"0"}},
{"name":"cluster 64","cat":"cluster","ph":"X","ts":285330,"dur":4,"pid":1,"tid":0,"args":{"level":"37","steps":"8","waitUs":"0"}},
{"name":"cluster 65","cat":"cluster","ph":"X","ts":285082,"dur":11,"pid":1,"tid":12,"args":{"level":"18","steps":"7","waitUs":"6"}},
{"name":"cluster 66","cat":"cluster","ph":"X","ts":285179,"dur":10,"pid":1,"tid":4,"args":{"level":"22","steps":"2","waitUs":"0"}},
{"name":"cluster 67","cat":"cluster","ph":"X","ts":285346,"dur":12,"pid":1,"tid":30,"args":{"level":"38","steps":"5","waitUs":"0"}},
{"name":"cluster 68","cat":"cluster","ph":"X","ts":285212,"dur":12,"pid":1,"tid":24,"args":{"level":"23","steps":"8","waitUs":"7"}},
{"name":"cluster 69","cat":"cluster","ph":"X","ts":285231,"dur":18,"pid":1,"tid":0,"args":{"level":"24","steps":"6","waitUs":"0"}},
{"name":"cluster 70","cat":"cluster","ph":"X","ts":285191,"dur":9,"pid":1,"tid":0,"args":{"level":"22","steps":"7","waitUs":"0"}},
{"name":"cluster 71","cat":"cluster","ph":"X","ts":285180,"dur":11,"pid":1,"tid":0,"args":{"level":"21","steps":"12","waitUs":"0"}},
{"name":"cluster 72","cat":"cluster","ph":"X","ts":285168,"dur":12,"pid":1,"tid":0,"args":{"level":"20","steps":"29","waitUs":"0"}},
{"name":"cluster 73","cat":"cluster","ph":"X","ts":285105,"dur":62,"pid":1,"tid":0,"args":{"level":"19","steps":"28","waitUs":"0"}},
{"name":"cluster 74","cat":"cluster","ph":"X","ts":285006,"dur":13,"pid":1,"tid":12,"args":{"level":"12","steps":"31","waitUs":"0"}},
{"name":"cluster 75","cat":"cluster","ph":"X","ts":285396,"dur":11,"pid":1,"tid":22,"args":{"level":"40","steps":"6","waitUs":"6"}},
{"name":"cluster 76","cat":"cluster","ph":"X","ts":285020,"dur":11,"pid":1,"tid":12,"args":{"level":"13","steps":"37","waitUs":"0"}},
{"name":"cluster 77","cat":"cluster","ph":"X","ts":284925,"dur":66,"pid":1,"tid":12,"args":{"level":"10","steps":"12","waitUs":"0"}},
{"name":"cluster 78","cat":"cluster","ph":"X","ts":286418,"dur":32,"pid":1,"tid":22,"args":{"level":"47","steps":"1","waitUs":"0"}},
{"name":"cluster 79","cat":"cluster","ph":"X","ts":286450,"dur":2246,"pid":1,"tid":22,"args":{"level":"48","steps":"1","waitUs":"0"}},
{"name":"cluster 80","cat":"cluster","ph":"X","ts":288696,"dur":4,"pid":1,"tid":22,"args":{"level":"49","steps":"1","waitUs":"0"}},
{"name":"cluster 81","cat":"cluster","ph":"X","ts":288700,"dur":544,"pid":1,"tid":22,"args":{"level":"51","steps":"2","waitUs":"0"}},
{"name":"BakedPublish","cat":"baked","ph":"X","ts":289362,"dur":84,"pid":1,"tid":0},
{"name":"BakedEpilogue","cat":"baked","ph":"X","ts":289259,"dur":236,"pid":1,"tid":0},
{"name":"Baked","cat":"baked","ph":"X","ts":284056,"dur":5440,"pid":1,"tid":0},
{"name":"Evaluate@7","cat":"evaluate","ph":"X","ts":284054,"dur":5446,"pid":1,"tid":0},
{"name":"PropertyChain /Biped/Rig/Movers/ballRoll_l_down_rc/ballRoll_l_down_rotation.inputs:defaultWeight","cat":"property","ph":"X","ts":289744,"dur":57,"pid":1,"tid":0},
{"name":"PropertyChain /Biped/Rig/Movers/ballRoll_l_up_rc/ballRoll_l_up_rotation.inputs:defaultWeight","cat":"property","ph":"X","ts":289802,"dur":13,"pid":1,"tid":0},
{"name":"PropertyChain /Biped/Rig/Movers/ballRoll_r_down_rc/ballRoll_r_down_rotation.inputs:defaultWeight","cat":"property","ph":"X","ts":289816,"dur":28,"pid":1,"tid":0},
{"name":"PropertyChain /Biped/Rig/Movers/ballRoll_r_up_rc/ballRoll_r_up_rotation.inputs:defaultWeight","cat":"property","ph":"X","ts":289845,"dur":15,"pid":1,"tid":0},
{"name":"PropertyChain /Biped/Rig/Movers/bankIn_l_pivot_rc/bankIn_l_pivot_rotation.inputs:defaultWeight","cat":"property","ph":"X","ts":289861,"dur":8,"pid":1,"tid":0},
{"name":"PropertyChain /Biped/Rig/Movers/bankIn_r_pivot_rc/bankIn_r_pivot_rotation.inputs:defaultWeight","cat":"property","ph":"X","ts":289869,"dur":9,"pid":1,"tid":0},
{"name":"PropertyChain /Biped/Rig/Movers/bankOut_l_pivot_rc/bankOut_l_pivot_rotation.inputs:defaultWeight","cat":"property","ph":"X","ts":289879,"dur":7,"pid":1,"tid":0},
{"name":"PropertyChain /Biped/Rig/Movers/bankOut_r_pivot_rc/bankOut_r_pivot_rotation.inputs:defaultWeight","cat":"property","ph":"X","ts":289887,"dur":7,"pid":1,"tid":0},
{"name":"PropertyChain /Biped/Rig/Movers/heel_l_roll_rc/heel_l_roll_rotation.inputs:defaultWeight","cat":"property","ph":"X","ts":289895,"dur":6,"pid":1,"tid":0},
{"name":"PropertyChain /Biped/Rig/Movers/heel_r_roll_rc/heel_r_roll_rotation.inputs:defaultWeight","cat":"property","ph":"X","ts":289902,"dur":8,"pid":1,"tid":0},
{"name":"PropertyChain /Biped/Rig/Movers/toe_l_roll_rc/toe_l_roll_rotation.inputs:defaultWeight","cat":"property","ph":"X","ts":289911,"dur":13,"pid":1,"tid":0},
{"name":"PropertyChain /Biped/Rig/Movers/toe_r_roll_rc/toe_r_roll_rotation.inputs:defaultWeight","cat":"property","ph":"X","ts":289925,"dur":14,"pid":1,"tid":0},
{"name":"PropertyChains","cat":"property","ph":"X","ts":289742,"dur":198,"pid":1,"tid":0},
{"name":"BakedInputs","cat":"baked","ph":"X","ts":289941,"dur":10,"pid":1,"tid":0},
{"name":"BakedChainBase","cat":"geometry","ph":"X","ts":290270,"dur":32,"pid":1,"tid":0},
{"name":"BakedPrologue","cat":"baked","ph":"X","ts":289737,"dur":565,"pid":1,"tid":0},
{"name":"BakedRegion","cat":"baked","ph":"X","ts":290303,"dur":4531,"pid":1,"tid":0},
{"name":"ComposeSubtree /Biped/Rig/Controls/arm_l_ik","cat":"step","ph":"X","ts":290360,"dur":3,"pid":1,"tid":0},
{"name":"ComposeSubtree /Biped/Rig/Controls/hips_ctl","cat":"step","ph":"X","ts":290363,"dur":2,"pid":1,"tid":0},
{"name":"ComposeSubtree /Biped/Rig/Controls/hips_ctl/spine_root_pivot/spine_root_ctl","cat":"step","ph":"X","ts":290374,"dur":1,"pid":1,"tid":0},
{"name":"ComposeSubtree /Biped/Rig/Controls/hips_ctl/spine_root_pivot/spine_root_ctl/pelvis_r_ctl/leg_r_root/leg_r_fk_thigh_r_bind/leg_r_fk_knee_r_bind","cat":"step","ph":"X","ts":290441,"dur":3,"pid":1,"tid":31},
{"name":"ComposeSubtree /Biped/Rig/Controls/hips_ctl/torso_ctl/spine_end_pivot/spine_end_ctl","cat":"step","ph":"X","ts":290414,"dur":1,"pid":1,"tid":0},
{"name":"ComposeSubtree /Biped/Rig/Controls/hips_ctl/torso_ctl/spine_end_pivot/spine_end_ctl/clavicle_l_ctl/arm_l_root","cat":"step","ph":"X","ts":290422,"dur":1,"pid":1,"tid":0},
{"name":"ComposeSubtree /Biped/Rig/Controls/hips_ctl/torso_ctl/spine_end_pivot/spine_end_ctl/clavicle_r_ctl/arm_r_root/arm_r_fk_shoulder_r_bind/arm_r_fk_elbow_r_bind","cat":"step","ph":"X","ts":290457,"dur":3,"pid":1,"tid":19},
{"name":"ComposeSubtree /Biped/Rig/Controls/hips_ctl/torso_ctl/spine_end_pivot/spine_end_ctl/neck_root_ctl","cat":"step","ph":"X","ts":290423,"dur":1,"pid":1,"tid":0},
{"name":"ComposeSubtree /Biped/Rig/Controls/hips_ctl/torso_ctl/spine_end_pivot/spine_end_ctl/neck_root_ctl/neck_end_pivot","cat":"step","ph":"X","ts":290444,"dur":1,"pid":1,"tid":31},
{"name":"ComposeSubtree /Biped/Rig/Controls/index_001_l_bind_fk_follow","cat":"step","ph":"X","ts":290365,"dur":1,"pid":1,"tid":0},
{"name":"ComposeSubtree /Biped/Rig/Controls/index_001_l_bind_fk_follow/index_001_l_bind_fk/index_002_l_bind_fk","cat":"step","ph":"X","ts":290375,"dur":1,"pid":1,"tid":0},
{"name":"ComposeSubtree /Biped/Rig/Controls/leg_l_ik/ankle_l_pivot/bankIn_l_pivot/bankOut_l_pivot/heel_l_roll","cat":"step","ph":"X","ts":290415,"dur":1,"pid":1,"tid":0},
{"name":"ComposeSubtree /Biped/Rig/Controls/leg_l_ik/ankle_l_pivot/bankIn_l_pivot/bankOut_l_pivot/heel_l_roll/heel_l/ball_l_pivot/toe_l_roll/toe_l","cat":"step","ph":"X","ts":290445,"dur":1,"pid":1,"tid":31},
{"name":"ComposeSubtree /Biped/Rig/Controls/leg_l_ik/ankle_l_pivot/bankIn_l_pivot/bankOut_l_pivot/heel_l_roll/heel_l/ball_l_pivot/toe_l_roll/toe_l/ballRoll_l_up/ballRoll_l_down","cat":"step","ph":"X","ts":290460,"dur":1,"pid":1,"tid":19},
{"name":"ComposeSubtree /Biped/Rig/Controls/leg_l_ik/ankle_l_pivot/bankIn_l_pivot/bankOut_l_pivot/heel_l_roll/heel_l/ball_l_pivot/toe_l_roll/toe_l/ballRoll_l_up/ballRoll_l_down/ballRoll_l/ankle_l_ikTarget","cat":"step","ph":"X","ts":290479,"dur":2,"pid":1,"tid":21},
{"name":"ComposeSubtree /Biped/Rig/Controls/leg_l_ik/ankle_l_pivot/bankIn_l_pivot/bankOut_l_pivot/heel_l_roll/heel_l/ball_l_pivot/toe_l_roll/toe_l/ballRoll_l_up/ballRoll_l_down_twin","cat":"step","ph":"X","ts":290461,"dur":1,"pid":1,"tid":19},
{"name":"ComposeSubtree /Biped/Rig/Controls/leg_l_ik/ankle_l_pivot/bankIn_l_pivot/bankOut_l_pivot/heel_l_roll/heel_l/ball_l_pivot/toe_l_roll/toe_l/toeBend_l","cat":"step","ph":"X","ts":290462,"dur":1,"pid":1,"tid":19},
{"name":"ComposeSubtree /Biped/Rig/Controls/leg_l_ik/ankle_l_pivot/bankIn_l_pivot/bankOut_l_pivot/heel_l_roll/heel_l/ball_l_pivot/toe_l_roll_twin","cat":"step","ph":"X","ts":290446,"dur":1,"pid":1,"tid":31},
{"name":"ComposeSubtree /Biped/Rig/Controls/leg_l_ik/ankle_l_pivot/bank_l","cat":"step","ph":"X","ts":290376,"dur":1,"pid":1,"tid":0},
{"name":"ComposeSubtree /Biped/Rig/Controls/leg_l_pv","cat":"step","ph":"X","ts":290366,"dur":1,"pid":1,"tid":0},
{"name":"ComposeSubtree /Biped/Rig/Controls/leg_r_ik/ankle_r_pivot","cat":"step","ph":"X","ts":290377,"dur":1,"pid":1,"tid":0},
{"name":"ComposeSubtree /Biped/Rig/Controls/leg_r_ik/ankle_r_pivot/bankIn_r_pivot/bankOut_r_pivot","cat":"step","ph":"X","ts":290416,"dur":1,"pid":1,"tid":0},
{"name":"ComposeSubtree /Biped/Rig/Controls/leg_r_ik/ankle_r_pivot/bankIn_r_pivot/bankOut_r_pivot/heel_r_roll/heel_r","cat":"step","ph":"X","ts":290424,"dur":1,"pid":1,"tid":0},
{"name":"ComposeSubtree /Biped/Rig/Controls/leg_r_ik/ankle_r_pivot/bankIn_r_pivot/bankOut_r_pivot/heel_r_roll/heel_r/ball_r_pivot/toe_r_roll","cat":"step","ph":"X","ts":290447,"dur":1,"pid":1,"tid":31},
{"name":"ComposeSubtree /Biped/Rig/Controls/leg_r_ik/ankle_r_pivot/bankIn_r_pivot/bankOut_r_pivot/heel_r_roll/heel_r/ball_r_pivot/toe_r_roll/toe_r/ballRoll_r_up/ballRoll_r_down/ballRoll_r","cat":"step","ph":"X","ts":290481,"dur":1,"pid":1,"tid":21},
{"name":"ComposeSubtree /Biped/Rig/Controls/leg_r_ik/ankle_r_pivot/bankIn_r_pivot/bankOut_r_pivot/heel_r_roll/heel_r/ball_r_pivot/toe_r_roll/toe_r/ballRoll_r_up/ballRoll_r_down/ballRoll_r/ball_r_ikTarget","cat":"step","ph":"X","ts":290498,"dur":11,"pid":1,"tid":28},
{"name":"ComposeSubtree /Biped/Rig/Controls/leg_r_ik/ankle_r_pivot/bankIn_r_pivot/bankOut_r_pivot/heel_r_roll/heel_r/ball_r_pivot/toe_r_roll/toe_r/toeBend_r/toeBend_r_fk","cat":"step","ph":"X","ts":290482,"dur":1,"pid":1,"tid":21},
{"name":"ComposeSubtree /Biped/Rig/Controls/leg_r_ik/ankle_r_pivot/bank_r","cat":"step","ph":"X","ts":290417,"dur":1,"pid":1,"tid":0},
{"name":"ComposeSubtree /Biped/Rig/Controls/leg_r_pv","cat":"step","ph":"X","ts":290367,"dur":1,"pid":1,"tid":0},
{"name":"ComposeSubtree /Biped/Rig/Controls/middle_001_r_bind_fk_follow","cat":"step","ph":"X","ts":290368,"dur":1,"pid":1,"tid":0},
{"name":"ComposeSubtree /Biped/Rig/Controls/pinkyCup_l_bind_fk_follow/pinkyCup_l_bind_fk/pinky_001_l_bind_fk","cat":"step","ph":"X","ts":290378,"dur":1,"pid":1,"tid":0},
{"name":"ComposeSubtree /Biped/Rig/Controls/pinkyCup_l_bind_fk_follow/pinkyCup_l_bind_fk/pinky_001_l_bind_fk/pinky_002_l_bind_fk/pinky_003_l_bind_fk","cat":"step","ph":"X","ts":290418,"dur":1,"pid":1,"tid":0},
{"name":"ComposeSubtree /Biped/Rig/Controls/pinkyCup_r_bind_fk_follow","cat":"step","ph":"X","ts":290369,"dur":1,"pid":1,"tid":0},
{"name":"ComposeSubtree /Biped/Rig/Controls/ring_001_r_bind_fk_follow/ring_001_r_bind_fk/ring_002_r_bind_fk/ring_003_r_bind_fk","cat":"step","ph":"X","ts":290419,"dur":1,"pid":1,"tid":0},
{"name":"ComposeSubtree /Biped/Rig/Controls/spine_mid_follow","cat":"step","ph":"X","ts":290370,"dur":1,"pid":1,"tid":0},
{"name":"ComposeSubtree /Biped/Rig/Controls/thumbCup_l_bind_fk_follow/thumbCup_l_bind_fk/thumb_001_l_bind_fk","cat":"step","ph":"X","ts":290379,"dur":1,"pid":1,"tid":0},
{"name":"ComposeSubtree /Biped/Rig/Controls/thumbCup_r_bind_fk_follow","cat":"step","ph":"X","ts":290371,"dur":1,"pid":1,"tid":0},
{"name":"ComposeSubtree /Biped/Rig/Joints/ankle_l_pivot/bankIn_l_pivot/bankOut_l_pivot/heel_l_pivot/ball_l_pivot","cat":"step","ph":"X","ts":290420,"dur":1,"pid":1,"tid":0},
{"name":"ComposeSubtree /Biped/Rig/Joints/ankle_r_pivot","cat":"step","ph":"X","ts":290372,"dur":1,"pid":1,"tid":0},
{"name":"ComposeSubtree /Biped/Rig/Joints/hips_bind/pelvis_l_bind/pelvis_trans_combo_l_driver","cat":"step","ph":"X","ts":290380,"dur":1,"pid":1,"tid":0},
{"name":"ComposeSubtree /Biped/Rig/Joints/hips_bind/pelvis_l_bind/thigh_l_bind/knee_l_bind/ankle_l_bind/ball_l_bind","cat":"step","ph":"X","ts":290425,"dur":1,"pid":1,"tid":0},
{"name":"ComposeSubtree /Biped/Rig/Joints/hips_bind/pelvis_l_bind/thigh_l_bind/knee_l_bind/ankle_l_bind/ball_l_bind/toe1_001_l_bind/toe1_002_l_bind","cat":"step","ph":"X","ts":290448,"dur":1,"pid":1,"tid":31},
{"name":"ComposeSubtree /Biped/Rig/Joints/hips_bind/pelvis_l_bind/thigh_l_bind/knee_l_bind/ankle_l_bind/ball_l_bind/toe1_001_l_bind/toe1_002_l_bind/toe1_003_l_bind","cat":"step","ph":"X","ts":290464,"dur":1,"pid":1,"tid":19},
{"name":"ComposeSubtree /Biped/Rig/Joints/hips_bind/pelvis_l_bind/thigh_l_bind/knee_l_bind/ankle_l_bind/ball_l_bind/toe2_001_l_bind/toe2_002_l_bind/toe2_003_l_bind","cat":"step","ph":"X","ts":290465,"dur":1,"pid":1,"tid":19},
{"name":"ComposeSubtree /Biped/Rig/Joints/hips_bind/pelvis_l_bind/thigh_l_bind/knee_l_bind/ankle_l_bind/ball_l_bind/toe3_001_l_bind","cat":"step","ph":"X","ts":290449,"dur":1,"pid":1,"tid":31},
{"name":"ComposeSubtree /Biped/Rig/Joints/hips_bind/pelvis_l_bind/thigh_l_bind/knee_l_bind/ankle_l_bind/ball_l_bind/toe4_001_l_bind/toe4_002_l_bind/toe4_003_l_bind","cat":"step","ph":"X","ts":290466,"dur":1,"pid":1,"tid":19},
{"name":"ComposeSubtree /Biped/Rig/Joints/hips_bind/pelvis_l_bind/thigh_l_bind/knee_l_bind/ankle_l_bind/ball_l_bind/toe5_001_l_bind","cat":"step","ph":"X","ts":290450,"dur":1,"pid":1,"tid":31},
{"name":"ComposeSubtree /Biped/Rig/Joints/hips_bind/pelvis_l_bind/thigh_l_bind/knee_l_bind/ankle_l_bind/ball_l_bind/toe5_001_l_bind/toe5_002_l_bind/toe5_003_l_bind","cat":"step","ph":"X","ts":290467,"dur":1,"pid":1,"tid":19},
{"name":"ComposeSubtree /Biped/Rig/Joints/hips_bind/pelvis_l_bind/thigh_l_bind/knee_l_bind/kneeTwist_l_bind","cat":"step","ph":"X","ts":290395,"dur":1,"pid":1,"tid":0},
{"name":"ComposeSubtree /Biped/Rig/Joints/hips_bind/pelvis_r_bind","cat":"step","ph":"X","ts":290381,"dur":1,"pid":1,"tid":0},
{"name":"ComposeSubtree /Biped/Rig/Joints/hips_bind/pelvis_r_bind/thighNoTwist_r_bind","cat":"step","ph":"X","ts":290396,"dur":1,"pid":1,"tid":0},
{"name":"ComposeSubtree /Biped/Rig/Joints/hips_bind/pelvis_r_bind/thigh_r_bind/knee_r_bind/ankleTwist_r_bind","cat":"step","ph":"X","ts":290426,"dur":1,"pid":1,"tid":0},
{"name":"ComposeSubtree /Biped/Rig/Joints/hips_bind/pelvis_r_bind/thigh_r_bind/knee_r_bind/ankle_r_bind/ball_r_bind","cat":"step","ph":"X","ts":290451,"dur":1,"pid":1,"tid":31},
{"name":"ComposeSubtree /Biped/Rig/Joints/hips_bind/pelvis_r_bind/thigh_r_bind/knee_r_bind/ankle_r_bind/ball_r_bind/toe2_001_r_bind","cat":"step","ph":"X","ts":290468,"dur":1,"pid":1,"tid":19},
{"name":"ComposeSubtree /Biped/Rig/Joints/hips_bind/pelvis_r_bind/thigh_r_bind/knee_r_bind/ankle_r_bind/ball_r_bind/toe2_001_r_bind/toe2_002_r_bind/toe2_003_r_bind","cat":"step","ph":"X","ts":290483,"dur":1,"pid":1,"tid":21},
{"name":"ComposeSubtree /Biped/Rig/Joints/hips_bind/pelvis_r_bind/thigh_r_bind/knee_r_bind/ankle_r_bind/ball_r_bind/toe3_001_r_bind","cat":"step","ph":"X","ts":290469,"dur":1,"pid":1,"tid":19},
{"name":"ComposeSubtree /Biped/Rig/Joints/hips_bind/pelvis_r_bind/thigh_r_bind/knee_r_bind/ankle_r_bind/ball_r_bind/toe3_001_r_bind/toe3_002_r_bind/toe3_003_r_bind","cat":"step","ph":"X","ts":290484,"dur":1,"pid":1,"tid":21},
{"name":"ComposeSubtree /Biped/Rig/Joints/hips_bind/pelvis_r_bind/thigh_r_bind/knee_r_bind/ankle_r_bind/ball_r_bind/toe5_001_r_bind","cat":"step","ph":"X","ts":290470,"dur":1,"pid":1,"tid":19},
{"name":"ComposeSubtree /Biped/Rig/Joints/hips_bind/pelvis_r_bind/thigh_r_bind/knee_r_bind/ankle_r_bind/ball_r_bind/toe5_001_r_bind/toe5_002_r_bind/toe5_003_r_bind","cat":"step","ph":"X","ts":290485,"dur":1,"pid":1,"tid":21},
{"name":"ComposeSubtree /Biped/Rig/Joints/hips_bind/pelvis_r_bind/thigh_r_bind/knee_r_bind/ankle_r_bind/ball_r_bind/toe_r_bind","cat":"step","ph":"X","ts":290471,"dur":1,"pid":1,"tid":19},
{"name":"ComposeSubtree /Biped/Rig/Joints/hips_bind/pelvis_r_bind/thigh_r_bind/knee_r_bind/kneeTwist_r_bind","cat":"step","ph":"X","ts":290427,"dur":1,"pid":1,"tid":0},
{"name":"ComposeSubtree /Biped/Rig/Joints/hips_bind/spine_0_bind","cat":"step","ph":"X","ts":290382,"dur":1,"pid":1,"tid":0},
{"name":"ComposeSubtree /Biped/Rig/Joints/hips_bind/spine_0_bind/spine_1_bind/spine_2_bind/spine_3_bind/spine_4_bind/spine_5_bind/chest_bind/clavicle_l_bind/clavicle_trans_combo_l_driver","cat":"step","ph":"X","ts":290472,"dur":1,"pid":1,"tid":19},
{"name":"ComposeSubtree /Biped/Rig/Joints/hips_bind/spine_0_bind/spine_1_bind/spine_2_bind/spine_3_bind/spine_4_bind/spine_5_bind/chest_bind/clavicle_l_bind/shoulderNoTwist_l_bind","cat":"step","ph":"X","ts":290473,"dur":1,"pid":1,"tid":19},
{"name":"ComposeSubtree /Biped/Rig/Joints/hips_bind/spine_0_bind/spine_1_bind/spine_2_bind/spine_3_bind/spine_4_bind/spine_5_bind/chest_bind/clavicle_l_bind/shoulder_l_bind/elbow_l_bind/elbowTwist_l_bind","cat":"step","ph":"X","ts":290486,"dur":1,"pid":1,"tid":21},
{"name":"ComposeSubtree /Biped/Rig/Joints/hips_bind/spine_0_bind/spine_1_bind/spine_2_bind/spine_3_bind/spine_4_bind/spine_5_bind/chest_bind/clavicle_l_bind/shoulder_l_bind/elbow_l_bind/wristTwist_l_driver","cat":"step","ph":"X","ts":290487,"dur":1,"pid":1,"tid":21},
{"name":"ComposeSubtree /Biped/Rig/Joints/hips_bind/spine_0_bind/spine_1_bind/spine_2_bind/spine_3_bind/spine_4_bind/spine_5_bind/chest_bind/clavicle_l_bind/shoulder_l_bind/elbow_l_bind/wrist_l_bind/index_001_l_bind","cat":"step","ph":"X","ts":290509,"dur":3,"pid":1,"tid":28},
{"name":"ComposeSubtree /Biped/Rig/Joints/hips_bind/spine_0_bind/spine_1_bind/spine_2_bind/spine_3_bind/spine_4_bind/spine_5_bind/chest_bind/clavicle_l_bind/shoulder_l_bind/elbow_l_bind/wrist_l_bind/index_001_l_bind/index_002_l_bind","cat":"step","ph":"X","ts":290557,"dur":1,"pid":1,"tid":0},
{"name":"ComposeSubtree /Biped/Rig/Joints/hips_bind/spine_0_bind/spine_1_bind/spine_2_bind/spine_3_bind/spine_4_bind/spine_5_bind/chest_bind/clavicle_l_bind/shoulder_l_bind/elbow_l_bind/wrist_l_bind/index_001_l_bind/index_002_l_bind/index_003_l_bind/index_004_l_bind","cat":"step","ph":"X","ts":290583,"dur":2,"pid":1,"tid":7},
{"name":"ComposeSubtree /Biped/Rig/Joints/hips_bind/spine_0_bind/spine_1_bind/spine_2_bind/spine_3_bind/spine_4_bind/spine_5_bind/chest_bind/clavicle_l_bind/shoulder_l_bind/elbow_l_bind/wrist_l_bind/middle_001_l_bind","cat":"step","ph":"X","ts":290512,"dur":3,"pid":1,"tid":28},
{"name":"ComposeSubtree /Biped/Rig/Joints/hips_bind/spine_0_bind/spine_1_bind/spine_2_bind/spine_3_bind/spine_4_bind/spine_5_bind/chest_bind/clavicle_l_bind/shoulder_l_bind/elbow_l_bind/wrist_l_bind/middle_001_l_bind/middle_002_l_bind/middle_003_l_bind/middle_004_l_bind","cat":"step","ph":"X","ts":290585,"dur":1,"pid":1,"tid":7},
{"name":"ComposeSubtree /Biped/Rig/Joints/hips_bind/spine_0_bind/spine_1_bind/spine_2_bind/spine_3_bind/spine_4_bind/spine_5_bind/chest_bind/clavicle_l_bind/shoulder_l_bind/elbow_l_bind/wrist_l_bind/pinkyCup_l_bind","cat":"step","ph":"X","ts":290515,"dur":3,"pid":1,"tid":28},
{"name":"ComposeSubtree /Biped/Rig/Joints/hips_bind/spine_0_bind/spine_1_bind/spine_2_bind/spine_3_bind/spine_4_bind/spine_5_bind/chest_bind/clavicle_l_bind/shoulder_l_bind/elbow_l_bind/wrist_l_bind/pinkyCup_l_bind/pinky_001_l_bind/pinky_002_combo_l_driver","cat":"step","ph":"X","ts":290558,"dur":1,"pid":1,"tid":0},
{"name":"ComposeSubtree /Biped/Rig/Joints/hips_bind/spine_0_bind/spine_1_bind/spine_2_bind/spine_3_bind/spine_4_bind/spine_5_bind/chest_bind/clavicle_l_bind/shoulder_l_bind/elbow_l_bind/wrist_l_bind/pinkyCup_l_bind/pinky_001_l_bind/pinky_002_l_bind/pinky_003_l_bind/pinky_004_l_bind","cat":"step","ph":"X","ts":290610,"dur":2,"pid":1,"tid":17},
{"name":"ComposeSubtree /Biped/Rig/Joints/hips_bind/spine_0_bind/spine_1_bind/spine_2_bind/spine_3_bind/spine_4_bind/spine_5_bind/chest_bind/clavicle_l_bind/shoulder_l_bind/elbow_l_bind/wrist_l_bind/ring_001_l_bind","cat":"step","ph":"X","ts":290518,"dur":2,"pid":1,"tid":28},
{"name":"ComposeSubtree /Biped/Rig/Joints/hips_bind/spine_0_bind/spine_1_bind/spine_2_bind/spine_3_bind/spine_4_bind/spine_5_bind/chest_bind/clavicle_l_bind/shoulder_l_bind/elbow_l_bind/wrist_l_bind/ring_001_l_bind/ring_002_l_bind/ring_003_l_bind/ring_004_l_bind","cat":"step","ph":"X","ts":290586,"dur":1,"pid":1,"tid":7},
{"name":"ComposeSubtree /Biped/Rig/Joints/hips_bind/spine_0_bind/spine_1_bind/spine_2_bind/spine_3_bind/spine_4_bind/spine_5_bind/chest_bind/clavicle_l_bind/shoulder_l_bind/elbow_l_bind/wrist_l_bind/thumbCup_l_bind","cat":"step","ph":"X","ts":290520,"dur":3,"pid":1,"tid":28},
{"name":"ComposeSubtree /Biped/Rig/Joints/hips_bind/spine_0_bind/spine_1_bind/spine_2_bind/spine_3_bind/spine_4_bind/spine_5_bind/chest_bind/clavicle_l_bind/shoulder_l_bind/elbow_l_bind/wrist_l_bind/thumbCup_l_bind/thumb_001_l_bind/thumb_002_l_bind","cat":"step","ph":"X","ts":290559,"dur":1,"pid":1,"tid":0},
{"name":"ComposeSubtree /Biped/Rig/Joints/hips_bind/spine_0_bind/spine_1_bind/spine_2_bind/spine_3_bind/spine_4_bind/spine_5_bind/chest_bind/clavicle_r_bind/clavicle_trans_r_bind/shoulder_r_driver","cat":"step","ph":"X","ts":290523,"dur":3,"pid":1,"tid":28},
{"name":"ComposeSubtree /Biped/Rig/Joints/hips_bind/spine_0_bind/spine_1_bind/spine_2_bind/spine_3_bind/spine_4_bind/spine_5_bind/chest_bind/clavicle_r_bind/shoulderNoTwist_r_bind","cat":"step","ph":"X","ts":290488,"dur":1,"pid":1,"tid":21},
{"name":"ComposeSubtree /Biped/Rig/Joints/hips_bind/spine_0_bind/spine_1_bind/spine_2_bind/spine_3_bind/spine_4_bind/spine_5_bind/chest_bind/clavicle_r_bind/shoulder_r_bind/elbow_r_bind/elbowTwist_r_bind","cat":"step","ph":"X","ts":290526,"dur":2,"pid":1,"tid":28},
{"name":"ComposeSubtree /Biped/Rig/Joints/hips_bind/spine_0_bind/spine_1_bind/spine_2_bind/spine_3_bind/spine_4_bind/spine_5_bind/chest_bind/clavicle_r_bind/shoulder_r_bind/elbow_r_bind/wristTwist_r_bind","cat":"step","ph":"X","ts":290528,"dur":3,"pid":1,"tid":28},
{"name":"ComposeSubtree /Biped/Rig/Joints/hips_bind/spine_0_bind/spine_1_bind/spine_2_bind/spine_3_bind/spine_4_bind/spine_5_bind/chest_bind/clavicle_r_bind/shoulder_r_bind/elbow_r_bind/wristTwist_r_driver","cat":"step","ph":"X","ts":290531,"dur":3,"pid":1,"tid":28},
{"name":"ComposeSubtree /Biped/Rig/Joints/hips_bind/spine_0_bind/spine_1_bind/spine_2_bind/spine_3_bind/spine_4_bind/spine_5_bind/chest_bind/clavicle_r_bind/shoulder_r_bind/elbow_r_bind/wrist_r_bind/index_001_r_bind/index_002_r_bind","cat":"step","ph":"X","ts":290587,"dur":1,"pid":1,"tid":7},
{"name":"ComposeSubtree /Biped/Rig/Joints/hips_bind/spine_0_bind/spine_1_bind/spine_2_bind/spine_3_bind/spine_4_bind/spine_5_bind/chest_bind/clavicle_r_bind/shoulder_r_bind/elbow_r_bind/wrist_r_bind/index_001_r_bind/index_002_r_bind/index_003_r_bind/index_004_r_bind","cat":"step","ph":"X","ts":290612,"dur":1,"pid":1,"tid":17},
{"name":"ComposeSubtree /Biped/Rig/Joints/hips_bind/spine_0_bind/spine_1_bind/spine_2_bind/spine_3_bind/spine_4_bind/spine_5_bind/chest_bind/clavicle_r_bind/shoulder_r_bind/elbow_r_bind/wrist_r_bind/middle_001_r_bind","cat":"step","ph":"X","ts":290560,"dur":1,"pid":1,"tid":0},
{"name":"ComposeSubtree /Biped/Rig/Joints/hips_bind/spine_0_bind/spine_1_bind/spine_2_bind/spine_3_bind/spine_4_bind/spine_5_bind/chest_bind/clavicle_r_bind/shoulder_r_bind/elbow_r_bind/wrist_r_bind/pinkyCup_r_bind/pinky_001_r_bind/pinky_002_combo_r_driver","cat":"step","ph":"X","ts":290588,"dur":1,"pid":1,"tid":7},
{"name":"ComposeSubtree /Biped/Rig/Joints/hips_bind/spine_0_bind/spine_1_bind/spine_2_bind/spine_3_bind/spine_4_bind/spine_5_bind/chest_bind/clavicle_r_bind/shoulder_r_bind/elbow_r_bind/wrist_r_bind/pinkyCup_r_bind/pinky_001_r_bind/pinky_002_r_bind/pinky_003_r_bind","cat":"step","ph":"X","ts":290613,"dur":1,"pid":1,"tid":17},
{"name":"ComposeSubtree /Biped/Rig/Joints/hips_bind/spine_0_bind/spine_1_bind/spine_2_bind/spine_3_bind/spine_4_bind/spine_5_bind/chest_bind/clavicle_r_bind/shoulder_r_bind/elbow_r_bind/wrist_r_bind/ring_001_r_bind","cat":"step","ph":"X","ts":290561,"dur":1,"pid":1,"tid":0},
{"name":"ComposeSubtree /Biped/Rig/Joints/hips_bind/spine_0_bind/spine_1_bind/spine_2_bind/spine_3_bind/spine_4_bind/spine_5_bind/chest_bind/clavicle_r_bind/shoulder_r_bind/elbow_r_bind/wrist_r_bind/thumbCup_r_bind/thumb_001_r_bind/thumb_002_r_bind","cat":"step","ph":"X","ts":290589,"dur":1,"pid":1,"tid":7},
{"name":"ComposeSubtree /Biped/Rig/Joints/hips_bind/spine_0_bind/spine_1_bind/spine_2_bind/spine_3_bind/spine_4_bind/spine_5_bind/chest_bind/clavicle_r_bind/shoulder_r_bind/elbow_r_bind/wrist_r_bind/thumbCup_r_bind/thumb_001_r_bind/thumb_002_r_bind/thumb_003_r_bind","cat":"step","ph":"X","ts":290614,"dur":1,"pid":1,"tid":17},
{"name":"ComposeSubtree /Biped/Rig/Joints/hips_bind/spine_0_bind/spine_1_bind/spine_2_bind/spine_3_bind/spine_4_bind/spine_5_bind/chest_bind/neck_base_bind","cat":"step","ph":"X","ts":290455,"dur":1,"pid":1,"tid":31},
{"name":"ComposeSubtree /Biped/Rig/Joints/hips_bind/spine_0_bind/spine_1_bind/spine_2_bind/spine_3_bind/spine_4_bind/spine_5_bind/chest_bind/neck_base_bind/neck_0_bind/neck_1_bind/neck_2_bind/neck_3_bind","cat":"step","ph":"X","ts":290534,"dur":3,"pid":1,"tid":28},
{"name":"ComposeSubtree /Biped/Rig/Joints/hips_bind/spine_0_bind/spine_1_bind/spine_2_bind/spine_3_bind/spine_4_bind/spine_5_bind/chest_bind/neck_base_bind/neck_0_bind/neck_1_bind/neck_2_bind/neck_3_bind/skull_bind/face_lower_bind","cat":"step","ph":"X","ts":290562,"dur":1,"pid":1,"tid":0},
{"name":"ComposeSubtree /Biped/Rig/Joints/hips_bind/spine_0_bind/spine_1_bind/spine_2_bind/spine_3_bind/spine_4_bind/spine_5_bind/chest_bind/neck_base_bind/neck_0_bind/neck_1_bind/neck_2_bind/neck_3_bind/skull_bind/face_lower_bind/face_mid_bind/nose_bridge_bind","cat":"step","ph":"X","ts":290590,"dur":1,"pid":1,"tid":7},
{"name":"ComposeSubtree /Biped/Rig/Joints/hips_bind/spine_0_bind/spine_1_bind/spine_2_bind/spine_3_bind/spine_4_bind/spine_5_bind/chest_bind/neck_base_bind/neck_0_bind/neck_1_bind/neck_2_bind/neck_3_bind/skull_bind/face_lower_bind/jaw_bind/tongue_0_bind/tongue_1_bind/tongue_2_bind/tongue_3_bind","cat":"step","ph":"X","ts":290641,"dur":1,"pid":1,"tid":0},
{"name":"ComposeSubtree /Biped/Rig/Joints/hips_bind/spine_0_bind/spine_1_bind/spine_2_bind/spine_3_bind/spine_4_bind/spine_5_bind/chest_bind/neck_base_bind/neck_0_bind/neck_1_bind/neck_2_bind/neck_3_bind/skull_bind/face_upper_bind/eyeSocket_l_bind","cat":"step","ph":"X","ts":290591,"dur":1,"pid":1,"tid":7},
{"name":"ComposeSubtree /Biped/Rig/Joints/hips_bind/spine_0_bind/spine_1_bind/spine_2_bind/spine_3_bind/spine_4_bind/spine_5_bind/chest_bind/neck_base_bind/neck_0_bind/neck_1_bind/neck_2_bind/neck_3_bind/skull_bind/face_upper_bind/head_tip_bind","cat":"step","ph":"X","ts":290592,"dur":1,"pid":1,"tid":7},
{"name":"ComposeSubtree /Biped/Rig/Joints/hips_bind/spine_0_bind/spine_1_bind/spine_2_bind/spine_3_bind/spine_4_bind/spine_5_bind/chest_bind/neck_base_bind/neck_0_bind/neck_1_bind/neck_2_bind/neck_3_bind/skull_bind/face_upper_bind/head_tip_bind/brow_inner_r_bind","cat":"step","ph":"X","ts":290616,"dur":1,"pid":1,"tid":17},
{"name":"ComposeSubtree /Biped/Rig/Joints/hips_bind/spine_0_bind/spine_1_bind/spine_2_bind/spine_3_bind/spine_4_bind/spine_5_bind/chest_bind/neck_base_bind/neck_0_bind/neck_1_bind/neck_2_bind/neck_3_bind/skull_bind/face_upper_bind/head_tip_bind/brow_peak_r_bind","cat":"step","ph":"X","ts":290617,"dur":1,"pid":1,"tid":17},
{"name":"ComposeSubtree /Biped/Rig/Joints/neck_ik_neck_0_bind/neck_ik_neck_1_bind","cat":"step","ph":"X","ts":290623,"dur":1,"pid":1,"tid":17},
{"name":"ComposeSubtree /Biped/Rig/Joints/neck_ik_neck_0_bind/neck_ik_neck_1_bind/neck_ik_neck_2_bind/neck_ik_neck_3_bind","cat":"step","ph":"X","ts":290642,"dur":1,"pid":1,"tid":0},
{"name":"ComposeSubtree /Biped/Rig/Joints/pupilCenter_l_pivot","cat":"step","ph":"X","ts":290373,"dur":1,"pid":1,"tid":0},
{"name":"ComposeSubtree /Biped/Rig/Joints/spine_ik_spine_0_bind/spine_ik_spine_1_bind/spine_ik_spine_2_bind","cat":"step","ph":"X","ts":290383,"dur":1,"pid":1,"tid":0},
{"name":"ComposeSubtree /Biped/Rig/Joints/spine_ik_spine_0_bind/spine_ik_spine_1_bind/spine_ik_spine_2_bind/spine_ik_spine_3_bind/spine_ik_spine_4_bind","cat":"step","ph":"X","ts":290397,"dur":1,"pid":1,"tid":0},
{"name":"Solve /Biped/Rig/Solvers/arm_l_fkChain","cat":"step","ph":"X","ts":290456,"dur":3,"pid":1,"tid":31},
{"name":"SolverCommit batch 0","cat":"step","ph":"X","ts":290476,"dur":1,"pid":1,"tid":19},
{"name":"Solve /Biped/Rig/Solvers/arm_l_twoBoneIk","cat":"step","ph":"X","ts":290452,"dur":2,"pid":1,"tid":31},
{"name":"SolverCommit batch 1","cat":"step","ph":"X","ts":290459,"dur":1,"pid":1,"tid":31},
{"name":"Solve /Biped/Rig/Solvers/arm_r_fkChain","cat":"step","ph":"X","ts":290477,"dur":4,"pid":1,"tid":19},
{"name":"SolverCommit batch 2","cat":"step","ph":"X","ts":290537,"dur":2,"pid":1,"tid":28},
{"name":"Solve /Biped/Rig/Solvers/arm_r_twoBoneIk","cat":"step","ph":"X","ts":290436,"dur":2,"pid":1,"tid":0},
{"name":"Solve /Biped/Rig/Solvers/leg_l_fkChain","cat":"step","ph":"X","ts":290438,"dur":2,"pid":1,"tid":0},
{"name":"Solve /Biped/Rig/Solvers/leg_r_fkChain","cat":"step","ph":"X","ts":290460,"dur":1,"pid":1,"tid":31},
{"name":"Solve /Biped/Rig/Solvers/neck_splineIk","cat":"step","ph":"X","ts":290461,"dur":9,"pid":1,"tid":31},
{"name":"SolverCommit batch 6","cat":"step","ph":"X","ts":290657,"dur":1,"pid":1,"tid":17},
{"name":"Constraint /Biped/Rig/Movers/spine_mid_follow/spine_mid_follow_pos","cat":"step","ph":"X","ts":290428,"dur":7,"pid":1,"tid":0},
{"name":"Solve /Biped/Rig/Solvers/arm_l_ikfk","cat":"step","ph":"X","ts":290481,"dur":2,"pid":1,"tid":19},
{"name":"SolverCommit batch 8","cat":"step","ph":"X","ts":290540,"dur":10,"pid":1,"tid":28},
{"name":"Solve /Biped/Rig/Solvers/arm_r_ikfk","cat":"step","ph":"X","ts":290551,"dur":2,"pid":1,"tid":28},
{"name":"SolverCommit batch 9","cat":"step","ph":"X","ts":290563,"dur":2,"pid":1,"tid":0},
{"name":"Constraint /Biped/Rig/Movers/spine_mid_follow/spine_mid_follow_aim","cat":"step","ph":"X","ts":290441,"dur":4,"pid":1,"tid":0},
{"name":"Solve /Biped/Rig/Solvers/spine_splineIk","cat":"step","ph":"X","ts":290446,"dur":12,"pid":1,"tid":0},
{"name":"SolverCommit batch 11","cat":"step","ph":"X","ts":290483,"dur":2,"pid":1,"tid":19},
{"name":"Constraint /Biped/Rig/Movers/hand_r_follow/thumbCup_r_bind_fk_follow_to_wrist_r_bind","cat":"step","ph":"X","ts":290593,"dur":10,"pid":1,"tid":7},
{"name":"Solve /Biped/Rig/Solvers/fk_thumb_r","cat":"step","ph":"X","ts":290618,"dur":3,"pid":1,"tid":17},
{"name":"SolverCommit batch 13","cat":"step","ph":"X","ts":290624,"dur":2,"pid":1,"tid":17},
{"name":"Constraint /Biped/Rig/Movers/hand_r_follow/ring_001_r_bind_fk_follow_to_wrist_r_bind","cat":"step","ph":"X","ts":290603,"dur":4,"pid":1,"tid":7},
{"name":"Solve /Biped/Rig/Solvers/fk_ring_r","cat":"step","ph":"X","ts":290621,"dur":1,"pid":1,"tid":17},
{"name":"SolverCommit batch 15","cat":"step","ph":"X","ts":290626,"dur":1,"pid":1,"tid":17},
{"name":"Constraint /Biped/Rig/Movers/hand_r_follow/pinkyCup_r_bind_fk_follow_to_wrist_r_bind","cat":"step","ph":"X","ts":290575,"dur":5,"pid":1,"tid":0},
{"name":"Solve /Biped/Rig/Solvers/fk_pinky_r","cat":"step","ph":"X","ts":290601,"dur":3,"pid":1,"tid":0},
{"name":"SolverCommit batch 17","cat":"step","ph":"X","ts":290643,"dur":1,"pid":1,"tid":0},
{"name":"Constraint /Biped/Rig/Movers/hand_r_follow/middle_001_r_bind_fk_follow_to_wrist_r_bind","cat":"step","ph":"X","ts":290580,"dur":14,"pid":1,"tid":0},
{"name":"Solve /Biped/Rig/Solvers/fk_middle_r","cat":"step","ph":"X","ts":290604,"dur":1,"pid":1,"tid":0},
{"name":"SolverCommit batch 19","cat":"step","ph":"X","ts":290627,"dur":1,"pid":1,"tid":17},
{"name":"Constraint /Biped/Rig/Movers/hand_r_follow/index_001_r_bind_fk_follow_to_wrist_r_bind","cat":"step","ph":"X","ts":290595,"dur":6,"pid":1,"tid":0},
{"name":"Solve /Biped/Rig/Solvers/fk_index_r","cat":"step","ph":"X","ts":290605,"dur":1,"pid":1,"tid":0},
{"name":"SolverCommit batch 21","cat":"step","ph":"X","ts":290628,"dur":1,"pid":1,"tid":17},
{"name":"Constraint /Biped/Rig/Movers/hand_l_follow/thumbCup_l_bind_fk_follow_to_wrist_l_bind","cat":"step","ph":"X","ts":290566,"dur":4,"pid":1,"tid":0},
{"name":"Solve /Biped/Rig/Solvers/fk_thumb_l","cat":"step","ph":"X","ts":290592,"dur":5,"pid":1,"tid":3},
{"name":"SolverCommit batch 23","cat":"step","ph":"X","ts":290608,"dur":2,"pid":1,"tid":7},
{"name":"Constraint /Biped/Rig/Movers/hand_l_follow/ring_001_l_bind_fk_follow_to_wrist_l_bind","cat":"step","ph":"X","ts":290570,"dur":4,"pid":1,"tid":0},
{"name":"Solve /Biped/Rig/Solvers/fk_ring_l","cat":"step","ph":"X","ts":290597,"dur":1,"pid":1,"tid":3},
{"name":"SolverCommit batch 25","cat":"step","ph":"X","ts":290610,"dur":1,"pid":1,"tid":7},
{"name":"Constraint /Biped/Rig/Movers/hand_l_follow/pinkyCup_l_bind_fk_follow_to_wrist_l_bind","cat":"step","ph":"X","ts":290571,"dur":10,"pid":1,"tid":26},
{"name":"Solve /Biped/Rig/Solvers/fk_pinky_l","cat":"step","ph":"X","ts":290599,"dur":2,"pid":1,"tid":3},
{"name":"SolverCommit batch 27","cat":"step","ph":"X","ts":290629,"dur":1,"pid":1,"tid":17},
{"name":"Constraint /Biped/Rig/Movers/hand_l_follow/middle_001_l_bind_fk_follow_to_wrist_l_bind","cat":"step","ph":"X","ts":290581,"dur":5,"pid":1,"tid":26},
{"name":"Solve /Biped/Rig/Solvers/fk_middle_l","cat":"step","ph":"X","ts":290593,"dur":4,"pid":1,"tid":1},
{"name":"SolverCommit batch 29","cat":"step","ph":"X","ts":290611,"dur":1,"pid":1,"tid":7},
{"name":"Constraint /Biped/Rig/Movers/hand_l_follow/index_001_l_bind_fk_follow_to_wrist_l_bind","cat":"step","ph":"X","ts":290586,"dur":4,"pid":1,"tid":26},
{"name":"Solve /Biped/Rig/Solvers/fk_index_l","cat":"step","ph":"X","ts":290597,"dur":2,"pid":1,"tid":1},
{"name":"SolverCommit batch 31","cat":"step","ph":"X","ts":290612,"dur":1,"pid":1,"tid":7},
{"name":"Constraint /Biped/Rig/Movers/bankIn_r_pivot_rc/bankIn_r_pivot_rotation","cat":"step","ph":"X","ts":290574,"dur":5,"pid":1,"tid":25},
{"name":"Constraint /Biped/Rig/Movers/bankOut_r_pivot_rc/bankOut_r_pivot_rotation","cat":"step","ph":"X","ts":290599,"dur":5,"pid":1,"tid":1},
{"name":"Constraint /Biped/Rig/Movers/heel_r_roll_rc/heel_r_roll_rotation","cat":"step","ph":"X","ts":290613,"dur":3,"pid":1,"tid":7},
{"name":"Constraint /Biped/Rig/Movers/toe_r_roll_rc/toe_r_roll_rotation","cat":"step","ph":"X","ts":290630,"dur":4,"pid":1,"tid":17},
{"name":"Constraint /Biped/Rig/Movers/ballRoll_r_up_rc/ballRoll_r_up_rotation","cat":"step","ph":"X","ts":290644,"dur":2,"pid":1,"tid":0},
{"name":"Constraint /Biped/Rig/Movers/ballRoll_r_down_rc/ballRoll_r_down_rotation","cat":"step","ph":"X","ts":290658,"dur":1,"pid":1,"tid":17},
{"name":"Solve /Biped/Rig/Solvers/leg_r_twoBoneIk","cat":"step","ph":"X","ts":290672,"dur":1,"pid":1,"tid":17},
{"name":"SolverCommit batch 39","cat":"step","ph":"X","ts":290686,"dur":5,"pid":1,"tid":17},
{"name":"Constraint /Biped/Rig/Movers/ankle_r_bind_scAim/ankle_r_bind_aim","cat":"step","ph":"X","ts":290704,"dur":6,"pid":1,"tid":0},
{"name":"Constraint /Biped/Rig/Movers/ball_r_bind_scAim/ball_r_bind_aim","cat":"step","ph":"X","ts":290725,"dur":10,"pid":1,"tid":19},
{"name":"Constraint /Biped/Rig/Movers/bankIn_l_pivot_rc/bankIn_l_pivot_rotation","cat":"step","ph":"X","ts":290490,"dur":6,"pid":1,"tid":21},
{"name":"Constraint /Biped/Rig/Movers/bankOut_l_pivot_rc/bankOut_l_pivot_rotation","cat":"step","ph":"X","ts":290579,"dur":1,"pid":1,"tid":25},
{"name":"Constraint /Biped/Rig/Movers/heel_l_roll_rc/heel_l_roll_rotation","cat":"step","ph":"X","ts":290583,"dur":4,"pid":1,"tid":28},
{"name":"Constraint /Biped/Rig/Movers/toe_l_roll_rc/toe_l_roll_rotation","cat":"step","ph":"X","ts":290616,"dur":1,"pid":1,"tid":7},
{"name":"Constraint /Biped/Rig/Movers/ballRoll_l_up_rc/ballRoll_l_up_rotation","cat":"step","ph":"X","ts":290634,"dur":1,"pid":1,"tid":17},
{"name":"Constraint /Biped/Rig/Movers/ballRoll_l_down_rc/ballRoll_l_down_rotation","cat":"step","ph":"X","ts":290646,"dur":1,"pid":1,"tid":0},
{"name":"Solve /Biped/Rig/Solvers/leg_l_twoBoneIk","cat":"step","ph":"X","ts":290659,"dur":1,"pid":1,"tid":17},
{"name":"Solve /Biped/Rig/Solvers/leg_l_ikfk","cat":"step","ph":"X","ts":290673,"dur":1,"pid":1,"tid":17},
{"name":"SolverCommit batch 49","cat":"step","ph":"X","ts":290678,"dur":5,"pid":1,"tid":17},
{"name":"Constraint /Biped/Rig/Movers/ankle_l_bind_scAim/ankle_l_bind_aim","cat":"step","ph":"X","ts":290691,"dur":7,"pid":1,"tid":17},
{"name":"Constraint /Biped/Rig/Movers/ball_l_bind_scAim/ball_l_bind_aim","cat":"step","ph":"X","ts":290710,"dur":4,"pid":1,"tid":0},
{"name":"Constraint /Biped/Rig/Movers/hips_follow/spine_root_ctl_drives_hips_bind","cat":"step","ph":"X","ts":290398,"dur":10,"pid":1,"tid":0},
{"name":"PropagateChunk /Biped/Rig/Movers/hips_follow/spine_root_ctl_drives_hips_bind","cat":"step","ph":"X","ts":290660,"dur":8,"pid":1,"tid":17},
{"name":"PropagateChunk /Biped/Rig/Movers/hips_follow/spine_root_ctl_drives_hips_bind","cat":"step","ph":"X","ts":290635,"dur":1,"pid":1,"tid":17},
{"name":"CommitApply /Biped/Rig/Movers/hips_follow/spine_root_ctl_drives_hips_bind","cat":"step","ph":"X","ts":290674,"dur":2,"pid":1,"tid":17},
{"name":"Constraint /Biped/Rig/Movers/hips_follow/spine_root_ctl_scales_hips_bind","cat":"step","ph":"X","ts":290683,"dur":2,"pid":1,"tid":17},
{"name":"PropagateChunk /Biped/Rig/Movers/hips_follow/spine_root_ctl_scales_hips_bind","cat":"step","ph":"X","ts":290714,"dur":5,"pid":1,"tid":0},
{"name":"CommitApply /Biped/Rig/Movers/hips_follow/spine_root_ctl_scales_hips_bind","cat":"step","ph":"X","ts":290735,"dur":2,"pid":1,"tid":19},
{"name":"Constraint /Biped/Rig/Movers/spine_to_bind/spine_ik_spine_0_bind_scale_to_spine_0_bind","cat":"step","ph":"X","ts":290751,"dur":12,"pid":1,"tid":15},
{"name":"Constraint /Biped/Rig/Movers/spine_to_bind/spine_ik_spine_0_bind_to_spine_0_bind","cat":"step","ph":"X","ts":290771,"dur":16,"pid":1,"tid":29},
{"name":"Constraint /Biped/Rig/Movers/spine_to_bind/spine_ik_spine_1_bind_scale_to_spine_1_bind","cat":"step","ph":"X","ts":290798,"dur":9,"pid":1,"tid":13},
{"name":"Constraint /Biped/Rig/Movers/spine_to_bind/spine_ik_spine_1_bind_to_spine_1_bind","cat":"step","ph":"X","ts":290816,"dur":8,"pid":1,"tid":13},
{"name":"Constraint /Biped/Rig/Movers/spine_to_bind/spine_ik_spine_2_bind_scale_to_spine_2_bind","cat":"step","ph":"X","ts":290829,"dur":7,"pid":1,"tid":13},
{"name":"Constraint /Biped/Rig/Movers/spine_to_bind/spine_ik_spine_2_bind_to_spine_2_bind","cat":"step","ph":"X","ts":290840,"dur":8,"pid":1,"tid":13},
{"name":"Constraint /Biped/Rig/Movers/spine_to_bind/spine_ik_spine_3_bind_scale_to_spine_3_bind","cat":"step","ph":"X","ts":290849,"dur":19,"pid":1,"tid":13},
{"name":"Constraint /Biped/Rig/Movers/spine_to_bind/spine_ik_spine_3_bind_to_spine_3_bind","cat":"step","ph":"X","ts":290868,"dur":7,"pid":1,"tid":13},
{"name":"Constraint /Biped/Rig/Movers/spine_to_bind/spine_ik_spine_4_bind_scale_to_spine_4_bind","cat":"step","ph":"X","ts":290875,"dur":6,"pid":1,"tid":13},
{"name":"Constraint /Biped/Rig/Movers/spine_to_bind/spine_ik_spine_4_bind_to_spine_4_bind","cat":"step","ph":"X","ts":290881,"dur":7,"pid":1,"tid":13},
{"name":"Constraint /Biped/Rig/Movers/spine_to_bind/spine_ik_spine_5_bind_scale_to_spine_5_bind","cat":"step","ph":"X","ts":290888,"dur":5,"pid":1,"tid":13},
{"name":"Constraint /Biped/Rig/Movers/spine_to_bind/spine_ik_spine_5_bind_to_spine_5_bind","cat":"step","ph":"X","ts":290893,"dur":7,"pid":1,"tid":13},
{"name":"Constraint /Biped/Rig/Movers/spine_to_bind/spine_ik_chest_bind_scale_to_chest_bind","cat":"step","ph":"X","ts":290900,"dur":7,"pid":1,"tid":13},
{"name":"Constraint /Biped/Rig/Movers/spine_to_bind/spine_ik_chest_bind_to_chest_bind","cat":"step","ph":"X","ts":290907,"dur":6,"pid":1,"tid":13},
{"name":"Constraint /Biped/Rig/Movers/girdles/spine_end_ctl_drives_chest_bind","cat":"step","ph":"X","ts":290913,"dur":5,"pid":1,"tid":13},
{"name":"Constraint /Biped/Rig/Movers/girdles/pelvis_r_ctl_drives_pelvis_r_bind","cat":"step","ph":"X","ts":290763,"dur":3,"pid":1,"tid":15},
{"name":"Constraint /Biped/Rig/Movers/girdles/pelvis_l_ctl_drives_pelvis_l_bind","cat":"step","ph":"X","ts":290766,"dur":2,"pid":1,"tid":15},
{"name":"Constraint /Biped/Rig/Movers/girdles/clavicle_r_ctl_drives_clavicle_r_bind","cat":"step","ph":"X","ts":290918,"dur":2,"pid":1,"tid":13},
{"name":"Constraint /Biped/Rig/Movers/girdles/clavicle_l_ctl_drives_clavicle_l_bind","cat":"step","ph":"X","ts":290920,"dur":1,"pid":1,"tid":13},
{"name":"Constraint /Biped/Rig/Movers/girdles/spine_end_ctl_unsquashes_neck_base_bind","cat":"step","ph":"X","ts":290921,"dur":4,"pid":1,"tid":13},
{"name":"Constraint /Biped/Rig/Movers/girdles/clavicle_r_ctl_unsquashes_clavicle_r_bind","cat":"step","ph":"X","ts":290925,"dur":3,"pid":1,"tid":13},
{"name":"Constraint /Biped/Rig/Movers/girdles/clavicle_l_ctl_unsquashes_clavicle_l_bind","cat":"step","ph":"X","ts":290928,"dur":1,"pid":1,"tid":13},
{"name":"Constraint /Biped/Rig/Movers/neck_to_bind/neck_ik_neck_0_bind_scale_to_neck_0_bind","cat":"step","ph":"X","ts":290929,"dur":4,"pid":1,"tid":13},
{"name":"Constraint /Biped/Rig/Movers/neck_to_bind/neck_ik_neck_0_bind_to_neck_0_bind","cat":"step","ph":"X","ts":290941,"dur":4,"pid":1,"tid":13},
{"name":"Constraint /Biped/Rig/Movers/neck_to_bind/neck_ik_neck_1_bind_scale_to_neck_1_bind","cat":"step","ph":"X","ts":290950,"dur":5,"pid":1,"tid":23},
{"name":"Constraint /Biped/Rig/Movers/neck_to_bind/neck_ik_neck_1_bind_to_neck_1_bind","cat":"step","ph":"X","ts":290963,"dur":5,"pid":1,"tid":23},
{"name":"Constraint /Biped/Rig/Movers/neck_to_bind/neck_ik_neck_2_bind_scale_to_neck_2_bind","cat":"step","ph":"X","ts":290984,"dur":7,"pid":1,"tid":5},
{"name":"Constraint /Biped/Rig/Movers/neck_to_bind/neck_ik_neck_2_bind_to_neck_2_bind","cat":"step","ph":"X","ts":290997,"dur":5,"pid":1,"tid":5},
{"name":"Constraint /Biped/Rig/Movers/neck_to_bind/neck_ik_neck_3_bind_scale_to_neck_3_bind","cat":"step","ph":"X","ts":291007,"dur":4,"pid":1,"tid":5},
{"name":"Constraint /Biped/Rig/Movers/neck_to_bind/neck_ik_neck_3_bind_to_neck_3_bind","cat":"step","ph":"X","ts":291542,"dur":6,"pid":1,"tid":5},
{"name":"Constraint /Biped/Rig/Movers/neck_to_bind/neck_ik_skull_bind_scale_to_skull_bind","cat":"step","ph":"X","ts":291941,"dur":4,"pid":1,"tid":5},
{"name":"Constraint /Biped/Rig/Movers/neck_to_bind/neck_ik_skull_bind_to_skull_bind","cat":"step","ph":"X","ts":291967,"dur":6,"pid":1,"tid":5},
{"name":"Constraint /Biped/Rig/Movers/twist_aims/wristTwist_r_bind_copy","cat":"step","ph":"X","ts":290587,"dur":5,"pid":1,"tid":28},
{"name":"Constraint /Biped/Rig/Movers/twist_aims/wristTwist_r_bind_aim","cat":"step","ph":"X","ts":290617,"dur":5,"pid":1,"tid":7},
{"name":"Constraint /Biped/Rig/Movers/twist_aims/wristTwist_l_bind_copy","cat":"step","ph":"X","ts":290561,"dur":9,"pid":1,"tid":28},
{"name":"Constraint /Biped/Rig/Movers/twist_aims/wristTwist_l_bind_aim","cat":"step","ph":"X","ts":290592,"dur":4,"pid":1,"tid":28},
{"name":"Constraint /Biped/Rig/Movers/twist_aims/ankleTwist_r_bind_copy","cat":"step","ph":"X","ts":290737,"dur":3,"pid":1,"tid":19},
{"name":"Constraint /Biped/Rig/Movers/twist_aims/ankleTwist_r_bind_aim","cat":"step","ph":"X","ts":290749,"dur":3,"pid":1,"tid":19},
{"name":"Constraint /Biped/Rig/Movers/twist_aims/ankleTwist_l_bind_copy","cat":"step","ph":"X","ts":290719,"dur":3,"pid":1,"tid":0},
{"name":"Constraint /Biped/Rig/Movers/twist_aims/ankleTwist_l_bind_aim","cat":"step","ph":"X","ts":290741,"dur":3,"pid":1,"tid":19},
{"name":"Constraint /Biped/Rig/Movers/twist_aims/ankleTwist_r_bind_follows_ankle_r_bind","cat":"step","ph":"X","ts":290787,"dur":7,"pid":1,"tid":29},
{"name":"Constraint /Biped/Rig/Movers/twist_aims/ankleTwist_l_bind_follows_ankle_l_bind","cat":"step","ph":"X","ts":290752,"dur":1,"pid":1,"tid":19},
{"name":"Constraint /Biped/Rig/Movers/twist_aims/wristTwist_r_bind_follows_wrist_r_bind","cat":"step","ph":"X","ts":290636,"dur":4,"pid":1,"tid":17},
{"name":"Constraint /Biped/Rig/Movers/twist_aims/wristTwist_l_bind_follows_wrist_l_bind","cat":"step","ph":"X","ts":290610,"dur":3,"pid":1,"tid":26},
{"name":"Constraint /Biped/Rig/Movers/twist_aims/thighNoTwist_r_bind_follows_thigh_r_bind","cat":"step","ph":"X","ts":290794,"dur":2,"pid":1,"tid":29},
{"name":"Constraint /Biped/Rig/Movers/twist_aims/thighNoTwist_l_bind_follows_thigh_l_bind","cat":"step","ph":"X","ts":290769,"dur":2,"pid":1,"tid":15},
{"name":"Constraint /Biped/Rig/Movers/twist_aims/shoulderNoTwist_r_bind_follows_shoulder_r_bind","cat":"step","ph":"X","ts":290945,"dur":1,"pid":1,"tid":13},
{"name":"Constraint /Biped/Rig/Movers/twist_aims/shoulderNoTwist_l_bind_follows_shoulder_l_bind","cat":"step","ph":"X","ts":290946,"dur":1,"pid":1,"tid":13},
{"name":"Constraint /Biped/Rig/Movers/twist_aims/pelvis_trans_r_bind_follows_thigh_r_bind","cat":"step","ph":"X","ts":290771,"dur":2,"pid":1,"tid":15},
{"name":"Constraint /Biped/Rig/Movers/twist_aims/pelvis_trans_l_bind_follows_thigh_l_bind","cat":"step","ph":"X","ts":290773,"dur":2,"pid":1,"tid":15},
{"name":"Constraint /Biped/Rig/Movers/twist_aims/clavicle_trans_r_bind_follows_shoulder_r_bind","cat":"step","ph":"X","ts":290937,"dur":1,"pid":1,"tid":13},
{"name":"Constraint /Biped/Rig/Movers/twist_aims/clavicle_trans_l_bind_follows_shoulder_l_bind","cat":"step","ph":"X","ts":290938,"dur":1,"pid":1,"tid":13},
{"name":"Constraint /Biped/Rig/Movers/twist_aims/pelvis_trans_r_bind_aim","cat":"step","ph":"X","ts":290807,"dur":5,"pid":1,"tid":13},
{"name":"Constraint /Biped/Rig/Movers/twist_aims/pelvis_trans_l_bind_aim","cat":"step","ph":"X","ts":290812,"dur":3,"pid":1,"tid":13},
{"name":"Constraint /Biped/Rig/Movers/twist_aims/kneeTwist_r_bind_aim","cat":"step","ph":"X","ts":290707,"dur":3,"pid":1,"tid":17},
{"name":"Constraint /Biped/Rig/Movers/twist_aims/kneeTwist_l_bind_aim","cat":"step","ph":"X","ts":290698,"dur":4,"pid":1,"tid":17},
{"name":"Constraint /Biped/Rig/Movers/twist_aims/thighNoTwist_r_bind_aim","cat":"step","ph":"X","ts":290797,"dur":5,"pid":1,"tid":29},
{"name":"Constraint /Biped/Rig/Movers/twist_aims/thighNoTwist_l_bind_aim","cat":"step","ph":"X","ts":290802,"dur":3,"pid":1,"tid":29},
{"name":"Constraint /Biped/Rig/Movers/twist_aims/clavicle_trans_r_bind_aim","cat":"step","ph":"X","ts":290955,"dur":4,"pid":1,"tid":23},
{"name":"Constraint /Biped/Rig/Movers/twist_aims/clavicle_trans_l_bind_aim","cat":"step","ph":"X","ts":290959,"dur":3,"pid":1,"tid":23},
{"name":"Constraint /Biped/Rig/Movers/twist_aims/elbowTwist_r_bind_aim","cat":"step","ph":"X","ts":290596,"dur":4,"pid":1,"tid":28},
{"name":"Constraint /Biped/Rig/Movers/twist_aims/elbowTwist_l_bind_aim","cat":"step","ph":"X","ts":290570,"dur":6,"pid":1,"tid":28},
{"name":"Constraint /Biped/Rig/Movers/twist_aims/shoulderNoTwist_r_bind_aim","cat":"step","ph":"X","ts":290947,"dur":3,"pid":1,"tid":13},
{"name":"Constraint /Biped/Rig/Movers/twist_aims/shoulderNoTwist_l_bind_aim","cat":"step","ph":"X","ts":290950,"dur":2,"pid":1,"tid":13},
{"name":"Constraint /Biped/Rig/Movers/pose_drivers/thigh_r_driver_copies_thigh_r_bind","cat":"step","ph":"X","ts":290824,"dur":4,"pid":1,"tid":13},
{"name":"Constraint /Biped/Rig/Movers/pose_drivers/thigh_l_driver_copies_thigh_l_bind","cat":"step","ph":"X","ts":290825,"dur":4,"pid":1,"tid":0},
{"name":"Constraint /Biped/Rig/Movers/pose_drivers/thigh_r_twist_driver_copies_thighNoTwist_r_bind","cat":"step","ph":"X","ts":290836,"dur":4,"pid":1,"tid":13},
{"name":"Constraint /Biped/Rig/Movers/pose_drivers/thigh_l_twist_driver_copies_thighNoTwist_l_bind","cat":"step","ph":"X","ts":290832,"dur":3,"pid":1,"tid":0},
{"name":"Constraint /Biped/Rig/Movers/pose_drivers/ankleTwist_r_driver_copies_ankleTwist_r_bind","cat":"step","ph":"X","ts":290815,"dur":4,"pid":1,"tid":0},
{"name":"Constraint /Biped/Rig/Movers/pose_drivers/ankleTwist_l_driver_copies_ankleTwist_l_bind","cat":"step","ph":"X","ts":290803,"dur":5,"pid":1,"tid":0},
{"name":"Constraint /Biped/Rig/Movers/pose_drivers/toe_r_driver_copies_ball_r_bind","cat":"step","ph":"X","ts":290782,"dur":12,"pid":1,"tid":0},
{"name":"Constraint /Biped/Rig/Movers/pose_drivers/toe_l_driver_copies_ball_l_bind","cat":"step","ph":"X","ts":290744,"dur":5,"pid":1,"tid":19},
{"name":"Constraint /Biped/Rig/Movers/pose_drivers/knee_r_driver_copies_knee_r_bind","cat":"step","ph":"X","ts":290723,"dur":3,"pid":1,"tid":0},
{"name":"Constraint /Biped/Rig/Movers/pose_drivers/knee_l_driver_copies_knee_l_bind","cat":"step","ph":"X","ts":290710,"dur":4,"pid":1,"tid":17},
{"name":"Constraint /Biped/Rig/Movers/pose_drivers/ankleSwing_r_driver_copies_ankle_r_bind","cat":"step","ph":"X","ts":290819,"dur":4,"pid":1,"tid":0},
{"name":"Constraint /Biped/Rig/Movers/pose_drivers/ankleSwing_l_driver_copies_ankle_l_bind","cat":"step","ph":"X","ts":290808,"dur":3,"pid":1,"tid":0},
{"name":"Constraint /Biped/Rig/Movers/pose_drivers/shoulder_r_driver_copies_shoulder_r_bind","cat":"step","ph":"X","ts":290969,"dur":4,"pid":1,"tid":23},
{"name":"Constraint /Biped/Rig/Movers/pose_drivers/shoulder_l_driver_copies_shoulder_l_bind","cat":"step","ph":"X","ts":290973,"dur":8,"pid":1,"tid":23},
{"name":"Constraint /Biped/Rig/Movers/pose_drivers/wristTwist_r_driver_copies_wristTwist_r_bind","cat":"step","ph":"X","ts":290647,"dur":5,"pid":1,"tid":0},
{"name":"Constraint /Biped/Rig/Movers/pose_drivers/wristTwist_l_driver_copies_wristTwist_l_bind","cat":"step","ph":"X","ts":290625,"dur":4,"pid":1,"tid":26},
{"name":"Constraint /Biped/Rig/Movers/pose_drivers/shoulder_r_twist_driver_copies_shoulderNoTwist_r_bind","cat":"step","ph":"X","ts":290991,"dur":5,"pid":1,"tid":5},
{"name":"Constraint /Biped/Rig/Movers/pose_drivers/shoulder_l_twist_driver_copies_shoulderNoTwist_l_bind","cat":"step","ph":"X","ts":290982,"dur":4,"pid":1,"tid":23},
{"name":"Constraint /Biped/Rig/Movers/pose_drivers/wristSwing_r_driver_copies_wrist_r_bind","cat":"step","ph":"X","ts":290640,"dur":8,"pid":1,"tid":17},
{"name":"Constraint /Biped/Rig/Movers/pose_drivers/wristSwing_l_driver_copies_wrist_l_bind","cat":"step","ph":"X","ts":290629,"dur":4,"pid":1,"tid":26},
{"name":"Constraint /Biped/Rig/Movers/pose_drivers/elbow_r_driver_copies_elbow_r_bind","cat":"step","ph":"X","ts":290613,"dur":4,"pid":1,"tid":26},
{"name":"Constraint /Biped/Rig/Movers/pose_drivers/elbow_l_driver_copies_elbow_l_bind","cat":"step","ph":"X","ts":290591,"dur":5,"pid":1,"tid":26},
{"name":"Constraint /Biped/Rig/Movers/param_follow/leg_r_params_to_ankle_r_bind","cat":"step","ph":"X","ts":290726,"dur":3,"pid":1,"tid":0},
{"name":"Constraint /Biped/Rig/Movers/param_follow/leg_l_params_to_ankle_l_bind","cat":"step","ph":"X","ts":290714,"dur":3,"pid":1,"tid":17},
{"name":"Constraint /Biped/Rig/Movers/param_follow/arm_r_params_to_wrist_r_bind","cat":"step","ph":"X","ts":290596,"dur":5,"pid":1,"tid":26},
{"name":"Constraint /Biped/Rig/Movers/param_follow/arm_l_params_to_wrist_l_bind","cat":"step","ph":"X","ts":290576,"dur":5,"pid":1,"tid":28},
{"name":"ProviderMatrix /Biped/Rig/Controls/leg_l_ik/ankle_l_pivot/bankIn_l_pivot final","cat":"step","ph":"X","ts":290581,"dur":1,"pid":1,"tid":28},
{"name":"ProviderMatrix /Biped/Rig/Controls/leg_l_ik/ankle_l_pivot/bankIn_l_pivot/bankOut_l_pivot/heel_l_roll final","cat":"step","ph":"X","ts":290617,"dur":1,"pid":1,"tid":26},
{"name":"ProviderMatrix /Biped/Rig/Controls/leg_r_ik/ankle_r_pivot/bankIn_r_pivot/bankOut_r_pivot/heel_r_roll final","cat":"step","ph":"X","ts":290633,"dur":1,"pid":1,"tid":26},
{"name":"ProviderMatrix /Biped/Rig/Joints/ankle_l_pivot final","cat":"step","ph":"X","ts":290384,"dur":1,"pid":1,"tid":0},
{"name":"ProviderMatrix /Biped/Rig/Joints/ankle_l_pivot/bankIn_l_pivot/bankOut_l_pivot/heel_l_pivot final","cat":"step","ph":"X","ts":290408,"dur":1,"pid":1,"tid":0},
{"name":"ProviderMatrix /Biped/Rig/Joints/ankle_l_pivot/bankIn_l_pivot/bankOut_l_pivot/heel_l_pivot/ball_l_pivot/toe_l_pivot final","cat":"step","ph":"X","ts":290435,"dur":1,"pid":1,"tid":0},
{"name":"ProviderMatrix /Biped/Rig/Joints/ankle_l_pivot/bankIn_l_pivot/bankOut_l_pivot/heel_l_pivot/ball_l_pivot/toe_l_pivot/ballRoll_l_pivot final","cat":"step","ph":"X","ts":290445,"dur":1,"pid":1,"tid":0},
{"name":"ProviderMatrix /Biped/Rig/Joints/hips_bind/pelvis_l_bind/pelvis_trans_combo_l_driver final","cat":"step","ph":"X","ts":290811,"dur":1,"pid":1,"tid":0},
{"name":"ProviderMatrix /Biped/Rig/Joints/hips_bind/pelvis_l_bind/thigh_l_bind/knee_l_bind/ankle_l_bind/ball_l_bind/toe1_001_l_bind/toe1_002_l_bind/toe1_003_l_bind final","cat":"step","ph":"X","ts":290729,"dur":1,"pid":1,"tid":0},
{"name":"ProviderMatrix /Biped/Rig/Joints/hips_bind/pelvis_l_bind/thigh_l_bind/knee_l_bind/ankle_l_bind/ball_l_bind/toe2_001_l_bind/toe2_002_l_bind/toe2_003_l_bind/toe2_004_l_bind final","cat":"step","ph":"X","ts":290730,"dur":1,"pid":1,"tid":0},
{"name":"ProviderMatrix /Biped/Rig/Joints/hips_bind/pelvis_l_bind/thigh_l_bind/knee_l_bind/ankle_l_bind/ball_l_bind/toe4_001_l_bind final","cat":"step","ph":"X","ts":290731,"dur":1,"pid":1,"tid":0},
{"name":"ProviderMatrix /Biped/Rig/Joints/hips_bind/pelvis_l_bind/thigh_l_bind/knee_l_bind/ankle_l_bind/ball_l_bind/toe5_001_l_bind/toe5_002_l_bind/toe5_003_l_bind final","cat":"step","ph":"X","ts":290732,"dur":1,"pid":1,"tid":0},
{"name":"ProviderMatrix /Biped/Rig/Joints/hips_bind/pelvis_l_bind/thigh_l_bind/knee_l_bind/ankle_l_bind/toe_l_driver final","cat":"step","ph":"X","ts":290794,"dur":1,"pid":1,"tid":0},
{"name":"ProviderMatrix /Biped/Rig/Joints/hips_bind/pelvis_r_bind/pelvis_trans_r_bind/thigh_r_driver/thigh_r_twist_driver final","cat":"step","ph":"X","ts":290848,"dur":1,"pid":1,"tid":13},
{"name":"ProviderMatrix /Biped/Rig/Joints/hips_bind/pelvis_r_bind/thighNoTwist_r_bind final","cat":"step","ph":"X","ts":290829,"dur":1,"pid":1,"tid":0},
{"name":"ProviderMatrix /Biped/Rig/Joints/hips_bind/pelvis_r_bind/thigh_combo_r_driver final","cat":"step","ph":"X","ts":290812,"dur":1,"pid":1,"tid":0},
{"name":"ProviderMatrix /Biped/Rig/Joints/hips_bind/pelvis_r_bind/thigh_r_bind final","cat":"step","ph":"X","ts":290717,"dur":1,"pid":1,"tid":17},
{"name":"ProviderMatrix /Biped/Rig/Joints/hips_bind/pelvis_r_bind/thigh_r_bind/knee_r_bind/ankle_r_bind/ball_r_bind/toe2_001_r_bind final","cat":"step","ph":"X","ts":290795,"dur":1,"pid":1,"tid":0},
{"name":"ProviderMatrix /Biped/Rig/Joints/hips_bind/pelvis_r_bind/thigh_r_bind/knee_r_bind/ankle_r_bind/ball_r_bind/toe5_001_r_bind final","cat":"step","ph":"X","ts":290797,"dur":1,"pid":1,"tid":0},
{"name":"ProviderMatrix /Biped/Rig/Joints/hips_bind/spine_0_bind/spine_1_bind/spine_2_bind/spine_3_bind/spine_4_bind/spine_5_bind/chest_bind/clavicle_l_bind/clavicle_trans_l_bind/shoulder_l_driver/shoulder_l_twist_driver final","cat":"step","ph":"X","ts":291002,"dur":1,"pid":1,"tid":5},
{"name":"ProviderMatrix /Biped/Rig/Joints/hips_bind/spine_0_bind/spine_1_bind/spine_2_bind/spine_3_bind/spine_4_bind/spine_5_bind/chest_bind/clavicle_l_bind/shoulder_combo_l_driver final","cat":"step","ph":"X","ts":290939,"dur":1,"pid":1,"tid":13},
{"name":"ProviderMatrix /Biped/Rig/Joints/hips_bind/spine_0_bind/spine_1_bind/spine_2_bind/spine_3_bind/spine_4_bind/spine_5_bind/chest_bind/clavicle_l_bind/shoulder_l_bind/elbow_l_bind final","cat":"step","ph":"X","ts":290582,"dur":1,"pid":1,"tid":28},
{"name":"ProviderMatrix /Biped/Rig/Joints/hips_bind/spine_0_bind/spine_1_bind/spine_2_bind/spine_3_bind/spine_4_bind/spine_5_bind/chest_bind/clavicle_l_bind/shoulder_l_bind/elbow_l_bind/elbowTwist_l_bind final","cat":"step","ph":"X","ts":290601,"dur":1,"pid":1,"tid":26},
{"name":"ProviderMatrix /Biped/Rig/Joints/hips_bind/spine_0_bind/spine_1_bind/spine_2_bind/spine_3_bind/spine_4_bind/spine_5_bind/chest_bind/clavicle_l_bind/shoulder_l_bind/elbow_l_bind/wristTwist_l_bind/wristSwing_l_driver final","cat":"step","ph":"X","ts":290648,"dur":1,"pid":1,"tid":17},
{"name":"ProviderMatrix /Biped/Rig/Joints/hips_bind/spine_0_bind/spine_1_bind/spine_2_bind/spine_3_bind/spine_4_bind/spine_5_bind/chest_bind/clavicle_l_bind/shoulder_l_bind/elbow_l_bind/wrist_l_bind/index_001_l_bind/index_002_combo_l_driver final","cat":"step","ph":"X","ts":290634,"dur":1,"pid":1,"tid":26},
{"name":"ProviderMatrix /Biped/Rig/Joints/hips_bind/spine_0_bind/spine_1_bind/spine_2_bind/spine_3_bind/spine_4_bind/spine_5_bind/chest_bind/clavicle_l_bind/shoulder_l_bind/elbow_l_bind/wrist_l_bind/middle_001_l_bind/middle_002_combo_l_driver final","cat":"step","ph":"X","ts":290635,"dur":1,"pid":1,"tid":26},
{"name":"ProviderMatrix /Biped/Rig/Joints/hips_bind/spine_0_bind/spine_1_bind/spine_2_bind/spine_3_bind/spine_4_bind/spine_5_bind/chest_bind/clavicle_l_bind/shoulder_l_bind/elbow_l_bind/wrist_l_bind/pinkyCup_l_bind/pinky_001_l_bind/pinky_002_l_bind final","cat":"step","ph":"X","ts":290649,"dur":1,"pid":1,"tid":17},
{"name":"ProviderMatrix /Biped/Rig/Joints/hips_bind/spine_0_bind/spine_1_bind/spine_2_bind/spine_3_bind/spine_4_bind/spine_5_bind/chest_bind/clavicle_l_bind/shoulder_l_bind/elbow_l_bind/wrist_l_bind/ring_001_l_bind final","cat":"step","ph":"X","ts":290636,"dur":1,"pid":1,"tid":26},
{"name":"ProviderMatrix /Biped/Rig/Joints/hips_bind/spine_0_bind/spine_1_bind/spine_2_bind/spine_3_bind/spine_4_bind/spine_5_bind/chest_bind/clavicle_l_bind/shoulder_l_bind/elbow_l_bind/wrist_l_bind/thumbCup_l_bind final","cat":"step","ph":"X","ts":290637,"dur":1,"pid":1,"tid":26},
{"name":"ProviderMatrix /Biped/Rig/Joints/hips_bind/spine_0_bind/spine_1_bind/spine_2_bind/spine_3_bind/spine_4_bind/spine_5_bind/chest_bind/clavicle_r_bind/shoulderNoTwist_r_bind final","cat":"step","ph":"X","ts":290981,"dur":1,"pid":1,"tid":23},
{"name":"ProviderMatrix /Biped/Rig/Joints/hips_bind/spine_0_bind/spine_1_bind/spine_2_bind/spine_3_bind/spine_4_bind/spine_5_bind/chest_bind/clavicle_r_bind/shoulder_r_bind/elbow_r_bind/elbowTwist_r_bind final","cat":"step","ph":"X","ts":290618,"dur":1,"pid":1,"tid":26},
{"name":"ProviderMatrix /Biped/Rig/Joints/hips_bind/spine_0_bind/spine_1_bind/spine_2_bind/spine_3_bind/spine_4_bind/spine_5_bind/chest_bind/clavicle_r_bind/shoulder_r_bind/elbow_r_bind/wristTwist_r_bind/wristSwing_r_driver final","cat":"step","ph":"X","ts":290668,"dur":1,"pid":1,"tid":17},
{"name":"ProviderMatrix /Biped/Rig/Joints/hips_bind/spine_0_bind/spine_1_bind/spine_2_bind/spine_3_bind/spine_4_bind/spine_5_bind/chest_bind/clavicle_r_bind/shoulder_r_bind/elbow_r_bind/wrist_r_bind final","cat":"step","ph":"X","ts":290602,"dur":1,"pid":1,"tid":26},
{"name":"ProviderMatrix /Biped/Rig/Joints/hips_bind/spine_0_bind/spine_1_bind/spine_2_bind/spine_3_bind/spine_4_bind/spine_5_bind/chest_bind/clavicle_r_bind/shoulder_r_bind/elbow_r_bind/wrist_r_bind/middle_001_r_bind final","cat":"step","ph":"X","ts":290651,"dur":1,"pid":1,"tid":17},
{"name":"ProviderMatrix /Biped/Rig/Joints/hips_bind/spine_0_bind/spine_1_bind/spine_2_bind/spine_3_bind/spine_4_bind/spine_5_bind/chest_bind/clavicle_r_bind/shoulder_r_bind/elbow_r_bind/wrist_r_bind/pinkyCup_r_bind/pinky_001_r_bind/pinky_002_r_bind/pinky_003_r_bind final","cat":"step","ph":"X","ts":290669,"dur":1,"pid":1,"tid":17},
{"name":"ProviderMatrix /Biped/Rig/Joints/hips_bind/spine_0_bind/spine_1_bind/spine_2_bind/spine_3_bind/spine_4_bind/spine_5_bind/chest_bind/clavicle_r_bind/shoulder_r_bind/elbow_r_bind/wrist_r_bind/ring_001_r_bind final","cat":"step","ph":"X","ts":290652,"dur":1,"pid":1,"tid":17},
{"name":"ProviderMatrix /Biped/Rig/Joints/hips_bind/spine_0_bind/spine_1_bind/spine_2_bind/spine_3_bind/spine_4_bind/spine_5_bind/chest_bind/clavicle_r_bind/shoulder_r_bind/elbow_r_bind/wrist_r_bind/thumbCup_r_bind final","cat":"step","ph":"X","ts":290653,"dur":1,"pid":1,"tid":17},
{"name":"ProviderMatrix /Biped/Rig/Joints/hips_bind/spine_0_bind/spine_1_bind/spine_2_bind/spine_3_bind/spine_4_bind/spine_5_bind/chest_bind/neck_base_bind/neck_0_bind/neck_1_bind/neck_2_bind final","cat":"step","ph":"X","ts":291011,"dur":1,"pid":1,"tid":5},
{"name":"ProviderMatrix /Biped/Rig/Joints/hips_bind/spine_0_bind/spine_1_bind/spine_2_bind/spine_3_bind/spine_4_bind/spine_5_bind/chest_bind/neck_base_bind/neck_0_bind/neck_1_bind/neck_2_bind/neck_3_bind/skull_bind/face_lower_bind/face_mid_bind/jaw_compression_driver final","cat":"step","ph":"X","ts":291973,"dur":1,"pid":1,"tid":5},
{"name":"ProviderMatrix /Biped/Rig/Joints/hips_bind/spine_0_bind/spine_1_bind/spine_2_bind/spine_3_bind/spine_4_bind/spine_5_bind/chest_bind/neck_base_bind/neck_0_bind/neck_1_bind/neck_2_bind/neck_3_bind/skull_bind/face_lower_bind/jaw_bind/teeth_lower_bind final","cat":"step","ph":"X","ts":291974,"dur":1,"pid":1,"tid":5},
{"name":"ProviderMatrix /Biped/Rig/Joints/hips_bind/spine_0_bind/spine_1_bind/spine_2_bind/spine_3_bind/spine_4_bind/spine_5_bind/chest_bind/neck_base_bind/neck_0_bind/neck_1_bind/neck_2_bind/neck_3_bind/skull_bind/face_upper_bind/eyeSocket_l_bind/eye_l_bind final","cat":"step","ph":"X","ts":291975,"dur":1,"pid":1,"tid":5},
{"name":"ProviderMatrix /Biped/Rig/Joints/hips_bind/spine_0_bind/spine_1_bind/spine_2_bind/spine_3_bind/spine_4_bind/spine_5_bind/chest_bind/neck_base_bind/neck_0_bind/neck_1_bind/neck_2_bind/neck_3_bind/skull_bind/face_upper_bind/head_tip_bind/brow_peak_r_bind final","cat":"step","ph":"X","ts":291976,"dur":1,"pid":1,"tid":5},
{"name":"ProviderMatrix /Biped/Rig/Joints/neck_ik_neck_0_bind final","cat":"step","ph":"X","ts":290676,"dur":1,"pid":1,"tid":17},
{"name":"ProviderMatrix /Biped/Rig/Joints/pupilCenter_l_pivot final","cat":"step","ph":"X","ts":290385,"dur":1,"pid":1,"tid":0},
{"name":"ProviderMatrix /Biped/Rig/Joints/spine_ik_spine_0_bind/spine_ik_spine_1_bind/spine_ik_spine_2_bind/spine_ik_spine_3_bind final","cat":"step","ph":"X","ts":290496,"dur":1,"pid":1,"tid":21},
{"name":"PoseInterpolator /Biped/Rig/PoseInterpolators/ankleSwing_l_driver","cat":"step","ph":"X","ts":290823,"dur":2,"pid":1,"tid":0},
{"name":"PoseInterpolator /Biped/Rig/PoseInterpolators/ankleSwing_r_driver","cat":"step","ph":"X","ts":290830,"dur":1,"pid":1,"tid":0},
{"name":"PoseInterpolator /Biped/Rig/PoseInterpolators/elbow_l_driver","cat":"step","ph":"X","ts":290619,"dur":1,"pid":1,"tid":26},
{"name":"PoseInterpolator /Biped/Rig/PoseInterpolators/elbow_r_driver","cat":"step","ph":"X","ts":290639,"dur":1,"pid":1,"tid":26},
{"name":"PoseInterpolator /Biped/Rig/PoseInterpolators/index_002_l","cat":"step","ph":"X","ts":290603,"dur":3,"pid":1,"tid":26},
{"name":"PoseInterpolator /Biped/Rig/PoseInterpolators/index_002_r","cat":"step","ph":"X","ts":290620,"dur":2,"pid":1,"tid":26},
{"name":"PoseInterpolator /Biped/Rig/PoseInterpolators/knee_l_driver","cat":"step","ph":"X","ts":290734,"dur":48,"pid":1,"tid":0},
{"name":"PoseInterpolator /Biped/Rig/PoseInterpolators/knee_r_driver","cat":"step","ph":"X","ts":290798,"dur":2,"pid":1,"tid":0},
{"name":"PoseInterpolator /Biped/Rig/PoseInterpolators/middle_002_l","cat":"step","ph":"X","ts":290606,"dur":1,"pid":1,"tid":26},
{"name":"PoseInterpolator /Biped/Rig/PoseInterpolators/middle_002_r","cat":"step","ph":"X","ts":290622,"dur":1,"pid":1,"tid":26},
{"name":"PoseInterpolator /Biped/Rig/PoseInterpolators/neckTwist","cat":"step","ph":"X","ts":290952,"dur":2,"pid":1,"tid":13},
{"name":"PoseInterpolator /Biped/Rig/PoseInterpolators/neck","cat":"step","ph":"X","ts":290954,"dur":1,"pid":1,"tid":13},
{"name":"PoseInterpolator /Biped/Rig/PoseInterpolators/pinky_002_l","cat":"step","ph":"X","ts":290607,"dur":2,"pid":1,"tid":26},
{"name":"PoseInterpolator /Biped/Rig/PoseInterpolators/pinky_002_r","cat":"step","ph":"X","ts":290623,"dur":1,"pid":1,"tid":26},
{"name":"PoseInterpolator /Biped/Rig/PoseInterpolators/ring_002_l","cat":"step","ph":"X","ts":290609,"dur":1,"pid":1,"tid":26},
{"name":"PoseInterpolator /Biped/Rig/PoseInterpolators/ring_002_r","cat":"step","ph":"X","ts":290624,"dur":1,"pid":1,"tid":26},
{"name":"PoseInterpolator /Biped/Rig/PoseInterpolators/shoulder_l_driver","cat":"step","ph":"X","ts":290986,"dur":3,"pid":1,"tid":23},
{"name":"PoseInterpolator /Biped/Rig/PoseInterpolators/shoulder_l_twist_driver","cat":"step","ph":"X","ts":291003,"dur":3,"pid":1,"tid":5},
{"name":"PoseInterpolator /Biped/Rig/PoseInterpolators/shoulder_r_driver","cat":"step","ph":"X","ts":290989,"dur":2,"pid":1,"tid":23},
{"name":"PoseInterpolator /Biped/Rig/PoseInterpolators/shoulder_r_twist_driver","cat":"step","ph":"X","ts":291006,"dur":1,"pid":1,"tid":5},
{"name":"PoseInterpolator /Biped/Rig/PoseInterpolators/thigh_l_driver","cat":"step","ph":"X","ts":290835,"dur":2,"pid":1,"tid":0},
{"name":"PoseInterpolator /Biped/Rig/PoseInterpolators/thigh_r_driver","cat":"step","ph":"X","ts":290837,"dur":1,"pid":1,"tid":0},
{"name":"PoseInterpolator /Biped/Rig/PoseInterpolators/toe_l","cat":"step","ph":"X","ts":290800,"dur":2,"pid":1,"tid":0},
{"name":"PoseInterpolator /Biped/Rig/PoseInterpolators/toe_l_twist","cat":"step","ph":"X","ts":290802,"dur":1,"pid":1,"tid":0},
{"name":"PoseInterpolator /Biped/Rig/PoseInterpolators/toe_r","cat":"step","ph":"X","ts":290813,"dur":1,"pid":1,"tid":0},
{"name":"PoseInterpolator /Biped/Rig/PoseInterpolators/toe_r_twist","cat":"step","ph":"X","ts":290814,"dur":1,"pid":1,"tid":0},
{"name":"PoseInterpolator /Biped/Rig/PoseInterpolators/torso","cat":"step","ph":"X","ts":290409,"dur":4,"pid":1,"tid":0},
{"name":"PoseInterpolator /Biped/Rig/PoseInterpolators/wristSwing_l_driver","cat":"step","ph":"X","ts":290654,"dur":3,"pid":1,"tid":17},
{"name":"PoseInterpolator /Biped/Rig/PoseInterpolators/wristSwing_r_driver","cat":"step","ph":"X","ts":290670,"dur":2,"pid":1,"tid":17},
{"name":"RevisionStatic /Biped/Rig/Movers/shapes_body_geo/body_geo_shapes","cat":"step","ph":"X","ts":291012,"dur":530,"pid":1,"tid":5},
{"name":"RevisionChunk /Biped/Rig/Movers/shapes_body_geo/body_geo_shapes","cat":"step","ph":"X","ts":291548,"dur":393,"pid":1,"tid":5},
{"name":"RevisionFuse /Biped/Rig/Movers/shapes_body_geo/body_geo_shapes","cat":"step","ph":"X","ts":291945,"dur":22,"pid":1,"tid":5},
{"name":"InfluenceFold /Biped/Rig/Movers/skin_body_geo/body_geo_skin","cat":"step","ph":"X","ts":291977,"dur":25,"pid":1,"tid":5},
{"name":"RevisionChunk /Biped/Rig/Movers/skin_body_geo/body_geo_skin","cat":"step","ph":"X","ts":292002,"dur":2311,"pid":1,"tid":5},
{"name":"RevisionFuse /Biped/Rig/Movers/skin_body_geo/body_geo_skin","cat":"step","ph":"X","ts":294314,"dur":4,"pid":1,"tid":5},
{"name":"ChainStatus /Biped/Geom/body_geo.points","cat":"step","ph":"X","ts":294318,"dur":20,"pid":1,"tid":5},
{"name":"Derived /Biped/Geom/body_geo.extent","cat":"step","ph":"X","ts":294338,"dur":482,"pid":1,"tid":5},
{"name":"cluster 0","cat":"cluster","ph":"X","ts":290360,"dur":14,"pid":1,"tid":0,"args":{"level":"1","steps":"21","waitUs":"5"}},
{"name":"cluster 1","cat":"cluster","ph":"X","ts":290374,"dur":12,"pid":1,"tid":0,"args":{"level":"2","steps":"30","waitUs":"0"}},
{"name":"cluster 2","cat":"cluster","ph":"X","ts":290413,"dur":8,"pid":1,"tid":0,"args":{"level":"3","steps":"21","waitUs":"27"}},
{"name":"cluster 3","cat":"cluster","ph":"X","ts":290422,"dur":14,"pid":1,"tid":0,"args":{"level":"4","steps":"22","waitUs":"0"}},
{"name":"cluster 4","cat":"cluster","ph":"X","ts":290441,"dur":13,"pid":1,"tid":31,"args":{"level":"5","steps":"17","waitUs":"5"}},
{"name":"cluster 5","cat":"cluster","ph":"X","ts":290457,"dur":17,"pid":1,"tid":19,"args":{"level":"6","steps":"20","waitUs":"3"}},
{"name":"cluster 6","cat":"cluster","ph":"X","ts":290479,"dur":10,"pid":1,"tid":21,"args":{"level":"7","steps":"16","waitUs":"4"}},
{"name":"cluster 7","cat":"cluster","ph":"X","ts":290497,"dur":56,"pid":1,"tid":28,"args":{"level":"8","steps":"14","waitUs":"7"}},
{"name":"cluster 8","cat":"cluster","ph":"X","ts":290394,"dur":19,"pid":1,"tid":0,"args":{"level":"3","steps":"15","waitUs":"8"}},
{"name":"cluster 9","cat":"cluster","ph":"X","ts":290557,"dur":17,"pid":1,"tid":0,"args":{"level":"9","steps":"15","waitUs":"4"}},
{"name":"cluster 10","cat":"cluster","ph":"X","ts":290583,"dur":24,"pid":1,"tid":7,"args":{"level":"10","steps":"18","waitUs":"9"}},
{"name":"cluster 11","cat":"cluster","ph":"X","ts":290610,"dur":12,"pid":1,"tid":17,"args":{"level":"11","steps":"13","waitUs":"2"}},
{"name":"cluster 12","cat":"cluster","ph":"X","ts":290455,"dur":15,"pid":1,"tid":31,"args":{"level":"6","steps":"8","waitUs":"1"}},
{"name":"cluster 13","cat":"cluster","ph":"X","ts":290623,"dur":17,"pid":1,"tid":17,"args":{"level":"12","steps":"12","waitUs":"1"}},
{"name":"cluster 14","cat":"cluster","ph":"X","ts":290475,"dur":10,"pid":1,"tid":19,"args":{"level":"7","steps":"6","waitUs":"0"}},
{"name":"cluster 15","cat":"cluster","ph":"X","ts":290641,"dur":11,"pid":1,"tid":0,"args":{"level":"13","steps":"6","waitUs":"1"}},
{"name":"cluster 17","cat":"cluster","ph":"X","ts":290436,"dur":10,"pid":1,"tid":0,"args":{"level":"5","steps":"7","waitUs":"0"}},
{"name":"cluster 18","cat":"cluster","ph":"X","ts":290657,"dur":15,"pid":1,"tid":17,"args":{"level":"14","steps":"16","waitUs":"0"}},
{"name":"cluster 19","cat":"cluster","ph":"X","ts":290446,"dur":12,"pid":1,"tid":0,"args":{"level":"6","steps":"1","waitUs":"0"}},
{"name":"cluster 20","cat":"cluster","ph":"X","ts":290575,"dur":26,"pid":1,"tid":0,"args":{"level":"10","steps":"3","waitUs":"1"}},
{"name":"cluster 21","cat":"cluster","ph":"X","ts":290601,"dur":5,"pid":1,"tid":0,"args":{"level":"11","steps":"3","waitUs":"0"}},
{"name":"cluster 22","cat":"cluster","ph":"X","ts":290592,"dur":9,"pid":1,"tid":3,"args":{"level":"10","steps":"3","waitUs":"2"}},
{"name":"cluster 23","cat":"cluster","ph":"X","ts":290608,"dur":14,"pid":1,"tid":7,"args":{"level":"11","steps":"7","waitUs":"0"}},
{"name":"cluster 24","cat":"cluster","ph":"X","ts":290571,"dur":19,"pid":1,"tid":26,"args":{"level":"9","steps":"3","waitUs":"18"}},
{"name":"cluster 25","cat":"cluster","ph":"X","ts":290593,"dur":11,"pid":1,"tid":1,"args":{"level":"10","steps":"3","waitUs":"3"}},
{"name":"cluster 26","cat":"cluster","ph":"X","ts":290574,"dur":6,"pid":1,"tid":25,"args":{"level":"9","steps":"2","waitUs":"14"}},
{"name":"cluster 27","cat":"cluster","ph":"X","ts":290672,"dur":5,"pid":1,"tid":17,"args":{"level":"15","steps":"10","waitUs":"0"}},
{"name":"cluster 28","cat":"cluster","ph":"X","ts":290678,"dur":7,"pid":1,"tid":17,"args":{"level":"16","steps":"4","waitUs":"0"}},
{"name":"cluster 29","cat":"cluster","ph":"X","ts":290686,"dur":16,"pid":1,"tid":17,"args":{"level":"17","steps":"6","waitUs":"1"}},
{"name":"cluster 30","cat":"cluster","ph":"X","ts":290704,"dur":18,"pid":1,"tid":0,"args":{"level":"18","steps":"5","waitUs":"1"}},
{"name":"cluster 31","cat":"cluster","ph":"X","ts":290725,"dur":24,"pid":1,"tid":19,"args":{"level":"19","steps":"5","waitUs":"2"}},
{"name":"cluster 32","cat":"cluster","ph":"X","ts":290490,"dur":7,"pid":1,"tid":21,"args":{"level":"8","steps":"8","waitUs":"0"}},
{"name":"cluster 33","cat":"cluster","ph":"X","ts":290583,"dur":17,"pid":1,"tid":28,"args":{"level":"10","steps":"4","waitUs":"0"}},
{"name":"cluster 34","cat":"cluster","ph":"X","ts":290751,"dur":17,"pid":1,"tid":15,"args":{"level":"20","steps":"3","waitUs":"2"}},
{"name":"cluster 35","cat":"cluster","ph":"X","ts":290771,"dur":25,"pid":1,"tid":29,"args":{"level":"21","steps":"3","waitUs":"3"}},
{"name":"cluster 36","cat":"cluster","ph":"X","ts":290798,"dur":17,"pid":1,"tid":13,"args":{"level":"22","steps":"3","waitUs":"2"}},
{"name":"cluster 37","cat":"cluster","ph":"X","ts":290816,"dur":12,"pid":1,"tid":13,"args":{"level":"23","steps":"2","waitUs":"1"}},
{"name":"cluster 38","cat":"cluster","ph":"X","ts":290829,"dur":11,"pid":1,"tid":13,"args":{"level":"24","steps":"2","waitUs":"1"}},
{"name":"cluster 39","cat":"cluster","ph":"X","ts":290840,"dur":9,"pid":1,"tid":13,"args":{"level":"25","steps":"3","waitUs":"0"}},
{"name":"cluster 40","cat":"cluster","ph":"X","ts":290849,"dur":19,"pid":1,"tid":13,"args":{"level":"26","steps":"2","waitUs":"0"}},
{"name":"cluster 41","cat":"cluster","ph":"X","ts":290868,"dur":7,"pid":1,"tid":13,"args":{"level":"27","steps":"1","waitUs":"0"}},
{"name":"cluster 42","cat":"cluster","ph":"X","ts":290875,"dur":6,"pid":1,"tid":13,"args":{"level":"28","steps":"2","waitUs":"0"}},
{"name":"cluster 43","cat":"cluster","ph":"X","ts":290881,"dur":7,"pid":1,"tid":13,"args":{"level":"29","steps":"1","waitUs":"0"}},
{"name":"cluster 44","cat":"cluster","ph":"X","ts":290888,"dur":5,"pid":1,"tid":13,"args":{"level":"30","steps":"2","waitUs":"0"}},
{"name":"cluster 45","cat":"cluster","ph":"X","ts":290893,"dur":7,"pid":1,"tid":13,"args":{"level":"31","steps":"1","waitUs":"0"}},
{"name":"cluster 46","cat":"cluster","ph":"X","ts":290900,"dur":7,"pid":1,"tid":13,"args":{"level":"32","steps":"2","waitUs":"0"}},
{"name":"cluster 47","cat":"cluster","ph":"X","ts":290907,"dur":6,"pid":1,"tid":13,"args":{"level":"33","steps":"1","waitUs":"0"}},
{"name":"cluster 48","cat":"cluster","ph":"X","ts":290913,"dur":5,"pid":1,"tid":13,"args":{"level":"34","steps":"1","waitUs":"0"}},
{"name":"cluster 49","cat":"cluster","ph":"X","ts":290918,"dur":7,"pid":1,"tid":13,"args":{"level":"35","steps":"4","waitUs":"0"}},
{"name":"cluster 50","cat":"cluster","ph":"X","ts":290925,"dur":8,"pid":1,"tid":13,"args":{"level":"36","steps":"4","waitUs":"0"}},
{"name":"cluster 51","cat":"cluster","ph":"X","ts":290941,"dur":6,"pid":1,"tid":13,"args":{"level":"37","steps":"3","waitUs":"8"}},
{"name":"cluster 52","cat":"cluster","ph":"X","ts":290950,"dur":12,"pid":1,"tid":23,"args":{"level":"38","steps":"3","waitUs":"3"}},
{"name":"cluster 53","cat":"cluster","ph":"X","ts":290963,"dur":19,"pid":1,"tid":23,"args":{"level":"39","steps":"7","waitUs":"0"}},
{"name":"cluster 54","cat":"cluster","ph":"X","ts":290983,"dur":13,"pid":1,"tid":5,"args":{"level":"40","steps":"2","waitUs":"1"}},
{"name":"cluster 55","cat":"cluster","ph":"X","ts":290996,"dur":11,"pid":1,"tid":5,"args":{"level":"41","steps":"5","waitUs":"0"}},
{"name":"cluster 56","cat":"cluster","ph":"X","ts":291007,"dur":535,"pid":1,"tid":5,"args":{"level":"42","steps":"3","waitUs":"0"}},
{"name":"cluster 57","cat":"cluster","ph":"X","ts":291542,"dur":399,"pid":1,"tid":5,"args":{"level":"43","steps":"2","waitUs":"0"}},
{"name":"cluster 58","cat":"cluster","ph":"X","ts":291941,"dur":26,"pid":1,"tid":5,"args":{"level":"44","steps":"3","waitUs":"0"}},
{"name":"cluster 59","cat":"cluster","ph":"X","ts":291967,"dur":10,"pid":1,"tid":5,"args":{"level":"46","steps":"28","waitUs":"0"}},
{"name":"cluster 60","cat":"cluster","ph":"X","ts":290560,"dur":23,"pid":1,"tid":28,"args":{"level":"9","steps":"7","waitUs":"0"}},
{"name":"cluster 61","cat":"cluster","ph":"X","ts":290749,"dur":4,"pid":1,"tid":19,"args":{"level":"20","steps":"2","waitUs":"0"}},
{"name":"cluster 62","cat":"cluster","ph":"X","ts":290610,"dur":15,"pid":1,"tid":26,"args":{"level":"11","steps":"12","waitUs":"0"}},
{"name":"cluster 63","cat":"cluster","ph":"X","ts":290769,"dur":6,"pid":1,"tid":15,"args":{"level":"21","steps":"3","waitUs":"1"}},
{"name":"cluster 64","cat":"cluster","ph":"X","ts":290937,"dur":3,"pid":1,"tid":13,"args":{"level":"37","steps":"8","waitUs":"4"}},
{"name":"cluster 65","cat":"cluster","ph":"X","ts":290707,"dur":11,"pid":1,"tid":17,"args":{"level":"18","steps":"7","waitUs":"4"}},
{"name":"cluster 66","cat":"cluster","ph":"X","ts":290797,"dur":8,"pid":1,"tid":29,"args":{"level":"22","steps":"2","waitUs":"1"}},
{"name":"cluster 67","cat":"cluster","ph":"X","ts":290947,"dur":8,"pid":1,"tid":13,"args":{"level":"38","steps":"5","waitUs":"0"}},
{"name":"cluster 68","cat":"cluster","ph":"X","ts":290825,"dur":6,"pid":1,"tid":0,"args":{"level":"23","steps":"8","waitUs":"0"}},
{"name":"cluster 69","cat":"cluster","ph":"X","ts":290832,"dur":6,"pid":1,"tid":0,"args":{"level":"24","steps":"6","waitUs":"1"}},
{"name":"cluster 70","cat":"cluster","ph":"X","ts":290815,"dur":10,"pid":1,"tid":0,"args":{"level":"22","steps":"7","waitUs":"0"}},
{"name":"cluster 71","cat":"cluster","ph":"X","ts":290803,"dur":12,"pid":1,"tid":0,"args":{"level":"21","steps":"12","waitUs":"0"}},
{"name":"cluster 72","cat":"cluster","ph":"X","ts":290782,"dur":21,"pid":1,"tid":0,"args":{"level":"20","steps":"29","waitUs":"0"}},
{"name":"cluster 73","cat":"cluster","ph":"X","ts":290723,"dur":59,"pid":1,"tid":0,"args":{"level":"19","steps":"28","waitUs":"0"}},
{"name":"cluster 74","cat":"cluster","ph":"X","ts":290625,"dur":15,"pid":1,"tid":26,"args":{"level":"12","steps":"31","waitUs":"0"}},
{"name":"cluster 75","cat":"cluster","ph":"X","ts":290982,"dur":9,"pid":1,"tid":23,"args":{"level":"40","steps":"6","waitUs":"0"}},
{"name":"cluster 76","cat":"cluster","ph":"X","ts":290640,"dur":17,"pid":1,"tid":17,"args":{"level":"13","steps":"37","waitUs":"0"}},
{"name":"cluster 77","cat":"cluster","ph":"X","ts":290591,"dur":19,"pid":1,"tid":26,"args":{"level":"10","steps":"12","waitUs":"1"}},
{"name":"cluster 78","cat":"cluster","ph":"X","ts":291977,"dur":25,"pid":1,"tid":5,"args":{"level":"47","steps":"1","waitUs":"0"}},
{"name":"cluster 79","cat":"cluster","ph":"X","ts":292002,"dur":2311,"pid":1,"tid":5,"args":{"level":"48","steps":"1","waitUs":"0"}},
{"name":"cluster 80","cat":"cluster","ph":"X","ts":294314,"dur":4,"pid":1,"tid":5,"args":{"level":"49","steps":"1","waitUs":"0"}},
{"name":"cluster 81","cat":"cluster","ph":"X","ts":294318,"dur":502,"pid":1,"tid":5,"args":{"level":"51","steps":"2","waitUs":"0"}},
{"name":"BakedPublish","cat":"baked","ph":"X","ts":295441,"dur":90,"pid":1,"tid":0},
{"name":"BakedEpilogue","cat":"baked","ph":"X","ts":294836,"dur":737,"pid":1,"tid":0},
{"name":"Baked","cat":"baked","ph":"X","ts":289737,"dur":5837,"pid":1,"tid":0},
{"name":"Evaluate@8","cat":"evaluate","ph":"X","ts":289735,"dur":5840,"pid":1,"tid":0}
],"displayTimeUnit":"ms"}
