{"traceEvents":[
{"name":"thread_name","ph":"M","pid":1,"tid":1,"args":{"name":"rigExec worker 1"}},
{"name":"thread_name","ph":"M","pid":1,"tid":0,"args":{"name":"main (Evaluate)"}},
{"name":"thread_name","ph":"M","pid":1,"tid":2,"args":{"name":"rigExec worker 2"}},
{"name":"Compile.Prologue","cat":"compile","ph":"X","ts":1,"dur":4,"pid":1,"tid":0},
{"name":"Compile.DerivedStartFrames","cat":"compile","ph":"X","ts":5,"dur":5430,"pid":1,"tid":0},
{"name":"Compile.StructureDigest","cat":"compile","ph":"X","ts":5435,"dur":10,"pid":1,"tid":0},
{"name":"Digest.OutputSets","cat":"compile","ph":"X","ts":5469,"dur":920,"pid":1,"tid":1},
{"name":"DiscoverValidate.Validate","cat":"compile","ph":"X","ts":5462,"dur":2091,"pid":1,"tid":0},
{"name":"DiscoverValidate.AggregateProviders","cat":"compile","ph":"X","ts":7553,"dur":21,"pid":1,"tid":0},
{"name":"DiscoverValidate.WarmupDispatch","cat":"compile","ph":"X","ts":7574,"dur":96,"pid":1,"tid":0},
{"name":"DiscoverValidate.MoverDiscovery","cat":"compile","ph":"X","ts":7670,"dur":8750,"pid":1,"tid":0},
{"name":"DiscoverValidate.OutputCheck","cat":"compile","ph":"X","ts":16420,"dur":93,"pid":1,"tid":0},
{"name":"DiscoverValidate.SolverJointBinding","cat":"compile","ph":"X","ts":16513,"dur":734,"pid":1,"tid":0},
{"name":"DiscoverValidate.SolverDag","cat":"compile","ph":"X","ts":17247,"dur":471,"pid":1,"tid":0},
{"name":"Compile.DiscoverValidate","cat":"compile","ph":"X","ts":5445,"dur":12273,"pid":1,"tid":0},
{"name":"SolverSchedule.ReplacementRequests","cat":"compile","ph":"X","ts":17718,"dur":2,"pid":1,"tid":0},
{"name":"SolverSchedule.VolumeWeights","cat":"compile","ph":"X","ts":17720,"dur":86,"pid":1,"tid":0},
{"name":"SolverSchedule.PoseConstraints","cat":"compile","ph":"X","ts":17806,"dur":1631,"pid":1,"tid":0},
{"name":"SolverSchedule.ControlFrames","cat":"compile","ph":"X","ts":19437,"dur":13,"pid":1,"tid":0},
{"name":"SolverSchedule.PropertyChains","cat":"compile","ph":"X","ts":19450,"dur":1109,"pid":1,"tid":0},
{"name":"SolverSchedule.PointGraph","cat":"compile","ph":"X","ts":20559,"dur":602,"pid":1,"tid":0},
{"name":"SolverSchedule.SampleReads","cat":"compile","ph":"X","ts":21161,"dur":35,"pid":1,"tid":0},
{"name":"SolverSchedule.DerivedMaintenance","cat":"compile","ph":"X","ts":21196,"dur":7,"pid":1,"tid":0},
{"name":"PoseInfoPrefetch","cat":"compile","ph":"X","ts":21565,"dur":14603,"pid":1,"tid":0},
{"name":"SolverSchedule.PoseDag","cat":"compile","ph":"X","ts":21203,"dur":15217,"pid":1,"tid":0},
{"name":"SolverSchedule.RequiredSolvers","cat":"compile","ph":"X","ts":36420,"dur":11,"pid":1,"tid":0},
{"name":"SolverSchedule.ConstraintDeps","cat":"compile","ph":"X","ts":36431,"dur":455,"pid":1,"tid":0},
{"name":"SolverSchedule.FrameInheritance","cat":"compile","ph":"X","ts":36886,"dur":332,"pid":1,"tid":0},
{"name":"SolverSchedule.PoseReady","cat":"compile","ph":"X","ts":37218,"dur":54,"pid":1,"tid":0},
{"name":"TapPrepare warmup","cat":"compile","ph":"X","ts":7681,"dur":42195,"pid":1,"tid":2},
{"name":"Compile.WarmupJoin","cat":"compile","ph":"X","ts":37273,"dur":12609,"pid":1,"tid":0},
{"name":"Digest.Solvers","cat":"compile","ph":"X","ts":6389,"dur":49219,"pid":1,"tid":1},
{"name":"SolverSchedule.SolverBatches","cat":"compile","ph":"X","ts":37272,"dur":21244,"pid":1,"tid":0},
{"name":"Compile.SolverSchedule","cat":"compile","ph":"X","ts":17718,"dur":40798,"pid":1,"tid":0},
{"name":"PrepareRequests.ProviderSeed","cat":"compile","ph":"X","ts":58517,"dur":297,"pid":1,"tid":0},
{"name":"Digest.Movers","cat":"compile","ph":"X","ts":55608,"dur":3396,"pid":1,"tid":1},
{"name":"PrepareRequests.ProviderClosure","cat":"compile","ph":"X","ts":58814,"dur":363,"pid":1,"tid":0},
{"name":"PrepareRequests.ConnectedPoseTaps","cat":"compile","ph":"X","ts":59177,"dur":187,"pid":1,"tid":0},
{"name":"RestTimeVarying","cat":"compile","ph":"X","ts":59365,"dur":1724,"pid":1,"tid":0},
{"name":"PrepareRequests.RestTaps","cat":"compile","ph":"X","ts":59364,"dur":1830,"pid":1,"tid":0},
{"name":"PrepareRequests.ExecPrepare","cat":"compile","ph":"X","ts":61194,"dur":0,"pid":1,"tid":0},
{"name":"TapPrepare guides","cat":"compile","ph":"X","ts":61200,"dur":4525,"pid":1,"tid":0},
{"name":"PrepareRequests.GuideTaps","cat":"compile","ph":"X","ts":61194,"dur":4533,"pid":1,"tid":0},
{"name":"PrepareRequests.RestPull","cat":"compile","ph":"X","ts":65727,"dur":6,"pid":1,"tid":0},
{"name":"TapPrepare restFrames","cat":"compile","ph":"X","ts":65733,"dur":2264,"pid":1,"tid":0},
{"name":"Compile.RestFrames","cat":"compile","ph":"X","ts":67999,"dur":40043,"pid":1,"tid":0},
{"name":"PrepareRequests.WarmCompute","cat":"compile","ph":"X","ts":65733,"dur":43500,"pid":1,"tid":0},
{"name":"Compile.PrepareRequests","cat":"compile","ph":"X","ts":58516,"dur":50718,"pid":1,"tid":0},
{"name":"Compile.DigestJoin","cat":"compile","ph":"X","ts":109238,"dur":1,"pid":1,"tid":0},
{"name":"Compile.Commit","cat":"compile","ph":"X","ts":109234,"dur":158,"pid":1,"tid":0},
{"name":"Compile.ChainOrderValidate","cat":"compile","ph":"X","ts":109392,"dur":41,"pid":1,"tid":0},
{"name":"Bake.IsBakeable","cat":"compile","ph":"X","ts":109456,"dur":1273,"pid":1,"tid":0},
{"name":"Bake.entry","cat":"compile","ph":"X","ts":110729,"dur":4,"pid":1,"tid":0},
{"name":"Bake.dense_provider_slots","cat":"compile","ph":"X","ts":110733,"dur":265,"pid":1,"tid":0},
{"name":"Bake.the_rest_chain_and_the_default-space_ladder","cat":"compile","ph":"X","ts":110998,"dur":10136,"pid":1,"tid":0},
{"name":"Bake.the_input_binding_table","cat":"compile","ph":"X","ts":121134,"dur":8037,"pid":1,"tid":0},
{"name":"Bake.the_walk","cat":"compile","ph":"X","ts":129171,"dur":5209,"pid":1,"tid":0},
{"name":"Bake.publication","cat":"compile","ph":"X","ts":134380,"dur":119,"pid":1,"tid":0},
{"name":"Bake.geometry","cat":"compile","ph":"X","ts":134499,"dur":0,"pid":1,"tid":0},
{"name":"Bake.pose_interpolators","cat":"compile","ph":"X","ts":134499,"dur":71,"pid":1,"tid":0},
{"name":"Bake.the_rest_of_the_invalidation_index","cat":"compile","ph":"X","ts":134570,"dur":41,"pid":1,"tid":0},
{"name":"Bake.the_step_graph","cat":"compile","ph":"X","ts":134611,"dur":6096,"pid":1,"tid":0},
{"name":"Compile.Bake","cat":"compile","ph":"X","ts":109448,"dur":31261,"pid":1,"tid":0},
{"name":"Compile","cat":"compile","ph":"X","ts":0,"dur":142208,"pid":1,"tid":0},
{"name":"Evaluate.Settle","cat":"evaluate","ph":"X","ts":143535,"dur":0,"pid":1,"tid":0},
{"name":"Evaluate.PlaceOverrides","cat":"evaluate","ph":"X","ts":143536,"dur":1,"pid":1,"tid":0},
{"name":"PropertyChain /Biped/Rig/Movers/ballRoll_l_down_rc/ballRoll_l_down_rotation.inputs:defaultWeight","cat":"property","ph":"X","ts":144263,"dur":31,"pid":1,"tid":0},
{"name":"PropertyChain /Biped/Rig/Movers/ballRoll_l_up_rc/ballRoll_l_up_rotation.inputs:defaultWeight","cat":"property","ph":"X","ts":144305,"dur":8,"pid":1,"tid":0},
{"name":"PropertyChain /Biped/Rig/Movers/ballRoll_r_down_rc/ballRoll_r_down_rotation.inputs:defaultWeight","cat":"property","ph":"X","ts":144314,"dur":10,"pid":1,"tid":0},
{"name":"PropertyChain /Biped/Rig/Movers/ballRoll_r_up_rc/ballRoll_r_up_rotation.inputs:defaultWeight","cat":"property","ph":"X","ts":144325,"dur":7,"pid":1,"tid":0},
{"name":"PropertyChain /Biped/Rig/Movers/bankIn_l_pivot_rc/bankIn_l_pivot_rotation.inputs:defaultWeight","cat":"property","ph":"X","ts":144333,"dur":4,"pid":1,"tid":0},
{"name":"PropertyChain /Biped/Rig/Movers/bankIn_r_pivot_rc/bankIn_r_pivot_rotation.inputs:defaultWeight","cat":"property","ph":"X","ts":144338,"dur":4,"pid":1,"tid":0},
{"name":"PropertyChain /Biped/Rig/Movers/bankOut_l_pivot_rc/bankOut_l_pivot_rotation.inputs:defaultWeight","cat":"property","ph":"X","ts":144343,"dur":4,"pid":1,"tid":0},
{"name":"PropertyChain /Biped/Rig/Movers/bankOut_r_pivot_rc/bankOut_r_pivot_rotation.inputs:defaultWeight","cat":"property","ph":"X","ts":144347,"dur":4,"pid":1,"tid":0},
{"name":"PropertyChain /Biped/Rig/Movers/heel_l_roll_rc/heel_l_roll_rotation.inputs:defaultWeight","cat":"property","ph":"X","ts":144352,"dur":4,"pid":1,"tid":0},
{"name":"PropertyChain /Biped/Rig/Movers/heel_r_roll_rc/heel_r_roll_rotation.inputs:defaultWeight","cat":"property","ph":"X","ts":144357,"dur":4,"pid":1,"tid":0},
{"name":"PropertyChain /Biped/Rig/Movers/toe_l_roll_rc/toe_l_roll_rotation.inputs:defaultWeight","cat":"property","ph":"X","ts":144362,"dur":7,"pid":1,"tid":0},
{"name":"PropertyChain /Biped/Rig/Movers/toe_r_roll_rc/toe_r_roll_rotation.inputs:defaultWeight","cat":"property","ph":"X","ts":144370,"dur":7,"pid":1,"tid":0},
{"name":"PropertyChains","cat":"property","ph":"X","ts":143547,"dur":831,"pid":1,"tid":0},
{"name":"BakedInputs","cat":"baked","ph":"X","ts":144380,"dur":8,"pid":1,"tid":0},
{"name":"BakedChainBase","cat":"geometry","ph":"X","ts":144519,"dur":1452,"pid":1,"tid":0},
{"name":"BakedPrologue","cat":"baked","ph":"X","ts":143545,"dur":2429,"pid":1,"tid":0},
{"name":"BakedRegion","cat":"baked","ph":"X","ts":145979,"dur":1651,"pid":1,"tid":0},
{"name":"ComposeSubtree /Biped/Rig/Controls/arm_l_ik","cat":"step","ph":"X","ts":146125,"dur":4,"pid":1,"tid":0},
{"name":"ComposeSubtree /Biped/Rig/Controls/arm_l_pv","cat":"step","ph":"X","ts":146129,"dur":1,"pid":1,"tid":0},
{"name":"ComposeSubtree /Biped/Rig/Controls/hips_ctl","cat":"step","ph":"X","ts":146130,"dur":7,"pid":1,"tid":0},
{"name":"ComposeSubtree /Biped/Rig/Controls/hips_ctl/spine_root_pivot/spine_root_ctl/pelvis_l_ctl/leg_l_root/leg_l_fk_thigh_l_bind/leg_l_fk_knee_l_bind","cat":"step","ph":"X","ts":146137,"dur":1,"pid":1,"tid":0},
{"name":"ComposeSubtree /Biped/Rig/Controls/hips_ctl/spine_root_pivot/spine_root_ctl/pelvis_r_ctl/leg_r_root/leg_r_fk_thigh_r_bind/leg_r_fk_knee_r_bind","cat":"step","ph":"X","ts":146138,"dur":1,"pid":1,"tid":0},
{"name":"ComposeSubtree /Biped/Rig/Controls/hips_ctl/torso_ctl/spine_end_pivot/spine_end_ctl/clavicle_l_ctl/arm_l_root/arm_l_fk_shoulder_l_bind/arm_l_fk_elbow_l_bind","cat":"step","ph":"X","ts":146139,"dur":1,"pid":1,"tid":0},
{"name":"ComposeSubtree /Biped/Rig/Controls/hips_ctl/torso_ctl/spine_end_pivot/spine_end_ctl/neck_root_ctl","cat":"step","ph":"X","ts":146140,"dur":1,"pid":1,"tid":0},
{"name":"ComposeSubtree /Biped/Rig/Controls/index_001_l_bind_fk_follow/index_001_l_bind_fk/index_002_l_bind_fk","cat":"step","ph":"X","ts":146141,"dur":1,"pid":1,"tid":0},
{"name":"ComposeSubtree /Biped/Rig/Controls/index_001_r_bind_fk_follow/index_001_r_bind_fk/index_002_r_bind_fk/index_003_r_bind_fk","cat":"step","ph":"X","ts":146142,"dur":1,"pid":1,"tid":0},
{"name":"ComposeSubtree /Biped/Rig/Controls/leg_l_ik/ankle_l_pivot/bankIn_l_pivot/bankOut_l_pivot/heel_l_roll/heel_l/ball_l_pivot","cat":"step","ph":"X","ts":146143,"dur":1,"pid":1,"tid":0},
{"name":"ComposeSubtree /Biped/Rig/Controls/leg_l_ik/ankle_l_pivot/bankIn_l_pivot/bankOut_l_pivot/heel_l_roll/heel_l/ball_l_pivot/toe_l_roll/toe_l/ballRoll_l_up/ballRoll_l_down_twin","cat":"step","ph":"X","ts":146144,"dur":1,"pid":1,"tid":0},
{"name":"ComposeSubtree /Biped/Rig/Controls/leg_l_ik/ankle_l_pivot/bankIn_l_pivot/bankOut_l_pivot/heel_l_roll/heel_l/ball_l_pivot/toe_l_roll_twin","cat":"step","ph":"X","ts":146145,"dur":1,"pid":1,"tid":0},
{"name":"ComposeSubtree /Biped/Rig/Controls/leg_l_pv","cat":"step","ph":"X","ts":146146,"dur":1,"pid":1,"tid":0},
{"name":"ComposeSubtree /Biped/Rig/Controls/leg_r_ik/ankle_r_pivot/bankIn_r_pivot/bankOut_r_pivot/heel_r_roll/heel_r/ball_r_pivot/toe_r_roll","cat":"step","ph":"X","ts":146147,"dur":1,"pid":1,"tid":0},
{"name":"ComposeSubtree /Biped/Rig/Controls/leg_r_ik/ankle_r_pivot/bankIn_r_pivot/bankOut_r_pivot/heel_r_roll/heel_r/ball_r_pivot/toe_r_roll/toe_r/ballRoll_r_up_twin","cat":"step","ph":"X","ts":146148,"dur":1,"pid":1,"tid":0},
{"name":"ComposeSubtree /Biped/Rig/Controls/leg_r_ik/ankle_r_pivot/bankIn_r_pivot/bankOut_r_pivot_twin","cat":"step","ph":"X","ts":146149,"dur":1,"pid":1,"tid":0},
{"name":"ComposeSubtree /Biped/Rig/Controls/middle_001_l_bind_fk_follow/middle_001_l_bind_fk/middle_002_l_bind_fk/middle_003_l_bind_fk","cat":"step","ph":"X","ts":146150,"dur":1,"pid":1,"tid":0},
{"name":"ComposeSubtree /Biped/Rig/Controls/pinkyCup_l_bind_fk_follow","cat":"step","ph":"X","ts":146151,"dur":1,"pid":1,"tid":0},
{"name":"ComposeSubtree /Biped/Rig/Controls/pinkyCup_r_bind_fk_follow/pinkyCup_r_bind_fk/pinky_001_r_bind_fk","cat":"step","ph":"X","ts":146152,"dur":1,"pid":1,"tid":0},
{"name":"ComposeSubtree /Biped/Rig/Controls/ring_001_r_bind_fk_follow","cat":"step","ph":"X","ts":146153,"dur":1,"pid":1,"tid":0},
{"name":"ComposeSubtree /Biped/Rig/Controls/thumbCup_l_bind_fk_follow","cat":"step","ph":"X","ts":146154,"dur":1,"pid":1,"tid":0},
{"name":"ComposeSubtree /Biped/Rig/Controls/thumbCup_r_bind_fk_follow/thumbCup_r_bind_fk/thumb_001_r_bind_fk/thumb_002_r_bind_fk","cat":"step","ph":"X","ts":146155,"dur":1,"pid":1,"tid":0},
{"name":"ComposeSubtree /Biped/Rig/Joints/ankle_l_pivot/bankIn_l_pivot/bankOut_l_pivot/heel_l_pivot/ball_l_pivot","cat":"step","ph":"X","ts":146156,"dur":1,"pid":1,"tid":0},
{"name":"ComposeSubtree /Biped/Rig/Joints/ankle_r_pivot/bankIn_r_pivot/bankOut_r_pivot","cat":"step","ph":"X","ts":146157,"dur":1,"pid":1,"tid":0},
{"name":"ComposeSubtree /Biped/Rig/Joints/hips_bind/pelvis_l_bind/pelvis_trans_combo_l_driver","cat":"step","ph":"X","ts":146158,"dur":1,"pid":1,"tid":0},
{"name":"ComposeSubtree /Biped/Rig/Joints/hips_bind/pelvis_l_bind/thigh_l_bind/knee_l_bind/ankleTwist_l_bind","cat":"step","ph":"X","ts":146159,"dur":1,"pid":1,"tid":0},
{"name":"ComposeSubtree /Biped/Rig/Joints/hips_bind/pelvis_l_bind/thigh_l_bind/knee_l_bind/ankle_l_bind/ball_l_bind/toe2_001_l_bind","cat":"step","ph":"X","ts":146160,"dur":1,"pid":1,"tid":0},
{"name":"ComposeSubtree /Biped/Rig/Joints/hips_bind/pelvis_l_bind/thigh_l_bind/knee_l_bind/ankle_l_bind/ball_l_bind/toe4_001_l_bind","cat":"step","ph":"X","ts":146161,"dur":1,"pid":1,"tid":0},
{"name":"ComposeSubtree /Biped/Rig/Joints/hips_bind/pelvis_l_bind/thigh_l_bind/knee_l_bind/ankle_l_bind/ball_l_bind/toe_l_bind","cat":"step","ph":"X","ts":146162,"dur":1,"pid":1,"tid":0},
{"name":"ComposeSubtree /Biped/Rig/Joints/hips_bind/pelvis_r_bind/thighNoTwist_r_bind","cat":"step","ph":"X","ts":146163,"dur":1,"pid":1,"tid":0},
{"name":"ComposeSubtree /Biped/Rig/Joints/hips_bind/pelvis_r_bind/thigh_r_bind/knee_r_bind/ankle_r_bind/ball_r_bind","cat":"step","ph":"X","ts":146164,"dur":1,"pid":1,"tid":0},
{"name":"ComposeSubtree /Biped/Rig/Joints/hips_bind/pelvis_r_bind/thigh_r_bind/knee_r_bind/ankle_r_bind/ball_r_bind/toe3_001_r_bind","cat":"step","ph":"X","ts":146165,"dur":1,"pid":1,"tid":0},
{"name":"ComposeSubtree /Biped/Rig/Joints/hips_bind/pelvis_r_bind/thigh_r_bind/knee_r_bind/ankle_r_bind/ball_r_bind/toe5_001_r_bind","cat":"step","ph":"X","ts":146166,"dur":1,"pid":1,"tid":0},
{"name":"ComposeSubtree /Biped/Rig/Joints/hips_bind/spine_0_bind","cat":"step","ph":"X","ts":146167,"dur":1,"pid":1,"tid":0},
{"name":"ComposeSubtree /Biped/Rig/Joints/hips_bind/spine_0_bind/spine_1_bind/spine_2_bind/spine_3_bind/spine_4_bind/spine_5_bind/chest_bind/clavicle_l_bind/clavicle_trans_combo_l_driver","cat":"step","ph":"X","ts":146168,"dur":1,"pid":1,"tid":0},
{"name":"ComposeSubtree /Biped/Rig/Joints/hips_bind/spine_0_bind/spine_1_bind/spine_2_bind/spine_3_bind/spine_4_bind/spine_5_bind/chest_bind/clavicle_l_bind/shoulder_l_bind/elbow_l_bind/wristTwist_l_bind","cat":"step","ph":"X","ts":146169,"dur":1,"pid":1,"tid":0},
{"name":"ComposeSubtree /Biped/Rig/Joints/hips_bind/spine_0_bind/spine_1_bind/spine_2_bind/spine_3_bind/spine_4_bind/spine_5_bind/chest_bind/clavicle_l_bind/shoulder_l_bind/elbow_l_bind/wrist_l_bind/index_001_l_bind/index_002_l_bind/index_003_l_bind/index_004_l_bind","cat":"step","ph":"X","ts":146170,"dur":1,"pid":1,"tid":0},
{"name":"ComposeSubtree /Biped/Rig/Joints/hips_bind/spine_0_bind/spine_1_bind/spine_2_bind/spine_3_bind/spine_4_bind/spine_5_bind/chest_bind/clavicle_l_bind/shoulder_l_bind/elbow_l_bind/wrist_l_bind/pinkyCup_l_bind","cat":"step","ph":"X","ts":146171,"dur":1,"pid":1,"tid":0},
{"name":"ComposeSubtree /Biped/Rig/Joints/hips_bind/spine_0_bind/spine_1_bind/spine_2_bind/spine_3_bind/spine_4_bind/spine_5_bind/chest_bind/clavicle_l_bind/shoulder_l_bind/elbow_l_bind/wrist_l_bind/ring_001_l_bind/ring_002_l_bind","cat":"step","ph":"X","ts":146172,"dur":1,"pid":1,"tid":0},
{"name":"ComposeSubtree /Biped/Rig/Joints/hips_bind/spine_0_bind/spine_1_bind/spine_2_bind/spine_3_bind/spine_4_bind/spine_5_bind/chest_bind/clavicle_l_bind/shoulder_l_bind/elbow_l_bind/wrist_l_bind/thumbCup_l_bind/thumb_001_l_bind/thumb_002_l_bind/thumb_003_l_bind","cat":"step","ph":"X","ts":146173,"dur":1,"pid":1,"tid":0},
{"name":"ComposeSubtree /Biped/Rig/Joints/hips_bind/spine_0_bind/spine_1_bind/spine_2_bind/spine_3_bind/spine_4_bind/spine_5_bind/chest_bind/clavicle_r_bind/shoulder_r_bind","cat":"step","ph":"X","ts":146174,"dur":1,"pid":1,"tid":0},
{"name":"ComposeSubtree /Biped/Rig/Joints/hips_bind/spine_0_bind/spine_1_bind/spine_2_bind/spine_3_bind/spine_4_bind/spine_5_bind/chest_bind/clavicle_r_bind/shoulder_r_bind/elbow_r_bind/wrist_r_bind/index_001_r_bind","cat":"step","ph":"X","ts":146175,"dur":1,"pid":1,"tid":0},
{"name":"ComposeSubtree /Biped/Rig/Joints/hips_bind/spine_0_bind/spine_1_bind/spine_2_bind/spine_3_bind/spine_4_bind/spine_5_bind/chest_bind/clavicle_r_bind/shoulder_r_bind/elbow_r_bind/wrist_r_bind/middle_001_r_bind/middle_002_r_bind/middle_003_r_bind/middle_004_r_bind","cat":"step","ph":"X","ts":146176,"dur":1,"pid":1,"tid":0},
{"name":"ComposeSubtree /Biped/Rig/Joints/hips_bind/spine_0_bind/spine_1_bind/spine_2_bind/spine_3_bind/spine_4_bind/spine_5_bind/chest_bind/clavicle_r_bind/shoulder_r_bind/elbow_r_bind/wrist_r_bind/pinkyCup_r_bind/pinky_001_r_bind/pinky_002_r_bind/pinky_003_r_bind/pinky_004_r_bind","cat":"step","ph":"X","ts":146177,"dur":1,"pid":1,"tid":0},
{"name":"ComposeSubtree /Biped/Rig/Joints/hips_bind/spine_0_bind/spine_1_bind/spine_2_bind/spine_3_bind/spine_4_bind/spine_5_bind/chest_bind/clavicle_r_bind/shoulder_r_bind/elbow_r_bind/wrist_r_bind/thumbCup_r_bind/thumb_001_r_bind/thumb_002_r_bind","cat":"step","ph":"X","ts":146178,"dur":1,"pid":1,"tid":0},
{"name":"ComposeSubtree /Biped/Rig/Joints/hips_bind/spine_0_bind/spine_1_bind/spine_2_bind/spine_3_bind/spine_4_bind/spine_5_bind/chest_bind/neck_base_bind/neck_0_bind/neck_1_bind/neck_2_bind/neck_3_bind","cat":"step","ph":"X","ts":146179,"dur":1,"pid":1,"tid":0},
{"name":"ComposeSubtree /Biped/Rig/Joints/hips_bind/spine_0_bind/spine_1_bind/spine_2_bind/spine_3_bind/spine_4_bind/spine_5_bind/chest_bind/neck_base_bind/neck_0_bind/neck_1_bind/neck_2_bind/neck_3_bind/skull_bind/face_lower_bind/jaw_bind/jaw_end","cat":"step","ph":"X","ts":146180,"dur":1,"pid":1,"tid":0},
{"name":"ComposeSubtree /Biped/Rig/Joints/hips_bind/spine_0_bind/spine_1_bind/spine_2_bind/spine_3_bind/spine_4_bind/spine_5_bind/chest_bind/neck_base_bind/neck_0_bind/neck_1_bind/neck_2_bind/neck_3_bind/skull_bind/face_upper_bind/eyeSocket_l_bind","cat":"step","ph":"X","ts":146181,"dur":1,"pid":1,"tid":0},
{"name":"ComposeSubtree /Biped/Rig/Joints/hips_bind/spine_0_bind/spine_1_bind/spine_2_bind/spine_3_bind/spine_4_bind/spine_5_bind/chest_bind/neck_base_bind/neck_0_bind/neck_1_bind/neck_2_bind/neck_3_bind/skull_bind/face_upper_bind/head_tip_bind/brow_main_r_bind","cat":"step","ph":"X","ts":146182,"dur":1,"pid":1,"tid":0},
{"name":"ComposeSubtree /Biped/Rig/Joints/pupilCenter_l_pivot","cat":"step","ph":"X","ts":146183,"dur":1,"pid":1,"tid":0},
{"name":"ComposeSubtree /Biped/Rig/Joints/spine_ik_spine_0_bind/spine_ik_spine_1_bind/spine_ik_spine_2_bind/spine_ik_spine_3_bind/spine_ik_spine_4_bind/spine_ik_spine_5_bind","cat":"step","ph":"X","ts":146184,"dur":1,"pid":1,"tid":0},
{"name":"Solve /Biped/Rig/Solvers/arm_l_fkChain","cat":"step","ph":"X","ts":146185,"dur":5,"pid":1,"tid":0},
{"name":"Solve /Biped/Rig/Solvers/arm_l_twoBoneIk","cat":"step","ph":"X","ts":146190,"dur":5,"pid":1,"tid":0},
{"name":"Solve /Biped/Rig/Solvers/arm_r_fkChain","cat":"step","ph":"X","ts":146195,"dur":1,"pid":1,"tid":0},
{"name":"Solve /Biped/Rig/Solvers/arm_r_twoBoneIk","cat":"step","ph":"X","ts":146196,"dur":1,"pid":1,"tid":0},
{"name":"Solve /Biped/Rig/Solvers/leg_l_fkChain","cat":"step","ph":"X","ts":146197,"dur":1,"pid":1,"tid":0},
{"name":"Solve /Biped/Rig/Solvers/neck_splineIk","cat":"step","ph":"X","ts":146198,"dur":13,"pid":1,"tid":0},
{"name":"SolverCommit batch 6","cat":"step","ph":"X","ts":146211,"dur":1,"pid":1,"tid":0},
{"name":"Solve /Biped/Rig/Solvers/spine_splineIk","cat":"step","ph":"X","ts":146212,"dur":8,"pid":1,"tid":0},
{"name":"SolverCommit batch 7","cat":"step","ph":"X","ts":146220,"dur":1,"pid":1,"tid":0},
{"name":"Solve /Biped/Rig/Solvers/arm_r_ikfk","cat":"step","ph":"X","ts":146221,"dur":2,"pid":1,"tid":0},
{"name":"SolverCommit batch 8","cat":"step","ph":"X","ts":146223,"dur":1,"pid":1,"tid":0},
{"name":"Solve /Biped/Rig/Solvers/arm_l_ikfk","cat":"step","ph":"X","ts":146224,"dur":1,"pid":1,"tid":0},
{"name":"SolverCommit batch 9","cat":"step","ph":"X","ts":146225,"dur":1,"pid":1,"tid":0},
{"name":"Constraint /Biped/Rig/Movers/spine_mid_follow/spine_mid_follow_pos","cat":"step","ph":"X","ts":146226,"dur":13,"pid":1,"tid":0},
{"name":"Solve /Biped/Rig/Solvers/fk_thumb_r","cat":"step","ph":"X","ts":146239,"dur":2,"pid":1,"tid":0},
{"name":"Solve /Biped/Rig/Solvers/fk_ring_r","cat":"step","ph":"X","ts":146241,"dur":1,"pid":1,"tid":0},
{"name":"SolverCommit batch 12","cat":"step","ph":"X","ts":146242,"dur":1,"pid":1,"tid":0},
{"name":"Solve /Biped/Rig/Solvers/fk_pinky_r","cat":"step","ph":"X","ts":146243,"dur":1,"pid":1,"tid":0},
{"name":"SolverCommit batch 13","cat":"step","ph":"X","ts":146244,"dur":1,"pid":1,"tid":0},
{"name":"Solve /Biped/Rig/Solvers/fk_middle_r","cat":"step","ph":"X","ts":146245,"dur":1,"pid":1,"tid":0},
{"name":"SolverCommit batch 14","cat":"step","ph":"X","ts":146246,"dur":1,"pid":1,"tid":0},
{"name":"Solve /Biped/Rig/Solvers/fk_index_r","cat":"step","ph":"X","ts":146247,"dur":1,"pid":1,"tid":0},
{"name":"SolverCommit batch 15","cat":"step","ph":"X","ts":146248,"dur":1,"pid":1,"tid":0},
{"name":"Solve /Biped/Rig/Solvers/fk_thumb_l","cat":"step","ph":"X","ts":146249,"dur":1,"pid":1,"tid":0},
{"name":"Solve /Biped/Rig/Solvers/fk_ring_l","cat":"step","ph":"X","ts":146250,"dur":1,"pid":1,"tid":0},
{"name":"SolverCommit batch 17","cat":"step","ph":"X","ts":146251,"dur":1,"pid":1,"tid":0},
{"name":"Solve /Biped/Rig/Solvers/fk_pinky_l","cat":"step","ph":"X","ts":146252,"dur":1,"pid":1,"tid":0},
{"name":"Solve /Biped/Rig/Solvers/fk_middle_l","cat":"step","ph":"X","ts":146253,"dur":1,"pid":1,"tid":0},
{"name":"SolverCommit batch 19","cat":"step","ph":"X","ts":146254,"dur":1,"pid":1,"tid":0},
{"name":"Solve /Biped/Rig/Solvers/fk_index_l","cat":"step","ph":"X","ts":146255,"dur":1,"pid":1,"tid":0},
{"name":"Constraint /Biped/Rig/Movers/spine_mid_follow/spine_mid_follow_aim","cat":"step","ph":"X","ts":146256,"dur":4,"pid":1,"tid":0},
{"name":"Constraint /Biped/Rig/Movers/hand_r_follow/thumbCup_r_bind_fk_follow_to_wrist_r_bind","cat":"step","ph":"X","ts":146260,"dur":4,"pid":1,"tid":0},
{"name":"Constraint /Biped/Rig/Movers/hand_r_follow/ring_001_r_bind_fk_follow_to_wrist_r_bind","cat":"step","ph":"X","ts":146264,"dur":3,"pid":1,"tid":0},
{"name":"Constraint /Biped/Rig/Movers/hand_r_follow/pinkyCup_r_bind_fk_follow_to_wrist_r_bind","cat":"step","ph":"X","ts":146267,"dur":4,"pid":1,"tid":0},
{"name":"Constraint /Biped/Rig/Movers/hand_r_follow/middle_001_r_bind_fk_follow_to_wrist_r_bind","cat":"step","ph":"X","ts":146271,"dur":2,"pid":1,"tid":0},
{"name":"Constraint /Biped/Rig/Movers/hand_r_follow/index_001_r_bind_fk_follow_to_wrist_r_bind","cat":"step","ph":"X","ts":146273,"dur":3,"pid":1,"tid":0},
{"name":"Constraint /Biped/Rig/Movers/hand_l_follow/thumbCup_l_bind_fk_follow_to_wrist_l_bind","cat":"step","ph":"X","ts":146276,"dur":3,"pid":1,"tid":0},
{"name":"Constraint /Biped/Rig/Movers/hand_l_follow/ring_001_l_bind_fk_follow_to_wrist_l_bind","cat":"step","ph":"X","ts":146279,"dur":2,"pid":1,"tid":0},
{"name":"Constraint /Biped/Rig/Movers/hand_l_follow/pinkyCup_l_bind_fk_follow_to_wrist_l_bind","cat":"step","ph":"X","ts":146281,"dur":3,"pid":1,"tid":0},
{"name":"Constraint /Biped/Rig/Movers/hand_l_follow/middle_001_l_bind_fk_follow_to_wrist_l_bind","cat":"step","ph":"X","ts":146284,"dur":2,"pid":1,"tid":0},
{"name":"Constraint /Biped/Rig/Movers/hand_l_follow/index_001_l_bind_fk_follow_to_wrist_l_bind","cat":"step","ph":"X","ts":146286,"dur":3,"pid":1,"tid":0},
{"name":"Constraint /Biped/Rig/Movers/bankIn_r_pivot_rc/bankIn_r_pivot_rotation","cat":"step","ph":"X","ts":146289,"dur":2,"pid":1,"tid":0},
{"name":"Constraint /Biped/Rig/Movers/bankOut_r_pivot_rc/bankOut_r_pivot_rotation","cat":"step","ph":"X","ts":146291,"dur":1,"pid":1,"tid":0},
{"name":"Constraint /Biped/Rig/Movers/heel_r_roll_rc/heel_r_roll_rotation","cat":"step","ph":"X","ts":146292,"dur":1,"pid":1,"tid":0},
{"name":"Constraint /Biped/Rig/Movers/ballRoll_r_up_rc/ballRoll_r_up_rotation","cat":"step","ph":"X","ts":146293,"dur":1,"pid":1,"tid":0},
{"name":"Constraint /Biped/Rig/Movers/ballRoll_r_down_rc/ballRoll_r_down_rotation","cat":"step","ph":"X","ts":146294,"dur":1,"pid":1,"tid":0},
{"name":"SolverCommit batch 38","cat":"step","ph":"X","ts":146295,"dur":1,"pid":1,"tid":0},
{"name":"SolverCommit batch 39","cat":"step","ph":"X","ts":146296,"dur":4,"pid":1,"tid":0},
{"name":"Constraint /Biped/Rig/Movers/ankle_r_bind_scAim/ankle_r_bind_aim","cat":"step","ph":"X","ts":146300,"dur":5,"pid":1,"tid":0},
{"name":"Constraint /Biped/Rig/Movers/ball_r_bind_scAim/ball_r_bind_aim","cat":"step","ph":"X","ts":146305,"dur":3,"pid":1,"tid":0},
{"name":"Constraint /Biped/Rig/Movers/bankIn_l_pivot_rc/bankIn_l_pivot_rotation","cat":"step","ph":"X","ts":146308,"dur":1,"pid":1,"tid":0},
{"name":"Constraint /Biped/Rig/Movers/heel_l_roll_rc/heel_l_roll_rotation","cat":"step","ph":"X","ts":146309,"dur":1,"pid":1,"tid":0},
{"name":"Constraint /Biped/Rig/Movers/ballRoll_l_up_rc/ballRoll_l_up_rotation","cat":"step","ph":"X","ts":146310,"dur":1,"pid":1,"tid":0},
{"name":"Solve /Biped/Rig/Solvers/leg_l_twoBoneIk","cat":"step","ph":"X","ts":146311,"dur":1,"pid":1,"tid":0},
{"name":"SolverCommit batch 49","cat":"step","ph":"X","ts":146312,"dur":4,"pid":1,"tid":0},
{"name":"Constraint /Biped/Rig/Movers/ankle_l_bind_scAim/ankle_l_bind_aim","cat":"step","ph":"X","ts":146316,"dur":4,"pid":1,"tid":0},
{"name":"Constraint /Biped/Rig/Movers/ball_l_bind_scAim/ball_l_bind_aim","cat":"step","ph":"X","ts":146320,"dur":3,"pid":1,"tid":0},
{"name":"Constraint /Biped/Rig/Movers/hips_follow/spine_root_ctl_drives_hips_bind","cat":"step","ph":"X","ts":146323,"dur":2,"pid":1,"tid":0},
{"name":"CommitDelta /Biped/Rig/Movers/hips_follow/spine_root_ctl_drives_hips_bind","cat":"step","ph":"X","ts":146325,"dur":1,"pid":1,"tid":0},
{"name":"PropagateChunk /Biped/Rig/Movers/hips_follow/spine_root_ctl_drives_hips_bind","cat":"step","ph":"X","ts":146326,"dur":4,"pid":1,"tid":0},
{"name":"CommitApply /Biped/Rig/Movers/hips_follow/spine_root_ctl_drives_hips_bind","cat":"step","ph":"X","ts":146330,"dur":1,"pid":1,"tid":0},
{"name":"Constraint /Biped/Rig/Movers/hips_follow/spine_root_ctl_scales_hips_bind","cat":"step","ph":"X","ts":146331,"dur":3,"pid":1,"tid":0},
{"name":"PropagateChunk /Biped/Rig/Movers/hips_follow/spine_root_ctl_scales_hips_bind","cat":"step","ph":"X","ts":146334,"dur":3,"pid":1,"tid":0},
{"name":"PropagateChunk /Biped/Rig/Movers/hips_follow/spine_root_ctl_scales_hips_bind","cat":"step","ph":"X","ts":146337,"dur":1,"pid":1,"tid":0},
{"name":"CommitApply /Biped/Rig/Movers/hips_follow/spine_root_ctl_scales_hips_bind","cat":"step","ph":"X","ts":146338,"dur":1,"pid":1,"tid":0},
{"name":"Constraint /Biped/Rig/Movers/spine_to_bind/spine_ik_spine_0_bind_scale_to_spine_0_bind","cat":"step","ph":"X","ts":146339,"dur":5,"pid":1,"tid":0},
{"name":"Constraint /Biped/Rig/Movers/spine_to_bind/spine_ik_spine_0_bind_to_spine_0_bind","cat":"step","ph":"X","ts":146344,"dur":5,"pid":1,"tid":0},
{"name":"Constraint /Biped/Rig/Movers/spine_to_bind/spine_ik_spine_1_bind_scale_to_spine_1_bind","cat":"step","ph":"X","ts":146349,"dur":5,"pid":1,"tid":0},
{"name":"Constraint /Biped/Rig/Movers/spine_to_bind/spine_ik_spine_1_bind_to_spine_1_bind","cat":"step","ph":"X","ts":146354,"dur":5,"pid":1,"tid":0},
{"name":"Constraint /Biped/Rig/Movers/spine_to_bind/spine_ik_spine_2_bind_scale_to_spine_2_bind","cat":"step","ph":"X","ts":146359,"dur":4,"pid":1,"tid":0},
{"name":"Constraint /Biped/Rig/Movers/spine_to_bind/spine_ik_spine_2_bind_to_spine_2_bind","cat":"step","ph":"X","ts":146363,"dur":5,"pid":1,"tid":0},
{"name":"Constraint /Biped/Rig/Movers/spine_to_bind/spine_ik_spine_3_bind_scale_to_spine_3_bind","cat":"step","ph":"X","ts":146368,"dur":4,"pid":1,"tid":0},
{"name":"Constraint /Biped/Rig/Movers/spine_to_bind/spine_ik_spine_3_bind_to_spine_3_bind","cat":"step","ph":"X","ts":146372,"dur":6,"pid":1,"tid":0},
{"name":"Constraint /Biped/Rig/Movers/spine_to_bind/spine_ik_spine_4_bind_scale_to_spine_4_bind","cat":"step","ph":"X","ts":146378,"dur":4,"pid":1,"tid":0},
{"name":"Constraint /Biped/Rig/Movers/spine_to_bind/spine_ik_spine_4_bind_to_spine_4_bind","cat":"step","ph":"X","ts":146382,"dur":5,"pid":1,"tid":0},
{"name":"Constraint /Biped/Rig/Movers/spine_to_bind/spine_ik_spine_5_bind_scale_to_spine_5_bind","cat":"step","ph":"X","ts":146387,"dur":4,"pid":1,"tid":0},
{"name":"Constraint /Biped/Rig/Movers/spine_to_bind/spine_ik_spine_5_bind_to_spine_5_bind","cat":"step","ph":"X","ts":146391,"dur":11,"pid":1,"tid":0},
{"name":"Constraint /Biped/Rig/Movers/spine_to_bind/spine_ik_chest_bind_scale_to_chest_bind","cat":"step","ph":"X","ts":146402,"dur":5,"pid":1,"tid":0},
{"name":"Constraint /Biped/Rig/Movers/spine_to_bind/spine_ik_chest_bind_to_chest_bind","cat":"step","ph":"X","ts":146407,"dur":5,"pid":1,"tid":0},
{"name":"Constraint /Biped/Rig/Movers/girdles/spine_end_ctl_drives_chest_bind","cat":"step","ph":"X","ts":146412,"dur":5,"pid":1,"tid":0},
{"name":"Constraint /Biped/Rig/Movers/girdles/pelvis_r_ctl_drives_pelvis_r_bind","cat":"step","ph":"X","ts":146417,"dur":1,"pid":1,"tid":0},
{"name":"Constraint /Biped/Rig/Movers/girdles/pelvis_l_ctl_drives_pelvis_l_bind","cat":"step","ph":"X","ts":146418,"dur":1,"pid":1,"tid":0},
{"name":"Constraint /Biped/Rig/Movers/girdles/clavicle_r_ctl_drives_clavicle_r_bind","cat":"step","ph":"X","ts":146419,"dur":1,"pid":1,"tid":0},
{"name":"Constraint /Biped/Rig/Movers/girdles/clavicle_l_ctl_drives_clavicle_l_bind","cat":"step","ph":"X","ts":146420,"dur":2,"pid":1,"tid":0},
{"name":"Constraint /Biped/Rig/Movers/girdles/spine_end_ctl_unsquashes_neck_base_bind","cat":"step","ph":"X","ts":146422,"dur":3,"pid":1,"tid":0},
{"name":"Constraint /Biped/Rig/Movers/girdles/clavicle_r_ctl_unsquashes_clavicle_r_bind","cat":"step","ph":"X","ts":146425,"dur":2,"pid":1,"tid":0},
{"name":"Constraint /Biped/Rig/Movers/girdles/clavicle_l_ctl_unsquashes_clavicle_l_bind","cat":"step","ph":"X","ts":146427,"dur":2,"pid":1,"tid":0},
{"name":"Constraint /Biped/Rig/Movers/neck_to_bind/neck_ik_neck_0_bind_scale_to_neck_0_bind","cat":"step","ph":"X","ts":146429,"dur":3,"pid":1,"tid":0},
{"name":"Constraint /Biped/Rig/Movers/neck_to_bind/neck_ik_neck_0_bind_to_neck_0_bind","cat":"step","ph":"X","ts":146432,"dur":4,"pid":1,"tid":0},
{"name":"Constraint /Biped/Rig/Movers/neck_to_bind/neck_ik_neck_1_bind_scale_to_neck_1_bind","cat":"step","ph":"X","ts":146436,"dur":3,"pid":1,"tid":0},
{"name":"Constraint /Biped/Rig/Movers/neck_to_bind/neck_ik_neck_1_bind_to_neck_1_bind","cat":"step","ph":"X","ts":146439,"dur":4,"pid":1,"tid":0},
{"name":"Constraint /Biped/Rig/Movers/neck_to_bind/neck_ik_neck_2_bind_scale_to_neck_2_bind","cat":"step","ph":"X","ts":146443,"dur":2,"pid":1,"tid":0},
{"name":"Constraint /Biped/Rig/Movers/neck_to_bind/neck_ik_neck_2_bind_to_neck_2_bind","cat":"step","ph":"X","ts":146445,"dur":4,"pid":1,"tid":0},
{"name":"Constraint /Biped/Rig/Movers/neck_to_bind/neck_ik_neck_3_bind_scale_to_neck_3_bind","cat":"step","ph":"X","ts":146449,"dur":3,"pid":1,"tid":0},
{"name":"Constraint /Biped/Rig/Movers/neck_to_bind/neck_ik_neck_3_bind_to_neck_3_bind","cat":"step","ph":"X","ts":146452,"dur":3,"pid":1,"tid":0},
{"name":"Constraint /Biped/Rig/Movers/neck_to_bind/neck_ik_skull_bind_scale_to_skull_bind","cat":"step","ph":"X","ts":146455,"dur":3,"pid":1,"tid":0},
{"name":"Constraint /Biped/Rig/Movers/neck_to_bind/neck_ik_skull_bind_to_skull_bind","cat":"step","ph":"X","ts":146458,"dur":4,"pid":1,"tid":0},
{"name":"Constraint /Biped/Rig/Movers/twist_aims/wristTwist_r_bind_copy","cat":"step","ph":"X","ts":146462,"dur":3,"pid":1,"tid":0},
{"name":"Constraint /Biped/Rig/Movers/twist_aims/wristTwist_r_bind_aim","cat":"step","ph":"X","ts":146465,"dur":2,"pid":1,"tid":0},
{"name":"Constraint /Biped/Rig/Movers/twist_aims/wristTwist_l_bind_copy","cat":"step","ph":"X","ts":146467,"dur":2,"pid":1,"tid":0},
{"name":"Constraint /Biped/Rig/Movers/twist_aims/wristTwist_l_bind_aim","cat":"step","ph":"X","ts":146469,"dur":1,"pid":1,"tid":0},
{"name":"Constraint /Biped/Rig/Movers/twist_aims/ankleTwist_r_bind_copy","cat":"step","ph":"X","ts":146470,"dur":2,"pid":1,"tid":0},
{"name":"Constraint /Biped/Rig/Movers/twist_aims/ankleTwist_r_bind_aim","cat":"step","ph":"X","ts":146472,"dur":2,"pid":1,"tid":0},
{"name":"Constraint /Biped/Rig/Movers/twist_aims/ankleTwist_l_bind_copy","cat":"step","ph":"X","ts":146474,"dur":2,"pid":1,"tid":0},
{"name":"Constraint /Biped/Rig/Movers/twist_aims/ankleTwist_l_bind_aim","cat":"step","ph":"X","ts":146476,"dur":2,"pid":1,"tid":0},
{"name":"Constraint /Biped/Rig/Movers/twist_aims/ankleTwist_r_bind_follows_ankle_r_bind","cat":"step","ph":"X","ts":146478,"dur":1,"pid":1,"tid":0},
{"name":"Constraint /Biped/Rig/Movers/twist_aims/wristTwist_r_bind_follows_wrist_r_bind","cat":"step","ph":"X","ts":146479,"dur":1,"pid":1,"tid":0},
{"name":"Constraint /Biped/Rig/Movers/twist_aims/thighNoTwist_r_bind_follows_thigh_r_bind","cat":"step","ph":"X","ts":146480,"dur":1,"pid":1,"tid":0},
{"name":"Constraint /Biped/Rig/Movers/twist_aims/shoulderNoTwist_r_bind_follows_shoulder_r_bind","cat":"step","ph":"X","ts":146481,"dur":1,"pid":1,"tid":0},
{"name":"Constraint /Biped/Rig/Movers/twist_aims/shoulderNoTwist_l_bind_follows_shoulder_l_bind","cat":"step","ph":"X","ts":146482,"dur":1,"pid":1,"tid":0},
{"name":"Constraint /Biped/Rig/Movers/twist_aims/pelvis_trans_l_bind_follows_thigh_l_bind","cat":"step","ph":"X","ts":146483,"dur":1,"pid":1,"tid":0},
{"name":"Constraint /Biped/Rig/Movers/twist_aims/clavicle_trans_l_bind_follows_shoulder_l_bind","cat":"step","ph":"X","ts":146484,"dur":1,"pid":1,"tid":0},
{"name":"Constraint /Biped/Rig/Movers/twist_aims/pelvis_trans_r_bind_aim","cat":"step","ph":"X","ts":146485,"dur":2,"pid":1,"tid":0},
{"name":"Constraint /Biped/Rig/Movers/twist_aims/pelvis_trans_l_bind_aim","cat":"step","ph":"X","ts":146487,"dur":2,"pid":1,"tid":0},
{"name":"Constraint /Biped/Rig/Movers/twist_aims/kneeTwist_r_bind_aim","cat":"step","ph":"X","ts":146489,"dur":2,"pid":1,"tid":0},
{"name":"Constraint /Biped/Rig/Movers/twist_aims/kneeTwist_l_bind_aim","cat":"step","ph":"X","ts":146491,"dur":2,"pid":1,"tid":0},
{"name":"Constraint /Biped/Rig/Movers/twist_aims/thighNoTwist_r_bind_aim","cat":"step","ph":"X","ts":146493,"dur":1,"pid":1,"tid":0},
{"name":"Constraint /Biped/Rig/Movers/twist_aims/thighNoTwist_l_bind_aim","cat":"step","ph":"X","ts":146494,"dur":2,"pid":1,"tid":0},
{"name":"Constraint /Biped/Rig/Movers/twist_aims/clavicle_trans_r_bind_aim","cat":"step","ph":"X","ts":146496,"dur":2,"pid":1,"tid":0},
{"name":"Constraint /Biped/Rig/Movers/twist_aims/clavicle_trans_l_bind_aim","cat":"step","ph":"X","ts":146498,"dur":1,"pid":1,"tid":0},
{"name":"Constraint /Biped/Rig/Movers/twist_aims/elbowTwist_r_bind_aim","cat":"step","ph":"X","ts":146499,"dur":2,"pid":1,"tid":0},
{"name":"Constraint /Biped/Rig/Movers/twist_aims/elbowTwist_l_bind_aim","cat":"step","ph":"X","ts":146501,"dur":2,"pid":1,"tid":0},
{"name":"Constraint /Biped/Rig/Movers/twist_aims/shoulderNoTwist_r_bind_aim","cat":"step","ph":"X","ts":146503,"dur":2,"pid":1,"tid":0},
{"name":"Constraint /Biped/Rig/Movers/twist_aims/shoulderNoTwist_l_bind_aim","cat":"step","ph":"X","ts":146505,"dur":2,"pid":1,"tid":0},
{"name":"Constraint /Biped/Rig/Movers/pose_drivers/thigh_r_driver_copies_thigh_r_bind","cat":"step","ph":"X","ts":146507,"dur":2,"pid":1,"tid":0},
{"name":"Constraint /Biped/Rig/Movers/pose_drivers/thigh_l_driver_copies_thigh_l_bind","cat":"step","ph":"X","ts":146509,"dur":2,"pid":1,"tid":0},
{"name":"Constraint /Biped/Rig/Movers/pose_drivers/thigh_r_twist_driver_copies_thighNoTwist_r_bind","cat":"step","ph":"X","ts":146511,"dur":2,"pid":1,"tid":0},
{"name":"Constraint /Biped/Rig/Movers/pose_drivers/thigh_l_twist_driver_copies_thighNoTwist_l_bind","cat":"step","ph":"X","ts":146513,"dur":2,"pid":1,"tid":0},
{"name":"Constraint /Biped/Rig/Movers/pose_drivers/ankleTwist_r_driver_copies_ankleTwist_r_bind","cat":"step","ph":"X","ts":146515,"dur":2,"pid":1,"tid":0},
{"name":"Constraint /Biped/Rig/Movers/pose_drivers/ankleTwist_l_driver_copies_ankleTwist_l_bind","cat":"step","ph":"X","ts":146517,"dur":2,"pid":1,"tid":0},
{"name":"Constraint /Biped/Rig/Movers/pose_drivers/toe_r_driver_copies_ball_r_bind","cat":"step","ph":"X","ts":146519,"dur":2,"pid":1,"tid":0},
{"name":"Constraint /Biped/Rig/Movers/pose_drivers/toe_l_driver_copies_ball_l_bind","cat":"step","ph":"X","ts":146521,"dur":2,"pid":1,"tid":0},
{"name":"Constraint /Biped/Rig/Movers/pose_drivers/knee_r_driver_copies_knee_r_bind","cat":"step","ph":"X","ts":146523,"dur":2,"pid":1,"tid":0},
{"name":"Constraint /Biped/Rig/Movers/pose_drivers/knee_l_driver_copies_knee_l_bind","cat":"step","ph":"X","ts":146525,"dur":3,"pid":1,"tid":0},
{"name":"Constraint /Biped/Rig/Movers/pose_drivers/ankleSwing_r_driver_copies_ankle_r_bind","cat":"step","ph":"X","ts":146528,"dur":2,"pid":1,"tid":0},
{"name":"Constraint /Biped/Rig/Movers/pose_drivers/ankleSwing_l_driver_copies_ankle_l_bind","cat":"step","ph":"X","ts":146530,"dur":2,"pid":1,"tid":0},
{"name":"Constraint /Biped/Rig/Movers/pose_drivers/shoulder_r_driver_copies_shoulder_r_bind","cat":"step","ph":"X","ts":146532,"dur":3,"pid":1,"tid":0},
{"name":"Constraint /Biped/Rig/Movers/pose_drivers/shoulder_l_driver_copies_shoulder_l_bind","cat":"step","ph":"X","ts":146535,"dur":2,"pid":1,"tid":0},
{"name":"Constraint /Biped/Rig/Movers/pose_drivers/wristTwist_r_driver_copies_wristTwist_r_bind","cat":"step","ph":"X","ts":146537,"dur":2,"pid":1,"tid":0},
{"name":"Constraint /Biped/Rig/Movers/pose_drivers/wristTwist_l_driver_copies_wristTwist_l_bind","cat":"step","ph":"X","ts":146539,"dur":3,"pid":1,"tid":0},
{"name":"Constraint /Biped/Rig/Movers/pose_drivers/shoulder_r_twist_driver_copies_shoulderNoTwist_r_bind","cat":"step","ph":"X","ts":146542,"dur":2,"pid":1,"tid":0},
{"name":"Constraint /Biped/Rig/Movers/pose_drivers/shoulder_l_twist_driver_copies_shoulderNoTwist_l_bind","cat":"step","ph":"X","ts":146544,"dur":2,"pid":1,"tid":0},
{"name":"Constraint /Biped/Rig/Movers/pose_drivers/wristSwing_r_driver_copies_wrist_r_bind","cat":"step","ph":"X","ts":146546,"dur":3,"pid":1,"tid":0},
{"name":"Constraint /Biped/Rig/Movers/pose_drivers/wristSwing_l_driver_copies_wrist_l_bind","cat":"step","ph":"X","ts":146549,"dur":2,"pid":1,"tid":0},
{"name":"Constraint /Biped/Rig/Movers/pose_drivers/elbow_r_driver_copies_elbow_r_bind","cat":"step","ph":"X","ts":146551,"dur":2,"pid":1,"tid":0},
{"name":"Constraint /Biped/Rig/Movers/pose_drivers/elbow_l_driver_copies_elbow_l_bind","cat":"step","ph":"X","ts":146553,"dur":2,"pid":1,"tid":0},
{"name":"Constraint /Biped/Rig/Movers/param_follow/leg_r_params_to_ankle_r_bind","cat":"step","ph":"X","ts":146555,"dur":2,"pid":1,"tid":0},
{"name":"Constraint /Biped/Rig/Movers/param_follow/leg_l_params_to_ankle_l_bind","cat":"step","ph":"X","ts":146557,"dur":2,"pid":1,"tid":0},
{"name":"Constraint /Biped/Rig/Movers/param_follow/arm_r_params_to_wrist_r_bind","cat":"step","ph":"X","ts":146559,"dur":2,"pid":1,"tid":0},
{"name":"Constraint /Biped/Rig/Movers/param_follow/arm_l_params_to_wrist_l_bind","cat":"step","ph":"X","ts":146561,"dur":2,"pid":1,"tid":0},
{"name":"ProviderMatrix /Biped/Rig/Controls/leg_l_ik/ankle_l_pivot/bankIn_l_pivot/bankOut_l_pivot final","cat":"step","ph":"X","ts":146563,"dur":1,"pid":1,"tid":0},
{"name":"ProviderMatrix /Biped/Rig/Controls/leg_r_ik/ankle_r_pivot/bankIn_r_pivot/bankOut_r_pivot/heel_r_roll/heel_r/ball_r_pivot final","cat":"step","ph":"X","ts":146564,"dur":1,"pid":1,"tid":0},
{"name":"ProviderMatrix /Biped/Rig/Joints/ankle_l_pivot/bankIn_l_pivot/bankOut_l_pivot/heel_l_pivot/ball_l_pivot/toe_l_pivot final","cat":"step","ph":"X","ts":146565,"dur":1,"pid":1,"tid":0},
{"name":"ProviderMatrix /Biped/Rig/Joints/hips_bind final","cat":"step","ph":"X","ts":146566,"dur":1,"pid":1,"tid":0},
{"name":"ProviderMatrix /Biped/Rig/Joints/hips_bind/pelvis_l_bind/thigh_l_bind/knee_l_bind/ankleTwist_l_bind/ankleSwing_l_driver final","cat":"step","ph":"X","ts":146567,"dur":1,"pid":1,"tid":0},
{"name":"ProviderMatrix /Biped/Rig/Joints/hips_bind/pelvis_l_bind/thigh_l_bind/knee_l_bind/ankle_l_bind/ball_l_bind/toe2_001_l_bind/toe2_002_l_bind/toe2_003_l_bind/toe2_004_l_bind final","cat":"step","ph":"X","ts":146568,"dur":1,"pid":1,"tid":0},
{"name":"ProviderMatrix /Biped/Rig/Joints/hips_bind/pelvis_l_bind/thigh_l_bind/knee_l_bind/ankle_l_bind/ball_l_bind/toe5_001_l_bind/toe5_002_l_bind/toe5_003_l_bind final","cat":"step","ph":"X","ts":146569,"dur":1,"pid":1,"tid":0},
{"name":"ProviderMatrix /Biped/Rig/Joints/hips_bind/pelvis_r_bind/thigh_combo_r_driver final","cat":"step","ph":"X","ts":146570,"dur":1,"pid":1,"tid":0},
{"name":"ProviderMatrix /Biped/Rig/Joints/hips_bind/pelvis_r_bind/thigh_r_bind/knee_r_bind/ankle_r_bind/ball_r_bind/toe1_001_r_bind/toe1_002_r_bind/toe1_003_r_bind/toe1_004_r_bind final","cat":"step","ph":"X","ts":146571,"dur":1,"pid":1,"tid":0},
{"name":"ProviderMatrix /Biped/Rig/Joints/hips_bind/pelvis_r_bind/thigh_r_bind/knee_r_bind/ankle_r_bind/ball_r_bind/toe4_001_r_bind/toe4_002_r_bind/toe4_003_r_bind final","cat":"step","ph":"X","ts":146572,"dur":1,"pid":1,"tid":0},
{"name":"ProviderMatrix /Biped/Rig/Joints/hips_bind/spine_0_bind/spine_1_bind final","cat":"step","ph":"X","ts":146573,"dur":1,"pid":1,"tid":0},
{"name":"ProviderMatrix /Biped/Rig/Joints/hips_bind/spine_0_bind/spine_1_bind/spine_2_bind/spine_3_bind/spine_4_bind/spine_5_bind/chest_bind/clavicle_l_bind/shoulderNoTwist_l_bind final","cat":"step","ph":"X","ts":146574,"dur":1,"pid":1,"tid":0},
{"name":"ProviderMatrix /Biped/Rig/Joints/hips_bind/spine_0_bind/spine_1_bind/spine_2_bind/spine_3_bind/spine_4_bind/spine_5_bind/chest_bind/clavicle_l_bind/shoulder_l_bind/elbow_l_bind/wrist_l_bind/index_001_l_bind/index_002_l_bind final","cat":"step","ph":"X","ts":146575,"dur":1,"pid":1,"tid":0},
{"name":"ProviderMatrix /Biped/Rig/Joints/hips_bind/spine_0_bind/spine_1_bind/spine_2_bind/spine_3_bind/spine_4_bind/spine_5_bind/chest_bind/clavicle_l_bind/shoulder_l_bind/elbow_l_bind/wrist_l_bind/pinkyCup_l_bind/pinky_001_l_bind final","cat":"step","ph":"X","ts":146576,"dur":1,"pid":1,"tid":0},
{"name":"ProviderMatrix /Biped/Rig/Joints/hips_bind/spine_0_bind/spine_1_bind/spine_2_bind/spine_3_bind/spine_4_bind/spine_5_bind/chest_bind/clavicle_l_bind/shoulder_l_bind/elbow_l_bind/wrist_l_bind/ring_001_l_bind/ring_002_l_bind/ring_003_l_bind/ring_004_l_bind/ring_005_l_bind final","cat":"step","ph":"X","ts":146577,"dur":1,"pid":1,"tid":0},
{"name":"ProviderMatrix /Biped/Rig/Joints/hips_bind/spine_0_bind/spine_1_bind/spine_2_bind/spine_3_bind/spine_4_bind/spine_5_bind/chest_bind/clavicle_r_bind/shoulderNoTwist_r_bind final","cat":"step","ph":"X","ts":146578,"dur":1,"pid":1,"tid":0},
{"name":"ProviderMatrix /Biped/Rig/Joints/hips_bind/spine_0_bind/spine_1_bind/spine_2_bind/spine_3_bind/spine_4_bind/spine_5_bind/chest_bind/clavicle_r_bind/shoulder_r_bind/elbow_r_bind/wrist_r_bind/index_001_r_bind/index_002_r_bind final","cat":"step","ph":"X","ts":146579,"dur":1,"pid":1,"tid":0},
{"name":"ProviderMatrix /Biped/Rig/Joints/hips_bind/spine_0_bind/spine_1_bind/spine_2_bind/spine_3_bind/spine_4_bind/spine_5_bind/chest_bind/clavicle_r_bind/shoulder_r_bind/elbow_r_bind/wrist_r_bind/pinkyCup_r_bind final","cat":"step","ph":"X","ts":146580,"dur":1,"pid":1,"tid":0},
{"name":"ProviderMatrix /Biped/Rig/Joints/hips_bind/spine_0_bind/spine_1_bind/spine_2_bind/spine_3_bind/spine_4_bind/spine_5_bind/chest_bind/clavicle_r_bind/shoulder_r_bind/elbow_r_bind/wrist_r_bind/ring_001_r_bind/ring_002_r_bind/ring_003_r_bind/ring_004_r_bind/ring_005_r_bind final","cat":"step","ph":"X","ts":146581,"dur":1,"pid":1,"tid":0},
{"name":"ProviderMatrix /Biped/Rig/Joints/hips_bind/spine_0_bind/spine_1_bind/spine_2_bind/spine_3_bind/spine_4_bind/spine_5_bind/chest_bind/neck_base_bind/neck_0_bind/neck_1_bind/neck_2_bind/neck_3_bind/skull_bind final","cat":"step","ph":"X","ts":146582,"dur":1,"pid":1,"tid":0},
{"name":"ProviderMatrix /Biped/Rig/Joints/hips_bind/spine_0_bind/spine_1_bind/spine_2_bind/spine_3_bind/spine_4_bind/spine_5_bind/chest_bind/neck_base_bind/neck_0_bind/neck_1_bind/neck_2_bind/neck_3_bind/skull_bind/face_lower_bind/jaw_bind/tongue_0_bind/tongue_1_bind final","cat":"step","ph":"X","ts":146583,"dur":1,"pid":1,"tid":0},
{"name":"ProviderMatrix /Biped/Rig/Joints/hips_bind/spine_0_bind/spine_1_bind/spine_2_bind/spine_3_bind/spine_4_bind/spine_5_bind/chest_bind/neck_base_bind/neck_0_bind/neck_1_bind/neck_2_bind/neck_3_bind/skull_bind/face_upper_bind/head_tip_bind/brow_main_l_bind final","cat":"step","ph":"X","ts":146584,"dur":1,"pid":1,"tid":0},
{"name":"ProviderMatrix /Biped/Rig/Joints/spine_ik_spine_0_bind final","cat":"step","ph":"X","ts":146585,"dur":1,"pid":1,"tid":0},
{"name":"InfluenceFold /Biped/Rig/Movers/skin_body_geo/body_geo_skin","cat":"step","ph":"X","ts":146586,"dur":32,"pid":1,"tid":0},
{"name":"RevisionChunk /Biped/Rig/Movers/skin_body_geo/body_geo_skin","cat":"step","ph":"X","ts":146618,"dur":484,"pid":1,"tid":0},
{"name":"RevisionFuse /Biped/Rig/Movers/skin_body_geo/body_geo_skin","cat":"step","ph":"X","ts":147102,"dur":3,"pid":1,"tid":0},
{"name":"ChainStatus /Biped/Geom/body_geo.points","cat":"step","ph":"X","ts":147105,"dur":72,"pid":1,"tid":0},
{"name":"Derived /Biped/Geom/body_geo.extent","cat":"step","ph":"X","ts":147177,"dur":453,"pid":1,"tid":0},
{"name":"BakedPublish","cat":"baked","ph":"X","ts":147728,"dur":67,"pid":1,"tid":0},
{"name":"BakedEpilogue","cat":"baked","ph":"X","ts":147631,"dur":174,"pid":1,"tid":0},
{"name":"Baked","cat":"baked","ph":"X","ts":143541,"dur":4265,"pid":1,"tid":0},
{"name":"Evaluate.Run","cat":"evaluate","ph":"X","ts":143539,"dur":4267,"pid":1,"tid":0},
{"name":"Evaluate@1","cat":"evaluate","ph":"X","ts":143534,"dur":4275,"pid":1,"tid":0},
{"name":"Evaluate.Settle","cat":"evaluate","ph":"X","ts":147942,"dur":0,"pid":1,"tid":0},
{"name":"Evaluate.PlaceOverrides","cat":"evaluate","ph":"X","ts":147943,"dur":0,"pid":1,"tid":0},
{"name":"PropertyChains","cat":"property","ph":"X","ts":147945,"dur":8,"pid":1,"tid":0},
{"name":"BakedInputs","cat":"baked","ph":"X","ts":147990,"dur":8,"pid":1,"tid":0},
{"name":"BakedChainBase","cat":"geometry","ph":"X","ts":148131,"dur":2,"pid":1,"tid":0},
{"name":"BakedPrologue","cat":"baked","ph":"X","ts":147944,"dur":189,"pid":1,"tid":0},
{"name":"BakedRegion","cat":"baked","ph":"X","ts":148134,"dur":1053,"pid":1,"tid":0},
{"name":"ComposeSubtree /Biped/Rig/Controls/arm_l_ik","cat":"step","ph":"X","ts":148172,"dur":2,"pid":1,"tid":0},
{"name":"ComposeSubtree /Biped/Rig/Controls/arm_r_params","cat":"step","ph":"X","ts":148174,"dur":1,"pid":1,"tid":0},
{"name":"ComposeSubtree /Biped/Rig/Controls/hips_ctl/spine_root_pivot/spine_root_ctl","cat":"step","ph":"X","ts":148175,"dur":1,"pid":1,"tid":0},
{"name":"ComposeSubtree /Biped/Rig/Controls/hips_ctl/spine_root_pivot/spine_root_ctl/pelvis_r_ctl","cat":"step","ph":"X","ts":148176,"dur":1,"pid":1,"tid":0},
{"name":"ComposeSubtree /Biped/Rig/Controls/hips_ctl/torso_ctl/spine_end_pivot/spine_end_ctl","cat":"step","ph":"X","ts":148177,"dur":1,"pid":1,"tid":0},
{"name":"ComposeSubtree /Biped/Rig/Controls/hips_ctl/torso_ctl/spine_end_pivot/spine_end_ctl/clavicle_r_ctl/arm_r_root/arm_r_fk_shoulder_r_bind","cat":"step","ph":"X","ts":148178,"dur":1,"pid":1,"tid":0},
{"name":"ComposeSubtree /Biped/Rig/Controls/index_001_l_bind_fk_follow","cat":"step","ph":"X","ts":148179,"dur":1,"pid":1,"tid":0},
{"name":"ComposeSubtree /Biped/Rig/Controls/index_001_r_bind_fk_follow/index_001_r_bind_fk/index_002_r_bind_fk/index_003_r_bind_fk","cat":"step","ph":"X","ts":148180,"dur":1,"pid":1,"tid":0},
{"name":"ComposeSubtree /Biped/Rig/Controls/leg_l_ik/ankle_l_pivot/bankIn_l_pivot/bankOut_l_pivot/heel_l_roll/heel_l/ball_l_pivot","cat":"step","ph":"X","ts":148181,"dur":1,"pid":1,"tid":0},
{"name":"ComposeSubtree /Biped/Rig/Controls/leg_l_ik/ankle_l_pivot/bankIn_l_pivot/bankOut_l_pivot/heel_l_roll/heel_l/ball_l_pivot/toe_l_roll/toe_l/ballRoll_l_up/ballRoll_l_down_twin","cat":"step","ph":"X","ts":148182,"dur":1,"pid":1,"tid":0},
{"name":"ComposeSubtree /Biped/Rig/Controls/leg_l_ik/ankle_l_pivot/bankIn_l_pivot/bankOut_l_pivot_twin","cat":"step","ph":"X","ts":148183,"dur":1,"pid":1,"tid":0},
{"name":"ComposeSubtree /Biped/Rig/Controls/leg_r_ik/ankle_r_pivot/bankIn_r_pivot/bankOut_r_pivot","cat":"step","ph":"X","ts":148184,"dur":1,"pid":1,"tid":0},
{"name":"ComposeSubtree /Biped/Rig/Controls/leg_r_ik/ankle_r_pivot/bankIn_r_pivot/bankOut_r_pivot/heel_r_roll/heel_r/ball_r_pivot/toe_r_roll/toe_r/ballRoll_r_up/ballRoll_r_down/ballRoll_r","cat":"step","ph":"X","ts":148185,"dur":1,"pid":1,"tid":0},
{"name":"ComposeSubtree /Biped/Rig/Controls/leg_r_ik/ankle_r_pivot/bankIn_r_pivot/bankOut_r_pivot/heel_r_roll/heel_r/ball_r_pivot/toe_r_roll/toe_r/toeBend_r/toeBend_r_fk","cat":"step","ph":"X","ts":148186,"dur":1,"pid":1,"tid":0},
{"name":"ComposeSubtree /Biped/Rig/Controls/leg_r_pv","cat":"step","ph":"X","ts":148187,"dur":1,"pid":1,"tid":0},
{"name":"ComposeSubtree /Biped/Rig/Controls/middle_001_r_bind_fk_follow/middle_001_r_bind_fk/middle_002_r_bind_fk","cat":"step","ph":"X","ts":148188,"dur":1,"pid":1,"tid":0},
{"name":"ComposeSubtree /Biped/Rig/Controls/pinkyCup_l_bind_fk_follow/pinkyCup_l_bind_fk/pinky_001_l_bind_fk/pinky_002_l_bind_fk/pinky_003_l_bind_fk","cat":"step","ph":"X","ts":148189,"dur":1,"pid":1,"tid":0},
{"name":"ComposeSubtree /Biped/Rig/Controls/ring_001_l_bind_fk_follow","cat":"step","ph":"X","ts":148190,"dur":1,"pid":1,"tid":0},
{"name":"ComposeSubtree /Biped/Rig/Controls/ring_001_r_bind_fk_follow/ring_001_r_bind_fk/ring_002_r_bind_fk/ring_003_r_bind_fk","cat":"step","ph":"X","ts":148191,"dur":1,"pid":1,"tid":0},
{"name":"ComposeSubtree /Biped/Rig/Controls/thumbCup_l_bind_fk_follow/thumbCup_l_bind_fk/thumb_001_l_bind_fk/thumb_002_l_bind_fk","cat":"step","ph":"X","ts":148192,"dur":1,"pid":1,"tid":0},
{"name":"ComposeSubtree /Biped/Rig/Joints/ankle_l_pivot","cat":"step","ph":"X","ts":148193,"dur":1,"pid":1,"tid":0},
{"name":"ComposeSubtree /Biped/Rig/Joints/ankle_r_pivot","cat":"step","ph":"X","ts":148194,"dur":1,"pid":1,"tid":0},
{"name":"ComposeSubtree /Biped/Rig/Joints/hips_bind","cat":"step","ph":"X","ts":148195,"dur":1,"pid":1,"tid":0},
{"name":"ComposeSubtree /Biped/Rig/Joints/hips_bind/pelvis_l_bind/thigh_l_bind","cat":"step","ph":"X","ts":148196,"dur":1,"pid":1,"tid":0},
{"name":"ComposeSubtree /Biped/Rig/Joints/hips_bind/pelvis_l_bind/thigh_l_bind/knee_l_bind/ankle_l_bind/ball_l_bind/toe1_001_l_bind/toe1_002_l_bind","cat":"step","ph":"X","ts":148197,"dur":1,"pid":1,"tid":0},
{"name":"ComposeSubtree /Biped/Rig/Joints/hips_bind/pelvis_l_bind/thigh_l_bind/knee_l_bind/ankle_l_bind/ball_l_bind/toe3_001_l_bind","cat":"step","ph":"X","ts":148198,"dur":1,"pid":1,"tid":0},
{"name":"ComposeSubtree /Biped/Rig/Joints/hips_bind/pelvis_l_bind/thigh_l_bind/knee_l_bind/ankle_l_bind/ball_l_bind/toe5_001_l_bind","cat":"step","ph":"X","ts":148199,"dur":1,"pid":1,"tid":0},
{"name":"ComposeSubtree /Biped/Rig/Joints/hips_bind/pelvis_r_bind","cat":"step","ph":"X","ts":148200,"dur":1,"pid":1,"tid":0},
{"name":"ComposeSubtree /Biped/Rig/Joints/hips_bind/pelvis_r_bind/thigh_r_bind/knee_r_bind/ankleTwist_r_bind","cat":"step","ph":"X","ts":148201,"dur":1,"pid":1,"tid":0},
{"name":"ComposeSubtree /Biped/Rig/Joints/hips_bind/pelvis_r_bind/thigh_r_bind/knee_r_bind/ankle_r_bind/ball_r_bind/toe1_001_r_bind/toe1_002_r_bind/toe1_003_r_bind","cat":"step","ph":"X","ts":148202,"dur":1,"pid":1,"tid":0},
{"name":"ComposeSubtree /Biped/Rig/Joints/hips_bind/pelvis_r_bind/thigh_r_bind/knee_r_bind/ankle_r_bind/ball_r_bind/toe3_001_r_bind/toe3_002_r_bind/toe3_003_r_bind","cat":"step","ph":"X","ts":148203,"dur":1,"pid":1,"tid":0},
{"name":"ComposeSubtree /Biped/Rig/Joints/hips_bind/pelvis_r_bind/thigh_r_bind/knee_r_bind/ankle_r_bind/ball_r_bind/toe5_001_r_bind/toe5_002_r_bind/toe5_003_r_bind","cat":"step","ph":"X","ts":148204,"dur":1,"pid":1,"tid":0},
{"name":"ComposeSubtree /Biped/Rig/Joints/hips_bind/spine_0_bind/spine_1_bind/spine_2_bind/spine_3_bind/spine_4_bind","cat":"step","ph":"X","ts":148205,"dur":1,"pid":1,"tid":0},
{"name":"ComposeSubtree /Biped/Rig/Joints/hips_bind/spine_0_bind/spine_1_bind/spine_2_bind/spine_3_bind/spine_4_bind/spine_5_bind/chest_bind/clavicle_l_bind/shoulderNoTwist_l_bind","cat":"step","ph":"X","ts":148206,"dur":1,"pid":1,"tid":0},
{"name":"ComposeSubtree /Biped/Rig/Joints/hips_bind/spine_0_bind/spine_1_bind/spine_2_bind/spine_3_bind/spine_4_bind/spine_5_bind/chest_bind/clavicle_l_bind/shoulder_l_bind/elbow_l_bind/wristTwist_l_driver","cat":"step","ph":"X","ts":148207,"dur":1,"pid":1,"tid":0},
{"name":"ComposeSubtree /Biped/Rig/Joints/hips_bind/spine_0_bind/spine_1_bind/spine_2_bind/spine_3_bind/spine_4_bind/spine_5_bind/chest_bind/clavicle_l_bind/shoulder_l_bind/elbow_l_bind/wrist_l_bind/middle_001_l_bind","cat":"step","ph":"X","ts":148208,"dur":1,"pid":1,"tid":0},
{"name":"ComposeSubtree /Biped/Rig/Joints/hips_bind/spine_0_bind/spine_1_bind/spine_2_bind/spine_3_bind/spine_4_bind/spine_5_bind/chest_bind/clavicle_l_bind/shoulder_l_bind/elbow_l_bind/wrist_l_bind/pinkyCup_l_bind/pinky_001_l_bind/pinky_002_combo_l_driver","cat":"step","ph":"X","ts":148209,"dur":1,"pid":1,"tid":0},
{"name":"ComposeSubtree /Biped/Rig/Joints/hips_bind/spine_0_bind/spine_1_bind/spine_2_bind/spine_3_bind/spine_4_bind/spine_5_bind/chest_bind/clavicle_l_bind/shoulder_l_bind/elbow_l_bind/wrist_l_bind/ring_001_l_bind/ring_002_l_bind/ring_003_l_bind/ring_004_l_bind","cat":"step","ph":"X","ts":148210,"dur":1,"pid":1,"tid":0},
{"name":"ComposeSubtree /Biped/Rig/Joints/hips_bind/spine_0_bind/spine_1_bind/spine_2_bind/spine_3_bind/spine_4_bind/spine_5_bind/chest_bind/clavicle_r_bind","cat":"step","ph":"X","ts":148211,"dur":1,"pid":1,"tid":0},
{"name":"ComposeSubtree /Biped/Rig/Joints/hips_bind/spine_0_bind/spine_1_bind/spine_2_bind/spine_3_bind/spine_4_bind/spine_5_bind/chest_bind/clavicle_r_bind/shoulder_r_bind/elbow_r_bind/elbowTwist_r_bind","cat":"step","ph":"X","ts":148212,"dur":1,"pid":1,"tid":0},
{"name":"ComposeSubtree /Biped/Rig/Joints/hips_bind/spine_0_bind/spine_1_bind/spine_2_bind/spine_3_bind/spine_4_bind/spine_5_bind/chest_bind/clavicle_r_bind/shoulder_r_bind/elbow_r_bind/wrist_r_bind/index_001_r_bind/index_002_r_bind","cat":"step","ph":"X","ts":148213,"dur":1,"pid":1,"tid":0},
{"name":"ComposeSubtree /Biped/Rig/Joints/hips_bind/spine_0_bind/spine_1_bind/spine_2_bind/spine_3_bind/spine_4_bind/spine_5_bind/chest_bind/clavicle_r_bind/shoulder_r_bind/elbow_r_bind/wrist_r_bind/middle_001_r_bind/middle_002_r_bind/middle_003_r_bind/middle_004_r_bind","cat":"step","ph":"X","ts":148214,"dur":1,"pid":1,"tid":0},
{"name":"ComposeSubtree /Biped/Rig/Joints/hips_bind/spine_0_bind/spine_1_bind/spine_2_bind/spine_3_bind/spine_4_bind/spine_5_bind/chest_bind/clavicle_r_bind/shoulder_r_bind/elbow_r_bind/wrist_r_bind/ring_001_r_bind","cat":"step","ph":"X","ts":148215,"dur":1,"pid":1,"tid":0},
{"name":"ComposeSubtree /Biped/Rig/Joints/hips_bind/spine_0_bind/spine_1_bind/spine_2_bind/spine_3_bind/spine_4_bind/spine_5_bind/chest_bind/clavicle_r_bind/shoulder_r_bind/elbow_r_bind/wrist_r_bind/thumbCup_r_bind/thumb_001_r_bind/thumb_002_r_bind","cat":"step","ph":"X","ts":148216,"dur":1,"pid":1,"tid":0},
{"name":"ComposeSubtree /Biped/Rig/Joints/hips_bind/spine_0_bind/spine_1_bind/spine_2_bind/spine_3_bind/spine_4_bind/spine_5_bind/chest_bind/neck_base_bind/neck_0_bind/neck_1_bind/neck_2_bind/neck_3_bind","cat":"step","ph":"X","ts":148217,"dur":1,"pid":1,"tid":0},
{"name":"ComposeSubtree /Biped/Rig/Joints/hips_bind/spine_0_bind/spine_1_bind/spine_2_bind/spine_3_bind/spine_4_bind/spine_5_bind/chest_bind/neck_base_bind/neck_0_bind/neck_1_bind/neck_2_bind/neck_3_bind/skull_bind/face_lower_bind/jaw_bind/jaw_end","cat":"step","ph":"X","ts":148218,"dur":1,"pid":1,"tid":0},
{"name":"ComposeSubtree /Biped/Rig/Joints/hips_bind/spine_0_bind/spine_1_bind/spine_2_bind/spine_3_bind/spine_4_bind/spine_5_bind/chest_bind/neck_base_bind/neck_0_bind/neck_1_bind/neck_2_bind/neck_3_bind/skull_bind/face_upper_bind/eyeSocket_l_bind","cat":"step","ph":"X","ts":148219,"dur":1,"pid":1,"tid":0},
{"name":"ComposeSubtree /Biped/Rig/Joints/hips_bind/spine_0_bind/spine_1_bind/spine_2_bind/spine_3_bind/spine_4_bind/spine_5_bind/chest_bind/neck_base_bind/neck_0_bind/neck_1_bind/neck_2_bind/neck_3_bind/skull_bind/face_upper_bind/head_tip_bind/brow_main_r_bind","cat":"step","ph":"X","ts":148220,"dur":1,"pid":1,"tid":0},
{"name":"ComposeSubtree /Biped/Rig/Joints/pupilCenter_l_pivot","cat":"step","ph":"X","ts":148221,"dur":1,"pid":1,"tid":0},
{"name":"Solve /Biped/Rig/Solvers/arm_l_fkChain","cat":"step","ph":"X","ts":148222,"dur":2,"pid":1,"tid":0},
{"name":"Solve /Biped/Rig/Solvers/arm_l_twoBoneIk","cat":"step","ph":"X","ts":148224,"dur":1,"pid":1,"tid":0},
{"name":"Solve /Biped/Rig/Solvers/arm_r_twoBoneIk","cat":"step","ph":"X","ts":148225,"dur":1,"pid":1,"tid":0},
{"name":"Solve /Biped/Rig/Solvers/leg_r_fkChain","cat":"step","ph":"X","ts":148226,"dur":1,"pid":1,"tid":0},
{"name":"Solve /Biped/Rig/Solvers/neck_splineIk","cat":"step","ph":"X","ts":148227,"dur":8,"pid":1,"tid":0},
{"name":"SolverCommit batch 6","cat":"step","ph":"X","ts":148235,"dur":1,"pid":1,"tid":0},
{"name":"Solve /Biped/Rig/Solvers/spine_splineIk","cat":"step","ph":"X","ts":148236,"dur":7,"pid":1,"tid":0},
{"name":"SolverCommit batch 7","cat":"step","ph":"X","ts":148243,"dur":1,"pid":1,"tid":0},
{"name":"Solve /Biped/Rig/Solvers/arm_r_ikfk","cat":"step","ph":"X","ts":148244,"dur":1,"pid":1,"tid":0},
{"name":"SolverCommit batch 8","cat":"step","ph":"X","ts":148245,"dur":1,"pid":1,"tid":0},
{"name":"SolverCommit batch 9","cat":"step","ph":"X","ts":148246,"dur":1,"pid":1,"tid":0},
{"name":"Constraint /Biped/Rig/Movers/spine_mid_follow/spine_mid_follow_pos","cat":"step","ph":"X","ts":148247,"dur":7,"pid":1,"tid":0},
{"name":"Solve /Biped/Rig/Solvers/fk_thumb_r","cat":"step","ph":"X","ts":148254,"dur":1,"pid":1,"tid":0},
{"name":"Solve /Biped/Rig/Solvers/fk_ring_r","cat":"step","ph":"X","ts":148255,"dur":1,"pid":1,"tid":0},
{"name":"Solve /Biped/Rig/Solvers/fk_pinky_r","cat":"step","ph":"X","ts":148256,"dur":2,"pid":1,"tid":0},
{"name":"Solve /Biped/Rig/Solvers/fk_middle_r","cat":"step","ph":"X","ts":148258,"dur":1,"pid":1,"tid":0},
{"name":"SolverCommit batch 14","cat":"step","ph":"X","ts":148259,"dur":1,"pid":1,"tid":0},
{"name":"Solve /Biped/Rig/Solvers/fk_index_r","cat":"step","ph":"X","ts":148260,"dur":1,"pid":1,"tid":0},
{"name":"Solve /Biped/Rig/Solvers/fk_thumb_l","cat":"step","ph":"X","ts":148261,"dur":1,"pid":1,"tid":0},
{"name":"SolverCommit batch 16","cat":"step","ph":"X","ts":148262,"dur":1,"pid":1,"tid":0},
{"name":"SolverCommit batch 17","cat":"step","ph":"X","ts":148263,"dur":1,"pid":1,"tid":0},
{"name":"Solve /Biped/Rig/Solvers/fk_pinky_l","cat":"step","ph":"X","ts":148264,"dur":1,"pid":1,"tid":0},
{"name":"Solve /Biped/Rig/Solvers/fk_middle_l","cat":"step","ph":"X","ts":148265,"dur":1,"pid":1,"tid":0},
{"name":"SolverCommit batch 19","cat":"step","ph":"X","ts":148266,"dur":1,"pid":1,"tid":0},
{"name":"SolverCommit batch 20","cat":"step","ph":"X","ts":148267,"dur":1,"pid":1,"tid":0},
{"name":"Constraint /Biped/Rig/Movers/spine_mid_follow/spine_mid_follow_aim","cat":"step","ph":"X","ts":148268,"dur":2,"pid":1,"tid":0},
{"name":"Constraint /Biped/Rig/Movers/hand_r_follow/thumbCup_r_bind_fk_follow_to_wrist_r_bind","cat":"step","ph":"X","ts":148270,"dur":4,"pid":1,"tid":0},
{"name":"Constraint /Biped/Rig/Movers/hand_r_follow/ring_001_r_bind_fk_follow_to_wrist_r_bind","cat":"step","ph":"X","ts":148274,"dur":3,"pid":1,"tid":0},
{"name":"Constraint /Biped/Rig/Movers/hand_r_follow/pinkyCup_r_bind_fk_follow_to_wrist_r_bind","cat":"step","ph":"X","ts":148277,"dur":2,"pid":1,"tid":0},
{"name":"Constraint /Biped/Rig/Movers/hand_r_follow/middle_001_r_bind_fk_follow_to_wrist_r_bind","cat":"step","ph":"X","ts":148279,"dur":3,"pid":1,"tid":0},
{"name":"Constraint /Biped/Rig/Movers/hand_r_follow/index_001_r_bind_fk_follow_to_wrist_r_bind","cat":"step","ph":"X","ts":148282,"dur":2,"pid":1,"tid":0},
{"name":"Constraint /Biped/Rig/Movers/hand_l_follow/thumbCup_l_bind_fk_follow_to_wrist_l_bind","cat":"step","ph":"X","ts":148284,"dur":3,"pid":1,"tid":0},
{"name":"Constraint /Biped/Rig/Movers/hand_l_follow/ring_001_l_bind_fk_follow_to_wrist_l_bind","cat":"step","ph":"X","ts":148287,"dur":2,"pid":1,"tid":0},
{"name":"Constraint /Biped/Rig/Movers/hand_l_follow/pinkyCup_l_bind_fk_follow_to_wrist_l_bind","cat":"step","ph":"X","ts":148289,"dur":3,"pid":1,"tid":0},
{"name":"Constraint /Biped/Rig/Movers/hand_l_follow/middle_001_l_bind_fk_follow_to_wrist_l_bind","cat":"step","ph":"X","ts":148292,"dur":2,"pid":1,"tid":0},
{"name":"Constraint /Biped/Rig/Movers/hand_l_follow/index_001_l_bind_fk_follow_to_wrist_l_bind","cat":"step","ph":"X","ts":148294,"dur":2,"pid":1,"tid":0},
{"name":"Constraint /Biped/Rig/Movers/bankIn_r_pivot_rc/bankIn_r_pivot_rotation","cat":"step","ph":"X","ts":148296,"dur":2,"pid":1,"tid":0},
{"name":"Constraint /Biped/Rig/Movers/heel_r_roll_rc/heel_r_roll_rotation","cat":"step","ph":"X","ts":148298,"dur":1,"pid":1,"tid":0},
{"name":"Constraint /Biped/Rig/Movers/toe_r_roll_rc/toe_r_roll_rotation","cat":"step","ph":"X","ts":148299,"dur":1,"pid":1,"tid":0},
{"name":"Constraint /Biped/Rig/Movers/ballRoll_r_down_rc/ballRoll_r_down_rotation","cat":"step","ph":"X","ts":148300,"dur":1,"pid":1,"tid":0},
{"name":"Solve /Biped/Rig/Solvers/leg_r_ikfk","cat":"step","ph":"X","ts":148301,"dur":1,"pid":1,"tid":0},
{"name":"SolverCommit batch 39","cat":"step","ph":"X","ts":148302,"dur":4,"pid":1,"tid":0},
{"name":"Constraint /Biped/Rig/Movers/ankle_r_bind_scAim/ankle_r_bind_aim","cat":"step","ph":"X","ts":148306,"dur":5,"pid":1,"tid":0},
{"name":"Constraint /Biped/Rig/Movers/ball_r_bind_scAim/ball_r_bind_aim","cat":"step","ph":"X","ts":148311,"dur":3,"pid":1,"tid":0},
{"name":"Constraint /Biped/Rig/Movers/bankIn_l_pivot_rc/bankIn_l_pivot_rotation","cat":"step","ph":"X","ts":148314,"dur":1,"pid":1,"tid":0},
{"name":"Constraint /Biped/Rig/Movers/heel_l_roll_rc/heel_l_roll_rotation","cat":"step","ph":"X","ts":148315,"dur":1,"pid":1,"tid":0},
{"name":"Constraint /Biped/Rig/Movers/ballRoll_l_up_rc/ballRoll_l_up_rotation","cat":"step","ph":"X","ts":148316,"dur":1,"pid":1,"tid":0},
{"name":"Solve /Biped/Rig/Solvers/leg_l_twoBoneIk","cat":"step","ph":"X","ts":148317,"dur":1,"pid":1,"tid":0},
{"name":"SolverCommit batch 49","cat":"step","ph":"X","ts":148318,"dur":4,"pid":1,"tid":0},
{"name":"Constraint /Biped/Rig/Movers/ankle_l_bind_scAim/ankle_l_bind_aim","cat":"step","ph":"X","ts":148322,"dur":4,"pid":1,"tid":0},
{"name":"Constraint /Biped/Rig/Movers/ball_l_bind_scAim/ball_l_bind_aim","cat":"step","ph":"X","ts":148326,"dur":4,"pid":1,"tid":0},
{"name":"Constraint /Biped/Rig/Movers/hips_follow/spine_root_ctl_drives_hips_bind","cat":"step","ph":"X","ts":148330,"dur":2,"pid":1,"tid":0},
{"name":"PropagateChunk /Biped/Rig/Movers/hips_follow/spine_root_ctl_drives_hips_bind","cat":"step","ph":"X","ts":148332,"dur":4,"pid":1,"tid":0},
{"name":"CommitApply /Biped/Rig/Movers/hips_follow/spine_root_ctl_drives_hips_bind","cat":"step","ph":"X","ts":148336,"dur":1,"pid":1,"tid":0},
{"name":"Constraint /Biped/Rig/Movers/hips_follow/spine_root_ctl_scales_hips_bind","cat":"step","ph":"X","ts":148337,"dur":2,"pid":1,"tid":0},
{"name":"PropagateChunk /Biped/Rig/Movers/hips_follow/spine_root_ctl_scales_hips_bind","cat":"step","ph":"X","ts":148339,"dur":4,"pid":1,"tid":0},
{"name":"CommitApply /Biped/Rig/Movers/hips_follow/spine_root_ctl_scales_hips_bind","cat":"step","ph":"X","ts":148343,"dur":1,"pid":1,"tid":0},
{"name":"Constraint /Biped/Rig/Movers/spine_to_bind/spine_ik_spine_0_bind_scale_to_spine_0_bind","cat":"step","ph":"X","ts":148344,"dur":5,"pid":1,"tid":0},
{"name":"Constraint /Biped/Rig/Movers/spine_to_bind/spine_ik_spine_0_bind_to_spine_0_bind","cat":"step","ph":"X","ts":148349,"dur":6,"pid":1,"tid":0},
{"name":"Constraint /Biped/Rig/Movers/spine_to_bind/spine_ik_spine_1_bind_scale_to_spine_1_bind","cat":"step","ph":"X","ts":148355,"dur":4,"pid":1,"tid":0},
{"name":"Constraint /Biped/Rig/Movers/spine_to_bind/spine_ik_spine_1_bind_to_spine_1_bind","cat":"step","ph":"X","ts":148359,"dur":6,"pid":1,"tid":0},
{"name":"Constraint /Biped/Rig/Movers/spine_to_bind/spine_ik_spine_2_bind_scale_to_spine_2_bind","cat":"step","ph":"X","ts":148365,"dur":4,"pid":1,"tid":0},
{"name":"Constraint /Biped/Rig/Movers/spine_to_bind/spine_ik_spine_2_bind_to_spine_2_bind","cat":"step","ph":"X","ts":148369,"dur":5,"pid":1,"tid":0},
{"name":"Constraint /Biped/Rig/Movers/spine_to_bind/spine_ik_spine_3_bind_scale_to_spine_3_bind","cat":"step","ph":"X","ts":148374,"dur":5,"pid":1,"tid":0},
{"name":"Constraint /Biped/Rig/Movers/spine_to_bind/spine_ik_spine_3_bind_to_spine_3_bind","cat":"step","ph":"X","ts":148379,"dur":5,"pid":1,"tid":0},
{"name":"Constraint /Biped/Rig/Movers/spine_to_bind/spine_ik_spine_4_bind_scale_to_spine_4_bind","cat":"step","ph":"X","ts":148384,"dur":4,"pid":1,"tid":0},
{"name":"Constraint /Biped/Rig/Movers/spine_to_bind/spine_ik_spine_4_bind_to_spine_4_bind","cat":"step","ph":"X","ts":148388,"dur":5,"pid":1,"tid":0},
{"name":"Constraint /Biped/Rig/Movers/spine_to_bind/spine_ik_spine_5_bind_scale_to_spine_5_bind","cat":"step","ph":"X","ts":148393,"dur":4,"pid":1,"tid":0},
{"name":"Constraint /Biped/Rig/Movers/spine_to_bind/spine_ik_spine_5_bind_to_spine_5_bind","cat":"step","ph":"X","ts":148397,"dur":4,"pid":1,"tid":0},
{"name":"Constraint /Biped/Rig/Movers/spine_to_bind/spine_ik_chest_bind_scale_to_chest_bind","cat":"step","ph":"X","ts":148401,"dur":4,"pid":1,"tid":0},
{"name":"Constraint /Biped/Rig/Movers/spine_to_bind/spine_ik_chest_bind_to_chest_bind","cat":"step","ph":"X","ts":148405,"dur":5,"pid":1,"tid":0},
{"name":"Constraint /Biped/Rig/Movers/girdles/spine_end_ctl_drives_chest_bind","cat":"step","ph":"X","ts":148410,"dur":5,"pid":1,"tid":0},
{"name":"Constraint /Biped/Rig/Movers/girdles/pelvis_r_ctl_drives_pelvis_r_bind","cat":"step","ph":"X","ts":148415,"dur":1,"pid":1,"tid":0},
{"name":"Constraint /Biped/Rig/Movers/girdles/pelvis_l_ctl_drives_pelvis_l_bind","cat":"step","ph":"X","ts":148416,"dur":1,"pid":1,"tid":0},
{"name":"Constraint /Biped/Rig/Movers/girdles/clavicle_l_ctl_drives_clavicle_l_bind","cat":"step","ph":"X","ts":148417,"dur":1,"pid":1,"tid":0},
{"name":"Constraint /Biped/Rig/Movers/girdles/spine_end_ctl_unsquashes_neck_base_bind","cat":"step","ph":"X","ts":148418,"dur":3,"pid":1,"tid":0},
{"name":"Constraint /Biped/Rig/Movers/girdles/clavicle_r_ctl_unsquashes_clavicle_r_bind","cat":"step","ph":"X","ts":148421,"dur":2,"pid":1,"tid":0},
{"name":"Constraint /Biped/Rig/Movers/girdles/clavicle_l_ctl_unsquashes_clavicle_l_bind","cat":"step","ph":"X","ts":148423,"dur":1,"pid":1,"tid":0},
{"name":"Constraint /Biped/Rig/Movers/neck_to_bind/neck_ik_neck_0_bind_scale_to_neck_0_bind","cat":"step","ph":"X","ts":148424,"dur":3,"pid":1,"tid":0},
{"name":"Constraint /Biped/Rig/Movers/neck_to_bind/neck_ik_neck_0_bind_to_neck_0_bind","cat":"step","ph":"X","ts":148427,"dur":4,"pid":1,"tid":0},
{"name":"Constraint /Biped/Rig/Movers/neck_to_bind/neck_ik_neck_1_bind_scale_to_neck_1_bind","cat":"step","ph":"X","ts":148431,"dur":3,"pid":1,"tid":0},
{"name":"Constraint /Biped/Rig/Movers/neck_to_bind/neck_ik_neck_1_bind_to_neck_1_bind","cat":"step","ph":"X","ts":148434,"dur":4,"pid":1,"tid":0},
{"name":"Constraint /Biped/Rig/Movers/neck_to_bind/neck_ik_neck_2_bind_scale_to_neck_2_bind","cat":"step","ph":"X","ts":148438,"dur":2,"pid":1,"tid":0},
{"name":"Constraint /Biped/Rig/Movers/neck_to_bind/neck_ik_neck_2_bind_to_neck_2_bind","cat":"step","ph":"X","ts":148440,"dur":4,"pid":1,"tid":0},
{"name":"Constraint /Biped/Rig/Movers/neck_to_bind/neck_ik_neck_3_bind_scale_to_neck_3_bind","cat":"step","ph":"X","ts":148444,"dur":2,"pid":1,"tid":0},
{"name":"Constraint /Biped/Rig/Movers/neck_to_bind/neck_ik_neck_3_bind_to_neck_3_bind","cat":"step","ph":"X","ts":148446,"dur":3,"pid":1,"tid":0},
{"name":"Constraint /Biped/Rig/Movers/neck_to_bind/neck_ik_skull_bind_scale_to_skull_bind","cat":"step","ph":"X","ts":148449,"dur":3,"pid":1,"tid":0},
{"name":"Constraint /Biped/Rig/Movers/neck_to_bind/neck_ik_skull_bind_to_skull_bind","cat":"step","ph":"X","ts":148452,"dur":4,"pid":1,"tid":0},
{"name":"Constraint /Biped/Rig/Movers/twist_aims/wristTwist_r_bind_copy","cat":"step","ph":"X","ts":148456,"dur":2,"pid":1,"tid":0},
{"name":"Constraint /Biped/Rig/Movers/twist_aims/wristTwist_r_bind_aim","cat":"step","ph":"X","ts":148458,"dur":2,"pid":1,"tid":0},
{"name":"Constraint /Biped/Rig/Movers/twist_aims/wristTwist_l_bind_copy","cat":"step","ph":"X","ts":148460,"dur":2,"pid":1,"tid":0},
{"name":"Constraint /Biped/Rig/Movers/twist_aims/wristTwist_l_bind_aim","cat":"step","ph":"X","ts":148462,"dur":2,"pid":1,"tid":0},
{"name":"Constraint /Biped/Rig/Movers/twist_aims/ankleTwist_r_bind_copy","cat":"step","ph":"X","ts":148464,"dur":2,"pid":1,"tid":0},
{"name":"Constraint /Biped/Rig/Movers/twist_aims/ankleTwist_r_bind_aim","cat":"step","ph":"X","ts":148466,"dur":1,"pid":1,"tid":0},
{"name":"Constraint /Biped/Rig/Movers/twist_aims/ankleTwist_l_bind_copy","cat":"step","ph":"X","ts":148467,"dur":2,"pid":1,"tid":0},
{"name":"Constraint /Biped/Rig/Movers/twist_aims/ankleTwist_l_bind_aim","cat":"step","ph":"X","ts":148469,"dur":2,"pid":1,"tid":0},
{"name":"Constraint /Biped/Rig/Movers/twist_aims/ankleTwist_l_bind_follows_ankle_l_bind","cat":"step","ph":"X","ts":148471,"dur":1,"pid":1,"tid":0},
{"name":"Constraint /Biped/Rig/Movers/twist_aims/wristTwist_r_bind_follows_wrist_r_bind","cat":"step","ph":"X","ts":148472,"dur":1,"pid":1,"tid":0},
{"name":"Constraint /Biped/Rig/Movers/twist_aims/thighNoTwist_r_bind_follows_thigh_r_bind","cat":"step","ph":"X","ts":148473,"dur":1,"pid":1,"tid":0},
{"name":"Constraint /Biped/Rig/Movers/twist_aims/shoulderNoTwist_r_bind_follows_shoulder_r_bind","cat":"step","ph":"X","ts":148474,"dur":1,"pid":1,"tid":0},
{"name":"Constraint /Biped/Rig/Movers/twist_aims/pelvis_trans_r_bind_follows_thigh_r_bind","cat":"step","ph":"X","ts":148475,"dur":1,"pid":1,"tid":0},
{"name":"Constraint /Biped/Rig/Movers/twist_aims/clavicle_trans_r_bind_follows_shoulder_r_bind","cat":"step","ph":"X","ts":148476,"dur":1,"pid":1,"tid":0},
{"name":"Constraint /Biped/Rig/Movers/twist_aims/pelvis_trans_r_bind_aim","cat":"step","ph":"X","ts":148477,"dur":2,"pid":1,"tid":0},
{"name":"Constraint /Biped/Rig/Movers/twist_aims/pelvis_trans_l_bind_aim","cat":"step","ph":"X","ts":148479,"dur":2,"pid":1,"tid":0},
{"name":"Constraint /Biped/Rig/Movers/twist_aims/kneeTwist_r_bind_aim","cat":"step","ph":"X","ts":148481,"dur":2,"pid":1,"tid":0},
{"name":"Constraint /Biped/Rig/Movers/twist_aims/kneeTwist_l_bind_aim","cat":"step","ph":"X","ts":148483,"dur":1,"pid":1,"tid":0},
{"name":"Constraint /Biped/Rig/Movers/twist_aims/thighNoTwist_r_bind_aim","cat":"step","ph":"X","ts":148484,"dur":2,"pid":1,"tid":0},
{"name":"Constraint /Biped/Rig/Movers/twist_aims/thighNoTwist_l_bind_aim","cat":"step","ph":"X","ts":148486,"dur":1,"pid":1,"tid":0},
{"name":"Constraint /Biped/Rig/Movers/twist_aims/clavicle_trans_r_bind_aim","cat":"step","ph":"X","ts":148487,"dur":2,"pid":1,"tid":0},
{"name":"Constraint /Biped/Rig/Movers/twist_aims/clavicle_trans_l_bind_aim","cat":"step","ph":"X","ts":148489,"dur":2,"pid":1,"tid":0},
{"name":"Constraint /Biped/Rig/Movers/twist_aims/elbowTwist_r_bind_aim","cat":"step","ph":"X","ts":148491,"dur":1,"pid":1,"tid":0},
{"name":"Constraint /Biped/Rig/Movers/twist_aims/elbowTwist_l_bind_aim","cat":"step","ph":"X","ts":148492,"dur":2,"pid":1,"tid":0},
{"name":"Constraint /Biped/Rig/Movers/twist_aims/shoulderNoTwist_r_bind_aim","cat":"step","ph":"X","ts":148494,"dur":2,"pid":1,"tid":0},
{"name":"Constraint /Biped/Rig/Movers/twist_aims/shoulderNoTwist_l_bind_aim","cat":"step","ph":"X","ts":148496,"dur":2,"pid":1,"tid":0},
{"name":"Constraint /Biped/Rig/Movers/pose_drivers/thigh_r_driver_copies_thigh_r_bind","cat":"step","ph":"X","ts":148498,"dur":2,"pid":1,"tid":0},
{"name":"Constraint /Biped/Rig/Movers/pose_drivers/thigh_l_driver_copies_thigh_l_bind","cat":"step","ph":"X","ts":148500,"dur":2,"pid":1,"tid":0},
{"name":"Constraint /Biped/Rig/Movers/pose_drivers/thigh_r_twist_driver_copies_thighNoTwist_r_bind","cat":"step","ph":"X","ts":148502,"dur":2,"pid":1,"tid":0},
{"name":"Constraint /Biped/Rig/Movers/pose_drivers/thigh_l_twist_driver_copies_thighNoTwist_l_bind","cat":"step","ph":"X","ts":148504,"dur":2,"pid":1,"tid":0},
{"name":"Constraint /Biped/Rig/Movers/pose_drivers/ankleTwist_r_driver_copies_ankleTwist_r_bind","cat":"step","ph":"X","ts":148506,"dur":2,"pid":1,"tid":0},
{"name":"Constraint /Biped/Rig/Movers/pose_drivers/ankleTwist_l_driver_copies_ankleTwist_l_bind","cat":"step","ph":"X","ts":148508,"dur":2,"pid":1,"tid":0},
{"name":"Constraint /Biped/Rig/Movers/pose_drivers/toe_r_driver_copies_ball_r_bind","cat":"step","ph":"X","ts":148510,"dur":2,"pid":1,"tid":0},
{"name":"Constraint /Biped/Rig/Movers/pose_drivers/toe_l_driver_copies_ball_l_bind","cat":"step","ph":"X","ts":148512,"dur":2,"pid":1,"tid":0},
{"name":"Constraint /Biped/Rig/Movers/pose_drivers/knee_r_driver_copies_knee_r_bind","cat":"step","ph":"X","ts":148514,"dur":2,"pid":1,"tid":0},
{"name":"Constraint /Biped/Rig/Movers/pose_drivers/knee_l_driver_copies_knee_l_bind","cat":"step","ph":"X","ts":148516,"dur":2,"pid":1,"tid":0},
{"name":"Constraint /Biped/Rig/Movers/pose_drivers/ankleSwing_r_driver_copies_ankle_r_bind","cat":"step","ph":"X","ts":148518,"dur":2,"pid":1,"tid":0},
{"name":"Constraint /Biped/Rig/Movers/pose_drivers/ankleSwing_l_driver_copies_ankle_l_bind","cat":"step","ph":"X","ts":148520,"dur":2,"pid":1,"tid":0},
{"name":"Constraint /Biped/Rig/Movers/pose_drivers/shoulder_r_driver_copies_shoulder_r_bind","cat":"step","ph":"X","ts":148522,"dur":2,"pid":1,"tid":0},
{"name":"Constraint /Biped/Rig/Movers/pose_drivers/shoulder_l_driver_copies_shoulder_l_bind","cat":"step","ph":"X","ts":148524,"dur":3,"pid":1,"tid":0},
{"name":"Constraint /Biped/Rig/Movers/pose_drivers/wristTwist_r_driver_copies_wristTwist_r_bind","cat":"step","ph":"X","ts":148527,"dur":2,"pid":1,"tid":0},
{"name":"Constraint /Biped/Rig/Movers/pose_drivers/wristTwist_l_driver_copies_wristTwist_l_bind","cat":"step","ph":"X","ts":148529,"dur":1,"pid":1,"tid":0},
{"name":"Constraint /Biped/Rig/Movers/pose_drivers/shoulder_r_twist_driver_copies_shoulderNoTwist_r_bind","cat":"step","ph":"X","ts":148530,"dur":3,"pid":1,"tid":0},
{"name":"Constraint /Biped/Rig/Movers/pose_drivers/shoulder_l_twist_driver_copies_shoulderNoTwist_l_bind","cat":"step","ph":"X","ts":148533,"dur":2,"pid":1,"tid":0},
{"name":"Constraint /Biped/Rig/Movers/pose_drivers/wristSwing_r_driver_copies_wrist_r_bind","cat":"step","ph":"X","ts":148535,"dur":2,"pid":1,"tid":0},
{"name":"Constraint /Biped/Rig/Movers/pose_drivers/wristSwing_l_driver_copies_wrist_l_bind","cat":"step","ph":"X","ts":148537,"dur":2,"pid":1,"tid":0},
{"name":"Constraint /Biped/Rig/Movers/pose_drivers/elbow_r_driver_copies_elbow_r_bind","cat":"step","ph":"X","ts":148539,"dur":2,"pid":1,"tid":0},
{"name":"Constraint /Biped/Rig/Movers/pose_drivers/elbow_l_driver_copies_elbow_l_bind","cat":"step","ph":"X","ts":148541,"dur":2,"pid":1,"tid":0},
{"name":"Constraint /Biped/Rig/Movers/param_follow/leg_r_params_to_ankle_r_bind","cat":"step","ph":"X","ts":148543,"dur":2,"pid":1,"tid":0},
{"name":"Constraint /Biped/Rig/Movers/param_follow/leg_l_params_to_ankle_l_bind","cat":"step","ph":"X","ts":148545,"dur":2,"pid":1,"tid":0},
{"name":"Constraint /Biped/Rig/Movers/param_follow/arm_r_params_to_wrist_r_bind","cat":"step","ph":"X","ts":148547,"dur":2,"pid":1,"tid":0},
{"name":"Constraint /Biped/Rig/Movers/param_follow/arm_l_params_to_wrist_l_bind","cat":"step","ph":"X","ts":148549,"dur":2,"pid":1,"tid":0},
{"name":"ProviderMatrix /Biped/Rig/Controls/leg_l_ik/ankle_l_pivot/bankIn_l_pivot final","cat":"step","ph":"X","ts":148551,"dur":1,"pid":1,"tid":0},
{"name":"ProviderMatrix /Biped/Rig/Controls/leg_r_ik/ankle_r_pivot/bankIn_r_pivot/bankOut_r_pivot/heel_r_roll final","cat":"step","ph":"X","ts":148552,"dur":1,"pid":1,"tid":0},
{"name":"ProviderMatrix /Biped/Rig/Joints/ankle_l_pivot/bankIn_l_pivot/bankOut_l_pivot/heel_l_pivot/ball_l_pivot/toe_l_pivot final","cat":"step","ph":"X","ts":148553,"dur":1,"pid":1,"tid":0},
{"name":"ProviderMatrix /Biped/Rig/Joints/hips_bind final","cat":"step","ph":"X","ts":148554,"dur":1,"pid":1,"tid":0},
{"name":"ProviderMatrix /Biped/Rig/Joints/hips_bind/pelvis_l_bind/thigh_l_bind/knee_l_bind/ankleTwist_l_bind/ankleSwing_l_driver final","cat":"step","ph":"X","ts":148555,"dur":1,"pid":1,"tid":0},
{"name":"ProviderMatrix /Biped/Rig/Joints/hips_bind/pelvis_l_bind/thigh_l_bind/knee_l_bind/ankle_l_bind/ball_l_bind/toe2_001_l_bind/toe2_002_l_bind/toe2_003_l_bind/toe2_004_l_bind final","cat":"step","ph":"X","ts":148556,"dur":1,"pid":1,"tid":0},
{"name":"ProviderMatrix /Biped/Rig/Joints/hips_bind/pelvis_l_bind/thigh_l_bind/knee_l_bind/ankle_l_bind/ball_l_bind/toe5_001_l_bind/toe5_002_l_bind/toe5_003_l_bind final","cat":"step","ph":"X","ts":148557,"dur":1,"pid":1,"tid":0},
{"name":"ProviderMatrix /Biped/Rig/Joints/hips_bind/pelvis_r_bind/thigh_combo_r_driver final","cat":"step","ph":"X","ts":148558,"dur":1,"pid":1,"tid":0},
{"name":"ProviderMatrix /Biped/Rig/Joints/hips_bind/pelvis_r_bind/thigh_r_bind/knee_r_bind/ankle_r_bind/ball_r_bind/toe1_001_r_bind/toe1_002_r_bind/toe1_003_r_bind/toe1_004_r_bind final","cat":"step","ph":"X","ts":148559,"dur":1,"pid":1,"tid":0},
{"name":"ProviderMatrix /Biped/Rig/Joints/hips_bind/pelvis_r_bind/thigh_r_bind/knee_r_bind/ankle_r_bind/ball_r_bind/toe4_001_r_bind/toe4_002_r_bind/toe4_003_r_bind final","cat":"step","ph":"X","ts":148560,"dur":1,"pid":1,"tid":0},
{"name":"ProviderMatrix /Biped/Rig/Joints/hips_bind/spine_0_bind/spine_1_bind/spine_2_bind final","cat":"step","ph":"X","ts":148561,"dur":1,"pid":1,"tid":0},
{"name":"ProviderMatrix /Biped/Rig/Joints/hips_bind/spine_0_bind/spine_1_bind/spine_2_bind/spine_3_bind/spine_4_bind/spine_5_bind/chest_bind/clavicle_l_bind/shoulder_combo_l_driver final","cat":"step","ph":"X","ts":148562,"dur":1,"pid":1,"tid":0},
{"name":"ProviderMatrix /Biped/Rig/Joints/hips_bind/spine_0_bind/spine_1_bind/spine_2_bind/spine_3_bind/spine_4_bind/spine_5_bind/chest_bind/clavicle_l_bind/shoulder_l_bind/elbow_l_bind/wrist_l_bind/index_001_l_bind/index_002_l_bind final","cat":"step","ph":"X","ts":148563,"dur":1,"pid":1,"tid":0},
{"name":"ProviderMatrix /Biped/Rig/Joints/hips_bind/spine_0_bind/spine_1_bind/spine_2_bind/spine_3_bind/spine_4_bind/spine_5_bind/chest_bind/clavicle_l_bind/shoulder_l_bind/elbow_l_bind/wrist_l_bind/pinkyCup_l_bind/pinky_001_l_bind final","cat":"step","ph":"X","ts":148564,"dur":1,"pid":1,"tid":0},
{"name":"ProviderMatrix /Biped/Rig/Joints/hips_bind/spine_0_bind/spine_1_bind/spine_2_bind/spine_3_bind/spine_4_bind/spine_5_bind/chest_bind/clavicle_l_bind/shoulder_l_bind/elbow_l_bind/wrist_l_bind/ring_001_l_bind/ring_002_l_bind/ring_003_l_bind/ring_004_l_bind/ring_005_l_bind final","cat":"step","ph":"X","ts":148565,"dur":1,"pid":1,"tid":0},
{"name":"ProviderMatrix /Biped/Rig/Joints/hips_bind/spine_0_bind/spine_1_bind/spine_2_bind/spine_3_bind/spine_4_bind/spine_5_bind/chest_bind/clavicle_r_bind/shoulderNoTwist_r_bind final","cat":"step","ph":"X","ts":148566,"dur":1,"pid":1,"tid":0},
{"name":"ProviderMatrix /Biped/Rig/Joints/hips_bind/spine_0_bind/spine_1_bind/spine_2_bind/spine_3_bind/spine_4_bind/spine_5_bind/chest_bind/clavicle_r_bind/shoulder_r_bind/elbow_r_bind/wrist_r_bind/index_001_r_bind/index_002_combo_r_driver final","cat":"step","ph":"X","ts":148567,"dur":1,"pid":1,"tid":0},
{"name":"ProviderMatrix /Biped/Rig/Joints/hips_bind/spine_0_bind/spine_1_bind/spine_2_bind/spine_3_bind/spine_4_bind/spine_5_bind/chest_bind/clavicle_r_bind/shoulder_r_bind/elbow_r_bind/wrist_r_bind/pinkyCup_r_bind/pinky_001_r_bind final","cat":"step","ph":"X","ts":148568,"dur":1,"pid":1,"tid":0},
{"name":"ProviderMatrix /Biped/Rig/Joints/hips_bind/spine_0_bind/spine_1_bind/spine_2_bind/spine_3_bind/spine_4_bind/spine_5_bind/chest_bind/clavicle_r_bind/shoulder_r_bind/elbow_r_bind/wrist_r_bind/ring_001_r_bind/ring_002_r_bind/ring_003_r_bind/ring_004_r_bind/ring_005_r_bind final","cat":"step","ph":"X","ts":148569,"dur":1,"pid":1,"tid":0},
{"name":"ProviderMatrix /Biped/Rig/Joints/hips_bind/spine_0_bind/spine_1_bind/spine_2_bind/spine_3_bind/spine_4_bind/spine_5_bind/chest_bind/neck_base_bind/neck_0_bind/neck_1_bind/neck_2_bind/neck_3_bind final","cat":"step","ph":"X","ts":148570,"dur":1,"pid":1,"tid":0},
{"name":"ProviderMatrix /Biped/Rig/Joints/hips_bind/spine_0_bind/spine_1_bind/spine_2_bind/spine_3_bind/spine_4_bind/spine_5_bind/chest_bind/neck_base_bind/neck_0_bind/neck_1_bind/neck_2_bind/neck_3_bind/skull_bind/face_lower_bind/jaw_bind/tongue_0_bind/tongue_1_bind final","cat":"step","ph":"X","ts":148571,"dur":1,"pid":1,"tid":0},
{"name":"ProviderMatrix /Biped/Rig/Joints/hips_bind/spine_0_bind/spine_1_bind/spine_2_bind/spine_3_bind/spine_4_bind/spine_5_bind/chest_bind/neck_base_bind/neck_0_bind/neck_1_bind/neck_2_bind/neck_3_bind/skull_bind/face_upper_bind/head_tip_bind/brow_inner_r_bind final","cat":"step","ph":"X","ts":148572,"dur":1,"pid":1,"tid":0},
{"name":"ProviderMatrix /Biped/Rig/Joints/pupilCenter_r_pivot final","cat":"step","ph":"X","ts":148573,"dur":1,"pid":1,"tid":0},
{"name":"InfluenceFold /Biped/Rig/Movers/skin_body_geo/body_geo_skin","cat":"step","ph":"X","ts":148574,"dur":23,"pid":1,"tid":0},
{"name":"RevisionChunk /Biped/Rig/Movers/skin_body_geo/body_geo_skin","cat":"step","ph":"X","ts":148597,"dur":282,"pid":1,"tid":0},
{"name":"RevisionFuse /Biped/Rig/Movers/skin_body_geo/body_geo_skin","cat":"step","ph":"X","ts":148879,"dur":1,"pid":1,"tid":0},
{"name":"ChainStatus /Biped/Geom/body_geo.points","cat":"step","ph":"X","ts":148880,"dur":26,"pid":1,"tid":0},
{"name":"Derived /Biped/Geom/body_geo.extent","cat":"step","ph":"X","ts":148906,"dur":280,"pid":1,"tid":0},
{"name":"BakedPublish","cat":"baked","ph":"X","ts":149271,"dur":59,"pid":1,"tid":0},
{"name":"BakedEpilogue","cat":"baked","ph":"X","ts":149187,"dur":149,"pid":1,"tid":0},
{"name":"Baked","cat":"baked","ph":"X","ts":147944,"dur":1393,"pid":1,"tid":0},
{"name":"Evaluate.Run","cat":"evaluate","ph":"X","ts":147944,"dur":1393,"pid":1,"tid":0},
{"name":"Evaluate@2","cat":"evaluate","ph":"X","ts":147942,"dur":1396,"pid":1,"tid":0},
{"name":"Evaluate.Settle","cat":"evaluate","ph":"X","ts":149427,"dur":1,"pid":1,"tid":0},
{"name":"Evaluate.PlaceOverrides","cat":"evaluate","ph":"X","ts":149428,"dur":0,"pid":1,"tid":0},
{"name":"PropertyChains","cat":"property","ph":"X","ts":149430,"dur":6,"pid":1,"tid":0},
{"name":"BakedInputs","cat":"baked","ph":"X","ts":149437,"dur":5,"pid":1,"tid":0},
{"name":"BakedChainBase","cat":"geometry","ph":"X","ts":149535,"dur":2,"pid":1,"tid":0},
{"name":"BakedPrologue","cat":"baked","ph":"X","ts":149429,"dur":108,"pid":1,"tid":0},
{"name":"BakedRegion","cat":"baked","ph":"X","ts":149537,"dur":982,"pid":1,"tid":0},
{"name":"ComposeSubtree /Biped/Rig/Controls/arm_l_ik","cat":"step","ph":"X","ts":149562,"dur":1,"pid":1,"tid":0},
{"name":"ComposeSubtree /Biped/Rig/Controls/arm_r_params","cat":"step","ph":"X","ts":149563,"dur":1,"pid":1,"tid":0},
{"name":"ComposeSubtree /Biped/Rig/Controls/hips_ctl/spine_root_pivot/spine_root_ctl/pelvis_l_ctl/leg_l_root","cat":"step","ph":"X","ts":149564,"dur":1,"pid":1,"tid":0},
{"name":"ComposeSubtree /Biped/Rig/Controls/hips_ctl/spine_root_pivot/spine_root_ctl/pelvis_r_ctl/leg_r_root/leg_r_fk_thigh_r_bind/leg_r_fk_knee_r_bind","cat":"step","ph":"X","ts":149565,"dur":1,"pid":1,"tid":0},
{"name":"ComposeSubtree /Biped/Rig/Controls/hips_ctl/torso_ctl/spine_end_pivot/spine_end_ctl/clavicle_l_ctl/arm_l_root","cat":"step","ph":"X","ts":149566,"dur":1,"pid":1,"tid":0},
{"name":"ComposeSubtree /Biped/Rig/Controls/hips_ctl/torso_ctl/spine_end_pivot/spine_end_ctl/clavicle_r_ctl/arm_r_root/arm_r_fk_shoulder_r_bind/arm_r_fk_elbow_r_bind","cat":"step","ph":"X","ts":149567,"dur":1,"pid":1,"tid":0},
{"name":"ComposeSubtree /Biped/Rig/Controls/index_001_l_bind_fk_follow/index_001_l_bind_fk/index_002_l_bind_fk","cat":"step","ph":"X","ts":149568,"dur":1,"pid":1,"tid":0},
{"name":"ComposeSubtree /Biped/Rig/Controls/index_001_r_bind_fk_follow/index_001_r_bind_fk/index_002_r_bind_fk/index_003_r_bind_fk","cat":"step","ph":"X","ts":149569,"dur":1,"pid":1,"tid":0},
{"name":"ComposeSubtree /Biped/Rig/Controls/leg_l_ik/ankle_l_pivot/bankIn_l_pivot/bankOut_l_pivot/heel_l_roll/heel_l/ball_l_pivot","cat":"step","ph":"X","ts":149570,"dur":1,"pid":1,"tid":0},
{"name":"ComposeSubtree /Biped/Rig/Controls/leg_l_ik/ankle_l_pivot/bankIn_l_pivot/bankOut_l_pivot/heel_l_roll/heel_l/ball_l_pivot/toe_l_roll/toe_l/ballRoll_l_up/ballRoll_l_down_twin","cat":"step","ph":"X","ts":149571,"dur":1,"pid":1,"tid":0},
{"name":"ComposeSubtree /Biped/Rig/Controls/leg_l_ik/ankle_l_pivot/bankIn_l_pivot/bankOut_l_pivot/heel_l_roll/heel_l/ball_l_pivot/toe_l_roll_twin","cat":"step","ph":"X","ts":149572,"dur":1,"pid":1,"tid":0},
{"name":"ComposeSubtree /Biped/Rig/Controls/leg_l_pv","cat":"step","ph":"X","ts":149573,"dur":1,"pid":1,"tid":0},
{"name":"ComposeSubtree /Biped/Rig/Controls/leg_r_ik/ankle_r_pivot/bankIn_r_pivot/bankOut_r_pivot/heel_r_roll/heel_r/ball_r_pivot/toe_r_roll","cat":"step","ph":"X","ts":149574,"dur":1,"pid":1,"tid":0},
{"name":"ComposeSubtree /Biped/Rig/Controls/leg_r_ik/ankle_r_pivot/bankIn_r_pivot/bankOut_r_pivot/heel_r_roll/heel_r/ball_r_pivot/toe_r_roll/toe_r/ballRoll_r_up_twin","cat":"step","ph":"X","ts":149575,"dur":1,"pid":1,"tid":0},
{"name":"ComposeSubtree /Biped/Rig/Controls/leg_r_ik/ankle_r_pivot/bankIn_r_pivot/bankOut_r_pivot_twin","cat":"step","ph":"X","ts":149576,"dur":1,"pid":1,"tid":0},
{"name":"ComposeSubtree /Biped/Rig/Controls/middle_001_l_bind_fk_follow/middle_001_l_bind_fk/middle_002_l_bind_fk/middle_003_l_bind_fk","cat":"step","ph":"X","ts":149577,"dur":1,"pid":1,"tid":0},
{"name":"ComposeSubtree /Biped/Rig/Controls/pinkyCup_l_bind_fk_follow","cat":"step","ph":"X","ts":149578,"dur":1,"pid":1,"tid":0},
{"name":"ComposeSubtree /Biped/Rig/Controls/pinkyCup_r_bind_fk_follow","cat":"step","ph":"X","ts":149579,"dur":1,"pid":1,"tid":0},
{"name":"ComposeSubtree /Biped/Rig/Controls/ring_001_l_bind_fk_follow/ring_001_l_bind_fk/ring_002_l_bind_fk/ring_003_l_bind_fk","cat":"step","ph":"X","ts":149580,"dur":1,"pid":1,"tid":0},
{"name":"ComposeSubtree /Biped/Rig/Controls/spine_mid_follow","cat":"step","ph":"X","ts":149581,"dur":1,"pid":1,"tid":0},
{"name":"ComposeSubtree /Biped/Rig/Controls/thumbCup_r_bind_fk_follow","cat":"step","ph":"X","ts":149582,"dur":1,"pid":1,"tid":0},
{"name":"ComposeSubtree /Biped/Rig/Joints/ankle_l_pivot/bankIn_l_pivot/bankOut_l_pivot","cat":"step","ph":"X","ts":149583,"dur":1,"pid":1,"tid":0},
{"name":"ComposeSubtree /Biped/Rig/Joints/ankle_r_pivot","cat":"step","ph":"X","ts":149584,"dur":1,"pid":1,"tid":0},
{"name":"ComposeSubtree /Biped/Rig/Joints/hips_bind","cat":"step","ph":"X","ts":149585,"dur":1,"pid":1,"tid":0},
{"name":"ComposeSubtree /Biped/Rig/Joints/hips_bind/pelvis_l_bind/thigh_l_bind","cat":"step","ph":"X","ts":149586,"dur":1,"pid":1,"tid":0},
{"name":"ComposeSubtree /Biped/Rig/Joints/hips_bind/pelvis_l_bind/thigh_l_bind/knee_l_bind/ankle_l_bind/ball_l_bind/toe1_001_l_bind/toe1_002_l_bind","cat":"step","ph":"X","ts":149587,"dur":1,"pid":1,"tid":0},
{"name":"ComposeSubtree /Biped/Rig/Joints/hips_bind/pelvis_l_bind/thigh_l_bind/knee_l_bind/ankle_l_bind/ball_l_bind/toe3_001_l_bind","cat":"step","ph":"X","ts":149588,"dur":1,"pid":1,"tid":0},
{"name":"ComposeSubtree /Biped/Rig/Joints/hips_bind/pelvis_l_bind/thigh_l_bind/knee_l_bind/ankle_l_bind/ball_l_bind/toe5_001_l_bind","cat":"step","ph":"X","ts":149589,"dur":1,"pid":1,"tid":0},
{"name":"ComposeSubtree /Biped/Rig/Joints/hips_bind/pelvis_l_bind/thigh_l_bind/knee_l_bind/kneeTwist_l_bind","cat":"step","ph":"X","ts":149590,"dur":1,"pid":1,"tid":0},
{"name":"ComposeSubtree /Biped/Rig/Joints/hips_bind/pelvis_r_bind/thighNoTwist_r_bind","cat":"step","ph":"X","ts":149591,"dur":1,"pid":1,"tid":0},
{"name":"ComposeSubtree /Biped/Rig/Joints/hips_bind/pelvis_r_bind/thigh_r_bind/knee_r_bind/ankle_r_bind/ball_r_bind","cat":"step","ph":"X","ts":149592,"dur":1,"pid":1,"tid":0},
{"name":"ComposeSubtree /Biped/Rig/Joints/hips_bind/pelvis_r_bind/thigh_r_bind/knee_r_bind/ankle_r_bind/ball_r_bind/toe2_001_r_bind/toe2_002_r_bind/toe2_003_r_bind","cat":"step","ph":"X","ts":149593,"dur":1,"pid":1,"tid":0},
{"name":"ComposeSubtree /Biped/Rig/Joints/hips_bind/pelvis_r_bind/thigh_r_bind/knee_r_bind/ankle_r_bind/ball_r_bind/toe4_001_r_bind/toe4_002_r_bind/toe4_003_r_bind","cat":"step","ph":"X","ts":149594,"dur":1,"pid":1,"tid":0},
{"name":"ComposeSubtree /Biped/Rig/Joints/hips_bind/pelvis_r_bind/thigh_r_bind/knee_r_bind/ankle_r_bind/ball_r_bind/toe_r_bind","cat":"step","ph":"X","ts":149595,"dur":1,"pid":1,"tid":0},
{"name":"ComposeSubtree /Biped/Rig/Joints/hips_bind/spine_0_bind/spine_1_bind/spine_2_bind/spine_3_bind/spine_4_bind","cat":"step","ph":"X","ts":149596,"dur":1,"pid":1,"tid":0},
{"name":"ComposeSubtree /Biped/Rig/Joints/hips_bind/spine_0_bind/spine_1_bind/spine_2_bind/spine_3_bind/spine_4_bind/spine_5_bind/chest_bind/clavicle_l_bind/shoulderNoTwist_l_bind","cat":"step","ph":"X","ts":149597,"dur":1,"pid":1,"tid":0},
{"name":"ComposeSubtree /Biped/Rig/Joints/hips_bind/spine_0_bind/spine_1_bind/spine_2_bind/spine_3_bind/spine_4_bind/spine_5_bind/chest_bind/clavicle_l_bind/shoulder_l_bind/elbow_l_bind/wristTwist_l_bind","cat":"step","ph":"X","ts":149598,"dur":1,"pid":1,"tid":0},
{"name":"ComposeSubtree /Biped/Rig/Joints/hips_bind/spine_0_bind/spine_1_bind/spine_2_bind/spine_3_bind/spine_4_bind/spine_5_bind/chest_bind/clavicle_l_bind/shoulder_l_bind/elbow_l_bind/wrist_l_bind/index_001_l_bind/index_002_l_bind/index_003_l_bind/index_004_l_bind","cat":"step","ph":"X","ts":149599,"dur":1,"pid":1,"tid":0},
{"name":"ComposeSubtree /Biped/Rig/Joints/hips_bind/spine_0_bind/spine_1_bind/spine_2_bind/spine_3_bind/spine_4_bind/spine_5_bind/chest_bind/clavicle_l_bind/shoulder_l_bind/elbow_l_bind/wrist_l_bind/middle_001_l_bind/middle_002_l_bind/middle_003_l_bind/middle_004_l_bind","cat":"step","ph":"X","ts":149600,"dur":1,"pid":1,"tid":0},
{"name":"ComposeSubtree /Biped/Rig/Joints/hips_bind/spine_0_bind/spine_1_bind/spine_2_bind/spine_3_bind/spine_4_bind/spine_5_bind/chest_bind/clavicle_l_bind/shoulder_l_bind/elbow_l_bind/wrist_l_bind/ring_001_l_bind","cat":"step","ph":"X","ts":149601,"dur":1,"pid":1,"tid":0},
{"name":"ComposeSubtree /Biped/Rig/Joints/hips_bind/spine_0_bind/spine_1_bind/spine_2_bind/spine_3_bind/spine_4_bind/spine_5_bind/chest_bind/clavicle_l_bind/shoulder_l_bind/elbow_l_bind/wrist_l_bind/thumbCup_l_bind","cat":"step","ph":"X","ts":149602,"dur":1,"pid":1,"tid":0},
{"name":"ComposeSubtree /Biped/Rig/Joints/hips_bind/spine_0_bind/spine_1_bind/spine_2_bind/spine_3_bind/spine_4_bind/spine_5_bind/chest_bind/clavicle_r_bind/clavicle_trans_r_bind/shoulder_r_driver","cat":"step","ph":"X","ts":149603,"dur":1,"pid":1,"tid":0},
{"name":"ComposeSubtree /Biped/Rig/Joints/hips_bind/spine_0_bind/spine_1_bind/spine_2_bind/spine_3_bind/spine_4_bind/spine_5_bind/chest_bind/clavicle_r_bind/shoulder_r_bind/elbow_r_bind/elbowTwist_r_bind","cat":"step","ph":"X","ts":149604,"dur":1,"pid":1,"tid":0},
{"name":"ComposeSubtree /Biped/Rig/Joints/hips_bind/spine_0_bind/spine_1_bind/spine_2_bind/spine_3_bind/spine_4_bind/spine_5_bind/chest_bind/clavicle_r_bind/shoulder_r_bind/elbow_r_bind/wrist_r_bind/index_001_r_bind/index_002_r_bind","cat":"step","ph":"X","ts":149605,"dur":1,"pid":1,"tid":0},
{"name":"ComposeSubtree /Biped/Rig/Joints/hips_bind/spine_0_bind/spine_1_bind/spine_2_bind/spine_3_bind/spine_4_bind/spine_5_bind/chest_bind/clavicle_r_bind/shoulder_r_bind/elbow_r_bind/wrist_r_bind/middle_001_r_bind/middle_002_r_bind","cat":"step","ph":"X","ts":149606,"dur":1,"pid":1,"tid":0},
{"name":"ComposeSubtree /Biped/Rig/Joints/hips_bind/spine_0_bind/spine_1_bind/spine_2_bind/spine_3_bind/spine_4_bind/spine_5_bind/chest_bind/clavicle_r_bind/shoulder_r_bind/elbow_r_bind/wrist_r_bind/pinkyCup_r_bind/pinky_001_r_bind/pinky_002_r_bind/pinky_003_r_bind","cat":"step","ph":"X","ts":149607,"dur":1,"pid":1,"tid":0},
{"name":"ComposeSubtree /Biped/Rig/Joints/hips_bind/spine_0_bind/spine_1_bind/spine_2_bind/spine_3_bind/spine_4_bind/spine_5_bind/chest_bind/clavicle_r_bind/shoulder_r_bind/elbow_r_bind/wrist_r_bind/ring_001_r_bind/ring_002_r_bind/ring_003_r_bind/ring_004_r_bind","cat":"step","ph":"X","ts":149608,"dur":1,"pid":1,"tid":0},
{"name":"ComposeSubtree /Biped/Rig/Joints/hips_bind/spine_0_bind/spine_1_bind/spine_2_bind/spine_3_bind/spine_4_bind/spine_5_bind/chest_bind/neck_base_bind","cat":"step","ph":"X","ts":149609,"dur":1,"pid":1,"tid":0},
{"name":"ComposeSubtree /Biped/Rig/Joints/hips_bind/spine_0_bind/spine_1_bind/spine_2_bind/spine_3_bind/spine_4_bind/spine_5_bind/chest_bind/neck_base_bind/neck_0_bind/neck_1_bind/neck_2_bind/neck_3_bind/skull_bind/face_lower_bind/face_mid_bind/jaw_compression_driver","cat":"step","ph":"X","ts":149610,"dur":1,"pid":1,"tid":0},
{"name":"ComposeSubtree /Biped/Rig/Joints/hips_bind/spine_0_bind/spine_1_bind/spine_2_bind/spine_3_bind/spine_4_bind/spine_5_bind/chest_bind/neck_base_bind/neck_0_bind/neck_1_bind/neck_2_bind/neck_3_bind/skull_bind/face_lower_bind/jaw_bind/tongue_0_bind","cat":"step","ph":"X","ts":149611,"dur":1,"pid":1,"tid":0},
{"name":"ComposeSubtree /Biped/Rig/Joints/hips_bind/spine_0_bind/spine_1_bind/spine_2_bind/spine_3_bind/spine_4_bind/spine_5_bind/chest_bind/neck_base_bind/neck_0_bind/neck_1_bind/neck_2_bind/neck_3_bind/skull_bind/face_upper_bind/eyeSocket_r_bind","cat":"step","ph":"X","ts":149612,"dur":1,"pid":1,"tid":0},
{"name":"ComposeSubtree /Biped/Rig/Joints/hips_bind/spine_0_bind/spine_1_bind/spine_2_bind/spine_3_bind/spine_4_bind/spine_5_bind/chest_bind/neck_base_bind/neck_0_bind/neck_1_bind/neck_2_bind/neck_3_bind/skull_bind/face_upper_bind/head_tip_bind/brow_main_r_bind","cat":"step","ph":"X","ts":149613,"dur":1,"pid":1,"tid":0},
{"name":"ComposeSubtree /Biped/Rig/Joints/pupilCenter_l_pivot","cat":"step","ph":"X","ts":149614,"dur":1,"pid":1,"tid":0},
{"name":"Solve /Biped/Rig/Solvers/arm_l_fkChain","cat":"step","ph":"X","ts":149615,"dur":2,"pid":1,"tid":0},
{"name":"SolverCommit batch 1","cat":"step","ph":"X","ts":149617,"dur":1,"pid":1,"tid":0},
{"name":"Solve /Biped/Rig/Solvers/leg_l_fkChain","cat":"step","ph":"X","ts":149618,"dur":1,"pid":1,"tid":0},
{"name":"Solve /Biped/Rig/Solvers/neck_splineIk","cat":"step","ph":"X","ts":149619,"dur":8,"pid":1,"tid":0},
{"name":"SolverCommit batch 6","cat":"step","ph":"X","ts":149627,"dur":1,"pid":1,"tid":0},
{"name":"Solve /Biped/Rig/Solvers/spine_splineIk","cat":"step","ph":"X","ts":149628,"dur":7,"pid":1,"tid":0},
{"name":"SolverCommit batch 7","cat":"step","ph":"X","ts":149635,"dur":1,"pid":1,"tid":0},
{"name":"SolverCommit batch 8","cat":"step","ph":"X","ts":149636,"dur":1,"pid":1,"tid":0},
{"name":"Solve /Biped/Rig/Solvers/arm_l_ikfk","cat":"step","ph":"X","ts":149637,"dur":1,"pid":1,"tid":0},
{"name":"SolverCommit batch 9","cat":"step","ph":"X","ts":149638,"dur":1,"pid":1,"tid":0},
{"name":"Constraint /Biped/Rig/Movers/spine_mid_follow/spine_mid_follow_pos","cat":"step","ph":"X","ts":149639,"dur":5,"pid":1,"tid":0},
{"name":"Solve /Biped/Rig/Solvers/fk_thumb_r","cat":"step","ph":"X","ts":149644,"dur":1,"pid":1,"tid":0},
{"name":"SolverCommit batch 11","cat":"step","ph":"X","ts":149645,"dur":1,"pid":1,"tid":0},
{"name":"SolverCommit batch 12","cat":"step","ph":"X","ts":149646,"dur":1,"pid":1,"tid":0},
{"name":"Solve /Biped/Rig/Solvers/fk_pinky_r","cat":"step","ph":"X","ts":149647,"dur":1,"pid":1,"tid":0},
{"name":"SolverCommit batch 13","cat":"step","ph":"X","ts":149648,"dur":1,"pid":1,"tid":0},
{"name":"Solve /Biped/Rig/Solvers/fk_middle_r","cat":"step","ph":"X","ts":149649,"dur":1,"pid":1,"tid":0},
{"name":"Solve /Biped/Rig/Solvers/fk_index_r","cat":"step","ph":"X","ts":149650,"dur":1,"pid":1,"tid":0},
{"name":"SolverCommit batch 15","cat":"step","ph":"X","ts":149651,"dur":1,"pid":1,"tid":0},
{"name":"Solve /Biped/Rig/Solvers/fk_thumb_l","cat":"step","ph":"X","ts":149652,"dur":1,"pid":1,"tid":0},
{"name":"Solve /Biped/Rig/Solvers/fk_ring_l","cat":"step","ph":"X","ts":149653,"dur":1,"pid":1,"tid":0},
{"name":"Solve /Biped/Rig/Solvers/fk_pinky_l","cat":"step","ph":"X","ts":149654,"dur":1,"pid":1,"tid":0},
{"name":"SolverCommit batch 18","cat":"step","ph":"X","ts":149655,"dur":1,"pid":1,"tid":0},
{"name":"Solve /Biped/Rig/Solvers/fk_middle_l","cat":"step","ph":"X","ts":149656,"dur":1,"pid":1,"tid":0},
{"name":"Solve /Biped/Rig/Solvers/fk_index_l","cat":"step","ph":"X","ts":149657,"dur":1,"pid":1,"tid":0},
{"name":"SolverCommit batch 20","cat":"step","ph":"X","ts":149658,"dur":1,"pid":1,"tid":0},
{"name":"Constraint /Biped/Rig/Movers/spine_mid_follow/spine_mid_follow_aim","cat":"step","ph":"X","ts":149659,"dur":2,"pid":1,"tid":0},
{"name":"Constraint /Biped/Rig/Movers/hand_r_follow/thumbCup_r_bind_fk_follow_to_wrist_r_bind","cat":"step","ph":"X","ts":149661,"dur":3,"pid":1,"tid":0},
{"name":"Constraint /Biped/Rig/Movers/hand_r_follow/ring_001_r_bind_fk_follow_to_wrist_r_bind","cat":"step","ph":"X","ts":149664,"dur":3,"pid":1,"tid":0},
{"name":"Constraint /Biped/Rig/Movers/hand_r_follow/pinkyCup_r_bind_fk_follow_to_wrist_r_bind","cat":"step","ph":"X","ts":149667,"dur":3,"pid":1,"tid":0},
{"name":"Constraint /Biped/Rig/Movers/hand_r_follow/middle_001_r_bind_fk_follow_to_wrist_r_bind","cat":"step","ph":"X","ts":149670,"dur":3,"pid":1,"tid":0},
{"name":"Constraint /Biped/Rig/Movers/hand_r_follow/index_001_r_bind_fk_follow_to_wrist_r_bind","cat":"step","ph":"X","ts":149673,"dur":3,"pid":1,"tid":0},
{"name":"Constraint /Biped/Rig/Movers/hand_l_follow/thumbCup_l_bind_fk_follow_to_wrist_l_bind","cat":"step","ph":"X","ts":149676,"dur":3,"pid":1,"tid":0},
{"name":"Constraint /Biped/Rig/Movers/hand_l_follow/ring_001_l_bind_fk_follow_to_wrist_l_bind","cat":"step","ph":"X","ts":149679,"dur":3,"pid":1,"tid":0},
{"name":"Constraint /Biped/Rig/Movers/hand_l_follow/pinkyCup_l_bind_fk_follow_to_wrist_l_bind","cat":"step","ph":"X","ts":149682,"dur":2,"pid":1,"tid":0},
{"name":"Constraint /Biped/Rig/Movers/hand_l_follow/middle_001_l_bind_fk_follow_to_wrist_l_bind","cat":"step","ph":"X","ts":149684,"dur":3,"pid":1,"tid":0},
{"name":"Constraint /Biped/Rig/Movers/hand_l_follow/index_001_l_bind_fk_follow_to_wrist_l_bind","cat":"step","ph":"X","ts":149687,"dur":2,"pid":1,"tid":0},
{"name":"Constraint /Biped/Rig/Movers/bankIn_r_pivot_rc/bankIn_r_pivot_rotation","cat":"step","ph":"X","ts":149689,"dur":1,"pid":1,"tid":0},
{"name":"Constraint /Biped/Rig/Movers/bankOut_r_pivot_rc/bankOut_r_pivot_rotation","cat":"step","ph":"X","ts":149690,"dur":1,"pid":1,"tid":0},
{"name":"Constraint /Biped/Rig/Movers/heel_r_roll_rc/heel_r_roll_rotation","cat":"step","ph":"X","ts":149691,"dur":1,"pid":1,"tid":0},
{"name":"Constraint /Biped/Rig/Movers/ballRoll_r_up_rc/ballRoll_r_up_rotation","cat":"step","ph":"X","ts":149692,"dur":1,"pid":1,"tid":0},
{"name":"Solve /Biped/Rig/Solvers/leg_r_twoBoneIk","cat":"step","ph":"X","ts":149693,"dur":1,"pid":1,"tid":0},
{"name":"SolverCommit batch 39","cat":"step","ph":"X","ts":149694,"dur":5,"pid":1,"tid":0},
{"name":"Constraint /Biped/Rig/Movers/ankle_r_bind_scAim/ankle_r_bind_aim","cat":"step","ph":"X","ts":149699,"dur":4,"pid":1,"tid":0},
{"name":"Constraint /Biped/Rig/Movers/ball_r_bind_scAim/ball_r_bind_aim","cat":"step","ph":"X","ts":149703,"dur":4,"pid":1,"tid":0},
{"name":"Constraint /Biped/Rig/Movers/bankIn_l_pivot_rc/bankIn_l_pivot_rotation","cat":"step","ph":"X","ts":149707,"dur":1,"pid":1,"tid":0},
{"name":"Constraint /Biped/Rig/Movers/bankOut_l_pivot_rc/bankOut_l_pivot_rotation","cat":"step","ph":"X","ts":149708,"dur":1,"pid":1,"tid":0},
{"name":"Constraint /Biped/Rig/Movers/toe_l_roll_rc/toe_l_roll_rotation","cat":"step","ph":"X","ts":149709,"dur":1,"pid":1,"tid":0},
{"name":"Constraint /Biped/Rig/Movers/ballRoll_l_down_rc/ballRoll_l_down_rotation","cat":"step","ph":"X","ts":149710,"dur":1,"pid":1,"tid":0},
{"name":"SolverCommit batch 49","cat":"step","ph":"X","ts":149711,"dur":5,"pid":1,"tid":0},
{"name":"Constraint /Biped/Rig/Movers/ankle_l_bind_scAim/ankle_l_bind_aim","cat":"step","ph":"X","ts":149716,"dur":4,"pid":1,"tid":0},
{"name":"Constraint /Biped/Rig/Movers/ball_l_bind_scAim/ball_l_bind_aim","cat":"step","ph":"X","ts":149720,"dur":3,"pid":1,"tid":0},
{"name":"Constraint /Biped/Rig/Movers/hips_follow/spine_root_ctl_drives_hips_bind","cat":"step","ph":"X","ts":149723,"dur":2,"pid":1,"tid":0},
{"name":"PropagateChunk /Biped/Rig/Movers/hips_follow/spine_root_ctl_drives_hips_bind","cat":"step","ph":"X","ts":149725,"dur":4,"pid":1,"tid":0},
{"name":"CommitApply /Biped/Rig/Movers/hips_follow/spine_root_ctl_drives_hips_bind","cat":"step","ph":"X","ts":149729,"dur":1,"pid":1,"tid":0},
{"name":"Constraint /Biped/Rig/Movers/hips_follow/spine_root_ctl_scales_hips_bind","cat":"step","ph":"X","ts":149730,"dur":1,"pid":1,"tid":0},
{"name":"PropagateChunk /Biped/Rig/Movers/hips_follow/spine_root_ctl_scales_hips_bind","cat":"step","ph":"X","ts":149731,"dur":4,"pid":1,"tid":0},
{"name":"CommitApply /Biped/Rig/Movers/hips_follow/spine_root_ctl_scales_hips_bind","cat":"step","ph":"X","ts":149735,"dur":1,"pid":1,"tid":0},
{"name":"Constraint /Biped/Rig/Movers/spine_to_bind/spine_ik_spine_0_bind_scale_to_spine_0_bind","cat":"step","ph":"X","ts":149736,"dur":4,"pid":1,"tid":0},
{"name":"Constraint /Biped/Rig/Movers/spine_to_bind/spine_ik_spine_0_bind_to_spine_0_bind","cat":"step","ph":"X","ts":149740,"dur":5,"pid":1,"tid":0},
{"name":"Constraint /Biped/Rig/Movers/spine_to_bind/spine_ik_spine_1_bind_scale_to_spine_1_bind","cat":"step","ph":"X","ts":149745,"dur":4,"pid":1,"tid":0},
{"name":"Constraint /Biped/Rig/Movers/spine_to_bind/spine_ik_spine_1_bind_to_spine_1_bind","cat":"step","ph":"X","ts":149749,"dur":5,"pid":1,"tid":0},
{"name":"Constraint /Biped/Rig/Movers/spine_to_bind/spine_ik_spine_2_bind_scale_to_spine_2_bind","cat":"step","ph":"X","ts":149754,"dur":4,"pid":1,"tid":0},
{"name":"Constraint /Biped/Rig/Movers/spine_to_bind/spine_ik_spine_2_bind_to_spine_2_bind","cat":"step","ph":"X","ts":149758,"dur":5,"pid":1,"tid":0},
{"name":"Constraint /Biped/Rig/Movers/spine_to_bind/spine_ik_spine_3_bind_scale_to_spine_3_bind","cat":"step","ph":"X","ts":149763,"dur":3,"pid":1,"tid":0},
{"name":"Constraint /Biped/Rig/Movers/spine_to_bind/spine_ik_spine_3_bind_to_spine_3_bind","cat":"step","ph":"X","ts":149766,"dur":5,"pid":1,"tid":0},
{"name":"Constraint /Biped/Rig/Movers/spine_to_bind/spine_ik_spine_4_bind_scale_to_spine_4_bind","cat":"step","ph":"X","ts":149771,"dur":4,"pid":1,"tid":0},
{"name":"Constraint /Biped/Rig/Movers/spine_to_bind/spine_ik_spine_4_bind_to_spine_4_bind","cat":"step","ph":"X","ts":149775,"dur":5,"pid":1,"tid":0},
{"name":"Constraint /Biped/Rig/Movers/spine_to_bind/spine_ik_spine_5_bind_scale_to_spine_5_bind","cat":"step","ph":"X","ts":149780,"dur":3,"pid":1,"tid":0},
{"name":"Constraint /Biped/Rig/Movers/spine_to_bind/spine_ik_spine_5_bind_to_spine_5_bind","cat":"step","ph":"X","ts":149783,"dur":5,"pid":1,"tid":0},
{"name":"Constraint /Biped/Rig/Movers/spine_to_bind/spine_ik_chest_bind_scale_to_chest_bind","cat":"step","ph":"X","ts":149788,"dur":4,"pid":1,"tid":0},
{"name":"Constraint /Biped/Rig/Movers/spine_to_bind/spine_ik_chest_bind_to_chest_bind","cat":"step","ph":"X","ts":149792,"dur":4,"pid":1,"tid":0},
{"name":"Constraint /Biped/Rig/Movers/girdles/spine_end_ctl_drives_chest_bind","cat":"step","ph":"X","ts":149796,"dur":5,"pid":1,"tid":0},
{"name":"Constraint /Biped/Rig/Movers/girdles/pelvis_r_ctl_drives_pelvis_r_bind","cat":"step","ph":"X","ts":149801,"dur":1,"pid":1,"tid":0},
{"name":"Constraint /Biped/Rig/Movers/girdles/pelvis_l_ctl_drives_pelvis_l_bind","cat":"step","ph":"X","ts":149802,"dur":1,"pid":1,"tid":0},
{"name":"Constraint /Biped/Rig/Movers/girdles/clavicle_r_ctl_drives_clavicle_r_bind","cat":"step","ph":"X","ts":149803,"dur":1,"pid":1,"tid":0},
{"name":"Constraint /Biped/Rig/Movers/girdles/clavicle_l_ctl_drives_clavicle_l_bind","cat":"step","ph":"X","ts":149804,"dur":1,"pid":1,"tid":0},
{"name":"Constraint /Biped/Rig/Movers/girdles/spine_end_ctl_unsquashes_neck_base_bind","cat":"step","ph":"X","ts":149805,"dur":3,"pid":1,"tid":0},
{"name":"Constraint /Biped/Rig/Movers/girdles/clavicle_r_ctl_unsquashes_clavicle_r_bind","cat":"step","ph":"X","ts":149808,"dur":1,"pid":1,"tid":0},
{"name":"Constraint /Biped/Rig/Movers/girdles/clavicle_l_ctl_unsquashes_clavicle_l_bind","cat":"step","ph":"X","ts":149809,"dur":2,"pid":1,"tid":0},
{"name":"Constraint /Biped/Rig/Movers/neck_to_bind/neck_ik_neck_0_bind_scale_to_neck_0_bind","cat":"step","ph":"X","ts":149811,"dur":3,"pid":1,"tid":0},
{"name":"Constraint /Biped/Rig/Movers/neck_to_bind/neck_ik_neck_0_bind_to_neck_0_bind","cat":"step","ph":"X","ts":149814,"dur":3,"pid":1,"tid":0},
{"name":"Constraint /Biped/Rig/Movers/neck_to_bind/neck_ik_neck_1_bind_scale_to_neck_1_bind","cat":"step","ph":"X","ts":149817,"dur":3,"pid":1,"tid":0},
{"name":"Constraint /Biped/Rig/Movers/neck_to_bind/neck_ik_neck_1_bind_to_neck_1_bind","cat":"step","ph":"X","ts":149820,"dur":4,"pid":1,"tid":0},
{"name":"Constraint /Biped/Rig/Movers/neck_to_bind/neck_ik_neck_2_bind_scale_to_neck_2_bind","cat":"step","ph":"X","ts":149824,"dur":3,"pid":1,"tid":0},
{"name":"Constraint /Biped/Rig/Movers/neck_to_bind/neck_ik_neck_2_bind_to_neck_2_bind","cat":"step","ph":"X","ts":149827,"dur":3,"pid":1,"tid":0},
{"name":"Constraint /Biped/Rig/Movers/neck_to_bind/neck_ik_neck_3_bind_scale_to_neck_3_bind","cat":"step","ph":"X","ts":149830,"dur":3,"pid":1,"tid":0},
{"name":"Constraint /Biped/Rig/Movers/neck_to_bind/neck_ik_neck_3_bind_to_neck_3_bind","cat":"step","ph":"X","ts":149833,"dur":3,"pid":1,"tid":0},
{"name":"Constraint /Biped/Rig/Movers/neck_to_bind/neck_ik_skull_bind_scale_to_skull_bind","cat":"step","ph":"X","ts":149836,"dur":3,"pid":1,"tid":0},
{"name":"Constraint /Biped/Rig/Movers/neck_to_bind/neck_ik_skull_bind_to_skull_bind","cat":"step","ph":"X","ts":149839,"dur":3,"pid":1,"tid":0},
{"name":"Constraint /Biped/Rig/Movers/twist_aims/wristTwist_r_bind_copy","cat":"step","ph":"X","ts":149842,"dur":2,"pid":1,"tid":0},
{"name":"Constraint /Biped/Rig/Movers/twist_aims/wristTwist_r_bind_aim","cat":"step","ph":"X","ts":149844,"dur":2,"pid":1,"tid":0},
{"name":"Constraint /Biped/Rig/Movers/twist_aims/wristTwist_l_bind_copy","cat":"step","ph":"X","ts":149846,"dur":2,"pid":1,"tid":0},
{"name":"Constraint /Biped/Rig/Movers/twist_aims/wristTwist_l_bind_aim","cat":"step","ph":"X","ts":149848,"dur":1,"pid":1,"tid":0},
{"name":"Constraint /Biped/Rig/Movers/twist_aims/ankleTwist_r_bind_copy","cat":"step","ph":"X","ts":149849,"dur":2,"pid":1,"tid":0},
{"name":"Constraint /Biped/Rig/Movers/twist_aims/ankleTwist_r_bind_aim","cat":"step","ph":"X","ts":149851,"dur":1,"pid":1,"tid":0},
{"name":"Constraint /Biped/Rig/Movers/twist_aims/ankleTwist_l_bind_copy","cat":"step","ph":"X","ts":149852,"dur":2,"pid":1,"tid":0},
{"name":"Constraint /Biped/Rig/Movers/twist_aims/ankleTwist_l_bind_aim","cat":"step","ph":"X","ts":149854,"dur":2,"pid":1,"tid":0},
{"name":"Constraint /Biped/Rig/Movers/twist_aims/ankleTwist_l_bind_follows_ankle_l_bind","cat":"step","ph":"X","ts":149856,"dur":1,"pid":1,"tid":0},
{"name":"Constraint /Biped/Rig/Movers/twist_aims/wristTwist_l_bind_follows_wrist_l_bind","cat":"step","ph":"X","ts":149857,"dur":1,"pid":1,"tid":0},
{"name":"Constraint /Biped/Rig/Movers/twist_aims/thighNoTwist_l_bind_follows_thigh_l_bind","cat":"step","ph":"X","ts":149858,"dur":1,"pid":1,"tid":0},
{"name":"Constraint /Biped/Rig/Movers/twist_aims/shoulderNoTwist_r_bind_follows_shoulder_r_bind","cat":"step","ph":"X","ts":149859,"dur":1,"pid":1,"tid":0},
{"name":"Constraint /Biped/Rig/Movers/twist_aims/pelvis_trans_r_bind_follows_thigh_r_bind","cat":"step","ph":"X","ts":149860,"dur":1,"pid":1,"tid":0},
{"name":"Constraint /Biped/Rig/Movers/twist_aims/clavicle_trans_r_bind_follows_shoulder_r_bind","cat":"step","ph":"X","ts":149861,"dur":1,"pid":1,"tid":0},
{"name":"Constraint /Biped/Rig/Movers/twist_aims/clavicle_trans_l_bind_follows_shoulder_l_bind","cat":"step","ph":"X","ts":149862,"dur":1,"pid":1,"tid":0},
{"name":"Constraint /Biped/Rig/Movers/twist_aims/pelvis_trans_r_bind_aim","cat":"step","ph":"X","ts":149863,"dur":2,"pid":1,"tid":0},
{"name":"Constraint /Biped/Rig/Movers/twist_aims/pelvis_trans_l_bind_aim","cat":"step","ph":"X","ts":149865,"dur":1,"pid":1,"tid":0},
{"name":"Constraint /Biped/Rig/Movers/twist_aims/kneeTwist_r_bind_aim","cat":"step","ph":"X","ts":149866,"dur":2,"pid":1,"tid":0},
{"name":"Constraint /Biped/Rig/Movers/twist_aims/kneeTwist_l_bind_aim","cat":"step","ph":"X","ts":149868,"dur":1,"pid":1,"tid":0},
{"name":"Constraint /Biped/Rig/Movers/twist_aims/thighNoTwist_r_bind_aim","cat":"step","ph":"X","ts":149869,"dur":2,"pid":1,"tid":0},
{"name":"Constraint /Biped/Rig/Movers/twist_aims/thighNoTwist_l_bind_aim","cat":"step","ph":"X","ts":149871,"dur":1,"pid":1,"tid":0},
{"name":"Constraint /Biped/Rig/Movers/twist_aims/clavicle_trans_r_bind_aim","cat":"step","ph":"X","ts":149872,"dur":2,"pid":1,"tid":0},
{"name":"Constraint /Biped/Rig/Movers/twist_aims/clavicle_trans_l_bind_aim","cat":"step","ph":"X","ts":149874,"dur":2,"pid":1,"tid":0},
{"name":"Constraint /Biped/Rig/Movers/twist_aims/elbowTwist_r_bind_aim","cat":"step","ph":"X","ts":149876,"dur":1,"pid":1,"tid":0},
{"name":"Constraint /Biped/Rig/Movers/twist_aims/elbowTwist_l_bind_aim","cat":"step","ph":"X","ts":149877,"dur":2,"pid":1,"tid":0},
{"name":"Constraint /Biped/Rig/Movers/twist_aims/shoulderNoTwist_r_bind_aim","cat":"step","ph":"X","ts":149879,"dur":2,"pid":1,"tid":0},
{"name":"Constraint /Biped/Rig/Movers/twist_aims/shoulderNoTwist_l_bind_aim","cat":"step","ph":"X","ts":149881,"dur":2,"pid":1,"tid":0},
{"name":"Constraint /Biped/Rig/Movers/pose_drivers/thigh_r_driver_copies_thigh_r_bind","cat":"step","ph":"X","ts":149883,"dur":2,"pid":1,"tid":0},
{"name":"Constraint /Biped/Rig/Movers/pose_drivers/thigh_l_driver_copies_thigh_l_bind","cat":"step","ph":"X","ts":149885,"dur":2,"pid":1,"tid":0},
{"name":"Constraint /Biped/Rig/Movers/pose_drivers/thigh_r_twist_driver_copies_thighNoTwist_r_bind","cat":"step","ph":"X","ts":149887,"dur":2,"pid":1,"tid":0},
{"name":"Constraint /Biped/Rig/Movers/pose_drivers/thigh_l_twist_driver_copies_thighNoTwist_l_bind","cat":"step","ph":"X","ts":149889,"dur":2,"pid":1,"tid":0},
{"name":"Constraint /Biped/Rig/Movers/pose_drivers/ankleTwist_r_driver_copies_ankleTwist_r_bind","cat":"step","ph":"X","ts":149891,"dur":2,"pid":1,"tid":0},
{"name":"Constraint /Biped/Rig/Movers/pose_drivers/ankleTwist_l_driver_copies_ankleTwist_l_bind","cat":"step","ph":"X","ts":149893,"dur":2,"pid":1,"tid":0},
{"name":"Constraint /Biped/Rig/Movers/pose_drivers/toe_r_driver_copies_ball_r_bind","cat":"step","ph":"X","ts":149895,"dur":2,"pid":1,"tid":0},
{"name":"Constraint /Biped/Rig/Movers/pose_drivers/toe_l_driver_copies_ball_l_bind","cat":"step","ph":"X","ts":149897,"dur":2,"pid":1,"tid":0},
{"name":"Constraint /Biped/Rig/Movers/pose_drivers/knee_r_driver_copies_knee_r_bind","cat":"step","ph":"X","ts":149899,"dur":2,"pid":1,"tid":0},
{"name":"Constraint /Biped/Rig/Movers/pose_drivers/knee_l_driver_copies_knee_l_bind","cat":"step","ph":"X","ts":149901,"dur":2,"pid":1,"tid":0},
{"name":"Constraint /Biped/Rig/Movers/pose_drivers/ankleSwing_r_driver_copies_ankle_r_bind","cat":"step","ph":"X","ts":149903,"dur":2,"pid":1,"tid":0},
{"name":"Constraint /Biped/Rig/Movers/pose_drivers/ankleSwing_l_driver_copies_ankle_l_bind","cat":"step","ph":"X","ts":149905,"dur":2,"pid":1,"tid":0},
{"name":"Constraint /Biped/Rig/Movers/pose_drivers/shoulder_r_driver_copies_shoulder_r_bind","cat":"step","ph":"X","ts":149907,"dur":3,"pid":1,"tid":0},
{"name":"Constraint /Biped/Rig/Movers/pose_drivers/shoulder_l_driver_copies_shoulder_l_bind","cat":"step","ph":"X","ts":149910,"dur":2,"pid":1,"tid":0},
{"name":"Constraint /Biped/Rig/Movers/pose_drivers/wristTwist_r_driver_copies_wristTwist_r_bind","cat":"step","ph":"X","ts":149912,"dur":2,"pid":1,"tid":0},
{"name":"Constraint /Biped/Rig/Movers/pose_drivers/wristTwist_l_driver_copies_wristTwist_l_bind","cat":"step","ph":"X","ts":149914,"dur":2,"pid":1,"tid":0},
{"name":"Constraint /Biped/Rig/Movers/pose_drivers/shoulder_r_twist_driver_copies_shoulderNoTwist_r_bind","cat":"step","ph":"X","ts":149916,"dur":2,"pid":1,"tid":0},
{"name":"Constraint /Biped/Rig/Movers/pose_drivers/shoulder_l_twist_driver_copies_shoulderNoTwist_l_bind","cat":"step","ph":"X","ts":149918,"dur":2,"pid":1,"tid":0},
{"name":"Constraint /Biped/Rig/Movers/pose_drivers/wristSwing_r_driver_copies_wrist_r_bind","cat":"step","ph":"X","ts":149920,"dur":2,"pid":1,"tid":0},
{"name":"Constraint /Biped/Rig/Movers/pose_drivers/wristSwing_l_driver_copies_wrist_l_bind","cat":"step","ph":"X","ts":149922,"dur":2,"pid":1,"tid":0},
{"name":"Constraint /Biped/Rig/Movers/pose_drivers/elbow_r_driver_copies_elbow_r_bind","cat":"step","ph":"X","ts":149924,"dur":2,"pid":1,"tid":0},
{"name":"Constraint /Biped/Rig/Movers/pose_drivers/elbow_l_driver_copies_elbow_l_bind","cat":"step","ph":"X","ts":149926,"dur":2,"pid":1,"tid":0},
{"name":"Constraint /Biped/Rig/Movers/param_follow/leg_r_params_to_ankle_r_bind","cat":"step","ph":"X","ts":149928,"dur":2,"pid":1,"tid":0},
{"name":"Constraint /Biped/Rig/Movers/param_follow/leg_l_params_to_ankle_l_bind","cat":"step","ph":"X","ts":149930,"dur":2,"pid":1,"tid":0},
{"name":"Constraint /Biped/Rig/Movers/param_follow/arm_r_params_to_wrist_r_bind","cat":"step","ph":"X","ts":149932,"dur":2,"pid":1,"tid":0},
{"name":"Constraint /Biped/Rig/Movers/param_follow/arm_l_params_to_wrist_l_bind","cat":"step","ph":"X","ts":149934,"dur":2,"pid":1,"tid":0},
{"name":"ProviderMatrix /Biped/Rig/Controls/leg_l_ik/ankle_l_pivot/bankIn_l_pivot final","cat":"step","ph":"X","ts":149936,"dur":1,"pid":1,"tid":0},
{"name":"ProviderMatrix /Biped/Rig/Controls/leg_r_ik/ankle_r_pivot/bankIn_r_pivot/bankOut_r_pivot/heel_r_roll final","cat":"step","ph":"X","ts":149937,"dur":1,"pid":1,"tid":0},
{"name":"ProviderMatrix /Biped/Rig/Joints/ankle_l_pivot/bankIn_l_pivot/bankOut_l_pivot/heel_l_pivot/ball_l_pivot/toe_l_pivot final","cat":"step","ph":"X","ts":149938,"dur":1,"pid":1,"tid":0},
{"name":"ProviderMatrix /Biped/Rig/Joints/hips_bind final","cat":"step","ph":"X","ts":149939,"dur":1,"pid":1,"tid":0},
{"name":"ProviderMatrix /Biped/Rig/Joints/hips_bind/pelvis_l_bind/thigh_l_bind/knee_l_bind/ankleTwist_l_bind/ankleSwing_l_driver final","cat":"step","ph":"X","ts":149940,"dur":1,"pid":1,"tid":0},
{"name":"ProviderMatrix /Biped/Rig/Joints/hips_bind/pelvis_l_bind/thigh_l_bind/knee_l_bind/ankle_l_bind/ball_l_bind/toe2_001_l_bind/toe2_002_l_bind/toe2_003_l_bind/toe2_004_l_bind final","cat":"step","ph":"X","ts":149941,"dur":1,"pid":1,"tid":0},
{"name":"ProviderMatrix /Biped/Rig/Joints/hips_bind/pelvis_l_bind/thigh_l_bind/knee_l_bind/ankle_l_bind/ball_l_bind/toe5_001_l_bind/toe5_002_l_bind/toe5_003_l_bind final","cat":"step","ph":"X","ts":149942,"dur":1,"pid":1,"tid":0},
{"name":"ProviderMatrix /Biped/Rig/Joints/hips_bind/pelvis_r_bind/thigh_combo_r_driver final","cat":"step","ph":"X","ts":149943,"dur":1,"pid":1,"tid":0},
{"name":"ProviderMatrix /Biped/Rig/Joints/hips_bind/pelvis_r_bind/thigh_r_bind/knee_r_bind/ankle_r_bind/ball_r_bind/toe1_001_r_bind/toe1_002_r_bind/toe1_003_r_bind/toe1_004_r_bind final","cat":"step","ph":"X","ts":149944,"dur":1,"pid":1,"tid":0},
{"name":"ProviderMatrix /Biped/Rig/Joints/hips_bind/pelvis_r_bind/thigh_r_bind/knee_r_bind/ankle_r_bind/ball_r_bind/toe4_001_r_bind/toe4_002_r_bind/toe4_003_r_bind final","cat":"step","ph":"X","ts":149945,"dur":1,"pid":1,"tid":0},
{"name":"ProviderMatrix /Biped/Rig/Joints/hips_bind/spine_0_bind/spine_1_bind final","cat":"step","ph":"X","ts":149946,"dur":1,"pid":1,"tid":0},
{"name":"ProviderMatrix /Biped/Rig/Joints/hips_bind/spine_0_bind/spine_1_bind/spine_2_bind/spine_3_bind/spine_4_bind/spine_5_bind/chest_bind/clavicle_l_bind/shoulder_combo_l_driver final","cat":"step","ph":"X","ts":149947,"dur":1,"pid":1,"tid":0},
{"name":"ProviderMatrix /Biped/Rig/Joints/hips_bind/spine_0_bind/spine_1_bind/spine_2_bind/spine_3_bind/spine_4_bind/spine_5_bind/chest_bind/clavicle_l_bind/shoulder_l_bind/elbow_l_bind/wrist_l_bind/index_001_l_bind/index_002_l_bind final","cat":"step","ph":"X","ts":149948,"dur":1,"pid":1,"tid":0},
{"name":"ProviderMatrix /Biped/Rig/Joints/hips_bind/spine_0_bind/spine_1_bind/spine_2_bind/spine_3_bind/spine_4_bind/spine_5_bind/chest_bind/clavicle_l_bind/shoulder_l_bind/elbow_l_bind/wrist_l_bind/pinkyCup_l_bind/pinky_001_l_bind final","cat":"step","ph":"X","ts":149949,"dur":1,"pid":1,"tid":0},
{"name":"ProviderMatrix /Biped/Rig/Joints/hips_bind/spine_0_bind/spine_1_bind/spine_2_bind/spine_3_bind/spine_4_bind/spine_5_bind/chest_bind/clavicle_l_bind/shoulder_l_bind/elbow_l_bind/wrist_l_bind/ring_001_l_bind/ring_002_l_bind/ring_003_l_bind/ring_004_l_bind/ring_005_l_bind final","cat":"step","ph":"X","ts":149950,"dur":1,"pid":1,"tid":0},
{"name":"ProviderMatrix /Biped/Rig/Joints/hips_bind/spine_0_bind/spine_1_bind/spine_2_bind/spine_3_bind/spine_4_bind/spine_5_bind/chest_bind/clavicle_r_bind/shoulderNoTwist_r_bind final","cat":"step","ph":"X","ts":149951,"dur":1,"pid":1,"tid":0},
{"name":"ProviderMatrix /Biped/Rig/Joints/hips_bind/spine_0_bind/spine_1_bind/spine_2_bind/spine_3_bind/spine_4_bind/spine_5_bind/chest_bind/clavicle_r_bind/shoulder_r_bind/elbow_r_bind/wrist_r_bind/index_001_r_bind/index_002_r_bind final","cat":"step","ph":"X","ts":149952,"dur":1,"pid":1,"tid":0},
{"name":"ProviderMatrix /Biped/Rig/Joints/hips_bind/spine_0_bind/spine_1_bind/spine_2_bind/spine_3_bind/spine_4_bind/spine_5_bind/chest_bind/clavicle_r_bind/shoulder_r_bind/elbow_r_bind/wrist_r_bind/pinkyCup_r_bind/pinky_001_r_bind final","cat":"step","ph":"X","ts":149953,"dur":1,"pid":1,"tid":0},
{"name":"ProviderMatrix /Biped/Rig/Joints/hips_bind/spine_0_bind/spine_1_bind/spine_2_bind/spine_3_bind/spine_4_bind/spine_5_bind/chest_bind/clavicle_r_bind/shoulder_r_bind/elbow_r_bind/wrist_r_bind/ring_001_r_bind/ring_002_r_bind/ring_003_r_bind/ring_004_r_bind/ring_005_r_bind final","cat":"step","ph":"X","ts":149954,"dur":1,"pid":1,"tid":0},
{"name":"ProviderMatrix /Biped/Rig/Joints/hips_bind/spine_0_bind/spine_1_bind/spine_2_bind/spine_3_bind/spine_4_bind/spine_5_bind/chest_bind/neck_base_bind/neck_0_bind/neck_1_bind/neck_2_bind/neck_3_bind/skull_bind final","cat":"step","ph":"X","ts":149955,"dur":1,"pid":1,"tid":0},
{"name":"ProviderMatrix /Biped/Rig/Joints/hips_bind/spine_0_bind/spine_1_bind/spine_2_bind/spine_3_bind/spine_4_bind/spine_5_bind/chest_bind/neck_base_bind/neck_0_bind/neck_1_bind/neck_2_bind/neck_3_bind/skull_bind/face_lower_bind/jaw_bind/tongue_0_bind/tongue_1_bind final","cat":"step","ph":"X","ts":149956,"dur":1,"pid":1,"tid":0},
{"name":"ProviderMatrix /Biped/Rig/Joints/hips_bind/spine_0_bind/spine_1_bind/spine_2_bind/spine_3_bind/spine_4_bind/spine_5_bind/chest_bind/neck_base_bind/neck_0_bind/neck_1_bind/neck_2_bind/neck_3_bind/skull_bind/face_upper_bind/head_tip_bind/brow_main_l_bind final","cat":"step","ph":"X","ts":149957,"dur":1,"pid":1,"tid":0},
{"name":"ProviderMatrix /Biped/Rig/Joints/spine_ik_spine_0_bind final","cat":"step","ph":"X","ts":149958,"dur":1,"pid":1,"tid":0},
{"name":"InfluenceFold /Biped/Rig/Movers/skin_body_geo/body_geo_skin","cat":"step","ph":"X","ts":149959,"dur":22,"pid":1,"tid":0},
{"name":"RevisionChunk /Biped/Rig/Movers/skin_body_geo/body_geo_skin","cat":"step","ph":"X","ts":149981,"dur":395,"pid":1,"tid":0},
{"name":"RevisionFuse /Biped/Rig/Movers/skin_body_geo/body_geo_skin","cat":"step","ph":"X","ts":150376,"dur":1,"pid":1,"tid":0},
{"name":"ChainStatus /Biped/Geom/body_geo.points","cat":"step","ph":"X","ts":150377,"dur":14,"pid":1,"tid":0},
{"name":"Derived /Biped/Geom/body_geo.extent","cat":"step","ph":"X","ts":150391,"dur":128,"pid":1,"tid":0},
{"name":"BakedPublish","cat":"baked","ph":"X","ts":150627,"dur":58,"pid":1,"tid":0},
{"name":"BakedEpilogue","cat":"baked","ph":"X","ts":150520,"dur":170,"pid":1,"tid":0},
{"name":"Baked","cat":"baked","ph":"X","ts":149429,"dur":1262,"pid":1,"tid":0},
{"name":"Evaluate.Run","cat":"evaluate","ph":"X","ts":149429,"dur":1262,"pid":1,"tid":0},
{"name":"Evaluate@3","cat":"evaluate","ph":"X","ts":149427,"dur":1265,"pid":1,"tid":0},
{"name":"Evaluate.Settle","cat":"evaluate","ph":"X","ts":150803,"dur":0,"pid":1,"tid":0},
{"name":"Evaluate.PlaceOverrides","cat":"evaluate","ph":"X","ts":150803,"dur":0,"pid":1,"tid":0},
{"name":"PropertyChains","cat":"property","ph":"X","ts":150805,"dur":7,"pid":1,"tid":0},
{"name":"BakedInputs","cat":"baked","ph":"X","ts":150812,"dur":5,"pid":1,"tid":0},
{"name":"BakedChainBase","cat":"geometry","ph":"X","ts":150912,"dur":2,"pid":1,"tid":0},
{"name":"BakedPrologue","cat":"baked","ph":"X","ts":150805,"dur":109,"pid":1,"tid":0},
{"name":"BakedRegion","cat":"baked","ph":"X","ts":150915,"dur":953,"pid":1,"tid":0},
{"name":"ComposeSubtree /Biped/Rig/Controls/arm_l_ik","cat":"step","ph":"X","ts":150941,"dur":1,"pid":1,"tid":0},
{"name":"ComposeSubtree /Biped/Rig/Controls/hips_ctl","cat":"step","ph":"X","ts":150942,"dur":1,"pid":1,"tid":0},
{"name":"ComposeSubtree /Biped/Rig/Controls/hips_ctl/spine_root_pivot/spine_root_ctl/pelvis_l_ctl/leg_l_root/leg_l_fk_thigh_l_bind/leg_l_fk_knee_l_bind","cat":"step","ph":"X","ts":150943,"dur":1,"pid":1,"tid":0},
{"name":"ComposeSubtree /Biped/Rig/Controls/hips_ctl/torso_ctl","cat":"step","ph":"X","ts":150944,"dur":1,"pid":1,"tid":0},
{"name":"ComposeSubtree /Biped/Rig/Controls/hips_ctl/torso_ctl/spine_end_pivot/spine_end_ctl/clavicle_r_ctl","cat":"step","ph":"X","ts":150945,"dur":1,"pid":1,"tid":0},
{"name":"ComposeSubtree /Biped/Rig/Controls/hips_ctl/torso_ctl/spine_end_pivot/spine_end_ctl/neck_root_ctl/neck_end_pivot","cat":"step","ph":"X","ts":150946,"dur":1,"pid":1,"tid":0},
{"name":"ComposeSubtree /Biped/Rig/Controls/index_001_r_bind_fk_follow/index_001_r_bind_fk/index_002_r_bind_fk","cat":"step","ph":"X","ts":150947,"dur":1,"pid":1,"tid":0},
{"name":"ComposeSubtree /Biped/Rig/Controls/leg_l_ik/ankle_l_pivot/bankIn_l_pivot/bankOut_l_pivot/heel_l_roll","cat":"step","ph":"X","ts":150948,"dur":1,"pid":1,"tid":0},
{"name":"ComposeSubtree /Biped/Rig/Controls/leg_l_ik/ankle_l_pivot/bankIn_l_pivot/bankOut_l_pivot/heel_l_roll/heel_l/ball_l_pivot/toe_l_roll/toe_l/ballRoll_l_up/ballRoll_l_down_twin","cat":"step","ph":"X","ts":150949,"dur":1,"pid":1,"tid":0},
{"name":"ComposeSubtree /Biped/Rig/Controls/leg_l_ik/ankle_l_pivot/bankIn_l_pivot/bankOut_l_pivot/heel_l_roll/heel_l/ball_l_pivot/toe_l_roll_twin","cat":"step","ph":"X","ts":150950,"dur":1,"pid":1,"tid":0},
{"name":"ComposeSubtree /Biped/Rig/Controls/leg_r_ik/ankle_r_pivot","cat":"step","ph":"X","ts":150951,"dur":1,"pid":1,"tid":0},
{"name":"ComposeSubtree /Biped/Rig/Controls/leg_r_ik/ankle_r_pivot/bankIn_r_pivot/bankOut_r_pivot/heel_r_roll/heel_r/ball_r_pivot/toe_r_roll/toe_r/ballRoll_r_up","cat":"step","ph":"X","ts":150952,"dur":1,"pid":1,"tid":0},
{"name":"ComposeSubtree /Biped/Rig/Controls/leg_r_ik/ankle_r_pivot/bankIn_r_pivot/bankOut_r_pivot/heel_r_roll/heel_r/ball_r_pivot/toe_r_roll/toe_r/toeBend_r/toeBend_r_fk","cat":"step","ph":"X","ts":150953,"dur":1,"pid":1,"tid":0},
{"name":"ComposeSubtree /Biped/Rig/Controls/leg_r_ik/ankle_r_pivot/bank_r","cat":"step","ph":"X","ts":150954,"dur":1,"pid":1,"tid":0},
{"name":"ComposeSubtree /Biped/Rig/Controls/middle_001_r_bind_fk_follow/middle_001_r_bind_fk/middle_002_r_bind_fk","cat":"step","ph":"X","ts":150955,"dur":1,"pid":1,"tid":0},
{"name":"ComposeSubtree /Biped/Rig/Controls/pinkyCup_l_bind_fk_follow/pinkyCup_l_bind_fk/pinky_001_l_bind_fk/pinky_002_l_bind_fk/pinky_003_l_bind_fk","cat":"step","ph":"X","ts":150956,"dur":1,"pid":1,"tid":0},
{"name":"ComposeSubtree /Biped/Rig/Controls/ring_001_l_bind_fk_follow","cat":"step","ph":"X","ts":150957,"dur":1,"pid":1,"tid":0},
{"name":"ComposeSubtree /Biped/Rig/Controls/ring_001_r_bind_fk_follow/ring_001_r_bind_fk/ring_002_r_bind_fk/ring_003_r_bind_fk","cat":"step","ph":"X","ts":150958,"dur":1,"pid":1,"tid":0},
{"name":"ComposeSubtree /Biped/Rig/Controls/thumbCup_r_bind_fk_follow","cat":"step","ph":"X","ts":150959,"dur":1,"pid":1,"tid":0},
{"name":"ComposeSubtree /Biped/Rig/Joints/ankle_l_pivot/bankIn_l_pivot/bankOut_l_pivot","cat":"step","ph":"X","ts":150960,"dur":1,"pid":1,"tid":0},
{"name":"ComposeSubtree /Biped/Rig/Joints/ankle_r_pivot/bankIn_r_pivot/bankOut_r_pivot","cat":"step","ph":"X","ts":150961,"dur":1,"pid":1,"tid":0},
{"name":"ComposeSubtree /Biped/Rig/Joints/hips_bind/pelvis_l_bind/pelvis_trans_combo_l_driver","cat":"step","ph":"X","ts":150962,"dur":1,"pid":1,"tid":0},
{"name":"ComposeSubtree /Biped/Rig/Joints/hips_bind/pelvis_l_bind/thigh_l_bind/knee_l_bind/ankleTwist_l_bind","cat":"step","ph":"X","ts":150963,"dur":1,"pid":1,"tid":0},
{"name":"ComposeSubtree /Biped/Rig/Joints/hips_bind/pelvis_l_bind/thigh_l_bind/knee_l_bind/ankle_l_bind/ball_l_bind/toe2_001_l_bind","cat":"step","ph":"X","ts":150964,"dur":1,"pid":1,"tid":0},
{"name":"ComposeSubtree /Biped/Rig/Joints/hips_bind/pelvis_l_bind/thigh_l_bind/knee_l_bind/ankle_l_bind/ball_l_bind/toe4_001_l_bind","cat":"step","ph":"X","ts":150965,"dur":1,"pid":1,"tid":0},
{"name":"ComposeSubtree /Biped/Rig/Joints/hips_bind/pelvis_l_bind/thigh_l_bind/knee_l_bind/ankle_l_bind/ball_l_bind/toe_l_bind","cat":"step","ph":"X","ts":150966,"dur":1,"pid":1,"tid":0},
{"name":"ComposeSubtree /Biped/Rig/Joints/hips_bind/pelvis_r_bind/thighNoTwist_r_bind","cat":"step","ph":"X","ts":150967,"dur":1,"pid":1,"tid":0},
{"name":"ComposeSubtree /Biped/Rig/Joints/hips_bind/pelvis_r_bind/thigh_r_bind/knee_r_bind/ankle_r_bind/ball_r_bind","cat":"step","ph":"X","ts":150968,"dur":1,"pid":1,"tid":0},
{"name":"ComposeSubtree /Biped/Rig/Joints/hips_bind/pelvis_r_bind/thigh_r_bind/knee_r_bind/ankle_r_bind/ball_r_bind/toe3_001_r_bind","cat":"step","ph":"X","ts":150969,"dur":1,"pid":1,"tid":0},
{"name":"ComposeSubtree /Biped/Rig/Joints/hips_bind/pelvis_r_bind/thigh_r_bind/knee_r_bind/ankle_r_bind/ball_r_bind/toe5_001_r_bind","cat":"step","ph":"X","ts":150970,"dur":1,"pid":1,"tid":0},
{"name":"ComposeSubtree /Biped/Rig/Joints/hips_bind/spine_0_bind","cat":"step","ph":"X","ts":150971,"dur":1,"pid":1,"tid":0},
{"name":"ComposeSubtree /Biped/Rig/Joints/hips_bind/spine_0_bind/spine_1_bind/spine_2_bind/spine_3_bind/spine_4_bind/spine_5_bind/chest_bind/clavicle_l_bind/clavicle_trans_combo_l_driver","cat":"step","ph":"X","ts":150972,"dur":1,"pid":1,"tid":0},
{"name":"ComposeSubtree /Biped/Rig/Joints/hips_bind/spine_0_bind/spine_1_bind/spine_2_bind/spine_3_bind/spine_4_bind/spine_5_bind/chest_bind/clavicle_l_bind/shoulder_l_bind/elbow_l_bind/elbowTwist_l_bind","cat":"step","ph":"X","ts":150973,"dur":1,"pid":1,"tid":0},
{"name":"ComposeSubtree /Biped/Rig/Joints/hips_bind/spine_0_bind/spine_1_bind/spine_2_bind/spine_3_bind/spine_4_bind/spine_5_bind/chest_bind/clavicle_l_bind/shoulder_l_bind/elbow_l_bind/wrist_l_bind/index_001_l_bind/index_002_l_bind","cat":"step","ph":"X","ts":150974,"dur":1,"pid":1,"tid":0},
{"name":"ComposeSubtree /Biped/Rig/Joints/hips_bind/spine_0_bind/spine_1_bind/spine_2_bind/spine_3_bind/spine_4_bind/spine_5_bind/chest_bind/clavicle_l_bind/shoulder_l_bind/elbow_l_bind/wrist_l_bind/pinkyCup_l_bind","cat":"step","ph":"X","ts":150975,"dur":1,"pid":1,"tid":0},
{"name":"ComposeSubtree /Biped/Rig/Joints/hips_bind/spine_0_bind/spine_1_bind/spine_2_bind/spine_3_bind/spine_4_bind/spine_5_bind/chest_bind/clavicle_l_bind/shoulder_l_bind/elbow_l_bind/wrist_l_bind/ring_001_l_bind","cat":"step","ph":"X","ts":150976,"dur":1,"pid":1,"tid":0},
{"name":"ComposeSubtree /Biped/Rig/Joints/hips_bind/spine_0_bind/spine_1_bind/spine_2_bind/spine_3_bind/spine_4_bind/spine_5_bind/chest_bind/clavicle_l_bind/shoulder_l_bind/elbow_l_bind/wrist_l_bind/thumbCup_l_bind/thumb_001_l_bind/thumb_002_l_bind/thumb_003_l_bind","cat":"step","ph":"X","ts":150977,"dur":1,"pid":1,"tid":0},
{"name":"ComposeSubtree /Biped/Rig/Joints/hips_bind/spine_0_bind/spine_1_bind/spine_2_bind/spine_3_bind/spine_4_bind/spine_5_bind/chest_bind/clavicle_r_bind/shoulderNoTwist_r_bind","cat":"step","ph":"X","ts":150978,"dur":1,"pid":1,"tid":0},
{"name":"ComposeSubtree /Biped/Rig/Joints/hips_bind/spine_0_bind/spine_1_bind/spine_2_bind/spine_3_bind/spine_4_bind/spine_5_bind/chest_bind/clavicle_r_bind/shoulder_r_bind/elbow_r_bind/wristTwist_r_driver","cat":"step","ph":"X","ts":150979,"dur":1,"pid":1,"tid":0},
{"name":"ComposeSubtree /Biped/Rig/Joints/hips_bind/spine_0_bind/spine_1_bind/spine_2_bind/spine_3_bind/spine_4_bind/spine_5_bind/chest_bind/clavicle_r_bind/shoulder_r_bind/elbow_r_bind/wrist_r_bind/middle_001_r_bind/middle_002_r_bind","cat":"step","ph":"X","ts":150980,"dur":1,"pid":1,"tid":0},
{"name":"ComposeSubtree /Biped/Rig/Joints/hips_bind/spine_0_bind/spine_1_bind/spine_2_bind/spine_3_bind/spine_4_bind/spine_5_bind/chest_bind/clavicle_r_bind/shoulder_r_bind/elbow_r_bind/wrist_r_bind/pinkyCup_r_bind/pinky_001_r_bind/pinky_002_r_bind/pinky_003_r_bind","cat":"step","ph":"X","ts":150981,"dur":1,"pid":1,"tid":0},
{"name":"ComposeSubtree /Biped/Rig/Joints/hips_bind/spine_0_bind/spine_1_bind/spine_2_bind/spine_3_bind/spine_4_bind/spine_5_bind/chest_bind/clavicle_r_bind/shoulder_r_bind/elbow_r_bind/wrist_r_bind/ring_001_r_bind/ring_002_r_bind/ring_003_r_bind/ring_004_r_bind","cat":"step","ph":"X","ts":150982,"dur":1,"pid":1,"tid":0},
{"name":"ComposeSubtree /Biped/Rig/Joints/hips_bind/spine_0_bind/spine_1_bind/spine_2_bind/spine_3_bind/spine_4_bind/spine_5_bind/chest_bind/neck_base_bind/neck_0_bind/neck_1_bind","cat":"step","ph":"X","ts":150983,"dur":1,"pid":1,"tid":0},
{"name":"ComposeSubtree /Biped/Rig/Joints/hips_bind/spine_0_bind/spine_1_bind/spine_2_bind/spine_3_bind/spine_4_bind/spine_5_bind/chest_bind/neck_base_bind/neck_0_bind/neck_1_bind/neck_2_bind/neck_3_bind/skull_bind/face_lower_bind/face_mid_bind/teeth_upper_bind","cat":"step","ph":"X","ts":150984,"dur":1,"pid":1,"tid":0},
{"name":"ComposeSubtree /Biped/Rig/Joints/hips_bind/spine_0_bind/spine_1_bind/spine_2_bind/spine_3_bind/spine_4_bind/spine_5_bind/chest_bind/neck_base_bind/neck_0_bind/neck_1_bind/neck_2_bind/neck_3_bind/skull_bind/face_lower_bind/jaw_bind/tongue_0_bind/tongue_1_bind/tongue_2_bind/tongue_3_bind","cat":"step","ph":"X","ts":150985,"dur":1,"pid":1,"tid":0},
{"name":"ComposeSubtree /Biped/Rig/Joints/hips_bind/spine_0_bind/spine_1_bind/spine_2_bind/spine_3_bind/spine_4_bind/spine_5_bind/chest_bind/neck_base_bind/neck_0_bind/neck_1_bind/neck_2_bind/neck_3_bind/skull_bind/face_upper_bind/head_tip_bind/brow_inner_r_bind","cat":"step","ph":"X","ts":150986,"dur":1,"pid":1,"tid":0},
{"name":"ComposeSubtree /Biped/Rig/Joints/neck_ik_neck_0_bind/neck_ik_neck_1_bind/neck_ik_neck_2_bind/neck_ik_neck_3_bind","cat":"step","ph":"X","ts":150987,"dur":1,"pid":1,"tid":0},
{"name":"ComposeSubtree /Biped/Rig/Joints/spine_ik_spine_0_bind/spine_ik_spine_1_bind/spine_ik_spine_2_bind/spine_ik_spine_3_bind/spine_ik_spine_4_bind/spine_ik_spine_5_bind","cat":"step","ph":"X","ts":150988,"dur":1,"pid":1,"tid":0},
{"name":"SolverCommit batch 0","cat":"step","ph":"X","ts":150989,"dur":1,"pid":1,"tid":0},
{"name":"Solve /Biped/Rig/Solvers/arm_r_fkChain","cat":"step","ph":"X","ts":150990,"dur":1,"pid":1,"tid":0},
{"name":"Solve /Biped/Rig/Solvers/leg_r_fkChain","cat":"step","ph":"X","ts":150991,"dur":1,"pid":1,"tid":0},
{"name":"Solve /Biped/Rig/Solvers/neck_splineIk","cat":"step","ph":"X","ts":150992,"dur":7,"pid":1,"tid":0},
{"name":"Solve /Biped/Rig/Solvers/spine_splineIk","cat":"step","ph":"X","ts":150999,"dur":7,"pid":1,"tid":0},
{"name":"SolverCommit batch 8","cat":"step","ph":"X","ts":151006,"dur":2,"pid":1,"tid":0},
{"name":"SolverCommit batch 9","cat":"step","ph":"X","ts":151008,"dur":1,"pid":1,"tid":0},
{"name":"Constraint /Biped/Rig/Movers/spine_mid_follow/spine_mid_follow_pos","cat":"step","ph":"X","ts":151009,"dur":4,"pid":1,"tid":0},
{"name":"Solve /Biped/Rig/Solvers/fk_thumb_r","cat":"step","ph":"X","ts":151013,"dur":1,"pid":1,"tid":0},
{"name":"SolverCommit batch 11","cat":"step","ph":"X","ts":151014,"dur":1,"pid":1,"tid":0},
{"name":"SolverCommit batch 12","cat":"step","ph":"X","ts":151015,"dur":1,"pid":1,"tid":0},
{"name":"Solve /Biped/Rig/Solvers/fk_pinky_r","cat":"step","ph":"X","ts":151016,"dur":1,"pid":1,"tid":0},
{"name":"Solve /Biped/Rig/Solvers/fk_middle_r","cat":"step","ph":"X","ts":151017,"dur":1,"pid":1,"tid":0},
{"name":"SolverCommit batch 14","cat":"step","ph":"X","ts":151018,"dur":1,"pid":1,"tid":0},
{"name":"SolverCommit batch 15","cat":"step","ph":"X","ts":151019,"dur":1,"pid":1,"tid":0},
{"name":"Solve /Biped/Rig/Solvers/fk_thumb_l","cat":"step","ph":"X","ts":151020,"dur":1,"pid":1,"tid":0},
{"name":"Solve /Biped/Rig/Solvers/fk_ring_l","cat":"step","ph":"X","ts":151021,"dur":1,"pid":1,"tid":0},
{"name":"Solve /Biped/Rig/Solvers/fk_pinky_l","cat":"step","ph":"X","ts":151022,"dur":1,"pid":1,"tid":0},
{"name":"SolverCommit batch 18","cat":"step","ph":"X","ts":151023,"dur":1,"pid":1,"tid":0},
{"name":"SolverCommit batch 19","cat":"step","ph":"X","ts":151024,"dur":1,"pid":1,"tid":0},
{"name":"SolverCommit batch 20","cat":"step","ph":"X","ts":151025,"dur":1,"pid":1,"tid":0},
{"name":"Constraint /Biped/Rig/Movers/spine_mid_follow/spine_mid_follow_aim","cat":"step","ph":"X","ts":151026,"dur":2,"pid":1,"tid":0},
{"name":"Constraint /Biped/Rig/Movers/hand_r_follow/thumbCup_r_bind_fk_follow_to_wrist_r_bind","cat":"step","ph":"X","ts":151028,"dur":3,"pid":1,"tid":0},
{"name":"Constraint /Biped/Rig/Movers/hand_r_follow/ring_001_r_bind_fk_follow_to_wrist_r_bind","cat":"step","ph":"X","ts":151031,"dur":2,"pid":1,"tid":0},
{"name":"Constraint /Biped/Rig/Movers/hand_r_follow/pinkyCup_r_bind_fk_follow_to_wrist_r_bind","cat":"step","ph":"X","ts":151033,"dur":2,"pid":1,"tid":0},
{"name":"Constraint /Biped/Rig/Movers/hand_r_follow/middle_001_r_bind_fk_follow_to_wrist_r_bind","cat":"step","ph":"X","ts":151035,"dur":2,"pid":1,"tid":0},
{"name":"Constraint /Biped/Rig/Movers/hand_r_follow/index_001_r_bind_fk_follow_to_wrist_r_bind","cat":"step","ph":"X","ts":151037,"dur":3,"pid":1,"tid":0},
{"name":"Constraint /Biped/Rig/Movers/hand_l_follow/thumbCup_l_bind_fk_follow_to_wrist_l_bind","cat":"step","ph":"X","ts":151040,"dur":2,"pid":1,"tid":0},
{"name":"Constraint /Biped/Rig/Movers/hand_l_follow/ring_001_l_bind_fk_follow_to_wrist_l_bind","cat":"step","ph":"X","ts":151042,"dur":2,"pid":1,"tid":0},
{"name":"Constraint /Biped/Rig/Movers/hand_l_follow/pinkyCup_l_bind_fk_follow_to_wrist_l_bind","cat":"step","ph":"X","ts":151044,"dur":2,"pid":1,"tid":0},
{"name":"Constraint /Biped/Rig/Movers/hand_l_follow/middle_001_l_bind_fk_follow_to_wrist_l_bind","cat":"step","ph":"X","ts":151046,"dur":2,"pid":1,"tid":0},
{"name":"Constraint /Biped/Rig/Movers/hand_l_follow/index_001_l_bind_fk_follow_to_wrist_l_bind","cat":"step","ph":"X","ts":151048,"dur":2,"pid":1,"tid":0},
{"name":"Constraint /Biped/Rig/Movers/bankIn_r_pivot_rc/bankIn_r_pivot_rotation","cat":"step","ph":"X","ts":151050,"dur":1,"pid":1,"tid":0},
{"name":"Constraint /Biped/Rig/Movers/bankOut_r_pivot_rc/bankOut_r_pivot_rotation","cat":"step","ph":"X","ts":151051,"dur":1,"pid":1,"tid":0},
{"name":"Constraint /Biped/Rig/Movers/toe_r_roll_rc/toe_r_roll_rotation","cat":"step","ph":"X","ts":151052,"dur":1,"pid":1,"tid":0},
{"name":"Constraint /Biped/Rig/Movers/ballRoll_r_down_rc/ballRoll_r_down_rotation","cat":"step","ph":"X","ts":151053,"dur":1,"pid":1,"tid":0},
{"name":"SolverCommit batch 39","cat":"step","ph":"X","ts":151054,"dur":5,"pid":1,"tid":0},
{"name":"Constraint /Biped/Rig/Movers/ankle_r_bind_scAim/ankle_r_bind_aim","cat":"step","ph":"X","ts":151059,"dur":3,"pid":1,"tid":0},
{"name":"Constraint /Biped/Rig/Movers/ball_r_bind_scAim/ball_r_bind_aim","cat":"step","ph":"X","ts":151062,"dur":3,"pid":1,"tid":0},
{"name":"Constraint /Biped/Rig/Movers/bankIn_l_pivot_rc/bankIn_l_pivot_rotation","cat":"step","ph":"X","ts":151065,"dur":1,"pid":1,"tid":0},
{"name":"Constraint /Biped/Rig/Movers/heel_l_roll_rc/heel_l_roll_rotation","cat":"step","ph":"X","ts":151066,"dur":1,"pid":1,"tid":0},
{"name":"Constraint /Biped/Rig/Movers/ballRoll_l_up_rc/ballRoll_l_up_rotation","cat":"step","ph":"X","ts":151067,"dur":1,"pid":1,"tid":0},
{"name":"Solve /Biped/Rig/Solvers/leg_l_ikfk","cat":"step","ph":"X","ts":151068,"dur":1,"pid":1,"tid":0},
{"name":"SolverCommit batch 49","cat":"step","ph":"X","ts":151069,"dur":4,"pid":1,"tid":0},
{"name":"Constraint /Biped/Rig/Movers/ankle_l_bind_scAim/ankle_l_bind_aim","cat":"step","ph":"X","ts":151073,"dur":3,"pid":1,"tid":0},
{"name":"Constraint /Biped/Rig/Movers/ball_l_bind_scAim/ball_l_bind_aim","cat":"step","ph":"X","ts":151076,"dur":3,"pid":1,"tid":0},
{"name":"Constraint /Biped/Rig/Movers/hips_follow/spine_root_ctl_drives_hips_bind","cat":"step","ph":"X","ts":151079,"dur":2,"pid":1,"tid":0},
{"name":"PropagateChunk /Biped/Rig/Movers/hips_follow/spine_root_ctl_drives_hips_bind","cat":"step","ph":"X","ts":151081,"dur":4,"pid":1,"tid":0},
{"name":"CommitApply /Biped/Rig/Movers/hips_follow/spine_root_ctl_drives_hips_bind","cat":"step","ph":"X","ts":151085,"dur":1,"pid":1,"tid":0},
{"name":"Constraint /Biped/Rig/Movers/hips_follow/spine_root_ctl_scales_hips_bind","cat":"step","ph":"X","ts":151086,"dur":1,"pid":1,"tid":0},
{"name":"PropagateChunk /Biped/Rig/Movers/hips_follow/spine_root_ctl_scales_hips_bind","cat":"step","ph":"X","ts":151087,"dur":4,"pid":1,"tid":0},
{"name":"CommitApply /Biped/Rig/Movers/hips_follow/spine_root_ctl_scales_hips_bind","cat":"step","ph":"X","ts":151091,"dur":1,"pid":1,"tid":0},
{"name":"Constraint /Biped/Rig/Movers/spine_to_bind/spine_ik_spine_0_bind_scale_to_spine_0_bind","cat":"step","ph":"X","ts":151092,"dur":4,"pid":1,"tid":0},
{"name":"Constraint /Biped/Rig/Movers/spine_to_bind/spine_ik_spine_0_bind_to_spine_0_bind","cat":"step","ph":"X","ts":151096,"dur":5,"pid":1,"tid":0},
{"name":"Constraint /Biped/Rig/Movers/spine_to_bind/spine_ik_spine_1_bind_scale_to_spine_1_bind","cat":"step","ph":"X","ts":151101,"dur":4,"pid":1,"tid":0},
{"name":"Constraint /Biped/Rig/Movers/spine_to_bind/spine_ik_spine_1_bind_to_spine_1_bind","cat":"step","ph":"X","ts":151105,"dur":5,"pid":1,"tid":0},
{"name":"Constraint /Biped/Rig/Movers/spine_to_bind/spine_ik_spine_2_bind_scale_to_spine_2_bind","cat":"step","ph":"X","ts":151110,"dur":4,"pid":1,"tid":0},
{"name":"Constraint /Biped/Rig/Movers/spine_to_bind/spine_ik_spine_2_bind_to_spine_2_bind","cat":"step","ph":"X","ts":151114,"dur":5,"pid":1,"tid":0},
{"name":"Constraint /Biped/Rig/Movers/spine_to_bind/spine_ik_spine_3_bind_scale_to_spine_3_bind","cat":"step","ph":"X","ts":151119,"dur":3,"pid":1,"tid":0},
{"name":"Constraint /Biped/Rig/Movers/spine_to_bind/spine_ik_spine_3_bind_to_spine_3_bind","cat":"step","ph":"X","ts":151122,"dur":5,"pid":1,"tid":0},
{"name":"Constraint /Biped/Rig/Movers/spine_to_bind/spine_ik_spine_4_bind_scale_to_spine_4_bind","cat":"step","ph":"X","ts":151127,"dur":4,"pid":1,"tid":0},
{"name":"Constraint /Biped/Rig/Movers/spine_to_bind/spine_ik_spine_4_bind_to_spine_4_bind","cat":"step","ph":"X","ts":151131,"dur":5,"pid":1,"tid":0},
{"name":"Constraint /Biped/Rig/Movers/spine_to_bind/spine_ik_spine_5_bind_scale_to_spine_5_bind","cat":"step","ph":"X","ts":151136,"dur":4,"pid":1,"tid":0},
{"name":"Constraint /Biped/Rig/Movers/spine_to_bind/spine_ik_spine_5_bind_to_spine_5_bind","cat":"step","ph":"X","ts":151140,"dur":5,"pid":1,"tid":0},
{"name":"Constraint /Biped/Rig/Movers/spine_to_bind/spine_ik_chest_bind_scale_to_chest_bind","cat":"step","ph":"X","ts":151145,"dur":3,"pid":1,"tid":0},
{"name":"Constraint /Biped/Rig/Movers/spine_to_bind/spine_ik_chest_bind_to_chest_bind","cat":"step","ph":"X","ts":151148,"dur":5,"pid":1,"tid":0},
{"name":"Constraint /Biped/Rig/Movers/girdles/spine_end_ctl_drives_chest_bind","cat":"step","ph":"X","ts":151153,"dur":4,"pid":1,"tid":0},
{"name":"Constraint /Biped/Rig/Movers/girdles/pelvis_r_ctl_drives_pelvis_r_bind","cat":"step","ph":"X","ts":151157,"dur":1,"pid":1,"tid":0},
{"name":"Constraint /Biped/Rig/Movers/girdles/pelvis_l_ctl_drives_pelvis_l_bind","cat":"step","ph":"X","ts":151158,"dur":1,"pid":1,"tid":0},
{"name":"Constraint /Biped/Rig/Movers/girdles/clavicle_r_ctl_drives_clavicle_r_bind","cat":"step","ph":"X","ts":151159,"dur":1,"pid":1,"tid":0},
{"name":"Constraint /Biped/Rig/Movers/girdles/spine_end_ctl_unsquashes_neck_base_bind","cat":"step","ph":"X","ts":151160,"dur":3,"pid":1,"tid":0},
{"name":"Constraint /Biped/Rig/Movers/girdles/clavicle_r_ctl_unsquashes_clavicle_r_bind","cat":"step","ph":"X","ts":151163,"dur":2,"pid":1,"tid":0},
{"name":"Constraint /Biped/Rig/Movers/girdles/clavicle_l_ctl_unsquashes_clavicle_l_bind","cat":"step","ph":"X","ts":151165,"dur":1,"pid":1,"tid":0},
{"name":"Constraint /Biped/Rig/Movers/neck_to_bind/neck_ik_neck_0_bind_scale_to_neck_0_bind","cat":"step","ph":"X","ts":151166,"dur":3,"pid":1,"tid":0},
{"name":"Constraint /Biped/Rig/Movers/neck_to_bind/neck_ik_neck_0_bind_to_neck_0_bind","cat":"step","ph":"X","ts":151169,"dur":3,"pid":1,"tid":0},
{"name":"Constraint /Biped/Rig/Movers/neck_to_bind/neck_ik_neck_1_bind_scale_to_neck_1_bind","cat":"step","ph":"X","ts":151172,"dur":3,"pid":1,"tid":0},
{"name":"Constraint /Biped/Rig/Movers/neck_to_bind/neck_ik_neck_1_bind_to_neck_1_bind","cat":"step","ph":"X","ts":151175,"dur":3,"pid":1,"tid":0},
{"name":"Constraint /Biped/Rig/Movers/neck_to_bind/neck_ik_neck_2_bind_scale_to_neck_2_bind","cat":"step","ph":"X","ts":151178,"dur":3,"pid":1,"tid":0},
{"name":"Constraint /Biped/Rig/Movers/neck_to_bind/neck_ik_neck_2_bind_to_neck_2_bind","cat":"step","ph":"X","ts":151181,"dur":3,"pid":1,"tid":0},
{"name":"Constraint /Biped/Rig/Movers/neck_to_bind/neck_ik_neck_3_bind_scale_to_neck_3_bind","cat":"step","ph":"X","ts":151184,"dur":3,"pid":1,"tid":0},
{"name":"Constraint /Biped/Rig/Movers/neck_to_bind/neck_ik_neck_3_bind_to_neck_3_bind","cat":"step","ph":"X","ts":151187,"dur":3,"pid":1,"tid":0},
{"name":"Constraint /Biped/Rig/Movers/neck_to_bind/neck_ik_skull_bind_scale_to_skull_bind","cat":"step","ph":"X","ts":151190,"dur":3,"pid":1,"tid":0},
{"name":"Constraint /Biped/Rig/Movers/neck_to_bind/neck_ik_skull_bind_to_skull_bind","cat":"step","ph":"X","ts":151193,"dur":3,"pid":1,"tid":0},
{"name":"Constraint /Biped/Rig/Movers/twist_aims/wristTwist_r_bind_copy","cat":"step","ph":"X","ts":151196,"dur":3,"pid":1,"tid":0},
{"name":"Constraint /Biped/Rig/Movers/twist_aims/wristTwist_r_bind_aim","cat":"step","ph":"X","ts":151199,"dur":1,"pid":1,"tid":0},
{"name":"Constraint /Biped/Rig/Movers/twist_aims/wristTwist_l_bind_copy","cat":"step","ph":"X","ts":151200,"dur":2,"pid":1,"tid":0},
{"name":"Constraint /Biped/Rig/Movers/twist_aims/wristTwist_l_bind_aim","cat":"step","ph":"X","ts":151202,"dur":2,"pid":1,"tid":0},
{"name":"Constraint /Biped/Rig/Movers/twist_aims/ankleTwist_r_bind_copy","cat":"step","ph":"X","ts":151204,"dur":1,"pid":1,"tid":0},
{"name":"Constraint /Biped/Rig/Movers/twist_aims/ankleTwist_r_bind_aim","cat":"step","ph":"X","ts":151205,"dur":2,"pid":1,"tid":0},
{"name":"Constraint /Biped/Rig/Movers/twist_aims/ankleTwist_l_bind_copy","cat":"step","ph":"X","ts":151207,"dur":1,"pid":1,"tid":0},
{"name":"Constraint /Biped/Rig/Movers/twist_aims/ankleTwist_l_bind_aim","cat":"step","ph":"X","ts":151208,"dur":2,"pid":1,"tid":0},
{"name":"Constraint /Biped/Rig/Movers/twist_aims/ankleTwist_l_bind_follows_ankle_l_bind","cat":"step","ph":"X","ts":151210,"dur":1,"pid":1,"tid":0},
{"name":"Constraint /Biped/Rig/Movers/twist_aims/wristTwist_l_bind_follows_wrist_l_bind","cat":"step","ph":"X","ts":151211,"dur":1,"pid":1,"tid":0},
{"name":"Constraint /Biped/Rig/Movers/twist_aims/thighNoTwist_l_bind_follows_thigh_l_bind","cat":"step","ph":"X","ts":151212,"dur":1,"pid":1,"tid":0},
{"name":"Constraint /Biped/Rig/Movers/twist_aims/shoulderNoTwist_l_bind_follows_shoulder_l_bind","cat":"step","ph":"X","ts":151213,"dur":1,"pid":1,"tid":0},
{"name":"Constraint /Biped/Rig/Movers/twist_aims/pelvis_trans_l_bind_follows_thigh_l_bind","cat":"step","ph":"X","ts":151214,"dur":1,"pid":1,"tid":0},
{"name":"Constraint /Biped/Rig/Movers/twist_aims/clavicle_trans_l_bind_follows_shoulder_l_bind","cat":"step","ph":"X","ts":151215,"dur":1,"pid":1,"tid":0},
{"name":"Constraint /Biped/Rig/Movers/twist_aims/pelvis_trans_r_bind_aim","cat":"step","ph":"X","ts":151216,"dur":2,"pid":1,"tid":0},
{"name":"Constraint /Biped/Rig/Movers/twist_aims/pelvis_trans_l_bind_aim","cat":"step","ph":"X","ts":151218,"dur":1,"pid":1,"tid":0},
{"name":"Constraint /Biped/Rig/Movers/twist_aims/kneeTwist_r_bind_aim","cat":"step","ph":"X","ts":151219,"dur":2,"pid":1,"tid":0},
{"name":"Constraint /Biped/Rig/Movers/twist_aims/kneeTwist_l_bind_aim","cat":"step","ph":"X","ts":151221,"dur":1,"pid":1,"tid":0},
{"name":"Constraint /Biped/Rig/Movers/twist_aims/thighNoTwist_r_bind_aim","cat":"step","ph":"X","ts":151222,"dur":2,"pid":1,"tid":0},
{"name":"Constraint /Biped/Rig/Movers/twist_aims/thighNoTwist_l_bind_aim","cat":"step","ph":"X","ts":151224,"dur":1,"pid":1,"tid":0},
{"name":"Constraint /Biped/Rig/Movers/twist_aims/clavicle_trans_r_bind_aim","cat":"step","ph":"X","ts":151225,"dur":2,"pid":1,"tid":0},
{"name":"Constraint /Biped/Rig/Movers/twist_aims/clavicle_trans_l_bind_aim","cat":"step","ph":"X","ts":151227,"dur":1,"pid":1,"tid":0},
{"name":"Constraint /Biped/Rig/Movers/twist_aims/elbowTwist_r_bind_aim","cat":"step","ph":"X","ts":151228,"dur":2,"pid":1,"tid":0},
{"name":"Constraint /Biped/Rig/Movers/twist_aims/elbowTwist_l_bind_aim","cat":"step","ph":"X","ts":151230,"dur":2,"pid":1,"tid":0},
{"name":"Constraint /Biped/Rig/Movers/twist_aims/shoulderNoTwist_r_bind_aim","cat":"step","ph":"X","ts":151232,"dur":1,"pid":1,"tid":0},
{"name":"Constraint /Biped/Rig/Movers/twist_aims/shoulderNoTwist_l_bind_aim","cat":"step","ph":"X","ts":151233,"dur":2,"pid":1,"tid":0},
{"name":"Constraint /Biped/Rig/Movers/pose_drivers/thigh_r_driver_copies_thigh_r_bind","cat":"step","ph":"X","ts":151235,"dur":2,"pid":1,"tid":0},
{"name":"Constraint /Biped/Rig/Movers/pose_drivers/thigh_l_driver_copies_thigh_l_bind","cat":"step","ph":"X","ts":151237,"dur":2,"pid":1,"tid":0},
{"name":"Constraint /Biped/Rig/Movers/pose_drivers/thigh_r_twist_driver_copies_thighNoTwist_r_bind","cat":"step","ph":"X","ts":151239,"dur":2,"pid":1,"tid":0},
{"name":"Constraint /Biped/Rig/Movers/pose_drivers/thigh_l_twist_driver_copies_thighNoTwist_l_bind","cat":"step","ph":"X","ts":151241,"dur":2,"pid":1,"tid":0},
{"name":"Constraint /Biped/Rig/Movers/pose_drivers/ankleTwist_r_driver_copies_ankleTwist_r_bind","cat":"step","ph":"X","ts":151243,"dur":1,"pid":1,"tid":0},
{"name":"Constraint /Biped/Rig/Movers/pose_drivers/ankleTwist_l_driver_copies_ankleTwist_l_bind","cat":"step","ph":"X","ts":151244,"dur":2,"pid":1,"tid":0},
{"name":"Constraint /Biped/Rig/Movers/pose_drivers/toe_r_driver_copies_ball_r_bind","cat":"step","ph":"X","ts":151246,"dur":2,"pid":1,"tid":0},
{"name":"Constraint /Biped/Rig/Movers/pose_drivers/toe_l_driver_copies_ball_l_bind","cat":"step","ph":"X","ts":151248,"dur":2,"pid":1,"tid":0},
{"name":"Constraint /Biped/Rig/Movers/pose_drivers/knee_r_driver_copies_knee_r_bind","cat":"step","ph":"X","ts":151250,"dur":2,"pid":1,"tid":0},
{"name":"Constraint /Biped/Rig/Movers/pose_drivers/knee_l_driver_copies_knee_l_bind","cat":"step","ph":"X","ts":151252,"dur":2,"pid":1,"tid":0},
{"name":"Constraint /Biped/Rig/Movers/pose_drivers/ankleSwing_r_driver_copies_ankle_r_bind","cat":"step","ph":"X","ts":151254,"dur":2,"pid":1,"tid":0},
{"name":"Constraint /Biped/Rig/Movers/pose_drivers/ankleSwing_l_driver_copies_ankle_l_bind","cat":"step","ph":"X","ts":151256,"dur":2,"pid":1,"tid":0},
{"name":"Constraint /Biped/Rig/Movers/pose_drivers/shoulder_r_driver_copies_shoulder_r_bind","cat":"step","ph":"X","ts":151258,"dur":2,"pid":1,"tid":0},
{"name":"Constraint /Biped/Rig/Movers/pose_drivers/shoulder_l_driver_copies_shoulder_l_bind","cat":"step","ph":"X","ts":151260,"dur":2,"pid":1,"tid":0},
{"name":"Constraint /Biped/Rig/Movers/pose_drivers/wristTwist_r_driver_copies_wristTwist_r_bind","cat":"step","ph":"X","ts":151262,"dur":2,"pid":1,"tid":0},
{"name":"Constraint /Biped/Rig/Movers/pose_drivers/wristTwist_l_driver_copies_wristTwist_l_bind","cat":"step","ph":"X","ts":151264,"dur":2,"pid":1,"tid":0},
{"name":"Constraint /Biped/Rig/Movers/pose_drivers/shoulder_r_twist_driver_copies_shoulderNoTwist_r_bind","cat":"step","ph":"X","ts":151266,"dur":2,"pid":1,"tid":0},
{"name":"Constraint /Biped/Rig/Movers/pose_drivers/shoulder_l_twist_driver_copies_shoulderNoTwist_l_bind","cat":"step","ph":"X","ts":151268,"dur":2,"pid":1,"tid":0},
{"name":"Constraint /Biped/Rig/Movers/pose_drivers/wristSwing_r_driver_copies_wrist_r_bind","cat":"step","ph":"X","ts":151270,"dur":3,"pid":1,"tid":0},
{"name":"Constraint /Biped/Rig/Movers/pose_drivers/wristSwing_l_driver_copies_wrist_l_bind","cat":"step","ph":"X","ts":151273,"dur":1,"pid":1,"tid":0},
{"name":"Constraint /Biped/Rig/Movers/pose_drivers/elbow_r_driver_copies_elbow_r_bind","cat":"step","ph":"X","ts":151274,"dur":2,"pid":1,"tid":0},
{"name":"Constraint /Biped/Rig/Movers/pose_drivers/elbow_l_driver_copies_elbow_l_bind","cat":"step","ph":"X","ts":151276,"dur":3,"pid":1,"tid":0},
{"name":"Constraint /Biped/Rig/Movers/param_follow/leg_r_params_to_ankle_r_bind","cat":"step","ph":"X","ts":151279,"dur":1,"pid":1,"tid":0},
{"name":"Constraint /Biped/Rig/Movers/param_follow/leg_l_params_to_ankle_l_bind","cat":"step","ph":"X","ts":151280,"dur":2,"pid":1,"tid":0},
{"name":"Constraint /Biped/Rig/Movers/param_follow/arm_r_params_to_wrist_r_bind","cat":"step","ph":"X","ts":151282,"dur":2,"pid":1,"tid":0},
{"name":"Constraint /Biped/Rig/Movers/param_follow/arm_l_params_to_wrist_l_bind","cat":"step","ph":"X","ts":151284,"dur":2,"pid":1,"tid":0},
{"name":"ProviderMatrix /Biped/Rig/Controls/leg_l_ik/ankle_l_pivot/bankIn_l_pivot/bankOut_l_pivot/heel_l_roll/heel_l/ball_l_pivot/toe_l_roll/toe_l/ballRoll_l_up final","cat":"step","ph":"X","ts":151286,"dur":1,"pid":1,"tid":0},
{"name":"ProviderMatrix /Biped/Rig/Joints/ankle_l_pivot final","cat":"step","ph":"X","ts":151287,"dur":1,"pid":1,"tid":0},
{"name":"ProviderMatrix /Biped/Rig/Joints/ankle_r_pivot/bankIn_r_pivot/bankOut_r_pivot/heel_r_pivot final","cat":"step","ph":"X","ts":151288,"dur":1,"pid":1,"tid":0},
{"name":"ProviderMatrix /Biped/Rig/Joints/hips_bind/pelvis_l_bind/thighNoTwist_l_bind final","cat":"step","ph":"X","ts":151289,"dur":1,"pid":1,"tid":0},
{"name":"ProviderMatrix /Biped/Rig/Joints/hips_bind/pelvis_l_bind/thigh_l_bind/knee_l_bind/ankle_l_bind/ball_l_bind/toe1_001_l_bind/toe1_002_l_bind/toe1_003_l_bind/toe1_004_l_bind final","cat":"step","ph":"X","ts":151290,"dur":1,"pid":1,"tid":0},
{"name":"ProviderMatrix /Biped/Rig/Joints/hips_bind/pelvis_l_bind/thigh_l_bind/knee_l_bind/ankle_l_bind/ball_l_bind/toe4_001_l_bind/toe4_002_l_bind/toe4_003_l_bind final","cat":"step","ph":"X","ts":151291,"dur":1,"pid":1,"tid":0},
{"name":"ProviderMatrix /Biped/Rig/Joints/hips_bind/pelvis_r_bind/pelvis_trans_combo_r_driver final","cat":"step","ph":"X","ts":151292,"dur":1,"pid":1,"tid":0},
{"name":"ProviderMatrix /Biped/Rig/Joints/hips_bind/pelvis_r_bind/thigh_r_bind/knee_r_bind/ankle_r_bind/ball_r_bind final","cat":"step","ph":"X","ts":151293,"dur":1,"pid":1,"tid":0},
{"name":"ProviderMatrix /Biped/Rig/Joints/hips_bind/pelvis_r_bind/thigh_r_bind/knee_r_bind/ankle_r_bind/ball_r_bind/toe3_001_r_bind/toe3_002_r_bind/toe3_003_r_bind final","cat":"step","ph":"X","ts":151294,"dur":1,"pid":1,"tid":0},
{"name":"ProviderMatrix /Biped/Rig/Joints/hips_bind/pelvis_r_bind/thigh_r_bind/knee_r_bind/ankle_r_bind/toe_r_driver final","cat":"step","ph":"X","ts":151295,"dur":1,"pid":1,"tid":0},
{"name":"ProviderMatrix /Biped/Rig/Joints/hips_bind/spine_0_bind/spine_1_bind/spine_2_bind/spine_3_bind/spine_4_bind/spine_5_bind/chest_bind/clavicle_l_bind/clavicle_trans_l_bind final","cat":"step","ph":"X","ts":151296,"dur":1,"pid":1,"tid":0},
{"name":"ProviderMatrix /Biped/Rig/Joints/hips_bind/spine_0_bind/spine_1_bind/spine_2_bind/spine_3_bind/spine_4_bind/spine_5_bind/chest_bind/clavicle_l_bind/shoulder_l_bind/elbow_l_bind/wristTwist_l_driver final","cat":"step","ph":"X","ts":151297,"dur":1,"pid":1,"tid":0},
{"name":"ProviderMatrix /Biped/Rig/Joints/hips_bind/spine_0_bind/spine_1_bind/spine_2_bind/spine_3_bind/spine_4_bind/spine_5_bind/chest_bind/clavicle_l_bind/shoulder_l_bind/elbow_l_bind/wrist_l_bind/middle_001_l_bind/middle_002_l_bind/middle_003_l_bind/middle_004_l_bind final","cat":"step","ph":"X","ts":151298,"dur":1,"pid":1,"tid":0},
{"name":"ProviderMatrix /Biped/Rig/Joints/hips_bind/spine_0_bind/spine_1_bind/spine_2_bind/spine_3_bind/spine_4_bind/spine_5_bind/chest_bind/clavicle_l_bind/shoulder_l_bind/elbow_l_bind/wrist_l_bind/ring_001_l_bind/ring_002_l_bind final","cat":"step","ph":"X","ts":151299,"dur":1,"pid":1,"tid":0},
{"name":"ProviderMatrix /Biped/Rig/Joints/hips_bind/spine_0_bind/spine_1_bind/spine_2_bind/spine_3_bind/spine_4_bind/spine_5_bind/chest_bind/clavicle_r_bind/clavicle_trans_r_bind/shoulder_r_driver final","cat":"step","ph":"X","ts":151300,"dur":1,"pid":1,"tid":0},
{"name":"ProviderMatrix /Biped/Rig/Joints/hips_bind/spine_0_bind/spine_1_bind/spine_2_bind/spine_3_bind/spine_4_bind/spine_5_bind/chest_bind/clavicle_r_bind/shoulder_r_bind/elbow_r_bind/wrist_r_bind final","cat":"step","ph":"X","ts":151301,"dur":1,"pid":1,"tid":0},
{"name":"ProviderMatrix /Biped/Rig/Joints/hips_bind/spine_0_bind/spine_1_bind/spine_2_bind/spine_3_bind/spine_4_bind/spine_5_bind/chest_bind/clavicle_r_bind/shoulder_r_bind/elbow_r_bind/wrist_r_bind/middle_001_r_bind/middle_002_r_bind/middle_003_r_bind/middle_004_r_bind final","cat":"step","ph":"X","ts":151302,"dur":1,"pid":1,"tid":0},
{"name":"ProviderMatrix /Biped/Rig/Joints/hips_bind/spine_0_bind/spine_1_bind/spine_2_bind/spine_3_bind/spine_4_bind/spine_5_bind/chest_bind/clavicle_r_bind/shoulder_r_bind/elbow_r_bind/wrist_r_bind/ring_001_r_bind/ring_002_r_bind/ring_003_r_bind final","cat":"step","ph":"X","ts":151303,"dur":1,"pid":1,"tid":0},
{"name":"ProviderMatrix /Biped/Rig/Joints/hips_bind/spine_0_bind/spine_1_bind/spine_2_bind/spine_3_bind/spine_4_bind/spine_5_bind/chest_bind/neck_base_bind/neck_0_bind/neck_1_bind/neck_2_bind final","cat":"step","ph":"X","ts":151304,"dur":1,"pid":1,"tid":0},
{"name":"ProviderMatrix /Biped/Rig/Joints/hips_bind/spine_0_bind/spine_1_bind/spine_2_bind/spine_3_bind/spine_4_bind/spine_5_bind/chest_bind/neck_base_bind/neck_0_bind/neck_1_bind/neck_2_bind/neck_3_bind/skull_bind/face_lower_bind/jaw_bind/tongue_0_bind final","cat":"step","ph":"X","ts":151305,"dur":1,"pid":1,"tid":0},
{"name":"ProviderMatrix /Biped/Rig/Joints/hips_bind/spine_0_bind/spine_1_bind/spine_2_bind/spine_3_bind/spine_4_bind/spine_5_bind/chest_bind/neck_base_bind/neck_0_bind/neck_1_bind/neck_2_bind/neck_3_bind/skull_bind/face_upper_bind/head_tip_bind/brow_inner_l_bind final","cat":"step","ph":"X","ts":151306,"dur":1,"pid":1,"tid":0},
{"name":"ProviderMatrix /Biped/Rig/Joints/pupilCenter_r_pivot final","cat":"step","ph":"X","ts":151307,"dur":1,"pid":1,"tid":0},
{"name":"InfluenceFold /Biped/Rig/Movers/skin_body_geo/body_geo_skin","cat":"step","ph":"X","ts":151308,"dur":23,"pid":1,"tid":0},
{"name":"RevisionChunk /Biped/Rig/Movers/skin_body_geo/body_geo_skin","cat":"step","ph":"X","ts":151331,"dur":363,"pid":1,"tid":0},
{"name":"RevisionFuse /Biped/Rig/Movers/skin_body_geo/body_geo_skin","cat":"step","ph":"X","ts":151694,"dur":2,"pid":1,"tid":0},
{"name":"ChainStatus /Biped/Geom/body_geo.points","cat":"step","ph":"X","ts":151696,"dur":12,"pid":1,"tid":0},
{"name":"Derived /Biped/Geom/body_geo.extent","cat":"step","ph":"X","ts":151708,"dur":159,"pid":1,"tid":0},
{"name":"BakedPublish","cat":"baked","ph":"X","ts":151911,"dur":58,"pid":1,"tid":0},
{"name":"BakedEpilogue","cat":"baked","ph":"X","ts":151868,"dur":107,"pid":1,"tid":0},
{"name":"Baked","cat":"baked","ph":"X","ts":150804,"dur":1172,"pid":1,"tid":0},
{"name":"Evaluate.Run","cat":"evaluate","ph":"X","ts":150804,"dur":1172,"pid":1,"tid":0},
{"name":"Evaluate@4","cat":"evaluate","ph":"X","ts":150802,"dur":1175,"pid":1,"tid":0},
{"name":"Evaluate.Settle","cat":"evaluate","ph":"X","ts":152065,"dur":0,"pid":1,"tid":0},
{"name":"Evaluate.PlaceOverrides","cat":"evaluate","ph":"X","ts":152066,"dur":0,"pid":1,"tid":0},
{"name":"PropertyChains","cat":"property","ph":"X","ts":152068,"dur":5,"pid":1,"tid":0},
{"name":"BakedInputs","cat":"baked","ph":"X","ts":152074,"dur":5,"pid":1,"tid":0},
{"name":"BakedChainBase","cat":"geometry","ph":"X","ts":152178,"dur":1,"pid":1,"tid":0},
{"name":"BakedPrologue","cat":"baked","ph":"X","ts":152067,"dur":112,"pid":1,"tid":0},
{"name":"BakedRegion","cat":"baked","ph":"X","ts":152180,"dur":1003,"pid":1,"tid":0},
{"name":"ComposeSubtree /Biped/Rig/Controls/arm_l_ik","cat":"step","ph":"X","ts":152205,"dur":1,"pid":1,"tid":0},
{"name":"ComposeSubtree /Biped/Rig/Controls/hips_ctl","cat":"step","ph":"X","ts":152206,"dur":1,"pid":1,"tid":0},
{"name":"ComposeSubtree /Biped/Rig/Controls/hips_ctl/spine_root_pivot/spine_root_ctl/pelvis_l_ctl/leg_l_root/leg_l_fk_thigh_l_bind/leg_l_fk_knee_l_bind","cat":"step","ph":"X","ts":152207,"dur":1,"pid":1,"tid":0},
{"name":"ComposeSubtree /Biped/Rig/Controls/hips_ctl/torso_ctl/spine_end_pivot/spine_end_ctl","cat":"step","ph":"X","ts":152208,"dur":1,"pid":1,"tid":0},
{"name":"ComposeSubtree /Biped/Rig/Controls/hips_ctl/torso_ctl/spine_end_pivot/spine_end_ctl/clavicle_r_ctl","cat":"step","ph":"X","ts":152209,"dur":1,"pid":1,"tid":0},
{"name":"ComposeSubtree /Biped/Rig/Controls/index_001_l_bind_fk_follow","cat":"step","ph":"X","ts":152210,"dur":1,"pid":1,"tid":0},
{"name":"ComposeSubtree /Biped/Rig/Controls/index_001_r_bind_fk_follow/index_001_r_bind_fk/index_002_r_bind_fk/index_003_r_bind_fk","cat":"step","ph":"X","ts":152211,"dur":1,"pid":1,"tid":0},
{"name":"ComposeSubtree /Biped/Rig/Controls/leg_l_ik/ankle_l_pivot/bankIn_l_pivot/bankOut_l_pivot/heel_l_roll/heel_l/ball_l_pivot","cat":"step","ph":"X","ts":152212,"dur":1,"pid":1,"tid":0},
{"name":"ComposeSubtree /Biped/Rig/Controls/leg_l_ik/ankle_l_pivot/bankIn_l_pivot/bankOut_l_pivot/heel_l_roll/heel_l/ball_l_pivot/toe_l_roll/toe_l/ballRoll_l_up/ballRoll_l_down_twin","cat":"step","ph":"X","ts":152213,"dur":1,"pid":1,"tid":0},
{"name":"ComposeSubtree /Biped/Rig/Controls/leg_l_ik/ankle_l_pivot/bankIn_l_pivot/bankOut_l_pivot_twin","cat":"step","ph":"X","ts":152214,"dur":1,"pid":1,"tid":0},
{"name":"ComposeSubtree /Biped/Rig/Controls/leg_r_ik/ankle_r_pivot","cat":"step","ph":"X","ts":152215,"dur":1,"pid":1,"tid":0},
{"name":"ComposeSubtree /Biped/Rig/Controls/leg_r_ik/ankle_r_pivot/bankIn_r_pivot/bankOut_r_pivot/heel_r_roll/heel_r/ball_r_pivot/toe_r_roll/toe_r/ballRoll_r_up/ballRoll_r_down/ballRoll_r","cat":"step","ph":"X","ts":152216,"dur":1,"pid":1,"tid":0},
{"name":"ComposeSubtree /Biped/Rig/Controls/leg_r_ik/ankle_r_pivot/bankIn_r_pivot/bankOut_r_pivot/heel_r_roll/heel_r/ball_r_pivot/toe_r_roll_twin","cat":"step","ph":"X","ts":152217,"dur":1,"pid":1,"tid":0},
{"name":"ComposeSubtree /Biped/Rig/Controls/leg_r_pv","cat":"step","ph":"X","ts":152218,"dur":1,"pid":1,"tid":0},
{"name":"ComposeSubtree /Biped/Rig/Controls/middle_001_r_bind_fk_follow/middle_001_r_bind_fk/middle_002_r_bind_fk/middle_003_r_bind_fk","cat":"step","ph":"X","ts":152219,"dur":1,"pid":1,"tid":0},
{"name":"ComposeSubtree /Biped/Rig/Controls/pinkyCup_r_bind_fk_follow","cat":"step","ph":"X","ts":152220,"dur":1,"pid":1,"tid":0},
{"name":"ComposeSubtree /Biped/Rig/Controls/ring_001_l_bind_fk_follow/ring_001_l_bind_fk/ring_002_l_bind_fk/ring_003_l_bind_fk","cat":"step","ph":"X","ts":152221,"dur":1,"pid":1,"tid":0},
{"name":"ComposeSubtree /Biped/Rig/Controls/spine_mid_follow","cat":"step","ph":"X","ts":152222,"dur":1,"pid":1,"tid":0},
{"name":"ComposeSubtree /Biped/Rig/Controls/thumbCup_r_bind_fk_follow/thumbCup_r_bind_fk/thumb_001_r_bind_fk","cat":"step","ph":"X","ts":152223,"dur":1,"pid":1,"tid":0},
{"name":"ComposeSubtree /Biped/Rig/Joints/ankle_l_pivot/bankIn_l_pivot/bankOut_l_pivot/heel_l_pivot/ball_l_pivot","cat":"step","ph":"X","ts":152224,"dur":1,"pid":1,"tid":0},
{"name":"ComposeSubtree /Biped/Rig/Joints/ankle_r_pivot/bankIn_r_pivot/bankOut_r_pivot/heel_r_pivot/ball_r_pivot","cat":"step","ph":"X","ts":152225,"dur":1,"pid":1,"tid":0},
{"name":"ComposeSubtree /Biped/Rig/Joints/hips_bind/pelvis_l_bind/thighNoTwist_l_bind","cat":"step","ph":"X","ts":152226,"dur":1,"pid":1,"tid":0},
{"name":"ComposeSubtree /Biped/Rig/Joints/hips_bind/pelvis_l_bind/thigh_l_bind/knee_l_bind/ankle_l_bind/ball_l_bind","cat":"step","ph":"X","ts":152227,"dur":1,"pid":1,"tid":0},
{"name":"ComposeSubtree /Biped/Rig/Joints/hips_bind/pelvis_l_bind/thigh_l_bind/knee_l_bind/ankle_l_bind/ball_l_bind/toe2_001_l_bind/toe2_002_l_bind/toe2_003_l_bind","cat":"step","ph":"X","ts":152228,"dur":1,"pid":1,"tid":0},
{"name":"ComposeSubtree /Biped/Rig/Joints/hips_bind/pelvis_l_bind/thigh_l_bind/knee_l_bind/ankle_l_bind/ball_l_bind/toe5_001_l_bind","cat":"step","ph":"X","ts":152229,"dur":1,"pid":1,"tid":0},
{"name":"ComposeSubtree /Biped/Rig/Joints/hips_bind/pelvis_r_bind","cat":"step","ph":"X","ts":152230,"dur":1,"pid":1,"tid":0},
{"name":"ComposeSubtree /Biped/Rig/Joints/hips_bind/pelvis_r_bind/thigh_r_bind/knee_r_bind/ankleTwist_r_bind","cat":"step","ph":"X","ts":152231,"dur":1,"pid":1,"tid":0},
{"name":"ComposeSubtree /Biped/Rig/Joints/hips_bind/pelvis_r_bind/thigh_r_bind/knee_r_bind/ankle_r_bind/ball_r_bind/toe1_001_r_bind/toe1_002_r_bind/toe1_003_r_bind","cat":"step","ph":"X","ts":152232,"dur":1,"pid":1,"tid":0},
{"name":"ComposeSubtree /Biped/Rig/Joints/hips_bind/pelvis_r_bind/thigh_r_bind/knee_r_bind/ankle_r_bind/ball_r_bind/toe4_001_r_bind","cat":"step","ph":"X","ts":152233,"dur":1,"pid":1,"tid":0},
{"name":"ComposeSubtree /Biped/Rig/Joints/hips_bind/pelvis_r_bind/thigh_r_bind/knee_r_bind/ankle_r_bind/ball_r_bind/toe_r_bind","cat":"step","ph":"X","ts":152234,"dur":1,"pid":1,"tid":0},
{"name":"ComposeSubtree /Biped/Rig/Joints/hips_bind/spine_0_bind/spine_1_bind/spine_2_bind/spine_3_bind/spine_4_bind","cat":"step","ph":"X","ts":152235,"dur":1,"pid":1,"tid":0},
{"name":"ComposeSubtree /Biped/Rig/Joints/hips_bind/spine_0_bind/spine_1_bind/spine_2_bind/spine_3_bind/spine_4_bind/spine_5_bind/chest_bind/clavicle_l_bind/shoulderNoTwist_l_bind","cat":"step","ph":"X","ts":152236,"dur":1,"pid":1,"tid":0},
{"name":"ComposeSubtree /Biped/Rig/Joints/hips_bind/spine_0_bind/spine_1_bind/spine_2_bind/spine_3_bind/spine_4_bind/spine_5_bind/chest_bind/clavicle_l_bind/shoulder_l_bind/elbow_l_bind/wristTwist_l_driver","cat":"step","ph":"X","ts":152237,"dur":1,"pid":1,"tid":0},
{"name":"ComposeSubtree /Biped/Rig/Joints/hips_bind/spine_0_bind/spine_1_bind/spine_2_bind/spine_3_bind/spine_4_bind/spine_5_bind/chest_bind/clavicle_l_bind/shoulder_l_bind/elbow_l_bind/wrist_l_bind/middle_001_l_bind/middle_002_l_bind","cat":"step","ph":"X","ts":152238,"dur":1,"pid":1,"tid":0},
{"name":"ComposeSubtree /Biped/Rig/Joints/hips_bind/spine_0_bind/spine_1_bind/spine_2_bind/spine_3_bind/spine_4_bind/spine_5_bind/chest_bind/clavicle_l_bind/shoulder_l_bind/elbow_l_bind/wrist_l_bind/pinkyCup_l_bind/pinky_001_l_bind/pinky_002_l_bind/pinky_003_l_bind","cat":"step","ph":"X","ts":152239,"dur":1,"pid":1,"tid":0},
{"name":"ComposeSubtree /Biped/Rig/Joints/hips_bind/spine_0_bind/spine_1_bind/spine_2_bind/spine_3_bind/spine_4_bind/spine_5_bind/chest_bind/clavicle_l_bind/shoulder_l_bind/elbow_l_bind/wrist_l_bind/ring_001_l_bind/ring_002_l_bind/ring_003_l_bind/ring_004_l_bind","cat":"step","ph":"X","ts":152240,"dur":1,"pid":1,"tid":0},
{"name":"ComposeSubtree /Biped/Rig/Joints/hips_bind/spine_0_bind/spine_1_bind/spine_2_bind/spine_3_bind/spine_4_bind/spine_5_bind/chest_bind/clavicle_r_bind/clavicle_trans_r_bind/shoulder_r_driver","cat":"step","ph":"X","ts":152241,"dur":1,"pid":1,"tid":0},
{"name":"ComposeSubtree /Biped/Rig/Joints/hips_bind/spine_0_bind/spine_1_bind/spine_2_bind/spine_3_bind/spine_4_bind/spine_5_bind/chest_bind/clavicle_r_bind/shoulder_r_bind/elbow_r_bind/wristTwist_r_bind","cat":"step","ph":"X","ts":152242,"dur":1,"pid":1,"tid":0},
{"name":"ComposeSubtree /Biped/Rig/Joints/hips_bind/spine_0_bind/spine_1_bind/spine_2_bind/spine_3_bind/spine_4_bind/spine_5_bind/chest_bind/clavicle_r_bind/shoulder_r_bind/elbow_r_bind/wrist_r_bind/index_001_r_bind/index_002_r_bind/index_003_r_bind/index_004_r_bind","cat":"step","ph":"X","ts":152243,"dur":1,"pid":1,"tid":0},
{"name":"ComposeSubtree /Biped/Rig/Joints/hips_bind/spine_0_bind/spine_1_bind/spine_2_bind/spine_3_bind/spine_4_bind/spine_5_bind/chest_bind/clavicle_r_bind/shoulder_r_bind/elbow_r_bind/wrist_r_bind/pinkyCup_r_bind","cat":"step","ph":"X","ts":152244,"dur":1,"pid":1,"tid":0},
{"name":"ComposeSubtree /Biped/Rig/Joints/hips_bind/spine_0_bind/spine_1_bind/spine_2_bind/spine_3_bind/spine_4_bind/spine_5_bind/chest_bind/clavicle_r_bind/shoulder_r_bind/elbow_r_bind/wrist_r_bind/ring_001_r_bind/ring_002_r_bind","cat":"step","ph":"X","ts":152245,"dur":1,"pid":1,"tid":0},
{"name":"ComposeSubtree /Biped/Rig/Joints/hips_bind/spine_0_bind/spine_1_bind/spine_2_bind/spine_3_bind/spine_4_bind/spine_5_bind/chest_bind/neck_base_bind","cat":"step","ph":"X","ts":152246,"dur":1,"pid":1,"tid":0},
{"name":"ComposeSubtree /Biped/Rig/Joints/hips_bind/spine_0_bind/spine_1_bind/spine_2_bind/spine_3_bind/spine_4_bind/spine_5_bind/chest_bind/neck_base_bind/neck_0_bind/neck_1_bind/neck_2_bind/neck_3_bind/skull_bind/face_lower_bind/face_mid_bind/nose_bridge_bind","cat":"step","ph":"X","ts":152247,"dur":1,"pid":1,"tid":0},
{"name":"ComposeSubtree /Biped/Rig/Joints/hips_bind/spine_0_bind/spine_1_bind/spine_2_bind/spine_3_bind/spine_4_bind/spine_5_bind/chest_bind/neck_base_bind/neck_0_bind/neck_1_bind/neck_2_bind/neck_3_bind/skull_bind/face_lower_bind/jaw_bind/tongue_0_bind/tongue_1_bind/tongue_2_bind","cat":"step","ph":"X","ts":152248,"dur":1,"pid":1,"tid":0},
{"name":"ComposeSubtree /Biped/Rig/Joints/hips_bind/spine_0_bind/spine_1_bind/spine_2_bind/spine_3_bind/spine_4_bind/spine_5_bind/chest_bind/neck_base_bind/neck_0_bind/neck_1_bind/neck_2_bind/neck_3_bind/skull_bind/face_upper_bind/head_tip_bind","cat":"step","ph":"X","ts":152249,"dur":1,"pid":1,"tid":0},
{"name":"ComposeSubtree /Biped/Rig/Joints/neck_ik_neck_0_bind/neck_ik_neck_1_bind","cat":"step","ph":"X","ts":152250,"dur":1,"pid":1,"tid":0},
{"name":"ComposeSubtree /Biped/Rig/Joints/spine_ik_spine_0_bind/spine_ik_spine_1_bind/spine_ik_spine_2_bind/spine_ik_spine_3_bind/spine_ik_spine_4_bind/spine_ik_spine_5_bind","cat":"step","ph":"X","ts":152251,"dur":1,"pid":1,"tid":0},
{"name":"Solve /Biped/Rig/Solvers/arm_l_fkChain","cat":"step","ph":"X","ts":152252,"dur":1,"pid":1,"tid":0},
{"name":"SolverCommit batch 1","cat":"step","ph":"X","ts":152253,"dur":1,"pid":1,"tid":0},
{"name":"Solve /Biped/Rig/Solvers/leg_l_fkChain","cat":"step","ph":"X","ts":152254,"dur":1,"pid":1,"tid":0},
{"name":"Solve /Biped/Rig/Solvers/neck_splineIk","cat":"step","ph":"X","ts":152255,"dur":7,"pid":1,"tid":0},
{"name":"SolverCommit batch 6","cat":"step","ph":"X","ts":152262,"dur":1,"pid":1,"tid":0},
{"name":"Solve /Biped/Rig/Solvers/spine_splineIk","cat":"step","ph":"X","ts":152263,"dur":6,"pid":1,"tid":0},
{"name":"SolverCommit batch 7","cat":"step","ph":"X","ts":152269,"dur":1,"pid":1,"tid":0},
{"name":"SolverCommit batch 8","cat":"step","ph":"X","ts":152270,"dur":1,"pid":1,"tid":0},
{"name":"SolverCommit batch 9","cat":"step","ph":"X","ts":152271,"dur":1,"pid":1,"tid":0},
{"name":"Constraint /Biped/Rig/Movers/spine_mid_follow/spine_mid_follow_pos","cat":"step","ph":"X","ts":152272,"dur":5,"pid":1,"tid":0},
{"name":"Solve /Biped/Rig/Solvers/fk_thumb_r","cat":"step","ph":"X","ts":152277,"dur":1,"pid":1,"tid":0},
{"name":"SolverCommit batch 11","cat":"step","ph":"X","ts":152278,"dur":1,"pid":1,"tid":0},
{"name":"SolverCommit batch 12","cat":"step","ph":"X","ts":152279,"dur":1,"pid":1,"tid":0},
{"name":"Solve /Biped/Rig/Solvers/fk_pinky_r","cat":"step","ph":"X","ts":152280,"dur":1,"pid":1,"tid":0},
{"name":"SolverCommit batch 13","cat":"step","ph":"X","ts":152281,"dur":1,"pid":1,"tid":0},
{"name":"SolverCommit batch 14","cat":"step","ph":"X","ts":152282,"dur":1,"pid":1,"tid":0},
{"name":"SolverCommit batch 15","cat":"step","ph":"X","ts":152283,"dur":1,"pid":1,"tid":0},
{"name":"Solve /Biped/Rig/Solvers/fk_thumb_l","cat":"step","ph":"X","ts":152284,"dur":1,"pid":1,"tid":0},
{"name":"Solve /Biped/Rig/Solvers/fk_ring_l","cat":"step","ph":"X","ts":152285,"dur":1,"pid":1,"tid":0},
{"name":"Solve /Biped/Rig/Solvers/fk_pinky_l","cat":"step","ph":"X","ts":152286,"dur":1,"pid":1,"tid":0},
{"name":"SolverCommit batch 18","cat":"step","ph":"X","ts":152287,"dur":1,"pid":1,"tid":0},
{"name":"SolverCommit batch 19","cat":"step","ph":"X","ts":152288,"dur":1,"pid":1,"tid":0},
{"name":"SolverCommit batch 20","cat":"step","ph":"X","ts":152289,"dur":1,"pid":1,"tid":0},
{"name":"Constraint /Biped/Rig/Movers/spine_mid_follow/spine_mid_follow_aim","cat":"step","ph":"X","ts":152290,"dur":2,"pid":1,"tid":0},
{"name":"Constraint /Biped/Rig/Movers/hand_r_follow/thumbCup_r_bind_fk_follow_to_wrist_r_bind","cat":"step","ph":"X","ts":152292,"dur":3,"pid":1,"tid":0},
{"name":"Constraint /Biped/Rig/Movers/hand_r_follow/ring_001_r_bind_fk_follow_to_wrist_r_bind","cat":"step","ph":"X","ts":152295,"dur":3,"pid":1,"tid":0},
{"name":"Constraint /Biped/Rig/Movers/hand_r_follow/pinkyCup_r_bind_fk_follow_to_wrist_r_bind","cat":"step","ph":"X","ts":152298,"dur":2,"pid":1,"tid":0},
{"name":"Constraint /Biped/Rig/Movers/hand_r_follow/middle_001_r_bind_fk_follow_to_wrist_r_bind","cat":"step","ph":"X","ts":152300,"dur":2,"pid":1,"tid":0},
{"name":"Constraint /Biped/Rig/Movers/hand_r_follow/index_001_r_bind_fk_follow_to_wrist_r_bind","cat":"step","ph":"X","ts":152302,"dur":2,"pid":1,"tid":0},
{"name":"Constraint /Biped/Rig/Movers/hand_l_follow/thumbCup_l_bind_fk_follow_to_wrist_l_bind","cat":"step","ph":"X","ts":152304,"dur":3,"pid":1,"tid":0},
{"name":"Constraint /Biped/Rig/Movers/hand_l_follow/ring_001_l_bind_fk_follow_to_wrist_l_bind","cat":"step","ph":"X","ts":152307,"dur":2,"pid":1,"tid":0},
{"name":"Constraint /Biped/Rig/Movers/hand_l_follow/pinkyCup_l_bind_fk_follow_to_wrist_l_bind","cat":"step","ph":"X","ts":152309,"dur":2,"pid":1,"tid":0},
{"name":"Constraint /Biped/Rig/Movers/hand_l_follow/middle_001_l_bind_fk_follow_to_wrist_l_bind","cat":"step","ph":"X","ts":152311,"dur":2,"pid":1,"tid":0},
{"name":"Constraint /Biped/Rig/Movers/hand_l_follow/index_001_l_bind_fk_follow_to_wrist_l_bind","cat":"step","ph":"X","ts":152313,"dur":2,"pid":1,"tid":0},
{"name":"Constraint /Biped/Rig/Movers/bankIn_r_pivot_rc/bankIn_r_pivot_rotation","cat":"step","ph":"X","ts":152315,"dur":1,"pid":1,"tid":0},
{"name":"Constraint /Biped/Rig/Movers/bankOut_r_pivot_rc/bankOut_r_pivot_rotation","cat":"step","ph":"X","ts":152316,"dur":1,"pid":1,"tid":0},
{"name":"Constraint /Biped/Rig/Movers/toe_r_roll_rc/toe_r_roll_rotation","cat":"step","ph":"X","ts":152317,"dur":1,"pid":1,"tid":0},
{"name":"Constraint /Biped/Rig/Movers/ballRoll_r_down_rc/ballRoll_r_down_rotation","cat":"step","ph":"X","ts":152318,"dur":1,"pid":1,"tid":0},
{"name":"SolverCommit batch 39","cat":"step","ph":"X","ts":152319,"dur":5,"pid":1,"tid":0},
{"name":"Constraint /Biped/Rig/Movers/ankle_r_bind_scAim/ankle_r_bind_aim","cat":"step","ph":"X","ts":152324,"dur":3,"pid":1,"tid":0},
{"name":"Constraint /Biped/Rig/Movers/ball_r_bind_scAim/ball_r_bind_aim","cat":"step","ph":"X","ts":152327,"dur":3,"pid":1,"tid":0},
{"name":"Constraint /Biped/Rig/Movers/bankIn_l_pivot_rc/bankIn_l_pivot_rotation","cat":"step","ph":"X","ts":152330,"dur":1,"pid":1,"tid":0},
{"name":"Constraint /Biped/Rig/Movers/heel_l_roll_rc/heel_l_roll_rotation","cat":"step","ph":"X","ts":152331,"dur":1,"pid":1,"tid":0},
{"name":"Constraint /Biped/Rig/Movers/ballRoll_l_up_rc/ballRoll_l_up_rotation","cat":"step","ph":"X","ts":152332,"dur":1,"pid":1,"tid":0},
{"name":"Solve /Biped/Rig/Solvers/leg_l_twoBoneIk","cat":"step","ph":"X","ts":152333,"dur":1,"pid":1,"tid":0},
{"name":"SolverCommit batch 49","cat":"step","ph":"X","ts":152334,"dur":4,"pid":1,"tid":0},
{"name":"Constraint /Biped/Rig/Movers/ankle_l_bind_scAim/ankle_l_bind_aim","cat":"step","ph":"X","ts":152338,"dur":3,"pid":1,"tid":0},
{"name":"Constraint /Biped/Rig/Movers/ball_l_bind_scAim/ball_l_bind_aim","cat":"step","ph":"X","ts":152341,"dur":2,"pid":1,"tid":0},
{"name":"Constraint /Biped/Rig/Movers/hips_follow/spine_root_ctl_drives_hips_bind","cat":"step","ph":"X","ts":152343,"dur":2,"pid":1,"tid":0},
{"name":"PropagateChunk /Biped/Rig/Movers/hips_follow/spine_root_ctl_drives_hips_bind","cat":"step","ph":"X","ts":152345,"dur":4,"pid":1,"tid":0},
{"name":"CommitApply /Biped/Rig/Movers/hips_follow/spine_root_ctl_drives_hips_bind","cat":"step","ph":"X","ts":152349,"dur":1,"pid":1,"tid":0},
{"name":"Constraint /Biped/Rig/Movers/hips_follow/spine_root_ctl_scales_hips_bind","cat":"step","ph":"X","ts":152350,"dur":1,"pid":1,"tid":0},
{"name":"PropagateChunk /Biped/Rig/Movers/hips_follow/spine_root_ctl_scales_hips_bind","cat":"step","ph":"X","ts":152351,"dur":4,"pid":1,"tid":0},
{"name":"CommitApply /Biped/Rig/Movers/hips_follow/spine_root_ctl_scales_hips_bind","cat":"step","ph":"X","ts":152355,"dur":1,"pid":1,"tid":0},
{"name":"Constraint /Biped/Rig/Movers/spine_to_bind/spine_ik_spine_0_bind_scale_to_spine_0_bind","cat":"step","ph":"X","ts":152356,"dur":4,"pid":1,"tid":0},
{"name":"Constraint /Biped/Rig/Movers/spine_to_bind/spine_ik_spine_0_bind_to_spine_0_bind","cat":"step","ph":"X","ts":152360,"dur":5,"pid":1,"tid":0},
{"name":"Constraint /Biped/Rig/Movers/spine_to_bind/spine_ik_spine_1_bind_scale_to_spine_1_bind","cat":"step","ph":"X","ts":152365,"dur":5,"pid":1,"tid":0},
{"name":"Constraint /Biped/Rig/Movers/spine_to_bind/spine_ik_spine_1_bind_to_spine_1_bind","cat":"step","ph":"X","ts":152370,"dur":4,"pid":1,"tid":0},
{"name":"Constraint /Biped/Rig/Movers/spine_to_bind/spine_ik_spine_2_bind_scale_to_spine_2_bind","cat":"step","ph":"X","ts":152374,"dur":4,"pid":1,"tid":0},
{"name":"Constraint /Biped/Rig/Movers/spine_to_bind/spine_ik_spine_2_bind_to_spine_2_bind","cat":"step","ph":"X","ts":152378,"dur":5,"pid":1,"tid":0},
{"name":"Constraint /Biped/Rig/Movers/spine_to_bind/spine_ik_spine_3_bind_scale_to_spine_3_bind","cat":"step","ph":"X","ts":152383,"dur":4,"pid":1,"tid":0},
{"name":"Constraint /Biped/Rig/Movers/spine_to_bind/spine_ik_spine_3_bind_to_spine_3_bind","cat":"step","ph":"X","ts":152387,"dur":5,"pid":1,"tid":0},
{"name":"Constraint /Biped/Rig/Movers/spine_to_bind/spine_ik_spine_4_bind_scale_to_spine_4_bind","cat":"step","ph":"X","ts":152392,"dur":3,"pid":1,"tid":0},
{"name":"Constraint /Biped/Rig/Movers/spine_to_bind/spine_ik_spine_4_bind_to_spine_4_bind","cat":"step","ph":"X","ts":152395,"dur":5,"pid":1,"tid":0},
{"name":"Constraint /Biped/Rig/Movers/spine_to_bind/spine_ik_spine_5_bind_scale_to_spine_5_bind","cat":"step","ph":"X","ts":152400,"dur":3,"pid":1,"tid":0},
{"name":"Constraint /Biped/Rig/Movers/spine_to_bind/spine_ik_spine_5_bind_to_spine_5_bind","cat":"step","ph":"X","ts":152403,"dur":4,"pid":1,"tid":0},
{"name":"Constraint /Biped/Rig/Movers/spine_to_bind/spine_ik_chest_bind_scale_to_chest_bind","cat":"step","ph":"X","ts":152407,"dur":4,"pid":1,"tid":0},
{"name":"Constraint /Biped/Rig/Movers/spine_to_bind/spine_ik_chest_bind_to_chest_bind","cat":"step","ph":"X","ts":152411,"dur":5,"pid":1,"tid":0},
{"name":"Constraint /Biped/Rig/Movers/girdles/spine_end_ctl_drives_chest_bind","cat":"step","ph":"X","ts":152416,"dur":4,"pid":1,"tid":0},
{"name":"Constraint /Biped/Rig/Movers/girdles/pelvis_r_ctl_drives_pelvis_r_bind","cat":"step","ph":"X","ts":152420,"dur":1,"pid":1,"tid":0},
{"name":"Constraint /Biped/Rig/Movers/girdles/pelvis_l_ctl_drives_pelvis_l_bind","cat":"step","ph":"X","ts":152421,"dur":1,"pid":1,"tid":0},
{"name":"Constraint /Biped/Rig/Movers/girdles/clavicle_r_ctl_drives_clavicle_r_bind","cat":"step","ph":"X","ts":152422,"dur":1,"pid":1,"tid":0},
{"name":"Constraint /Biped/Rig/Movers/girdles/clavicle_l_ctl_drives_clavicle_l_bind","cat":"step","ph":"X","ts":152423,"dur":1,"pid":1,"tid":0},
{"name":"Constraint /Biped/Rig/Movers/girdles/spine_end_ctl_unsquashes_neck_base_bind","cat":"step","ph":"X","ts":152424,"dur":3,"pid":1,"tid":0},
{"name":"Constraint /Biped/Rig/Movers/girdles/clavicle_r_ctl_unsquashes_clavicle_r_bind","cat":"step","ph":"X","ts":152427,"dur":1,"pid":1,"tid":0},
{"name":"Constraint /Biped/Rig/Movers/girdles/clavicle_l_ctl_unsquashes_clavicle_l_bind","cat":"step","ph":"X","ts":152428,"dur":2,"pid":1,"tid":0},
{"name":"Constraint /Biped/Rig/Movers/neck_to_bind/neck_ik_neck_0_bind_scale_to_neck_0_bind","cat":"step","ph":"X","ts":152430,"dur":2,"pid":1,"tid":0},
{"name":"Constraint /Biped/Rig/Movers/neck_to_bind/neck_ik_neck_0_bind_to_neck_0_bind","cat":"step","ph":"X","ts":152432,"dur":4,"pid":1,"tid":0},
{"name":"Constraint /Biped/Rig/Movers/neck_to_bind/neck_ik_neck_1_bind_scale_to_neck_1_bind","cat":"step","ph":"X","ts":152436,"dur":2,"pid":1,"tid":0},
{"name":"Constraint /Biped/Rig/Movers/neck_to_bind/neck_ik_neck_1_bind_to_neck_1_bind","cat":"step","ph":"X","ts":152438,"dur":4,"pid":1,"tid":0},
{"name":"Constraint /Biped/Rig/Movers/neck_to_bind/neck_ik_neck_2_bind_scale_to_neck_2_bind","cat":"step","ph":"X","ts":152442,"dur":2,"pid":1,"tid":0},
{"name":"Constraint /Biped/Rig/Movers/neck_to_bind/neck_ik_neck_2_bind_to_neck_2_bind","cat":"step","ph":"X","ts":152444,"dur":4,"pid":1,"tid":0},
{"name":"Constraint /Biped/Rig/Movers/neck_to_bind/neck_ik_neck_3_bind_scale_to_neck_3_bind","cat":"step","ph":"X","ts":152448,"dur":2,"pid":1,"tid":0},
{"name":"Constraint /Biped/Rig/Movers/neck_to_bind/neck_ik_neck_3_bind_to_neck_3_bind","cat":"step","ph":"X","ts":152450,"dur":3,"pid":1,"tid":0},
{"name":"Constraint /Biped/Rig/Movers/neck_to_bind/neck_ik_skull_bind_scale_to_skull_bind","cat":"step","ph":"X","ts":152453,"dur":3,"pid":1,"tid":0},
{"name":"Constraint /Biped/Rig/Movers/neck_to_bind/neck_ik_skull_bind_to_skull_bind","cat":"step","ph":"X","ts":152456,"dur":3,"pid":1,"tid":0},
{"name":"Constraint /Biped/Rig/Movers/twist_aims/wristTwist_r_bind_copy","cat":"step","ph":"X","ts":152459,"dur":2,"pid":1,"tid":0},
{"name":"Constraint /Biped/Rig/Movers/twist_aims/wristTwist_r_bind_aim","cat":"step","ph":"X","ts":152461,"dur":2,"pid":1,"tid":0},
{"name":"Constraint /Biped/Rig/Movers/twist_aims/wristTwist_l_bind_copy","cat":"step","ph":"X","ts":152463,"dur":2,"pid":1,"tid":0},
{"name":"Constraint /Biped/Rig/Movers/twist_aims/wristTwist_l_bind_aim","cat":"step","ph":"X","ts":152465,"dur":2,"pid":1,"tid":0},
{"name":"Constraint /Biped/Rig/Movers/twist_aims/ankleTwist_r_bind_copy","cat":"step","ph":"X","ts":152467,"dur":1,"pid":1,"tid":0},
{"name":"Constraint /Biped/Rig/Movers/twist_aims/ankleTwist_r_bind_aim","cat":"step","ph":"X","ts":152468,"dur":2,"pid":1,"tid":0},
{"name":"Constraint /Biped/Rig/Movers/twist_aims/ankleTwist_l_bind_copy","cat":"step","ph":"X","ts":152470,"dur":1,"pid":1,"tid":0},
{"name":"Constraint /Biped/Rig/Movers/twist_aims/ankleTwist_l_bind_aim","cat":"step","ph":"X","ts":152471,"dur":2,"pid":1,"tid":0},
{"name":"Constraint /Biped/Rig/Movers/twist_aims/ankleTwist_l_bind_follows_ankle_l_bind","cat":"step","ph":"X","ts":152473,"dur":1,"pid":1,"tid":0},
{"name":"Constraint /Biped/Rig/Movers/twist_aims/wristTwist_l_bind_follows_wrist_l_bind","cat":"step","ph":"X","ts":152474,"dur":1,"pid":1,"tid":0},
{"name":"Constraint /Biped/Rig/Movers/twist_aims/shoulderNoTwist_r_bind_follows_shoulder_r_bind","cat":"step","ph":"X","ts":152475,"dur":1,"pid":1,"tid":0},
{"name":"Constraint /Biped/Rig/Movers/twist_aims/pelvis_trans_r_bind_follows_thigh_r_bind","cat":"step","ph":"X","ts":152476,"dur":1,"pid":1,"tid":0},
{"name":"Constraint /Biped/Rig/Movers/twist_aims/clavicle_trans_r_bind_follows_shoulder_r_bind","cat":"step","ph":"X","ts":152477,"dur":1,"pid":1,"tid":0},
{"name":"Constraint /Biped/Rig/Movers/twist_aims/clavicle_trans_l_bind_follows_shoulder_l_bind","cat":"step","ph":"X","ts":152478,"dur":1,"pid":1,"tid":0},
{"name":"Constraint /Biped/Rig/Movers/twist_aims/pelvis_trans_r_bind_aim","cat":"step","ph":"X","ts":152479,"dur":2,"pid":1,"tid":0},
{"name":"Constraint /Biped/Rig/Movers/twist_aims/pelvis_trans_l_bind_aim","cat":"step","ph":"X","ts":152481,"dur":1,"pid":1,"tid":0},
{"name":"Constraint /Biped/Rig/Movers/twist_aims/kneeTwist_r_bind_aim","cat":"step","ph":"X","ts":152482,"dur":2,"pid":1,"tid":0},
{"name":"Constraint /Biped/Rig/Movers/twist_aims/kneeTwist_l_bind_aim","cat":"step","ph":"X","ts":152484,"dur":1,"pid":1,"tid":0},
{"name":"Constraint /Biped/Rig/Movers/twist_aims/thighNoTwist_r_bind_aim","cat":"step","ph":"X","ts":152485,"dur":2,"pid":1,"tid":0},
{"name":"Constraint /Biped/Rig/Movers/twist_aims/thighNoTwist_l_bind_aim","cat":"step","ph":"X","ts":152487,"dur":1,"pid":1,"tid":0},
{"name":"Constraint /Biped/Rig/Movers/twist_aims/clavicle_trans_r_bind_aim","cat":"step","ph":"X","ts":152488,"dur":2,"pid":1,"tid":0},
{"name":"Constraint /Biped/Rig/Movers/twist_aims/clavicle_trans_l_bind_aim","cat":"step","ph":"X","ts":152490,"dur":1,"pid":1,"tid":0},
{"name":"Constraint /Biped/Rig/Movers/twist_aims/elbowTwist_r_bind_aim","cat":"step","ph":"X","ts":152491,"dur":2,"pid":1,"tid":0},
{"name":"Constraint /Biped/Rig/Movers/twist_aims/elbowTwist_l_bind_aim","cat":"step","ph":"X","ts":152493,"dur":2,"pid":1,"tid":0},
{"name":"Constraint /Biped/Rig/Movers/twist_aims/shoulderNoTwist_r_bind_aim","cat":"step","ph":"X","ts":152495,"dur":1,"pid":1,"tid":0},
{"name":"Constraint /Biped/Rig/Movers/twist_aims/shoulderNoTwist_l_bind_aim","cat":"step","ph":"X","ts":152496,"dur":2,"pid":1,"tid":0},
{"name":"Constraint /Biped/Rig/Movers/pose_drivers/thigh_r_driver_copies_thigh_r_bind","cat":"step","ph":"X","ts":152498,"dur":2,"pid":1,"tid":0},
{"name":"Constraint /Biped/Rig/Movers/pose_drivers/thigh_l_driver_copies_thigh_l_bind","cat":"step","ph":"X","ts":152500,"dur":2,"pid":1,"tid":0},
{"name":"Constraint /Biped/Rig/Movers/pose_drivers/thigh_r_twist_driver_copies_thighNoTwist_r_bind","cat":"step","ph":"X","ts":152502,"dur":2,"pid":1,"tid":0},
{"name":"Constraint /Biped/Rig/Movers/pose_drivers/thigh_l_twist_driver_copies_thighNoTwist_l_bind","cat":"step","ph":"X","ts":152504,"dur":2,"pid":1,"tid":0},
{"name":"Constraint /Biped/Rig/Movers/pose_drivers/ankleTwist_r_driver_copies_ankleTwist_r_bind","cat":"step","ph":"X","ts":152506,"dur":1,"pid":1,"tid":0},
{"name":"Constraint /Biped/Rig/Movers/pose_drivers/ankleTwist_l_driver_copies_ankleTwist_l_bind","cat":"step","ph":"X","ts":152507,"dur":2,"pid":1,"tid":0},
{"name":"Constraint /Biped/Rig/Movers/pose_drivers/toe_r_driver_copies_ball_r_bind","cat":"step","ph":"X","ts":152509,"dur":2,"pid":1,"tid":0},
{"name":"Constraint /Biped/Rig/Movers/pose_drivers/toe_l_driver_copies_ball_l_bind","cat":"step","ph":"X","ts":152511,"dur":2,"pid":1,"tid":0},
{"name":"Constraint /Biped/Rig/Movers/pose_drivers/knee_r_driver_copies_knee_r_bind","cat":"step","ph":"X","ts":152513,"dur":2,"pid":1,"tid":0},
{"name":"Constraint /Biped/Rig/Movers/pose_drivers/knee_l_driver_copies_knee_l_bind","cat":"step","ph":"X","ts":152515,"dur":2,"pid":1,"tid":0},
{"name":"Constraint /Biped/Rig/Movers/pose_drivers/ankleSwing_r_driver_copies_ankle_r_bind","cat":"step","ph":"X","ts":152517,"dur":2,"pid":1,"tid":0},
{"name":"Constraint /Biped/Rig/Movers/pose_drivers/ankleSwing_l_driver_copies_ankle_l_bind","cat":"step","ph":"X","ts":152519,"dur":2,"pid":1,"tid":0},
{"name":"Constraint /Biped/Rig/Movers/pose_drivers/shoulder_r_driver_copies_shoulder_r_bind","cat":"step","ph":"X","ts":152521,"dur":2,"pid":1,"tid":0},
{"name":"Constraint /Biped/Rig/Movers/pose_drivers/shoulder_l_driver_copies_shoulder_l_bind","cat":"step","ph":"X","ts":152523,"dur":3,"pid":1,"tid":0},
{"name":"Constraint /Biped/Rig/Movers/pose_drivers/wristTwist_r_driver_copies_wristTwist_r_bind","cat":"step","ph":"X","ts":152526,"dur":2,"pid":1,"tid":0},
{"name":"Constraint /Biped/Rig/Movers/pose_drivers/wristTwist_l_driver_copies_wristTwist_l_bind","cat":"step","ph":"X","ts":152528,"dur":1,"pid":1,"tid":0},
{"name":"Constraint /Biped/Rig/Movers/pose_drivers/shoulder_r_twist_driver_copies_shoulderNoTwist_r_bind","cat":"step","ph":"X","ts":152529,"dur":2,"pid":1,"tid":0},
{"name":"Constraint /Biped/Rig/Movers/pose_drivers/shoulder_l_twist_driver_copies_shoulderNoTwist_l_bind","cat":"step","ph":"X","ts":152531,"dur":3,"pid":1,"tid":0},
{"name":"Constraint /Biped/Rig/Movers/pose_drivers/wristSwing_r_driver_copies_wrist_r_bind","cat":"step","ph":"X","ts":152534,"dur":2,"pid":1,"tid":0},
{"name":"Constraint /Biped/Rig/Movers/pose_drivers/wristSwing_l_driver_copies_wrist_l_bind","cat":"step","ph":"X","ts":152536,"dur":2,"pid":1,"tid":0},
{"name":"Constraint /Biped/Rig/Movers/pose_drivers/elbow_r_driver_copies_elbow_r_bind","cat":"step","ph":"X","ts":152538,"dur":1,"pid":1,"tid":0},
{"name":"Constraint /Biped/Rig/Movers/pose_drivers/elbow_l_driver_copies_elbow_l_bind","cat":"step","ph":"X","ts":152539,"dur":2,"pid":1,"tid":0},
{"name":"Constraint /Biped/Rig/Movers/param_follow/leg_r_params_to_ankle_r_bind","cat":"step","ph":"X","ts":152541,"dur":2,"pid":1,"tid":0},
{"name":"Constraint /Biped/Rig/Movers/param_follow/leg_l_params_to_ankle_l_bind","cat":"step","ph":"X","ts":152543,"dur":2,"pid":1,"tid":0},
{"name":"Constraint /Biped/Rig/Movers/param_follow/arm_r_params_to_wrist_r_bind","cat":"step","ph":"X","ts":152545,"dur":1,"pid":1,"tid":0},
{"name":"Constraint /Biped/Rig/Movers/param_follow/arm_l_params_to_wrist_l_bind","cat":"step","ph":"X","ts":152546,"dur":2,"pid":1,"tid":0},
{"name":"ProviderMatrix /Biped/Rig/Controls/leg_l_ik/ankle_l_pivot final","cat":"step","ph":"X","ts":152548,"dur":1,"pid":1,"tid":0},
{"name":"ProviderMatrix /Biped/Rig/Controls/leg_r_ik/ankle_r_pivot/bankIn_r_pivot/bankOut_r_pivot/heel_r_roll final","cat":"step","ph":"X","ts":152549,"dur":1,"pid":1,"tid":0},
{"name":"ProviderMatrix /Biped/Rig/Joints/ankle_l_pivot/bankIn_l_pivot/bankOut_l_pivot/heel_l_pivot final","cat":"step","ph":"X","ts":152550,"dur":1,"pid":1,"tid":0},
{"name":"ProviderMatrix /Biped/Rig/Joints/ankle_r_pivot/bankIn_r_pivot/bankOut_r_pivot/heel_r_pivot/ball_r_pivot/toe_r_pivot/toeBend_r_pivot final","cat":"step","ph":"X","ts":152551,"dur":1,"pid":1,"tid":0},
{"name":"ProviderMatrix /Biped/Rig/Joints/hips_bind/pelvis_l_bind/thigh_l_bind/knee_l_bind/ankleTwist_l_bind final","cat":"step","ph":"X","ts":152552,"dur":1,"pid":1,"tid":0},
{"name":"ProviderMatrix /Biped/Rig/Joints/hips_bind/pelvis_l_bind/thigh_l_bind/knee_l_bind/ankle_l_bind/ball_l_bind/toe2_001_l_bind/toe2_002_l_bind/toe2_003_l_bind final","cat":"step","ph":"X","ts":152553,"dur":1,"pid":1,"tid":0},
{"name":"ProviderMatrix /Biped/Rig/Joints/hips_bind/pelvis_l_bind/thigh_l_bind/knee_l_bind/ankle_l_bind/ball_l_bind/toe5_001_l_bind/toe5_002_l_bind final","cat":"step","ph":"X","ts":152554,"dur":1,"pid":1,"tid":0},
{"name":"ProviderMatrix /Biped/Rig/Joints/hips_bind/pelvis_r_bind/thighNoTwist_r_bind final","cat":"step","ph":"X","ts":152555,"dur":1,"pid":1,"tid":0},
{"name":"ProviderMatrix /Biped/Rig/Joints/hips_bind/pelvis_r_bind/thigh_r_bind/knee_r_bind/ankle_r_bind/ball_r_bind/toe1_001_r_bind/toe1_002_r_bind/toe1_003_r_bind final","cat":"step","ph":"X","ts":152556,"dur":1,"pid":1,"tid":0},
{"name":"ProviderMatrix /Biped/Rig/Joints/hips_bind/pelvis_r_bind/thigh_r_bind/knee_r_bind/ankle_r_bind/ball_r_bind/toe4_001_r_bind/toe4_002_r_bind final","cat":"step","ph":"X","ts":152557,"dur":1,"pid":1,"tid":0},
{"name":"ProviderMatrix /Biped/Rig/Joints/hips_bind/spine_0_bind final","cat":"step","ph":"X","ts":152558,"dur":1,"pid":1,"tid":0},
{"name":"ProviderMatrix /Biped/Rig/Joints/hips_bind/spine_0_bind/spine_1_bind/spine_2_bind/spine_3_bind/spine_4_bind/spine_5_bind/chest_bind/clavicle_l_bind/shoulderNoTwist_l_bind final","cat":"step","ph":"X","ts":152559,"dur":1,"pid":1,"tid":0},
{"name":"ProviderMatrix /Biped/Rig/Joints/hips_bind/spine_0_bind/spine_1_bind/spine_2_bind/spine_3_bind/spine_4_bind/spine_5_bind/chest_bind/clavicle_l_bind/shoulder_l_bind/elbow_l_bind/wrist_l_bind/index_001_l_bind/index_002_combo_l_driver final","cat":"step","ph":"X","ts":152560,"dur":1,"pid":1,"tid":0},
{"name":"ProviderMatrix /Biped/Rig/Joints/hips_bind/spine_0_bind/spine_1_bind/spine_2_bind/spine_3_bind/spine_4_bind/spine_5_bind/chest_bind/clavicle_l_bind/shoulder_l_bind/elbow_l_bind/wrist_l_bind/pinkyCup_l_bind final","cat":"step","ph":"X","ts":152561,"dur":1,"pid":1,"tid":0},
{"name":"ProviderMatrix /Biped/Rig/Joints/hips_bind/spine_0_bind/spine_1_bind/spine_2_bind/spine_3_bind/spine_4_bind/spine_5_bind/chest_bind/clavicle_l_bind/shoulder_l_bind/elbow_l_bind/wrist_l_bind/ring_001_l_bind/ring_002_l_bind/ring_003_l_bind/ring_004_l_bind final","cat":"step","ph":"X","ts":152562,"dur":1,"pid":1,"tid":0},
{"name":"ProviderMatrix /Biped/Rig/Joints/hips_bind/spine_0_bind/spine_1_bind/spine_2_bind/spine_3_bind/spine_4_bind/spine_5_bind/chest_bind/clavicle_r_bind/shoulderNoTwist_r_bind final","cat":"step","ph":"X","ts":152563,"dur":1,"pid":1,"tid":0},
{"name":"ProviderMatrix /Biped/Rig/Joints/hips_bind/spine_0_bind/spine_1_bind/spine_2_bind/spine_3_bind/spine_4_bind/spine_5_bind/chest_bind/clavicle_r_bind/shoulder_r_bind/elbow_r_bind/wrist_r_bind/index_001_r_bind/index_002_combo_r_driver final","cat":"step","ph":"X","ts":152564,"dur":1,"pid":1,"tid":0},
{"name":"ProviderMatrix /Biped/Rig/Joints/hips_bind/spine_0_bind/spine_1_bind/spine_2_bind/spine_3_bind/spine_4_bind/spine_5_bind/chest_bind/clavicle_r_bind/shoulder_r_bind/elbow_r_bind/wrist_r_bind/pinkyCup_r_bind/pinky_001_r_bind final","cat":"step","ph":"X","ts":152565,"dur":1,"pid":1,"tid":0},
{"name":"ProviderMatrix /Biped/Rig/Joints/hips_bind/spine_0_bind/spine_1_bind/spine_2_bind/spine_3_bind/spine_4_bind/spine_5_bind/chest_bind/clavicle_r_bind/shoulder_r_bind/elbow_r_bind/wrist_r_bind/ring_001_r_bind/ring_002_r_bind/ring_003_r_bind/ring_004_r_bind/ring_005_r_bind final","cat":"step","ph":"X","ts":152566,"dur":1,"pid":1,"tid":0},
{"name":"ProviderMatrix /Biped/Rig/Joints/hips_bind/spine_0_bind/spine_1_bind/spine_2_bind/spine_3_bind/spine_4_bind/spine_5_bind/chest_bind/neck_base_bind/neck_0_bind/neck_1_bind/neck_2_bind/neck_3_bind/skull_bind final","cat":"step","ph":"X","ts":152567,"dur":1,"pid":1,"tid":0},
{"name":"ProviderMatrix /Biped/Rig/Joints/hips_bind/spine_0_bind/spine_1_bind/spine_2_bind/spine_3_bind/spine_4_bind/spine_5_bind/chest_bind/neck_base_bind/neck_0_bind/neck_1_bind/neck_2_bind/neck_3_bind/skull_bind/face_lower_bind/jaw_bind/tongue_0_bind/tongue_1_bind final","cat":"step","ph":"X","ts":152568,"dur":1,"pid":1,"tid":0},
{"name":"ProviderMatrix /Biped/Rig/Joints/hips_bind/spine_0_bind/spine_1_bind/spine_2_bind/spine_3_bind/spine_4_bind/spine_5_bind/chest_bind/neck_base_bind/neck_0_bind/neck_1_bind/neck_2_bind/neck_3_bind/skull_bind/face_upper_bind/head_tip_bind/brow_main_l_bind final","cat":"step","ph":"X","ts":152569,"dur":1,"pid":1,"tid":0},
{"name":"ProviderMatrix /Biped/Rig/Joints/spine_ik_spine_0_bind final","cat":"step","ph":"X","ts":152570,"dur":1,"pid":1,"tid":0},
{"name":"InfluenceFold /Biped/Rig/Movers/skin_body_geo/body_geo_skin","cat":"step","ph":"X","ts":152571,"dur":23,"pid":1,"tid":0},
{"name":"RevisionChunk /Biped/Rig/Movers/skin_body_geo/body_geo_skin","cat":"step","ph":"X","ts":152594,"dur":392,"pid":1,"tid":0},
{"name":"RevisionFuse /Biped/Rig/Movers/skin_body_geo/body_geo_skin","cat":"step","ph":"X","ts":152986,"dur":2,"pid":1,"tid":0},
{"name":"ChainStatus /Biped/Geom/body_geo.points","cat":"step","ph":"X","ts":152988,"dur":15,"pid":1,"tid":0},
{"name":"Derived /Biped/Geom/body_geo.extent","cat":"step","ph":"X","ts":153003,"dur":180,"pid":1,"tid":0},
{"name":"BakedPublish","cat":"baked","ph":"X","ts":153327,"dur":58,"pid":1,"tid":0},
{"name":"BakedEpilogue","cat":"baked","ph":"X","ts":153184,"dur":207,"pid":1,"tid":0},
{"name":"Baked","cat":"baked","ph":"X","ts":152067,"dur":1324,"pid":1,"tid":0},
{"name":"Evaluate.Run","cat":"evaluate","ph":"X","ts":152066,"dur":1326,"pid":1,"tid":0},
{"name":"Evaluate@5","cat":"evaluate","ph":"X","ts":152065,"dur":1328,"pid":1,"tid":0},
{"name":"Evaluate.Settle","cat":"evaluate","ph":"X","ts":153497,"dur":0,"pid":1,"tid":0},
{"name":"Evaluate.PlaceOverrides","cat":"evaluate","ph":"X","ts":153497,"dur":0,"pid":1,"tid":0},
{"name":"PropertyChains","cat":"property","ph":"X","ts":153500,"dur":7,"pid":1,"tid":0},
{"name":"BakedInputs","cat":"baked","ph":"X","ts":153507,"dur":7,"pid":1,"tid":0},
{"name":"BakedChainBase","cat":"geometry","ph":"X","ts":153612,"dur":2,"pid":1,"tid":0},
{"name":"BakedPrologue","cat":"baked","ph":"X","ts":153499,"dur":115,"pid":1,"tid":0},
{"name":"BakedRegion","cat":"baked","ph":"X","ts":153614,"dur":958,"pid":1,"tid":0},
{"name":"ComposeSubtree /Biped/Rig/Controls/arm_l_ik","cat":"step","ph":"X","ts":153642,"dur":2,"pid":1,"tid":0},
{"name":"ComposeSubtree /Biped/Rig/Controls/hips_ctl","cat":"step","ph":"X","ts":153644,"dur":1,"pid":1,"tid":0},
{"name":"ComposeSubtree /Biped/Rig/Controls/hips_ctl/spine_root_pivot/spine_root_ctl/pelvis_l_ctl/leg_l_root","cat":"step","ph":"X","ts":153645,"dur":1,"pid":1,"tid":0},
{"name":"ComposeSubtree /Biped/Rig/Controls/hips_ctl/spine_root_pivot/spine_root_ctl/pelvis_r_ctl/leg_r_root/leg_r_fk_thigh_r_bind/leg_r_fk_knee_r_bind","cat":"step","ph":"X","ts":153646,"dur":1,"pid":1,"tid":0},
{"name":"ComposeSubtree /Biped/Rig/Controls/hips_ctl/torso_ctl/spine_end_pivot/spine_end_ctl/clavicle_l_ctl/arm_l_root/arm_l_fk_shoulder_l_bind/arm_l_fk_elbow_l_bind","cat":"step","ph":"X","ts":153647,"dur":1,"pid":1,"tid":0},
{"name":"ComposeSubtree /Biped/Rig/Controls/hips_ctl/torso_ctl/spine_end_pivot/spine_end_ctl/neck_root_ctl","cat":"step","ph":"X","ts":153648,"dur":1,"pid":1,"tid":0},
{"name":"ComposeSubtree /Biped/Rig/Controls/index_001_r_bind_fk_follow","cat":"step","ph":"X","ts":153649,"dur":1,"pid":1,"tid":0},
{"name":"ComposeSubtree /Biped/Rig/Controls/leg_l_ik/ankle_l_pivot/bankIn_l_pivot","cat":"step","ph":"X","ts":153650,"dur":1,"pid":1,"tid":0},
{"name":"ComposeSubtree /Biped/Rig/Controls/leg_l_ik/ankle_l_pivot/bankIn_l_pivot/bankOut_l_pivot/heel_l_roll/heel_l/ball_l_pivot/toe_l_roll/toe_l/ballRoll_l_up/ballRoll_l_down/ballRoll_l/ankle_l_ikTarget","cat":"step","ph":"X","ts":153651,"dur":1,"pid":1,"tid":0},
{"name":"ComposeSubtree /Biped/Rig/Controls/leg_l_ik/ankle_l_pivot/bankIn_l_pivot/bankOut_l_pivot/heel_l_roll/heel_l/ball_l_pivot/toe_l_roll_twin","cat":"step","ph":"X","ts":153652,"dur":1,"pid":1,"tid":0},
{"name":"ComposeSubtree /Biped/Rig/Controls/leg_l_pv","cat":"step","ph":"X","ts":153653,"dur":1,"pid":1,"tid":0},
{"name":"ComposeSubtree /Biped/Rig/Controls/leg_r_ik/ankle_r_pivot/bankIn_r_pivot/bankOut_r_pivot/heel_r_roll/heel_r/ball_r_pivot/toe_r_roll","cat":"step","ph":"X","ts":153654,"dur":1,"pid":1,"tid":0},
{"name":"ComposeSubtree /Biped/Rig/Controls/leg_r_ik/ankle_r_pivot/bankIn_r_pivot/bankOut_r_pivot/heel_r_roll/heel_r/ball_r_pivot/toe_r_roll/toe_r/ballRoll_r_up_twin","cat":"step","ph":"X","ts":153655,"dur":1,"pid":1,"tid":0},
{"name":"ComposeSubtree /Biped/Rig/Controls/leg_r_ik/ankle_r_pivot/bankIn_r_pivot/bankOut_r_pivot_twin","cat":"step","ph":"X","ts":153656,"dur":1,"pid":1,"tid":0},
{"name":"ComposeSubtree /Biped/Rig/Controls/middle_001_r_bind_fk_follow","cat":"step","ph":"X","ts":153657,"dur":1,"pid":1,"tid":0},
{"name":"ComposeSubtree /Biped/Rig/Controls/pinkyCup_l_bind_fk_follow/pinkyCup_l_bind_fk/pinky_001_l_bind_fk","cat":"step","ph":"X","ts":153658,"dur":1,"pid":1,"tid":0},
{"name":"ComposeSubtree /Biped/Rig/Controls/pinkyCup_r_bind_fk_follow/pinkyCup_r_bind_fk/pinky_001_r_bind_fk/pinky_002_r_bind_fk/pinky_003_r_bind_fk","cat":"step","ph":"X","ts":153659,"dur":1,"pid":1,"tid":0},
{"name":"ComposeSubtree /Biped/Rig/Controls/ring_001_r_bind_fk_follow/ring_001_r_bind_fk/ring_002_r_bind_fk","cat":"step","ph":"X","ts":153660,"dur":1,"pid":1,"tid":0},
{"name":"ComposeSubtree /Biped/Rig/Controls/thumbCup_l_bind_fk_follow/thumbCup_l_bind_fk/thumb_001_l_bind_fk/thumb_002_l_bind_fk","cat":"step","ph":"X","ts":153661,"dur":1,"pid":1,"tid":0},
{"name":"ComposeSubtree /Biped/Rig/Joints/ankle_l_pivot","cat":"step","ph":"X","ts":153662,"dur":1,"pid":1,"tid":0},
{"name":"ComposeSubtree /Biped/Rig/Joints/ankle_r_pivot","cat":"step","ph":"X","ts":153663,"dur":1,"pid":1,"tid":0},
{"name":"ComposeSubtree /Biped/Rig/Joints/hips_bind","cat":"step","ph":"X","ts":153664,"dur":1,"pid":1,"tid":0},
{"name":"ComposeSubtree /Biped/Rig/Joints/hips_bind/pelvis_l_bind/thigh_l_bind/knee_l_bind/ankleTwist_l_bind","cat":"step","ph":"X","ts":153665,"dur":1,"pid":1,"tid":0},
{"name":"ComposeSubtree /Biped/Rig/Joints/hips_bind/pelvis_l_bind/thigh_l_bind/knee_l_bind/ankle_l_bind/ball_l_bind/toe1_001_l_bind/toe1_002_l_bind/toe1_003_l_bind","cat":"step","ph":"X","ts":153666,"dur":1,"pid":1,"tid":0},
{"name":"ComposeSubtree /Biped/Rig/Joints/hips_bind/pelvis_l_bind/thigh_l_bind/knee_l_bind/ankle_l_bind/ball_l_bind/toe4_001_l_bind","cat":"step","ph":"X","ts":153667,"dur":1,"pid":1,"tid":0},
{"name":"ComposeSubtree /Biped/Rig/Joints/hips_bind/pelvis_l_bind/thigh_l_bind/knee_l_bind/ankle_l_bind/ball_l_bind/toe_l_bind","cat":"step","ph":"X","ts":153668,"dur":1,"pid":1,"tid":0},
{"name":"ComposeSubtree /Biped/Rig/Joints/hips_bind/pelvis_r_bind/thighNoTwist_r_bind","cat":"step","ph":"X","ts":153669,"dur":1,"pid":1,"tid":0},
{"name":"ComposeSubtree /Biped/Rig/Joints/hips_bind/pelvis_r_bind/thigh_r_bind/knee_r_bind/ankle_r_bind/ball_r_bind","cat":"step","ph":"X","ts":153670,"dur":1,"pid":1,"tid":0},
{"name":"ComposeSubtree /Biped/Rig/Joints/hips_bind/pelvis_r_bind/thigh_r_bind/knee_r_bind/ankle_r_bind/ball_r_bind/toe3_001_r_bind","cat":"step","ph":"X","ts":153671,"dur":1,"pid":1,"tid":0},
{"name":"ComposeSubtree /Biped/Rig/Joints/hips_bind/pelvis_r_bind/thigh_r_bind/knee_r_bind/ankle_r_bind/ball_r_bind/toe5_001_r_bind","cat":"step","ph":"X","ts":153672,"dur":1,"pid":1,"tid":0},
{"name":"ComposeSubtree /Biped/Rig/Joints/hips_bind/spine_0_bind","cat":"step","ph":"X","ts":153673,"dur":1,"pid":1,"tid":0},
{"name":"ComposeSubtree /Biped/Rig/Joints/hips_bind/spine_0_bind/spine_1_bind/spine_2_bind/spine_3_bind/spine_4_bind/spine_5_bind/chest_bind/clavicle_l_bind/clavicle_trans_combo_l_driver","cat":"step","ph":"X","ts":153674,"dur":1,"pid":1,"tid":0},
{"name":"ComposeSubtree /Biped/Rig/Joints/hips_bind/spine_0_bind/spine_1_bind/spine_2_bind/spine_3_bind/spine_4_bind/spine_5_bind/chest_bind/clavicle_l_bind/shoulder_l_bind/elbow_l_bind/elbowTwist_l_bind","cat":"step","ph":"X","ts":153675,"dur":1,"pid":1,"tid":0},
{"name":"ComposeSubtree /Biped/Rig/Joints/hips_bind/spine_0_bind/spine_1_bind/spine_2_bind/spine_3_bind/spine_4_bind/spine_5_bind/chest_bind/clavicle_l_bind/shoulder_l_bind/elbow_l_bind/wrist_l_bind/index_001_l_bind/index_002_l_bind/index_003_l_bind/index_004_l_bind","cat":"step","ph":"X","ts":153676,"dur":1,"pid":1,"tid":0},
{"name":"ComposeSubtree /Biped/Rig/Joints/hips_bind/spine_0_bind/spine_1_bind/spine_2_bind/spine_3_bind/spine_4_bind/spine_5_bind/chest_bind/clavicle_l_bind/shoulder_l_bind/elbow_l_bind/wrist_l_bind/pinkyCup_l_bind","cat":"step","ph":"X","ts":153677,"dur":1,"pid":1,"tid":0},
{"name":"ComposeSubtree /Biped/Rig/Joints/hips_bind/spine_0_bind/spine_1_bind/spine_2_bind/spine_3_bind/spine_4_bind/spine_5_bind/chest_bind/clavicle_l_bind/shoulder_l_bind/elbow_l_bind/wrist_l_bind/ring_001_l_bind","cat":"step","ph":"X","ts":153678,"dur":1,"pid":1,"tid":0},
{"name":"ComposeSubtree /Biped/Rig/Joints/hips_bind/spine_0_bind/spine_1_bind/spine_2_bind/spine_3_bind/spine_4_bind/spine_5_bind/chest_bind/clavicle_l_bind/shoulder_l_bind/elbow_l_bind/wrist_l_bind/thumbCup_l_bind/thumb_001_l_bind/thumb_002_l_bind/thumb_003_l_bind","cat":"step","ph":"X","ts":153679,"dur":1,"pid":1,"tid":0},
{"name":"ComposeSubtree /Biped/Rig/Joints/hips_bind/spine_0_bind/spine_1_bind/spine_2_bind/spine_3_bind/spine_4_bind/spine_5_bind/chest_bind/clavicle_r_bind/shoulder_r_bind","cat":"step","ph":"X","ts":153680,"dur":1,"pid":1,"tid":0},
{"name":"ComposeSubtree /Biped/Rig/Joints/hips_bind/spine_0_bind/spine_1_bind/spine_2_bind/spine_3_bind/spine_4_bind/spine_5_bind/chest_bind/clavicle_r_bind/shoulder_r_bind/elbow_r_bind/wrist_r_bind/index_001_r_bind","cat":"step","ph":"X","ts":153681,"dur":1,"pid":1,"tid":0},
{"name":"ComposeSubtree /Biped/Rig/Joints/hips_bind/spine_0_bind/spine_1_bind/spine_2_bind/spine_3_bind/spine_4_bind/spine_5_bind/chest_bind/clavicle_r_bind/shoulder_r_bind/elbow_r_bind/wrist_r_bind/middle_001_r_bind/middle_002_r_bind","cat":"step","ph":"X","ts":153682,"dur":1,"pid":1,"tid":0},
{"name":"ComposeSubtree /Biped/Rig/Joints/hips_bind/spine_0_bind/spine_1_bind/spine_2_bind/spine_3_bind/spine_4_bind/spine_5_bind/chest_bind/clavicle_r_bind/shoulder_r_bind/elbow_r_bind/wrist_r_bind/pinkyCup_r_bind/pinky_001_r_bind/pinky_002_r_bind/pinky_003_r_bind/pinky_004_r_bind","cat":"step","ph":"X","ts":153683,"dur":1,"pid":1,"tid":0},
{"name":"ComposeSubtree /Biped/Rig/Joints/hips_bind/spine_0_bind/spine_1_bind/spine_2_bind/spine_3_bind/spine_4_bind/spine_5_bind/chest_bind/clavicle_r_bind/shoulder_r_bind/elbow_r_bind/wrist_r_bind/thumbCup_r_bind","cat":"step","ph":"X","ts":153684,"dur":1,"pid":1,"tid":0},
{"name":"ComposeSubtree /Biped/Rig/Joints/hips_bind/spine_0_bind/spine_1_bind/spine_2_bind/spine_3_bind/spine_4_bind/spine_5_bind/chest_bind/neck_base_bind/neck_0_bind/neck_1_bind/neck_2_bind/neck_3_bind","cat":"step","ph":"X","ts":153685,"dur":1,"pid":1,"tid":0},
{"name":"ComposeSubtree /Biped/Rig/Joints/hips_bind/spine_0_bind/spine_1_bind/spine_2_bind/spine_3_bind/spine_4_bind/spine_5_bind/chest_bind/neck_base_bind/neck_0_bind/neck_1_bind/neck_2_bind/neck_3_bind/skull_bind/face_lower_bind/jaw_bind/jaw_end","cat":"step","ph":"X","ts":153686,"dur":1,"pid":1,"tid":0},
{"name":"ComposeSubtree /Biped/Rig/Joints/hips_bind/spine_0_bind/spine_1_bind/spine_2_bind/spine_3_bind/spine_4_bind/spine_5_bind/chest_bind/neck_base_bind/neck_0_bind/neck_1_bind/neck_2_bind/neck_3_bind/skull_bind/face_upper_bind/eyeSocket_l_bind","cat":"step","ph":"X","ts":153687,"dur":1,"pid":1,"tid":0},
{"name":"ComposeSubtree /Biped/Rig/Joints/hips_bind/spine_0_bind/spine_1_bind/spine_2_bind/spine_3_bind/spine_4_bind/spine_5_bind/chest_bind/neck_base_bind/neck_0_bind/neck_1_bind/neck_2_bind/neck_3_bind/skull_bind/face_upper_bind/head_tip_bind/brow_main_r_bind","cat":"step","ph":"X","ts":153688,"dur":1,"pid":1,"tid":0},
{"name":"ComposeSubtree /Biped/Rig/Joints/pupilCenter_l_pivot","cat":"step","ph":"X","ts":153689,"dur":1,"pid":1,"tid":0},
{"name":"Solve /Biped/Rig/Solvers/arm_l_fkChain","cat":"step","ph":"X","ts":153690,"dur":2,"pid":1,"tid":0},
{"name":"Solve /Biped/Rig/Solvers/arm_l_twoBoneIk","cat":"step","ph":"X","ts":153692,"dur":1,"pid":1,"tid":0},
{"name":"Solve /Biped/Rig/Solvers/arm_r_twoBoneIk","cat":"step","ph":"X","ts":153693,"dur":1,"pid":1,"tid":0},
{"name":"Solve /Biped/Rig/Solvers/leg_r_fkChain","cat":"step","ph":"X","ts":153694,"dur":1,"pid":1,"tid":0},
{"name":"Solve /Biped/Rig/Solvers/neck_splineIk","cat":"step","ph":"X","ts":153695,"dur":7,"pid":1,"tid":0},
{"name":"SolverCommit batch 6","cat":"step","ph":"X","ts":153702,"dur":1,"pid":1,"tid":0},
{"name":"Solve /Biped/Rig/Solvers/spine_splineIk","cat":"step","ph":"X","ts":153703,"dur":7,"pid":1,"tid":0},
{"name":"Solve /Biped/Rig/Solvers/arm_r_ikfk","cat":"step","ph":"X","ts":153710,"dur":1,"pid":1,"tid":0},
{"name":"SolverCommit batch 8","cat":"step","ph":"X","ts":153711,"dur":1,"pid":1,"tid":0},
{"name":"Solve /Biped/Rig/Solvers/arm_l_ikfk","cat":"step","ph":"X","ts":153712,"dur":1,"pid":1,"tid":0},
{"name":"Constraint /Biped/Rig/Movers/spine_mid_follow/spine_mid_follow_pos","cat":"step","ph":"X","ts":153713,"dur":6,"pid":1,"tid":0},
{"name":"Solve /Biped/Rig/Solvers/fk_thumb_r","cat":"step","ph":"X","ts":153719,"dur":1,"pid":1,"tid":0},
{"name":"Solve /Biped/Rig/Solvers/fk_ring_r","cat":"step","ph":"X","ts":153720,"dur":1,"pid":1,"tid":0},
{"name":"Solve /Biped/Rig/Solvers/fk_pinky_r","cat":"step","ph":"X","ts":153721,"dur":1,"pid":1,"tid":0},
{"name":"SolverCommit batch 13","cat":"step","ph":"X","ts":153722,"dur":1,"pid":1,"tid":0},
{"name":"Solve /Biped/Rig/Solvers/fk_middle_r","cat":"step","ph":"X","ts":153723,"dur":1,"pid":1,"tid":0},
{"name":"Solve /Biped/Rig/Solvers/fk_index_r","cat":"step","ph":"X","ts":153724,"dur":1,"pid":1,"tid":0},
{"name":"Solve /Biped/Rig/Solvers/fk_thumb_l","cat":"step","ph":"X","ts":153725,"dur":1,"pid":1,"tid":0},
{"name":"SolverCommit batch 16","cat":"step","ph":"X","ts":153726,"dur":1,"pid":1,"tid":0},
{"name":"SolverCommit batch 17","cat":"step","ph":"X","ts":153727,"dur":1,"pid":1,"tid":0},
{"name":"Solve /Biped/Rig/Solvers/fk_pinky_l","cat":"step","ph":"X","ts":153728,"dur":1,"pid":1,"tid":0},
{"name":"Solve /Biped/Rig/Solvers/fk_middle_l","cat":"step","ph":"X","ts":153729,"dur":1,"pid":1,"tid":0},
{"name":"Solve /Biped/Rig/Solvers/fk_index_l","cat":"step","ph":"X","ts":153730,"dur":1,"pid":1,"tid":0},
{"name":"SolverCommit batch 20","cat":"step","ph":"X","ts":153731,"dur":1,"pid":1,"tid":0},
{"name":"Constraint /Biped/Rig/Movers/spine_mid_follow/spine_mid_follow_aim","cat":"step","ph":"X","ts":153732,"dur":2,"pid":1,"tid":0},
{"name":"Constraint /Biped/Rig/Movers/hand_r_follow/thumbCup_r_bind_fk_follow_to_wrist_r_bind","cat":"step","ph":"X","ts":153734,"dur":3,"pid":1,"tid":0},
{"name":"Constraint /Biped/Rig/Movers/hand_r_follow/ring_001_r_bind_fk_follow_to_wrist_r_bind","cat":"step","ph":"X","ts":153737,"dur":2,"pid":1,"tid":0},
{"name":"Constraint /Biped/Rig/Movers/hand_r_follow/pinkyCup_r_bind_fk_follow_to_wrist_r_bind","cat":"step","ph":"X","ts":153739,"dur":3,"pid":1,"tid":0},
{"name":"Constraint /Biped/Rig/Movers/hand_r_follow/middle_001_r_bind_fk_follow_to_wrist_r_bind","cat":"step","ph":"X","ts":153742,"dur":3,"pid":1,"tid":0},
{"name":"Constraint /Biped/Rig/Movers/hand_r_follow/index_001_r_bind_fk_follow_to_wrist_r_bind","cat":"step","ph":"X","ts":153745,"dur":2,"pid":1,"tid":0},
{"name":"Constraint /Biped/Rig/Movers/hand_l_follow/thumbCup_l_bind_fk_follow_to_wrist_l_bind","cat":"step","ph":"X","ts":153747,"dur":3,"pid":1,"tid":0},
{"name":"Constraint /Biped/Rig/Movers/hand_l_follow/ring_001_l_bind_fk_follow_to_wrist_l_bind","cat":"step","ph":"X","ts":153750,"dur":2,"pid":1,"tid":0},
{"name":"Constraint /Biped/Rig/Movers/hand_l_follow/pinkyCup_l_bind_fk_follow_to_wrist_l_bind","cat":"step","ph":"X","ts":153752,"dur":3,"pid":1,"tid":0},
{"name":"Constraint /Biped/Rig/Movers/hand_l_follow/middle_001_l_bind_fk_follow_to_wrist_l_bind","cat":"step","ph":"X","ts":153755,"dur":2,"pid":1,"tid":0},
{"name":"Constraint /Biped/Rig/Movers/hand_l_follow/index_001_l_bind_fk_follow_to_wrist_l_bind","cat":"step","ph":"X","ts":153757,"dur":2,"pid":1,"tid":0},
{"name":"Constraint /Biped/Rig/Movers/bankIn_r_pivot_rc/bankIn_r_pivot_rotation","cat":"step","ph":"X","ts":153759,"dur":2,"pid":1,"tid":0},
{"name":"Constraint /Biped/Rig/Movers/heel_r_roll_rc/heel_r_roll_rotation","cat":"step","ph":"X","ts":153761,"dur":1,"pid":1,"tid":0},
{"name":"Constraint /Biped/Rig/Movers/ballRoll_r_up_rc/ballRoll_r_up_rotation","cat":"step","ph":"X","ts":153762,"dur":1,"pid":1,"tid":0},
{"name":"Solve /Biped/Rig/Solvers/leg_r_twoBoneIk","cat":"step","ph":"X","ts":153763,"dur":1,"pid":1,"tid":0},
{"name":"SolverCommit batch 39","cat":"step","ph":"X","ts":153764,"dur":4,"pid":1,"tid":0},
{"name":"Constraint /Biped/Rig/Movers/ankle_r_bind_scAim/ankle_r_bind_aim","cat":"step","ph":"X","ts":153768,"dur":5,"pid":1,"tid":0},
{"name":"Constraint /Biped/Rig/Movers/ball_r_bind_scAim/ball_r_bind_aim","cat":"step","ph":"X","ts":153773,"dur":3,"pid":1,"tid":0},
{"name":"Constraint /Biped/Rig/Movers/bankOut_l_pivot_rc/bankOut_l_pivot_rotation","cat":"step","ph":"X","ts":153776,"dur":1,"pid":1,"tid":0},
{"name":"Constraint /Biped/Rig/Movers/ballRoll_l_up_rc/ballRoll_l_up_rotation","cat":"step","ph":"X","ts":153777,"dur":1,"pid":1,"tid":0},
{"name":"Solve /Biped/Rig/Solvers/leg_l_twoBoneIk","cat":"step","ph":"X","ts":153778,"dur":1,"pid":1,"tid":0},
{"name":"SolverCommit batch 49","cat":"step","ph":"X","ts":153779,"dur":4,"pid":1,"tid":0},
{"name":"Constraint /Biped/Rig/Movers/ankle_l_bind_scAim/ankle_l_bind_aim","cat":"step","ph":"X","ts":153783,"dur":3,"pid":1,"tid":0},
{"name":"Constraint /Biped/Rig/Movers/ball_l_bind_scAim/ball_l_bind_aim","cat":"step","ph":"X","ts":153786,"dur":3,"pid":1,"tid":0},
{"name":"Constraint /Biped/Rig/Movers/hips_follow/spine_root_ctl_drives_hips_bind","cat":"step","ph":"X","ts":153789,"dur":2,"pid":1,"tid":0},
{"name":"PropagateChunk /Biped/Rig/Movers/hips_follow/spine_root_ctl_drives_hips_bind","cat":"step","ph":"X","ts":153791,"dur":4,"pid":1,"tid":0},
{"name":"CommitApply /Biped/Rig/Movers/hips_follow/spine_root_ctl_drives_hips_bind","cat":"step","ph":"X","ts":153795,"dur":1,"pid":1,"tid":0},
{"name":"Constraint /Biped/Rig/Movers/hips_follow/spine_root_ctl_scales_hips_bind","cat":"step","ph":"X","ts":153796,"dur":1,"pid":1,"tid":0},
{"name":"PropagateChunk /Biped/Rig/Movers/hips_follow/spine_root_ctl_scales_hips_bind","cat":"step","ph":"X","ts":153797,"dur":4,"pid":1,"tid":0},
{"name":"CommitApply /Biped/Rig/Movers/hips_follow/spine_root_ctl_scales_hips_bind","cat":"step","ph":"X","ts":153801,"dur":1,"pid":1,"tid":0},
{"name":"Constraint /Biped/Rig/Movers/spine_to_bind/spine_ik_spine_0_bind_scale_to_spine_0_bind","cat":"step","ph":"X","ts":153802,"dur":4,"pid":1,"tid":0},
{"name":"Constraint /Biped/Rig/Movers/spine_to_bind/spine_ik_spine_0_bind_to_spine_0_bind","cat":"step","ph":"X","ts":153806,"dur":5,"pid":1,"tid":0},
{"name":"Constraint /Biped/Rig/Movers/spine_to_bind/spine_ik_spine_1_bind_scale_to_spine_1_bind","cat":"step","ph":"X","ts":153811,"dur":4,"pid":1,"tid":0},
{"name":"Constraint /Biped/Rig/Movers/spine_to_bind/spine_ik_spine_1_bind_to_spine_1_bind","cat":"step","ph":"X","ts":153815,"dur":5,"pid":1,"tid":0},
{"name":"Constraint /Biped/Rig/Movers/spine_to_bind/spine_ik_spine_2_bind_scale_to_spine_2_bind","cat":"step","ph":"X","ts":153820,"dur":4,"pid":1,"tid":0},
{"name":"Constraint /Biped/Rig/Movers/spine_to_bind/spine_ik_spine_2_bind_to_spine_2_bind","cat":"step","ph":"X","ts":153824,"dur":4,"pid":1,"tid":0},
{"name":"Constraint /Biped/Rig/Movers/spine_to_bind/spine_ik_spine_3_bind_scale_to_spine_3_bind","cat":"step","ph":"X","ts":153828,"dur":4,"pid":1,"tid":0},
{"name":"Constraint /Biped/Rig/Movers/spine_to_bind/spine_ik_spine_3_bind_to_spine_3_bind","cat":"step","ph":"X","ts":153832,"dur":5,"pid":1,"tid":0},
{"name":"Constraint /Biped/Rig/Movers/spine_to_bind/spine_ik_spine_4_bind_scale_to_spine_4_bind","cat":"step","ph":"X","ts":153837,"dur":4,"pid":1,"tid":0},
{"name":"Constraint /Biped/Rig/Movers/spine_to_bind/spine_ik_spine_4_bind_to_spine_4_bind","cat":"step","ph":"X","ts":153841,"dur":4,"pid":1,"tid":0},
{"name":"Constraint /Biped/Rig/Movers/spine_to_bind/spine_ik_spine_5_bind_scale_to_spine_5_bind","cat":"step","ph":"X","ts":153845,"dur":4,"pid":1,"tid":0},
{"name":"Constraint /Biped/Rig/Movers/spine_to_bind/spine_ik_spine_5_bind_to_spine_5_bind","cat":"step","ph":"X","ts":153849,"dur":4,"pid":1,"tid":0},
{"name":"Constraint /Biped/Rig/Movers/spine_to_bind/spine_ik_chest_bind_scale_to_chest_bind","cat":"step","ph":"X","ts":153853,"dur":4,"pid":1,"tid":0},
{"name":"Constraint /Biped/Rig/Movers/spine_to_bind/spine_ik_chest_bind_to_chest_bind","cat":"step","ph":"X","ts":153857,"dur":4,"pid":1,"tid":0},
{"name":"Constraint /Biped/Rig/Movers/girdles/spine_end_ctl_drives_chest_bind","cat":"step","ph":"X","ts":153861,"dur":5,"pid":1,"tid":0},
{"name":"Constraint /Biped/Rig/Movers/girdles/pelvis_r_ctl_drives_pelvis_r_bind","cat":"step","ph":"X","ts":153866,"dur":1,"pid":1,"tid":0},
{"name":"Constraint /Biped/Rig/Movers/girdles/pelvis_l_ctl_drives_pelvis_l_bind","cat":"step","ph":"X","ts":153867,"dur":1,"pid":1,"tid":0},
{"name":"Constraint /Biped/Rig/Movers/girdles/clavicle_r_ctl_drives_clavicle_r_bind","cat":"step","ph":"X","ts":153868,"dur":1,"pid":1,"tid":0},
{"name":"Constraint /Biped/Rig/Movers/girdles/spine_end_ctl_unsquashes_neck_base_bind","cat":"step","ph":"X","ts":153869,"dur":3,"pid":1,"tid":0},
{"name":"Constraint /Biped/Rig/Movers/girdles/clavicle_r_ctl_unsquashes_clavicle_r_bind","cat":"step","ph":"X","ts":153872,"dur":1,"pid":1,"tid":0},
{"name":"Constraint /Biped/Rig/Movers/girdles/clavicle_l_ctl_unsquashes_clavicle_l_bind","cat":"step","ph":"X","ts":153873,"dur":2,"pid":1,"tid":0},
{"name":"Constraint /Biped/Rig/Movers/neck_to_bind/neck_ik_neck_0_bind_scale_to_neck_0_bind","cat":"step","ph":"X","ts":153875,"dur":3,"pid":1,"tid":0},
{"name":"Constraint /Biped/Rig/Movers/neck_to_bind/neck_ik_neck_0_bind_to_neck_0_bind","cat":"step","ph":"X","ts":153878,"dur":3,"pid":1,"tid":0},
{"name":"Constraint /Biped/Rig/Movers/neck_to_bind/neck_ik_neck_1_bind_scale_to_neck_1_bind","cat":"step","ph":"X","ts":153881,"dur":3,"pid":1,"tid":0},
{"name":"Constraint /Biped/Rig/Movers/neck_to_bind/neck_ik_neck_1_bind_to_neck_1_bind","cat":"step","ph":"X","ts":153884,"dur":3,"pid":1,"tid":0},
{"name":"Constraint /Biped/Rig/Movers/neck_to_bind/neck_ik_neck_2_bind_scale_to_neck_2_bind","cat":"step","ph":"X","ts":153887,"dur":3,"pid":1,"tid":0},
{"name":"Constraint /Biped/Rig/Movers/neck_to_bind/neck_ik_neck_2_bind_to_neck_2_bind","cat":"step","ph":"X","ts":153890,"dur":3,"pid":1,"tid":0},
{"name":"Constraint /Biped/Rig/Movers/neck_to_bind/neck_ik_neck_3_bind_scale_to_neck_3_bind","cat":"step","ph":"X","ts":153893,"dur":3,"pid":1,"tid":0},
{"name":"Constraint /Biped/Rig/Movers/neck_to_bind/neck_ik_neck_3_bind_to_neck_3_bind","cat":"step","ph":"X","ts":153896,"dur":3,"pid":1,"tid":0},
{"name":"Constraint /Biped/Rig/Movers/neck_to_bind/neck_ik_skull_bind_scale_to_skull_bind","cat":"step","ph":"X","ts":153899,"dur":3,"pid":1,"tid":0},
{"name":"Constraint /Biped/Rig/Movers/neck_to_bind/neck_ik_skull_bind_to_skull_bind","cat":"step","ph":"X","ts":153902,"dur":3,"pid":1,"tid":0},
{"name":"Constraint /Biped/Rig/Movers/twist_aims/wristTwist_r_bind_copy","cat":"step","ph":"X","ts":153905,"dur":3,"pid":1,"tid":0},
{"name":"Constraint /Biped/Rig/Movers/twist_aims/wristTwist_r_bind_aim","cat":"step","ph":"X","ts":153908,"dur":1,"pid":1,"tid":0},
{"name":"Constraint /Biped/Rig/Movers/twist_aims/wristTwist_l_bind_copy","cat":"step","ph":"X","ts":153909,"dur":2,"pid":1,"tid":0},
{"name":"Constraint /Biped/Rig/Movers/twist_aims/wristTwist_l_bind_aim","cat":"step","ph":"X","ts":153911,"dur":2,"pid":1,"tid":0},
{"name":"Constraint /Biped/Rig/Movers/twist_aims/ankleTwist_r_bind_copy","cat":"step","ph":"X","ts":153913,"dur":2,"pid":1,"tid":0},
{"name":"Constraint /Biped/Rig/Movers/twist_aims/ankleTwist_r_bind_aim","cat":"step","ph":"X","ts":153915,"dur":1,"pid":1,"tid":0},
{"name":"Constraint /Biped/Rig/Movers/twist_aims/ankleTwist_l_bind_copy","cat":"step","ph":"X","ts":153916,"dur":2,"pid":1,"tid":0},
{"name":"Constraint /Biped/Rig/Movers/twist_aims/ankleTwist_l_bind_aim","cat":"step","ph":"X","ts":153918,"dur":1,"pid":1,"tid":0},
{"name":"Constraint /Biped/Rig/Movers/twist_aims/ankleTwist_r_bind_follows_ankle_r_bind","cat":"step","ph":"X","ts":153919,"dur":1,"pid":1,"tid":0},
{"name":"Constraint /Biped/Rig/Movers/twist_aims/ankleTwist_l_bind_follows_ankle_l_bind","cat":"step","ph":"X","ts":153920,"dur":2,"pid":1,"tid":0},
{"name":"Constraint /Biped/Rig/Movers/twist_aims/wristTwist_r_bind_follows_wrist_r_bind","cat":"step","ph":"X","ts":153922,"dur":1,"pid":1,"tid":0},
{"name":"Constraint /Biped/Rig/Movers/twist_aims/thighNoTwist_l_bind_follows_thigh_l_bind","cat":"step","ph":"X","ts":153923,"dur":1,"pid":1,"tid":0},
{"name":"Constraint /Biped/Rig/Movers/twist_aims/shoulderNoTwist_l_bind_follows_shoulder_l_bind","cat":"step","ph":"X","ts":153924,"dur":1,"pid":1,"tid":0},
{"name":"Constraint /Biped/Rig/Movers/twist_aims/pelvis_trans_l_bind_follows_thigh_l_bind","cat":"step","ph":"X","ts":153925,"dur":1,"pid":1,"tid":0},
{"name":"Constraint /Biped/Rig/Movers/twist_aims/clavicle_trans_r_bind_follows_shoulder_r_bind","cat":"step","ph":"X","ts":153926,"dur":1,"pid":1,"tid":0},
{"name":"Constraint /Biped/Rig/Movers/twist_aims/pelvis_trans_r_bind_aim","cat":"step","ph":"X","ts":153927,"dur":3,"pid":1,"tid":0},
{"name":"Constraint /Biped/Rig/Movers/twist_aims/pelvis_trans_l_bind_aim","cat":"step","ph":"X","ts":153930,"dur":1,"pid":1,"tid":0},
{"name":"Constraint /Biped/Rig/Movers/twist_aims/kneeTwist_r_bind_aim","cat":"step","ph":"X","ts":153931,"dur":2,"pid":1,"tid":0},
{"name":"Constraint /Biped/Rig/Movers/twist_aims/kneeTwist_l_bind_aim","cat":"step","ph":"X","ts":153933,"dur":1,"pid":1,"tid":0},
{"name":"Constraint /Biped/Rig/Movers/twist_aims/thighNoTwist_r_bind_aim","cat":"step","ph":"X","ts":153934,"dur":2,"pid":1,"tid":0},
{"name":"Constraint /Biped/Rig/Movers/twist_aims/thighNoTwist_l_bind_aim","cat":"step","ph":"X","ts":153936,"dur":1,"pid":1,"tid":0},
{"name":"Constraint /Biped/Rig/Movers/twist_aims/clavicle_trans_r_bind_aim","cat":"step","ph":"X","ts":153937,"dur":2,"pid":1,"tid":0},
{"name":"Constraint /Biped/Rig/Movers/twist_aims/clavicle_trans_l_bind_aim","cat":"step","ph":"X","ts":153939,"dur":2,"pid":1,"tid":0},
{"name":"Constraint /Biped/Rig/Movers/twist_aims/elbowTwist_r_bind_aim","cat":"step","ph":"X","ts":153941,"dur":2,"pid":1,"tid":0},
{"name":"Constraint /Biped/Rig/Movers/twist_aims/elbowTwist_l_bind_aim","cat":"step","ph":"X","ts":153943,"dur":2,"pid":1,"tid":0},
{"name":"Constraint /Biped/Rig/Movers/twist_aims/shoulderNoTwist_r_bind_aim","cat":"step","ph":"X","ts":153945,"dur":2,"pid":1,"tid":0},
{"name":"Constraint /Biped/Rig/Movers/twist_aims/shoulderNoTwist_l_bind_aim","cat":"step","ph":"X","ts":153947,"dur":1,"pid":1,"tid":0},
{"name":"Constraint /Biped/Rig/Movers/pose_drivers/thigh_r_driver_copies_thigh_r_bind","cat":"step","ph":"X","ts":153948,"dur":3,"pid":1,"tid":0},
{"name":"Constraint /Biped/Rig/Movers/pose_drivers/thigh_l_driver_copies_thigh_l_bind","cat":"step","ph":"X","ts":153951,"dur":1,"pid":1,"tid":0},
{"name":"Constraint /Biped/Rig/Movers/pose_drivers/thigh_r_twist_driver_copies_thighNoTwist_r_bind","cat":"step","ph":"X","ts":153952,"dur":2,"pid":1,"tid":0},
{"name":"Constraint /Biped/Rig/Movers/pose_drivers/thigh_l_twist_driver_copies_thighNoTwist_l_bind","cat":"step","ph":"X","ts":153954,"dur":3,"pid":1,"tid":0},
{"name":"Constraint /Biped/Rig/Movers/pose_drivers/ankleTwist_r_driver_copies_ankleTwist_r_bind","cat":"step","ph":"X","ts":153957,"dur":2,"pid":1,"tid":0},
{"name":"Constraint /Biped/Rig/Movers/pose_drivers/ankleTwist_l_driver_copies_ankleTwist_l_bind","cat":"step","ph":"X","ts":153959,"dur":2,"pid":1,"tid":0},
{"name":"Constraint /Biped/Rig/Movers/pose_drivers/toe_r_driver_copies_ball_r_bind","cat":"step","ph":"X","ts":153961,"dur":2,"pid":1,"tid":0},
{"name":"Constraint /Biped/Rig/Movers/pose_drivers/toe_l_driver_copies_ball_l_bind","cat":"step","ph":"X","ts":153963,"dur":1,"pid":1,"tid":0},
{"name":"Constraint /Biped/Rig/Movers/pose_drivers/knee_r_driver_copies_knee_r_bind","cat":"step","ph":"X","ts":153964,"dur":2,"pid":1,"tid":0},
{"name":"Constraint /Biped/Rig/Movers/pose_drivers/knee_l_driver_copies_knee_l_bind","cat":"step","ph":"X","ts":153966,"dur":2,"pid":1,"tid":0},
{"name":"Constraint /Biped/Rig/Movers/pose_drivers/ankleSwing_r_driver_copies_ankle_r_bind","cat":"step","ph":"X","ts":153968,"dur":2,"pid":1,"tid":0},
{"name":"Constraint /Biped/Rig/Movers/pose_drivers/ankleSwing_l_driver_copies_ankle_l_bind","cat":"step","ph":"X","ts":153970,"dur":2,"pid":1,"tid":0},
{"name":"Constraint /Biped/Rig/Movers/pose_drivers/shoulder_r_driver_copies_shoulder_r_bind","cat":"step","ph":"X","ts":153972,"dur":2,"pid":1,"tid":0},
{"name":"Constraint /Biped/Rig/Movers/pose_drivers/shoulder_l_driver_copies_shoulder_l_bind","cat":"step","ph":"X","ts":153974,"dur":2,"pid":1,"tid":0},
{"name":"Constraint /Biped/Rig/Movers/pose_drivers/wristTwist_r_driver_copies_wristTwist_r_bind","cat":"step","ph":"X","ts":153976,"dur":2,"pid":1,"tid":0},
{"name":"Constraint /Biped/Rig/Movers/pose_drivers/wristTwist_l_driver_copies_wristTwist_l_bind","cat":"step","ph":"X","ts":153978,"dur":2,"pid":1,"tid":0},
{"name":"Constraint /Biped/Rig/Movers/pose_drivers/shoulder_r_twist_driver_copies_shoulderNoTwist_r_bind","cat":"step","ph":"X","ts":153980,"dur":3,"pid":1,"tid":0},
{"name":"Constraint /Biped/Rig/Movers/pose_drivers/shoulder_l_twist_driver_copies_shoulderNoTwist_l_bind","cat":"step","ph":"X","ts":153983,"dur":2,"pid":1,"tid":0},
{"name":"Constraint /Biped/Rig/Movers/pose_drivers/wristSwing_r_driver_copies_wrist_r_bind","cat":"step","ph":"X","ts":153985,"dur":1,"pid":1,"tid":0},
{"name":"Constraint /Biped/Rig/Movers/pose_drivers/wristSwing_l_driver_copies_wrist_l_bind","cat":"step","ph":"X","ts":153986,"dur":2,"pid":1,"tid":0},
{"name":"Constraint /Biped/Rig/Movers/pose_drivers/elbow_r_driver_copies_elbow_r_bind","cat":"step","ph":"X","ts":153988,"dur":2,"pid":1,"tid":0},
{"name":"Constraint /Biped/Rig/Movers/pose_drivers/elbow_l_driver_copies_elbow_l_bind","cat":"step","ph":"X","ts":153990,"dur":2,"pid":1,"tid":0},
{"name":"Constraint /Biped/Rig/Movers/param_follow/leg_r_params_to_ankle_r_bind","cat":"step","ph":"X","ts":153992,"dur":2,"pid":1,"tid":0},
{"name":"Constraint /Biped/Rig/Movers/param_follow/leg_l_params_to_ankle_l_bind","cat":"step","ph":"X","ts":153994,"dur":2,"pid":1,"tid":0},
{"name":"Constraint /Biped/Rig/Movers/param_follow/arm_r_params_to_wrist_r_bind","cat":"step","ph":"X","ts":153996,"dur":2,"pid":1,"tid":0},
{"name":"Constraint /Biped/Rig/Movers/param_follow/arm_l_params_to_wrist_l_bind","cat":"step","ph":"X","ts":153998,"dur":2,"pid":1,"tid":0},
{"name":"ProviderMatrix /Biped/Rig/Controls/leg_r_ik/ankle_r_pivot final","cat":"step","ph":"X","ts":154000,"dur":1,"pid":1,"tid":0},
{"name":"ProviderMatrix /Biped/Rig/Joints/ankle_l_pivot/bankIn_l_pivot/bankOut_l_pivot final","cat":"step","ph":"X","ts":154001,"dur":1,"pid":1,"tid":0},
{"name":"ProviderMatrix /Biped/Rig/Joints/ankle_r_pivot/bankIn_r_pivot/bankOut_r_pivot/heel_r_pivot/ball_r_pivot/toe_r_pivot final","cat":"step","ph":"X","ts":154002,"dur":1,"pid":1,"tid":0},
{"name":"ProviderMatrix /Biped/Rig/Joints/hips_bind/pelvis_l_bind/thigh_l_bind final","cat":"step","ph":"X","ts":154003,"dur":1,"pid":1,"tid":0},
{"name":"ProviderMatrix /Biped/Rig/Joints/hips_bind/pelvis_l_bind/thigh_l_bind/knee_l_bind/ankle_l_bind/ball_l_bind/toe2_001_l_bind final","cat":"step","ph":"X","ts":154004,"dur":1,"pid":1,"tid":0},
{"name":"ProviderMatrix /Biped/Rig/Joints/hips_bind/pelvis_l_bind/thigh_l_bind/knee_l_bind/ankle_l_bind/ball_l_bind/toe4_001_l_bind/toe4_002_l_bind/toe4_003_l_bind/toe4_004_l_bind final","cat":"step","ph":"X","ts":154005,"dur":1,"pid":1,"tid":0},
{"name":"ProviderMatrix /Biped/Rig/Joints/hips_bind/pelvis_r_bind/pelvis_trans_r_bind final","cat":"step","ph":"X","ts":154006,"dur":1,"pid":1,"tid":0},
{"name":"ProviderMatrix /Biped/Rig/Joints/hips_bind/pelvis_r_bind/thigh_r_bind/knee_r_bind/ankle_r_bind/ball_r_bind final","cat":"step","ph":"X","ts":154007,"dur":1,"pid":1,"tid":0},
{"name":"ProviderMatrix /Biped/Rig/Joints/hips_bind/pelvis_r_bind/thigh_r_bind/knee_r_bind/ankle_r_bind/ball_r_bind/toe3_001_r_bind/toe3_002_r_bind/toe3_003_r_bind final","cat":"step","ph":"X","ts":154008,"dur":1,"pid":1,"tid":0},
{"name":"ProviderMatrix /Biped/Rig/Joints/hips_bind/pelvis_r_bind/thigh_r_bind/knee_r_bind/kneeTwist_r_bind final","cat":"step","ph":"X","ts":154009,"dur":1,"pid":1,"tid":0},
{"name":"ProviderMatrix /Biped/Rig/Joints/hips_bind/spine_0_bind/spine_1_bind/spine_2_bind/spine_3_bind/spine_4_bind/spine_5_bind/chest_bind/clavicle_l_bind/clavicle_trans_l_bind final","cat":"step","ph":"X","ts":154010,"dur":1,"pid":1,"tid":0},
{"name":"ProviderMatrix /Biped/Rig/Joints/hips_bind/spine_0_bind/spine_1_bind/spine_2_bind/spine_3_bind/spine_4_bind/spine_5_bind/chest_bind/clavicle_l_bind/shoulder_l_bind/elbow_l_bind/wristTwist_l_bind final","cat":"step","ph":"X","ts":154011,"dur":1,"pid":1,"tid":0},
{"name":"ProviderMatrix /Biped/Rig/Joints/hips_bind/spine_0_bind/spine_1_bind/spine_2_bind/spine_3_bind/spine_4_bind/spine_5_bind/chest_bind/clavicle_l_bind/shoulder_l_bind/elbow_l_bind/wrist_l_bind/middle_001_l_bind/middle_002_combo_l_driver final","cat":"step","ph":"X","ts":154012,"dur":1,"pid":1,"tid":0},
{"name":"ProviderMatrix /Biped/Rig/Joints/hips_bind/spine_0_bind/spine_1_bind/spine_2_bind/spine_3_bind/spine_4_bind/spine_5_bind/chest_bind/clavicle_l_bind/shoulder_l_bind/elbow_l_bind/wrist_l_bind/pinkyCup_l_bind/pinky_001_l_bind/pinky_002_l_bind/pinky_003_l_bind/pinky_004_l_bind/pinky_005_l_bind final","cat":"step","ph":"X","ts":154013,"dur":1,"pid":1,"tid":0},
{"name":"ProviderMatrix /Biped/Rig/Joints/hips_bind/spine_0_bind/spine_1_bind/spine_2_bind/spine_3_bind/spine_4_bind/spine_5_bind/chest_bind/clavicle_r_bind final","cat":"step","ph":"X","ts":154014,"dur":1,"pid":1,"tid":0},
{"name":"ProviderMatrix /Biped/Rig/Joints/hips_bind/spine_0_bind/spine_1_bind/spine_2_bind/spine_3_bind/spine_4_bind/spine_5_bind/chest_bind/clavicle_r_bind/shoulder_r_bind/elbow_r_bind/wristTwist_r_bind final","cat":"step","ph":"X","ts":154015,"dur":1,"pid":1,"tid":0},
{"name":"ProviderMatrix /Biped/Rig/Joints/hips_bind/spine_0_bind/spine_1_bind/spine_2_bind/spine_3_bind/spine_4_bind/spine_5_bind/chest_bind/clavicle_r_bind/shoulder_r_bind/elbow_r_bind/wrist_r_bind/middle_001_r_bind/middle_002_combo_r_driver final","cat":"step","ph":"X","ts":154016,"dur":1,"pid":1,"tid":0},
{"name":"ProviderMatrix /Biped/Rig/Joints/hips_bind/spine_0_bind/spine_1_bind/spine_2_bind/spine_3_bind/spine_4_bind/spine_5_bind/chest_bind/clavicle_r_bind/shoulder_r_bind/elbow_r_bind/wrist_r_bind/pinkyCup_r_bind/pinky_001_r_bind/pinky_002_r_bind/pinky_003_r_bind/pinky_004_r_bind/pinky_005_r_bind final","cat":"step","ph":"X","ts":154017,"dur":1,"pid":1,"tid":0},
{"name":"ProviderMatrix /Biped/Rig/Joints/hips_bind/spine_0_bind/spine_1_bind/spine_2_bind/spine_3_bind/spine_4_bind/spine_5_bind/chest_bind/clavicle_r_bind/shoulder_r_bind/elbow_r_bind/wrist_r_bind/thumbCup_r_bind/thumb_001_r_bind/thumb_002_r_bind/thumb_003_r_bind/thumb_004_r_bind final","cat":"step","ph":"X","ts":154018,"dur":1,"pid":1,"tid":0},
{"name":"ProviderMatrix /Biped/Rig/Joints/hips_bind/spine_0_bind/spine_1_bind/spine_2_bind/spine_3_bind/spine_4_bind/spine_5_bind/chest_bind/neck_base_bind/neck_0_bind/neck_1_bind/neck_2_bind/neck_3_bind/skull_bind/face_lower_bind/face_mid_bind/teeth_upper_bind final","cat":"step","ph":"X","ts":154019,"dur":1,"pid":1,"tid":0},
{"name":"ProviderMatrix /Biped/Rig/Joints/hips_bind/spine_0_bind/spine_1_bind/spine_2_bind/spine_3_bind/spine_4_bind/spine_5_bind/chest_bind/neck_base_bind/neck_0_bind/neck_1_bind/neck_2_bind/neck_3_bind/skull_bind/face_upper_bind/eyeSocket_l_bind/eye_l_bind final","cat":"step","ph":"X","ts":154020,"dur":1,"pid":1,"tid":0},
{"name":"ProviderMatrix /Biped/Rig/Joints/neck_ik_neck_0_bind/neck_ik_neck_1_bind final","cat":"step","ph":"X","ts":154021,"dur":1,"pid":1,"tid":0},
{"name":"ProviderMatrix /Biped/Rig/Joints/spine_ik_spine_0_bind/spine_ik_spine_1_bind/spine_ik_spine_2_bind/spine_ik_spine_3_bind/spine_ik_spine_4_bind/spine_ik_spine_5_bind final","cat":"step","ph":"X","ts":154022,"dur":1,"pid":1,"tid":0},
{"name":"InfluenceFold /Biped/Rig/Movers/skin_body_geo/body_geo_skin","cat":"step","ph":"X","ts":154023,"dur":23,"pid":1,"tid":0},
{"name":"RevisionChunk /Biped/Rig/Movers/skin_body_geo/body_geo_skin","cat":"step","ph":"X","ts":154046,"dur":368,"pid":1,"tid":0},
{"name":"RevisionFuse /Biped/Rig/Movers/skin_body_geo/body_geo_skin","cat":"step","ph":"X","ts":154414,"dur":2,"pid":1,"tid":0},
{"name":"ChainStatus /Biped/Geom/body_geo.points","cat":"step","ph":"X","ts":154416,"dur":15,"pid":1,"tid":0},
{"name":"Derived /Biped/Geom/body_geo.extent","cat":"step","ph":"X","ts":154431,"dur":141,"pid":1,"tid":0},
{"name":"BakedPublish","cat":"baked","ph":"X","ts":154660,"dur":87,"pid":1,"tid":0},
{"name":"BakedEpilogue","cat":"baked","ph":"X","ts":154573,"dur":185,"pid":1,"tid":0},
{"name":"Baked","cat":"baked","ph":"X","ts":153499,"dur":1260,"pid":1,"tid":0},
{"name":"Evaluate.Run","cat":"evaluate","ph":"X","ts":153498,"dur":1261,"pid":1,"tid":0},
{"name":"Evaluate@6","cat":"evaluate","ph":"X","ts":153496,"dur":1264,"pid":1,"tid":0},
{"name":"Evaluate.Settle","cat":"evaluate","ph":"X","ts":154906,"dur":0,"pid":1,"tid":0},
{"name":"Evaluate.PlaceOverrides","cat":"evaluate","ph":"X","ts":154906,"dur":0,"pid":1,"tid":0},
{"name":"PropertyChains","cat":"property","ph":"X","ts":154910,"dur":11,"pid":1,"tid":0},
{"name":"BakedInputs","cat":"baked","ph":"X","ts":154921,"dur":11,"pid":1,"tid":0},
{"name":"BakedChainBase","cat":"geometry","ph":"X","ts":155096,"dur":3,"pid":1,"tid":0},
{"name":"BakedPrologue","cat":"baked","ph":"X","ts":154909,"dur":190,"pid":1,"tid":0},
{"name":"BakedRegion","cat":"baked","ph":"X","ts":155100,"dur":1137,"pid":1,"tid":0},
{"name":"ComposeSubtree /Biped/Rig/Controls/arm_l_ik","cat":"step","ph":"X","ts":155137,"dur":3,"pid":1,"tid":0},
{"name":"ComposeSubtree /Biped/Rig/Controls/arm_r_params","cat":"step","ph":"X","ts":155140,"dur":1,"pid":1,"tid":0},
{"name":"ComposeSubtree /Biped/Rig/Controls/hips_ctl","cat":"step","ph":"X","ts":155141,"dur":1,"pid":1,"tid":0},
{"name":"ComposeSubtree /Biped/Rig/Controls/hips_ctl/spine_root_pivot/spine_root_ctl","cat":"step","ph":"X","ts":155142,"dur":1,"pid":1,"tid":0},
{"name":"ComposeSubtree /Biped/Rig/Controls/hips_ctl/spine_root_pivot/spine_root_ctl/pelvis_l_ctl/leg_l_root/leg_l_fk_thigh_l_bind/leg_l_fk_knee_l_bind","cat":"step","ph":"X","ts":155143,"dur":1,"pid":1,"tid":0},
{"name":"ComposeSubtree /Biped/Rig/Controls/hips_ctl/torso_ctl","cat":"step","ph":"X","ts":155144,"dur":1,"pid":1,"tid":0},
{"name":"ComposeSubtree /Biped/Rig/Controls/hips_ctl/torso_ctl/spine_end_pivot/spine_end_ctl","cat":"step","ph":"X","ts":155145,"dur":1,"pid":1,"tid":0},
{"name":"ComposeSubtree /Biped/Rig/Controls/hips_ctl/torso_ctl/spine_end_pivot/spine_end_ctl/clavicle_r_ctl","cat":"step","ph":"X","ts":155146,"dur":1,"pid":1,"tid":0},
{"name":"ComposeSubtree /Biped/Rig/Controls/hips_ctl/torso_ctl/spine_end_pivot/spine_end_ctl/neck_root_ctl","cat":"step","ph":"X","ts":155147,"dur":1,"pid":1,"tid":0},
{"name":"ComposeSubtree /Biped/Rig/Controls/index_001_l_bind_fk_follow","cat":"step","ph":"X","ts":155148,"dur":1,"pid":1,"tid":0},
{"name":"ComposeSubtree /Biped/Rig/Controls/index_001_r_bind_fk_follow","cat":"step","ph":"X","ts":155149,"dur":1,"pid":1,"tid":0},
{"name":"ComposeSubtree /Biped/Rig/Controls/leg_l_ik","cat":"step","ph":"X","ts":155150,"dur":1,"pid":1,"tid":0},
{"name":"ComposeSubtree /Biped/Rig/Controls/leg_l_ik/ankle_l_pivot/bankIn_l_pivot/bankOut_l_pivot/heel_l_roll","cat":"step","ph":"X","ts":155151,"dur":1,"pid":1,"tid":0},
{"name":"ComposeSubtree /Biped/Rig/Controls/leg_l_ik/ankle_l_pivot/bankIn_l_pivot/bankOut_l_pivot/heel_l_roll/heel_l/ball_l_pivot/toe_l_roll/toe_l/ballRoll_l_up/ballRoll_l_down","cat":"step","ph":"X","ts":155152,"dur":1,"pid":1,"tid":0},
{"name":"ComposeSubtree /Biped/Rig/Controls/leg_l_ik/ankle_l_pivot/bankIn_l_pivot/bankOut_l_pivot/heel_l_roll/heel_l/ball_l_pivot/toe_l_roll/toe_l/ballRoll_l_up/ballRoll_l_down_twin","cat":"step","ph":"X","ts":155153,"dur":1,"pid":1,"tid":0},
{"name":"ComposeSubtree /Biped/Rig/Controls/leg_l_ik/ankle_l_pivot/bankIn_l_pivot/bankOut_l_pivot/heel_l_roll/heel_l/ball_l_pivot/toe_l_roll_twin","cat":"step","ph":"X","ts":155154,"dur":1,"pid":1,"tid":0},
{"name":"ComposeSubtree /Biped/Rig/Controls/leg_l_pv","cat":"step","ph":"X","ts":155155,"dur":1,"pid":1,"tid":0},
{"name":"ComposeSubtree /Biped/Rig/Controls/leg_r_ik/ankle_r_pivot/bankIn_r_pivot/bankOut_r_pivot/heel_r_roll/heel_r","cat":"step","ph":"X","ts":155156,"dur":1,"pid":1,"tid":0},
{"name":"ComposeSubtree /Biped/Rig/Controls/leg_r_ik/ankle_r_pivot/bankIn_r_pivot/bankOut_r_pivot/heel_r_roll/heel_r/ball_r_pivot/toe_r_roll/toe_r/ballRoll_r_up","cat":"step","ph":"X","ts":155157,"dur":3,"pid":1,"tid":0},
{"name":"ComposeSubtree /Biped/Rig/Controls/leg_r_ik/ankle_r_pivot/bankIn_r_pivot/bankOut_r_pivot/heel_r_roll/heel_r/ball_r_pivot/toe_r_roll/toe_r/ballRoll_r_up/ballRoll_r_down/ballRoll_r/ball_r_ikTarget","cat":"step","ph":"X","ts":155160,"dur":1,"pid":1,"tid":0},
{"name":"ComposeSubtree /Biped/Rig/Controls/leg_r_ik/ankle_r_pivot/bankIn_r_pivot/bankOut_r_pivot/heel_r_roll/heel_r/ball_r_pivot/toe_r_roll_twin","cat":"step","ph":"X","ts":155161,"dur":1,"pid":1,"tid":0},
{"name":"ComposeSubtree /Biped/Rig/Controls/leg_r_pv","cat":"step","ph":"X","ts":155162,"dur":1,"pid":1,"tid":0},
{"name":"ComposeSubtree /Biped/Rig/Controls/middle_001_l_bind_fk_follow/middle_001_l_bind_fk/middle_002_l_bind_fk/middle_003_l_bind_fk","cat":"step","ph":"X","ts":155163,"dur":1,"pid":1,"tid":0},
{"name":"ComposeSubtree /Biped/Rig/Controls/middle_001_r_bind_fk_follow/middle_001_r_bind_fk/middle_002_r_bind_fk/middle_003_r_bind_fk","cat":"step","ph":"X","ts":155164,"dur":1,"pid":1,"tid":0},
{"name":"ComposeSubtree /Biped/Rig/Controls/pinkyCup_l_bind_fk_follow/pinkyCup_l_bind_fk/pinky_001_l_bind_fk/pinky_002_l_bind_fk/pinky_003_l_bind_fk","cat":"step","ph":"X","ts":155165,"dur":1,"pid":1,"tid":0},
{"name":"ComposeSubtree /Biped/Rig/Controls/pinkyCup_r_bind_fk_follow/pinkyCup_r_bind_fk/pinky_001_r_bind_fk/pinky_002_r_bind_fk/pinky_003_r_bind_fk","cat":"step","ph":"X","ts":155166,"dur":1,"pid":1,"tid":0},
{"name":"ComposeSubtree /Biped/Rig/Controls/ring_001_l_bind_fk_follow/ring_001_l_bind_fk/ring_002_l_bind_fk/ring_003_l_bind_fk","cat":"step","ph":"X","ts":155167,"dur":1,"pid":1,"tid":0},
{"name":"ComposeSubtree /Biped/Rig/Controls/ring_001_r_bind_fk_follow/ring_001_r_bind_fk/ring_002_r_bind_fk/ring_003_r_bind_fk","cat":"step","ph":"X","ts":155168,"dur":1,"pid":1,"tid":0},
{"name":"ComposeSubtree /Biped/Rig/Controls/thumbCup_l_bind_fk_follow","cat":"step","ph":"X","ts":155169,"dur":1,"pid":1,"tid":0},
{"name":"ComposeSubtree /Biped/Rig/Controls/thumbCup_r_bind_fk_follow","cat":"step","ph":"X","ts":155170,"dur":1,"pid":1,"tid":0},
{"name":"ComposeSubtree /Biped/Rig/Joints/ankle_l_pivot/bankIn_l_pivot/bankOut_l_pivot","cat":"step","ph":"X","ts":155171,"dur":1,"pid":1,"tid":0},
{"name":"ComposeSubtree /Biped/Rig/Joints/ankle_r_pivot","cat":"step","ph":"X","ts":155172,"dur":1,"pid":1,"tid":0},
{"name":"ComposeSubtree /Biped/Rig/Joints/ankle_r_pivot/bankIn_r_pivot/bankOut_r_pivot/heel_r_pivot/ball_r_pivot/toe_r_pivot/ballRoll_r_pivot","cat":"step","ph":"X","ts":155173,"dur":1,"pid":1,"tid":0},
{"name":"ComposeSubtree /Biped/Rig/Joints/hips_bind/pelvis_l_bind/pelvis_trans_l_bind/thigh_l_driver","cat":"step","ph":"X","ts":155174,"dur":1,"pid":1,"tid":0},
{"name":"ComposeSubtree /Biped/Rig/Joints/hips_bind/pelvis_l_bind/thigh_l_bind/knee_l_bind/ankleTwist_l_bind","cat":"step","ph":"X","ts":155175,"dur":1,"pid":1,"tid":0},
{"name":"ComposeSubtree /Biped/Rig/Joints/hips_bind/pelvis_l_bind/thigh_l_bind/knee_l_bind/ankle_l_bind/ball_l_bind/toe1_001_l_bind/toe1_002_l_bind/toe1_003_l_bind","cat":"step","ph":"X","ts":155176,"dur":1,"pid":1,"tid":0},
{"name":"ComposeSubtree /Biped/Rig/Joints/hips_bind/pelvis_l_bind/thigh_l_bind/knee_l_bind/ankle_l_bind/ball_l_bind/toe3_001_l_bind","cat":"step","ph":"X","ts":155177,"dur":1,"pid":1,"tid":0},
{"name":"ComposeSubtree /Biped/Rig/Joints/hips_bind/pelvis_l_bind/thigh_l_bind/knee_l_bind/ankle_l_bind/ball_l_bind/toe4_001_l_bind/toe4_002_l_bind/toe4_003_l_bind","cat":"step","ph":"X","ts":155178,"dur":1,"pid":1,"tid":0},
{"name":"ComposeSubtree /Biped/Rig/Joints/hips_bind/pelvis_l_bind/thigh_l_bind/knee_l_bind/ankle_l_bind/ball_l_bind/toe_l_bind","cat":"step","ph":"X","ts":155179,"dur":1,"pid":1,"tid":0},
{"name":"ComposeSubtree /Biped/Rig/Joints/hips_bind/pelvis_r_bind/pelvis_trans_r_bind/thigh_r_driver","cat":"step","ph":"X","ts":155180,"dur":1,"pid":1,"tid":0},
{"name":"ComposeSubtree /Biped/Rig/Joints/hips_bind/pelvis_r_bind/thigh_r_bind/knee_r_bind/ankleTwist_r_bind","cat":"step","ph":"X","ts":155181,"dur":1,"pid":1,"tid":0},
{"name":"ComposeSubtree /Biped/Rig/Joints/hips_bind/pelvis_r_bind/thigh_r_bind/knee_r_bind/ankle_r_bind/ball_r_bind/toe1_001_r_bind/toe1_002_r_bind","cat":"step","ph":"X","ts":155182,"dur":1,"pid":1,"tid":0},
{"name":"ComposeSubtree /Biped/Rig/Joints/hips_bind/pelvis_r_bind/thigh_r_bind/knee_r_bind/ankle_r_bind/ball_r_bind/toe2_001_r_bind/toe2_002_r_bind/toe2_003_r_bind","cat":"step","ph":"X","ts":155183,"dur":1,"pid":1,"tid":0},
{"name":"ComposeSubtree /Biped/Rig/Joints/hips_bind/pelvis_r_bind/thigh_r_bind/knee_r_bind/ankle_r_bind/ball_r_bind/toe4_001_r_bind/toe4_002_r_bind/toe4_003_r_bind","cat":"step","ph":"X","ts":155184,"dur":1,"pid":1,"tid":0},
{"name":"ComposeSubtree /Biped/Rig/Joints/hips_bind/pelvis_r_bind/thigh_r_bind/knee_r_bind/ankle_r_bind/ball_r_bind/toe_r_bind","cat":"step","ph":"X","ts":155185,"dur":1,"pid":1,"tid":0},
{"name":"ComposeSubtree /Biped/Rig/Joints/hips_bind/spine_0_bind/spine_1_bind/spine_2_bind","cat":"step","ph":"X","ts":155186,"dur":1,"pid":1,"tid":0},
{"name":"ComposeSubtree /Biped/Rig/Joints/hips_bind/spine_0_bind/spine_1_bind/spine_2_bind/spine_3_bind/spine_4_bind/spine_5_bind/chest_bind/clavicle_l_bind/clavicle_trans_combo_l_driver","cat":"step","ph":"X","ts":155187,"dur":1,"pid":1,"tid":0},
{"name":"ComposeSubtree /Biped/Rig/Joints/hips_bind/spine_0_bind/spine_1_bind/spine_2_bind/spine_3_bind/spine_4_bind/spine_5_bind/chest_bind/clavicle_l_bind/shoulder_l_bind","cat":"step","ph":"X","ts":155188,"dur":1,"pid":1,"tid":0},
{"name":"ComposeSubtree /Biped/Rig/Joints/hips_bind/spine_0_bind/spine_1_bind/spine_2_bind/spine_3_bind/spine_4_bind/spine_5_bind/chest_bind/clavicle_l_bind/shoulder_l_bind/elbow_l_bind/wrist_l_bind/index_001_l_bind","cat":"step","ph":"X","ts":155189,"dur":1,"pid":1,"tid":0},
{"name":"ComposeSubtree /Biped/Rig/Joints/hips_bind/spine_0_bind/spine_1_bind/spine_2_bind/spine_3_bind/spine_4_bind/spine_5_bind/chest_bind/clavicle_l_bind/shoulder_l_bind/elbow_l_bind/wrist_l_bind/middle_001_l_bind","cat":"step","ph":"X","ts":155190,"dur":1,"pid":1,"tid":0},
{"name":"ComposeSubtree /Biped/Rig/Joints/hips_bind/spine_0_bind/spine_1_bind/spine_2_bind/spine_3_bind/spine_4_bind/spine_5_bind/chest_bind/clavicle_l_bind/shoulder_l_bind/elbow_l_bind/wrist_l_bind/pinkyCup_l_bind","cat":"step","ph":"X","ts":155191,"dur":1,"pid":1,"tid":0},
{"name":"ComposeSubtree /Biped/Rig/Joints/hips_bind/spine_0_bind/spine_1_bind/spine_2_bind/spine_3_bind/spine_4_bind/spine_5_bind/chest_bind/clavicle_l_bind/shoulder_l_bind/elbow_l_bind/wrist_l_bind/ring_001_l_bind","cat":"step","ph":"X","ts":155192,"dur":1,"pid":1,"tid":0},
{"name":"ComposeSubtree /Biped/Rig/Joints/hips_bind/spine_0_bind/spine_1_bind/spine_2_bind/spine_3_bind/spine_4_bind/spine_5_bind/chest_bind/clavicle_l_bind/shoulder_l_bind/elbow_l_bind/wrist_l_bind/thumbCup_l_bind","cat":"step","ph":"X","ts":155193,"dur":1,"pid":1,"tid":0},
{"name":"ComposeSubtree /Biped/Rig/Joints/hips_bind/spine_0_bind/spine_1_bind/spine_2_bind/spine_3_bind/spine_4_bind/spine_5_bind/chest_bind/clavicle_r_bind","cat":"step","ph":"X","ts":155194,"dur":1,"pid":1,"tid":0},
{"name":"ComposeSubtree /Biped/Rig/Joints/hips_bind/spine_0_bind/spine_1_bind/spine_2_bind/spine_3_bind/spine_4_bind/spine_5_bind/chest_bind/clavicle_r_bind/shoulder_r_bind","cat":"step","ph":"X","ts":155195,"dur":1,"pid":1,"tid":0},
{"name":"ComposeSubtree /Biped/Rig/Joints/hips_bind/spine_0_bind/spine_1_bind/spine_2_bind/spine_3_bind/spine_4_bind/spine_5_bind/chest_bind/clavicle_r_bind/shoulder_r_bind/elbow_r_bind/wristTwist_r_driver","cat":"step","ph":"X","ts":155196,"dur":1,"pid":1,"tid":0},
{"name":"ComposeSubtree /Biped/Rig/Joints/hips_bind/spine_0_bind/spine_1_bind/spine_2_bind/spine_3_bind/spine_4_bind/spine_5_bind/chest_bind/clavicle_r_bind/shoulder_r_bind/elbow_r_bind/wrist_r_bind/index_001_r_bind/index_002_r_bind/index_003_r_bind/index_004_r_bind","cat":"step","ph":"X","ts":155197,"dur":1,"pid":1,"tid":0},
{"name":"ComposeSubtree /Biped/Rig/Joints/hips_bind/spine_0_bind/spine_1_bind/spine_2_bind/spine_3_bind/spine_4_bind/spine_5_bind/chest_bind/clavicle_r_bind/shoulder_r_bind/elbow_r_bind/wrist_r_bind/middle_001_r_bind/middle_002_r_bind/middle_003_r_bind/middle_004_r_bind","cat":"step","ph":"X","ts":155198,"dur":1,"pid":1,"tid":0},
{"name":"ComposeSubtree /Biped/Rig/Joints/hips_bind/spine_0_bind/spine_1_bind/spine_2_bind/spine_3_bind/spine_4_bind/spine_5_bind/chest_bind/clavicle_r_bind/shoulder_r_bind/elbow_r_bind/wrist_r_bind/pinkyCup_r_bind/pinky_001_r_bind/pinky_002_r_bind/pinky_003_r_bind/pinky_004_r_bind","cat":"step","ph":"X","ts":155199,"dur":1,"pid":1,"tid":0},
{"name":"ComposeSubtree /Biped/Rig/Joints/hips_bind/spine_0_bind/spine_1_bind/spine_2_bind/spine_3_bind/spine_4_bind/spine_5_bind/chest_bind/clavicle_r_bind/shoulder_r_bind/elbow_r_bind/wrist_r_bind/ring_001_r_bind/ring_002_r_bind/ring_003_r_bind/ring_004_r_bind","cat":"step","ph":"X","ts":155200,"dur":1,"pid":1,"tid":0},
{"name":"ComposeSubtree /Biped/Rig/Joints/hips_bind/spine_0_bind/spine_1_bind/spine_2_bind/spine_3_bind/spine_4_bind/spine_5_bind/chest_bind/neck_base_bind","cat":"step","ph":"X","ts":155201,"dur":1,"pid":1,"tid":0},
{"name":"ComposeSubtree /Biped/Rig/Joints/hips_bind/spine_0_bind/spine_1_bind/spine_2_bind/spine_3_bind/spine_4_bind/spine_5_bind/chest_bind/neck_base_bind/neck_0_bind/neck_1_bind/neck_2_bind/neck_3_bind/skull_bind/face_lower_bind","cat":"step","ph":"X","ts":155202,"dur":1,"pid":1,"tid":0},
{"name":"ComposeSubtree /Biped/Rig/Joints/hips_bind/spine_0_bind/spine_1_bind/spine_2_bind/spine_3_bind/spine_4_bind/spine_5_bind/chest_bind/neck_base_bind/neck_0_bind/neck_1_bind/neck_2_bind/neck_3_bind/skull_bind/face_lower_bind/jaw_bind/jaw_end","cat":"step","ph":"X","ts":155203,"dur":1,"pid":1,"tid":0},
{"name":"ComposeSubtree /Biped/Rig/Joints/hips_bind/spine_0_bind/spine_1_bind/spine_2_bind/spine_3_bind/spine_4_bind/spine_5_bind/chest_bind/neck_base_bind/neck_0_bind/neck_1_bind/neck_2_bind/neck_3_bind/skull_bind/face_lower_bind/jaw_bind/tongue_0_bind/tongue_1_bind/tongue_2_bind/tongue_3_bind","cat":"step","ph":"X","ts":155204,"dur":1,"pid":1,"tid":0},
{"name":"ComposeSubtree /Biped/Rig/Joints/hips_bind/spine_0_bind/spine_1_bind/spine_2_bind/spine_3_bind/spine_4_bind/spine_5_bind/chest_bind/neck_base_bind/neck_0_bind/neck_1_bind/neck_2_bind/neck_3_bind/skull_bind/face_upper_bind/head_tip_bind","cat":"step","ph":"X","ts":155205,"dur":1,"pid":1,"tid":0},
{"name":"ComposeSubtree /Biped/Rig/Joints/hips_bind/spine_0_bind/spine_1_bind/spine_2_bind/spine_3_bind/spine_4_bind/spine_5_bind/chest_bind/neck_base_bind/neck_0_bind/neck_1_bind/neck_2_bind/neck_3_bind/skull_bind/face_upper_bind/head_tip_bind/brow_peak_r_bind","cat":"step","ph":"X","ts":155206,"dur":1,"pid":1,"tid":0},
{"name":"ComposeSubtree /Biped/Rig/Joints/pupilCenter_l_pivot","cat":"step","ph":"X","ts":155207,"dur":1,"pid":1,"tid":0},
{"name":"Solve /Biped/Rig/Solvers/arm_l_fkChain","cat":"step","ph":"X","ts":155208,"dur":2,"pid":1,"tid":0},
{"name":"SolverCommit batch 0","cat":"step","ph":"X","ts":155210,"dur":1,"pid":1,"tid":0},
{"name":"Solve /Biped/Rig/Solvers/arm_l_twoBoneIk","cat":"step","ph":"X","ts":155211,"dur":1,"pid":1,"tid":0},
{"name":"Solve /Biped/Rig/Solvers/arm_r_fkChain","cat":"step","ph":"X","ts":155212,"dur":1,"pid":1,"tid":0},
{"name":"Solve /Biped/Rig/Solvers/leg_l_fkChain","cat":"step","ph":"X","ts":155213,"dur":1,"pid":1,"tid":0},
{"name":"Solve /Biped/Rig/Solvers/neck_splineIk","cat":"step","ph":"X","ts":155214,"dur":11,"pid":1,"tid":0},
{"name":"SolverCommit batch 6","cat":"step","ph":"X","ts":155225,"dur":31,"pid":1,"tid":0},
{"name":"Solve /Biped/Rig/Solvers/spine_splineIk","cat":"step","ph":"X","ts":155256,"dur":10,"pid":1,"tid":0},
{"name":"SolverCommit batch 7","cat":"step","ph":"X","ts":155266,"dur":1,"pid":1,"tid":0},
{"name":"SolverCommit batch 8","cat":"step","ph":"X","ts":155267,"dur":2,"pid":1,"tid":0},
{"name":"SolverCommit batch 9","cat":"step","ph":"X","ts":155269,"dur":1,"pid":1,"tid":0},
{"name":"Constraint /Biped/Rig/Movers/spine_mid_follow/spine_mid_follow_pos","cat":"step","ph":"X","ts":155270,"dur":8,"pid":1,"tid":0},
{"name":"Solve /Biped/Rig/Solvers/fk_thumb_r","cat":"step","ph":"X","ts":155278,"dur":2,"pid":1,"tid":0},
{"name":"Solve /Biped/Rig/Solvers/fk_ring_r","cat":"step","ph":"X","ts":155280,"dur":2,"pid":1,"tid":0},
{"name":"Solve /Biped/Rig/Solvers/fk_pinky_r","cat":"step","ph":"X","ts":155282,"dur":2,"pid":1,"tid":0},
{"name":"SolverCommit batch 13","cat":"step","ph":"X","ts":155284,"dur":1,"pid":1,"tid":0},
{"name":"Solve /Biped/Rig/Solvers/fk_middle_r","cat":"step","ph":"X","ts":155285,"dur":1,"pid":1,"tid":0},
{"name":"SolverCommit batch 14","cat":"step","ph":"X","ts":155286,"dur":1,"pid":1,"tid":0},
{"name":"Solve /Biped/Rig/Solvers/fk_index_r","cat":"step","ph":"X","ts":155287,"dur":1,"pid":1,"tid":0},
{"name":"SolverCommit batch 15","cat":"step","ph":"X","ts":155288,"dur":1,"pid":1,"tid":0},
{"name":"Solve /Biped/Rig/Solvers/fk_thumb_l","cat":"step","ph":"X","ts":155289,"dur":1,"pid":1,"tid":0},
{"name":"SolverCommit batch 16","cat":"step","ph":"X","ts":155290,"dur":1,"pid":1,"tid":0},
{"name":"Solve /Biped/Rig/Solvers/fk_ring_l","cat":"step","ph":"X","ts":155291,"dur":2,"pid":1,"tid":0},
{"name":"Solve /Biped/Rig/Solvers/fk_pinky_l","cat":"step","ph":"X","ts":155293,"dur":2,"pid":1,"tid":0},
{"name":"SolverCommit batch 18","cat":"step","ph":"X","ts":155295,"dur":1,"pid":1,"tid":0},
{"name":"Solve /Biped/Rig/Solvers/fk_middle_l","cat":"step","ph":"X","ts":155296,"dur":1,"pid":1,"tid":0},
{"name":"Solve /Biped/Rig/Solvers/fk_index_l","cat":"step","ph":"X","ts":155297,"dur":1,"pid":1,"tid":0},
{"name":"SolverCommit batch 20","cat":"step","ph":"X","ts":155298,"dur":1,"pid":1,"tid":0},
{"name":"Constraint /Biped/Rig/Movers/spine_mid_follow/spine_mid_follow_aim","cat":"step","ph":"X","ts":155299,"dur":8,"pid":1,"tid":0},
{"name":"Constraint /Biped/Rig/Movers/hand_r_follow/thumbCup_r_bind_fk_follow_to_wrist_r_bind","cat":"step","ph":"X","ts":155307,"dur":3,"pid":1,"tid":0},
{"name":"Constraint /Biped/Rig/Movers/hand_r_follow/ring_001_r_bind_fk_follow_to_wrist_r_bind","cat":"step","ph":"X","ts":155310,"dur":3,"pid":1,"tid":0},
{"name":"Constraint /Biped/Rig/Movers/hand_r_follow/pinkyCup_r_bind_fk_follow_to_wrist_r_bind","cat":"step","ph":"X","ts":155313,"dur":2,"pid":1,"tid":0},
{"name":"Constraint /Biped/Rig/Movers/hand_r_follow/middle_001_r_bind_fk_follow_to_wrist_r_bind","cat":"step","ph":"X","ts":155315,"dur":3,"pid":1,"tid":0},
{"name":"Constraint /Biped/Rig/Movers/hand_r_follow/index_001_r_bind_fk_follow_to_wrist_r_bind","cat":"step","ph":"X","ts":155318,"dur":3,"pid":1,"tid":0},
{"name":"Constraint /Biped/Rig/Movers/hand_l_follow/thumbCup_l_bind_fk_follow_to_wrist_l_bind","cat":"step","ph":"X","ts":155321,"dur":3,"pid":1,"tid":0},
{"name":"Constraint /Biped/Rig/Movers/hand_l_follow/ring_001_l_bind_fk_follow_to_wrist_l_bind","cat":"step","ph":"X","ts":155324,"dur":2,"pid":1,"tid":0},
{"name":"Constraint /Biped/Rig/Movers/hand_l_follow/pinkyCup_l_bind_fk_follow_to_wrist_l_bind","cat":"step","ph":"X","ts":155326,"dur":3,"pid":1,"tid":0},
{"name":"Constraint /Biped/Rig/Movers/hand_l_follow/middle_001_l_bind_fk_follow_to_wrist_l_bind","cat":"step","ph":"X","ts":155329,"dur":2,"pid":1,"tid":0},
{"name":"Constraint /Biped/Rig/Movers/hand_l_follow/index_001_l_bind_fk_follow_to_wrist_l_bind","cat":"step","ph":"X","ts":155331,"dur":2,"pid":1,"tid":0},
{"name":"Constraint /Biped/Rig/Movers/bankIn_r_pivot_rc/bankIn_r_pivot_rotation","cat":"step","ph":"X","ts":155333,"dur":3,"pid":1,"tid":0},
{"name":"Constraint /Biped/Rig/Movers/heel_r_roll_rc/heel_r_roll_rotation","cat":"step","ph":"X","ts":155336,"dur":1,"pid":1,"tid":0},
{"name":"Constraint /Biped/Rig/Movers/toe_r_roll_rc/toe_r_roll_rotation","cat":"step","ph":"X","ts":155337,"dur":1,"pid":1,"tid":0},
{"name":"Constraint /Biped/Rig/Movers/ballRoll_r_down_rc/ballRoll_r_down_rotation","cat":"step","ph":"X","ts":155338,"dur":1,"pid":1,"tid":0},
{"name":"Solve /Biped/Rig/Solvers/leg_r_ikfk","cat":"step","ph":"X","ts":155339,"dur":1,"pid":1,"tid":0},
{"name":"SolverCommit batch 39","cat":"step","ph":"X","ts":155340,"dur":5,"pid":1,"tid":0},
{"name":"Constraint /Biped/Rig/Movers/ankle_r_bind_scAim/ankle_r_bind_aim","cat":"step","ph":"X","ts":155345,"dur":4,"pid":1,"tid":0},
{"name":"Constraint /Biped/Rig/Movers/ball_r_bind_scAim/ball_r_bind_aim","cat":"step","ph":"X","ts":155349,"dur":3,"pid":1,"tid":0},
{"name":"Constraint /Biped/Rig/Movers/bankIn_l_pivot_rc/bankIn_l_pivot_rotation","cat":"step","ph":"X","ts":155352,"dur":1,"pid":1,"tid":0},
{"name":"Constraint /Biped/Rig/Movers/bankOut_l_pivot_rc/bankOut_l_pivot_rotation","cat":"step","ph":"X","ts":155353,"dur":1,"pid":1,"tid":0},
{"name":"Constraint /Biped/Rig/Movers/toe_l_roll_rc/toe_l_roll_rotation","cat":"step","ph":"X","ts":155354,"dur":1,"pid":1,"tid":0},
{"name":"Constraint /Biped/Rig/Movers/ballRoll_l_down_rc/ballRoll_l_down_rotation","cat":"step","ph":"X","ts":155355,"dur":1,"pid":1,"tid":0},
{"name":"Solve /Biped/Rig/Solvers/leg_l_ikfk","cat":"step","ph":"X","ts":155356,"dur":1,"pid":1,"tid":0},
{"name":"SolverCommit batch 49","cat":"step","ph":"X","ts":155357,"dur":3,"pid":1,"tid":0},
{"name":"Constraint /Biped/Rig/Movers/ankle_l_bind_scAim/ankle_l_bind_aim","cat":"step","ph":"X","ts":155360,"dur":4,"pid":1,"tid":0},
{"name":"Constraint /Biped/Rig/Movers/ball_l_bind_scAim/ball_l_bind_aim","cat":"step","ph":"X","ts":155364,"dur":3,"pid":1,"tid":0},
{"name":"Constraint /Biped/Rig/Movers/hips_follow/spine_root_ctl_drives_hips_bind","cat":"step","ph":"X","ts":155367,"dur":2,"pid":1,"tid":0},
{"name":"CommitDelta /Biped/Rig/Movers/hips_follow/spine_root_ctl_drives_hips_bind","cat":"step","ph":"X","ts":155369,"dur":1,"pid":1,"tid":0},
{"name":"PropagateChunk /Biped/Rig/Movers/hips_follow/spine_root_ctl_drives_hips_bind","cat":"step","ph":"X","ts":155370,"dur":4,"pid":1,"tid":0},
{"name":"CommitApply /Biped/Rig/Movers/hips_follow/spine_root_ctl_drives_hips_bind","cat":"step","ph":"X","ts":155374,"dur":1,"pid":1,"tid":0},
{"name":"Constraint /Biped/Rig/Movers/hips_follow/spine_root_ctl_scales_hips_bind","cat":"step","ph":"X","ts":155375,"dur":1,"pid":1,"tid":0},
{"name":"PropagateChunk /Biped/Rig/Movers/hips_follow/spine_root_ctl_scales_hips_bind","cat":"step","ph":"X","ts":155376,"dur":4,"pid":1,"tid":0},
{"name":"PropagateChunk /Biped/Rig/Movers/hips_follow/spine_root_ctl_scales_hips_bind","cat":"step","ph":"X","ts":155380,"dur":1,"pid":1,"tid":0},
{"name":"Constraint /Biped/Rig/Movers/spine_to_bind/spine_ik_spine_0_bind_scale_to_spine_0_bind","cat":"step","ph":"X","ts":155381,"dur":5,"pid":1,"tid":0},
{"name":"Constraint /Biped/Rig/Movers/spine_to_bind/spine_ik_spine_0_bind_to_spine_0_bind","cat":"step","ph":"X","ts":155386,"dur":5,"pid":1,"tid":0},
{"name":"Constraint /Biped/Rig/Movers/spine_to_bind/spine_ik_spine_1_bind_scale_to_spine_1_bind","cat":"step","ph":"X","ts":155391,"dur":5,"pid":1,"tid":0},
{"name":"Constraint /Biped/Rig/Movers/spine_to_bind/spine_ik_spine_1_bind_to_spine_1_bind","cat":"step","ph":"X","ts":155396,"dur":9,"pid":1,"tid":0},
{"name":"Constraint /Biped/Rig/Movers/spine_to_bind/spine_ik_spine_2_bind_scale_to_spine_2_bind","cat":"step","ph":"X","ts":155405,"dur":4,"pid":1,"tid":0},
{"name":"Constraint /Biped/Rig/Movers/spine_to_bind/spine_ik_spine_2_bind_to_spine_2_bind","cat":"step","ph":"X","ts":155409,"dur":5,"pid":1,"tid":0},
{"name":"Constraint /Biped/Rig/Movers/spine_to_bind/spine_ik_spine_3_bind_scale_to_spine_3_bind","cat":"step","ph":"X","ts":155414,"dur":4,"pid":1,"tid":0},
{"name":"Constraint /Biped/Rig/Movers/spine_to_bind/spine_ik_spine_3_bind_to_spine_3_bind","cat":"step","ph":"X","ts":155418,"dur":6,"pid":1,"tid":0},
{"name":"Constraint /Biped/Rig/Movers/spine_to_bind/spine_ik_spine_4_bind_scale_to_spine_4_bind","cat":"step","ph":"X","ts":155424,"dur":3,"pid":1,"tid":0},
{"name":"Constraint /Biped/Rig/Movers/spine_to_bind/spine_ik_spine_4_bind_to_spine_4_bind","cat":"step","ph":"X","ts":155427,"dur":5,"pid":1,"tid":0},
{"name":"Constraint /Biped/Rig/Movers/spine_to_bind/spine_ik_spine_5_bind_scale_to_spine_5_bind","cat":"step","ph":"X","ts":155432,"dur":4,"pid":1,"tid":0},
{"name":"Constraint /Biped/Rig/Movers/spine_to_bind/spine_ik_spine_5_bind_to_spine_5_bind","cat":"step","ph":"X","ts":155436,"dur":4,"pid":1,"tid":0},
{"name":"Constraint /Biped/Rig/Movers/spine_to_bind/spine_ik_chest_bind_scale_to_chest_bind","cat":"step","ph":"X","ts":155440,"dur":4,"pid":1,"tid":0},
{"name":"Constraint /Biped/Rig/Movers/spine_to_bind/spine_ik_chest_bind_to_chest_bind","cat":"step","ph":"X","ts":155444,"dur":5,"pid":1,"tid":0},
{"name":"Constraint /Biped/Rig/Movers/girdles/spine_end_ctl_drives_chest_bind","cat":"step","ph":"X","ts":155449,"dur":5,"pid":1,"tid":0},
{"name":"Constraint /Biped/Rig/Movers/girdles/pelvis_r_ctl_drives_pelvis_r_bind","cat":"step","ph":"X","ts":155454,"dur":1,"pid":1,"tid":0},
{"name":"Constraint /Biped/Rig/Movers/girdles/pelvis_l_ctl_drives_pelvis_l_bind","cat":"step","ph":"X","ts":155455,"dur":1,"pid":1,"tid":0},
{"name":"Constraint /Biped/Rig/Movers/girdles/clavicle_r_ctl_drives_clavicle_r_bind","cat":"step","ph":"X","ts":155456,"dur":1,"pid":1,"tid":0},
{"name":"Constraint /Biped/Rig/Movers/girdles/clavicle_l_ctl_drives_clavicle_l_bind","cat":"step","ph":"X","ts":155457,"dur":1,"pid":1,"tid":0},
{"name":"Constraint /Biped/Rig/Movers/girdles/spine_end_ctl_unsquashes_neck_base_bind","cat":"step","ph":"X","ts":155458,"dur":2,"pid":1,"tid":0},
{"name":"Constraint /Biped/Rig/Movers/girdles/clavicle_r_ctl_unsquashes_clavicle_r_bind","cat":"step","ph":"X","ts":155460,"dur":2,"pid":1,"tid":0},
{"name":"Constraint /Biped/Rig/Movers/girdles/clavicle_l_ctl_unsquashes_clavicle_l_bind","cat":"step","ph":"X","ts":155462,"dur":1,"pid":1,"tid":0},
{"name":"Constraint /Biped/Rig/Movers/neck_to_bind/neck_ik_neck_0_bind_scale_to_neck_0_bind","cat":"step","ph":"X","ts":155463,"dur":3,"pid":1,"tid":0},
{"name":"Constraint /Biped/Rig/Movers/neck_to_bind/neck_ik_neck_0_bind_to_neck_0_bind","cat":"step","ph":"X","ts":155466,"dur":4,"pid":1,"tid":0},
{"name":"Constraint /Biped/Rig/Movers/neck_to_bind/neck_ik_neck_1_bind_scale_to_neck_1_bind","cat":"step","ph":"X","ts":155470,"dur":3,"pid":1,"tid":0},
{"name":"Constraint /Biped/Rig/Movers/neck_to_bind/neck_ik_neck_1_bind_to_neck_1_bind","cat":"step","ph":"X","ts":155473,"dur":3,"pid":1,"tid":0},
{"name":"Constraint /Biped/Rig/Movers/neck_to_bind/neck_ik_neck_2_bind_scale_to_neck_2_bind","cat":"step","ph":"X","ts":155476,"dur":3,"pid":1,"tid":0},
{"name":"Constraint /Biped/Rig/Movers/neck_to_bind/neck_ik_neck_2_bind_to_neck_2_bind","cat":"step","ph":"X","ts":155479,"dur":4,"pid":1,"tid":0},
{"name":"Constraint /Biped/Rig/Movers/neck_to_bind/neck_ik_neck_3_bind_scale_to_neck_3_bind","cat":"step","ph":"X","ts":155483,"dur":2,"pid":1,"tid":0},
{"name":"Constraint /Biped/Rig/Movers/neck_to_bind/neck_ik_neck_3_bind_to_neck_3_bind","cat":"step","ph":"X","ts":155485,"dur":4,"pid":1,"tid":0},
{"name":"Constraint /Biped/Rig/Movers/neck_to_bind/neck_ik_skull_bind_scale_to_skull_bind","cat":"step","ph":"X","ts":155489,"dur":3,"pid":1,"tid":0},
{"name":"Constraint /Biped/Rig/Movers/neck_to_bind/neck_ik_skull_bind_to_skull_bind","cat":"step","ph":"X","ts":155492,"dur":3,"pid":1,"tid":0},
{"name":"Constraint /Biped/Rig/Movers/twist_aims/wristTwist_r_bind_copy","cat":"step","ph":"X","ts":155495,"dur":3,"pid":1,"tid":0},
{"name":"Constraint /Biped/Rig/Movers/twist_aims/wristTwist_r_bind_aim","cat":"step","ph":"X","ts":155498,"dur":1,"pid":1,"tid":0},
{"name":"Constraint /Biped/Rig/Movers/twist_aims/wristTwist_l_bind_copy","cat":"step","ph":"X","ts":155499,"dur":2,"pid":1,"tid":0},
{"name":"Constraint /Biped/Rig/Movers/twist_aims/wristTwist_l_bind_aim","cat":"step","ph":"X","ts":155501,"dur":2,"pid":1,"tid":0},
{"name":"Constraint /Biped/Rig/Movers/twist_aims/ankleTwist_r_bind_copy","cat":"step","ph":"X","ts":155503,"dur":1,"pid":1,"tid":0},
{"name":"Constraint /Biped/Rig/Movers/twist_aims/ankleTwist_r_bind_aim","cat":"step","ph":"X","ts":155504,"dur":2,"pid":1,"tid":0},
{"name":"Constraint /Biped/Rig/Movers/twist_aims/ankleTwist_l_bind_copy","cat":"step","ph":"X","ts":155506,"dur":2,"pid":1,"tid":0},
{"name":"Constraint /Biped/Rig/Movers/twist_aims/ankleTwist_l_bind_aim","cat":"step","ph":"X","ts":155508,"dur":1,"pid":1,"tid":0},
{"name":"Constraint /Biped/Rig/Movers/twist_aims/ankleTwist_r_bind_follows_ankle_r_bind","cat":"step","ph":"X","ts":155509,"dur":1,"pid":1,"tid":0},
{"name":"Constraint /Biped/Rig/Movers/twist_aims/wristTwist_r_bind_follows_wrist_r_bind","cat":"step","ph":"X","ts":155510,"dur":1,"pid":1,"tid":0},
{"name":"Constraint /Biped/Rig/Movers/twist_aims/thighNoTwist_r_bind_follows_thigh_r_bind","cat":"step","ph":"X","ts":155511,"dur":1,"pid":1,"tid":0},
{"name":"Constraint /Biped/Rig/Movers/twist_aims/shoulderNoTwist_r_bind_follows_shoulder_r_bind","cat":"step","ph":"X","ts":155512,"dur":1,"pid":1,"tid":0},
{"name":"Constraint /Biped/Rig/Movers/twist_aims/pelvis_trans_r_bind_follows_thigh_r_bind","cat":"step","ph":"X","ts":155513,"dur":1,"pid":1,"tid":0},
{"name":"Constraint /Biped/Rig/Movers/twist_aims/clavicle_trans_r_bind_follows_shoulder_r_bind","cat":"step","ph":"X","ts":155514,"dur":1,"pid":1,"tid":0},
{"name":"Constraint /Biped/Rig/Movers/twist_aims/pelvis_trans_r_bind_aim","cat":"step","ph":"X","ts":155515,"dur":2,"pid":1,"tid":0},
{"name":"Constraint /Biped/Rig/Movers/twist_aims/pelvis_trans_l_bind_aim","cat":"step","ph":"X","ts":155517,"dur":2,"pid":1,"tid":0},
{"name":"Constraint /Biped/Rig/Movers/twist_aims/kneeTwist_r_bind_aim","cat":"step","ph":"X","ts":155519,"dur":2,"pid":1,"tid":0},
{"name":"Constraint /Biped/Rig/Movers/twist_aims/kneeTwist_l_bind_aim","cat":"step","ph":"X","ts":155521,"dur":1,"pid":1,"tid":0},
{"name":"Constraint /Biped/Rig/Movers/twist_aims/thighNoTwist_r_bind_aim","cat":"step","ph":"X","ts":155522,"dur":2,"pid":1,"tid":0},
{"name":"Constraint /Biped/Rig/Movers/twist_aims/thighNoTwist_l_bind_aim","cat":"step","ph":"X","ts":155524,"dur":1,"pid":1,"tid":0},
{"name":"Constraint /Biped/Rig/Movers/twist_aims/clavicle_trans_r_bind_aim","cat":"step","ph":"X","ts":155525,"dur":2,"pid":1,"tid":0},
{"name":"Constraint /Biped/Rig/Movers/twist_aims/clavicle_trans_l_bind_aim","cat":"step","ph":"X","ts":155527,"dur":2,"pid":1,"tid":0},
{"name":"Constraint /Biped/Rig/Movers/twist_aims/elbowTwist_r_bind_aim","cat":"step","ph":"X","ts":155529,"dur":2,"pid":1,"tid":0},
{"name":"Constraint /Biped/Rig/Movers/twist_aims/elbowTwist_l_bind_aim","cat":"step","ph":"X","ts":155531,"dur":1,"pid":1,"tid":0},
{"name":"Constraint /Biped/Rig/Movers/twist_aims/shoulderNoTwist_r_bind_aim","cat":"step","ph":"X","ts":155532,"dur":2,"pid":1,"tid":0},
{"name":"Constraint /Biped/Rig/Movers/twist_aims/shoulderNoTwist_l_bind_aim","cat":"step","ph":"X","ts":155534,"dur":2,"pid":1,"tid":0},
{"name":"Constraint /Biped/Rig/Movers/pose_drivers/thigh_r_driver_copies_thigh_r_bind","cat":"step","ph":"X","ts":155536,"dur":2,"pid":1,"tid":0},
{"name":"Constraint /Biped/Rig/Movers/pose_drivers/thigh_l_driver_copies_thigh_l_bind","cat":"step","ph":"X","ts":155538,"dur":2,"pid":1,"tid":0},
{"name":"Constraint /Biped/Rig/Movers/pose_drivers/thigh_r_twist_driver_copies_thighNoTwist_r_bind","cat":"step","ph":"X","ts":155540,"dur":2,"pid":1,"tid":0},
{"name":"Constraint /Biped/Rig/Movers/pose_drivers/thigh_l_twist_driver_copies_thighNoTwist_l_bind","cat":"step","ph":"X","ts":155542,"dur":2,"pid":1,"tid":0},
{"name":"Constraint /Biped/Rig/Movers/pose_drivers/ankleTwist_r_driver_copies_ankleTwist_r_bind","cat":"step","ph":"X","ts":155544,"dur":2,"pid":1,"tid":0},
{"name":"Constraint /Biped/Rig/Movers/pose_drivers/ankleTwist_l_driver_copies_ankleTwist_l_bind","cat":"step","ph":"X","ts":155546,"dur":2,"pid":1,"tid":0},
{"name":"Constraint /Biped/Rig/Movers/pose_drivers/toe_r_driver_copies_ball_r_bind","cat":"step","ph":"X","ts":155548,"dur":2,"pid":1,"tid":0},
{"name":"Constraint /Biped/Rig/Movers/pose_drivers/toe_l_driver_copies_ball_l_bind","cat":"step","ph":"X","ts":155550,"dur":1,"pid":1,"tid":0},
{"name":"Constraint /Biped/Rig/Movers/pose_drivers/knee_r_driver_copies_knee_r_bind","cat":"step","ph":"X","ts":155551,"dur":2,"pid":1,"tid":0},
{"name":"Constraint /Biped/Rig/Movers/pose_drivers/knee_l_driver_copies_knee_l_bind","cat":"step","ph":"X","ts":155553,"dur":2,"pid":1,"tid":0},
{"name":"Constraint /Biped/Rig/Movers/pose_drivers/ankleSwing_r_driver_copies_ankle_r_bind","cat":"step","ph":"X","ts":155555,"dur":2,"pid":1,"tid":0},
{"name":"Constraint /Biped/Rig/Movers/pose_drivers/ankleSwing_l_driver_copies_ankle_l_bind","cat":"step","ph":"X","ts":155557,"dur":2,"pid":1,"tid":0},
{"name":"Constraint /Biped/Rig/Movers/pose_drivers/shoulder_r_driver_copies_shoulder_r_bind","cat":"step","ph":"X","ts":155559,"dur":3,"pid":1,"tid":0},
{"name":"Constraint /Biped/Rig/Movers/pose_drivers/shoulder_l_driver_copies_shoulder_l_bind","cat":"step","ph":"X","ts":155562,"dur":2,"pid":1,"tid":0},
{"name":"Constraint /Biped/Rig/Movers/pose_drivers/wristTwist_r_driver_copies_wristTwist_r_bind","cat":"step","ph":"X","ts":155564,"dur":2,"pid":1,"tid":0},
{"name":"Constraint /Biped/Rig/Movers/pose_drivers/wristTwist_l_driver_copies_wristTwist_l_bind","cat":"step","ph":"X","ts":155566,"dur":2,"pid":1,"tid":0},
{"name":"Constraint /Biped/Rig/Movers/pose_drivers/shoulder_r_twist_driver_copies_shoulderNoTwist_r_bind","cat":"step","ph":"X","ts":155568,"dur":2,"pid":1,"tid":0},
{"name":"Constraint /Biped/Rig/Movers/pose_drivers/shoulder_l_twist_driver_copies_shoulderNoTwist_l_bind","cat":"step","ph":"X","ts":155570,"dur":2,"pid":1,"tid":0},
{"name":"Constraint /Biped/Rig/Movers/pose_drivers/wristSwing_r_driver_copies_wrist_r_bind","cat":"step","ph":"X","ts":155572,"dur":3,"pid":1,"tid":0},
{"name":"Constraint /Biped/Rig/Movers/pose_drivers/wristSwing_l_driver_copies_wrist_l_bind","cat":"step","ph":"X","ts":155575,"dur":2,"pid":1,"tid":0},
{"name":"Constraint /Biped/Rig/Movers/pose_drivers/elbow_r_driver_copies_elbow_r_bind","cat":"step","ph":"X","ts":155577,"dur":1,"pid":1,"tid":0},
{"name":"Constraint /Biped/Rig/Movers/pose_drivers/elbow_l_driver_copies_elbow_l_bind","cat":"step","ph":"X","ts":155578,"dur":2,"pid":1,"tid":0},
{"name":"Constraint /Biped/Rig/Movers/param_follow/leg_r_params_to_ankle_r_bind","cat":"step","ph":"X","ts":155580,"dur":2,"pid":1,"tid":0},
{"name":"Constraint /Biped/Rig/Movers/param_follow/leg_l_params_to_ankle_l_bind","cat":"step","ph":"X","ts":155582,"dur":2,"pid":1,"tid":0},
{"name":"Constraint /Biped/Rig/Movers/param_follow/arm_r_params_to_wrist_r_bind","cat":"step","ph":"X","ts":155584,"dur":2,"pid":1,"tid":0},
{"name":"Constraint /Biped/Rig/Movers/param_follow/arm_l_params_to_wrist_l_bind","cat":"step","ph":"X","ts":155586,"dur":2,"pid":1,"tid":0},
{"name":"ProviderMatrix /Biped/Rig/Controls/leg_l_ik/ankle_l_pivot/bankIn_l_pivot/bankOut_l_pivot final","cat":"step","ph":"X","ts":155588,"dur":1,"pid":1,"tid":0},
{"name":"ProviderMatrix /Biped/Rig/Controls/leg_r_ik/ankle_r_pivot/bankIn_r_pivot/bankOut_r_pivot/heel_r_roll/heel_r/ball_r_pivot/toe_r_roll final","cat":"step","ph":"X","ts":155589,"dur":1,"pid":1,"tid":0},
{"name":"ProviderMatrix /Biped/Rig/Joints/ankle_l_pivot/bankIn_l_pivot/bankOut_l_pivot/heel_l_pivot/ball_l_pivot/toe_l_pivot final","cat":"step","ph":"X","ts":155590,"dur":1,"pid":1,"tid":0},
{"name":"ProviderMatrix /Biped/Rig/Joints/hips_bind final","cat":"step","ph":"X","ts":155591,"dur":1,"pid":1,"tid":0},
{"name":"ProviderMatrix /Biped/Rig/Joints/hips_bind/pelvis_l_bind/thigh_l_bind/knee_l_bind/ankleTwist_l_bind/ankleSwing_l_driver final","cat":"step","ph":"X","ts":155592,"dur":1,"pid":1,"tid":0},
{"name":"ProviderMatrix /Biped/Rig/Joints/hips_bind/pelvis_l_bind/thigh_l_bind/knee_l_bind/ankle_l_bind/ball_l_bind/toe2_001_l_bind/toe2_002_l_bind/toe2_003_l_bind/toe2_004_l_bind final","cat":"step","ph":"X","ts":155593,"dur":1,"pid":1,"tid":0},
{"name":"ProviderMatrix /Biped/Rig/Joints/hips_bind/pelvis_l_bind/thigh_l_bind/knee_l_bind/ankle_l_bind/ball_l_bind/toe5_001_l_bind/toe5_002_l_bind/toe5_003_l_bind final","cat":"step","ph":"X","ts":155594,"dur":1,"pid":1,"tid":0},
{"name":"ProviderMatrix /Biped/Rig/Joints/hips_bind/pelvis_r_bind/pelvis_trans_r_bind/thigh_r_driver/thigh_r_twist_driver final","cat":"step","ph":"X","ts":155595,"dur":1,"pid":1,"tid":0},
{"name":"ProviderMatrix /Biped/Rig/Joints/hips_bind/pelvis_r_bind/thigh_r_bind/knee_r_bind/ankle_r_bind/ball_r_bind/toe1_001_r_bind/toe1_002_r_bind final","cat":"step","ph":"X","ts":155596,"dur":1,"pid":1,"tid":0},
{"name":"ProviderMatrix /Biped/Rig/Joints/hips_bind/pelvis_r_bind/thigh_r_bind/knee_r_bind/ankle_r_bind/ball_r_bind/toe4_001_r_bind final","cat":"step","ph":"X","ts":155597,"dur":1,"pid":1,"tid":0},
{"name":"ProviderMatrix /Biped/Rig/Joints/hips_bind/pelvis_r_bind/thigh_r_bind/knee_r_bind/kneeTwist_r_bind/knee_r_driver final","cat":"step","ph":"X","ts":155598,"dur":1,"pid":1,"tid":0},
{"name":"ProviderMatrix /Biped/Rig/Joints/hips_bind/spine_0_bind/spine_1_bind/spine_2_bind/spine_3_bind/spine_4_bind/spine_5_bind/chest_bind/clavicle_l_bind/clavicle_trans_l_bind/shoulder_l_driver final","cat":"step","ph":"X","ts":155599,"dur":1,"pid":1,"tid":0},
{"name":"ProviderMatrix /Biped/Rig/Joints/hips_bind/spine_0_bind/spine_1_bind/spine_2_bind/spine_3_bind/spine_4_bind/spine_5_bind/chest_bind/clavicle_l_bind/shoulder_l_bind/elbow_l_bind/wrist_l_bind final","cat":"step","ph":"X","ts":155600,"dur":1,"pid":1,"tid":0},
{"name":"ProviderMatrix /Biped/Rig/Joints/hips_bind/spine_0_bind/spine_1_bind/spine_2_bind/spine_3_bind/spine_4_bind/spine_5_bind/chest_bind/clavicle_l_bind/shoulder_l_bind/elbow_l_bind/wrist_l_bind/middle_001_l_bind/middle_002_l_bind/middle_003_l_bind/middle_004_l_bind final","cat":"step","ph":"X","ts":155601,"dur":1,"pid":1,"tid":0},
{"name":"ProviderMatrix /Biped/Rig/Joints/hips_bind/spine_0_bind/spine_1_bind/spine_2_bind/spine_3_bind/spine_4_bind/spine_5_bind/chest_bind/clavicle_l_bind/shoulder_l_bind/elbow_l_bind/wrist_l_bind/ring_001_l_bind/ring_002_l_bind final","cat":"step","ph":"X","ts":155602,"dur":1,"pid":1,"tid":0},
{"name":"ProviderMatrix /Biped/Rig/Joints/hips_bind/spine_0_bind/spine_1_bind/spine_2_bind/spine_3_bind/spine_4_bind/spine_5_bind/chest_bind/clavicle_r_bind/clavicle_trans_combo_r_driver final","cat":"step","ph":"X","ts":155603,"dur":1,"pid":1,"tid":0},
{"name":"ProviderMatrix /Biped/Rig/Joints/hips_bind/spine_0_bind/spine_1_bind/spine_2_bind/spine_3_bind/spine_4_bind/spine_5_bind/chest_bind/clavicle_r_bind/shoulder_r_bind/elbow_r_bind/wristTwist_r_bind/wristSwing_r_driver final","cat":"step","ph":"X","ts":155604,"dur":1,"pid":1,"tid":0},
{"name":"ProviderMatrix /Biped/Rig/Joints/hips_bind/spine_0_bind/spine_1_bind/spine_2_bind/spine_3_bind/spine_4_bind/spine_5_bind/chest_bind/clavicle_r_bind/shoulder_r_bind/elbow_r_bind/wrist_r_bind/middle_001_r_bind/middle_002_r_bind final","cat":"step","ph":"X","ts":155605,"dur":1,"pid":1,"tid":0},
{"name":"ProviderMatrix /Biped/Rig/Joints/hips_bind/spine_0_bind/spine_1_bind/spine_2_bind/spine_3_bind/spine_4_bind/spine_5_bind/chest_bind/clavicle_r_bind/shoulder_r_bind/elbow_r_bind/wrist_r_bind/ring_001_r_bind final","cat":"step","ph":"X","ts":155606,"dur":1,"pid":1,"tid":0},
{"name":"ProviderMatrix /Biped/Rig/Joints/hips_bind/spine_0_bind/spine_1_bind/spine_2_bind/spine_3_bind/spine_4_bind/spine_5_bind/chest_bind/neck_base_bind final","cat":"step","ph":"X","ts":155607,"dur":1,"pid":1,"tid":0},
{"name":"ProviderMatrix /Biped/Rig/Joints/hips_bind/spine_0_bind/spine_1_bind/spine_2_bind/spine_3_bind/spine_4_bind/spine_5_bind/chest_bind/neck_base_bind/neck_0_bind/neck_1_bind/neck_2_bind/neck_3_bind/skull_bind/face_lower_bind/face_mid_bind/teeth_upper_bind final","cat":"step","ph":"X","ts":155608,"dur":1,"pid":1,"tid":0},
{"name":"ProviderMatrix /Biped/Rig/Joints/hips_bind/spine_0_bind/spine_1_bind/spine_2_bind/spine_3_bind/spine_4_bind/spine_5_bind/chest_bind/neck_base_bind/neck_0_bind/neck_1_bind/neck_2_bind/neck_3_bind/skull_bind/face_upper_bind/eyeSocket_l_bind/eye_l_bind final","cat":"step","ph":"X","ts":155609,"dur":1,"pid":1,"tid":0},
{"name":"ProviderMatrix /Biped/Rig/Joints/neck_ik_neck_0_bind/neck_ik_neck_1_bind final","cat":"step","ph":"X","ts":155610,"dur":1,"pid":1,"tid":0},
{"name":"ProviderMatrix /Biped/Rig/Joints/spine_ik_spine_0_bind/spine_ik_spine_1_bind/spine_ik_spine_2_bind/spine_ik_spine_3_bind/spine_ik_spine_4_bind final","cat":"step","ph":"X","ts":155611,"dur":1,"pid":1,"tid":0},
{"name":"InfluenceFold /Biped/Rig/Movers/skin_body_geo/body_geo_skin","cat":"step","ph":"X","ts":155612,"dur":24,"pid":1,"tid":0},
{"name":"RevisionChunk /Biped/Rig/Movers/skin_body_geo/body_geo_skin","cat":"step","ph":"X","ts":155636,"dur":390,"pid":1,"tid":0},
{"name":"RevisionFuse /Biped/Rig/Movers/skin_body_geo/body_geo_skin","cat":"step","ph":"X","ts":156026,"dur":3,"pid":1,"tid":0},
{"name":"ChainStatus /Biped/Geom/body_geo.points","cat":"step","ph":"X","ts":156029,"dur":17,"pid":1,"tid":0},
{"name":"Derived /Biped/Geom/body_geo.extent","cat":"step","ph":"X","ts":156046,"dur":191,"pid":1,"tid":0},
{"name":"BakedPublish","cat":"baked","ph":"X","ts":156599,"dur":60,"pid":1,"tid":0},
{"name":"BakedEpilogue","cat":"baked","ph":"X","ts":156238,"dur":429,"pid":1,"tid":0},
{"name":"Baked","cat":"baked","ph":"X","ts":154908,"dur":1759,"pid":1,"tid":0},
{"name":"Evaluate.Run","cat":"evaluate","ph":"X","ts":154907,"dur":1760,"pid":1,"tid":0},
{"name":"Evaluate@7","cat":"evaluate","ph":"X","ts":154905,"dur":1763,"pid":1,"tid":0},
{"name":"Evaluate.Settle","cat":"evaluate","ph":"X","ts":156764,"dur":0,"pid":1,"tid":0},
{"name":"Evaluate.PlaceOverrides","cat":"evaluate","ph":"X","ts":156764,"dur":1,"pid":1,"tid":0},
{"name":"PropertyChains","cat":"property","ph":"X","ts":156768,"dur":8,"pid":1,"tid":0},
{"name":"BakedInputs","cat":"baked","ph":"X","ts":156776,"dur":8,"pid":1,"tid":0},
{"name":"BakedChainBase","cat":"geometry","ph":"X","ts":156892,"dur":3,"pid":1,"tid":0},
{"name":"BakedPrologue","cat":"baked","ph":"X","ts":156767,"dur":128,"pid":1,"tid":0},
{"name":"BakedRegion","cat":"baked","ph":"X","ts":156895,"dur":1185,"pid":1,"tid":0},
{"name":"ComposeSubtree /Biped/Rig/Controls/arm_l_ik","cat":"step","ph":"X","ts":156928,"dur":1,"pid":1,"tid":0},
{"name":"ComposeSubtree /Biped/Rig/Controls/arm_l_pv","cat":"step","ph":"X","ts":156929,"dur":1,"pid":1,"tid":0},
{"name":"ComposeSubtree /Biped/Rig/Controls/hips_ctl","cat":"step","ph":"X","ts":156930,"dur":1,"pid":1,"tid":0},
{"name":"ComposeSubtree /Biped/Rig/Controls/hips_ctl/spine_root_pivot/spine_root_ctl/pelvis_l_ctl/leg_l_root","cat":"step","ph":"X","ts":156931,"dur":1,"pid":1,"tid":0},
{"name":"ComposeSubtree /Biped/Rig/Controls/hips_ctl/torso_ctl","cat":"step","ph":"X","ts":156932,"dur":1,"pid":1,"tid":0},
{"name":"ComposeSubtree /Biped/Rig/Controls/hips_ctl/torso_ctl/spine_end_pivot/spine_end_ctl/clavicle_l_ctl/arm_l_root/arm_l_fk_shoulder_l_bind/arm_l_fk_elbow_l_bind","cat":"step","ph":"X","ts":156933,"dur":1,"pid":1,"tid":0},
{"name":"ComposeSubtree /Biped/Rig/Controls/hips_ctl/torso_ctl/spine_end_pivot/spine_end_ctl/neck_root_ctl","cat":"step","ph":"X","ts":156934,"dur":1,"pid":1,"tid":0},
{"name":"ComposeSubtree /Biped/Rig/Controls/index_001_r_bind_fk_follow","cat":"step","ph":"X","ts":156935,"dur":1,"pid":1,"tid":0},
{"name":"ComposeSubtree /Biped/Rig/Controls/leg_l_ik/ankle_l_pivot/bankIn_l_pivot","cat":"step","ph":"X","ts":156936,"dur":1,"pid":1,"tid":0},
{"name":"ComposeSubtree /Biped/Rig/Controls/leg_l_ik/ankle_l_pivot/bankIn_l_pivot/bankOut_l_pivot/heel_l_roll/heel_l/ball_l_pivot/toe_l_roll/toe_l/ballRoll_l_up/ballRoll_l_down","cat":"step","ph":"X","ts":156937,"dur":1,"pid":1,"tid":0},
{"name":"ComposeSubtree /Biped/Rig/Controls/leg_l_ik/ankle_l_pivot/bankIn_l_pivot/bankOut_l_pivot/heel_l_roll/heel_l/ball_l_pivot/toe_l_roll/toe_l/toeBend_l/toeBend_l_fk","cat":"step","ph":"X","ts":156938,"dur":1,"pid":1,"tid":0},
{"name":"ComposeSubtree /Biped/Rig/Controls/leg_l_ik/ankle_l_pivot/bank_l","cat":"step","ph":"X","ts":156939,"dur":1,"pid":1,"tid":0},
{"name":"ComposeSubtree /Biped/Rig/Controls/leg_r_ik/ankle_r_pivot/bankIn_r_pivot/bankOut_r_pivot/heel_r_roll/heel_r","cat":"step","ph":"X","ts":156940,"dur":1,"pid":1,"tid":0},
{"name":"ComposeSubtree /Biped/Rig/Controls/leg_r_ik/ankle_r_pivot/bankIn_r_pivot/bankOut_r_pivot/heel_r_roll/heel_r/ball_r_pivot/toe_r_roll/toe_r/ballRoll_r_up/ballRoll_r_down/ballRoll_r/ball_r_ikTarget","cat":"step","ph":"X","ts":156941,"dur":1,"pid":1,"tid":0},
{"name":"ComposeSubtree /Biped/Rig/Controls/leg_r_ik/ankle_r_pivot/bankIn_r_pivot/bankOut_r_pivot/heel_r_roll/heel_r/ball_r_pivot/toe_r_roll_twin","cat":"step","ph":"X","ts":156942,"dur":1,"pid":1,"tid":0},
{"name":"ComposeSubtree /Biped/Rig/Controls/middle_001_l_bind_fk_follow/middle_001_l_bind_fk","cat":"step","ph":"X","ts":156943,"dur":1,"pid":1,"tid":0},
{"name":"ComposeSubtree /Biped/Rig/Controls/middle_001_r_bind_fk_follow/middle_001_r_bind_fk/middle_002_r_bind_fk/middle_003_r_bind_fk","cat":"step","ph":"X","ts":156944,"dur":1,"pid":1,"tid":0},
{"name":"ComposeSubtree /Biped/Rig/Controls/pinkyCup_r_bind_fk_follow/pinkyCup_r_bind_fk/pinky_001_r_bind_fk","cat":"step","ph":"X","ts":156945,"dur":1,"pid":1,"tid":0},
{"name":"ComposeSubtree /Biped/Rig/Controls/ring_001_l_bind_fk_follow/ring_001_l_bind_fk/ring_002_l_bind_fk/ring_003_l_bind_fk","cat":"step","ph":"X","ts":156946,"dur":1,"pid":1,"tid":0},
{"name":"ComposeSubtree /Biped/Rig/Controls/thumbCup_l_bind_fk_follow","cat":"step","ph":"X","ts":156947,"dur":1,"pid":1,"tid":0},
{"name":"ComposeSubtree /Biped/Rig/Controls/thumbCup_r_bind_fk_follow/thumbCup_r_bind_fk/thumb_001_r_bind_fk/thumb_002_r_bind_fk","cat":"step","ph":"X","ts":156948,"dur":1,"pid":1,"tid":0},
{"name":"ComposeSubtree /Biped/Rig/Joints/ankle_l_pivot/bankIn_l_pivot/bankOut_l_pivot/heel_l_pivot/ball_l_pivot","cat":"step","ph":"X","ts":156949,"dur":1,"pid":1,"tid":0},
{"name":"ComposeSubtree /Biped/Rig/Joints/ankle_r_pivot/bankIn_r_pivot/bankOut_r_pivot/heel_r_pivot/ball_r_pivot","cat":"step","ph":"X","ts":156950,"dur":1,"pid":1,"tid":0},
{"name":"ComposeSubtree /Biped/Rig/Joints/hips_bind/pelvis_l_bind/pelvis_trans_l_bind/thigh_l_driver","cat":"step","ph":"X","ts":156951,"dur":1,"pid":1,"tid":0},
{"name":"ComposeSubtree /Biped/Rig/Joints/hips_bind/pelvis_l_bind/thigh_l_bind/knee_l_bind/ankle_l_bind/ball_l_bind","cat":"step","ph":"X","ts":156952,"dur":1,"pid":1,"tid":0},
{"name":"ComposeSubtree /Biped/Rig/Joints/hips_bind/pelvis_l_bind/thigh_l_bind/knee_l_bind/ankle_l_bind/ball_l_bind/toe2_001_l_bind/toe2_002_l_bind/toe2_003_l_bind","cat":"step","ph":"X","ts":156953,"dur":1,"pid":1,"tid":0},
{"name":"ComposeSubtree /Biped/Rig/Joints/hips_bind/pelvis_l_bind/thigh_l_bind/knee_l_bind/ankle_l_bind/ball_l_bind/toe4_001_l_bind/toe4_002_l_bind/toe4_003_l_bind","cat":"step","ph":"X","ts":156954,"dur":1,"pid":1,"tid":0},
{"name":"ComposeSubtree /Biped/Rig/Joints/hips_bind/pelvis_l_bind/thigh_l_bind/knee_l_bind/kneeTwist_l_bind","cat":"step","ph":"X","ts":156955,"dur":1,"pid":1,"tid":0},
{"name":"ComposeSubtree /Biped/Rig/Joints/hips_bind/pelvis_r_bind/thigh_r_bind","cat":"step","ph":"X","ts":156956,"dur":1,"pid":1,"tid":0},
{"name":"ComposeSubtree /Biped/Rig/Joints/hips_bind/pelvis_r_bind/thigh_r_bind/knee_r_bind/ankle_r_bind/ball_r_bind/toe1_001_r_bind/toe1_002_r_bind","cat":"step","ph":"X","ts":156957,"dur":1,"pid":1,"tid":0},
{"name":"ComposeSubtree /Biped/Rig/Joints/hips_bind/pelvis_r_bind/thigh_r_bind/knee_r_bind/ankle_r_bind/ball_r_bind/toe3_001_r_bind","cat":"step","ph":"X","ts":156958,"dur":1,"pid":1,"tid":0},
{"name":"ComposeSubtree /Biped/Rig/Joints/hips_bind/pelvis_r_bind/thigh_r_bind/knee_r_bind/ankle_r_bind/ball_r_bind/toe5_001_r_bind","cat":"step","ph":"X","ts":156959,"dur":1,"pid":1,"tid":0},
{"name":"ComposeSubtree /Biped/Rig/Joints/hips_bind/spine_0_bind","cat":"step","ph":"X","ts":156960,"dur":1,"pid":1,"tid":0},
{"name":"ComposeSubtree /Biped/Rig/Joints/hips_bind/spine_0_bind/spine_1_bind/spine_2_bind/spine_3_bind/spine_4_bind/spine_5_bind/chest_bind/clavicle_l_bind/clavicle_trans_combo_l_driver","cat":"step","ph":"X","ts":156961,"dur":1,"pid":1,"tid":0},
{"name":"ComposeSubtree /Biped/Rig/Joints/hips_bind/spine_0_bind/spine_1_bind/spine_2_bind/spine_3_bind/spine_4_bind/spine_5_bind/chest_bind/clavicle_l_bind/shoulder_l_bind/elbow_l_bind/elbowTwist_l_bind","cat":"step","ph":"X","ts":156962,"dur":1,"pid":1,"tid":0},
{"name":"ComposeSubtree /Biped/Rig/Joints/hips_bind/spine_0_bind/spine_1_bind/spine_2_bind/spine_3_bind/spine_4_bind/spine_5_bind/chest_bind/clavicle_l_bind/shoulder_l_bind/elbow_l_bind/wrist_l_bind/index_001_l_bind/index_002_l_bind","cat":"step","ph":"X","ts":156963,"dur":1,"pid":1,"tid":0},
{"name":"ComposeSubtree /Biped/Rig/Joints/hips_bind/spine_0_bind/spine_1_bind/spine_2_bind/spine_3_bind/spine_4_bind/spine_5_bind/chest_bind/clavicle_l_bind/shoulder_l_bind/elbow_l_bind/wrist_l_bind/middle_001_l_bind/middle_002_l_bind/middle_003_l_bind/middle_004_l_bind","cat":"step","ph":"X","ts":156964,"dur":1,"pid":1,"tid":0},
{"name":"ComposeSubtree /Biped/Rig/Joints/hips_bind/spine_0_bind/spine_1_bind/spine_2_bind/spine_3_bind/spine_4_bind/spine_5_bind/chest_bind/clavicle_l_bind/shoulder_l_bind/elbow_l_bind/wrist_l_bind/ring_001_l_bind","cat":"step","ph":"X","ts":156965,"dur":1,"pid":1,"tid":0},
{"name":"ComposeSubtree /Biped/Rig/Joints/hips_bind/spine_0_bind/spine_1_bind/spine_2_bind/spine_3_bind/spine_4_bind/spine_5_bind/chest_bind/clavicle_l_bind/shoulder_l_bind/elbow_l_bind/wrist_l_bind/thumbCup_l_bind/thumb_001_l_bind/thumb_002_l_bind/thumb_003_l_bind","cat":"step","ph":"X","ts":156966,"dur":1,"pid":1,"tid":0},
{"name":"ComposeSubtree /Biped/Rig/Joints/hips_bind/spine_0_bind/spine_1_bind/spine_2_bind/spine_3_bind/spine_4_bind/spine_5_bind/chest_bind/clavicle_r_bind/shoulderNoTwist_r_bind","cat":"step","ph":"X","ts":156967,"dur":1,"pid":1,"tid":0},
{"name":"ComposeSubtree /Biped/Rig/Joints/hips_bind/spine_0_bind/spine_1_bind/spine_2_bind/spine_3_bind/spine_4_bind/spine_5_bind/chest_bind/clavicle_r_bind/shoulder_r_bind/elbow_r_bind/wristTwist_r_driver","cat":"step","ph":"X","ts":156968,"dur":1,"pid":1,"tid":0},
{"name":"ComposeSubtree /Biped/Rig/Joints/hips_bind/spine_0_bind/spine_1_bind/spine_2_bind/spine_3_bind/spine_4_bind/spine_5_bind/chest_bind/clavicle_r_bind/shoulder_r_bind/elbow_r_bind/wrist_r_bind/middle_001_r_bind","cat":"step","ph":"X","ts":156969,"dur":1,"pid":1,"tid":0},
{"name":"ComposeSubtree /Biped/Rig/Joints/hips_bind/spine_0_bind/spine_1_bind/spine_2_bind/spine_3_bind/spine_4_bind/spine_5_bind/chest_bind/clavicle_r_bind/shoulder_r_bind/elbow_r_bind/wrist_r_bind/pinkyCup_r_bind/pinky_001_r_bind/pinky_002_combo_r_driver","cat":"step","ph":"X","ts":156970,"dur":1,"pid":1,"tid":0},
{"name":"ComposeSubtree /Biped/Rig/Joints/hips_bind/spine_0_bind/spine_1_bind/spine_2_bind/spine_3_bind/spine_4_bind/spine_5_bind/chest_bind/clavicle_r_bind/shoulder_r_bind/elbow_r_bind/wrist_r_bind/ring_001_r_bind/ring_002_r_bind/ring_003_r_bind/ring_004_r_bind","cat":"step","ph":"X","ts":156971,"dur":2,"pid":1,"tid":0},
{"name":"ComposeSubtree /Biped/Rig/Joints/hips_bind/spine_0_bind/spine_1_bind/spine_2_bind/spine_3_bind/spine_4_bind/spine_5_bind/chest_bind/neck_base_bind","cat":"step","ph":"X","ts":156973,"dur":1,"pid":1,"tid":0},
{"name":"ComposeSubtree /Biped/Rig/Joints/hips_bind/spine_0_bind/spine_1_bind/spine_2_bind/spine_3_bind/spine_4_bind/spine_5_bind/chest_bind/neck_base_bind/neck_0_bind/neck_1_bind/neck_2_bind/neck_3_bind/skull_bind/face_lower_bind/face_mid_bind/nose_bridge_bind","cat":"step","ph":"X","ts":156974,"dur":1,"pid":1,"tid":0},
{"name":"ComposeSubtree /Biped/Rig/Joints/hips_bind/spine_0_bind/spine_1_bind/spine_2_bind/spine_3_bind/spine_4_bind/spine_5_bind/chest_bind/neck_base_bind/neck_0_bind/neck_1_bind/neck_2_bind/neck_3_bind/skull_bind/face_lower_bind/jaw_bind/tongue_0_bind/tongue_1_bind/tongue_2_bind","cat":"step","ph":"X","ts":156975,"dur":1,"pid":1,"tid":0},
{"name":"ComposeSubtree /Biped/Rig/Joints/hips_bind/spine_0_bind/spine_1_bind/spine_2_bind/spine_3_bind/spine_4_bind/spine_5_bind/chest_bind/neck_base_bind/neck_0_bind/neck_1_bind/neck_2_bind/neck_3_bind/skull_bind/face_upper_bind/head_tip_bind","cat":"step","ph":"X","ts":156976,"dur":1,"pid":1,"tid":0},
{"name":"ComposeSubtree /Biped/Rig/Joints/neck_ik_neck_0_bind/neck_ik_neck_1_bind","cat":"step","ph":"X","ts":156977,"dur":1,"pid":1,"tid":0},
{"name":"ComposeSubtree /Biped/Rig/Joints/spine_ik_spine_0_bind/spine_ik_spine_1_bind/spine_ik_spine_2_bind/spine_ik_spine_3_bind/spine_ik_spine_4_bind","cat":"step","ph":"X","ts":156978,"dur":1,"pid":1,"tid":0},
{"name":"Solve /Biped/Rig/Solvers/arm_l_fkChain","cat":"step","ph":"X","ts":156979,"dur":1,"pid":1,"tid":0},
{"name":"Solve /Biped/Rig/Solvers/arm_l_twoBoneIk","cat":"step","ph":"X","ts":156980,"dur":1,"pid":1,"tid":0},
{"name":"Solve /Biped/Rig/Solvers/arm_r_fkChain","cat":"step","ph":"X","ts":156981,"dur":1,"pid":1,"tid":0},
{"name":"Solve /Biped/Rig/Solvers/leg_l_fkChain","cat":"step","ph":"X","ts":156982,"dur":1,"pid":1,"tid":0},
{"name":"Solve /Biped/Rig/Solvers/neck_splineIk","cat":"step","ph":"X","ts":156983,"dur":9,"pid":1,"tid":0},
{"name":"Solve /Biped/Rig/Solvers/spine_splineIk","cat":"step","ph":"X","ts":156992,"dur":9,"pid":1,"tid":0},
{"name":"Solve /Biped/Rig/Solvers/arm_r_ikfk","cat":"step","ph":"X","ts":157001,"dur":1,"pid":1,"tid":0},
{"name":"SolverCommit batch 8","cat":"step","ph":"X","ts":157002,"dur":1,"pid":1,"tid":0},
{"name":"SolverCommit batch 9","cat":"step","ph":"X","ts":157003,"dur":1,"pid":1,"tid":0},
{"name":"Constraint /Biped/Rig/Movers/spine_mid_follow/spine_mid_follow_pos","cat":"step","ph":"X","ts":157004,"dur":6,"pid":1,"tid":0},
{"name":"Solve /Biped/Rig/Solvers/fk_thumb_r","cat":"step","ph":"X","ts":157010,"dur":1,"pid":1,"tid":0},
{"name":"SolverCommit batch 11","cat":"step","ph":"X","ts":157011,"dur":1,"pid":1,"tid":0},
{"name":"SolverCommit batch 12","cat":"step","ph":"X","ts":157012,"dur":1,"pid":1,"tid":0},
{"name":"Solve /Biped/Rig/Solvers/fk_pinky_r","cat":"step","ph":"X","ts":157013,"dur":1,"pid":1,"tid":0},
{"name":"SolverCommit batch 13","cat":"step","ph":"X","ts":157014,"dur":1,"pid":1,"tid":0},
{"name":"SolverCommit batch 14","cat":"step","ph":"X","ts":157015,"dur":1,"pid":1,"tid":0},
{"name":"Solve /Biped/Rig/Solvers/fk_index_r","cat":"step","ph":"X","ts":157016,"dur":1,"pid":1,"tid":0},
{"name":"Solve /Biped/Rig/Solvers/fk_thumb_l","cat":"step","ph":"X","ts":157017,"dur":1,"pid":1,"tid":0},
{"name":"Solve /Biped/Rig/Solvers/fk_ring_l","cat":"step","ph":"X","ts":157018,"dur":1,"pid":1,"tid":0},
{"name":"SolverCommit batch 17","cat":"step","ph":"X","ts":157019,"dur":1,"pid":1,"tid":0},
{"name":"Solve /Biped/Rig/Solvers/fk_pinky_l","cat":"step","ph":"X","ts":157020,"dur":1,"pid":1,"tid":0},
{"name":"Solve /Biped/Rig/Solvers/fk_middle_l","cat":"step","ph":"X","ts":157021,"dur":1,"pid":1,"tid":0},
{"name":"Solve /Biped/Rig/Solvers/fk_index_l","cat":"step","ph":"X","ts":157022,"dur":1,"pid":1,"tid":0},
{"name":"Constraint /Biped/Rig/Movers/spine_mid_follow/spine_mid_follow_aim","cat":"step","ph":"X","ts":157023,"dur":3,"pid":1,"tid":0},
{"name":"Constraint /Biped/Rig/Movers/hand_r_follow/thumbCup_r_bind_fk_follow_to_wrist_r_bind","cat":"step","ph":"X","ts":157026,"dur":3,"pid":1,"tid":0},
{"name":"Constraint /Biped/Rig/Movers/hand_r_follow/ring_001_r_bind_fk_follow_to_wrist_r_bind","cat":"step","ph":"X","ts":157029,"dur":3,"pid":1,"tid":0},
{"name":"Constraint /Biped/Rig/Movers/hand_r_follow/pinkyCup_r_bind_fk_follow_to_wrist_r_bind","cat":"step","ph":"X","ts":157032,"dur":3,"pid":1,"tid":0},
{"name":"Constraint /Biped/Rig/Movers/hand_r_follow/middle_001_r_bind_fk_follow_to_wrist_r_bind","cat":"step","ph":"X","ts":157035,"dur":2,"pid":1,"tid":0},
{"name":"Constraint /Biped/Rig/Movers/hand_r_follow/index_001_r_bind_fk_follow_to_wrist_r_bind","cat":"step","ph":"X","ts":157037,"dur":3,"pid":1,"tid":0},
{"name":"Constraint /Biped/Rig/Movers/hand_l_follow/thumbCup_l_bind_fk_follow_to_wrist_l_bind","cat":"step","ph":"X","ts":157040,"dur":2,"pid":1,"tid":0},
{"name":"Constraint /Biped/Rig/Movers/hand_l_follow/ring_001_l_bind_fk_follow_to_wrist_l_bind","cat":"step","ph":"X","ts":157042,"dur":2,"pid":1,"tid":0},
{"name":"Constraint /Biped/Rig/Movers/hand_l_follow/pinkyCup_l_bind_fk_follow_to_wrist_l_bind","cat":"step","ph":"X","ts":157044,"dur":3,"pid":1,"tid":0},
{"name":"Constraint /Biped/Rig/Movers/hand_l_follow/middle_001_l_bind_fk_follow_to_wrist_l_bind","cat":"step","ph":"X","ts":157047,"dur":2,"pid":1,"tid":0},
{"name":"Constraint /Biped/Rig/Movers/hand_l_follow/index_001_l_bind_fk_follow_to_wrist_l_bind","cat":"step","ph":"X","ts":157049,"dur":2,"pid":1,"tid":0},
{"name":"Constraint /Biped/Rig/Movers/bankIn_r_pivot_rc/bankIn_r_pivot_rotation","cat":"step","ph":"X","ts":157051,"dur":1,"pid":1,"tid":0},
{"name":"Constraint /Biped/Rig/Movers/bankOut_r_pivot_rc/bankOut_r_pivot_rotation","cat":"step","ph":"X","ts":157052,"dur":1,"pid":1,"tid":0},
{"name":"Constraint /Biped/Rig/Movers/heel_r_roll_rc/heel_r_roll_rotation","cat":"step","ph":"X","ts":157053,"dur":1,"pid":1,"tid":0},
{"name":"Constraint /Biped/Rig/Movers/ballRoll_r_up_rc/ballRoll_r_up_rotation","cat":"step","ph":"X","ts":157054,"dur":1,"pid":1,"tid":0},
{"name":"Solve /Biped/Rig/Solvers/leg_r_ikfk","cat":"step","ph":"X","ts":157055,"dur":1,"pid":1,"tid":0},
{"name":"SolverCommit batch 39","cat":"step","ph":"X","ts":157056,"dur":4,"pid":1,"tid":0},
{"name":"Constraint /Biped/Rig/Movers/ankle_r_bind_scAim/ankle_r_bind_aim","cat":"step","ph":"X","ts":157060,"dur":4,"pid":1,"tid":0},
{"name":"Constraint /Biped/Rig/Movers/ball_r_bind_scAim/ball_r_bind_aim","cat":"step","ph":"X","ts":157064,"dur":3,"pid":1,"tid":0},
{"name":"Constraint /Biped/Rig/Movers/bankIn_l_pivot_rc/bankIn_l_pivot_rotation","cat":"step","ph":"X","ts":157067,"dur":1,"pid":1,"tid":0},
{"name":"Constraint /Biped/Rig/Movers/heel_l_roll_rc/heel_l_roll_rotation","cat":"step","ph":"X","ts":157068,"dur":1,"pid":1,"tid":0},
{"name":"Constraint /Biped/Rig/Movers/ballRoll_l_up_rc/ballRoll_l_up_rotation","cat":"step","ph":"X","ts":157069,"dur":1,"pid":1,"tid":0},
{"name":"Solve /Biped/Rig/Solvers/leg_l_ikfk","cat":"step","ph":"X","ts":157070,"dur":1,"pid":1,"tid":0},
{"name":"SolverCommit batch 49","cat":"step","ph":"X","ts":157071,"dur":4,"pid":1,"tid":0},
{"name":"Constraint /Biped/Rig/Movers/ankle_l_bind_scAim/ankle_l_bind_aim","cat":"step","ph":"X","ts":157075,"dur":3,"pid":1,"tid":0},
{"name":"Constraint /Biped/Rig/Movers/ball_l_bind_scAim/ball_l_bind_aim","cat":"step","ph":"X","ts":157078,"dur":3,"pid":1,"tid":0},
{"name":"Constraint /Biped/Rig/Movers/hips_follow/spine_root_ctl_drives_hips_bind","cat":"step","ph":"X","ts":157081,"dur":2,"pid":1,"tid":0},
{"name":"CommitDelta /Biped/Rig/Movers/hips_follow/spine_root_ctl_drives_hips_bind","cat":"step","ph":"X","ts":157083,"dur":1,"pid":1,"tid":0},
{"name":"PropagateChunk /Biped/Rig/Movers/hips_follow/spine_root_ctl_drives_hips_bind","cat":"step","ph":"X","ts":157084,"dur":3,"pid":1,"tid":0},
{"name":"PropagateChunk /Biped/Rig/Movers/hips_follow/spine_root_ctl_drives_hips_bind","cat":"step","ph":"X","ts":157087,"dur":1,"pid":1,"tid":0},
{"name":"Constraint /Biped/Rig/Movers/hips_follow/spine_root_ctl_scales_hips_bind","cat":"step","ph":"X","ts":157088,"dur":1,"pid":1,"tid":0},
{"name":"CommitDelta /Biped/Rig/Movers/hips_follow/spine_root_ctl_scales_hips_bind","cat":"step","ph":"X","ts":157089,"dur":1,"pid":1,"tid":0},
{"name":"PropagateChunk /Biped/Rig/Movers/hips_follow/spine_root_ctl_scales_hips_bind","cat":"step","ph":"X","ts":157090,"dur":4,"pid":1,"tid":0},
{"name":"Constraint /Biped/Rig/Movers/spine_to_bind/spine_ik_spine_0_bind_scale_to_spine_0_bind","cat":"step","ph":"X","ts":157094,"dur":4,"pid":1,"tid":0},
{"name":"Constraint /Biped/Rig/Movers/spine_to_bind/spine_ik_spine_0_bind_to_spine_0_bind","cat":"step","ph":"X","ts":157098,"dur":5,"pid":1,"tid":0},
{"name":"Constraint /Biped/Rig/Movers/spine_to_bind/spine_ik_spine_1_bind_scale_to_spine_1_bind","cat":"step","ph":"X","ts":157103,"dur":5,"pid":1,"tid":0},
{"name":"Constraint /Biped/Rig/Movers/spine_to_bind/spine_ik_spine_1_bind_to_spine_1_bind","cat":"step","ph":"X","ts":157108,"dur":5,"pid":1,"tid":0},
{"name":"Constraint /Biped/Rig/Movers/spine_to_bind/spine_ik_spine_2_bind_scale_to_spine_2_bind","cat":"step","ph":"X","ts":157113,"dur":3,"pid":1,"tid":0},
{"name":"Constraint /Biped/Rig/Movers/spine_to_bind/spine_ik_spine_2_bind_to_spine_2_bind","cat":"step","ph":"X","ts":157116,"dur":5,"pid":1,"tid":0},
{"name":"Constraint /Biped/Rig/Movers/spine_to_bind/spine_ik_spine_3_bind_scale_to_spine_3_bind","cat":"step","ph":"X","ts":157121,"dur":4,"pid":1,"tid":0},
{"name":"Constraint /Biped/Rig/Movers/spine_to_bind/spine_ik_spine_3_bind_to_spine_3_bind","cat":"step","ph":"X","ts":157125,"dur":5,"pid":1,"tid":0},
{"name":"Constraint /Biped/Rig/Movers/spine_to_bind/spine_ik_spine_4_bind_scale_to_spine_4_bind","cat":"step","ph":"X","ts":157130,"dur":4,"pid":1,"tid":0},
{"name":"Constraint /Biped/Rig/Movers/spine_to_bind/spine_ik_spine_4_bind_to_spine_4_bind","cat":"step","ph":"X","ts":157134,"dur":4,"pid":1,"tid":0},
{"name":"Constraint /Biped/Rig/Movers/spine_to_bind/spine_ik_spine_5_bind_scale_to_spine_5_bind","cat":"step","ph":"X","ts":157138,"dur":4,"pid":1,"tid":0},
{"name":"Constraint /Biped/Rig/Movers/spine_to_bind/spine_ik_spine_5_bind_to_spine_5_bind","cat":"step","ph":"X","ts":157142,"dur":4,"pid":1,"tid":0},
{"name":"Constraint /Biped/Rig/Movers/spine_to_bind/spine_ik_chest_bind_scale_to_chest_bind","cat":"step","ph":"X","ts":157146,"dur":4,"pid":1,"tid":0},
{"name":"Constraint /Biped/Rig/Movers/spine_to_bind/spine_ik_chest_bind_to_chest_bind","cat":"step","ph":"X","ts":157150,"dur":4,"pid":1,"tid":0},
{"name":"Constraint /Biped/Rig/Movers/girdles/spine_end_ctl_drives_chest_bind","cat":"step","ph":"X","ts":157154,"dur":5,"pid":1,"tid":0},
{"name":"Constraint /Biped/Rig/Movers/girdles/pelvis_r_ctl_drives_pelvis_r_bind","cat":"step","ph":"X","ts":157159,"dur":1,"pid":1,"tid":0},
{"name":"Constraint /Biped/Rig/Movers/girdles/pelvis_l_ctl_drives_pelvis_l_bind","cat":"step","ph":"X","ts":157160,"dur":1,"pid":1,"tid":0},
{"name":"Constraint /Biped/Rig/Movers/girdles/clavicle_r_ctl_drives_clavicle_r_bind","cat":"step","ph":"X","ts":157161,"dur":1,"pid":1,"tid":0},
{"name":"Constraint /Biped/Rig/Movers/girdles/clavicle_l_ctl_drives_clavicle_l_bind","cat":"step","ph":"X","ts":157162,"dur":1,"pid":1,"tid":0},
{"name":"Constraint /Biped/Rig/Movers/girdles/spine_end_ctl_unsquashes_neck_base_bind","cat":"step","ph":"X","ts":157163,"dur":3,"pid":1,"tid":0},
{"name":"Constraint /Biped/Rig/Movers/girdles/clavicle_r_ctl_unsquashes_clavicle_r_bind","cat":"step","ph":"X","ts":157166,"dur":1,"pid":1,"tid":0},
{"name":"Constraint /Biped/Rig/Movers/girdles/clavicle_l_ctl_unsquashes_clavicle_l_bind","cat":"step","ph":"X","ts":157167,"dur":2,"pid":1,"tid":0},
{"name":"Constraint /Biped/Rig/Movers/neck_to_bind/neck_ik_neck_0_bind_scale_to_neck_0_bind","cat":"step","ph":"X","ts":157169,"dur":2,"pid":1,"tid":0},
{"name":"Constraint /Biped/Rig/Movers/neck_to_bind/neck_ik_neck_0_bind_to_neck_0_bind","cat":"step","ph":"X","ts":157171,"dur":4,"pid":1,"tid":0},
{"name":"Constraint /Biped/Rig/Movers/neck_to_bind/neck_ik_neck_1_bind_scale_to_neck_1_bind","cat":"step","ph":"X","ts":157175,"dur":3,"pid":1,"tid":0},
{"name":"Constraint /Biped/Rig/Movers/neck_to_bind/neck_ik_neck_1_bind_to_neck_1_bind","cat":"step","ph":"X","ts":157178,"dur":3,"pid":1,"tid":0},
{"name":"Constraint /Biped/Rig/Movers/neck_to_bind/neck_ik_neck_2_bind_scale_to_neck_2_bind","cat":"step","ph":"X","ts":157181,"dur":3,"pid":1,"tid":0},
{"name":"Constraint /Biped/Rig/Movers/neck_to_bind/neck_ik_neck_2_bind_to_neck_2_bind","cat":"step","ph":"X","ts":157184,"dur":4,"pid":1,"tid":0},
{"name":"Constraint /Biped/Rig/Movers/neck_to_bind/neck_ik_neck_3_bind_scale_to_neck_3_bind","cat":"step","ph":"X","ts":157188,"dur":2,"pid":1,"tid":0},
{"name":"Constraint /Biped/Rig/Movers/neck_to_bind/neck_ik_neck_3_bind_to_neck_3_bind","cat":"step","ph":"X","ts":157190,"dur":3,"pid":1,"tid":0},
{"name":"Constraint /Biped/Rig/Movers/neck_to_bind/neck_ik_skull_bind_scale_to_skull_bind","cat":"step","ph":"X","ts":157193,"dur":3,"pid":1,"tid":0},
{"name":"Constraint /Biped/Rig/Movers/neck_to_bind/neck_ik_skull_bind_to_skull_bind","cat":"step","ph":"X","ts":157196,"dur":4,"pid":1,"tid":0},
{"name":"Constraint /Biped/Rig/Movers/twist_aims/wristTwist_r_bind_copy","cat":"step","ph":"X","ts":157200,"dur":2,"pid":1,"tid":0},
{"name":"Constraint /Biped/Rig/Movers/twist_aims/wristTwist_r_bind_aim","cat":"step","ph":"X","ts":157202,"dur":2,"pid":1,"tid":0},
{"name":"Constraint /Biped/Rig/Movers/twist_aims/wristTwist_l_bind_copy","cat":"step","ph":"X","ts":157204,"dur":2,"pid":1,"tid":0},
{"name":"Constraint /Biped/Rig/Movers/twist_aims/wristTwist_l_bind_aim","cat":"step","ph":"X","ts":157206,"dur":1,"pid":1,"tid":0},
{"name":"Constraint /Biped/Rig/Movers/twist_aims/ankleTwist_r_bind_copy","cat":"step","ph":"X","ts":157207,"dur":2,"pid":1,"tid":0},
{"name":"Constraint /Biped/Rig/Movers/twist_aims/ankleTwist_r_bind_aim","cat":"step","ph":"X","ts":157209,"dur":2,"pid":1,"tid":0},
{"name":"Constraint /Biped/Rig/Movers/twist_aims/ankleTwist_l_bind_copy","cat":"step","ph":"X","ts":157211,"dur":1,"pid":1,"tid":0},
{"name":"Constraint /Biped/Rig/Movers/twist_aims/ankleTwist_l_bind_aim","cat":"step","ph":"X","ts":157212,"dur":2,"pid":1,"tid":0},
{"name":"Constraint /Biped/Rig/Movers/twist_aims/ankleTwist_r_bind_follows_ankle_r_bind","cat":"step","ph":"X","ts":157214,"dur":1,"pid":1,"tid":0},
{"name":"Constraint /Biped/Rig/Movers/twist_aims/wristTwist_r_bind_follows_wrist_r_bind","cat":"step","ph":"X","ts":157215,"dur":1,"pid":1,"tid":0},
{"name":"Constraint /Biped/Rig/Movers/twist_aims/thighNoTwist_r_bind_follows_thigh_r_bind","cat":"step","ph":"X","ts":157216,"dur":1,"pid":1,"tid":0},
{"name":"Constraint /Biped/Rig/Movers/twist_aims/shoulderNoTwist_r_bind_follows_shoulder_r_bind","cat":"step","ph":"X","ts":157217,"dur":1,"pid":1,"tid":0},
{"name":"Constraint /Biped/Rig/Movers/twist_aims/pelvis_trans_r_bind_follows_thigh_r_bind","cat":"step","ph":"X","ts":157218,"dur":1,"pid":1,"tid":0},
{"name":"Constraint /Biped/Rig/Movers/twist_aims/pelvis_trans_l_bind_follows_thigh_l_bind","cat":"step","ph":"X","ts":157219,"dur":1,"pid":1,"tid":0},
{"name":"Constraint /Biped/Rig/Movers/twist_aims/clavicle_trans_l_bind_follows_shoulder_l_bind","cat":"step","ph":"X","ts":157220,"dur":1,"pid":1,"tid":0},
{"name":"Constraint /Biped/Rig/Movers/twist_aims/pelvis_trans_r_bind_aim","cat":"step","ph":"X","ts":157221,"dur":2,"pid":1,"tid":0},
{"name":"Constraint /Biped/Rig/Movers/twist_aims/pelvis_trans_l_bind_aim","cat":"step","ph":"X","ts":157223,"dur":2,"pid":1,"tid":0},
{"name":"Constraint /Biped/Rig/Movers/twist_aims/kneeTwist_r_bind_aim","cat":"step","ph":"X","ts":157225,"dur":2,"pid":1,"tid":0},
{"name":"Constraint /Biped/Rig/Movers/twist_aims/kneeTwist_l_bind_aim","cat":"step","ph":"X","ts":157227,"dur":1,"pid":1,"tid":0},
{"name":"Constraint /Biped/Rig/Movers/twist_aims/thighNoTwist_r_bind_aim","cat":"step","ph":"X","ts":157228,"dur":2,"pid":1,"tid":0},
{"name":"Constraint /Biped/Rig/Movers/twist_aims/thighNoTwist_l_bind_aim","cat":"step","ph":"X","ts":157230,"dur":1,"pid":1,"tid":0},
{"name":"Constraint /Biped/Rig/Movers/twist_aims/clavicle_trans_r_bind_aim","cat":"step","ph":"X","ts":157231,"dur":2,"pid":1,"tid":0},
{"name":"Constraint /Biped/Rig/Movers/twist_aims/clavicle_trans_l_bind_aim","cat":"step","ph":"X","ts":157233,"dur":2,"pid":1,"tid":0},
{"name":"Constraint /Biped/Rig/Movers/twist_aims/elbowTwist_r_bind_aim","cat":"step","ph":"X","ts":157235,"dur":2,"pid":1,"tid":0},
{"name":"Constraint /Biped/Rig/Movers/twist_aims/elbowTwist_l_bind_aim","cat":"step","ph":"X","ts":157237,"dur":2,"pid":1,"tid":0},
{"name":"Constraint /Biped/Rig/Movers/twist_aims/shoulderNoTwist_r_bind_aim","cat":"step","ph":"X","ts":157239,"dur":2,"pid":1,"tid":0},
{"name":"Constraint /Biped/Rig/Movers/twist_aims/shoulderNoTwist_l_bind_aim","cat":"step","ph":"X","ts":157241,"dur":2,"pid":1,"tid":0},
{"name":"Constraint /Biped/Rig/Movers/pose_drivers/thigh_r_driver_copies_thigh_r_bind","cat":"step","ph":"X","ts":157243,"dur":2,"pid":1,"tid":0},
{"name":"Constraint /Biped/Rig/Movers/pose_drivers/thigh_l_driver_copies_thigh_l_bind","cat":"step","ph":"X","ts":157245,"dur":2,"pid":1,"tid":0},
{"name":"Constraint /Biped/Rig/Movers/pose_drivers/thigh_r_twist_driver_copies_thighNoTwist_r_bind","cat":"step","ph":"X","ts":157247,"dur":2,"pid":1,"tid":0},
{"name":"Constraint /Biped/Rig/Movers/pose_drivers/thigh_l_twist_driver_copies_thighNoTwist_l_bind","cat":"step","ph":"X","ts":157249,"dur":2,"pid":1,"tid":0},
{"name":"Constraint /Biped/Rig/Movers/pose_drivers/ankleTwist_r_driver_copies_ankleTwist_r_bind","cat":"step","ph":"X","ts":157251,"dur":2,"pid":1,"tid":0},
{"name":"Constraint /Biped/Rig/Movers/pose_drivers/ankleTwist_l_driver_copies_ankleTwist_l_bind","cat":"step","ph":"X","ts":157253,"dur":1,"pid":1,"tid":0},
{"name":"Constraint /Biped/Rig/Movers/pose_drivers/toe_r_driver_copies_ball_r_bind","cat":"step","ph":"X","ts":157254,"dur":2,"pid":1,"tid":0},
{"name":"Constraint /Biped/Rig/Movers/pose_drivers/toe_l_driver_copies_ball_l_bind","cat":"step","ph":"X","ts":157256,"dur":2,"pid":1,"tid":0},
{"name":"Constraint /Biped/Rig/Movers/pose_drivers/knee_r_driver_copies_knee_r_bind","cat":"step","ph":"X","ts":157258,"dur":2,"pid":1,"tid":0},
{"name":"Constraint /Biped/Rig/Movers/pose_drivers/knee_l_driver_copies_knee_l_bind","cat":"step","ph":"X","ts":157260,"dur":2,"pid":1,"tid":0},
{"name":"Constraint /Biped/Rig/Movers/pose_drivers/ankleSwing_r_driver_copies_ankle_r_bind","cat":"step","ph":"X","ts":157262,"dur":2,"pid":1,"tid":0},
{"name":"Constraint /Biped/Rig/Movers/pose_drivers/ankleSwing_l_driver_copies_ankle_l_bind","cat":"step","ph":"X","ts":157264,"dur":2,"pid":1,"tid":0},
{"name":"Constraint /Biped/Rig/Movers/pose_drivers/shoulder_r_driver_copies_shoulder_r_bind","cat":"step","ph":"X","ts":157266,"dur":3,"pid":1,"tid":0},
{"name":"Constraint /Biped/Rig/Movers/pose_drivers/shoulder_l_driver_copies_shoulder_l_bind","cat":"step","ph":"X","ts":157269,"dur":2,"pid":1,"tid":0},
{"name":"Constraint /Biped/Rig/Movers/pose_drivers/wristTwist_r_driver_copies_wristTwist_r_bind","cat":"step","ph":"X","ts":157271,"dur":2,"pid":1,"tid":0},
{"name":"Constraint /Biped/Rig/Movers/pose_drivers/wristTwist_l_driver_copies_wristTwist_l_bind","cat":"step","ph":"X","ts":157273,"dur":3,"pid":1,"tid":0},
{"name":"Constraint /Biped/Rig/Movers/pose_drivers/shoulder_r_twist_driver_copies_shoulderNoTwist_r_bind","cat":"step","ph":"X","ts":157276,"dur":2,"pid":1,"tid":0},
{"name":"Constraint /Biped/Rig/Movers/pose_drivers/shoulder_l_twist_driver_copies_shoulderNoTwist_l_bind","cat":"step","ph":"X","ts":157278,"dur":2,"pid":1,"tid":0},
{"name":"Constraint /Biped/Rig/Movers/pose_drivers/wristSwing_r_driver_copies_wrist_r_bind","cat":"step","ph":"X","ts":157280,"dur":2,"pid":1,"tid":0},
{"name":"Constraint /Biped/Rig/Movers/pose_drivers/wristSwing_l_driver_copies_wrist_l_bind","cat":"step","ph":"X","ts":157282,"dur":2,"pid":1,"tid":0},
{"name":"Constraint /Biped/Rig/Movers/pose_drivers/elbow_r_driver_copies_elbow_r_bind","cat":"step","ph":"X","ts":157284,"dur":2,"pid":1,"tid":0},
{"name":"Constraint /Biped/Rig/Movers/pose_drivers/elbow_l_driver_copies_elbow_l_bind","cat":"step","ph":"X","ts":157286,"dur":2,"pid":1,"tid":0},
{"name":"Constraint /Biped/Rig/Movers/param_follow/leg_r_params_to_ankle_r_bind","cat":"step","ph":"X","ts":157288,"dur":2,"pid":1,"tid":0},
{"name":"Constraint /Biped/Rig/Movers/param_follow/leg_l_params_to_ankle_l_bind","cat":"step","ph":"X","ts":157290,"dur":2,"pid":1,"tid":0},
{"name":"Constraint /Biped/Rig/Movers/param_follow/arm_r_params_to_wrist_r_bind","cat":"step","ph":"X","ts":157292,"dur":2,"pid":1,"tid":0},
{"name":"Constraint /Biped/Rig/Movers/param_follow/arm_l_params_to_wrist_l_bind","cat":"step","ph":"X","ts":157294,"dur":2,"pid":1,"tid":0},
{"name":"ProviderMatrix /Biped/Rig/Controls/leg_l_ik/ankle_l_pivot/bankIn_l_pivot/bankOut_l_pivot/heel_l_roll/heel_l/ball_l_pivot/toe_l_roll/toe_l/ballRoll_l_up final","cat":"step","ph":"X","ts":157296,"dur":1,"pid":1,"tid":0},
{"name":"ProviderMatrix /Biped/Rig/Joints/ankle_l_pivot final","cat":"step","ph":"X","ts":157297,"dur":1,"pid":1,"tid":0},
{"name":"ProviderMatrix /Biped/Rig/Joints/ankle_r_pivot/bankIn_r_pivot/bankOut_r_pivot/heel_r_pivot final","cat":"step","ph":"X","ts":157298,"dur":1,"pid":1,"tid":0},
{"name":"ProviderMatrix /Biped/Rig/Joints/hips_bind/pelvis_l_bind/thighNoTwist_l_bind final","cat":"step","ph":"X","ts":157299,"dur":1,"pid":1,"tid":0},
{"name":"ProviderMatrix /Biped/Rig/Joints/hips_bind/pelvis_l_bind/thigh_l_bind/knee_l_bind/ankle_l_bind/ball_l_bind/toe1_001_l_bind/toe1_002_l_bind/toe1_003_l_bind/toe1_004_l_bind final","cat":"step","ph":"X","ts":157300,"dur":1,"pid":1,"tid":0},
{"name":"ProviderMatrix /Biped/Rig/Joints/hips_bind/pelvis_l_bind/thigh_l_bind/knee_l_bind/ankle_l_bind/ball_l_bind/toe4_001_l_bind/toe4_002_l_bind/toe4_003_l_bind final","cat":"step","ph":"X","ts":157301,"dur":1,"pid":1,"tid":0},
{"name":"ProviderMatrix /Biped/Rig/Joints/hips_bind/pelvis_r_bind/pelvis_trans_combo_r_driver final","cat":"step","ph":"X","ts":157302,"dur":1,"pid":1,"tid":0},
{"name":"ProviderMatrix /Biped/Rig/Joints/hips_bind/pelvis_r_bind/thigh_r_bind/knee_r_bind/ankle_r_bind final","cat":"step","ph":"X","ts":157303,"dur":1,"pid":1,"tid":0},
{"name":"ProviderMatrix /Biped/Rig/Joints/hips_bind/pelvis_r_bind/thigh_r_bind/knee_r_bind/ankle_r_bind/ball_r_bind/toe3_001_r_bind/toe3_002_r_bind/toe3_003_r_bind final","cat":"step","ph":"X","ts":157304,"dur":1,"pid":1,"tid":0},
{"name":"ProviderMatrix /Biped/Rig/Joints/hips_bind/pelvis_r_bind/thigh_r_bind/knee_r_bind/ankle_r_bind/toe_r_driver final","cat":"step","ph":"X","ts":157305,"dur":1,"pid":1,"tid":0},
{"name":"ProviderMatrix /Biped/Rig/Joints/hips_bind/spine_0_bind/spine_1_bind/spine_2_bind/spine_3_bind/spine_4_bind/spine_5_bind/chest_bind/clavicle_l_bind/clavicle_trans_combo_l_driver final","cat":"step","ph":"X","ts":157306,"dur":1,"pid":1,"tid":0},
{"name":"ProviderMatrix /Biped/Rig/Joints/hips_bind/spine_0_bind/spine_1_bind/spine_2_bind/spine_3_bind/spine_4_bind/spine_5_bind/chest_bind/clavicle_l_bind/shoulder_l_bind/elbow_l_bind/wristTwist_l_bind/wristSwing_l_driver final","cat":"step","ph":"X","ts":157307,"dur":1,"pid":1,"tid":0},
{"name":"ProviderMatrix /Biped/Rig/Joints/hips_bind/spine_0_bind/spine_1_bind/spine_2_bind/spine_3_bind/spine_4_bind/spine_5_bind/chest_bind/clavicle_l_bind/shoulder_l_bind/elbow_l_bind/wrist_l_bind/middle_001_l_bind/middle_002_l_bind final","cat":"step","ph":"X","ts":157308,"dur":1,"pid":1,"tid":0},
{"name":"ProviderMatrix /Biped/Rig/Joints/hips_bind/spine_0_bind/spine_1_bind/spine_2_bind/spine_3_bind/spine_4_bind/spine_5_bind/chest_bind/clavicle_l_bind/shoulder_l_bind/elbow_l_bind/wrist_l_bind/ring_001_l_bind/ring_002_combo_l_driver final","cat":"step","ph":"X","ts":157309,"dur":1,"pid":1,"tid":0},
{"name":"ProviderMatrix /Biped/Rig/Joints/hips_bind/spine_0_bind/spine_1_bind/spine_2_bind/spine_3_bind/spine_4_bind/spine_5_bind/chest_bind/clavicle_r_bind/clavicle_trans_combo_r_driver final","cat":"step","ph":"X","ts":157310,"dur":1,"pid":1,"tid":0},
{"name":"ProviderMatrix /Biped/Rig/Joints/hips_bind/spine_0_bind/spine_1_bind/spine_2_bind/spine_3_bind/spine_4_bind/spine_5_bind/chest_bind/clavicle_r_bind/shoulder_r_bind/elbow_r_bind/wristTwist_r_bind/wristSwing_r_driver final","cat":"step","ph":"X","ts":157311,"dur":1,"pid":1,"tid":0},
{"name":"ProviderMatrix /Biped/Rig/Joints/hips_bind/spine_0_bind/spine_1_bind/spine_2_bind/spine_3_bind/spine_4_bind/spine_5_bind/chest_bind/clavicle_r_bind/shoulder_r_bind/elbow_r_bind/wrist_r_bind/middle_001_r_bind/middle_002_r_bind/middle_003_r_bind final","cat":"step","ph":"X","ts":157312,"dur":1,"pid":1,"tid":0},
{"name":"ProviderMatrix /Biped/Rig/Joints/hips_bind/spine_0_bind/spine_1_bind/spine_2_bind/spine_3_bind/spine_4_bind/spine_5_bind/chest_bind/clavicle_r_bind/shoulder_r_bind/elbow_r_bind/wrist_r_bind/ring_001_r_bind/ring_002_combo_r_driver final","cat":"step","ph":"X","ts":157313,"dur":1,"pid":1,"tid":0},
{"name":"ProviderMatrix /Biped/Rig/Joints/hips_bind/spine_0_bind/spine_1_bind/spine_2_bind/spine_3_bind/spine_4_bind/spine_5_bind/chest_bind/neck_base_bind/neck_0_bind final","cat":"step","ph":"X","ts":157314,"dur":1,"pid":1,"tid":0},
{"name":"ProviderMatrix /Biped/Rig/Joints/hips_bind/spine_0_bind/spine_1_bind/spine_2_bind/spine_3_bind/spine_4_bind/spine_5_bind/chest_bind/neck_base_bind/neck_0_bind/neck_1_bind/neck_2_bind/neck_3_bind/skull_bind/face_lower_bind/jaw_bind/jaw_end final","cat":"step","ph":"X","ts":157315,"dur":1,"pid":1,"tid":0},
{"name":"ProviderMatrix /Biped/Rig/Joints/hips_bind/spine_0_bind/spine_1_bind/spine_2_bind/spine_3_bind/spine_4_bind/spine_5_bind/chest_bind/neck_base_bind/neck_0_bind/neck_1_bind/neck_2_bind/neck_3_bind/skull_bind/face_upper_bind/eyeSocket_r_bind/eye_r_bind final","cat":"step","ph":"X","ts":157316,"dur":1,"pid":1,"tid":0},
{"name":"ProviderMatrix /Biped/Rig/Joints/neck_ik_neck_0_bind/neck_ik_neck_1_bind/neck_ik_neck_2_bind/neck_ik_neck_3_bind final","cat":"step","ph":"X","ts":157317,"dur":1,"pid":1,"tid":0},
{"name":"InfluenceFold /Biped/Rig/Movers/skin_body_geo/body_geo_skin","cat":"step","ph":"X","ts":157318,"dur":24,"pid":1,"tid":0},
{"name":"RevisionChunk /Biped/Rig/Movers/skin_body_geo/body_geo_skin","cat":"step","ph":"X","ts":157342,"dur":398,"pid":1,"tid":0},
{"name":"RevisionFuse /Biped/Rig/Movers/skin_body_geo/body_geo_skin","cat":"step","ph":"X","ts":157740,"dur":3,"pid":1,"tid":0},
{"name":"ChainStatus /Biped/Geom/body_geo.points","cat":"step","ph":"X","ts":157743,"dur":18,"pid":1,"tid":0},
{"name":"Derived /Biped/Geom/body_geo.extent","cat":"step","ph":"X","ts":157761,"dur":318,"pid":1,"tid":0},
{"name":"BakedPublish","cat":"baked","ph":"X","ts":158137,"dur":64,"pid":1,"tid":0},
{"name":"BakedEpilogue","cat":"baked","ph":"X","ts":158081,"dur":126,"pid":1,"tid":0},
{"name":"Baked","cat":"baked","ph":"X","ts":156766,"dur":1442,"pid":1,"tid":0},
{"name":"Evaluate.Run","cat":"evaluate","ph":"X","ts":156766,"dur":1442,"pid":1,"tid":0},
{"name":"Evaluate@8","cat":"evaluate","ph":"X","ts":156764,"dur":1445,"pid":1,"tid":0}
],"displayTimeUnit":"ms"}
