{"traceEvents":[
{"name":"Compile.DiscoverValidate","cat":"compile","ph":"X","ts":1,"dur":52317,"pid":1,"tid":0},
{"name":"Digest.OutputSets","cat":"compile","ph":"X","ts":52324,"dur":484,"pid":1,"tid":0},
{"name":"Digest.Solvers","cat":"compile","ph":"X","ts":52808,"dur":281276,"pid":1,"tid":0},
{"name":"Digest.Movers","cat":"compile","ph":"X","ts":334084,"dur":2137,"pid":1,"tid":0},
{"name":"Compile.StructureDigest","cat":"compile","ph":"X","ts":52318,"dur":284813,"pid":1,"tid":0},
{"name":"TapPrepare solverBatch","cat":"compile","ph":"X","ts":352529,"dur":13186,"pid":1,"tid":0},
{"name":"TapPrepare solverBatch","cat":"compile","ph":"X","ts":367218,"dur":1296,"pid":1,"tid":0},
{"name":"TapPrepare solverBatch","cat":"compile","ph":"X","ts":369406,"dur":1232,"pid":1,"tid":0},
{"name":"TapPrepare solverBatch","cat":"compile","ph":"X","ts":372079,"dur":924,"pid":1,"tid":0},
{"name":"TapPrepare solverBatch","cat":"compile","ph":"X","ts":373893,"dur":1468,"pid":1,"tid":0},
{"name":"TapPrepare solverBatch","cat":"compile","ph":"X","ts":376627,"dur":1102,"pid":1,"tid":0},
{"name":"TapPrepare solverBatch","cat":"compile","ph":"X","ts":378985,"dur":1230,"pid":1,"tid":0},
{"name":"TapPrepare solverBatch","cat":"compile","ph":"X","ts":381660,"dur":511,"pid":1,"tid":0},
{"name":"TapPrepare solverBatch","cat":"compile","ph":"X","ts":382331,"dur":545,"pid":1,"tid":0},
{"name":"TapPrepare solverBatch","cat":"compile","ph":"X","ts":383022,"dur":1017,"pid":1,"tid":0},
{"name":"TapPrepare solverBatch","cat":"compile","ph":"X","ts":385147,"dur":3486,"pid":1,"tid":0},
{"name":"TapPrepare solverBatch","cat":"compile","ph":"X","ts":390244,"dur":721,"pid":1,"tid":0},
{"name":"TapPrepare solverBatch","cat":"compile","ph":"X","ts":391113,"dur":3289,"pid":1,"tid":0},
{"name":"TapPrepare solverBatch","cat":"compile","ph":"X","ts":396038,"dur":644,"pid":1,"tid":0},
{"name":"Compile.SolverSchedule","cat":"compile","ph":"X","ts":337131,"dur":59712,"pid":1,"tid":0},
{"name":"TapPrepare poseSeed","cat":"compile","ph":"X","ts":428640,"dur":22796,"pid":1,"tid":0},
{"name":"TapPrepare main","cat":"compile","ph":"X","ts":451438,"dur":12003,"pid":1,"tid":0},
{"name":"TapPrepare guides","cat":"compile","ph":"X","ts":463454,"dur":2005,"pid":1,"tid":0},
{"name":"Compile.PrepareRequests","cat":"compile","ph":"X","ts":396843,"dur":68616,"pid":1,"tid":0},
{"name":"Compile.Commit","cat":"compile","ph":"X","ts":465459,"dur":5,"pid":1,"tid":0},
{"name":"Compile.ChainOrderValidate","cat":"compile","ph":"X","ts":465464,"dur":49,"pid":1,"tid":0},
{"name":"Compile","cat":"compile","ph":"X","ts":0,"dur":466751,"pid":1,"tid":0},
{"name":"PropertyChain /Biped/Rig/Movers/ballRoll_l_down_rc/ballRoll_l_down_rotation.inputs:defaultWeight","cat":"property","ph":"X","ts":466772,"dur":129,"pid":1,"tid":0},
{"name":"PropertyChain /Biped/Rig/Movers/ballRoll_l_up_rc/ballRoll_l_up_rotation.inputs:defaultWeight","cat":"property","ph":"X","ts":466903,"dur":31,"pid":1,"tid":0},
{"name":"PropertyChain /Biped/Rig/Movers/ballRoll_r_down_rc/ballRoll_r_down_rotation.inputs:defaultWeight","cat":"property","ph":"X","ts":466936,"dur":47,"pid":1,"tid":0},
{"name":"PropertyChain /Biped/Rig/Movers/ballRoll_r_up_rc/ballRoll_r_up_rotation.inputs:defaultWeight","cat":"property","ph":"X","ts":466985,"dur":30,"pid":1,"tid":0},
{"name":"PropertyChain /Biped/Rig/Movers/bankIn_l_pivot_rc/bankIn_l_pivot_rotation.inputs:defaultWeight","cat":"property","ph":"X","ts":467017,"dur":26,"pid":1,"tid":0},
{"name":"PropertyChain /Biped/Rig/Movers/bankIn_r_pivot_rc/bankIn_r_pivot_rotation.inputs:defaultWeight","cat":"property","ph":"X","ts":467045,"dur":24,"pid":1,"tid":0},
{"name":"PropertyChain /Biped/Rig/Movers/bankOut_l_pivot_rc/bankOut_l_pivot_rotation.inputs:defaultWeight","cat":"property","ph":"X","ts":467442,"dur":30,"pid":1,"tid":0},
{"name":"PropertyChain /Biped/Rig/Movers/bankOut_r_pivot_rc/bankOut_r_pivot_rotation.inputs:defaultWeight","cat":"property","ph":"X","ts":467473,"dur":23,"pid":1,"tid":0},
{"name":"PropertyChain /Biped/Rig/Movers/heel_l_roll_rc/heel_l_roll_rotation.inputs:defaultWeight","cat":"property","ph":"X","ts":467497,"dur":25,"pid":1,"tid":0},
{"name":"PropertyChain /Biped/Rig/Movers/heel_r_roll_rc/heel_r_roll_rotation.inputs:defaultWeight","cat":"property","ph":"X","ts":467523,"dur":23,"pid":1,"tid":0},
{"name":"PropertyChain /Biped/Rig/Movers/toe_l_roll_rc/toe_l_roll_rotation.inputs:defaultWeight","cat":"property","ph":"X","ts":467548,"dur":42,"pid":1,"tid":0},
{"name":"PropertyChain /Biped/Rig/Movers/toe_r_roll_rc/toe_r_roll_rotation.inputs:defaultWeight","cat":"property","ph":"X","ts":467591,"dur":35,"pid":1,"tid":0},
{"name":"PropertyChains","cat":"property","ph":"X","ts":466763,"dur":864,"pid":1,"tid":0},
{"name":"PoseSeed","cat":"pose","ph":"X","ts":467629,"dur":7915,"pid":1,"tid":0},
{"name":"ExecEvaluate","cat":"exec","ph":"X","ts":476530,"dur":682,"pid":1,"tid":0},
{"name":"SolverBatch L0","cat":"pose","ph":"X","ts":476502,"dur":716,"pid":1,"tid":0},
{"name":"ExecEvaluate","cat":"exec","ph":"X","ts":477231,"dur":531,"pid":1,"tid":0},
{"name":"SolverBatch L0","cat":"pose","ph":"X","ts":477224,"dur":539,"pid":1,"tid":0},
{"name":"ExecEvaluate","cat":"exec","ph":"X","ts":477775,"dur":392,"pid":1,"tid":0},
{"name":"SolverBatch L0","cat":"pose","ph":"X","ts":477764,"dur":404,"pid":1,"tid":0},
{"name":"ExecEvaluate","cat":"exec","ph":"X","ts":478173,"dur":559,"pid":1,"tid":0},
{"name":"SolverBatch L0","cat":"pose","ph":"X","ts":478168,"dur":565,"pid":1,"tid":0},
{"name":"ExecEvaluate","cat":"exec","ph":"X","ts":478745,"dur":379,"pid":1,"tid":0},
{"name":"SolverBatch L0","cat":"pose","ph":"X","ts":478733,"dur":392,"pid":1,"tid":0},
{"name":"ExecEvaluate","cat":"exec","ph":"X","ts":479133,"dur":377,"pid":1,"tid":0},
{"name":"SolverBatch L0","cat":"pose","ph":"X","ts":479125,"dur":386,"pid":1,"tid":0},
{"name":"ExecEvaluate","cat":"exec","ph":"X","ts":479520,"dur":512,"pid":1,"tid":0},
{"name":"SolverBatch L0","cat":"pose","ph":"X","ts":479511,"dur":530,"pid":1,"tid":0},
{"name":"RigExecParentConstraint spine_mid_follow_pos","cat":"pose","ph":"X","ts":480046,"dur":101,"pid":1,"tid":0},
{"name":"ExecEvaluate","cat":"exec","ph":"X","ts":480149,"dur":516,"pid":1,"tid":0},
{"name":"SolverBatch L1","cat":"pose","ph":"X","ts":480147,"dur":674,"pid":1,"tid":0},
{"name":"ExecEvaluate","cat":"exec","ph":"X","ts":480823,"dur":494,"pid":1,"tid":0},
{"name":"SolverBatch L1","cat":"pose","ph":"X","ts":480821,"dur":645,"pid":1,"tid":0},
{"name":"RigExecAimConstraint spine_mid_follow_aim","cat":"pose","ph":"X","ts":481467,"dur":58,"pid":1,"tid":0},
{"name":"ExecEvaluate","cat":"exec","ph":"X","ts":481530,"dur":558,"pid":1,"tid":0},
{"name":"SolverBatch L2","cat":"pose","ph":"X","ts":481525,"dur":570,"pid":1,"tid":0},
{"name":"RigExecRotationConstraint bankIn_r_pivot_rotation","cat":"pose","ph":"X","ts":482096,"dur":7,"pid":1,"tid":0},
{"name":"RigExecRotationConstraint bankOut_r_pivot_rotation","cat":"pose","ph":"X","ts":482104,"dur":4,"pid":1,"tid":0},
{"name":"RigExecRotationConstraint heel_r_roll_rotation","cat":"pose","ph":"X","ts":482110,"dur":4,"pid":1,"tid":0},
{"name":"RigExecRotationConstraint toe_r_roll_rotation","cat":"pose","ph":"X","ts":482115,"dur":7,"pid":1,"tid":0},
{"name":"ExecEvaluate","cat":"exec","ph":"X","ts":482133,"dur":848,"pid":1,"tid":0},
{"name":"SolverBatch L6","cat":"pose","ph":"X","ts":482122,"dur":860,"pid":1,"tid":0},
{"name":"RigExecRotationConstraint ballRoll_r_up_rotation","cat":"pose","ph":"X","ts":482982,"dur":13,"pid":1,"tid":0},
{"name":"ExecEvaluate","cat":"exec","ph":"X","ts":482997,"dur":642,"pid":1,"tid":0},
{"name":"SolverBatch L7","cat":"pose","ph":"X","ts":482996,"dur":765,"pid":1,"tid":0},
{"name":"RigExecRotationConstraint ballRoll_r_down_rotation","cat":"pose","ph":"X","ts":483761,"dur":10,"pid":1,"tid":0},
{"name":"RigExecAimConstraint ankle_r_bind_aim","cat":"pose","ph":"X","ts":483771,"dur":131,"pid":1,"tid":0},
{"name":"RigExecAimConstraint ball_r_bind_aim","cat":"pose","ph":"X","ts":483903,"dur":93,"pid":1,"tid":0},
{"name":"RigExecRotationConstraint bankIn_l_pivot_rotation","cat":"pose","ph":"X","ts":483996,"dur":5,"pid":1,"tid":0},
{"name":"RigExecRotationConstraint bankOut_l_pivot_rotation","cat":"pose","ph":"X","ts":484001,"dur":4,"pid":1,"tid":0},
{"name":"RigExecRotationConstraint heel_l_roll_rotation","cat":"pose","ph":"X","ts":484005,"dur":4,"pid":1,"tid":0},
{"name":"RigExecRotationConstraint toe_l_roll_rotation","cat":"pose","ph":"X","ts":484010,"dur":6,"pid":1,"tid":0},
{"name":"ExecEvaluate","cat":"exec","ph":"X","ts":484028,"dur":791,"pid":1,"tid":0},
{"name":"SolverBatch L14","cat":"pose","ph":"X","ts":484016,"dur":804,"pid":1,"tid":0},
{"name":"RigExecRotationConstraint ballRoll_l_up_rotation","cat":"pose","ph":"X","ts":484821,"dur":10,"pid":1,"tid":0},
{"name":"ExecEvaluate","cat":"exec","ph":"X","ts":484834,"dur":744,"pid":1,"tid":0},
{"name":"SolverBatch L15","cat":"pose","ph":"X","ts":484832,"dur":872,"pid":1,"tid":0},
{"name":"RigExecRotationConstraint ballRoll_l_down_rotation","cat":"pose","ph":"X","ts":485704,"dur":10,"pid":1,"tid":0},
{"name":"RigExecAimConstraint ankle_l_bind_aim","cat":"pose","ph":"X","ts":485714,"dur":123,"pid":1,"tid":0},
{"name":"RigExecAimConstraint ball_l_bind_aim","cat":"pose","ph":"X","ts":485837,"dur":93,"pid":1,"tid":0},
{"name":"RigExecParentConstraint spine_root_ctl_drives_hips_bind","cat":"pose","ph":"X","ts":485930,"dur":1113,"pid":1,"tid":0},
{"name":"RigExecScaleConstraint spine_root_ctl_scales_hips_bind","cat":"pose","ph":"X","ts":487043,"dur":1002,"pid":1,"tid":0},
{"name":"RigExecScaleConstraint spine_ik_spine_0_bind_scale_to_spine_0_bind","cat":"pose","ph":"X","ts":488045,"dur":749,"pid":1,"tid":0},
{"name":"RigExecParentConstraint spine_ik_spine_0_bind_to_spine_0_bind","cat":"pose","ph":"X","ts":488794,"dur":743,"pid":1,"tid":0},
{"name":"RigExecScaleConstraint spine_ik_spine_1_bind_scale_to_spine_1_bind","cat":"pose","ph":"X","ts":489537,"dur":688,"pid":1,"tid":0},
{"name":"RigExecParentConstraint spine_ik_spine_1_bind_to_spine_1_bind","cat":"pose","ph":"X","ts":490225,"dur":687,"pid":1,"tid":0},
{"name":"RigExecScaleConstraint spine_ik_spine_2_bind_scale_to_spine_2_bind","cat":"pose","ph":"X","ts":490912,"dur":643,"pid":1,"tid":0},
{"name":"RigExecParentConstraint spine_ik_spine_2_bind_to_spine_2_bind","cat":"pose","ph":"X","ts":491555,"dur":639,"pid":1,"tid":0},
{"name":"RigExecScaleConstraint spine_ik_spine_3_bind_scale_to_spine_3_bind","cat":"pose","ph":"X","ts":492195,"dur":598,"pid":1,"tid":0},
{"name":"RigExecParentConstraint spine_ik_spine_3_bind_to_spine_3_bind","cat":"pose","ph":"X","ts":492793,"dur":598,"pid":1,"tid":0},
{"name":"RigExecScaleConstraint spine_ik_spine_4_bind_scale_to_spine_4_bind","cat":"pose","ph":"X","ts":493391,"dur":551,"pid":1,"tid":0},
{"name":"RigExecParentConstraint spine_ik_spine_4_bind_to_spine_4_bind","cat":"pose","ph":"X","ts":493942,"dur":553,"pid":1,"tid":0},
{"name":"RigExecScaleConstraint spine_ik_spine_5_bind_scale_to_spine_5_bind","cat":"pose","ph":"X","ts":494495,"dur":510,"pid":1,"tid":0},
{"name":"RigExecParentConstraint spine_ik_spine_5_bind_to_spine_5_bind","cat":"pose","ph":"X","ts":495006,"dur":514,"pid":1,"tid":0},
{"name":"RigExecScaleConstraint spine_ik_chest_bind_scale_to_chest_bind","cat":"pose","ph":"X","ts":495520,"dur":468,"pid":1,"tid":0},
{"name":"RigExecParentConstraint spine_ik_chest_bind_to_chest_bind","cat":"pose","ph":"X","ts":495988,"dur":469,"pid":1,"tid":0},
{"name":"RigExecParentConstraint spine_end_ctl_drives_chest_bind","cat":"pose","ph":"X","ts":496457,"dur":470,"pid":1,"tid":0},
{"name":"RigExecPositionConstraint pelvis_r_ctl_drives_pelvis_r_bind","cat":"pose","ph":"X","ts":496928,"dur":108,"pid":1,"tid":0},
{"name":"RigExecPositionConstraint pelvis_l_ctl_drives_pelvis_l_bind","cat":"pose","ph":"X","ts":497037,"dur":101,"pid":1,"tid":0},
{"name":"RigExecPositionConstraint clavicle_r_ctl_drives_clavicle_r_bind","cat":"pose","ph":"X","ts":497139,"dur":120,"pid":1,"tid":0},
{"name":"RigExecPositionConstraint clavicle_l_ctl_drives_clavicle_l_bind","cat":"pose","ph":"X","ts":497260,"dur":112,"pid":1,"tid":0},
{"name":"RigExecScaleConstraint neck_ik_neck_0_bind_scale_to_neck_0_bind","cat":"pose","ph":"X","ts":497372,"dur":192,"pid":1,"tid":0},
{"name":"RigExecParentConstraint neck_ik_neck_0_bind_to_neck_0_bind","cat":"pose","ph":"X","ts":497565,"dur":194,"pid":1,"tid":0},
{"name":"RigExecScaleConstraint neck_ik_neck_1_bind_scale_to_neck_1_bind","cat":"pose","ph":"X","ts":497759,"dur":165,"pid":1,"tid":0},
{"name":"RigExecParentConstraint neck_ik_neck_1_bind_to_neck_1_bind","cat":"pose","ph":"X","ts":497924,"dur":168,"pid":1,"tid":0},
{"name":"RigExecScaleConstraint neck_ik_neck_2_bind_scale_to_neck_2_bind","cat":"pose","ph":"X","ts":498093,"dur":142,"pid":1,"tid":0},
{"name":"RigExecParentConstraint neck_ik_neck_2_bind_to_neck_2_bind","cat":"pose","ph":"X","ts":498236,"dur":144,"pid":1,"tid":0},
{"name":"RigExecScaleConstraint neck_ik_neck_3_bind_scale_to_neck_3_bind","cat":"pose","ph":"X","ts":498381,"dur":116,"pid":1,"tid":0},
{"name":"RigExecParentConstraint neck_ik_neck_3_bind_to_neck_3_bind","cat":"pose","ph":"X","ts":498498,"dur":119,"pid":1,"tid":0},
{"name":"RigExecScaleConstraint neck_ik_skull_bind_scale_to_skull_bind","cat":"pose","ph":"X","ts":498617,"dur":94,"pid":1,"tid":0},
{"name":"RigExecParentConstraint neck_ik_skull_bind_to_skull_bind","cat":"pose","ph":"X","ts":498711,"dur":97,"pid":1,"tid":0},
{"name":"RigExecAimConstraint pelvis_trans_r_bind_aim","cat":"pose","ph":"X","ts":498808,"dur":23,"pid":1,"tid":0},
{"name":"RigExecAimConstraint pelvis_trans_l_bind_aim","cat":"pose","ph":"X","ts":498832,"dur":22,"pid":1,"tid":0},
{"name":"RigExecAimConstraint kneeTwist_r_bind_aim","cat":"pose","ph":"X","ts":498854,"dur":20,"pid":1,"tid":0},
{"name":"RigExecAimConstraint kneeTwist_l_bind_aim","cat":"pose","ph":"X","ts":498874,"dur":19,"pid":1,"tid":0},
{"name":"RigExecAimConstraint thighNoTwist_r_bind_aim","cat":"pose","ph":"X","ts":498893,"dur":15,"pid":1,"tid":0},
{"name":"RigExecAimConstraint thighNoTwist_l_bind_aim","cat":"pose","ph":"X","ts":498909,"dur":15,"pid":1,"tid":0},
{"name":"RigExecAimConstraint clavicle_trans_r_bind_aim","cat":"pose","ph":"X","ts":498924,"dur":26,"pid":1,"tid":0},
{"name":"RigExecAimConstraint clavicle_trans_l_bind_aim","cat":"pose","ph":"X","ts":498950,"dur":19,"pid":1,"tid":0},
{"name":"RigExecAimConstraint elbowTwist_r_bind_aim","cat":"pose","ph":"X","ts":498970,"dur":17,"pid":1,"tid":0},
{"name":"RigExecAimConstraint elbowTwist_l_bind_aim","cat":"pose","ph":"X","ts":498987,"dur":18,"pid":1,"tid":0},
{"name":"RigExecAimConstraint shoulderNoTwist_r_bind_aim","cat":"pose","ph":"X","ts":499005,"dur":16,"pid":1,"tid":0},
{"name":"RigExecAimConstraint shoulderNoTwist_l_bind_aim","cat":"pose","ph":"X","ts":499026,"dur":15,"pid":1,"tid":0},
{"name":"RigExecParentConstraint leg_r_params_to_ankle_r_bind","cat":"pose","ph":"X","ts":499041,"dur":18,"pid":1,"tid":0},
{"name":"RigExecParentConstraint leg_l_params_to_ankle_l_bind","cat":"pose","ph":"X","ts":499059,"dur":16,"pid":1,"tid":0},
{"name":"RigExecParentConstraint arm_r_params_to_wrist_r_bind","cat":"pose","ph":"X","ts":499075,"dur":16,"pid":1,"tid":0},
{"name":"RigExecParentConstraint arm_l_params_to_wrist_l_bind","cat":"pose","ph":"X","ts":499091,"dur":16,"pid":1,"tid":0},
{"name":"AuthoritativeSnapshot","cat":"exec","ph":"X","ts":499724,"dur":14425,"pid":1,"tid":0},
{"name":"SolverGuides","cat":"exec","ph":"X","ts":515001,"dur":3010,"pid":1,"tid":0},
{"name":"Assemble body_geo_skin","cat":"geometry","ph":"X","ts":518509,"dur":1179,"pid":1,"tid":0},
{"name":"GraphEvaluate","cat":"geometry","ph":"X","ts":520028,"dur":957,"pid":1,"tid":0},
{"name":"AssembleDerived extent","cat":"geometry","ph":"X","ts":521007,"dur":374,"pid":1,"tid":0},
{"name":"DerivedEvaluate","cat":"geometry","ph":"X","ts":521532,"dur":297,"pid":1,"tid":0},
{"name":"Derived /Biped/Geom/body_geo.points","cat":"geometry","ph":"X","ts":520994,"dur":837,"pid":1,"tid":0},
{"name":"Chain /Biped/Geom/body_geo.points","cat":"geometry","ph":"X","ts":518218,"dur":3614,"pid":1,"tid":0},
{"name":"Evaluate@1","cat":"evaluate","ph":"X","ts":466762,"dur":55307,"pid":1,"tid":0},
{"name":"PropertyChain /Biped/Rig/Movers/ballRoll_l_down_rc/ballRoll_l_down_rotation.inputs:defaultWeight","cat":"property","ph":"X","ts":522282,"dur":90,"pid":1,"tid":0},
{"name":"PropertyChain /Biped/Rig/Movers/ballRoll_l_up_rc/ballRoll_l_up_rotation.inputs:defaultWeight","cat":"property","ph":"X","ts":522372,"dur":31,"pid":1,"tid":0},
{"name":"PropertyChain /Biped/Rig/Movers/ballRoll_r_down_rc/ballRoll_r_down_rotation.inputs:defaultWeight","cat":"property","ph":"X","ts":522404,"dur":48,"pid":1,"tid":0},
{"name":"PropertyChain /Biped/Rig/Movers/ballRoll_r_up_rc/ballRoll_r_up_rotation.inputs:defaultWeight","cat":"property","ph":"X","ts":522452,"dur":27,"pid":1,"tid":0},
{"name":"PropertyChain /Biped/Rig/Movers/bankIn_l_pivot_rc/bankIn_l_pivot_rotation.inputs:defaultWeight","cat":"property","ph":"X","ts":522479,"dur":30,"pid":1,"tid":0},
{"name":"PropertyChain /Biped/Rig/Movers/bankIn_r_pivot_rc/bankIn_r_pivot_rotation.inputs:defaultWeight","cat":"property","ph":"X","ts":522510,"dur":23,"pid":1,"tid":0},
{"name":"PropertyChain /Biped/Rig/Movers/bankOut_l_pivot_rc/bankOut_l_pivot_rotation.inputs:defaultWeight","cat":"property","ph":"X","ts":522534,"dur":24,"pid":1,"tid":0},
{"name":"PropertyChain /Biped/Rig/Movers/bankOut_r_pivot_rc/bankOut_r_pivot_rotation.inputs:defaultWeight","cat":"property","ph":"X","ts":522559,"dur":22,"pid":1,"tid":0},
{"name":"PropertyChain /Biped/Rig/Movers/heel_l_roll_rc/heel_l_roll_rotation.inputs:defaultWeight","cat":"property","ph":"X","ts":522581,"dur":25,"pid":1,"tid":0},
{"name":"PropertyChain /Biped/Rig/Movers/heel_r_roll_rc/heel_r_roll_rotation.inputs:defaultWeight","cat":"property","ph":"X","ts":522606,"dur":21,"pid":1,"tid":0},
{"name":"PropertyChain /Biped/Rig/Movers/toe_l_roll_rc/toe_l_roll_rotation.inputs:defaultWeight","cat":"property","ph":"X","ts":522628,"dur":37,"pid":1,"tid":0},
{"name":"PropertyChain /Biped/Rig/Movers/toe_r_roll_rc/toe_r_roll_rotation.inputs:defaultWeight","cat":"property","ph":"X","ts":522665,"dur":36,"pid":1,"tid":0},
{"name":"PropertyChains","cat":"property","ph":"X","ts":522280,"dur":422,"pid":1,"tid":0},
{"name":"PoseSeed","cat":"pose","ph":"X","ts":522703,"dur":17217,"pid":1,"tid":0},
{"name":"ExecEvaluate","cat":"exec","ph":"X","ts":540787,"dur":568,"pid":1,"tid":0},
{"name":"SolverBatch L0","cat":"pose","ph":"X","ts":540764,"dur":593,"pid":1,"tid":0},
{"name":"ExecEvaluate","cat":"exec","ph":"X","ts":541364,"dur":595,"pid":1,"tid":0},
{"name":"SolverBatch L0","cat":"pose","ph":"X","ts":541358,"dur":602,"pid":1,"tid":0},
{"name":"ExecEvaluate","cat":"exec","ph":"X","ts":541974,"dur":450,"pid":1,"tid":0},
{"name":"SolverBatch L0","cat":"pose","ph":"X","ts":541960,"dur":464,"pid":1,"tid":0},
{"name":"ExecEvaluate","cat":"exec","ph":"X","ts":542431,"dur":575,"pid":1,"tid":0},
{"name":"SolverBatch L0","cat":"pose","ph":"X","ts":542425,"dur":582,"pid":1,"tid":0},
{"name":"ExecEvaluate","cat":"exec","ph":"X","ts":543018,"dur":402,"pid":1,"tid":0},
{"name":"SolverBatch L0","cat":"pose","ph":"X","ts":543007,"dur":413,"pid":1,"tid":0},
{"name":"ExecEvaluate","cat":"exec","ph":"X","ts":543430,"dur":410,"pid":1,"tid":0},
{"name":"SolverBatch L0","cat":"pose","ph":"X","ts":543421,"dur":420,"pid":1,"tid":0},
{"name":"ExecEvaluate","cat":"exec","ph":"X","ts":543852,"dur":522,"pid":1,"tid":0},
{"name":"SolverBatch L0","cat":"pose","ph":"X","ts":543842,"dur":539,"pid":1,"tid":0},
{"name":"RigExecParentConstraint spine_mid_follow_pos","cat":"pose","ph":"X","ts":544383,"dur":82,"pid":1,"tid":0},
{"name":"ExecEvaluate","cat":"exec","ph":"X","ts":544467,"dur":519,"pid":1,"tid":0},
{"name":"SolverBatch L1","cat":"pose","ph":"X","ts":544465,"dur":676,"pid":1,"tid":0},
{"name":"ExecEvaluate","cat":"exec","ph":"X","ts":545143,"dur":471,"pid":1,"tid":0},
{"name":"SolverBatch L1","cat":"pose","ph":"X","ts":545141,"dur":624,"pid":1,"tid":0},
{"name":"RigExecAimConstraint spine_mid_follow_aim","cat":"pose","ph":"X","ts":545766,"dur":53,"pid":1,"tid":0},
{"name":"ExecEvaluate","cat":"exec","ph":"X","ts":545825,"dur":537,"pid":1,"tid":0},
{"name":"SolverBatch L2","cat":"pose","ph":"X","ts":545820,"dur":548,"pid":1,"tid":0},
{"name":"RigExecRotationConstraint bankIn_r_pivot_rotation","cat":"pose","ph":"X","ts":546369,"dur":8,"pid":1,"tid":0},
{"name":"RigExecRotationConstraint bankOut_r_pivot_rotation","cat":"pose","ph":"X","ts":546377,"dur":4,"pid":1,"tid":0},
{"name":"RigExecRotationConstraint heel_r_roll_rotation","cat":"pose","ph":"X","ts":546382,"dur":5,"pid":1,"tid":0},
{"name":"RigExecRotationConstraint toe_r_roll_rotation","cat":"pose","ph":"X","ts":546387,"dur":8,"pid":1,"tid":0},
{"name":"ExecEvaluate","cat":"exec","ph":"X","ts":546408,"dur":758,"pid":1,"tid":0},
{"name":"SolverBatch L6","cat":"pose","ph":"X","ts":546395,"dur":772,"pid":1,"tid":0},
{"name":"RigExecRotationConstraint ballRoll_r_up_rotation","cat":"pose","ph":"X","ts":547168,"dur":10,"pid":1,"tid":0},
{"name":"ExecEvaluate","cat":"exec","ph":"X","ts":547180,"dur":665,"pid":1,"tid":0},
{"name":"SolverBatch L7","cat":"pose","ph":"X","ts":547178,"dur":785,"pid":1,"tid":0},
{"name":"RigExecRotationConstraint ballRoll_r_down_rotation","cat":"pose","ph":"X","ts":547963,"dur":9,"pid":1,"tid":0},
{"name":"RigExecAimConstraint ankle_r_bind_aim","cat":"pose","ph":"X","ts":547973,"dur":126,"pid":1,"tid":0},
{"name":"RigExecAimConstraint ball_r_bind_aim","cat":"pose","ph":"X","ts":548099,"dur":92,"pid":1,"tid":0},
{"name":"RigExecRotationConstraint bankIn_l_pivot_rotation","cat":"pose","ph":"X","ts":548191,"dur":4,"pid":1,"tid":0},
{"name":"RigExecRotationConstraint bankOut_l_pivot_rotation","cat":"pose","ph":"X","ts":548196,"dur":3,"pid":1,"tid":0},
{"name":"RigExecRotationConstraint heel_l_roll_rotation","cat":"pose","ph":"X","ts":548200,"dur":4,"pid":1,"tid":0},
{"name":"RigExecRotationConstraint toe_l_roll_rotation","cat":"pose","ph":"X","ts":548204,"dur":6,"pid":1,"tid":0},
{"name":"ExecEvaluate","cat":"exec","ph":"X","ts":548231,"dur":771,"pid":1,"tid":0},
{"name":"SolverBatch L14","cat":"pose","ph":"X","ts":548211,"dur":792,"pid":1,"tid":0},
{"name":"RigExecRotationConstraint ballRoll_l_up_rotation","cat":"pose","ph":"X","ts":549003,"dur":11,"pid":1,"tid":0},
{"name":"ExecEvaluate","cat":"exec","ph":"X","ts":549016,"dur":699,"pid":1,"tid":0},
{"name":"SolverBatch L15","cat":"pose","ph":"X","ts":549014,"dur":820,"pid":1,"tid":0},
{"name":"RigExecRotationConstraint ballRoll_l_down_rotation","cat":"pose","ph":"X","ts":549834,"dur":9,"pid":1,"tid":0},
{"name":"RigExecAimConstraint ankle_l_bind_aim","cat":"pose","ph":"X","ts":549844,"dur":119,"pid":1,"tid":0},
{"name":"RigExecAimConstraint ball_l_bind_aim","cat":"pose","ph":"X","ts":549964,"dur":91,"pid":1,"tid":0},
{"name":"RigExecParentConstraint spine_root_ctl_drives_hips_bind","cat":"pose","ph":"X","ts":550055,"dur":1099,"pid":1,"tid":0},
{"name":"RigExecScaleConstraint spine_root_ctl_scales_hips_bind","cat":"pose","ph":"X","ts":551155,"dur":992,"pid":1,"tid":0},
{"name":"RigExecScaleConstraint spine_ik_spine_0_bind_scale_to_spine_0_bind","cat":"pose","ph":"X","ts":552148,"dur":746,"pid":1,"tid":0},
{"name":"RigExecParentConstraint spine_ik_spine_0_bind_to_spine_0_bind","cat":"pose","ph":"X","ts":552894,"dur":744,"pid":1,"tid":0},
{"name":"RigExecScaleConstraint spine_ik_spine_1_bind_scale_to_spine_1_bind","cat":"pose","ph":"X","ts":553638,"dur":688,"pid":1,"tid":0},
{"name":"RigExecParentConstraint spine_ik_spine_1_bind_to_spine_1_bind","cat":"pose","ph":"X","ts":554326,"dur":686,"pid":1,"tid":0},
{"name":"RigExecScaleConstraint spine_ik_spine_2_bind_scale_to_spine_2_bind","cat":"pose","ph":"X","ts":555012,"dur":644,"pid":1,"tid":0},
{"name":"RigExecParentConstraint spine_ik_spine_2_bind_to_spine_2_bind","cat":"pose","ph":"X","ts":555656,"dur":647,"pid":1,"tid":0},
{"name":"RigExecScaleConstraint spine_ik_spine_3_bind_scale_to_spine_3_bind","cat":"pose","ph":"X","ts":556303,"dur":599,"pid":1,"tid":0},
{"name":"RigExecParentConstraint spine_ik_spine_3_bind_to_spine_3_bind","cat":"pose","ph":"X","ts":556903,"dur":605,"pid":1,"tid":0},
{"name":"RigExecScaleConstraint spine_ik_spine_4_bind_scale_to_spine_4_bind","cat":"pose","ph":"X","ts":557509,"dur":554,"pid":1,"tid":0},
{"name":"RigExecParentConstraint spine_ik_spine_4_bind_to_spine_4_bind","cat":"pose","ph":"X","ts":558064,"dur":554,"pid":1,"tid":0},
{"name":"RigExecScaleConstraint spine_ik_spine_5_bind_scale_to_spine_5_bind","cat":"pose","ph":"X","ts":558618,"dur":510,"pid":1,"tid":0},
{"name":"RigExecParentConstraint spine_ik_spine_5_bind_to_spine_5_bind","cat":"pose","ph":"X","ts":559129,"dur":513,"pid":1,"tid":0},
{"name":"RigExecScaleConstraint spine_ik_chest_bind_scale_to_chest_bind","cat":"pose","ph":"X","ts":559642,"dur":467,"pid":1,"tid":0},
{"name":"RigExecParentConstraint spine_ik_chest_bind_to_chest_bind","cat":"pose","ph":"X","ts":560110,"dur":468,"pid":1,"tid":0},
{"name":"RigExecParentConstraint spine_end_ctl_drives_chest_bind","cat":"pose","ph":"X","ts":560579,"dur":468,"pid":1,"tid":0},
{"name":"RigExecPositionConstraint pelvis_r_ctl_drives_pelvis_r_bind","cat":"pose","ph":"X","ts":561047,"dur":109,"pid":1,"tid":0},
{"name":"RigExecPositionConstraint pelvis_l_ctl_drives_pelvis_l_bind","cat":"pose","ph":"X","ts":561156,"dur":105,"pid":1,"tid":0},
{"name":"RigExecPositionConstraint clavicle_r_ctl_drives_clavicle_r_bind","cat":"pose","ph":"X","ts":561261,"dur":119,"pid":1,"tid":0},
{"name":"RigExecPositionConstraint clavicle_l_ctl_drives_clavicle_l_bind","cat":"pose","ph":"X","ts":561380,"dur":113,"pid":1,"tid":0},
{"name":"RigExecScaleConstraint neck_ik_neck_0_bind_scale_to_neck_0_bind","cat":"pose","ph":"X","ts":561493,"dur":192,"pid":1,"tid":0},
{"name":"RigExecParentConstraint neck_ik_neck_0_bind_to_neck_0_bind","cat":"pose","ph":"X","ts":561686,"dur":193,"pid":1,"tid":0},
{"name":"RigExecScaleConstraint neck_ik_neck_1_bind_scale_to_neck_1_bind","cat":"pose","ph":"X","ts":561880,"dur":165,"pid":1,"tid":0},
{"name":"RigExecParentConstraint neck_ik_neck_1_bind_to_neck_1_bind","cat":"pose","ph":"X","ts":562045,"dur":167,"pid":1,"tid":0},
{"name":"RigExecScaleConstraint neck_ik_neck_2_bind_scale_to_neck_2_bind","cat":"pose","ph":"X","ts":562213,"dur":141,"pid":1,"tid":0},
{"name":"RigExecParentConstraint neck_ik_neck_2_bind_to_neck_2_bind","cat":"pose","ph":"X","ts":562355,"dur":144,"pid":1,"tid":0},
{"name":"RigExecScaleConstraint neck_ik_neck_3_bind_scale_to_neck_3_bind","cat":"pose","ph":"X","ts":562499,"dur":117,"pid":1,"tid":0},
{"name":"RigExecParentConstraint neck_ik_neck_3_bind_to_neck_3_bind","cat":"pose","ph":"X","ts":562616,"dur":120,"pid":1,"tid":0},
{"name":"RigExecScaleConstraint neck_ik_skull_bind_scale_to_skull_bind","cat":"pose","ph":"X","ts":562736,"dur":93,"pid":1,"tid":0},
{"name":"RigExecParentConstraint neck_ik_skull_bind_to_skull_bind","cat":"pose","ph":"X","ts":562830,"dur":96,"pid":1,"tid":0},
{"name":"RigExecAimConstraint pelvis_trans_r_bind_aim","cat":"pose","ph":"X","ts":562927,"dur":23,"pid":1,"tid":0},
{"name":"RigExecAimConstraint pelvis_trans_l_bind_aim","cat":"pose","ph":"X","ts":562950,"dur":22,"pid":1,"tid":0},
{"name":"RigExecAimConstraint kneeTwist_r_bind_aim","cat":"pose","ph":"X","ts":562973,"dur":19,"pid":1,"tid":0},
{"name":"RigExecAimConstraint kneeTwist_l_bind_aim","cat":"pose","ph":"X","ts":562993,"dur":18,"pid":1,"tid":0},
{"name":"RigExecAimConstraint thighNoTwist_r_bind_aim","cat":"pose","ph":"X","ts":563012,"dur":16,"pid":1,"tid":0},
{"name":"RigExecAimConstraint thighNoTwist_l_bind_aim","cat":"pose","ph":"X","ts":563028,"dur":16,"pid":1,"tid":0},
{"name":"RigExecAimConstraint clavicle_trans_r_bind_aim","cat":"pose","ph":"X","ts":563044,"dur":21,"pid":1,"tid":0},
{"name":"RigExecAimConstraint clavicle_trans_l_bind_aim","cat":"pose","ph":"X","ts":563065,"dur":24,"pid":1,"tid":0},
{"name":"RigExecAimConstraint elbowTwist_r_bind_aim","cat":"pose","ph":"X","ts":563089,"dur":18,"pid":1,"tid":0},
{"name":"RigExecAimConstraint elbowTwist_l_bind_aim","cat":"pose","ph":"X","ts":563107,"dur":17,"pid":1,"tid":0},
{"name":"RigExecAimConstraint shoulderNoTwist_r_bind_aim","cat":"pose","ph":"X","ts":563125,"dur":15,"pid":1,"tid":0},
{"name":"RigExecAimConstraint shoulderNoTwist_l_bind_aim","cat":"pose","ph":"X","ts":563141,"dur":15,"pid":1,"tid":0},
{"name":"RigExecParentConstraint leg_r_params_to_ankle_r_bind","cat":"pose","ph":"X","ts":563156,"dur":17,"pid":1,"tid":0},
{"name":"RigExecParentConstraint leg_l_params_to_ankle_l_bind","cat":"pose","ph":"X","ts":563174,"dur":16,"pid":1,"tid":0},
{"name":"RigExecParentConstraint arm_r_params_to_wrist_r_bind","cat":"pose","ph":"X","ts":563190,"dur":16,"pid":1,"tid":0},
{"name":"RigExecParentConstraint arm_l_params_to_wrist_l_bind","cat":"pose","ph":"X","ts":563206,"dur":18,"pid":1,"tid":0},
{"name":"AuthoritativeSnapshot","cat":"exec","ph":"X","ts":563843,"dur":13890,"pid":1,"tid":0},
{"name":"SolverGuides","cat":"exec","ph":"X","ts":578590,"dur":2855,"pid":1,"tid":0},
{"name":"Assemble body_geo_skin","cat":"geometry","ph":"X","ts":581855,"dur":1165,"pid":1,"tid":0},
{"name":"GraphEvaluate","cat":"geometry","ph":"X","ts":583086,"dur":879,"pid":1,"tid":0},
{"name":"AssembleDerived extent","cat":"geometry","ph":"X","ts":583983,"dur":47,"pid":1,"tid":0},
{"name":"DerivedEvaluate","cat":"geometry","ph":"X","ts":584071,"dur":72,"pid":1,"tid":0},
{"name":"Derived /Biped/Geom/body_geo.points","cat":"geometry","ph":"X","ts":583972,"dur":173,"pid":1,"tid":0},
{"name":"Chain /Biped/Geom/body_geo.points","cat":"geometry","ph":"X","ts":581640,"dur":2509,"pid":1,"tid":0},
{"name":"Evaluate@2","cat":"evaluate","ph":"X","ts":522251,"dur":62116,"pid":1,"tid":0},
{"name":"PropertyChain /Biped/Rig/Movers/ballRoll_l_down_rc/ballRoll_l_down_rotation.inputs:defaultWeight","cat":"property","ph":"X","ts":584508,"dur":92,"pid":1,"tid":0},
{"name":"PropertyChain /Biped/Rig/Movers/ballRoll_l_up_rc/ballRoll_l_up_rotation.inputs:defaultWeight","cat":"property","ph":"X","ts":584601,"dur":30,"pid":1,"tid":0},
{"name":"PropertyChain /Biped/Rig/Movers/ballRoll_r_down_rc/ballRoll_r_down_rotation.inputs:defaultWeight","cat":"property","ph":"X","ts":584632,"dur":49,"pid":1,"tid":0},
{"name":"PropertyChain /Biped/Rig/Movers/ballRoll_r_up_rc/ballRoll_r_up_rotation.inputs:defaultWeight","cat":"property","ph":"X","ts":584681,"dur":28,"pid":1,"tid":0},
{"name":"PropertyChain /Biped/Rig/Movers/bankIn_l_pivot_rc/bankIn_l_pivot_rotation.inputs:defaultWeight","cat":"property","ph":"X","ts":584710,"dur":30,"pid":1,"tid":0},
{"name":"PropertyChain /Biped/Rig/Movers/bankIn_r_pivot_rc/bankIn_r_pivot_rotation.inputs:defaultWeight","cat":"property","ph":"X","ts":584741,"dur":24,"pid":1,"tid":0},
{"name":"PropertyChain /Biped/Rig/Movers/bankOut_l_pivot_rc/bankOut_l_pivot_rotation.inputs:defaultWeight","cat":"property","ph":"X","ts":584766,"dur":24,"pid":1,"tid":0},
{"name":"PropertyChain /Biped/Rig/Movers/bankOut_r_pivot_rc/bankOut_r_pivot_rotation.inputs:defaultWeight","cat":"property","ph":"X","ts":584790,"dur":24,"pid":1,"tid":0},
{"name":"PropertyChain /Biped/Rig/Movers/heel_l_roll_rc/heel_l_roll_rotation.inputs:defaultWeight","cat":"property","ph":"X","ts":584815,"dur":22,"pid":1,"tid":0},
{"name":"PropertyChain /Biped/Rig/Movers/heel_r_roll_rc/heel_r_roll_rotation.inputs:defaultWeight","cat":"property","ph":"X","ts":584838,"dur":21,"pid":1,"tid":0},
{"name":"PropertyChain /Biped/Rig/Movers/toe_l_roll_rc/toe_l_roll_rotation.inputs:defaultWeight","cat":"property","ph":"X","ts":584860,"dur":40,"pid":1,"tid":0},
{"name":"PropertyChain /Biped/Rig/Movers/toe_r_roll_rc/toe_r_roll_rotation.inputs:defaultWeight","cat":"property","ph":"X","ts":584900,"dur":37,"pid":1,"tid":0},
{"name":"PropertyChains","cat":"property","ph":"X","ts":584505,"dur":433,"pid":1,"tid":0},
{"name":"PoseSeed","cat":"pose","ph":"X","ts":584939,"dur":17177,"pid":1,"tid":0},
{"name":"ExecEvaluate","cat":"exec","ph":"X","ts":603123,"dur":749,"pid":1,"tid":0},
{"name":"SolverBatch L0","cat":"pose","ph":"X","ts":603097,"dur":778,"pid":1,"tid":0},
{"name":"ExecEvaluate","cat":"exec","ph":"X","ts":603882,"dur":607,"pid":1,"tid":0},
{"name":"SolverBatch L0","cat":"pose","ph":"X","ts":603875,"dur":615,"pid":1,"tid":0},
{"name":"ExecEvaluate","cat":"exec","ph":"X","ts":604503,"dur":455,"pid":1,"tid":0},
{"name":"SolverBatch L0","cat":"pose","ph":"X","ts":604491,"dur":468,"pid":1,"tid":0},
{"name":"ExecEvaluate","cat":"exec","ph":"X","ts":604966,"dur":600,"pid":1,"tid":0},
{"name":"SolverBatch L0","cat":"pose","ph":"X","ts":604959,"dur":608,"pid":1,"tid":0},
{"name":"ExecEvaluate","cat":"exec","ph":"X","ts":605577,"dur":405,"pid":1,"tid":0},
{"name":"SolverBatch L0","cat":"pose","ph":"X","ts":605568,"dur":415,"pid":1,"tid":0},
{"name":"ExecEvaluate","cat":"exec","ph":"X","ts":605992,"dur":402,"pid":1,"tid":0},
{"name":"SolverBatch L0","cat":"pose","ph":"X","ts":605983,"dur":412,"pid":1,"tid":0},
{"name":"ExecEvaluate","cat":"exec","ph":"X","ts":606404,"dur":586,"pid":1,"tid":0},
{"name":"SolverBatch L0","cat":"pose","ph":"X","ts":606395,"dur":602,"pid":1,"tid":0},
{"name":"RigExecParentConstraint spine_mid_follow_pos","cat":"pose","ph":"X","ts":606999,"dur":81,"pid":1,"tid":0},
{"name":"ExecEvaluate","cat":"exec","ph":"X","ts":607082,"dur":543,"pid":1,"tid":0},
{"name":"SolverBatch L1","cat":"pose","ph":"X","ts":607080,"dur":695,"pid":1,"tid":0},
{"name":"ExecEvaluate","cat":"exec","ph":"X","ts":607777,"dur":528,"pid":1,"tid":0},
{"name":"SolverBatch L1","cat":"pose","ph":"X","ts":607775,"dur":681,"pid":1,"tid":0},
{"name":"RigExecAimConstraint spine_mid_follow_aim","cat":"pose","ph":"X","ts":608456,"dur":52,"pid":1,"tid":0},
{"name":"ExecEvaluate","cat":"exec","ph":"X","ts":608514,"dur":561,"pid":1,"tid":0},
{"name":"SolverBatch L2","cat":"pose","ph":"X","ts":608509,"dur":573,"pid":1,"tid":0},
{"name":"RigExecRotationConstraint bankIn_r_pivot_rotation","cat":"pose","ph":"X","ts":609082,"dur":8,"pid":1,"tid":0},
{"name":"RigExecRotationConstraint bankOut_r_pivot_rotation","cat":"pose","ph":"X","ts":609090,"dur":4,"pid":1,"tid":0},
{"name":"RigExecRotationConstraint heel_r_roll_rotation","cat":"pose","ph":"X","ts":609095,"dur":4,"pid":1,"tid":0},
{"name":"RigExecRotationConstraint toe_r_roll_rotation","cat":"pose","ph":"X","ts":609100,"dur":7,"pid":1,"tid":0},
{"name":"ExecEvaluate","cat":"exec","ph":"X","ts":609119,"dur":881,"pid":1,"tid":0},
{"name":"SolverBatch L6","cat":"pose","ph":"X","ts":609107,"dur":894,"pid":1,"tid":0},
{"name":"RigExecRotationConstraint ballRoll_r_up_rotation","cat":"pose","ph":"X","ts":610002,"dur":11,"pid":1,"tid":0},
{"name":"ExecEvaluate","cat":"exec","ph":"X","ts":610015,"dur":692,"pid":1,"tid":0},
{"name":"SolverBatch L7","cat":"pose","ph":"X","ts":610014,"dur":816,"pid":1,"tid":0},
{"name":"RigExecRotationConstraint ballRoll_r_down_rotation","cat":"pose","ph":"X","ts":610831,"dur":9,"pid":1,"tid":0},
{"name":"RigExecAimConstraint ankle_r_bind_aim","cat":"pose","ph":"X","ts":610841,"dur":125,"pid":1,"tid":0},
{"name":"RigExecAimConstraint ball_r_bind_aim","cat":"pose","ph":"X","ts":610966,"dur":91,"pid":1,"tid":0},
{"name":"RigExecRotationConstraint bankIn_l_pivot_rotation","cat":"pose","ph":"X","ts":611057,"dur":5,"pid":1,"tid":0},
{"name":"RigExecRotationConstraint bankOut_l_pivot_rotation","cat":"pose","ph":"X","ts":611062,"dur":4,"pid":1,"tid":0},
{"name":"RigExecRotationConstraint heel_l_roll_rotation","cat":"pose","ph":"X","ts":611066,"dur":4,"pid":1,"tid":0},
{"name":"RigExecRotationConstraint toe_l_roll_rotation","cat":"pose","ph":"X","ts":611071,"dur":6,"pid":1,"tid":0},
{"name":"ExecEvaluate","cat":"exec","ph":"X","ts":611088,"dur":813,"pid":1,"tid":0},
{"name":"SolverBatch L14","cat":"pose","ph":"X","ts":611077,"dur":825,"pid":1,"tid":0},
{"name":"RigExecRotationConstraint ballRoll_l_up_rotation","cat":"pose","ph":"X","ts":611903,"dur":11,"pid":1,"tid":0},
{"name":"ExecEvaluate","cat":"exec","ph":"X","ts":611916,"dur":701,"pid":1,"tid":0},
{"name":"SolverBatch L15","cat":"pose","ph":"X","ts":611914,"dur":827,"pid":1,"tid":0},
{"name":"RigExecRotationConstraint ballRoll_l_down_rotation","cat":"pose","ph":"X","ts":612741,"dur":9,"pid":1,"tid":0},
{"name":"RigExecAimConstraint ankle_l_bind_aim","cat":"pose","ph":"X","ts":612751,"dur":118,"pid":1,"tid":0},
{"name":"RigExecAimConstraint ball_l_bind_aim","cat":"pose","ph":"X","ts":612869,"dur":91,"pid":1,"tid":0},
{"name":"RigExecParentConstraint spine_root_ctl_drives_hips_bind","cat":"pose","ph":"X","ts":612960,"dur":1090,"pid":1,"tid":0},
{"name":"RigExecScaleConstraint spine_root_ctl_scales_hips_bind","cat":"pose","ph":"X","ts":614050,"dur":995,"pid":1,"tid":0},
{"name":"RigExecScaleConstraint spine_ik_spine_0_bind_scale_to_spine_0_bind","cat":"pose","ph":"X","ts":615046,"dur":741,"pid":1,"tid":0},
{"name":"RigExecParentConstraint spine_ik_spine_0_bind_to_spine_0_bind","cat":"pose","ph":"X","ts":615787,"dur":738,"pid":1,"tid":0},
{"name":"RigExecScaleConstraint spine_ik_spine_1_bind_scale_to_spine_1_bind","cat":"pose","ph":"X","ts":616525,"dur":684,"pid":1,"tid":0},
{"name":"RigExecParentConstraint spine_ik_spine_1_bind_to_spine_1_bind","cat":"pose","ph":"X","ts":617209,"dur":683,"pid":1,"tid":0},
{"name":"RigExecScaleConstraint spine_ik_spine_2_bind_scale_to_spine_2_bind","cat":"pose","ph":"X","ts":617892,"dur":646,"pid":1,"tid":0},
{"name":"RigExecParentConstraint spine_ik_spine_2_bind_to_spine_2_bind","cat":"pose","ph":"X","ts":618538,"dur":640,"pid":1,"tid":0},
{"name":"RigExecScaleConstraint spine_ik_spine_3_bind_scale_to_spine_3_bind","cat":"pose","ph":"X","ts":619178,"dur":598,"pid":1,"tid":0},
{"name":"RigExecParentConstraint spine_ik_spine_3_bind_to_spine_3_bind","cat":"pose","ph":"X","ts":619776,"dur":599,"pid":1,"tid":0},
{"name":"RigExecScaleConstraint spine_ik_spine_4_bind_scale_to_spine_4_bind","cat":"pose","ph":"X","ts":620375,"dur":553,"pid":1,"tid":0},
{"name":"RigExecParentConstraint spine_ik_spine_4_bind_to_spine_4_bind","cat":"pose","ph":"X","ts":620928,"dur":554,"pid":1,"tid":0},
{"name":"RigExecScaleConstraint spine_ik_spine_5_bind_scale_to_spine_5_bind","cat":"pose","ph":"X","ts":621482,"dur":509,"pid":1,"tid":0},
{"name":"RigExecParentConstraint spine_ik_spine_5_bind_to_spine_5_bind","cat":"pose","ph":"X","ts":621991,"dur":512,"pid":1,"tid":0},
{"name":"RigExecScaleConstraint spine_ik_chest_bind_scale_to_chest_bind","cat":"pose","ph":"X","ts":622503,"dur":467,"pid":1,"tid":0},
{"name":"RigExecParentConstraint spine_ik_chest_bind_to_chest_bind","cat":"pose","ph":"X","ts":622970,"dur":469,"pid":1,"tid":0},
{"name":"RigExecParentConstraint spine_end_ctl_drives_chest_bind","cat":"pose","ph":"X","ts":623439,"dur":468,"pid":1,"tid":0},
{"name":"RigExecPositionConstraint pelvis_r_ctl_drives_pelvis_r_bind","cat":"pose","ph":"X","ts":623907,"dur":108,"pid":1,"tid":0},
{"name":"RigExecPositionConstraint pelvis_l_ctl_drives_pelvis_l_bind","cat":"pose","ph":"X","ts":624016,"dur":102,"pid":1,"tid":0},
{"name":"RigExecPositionConstraint clavicle_r_ctl_drives_clavicle_r_bind","cat":"pose","ph":"X","ts":624118,"dur":122,"pid":1,"tid":0},
{"name":"RigExecPositionConstraint clavicle_l_ctl_drives_clavicle_l_bind","cat":"pose","ph":"X","ts":624240,"dur":113,"pid":1,"tid":0},
{"name":"RigExecScaleConstraint neck_ik_neck_0_bind_scale_to_neck_0_bind","cat":"pose","ph":"X","ts":624353,"dur":192,"pid":1,"tid":0},
{"name":"RigExecParentConstraint neck_ik_neck_0_bind_to_neck_0_bind","cat":"pose","ph":"X","ts":624545,"dur":193,"pid":1,"tid":0},
{"name":"RigExecScaleConstraint neck_ik_neck_1_bind_scale_to_neck_1_bind","cat":"pose","ph":"X","ts":624739,"dur":164,"pid":1,"tid":0},
{"name":"RigExecParentConstraint neck_ik_neck_1_bind_to_neck_1_bind","cat":"pose","ph":"X","ts":624904,"dur":166,"pid":1,"tid":0},
{"name":"RigExecScaleConstraint neck_ik_neck_2_bind_scale_to_neck_2_bind","cat":"pose","ph":"X","ts":625071,"dur":139,"pid":1,"tid":0},
{"name":"RigExecParentConstraint neck_ik_neck_2_bind_to_neck_2_bind","cat":"pose","ph":"X","ts":625210,"dur":146,"pid":1,"tid":0},
{"name":"RigExecScaleConstraint neck_ik_neck_3_bind_scale_to_neck_3_bind","cat":"pose","ph":"X","ts":625357,"dur":116,"pid":1,"tid":0},
{"name":"RigExecParentConstraint neck_ik_neck_3_bind_to_neck_3_bind","cat":"pose","ph":"X","ts":625473,"dur":119,"pid":1,"tid":0},
{"name":"RigExecScaleConstraint neck_ik_skull_bind_scale_to_skull_bind","cat":"pose","ph":"X","ts":625593,"dur":92,"pid":1,"tid":0},
{"name":"RigExecParentConstraint neck_ik_skull_bind_to_skull_bind","cat":"pose","ph":"X","ts":625686,"dur":96,"pid":1,"tid":0},
{"name":"RigExecAimConstraint pelvis_trans_r_bind_aim","cat":"pose","ph":"X","ts":625782,"dur":23,"pid":1,"tid":0},
{"name":"RigExecAimConstraint pelvis_trans_l_bind_aim","cat":"pose","ph":"X","ts":625805,"dur":22,"pid":1,"tid":0},
{"name":"RigExecAimConstraint kneeTwist_r_bind_aim","cat":"pose","ph":"X","ts":625827,"dur":19,"pid":1,"tid":0},
{"name":"RigExecAimConstraint kneeTwist_l_bind_aim","cat":"pose","ph":"X","ts":625847,"dur":18,"pid":1,"tid":0},
{"name":"RigExecAimConstraint thighNoTwist_r_bind_aim","cat":"pose","ph":"X","ts":625865,"dur":15,"pid":1,"tid":0},
{"name":"RigExecAimConstraint thighNoTwist_l_bind_aim","cat":"pose","ph":"X","ts":625881,"dur":15,"pid":1,"tid":0},
{"name":"RigExecAimConstraint clavicle_trans_r_bind_aim","cat":"pose","ph":"X","ts":625897,"dur":19,"pid":1,"tid":0},
{"name":"RigExecAimConstraint clavicle_trans_l_bind_aim","cat":"pose","ph":"X","ts":625916,"dur":23,"pid":1,"tid":0},
{"name":"RigExecAimConstraint elbowTwist_r_bind_aim","cat":"pose","ph":"X","ts":625940,"dur":17,"pid":1,"tid":0},
{"name":"RigExecAimConstraint elbowTwist_l_bind_aim","cat":"pose","ph":"X","ts":625957,"dur":17,"pid":1,"tid":0},
{"name":"RigExecAimConstraint shoulderNoTwist_r_bind_aim","cat":"pose","ph":"X","ts":625974,"dur":16,"pid":1,"tid":0},
{"name":"RigExecAimConstraint shoulderNoTwist_l_bind_aim","cat":"pose","ph":"X","ts":625991,"dur":16,"pid":1,"tid":0},
{"name":"RigExecParentConstraint leg_r_params_to_ankle_r_bind","cat":"pose","ph":"X","ts":626007,"dur":16,"pid":1,"tid":0},
{"name":"RigExecParentConstraint leg_l_params_to_ankle_l_bind","cat":"pose","ph":"X","ts":626024,"dur":16,"pid":1,"tid":0},
{"name":"RigExecParentConstraint arm_r_params_to_wrist_r_bind","cat":"pose","ph":"X","ts":626040,"dur":16,"pid":1,"tid":0},
{"name":"RigExecParentConstraint arm_l_params_to_wrist_l_bind","cat":"pose","ph":"X","ts":626056,"dur":16,"pid":1,"tid":0},
{"name":"AuthoritativeSnapshot","cat":"exec","ph":"X","ts":626681,"dur":14113,"pid":1,"tid":0},
{"name":"SolverGuides","cat":"exec","ph":"X","ts":641662,"dur":2914,"pid":1,"tid":0},
{"name":"Assemble body_geo_skin","cat":"geometry","ph":"X","ts":644993,"dur":360,"pid":1,"tid":0},
{"name":"GraphEvaluate","cat":"geometry","ph":"X","ts":645433,"dur":878,"pid":1,"tid":0},
{"name":"AssembleDerived extent","cat":"geometry","ph":"X","ts":646329,"dur":51,"pid":1,"tid":0},
{"name":"DerivedEvaluate","cat":"geometry","ph":"X","ts":646424,"dur":78,"pid":1,"tid":0},
{"name":"Derived /Biped/Geom/body_geo.points","cat":"geometry","ph":"X","ts":646318,"dur":185,"pid":1,"tid":0},
{"name":"Chain /Biped/Geom/body_geo.points","cat":"geometry","ph":"X","ts":644768,"dur":1736,"pid":1,"tid":0},
{"name":"Evaluate@3","cat":"evaluate","ph":"X","ts":584478,"dur":62213,"pid":1,"tid":0},
{"name":"PropertyChain /Biped/Rig/Movers/ballRoll_l_down_rc/ballRoll_l_down_rotation.inputs:defaultWeight","cat":"property","ph":"X","ts":646860,"dur":90,"pid":1,"tid":0},
{"name":"PropertyChain /Biped/Rig/Movers/ballRoll_l_up_rc/ballRoll_l_up_rotation.inputs:defaultWeight","cat":"property","ph":"X","ts":646951,"dur":34,"pid":1,"tid":0},
{"name":"PropertyChain /Biped/Rig/Movers/ballRoll_r_down_rc/ballRoll_r_down_rotation.inputs:defaultWeight","cat":"property","ph":"X","ts":646986,"dur":53,"pid":1,"tid":0},
{"name":"PropertyChain /Biped/Rig/Movers/ballRoll_r_up_rc/ballRoll_r_up_rotation.inputs:defaultWeight","cat":"property","ph":"X","ts":647040,"dur":29,"pid":1,"tid":0},
{"name":"PropertyChain /Biped/Rig/Movers/bankIn_l_pivot_rc/bankIn_l_pivot_rotation.inputs:defaultWeight","cat":"property","ph":"X","ts":647070,"dur":31,"pid":1,"tid":0},
{"name":"PropertyChain /Biped/Rig/Movers/bankIn_r_pivot_rc/bankIn_r_pivot_rotation.inputs:defaultWeight","cat":"property","ph":"X","ts":647102,"dur":23,"pid":1,"tid":0},
{"name":"PropertyChain /Biped/Rig/Movers/bankOut_l_pivot_rc/bankOut_l_pivot_rotation.inputs:defaultWeight","cat":"property","ph":"X","ts":647126,"dur":25,"pid":1,"tid":0},
{"name":"PropertyChain /Biped/Rig/Movers/bankOut_r_pivot_rc/bankOut_r_pivot_rotation.inputs:defaultWeight","cat":"property","ph":"X","ts":647151,"dur":23,"pid":1,"tid":0},
{"name":"PropertyChain /Biped/Rig/Movers/heel_l_roll_rc/heel_l_roll_rotation.inputs:defaultWeight","cat":"property","ph":"X","ts":647175,"dur":23,"pid":1,"tid":0},
{"name":"PropertyChain /Biped/Rig/Movers/heel_r_roll_rc/heel_r_roll_rotation.inputs:defaultWeight","cat":"property","ph":"X","ts":647198,"dur":27,"pid":1,"tid":0},
{"name":"PropertyChain /Biped/Rig/Movers/toe_l_roll_rc/toe_l_roll_rotation.inputs:defaultWeight","cat":"property","ph":"X","ts":647226,"dur":38,"pid":1,"tid":0},
{"name":"PropertyChain /Biped/Rig/Movers/toe_r_roll_rc/toe_r_roll_rotation.inputs:defaultWeight","cat":"property","ph":"X","ts":647264,"dur":38,"pid":1,"tid":0},
{"name":"PropertyChains","cat":"property","ph":"X","ts":646856,"dur":447,"pid":1,"tid":0},
{"name":"PoseSeed","cat":"pose","ph":"X","ts":647303,"dur":16138,"pid":1,"tid":0},
{"name":"ExecEvaluate","cat":"exec","ph":"X","ts":664544,"dur":647,"pid":1,"tid":0},
{"name":"SolverBatch L0","cat":"pose","ph":"X","ts":664503,"dur":691,"pid":1,"tid":0},
{"name":"ExecEvaluate","cat":"exec","ph":"X","ts":665201,"dur":630,"pid":1,"tid":0},
{"name":"SolverBatch L0","cat":"pose","ph":"X","ts":665194,"dur":638,"pid":1,"tid":0},
{"name":"ExecEvaluate","cat":"exec","ph":"X","ts":665844,"dur":501,"pid":1,"tid":0},
{"name":"SolverBatch L0","cat":"pose","ph":"X","ts":665832,"dur":514,"pid":1,"tid":0},
{"name":"ExecEvaluate","cat":"exec","ph":"X","ts":666352,"dur":511,"pid":1,"tid":0},
{"name":"SolverBatch L0","cat":"pose","ph":"X","ts":666346,"dur":518,"pid":1,"tid":0},
{"name":"ExecEvaluate","cat":"exec","ph":"X","ts":666874,"dur":453,"pid":1,"tid":0},
{"name":"SolverBatch L0","cat":"pose","ph":"X","ts":666864,"dur":463,"pid":1,"tid":0},
{"name":"ExecEvaluate","cat":"exec","ph":"X","ts":667337,"dur":393,"pid":1,"tid":0},
{"name":"SolverBatch L0","cat":"pose","ph":"X","ts":667328,"dur":403,"pid":1,"tid":0},
{"name":"ExecEvaluate","cat":"exec","ph":"X","ts":667747,"dur":501,"pid":1,"tid":0},
{"name":"SolverBatch L0","cat":"pose","ph":"X","ts":667732,"dur":523,"pid":1,"tid":0},
{"name":"RigExecParentConstraint spine_mid_follow_pos","cat":"pose","ph":"X","ts":668257,"dur":81,"pid":1,"tid":0},
{"name":"ExecEvaluate","cat":"exec","ph":"X","ts":668341,"dur":487,"pid":1,"tid":0},
{"name":"SolverBatch L1","cat":"pose","ph":"X","ts":668338,"dur":645,"pid":1,"tid":0},
{"name":"ExecEvaluate","cat":"exec","ph":"X","ts":668985,"dur":506,"pid":1,"tid":0},
{"name":"SolverBatch L1","cat":"pose","ph":"X","ts":668983,"dur":656,"pid":1,"tid":0},
{"name":"RigExecAimConstraint spine_mid_follow_aim","cat":"pose","ph":"X","ts":669640,"dur":50,"pid":1,"tid":0},
{"name":"ExecEvaluate","cat":"exec","ph":"X","ts":669696,"dur":537,"pid":1,"tid":0},
{"name":"SolverBatch L2","cat":"pose","ph":"X","ts":669690,"dur":549,"pid":1,"tid":0},
{"name":"RigExecRotationConstraint bankIn_r_pivot_rotation","cat":"pose","ph":"X","ts":670240,"dur":7,"pid":1,"tid":0},
{"name":"RigExecRotationConstraint bankOut_r_pivot_rotation","cat":"pose","ph":"X","ts":670248,"dur":4,"pid":1,"tid":0},
{"name":"RigExecRotationConstraint heel_r_roll_rotation","cat":"pose","ph":"X","ts":670252,"dur":5,"pid":1,"tid":0},
{"name":"RigExecRotationConstraint toe_r_roll_rotation","cat":"pose","ph":"X","ts":670257,"dur":7,"pid":1,"tid":0},
{"name":"ExecEvaluate","cat":"exec","ph":"X","ts":670276,"dur":778,"pid":1,"tid":0},
{"name":"SolverBatch L6","cat":"pose","ph":"X","ts":670264,"dur":791,"pid":1,"tid":0},
{"name":"RigExecRotationConstraint ballRoll_r_up_rotation","cat":"pose","ph":"X","ts":671056,"dur":11,"pid":1,"tid":0},
{"name":"ExecEvaluate","cat":"exec","ph":"X","ts":671068,"dur":712,"pid":1,"tid":0},
{"name":"SolverBatch L7","cat":"pose","ph":"X","ts":671067,"dur":834,"pid":1,"tid":0},
{"name":"RigExecRotationConstraint ballRoll_r_down_rotation","cat":"pose","ph":"X","ts":671901,"dur":9,"pid":1,"tid":0},
{"name":"RigExecAimConstraint ankle_r_bind_aim","cat":"pose","ph":"X","ts":671911,"dur":125,"pid":1,"tid":0},
{"name":"RigExecAimConstraint ball_r_bind_aim","cat":"pose","ph":"X","ts":672036,"dur":92,"pid":1,"tid":0},
{"name":"RigExecRotationConstraint bankIn_l_pivot_rotation","cat":"pose","ph":"X","ts":672129,"dur":4,"pid":1,"tid":0},
{"name":"RigExecRotationConstraint bankOut_l_pivot_rotation","cat":"pose","ph":"X","ts":672133,"dur":4,"pid":1,"tid":0},
{"name":"RigExecRotationConstraint heel_l_roll_rotation","cat":"pose","ph":"X","ts":672137,"dur":4,"pid":1,"tid":0},
{"name":"RigExecRotationConstraint toe_l_roll_rotation","cat":"pose","ph":"X","ts":672142,"dur":5,"pid":1,"tid":0},
{"name":"ExecEvaluate","cat":"exec","ph":"X","ts":672159,"dur":776,"pid":1,"tid":0},
{"name":"SolverBatch L14","cat":"pose","ph":"X","ts":672148,"dur":789,"pid":1,"tid":0},
{"name":"RigExecRotationConstraint ballRoll_l_up_rotation","cat":"pose","ph":"X","ts":672937,"dur":10,"pid":1,"tid":0},
{"name":"ExecEvaluate","cat":"exec","ph":"X","ts":672948,"dur":701,"pid":1,"tid":0},
{"name":"SolverBatch L15","cat":"pose","ph":"X","ts":672947,"dur":821,"pid":1,"tid":0},
{"name":"RigExecRotationConstraint ballRoll_l_down_rotation","cat":"pose","ph":"X","ts":673769,"dur":9,"pid":1,"tid":0},
{"name":"RigExecAimConstraint ankle_l_bind_aim","cat":"pose","ph":"X","ts":673778,"dur":118,"pid":1,"tid":0},
{"name":"RigExecAimConstraint ball_l_bind_aim","cat":"pose","ph":"X","ts":673897,"dur":90,"pid":1,"tid":0},
{"name":"RigExecParentConstraint spine_root_ctl_drives_hips_bind","cat":"pose","ph":"X","ts":673987,"dur":1087,"pid":1,"tid":0},
{"name":"RigExecScaleConstraint spine_root_ctl_scales_hips_bind","cat":"pose","ph":"X","ts":675074,"dur":996,"pid":1,"tid":0},
{"name":"RigExecScaleConstraint spine_ik_spine_0_bind_scale_to_spine_0_bind","cat":"pose","ph":"X","ts":676071,"dur":743,"pid":1,"tid":0},
{"name":"RigExecParentConstraint spine_ik_spine_0_bind_to_spine_0_bind","cat":"pose","ph":"X","ts":676814,"dur":738,"pid":1,"tid":0},
{"name":"RigExecScaleConstraint spine_ik_spine_1_bind_scale_to_spine_1_bind","cat":"pose","ph":"X","ts":677552,"dur":686,"pid":1,"tid":0},
{"name":"RigExecParentConstraint spine_ik_spine_1_bind_to_spine_1_bind","cat":"pose","ph":"X","ts":678238,"dur":683,"pid":1,"tid":0},
{"name":"RigExecScaleConstraint spine_ik_spine_2_bind_scale_to_spine_2_bind","cat":"pose","ph":"X","ts":678922,"dur":641,"pid":1,"tid":0},
{"name":"RigExecParentConstraint spine_ik_spine_2_bind_to_spine_2_bind","cat":"pose","ph":"X","ts":679563,"dur":640,"pid":1,"tid":0},
{"name":"RigExecScaleConstraint spine_ik_spine_3_bind_scale_to_spine_3_bind","cat":"pose","ph":"X","ts":680203,"dur":598,"pid":1,"tid":0},
{"name":"RigExecParentConstraint spine_ik_spine_3_bind_to_spine_3_bind","cat":"pose","ph":"X","ts":680802,"dur":597,"pid":1,"tid":0},
{"name":"RigExecScaleConstraint spine_ik_spine_4_bind_scale_to_spine_4_bind","cat":"pose","ph":"X","ts":681399,"dur":551,"pid":1,"tid":0},
{"name":"RigExecParentConstraint spine_ik_spine_4_bind_to_spine_4_bind","cat":"pose","ph":"X","ts":681951,"dur":553,"pid":1,"tid":0},
{"name":"RigExecScaleConstraint spine_ik_spine_5_bind_scale_to_spine_5_bind","cat":"pose","ph":"X","ts":682505,"dur":509,"pid":1,"tid":0},
{"name":"RigExecParentConstraint spine_ik_spine_5_bind_to_spine_5_bind","cat":"pose","ph":"X","ts":683014,"dur":512,"pid":1,"tid":0},
{"name":"RigExecScaleConstraint spine_ik_chest_bind_scale_to_chest_bind","cat":"pose","ph":"X","ts":683526,"dur":466,"pid":1,"tid":0},
{"name":"RigExecParentConstraint spine_ik_chest_bind_to_chest_bind","cat":"pose","ph":"X","ts":683992,"dur":468,"pid":1,"tid":0},
{"name":"RigExecParentConstraint spine_end_ctl_drives_chest_bind","cat":"pose","ph":"X","ts":684460,"dur":468,"pid":1,"tid":0},
{"name":"RigExecPositionConstraint pelvis_r_ctl_drives_pelvis_r_bind","cat":"pose","ph":"X","ts":684928,"dur":107,"pid":1,"tid":0},
{"name":"RigExecPositionConstraint pelvis_l_ctl_drives_pelvis_l_bind","cat":"pose","ph":"X","ts":685035,"dur":102,"pid":1,"tid":0},
{"name":"RigExecPositionConstraint clavicle_r_ctl_drives_clavicle_r_bind","cat":"pose","ph":"X","ts":685138,"dur":121,"pid":1,"tid":0},
{"name":"RigExecPositionConstraint clavicle_l_ctl_drives_clavicle_l_bind","cat":"pose","ph":"X","ts":685259,"dur":112,"pid":1,"tid":0},
{"name":"RigExecScaleConstraint neck_ik_neck_0_bind_scale_to_neck_0_bind","cat":"pose","ph":"X","ts":685371,"dur":192,"pid":1,"tid":0},
{"name":"RigExecParentConstraint neck_ik_neck_0_bind_to_neck_0_bind","cat":"pose","ph":"X","ts":685563,"dur":194,"pid":1,"tid":0},
{"name":"RigExecScaleConstraint neck_ik_neck_1_bind_scale_to_neck_1_bind","cat":"pose","ph":"X","ts":685757,"dur":164,"pid":1,"tid":0},
{"name":"RigExecParentConstraint neck_ik_neck_1_bind_to_neck_1_bind","cat":"pose","ph":"X","ts":685921,"dur":168,"pid":1,"tid":0},
{"name":"RigExecScaleConstraint neck_ik_neck_2_bind_scale_to_neck_2_bind","cat":"pose","ph":"X","ts":686089,"dur":141,"pid":1,"tid":0},
{"name":"RigExecParentConstraint neck_ik_neck_2_bind_to_neck_2_bind","cat":"pose","ph":"X","ts":686231,"dur":144,"pid":1,"tid":0},
{"name":"RigExecScaleConstraint neck_ik_neck_3_bind_scale_to_neck_3_bind","cat":"pose","ph":"X","ts":686375,"dur":117,"pid":1,"tid":0},
{"name":"RigExecParentConstraint neck_ik_neck_3_bind_to_neck_3_bind","cat":"pose","ph":"X","ts":686492,"dur":119,"pid":1,"tid":0},
{"name":"RigExecScaleConstraint neck_ik_skull_bind_scale_to_skull_bind","cat":"pose","ph":"X","ts":686612,"dur":93,"pid":1,"tid":0},
{"name":"RigExecParentConstraint neck_ik_skull_bind_to_skull_bind","cat":"pose","ph":"X","ts":686705,"dur":97,"pid":1,"tid":0},
{"name":"RigExecAimConstraint pelvis_trans_r_bind_aim","cat":"pose","ph":"X","ts":686802,"dur":23,"pid":1,"tid":0},
{"name":"RigExecAimConstraint pelvis_trans_l_bind_aim","cat":"pose","ph":"X","ts":686825,"dur":22,"pid":1,"tid":0},
{"name":"RigExecAimConstraint kneeTwist_r_bind_aim","cat":"pose","ph":"X","ts":686847,"dur":19,"pid":1,"tid":0},
{"name":"RigExecAimConstraint kneeTwist_l_bind_aim","cat":"pose","ph":"X","ts":686867,"dur":18,"pid":1,"tid":0},
{"name":"RigExecAimConstraint thighNoTwist_r_bind_aim","cat":"pose","ph":"X","ts":686886,"dur":15,"pid":1,"tid":0},
{"name":"RigExecAimConstraint thighNoTwist_l_bind_aim","cat":"pose","ph":"X","ts":686901,"dur":16,"pid":1,"tid":0},
{"name":"RigExecAimConstraint clavicle_trans_r_bind_aim","cat":"pose","ph":"X","ts":686917,"dur":21,"pid":1,"tid":0},
{"name":"RigExecAimConstraint clavicle_trans_l_bind_aim","cat":"pose","ph":"X","ts":686938,"dur":23,"pid":1,"tid":0},
{"name":"RigExecAimConstraint elbowTwist_r_bind_aim","cat":"pose","ph":"X","ts":686962,"dur":17,"pid":1,"tid":0},
{"name":"RigExecAimConstraint elbowTwist_l_bind_aim","cat":"pose","ph":"X","ts":686979,"dur":18,"pid":1,"tid":0},
{"name":"RigExecAimConstraint shoulderNoTwist_r_bind_aim","cat":"pose","ph":"X","ts":686997,"dur":16,"pid":1,"tid":0},
{"name":"RigExecAimConstraint shoulderNoTwist_l_bind_aim","cat":"pose","ph":"X","ts":687013,"dur":15,"pid":1,"tid":0},
{"name":"RigExecParentConstraint leg_r_params_to_ankle_r_bind","cat":"pose","ph":"X","ts":687029,"dur":16,"pid":1,"tid":0},
{"name":"RigExecParentConstraint leg_l_params_to_ankle_l_bind","cat":"pose","ph":"X","ts":687046,"dur":15,"pid":1,"tid":0},
{"name":"RigExecParentConstraint arm_r_params_to_wrist_r_bind","cat":"pose","ph":"X","ts":687062,"dur":15,"pid":1,"tid":0},
{"name":"RigExecParentConstraint arm_l_params_to_wrist_l_bind","cat":"pose","ph":"X","ts":687078,"dur":15,"pid":1,"tid":0},
{"name":"AuthoritativeSnapshot","cat":"exec","ph":"X","ts":687711,"dur":12839,"pid":1,"tid":0},
{"name":"SolverGuides","cat":"exec","ph":"X","ts":701298,"dur":2878,"pid":1,"tid":0},
{"name":"Assemble body_geo_skin","cat":"geometry","ph":"X","ts":704664,"dur":587,"pid":1,"tid":0},
{"name":"GraphEvaluate","cat":"geometry","ph":"X","ts":705317,"dur":859,"pid":1,"tid":0},
{"name":"AssembleDerived extent","cat":"geometry","ph":"X","ts":706191,"dur":54,"pid":1,"tid":0},
{"name":"DerivedEvaluate","cat":"geometry","ph":"X","ts":706287,"dur":74,"pid":1,"tid":0},
{"name":"Derived /Biped/Geom/body_geo.points","cat":"geometry","ph":"X","ts":706181,"dur":182,"pid":1,"tid":0},
{"name":"Chain /Biped/Geom/body_geo.points","cat":"geometry","ph":"X","ts":704427,"dur":1937,"pid":1,"tid":0},
{"name":"Evaluate@4","cat":"evaluate","ph":"X","ts":646829,"dur":59754,"pid":1,"tid":0},
{"name":"PropertyChain /Biped/Rig/Movers/ballRoll_l_down_rc/ballRoll_l_down_rotation.inputs:defaultWeight","cat":"property","ph":"X","ts":706728,"dur":90,"pid":1,"tid":0},
{"name":"PropertyChain /Biped/Rig/Movers/ballRoll_l_up_rc/ballRoll_l_up_rotation.inputs:defaultWeight","cat":"property","ph":"X","ts":706819,"dur":33,"pid":1,"tid":0},
{"name":"PropertyChain /Biped/Rig/Movers/ballRoll_r_down_rc/ballRoll_r_down_rotation.inputs:defaultWeight","cat":"property","ph":"X","ts":706853,"dur":50,"pid":1,"tid":0},
{"name":"PropertyChain /Biped/Rig/Movers/ballRoll_r_up_rc/ballRoll_r_up_rotation.inputs:defaultWeight","cat":"property","ph":"X","ts":706904,"dur":28,"pid":1,"tid":0},
{"name":"PropertyChain /Biped/Rig/Movers/bankIn_l_pivot_rc/bankIn_l_pivot_rotation.inputs:defaultWeight","cat":"property","ph":"X","ts":706933,"dur":30,"pid":1,"tid":0},
{"name":"PropertyChain /Biped/Rig/Movers/bankIn_r_pivot_rc/bankIn_r_pivot_rotation.inputs:defaultWeight","cat":"property","ph":"X","ts":706964,"dur":23,"pid":1,"tid":0},
{"name":"PropertyChain /Biped/Rig/Movers/bankOut_l_pivot_rc/bankOut_l_pivot_rotation.inputs:defaultWeight","cat":"property","ph":"X","ts":706988,"dur":25,"pid":1,"tid":0},
{"name":"PropertyChain /Biped/Rig/Movers/bankOut_r_pivot_rc/bankOut_r_pivot_rotation.inputs:defaultWeight","cat":"property","ph":"X","ts":707013,"dur":23,"pid":1,"tid":0},
{"name":"PropertyChain /Biped/Rig/Movers/heel_l_roll_rc/heel_l_roll_rotation.inputs:defaultWeight","cat":"property","ph":"X","ts":707037,"dur":23,"pid":1,"tid":0},
{"name":"PropertyChain /Biped/Rig/Movers/heel_r_roll_rc/heel_r_roll_rotation.inputs:defaultWeight","cat":"property","ph":"X","ts":707061,"dur":22,"pid":1,"tid":0},
{"name":"PropertyChain /Biped/Rig/Movers/toe_l_roll_rc/toe_l_roll_rotation.inputs:defaultWeight","cat":"property","ph":"X","ts":707084,"dur":36,"pid":1,"tid":0},
{"name":"PropertyChain /Biped/Rig/Movers/toe_r_roll_rc/toe_r_roll_rotation.inputs:defaultWeight","cat":"property","ph":"X","ts":707121,"dur":36,"pid":1,"tid":0},
{"name":"PropertyChains","cat":"property","ph":"X","ts":706724,"dur":433,"pid":1,"tid":0},
{"name":"PoseSeed","cat":"pose","ph":"X","ts":707158,"dur":17150,"pid":1,"tid":0},
{"name":"ExecEvaluate","cat":"exec","ph":"X","ts":725097,"dur":668,"pid":1,"tid":0},
{"name":"SolverBatch L0","cat":"pose","ph":"X","ts":725074,"dur":694,"pid":1,"tid":0},
{"name":"ExecEvaluate","cat":"exec","ph":"X","ts":725776,"dur":583,"pid":1,"tid":0},
{"name":"SolverBatch L0","cat":"pose","ph":"X","ts":725768,"dur":593,"pid":1,"tid":0},
{"name":"ExecEvaluate","cat":"exec","ph":"X","ts":726373,"dur":452,"pid":1,"tid":0},
{"name":"SolverBatch L0","cat":"pose","ph":"X","ts":726361,"dur":465,"pid":1,"tid":0},
{"name":"ExecEvaluate","cat":"exec","ph":"X","ts":726833,"dur":558,"pid":1,"tid":0},
{"name":"SolverBatch L0","cat":"pose","ph":"X","ts":726826,"dur":566,"pid":1,"tid":0},
{"name":"ExecEvaluate","cat":"exec","ph":"X","ts":727411,"dur":429,"pid":1,"tid":0},
{"name":"SolverBatch L0","cat":"pose","ph":"X","ts":727399,"dur":441,"pid":1,"tid":0},
{"name":"ExecEvaluate","cat":"exec","ph":"X","ts":727849,"dur":395,"pid":1,"tid":0},
{"name":"SolverBatch L0","cat":"pose","ph":"X","ts":727841,"dur":404,"pid":1,"tid":0},
{"name":"ExecEvaluate","cat":"exec","ph":"X","ts":728255,"dur":498,"pid":1,"tid":0},
{"name":"SolverBatch L0","cat":"pose","ph":"X","ts":728246,"dur":514,"pid":1,"tid":0},
{"name":"RigExecParentConstraint spine_mid_follow_pos","cat":"pose","ph":"X","ts":728762,"dur":79,"pid":1,"tid":0},
{"name":"ExecEvaluate","cat":"exec","ph":"X","ts":728843,"dur":571,"pid":1,"tid":0},
{"name":"SolverBatch L1","cat":"pose","ph":"X","ts":728842,"dur":727,"pid":1,"tid":0},
{"name":"ExecEvaluate","cat":"exec","ph":"X","ts":729571,"dur":492,"pid":1,"tid":0},
{"name":"SolverBatch L1","cat":"pose","ph":"X","ts":729570,"dur":647,"pid":1,"tid":0},
{"name":"RigExecAimConstraint spine_mid_follow_aim","cat":"pose","ph":"X","ts":730218,"dur":54,"pid":1,"tid":0},
{"name":"ExecEvaluate","cat":"exec","ph":"X","ts":730277,"dur":562,"pid":1,"tid":0},
{"name":"SolverBatch L2","cat":"pose","ph":"X","ts":730272,"dur":574,"pid":1,"tid":0},
{"name":"RigExecRotationConstraint bankIn_r_pivot_rotation","cat":"pose","ph":"X","ts":730846,"dur":8,"pid":1,"tid":0},
{"name":"RigExecRotationConstraint bankOut_r_pivot_rotation","cat":"pose","ph":"X","ts":730854,"dur":4,"pid":1,"tid":0},
{"name":"RigExecRotationConstraint heel_r_roll_rotation","cat":"pose","ph":"X","ts":730859,"dur":4,"pid":1,"tid":0},
{"name":"RigExecRotationConstraint toe_r_roll_rotation","cat":"pose","ph":"X","ts":730863,"dur":7,"pid":1,"tid":0},
{"name":"ExecEvaluate","cat":"exec","ph":"X","ts":730883,"dur":860,"pid":1,"tid":0},
{"name":"SolverBatch L6","cat":"pose","ph":"X","ts":730870,"dur":874,"pid":1,"tid":0},
{"name":"RigExecRotationConstraint ballRoll_r_up_rotation","cat":"pose","ph":"X","ts":731744,"dur":11,"pid":1,"tid":0},
{"name":"ExecEvaluate","cat":"exec","ph":"X","ts":731757,"dur":697,"pid":1,"tid":0},
{"name":"SolverBatch L7","cat":"pose","ph":"X","ts":731755,"dur":822,"pid":1,"tid":0},
{"name":"RigExecRotationConstraint ballRoll_r_down_rotation","cat":"pose","ph":"X","ts":732578,"dur":9,"pid":1,"tid":0},
{"name":"RigExecAimConstraint ankle_r_bind_aim","cat":"pose","ph":"X","ts":732588,"dur":125,"pid":1,"tid":0},
{"name":"RigExecAimConstraint ball_r_bind_aim","cat":"pose","ph":"X","ts":732714,"dur":92,"pid":1,"tid":0},
{"name":"RigExecRotationConstraint bankIn_l_pivot_rotation","cat":"pose","ph":"X","ts":732807,"dur":4,"pid":1,"tid":0},
{"name":"RigExecRotationConstraint bankOut_l_pivot_rotation","cat":"pose","ph":"X","ts":732811,"dur":4,"pid":1,"tid":0},
{"name":"RigExecRotationConstraint heel_l_roll_rotation","cat":"pose","ph":"X","ts":732816,"dur":4,"pid":1,"tid":0},
{"name":"RigExecRotationConstraint toe_l_roll_rotation","cat":"pose","ph":"X","ts":732820,"dur":6,"pid":1,"tid":0},
{"name":"ExecEvaluate","cat":"exec","ph":"X","ts":732838,"dur":867,"pid":1,"tid":0},
{"name":"SolverBatch L14","cat":"pose","ph":"X","ts":732827,"dur":880,"pid":1,"tid":0},
{"name":"RigExecRotationConstraint ballRoll_l_up_rotation","cat":"pose","ph":"X","ts":733707,"dur":10,"pid":1,"tid":0},
{"name":"ExecEvaluate","cat":"exec","ph":"X","ts":733719,"dur":701,"pid":1,"tid":0},
{"name":"SolverBatch L15","cat":"pose","ph":"X","ts":733718,"dur":828,"pid":1,"tid":0},
{"name":"RigExecRotationConstraint ballRoll_l_down_rotation","cat":"pose","ph":"X","ts":734546,"dur":9,"pid":1,"tid":0},
{"name":"RigExecAimConstraint ankle_l_bind_aim","cat":"pose","ph":"X","ts":734556,"dur":116,"pid":1,"tid":0},
{"name":"RigExecAimConstraint ball_l_bind_aim","cat":"pose","ph":"X","ts":734672,"dur":91,"pid":1,"tid":0},
{"name":"RigExecParentConstraint spine_root_ctl_drives_hips_bind","cat":"pose","ph":"X","ts":734764,"dur":1097,"pid":1,"tid":0},
{"name":"RigExecScaleConstraint spine_root_ctl_scales_hips_bind","cat":"pose","ph":"X","ts":735862,"dur":988,"pid":1,"tid":0},
{"name":"RigExecScaleConstraint spine_ik_spine_0_bind_scale_to_spine_0_bind","cat":"pose","ph":"X","ts":736850,"dur":738,"pid":1,"tid":0},
{"name":"RigExecParentConstraint spine_ik_spine_0_bind_to_spine_0_bind","cat":"pose","ph":"X","ts":737588,"dur":735,"pid":1,"tid":0},
{"name":"RigExecScaleConstraint spine_ik_spine_1_bind_scale_to_spine_1_bind","cat":"pose","ph":"X","ts":738323,"dur":678,"pid":1,"tid":0},
{"name":"RigExecParentConstraint spine_ik_spine_1_bind_to_spine_1_bind","cat":"pose","ph":"X","ts":739001,"dur":681,"pid":1,"tid":0},
{"name":"RigExecScaleConstraint spine_ik_spine_2_bind_scale_to_spine_2_bind","cat":"pose","ph":"X","ts":739682,"dur":639,"pid":1,"tid":0},
{"name":"RigExecParentConstraint spine_ik_spine_2_bind_to_spine_2_bind","cat":"pose","ph":"X","ts":740321,"dur":635,"pid":1,"tid":0},
{"name":"RigExecScaleConstraint spine_ik_spine_3_bind_scale_to_spine_3_bind","cat":"pose","ph":"X","ts":740957,"dur":595,"pid":1,"tid":0},
{"name":"RigExecParentConstraint spine_ik_spine_3_bind_to_spine_3_bind","cat":"pose","ph":"X","ts":741552,"dur":595,"pid":1,"tid":0},
{"name":"RigExecScaleConstraint spine_ik_spine_4_bind_scale_to_spine_4_bind","cat":"pose","ph":"X","ts":742147,"dur":550,"pid":1,"tid":0},
{"name":"RigExecParentConstraint spine_ik_spine_4_bind_to_spine_4_bind","cat":"pose","ph":"X","ts":742698,"dur":551,"pid":1,"tid":0},
{"name":"RigExecScaleConstraint spine_ik_spine_5_bind_scale_to_spine_5_bind","cat":"pose","ph":"X","ts":743250,"dur":506,"pid":1,"tid":0},
{"name":"RigExecParentConstraint spine_ik_spine_5_bind_to_spine_5_bind","cat":"pose","ph":"X","ts":743757,"dur":509,"pid":1,"tid":0},
{"name":"RigExecScaleConstraint spine_ik_chest_bind_scale_to_chest_bind","cat":"pose","ph":"X","ts":744267,"dur":463,"pid":1,"tid":0},
{"name":"RigExecParentConstraint spine_ik_chest_bind_to_chest_bind","cat":"pose","ph":"X","ts":744731,"dur":465,"pid":1,"tid":0},
{"name":"RigExecParentConstraint spine_end_ctl_drives_chest_bind","cat":"pose","ph":"X","ts":745196,"dur":467,"pid":1,"tid":0},
{"name":"RigExecPositionConstraint pelvis_r_ctl_drives_pelvis_r_bind","cat":"pose","ph":"X","ts":745663,"dur":107,"pid":1,"tid":0},
{"name":"RigExecPositionConstraint pelvis_l_ctl_drives_pelvis_l_bind","cat":"pose","ph":"X","ts":745770,"dur":100,"pid":1,"tid":0},
{"name":"RigExecPositionConstraint clavicle_r_ctl_drives_clavicle_r_bind","cat":"pose","ph":"X","ts":745870,"dur":118,"pid":1,"tid":0},
{"name":"RigExecPositionConstraint clavicle_l_ctl_drives_clavicle_l_bind","cat":"pose","ph":"X","ts":745988,"dur":111,"pid":1,"tid":0},
{"name":"RigExecScaleConstraint neck_ik_neck_0_bind_scale_to_neck_0_bind","cat":"pose","ph":"X","ts":746099,"dur":192,"pid":1,"tid":0},
{"name":"RigExecParentConstraint neck_ik_neck_0_bind_to_neck_0_bind","cat":"pose","ph":"X","ts":746292,"dur":192,"pid":1,"tid":0},
{"name":"RigExecScaleConstraint neck_ik_neck_1_bind_scale_to_neck_1_bind","cat":"pose","ph":"X","ts":746485,"dur":163,"pid":1,"tid":0},
{"name":"RigExecParentConstraint neck_ik_neck_1_bind_to_neck_1_bind","cat":"pose","ph":"X","ts":746649,"dur":166,"pid":1,"tid":0},
{"name":"RigExecScaleConstraint neck_ik_neck_2_bind_scale_to_neck_2_bind","cat":"pose","ph":"X","ts":746816,"dur":139,"pid":1,"tid":0},
{"name":"RigExecParentConstraint neck_ik_neck_2_bind_to_neck_2_bind","cat":"pose","ph":"X","ts":746956,"dur":142,"pid":1,"tid":0},
{"name":"RigExecScaleConstraint neck_ik_neck_3_bind_scale_to_neck_3_bind","cat":"pose","ph":"X","ts":747099,"dur":115,"pid":1,"tid":0},
{"name":"RigExecParentConstraint neck_ik_neck_3_bind_to_neck_3_bind","cat":"pose","ph":"X","ts":747214,"dur":121,"pid":1,"tid":0},
{"name":"RigExecScaleConstraint neck_ik_skull_bind_scale_to_skull_bind","cat":"pose","ph":"X","ts":747336,"dur":92,"pid":1,"tid":0},
{"name":"RigExecParentConstraint neck_ik_skull_bind_to_skull_bind","cat":"pose","ph":"X","ts":747429,"dur":97,"pid":1,"tid":0},
{"name":"RigExecAimConstraint pelvis_trans_r_bind_aim","cat":"pose","ph":"X","ts":747526,"dur":24,"pid":1,"tid":0},
{"name":"RigExecAimConstraint pelvis_trans_l_bind_aim","cat":"pose","ph":"X","ts":747550,"dur":23,"pid":1,"tid":0},
{"name":"RigExecAimConstraint kneeTwist_r_bind_aim","cat":"pose","ph":"X","ts":747573,"dur":20,"pid":1,"tid":0},
{"name":"RigExecAimConstraint kneeTwist_l_bind_aim","cat":"pose","ph":"X","ts":747593,"dur":18,"pid":1,"tid":0},
{"name":"RigExecAimConstraint thighNoTwist_r_bind_aim","cat":"pose","ph":"X","ts":747612,"dur":15,"pid":1,"tid":0},
{"name":"RigExecAimConstraint thighNoTwist_l_bind_aim","cat":"pose","ph":"X","ts":747628,"dur":15,"pid":1,"tid":0},
{"name":"RigExecAimConstraint clavicle_trans_r_bind_aim","cat":"pose","ph":"X","ts":747643,"dur":20,"pid":1,"tid":0},
{"name":"RigExecAimConstraint clavicle_trans_l_bind_aim","cat":"pose","ph":"X","ts":747664,"dur":19,"pid":1,"tid":0},
{"name":"RigExecAimConstraint elbowTwist_r_bind_aim","cat":"pose","ph":"X","ts":747683,"dur":23,"pid":1,"tid":0},
{"name":"RigExecAimConstraint elbowTwist_l_bind_aim","cat":"pose","ph":"X","ts":747706,"dur":17,"pid":1,"tid":0},
{"name":"RigExecAimConstraint shoulderNoTwist_r_bind_aim","cat":"pose","ph":"X","ts":747724,"dur":16,"pid":1,"tid":0},
{"name":"RigExecAimConstraint shoulderNoTwist_l_bind_aim","cat":"pose","ph":"X","ts":747740,"dur":16,"pid":1,"tid":0},
{"name":"RigExecParentConstraint leg_r_params_to_ankle_r_bind","cat":"pose","ph":"X","ts":747757,"dur":16,"pid":1,"tid":0},
{"name":"RigExecParentConstraint leg_l_params_to_ankle_l_bind","cat":"pose","ph":"X","ts":747773,"dur":16,"pid":1,"tid":0},
{"name":"RigExecParentConstraint arm_r_params_to_wrist_r_bind","cat":"pose","ph":"X","ts":747789,"dur":15,"pid":1,"tid":0},
{"name":"RigExecParentConstraint arm_l_params_to_wrist_l_bind","cat":"pose","ph":"X","ts":747805,"dur":14,"pid":1,"tid":0},
{"name":"AuthoritativeSnapshot","cat":"exec","ph":"X","ts":748440,"dur":12747,"pid":1,"tid":0},
{"name":"SolverGuides","cat":"exec","ph":"X","ts":761949,"dur":2926,"pid":1,"tid":0},
{"name":"Assemble body_geo_skin","cat":"geometry","ph":"X","ts":765272,"dur":329,"pid":1,"tid":0},
{"name":"GraphEvaluate","cat":"geometry","ph":"X","ts":765673,"dur":857,"pid":1,"tid":0},
{"name":"AssembleDerived extent","cat":"geometry","ph":"X","ts":766545,"dur":49,"pid":1,"tid":0},
{"name":"DerivedEvaluate","cat":"geometry","ph":"X","ts":766633,"dur":76,"pid":1,"tid":0},
{"name":"Derived /Biped/Geom/body_geo.points","cat":"geometry","ph":"X","ts":766536,"dur":174,"pid":1,"tid":0},
{"name":"Chain /Biped/Geom/body_geo.points","cat":"geometry","ph":"X","ts":765063,"dur":1648,"pid":1,"tid":0},
{"name":"Evaluate@5","cat":"evaluate","ph":"X","ts":706695,"dur":60202,"pid":1,"tid":0},
{"name":"PropertyChain /Biped/Rig/Movers/ballRoll_l_down_rc/ballRoll_l_down_rotation.inputs:defaultWeight","cat":"property","ph":"X","ts":767058,"dur":88,"pid":1,"tid":0},
{"name":"PropertyChain /Biped/Rig/Movers/ballRoll_l_up_rc/ballRoll_l_up_rotation.inputs:defaultWeight","cat":"property","ph":"X","ts":767147,"dur":31,"pid":1,"tid":0},
{"name":"PropertyChain /Biped/Rig/Movers/ballRoll_r_down_rc/ballRoll_r_down_rotation.inputs:defaultWeight","cat":"property","ph":"X","ts":767179,"dur":55,"pid":1,"tid":0},
{"name":"PropertyChain /Biped/Rig/Movers/ballRoll_r_up_rc/ballRoll_r_up_rotation.inputs:defaultWeight","cat":"property","ph":"X","ts":767235,"dur":26,"pid":1,"tid":0},
{"name":"PropertyChain /Biped/Rig/Movers/bankIn_l_pivot_rc/bankIn_l_pivot_rotation.inputs:defaultWeight","cat":"property","ph":"X","ts":767262,"dur":28,"pid":1,"tid":0},
{"name":"PropertyChain /Biped/Rig/Movers/bankIn_r_pivot_rc/bankIn_r_pivot_rotation.inputs:defaultWeight","cat":"property","ph":"X","ts":767291,"dur":22,"pid":1,"tid":0},
{"name":"PropertyChain /Biped/Rig/Movers/bankOut_l_pivot_rc/bankOut_l_pivot_rotation.inputs:defaultWeight","cat":"property","ph":"X","ts":767314,"dur":22,"pid":1,"tid":0},
{"name":"PropertyChain /Biped/Rig/Movers/bankOut_r_pivot_rc/bankOut_r_pivot_rotation.inputs:defaultWeight","cat":"property","ph":"X","ts":767337,"dur":22,"pid":1,"tid":0},
{"name":"PropertyChain /Biped/Rig/Movers/heel_l_roll_rc/heel_l_roll_rotation.inputs:defaultWeight","cat":"property","ph":"X","ts":767360,"dur":23,"pid":1,"tid":0},
{"name":"PropertyChain /Biped/Rig/Movers/heel_r_roll_rc/heel_r_roll_rotation.inputs:defaultWeight","cat":"property","ph":"X","ts":767383,"dur":21,"pid":1,"tid":0},
{"name":"PropertyChain /Biped/Rig/Movers/toe_l_roll_rc/toe_l_roll_rotation.inputs:defaultWeight","cat":"property","ph":"X","ts":767405,"dur":38,"pid":1,"tid":0},
{"name":"PropertyChain /Biped/Rig/Movers/toe_r_roll_rc/toe_r_roll_rotation.inputs:defaultWeight","cat":"property","ph":"X","ts":767444,"dur":36,"pid":1,"tid":0},
{"name":"PropertyChains","cat":"property","ph":"X","ts":767055,"dur":426,"pid":1,"tid":0},
{"name":"PoseSeed","cat":"pose","ph":"X","ts":767482,"dur":16997,"pid":1,"tid":0},
{"name":"ExecEvaluate","cat":"exec","ph":"X","ts":785537,"dur":711,"pid":1,"tid":0},
{"name":"SolverBatch L0","cat":"pose","ph":"X","ts":785513,"dur":738,"pid":1,"tid":0},
{"name":"ExecEvaluate","cat":"exec","ph":"X","ts":786258,"dur":637,"pid":1,"tid":0},
{"name":"SolverBatch L0","cat":"pose","ph":"X","ts":786251,"dur":644,"pid":1,"tid":0},
{"name":"ExecEvaluate","cat":"exec","ph":"X","ts":786907,"dur":425,"pid":1,"tid":0},
{"name":"SolverBatch L0","cat":"pose","ph":"X","ts":786896,"dur":436,"pid":1,"tid":0},
{"name":"ExecEvaluate","cat":"exec","ph":"X","ts":787339,"dur":581,"pid":1,"tid":0},
{"name":"SolverBatch L0","cat":"pose","ph":"X","ts":787333,"dur":588,"pid":1,"tid":0},
{"name":"ExecEvaluate","cat":"exec","ph":"X","ts":787932,"dur":399,"pid":1,"tid":0},
{"name":"SolverBatch L0","cat":"pose","ph":"X","ts":787921,"dur":411,"pid":1,"tid":0},
{"name":"ExecEvaluate","cat":"exec","ph":"X","ts":788341,"dur":416,"pid":1,"tid":0},
{"name":"SolverBatch L0","cat":"pose","ph":"X","ts":788332,"dur":426,"pid":1,"tid":0},
{"name":"ExecEvaluate","cat":"exec","ph":"X","ts":788768,"dur":551,"pid":1,"tid":0},
{"name":"SolverBatch L0","cat":"pose","ph":"X","ts":788759,"dur":569,"pid":1,"tid":0},
{"name":"RigExecParentConstraint spine_mid_follow_pos","cat":"pose","ph":"X","ts":789329,"dur":77,"pid":1,"tid":0},
{"name":"ExecEvaluate","cat":"exec","ph":"X","ts":789408,"dur":539,"pid":1,"tid":0},
{"name":"SolverBatch L1","cat":"pose","ph":"X","ts":789406,"dur":696,"pid":1,"tid":0},
{"name":"ExecEvaluate","cat":"exec","ph":"X","ts":790104,"dur":576,"pid":1,"tid":0},
{"name":"SolverBatch L1","cat":"pose","ph":"X","ts":790102,"dur":727,"pid":1,"tid":0},
{"name":"RigExecAimConstraint spine_mid_follow_aim","cat":"pose","ph":"X","ts":790830,"dur":52,"pid":1,"tid":0},
{"name":"ExecEvaluate","cat":"exec","ph":"X","ts":790888,"dur":594,"pid":1,"tid":0},
{"name":"SolverBatch L2","cat":"pose","ph":"X","ts":790883,"dur":606,"pid":1,"tid":0},
{"name":"RigExecRotationConstraint bankIn_r_pivot_rotation","cat":"pose","ph":"X","ts":791489,"dur":8,"pid":1,"tid":0},
{"name":"RigExecRotationConstraint bankOut_r_pivot_rotation","cat":"pose","ph":"X","ts":791497,"dur":4,"pid":1,"tid":0},
{"name":"RigExecRotationConstraint heel_r_roll_rotation","cat":"pose","ph":"X","ts":791502,"dur":3,"pid":1,"tid":0},
{"name":"RigExecRotationConstraint toe_r_roll_rotation","cat":"pose","ph":"X","ts":791506,"dur":7,"pid":1,"tid":0},
{"name":"ExecEvaluate","cat":"exec","ph":"X","ts":791525,"dur":836,"pid":1,"tid":0},
{"name":"SolverBatch L6","cat":"pose","ph":"X","ts":791513,"dur":849,"pid":1,"tid":0},
{"name":"RigExecRotationConstraint ballRoll_r_up_rotation","cat":"pose","ph":"X","ts":792363,"dur":10,"pid":1,"tid":0},
{"name":"ExecEvaluate","cat":"exec","ph":"X","ts":792375,"dur":691,"pid":1,"tid":0},
{"name":"SolverBatch L7","cat":"pose","ph":"X","ts":792374,"dur":811,"pid":1,"tid":0},
{"name":"RigExecRotationConstraint ballRoll_r_down_rotation","cat":"pose","ph":"X","ts":793186,"dur":10,"pid":1,"tid":0},
{"name":"RigExecAimConstraint ankle_r_bind_aim","cat":"pose","ph":"X","ts":793196,"dur":133,"pid":1,"tid":0},
{"name":"RigExecAimConstraint ball_r_bind_aim","cat":"pose","ph":"X","ts":793329,"dur":92,"pid":1,"tid":0},
{"name":"RigExecRotationConstraint bankIn_l_pivot_rotation","cat":"pose","ph":"X","ts":793422,"dur":4,"pid":1,"tid":0},
{"name":"RigExecRotationConstraint bankOut_l_pivot_rotation","cat":"pose","ph":"X","ts":793427,"dur":3,"pid":1,"tid":0},
{"name":"RigExecRotationConstraint heel_l_roll_rotation","cat":"pose","ph":"X","ts":793431,"dur":4,"pid":1,"tid":0},
{"name":"RigExecRotationConstraint toe_l_roll_rotation","cat":"pose","ph":"X","ts":793436,"dur":6,"pid":1,"tid":0},
{"name":"ExecEvaluate","cat":"exec","ph":"X","ts":793454,"dur":781,"pid":1,"tid":0},
{"name":"SolverBatch L14","cat":"pose","ph":"X","ts":793442,"dur":794,"pid":1,"tid":0},
{"name":"RigExecRotationConstraint ballRoll_l_up_rotation","cat":"pose","ph":"X","ts":794237,"dur":10,"pid":1,"tid":0},
{"name":"ExecEvaluate","cat":"exec","ph":"X","ts":794249,"dur":687,"pid":1,"tid":0},
{"name":"SolverBatch L15","cat":"pose","ph":"X","ts":794248,"dur":810,"pid":1,"tid":0},
{"name":"RigExecRotationConstraint ballRoll_l_down_rotation","cat":"pose","ph":"X","ts":795058,"dur":9,"pid":1,"tid":0},
{"name":"RigExecAimConstraint ankle_l_bind_aim","cat":"pose","ph":"X","ts":795068,"dur":121,"pid":1,"tid":0},
{"name":"RigExecAimConstraint ball_l_bind_aim","cat":"pose","ph":"X","ts":795189,"dur":96,"pid":1,"tid":0},
{"name":"RigExecParentConstraint spine_root_ctl_drives_hips_bind","cat":"pose","ph":"X","ts":795286,"dur":1088,"pid":1,"tid":0},
{"name":"RigExecScaleConstraint spine_root_ctl_scales_hips_bind","cat":"pose","ph":"X","ts":796374,"dur":990,"pid":1,"tid":0},
{"name":"RigExecScaleConstraint spine_ik_spine_0_bind_scale_to_spine_0_bind","cat":"pose","ph":"X","ts":797364,"dur":737,"pid":1,"tid":0},
{"name":"RigExecParentConstraint spine_ik_spine_0_bind_to_spine_0_bind","cat":"pose","ph":"X","ts":798101,"dur":734,"pid":1,"tid":0},
{"name":"RigExecScaleConstraint spine_ik_spine_1_bind_scale_to_spine_1_bind","cat":"pose","ph":"X","ts":798836,"dur":680,"pid":1,"tid":0},
{"name":"RigExecParentConstraint spine_ik_spine_1_bind_to_spine_1_bind","cat":"pose","ph":"X","ts":799517,"dur":677,"pid":1,"tid":0},
{"name":"RigExecScaleConstraint spine_ik_spine_2_bind_scale_to_spine_2_bind","cat":"pose","ph":"X","ts":800194,"dur":637,"pid":1,"tid":0},
{"name":"RigExecParentConstraint spine_ik_spine_2_bind_to_spine_2_bind","cat":"pose","ph":"X","ts":800831,"dur":638,"pid":1,"tid":0},
{"name":"RigExecScaleConstraint spine_ik_spine_3_bind_scale_to_spine_3_bind","cat":"pose","ph":"X","ts":801469,"dur":592,"pid":1,"tid":0},
{"name":"RigExecParentConstraint spine_ik_spine_3_bind_to_spine_3_bind","cat":"pose","ph":"X","ts":802062,"dur":595,"pid":1,"tid":0},
{"name":"RigExecScaleConstraint spine_ik_spine_4_bind_scale_to_spine_4_bind","cat":"pose","ph":"X","ts":802657,"dur":548,"pid":1,"tid":0},
{"name":"RigExecParentConstraint spine_ik_spine_4_bind_to_spine_4_bind","cat":"pose","ph":"X","ts":803205,"dur":554,"pid":1,"tid":0},
{"name":"RigExecScaleConstraint spine_ik_spine_5_bind_scale_to_spine_5_bind","cat":"pose","ph":"X","ts":803759,"dur":507,"pid":1,"tid":0},
{"name":"RigExecParentConstraint spine_ik_spine_5_bind_to_spine_5_bind","cat":"pose","ph":"X","ts":804267,"dur":507,"pid":1,"tid":0},
{"name":"RigExecScaleConstraint spine_ik_chest_bind_scale_to_chest_bind","cat":"pose","ph":"X","ts":804774,"dur":526,"pid":1,"tid":0},
{"name":"RigExecParentConstraint spine_ik_chest_bind_to_chest_bind","cat":"pose","ph":"X","ts":805300,"dur":465,"pid":1,"tid":0},
{"name":"RigExecParentConstraint spine_end_ctl_drives_chest_bind","cat":"pose","ph":"X","ts":805765,"dur":466,"pid":1,"tid":0},
{"name":"RigExecPositionConstraint pelvis_r_ctl_drives_pelvis_r_bind","cat":"pose","ph":"X","ts":806231,"dur":109,"pid":1,"tid":0},
{"name":"RigExecPositionConstraint pelvis_l_ctl_drives_pelvis_l_bind","cat":"pose","ph":"X","ts":806340,"dur":102,"pid":1,"tid":0},
{"name":"RigExecPositionConstraint clavicle_r_ctl_drives_clavicle_r_bind","cat":"pose","ph":"X","ts":806442,"dur":119,"pid":1,"tid":0},
{"name":"RigExecPositionConstraint clavicle_l_ctl_drives_clavicle_l_bind","cat":"pose","ph":"X","ts":806562,"dur":111,"pid":1,"tid":0},
{"name":"RigExecScaleConstraint neck_ik_neck_0_bind_scale_to_neck_0_bind","cat":"pose","ph":"X","ts":806673,"dur":191,"pid":1,"tid":0},
{"name":"RigExecParentConstraint neck_ik_neck_0_bind_to_neck_0_bind","cat":"pose","ph":"X","ts":806864,"dur":193,"pid":1,"tid":0},
{"name":"RigExecScaleConstraint neck_ik_neck_1_bind_scale_to_neck_1_bind","cat":"pose","ph":"X","ts":807058,"dur":165,"pid":1,"tid":0},
{"name":"RigExecParentConstraint neck_ik_neck_1_bind_to_neck_1_bind","cat":"pose","ph":"X","ts":807223,"dur":166,"pid":1,"tid":0},
{"name":"RigExecScaleConstraint neck_ik_neck_2_bind_scale_to_neck_2_bind","cat":"pose","ph":"X","ts":807390,"dur":139,"pid":1,"tid":0},
{"name":"RigExecParentConstraint neck_ik_neck_2_bind_to_neck_2_bind","cat":"pose","ph":"X","ts":807529,"dur":142,"pid":1,"tid":0},
{"name":"RigExecScaleConstraint neck_ik_neck_3_bind_scale_to_neck_3_bind","cat":"pose","ph":"X","ts":807672,"dur":116,"pid":1,"tid":0},
{"name":"RigExecParentConstraint neck_ik_neck_3_bind_to_neck_3_bind","cat":"pose","ph":"X","ts":807788,"dur":119,"pid":1,"tid":0},
{"name":"RigExecScaleConstraint neck_ik_skull_bind_scale_to_skull_bind","cat":"pose","ph":"X","ts":807908,"dur":92,"pid":1,"tid":0},
{"name":"RigExecParentConstraint neck_ik_skull_bind_to_skull_bind","cat":"pose","ph":"X","ts":808001,"dur":96,"pid":1,"tid":0},
{"name":"RigExecAimConstraint pelvis_trans_r_bind_aim","cat":"pose","ph":"X","ts":808098,"dur":23,"pid":1,"tid":0},
{"name":"RigExecAimConstraint pelvis_trans_l_bind_aim","cat":"pose","ph":"X","ts":808121,"dur":23,"pid":1,"tid":0},
{"name":"RigExecAimConstraint kneeTwist_r_bind_aim","cat":"pose","ph":"X","ts":808144,"dur":20,"pid":1,"tid":0},
{"name":"RigExecAimConstraint kneeTwist_l_bind_aim","cat":"pose","ph":"X","ts":808164,"dur":19,"pid":1,"tid":0},
{"name":"RigExecAimConstraint thighNoTwist_r_bind_aim","cat":"pose","ph":"X","ts":808183,"dur":16,"pid":1,"tid":0},
{"name":"RigExecAimConstraint thighNoTwist_l_bind_aim","cat":"pose","ph":"X","ts":808199,"dur":16,"pid":1,"tid":0},
{"name":"RigExecAimConstraint clavicle_trans_r_bind_aim","cat":"pose","ph":"X","ts":808215,"dur":22,"pid":1,"tid":0},
{"name":"RigExecAimConstraint clavicle_trans_l_bind_aim","cat":"pose","ph":"X","ts":808238,"dur":19,"pid":1,"tid":0},
{"name":"RigExecAimConstraint elbowTwist_r_bind_aim","cat":"pose","ph":"X","ts":808258,"dur":24,"pid":1,"tid":0},
{"name":"RigExecAimConstraint elbowTwist_l_bind_aim","cat":"pose","ph":"X","ts":808282,"dur":17,"pid":1,"tid":0},
{"name":"RigExecAimConstraint shoulderNoTwist_r_bind_aim","cat":"pose","ph":"X","ts":808299,"dur":16,"pid":1,"tid":0},
{"name":"RigExecAimConstraint shoulderNoTwist_l_bind_aim","cat":"pose","ph":"X","ts":808316,"dur":16,"pid":1,"tid":0},
{"name":"RigExecParentConstraint leg_r_params_to_ankle_r_bind","cat":"pose","ph":"X","ts":808332,"dur":17,"pid":1,"tid":0},
{"name":"RigExecParentConstraint leg_l_params_to_ankle_l_bind","cat":"pose","ph":"X","ts":808349,"dur":16,"pid":1,"tid":0},
{"name":"RigExecParentConstraint arm_r_params_to_wrist_r_bind","cat":"pose","ph":"X","ts":808365,"dur":16,"pid":1,"tid":0},
{"name":"RigExecParentConstraint arm_l_params_to_wrist_l_bind","cat":"pose","ph":"X","ts":808381,"dur":15,"pid":1,"tid":0},
{"name":"AuthoritativeSnapshot","cat":"exec","ph":"X","ts":809011,"dur":15516,"pid":1,"tid":0},
{"name":"SolverGuides","cat":"exec","ph":"X","ts":825247,"dur":2988,"pid":1,"tid":0},
{"name":"Assemble body_geo_skin","cat":"geometry","ph":"X","ts":828648,"dur":655,"pid":1,"tid":0},
{"name":"GraphEvaluate","cat":"geometry","ph":"X","ts":829380,"dur":869,"pid":1,"tid":0},
{"name":"AssembleDerived extent","cat":"geometry","ph":"X","ts":830266,"dur":51,"pid":1,"tid":0},
{"name":"DerivedEvaluate","cat":"geometry","ph":"X","ts":830359,"dur":76,"pid":1,"tid":0},
{"name":"Derived /Biped/Geom/body_geo.points","cat":"geometry","ph":"X","ts":830255,"dur":181,"pid":1,"tid":0},
{"name":"Chain /Biped/Geom/body_geo.points","cat":"geometry","ph":"X","ts":828432,"dur":2005,"pid":1,"tid":0},
{"name":"Evaluate@6","cat":"evaluate","ph":"X","ts":767027,"dur":63624,"pid":1,"tid":0},
{"name":"PropertyChain /Biped/Rig/Movers/ballRoll_l_down_rc/ballRoll_l_down_rotation.inputs:defaultWeight","cat":"property","ph":"X","ts":830816,"dur":93,"pid":1,"tid":0},
{"name":"PropertyChain /Biped/Rig/Movers/ballRoll_l_up_rc/ballRoll_l_up_rotation.inputs:defaultWeight","cat":"property","ph":"X","ts":830910,"dur":33,"pid":1,"tid":0},
{"name":"PropertyChain /Biped/Rig/Movers/ballRoll_r_down_rc/ballRoll_r_down_rotation.inputs:defaultWeight","cat":"property","ph":"X","ts":830944,"dur":53,"pid":1,"tid":0},
{"name":"PropertyChain /Biped/Rig/Movers/ballRoll_r_up_rc/ballRoll_r_up_rotation.inputs:defaultWeight","cat":"property","ph":"X","ts":830998,"dur":30,"pid":1,"tid":0},
{"name":"PropertyChain /Biped/Rig/Movers/bankIn_l_pivot_rc/bankIn_l_pivot_rotation.inputs:defaultWeight","cat":"property","ph":"X","ts":831029,"dur":30,"pid":1,"tid":0},
{"name":"PropertyChain /Biped/Rig/Movers/bankIn_r_pivot_rc/bankIn_r_pivot_rotation.inputs:defaultWeight","cat":"property","ph":"X","ts":831060,"dur":22,"pid":1,"tid":0},
{"name":"PropertyChain /Biped/Rig/Movers/bankOut_l_pivot_rc/bankOut_l_pivot_rotation.inputs:defaultWeight","cat":"property","ph":"X","ts":831083,"dur":23,"pid":1,"tid":0},
{"name":"PropertyChain /Biped/Rig/Movers/bankOut_r_pivot_rc/bankOut_r_pivot_rotation.inputs:defaultWeight","cat":"property","ph":"X","ts":831106,"dur":24,"pid":1,"tid":0},
{"name":"PropertyChain /Biped/Rig/Movers/heel_l_roll_rc/heel_l_roll_rotation.inputs:defaultWeight","cat":"property","ph":"X","ts":831130,"dur":24,"pid":1,"tid":0},
{"name":"PropertyChain /Biped/Rig/Movers/heel_r_roll_rc/heel_r_roll_rotation.inputs:defaultWeight","cat":"property","ph":"X","ts":831154,"dur":21,"pid":1,"tid":0},
{"name":"PropertyChain /Biped/Rig/Movers/toe_l_roll_rc/toe_l_roll_rotation.inputs:defaultWeight","cat":"property","ph":"X","ts":831176,"dur":38,"pid":1,"tid":0},
{"name":"PropertyChain /Biped/Rig/Movers/toe_r_roll_rc/toe_r_roll_rotation.inputs:defaultWeight","cat":"property","ph":"X","ts":831214,"dur":42,"pid":1,"tid":0},
{"name":"PropertyChains","cat":"property","ph":"X","ts":830812,"dur":445,"pid":1,"tid":0},
{"name":"PoseSeed","cat":"pose","ph":"X","ts":831258,"dur":18341,"pid":1,"tid":0},
{"name":"ExecEvaluate","cat":"exec","ph":"X","ts":850618,"dur":679,"pid":1,"tid":0},
{"name":"SolverBatch L0","cat":"pose","ph":"X","ts":850595,"dur":705,"pid":1,"tid":0},
{"name":"ExecEvaluate","cat":"exec","ph":"X","ts":851307,"dur":617,"pid":1,"tid":0},
{"name":"SolverBatch L0","cat":"pose","ph":"X","ts":851300,"dur":625,"pid":1,"tid":0},
{"name":"ExecEvaluate","cat":"exec","ph":"X","ts":851941,"dur":469,"pid":1,"tid":0},
{"name":"SolverBatch L0","cat":"pose","ph":"X","ts":851925,"dur":486,"pid":1,"tid":0},
{"name":"ExecEvaluate","cat":"exec","ph":"X","ts":852417,"dur":584,"pid":1,"tid":0},
{"name":"SolverBatch L0","cat":"pose","ph":"X","ts":852411,"dur":591,"pid":1,"tid":0},
{"name":"ExecEvaluate","cat":"exec","ph":"X","ts":853012,"dur":495,"pid":1,"tid":0},
{"name":"SolverBatch L0","cat":"pose","ph":"X","ts":853002,"dur":506,"pid":1,"tid":0},
{"name":"ExecEvaluate","cat":"exec","ph":"X","ts":853517,"dur":415,"pid":1,"tid":0},
{"name":"SolverBatch L0","cat":"pose","ph":"X","ts":853508,"dur":425,"pid":1,"tid":0},
{"name":"ExecEvaluate","cat":"exec","ph":"X","ts":853943,"dur":517,"pid":1,"tid":0},
{"name":"SolverBatch L0","cat":"pose","ph":"X","ts":853933,"dur":535,"pid":1,"tid":0},
{"name":"RigExecParentConstraint spine_mid_follow_pos","cat":"pose","ph":"X","ts":854469,"dur":82,"pid":1,"tid":0},
{"name":"ExecEvaluate","cat":"exec","ph":"X","ts":854554,"dur":521,"pid":1,"tid":0},
{"name":"SolverBatch L1","cat":"pose","ph":"X","ts":854552,"dur":685,"pid":1,"tid":0},
{"name":"ExecEvaluate","cat":"exec","ph":"X","ts":855238,"dur":458,"pid":1,"tid":0},
{"name":"SolverBatch L1","cat":"pose","ph":"X","ts":855237,"dur":611,"pid":1,"tid":0},
{"name":"RigExecAimConstraint spine_mid_follow_aim","cat":"pose","ph":"X","ts":855848,"dur":52,"pid":1,"tid":0},
{"name":"ExecEvaluate","cat":"exec","ph":"X","ts":855906,"dur":563,"pid":1,"tid":0},
{"name":"SolverBatch L2","cat":"pose","ph":"X","ts":855901,"dur":574,"pid":1,"tid":0},
{"name":"RigExecRotationConstraint bankIn_r_pivot_rotation","cat":"pose","ph":"X","ts":856476,"dur":7,"pid":1,"tid":0},
{"name":"RigExecRotationConstraint bankOut_r_pivot_rotation","cat":"pose","ph":"X","ts":856483,"dur":4,"pid":1,"tid":0},
{"name":"RigExecRotationConstraint heel_r_roll_rotation","cat":"pose","ph":"X","ts":856488,"dur":8,"pid":1,"tid":0},
{"name":"RigExecRotationConstraint toe_r_roll_rotation","cat":"pose","ph":"X","ts":856497,"dur":8,"pid":1,"tid":0},
{"name":"ExecEvaluate","cat":"exec","ph":"X","ts":856519,"dur":851,"pid":1,"tid":0},
{"name":"SolverBatch L6","cat":"pose","ph":"X","ts":856505,"dur":866,"pid":1,"tid":0},
{"name":"RigExecRotationConstraint ballRoll_r_up_rotation","cat":"pose","ph":"X","ts":857372,"dur":11,"pid":1,"tid":0},
{"name":"ExecEvaluate","cat":"exec","ph":"X","ts":857385,"dur":678,"pid":1,"tid":0},
{"name":"SolverBatch L7","cat":"pose","ph":"X","ts":857383,"dur":804,"pid":1,"tid":0},
{"name":"RigExecRotationConstraint ballRoll_r_down_rotation","cat":"pose","ph":"X","ts":858188,"dur":9,"pid":1,"tid":0},
{"name":"RigExecAimConstraint ankle_r_bind_aim","cat":"pose","ph":"X","ts":858198,"dur":130,"pid":1,"tid":0},
{"name":"RigExecAimConstraint ball_r_bind_aim","cat":"pose","ph":"X","ts":858328,"dur":92,"pid":1,"tid":0},
{"name":"RigExecRotationConstraint bankIn_l_pivot_rotation","cat":"pose","ph":"X","ts":858421,"dur":4,"pid":1,"tid":0},
{"name":"RigExecRotationConstraint bankOut_l_pivot_rotation","cat":"pose","ph":"X","ts":858425,"dur":4,"pid":1,"tid":0},
{"name":"RigExecRotationConstraint heel_l_roll_rotation","cat":"pose","ph":"X","ts":858429,"dur":4,"pid":1,"tid":0},
{"name":"RigExecRotationConstraint toe_l_roll_rotation","cat":"pose","ph":"X","ts":858434,"dur":6,"pid":1,"tid":0},
{"name":"ExecEvaluate","cat":"exec","ph":"X","ts":858451,"dur":806,"pid":1,"tid":0},
{"name":"SolverBatch L14","cat":"pose","ph":"X","ts":858440,"dur":819,"pid":1,"tid":0},
{"name":"RigExecRotationConstraint ballRoll_l_up_rotation","cat":"pose","ph":"X","ts":859259,"dur":10,"pid":1,"tid":0},
{"name":"ExecEvaluate","cat":"exec","ph":"X","ts":859271,"dur":703,"pid":1,"tid":0},
{"name":"SolverBatch L15","cat":"pose","ph":"X","ts":859269,"dur":826,"pid":1,"tid":0},
{"name":"RigExecRotationConstraint ballRoll_l_down_rotation","cat":"pose","ph":"X","ts":860096,"dur":8,"pid":1,"tid":0},
{"name":"RigExecAimConstraint ankle_l_bind_aim","cat":"pose","ph":"X","ts":860104,"dur":120,"pid":1,"tid":0},
{"name":"RigExecAimConstraint ball_l_bind_aim","cat":"pose","ph":"X","ts":860224,"dur":89,"pid":1,"tid":0},
{"name":"RigExecParentConstraint spine_root_ctl_drives_hips_bind","cat":"pose","ph":"X","ts":860313,"dur":1090,"pid":1,"tid":0},
{"name":"RigExecScaleConstraint spine_root_ctl_scales_hips_bind","cat":"pose","ph":"X","ts":861404,"dur":989,"pid":1,"tid":0},
{"name":"RigExecScaleConstraint spine_ik_spine_0_bind_scale_to_spine_0_bind","cat":"pose","ph":"X","ts":862394,"dur":738,"pid":1,"tid":0},
{"name":"RigExecParentConstraint spine_ik_spine_0_bind_to_spine_0_bind","cat":"pose","ph":"X","ts":863132,"dur":735,"pid":1,"tid":0},
{"name":"RigExecScaleConstraint spine_ik_spine_1_bind_scale_to_spine_1_bind","cat":"pose","ph":"X","ts":863868,"dur":682,"pid":1,"tid":0},
{"name":"RigExecParentConstraint spine_ik_spine_1_bind_to_spine_1_bind","cat":"pose","ph":"X","ts":864551,"dur":682,"pid":1,"tid":0},
{"name":"RigExecScaleConstraint spine_ik_spine_2_bind_scale_to_spine_2_bind","cat":"pose","ph":"X","ts":865233,"dur":637,"pid":1,"tid":0},
{"name":"RigExecParentConstraint spine_ik_spine_2_bind_to_spine_2_bind","cat":"pose","ph":"X","ts":865870,"dur":639,"pid":1,"tid":0},
{"name":"RigExecScaleConstraint spine_ik_spine_3_bind_scale_to_spine_3_bind","cat":"pose","ph":"X","ts":866510,"dur":595,"pid":1,"tid":0},
{"name":"RigExecParentConstraint spine_ik_spine_3_bind_to_spine_3_bind","cat":"pose","ph":"X","ts":867105,"dur":597,"pid":1,"tid":0},
{"name":"RigExecScaleConstraint spine_ik_spine_4_bind_scale_to_spine_4_bind","cat":"pose","ph":"X","ts":867702,"dur":551,"pid":1,"tid":0},
{"name":"RigExecParentConstraint spine_ik_spine_4_bind_to_spine_4_bind","cat":"pose","ph":"X","ts":868254,"dur":550,"pid":1,"tid":0},
{"name":"RigExecScaleConstraint spine_ik_spine_5_bind_scale_to_spine_5_bind","cat":"pose","ph":"X","ts":868804,"dur":508,"pid":1,"tid":0},
{"name":"RigExecParentConstraint spine_ik_spine_5_bind_to_spine_5_bind","cat":"pose","ph":"X","ts":869312,"dur":508,"pid":1,"tid":0},
{"name":"RigExecScaleConstraint spine_ik_chest_bind_scale_to_chest_bind","cat":"pose","ph":"X","ts":869820,"dur":465,"pid":1,"tid":0},
{"name":"RigExecParentConstraint spine_ik_chest_bind_to_chest_bind","cat":"pose","ph":"X","ts":870286,"dur":462,"pid":1,"tid":0},
{"name":"RigExecParentConstraint spine_end_ctl_drives_chest_bind","cat":"pose","ph":"X","ts":870749,"dur":465,"pid":1,"tid":0},
{"name":"RigExecPositionConstraint pelvis_r_ctl_drives_pelvis_r_bind","cat":"pose","ph":"X","ts":871214,"dur":109,"pid":1,"tid":0},
{"name":"RigExecPositionConstraint pelvis_l_ctl_drives_pelvis_l_bind","cat":"pose","ph":"X","ts":871323,"dur":101,"pid":1,"tid":0},
{"name":"RigExecPositionConstraint clavicle_r_ctl_drives_clavicle_r_bind","cat":"pose","ph":"X","ts":871425,"dur":118,"pid":1,"tid":0},
{"name":"RigExecPositionConstraint clavicle_l_ctl_drives_clavicle_l_bind","cat":"pose","ph":"X","ts":871544,"dur":112,"pid":1,"tid":0},
{"name":"RigExecScaleConstraint neck_ik_neck_0_bind_scale_to_neck_0_bind","cat":"pose","ph":"X","ts":871656,"dur":191,"pid":1,"tid":0},
{"name":"RigExecParentConstraint neck_ik_neck_0_bind_to_neck_0_bind","cat":"pose","ph":"X","ts":871848,"dur":193,"pid":1,"tid":0},
{"name":"RigExecScaleConstraint neck_ik_neck_1_bind_scale_to_neck_1_bind","cat":"pose","ph":"X","ts":872041,"dur":164,"pid":1,"tid":0},
{"name":"RigExecParentConstraint neck_ik_neck_1_bind_to_neck_1_bind","cat":"pose","ph":"X","ts":872206,"dur":167,"pid":1,"tid":0},
{"name":"RigExecScaleConstraint neck_ik_neck_2_bind_scale_to_neck_2_bind","cat":"pose","ph":"X","ts":872374,"dur":140,"pid":1,"tid":0},
{"name":"RigExecParentConstraint neck_ik_neck_2_bind_to_neck_2_bind","cat":"pose","ph":"X","ts":872514,"dur":143,"pid":1,"tid":0},
{"name":"RigExecScaleConstraint neck_ik_neck_3_bind_scale_to_neck_3_bind","cat":"pose","ph":"X","ts":872658,"dur":115,"pid":1,"tid":0},
{"name":"RigExecParentConstraint neck_ik_neck_3_bind_to_neck_3_bind","cat":"pose","ph":"X","ts":872773,"dur":119,"pid":1,"tid":0},
{"name":"RigExecScaleConstraint neck_ik_skull_bind_scale_to_skull_bind","cat":"pose","ph":"X","ts":872893,"dur":92,"pid":1,"tid":0},
{"name":"RigExecParentConstraint neck_ik_skull_bind_to_skull_bind","cat":"pose","ph":"X","ts":872986,"dur":95,"pid":1,"tid":0},
{"name":"RigExecAimConstraint pelvis_trans_r_bind_aim","cat":"pose","ph":"X","ts":873082,"dur":22,"pid":1,"tid":0},
{"name":"RigExecAimConstraint pelvis_trans_l_bind_aim","cat":"pose","ph":"X","ts":873105,"dur":22,"pid":1,"tid":0},
{"name":"RigExecAimConstraint kneeTwist_r_bind_aim","cat":"pose","ph":"X","ts":873128,"dur":19,"pid":1,"tid":0},
{"name":"RigExecAimConstraint kneeTwist_l_bind_aim","cat":"pose","ph":"X","ts":873147,"dur":18,"pid":1,"tid":0},
{"name":"RigExecAimConstraint thighNoTwist_r_bind_aim","cat":"pose","ph":"X","ts":873166,"dur":16,"pid":1,"tid":0},
{"name":"RigExecAimConstraint thighNoTwist_l_bind_aim","cat":"pose","ph":"X","ts":873182,"dur":16,"pid":1,"tid":0},
{"name":"RigExecAimConstraint clavicle_trans_r_bind_aim","cat":"pose","ph":"X","ts":873198,"dur":83,"pid":1,"tid":0},
{"name":"RigExecAimConstraint clavicle_trans_l_bind_aim","cat":"pose","ph":"X","ts":873281,"dur":20,"pid":1,"tid":0},
{"name":"RigExecAimConstraint elbowTwist_r_bind_aim","cat":"pose","ph":"X","ts":873302,"dur":22,"pid":1,"tid":0},
{"name":"RigExecAimConstraint elbowTwist_l_bind_aim","cat":"pose","ph":"X","ts":873325,"dur":17,"pid":1,"tid":0},
{"name":"RigExecAimConstraint shoulderNoTwist_r_bind_aim","cat":"pose","ph":"X","ts":873342,"dur":17,"pid":1,"tid":0},
{"name":"RigExecAimConstraint shoulderNoTwist_l_bind_aim","cat":"pose","ph":"X","ts":873359,"dur":15,"pid":1,"tid":0},
{"name":"RigExecParentConstraint leg_r_params_to_ankle_r_bind","cat":"pose","ph":"X","ts":873375,"dur":17,"pid":1,"tid":0},
{"name":"RigExecParentConstraint leg_l_params_to_ankle_l_bind","cat":"pose","ph":"X","ts":873392,"dur":16,"pid":1,"tid":0},
{"name":"RigExecParentConstraint arm_r_params_to_wrist_r_bind","cat":"pose","ph":"X","ts":873408,"dur":16,"pid":1,"tid":0},
{"name":"RigExecParentConstraint arm_l_params_to_wrist_l_bind","cat":"pose","ph":"X","ts":873424,"dur":15,"pid":1,"tid":0},
{"name":"AuthoritativeSnapshot","cat":"exec","ph":"X","ts":874060,"dur":15181,"pid":1,"tid":0},
{"name":"SolverGuides","cat":"exec","ph":"X","ts":889956,"dur":3097,"pid":1,"tid":0},
{"name":"Assemble body_geo_skin","cat":"geometry","ph":"X","ts":893473,"dur":316,"pid":1,"tid":0},
{"name":"GraphEvaluate","cat":"geometry","ph":"X","ts":893856,"dur":852,"pid":1,"tid":0},
{"name":"AssembleDerived extent","cat":"geometry","ph":"X","ts":894725,"dur":45,"pid":1,"tid":0},
{"name":"DerivedEvaluate","cat":"geometry","ph":"X","ts":894808,"dur":76,"pid":1,"tid":0},
{"name":"Derived /Biped/Geom/body_geo.points","cat":"geometry","ph":"X","ts":894715,"dur":170,"pid":1,"tid":0},
{"name":"Chain /Biped/Geom/body_geo.points","cat":"geometry","ph":"X","ts":893243,"dur":1643,"pid":1,"tid":0},
{"name":"Evaluate@7","cat":"evaluate","ph":"X","ts":830780,"dur":64307,"pid":1,"tid":0},
{"name":"PropertyChain /Biped/Rig/Movers/ballRoll_l_down_rc/ballRoll_l_down_rotation.inputs:defaultWeight","cat":"property","ph":"X","ts":895245,"dur":88,"pid":1,"tid":0},
{"name":"PropertyChain /Biped/Rig/Movers/ballRoll_l_up_rc/ballRoll_l_up_rotation.inputs:defaultWeight","cat":"property","ph":"X","ts":895333,"dur":31,"pid":1,"tid":0},
{"name":"PropertyChain /Biped/Rig/Movers/ballRoll_r_down_rc/ballRoll_r_down_rotation.inputs:defaultWeight","cat":"property","ph":"X","ts":895365,"dur":50,"pid":1,"tid":0},
{"name":"PropertyChain /Biped/Rig/Movers/ballRoll_r_up_rc/ballRoll_r_up_rotation.inputs:defaultWeight","cat":"property","ph":"X","ts":895416,"dur":30,"pid":1,"tid":0},
{"name":"PropertyChain /Biped/Rig/Movers/bankIn_l_pivot_rc/bankIn_l_pivot_rotation.inputs:defaultWeight","cat":"property","ph":"X","ts":895447,"dur":30,"pid":1,"tid":0},
{"name":"PropertyChain /Biped/Rig/Movers/bankIn_r_pivot_rc/bankIn_r_pivot_rotation.inputs:defaultWeight","cat":"property","ph":"X","ts":895477,"dur":25,"pid":1,"tid":0},
{"name":"PropertyChain /Biped/Rig/Movers/bankOut_l_pivot_rc/bankOut_l_pivot_rotation.inputs:defaultWeight","cat":"property","ph":"X","ts":895503,"dur":24,"pid":1,"tid":0},
{"name":"PropertyChain /Biped/Rig/Movers/bankOut_r_pivot_rc/bankOut_r_pivot_rotation.inputs:defaultWeight","cat":"property","ph":"X","ts":895527,"dur":24,"pid":1,"tid":0},
{"name":"PropertyChain /Biped/Rig/Movers/heel_l_roll_rc/heel_l_roll_rotation.inputs:defaultWeight","cat":"property","ph":"X","ts":895552,"dur":25,"pid":1,"tid":0},
{"name":"PropertyChain /Biped/Rig/Movers/heel_r_roll_rc/heel_r_roll_rotation.inputs:defaultWeight","cat":"property","ph":"X","ts":895578,"dur":22,"pid":1,"tid":0},
{"name":"PropertyChain /Biped/Rig/Movers/toe_l_roll_rc/toe_l_roll_rotation.inputs:defaultWeight","cat":"property","ph":"X","ts":895601,"dur":39,"pid":1,"tid":0},
{"name":"PropertyChain /Biped/Rig/Movers/toe_r_roll_rc/toe_r_roll_rotation.inputs:defaultWeight","cat":"property","ph":"X","ts":895640,"dur":40,"pid":1,"tid":0},
{"name":"PropertyChains","cat":"property","ph":"X","ts":895242,"dur":439,"pid":1,"tid":0},
{"name":"PoseSeed","cat":"pose","ph":"X","ts":895682,"dur":17378,"pid":1,"tid":0},
{"name":"ExecEvaluate","cat":"exec","ph":"X","ts":913977,"dur":695,"pid":1,"tid":0},
{"name":"SolverBatch L0","cat":"pose","ph":"X","ts":913953,"dur":722,"pid":1,"tid":0},
{"name":"ExecEvaluate","cat":"exec","ph":"X","ts":914682,"dur":636,"pid":1,"tid":0},
{"name":"SolverBatch L0","cat":"pose","ph":"X","ts":914675,"dur":644,"pid":1,"tid":0},
{"name":"ExecEvaluate","cat":"exec","ph":"X","ts":915333,"dur":459,"pid":1,"tid":0},
{"name":"SolverBatch L0","cat":"pose","ph":"X","ts":915320,"dur":473,"pid":1,"tid":0},
{"name":"ExecEvaluate","cat":"exec","ph":"X","ts":915799,"dur":583,"pid":1,"tid":0},
{"name":"SolverBatch L0","cat":"pose","ph":"X","ts":915793,"dur":590,"pid":1,"tid":0},
{"name":"ExecEvaluate","cat":"exec","ph":"X","ts":916393,"dur":428,"pid":1,"tid":0},
{"name":"SolverBatch L0","cat":"pose","ph":"X","ts":916383,"dur":438,"pid":1,"tid":0},
{"name":"ExecEvaluate","cat":"exec","ph":"X","ts":916830,"dur":411,"pid":1,"tid":0},
{"name":"SolverBatch L0","cat":"pose","ph":"X","ts":916822,"dur":420,"pid":1,"tid":0},
{"name":"ExecEvaluate","cat":"exec","ph":"X","ts":917251,"dur":499,"pid":1,"tid":0},
{"name":"SolverBatch L0","cat":"pose","ph":"X","ts":917242,"dur":515,"pid":1,"tid":0},
{"name":"RigExecParentConstraint spine_mid_follow_pos","cat":"pose","ph":"X","ts":917759,"dur":80,"pid":1,"tid":0},
{"name":"ExecEvaluate","cat":"exec","ph":"X","ts":917841,"dur":538,"pid":1,"tid":0},
{"name":"SolverBatch L1","cat":"pose","ph":"X","ts":917840,"dur":695,"pid":1,"tid":0},
{"name":"ExecEvaluate","cat":"exec","ph":"X","ts":918537,"dur":536,"pid":1,"tid":0},
{"name":"SolverBatch L1","cat":"pose","ph":"X","ts":918536,"dur":692,"pid":1,"tid":0},
{"name":"RigExecAimConstraint spine_mid_follow_aim","cat":"pose","ph":"X","ts":919229,"dur":51,"pid":1,"tid":0},
{"name":"ExecEvaluate","cat":"exec","ph":"X","ts":919286,"dur":621,"pid":1,"tid":0},
{"name":"SolverBatch L2","cat":"pose","ph":"X","ts":919281,"dur":632,"pid":1,"tid":0},
{"name":"RigExecRotationConstraint bankIn_r_pivot_rotation","cat":"pose","ph":"X","ts":919914,"dur":8,"pid":1,"tid":0},
{"name":"RigExecRotationConstraint bankOut_r_pivot_rotation","cat":"pose","ph":"X","ts":919923,"dur":4,"pid":1,"tid":0},
{"name":"RigExecRotationConstraint heel_r_roll_rotation","cat":"pose","ph":"X","ts":919927,"dur":5,"pid":1,"tid":0},
{"name":"RigExecRotationConstraint toe_r_roll_rotation","cat":"pose","ph":"X","ts":919932,"dur":13,"pid":1,"tid":0},
{"name":"ExecEvaluate","cat":"exec","ph":"X","ts":919957,"dur":813,"pid":1,"tid":0},
{"name":"SolverBatch L6","cat":"pose","ph":"X","ts":919945,"dur":826,"pid":1,"tid":0},
{"name":"RigExecRotationConstraint ballRoll_r_up_rotation","cat":"pose","ph":"X","ts":920772,"dur":12,"pid":1,"tid":0},
{"name":"ExecEvaluate","cat":"exec","ph":"X","ts":920786,"dur":653,"pid":1,"tid":0},
{"name":"SolverBatch L7","cat":"pose","ph":"X","ts":920784,"dur":774,"pid":1,"tid":0},
{"name":"RigExecRotationConstraint ballRoll_r_down_rotation","cat":"pose","ph":"X","ts":921559,"dur":9,"pid":1,"tid":0},
{"name":"RigExecAimConstraint ankle_r_bind_aim","cat":"pose","ph":"X","ts":921568,"dur":127,"pid":1,"tid":0},
{"name":"RigExecAimConstraint ball_r_bind_aim","cat":"pose","ph":"X","ts":921695,"dur":91,"pid":1,"tid":0},
{"name":"RigExecRotationConstraint bankIn_l_pivot_rotation","cat":"pose","ph":"X","ts":921786,"dur":4,"pid":1,"tid":0},
{"name":"RigExecRotationConstraint bankOut_l_pivot_rotation","cat":"pose","ph":"X","ts":921791,"dur":3,"pid":1,"tid":0},
{"name":"RigExecRotationConstraint heel_l_roll_rotation","cat":"pose","ph":"X","ts":921794,"dur":5,"pid":1,"tid":0},
{"name":"RigExecRotationConstraint toe_l_roll_rotation","cat":"pose","ph":"X","ts":921799,"dur":6,"pid":1,"tid":0},
{"name":"ExecEvaluate","cat":"exec","ph":"X","ts":921816,"dur":803,"pid":1,"tid":0},
{"name":"SolverBatch L14","cat":"pose","ph":"X","ts":921805,"dur":815,"pid":1,"tid":0},
{"name":"RigExecRotationConstraint ballRoll_l_up_rotation","cat":"pose","ph":"X","ts":922621,"dur":11,"pid":1,"tid":0},
{"name":"ExecEvaluate","cat":"exec","ph":"X","ts":922634,"dur":716,"pid":1,"tid":0},
{"name":"SolverBatch L15","cat":"pose","ph":"X","ts":922632,"dur":839,"pid":1,"tid":0},
{"name":"RigExecRotationConstraint ballRoll_l_down_rotation","cat":"pose","ph":"X","ts":923471,"dur":9,"pid":1,"tid":0},
{"name":"RigExecAimConstraint ankle_l_bind_aim","cat":"pose","ph":"X","ts":923480,"dur":118,"pid":1,"tid":0},
{"name":"RigExecAimConstraint ball_l_bind_aim","cat":"pose","ph":"X","ts":923599,"dur":90,"pid":1,"tid":0},
{"name":"RigExecParentConstraint spine_root_ctl_drives_hips_bind","cat":"pose","ph":"X","ts":923689,"dur":1095,"pid":1,"tid":0},
{"name":"RigExecScaleConstraint spine_root_ctl_scales_hips_bind","cat":"pose","ph":"X","ts":924785,"dur":996,"pid":1,"tid":0},
{"name":"RigExecScaleConstraint spine_ik_spine_0_bind_scale_to_spine_0_bind","cat":"pose","ph":"X","ts":925781,"dur":742,"pid":1,"tid":0},
{"name":"RigExecParentConstraint spine_ik_spine_0_bind_to_spine_0_bind","cat":"pose","ph":"X","ts":926524,"dur":739,"pid":1,"tid":0},
{"name":"RigExecScaleConstraint spine_ik_spine_1_bind_scale_to_spine_1_bind","cat":"pose","ph":"X","ts":927263,"dur":683,"pid":1,"tid":0},
{"name":"RigExecParentConstraint spine_ik_spine_1_bind_to_spine_1_bind","cat":"pose","ph":"X","ts":927946,"dur":686,"pid":1,"tid":0},
{"name":"RigExecScaleConstraint spine_ik_spine_2_bind_scale_to_spine_2_bind","cat":"pose","ph":"X","ts":928633,"dur":647,"pid":1,"tid":0},
{"name":"RigExecParentConstraint spine_ik_spine_2_bind_to_spine_2_bind","cat":"pose","ph":"X","ts":929280,"dur":640,"pid":1,"tid":0},
{"name":"RigExecScaleConstraint spine_ik_spine_3_bind_scale_to_spine_3_bind","cat":"pose","ph":"X","ts":929921,"dur":599,"pid":1,"tid":0},
{"name":"RigExecParentConstraint spine_ik_spine_3_bind_to_spine_3_bind","cat":"pose","ph":"X","ts":930521,"dur":598,"pid":1,"tid":0},
{"name":"RigExecScaleConstraint spine_ik_spine_4_bind_scale_to_spine_4_bind","cat":"pose","ph":"X","ts":931119,"dur":555,"pid":1,"tid":0},
{"name":"RigExecParentConstraint spine_ik_spine_4_bind_to_spine_4_bind","cat":"pose","ph":"X","ts":931674,"dur":555,"pid":1,"tid":0},
{"name":"RigExecScaleConstraint spine_ik_spine_5_bind_scale_to_spine_5_bind","cat":"pose","ph":"X","ts":932229,"dur":509,"pid":1,"tid":0},
{"name":"RigExecParentConstraint spine_ik_spine_5_bind_to_spine_5_bind","cat":"pose","ph":"X","ts":932739,"dur":512,"pid":1,"tid":0},
{"name":"RigExecScaleConstraint spine_ik_chest_bind_scale_to_chest_bind","cat":"pose","ph":"X","ts":933251,"dur":465,"pid":1,"tid":0},
{"name":"RigExecParentConstraint spine_ik_chest_bind_to_chest_bind","cat":"pose","ph":"X","ts":933717,"dur":464,"pid":1,"tid":0},
{"name":"RigExecParentConstraint spine_end_ctl_drives_chest_bind","cat":"pose","ph":"X","ts":934182,"dur":469,"pid":1,"tid":0},
{"name":"RigExecPositionConstraint pelvis_r_ctl_drives_pelvis_r_bind","cat":"pose","ph":"X","ts":934651,"dur":108,"pid":1,"tid":0},
{"name":"RigExecPositionConstraint pelvis_l_ctl_drives_pelvis_l_bind","cat":"pose","ph":"X","ts":934760,"dur":101,"pid":1,"tid":0},
{"name":"RigExecPositionConstraint clavicle_r_ctl_drives_clavicle_r_bind","cat":"pose","ph":"X","ts":934861,"dur":118,"pid":1,"tid":0},
{"name":"RigExecPositionConstraint clavicle_l_ctl_drives_clavicle_l_bind","cat":"pose","ph":"X","ts":934979,"dur":112,"pid":1,"tid":0},
{"name":"RigExecScaleConstraint neck_ik_neck_0_bind_scale_to_neck_0_bind","cat":"pose","ph":"X","ts":935091,"dur":195,"pid":1,"tid":0},
{"name":"RigExecParentConstraint neck_ik_neck_0_bind_to_neck_0_bind","cat":"pose","ph":"X","ts":935286,"dur":195,"pid":1,"tid":0},
{"name":"RigExecScaleConstraint neck_ik_neck_1_bind_scale_to_neck_1_bind","cat":"pose","ph":"X","ts":935481,"dur":164,"pid":1,"tid":0},
{"name":"RigExecParentConstraint neck_ik_neck_1_bind_to_neck_1_bind","cat":"pose","ph":"X","ts":935646,"dur":168,"pid":1,"tid":0},
{"name":"RigExecScaleConstraint neck_ik_neck_2_bind_scale_to_neck_2_bind","cat":"pose","ph":"X","ts":935814,"dur":139,"pid":1,"tid":0},
{"name":"RigExecParentConstraint neck_ik_neck_2_bind_to_neck_2_bind","cat":"pose","ph":"X","ts":935954,"dur":144,"pid":1,"tid":0},
{"name":"RigExecScaleConstraint neck_ik_neck_3_bind_scale_to_neck_3_bind","cat":"pose","ph":"X","ts":936098,"dur":116,"pid":1,"tid":0},
{"name":"RigExecParentConstraint neck_ik_neck_3_bind_to_neck_3_bind","cat":"pose","ph":"X","ts":936214,"dur":123,"pid":1,"tid":0},
{"name":"RigExecScaleConstraint neck_ik_skull_bind_scale_to_skull_bind","cat":"pose","ph":"X","ts":936337,"dur":93,"pid":1,"tid":0},
{"name":"RigExecParentConstraint neck_ik_skull_bind_to_skull_bind","cat":"pose","ph":"X","ts":936431,"dur":96,"pid":1,"tid":0},
{"name":"RigExecAimConstraint pelvis_trans_r_bind_aim","cat":"pose","ph":"X","ts":936527,"dur":24,"pid":1,"tid":0},
{"name":"RigExecAimConstraint pelvis_trans_l_bind_aim","cat":"pose","ph":"X","ts":936551,"dur":21,"pid":1,"tid":0},
{"name":"RigExecAimConstraint kneeTwist_r_bind_aim","cat":"pose","ph":"X","ts":936573,"dur":18,"pid":1,"tid":0},
{"name":"RigExecAimConstraint kneeTwist_l_bind_aim","cat":"pose","ph":"X","ts":936592,"dur":18,"pid":1,"tid":0},
{"name":"RigExecAimConstraint thighNoTwist_r_bind_aim","cat":"pose","ph":"X","ts":936610,"dur":16,"pid":1,"tid":0},
{"name":"RigExecAimConstraint thighNoTwist_l_bind_aim","cat":"pose","ph":"X","ts":936627,"dur":15,"pid":1,"tid":0},
{"name":"RigExecAimConstraint clavicle_trans_r_bind_aim","cat":"pose","ph":"X","ts":936642,"dur":21,"pid":1,"tid":0},
{"name":"RigExecAimConstraint clavicle_trans_l_bind_aim","cat":"pose","ph":"X","ts":936663,"dur":19,"pid":1,"tid":0},
{"name":"RigExecAimConstraint elbowTwist_r_bind_aim","cat":"pose","ph":"X","ts":936682,"dur":18,"pid":1,"tid":0},
{"name":"RigExecAimConstraint elbowTwist_l_bind_aim","cat":"pose","ph":"X","ts":936700,"dur":21,"pid":1,"tid":0},
{"name":"RigExecAimConstraint shoulderNoTwist_r_bind_aim","cat":"pose","ph":"X","ts":936721,"dur":16,"pid":1,"tid":0},
{"name":"RigExecAimConstraint shoulderNoTwist_l_bind_aim","cat":"pose","ph":"X","ts":936738,"dur":15,"pid":1,"tid":0},
{"name":"RigExecParentConstraint leg_r_params_to_ankle_r_bind","cat":"pose","ph":"X","ts":936753,"dur":17,"pid":1,"tid":0},
{"name":"RigExecParentConstraint leg_l_params_to_ankle_l_bind","cat":"pose","ph":"X","ts":936771,"dur":15,"pid":1,"tid":0},
{"name":"RigExecParentConstraint arm_r_params_to_wrist_r_bind","cat":"pose","ph":"X","ts":936786,"dur":16,"pid":1,"tid":0},
{"name":"RigExecParentConstraint arm_l_params_to_wrist_l_bind","cat":"pose","ph":"X","ts":936802,"dur":16,"pid":1,"tid":0},
{"name":"AuthoritativeSnapshot","cat":"exec","ph":"X","ts":937426,"dur":12528,"pid":1,"tid":0},
{"name":"SolverGuides","cat":"exec","ph":"X","ts":950840,"dur":2776,"pid":1,"tid":0},
{"name":"Assemble body_geo_skin","cat":"geometry","ph":"X","ts":954010,"dur":326,"pid":1,"tid":0},
{"name":"GraphEvaluate","cat":"geometry","ph":"X","ts":954402,"dur":858,"pid":1,"tid":0},
{"name":"AssembleDerived extent","cat":"geometry","ph":"X","ts":955277,"dur":44,"pid":1,"tid":0},
{"name":"DerivedEvaluate","cat":"geometry","ph":"X","ts":955360,"dur":78,"pid":1,"tid":0},
{"name":"Derived /Biped/Geom/body_geo.points","cat":"geometry","ph":"X","ts":955266,"dur":174,"pid":1,"tid":0},
{"name":"Chain /Biped/Geom/body_geo.points","cat":"geometry","ph":"X","ts":953801,"dur":1640,"pid":1,"tid":0},
{"name":"Evaluate@8","cat":"evaluate","ph":"X","ts":895185,"dur":60490,"pid":1,"tid":0}
],"displayTimeUnit":"ms"}
