#usda 1.0
(
    defaultPrim = "Shion"
    doc = "A 150-frame layered mesh parameter sweep for bust_dd_b_rig.usda (the rig reveal): angle X +-30 and angle Y +-15 through the fitted head warp, the tilt, eye look, blinks, brows, the mouth grid and the comedy take. Only control avars are authored. Generated by build_bust.py."
    endTimeCode = 150
    framesPerSecond = 30
    startTimeCode = 1
    subLayers = [
        @./bust_dd_b_rig.usda@
    ]
    timeCodesPerSecond = 30
)

over "Shion"
{
    over "Rig"
    {
        over "Controls"
        {
            over "Body_ctl"
            {
                double avars:rz.timeSamples = {
                    1: 0,
                    2: -0.0428,
                    3: -0.0881,
                    4: -0.1357,
                    5: -0.1852,
                    6: -0.2364,
                    7: -0.289,
                    8: -0.3427,
                    9: -0.3972,
                    10: -0.4521,
                    11: -0.5073,
                    12: -0.5623,
                    13: -0.617,
                    14: -0.671,
                    15: -0.724,
                    16: -0.7757,
                    17: -0.8258,
                    18: -0.8741,
                    19: -0.9202,
                    20: -0.9638,
                    21: -1.0047,
                    22: -1.0426,
                    23: -1.077,
                    24: -1.1079,
                    25: -1.1348,
                    26: -1.1575,
                    27: -1.1756,
                    28: -1.189,
                    29: -1.1972,
                    30: -1.2,
                    31: -1.191,
                    32: -1.165,
                    33: -1.1233,
                    34: -1.0671,
                    35: -0.9977,
                    36: -0.9166,
                    37: -0.825,
                    38: -0.7242,
                    39: -0.6155,
                    40: -0.5003,
                    41: -0.3798,
                    42: -0.2554,
                    43: -0.1284,
                    44: 0,
                    45: 0.1284,
                    46: 0.2554,
                    47: 0.3798,
                    48: 0.5003,
                    49: 0.6155,
                    50: 0.7242,
                    51: 0.825,
                    52: 0.9166,
                    53: 0.9977,
                    54: 1.0671,
                    55: 1.1233,
                    56: 1.165,
                    57: 1.191,
                    58: 1.2,
                    59: 1.1948,
                    60: 1.1798,
                    61: 1.1558,
                    62: 1.1235,
                    63: 1.0839,
                    64: 1.0378,
                    65: 0.9859,
                    66: 0.9291,
                    67: 0.8682,
                    68: 0.804,
                    69: 0.7374,
                    70: 0.6691,
                    71: 0.6,
                    72: 0.5309,
                    73: 0.4626,
                    74: 0.396,
                    75: 0.3318,
                    76: 0.2709,
                    77: 0.2141,
                    78: 0.1622,
                    79: 0.1161,
                    80: 0.0765,
                    81: 0.0442,
                    82: 0.0202,
                    83: 0.0052,
                    84: 0,
                    85: 0,
                    86: 0,
                    87: 0,
                    88: 0,
                    89: 0,
                    90: 0,
                    91: 0,
                    92: 0,
                    93: 0,
                    94: 0,
                    95: 0,
                    96: 0,
                    97: 0,
                    98: 0,
                    99: 0,
                    100: 0,
                    101: 0,
                    102: 0,
                    103: 0,
                    104: 0,
                    105: 0,
                    106: 0,
                    107: 0,
                    108: 0,
                    109: 0,
                    110: 0,
                    111: 0,
                    112: 0,
                    113: 0,
                    114: 0,
                    115: 0,
                    116: 0,
                    117: 0,
                    118: 0,
                    119: 0,
                    120: 0,
                    121: 0,
                    122: 0,
                    123: 0,
                    124: 0,
                    125: 0,
                    126: 0,
                    127: 0,
                    128: 0,
                    129: 0,
                    130: 0,
                    131: 0,
                    132: 0,
                    133: 0,
                    134: 0,
                    135: 0,
                    136: 0,
                    137: 0,
                    138: 0,
                    139: 0,
                    140: 0,
                    141: 0,
                    142: 0,
                    143: 0,
                    144: 0,
                    145: 0,
                    146: 0,
                    147: 0,
                    148: 0,
                    149: 0,
                    150: 0,
                }
                double avars:tx.timeSamples = {
                    1: 0,
                    2: 0,
                    3: 0,
                    4: 0,
                    5: 0,
                    6: 0,
                    7: 0,
                    8: 0,
                    9: 0,
                    10: 0,
                    11: 0,
                    12: 0,
                    13: 0,
                    14: 0,
                    15: 0,
                    16: 0,
                    17: 0,
                    18: 0,
                    19: 0,
                    20: 0,
                    21: 0,
                    22: 0,
                    23: 0,
                    24: 0,
                    25: 0,
                    26: 0,
                    27: 0,
                    28: 0,
                    29: 0,
                    30: 0,
                    31: 0,
                    32: 0,
                    33: 0,
                    34: 0,
                    35: 0,
                    36: 0,
                    37: 0,
                    38: 0,
                    39: 0,
                    40: 0,
                    41: 0,
                    42: 0,
                    43: 0,
                    44: 0,
                    45: 0,
                    46: 0,
                    47: 0,
                    48: 0,
                    49: 0,
                    50: 0,
                    51: 0,
                    52: 0,
                    53: 0,
                    54: 0,
                    55: 0,
                    56: 0,
                    57: 0,
                    58: 0,
                    59: 0,
                    60: 0,
                    61: 0,
                    62: 0,
                    63: 0,
                    64: 0,
                    65: 0,
                    66: 0,
                    67: 0,
                    68: 0,
                    69: 0,
                    70: 0,
                    71: 0,
                    72: 0,
                    73: 0,
                    74: 0,
                    75: 0,
                    76: 0,
                    77: 0,
                    78: 0,
                    79: 0,
                    80: 0,
                    81: 0,
                    82: 0,
                    83: 0,
                    84: 0,
                    85: 0,
                    86: 0,
                    87: 0,
                    88: 0,
                    89: 0,
                    90: 0,
                    91: 0,
                    92: 0,
                    93: 0,
                    94: 0,
                    95: 0,
                    96: 0,
                    97: 0,
                    98: 0,
                    99: 0,
                    100: 0,
                    101: 0,
                    102: 0,
                    103: 0,
                    104: 0,
                    105: 0,
                    106: 0,
                    107: 0,
                    108: 0,
                    109: 0,
                    110: 0,
                    111: 0,
                    112: 0,
                    113: 0,
                    114: 0,
                    115: 0,
                    116: 0,
                    117: 0,
                    118: 0,
                    119: 0,
                    120: 0,
                    121: 0,
                    122: 0,
                    123: 0,
                    124: 0,
                    125: 0,
                    126: 0,
                    127: 0,
                    128: 0,
                    129: 0,
                    130: 0,
                    131: 0,
                    132: 0,
                    133: 0,
                    134: 0,
                    135: 0,
                    136: 0,
                    137: 0,
                    138: 0,
                    139: 0,
                    140: 0,
                    141: 0,
                    142: 0,
                    143: 0,
                    144: 0,
                    145: 0,
                    146: 0,
                    147: 0,
                    148: 0,
                    149: 0,
                    150: 0,
                }

                over "Neck_ctl"
                {
                    double avars:rz.timeSamples = {
                        1: 0,
                        2: 0,
                        3: 0,
                        4: 0,
                        5: 0,
                        6: 0,
                        7: 0,
                        8: 0,
                        9: 0,
                        10: 0,
                        11: 0,
                        12: -0.0218,
                        13: -0.084,
                        14: -0.1815,
                        15: -0.3092,
                        16: -0.4621,
                        17: -0.6352,
                        18: -0.8234,
                        19: -1.0217,
                        20: -1.225,
                        21: -1.4283,
                        22: -1.6266,
                        23: -1.8148,
                        24: -1.9879,
                        25: -2.1408,
                        26: -2.2685,
                        27: -2.366,
                        28: -2.4282,
                        29: -2.45,
                        30: -2.4425,
                        31: -2.4227,
                        32: -2.3946,
                        33: -2.3625,
                        34: -2.3304,
                        35: -2.3023,
                        36: -2.2825,
                        37: -2.275,
                        38: -2.2407,
                        39: -2.1427,
                        40: -1.988,
                        41: -1.7836,
                        42: -1.5367,
                        43: -1.2544,
                        44: -0.9437,
                        45: -0.6118,
                        46: -0.2657,
                        47: 0.0875,
                        48: 0.4407,
                        49: 0.7868,
                        50: 1.1187,
                        51: 1.4294,
                        52: 1.7117,
                        53: 1.9586,
                        54: 2.163,
                        55: 2.3177,
                        56: 2.4157,
                        57: 2.45,
                        58: 2.4425,
                        59: 2.4227,
                        60: 2.3946,
                        61: 2.3625,
                        62: 2.3304,
                        63: 2.3023,
                        64: 2.2825,
                        65: 2.275,
                        66: 2.2495,
                        67: 2.1772,
                        68: 2.0651,
                        69: 1.9195,
                        70: 1.7474,
                        71: 1.5552,
                        72: 1.3497,
                        73: 1.1375,
                        74: 0.9253,
                        75: 0.7198,
                        76: 0.5276,
                        77: 0.3555,
                        78: 0.2099,
                        79: 0.0978,
                        80: 0.0255,
                        81: 0,
                        82: 0,
                        83: 0,
                        84: 0,
                        85: 0,
                        86: 0,
                        87: 0,
                        88: 0,
                        89: 0,
                        90: 0,
                        91: 0,
                        92: 0,
                        93: 0,
                        94: 0,
                        95: 0,
                        96: 0,
                        97: 0,
                        98: 0,
                        99: 0,
                        100: 0,
                        101: 0,
                        102: 0,
                        103: 0,
                        104: 0,
                        105: 0,
                        106: 0,
                        107: 0,
                        108: 0,
                        109: 0,
                        110: 0,
                        111: 0,
                        112: 0,
                        113: 0,
                        114: 0,
                        115: 0,
                        116: 0,
                        117: 0,
                        118: 0,
                        119: 0,
                        120: 0,
                        121: 0,
                        122: 0,
                        123: 0,
                        124: 0,
                        125: 0,
                        126: 0,
                        127: 0,
                        128: 0,
                        129: 0,
                        130: 0,
                        131: 0,
                        132: 0,
                        133: 0,
                        134: 0,
                        135: 0,
                        136: 0,
                        137: 0,
                        138: 0,
                        139: 0,
                        140: 0,
                        141: 0,
                        142: 0,
                        143: 0,
                        144: 0,
                        145: 0,
                        146: 0,
                        147: 0,
                        148: 0,
                        149: 0,
                        150: 0,
                    }

                    over "Head_ctl"
                    {
                        double avars:rz.timeSamples = {
                            1: 0,
                            2: 0,
                            3: 0,
                            4: 0,
                            5: 0,
                            6: 0,
                            7: 0,
                            8: 0,
                            9: -0.0624,
                            10: -0.2401,
                            11: -0.5185,
                            12: -0.8834,
                            13: -1.3203,
                            14: -1.8148,
                            15: -2.3525,
                            16: -2.9191,
                            17: -3.5,
                            18: -4.0809,
                            19: -4.6475,
                            20: -5.1852,
                            21: -5.6797,
                            22: -6.1166,
                            23: -6.4815,
                            24: -6.7599,
                            25: -6.9376,
                            26: -7,
                            27: -6.9785,
                            28: -6.9219,
                            29: -6.8418,
                            30: -6.75,
                            31: -6.6582,
                            32: -6.5781,
                            33: -6.5215,
                            34: -6.5,
                            35: -6.4021,
                            36: -6.122,
                            37: -5.6799,
                            38: -5.096,
                            39: -4.3906,
                            40: -3.584,
                            41: -2.6964,
                            42: -1.748,
                            43: -0.7591,
                            44: 0.25,
                            45: 1.2591,
                            46: 2.248,
                            47: 3.1964,
                            48: 4.084,
                            49: 4.8906,
                            50: 5.596,
                            51: 6.1799,
                            52: 6.622,
                            53: 6.9021,
                            54: 7,
                            55: 6.9785,
                            56: 6.9219,
                            57: 6.8418,
                            58: 6.75,
                            59: 6.6582,
                            60: 6.5781,
                            61: 6.5215,
                            62: 6.5,
                            63: 6.427,
                            64: 6.2207,
                            65: 5.9001,
                            66: 5.4844,
                            67: 4.9924,
                            68: 4.4434,
                            69: 3.8562,
                            70: 3.25,
                            71: 2.6438,
                            72: 2.0566,
                            73: 1.5076,
                            74: 1.0156,
                            75: 0.5999,
                            76: 0.2793,
                            77: 0.073,
                            78: 0,
                            79: 0,
                            80: 0,
                            81: 0,
                            82: 0,
                            83: 0,
                            84: 0,
                            85: 0,
                            86: 0,
                            87: 0,
                            88: 0,
                            89: 0,
                            90: 0,
                            91: 0,
                            92: 0,
                            93: 0,
                            94: 0,
                            95: 0,
                            96: 0,
                            97: 0,
                            98: 0,
                            99: 0,
                            100: 0,
                            101: 0,
                            102: 0,
                            103: 0,
                            104: 0,
                            105: 0,
                            106: 0,
                            107: 0,
                            108: 0,
                            109: 0,
                            110: 0,
                            111: 0,
                            112: 0,
                            113: 0,
                            114: 0,
                            115: 0,
                            116: 0,
                            117: 0,
                            118: 0,
                            119: 0,
                            120: 0,
                            121: 0,
                            122: 0,
                            123: 0,
                            124: 0,
                            125: 0,
                            126: 0,
                            127: 0,
                            128: 0,
                            129: 0,
                            130: 0,
                            131: 0,
                            132: 0,
                            133: 0,
                            134: 0,
                            135: 0,
                            136: 0,
                            137: 0,
                            138: 0,
                            139: 0,
                            140: 0,
                            141: 0,
                            142: 0,
                            143: 0,
                            144: 0,
                            145: 0,
                            146: 0,
                            147: 0,
                            148: 0,
                            149: 0,
                            150: 0,
                        }

                        over "Brow_L_ctl"
                        {
                            double avars:rz.timeSamples = {
                                1: 0,
                                2: 0,
                                3: 0,
                                4: 0,
                                5: 0,
                                6: 0,
                                7: 0,
                                8: 0,
                                9: 0,
                                10: 0,
                                11: 0,
                                12: 0,
                                13: 0,
                                14: 0,
                                15: 0,
                                16: 0,
                                17: 0,
                                18: 0,
                                19: 0,
                                20: 0,
                                21: 0,
                                22: 0,
                                23: 0,
                                24: 0,
                                25: 0,
                                26: 0,
                                27: 0,
                                28: 0,
                                29: 0,
                                30: 0,
                                31: 0,
                                32: 0,
                                33: 0,
                                34: 0,
                                35: 0,
                                36: 0,
                                37: 0,
                                38: 0,
                                39: 0,
                                40: 0,
                                41: 0,
                                42: 0,
                                43: 0,
                                44: 0,
                                45: -0.8594,
                                46: -3.125,
                                47: -6.3281,
                                48: -10,
                                49: -13.6719,
                                50: -16.875,
                                51: -19.1406,
                                52: -20,
                                53: -20.0938,
                                54: -20.3125,
                                55: -20.5625,
                                56: -20.75,
                                57: -20.7812,
                                58: -20.5625,
                                59: -20,
                                60: -19,
                                61: -17.4149,
                                62: -15.2708,
                                63: -12.7344,
                                64: -9.9722,
                                65: -7.151,
                                66: -4.4375,
                                67: -1.9983,
                                68: 0,
                                69: 1.731,
                                70: 3.4524,
                                71: 5.1237,
                                72: 6.704,
                                73: 8.1528,
                                74: 9.4293,
                                75: 10.493,
                                76: 11.3031,
                                77: 11.819,
                                78: 12,
                                79: 12,
                                80: 12,
                                81: 12,
                                82: 12,
                                83: 12,
                                84: 12,
                                85: 12,
                                86: 12,
                                87: 12,
                                88: 12,
                                89: 11.4844,
                                90: 10.125,
                                91: 8.2031,
                                92: 6,
                                93: 3.7969,
                                94: 1.875,
                                95: 0.5156,
                                96: 0,
                                97: 0,
                                98: 0,
                                99: 0,
                                100: 0,
                                101: 0,
                                102: 0,
                                103: 0,
                                104: 0,
                                105: 0,
                                106: 0,
                                107: 0,
                                108: 0,
                                109: 0,
                                110: 0,
                                111: 0,
                                112: 0,
                                113: 0,
                                114: 0,
                                115: 0,
                                116: 0,
                                117: 0,
                                118: 0,
                                119: 0,
                                120: 0,
                                121: 0,
                                122: 0,
                                123: 0,
                                124: 0,
                                125: 0,
                                126: 0,
                                127: 0,
                                128: 0,
                                129: 0,
                                130: 0,
                                131: 0,
                                132: 0,
                                133: 0,
                                134: 0,
                                135: 0,
                                136: 0,
                                137: 0,
                                138: 0,
                                139: 0,
                                140: 0,
                                141: 0,
                                142: 0,
                                143: 0,
                                144: 0,
                                145: 0,
                                146: 0,
                                147: 0,
                                148: 0,
                                149: 0,
                                150: 0,
                            }
                            double avars:ty.timeSamples = {
                                1: 0,
                                2: 0.0497,
                                3: 0.1037,
                                4: 0.161,
                                5: 0.221,
                                6: 0.2828,
                                7: 0.3456,
                                8: 0.4087,
                                9: 0.4713,
                                10: 0.5326,
                                11: 0.5918,
                                12: 0.6481,
                                13: 0.7007,
                                14: 0.7488,
                                15: 0.7917,
                                16: 0.8286,
                                17: 0.8587,
                                18: 0.8811,
                                19: 0.8951,
                                20: 0.9,
                                21: 0.901,
                                22: 0.9036,
                                23: 0.9071,
                                24: 0.9108,
                                25: 0.9139,
                                26: 0.9157,
                                27: 0.9156,
                                28: 0.9128,
                                29: 0.9066,
                                30: 0.8964,
                                31: 0.8813,
                                32: 0.8606,
                                33: 0.8338,
                                34: 0.8,
                                35: 0.7472,
                                36: 0.6688,
                                37: 0.5721,
                                38: 0.4644,
                                39: 0.3531,
                                40: 0.2456,
                                41: 0.1492,
                                42: 0.0712,
                                43: 0.019,
                                44: 0,
                                45: 0,
                                46: 0,
                                47: 0,
                                48: 0,
                                49: 0,
                                50: 0,
                                51: 0,
                                52: 0,
                                53: 0,
                                54: 0,
                                55: 0,
                                56: 0,
                                57: 0,
                                58: 0,
                                59: 0,
                                60: 0,
                                61: 0,
                                62: 0,
                                63: 0,
                                64: 0,
                                65: 0,
                                66: 0,
                                67: 0,
                                68: 0,
                                69: 0,
                                70: 0,
                                71: 0,
                                72: 0,
                                73: 0,
                                74: 0,
                                75: 0,
                                76: 0,
                                77: 0,
                                78: 0,
                                79: 0,
                                80: 0,
                                81: 0,
                                82: 0,
                                83: 0,
                                84: 0,
                                85: 0,
                                86: 0,
                                87: 0,
                                88: 0,
                                89: 0,
                                90: 0,
                                91: -0.0344,
                                92: -0.125,
                                93: -0.2531,
                                94: -0.4,
                                95: -0.5469,
                                96: -0.675,
                                97: -0.7656,
                                98: -0.8,
                                99: -0.8012,
                                100: -0.8038,
                                101: -0.8064,
                                102: -0.8075,
                                103: -0.8056,
                                104: -0.7992,
                                105: -0.7869,
                                106: -0.7673,
                                107: -0.7388,
                                108: -0.7,
                                109: -0.6359,
                                110: -0.5406,
                                111: -0.4264,
                                112: -0.3056,
                                113: -0.1902,
                                114: -0.0927,
                                115: -0.0252,
                                116: 0,
                                117: 0,
                                118: 0,
                                119: 0,
                                120: 0,
                                121: 0,
                                122: 0,
                                123: 0,
                                124: 0,
                                125: 0.2593,
                                126: 0.7407,
                                127: 1,
                                128: 1,
                                129: 1,
                                130: 1,
                                131: 1,
                                132: 1,
                                133: 1,
                                134: 1,
                                135: 1,
                                136: 1,
                                137: 1,
                                138: 1,
                                139: 0.9259,
                                140: 0.7407,
                                141: 0.5,
                                142: 0.2593,
                                143: 0.0741,
                                144: 0,
                                145: 0,
                                146: 0,
                                147: 0,
                                148: 0,
                                149: 0,
                                150: 0,
                            }
                        }

                        over "Brow_R_ctl"
                        {
                            double avars:rz.timeSamples = {
                                1: 0,
                                2: 0,
                                3: 0,
                                4: 0,
                                5: 0,
                                6: 0,
                                7: 0,
                                8: 0,
                                9: 0,
                                10: 0,
                                11: 0,
                                12: 0,
                                13: 0,
                                14: 0,
                                15: 0,
                                16: 0,
                                17: 0,
                                18: 0,
                                19: 0,
                                20: 0,
                                21: 0,
                                22: 0,
                                23: 0,
                                24: 0,
                                25: 0,
                                26: 0,
                                27: 0,
                                28: 0,
                                29: 0,
                                30: 0,
                                31: 0,
                                32: 0,
                                33: 0,
                                34: 0,
                                35: 0,
                                36: 0,
                                37: 0,
                                38: 0,
                                39: 0,
                                40: 0,
                                41: 0,
                                42: 0,
                                43: 0,
                                44: 0,
                                45: -0.8594,
                                46: -3.125,
                                47: -6.3281,
                                48: -10,
                                49: -13.6719,
                                50: -16.875,
                                51: -19.1406,
                                52: -20,
                                53: -20.0938,
                                54: -20.3125,
                                55: -20.5625,
                                56: -20.75,
                                57: -20.7812,
                                58: -20.5625,
                                59: -20,
                                60: -19,
                                61: -17.4149,
                                62: -15.2708,
                                63: -12.7344,
                                64: -9.9722,
                                65: -7.151,
                                66: -4.4375,
                                67: -1.9983,
                                68: 0,
                                69: 1.731,
                                70: 3.4524,
                                71: 5.1237,
                                72: 6.704,
                                73: 8.1528,
                                74: 9.4293,
                                75: 10.493,
                                76: 11.3031,
                                77: 11.819,
                                78: 12,
                                79: 12,
                                80: 12,
                                81: 12,
                                82: 12,
                                83: 12,
                                84: 12,
                                85: 12,
                                86: 12,
                                87: 12,
                                88: 12,
                                89: 11.4844,
                                90: 10.125,
                                91: 8.2031,
                                92: 6,
                                93: 3.7969,
                                94: 1.875,
                                95: 0.5156,
                                96: 0,
                                97: 0,
                                98: 0,
                                99: 0,
                                100: 0,
                                101: 0,
                                102: 0,
                                103: 0,
                                104: 0,
                                105: 0,
                                106: 0,
                                107: 0,
                                108: 0,
                                109: 0,
                                110: 0,
                                111: 0,
                                112: 0,
                                113: 0,
                                114: 0,
                                115: 0,
                                116: 0,
                                117: 0,
                                118: 0,
                                119: 0,
                                120: 0,
                                121: 0,
                                122: 0,
                                123: 0,
                                124: 0,
                                125: 0,
                                126: 0,
                                127: 0,
                                128: 0,
                                129: 0,
                                130: 0,
                                131: 0,
                                132: 0,
                                133: 0,
                                134: 0,
                                135: 0,
                                136: 0,
                                137: 0,
                                138: 0,
                                139: 0,
                                140: 0,
                                141: 0,
                                142: 0,
                                143: 0,
                                144: 0,
                                145: 0,
                                146: 0,
                                147: 0,
                                148: 0,
                                149: 0,
                                150: 0,
                            }
                            double avars:ty.timeSamples = {
                                1: 0,
                                2: 0.0497,
                                3: 0.1037,
                                4: 0.161,
                                5: 0.221,
                                6: 0.2828,
                                7: 0.3456,
                                8: 0.4087,
                                9: 0.4713,
                                10: 0.5326,
                                11: 0.5918,
                                12: 0.6481,
                                13: 0.7007,
                                14: 0.7488,
                                15: 0.7917,
                                16: 0.8286,
                                17: 0.8587,
                                18: 0.8811,
                                19: 0.8951,
                                20: 0.9,
                                21: 0.901,
                                22: 0.9036,
                                23: 0.9071,
                                24: 0.9108,
                                25: 0.9139,
                                26: 0.9157,
                                27: 0.9156,
                                28: 0.9128,
                                29: 0.9066,
                                30: 0.8964,
                                31: 0.8813,
                                32: 0.8606,
                                33: 0.8338,
                                34: 0.8,
                                35: 0.7472,
                                36: 0.6688,
                                37: 0.5721,
                                38: 0.4644,
                                39: 0.3531,
                                40: 0.2456,
                                41: 0.1492,
                                42: 0.0712,
                                43: 0.019,
                                44: 0,
                                45: 0,
                                46: 0,
                                47: 0,
                                48: 0,
                                49: 0,
                                50: 0,
                                51: 0,
                                52: 0,
                                53: 0,
                                54: 0,
                                55: 0,
                                56: 0,
                                57: 0,
                                58: 0,
                                59: 0,
                                60: 0,
                                61: 0,
                                62: 0,
                                63: 0,
                                64: 0,
                                65: 0,
                                66: 0,
                                67: 0,
                                68: 0,
                                69: 0,
                                70: 0,
                                71: 0,
                                72: 0,
                                73: 0,
                                74: 0,
                                75: 0,
                                76: 0,
                                77: 0,
                                78: 0,
                                79: 0,
                                80: 0,
                                81: 0,
                                82: 0,
                                83: 0,
                                84: 0,
                                85: 0,
                                86: 0,
                                87: 0,
                                88: 0,
                                89: 0,
                                90: 0,
                                91: -0.0344,
                                92: -0.125,
                                93: -0.2531,
                                94: -0.4,
                                95: -0.5469,
                                96: -0.675,
                                97: -0.7656,
                                98: -0.8,
                                99: -0.8012,
                                100: -0.8038,
                                101: -0.8064,
                                102: -0.8075,
                                103: -0.8056,
                                104: -0.7992,
                                105: -0.7869,
                                106: -0.7673,
                                107: -0.7388,
                                108: -0.7,
                                109: -0.6359,
                                110: -0.5406,
                                111: -0.4264,
                                112: -0.3056,
                                113: -0.1902,
                                114: -0.0927,
                                115: -0.0252,
                                116: 0,
                                117: 0,
                                118: 0,
                                119: 0,
                                120: 0,
                                121: 0,
                                122: 0,
                                123: 0,
                                124: 0,
                                125: 0.2593,
                                126: 0.7407,
                                127: 1,
                                128: 1,
                                129: 1,
                                130: 1,
                                131: 1,
                                132: 1,
                                133: 1,
                                134: 1,
                                135: 1,
                                136: 1,
                                137: 1,
                                138: 1,
                                139: 0.9259,
                                140: 0.7407,
                                141: 0.5,
                                142: 0.2593,
                                143: 0.0741,
                                144: 0,
                                145: 0,
                                146: 0,
                                147: 0,
                                148: 0,
                                149: 0,
                                150: 0,
                            }
                        }

                        over "Eye_L_ctl"
                        {
                            double avars:tx.timeSamples = {
                                1: 0,
                                2: 0,
                                3: 0,
                                4: 0,
                                5: 0,
                                6: 0,
                                7: 0,
                                8: 0,
                                9: 0,
                                10: 0,
                                11: 0,
                                12: 0,
                                13: 0,
                                14: 0,
                                15: 0,
                                16: 0,
                                17: 0,
                                18: 0,
                                19: 0,
                                20: 0,
                                21: 0,
                                22: 0,
                                23: 0,
                                24: 0,
                                25: 0,
                                26: 0,
                                27: 0,
                                28: 0,
                                29: 0,
                                30: 0,
                                31: 0,
                                32: 0,
                                33: 0,
                                34: 0,
                                35: 0,
                                36: 0,
                                37: 0,
                                38: 0,
                                39: 0,
                                40: 0,
                                41: 0,
                                42: 0,
                                43: 0,
                                44: 0,
                                45: 0,
                                46: 0,
                                47: 0,
                                48: 0,
                                49: 0,
                                50: 0,
                                51: 0,
                                52: 0,
                                53: 0,
                                54: 0,
                                55: 0,
                                56: 0,
                                57: 0,
                                58: 0,
                                59: 0,
                                60: 0,
                                61: 0,
                                62: 0,
                                63: 0,
                                64: 0,
                                65: 0,
                                66: 0,
                                67: 0,
                                68: 0,
                                69: 0,
                                70: 0,
                                71: 0,
                                72: 0,
                                73: 0,
                                74: 0,
                                75: 0,
                                76: 0,
                                77: 0,
                                78: 0,
                                79: 0,
                                80: 0,
                                81: 0,
                                82: 0,
                                83: 0,
                                84: 0,
                                85: 0,
                                86: 0,
                                87: 0,
                                88: 0,
                                89: 0,
                                90: 0,
                                91: 0,
                                92: 0,
                                93: 0,
                                94: 0,
                                95: 0,
                                96: 0,
                                97: 0,
                                98: 0,
                                99: 0,
                                100: 0,
                                101: 0,
                                102: 0,
                                103: 0,
                                104: 0,
                                105: 0,
                                106: 0,
                                107: 0,
                                108: 0,
                                109: 0,
                                110: 0,
                                111: 0,
                                112: 0,
                                113: 0,
                                114: 0,
                                115: 0,
                                116: 0,
                                117: 0,
                                118: 0,
                                119: 0,
                                120: 0,
                                121: 0,
                                122: 0,
                                123: 0,
                                124: 0,
                                125: 0,
                                126: 0,
                                127: 0,
                                128: 0,
                                129: 0,
                                130: 0,
                                131: 0,
                                132: 0,
                                133: 0,
                                134: 0,
                                135: 0,
                                136: 0,
                                137: 0,
                                138: 0,
                                139: 0,
                                140: 0,
                                141: 0,
                                142: 0,
                                143: 0,
                                144: 0,
                                145: 0,
                                146: 0,
                                147: 0,
                                148: 0,
                                149: 0,
                                150: 0,
                            }
                            double avars:ty.timeSamples = {
                                1: 0,
                                2: 0,
                                3: 0,
                                4: 0,
                                5: 0,
                                6: 0,
                                7: 0,
                                8: 0,
                                9: 0,
                                10: 0,
                                11: 0,
                                12: 0,
                                13: 0,
                                14: -0,
                                15: -0.55,
                                16: -1,
                                17: -1,
                                18: -0.5396,
                                19: -0.2131,
                                20: -0.0629,
                                21: -0.006,
                                22: 0,
                                23: 0,
                                24: 0,
                                25: 0,
                                26: 0,
                                27: 0,
                                28: 0,
                                29: 0,
                                30: 0,
                                31: 0,
                                32: 0,
                                33: 0,
                                34: 0,
                                35: 0,
                                36: 0,
                                37: 0,
                                38: 0,
                                39: 0,
                                40: 0,
                                41: 0,
                                42: 0,
                                43: 0,
                                44: 0,
                                45: 0,
                                46: 0,
                                47: 0,
                                48: 0,
                                49: 0,
                                50: 0,
                                51: 0,
                                52: 0,
                                53: 0,
                                54: 0,
                                55: 0,
                                56: 0,
                                57: 0,
                                58: 0,
                                59: 0,
                                60: 0,
                                61: 0,
                                62: 0,
                                63: 0,
                                64: 0,
                                65: 0,
                                66: -0,
                                67: -0.55,
                                68: -1,
                                69: -1,
                                70: -0.5396,
                                71: -0.2131,
                                72: -0.0629,
                                73: -0.006,
                                74: 0,
                                75: 0,
                                76: 0,
                                77: 0,
                                78: 0,
                                79: 0,
                                80: 0,
                                81: 0,
                                82: 0,
                                83: 0,
                                84: 0,
                                85: 0,
                                86: 0,
                                87: 0,
                                88: 0,
                                89: 0,
                                90: 0,
                                91: 0,
                                92: 0,
                                93: 0,
                                94: 0,
                                95: 0,
                                96: 0,
                                97: 0,
                                98: 0,
                                99: 0,
                                100: 0,
                                101: 0,
                                102: 0,
                                103: 0,
                                104: 0,
                                105: 0,
                                106: 0,
                                107: 0,
                                108: 0,
                                109: 0,
                                110: 0,
                                111: 0,
                                112: -0,
                                113: -0.55,
                                114: -1,
                                115: -1,
                                116: -0.5396,
                                117: -0.2131,
                                118: -0.0629,
                                119: -0.006,
                                120: 0,
                                121: 0,
                                122: 0,
                                123: 0,
                                124: 0,
                                125: 0.2593,
                                126: 0.7407,
                                127: 1,
                                128: 1,
                                129: 1,
                                130: 1,
                                131: 1,
                                132: 1,
                                133: 1,
                                134: 1,
                                135: 1,
                                136: 1,
                                137: 0.8438,
                                138: 0.5,
                                139: 0.1562,
                                140: 0,
                                141: 0,
                                142: 0,
                                143: 0,
                                144: 0,
                                145: 0,
                                146: 0,
                                147: 0,
                                148: 0,
                                149: 0,
                                150: 0,
                            }
                            double avars:tz.timeSamples = {
                                1: 0,
                                2: 0,
                                3: 0,
                                4: 0,
                                5: 0,
                                6: 0,
                                7: 0,
                                8: 0,
                                9: 0,
                                10: 0,
                                11: 0,
                                12: 0,
                                13: 0,
                                14: 0,
                                15: 0,
                                16: 0,
                                17: 0,
                                18: 0,
                                19: 0,
                                20: 0,
                                21: 0,
                                22: 0,
                                23: 0,
                                24: 0,
                                25: 0,
                                26: 0,
                                27: 0,
                                28: 0,
                                29: 0,
                                30: 0,
                                31: 0,
                                32: 0,
                                33: 0,
                                34: 0,
                                35: 0,
                                36: 0,
                                37: 0,
                                38: 0,
                                39: 0,
                                40: 0,
                                41: 0,
                                42: 0,
                                43: 0,
                                44: 0,
                                45: 0,
                                46: 0,
                                47: 0,
                                48: 0,
                                49: 0,
                                50: 0,
                                51: 0,
                                52: 0,
                                53: 0,
                                54: 0,
                                55: 0,
                                56: 0,
                                57: 0,
                                58: 0,
                                59: 0,
                                60: 0,
                                61: 0,
                                62: 0,
                                63: 0,
                                64: 0,
                                65: 0,
                                66: 0,
                                67: 0,
                                68: 0,
                                69: 0,
                                70: 0,
                                71: 0,
                                72: 0,
                                73: 0,
                                74: 0,
                                75: 0,
                                76: 0,
                                77: 0,
                                78: 0,
                                79: 0,
                                80: 0,
                                81: 0,
                                82: 0,
                                83: 0,
                                84: 0,
                                85: 0,
                                86: 0,
                                87: 0,
                                88: 0,
                                89: 0,
                                90: 0,
                                91: 0,
                                92: 0,
                                93: 0,
                                94: 0,
                                95: 0,
                                96: 0,
                                97: 0,
                                98: 0,
                                99: 0,
                                100: 0,
                                101: 0,
                                102: 0,
                                103: 0,
                                104: 0,
                                105: 0,
                                106: 0,
                                107: 0,
                                108: 0,
                                109: 0,
                                110: 0,
                                111: 0,
                                112: 0,
                                113: 0,
                                114: 0,
                                115: 0,
                                116: 0,
                                117: 0,
                                118: 0,
                                119: 0,
                                120: 0,
                                121: 0,
                                122: 0,
                                123: 0,
                                124: 0,
                                125: 0,
                                126: 0,
                                127: 0,
                                128: 0,
                                129: 0,
                                130: 0,
                                131: 0,
                                132: 0,
                                133: 0,
                                134: 0,
                                135: 0,
                                136: 0,
                                137: 0,
                                138: 0,
                                139: 0,
                                140: 0,
                                141: 0,
                                142: 0,
                                143: 0,
                                144: 0,
                                145: 0,
                                146: 0,
                                147: 0,
                                148: 0,
                                149: 0,
                                150: 0,
                            }
                        }

                        over "Eye_R_ctl"
                        {
                            double avars:tx.timeSamples = {
                                1: 0,
                                2: 0,
                                3: 0,
                                4: 0,
                                5: 0,
                                6: 0,
                                7: 0,
                                8: 0,
                                9: 0,
                                10: 0,
                                11: 0,
                                12: 0,
                                13: 0,
                                14: 0,
                                15: 0,
                                16: 0,
                                17: 0,
                                18: 0,
                                19: 0,
                                20: 0,
                                21: 0,
                                22: 0,
                                23: 0,
                                24: 0,
                                25: 0,
                                26: 0,
                                27: 0,
                                28: 0,
                                29: 0,
                                30: 0,
                                31: 0,
                                32: 0,
                                33: 0,
                                34: 0,
                                35: 0,
                                36: 0,
                                37: 0,
                                38: 0,
                                39: 0,
                                40: 0,
                                41: 0,
                                42: 0,
                                43: 0,
                                44: 0,
                                45: 0,
                                46: 0,
                                47: 0,
                                48: 0,
                                49: 0,
                                50: 0,
                                51: 0,
                                52: 0,
                                53: 0,
                                54: 0,
                                55: 0,
                                56: 0,
                                57: 0,
                                58: 0,
                                59: 0,
                                60: 0,
                                61: 0,
                                62: 0,
                                63: 0,
                                64: 0,
                                65: 0,
                                66: 0,
                                67: 0,
                                68: 0,
                                69: 0,
                                70: 0,
                                71: 0,
                                72: 0,
                                73: 0,
                                74: 0,
                                75: 0,
                                76: 0,
                                77: 0,
                                78: 0,
                                79: 0,
                                80: 0,
                                81: 0,
                                82: 0,
                                83: 0,
                                84: 0,
                                85: 0,
                                86: 0,
                                87: 0,
                                88: 0,
                                89: 0,
                                90: 0,
                                91: 0,
                                92: 0,
                                93: 0,
                                94: 0,
                                95: 0,
                                96: 0,
                                97: 0,
                                98: 0,
                                99: 0,
                                100: 0,
                                101: 0,
                                102: 0,
                                103: 0,
                                104: 0,
                                105: 0,
                                106: 0,
                                107: 0,
                                108: 0,
                                109: 0,
                                110: 0,
                                111: 0,
                                112: 0,
                                113: 0,
                                114: 0,
                                115: 0,
                                116: 0,
                                117: 0,
                                118: 0,
                                119: 0,
                                120: 0,
                                121: 0,
                                122: 0,
                                123: 0,
                                124: 0,
                                125: 0,
                                126: 0,
                                127: 0,
                                128: 0,
                                129: 0,
                                130: 0,
                                131: 0,
                                132: 0,
                                133: 0,
                                134: 0,
                                135: 0,
                                136: 0,
                                137: 0,
                                138: 0,
                                139: 0,
                                140: 0,
                                141: 0,
                                142: 0,
                                143: 0,
                                144: 0,
                                145: 0,
                                146: 0,
                                147: 0,
                                148: 0,
                                149: 0,
                                150: 0,
                            }
                            double avars:ty.timeSamples = {
                                1: 0,
                                2: 0,
                                3: 0,
                                4: 0,
                                5: 0,
                                6: 0,
                                7: 0,
                                8: 0,
                                9: 0,
                                10: 0,
                                11: 0,
                                12: 0,
                                13: 0,
                                14: -0,
                                15: -0.55,
                                16: -1,
                                17: -1,
                                18: -0.5396,
                                19: -0.2131,
                                20: -0.0629,
                                21: -0.006,
                                22: 0,
                                23: 0,
                                24: 0,
                                25: 0,
                                26: 0,
                                27: 0,
                                28: 0,
                                29: 0,
                                30: 0,
                                31: 0,
                                32: 0,
                                33: 0,
                                34: 0,
                                35: 0,
                                36: 0,
                                37: 0,
                                38: 0,
                                39: 0,
                                40: 0,
                                41: 0,
                                42: 0,
                                43: 0,
                                44: 0,
                                45: 0,
                                46: 0,
                                47: 0,
                                48: 0,
                                49: 0,
                                50: 0,
                                51: 0,
                                52: 0,
                                53: 0,
                                54: 0,
                                55: 0,
                                56: 0,
                                57: 0,
                                58: 0,
                                59: 0,
                                60: 0,
                                61: 0,
                                62: 0,
                                63: 0,
                                64: 0,
                                65: 0,
                                66: -0,
                                67: -0.55,
                                68: -1,
                                69: -1,
                                70: -0.5396,
                                71: -0.2131,
                                72: -0.0629,
                                73: -0.006,
                                74: 0,
                                75: 0,
                                76: 0,
                                77: 0,
                                78: 0,
                                79: 0,
                                80: 0,
                                81: 0,
                                82: 0,
                                83: 0,
                                84: 0,
                                85: 0,
                                86: 0,
                                87: 0,
                                88: 0,
                                89: 0,
                                90: 0,
                                91: 0,
                                92: 0,
                                93: 0,
                                94: 0,
                                95: 0,
                                96: 0,
                                97: 0,
                                98: 0,
                                99: 0,
                                100: 0,
                                101: 0,
                                102: 0,
                                103: 0,
                                104: 0,
                                105: 0,
                                106: 0,
                                107: 0,
                                108: 0,
                                109: 0,
                                110: 0,
                                111: 0,
                                112: -0,
                                113: -0.55,
                                114: -1,
                                115: -1,
                                116: -0.5396,
                                117: -0.2131,
                                118: -0.0629,
                                119: -0.006,
                                120: 0,
                                121: 0,
                                122: 0,
                                123: 0,
                                124: 0,
                                125: 0.2593,
                                126: 0.7407,
                                127: 1,
                                128: 1,
                                129: 1,
                                130: 1,
                                131: 1,
                                132: 1,
                                133: 1,
                                134: 1,
                                135: 1,
                                136: 1,
                                137: 0.8438,
                                138: 0.5,
                                139: 0.1562,
                                140: 0,
                                141: 0,
                                142: 0,
                                143: 0,
                                144: 0,
                                145: 0,
                                146: 0,
                                147: 0,
                                148: 0,
                                149: 0,
                                150: 0,
                            }
                            double avars:tz.timeSamples = {
                                1: 0,
                                2: 0,
                                3: 0,
                                4: 0,
                                5: 0,
                                6: 0,
                                7: 0,
                                8: 0,
                                9: 0,
                                10: 0,
                                11: 0,
                                12: 0,
                                13: 0,
                                14: 0,
                                15: 0,
                                16: 0,
                                17: 0,
                                18: 0,
                                19: 0,
                                20: 0,
                                21: 0,
                                22: 0,
                                23: 0,
                                24: 0,
                                25: 0,
                                26: 0,
                                27: 0,
                                28: 0,
                                29: 0,
                                30: 0,
                                31: 0,
                                32: 0,
                                33: 0,
                                34: 0,
                                35: 0,
                                36: 0,
                                37: 0,
                                38: 0,
                                39: 0,
                                40: 0,
                                41: 0,
                                42: 0,
                                43: 0,
                                44: 0,
                                45: 0,
                                46: 0,
                                47: 0,
                                48: 0,
                                49: 0,
                                50: 0,
                                51: 0,
                                52: 0,
                                53: 0,
                                54: 0,
                                55: 0,
                                56: 0,
                                57: 0,
                                58: 0,
                                59: 0,
                                60: 0,
                                61: 0,
                                62: 0,
                                63: 0,
                                64: 0,
                                65: 0,
                                66: 0,
                                67: 0,
                                68: 0,
                                69: 0,
                                70: 0,
                                71: 0,
                                72: 0,
                                73: 0,
                                74: 0,
                                75: 0,
                                76: 0,
                                77: 0,
                                78: 0,
                                79: 0,
                                80: 0,
                                81: 0,
                                82: 0,
                                83: 0,
                                84: 0,
                                85: 0,
                                86: 0,
                                87: 0,
                                88: 0,
                                89: 0,
                                90: 0,
                                91: 0,
                                92: 0,
                                93: 0,
                                94: 0,
                                95: 0,
                                96: 0,
                                97: 0,
                                98: 0,
                                99: 0,
                                100: 0,
                                101: 0,
                                102: 0,
                                103: 0,
                                104: 0,
                                105: 0,
                                106: 0,
                                107: 0,
                                108: 0,
                                109: 0,
                                110: 0,
                                111: 0,
                                112: 0,
                                113: 0,
                                114: 0,
                                115: 0,
                                116: 0,
                                117: 0,
                                118: 0,
                                119: 0,
                                120: 0,
                                121: 0,
                                122: 0,
                                123: 0,
                                124: 0,
                                125: 0,
                                126: 0,
                                127: 0,
                                128: 0,
                                129: 0,
                                130: 0,
                                131: 0,
                                132: 0,
                                133: 0,
                                134: 0,
                                135: 0,
                                136: 0,
                                137: 0,
                                138: 0,
                                139: 0,
                                140: 0,
                                141: 0,
                                142: 0,
                                143: 0,
                                144: 0,
                                145: 0,
                                146: 0,
                                147: 0,
                                148: 0,
                                149: 0,
                                150: 0,
                            }
                        }

                        over "FaceAngle_ctl"
                        {
                            double avars:rx.timeSamples = {
                                1: 0,
                                2: 0,
                                3: 0,
                                4: 0,
                                5: 0,
                                6: 0,
                                7: 0,
                                8: 0,
                                9: 0,
                                10: 0,
                                11: 0,
                                12: 0,
                                13: 0,
                                14: 0,
                                15: 0,
                                16: 0,
                                17: 0,
                                18: 0,
                                19: 0,
                                20: 0,
                                21: 0,
                                22: 0,
                                23: 0,
                                24: 0,
                                25: 0,
                                26: 0,
                                27: 0,
                                28: 0,
                                29: 0,
                                30: 0,
                                31: 0,
                                32: 0,
                                33: 0,
                                34: 0,
                                35: 0,
                                36: 0,
                                37: 0,
                                38: 0,
                                39: 0,
                                40: 0,
                                41: 0,
                                42: 0,
                                43: 0,
                                44: 0,
                                45: 0,
                                46: 0,
                                47: 0,
                                48: 0,
                                49: 0,
                                50: 0,
                                51: 0,
                                52: 0,
                                53: 0,
                                54: 0,
                                55: 0,
                                56: 0,
                                57: 0,
                                58: 0,
                                59: 0,
                                60: 0,
                                61: 0,
                                62: 0,
                                63: 0,
                                64: 0,
                                65: 0,
                                66: 0,
                                67: 0,
                                68: 0,
                                69: 0,
                                70: 0,
                                71: 0,
                                72: 0,
                                73: 0,
                                74: 0,
                                75: 0,
                                76: 0,
                                77: -0.448,
                                78: -1.664,
                                79: -3.456,
                                80: -5.632,
                                81: -8,
                                82: -10.368,
                                83: -12.544,
                                84: -14.336,
                                85: -15.552,
                                86: -16,
                                87: -15.9259,
                                88: -15.7407,
                                89: -15.5,
                                90: -15.2593,
                                91: -15.0741,
                                92: -15,
                                93: -14.3999,
                                94: -12.7407,
                                95: -10.2344,
                                96: -7.0926,
                                97: -3.5272,
                                98: 0.25,
                                99: 4.0272,
                                100: 7.5926,
                                101: 10.7344,
                                102: 13.2407,
                                103: 14.8999,
                                104: 15.5,
                                105: 15.463,
                                106: 15.3704,
                                107: 15.25,
                                108: 15.1296,
                                109: 15.037,
                                110: 15,
                                111: 14.7049,
                                112: 13.8889,
                                113: 12.6562,
                                114: 11.1111,
                                115: 9.3576,
                                116: 7.5,
                                117: 5.6424,
                                118: 3.8889,
                                119: 2.3438,
                                120: 1.1111,
                                121: 0.2951,
                                122: 0,
                                123: 0,
                                124: 0,
                                125: 0,
                                126: 0,
                                127: 0,
                                128: 0,
                                129: 0,
                                130: 0,
                                131: 0,
                                132: 0,
                                133: 0,
                                134: 0,
                                135: 0,
                                136: 0,
                                137: 0,
                                138: 0,
                                139: 0,
                                140: 0,
                                141: 0,
                                142: 0,
                                143: 0,
                                144: 0,
                                145: 0,
                                146: 0,
                                147: 0,
                                148: 0,
                                149: 0,
                                150: 0,
                            }
                            double avars:ry.timeSamples = {
                                1: 0,
                                2: 0,
                                3: 0,
                                4: 0,
                                5: 0,
                                6: 0,
                                7: 0,
                                8: 0,
                                9: 0.3481,
                                10: 1.332,
                                11: 2.8608,
                                12: 4.8438,
                                13: 7.1899,
                                14: 9.8086,
                                15: 12.6089,
                                16: 15.5,
                                17: 18.3911,
                                18: 21.1914,
                                19: 23.8101,
                                20: 26.1562,
                                21: 28.1392,
                                22: 29.668,
                                23: 30.6519,
                                24: 31,
                                25: 30.7407,
                                26: 30.2593,
                                27: 30,
                                28: 30,
                                29: 30,
                                30: 30,
                                31: 30,
                                32: 30,
                                33: 30,
                                34: 30,
                                35: 29.4561,
                                36: 27.9081,
                                37: 25.4815,
                                38: 22.3018,
                                39: 18.4945,
                                40: 14.1852,
                                41: 9.4993,
                                42: 4.5624,
                                43: -0.5,
                                44: -5.5624,
                                45: -10.4993,
                                46: -15.1852,
                                47: -19.4945,
                                48: -23.3018,
                                49: -26.4815,
                                50: -28.9081,
                                51: -30.4561,
                                52: -31,
                                53: -30.7407,
                                54: -30.2593,
                                55: -30,
                                56: -30,
                                57: -30,
                                58: -30,
                                59: -30,
                                60: -30,
                                61: -30,
                                62: -30,
                                63: -29.5554,
                                64: -28.3105,
                                65: -26.3987,
                                66: -23.9534,
                                67: -21.1079,
                                68: -17.9956,
                                69: -14.75,
                                70: -11.5044,
                                71: -8.3921,
                                72: -5.5466,
                                73: -3.1013,
                                74: -1.1895,
                                75: 0.0554,
                                76: 0.5,
                                77: 0.3704,
                                78: 0.1296,
                                79: 0,
                                80: 0,
                                81: 0,
                                82: 0,
                                83: 0,
                                84: 0,
                                85: 0,
                                86: 0,
                                87: 0,
                                88: 0,
                                89: 0,
                                90: 0,
                                91: 0,
                                92: 0,
                                93: 0,
                                94: 0,
                                95: 0,
                                96: 0,
                                97: 0,
                                98: 0,
                                99: 0,
                                100: 0,
                                101: 0,
                                102: 0,
                                103: 0,
                                104: 0,
                                105: 0,
                                106: 0,
                                107: 0,
                                108: 0,
                                109: 0,
                                110: 0,
                                111: 0,
                                112: 0,
                                113: 0,
                                114: 0,
                                115: 0,
                                116: 0,
                                117: 0,
                                118: 0,
                                119: 0,
                                120: 0,
                                121: 0,
                                122: 0,
                                123: 0,
                                124: 0,
                                125: 0,
                                126: 0,
                                127: 0,
                                128: 0,
                                129: 0,
                                130: 0,
                                131: 0,
                                132: 0,
                                133: 0,
                                134: 0,
                                135: 0,
                                136: 0,
                                137: 0,
                                138: 0,
                                139: 0,
                                140: 0,
                                141: 0,
                                142: 0,
                                143: 0,
                                144: 0,
                                145: 0,
                                146: 0,
                                147: 0,
                                148: 0,
                                149: 0,
                                150: 0,
                            }
                        }

                        over "Fx_ctl"
                        {
                            double avars:tx.timeSamples = {
                                1: 0,
                                2: 0,
                                3: 0,
                                4: 0,
                                5: 0,
                                6: 0,
                                7: 0,
                                8: 0,
                                9: 0,
                                10: 0,
                                11: 0,
                                12: 0,
                                13: 0,
                                14: 0,
                                15: 0,
                                16: 0,
                                17: 0,
                                18: 0,
                                19: 0,
                                20: 0,
                                21: 0,
                                22: 0,
                                23: 0,
                                24: 0,
                                25: 0,
                                26: 0,
                                27: 0,
                                28: 0,
                                29: 0,
                                30: 0,
                                31: 0,
                                32: 0,
                                33: 0,
                                34: 0,
                                35: 0,
                                36: 0,
                                37: 0,
                                38: 0,
                                39: 0,
                                40: 0,
                                41: 0,
                                42: 0,
                                43: 0,
                                44: 0,
                                45: 0,
                                46: 0,
                                47: 0,
                                48: 0,
                                49: 0,
                                50: 0,
                                51: 0,
                                52: 0,
                                53: 0,
                                54: 0,
                                55: 0,
                                56: 0,
                                57: 0,
                                58: 0,
                                59: 0,
                                60: 0,
                                61: 0,
                                62: 0,
                                63: 0,
                                64: 0,
                                65: 0,
                                66: 0,
                                67: 0,
                                68: 0,
                                69: 0,
                                70: 0,
                                71: 0,
                                72: 0,
                                73: 0,
                                74: 0,
                                75: 0,
                                76: 0,
                                77: 0,
                                78: 0,
                                79: 0,
                                80: 0,
                                81: 0,
                                82: 0,
                                83: 0,
                                84: 0,
                                85: 0,
                                86: 0,
                                87: 0,
                                88: 0,
                                89: 0,
                                90: 0,
                                91: 0,
                                92: 0,
                                93: 0,
                                94: 0,
                                95: 0,
                                96: 0,
                                97: 0,
                                98: 0,
                                99: 0,
                                100: 0,
                                101: 0,
                                102: 0,
                                103: 0,
                                104: 0,
                                105: 0,
                                106: 0,
                                107: 0,
                                108: 0,
                                109: 0,
                                110: 0,
                                111: 0,
                                112: 0,
                                113: 0,
                                114: 0,
                                115: 0,
                                116: 0,
                                117: 0,
                                118: 0,
                                119: 0,
                                120: 0,
                                121: 0,
                                122: 0,
                                123: 0,
                                124: 0,
                                125: 0.1562,
                                126: 0.5,
                                127: 0.8438,
                                128: 1,
                                129: 1,
                                130: 1,
                                131: 1,
                                132: 1,
                                133: 1,
                                134: 1,
                                135: 1,
                                136: 1,
                                137: 1,
                                138: 1,
                                139: 1,
                                140: 1,
                                141: 1,
                                142: 1,
                                143: 1,
                                144: 1,
                                145: 1,
                                146: 1,
                                147: 1,
                                148: 1,
                                149: 1,
                                150: 1,
                            }
                            double avars:ty.timeSamples = {
                                1: 0,
                                2: 0,
                                3: 0,
                                4: 0,
                                5: 0,
                                6: 0,
                                7: 0,
                                8: 0,
                                9: 0,
                                10: 0,
                                11: 0,
                                12: 0,
                                13: 0,
                                14: 0,
                                15: 0,
                                16: 0,
                                17: 0,
                                18: 0,
                                19: 0,
                                20: 0,
                                21: 0,
                                22: 0,
                                23: 0,
                                24: 0,
                                25: 0,
                                26: 0,
                                27: 0,
                                28: 0,
                                29: 0,
                                30: 0,
                                31: 0,
                                32: 0,
                                33: 0,
                                34: 0,
                                35: 0,
                                36: 0,
                                37: 0,
                                38: 0,
                                39: 0,
                                40: 0,
                                41: 0,
                                42: 0,
                                43: 0,
                                44: 0,
                                45: 0,
                                46: 0,
                                47: 0,
                                48: 0,
                                49: 0,
                                50: 0,
                                51: 0,
                                52: 0,
                                53: 0,
                                54: 0,
                                55: 0,
                                56: 0,
                                57: 0,
                                58: 0,
                                59: 0,
                                60: 0,
                                61: 0,
                                62: 0,
                                63: 0,
                                64: 0,
                                65: 0,
                                66: 0,
                                67: 0,
                                68: 0,
                                69: 0,
                                70: 0,
                                71: 0,
                                72: 0,
                                73: 0,
                                74: 0,
                                75: 0,
                                76: 0,
                                77: 0,
                                78: 0,
                                79: 0,
                                80: 0,
                                81: 0,
                                82: 0,
                                83: 0,
                                84: 0,
                                85: 0,
                                86: 0,
                                87: 0,
                                88: 0,
                                89: 0,
                                90: 0,
                                91: 0,
                                92: 0,
                                93: 0,
                                94: 0,
                                95: 0,
                                96: 0,
                                97: 0,
                                98: 0,
                                99: 0,
                                100: 0,
                                101: 0,
                                102: 0,
                                103: 0,
                                104: 0,
                                105: 0,
                                106: 0,
                                107: 0,
                                108: 0,
                                109: 0,
                                110: 0,
                                111: 0,
                                112: 0,
                                113: 0,
                                114: 0,
                                115: 0,
                                116: 0,
                                117: 0,
                                118: 0,
                                119: 0,
                                120: 0,
                                121: 0,
                                122: 0,
                                123: 0,
                                124: 0,
                                125: 0,
                                126: 0.0472,
                                127: 0.155,
                                128: 0.2728,
                                129: 0.35,
                                130: 0.3892,
                                131: 0.4267,
                                132: 0.4628,
                                133: 0.4975,
                                134: 0.531,
                                135: 0.5634,
                                136: 0.5948,
                                137: 0.6254,
                                138: 0.6552,
                                139: 0.6843,
                                140: 0.713,
                                141: 0.7414,
                                142: 0.7695,
                                143: 0.7974,
                                144: 0.8254,
                                145: 0.8534,
                                146: 0.8818,
                                147: 0.9105,
                                148: 0.9397,
                                149: 0.9695,
                                150: 1,
                            }
                            double avars:tz.timeSamples = {
                                1: 0,
                                2: 0,
                                3: 0,
                                4: 0,
                                5: 0,
                                6: 0,
                                7: 0,
                                8: 0,
                                9: 0,
                                10: 0,
                                11: 0,
                                12: 0,
                                13: 0,
                                14: 0,
                                15: 0,
                                16: 0,
                                17: 0,
                                18: 0,
                                19: 0,
                                20: 0,
                                21: 0,
                                22: 0,
                                23: 0,
                                24: 0,
                                25: 0,
                                26: 0,
                                27: 0,
                                28: 0,
                                29: 0,
                                30: 0,
                                31: 0,
                                32: 0,
                                33: 0,
                                34: 0,
                                35: 0,
                                36: 0,
                                37: 0,
                                38: 0,
                                39: 0,
                                40: 0,
                                41: 0,
                                42: 0,
                                43: 0,
                                44: 0,
                                45: 0,
                                46: 0,
                                47: 0,
                                48: 0,
                                49: 0,
                                50: 0,
                                51: 0,
                                52: 0,
                                53: 0,
                                54: 0,
                                55: 0,
                                56: 0,
                                57: 0,
                                58: 0,
                                59: 0,
                                60: 0,
                                61: 0,
                                62: 0,
                                63: 0,
                                64: 0,
                                65: 0,
                                66: 0,
                                67: 0,
                                68: 0,
                                69: 0,
                                70: 0,
                                71: 0,
                                72: 0,
                                73: 0,
                                74: 0,
                                75: 0,
                                76: 0,
                                77: 0,
                                78: 0,
                                79: 0,
                                80: 0,
                                81: 0,
                                82: 0,
                                83: 0,
                                84: 0,
                                85: 0,
                                86: 0,
                                87: 0,
                                88: 0,
                                89: 0,
                                90: 0,
                                91: 0,
                                92: 0,
                                93: 0,
                                94: 0,
                                95: 0,
                                96: 0,
                                97: 0,
                                98: 0,
                                99: 0,
                                100: 0,
                                101: 0,
                                102: 0,
                                103: 0,
                                104: 0,
                                105: 0,
                                106: 0,
                                107: 0,
                                108: 0,
                                109: 0,
                                110: 0,
                                111: 0,
                                112: 0,
                                113: 0,
                                114: 0,
                                115: 0,
                                116: 0,
                                117: 0,
                                118: 0,
                                119: 0,
                                120: 0,
                                121: 0,
                                122: 0,
                                123: 0,
                                124: 0,
                                125: 0,
                                126: 0.104,
                                127: 0.352,
                                128: 0.648,
                                129: 0.896,
                                130: 1,
                                131: 1,
                                132: 1,
                                133: 1,
                                134: 1,
                                135: 1,
                                136: 1,
                                137: 1,
                                138: 1,
                                139: 1,
                                140: 1,
                                141: 1,
                                142: 1,
                                143: 1,
                                144: 1,
                                145: 1,
                                146: 1,
                                147: 1,
                                148: 1,
                                149: 1,
                                150: 1,
                            }
                        }

                        over "Look_ctl"
                        {
                            double avars:tx.timeSamples = {
                                1: 0,
                                2: 0,
                                3: 0,
                                4: 0,
                                5: 0,
                                6: 0,
                                7: 0.2333,
                                8: 0.6667,
                                9: 0.9,
                                10: 0.8993,
                                11: 0.8975,
                                12: 0.8945,
                                13: 0.8905,
                                14: 0.8857,
                                15: 0.8802,
                                16: 0.8741,
                                17: 0.8675,
                                18: 0.8606,
                                19: 0.8536,
                                20: 0.8464,
                                21: 0.8394,
                                22: 0.8325,
                                23: 0.8259,
                                24: 0.8198,
                                25: 0.8143,
                                26: 0.8095,
                                27: 0.8055,
                                28: 0.8025,
                                29: 0.8007,
                                30: 0.8,
                                31: 0.8,
                                32: 0.8,
                                33: 0.8,
                                34: 0.8,
                                35: 0.3593,
                                36: -0.4593,
                                37: -0.9,
                                38: -0.8993,
                                39: -0.8975,
                                40: -0.8945,
                                41: -0.8905,
                                42: -0.8857,
                                43: -0.8802,
                                44: -0.8741,
                                45: -0.8675,
                                46: -0.8606,
                                47: -0.8536,
                                48: -0.8464,
                                49: -0.8394,
                                50: -0.8325,
                                51: -0.8259,
                                52: -0.8198,
                                53: -0.8143,
                                54: -0.8095,
                                55: -0.8055,
                                56: -0.8025,
                                57: -0.8007,
                                58: -0.8,
                                59: -0.8,
                                60: -0.8,
                                61: -0.8,
                                62: -0.8,
                                63: -0.8,
                                64: -0.8,
                                65: -0.8,
                                66: -0.8,
                                67: -0.675,
                                68: -0.4,
                                69: -0.125,
                                70: 0,
                                71: 0,
                                72: 0,
                                73: 0,
                                74: 0,
                                75: 0,
                                76: 0,
                                77: 0,
                                78: 0,
                                79: 0,
                                80: 0,
                                81: 0,
                                82: 0,
                                83: 0,
                                84: 0,
                                85: 0,
                                86: 0,
                                87: 0,
                                88: 0,
                                89: 0,
                                90: 0,
                                91: 0,
                                92: 0,
                                93: 0,
                                94: 0,
                                95: 0,
                                96: 0,
                                97: 0,
                                98: 0,
                                99: 0,
                                100: 0,
                                101: 0,
                                102: 0,
                                103: 0,
                                104: 0,
                                105: 0,
                                106: 0,
                                107: 0,
                                108: 0,
                                109: 0,
                                110: 0,
                                111: 0,
                                112: 0,
                                113: 0,
                                114: 0,
                                115: 0,
                                116: 0,
                                117: 0,
                                118: 0,
                                119: 0,
                                120: 0,
                                121: 0,
                                122: 0,
                                123: 0,
                                124: 0,
                                125: 0,
                                126: 0,
                                127: 0,
                                128: 0,
                                129: 0,
                                130: 0,
                                131: 0,
                                132: 0,
                                133: 0,
                                134: 0,
                                135: 0,
                                136: 0,
                                137: 0,
                                138: 0,
                                139: 0,
                                140: 0,
                                141: 0,
                                142: 0,
                                143: 0,
                                144: 0,
                                145: 0,
                                146: 0,
                                147: 0,
                                148: 0,
                                149: 0,
                                150: 0,
                            }
                            double avars:ty.timeSamples = {
                                1: 0,
                                2: 0,
                                3: 0,
                                4: 0,
                                5: 0,
                                6: 0,
                                7: 0,
                                8: 0,
                                9: 0,
                                10: 0,
                                11: 0,
                                12: 0,
                                13: 0,
                                14: 0,
                                15: 0,
                                16: 0,
                                17: 0,
                                18: 0,
                                19: 0,
                                20: 0,
                                21: 0,
                                22: 0,
                                23: 0,
                                24: 0,
                                25: 0,
                                26: 0,
                                27: 0,
                                28: 0,
                                29: 0,
                                30: 0,
                                31: 0,
                                32: 0,
                                33: 0,
                                34: 0,
                                35: 0,
                                36: 0,
                                37: 0,
                                38: 0,
                                39: 0,
                                40: 0,
                                41: 0,
                                42: 0,
                                43: 0,
                                44: 0,
                                45: 0,
                                46: 0,
                                47: 0,
                                48: 0,
                                49: 0,
                                50: 0,
                                51: 0,
                                52: 0,
                                53: 0,
                                54: 0,
                                55: 0,
                                56: 0,
                                57: 0,
                                58: 0,
                                59: 0,
                                60: 0,
                                61: 0,
                                62: 0,
                                63: 0,
                                64: 0,
                                65: 0,
                                66: 0,
                                67: 0,
                                68: 0,
                                69: 0,
                                70: 0,
                                71: 0,
                                72: 0,
                                73: 0,
                                74: 0,
                                75: 0,
                                76: 0,
                                77: 0.125,
                                78: 0.4,
                                79: 0.675,
                                80: 0.8,
                                81: 0.8057,
                                82: 0.8204,
                                83: 0.8406,
                                84: 0.863,
                                85: 0.8839,
                                86: 0.9,
                                87: 0.9078,
                                88: 0.9037,
                                89: 0.8844,
                                90: 0.8463,
                                91: 0.786,
                                92: 0.7,
                                93: 0.4094,
                                94: -0.1,
                                95: -0.5844,
                                96: -0.8,
                                97: -0.8012,
                                98: -0.8043,
                                99: -0.8084,
                                100: -0.8128,
                                101: -0.8168,
                                102: -0.8194,
                                103: -0.82,
                                104: -0.8177,
                                105: -0.8118,
                                106: -0.8015,
                                107: -0.7859,
                                108: -0.7643,
                                109: -0.7359,
                                110: -0.7,
                                111: -0.6204,
                                112: -0.483,
                                113: -0.32,
                                114: -0.1637,
                                115: -0.0463,
                                116: 0,
                                117: 0,
                                118: 0,
                                119: 0,
                                120: 0,
                                121: 0,
                                122: 0,
                                123: 0,
                                124: 0,
                                125: 0,
                                126: 0,
                                127: 0,
                                128: 0,
                                129: 0,
                                130: 0,
                                131: 0,
                                132: 0,
                                133: 0,
                                134: 0,
                                135: 0,
                                136: 0,
                                137: 0,
                                138: 0,
                                139: 0,
                                140: 0,
                                141: 0,
                                142: 0,
                                143: 0,
                                144: 0,
                                145: 0,
                                146: 0,
                                147: 0,
                                148: 0,
                                149: 0,
                                150: 0,
                            }
                            double avars:tz.timeSamples = {
                                1: 0,
                                2: 0,
                                3: 0,
                                4: 0,
                                5: 0,
                                6: 0,
                                7: 0,
                                8: 0,
                                9: 0,
                                10: 0,
                                11: 0,
                                12: 0,
                                13: 0,
                                14: 0,
                                15: 0,
                                16: 0,
                                17: 0,
                                18: 0,
                                19: 0,
                                20: 0,
                                21: 0,
                                22: 0,
                                23: 0,
                                24: 0,
                                25: 0,
                                26: 0,
                                27: 0,
                                28: 0,
                                29: 0,
                                30: 0,
                                31: 0,
                                32: 0,
                                33: 0,
                                34: 0,
                                35: 0,
                                36: 0,
                                37: 0,
                                38: 0,
                                39: 0,
                                40: 0,
                                41: 0,
                                42: 0,
                                43: 0,
                                44: 0,
                                45: 0,
                                46: 0,
                                47: 0,
                                48: 0,
                                49: 0,
                                50: 0,
                                51: 0,
                                52: 0,
                                53: 0,
                                54: 0,
                                55: 0,
                                56: 0,
                                57: 0,
                                58: 0,
                                59: 0,
                                60: 0,
                                61: 0,
                                62: 0,
                                63: 0,
                                64: 0,
                                65: 0,
                                66: 0,
                                67: 0,
                                68: 0,
                                69: 0,
                                70: 0,
                                71: 0,
                                72: 0,
                                73: 0,
                                74: 0,
                                75: 0,
                                76: 0,
                                77: 0,
                                78: 0,
                                79: 0,
                                80: 0,
                                81: 0,
                                82: 0,
                                83: 0,
                                84: 0,
                                85: 0,
                                86: 0,
                                87: 0,
                                88: 0,
                                89: 0,
                                90: 0,
                                91: 0,
                                92: 0,
                                93: 0,
                                94: 0,
                                95: 0,
                                96: 0,
                                97: 0,
                                98: 0,
                                99: 0,
                                100: 0,
                                101: 0,
                                102: 0,
                                103: 0,
                                104: 0,
                                105: 0,
                                106: 0,
                                107: 0,
                                108: 0,
                                109: 0,
                                110: 0,
                                111: 0,
                                112: 0,
                                113: 0,
                                114: 0,
                                115: 0,
                                116: 0,
                                117: 0,
                                118: 0,
                                119: 0,
                                120: 0,
                                121: 0,
                                122: 0,
                                123: 0,
                                124: 0,
                                125: 0.1815,
                                126: 0.5185,
                                127: 0.7,
                                128: 0.7,
                                129: 0.7,
                                130: 0.7,
                                131: 0.7,
                                132: 0.7,
                                133: 0.7,
                                134: 0.7,
                                135: 0.7,
                                136: 0.7,
                                137: 0.5906,
                                138: 0.35,
                                139: 0.1094,
                                140: 0,
                                141: 0,
                                142: 0,
                                143: 0,
                                144: 0,
                                145: 0,
                                146: 0,
                                147: 0,
                                148: 0,
                                149: 0,
                                150: 0,
                            }
                        }

                        over "Mouth_ctl"
                        {
                            double avars:ry.timeSamples = {
                                1: 0,
                                2: 0,
                                3: 0,
                                4: 0,
                                5: 0,
                                6: 0,
                                7: 0,
                                8: 0,
                                9: 0,
                                10: 0,
                                11: 0,
                                12: 0,
                                13: 0,
                                14: 0,
                                15: 0,
                                16: 0,
                                17: 0,
                                18: 0,
                                19: 0,
                                20: 0,
                                21: 0,
                                22: 0,
                                23: 0,
                                24: 0,
                                25: 0,
                                26: 0,
                                27: 0,
                                28: 0,
                                29: 0,
                                30: 0,
                                31: 0,
                                32: 0,
                                33: 0,
                                34: 0,
                                35: 0,
                                36: 0,
                                37: 0,
                                38: 0,
                                39: 0,
                                40: 0,
                                41: 0,
                                42: 0,
                                43: 0,
                                44: 0,
                                45: 0,
                                46: 0,
                                47: 0,
                                48: 0,
                                49: 0,
                                50: 0,
                                51: 0,
                                52: 0,
                                53: 0,
                                54: 0,
                                55: 0,
                                56: 0,
                                57: 0,
                                58: 0,
                                59: 0,
                                60: 0,
                                61: 0,
                                62: 0,
                                63: 0,
                                64: 0,
                                65: 0,
                                66: 0,
                                67: 0,
                                68: 0,
                                69: 0,
                                70: 0,
                                71: 0,
                                72: 0,
                                73: 0,
                                74: 0,
                                75: 0,
                                76: 0,
                                77: 0,
                                78: 0,
                                79: 0,
                                80: 0,
                                81: 0,
                                82: 0,
                                83: 0,
                                84: 0,
                                85: 0,
                                86: 0,
                                87: 0,
                                88: 0,
                                89: 0,
                                90: 0,
                                91: 0,
                                92: 0,
                                93: 0,
                                94: 0,
                                95: 0,
                                96: 0,
                                97: 0,
                                98: 0,
                                99: 0,
                                100: 0,
                                101: 0,
                                102: 0,
                                103: 0,
                                104: 0,
                                105: 0,
                                106: 0,
                                107: 0,
                                108: 0,
                                109: 0,
                                110: 0,
                                111: 0,
                                112: 0,
                                113: 0,
                                114: 0,
                                115: 0,
                                116: 0,
                                117: 0,
                                118: 0,
                                119: 0,
                                120: 0,
                                121: 0,
                                122: 0,
                                123: 0,
                                124: 0,
                                125: 0,
                                126: 0,
                                127: 0,
                                128: 0,
                                129: 0,
                                130: 0,
                                131: 0,
                                132: 0,
                                133: 0,
                                134: 0,
                                135: 0,
                                136: 0,
                                137: 0,
                                138: 0,
                                139: 0,
                                140: 0,
                                141: 0,
                                142: 0,
                                143: 0,
                                144: 0,
                                145: 0,
                                146: 0,
                                147: 0,
                                148: 0,
                                149: 0,
                                150: 0,
                            }
                            double avars:rz.timeSamples = {
                                1: 0,
                                2: 0,
                                3: 0,
                                4: 0,
                                5: 0,
                                6: 0,
                                7: 0,
                                8: 0,
                                9: 0,
                                10: 0,
                                11: 0,
                                12: 0,
                                13: 0,
                                14: 0,
                                15: 0,
                                16: 0,
                                17: 0,
                                18: 0,
                                19: 0,
                                20: 0,
                                21: 0,
                                22: 0,
                                23: 0,
                                24: 0,
                                25: 0,
                                26: 0,
                                27: 0,
                                28: 0,
                                29: 0,
                                30: 0,
                                31: 0,
                                32: 0,
                                33: 0,
                                34: 0,
                                35: 0,
                                36: 0,
                                37: 0,
                                38: 0,
                                39: 0,
                                40: 0,
                                41: 0,
                                42: 0,
                                43: 0,
                                44: 0,
                                45: 0,
                                46: 0,
                                47: 0,
                                48: 0,
                                49: 0,
                                50: 0,
                                51: 0,
                                52: 0,
                                53: 0,
                                54: 0,
                                55: 0,
                                56: 0,
                                57: 0,
                                58: 0,
                                59: 0,
                                60: 0,
                                61: 0,
                                62: 0,
                                63: 0,
                                64: 0,
                                65: 0,
                                66: 0,
                                67: 0,
                                68: 0,
                                69: 0,
                                70: 0,
                                71: 0,
                                72: 0,
                                73: 0,
                                74: 0,
                                75: 0,
                                76: 0,
                                77: 0,
                                78: 0,
                                79: 0,
                                80: 0,
                                81: 0,
                                82: 0,
                                83: 0,
                                84: 0,
                                85: 0,
                                86: 0,
                                87: 0,
                                88: 0,
                                89: 0,
                                90: 0,
                                91: 0,
                                92: 0,
                                93: 0,
                                94: 0,
                                95: 0,
                                96: 0,
                                97: 0,
                                98: 0,
                                99: 0,
                                100: 0,
                                101: 2.5,
                                102: 8,
                                103: 13.5,
                                104: 16,
                                105: 16,
                                106: 16,
                                107: 16,
                                108: 16,
                                109: 16,
                                110: 16,
                                111: 16,
                                112: 16,
                                113: 14.8148,
                                114: 11.8519,
                                115: 8,
                                116: 4.1481,
                                117: 1.1852,
                                118: 0,
                                119: 0,
                                120: 0,
                                121: 0,
                                122: 0,
                                123: 0,
                                124: 0,
                                125: -3.1111,
                                126: -8.8889,
                                127: -12,
                                128: -12,
                                129: -12,
                                130: -12,
                                131: -12,
                                132: -12,
                                133: -12,
                                134: -12,
                                135: -12,
                                136: -12,
                                137: -9.7778,
                                138: -4.2222,
                                139: 3,
                                140: 10.2222,
                                141: 15.7778,
                                142: 18,
                                143: 18,
                                144: 18,
                                145: 18,
                                146: 18,
                                147: 18,
                                148: 18,
                                149: 18,
                                150: 18,
                            }
                            double avars:tx.timeSamples = {
                                1: 0,
                                2: 0,
                                3: 0,
                                4: 0,
                                5: 0,
                                6: 0,
                                7: 0,
                                8: 0,
                                9: 0,
                                10: 0,
                                11: 0,
                                12: 0,
                                13: 0,
                                14: 0,
                                15: 0,
                                16: 0,
                                17: 0,
                                18: 0,
                                19: 0,
                                20: 0,
                                21: 0,
                                22: 0,
                                23: 0,
                                24: 0,
                                25: 0,
                                26: 0,
                                27: 0,
                                28: 0,
                                29: 0,
                                30: 0,
                                31: 0,
                                32: 0,
                                33: 0,
                                34: 0,
                                35: 0,
                                36: 0,
                                37: 0,
                                38: 0,
                                39: 0,
                                40: 0,
                                41: 0,
                                42: 0,
                                43: 0,
                                44: 0,
                                45: 0,
                                46: 0,
                                47: 0,
                                48: 0,
                                49: 0,
                                50: 0,
                                51: 0,
                                52: 0,
                                53: 0,
                                54: 0,
                                55: 0,
                                56: 0,
                                57: 0,
                                58: 0,
                                59: 0,
                                60: 0,
                                61: 0,
                                62: 0,
                                63: 0,
                                64: 0,
                                65: 0,
                                66: 0,
                                67: 0,
                                68: 0,
                                69: 0,
                                70: 0,
                                71: 0,
                                72: 0,
                                73: 0,
                                74: 0,
                                75: 0,
                                76: 0,
                                77: 0,
                                78: 0,
                                79: 0,
                                80: 0,
                                81: 0,
                                82: 0,
                                83: 0,
                                84: 0,
                                85: 0.1562,
                                86: 0.5,
                                87: 0.8438,
                                88: 1,
                                89: 1,
                                90: 1,
                                91: 1,
                                92: 1,
                                93: 1,
                                94: 1,
                                95: 0.8438,
                                96: 0.5,
                                97: 0.1562,
                                98: 0,
                                99: 0,
                                100: 0,
                                101: 0,
                                102: 0,
                                103: 0,
                                104: 0,
                                105: 0,
                                106: 0,
                                107: 0,
                                108: 0,
                                109: 0,
                                110: 0,
                                111: 0,
                                112: 0,
                                113: 0,
                                114: 0,
                                115: 0,
                                116: 0,
                                117: 0,
                                118: 0,
                                119: 0,
                                120: 0,
                                121: 0.0222,
                                122: 0.0793,
                                123: 0.1574,
                                124: 0.2426,
                                125: 0.3207,
                                126: 0.3778,
                                127: 0.4,
                                128: 0.3993,
                                129: 0.3971,
                                130: 0.3936,
                                131: 0.389,
                                132: 0.3832,
                                133: 0.3763,
                                134: 0.3686,
                                135: 0.36,
                                136: 0.3507,
                                137: 0.3408,
                                138: 0.3304,
                                139: 0.3195,
                                140: 0.3083,
                                141: 0.2969,
                                142: 0.2853,
                                143: 0.2738,
                                144: 0.2622,
                                145: 0.2509,
                                146: 0.2398,
                                147: 0.229,
                                148: 0.2188,
                                149: 0.2091,
                                150: 0.2,
                            }
                            double avars:ty.timeSamples = {
                                1: 0,
                                2: 0,
                                3: 0,
                                4: 0,
                                5: 0,
                                6: 0,
                                7: 0,
                                8: 0,
                                9: 0,
                                10: 0,
                                11: 0,
                                12: 0,
                                13: 0,
                                14: 0,
                                15: 0,
                                16: 0,
                                17: 0,
                                18: 0,
                                19: 0,
                                20: 0,
                                21: 0,
                                22: 0,
                                23: 0,
                                24: 0,
                                25: 0,
                                26: 0,
                                27: 0,
                                28: 0,
                                29: 0,
                                30: 0,
                                31: 0,
                                32: 0,
                                33: 0,
                                34: 0,
                                35: 0,
                                36: 0,
                                37: 0,
                                38: 0,
                                39: 0,
                                40: 0,
                                41: -0.1562,
                                42: -0.5,
                                43: -0.8438,
                                44: -1,
                                45: -1,
                                46: -1,
                                47: -1,
                                48: -1,
                                49: -1,
                                50: -1,
                                51: -0.8438,
                                52: -0.5,
                                53: -0.1562,
                                54: 0,
                                55: 0,
                                56: 0,
                                57: 0,
                                58: 0,
                                59: 0,
                                60: 0,
                                61: 0,
                                62: 0,
                                63: 0,
                                64: 0,
                                65: 0,
                                66: 0,
                                67: 0,
                                68: 0,
                                69: 0,
                                70: 0,
                                71: 0,
                                72: 0,
                                73: 0,
                                74: 0,
                                75: 0,
                                76: 0,
                                77: 0,
                                78: 0,
                                79: 0,
                                80: 0,
                                81: 0,
                                82: 0,
                                83: 0,
                                84: 0,
                                85: -0.0859,
                                86: -0.275,
                                87: -0.4641,
                                88: -0.55,
                                89: -0.55,
                                90: -0.55,
                                91: -0.55,
                                92: -0.55,
                                93: -0.55,
                                94: -0.55,
                                95: -0.4641,
                                96: -0.275,
                                97: -0.0859,
                                98: 0,
                                99: 0,
                                100: 0,
                                101: 0,
                                102: 0,
                                103: 0,
                                104: 0,
                                105: 0,
                                106: 0,
                                107: 0,
                                108: 0,
                                109: 0,
                                110: 0,
                                111: 0,
                                112: 0,
                                113: 0,
                                114: 0,
                                115: 0,
                                116: 0,
                                117: 0,
                                118: 0,
                                119: 0,
                                120: 0,
                                121: 0,
                                122: 0,
                                123: 0,
                                124: 0,
                                125: -0.363,
                                126: -1.037,
                                127: -1.4,
                                128: -1.4059,
                                129: -1.4203,
                                130: -1.4383,
                                131: -1.4551,
                                132: -1.4658,
                                133: -1.4655,
                                134: -1.4494,
                                135: -1.4125,
                                136: -1.35,
                                137: -1.1583,
                                138: -0.8365,
                                139: -0.534,
                                140: -0.4,
                                141: -0.4222,
                                142: -0.4778,
                                143: -0.55,
                                144: -0.6222,
                                145: -0.6778,
                                146: -0.7,
                                147: -0.7,
                                148: -0.7,
                                149: -0.7,
                                150: -0.7,
                            }
                        }

                        over "Ahoge_0_ctl"
                        {
                            double avars:rz.timeSamples = {
                                1: 0.0664,
                                2: 0.0633,
                                3: 0.0697,
                                4: 0.0792,
                                5: 0.0852,
                                6: 0.0835,
                                7: 0.117,
                                8: 0.285,
                                9: 0.6311,
                                10: 0.9915,
                                11: 1.1171,
                                12: 0.9204,
                                13: 0.4726,
                                14: -0.0773,
                                15: -0.5663,
                                16: -0.8842,
                                17: -1.0069,
                                18: -0.9882,
                                19: -0.9231,
                                20: -0.9019,
                                21: -0.9754,
                                22: -1.1428,
                                23: -1.3401,
                                24: -1.3895,
                                25: -1.0521,
                                26: -0.3108,
                                27: 0.5094,
                                28: 0.9991,
                                29: 0.9744,
                                30: 0.5474,
                                31: -0.0319,
                                32: -0.515,
                                33: -0.8005,
                                34: -0.9927,
                                35: -1.2554,
                                36: -1.5067,
                                37: -1.4947,
                                38: -1.1544,
                                39: -0.5898,
                                40: 0.0425,
                                41: 0.5853,
                                42: 0.9432,
                                43: 1.1076,
                                44: 1.1429,
                                45: 1.1459,
                                46: 1.2016,
                                47: 1.3516,
                                48: 1.5865,
                                49: 1.8598,
                                50: 2.1138,
                                51: 2.2435,
                                52: 2.0158,
                                53: 1.2312,
                                54: 0.0654,
                                55: -0.9958,
                                56: -1.5022,
                                57: -1.2971,
                                58: -0.592,
                                59: 0.232,
                                60: 0.8358,
                                61: 1.0888,
                                62: 1.1117,
                                63: 1.1167,
                                64: 1.1215,
                                65: 0.9842,
                                66: 0.6744,
                                67: 0.257,
                                68: -0.1846,
                                69: -0.5698,
                                70: -0.8514,
                                71: -1.0281,
                                72: -1.1353,
                                73: -1.224,
                                74: -1.3376,
                                75: -1.4288,
                                76: -1.2857,
                                77: -0.7432,
                                78: 0.0352,
                                79: 0.7188,
                                80: 1.0455,
                                81: 0.9149,
                                82: 0.4657,
                                83: -0.0526,
                                84: -0.4291,
                                85: -0.548,
                                86: -0.4161,
                                87: -0.1399,
                                88: 0.1384,
                                89: 0.3045,
                                90: 0.3115,
                                91: 0.1848,
                                92: -0.0023,
                                93: -0.1672,
                                94: -0.2525,
                                95: -0.2434,
                                96: -0.1653,
                                97: -0.0651,
                                98: 0.011,
                                99: 0.0362,
                                100: 0.0093,
                                101: -0.0495,
                                102: -0.1113,
                                103: -0.1513,
                                104: -0.1579,
                                105: -0.1349,
                                106: -0.0962,
                                107: -0.0592,
                                108: -0.0364,
                                109: -0.032,
                                110: -0.0418,
                                111: -0.0564,
                                112: -0.0661,
                                113: -0.065,
                                114: -0.0521,
                                115: -0.0313,
                                116: -0.0085,
                                117: 0.011,
                                118: 0.0242,
                                119: 0.0315,
                                120: 0.0356,
                                121: 0.0398,
                                122: 0.0468,
                                123: 0.0577,
                                124: 0.0716,
                                125: 0.0866,
                                126: 0.1006,
                                127: 0.1121,
                                128: 0.1208,
                                129: 0.1273,
                                130: 0.1326,
                                131: 0.1378,
                                132: 0.1435,
                                133: 0.1496,
                                134: 0.1557,
                                135: 0.1609,
                                136: 0.1646,
                                137: 0.1666,
                                138: 0.1669,
                                139: 0.1658,
                                140: 0.1639,
                                141: 0.1613,
                                142: 0.1583,
                                143: 0.1548,
                                144: 0.1505,
                                145: 0.1452,
                                146: 0.1389,
                                147: 0.1315,
                                148: 0.1233,
                                149: 0.1145,
                                150: 0.1052,
                            }

                            over "Ahoge_1_ctl"
                            {
                                double avars:rz.timeSamples = {
                                    1: 0.1031,
                                    2: 0.0823,
                                    3: 0.0822,
                                    4: 0.0969,
                                    5: 0.1156,
                                    6: 0.1276,
                                    7: 0.1557,
                                    8: 0.264,
                                    9: 0.4586,
                                    10: 0.6363,
                                    11: 0.6801,
                                    12: 0.5512,
                                    13: 0.2983,
                                    14: 0.0142,
                                    15: -0.2143,
                                    16: -0.3401,
                                    17: -0.3661,
                                    18: -0.3339,
                                    19: -0.2997,
                                    20: -0.309,
                                    21: -0.3809,
                                    22: -0.5057,
                                    23: -0.6397,
                                    24: -0.6701,
                                    25: -0.4469,
                                    26: 0.0336,
                                    27: 0.532,
                                    28: 0.7677,
                                    29: 0.6493,
                                    30: 0.2754,
                                    31: -0.1701,
                                    32: -0.5119,
                                    33: -0.6913,
                                    34: -0.7947,
                                    35: -0.898,
                                    36: -0.9545,
                                    37: -0.8817,
                                    38: -0.6654,
                                    39: -0.3712,
                                    40: -0.0921,
                                    41: 0.1041,
                                    42: 0.1961,
                                    43: 0.2086,
                                    44: 0.1927,
                                    45: 0.201,
                                    46: 0.266,
                                    47: 0.3916,
                                    48: 0.557,
                                    49: 0.7301,
                                    50: 0.8823,
                                    51: 0.9584,
                                    52: 0.8158,
                                    53: 0.3278,
                                    54: -0.3902,
                                    55: -0.9878,
                                    56: -1.1623,
                                    57: -0.8673,
                                    58: -0.2772,
                                    59: 0.3431,
                                    60: 0.7623,
                                    61: 0.9069,
                                    62: 0.8816,
                                    63: 0.812,
                                    64: 0.7222,
                                    65: 0.5859,
                                    66: 0.4011,
                                    67: 0.2014,
                                    68: 0.0272,
                                    69: -0.0998,
                                    70: -0.1811,
                                    71: -0.2367,
                                    72: -0.2929,
                                    73: -0.3711,
                                    74: -0.48,
                                    75: -0.5701,
                                    76: -0.4907,
                                    77: -0.1333,
                                    78: 0.3838,
                                    79: 0.7964,
                                    80: 0.9123,
                                    81: 0.7119,
                                    82: 0.3176,
                                    83: -0.0867,
                                    84: -0.3473,
                                    85: -0.3984,
                                    86: -0.2679,
                                    87: -0.0486,
                                    88: 0.1503,
                                    89: 0.2497,
                                    90: 0.2258,
                                    91: 0.1085,
                                    92: -0.0414,
                                    93: -0.1621,
                                    94: -0.2155,
                                    95: -0.1975,
                                    96: -0.1327,
                                    97: -0.0588,
                                    98: -0.0092,
                                    99: -0.0005,
                                    100: -0.0296,
                                    101: -0.0785,
                                    102: -0.1247,
                                    103: -0.1507,
                                    104: -0.1502,
                                    105: -0.128,
                                    106: -0.0963,
                                    107: -0.068,
                                    108: -0.0517,
                                    109: -0.049,
                                    110: -0.0557,
                                    111: -0.064,
                                    112: -0.067,
                                    113: -0.0608,
                                    114: -0.0456,
                                    115: -0.025,
                                    116: -0.0036,
                                    117: 0.0147,
                                    118: 0.0281,
                                    119: 0.0374,
                                    120: 0.0448,
                                    121: 0.0529,
                                    122: 0.0634,
                                    123: 0.0769,
                                    124: 0.0923,
                                    125: 0.1081,
                                    126: 0.1228,
                                    127: 0.1352,
                                    128: 0.1452,
                                    129: 0.1535,
                                    130: 0.1608,
                                    131: 0.1678,
                                    132: 0.175,
                                    133: 0.1822,
                                    134: 0.1888,
                                    135: 0.1943,
                                    136: 0.1982,
                                    137: 0.2004,
                                    138: 0.2009,
                                    139: 0.2,
                                    140: 0.1982,
                                    141: 0.1955,
                                    142: 0.1921,
                                    143: 0.1879,
                                    144: 0.1827,
                                    145: 0.1764,
                                    146: 0.1689,
                                    147: 0.1604,
                                    148: 0.151,
                                    149: 0.1408,
                                    150: 0.1302,
                                }

                                over "Ahoge_2_ctl"
                                {
                                    double avars:rz.timeSamples = {
                                        1: 0.1031,
                                        2: 0.0823,
                                        3: 0.0822,
                                        4: 0.0969,
                                        5: 0.1156,
                                        6: 0.1276,
                                        7: 0.1557,
                                        8: 0.264,
                                        9: 0.4586,
                                        10: 0.6363,
                                        11: 0.6801,
                                        12: 0.5512,
                                        13: 0.2983,
                                        14: 0.0142,
                                        15: -0.2143,
                                        16: -0.3401,
                                        17: -0.3661,
                                        18: -0.3339,
                                        19: -0.2997,
                                        20: -0.309,
                                        21: -0.3809,
                                        22: -0.5057,
                                        23: -0.6397,
                                        24: -0.6701,
                                        25: -0.4469,
                                        26: 0.0336,
                                        27: 0.532,
                                        28: 0.7677,
                                        29: 0.6493,
                                        30: 0.2754,
                                        31: -0.1701,
                                        32: -0.5119,
                                        33: -0.6913,
                                        34: -0.7947,
                                        35: -0.898,
                                        36: -0.9545,
                                        37: -0.8817,
                                        38: -0.6654,
                                        39: -0.3712,
                                        40: -0.0921,
                                        41: 0.1041,
                                        42: 0.1961,
                                        43: 0.2086,
                                        44: 0.1927,
                                        45: 0.201,
                                        46: 0.266,
                                        47: 0.3916,
                                        48: 0.557,
                                        49: 0.7301,
                                        50: 0.8823,
                                        51: 0.9584,
                                        52: 0.8158,
                                        53: 0.3278,
                                        54: -0.3902,
                                        55: -0.9878,
                                        56: -1.1623,
                                        57: -0.8673,
                                        58: -0.2772,
                                        59: 0.3431,
                                        60: 0.7623,
                                        61: 0.9069,
                                        62: 0.8816,
                                        63: 0.812,
                                        64: 0.7222,
                                        65: 0.5859,
                                        66: 0.4011,
                                        67: 0.2014,
                                        68: 0.0272,
                                        69: -0.0998,
                                        70: -0.1811,
                                        71: -0.2367,
                                        72: -0.2929,
                                        73: -0.3711,
                                        74: -0.48,
                                        75: -0.5701,
                                        76: -0.4907,
                                        77: -0.1333,
                                        78: 0.3838,
                                        79: 0.7964,
                                        80: 0.9123,
                                        81: 0.7119,
                                        82: 0.3176,
                                        83: -0.0867,
                                        84: -0.3473,
                                        85: -0.3984,
                                        86: -0.2679,
                                        87: -0.0486,
                                        88: 0.1503,
                                        89: 0.2497,
                                        90: 0.2258,
                                        91: 0.1085,
                                        92: -0.0414,
                                        93: -0.1621,
                                        94: -0.2155,
                                        95: -0.1975,
                                        96: -0.1327,
                                        97: -0.0588,
                                        98: -0.0092,
                                        99: -0.0005,
                                        100: -0.0296,
                                        101: -0.0785,
                                        102: -0.1247,
                                        103: -0.1507,
                                        104: -0.1502,
                                        105: -0.128,
                                        106: -0.0963,
                                        107: -0.068,
                                        108: -0.0517,
                                        109: -0.049,
                                        110: -0.0557,
                                        111: -0.064,
                                        112: -0.067,
                                        113: -0.0608,
                                        114: -0.0456,
                                        115: -0.025,
                                        116: -0.0036,
                                        117: 0.0147,
                                        118: 0.0281,
                                        119: 0.0374,
                                        120: 0.0448,
                                        121: 0.0529,
                                        122: 0.0634,
                                        123: 0.0769,
                                        124: 0.0923,
                                        125: 0.1081,
                                        126: 0.1228,
                                        127: 0.1352,
                                        128: 0.1452,
                                        129: 0.1535,
                                        130: 0.1608,
                                        131: 0.1678,
                                        132: 0.175,
                                        133: 0.1822,
                                        134: 0.1888,
                                        135: 0.1943,
                                        136: 0.1982,
                                        137: 0.2004,
                                        138: 0.2009,
                                        139: 0.2,
                                        140: 0.1982,
                                        141: 0.1955,
                                        142: 0.1921,
                                        143: 0.1879,
                                        144: 0.1827,
                                        145: 0.1764,
                                        146: 0.1689,
                                        147: 0.1604,
                                        148: 0.151,
                                        149: 0.1408,
                                        150: 0.1302,
                                    }
                                }
                            }
                        }

                        over "BackL_0_ctl"
                        {
                            double avars:rz.timeSamples = {
                                1: -0.0356,
                                2: 0.0081,
                                3: 0.0524,
                                4: 0.0964,
                                5: 0.1393,
                                6: 0.1805,
                                7: 0.2155,
                                8: 0.2339,
                                9: 0.2898,
                                10: 0.4367,
                                11: 0.6643,
                                12: 0.9811,
                                13: 1.389,
                                14: 1.8648,
                                15: 2.3849,
                                16: 2.9257,
                                17: 3.465,
                                18: 3.9814,
                                19: 4.4555,
                                20: 4.8696,
                                21: 5.2081,
                                22: 5.4574,
                                23: 5.6041,
                                24: 5.6283,
                                25: 5.5018,
                                26: 5.2032,
                                27: 4.7771,
                                28: 4.2948,
                                29: 3.7839,
                                30: 3.2805,
                                31: 2.817,
                                32: 2.4104,
                                33: 2.0866,
                                34: 1.8765,
                                35: 1.682,
                                36: 1.3958,
                                37: 1.0309,
                                38: 0.5608,
                                39: -0.034,
                                40: -0.7254,
                                41: -1.4846,
                                42: -2.2822,
                                43: -3.0898,
                                44: -3.8798,
                                45: -4.6267,
                                46: -5.3067,
                                47: -5.8983,
                                48: -6.3824,
                                49: -6.7421,
                                50: -6.963,
                                51: -7.0277,
                                52: -6.907,
                                53: -6.5647,
                                54: -5.98,
                                55: -5.2378,
                                56: -4.4505,
                                57: -3.6492,
                                58: -2.8849,
                                59: -2.2137,
                                60: -1.6609,
                                61: -1.2476,
                                62: -0.9967,
                                63: -0.8256,
                                64: -0.6427,
                                65: -0.4514,
                                66: -0.2233,
                                67: 0.0635,
                                68: 0.3931,
                                69: 0.7482,
                                70: 1.1103,
                                71: 1.461,
                                72: 1.7815,
                                73: 2.0536,
                                74: 2.26,
                                75: 2.3823,
                                76: 2.3953,
                                77: 2.2676,
                                78: 1.9737,
                                79: 1.5786,
                                80: 1.1623,
                                81: 0.728,
                                82: 0.303,
                                83: -0.0843,
                                84: -0.433,
                                85: -0.7357,
                                86: -0.9788,
                                87: -1.1545,
                                88: -1.2626,
                                89: -1.3082,
                                90: -1.2975,
                                91: -1.2432,
                                92: -1.1668,
                                93: -1.0856,
                                94: -1.002,
                                95: -0.9131,
                                96: -0.8161,
                                97: -0.7093,
                                98: -0.5916,
                                99: -0.4623,
                                100: -0.3214,
                                101: -0.1693,
                                102: -0.0066,
                                103: 0.1608,
                                104: 0.3174,
                                105: 0.4473,
                                106: 0.5452,
                                107: 0.6119,
                                108: 0.6493,
                                109: 0.6623,
                                110: 0.6608,
                                111: 0.6525,
                                112: 0.6384,
                                113: 0.6168,
                                114: 0.5864,
                                115: 0.5465,
                                116: 0.4968,
                                117: 0.4373,
                                118: 0.3684,
                                119: 0.2908,
                                120: 0.2054,
                                121: 0.1155,
                                122: 0.0297,
                                123: -0.0437,
                                124: -0.1022,
                                125: -0.1462,
                                126: -0.1767,
                                127: -0.1951,
                                128: -0.2027,
                                129: -0.2013,
                                130: -0.1927,
                                131: -0.1784,
                                132: -0.1602,
                                133: -0.1395,
                                134: -0.1177,
                                135: -0.096,
                                136: -0.0753,
                                137: -0.0564,
                                138: -0.0399,
                                139: -0.0262,
                                140: -0.0154,
                                141: -0.0077,
                                142: -0.003,
                                143: -0.001,
                                144: -0.0015,
                                145: -0.0043,
                                146: -0.0088,
                                147: -0.0147,
                                148: -0.0216,
                                149: -0.0291,
                                150: -0.0368,
                            }

                            over "BackL_1_ctl"
                            {
                                double avars:rz.timeSamples = {
                                    1: -0.0406,
                                    2: -0.0367,
                                    3: -0.0322,
                                    4: -0.0269,
                                    5: -0.0205,
                                    6: -0.0129,
                                    7: -0.0057,
                                    8: -0.0035,
                                    9: -0.0086,
                                    10: -0.0177,
                                    11: -0.0249,
                                    12: -0.0247,
                                    13: -0.0121,
                                    14: 0.0168,
                                    15: 0.0655,
                                    16: 0.1364,
                                    17: 0.231,
                                    18: 0.3498,
                                    19: 0.4925,
                                    20: 0.6576,
                                    21: 0.8426,
                                    22: 1.0444,
                                    23: 1.2585,
                                    24: 1.4757,
                                    25: 1.6823,
                                    26: 1.8661,
                                    27: 2.0243,
                                    28: 2.1592,
                                    29: 2.2716,
                                    30: 2.3611,
                                    31: 2.4276,
                                    32: 2.4719,
                                    33: 2.4981,
                                    34: 2.5149,
                                    35: 2.5279,
                                    36: 2.5345,
                                    37: 2.528,
                                    38: 2.5021,
                                    39: 2.4516,
                                    40: 2.3719,
                                    41: 2.2595,
                                    42: 2.1117,
                                    43: 1.9269,
                                    44: 1.7048,
                                    45: 1.4463,
                                    46: 1.1533,
                                    47: 0.8293,
                                    48: 0.4783,
                                    49: 0.1057,
                                    50: -0.2825,
                                    51: -0.6775,
                                    52: -1.0637,
                                    53: -1.4213,
                                    54: -1.7364,
                                    55: -2.0062,
                                    56: -2.2331,
                                    57: -2.4184,
                                    58: -2.5627,
                                    59: -2.6676,
                                    60: -2.7353,
                                    61: -2.7713,
                                    62: -2.785,
                                    63: -2.7834,
                                    64: -2.7666,
                                    65: -2.7312,
                                    66: -2.6747,
                                    67: -2.595,
                                    68: -2.4909,
                                    69: -2.3618,
                                    70: -2.2074,
                                    71: -2.0287,
                                    72: -1.8269,
                                    73: -1.6044,
                                    74: -1.3642,
                                    75: -1.111,
                                    76: -0.8535,
                                    77: -0.6045,
                                    78: -0.3751,
                                    79: -0.171,
                                    80: 0.0052,
                                    81: 0.1508,
                                    82: 0.264,
                                    83: 0.3437,
                                    84: 0.3904,
                                    85: 0.4067,
                                    86: 0.3994,
                                    87: 0.3766,
                                    88: 0.3435,
                                    89: 0.3039,
                                    90: 0.2612,
                                    91: 0.216,
                                    92: 0.1648,
                                    93: 0.1054,
                                    94: 0.0419,
                                    95: -0.0199,
                                    96: -0.0751,
                                    97: -0.1197,
                                    98: -0.151,
                                    99: -0.1669,
                                    100: -0.1664,
                                    101: -0.1492,
                                    102: -0.1156,
                                    103: -0.0686,
                                    104: -0.016,
                                    105: 0.0342,
                                    106: 0.0785,
                                    107: 0.1159,
                                    108: 0.1457,
                                    109: 0.169,
                                    110: 0.1887,
                                    111: 0.2071,
                                    112: 0.2237,
                                    113: 0.2365,
                                    114: 0.2445,
                                    115: 0.2464,
                                    116: 0.2419,
                                    117: 0.2305,
                                    118: 0.2123,
                                    119: 0.1874,
                                    120: 0.1563,
                                    121: 0.1207,
                                    122: 0.0845,
                                    123: 0.0515,
                                    124: 0.0234,
                                    125: 0.0001,
                                    126: -0.0185,
                                    127: -0.0327,
                                    128: -0.0428,
                                    129: -0.0493,
                                    130: -0.0528,
                                    131: -0.0537,
                                    132: -0.0527,
                                    133: -0.0503,
                                    134: -0.0469,
                                    135: -0.043,
                                    136: -0.039,
                                    137: -0.0352,
                                    138: -0.0318,
                                    139: -0.0291,
                                    140: -0.0271,
                                    141: -0.026,
                                    142: -0.0257,
                                    143: -0.0262,
                                    144: -0.0274,
                                    145: -0.0293,
                                    146: -0.0317,
                                    147: -0.0344,
                                    148: -0.0375,
                                    149: -0.0406,
                                    150: -0.0437,
                                }

                                over "BackL_2_ctl"
                                {
                                    double avars:rz.timeSamples = {
                                        1: -0.0405,
                                        2: -0.0368,
                                        3: -0.0326,
                                        4: -0.0279,
                                        5: -0.0223,
                                        6: -0.0159,
                                        7: -0.0101,
                                        8: -0.0097,
                                        9: -0.0171,
                                        10: -0.0293,
                                        11: -0.0409,
                                        12: -0.0469,
                                        13: -0.0431,
                                        14: -0.0262,
                                        15: 0.0067,
                                        16: 0.0576,
                                        17: 0.1275,
                                        18: 0.217,
                                        19: 0.3256,
                                        20: 0.4522,
                                        21: 0.5949,
                                        22: 0.7511,
                                        23: 0.9172,
                                        24: 1.0853,
                                        25: 1.2425,
                                        26: 1.3782,
                                        27: 1.4908,
                                        28: 1.5838,
                                        29: 1.659,
                                        30: 1.7168,
                                        31: 1.7577,
                                        32: 1.7826,
                                        33: 1.7956,
                                        34: 1.8051,
                                        35: 1.8166,
                                        36: 1.8273,
                                        37: 1.8307,
                                        38: 1.8207,
                                        39: 1.7925,
                                        40: 1.7421,
                                        41: 1.6663,
                                        42: 1.5629,
                                        43: 1.4304,
                                        44: 1.2685,
                                        45: 1.0777,
                                        46: 0.8597,
                                        47: 0.617,
                                        48: 0.3527,
                                        49: 0.071,
                                        50: -0.2237,
                                        51: -0.5241,
                                        52: -0.8163,
                                        53: -1.0826,
                                        54: -1.3112,
                                        55: -1.501,
                                        56: -1.6561,
                                        57: -1.7791,
                                        58: -1.8716,
                                        59: -1.9355,
                                        60: -1.9731,
                                        61: -1.9895,
                                        62: -1.9932,
                                        63: -1.9904,
                                        64: -1.9803,
                                        65: -1.9592,
                                        66: -1.9235,
                                        67: -1.8709,
                                        68: -1.7998,
                                        69: -1.7091,
                                        70: -1.5982,
                                        71: -1.4674,
                                        72: -1.3176,
                                        73: -1.1503,
                                        74: -0.9677,
                                        75: -0.7735,
                                        76: -0.5754,
                                        77: -0.3849,
                                        78: -0.2117,
                                        79: -0.0603,
                                        80: 0.0678,
                                        81: 0.1708,
                                        82: 0.2475,
                                        83: 0.2971,
                                        84: 0.3201,
                                        85: 0.3189,
                                        86: 0.3001,
                                        87: 0.271,
                                        88: 0.2365,
                                        89: 0.1995,
                                        90: 0.1626,
                                        91: 0.1259,
                                        92: 0.0849,
                                        93: 0.0371,
                                        94: -0.0144,
                                        95: -0.0639,
                                        96: -0.1073,
                                        97: -0.1408,
                                        98: -0.162,
                                        99: -0.169,
                                        100: -0.1609,
                                        101: -0.1376,
                                        102: -0.0992,
                                        103: -0.0488,
                                        104: 0.006,
                                        105: 0.0573,
                                        106: 0.1017,
                                        107: 0.1383,
                                        108: 0.1667,
                                        109: 0.188,
                                        110: 0.2054,
                                        111: 0.2213,
                                        112: 0.2352,
                                        113: 0.2454,
                                        114: 0.2508,
                                        115: 0.2504,
                                        116: 0.2437,
                                        117: 0.2305,
                                        118: 0.2107,
                                        119: 0.1846,
                                        120: 0.1526,
                                        121: 0.1163,
                                        122: 0.0796,
                                        123: 0.0465,
                                        124: 0.0184,
                                        125: -0.0047,
                                        126: -0.023,
                                        127: -0.0367,
                                        128: -0.0463,
                                        129: -0.0522,
                                        130: -0.0551,
                                        131: -0.0555,
                                        132: -0.054,
                                        133: -0.051,
                                        134: -0.0472,
                                        135: -0.0429,
                                        136: -0.0386,
                                        137: -0.0345,
                                        138: -0.031,
                                        139: -0.0281,
                                        140: -0.0261,
                                        141: -0.0249,
                                        142: -0.0246,
                                        143: -0.0251,
                                        144: -0.0265,
                                        145: -0.0284,
                                        146: -0.0309,
                                        147: -0.0338,
                                        148: -0.037,
                                        149: -0.0403,
                                        150: -0.0435,
                                    }

                                    over "BackL_3_ctl"
                                    {
                                        double avars:rz.timeSamples = {
                                            1: -0.0404,
                                            2: -0.0368,
                                            3: -0.0329,
                                            4: -0.0285,
                                            5: -0.0235,
                                            6: -0.0178,
                                            7: -0.0131,
                                            8: -0.0139,
                                            9: -0.0228,
                                            10: -0.0371,
                                            11: -0.0516,
                                            12: -0.0617,
                                            13: -0.0638,
                                            14: -0.0548,
                                            15: -0.0324,
                                            16: 0.005,
                                            17: 0.0586,
                                            18: 0.1285,
                                            19: 0.2144,
                                            20: 0.3153,
                                            21: 0.4297,
                                            22: 0.5556,
                                            23: 0.6898,
                                            24: 0.825,
                                            25: 0.9493,
                                            26: 1.0529,
                                            27: 1.1351,
                                            28: 1.2002,
                                            29: 1.2507,
                                            30: 1.2873,
                                            31: 1.311,
                                            32: 1.323,
                                            33: 1.3273,
                                            34: 1.332,
                                            35: 1.3424,
                                            36: 1.3558,
                                            37: 1.3658,
                                            38: 1.3664,
                                            39: 1.3531,
                                            40: 1.3222,
                                            41: 1.2709,
                                            42: 1.1971,
                                            43: 1.0994,
                                            44: 0.9776,
                                            45: 0.8321,
                                            46: 0.664,
                                            47: 0.4755,
                                            48: 0.269,
                                            49: 0.0478,
                                            50: -0.1845,
                                            51: -0.4218,
                                            52: -0.6514,
                                            53: -0.8569,
                                            54: -1.0277,
                                            55: -1.1642,
                                            56: -1.2715,
                                            57: -1.353,
                                            58: -1.4109,
                                            59: -1.4475,
                                            60: -1.465,
                                            61: -1.4682,
                                            62: -1.4653,
                                            63: -1.4617,
                                            64: -1.4562,
                                            65: -1.4444,
                                            66: -1.4227,
                                            67: -1.3882,
                                            68: -1.339,
                                            69: -1.2739,
                                            70: -1.192,
                                            71: -1.0932,
                                            72: -0.978,
                                            73: -0.8475,
                                            74: -0.7033,
                                            75: -0.5485,
                                            76: -0.39,
                                            77: -0.2385,
                                            78: -0.1028,
                                            79: 0.0135,
                                            80: 0.1095,
                                            81: 0.1842,
                                            82: 0.2365,
                                            83: 0.2661,
                                            84: 0.2732,
                                            85: 0.2604,
                                            86: 0.2339,
                                            87: 0.2007,
                                            88: 0.1651,
                                            89: 0.1298,
                                            90: 0.0969,
                                            91: 0.0658,
                                            92: 0.0317,
                                            93: -0.0085,
                                            94: -0.0518,
                                            95: -0.0933,
                                            96: -0.1287,
                                            97: -0.1549,
                                            98: -0.1693,
                                            99: -0.1704,
                                            100: -0.1573,
                                            101: -0.1298,
                                            102: -0.0883,
                                            103: -0.0356,
                                            104: 0.0207,
                                            105: 0.0727,
                                            106: 0.1171,
                                            107: 0.1532,
                                            108: 0.1806,
                                            109: 0.2006,
                                            110: 0.2165,
                                            111: 0.2307,
                                            112: 0.2428,
                                            113: 0.2513,
                                            114: 0.255,
                                            115: 0.2531,
                                            116: 0.245,
                                            117: 0.2305,
                                            118: 0.2097,
                                            119: 0.1827,
                                            120: 0.15,
                                            121: 0.1133,
                                            122: 0.0764,
                                            123: 0.0432,
                                            124: 0.0151,
                                            125: -0.0079,
                                            126: -0.0259,
                                            127: -0.0394,
                                            128: -0.0486,
                                            129: -0.0542,
                                            130: -0.0567,
                                            131: -0.0567,
                                            132: -0.0548,
                                            133: -0.0515,
                                            134: -0.0474,
                                            135: -0.0429,
                                            136: -0.0383,
                                            137: -0.0341,
                                            138: -0.0304,
                                            139: -0.0274,
                                            140: -0.0253,
                                            141: -0.0242,
                                            142: -0.0239,
                                            143: -0.0245,
                                            144: -0.0258,
                                            145: -0.0279,
                                            146: -0.0305,
                                            147: -0.0334,
                                            148: -0.0367,
                                            149: -0.04,
                                            150: -0.0433,
                                        }
                                    }
                                }
                            }
                        }

                        over "BackR_0_ctl"
                        {
                            double avars:rz.timeSamples = {
                                1: -0.1042,
                                2: -0.0603,
                                3: -0.0159,
                                4: 0.0281,
                                5: 0.0704,
                                6: 0.1102,
                                7: 0.1432,
                                8: 0.1585,
                                9: 0.2105,
                                10: 0.3526,
                                11: 0.5746,
                                12: 0.8852,
                                13: 1.2864,
                                14: 1.7552,
                                15: 2.268,
                                16: 2.8017,
                                17: 3.3338,
                                18: 3.8435,
                                19: 4.3114,
                                20: 4.7198,
                                21: 5.0534,
                                22: 5.2986,
                                23: 5.442,
                                24: 5.464,
                                25: 5.3361,
                                26: 5.0372,
                                27: 4.6118,
                                28: 4.1312,
                                29: 3.6228,
                                30: 3.123,
                                31: 2.664,
                                32: 2.2627,
                                33: 1.9448,
                                34: 1.7415,
                                35: 1.5543,
                                36: 1.2761,
                                37: 0.9197,
                                38: 0.4583,
                                39: -0.1272,
                                40: -0.8091,
                                41: -1.5585,
                                42: -2.3463,
                                43: -3.1439,
                                44: -3.924,
                                45: -4.6609,
                                46: -5.331,
                                47: -5.9128,
                                48: -6.3874,
                                49: -6.7378,
                                50: -6.9497,
                                51: -7.0059,
                                52: -6.877,
                                53: -6.5269,
                                54: -5.935,
                                55: -5.1862,
                                56: -4.3928,
                                57: -3.586,
                                58: -2.817,
                                59: -2.1417,
                                60: -1.5856,
                                61: -1.1697,
                                62: -0.9172,
                                63: -0.7452,
                                64: -0.5622,
                                65: -0.3716,
                                66: -0.1452,
                                67: 0.1391,
                                68: 0.4654,
                                69: 0.8163,
                                70: 1.1734,
                                71: 1.5181,
                                72: 1.8319,
                                73: 2.0965,
                                74: 2.2946,
                                75: 2.4012,
                                76: 2.3743,
                                77: 2.1739,
                                78: 1.7857,
                                79: 1.2925,
                                80: 0.7894,
                                81: 0.292,
                                82: -0.1631,
                                83: -0.5405,
                                84: -0.8351,
                                85: -1.0438,
                                86: -1.1738,
                                87: -1.2416,
                                88: -1.259,
                                89: -1.2353,
                                90: -1.1797,
                                91: -1.0957,
                                92: -0.978,
                                93: -0.825,
                                94: -0.6487,
                                95: -0.4653,
                                96: -0.2891,
                                97: -0.1313,
                                98: -0.0012,
                                99: 0.0947,
                                100: 0.1521,
                                101: 0.1687,
                                102: 0.144,
                                103: 0.084,
                                104: 0.0054,
                                105: -0.074,
                                106: -0.1461,
                                107: -0.2086,
                                108: -0.26,
                                109: -0.3018,
                                110: -0.3403,
                                111: -0.38,
                                112: -0.4189,
                                113: -0.4524,
                                114: -0.4769,
                                115: -0.4898,
                                116: -0.489,
                                117: -0.4737,
                                118: -0.4432,
                                119: -0.3978,
                                120: -0.3383,
                                121: -0.2681,
                                122: -0.196,
                                123: -0.1308,
                                124: -0.0757,
                                125: -0.031,
                                126: 0.0036,
                                127: 0.0286,
                                128: 0.0448,
                                129: 0.0532,
                                130: 0.0548,
                                131: 0.0509,
                                132: 0.0424,
                                133: 0.0307,
                                134: 0.0166,
                                135: 0.0012,
                                136: -0.0147,
                                137: -0.0304,
                                138: -0.0453,
                                139: -0.0589,
                                140: -0.0711,
                                141: -0.0815,
                                142: -0.0901,
                                143: -0.0968,
                                144: -0.1018,
                                145: -0.1052,
                                146: -0.1073,
                                147: -0.1081,
                                148: -0.1081,
                                149: -0.1073,
                                150: -0.1062,
                            }

                            over "BackR_1_ctl"
                            {
                                double avars:rz.timeSamples = {
                                    1: -0.0741,
                                    2: -0.0736,
                                    3: -0.0725,
                                    4: -0.0706,
                                    5: -0.0679,
                                    6: -0.0642,
                                    7: -0.0613,
                                    8: -0.0636,
                                    9: -0.0735,
                                    10: -0.0878,
                                    11: -0.1003,
                                    12: -0.1055,
                                    13: -0.0985,
                                    14: -0.0751,
                                    15: -0.0319,
                                    16: 0.0338,
                                    17: 0.1235,
                                    18: 0.2378,
                                    19: 0.3763,
                                    20: 0.5377,
                                    21: 0.7197,
                                    22: 0.919,
                                    23: 1.1312,
                                    24: 1.3473,
                                    25: 1.5534,
                                    26: 1.7374,
                                    27: 1.8965,
                                    28: 2.033,
                                    29: 2.1477,
                                    30: 2.24,
                                    31: 2.31,
                                    32: 2.3584,
                                    33: 2.3893,
                                    34: 2.4111,
                                    35: 2.4297,
                                    36: 2.4423,
                                    37: 2.4423,
                                    38: 2.4232,
                                    39: 2.3796,
                                    40: 2.3072,
                                    41: 2.2022,
                                    42: 2.0619,
                                    43: 1.8848,
                                    44: 1.6704,
                                    45: 1.4195,
                                    46: 1.1342,
                                    47: 0.8177,
                                    48: 0.4741,
                                    49: 0.1088,
                                    50: -0.2725,
                                    51: -0.6608,
                                    52: -1.0406,
                                    53: -1.3921,
                                    54: -1.7016,
                                    55: -1.9662,
                                    56: -2.1883,
                                    57: -2.3693,
                                    58: -2.5099,
                                    59: -2.6116,
                                    60: -2.6768,
                                    61: -2.7108,
                                    62: -2.7231,
                                    63: -2.7208,
                                    64: -2.7038,
                                    65: -2.6691,
                                    66: -2.6138,
                                    67: -2.5361,
                                    68: -2.4346,
                                    69: -2.3087,
                                    70: -2.1584,
                                    71: -1.9842,
                                    72: -1.7877,
                                    73: -1.571,
                                    74: -1.3373,
                                    75: -1.0941,
                                    76: -0.8576,
                                    77: -0.6443,
                                    78: -0.4605,
                                    79: -0.3038,
                                    80: -0.1702,
                                    81: -0.0568,
                                    82: 0.0387,
                                    83: 0.1185,
                                    84: 0.1847,
                                    85: 0.2382,
                                    86: 0.2766,
                                    87: 0.2971,
                                    88: 0.2997,
                                    89: 0.2863,
                                    90: 0.259,
                                    91: 0.2225,
                                    92: 0.1852,
                                    93: 0.1535,
                                    94: 0.127,
                                    95: 0.1032,
                                    96: 0.0795,
                                    97: 0.0539,
                                    98: 0.0247,
                                    99: -0.0092,
                                    100: -0.0488,
                                    101: -0.0945,
                                    102: -0.1465,
                                    103: -0.2028,
                                    104: -0.2565,
                                    105: -0.3008,
                                    106: -0.3333,
                                    107: -0.3543,
                                    108: -0.3644,
                                    109: -0.3658,
                                    110: -0.3624,
                                    111: -0.3575,
                                    112: -0.3513,
                                    113: -0.3427,
                                    114: -0.3309,
                                    115: -0.3152,
                                    116: -0.2954,
                                    117: -0.2713,
                                    118: -0.243,
                                    119: -0.2105,
                                    120: -0.1742,
                                    121: -0.1355,
                                    122: -0.0982,
                                    123: -0.066,
                                    124: -0.04,
                                    125: -0.0201,
                                    126: -0.0059,
                                    127: 0.0032,
                                    128: 0.0078,
                                    129: 0.0085,
                                    130: 0.0061,
                                    131: 0.0011,
                                    132: -0.0056,
                                    133: -0.0136,
                                    134: -0.0222,
                                    135: -0.031,
                                    136: -0.0395,
                                    137: -0.0475,
                                    138: -0.0547,
                                    139: -0.061,
                                    140: -0.0662,
                                    141: -0.0704,
                                    142: -0.0735,
                                    143: -0.0757,
                                    144: -0.077,
                                    145: -0.0775,
                                    146: -0.0775,
                                    147: -0.077,
                                    148: -0.0763,
                                    149: -0.0754,
                                    150: -0.0746,
                                }

                                over "BackR_2_ctl"
                                {
                                    double avars:rz.timeSamples = {
                                        1: -0.0739,
                                        2: -0.0736,
                                        3: -0.0729,
                                        4: -0.0716,
                                        5: -0.0697,
                                        6: -0.0671,
                                        7: -0.0657,
                                        8: -0.0698,
                                        9: -0.082,
                                        10: -0.0994,
                                        11: -0.1163,
                                        12: -0.1278,
                                        13: -0.1295,
                                        14: -0.1181,
                                        15: -0.0906,
                                        16: -0.045,
                                        17: 0.02,
                                        18: 0.105,
                                        19: 0.2094,
                                        20: 0.3324,
                                        21: 0.4719,
                                        22: 0.6257,
                                        23: 0.79,
                                        24: 0.9569,
                                        25: 1.1136,
                                        26: 1.2495,
                                        27: 1.363,
                                        28: 1.4576,
                                        29: 1.5351,
                                        30: 1.5957,
                                        31: 1.6401,
                                        32: 1.6691,
                                        33: 1.6868,
                                        34: 1.7014,
                                        35: 1.7184,
                                        36: 1.7351,
                                        37: 1.7449,
                                        38: 1.7417,
                                        39: 1.7205,
                                        40: 1.6773,
                                        41: 1.609,
                                        42: 1.5131,
                                        43: 1.3883,
                                        44: 1.2341,
                                        45: 1.051,
                                        46: 0.8406,
                                        47: 0.6054,
                                        48: 0.3485,
                                        49: 0.074,
                                        50: -0.2137,
                                        51: -0.5073,
                                        52: -0.7932,
                                        53: -1.0535,
                                        54: -1.2764,
                                        55: -1.461,
                                        56: -1.6114,
                                        57: -1.7301,
                                        58: -1.8189,
                                        59: -1.8796,
                                        60: -1.9146,
                                        61: -1.9289,
                                        62: -1.9313,
                                        63: -1.9278,
                                        64: -1.9176,
                                        65: -1.897,
                                        66: -1.8626,
                                        67: -1.812,
                                        68: -1.7435,
                                        69: -1.656,
                                        70: -1.5491,
                                        71: -1.4229,
                                        72: -1.2783,
                                        73: -1.1169,
                                        74: -0.9407,
                                        75: -0.7566,
                                        76: -0.5795,
                                        77: -0.4247,
                                        78: -0.2971,
                                        79: -0.1931,
                                        80: -0.1076,
                                        81: -0.0368,
                                        82: 0.0222,
                                        83: 0.0718,
                                        84: 0.1144,
                                        85: 0.1504,
                                        86: 0.1772,
                                        87: 0.1915,
                                        88: 0.1927,
                                        89: 0.1818,
                                        90: 0.1604,
                                        91: 0.1324,
                                        92: 0.1054,
                                        93: 0.0851,
                                        94: 0.0708,
                                        95: 0.0592,
                                        96: 0.0473,
                                        97: 0.0328,
                                        98: 0.0137,
                                        99: -0.0113,
                                        100: -0.0433,
                                        101: -0.0829,
                                        102: -0.1302,
                                        103: -0.183,
                                        104: -0.2345,
                                        105: -0.2777,
                                        106: -0.3101,
                                        107: -0.3319,
                                        108: -0.3435,
                                        109: -0.3468,
                                        110: -0.3457,
                                        111: -0.3434,
                                        112: -0.3398,
                                        113: -0.3338,
                                        114: -0.3245,
                                        115: -0.3112,
                                        116: -0.2936,
                                        117: -0.2713,
                                        118: -0.2445,
                                        119: -0.2133,
                                        120: -0.1779,
                                        121: -0.14,
                                        122: -0.1031,
                                        123: -0.071,
                                        124: -0.045,
                                        125: -0.0249,
                                        126: -0.0103,
                                        127: -0.0007,
                                        128: 0.0043,
                                        129: 0.0056,
                                        130: 0.0037,
                                        131: -0.0007,
                                        132: -0.0069,
                                        133: -0.0143,
                                        134: -0.0225,
                                        135: -0.0309,
                                        136: -0.0391,
                                        137: -0.0468,
                                        138: -0.0539,
                                        139: -0.06,
                                        140: -0.0652,
                                        141: -0.0693,
                                        142: -0.0725,
                                        143: -0.0747,
                                        144: -0.076,
                                        145: -0.0767,
                                        146: -0.0768,
                                        147: -0.0764,
                                        148: -0.0758,
                                        149: -0.0751,
                                        150: -0.0743,
                                    }

                                    over "BackR_3_ctl"
                                    {
                                        double avars:rz.timeSamples = {
                                            1: -0.0738,
                                            2: -0.0737,
                                            3: -0.0731,
                                            4: -0.0722,
                                            5: -0.0709,
                                            6: -0.0691,
                                            7: -0.0686,
                                            8: -0.0739,
                                            9: -0.0877,
                                            10: -0.1071,
                                            11: -0.127,
                                            12: -0.1426,
                                            13: -0.1502,
                                            14: -0.1467,
                                            15: -0.1298,
                                            16: -0.0975,
                                            17: -0.0489,
                                            18: 0.0164,
                                            19: 0.0982,
                                            20: 0.1955,
                                            21: 0.3068,
                                            22: 0.4302,
                                            23: 0.5625,
                                            24: 0.6966,
                                            25: 0.8204,
                                            26: 0.9242,
                                            27: 1.0073,
                                            28: 1.074,
                                            29: 1.1267,
                                            30: 1.1662,
                                            31: 1.1935,
                                            32: 1.2095,
                                            33: 1.2184,
                                            34: 1.2282,
                                            35: 1.2442,
                                            36: 1.2637,
                                            37: 1.2801,
                                            38: 1.2874,
                                            39: 1.2811,
                                            40: 1.2575,
                                            41: 1.2136,
                                            42: 1.1473,
                                            43: 1.0573,
                                            44: 0.9432,
                                            45: 0.8053,
                                            46: 0.6449,
                                            47: 0.4639,
                                            48: 0.2648,
                                            49: 0.0508,
                                            50: -0.1745,
                                            51: -0.4051,
                                            52: -0.6283,
                                            53: -0.8278,
                                            54: -0.9929,
                                            55: -1.1242,
                                            56: -1.2267,
                                            57: -1.304,
                                            58: -1.3582,
                                            59: -1.3915,
                                            60: -1.4065,
                                            61: -1.4077,
                                            62: -1.4034,
                                            63: -1.3991,
                                            64: -1.3935,
                                            65: -1.3823,
                                            66: -1.3618,
                                            67: -1.3293,
                                            68: -1.2827,
                                            69: -1.2209,
                                            70: -1.1429,
                                            71: -1.0487,
                                            72: -0.9388,
                                            73: -0.8141,
                                            74: -0.6764,
                                            75: -0.5316,
                                            76: -0.394,
                                            77: -0.2783,
                                            78: -0.1882,
                                            79: -0.1193,
                                            80: -0.0659,
                                            81: -0.0234,
                                            82: 0.0112,
                                            83: 0.0408,
                                            84: 0.0675,
                                            85: 0.0919,
                                            86: 0.111,
                                            87: 0.1212,
                                            88: 0.1213,
                                            89: 0.1122,
                                            90: 0.0947,
                                            91: 0.0723,
                                            92: 0.0522,
                                            93: 0.0396,
                                            94: 0.0334,
                                            95: 0.0298,
                                            96: 0.0258,
                                            97: 0.0187,
                                            98: 0.0064,
                                            99: -0.0127,
                                            100: -0.0397,
                                            101: -0.0751,
                                            102: -0.1192,
                                            103: -0.1698,
                                            104: -0.2198,
                                            105: -0.2623,
                                            106: -0.2947,
                                            107: -0.317,
                                            108: -0.3295,
                                            109: -0.3341,
                                            110: -0.3346,
                                            111: -0.334,
                                            112: -0.3322,
                                            113: -0.3279,
                                            114: -0.3203,
                                            115: -0.3086,
                                            116: -0.2923,
                                            117: -0.2713,
                                            118: -0.2456,
                                            119: -0.2152,
                                            120: -0.1805,
                                            121: -0.1429,
                                            122: -0.1063,
                                            123: -0.0744,
                                            124: -0.0484,
                                            125: -0.0281,
                                            126: -0.0133,
                                            127: -0.0034,
                                            128: 0.002,
                                            129: 0.0037,
                                            130: 0.0022,
                                            131: -0.0018,
                                            132: -0.0077,
                                            133: -0.0148,
                                            134: -0.0227,
                                            135: -0.0308,
                                            136: -0.0388,
                                            137: -0.0464,
                                            138: -0.0533,
                                            139: -0.0594,
                                            140: -0.0645,
                                            141: -0.0686,
                                            142: -0.0717,
                                            143: -0.074,
                                            144: -0.0754,
                                            145: -0.0761,
                                            146: -0.0763,
                                            147: -0.076,
                                            148: -0.0755,
                                            149: -0.0748,
                                            150: -0.0742,
                                        }
                                    }
                                }
                            }
                        }

                        over "Earring_0_ctl"
                        {
                            double avars:rz.timeSamples = {
                                1: -0.2252,
                                2: -0.2522,
                                3: -0.2453,
                                4: -0.2037,
                                5: -0.1311,
                                6: -0.0344,
                                7: 0.0562,
                                8: 0.0755,
                                9: 0.0439,
                                10: 0.0422,
                                11: 0.1218,
                                12: 0.3516,
                                13: 0.7786,
                                14: 1.408,
                                15: 2.2288,
                                16: 3.214,
                                17: 4.3229,
                                18: 5.5048,
                                19: 6.7037,
                                20: 7.8636,
                                21: 8.9329,
                                22: 9.8685,
                                23: 10.6275,
                                24: 11.1274,
                                25: 11.2382,
                                26: 10.8837,
                                27: 10.1812,
                                28: 9.348,
                                29: 8.539,
                                30: 7.8804,
                                31: 7.4633,
                                32: 7.3289,
                                33: 7.5149,
                                34: 8.0675,
                                35: 8.848,
                                36: 9.6098,
                                37: 10.1772,
                                38: 10.3518,
                                39: 9.9937,
                                40: 9.0675,
                                41: 7.5943,
                                42: 5.6485,
                                43: 3.3482,
                                44: 0.8405,
                                45: -1.7161,
                                46: -4.1685,
                                47: -6.3853,
                                48: -8.268,
                                49: -9.7578,
                                50: -10.8369,
                                51: -11.4948,
                                52: -11.6626,
                                53: -11.243,
                                54: -10.2518,
                                55: -8.9491,
                                56: -7.6697,
                                57: -6.6216,
                                58: -5.9666,
                                59: -5.8039,
                                60: -6.1341,
                                61: -6.9155,
                                62: -8.0945,
                                63: -9.4598,
                                64: -10.7172,
                                65: -11.6478,
                                66: -12.0454,
                                67: -11.7844,
                                68: -10.8571,
                                69: -9.3305,
                                70: -7.3356,
                                71: -5.0495,
                                72: -2.6731,
                                73: -0.4068,
                                74: 1.5715,
                                75: 3.0919,
                                76: 3.9567,
                                77: 4.0099,
                                78: 3.2597,
                                79: 1.9498,
                                80: 0.3956,
                                81: -1.165,
                                82: -2.4996,
                                83: -3.4261,
                                84: -3.8545,
                                85: -3.76,
                                86: -3.1871,
                                87: -2.2438,
                                88: -1.0773,
                                89: 0.1475,
                                90: 1.2697,
                                91: 2.1531,
                                92: 2.7013,
                                93: 2.8673,
                                94: 2.6557,
                                95: 2.119,
                                96: 1.3468,
                                97: 0.4523,
                                98: -0.4438,
                                99: -1.2294,
                                100: -1.814,
                                101: -2.1394,
                                102: -2.1841,
                                103: -1.964,
                                104: -1.527,
                                105: -0.9454,
                                106: -0.3044,
                                107: 0.3091,
                                108: 0.8182,
                                109: 1.1647,
                                110: 1.3151,
                                111: 1.2633,
                                112: 1.0293,
                                113: 0.6548,
                                114: 0.1965,
                                115: -0.2823,
                                116: -0.72,
                                117: -1.0648,
                                118: -1.2801,
                                119: -1.3482,
                                120: -1.2714,
                                121: -1.0699,
                                122: -0.7784,
                                123: -0.4403,
                                124: -0.1018,
                                125: 0.1941,
                                126: 0.4132,
                                127: 0.5334,
                                128: 0.5468,
                                129: 0.4598,
                                130: 0.2909,
                                131: 0.068,
                                132: -0.1762,
                                133: -0.4085,
                                134: -0.5996,
                                135: -0.7272,
                                136: -0.779,
                                137: -0.7527,
                                138: -0.6562,
                                139: -0.5057,
                                140: -0.323,
                                141: -0.1324,
                                142: 0.0426,
                                143: 0.1821,
                                144: 0.2722,
                                145: 0.3063,
                                146: 0.2853,
                                147: 0.2172,
                                148: 0.1153,
                                149: -0.0039,
                                150: -0.1226,
                            }

                            over "Earring_1_ctl"
                            {
                                double avars:rz.timeSamples = {
                                    1: -0.363,
                                    2: -0.4725,
                                    3: -0.5396,
                                    4: -0.5619,
                                    5: -0.5426,
                                    6: -0.4898,
                                    7: -0.4432,
                                    8: -0.4892,
                                    9: -0.6835,
                                    10: -0.9871,
                                    11: -1.3101,
                                    12: -1.5679,
                                    13: -1.7005,
                                    14: -1.673,
                                    15: -1.4727,
                                    16: -1.1091,
                                    17: -0.6118,
                                    18: -0.0248,
                                    19: 0.6,
                                    20: 1.2093,
                                    21: 1.7561,
                                    22: 2.2041,
                                    23: 2.518,
                                    24: 2.6104,
                                    25: 2.3312,
                                    26: 1.6035,
                                    27: 0.5482,
                                    28: -0.6012,
                                    29: -1.6435,
                                    30: -2.436,
                                    31: -2.8811,
                                    32: -2.9321,
                                    33: -2.5559,
                                    34: -1.7085,
                                    35: -0.431,
                                    36: 1.0802,
                                    37: 2.552,
                                    38: 3.7358,
                                    39: 4.4569,
                                    40: 4.6207,
                                    41: 4.2096,
                                    42: 3.2798,
                                    43: 1.9488,
                                    44: 0.3767,
                                    45: -1.2573,
                                    46: -2.7792,
                                    47: -4.0411,
                                    48: -4.9385,
                                    49: -5.4203,
                                    50: -5.4913,
                                    51: -5.1682,
                                    52: -4.3922,
                                    53: -3.0699,
                                    54: -1.2604,
                                    55: 0.7588,
                                    56: 2.636,
                                    57: 4.0899,
                                    58: 4.9378,
                                    59: 5.0957,
                                    60: 4.5795,
                                    61: 3.4589,
                                    62: 1.821,
                                    63: -0.1634,
                                    64: -2.2016,
                                    65: -3.9637,
                                    66: -5.1788,
                                    67: -5.6803,
                                    68: -5.4117,
                                    69: -4.4179,
                                    70: -2.8326,
                                    71: -0.8551,
                                    72: 1.2796,
                                    73: 3.3329,
                                    74: 5.0931,
                                    75: 6.3573,
                                    76: 6.8844,
                                    77: 6.4901,
                                    78: 5.2105,
                                    79: 3.2935,
                                    80: 1.0706,
                                    81: -1.128,
                                    82: -3.0119,
                                    83: -4.3608,
                                    84: -5.0411,
                                    85: -5.0134,
                                    86: -4.333,
                                    87: -3.1355,
                                    88: -1.6124,
                                    89: 0.0171,
                                    90: 1.5358,
                                    91: 2.7559,
                                    92: 3.5407,
                                    93: 3.8185,
                                    94: 3.5867,
                                    95: 2.9078,
                                    96: 1.8962,
                                    97: 0.7004,
                                    98: -0.5183,
                                    99: -1.6071,
                                    100: -2.4407,
                                    101: -2.935,
                                    102: -3.0546,
                                    103: -2.8145,
                                    104: -2.2737,
                                    105: -1.5255,
                                    106: -0.6823,
                                    107: 0.1392,
                                    108: 0.8337,
                                    109: 1.3195,
                                    110: 1.5473,
                                    111: 1.5042,
                                    112: 1.2128,
                                    113: 0.7256,
                                    114: 0.1163,
                                    115: -0.5308,
                                    116: -1.1327,
                                    117: -1.6176,
                                    118: -1.9336,
                                    119: -2.0538,
                                    120: -1.9776,
                                    121: -1.7293,
                                    122: -1.3532,
                                    123: -0.9062,
                                    124: -0.45,
                                    125: -0.0432,
                                    126: 0.2668,
                                    127: 0.4479,
                                    128: 0.4872,
                                    129: 0.3907,
                                    130: 0.1814,
                                    131: -0.1048,
                                    132: -0.4248,
                                    133: -0.7339,
                                    134: -0.9919,
                                    135: -1.1678,
                                    136: -1.2431,
                                    137: -1.2132,
                                    138: -1.0869,
                                    139: -0.8847,
                                    140: -0.635,
                                    141: -0.3702,
                                    142: -0.1222,
                                    143: 0.0817,
                                    144: 0.2217,
                                    145: 0.2876,
                                    146: 0.2792,
                                    147: 0.206,
                                    148: 0.085,
                                    149: -0.062,
                                    150: -0.2115,
                                }
                            }
                        }

                        over "F1_0_ctl"
                        {
                            double avars:rz.timeSamples = {
                                1: 0.0107,
                                2: 0.0468,
                                3: 0.0676,
                                4: 0.0737,
                                5: 0.0686,
                                6: 0.0568,
                                7: 0.0285,
                                8: -0.0455,
                                9: -0.1182,
                                10: -0.1215,
                                11: -0.0523,
                                12: 0.092,
                                13: 0.2932,
                                14: 0.5088,
                                15: 0.7062,
                                16: 0.866,
                                17: 0.9813,
                                18: 1.0543,
                                19: 1.0929,
                                20: 1.1066,
                                21: 1.1034,
                                22: 1.0891,
                                23: 1.0597,
                                24: 0.9801,
                                25: 0.7896,
                                26: 0.4719,
                                27: 0.1347,
                                28: -0.0944,
                                29: -0.1914,
                                30: -0.1695,
                                31: -0.0606,
                                32: 0.0897,
                                33: 0.271,
                                34: 0.5099,
                                35: 0.7056,
                                36: 0.7372,
                                37: 0.6162,
                                38: 0.3508,
                                39: -0.02,
                                40: -0.4144,
                                41: -0.7717,
                                42: -1.0575,
                                43: -1.2614,
                                44: -1.3906,
                                45: -1.4619,
                                46: -1.4945,
                                47: -1.5045,
                                48: -1.5028,
                                49: -1.4937,
                                50: -1.4765,
                                51: -1.4294,
                                52: -1.2833,
                                53: -0.963,
                                54: -0.4791,
                                55: -0.0032,
                                56: 0.2987,
                                57: 0.4153,
                                58: 0.3679,
                                59: 0.1945,
                                60: -0.0383,
                                61: -0.2919,
                                62: -0.569,
                                63: -0.7796,
                                64: -0.825,
                                65: -0.72,
                                66: -0.4816,
                                67: -0.1524,
                                68: 0.1926,
                                69: 0.4984,
                                70: 0.7343,
                                71: 0.8918,
                                72: 0.9783,
                                73: 1.0096,
                                74: 1.0034,
                                75: 0.9752,
                                76: 0.9179,
                                77: 0.7875,
                                78: 0.5497,
                                79: 0.2844,
                                80: 0.079,
                                81: -0.0786,
                                82: -0.1919,
                                83: -0.2695,
                                84: -0.3422,
                                85: -0.4075,
                                86: -0.4186,
                                87: -0.3418,
                                88: -0.1984,
                                89: -0.0324,
                                90: 0.123,
                                91: 0.2174,
                                92: 0.1739,
                                93: -0.0168,
                                94: -0.2583,
                                95: -0.4442,
                                96: -0.517,
                                97: -0.4636,
                                98: -0.3022,
                                99: -0.0676,
                                100: 0.2018,
                                101: 0.4739,
                                102: 0.7271,
                                103: 0.9231,
                                104: 0.9854,
                                105: 0.875,
                                106: 0.6453,
                                107: 0.3812,
                                108: 0.1449,
                                109: -0.0137,
                                110: -0.0505,
                                111: 0.0314,
                                112: 0.17,
                                113: 0.2965,
                                114: 0.3688,
                                115: 0.3711,
                                116: 0.3078,
                                117: 0.1959,
                                118: 0.0567,
                                119: -0.0902,
                                120: -0.2303,
                                121: -0.3411,
                                122: -0.3814,
                                123: -0.3318,
                                124: -0.222,
                                125: -0.0972,
                                126: 0.0103,
                                127: 0.0828,
                                128: 0.1167,
                                129: 0.1176,
                                130: 0.0963,
                                131: 0.0646,
                                132: 0.0323,
                                133: 0.0061,
                                134: -0.011,
                                135: -0.0189,
                                136: -0.0195,
                                137: -0.0154,
                                138: -0.0093,
                                139: -0.0033,
                                140: 0.0012,
                                141: 0.0038,
                                142: 0.0047,
                                143: 0.0044,
                                144: 0.0035,
                                145: 0.0026,
                                146: 0.0022,
                                147: 0.0026,
                                148: 0.0037,
                                149: 0.0056,
                                150: 0.008,
                            }

                            over "F1_1_ctl"
                            {
                                double avars:rz.timeSamples = {
                                    1: 0.0051,
                                    2: 0.0059,
                                    3: 0.0066,
                                    4: 0.0077,
                                    5: 0.0098,
                                    6: 0.013,
                                    7: 0.0108,
                                    8: -0.0115,
                                    9: -0.0542,
                                    10: -0.0937,
                                    11: -0.104,
                                    12: -0.0712,
                                    13: 0.0068,
                                    14: 0.1238,
                                    15: 0.2701,
                                    16: 0.4346,
                                    17: 0.6075,
                                    18: 0.781,
                                    19: 0.9499,
                                    20: 1.1107,
                                    21: 1.2618,
                                    22: 1.4019,
                                    23: 1.527,
                                    24: 1.6203,
                                    25: 1.6538,
                                    26: 1.6192,
                                    27: 1.5481,
                                    28: 1.4829,
                                    29: 1.4421,
                                    30: 1.4254,
                                    31: 1.426,
                                    32: 1.4355,
                                    33: 1.4562,
                                    34: 1.5044,
                                    35: 1.5777,
                                    36: 1.6401,
                                    37: 1.6525,
                                    38: 1.5949,
                                    39: 1.4657,
                                    40: 1.2751,
                                    41: 1.0387,
                                    42: 0.7728,
                                    43: 0.4918,
                                    44: 0.2067,
                                    45: -0.075,
                                    46: -0.349,
                                    47: -0.6129,
                                    48: -0.8653,
                                    49: -1.1046,
                                    50: -1.3288,
                                    51: -1.527,
                                    52: -1.6676,
                                    53: -1.7154,
                                    54: -1.6726,
                                    55: -1.5852,
                                    56: -1.5041,
                                    57: -1.4524,
                                    58: -1.4311,
                                    59: -1.4326,
                                    60: -1.4459,
                                    61: -1.469,
                                    62: -1.513,
                                    63: -1.5736,
                                    64: -1.6204,
                                    65: -1.6224,
                                    66: -1.5655,
                                    67: -1.4511,
                                    68: -1.2903,
                                    69: -1.0976,
                                    70: -0.8881,
                                    71: -0.6742,
                                    72: -0.4652,
                                    73: -0.2674,
                                    74: -0.084,
                                    75: 0.0832,
                                    76: 0.2255,
                                    77: 0.3201,
                                    78: 0.3499,
                                    79: 0.3238,
                                    80: 0.2636,
                                    81: 0.1857,
                                    82: 0.1009,
                                    83: 0.0159,
                                    84: -0.0656,
                                    85: -0.1334,
                                    86: -0.1635,
                                    87: -0.1404,
                                    88: -0.0762,
                                    89: 0.0055,
                                    90: 0.0856,
                                    91: 0.1383,
                                    92: 0.127,
                                    93: 0.0469,
                                    94: -0.0591,
                                    95: -0.1429,
                                    96: -0.1781,
                                    97: -0.1577,
                                    98: -0.0891,
                                    99: 0.0126,
                                    100: 0.1306,
                                    101: 0.2504,
                                    102: 0.3622,
                                    103: 0.4488,
                                    104: 0.476,
                                    105: 0.4263,
                                    106: 0.3234,
                                    107: 0.2049,
                                    108: 0.0985,
                                    109: 0.0266,
                                    110: 0.0087,
                                    111: 0.0435,
                                    112: 0.1036,
                                    113: 0.1583,
                                    114: 0.189,
                                    115: 0.1885,
                                    116: 0.159,
                                    117: 0.1078,
                                    118: 0.0446,
                                    119: -0.0221,
                                    120: -0.0858,
                                    121: -0.1364,
                                    122: -0.1557,
                                    123: -0.135,
                                    124: -0.0875,
                                    125: -0.0333,
                                    126: 0.0132,
                                    127: 0.0444,
                                    128: 0.0583,
                                    129: 0.0577,
                                    130: 0.0472,
                                    131: 0.0322,
                                    132: 0.017,
                                    133: 0.0046,
                                    134: -0.0037,
                                    135: -0.0078,
                                    136: -0.0085,
                                    137: -0.0072,
                                    138: -0.0048,
                                    139: -0.0024,
                                    140: -0.0006,
                                    141: 0.0005,
                                    142: 0.0009,
                                    143: 0.0008,
                                    144: 0.0006,
                                    145: 0.0005,
                                    146: 0.0007,
                                    147: 0.0013,
                                    148: 0.0023,
                                    149: 0.0038,
                                    150: 0.0056,
                                }

                                over "F1_2_ctl"
                                {
                                    double avars:rz.timeSamples = {
                                        1: 0.0051,
                                        2: 0.0059,
                                        3: 0.0066,
                                        4: 0.0077,
                                        5: 0.0098,
                                        6: 0.013,
                                        7: 0.0108,
                                        8: -0.0115,
                                        9: -0.0542,
                                        10: -0.0937,
                                        11: -0.104,
                                        12: -0.0712,
                                        13: 0.0068,
                                        14: 0.1238,
                                        15: 0.2701,
                                        16: 0.4346,
                                        17: 0.6075,
                                        18: 0.781,
                                        19: 0.9499,
                                        20: 1.1107,
                                        21: 1.2618,
                                        22: 1.4019,
                                        23: 1.527,
                                        24: 1.6203,
                                        25: 1.6538,
                                        26: 1.6192,
                                        27: 1.5481,
                                        28: 1.4829,
                                        29: 1.4421,
                                        30: 1.4254,
                                        31: 1.426,
                                        32: 1.4355,
                                        33: 1.4562,
                                        34: 1.5044,
                                        35: 1.5777,
                                        36: 1.6401,
                                        37: 1.6525,
                                        38: 1.5949,
                                        39: 1.4657,
                                        40: 1.2751,
                                        41: 1.0387,
                                        42: 0.7728,
                                        43: 0.4918,
                                        44: 0.2067,
                                        45: -0.075,
                                        46: -0.349,
                                        47: -0.6129,
                                        48: -0.8653,
                                        49: -1.1046,
                                        50: -1.3288,
                                        51: -1.527,
                                        52: -1.6676,
                                        53: -1.7154,
                                        54: -1.6726,
                                        55: -1.5852,
                                        56: -1.5041,
                                        57: -1.4524,
                                        58: -1.4311,
                                        59: -1.4326,
                                        60: -1.4459,
                                        61: -1.469,
                                        62: -1.513,
                                        63: -1.5736,
                                        64: -1.6204,
                                        65: -1.6224,
                                        66: -1.5655,
                                        67: -1.4511,
                                        68: -1.2903,
                                        69: -1.0976,
                                        70: -0.8881,
                                        71: -0.6742,
                                        72: -0.4652,
                                        73: -0.2674,
                                        74: -0.084,
                                        75: 0.0832,
                                        76: 0.2255,
                                        77: 0.3201,
                                        78: 0.3499,
                                        79: 0.3238,
                                        80: 0.2636,
                                        81: 0.1857,
                                        82: 0.1009,
                                        83: 0.0159,
                                        84: -0.0656,
                                        85: -0.1334,
                                        86: -0.1635,
                                        87: -0.1404,
                                        88: -0.0762,
                                        89: 0.0055,
                                        90: 0.0856,
                                        91: 0.1383,
                                        92: 0.127,
                                        93: 0.0469,
                                        94: -0.0591,
                                        95: -0.1429,
                                        96: -0.1781,
                                        97: -0.1577,
                                        98: -0.0891,
                                        99: 0.0126,
                                        100: 0.1306,
                                        101: 0.2504,
                                        102: 0.3622,
                                        103: 0.4488,
                                        104: 0.476,
                                        105: 0.4263,
                                        106: 0.3234,
                                        107: 0.2049,
                                        108: 0.0985,
                                        109: 0.0266,
                                        110: 0.0087,
                                        111: 0.0435,
                                        112: 0.1036,
                                        113: 0.1583,
                                        114: 0.189,
                                        115: 0.1885,
                                        116: 0.159,
                                        117: 0.1078,
                                        118: 0.0446,
                                        119: -0.0221,
                                        120: -0.0858,
                                        121: -0.1364,
                                        122: -0.1557,
                                        123: -0.135,
                                        124: -0.0875,
                                        125: -0.0333,
                                        126: 0.0132,
                                        127: 0.0444,
                                        128: 0.0583,
                                        129: 0.0577,
                                        130: 0.0472,
                                        131: 0.0322,
                                        132: 0.017,
                                        133: 0.0046,
                                        134: -0.0037,
                                        135: -0.0078,
                                        136: -0.0085,
                                        137: -0.0072,
                                        138: -0.0048,
                                        139: -0.0024,
                                        140: -0.0006,
                                        141: 0.0005,
                                        142: 0.0009,
                                        143: 0.0008,
                                        144: 0.0006,
                                        145: 0.0005,
                                        146: 0.0007,
                                        147: 0.0013,
                                        148: 0.0023,
                                        149: 0.0038,
                                        150: 0.0056,
                                    }

                                    over "F1_3_ctl"
                                    {
                                        double avars:rz.timeSamples = {
                                            1: 0.0051,
                                            2: 0.0055,
                                            3: 0.005,
                                            4: 0.0043,
                                            5: 0.004,
                                            6: 0.0043,
                                            7: -0.001,
                                            8: -0.0264,
                                            9: -0.0728,
                                            10: -0.1182,
                                            11: -0.138,
                                            12: -0.1197,
                                            13: -0.0623,
                                            14: 0.0277,
                                            15: 0.1408,
                                            16: 0.2672,
                                            17: 0.3981,
                                            18: 0.5275,
                                            19: 0.6515,
                                            20: 0.7684,
                                            21: 0.8774,
                                            22: 0.9784,
                                            23: 1.0686,
                                            24: 1.1319,
                                            25: 1.1412,
                                            26: 1.0891,
                                            27: 1.0074,
                                            28: 0.9382,
                                            29: 0.8992,
                                            30: 0.8886,
                                            31: 0.898,
                                            32: 0.9178,
                                            33: 0.9488,
                                            34: 1.0064,
                                            35: 1.0886,
                                            36: 1.1616,
                                            37: 1.1893,
                                            38: 1.1544,
                                            39: 1.0576,
                                            40: 0.9103,
                                            41: 0.7278,
                                            42: 0.5254,
                                            43: 0.3154,
                                            44: 0.1066,
                                            45: -0.096,
                                            46: -0.2904,
                                            47: -0.4762,
                                            48: -0.6535,
                                            49: -0.8221,
                                            50: -0.9814,
                                            51: -1.1217,
                                            52: -1.2125,
                                            53: -1.2199,
                                            54: -1.1474,
                                            55: -1.0417,
                                            56: -0.9526,
                                            57: -0.9014,
                                            58: -0.8872,
                                            59: -0.8997,
                                            60: -0.9254,
                                            61: -0.9606,
                                            62: -1.0147,
                                            63: -1.0835,
                                            64: -1.1383,
                                            65: -1.1508,
                                            66: -1.1088,
                                            67: -1.0157,
                                            68: -0.8835,
                                            69: -0.7267,
                                            70: -0.5591,
                                            71: -0.3913,
                                            72: -0.2306,
                                            73: -0.0809,
                                            74: 0.0564,
                                            75: 0.1814,
                                            76: 0.2869,
                                            77: 0.3513,
                                            78: 0.3589,
                                            79: 0.3187,
                                            80: 0.2514,
                                            81: 0.1721,
                                            82: 0.0894,
                                            83: 0.0083,
                                            84: -0.069,
                                            85: -0.1334,
                                            86: -0.1613,
                                            87: -0.1373,
                                            88: -0.0731,
                                            89: 0.008,
                                            90: 0.0871,
                                            91: 0.1388,
                                            92: 0.1269,
                                            93: 0.0463,
                                            94: -0.0599,
                                            95: -0.1436,
                                            96: -0.1786,
                                            97: -0.158,
                                            98: -0.0892,
                                            99: 0.0127,
                                            100: 0.1308,
                                            101: 0.2506,
                                            102: 0.3624,
                                            103: 0.4489,
                                            104: 0.4761,
                                            105: 0.4263,
                                            106: 0.3233,
                                            107: 0.2048,
                                            108: 0.0985,
                                            109: 0.0266,
                                            110: 0.0087,
                                            111: 0.0435,
                                            112: 0.1036,
                                            113: 0.1583,
                                            114: 0.189,
                                            115: 0.1885,
                                            116: 0.159,
                                            117: 0.1078,
                                            118: 0.0446,
                                            119: -0.0221,
                                            120: -0.0858,
                                            121: -0.1364,
                                            122: -0.1557,
                                            123: -0.135,
                                            124: -0.0875,
                                            125: -0.0333,
                                            126: 0.0132,
                                            127: 0.0444,
                                            128: 0.0583,
                                            129: 0.0577,
                                            130: 0.0472,
                                            131: 0.0322,
                                            132: 0.017,
                                            133: 0.0046,
                                            134: -0.0037,
                                            135: -0.0078,
                                            136: -0.0085,
                                            137: -0.0072,
                                            138: -0.0048,
                                            139: -0.0024,
                                            140: -0.0006,
                                            141: 0.0005,
                                            142: 0.0009,
                                            143: 0.0008,
                                            144: 0.0006,
                                            145: 0.0005,
                                            146: 0.0007,
                                            147: 0.0013,
                                            148: 0.0023,
                                            149: 0.0038,
                                            150: 0.0056,
                                        }
                                    }
                                }
                            }
                        }

                        over "F2_0_ctl"
                        {
                            double avars:rz.timeSamples = {
                                1: 0.0209,
                                2: 0.0562,
                                3: 0.0762,
                                4: 0.0814,
                                5: 0.0753,
                                6: 0.0627,
                                7: 0.0334,
                                8: -0.0416,
                                9: -0.1152,
                                10: -0.1196,
                                11: -0.0515,
                                12: 0.0918,
                                13: 0.2919,
                                14: 0.5064,
                                15: 0.7027,
                                16: 0.8614,
                                17: 0.9755,
                                18: 1.0474,
                                19: 1.0849,
                                20: 1.0973,
                                21: 1.093,
                                22: 1.0775,
                                23: 1.0469,
                                24: 0.9661,
                                25: 0.7744,
                                26: 0.4556,
                                27: 0.1172,
                                28: -0.113,
                                29: -0.2111,
                                30: -0.1903,
                                31: -0.0825,
                                32: 0.0667,
                                33: 0.247,
                                34: 0.4849,
                                35: 0.6796,
                                36: 0.7103,
                                37: 0.5885,
                                38: 0.3222,
                                39: -0.0493,
                                40: -0.4445,
                                41: -0.8024,
                                42: -1.0888,
                                43: -1.2932,
                                44: -1.4229,
                                45: -1.4946,
                                46: -1.5274,
                                47: -1.5377,
                                48: -1.5361,
                                49: -1.5271,
                                50: -1.5099,
                                51: -1.4626,
                                52: -1.3163,
                                53: -0.9957,
                                54: -0.5114,
                                55: -0.0349,
                                56: 0.2676,
                                57: 0.3849,
                                58: 0.3383,
                                59: 0.1659,
                                60: -0.0659,
                                61: -0.3183,
                                62: -0.5942,
                                63: -0.8033,
                                64: -0.8472,
                                65: -0.7407,
                                66: -0.5006,
                                67: -0.1696,
                                68: 0.1773,
                                69: 0.4851,
                                70: 0.7231,
                                71: 0.8828,
                                72: 0.9717,
                                73: 1.0053,
                                74: 1.0016,
                                75: 0.9759,
                                76: 0.9213,
                                77: 0.7936,
                                78: 0.5585,
                                79: 0.2961,
                                80: 0.0935,
                                81: -0.0611,
                                82: -0.1714,
                                83: -0.246,
                                84: -0.3156,
                                85: -0.3778,
                                86: -0.3858,
                                87: -0.3059,
                                88: -0.1594,
                                89: 0.0098,
                                90: 0.1683,
                                91: 0.2659,
                                92: 0.2254,
                                93: 0.0377,
                                94: -0.2008,
                                95: -0.3837,
                                96: -0.4536,
                                97: -0.3974,
                                98: -0.2332,
                                99: 0.004,
                                100: 0.2761,
                                101: 0.5507,
                                102: 0.8063,
                                103: 1.0045,
                                104: 1.069,
                                105: 0.9606,
                                106: 0.7329,
                                107: 0.4705,
                                108: 0.2359,
                                109: 0.0787,
                                110: 0.0432,
                                111: 0.1263,
                                112: 0.2659,
                                113: 0.3932,
                                114: 0.4662,
                                115: 0.4689,
                                116: 0.4059,
                                117: 0.2942,
                                118: 0.1549,
                                119: 0.0077,
                                120: -0.1329,
                                121: -0.2442,
                                122: -0.2854,
                                123: -0.2368,
                                124: -0.1283,
                                125: -0.0048,
                                126: 0.1011,
                                127: 0.1719,
                                128: 0.2038,
                                129: 0.2026,
                                130: 0.179,
                                131: 0.1448,
                                132: 0.1099,
                                133: 0.0809,
                                134: 0.0609,
                                135: 0.0499,
                                136: 0.0462,
                                137: 0.0469,
                                138: 0.0496,
                                139: 0.052,
                                140: 0.0528,
                                141: 0.0517,
                                142: 0.0487,
                                143: 0.0444,
                                144: 0.0395,
                                145: 0.0346,
                                146: 0.0301,
                                147: 0.0263,
                                148: 0.0233,
                                149: 0.021,
                                150: 0.0193,
                            }

                            over "F2_1_ctl"
                            {
                                double avars:rz.timeSamples = {
                                    1: 0.0196,
                                    2: 0.0192,
                                    3: 0.0174,
                                    4: 0.0154,
                                    5: 0.0139,
                                    6: 0.0133,
                                    7: 0.0042,
                                    8: -0.035,
                                    9: -0.1058,
                                    10: -0.175,
                                    11: -0.2059,
                                    12: -0.1797,
                                    13: -0.0949,
                                    14: 0.0388,
                                    15: 0.2072,
                                    16: 0.3954,
                                    17: 0.5905,
                                    18: 0.7832,
                                    19: 0.9679,
                                    20: 1.1418,
                                    21: 1.3039,
                                    22: 1.4541,
                                    23: 1.588,
                                    24: 1.6816,
                                    25: 1.6942,
                                    26: 1.6146,
                                    27: 1.4907,
                                    28: 1.3856,
                                    29: 1.3258,
                                    30: 1.3085,
                                    31: 1.3214,
                                    32: 1.3498,
                                    33: 1.3952,
                                    34: 1.4804,
                                    35: 1.6026,
                                    36: 1.711,
                                    37: 1.7516,
                                    38: 1.6983,
                                    39: 1.5522,
                                    40: 1.3304,
                                    41: 1.0559,
                                    42: 0.7515,
                                    43: 0.436,
                                    44: 0.1223,
                                    45: -0.1821,
                                    46: -0.4741,
                                    47: -0.753,
                                    48: -1.0191,
                                    49: -1.2722,
                                    50: -1.511,
                                    51: -1.7213,
                                    52: -1.8572,
                                    53: -1.868,
                                    54: -1.7587,
                                    55: -1.5995,
                                    56: -1.4652,
                                    57: -1.3876,
                                    58: -1.3653,
                                    59: -1.3829,
                                    60: -1.4203,
                                    61: -1.4718,
                                    62: -1.5513,
                                    63: -1.6529,
                                    64: -1.7335,
                                    65: -1.7503,
                                    66: -1.6853,
                                    67: -1.5436,
                                    68: -1.3431,
                                    69: -1.1056,
                                    70: -0.8516,
                                    71: -0.5974,
                                    72: -0.3537,
                                    73: -0.1263,
                                    74: 0.0825,
                                    75: 0.2729,
                                    76: 0.4342,
                                    77: 0.534,
                                    78: 0.5486,
                                    79: 0.4916,
                                    80: 0.3942,
                                    81: 0.2786,
                                    82: 0.158,
                                    83: 0.0399,
                                    84: -0.0725,
                                    85: -0.1655,
                                    86: -0.2037,
                                    87: -0.164,
                                    88: -0.064,
                                    89: 0.0612,
                                    90: 0.1836,
                                    91: 0.2647,
                                    92: 0.2503,
                                    93: 0.1331,
                                    94: -0.0227,
                                    95: -0.1449,
                                    96: -0.194,
                                    97: -0.1597,
                                    98: -0.0533,
                                    99: 0.1026,
                                    100: 0.2827,
                                    101: 0.4654,
                                    102: 0.6359,
                                    103: 0.7684,
                                    104: 0.8116,
                                    105: 0.7394,
                                    106: 0.5871,
                                    107: 0.4114,
                                    108: 0.2538,
                                    109: 0.1477,
                                    110: 0.1224,
                                    111: 0.176,
                                    112: 0.2673,
                                    113: 0.3503,
                                    114: 0.3971,
                                    115: 0.397,
                                    116: 0.353,
                                    117: 0.2764,
                                    118: 0.1814,
                                    119: 0.081,
                                    120: -0.015,
                                    121: -0.0917,
                                    122: -0.1216,
                                    123: -0.0917,
                                    124: -0.0219,
                                    125: 0.0579,
                                    126: 0.1258,
                                    127: 0.1704,
                                    128: 0.1891,
                                    129: 0.1857,
                                    130: 0.1673,
                                    131: 0.142,
                                    132: 0.1161,
                                    133: 0.0943,
                                    134: 0.0784,
                                    135: 0.0687,
                                    136: 0.0638,
                                    137: 0.062,
                                    138: 0.0615,
                                    139: 0.0608,
                                    140: 0.0593,
                                    141: 0.0565,
                                    142: 0.0526,
                                    143: 0.0479,
                                    144: 0.0429,
                                    145: 0.038,
                                    146: 0.0335,
                                    147: 0.0296,
                                    148: 0.0264,
                                    149: 0.0237,
                                    150: 0.0216,
                                }

                                over "F2_2_ctl"
                                {
                                    double avars:rz.timeSamples = {
                                        1: 0.0196,
                                        2: 0.0192,
                                        3: 0.0174,
                                        4: 0.0154,
                                        5: 0.0139,
                                        6: 0.0133,
                                        7: 0.0042,
                                        8: -0.035,
                                        9: -0.1058,
                                        10: -0.175,
                                        11: -0.2059,
                                        12: -0.1797,
                                        13: -0.0949,
                                        14: 0.0388,
                                        15: 0.2072,
                                        16: 0.3954,
                                        17: 0.5905,
                                        18: 0.7832,
                                        19: 0.9679,
                                        20: 1.1418,
                                        21: 1.3039,
                                        22: 1.4541,
                                        23: 1.588,
                                        24: 1.6816,
                                        25: 1.6942,
                                        26: 1.6146,
                                        27: 1.4907,
                                        28: 1.3856,
                                        29: 1.3258,
                                        30: 1.3085,
                                        31: 1.3214,
                                        32: 1.3498,
                                        33: 1.3952,
                                        34: 1.4804,
                                        35: 1.6026,
                                        36: 1.711,
                                        37: 1.7516,
                                        38: 1.6983,
                                        39: 1.5522,
                                        40: 1.3304,
                                        41: 1.0559,
                                        42: 0.7515,
                                        43: 0.436,
                                        44: 0.1223,
                                        45: -0.1821,
                                        46: -0.4741,
                                        47: -0.753,
                                        48: -1.0191,
                                        49: -1.2722,
                                        50: -1.511,
                                        51: -1.7213,
                                        52: -1.8572,
                                        53: -1.868,
                                        54: -1.7587,
                                        55: -1.5995,
                                        56: -1.4652,
                                        57: -1.3876,
                                        58: -1.3653,
                                        59: -1.3829,
                                        60: -1.4203,
                                        61: -1.4718,
                                        62: -1.5513,
                                        63: -1.6529,
                                        64: -1.7335,
                                        65: -1.7503,
                                        66: -1.6853,
                                        67: -1.5436,
                                        68: -1.3431,
                                        69: -1.1056,
                                        70: -0.8516,
                                        71: -0.5974,
                                        72: -0.3537,
                                        73: -0.1263,
                                        74: 0.0825,
                                        75: 0.2729,
                                        76: 0.4342,
                                        77: 0.534,
                                        78: 0.5486,
                                        79: 0.4916,
                                        80: 0.3942,
                                        81: 0.2786,
                                        82: 0.158,
                                        83: 0.0399,
                                        84: -0.0725,
                                        85: -0.1655,
                                        86: -0.2037,
                                        87: -0.164,
                                        88: -0.064,
                                        89: 0.0612,
                                        90: 0.1836,
                                        91: 0.2647,
                                        92: 0.2503,
                                        93: 0.1331,
                                        94: -0.0227,
                                        95: -0.1449,
                                        96: -0.194,
                                        97: -0.1597,
                                        98: -0.0533,
                                        99: 0.1026,
                                        100: 0.2827,
                                        101: 0.4654,
                                        102: 0.6359,
                                        103: 0.7684,
                                        104: 0.8116,
                                        105: 0.7394,
                                        106: 0.5871,
                                        107: 0.4114,
                                        108: 0.2538,
                                        109: 0.1477,
                                        110: 0.1224,
                                        111: 0.176,
                                        112: 0.2673,
                                        113: 0.3503,
                                        114: 0.3971,
                                        115: 0.397,
                                        116: 0.353,
                                        117: 0.2764,
                                        118: 0.1814,
                                        119: 0.081,
                                        120: -0.015,
                                        121: -0.0917,
                                        122: -0.1216,
                                        123: -0.0917,
                                        124: -0.0219,
                                        125: 0.0579,
                                        126: 0.1258,
                                        127: 0.1704,
                                        128: 0.1891,
                                        129: 0.1857,
                                        130: 0.1673,
                                        131: 0.142,
                                        132: 0.1161,
                                        133: 0.0943,
                                        134: 0.0784,
                                        135: 0.0687,
                                        136: 0.0638,
                                        137: 0.062,
                                        138: 0.0615,
                                        139: 0.0608,
                                        140: 0.0593,
                                        141: 0.0565,
                                        142: 0.0526,
                                        143: 0.0479,
                                        144: 0.0429,
                                        145: 0.038,
                                        146: 0.0335,
                                        147: 0.0296,
                                        148: 0.0264,
                                        149: 0.0237,
                                        150: 0.0216,
                                    }
                                }
                            }
                        }

                        over "F3_0_ctl"
                        {
                            double avars:rz.timeSamples = {
                                1: -0.0523,
                                2: -0.0205,
                                3: -0.0036,
                                4: -0.0007,
                                5: -0.0084,
                                6: -0.022,
                                7: -0.0514,
                                8: -0.1257,
                                9: -0.1979,
                                10: -0.2,
                                11: -0.1287,
                                12: 0.0186,
                                13: 0.2236,
                                14: 0.4438,
                                15: 0.6467,
                                16: 0.8127,
                                17: 0.9348,
                                18: 1.0155,
                                19: 1.0624,
                                20: 1.0849,
                                21: 1.0912,
                                22: 1.0868,
                                23: 1.0676,
                                24: 0.9986,
                                25: 0.819,
                                26: 0.5124,
                                27: 0.1863,
                                28: -0.0316,
                                29: -0.1175,
                                30: -0.0848,
                                31: 0.0347,
                                32: 0.1953,
                                33: 0.3864,
                                34: 0.6346,
                                35: 0.8389,
                                36: 0.8785,
                                37: 0.7649,
                                38: 0.5058,
                                39: 0.1405,
                                40: -0.2493,
                                41: -0.603,
                                42: -0.8862,
                                43: -1.0886,
                                44: -1.2175,
                                45: -1.2896,
                                46: -1.324,
                                47: -1.3371,
                                48: -1.3396,
                                49: -1.3359,
                                50: -1.3252,
                                51: -1.2855,
                                52: -1.148,
                                53: -0.8374,
                                54: -0.364,
                                55: 0.1005,
                                56: 0.3902,
                                57: 0.4937,
                                58: 0.4326,
                                59: 0.245,
                                60: -0.0026,
                                61: -0.2714,
                                62: -0.564,
                                63: -0.7902,
                                64: -0.8515,
                                65: -0.7624,
                                66: -0.5397,
                                67: -0.226,
                                68: 0.1037,
                                69: 0.3946,
                                70: 0.6161,
                                71: 0.7599,
                                72: 0.8333,
                                73: 0.8522,
                                74: 0.8345,
                                75: 0.7957,
                                76: 0.7288,
                                77: 0.5899,
                                78: 0.3445,
                                79: 0.0729,
                                80: -0.1376,
                                81: -0.2991,
                                82: -0.4151,
                                83: -0.4941,
                                84: -0.567,
                                85: -0.6312,
                                86: -0.64,
                                87: -0.5596,
                                88: -0.4116,
                                89: -0.2397,
                                90: -0.0773,
                                91: 0.0251,
                                92: -0.0094,
                                93: -0.1902,
                                94: -0.4209,
                                95: -0.5952,
                                96: -0.6559,
                                97: -0.5896,
                                98: -0.4149,
                                99: -0.1667,
                                100: 0.1169,
                                101: 0.4032,
                                102: 0.6708,
                                103: 0.8811,
                                104: 0.9577,
                                105: 0.8615,
                                106: 0.6457,
                                107: 0.395,
                                108: 0.1718,
                                109: 0.0257,
                                110: 0.0007,
                                111: 0.0939,
                                112: 0.2429,
                                113: 0.3791,
                                114: 0.4602,
                                115: 0.4703,
                                116: 0.4139,
                                117: 0.308,
                                118: 0.1736,
                                119: 0.0306,
                                120: -0.1067,
                                121: -0.2156,
                                122: -0.2551,
                                123: -0.2058,
                                124: -0.0972,
                                125: 0.0255,
                                126: 0.1298,
                                127: 0.1984,
                                128: 0.2275,
                                129: 0.2228,
                                130: 0.1953,
                                131: 0.1566,
                                132: 0.1169,
                                133: 0.0827,
                                134: 0.0573,
                                135: 0.0407,
                                136: 0.0312,
                                137: 0.0262,
                                138: 0.023,
                                139: 0.0198,
                                140: 0.0151,
                                141: 0.0088,
                                142: 0.0009,
                                143: -0.008,
                                144: -0.017,
                                145: -0.0255,
                                146: -0.0331,
                                147: -0.0394,
                                148: -0.0443,
                                149: -0.0479,
                                150: -0.0502,
                            }

                            over "F3_1_ctl"
                            {
                                double avars:rz.timeSamples = {
                                    1: -0.0657,
                                    2: -0.0704,
                                    3: -0.0756,
                                    4: -0.0804,
                                    5: -0.0838,
                                    6: -0.0855,
                                    7: -0.0947,
                                    8: -0.1332,
                                    9: -0.2023,
                                    10: -0.2688,
                                    11: -0.296,
                                    12: -0.2651,
                                    13: -0.1746,
                                    14: -0.0342,
                                    15: 0.1418,
                                    16: 0.3385,
                                    17: 0.543,
                                    18: 0.746,
                                    19: 0.9417,
                                    20: 1.1273,
                                    21: 1.3018,
                                    22: 1.4649,
                                    23: 1.6122,
                                    24: 1.7196,
                                    25: 1.7462,
                                    26: 1.6809,
                                    27: 1.5714,
                                    28: 1.4806,
                                    29: 1.435,
                                    30: 1.4317,
                                    31: 1.4582,
                                    32: 1.4998,
                                    33: 1.5578,
                                    34: 1.6551,
                                    35: 1.7885,
                                    36: 1.9073,
                                    37: 1.9573,
                                    38: 1.9125,
                                    39: 1.7737,
                                    40: 1.5581,
                                    41: 1.2886,
                                    42: 0.9879,
                                    43: 0.6747,
                                    44: 0.3619,
                                    45: 0.057,
                                    46: -0.2368,
                                    47: -0.519,
                                    48: -0.7898,
                                    49: -1.0491,
                                    50: -1.2955,
                                    51: -1.5148,
                                    52: -1.6609,
                                    53: -1.6832,
                                    54: -1.5868,
                                    55: -1.4415,
                                    56: -1.3222,
                                    57: -1.2606,
                                    58: -1.2553,
                                    59: -1.2906,
                                    60: -1.3465,
                                    61: -1.417,
                                    62: -1.5161,
                                    63: -1.6376,
                                    64: -1.7384,
                                    65: -1.7755,
                                    66: -1.7309,
                                    67: -1.6094,
                                    68: -1.429,
                                    69: -1.2111,
                                    70: -0.9764,
                                    71: -0.7409,
                                    72: -0.5151,
                                    73: -0.305,
                                    74: -0.1125,
                                    75: 0.0627,
                                    76: 0.2097,
                                    77: 0.2963,
                                    78: 0.299,
                                    79: 0.2313,
                                    80: 0.1245,
                                    81: 0.0009,
                                    82: -0.1263,
                                    83: -0.2496,
                                    84: -0.3658,
                                    85: -0.4611,
                                    86: -0.5003,
                                    87: -0.4601,
                                    88: -0.3583,
                                    89: -0.2299,
                                    90: -0.103,
                                    91: -0.0161,
                                    92: -0.0236,
                                    93: -0.1328,
                                    94: -0.2795,
                                    95: -0.3917,
                                    96: -0.4299,
                                    97: -0.384,
                                    98: -0.2653,
                                    99: -0.0965,
                                    100: 0.097,
                                    101: 0.2934,
                                    102: 0.4778,
                                    103: 0.6244,
                                    104: 0.6819,
                                    105: 0.6237,
                                    106: 0.4854,
                                    107: 0.3234,
                                    108: 0.1791,
                                    109: 0.0858,
                                    110: 0.0728,
                                    111: 0.1382,
                                    112: 0.2405,
                                    113: 0.3339,
                                    114: 0.3901,
                                    115: 0.3986,
                                    116: 0.3623,
                                    117: 0.2925,
                                    118: 0.2033,
                                    119: 0.1078,
                                    120: 0.0155,
                                    121: -0.0583,
                                    122: -0.0863,
                                    123: -0.0555,
                                    124: 0.0143,
                                    125: 0.0931,
                                    126: 0.1593,
                                    127: 0.2014,
                                    128: 0.2167,
                                    129: 0.2093,
                                    130: 0.1863,
                                    131: 0.1558,
                                    132: 0.1243,
                                    133: 0.0964,
                                    134: 0.0742,
                                    135: 0.0579,
                                    136: 0.0463,
                                    137: 0.0377,
                                    138: 0.0305,
                                    139: 0.0233,
                                    140: 0.0154,
                                    141: 0.0065,
                                    142: -0.0032,
                                    143: -0.0132,
                                    144: -0.023,
                                    145: -0.0321,
                                    146: -0.0402,
                                    147: -0.047,
                                    148: -0.0525,
                                    149: -0.0567,
                                    150: -0.0595,
                                }

                                over "F3_2_ctl"
                                {
                                    double avars:rz.timeSamples = {
                                        1: -0.0657,
                                        2: -0.0704,
                                        3: -0.0756,
                                        4: -0.0804,
                                        5: -0.0838,
                                        6: -0.0855,
                                        7: -0.0947,
                                        8: -0.1332,
                                        9: -0.2023,
                                        10: -0.2688,
                                        11: -0.296,
                                        12: -0.2651,
                                        13: -0.1746,
                                        14: -0.0342,
                                        15: 0.1418,
                                        16: 0.3385,
                                        17: 0.543,
                                        18: 0.746,
                                        19: 0.9417,
                                        20: 1.1273,
                                        21: 1.3018,
                                        22: 1.4649,
                                        23: 1.6122,
                                        24: 1.7196,
                                        25: 1.7462,
                                        26: 1.6809,
                                        27: 1.5714,
                                        28: 1.4806,
                                        29: 1.435,
                                        30: 1.4317,
                                        31: 1.4582,
                                        32: 1.4998,
                                        33: 1.5578,
                                        34: 1.6551,
                                        35: 1.7885,
                                        36: 1.9073,
                                        37: 1.9573,
                                        38: 1.9125,
                                        39: 1.7737,
                                        40: 1.5581,
                                        41: 1.2886,
                                        42: 0.9879,
                                        43: 0.6747,
                                        44: 0.3619,
                                        45: 0.057,
                                        46: -0.2368,
                                        47: -0.519,
                                        48: -0.7898,
                                        49: -1.0491,
                                        50: -1.2955,
                                        51: -1.5148,
                                        52: -1.6609,
                                        53: -1.6832,
                                        54: -1.5868,
                                        55: -1.4415,
                                        56: -1.3222,
                                        57: -1.2606,
                                        58: -1.2553,
                                        59: -1.2906,
                                        60: -1.3465,
                                        61: -1.417,
                                        62: -1.5161,
                                        63: -1.6376,
                                        64: -1.7384,
                                        65: -1.7755,
                                        66: -1.7309,
                                        67: -1.6094,
                                        68: -1.429,
                                        69: -1.2111,
                                        70: -0.9764,
                                        71: -0.7409,
                                        72: -0.5151,
                                        73: -0.305,
                                        74: -0.1125,
                                        75: 0.0627,
                                        76: 0.2097,
                                        77: 0.2963,
                                        78: 0.299,
                                        79: 0.2313,
                                        80: 0.1245,
                                        81: 0.0009,
                                        82: -0.1263,
                                        83: -0.2496,
                                        84: -0.3658,
                                        85: -0.4611,
                                        86: -0.5003,
                                        87: -0.4601,
                                        88: -0.3583,
                                        89: -0.2299,
                                        90: -0.103,
                                        91: -0.0161,
                                        92: -0.0236,
                                        93: -0.1328,
                                        94: -0.2795,
                                        95: -0.3917,
                                        96: -0.4299,
                                        97: -0.384,
                                        98: -0.2653,
                                        99: -0.0965,
                                        100: 0.097,
                                        101: 0.2934,
                                        102: 0.4778,
                                        103: 0.6244,
                                        104: 0.6819,
                                        105: 0.6237,
                                        106: 0.4854,
                                        107: 0.3234,
                                        108: 0.1791,
                                        109: 0.0858,
                                        110: 0.0728,
                                        111: 0.1382,
                                        112: 0.2405,
                                        113: 0.3339,
                                        114: 0.3901,
                                        115: 0.3986,
                                        116: 0.3623,
                                        117: 0.2925,
                                        118: 0.2033,
                                        119: 0.1078,
                                        120: 0.0155,
                                        121: -0.0583,
                                        122: -0.0863,
                                        123: -0.0555,
                                        124: 0.0143,
                                        125: 0.0931,
                                        126: 0.1593,
                                        127: 0.2014,
                                        128: 0.2167,
                                        129: 0.2093,
                                        130: 0.1863,
                                        131: 0.1558,
                                        132: 0.1243,
                                        133: 0.0964,
                                        134: 0.0742,
                                        135: 0.0579,
                                        136: 0.0463,
                                        137: 0.0377,
                                        138: 0.0305,
                                        139: 0.0233,
                                        140: 0.0154,
                                        141: 0.0065,
                                        142: -0.0032,
                                        143: -0.0132,
                                        144: -0.023,
                                        145: -0.0321,
                                        146: -0.0402,
                                        147: -0.047,
                                        148: -0.0525,
                                        149: -0.0567,
                                        150: -0.0595,
                                    }
                                }
                            }
                        }

                        over "F4_0_ctl"
                        {
                            double avars:rz.timeSamples = {
                                1: 0.1294,
                                2: 0.1717,
                                3: 0.198,
                                4: 0.2087,
                                5: 0.2075,
                                6: 0.1989,
                                7: 0.1729,
                                8: 0.1004,
                                9: 0.0285,
                                10: 0.0252,
                                11: 0.0936,
                                12: 0.2364,
                                13: 0.4353,
                                14: 0.648,
                                15: 0.8418,
                                16: 0.9973,
                                17: 1.1077,
                                18: 1.1753,
                                19: 1.208,
                                20: 1.2151,
                                21: 1.2051,
                                22: 1.1836,
                                23: 1.1465,
                                24: 1.059,
                                25: 0.8604,
                                26: 0.5344,
                                27: 0.1887,
                                28: -0.0488,
                                29: -0.1544,
                                30: -0.141,
                                31: -0.0406,
                                32: 0.1014,
                                33: 0.2746,
                                34: 0.5055,
                                35: 0.6935,
                                36: 0.7177,
                                37: 0.5898,
                                38: 0.3177,
                                39: -0.0593,
                                40: -0.4595,
                                41: -0.8221,
                                42: -1.1127,
                                43: -1.3209,
                                44: -1.4539,
                                45: -1.5285,
                                46: -1.5637,
                                47: -1.5759,
                                48: -1.5758,
                                49: -1.5678,
                                50: -1.5511,
                                51: -1.504,
                                52: -1.3573,
                                53: -1.0361,
                                54: -0.5507,
                                55: -0.0727,
                                56: 0.2315,
                                57: 0.3508,
                                58: 0.3066,
                                59: 0.1367,
                                60: -0.0924,
                                61: -0.342,
                                62: -0.6149,
                                63: -0.821,
                                64: -0.8619,
                                65: -0.7524,
                                66: -0.5093,
                                67: -0.1754,
                                68: 0.1742,
                                69: 0.4845,
                                70: 0.7248,
                                71: 0.8866,
                                72: 0.9772,
                                73: 1.0123,
                                74: 1.0097,
                                75: 0.9847,
                                76: 0.9304,
                                77: 0.8026,
                                78: 0.5669,
                                79: 0.3034,
                                80: 0.0993,
                                81: -0.0573,
                                82: -0.1701,
                                83: -0.2477,
                                84: -0.3209,
                                85: -0.387,
                                86: -0.3994,
                                87: -0.3244,
                                88: -0.1833,
                                89: -0.02,
                                90: 0.1324,
                                91: 0.2233,
                                92: 0.1759,
                                93: -0.0189,
                                94: -0.265,
                                95: -0.4556,
                                96: -0.5334,
                                97: -0.4853,
                                98: -0.3293,
                                99: -0.1003,
                                100: 0.1636,
                                101: 0.43,
                                102: 0.6775,
                                103: 0.8678,
                                104: 0.9246,
                                105: 0.8087,
                                106: 0.5738,
                                107: 0.3047,
                                108: 0.0636,
                                109: -0.0995,
                                110: -0.1405,
                                111: -0.0623,
                                112: 0.0729,
                                113: 0.1966,
                                114: 0.2665,
                                115: 0.2668,
                                116: 0.2022,
                                117: 0.0895,
                                118: -0.05,
                                119: -0.1965,
                                120: -0.3357,
                                121: -0.4449,
                                122: -0.483,
                                123: -0.4307,
                                124: -0.3175,
                                125: -0.1886,
                                126: -0.0765,
                                127: 0.0012,
                                128: 0.0408,
                                129: 0.048,
                                130: 0.0335,
                                131: 0.009,
                                132: -0.0156,
                                133: -0.0338,
                                134: -0.0424,
                                135: -0.0416,
                                136: -0.0331,
                                137: -0.0197,
                                138: -0.0042,
                                139: 0.0114,
                                140: 0.0255,
                                141: 0.0377,
                                142: 0.0482,
                                143: 0.0573,
                                144: 0.0657,
                                145: 0.074,
                                146: 0.0824,
                                147: 0.0913,
                                148: 0.1005,
                                149: 0.1101,
                                150: 0.1197,
                            }

                            over "F4_1_ctl"
                            {
                                double avars:rz.timeSamples = {
                                    1: 0.1462,
                                    2: 0.1539,
                                    3: 0.1595,
                                    4: 0.164,
                                    5: 0.168,
                                    6: 0.1722,
                                    7: 0.167,
                                    8: 0.1307,
                                    9: 0.0619,
                                    10: -0.0061,
                                    11: -0.0367,
                                    12: -0.011,
                                    13: 0.0724,
                                    14: 0.204,
                                    15: 0.3694,
                                    16: 0.5539,
                                    17: 0.7447,
                                    18: 0.9324,
                                    19: 1.1115,
                                    20: 1.2792,
                                    21: 1.4347,
                                    22: 1.5778,
                                    23: 1.7042,
                                    24: 1.79,
                                    25: 1.7945,
                                    26: 1.7065,
                                    27: 1.5742,
                                    28: 1.4604,
                                    29: 1.392,
                                    30: 1.366,
                                    31: 1.3704,
                                    32: 1.3903,
                                    33: 1.4273,
                                    34: 1.5045,
                                    35: 1.6188,
                                    36: 1.7197,
                                    37: 1.7531,
                                    38: 1.693,
                                    39: 1.5405,
                                    40: 1.3128,
                                    41: 1.0329,
                                    42: 0.7236,
                                    43: 0.4037,
                                    44: 0.0861,
                                    45: -0.2217,
                                    46: -0.5165,
                                    47: -0.7976,
                                    48: -1.0654,
                                    49: -1.3196,
                                    50: -1.5591,
                                    51: -1.7696,
                                    52: -1.9051,
                                    53: -1.915,
                                    54: -1.8045,
                                    55: -1.6437,
                                    56: -1.5073,
                                    57: -1.4273,
                                    58: -1.4023,
                                    59: -1.417,
                                    60: -1.4512,
                                    61: -1.4994,
                                    62: -1.5755,
                                    63: -1.6736,
                                    64: -1.7506,
                                    65: -1.7639,
                                    66: -1.6954,
                                    67: -1.5504,
                                    68: -1.3467,
                                    69: -1.1063,
                                    70: -0.8496,
                                    71: -0.593,
                                    72: -0.3472,
                                    73: -0.1182,
                                    74: 0.0919,
                                    75: 0.2832,
                                    76: 0.4449,
                                    77: 0.5445,
                                    78: 0.5584,
                                    79: 0.5002,
                                    80: 0.4009,
                                    81: 0.283,
                                    82: 0.1595,
                                    83: 0.0379,
                                    84: -0.0786,
                                    85: -0.1762,
                                    86: -0.2196,
                                    87: -0.1857,
                                    88: -0.092,
                                    89: 0.0265,
                                    90: 0.1416,
                                    91: 0.2151,
                                    92: 0.1926,
                                    93: 0.067,
                                    94: -0.0976,
                                    95: -0.2288,
                                    96: -0.2871,
                                    97: -0.2622,
                                    98: -0.1653,
                                    99: -0.019,
                                    100: 0.1515,
                                    101: 0.3246,
                                    102: 0.4857,
                                    103: 0.6089,
                                    104: 0.6432,
                                    105: 0.5622,
                                    106: 0.4016,
                                    107: 0.2179,
                                    108: 0.0529,
                                    109: -0.0602,
                                    110: -0.0919,
                                    111: -0.044,
                                    112: 0.0422,
                                    113: 0.1209,
                                    114: 0.1641,
                                    115: 0.1612,
                                    116: 0.1153,
                                    117: 0.0376,
                                    118: -0.0576,
                                    119: -0.1573,
                                    120: -0.2517,
                                    121: -0.3258,
                                    122: -0.3521,
                                    123: -0.3178,
                                    124: -0.2426,
                                    125: -0.1566,
                                    126: -0.0814,
                                    127: -0.0287,
                                    128: -0.0011,
                                    129: 0.0053,
                                    130: -0.0025,
                                    131: -0.0165,
                                    132: -0.0303,
                                    133: -0.0395,
                                    134: -0.0421,
                                    135: -0.0381,
                                    136: -0.0287,
                                    137: -0.0158,
                                    138: -0.0012,
                                    139: 0.0135,
                                    140: 0.0274,
                                    141: 0.0403,
                                    142: 0.052,
                                    143: 0.063,
                                    144: 0.0735,
                                    145: 0.084,
                                    146: 0.0946,
                                    147: 0.1054,
                                    148: 0.1165,
                                    149: 0.1276,
                                    150: 0.1387,
                                }

                                over "F4_2_ctl"
                                {
                                    double avars:rz.timeSamples = {
                                        1: 0.1462,
                                        2: 0.1539,
                                        3: 0.1595,
                                        4: 0.164,
                                        5: 0.168,
                                        6: 0.1722,
                                        7: 0.167,
                                        8: 0.1307,
                                        9: 0.0619,
                                        10: -0.0061,
                                        11: -0.0367,
                                        12: -0.011,
                                        13: 0.0724,
                                        14: 0.204,
                                        15: 0.3694,
                                        16: 0.5539,
                                        17: 0.7447,
                                        18: 0.9324,
                                        19: 1.1115,
                                        20: 1.2792,
                                        21: 1.4347,
                                        22: 1.5778,
                                        23: 1.7042,
                                        24: 1.79,
                                        25: 1.7945,
                                        26: 1.7065,
                                        27: 1.5742,
                                        28: 1.4604,
                                        29: 1.392,
                                        30: 1.366,
                                        31: 1.3704,
                                        32: 1.3903,
                                        33: 1.4273,
                                        34: 1.5045,
                                        35: 1.6188,
                                        36: 1.7197,
                                        37: 1.7531,
                                        38: 1.693,
                                        39: 1.5405,
                                        40: 1.3128,
                                        41: 1.0329,
                                        42: 0.7236,
                                        43: 0.4037,
                                        44: 0.0861,
                                        45: -0.2217,
                                        46: -0.5165,
                                        47: -0.7976,
                                        48: -1.0654,
                                        49: -1.3196,
                                        50: -1.5591,
                                        51: -1.7696,
                                        52: -1.9051,
                                        53: -1.915,
                                        54: -1.8045,
                                        55: -1.6437,
                                        56: -1.5073,
                                        57: -1.4273,
                                        58: -1.4023,
                                        59: -1.417,
                                        60: -1.4512,
                                        61: -1.4994,
                                        62: -1.5755,
                                        63: -1.6736,
                                        64: -1.7506,
                                        65: -1.7639,
                                        66: -1.6954,
                                        67: -1.5504,
                                        68: -1.3467,
                                        69: -1.1063,
                                        70: -0.8496,
                                        71: -0.593,
                                        72: -0.3472,
                                        73: -0.1182,
                                        74: 0.0919,
                                        75: 0.2832,
                                        76: 0.4449,
                                        77: 0.5445,
                                        78: 0.5584,
                                        79: 0.5002,
                                        80: 0.4009,
                                        81: 0.283,
                                        82: 0.1595,
                                        83: 0.0379,
                                        84: -0.0786,
                                        85: -0.1762,
                                        86: -0.2196,
                                        87: -0.1857,
                                        88: -0.092,
                                        89: 0.0265,
                                        90: 0.1416,
                                        91: 0.2151,
                                        92: 0.1926,
                                        93: 0.067,
                                        94: -0.0976,
                                        95: -0.2288,
                                        96: -0.2871,
                                        97: -0.2622,
                                        98: -0.1653,
                                        99: -0.019,
                                        100: 0.1515,
                                        101: 0.3246,
                                        102: 0.4857,
                                        103: 0.6089,
                                        104: 0.6432,
                                        105: 0.5622,
                                        106: 0.4016,
                                        107: 0.2179,
                                        108: 0.0529,
                                        109: -0.0602,
                                        110: -0.0919,
                                        111: -0.044,
                                        112: 0.0422,
                                        113: 0.1209,
                                        114: 0.1641,
                                        115: 0.1612,
                                        116: 0.1153,
                                        117: 0.0376,
                                        118: -0.0576,
                                        119: -0.1573,
                                        120: -0.2517,
                                        121: -0.3258,
                                        122: -0.3521,
                                        123: -0.3178,
                                        124: -0.2426,
                                        125: -0.1566,
                                        126: -0.0814,
                                        127: -0.0287,
                                        128: -0.0011,
                                        129: 0.0053,
                                        130: -0.0025,
                                        131: -0.0165,
                                        132: -0.0303,
                                        133: -0.0395,
                                        134: -0.0421,
                                        135: -0.0381,
                                        136: -0.0287,
                                        137: -0.0158,
                                        138: -0.0012,
                                        139: 0.0135,
                                        140: 0.0274,
                                        141: 0.0403,
                                        142: 0.052,
                                        143: 0.063,
                                        144: 0.0735,
                                        145: 0.084,
                                        146: 0.0946,
                                        147: 0.1054,
                                        148: 0.1165,
                                        149: 0.1276,
                                        150: 0.1387,
                                    }
                                }
                            }
                        }

                        over "F5_0_ctl"
                        {
                            double avars:rz.timeSamples = {
                                1: 0.0097,
                                2: 0.056,
                                3: 0.0871,
                                4: 0.1036,
                                5: 0.109,
                                6: 0.1079,
                                7: 0.09,
                                8: 0.0263,
                                9: -0.0364,
                                10: -0.0301,
                                11: 0.0483,
                                12: 0.2013,
                                13: 0.4108,
                                14: 0.6341,
                                15: 0.8388,
                                16: 1.0053,
                                17: 1.1267,
                                18: 1.2054,
                                19: 1.249,
                                20: 1.267,
                                21: 1.2677,
                                22: 1.2564,
                                23: 1.2294,
                                24: 1.1515,
                                25: 0.9621,
                                26: 0.6447,
                                27: 0.3072,
                                28: 0.0771,
                                29: -0.0216,
                                30: -0.0021,
                                31: 0.1037,
                                32: 0.2503,
                                33: 0.4272,
                                34: 0.6611,
                                35: 0.8512,
                                36: 0.8767,
                                37: 0.7491,
                                38: 0.4764,
                                39: 0.0978,
                                40: -0.3048,
                                41: -0.6707,
                                42: -0.9655,
                                43: -1.1788,
                                44: -1.3177,
                                45: -1.399,
                                46: -1.4418,
                                47: -1.4623,
                                48: -1.4712,
                                49: -1.4729,
                                50: -1.4665,
                                51: -1.4302,
                                52: -1.295,
                                53: -0.9855,
                                54: -0.5124,
                                55: -0.047,
                                56: 0.2444,
                                57: 0.3507,
                                58: 0.2934,
                                59: 0.1103,
                                60: -0.1319,
                                61: -0.3945,
                                62: -0.6803,
                                63: -0.8991,
                                64: -0.9523,
                                65: -0.8546,
                                66: -0.623,
                                67: -0.3001,
                                68: 0.0392,
                                69: 0.3397,
                                70: 0.571,
                                71: 0.7245,
                                72: 0.8076,
                                73: 0.8361,
                                74: 0.8277,
                                75: 0.7579,
                                76: 0.5339,
                                77: 0.1108,
                                78: -0.4164,
                                79: -0.8387,
                                80: -1.013,
                                81: -0.9547,
                                82: -0.7088,
                                83: -0.3412,
                                84: 0.0621,
                                85: 0.4222,
                                86: 0.651,
                                87: 0.6971,
                                88: 0.5902,
                                89: 0.3981,
                                90: 0.1828,
                                91: 0.0205,
                                92: 0.0066,
                                93: 0.16,
                                94: 0.3862,
                                95: 0.5755,
                                96: 0.664,
                                97: 0.632,
                                98: 0.4918,
                                99: 0.2748,
                                100: 0.0172,
                                101: -0.2485,
                                102: -0.4998,
                                103: -0.6967,
                                104: -0.7614,
                                105: -0.6535,
                                106: -0.4259,
                                107: -0.1629,
                                108: 0.0728,
                                109: 0.2313,
                                110: 0.268,
                                111: 0.1856,
                                112: 0.046,
                                113: -0.0823,
                                114: -0.1572,
                                115: -0.1627,
                                116: -0.1032,
                                117: 0.0043,
                                118: 0.1388,
                                119: 0.2806,
                                120: 0.4154,
                                121: 0.5205,
                                122: 0.555,
                                123: 0.4993,
                                124: 0.3831,
                                125: 0.2516,
                                126: 0.1373,
                                127: 0.0577,
                                128: 0.0166,
                                129: 0.0083,
                                130: 0.0222,
                                131: 0.0465,
                                132: 0.0712,
                                133: 0.09,
                                134: 0.0997,
                                135: 0.1003,
                                136: 0.0936,
                                137: 0.0824,
                                138: 0.0695,
                                139: 0.0569,
                                140: 0.046,
                                141: 0.0374,
                                142: 0.0307,
                                143: 0.0257,
                                144: 0.0216,
                                145: 0.0179,
                                146: 0.0141,
                                147: 0.0101,
                                148: 0.0057,
                                149: 0.0012,
                                150: -0.0034,
                            }

                            over "F5_1_ctl"
                            {
                                double avars:rz.timeSamples = {
                                    1: 0.0039,
                                    2: 0.0129,
                                    3: 0.0217,
                                    4: 0.0311,
                                    5: 0.0415,
                                    6: 0.0529,
                                    7: 0.0588,
                                    8: 0.0445,
                                    9: 0.0095,
                                    10: -0.0226,
                                    11: -0.0258,
                                    12: 0.0138,
                                    13: 0.0982,
                                    14: 0.2213,
                                    15: 0.3732,
                                    16: 0.5429,
                                    17: 0.7206,
                                    18: 0.8985,
                                    19: 1.0713,
                                    20: 1.2356,
                                    21: 1.3895,
                                    22: 1.532,
                                    23: 1.659,
                                    24: 1.7536,
                                    25: 1.788,
                                    26: 1.7537,
                                    27: 1.6823,
                                    28: 1.6162,
                                    29: 1.5742,
                                    30: 1.5556,
                                    31: 1.5537,
                                    32: 1.5604,
                                    33: 1.5777,
                                    34: 1.622,
                                    35: 1.691,
                                    36: 1.7486,
                                    37: 1.7558,
                                    38: 1.6926,
                                    39: 1.5574,
                                    40: 1.3604,
                                    41: 1.1173,
                                    42: 0.8443,
                                    43: 0.556,
                                    44: 0.2634,
                                    45: -0.026,
                                    46: -0.308,
                                    47: -0.5801,
                                    48: -0.8407,
                                    49: -1.0884,
                                    50: -1.321,
                                    51: -1.5277,
                                    52: -1.6767,
                                    53: -1.7329,
                                    54: -1.6984,
                                    55: -1.6193,
                                    56: -1.5464,
                                    57: -1.5026,
                                    58: -1.4891,
                                    59: -1.4981,
                                    60: -1.5187,
                                    61: -1.5489,
                                    62: -1.5995,
                                    63: -1.6665,
                                    64: -1.7194,
                                    65: -1.7271,
                                    66: -1.6755,
                                    67: -1.566,
                                    68: -1.4096,
                                    69: -1.221,
                                    70: -1.015,
                                    71: -0.8043,
                                    72: -0.598,
                                    73: -0.4023,
                                    74: -0.2206,
                                    75: -0.0724,
                                    76: -0.0045,
                                    77: -0.0402,
                                    78: -0.1389,
                                    79: -0.2344,
                                    80: -0.2803,
                                    81: -0.2616,
                                    82: -0.1859,
                                    83: -0.0719,
                                    84: 0.0594,
                                    85: 0.1821,
                                    86: 0.2602,
                                    87: 0.2713,
                                    88: 0.2263,
                                    89: 0.1509,
                                    90: 0.0684,
                                    91: 0.0093,
                                    92: 0.0136,
                                    93: 0.0889,
                                    94: 0.1934,
                                    95: 0.2789,
                                    96: 0.3182,
                                    97: 0.3034,
                                    98: 0.2408,
                                    99: 0.1447,
                                    100: 0.0313,
                                    101: -0.0851,
                                    102: -0.1945,
                                    103: -0.2797,
                                    104: -0.3061,
                                    105: -0.256,
                                    106: -0.153,
                                    107: -0.0346,
                                    108: 0.0715,
                                    109: 0.143,
                                    110: 0.1602,
                                    111: 0.1243,
                                    112: 0.0629,
                                    113: 0.0064,
                                    114: -0.0263,
                                    115: -0.0284,
                                    116: -0.0017,
                                    117: 0.0462,
                                    118: 0.1059,
                                    119: 0.1688,
                                    120: 0.2283,
                                    121: 0.2746,
                                    122: 0.2893,
                                    123: 0.2638,
                                    124: 0.2112,
                                    125: 0.1518,
                                    126: 0.0999,
                                    127: 0.0633,
                                    128: 0.0437,
                                    129: 0.0386,
                                    130: 0.0432,
                                    131: 0.0524,
                                    132: 0.0618,
                                    133: 0.0684,
                                    134: 0.0709,
                                    135: 0.0693,
                                    136: 0.0644,
                                    137: 0.0576,
                                    138: 0.0499,
                                    139: 0.0423,
                                    140: 0.0355,
                                    141: 0.0297,
                                    142: 0.0249,
                                    143: 0.0207,
                                    144: 0.0171,
                                    145: 0.0136,
                                    146: 0.0101,
                                    147: 0.0066,
                                    148: 0.0031,
                                    149: -0.0005,
                                    150: -0.004,
                                }

                                over "F5_2_ctl"
                                {
                                    double avars:rz.timeSamples = {
                                        1: 0.0039,
                                        2: 0.0129,
                                        3: 0.0217,
                                        4: 0.0311,
                                        5: 0.0415,
                                        6: 0.0529,
                                        7: 0.0588,
                                        8: 0.0445,
                                        9: 0.0095,
                                        10: -0.0226,
                                        11: -0.0258,
                                        12: 0.0138,
                                        13: 0.0982,
                                        14: 0.2213,
                                        15: 0.3732,
                                        16: 0.5429,
                                        17: 0.7206,
                                        18: 0.8985,
                                        19: 1.0713,
                                        20: 1.2356,
                                        21: 1.3895,
                                        22: 1.532,
                                        23: 1.659,
                                        24: 1.7536,
                                        25: 1.788,
                                        26: 1.7537,
                                        27: 1.6823,
                                        28: 1.6162,
                                        29: 1.5742,
                                        30: 1.5556,
                                        31: 1.5537,
                                        32: 1.5604,
                                        33: 1.5777,
                                        34: 1.622,
                                        35: 1.691,
                                        36: 1.7486,
                                        37: 1.7558,
                                        38: 1.6926,
                                        39: 1.5574,
                                        40: 1.3604,
                                        41: 1.1173,
                                        42: 0.8443,
                                        43: 0.556,
                                        44: 0.2634,
                                        45: -0.026,
                                        46: -0.308,
                                        47: -0.5801,
                                        48: -0.8407,
                                        49: -1.0884,
                                        50: -1.321,
                                        51: -1.5277,
                                        52: -1.6767,
                                        53: -1.7329,
                                        54: -1.6984,
                                        55: -1.6193,
                                        56: -1.5464,
                                        57: -1.5026,
                                        58: -1.4891,
                                        59: -1.4981,
                                        60: -1.5187,
                                        61: -1.5489,
                                        62: -1.5995,
                                        63: -1.6665,
                                        64: -1.7194,
                                        65: -1.7271,
                                        66: -1.6755,
                                        67: -1.566,
                                        68: -1.4096,
                                        69: -1.221,
                                        70: -1.015,
                                        71: -0.8043,
                                        72: -0.598,
                                        73: -0.4023,
                                        74: -0.2206,
                                        75: -0.0724,
                                        76: -0.0045,
                                        77: -0.0402,
                                        78: -0.1389,
                                        79: -0.2344,
                                        80: -0.2803,
                                        81: -0.2616,
                                        82: -0.1859,
                                        83: -0.0719,
                                        84: 0.0594,
                                        85: 0.1821,
                                        86: 0.2602,
                                        87: 0.2713,
                                        88: 0.2263,
                                        89: 0.1509,
                                        90: 0.0684,
                                        91: 0.0093,
                                        92: 0.0136,
                                        93: 0.0889,
                                        94: 0.1934,
                                        95: 0.2789,
                                        96: 0.3182,
                                        97: 0.3034,
                                        98: 0.2408,
                                        99: 0.1447,
                                        100: 0.0313,
                                        101: -0.0851,
                                        102: -0.1945,
                                        103: -0.2797,
                                        104: -0.3061,
                                        105: -0.256,
                                        106: -0.153,
                                        107: -0.0346,
                                        108: 0.0715,
                                        109: 0.143,
                                        110: 0.1602,
                                        111: 0.1243,
                                        112: 0.0629,
                                        113: 0.0064,
                                        114: -0.0263,
                                        115: -0.0284,
                                        116: -0.0017,
                                        117: 0.0462,
                                        118: 0.1059,
                                        119: 0.1688,
                                        120: 0.2283,
                                        121: 0.2746,
                                        122: 0.2893,
                                        123: 0.2638,
                                        124: 0.2112,
                                        125: 0.1518,
                                        126: 0.0999,
                                        127: 0.0633,
                                        128: 0.0437,
                                        129: 0.0386,
                                        130: 0.0432,
                                        131: 0.0524,
                                        132: 0.0618,
                                        133: 0.0684,
                                        134: 0.0709,
                                        135: 0.0693,
                                        136: 0.0644,
                                        137: 0.0576,
                                        138: 0.0499,
                                        139: 0.0423,
                                        140: 0.0355,
                                        141: 0.0297,
                                        142: 0.0249,
                                        143: 0.0207,
                                        144: 0.0171,
                                        145: 0.0136,
                                        146: 0.0101,
                                        147: 0.0066,
                                        148: 0.0031,
                                        149: -0.0005,
                                        150: -0.004,
                                    }

                                    over "F5_3_ctl"
                                    {
                                        double avars:rz.timeSamples = {
                                            1: 0.0039,
                                            2: 0.0124,
                                            3: 0.0201,
                                            4: 0.0277,
                                            5: 0.0356,
                                            6: 0.0442,
                                            7: 0.047,
                                            8: 0.0296,
                                            9: -0.0092,
                                            10: -0.0471,
                                            11: -0.0597,
                                            12: -0.0347,
                                            13: 0.0291,
                                            14: 0.1252,
                                            15: 0.244,
                                            16: 0.3755,
                                            17: 0.5113,
                                            18: 0.645,
                                            19: 0.773,
                                            20: 0.8932,
                                            21: 1.0051,
                                            22: 1.1086,
                                            23: 1.2006,
                                            24: 1.2653,
                                            25: 1.2754,
                                            26: 1.2235,
                                            27: 1.1416,
                                            28: 1.0716,
                                            29: 1.0312,
                                            30: 1.0187,
                                            31: 1.0258,
                                            32: 1.0426,
                                            33: 1.0703,
                                            34: 1.124,
                                            35: 1.2019,
                                            36: 1.2701,
                                            37: 1.2926,
                                            38: 1.2521,
                                            39: 1.1493,
                                            40: 0.9956,
                                            41: 0.8064,
                                            42: 0.5969,
                                            43: 0.3797,
                                            44: 0.1633,
                                            45: -0.0471,
                                            46: -0.2495,
                                            47: -0.4434,
                                            48: -0.6289,
                                            49: -0.8059,
                                            50: -0.9736,
                                            51: -1.1224,
                                            52: -1.2216,
                                            53: -1.2374,
                                            54: -1.1733,
                                            55: -1.0758,
                                            56: -0.9948,
                                            57: -0.9516,
                                            58: -0.9452,
                                            59: -0.9652,
                                            60: -0.9982,
                                            61: -1.0405,
                                            62: -1.1012,
                                            63: -1.1764,
                                            64: -1.2373,
                                            65: -1.2554,
                                            66: -1.2187,
                                            67: -1.1306,
                                            68: -1.0029,
                                            69: -0.8501,
                                            70: -0.686,
                                            71: -0.5214,
                                            72: -0.3634,
                                            73: -0.2158,
                                            74: -0.0803,
                                            75: 0.0258,
                                            76: 0.0568,
                                            77: -0.009,
                                            78: -0.1299,
                                            79: -0.2396,
                                            80: -0.2925,
                                            81: -0.2752,
                                            82: -0.1974,
                                            83: -0.0795,
                                            84: 0.056,
                                            85: 0.1821,
                                            86: 0.2624,
                                            87: 0.2745,
                                            88: 0.2294,
                                            89: 0.1533,
                                            90: 0.0699,
                                            91: 0.0098,
                                            92: 0.0134,
                                            93: 0.0883,
                                            94: 0.1926,
                                            95: 0.2782,
                                            96: 0.3177,
                                            97: 0.3032,
                                            98: 0.2408,
                                            99: 0.1448,
                                            100: 0.0315,
                                            101: -0.0849,
                                            102: -0.1944,
                                            103: -0.2796,
                                            104: -0.3061,
                                            105: -0.256,
                                            106: -0.153,
                                            107: -0.0346,
                                            108: 0.0714,
                                            109: 0.1429,
                                            110: 0.1602,
                                            111: 0.1243,
                                            112: 0.0629,
                                            113: 0.0065,
                                            114: -0.0263,
                                            115: -0.0284,
                                            116: -0.0017,
                                            117: 0.0462,
                                            118: 0.1059,
                                            119: 0.1688,
                                            120: 0.2283,
                                            121: 0.2746,
                                            122: 0.2893,
                                            123: 0.2638,
                                            124: 0.2112,
                                            125: 0.1518,
                                            126: 0.0999,
                                            127: 0.0633,
                                            128: 0.0437,
                                            129: 0.0386,
                                            130: 0.0432,
                                            131: 0.0524,
                                            132: 0.0618,
                                            133: 0.0684,
                                            134: 0.0709,
                                            135: 0.0693,
                                            136: 0.0644,
                                            137: 0.0576,
                                            138: 0.0499,
                                            139: 0.0423,
                                            140: 0.0355,
                                            141: 0.0297,
                                            142: 0.0249,
                                            143: 0.0207,
                                            144: 0.0171,
                                            145: 0.0136,
                                            146: 0.0101,
                                            147: 0.0066,
                                            148: 0.0031,
                                            149: -0.0005,
                                            150: -0.004,
                                        }
                                    }
                                }
                            }
                        }

                        over "LockR_A_0_ctl"
                        {
                            double avars:rz.timeSamples = {
                                1: -0.033,
                                2: 0.0103,
                                3: 0.0502,
                                4: 0.0853,
                                5: 0.1148,
                                6: 0.1384,
                                7: 0.1494,
                                8: 0.131,
                                9: 0.1337,
                                10: 0.2139,
                                11: 0.365,
                                12: 0.5959,
                                13: 0.905,
                                14: 1.2643,
                                15: 1.6462,
                                16: 2.0251,
                                17: 2.3789,
                                18: 2.6892,
                                19: 2.9422,
                                20: 3.128,
                                21: 3.2406,
                                22: 3.2772,
                                23: 3.2343,
                                24: 3.0958,
                                25: 2.8304,
                                26: 2.4206,
                                27: 1.9299,
                                28: 1.4507,
                                29: 1.0198,
                                30: 0.671,
                                31: 0.427,
                                32: 0.2901,
                                33: 0.2717,
                                34: 0.3928,
                                35: 0.5417,
                                36: 0.5919,
                                37: 0.5384,
                                38: 0.347,
                                39: 0.0013,
                                40: -0.4618,
                                41: -1.0023,
                                42: -1.5802,
                                43: -2.1581,
                                44: -2.7034,
                                45: -3.189,
                                46: -3.594,
                                47: -3.9035,
                                48: -4.1081,
                                49: -4.2032,
                                50: -4.1877,
                                51: -4.0549,
                                52: -3.7755,
                                53: -3.3094,
                                54: -2.6462,
                                55: -1.897,
                                56: -1.1974,
                                57: -0.5867,
                                58: -0.1099,
                                59: 0.1937,
                                60: 0.3235,
                                61: 0.2836,
                                62: 0.073,
                                63: -0.2017,
                                64: -0.4221,
                                65: -0.5692,
                                66: -0.6037,
                                67: -0.5047,
                                68: -0.2968,
                                69: -0.0106,
                                70: 0.3212,
                                71: 0.6657,
                                72: 0.9927,
                                73: 1.2754,
                                74: 1.492,
                                75: 1.6091,
                                76: 1.5664,
                                77: 1.3158,
                                78: 0.8644,
                                79: 0.3304,
                                80: -0.1624,
                                81: -0.5827,
                                82: -0.8896,
                                83: -1.0544,
                                84: -1.0854,
                                85: -1.0012,
                                86: -0.84,
                                87: -0.6483,
                                88: -0.456,
                                89: -0.281,
                                90: -0.1361,
                                91: -0.0181,
                                92: 0.0971,
                                93: 0.225,
                                94: 0.3516,
                                95: 0.4546,
                                96: 0.5184,
                                97: 0.5337,
                                98: 0.4967,
                                99: 0.4084,
                                100: 0.2734,
                                101: 0.0989,
                                102: -0.1067,
                                103: -0.3247,
                                104: -0.5171,
                                105: -0.6499,
                                106: -0.7159,
                                107: -0.7227,
                                108: -0.6809,
                                109: -0.6076,
                                110: -0.5282,
                                111: -0.4613,
                                112: -0.408,
                                113: -0.3628,
                                114: -0.3204,
                                115: -0.2767,
                                116: -0.2286,
                                117: -0.1738,
                                118: -0.1112,
                                119: -0.0404,
                                120: 0.0383,
                                121: 0.1188,
                                122: 0.1851,
                                123: 0.2227,
                                124: 0.2308,
                                125: 0.2154,
                                126: 0.1829,
                                127: 0.1396,
                                128: 0.0913,
                                129: 0.0427,
                                130: -0.0023,
                                131: -0.0411,
                                132: -0.0719,
                                133: -0.0942,
                                134: -0.1081,
                                135: -0.1143,
                                136: -0.1139,
                                137: -0.1084,
                                138: -0.0992,
                                139: -0.0879,
                                140: -0.0757,
                                141: -0.0638,
                                142: -0.0529,
                                143: -0.0438,
                                144: -0.0368,
                                145: -0.032,
                                146: -0.0295,
                                147: -0.029,
                                148: -0.0302,
                                149: -0.0329,
                                150: -0.0366,
                            }

                            over "LockR_A_1_ctl"
                            {
                                double avars:rz.timeSamples = {
                                    1: -0.0186,
                                    2: -0.0167,
                                    3: -0.014,
                                    4: -0.0101,
                                    5: -0.0047,
                                    6: 0.0023,
                                    7: 0.0091,
                                    8: 0.0108,
                                    9: 0.0059,
                                    10: -0.0001,
                                    11: 0.0011,
                                    12: 0.0169,
                                    13: 0.0532,
                                    14: 0.1144,
                                    15: 0.2031,
                                    16: 0.32,
                                    17: 0.4642,
                                    18: 0.6331,
                                    19: 0.8226,
                                    20: 1.0277,
                                    21: 1.2428,
                                    22: 1.4615,
                                    23: 1.6766,
                                    24: 1.8771,
                                    25: 2.0479,
                                    26: 2.1777,
                                    27: 2.2666,
                                    28: 2.3211,
                                    29: 2.3464,
                                    30: 2.3464,
                                    31: 2.3253,
                                    32: 2.2879,
                                    33: 2.2418,
                                    34: 2.1988,
                                    35: 2.1652,
                                    36: 2.1359,
                                    37: 2.1003,
                                    38: 2.0482,
                                    39: 1.9707,
                                    40: 1.8607,
                                    41: 1.7129,
                                    42: 1.5244,
                                    43: 1.295,
                                    44: 1.0265,
                                    45: 0.723,
                                    46: 0.3906,
                                    47: 0.0364,
                                    48: -0.3311,
                                    49: -0.7033,
                                    50: -1.071,
                                    51: -1.423,
                                    52: -1.742,
                                    53: -2.008,
                                    54: -2.2094,
                                    55: -2.3484,
                                    56: -2.434,
                                    57: -2.474,
                                    58: -2.4754,
                                    59: -2.4458,
                                    60: -2.3932,
                                    61: -2.3275,
                                    62: -2.2621,
                                    63: -2.2049,
                                    64: -2.1539,
                                    65: -2.1022,
                                    66: -2.0431,
                                    67: -1.9702,
                                    68: -1.8788,
                                    69: -1.7651,
                                    70: -1.6273,
                                    71: -1.4655,
                                    72: -1.2814,
                                    73: -1.0788,
                                    74: -0.8626,
                                    75: -0.6433,
                                    76: -0.441,
                                    77: -0.2738,
                                    78: -0.1468,
                                    79: -0.0544,
                                    80: 0.011,
                                    81: 0.0558,
                                    82: 0.0852,
                                    83: 0.1039,
                                    84: 0.1162,
                                    85: 0.124,
                                    86: 0.1248,
                                    87: 0.1152,
                                    88: 0.0958,
                                    89: 0.0692,
                                    90: 0.038,
                                    91: 0.0074,
                                    92: -0.0132,
                                    93: -0.0183,
                                    94: -0.0113,
                                    95: 0.0012,
                                    96: 0.0134,
                                    97: 0.0211,
                                    98: 0.0212,
                                    99: 0.0118,
                                    100: -0.0078,
                                    101: -0.0374,
                                    102: -0.076,
                                    103: -0.1198,
                                    104: -0.1591,
                                    105: -0.1854,
                                    106: -0.1966,
                                    107: -0.1947,
                                    108: -0.1822,
                                    109: -0.1631,
                                    110: -0.1438,
                                    111: -0.1287,
                                    112: -0.1177,
                                    113: -0.109,
                                    114: -0.1008,
                                    115: -0.0918,
                                    116: -0.081,
                                    117: -0.0678,
                                    118: -0.0518,
                                    119: -0.0331,
                                    120: -0.0117,
                                    121: 0.0106,
                                    122: 0.0294,
                                    123: 0.0408,
                                    124: 0.0444,
                                    125: 0.0418,
                                    126: 0.0345,
                                    127: 0.0242,
                                    128: 0.0124,
                                    129: 0.0004,
                                    130: -0.0108,
                                    131: -0.0206,
                                    132: -0.0284,
                                    133: -0.034,
                                    134: -0.0375,
                                    135: -0.039,
                                    136: -0.0389,
                                    137: -0.0374,
                                    138: -0.035,
                                    139: -0.032,
                                    140: -0.0288,
                                    141: -0.0257,
                                    142: -0.0229,
                                    143: -0.0205,
                                    144: -0.0188,
                                    145: -0.0176,
                                    146: -0.0171,
                                    147: -0.0171,
                                    148: -0.0177,
                                    149: -0.0187,
                                    150: -0.02,
                                }

                                over "LockR_A_2_ctl"
                                {
                                    double avars:rz.timeSamples = {
                                        1: -0.0186,
                                        2: -0.0168,
                                        3: -0.0144,
                                        4: -0.0109,
                                        5: -0.0062,
                                        6: -0.0002,
                                        7: 0.0053,
                                        8: 0.0056,
                                        9: -0.0011,
                                        10: -0.0094,
                                        11: -0.0117,
                                        12: -0.001,
                                        13: 0.0282,
                                        14: 0.0798,
                                        15: 0.156,
                                        16: 0.2574,
                                        17: 0.3831,
                                        18: 0.5306,
                                        19: 0.6963,
                                        20: 0.8759,
                                        21: 1.0641,
                                        22: 1.2555,
                                        23: 1.4438,
                                        24: 1.6186,
                                        25: 1.7657,
                                        26: 1.8748,
                                        27: 1.9464,
                                        28: 1.9878,
                                        29: 2.0042,
                                        30: 1.9995,
                                        31: 1.9776,
                                        32: 1.9428,
                                        33: 1.9021,
                                        34: 1.8664,
                                        35: 1.8417,
                                        36: 1.8225,
                                        37: 1.7985,
                                        38: 1.76,
                                        39: 1.6986,
                                        40: 1.6078,
                                        41: 1.483,
                                        42: 1.3217,
                                        43: 1.1237,
                                        44: 0.891,
                                        45: 0.6273,
                                        46: 0.3381,
                                        47: 0.0297,
                                        48: -0.2904,
                                        49: -0.6144,
                                        50: -0.9345,
                                        51: -1.2406,
                                        52: -1.5167,
                                        53: -1.7439,
                                        54: -1.9118,
                                        55: -2.0235,
                                        56: -2.0884,
                                        57: -2.1146,
                                        58: -2.1087,
                                        59: -2.0777,
                                        60: -2.0287,
                                        61: -1.9706,
                                        62: -1.9154,
                                        63: -1.8701,
                                        64: -1.8319,
                                        65: -1.7939,
                                        66: -1.7489,
                                        67: -1.6911,
                                        68: -1.6158,
                                        69: -1.5198,
                                        70: -1.4015,
                                        71: -1.2609,
                                        72: -1.0999,
                                        73: -0.9218,
                                        74: -0.7312,
                                        75: -0.5381,
                                        76: -0.3616,
                                        77: -0.2191,
                                        78: -0.1146,
                                        79: -0.0417,
                                        80: 0.0077,
                                        81: 0.0403,
                                        82: 0.0614,
                                        83: 0.0754,
                                        84: 0.0861,
                                        85: 0.0949,
                                        86: 0.0986,
                                        87: 0.0932,
                                        88: 0.0788,
                                        89: 0.0573,
                                        90: 0.031,
                                        91: 0.0047,
                                        92: -0.0123,
                                        93: -0.0146,
                                        94: -0.0057,
                                        95: 0.0078,
                                        96: 0.0204,
                                        97: 0.0278,
                                        98: 0.0272,
                                        99: 0.0168,
                                        100: -0.004,
                                        101: -0.0347,
                                        102: -0.0745,
                                        103: -0.1192,
                                        104: -0.1594,
                                        105: -0.1863,
                                        106: -0.1979,
                                        107: -0.1963,
                                        108: -0.1838,
                                        109: -0.1646,
                                        110: -0.1451,
                                        111: -0.1298,
                                        112: -0.1186,
                                        113: -0.1096,
                                        114: -0.1011,
                                        115: -0.0919,
                                        116: -0.0809,
                                        117: -0.0676,
                                        118: -0.0515,
                                        119: -0.0327,
                                        120: -0.0113,
                                        121: 0.011,
                                        122: 0.0297,
                                        123: 0.0411,
                                        124: 0.0446,
                                        125: 0.0419,
                                        126: 0.0346,
                                        127: 0.0242,
                                        128: 0.0124,
                                        129: 0.0004,
                                        130: -0.0109,
                                        131: -0.0207,
                                        132: -0.0285,
                                        133: -0.0341,
                                        134: -0.0376,
                                        135: -0.0391,
                                        136: -0.0389,
                                        137: -0.0374,
                                        138: -0.035,
                                        139: -0.032,
                                        140: -0.0288,
                                        141: -0.0257,
                                        142: -0.0229,
                                        143: -0.0205,
                                        144: -0.0187,
                                        145: -0.0176,
                                        146: -0.0171,
                                        147: -0.0171,
                                        148: -0.0177,
                                        149: -0.0187,
                                        150: -0.02,
                                    }

                                    over "LockR_A_3_ctl"
                                    {
                                        double avars:rz.timeSamples = {
                                            1: -0.0186,
                                            2: -0.017,
                                            3: -0.015,
                                            4: -0.0123,
                                            5: -0.0088,
                                            6: -0.0045,
                                            7: -0.001,
                                            8: -0.0031,
                                            9: -0.0127,
                                            10: -0.0251,
                                            11: -0.0331,
                                            12: -0.0307,
                                            13: -0.0133,
                                            14: 0.0222,
                                            15: 0.0775,
                                            16: 0.153,
                                            17: 0.2478,
                                            18: 0.3597,
                                            19: 0.4859,
                                            20: 0.6228,
                                            21: 0.7663,
                                            22: 0.9123,
                                            23: 1.0557,
                                            24: 1.1876,
                                            25: 1.2954,
                                            26: 1.3698,
                                            27: 1.4128,
                                            28: 1.4323,
                                            29: 1.4339,
                                            30: 1.4213,
                                            31: 1.3981,
                                            32: 1.3676,
                                            33: 1.3358,
                                            34: 1.3125,
                                            35: 1.3024,
                                            36: 1.3001,
                                            37: 1.2956,
                                            38: 1.2797,
                                            39: 1.2451,
                                            40: 1.1863,
                                            41: 1.0998,
                                            42: 0.9838,
                                            43: 0.8383,
                                            44: 0.6652,
                                            45: 0.4678,
                                            46: 0.2505,
                                            47: 0.0185,
                                            48: -0.2224,
                                            49: -0.4662,
                                            50: -0.707,
                                            51: -0.9367,
                                            52: -1.1412,
                                            53: -1.3037,
                                            54: -1.4157,
                                            55: -1.4819,
                                            56: -1.5124,
                                            57: -1.5155,
                                            58: -1.4975,
                                            59: -1.4642,
                                            60: -1.4212,
                                            61: -1.3757,
                                            62: -1.3375,
                                            63: -1.312,
                                            64: -1.2953,
                                            65: -1.2799,
                                            66: -1.2586,
                                            67: -1.2259,
                                            68: -1.1776,
                                            69: -1.1111,
                                            70: -1.0251,
                                            71: -0.9199,
                                            72: -0.7972,
                                            73: -0.6601,
                                            74: -0.5123,
                                            75: -0.3628,
                                            76: -0.2293,
                                            77: -0.1279,
                                            78: -0.0609,
                                            79: -0.0206,
                                            80: 0.0021,
                                            81: 0.0145,
                                            82: 0.0217,
                                            83: 0.0278,
                                            84: 0.0359,
                                            85: 0.0464,
                                            86: 0.0549,
                                            87: 0.0566,
                                            88: 0.0504,
                                            89: 0.0375,
                                            90: 0.0193,
                                            91: 0.0003,
                                            92: -0.0107,
                                            93: -0.0085,
                                            94: 0.0035,
                                            95: 0.0188,
                                            96: 0.0319,
                                            97: 0.0389,
                                            98: 0.0371,
                                            99: 0.0251,
                                            100: 0.0025,
                                            101: -0.0302,
                                            102: -0.0719,
                                            103: -0.1183,
                                            104: -0.1598,
                                            105: -0.1877,
                                            106: -0.2001,
                                            107: -0.1988,
                                            108: -0.1864,
                                            109: -0.1672,
                                            110: -0.1474,
                                            111: -0.1317,
                                            112: -0.12,
                                            113: -0.1106,
                                            114: -0.1017,
                                            115: -0.0921,
                                            116: -0.0808,
                                            117: -0.0672,
                                            118: -0.051,
                                            119: -0.0321,
                                            120: -0.0107,
                                            121: 0.0116,
                                            122: 0.0303,
                                            123: 0.0415,
                                            124: 0.045,
                                            125: 0.0421,
                                            126: 0.0347,
                                            127: 0.0243,
                                            128: 0.0124,
                                            129: 0.0003,
                                            130: -0.011,
                                            131: -0.0208,
                                            132: -0.0286,
                                            133: -0.0342,
                                            134: -0.0377,
                                            135: -0.0392,
                                            136: -0.039,
                                            137: -0.0375,
                                            138: -0.035,
                                            139: -0.032,
                                            140: -0.0288,
                                            141: -0.0257,
                                            142: -0.0228,
                                            143: -0.0205,
                                            144: -0.0187,
                                            145: -0.0176,
                                            146: -0.017,
                                            147: -0.0171,
                                            148: -0.0177,
                                            149: -0.0187,
                                            150: -0.02,
                                        }

                                        over "LockR_A_4_ctl"
                                        {
                                            double avars:rz.timeSamples = {
                                                1: -0.0186,
                                                2: -0.0171,
                                                3: -0.0154,
                                                4: -0.0134,
                                                5: -0.0109,
                                                6: -0.0079,
                                                7: -0.006,
                                                8: -0.01,
                                                9: -0.022,
                                                10: -0.0375,
                                                11: -0.0502,
                                                12: -0.0545,
                                                13: -0.0466,
                                                14: -0.0239,
                                                15: 0.0147,
                                                16: 0.0696,
                                                17: 0.1396,
                                                18: 0.2231,
                                                19: 0.3176,
                                                20: 0.4203,
                                                21: 0.5281,
                                                22: 0.6377,
                                                23: 0.7452,
                                                24: 0.8429,
                                                25: 0.9191,
                                                26: 0.9658,
                                                27: 0.9859,
                                                28: 0.9879,
                                                29: 0.9776,
                                                30: 0.9588,
                                                31: 0.9345,
                                                32: 0.9075,
                                                33: 0.8828,
                                                34: 0.8693,
                                                35: 0.871,
                                                36: 0.8823,
                                                37: 0.8933,
                                                38: 0.8955,
                                                39: 0.8822,
                                                40: 0.8491,
                                                41: 0.7933,
                                                42: 0.7134,
                                                43: 0.61,
                                                44: 0.4846,
                                                45: 0.3403,
                                                46: 0.1805,
                                                47: 0.0096,
                                                48: -0.168,
                                                49: -0.3476,
                                                50: -0.5249,
                                                51: -0.6935,
                                                52: -0.8408,
                                                53: -0.9515,
                                                54: -1.0189,
                                                55: -1.0486,
                                                56: -1.0516,
                                                57: -1.0362,
                                                58: -1.0085,
                                                59: -0.9734,
                                                60: -0.9353,
                                                61: -0.8998,
                                                62: -0.8753,
                                                63: -0.8656,
                                                64: -0.8661,
                                                65: -0.8687,
                                                66: -0.8664,
                                                67: -0.8538,
                                                68: -0.8271,
                                                69: -0.7841,
                                                70: -0.724,
                                                71: -0.6471,
                                                72: -0.5552,
                                                73: -0.4508,
                                                74: -0.3372,
                                                75: -0.2225,
                                                76: -0.1235,
                                                77: -0.055,
                                                78: -0.018,
                                                79: -0.0037,
                                                80: -0.0023,
                                                81: -0.0061,
                                                82: -0.01,
                                                83: -0.0102,
                                                84: -0.0042,
                                                85: 0.0075,
                                                86: 0.02,
                                                87: 0.0274,
                                                88: 0.0277,
                                                89: 0.0216,
                                                90: 0.01,
                                                91: -0.0032,
                                                92: -0.0095,
                                                93: -0.0036,
                                                94: 0.011,
                                                95: 0.0276,
                                                96: 0.0412,
                                                97: 0.0479,
                                                98: 0.0451,
                                                99: 0.0318,
                                                100: 0.0076,
                                                101: -0.0267,
                                                102: -0.0698,
                                                103: -0.1175,
                                                104: -0.1602,
                                                105: -0.1889,
                                                106: -0.2018,
                                                107: -0.2009,
                                                108: -0.1886,
                                                109: -0.1692,
                                                110: -0.1492,
                                                111: -0.1332,
                                                112: -0.1212,
                                                113: -0.1114,
                                                114: -0.1021,
                                                115: -0.0922,
                                                116: -0.0807,
                                                117: -0.067,
                                                118: -0.0506,
                                                119: -0.0317,
                                                120: -0.0102,
                                                121: 0.012,
                                                122: 0.0307,
                                                123: 0.0419,
                                                124: 0.0452,
                                                125: 0.0423,
                                                126: 0.0348,
                                                127: 0.0243,
                                                128: 0.0124,
                                                129: 0.0002,
                                                130: -0.0111,
                                                131: -0.0209,
                                                132: -0.0287,
                                                133: -0.0343,
                                                134: -0.0378,
                                                135: -0.0393,
                                                136: -0.0391,
                                                137: -0.0375,
                                                138: -0.0351,
                                                139: -0.032,
                                                140: -0.0288,
                                                141: -0.0256,
                                                142: -0.0228,
                                                143: -0.0205,
                                                144: -0.0187,
                                                145: -0.0175,
                                                146: -0.017,
                                                147: -0.0171,
                                                148: -0.0177,
                                                149: -0.0187,
                                                150: -0.02,
                                            }

                                            over "LockR_A_5_ctl"
                                            {
                                                double avars:rz.timeSamples = {
                                                    1: -0.0186,
                                                    2: -0.0172,
                                                    3: -0.0157,
                                                    4: -0.014,
                                                    5: -0.012,
                                                    6: -0.0096,
                                                    7: -0.0085,
                                                    8: -0.0135,
                                                    9: -0.0266,
                                                    10: -0.0438,
                                                    11: -0.0588,
                                                    12: -0.0664,
                                                    13: -0.0632,
                                                    14: -0.047,
                                                    15: -0.0166,
                                                    16: 0.0278,
                                                    17: 0.0855,
                                                    18: 0.1547,
                                                    19: 0.2334,
                                                    20: 0.3191,
                                                    21: 0.409,
                                                    22: 0.5004,
                                                    23: 0.59,
                                                    24: 0.6705,
                                                    25: 0.7309,
                                                    26: 0.7638,
                                                    27: 0.7725,
                                                    28: 0.7657,
                                                    29: 0.7495,
                                                    30: 0.7275,
                                                    31: 0.7027,
                                                    32: 0.6774,
                                                    33: 0.6563,
                                                    34: 0.6477,
                                                    35: 0.6553,
                                                    36: 0.6733,
                                                    37: 0.6922,
                                                    38: 0.7033,
                                                    39: 0.7008,
                                                    40: 0.6806,
                                                    41: 0.64,
                                                    42: 0.5783,
                                                    43: 0.4958,
                                                    44: 0.3943,
                                                    45: 0.2765,
                                                    46: 0.1455,
                                                    47: 0.0051,
                                                    48: -0.1408,
                                                    49: -0.2884,
                                                    50: -0.4339,
                                                    51: -0.5719,
                                                    52: -0.6905,
                                                    53: -0.7754,
                                                    54: -0.8205,
                                                    55: -0.832,
                                                    56: -0.8212,
                                                    57: -0.7966,
                                                    58: -0.764,
                                                    59: -0.728,
                                                    60: -0.6923,
                                                    61: -0.6619,
                                                    62: -0.6441,
                                                    63: -0.6423,
                                                    64: -0.6514,
                                                    65: -0.6631,
                                                    66: -0.6703,
                                                    67: -0.6677,
                                                    68: -0.6518,
                                                    69: -0.6206,
                                                    70: -0.5734,
                                                    71: -0.5107,
                                                    72: -0.4341,
                                                    73: -0.3461,
                                                    74: -0.2496,
                                                    75: -0.1523,
                                                    76: -0.0705,
                                                    77: -0.0185,
                                                    78: 0.0034,
                                                    79: 0.0047,
                                                    80: -0.0045,
                                                    81: -0.0165,
                                                    82: -0.0259,
                                                    83: -0.0292,
                                                    84: -0.0243,
                                                    85: -0.0119,
                                                    86: 0.0026,
                                                    87: 0.0127,
                                                    88: 0.0164,
                                                    89: 0.0137,
                                                    90: 0.0053,
                                                    91: -0.005,
                                                    92: -0.0088,
                                                    93: -0.0011,
                                                    94: 0.0147,
                                                    95: 0.032,
                                                    96: 0.0458,
                                                    97: 0.0523,
                                                    98: 0.0491,
                                                    99: 0.0351,
                                                    100: 0.0102,
                                                    101: -0.0249,
                                                    102: -0.0688,
                                                    103: -0.1171,
                                                    104: -0.1603,
                                                    105: -0.1895,
                                                    106: -0.2027,
                                                    107: -0.2019,
                                                    108: -0.1896,
                                                    109: -0.1702,
                                                    110: -0.1502,
                                                    111: -0.134,
                                                    112: -0.1218,
                                                    113: -0.1118,
                                                    114: -0.1024,
                                                    115: -0.0923,
                                                    116: -0.0807,
                                                    117: -0.0668,
                                                    118: -0.0504,
                                                    119: -0.0314,
                                                    120: -0.01,
                                                    121: 0.0123,
                                                    122: 0.0309,
                                                    123: 0.042,
                                                    124: 0.0454,
                                                    125: 0.0424,
                                                    126: 0.0348,
                                                    127: 0.0243,
                                                    128: 0.0123,
                                                    129: 0.0002,
                                                    130: -0.0112,
                                                    131: -0.021,
                                                    132: -0.0288,
                                                    133: -0.0344,
                                                    134: -0.0379,
                                                    135: -0.0393,
                                                    136: -0.0391,
                                                    137: -0.0376,
                                                    138: -0.0351,
                                                    139: -0.032,
                                                    140: -0.0288,
                                                    141: -0.0256,
                                                    142: -0.0228,
                                                    143: -0.0204,
                                                    144: -0.0187,
                                                    145: -0.0175,
                                                    146: -0.017,
                                                    147: -0.0171,
                                                    148: -0.0177,
                                                    149: -0.0187,
                                                    150: -0.02,
                                                }
                                            }
                                        }
                                    }
                                }
                            }
                        }

                        over "LockR_B_0_ctl"
                        {
                            double avars:rz.timeSamples = {
                                1: -0.0551,
                                2: -0.0131,
                                3: 0.0257,
                                4: 0.0597,
                                5: 0.088,
                                6: 0.1106,
                                7: 0.1207,
                                8: 0.1014,
                                9: 0.1032,
                                10: 0.1826,
                                11: 0.333,
                                12: 0.5633,
                                13: 0.8719,
                                14: 1.2308,
                                15: 1.6124,
                                16: 1.9911,
                                17: 2.3447,
                                18: 2.655,
                                19: 2.908,
                                20: 3.0941,
                                21: 3.207,
                                22: 3.244,
                                23: 3.2016,
                                24: 3.0637,
                                25: 2.7992,
                                26: 2.3902,
                                27: 1.9005,
                                28: 1.4224,
                                29: 0.9927,
                                30: 0.6452,
                                31: 0.4026,
                                32: 0.2672,
                                33: 0.2505,
                                34: 0.3733,
                                35: 0.5241,
                                36: 0.5761,
                                37: 0.5246,
                                38: 0.3353,
                                39: -0.0082,
                                40: -0.4692,
                                41: -1.0074,
                                42: -1.583,
                                43: -2.1585,
                                44: -2.7014,
                                45: -3.1846,
                                46: -3.5871,
                                47: -3.8941,
                                48: -4.0963,
                                49: -4.1889,
                                50: -4.171,
                                51: -4.0357,
                                52: -3.7539,
                                53: -3.2854,
                                54: -2.6199,
                                55: -1.8684,
                                56: -1.1666,
                                57: -0.5538,
                                58: -0.075,
                                59: 0.2306,
                                60: 0.3622,
                                61: 0.3241,
                                62: 0.1152,
                                63: -0.1581,
                                64: -0.3771,
                                65: -0.5228,
                                66: -0.5563,
                                67: -0.4563,
                                68: -0.2477,
                                69: 0.0392,
                                70: 0.3715,
                                71: 0.7163,
                                72: 1.0434,
                                73: 1.3262,
                                74: 1.5425,
                                75: 1.6592,
                                76: 1.616,
                                77: 1.3646,
                                78: 0.9123,
                                79: 0.3772,
                                80: -0.117,
                                81: -0.5387,
                                82: -0.8473,
                                83: -1.0138,
                                84: -1.0468,
                                85: -0.9648,
                                86: -0.8059,
                                87: -0.6167,
                                88: -0.4269,
                                89: -0.2547,
                                90: -0.1126,
                                91: 0.0023,
                                92: 0.1144,
                                93: 0.2391,
                                94: 0.3623,
                                95: 0.462,
                                96: 0.5223,
                                97: 0.534,
                                98: 0.4934,
                                99: 0.4015,
                                100: 0.2628,
                                101: 0.0846,
                                102: -0.1247,
                                103: -0.3463,
                                104: -0.5424,
                                105: -0.6789,
                                106: -0.7485,
                                107: -0.7589,
                                108: -0.7205,
                                109: -0.6506,
                                110: -0.5745,
                                111: -0.5108,
                                112: -0.4606,
                                113: -0.4183,
                                114: -0.3788,
                                115: -0.3378,
                                116: -0.2921,
                                117: -0.2397,
                                118: -0.1792,
                                119: -0.1104,
                                120: -0.0335,
                                121: 0.0455,
                                122: 0.1104,
                                123: 0.147,
                                124: 0.1542,
                                125: 0.1381,
                                126: 0.1051,
                                127: 0.0616,
                                128: 0.0133,
                                129: -0.035,
                                130: -0.0795,
                                131: -0.1174,
                                132: -0.1473,
                                133: -0.1683,
                                134: -0.1807,
                                135: -0.1851,
                                136: -0.1828,
                                137: -0.1751,
                                138: -0.1635,
                                139: -0.1495,
                                140: -0.1345,
                                141: -0.1195,
                                142: -0.1054,
                                143: -0.0929,
                                144: -0.0823,
                                145: -0.0738,
                                146: -0.0673,
                                147: -0.0627,
                                148: -0.0598,
                                149: -0.0582,
                                150: -0.0575,
                            }

                            over "LockR_B_1_ctl"
                            {
                                double avars:rz.timeSamples = {
                                    1: -0.0361,
                                    2: -0.0347,
                                    3: -0.0324,
                                    4: -0.029,
                                    5: -0.0241,
                                    6: -0.0175,
                                    7: -0.0117,
                                    8: -0.0125,
                                    9: -0.022,
                                    10: -0.034,
                                    11: -0.0387,
                                    12: -0.0277,
                                    13: 0.0056,
                                    14: 0.0658,
                                    15: 0.1557,
                                    16: 0.2758,
                                    17: 0.4251,
                                    18: 0.6005,
                                    19: 0.7979,
                                    20: 1.0118,
                                    21: 1.2361,
                                    22: 1.4643,
                                    23: 1.6886,
                                    24: 1.8968,
                                    25: 2.0713,
                                    26: 2.1995,
                                    27: 2.2824,
                                    28: 2.3293,
                                    29: 2.3469,
                                    30: 2.3398,
                                    31: 2.3129,
                                    32: 2.2714,
                                    33: 2.2237,
                                    34: 2.1832,
                                    35: 2.157,
                                    36: 2.1383,
                                    37: 2.1144,
                                    38: 2.0731,
                                    39: 2.0043,
                                    40: 1.9001,
                                    41: 1.7549,
                                    42: 1.566,
                                    43: 1.3331,
                                    44: 1.0585,
                                    45: 0.7469,
                                    46: 0.4047,
                                    47: 0.0398,
                                    48: -0.3391,
                                    49: -0.7226,
                                    50: -1.1015,
                                    51: -1.4636,
                                    52: -1.7894,
                                    53: -2.0558,
                                    54: -2.2504,
                                    55: -2.3773,
                                    56: -2.4485,
                                    57: -2.4742,
                                    58: -2.4627,
                                    59: -2.4223,
                                    60: -2.3614,
                                    61: -2.2909,
                                    62: -2.2252,
                                    63: -2.1726,
                                    64: -2.1295,
                                    65: -2.0868,
                                    66: -2.0359,
                                    67: -1.9694,
                                    68: -1.8816,
                                    69: -1.7686,
                                    70: -1.6284,
                                    71: -1.4613,
                                    72: -1.2696,
                                    73: -1.0572,
                                    74: -0.8298,
                                    75: -0.5996,
                                    76: -0.39,
                                    77: -0.2226,
                                    78: -0.1019,
                                    79: -0.0196,
                                    80: 0.0347,
                                    81: 0.0696,
                                    82: 0.0915,
                                    83: 0.106,
                                    84: 0.1176,
                                    85: 0.1277,
                                    86: 0.1322,
                                    87: 0.1258,
                                    88: 0.1083,
                                    89: 0.082,
                                    90: 0.0494,
                                    91: 0.0167,
                                    92: -0.0049,
                                    93: -0.0085,
                                    94: 0.0014,
                                    95: 0.0168,
                                    96: 0.0306,
                                    97: 0.0377,
                                    98: 0.0345,
                                    99: 0.019,
                                    100: -0.0095,
                                    101: -0.0506,
                                    102: -0.103,
                                    103: -0.1614,
                                    104: -0.2141,
                                    105: -0.2501,
                                    106: -0.267,
                                    107: -0.2671,
                                    108: -0.2535,
                                    109: -0.2315,
                                    110: -0.209,
                                    111: -0.1916,
                                    112: -0.1793,
                                    113: -0.1696,
                                    114: -0.1606,
                                    115: -0.1505,
                                    116: -0.1382,
                                    117: -0.1228,
                                    118: -0.104,
                                    119: -0.0816,
                                    120: -0.0559,
                                    121: -0.0289,
                                    122: -0.0062,
                                    123: 0.0073,
                                    124: 0.0111,
                                    125: 0.0073,
                                    126: -0.0021,
                                    127: -0.0152,
                                    128: -0.03,
                                    129: -0.0449,
                                    130: -0.0587,
                                    131: -0.0704,
                                    132: -0.0796,
                                    133: -0.0859,
                                    134: -0.0894,
                                    135: -0.0902,
                                    136: -0.0889,
                                    137: -0.0857,
                                    138: -0.0813,
                                    139: -0.076,
                                    140: -0.0703,
                                    141: -0.0646,
                                    142: -0.0592,
                                    143: -0.0543,
                                    144: -0.05,
                                    145: -0.0463,
                                    146: -0.0434,
                                    147: -0.0411,
                                    148: -0.0394,
                                    149: -0.0381,
                                    150: -0.0372,
                                }

                                over "LockR_B_2_ctl"
                                {
                                    double avars:rz.timeSamples = {
                                        1: -0.0361,
                                        2: -0.0348,
                                        3: -0.0328,
                                        4: -0.0298,
                                        5: -0.0256,
                                        6: -0.0201,
                                        7: -0.0155,
                                        8: -0.0177,
                                        9: -0.029,
                                        10: -0.0433,
                                        11: -0.0515,
                                        12: -0.0455,
                                        13: -0.0193,
                                        14: 0.0313,
                                        15: 0.1086,
                                        16: 0.2132,
                                        17: 0.3439,
                                        18: 0.498,
                                        19: 0.6717,
                                        20: 0.8599,
                                        21: 1.0574,
                                        22: 1.2583,
                                        23: 1.4558,
                                        24: 1.6382,
                                        25: 1.7891,
                                        26: 1.8965,
                                        27: 1.9623,
                                        28: 1.996,
                                        29: 2.0047,
                                        30: 1.9929,
                                        31: 1.9652,
                                        32: 1.9263,
                                        33: 1.8839,
                                        34: 1.8508,
                                        35: 1.8334,
                                        36: 1.8249,
                                        37: 1.8127,
                                        38: 1.7849,
                                        39: 1.7322,
                                        40: 1.6472,
                                        41: 1.5251,
                                        42: 1.3633,
                                        43: 1.1618,
                                        44: 0.923,
                                        45: 0.6512,
                                        46: 0.3522,
                                        47: 0.0331,
                                        48: -0.2983,
                                        49: -0.6337,
                                        50: -0.965,
                                        51: -1.2812,
                                        52: -1.5641,
                                        53: -1.7917,
                                        54: -1.9527,
                                        55: -2.0523,
                                        56: -2.1029,
                                        57: -2.1148,
                                        58: -2.0959,
                                        59: -2.0542,
                                        60: -1.9969,
                                        61: -1.934,
                                        62: -1.8785,
                                        63: -1.8378,
                                        64: -1.8075,
                                        65: -1.7785,
                                        66: -1.7417,
                                        67: -1.6903,
                                        68: -1.6187,
                                        69: -1.5233,
                                        70: -1.4026,
                                        71: -1.2567,
                                        72: -1.088,
                                        73: -0.9002,
                                        74: -0.6985,
                                        75: -0.4943,
                                        76: -0.3106,
                                        77: -0.1679,
                                        78: -0.0697,
                                        79: -0.0069,
                                        80: 0.0314,
                                        81: 0.0541,
                                        82: 0.0677,
                                        83: 0.0775,
                                        84: 0.0875,
                                        85: 0.0986,
                                        86: 0.106,
                                        87: 0.1039,
                                        88: 0.0913,
                                        89: 0.0701,
                                        90: 0.0425,
                                        91: 0.014,
                                        92: -0.0039,
                                        93: -0.0048,
                                        94: 0.007,
                                        95: 0.0234,
                                        96: 0.0375,
                                        97: 0.0444,
                                        98: 0.0405,
                                        99: 0.024,
                                        100: -0.0056,
                                        101: -0.0479,
                                        102: -0.1014,
                                        103: -0.1609,
                                        104: -0.2144,
                                        105: -0.251,
                                        106: -0.2683,
                                        107: -0.2686,
                                        108: -0.2551,
                                        109: -0.233,
                                        110: -0.2104,
                                        111: -0.1928,
                                        112: -0.1802,
                                        113: -0.1702,
                                        114: -0.1609,
                                        115: -0.1506,
                                        116: -0.1381,
                                        117: -0.1226,
                                        118: -0.1037,
                                        119: -0.0812,
                                        120: -0.0555,
                                        121: -0.0285,
                                        122: -0.0059,
                                        123: 0.0075,
                                        124: 0.0113,
                                        125: 0.0075,
                                        126: -0.0021,
                                        127: -0.0152,
                                        128: -0.03,
                                        129: -0.0449,
                                        130: -0.0587,
                                        131: -0.0705,
                                        132: -0.0796,
                                        133: -0.086,
                                        134: -0.0894,
                                        135: -0.0903,
                                        136: -0.0889,
                                        137: -0.0858,
                                        138: -0.0813,
                                        139: -0.076,
                                        140: -0.0703,
                                        141: -0.0646,
                                        142: -0.0592,
                                        143: -0.0542,
                                        144: -0.0499,
                                        145: -0.0463,
                                        146: -0.0434,
                                        147: -0.0411,
                                        148: -0.0394,
                                        149: -0.0381,
                                        150: -0.0372,
                                    }

                                    over "LockR_B_3_ctl"
                                    {
                                        double avars:rz.timeSamples = {
                                            1: -0.0361,
                                            2: -0.0349,
                                            3: -0.0334,
                                            4: -0.0312,
                                            5: -0.0282,
                                            6: -0.0243,
                                            7: -0.0218,
                                            8: -0.0264,
                                            9: -0.0406,
                                            10: -0.0589,
                                            11: -0.0729,
                                            12: -0.0753,
                                            13: -0.0609,
                                            14: -0.0264,
                                            15: 0.0301,
                                            16: 0.1088,
                                            17: 0.2086,
                                            18: 0.3272,
                                            19: 0.4613,
                                            20: 0.6068,
                                            21: 0.7596,
                                            22: 0.9151,
                                            23: 1.0677,
                                            24: 1.2073,
                                            25: 1.3188,
                                            26: 1.3915,
                                            27: 1.4287,
                                            28: 1.4405,
                                            29: 1.4344,
                                            30: 1.4147,
                                            31: 1.3857,
                                            32: 1.3511,
                                            33: 1.3177,
                                            34: 1.2968,
                                            35: 1.2942,
                                            36: 1.3026,
                                            37: 1.3098,
                                            38: 1.3046,
                                            39: 1.2786,
                                            40: 1.2257,
                                            41: 1.1419,
                                            42: 1.0253,
                                            43: 0.8764,
                                            44: 0.6973,
                                            45: 0.4917,
                                            46: 0.2647,
                                            47: 0.0219,
                                            48: -0.2303,
                                            49: -0.4855,
                                            50: -0.7374,
                                            51: -0.9773,
                                            52: -1.1886,
                                            53: -1.3515,
                                            54: -1.4567,
                                            55: -1.5107,
                                            56: -1.5269,
                                            57: -1.5157,
                                            58: -1.4847,
                                            59: -1.4407,
                                            60: -1.3895,
                                            61: -1.3391,
                                            62: -1.3006,
                                            63: -1.2797,
                                            64: -1.2709,
                                            65: -1.2645,
                                            66: -1.2515,
                                            67: -1.2251,
                                            68: -1.1805,
                                            69: -1.1146,
                                            70: -1.0262,
                                            71: -0.9157,
                                            72: -0.7854,
                                            73: -0.6385,
                                            74: -0.4796,
                                            75: -0.319,
                                            76: -0.1783,
                                            77: -0.0767,
                                            78: -0.016,
                                            79: 0.0142,
                                            80: 0.0259,
                                            81: 0.0283,
                                            82: 0.028,
                                            83: 0.0299,
                                            84: 0.0373,
                                            85: 0.0501,
                                            86: 0.0624,
                                            87: 0.0673,
                                            88: 0.063,
                                            89: 0.0503,
                                            90: 0.0308,
                                            91: 0.0096,
                                            92: -0.0024,
                                            93: 0.0013,
                                            94: 0.0163,
                                            95: 0.0344,
                                            96: 0.0491,
                                            97: 0.0556,
                                            98: 0.0505,
                                            99: 0.0324,
                                            100: 0.0008,
                                            101: -0.0435,
                                            102: -0.0988,
                                            103: -0.1599,
                                            104: -0.2148,
                                            105: -0.2525,
                                            106: -0.2704,
                                            107: -0.2711,
                                            108: -0.2578,
                                            109: -0.2356,
                                            110: -0.2127,
                                            111: -0.1947,
                                            112: -0.1816,
                                            113: -0.1712,
                                            114: -0.1615,
                                            115: -0.1508,
                                            116: -0.138,
                                            117: -0.1223,
                                            118: -0.1032,
                                            119: -0.0806,
                                            120: -0.0549,
                                            121: -0.028,
                                            122: -0.0054,
                                            123: 0.008,
                                            124: 0.0117,
                                            125: 0.0077,
                                            126: -0.0019,
                                            127: -0.0151,
                                            128: -0.03,
                                            129: -0.045,
                                            130: -0.0588,
                                            131: -0.0706,
                                            132: -0.0798,
                                            133: -0.0861,
                                            134: -0.0896,
                                            135: -0.0904,
                                            136: -0.089,
                                            137: -0.0858,
                                            138: -0.0813,
                                            139: -0.076,
                                            140: -0.0703,
                                            141: -0.0646,
                                            142: -0.0591,
                                            143: -0.0542,
                                            144: -0.0499,
                                            145: -0.0463,
                                            146: -0.0433,
                                            147: -0.0411,
                                            148: -0.0393,
                                            149: -0.0381,
                                            150: -0.0372,
                                        }

                                        over "LockR_B_4_ctl"
                                        {
                                            double avars:rz.timeSamples = {
                                                1: -0.0361,
                                                2: -0.035,
                                                3: -0.0339,
                                                4: -0.0323,
                                                5: -0.0303,
                                                6: -0.0277,
                                                7: -0.0268,
                                                8: -0.0333,
                                                9: -0.0499,
                                                10: -0.0714,
                                                11: -0.09,
                                                12: -0.0991,
                                                13: -0.0942,
                                                14: -0.0725,
                                                15: -0.0327,
                                                16: 0.0253,
                                                17: 0.1004,
                                                18: 0.1905,
                                                19: 0.2929,
                                                20: 0.4044,
                                                21: 0.5214,
                                                22: 0.6405,
                                                23: 0.7572,
                                                24: 0.8626,
                                                25: 0.9425,
                                                26: 0.9876,
                                                27: 1.0018,
                                                28: 0.9961,
                                                29: 0.9781,
                                                30: 0.9522,
                                                31: 0.9221,
                                                32: 0.8909,
                                                33: 0.8647,
                                                34: 0.8537,
                                                35: 0.8628,
                                                36: 0.8847,
                                                37: 0.9075,
                                                38: 0.9204,
                                                39: 0.9158,
                                                40: 0.8886,
                                                41: 0.8354,
                                                42: 0.755,
                                                43: 0.6481,
                                                44: 0.5167,
                                                45: 0.3641,
                                                46: 0.1946,
                                                47: 0.013,
                                                48: -0.1759,
                                                49: -0.3669,
                                                50: -0.5554,
                                                51: -0.7341,
                                                52: -0.8881,
                                                53: -0.9993,
                                                54: -1.0598,
                                                55: -1.0774,
                                                56: -1.0661,
                                                57: -1.0365,
                                                58: -0.9957,
                                                59: -0.9499,
                                                60: -0.9035,
                                                61: -0.8632,
                                                62: -0.8384,
                                                63: -0.8332,
                                                64: -0.8417,
                                                65: -0.8533,
                                                66: -0.8592,
                                                67: -0.8529,
                                                68: -0.8299,
                                                69: -0.7876,
                                                70: -0.725,
                                                71: -0.6429,
                                                72: -0.5433,
                                                73: -0.4292,
                                                74: -0.3044,
                                                75: -0.1787,
                                                76: -0.0725,
                                                77: -0.0038,
                                                78: 0.0269,
                                                79: 0.031,
                                                80: 0.0214,
                                                81: 0.0077,
                                                82: -0.0037,
                                                83: -0.0081,
                                                84: -0.0029,
                                                85: 0.0112,
                                                86: 0.0274,
                                                87: 0.038,
                                                88: 0.0403,
                                                89: 0.0345,
                                                90: 0.0215,
                                                91: 0.0061,
                                                92: -0.0011,
                                                93: 0.0062,
                                                94: 0.0237,
                                                95: 0.0432,
                                                96: 0.0584,
                                                97: 0.0645,
                                                98: 0.0585,
                                                99: 0.039,
                                                100: 0.0059,
                                                101: -0.0399,
                                                102: -0.0967,
                                                103: -0.1592,
                                                104: -0.2152,
                                                105: -0.2536,
                                                106: -0.2722,
                                                107: -0.2732,
                                                108: -0.2599,
                                                109: -0.2376,
                                                110: -0.2145,
                                                111: -0.1962,
                                                112: -0.1828,
                                                113: -0.172,
                                                114: -0.162,
                                                115: -0.151,
                                                116: -0.1379,
                                                117: -0.122,
                                                118: -0.1027,
                                                119: -0.0802,
                                                120: -0.0544,
                                                121: -0.0275,
                                                122: -0.005,
                                                123: 0.0083,
                                                124: 0.0119,
                                                125: 0.0079,
                                                126: -0.0018,
                                                127: -0.0151,
                                                128: -0.03,
                                                129: -0.0451,
                                                130: -0.0589,
                                                131: -0.0707,
                                                132: -0.0799,
                                                133: -0.0862,
                                                134: -0.0896,
                                                135: -0.0905,
                                                136: -0.0891,
                                                137: -0.0858,
                                                138: -0.0813,
                                                139: -0.076,
                                                140: -0.0703,
                                                141: -0.0646,
                                                142: -0.0591,
                                                143: -0.0542,
                                                144: -0.0499,
                                                145: -0.0463,
                                                146: -0.0433,
                                                147: -0.041,
                                                148: -0.0393,
                                                149: -0.0381,
                                                150: -0.0372,
                                            }
                                        }
                                    }
                                }
                            }
                        }

                        over "LooseL_0_ctl"
                        {
                            double avars:rz.timeSamples = {
                                1: -0.097,
                                2: -0.053,
                                3: -0.0165,
                                4: 0.0107,
                                5: 0.0284,
                                6: 0.0376,
                                7: 0.0313,
                                8: -0.0097,
                                9: -0.0366,
                                10: 0.0081,
                                11: 0.1198,
                                12: 0.3072,
                                13: 0.5659,
                                14: 0.8648,
                                15: 1.1738,
                                16: 1.467,
                                17: 1.7241,
                                18: 1.9318,
                                19: 2.0827,
                                20: 2.1755,
                                21: 2.2129,
                                22: 2.2005,
                                23: 2.1415,
                                24: 2.0211,
                                25: 1.8039,
                                26: 1.4707,
                                27: 1.0913,
                                28: 0.7648,
                                29: 0.5274,
                                30: 0.4037,
                                31: 0.4015,
                                32: 0.5046,
                                33: 0.7077,
                                34: 1.0196,
                                35: 1.3194,
                                36: 1.4732,
                                37: 1.4737,
                                38: 1.2937,
                                39: 0.932,
                                40: 0.4451,
                                41: -0.1078,
                                42: -0.671,
                                43: -1.1978,
                                44: -1.6533,
                                45: -2.0155,
                                46: -2.2745,
                                47: -2.4311,
                                48: -2.4936,
                                49: -2.4753,
                                50: -2.3912,
                                51: -2.2452,
                                52: -2.0091,
                                53: -1.6375,
                                54: -1.1201,
                                55: -0.5749,
                                56: -0.1413,
                                57: 0.1483,
                                58: 0.2665,
                                59: 0.1994,
                                60: -0.0247,
                                61: -0.3744,
                                62: -0.8302,
                                63: -1.2714,
                                64: -1.5708,
                                65: -1.7097,
                                66: -1.6608,
                                67: -1.4248,
                                68: -1.0535,
                                69: -0.6049,
                                70: -0.1353,
                                71: 0.3058,
                                72: 0.6796,
                                73: 0.9597,
                                74: 1.1321,
                                75: 1.1932,
                                76: 1.1359,
                                77: 0.9399,
                                78: 0.5935,
                                79: 0.185,
                                80: -0.1853,
                                81: -0.5058,
                                82: -0.7529,
                                83: -0.912,
                                84: -1.0028,
                                85: -1.0334,
                                86: -0.9922,
                                87: -0.8724,
                                88: -0.6905,
                                89: -0.4748,
                                90: -0.252,
                                91: -0.0603,
                                92: 0.043,
                                93: 0.0281,
                                94: -0.0778,
                                95: -0.2254,
                                96: -0.3704,
                                97: -0.4777,
                                98: -0.5237,
                                99: -0.4961,
                                100: -0.3936,
                                101: -0.2233,
                                102: 0.0013,
                                103: 0.2485,
                                104: 0.4568,
                                105: 0.5721,
                                106: 0.5839,
                                107: 0.5086,
                                108: 0.369,
                                109: 0.1988,
                                110: 0.0431,
                                111: -0.0666,
                                112: -0.1288,
                                113: -0.1561,
                                114: -0.1626,
                                115: -0.1619,
                                116: -0.1655,
                                117: -0.1823,
                                118: -0.2176,
                                119: -0.2737,
                                120: -0.3501,
                                121: -0.4362,
                                122: -0.5052,
                                123: -0.5337,
                                124: -0.5195,
                                125: -0.4727,
                                126: -0.4051,
                                127: -0.3283,
                                128: -0.2526,
                                129: -0.186,
                                130: -0.134,
                                131: -0.0993,
                                132: -0.0818,
                                133: -0.0799,
                                134: -0.0903,
                                135: -0.1089,
                                136: -0.1316,
                                137: -0.1547,
                                138: -0.1749,
                                139: -0.1902,
                                140: -0.1993,
                                141: -0.202,
                                142: -0.1987,
                                143: -0.1904,
                                144: -0.1786,
                                145: -0.1647,
                                146: -0.1502,
                                147: -0.1361,
                                148: -0.1235,
                                149: -0.1128,
                                150: -0.1043,
                            }

                            over "LooseL_1_ctl"
                            {
                                double avars:rz.timeSamples = {
                                    1: -0.1237,
                                    2: -0.1185,
                                    3: -0.1136,
                                    4: -0.1081,
                                    5: -0.1014,
                                    6: -0.0931,
                                    7: -0.0887,
                                    8: -0.1024,
                                    9: -0.1396,
                                    10: -0.1852,
                                    11: -0.2166,
                                    12: -0.2152,
                                    13: -0.1686,
                                    14: -0.0704,
                                    15: 0.0802,
                                    16: 0.2793,
                                    17: 0.5189,
                                    18: 0.7887,
                                    19: 1.0766,
                                    20: 1.3706,
                                    21: 1.6593,
                                    22: 1.9326,
                                    23: 2.1799,
                                    24: 2.3807,
                                    25: 2.503,
                                    26: 2.5287,
                                    27: 2.4749,
                                    28: 2.3769,
                                    29: 2.2618,
                                    30: 2.1466,
                                    31: 2.0438,
                                    32: 1.9618,
                                    33: 1.9134,
                                    34: 1.9204,
                                    35: 1.9878,
                                    36: 2.0881,
                                    37: 2.1805,
                                    38: 2.2293,
                                    39: 2.2092,
                                    40: 2.1051,
                                    41: 1.9113,
                                    42: 1.6308,
                                    43: 1.2741,
                                    44: 0.8568,
                                    45: 0.3978,
                                    46: -0.0829,
                                    47: -0.5664,
                                    48: -1.0356,
                                    49: -1.4765,
                                    50: -1.8783,
                                    51: -2.2267,
                                    52: -2.4901,
                                    53: -2.6303,
                                    54: -2.6369,
                                    55: -2.5404,
                                    56: -2.3876,
                                    57: -2.2151,
                                    58: -2.0481,
                                    59: -1.9045,
                                    60: -1.795,
                                    61: -1.7313,
                                    62: -1.7301,
                                    63: -1.792,
                                    64: -1.8897,
                                    65: -1.9853,
                                    66: -2.0464,
                                    67: -2.05,
                                    68: -1.983,
                                    69: -1.8412,
                                    70: -1.6286,
                                    71: -1.3561,
                                    72: -1.0389,
                                    73: -0.6953,
                                    74: -0.3441,
                                    75: -0.0036,
                                    76: 0.3019,
                                    77: 0.5383,
                                    78: 0.6785,
                                    79: 0.7188,
                                    80: 0.6715,
                                    81: 0.5522,
                                    82: 0.3782,
                                    83: 0.1683,
                                    84: -0.0592,
                                    85: -0.2809,
                                    86: -0.4625,
                                    87: -0.575,
                                    88: -0.6115,
                                    89: -0.5804,
                                    90: -0.4963,
                                    91: -0.3876,
                                    92: -0.2998,
                                    93: -0.2629,
                                    94: -0.27,
                                    95: -0.2991,
                                    96: -0.3299,
                                    97: -0.3462,
                                    98: -0.3366,
                                    99: -0.2947,
                                    100: -0.2193,
                                    101: -0.113,
                                    102: 0.0187,
                                    103: 0.1585,
                                    104: 0.2694,
                                    105: 0.3187,
                                    106: 0.3021,
                                    107: 0.2325,
                                    108: 0.1261,
                                    109: 0.0052,
                                    110: -0.1006,
                                    111: -0.1713,
                                    112: -0.2072,
                                    113: -0.2182,
                                    114: -0.2151,
                                    115: -0.2078,
                                    116: -0.2048,
                                    117: -0.2124,
                                    118: -0.2344,
                                    119: -0.272,
                                    120: -0.3246,
                                    121: -0.3847,
                                    122: -0.4339,
                                    123: -0.4561,
                                    124: -0.4496,
                                    125: -0.4207,
                                    126: -0.3771,
                                    127: -0.3265,
                                    128: -0.2757,
                                    129: -0.2303,
                                    130: -0.194,
                                    131: -0.1687,
                                    132: -0.1548,
                                    133: -0.1511,
                                    134: -0.1556,
                                    135: -0.1657,
                                    136: -0.1787,
                                    137: -0.192,
                                    138: -0.2036,
                                    139: -0.212,
                                    140: -0.2162,
                                    141: -0.2162,
                                    142: -0.2121,
                                    143: -0.2046,
                                    144: -0.1946,
                                    145: -0.183,
                                    146: -0.1708,
                                    147: -0.1589,
                                    148: -0.1478,
                                    149: -0.1379,
                                    150: -0.1294,
                                }

                                over "LooseL_2_ctl"
                                {
                                    double avars:rz.timeSamples = {
                                        1: -0.1237,
                                        2: -0.1188,
                                        3: -0.1145,
                                        4: -0.1102,
                                        5: -0.1052,
                                        6: -0.0993,
                                        7: -0.0976,
                                        8: -0.1144,
                                        9: -0.1553,
                                        10: -0.206,
                                        11: -0.245,
                                        12: -0.2546,
                                        13: -0.2237,
                                        14: -0.1469,
                                        15: -0.0238,
                                        16: 0.1417,
                                        17: 0.3421,
                                        18: 0.5679,
                                        19: 0.8085,
                                        20: 1.0534,
                                        21: 1.2929,
                                        22: 1.5188,
                                        23: 1.722,
                                        24: 1.8836,
                                        25: 1.9732,
                                        26: 1.9737,
                                        27: 1.9029,
                                        28: 1.7965,
                                        29: 1.681,
                                        30: 1.5722,
                                        31: 1.4814,
                                        32: 1.4153,
                                        33: 1.3847,
                                        34: 1.4097,
                                        35: 1.4945,
                                        36: 1.6116,
                                        37: 1.7217,
                                        38: 1.7909,
                                        39: 1.7962,
                                        40: 1.7247,
                                        41: 1.5723,
                                        42: 1.3431,
                                        43: 1.0477,
                                        44: 0.7009,
                                        45: 0.3201,
                                        46: -0.0769,
                                        47: -0.4736,
                                        48: -0.8556,
                                        49: -1.2118,
                                        50: -1.5339,
                                        51: -1.8098,
                                        52: -2.0103,
                                        53: -2.0987,
                                        54: -2.0662,
                                        55: -1.9441,
                                        56: -1.7787,
                                        57: -1.6057,
                                        58: -1.4484,
                                        59: -1.3222,
                                        60: -1.235,
                                        61: -1.1956,
                                        62: -1.2181,
                                        63: -1.3014,
                                        64: -1.4176,
                                        65: -1.5296,
                                        66: -1.6063,
                                        67: -1.6267,
                                        68: -1.5796,
                                        69: -1.4624,
                                        70: -1.2802,
                                        71: -1.0441,
                                        72: -0.769,
                                        73: -0.4719,
                                        74: -0.1697,
                                        75: 0.1212,
                                        76: 0.3792,
                                        77: 0.5725,
                                        78: 0.6766,
                                        79: 0.6895,
                                        80: 0.6241,
                                        81: 0.4959,
                                        82: 0.3212,
                                        83: 0.1172,
                                        84: -0.0998,
                                        85: -0.3085,
                                        86: -0.4768,
                                        87: -0.577,
                                        88: -0.6033,
                                        89: -0.5652,
                                        90: -0.4771,
                                        91: -0.3674,
                                        92: -0.281,
                                        93: -0.2474,
                                        94: -0.2589,
                                        95: -0.2927,
                                        96: -0.328,
                                        97: -0.3481,
                                        98: -0.3413,
                                        99: -0.3012,
                                        100: -0.2264,
                                        101: -0.1198,
                                        102: 0.0129,
                                        103: 0.1541,
                                        104: 0.2666,
                                        105: 0.3175,
                                        106: 0.3024,
                                        107: 0.2339,
                                        108: 0.1282,
                                        109: 0.0077,
                                        110: -0.0981,
                                        111: -0.1691,
                                        112: -0.2055,
                                        113: -0.2171,
                                        114: -0.2145,
                                        115: -0.2078,
                                        116: -0.2052,
                                        117: -0.2131,
                                        118: -0.2352,
                                        119: -0.2729,
                                        120: -0.3254,
                                        121: -0.3853,
                                        122: -0.4344,
                                        123: -0.4564,
                                        124: -0.4497,
                                        125: -0.4206,
                                        126: -0.3769,
                                        127: -0.3262,
                                        128: -0.2754,
                                        129: -0.23,
                                        130: -0.1937,
                                        131: -0.1686,
                                        132: -0.1547,
                                        133: -0.1511,
                                        134: -0.1556,
                                        135: -0.1658,
                                        136: -0.1788,
                                        137: -0.1921,
                                        138: -0.2037,
                                        139: -0.2121,
                                        140: -0.2163,
                                        141: -0.2162,
                                        142: -0.2121,
                                        143: -0.2046,
                                        144: -0.1945,
                                        145: -0.183,
                                        146: -0.1708,
                                        147: -0.1589,
                                        148: -0.1478,
                                        149: -0.1379,
                                        150: -0.1294,
                                    }
                                }
                            }
                        }

                        over "Stray_0_ctl"
                        {
                            double avars:rz.timeSamples = {
                                1: -0.0671,
                                2: -0.0184,
                                3: 0.0155,
                                4: 0.0351,
                                5: 0.0439,
                                6: 0.0463,
                                7: 0.0323,
                                8: -0.0273,
                                9: -0.0857,
                                10: -0.0749,
                                11: 0.0082,
                                12: 0.166,
                                13: 0.3802,
                                14: 0.6084,
                                15: 0.8177,
                                16: 0.9886,
                                17: 1.1142,
                                18: 1.1967,
                                19: 1.2438,
                                20: 1.2649,
                                21: 1.2682,
                                22: 1.2591,
                                23: 1.2337,
                                24: 1.157,
                                25: 0.9681,
                                26: 0.6508,
                                27: 0.3128,
                                28: 0.0816,
                                29: -0.0188,
                                30: -0.0015,
                                31: 0.1016,
                                32: 0.245,
                                33: 0.4182,
                                34: 0.6479,
                                35: 0.8334,
                                36: 0.8539,
                                37: 0.721,
                                38: 0.4428,
                                39: 0.0585,
                                40: -0.3501,
                                41: -0.722,
                                42: -1.0229,
                                43: -1.2423,
                                44: -1.3872,
                                45: -1.4744,
                                46: -1.5229,
                                47: -1.5488,
                                48: -1.5628,
                                49: -1.5692,
                                50: -1.5672,
                                51: -1.5348,
                                52: -1.403,
                                53: -1.0964,
                                54: -0.6255,
                                55: -0.1618,
                                56: 0.1286,
                                57: 0.2346,
                                58: 0.1775,
                                59: -0.0046,
                                60: -0.2453,
                                61: -0.5057,
                                62: -0.7885,
                                63: -1.0037,
                                64: -1.0528,
                                65: -0.9505,
                                66: -0.7137,
                                67: -0.3851,
                                68: -0.0397,
                                69: 0.2674,
                                70: 0.5055,
                                71: 0.6661,
                                72: 0.7565,
                                73: 0.7924,
                                74: 0.7914,
                                75: 0.769,
                                76: 0.7182,
                                77: 0.5946,
                                78: 0.364,
                                79: 0.1062,
                                80: -0.0915,
                                81: -0.2412,
                                82: -0.3467,
                                83: -0.4164,
                                84: -0.4814,
                                85: -0.5392,
                                86: -0.5429,
                                87: -0.4592,
                                88: -0.3093,
                                89: -0.1372,
                                90: 0.0238,
                                91: 0.1232,
                                92: 0.0839,
                                93: -0.103,
                                94: -0.3416,
                                95: -0.5251,
                                96: -0.5964,
                                97: -0.5422,
                                98: -0.3807,
                                99: -0.1469,
                                100: 0.1212,
                                101: 0.3912,
                                102: 0.6415,
                                103: 0.8339,
                                104: 0.8921,
                                105: 0.777,
                                106: 0.5421,
                                107: 0.2723,
                                108: 0.0298,
                                109: -0.1353,
                                110: -0.179,
                                111: -0.1041,
                                112: 0.0273,
                                113: 0.1465,
                                114: 0.2115,
                                115: 0.2065,
                                116: 0.1361,
                                117: 0.0173,
                                118: -0.1285,
                                119: -0.2817,
                                120: -0.4277,
                                121: -0.5438,
                                122: -0.589,
                                123: -0.5438,
                                124: -0.4377,
                                125: -0.3158,
                                126: -0.2107,
                                127: -0.1397,
                                128: -0.1066,
                                129: -0.1058,
                                130: -0.1264,
                                131: -0.1566,
                                132: -0.1866,
                                133: -0.2097,
                                134: -0.2231,
                                135: -0.2264,
                                136: -0.2218,
                                137: -0.2118,
                                138: -0.1993,
                                139: -0.1864,
                                140: -0.1744,
                                141: -0.164,
                                142: -0.1549,
                                143: -0.1468,
                                144: -0.139,
                                145: -0.1311,
                                146: -0.1227,
                                147: -0.1136,
                                148: -0.1038,
                                149: -0.0936,
                                150: -0.0831,
                            }

                            over "Stray_1_ctl"
                            {
                                double avars:rz.timeSamples = {
                                    1: -0.0831,
                                    2: -0.0679,
                                    3: -0.0534,
                                    4: -0.0386,
                                    5: -0.0228,
                                    6: -0.0058,
                                    7: 0.0029,
                                    8: -0.0184,
                                    9: -0.0714,
                                    10: -0.1229,
                                    11: -0.1364,
                                    12: -0.0931,
                                    13: 0.0081,
                                    14: 0.1578,
                                    15: 0.3413,
                                    16: 0.5438,
                                    17: 0.7523,
                                    18: 0.9574,
                                    19: 1.1534,
                                    20: 1.3373,
                                    21: 1.5082,
                                    22: 1.6659,
                                    23: 1.806,
                                    24: 1.9043,
                                    25: 1.9202,
                                    26: 1.8423,
                                    27: 1.7189,
                                    28: 1.6126,
                                    29: 1.5502,
                                    30: 1.5288,
                                    31: 1.5362,
                                    32: 1.5578,
                                    33: 1.5949,
                                    34: 1.6706,
                                    35: 1.782,
                                    36: 1.8785,
                                    37: 1.9062,
                                    38: 1.8389,
                                    39: 1.678,
                                    40: 1.4405,
                                    41: 1.1497,
                                    42: 0.8284,
                                    43: 0.4954,
                                    44: 0.1639,
                                    45: -0.1586,
                                    46: -0.4688,
                                    47: -0.766,
                                    48: -1.0502,
                                    49: -1.3213,
                                    50: -1.5779,
                                    51: -1.8056,
                                    52: -1.9584,
                                    53: -1.9854,
                                    54: -1.8918,
                                    55: -1.7476,
                                    56: -1.6273,
                                    57: -1.563,
                                    58: -1.553,
                                    59: -1.5819,
                                    60: -1.6296,
                                    61: -1.6903,
                                    62: -1.778,
                                    63: -1.8867,
                                    64: -1.9733,
                                    65: -1.995,
                                    66: -1.9339,
                                    67: -1.795,
                                    68: -1.5963,
                                    69: -1.3596,
                                    70: -1.1055,
                                    71: -0.8503,
                                    72: -0.6047,
                                    73: -0.3748,
                                    74: -0.1628,
                                    75: 0.0316,
                                    76: 0.1973,
                                    77: 0.3019,
                                    78: 0.3216,
                                    79: 0.2701,
                                    80: 0.1783,
                                    81: 0.0684,
                                    82: -0.0464,
                                    83: -0.1589,
                                    84: -0.2659,
                                    85: -0.3537,
                                    86: -0.387,
                                    87: -0.3429,
                                    88: -0.2389,
                                    89: -0.1103,
                                    90: 0.0149,
                                    91: 0.0982,
                                    92: 0.0854,
                                    93: -0.0311,
                                    94: -0.1869,
                                    95: -0.3099,
                                    96: -0.3605,
                                    97: -0.3286,
                                    98: -0.2253,
                                    99: -0.0734,
                                    100: 0.102,
                                    101: 0.2793,
                                    102: 0.4437,
                                    103: 0.5694,
                                    104: 0.6053,
                                    105: 0.5252,
                                    106: 0.3646,
                                    107: 0.1801,
                                    108: 0.0135,
                                    109: -0.102,
                                    110: -0.1369,
                                    111: -0.0928,
                                    112: -0.0111,
                                    113: 0.0625,
                                    114: 0.1,
                                    115: 0.0909,
                                    116: 0.0382,
                                    117: -0.0466,
                                    118: -0.1492,
                                    119: -0.2566,
                                    120: -0.359,
                                    121: -0.4412,
                                    122: -0.4758,
                                    123: -0.4498,
                                    124: -0.3829,
                                    125: -0.305,
                                    126: -0.2379,
                                    127: -0.1931,
                                    128: -0.1731,
                                    129: -0.1741,
                                    130: -0.1889,
                                    131: -0.2097,
                                    132: -0.2298,
                                    133: -0.2448,
                                    134: -0.2528,
                                    135: -0.2538,
                                    136: -0.2488,
                                    137: -0.24,
                                    138: -0.2289,
                                    139: -0.2173,
                                    140: -0.2058,
                                    141: -0.1951,
                                    142: -0.1849,
                                    143: -0.1751,
                                    144: -0.1654,
                                    145: -0.1553,
                                    146: -0.1447,
                                    147: -0.1336,
                                    148: -0.1219,
                                    149: -0.11,
                                    150: -0.0978,
                                }

                                over "Stray_2_ctl"
                                {
                                    double avars:rz.timeSamples = {
                                        1: -0.0831,
                                        2: -0.0679,
                                        3: -0.0534,
                                        4: -0.0386,
                                        5: -0.0228,
                                        6: -0.0058,
                                        7: 0.0029,
                                        8: -0.0184,
                                        9: -0.0714,
                                        10: -0.1229,
                                        11: -0.1364,
                                        12: -0.0931,
                                        13: 0.0081,
                                        14: 0.1578,
                                        15: 0.3413,
                                        16: 0.5438,
                                        17: 0.7523,
                                        18: 0.9574,
                                        19: 1.1534,
                                        20: 1.3373,
                                        21: 1.5082,
                                        22: 1.6659,
                                        23: 1.806,
                                        24: 1.9043,
                                        25: 1.9202,
                                        26: 1.8423,
                                        27: 1.7189,
                                        28: 1.6126,
                                        29: 1.5502,
                                        30: 1.5288,
                                        31: 1.5362,
                                        32: 1.5578,
                                        33: 1.5949,
                                        34: 1.6706,
                                        35: 1.782,
                                        36: 1.8785,
                                        37: 1.9062,
                                        38: 1.8389,
                                        39: 1.678,
                                        40: 1.4405,
                                        41: 1.1497,
                                        42: 0.8284,
                                        43: 0.4954,
                                        44: 0.1639,
                                        45: -0.1586,
                                        46: -0.4688,
                                        47: -0.766,
                                        48: -1.0502,
                                        49: -1.3213,
                                        50: -1.5779,
                                        51: -1.8056,
                                        52: -1.9584,
                                        53: -1.9854,
                                        54: -1.8918,
                                        55: -1.7476,
                                        56: -1.6273,
                                        57: -1.563,
                                        58: -1.553,
                                        59: -1.5819,
                                        60: -1.6296,
                                        61: -1.6903,
                                        62: -1.778,
                                        63: -1.8867,
                                        64: -1.9733,
                                        65: -1.995,
                                        66: -1.9339,
                                        67: -1.795,
                                        68: -1.5963,
                                        69: -1.3596,
                                        70: -1.1055,
                                        71: -0.8503,
                                        72: -0.6047,
                                        73: -0.3748,
                                        74: -0.1628,
                                        75: 0.0316,
                                        76: 0.1973,
                                        77: 0.3019,
                                        78: 0.3216,
                                        79: 0.2701,
                                        80: 0.1783,
                                        81: 0.0684,
                                        82: -0.0464,
                                        83: -0.1589,
                                        84: -0.2659,
                                        85: -0.3537,
                                        86: -0.387,
                                        87: -0.3429,
                                        88: -0.2389,
                                        89: -0.1103,
                                        90: 0.0149,
                                        91: 0.0982,
                                        92: 0.0854,
                                        93: -0.0311,
                                        94: -0.1869,
                                        95: -0.3099,
                                        96: -0.3605,
                                        97: -0.3286,
                                        98: -0.2253,
                                        99: -0.0734,
                                        100: 0.102,
                                        101: 0.2793,
                                        102: 0.4437,
                                        103: 0.5694,
                                        104: 0.6053,
                                        105: 0.5252,
                                        106: 0.3646,
                                        107: 0.1801,
                                        108: 0.0135,
                                        109: -0.102,
                                        110: -0.1369,
                                        111: -0.0928,
                                        112: -0.0111,
                                        113: 0.0625,
                                        114: 0.1,
                                        115: 0.0909,
                                        116: 0.0382,
                                        117: -0.0466,
                                        118: -0.1492,
                                        119: -0.2566,
                                        120: -0.359,
                                        121: -0.4412,
                                        122: -0.4758,
                                        123: -0.4498,
                                        124: -0.3829,
                                        125: -0.305,
                                        126: -0.2379,
                                        127: -0.1931,
                                        128: -0.1731,
                                        129: -0.1741,
                                        130: -0.1889,
                                        131: -0.2097,
                                        132: -0.2298,
                                        133: -0.2448,
                                        134: -0.2528,
                                        135: -0.2538,
                                        136: -0.2488,
                                        137: -0.24,
                                        138: -0.2289,
                                        139: -0.2173,
                                        140: -0.2058,
                                        141: -0.1951,
                                        142: -0.1849,
                                        143: -0.1751,
                                        144: -0.1654,
                                        145: -0.1553,
                                        146: -0.1447,
                                        147: -0.1336,
                                        148: -0.1219,
                                        149: -0.11,
                                        150: -0.0978,
                                    }
                                }
                            }
                        }

                        over "TuckL_0_ctl"
                        {
                            double avars:rz.timeSamples = {
                                1: 0.1303,
                                2: 0.1778,
                                3: 0.217,
                                4: 0.2462,
                                5: 0.2652,
                                6: 0.275,
                                7: 0.2686,
                                8: 0.2267,
                                9: 0.1983,
                                10: 0.2407,
                                11: 0.3495,
                                12: 0.5332,
                                13: 0.7876,
                                14: 1.0816,
                                15: 1.385,
                                16: 1.672,
                                17: 1.9225,
                                18: 2.1228,
                                19: 2.266,
                                20: 2.3505,
                                21: 2.3791,
                                22: 2.3576,
                                23: 2.2891,
                                24: 2.1587,
                                25: 1.9313,
                                26: 1.5876,
                                27: 1.1974,
                                28: 0.86,
                                29: 0.6115,
                                30: 0.4765,
                                31: 0.4629,
                                32: 0.5547,
                                33: 0.7465,
                                34: 1.0471,
                                35: 1.3357,
                                36: 1.4784,
                                37: 1.4681,
                                38: 1.2774,
                                39: 0.9053,
                                40: 0.4082,
                                41: -0.1544,
                                42: -0.727,
                                43: -1.2628,
                                44: -1.7268,
                                45: -2.097,
                                46: -2.3636,
                                47: -2.5272,
                                48: -2.5961,
                                49: -2.5835,
                                50: -2.5046,
                                51: -2.3632,
                                52: -2.1309,
                                53: -1.7625,
                                54: -1.2474,
                                55: -0.704,
                                56: -0.2714,
                                57: 0.018,
                                58: 0.1368,
                                59: 0.0709,
                                60: -0.1511,
                                61: -0.498,
                                62: -0.9503,
                                63: -1.3871,
                                64: -1.6814,
                                65: -1.8145,
                                66: -1.759,
                                67: -1.5157,
                                68: -1.1365,
                                69: -0.6792,
                                70: -0.2003,
                                71: 0.2508,
                                72: 0.6351,
                                73: 0.9263,
                                74: 1.1104,
                                75: 1.1837,
                                76: 1.1391,
                                77: 0.9562,
                                78: 0.6234,
                                79: 0.2289,
                                80: -0.1272,
                                81: -0.4331,
                                82: -0.6653,
                                83: -0.8094,
                                84: -0.8849,
                                85: -0.9001,
                                86: -0.8433,
                                87: -0.708,
                                88: -0.5105,
                                89: -0.2793,
                                90: -0.041,
                                91: 0.166,
                                92: 0.2845,
                                93: 0.2845,
                                94: 0.1933,
                                95: 0.0602,
                                96: -0.0707,
                                97: -0.1643,
                                98: -0.1969,
                                99: -0.1564,
                                100: -0.0414,
                                101: 0.1408,
                                102: 0.3768,
                                103: 0.6349,
                                104: 0.8535,
                                105: 0.9785,
                                106: 0.9993,
                                107: 0.9324,
                                108: 0.8005,
                                109: 0.6372,
                                110: 0.4878,
                                111: 0.3837,
                                112: 0.3264,
                                113: 0.3032,
                                114: 0.3001,
                                115: 0.3034,
                                116: 0.3017,
                                117: 0.2861,
                                118: 0.2512,
                                119: 0.1947,
                                120: 0.1173,
                                121: 0.0295,
                                122: -0.042,
                                123: -0.0736,
                                124: -0.0632,
                                125: -0.0209,
                                126: 0.0417,
                                127: 0.1129,
                                128: 0.1824,
                                129: 0.2423,
                                130: 0.287,
                                131: 0.3141,
                                132: 0.3233,
                                133: 0.3167,
                                134: 0.2974,
                                135: 0.2695,
                                136: 0.2372,
                                137: 0.2043,
                                138: 0.174,
                                139: 0.1485,
                                140: 0.1289,
                                141: 0.1158,
                                142: 0.1085,
                                143: 0.1062,
                                144: 0.1074,
                                145: 0.1108,
                                146: 0.1149,
                                147: 0.1187,
                                148: 0.1212,
                                149: 0.122,
                                150: 0.1209,
                            }

                            over "TuckL_1_ctl"
                            {
                                double avars:rz.timeSamples = {
                                    1: 0.1415,
                                    2: 0.1507,
                                    3: 0.1589,
                                    4: 0.1667,
                                    5: 0.1749,
                                    6: 0.1839,
                                    7: 0.1881,
                                    8: 0.1734,
                                    9: 0.1344,
                                    10: 0.0862,
                                    11: 0.0513,
                                    12: 0.0485,
                                    13: 0.0901,
                                    14: 0.1825,
                                    15: 0.3266,
                                    16: 0.5185,
                                    17: 0.7503,
                                    18: 1.0116,
                                    19: 1.2905,
                                    20: 1.5748,
                                    21: 1.8533,
                                    22: 2.1159,
                                    23: 2.3521,
                                    24: 2.5412,
                                    25: 2.6516,
                                    26: 2.6651,
                                    27: 2.5987,
                                    28: 2.4879,
                                    29: 2.3599,
                                    30: 2.2315,
                                    31: 2.1155,
                                    32: 2.0203,
                                    33: 1.9586,
                                    34: 1.9524,
                                    35: 2.0068,
                                    36: 2.0942,
                                    37: 2.1739,
                                    38: 2.2103,
                                    39: 2.1781,
                                    40: 2.0622,
                                    41: 1.8569,
                                    42: 1.5655,
                                    43: 1.1983,
                                    44: 0.771,
                                    45: 0.3027,
                                    46: -0.1868,
                                    47: -0.6785,
                                    48: -1.1551,
                                    49: -1.6028,
                                    50: -2.0107,
                                    51: -2.3643,
                                    52: -2.6322,
                                    53: -2.7761,
                                    54: -2.7855,
                                    55: -2.691,
                                    56: -2.5394,
                                    57: -2.3671,
                                    58: -2.1995,
                                    59: -2.0543,
                                    60: -1.9424,
                                    61: -1.8755,
                                    62: -1.8701,
                                    63: -1.927,
                                    64: -2.0188,
                                    65: -2.1076,
                                    66: -2.161,
                                    67: -2.1561,
                                    68: -2.0798,
                                    69: -1.9279,
                                    70: -1.7045,
                                    71: -1.4203,
                                    72: -1.0909,
                                    73: -0.7343,
                                    74: -0.3694,
                                    75: -0.0147,
                                    76: 0.3056,
                                    77: 0.5573,
                                    78: 0.7134,
                                    79: 0.77,
                                    80: 0.7393,
                                    81: 0.637,
                                    82: 0.4804,
                                    83: 0.2881,
                                    84: 0.0784,
                                    85: -0.1253,
                                    86: -0.2889,
                                    87: -0.3832,
                                    88: -0.4015,
                                    89: -0.3524,
                                    90: -0.2503,
                                    91: -0.1236,
                                    92: -0.0181,
                                    93: 0.0362,
                                    94: 0.0463,
                                    95: 0.0341,
                                    96: 0.0197,
                                    97: 0.0194,
                                    98: 0.0447,
                                    99: 0.1016,
                                    100: 0.1916,
                                    101: 0.3119,
                                    102: 0.4569,
                                    103: 0.6094,
                                    104: 0.7322,
                                    105: 0.7928,
                                    106: 0.7867,
                                    107: 0.7269,
                                    108: 0.6294,
                                    109: 0.5167,
                                    110: 0.4183,
                                    111: 0.3541,
                                    112: 0.3239,
                                    113: 0.3176,
                                    114: 0.3247,
                                    115: 0.335,
                                    116: 0.3402,
                                    117: 0.3339,
                                    118: 0.3125,
                                    119: 0.2745,
                                    120: 0.2207,
                                    121: 0.1586,
                                    122: 0.1065,
                                    123: 0.0806,
                                    124: 0.0827,
                                    125: 0.1065,
                                    126: 0.1442,
                                    127: 0.1883,
                                    128: 0.2318,
                                    129: 0.2694,
                                    130: 0.2972,
                                    131: 0.3135,
                                    132: 0.3179,
                                    133: 0.3116,
                                    134: 0.2967,
                                    135: 0.2758,
                                    136: 0.2516,
                                    137: 0.2268,
                                    138: 0.2035,
                                    139: 0.1831,
                                    140: 0.1667,
                                    141: 0.1545,
                                    142: 0.1463,
                                    143: 0.1415,
                                    144: 0.1391,
                                    145: 0.1384,
                                    146: 0.1384,
                                    147: 0.1384,
                                    148: 0.1377,
                                    149: 0.136,
                                    150: 0.1333,
                                }

                                over "TuckL_2_ctl"
                                {
                                    double avars:rz.timeSamples = {
                                        1: 0.1415,
                                        2: 0.1505,
                                        3: 0.158,
                                        4: 0.1646,
                                        5: 0.1711,
                                        6: 0.1777,
                                        7: 0.1792,
                                        8: 0.1614,
                                        9: 0.1186,
                                        10: 0.0653,
                                        11: 0.0229,
                                        12: 0.0091,
                                        13: 0.0349,
                                        14: 0.106,
                                        15: 0.2226,
                                        16: 0.3809,
                                        17: 0.5735,
                                        18: 0.7908,
                                        19: 1.0223,
                                        20: 1.2576,
                                        21: 1.4869,
                                        22: 1.702,
                                        23: 1.8941,
                                        24: 2.0442,
                                        25: 2.1218,
                                        26: 2.11,
                                        27: 2.0267,
                                        28: 1.9075,
                                        29: 1.779,
                                        30: 1.6571,
                                        31: 1.5532,
                                        32: 1.4737,
                                        33: 1.4299,
                                        34: 1.4418,
                                        35: 1.5135,
                                        36: 1.6177,
                                        37: 1.7151,
                                        38: 1.7719,
                                        39: 1.765,
                                        40: 1.6817,
                                        41: 1.5179,
                                        42: 1.2778,
                                        43: 0.9719,
                                        44: 0.6151,
                                        45: 0.2249,
                                        46: -0.1808,
                                        47: -0.5857,
                                        48: -0.9752,
                                        49: -1.3381,
                                        50: -1.6662,
                                        51: -1.9475,
                                        52: -2.1524,
                                        53: -2.2445,
                                        54: -2.2148,
                                        55: -2.0947,
                                        56: -1.9305,
                                        57: -1.7578,
                                        58: -1.5998,
                                        59: -1.4721,
                                        60: -1.3825,
                                        61: -1.3398,
                                        62: -1.3581,
                                        63: -1.4363,
                                        64: -1.5466,
                                        65: -1.6519,
                                        66: -1.7209,
                                        67: -1.7328,
                                        68: -1.6764,
                                        69: -1.5491,
                                        70: -1.3561,
                                        71: -1.1084,
                                        72: -0.821,
                                        73: -0.5109,
                                        74: -0.1951,
                                        75: 0.1101,
                                        76: 0.3829,
                                        77: 0.5916,
                                        78: 0.7115,
                                        79: 0.7406,
                                        80: 0.6919,
                                        81: 0.5807,
                                        82: 0.4234,
                                        83: 0.237,
                                        84: 0.0378,
                                        85: -0.153,
                                        86: -0.3031,
                                        87: -0.3852,
                                        88: -0.3934,
                                        89: -0.3371,
                                        90: -0.231,
                                        91: -0.1034,
                                        92: 0.0007,
                                        93: 0.0518,
                                        94: 0.0574,
                                        95: 0.0405,
                                        96: 0.0216,
                                        97: 0.0175,
                                        98: 0.04,
                                        99: 0.0952,
                                        100: 0.1844,
                                        101: 0.305,
                                        102: 0.451,
                                        103: 0.605,
                                        104: 0.7295,
                                        105: 0.7916,
                                        106: 0.787,
                                        107: 0.7283,
                                        108: 0.6316,
                                        109: 0.5192,
                                        110: 0.4208,
                                        111: 0.3563,
                                        112: 0.3256,
                                        113: 0.3187,
                                        114: 0.3252,
                                        115: 0.3351,
                                        116: 0.3398,
                                        117: 0.3332,
                                        118: 0.3116,
                                        119: 0.2736,
                                        120: 0.2199,
                                        121: 0.1579,
                                        122: 0.106,
                                        123: 0.0803,
                                        124: 0.0827,
                                        125: 0.1065,
                                        126: 0.1444,
                                        127: 0.1885,
                                        128: 0.2321,
                                        129: 0.2697,
                                        130: 0.2975,
                                        131: 0.3137,
                                        132: 0.318,
                                        133: 0.3117,
                                        134: 0.2967,
                                        135: 0.2757,
                                        136: 0.2515,
                                        137: 0.2267,
                                        138: 0.2034,
                                        139: 0.183,
                                        140: 0.1667,
                                        141: 0.1545,
                                        142: 0.1463,
                                        143: 0.1415,
                                        144: 0.1392,
                                        145: 0.1385,
                                        146: 0.1385,
                                        147: 0.1384,
                                        148: 0.1377,
                                        149: 0.1361,
                                        150: 0.1333,
                                    }
                                }
                            }
                        }
                    }
                }

                over "Torso_ctl"
                {
                    double avars:ry.timeSamples = {
                        1: 0,
                        2: 0,
                        3: 0,
                        4: 0,
                        5: 0,
                        6: 0,
                        7: 0,
                        8: 0,
                        9: 0,
                        10: 0,
                        11: 0,
                        12: 0,
                        13: 0,
                        14: 0.1044,
                        15: 0.3996,
                        16: 0.8583,
                        17: 1.4531,
                        18: 2.157,
                        19: 2.9426,
                        20: 3.7827,
                        21: 4.65,
                        22: 5.5173,
                        23: 6.3574,
                        24: 7.143,
                        25: 7.8469,
                        26: 8.4417,
                        27: 8.9004,
                        28: 9.1956,
                        29: 9.3,
                        30: 9.2222,
                        31: 9.0778,
                        32: 9,
                        33: 9,
                        34: 9,
                        35: 9,
                        36: 9,
                        37: 9,
                        38: 9,
                        39: 9,
                        40: 8.8368,
                        41: 8.3724,
                        42: 7.6444,
                        43: 6.6905,
                        44: 5.5484,
                        45: 4.2556,
                        46: 2.8498,
                        47: 1.3687,
                        48: -0.15,
                        49: -1.6687,
                        50: -3.1498,
                        51: -4.5556,
                        52: -5.8484,
                        53: -6.9905,
                        54: -7.9444,
                        55: -8.6724,
                        56: -9.1368,
                        57: -9.3,
                        58: -9.2222,
                        59: -9.0778,
                        60: -9,
                        61: -9,
                        62: -9,
                        63: -9,
                        64: -9,
                        65: -9,
                        66: -9,
                        67: -9,
                        68: -8.8666,
                        69: -8.4931,
                        70: -7.9196,
                        71: -7.186,
                        72: -6.3324,
                        73: -5.3987,
                        74: -4.425,
                        75: -3.4513,
                        76: -2.5176,
                        77: -1.664,
                        78: -0.9304,
                        79: -0.3569,
                        80: 0.0166,
                        81: 0.15,
                        82: 0.1111,
                        83: 0.0389,
                        84: 0,
                        85: 0,
                        86: 0,
                        87: 0,
                        88: 0,
                        89: 0,
                        90: 0,
                        91: 0,
                        92: 0,
                        93: 0,
                        94: 0,
                        95: 0,
                        96: 0,
                        97: 0,
                        98: 0,
                        99: 0,
                        100: 0,
                        101: 0,
                        102: 0,
                        103: 0,
                        104: 0,
                        105: 0,
                        106: 0,
                        107: 0,
                        108: 0,
                        109: 0,
                        110: 0,
                        111: 0,
                        112: 0,
                        113: 0,
                        114: 0,
                        115: 0,
                        116: 0,
                        117: 0,
                        118: 0,
                        119: 0,
                        120: 0,
                        121: 0,
                        122: 0,
                        123: 0,
                        124: 0,
                        125: 0,
                        126: 0,
                        127: 0,
                        128: 0,
                        129: 0,
                        130: 0,
                        131: 0,
                        132: 0,
                        133: 0,
                        134: 0,
                        135: 0,
                        136: 0,
                        137: 0,
                        138: 0,
                        139: 0,
                        140: 0,
                        141: 0,
                        142: 0,
                        143: 0,
                        144: 0,
                        145: 0,
                        146: 0,
                        147: 0,
                        148: 0,
                        149: 0,
                        150: 0,
                    }
                    double avars:ty.timeSamples = {
                        1: 0,
                        2: 0.0018,
                        3: 0.007,
                        4: 0.0157,
                        5: 0.0278,
                        6: 0.0432,
                        7: 0.0618,
                        8: 0.0835,
                        9: 0.1082,
                        10: 0.1355,
                        11: 0.1654,
                        12: 0.1977,
                        13: 0.2321,
                        14: 0.2684,
                        15: 0.3062,
                        16: 0.3455,
                        17: 0.3858,
                        18: 0.427,
                        19: 0.4686,
                        20: 0.5105,
                        21: 0.5523,
                        22: 0.5937,
                        23: 0.6345,
                        24: 0.6743,
                        25: 0.7129,
                        26: 0.75,
                        27: 0.7854,
                        28: 0.8187,
                        29: 0.8498,
                        30: 0.8785,
                        31: 0.9045,
                        32: 0.9277,
                        33: 0.9479,
                        34: 0.9649,
                        35: 0.9787,
                        36: 0.9891,
                        37: 0.9961,
                        38: 0.9996,
                        39: 0.9996,
                        40: 0.9961,
                        41: 0.9891,
                        42: 0.9787,
                        43: 0.9649,
                        44: 0.9479,
                        45: 0.9277,
                        46: 0.9045,
                        47: 0.8785,
                        48: 0.8498,
                        49: 0.8187,
                        50: 0.7854,
                        51: 0.75,
                        52: 0.7129,
                        53: 0.6743,
                        54: 0.6345,
                        55: 0.5937,
                        56: 0.5523,
                        57: 0.5105,
                        58: 0.4686,
                        59: 0.427,
                        60: 0.3858,
                        61: 0.3455,
                        62: 0.3062,
                        63: 0.2684,
                        64: 0.2321,
                        65: 0.1977,
                        66: 0.1654,
                        67: 0.1355,
                        68: 0.1082,
                        69: 0.0835,
                        70: 0.0618,
                        71: 0.0432,
                        72: 0.0278,
                        73: 0.0157,
                        74: 0.007,
                        75: 0.0018,
                        76: 0,
                        77: 0.0018,
                        78: 0.007,
                        79: 0.0157,
                        80: 0.0278,
                        81: 0.0432,
                        82: 0.0618,
                        83: 0.0835,
                        84: 0.1082,
                        85: 0.1355,
                        86: 0.1654,
                        87: 0.1977,
                        88: 0.2321,
                        89: 0.2684,
                        90: 0.3062,
                        91: 0.3455,
                        92: 0.3858,
                        93: 0.427,
                        94: 0.4686,
                        95: 0.5105,
                        96: 0.5523,
                        97: 0.5937,
                        98: 0.6345,
                        99: 0.6743,
                        100: 0.7129,
                        101: 0.75,
                        102: 0.7854,
                        103: 0.8187,
                        104: 0.8498,
                        105: 0.8785,
                        106: 0.9045,
                        107: 0.9277,
                        108: 0.9479,
                        109: 0.9649,
                        110: 0.9787,
                        111: 0.9891,
                        112: 0.9961,
                        113: 0.9996,
                        114: 0.9996,
                        115: 0.9961,
                        116: 0.9891,
                        117: 0.9787,
                        118: 0.9649,
                        119: 0.9479,
                        120: 0.9277,
                        121: 0.9045,
                        122: 0.8785,
                        123: 0.8498,
                        124: 0.8187,
                        125: 0.7854,
                        126: 0.75,
                        127: 0.7129,
                        128: 0.6743,
                        129: 0.6345,
                        130: 0.5937,
                        131: 0.5523,
                        132: 0.5105,
                        133: 0.4686,
                        134: 0.427,
                        135: 0.3858,
                        136: 0.3455,
                        137: 0.3062,
                        138: 0.2684,
                        139: 0.2321,
                        140: 0.1977,
                        141: 0.1654,
                        142: 0.1355,
                        143: 0.1082,
                        144: 0.0835,
                        145: 0.0618,
                        146: 0.0432,
                        147: 0.0278,
                        148: 0.0157,
                        149: 0.007,
                        150: 0.0018,
                    }
                }

                over "TailL_0_ctl"
                {
                    double avars:rz.timeSamples = {
                        1: -0.1825,
                        2: -0.1342,
                        3: -0.0893,
                        4: -0.0495,
                        5: -0.0154,
                        6: 0.0132,
                        7: 0.0374,
                        8: 0.0584,
                        9: 0.0777,
                        10: 0.0971,
                        11: 0.1177,
                        12: 0.139,
                        13: 0.1572,
                        14: 0.1701,
                        15: 0.1809,
                        16: 0.194,
                        17: 0.2131,
                        18: 0.2404,
                        19: 0.2768,
                        20: 0.322,
                        21: 0.375,
                        22: 0.4337,
                        23: 0.4959,
                        24: 0.559,
                        25: 0.6207,
                        26: 0.6788,
                        27: 0.7318,
                        28: 0.7778,
                        29: 0.8121,
                        30: 0.8263,
                        31: 0.8091,
                        32: 0.7602,
                        33: 0.6918,
                        34: 0.6138,
                        35: 0.5335,
                        36: 0.4563,
                        37: 0.3862,
                        38: 0.3277,
                        39: 0.2882,
                        40: 0.2707,
                        41: 0.2685,
                        42: 0.2716,
                        43: 0.271,
                        44: 0.2596,
                        45: 0.2326,
                        46: 0.1875,
                        47: 0.1243,
                        48: 0.045,
                        49: -0.0471,
                        50: -0.1475,
                        51: -0.2513,
                        52: -0.3538,
                        53: -0.4505,
                        54: -0.5378,
                        55: -0.6129,
                        56: -0.6722,
                        57: -0.7087,
                        58: -0.7139,
                        59: -0.6886,
                        60: -0.6436,
                        61: -0.5898,
                        62: -0.5355,
                        63: -0.4861,
                        64: -0.4451,
                        65: -0.4145,
                        66: -0.3968,
                        67: -0.3966,
                        68: -0.4148,
                        69: -0.4447,
                        70: -0.4771,
                        71: -0.5039,
                        72: -0.5191,
                        73: -0.5189,
                        74: -0.5016,
                        75: -0.4678,
                        76: -0.4194,
                        77: -0.3599,
                        78: -0.2931,
                        79: -0.2234,
                        80: -0.1566,
                        81: -0.1025,
                        82: -0.0711,
                        83: -0.0663,
                        84: -0.084,
                        85: -0.1118,
                        86: -0.139,
                        87: -0.1621,
                        88: -0.1786,
                        89: -0.187,
                        90: -0.1866,
                        91: -0.178,
                        92: -0.1621,
                        93: -0.1404,
                        94: -0.1148,
                        95: -0.0872,
                        96: -0.0592,
                        97: -0.0322,
                        98: -0.0073,
                        99: 0.0147,
                        100: 0.0335,
                        101: 0.0492,
                        102: 0.0621,
                        103: 0.0727,
                        104: 0.0814,
                        105: 0.0888,
                        106: 0.0955,
                        107: 0.102,
                        108: 0.1084,
                        109: 0.1149,
                        110: 0.1215,
                        111: 0.1282,
                        112: 0.1346,
                        113: 0.1406,
                        114: 0.1459,
                        115: 0.1502,
                        116: 0.1531,
                        117: 0.1547,
                        118: 0.1546,
                        119: 0.1529,
                        120: 0.1496,
                        121: 0.1446,
                        122: 0.1382,
                        123: 0.1304,
                        124: 0.1214,
                        125: 0.1113,
                        126: 0.1003,
                        127: 0.0885,
                        128: 0.0761,
                        129: 0.0631,
                        130: 0.0498,
                        131: 0.0361,
                        132: 0.0221,
                        133: 0.0079,
                        134: -0.0064,
                        135: -0.0208,
                        136: -0.0352,
                        137: -0.0495,
                        138: -0.0637,
                        139: -0.0776,
                        140: -0.0912,
                        141: -0.1044,
                        142: -0.117,
                        143: -0.129,
                        144: -0.1402,
                        145: -0.1507,
                        146: -0.1602,
                        147: -0.1687,
                        148: -0.1762,
                        149: -0.1826,
                        150: -0.1878,
                    }

                    over "TailL_1_ctl"
                    {
                        double avars:rz.timeSamples = {
                            1: -0.2197,
                            2: -0.2157,
                            3: -0.2115,
                            4: -0.2067,
                            5: -0.2011,
                            6: -0.1943,
                            7: -0.186,
                            8: -0.176,
                            9: -0.1639,
                            10: -0.1497,
                            11: -0.1334,
                            12: -0.1162,
                            13: -0.1013,
                            14: -0.0906,
                            15: -0.0821,
                            16: -0.0729,
                            17: -0.0605,
                            18: -0.0432,
                            19: -0.0199,
                            20: 0.0096,
                            21: 0.0448,
                            22: 0.0847,
                            23: 0.128,
                            24: 0.1732,
                            25: 0.2188,
                            26: 0.2635,
                            27: 0.306,
                            28: 0.3451,
                            29: 0.3775,
                            30: 0.3975,
                            31: 0.401,
                            32: 0.3905,
                            33: 0.372,
                            34: 0.3499,
                            35: 0.3273,
                            36: 0.3062,
                            37: 0.288,
                            38: 0.2751,
                            39: 0.2721,
                            40: 0.2807,
                            41: 0.297,
                            42: 0.3145,
                            43: 0.3278,
                            44: 0.3325,
                            45: 0.3258,
                            46: 0.3064,
                            47: 0.2743,
                            48: 0.2308,
                            49: 0.178,
                            50: 0.1184,
                            51: 0.0551,
                            52: -0.0093,
                            53: -0.0723,
                            54: -0.1319,
                            55: -0.1866,
                            56: -0.2346,
                            57: -0.2714,
                            58: -0.2915,
                            59: -0.2931,
                            60: -0.2804,
                            61: -0.2604,
                            62: -0.2386,
                            63: -0.2188,
                            64: -0.2036,
                            65: -0.1949,
                            66: -0.1947,
                            67: -0.2065,
                            68: -0.2311,
                            69: -0.2641,
                            70: -0.2993,
                            71: -0.3312,
                            72: -0.3556,
                            73: -0.3695,
                            74: -0.3715,
                            75: -0.3615,
                            76: -0.3404,
                            77: -0.31,
                            78: -0.2728,
                            79: -0.2313,
                            80: -0.1891,
                            81: -0.1526,
                            82: -0.1286,
                            83: -0.1193,
                            84: -0.122,
                            85: -0.1319,
                            86: -0.145,
                            87: -0.1584,
                            88: -0.1697,
                            89: -0.1767,
                            90: -0.1783,
                            91: -0.1739,
                            92: -0.1634,
                            93: -0.1474,
                            94: -0.127,
                            95: -0.1033,
                            96: -0.0776,
                            97: -0.0512,
                            98: -0.0251,
                            99: -0.0003,
                            100: 0.0225,
                            101: 0.0431,
                            102: 0.0613,
                            103: 0.0771,
                            104: 0.0908,
                            105: 0.1027,
                            106: 0.1132,
                            107: 0.1225,
                            108: 0.1311,
                            109: 0.1389,
                            110: 0.1463,
                            111: 0.1531,
                            112: 0.1595,
                            113: 0.1651,
                            114: 0.1698,
                            115: 0.1736,
                            116: 0.1761,
                            117: 0.1771,
                            118: 0.1767,
                            119: 0.1746,
                            120: 0.1709,
                            121: 0.1654,
                            122: 0.1584,
                            123: 0.1498,
                            124: 0.1397,
                            125: 0.1284,
                            126: 0.1159,
                            127: 0.1024,
                            128: 0.0881,
                            129: 0.073,
                            130: 0.0574,
                            131: 0.0412,
                            132: 0.0247,
                            133: 0.008,
                            134: -0.009,
                            135: -0.0259,
                            136: -0.0429,
                            137: -0.0597,
                            138: -0.0763,
                            139: -0.0926,
                            140: -0.1085,
                            141: -0.1238,
                            142: -0.1384,
                            143: -0.1523,
                            144: -0.1654,
                            145: -0.1775,
                            146: -0.1886,
                            147: -0.1985,
                            148: -0.2072,
                            149: -0.2147,
                            150: -0.2208,
                        }

                        over "TailL_2_ctl"
                        {
                            double avars:rz.timeSamples = {
                                1: -0.2197,
                                2: -0.2159,
                                3: -0.2123,
                                4: -0.2086,
                                5: -0.2046,
                                6: -0.1999,
                                7: -0.1943,
                                8: -0.1873,
                                9: -0.1786,
                                10: -0.1679,
                                11: -0.1553,
                                12: -0.1417,
                                13: -0.1303,
                                14: -0.1229,
                                15: -0.1176,
                                16: -0.1113,
                                17: -0.1016,
                                18: -0.0867,
                                19: -0.0657,
                                20: -0.0383,
                                21: -0.0051,
                                22: 0.0329,
                                23: 0.0745,
                                24: 0.1181,
                                25: 0.1622,
                                26: 0.2055,
                                27: 0.2469,
                                28: 0.2849,
                                29: 0.3165,
                                30: 0.3359,
                                31: 0.3392,
                                32: 0.3288,
                                33: 0.3109,
                                34: 0.2902,
                                35: 0.2696,
                                36: 0.2513,
                                37: 0.2369,
                                38: 0.2285,
                                39: 0.2307,
                                40: 0.2454,
                                41: 0.2682,
                                42: 0.2927,
                                43: 0.3132,
                                44: 0.3254,
                                45: 0.3261,
                                46: 0.3141,
                                47: 0.2892,
                                48: 0.2526,
                                49: 0.2064,
                                50: 0.1531,
                                51: 0.0955,
                                52: 0.0364,
                                53: -0.0218,
                                54: -0.0772,
                                55: -0.1283,
                                56: -0.1733,
                                57: -0.2078,
                                58: -0.2264,
                                59: -0.2273,
                                60: -0.2147,
                                61: -0.1955,
                                62: -0.1752,
                                63: -0.1576,
                                64: -0.1452,
                                65: -0.1396,
                                66: -0.1429,
                                67: -0.1584,
                                68: -0.1868,
                                69: -0.2236,
                                70: -0.2627,
                                71: -0.2985,
                                72: -0.3267,
                                73: -0.3443,
                                74: -0.3499,
                                75: -0.3433,
                                76: -0.3255,
                                77: -0.2983,
                                78: -0.264,
                                79: -0.2251,
                                80: -0.1854,
                                81: -0.1512,
                                82: -0.1289,
                                83: -0.1211,
                                84: -0.1249,
                                85: -0.1353,
                                86: -0.1485,
                                87: -0.1617,
                                88: -0.1724,
                                89: -0.1788,
                                90: -0.1796,
                                91: -0.1743,
                                92: -0.1632,
                                93: -0.1467,
                                94: -0.1259,
                                95: -0.102,
                                96: -0.0762,
                                97: -0.0499,
                                98: -0.0241,
                                99: 0.0004,
                                100: 0.023,
                                101: 0.0433,
                                102: 0.0612,
                                103: 0.0768,
                                104: 0.0904,
                                105: 0.1022,
                                106: 0.1127,
                                107: 0.1221,
                                108: 0.1307,
                                109: 0.1387,
                                110: 0.1461,
                                111: 0.1531,
                                112: 0.1595,
                                113: 0.1652,
                                114: 0.17,
                                115: 0.1738,
                                116: 0.1763,
                                117: 0.1773,
                                118: 0.1768,
                                119: 0.1747,
                                120: 0.1709,
                                121: 0.1655,
                                122: 0.1584,
                                123: 0.1497,
                                124: 0.1397,
                                125: 0.1283,
                                126: 0.1159,
                                127: 0.1024,
                                128: 0.088,
                                129: 0.073,
                                130: 0.0573,
                                131: 0.0412,
                                132: 0.0247,
                                133: 0.008,
                                134: -0.0089,
                                135: -0.0259,
                                136: -0.0429,
                                137: -0.0597,
                                138: -0.0763,
                                139: -0.0926,
                                140: -0.1084,
                                141: -0.1238,
                                142: -0.1384,
                                143: -0.1523,
                                144: -0.1654,
                                145: -0.1775,
                                146: -0.1886,
                                147: -0.1985,
                                148: -0.2072,
                                149: -0.2147,
                                150: -0.2208,
                            }
                        }
                    }
                }

                over "TailR_0_ctl"
                {
                    double avars:rz.timeSamples = {
                        1: -0.1408,
                        2: -0.09,
                        3: -0.0429,
                        4: -0.0011,
                        5: 0.0349,
                        6: 0.0651,
                        7: 0.0906,
                        8: 0.1126,
                        9: 0.1327,
                        10: 0.1526,
                        11: 0.1735,
                        12: 0.1947,
                        13: 0.2126,
                        14: 0.2249,
                        15: 0.2348,
                        16: 0.2469,
                        17: 0.2646,
                        18: 0.2902,
                        19: 0.3247,
                        20: 0.3679,
                        21: 0.4186,
                        22: 0.4748,
                        23: 0.5343,
                        24: 0.5946,
                        25: 0.6532,
                        26: 0.7082,
                        27: 0.7579,
                        28: 0.8006,
                        29: 0.8315,
                        30: 0.8422,
                        31: 0.8214,
                        32: 0.7691,
                        33: 0.6971,
                        34: 0.6157,
                        35: 0.5319,
                        36: 0.4515,
                        37: 0.3781,
                        38: 0.3165,
                        39: 0.2741,
                        40: 0.2537,
                        41: 0.2489,
                        42: 0.2497,
                        43: 0.2469,
                        44: 0.2335,
                        45: 0.2048,
                        46: 0.1583,
                        47: 0.094,
                        48: 0.0138,
                        49: -0.0788,
                        50: -0.1794,
                        51: -0.2832,
                        52: -0.3853,
                        53: -0.4813,
                        54: -0.5675,
                        55: -0.6412,
                        56: -0.6988,
                        57: -0.7333,
                        58: -0.7361,
                        59: -0.7082,
                        60: -0.6603,
                        61: -0.6032,
                        62: -0.5454,
                        63: -0.4923,
                        64: -0.4473,
                        65: -0.4125,
                        66: -0.3903,
                        67: -0.3856,
                        68: -0.399,
                        69: -0.424,
                        70: -0.4513,
                        71: -0.473,
                        72: -0.483,
                        73: -0.4775,
                        74: -0.455,
                        75: -0.4159,
                        76: -0.3622,
                        77: -0.2975,
                        78: -0.2256,
                        79: -0.1508,
                        80: -0.0791,
                        81: -0.0203,
                        82: 0.0156,
                        83: 0.0248,
                        84: 0.0113,
                        85: -0.0126,
                        86: -0.0362,
                        87: -0.0559,
                        88: -0.0694,
                        89: -0.0749,
                        90: -0.0722,
                        91: -0.0614,
                        92: -0.0437,
                        93: -0.0207,
                        94: 0.0059,
                        95: 0.0343,
                        96: 0.0627,
                        97: 0.0896,
                        98: 0.114,
                        99: 0.1353,
                        100: 0.153,
                        101: 0.1673,
                        102: 0.1784,
                        103: 0.1868,
                        104: 0.1931,
                        105: 0.1978,
                        106: 0.2015,
                        107: 0.2047,
                        108: 0.2075,
                        109: 0.2103,
                        110: 0.213,
                        111: 0.2156,
                        112: 0.2178,
                        113: 0.2194,
                        114: 0.2202,
                        115: 0.2199,
                        116: 0.2183,
                        117: 0.2153,
                        118: 0.2106,
                        119: 0.2044,
                        120: 0.1966,
                        121: 0.1872,
                        122: 0.1765,
                        123: 0.1646,
                        124: 0.1516,
                        125: 0.1378,
                        126: 0.1232,
                        127: 0.1082,
                        128: 0.0928,
                        129: 0.0771,
                        130: 0.0614,
                        131: 0.0456,
                        132: 0.0298,
                        133: 0.0143,
                        134: -0.0011,
                        135: -0.0161,
                        136: -0.0308,
                        137: -0.0451,
                        138: -0.0588,
                        139: -0.0718,
                        140: -0.0841,
                        141: -0.0957,
                        142: -0.1062,
                        143: -0.1158,
                        144: -0.1243,
                        145: -0.1316,
                        146: -0.1376,
                        147: -0.1423,
                        148: -0.1457,
                        149: -0.1477,
                        150: -0.1483,
                    }

                    over "TailR_1_ctl"
                    {
                        double avars:rz.timeSamples = {
                            1: -0.1711,
                            2: -0.1642,
                            3: -0.1573,
                            4: -0.1501,
                            5: -0.1424,
                            6: -0.1338,
                            7: -0.124,
                            8: -0.1127,
                            9: -0.0997,
                            10: -0.0849,
                            11: -0.0684,
                            12: -0.0512,
                            13: -0.0367,
                            14: -0.0266,
                            15: -0.0192,
                            16: -0.0113,
                            17: -0.0005,
                            18: 0.015,
                            19: 0.0361,
                            20: 0.0631,
                            21: 0.0956,
                            22: 0.1326,
                            23: 0.1728,
                            24: 0.2147,
                            25: 0.2568,
                            26: 0.2978,
                            27: 0.3365,
                            28: 0.3717,
                            29: 0.4001,
                            30: 0.416,
                            31: 0.4154,
                            32: 0.4009,
                            33: 0.3782,
                            34: 0.3521,
                            35: 0.3255,
                            36: 0.3005,
                            37: 0.2786,
                            38: 0.2621,
                            39: 0.2556,
                            40: 0.261,
                            41: 0.2742,
                            42: 0.289,
                            43: 0.2997,
                            44: 0.3021,
                            45: 0.2935,
                            46: 0.2724,
                            47: 0.239,
                            48: 0.1944,
                            49: 0.141,
                            50: 0.0812,
                            51: 0.018,
                            52: -0.046,
                            53: -0.1081,
                            54: -0.1665,
                            55: -0.2197,
                            56: -0.2656,
                            57: -0.3,
                            58: -0.3174,
                            59: -0.316,
                            60: -0.2999,
                            61: -0.2761,
                            62: -0.2502,
                            63: -0.226,
                            64: -0.2062,
                            65: -0.1926,
                            66: -0.1873,
                            67: -0.1937,
                            68: -0.2127,
                            69: -0.2399,
                            70: -0.2692,
                            71: -0.2951,
                            72: -0.3135,
                            73: -0.3213,
                            74: -0.3171,
                            75: -0.3009,
                            76: -0.2737,
                            77: -0.2372,
                            78: -0.194,
                            79: -0.1466,
                            80: -0.0987,
                            81: -0.0568,
                            82: -0.0274,
                            83: -0.013,
                            84: -0.0109,
                            85: -0.0162,
                            86: -0.0251,
                            87: -0.0346,
                            88: -0.0422,
                            89: -0.0461,
                            90: -0.0448,
                            91: -0.0379,
                            92: -0.0253,
                            93: -0.0077,
                            94: 0.0139,
                            95: 0.0385,
                            96: 0.0645,
                            97: 0.0909,
                            98: 0.1165,
                            99: 0.1404,
                            100: 0.1619,
                            101: 0.1808,
                            102: 0.1969,
                            103: 0.2102,
                            104: 0.2211,
                            105: 0.2299,
                            106: 0.2368,
                            107: 0.2424,
                            108: 0.2468,
                            109: 0.2503,
                            110: 0.2531,
                            111: 0.2551,
                            112: 0.2565,
                            113: 0.257,
                            114: 0.2565,
                            115: 0.255,
                            116: 0.2521,
                            117: 0.2478,
                            118: 0.242,
                            119: 0.2346,
                            120: 0.2256,
                            121: 0.2151,
                            122: 0.2031,
                            123: 0.1897,
                            124: 0.175,
                            125: 0.1593,
                            126: 0.1427,
                            127: 0.1254,
                            128: 0.1076,
                            129: 0.0893,
                            130: 0.0709,
                            131: 0.0523,
                            132: 0.0337,
                            133: 0.0154,
                            134: -0.0028,
                            135: -0.0205,
                            136: -0.0378,
                            137: -0.0545,
                            138: -0.0706,
                            139: -0.0858,
                            140: -0.1002,
                            141: -0.1136,
                            142: -0.1258,
                            143: -0.1369,
                            144: -0.1468,
                            145: -0.1552,
                            146: -0.1622,
                            147: -0.1677,
                            148: -0.1717,
                            149: -0.174,
                            150: -0.1747,
                        }

                        over "TailR_2_ctl"
                        {
                            double avars:rz.timeSamples = {
                                1: -0.1711,
                                2: -0.1644,
                                3: -0.1581,
                                4: -0.152,
                                5: -0.1459,
                                6: -0.1394,
                                7: -0.1323,
                                8: -0.124,
                                9: -0.1144,
                                10: -0.1032,
                                11: -0.0902,
                                12: -0.0767,
                                13: -0.0657,
                                14: -0.0589,
                                15: -0.0546,
                                16: -0.0496,
                                17: -0.0415,
                                18: -0.0285,
                                19: -0.0097,
                                20: 0.0152,
                                21: 0.0457,
                                22: 0.0808,
                                23: 0.1193,
                                24: 0.1596,
                                25: 0.2002,
                                26: 0.2398,
                                27: 0.2774,
                                28: 0.3115,
                                29: 0.3391,
                                30: 0.3545,
                                31: 0.3536,
                                32: 0.3392,
                                33: 0.3172,
                                34: 0.2924,
                                35: 0.2678,
                                36: 0.2457,
                                37: 0.2274,
                                38: 0.2154,
                                39: 0.2142,
                                40: 0.2256,
                                41: 0.2454,
                                42: 0.2671,
                                43: 0.2851,
                                44: 0.295,
                                45: 0.2938,
                                46: 0.2801,
                                47: 0.2538,
                                48: 0.2163,
                                49: 0.1694,
                                50: 0.1158,
                                51: 0.0583,
                                52: -0.0003,
                                53: -0.0577,
                                54: -0.1118,
                                55: -0.1614,
                                56: -0.2044,
                                57: -0.2365,
                                58: -0.2523,
                                59: -0.2502,
                                60: -0.2341,
                                61: -0.2112,
                                62: -0.1869,
                                63: -0.1648,
                                64: -0.1478,
                                65: -0.1373,
                                66: -0.1354,
                                67: -0.1455,
                                68: -0.1683,
                                69: -0.1995,
                                70: -0.2327,
                                71: -0.2625,
                                72: -0.2845,
                                73: -0.296,
                                74: -0.2955,
                                75: -0.2827,
                                76: -0.2587,
                                77: -0.2255,
                                78: -0.1852,
                                79: -0.1405,
                                80: -0.0951,
                                81: -0.0553,
                                82: -0.0277,
                                83: -0.0148,
                                84: -0.0137,
                                85: -0.0196,
                                86: -0.0286,
                                87: -0.0379,
                                88: -0.045,
                                89: -0.0481,
                                90: -0.0461,
                                91: -0.0384,
                                92: -0.0251,
                                93: -0.007,
                                94: 0.015,
                                95: 0.0398,
                                96: 0.0659,
                                97: 0.0922,
                                98: 0.1175,
                                99: 0.1411,
                                100: 0.1624,
                                101: 0.181,
                                102: 0.1968,
                                103: 0.2099,
                                104: 0.2207,
                                105: 0.2294,
                                106: 0.2363,
                                107: 0.2419,
                                108: 0.2464,
                                109: 0.25,
                                110: 0.2529,
                                111: 0.2551,
                                112: 0.2565,
                                113: 0.2571,
                                114: 0.2567,
                                115: 0.2552,
                                116: 0.2523,
                                117: 0.248,
                                118: 0.2422,
                                119: 0.2347,
                                120: 0.2257,
                                121: 0.2151,
                                122: 0.203,
                                123: 0.1896,
                                124: 0.175,
                                125: 0.1593,
                                126: 0.1427,
                                127: 0.1254,
                                128: 0.1075,
                                129: 0.0893,
                                130: 0.0708,
                                131: 0.0523,
                                132: 0.0338,
                                133: 0.0154,
                                134: -0.0027,
                                135: -0.0205,
                                136: -0.0378,
                                137: -0.0545,
                                138: -0.0705,
                                139: -0.0858,
                                140: -0.1002,
                                141: -0.1136,
                                142: -0.1259,
                                143: -0.137,
                                144: -0.1468,
                                145: -0.1552,
                                146: -0.1622,
                                147: -0.1677,
                                148: -0.1717,
                                149: -0.174,
                                150: -0.1747,
                            }
                        }
                    }
                }
            }
        }
    }
}
