#usda 1.0
(
    endTimeCode = 200
    startTimeCode = 1
    subLayers = [
        @./Biped_stack.usda@
    ]
    timeCodesPerSecond = 24
)

over "Biped"
{
    over "Rig"
    {
        def RigExecControl "Main"
        {
            def RigExecControl "Shot"
            {
                def RigExecControl "Aux"
                {
                    over "Controls"
                    {
                        over "M_Body"
                        {
                            custom double avars:rz
                            double avars:rz.timeSamples = {
                                1: 2,
                                2: 4,
                                3: 6,
                                4: 8,
                                5: 10,
                                6: 12,
                                7: 14,
                                8: 16,
                                9: 18,
                                10: 20,
                                11: 22,
                                12: 24,
                                13: 26,
                                14: 28,
                                15: 30,
                                16: 32,
                                17: 34,
                                18: 36,
                                19: 38,
                                20: 40,
                                21: 42,
                                22: 44,
                                23: 46,
                                24: 48,
                                25: 50,
                                26: 52,
                                27: 54,
                                28: 56,
                                29: 58,
                                30: 60,
                                31: 62,
                                32: 64,
                                33: 66,
                                34: 68,
                                35: 70,
                                36: 72,
                                37: 74,
                                38: 76,
                                39: 78,
                                40: 80,
                                41: 82,
                                42: 84,
                                43: 86,
                                44: 88,
                                45: 90,
                                46: 92,
                                47: 94,
                                48: 96,
                                49: 98,
                                50: 100,
                                51: 102,
                                52: 104,
                                53: 106,
                                54: 108,
                                55: 110,
                                56: 112,
                                57: 114,
                                58: 116,
                                59: 118,
                                60: 120,
                                61: 122,
                                62: 124,
                                63: 126,
                                64: 128,
                                65: 130,
                                66: 132,
                                67: 134,
                                68: 136,
                                69: 138,
                                70: 140,
                                71: 142,
                                72: 144,
                                73: 146,
                                74: 148,
                                75: 150,
                                76: 152,
                                77: 154,
                                78: 156,
                                79: 158,
                                80: 160,
                                81: 162,
                                82: 164,
                                83: 166,
                                84: 168,
                                85: 170,
                                86: 172,
                                87: 174,
                                88: 176,
                                89: 178,
                                90: 180,
                                91: 182,
                                92: 184,
                                93: 186,
                                94: 188,
                                95: 190,
                                96: 192,
                                97: 194,
                                98: 196,
                                99: 198,
                                100: 200,
                                101: 202,
                                102: 204,
                                103: 206,
                                104: 208,
                                105: 210,
                                106: 212,
                                107: 214,
                                108: 216,
                                109: 218,
                                110: 220,
                                111: 222,
                                112: 224,
                                113: 226,
                                114: 228,
                                115: 230,
                                116: 232,
                                117: 234,
                                118: 236,
                                119: 238,
                                120: 240,
                                121: 242,
                                122: 244,
                                123: 246,
                                124: 248,
                                125: 250,
                                126: 252,
                                127: 254,
                                128: 256,
                                129: 258,
                                130: 260,
                                131: 262,
                                132: 264,
                                133: 266,
                                134: 268,
                                135: 270,
                                136: 272,
                                137: 274,
                                138: 276,
                                139: 278,
                                140: 280,
                                141: 282,
                                142: 284,
                                143: 286,
                                144: 288,
                                145: 290,
                                146: 292,
                                147: 294,
                                148: 296,
                                149: 298,
                                150: 300,
                                151: 302,
                                152: 304,
                                153: 306,
                                154: 308,
                                155: 310,
                                156: 312,
                                157: 314,
                                158: 316,
                                159: 318,
                                160: 320,
                                161: 322,
                                162: 324,
                                163: 326,
                                164: 328,
                                165: 330,
                                166: 332,
                                167: 334,
                                168: 336,
                                169: 338,
                                170: 340,
                                171: 342,
                                172: 344,
                                173: 346,
                                174: 348,
                                175: 350,
                                176: 352,
                                177: 354,
                                178: 356,
                                179: 358,
                                180: 360,
                                181: 362,
                                182: 364,
                                183: 366,
                                184: 368,
                                185: 370,
                                186: 372,
                                187: 374,
                                188: 376,
                                189: 378,
                                190: 380,
                                191: 382,
                                192: 384,
                                193: 386,
                                194: 388,
                                195: 390,
                                196: 392,
                                197: 394,
                                198: 396,
                                199: 398,
                                200: 400,
                            }
                            custom double avars:ty
                            double avars:ty.timeSamples = {
                                1: 0.35,
                                2: 0.7,
                                3: 1.0499999999999998,
                                4: 1.4,
                                5: 1.75,
                                6: 2.0999999999999996,
                                7: 2.4499999999999997,
                                8: 2.8,
                                9: 3.15,
                                10: 3.5,
                                11: 3.8499999999999996,
                                12: 4.199999999999999,
                                13: 4.55,
                                14: 4.8999999999999995,
                                15: 5.25,
                                16: 5.6,
                                17: 5.949999999999999,
                                18: 6.3,
                                19: 6.6499999999999995,
                                20: 7,
                                21: 7.35,
                                22: 7.699999999999999,
                                23: 8.049999999999999,
                                24: 8.399999999999999,
                                25: 8.75,
                                26: 9.1,
                                27: 9.45,
                                28: 9.799999999999999,
                                29: 10.149999999999999,
                                30: 10.5,
                                31: 10.85,
                                32: 11.2,
                                33: 11.549999999999999,
                                34: 11.899999999999999,
                                35: 12.25,
                                36: 12.6,
                                37: 12.95,
                                38: 13.299999999999999,
                                39: 13.649999999999999,
                                40: 14,
                                41: 14.35,
                                42: 14.7,
                                43: 15.049999999999999,
                                44: 15.399999999999999,
                                45: 15.749999999999998,
                                46: 16.099999999999998,
                                47: 16.45,
                                48: 16.799999999999997,
                                49: 17.15,
                                50: 17.5,
                                51: 17.849999999999998,
                                52: 18.2,
                                53: 18.549999999999997,
                                54: 18.9,
                                55: 19.25,
                                56: 19.599999999999998,
                                57: 19.95,
                                58: 20.299999999999997,
                                59: 20.65,
                                60: 21,
                                61: 21.349999999999998,
                                62: 21.7,
                                63: 22.049999999999997,
                                64: 22.4,
                                65: 22.75,
                                66: 23.099999999999998,
                                67: 23.45,
                                68: 23.799999999999997,
                                69: 24.15,
                                70: 24.5,
                                71: 24.849999999999998,
                                72: 25.2,
                                73: 25.549999999999997,
                                74: 25.9,
                                75: 26.25,
                                76: 26.599999999999998,
                                77: 26.95,
                                78: 27.299999999999997,
                                79: 27.65,
                                80: 28,
                                81: 28.349999999999998,
                                82: 28.7,
                                83: 29.049999999999997,
                                84: 29.4,
                                85: 29.749999999999996,
                                86: 30.099999999999998,
                                87: 30.45,
                                88: 30.799999999999997,
                                89: 31.15,
                                90: 31.499999999999996,
                                91: 31.849999999999998,
                                92: 32.199999999999996,
                                93: 32.55,
                                94: 32.9,
                                95: 33.25,
                                96: 33.599999999999994,
                                97: 33.949999999999996,
                                98: 34.3,
                                99: 34.65,
                                100: 35,
                                101: 35.349999999999994,
                                102: 35.699999999999996,
                                103: 36.05,
                                104: 36.4,
                                105: 36.75,
                                106: 37.099999999999994,
                                107: 37.449999999999996,
                                108: 37.8,
                                109: 38.15,
                                110: 38.5,
                                111: 38.849999999999994,
                                112: 39.199999999999996,
                                113: 39.55,
                                114: 39.9,
                                115: 40.25,
                                116: 40.599999999999994,
                                117: 40.949999999999996,
                                118: 41.3,
                                119: 41.65,
                                120: 42,
                                121: 42.349999999999994,
                                122: 42.699999999999996,
                                123: 43.05,
                                124: 43.4,
                                125: 43.75,
                                126: 44.099999999999994,
                                127: 44.449999999999996,
                                128: 44.8,
                                129: 45.15,
                                130: 45.5,
                                131: 45.849999999999994,
                                132: 46.199999999999996,
                                133: 46.55,
                                134: 46.9,
                                135: 47.25,
                                136: 47.599999999999994,
                                137: 47.949999999999996,
                                138: 48.3,
                                139: 48.65,
                                140: 49,
                                141: 49.349999999999994,
                                142: 49.699999999999996,
                                143: 50.05,
                                144: 50.4,
                                145: 50.75,
                                146: 51.099999999999994,
                                147: 51.449999999999996,
                                148: 51.8,
                                149: 52.15,
                                150: 52.5,
                                151: 52.849999999999994,
                                152: 53.199999999999996,
                                153: 53.55,
                                154: 53.9,
                                155: 54.25,
                                156: 54.599999999999994,
                                157: 54.949999999999996,
                                158: 55.3,
                                159: 55.65,
                                160: 56,
                                161: 56.349999999999994,
                                162: 56.699999999999996,
                                163: 57.05,
                                164: 57.4,
                                165: 57.74999999999999,
                                166: 58.099999999999994,
                                167: 58.449999999999996,
                                168: 58.8,
                                169: 59.15,
                                170: 59.49999999999999,
                                171: 59.849999999999994,
                                172: 60.199999999999996,
                                173: 60.55,
                                174: 60.9,
                                175: 61.24999999999999,
                                176: 61.599999999999994,
                                177: 61.949999999999996,
                                178: 62.3,
                                179: 62.65,
                                180: 62.99999999999999,
                                181: 63.349999999999994,
                                182: 63.699999999999996,
                                183: 64.05,
                                184: 64.39999999999999,
                                185: 64.75,
                                186: 65.1,
                                187: 65.45,
                                188: 65.8,
                                189: 66.14999999999999,
                                190: 66.5,
                                191: 66.85,
                                192: 67.19999999999999,
                                193: 67.55,
                                194: 67.89999999999999,
                                195: 68.25,
                                196: 68.6,
                                197: 68.94999999999999,
                                198: 69.3,
                                199: 69.64999999999999,
                                200: 70,
                            }

                            over "M_Torso"
                            {
                                custom double avars:rz
                                double avars:rz.timeSamples = {
                                    1: 2,
                                    2: 4,
                                    3: 6,
                                    4: 8,
                                    5: 10,
                                    6: 12,
                                    7: 14,
                                    8: 16,
                                    9: 18,
                                    10: 20,
                                    11: 22,
                                    12: 24,
                                    13: 26,
                                    14: 28,
                                    15: 30,
                                    16: 32,
                                    17: 34,
                                    18: 36,
                                    19: 38,
                                    20: 40,
                                    21: 42,
                                    22: 44,
                                    23: 46,
                                    24: 48,
                                    25: 50,
                                    26: 52,
                                    27: 54,
                                    28: 56,
                                    29: 58,
                                    30: 60,
                                    31: 62,
                                    32: 64,
                                    33: 66,
                                    34: 68,
                                    35: 70,
                                    36: 72,
                                    37: 74,
                                    38: 76,
                                    39: 78,
                                    40: 80,
                                    41: 82,
                                    42: 84,
                                    43: 86,
                                    44: 88,
                                    45: 90,
                                    46: 92,
                                    47: 94,
                                    48: 96,
                                    49: 98,
                                    50: 100,
                                    51: 102,
                                    52: 104,
                                    53: 106,
                                    54: 108,
                                    55: 110,
                                    56: 112,
                                    57: 114,
                                    58: 116,
                                    59: 118,
                                    60: 120,
                                    61: 122,
                                    62: 124,
                                    63: 126,
                                    64: 128,
                                    65: 130,
                                    66: 132,
                                    67: 134,
                                    68: 136,
                                    69: 138,
                                    70: 140,
                                    71: 142,
                                    72: 144,
                                    73: 146,
                                    74: 148,
                                    75: 150,
                                    76: 152,
                                    77: 154,
                                    78: 156,
                                    79: 158,
                                    80: 160,
                                    81: 162,
                                    82: 164,
                                    83: 166,
                                    84: 168,
                                    85: 170,
                                    86: 172,
                                    87: 174,
                                    88: 176,
                                    89: 178,
                                    90: 180,
                                    91: 182,
                                    92: 184,
                                    93: 186,
                                    94: 188,
                                    95: 190,
                                    96: 192,
                                    97: 194,
                                    98: 196,
                                    99: 198,
                                    100: 200,
                                    101: 202,
                                    102: 204,
                                    103: 206,
                                    104: 208,
                                    105: 210,
                                    106: 212,
                                    107: 214,
                                    108: 216,
                                    109: 218,
                                    110: 220,
                                    111: 222,
                                    112: 224,
                                    113: 226,
                                    114: 228,
                                    115: 230,
                                    116: 232,
                                    117: 234,
                                    118: 236,
                                    119: 238,
                                    120: 240,
                                    121: 242,
                                    122: 244,
                                    123: 246,
                                    124: 248,
                                    125: 250,
                                    126: 252,
                                    127: 254,
                                    128: 256,
                                    129: 258,
                                    130: 260,
                                    131: 262,
                                    132: 264,
                                    133: 266,
                                    134: 268,
                                    135: 270,
                                    136: 272,
                                    137: 274,
                                    138: 276,
                                    139: 278,
                                    140: 280,
                                    141: 282,
                                    142: 284,
                                    143: 286,
                                    144: 288,
                                    145: 290,
                                    146: 292,
                                    147: 294,
                                    148: 296,
                                    149: 298,
                                    150: 300,
                                    151: 302,
                                    152: 304,
                                    153: 306,
                                    154: 308,
                                    155: 310,
                                    156: 312,
                                    157: 314,
                                    158: 316,
                                    159: 318,
                                    160: 320,
                                    161: 322,
                                    162: 324,
                                    163: 326,
                                    164: 328,
                                    165: 330,
                                    166: 332,
                                    167: 334,
                                    168: 336,
                                    169: 338,
                                    170: 340,
                                    171: 342,
                                    172: 344,
                                    173: 346,
                                    174: 348,
                                    175: 350,
                                    176: 352,
                                    177: 354,
                                    178: 356,
                                    179: 358,
                                    180: 360,
                                    181: 362,
                                    182: 364,
                                    183: 366,
                                    184: 368,
                                    185: 370,
                                    186: 372,
                                    187: 374,
                                    188: 376,
                                    189: 378,
                                    190: 380,
                                    191: 382,
                                    192: 384,
                                    193: 386,
                                    194: 388,
                                    195: 390,
                                    196: 392,
                                    197: 394,
                                    198: 396,
                                    199: 398,
                                    200: 400,
                                }
                                custom double avars:ty
                                double avars:ty.timeSamples = {
                                    1: 0.35,
                                    2: 0.7,
                                    3: 1.0499999999999998,
                                    4: 1.4,
                                    5: 1.75,
                                    6: 2.0999999999999996,
                                    7: 2.4499999999999997,
                                    8: 2.8,
                                    9: 3.15,
                                    10: 3.5,
                                    11: 3.8499999999999996,
                                    12: 4.199999999999999,
                                    13: 4.55,
                                    14: 4.8999999999999995,
                                    15: 5.25,
                                    16: 5.6,
                                    17: 5.949999999999999,
                                    18: 6.3,
                                    19: 6.6499999999999995,
                                    20: 7,
                                    21: 7.35,
                                    22: 7.699999999999999,
                                    23: 8.049999999999999,
                                    24: 8.399999999999999,
                                    25: 8.75,
                                    26: 9.1,
                                    27: 9.45,
                                    28: 9.799999999999999,
                                    29: 10.149999999999999,
                                    30: 10.5,
                                    31: 10.85,
                                    32: 11.2,
                                    33: 11.549999999999999,
                                    34: 11.899999999999999,
                                    35: 12.25,
                                    36: 12.6,
                                    37: 12.95,
                                    38: 13.299999999999999,
                                    39: 13.649999999999999,
                                    40: 14,
                                    41: 14.35,
                                    42: 14.7,
                                    43: 15.049999999999999,
                                    44: 15.399999999999999,
                                    45: 15.749999999999998,
                                    46: 16.099999999999998,
                                    47: 16.45,
                                    48: 16.799999999999997,
                                    49: 17.15,
                                    50: 17.5,
                                    51: 17.849999999999998,
                                    52: 18.2,
                                    53: 18.549999999999997,
                                    54: 18.9,
                                    55: 19.25,
                                    56: 19.599999999999998,
                                    57: 19.95,
                                    58: 20.299999999999997,
                                    59: 20.65,
                                    60: 21,
                                    61: 21.349999999999998,
                                    62: 21.7,
                                    63: 22.049999999999997,
                                    64: 22.4,
                                    65: 22.75,
                                    66: 23.099999999999998,
                                    67: 23.45,
                                    68: 23.799999999999997,
                                    69: 24.15,
                                    70: 24.5,
                                    71: 24.849999999999998,
                                    72: 25.2,
                                    73: 25.549999999999997,
                                    74: 25.9,
                                    75: 26.25,
                                    76: 26.599999999999998,
                                    77: 26.95,
                                    78: 27.299999999999997,
                                    79: 27.65,
                                    80: 28,
                                    81: 28.349999999999998,
                                    82: 28.7,
                                    83: 29.049999999999997,
                                    84: 29.4,
                                    85: 29.749999999999996,
                                    86: 30.099999999999998,
                                    87: 30.45,
                                    88: 30.799999999999997,
                                    89: 31.15,
                                    90: 31.499999999999996,
                                    91: 31.849999999999998,
                                    92: 32.199999999999996,
                                    93: 32.55,
                                    94: 32.9,
                                    95: 33.25,
                                    96: 33.599999999999994,
                                    97: 33.949999999999996,
                                    98: 34.3,
                                    99: 34.65,
                                    100: 35,
                                    101: 35.349999999999994,
                                    102: 35.699999999999996,
                                    103: 36.05,
                                    104: 36.4,
                                    105: 36.75,
                                    106: 37.099999999999994,
                                    107: 37.449999999999996,
                                    108: 37.8,
                                    109: 38.15,
                                    110: 38.5,
                                    111: 38.849999999999994,
                                    112: 39.199999999999996,
                                    113: 39.55,
                                    114: 39.9,
                                    115: 40.25,
                                    116: 40.599999999999994,
                                    117: 40.949999999999996,
                                    118: 41.3,
                                    119: 41.65,
                                    120: 42,
                                    121: 42.349999999999994,
                                    122: 42.699999999999996,
                                    123: 43.05,
                                    124: 43.4,
                                    125: 43.75,
                                    126: 44.099999999999994,
                                    127: 44.449999999999996,
                                    128: 44.8,
                                    129: 45.15,
                                    130: 45.5,
                                    131: 45.849999999999994,
                                    132: 46.199999999999996,
                                    133: 46.55,
                                    134: 46.9,
                                    135: 47.25,
                                    136: 47.599999999999994,
                                    137: 47.949999999999996,
                                    138: 48.3,
                                    139: 48.65,
                                    140: 49,
                                    141: 49.349999999999994,
                                    142: 49.699999999999996,
                                    143: 50.05,
                                    144: 50.4,
                                    145: 50.75,
                                    146: 51.099999999999994,
                                    147: 51.449999999999996,
                                    148: 51.8,
                                    149: 52.15,
                                    150: 52.5,
                                    151: 52.849999999999994,
                                    152: 53.199999999999996,
                                    153: 53.55,
                                    154: 53.9,
                                    155: 54.25,
                                    156: 54.599999999999994,
                                    157: 54.949999999999996,
                                    158: 55.3,
                                    159: 55.65,
                                    160: 56,
                                    161: 56.349999999999994,
                                    162: 56.699999999999996,
                                    163: 57.05,
                                    164: 57.4,
                                    165: 57.74999999999999,
                                    166: 58.099999999999994,
                                    167: 58.449999999999996,
                                    168: 58.8,
                                    169: 59.15,
                                    170: 59.49999999999999,
                                    171: 59.849999999999994,
                                    172: 60.199999999999996,
                                    173: 60.55,
                                    174: 60.9,
                                    175: 61.24999999999999,
                                    176: 61.599999999999994,
                                    177: 61.949999999999996,
                                    178: 62.3,
                                    179: 62.65,
                                    180: 62.99999999999999,
                                    181: 63.349999999999994,
                                    182: 63.699999999999996,
                                    183: 64.05,
                                    184: 64.39999999999999,
                                    185: 64.75,
                                    186: 65.1,
                                    187: 65.45,
                                    188: 65.8,
                                    189: 66.14999999999999,
                                    190: 66.5,
                                    191: 66.85,
                                    192: 67.19999999999999,
                                    193: 67.55,
                                    194: 67.89999999999999,
                                    195: 68.25,
                                    196: 68.6,
                                    197: 68.94999999999999,
                                    198: 69.3,
                                    199: 69.64999999999999,
                                    200: 70,
                                }

                                over "M_Chest"
                                {
                                    over "M_ChestTop"
                                    {
                                        double avars:rx.timeSamples = {
                                            1: -2.0000000000000004,
                                            2: -4,
                                            3: -6.000000000000002,
                                            4: -8.000000000000004,
                                            5: -10,
                                            6: -12.000000000000005,
                                            7: -14.000000000000002,
                                            8: -15.999999999999996,
                                            9: -18,
                                            10: -20.000000000000004,
                                            11: -22,
                                            12: -24.000000000000004,
                                            13: -26,
                                            14: -28,
                                            15: -29.999999999999996,
                                            16: -31.999999999999993,
                                            17: -34,
                                            18: -36,
                                            19: -38,
                                            20: -39.99999999999999,
                                            21: -42,
                                            22: -44.00000000000001,
                                            23: -46.00000000000001,
                                            24: -48.00000000000002,
                                            25: -50.00000000000001,
                                            26: -52,
                                            27: -54,
                                            28: -56,
                                            29: -58.00000000000003,
                                            30: -59.99999999999999,
                                            31: -62,
                                            32: -64,
                                            33: -66,
                                            34: -68.00000000000001,
                                            35: -70.00000000000003,
                                            36: -72.00000000000001,
                                            37: -74,
                                            38: -76,
                                            39: -78,
                                            40: -80.00000000000001,
                                            41: -82,
                                            42: -84.00000000000001,
                                            43: -86.00000000000001,
                                            44: -88.00000000000001,
                                            45: -90.00000000000003,
                                            46: -92.00000000000003,
                                            47: -94.00000000000003,
                                            48: -96.00000000000001,
                                            49: -98.00000000000001,
                                            50: -100.00000000000001,
                                            51: -102.00000000000001,
                                            52: -104.00000000000001,
                                            53: -106.00000000000001,
                                            54: -108.00000000000001,
                                            55: -110.00000000000006,
                                            56: -112.00000000000001,
                                            57: -114.00000000000001,
                                            58: -116.00000000000004,
                                            59: -118.00000000000001,
                                            60: -119.99999999999999,
                                            61: -122,
                                            62: -124,
                                            63: -126.00000000000003,
                                            64: -128,
                                            65: -130,
                                            66: -132.00000000000003,
                                            67: -134,
                                            68: -136,
                                            69: -138,
                                            70: -140.00000000000003,
                                            71: -142,
                                            72: -144.00000000000003,
                                            73: -146,
                                            74: -148,
                                            75: -150,
                                            76: -152,
                                            77: -154,
                                            78: -156,
                                            79: -158,
                                            80: -160,
                                            81: -162,
                                            82: -164,
                                            83: -166,
                                            84: -168,
                                            85: -170,
                                            86: -172,
                                            87: -174,
                                            88: -176,
                                            89: -178,
                                            90: -180,
                                            91: -181.99999999999997,
                                            92: -183.99999999999997,
                                            93: -185.99999999999997,
                                            94: -188,
                                            95: -190,
                                            96: -192,
                                            97: -193.99999999999997,
                                            98: -195.99999999999997,
                                            99: -197.99999999999997,
                                            100: -199.99999999999997,
                                            101: -201.99999999999997,
                                            102: -203.99999999999997,
                                            103: -206,
                                            104: -208,
                                            105: -210,
                                            106: -211.99999999999997,
                                            107: -213.99999999999997,
                                            108: -215.99999999999997,
                                            109: -217.99999999999997,
                                            110: -219.99999999999997,
                                            111: -221.99999999999997,
                                            112: -224,
                                            113: -226,
                                            114: -228.00000000000003,
                                            115: -229.99999999999997,
                                            116: -231.99999999999997,
                                            117: -233.99999999999997,
                                            118: -236.00000000000003,
                                            119: -238,
                                            120: -239.99999999999994,
                                            121: -242,
                                            122: -243.99999999999994,
                                            123: -246,
                                            124: -247.99999999999997,
                                            125: -250,
                                            126: -251.99999999999994,
                                            127: -254,
                                            128: -256,
                                            129: -258,
                                            130: -260,
                                            131: -262,
                                            132: -264,
                                            133: -266,
                                            134: -268,
                                            135: -270,
                                            136: -272,
                                            137: -274,
                                            138: -276,
                                            139: -278,
                                            140: -280,
                                            141: -282,
                                            142: -284,
                                            143: -286,
                                            144: -288,
                                            145: -290,
                                            146: -292,
                                            147: -294,
                                            148: -296,
                                            149: -298,
                                            150: -300,
                                            151: -302,
                                            152: -304,
                                            153: -306,
                                            154: -308,
                                            155: -310,
                                            156: -312,
                                            157: -314,
                                            158: -316,
                                            159: -318,
                                            160: -320,
                                            161: -322,
                                            162: -324,
                                            163: -326,
                                            164: -328,
                                            165: -330,
                                            166: -332,
                                            167: -333.99999999999994,
                                            168: -336,
                                            169: -338,
                                            170: -340,
                                            171: -342,
                                            172: -344,
                                            173: -346,
                                            174: -347.99999999999994,
                                            175: -350,
                                            176: -351.99999999999994,
                                            177: -354,
                                            178: -356,
                                            179: -358,
                                            180: -360,
                                            181: -362,
                                            182: -364,
                                            183: -366,
                                            184: -368,
                                            185: -370,
                                            186: -372,
                                            187: -374,
                                            188: -376,
                                            189: -378,
                                            190: -380,
                                            191: -382,
                                            192: -384,
                                            193: -386,
                                            194: -388,
                                            195: -390,
                                            196: -391.99999999999994,
                                            197: -394,
                                            198: -396,
                                            199: -398,
                                            200: -400,
                                        }
                                        double avars:tz.timeSamples = {
                                            1: -0.35000000000000114,
                                            2: -0.7000000000000028,
                                            3: -1.0500000000000047,
                                            4: -1.4000000000000077,
                                            5: -1.7500000000000109,
                                            6: -2.100000000000014,
                                            7: -2.4500000000000184,
                                            8: -2.800000000000023,
                                            9: -3.1500000000000283,
                                            10: -3.500000000000034,
                                            11: -3.8500000000000396,
                                            12: -4.2000000000000455,
                                            13: -4.550000000000052,
                                            14: -4.900000000000061,
                                            15: -5.2500000000000675,
                                            16: -5.600000000000076,
                                            17: -5.9500000000000846,
                                            18: -6.300000000000093,
                                            19: -6.650000000000103,
                                            20: -7.000000000000114,
                                            21: -7.350000000000122,
                                            22: -7.7000000000001325,
                                            23: -8.050000000000143,
                                            24: -8.400000000000153,
                                            25: -8.750000000000167,
                                            26: -9.100000000000179,
                                            27: -9.45000000000019,
                                            28: -9.800000000000201,
                                            29: -10.150000000000214,
                                            30: -10.500000000000227,
                                            31: -10.850000000000241,
                                            32: -11.200000000000253,
                                            33: -11.550000000000267,
                                            34: -11.90000000000028,
                                            35: -12.250000000000295,
                                            36: -12.600000000000309,
                                            37: -12.950000000000323,
                                            38: -13.300000000000336,
                                            39: -13.65000000000035,
                                            40: -14.000000000000366,
                                            41: -14.35000000000038,
                                            42: -14.700000000000394,
                                            43: -15.050000000000407,
                                            44: -15.400000000000421,
                                            45: -15.750000000000435,
                                            46: -16.100000000000446,
                                            47: -16.45000000000046,
                                            48: -16.800000000000473,
                                            49: -17.15000000000049,
                                            50: -17.500000000000504,
                                            51: -17.850000000000517,
                                            52: -18.200000000000532,
                                            53: -18.55000000000054,
                                            54: -18.900000000000556,
                                            55: -19.250000000000572,
                                            56: -19.600000000000584,
                                            57: -19.950000000000596,
                                            58: -20.30000000000061,
                                            59: -20.65000000000062,
                                            60: -21.000000000000636,
                                            61: -21.350000000000644,
                                            62: -21.700000000000657,
                                            63: -22.050000000000665,
                                            64: -22.400000000000677,
                                            65: -22.75000000000069,
                                            66: -23.100000000000698,
                                            67: -23.45000000000071,
                                            68: -23.80000000000072,
                                            69: -24.150000000000727,
                                            70: -24.50000000000074,
                                            71: -24.850000000000744,
                                            72: -25.200000000000752,
                                            73: -25.550000000000757,
                                            74: -25.900000000000766,
                                            75: -26.250000000000774,
                                            76: -26.60000000000078,
                                            77: -26.950000000000784,
                                            78: -27.30000000000079,
                                            79: -27.650000000000794,
                                            80: -28.0000000000008,
                                            81: -28.3500000000008,
                                            82: -28.700000000000806,
                                            83: -29.050000000000807,
                                            84: -29.400000000000812,
                                            85: -29.75000000000081,
                                            86: -30.10000000000081,
                                            87: -30.450000000000816,
                                            88: -30.800000000000814,
                                            89: -31.150000000000816,
                                            90: -31.50000000000081,
                                            91: -31.85000000000081,
                                            92: -32.200000000000806,
                                            93: -32.55000000000081,
                                            94: -32.90000000000081,
                                            95: -33.2500000000008,
                                            96: -33.6000000000008,
                                            97: -33.95000000000079,
                                            98: -34.300000000000786,
                                            99: -34.65000000000079,
                                            100: -35.00000000000078,
                                            101: -35.35000000000077,
                                            102: -35.70000000000076,
                                            103: -36.05000000000076,
                                            104: -36.40000000000075,
                                            105: -36.750000000000746,
                                            106: -37.10000000000073,
                                            107: -37.45000000000073,
                                            108: -37.800000000000715,
                                            109: -38.15000000000071,
                                            110: -38.5000000000007,
                                            111: -38.85000000000068,
                                            112: -39.20000000000068,
                                            113: -39.550000000000665,
                                            114: -39.90000000000066,
                                            115: -40.25000000000065,
                                            116: -40.60000000000063,
                                            117: -40.95000000000062,
                                            118: -41.30000000000061,
                                            119: -41.650000000000595,
                                            120: -42.00000000000058,
                                            121: -42.35000000000057,
                                            122: -42.70000000000056,
                                            123: -43.050000000000544,
                                            124: -43.40000000000053,
                                            125: -43.75000000000052,
                                            126: -44.1000000000005,
                                            127: -44.450000000000486,
                                            128: -44.80000000000047,
                                            129: -45.15000000000046,
                                            130: -45.50000000000045,
                                            131: -45.85000000000043,
                                            132: -46.200000000000415,
                                            133: -46.5500000000004,
                                            134: -46.90000000000039,
                                            135: -47.25000000000038,
                                            136: -47.60000000000036,
                                            137: -47.950000000000344,
                                            138: -48.30000000000033,
                                            139: -48.65000000000032,
                                            140: -49.000000000000306,
                                            141: -49.350000000000286,
                                            142: -49.70000000000027,
                                            143: -50.05000000000026,
                                            144: -50.40000000000025,
                                            145: -50.75000000000024,
                                            146: -51.10000000000022,
                                            147: -51.45000000000021,
                                            148: -51.800000000000196,
                                            149: -52.15000000000018,
                                            150: -52.50000000000018,
                                            151: -52.85000000000016,
                                            152: -53.200000000000145,
                                            153: -53.55000000000014,
                                            154: -53.90000000000013,
                                            155: -54.25000000000012,
                                            156: -54.6000000000001,
                                            157: -54.950000000000095,
                                            158: -55.30000000000009,
                                            159: -55.65000000000008,
                                            160: -56.00000000000007,
                                            161: -56.35000000000006,
                                            162: -56.70000000000005,
                                            163: -57.05000000000005,
                                            164: -57.40000000000004,
                                            165: -57.75000000000003,
                                            166: -58.10000000000002,
                                            167: -58.45000000000002,
                                            168: -58.80000000000002,
                                            169: -59.15000000000001,
                                            170: -59.5,
                                            171: -59.85,
                                            172: -60.199999999999996,
                                            173: -60.55,
                                            174: -60.9,
                                            175: -61.249999999999986,
                                            176: -61.59999999999999,
                                            177: -61.94999999999999,
                                            178: -62.29999999999999,
                                            179: -62.64999999999999,
                                            180: -62.999999999999986,
                                            181: -63.34999999999999,
                                            182: -63.699999999999996,
                                            183: -64.05,
                                            184: -64.39999999999999,
                                            185: -64.75,
                                            186: -65.1,
                                            187: -65.45,
                                            188: -65.80000000000001,
                                            189: -66.15,
                                            190: -66.50000000000003,
                                            191: -66.85000000000002,
                                            192: -67.20000000000002,
                                            193: -67.55000000000004,
                                            194: -67.90000000000003,
                                            195: -68.25000000000006,
                                            196: -68.60000000000007,
                                            197: -68.95000000000006,
                                            198: -69.30000000000008,
                                            199: -69.65000000000009,
                                            200: -70.0000000000001,
                                        }
                                        uniform token guide:shape = "circle"

                                        over "L_Shldr"
                                        {
                                            custom double avars:rz
                                            double avars:rz.timeSamples = {
                                                1: 2,
                                                2: 4,
                                                3: 6,
                                                4: 8,
                                                5: 10,
                                                6: 12,
                                                7: 14,
                                                8: 16,
                                                9: 18,
                                                10: 20,
                                                11: 22,
                                                12: 24,
                                                13: 26,
                                                14: 28,
                                                15: 30,
                                                16: 32,
                                                17: 34,
                                                18: 36,
                                                19: 38,
                                                20: 40,
                                                21: 42,
                                                22: 44,
                                                23: 46,
                                                24: 48,
                                                25: 50,
                                                26: 52,
                                                27: 54,
                                                28: 56,
                                                29: 58,
                                                30: 60,
                                                31: 62,
                                                32: 64,
                                                33: 66,
                                                34: 68,
                                                35: 70,
                                                36: 72,
                                                37: 74,
                                                38: 76,
                                                39: 78,
                                                40: 80,
                                                41: 82,
                                                42: 84,
                                                43: 86,
                                                44: 88,
                                                45: 90,
                                                46: 92,
                                                47: 94,
                                                48: 96,
                                                49: 98,
                                                50: 100,
                                                51: 102,
                                                52: 104,
                                                53: 106,
                                                54: 108,
                                                55: 110,
                                                56: 112,
                                                57: 114,
                                                58: 116,
                                                59: 118,
                                                60: 120,
                                                61: 122,
                                                62: 124,
                                                63: 126,
                                                64: 128,
                                                65: 130,
                                                66: 132,
                                                67: 134,
                                                68: 136,
                                                69: 138,
                                                70: 140,
                                                71: 142,
                                                72: 144,
                                                73: 146,
                                                74: 148,
                                                75: 150,
                                                76: 152,
                                                77: 154,
                                                78: 156,
                                                79: 158,
                                                80: 160,
                                                81: 162,
                                                82: 164,
                                                83: 166,
                                                84: 168,
                                                85: 170,
                                                86: 172,
                                                87: 174,
                                                88: 176,
                                                89: 178,
                                                90: 180,
                                                91: 182,
                                                92: 184,
                                                93: 186,
                                                94: 188,
                                                95: 190,
                                                96: 192,
                                                97: 194,
                                                98: 196,
                                                99: 198,
                                                100: 200,
                                                101: 202,
                                                102: 204,
                                                103: 206,
                                                104: 208,
                                                105: 210,
                                                106: 212,
                                                107: 214,
                                                108: 216,
                                                109: 218,
                                                110: 220,
                                                111: 222,
                                                112: 224,
                                                113: 226,
                                                114: 228,
                                                115: 230,
                                                116: 232,
                                                117: 234,
                                                118: 236,
                                                119: 238,
                                                120: 240,
                                                121: 242,
                                                122: 244,
                                                123: 246,
                                                124: 248,
                                                125: 250,
                                                126: 252,
                                                127: 254,
                                                128: 256,
                                                129: 258,
                                                130: 260,
                                                131: 262,
                                                132: 264,
                                                133: 266,
                                                134: 268,
                                                135: 270,
                                                136: 272,
                                                137: 274,
                                                138: 276,
                                                139: 278,
                                                140: 280,
                                                141: 282,
                                                142: 284,
                                                143: 286,
                                                144: 288,
                                                145: 290,
                                                146: 292,
                                                147: 294,
                                                148: 296,
                                                149: 298,
                                                150: 300,
                                                151: 302,
                                                152: 304,
                                                153: 306,
                                                154: 308,
                                                155: 310,
                                                156: 312,
                                                157: 314,
                                                158: 316,
                                                159: 318,
                                                160: 320,
                                                161: 322,
                                                162: 324,
                                                163: 326,
                                                164: 328,
                                                165: 330,
                                                166: 332,
                                                167: 334,
                                                168: 336,
                                                169: 338,
                                                170: 340,
                                                171: 342,
                                                172: 344,
                                                173: 346,
                                                174: 348,
                                                175: 350,
                                                176: 352,
                                                177: 354,
                                                178: 356,
                                                179: 358,
                                                180: 360,
                                                181: 362,
                                                182: 364,
                                                183: 366,
                                                184: 368,
                                                185: 370,
                                                186: 372,
                                                187: 374,
                                                188: 376,
                                                189: 378,
                                                190: 380,
                                                191: 382,
                                                192: 384,
                                                193: 386,
                                                194: 388,
                                                195: 390,
                                                196: 392,
                                                197: 394,
                                                198: 396,
                                                199: 398,
                                                200: 400,
                                            }
                                            custom double avars:ty
                                            double avars:ty.timeSamples = {
                                                1: 0.35,
                                                2: 0.7,
                                                3: 1.0499999999999998,
                                                4: 1.4,
                                                5: 1.75,
                                                6: 2.0999999999999996,
                                                7: 2.4499999999999997,
                                                8: 2.8,
                                                9: 3.15,
                                                10: 3.5,
                                                11: 3.8499999999999996,
                                                12: 4.199999999999999,
                                                13: 4.55,
                                                14: 4.8999999999999995,
                                                15: 5.25,
                                                16: 5.6,
                                                17: 5.949999999999999,
                                                18: 6.3,
                                                19: 6.6499999999999995,
                                                20: 7,
                                                21: 7.35,
                                                22: 7.699999999999999,
                                                23: 8.049999999999999,
                                                24: 8.399999999999999,
                                                25: 8.75,
                                                26: 9.1,
                                                27: 9.45,
                                                28: 9.799999999999999,
                                                29: 10.149999999999999,
                                                30: 10.5,
                                                31: 10.85,
                                                32: 11.2,
                                                33: 11.549999999999999,
                                                34: 11.899999999999999,
                                                35: 12.25,
                                                36: 12.6,
                                                37: 12.95,
                                                38: 13.299999999999999,
                                                39: 13.649999999999999,
                                                40: 14,
                                                41: 14.35,
                                                42: 14.7,
                                                43: 15.049999999999999,
                                                44: 15.399999999999999,
                                                45: 15.749999999999998,
                                                46: 16.099999999999998,
                                                47: 16.45,
                                                48: 16.799999999999997,
                                                49: 17.15,
                                                50: 17.5,
                                                51: 17.849999999999998,
                                                52: 18.2,
                                                53: 18.549999999999997,
                                                54: 18.9,
                                                55: 19.25,
                                                56: 19.599999999999998,
                                                57: 19.95,
                                                58: 20.299999999999997,
                                                59: 20.65,
                                                60: 21,
                                                61: 21.349999999999998,
                                                62: 21.7,
                                                63: 22.049999999999997,
                                                64: 22.4,
                                                65: 22.75,
                                                66: 23.099999999999998,
                                                67: 23.45,
                                                68: 23.799999999999997,
                                                69: 24.15,
                                                70: 24.5,
                                                71: 24.849999999999998,
                                                72: 25.2,
                                                73: 25.549999999999997,
                                                74: 25.9,
                                                75: 26.25,
                                                76: 26.599999999999998,
                                                77: 26.95,
                                                78: 27.299999999999997,
                                                79: 27.65,
                                                80: 28,
                                                81: 28.349999999999998,
                                                82: 28.7,
                                                83: 29.049999999999997,
                                                84: 29.4,
                                                85: 29.749999999999996,
                                                86: 30.099999999999998,
                                                87: 30.45,
                                                88: 30.799999999999997,
                                                89: 31.15,
                                                90: 31.499999999999996,
                                                91: 31.849999999999998,
                                                92: 32.199999999999996,
                                                93: 32.55,
                                                94: 32.9,
                                                95: 33.25,
                                                96: 33.599999999999994,
                                                97: 33.949999999999996,
                                                98: 34.3,
                                                99: 34.65,
                                                100: 35,
                                                101: 35.349999999999994,
                                                102: 35.699999999999996,
                                                103: 36.05,
                                                104: 36.4,
                                                105: 36.75,
                                                106: 37.099999999999994,
                                                107: 37.449999999999996,
                                                108: 37.8,
                                                109: 38.15,
                                                110: 38.5,
                                                111: 38.849999999999994,
                                                112: 39.199999999999996,
                                                113: 39.55,
                                                114: 39.9,
                                                115: 40.25,
                                                116: 40.599999999999994,
                                                117: 40.949999999999996,
                                                118: 41.3,
                                                119: 41.65,
                                                120: 42,
                                                121: 42.349999999999994,
                                                122: 42.699999999999996,
                                                123: 43.05,
                                                124: 43.4,
                                                125: 43.75,
                                                126: 44.099999999999994,
                                                127: 44.449999999999996,
                                                128: 44.8,
                                                129: 45.15,
                                                130: 45.5,
                                                131: 45.849999999999994,
                                                132: 46.199999999999996,
                                                133: 46.55,
                                                134: 46.9,
                                                135: 47.25,
                                                136: 47.599999999999994,
                                                137: 47.949999999999996,
                                                138: 48.3,
                                                139: 48.65,
                                                140: 49,
                                                141: 49.349999999999994,
                                                142: 49.699999999999996,
                                                143: 50.05,
                                                144: 50.4,
                                                145: 50.75,
                                                146: 51.099999999999994,
                                                147: 51.449999999999996,
                                                148: 51.8,
                                                149: 52.15,
                                                150: 52.5,
                                                151: 52.849999999999994,
                                                152: 53.199999999999996,
                                                153: 53.55,
                                                154: 53.9,
                                                155: 54.25,
                                                156: 54.599999999999994,
                                                157: 54.949999999999996,
                                                158: 55.3,
                                                159: 55.65,
                                                160: 56,
                                                161: 56.349999999999994,
                                                162: 56.699999999999996,
                                                163: 57.05,
                                                164: 57.4,
                                                165: 57.74999999999999,
                                                166: 58.099999999999994,
                                                167: 58.449999999999996,
                                                168: 58.8,
                                                169: 59.15,
                                                170: 59.49999999999999,
                                                171: 59.849999999999994,
                                                172: 60.199999999999996,
                                                173: 60.55,
                                                174: 60.9,
                                                175: 61.24999999999999,
                                                176: 61.599999999999994,
                                                177: 61.949999999999996,
                                                178: 62.3,
                                                179: 62.65,
                                                180: 62.99999999999999,
                                                181: 63.349999999999994,
                                                182: 63.699999999999996,
                                                183: 64.05,
                                                184: 64.39999999999999,
                                                185: 64.75,
                                                186: 65.1,
                                                187: 65.45,
                                                188: 65.8,
                                                189: 66.14999999999999,
                                                190: 66.5,
                                                191: 66.85,
                                                192: 67.19999999999999,
                                                193: 67.55,
                                                194: 67.89999999999999,
                                                195: 68.25,
                                                196: 68.6,
                                                197: 68.94999999999999,
                                                198: 69.3,
                                                199: 69.64999999999999,
                                                200: 70,
                                            }
                                            uniform token guide:shape = "circle"
                                        }

                                        over "R_Shldr"
                                        {
                                            custom double avars:rz
                                            double avars:rz.timeSamples = {
                                                1: 2,
                                                2: 4,
                                                3: 6,
                                                4: 8,
                                                5: 10,
                                                6: 12,
                                                7: 14,
                                                8: 16,
                                                9: 18,
                                                10: 20,
                                                11: 22,
                                                12: 24,
                                                13: 26,
                                                14: 28,
                                                15: 30,
                                                16: 32,
                                                17: 34,
                                                18: 36,
                                                19: 38,
                                                20: 40,
                                                21: 42,
                                                22: 44,
                                                23: 46,
                                                24: 48,
                                                25: 50,
                                                26: 52,
                                                27: 54,
                                                28: 56,
                                                29: 58,
                                                30: 60,
                                                31: 62,
                                                32: 64,
                                                33: 66,
                                                34: 68,
                                                35: 70,
                                                36: 72,
                                                37: 74,
                                                38: 76,
                                                39: 78,
                                                40: 80,
                                                41: 82,
                                                42: 84,
                                                43: 86,
                                                44: 88,
                                                45: 90,
                                                46: 92,
                                                47: 94,
                                                48: 96,
                                                49: 98,
                                                50: 100,
                                                51: 102,
                                                52: 104,
                                                53: 106,
                                                54: 108,
                                                55: 110,
                                                56: 112,
                                                57: 114,
                                                58: 116,
                                                59: 118,
                                                60: 120,
                                                61: 122,
                                                62: 124,
                                                63: 126,
                                                64: 128,
                                                65: 130,
                                                66: 132,
                                                67: 134,
                                                68: 136,
                                                69: 138,
                                                70: 140,
                                                71: 142,
                                                72: 144,
                                                73: 146,
                                                74: 148,
                                                75: 150,
                                                76: 152,
                                                77: 154,
                                                78: 156,
                                                79: 158,
                                                80: 160,
                                                81: 162,
                                                82: 164,
                                                83: 166,
                                                84: 168,
                                                85: 170,
                                                86: 172,
                                                87: 174,
                                                88: 176,
                                                89: 178,
                                                90: 180,
                                                91: 182,
                                                92: 184,
                                                93: 186,
                                                94: 188,
                                                95: 190,
                                                96: 192,
                                                97: 194,
                                                98: 196,
                                                99: 198,
                                                100: 200,
                                                101: 202,
                                                102: 204,
                                                103: 206,
                                                104: 208,
                                                105: 210,
                                                106: 212,
                                                107: 214,
                                                108: 216,
                                                109: 218,
                                                110: 220,
                                                111: 222,
                                                112: 224,
                                                113: 226,
                                                114: 228,
                                                115: 230,
                                                116: 232,
                                                117: 234,
                                                118: 236,
                                                119: 238,
                                                120: 240,
                                                121: 242,
                                                122: 244,
                                                123: 246,
                                                124: 248,
                                                125: 250,
                                                126: 252,
                                                127: 254,
                                                128: 256,
                                                129: 258,
                                                130: 260,
                                                131: 262,
                                                132: 264,
                                                133: 266,
                                                134: 268,
                                                135: 270,
                                                136: 272,
                                                137: 274,
                                                138: 276,
                                                139: 278,
                                                140: 280,
                                                141: 282,
                                                142: 284,
                                                143: 286,
                                                144: 288,
                                                145: 290,
                                                146: 292,
                                                147: 294,
                                                148: 296,
                                                149: 298,
                                                150: 300,
                                                151: 302,
                                                152: 304,
                                                153: 306,
                                                154: 308,
                                                155: 310,
                                                156: 312,
                                                157: 314,
                                                158: 316,
                                                159: 318,
                                                160: 320,
                                                161: 322,
                                                162: 324,
                                                163: 326,
                                                164: 328,
                                                165: 330,
                                                166: 332,
                                                167: 334,
                                                168: 336,
                                                169: 338,
                                                170: 340,
                                                171: 342,
                                                172: 344,
                                                173: 346,
                                                174: 348,
                                                175: 350,
                                                176: 352,
                                                177: 354,
                                                178: 356,
                                                179: 358,
                                                180: 360,
                                                181: 362,
                                                182: 364,
                                                183: 366,
                                                184: 368,
                                                185: 370,
                                                186: 372,
                                                187: 374,
                                                188: 376,
                                                189: 378,
                                                190: 380,
                                                191: 382,
                                                192: 384,
                                                193: 386,
                                                194: 388,
                                                195: 390,
                                                196: 392,
                                                197: 394,
                                                198: 396,
                                                199: 398,
                                                200: 400,
                                            }
                                            custom double avars:ty
                                            double avars:ty.timeSamples = {
                                                1: 0.35,
                                                2: 0.7,
                                                3: 1.0499999999999998,
                                                4: 1.4,
                                                5: 1.75,
                                                6: 2.0999999999999996,
                                                7: 2.4499999999999997,
                                                8: 2.8,
                                                9: 3.15,
                                                10: 3.5,
                                                11: 3.8499999999999996,
                                                12: 4.199999999999999,
                                                13: 4.55,
                                                14: 4.8999999999999995,
                                                15: 5.25,
                                                16: 5.6,
                                                17: 5.949999999999999,
                                                18: 6.3,
                                                19: 6.6499999999999995,
                                                20: 7,
                                                21: 7.35,
                                                22: 7.699999999999999,
                                                23: 8.049999999999999,
                                                24: 8.399999999999999,
                                                25: 8.75,
                                                26: 9.1,
                                                27: 9.45,
                                                28: 9.799999999999999,
                                                29: 10.149999999999999,
                                                30: 10.5,
                                                31: 10.85,
                                                32: 11.2,
                                                33: 11.549999999999999,
                                                34: 11.899999999999999,
                                                35: 12.25,
                                                36: 12.6,
                                                37: 12.95,
                                                38: 13.299999999999999,
                                                39: 13.649999999999999,
                                                40: 14,
                                                41: 14.35,
                                                42: 14.7,
                                                43: 15.049999999999999,
                                                44: 15.399999999999999,
                                                45: 15.749999999999998,
                                                46: 16.099999999999998,
                                                47: 16.45,
                                                48: 16.799999999999997,
                                                49: 17.15,
                                                50: 17.5,
                                                51: 17.849999999999998,
                                                52: 18.2,
                                                53: 18.549999999999997,
                                                54: 18.9,
                                                55: 19.25,
                                                56: 19.599999999999998,
                                                57: 19.95,
                                                58: 20.299999999999997,
                                                59: 20.65,
                                                60: 21,
                                                61: 21.349999999999998,
                                                62: 21.7,
                                                63: 22.049999999999997,
                                                64: 22.4,
                                                65: 22.75,
                                                66: 23.099999999999998,
                                                67: 23.45,
                                                68: 23.799999999999997,
                                                69: 24.15,
                                                70: 24.5,
                                                71: 24.849999999999998,
                                                72: 25.2,
                                                73: 25.549999999999997,
                                                74: 25.9,
                                                75: 26.25,
                                                76: 26.599999999999998,
                                                77: 26.95,
                                                78: 27.299999999999997,
                                                79: 27.65,
                                                80: 28,
                                                81: 28.349999999999998,
                                                82: 28.7,
                                                83: 29.049999999999997,
                                                84: 29.4,
                                                85: 29.749999999999996,
                                                86: 30.099999999999998,
                                                87: 30.45,
                                                88: 30.799999999999997,
                                                89: 31.15,
                                                90: 31.499999999999996,
                                                91: 31.849999999999998,
                                                92: 32.199999999999996,
                                                93: 32.55,
                                                94: 32.9,
                                                95: 33.25,
                                                96: 33.599999999999994,
                                                97: 33.949999999999996,
                                                98: 34.3,
                                                99: 34.65,
                                                100: 35,
                                                101: 35.349999999999994,
                                                102: 35.699999999999996,
                                                103: 36.05,
                                                104: 36.4,
                                                105: 36.75,
                                                106: 37.099999999999994,
                                                107: 37.449999999999996,
                                                108: 37.8,
                                                109: 38.15,
                                                110: 38.5,
                                                111: 38.849999999999994,
                                                112: 39.199999999999996,
                                                113: 39.55,
                                                114: 39.9,
                                                115: 40.25,
                                                116: 40.599999999999994,
                                                117: 40.949999999999996,
                                                118: 41.3,
                                                119: 41.65,
                                                120: 42,
                                                121: 42.349999999999994,
                                                122: 42.699999999999996,
                                                123: 43.05,
                                                124: 43.4,
                                                125: 43.75,
                                                126: 44.099999999999994,
                                                127: 44.449999999999996,
                                                128: 44.8,
                                                129: 45.15,
                                                130: 45.5,
                                                131: 45.849999999999994,
                                                132: 46.199999999999996,
                                                133: 46.55,
                                                134: 46.9,
                                                135: 47.25,
                                                136: 47.599999999999994,
                                                137: 47.949999999999996,
                                                138: 48.3,
                                                139: 48.65,
                                                140: 49,
                                                141: 49.349999999999994,
                                                142: 49.699999999999996,
                                                143: 50.05,
                                                144: 50.4,
                                                145: 50.75,
                                                146: 51.099999999999994,
                                                147: 51.449999999999996,
                                                148: 51.8,
                                                149: 52.15,
                                                150: 52.5,
                                                151: 52.849999999999994,
                                                152: 53.199999999999996,
                                                153: 53.55,
                                                154: 53.9,
                                                155: 54.25,
                                                156: 54.599999999999994,
                                                157: 54.949999999999996,
                                                158: 55.3,
                                                159: 55.65,
                                                160: 56,
                                                161: 56.349999999999994,
                                                162: 56.699999999999996,
                                                163: 57.05,
                                                164: 57.4,
                                                165: 57.74999999999999,
                                                166: 58.099999999999994,
                                                167: 58.449999999999996,
                                                168: 58.8,
                                                169: 59.15,
                                                170: 59.49999999999999,
                                                171: 59.849999999999994,
                                                172: 60.199999999999996,
                                                173: 60.55,
                                                174: 60.9,
                                                175: 61.24999999999999,
                                                176: 61.599999999999994,
                                                177: 61.949999999999996,
                                                178: 62.3,
                                                179: 62.65,
                                                180: 62.99999999999999,
                                                181: 63.349999999999994,
                                                182: 63.699999999999996,
                                                183: 64.05,
                                                184: 64.39999999999999,
                                                185: 64.75,
                                                186: 65.1,
                                                187: 65.45,
                                                188: 65.8,
                                                189: 66.14999999999999,
                                                190: 66.5,
                                                191: 66.85,
                                                192: 67.19999999999999,
                                                193: 67.55,
                                                194: 67.89999999999999,
                                                195: 68.25,
                                                196: 68.6,
                                                197: 68.94999999999999,
                                                198: 69.3,
                                                199: 69.64999999999999,
                                                200: 70,
                                            }
                                            uniform token guide:shape = "circle"
                                        }

                                        over "M_Neck"
                                        {
                                            double avars:rx.timeSamples = {
                                                1: -1.9999999999999996,
                                                2: -4.000000000000001,
                                                3: -6.000000000000003,
                                                4: -8.000000000000002,
                                                5: -9.999999999999998,
                                                6: -12.000000000000004,
                                                7: -14.000000000000005,
                                                8: -16.000000000000004,
                                                9: -18.000000000000004,
                                                10: -20.000000000000007,
                                                11: -22.000000000000004,
                                                12: -24.00000000000001,
                                                13: -26.000000000000004,
                                                14: -28,
                                                15: -29.999999999999996,
                                                16: -32,
                                                17: -34,
                                                18: -36.00000000000001,
                                                19: -38.00000000000001,
                                                20: -39.99999999999999,
                                                21: -42.00000000000001,
                                                22: -44.00000000000001,
                                                23: -46.00000000000001,
                                                24: -48.00000000000002,
                                                25: -50,
                                                26: -52,
                                                27: -54,
                                                28: -56.00000000000001,
                                                29: -58.00000000000002,
                                                30: -59.99999999999999,
                                                31: -62,
                                                32: -64,
                                                33: -66,
                                                34: -68.00000000000001,
                                                35: -70.00000000000003,
                                                36: -72.00000000000001,
                                                37: -74,
                                                38: -76,
                                                39: -78,
                                                40: -80.00000000000001,
                                                41: -82,
                                                42: -84.00000000000001,
                                                43: -86.00000000000001,
                                                44: -88.00000000000001,
                                                45: -90.00000000000003,
                                                46: -92.00000000000003,
                                                47: -94.00000000000003,
                                                48: -96.00000000000001,
                                                49: -98.00000000000001,
                                                50: -100.00000000000001,
                                                51: -102.00000000000001,
                                                52: -104.00000000000001,
                                                53: -106.00000000000001,
                                                54: -108.00000000000001,
                                                55: -110.00000000000006,
                                                56: -112.00000000000001,
                                                57: -114.00000000000001,
                                                58: -116.00000000000004,
                                                59: -118.00000000000001,
                                                60: -119.99999999999999,
                                                61: -122,
                                                62: -124,
                                                63: -126.00000000000003,
                                                64: -128,
                                                65: -130,
                                                66: -132.00000000000003,
                                                67: -134,
                                                68: -136,
                                                69: -138,
                                                70: -140,
                                                71: -142,
                                                72: -144.00000000000003,
                                                73: -146,
                                                74: -148,
                                                75: -150,
                                                76: -152,
                                                77: -154,
                                                78: -156,
                                                79: -158,
                                                80: -160,
                                                81: -162,
                                                82: -164,
                                                83: -166,
                                                84: -168,
                                                85: -170,
                                                86: -172,
                                                87: -174,
                                                88: -176,
                                                89: -178,
                                                90: -180,
                                                91: -181.99999999999997,
                                                92: -183.99999999999997,
                                                93: -185.99999999999997,
                                                94: -188,
                                                95: -190,
                                                96: -192,
                                                97: -193.99999999999997,
                                                98: -195.99999999999997,
                                                99: -198,
                                                100: -199.99999999999997,
                                                101: -202,
                                                102: -203.99999999999997,
                                                103: -206,
                                                104: -208,
                                                105: -210.00000000000003,
                                                106: -211.99999999999997,
                                                107: -213.99999999999997,
                                                108: -215.99999999999997,
                                                109: -217.99999999999997,
                                                110: -219.99999999999997,
                                                111: -222,
                                                112: -224,
                                                113: -226,
                                                114: -228,
                                                115: -229.99999999999997,
                                                116: -232,
                                                117: -233.99999999999997,
                                                118: -236,
                                                119: -238,
                                                120: -239.99999999999994,
                                                121: -242,
                                                122: -243.99999999999994,
                                                123: -246,
                                                124: -247.99999999999994,
                                                125: -250,
                                                126: -251.99999999999994,
                                                127: -254,
                                                128: -256,
                                                129: -258,
                                                130: -260,
                                                131: -262,
                                                132: -264,
                                                133: -266,
                                                134: -268,
                                                135: -270,
                                                136: -272,
                                                137: -274,
                                                138: -276,
                                                139: -278,
                                                140: -280,
                                                141: -282,
                                                142: -284,
                                                143: -286,
                                                144: -288,
                                                145: -290,
                                                146: -292,
                                                147: -294,
                                                148: -296,
                                                149: -298,
                                                150: -300,
                                                151: -302,
                                                152: -304,
                                                153: -306,
                                                154: -308,
                                                155: -310,
                                                156: -312,
                                                157: -314,
                                                158: -316,
                                                159: -318,
                                                160: -320,
                                                161: -322,
                                                162: -324,
                                                163: -326,
                                                164: -328,
                                                165: -330,
                                                166: -332,
                                                167: -333.99999999999994,
                                                168: -336,
                                                169: -338,
                                                170: -340,
                                                171: -342,
                                                172: -344,
                                                173: -346,
                                                174: -347.99999999999994,
                                                175: -350,
                                                176: -351.99999999999994,
                                                177: -354,
                                                178: -356,
                                                179: -358,
                                                180: -360,
                                                181: -362,
                                                182: -364,
                                                183: -366,
                                                184: -368,
                                                185: -370,
                                                186: -372,
                                                187: -374,
                                                188: -376,
                                                189: -378,
                                                190: -380,
                                                191: -382,
                                                192: -384,
                                                193: -386,
                                                194: -388,
                                                195: -390,
                                                196: -392,
                                                197: -394,
                                                198: -396,
                                                199: -398,
                                                200: -400,
                                            }
                                            custom double avars:space = 0
                                            custom double avars:ty
                                            double avars:ty.timeSamples = {
                                                1: 0.02971941579127304,
                                                2: 0.05943883158254606,
                                                3: 0.08915824737381903,
                                                4: 0.11887766316509198,
                                                5: 0.14859707895636487,
                                                6: 0.1783164947476376,
                                                7: 0.2080359105389103,
                                                8: 0.23775532633018284,
                                                9: 0.2674747421214553,
                                                10: 0.2971941579127276,
                                                11: 0.32691357370399965,
                                                12: 0.35663298949527145,
                                                13: 0.3863524052865432,
                                                14: 0.4160718210778147,
                                                15: 0.445791236869086,
                                                16: 0.4755106526603569,
                                                17: 0.5052300684516277,
                                                18: 0.5349494842428981,
                                                19: 0.5646689000341683,
                                                20: 0.5943883158254382,
                                                21: 0.6241077316167077,
                                                22: 0.6538271474079769,
                                                23: 0.6835465631992458,
                                                24: 0.7132659789905142,
                                                25: 0.7429853947817824,
                                                26: 0.7727048105730502,
                                                27: 0.8024242263643174,
                                                28: 0.8321436421555845,
                                                29: 0.8618630579468509,
                                                30: 0.891582473738117,
                                                31: 0.9213018895293827,
                                                32: 0.951021305320648,
                                                33: 0.9807407211119127,
                                                34: 1.010460136903177,
                                                35: 1.040179552694441,
                                                36: 1.0698989684857045,
                                                37: 1.0996183842769673,
                                                38: 1.1293378000682297,
                                                39: 1.1590572158594916,
                                                40: 1.188776631650753,
                                                41: 1.2184960474420141,
                                                42: 1.2482154632332747,
                                                43: 1.2779348790245346,
                                                44: 1.307654294815794,
                                                45: 1.3373737106070531,
                                                46: 1.3670931263983117,
                                                47: 1.3968125421895699,
                                                48: 1.426531957980827,
                                                49: 1.4562513737720841,
                                                50: 1.485970789563341,
                                                51: 1.5156902053545964,
                                                52: 1.5454096211458521,
                                                53: 1.5751290369371072,
                                                54: 1.604848452728362,
                                                55: 1.6345678685196159,
                                                56: 1.6642872843108694,
                                                57: 1.6940067001021228,
                                                58: 1.7237261158933752,
                                                59: 1.7534455316846278,
                                                60: 1.7831649474758797,
                                                61: 1.8128843632671308,
                                                62: 1.8426037790583818,
                                                63: 1.8723231948496322,
                                                64: 1.9020426106408825,
                                                65: 1.9317620264321325,
                                                66: 1.9614814422233815,
                                                67: 1.9912008580146308,
                                                68: 2.020920273805879,
                                                69: 2.0506396895971277,
                                                70: 2.080359105388376,
                                                71: 2.110078521179623,
                                                72: 2.139797936970871,
                                                73: 2.1695173527621177,
                                                74: 2.1992367685533645,
                                                75: 2.228956184344611,
                                                76: 2.258675600135857,
                                                77: 2.2883950159271036,
                                                78: 2.318114431718349,
                                                79: 2.3478338475095946,
                                                80: 2.37755326330084,
                                                81: 2.407272679092085,
                                                82: 2.43699209488333,
                                                83: 2.466711510674575,
                                                84: 2.4964309264658198,
                                                85: 2.526150342257065,
                                                86: 2.5558697580483094,
                                                87: 2.585589173839554,
                                                88: 2.615308589630798,
                                                89: 2.6450280054220427,
                                                90: 2.6747474212132873,
                                                91: 2.7044668370045315,
                                                92: 2.734186252795776,
                                                93: 2.763905668587021,
                                                94: 2.7936250843782653,
                                                95: 2.8233445001695103,
                                                96: 2.8530639159607545,
                                                97: 2.8827833317519995,
                                                98: 2.9125027475432446,
                                                99: 2.9422221633344896,
                                                100: 2.9719415791257346,
                                                101: 3.0016609949169797,
                                                102: 3.031380410708225,
                                                103: 3.061099826499471,
                                                104: 3.0908192422907175,
                                                105: 3.120538658081964,
                                                106: 3.15025807387321,
                                                107: 3.179977489664457,
                                                108: 3.2096969054557043,
                                                109: 3.2394163212469516,
                                                110: 3.2691357370381993,
                                                111: 3.2988551528294465,
                                                112: 3.328574568620695,
                                                113: 3.3582939844119437,
                                                114: 3.388013400203193,
                                                115: 3.4177328159944427,
                                                116: 3.4474522317856917,
                                                117: 3.4771716475769425,
                                                118: 3.506891063368193,
                                                119: 3.5366104791594437,
                                                120: 3.5663298949506954,
                                                121: 3.596049310741947,
                                                122: 3.6257687265331993,
                                                123: 3.6554881423244523,
                                                124: 3.6852075581157053,
                                                125: 3.7149269739069593,
                                                126: 3.7446463896982127,
                                                127: 3.774365805489467,
                                                128: 3.8040852212807224,
                                                129: 3.833804637071978,
                                                130: 3.863524052863234,
                                                131: 3.8932434686544903,
                                                132: 3.9229628844457474,
                                                133: 3.952682300237005,
                                                134: 3.982401716028263,
                                                135: 4.012121131819522,
                                                136: 4.04184054761078,
                                                137: 4.07155996340204,
                                                138: 4.1012793791933,
                                                139: 4.130998794984561,
                                                140: 4.160718210775822,
                                                141: 4.190437626567083,
                                                142: 4.220157042358345,
                                                143: 4.249876458149608,
                                                144: 4.27959587394087,
                                                145: 4.309315289732134,
                                                146: 4.339034705523398,
                                                147: 4.3687541213146615,
                                                148: 4.398473537105927,
                                                149: 4.428192952897192,
                                                150: 4.457912368688458,
                                                151: 4.487631784479723,
                                                152: 4.517351200270991,
                                                153: 4.547070616062257,
                                                154: 4.576790031853525,
                                                155: 4.606509447644792,
                                                156: 4.63622886343606,
                                                157: 4.6659482792273295,
                                                158: 4.695667695018598,
                                                159: 4.7253871108098675,
                                                160: 4.755106526601137,
                                                161: 4.784825942392406,
                                                162: 4.814545358183676,
                                                163: 4.844264773974947,
                                                164: 4.873984189766218,
                                                165: 4.903703605557489,
                                                166: 4.9334230213487595,
                                                167: 4.963142437140031,
                                                168: 4.992861852931304,
                                                169: 5.0225812687225755,
                                                170: 5.052300684513847,
                                                171: 5.08202010030512,
                                                172: 5.111739516096391,
                                                173: 5.141458931887665,
                                                174: 5.1711783476789375,
                                                175: 5.20089776347021,
                                                176: 5.230617179261483,
                                                177: 5.260336595052755,
                                                178: 5.290056010844029,
                                                179: 5.319775426635302,
                                                180: 5.349494842426575,
                                                181: 5.379214258217848,
                                                182: 5.408933674009121,
                                                183: 5.438653089800394,
                                                184: 5.468372505591667,
                                                185: 5.498091921382939,
                                                186: 5.527811337174212,
                                                187: 5.557530752965486,
                                                188: 5.587250168756758,
                                                189: 5.616969584548029,
                                                190: 5.646689000339303,
                                                191: 5.676408416130574,
                                                192: 5.706127831921846,
                                                193: 5.735847247713118,
                                                194: 5.765566663504389,
                                                195: 5.795286079295661,
                                                196: 5.825005495086931,
                                                197: 5.854724910878202,
                                                198: 5.884444326669473,
                                                199: 5.914163742460743,
                                                200: 5.943883158252014,
                                            }
                                            double avars:tz.timeSamples = {
                                                1: -0.34873594068439007,
                                                2: -0.6974718813687806,
                                                3: -1.0462078220531714,
                                                4: -1.3949437627375632,
                                                5: -1.7436797034219553,
                                                6: -2.0924156441063477,
                                                7: -2.441151584790741,
                                                8: -2.789887525475134,
                                                9: -3.1386234661595283,
                                                10: -3.487359406843923,
                                                11: -3.8360953475283175,
                                                12: -4.184831288212712,
                                                13: -4.533567228897109,
                                                14: -4.882303169581505,
                                                15: -5.231039110265902,
                                                16: -5.579775050950299,
                                                17: -5.928510991634696,
                                                18: -6.277246932319095,
                                                19: -6.625982873003492,
                                                20: -6.9747188136878915,
                                                21: -7.323454754372291,
                                                22: -7.67219069505669,
                                                23: -8.020926635741091,
                                                24: -8.36966257642549,
                                                25: -8.71839851710989,
                                                26: -9.067134457794293,
                                                27: -9.415870398478692,
                                                28: -9.764606339163095,
                                                29: -10.113342279847497,
                                                30: -10.4620782205319,
                                                31: -10.8108141612163,
                                                32: -11.159550101900702,
                                                33: -11.508286042585105,
                                                34: -11.857021983269508,
                                                35: -12.205757923953914,
                                                36: -12.554493864638317,
                                                37: -12.90322980532272,
                                                38: -13.251965746007123,
                                                39: -13.600701686691526,
                                                40: -13.949437627375929,
                                                41: -14.298173568060335,
                                                42: -14.646909508744738,
                                                43: -14.995645449429144,
                                                44: -15.344381390113547,
                                                45: -15.69311733079795,
                                                46: -16.041853271482353,
                                                47: -16.39058921216676,
                                                48: -16.739325152851162,
                                                49: -17.088061093535565,
                                                50: -17.43679703421997,
                                                51: -17.78553297490437,
                                                52: -18.134268915588777,
                                                53: -18.48300485627318,
                                                54: -18.831740796957583,
                                                55: -19.180476737641985,
                                                56: -19.529212678326388,
                                                57: -19.877948619010795,
                                                58: -20.226684559695194,
                                                59: -20.5754205003796,
                                                60: -20.924156441064003,
                                                61: -21.272892381748402,
                                                62: -21.621628322432805,
                                                63: -21.970364263117204,
                                                64: -22.319100203801607,
                                                65: -22.66783614448601,
                                                66: -23.016572085170406,
                                                67: -23.36530802585481,
                                                68: -23.714043966539204,
                                                69: -24.062779907223607,
                                                70: -24.411515847908007,
                                                71: -24.760251788592406,
                                                72: -25.108987729276805,
                                                73: -25.4577236699612,
                                                74: -25.806459610645604,
                                                75: -26.15519555133,
                                                76: -26.503931492014395,
                                                77: -26.852667432698794,
                                                78: -27.201403373383187,
                                                79: -27.550139314067582,
                                                80: -27.898875254751978,
                                                81: -28.24761119543637,
                                                82: -28.596347136120766,
                                                83: -28.945083076805158,
                                                84: -29.29381901748955,
                                                85: -29.642554958173942,
                                                86: -29.991290898858335,
                                                87: -30.340026839542727,
                                                88: -30.688762780227115,
                                                89: -31.037498720911508,
                                                90: -31.3862346615959,
                                                91: -31.73497060228029,
                                                92: -32.08370654296468,
                                                93: -32.43244248364907,
                                                94: -32.781178424333454,
                                                95: -33.12991436501785,
                                                96: -33.478650305702224,
                                                97: -33.827386246386624,
                                                98: -34.17612218707101,
                                                99: -34.524858127755394,
                                                100: -34.87359406843978,
                                                101: -35.22233000912416,
                                                102: -35.57106594980854,
                                                103: -35.91980189049293,
                                                104: -36.26853783117731,
                                                105: -36.6172737718617,
                                                106: -36.966009712546075,
                                                107: -37.31474565323046,
                                                108: -37.663481593914845,
                                                109: -38.01221753459922,
                                                110: -38.36095347528361,
                                                111: -38.70968941596798,
                                                112: -39.058425356652364,
                                                113: -39.40716129733674,
                                                114: -39.75589723802113,
                                                115: -40.104633178705505,
                                                116: -40.453369119389876,
                                                117: -40.80210506007426,
                                                118: -41.15084100075864,
                                                119: -41.49957694144301,
                                                120: -41.84831288212739,
                                                121: -42.197048822811766,
                                                122: -42.545784763496144,
                                                123: -42.89452070418052,
                                                124: -43.2432566448649,
                                                125: -43.59199258554928,
                                                126: -43.94072852623365,
                                                127: -44.28946446691803,
                                                128: -44.638200407602405,
                                                129: -44.98693634828678,
                                                130: -45.33567228897116,
                                                131: -45.684408229655524,
                                                132: -46.0331441703399,
                                                133: -46.38188011102428,
                                                134: -46.73061605170866,
                                                135: -47.079351992393036,
                                                136: -47.42808793307741,
                                                137: -47.776823873761785,
                                                138: -48.12555981444616,
                                                139: -48.474295755130534,
                                                140: -48.82303169581491,
                                                141: -49.17176763649928,
                                                142: -49.52050357718366,
                                                143: -49.86923951786804,
                                                144: -50.21797545855242,
                                                145: -50.566711399236794,
                                                146: -50.915447339921165,
                                                147: -51.26418328060554,
                                                148: -51.61291922128992,
                                                149: -51.9616551619743,
                                                150: -52.31039110265868,
                                                151: -52.65912704334305,
                                                152: -53.00786298402743,
                                                153: -53.35659892471181,
                                                154: -53.70533486539619,
                                                155: -54.05407080608057,
                                                156: -54.402806746764945,
                                                157: -54.75154268744933,
                                                158: -55.1002786281337,
                                                159: -55.449014568818086,
                                                160: -55.79775050950247,
                                                161: -56.14648645018684,
                                                162: -56.49522239087123,
                                                163: -56.84395833155561,
                                                164: -57.19269427224,
                                                165: -57.54143021292437,
                                                166: -57.89016615360875,
                                                167: -58.23890209429314,
                                                168: -58.58763803497752,
                                                169: -58.93637397566191,
                                                170: -59.285109916346286,
                                                171: -59.63384585703068,
                                                172: -59.982581797715056,
                                                173: -60.33131773839945,
                                                174: -60.68005367908384,
                                                175: -61.02878961976822,
                                                176: -61.377525560452604,
                                                177: -61.726261501136996,
                                                178: -62.07499744182138,
                                                179: -62.42373338250577,
                                                180: -62.772469323190165,
                                                181: -63.12120526387456,
                                                182: -63.46994120455894,
                                                183: -63.81867714524334,
                                                184: -64.16741308592772,
                                                185: -64.51614902661213,
                                                186: -64.8648849672965,
                                                187: -65.21362090798091,
                                                188: -65.5623568486653,
                                                189: -65.91109278934968,
                                                190: -66.25982873003409,
                                                191: -66.60856467071848,
                                                192: -66.95730061140287,
                                                193: -67.30603655208728,
                                                194: -67.65477249277167,
                                                195: -68.00350843345606,
                                                196: -68.35224437414047,
                                                197: -68.70098031482486,
                                                198: -69.04971625550925,
                                                199: -69.39845219619366,
                                                200: -69.74718813687807,
                                            }
                                        }
                                    }
                                }
                            }
                        }
                    }
                }
            }
        }
    }
}

