#usda 1.0
(
    defaultPrim = "Biped"
    doc = "The spine and head wires: three bend controls along the spine and three over the skull, each riding the chain below it, and the two wires on the body they drive. Adds prims and overrides nothing, so dropping this sublayer leaves the character exactly as it was."
)

over "Biped"
{
    over "Rig"
    {
        over "Weights"
        {
            def Scope "bodyWires"
            {
                def Scope "head_wire_bind"
                {
                    custom float2[] rigExec:bindCoordinates = [(0.369244, 8.443598), (0.3814982, 8.291117), (0.35516658, 8.645328), (0.5438613, 5.5073557), (0.5597591, 5.288342), (0.52704734, 5.7091255), (0.4764144, 6.38221), (0.6053148, 5.406832), (0.6023624, 5.1769533), (0.59516823, 5.0518503), (0.58159107, 5.062094), (0.57176566, 5.1417017), (0.49610323, 6.058457), (0.51097, 5.8878827), (0.55463904, 5.098083), (0.5469796, 4.800678), (0.52937526, 4.990496), (0.53767556, 5.296245), (0.5681916, 4.938922), (0.5623768, 4.6328764), (0.48738077, 5.833319), (0.478422, 5.517951), (0.57924724, 4.831535), (0.57559794, 4.5052295), (0.5956947, 4.7742877), (0.59516823, 4.4088078), (0.6092418, 5.092585), (0.6127292, 4.677347), (0.6065846, 4.486662), (0.6049988, 4.877501), (0.53994876, 4.4137883), (0.52182966, 4.6007547), (0.5562295, 4.2473006), (0.46971235, 5.1389737), (0.57062906, 4.118307), (0.5921464, 4.0067964), (0.6127292, 4.2307124), (0.6053148, 4.062157), (0.5326023, 3.96273), (0.5146269, 4.1468544), (0.5493988, 3.800098), (0.4624706, 4.655329), (0.5645331, 3.6806781), (0.58712906, 3.5925949), (0.6086492, 3.7961402), (0.6004758, 3.642056), (0.5189024, 3.0457602), (0.5019055, 3.2291589), (0.5356401, 2.9124537), (0.5509648, 2.8390305), (0.5746257, 2.881047), (0.50303954, 5.66049), (0.49482605, 5.3465433), (0.4871326, 4.9608393), (0.479906, 4.498045), (0.47213697, 3.5514948), (0.43351156, 4.9290586), (0.44194704, 5.4399233), (0.45329973, 5.8398566), (0.4652211, 6.1580772), (0.4855912, 3.4243488), (0.49659222, 4.335158), (0.5039535, 4.787671), (0.5117012, 5.1763487), (0.5203052, 5.4822674), (0.507864, 3.6670349), (0.49037194, 3.8596997), (0.47473237, 4.003239), (0.45825863, 4.127555), (0.42979413, 4.3273726), (0.6007934, 3.4005597), (0.59321964, 3.2601686), (0.5805965, 3.2042844), (0.557391, 3.2191336), (0.5421036, 3.319125), (0.5250391, 3.4687564), (0.49610323, 2.8718863), (0.4811078, 3.0828447), (0.47159246, 3.2261689), (0.4581305, 3.6241992), (0.4325967, 3.7068756), (0.57021385, 2.6463463), (0.47672644, 2.3982868), (0.45793214, 2.7120306), (0.53585345, 2.2137737), (0.5172431, 2.1599805), (0.4970143, 2.2142804), (0.5629656, 5.4354553), (0.54816127, 5.660918), (0.5734572, 5.302088), (0.5328049, 5.871474), (0.5815515, 5.240514), (0.5927551, 5.2737436), (0.60079217, 5.6781497), (0.5984102, 5.429161), (0.48780102, 6.5332837), (0.5050761, 6.2192225), (0.51817036, 6.0552273), (0.5799721, 2.7555077), (0.59616077, 5.3420997), (0.5995935, 5.102765), (0.6013002, 4.81178), (0.6019173, 4.431352), (0.5999048, 4.0181804), (0.59491825, 3.605811), (0.5883498, 3.230168), (0.58197373, 2.9287214), (0.5676161, 2.5336971), (0.442218, 3.1512063), (0.5881517, 5.236793), (0.5892588, 5.035299), (0.5887524, 4.777503), (0.5864631, 4.430398), (0.58259773, 4.0368953), (0.5768987, 3.614269), (0.570217, 3.196834), (0.5641152, 2.8397107), (0.55928016, 2.5589519), (0.55275315, 2.3484812), (0.4749751, 2.8935988), (0.49020353, 2.6291115), (0.5252576, 2.3350356), (0.5564053, 2.4076643), (0.568697, 2.543531), (0.46274304, 3.206826), (0.5775856, 2.6984303), (0.5076846, 2.43166), (0.5418314, 2.3277836), (0.58555454, 2.942895), (0.5770469, 2.7381692), (0.5129681, 2.68118), (0.5297853, 2.5642447), (0.54556894, 2.522742), (0.49898446, 7.064944), (0.5045871, 7.0485067), (0.4929365, 7.078417), (0.47644037, 7.100312), (0.46682045, 7.0504265), (0.4641216, 6.990847), (0.46281826, 6.904512), (0.46310493, 6.8002205), (0.46544868, 6.6746655), (0.47006783, 6.537243), (0.60436374, 5.745351), (0.6019879, 5.9260263), (0.5982281, 6.09397), (0.5930358, 6.2536044), (0.5868259, 6.4025073), (0.5686029, 6.6732464), (0.5574329, 6.7813873), (0.5343879, 6.9266276), (0.5175242, 6.9999437), (0.5109942, 7.023424), (0.4820866, 7.094948), (0.48737088, 7.0877156), (0.50439656, 6.95366), (0.5035694, 6.833365), (0.4952505, 6.8615265), (0.49732423, 6.9755287), (0.512586, 6.9154606), (0.5131919, 6.782492), (0.47664303, 6.998721), (0.47017336, 6.8534546), (0.45622793, 6.8980365), (0.44389573, 6.662902), (0.43856117, 6.5502367), (0.45230633, 6.813047), (0.45013788, 6.5854836), (0.43568167, 6.2752423), (0.4384752, 6.132616), (0.45283747, 6.4529495), (0.45776337, 6.314961), (0.4444532, 5.990091), (0.6133172, 5.159203), (0.6072868, 5.6008277), (0.6107119, 5.357356), (0.6040951, 5.7826977), (0.5211495, 6.877105), (0.52244574, 6.7310123), (0.54055357, 6.772573), (0.5431113, 6.5910425), (0.57478005, 6.464567), (0.5794784, 6.192797), (0.56649905, 6.3657913), (0.5625991, 6.602766), (0.50256556, 6.670896), (0.49351072, 6.707122), (0.51307565, 6.607264), (0.46437258, 6.6543064), (0.43158755, 6.3707314), (0.42486975, 6.225917), (0.42146605, 5.8991704), (0.4250021, 5.7360587), (0.4318458, 5.584285), (0.61560005, 4.702879), (0.6133689, 4.9146395), (0.5228173, 6.54549), (0.5438632, 6.3818607), (0.58137745, 5.911937), (0.56782424, 6.122529), (0.50113016, 6.480167), (0.49134785, 6.5185056), (0.5119777, 6.416308), (0.45994678, 6.456549), (0.42193154, 6.0264792), (0.4139545, 5.823521), (0.410586, 5.414591), (0.41474795, 5.2286882), (0.42250425, 5.0691285), (0.61316305, 4.2694345), (0.61126304, 4.4933524), (0.52182966, 6.349342), (0.5431544, 6.17141), (0.5801354, 5.620768), (0.5666269, 5.8761263), (0.49682835, 6.049549), (0.48641166, 6.106623), (0.50818133, 5.974729), (0.5191512, 5.896389), (0.54004675, 5.7245545), (0.45032305, 6.7032924), (0.43596712, 6.4154983), (0.42163998, 6.063716), (0.4102473, 5.6176715), (0.60531545, 5.566136), (0.60976505, 5.241727), (0.61415845, 4.814601), (0.6148723, 4.359582), (0.6111936, 3.9197676), (0.6092228, 5.414524), (0.6142292, 4.9779515), (0.6158888, 4.5186715), (0.6128006, 4.0779257), (0.5992639, 5.964765), (0.60616446, 5.559301), (0.6092228, 5.14154), (0.60746855, 4.741289), (0.5931957, 6.138585), (0.5997882, 5.7711983), (0.6023063, 5.3930964), (0.6009932, 5.027343), (0.45017478, 2.7858524), (0.53322256, 2.3406467), (0.5133771, 2.2831523), (0.4918854, 2.3250105), (0.47044554, 2.4864836), (0.4836772, 6.9966445), (0.47887748, 6.870512), (0.47460452, 6.6974125), (0.4713622, 6.506346), (0.46769273, 6.1334434), (0.44728014, 6.359194), (0.4533145, 6.5969377), (0.46066284, 6.810189), (0.46903044, 6.986532), (0.47677216, 6.141835), (0.4816377, 6.527074), (0.48424318, 6.7168775), (0.4871363, 6.8729634), (0.4904425, 6.9895244), (0.48912194, 6.323719), (0.47929096, 6.3396325), (0.46903044, 6.319076), (0.457448, 6.244752), (0.44395104, 6.1035514), (0.41762716, 5.638605), (0.4094764, 5.3616962), (0.4055079, 5.08898), (0.4058146, 4.8464537), (0.4102473, 4.634082), (0.41851106, 4.460273), (0.60363346, 3.530315), (0.6055438, 3.693197), (0.6058585, 3.894681), (0.6044943, 4.130756), (0.60150945, 4.393756), (0.5958767, 4.700918), (0.5760235, 5.351326), (0.56318295, 5.634023), (0.5416004, 5.949645), (0.52042776, 6.136633), (0.51014566, 6.2094855), (0.49916676, 6.2771583), (0.48310265, 5.8849483), (0.47362566, 5.9521184), (0.46720353, 5.9940763), (0.45717454, 6.038537), (0.44480482, 5.848124), (0.42034292, 5.243696), (0.4128602, 4.8899927), (0.40911087, 4.543857), (0.4095247, 4.2332892), (0.41384745, 3.985335), (0.4217833, 3.8137138), (0.59329957, 3.1618855), (0.5943018, 3.3345714), (0.59417844, 3.5533116), (0.59273684, 3.8106427), (0.5901427, 4.0896044), (0.58521503, 4.4146986), (0.5687891, 5.126481), (0.53980523, 5.5074005), (0.4728754, 5.278848), (0.45971385, 5.4289174), (0.42963713, 4.887712), (0.42396474, 4.475073), (0.42112738, 4.068685), (0.4220479, 3.699827), (0.42608806, 3.4122875), (0.43298694, 3.2309358), (0.58093953, 2.8760264), (0.58092946, 3.0624852), (0.5802252, 3.3042989), (0.5785407, 3.5858867), (0.5759551, 3.8882442), (0.5719689, 4.227625), (0.51921034, 4.971363), (0.5037475, 5.0474834), (0.48797494, 5.153081), (0.5232916, 3.7056632), (0.5030321, 3.7400997), (0.4821008, 3.8169954), (0.460995, 3.948845), (0.5256835, 3.3074934), (0.50480926, 3.3152893), (0.48294926, 3.3752315), (0.46091798, 3.502793), (0.5282003, 2.9255996), (0.5071612, 2.9054475), (0.4849583, 2.9508803), (0.4623732, 3.079484), (0.53063023, 2.590918), (0.51000905, 2.5462089), (0.48797306, 2.5836523), (0.46535924, 2.7259147), (0.44478822, 4.6098833), (0.4408983, 4.161691), (0.43962243, 3.7239175), (0.44076806, 3.3205016), (0.44415203, 2.99607), (0.52130324, 4.1278706), (0.50213003, 4.183485), (0.4825819, 4.277481), (0.46311295, 4.413231), (0.83655494, 3.7066915), (0.83235687, 3.792514), (0.8854899, 3.5428996), (0.91646516, 3.3840325), (0.8480663, 3.6519566), (0.85777926, 3.6344638), (0.83560014, 3.9278932), (0.8398936, 3.9867394), (0.83283305, 3.8913705), (0.848897, 4.190449), (0.8446128, 4.0700145), (0.83231956, 3.8445642), (0.8706588, 3.603089), (0.68885034, 7.9998193), (0.7014939, 6.3897314), (0.69767815, 6.6704392), (0.73916346, 5.9302397), (0.7458171, 5.7229733), (0.83155996, 3.865637), (0.8288261, 4.054864), (0.8345892, 3.9412208), (0.8342747, 3.793433), (0.91844314, 3.1251147), (0.88902295, 3.4207494), (0.89857197, 3.0699184), (0.92410976, 2.4943414), (0.85965604, 3.563383), (0.8716898, 3.426973), (0.8615452, 3.581931), (0.8515238, 3.6244419), (0.69492084, 7.0006757), (0.6907248, 7.7931943), (0.6921551, 7.5977087), (0.8462838, 6.7317657), (0.8359494, 6.5645876), (0.8013939, 5.975371), (0.7952607, 5.711626), (0.79676104, 5.6221952), (0.80205065, 5.888165), (0.77121127, 7.8882732), (0.76699746, 7.6199436), (0.84551126, 7.0109377), (0.8348761, 6.8070474), (0.82628065, 6.658888), (0.808065, 6.3078637), (0.7633537, 7.4077835), (0.75441706, 6.8699822), (0.7995492, 6.0822573), (0.7914891, 5.8077536), (0.7499095, 6.5954275), (0.7458171, 6.3475046), (0.7537979, 5.5286083), (0.761529, 5.3557734), (0.82437783, 5.537138), (0.78119093, 5.2023005), (0.7899784, 5.189222), (0.84551126, 6.4450207), (0.8411219, 5.9791565), (0.8348696, 6.2776093), (0.834394, 5.9474835), (0.83791363, 5.786747), (0.8008604, 5.824575), (0.8268001, 6.2758813), (0.7962617, 5.5648756), (0.8308574, 5.77753), (0.8262133, 5.799357), (0.80642295, 5.401072), (0.8188795, 5.5963674), (0.7972779, 5.297905), (0.7943041, 5.5561633), (0.8062521, 6.006367), (0.7926463, 5.409533), (0.82050145, 5.8342147), (0.80386555, 5.460882), (0.8136154, 5.641107), (0.7947459, 5.3542986), (0.7912316, 5.682631), (0.80556494, 5.96474), (0.79893243, 5.9399686), (0.7896006, 5.584866), (0.80386555, 5.850533), (0.797483, 5.62667), (0.8013939, 5.735864), (0.79315567, 5.5573034), (0.8383076, 3.731241), (0.814167, 5.861433), (0.8007054, 5.5163317), (0.8089364, 5.678245), (0.79288113, 5.4103203), (0.7895336, 5.4527307), (0.7914891, 5.580403), (0.8032347, 5.984787), (0.8173298, 5.9946184), (0.81117296, 6.000111), (0.8084068, 5.8639774), (0.7987358, 5.5730724), (0.8048472, 5.7167892), (0.79227227, 5.4814286), (0.78825873, 5.5041413), (0.79010063, 5.617918), (0.80033666, 5.9584703), (0.8242333, 5.969693), (0.8229032, 4.3210444), (0.83155537, 4.1592083), (0.8334736, 4.0448256), (0.826367, 4.1807384), (0.87472254, 3.5157886), (0.88503, 3.2673023), (0.9347704, 2.0480907), (0.9099724, 2.7555404), (0.8959513, 3.0404072), (0.881109, 3.3002458), (0.8665972, 3.537847), (0.8417529, 3.9670188), (0.8418723, 3.8850412), (0.8635054, 3.5450833), (0.87650967, 3.3580124), (0.89045465, 3.1485476), (0.9039403, 2.9055417), (0.9283219, 2.2768955), (0.84132195, 3.8213546), (0.8649158, 4.818218), (0.72143936, 5.989387), (0.7293524, 5.833716), (0.73816866, 5.6897035), (0.74758536, 5.5469627), (0.7284513, 5.9624066), (0.7363265, 5.783777), (0.74493873, 5.612382), (0.7543699, 5.449768), (0.7641072, 5.2908597), (0.75766224, 5.4021683), (0.80887705, 4.4923306), (0.8039209, 4.6291294), (0.7975481, 4.80327), (0.74917454, 5.5390244), (0.7392273, 5.662899), (0.7299331, 5.776972), (0.7210652, 5.890715), (0.7133524, 6.0196843), (0.70366323, 7.9830794), (0.7082781, 6.6595917), (0.71105635, 6.3805833), (0.70635724, 6.9818563), (0.7049492, 7.765339), (0.70547813, 7.5687838), (0.7171793, 7.9676003), (0.71756154, 6.647832), (0.71934265, 6.3705196), (0.71677524, 6.9643497), (0.71762836, 7.739097), (0.71762836, 7.5432186), (0.7339283, 6.3554463), (0.73468596, 6.6267395), (0.7361809, 6.929316), (0.74026287, 7.486431), (0.74190235, 7.685602), (0.74347454, 7.936258), (0.81323737, 4.3960867), (0.81584585, 7.703035), (0.80822086, 7.434053), (0.8013939, 7.2108254), (0.78447664, 6.7061315), (0.7755883, 6.446645), (0.7676673, 6.1774106), (0.85289186, 4.3596964), (0.8597955, 4.872866), (0.8344549, 4.1428523), (0.8099509, 5.339583), (0.8262133, 4.093079), (0.83005935, 4.0994716), (0.83897763, 4.216604), (0.8432945, 4.3260403), (0.8479474, 4.468745), (0.85252845, 4.629168), (0.9001021, 3.4590037), (0.9028473, 3.2892838), (0.9105226, 2.8473284), (0.91564476, 2.6568737), (0.921828, 2.4778063), (0.85674477, 4.547181), (0.63080287, 11.427855), (0.61509156, 11.212485), (0.584396, 10.839823), (0.5994965, 11.015726), (0.5697944, 10.686061), (0.5288128, 10.336839), (0.515805, 10.259172), (0.6023688, 11.424635), (0.58627266, 11.134825), (0.571163, 10.86039), (0.55627155, 10.614043), (0.54221666, 10.40581), (0.50230515, 10.117835), (0.4897505, 10.134838), (0.4939309, 10.211819), (0.5133206, 10.3458395), (0.5006155, 10.270171), (0.506291, 10.261385), (0.544875, 10.698422), (0.55197716, 10.783879), (0.55882764, 10.9111), (0.56589997, 10.982247), (0.5731166, 11.147934), (0.5806437, 11.2005825), (0.5878631, 11.408571), (0.5955412, 11.441618), (0.6034539, 11.695161), (0.61086667, 11.708285), (0.49189165, 10.181056), (0.5042161, 10.210304), (0.5429323, 10.6190405), (0.5568541, 10.83448), (0.5713392, 11.074891), (0.58610916, 11.336561), (0.6018128, 11.623111), (0.522881, 10.370049), (0.5100681, 10.287568), (0.5628222, 10.758782), (0.57724535, 10.929071), (0.5920835, 11.122563), (0.6074446, 11.338117), (0.62334704, 11.574041), (0.20959401, 7.1825485), (0.19142494, 7.131852), (0.14062026, 6.8303256), (0.12741664, 6.6899695), (0.17274724, 7.0744815), (0.08199953, 6.133276), (0.53109515, 8.260798), (0.6005174, 8.078756), (0.09882655, 6.3391366), (0.085497715, 6.1692557), (0.53201574, 8.164858), (0.60043925, 7.924002), (0.6016866, 7.763125), (0.5319945, 8.097605), (0.088683486, 6.2065988), (0.5685534, 7.8458977), (0.57004327, 8.1050825), (0.5689158, 7.9655266), (0.7479385, 5.8121533), (0.24837011, 7.3929152), (0.44803596, 8.028421), (0.4310275, 8.291324), (0.43964702, 8.141914), (0.42421657, 8.444829), (0.4095571, 8.862452), (0.41238928, 8.765545), (0.41276664, 8.864193), (0.4285806, 8.740916), (0.4377641, 8.71089), (0.45624086, 8.796871), (0.45742828, 8.858282), (0.48659423, 8.556507), (0.45837876, 8.920124), (0.45784652, 8.885134), (0.48590738, 8.616099), (0.48592842, 8.683668), (0.26594824, 8.813906), (0.2656326, 8.785296), (0.42320687, 9.058105), (0.42241296, 9.032528), (0.42186844, 9.009925), (0.41964182, 8.9664755), (0.4027722, 8.8749), (0.39460632, 8.8748), (0.38086435, 8.931207), (0.3801384, 8.880787), (0.38804692, 8.75466), (0.41036835, 8.435377), (0.42117146, 8.281124), (0.43196973, 8.131743), (0.44184443, 8.022875), (0.33024538, 9.004256), (0.32803175, 8.952684), (0.33920968, 8.474048), (0.3573063, 7.864955), (0.37656638, 7.8291416), (0.3388796, 7.932278), (0.29325283, 8.324805), (0.3063481, 8.17272), (0.28346494, 8.443089), (0.27119714, 8.560142), (0.26792303, 8.596838), (0.2656045, 8.761383), (0.26564157, 8.709256), (0.13394018, 7.4357686), (0.16500264, 7.9330945), (0.13593833, 7.4225745), (0.16643143, 7.9103165), (0.16752368, 7.8956237), (0.13766274, 7.416956), (0.14360726, 7.412127), (0.171584, 7.864048), (0.1963694, 7.819659), (0.18722184, 7.822981), (0.16417742, 7.457075), (0.1749293, 7.4895506), (0.20197833, 7.533717), (0.2208088, 7.790054), (0.21908146, 7.5018086), (0.23641941, 7.723098), (0.23646642, 7.4585342), (0.25316453, 7.640849), (0.27585515, 7.4886594), (0.2911929, 7.579554), (0.2977471, 7.568287), (0.31273165, 7.6149583), (0.3216523, 7.6806), (0.33581752, 7.684622), (0.36032403, 7.787293), (0.346828, 7.8219295), (0.10641922, 6.836067), (0.10909667, 6.8419046), (0.11154222, 6.852602), (0.119598046, 6.897617), (0.14455198, 7.0729713), (0.15654223, 7.1535163), (0.1862019, 7.290541), (0.20440033, 7.301047), (0.22210905, 7.3055987), (0.26164857, 7.4278126), (0.28327313, 7.548834), (0.30676615, 7.7059903), (0.33187333, 7.889566), (0.37196633, 7.9865627), (0.3857432, 7.917465), (0.35724124, 8.086371), (0.48656398, 9.776608), (0.44666284, 9.957073), (0.4344334, 9.995396), (0.38017383, 9.991864), (0.27541125, 8.939252), (0.2939614, 9.225065), (0.21733423, 8.258422), (0.24033433, 8.280704), (0.22352187, 7.936466), (0.20256284, 7.8936515), (0.12625344, 7.171828), (0.14707479, 7.6112847), (0.13419494, 7.126683), (0.11257437, 6.6021338), (0.19370806, 8.149885), (0.18023069, 7.7581778), (0.0605516, 4.4430547), (0.045302898, 3.4453883), (0.06747807, 4.939881), (0.05296025, 4.070441), (0.026924917, 1.4192537), (0.03486209, 2.5276964), (0.12452904, 6.697362), (0.104215756, 6.171058), (0.16793744, 7.381699), (0.18884197, 7.540941), (0.20808654, 7.6152015), (0.041618776, 3.1671286), (0.05965059, 4.3959193), (0.101938844, 6.2971005), (0.108099274, 6.632908), (0.114124894, 6.9111223), (0.13346192, 7.6026473), (0.0933382, 6.2002044), (0.07785944, 5.482078), (0.073586635, 5.323862), (0.059379444, 4.5240755), (0.16340418, 8.317447), (0.18228821, 8.59425), (0.1280238, 7.1590843), (0.2795407, 9.801907), (0.36930084, 10.363528), (0.43641296, 10.362006), (0.38810787, 10.404781), (0.2260151, 8.906406), (0.2506393, 8.951963), (0.35401374, 10.167493), (0.33059204, 10.199494), (0.45808446, 10.235951), (0.46293426, 10.201232), (0.42235917, 10.305962), (0.41612354, 10.339436), (0.15915427, 8.240675), (0.18729363, 8.81578), (0.3207414, 10.168753), (0.30462283, 10.060407), (0.29145765, 9.932597), (0.37805474, 10.362059), (0.38770473, 10.370379), (0.39582935, 10.385372), (0.40480438, 10.373664), (0.44907126, 10.287623), (0.44215912, 10.326239), (0.4394438, 10.341221), (0.4535645, 10.2930355), (0.45593122, 10.28145), (0.13406345, 7.4338703), (0.14007989, 7.664857), (0.28603816, 9.876634), (0.3742681, 10.360337), (0.39220703, 10.39183), (0.3306161, 9.026484), (0.45067576, 10.310789), (0.32186332, 8.856291), (0.4003203, 7.9644384), (0.41597474, 7.9093122), (0.3963221, 7.8281517), (0.41451547, 7.8531876), (0.43138573, 7.8842764), (0.45108354, 7.9400344), (0.45613247, 7.9409394), (0.46246883, 10.252462), (0.20484938, 9.029674), (0.24615115, 9.243513), (0.43436524, 10.185717), (0.42104295, 10.2163315), (0.4072085, 10.329277), (0.47389743, 10.061435), (0.40039375, 10.355279), (0.47129807, 10.2147455), (0.47621867, 10.18048), (0.26961628, 9.25609), (0.36684188, 10.0946665), (0.4276169, 10.118154), (0.44054958, 10.085027), (0.4800891, 9.938784), (0.49424252, 9.897177), (0.4875733, 10.0307045), (0.39596713, 8.176766), (0.46593222, 7.9315486), (0.44874576, 7.9112406), (0.5001682, 7.8927255), (0.53311557, 7.790623), (0.6103894, 7.6114106), (0.46050692, 7.882815), (0.4647518, 7.8802037), (0.7899634, 5.2217317), (0.7754034, 5.4312916), (0.68601036, 6.858166), (0.6983964, 6.6706986), (0.48580095, 7.848597), (0.48903838, 7.8373427), (0.47523823, 7.847211), (0.47135973, 7.8547406), (0.66684383, 6.8926134), (0.65490526, 7.037333), (0.7113714, 6.4725595), (0.6797915, 6.7362466), (0.7247407, 6.2660565), (0.6934495, 6.567701), (0.56535023, 7.62118), (0.55881625, 7.642968), (0.5227053, 7.7695484), (0.51953316, 7.7816796), (0.45805472, 7.8757315), (0.47412834, 7.881878), (0.50802237, 7.8362637), (0.54257244, 7.718147), (0.6254496, 7.3999333), (0.6547121, 7.339577), (0.33143368, 9.050492), (0.3205972, 8.829063), (0.32270393, 8.743298), (0.32771066, 8.631146), (0.3697436, 8.177007), (0.38566887, 8.058197), (0.4304068, 7.885635), (0.44365355, 7.87738), (0.47698048, 10.184354), (0.47936833, 10.19663), (0.48150727, 10.208376), (0.49718675, 10.234568), (0.50268346, 10.204896), (0.48805246, 10.234131), (0.50446796, 8.357151), (0.5440206, 7.997393), (0.54421103, 8.083243), (0.5437333, 8.184462), (0.50402486, 8.507224), (0.5041266, 8.425601), (0.5557082, 7.9160037), (0.55621195, 8.015797), (0.5560518, 8.135275), (0.82952124, 3.956854), (0.823221, 4.178375), (0.8193127, 4.3162127), (0.81464237, 4.4737625), (0.81659627, 4.3226056), (0.8200466, 4.221094), (0.82571346, 4.081988), (0.8299775, 3.9664195), (0.8344549, 3.8694818), (0.84008574, 3.7751822), (0.8556737, 3.5899112), (0.8664839, 3.5073054), (0.87952775, 3.3963869), (0.89340776, 3.2495275), (0.9063239, 3.0670164), (0.9208938, 2.819702), (0.8119646, 4.463406), (0.80627036, 4.6335144), (0.7615426, 5.62648), (0.70936745, 6.4116936), (0.6960442, 6.5980024), (0.68316734, 6.774542), (0.67094254, 6.940521), (0.64035136, 7.3636475), (0.62448525, 7.6096625), (0.81818956, 4.3191133), (0.8229032, 4.293109), (0.82750875, 4.31583), (0.83231956, 4.373671), (0.83718544, 4.4645863), (0.84207296, 4.5823174), (0.84712607, 4.717512), (0.8545199, 4.9272766), (0.6723917, 8.015841), (0.6747644, 7.824139), (0.6765751, 7.6308165), (0.68156606, 7.017427), (0.6859513, 6.6773267), (0.6909173, 6.394745), (0.7038517, 6.0518236), (0.71156526, 5.9519815), (0.7199365, 5.8722744), (0.7293524, 5.7920914), (0.73928076, 5.695837), (0.79010063, 4.9938335), (0.7995642, 4.819354), (0.80887705, 4.6498475), (0.8185097, 4.479586), (0.82886344, 4.2881227), (0.84069234, 4.0654836), (0.86913705, 3.5457864), (0.8855216, 3.2534974), (0.90187705, 2.9383), (0.91669565, 2.6098933), (0.9292446, 2.2914581), (0.9436196, 1.7887356), (0.80703586, 4.825755), (0.7945982, 5.0338025), (0.7827657, 5.224691), (0.77159375, 5.4011087), (0.7143431, 6.06049), (0.7049492, 6.0801997), (0.696751, 6.0697746), (0.68950707, 6.0661798), (0.68197924, 6.096233), (0.6670668, 6.3680654), (0.6593624, 6.663151), (0.65104556, 7.0452533), (0.64086884, 7.7009706), (0.6382119, 7.885687), (0.6357989, 8.0554695), (0.65477556, 8.033132), (0.6573049, 7.858445), (0.65987086, 7.6645384), (0.6670356, 7.0318503), (0.67291594, 6.677536), (0.67919135, 6.3903437), (0.6932595, 6.0787663), (0.70083785, 6.012851), (0.70878875, 5.971359), (0.717886, 5.931752), (0.72768223, 5.870467), (0.7813085, 5.1958404), (0.79163283, 5.0204873), (0.8023706, 4.83835), (0.8133196, 4.64521), (0.7987358, 5.230284), (0.8342747, 5.600725), (0.7349482, 6.0077286), (0.7493463, 5.8233466), (0.76392984, 5.6348295), (0.7788118, 5.4376493), (0.72134095, 6.2002196), (0.7363072, 6.0203204), (0.75132555, 5.842871), (0.7662785, 5.6643214), (0.5957585, 7.629268), (0.60987496, 7.4502006), (0.6377465, 7.14828), (0.64944124, 7.0262136), (0.66237867, 6.889912), (0.6764226, 6.7374225), (0.70584875, 6.3878384), (0.7204449, 6.1930447), (0.73455906, 5.9948163), (0.7604238, 5.5718713), (0.771138, 5.3612065), (0.78046834, 5.1583867), (0.78855777, 4.9652314), (0.79527044, 4.791283), (0.80106884, 4.6604366), (0.80556494, 4.5716405), (0.8103626, 4.5075192), (0.8151608, 4.4759903), (0.8200466, 4.4830437), (0.8253321, 4.5247483), (0.8308574, 4.596578), (0.836262, 4.69306), (0.84166366, 4.8061166), (0.848897, 4.9914618), (0.5806621, 7.659139), (0.593726, 7.5101814), (0.6194097, 7.2702384), (0.6306077, 7.1749077), (0.64366597, 7.0613422), (0.6584302, 6.924449), (0.6902291, 6.5878887), (0.7056942, 6.3889527), (0.7209938, 6.1764483), (0.7487677, 5.7278705), (0.76039726, 5.510851), (0.7705028, 5.3027735), (0.7793661, 5.1097026), (0.78652465, 4.943213), (0.79243356, 4.818274), (0.7972779, 4.7340198), (0.80201876, 4.674991), (0.8068996, 4.642346), (0.81242996, 4.6387715), (0.8180961, 4.6666093), (0.82437783, 4.7223115), (0.83044034, 4.8007607), (0.83612436, 4.8985734), (0.84386337, 5.06612), (0.5651507, 7.697708), (0.57695454, 7.5757685), (0.5999873, 7.4008217), (0.6103634, 7.334313), (0.62326854, 7.2476244), (0.6391581, 7.127026), (0.67360985, 6.794873), (0.6907248, 6.580866), (0.70744044, 6.3459744), (0.736933, 5.8692565), (0.74917454, 5.652626), (0.7601443, 5.4440064), (0.7698619, 5.25327), (0.7774295, 5.0943217), (0.78364056, 4.9732065), (0.78855777, 4.8894753), (0.7930041, 4.833886), (0.78944004, 4.9479055), (0.7959682, 4.92399), (0.8033565, 4.928002), (0.8111782, 4.9574847), (0.8192859, 5.0185056), (0.82669085, 5.1004972), (0.8354632, 5.2327785), (0.54928106, 7.740871), (0.55987805, 7.645562), (0.5796034, 7.530495), (0.5884297, 7.4901958), (0.60062134, 7.4283524), (0.6193048, 7.311782), (0.65750396, 6.9672937), (0.67523074, 6.7400613), (0.6930067, 6.480695), (0.7251164, 5.9881144), (0.73816866, 5.776101), (0.7494871, 5.579367), (0.75971985, 5.4023085), (0.76763487, 5.249856), (0.7740634, 5.1320114), (0.78046834, 5.0826483), (0.7881294, 5.0407143), (0.7967142, 5.032142), (0.8056627, 5.0561366), (0.8151608, 5.1268673), (0.82365584, 5.2118974), (0.8329044, 5.325467), (0.6384746, 7.6164517), (0.64623517, 7.4784617), (0.63214904, 7.4869294), (0.61757296, 7.505591), (0.60250956, 7.5385284), (0.5869344, 7.5842896), (0.5707962, 7.6348405), (0.5543222, 7.6902285), (0.537688, 7.751602), (0.5038989, 7.863133), (0.46992093, 7.9023857), (0.4533139, 7.88965), (0.43768182, 7.8777304), (0.42266414, 7.866462), (0.40684837, 7.8658795), (0.38933012, 7.8952956), (0.37209868, 7.9604826), (0.3546821, 8.05656), (0.32329497, 8.333239), (0.31108204, 8.489861), (0.3038486, 8.60668), (0.2961746, 8.712921), (0.2954149, 8.745034), (0.2973026, 8.856994), (0.29818445, 8.909078), (0.29876122, 8.932171), (0.2994408, 8.958286), (0.5285885, 10.245822), (0.52988255, 10.436177), (0.53182507, 10.513077), (0.5384238, 10.608078), (0.54896563, 10.60815), (0.55549496, 10.551882), (0.51524615, 10.148907), (0.5169167, 10.295695), (0.51902187, 10.363425), (0.52590656, 10.460127), (0.5359833, 10.477207), (0.5418746, 10.435582), (0.5010986, 9.721508), (0.3281659, 10.1694975), (0.33379245, 10.197446), (0.33823955, 10.222432), (0.3490065, 10.281435), (0.36308786, 10.321085), (0.3713314, 10.319903), (0.39043438, 10.238249), (0.4001006, 10.148323), (0.22082326, 9.165588), (0.2279932, 9.297006), (0.2341593, 9.396775), (0.25044015, 9.634267), (0.2716938, 9.858607), (0.2843942, 9.93382), (0.31336164, 9.95), (0.32994315, 9.891026), (0.15705496, 7.9460883), (0.16346772, 8.171152), (0.16958828, 8.357132), (0.18806988, 8.808103), (0.21433763, 9.242504), (0.23030731, 9.400836), (0.26804045, 9.531373), (0.2896077, 9.515053), (0.3121454, 9.463867), (0.8348761, 3.6892698), (0.8326457, 3.7052083), (0.91353226, 3.5217392), (0.88244826, 3.6224303), (0.8545646, 3.6662714), (0.84504855, 3.6648505), (0.83816797, 3.8024006), (0.8428536, 3.8497226), (0.8351992, 3.781411), (0.85271376, 4.076001), (0.8568842, 4.25452), (0.8299775, 3.5201359), (0.828334, 3.4443061), (0.826367, 3.4663184), (0.82843995, 3.5316997), (0.8635054, 3.4958897), (0.8513996, 3.412811), (0.8586311, 3.5680184), (0.87443167, 3.6322005), (0.83746266, 3.5030558), (0.84386337, 3.5116048), (0.8406031, 3.390813), (0.8354632, 3.3996232), (0.83577836, 3.584466), (0.8327171, 3.478939), (0.83786446, 3.4754603), (0.8407979, 3.6021519), (0.83216566, 3.5740209), (0.82905847, 3.489305), (0.85420763, 3.6557648), (0.8503045, 3.496716), (0.8568842, 3.5178397), (0.86102, 3.7032597), (0.8875487, 3.6971548), (0.86814797, 3.6515584), (0.8481884, 3.6081629), (0.8406031, 3.5966291), (0.83762324, 3.674355), (0.8339721, 3.6469543), (0.8425781, 3.7015703), (0.848897, 3.7425966), (0.8555829, 3.8099566), (0.8481884, 3.9436285), (0.8615452, 3.9116752), (0.84752524, 3.6262584), (0.8322207, 3.7356648), (0.83319914, 3.7651005), (0.8299775, 3.6174645), (0.83155996, 3.6371393), (0.82807416, 3.5507758), (0.8299192, 3.5658865), (0.8255087, 3.4942408), (0.8268983, 3.4926567), (0.83044034, 3.6097522), (0.83216566, 3.6001258), (0.8440963, 3.4789507), (0.846102, 3.3951511), (0.85051143, 3.5295215), (0.8572906, 3.628764), (0.86715317, 3.6637442), (0.8685209, 4.7465835), (0.87448907, 4.2533317), (0.8748525, 3.905134), (0.8714953, 3.6293657), (0.8562805, 3.4390962), (0.8660439, 3.603207), (0.8771583, 3.6677332), (0.8972482, 3.5691764), (0.86296165, 3.5528321), (0.86726516, 3.7731328), (0.8669687, 4.045184), (0.86053574, 4.458322), (0.8334736, 3.739225), (0.34286794, 8.214234), (0.32605585, 8.362577), (0.2574644, 8.6185875), (0.23310435, 8.613275), (0.20852362, 8.534459), (0.16307387, 8.109296), (0.14310871, 7.759512), (0.11156632, 6.9173822), (0.09175002, 6.123204), (0.085705474, 5.7950597), (0.079391375, 5.3860984), (0.3167251, 7.9742675), (0.30043226, 8.073747), (0.2920199, 7.74656), (0.27699026, 7.8042727), (0.26934215, 7.5521584), (0.23559527, 7.382008), (0.19892557, 7.094681), (0.18106385, 6.9947886), (0.16201185, 6.8905625), (0.12803417, 6.5335293), (0.11384965, 6.3237243), (0.081842534, 5.74993), (0.06976102, 5.4874806), (0.06573597, 5.4046793), (0.061397526, 5.3181233), (0.2554094, 7.5743914), (0.34731367, 9.802541), (0.4097455, 10.032187), (0.17789353, 7.0320244), (0.1661082, 6.912804), (0.14932232, 6.7163606), (0.09531997, 5.641809), (0.032124583, 2.902795), (0.025125943, 2.3493285), (0.1779129, 7.252372), (0.15845013, 7.069556), (0.117883116, 6.3608685), (0.09890542, 5.8534803), (0.055169355, 4.0860777), (0.036782313, 2.8042266), (0.030153925, 2.125779), (0.022565126, 0.7111844), (0.616752, 11.662768), (0.600854, 11.412034), (0.5858483, 11.181692), (0.57111156, 10.974173), (0.55697984, 10.7889), (0.5433525, 10.623486), (0.5301611, 10.482788), (0.51768154, 10.3692875), (0.50510913, 10.287772), (0.4923792, 10.241278), (0.4665621, 10.236287), (0.45318407, 10.264197), (0.41034588, 10.361113), (0.39373142, 10.368165), (0.2482874, 9.497194), (0.2982338, 9.966406), (0.34172004, 10.202452), (0.38073173, 10.294898), (0.41417414, 10.284805), (0.42851338, 10.256891), (0.46814078, 10.145621), (0.4816681, 10.122079), (0.5571244, 7.5531235), (0.5438632, 7.7064624), (0.5302682, 7.854301), (0.5040329, 8.164615), (0.48861372, 8.368748), (0.46507803, 8.381758), (0.45667502, 8.437156), (0.4414389, 8.635091), (0.43531278, 8.707812), (0.43471742, 8.66624), (0.43785682, 8.4151945), (0.440765, 8.278426), (0.44741789, 8.134205), (0.45432284, 8.020492), (0.46106896, 7.932557), (0.4690724, 7.8699293), (0.47872669, 7.8314776), (0.4918854, 7.8164806), (0.5247527, 7.7553506), (0.574288, 7.579197), (0.6016009, 7.4349995), (0.6430694, 7.0770636), (0.6599542, 6.83505), (0.67686486, 6.534773), (0.6747191, 6.361642), (0.67108524, 6.231482), (0.6660889, 6.1358423), (0.65995675, 6.08924), (0.645376, 6.252685), (0.63316, 6.545147), (0.6130469, 7.0130854), (0.57229644, 7.394432), (0.22446226, 9.171788), (0.20323533, 8.787946), (0.18518598, 8.369634), (0.17014967, 7.9374833), (0.15716377, 7.5083985), (0.1459191, 7.108398), (0.1379746, 6.7774305), (0.13064481, 6.4387093), (0.14411539, 6.734364), (0.15575273, 6.966646), (0.17055292, 7.233532), (0.18783318, 7.519588), (0.20797214, 7.8117266), (0.27665207, 8.511518), (0.29934406, 8.669881), (0.32079193, 8.797329), (0.38696438, 8.904853), (0.4201629, 8.806121), (0.4489721, 8.531527), (0.3555091, 10.306118), (0.3123344, 10.1195545), (0.26050484, 9.753678), (0.2002591, 9.036924), (0.17215629, 8.541394), (0.14706947, 7.9711027), (0.12577757, 7.34194), (0.107750736, 6.661295), (0.090238065, 5.8941207), (0.08566655, 5.558169), (0.081785545, 5.281015), (0.08004714, 5.180468), (0.101540945, 6.118523), (0.116081916, 6.556664), (0.13431983, 7.0000944), (0.15538007, 7.430435), (0.18034577, 7.8273973), (0.2663099, 8.633377), (0.29568633, 8.783019), (0.32411826, 8.885461), (0.4100107, 8.891643), (0.44606203, 8.721158), (0.47381896, 8.365751), (0.7725409, 5.1676908), (0.78370035, 4.994286), (0.83901304, 5.147315), (0.8308574, 4.9975243), (0.8247173, 4.910379), (0.8176316, 4.843712), (0.8107593, 4.8015175), (0.8042944, 4.7862873), (0.7984089, 4.799921), (0.730376, 7.9521437), (0.7298893, 7.7132945), (0.7293524, 7.516849), (0.72685534, 6.9473505), (0.7263277, 6.6371293), (0.72685534, 6.361985), (0.73443985, 5.9400716), (0.74162436, 5.7458267), (0.74976164, 5.560502), (0.75882065, 5.385561), (0.7688024, 5.2132215), (0.77912855, 5.0497274), (0.8297517, 5.9466147), (0.82897663, 6.158381), (0.82339495, 6.1877656), (0.82339495, 6.1339436), (0.81889, 6.1613984), (0.80642295, 6.090263), (0.81140465, 6.1249537), (0.81717694, 6.137611), (0.80532503, 6.0916624), (0.8093259, 6.1277466), (0.81395745, 6.1520596), (0.82750875, 6.45876), (0.8085542, 6.03489), (0.809686, 6.092198), (0.809686, 6.1862216), (0.7567931, 7.9156137), (0.75384766, 7.655897), (0.7513229, 7.4508696), (0.74507296, 6.905353), (0.74236876, 6.612651), (0.74012613, 6.3567533), (0.74236876, 5.9350667), (0.7485494, 5.7265487), (0.75574297, 5.533269), (0.76197433, 5.3724737), (0.768665, 5.2451324), (0.77439225, 5.1690397), (0.78219676, 5.1198964), (0.79153204, 5.1108894), (0.80178744, 5.146095), (0.8124835, 5.2388806), (0.823221, 5.34989), (0.83231956, 5.4362206), (0.79361564, 5.7469583), (0.79243356, 5.6722174), (0.7941115, 5.612246), (0.7967142, 5.667466), (0.7993753, 5.7369423), (0.7995772, 5.808016), (0.8013939, 5.9193892), (0.80268466, 6.041177), (0.80305874, 6.055557), (0.7981185, 5.9308467), (0.5173252, 8.011416), (0.575119, 6.8198395), (0.6044804, 6.444237), (0.6190222, 6.2138076), (0.62973064, 6.05882), (0.6419195, 6.0335574), (0.49963367, 7.81635), (0.4827229, 7.917399), (0.50876814, 7.7102017), (0.52064306, 7.5471444), (0.5336359, 7.365134), (0.5473733, 7.177244), (0.56115675, 6.9955225), (0.5608812, 7.583629), (0.58357686, 7.46749), (0.525899, 7.6861677), (0.49774265, 7.732774), (0.6212471, 7.1361094), (0.64386904, 6.682346), (0.6460865, 6.138908), (0.648966, 6.2838507), (0.6485125, 6.4659233), (0.610835, 6.6984677), (0.6158945, 6.506836), (0.61790967, 6.3243093), (0.61728907, 6.143156), (0.6151218, 5.9788604), (0.6080926, 5.765292), (0.6029033, 5.738559), (0.5966325, 5.758437), (0.58287865, 5.8710485), (0.5751353, 5.9523754), (0.5648026, 6.071709), (0.5510223, 6.2369814), (0.53639793, 6.41609), (0.5226281, 6.5853024), (0.51040405, 6.7333574), (0.48888856, 7.02671), (0.47514495, 7.9808693), (0.46868178, 8.064188), (0.46299952, 8.181203), (0.45863196, 8.301653), (0.4557248, 8.380262), (0.4871357, 7.766113), (0.47936824, 7.8088455), (0.47358304, 7.8638754), (0.46875215, 7.9359665), (0.45778248, 8.238686), (0.45524636, 8.380496), (0.48220035, 7.1736093), (0.47887933, 7.332617), (0.4758405, 7.484356), (0.47464344, 7.602705), (0.47639465, 7.6597395), (0.47916427, 7.6744914), (0.48608744, 7.652743), (0.49540728, 7.578398), (0.49801543, 7.5559936), (0.5010011, 7.5417256), (0.5057105, 7.527767), (0.5112601, 7.5099053), (0.5916379, 7.061692), (0.5273893, 7.4711256), (0.5658422, 7.3111415), (0.5514462, 7.389536), (0.577519, 6.3102217), (0.6005312, 6.0449224), (0.6106816, 5.932517), (0.6186233, 5.880711), (0.62803376, 5.97814), (0.6308205, 6.1132927), (0.6325581, 6.2850165), (0.6312107, 6.477593), (0.6265867, 6.685051), (0.60690635, 7.1062183), (0.57589734, 7.4099035), (0.55567443, 7.5140786), (0.5263959, 7.592541), (0.504337, 7.6360655), (0.49633437, 7.6686444), (0.4900704, 7.7041883), (0.4855906, 7.7447176), (0.48220283, 7.7939925), (0.47386527, 7.9775496), (0.4693754, 8.035848), (0.468058, 8.01071), (0.4689823, 7.928799), (0.47123256, 7.809185), (0.47510853, 7.6681404), (0.47997153, 7.5417356), (0.48713446, 7.413334), (0.5052294, 7.1941395), (0.5155022, 7.081446), (0.5268113, 6.9479885), (0.5392192, 6.788652), (0.55252427, 6.617109), (0.5658328, 6.4526634), (0.5763343, 6.553295), (0.6021562, 6.229064), (0.6146701, 6.056287), (0.6236038, 5.9597273), (0.63442355, 6.0044804), (0.6377363, 6.12614), (0.63968134, 6.28654), (0.63852584, 6.475503), (0.63402617, 6.6885114), (0.6135357, 7.125402), (0.5792403, 7.443864), (0.5576345, 7.5542674), (0.526069, 7.6412044), (0.5012033, 7.685358), (0.49188355, 7.7195053), (0.48495892, 7.7593246), (0.47990724, 7.8075657), (0.47575712, 7.8689284), (0.4667933, 8.110279), (0.46337804, 8.201088), (0.46304575, 8.185462), (0.46458656, 8.107214), (0.46784636, 7.987252), (0.47224623, 7.857821), (0.47791526, 7.750818), (0.48511606, 7.6508365), (0.50267595, 7.483806), (0.5123623, 7.3778915), (0.52383316, 7.2359915), (0.5363992, 7.069879), (0.54967445, 6.8897443), (0.56341416, 6.714635), (0.61863846, 6.490211), (0.6205142, 6.304417), (0.6199977, 6.1242166), (0.6177567, 5.9647927), (0.610193, 5.7795773), (0.60473394, 5.775821), (0.59791124, 5.8134894), (0.58171797, 5.968493), (0.5722155, 6.070833), (0.5604134, 6.2048473), (0.5470802, 6.361686), (0.53321385, 6.5284), (0.5206362, 6.6822257), (0.50919604, 6.820786), (0.48883283, 7.097517), (0.4816964, 7.242983), (0.47804934, 7.3958635), (0.4751462, 7.548353), (0.4736658, 7.672354), (0.47497633, 7.7332206), (0.4771237, 7.7638855), (0.48288557, 7.7439876), (0.4917411, 7.6436977), (0.4945243, 7.613976), (0.49817723, 7.591308), (0.50303954, 7.5690284), (0.5093364, 7.544814), (0.52707535, 7.5016656), (0.55261683, 7.4211683), (0.56842107, 7.3379292), (0.5950291, 7.073201), (0.6139778, 6.6895547), (0.5737941, 7.0999904), (0.6072862, 6.687982), (0.62453127, 6.3858557), (0.6367688, 6.1583867), (0.6507272, 6.065065), (0.6554528, 6.1438694), (0.6593248, 6.2704053), (0.6603278, 6.436998), (0.6566764, 6.649761), (0.6312107, 7.1260085), (0.59080535, 7.474179), (0.5661969, 7.603028), (0.52562624, 7.72481), (0.49465752, 7.7769303), (0.4826116, 7.8037043), (0.4738177, 7.8463926), (0.4670092, 7.9076433), (0.4612298, 7.988903), (0.44730106, 8.344829), (0.44562307, 8.542911), (0.44614196, 8.563574), (0.45085835, 8.485273), (0.45671508, 8.369389), (0.4633608, 8.266382), (0.47044554, 8.20876), (0.47872606, 8.183178), (0.49590987, 8.123552), (0.5057216, 7.995148), (0.5177518, 7.83123), (0.5306246, 7.6657763), (0.5448356, 7.4714766), (0.55931646, 7.277436), (0.5797064, 6.116815), (0.5989609, 5.9118576), (0.607897, 5.847085), (0.61422986, 5.823799), (0.62268025, 5.9670124), (0.6250419, 6.114436), (0.62598103, 6.2921805), (0.6244933, 6.485904), (0.6196107, 6.6880593), (0.6005344, 7.092472), (0.57179016, 7.37334), (0.553752, 7.4662123), (0.5265852, 7.5435314), (0.506952, 7.5878587), (0.5000343, 7.6172085), (0.494572, 7.6469903), (0.49051932, 7.678691), (0.48738077, 7.716833), (0.47899923, 7.8540416), (0.4738665, 7.890249), (0.4720925, 7.8580446), (0.4717857, 7.783249), (0.4736232, 7.659852), (0.47707674, 7.5103908), (0.48122403, 7.370834), (0.4882782, 7.2284083), (0.50736856, 6.975959), (0.5181716, 6.848592), (0.5299554, 6.704788), (0.54302263, 6.546811), (0.55591226, 6.3879056), (0.5685408, 6.24051), (0.60266376, 6.89001), (0.60597146, 6.8921905), (0.61161596, 6.9031873), (0.6182321, 6.907364), (0.6253431, 6.915445), (0.634255, 6.916323), (0.64558303, 6.8971496), (0.50588304, 7.117232), (0.50142723, 7.130606), (0.51059043, 7.099814), (0.49659345, 7.1456923), (0.4772096, 7.169363), (0.47535312, 7.1261344), (0.476003, 6.954995), (0.47850975, 6.828299), (0.48232898, 6.687842), (0.59885436, 6.0252547), (0.5920004, 6.3490195), (0.5863933, 6.4894295), (0.51600015, 7.084364), (0.5311182, 7.021973), (0.5612657, 6.838481), (0.55103916, 6.922686), (0.5111154, 7.145182), (0.50736547, 7.155691), (0.5154046, 7.138446), (0.52788574, 7.0974054), (0.54512984, 7.0267906), (0.5541129, 6.969516), (0.5788535, 6.7031555), (0.5852251, 6.578962), (0.592937, 6.2716775), (0.5953099, 5.911014), (0.5914006, 5.5421386), (0.58054876, 5.3890834), (0.5737621, 5.4363894), (0.56513345, 5.5565815), (0.5520746, 5.779981), (0.5377167, 5.997366), (0.5240903, 6.184688), (0.4983843, 6.640776), (0.49375543, 6.7917914), (0.49037442, 6.9336967), (0.48763946, 7.0626407), (0.48567474, 7.223636), (0.4868331, 7.255511), (0.5004988, 7.1879234), (0.5039566, 7.169891), (0.53051865, 6.2702723), (0.5073797, 6.7319627), (0.5035092, 6.878919), (0.5000764, 7.0179133), (0.49735275, 7.1434574), (0.49462962, 7.2861786), (0.49548906, 7.3052993), (0.50491107, 7.201955), (0.506952, 7.179914), (0.5093258, 7.163889), (0.5146717, 7.1456437), (0.5116795, 7.1530523), (0.52472275, 7.134264), (0.53965354, 7.097363), (0.5481594, 7.060075), (0.5729, 6.86008), (0.5790576, 6.751355), (0.5878907, 6.459116), (0.59022707, 6.096482), (0.5870007, 5.6968503), (0.57420456, 5.556137), (0.5788535, 5.5214386), (0.56740546, 5.6598663), (0.5559291, 5.860239), (0.5427429, 6.081303), (0.5035694, 7.497514), (0.50064945, 7.5054383), (0.5073797, 7.4911647), (0.49801606, 7.520265), (0.47847268, 7.6321745), (0.48134398, 7.640003), (0.48088768, 7.3187575), (0.47786644, 7.470513), (0.4839574, 7.1560497), (0.49051932, 7.001828), (0.52408904, 6.5357466), (0.5536294, 6.1580667), (0.5671572, 5.98752), (0.5834889, 5.809382), (0.5765967, 5.8771296), (0.6009983, 5.7350707), (0.6124937, 6.017004), (0.61477053, 6.368786), (0.60786164, 6.7309575), (0.5996206, 6.9113307), (0.51236045, 7.4791145), (0.5275936, 7.443714), (0.55028456, 7.366572), (0.56361526, 7.2936206), (0.51012206, 7.3935437), (0.51170367, 7.374886), (0.51137006, 7.2936287), (0.50951403, 7.3107457), (0.51293397, 7.367432), (0.5127047, 7.285355), (0.5083043, 7.420731), (0.507864, 7.3318105), (0.49974465, 7.441868), (0.5002904, 7.5880394), (0.5007816, 7.5866294), (0.5005186, 7.4579506), (0.5060469, 7.181422), (0.50701094, 7.326783), (0.5039535, 7.4552283), (0.5033535, 7.306223), (0.5101538, 7.1736155), (0.5092153, 7.038701), (0.5127258, 6.883069), (0.5140029, 7.01272), (0.5330181, 6.407884), (0.53332484, 6.503279), (0.5603577, 6.0584893), (0.5588688, 5.9807644), (0.5705187, 5.7784085), (0.57265466, 5.8590403), (0.5785539, 5.762915), (0.57633114, 5.6838956), (0.57957953, 5.655696), (0.5822364, 5.7345076), (0.58681583, 5.829218), (0.5898697, 5.9134855), (0.5902478, 6.260138), (0.59407014, 6.3579164), (0.58824664, 6.6270595), (0.59201676, 6.737046), (0.57958645, 6.922237), (0.5832871, 7.0362506), (0.57303804, 7.028716), (0.57633555, 7.1358433), (0.5154717, 7.3642516), (0.515013, 7.28225), (0.5246736, 7.355702), (0.52391595, 7.2736735), (0.53886724, 7.243904), (0.5404075, 7.3314066), (0.54909873, 7.30534), (0.5471446, 7.212669), (0.5852452, 7.0629725), (0.5940733, 6.7617917), (0.5913018, 5.930138), (0.5960052, 6.378215), (0.5832978, 5.757797), (0.5790595, 5.789955), (0.56035644, 6.085147), (0.5728002, 5.8899713), (0.53301746, 6.535477), (0.5132192, 7.0510907), (0.5093258, 7.217396), (0.50609285, 7.3770027), (0.5030383, 7.506474), (0.4997062, 7.642635), (0.50036544, 7.6406584), (0.507864, 7.4627047), (0.5095134, 7.432821), (0.51132536, 7.415669), (0.5127867, 7.4072485), (0.51540333, 7.4045734), (0.52527755, 7.3934546), (0.5506165, 7.3421288), (0.54159915, 7.3685365), (0.5785847, 7.16513), (0.5910117, 7.008741), (0.59973526, 6.6850038), (0.59388125, 5.875124), (0.6005388, 6.302699), (0.58349645, 5.7674494), (0.5785746, 5.8126063), (0.5593183, 6.1056848), (0.5716835, 5.917393), (0.53155696, 6.545404), (0.5090886, 7.056535), (0.50439656, 7.226343), (0.50078344, 7.3902683), (0.49801543, 7.522883), (0.49590987, 7.6628814), (0.49685252, 7.653251), (0.50588304, 7.4758215), (0.5078659, 7.4514356), (0.50981086, 7.437963), (0.5117018, 7.4296045), (0.51467043, 7.424934), (0.52606773, 7.4093738), (0.5538233, 7.33511), (0.54383194, 7.371741), (0.58403385, 7.1250453), (0.5971729, 6.9206915), (0.60493636, 6.5851073), (0.59636855, 5.81921), (0.60447913, 6.210971), (0.58328587, 5.7696958), (0.5778989, 5.825011), (0.5578573, 6.115161), (0.5702879, 5.9322553), (0.52977777, 6.533979), (0.5028522, 7.040895), (0.49734592, 7.2050257), (0.49336144, 7.369782), (0.4904413, 7.513404), (0.4899503, 7.655186), (0.49174544, 7.6461296), (0.5035483, 7.4828153), (0.50571233, 7.4633446), (0.50786465, 7.45263), (0.510355, 7.446825), (0.5140557, 7.4406166), (0.5268418, 7.4154778), (0.55750424, 7.3114934), (0.5462593, 7.360595), (0.5898552, 7.0520487), (0.5387949, 6.3531127), (0.5437227, 6.324108), (0.5451292, 6.322488), (0.54621863, 6.3101), (0.5463367, 6.28418), (0.5454471, 6.205068), (0.50208414, 7.192276), (0.50471556, 7.0666447), (0.4988375, 7.328431), (0.49942034, 7.3501554), (0.506952, 7.2443895), (0.5085216, 7.223854), (0.51014876, 7.2088995), (0.5119087, 7.1992054), (0.5145076, 7.1951714), (0.5234584, 7.190875), (0.5460081, 7.123323), (0.5377167, 7.1588554), (0.57083356, 6.933956), (0.5773445, 6.828668), (0.58583933, 6.538726), (0.58505976, 5.756083), (0.5879787, 6.174357), (0.57461, 5.604749), (0.578005, 5.575287), (0.56888884, 5.7008204), (0.5573847, 5.904595), (0.53201574, 6.3228407), (0.5442123, 6.1292458), (0.5111259, 6.7779036), (0.5078336, 6.9259725), (0.4884336, 7.5988894), (0.49685067, 7.5796294), (0.50047207, 7.5806103), (0.5033535, 7.5707397), (0.5038263, 7.5220475), (0.5033615, 7.411026), (0.50226283, 7.3142586), (0.49882326, 7.2742743), (0.49174544, 7.2476735), (0.48424256, 7.1884346), (0.4769019, 7.5832143), (0.48945192, 7.6068606), (0.4961689, 7.6145372), (0.50059116, 7.5975404), (0.5014291, 7.545519), (0.5007828, 7.3972893), (0.4997081, 7.2814016), (0.4951216, 7.2347727), (0.48590675, 7.1616807), (0.4751431, 7.05504), (0.5116807, 6.696218), (0.5191512, 6.71459), (0.5223549, 6.7238126), (0.52449244, 6.718277), (0.5247757, 6.689492), (0.5239141, 6.584174), (0.5229312, 6.486058), (0.5207544, 6.4326296), (0.5136275, 6.335087), (0.59544975, 5.73027), (0.59223956, 5.762909), (0.59069586, 5.800499), (0.5888499, 5.8334293), (0.58750767, 5.815619), (0.58459765, 5.73605), (0.58304393, 5.6594973), (0.58486235, 5.6055903), (0.5887002, 5.457032), (0.6056491, 5.778183), (0.5993307, 5.9118514), (0.5963503, 5.9851584), (0.5935023, 6.05697), (0.5918003, 6.0404983), (0.5887423, 5.954905), (0.5864656, 5.878139), (0.588743, 5.8091817), (0.5935023, 5.638912), (0.6142848, 6.1846046), (0.60548323, 6.393263), (0.6007941, 6.4907165), (0.5956947, 6.5641575), (0.5937025, 6.541325), (0.58987784, 6.431725), (0.5875139, 6.3432913), (0.5895463, 6.26389), (0.594866, 6.0813713), (0.6005325, 5.8432627), (0.6128006, 6.548026), (0.6019879, 6.764586), (0.5962174, 6.8615985), (0.59055114, 6.9288816), (0.5883863, 6.902505), (0.5846153, 6.7871633), (0.5823998, 6.695807), (0.58444303, 6.617809), (0.58997476, 6.4353375), (0.5962174, 6.1974564), (0.5887505, 7.070004), (0.5798125, 7.1654544), (0.5747694, 7.219673), (0.56995046, 7.246997), (0.5678255, 7.217135), (0.56517476, 7.114401), (0.5632644, 7.0212026), (0.5656216, 6.945287), (0.5717663, 6.8035235), (0.5793434, 6.6171947), (0.44978842, 8.22808), (0.46002996, 8.139572), (0.46911004, 8.032201), (0.476441, 7.9191484), (0.4820866, 7.8134055), (0.48608866, 7.7167115), (0.48946613, 7.6291), (0.49226445, 7.5632534), (0.4994216, 7.5333037), (0.5025885, 7.5341387), (0.50515807, 7.5287495), (0.50575453, 7.4811106), (0.50515807, 7.3800197), (0.50395596, 7.2876477), (0.5010737, 7.2471757), (0.49451748, 7.2278714), (0.4884992, 7.1749315), (0.45552593, 8.094704), (0.46419314, 8.027664), (0.4722691, 7.9437275), (0.47932187, 7.8524513), (0.48472384, 7.763568), (0.48904207, 7.6815414), (0.4924137, 7.607237), (0.49507204, 7.5394254), (0.50138503, 7.5061035), (0.5040329, 7.503602), (0.506392, 7.495342), (0.50691783, 7.451338), (0.50645226, 7.3567905), (0.5052772, 7.2673845), (0.50279325, 7.225551), (0.49748477, 7.2088428), (0.49236664, 7.160667), (0.51840293, 8.365846), (0.5191195, 8.276227), (0.5190355, 8.214374), (0.5590773, 4.96719), (0.83120245, 3.418238), (0.8329745, 3.5081625), (0.8354632, 3.5945923), (0.83897763, 3.6743276), (0.8414879, 3.6748114), (0.84422034, 3.6729615), (0.84732234, 3.6782389), (0.84998524, 3.6916318), (0.8522334, 3.7145183), (0.853346, 3.7551873), (0.85409397, 3.8143241), (0.51674503, 7.844105), (0.5208751, 7.8124332), (0.52520347, 7.785601), (0.538486, 7.7262573), (0.54257494, 7.711701), (0.5454515, 7.6961308), (0.5445714, 7.681456), (0.54293334, 7.6505523), (0.5411984, 7.614002), (0.53993505, 7.5693), (0.53881985, 7.519224), (0.5385484, 7.4743557), (0.53812474, 7.4420214), (0.5376562, 7.4162855), (0.5359619, 7.3937554), (0.5346972, 7.3961687), (0.53319824, 7.3846717), (0.53210986, 7.3481817), (0.53110635, 7.2638407), (0.5303573, 7.179684), (0.53201574, 7.1209626), (0.5365969, 7.068001), (0.54160225, 6.976189), (0.54690653, 6.8580036), (0.5513218, 6.6993475), (0.5544395, 6.4918227), (0.55571264, 6.2675595), (0.5546321, 6.0461636), (0.55235606, 5.816605), (0.5493538, 5.613424), (0.54654354, 4.907099), (0.55620384, 4.134677), (0.55984735, 3.7735734), (0.56265867, 3.4391332), (0.56475306, 3.1242096), (0.5662019, 2.853416), (0.5671666, 2.6503983), (0.45002958, 5.6165133), (0.5892695, 7.2308416), (0.58467376, 7.7975764), (0.58403194, 7.9389873), (0.58460397, 8.088458), (0.30495033, 10.008973), (0.31097564, 10.059324), (0.3159535, 10.098987), (0.3276626, 10.189115), (0.33440137, 10.228829), (0.3422409, 10.259631), (0.3512133, 10.27438), (0.36144337, 10.264107), (0.37257645, 10.218158), (0.38413695, 10.13646), (0.39558902, 10.026428), (0.48318797, 7.926761), (0.48698717, 7.895942), (0.49090198, 7.8698225), (0.5023645, 7.823681), (0.5053486, 7.8098097), (0.50768584, 7.7885246), (0.5092724, 7.7512207), (0.5106333, 7.706647), (0.51244926, 7.658722), (0.5143528, 7.6095195), (0.51600516, 7.561717), (0.5174048, 7.520759), (0.5183638, 7.4893146), (0.51927936, 7.461456), (0.5197285, 7.428301), (0.5194405, 7.4158874), (0.5191836, 7.398789), (0.5189777, 7.358827), (0.51853853, 7.2779016), (0.5181716, 7.192784), (0.51897144, 7.1409683), (0.5211122, 7.1194587), (0.52268225, 7.056598), (0.5252682, 6.968407), (0.5303573, 6.8291116), (0.53223574, 6.6692843), (0.53301746, 6.472524), (0.5321479, 6.2699313), (0.5309568, 6.0523295), (0.5299448, 5.813604), (0.5298052, 5.565345), (0.53366214, 4.9189663), (0.53953314, 4.107974), (0.5424407, 3.7146914), (0.5451198, 3.3478289), (0.5474114, 2.9992614), (0.54940003, 2.6971996), (0.5511611, 2.4708958), (0.58555454, 5.4029884), (0.5823973, 5.5420537), (0.5811739, 5.593784), (0.5824161, 5.6733055), (0.58519804, 5.7535524), (0.5863933, 5.773086), (0.5872001, 5.762776), (0.58790386, 5.7483234), (0.58954, 5.760179), (0.5902617, 5.80673), (0.5899339, 5.880272), (0.5898615, 6.006762), (0.5892865, 6.1764827), (0.58903676, 6.396031), (0.58928525, 6.646159), (0.58955765, 6.9199204), (0.46784636, 5.738174), (0.47866672, 5.631004), (0.5049123, 5.4326134), (0.53087205, 5.2904983), (0.54203427, 5.267639), (0.46035963, 5.864813), (0.5512011, 5.3039627), (0.49138686, 5.5277824), (0.518319, 5.3499527), (0.55797184, 5.4344425), (0.54682595, 5.4742613), (0.4944388, 5.8064914), (0.50646526, 5.718798), (0.51848197, 5.6381307), (0.5911395, 3.0391495), (0.61021006, 6.4728565), (0.6075796, 6.6528354), (0.6029046, 6.819242), (0.59492207, 6.971067), (0.58441037, 7.106586), (0.560776, 7.2932167), (0.5483869, 7.3554854), (0.5371858, 7.3968925), (0.52757555, 7.423693), (0.5195668, 7.4416), (0.5132211, 7.456433), (0.50883085, 7.4648814), (0.50581163, 7.4691668), (0.5033535, 7.4768057), (0.500691, 7.491974), (0.4981766, 7.5109982), (0.4954835, 7.535779), (0.49236664, 7.5757856), (0.4859909, 7.635784), (0.4836766, 7.63851), (0.48233023, 7.590786), (0.4834323, 7.4869237), (0.48640797, 7.336516), (0.4900704, 7.1742105), (0.49636847, 7.0144176), (0.51515096, 6.7007017), (0.5270984, 6.526), (0.54132944, 6.3260183), (0.5559135, 6.125853), (0.5687741, 5.9460354), (0.5772974, 5.8388495), (0.58328587, 5.7768593), (0.588743, 5.741553), (0.59369427, 5.73557), (0.5986061, 5.7645245), (0.6026625, 5.833164), (0.60847753, 6.108689), (0.6101911, 6.2853746), (0.85830545, 3.203924), (0.85252845, 3.1807888), (0.8481884, 3.1820529), (0.84300715, 3.1888723), (0.83816797, 3.203884), (0.83371335, 3.2496228), (0.82952124, 3.3091516), (0.826367, 3.367541), (0.8239233, 3.4161842), (0.82224613, 3.4604294), (0.8230229, 3.4613905), (0.82524705, 3.4391387), (0.828743, 3.4113154), (0.83363736, 3.3858855), (0.83901304, 3.3698301), (0.8447217, 3.3708272), (0.8505469, 3.3737667), (0.85585904, 3.3895464), (0.8638445, 3.4409294), (0.77978086, 3.7809377), (0.76529026, 3.7731338), (0.8126846, 3.5283272), (0.7518424, 3.7564323), (0.7404099, 3.7039545), (0.7292314, 3.7730255), (0.7171004, 3.703599), (0.72737974, 3.6666102), (0.7397276, 3.7317376), (0.767484, 3.7663991), (0.7567504, 3.8343735), (0.74285847, 3.8076744), (0.753442, 3.7542038), (0.7935311, 3.7995062), (0.80327964, 3.643285), (0.7210511, 3.8866332), (0.7096113, 3.8221574), (0.74795663, 3.9889874), (0.7341886, 3.938511), (0.7841499, 3.9699214), (0.7154418, 4.0293508), (0.7068761, 3.9504902), (0.7417521, 4.1853714), (0.7280439, 4.113841), (0.77720696, 4.1203413), (0.81918335, 3.3996224), (0.7335122, 3.5895245), (0.7114626, 4.153381), (0.7013536, 3.9637105), (0.7384536, 4.382677), (0.72452974, 4.291402), (0.70813775, 3.5763044), (0.7196833, 3.535922), (0.8101734, 3.5188851), (0.80034447, 3.6831381), (0.7012466, 3.7380233), (0.7894875, 3.8956625), (0.7309027, 3.427025), (0.71705467, 3.3465872), (0.70486146, 3.3768158), (0.69630414, 3.5597222), (0.6984031, 3.9119842), (0.71120334, 4.250809), (0.73817, 4.5341277), (0.7246018, 4.43603), (0.7940998, 3.7806695), (0.8058355, 3.531099), (0.81605226, 3.3600872), (0.8254708, 3.2365806), (0.7304932, 3.2289126), (0.8321657, 3.0197747), (0.70419276, 3.1171682), (0.71647394, 3.1026537), (0.8223874, 3.1353393), (0.81135315, 3.3212366), (0.6948735, 3.296524), (0.7993916, 3.5870762), (0.69346875, 3.5839655), (0.8027655, 3.7458773), (0.8277018, 2.2313726), (0.83829516, 1.7033821), (0.8509043, 1.1391926), (0.8643956, 0.60962456), (0.79254746, 3.9646766), (0.81748396, 2.7123737), (0.82127666, 2.527829), (0.79607105, 3.8850856), (0.8292843, 2.3235953), (0.8327538, 2.098791), (0.84226716, 1.9918252), (0.8455316, 1.7102635), (0.8550057, 1.7857645), (0.85824823, 1.4497687), (0.7857163, 4.1523833), (0.8092091, 3.1438556), (0.8134091, 2.922079), (0.78908306, 4.048541), (0.8208858, 2.830802), (0.82519805, 2.5706756), (0.83335704, 2.5865757), (0.83814764, 2.288607), (0.84514564, 2.4534216), (0.85076964, 2.1249719), (0.7385696, 2.0408075), (0.6939826, 1.4242978), (0.6782926, 1.6772785), (0.67336494, 2.1085646), (0.73527807, 2.5393207), (0.73335373, 2.7836983), (0.6941557, 2.1339343), (0.7043331, 2.485235), (0.67910266, 2.2961762), (0.67959356, 2.6099646), (0.6734089, 2.612822), (0.6737336, 2.8852866), (0.70487165, 3.8020787), (0.6759875, 2.993118), (0.68302876, 3.1352792), (0.7063823, 3.959664), (0.79632235, 4.949979), (0.79789126, 4.339297), (0.7834198, 5.0109706), (0.7830788, 4.5680733), (0.78630954, 4.5052752), (0.78598726, 4.980372), (0.72473043, 4.714649), (0.7295281, 4.8176913), (0.74099547, 5.1968675), (0.73689306, 5.1561747), (0.75056714, 4.990842), (0.7564581, 5.2570457), (0.75101805, 5.2495427), (0.7428952, 4.965408), (0.77614486, 4.730351), (0.77990556, 4.6426287), (0.78055537, 5.05454), (0.77698505, 5.104643), (0.78870344, 4.9629216), (0.7895779, 4.452464), (0.7923796, 4.411683), (0.79133373, 4.951502), (0.7251402, 5.011978), (0.71389234, 4.3246164), (0.7160301, 4.4126906), (0.7277331, 5.0396233), (0.7579882, 4.974709), (0.76237625, 5.2430177), (0.75259715, 4.5155377), (0.75329894, 4.399502), (0.75627905, 4.227116), (0.7621886, 4.0415044), (0.77098835, 3.8847215), (0.78163254, 3.7933738), (0.7931213, 3.7532597), (0.70359534, 3.6571608), (0.7026807, 3.521197), (0.6756046, 2.5807173), (0.675419, 2.7836678), (0.67874706, 1.9852868), (0.67336494, 2.3550062), (0.69415015, 1.7830653), (0.7368505, 2.2859147), (0.7334104, 5.1040998), (0.7210202, 4.60867), (0.7228847, 4.98908), (0.71218663, 4.2422605), (0.77747494, 4.39941), (0.7818072, 4.2668), (0.74499106, 4.791083), (0.75509393, 4.7638516), (0.7350056, 4.744602), (0.7118888, 4.3016562), (0.71743244, 4.4785504), (0.70847446, 4.1265545), (0.7182651, 4.506325), (0.7441482, 5.989928), (0.74216425, 6.1837697), (0.7196306, 4.954515), (0.7450007, 5.9171996), (0.74691397, 5.859603), (0.7303619, 5.0691867), (0.75155556, 5.781442), (0.7493205, 5.81051), (0.7541767, 5.754415), (0.75720245, 5.7562637), (0.76670986, 5.7341375), (0.7635926, 5.7379513), (0.76988655, 5.7309275), (0.78224164, 5.733896), (0.7796154, 5.727767), (0.7849886, 5.7361417), (0.7876146, 5.7443085), (0.7901136, 5.773905), (0.7925169, 5.821077), (0.79976743, 5.9582148), (0.6763939, 2.130932), (0.70982045, 4.0973716), (0.7022789, 3.3028884), (0.8388937, 2.7540643), (0.8281062, 2.8687901), (0.8161437, 3.083876), (0.80444175, 3.3687422), (0.731562, 3.0152602), (0.7170103, 2.8243666), (0.6927528, 2.8616214), (0.6842292, 3.0834959), (0.68562794, 3.3799253), (0.765434, 6.4858), (0.76679474, 6.780293), (0.7645528, 6.3601985), (0.76407427, 6.2532673), (0.76433975, 6.164249), (0.76512384, 6.0904317), (0.7664657, 6.030256), (0.76748395, 5.9848866), (0.7689482, 5.9207177), (0.7751764, 6.0329823), (0.77667946, 6.0796137), (0.77851456, 6.1392555), (0.7806489, 6.2110214), (0.7830015, 6.2977247), (0.78521216, 6.4055223), (0.7915295, 6.777529), (0.7720158, 5.9232793), (0.77064353, 5.9395323), (0.6737336, 1.5449739), (0.6781017, 0.91774905), (0.6931635, 0.36821854), (0.7429803, 1.5940253), (0.7402332, 1.8262889), (0.6938424, 1.0717744), (0.67823833, 1.3838984), (0.6735001, 1.877817), (0.6757648, 2.3937128), (0.7021578, 3.4041076), (0.7106835, 4.1642313), (0.7211218, 4.9728), (0.7434462, 6.056773), (0.76580966, 6.605564), (0.82435495, 2.3849995), (0.8355366, 1.9132742), (0.84801376, 1.4640856), (0.8608615, 1.1302116), (0.8041127, 3.654069), (0.7941193, 3.738442), (0.7841544, 3.8912826), (0.77516276, 4.057889), (0.76929295, 4.207443), (0.76714844, 4.316313), (0.766423, 4.3797145), (0.77069664, 4.5618277), (0.7714466, 4.8288755), (0.77314717, 5.158543), (0.77667946, 5.7255282), (0.7741777, 5.992185), (0.79885954, 3.8244758), (0.79481685, 4.3784723), (0.7937458, 4.948993), (0.7954748, 5.8725877), (0.78774786, 6.554096), (0.7985932, 6.3458376), (0.7937458, 6.2536507), (0.790842, 6.154818), (0.7880794, 6.0818768), (0.7856682, 6.0247383), (0.783347, 5.978267), (0.78080535, 5.941011), (0.7787521, 5.9126945), (0.776237, 5.89096), (0.7714466, 5.867397), (0.7693778, 5.8627534), (0.76708364, 5.8500376), (0.7628507, 5.890643), (0.76064, 5.9267874), (0.758377, 5.974723), (0.7567912, 6.0335927), (0.75528723, 6.1056504), (0.75446236, 6.193818), (0.75446236, 6.2968526), (0.75448436, 6.3955507), (0.7541456, 6.555144), (0.7978633, 5.4917383), (0.7944082, 5.441839), (0.79184425, 5.4197803), (0.7895779, 5.401939), (0.7870407, 5.395774), (0.7846676, 5.4065895), (0.7819812, 5.4283037), (0.77885467, 5.4483237), (0.7751764, 5.4693575), (0.7664249, 5.508541), (0.76218855, 5.515768), (0.757941, 5.5165396), (0.7496932, 5.508266), (0.7468016, 5.4915924), (0.7436759, 5.4885144), (0.74099547, 5.495296), (0.7384536, 5.5110197), (0.73614806, 5.534916), (0.73458487, 5.565002), (0.7330272, 5.600315), (0.7317597, 5.6765203), (0.77113426, 6.023231), (0.7714466, 6.0702686), (0.77155226, 6.1287866), (0.77215195, 6.202013), (0.7729805, 6.2937927), (0.7745155, 6.4120445), (0.77584714, 6.542646), (0.77708954, 6.68471), (0.78029114, 6.884501), (0.7163153, 4.4072213), (0.7281932, 4.5716653), (0.7405176, 4.64885), (0.7529526, 4.6186213), (0.7645527, 4.49643), (0.78038913, 4.1088643), (0.79436135, 3.6579418), (0.79901975, 3.4594793), (0.8032797, 3.272657), (0.8072557, 3.1037176), (0.81100076, 2.955893), (0.81411874, 2.8408768), (0.8180151, 2.7251077), (0.77885467, 4.1352167), (0.80643666, 3.6516213), (0.7941115, 3.6290774), (0.7859203, 3.6380608), (0.797455, 3.644645), (0.79243356, 3.656404), (0.7811059, 3.6541433), (0.7754034, 3.7738256), (0.7643222, 3.7500021), (0.7713131, 3.7195184), (0.7823741, 3.719217), (0.77790195, 3.813545), (0.7921272, 3.7940953), (0.82206905, 3.4615097), (0.8667026, 2.6284156), (0.85804695, 2.8612497), (0.8748208, 2.386583), (0.8818466, 2.1376424), (0.8959513, 1.6309342), (0.75327307, 3.7467618), (0.7648913, 3.7910323), (0.875334, 2.1803327), (0.88211274, 1.8859911), (0.8675596, 2.4611707), (0.8592777, 2.7249758), (0.7823286, 3.4685168), (0.77487606, 3.5257425), (0.7705028, 3.565328), (0.75668377, 3.696079), (0.7622358, 3.6683583), (0.8278223, 3.3242571), (0.89534354, 1.193153), (0.74631417, 3.664675), (0.7704121, 3.194138), (0.7637984, 3.3283167), (0.76023614, 3.4115534), (0.75230247, 3.6328855), (0.75453085, 3.5784304), (0.74333, 3.55148), (0.8330531, 3.1764302), (0.8654519, 2.2876005), (0.8579279, 2.5861008), (0.8721836, 1.9613439), (0.87776345, 1.6202167), (0.8883327, 0.74640894), (0.74387586, 3.4229395), (0.8393423, 2.9918272), (0.7554495, 2.6981394), (0.75058585, 2.9898784), (0.7480896, 3.1392255), (0.8772975, 0.37863198), (0.86559546, 1.7939975), (0.8697329, 1.4295149), (0.8534065, 2.4706235), (0.860162, 2.1443124), (0.8462937, 2.757353), (0.80510986, 3.7198522), (0.7531367, 2.841964), (0.76713544, 3.2531087), (0.7788092, 3.4923198), (0.79010063, 3.6341875), (0.80209565, 3.6418536), (0.77655035, 3.682236), (0.78771466, 3.6794128), (0.766581, 3.6168542), (0.7572658, 3.4944801), (0.7456384, 3.2834613), (0.86053574, 2.9548185), (0.88283, 2.2878528), (0.8706588, 2.537909), (0.85071707, 2.9988303), (0.8357404, 3.1666298), (0.8405002, 3.0894418), (0.8572906, 2.8534539), (0.8497935, 3.0263455), (0.83149904, 3.3978603), (0.826367, 3.3375158), (0.81790274, 3.4894993), (0.81859136, 3.4858267), (0.8025928, 3.7284143), (0.789994, 3.7475429), (0.83920515, 3.3492827), (0.83396816, 3.359094), (0.80798477, 3.5872416), (0.8129802, 3.5889711), (0.84416324, 3.3435638), (0.8176081, 3.6012557), (0.8217003, 3.4206212), (0.8242333, 3.422237), (0.8203335, 3.4606977), (0.82897663, 3.3834267), (0.7984597, 3.6298542), (0.8031871, 3.6001475), (0.84551126, 3.0362737), (0.86436003, 2.68538), (0.7939052, 3.669889), (0.8172612, 3.601774), (0.85528576, 3.3871214), (0.76117116, 2.447571), (0.7781446, 3.1092963), (0.7906846, 3.4611242), (0.8025928, 3.6714375), (0.815951, 3.7206326), (0.8273753, 3.6582465), (0.85507405, 2.9692194), (0.84908676, 3.3498027), (0.8216107, 3.6147616), (0.81019616, 3.6663203), (0.797483, 3.6331477), (0.78547454, 3.452811), (0.77317894, 3.1480348), (0.7574514, 2.5729198), (0.87292343, 1.0635823), (0.8822336, 1.2772219), (0.8874568, 1.5973611), (0.8878091, 1.9014529), (0.8760267, 2.4128788), (0.89107573, 1.9936575), (0.88336575, 2.183872), (0.8773675, 2.3599753), (0.8704584, 2.5540059), (0.86273587, 2.7594454), (0.854679, 2.9621348), (0.8255087, 3.4973123), (0.814786, 3.5982616), (0.836106, 3.3444855), (0.8313275, 3.3720326), (0.8353007, 3.2465036), (0.84037685, 3.2457802), (0.8427637, 3.1315725), (0.84306717, 3.0374079), (0.8501659, 2.8428235), (0.8508839, 2.9566069), (0.8492884, 3.073527), (0.845821, 3.1612494), (0.84158033, 3.2077265), (0.8308574, 3.2519388), (0.83770525, 3.1547832), (0.78886986, 3.870781), (0.70603216, 4.1627173), (0.6999634, 3.901354), (0.6969995, 3.6564856), (0.6909186, 3.5183127), (0.68950456, 3.3273418), (0.6887641, 3.1515505), (0.68956655, 2.9655557), (0.6901581, 2.7965233), (0.6966467, 2.481927), (0.77444476, 4.3128896), (0.78156954, 4.1235666), (0.78672093, 3.9454374), (0.7908641, 3.7860687), (0.79484814, 3.640292), (0.79872864, 3.511239), (0.80253416, 3.3983228), (0.80561644, 3.306412), (0.80970037, 3.2141647), (0.725586, 4.633494), (0.7358671, 4.9039373), (0.7456442, 5.226929), (0.75384057, 5.514248), (0.76047623, 5.7419186), (0.76489854, 5.8654037), (0.7684791, 5.9483256), (0.77101034, 5.9828744), (0.7729805, 5.9595084), (0.77375543, 5.875106), (0.7734474, 5.7274523), (0.77106416, 5.4906926), (0.76821154, 5.2076573), (0.76524496, 4.9162226), (0.76407427, 4.673334), (0.6175387, 8.070738), (0.61863405, 7.9082017), (0.62115985, 7.7355375), (0.63338745, 7.048504), (0.6457189, 6.6264296), (0.6554528, 6.322614), (0.6707582, 6.1011534), (0.67743987, 6.1094375), (0.683987, 6.1621785), (0.6905508, 6.2289734), (0.6984966, 6.270294), (0.7102792, 6.2203646), (0.7230004, 6.102178), (0.7356518, 5.951764), (0.7480896, 5.785485), (0.7604555, 5.6084213), (0.7727957, 5.426518), (0.78577536, 5.2312737), (0.7993551, 5.0184746), (0.9032019, 3.6459067), (0.8897675, 3.6360755), (0.8773286, 3.6555667), (0.86307096, 3.670851), (0.8519121, 3.6552362), (0.8433424, 3.6482587), (0.83746266, 3.650085), (0.83363736, 3.657372), (0.83183825, 3.6705983), (0.8314067, 3.6857784), (0.8326457, 3.7028193), (0.8348696, 3.7187653), (0.83824337, 3.7403612), (0.84300715, 3.7777975), (0.848897, 3.8528378), (0.8545646, 3.9607718), (0.85925865, 4.119053), (0.8636187, 4.3067007), (0.8713147, 4.571448), (0.8436009, 6.1895046), (0.8359494, 6.1022677), (0.8310564, 6.0645514), (0.8253321, 6.06573), (0.8183875, 6.083184), (0.8119646, 6.083935), (0.80642295, 6.0508127), (0.80254525, 5.9970555), (0.7955601, 5.8398957), (0.7945982, 5.8108225), (0.7945982, 5.7900147), (0.7959005, 5.778037), (0.7987358, 5.7906523), (0.7943724, 5.402542), (0.7945032, 5.433195), (0.79153204, 5.4791193), (0.7859222, 5.536248), (0.76246107, 5.927333), (0.74387586, 6.1437135), (0.7392827, 6.138584), (0.7349856, 6.1334176), (0.7293511, 6.1397133), (0.72293353, 6.150651), (0.71528256, 6.162567), (0.7067651, 6.175915), (0.6970097, 6.1892934), (0.6859954, 6.1955476), (0.67459345, 6.187664), (0.66362983, 6.164337), (0.653366, 6.1208444), (0.644599, 6.0633216), (0.6367669, 6.0020905), (0.62993324, 5.942901), (0.6241751, 5.8950872), (0.6191707, 5.8644633), (0.6146695, 5.850441), (0.61201626, 5.852046), (0.60939455, 5.8798246), (0.60596955, 5.959015), (0.60215497, 6.052613), (0.5987126, 6.137351), (0.5950253, 6.207787), (0.59304714, 6.190234), (0.5895595, 6.098661), (0.587512, 6.0173635), (0.58968663, 5.942116), (0.5948647, 5.7615194), (0.59997034, 5.541233), (0.604423, 5.2775497), (0.60747486, 4.970615), (0.61018986, 4.5681696), (0.60939324, 4.132935), (0.6049351, 3.703684), (0.59735245, 3.313131), (0.58842343, 2.9725301), (0.5788767, 2.7038188), (0.5679822, 2.50273), (0.5544213, 2.3322911), (0.53875804, 2.2150626), (0.52121234, 2.1862164), (0.5023906, 2.2610574), (0.48355785, 2.457041), (0.4663985, 2.7588978), (0.45245957, 3.1558216), (0.44502735, 3.6506615), (0.44353494, 4.2197313), (0.44726476, 4.793502), (0.4549028, 5.297503), (0.46461245, 5.6837373), (0.4751913, 5.9988594), (0.4847925, 6.224802), (0.49469036, 6.382639), (0.50439656, 6.4956236), (0.5127258, 6.588352), (0.5157577, 6.6344037), (0.51740414, 6.7330008), (0.5183656, 6.852614), (0.51803106, 6.8900657), (0.51470774, 6.8950863), (0.5096078, 6.880842), (0.5045871, 6.863058), (0.5000764, 6.8515263), (0.4988127, 6.8859687), (0.49817848, 6.961307), (0.49716678, 7.103336), (0.4954835, 7.298823), (0.4937511, 7.5667596), (0.49115524, 7.874113), (0.48738077, 8.171431), (0.48220283, 8.386437), (0.45358288, 8.77059), (0.41613814, 8.934502), (0.32636252, 8.920662), (0.29659742, 8.822513), (0.26564932, 8.673641), (0.175082, 7.8427916), (0.1485606, 7.4153657), (0.12597519, 6.940659), (0.106558666, 6.4386644), (0.0906891, 5.9229126), (0.067269824, 4.6889777), (0.07100174, 4.957116), (0.03420752, 2.4221425), (0.04232377, 3.2359774), (0.04891616, 3.782245), (0.06648217, 4.8590884), (0.07487045, 5.229877), (0.349454, 10.286685), (0.35484463, 10.296647), (0.35900307, 10.308876), (0.36916846, 10.340866), (0.37523657, 10.3514385), (0.3826041, 10.351492), (0.39019445, 10.336021), (0.39829, 10.299756), (0.40635422, 10.235458), (0.4146832, 10.139874), (0.42250374, 10.020192), (0.8427644, 7.266775), (0.8325815, 7.041417), (0.8240181, 6.8591194), (0.8051314, 6.4420724), (0.7953336, 6.2061224), (0.7861913, 5.919653), (0.77923626, 5.63453), (0.8013939, 7.7870603), (0.79488456, 7.5094676), (0.7889732, 7.286517), (0.77391684, 6.767115), (0.7662001, 6.5118), (0.75952446, 6.2647176), (0.7553253, 6.0430374), (0.74498004, 5.954163), (0.7502228, 5.772655), (0.7567931, 5.599276), (0.7629679, 5.457009), (0.76831776, 5.344744), (0.773684, 5.265871), (0.7693888, 5.815393), (0.77629864, 6.087716), (0.7851133, 6.3805184), (0.7945032, 6.6299667), (0.8129802, 7.1170955), (0.82050145, 7.329824), (0.82897663, 7.5850515), (0.8373624, 7.4601235), (0.828334, 7.2206755), (0.81992435, 7.021203), (0.8007399, 6.5558696), (0.79104227, 6.310547), (0.7814208, 6.0135603), (0.77439225, 5.7245326), (0.24169666, 9.511973), (0.17770284, 8.576526), (0.1484052, 7.9422793), (0.12238337, 7.24388), (0.10011098, 6.5063453), (0.08210707, 5.7538457), (0.06763759, 5.012098), (0.0570786, 4.3412924), (0.049922183, 3.7970755), (0.04516819, 3.4577973), (0.045358513, 3.7620153), (0.074946456, 5.6020164), (0.09302303, 6.261241), (0.114975326, 6.8698807), (0.14027014, 7.4138613), (0.16922101, 7.880112), (0.26559195, 8.737029), (0.29795918, 8.885392), (0.32919973, 8.98086), (0.42094305, 8.986068), (0.45702794, 8.825321), (0.48779917, 8.466852), (0.50412726, 8.273651), (0.5179141, 8.132577), (0.5306477, 7.9995794), (0.5438632, 7.878766), (0.55591226, 7.7731395), (0.570106, 7.658785), (0.58669764, 7.5658135), (0.6050682, 7.497119), (0.625114, 7.4633837), (0.6448618, 7.429379), (0.66292304, 7.4044228), (0.678786, 7.3676653), (0.6932595, 7.3354955), (0.70591605, 7.3070226), (0.71744335, 7.283717), (0.7282434, 7.259635), (0.73833174, 7.233217), (0.7482995, 7.1973376), (0.75882065, 7.150396), (0.7815818, 7.0254006), (0.79315567, 6.955263), (0.8039209, 6.874501), (0.8105459, 6.791711), (0.81437725, 6.6554832), (0.8170215, 6.492767), (0.8183875, 6.335234), (0.81818956, 6.2169175), (0.81616324, 6.1524506), (0.81323737, 6.126995), (0.8093259, 6.1084433), (0.8056627, 6.081151), (0.80268466, 6.045161), (0.8008604, 6.009907), (0.27138868, 9.7960005), (0.46420127, 10.248927), (0.4665621, 10.239479), (0.46890777, 10.237173), (0.47535208, 10.231374), (0.47956118, 10.226508), (0.48428544, 10.212264), (0.48961788, 10.179294), (0.49499783, 10.119089), (0.5015061, 10.021697), (0.50841177, 9.877785), (0.51580256, 9.690359), (0.3638968, 9.916627), (0.34892222, 10.014343), (0.33440313, 10.080787), (0.32095614, 10.106961), (0.3087362, 10.09163), (0.29786435, 10.042352), (0.2878962, 9.9697075), (0.27932647, 9.88505), (0.2514801, 9.539365), (0.25853524, 9.637303), (0.26442438, 9.710875), (0.7980677, 5.8120556), (0.7984597, 5.8712797), (0.7993753, 5.937053), (0.80031383, 5.98344), (0.79839456, 5.9313674), (0.7972779, 5.8798447), (0.7959005, 5.8107305), (0.79527044, 5.7495155), (0.7526869, 5.865595), (0.75882065, 5.7190146), (0.7648913, 5.5902348), (0.7704121, 5.4841175), (0.7750739, 5.4000235), (0.7823286, 5.3261085), (0.7897092, 5.2941413), (0.7943724, 5.293521), (0.79439974, 5.3099008), (0.7918169, 5.343789), (0.78944004, 5.389131), (0.78855777, 5.4509783), (0.7899784, 5.540118), (0.79288113, 5.628183), (0.7864304, 7.846788), (0.7807092, 7.571846), (0.77592236, 7.3545327), (0.7699785, 7.0907874), (0.7639266, 6.821268), (0.75766224, 6.562288), (0.75192446, 6.3238845), (0.7487677, 6.1226883), (0.7479366, 5.9768233), (0.7959682, 5.708814), (0.6236532, 7.876271), (0.6102852, 7.8424644), (0.59688574, 7.822381), (0.5832558, 7.823287), (0.56920874, 7.831787), (0.5546924, 7.846861), (0.53992397, 7.8676906), (0.5249927, 7.8976617), (0.5097728, 7.9367423), (0.49398595, 7.977638), (0.47763646, 8.016807), (0.4602878, 8.032183), (0.44199744, 8.015612), (0.41966203, 7.960194), (0.3964057, 7.8676715), (0.37294042, 7.7804065), (0.34957072, 7.715068), (0.32750306, 7.684642), (0.30690393, 7.6861706), (0.27053308, 7.817249), (0.25491583, 7.931006), (0.24095611, 8.027329), (0.22984824, 8.077718), (0.21986613, 8.112723), (0.2129131, 8.135223), (0.20770493, 8.157076), (0.20422801, 8.190234), (0.20194621, 8.221661), (0.20063043, 8.246205), (0.19978711, 8.2684765), (0.19894035, 8.288899), (0.19818719, 8.318861), (0.4726378, 9.842149), (0.46645162, 9.990396), (0.46042624, 10.102379), (0.45503342, 10.180719), (0.44956216, 10.233708), (0.4447502, 10.271185), (0.4396294, 10.302189), (0.4352117, 10.325023), (0.42771193, 10.362461), (0.42486748, 10.377404), (0.42126593, 10.397995), (0.18471007, 7.154936), (0.21709174, 7.223085), (0.22861955, 7.2696815), (0.24134082, 7.3459015), (0.2554058, 7.451263), (0.27129346, 7.5878463), (0.28787205, 7.7310743), (0.3216372, 8.038038), (0.33797097, 8.184104), (0.35352582, 8.318304), (0.398969, 8.593272), (0.41810396, 8.603598), (0.43590388, 8.547477), (0.44578475, 8.456524), (0.45622855, 8.323884), (0.46475306, 8.170591), (0.47133997, 8.020521), (0.47625935, 7.8854012), (0.47971624, 7.768884), (0.48232898, 7.676079), (0.48466444, 7.627953), (0.48904395, 7.6132684), (0.49384466, 7.619972), (0.49817848, 7.623028), (0.5014291, 7.61172), (0.50190675, 7.560479), (0.5015395, 7.443324), (0.5005199, 7.3438945), (0.4968544, 7.29586), (0.48885822, 7.2596636), (0.48014274, 7.1899443), (0.4709992, 7.088431), (0.4620089, 6.9605618), (0.45148045, 6.754324), (0.4415231, 6.498484), (0.4339466, 6.209067), (0.4301032, 5.8940964), (0.43196788, 5.5739603), (0.43919927, 5.281673), (0.45117155, 5.03382), (0.4670086, 4.8512073), (0.4846026, 4.716024), (0.5025885, 4.6129937), (0.5202081, 4.54247), (0.53664184, 4.501323), (0.5518151, 4.50507), (0.56648904, 4.5827827), (0.57844585, 4.7581506), (0.58713657, 5.0284467), (0.5916379, 5.328901), (0.5928161, 5.6612363), (0.5907481, 5.9922547), (0.5847674, 6.3108935), (0.5784352, 6.5455894), (0.5707526, 6.7379117), (0.56295305, 6.8982983), (0.55685776, 7.013938), (0.5545771, 7.0804634), (0.556155, 7.173418), (0.5584701, 7.2715087), (0.5603264, 7.3055983), (0.5645945, 7.2885537), (0.5687615, 7.2481666), (0.57305557, 7.208698), (0.5763349, 7.1960344), (0.57924724, 7.2020955), (0.58240855, 7.224557), (0.58713657, 7.256332), (0.5927211, 7.279051), (0.59853494, 7.3032393), (0.6049465, 7.319352), (0.6133645, 7.31635), (0.6242725, 7.268997), (0.63887334, 7.1578126), (0.65645254, 6.9754767), (0.6741322, 6.767085), (0.6911354, 6.569943), (0.70736796, 6.388172), (0.72298884, 6.217731), (0.7381403, 6.054546), (0.753054, 5.896958), (0.36758018, 8.988675), (0.37662363, 9.190816), (0.44638306, 9.625116), (0.45683834, 9.569772), (0.46813145, 9.488755), (0.50856024, 9.149322), (0.5247615, 9.0223875), (0.5427799, 8.894517), (0.42676845, 9.659542), (0.43684754, 9.653795), (0.39522615, 9.480899), (0.49395558, 9.274226), (0.4159951, 9.637622), (0.40514457, 9.578446), (0.71268183, 6.5805144), (0.7258522, 6.3598127), (0.7394226, 6.1304927), (0.3936617, 9.108984), (0.39276236, 9.090515), (0.39188752, 9.071549), (0.39072204, 9.052325), (0.38919118, 9.028552), (0.385918, 8.993549), (0.38086435, 8.953004), (0.37499815, 8.934215), (0.3685767, 8.923853), (0.36277637, 8.92281), (0.3594797, 8.918586), (0.3595895, 8.829704), (0.36974725, 8.687138), (0.38336784, 8.535423), (0.39766738, 8.382201), (0.41141206, 8.240172), (0.4235316, 8.098985), (0.43473217, 7.999757), (0.44529784, 7.928977), (0.45550746, 7.882273), (0.46720412, 7.8604774), (0.48220408, 7.858591), (0.4987662, 7.8359413), (0.5158876, 7.797044), (0.5341672, 7.7427726), (0.5531184, 7.6648674), (0.57228637, 7.5657434), (0.5911961, 7.4599314), (0.60972023, 7.3553896), (0.62724054, 7.257459), (0.64391947, 7.1695285), (0.6596345, 7.0941024), (0.6744417, 7.0330114), (0.23217487, 8.608432), (0.2322831, 8.577174), (0.23265004, 8.553582), (0.2329724, 8.529615), (0.2335666, 8.50308), (0.23502052, 8.469742), (0.23682764, 8.431872), (0.2401189, 8.398777), (0.24530828, 8.365353), (0.25298196, 8.317157), (0.2621456, 8.250118), (0.274179, 8.135533), (0.28824216, 7.9980135), (0.30475, 7.882109), (0.32268405, 7.8046727), (0.34227276, 7.7680674), (0.36294508, 7.7650256), (0.3849491, 7.7964892), (0.40558302, 7.8498983), (0.42519882, 7.906471), (0.44469416, 7.9496965), (0.46259817, 7.9736643), (0.48000613, 7.965522), (0.49676526, 7.92952), (0.5130104, 7.884343), (0.52889353, 7.838519), (0.5444336, 7.7993865), (0.55977005, 7.7672343), (0.574767, 7.7415333), (0.5894081, 7.7238116), (0.6035894, 7.7170067), (0.61737573, 7.7272415), (0.63096434, 7.749972), (0.6640101, 7.1930223), (0.6494179, 7.2346354), (0.634154, 7.290068), (0.61807305, 7.358463), (0.60119116, 7.435007), (0.5837133, 7.5178566), (0.56574255, 7.6033297), (0.5476976, 7.6889944), (0.5296419, 7.7623525), (0.5120094, 7.814694), (0.49490413, 7.8508263), (0.47821993, 7.8679886), (0.46267462, 7.8667245), (0.44968137, 7.8803678), (0.43791455, 7.908154), (0.42521474, 7.9553623), (0.41230673, 8.036002), (0.39932784, 8.158447), (0.38415202, 8.287988), (0.3685773, 8.435479), (0.35393667, 8.588976), (0.34327695, 8.743377), (0.3408012, 8.846488), (0.3412403, 8.883881), (0.3438257, 8.901214), (0.34797704, 8.919066), (0.3518972, 8.940807), (0.3557349, 8.97709), (0.35805088, 9.010328), (0.35982785, 9.038096), (0.36096463, 9.060817), (0.36169934, 9.079288), (0.36304826, 9.101987), (0.506742, 8.004577), (0.5212387, 7.9707437), (0.45957088, 8.116097), (0.4144458, 8.09028), (0.5636242, 7.9295936), (0.5355672, 7.950351), (0.47618732, 8.08725), (0.59044176, 7.9250975), (0.6032829, 7.945916), (0.5772454, 7.924832), (0.4260765, 9.548023), (0.41657513, 9.491912), (0.42541403, 9.434578), (0.43397805, 9.487066), (0.39300576, 9.132547), (0.3885632, 8.968969), (0.40227666, 8.9747925), (0.40544397, 9.105242), (0.5710879, 8.031402), (0.58364046, 8.0304365), (0.5765981, 8.136737), (0.5645896, 8.145705), (0.4648586, 9.45411), (0.45476004, 9.521074), (0.4622894, 9.45763), (0.4724729, 9.383858), (0.50116575, 8.190895), (0.5040078, 8.088289), (0.5176185, 8.060775), (0.51370925, 8.174913), (0.426618, 8.307844), (0.4597575, 8.230582), (0.46129614, 8.36776), (0.4320068, 8.507179), (0.4754545, 8.180708), (0.47540572, 8.292982), (0.5956212, 8.048006), (0.5878738, 8.144947), (0.60637844, 8.1989), (0.6156325, 8.106434), (0.62017536, 8.098047), (0.61152273, 8.178833), (0.6040322, 8.082811), (0.6096856, 8.031216), (0.58380884, 8.296287), (0.58121854, 8.239863), (0.57203114, 8.447809), (0.588092, 8.492824), (0.598748, 8.177427), (0.5787254, 8.2734585), (0.5524074, 8.512897), (0.5387232, 8.671772), (0.5410074, 8.787038), (0.552191, 8.630518), (0.5296682, 8.966825), (0.5250254, 8.836119), (0.51220834, 8.993312), (0.5183558, 9.145013), (0.43983686, 9.479024), (0.4317913, 9.433577), (0.43776852, 9.6073265), (0.4453766, 9.63691), (0.5800067, 8.2500725), (0.6010766, 8.595117), (0.6078289, 8.184132), (0.6045568, 8.17228), (0.59551406, 8.553254), (0.5832558, 8.749502), (0.56738305, 8.59606), (0.5978628, 8.826266), (0.5913051, 8.793866), (0.4441853, 10.57327), (0.45454088, 10.150169), (0.45082822, 10.789916), (0.44604307, 11.021547), (0.58692104, 8.917856), (0.5787481, 8.925213), (0.5513244, 10.017205), (0.55604184, 10.143866), (0.54349923, 10.388197), (0.5399178, 10.235257), (0.48083904, 9.614971), (0.5378747, 10.095748), (0.5481477, 9.911356), (0.4535695, 10.612107), (0.4937861, 8.439808), (0.49178147, 8.527128), (0.47511858, 8.642429), (0.4751667, 8.540741), (0.4971272, 9.696574), (0.5383482, 9.313753), (0.5316948, 9.413791), (0.50384134, 8.470112), (0.5001157, 8.600768), (0.50653183, 8.3529215), (0.4913722, 8.542055), (0.47632015, 8.668187), (0.417555, 9.351726), (0.40799192, 9.398986), (0.5012146, 9.112564), (0.47594994, 9.359677), (0.48314235, 9.279745), (0.5073245, 9.011827), (0.56277275, 8.5111685), (0.56604666, 8.37729), (0.5662089, 8.495048), (0.5477046, 8.666982), (0.5507442, 8.541462), (0.56652606, 8.384393), (0.5309899, 8.824534), (0.53553414, 8.703244), (0.44887456, 9.494628), (0.45422992, 9.650215), (0.43576092, 9.569189), (0.4433704, 9.507564), (0.43684754, 10.860097), (0.42439646, 9.368184), (0.41230503, 9.177673), (0.41600367, 9.511403), (0.4310503, 9.571821), (0.4466044, 9.767285), (0.43977737, 9.727821), (0.551919, 8.757254), (0.54212487, 8.938603), (0.45528096, 9.802689), (0.5603027, 8.627554), (0.5985004, 8.344098), (0.43423146, 9.710257), (0.4169222, 9.770054), (0.4088685, 9.072915), (0.4062527, 9.509449), (0.41861883, 9.880621), (0.42992425, 9.837555), (0.43575114, 9.77902), (0.43630847, 9.700258), (0.40321928, 9.857783), (0.47468176, 9.600858), (0.4681371, 9.445647), (0.47628975, 9.777992), (0.48534694, 9.533889), (0.47821078, 9.372305), (0.48757955, 9.714043), (0.47537735, 10.705995), (0.47839555, 10.261991), (0.47441873, 11.012043), (0.48532352, 10.876641), (0.48303652, 11.115457), (0.48564637, 10.695781), (0.5443973, 9.1873), (0.56107414, 9.740549), (0.5565919, 9.65391), (0.5677654, 9.859328), (0.5577297, 9.599295), (0.54583704, 9.881394), (0.55192846, 10.070211), (0.56559163, 9.782072), (0.5472291, 9.311797), (0.53767, 9.567083), (0.5318133, 9.129929), (0.5154837, 8.96994), (0.52100956, 8.861113), (0.53365225, 10.117414), (0.53845483, 10.333908), (0.52707046, 9.775217), (0.5209163, 9.314472), (0.49625206, 9.4335375), (0.49889407, 9.612316), (0.48902488, 9.2672205), (0.42561504, 9.513958), (0.43592805, 9.551917), (0.38859233, 8.76476), (0.40272772, 8.8332615), (0.40727445, 8.974531), (0.39896306, 9.515674), (0.39635086, 9.91047), (0.43250242, 11.054867), (0.47429833, 11.215297), (0.55712754, 10.205685), (0.54262316, 10.475048), (0.5724076, 9.908752), (0.39654008, 9.965188), (0.4361065, 11.419271), (0.47834745, 11.498916), (0.54793084, 10.62357), (0.5627076, 10.354706), (0.5599864, 10.284967), (0.5755924, 9.9803295), (0.4074009, 8.908878), (0.39563784, 9.515765), (0.40343618, 9.517384), (0.60217214, 8.694113), (0.60603213, 8.319376), (0.50597626, 9.682158), (0.5155769, 9.619342), (0.5161401, 10.589159), (0.5017598, 10.767219), (0.50082153, 10.587787), (0.51454186, 10.426116), (0.5182047, 10.782228), (0.5026172, 10.98743), (0.52192926, 11.065601), (0.5017382, 11.333032), (0.51219404, 10.721059), (0.49362487, 10.908984), (0.49505106, 11.105234), (0.5156558, 10.884782), (0.5084764, 10.466199), (0.49250114, 10.616106), (0.5047728, 10.102166), (0.49202114, 10.213432), (0.44182116, 9.514256), (0.5469335, 10.539295), (0.56006664, 10.268696), (0.5208877, 10.983603), (0.5024224, 11.259677), (0.48031357, 11.410882), (0.43945062, 11.3132925), (0.40430728, 9.922913), (0.41240713, 9.485508), (0.43456417, 8.781094), (0.4755818, 8.4179125), (0.49773726, 8.314409), (0.5569925, 8.578843), (0.5391794, 8.533436), (0.5517439, 8.479984), (0.5693254, 8.254131), (0.54579145, 9.816046), (0.5361242, 9.991029), (0.51414907, 10.346396), (0.5004877, 10.50537), (0.48563454, 10.617251), (0.45298153, 10.50713), (0.55340993, 9.583496), (0.4425408, 9.442515), (0.48348066, 9.365503), (0.46761823, 8.993417), (0.53512573, 9.13841), (0.54035395, 9.033106), (0.5340382, 8.865421), (0.5304471, 8.893902), (0.5293075, 9.225916), (0.52573836, 8.933691), (0.5715363, 8.9319105), (0.49717116, 9.468171), (0.50609416, 9.443824), (0.5149118, 9.385223), (0.47420132, 8.848588), (0.5261183, 8.63697), (0.532247, 8.636783), (0.5498727, 8.686471), (0.48647547, 8.631557), (0.48942167, 9.026806), (0.4997584, 9.028082), (0.50653994, 9.023642), (0.5137147, 9.004053), (0.5382727, 8.637412), (0.51345295, 8.624885), (0.50653183, 8.606995), (0.49963683, 8.592326), (0.50895584, 8.315982), (0.49855492, 8.666547), (0.5658072, 8.921218), (0.52636546, 8.173572), (0.5311738, 8.049359), (0.5580196, 8.037399), (0.55197716, 8.160748), (0.5331941, 8.757749), (0.54624254, 8.682662), (0.5414943, 8.843152), (0.51483715, 8.516798), (0.5099042, 8.687053), (0.5732, 9.972376), (0.57676756, 10.055158), (0.5207677, 8.332066), (0.55783993, 8.285916), (0.5454467, 8.317862), (0.50154966, 8.236227), (0.5279699, 8.971015), (0.50659823, 8.804847), (0.51205057, 8.470447), (0.393263, 9.932376), (0.43217534, 11.180964), (0.4754676, 11.336383), (0.49732867, 11.217652), (0.5181101, 10.974957), (0.5452923, 10.5546665), (0.39294967, 8.616764), (0.40587962, 8.716741), (0.4197996, 8.55228), (0.41205025, 8.378045), (0.621619, 7.966297), (0.62072736, 7.9240255), (0.6173548, 7.9610095), (0.6010948, 8.876247), (0.6037395, 8.649906), (0.60886765, 8.229378), (0.61072147, 8.060868), (0.613928, 8.04344), (0.6146658, 8.073541), (0.53443855, 8.582603), (0.5545816, 8.742912), (0.53307986, 8.651443), (0.5526101, 8.702795), (0.5390034, 8.628073), (0.42031142, 8.772096), (0.5998721, 8.934586), (0.59449965, 8.915346), (0.6216292, 8.044073), (0.6139868, 8.134978), (0.60873127, 8.286384), (0.60457957, 8.703383), (0.60241866, 8.944081), (0.5774619, 10.049697), (0.5626362, 10.353144), (0.5476259, 10.633112), (0.5211017, 11.051307), (0.5000338, 11.314108), (0.47712448, 11.456398), (0.43374422, 11.345517), (0.39317045, 9.955083), (0.39740458, 9.529128), (0.4117246, 8.819476), (0.41172662, 8.609219), (0.40061167, 8.486264), (0.5626958, 8.411074), (0.5723869, 8.377675), (0.5573317, 8.846959), (0.54687345, 9.3291), (0.54027534, 9.475837), (0.53270966, 9.600503), (0.5146215, 9.814183), (0.5041664, 9.881815), (0.49437508, 9.911662), (0.4732621, 9.808848), (0.45892474, 9.128564), (0.58669025, 8.4516735), (0.5309825, 8.572509), (0.51490176, 8.40347), (0.5087293, 8.297975), (0.5027964, 8.254413), (0.49547428, 8.254492), (0.49130955, 8.232837), (0.5418814, 8.664586), (0.53488815, 8.709106), (0.5098402, 8.527543), (0.50452346, 8.402421), (0.50015664, 8.291246), (0.4887526, 8.236978), (0.5264508, 8.721358), (0.5261182, 8.632716), (0.5260996, 8.535713), (0.54302895, 8.752639), (0.5345981, 8.834176), (0.5241054, 8.867647), (0.5055337, 8.665029), (0.50023896, 8.519415), (0.4954253, 8.409128), (0.4824393, 8.346606), (0.561842, 8.637239), (0.5678431, 8.625394), (0.5761153, 8.555435), (0.47721282, 8.609859), (0.46607733, 8.649249), (0.46813166, 8.762627), (0.4702748, 8.781933), (0.47084996, 8.70094), (0.47721532, 8.439426), (0.48477218, 8.320881), (0.5491527, 8.777559), (0.5383583, 8.943715), (0.52551425, 9.074682), (0.50494957, 8.810589), (0.49798137, 8.653184), (0.49158275, 8.52294), (0.5649926, 8.516387), (0.5594218, 8.617725), (0.555291, 8.673806), (0.54892755, 8.6741495), (0.54705226, 8.611128), (0.48749906, 8.282832), (0.49434868, 8.270562), (0.50275743, 8.277122), (0.50890625, 8.308972), (0.5151685, 8.3758335), (0.526259, 8.508458), (0.5315228, 8.5450735), (0.5358261, 8.564344), (0.5433631, 8.593744), (0.59673464, 8.6970005), (0.5882172, 8.725977), (0.57933086, 8.759763), (0.571737, 8.790448), (0.56567997, 8.79552), (0.55659187, 8.746142), (0.5539673, 8.652088), (0.54971826, 8.606847), (0.5387625, 8.565555), (0.5327065, 8.569076), (0.52644396, 8.564644), (0.51392156, 8.532152), (0.507216, 8.504447), (0.5002508, 8.483676), (0.48782092, 8.506981), (0.47545466, 8.689604), (0.4696335, 8.809988), (0.460011, 8.9485), (0.46391022, 8.513893), (0.4455119, 8.946501), (0.55461735, 8.595356), (0.45350802, 9.06179), (0.45784357, 9.042829), (0.4579699, 8.961739), (0.4692774, 8.631191), (0.47702312, 8.51566), (0.4811673, 8.4549), (0.4909226, 8.349247), (0.5017134, 8.340708), (0.50818765, 8.371312), (0.51490176, 8.415355), (0.526969, 8.492209), (0.5327003, 8.513572), (0.5382728, 8.52096), (0.548277, 8.53544), (0.5522555, 8.531044), (0.4873259, 9.145163), (0.49883762, 9.22006), (0.50661993, 9.210122), (0.5142019, 9.176661), (0.52695525, 9.064068), (0.5321305, 8.997218), (0.53657395, 8.921419), (0.5441106, 8.649764), (0.54439914, 8.575701), (0.5433569, 8.537333), (0.53959996, 8.579051), (0.536378, 8.601448), (0.53182566, 8.607378), (0.5259401, 8.582378), (0.5136581, 8.430383), (0.50837964, 8.319122), (0.50244415, 8.235444), (0.4937933, 8.244048), (0.491013, 8.268029), (0.48581907, 8.374935), (0.48109502, 8.556822), (0.47937697, 8.694804), (0.46128172, 10.2020855), (0.44349328, 9.463835), (0.44813076, 9.232931), (0.46128064, 8.825714), (0.47264776, 8.57825), (0.47960463, 8.49793), (0.4930085, 8.473916), (0.4982667, 8.596297), (0.50494087, 8.74998), (0.5249782, 8.973625), (0.5358104, 8.903057), (0.5457678, 8.785045), (0.5519628, 8.685738), (0.5575156, 8.620409), (0.5607217, 8.7828245), (0.5610679, 8.891735), (0.5500171, 9.474865), (0.5427892, 9.6631975), (0.534373, 9.818706), (0.5139539, 10.1179085), (0.5016487, 10.220647), (0.48961172, 10.287487), (0.43248215, 10.050621), (0.4333202, 9.959916), (0.44202894, 9.722984), (0.45868325, 9.358079), (0.46786508, 9.21577), (0.47478086, 9.022124), (0.47955072, 8.857423), (0.48605478, 8.776068), (0.49945393, 8.720897), (0.5061091, 8.728856), (0.51303416, 8.735378), (0.52551806, 8.723787), (0.53137624, 8.714457), (0.53719157, 8.713361), (0.54273987, 8.732115), (0.5483864, 8.781056), (0.553921, 8.85733), (0.5565881, 8.97607), (0.560416, 9.047331), (0.56458277, 9.097284), (0.5694897, 9.123232), (0.57562375, 9.1366825), (0.58421564, 9.166325), (0.5919552, 9.199438), (0.59690344, 9.24584), (0.5992287, 9.264152), (0.5969929, 9.195896), (0.5933506, 9.1424), (0.5864004, 9.086713), (0.5763638, 8.995848), (0.5625341, 8.822843), (0.5585422, 8.777678), (0.5528771, 8.926002), (0.5444197, 9.151598), (0.5348657, 9.379413), (0.524368, 9.574592), (0.5023925, 9.8852625), (0.4902166, 9.987549), (0.47789493, 10.048343), (0.45566267, 9.998204), (0.44703668, 9.910056), (0.4417137, 9.8353405), (0.43862873, 9.865147), (0.42269787, 10.049325), (0.40880042, 10.214359), (0.4005236, 10.324373), (0.39822394, 10.374153), (0.39830148, 10.435146), (0.40022892, 10.446333), (0.40538523, 10.360138), (0.4178507, 10.257008), (0.42778125, 10.155675), (0.43450406, 9.20402), (0.4221846, 9.104719), (0.41331428, 9.108642), (0.40523943, 9.151424), (0.40226433, 9.167711), (0.40443778, 9.194886), (0.40961048, 9.250832), (0.41521734, 9.317024), (0.42811972, 9.456945), (0.43533316, 9.507123), (0.44331136, 9.539374), (0.4523717, 9.547659), (0.47201544, 9.490373), (0.48256895, 9.418372), (0.4930562, 9.316131), (0.5156744, 9.035105), (0.5277787, 8.87289), (0.54023784, 8.704467), (0.5528521, 8.553377), (0.5648114, 8.435141), (0.57563007, 8.350166), (0.593063, 8.309262), (0.59921485, 8.329259), (0.6034551, 8.372208), (0.6055748, 8.435172), (0.60603213, 8.4831505), (0.60386, 8.494094), (0.5979283, 8.514948), (0.58852357, 8.570868), (0.5787462, 8.635793), (0.5703106, 8.692329), (0.5645294, 8.706344), (0.5594293, 8.682245), (0.5560237, 8.647297), (0.5531711, 8.561014), (0.5493307, 8.535453), (0.54426605, 8.536073), (0.53875005, 8.528572), (0.5329266, 8.524136), (0.5269689, 8.5157), (0.51453745, 8.460835), (0.5078225, 8.425563), (0.50101984, 8.400726), (0.48933312, 8.410958), (0.48340335, 8.449243), (0.47817498, 8.560273), (0.47307873, 8.647174), (0.4632123, 8.799378), (0.45467827, 9.0023365), (0.44986865, 9.187006), (0.449107, 9.258601), (0.44439518, 9.2897215), (0.44530523, 10.015723), (0.4314828, 10.343703), (0.42082673, 10.575605), (0.41407323, 10.757192), (0.41256556, 10.868431), (0.4116036, 10.998739), (0.41227868, 11.051542), (0.41671658, 10.911015), (0.42771196, 10.663814), (0.43456835, 10.467283), (0.43810874, 10.336839), (0.43856627, 10.234545), (0.4483306, 9.98), (0.46354836, 9.603041), (0.47263783, 9.434436), (0.4774105, 9.203714), (0.4823434, 9.020798), (0.4873302, 8.91991), (0.49958482, 8.866194), (0.5061773, 8.867663), (0.5130465, 8.861653), (0.52514434, 8.822456), (0.5304496, 8.801044), (0.53523606, 8.795032), (0.5402584, 8.825939), (0.5452855, 8.900502), (0.55059034, 9.013568), (0.55300593, 9.142943), (0.55635095, 9.253269), (0.56031156, 9.331842), (0.56454134, 9.3775835), (0.5702598, 9.423937), (0.57885104, 9.522573), (0.5862708, 9.608368), (0.59079415, 9.679878), (0.59208363, 9.702568), (0.58998185, 9.618065), (0.5861093, 9.546065), (0.57916003, 9.437652), (0.568223, 9.286948), (0.55600554, 9.0492115), (0.44151726, 8.124388), (0.4433272, 8.271483), (0.44682372, 8.444613), (0.45068932, 8.630328), (0.45643196, 8.793762), (0.46115905, 8.902792), (0.46412852, 8.906643), (0.46430245, 8.8147335), (0.4664844, 8.688056), (0.47329912, 8.527472), (0.48108998, 8.41621), (0.48420933, 8.361599), (0.4883608, 8.317486), (0.49250993, 8.303793), (0.50237143, 8.303132), (0.50858074, 8.335904), (0.51509386, 8.385203), (0.52668995, 8.490779), (0.53212434, 8.522446), (0.5370774, 8.540209), (0.54180974, 8.554965), (0.5464368, 8.555836), (0.550351, 8.560231), (0.5524775, 8.621267), (0.55545, 8.628655), (0.55902296, 8.622934), (0.56425756, 8.588486), (0.5719571, 8.512546), (0.5806425, 8.390499), (0.5896634, 8.277229), (0.5982987, 8.175587), (0.6068075, 8.082141), (0.6160519, 7.982345), (0.49187404, 8.04545), (0.49005195, 8.130663), (0.4885868, 8.232673), (0.4867449, 8.349277), (0.48437262, 8.46375), (0.48342448, 8.545471), (0.48383757, 8.568608), (0.48429903, 8.530952), (0.48639888, 8.446864), (0.48957956, 8.342385), (0.49401024, 8.194209), (0.49600062, 8.210188), (0.49772614, 8.232004), (0.4984521, 8.250363), (0.4979399, 8.270843), (0.4969865, 8.296913), (0.49580464, 8.337889), (0.49484104, 8.397391), (0.49377972, 8.484499), (0.4931255, 8.596368), (0.49310645, 8.72961), (0.4932395, 8.876459), (0.49360874, 9.027518), (0.49254882, 9.2015705), (0.4901844, 9.442721), (0.48927557, 9.68445), (0.48414066, 9.896311), (0.47542867, 10.299733), (0.469821, 10.613609), (0.470353, 10.715452), (0.46876037, 10.924466), (0.46555915, 11.157684), (0.46089613, 11.448734), (0.45900294, 11.521616), (0.456756, 11.463751), (0.45526305, 11.324221), (0.45446515, 11.204844), (0.4557373, 11.003452), (0.45946696, 10.695772), (0.4656011, 10.2398405), (0.46619996, 10.05321), (0.46544817, 9.805259), (0.46435064, 9.637087), (0.46206814, 9.531355), (0.45841768, 9.485619), (0.45283076, 9.498226), (0.44540372, 9.5586195), (0.5497078, 7.9379406), (0.5446347, 8.04336), (0.5392119, 8.170826), (0.53286356, 8.3371525), (0.5264877, 8.545482), (0.52104133, 8.751342), (0.5153706, 8.939798), (0.51278, 8.978032), (0.5125538, 8.915688), (0.5130355, 8.826739), (0.51752675, 8.637031), (0.5185523, 8.568283), (0.51944125, 8.519366), (0.5201903, 8.481707), (0.52075464, 8.456875), (0.52100956, 8.445822), (0.52103204, 8.455895), (0.52078754, 8.494064), (0.5204366, 8.554995), (0.51983124, 8.63469), (0.5194941, 8.731907), (0.5193181, 8.843967), (0.52008945, 8.971283), (0.5211191, 9.122177), (0.5229531, 9.308599), (0.52441907, 9.517284), (0.5242248, 9.7154255), (0.5243114, 9.975001), (0.52492833, 10.179105), (0.5257303, 10.277279), (0.52758616, 10.42818), (0.53073436, 10.5990715), (0.5340426, 10.776787), (0.53523606, 10.861931), (0.5345994, 10.85286), (0.53214043, 10.776355), (0.52987874, 10.688451), (0.52601546, 10.533059), (0.5216443, 10.301566), (0.51657534, 9.954088), (0.51376987, 9.741608), (0.510155, 9.475971), (0.507229, 9.302301), (0.5041453, 9.185207), (0.50024897, 9.138158), (0.49486706, 9.153127), (0.4880524, 9.244305), (0.48057255, 9.388259), (0.40522155, 10.414322), (0.40923876, 10.395755), (0.41221163, 10.383684), (0.42040315, 10.356777), (0.42556238, 10.337254), (0.43087858, 10.309385), (0.43624783, 10.271448), (0.441769, 10.220179), (0.44744208, 10.145568), (0.4531792, 10.040905), (0.45930356, 9.904822), (0.6015896, 11.527643), (0.5858483, 11.240663), (0.57065177, 10.976571), (0.5560437, 10.733089), (0.5420743, 10.519267), (0.5287991, 10.344861), (0.51576954, 10.221708), (0.5028499, 10.1600275), (0.49021414, 10.154263), (0.477688, 10.188695), (0.46489498, 10.243537), (0.45165852, 10.302334), (0.4374899, 10.35257), (0.42269787, 10.388291), (0.4066713, 10.405201), (0.38967392, 10.397951), (0.37125123, 10.360694), (0.3516284, 10.289216), (0.33036566, 10.179749), (0.30727953, 10.028938), (0.28195906, 9.832138), (0.25422376, 9.578622), (0.22345911, 9.217548), (0.15927784, 8.031706), (0.13009812, 7.264456), (0.10408955, 6.4260154), (0.08179294, 5.5431237), (0.06323275, 4.637129), (0.048227247, 3.694026), (0.03731991, 2.7602632), (0.029853394, 1.9178377), (0.025341831, 1.4247756), (0.027835649, 2.574064), (0.063130274, 5.3489485), (0.083302416, 6.1448054), (0.10739775, 6.8364344), (0.13461983, 7.429442), (0.16563311, 7.9234104), (0.198554, 8.306509), (0.232116, 8.595822), (0.2656547, 8.802987), (0.2991686, 8.948693), (0.3312598, 9.0424795), (0.36212042, 9.094126), (0.39320806, 9.1030245), (0.42264268, 9.049599), (0.4580381, 8.906662), (0.48596615, 8.657152), (0.5040348, 8.475369), (0.51874816, 8.329026), (0.5319945, 8.215636), (0.5440936, 8.140295), (0.556456, 8.085622), (0.5697862, 8.049255), (0.58445245, 8.030435), (0.60053945, 8.021261), (0.617959, 8.01258), (0.6367669, 7.993518), (0.6558, 7.9690633), (0.6733407, 7.9456344), (0.68967015, 7.9226394), (0.7041793, 7.900953), (0.71747226, 7.879353), (0.730488, 7.8590198), (0.742961, 7.8368883), (0.75590724, 7.812213), (0.7694879, 7.782609), (0.7840271, 7.7389174), (0.79891425, 7.678884), (0.81323737, 7.6004806), (0.82569844, 7.488754), (0.83390725, 7.3682556), (0.83901304, 7.180976), (0.84166366, 6.932871), (0.8427644, 6.66318), (0.84207296, 6.3817606), (0.8407592, 6.1555266), (0.8386557, 5.9653683), (0.8351441, 5.781857), (0.83109504, 5.583237), (0.82933795, 5.4080763), (0.8298479, 5.2839274), (0.83231956, 5.181543), (0.83612436, 5.0878086), (0.8407979, 5.000014), (0.8460114, 4.919437), (0.8513996, 4.845833), (0.85657644, 4.777085), (0.8611174, 4.712249), (0.86460435, 4.631417), (0.8676716, 4.462226), (0.8713147, 4.168881), (0.8721025, 3.8498883), (0.86779416, 3.593123), (0.86045545, 3.4125595), (0.85271376, 3.3648615), (0.8248965, 3.6340017), (0.81337315, 3.6879022), (0.80031383, 3.6488578), (0.7882217, 3.4462454), (0.77577186, 3.1158974), (0.7592709, 2.4925897), (0.74162436, 1.6869742), (0.6935199, 0.7228614), (0.6781432, 1.1192654), (0.67354035, 1.6817617), (0.67617506, 2.2365978), (0.69003534, 2.7085993), (0.70213664, 3.3496113), (0.7100418, 4.128322), (0.7203029, 4.963173), (0.73198897, 5.635697), (0.7426778, 6.1221113), (0.7541236, 6.487399), (0.76630443, 6.7102175), (0.7786937, 6.810218), (0.79045767, 6.677183), (0.79691863, 6.313066), (0.79789126, 5.915223), (0.79632235, 5.4645844), (0.7955562, 4.948705), (0.7969186, 4.356602), (0.8011509, 3.7796593), (0.8080539, 3.2488072), (0.8165127, 2.7671695), (0.8264377, 2.2904599), (0.8371225, 1.7859719), (0.84967065, 1.276822), (0.86285967, 0.85499406), (0.8752852, 0.7245246), (0.8854899, 0.9843003), (0.8916724, 1.3615679), (0.892494, 1.7277212), (0.887903, 2.0593157), (0.88004464, 2.3281596), (0.85835415, 2.9564674), (0.85585904, 3.191129), (0.86045545, 3.4679368), (0.87097454, 3.6150343), (0.88355136, 3.6778889), (0.89786935, 3.6332896), (0.90719867, 3.5365682), (0.91029096, 3.412731), (0.9126864, 3.1897578), (0.9158148, 2.9179857), (0.91938555, 2.649471), (0.9239614, 2.435765), (0.93024135, 2.2282116), (0.9383728, 2.0007768), (0.045056093, 4.407366), (0.04709214, 4.4698877), (0.050529506, 4.5828166), (0.055151623, 4.737883), (0.06123219, 4.9379377), (0.06908574, 5.17424), (0.07896976, 5.4357324), (0.09064306, 5.71362), (0.1039843, 6.0010147), (0.11900059, 6.288467), (0.13593306, 6.555134), (0.15442441, 6.759544), (0.17310674, 6.9092627), (0.18999779, 7.045325), (0.20642768, 7.2028008), (0.22300394, 7.386133), (0.2408351, 7.605199), (0.26060355, 7.8690715), (0.2821611, 8.16946), (0.30461296, 8.489606), (0.32574975, 8.793623), (0.3427423, 9.066216), (0.35663462, 9.282251), (0.38047075, 9.585832), (0.39237532, 9.685725), (0.40492216, 9.74702), (0.41694292, 9.771716), (0.42778066, 9.7707405), (0.43820214, 9.75191), (0.4487606, 9.711414), (0.46025062, 9.647695), (0.47284895, 9.56458), (0.48654792, 9.467802), (0.5011185, 9.36496), (0.5166637, 9.266851), (0.5336466, 9.185575), (0.5243182, 9.458438), (0.5085955, 9.508838), (0.4934904, 9.58172), (0.47936833, 9.664219), (0.46579286, 9.7428665), (0.4532026, 9.808557), (0.44144273, 9.855951), (0.43030208, 9.884585), (0.41900462, 9.903068), (0.4066591, 9.898588), (0.3929527, 9.868289), (0.37858763, 9.80297), (0.3642143, 9.697805), (0.33476457, 9.383975), (0.3184781, 9.162791), (0.3003828, 8.886783), (0.2813761, 8.572743), (0.26185814, 8.242295), (0.24279818, 7.919102), (0.22525373, 7.6269603), (0.2097647, 7.3868), (0.19600211, 7.1918974), (0.18276173, 7.030252), (0.16771507, 6.879072), (0.15012561, 6.6952534), (0.1314682, 6.4489417), (0.1137948, 6.126268), (0.09782981, 5.7623796), (0.08345068, 5.3865275), (0.070846364, 5.0118318), (0.059993304, 4.6458507), (0.05137865, 4.2983174), (0.044607345, 3.9845402), (0.03935958, 3.7236614), (0.035467252, 3.5311549), (0.033083376, 3.4133105), (0.19498964, 7.3525853), (0.112276815, 6.071656), (0.06650045, 4.70848), (0.054842636, 4.2324934), (0.037971962, 3.309821), (0.6184357, 11.74249), (0.61771315, 11.842661), (0.6177006, 11.934623), (0.6190861, 12.004221), (0.62654436, 11.995163), (0.63225603, 11.936904), (0.6387973, 11.831258), (0.64652157, 11.66575), (0.0217806, 1.3088176), (0.02450443, 1.7435404), (0.02907441, 2.285233), (0.03534268, 2.863262), (0.04334442, 3.4491718), (0.05339808, 4.0260105), (0.065549955, 4.5901246), (0.0796601, 5.1417055), (0.09592055, 5.67166), (0.11390455, 6.1477365), (0.1328681, 6.5489416), (0.15232077, 6.847199), (0.17010814, 7.0421305), (0.18857968, 8.628389), (0.19110149, 8.696945), (0.19549508, 8.8056345), (0.20166199, 8.946477), (0.20949517, 9.108413), (0.21913506, 9.27701), (0.23023023, 9.443203), (0.24307124, 9.591788), (0.25730732, 9.703329), (0.27328372, 9.763268), (0.29077315, 9.768237), (0.31007278, 9.725911), (0.32992014, 9.652772), (0.34992155, 9.558509), (0.36898682, 9.451086), (0.385834, 9.3498535), (0.40005422, 9.276089), (0.41068333, 9.239634), (0.41756123, 9.282486), (0.4216028, 9.391574), (0.4244795, 9.528126), (0.427625, 9.696357), (0.43319508, 9.909287), (0.44066876, 10.128899), (0.4508647, 10.306218), (0.46332258, 10.42664), (0.4773494, 10.451162), (0.49237913, 10.389969), (0.5061818, 10.264789), (0.518599, 10.1112385), (0.52968436, 9.931672), (0.54083514, 9.707597), (0.5510843, 9.438989), (0.5605957, 9.152858), (0.5682306, 8.903012), (0.5751323, 8.677728), (0.58064246, 8.432159), (0.58531, 8.3002), (0.5898792, 8.199925), (0.5940873, 8.136553), (0.59839576, 8.137023), (0.29786685, 9.99606), (0.32143953, 10.143867), (0.34338537, 10.251389), (0.3636832, 10.324244), (0.38266426, 10.365908), (0.40005422, 10.379113), (0.41599998, 10.370437), (0.4312185, 10.344679), (0.44528136, 10.3078165), (0.4589167, 10.267724), (0.47179437, 10.233813), (0.48452285, 10.22124), (0.49693066, 10.242496), (0.5095694, 10.307756), (0.52209294, 10.418762), (0.5346954, 10.570148), (0.54774517, 10.753253), (0.5618088, 10.961268), (0.5764562, 11.18993), (0.5910483, 11.445146), (0.6064339, 11.725278), (0.6222503, 12.025238), (0.8738519, 2.5411842), (0.8664839, 2.743206), (0.8713147, 2.5640805), (0.86440814, 2.7561483), (0.86779416, 2.6106668), (0.8611174, 2.7868469), (0.863042, 2.694823), (0.85667574, 2.8452036), (0.8573018, 2.8029892), (0.85126036, 2.9178822), (0.85112697, 2.9294832), (0.8457567, 3.0059967), (0.8446128, 3.0702817), (0.8398936, 3.1156466), (0.8373624, 3.2214863), (0.83396816, 3.2273965), (0.8288261, 3.3842287), (0.8273753, 3.351122), (0.81863123, 3.5456042), (0.8196676, 3.4756818), (0.8090649, 3.6438873), (0.8136813, 3.5563102), (0.80163956, 3.6508868), (0.8097708, 3.5667133), (0.8039209, 3.5978081), (0.81242996, 3.5256965), (0.80822086, 3.5563862), (0.8167824, 3.4829147), (0.81262577, 3.5221846), (0.8213852, 3.4456525), (0.8177446, 3.504946), (0.826367, 3.4263172), (0.8225639, 3.5038242), (0.8313419, 3.4166992), (0.8272143, 3.5107923), (0.836262, 3.4136941), (0.83149904, 3.5199487), (0.8407592, 3.421837), (0.8348696, 3.538047), (0.84438306, 3.4400828), (0.83735716, 3.5651238), (0.8468221, 3.4688053), (0.6350828, 12.081118), (0.63393945, 12.182439), (0.63394135, 12.272486), (0.6351715, 12.330798), (0.6380376, 12.340716), (0.64250547, 12.2961855), (0.6478044, 12.222911), (0.6542123, 12.104167), (0.66207707, 11.9187155), (0.6519252, 12.448316), (0.6505633, 12.55043), (0.6504668, 12.635356), (0.6514625, 12.681949), (0.6540699, 12.674766), (0.65831774, 12.614411), (0.66375214, 12.524327), (0.66975874, 12.391073), (0.67758733, 12.191184), (0.71595436, 14.374818), (0.71687365, 14.276698), (0.7195972, 14.264644), (0.72883177, 13.82918), (0.69971687, 13.070761), (0.6894496, 13.353426), (0.68347794, 13.457601), (0.68347794, 13.358319), (0.7332604, 14.863388), (0.73341054, 14.897859), (0.73540634, 14.71525), (0.75015634, 13.885884), (0.7381358, 14.615224), (0.7219061, 13.148008), (0.7085233, 13.654121), (0.7017619, 13.859633), (0.6994529, 13.865546), (0.6667439, 13.018905), (0.67012465, 13.038134), (0.6790925, 12.863285), (0.692461, 12.491067), (0.66847515, 12.844082), (0.7017548, 13.720203), (0.76162297, 14.453046), (0.7330272, 14.905964), (0.7343394, 14.791414), (0.7159069, 14.343872), (0.7350507, 14.81945), (0.717295, 14.346926), (0.7184039, 14.1990595), (0.7431056, 14.287006), (0.73614806, 13.484008), (0.72309375, 14.097768), (0.70726156, 12.815927), (0.71388084, 13.445759), (0.7044338, 13.781724), (0.6936679, 13.242704), (0.6997828, 13.894626), (0.68565226, 13.430121), (0.7000627, 13.801988), (0.6829598, 13.4247675), (0.6676091, 13.057789), (0.6671765, 12.943562), (0.67405516, 12.964845), (0.68496406, 12.713077), (0.68496096, 13.268958), (0.6545174, 8.054326), (0.63567847, 8.075296), (0.9226937, 2.777301), (0.9255514, 2.4516103), (0.84741825, 6.7525196), (0.8468221, 7.03914), (0.7869464, 7.8862867), (0.77165014, 7.9288282), (0.8499025, 5.0132627), (0.8552555, 4.9500003), (0.8447302, 6.2071157), (0.84661204, 6.4669437), (0.8387855, 5.790034), (0.84207296, 5.98617), (0.83560014, 5.607663), (0.9295502, 2.230513), (0.93625003, 1.9872936), (0.68833053, 8.0273905), (0.70367736, 8.014051), (0.7171793, 8.001359), (0.7569599, 7.9551396), (0.74387586, 7.9746237), (0.73061615, 7.9883046), (0.83005935, 7.6220837), (0.8386557, 7.497755), (0.91888976, 3.3658087), (0.9206432, 3.10322), (0.860818, 4.8932595), (0.86622244, 4.8371115), (0.6029116, 11.362252), (0.5869015, 11.075697), (0.5717294, 10.799631), (0.5568278, 10.555591), (0.54248077, 10.352945), (0.52879965, 10.201408), (0.50223124, 10.101121), (0.48975724, 10.128667), (0.060951788, 5.3088727), (0.08158681, 6.1313305), (0.50402486, 8.517596), (0.48615983, 8.692382), (0.5432025, 8.197752), (0.6007941, 8.095798), (0.5847548, 8.106879), (0.2996565, 8.961932), (0.331668, 9.053595), (0.42331532, 9.06126), (0.4584601, 8.925287), (0.16491789, 7.9379463), (0.1337398, 7.4397974), (0.10612516, 6.8383484), (0.04432185, 3.359794), (0.059809346, 4.3765893), (0.033112664, 2.3003957), (0.021693967, 0.05100801), (0.07867237, 5.333775), (0.10134227, 6.2555037), (0.12735765, 7.1246524), (0.27878204, 9.79285), (0.34912592, 10.287962), (0.36896187, 10.366946), (0.420956, 10.402938), (0.38761508, 10.409403), (0.4504111, 10.315318), (0.43623358, 10.366723), (0.53091, 8.274998), (0.4768124, 10.184227), (0.46383876, 10.252018), (0.5181697, 8.378456), (0.672055, 8.040028), (0.9451702, 1.7182561), (0.6175387, 8.088985), (0.8447302, 5.08755), (0.83655494, 5.2492104), (0.84008574, 5.166866), (0.83396816, 5.337563), (0.83348995, 5.446206), (0.2661975, 8.819038), (0.5155067, 10.117569), (0.19819902, 8.3250885), (0.32742298, 10.1678705), (0.30425787, 10.003702), (0.22008768, 9.150061), (0.15648606, 7.9174547), (0.9157524, 3.5148602), (0.86460435, 3.5054603), (0.8755992, 3.637639), (0.9051104, 3.6465795), (0.8890316, 3.702248), (0.8592764, 3.2090685), (0.8697657, 4.766438), (0.8726023, 4.5909204), (0.875402, 4.268246), (0.8761204, 3.9227884), (0.8728087, 3.643294), (0.8651759, 3.4522345), (0.024309302, 2.2708623), (0.026028404, 1.209355), (0.8282829, 2.2092354), (0.8185561, 2.7102726), (0.83866096, 1.6716613), (0.8514069, 1.0832429), (0.86507714, 0.48603663), (0.74327904, 1.5596195), (0.6931398, 0.031614896), (0.67799, 0.84201276), (0.6739581, 1.493454), (0.79691863, 4.9510884), (0.7985932, 4.332244), (0.70982045, 4.082981), (0.7194552, 4.9488497), (0.80356187, 3.7331712), (0.7419398, 6.208166), (0.7316393, 5.691736), (0.79854697, 5.5034933), (0.8001484, 5.9733534), (0.767322, 6.802071), (0.7548095, 6.570443), (0.7993916, 6.3603177), (0.79180133, 6.8172503), (0.69591874, 1.7701832), (0.70255256, 3.2873764), (0.6970225, 2.457985), (0.78095007, 6.911338), (0.8102399, 3.2011673), (0.8165133, 3.7315068), (0.80364525, 3.6743336), (0.7913447, 3.4626095), (0.8967298, 1.125547), (0.8972482, 1.5926567), (0.7788754, 3.1052506), (0.88941044, 0.64254355), (0.76182544, 2.4293997), (0.8781119, 0.09180046), (0.828334, 3.667304), (0.89227307, 1.9664905), (0.8614478, 2.954622), (0.88389754, 2.2724793), (0.8562503, 3.395871), (0.84416324, 7.2959356), (0.80268466, 7.829905), (0.81694835, 7.741319), (0.25067458, 9.527393), (0.39389098, 9.110848), (0.23206367, 8.614688), (0.3632564, 9.104685), (0.4048233, 10.419253), (0.044414032, 4.3869867), (0.03227096, 3.3731208), (0.6195179, 11.675142), (0.020824984, 1.127548), (0.18774474, 8.609697), (0.5560624, 8.149718), (0.5702076, 8.123735), (0.86726516, 2.7382765), (0.87472516, 2.5331664), (0.8477255, 3.4781227), (0.8385239, 3.5747752), (0.6360038, 12.012485), (0.6532313, 12.369804), (0.7369414, 14.646468), (0.7196467, 14.131296), (0.67014116, 12.757755), (0.68677086, 13.189034), (0.70297045, 13.648105), (0.369244, 8.443598), (0.3814982, 8.291117), (0.35516658, 8.645328), (0.5438613, 5.5073557), (0.5597591, 5.288342), (0.52704734, 5.7091255), (0.4764144, 6.38221), (0.6053148, 5.406832), (0.6023624, 5.1769533), (0.59516823, 5.0518503), (0.58159107, 5.062094), (0.57176566, 5.1417017), (0.49610323, 6.058457), (0.51097, 5.8878827), (0.55463904, 5.098083), (0.5469796, 4.800678), (0.52937526, 4.990496), (0.53767556, 5.296245), (0.5681916, 4.938922), (0.5623768, 4.6328764), (0.48738077, 5.833319), (0.478422, 5.517951), (0.57924724, 4.831535), (0.57559794, 4.5052295), (0.5956947, 4.7742877), (0.59516823, 4.4088078), (0.6092418, 5.092585), (0.6127292, 4.677347), (0.6065846, 4.486662), (0.6049988, 4.877501), (0.53994876, 4.4137883), (0.52182966, 4.6007547), (0.5562295, 4.2473006), (0.46971235, 5.1389737), (0.57062906, 4.118307), (0.5921464, 4.0067964), (0.6127292, 4.2307124), (0.6053148, 4.062157), (0.5326023, 3.96273), (0.5146269, 4.1468544), (0.5493988, 3.800098), (0.4624706, 4.655329), (0.5645331, 3.6806781), (0.58712906, 3.5925949), (0.6086492, 3.7961402), (0.6004758, 3.642056), (0.5189024, 3.0457602), (0.5019055, 3.2291589), (0.5356401, 2.9124537), (0.5509648, 2.8390305), (0.5746257, 2.881047), (0.50303954, 5.66049), (0.49482605, 5.3465433), (0.4871326, 4.9608393), (0.479906, 4.498045), (0.47213697, 3.5514948), (0.43351156, 4.9290586), (0.44194704, 5.4399233), (0.45329973, 5.8398566), (0.4652211, 6.1580772), (0.4855912, 3.4243488), (0.49659222, 4.335158), (0.5039535, 4.787671), (0.5117012, 5.1763487), (0.5203052, 5.4822674), (0.507864, 3.6670349), (0.49037194, 3.8596997), (0.47473237, 4.003239), (0.45825863, 4.127555), (0.42979413, 4.3273726), (0.6007934, 3.4005597), (0.59321964, 3.2601686), (0.5805965, 3.2042844), (0.557391, 3.2191336), (0.5421036, 3.319125), (0.5250391, 3.4687564), (0.49610323, 2.8718863), (0.4811078, 3.0828447), (0.47159246, 3.2261689), (0.4581305, 3.6241992), (0.4325967, 3.7068756), (0.57021385, 2.6463463), (0.47672644, 2.3982868), (0.45793214, 2.7120306), (0.53585345, 2.2137737), (0.5172431, 2.1599805), (0.4970143, 2.2142804), (0.5629656, 5.4354553), (0.54816127, 5.660918), (0.5734572, 5.302088), (0.5328049, 5.871474), (0.5815515, 5.240514), (0.5927551, 5.2737436), (0.60079217, 5.6781497), (0.5984102, 5.429161), (0.48780102, 6.5332837), (0.5050761, 6.2192225), (0.51817036, 6.0552273), (0.5799721, 2.7555077), (0.59616077, 5.3420997), (0.5995935, 5.102765), (0.6013002, 4.81178), (0.6019173, 4.431352), (0.5999048, 4.0181804), (0.59491825, 3.605811), (0.5883498, 3.230168), (0.58197373, 2.9287214), (0.5676161, 2.5336971), (0.442218, 3.1512063), (0.5881517, 5.236793), (0.5892588, 5.035299), (0.5887524, 4.777503), (0.5864631, 4.430398), (0.58259773, 4.0368953), (0.5768987, 3.614269), (0.570217, 3.196834), (0.5641152, 2.8397107), (0.55928016, 2.5589519), (0.55275315, 2.3484812), (0.4749751, 2.8935988), (0.49020353, 2.6291115), (0.5252576, 2.3350356), (0.5564053, 2.4076643), (0.568697, 2.543531), (0.46274304, 3.206826), (0.5775856, 2.6984303), (0.5076846, 2.43166), (0.5418314, 2.3277836), (0.58555454, 2.942895), (0.5770469, 2.7381692), (0.5129681, 2.68118), (0.5297853, 2.5642447), (0.54556894, 2.522742), (0.49898446, 7.064944), (0.5045871, 7.0485067), (0.4929365, 7.078417), (0.47644037, 7.100312), (0.46682045, 7.0504265), (0.4641216, 6.990847), (0.46281826, 6.904512), (0.46310493, 6.8002205), (0.46544868, 6.6746655), (0.47006783, 6.537243), (0.60436374, 5.745351), (0.6019879, 5.9260263), (0.5982281, 6.09397), (0.5930358, 6.2536044), (0.5868259, 6.4025073), (0.5686029, 6.6732464), (0.5574329, 6.7813873), (0.5343879, 6.9266276), (0.5175242, 6.9999437), (0.5109942, 7.023424), (0.4820866, 7.094948), (0.48737088, 7.0877156), (0.50439656, 6.95366), (0.5035694, 6.833365), (0.4952505, 6.8615265), (0.49732423, 6.9755287), (0.512586, 6.9154606), (0.5131919, 6.782492), (0.47664303, 6.998721), (0.47017336, 6.8534546), (0.45622793, 6.8980365), (0.44389573, 6.662902), (0.43856117, 6.5502367), (0.45230633, 6.813047), (0.45013788, 6.5854836), (0.43568167, 6.2752423), (0.4384752, 6.132616), (0.45283747, 6.4529495), (0.45776337, 6.314961), (0.4444532, 5.990091), (0.6133172, 5.159203), (0.6072868, 5.6008277), (0.6107119, 5.357356), (0.6040951, 5.7826977), (0.5211495, 6.877105), (0.52244574, 6.7310123), (0.54055357, 6.772573), (0.5431113, 6.5910425), (0.57478005, 6.464567), (0.5794784, 6.192797), (0.56649905, 6.3657913), (0.5625991, 6.602766), (0.50256556, 6.670896), (0.49351072, 6.707122), (0.51307565, 6.607264), (0.46437258, 6.6543064), (0.43158755, 6.3707314), (0.42486975, 6.225917), (0.42146605, 5.8991704), (0.4250021, 5.7360587), (0.4318458, 5.584285), (0.61560005, 4.702879), (0.6133689, 4.9146395), (0.5228173, 6.54549), (0.5438632, 6.3818607), (0.58137745, 5.911937), (0.56782424, 6.122529), (0.50113016, 6.480167), (0.49134785, 6.5185056), (0.5119777, 6.416308), (0.45994678, 6.456549), (0.42193154, 6.0264792), (0.4139545, 5.823521), (0.410586, 5.414591), (0.41474795, 5.2286882), (0.42250425, 5.0691285), (0.61316305, 4.2694345), (0.61126304, 4.4933524), (0.52182966, 6.349342), (0.5431544, 6.17141), (0.5801354, 5.620768), (0.5666269, 5.8761263), (0.49682835, 6.049549), (0.48641166, 6.106623), (0.50818133, 5.974729), (0.5191512, 5.896389), (0.54004675, 5.7245545), (0.45032305, 6.7032924), (0.43596712, 6.4154983), (0.42163998, 6.063716), (0.4102473, 5.6176715), (0.60531545, 5.566136), (0.60976505, 5.241727), (0.61415845, 4.814601), (0.6148723, 4.359582), (0.6111936, 3.9197676), (0.6092228, 5.414524), (0.6142292, 4.9779515), (0.6158888, 4.5186715), (0.6128006, 4.0779257), (0.5992639, 5.964765), (0.60616446, 5.559301), (0.6092228, 5.14154), (0.60746855, 4.741289), (0.5931957, 6.138585), (0.5997882, 5.7711983), (0.6023063, 5.3930964), (0.6009932, 5.027343), (0.45017478, 2.7858524), (0.53322256, 2.3406467), (0.5133771, 2.2831523), (0.4918854, 2.3250105), (0.47044554, 2.4864836), (0.4836772, 6.9966445), (0.47887748, 6.870512), (0.47460452, 6.6974125), (0.4713622, 6.506346), (0.46769273, 6.1334434), (0.44728014, 6.359194), (0.4533145, 6.5969377), (0.46066284, 6.810189), (0.46903044, 6.986532), (0.47677216, 6.141835), (0.4816377, 6.527074), (0.48424318, 6.7168775), (0.4871363, 6.8729634), (0.4904425, 6.9895244), (0.48912194, 6.323719), (0.47929096, 6.3396325), (0.46903044, 6.319076), (0.457448, 6.244752), (0.44395104, 6.1035514), (0.41762716, 5.638605), (0.4094764, 5.3616962), (0.4055079, 5.08898), (0.4058146, 4.8464537), (0.4102473, 4.634082), (0.41851106, 4.460273), (0.60363346, 3.530315), (0.6055438, 3.693197), (0.6058585, 3.894681), (0.6044943, 4.130756), (0.60150945, 4.393756), (0.5958767, 4.700918), (0.5760235, 5.351326), (0.56318295, 5.634023), (0.5416004, 5.949645), (0.52042776, 6.136633), (0.51014566, 6.2094855), (0.49916676, 6.2771583), (0.48310265, 5.8849483), (0.47362566, 5.9521184), (0.46720353, 5.9940763), (0.45717454, 6.038537), (0.44480482, 5.848124), (0.42034292, 5.243696), (0.4128602, 4.8899927), (0.40911087, 4.543857), (0.4095247, 4.2332892), (0.41384745, 3.985335), (0.4217833, 3.8137138), (0.59329957, 3.1618855), (0.5943018, 3.3345714), (0.59417844, 3.5533116), (0.59273684, 3.8106427), (0.5901427, 4.0896044), (0.58521503, 4.4146986), (0.5687891, 5.126481), (0.53980523, 5.5074005), (0.4728754, 5.278848), (0.45971385, 5.4289174), (0.42963713, 4.887712), (0.42396474, 4.475073), (0.42112738, 4.068685), (0.4220479, 3.699827), (0.42608806, 3.4122875), (0.43298694, 3.2309358), (0.58093953, 2.8760264), (0.58092946, 3.0624852), (0.5802252, 3.3042989), (0.5785407, 3.5858867), (0.5759551, 3.8882442), (0.5719689, 4.227625), (0.51921034, 4.971363), (0.5037475, 5.0474834), (0.48797494, 5.153081), (0.5232916, 3.7056632), (0.5030321, 3.7400997), (0.4821008, 3.8169954), (0.460995, 3.948845), (0.5256835, 3.3074934), (0.50480926, 3.3152893), (0.48294926, 3.3752315), (0.46091798, 3.502793), (0.5282003, 2.9255996), (0.5071612, 2.9054475), (0.4849583, 2.9508803), (0.4623732, 3.079484), (0.53063023, 2.590918), (0.51000905, 2.5462089), (0.48797306, 2.5836523), (0.46535924, 2.7259147), (0.44478822, 4.6098833), (0.4408983, 4.161691), (0.43962243, 3.7239175), (0.44076806, 3.3205016), (0.44415203, 2.99607), (0.52130324, 4.1278706), (0.50213003, 4.183485), (0.4825819, 4.277481), (0.46311295, 4.413231), (0.83655494, 3.7066915), (0.83235687, 3.792514), (0.8854899, 3.5428996), (0.91646516, 3.3840325), (0.8480663, 3.6519566), (0.85777926, 3.6344638), (0.83560014, 3.9278934), (0.8398936, 3.9867394), (0.83283305, 3.8913705), (0.848897, 4.190449), (0.8446128, 4.0700145), (0.83231956, 3.8445642), (0.8706588, 3.603089), (0.68885034, 7.9998193), (0.7014939, 6.3897314), (0.69767815, 6.6704392), (0.73916346, 5.9302397), (0.7458171, 5.7229733), (0.83155996, 3.865637), (0.8288261, 4.054864), (0.8345892, 3.9412208), (0.8342747, 3.793433), (0.91844314, 3.1251147), (0.88902295, 3.4207494), (0.89857197, 3.0699184), (0.92410976, 2.4943414), (0.85965604, 3.563383), (0.8716898, 3.426973), (0.8615452, 3.581931), (0.8515238, 3.6244419), (0.69492084, 7.0006757), (0.6907248, 7.7931943), (0.6921551, 7.5977087), (0.8462838, 6.7317657), (0.8359494, 6.5645876), (0.8013939, 5.975371), (0.7952607, 5.711626), (0.79676104, 5.6221952), (0.80205065, 5.888165), (0.77121127, 7.8882732), (0.76699746, 7.6199436), (0.84551126, 7.0109377), (0.8348761, 6.8070474), (0.82628065, 6.658888), (0.808065, 6.3078637), (0.7633537, 7.4077835), (0.75441706, 6.8699822), (0.7995492, 6.0822573), (0.7914891, 5.8077536), (0.7499095, 6.5954275), (0.7458171, 6.3475046), (0.7537979, 5.5286083), (0.761529, 5.3557734), (0.82437783, 5.537138), (0.78119093, 5.2023005), (0.7899784, 5.189222), (0.84551126, 6.4450207), (0.8411219, 5.9791565), (0.8348696, 6.2776093), (0.834394, 5.9474835), (0.83791363, 5.786747), (0.8008604, 5.824575), (0.8268001, 6.2758813), (0.7962617, 5.5648756), (0.8308574, 5.77753), (0.8262133, 5.799357), (0.80642295, 5.401072), (0.8188795, 5.5963674), (0.7972779, 5.297905), (0.7943041, 5.5561633), (0.8062521, 6.006367), (0.7926463, 5.409533), (0.82050145, 5.8342147), (0.80386555, 5.460882), (0.8136154, 5.641107), (0.7947459, 5.3542986), (0.7912316, 5.682631), (0.80556494, 5.96474), (0.79893243, 5.9399686), (0.7896006, 5.584866), (0.80386555, 5.850533), (0.797483, 5.62667), (0.8013939, 5.735864), (0.79315567, 5.5573034), (0.8383076, 3.731241), (0.814167, 5.861433), (0.8007054, 5.5163317), (0.8089364, 5.678245), (0.79288113, 5.4103203), (0.7895336, 5.4527307), (0.7914891, 5.580403), (0.8032347, 5.984787), (0.8173298, 5.9946184), (0.81117296, 6.000111), (0.8084068, 5.8639774), (0.7987358, 5.5730724), (0.8048472, 5.7167892), (0.79227227, 5.4814286), (0.78825873, 5.5041413), (0.79010063, 5.617918), (0.80033666, 5.9584703), (0.8242333, 5.969693), (0.8229032, 4.3210444), (0.83155537, 4.1592083), (0.8334736, 4.0448256), (0.826367, 4.1807384), (0.87472254, 3.5157886), (0.88503, 3.2673023), (0.9347704, 2.0480907), (0.9099724, 2.7555404), (0.8959513, 3.0404072), (0.881109, 3.3002458), (0.8665972, 3.537847), (0.8417529, 3.9670188), (0.8418723, 3.8850412), (0.8635054, 3.5450833), (0.87650967, 3.3580124), (0.89045465, 3.1485476), (0.9039403, 2.9055417), (0.9283219, 2.2768955), (0.84132195, 3.8213546), (0.8649158, 4.818218), (0.72143936, 5.989387), (0.7293524, 5.833716), (0.73816866, 5.6897035), (0.74758536, 5.5469627), (0.7284513, 5.9624066), (0.7363265, 5.783777), (0.74493873, 5.612382), (0.7543699, 5.449768), (0.7641072, 5.2908597), (0.75766224, 5.4021683), (0.80887705, 4.4923306), (0.8039209, 4.6291294), (0.7975481, 4.80327), (0.74917454, 5.5390244), (0.7392273, 5.662899), (0.7299331, 5.776972), (0.7210652, 5.890715), (0.7133524, 6.0196843), (0.70366323, 7.9830794), (0.7082781, 6.6595917), (0.71105635, 6.3805833), (0.70635724, 6.9818563), (0.7049492, 7.765339), (0.70547813, 7.5687838), (0.7171793, 7.9676003), (0.71756154, 6.647832), (0.71934265, 6.3705196), (0.71677524, 6.9643497), (0.71762836, 7.739097), (0.71762836, 7.5432186), (0.7339283, 6.3554463), (0.73468596, 6.6267395), (0.7361809, 6.929316), (0.74026287, 7.486431), (0.74190235, 7.685602), (0.74347454, 7.936258), (0.81323737, 4.3960867), (0.81584585, 7.703035), (0.80822086, 7.434053), (0.8013939, 7.2108254), (0.78447664, 6.7061315), (0.7755883, 6.446645), (0.7676673, 6.1774106), (0.85289186, 4.3596964), (0.8597955, 4.872866), (0.8344549, 4.1428523), (0.8099509, 5.339583), (0.8262133, 4.093079), (0.83005935, 4.0994716), (0.83897763, 4.216604), (0.8432945, 4.3260403), (0.8479474, 4.468745), (0.85252845, 4.629168), (0.9001021, 3.4590037), (0.9028473, 3.2892838), (0.9105226, 2.8473284), (0.91564476, 2.6568737), (0.921828, 2.4778063), (0.85674477, 4.547181), (0.63080287, 11.427855), (0.61509156, 11.212485), (0.584396, 10.839823), (0.5994965, 11.015726), (0.5697944, 10.686061), (0.5288128, 10.336839), (0.515805, 10.259172), (0.6023688, 11.424635), (0.58627266, 11.134825), (0.571163, 10.86039), (0.55627155, 10.614043), (0.54221666, 10.40581), (0.50230515, 10.117835), (0.4897505, 10.134838), (0.4939309, 10.211819), (0.5133206, 10.3458395), (0.5006155, 10.270171), (0.506291, 10.261385), (0.544875, 10.698422), (0.55197716, 10.783879), (0.55882764, 10.9111), (0.56589997, 10.982247), (0.5731166, 11.147934), (0.5806437, 11.2005825), (0.5878631, 11.408571), (0.5955412, 11.441618), (0.6034539, 11.695161), (0.61086667, 11.708285), (0.49189165, 10.181056), (0.5042161, 10.210304), (0.5429323, 10.6190405), (0.5568541, 10.83448), (0.5713392, 11.074891), (0.58610916, 11.336561), (0.6018128, 11.623111), (0.522881, 10.370049), (0.5100681, 10.287568), (0.5628222, 10.758782), (0.57724535, 10.929071), (0.5920835, 11.122563), (0.6074446, 11.338117), (0.62334704, 11.574041), (0.20959401, 7.1825485), (0.19142494, 7.131852), (0.14062026, 6.8303256), (0.12741664, 6.6899695), (0.17274724, 7.0744815), (0.08199953, 6.133276), (0.53109515, 8.260798), (0.6005174, 8.078756), (0.09882655, 6.3391366), (0.085497715, 6.1692557), (0.53201574, 8.164858), (0.60043925, 7.924002), (0.6016866, 7.763125), (0.5319945, 8.097605), (0.088683486, 6.2065988), (0.5685534, 7.8458977), (0.57004327, 8.1050825), (0.5689158, 7.9655266), (0.7479385, 5.8121533), (0.24837011, 7.3929152), (0.44803596, 8.028421), (0.4310275, 8.291324), (0.43964702, 8.141914), (0.42421657, 8.444829), (0.4095571, 8.862452), (0.41238928, 8.765545), (0.41276664, 8.864193), (0.4285806, 8.740916), (0.4377641, 8.71089), (0.45624086, 8.796871), (0.45742828, 8.858282), (0.48659423, 8.556507), (0.45837876, 8.920124), (0.45784652, 8.885134), (0.48590738, 8.616099), (0.48592842, 8.683668), (0.26594824, 8.813906), (0.2656326, 8.785296), (0.42320687, 9.058105), (0.42241296, 9.032528), (0.42186844, 9.009925), (0.41964182, 8.9664755), (0.4027722, 8.8749), (0.39460632, 8.8748), (0.38086435, 8.931207), (0.3801384, 8.880787), (0.38804692, 8.75466), (0.41036835, 8.435377), (0.42117146, 8.281124), (0.43196973, 8.131743), (0.44184443, 8.022875), (0.33024538, 9.004256), (0.32803175, 8.952684), (0.33920968, 8.474048), (0.3573063, 7.864955), (0.37656638, 7.8291416), (0.3388796, 7.932278), (0.29325283, 8.324805), (0.3063481, 8.17272), (0.28346494, 8.443089), (0.27119714, 8.560142), (0.26792303, 8.596838), (0.2656045, 8.761383), (0.26564157, 8.709256), (0.13394018, 7.4357686), (0.16500264, 7.9330945), (0.13593833, 7.4225745), (0.16643143, 7.9103165), (0.16752368, 7.8956237), (0.13766274, 7.416956), (0.14360726, 7.412127), (0.171584, 7.864048), (0.1963694, 7.819659), (0.18722184, 7.822981), (0.16417742, 7.457075), (0.1749293, 7.4895506), (0.20197833, 7.533717), (0.2208088, 7.790054), (0.21908146, 7.5018086), (0.23641941, 7.723098), (0.23646642, 7.4585342), (0.25316453, 7.640849), (0.27585515, 7.4886594), (0.2911929, 7.579554), (0.2977471, 7.568287), (0.31273165, 7.6149583), (0.3216523, 7.6806), (0.33581752, 7.684622), (0.36032403, 7.787293), (0.346828, 7.8219295), (0.10641922, 6.836067), (0.10909667, 6.8419046), (0.11154222, 6.852602), (0.119598046, 6.897617), (0.14455198, 7.0729713), (0.15654223, 7.1535163), (0.1862019, 7.290541), (0.20440033, 7.301047), (0.22210905, 7.3055987), (0.26164857, 7.4278126), (0.28327313, 7.548834), (0.30676615, 7.7059903), (0.33187333, 7.889566), (0.37196633, 7.9865627), (0.3857432, 7.917465), (0.35724124, 8.086371), (0.48656398, 9.776608), (0.44666284, 9.957073), (0.4344334, 9.995396), (0.38017383, 9.991864), (0.27541125, 8.939252), (0.2939614, 9.225065), (0.21733423, 8.258422), (0.24033433, 8.280704), (0.22352187, 7.936466), (0.20256284, 7.8936515), (0.12625344, 7.171828), (0.14707479, 7.6112847), (0.13419494, 7.126683), (0.11257437, 6.6021338), (0.19370806, 8.149885), (0.18023069, 7.7581778), (0.0605516, 4.4430547), (0.045302898, 3.4453883), (0.06747807, 4.939881), (0.05296025, 4.070441), (0.026924917, 1.4192537), (0.03486209, 2.5276964), (0.12452904, 6.697362), (0.104215756, 6.171058), (0.16793744, 7.381699), (0.18884197, 7.540941), (0.20808654, 7.6152015), (0.041618776, 3.1671286), (0.05965059, 4.3959193), (0.101938844, 6.2971005), (0.108099274, 6.632908), (0.114124894, 6.9111223), (0.13346192, 7.6026473), (0.0933382, 6.2002044), (0.07785944, 5.482078), (0.073586635, 5.323862), (0.059379444, 4.5240755), (0.16340418, 8.317447), (0.18228821, 8.59425), (0.1280238, 7.1590843), (0.2795407, 9.801907), (0.36930084, 10.363528), (0.43641296, 10.362006), (0.38810787, 10.404781), (0.2260151, 8.906406), (0.2506393, 8.951963), (0.35401374, 10.167493), (0.33059204, 10.199494), (0.45808446, 10.235951), (0.46293426, 10.201232), (0.42235917, 10.305962), (0.41612354, 10.339436), (0.15915427, 8.240675), (0.18729363, 8.81578), (0.3207414, 10.168753), (0.30462283, 10.060407), (0.29145765, 9.932597), (0.37805474, 10.362059), (0.38770473, 10.370379), (0.39582935, 10.385372), (0.40480438, 10.373664), (0.44907126, 10.287623), (0.44215912, 10.326239), (0.4394438, 10.341221), (0.4535645, 10.2930355), (0.45593122, 10.28145), (0.13406345, 7.4338703), (0.14007989, 7.664857), (0.28603816, 9.876634), (0.3742681, 10.360337), (0.39220703, 10.39183), (0.3306161, 9.026484), (0.45067576, 10.310789), (0.32186332, 8.856291), (0.4003203, 7.9644384), (0.41597474, 7.9093122), (0.3963221, 7.8281517), (0.41451547, 7.8531876), (0.43138573, 7.8842764), (0.45108354, 7.9400344), (0.45613247, 7.9409394), (0.46246883, 10.252462), (0.20484938, 9.029674), (0.24615115, 9.243513), (0.43436524, 10.185717), (0.42104295, 10.2163315), (0.4072085, 10.329277), (0.47389743, 10.061435), (0.40039375, 10.355279), (0.47129807, 10.2147455), (0.47621867, 10.18048), (0.26961628, 9.25609), (0.36684188, 10.0946665), (0.4276169, 10.118154), (0.44054958, 10.085027), (0.4800891, 9.938784), (0.49424252, 9.897177), (0.4875733, 10.0307045), (0.39596713, 8.176766), (0.46593222, 7.9315486), (0.44874576, 7.9112406), (0.5001682, 7.8927255), (0.53311557, 7.790623), (0.6103894, 7.6114106), (0.46050692, 7.882815), (0.4647518, 7.8802037), (0.7899634, 5.2217317), (0.7754034, 5.4312916), (0.68601036, 6.858166), (0.6983964, 6.6706986), (0.48580095, 7.848597), (0.48903838, 7.8373427), (0.47523823, 7.847211), (0.47135973, 7.8547406), (0.66684383, 6.8926134), (0.65490526, 7.037333), (0.7113714, 6.4725595), (0.6797915, 6.7362466), (0.7247407, 6.2660565), (0.6934495, 6.567701), (0.56535023, 7.62118), (0.55881625, 7.642968), (0.5227053, 7.7695484), (0.51953316, 7.7816796), (0.45805472, 7.8757315), (0.47412834, 7.881878), (0.50802237, 7.8362637), (0.54257244, 7.718147), (0.6254496, 7.3999333), (0.6547121, 7.339577), (0.33143368, 9.050492), (0.3205972, 8.829063), (0.32270393, 8.743298), (0.32771066, 8.631146), (0.3697436, 8.177007), (0.38566887, 8.058197), (0.4304068, 7.885635), (0.44365355, 7.87738), (0.47698048, 10.184354), (0.47936833, 10.19663), (0.48150727, 10.208376), (0.49718675, 10.234568), (0.50268346, 10.204896), (0.48805246, 10.234131), (0.50446796, 8.357151), (0.5440206, 7.997393), (0.54421103, 8.083243), (0.5437333, 8.184462), (0.50402486, 8.507224), (0.5041266, 8.425601), (0.5557082, 7.9160037), (0.55621195, 8.015797), (0.5560518, 8.135275), (0.82952124, 3.956854), (0.823221, 4.178375), (0.8193127, 4.3162127), (0.81464237, 4.4737625), (0.81659627, 4.3226056), (0.8200466, 4.221094), (0.82571346, 4.081988), (0.8299775, 3.9664195), (0.8344549, 3.8694818), (0.84008574, 3.7751822), (0.8556737, 3.5899112), (0.8664839, 3.5073054), (0.87952775, 3.3963869), (0.89340776, 3.2495275), (0.9063239, 3.0670164), (0.9208938, 2.819702), (0.8119646, 4.463406), (0.80627036, 4.6335144), (0.7615426, 5.62648), (0.70936745, 6.4116936), (0.6960442, 6.5980024), (0.68316734, 6.774542), (0.67094254, 6.940521), (0.64035136, 7.3636475), (0.62448525, 7.6096625), (0.81818956, 4.3191133), (0.8229032, 4.293109), (0.82750875, 4.31583), (0.83231956, 4.373671), (0.83718544, 4.4645863), (0.84207296, 4.5823174), (0.84712607, 4.717512), (0.8545199, 4.9272766), (0.6723917, 8.015841), (0.6747644, 7.824139), (0.6765751, 7.6308165), (0.68156606, 7.017427), (0.6859513, 6.6773267), (0.6909173, 6.394745), (0.7038517, 6.0518236), (0.71156526, 5.9519815), (0.7199365, 5.8722744), (0.7293524, 5.7920914), (0.73928076, 5.695837), (0.79010063, 4.9938335), (0.7995642, 4.819354), (0.80887705, 4.6498475), (0.8185097, 4.479586), (0.82886344, 4.2881227), (0.84069234, 4.0654836), (0.86913705, 3.5457864), (0.8855216, 3.2534974), (0.90187705, 2.9383), (0.91669565, 2.6098933), (0.9292446, 2.2914581), (0.9436196, 1.7887356), (0.80703586, 4.825755), (0.7945982, 5.0338025), (0.7827657, 5.224691), (0.77159375, 5.4011087), (0.7143431, 6.06049), (0.7049492, 6.0801997), (0.696751, 6.0697746), (0.68950707, 6.0661798), (0.68197924, 6.096233), (0.6670668, 6.3680654), (0.6593624, 6.663151), (0.65104556, 7.0452533), (0.64086884, 7.7009706), (0.6382119, 7.885687), (0.6357989, 8.0554695), (0.65477556, 8.033132), (0.6573049, 7.858445), (0.65987086, 7.6645384), (0.6670356, 7.0318503), (0.67291594, 6.677536), (0.67919135, 6.3903437), (0.6932595, 6.0787663), (0.70083785, 6.012851), (0.70878875, 5.971359), (0.717886, 5.931752), (0.72768223, 5.870467), (0.7813085, 5.1958404), (0.79163283, 5.0204873), (0.8023706, 4.83835), (0.8133196, 4.64521), (0.7987358, 5.230284), (0.8342747, 5.600725), (0.7349482, 6.0077286), (0.7493463, 5.8233466), (0.76392984, 5.6348295), (0.7788118, 5.4376493), (0.72134095, 6.2002196), (0.7363072, 6.0203204), (0.75132555, 5.842871), (0.7662785, 5.6643214), (0.5957585, 7.629268), (0.60987496, 7.4502006), (0.6377465, 7.14828), (0.64944124, 7.0262136), (0.66237867, 6.889912), (0.6764226, 6.7374225), (0.70584875, 6.3878384), (0.7204449, 6.1930447), (0.73455906, 5.9948163), (0.7604238, 5.5718713), (0.771138, 5.3612065), (0.78046834, 5.1583867), (0.78855777, 4.9652314), (0.79527044, 4.791283), (0.80106884, 4.6604366), (0.80556494, 4.5716405), (0.8103626, 4.5075192), (0.8151608, 4.4759903), (0.8200466, 4.4830437), (0.8253321, 4.5247483), (0.8308574, 4.596578), (0.836262, 4.69306), (0.84166366, 4.8061166), (0.848897, 4.9914618), (0.5806621, 7.659139), (0.593726, 7.5101814), (0.6194097, 7.2702384), (0.6306077, 7.1749077), (0.64366597, 7.0613422), (0.6584302, 6.924449), (0.6902291, 6.5878887), (0.7056942, 6.3889527), (0.7209938, 6.1764483), (0.7487677, 5.7278705), (0.76039726, 5.510851), (0.7705028, 5.3027735), (0.7793661, 5.1097026), (0.78652465, 4.943213), (0.79243356, 4.818274), (0.7972779, 4.7340198), (0.80201876, 4.674991), (0.8068996, 4.642346), (0.81242996, 4.6387715), (0.8180961, 4.6666093), (0.82437783, 4.7223115), (0.83044034, 4.8007607), (0.83612436, 4.8985734), (0.84386337, 5.06612), (0.5651507, 7.697708), (0.57695454, 7.5757685), (0.5999873, 7.4008217), (0.6103634, 7.334313), (0.62326854, 7.2476244), (0.6391581, 7.127026), (0.67360985, 6.794873), (0.6907248, 6.580866), (0.70744044, 6.3459744), (0.736933, 5.8692565), (0.74917454, 5.652626), (0.7601443, 5.4440064), (0.7698619, 5.25327), (0.7774295, 5.0943217), (0.78364056, 4.9732065), (0.78855777, 4.8894753), (0.7930041, 4.833886), (0.78944004, 4.9479055), (0.7959682, 4.92399), (0.8033565, 4.928002), (0.8111782, 4.9574847), (0.8192859, 5.0185056), (0.82669085, 5.1004972), (0.8354632, 5.2327785), (0.54928106, 7.740871), (0.55987805, 7.645562), (0.5796034, 7.530495), (0.5884297, 7.4901958), (0.60062134, 7.4283524), (0.6193048, 7.311782), (0.65750396, 6.9672937), (0.67523074, 6.7400613), (0.6930067, 6.480695), (0.7251164, 5.9881144), (0.73816866, 5.776101), (0.7494871, 5.579367), (0.75971985, 5.4023085), (0.76763487, 5.249856), (0.7740634, 5.1320114), (0.78046834, 5.0826483), (0.7881294, 5.0407143), (0.7967142, 5.032142), (0.8056627, 5.0561366), (0.8151608, 5.1268673), (0.82365584, 5.2118974), (0.8329044, 5.325467), (0.6384746, 7.6164517), (0.64623517, 7.4784617), (0.63214904, 7.4869294), (0.61757296, 7.505591), (0.60250956, 7.5385284), (0.5869344, 7.5842896), (0.5707962, 7.6348405), (0.5543222, 7.6902285), (0.537688, 7.751602), (0.5038989, 7.863133), (0.46992093, 7.9023857), (0.4533139, 7.88965), (0.43768182, 7.8777304), (0.42266414, 7.866462), (0.40684837, 7.8658795), (0.38933012, 7.8952956), (0.37209868, 7.9604826), (0.3546821, 8.05656), (0.32329497, 8.333239), (0.31108204, 8.489861), (0.3038486, 8.60668), (0.2961746, 8.712921), (0.2954149, 8.745034), (0.2973026, 8.856994), (0.29818445, 8.909078), (0.29876122, 8.932171), (0.2994408, 8.958286), (0.5285885, 10.245822), (0.52988255, 10.436177), (0.53182507, 10.513077), (0.5384238, 10.608078), (0.54896563, 10.60815), (0.55549496, 10.551882), (0.51524615, 10.148907), (0.5169167, 10.295695), (0.51902187, 10.363425), (0.52590656, 10.460127), (0.5359833, 10.477207), (0.5418746, 10.435582), (0.5010986, 9.721508), (0.3281659, 10.1694975), (0.33379245, 10.197446), (0.33823955, 10.222432), (0.3490065, 10.281435), (0.36308786, 10.321085), (0.3713314, 10.319903), (0.39043438, 10.238249), (0.4001006, 10.148323), (0.22082326, 9.165588), (0.2279932, 9.297006), (0.2341593, 9.396775), (0.25044015, 9.634267), (0.2716938, 9.858607), (0.2843942, 9.93382), (0.31336164, 9.95), (0.32994315, 9.891026), (0.15705496, 7.9460883), (0.16346772, 8.171152), (0.16958828, 8.357132), (0.18806988, 8.808103), (0.21433763, 9.242504), (0.23030731, 9.400836), (0.26804045, 9.531373), (0.2896077, 9.515053), (0.3121454, 9.463867), (0.8348761, 3.6892698), (0.8326457, 3.7052083), (0.91353226, 3.5217392), (0.88244826, 3.6224303), (0.8545646, 3.6662714), (0.84504855, 3.6648505), (0.83816797, 3.8024006), (0.8428536, 3.8497226), (0.8351992, 3.781411), (0.85271376, 4.076001), (0.8568842, 4.25452), (0.8299775, 3.5201359), (0.828334, 3.4443061), (0.826367, 3.4663184), (0.82843995, 3.5316997), (0.8635054, 3.4958897), (0.8513996, 3.412811), (0.8586311, 3.5680184), (0.87443167, 3.6322005), (0.83746266, 3.5030558), (0.84386337, 3.5116048), (0.8406031, 3.390813), (0.8354632, 3.3996232), (0.83577836, 3.584466), (0.8327171, 3.478939), (0.83786446, 3.4754603), (0.8407979, 3.6021519), (0.83216566, 3.5740209), (0.82905847, 3.489305), (0.85420763, 3.6557648), (0.8503045, 3.496716), (0.8568842, 3.5178397), (0.86102, 3.7032597), (0.8875487, 3.6971548), (0.86814797, 3.6515584), (0.8481884, 3.6081629), (0.8406031, 3.5966291), (0.83762324, 3.674355), (0.8339721, 3.6469543), (0.8425781, 3.7015703), (0.848897, 3.7425966), (0.8555829, 3.8099566), (0.8481884, 3.9436285), (0.8615452, 3.9116752), (0.84752524, 3.6262584), (0.8322207, 3.7356648), (0.83319914, 3.7651005), (0.8299775, 3.6174645), (0.83155996, 3.6371393), (0.82807416, 3.5507758), (0.8299192, 3.5658865), (0.8255087, 3.4942408), (0.8268983, 3.4926567), (0.83044034, 3.6097522), (0.83216566, 3.6001258), (0.8440963, 3.4789507), (0.846102, 3.3951511), (0.85051143, 3.5295215), (0.8572906, 3.628764), (0.86715317, 3.6637442), (0.8685209, 4.7465835), (0.87448907, 4.2533317), (0.8748525, 3.905134), (0.8714953, 3.6293657), (0.8562805, 3.4390962), (0.8660439, 3.603207), (0.8771583, 3.6677332), (0.8972482, 3.5691764), (0.86296165, 3.5528321), (0.86726516, 3.7731328), (0.8669687, 4.045184), (0.86053574, 4.458322), (0.8334736, 3.739225), (0.34286794, 8.214234), (0.32605585, 8.362577), (0.2574644, 8.6185875), (0.23310435, 8.613275), (0.20852362, 8.534459), (0.16307387, 8.109296), (0.14310871, 7.759512), (0.11156632, 6.9173822), (0.09175002, 6.123204), (0.085705474, 5.7950597), (0.079391375, 5.3860984), (0.3167251, 7.9742675), (0.30043226, 8.073747), (0.2920199, 7.74656), (0.27699026, 7.8042727), (0.26934215, 7.5521584), (0.23559527, 7.382008), (0.19892557, 7.094681), (0.18106385, 6.9947886), (0.16201185, 6.8905625), (0.12803417, 6.5335293), (0.11384965, 6.3237243), (0.081842534, 5.74993), (0.06976102, 5.4874806), (0.06573597, 5.4046793), (0.061397526, 5.3181233), (0.2554094, 7.5743914), (0.34731367, 9.802541), (0.4097455, 10.032187), (0.17789353, 7.0320244), (0.1661082, 6.912804), (0.14932232, 6.7163606), (0.09531997, 5.641809), (0.032124583, 2.902795), (0.025125943, 2.3493285), (0.1779129, 7.252372), (0.15845013, 7.069556), (0.117883116, 6.3608685), (0.09890542, 5.8534803), (0.055169355, 4.0860777), (0.036782313, 2.8042266), (0.030153925, 2.125779), (0.022565126, 0.7111844), (0.616752, 11.662768), (0.600854, 11.412034), (0.5858483, 11.181692), (0.57111156, 10.974173), (0.55697984, 10.7889), (0.5433525, 10.623486), (0.5301611, 10.482788), (0.51768154, 10.3692875), (0.50510913, 10.287772), (0.4923792, 10.241278), (0.4665621, 10.236287), (0.45318407, 10.264197), (0.41034588, 10.361113), (0.39373142, 10.368165), (0.2482874, 9.497194), (0.2982338, 9.966406), (0.34172004, 10.202452), (0.38073173, 10.294898), (0.41417414, 10.284805), (0.42851338, 10.256891), (0.46814078, 10.145621), (0.4816681, 10.122079), (0.5571244, 7.5531235), (0.5438632, 7.7064624), (0.5302682, 7.854301), (0.5040329, 8.164615), (0.48861372, 8.368748), (0.46507803, 8.381758), (0.45667502, 8.437156), (0.4414389, 8.635091), (0.43531278, 8.707812), (0.43471742, 8.66624), (0.43785682, 8.4151945), (0.440765, 8.278426), (0.44741789, 8.134205), (0.45432284, 8.020492), (0.46106896, 7.932557), (0.4690724, 7.8699293), (0.47872669, 7.8314776), (0.4918854, 7.8164806), (0.5247527, 7.7553506), (0.574288, 7.579197), (0.6016009, 7.4349995), (0.6430694, 7.0770636), (0.6599542, 6.83505), (0.67686486, 6.534773), (0.6747191, 6.361642), (0.67108524, 6.231482), (0.6660889, 6.1358423), (0.65995675, 6.08924), (0.645376, 6.252685), (0.63316, 6.545147), (0.6130469, 7.0130854), (0.57229644, 7.394432), (0.22446226, 9.171788), (0.20323533, 8.787946), (0.18518598, 8.369634), (0.17014967, 7.9374833), (0.15716377, 7.5083985), (0.1459191, 7.108398), (0.1379746, 6.7774305), (0.13064481, 6.4387093), (0.14411539, 6.734364), (0.15575273, 6.966646), (0.17055292, 7.233532), (0.18783318, 7.519588), (0.20797214, 7.8117266), (0.27665207, 8.511518), (0.29934406, 8.669881), (0.32079193, 8.797329), (0.38696438, 8.904853), (0.4201629, 8.806121), (0.4489721, 8.531527), (0.3555091, 10.306118), (0.3123344, 10.1195545), (0.26050484, 9.753678), (0.2002591, 9.036924), (0.17215629, 8.541394), (0.14706947, 7.9711027), (0.12577757, 7.34194), (0.107750736, 6.661295), (0.090238065, 5.8941207), (0.08566655, 5.558169), (0.081785545, 5.281015), (0.08004714, 5.180468), (0.101540945, 6.118523), (0.116081916, 6.556664), (0.13431983, 7.0000944), (0.15538007, 7.430435), (0.18034577, 7.8273973), (0.2663099, 8.633377), (0.29568633, 8.783019), (0.32411826, 8.885461), (0.4100107, 8.891643), (0.44606203, 8.721158), (0.47381896, 8.365751), (0.7725409, 5.1676908), (0.78370035, 4.994286), (0.83901304, 5.147315), (0.8308574, 4.9975243), (0.8247173, 4.910379), (0.8176316, 4.843712), (0.8107593, 4.8015175), (0.8042944, 4.7862873), (0.7984089, 4.799921), (0.730376, 7.9521437), (0.7298893, 7.7132945), (0.7293524, 7.516849), (0.72685534, 6.9473505), (0.7263277, 6.6371293), (0.72685534, 6.361985), (0.73443985, 5.9400716), (0.74162436, 5.7458267), (0.74976164, 5.560502), (0.75882065, 5.385561), (0.7688024, 5.2132215), (0.77912855, 5.0497274), (0.8297517, 5.9466147), (0.82897663, 6.158381), (0.82339495, 6.1877656), (0.82339495, 6.1339436), (0.81889, 6.1613984), (0.80642295, 6.090263), (0.81140465, 6.1249537), (0.81717694, 6.137611), (0.80532503, 6.0916624), (0.8093259, 6.1277466), (0.81395745, 6.1520596), (0.82750875, 6.45876), (0.8085542, 6.03489), (0.809686, 6.092198), (0.809686, 6.1862216), (0.7567931, 7.9156137), (0.75384766, 7.655897), (0.7513229, 7.4508696), (0.74507296, 6.905353), (0.74236876, 6.612651), (0.74012613, 6.3567533), (0.74236876, 5.9350667), (0.7485494, 5.7265487), (0.75574297, 5.533269), (0.76197433, 5.3724737), (0.768665, 5.2451324), (0.77439225, 5.1690397), (0.78219676, 5.1198964), (0.79153204, 5.1108894), (0.80178744, 5.146095), (0.8124835, 5.2388806), (0.823221, 5.34989), (0.83231956, 5.4362206), (0.79361564, 5.7469583), (0.79243356, 5.6722174), (0.7941115, 5.612246), (0.7967142, 5.667466), (0.7993753, 5.7369423), (0.7995772, 5.808016), (0.8013939, 5.9193892), (0.80268466, 6.041177), (0.80305874, 6.055557), (0.7981185, 5.9308467), (0.5173252, 8.011416), (0.575119, 6.8198395), (0.6044804, 6.444237), (0.6190222, 6.2138076), (0.62973064, 6.05882), (0.6419195, 6.0335574), (0.49963367, 7.81635), (0.4827229, 7.917399), (0.50876814, 7.7102017), (0.52064306, 7.5471444), (0.5336359, 7.365134), (0.5473733, 7.177244), (0.56115675, 6.9955225), (0.5608812, 7.583629), (0.58357686, 7.46749), (0.525899, 7.6861677), (0.49774265, 7.732774), (0.6212471, 7.1361094), (0.64386904, 6.682346), (0.6460865, 6.138908), (0.648966, 6.2838507), (0.6485125, 6.4659233), (0.610835, 6.6984677), (0.6158945, 6.506836), (0.61790967, 6.3243093), (0.61728907, 6.143156), (0.6151218, 5.9788604), (0.6080926, 5.765292), (0.6029033, 5.738559), (0.5966325, 5.758437), (0.58287865, 5.8710485), (0.5751353, 5.9523754), (0.5648026, 6.071709), (0.5510223, 6.2369814), (0.53639793, 6.41609), (0.5226281, 6.5853024), (0.51040405, 6.7333574), (0.48888856, 7.02671), (0.47514495, 7.9808693), (0.46868178, 8.064188), (0.46299952, 8.181203), (0.45863196, 8.301653), (0.4557248, 8.380262), (0.4871357, 7.766113), (0.47936824, 7.8088455), (0.47358304, 7.8638754), (0.46875215, 7.9359665), (0.45778248, 8.238686), (0.45524636, 8.380496), (0.48220035, 7.1736093), (0.47887933, 7.332617), (0.4758405, 7.484356), (0.47464344, 7.602705), (0.47639465, 7.6597395), (0.47916427, 7.6744914), (0.48608744, 7.652743), (0.49540728, 7.578398), (0.49801543, 7.5559936), (0.5010011, 7.5417256), (0.5057105, 7.527767), (0.5112601, 7.5099053), (0.5916379, 7.061692), (0.5273893, 7.4711256), (0.5658422, 7.3111415), (0.5514462, 7.389536), (0.577519, 6.3102217), (0.6005312, 6.0449224), (0.6106816, 5.932517), (0.6186233, 5.880711), (0.62803376, 5.97814), (0.6308205, 6.1132927), (0.6325581, 6.2850165), (0.6312107, 6.477593), (0.6265867, 6.685051), (0.60690635, 7.1062183), (0.57589734, 7.4099035), (0.55567443, 7.5140786), (0.5263959, 7.592541), (0.504337, 7.6360655), (0.49633437, 7.6686444), (0.4900704, 7.7041883), (0.4855906, 7.7447176), (0.48220283, 7.7939925), (0.47386527, 7.9775496), (0.4693754, 8.035848), (0.468058, 8.01071), (0.4689823, 7.928799), (0.47123256, 7.809185), (0.47510853, 7.6681404), (0.47997153, 7.5417356), (0.48713446, 7.413334), (0.5052294, 7.1941395), (0.5155022, 7.081446), (0.5268113, 6.9479885), (0.5392192, 6.788652), (0.55252427, 6.617109), (0.5658328, 6.4526634), (0.5763343, 6.553295), (0.6021562, 6.229064), (0.6146701, 6.056287), (0.6236038, 5.9597273), (0.63442355, 6.0044804), (0.6377363, 6.12614), (0.63968134, 6.28654), (0.63852584, 6.475503), (0.63402617, 6.6885114), (0.6135357, 7.125402), (0.5792403, 7.443864), (0.5576345, 7.5542674), (0.526069, 7.6412044), (0.5012033, 7.685358), (0.49188355, 7.7195053), (0.48495892, 7.7593246), (0.47990724, 7.8075657), (0.47575712, 7.8689284), (0.4667933, 8.110279), (0.46337804, 8.201088), (0.46304575, 8.185462), (0.46458656, 8.107214), (0.46784636, 7.987252), (0.47224623, 7.857821), (0.47791526, 7.750818), (0.48511606, 7.6508365), (0.50267595, 7.483806), (0.5123623, 7.3778915), (0.52383316, 7.2359915), (0.5363992, 7.069879), (0.54967445, 6.8897443), (0.56341416, 6.714635), (0.61863846, 6.490211), (0.6205142, 6.304417), (0.6199977, 6.1242166), (0.6177567, 5.9647927), (0.610193, 5.7795773), (0.60473394, 5.775821), (0.59791124, 5.8134894), (0.58171797, 5.968493), (0.5722155, 6.070833), (0.5604134, 6.2048473), (0.5470802, 6.361686), (0.53321385, 6.5284), (0.5206362, 6.6822257), (0.50919604, 6.820786), (0.48883283, 7.097517), (0.4816964, 7.242983), (0.47804934, 7.3958635), (0.4751462, 7.548353), (0.4736658, 7.672354), (0.47497633, 7.7332206), (0.4771237, 7.7638855), (0.48288557, 7.7439876), (0.4917411, 7.6436977), (0.4945243, 7.613976), (0.49817723, 7.591308), (0.50303954, 7.5690284), (0.5093364, 7.544814), (0.52707535, 7.5016656), (0.55261683, 7.4211683), (0.56842107, 7.3379292), (0.5950291, 7.073201), (0.6139778, 6.6895547), (0.5737941, 7.0999904), (0.6072862, 6.687982), (0.62453127, 6.3858557), (0.6367688, 6.1583867), (0.6507272, 6.065065), (0.6554528, 6.1438694), (0.6593248, 6.2704053), (0.6603278, 6.436998), (0.6566764, 6.649761), (0.6312107, 7.1260085), (0.59080535, 7.474179), (0.5661969, 7.603028), (0.52562624, 7.72481), (0.49465752, 7.7769303), (0.4826116, 7.8037043), (0.4738177, 7.8463926), (0.4670092, 7.9076433), (0.4612298, 7.988903), (0.44730106, 8.344829), (0.44562307, 8.542911), (0.44614196, 8.563574), (0.45085835, 8.485273), (0.45671508, 8.369389), (0.4633608, 8.266382), (0.47044554, 8.20876), (0.47872606, 8.183178), (0.49590987, 8.123552), (0.5057216, 7.995148), (0.5177518, 7.83123), (0.5306246, 7.6657763), (0.5448356, 7.4714766), (0.55931646, 7.277436), (0.5797064, 6.116815), (0.5989609, 5.9118576), (0.607897, 5.847085), (0.61422986, 5.823799), (0.62268025, 5.9670124), (0.6250419, 6.114436), (0.62598103, 6.2921805), (0.6244933, 6.485904), (0.6196107, 6.6880593), (0.6005344, 7.092472), (0.57179016, 7.37334), (0.553752, 7.4662123), (0.5265852, 7.5435314), (0.506952, 7.5878587), (0.5000343, 7.6172085), (0.494572, 7.6469903), (0.49051932, 7.678691), (0.48738077, 7.716833), (0.47899923, 7.8540416), (0.4738665, 7.890249), (0.4720925, 7.8580446), (0.4717857, 7.783249), (0.4736232, 7.659852), (0.47707674, 7.5103908), (0.48122403, 7.370834), (0.4882782, 7.2284083), (0.50736856, 6.975959), (0.5181716, 6.848592), (0.5299554, 6.704788), (0.54302263, 6.546811), (0.55591226, 6.3879056), (0.5685408, 6.24051), (0.60266376, 6.89001), (0.60597146, 6.8921905), (0.61161596, 6.9031873), (0.6182321, 6.907364), (0.6253431, 6.915445), (0.634255, 6.916323), (0.64558303, 6.8971496), (0.50588304, 7.117232), (0.50142723, 7.130606), (0.51059043, 7.099814), (0.49659345, 7.1456923), (0.4772096, 7.169363), (0.47535312, 7.1261344), (0.476003, 6.954995), (0.47850975, 6.828299), (0.48232898, 6.687842), (0.59885436, 6.0252547), (0.5920004, 6.3490195), (0.5863933, 6.4894295), (0.51600015, 7.084364), (0.5311182, 7.021973), (0.5612657, 6.838481), (0.55103916, 6.922686), (0.5111154, 7.145182), (0.50736547, 7.155691), (0.5154046, 7.138446), (0.52788574, 7.0974054), (0.54512984, 7.0267906), (0.5541129, 6.969516), (0.5788535, 6.7031555), (0.5852251, 6.578962), (0.592937, 6.2716775), (0.5953099, 5.911014), (0.5914006, 5.5421386), (0.58054876, 5.3890834), (0.5737621, 5.4363894), (0.56513345, 5.5565815), (0.5520746, 5.779981), (0.5377167, 5.997366), (0.5240903, 6.184688), (0.4983843, 6.640776), (0.49375543, 6.7917914), (0.49037442, 6.9336967), (0.48763946, 7.0626407), (0.48567474, 7.223636), (0.4868331, 7.255511), (0.5004988, 7.1879234), (0.5039566, 7.169891), (0.53051865, 6.2702723), (0.5073797, 6.7319627), (0.5035092, 6.878919), (0.5000764, 7.0179133), (0.49735275, 7.1434574), (0.49462962, 7.2861786), (0.49548906, 7.3052993), (0.50491107, 7.201955), (0.506952, 7.179914), (0.5093258, 7.163889), (0.5146717, 7.1456437), (0.5116795, 7.1530523), (0.52472275, 7.134264), (0.53965354, 7.097363), (0.5481594, 7.060075), (0.5729, 6.86008), (0.5790576, 6.751355), (0.5878907, 6.459116), (0.59022707, 6.096482), (0.5870007, 5.6968503), (0.57420456, 5.556137), (0.5788535, 5.5214386), (0.56740546, 5.6598663), (0.5559291, 5.860239), (0.5427429, 6.081303), (0.5035694, 7.497514), (0.50064945, 7.5054383), (0.5073797, 7.4911647), (0.49801606, 7.520265), (0.47847268, 7.6321745), (0.48134398, 7.640003), (0.48088768, 7.3187575), (0.47786644, 7.470513), (0.4839574, 7.1560497), (0.49051932, 7.001828), (0.52408904, 6.5357466), (0.5536294, 6.1580667), (0.5671572, 5.98752), (0.5834889, 5.809382), (0.5765967, 5.8771296), (0.6009983, 5.7350707), (0.6124937, 6.017004), (0.61477053, 6.368786), (0.60786164, 6.7309575), (0.5996206, 6.9113307), (0.51236045, 7.4791145), (0.5275936, 7.443714), (0.55028456, 7.366572), (0.56361526, 7.2936206), (0.51012206, 7.3935437), (0.51170367, 7.374886), (0.51137006, 7.2936287), (0.50951403, 7.3107457), (0.51293397, 7.367432), (0.5127047, 7.285355), (0.5083043, 7.420731), (0.507864, 7.3318105), (0.49974465, 7.441868), (0.5002904, 7.5880394), (0.5007816, 7.5866294), (0.5005186, 7.4579506), (0.5060469, 7.181422), (0.50701094, 7.326783), (0.5039535, 7.4552283), (0.5033535, 7.306223), (0.5101538, 7.1736155), (0.5092153, 7.038701), (0.5127258, 6.883069), (0.5140029, 7.01272), (0.5330181, 6.407884), (0.53332484, 6.503279), (0.5603577, 6.0584893), (0.5588688, 5.9807644), (0.5705187, 5.7784085), (0.57265466, 5.8590403), (0.5785539, 5.762915), (0.57633114, 5.6838956), (0.57957953, 5.655696), (0.5822364, 5.7345076), (0.58681583, 5.829218), (0.5898697, 5.9134855), (0.5902478, 6.260138), (0.59407014, 6.3579164), (0.58824664, 6.6270595), (0.59201676, 6.737046), (0.57958645, 6.922237), (0.5832871, 7.0362506), (0.57303804, 7.028716), (0.57633555, 7.1358433), (0.5154717, 7.3642516), (0.515013, 7.28225), (0.5246736, 7.355702), (0.52391595, 7.2736735), (0.53886724, 7.243904), (0.5404075, 7.3314066), (0.54909873, 7.30534), (0.5471446, 7.212669), (0.5852452, 7.0629725), (0.5940733, 6.7617917), (0.5913018, 5.930138), (0.5960052, 6.378215), (0.5832978, 5.757797), (0.5790595, 5.789955), (0.56035644, 6.085147), (0.5728002, 5.8899713), (0.53301746, 6.535477), (0.5132192, 7.0510907), (0.5093258, 7.217396), (0.50609285, 7.3770027), (0.5030383, 7.506474), (0.4997062, 7.642635), (0.50036544, 7.6406584), (0.507864, 7.4627047), (0.5095134, 7.432821), (0.51132536, 7.415669), (0.5127867, 7.4072485), (0.51540333, 7.4045734), (0.52527755, 7.3934546), (0.5506165, 7.3421288), (0.54159915, 7.3685365), (0.5785847, 7.16513), (0.5910117, 7.008741), (0.59973526, 6.6850038), (0.59388125, 5.875124), (0.6005388, 6.302699), (0.58349645, 5.7674494), (0.5785746, 5.8126063), (0.5593183, 6.1056848), (0.5716835, 5.917393), (0.53155696, 6.545404), (0.5090886, 7.056535), (0.50439656, 7.226343), (0.50078344, 7.3902683), (0.49801543, 7.522883), (0.49590987, 7.6628814), (0.49685252, 7.653251), (0.50588304, 7.4758215), (0.5078659, 7.4514356), (0.50981086, 7.437963), (0.5117018, 7.4296045), (0.51467043, 7.424934), (0.52606773, 7.4093738), (0.5538233, 7.33511), (0.54383194, 7.371741), (0.58403385, 7.1250453), (0.5971729, 6.9206915), (0.60493636, 6.5851073), (0.59636855, 5.81921), (0.60447913, 6.210971), (0.58328587, 5.7696958), (0.5778989, 5.825011), (0.5578573, 6.115161), (0.5702879, 5.9322553), (0.52977777, 6.533979), (0.5028522, 7.040895), (0.49734592, 7.2050257), (0.49336144, 7.369782), (0.4904413, 7.513404), (0.4899503, 7.655186), (0.49174544, 7.6461296), (0.5035483, 7.4828153), (0.50571233, 7.4633446), (0.50786465, 7.45263), (0.510355, 7.446825), (0.5140557, 7.4406166), (0.5268418, 7.4154778), (0.55750424, 7.3114934), (0.5462593, 7.360595), (0.5898552, 7.0520487), (0.5387949, 6.3531127), (0.5437227, 6.324108), (0.5451292, 6.322488), (0.54621863, 6.3101), (0.5463367, 6.28418), (0.5454471, 6.205068), (0.50208414, 7.192276), (0.50471556, 7.0666447), (0.4988375, 7.328431), (0.49942034, 7.3501554), (0.506952, 7.2443895), (0.5085216, 7.223854), (0.51014876, 7.2088995), (0.5119087, 7.1992054), (0.5145076, 7.1951714), (0.5234584, 7.190875), (0.5460081, 7.123323), (0.5377167, 7.1588554), (0.57083356, 6.933956), (0.5773445, 6.828668), (0.58583933, 6.538726), (0.58505976, 5.756083), (0.5879787, 6.174357), (0.57461, 5.604749), (0.578005, 5.575287), (0.56888884, 5.7008204), (0.5573847, 5.904595), (0.53201574, 6.3228407), (0.5442123, 6.1292458), (0.5111259, 6.7779036), (0.5078336, 6.9259725), (0.4884336, 7.5988894), (0.49685067, 7.5796294), (0.50047207, 7.5806103), (0.5033535, 7.5707397), (0.5038263, 7.5220475), (0.5033615, 7.411026), (0.50226283, 7.3142586), (0.49882326, 7.2742743), (0.49174544, 7.2476735), (0.48424256, 7.1884346), (0.4769019, 7.5832143), (0.48945192, 7.6068606), (0.4961689, 7.6145372), (0.50059116, 7.5975404), (0.5014291, 7.545519), (0.5007828, 7.3972893), (0.4997081, 7.2814016), (0.4951216, 7.2347727), (0.48590675, 7.1616807), (0.4751431, 7.05504), (0.5116807, 6.696218), (0.5191512, 6.71459), (0.5223549, 6.7238126), (0.52449244, 6.718277), (0.5247757, 6.689492), (0.5239141, 6.584174), (0.5229312, 6.486058), (0.5207544, 6.4326296), (0.5136275, 6.335087), (0.59544975, 5.73027), (0.59223956, 5.762909), (0.59069586, 5.800499), (0.5888499, 5.8334293), (0.58750767, 5.815619), (0.58459765, 5.73605), (0.58304393, 5.6594973), (0.58486235, 5.6055903), (0.5887002, 5.457032), (0.6056491, 5.778183), (0.5993307, 5.9118514), (0.5963503, 5.9851584), (0.5935023, 6.05697), (0.5918003, 6.0404983), (0.5887423, 5.954905), (0.5864656, 5.878139), (0.588743, 5.8091817), (0.5935023, 5.638912), (0.6142848, 6.1846046), (0.60548323, 6.393263), (0.6007941, 6.4907165), (0.5956947, 6.5641575), (0.5937025, 6.541325), (0.58987784, 6.431725), (0.5875139, 6.3432913), (0.5895463, 6.26389), (0.594866, 6.0813713), (0.6005325, 5.8432627), (0.6128006, 6.548026), (0.6019879, 6.764586), (0.5962174, 6.8615985), (0.59055114, 6.9288816), (0.5883863, 6.902505), (0.5846153, 6.7871633), (0.5823998, 6.695807), (0.58444303, 6.617809), (0.58997476, 6.4353375), (0.5962174, 6.1974564), (0.5887505, 7.070004), (0.5798125, 7.1654544), (0.5747694, 7.219673), (0.56995046, 7.246997), (0.5678255, 7.217135), (0.56517476, 7.114401), (0.5632644, 7.0212026), (0.5656216, 6.945287), (0.5717663, 6.8035235), (0.5793434, 6.6171947), (0.44978842, 8.22808), (0.46002996, 8.139572), (0.46911004, 8.032201), (0.476441, 7.9191484), (0.4820866, 7.8134055), (0.48608866, 7.7167115), (0.48946613, 7.6291), (0.49226445, 7.5632534), (0.4994216, 7.5333037), (0.5025885, 7.5341387), (0.50515807, 7.5287495), (0.50575453, 7.4811106), (0.50515807, 7.3800197), (0.50395596, 7.2876477), (0.5010737, 7.2471757), (0.49451748, 7.2278714), (0.4884992, 7.1749315), (0.45552593, 8.094704), (0.46419314, 8.027664), (0.4722691, 7.9437275), (0.47932187, 7.8524513), (0.48472384, 7.763568), (0.48904207, 7.6815414), (0.4924137, 7.607237), (0.49507204, 7.5394254), (0.50138503, 7.5061035), (0.5040329, 7.503602), (0.506392, 7.495342), (0.50691783, 7.451338), (0.50645226, 7.3567905), (0.5052772, 7.2673845), (0.50279325, 7.225551), (0.49748477, 7.2088428), (0.49236664, 7.160667), (0.51840293, 8.365846), (0.5191195, 8.276227), (0.5190355, 8.214374), (0.5590773, 4.96719), (0.83120245, 3.418238), (0.8329745, 3.5081625), (0.8354632, 3.5945923), (0.83897763, 3.6743276), (0.8414879, 3.6748114), (0.84422034, 3.6729615), (0.84732234, 3.6782389), (0.84998524, 3.6916318), (0.8522334, 3.7145183), (0.853346, 3.7551873), (0.85409397, 3.8143241), (0.51674503, 7.844105), (0.5208751, 7.8124332), (0.52520347, 7.785601), (0.538486, 7.7262573), (0.54257494, 7.711701), (0.5454515, 7.6961308), (0.5445714, 7.681456), (0.54293334, 7.6505523), (0.5411984, 7.614002), (0.53993505, 7.5693), (0.53881985, 7.519224), (0.5385484, 7.4743557), (0.53812474, 7.4420214), (0.5376562, 7.4162855), (0.5359619, 7.3937554), (0.5346972, 7.3961687), (0.53319824, 7.3846717), (0.53210986, 7.3481817), (0.53110635, 7.2638407), (0.5303573, 7.179684), (0.53201574, 7.1209626), (0.5365969, 7.068001), (0.54160225, 6.976189), (0.54690653, 6.8580036), (0.5513218, 6.6993475), (0.5544395, 6.4918227), (0.55571264, 6.2675595), (0.5546321, 6.0461636), (0.55235606, 5.816605), (0.5493538, 5.613424), (0.54654354, 4.907099), (0.55620384, 4.134677), (0.55984735, 3.7735734), (0.56265867, 3.4391332), (0.56475306, 3.1242096), (0.5662019, 2.853416), (0.5671666, 2.6503983), (0.45002958, 5.6165133), (0.5892695, 7.2308416), (0.58467376, 7.7975764), (0.58403194, 7.9389873), (0.58460397, 8.088458), (0.30495033, 10.008973), (0.31097564, 10.059324), (0.3159535, 10.098987), (0.3276626, 10.189115), (0.33440137, 10.228829), (0.3422409, 10.259631), (0.3512133, 10.27438), (0.36144337, 10.264107), (0.37257645, 10.218158), (0.38413695, 10.13646), (0.39558902, 10.026428), (0.48318797, 7.926761), (0.48698717, 7.895942), (0.49090198, 7.8698225), (0.5023645, 7.823681), (0.5053486, 7.8098097), (0.50768584, 7.7885246), (0.5092724, 7.7512207), (0.5106333, 7.706647), (0.51244926, 7.658722), (0.5143528, 7.6095195), (0.51600516, 7.561717), (0.5174048, 7.520759), (0.5183638, 7.4893146), (0.51927936, 7.461456), (0.5197285, 7.428301), (0.5194405, 7.4158874), (0.5191836, 7.398789), (0.5189777, 7.358827), (0.51853853, 7.2779016), (0.5181716, 7.192784), (0.51897144, 7.1409683), (0.5211122, 7.1194587), (0.52268225, 7.056598), (0.5252682, 6.968407), (0.5303573, 6.8291116), (0.53223574, 6.6692843), (0.53301746, 6.472524), (0.5321479, 6.2699313), (0.5309568, 6.0523295), (0.5299448, 5.813604), (0.5298052, 5.565345), (0.53366214, 4.9189663), (0.53953314, 4.107974), (0.5424407, 3.7146914), (0.5451198, 3.3478289), (0.5474114, 2.9992614), (0.54940003, 2.6971996), (0.5511611, 2.4708958), (0.58555454, 5.4029884), (0.5823973, 5.5420537), (0.5811739, 5.593784), (0.5824161, 5.6733055), (0.58519804, 5.7535524), (0.5863933, 5.773086), (0.5872001, 5.762776), (0.58790386, 5.7483234), (0.58954, 5.760179), (0.5902617, 5.80673), (0.5899339, 5.880272), (0.5898615, 6.006762), (0.5892865, 6.1764827), (0.58903676, 6.396031), (0.58928525, 6.646159), (0.58955765, 6.9199204), (0.46784636, 5.738174), (0.47866672, 5.631004), (0.5049123, 5.4326134), (0.53087205, 5.2904983), (0.54203427, 5.267639), (0.46035963, 5.864813), (0.5512011, 5.3039627), (0.49138686, 5.5277824), (0.518319, 5.3499527), (0.55797184, 5.4344425), (0.54682595, 5.4742613), (0.4944388, 5.8064914), (0.50646526, 5.718798), (0.51848197, 5.6381307), (0.5911395, 3.0391495), (0.61021006, 6.4728565), (0.6075796, 6.6528354), (0.6029046, 6.819242), (0.59492207, 6.971067), (0.58441037, 7.106586), (0.560776, 7.2932167), (0.5483869, 7.3554854), (0.5371858, 7.3968925), (0.52757555, 7.423693), (0.5195668, 7.4416), (0.5132211, 7.456433), (0.50883085, 7.4648814), (0.50581163, 7.4691668), (0.5033535, 7.4768057), (0.500691, 7.491974), (0.4981766, 7.5109982), (0.4954835, 7.535779), (0.49236664, 7.5757856), (0.4859909, 7.635784), (0.4836766, 7.63851), (0.48233023, 7.590786), (0.4834323, 7.4869237), (0.48640797, 7.336516), (0.4900704, 7.1742105), (0.49636847, 7.0144176), (0.51515096, 6.7007017), (0.5270984, 6.526), (0.54132944, 6.3260183), (0.5559135, 6.125853), (0.5687741, 5.9460354), (0.5772974, 5.8388495), (0.58328587, 5.7768593), (0.588743, 5.741553), (0.59369427, 5.73557), (0.5986061, 5.7645245), (0.6026625, 5.833164), (0.60847753, 6.108689), (0.6101911, 6.2853746), (0.85830545, 3.203924), (0.85252845, 3.1807888), (0.8481884, 3.1820529), (0.84300715, 3.1888723), (0.83816797, 3.203884), (0.83371335, 3.2496228), (0.82952124, 3.3091516), (0.826367, 3.367541), (0.8239233, 3.4161842), (0.82224613, 3.4604294), (0.8230229, 3.4613905), (0.82524705, 3.4391387), (0.828743, 3.4113154), (0.83363736, 3.3858855), (0.83901304, 3.3698301), (0.8447217, 3.3708272), (0.8505469, 3.3737667), (0.85585904, 3.3895464), (0.8638445, 3.4409294), (0.77978086, 3.7809377), (0.76529026, 3.7731338), (0.8126846, 3.5283272), (0.7518424, 3.7564323), (0.7404099, 3.7039545), (0.7292314, 3.7730255), (0.7171004, 3.703599), (0.72737974, 3.6666102), (0.7397276, 3.7317376), (0.767484, 3.7663991), (0.7567504, 3.8343735), (0.74285847, 3.8076744), (0.753442, 3.7542038), (0.7935311, 3.7995062), (0.80327964, 3.643285), (0.7210511, 3.8866332), (0.7096113, 3.8221574), (0.74795663, 3.9889874), (0.7341886, 3.938511), (0.7841499, 3.9699214), (0.7154418, 4.0293508), (0.7068761, 3.9504902), (0.7417521, 4.1853714), (0.7280439, 4.113841), (0.77720696, 4.1203413), (0.81918335, 3.3996224), (0.7335122, 3.5895245), (0.7114626, 4.153381), (0.7013536, 3.9637105), (0.7384536, 4.382677), (0.72452974, 4.291402), (0.70813775, 3.5763044), (0.7196833, 3.535922), (0.8101734, 3.5188851), (0.80034447, 3.6831381), (0.7012466, 3.7380233), (0.7894875, 3.8956625), (0.7309027, 3.427025), (0.71705467, 3.3465872), (0.70486146, 3.3768158), (0.69630414, 3.5597222), (0.6984031, 3.9119842), (0.71120334, 4.250809), (0.73817, 4.5341277), (0.7246018, 4.43603), (0.7940998, 3.7806695), (0.8058355, 3.531099), (0.81605226, 3.3600872), (0.8254708, 3.2365806), (0.7304932, 3.2289126), (0.8321657, 3.0197747), (0.70419276, 3.1171682), (0.71647394, 3.1026537), (0.8223874, 3.1353393), (0.81135315, 3.3212366), (0.6948735, 3.296524), (0.7993916, 3.5870762), (0.69346875, 3.5839655), (0.8027655, 3.7458773), (0.8277018, 2.2313726), (0.83829516, 1.7033821), (0.8509043, 1.1391926), (0.8643956, 0.60962456), (0.79254746, 3.9646766), (0.81748396, 2.7123737), (0.82127666, 2.527829), (0.79607105, 3.8850856), (0.8292843, 2.3235953), (0.8327538, 2.098791), (0.84226716, 1.9918252), (0.8455316, 1.7102635), (0.8550057, 1.7857645), (0.85824823, 1.4497687), (0.7857163, 4.1523833), (0.8092091, 3.1438556), (0.8134091, 2.922079), (0.78908306, 4.048541), (0.8208858, 2.830802), (0.82519805, 2.5706756), (0.83335704, 2.5865757), (0.83814764, 2.288607), (0.84514564, 2.4534216), (0.85076964, 2.1249719), (0.7385696, 2.0408075), (0.6939826, 1.4242978), (0.6782926, 1.6772785), (0.67336494, 2.1085646), (0.73527807, 2.5393207), (0.73335373, 2.7836983), (0.6941557, 2.1339343), (0.7043331, 2.485235), (0.67910266, 2.2961762), (0.67959356, 2.6099646), (0.6734089, 2.612822), (0.6737336, 2.8852866), (0.70487165, 3.8020787), (0.6759875, 2.993118), (0.68302876, 3.1352792), (0.7063823, 3.959664), (0.79632235, 4.949979), (0.79789126, 4.339297), (0.7834198, 5.0109706), (0.7830788, 4.5680733), (0.78630954, 4.5052752), (0.78598726, 4.980372), (0.72473043, 4.714649), (0.7295281, 4.8176913), (0.74099547, 5.1968675), (0.73689306, 5.1561747), (0.75056714, 4.990842), (0.7564581, 5.2570457), (0.75101805, 5.2495427), (0.7428952, 4.965408), (0.77614486, 4.730351), (0.77990556, 4.6426287), (0.78055537, 5.05454), (0.77698505, 5.104643), (0.78870344, 4.9629216), (0.7895779, 4.452464), (0.7923796, 4.411683), (0.79133373, 4.951502), (0.7251402, 5.011978), (0.71389234, 4.3246164), (0.7160301, 4.4126906), (0.7277331, 5.0396233), (0.7579882, 4.974709), (0.76237625, 5.2430177), (0.75259715, 4.5155377), (0.75329894, 4.399502), (0.75627905, 4.227116), (0.7621886, 4.0415044), (0.77098835, 3.8847215), (0.78163254, 3.7933738), (0.7931213, 3.7532597), (0.70359534, 3.6571608), (0.7026807, 3.521197), (0.6756046, 2.5807173), (0.675419, 2.7836678), (0.67874706, 1.9852868), (0.67336494, 2.3550062), (0.69415015, 1.7830653), (0.7368505, 2.2859147), (0.7334104, 5.1040998), (0.7210202, 4.60867), (0.7228847, 4.98908), (0.71218663, 4.2422605), (0.77747494, 4.39941), (0.7818072, 4.2668), (0.74499106, 4.791083), (0.75509393, 4.7638516), (0.7350056, 4.744602), (0.7118888, 4.3016562), (0.71743244, 4.4785504), (0.70847446, 4.1265545), (0.7182651, 4.506325), (0.7441482, 5.989928), (0.74216425, 6.1837697), (0.7196306, 4.954515), (0.7450007, 5.9171996), (0.74691397, 5.859603), (0.7303619, 5.0691867), (0.75155556, 5.781442), (0.7493205, 5.81051), (0.7541767, 5.754415), (0.75720245, 5.7562637), (0.76670986, 5.7341375), (0.7635926, 5.7379513), (0.76988655, 5.7309275), (0.78224164, 5.733896), (0.7796154, 5.727767), (0.7849886, 5.7361417), (0.7876146, 5.7443085), (0.7901136, 5.773905), (0.7925169, 5.821077), (0.79976743, 5.9582148), (0.6763939, 2.130932), (0.70982045, 4.0973716), (0.7022789, 3.3028884), (0.8388937, 2.7540643), (0.8281062, 2.8687901), (0.8161437, 3.083876), (0.80444175, 3.3687422), (0.731562, 3.0152602), (0.7170103, 2.8243666), (0.6927528, 2.8616214), (0.6842292, 3.0834959), (0.68562794, 3.3799253), (0.765434, 6.4858), (0.76679474, 6.780293), (0.7645528, 6.3601985), (0.76407427, 6.2532673), (0.76433975, 6.164249), (0.76512384, 6.0904317), (0.7664657, 6.030256), (0.76748395, 5.9848866), (0.7689482, 5.9207177), (0.7751764, 6.0329823), (0.77667946, 6.0796137), (0.77851456, 6.1392555), (0.7806489, 6.2110214), (0.7830015, 6.2977247), (0.78521216, 6.4055223), (0.7915295, 6.777529), (0.7720158, 5.9232793), (0.77064353, 5.9395323), (0.6737336, 1.5449739), (0.6781017, 0.91774905), (0.6931635, 0.36821854), (0.7429803, 1.5940253), (0.7402332, 1.8262889), (0.6938424, 1.0717744), (0.67823833, 1.3838984), (0.6735001, 1.877817), (0.6757648, 2.3937128), (0.7021578, 3.4041076), (0.7106835, 4.1642313), (0.7211218, 4.9728), (0.7434462, 6.056773), (0.76580966, 6.605564), (0.82435495, 2.3849995), (0.8355366, 1.9132742), (0.84801376, 1.4640856), (0.8608615, 1.1302116), (0.8041127, 3.654069), (0.7941193, 3.738442), (0.7841544, 3.8912826), (0.77516276, 4.057889), (0.76929295, 4.207443), (0.76714844, 4.316313), (0.766423, 4.3797145), (0.77069664, 4.5618277), (0.7714466, 4.8288755), (0.77314717, 5.158543), (0.77667946, 5.7255282), (0.7741777, 5.992185), (0.79885954, 3.8244758), (0.79481685, 4.3784723), (0.7937458, 4.948993), (0.7954748, 5.8725877), (0.78774786, 6.554096), (0.7985932, 6.3458376), (0.7937458, 6.2536507), (0.790842, 6.154818), (0.7880794, 6.0818768), (0.7856682, 6.0247383), (0.783347, 5.978267), (0.78080535, 5.941011), (0.7787521, 5.9126945), (0.776237, 5.89096), (0.7714466, 5.867397), (0.7693778, 5.8627534), (0.76708364, 5.8500376), (0.7628507, 5.890643), (0.76064, 5.9267874), (0.758377, 5.974723), (0.7567912, 6.0335927), (0.75528723, 6.1056504), (0.75446236, 6.193818), (0.75446236, 6.2968526), (0.75448436, 6.3955507), (0.7541456, 6.555144), (0.7978633, 5.4917383), (0.7944082, 5.441839), (0.79184425, 5.4197803), (0.7895779, 5.401939), (0.7870407, 5.395774), (0.7846676, 5.4065895), (0.7819812, 5.4283037), (0.77885467, 5.4483237), (0.7751764, 5.4693575), (0.7664249, 5.508541), (0.76218855, 5.515768), (0.757941, 5.5165396), (0.7496932, 5.508266), (0.7468016, 5.4915924), (0.7436759, 5.4885144), (0.74099547, 5.495296), (0.7384536, 5.5110197), (0.73614806, 5.534916), (0.73458487, 5.565002), (0.7330272, 5.600315), (0.7317597, 5.6765203), (0.77113426, 6.023231), (0.7714466, 6.0702686), (0.77155226, 6.1287866), (0.77215195, 6.202013), (0.7729805, 6.2937927), (0.7745155, 6.4120445), (0.77584714, 6.542646), (0.77708954, 6.68471), (0.78029114, 6.884501), (0.7163153, 4.4072213), (0.7281932, 4.5716653), (0.7405176, 4.64885), (0.7529526, 4.6186213), (0.7645527, 4.49643), (0.78038913, 4.1088643), (0.79436135, 3.6579418), (0.79901975, 3.4594793), (0.8032797, 3.272657), (0.8072557, 3.1037176), (0.81100076, 2.955893), (0.81411874, 2.8408768), (0.8180151, 2.7251077), (0.77885467, 4.1352167), (0.80643666, 3.6516213), (0.7941115, 3.6290774), (0.7859203, 3.6380608), (0.797455, 3.644645), (0.79243356, 3.656404), (0.7811059, 3.6541433), (0.7754034, 3.7738256), (0.7643222, 3.7500021), (0.7713131, 3.7195184), (0.7823741, 3.719217), (0.77790195, 3.813545), (0.7921272, 3.7940953), (0.82206905, 3.4615097), (0.8667026, 2.6284156), (0.85804695, 2.8612497), (0.8748208, 2.386583), (0.8818466, 2.1376424), (0.8959513, 1.6309342), (0.75327307, 3.7467618), (0.7648913, 3.7910323), (0.875334, 2.1803327), (0.88211274, 1.8859911), (0.8675596, 2.4611707), (0.8592777, 2.7249758), (0.7823286, 3.4685168), (0.77487606, 3.5257425), (0.7705028, 3.565328), (0.75668377, 3.696079), (0.7622358, 3.6683583), (0.8278223, 3.3242571), (0.89534354, 1.193153), (0.74631417, 3.664675), (0.7704121, 3.194138), (0.7637984, 3.3283167), (0.76023614, 3.4115534), (0.75230247, 3.6328855), (0.75453085, 3.5784304), (0.74333, 3.55148), (0.8330531, 3.1764302), (0.8654519, 2.2876005), (0.8579279, 2.5861008), (0.8721836, 1.9613439), (0.87776345, 1.6202167), (0.8883327, 0.74640894), (0.74387586, 3.4229395), (0.8393423, 2.9918272), (0.7554495, 2.6981394), (0.75058585, 2.9898784), (0.7480896, 3.1392255), (0.8772975, 0.37863198), (0.86559546, 1.7939975), (0.8697329, 1.4295149), (0.8534065, 2.4706235), (0.860162, 2.1443124), (0.8462937, 2.757353), (0.80510986, 3.7198522), (0.7531367, 2.841964), (0.76713544, 3.2531087), (0.7788092, 3.4923198), (0.79010063, 3.6341875), (0.80209565, 3.6418536), (0.77655035, 3.682236), (0.78771466, 3.6794128), (0.766581, 3.6168542), (0.7572658, 3.4944801), (0.7456384, 3.2834613), (0.86053574, 2.9548185), (0.88283, 2.2878528), (0.8706588, 2.537909), (0.85071707, 2.9988303), (0.8357404, 3.1666298), (0.8405002, 3.0894418), (0.8572906, 2.8534539), (0.8497935, 3.0263455), (0.83149904, 3.3978603), (0.826367, 3.3375158), (0.81790274, 3.4894993), (0.81859136, 3.4858267), (0.8025928, 3.7284143), (0.789994, 3.7475429), (0.83920515, 3.3492827), (0.83396816, 3.359094), (0.80798477, 3.5872416), (0.8129802, 3.5889711), (0.84416324, 3.3435638), (0.8176081, 3.6012557), (0.8217003, 3.4206212), (0.8242333, 3.422237), (0.8203335, 3.4606977), (0.82897663, 3.3834267), (0.7984597, 3.6298542), (0.8031871, 3.6001475), (0.84551126, 3.0362737), (0.86436003, 2.68538), (0.7939052, 3.669889), (0.8172612, 3.601774), (0.85528576, 3.3871214), (0.76117116, 2.447571), (0.7781446, 3.1092963), (0.7906846, 3.4611242), (0.8025928, 3.6714375), (0.815951, 3.7206326), (0.8273753, 3.6582465), (0.85507405, 2.9692194), (0.84908676, 3.3498027), (0.8216107, 3.6147616), (0.81019616, 3.6663203), (0.797483, 3.6331477), (0.78547454, 3.452811), (0.77317894, 3.1480348), (0.7574514, 2.5729198), (0.87292343, 1.0635823), (0.8822336, 1.2772219), (0.8874568, 1.5973611), (0.8878091, 1.9014529), (0.8760267, 2.4128788), (0.89107573, 1.9936575), (0.88336575, 2.183872), (0.8773675, 2.3599753), (0.8704584, 2.5540059), (0.86273587, 2.7594454), (0.854679, 2.9621348), (0.8255087, 3.4973123), (0.814786, 3.5982616), (0.836106, 3.3444855), (0.8313275, 3.3720326), (0.8353007, 3.2465036), (0.84037685, 3.2457802), (0.8427637, 3.1315725), (0.84306717, 3.0374079), (0.8501659, 2.8428235), (0.8508839, 2.9566069), (0.8492884, 3.073527), (0.845821, 3.1612494), (0.84158033, 3.2077265), (0.8308574, 3.2519388), (0.83770525, 3.1547832), (0.78886986, 3.870781), (0.70603216, 4.1627173), (0.6999634, 3.901354), (0.6969995, 3.6564856), (0.6909186, 3.5183127), (0.68950456, 3.3273418), (0.6887641, 3.1515505), (0.68956655, 2.9655557), (0.6901581, 2.7965233), (0.6966467, 2.481927), (0.77444476, 4.3128896), (0.78156954, 4.1235666), (0.78672093, 3.9454374), (0.7908641, 3.7860687), (0.79484814, 3.640292), (0.79872864, 3.511239), (0.80253416, 3.3983228), (0.80561644, 3.306412), (0.80970037, 3.2141647), (0.725586, 4.633494), (0.7358671, 4.9039373), (0.7456442, 5.226929), (0.75384057, 5.514248), (0.76047623, 5.7419186), (0.76489854, 5.8654037), (0.7684791, 5.9483256), (0.77101034, 5.9828744), (0.7729805, 5.9595084), (0.77375543, 5.875106), (0.7734474, 5.7274523), (0.77106416, 5.4906926), (0.76821154, 5.2076573), (0.76524496, 4.9162226), (0.76407427, 4.673334), (0.6175387, 8.070738), (0.61863405, 7.9082017), (0.62115985, 7.7355375), (0.63338745, 7.048504), (0.6457189, 6.6264296), (0.6554528, 6.322614), (0.6707582, 6.1011534), (0.67743987, 6.1094375), (0.683987, 6.1621785), (0.6905508, 6.2289734), (0.6984966, 6.270294), (0.7102792, 6.2203646), (0.7230004, 6.102178), (0.7356518, 5.951764), (0.7480896, 5.785485), (0.7604555, 5.6084213), (0.7727957, 5.426518), (0.78577536, 5.2312737), (0.7993551, 5.0184746), (0.9032019, 3.6459067), (0.8897675, 3.6360755), (0.8773286, 3.6555667), (0.86307096, 3.670851), (0.8519121, 3.6552362), (0.8433424, 3.6482587), (0.83746266, 3.650085), (0.83363736, 3.657372), (0.83183825, 3.6705983), (0.8314067, 3.6857784), (0.8326457, 3.7028193), (0.8348696, 3.7187653), (0.83824337, 3.7403612), (0.84300715, 3.7777975), (0.848897, 3.8528378), (0.8545646, 3.9607718), (0.85925865, 4.119053), (0.8636187, 4.3067007), (0.8713147, 4.571448), (0.8436009, 6.1895046), (0.8359494, 6.1022677), (0.8310564, 6.0645514), (0.8253321, 6.06573), (0.8183875, 6.083184), (0.8119646, 6.083935), (0.80642295, 6.0508127), (0.80254525, 5.9970555), (0.7955601, 5.8398957), (0.7945982, 5.8108225), (0.7945982, 5.7900147), (0.7959005, 5.778037), (0.7987358, 5.7906523), (0.7943724, 5.402542), (0.7945032, 5.433195), (0.79153204, 5.4791193), (0.7859222, 5.536248), (0.76246107, 5.927333), (0.74387586, 6.1437135), (0.7392827, 6.138584), (0.7349856, 6.1334176), (0.7293511, 6.1397133), (0.72293353, 6.150651), (0.71528256, 6.162567), (0.7067651, 6.175915), (0.6970097, 6.1892934), (0.6859954, 6.1955476), (0.67459345, 6.187664), (0.66362983, 6.164337), (0.653366, 6.1208444), (0.644599, 6.0633216), (0.6367669, 6.0020905), (0.62993324, 5.942901), (0.6241751, 5.8950872), (0.6191707, 5.8644633), (0.6146695, 5.850441), (0.61201626, 5.852046), (0.60939455, 5.8798246), (0.60596955, 5.959015), (0.60215497, 6.052613), (0.5987126, 6.137351), (0.5950253, 6.207787), (0.59304714, 6.190234), (0.5895595, 6.098661), (0.587512, 6.0173635), (0.58968663, 5.942116), (0.5948647, 5.7615194), (0.59997034, 5.541233), (0.604423, 5.2775497), (0.60747486, 4.970615), (0.61018986, 4.5681696), (0.60939324, 4.132935), (0.6049351, 3.703684), (0.59735245, 3.313131), (0.58842343, 2.9725301), (0.5788767, 2.7038188), (0.5679822, 2.50273), (0.5544213, 2.3322911), (0.53875804, 2.2150626), (0.52121234, 2.1862164), (0.5023906, 2.2610574), (0.48355785, 2.457041), (0.4663985, 2.7588978), (0.45245957, 3.1558216), (0.44502735, 3.6506615), (0.44353494, 4.2197313), (0.44726476, 4.793502), (0.4549028, 5.297503), (0.46461245, 5.6837373), (0.4751913, 5.9988594), (0.4847925, 6.224802), (0.49469036, 6.382639), (0.50439656, 6.4956236), (0.5127258, 6.588352), (0.5157577, 6.6344037), (0.51740414, 6.7330008), (0.5183656, 6.852614), (0.51803106, 6.8900657), (0.51470774, 6.8950863), (0.5096078, 6.880842), (0.5045871, 6.863058), (0.5000764, 6.8515263), (0.4988127, 6.8859687), (0.49817848, 6.961307), (0.49716678, 7.103336), (0.4954835, 7.298823), (0.4937511, 7.5667596), (0.49115524, 7.874113), (0.48738077, 8.171431), (0.48220283, 8.386437), (0.45358288, 8.77059), (0.41613814, 8.934502), (0.32636252, 8.920662), (0.29659742, 8.822513), (0.26564932, 8.673641), (0.175082, 7.8427916), (0.1485606, 7.4153657), (0.12597519, 6.940659), (0.106558666, 6.4386644), (0.0906891, 5.9229126), (0.067269824, 4.6889777), (0.07100174, 4.957116), (0.03420752, 2.4221425), (0.04232377, 3.2359774), (0.04891616, 3.782245), (0.06648217, 4.8590884), (0.07487045, 5.229877), (0.349454, 10.286685), (0.35484463, 10.296647), (0.35900307, 10.308876), (0.36916846, 10.340866), (0.37523657, 10.3514385), (0.3826041, 10.351492), (0.39019445, 10.336021), (0.39829, 10.299756), (0.40635422, 10.235458), (0.4146832, 10.139874), (0.42250374, 10.020192), (0.8427644, 7.266775), (0.8325815, 7.041417), (0.8240181, 6.8591194), (0.8051314, 6.4420724), (0.7953336, 6.2061224), (0.7861913, 5.919653), (0.77923626, 5.63453), (0.8013939, 7.7870603), (0.79488456, 7.5094676), (0.7889732, 7.286517), (0.77391684, 6.767115), (0.7662001, 6.5118), (0.75952446, 6.2647176), (0.7553253, 6.0430374), (0.74498004, 5.954163), (0.7502228, 5.772655), (0.7567931, 5.599276), (0.7629679, 5.457009), (0.76831776, 5.344744), (0.773684, 5.265871), (0.7693888, 5.815393), (0.77629864, 6.087716), (0.7851133, 6.3805184), (0.7945032, 6.6299667), (0.8129802, 7.1170955), (0.82050145, 7.329824), (0.82897663, 7.5850515), (0.8373624, 7.4601235), (0.828334, 7.2206755), (0.81992435, 7.021203), (0.8007399, 6.5558696), (0.79104227, 6.310547), (0.7814208, 6.0135603), (0.77439225, 5.7245326), (0.24169666, 9.511973), (0.17770284, 8.576526), (0.1484052, 7.9422793), (0.12238337, 7.24388), (0.10011098, 6.5063453), (0.08210707, 5.7538457), (0.06763759, 5.012098), (0.0570786, 4.3412924), (0.049922183, 3.7970755), (0.04516819, 3.4577973), (0.045358513, 3.7620153), (0.074946456, 5.6020164), (0.09302303, 6.261241), (0.114975326, 6.8698807), (0.14027014, 7.4138613), (0.16922101, 7.880112), (0.26559195, 8.737029), (0.29795918, 8.885392), (0.32919973, 8.98086), (0.42094305, 8.986068), (0.45702794, 8.825321), (0.48779917, 8.466852), (0.50412726, 8.273651), (0.5179141, 8.132577), (0.5306477, 7.9995794), (0.5438632, 7.878766), (0.55591226, 7.7731395), (0.570106, 7.658785), (0.58669764, 7.5658135), (0.6050682, 7.497119), (0.625114, 7.4633837), (0.6448618, 7.429379), (0.66292304, 7.4044228), (0.678786, 7.3676653), (0.6932595, 7.3354955), (0.70591605, 7.3070226), (0.71744335, 7.283717), (0.7282434, 7.259635), (0.73833174, 7.233217), (0.7482995, 7.1973376), (0.75882065, 7.150396), (0.7815818, 7.0254006), (0.79315567, 6.955263), (0.8039209, 6.874501), (0.8105459, 6.791711), (0.81437725, 6.6554832), (0.8170215, 6.492767), (0.8183875, 6.335234), (0.81818956, 6.2169175), (0.81616324, 6.1524506), (0.81323737, 6.126995), (0.8093259, 6.1084433), (0.8056627, 6.081151), (0.80268466, 6.045161), (0.8008604, 6.009907), (0.27138868, 9.7960005), (0.46420127, 10.248927), (0.4665621, 10.239479), (0.46890777, 10.237173), (0.47535208, 10.231374), (0.47956118, 10.226508), (0.48428544, 10.212264), (0.48961788, 10.179294), (0.49499783, 10.119089), (0.5015061, 10.021697), (0.50841177, 9.877785), (0.51580256, 9.690359), (0.3638968, 9.916627), (0.34892222, 10.014343), (0.33440313, 10.080787), (0.32095614, 10.106961), (0.3087362, 10.09163), (0.29786435, 10.042352), (0.2878962, 9.9697075), (0.27932647, 9.88505), (0.2514801, 9.539365), (0.25853524, 9.637303), (0.26442438, 9.710875), (0.7980677, 5.8120556), (0.7984597, 5.8712797), (0.7993753, 5.937053), (0.80031383, 5.98344), (0.79839456, 5.9313674), (0.7972779, 5.8798447), (0.7959005, 5.8107305), (0.79527044, 5.7495155), (0.7526869, 5.865595), (0.75882065, 5.7190146), (0.7648913, 5.5902348), (0.7704121, 5.4841175), (0.7750739, 5.4000235), (0.7823286, 5.3261085), (0.7897092, 5.2941413), (0.7943724, 5.293521), (0.79439974, 5.3099008), (0.7918169, 5.343789), (0.78944004, 5.389131), (0.78855777, 5.4509783), (0.7899784, 5.540118), (0.79288113, 5.628183), (0.7864304, 7.846788), (0.7807092, 7.571846), (0.77592236, 7.3545327), (0.7699785, 7.0907874), (0.7639266, 6.821268), (0.75766224, 6.562288), (0.75192446, 6.3238845), (0.7487677, 6.1226883), (0.7479366, 5.9768233), (0.7959682, 5.708814), (0.6236532, 7.876271), (0.6102852, 7.8424644), (0.59688574, 7.822381), (0.5832558, 7.823287), (0.56920874, 7.831787), (0.5546924, 7.846861), (0.53992397, 7.8676906), (0.5249927, 7.8976617), (0.5097728, 7.9367423), (0.49398595, 7.977638), (0.47763646, 8.016807), (0.4602878, 8.032183), (0.44199744, 8.015612), (0.41966203, 7.960194), (0.3964057, 7.8676715), (0.37294042, 7.7804065), (0.34957072, 7.715068), (0.32750306, 7.684642), (0.30690393, 7.6861706), (0.27053308, 7.817249), (0.25491583, 7.931006), (0.24095611, 8.027329), (0.22984824, 8.077718), (0.21986613, 8.112723), (0.2129131, 8.135223), (0.20770493, 8.157076), (0.20422801, 8.190234), (0.20194621, 8.221661), (0.20063043, 8.246205), (0.19978711, 8.2684765), (0.19894035, 8.288899), (0.19818719, 8.318861), (0.4726378, 9.842149), (0.46645162, 9.990396), (0.46042624, 10.102379), (0.45503342, 10.180719), (0.44956216, 10.233708), (0.4447502, 10.271185), (0.4396294, 10.302189), (0.4352117, 10.325023), (0.42771193, 10.362461), (0.42486748, 10.377404), (0.42126593, 10.397995), (0.18471007, 7.154936), (0.21709174, 7.223085), (0.22861955, 7.2696815), (0.24134082, 7.3459015), (0.2554058, 7.451263), (0.27129346, 7.5878463), (0.28787205, 7.7310743), (0.3216372, 8.038038), (0.33797097, 8.184104), (0.35352582, 8.318304), (0.398969, 8.593272), (0.41810396, 8.603598), (0.43590388, 8.547477), (0.44578475, 8.456524), (0.45622855, 8.323884), (0.46475306, 8.170591), (0.47133997, 8.020521), (0.47625935, 7.8854012), (0.47971624, 7.768884), (0.48232898, 7.676079), (0.48466444, 7.627953), (0.48904395, 7.6132684), (0.49384466, 7.619972), (0.49817848, 7.623028), (0.5014291, 7.61172), (0.50190675, 7.560479), (0.5015395, 7.443324), (0.5005199, 7.3438945), (0.4968544, 7.29586), (0.48885822, 7.2596636), (0.48014274, 7.1899443), (0.4709992, 7.088431), (0.4620089, 6.9605618), (0.45148045, 6.754324), (0.4415231, 6.498484), (0.4339466, 6.209067), (0.4301032, 5.8940964), (0.43196788, 5.5739603), (0.43919927, 5.281673), (0.45117155, 5.03382), (0.4670086, 4.8512073), (0.4846026, 4.716024), (0.5025885, 4.6129937), (0.5202081, 4.54247), (0.53664184, 4.501323), (0.5518151, 4.50507), (0.56648904, 4.5827827), (0.57844585, 4.7581506), (0.58713657, 5.0284467), (0.5916379, 5.328901), (0.5928161, 5.6612363), (0.5907481, 5.9922547), (0.5847674, 6.3108935), (0.5784352, 6.5455894), (0.5707526, 6.7379117), (0.56295305, 6.8982983), (0.55685776, 7.013938), (0.5545771, 7.0804634), (0.556155, 7.173418), (0.5584701, 7.2715087), (0.5603264, 7.3055983), (0.5645945, 7.2885537), (0.5687615, 7.2481666), (0.57305557, 7.208698), (0.5763349, 7.1960344), (0.57924724, 7.2020955), (0.58240855, 7.224557), (0.58713657, 7.256332), (0.5927211, 7.279051), (0.59853494, 7.3032393), (0.6049465, 7.319352), (0.6133645, 7.31635), (0.6242725, 7.268997), (0.63887334, 7.1578126), (0.65645254, 6.9754767), (0.6741322, 6.767085), (0.6911354, 6.569943), (0.70736796, 6.388172), (0.72298884, 6.217731), (0.7381403, 6.054546), (0.753054, 5.896958), (0.36758018, 8.988675), (0.37662363, 9.190816), (0.44638306, 9.625116), (0.45683834, 9.569772), (0.46813145, 9.488755), (0.50856024, 9.149322), (0.5247615, 9.0223875), (0.5427799, 8.894517), (0.42676845, 9.659542), (0.43684754, 9.653795), (0.39522615, 9.480899), (0.49395558, 9.274226), (0.4159951, 9.637622), (0.40514457, 9.578446), (0.71268183, 6.5805144), (0.7258522, 6.3598127), (0.7394226, 6.1304927), (0.3936617, 9.108984), (0.39276236, 9.090515), (0.39188752, 9.071549), (0.39072204, 9.052325), (0.38919118, 9.028552), (0.385918, 8.993549), (0.38086435, 8.953004), (0.37499815, 8.934215), (0.3685767, 8.923853), (0.36277637, 8.92281), (0.3594797, 8.918586), (0.3595895, 8.829704), (0.36974725, 8.687138), (0.38336784, 8.535423), (0.39766738, 8.382201), (0.41141206, 8.240172), (0.4235316, 8.098985), (0.43473217, 7.999757), (0.44529784, 7.928977), (0.45550746, 7.882273), (0.46720412, 7.8604774), (0.48220408, 7.858591), (0.4987662, 7.8359413), (0.5158876, 7.797044), (0.5341672, 7.7427726), (0.5531184, 7.6648674), (0.57228637, 7.5657434), (0.5911961, 7.4599314), (0.60972023, 7.3553896), (0.62724054, 7.257459), (0.64391947, 7.1695285), (0.6596345, 7.0941024), (0.6744417, 7.0330114), (0.23217487, 8.608432), (0.2322831, 8.577174), (0.23265004, 8.553582), (0.2329724, 8.529615), (0.2335666, 8.50308), (0.23502052, 8.469742), (0.23682764, 8.431872), (0.2401189, 8.398777), (0.24530828, 8.365353), (0.25298196, 8.317157), (0.2621456, 8.250118), (0.274179, 8.135533), (0.28824216, 7.9980135), (0.30475, 7.882109), (0.32268405, 7.8046727), (0.34227276, 7.7680674), (0.36294508, 7.7650256), (0.3849491, 7.7964892), (0.40558302, 7.8498983), (0.42519882, 7.906471), (0.44469416, 7.9496965), (0.46259817, 7.9736643), (0.48000613, 7.965522), (0.49676526, 7.92952), (0.5130104, 7.884343), (0.52889353, 7.838519), (0.5444336, 7.7993865), (0.55977005, 7.7672343), (0.574767, 7.7415333), (0.5894081, 7.7238116), (0.6035894, 7.7170067), (0.61737573, 7.7272415), (0.63096434, 7.749972), (0.6640101, 7.1930223), (0.6494179, 7.2346354), (0.634154, 7.290068), (0.61807305, 7.358463), (0.60119116, 7.435007), (0.5837133, 7.5178566), (0.56574255, 7.6033297), (0.5476976, 7.6889944), (0.5296419, 7.7623525), (0.5120094, 7.814694), (0.49490413, 7.8508263), (0.47821993, 7.8679886), (0.46267462, 7.8667245), (0.44968137, 7.8803678), (0.43791455, 7.908154), (0.42521474, 7.9553623), (0.41230673, 8.036002), (0.39932784, 8.158447), (0.38415202, 8.287988), (0.3685773, 8.435479), (0.35393667, 8.588976), (0.34327695, 8.743377), (0.3408012, 8.846488), (0.3412403, 8.883881), (0.3438257, 8.901214), (0.34797704, 8.919066), (0.3518972, 8.940807), (0.3557349, 8.97709), (0.35805088, 9.010328), (0.35982785, 9.038096), (0.36096463, 9.060817), (0.36169934, 9.079288), (0.36304826, 9.101987), (0.506742, 8.004577), (0.5212387, 7.9707437), (0.45957088, 8.116097), (0.4144458, 8.09028), (0.5636242, 7.9295936), (0.5355672, 7.950351), (0.47618732, 8.08725), (0.59044176, 7.9250975), (0.6032829, 7.945916), (0.5772454, 7.924832), (0.4260765, 9.548023), (0.41657513, 9.491912), (0.42541403, 9.434578), (0.43397805, 9.487066), (0.39300576, 9.132547), (0.3885632, 8.968969), (0.40227666, 8.9747925), (0.40544397, 9.105242), (0.5710879, 8.031402), (0.58364046, 8.0304365), (0.5765981, 8.136737), (0.5645896, 8.145705), (0.4648586, 9.45411), (0.45476004, 9.521074), (0.4622894, 9.45763), (0.4724729, 9.383858), (0.50116575, 8.190895), (0.5040078, 8.088289), (0.5176185, 8.060775), (0.51370925, 8.174913), (0.426618, 8.307844), (0.4597575, 8.230582), (0.46129614, 8.36776), (0.4320068, 8.507179), (0.4754545, 8.180708), (0.47540572, 8.292982), (0.5956212, 8.048006), (0.5878738, 8.144947), (0.60637844, 8.1989), (0.6156325, 8.106434), (0.62017536, 8.098047), (0.61152273, 8.178833), (0.6040322, 8.082811), (0.6096856, 8.031216), (0.58380884, 8.296287), (0.58121854, 8.239863), (0.57203114, 8.447809), (0.588092, 8.492824), (0.598748, 8.177427), (0.5787254, 8.2734585), (0.5524074, 8.512897), (0.5387232, 8.671772), (0.5410074, 8.787038), (0.552191, 8.630518), (0.5296682, 8.966825), (0.5250254, 8.836119), (0.51220834, 8.993312), (0.5183558, 9.145013), (0.43983686, 9.479024), (0.4317913, 9.433577), (0.43776852, 9.6073265), (0.4453766, 9.63691), (0.5800067, 8.2500725), (0.6010766, 8.595117), (0.6078289, 8.184132), (0.6045568, 8.17228), (0.59551406, 8.553254), (0.5832558, 8.749502), (0.56738305, 8.59606), (0.5978628, 8.826266), (0.5913051, 8.793866), (0.4441853, 10.57327), (0.45454088, 10.150169), (0.45082822, 10.789916), (0.44604307, 11.021547), (0.58692104, 8.917856), (0.5787481, 8.925213), (0.5513244, 10.017205), (0.55604184, 10.143866), (0.54349923, 10.388197), (0.5399178, 10.235257), (0.48083904, 9.614971), (0.5378747, 10.095748), (0.5481477, 9.911356), (0.4535695, 10.612107), (0.4937861, 8.439808), (0.49178147, 8.527128), (0.47511858, 8.642429), (0.4751667, 8.540741), (0.4971272, 9.696574), (0.5383482, 9.313753), (0.5316948, 9.413791), (0.50384134, 8.470112), (0.5001157, 8.600768), (0.50653183, 8.3529215), (0.4913722, 8.542055), (0.47632015, 8.668187), (0.417555, 9.351726), (0.40799192, 9.398986), (0.5012146, 9.112564), (0.47594994, 9.359677), (0.48314235, 9.279745), (0.5073245, 9.011827), (0.56277275, 8.5111685), (0.56604666, 8.37729), (0.5662089, 8.495048), (0.5477046, 8.666982), (0.5507442, 8.541462), (0.56652606, 8.384393), (0.5309899, 8.824534), (0.53553414, 8.703244), (0.44887456, 9.494628), (0.45422992, 9.650215), (0.43576092, 9.569189), (0.4433704, 9.507564), (0.43684754, 10.860097), (0.42439646, 9.368184), (0.41230503, 9.177673), (0.41600367, 9.511403), (0.4310503, 9.571821), (0.4466044, 9.767285), (0.43977737, 9.727821), (0.551919, 8.757254), (0.54212487, 8.938603), (0.45528096, 9.802689), (0.5603027, 8.627554), (0.5985004, 8.344098), (0.43423146, 9.710257), (0.4169222, 9.770054), (0.4088685, 9.072915), (0.4062527, 9.509449), (0.41861883, 9.880621), (0.42992425, 9.837555), (0.43575114, 9.77902), (0.43630847, 9.700258), (0.40321928, 9.857783), (0.47468176, 9.600858), (0.4681371, 9.445647), (0.47628975, 9.777992), (0.48534694, 9.533889), (0.47821078, 9.372305), (0.48757955, 9.714043), (0.47537735, 10.705995), (0.47839555, 10.261991), (0.47441873, 11.012043), (0.48532352, 10.876641), (0.48303652, 11.115457), (0.48564637, 10.695781), (0.5443973, 9.1873), (0.56107414, 9.740549), (0.5565919, 9.65391), (0.5677654, 9.859328), (0.5577297, 9.599295), (0.54583704, 9.881394), (0.55192846, 10.070211), (0.56559163, 9.782072), (0.5472291, 9.311797), (0.53767, 9.567083), (0.5318133, 9.129929), (0.5154837, 8.96994), (0.52100956, 8.861113), (0.53365225, 10.117414), (0.53845483, 10.333908), (0.52707046, 9.775217), (0.5209163, 9.314472), (0.49625206, 9.4335375), (0.49889407, 9.612316), (0.48902488, 9.2672205), (0.42561504, 9.513958), (0.43592805, 9.551917), (0.38859233, 8.76476), (0.40272772, 8.8332615), (0.40727445, 8.974531), (0.39896306, 9.515674), (0.39635086, 9.91047), (0.43250242, 11.054867), (0.47429833, 11.215297), (0.55712754, 10.205685), (0.54262316, 10.475048), (0.5724076, 9.908752), (0.39654008, 9.965188), (0.4361065, 11.419271), (0.47834745, 11.498916), (0.54793084, 10.62357), (0.5627076, 10.354706), (0.5599864, 10.284967), (0.5755924, 9.9803295), (0.4074009, 8.908878), (0.39563784, 9.515765), (0.40343618, 9.517384), (0.60217214, 8.694113), (0.60603213, 8.319376), (0.50597626, 9.682158), (0.5155769, 9.619342), (0.5161401, 10.589159), (0.5017598, 10.767219), (0.50082153, 10.587787), (0.51454186, 10.426116), (0.5182047, 10.782228), (0.5026172, 10.98743), (0.52192926, 11.065601), (0.5017382, 11.333032), (0.51219404, 10.721059), (0.49362487, 10.908984), (0.49505106, 11.105234), (0.5156558, 10.884782), (0.5084764, 10.466199), (0.49250114, 10.616106), (0.5047728, 10.102166), (0.49202114, 10.213432), (0.44182116, 9.514256), (0.5469335, 10.539295), (0.56006664, 10.268696), (0.5208877, 10.983603), (0.5024224, 11.259677), (0.48031357, 11.410882), (0.43945062, 11.3132925), (0.40430728, 9.922913), (0.41240713, 9.485508), (0.43456417, 8.781094), (0.4755818, 8.4179125), (0.49773726, 8.314409), (0.5569925, 8.578843), (0.5391794, 8.533436), (0.5517439, 8.479984), (0.5693254, 8.254131), (0.54579145, 9.816046), (0.5361242, 9.991029), (0.51414907, 10.346396), (0.5004877, 10.50537), (0.48563454, 10.617251), (0.45298153, 10.50713), (0.55340993, 9.583496), (0.4425408, 9.442515), (0.48348066, 9.365503), (0.46761823, 8.993417), (0.53512573, 9.13841), (0.54035395, 9.033106), (0.5340382, 8.865421), (0.5304471, 8.893902), (0.5293075, 9.225916), (0.52573836, 8.933691), (0.5715363, 8.9319105), (0.49717116, 9.468171), (0.50609416, 9.443824), (0.5149118, 9.385223), (0.47420132, 8.848588), (0.5261183, 8.63697), (0.532247, 8.636783), (0.5498727, 8.686471), (0.48647547, 8.631557), (0.48942167, 9.026806), (0.4997584, 9.028082), (0.50653994, 9.023642), (0.5137147, 9.004053), (0.5382727, 8.637412), (0.51345295, 8.624885), (0.50653183, 8.606995), (0.49963683, 8.592326), (0.50895584, 8.315982), (0.49855492, 8.666547), (0.5658072, 8.921218), (0.52636546, 8.173572), (0.5311738, 8.049359), (0.5580196, 8.037399), (0.55197716, 8.160748), (0.5331941, 8.757749), (0.54624254, 8.682662), (0.5414943, 8.843152), (0.51483715, 8.516798), (0.5099042, 8.687053), (0.5732, 9.972376), (0.57676756, 10.055158), (0.5207677, 8.332066), (0.55783993, 8.285916), (0.5454467, 8.317862), (0.50154966, 8.236227), (0.5279699, 8.971015), (0.50659823, 8.804847), (0.51205057, 8.470447), (0.393263, 9.932376), (0.43217534, 11.180964), (0.4754676, 11.336383), (0.49732867, 11.217652), (0.5181101, 10.974957), (0.5452923, 10.5546665), (0.39294967, 8.616764), (0.40587962, 8.716741), (0.4197996, 8.55228), (0.41205025, 8.378045), (0.621619, 7.966297), (0.62072736, 7.9240255), (0.6173548, 7.9610095), (0.6010948, 8.876247), (0.6037395, 8.649906), (0.60886765, 8.229378), (0.61072147, 8.060868), (0.613928, 8.04344), (0.6146658, 8.073541), (0.53443855, 8.582603), (0.5545816, 8.742912), (0.53307986, 8.651443), (0.5526101, 8.702795), (0.5390034, 8.628073), (0.42031142, 8.772096), (0.5998721, 8.934586), (0.59449965, 8.915346), (0.6216292, 8.044073), (0.6139868, 8.134978), (0.60873127, 8.286384), (0.60457957, 8.703383), (0.60241866, 8.944081), (0.5774619, 10.049697), (0.5626362, 10.353144), (0.5476259, 10.633112), (0.5211017, 11.051307), (0.5000338, 11.314108), (0.47712448, 11.456398), (0.43374422, 11.345517), (0.39317045, 9.955083), (0.39740458, 9.529128), (0.4117246, 8.819476), (0.41172662, 8.609219), (0.40061167, 8.486264), (0.5626958, 8.411074), (0.5723869, 8.377675), (0.5573317, 8.846959), (0.54687345, 9.3291), (0.54027534, 9.475837), (0.53270966, 9.600503), (0.5146215, 9.814183), (0.5041664, 9.881815), (0.49437508, 9.911662), (0.4732621, 9.808848), (0.45892474, 9.128564), (0.58669025, 8.4516735), (0.5309825, 8.572509), (0.51490176, 8.40347), (0.5087293, 8.297975), (0.5027964, 8.254413), (0.49547428, 8.254492), (0.49130955, 8.232837), (0.5418814, 8.664586), (0.53488815, 8.709106), (0.5098402, 8.527543), (0.50452346, 8.402421), (0.50015664, 8.291246), (0.4887526, 8.236978), (0.5264508, 8.721358), (0.5261182, 8.632716), (0.5260996, 8.535713), (0.54302895, 8.752639), (0.5345981, 8.834176), (0.5241054, 8.867647), (0.5055337, 8.665029), (0.50023896, 8.519415), (0.4954253, 8.409128), (0.4824393, 8.346606), (0.561842, 8.637239), (0.5678431, 8.625394), (0.5761153, 8.555435), (0.47721282, 8.609859), (0.46607733, 8.649249), (0.46813166, 8.762627), (0.4702748, 8.781933), (0.47084996, 8.70094), (0.47721532, 8.439426), (0.48477218, 8.320881), (0.5491527, 8.777559), (0.5383583, 8.943715), (0.52551425, 9.074682), (0.50494957, 8.810589), (0.49798137, 8.653184), (0.49158275, 8.52294), (0.5649926, 8.516387), (0.5594218, 8.617725), (0.555291, 8.673806), (0.54892755, 8.6741495), (0.54705226, 8.611128), (0.48749906, 8.282832), (0.49434868, 8.270562), (0.50275743, 8.277122), (0.50890625, 8.308972), (0.5151685, 8.3758335), (0.526259, 8.508458), (0.5315228, 8.5450735), (0.5358261, 8.564344), (0.5433631, 8.593744), (0.59673464, 8.6970005), (0.5882172, 8.725977), (0.57933086, 8.759763), (0.571737, 8.790448), (0.56567997, 8.79552), (0.55659187, 8.746142), (0.5539673, 8.652088), (0.54971826, 8.606847), (0.5387625, 8.565555), (0.5327065, 8.569076), (0.52644396, 8.564644), (0.51392156, 8.532152), (0.507216, 8.504447), (0.5002508, 8.483676), (0.48782092, 8.506981), (0.47545466, 8.689604), (0.4696335, 8.809988), (0.460011, 8.9485), (0.46391022, 8.513893), (0.4455119, 8.946501), (0.55461735, 8.595356), (0.45350802, 9.06179), (0.45784357, 9.042829), (0.4579699, 8.961739), (0.4692774, 8.631191), (0.47702312, 8.51566), (0.4811673, 8.4549), (0.4909226, 8.349247), (0.5017134, 8.340708), (0.50818765, 8.371312), (0.51490176, 8.415355), (0.526969, 8.492209), (0.5327003, 8.513572), (0.5382728, 8.52096), (0.548277, 8.53544), (0.5522555, 8.531044), (0.4873259, 9.145163), (0.49883762, 9.22006), (0.50661993, 9.210122), (0.5142019, 9.176661), (0.52695525, 9.064068), (0.5321305, 8.997218), (0.53657395, 8.921419), (0.5441106, 8.649764), (0.54439914, 8.575701), (0.5433569, 8.537333), (0.53959996, 8.579051), (0.536378, 8.601448), (0.53182566, 8.607378), (0.5259401, 8.582378), (0.5136581, 8.430383), (0.50837964, 8.319122), (0.50244415, 8.235444), (0.4937933, 8.244048), (0.491013, 8.268029), (0.48581907, 8.374935), (0.48109502, 8.556822), (0.47937697, 8.694804), (0.46128172, 10.2020855), (0.44349328, 9.463835), (0.44813076, 9.232931), (0.46128064, 8.825714), (0.47264776, 8.57825), (0.47960463, 8.49793), (0.4930085, 8.473916), (0.4982667, 8.596297), (0.50494087, 8.74998), (0.5249782, 8.973625), (0.5358104, 8.903057), (0.5457678, 8.785045), (0.5519628, 8.685738), (0.5575156, 8.620409), (0.5607217, 8.7828245), (0.5610679, 8.891735), (0.5500171, 9.474865), (0.5427892, 9.6631975), (0.534373, 9.818706), (0.5139539, 10.1179085), (0.5016487, 10.220647), (0.48961172, 10.287487), (0.43248215, 10.050621), (0.4333202, 9.959916), (0.44202894, 9.722984), (0.45868325, 9.358079), (0.46786508, 9.21577), (0.47478086, 9.022124), (0.47955072, 8.857423), (0.48605478, 8.776068), (0.49945393, 8.720897), (0.5061091, 8.728856), (0.51303416, 8.735378), (0.52551806, 8.723787), (0.53137624, 8.714457), (0.53719157, 8.713361), (0.54273987, 8.732115), (0.5483864, 8.781056), (0.553921, 8.85733), (0.5565881, 8.97607), (0.560416, 9.047331), (0.56458277, 9.097284), (0.5694897, 9.123232), (0.57562375, 9.1366825), (0.58421564, 9.166325), (0.5919552, 9.199438), (0.59690344, 9.24584), (0.5992287, 9.264152), (0.5969929, 9.195896), (0.5933506, 9.1424), (0.5864004, 9.086713), (0.5763638, 8.995848), (0.5625341, 8.822843), (0.5585422, 8.777678), (0.5528771, 8.926002), (0.5444197, 9.151598), (0.5348657, 9.379413), (0.524368, 9.574592), (0.5023925, 9.8852625), (0.4902166, 9.987549), (0.47789493, 10.048343), (0.45566267, 9.998204), (0.44703668, 9.910056), (0.4417137, 9.8353405), (0.43862873, 9.865147), (0.42269787, 10.049325), (0.40880042, 10.214359), (0.4005236, 10.324373), (0.39822394, 10.374153), (0.39830148, 10.435146), (0.40022892, 10.446333), (0.40538523, 10.360138), (0.4178507, 10.257008), (0.42778125, 10.155675), (0.43450406, 9.20402), (0.4221846, 9.104719), (0.41331428, 9.108642), (0.40523943, 9.151424), (0.40226433, 9.167711), (0.40443778, 9.194886), (0.40961048, 9.250832), (0.41521734, 9.317024), (0.42811972, 9.456945), (0.43533316, 9.507123), (0.44331136, 9.539374), (0.4523717, 9.547659), (0.47201544, 9.490373), (0.48256895, 9.418372), (0.4930562, 9.316131), (0.5156744, 9.035105), (0.5277787, 8.87289), (0.54023784, 8.704467), (0.5528521, 8.553377), (0.5648114, 8.435141), (0.57563007, 8.350166), (0.593063, 8.309262), (0.59921485, 8.329259), (0.6034551, 8.372208), (0.6055748, 8.435172), (0.60603213, 8.4831505), (0.60386, 8.494094), (0.5979283, 8.514948), (0.58852357, 8.570868), (0.5787462, 8.635793), (0.5703106, 8.692329), (0.5645294, 8.706344), (0.5594293, 8.682245), (0.5560237, 8.647297), (0.5531711, 8.561014), (0.5493307, 8.535453), (0.54426605, 8.536073), (0.53875005, 8.528572), (0.5329266, 8.524136), (0.5269689, 8.5157), (0.51453745, 8.460835), (0.5078225, 8.425563), (0.50101984, 8.400726), (0.48933312, 8.410958), (0.48340335, 8.449243), (0.47817498, 8.560273), (0.47307873, 8.647174), (0.4632123, 8.799378), (0.45467827, 9.0023365), (0.44986865, 9.187006), (0.449107, 9.258601), (0.44439518, 9.2897215), (0.44530523, 10.015723), (0.4314828, 10.343703), (0.42082673, 10.575605), (0.41407323, 10.757192), (0.41256556, 10.868431), (0.4116036, 10.998739), (0.41227868, 11.051542), (0.41671658, 10.911015), (0.42771196, 10.663814), (0.43456835, 10.467283), (0.43810874, 10.336839), (0.43856627, 10.234545), (0.4483306, 9.98), (0.46354836, 9.603041), (0.47263783, 9.434436), (0.4774105, 9.203714), (0.4823434, 9.020798), (0.4873302, 8.91991), (0.49958482, 8.866194), (0.5061773, 8.867663), (0.5130465, 8.861653), (0.52514434, 8.822456), (0.5304496, 8.801044), (0.53523606, 8.795032), (0.5402584, 8.825939), (0.5452855, 8.900502), (0.55059034, 9.013568), (0.55300593, 9.142943), (0.55635095, 9.253269), (0.56031156, 9.331842), (0.56454134, 9.3775835), (0.5702598, 9.423937), (0.57885104, 9.522573), (0.5862708, 9.608368), (0.59079415, 9.679878), (0.59208363, 9.702568), (0.58998185, 9.618065), (0.5861093, 9.546065), (0.57916003, 9.437652), (0.568223, 9.286948), (0.55600554, 9.0492115), (0.44151726, 8.124388), (0.4433272, 8.271483), (0.44682372, 8.444613), (0.45068932, 8.630328), (0.45643196, 8.793762), (0.46115905, 8.902792), (0.46412852, 8.906643), (0.46430245, 8.8147335), (0.4664844, 8.688056), (0.47329912, 8.527472), (0.48108998, 8.41621), (0.48420933, 8.361599), (0.4883608, 8.317486), (0.49250993, 8.303793), (0.50237143, 8.303132), (0.50858074, 8.335904), (0.51509386, 8.385203), (0.52668995, 8.490779), (0.53212434, 8.522446), (0.5370774, 8.540209), (0.54180974, 8.554965), (0.5464368, 8.555836), (0.550351, 8.560231), (0.5524775, 8.621267), (0.55545, 8.628655), (0.55902296, 8.622934), (0.56425756, 8.588486), (0.5719571, 8.512546), (0.5806425, 8.390499), (0.5896634, 8.277229), (0.5982987, 8.175587), (0.6068075, 8.082141), (0.6160519, 7.982345), (0.49187404, 8.04545), (0.49005195, 8.130663), (0.4885868, 8.232673), (0.4867449, 8.349277), (0.48437262, 8.46375), (0.48342448, 8.545471), (0.48383757, 8.568608), (0.48429903, 8.530952), (0.48639888, 8.446864), (0.48957956, 8.342385), (0.49401024, 8.194209), (0.49600062, 8.210188), (0.49772614, 8.232004), (0.4984521, 8.250363), (0.4979399, 8.270843), (0.4969865, 8.296913), (0.49580464, 8.337889), (0.49484104, 8.397391), (0.49377972, 8.484499), (0.4931255, 8.596368), (0.49310645, 8.72961), (0.4932395, 8.876459), (0.49360874, 9.027518), (0.49254882, 9.2015705), (0.4901844, 9.442721), (0.48927557, 9.68445), (0.48414066, 9.896311), (0.47542867, 10.299733), (0.469821, 10.613609), (0.470353, 10.715452), (0.46876037, 10.924466), (0.46555915, 11.157684), (0.46089613, 11.448734), (0.45900294, 11.521616), (0.456756, 11.463751), (0.45526305, 11.324221), (0.45446515, 11.204844), (0.4557373, 11.003452), (0.45946696, 10.695772), (0.4656011, 10.2398405), (0.46619996, 10.05321), (0.46544817, 9.805259), (0.46435064, 9.637087), (0.46206814, 9.531355), (0.45841768, 9.485619), (0.45283076, 9.498226), (0.44540372, 9.5586195), (0.5497078, 7.9379406), (0.5446347, 8.04336), (0.5392119, 8.170826), (0.53286356, 8.3371525), (0.5264877, 8.545482), (0.52104133, 8.751342), (0.5153706, 8.939798), (0.51278, 8.978032), (0.5125538, 8.915688), (0.5130355, 8.826739), (0.51752675, 8.637031), (0.5185523, 8.568283), (0.51944125, 8.519366), (0.5201903, 8.481707), (0.52075464, 8.456875), (0.52100956, 8.445822), (0.52103204, 8.455895), (0.52078754, 8.494064), (0.5204366, 8.554995), (0.51983124, 8.63469), (0.5194941, 8.731907), (0.5193181, 8.843967), (0.52008945, 8.971283), (0.5211191, 9.122177), (0.5229531, 9.308599), (0.52441907, 9.517284), (0.5242248, 9.7154255), (0.5243114, 9.975001), (0.52492833, 10.179105), (0.5257303, 10.277279), (0.52758616, 10.42818), (0.53073436, 10.5990715), (0.5340426, 10.776787), (0.53523606, 10.861931), (0.5345994, 10.85286), (0.53214043, 10.776355), (0.52987874, 10.688451), (0.52601546, 10.533059), (0.5216443, 10.301566), (0.51657534, 9.954088), (0.51376987, 9.741608), (0.510155, 9.475971), (0.507229, 9.302301), (0.5041453, 9.185207), (0.50024897, 9.138158), (0.49486706, 9.153127), (0.4880524, 9.244305), (0.48057255, 9.388259), (0.40522155, 10.414322), (0.40923876, 10.395755), (0.41221163, 10.383684), (0.42040315, 10.356777), (0.42556238, 10.337254), (0.43087858, 10.309385), (0.43624783, 10.271448), (0.441769, 10.220179), (0.44744208, 10.145568), (0.4531792, 10.040905), (0.45930356, 9.904822), (0.6015896, 11.527643), (0.5858483, 11.240663), (0.57065177, 10.976571), (0.5560437, 10.733089), (0.5420743, 10.519267), (0.5287991, 10.344861), (0.51576954, 10.221708), (0.5028499, 10.1600275), (0.49021414, 10.154263), (0.477688, 10.188695), (0.46489498, 10.243537), (0.45165852, 10.302334), (0.4374899, 10.35257), (0.42269787, 10.388291), (0.4066713, 10.405201), (0.38967392, 10.397951), (0.37125123, 10.360694), (0.3516284, 10.289216), (0.33036566, 10.179749), (0.30727953, 10.028938), (0.28195906, 9.832138), (0.25422376, 9.578622), (0.22345911, 9.217548), (0.15927784, 8.031706), (0.13009812, 7.264456), (0.10408955, 6.4260154), (0.08179294, 5.5431237), (0.06323275, 4.637129), (0.048227247, 3.694026), (0.03731991, 2.7602632), (0.029853394, 1.9178377), (0.025341831, 1.4247756), (0.027835649, 2.574064), (0.063130274, 5.3489485), (0.083302416, 6.1448054), (0.10739775, 6.8364344), (0.13461983, 7.429442), (0.16563311, 7.9234104), (0.198554, 8.306509), (0.232116, 8.595822), (0.2656547, 8.802987), (0.2991686, 8.948693), (0.3312598, 9.0424795), (0.36212042, 9.094126), (0.39320806, 9.1030245), (0.42264268, 9.049599), (0.4580381, 8.906662), (0.48596615, 8.657152), (0.5040348, 8.475369), (0.51874816, 8.329026), (0.5319945, 8.215636), (0.5440936, 8.140295), (0.556456, 8.085622), (0.5697862, 8.049255), (0.58445245, 8.030435), (0.60053945, 8.021261), (0.617959, 8.01258), (0.6367669, 7.993518), (0.6558, 7.9690633), (0.6733407, 7.9456344), (0.68967015, 7.9226394), (0.7041793, 7.900953), (0.71747226, 7.879353), (0.730488, 7.8590198), (0.742961, 7.8368883), (0.75590724, 7.812213), (0.7694879, 7.782609), (0.7840271, 7.7389174), (0.79891425, 7.678884), (0.81323737, 7.6004806), (0.82569844, 7.488754), (0.83390725, 7.3682556), (0.83901304, 7.180976), (0.84166366, 6.932871), (0.8427644, 6.66318), (0.84207296, 6.3817606), (0.8407592, 6.1555266), (0.8386557, 5.9653683), (0.8351441, 5.781857), (0.83109504, 5.583237), (0.82933795, 5.4080763), (0.8298479, 5.2839274), (0.83231956, 5.181543), (0.83612436, 5.0878086), (0.8407979, 5.000014), (0.8460114, 4.919437), (0.8513996, 4.845833), (0.85657644, 4.777085), (0.8611174, 4.712249), (0.86460435, 4.631417), (0.8676716, 4.462226), (0.8713147, 4.168881), (0.8721025, 3.8498883), (0.86779416, 3.593123), (0.86045545, 3.4125595), (0.85271376, 3.3648615), (0.8248965, 3.6340017), (0.81337315, 3.6879022), (0.80031383, 3.6488578), (0.7882217, 3.4462454), (0.77577186, 3.1158974), (0.7592709, 2.4925897), (0.74162436, 1.6869742), (0.6935199, 0.7228614), (0.6781432, 1.1192654), (0.67354035, 1.6817617), (0.67617506, 2.2365978), (0.69003534, 2.7085993), (0.70213664, 3.3496113), (0.7100418, 4.128322), (0.7203029, 4.963173), (0.73198897, 5.635697), (0.7426778, 6.1221113), (0.7541236, 6.487399), (0.76630443, 6.7102175), (0.7786937, 6.810218), (0.79045767, 6.677183), (0.79691863, 6.313066), (0.79789126, 5.915223), (0.79632235, 5.4645844), (0.7955562, 4.948705), (0.7969186, 4.356602), (0.8011509, 3.7796593), (0.8080539, 3.2488072), (0.8165127, 2.7671695), (0.8264377, 2.2904599), (0.8371225, 1.7859719), (0.84967065, 1.276822), (0.86285967, 0.85499406), (0.8752852, 0.7245246), (0.8854899, 0.9843003), (0.8916724, 1.3615679), (0.892494, 1.7277212), (0.887903, 2.0593157), (0.88004464, 2.3281596), (0.85835415, 2.9564674), (0.85585904, 3.191129), (0.86045545, 3.4679368), (0.87097454, 3.6150343), (0.88355136, 3.6778889), (0.89786935, 3.6332896), (0.90719867, 3.5365682), (0.91029096, 3.4127307), (0.9126864, 3.1897578), (0.9158148, 2.9179857), (0.91938555, 2.649471), (0.9239614, 2.435765), (0.93024135, 2.2282116), (0.9383728, 2.0007768), (0.045056093, 4.407366), (0.04709214, 4.4698877), (0.050529506, 4.5828166), (0.055151623, 4.737883), (0.06123219, 4.9379377), (0.06908574, 5.17424), (0.07896976, 5.4357324), (0.09064306, 5.71362), (0.1039843, 6.0010147), (0.11900059, 6.288467), (0.13593306, 6.555134), (0.15442441, 6.759544), (0.17310674, 6.9092627), (0.18999779, 7.045325), (0.20642768, 7.2028008), (0.22300394, 7.386133), (0.2408351, 7.605199), (0.26060355, 7.8690715), (0.2821611, 8.16946), (0.30461296, 8.489606), (0.32574975, 8.793623), (0.3427423, 9.066216), (0.35663462, 9.282251), (0.38047075, 9.585832), (0.39237532, 9.685725), (0.40492216, 9.74702), (0.41694292, 9.771716), (0.42778066, 9.7707405), (0.43820214, 9.75191), (0.4487606, 9.711414), (0.46025062, 9.647695), (0.47284895, 9.56458), (0.48654792, 9.467802), (0.5011185, 9.36496), (0.5166637, 9.266851), (0.5336466, 9.185575), (0.5243182, 9.458438), (0.5085955, 9.508838), (0.4934904, 9.58172), (0.47936833, 9.664219), (0.46579286, 9.7428665), (0.4532026, 9.808557), (0.44144273, 9.855951), (0.43030208, 9.884585), (0.41900462, 9.903068), (0.4066591, 9.898588), (0.3929527, 9.868289), (0.37858763, 9.80297), (0.3642143, 9.697805), (0.33476457, 9.383975), (0.3184781, 9.162791), (0.3003828, 8.886783), (0.2813761, 8.572743), (0.26185814, 8.242295), (0.24279818, 7.919102), (0.22525373, 7.6269603), (0.2097647, 7.3868), (0.19600211, 7.1918974), (0.18276173, 7.030252), (0.16771507, 6.879072), (0.15012561, 6.6952534), (0.1314682, 6.4489417), (0.1137948, 6.126268), (0.09782981, 5.7623796), (0.08345068, 5.3865275), (0.070846364, 5.0118318), (0.059993304, 4.6458507), (0.05137865, 4.2983174), (0.044607345, 3.9845402), (0.03935958, 3.7236614), (0.035467252, 3.5311549), (0.033083376, 3.4133105), (0.19498964, 7.3525853), (0.112276815, 6.071656), (0.06650045, 4.70848), (0.054842636, 4.2324934), (0.037971962, 3.309821), (0.6184357, 11.74249), (0.61771315, 11.842661), (0.6177006, 11.934623), (0.6190861, 12.004221), (0.62654436, 11.995163), (0.63225603, 11.936904), (0.6387973, 11.831258), (0.64652157, 11.66575), (0.0217806, 1.3088176), (0.02450443, 1.7435404), (0.02907441, 2.285233), (0.03534268, 2.863262), (0.04334442, 3.4491718), (0.05339808, 4.0260105), (0.065549955, 4.5901246), (0.0796601, 5.1417055), (0.09592055, 5.67166), (0.11390455, 6.1477365), (0.1328681, 6.5489416), (0.15232077, 6.847199), (0.17010814, 7.0421305), (0.18857968, 8.628389), (0.19110149, 8.696945), (0.19549508, 8.8056345), (0.20166199, 8.946477), (0.20949517, 9.108413), (0.21913506, 9.27701), (0.23023023, 9.443203), (0.24307124, 9.591788), (0.25730732, 9.703329), (0.27328372, 9.763268), (0.29077315, 9.768237), (0.31007278, 9.725911), (0.32992014, 9.652772), (0.34992155, 9.558509), (0.36898682, 9.451086), (0.385834, 9.3498535), (0.40005422, 9.276089), (0.41068333, 9.239634), (0.41756123, 9.282486), (0.4216028, 9.391574), (0.4244795, 9.528126), (0.427625, 9.696357), (0.43319508, 9.909287), (0.44066876, 10.128899), (0.4508647, 10.306218), (0.46332258, 10.42664), (0.4773494, 10.451162), (0.49237913, 10.389969), (0.5061818, 10.264789), (0.518599, 10.1112385), (0.52968436, 9.931672), (0.54083514, 9.707597), (0.5510843, 9.438989), (0.5605957, 9.152858), (0.5682306, 8.903012), (0.5751323, 8.677728), (0.58064246, 8.432159), (0.58531, 8.3002), (0.5898792, 8.199925), (0.5940873, 8.136553), (0.59839576, 8.137023), (0.29786685, 9.99606), (0.32143953, 10.143867), (0.34338537, 10.251389), (0.3636832, 10.324244), (0.38266426, 10.365908), (0.40005422, 10.379113), (0.41599998, 10.370437), (0.4312185, 10.344679), (0.44528136, 10.3078165), (0.4589167, 10.267724), (0.47179437, 10.233813), (0.48452285, 10.22124), (0.49693066, 10.242496), (0.5095694, 10.307756), (0.52209294, 10.418762), (0.5346954, 10.570148), (0.54774517, 10.753253), (0.5618088, 10.961268), (0.5764562, 11.18993), (0.5910483, 11.445146), (0.6064339, 11.725278), (0.6222503, 12.025238), (0.8738519, 2.5411842), (0.8664839, 2.743206), (0.8713147, 2.5640805), (0.86440814, 2.7561483), (0.86779416, 2.6106668), (0.8611174, 2.7868469), (0.863042, 2.694823), (0.85667574, 2.8452036), (0.8573018, 2.8029892), (0.85126036, 2.9178822), (0.85112697, 2.9294832), (0.8457567, 3.0059967), (0.8446128, 3.0702817), (0.8398936, 3.1156466), (0.8373624, 3.2214863), (0.83396816, 3.2273965), (0.8288261, 3.3842287), (0.8273753, 3.351122), (0.81863123, 3.5456042), (0.8196676, 3.4756818), (0.8090649, 3.6438873), (0.8136813, 3.5563102), (0.80163956, 3.6508868), (0.8097708, 3.5667133), (0.8039209, 3.5978081), (0.81242996, 3.5256965), (0.80822086, 3.5563862), (0.8167824, 3.4829147), (0.81262577, 3.5221846), (0.8213852, 3.4456525), (0.8177446, 3.504946), (0.826367, 3.4263172), (0.8225639, 3.5038242), (0.8313419, 3.4166992), (0.8272143, 3.5107923), (0.836262, 3.4136941), (0.83149904, 3.5199487), (0.8407592, 3.421837), (0.8348696, 3.538047), (0.84438306, 3.4400828), (0.83735716, 3.5651238), (0.8468221, 3.4688053), (0.6350828, 12.081118), (0.63393945, 12.182439), (0.63394135, 12.272486), (0.6351715, 12.330798), (0.6380376, 12.340716), (0.64250547, 12.2961855), (0.6478044, 12.222911), (0.6542123, 12.104167), (0.66207707, 11.9187155), (0.6519252, 12.448316), (0.6505633, 12.55043), (0.6504668, 12.635356), (0.6514625, 12.681949), (0.6540699, 12.674766), (0.65831774, 12.614411), (0.66375214, 12.524327), (0.66975874, 12.391073), (0.67758733, 12.191184), (0.71595436, 14.374818), (0.71687365, 14.276698), (0.7195972, 14.264644), (0.72883177, 13.82918), (0.69971687, 13.070761), (0.6894496, 13.353426), (0.68347794, 13.457601), (0.68347794, 13.358319), (0.7332604, 14.863388), (0.73341054, 14.897859), (0.73540634, 14.71525), (0.75015634, 13.885884), (0.7381358, 14.615224), (0.72196347, 13.148009), (0.7085233, 13.654121), (0.7017619, 13.859633), (0.6994529, 13.865546), (0.6667439, 13.018905), (0.67012465, 13.038134), (0.6790925, 12.863285), (0.692461, 12.491067), (0.66847515, 12.844082), (0.7017548, 13.720203), (0.76162297, 14.45306), (0.7330272, 14.905964), (0.7343394, 14.791414), (0.7159069, 14.343872), (0.7350507, 14.81945), (0.717295, 14.346926), (0.7184039, 14.1990595), (0.7431056, 14.287006), (0.73614806, 13.484008), (0.72309375, 14.097768), (0.70726156, 12.815927), (0.71388084, 13.445759), (0.7044338, 13.781724), (0.6936679, 13.242704), (0.6997828, 13.894626), (0.68565226, 13.430121), (0.7000627, 13.801988), (0.6829598, 13.4247675), (0.6676091, 13.057789), (0.6671765, 12.943562), (0.67405516, 12.964845), (0.68496406, 12.713077), (0.68496096, 13.268958), (0.9547347, 1.4225892), (0.96388423, 1.1230137), (0.9649513, 1.3226584), (0.9736735, 1.0370946), (0.98484105, 0.16953668), (0.983351, 0.13493554), (0.97904974, 0.47446975), (0.97211325, 0.80490625), (0.983851, 0.46296945), (0.98006654, 0.7539317), (0.9031164, 4.3347225), (0.999995, 7.575941), (0.98433226, 6.725314), (0.99999905, 8.507855), (0.9589095, 5.9464626), (0.93602675, 5.274703), (0.91706777, 4.7348723), (0.99999905, 10.740736), (0.99999905, 9.964233), (0.99999905, 9.315271), (0.6510984, 7.96042), (0.63079154, 8.019385), (0.66946936, 7.8904867), (0.7033678, 7.7097545), (0.68681616, 7.8103085), (0.85225314, 4.596419), (0.66976506, 10.477307), (0.65406984, 10.336179), (0.62224835, 10.088739), (0.6383452, 10.20704), (0.6068976, 9.98515), (0.5606671, 9.769632), (0.6588757, 10.773381), (0.6433024, 10.612227), (0.61159337, 10.330226), (0.62725323, 10.4635), (0.5959422, 10.215408), (0.5511306, 9.97543), (0.6489331, 11.027148), (0.6330992, 10.847488), (0.617353, 10.682444), (0.6016344, 10.535627), (0.586272, 10.4098015), (0.5427286, 10.140993), (0.5456464, 9.71987), (0.5368291, 9.921804), (0.52916664, 10.080478), (0.92359495, 2.9981651), (0.9405957, 2.5148544), (0.9041571, 3.5116012), (0.8830672, 4.042855), (0.80532503, 4.990459), (0.8223004, 4.724304), (0.5309126, 9.689659), (0.51530457, 10.038702), (0.5226388, 9.887237), (0.9545481, 2.0374207), (0.95755124, 1.7528075), (0.9425325, 2.2335613), (0.9233455, 2.7479517), (0.8997311, 3.3018355), (0.8684273, 3.957645), (0.94500464, 1.9488382), (0.93043774, 2.3641746), (0.9133298, 2.790745), (0.89326614, 3.2223186), (0.8726023, 3.6308687), (0.8354455, 4.3212442), (0.8204263, 4.59266), (0.96426004, 1.7542465), (0.9490696, 2.263897), (0.929959, 2.795476), (0.90779763, 3.345518), (0.8844089, 3.8967905), (0.8386793, 4.1788087), (0.87139773, 3.5719733), (0.88957775, 3.2249825), (0.9076205, 2.8516254), (0.9234805, 2.4771295), (0.93720794, 2.1115232), (0.82524836, 4.428977), (0.7942039, 5.2271194), (0.8103567, 4.9995956), (0.8443754, 4.523915), (0.86152685, 4.426512), (0.7812624, 5.482023), (0.7962605, 5.2981415), (0.8241974, 4.9811277), (0.840251, 4.9162893), (0.5715299, 10.304864), (0.58065623, 10.119366), (0.59104824, 9.89905), (0.5569849, 10.216304), (0.5658228, 10.042051), (0.57562995, 9.828441), (0.83408415, 4.914931), (0.85548043, 4.429483), (0.8791093, 3.8908565), (0.9043892, 3.3192494), (0.9273748, 2.7588615), (0.9468524, 2.2280633), (0.96202683, 1.721432), (0.50858504, 10.143181), (0.52210546, 10.1929), (0.53571886, 10.262546), (0.54909897, 10.348724), (0.5629513, 10.450111), (0.57767856, 10.567551), (0.59268844, 10.706724), (0.6081324, 10.866205), (0.6237747, 11.046685), (0.63962, 11.243746), (0.85409397, 3.8897805), (0.85271376, 3.9994411), (0.8420074, 4.3970146), (0.8274034, 4.7553306), (0.81093574, 5.1224346), (0.81399924, 4.7801394), (0.830369, 4.501423), (0.84922993, 4.159085), (0.8723471, 3.738877), (0.8966596, 3.2524831), (0.91868305, 2.7530034), (0.93693995, 2.2793772), (0.9518032, 1.8282926), (0.9472842, 2.1527698), (0.93425, 2.580381), (0.918491, 3.03663), (0.8995728, 3.5277152), (0.8789911, 4.044954), (0.7058661, 7.654265), (0.6897444, 7.758932), (0.67259264, 7.832275), (0.65534025, 7.883184), (0.6382633, 7.9051614), (0.76745546, 5.7444034), (0.78132224, 5.6003065), (0.7942853, 5.4754825), (0.8056797, 5.387469), (0.81456274, 5.3527246), (0.8205577, 5.3672757), (0.56582916, 8.747385), (0.7347884, 6.679969), (0.7001371, 6.789197), (0.66862607, 7.3208847), (0.660445, 7.4718056), (0.68195635, 7.3061333), (0.6740762, 7.462567), (0.69398844, 7.2889), (0.6870897, 7.4417953), (0.7040973, 7.2651076), (0.699385, 7.3973627), (0.7533121, 6.0060573), (0.76640505, 5.8962455), (0.778196, 5.8100553), (0.78847533, 5.7595553), (0.7964715, 5.7530875), (0.772152, 6.1020956), (0.7795875, 6.1192913), (0.7570356, 6.414447), (0.76376027, 6.4507494), (0.7394126, 6.2611713), (0.7518005, 6.180102), (0.76289743, 6.1240444), (0.7259072, 6.5049872), (0.7379295, 6.4476495), (0.748421, 6.4148884), (0.74285847, 6.6943154), (0.74876064, 6.7459927), (0.7131374, 6.7340846), (0.7248187, 6.695737), (0.7105905, 7.3209715), (0.7113304, 7.24193), (0.80209374, 5.7863436), (0.65255946, 7.6211114), (0.6672479, 7.61263), (0.6815176, 7.5867105), (0.695833, 7.528956), (0.7847996, 6.1713266), (0.768229, 6.522694), (0.7524718, 6.8343177), (0.7096209, 7.4332447), (0.6885097, 6.984304), (0.7014556, 6.945832), (0.712912, 6.920535), (0.72259676, 6.9133983), (0.73001355, 6.934275), (0.7347105, 6.9951434), (0.7373778, 7.0941787), (0.6454796, 7.7668552), (0.661126, 7.7565846), (0.6768202, 7.721947), (0.69273865, 7.6563697), (0.7080274, 7.5548), (0.7233439, 7.2918344), (0.7221858, 7.1878605), (0.7189045, 7.123102), (0.71216553, 7.109034), (0.7025738, 7.1181183), (0.6909392, 7.1361985), (0.67794925, 7.1612024), (0.70004666, 7.70851), (0.69596684, 7.6774197), (0.8618421, 4.56916), (0.85749847, 4.580257), (0.8407724, 5.0742106), (0.8357961, 5.0990343), (0.82918155, 5.151198), (0.82127666, 5.5286775), (0.81546974, 5.56381), (0.807568, 5.649507), (0.80276555, 5.952312), (0.79713994, 5.991934), (0.7892437, 6.0888934), (0.7849886, 6.362879), (0.77983284, 6.4007587), (0.7723354, 6.4900746), (0.767977, 6.73527), (0.7633382, 6.770897), (0.75641936, 6.840154), (0.75120217, 7.0754967), (0.7469598, 7.102709), (0.74110323, 7.1449113), (0.7351647, 7.3627086), (0.7311609, 7.3813868), (0.72585684, 7.3936014), (0.7193408, 7.5683756), (0.71562487, 7.578216), (0.71091455, 7.5658426), (0.96357214, 1.8288652), (0.9488258, 2.337074), (0.9302487, 2.8626664), (0.90886235, 3.3996696), (0.8863933, 3.9437277), (0.8642021, 4.471235), (0.8433385, 4.9641666), (0.82358724, 5.4178896), (0.8050447, 5.8449), (0.7874483, 6.24671), (0.7702747, 6.6132874), (0.75397176, 6.937106), (0.73817, 7.2092824), (0.7230937, 7.4106793), (0.960248, 1.9331006), (0.94589865, 2.4247365), (0.9279252, 2.9408586), (0.9075841, 3.466489), (0.88587976, 4.005716), (0.8642692, 4.531467), (0.8434572, 5.027668), (0.8238246, 5.4818816), (0.80525994, 5.910992), (0.78748786, 6.3198714), (0.7703078, 6.689914), (0.75359046, 7.024345), (0.7373681, 7.30448), (0.72179365, 7.5085144), (0.63412195, 7.9703617), (0.6263051, 7.895778), (0.6317479, 7.842246), (0.633129, 8.033536), (0.58818954, 8.433937), (0.616982, 8.039706), (0.6805022, 7.7563715), (0.6838676, 7.8001714), (0.64859575, 7.8937697), (0.6493879, 7.958693), (0.6645029, 7.8233647), (0.6668642, 7.8817263), (0.6776072, 7.8932447), (0.70365304, 7.808242), (0.7312524, 7.570058), (0.6878006, 9.29), (0.6652272, 10.0229025), (0.62816674, 9.077849), (0.65820193, 9.190802), (0.6026286, 9.6409855), (0.6341219, 9.814759), (0.6558109, 8.817441), (0.7560773, 6.9460487), (0.70689726, 8.075614), (0.7361603, 7.910863), (0.71442086, 8.896974), (0.69220257, 9.762483), (0.6612545, 9.592426), (0.7263928, 7.416376), (0.6306389, 9.437162), (0.67995435, 8.157272), (0.6844535, 8.863414), (0.6414691, 8.777285), (0.67017174, 8.844952), (0.64331824, 9.136542), (0.690689, 7.867486), (0.7408878, 7.207944), (0.7464388, 7.4019303), (0.693049, 8.129754), (0.7172776, 7.70842), (0.7210202, 7.999009), (0.69927233, 8.877976), (0.7033678, 9.34709), (0.68092364, 10.14011), (0.6767634, 9.673268), (0.64962167, 9.916048), (0.6183497, 9.723255), (0.6729912, 9.240491), (0.646098, 9.514042), (0.71261936, 7.5698457), (0.6151642, 9.365635), (0.66669995, 8.160564), (0.6991884, 7.6687055), (0.6859622, 7.7248373), (0.6719716, 7.7546854), (0.6578863, 7.7702136), (0.6439795, 7.794737), (0.66418326, 7.895615), (0.6508003, 7.883552), (0.6376743, 7.876522), (0.6532822, 8.143635), (0.63963705, 8.110701), (0.627247, 8.071688), (0.62696964, 8.723047), (0.61243755, 8.650676), (0.5991242, 8.555185), (0.6966467, 10.270426), (0.70789206, 9.865022), (0.71933305, 9.4180565), (0.73036194, 8.9303465), (0.75206345, 7.831826), (0.76273036, 7.223052), (0.7732943, 6.6193314), (0.6130135, 9.014574), (0.5973852, 8.942533), (0.5821692, 8.853076), (0.55131936, 9.136148), (0.53991956, 9.442934), (0.59946066, 9.301044), (0.5833111, 9.241956), (0.56776536, 9.179094), (0.5868524, 9.578889), (0.57132983, 9.522312), (0.5557627, 9.472216), (0.65540016, 11.461915), (0.664503, 11.225598), (0.67480654, 10.950899), (0.6855545, 10.632547), (0.6044363, 8.212963), (0.61418, 8.298779), (0.6266045, 8.373223), (0.64049214, 8.429674), (0.65445966, 8.466602), (0.66815895, 8.485131), (0.6819563, 8.48581), (0.69584715, 8.470197), (0.71040756, 8.443547), (0.7253184, 8.415807), (0.7413393, 8.40195), (0.701535, 10.802541), (0.69048506, 11.144117), (0.7131451, 10.41596), (0.7245156, 9.984473), (0.7360269, 9.508665), (0.7474666, 8.988385), (0.758287, 8.421179), (0.7692158, 7.7970905), (0.7804833, 7.085038), (0.67069125, 11.696891), (0.68005776, 11.44128), (0.71788985, 10.987811), (0.70635414, 11.352608), (0.72995114, 10.5779085), (0.742003, 10.122503), (0.7539001, 9.622239), (0.76512384, 9.07777), (0.7761449, 8.489564), (0.7868782, 7.8546343), (0.7974883, 7.1625547), (0.80991507, 6.401412), (0.82748914, 5.6369505), (0.8495879, 4.9475656), (0.6859443, 11.95124), (0.6958542, 11.673149), (0.765774, 10.960077), (0.73911124, 11.821881), (0.8048239, 11.423534), (0.7715322, 12.345434), (0.7925169, 9.9190645), (0.8380251, 10.2985), (0.8502829, 12.034514), (0.8020397, 12.988376), (0.89567924, 10.791668), (0.7456442, 13.122114), (0.71647596, 12.519784), (0.81599283, 8.73415), (0.8711756, 5.6312504), (0.9114856, 6.435209), (0.968006, 7.489557), (0.999999, 8.811315), (0.999999, 9.122162), (0.999999, 10.078434), (0.999999, 10.062776), (0.9493963, 8.489988), (0.8360615, 7.5140343), (0.8840614, 7.9274735), (0.8639696, 9.040342), (0.999999, 12.104282), (0.9680107, 11.443635), (0.9999943, 9.943859), (0.999999, 10.732287), (0.92882186, 9.446035), (0.999999, 11.061926), (0.99999905, 10.604773), (0.77027476, 13.92999), (0.73455596, 11.191163), (0.7697142, 11.65064), (0.7998469, 10.662363), (0.80602986, 12.192617), (0.84645647, 11.145083), (0.7424526, 12.465182), (0.71149796, 11.923859), (0.7601003, 10.281225), (0.7844182, 9.196745), (0.8771583, 6.62507), (0.92904025, 7.3919997), (0.9947406, 8.363952), (0.99999905, 9.491457), (0.999999, 9.534428), (0.9914604, 8.546557), (0.999995, 7.8484254), (0.9476349, 6.4545045), (0.8672678, 7.1786466), (0.8263252, 6.6584625), (0.8057899, 7.9727736), (0.84921163, 8.28178), (0.921586, 7.79364), (0.9019666, 5.4045496), (0.84012246, 5.9678006), (0.98672694, 12.597642), (0.999999, 10.888344), (0.9509231, 10.371239), (0.99999905, 9.808731), (0.99999905, 11.644711), (0.999999, 10.613787), (0.999999, 10.417317), (0.99999905, 10.514167), (0.999999, 10.694351), (0.999999, 9.380159), (0.97870666, 9.172891), (0.8802177, 9.862449), (0.90460855, 8.646401), (0.9061695, 11.820204), (0.8437289, 12.962547), (0.7934363, 13.926872), (0.77086395, 13.065186), (0.827196, 9.498447), (0.7474582, 10.758957), (0.75206345, 11.412888), (0.72273487, 11.578883), (0.78482294, 11.180261), (0.78774786, 11.906466), (0.75505, 12.077002), (0.7795128, 10.461343), (0.81391436, 10.098588), (0.82195, 10.887467), (0.8265163, 11.701005), (0.8248299, 12.53144), (0.7872364, 12.640894), (0.86452276, 10.524517), (0.87415993, 11.45046), (0.75720257, 12.749781), (0.73125243, 12.818049), (0.7270851, 12.190251), (0.70135367, 12.226699), (0.7725961, 9.759503), (0.8047938, 9.339146), (0.7955562, 8.5987625), (0.85758984, 5.273201), (0.8859604, 4.998792), (0.90086997, 6.9802904), (0.85697365, 6.294144), (0.88939595, 6.01208), (0.937982, 6.9261436), (0.96099174, 7.859694), (0.99982584, 8.112853), (0.99999905, 8.935895), (0.99999905, 8.971488), (0.999999, 10.024673), (0.999999, 9.572724), (0.999999, 9.468073), (0.99999905, 10.074299), (0.95549446, 8.166994), (0.9867201, 8.794395), (0.9756409, 7.114073), (0.999999, 8.669101), (0.92275167, 5.885114), (0.8455316, 6.9163556), (0.89229363, 7.4620233), (0.8586048, 7.713879), (0.8157708, 7.3245664), (0.8265163, 8.121041), (0.8746131, 8.449728), (0.8387646, 8.88346), (0.91402566, 8.184464), (0.99999905, 12.952992), (0.94274145, 12.245816), (0.999995, 11.750451), (0.9894137, 10.641705), (0.999999, 10.232276), (0.999999, 11.291606), (0.9304844, 11.107795), (0.91327804, 10.094998), (0.96750337, 9.705965), (0.999995, 9.435737), (0.99999905, 10.313964), (0.99999905, 11.7016535), (0.99999905, 12.365081), (0.999999, 11.029065), (0.999999, 10.423847), (0.999999, 10.745218), (0.999999, 10.60942), (0.99999905, 10.016594), (0.94076645, 8.907614), (0.85206324, 9.671325), (0.8931365, 9.212527), (0.87703043, 12.46999), (0.8151987, 13.421302), (0.77918965, 14.532169), (0.7834199, 13.447181), (0.7589119, 13.470629), (0.999995, 13.6881), (0.96666175, 13.386566), (0.91159314, 13.12487), (0.8617631, 13.554198), (0.8271588, 13.987979), (0.87022257, 14.335094), (0.9565365, 14.193114), (0.9117572, 14.118869), (0.94718206, 1.771316), (0.9556, 1.5598722), (0.96292055, 1.3809566), (0.9692018, 1.2442893), (0.97373724, 1.1831042), (0.9761221, 1.201465), (0.9756315, 1.289395), (0.972232, 1.431028), (0.9657853, 1.5847647), (0.9571806, 1.765575), (0.95299166, 1.5098577), (0.9617435, 1.2417359), (0.9697542, 0.9773704), (0.9764308, 0.74480164), (0.9807187, 0.6129883), (0.9824143, 0.6360335), (0.98174584, 0.76914656), (0.9786939, 0.9701498), (0.9723104, 1.19959), (0.96350384, 1.4467939), (0.9027678, 3.0582266), (0.90012926, 3.121578), (0.89550775, 3.2966015), (0.89612275, 3.4882436), (0.87553394, 4.6431265), (0.8953065, 4.040012), (0.8916241, 3.7682688), (0.88539404, 3.9148927), (0.8893642, 4.209126), (0.8979998, 4.522963), (0.9122901, 4.9288297), (0.9318643, 5.452749), (0.9554944, 6.0913997), (0.98195344, 6.8317018), (0.999995, 7.652004), (0.999999, 8.562642), (0.999999, 9.3514805), (0.99999905, 9.999985), (0.999999, 10.756294), (0.8709047, 4.323773), (0.8753961, 4.0149393), (0.9164472, 2.6670027), (0.91475815, 2.7154546), (0.91230536, 2.8420951), (0.91414183, 3.0198712), (0.9302487, 2.2803636), (0.92914206, 2.3351116), (0.9270593, 2.4685369), (0.9290402, 2.6134615), (0.8218186, 5.4087806), (0.8476021, 4.7198033), (0.8751295, 3.9310896), (0.88825536, 3.537894), (0.8932338, 3.4235034), (0.9402228, 2.2646189), (0.9543375, 1.6322663), (0.9527103, 1.7251188), (0.9476349, 1.96802), (0.7955562, 6.1961746), (0.63384885, 7.8816714), (0.64687777, 7.8153152), (0.66173893, 7.7639284), (0.6768202, 7.722082), (0.6913754, 7.664935), (0.7055705, 7.5784984), (0.7196537, 7.4411564), (0.7342531, 7.236787), (0.74906933, 6.973835), (0.7642918, 6.6570516), (0.78083193, 6.2769213), (0.79980004, 5.8170166), (0.8235624, 5.250562), (0.84857, 4.633981), (0.94171983, 2.0074003), (0.9384648, 2.17967), (0.9351663, 2.3409832), (0.92616355, 2.5879378), (0.9119277, 2.958548), (0.8945255, 3.41705), (0.8734879, 3.975998), (0.94292355, 1.9382558), (0.6510984, 7.96042), (0.63079154, 8.019385), (0.66946936, 7.8904867), (0.7033678, 7.7097545), (0.68681616, 7.8103085), (0.85225314, 4.596419), (0.66976506, 10.477307), (0.65406984, 10.336179), (0.62224835, 10.088739), (0.6383452, 10.20704), (0.6068976, 9.98515), (0.5606671, 9.769632), (0.6588757, 10.773381), (0.6433024, 10.612227), (0.61159337, 10.330226), (0.62725323, 10.4635), (0.5959422, 10.215408), (0.5511306, 9.97543), (0.6489331, 11.027148), (0.6330992, 10.847488), (0.617353, 10.682444), (0.6016344, 10.535627), (0.586272, 10.4098015), (0.5427286, 10.140993), (0.5456464, 9.71987), (0.5368291, 9.921804), (0.52916664, 10.080478), (0.92359495, 2.9981651), (0.9405957, 2.5148544), (0.9041571, 3.5116012), (0.8830672, 4.042855), (0.80532503, 4.990459), (0.8223004, 4.724304), (0.5309126, 9.689659), (0.51530457, 10.038702), (0.5226388, 9.887237), (0.9545481, 2.0374207), (0.95755124, 1.7528075), (0.9425325, 2.2335613), (0.9233455, 2.7479517), (0.8997311, 3.3018355), (0.8684273, 3.957645), (0.94500464, 1.9488382), (0.93043774, 2.3641746), (0.9133298, 2.790745), (0.89326614, 3.2223186), (0.8726023, 3.6308687), (0.8354455, 4.3212442), (0.8204263, 4.59266), (0.96426004, 1.7542465), (0.9490696, 2.263897), (0.929959, 2.795476), (0.90779763, 3.345518), (0.8844089, 3.8967905), (0.8386793, 4.1788087), (0.87139773, 3.5719733), (0.88957775, 3.2249825), (0.9076205, 2.8516254), (0.9234805, 2.4771295), (0.93720794, 2.1115232), (0.82524836, 4.428977), (0.7942039, 5.2271194), (0.8103567, 4.9995956), (0.8443754, 4.523915), (0.86152685, 4.426512), (0.7812624, 5.482023), (0.7962605, 5.2981415), (0.8241974, 4.9811277), (0.840251, 4.9162893), (0.5715299, 10.304864), (0.58065623, 10.119366), (0.59104824, 9.89905), (0.5569849, 10.216304), (0.5658228, 10.042051), (0.57562995, 9.828441), (0.83408415, 4.914931), (0.85548043, 4.429483), (0.8791093, 3.8908565), (0.9043892, 3.3192494), (0.9273748, 2.7588615), (0.9468524, 2.2280633), (0.96202683, 1.721432), (0.50858504, 10.143181), (0.52210546, 10.1929), (0.53571886, 10.262546), (0.54909897, 10.348724), (0.5629513, 10.450111), (0.57767856, 10.567551), (0.59268844, 10.706724), (0.6081324, 10.866205), (0.6237747, 11.046685), (0.63962, 11.243746), (0.85409397, 3.8897805), (0.85271376, 3.9994411), (0.8420074, 4.3970146), (0.8274034, 4.7553306), (0.81093574, 5.1224346), (0.81399924, 4.7801394), (0.830369, 4.501423), (0.84922993, 4.159085), (0.8723471, 3.738877), (0.8966596, 3.2524831), (0.91868305, 2.7530034), (0.93693995, 2.2793772), (0.9518032, 1.8282926), (0.9472842, 2.1527698), (0.93425, 2.580381), (0.918491, 3.03663), (0.8995728, 3.5277152), (0.8789911, 4.044954), (0.7058661, 7.654265), (0.6897444, 7.758932), (0.67259264, 7.832275), (0.65534025, 7.883184), (0.6382633, 7.9051614), (0.76745546, 5.7444034), (0.78132224, 5.6003065), (0.7942853, 5.4754825), (0.8056797, 5.387469), (0.81456274, 5.3527246), (0.8205577, 5.3672757), (0.56582916, 8.747385), (0.7347884, 6.679969), (0.7001371, 6.789197), (0.66862607, 7.3208847), (0.660445, 7.4718056), (0.68195635, 7.3061333), (0.6740762, 7.462567), (0.69398844, 7.2889), (0.6870897, 7.4417953), (0.7040973, 7.2651076), (0.699385, 7.3973627), (0.7533121, 6.0060573), (0.76640505, 5.8962455), (0.778196, 5.8100553), (0.78847533, 5.7595553), (0.7964715, 5.7530875), (0.772152, 6.1020956), (0.7795875, 6.1192913), (0.7570356, 6.414447), (0.76376027, 6.4507494), (0.7394126, 6.2611713), (0.7518005, 6.180102), (0.76289743, 6.1240444), (0.7259072, 6.5049872), (0.7379295, 6.4476495), (0.748421, 6.4148884), (0.74285847, 6.6943154), (0.74876064, 6.7459927), (0.7131374, 6.7340846), (0.7248187, 6.695737), (0.7105905, 7.3209715), (0.7113304, 7.24193), (0.80209374, 5.7863436), (0.65255946, 7.6211114), (0.6672479, 7.61263), (0.6815176, 7.5867105), (0.695833, 7.528956), (0.7847996, 6.1713266), (0.768229, 6.522694), (0.7524718, 6.8343177), (0.7096209, 7.4332447), (0.6885097, 6.984304), (0.7014556, 6.945832), (0.712912, 6.920535), (0.72259676, 6.9133983), (0.73001355, 6.934275), (0.7347105, 6.9951434), (0.7373778, 7.0941787), (0.6454796, 7.7668552), (0.661126, 7.7565846), (0.6768202, 7.721947), (0.69273865, 7.6563697), (0.7080274, 7.5548), (0.7233439, 7.2918344), (0.7221858, 7.1878605), (0.7189045, 7.123102), (0.71216553, 7.109034), (0.7025738, 7.1181183), (0.6909392, 7.1361985), (0.67794925, 7.1612024), (0.70004666, 7.70851), (0.69596684, 7.6774197), (0.8618421, 4.56916), (0.85749847, 4.580257), (0.8407724, 5.0742106), (0.8357961, 5.0990343), (0.82918155, 5.151198), (0.82127666, 5.5286775), (0.81546974, 5.56381), (0.8075681, 5.649507), (0.80276555, 5.952312), (0.79713994, 5.991934), (0.78916246, 6.088893), (0.7849886, 6.362879), (0.77983284, 6.4007587), (0.7723354, 6.4900746), (0.767977, 6.73527), (0.7633382, 6.770897), (0.75641936, 6.840154), (0.75120217, 7.0754967), (0.7469598, 7.102709), (0.74110323, 7.1449113), (0.7351647, 7.3627086), (0.7311609, 7.3813868), (0.72585684, 7.3936014), (0.7193408, 7.5683756), (0.71562487, 7.578216), (0.71091455, 7.5658426), (0.96357214, 1.8288652), (0.9488258, 2.337074), (0.9302487, 2.8626664), (0.90886235, 3.3996696), (0.8863933, 3.9437277), (0.8642021, 4.471235), (0.8433385, 4.9641666), (0.82358724, 5.4178896), (0.8050447, 5.8449), (0.7874483, 6.24671), (0.7702747, 6.6132874), (0.75397176, 6.937106), (0.73817, 7.2092824), (0.7230937, 7.4106793), (0.960248, 1.9331006), (0.94589865, 2.4247365), (0.9279252, 2.9408586), (0.9075841, 3.466489), (0.88587976, 4.005716), (0.8642692, 4.531467), (0.8434572, 5.027668), (0.8238246, 5.4818816), (0.80525994, 5.910992), (0.78748786, 6.3198714), (0.7703078, 6.689914), (0.75359046, 7.024345), (0.7373681, 7.30448), (0.72179365, 7.5085144), (0.63412195, 7.9703617), (0.6263051, 7.895778), (0.6317479, 7.842246), (0.633129, 8.033536), (0.58818954, 8.433937), (0.616982, 8.039706), (0.6805022, 7.7563715), (0.6838676, 7.8001714), (0.64859575, 7.8937697), (0.6493879, 7.958693), (0.6645029, 7.8233647), (0.6668642, 7.8817263), (0.6776072, 7.8932447), (0.70365304, 7.8082414), (0.7312524, 7.5700607), (0.6878006, 9.289992), (0.6652272, 10.0229025), (0.62816674, 9.077849), (0.65820193, 9.190801), (0.6026286, 9.6409855), (0.6341219, 9.814759), (0.6558109, 8.817441), (0.756109, 6.9460483), (0.70689726, 8.075623), (0.7359786, 7.910873), (0.714458, 8.89698), (0.6922159, 9.762487), (0.6611088, 9.592427), (0.7263928, 7.4163804), (0.6306389, 9.437162), (0.6799371, 8.157274), (0.6844535, 8.863414), (0.6414691, 8.777285), (0.67017174, 8.844952), (0.64331824, 9.136542), (0.69070303, 7.8674865), (0.7408343, 7.207943), (0.7464388, 7.4019365), (0.693049, 8.129758), (0.71713436, 7.7084203), (0.7210202, 7.999022), (0.699237, 8.877975), (0.70336777, 9.347076), (0.68092364, 10.14011), (0.6767634, 9.673268), (0.64962167, 9.916048), (0.6183497, 9.723255), (0.6731839, 9.240489), (0.646098, 9.514042), (0.71261936, 7.5698457), (0.6151642, 9.365635), (0.66669995, 8.160564), (0.6991884, 7.6687055), (0.6859622, 7.7248373), (0.6719716, 7.7546854), (0.6578863, 7.7702136), (0.6439795, 7.794737), (0.66418326, 7.895615), (0.6508003, 7.883552), (0.6376743, 7.876522), (0.6532822, 8.143635), (0.63963705, 8.110701), (0.627247, 8.071688), (0.62696964, 8.723047), (0.61243755, 8.650676), (0.5991242, 8.555185), (0.6966256, 10.270424), (0.70789206, 9.865019), (0.7193845, 9.4180565), (0.7303618, 8.930345), (0.7520634, 7.831838), (0.7627303, 7.2230525), (0.7732943, 6.6193314), (0.6130135, 9.014574), (0.5973852, 8.942533), (0.5821692, 8.853076), (0.55131936, 9.136148), (0.53991956, 9.442934), (0.59946066, 9.301044), (0.5833111, 9.241956), (0.56776536, 9.179094), (0.5868524, 9.578889), (0.57132983, 9.522312), (0.5557627, 9.472216), (0.65540016, 11.461915), (0.664503, 11.225598), (0.67480654, 10.950898), (0.6855545, 10.632547), (0.6044363, 8.212963), (0.61418, 8.298779), (0.6266045, 8.373223), (0.64049214, 8.429674), (0.65445966, 8.466602), (0.668159, 8.485132), (0.6819563, 8.485811), (0.6958542, 8.470202), (0.7104077, 8.443564), (0.7253184, 8.415832), (0.74133927, 8.401953), (0.701535, 10.802539), (0.69048506, 11.144114), (0.713145, 10.415955), (0.7245156, 9.984501), (0.73602694, 9.508672), (0.7474667, 8.988391), (0.758256, 8.421179), (0.7692158, 7.797107), (0.78048337, 7.085041), (0.67069125, 11.696891), (0.68005776, 11.441275), (0.7179387, 10.987815), (0.7063542, 11.3526325), (0.72995114, 10.57793), (0.742003, 10.122526), (0.75390005, 9.622247), (0.76512384, 9.0777445), (0.7761449, 8.489545), (0.7868782, 7.8546333), (0.7974883, 7.1625533), (0.809915, 6.4014134), (0.8274892, 5.6369567), (0.8495879, 4.9475656), (0.6859443, 11.95124), (0.6958684, 11.673144), (0.765774, 10.960083), (0.73911124, 11.821864), (0.8049548, 11.423533), (0.77151614, 12.345433), (0.7925169, 9.919038), (0.8380251, 10.298484), (0.8502829, 12.034515), (0.8020872, 12.988377), (0.8957196, 10.791676), (0.7456442, 13.1221075), (0.71647596, 12.519783), (0.81599283, 8.734136), (0.8711756, 5.6312504), (0.9114856, 6.435209), (0.968006, 7.489557), (0.999999, 8.811315), (0.999999, 9.122162), (0.999999, 10.078434), (0.999999, 10.062776), (0.9493963, 8.489988), (0.8360615, 7.5140324), (0.8840588, 7.927474), (0.8639697, 9.040348), (0.999999, 12.104282), (0.9680107, 11.443635), (0.9999943, 9.943859), (0.999999, 10.732287), (0.92900026, 9.446031), (0.999999, 11.061926), (0.99999905, 10.604773), (0.77027476, 13.92999), (0.7347106, 11.191171), (0.76980096, 11.650645), (0.7998469, 10.662353), (0.8060299, 12.192626), (0.84645647, 11.145083), (0.7424526, 12.465179), (0.71149796, 11.9238615), (0.7601003, 10.28124), (0.7844182, 9.19671), (0.87710947, 6.625069), (0.92904025, 7.3919997), (0.9947406, 8.363952), (0.99999905, 9.491457), (0.999999, 9.534428), (0.9914604, 8.546557), (0.999995, 7.8484254), (0.9476349, 6.4545045), (0.86726785, 7.178648), (0.8263252, 6.6584597), (0.8057899, 7.972765), (0.8492116, 8.281785), (0.921586, 7.79364), (0.9019666, 5.4045496), (0.84012246, 5.967792), (0.98672694, 12.597642), (0.999999, 10.888344), (0.9509231, 10.371239), (0.99999905, 9.808731), (0.99999905, 11.644711), (0.999999, 10.613787), (0.999999, 10.417317), (0.99999905, 10.514167), (0.999999, 10.694351), (0.999999, 9.380159), (0.97870666, 9.172891), (0.8802177, 9.862448), (0.90460855, 8.646401), (0.9061695, 11.820204), (0.8437289, 12.962548), (0.79343617, 13.926868), (0.77086395, 13.065172), (0.827196, 9.498447), (0.7476842, 10.758978), (0.75206345, 11.412841), (0.7226635, 11.578892), (0.78482294, 11.180326), (0.7877479, 11.906485), (0.75505006, 12.076947), (0.7795129, 10.461357), (0.8139144, 10.09855), (0.8219501, 10.887452), (0.8265163, 11.70101), (0.82503456, 12.531443), (0.7872364, 12.640896), (0.86473346, 10.524526), (0.8741916, 11.450467), (0.7572025, 12.74978), (0.73125243, 12.8180485), (0.72708523, 12.190249), (0.70135367, 12.226699), (0.7723354, 9.759496), (0.8047938, 9.339107), (0.7955562, 8.598734), (0.85758984, 5.2732005), (0.8859604, 4.998792), (0.90086997, 6.9802904), (0.8569737, 6.29414), (0.88939595, 6.01208), (0.937982, 6.9261436), (0.96099174, 7.859694), (0.99982584, 8.112853), (0.99999905, 8.935895), (0.99999905, 8.971488), (0.999999, 10.024673), (0.999999, 9.572724), (0.999999, 9.468073), (0.99999905, 10.074299), (0.95549446, 8.166994), (0.9867201, 8.794395), (0.9756409, 7.114073), (0.999999, 8.669101), (0.92275167, 5.885114), (0.84553164, 6.916356), (0.89229363, 7.4620233), (0.8586047, 7.7138786), (0.81578124, 7.3245654), (0.8264345, 8.121036), (0.8746131, 8.449728), (0.83876455, 8.883481), (0.91402566, 8.184464), (0.99999905, 12.952992), (0.94274145, 12.245816), (0.999995, 11.750451), (0.9894137, 10.641705), (0.999999, 10.232276), (0.999999, 11.291606), (0.9304844, 11.107795), (0.91327804, 10.094998), (0.96750337, 9.705965), (0.999995, 9.435737), (0.99999905, 10.313964), (0.99999905, 11.7016535), (0.99999905, 12.365081), (0.999999, 11.029065), (0.999999, 10.423847), (0.999999, 10.745218), (0.999999, 10.60942), (0.99999905, 10.016594), (0.94076645, 8.907614), (0.85206324, 9.67132), (0.8930637, 9.212525), (0.87713325, 12.469989), (0.8151987, 13.421302), (0.77918965, 14.532168), (0.7834198, 13.44718), (0.7589119, 13.470628), (0.999995, 13.6881), (0.96666175, 13.386566), (0.91159314, 13.12487), (0.8617631, 13.554199), (0.82715875, 13.987978), (0.87022257, 14.335094), (0.9565365, 14.193114), (0.9117572, 14.118869), (0.94718206, 1.771316), (0.9556, 1.5598722), (0.96292055, 1.3809566), (0.9692018, 1.2442893), (0.97373724, 1.1831042), (0.9761221, 1.201465), (0.9756315, 1.289395), (0.972232, 1.431028), (0.9657853, 1.5847647), (0.9571806, 1.765575), (0.95299166, 1.5098577), (0.9617435, 1.2417359), (0.9697542, 0.9773704), (0.9764308, 0.74480164), (0.9807187, 0.6129883), (0.9824143, 0.6360335), (0.98174584, 0.76914656), (0.9786939, 0.9701498), (0.9723104, 1.19959), (0.96350384, 1.4467939), (0.90012926, 3.121578), (0.89550775, 3.2966015), (0.89612275, 3.4882436), (0.87553394, 4.6431265), (0.88539404, 3.9148927), (0.8893642, 4.209126), (0.8979998, 4.522963), (0.9122901, 4.9288297), (0.9318643, 5.452749), (0.9554944, 6.0913997), (0.98195344, 6.8317018), (0.999995, 7.652004), (0.999999, 8.562642), (0.999999, 9.3514805), (0.99999905, 9.999985), (0.999999, 10.756294), (0.8709047, 4.323773), (0.8753961, 4.0149393), (0.91475815, 2.7154546), (0.91230536, 2.8420951), (0.91414183, 3.0198712), (0.92914206, 2.3351116), (0.9270593, 2.4685369), (0.9290402, 2.6134615), (0.8218186, 5.4087806), (0.8476021, 4.7198033), (0.8751295, 3.9310896), (0.88825536, 3.537894), (0.9402228, 2.2646189), (0.9527103, 1.7251188), (0.9476349, 1.96802), (0.79555625, 6.1961803), (0.63384885, 7.8816714), (0.64687777, 7.8153152), (0.66173893, 7.7639284), (0.6768202, 7.722082), (0.6913754, 7.664935), (0.7055705, 7.5784984), (0.7196537, 7.4411564), (0.7342531, 7.236787), (0.74906933, 6.973835), (0.7642918, 6.6570516), (0.78083193, 6.2769213), (0.7998469, 5.8170156), (0.8235624, 5.250562), (0.84857, 4.633981), (0.94171983, 2.0074003), (0.9384648, 2.17967), (0.9351663, 2.3409832), (0.92616355, 2.5879378), (0.9119277, 2.958548), (0.8945255, 3.41705), (0.8734879, 3.975998)]
                }

                def RigExecStaticWeight "head_wire"
                {
                    uniform float rigExec:defaultWeight = 0
                    uniform int[] rigExec:indices = [228, 229, 230, 231, 232, 233, 234, 235, 236, 237, 238, 239, 240, 241, 242, 243, 244, 245, 246, 247, 248, 249, 250, 251, 252, 253, 254, 255, 256, 257, 258, 259, 260, 261, 262, 263, 264, 265, 266, 267, 268, 269, 270, 271, 272, 273, 274, 275, 276, 277, 278, 279, 280, 281, 282, 283, 284, 285, 286, 287, 288, 289, 290, 291, 292, 293, 294, 295, 296, 297, 298, 299, 300, 301, 302, 303, 304, 305, 306, 307, 308, 309, 310, 311, 312, 313, 314, 315, 316, 317, 318, 319, 320, 321, 322, 323, 324, 325, 326, 327, 328, 329, 330, 331, 332, 333, 334, 335, 336, 337, 338, 339, 340, 341, 342, 343, 344, 345, 346, 347, 348, 349, 350, 351, 352, 353, 354, 355, 356, 357, 358, 359, 360, 361, 362, 363, 364, 365, 366, 367, 368, 369, 370, 371, 372, 373, 374, 375, 376, 377, 378, 379, 380, 381, 382, 383, 384, 385, 386, 387, 388, 389, 390, 391, 392, 393, 394, 395, 396, 397, 398, 399, 400, 401, 402, 403, 404, 405, 406, 407, 408, 409, 410, 411, 412, 413, 414, 415, 416, 417, 418, 419, 420, 421, 422, 423, 424, 425, 426, 427, 428, 429, 430, 431, 432, 433, 434, 435, 436, 437, 438, 439, 440, 441, 442, 443, 444, 445, 446, 447, 448, 449, 450, 451, 452, 453, 454, 455, 456, 457, 458, 459, 460, 461, 462, 463, 464, 465, 466, 467, 468, 469, 470, 471, 472, 473, 474, 475, 476, 477, 478, 479, 480, 481, 482, 483, 484, 485, 486, 487, 488, 489, 490, 491, 492, 493, 494, 495, 496, 497, 498, 499, 500, 501, 502, 503, 504, 505, 506, 507, 508, 509, 510, 511, 512, 513, 514, 515, 516, 517, 518, 519, 520, 521, 522, 523, 524, 525, 526, 527, 528, 529, 530, 531, 532, 533, 534, 535, 536, 537, 538, 539, 540, 541, 542, 543, 544, 545, 546, 547, 548, 549, 550, 551, 552, 553, 554, 555, 556, 557, 558, 559, 560, 561, 562, 563, 564, 565, 566, 567, 568, 569, 570, 571, 572, 573, 574, 575, 576, 577, 578, 579, 580, 581, 582, 583, 584, 585, 586, 587, 588, 589, 590, 591, 592, 593, 594, 595, 596, 597, 598, 599, 600, 601, 602, 603, 604, 605, 606, 607, 608, 609, 610, 611, 612, 613, 614, 615, 616, 617, 618, 619, 620, 621, 622, 623, 624, 625, 626, 627, 628, 629, 630, 631, 632, 633, 634, 635, 636, 637, 638, 639, 640, 641, 642, 643, 644, 645, 646, 647, 648, 649, 650, 651, 652, 653, 654, 655, 656, 657, 658, 659, 660, 661, 662, 663, 664, 665, 666, 667, 668, 669, 670, 671, 672, 673, 674, 675, 676, 677, 678, 679, 680, 681, 682, 683, 684, 685, 686, 687, 688, 689, 690, 691, 692, 693, 694, 695, 696, 697, 698, 699, 700, 701, 702, 703, 704, 705, 706, 707, 708, 709, 710, 711, 712, 713, 714, 715, 716, 717, 718, 719, 720, 721, 722, 723, 724, 725, 726, 727, 728, 729, 730, 731, 732, 733, 734, 735, 736, 737, 738, 739, 740, 741, 742, 743, 744, 745, 746, 747, 748, 749, 750, 751, 752, 753, 754, 755, 756, 757, 758, 759, 760, 761, 762, 763, 764, 765, 766, 767, 768, 769, 770, 771, 772, 773, 774, 775, 776, 777, 778, 779, 780, 781, 782, 783, 784, 785, 786, 787, 788, 789, 790, 791, 792, 793, 794, 795, 796, 797, 798, 799, 800, 801, 802, 803, 804, 805, 806, 807, 808, 809, 810, 811, 812, 813, 814, 815, 816, 817, 818, 819, 820, 821, 822, 823, 824, 825, 826, 827, 828, 829, 830, 831, 832, 833, 834, 835, 836, 837, 838, 839, 840, 841, 842, 843, 844, 845, 846, 847, 848, 849, 850, 851, 852, 853, 854, 855, 856, 857, 858, 859, 860, 861, 862, 863, 864, 865, 866, 867, 868, 869, 870, 871, 872, 873, 874, 875, 876, 877, 878, 879, 880, 881, 882, 883, 884, 885, 886, 887, 888, 889, 890, 891, 892, 893, 894, 895, 896, 897, 898, 899, 900, 901, 902, 903, 904, 905, 906, 907, 908, 909, 910, 911, 912, 913, 914, 915, 916, 917, 918, 919, 920, 921, 922, 923, 924, 925, 926, 927, 928, 929, 930, 931, 932, 933, 934, 935, 936, 937, 938, 939, 940, 941, 942, 943, 944, 945, 946, 947, 948, 949, 950, 951, 952, 953, 954, 955, 956, 957, 958, 959, 960, 961, 962, 963, 964, 965, 966, 967, 968, 969, 970, 971, 972, 973, 974, 975, 976, 977, 978, 979, 980, 981, 982, 983, 984, 985, 986, 987, 988, 989, 990, 991, 992, 993, 994, 995, 996, 997, 998, 999, 1000, 1001, 1002, 1003, 1004, 1005, 1006, 1007, 1008, 1009, 1010, 1011, 1012, 1013, 1014, 1015, 1016, 1017, 1018, 1019, 1020, 1021, 1022, 1023, 1024, 1025, 1026, 1027, 1028, 1029, 1030, 1031, 1032, 1033, 1034, 1035, 1036, 1037, 1038, 1039, 1040, 1041, 1042, 1043, 1044, 1045, 1046, 1047, 1048, 1049, 1050, 1051, 1052, 1053, 1054, 1055, 1056, 1057, 1058, 1059, 1060, 1061, 1062, 1063, 1064, 1065, 1066, 1067, 1068, 1069, 1070, 1071, 1072, 1073, 1074, 1075, 1076, 1077, 1078, 1079, 1080, 1081, 1082, 1083, 1084, 1085, 1086, 1087, 1088, 1089, 1090, 1091, 1092, 1093, 1094, 1095, 1096, 1097, 1098, 1099, 1100, 1101, 1102, 1103, 1104, 1105, 1106, 1107, 1108, 1109, 1110, 1111, 1112, 1113, 1114, 1115, 1116, 1117, 1118, 1119, 1120, 1121, 1122, 1123, 1124, 1125, 1126, 1127, 1128, 1129, 1130, 1131, 1132, 1133, 1134, 1135, 1136, 1137, 1138, 1139, 1140, 1141, 1142, 1143, 1144, 1145, 1146, 1147, 1148, 1149, 1150, 1151, 1152, 1153, 1154, 1155, 1156, 1157, 1158, 1159, 1160, 1161, 1162, 1163, 1164, 1165, 1166, 1167, 1168, 1169, 1170, 1171, 1172, 1173, 1174, 1175, 1176, 1177, 1178, 1179, 1180, 1181, 1182, 1183, 1184, 1185, 1186, 1187, 1188, 1189, 1190, 1191, 1192, 1193, 1194, 1195, 1196, 1197, 1198, 1199, 1200, 1201, 1202, 1203, 1204, 1205, 1206, 1207, 1208, 1209, 1210, 1211, 1212, 1213, 1214, 1215, 1216, 1217, 1218, 1219, 1220, 1221, 1222, 1223, 1224, 1225, 1226, 1227, 1228, 1229, 1230, 1231, 1232, 1233, 1234, 1235, 1236, 1237, 1238, 1239, 1240, 1241, 1242, 1243, 1244, 1245, 1246, 1247, 1248, 1249, 1250, 1251, 1252, 1253, 1254, 1255, 1256, 1257, 1258, 1259, 1260, 1261, 1262, 1263, 1264, 1265, 1266, 1267, 1268, 1269, 1270, 1271, 1272, 1273, 1274, 1275, 1276, 1277, 1278, 1279, 1280, 1281, 1282, 1283, 1284, 1285, 1286, 1287, 1288, 1289, 1290, 1291, 1292, 1293, 1294, 1295, 1296, 1297, 1298, 1299, 1300, 1301, 1302, 1303, 1304, 1305, 1306, 1307, 1308, 1309, 1310, 1311, 1312, 1313, 1314, 1315, 1316, 1317, 1318, 1319, 1320, 1321, 1322, 1323, 1324, 1325, 1326, 1327, 1328, 1329, 1330, 1331, 1332, 1333, 1334, 1335, 1336, 1337, 1338, 1339, 1340, 1341, 1342, 1343, 1344, 1345, 1346, 1347, 1348, 1349, 1350, 1351, 1352, 1353, 1354, 1355, 1356, 1357, 1358, 1359, 1360, 1361, 1362, 1363, 1364, 1365, 1366, 1367, 1368, 1369, 1370, 1371, 1372, 1373, 1374, 1375, 1376, 1377, 1378, 1379, 1380, 1381, 1382, 1383, 1384, 1385, 1386, 1387, 1388, 1389, 1390, 1391, 1392, 1393, 1394, 1395, 1396, 1397, 1398, 1399, 1400, 1401, 1402, 1403, 1404, 1405, 1406, 1407, 1408, 1409, 1410, 1411, 1412, 1413, 1414, 1415, 1416, 1417, 1418, 1419, 1420, 1421, 1422, 1423, 1424, 1425, 1426, 1427, 1428, 1429, 1430, 1431, 1432, 1433, 1434, 1435, 1436, 1437, 1438, 1439, 1440, 1441, 1442, 1443, 1444, 1445, 1446, 1447, 1448, 1449, 1450, 1451, 1452, 1453, 1454, 1455, 1456, 1457, 1458, 1459, 1460, 1461, 1462, 1463, 1464, 1465, 1466, 1467, 1468, 1469, 1470, 1471, 1472, 1473, 1474, 1475, 1476, 1477, 1478, 1479, 1480, 1481, 1482, 1483, 1484, 1485, 1486, 1487, 1488, 1489, 1490, 1491, 1492, 1493, 1494, 1495, 1496, 1497, 1498, 1499, 1500, 1501, 1502, 1503, 1504, 1505, 1506, 1507, 1508, 1509, 1510, 1511, 1512, 1513, 1514, 1515, 1516, 1517, 1518, 1519, 1520, 1521, 1522, 1523, 1524, 1525, 1526, 1527, 1528, 1529, 1530, 1531, 1532, 1533, 1534, 1535, 1536, 1537, 1538, 1539, 1540, 1541, 1542, 1543, 1544, 1545, 1546, 1547, 1548, 1549, 1550, 1551, 1552, 1553, 1554, 1555, 1556, 1557, 1558, 1559, 1560, 1561, 1562, 1563, 1564, 1565, 1566, 1567, 1568, 1569, 1570, 1571, 1572, 1573, 1574, 1575, 1576, 1577, 1578, 1579, 1580, 1581, 1582, 1583, 1584, 1585, 1586, 1587, 1588, 1589, 1590, 1591, 1592, 1593, 1594, 1595, 1596, 1597, 1598, 1599, 1600, 1601, 1602, 1603, 1604, 1605, 1606, 1607, 1608, 1609, 1610, 1611, 1612, 1613, 1614, 1615, 1616, 1617, 1618, 1619, 1620, 1621, 1622, 1623, 1624, 1625, 1626, 1627, 1628, 1629, 1630, 1631, 1632, 1633, 1634, 1635, 1636, 1637, 1638, 1639, 1640, 1641, 1642, 1643, 1644, 1645, 1646, 1647, 1648, 1649, 1650, 1651, 1652, 1653, 1654, 1655, 1656, 1657, 1658, 1659, 1660, 1661, 1662, 1663, 1664, 1665, 1666, 1667, 1668, 1669, 1670, 1671, 1672, 1673, 1674, 1675, 1676, 1677, 1678, 1679, 1680, 1681, 1682, 1683, 1684, 1685, 1686, 1687, 1688, 1689, 1690, 1691, 1692, 1693, 1694, 1695, 1696, 1697, 1698, 1699, 1700, 1701, 1702, 1703, 1704, 1705, 1706, 1707, 1708, 1709, 1710, 1711, 1712, 1713, 1714, 1715, 1716, 1717, 1718, 1719, 1720, 1721, 1722, 1723, 1724, 1725, 1726, 1727, 1728, 1729, 1730, 1731, 1732, 1733, 1734, 1735, 1736, 1737, 1738, 1739, 1740, 1741, 1742, 1743, 1744, 1745, 1746, 1747, 1748, 1749, 1750, 1751, 1752, 1753, 1754, 1755, 1756, 1757, 1758, 1759, 1760, 1761, 1762, 1763, 1764, 1765, 1766, 1767, 1768, 1769, 1770, 1771, 1772, 1773, 1774, 1775, 1776, 1777, 1778, 1779, 1780, 1781, 1782, 1783, 1784, 1785, 1786, 1787, 1788, 1789, 1790, 1791, 1792, 1793, 1794, 1795, 1796, 1797, 1798, 1799, 1800, 1801, 1802, 1803, 1804, 1805, 1806, 1807, 1808, 1809, 1810, 1811, 1812, 1813, 1814, 1815, 1816, 1817, 1818, 1819, 1820, 1821, 1822, 1823, 1824, 1825, 1826, 1827, 1828, 1829, 1830, 1831, 1832, 1833, 1834, 1835, 1836, 1837, 1838, 1839, 1840, 1841, 1842, 1843, 1844, 1845, 1846, 1847, 1848, 1849, 1850, 1851, 1852, 1853, 1854, 1855, 1856, 1857, 1858, 1859, 1860, 1861, 1862, 1863, 1864, 1865, 1866, 1867, 1868, 1869, 1870, 1871, 1872, 1873, 1874, 1875, 1876, 1877, 1878, 1879, 1880, 1881, 1882, 1883, 1884, 1885, 1886, 1887, 1888, 1889, 1890, 1891, 1892, 1893, 1894, 1895, 1896, 1897, 1898, 1899, 1900, 1901, 1902, 1903, 1904, 1905, 1906, 1907, 1908, 1909, 1910, 1911, 1912, 1913, 1914, 1915, 1916, 1917, 1918, 1919, 1920, 1921, 1922, 1923, 1924, 1925, 1926, 1927, 1928, 1929, 1930, 1931, 1932, 1933, 1934, 1935, 1936, 1937, 1938, 1939, 1940, 1941, 1942, 1943, 1944, 1945, 1946, 1947, 1948, 1949, 1950, 1951, 1952, 1953, 1954, 1955, 1956, 1957, 1958, 1959, 1960, 1961, 1962, 1963, 1964, 1965, 1966, 1967, 1968, 1969, 1970, 1971, 1972, 1973, 1974, 1975, 1976, 1977, 1978, 1979, 1980, 1981, 1982, 1983, 1984, 1985, 1986, 1987, 1988, 1989, 1990, 1991, 1992, 1993, 1994, 1995, 1996, 1997, 1998, 1999, 2000, 2001, 2002, 2003, 2004, 2005, 2006, 2007, 2008, 2009, 2010, 2011, 2012, 2013, 2014, 2015, 2016, 2017, 2018, 2019, 2020, 2021, 2022, 2023, 2024, 2025, 2026, 2027, 2028, 2029, 2030, 2031, 2032, 2033, 2034, 2035, 2036, 2037, 2038, 2039, 2040, 2041, 2042, 2043, 2044, 2045, 2046, 2047, 2048, 2049, 2050, 2051, 2052, 2053, 2054, 2055, 2056, 2057, 2058, 2059, 2060, 2061, 2062, 2063, 2064, 2065, 2066, 2067, 2068, 2069, 2070, 2071, 2072, 2073, 2074, 2075, 2076, 2077, 2078, 2079, 2080, 2081, 2082, 2083, 2084, 2085, 2086, 2087, 2088, 2089, 2090, 2091, 2092, 2093, 2094, 2095, 2096, 2097, 2098, 2099, 2100, 2101, 2102, 2103, 2104, 2105, 2106, 2107, 2108, 2109, 2110, 2111, 2112, 2113, 2114, 2115, 2116, 2117, 2118, 2119, 2120, 2121, 2122, 2123, 2124, 2125, 2126, 2127, 2128, 2129, 2130, 2131, 2132, 2133, 2134, 2135, 2136, 2137, 2138, 2139, 2140, 2141, 2142, 2143, 2144, 2145, 2146, 2147, 2148, 2149, 2150, 2151, 2152, 2153, 2154, 2155, 2156, 2157, 2158, 2159, 2160, 2161, 2162, 2163, 2164, 2165, 2166, 2167, 2168, 2169, 2170, 2171, 2172, 2173, 2174, 2175, 2176, 2177, 2178, 2179, 2180, 2181, 2182, 2183, 2184, 2185, 2186, 2187, 2188, 2189, 2190, 2191, 2192, 2193, 2194, 2195, 2196, 2197, 2198, 2199, 2200, 2201, 2202, 2203, 2204, 2205, 2206, 2207, 2208, 2209, 2210, 2211, 2212, 2213, 2214, 2215, 2216, 2217, 2218, 2219, 2220, 2221, 2222, 2223, 2224, 2225, 2226, 2227, 2228, 2229, 2230, 2231, 2232, 2233, 2234, 2235, 2236, 2237, 2238, 2239, 2240, 2241, 2242, 2243, 2244, 2245, 2246, 2247, 2248, 2249, 2250, 2251, 2252, 2253, 2254, 2255, 2256, 2257, 2258, 2259, 2260, 2261, 2262, 2263, 2264, 2265, 2266, 2267, 2268, 2269, 2270, 2271, 2272, 2273, 2274, 2275, 2276, 2277, 2278, 2279, 2280, 2281, 2282, 2283, 2284, 2285, 2286, 2287, 2288, 2289, 2290, 2291, 2292, 2293, 2294, 2295, 2296, 2297, 2298, 2299, 2300, 2301, 2302, 2303, 2304, 2305, 2306, 2307, 2308, 2309, 2310, 2311, 2312, 2313, 2314, 2315, 2316, 2317, 2318, 2319, 2320, 2321, 2322, 2323, 2324, 2325, 2326, 2327, 2328, 2329, 2330, 2331, 2332, 2333, 2334, 2335, 2336, 2337, 2338, 2339, 2340, 2341, 2342, 2343, 2344, 2345, 2346, 2347, 2348, 2349, 2350, 2351, 2352, 2353, 2354, 2355, 2356, 2357, 2358, 2359, 2360, 2361, 2362, 2363, 2364, 2365, 2366, 2367, 2368, 2369, 2370, 2371, 2372, 2373, 2374, 2375, 2376, 2377, 2378, 2379, 2380, 2381, 2382, 2383, 2384, 2385, 2386, 2387, 2388, 2389, 2390, 2391, 2392, 2393, 2394, 2395, 2396, 2397, 2398, 2399, 2400, 2401, 2402, 2403, 2404, 2405, 2406, 2407, 2408, 2409, 2410, 2411, 2412, 2413, 2414, 2415, 2416, 2417, 2418, 2419, 2420, 2421, 2422, 2423, 2424, 2425, 2426, 2427, 2428, 2429, 2430, 2431, 2432, 2433, 2434, 2435, 2436, 2437, 2438, 2439, 2440, 2441, 2442, 2443, 2444, 2445, 2446, 2447, 2448, 2449, 2450, 2451, 2452, 2453, 2454, 2455, 2456, 2457, 2458, 2459, 2460, 2461, 2462, 2463, 2464, 2465, 2466, 2467, 2468, 2469, 2470, 2471, 2472, 2473, 2474, 2475, 2476, 2477, 2478, 2479, 2480, 2481, 2482, 2483, 2484, 2485, 2486, 2487, 2488, 2489, 2490, 2491, 2492, 2493, 2494, 2495, 2496, 2497, 2498, 2499, 2500, 2501, 2502, 2503, 2504, 2505, 2506, 2507, 2508, 2509, 2510, 2511, 2512, 2513, 2514, 2515, 2516, 2517, 2518, 2519, 2520, 2521, 2522, 2523, 2524, 2525, 2526, 2527, 2528, 2529, 2530, 2531, 2532, 2533, 2534, 2535, 2536, 2537, 2538, 2539, 2540, 2541, 2542, 2543, 2544, 2545, 2546, 2547, 2548, 2549, 2550, 2551, 2552, 2553, 2554, 2555, 2556, 2557, 2558, 2559, 2560, 2561, 2562, 2563, 2564, 2565, 2566, 2567, 2568, 2569, 2570, 2571, 2572, 2573, 2574, 2575, 2576, 2577, 2578, 2579, 2580, 2581, 2582, 2583, 2584, 2585, 2586, 2587, 2588, 2589, 2590, 2591, 2592, 2593, 2594, 2595, 2596, 2597, 2598, 2599, 2600, 2601, 2602, 2603, 2604, 2605, 2606, 2607, 2608, 2609, 2610, 2611, 2612, 2613, 2614, 2615, 2616, 2617, 2618, 2619, 2620, 2621, 2622, 2623, 2624, 2625, 2626, 2627, 2628, 2629, 2630, 2631, 2632, 2633, 2634, 2635, 2636, 2637, 2638, 2639, 2640, 2641, 2642, 2643, 2644, 2645, 2646, 2647, 2648, 2649, 2650, 2651, 2652, 2653, 2654, 2655, 2656, 2657, 2658, 2659, 2660, 2661, 2662, 2663, 2664, 2665, 2666, 2667, 2668, 2669, 2670, 2671, 2672, 2673, 2674, 2675, 2676, 2677, 2678, 2679, 2680, 2681, 2682, 2683, 2684, 2685, 2686, 2687, 2688, 2689, 2690, 2691, 2692, 2693, 2694, 2695, 2696, 2697, 2698, 2699, 2700, 2701, 2702, 2703, 2704, 2705, 2706, 2707, 2708, 2709, 2710, 2711, 2712, 2713, 2714, 2715, 2716, 2717, 2718, 2719, 2720, 2721, 2722, 2723, 2724, 2725, 2726, 2727, 2728, 2729, 2730, 2731, 2732, 2733, 2734, 2735, 2736, 2737, 2738, 2739, 2740, 2741, 2742, 2743, 2744, 2745, 2746, 2747, 2748, 2749, 2750, 2751, 2752, 2753, 2754, 2755, 2756, 2757, 2758, 2759, 2760, 2761, 2762, 2763, 2764, 2765, 2766, 2767, 2768, 2769, 2770, 2771, 2772, 2773, 2774, 2775, 2776, 2777, 2778, 2779, 2780, 2781, 2782, 2783, 2784, 2785, 2786, 2787, 2788, 2789, 2790, 2791, 2792, 2793, 2794, 2795, 2796, 2797, 2798, 2799, 2800, 2801, 2802, 2803, 2804, 2805, 2806, 2807, 2808, 2809, 2810, 2811, 2812, 2813, 2814, 2815, 2816, 2817, 2818, 2819, 2820, 2821, 2822, 2823, 2824, 2825, 2826, 2827, 2828, 2829, 2830, 2831, 2832, 2833, 2834, 2835, 2836, 2837, 2838, 2839, 2840, 2841, 2842, 2843, 2844, 2845, 2846, 2847, 2848, 2849, 2850, 2851, 2852, 2853, 2854, 2855, 2856, 2857, 2858, 2859, 2860, 2861, 2862, 2863, 2864, 2865, 2866, 2867, 2868, 2869, 2870, 2871, 2872, 2873, 2874, 2875, 2876, 2877, 2878, 2879, 2880, 2881, 2882, 2883, 2884, 2885, 2886, 2887, 2888, 2889, 2890, 2891, 2892, 2893, 2894, 2895, 2896, 2897, 2898, 2899, 2900, 2901, 2902, 2903, 2904, 2905, 2906, 2907, 2908, 2909, 2910, 2911, 2912, 2913, 2914, 2915, 2916, 2917, 2918, 2919, 2920, 2921, 2922, 2923, 2924, 2925, 2926, 2927, 2928, 2929, 2930, 2931, 2932, 2933, 2934, 2935, 2936, 2937, 2938, 2939, 2940, 2941, 2942, 2943, 2944, 2945, 2946, 2947, 2948, 2949, 2950, 2951, 2952, 2953, 2954, 2955, 2956, 2957, 2958, 2959, 2960, 2961, 2962, 2963, 2964, 2965, 2966, 2967, 2968, 2969, 2970, 2971, 2972, 2973, 2974, 2975, 2976, 2977, 2978, 2979, 2980, 2981, 2982, 2983, 2984, 2985, 2986, 2987, 2988, 2989, 2990, 2991, 2992, 2993, 2994, 2995, 2996, 2997, 2998, 2999, 3000, 3001, 3002, 3003, 3004, 3005, 3006, 3007, 3008, 3009, 3010, 3011, 3012, 3013, 3014, 3015, 3016, 3017, 3018, 3019, 3020, 3021, 3022, 3023, 3024, 3025, 3026, 3027, 3028, 3029, 3030, 3031, 3032, 3033, 3034, 3035, 3036, 3037, 3038, 3039, 3040, 3041, 3042, 3043, 3044, 3045, 3046, 3047, 3048, 3049, 3050, 3051, 3052, 3053, 3054, 3055, 3056, 3057, 3058, 3059, 3060, 3061, 3062, 3063, 3064, 3065, 3066, 3067, 3068, 3069, 3070, 3071, 3072, 3073, 3074, 3075, 3076, 3077, 3078, 3079, 3080, 3081, 3082, 3083, 3084, 3085, 3086, 3087, 3088, 3089, 3090, 3091, 3092, 3093, 3094, 3095, 3096, 3097, 3098, 3099, 3100, 3101, 3102, 3103, 3104, 3105, 3106, 3107, 3108, 3109, 3110, 3111, 3112, 3113, 3114, 3115, 3116, 3117, 3118, 3119, 3120, 3121, 3122, 3123, 3124, 3125, 3126, 3127, 3128, 3129, 3130, 3131, 3132, 3133, 3134, 3135, 3136, 3137, 3138, 3139, 3140, 3141, 3142, 3143, 3144, 3145, 3146, 3147, 3148, 3149, 3150, 3151, 3152, 3153, 3154, 3155, 3156, 3157, 3158, 3159, 3160, 3161, 3162, 3163, 3164, 3165, 3166, 3167, 3168, 3169, 3170, 3171, 3172, 3173, 3174, 3175, 3176, 3177, 3178, 3179, 3180, 3181, 3182, 3183, 3184, 3185, 3186, 3187, 3188, 3189, 3190, 3191, 3192, 3193, 3194, 3195, 3196, 3197, 3198, 3199, 3200, 3201, 3202, 3203, 3204, 3205, 3206, 3207, 3208, 3209, 3210, 3211, 3212, 3213, 3214, 3215, 3216, 3217, 3218, 3219, 3220, 3221, 3222, 3223, 3224, 3225, 3226, 3227, 3228, 3229, 3230, 3231, 3232, 3233, 3234, 3235, 3236, 3237, 3238, 3239, 3240, 3241, 3242, 3243, 3244, 3245, 3246, 3247, 3248, 3249, 3250, 3251, 3252, 3253, 3254, 3255, 3256, 3257, 3258, 3259, 3260, 3261, 3262, 3263, 3264, 3265, 3266, 3267, 3268, 3269, 3270, 3271, 3272, 3273, 3274, 3275, 3276, 3277, 3278, 3279, 3280, 3281, 3282, 3283, 3284, 3285, 3286, 3287, 3288, 3289, 3290, 3291, 3292, 3293, 3294, 3295, 3296, 3297, 3298, 3299, 3300, 3301, 3302, 3303, 3304, 3305, 3306, 3307, 3308, 3309, 3310, 3311, 3312, 3313, 3314, 3315, 3316, 3317, 3318, 3319, 3320, 3321, 3322, 3323, 3324, 3325, 3326, 3327, 3328, 3329, 3330, 3331, 3332, 3333, 3334, 3335, 3336, 3337, 3338, 3339, 3340, 3341, 3342, 3343, 3344, 3345, 3346, 3347, 3348, 3349, 3350, 3351, 3352, 3353, 3354, 3355, 3356, 3357, 3358, 3359, 3360, 3361, 3362, 3363, 3364, 3365, 3366, 3367, 3368, 3369, 3370, 3371, 3372, 3373, 3374, 3375, 3376, 3377, 3378, 3379, 3380, 3381, 3382, 3383, 3384, 3385, 3386, 3387, 3388, 3389, 3390, 3391, 3392, 3393, 3394, 3395, 3396, 3397, 3398, 3399, 3400, 3401, 3402, 3403, 3404, 3405, 3406, 3407, 3408, 3409, 3410, 3411, 3412, 3413, 3414, 3415, 3416, 3417, 3418, 3419, 3420, 3421, 3422, 3423, 3424, 3425, 3426, 3427, 3428, 3429, 3430, 3431, 3432, 3433, 3434, 3435, 3436, 3437, 3438, 3439, 3440, 3441, 3442, 3443, 3444, 3445, 3446, 3447, 3448, 3449, 3450, 3451, 3452, 3453, 3454, 3455, 3456, 3457, 3458, 3459, 3460, 3461, 3462, 3463, 3464, 3465, 3466, 3467, 3468, 3469, 3470, 3471, 3472, 3473, 3474, 3475, 3476, 3477, 3478, 3479, 3480, 3481, 3482, 3483, 3484, 3485, 3486, 3487, 3488, 3489, 3490, 3491, 3492, 3493, 3494, 3495, 3496, 3497, 3498, 3499, 3500, 3501, 3502, 3503, 3504, 3505, 3506, 3507, 3508, 3509, 3510, 3511, 3512, 3513, 3514, 3515, 3516, 3517, 3518, 3519, 3520, 3521, 3522, 3523, 3524, 3525, 3526, 3527, 3528, 3529, 3530, 3531, 3532, 3533, 3534, 3535, 3536, 3537, 3538, 3539, 3540, 3541, 3542, 3543, 3544, 3545, 3546, 3547, 3548, 3549, 3550, 3551, 3552, 3553, 3554, 3555, 3556, 3557, 3558, 3559, 3560, 3561, 3562, 3563, 3564, 3565, 3566, 3567, 3568, 3569, 3570, 3571, 3572, 3573, 3574, 3575, 3576, 3577, 3578, 3579, 3580, 3581, 3582, 3583, 3584, 3585, 3586, 3587, 3588, 3589, 3590, 3591, 3592, 3593, 3594, 3595, 3596, 3597, 3598, 3599, 3600, 3601, 3602, 3603, 3604, 3605, 3606, 3607, 3608, 3609, 3610, 3611, 3612, 3613, 3614, 3615, 3616, 3617, 3618, 3619, 3620, 3621, 3622, 3623, 3624, 3625, 3626, 3627, 3628, 3629, 3630, 3631, 3632, 3633, 3634, 3635, 3636, 3637, 3638, 3639, 3640, 3641, 3642, 3643, 3644, 3645, 3646, 3647, 3648, 3649, 3650, 3651, 3652, 3653, 3654, 3655, 3656, 3657, 3658, 3659, 3660, 3661, 3662, 3663, 3664, 3665, 3666, 3667, 3668, 3669, 3670, 3671, 3672, 3673, 3674, 3675, 3676, 3677, 3678, 3679, 3680, 3681, 3682, 3683, 3684, 3685, 3686, 3687, 3688, 3689, 3690, 3691, 3692, 3693, 3694, 3695, 3696, 3697, 3698, 3699, 3700, 3701, 3702, 3703, 3704, 3705, 3706, 3707, 3708, 3709, 3710, 3711, 3712, 3713, 3714, 3715, 3716, 3717, 3718, 3719, 3720, 3721, 3722, 3723, 3724, 3725, 3726, 3727, 3728, 3729, 3730, 3731, 3732, 3733, 3734, 3735, 3736, 3737, 3738, 3739, 3740, 3741, 3742, 3743, 3744, 3745, 3746, 3747, 3748, 3749, 3750, 3751, 3752, 3753, 3754, 3755, 3756, 3757, 3758, 3759, 3760, 3761, 3762, 3763, 3764, 3765, 3766, 3767, 3768, 3769, 3770, 3771, 3772, 3773, 3774, 3775, 3776, 3777, 3778, 3779, 3780, 3781, 3782, 3783, 3784, 3785, 3786, 3787, 3788, 3789, 3790, 3791, 3792, 3793, 3794, 3795, 3796, 3797, 3798, 3799, 3800, 3801, 3802, 3803, 3804, 3805, 3806, 3807, 3808, 3809, 3810, 3811, 3812, 3813, 3814, 3815, 3816, 3817, 3818, 3819, 3820, 3821, 3822, 3823, 3824, 3825, 3826, 3827, 3828, 3829, 3830, 3831, 3832, 3833, 3834, 3835, 3836, 3837, 3838, 3839, 3840, 3841, 3842, 3843, 3844, 3845, 3846, 3847, 3848, 3849, 3850, 3851, 3852, 3853, 3854, 3855, 3856, 3857, 3858, 3859, 3860, 3861, 3862, 3863, 3864, 3865, 3866, 3867, 3868, 3869, 3870, 3871, 3872, 3873, 3874, 3875, 3876, 3877, 3878, 3879, 3880, 3881, 3882, 3883, 3884, 3885, 3886, 3887, 3888, 3889, 3890, 3891, 3892, 3893, 3894, 3895, 3896, 3897, 3898, 3899, 3900, 3901, 3902, 3903, 3904, 3905, 3906, 3907, 3908, 3909, 3910, 3911, 3912, 3913, 3914, 3915, 3916, 3917, 3918, 3919, 3920, 3921, 3922, 3923, 3924, 3925, 3926, 3927, 3928, 3929, 3930, 3931, 3932, 3933, 3934, 3935, 3936, 3937, 3938, 3939, 3940, 3941, 3942, 3943, 3944, 3945, 3946, 3947, 3948, 3949, 3950, 3951, 3952, 3953, 3954, 3955, 3956, 3957, 3958, 3959, 3960, 3961, 3962, 3963, 3964, 3965, 3966, 3967, 3968, 3969, 3970, 3971, 3972, 3973, 3974, 3975, 3976, 3977, 3978, 3979, 3980, 3981, 3982, 3983, 3984, 3985, 3986, 3987, 3988, 3989, 3990, 3991, 3992, 3993, 3994, 3995, 3996, 3997, 3998, 3999, 4000, 4001, 4002, 4003, 4004, 4005, 4006, 4007, 4008, 4009, 4010, 4011, 4012, 4013, 4014, 4015, 4016, 4017, 4018, 4019, 4020, 4021, 4022, 4023, 4024, 4025, 4026, 4027, 4028, 4029, 4030, 4031, 4032, 4033, 4034, 4035, 4036, 4037, 4038, 4039, 4040, 4041, 4042, 4043, 4044, 4045, 4046, 4047, 4048, 4049, 4050, 4051, 4052, 4053, 4054, 4055, 4056, 4057, 4058, 4059, 4060, 4061, 4062, 4063, 4064, 4065, 4066, 4067, 4068, 4069, 4070, 4071, 4072, 4073, 4074, 4075, 4076, 4077, 4078, 4079, 4080, 4081, 4082, 4083, 4084, 4085, 4086, 4087, 4088, 4089, 4090, 4091, 4092, 4093, 4094, 4095, 4096, 4097, 4098, 4099, 4100, 4101, 4102, 4103, 4104, 4105, 4106, 4107, 4108, 4109, 4110, 4111, 4112, 4113, 4114, 4115, 4116, 4117, 4118, 4119, 4120, 4121, 4122, 4123, 4124, 4125, 4126, 4127, 4128, 4129, 4130, 4131, 4132, 4133, 4134, 4135, 4136, 4137, 4138, 4139, 4140, 4141, 4142, 4143, 4144, 4145, 4146, 4147, 4148, 4149, 4150, 4151, 4152, 4153, 4154, 4155, 4156, 4157, 4158, 4159, 4160, 4161, 4162, 4163, 4164, 4165, 4166, 4167, 4168, 4169, 4170, 4171, 4172, 4173, 4174, 4175, 4176, 4177, 4178, 4179, 4180, 4181, 4182, 4183, 4184, 4185, 4186, 4187, 4188, 4189, 4190, 4191, 4192, 4193, 4194, 4195, 4196, 4197, 4198, 4199, 4200, 4201, 4202, 4203, 4204, 4205, 4206, 4207, 4208, 4209, 4210, 4211, 4212, 4213, 4214, 4215, 4216, 4217, 4218, 4219, 4220, 4221, 4222, 4223, 4224, 4225, 4226, 4227, 4228, 4229, 4230, 4231, 4232, 4233, 4234, 4235, 4236, 4237, 4238, 4239, 4240, 4241, 4242, 4243, 4244, 4245, 4246, 4247, 4248, 4249, 4250, 4251, 4252, 4253, 4254, 4255, 4256, 4257, 4258, 4259, 4260, 4261, 4262, 4263, 4264, 4265, 4266, 4267, 4268, 4269, 4270, 4271, 4272, 4273, 4274, 4275, 4276, 4277, 4278, 4279, 4280, 4281, 4282, 4283, 4284, 4285, 4286, 4287, 4288, 4289, 4290, 4291, 4292, 4293, 4294, 4295, 4296, 4297, 4298, 4299, 4300, 4301, 4302, 4303, 4304, 4305, 4306, 4307, 4308, 4309, 4310, 4311, 4312, 4313, 4314, 4315, 4316, 4317, 4318, 4319, 4320, 4321, 4322, 4323, 4324, 4325, 4326, 4327, 4328, 4329, 4330, 4331, 4332, 4333, 4334, 4335, 4336, 4337, 4338, 4339, 4340, 4341, 4342, 4343, 4344, 4345, 4346, 4347, 4348, 4349, 4350, 4351, 4352, 4353, 4354, 4355, 4356, 4357, 4358, 4359, 4360, 4361, 4362, 4363, 4364, 4365, 4366, 4367, 4368, 4369, 4370, 4371, 4372, 4373, 4374, 4375, 4376, 4377, 4378, 4379, 4380, 4381, 4382, 4383, 4384, 4385, 4386, 4387, 4388, 4389, 4390, 4391, 4392, 4393, 4394, 4395, 4396, 4397, 4398, 4399, 4400, 4401, 4402, 4403, 4404, 4405, 4406, 4407, 4408, 4409, 4410, 4411, 4412, 4413, 4414, 4415, 4416, 4417, 4418, 4419, 4420, 4421, 4422, 4423, 4424, 4425, 4426, 4427, 4428, 4429, 4430, 4431, 4432, 4433, 4434, 4435, 4436, 4437, 4438, 4439, 4440, 4441, 4442, 4443, 4444, 4445, 4446, 4447, 4448, 4449, 4450, 4451, 4452, 4453, 4454, 4455, 4456, 4457, 4458, 4459, 4460, 4461, 4462, 4463, 4464, 4465, 4466, 4467, 4468, 4469, 4470, 4471, 4472, 4473, 4474, 4475, 4476, 4477, 4478, 4479, 4480, 4481, 4482, 4483, 4484, 4485, 4486, 4487, 4488, 4489, 4490, 4491, 4492, 4493, 4494, 4495, 4496, 4497, 4498, 4499, 4500, 11481, 11482, 11483, 11489, 11490, 11491, 11492, 11493, 11505, 11507, 11508, 11520, 11521, 11522, 11523, 11524, 11525, 11526, 11527, 11528, 11529, 11530, 11531, 11540, 11566, 11567, 11568, 11571, 11572, 11573, 11590, 11591, 11592, 11593, 11594, 11595, 11596, 11597, 11598, 11599, 11600, 11601, 11602, 11603, 11604, 11605, 12342, 12343, 12344, 12345, 12346, 12347, 12348, 12349, 12350, 12351, 12352, 12353, 12354, 12355, 12356, 12357, 12358, 12359, 12360, 12361, 12362, 12363, 12364, 12365, 12366, 12367, 12368, 12369, 12370, 12371, 12372, 12373, 12374, 12375, 12376, 12377, 12378, 12379, 12380, 12381, 12382, 12383, 12384, 12385, 12386, 12387, 12388, 12389, 12390, 12391, 12392, 12393, 12394, 12395, 12396, 12397, 12398, 12399, 12400, 12401, 12402, 12403, 12404, 12405, 12406, 12407, 12408, 12409, 12410, 12411, 12412, 12413, 12414, 12415, 12416, 12417, 12418, 12419, 12420, 12421, 12422, 12423, 12424, 12425, 12426, 12427, 12428, 12429, 12430, 12431, 12432, 12433, 12434, 12435, 12436, 12437, 12438, 12439, 12440, 12441, 12442, 12443, 12444, 12445, 12446, 12447, 12448, 12449, 12450, 12451, 12452, 12453, 12454, 12455, 12456, 12457, 12458, 12459, 12460, 12461, 12462, 12463, 12464, 12465, 12466, 12467, 12468, 12469, 12470, 12471, 12472, 12473, 12474, 12475, 12476, 12477, 12478, 12479, 12480, 12481, 12482, 12483, 12484, 12485, 12486, 12487, 12488, 12489, 12490, 12491, 12492, 12493, 12494, 12495, 12496, 12497, 12498, 12499, 12500, 12501, 12539, 12540, 12543, 12544, 12545, 12636, 12637, 12638, 12639, 12640, 12641, 12642, 12643, 12644, 12645, 12646, 12647, 12648, 12649, 12650, 12651, 12652, 12653, 12654, 12655, 12656, 12657, 12658, 12659, 12660, 12661, 12662, 12663, 12664, 12665, 12666, 12667, 12668, 12669, 12670, 12671, 12672, 12673, 12674, 12675, 12676, 12677, 12678, 12679, 12680, 12681, 12682, 12683, 12684, 12685, 12686, 12687, 12688, 12689, 12690, 12691, 12692, 12693, 12694, 12695, 12696, 12697, 12698, 12699, 12700, 12701, 12702, 12703, 12704, 12705, 12706, 12707, 12708, 12709, 12710, 12711, 12712, 12713, 12714, 12715, 12716, 12717, 12718, 12719, 12720, 12721, 12722, 12723, 12724, 12725, 12726, 12727, 12728, 12729, 12730, 12731, 12732, 12733, 12734, 12735, 12736, 12737, 12738, 12739, 12740, 12741, 12742, 12743, 12744, 12745, 12746, 12747, 12748, 12749, 12750, 12751, 12752, 12753, 12754, 12755, 12756, 12757, 12758, 12759, 12760, 12761, 12762, 12763, 12764, 12765, 12766, 12767, 12768, 12769, 12770, 12771, 12772, 12773, 12774, 12775, 12776, 12777, 12778, 12779, 12780, 12781, 12782, 12783, 12784, 12785, 12786, 12787, 12788, 12789, 12790, 12791, 12792, 12793, 12794, 12795, 12796, 12797, 12798, 12799, 12800, 12801, 12802, 12803, 12804, 12805, 12806, 12807, 12808, 12809, 12810, 12811, 12812, 12813, 12814, 12815, 12816, 12817, 12818, 12819, 12820, 12821, 12822, 12823, 12824, 12825, 12826, 12827, 12828, 12829, 12830, 12831, 12832, 12833, 12834, 12835, 12836, 12837, 12838, 12839, 12840, 12841, 12842, 12843, 12844, 12845, 12846, 12847, 12848, 12849, 12850, 12851, 12852, 12853, 12854, 12855, 12856, 12857, 12858, 12859, 12860, 12861, 12862, 12863, 12864, 12865, 12866, 12867, 12868, 12869, 12870, 12871, 12872, 12873, 12874, 12875, 12876, 12877, 12878, 12879, 12880, 12881, 12882, 12883, 12884, 12885, 12886, 12887, 12888, 12889, 12890, 12891, 12892, 12893, 12894, 12895, 12896, 12897, 12898, 12899, 12900, 12901, 12902, 12903, 12904, 12905, 12906, 12907, 12908, 12909, 12910, 12911, 12912, 12913, 12914, 12915, 12916, 12917, 12918, 12919, 12920, 12921, 12922, 12923, 12924, 12925, 12926, 12927, 12928, 12929, 12930, 12931, 12932, 12933, 12934, 12935, 12936, 12937, 12938, 12939, 12940, 12941, 12942, 12943, 12944, 12945, 12946, 12947, 12948, 12949, 12950, 12951, 12952, 12953, 12954, 12955, 12956, 12957, 12958, 12959, 12960, 12961, 12962, 12963, 12964, 12965, 12966, 12967, 12968, 12969, 12970, 12971, 12972, 12973, 12974, 12975, 12976, 12977, 12978, 12979, 12980, 12981, 12982, 12983, 12984, 12985, 12986, 12987, 12988, 12989, 12990, 12991, 12992, 12993, 12994, 12995, 12996, 12997, 12998, 12999, 13000, 13001, 13002, 13003, 13004, 13005, 13006, 13007, 13008, 13009, 13010, 13011, 13012, 13013, 13014, 13015, 13016, 13017, 13018, 13019, 13020, 13021, 13022, 13023, 13024, 13025, 13026, 13027, 13028, 13029, 13030, 13031, 13032, 13033, 13034, 13035, 13036, 13037, 13038, 13039, 13040, 13041, 13042, 13043, 13044, 13045, 13046, 13047, 13048, 13049, 13050, 13051, 13052, 13053, 13054, 13055, 13056, 13057, 13058, 13059, 13060, 13061, 13062, 13063, 13064, 13065, 13066, 13067, 13068, 13069, 13070, 13071, 13072, 13073, 13074, 13075, 13076, 13077, 13078, 13079, 13080, 13081, 13082, 13083, 13084, 13085, 13086, 13087, 13088, 13089, 13090, 13091, 13092, 13093, 13094, 13095, 13096, 13097, 13098, 13099, 13100, 13101, 13102, 13103, 13104, 13105, 13106, 13107, 13108, 13109, 13110, 13111, 13112, 13113, 13114, 13115, 13116, 13117, 13118, 13119, 13120, 13121, 13122, 13123, 13124, 13125, 13126, 13127, 13128, 13129, 13130, 13131, 13132, 13133, 13134, 13135, 13136, 13137, 13138, 13139, 13140, 13141, 13142, 13143, 13144, 13145, 13146, 13147, 13148, 13149, 13150, 13151, 13152, 13153, 13154, 13155, 13156, 13157, 13158, 13159, 13160, 13161, 13162, 13163, 13164, 13165, 13166, 13167, 13168, 13169, 13170, 13171, 13172, 13173, 13174, 13175, 13176, 13177, 13178, 13179, 13180, 13181, 13182, 13183, 13184, 13185, 13186, 13187, 13188, 13189, 13190, 13191, 13192, 13193, 13194, 13195, 13196, 13197, 13198, 13199, 13200, 13201, 13202, 13203, 13204, 13205, 13206, 13207, 13208, 13209, 13210, 13211, 13212, 13213, 13214, 13215, 13216, 13217, 13218, 13219, 13220, 13221, 13222, 13223, 13224, 13225, 13226, 13227, 13228, 13229, 13230, 13231, 13232, 13233, 13234, 13235, 13236, 13237, 13238, 13239, 13240, 13241, 13242, 13243, 13244, 13245, 13246, 13247, 13248, 13249, 13250, 13251, 13252, 13253, 13254, 13255, 13256, 13257, 13258, 13259, 13260, 13261, 13262, 13263, 13264, 13265, 13266, 13267, 13268, 13269, 13270, 13271, 13272, 13273, 13274, 13275, 13276, 13277, 13278, 13279, 13280, 13281, 13282, 13283, 13284, 13285, 13286, 13287, 13288, 13289, 13290, 13291, 13292, 13293, 13294, 13295, 13296, 13297, 13298, 13299, 13300, 13301, 13302, 13303, 13304, 13305, 13306, 13307, 13308, 13309, 13310, 13311, 13312, 13313, 13314, 13315, 13316, 13317, 13318, 13319, 13320, 13321, 13322, 13323, 13324, 13325, 13326, 13327, 13328, 13329, 13330, 13331, 13332, 13333, 13334, 13335, 13336, 13337, 13338, 13339, 13340, 13341, 13342, 13343, 13344, 13345, 13346, 13347, 13348, 13349, 13350, 13351, 13352, 13353, 13354, 13355, 13356, 13357, 13358, 13359, 13360, 13361, 13362, 13363, 13364, 13365, 13366, 13367, 13368, 13369, 13370, 13371, 13372, 13373, 13374, 13375, 13376, 13377, 13378, 13379, 13380, 13381, 13382, 13383, 13384, 13385, 13386, 13387, 13388, 13389, 13390, 13391, 13392, 13393, 13394, 13395, 13396, 13397, 13398, 13399, 13400, 13401, 13402, 13403, 13404, 13405, 13406, 13407, 13408, 13409, 13410, 13411, 13412, 13413, 13414, 13415, 13416, 13417, 13418, 13419, 13420, 13421, 13422, 13423, 13424, 13425, 13426, 13427, 13428, 13429, 13430, 13431, 13432, 13433, 13434, 13435, 13436, 13437, 13438, 13439, 13440, 13441, 13442, 13443, 13444, 13445, 13446, 13447, 13448, 13449, 13450, 13451, 13452, 13453, 13454, 13455, 13456, 13457, 13458, 13459, 13460, 13461, 13462, 13463, 13464, 13465, 13466, 13467, 13468, 13469, 13470, 13471, 13472, 13473, 13474, 13475, 13476, 13477, 13478, 13479, 13480, 13481, 13482, 13483, 13484, 13485, 13486, 13487, 13488, 13489, 13490, 13491, 13492, 13493, 13494, 13495, 13496, 13497, 13498, 13499, 13500, 13501, 13502, 13503, 13504, 13505, 13506, 13507, 13508, 13509, 13510, 13511, 13512, 13513, 13514, 13515, 13516, 13517, 13518, 13519, 13520, 13521, 13522, 13523, 13524, 13525, 13526, 13527, 13528, 13529, 13530, 13531, 13532, 13533, 13534, 13535, 13536, 13537, 13538, 13539, 13540, 13541, 13542, 13543, 13544, 13545, 13546, 13547, 13548, 13549, 13550, 13551, 13552, 13553, 13554, 13555, 13556, 13557, 13558, 13559, 13560, 13561, 13562, 13563, 13564, 13565, 13566, 13567, 13568, 13569, 13570, 13571, 13572, 13573, 13574, 13575, 13576, 13577, 13578, 13579, 13580, 13581, 13582, 13583, 13584, 13585, 13586, 13587, 13588, 13589, 13590, 13591, 13592, 13593, 13594, 13595, 13596, 13597, 13598, 13599, 13600, 13601, 13602, 13603, 13604, 13605, 13606, 13607, 13608, 13609, 13610, 13611, 13612, 13613, 13614, 13615, 13616, 13617, 13618, 13619, 13620, 13621, 13622, 13623, 13624, 13625, 13626, 13627, 13628, 13629, 13630, 13631, 13632, 13633, 13634, 13635, 13636, 13637, 13638, 13639, 13640, 13641, 13642, 13643, 13644, 13645, 13646, 13647, 13648, 13649, 13650, 13651, 13652, 13653, 13654, 13655, 13656, 13657, 13658, 13659, 13660, 13661, 13662, 13663, 13664, 13665, 13666, 13667, 13668, 13669, 13670, 13671, 13672, 13673, 13674, 13675, 13676, 13677, 13678, 13679, 13680, 13681, 13682, 13683, 13684, 13685, 13686, 13687, 13688, 13689, 13690, 13691, 13692, 13693, 13694, 13695, 13696, 13697, 13698, 13699, 13700, 13701, 13702, 13703, 13704, 13705, 13706, 13707, 13708, 13709, 13710, 13711, 13712, 13713, 13714, 13715, 13716, 13717, 13718, 13719, 13720, 13721, 13722, 13723, 13724, 13725, 13726, 13727, 13728, 13729, 13730, 13731, 13732, 13733, 13734, 13735, 13736, 13737, 13738, 13739, 13740, 13741, 13742, 13743, 13744, 13745, 13746, 13747, 13748, 13749, 13750, 13751, 13752, 13753, 13754, 13755, 13756, 13757, 13758, 13759, 13760, 13761, 13762, 13763, 13764, 13765, 13766, 13767, 13768, 13769, 13770, 13771, 13772, 13773, 13774, 13775, 13776, 13777, 13778, 13779, 13780, 13781, 13782, 13783, 13784, 13785, 13786, 13787, 13788, 13789, 13790, 13791, 13792, 13793, 13794, 13795, 13796, 13797, 13798, 13799, 13800, 13801, 13802, 13803, 13804, 13805, 13806, 13807, 13808, 13809, 13810, 13811, 13812, 13813, 13814, 13815, 13816, 13817, 13818, 13819, 13820, 13821, 13822, 13823, 13824, 13825, 13826, 13827, 13828, 13829, 13830, 13831, 13832, 13833, 13834, 13835, 13836, 13837, 13838, 13839, 13840, 13841, 13842, 13843, 13844, 13845, 13846, 13847, 13848, 13849, 13850, 13851, 13852, 13853, 13854, 13855, 13856, 13857, 13858, 13859, 13860, 13861, 13862, 13863, 13864, 13865, 13866, 13867, 13868, 13869, 13870, 13871, 13872, 13873, 13874, 13875, 13876, 13877, 13878, 13879, 13880, 13881, 13882, 13883, 13884, 13885, 13886, 13887, 13888, 13889, 13890, 13891, 13892, 13893, 13894, 13895, 13896, 13897, 13898, 13899, 13900, 13901, 13902, 13903, 13904, 13905, 13906, 13907, 13908, 13909, 13910, 13911, 13912, 13913, 13914, 13915, 13916, 13917, 13918, 13919, 13920, 13921, 13922, 13923, 13924, 13925, 13926, 13927, 13928, 13929, 13930, 13931, 13932, 13933, 13934, 13935, 13936, 13937, 13938, 13939, 13940, 13941, 13942, 13943, 13944, 13945, 13946, 13947, 13948, 13949, 13950, 13951, 13952, 13953, 13954, 13955, 13956, 13957, 13958, 13959, 13960, 13961, 13962, 13963, 13964, 13965, 13966, 13967, 13968, 13969, 13970, 13971, 13972, 13973, 13974, 13975, 13976, 13977, 13978, 13979, 13980, 13981, 13982, 13983, 13984, 13985, 13986, 13987, 13988, 13989, 13990, 13991, 13992, 13993, 13994, 13995, 13996, 13997, 13998, 13999, 14000, 14001, 14002, 14003, 14004, 14005, 14006, 14007, 14008, 14009, 14010, 14011, 14012, 14013, 14014, 14015, 14016, 14017, 14018, 14019, 14020, 14021, 14022, 14023, 14024, 14025, 14026, 14027, 14028, 14029, 14030, 14031, 14032, 14033, 14034, 14035, 14036, 14037, 14038, 14039, 14040, 14041, 14042, 14043, 14044, 14045, 14046, 14047, 14048, 14049, 14050, 14051, 14052, 14053, 14054, 14055, 14056, 14057, 14058, 14059, 14060, 14061, 14062, 14063, 14064, 14065, 14066, 14067, 14068, 14069, 14070, 14071, 14072, 14073, 14074, 14075, 14076, 14077, 14078, 14079, 14080, 14081, 14082, 14083, 14084, 14085, 14086, 14087, 14088, 14089, 14090, 14091, 14092, 14093, 14094, 14095, 14096, 14097, 14098, 14099, 14100, 14101, 14102, 14103, 14104, 14105, 14106, 14107, 14108, 14109, 14110, 14111, 14112, 14113, 14114, 14115, 14116, 14117, 14118, 14119, 14120, 14121, 14122, 14123, 14124, 14125, 14126, 14127, 14128, 14129, 14130, 14131, 14132, 14133, 14134, 14135, 14136, 14137, 14138, 14139, 14140, 14141, 14142, 14143, 14144, 14145, 14146, 14147, 14148, 14149, 14150, 14151, 14152, 14153, 14154, 14155, 14156, 14157, 14158, 14159, 14160, 14161, 14162, 14163, 14164, 14165, 14166, 14167, 14168, 14169, 14170, 14171, 14172, 14173, 14174, 14175, 14176, 14177, 14178, 14179, 14180, 14181, 14182, 14183, 14184, 14185, 14186, 14187, 14188, 14189, 14190, 14191, 14192, 14193, 14194, 14195, 14196, 14197, 14198, 14199, 14200, 14201, 14202, 14203, 14204, 14205, 14206, 14207, 14208, 14209, 14210, 14211, 14212, 14213, 14214, 14215, 14216, 14217, 14218, 14219, 14220, 14221, 14222, 14223, 14224, 14225, 14226, 14227, 14228, 14229, 14230, 14231, 14232, 14233, 14234, 14235, 14236, 14237, 14238, 14239, 14240, 14241, 14242, 14243, 14244, 14245, 14246, 14247, 14248, 14249, 14250, 14251, 14252, 14253, 14254, 14255, 14256, 14257, 14258, 14259, 14260, 14261, 14262, 14263, 14264, 14265, 14266, 14267, 14268, 14269, 14270, 14271, 14272, 14273, 14274, 14275, 14276, 14277, 14278, 14279, 14280, 14281, 14282, 14283, 14284, 14285, 14286, 14287, 14288, 14289, 14290, 14291, 14292, 14293, 14294, 14295, 14296, 14297, 14298, 14299, 14300, 14301, 14302, 14303, 14304, 14305, 14306, 14307, 14308, 14309, 14310, 14311, 14312, 14313, 14314, 14315, 14316, 14317, 14318, 14319, 14320, 14321, 14322, 14323, 14324, 14325, 14326, 14327, 14328, 14329, 14330, 14331, 14332, 14333, 14334, 14335, 14336, 14337, 14338, 14339, 14340, 14341, 14342, 14343, 14344, 14345, 14346, 14347, 14348, 14349, 14350, 14351, 14352, 14353, 14354, 14355, 14356, 14357, 14358, 14359, 14360, 14361, 14362, 14363, 14364, 14365, 14366, 14367, 14368, 14369, 14370, 14371, 14372, 14373, 14374, 14375, 14376, 14377, 14378, 14379, 14380, 14381, 14382, 14383, 14384, 14385, 14386, 14387, 14388, 14389, 14390, 14391, 14392, 14393, 14394, 14395, 14396, 14397, 14398, 14399, 14400, 14401, 14402, 14403, 14404, 14405, 14406, 14407, 14408, 14409, 14410, 14411, 14412, 14413, 14414, 14415, 14416, 14417, 14418, 14419, 14420, 14421, 14422, 14423, 14424, 14425, 14426, 14427, 14428, 14429, 14430, 14431, 14432, 14433, 14434, 14435, 14436, 14437, 14438, 14439, 14440, 14441, 14442, 14443, 14444, 14445, 14446, 14447, 14448, 14449, 14450, 14451, 14452, 14453, 14454, 14455, 14456, 14457, 14458, 14459, 14460, 14461, 14462, 14463, 14464, 14465, 14466, 14467, 14468, 14469, 14470, 14471, 14472, 14473, 14474, 14475, 14476, 14477, 14478, 14479, 14480, 14481, 14482, 14483, 14484, 14485, 14486, 14487, 14488, 14489, 14490, 14491, 14492, 14493, 14494, 14495, 14496, 14497, 14498, 14499, 14500, 14501, 14502, 14503, 14504, 14505, 14506, 14507, 14508, 14509, 14510, 14511, 14512, 14513, 14514, 14515, 14516, 14517, 14518, 14519, 14520, 14521, 14522, 14523, 14524, 14525, 14526, 14527, 14528, 14529, 14530, 14531, 14532, 14533, 14534, 14535, 14536, 14537, 14538, 14539, 14540, 14541, 14542, 14543, 14544, 14545, 14546, 14547, 14548, 14549, 14550, 14551, 14552, 14553, 14554, 14555, 14556, 14557, 14558, 14559, 14560, 14561, 14562, 14563, 14564, 14565, 14566, 14567, 14568, 14569, 14570, 14571, 14572, 14573, 14574, 14575, 14576, 14577, 14578, 14579, 14580, 14581, 14582, 14583, 14584, 14585, 14586, 14587, 14588, 14589, 14590, 14591, 14592, 14593, 14594, 14595, 14596, 14597, 14598, 14599, 14600, 14601, 14602, 14603, 14604, 14605, 14606, 14607, 14608, 14609, 14610, 14611, 14612, 14613, 14614, 14615, 14616, 14617, 14618, 14619, 14620, 14621, 14622, 14623, 14624, 14625, 14626, 14627, 14628, 14629, 14630, 14631, 14632, 14633, 14634, 14635, 14636, 14637, 14638, 14639, 14640, 14641, 14642, 14643, 14644, 14645, 14646, 14647, 14648, 14649, 14650, 14651, 14652, 14653, 14654, 14655, 14656, 14657, 14658, 14659, 14660, 14661, 14662, 14663, 14664, 14665, 14666, 14667, 14668, 14669, 14670, 14671, 14672, 14673, 14674, 14675, 14676, 14677, 14678, 14679, 14680, 14681, 14682, 14683, 14684, 14685, 14686, 14687, 14688, 14689, 14690, 14691, 14692, 14693, 14694, 14695, 14696, 14697, 14698, 14699, 14700, 14701, 14702, 14703, 14704, 14705, 14706, 14707, 14708, 14709, 14710, 14711, 14712, 14713, 14714, 14715, 14716, 14717, 14718, 14719, 14720, 14721, 14722, 14723, 14724, 14725, 14726, 14727, 14728, 14729, 14730, 14731, 14732, 14733, 14734, 14735, 14736, 14737, 14738, 14739, 14740, 14741, 14742, 14743, 14744, 14745, 14746, 14747, 14748, 14749, 14750, 14751, 14752, 14753, 14754, 14755, 14756, 14757, 14758, 14759, 14760, 14761, 14762, 14763, 14764, 14765, 14766, 14767, 14768, 14769, 14770, 14771, 14772, 14773, 14774, 14775, 14776, 14777, 14778, 14779, 14780, 14781, 14782, 14783, 14784, 14785, 14786, 14787, 14788, 14789, 14790, 14791, 14792, 14793, 14794, 14795, 14796, 14797, 14798, 14799, 14800, 14801, 14802, 14803, 14804, 14805, 14806, 14807, 14808, 14809, 14810, 14811, 14812, 14813, 14814, 14815, 14816, 14817, 14818, 14819, 14820, 14821, 14822, 14823, 14824, 14825, 14826, 14827, 14828, 14829, 14830, 14831, 14832, 14833, 14834, 14835, 14836, 14837, 14838, 14839, 14840, 14841, 14842, 14843, 14844, 14845, 14846, 14847, 14848, 14849, 14850, 14851, 14852, 14853, 14854, 14855, 14856, 14857, 14858, 14859, 14860, 14861, 14862, 14863, 14864, 14865, 14866, 14867, 14868, 14869, 14870, 14871, 14872, 14873, 14874, 14875, 14876, 14877, 14878, 14879, 14880, 14881, 14882, 14883, 14884, 14885, 14886, 14887, 14888, 14889, 14890, 14891, 14892, 14893, 14894, 14895, 14896, 14897, 14898, 14899, 14900, 14901, 14902, 14903, 14904, 14905, 14906, 14907, 14908, 14909, 14910, 14911, 14912, 14913, 14914, 14915, 14916, 14917, 14918, 14919, 14920, 14921, 14922, 14923, 14924, 14925, 14926, 14927, 14928, 14929, 14930, 14931, 14932, 14933, 14934, 14935, 14936, 14937, 14938, 14939, 14940, 14941, 14942, 14943, 14944, 14945, 14946, 14947, 14948, 14949, 14950, 14951, 14952, 14953, 14954, 14955, 14956, 14957, 14958, 14959, 14960, 14961, 14962, 14963, 14964, 14965, 14966, 14967, 14968, 14969, 14970, 14971, 14972, 14973, 14974, 14975, 14976, 14977, 14978, 14979, 14980, 14981, 14982, 14983, 14984, 14985, 14986, 14987, 14988, 14989, 14990, 14991, 14992, 14993, 14994, 14995, 14996, 14997, 14998, 14999, 15000, 15001, 15002, 15003, 15004, 15005, 15006, 15007, 15008, 15009, 15010, 15011, 15012, 15013, 15014, 15015, 15016, 15017, 15018, 15019, 15020, 15021, 15022, 15023, 15024, 15025, 15026, 15027, 15028, 15029, 15030, 15031, 15032, 15033, 15034, 15035, 15036, 15037, 15038, 15039, 15040, 15041, 15042, 15043, 15044, 15045, 15046, 15047, 15048, 15049, 15050, 15051, 15052, 15053, 15054, 15055, 15056, 15057, 15058, 15059, 15060, 15061, 15062, 15063, 15064, 15065, 15066, 15067, 15068, 15069, 15070, 15071, 15072, 15073, 15074, 15075, 15076, 15077, 15078, 15079, 15080, 15081, 15082, 15083, 15084, 15085, 15086, 15087, 15088, 15089, 15090, 15091, 15092, 15093, 15094, 15095, 15096, 15097, 15098, 15099, 15100, 15101, 15102, 15103, 15104, 15105, 15106, 15107, 15108, 15109, 15110, 15111, 15112, 15113, 15114, 15115, 15116, 15117, 15118, 15119, 15120, 15121, 15122, 15123, 15124, 15125, 15126, 15127, 15128, 15129, 15130, 15131, 15132, 15133, 15134, 15135, 15136, 15137, 15138, 15139, 15140, 15141, 15142, 15143, 15144, 15145, 15146, 15147, 15148, 15149, 15150, 15151, 15152, 15153, 15154, 15155, 15156, 15157, 15158, 15159, 15160, 15161, 15162, 15163, 15164, 15165, 15166, 15167, 15168, 15169, 15170, 15171, 15172, 15173, 15174, 15175, 15176, 15177, 15178, 15179, 15180, 15181, 15182, 15183, 15184, 15185, 15186, 15187, 15188, 15189, 15190, 15191, 15192, 15193, 15194, 15195, 15196, 15197, 15198, 15199, 15200, 15201, 15202, 15203, 15204, 15205, 15206, 15207, 15208, 15209, 15210, 15211, 15212, 15213, 15214, 15215, 15216, 15217, 15218, 15219, 15220, 15221, 15222, 15223, 15224, 15225, 15226, 15227, 15228, 15229, 15230, 15231, 15232, 15233, 15234, 15235, 15236, 15237, 15238, 15239, 15240, 15241, 15242, 15243, 15244, 15245, 15246, 15247, 15248, 15249, 15250, 15251, 15252, 15253, 15254, 15255, 15256, 15257, 15258, 15259, 15260, 15261, 15262, 15263, 15264, 15265, 15266, 15267, 15268, 15269, 15270, 15271, 15272, 15273, 15274, 15275, 15276, 15277, 15278, 15279, 15280, 15281, 15282, 15283, 15284, 15285, 15286, 15287, 15288, 15289, 15290, 15291, 15292, 15293, 15294, 15295, 15296, 15297, 15298, 15299, 15300, 15301, 15302, 15303, 15304, 15305, 15306, 15307, 15308, 15309, 15310, 15311, 15312, 15313, 15314, 15315, 15316, 15317, 15318, 15319, 15320, 15321, 15322, 15323, 15324, 15325, 15326, 15327, 15328, 15329, 15330, 15331, 15332, 15333, 15334, 15335, 15336, 15337, 15338, 15339, 15340, 15341, 15342, 15343, 15344, 15345, 15346, 15347, 15348, 15349, 15350, 15351, 15352, 15353, 15354, 15355, 15356, 15357, 15358, 15359, 15360, 15361, 15362, 15363, 15364, 15365, 15366, 15367, 15368, 15369, 15370, 15371, 15372, 15373, 15374, 15375, 15376, 15377, 15378, 15379, 15380, 15381, 15382, 15383, 15384, 15385, 15386, 15387, 15388, 15389, 15390, 15391, 15392, 15393, 15394, 15395, 15396, 15397, 15398, 15399, 15400, 15401, 15402, 15403, 15404, 15405, 15406, 15407, 15408, 15409, 15410, 15411, 15412, 15413, 15414, 15415, 15416, 15417, 15418, 15419, 15420, 15421, 15422, 15423, 15424, 15425, 15426, 15427, 15428, 15429, 15430, 15431, 15432, 15433, 15434, 15435, 15436, 15437, 15438, 15439, 15440, 15441, 15442, 15443, 15444, 15445, 15446, 15447, 15448, 15449, 15450, 15451, 15452, 15453, 15454, 15455, 15456, 15457, 15458, 15459, 15460, 15461, 15462, 15463, 15464, 15465, 15466, 15467, 15468, 15469, 15470, 15471, 15472, 15473, 15474, 15475, 15476, 15477, 15478, 15479, 15480, 15481, 15482, 15483, 15484, 15485, 15486, 15487, 15488, 15489, 15490, 15491, 15492, 15493, 15494, 15495, 15496, 15497, 15498, 15499, 15500, 15501, 15502, 15503, 15504, 15505, 15506, 15507, 15508, 15509, 15510, 15511, 15512, 15513, 15514, 15515, 15516, 15517, 15518, 15519, 15520, 15521, 15522, 15523, 15524, 15525, 15526, 15527, 15528, 15529, 15530, 15531, 15532, 15533, 15534, 15535, 15536, 15537, 15538, 15539, 15540, 15541, 15542, 15543, 15544, 15545, 15546, 15547, 15548, 15549, 15550, 15551, 15552, 15553, 15554, 15555, 15556, 15557, 15558, 15559, 15560, 15561, 15562, 15563, 15564, 15565, 15566, 15567, 15568, 15569, 15570, 15571, 15572, 15573, 15574, 15575, 15576, 15577, 15578, 15579, 15580, 15581, 15582, 15583, 15584, 15585, 15586, 15587, 15588, 15589, 15590, 15591, 15592, 15593, 15594, 15595, 15596, 15597, 15598, 15599, 15600, 15601, 15602, 15603, 15604, 15605, 15606, 15607, 15608, 15609, 15610, 15611, 15612, 15613, 15614, 15615, 15616, 15617, 15618, 15619, 15620, 15621, 15622, 15623, 15624, 15625, 15626, 15627, 15628, 15629, 15630, 15631, 15632, 15633, 15634, 15635, 15636, 15637, 15638, 15639, 15640, 15641, 15642, 15643, 15644, 15645, 15646, 15647, 15648, 15649, 15650, 15651, 15652, 15653, 15654, 15655, 15656, 15657, 15658, 15659, 15660, 15661, 15662, 15663, 15664, 15665, 15666, 15667, 15668, 15669, 15670, 15671, 15672, 15673, 15674, 15675, 15676, 15677, 15678, 15679, 15680, 15681, 15682, 15683, 15684, 15685, 15686, 15687, 15688, 15689, 15690, 15691, 15692, 15693, 15694, 15695, 15696, 15697, 15698, 15699, 15700, 15701, 15702, 15703, 15704, 15705, 15706, 15707, 15708, 15709, 15710, 15711, 15712, 15713, 15714, 15715, 15716, 15717, 15718, 15719, 15720, 15721, 15722, 15723, 15724, 15725, 15726, 15727, 15728, 15729, 15730, 15731, 15732, 15733, 15734, 15735, 15736, 15737, 15738, 15739, 15740, 15741, 15742, 15743, 15744, 15745, 15746, 15747, 15748, 15749, 15750, 15751, 15752, 15753, 15754, 15755, 15756, 15757, 15758, 15759, 15760, 15761, 15762, 15763, 15764, 15765, 15766, 15767, 15768, 15769, 15770, 15771, 15772, 15773, 15774, 15775, 15776, 15777, 15778, 15779, 15780, 15781, 15782, 15783, 15784, 15785, 15786, 15787, 15788, 15789, 15790, 15791, 15792, 15793, 15794, 15795, 15796, 15797, 15798, 15799, 15800, 15801, 15802, 15803, 15804, 15805, 15806, 15807, 15808, 15809, 15810, 15811, 15812, 15813, 15814, 15815, 15816, 15817, 15818, 15819, 15820, 15821, 15822, 15823, 15824, 15825, 15826, 15827, 15828, 15829, 15830, 15831, 15832, 15833, 15834, 15835, 15836, 15837, 15838, 15839, 15840, 15841, 15842, 15843, 15844, 15845, 15846, 15847, 15848, 15849, 15850, 15851, 15852, 15853, 15854, 15855, 15856, 15857, 15858, 15859, 15860, 15861, 15862, 15863, 15864, 15865, 15866, 15867, 15868, 15869, 15870, 15871, 15872, 15873, 15874, 15875, 15876, 15877, 15878, 15879, 15880, 15881, 15882, 15883, 15884, 15885, 15886, 15887, 15888, 15889, 15890, 15891, 15892, 15893, 15894, 15895, 15896, 15897, 15898, 15899, 15900, 15901, 15902, 15903, 15904, 15905, 15906, 15907, 15908, 15909, 15910, 15911, 15912, 15913, 15914, 15915, 15916, 15917, 15918, 15919, 15920, 15921, 15922, 15923, 15924, 15925, 15926, 15927, 15928, 15929, 15930, 15931, 15932, 15933, 15934, 15935, 15936, 15937, 15938, 15939, 15940, 15941, 15942, 15943, 15944, 15945, 15946, 15947, 15948, 15949, 15950, 15951, 15952, 15953, 15954, 15955, 15956, 15957, 15958, 15959, 15960, 15961, 15962, 15963, 15964, 15965, 15966, 15967, 15968, 15969, 15970, 15971, 15972, 15973, 15974, 15975, 15976, 15977, 15978, 15979, 15980, 15981, 15982, 15983, 15984, 15985, 15986, 15987, 15988, 15989, 15990, 15991, 15992, 15993, 15994, 15995, 15996, 15997, 15998, 15999, 16000, 16001, 16002, 16003, 16004, 16005, 16006, 16007, 16008, 16009, 16010, 16011, 16012, 16013, 16014, 16015, 16016, 16017, 16018, 16019, 16020, 16021, 16022, 16023, 16024, 16025, 16026, 16027, 16028, 16029, 16030, 16031, 16032, 16033, 16034, 16035, 16036, 16037, 16038, 16039, 16040, 16041, 16042, 16043, 16044, 16045, 16046, 16047, 16048, 16049, 16050, 16051, 16052, 16053, 16054, 16055, 16056, 16057, 16058, 16059, 16060, 16061, 16062, 16063, 16064, 16065, 16066, 16067, 16068, 16069, 16070, 16071, 16072, 16073, 16074, 16075, 16076, 16077, 16078, 16079, 16080, 16081, 16082, 16083, 16084, 16085, 16086, 16087, 16088, 16089, 16090, 16091, 16092, 16093, 16094, 16095, 16096, 16097, 16098, 16099, 16100, 16101, 16102, 16103, 16104, 16105, 16106, 16107, 16108, 16109, 16110, 16111, 16112, 16113, 16114, 16115, 16116, 16117, 16118, 16119, 16120, 16121, 16122, 16123, 16124, 16125, 16126, 16127, 16128, 16129, 16130, 16131, 16132, 16133, 16134, 16135, 16136, 16137, 16138, 16139, 16140, 16141, 16142, 16143, 16144, 16145, 16146, 16147, 16148, 16149, 16150, 16151, 16152, 16153, 16154, 16155, 16156, 16157, 16158, 16159, 16160, 16161, 16162, 16163, 16164, 16165, 16166, 16167, 16168, 16169, 16170, 16171, 16172, 16173, 16174, 16175, 16176, 16177, 16178, 16179, 16180, 16181, 16182, 16183, 16184, 16185, 16186, 16187, 16188, 16189, 16190, 16191, 16192, 16193, 16194, 16195, 16196, 16197, 16198, 16199, 16200, 16201, 16202, 16203, 16204, 16205, 16206, 16207, 16208, 16209, 16210, 16211, 16212, 16213, 16214, 16215, 16216, 16217, 16218, 16219, 16220, 16221, 16222, 16223, 16224, 16225, 16226, 16227, 16228, 16229, 16230, 16231, 16232, 16233, 16234, 16235, 16236, 16237, 16238, 16239, 16240, 16241, 16242, 16243, 16244, 16245, 16246, 16247, 16248, 16249, 16250, 16251, 16252, 16253, 16254, 16255, 16256, 16257, 16258, 16259, 16260, 16261, 16262, 16263, 16264, 16265, 16266, 16267, 16268, 16269, 16270, 16271, 16272, 16273, 16274, 16275, 16276, 16277, 16278, 16279, 16280, 16281, 16282, 16283, 16284, 16285, 16286, 16287, 16288, 16289, 16290, 16291, 16292, 16293, 16294, 16295, 16296, 16297, 16298, 16299, 16300, 16301, 16302, 16303, 16304, 16305, 16306, 16307, 16308, 16309, 16310, 16311, 16312, 16313, 16314, 16315, 16316, 16317, 16318, 16319, 16320, 16321, 16322, 16323, 16324, 16325, 16326, 16327, 16328, 16329, 16330, 16331, 16332, 16333, 16334, 16335, 16336, 16337, 16338, 16339, 16340, 16341, 16342, 16343, 16344, 16345, 16346, 16347, 16348, 16349, 16350, 16351, 16352, 16353, 16354, 16355, 16356, 16357, 16358, 16359, 16360, 16361, 16362, 16363, 16364, 16365, 16366, 16367, 16368, 16369, 16370, 16371, 16372, 16373, 16374, 16375, 16376, 16377, 16378, 16379, 16380, 16381, 16382, 16383, 16384, 16385, 16386, 16387, 16388, 16389, 16390, 16391, 16392, 16393, 16394, 16395, 16396, 16397, 16398, 16399, 16400, 16401, 16402, 16403, 16404, 16405, 16406, 16407, 16408, 16409, 16410, 16411, 16412, 16413, 16414, 16415, 16416, 16417, 16418, 16419, 16420, 16421, 16422, 16423, 16424, 16425, 16426, 16427, 16428, 16429, 16430, 16431, 16432, 16433, 16434, 16435, 16436, 16437, 16438, 16439, 16440, 16441, 16442, 16443, 16444, 16445, 16446, 16447, 16448, 16449, 16450, 16451, 16452, 16453, 16454, 16455, 16456, 16457, 16458, 16459, 16460, 16461, 16462, 16463, 16464, 16465, 16466, 16467, 16468, 16469, 16470, 16471, 16472, 16473, 16474, 16475, 16476, 16477, 16478, 16479, 16480, 16481, 16482, 16483, 16484, 16485, 16486, 16487, 16488, 16489, 16490, 16491, 16492, 16493, 16494, 16495, 16496, 16497, 16498, 16499, 16500, 16501, 16502, 16503, 16504, 16505, 16506, 16507, 16508, 16509, 16510, 16511, 16512, 16513, 16514, 16515, 16516, 16517, 16518, 16519, 16520, 16521, 16522, 16523, 16524, 16525, 16526, 16527, 16528, 16529, 16530, 16531, 16532, 16533, 16534, 16535, 16536, 16537, 16538, 16539, 16540, 16541, 16542, 16543, 16544, 16545, 16546, 16547, 16548, 16549, 16550, 16551, 16552, 16553, 16554, 16555, 16556, 16557, 16558, 16559, 16560, 16561, 16562, 16563, 16564, 16565, 16566, 16567, 16568, 16569, 16570, 16571, 16572, 16573, 16574, 16575, 16576, 16577, 16578, 16579, 16580, 16581, 16582, 16583, 16584, 16585, 16586, 16587, 16588, 16589, 16590, 16591, 16592, 16593, 16594, 16595, 16596, 16597, 16598, 16599, 16600, 16601, 16602, 16603, 16604, 16605, 16606, 16607, 16608, 16609, 16610, 16611, 16612, 16613, 16614, 16615, 16616, 16617, 16618, 16619, 16620, 16621, 16622, 16623, 16624, 16625, 16626, 16627, 16628, 16629, 16630, 16631, 16632, 16633, 16634, 16635, 16636, 16637, 16638, 16639, 16640, 16641, 16642, 16643, 16644, 16645, 16646, 16647, 16648, 16649, 16650, 16651, 16652, 16653, 16654, 16655, 16656, 16657, 16658, 16659, 16660, 16661, 16662, 16663, 16664, 16665, 16666, 16667, 16668, 16669, 16670, 16671, 16672, 16673, 16674, 16675, 16676, 16677, 16678, 16679, 16680, 16681, 16682, 16683, 16684, 16685, 16686, 16687, 16688, 16689, 16690, 16691, 16692, 16693, 16694, 16695, 16696, 16697, 16698, 16699, 16700, 16701, 16702, 16703, 16704, 16705, 16706, 16707, 16708, 16709, 16710, 16711, 16712, 16713, 16714, 16715, 16716, 16717, 16718, 16719, 16720, 16721, 16722, 16723, 16724, 16725, 16726, 16727, 16728, 16729, 16730, 16731, 16732, 16733, 16734, 16735, 16736, 16737, 16738, 16739, 16740, 16741, 16742, 16743, 16744, 16745, 16746, 16747, 16748, 16749, 16750, 16751, 16752, 16753, 16754, 16755, 16756, 16757, 16758, 16759, 16760, 16761, 16762, 16763, 16764, 16765, 16766, 16767, 16768, 16769, 16770, 16771, 16772, 16773, 16774, 16775, 16776, 16777, 16778, 16779, 16780, 16781, 16782, 16783, 16784, 16785, 16786, 16787, 16788, 16789, 16790, 16791, 16792, 16793, 16794, 16795, 16796, 16797, 16798, 16799, 16800, 16801, 16802, 16803, 16804, 16805, 16806, 16807, 16808, 16809, 16810, 16811, 16812, 16813, 16814, 16815, 16816, 16817, 16818, 16819, 16820, 16821, 16822, 16823, 16824, 16825, 16826, 16827, 16828, 16829, 16830, 16831, 16832, 16833, 16834, 16835, 16836, 16837, 16838, 16839, 16840, 16841, 16842, 16843, 16844, 16845, 16846, 16847, 16848, 16849, 16850, 16851, 16852, 16853, 16854, 16855, 16856, 16857, 16858, 16859, 16860, 16861, 16862, 16863, 16864, 16865, 16866, 16867, 16868, 16869, 16870, 16871, 16872, 16873, 16874, 16875, 16876, 16877, 16878, 16879, 16880, 16881, 16882, 16883, 16884, 16885, 16886, 16887, 16888, 16889, 16890, 16891, 16892, 16893, 16894, 16895, 16896, 16897, 16898, 16899, 16900, 16901, 16902, 16903, 16904, 16905, 16906, 16907, 16908, 23889, 23890, 23891, 23897, 23898, 23899, 23900, 23901, 23913, 23915, 23916, 23928, 23929, 23930, 23931, 23932, 23933, 23934, 23935, 23936, 23937, 23938, 23939, 23948, 23974, 23975, 23976, 23979, 23980, 23981, 23998, 23999, 24000, 24001, 24002, 24003, 24004, 24005, 24006, 24007, 24008, 24009, 24010, 24011, 24012, 24013, 24850, 24851, 24852, 24853, 24854, 24855, 24856, 24857, 24858, 24859, 24860, 24861, 24862, 24863, 24864, 24865, 24866, 24867, 24868, 24872, 24876, 24877, 24878, 24879, 24880, 24881, 24882, 24883, 24884, 24885, 24886, 24887, 24888, 24889, 24890, 24891, 24892, 24893, 24894, 24895, 24896, 24897, 24898, 24899, 24900, 24901, 24902, 24903, 24904, 24905, 24906, 24907, 24908, 24909, 24910, 24911, 24912, 24913, 24914, 24915, 24916, 24917, 24918, 24919, 24920, 24921, 24922, 24923, 24924, 24925, 24926, 24927, 24928, 24929, 24930, 24931, 24932, 24933, 24934, 24935, 24936, 24937, 24938, 24939, 24940, 24941, 24942, 24943, 24944, 24945, 24946, 24947, 24948, 24949, 24950, 24951, 24952, 24953, 24954, 24955, 24956, 24957, 24958, 24959, 24960, 24961, 24962, 24963, 24964, 24965, 24966, 24967, 24968, 24969, 24970, 24971, 24972, 24973, 24974, 24975, 24976, 24977, 24978, 24979, 24980, 24981, 24982, 24983, 24984, 24985, 24986, 24987, 24988, 24989, 24990, 24991, 24992, 24993, 24994, 24995, 24996, 24997, 24998, 24999, 25000, 25001, 25002, 25003, 25004, 25005, 25006, 25007, 25008, 25009, 25010, 25011, 25012, 25013, 25014, 25015, 25016, 25017, 25018, 25019, 25020, 25021, 25022, 25023, 25024, 25025, 25026, 25027, 25028, 25029, 25030, 25031, 25032, 25033, 25034, 25035, 25036, 25037, 25038, 25039, 25040, 25041, 25042, 25043, 25044, 25045, 25046, 25047, 25048, 25049, 25050, 25051, 25052, 25053, 25054, 25055, 25056, 25057, 25058, 25059, 25060, 25061, 25062, 25063, 25064, 25065, 25066, 25067, 25068, 25069, 25070, 25071, 25072, 25073, 25074, 25075, 25076, 25077, 25078, 25079, 25080, 25081, 25082, 25083, 25084, 25085, 25086, 25087, 25088, 25089, 25090, 25091, 25092, 25093, 25094, 25095, 25096, 25097, 25098, 25099, 25100, 25101, 25102, 25103, 25104, 25105, 25106, 25107, 25108, 25109, 25110, 25111, 25112, 25113, 25114, 25115, 25116, 25117, 25118, 25119, 25120, 25121, 25122, 25123, 25124, 25125, 25126, 25127, 25128, 25129, 25130, 25131, 25132, 25133, 25134, 25135, 25136, 25137, 25138, 25139, 25140, 25141, 25142, 25143, 25144, 25145, 25146, 25147, 25148, 25149, 25150, 25151, 25152, 25153, 25154, 25155, 25156, 25157, 25158, 25159, 25160, 25161, 25162, 25163, 25164, 25165, 25166, 25167, 25168, 25169, 25170, 25171, 25172, 25173, 25174, 25175, 25176, 25177, 25178, 25179, 25180, 25181, 25182, 25183, 25184, 25185, 25186, 25187, 25188, 25189, 25190, 25191, 25192, 25193, 25194, 25195, 25196, 25197, 25198, 25199, 25200, 25201, 25202, 25203, 25204, 25205, 25206, 25207, 25208, 25209, 25210, 25211, 25212, 25213, 25214, 25215, 25216, 25217, 25218, 25219, 25220, 25221, 25222, 25223, 25224, 25225, 25226, 25227, 25228, 25229, 25230, 25231, 25232, 25233, 25234, 25235, 25236, 25237, 25238, 25239, 25240, 25241, 25242, 25243, 25244, 25245, 25246, 25247, 25248, 25249, 25250, 25251, 25252, 25253, 25254, 25255, 25256, 25257, 25258, 25259, 25260, 25261, 25262, 25263, 25264, 25265, 25267, 25275, 25276, 25277, 25278, 25279, 25280, 25281, 25282, 25283, 25284, 25285, 25286, 25287, 25288, 25289, 25290, 25291, 25292, 25293, 25294, 25295, 25296, 25297, 25298, 25299, 25300, 25301, 25302, 25303, 25304, 25305, 25306, 25307, 25308, 25310, 25320, 25321, 25322, 25323, 25324, 25327, 25328, 25331, 25332, 25333, 25334, 25335, 25336, 25337, 25338, 25339, 25340, 25341, 25342, 25343, 25344, 25345, 25346, 25347, 25348, 25349, 25350, 25351, 25352, 25353, 25354, 25355, 25356, 25357, 25358, 25359, 25360, 25361, 25362, 25363, 25364, 25365, 25366, 25367, 25368, 25369, 25370, 25371, 25372, 25373, 25374, 25375, 25376, 25377, 25378, 25379, 25380, 25381, 25382, 25383, 25384, 25385, 25386, 25387, 25388, 25389, 25390, 25391, 25392, 25393, 25394, 25395, 25398, 25400, 25413, 25414, 25415, 25416, 25417, 25418, 25420, 25421, 25423, 25424, 25425, 25426, 25427, 25451, 25458, 25465, 25493, 25494, 25495, 25496, 25497, 25498, 25499, 25500, 25501, 25502, 25503, 25504, 25505, 25506, 25507, 25508, 25509, 25510, 25511, 25512, 25513, 25514, 25515, 25516, 25517, 25518, 25519, 25520, 25521, 25522, 25523, 25524, 25525, 25526, 25527, 25528, 25529, 25530, 25531, 25538, 25539, 25540, 25541, 25542, 25543, 25544, 25545, 25546, 25547, 25548, 25549, 25550, 25551, 25552, 25553, 25554, 25555, 25556, 25557, 25558, 25559, 25560, 25561, 25562, 25563, 25564, 25565, 25566, 25567, 25568, 25569, 25570, 25571, 25572, 25573, 25574, 25575, 25576, 25577, 25578, 25579, 25580, 25581, 25582, 25583, 25584, 25585, 25586, 25587, 25588, 25589, 25590, 25591, 25592, 25593, 25594, 25595, 25596, 25597, 25598, 25599, 25600, 25601, 25602, 25603, 25604, 25605, 25606, 25607, 25608, 25609, 25610, 25611, 25612, 25613, 25614, 25615, 25616, 25617, 25618, 25619, 25620, 25621, 25622, 25623, 25624, 25625, 25626, 25627, 25628, 25629, 25630, 25631, 25632, 25633, 25634, 25635, 25636, 25637, 25638, 25639, 25640, 25641, 25642, 25643, 25644, 25645, 25646, 25647, 25648, 25649, 25650, 25651, 25652, 25653, 25654, 25655, 25656, 25657, 25658, 25659, 25660, 25661, 25662, 25663, 25664, 25665, 25666, 25667, 25668, 25669, 25670, 25671, 25672, 25673, 25674, 25675, 25676, 25677, 25678, 25679, 25680, 25681, 25682, 25683, 25684, 25685, 25686, 25687, 25688, 25689, 25690, 25691, 25692, 25693, 25694, 25695, 25696, 25697, 25698, 25699, 25700, 25701, 25702, 25703, 25704, 25705, 25706, 25707, 25708, 25709, 25710, 25711, 25712, 25713, 25714, 25715, 25716, 25717, 25718, 25719, 25720, 25721, 25722, 25723, 25724, 25725, 25726, 25727, 25728, 25729, 25730, 25731, 25732, 25733, 25734, 25735, 25736, 25737, 25738, 25739, 25740, 25741, 25742, 25743, 25744, 25745, 25746, 25747, 25748, 25749, 25750, 25751, 25752, 25753, 25754, 25755, 25756, 25757, 25758, 25759, 25760, 25761, 25762, 25763, 25764, 25765, 25766, 25767, 25768, 25769, 25770, 25771, 25772, 25773, 25774, 25775, 25776, 25777, 25778, 25779, 25780, 25781, 25782, 25783, 25784, 25785, 25786, 25787, 25788, 25789, 25790, 25791, 25792, 25793, 25794, 25795, 25796, 25797, 25798, 25799, 25800, 25801, 25802, 25803, 25804, 25805, 25806, 25807, 25808, 25809, 25810, 25811, 25812, 25813, 25814, 25815, 25816, 25817, 25818, 25819, 25820, 25821, 25822, 25823, 25824, 25825, 25826, 25827, 25828, 25829, 25830, 25831, 25832, 25833, 25834, 25835, 25836, 25837, 25838, 25839, 25840, 25841, 25842, 25843, 25844, 25845, 25846, 25847, 25848, 25849, 25850, 25851, 25852, 25853, 25854, 25855, 25856, 25857, 25858, 25859, 25860, 25861, 25862, 25863, 25864, 25865, 25866, 25867, 25868, 25869, 25870, 25871, 25872, 25873, 25874, 25875, 25876, 25877, 25878, 25879, 25880, 25881, 25882, 25883, 25884, 25885, 25886, 25887, 25888, 25889, 25890, 25891, 25892, 25893, 25894, 25895, 25896, 25897, 25898, 25899, 25900, 25901, 25902, 25903, 25904, 25905, 25906, 25907, 25908, 25909, 25910, 25911, 25912, 25913, 25914, 25915, 25916, 25917, 25918, 25919, 25920, 25921, 25922, 25923, 25924, 25925, 25926, 25927, 25928, 25929, 25930, 25931, 25932, 25933, 25934, 25935, 25936, 25937, 25938, 25939, 25940, 25941, 25942, 25943, 25944, 25945, 25946, 25947, 25948, 25949, 25950, 25951, 25952, 25953, 25954, 25955, 25956, 25957, 25958, 25959, 25960, 25961, 25962, 25963, 25964, 25965, 25966, 25967, 25968, 25969, 25971, 25979, 25980, 25981, 25982, 25983, 25984, 25985, 25986, 25987, 25988, 25989, 25990, 25991, 25992, 25993, 25994, 25995, 25996, 25997, 25998, 25999, 26000, 26001, 26002, 26003, 26004, 26005, 26006, 26007, 26008, 26009, 26010, 26011, 26012, 26014, 26024, 26025, 26026, 26027, 26028, 26031, 26032, 26035, 26036, 26037, 26038, 26039, 26040, 26041, 26042, 26043, 26044, 26045, 26046, 26047, 26048, 26049, 26050, 26051, 26052, 26053, 26054, 26055, 26056, 26057, 26058, 26059, 26060, 26061, 26062, 26063, 26064, 26065, 26066, 26067, 26068, 26069, 26070, 26071, 26072, 26073, 26074, 26075, 26076, 26077, 26078, 26079, 26080, 26081, 26082, 26083, 26084, 26085, 26086, 26087, 26088, 26089, 26090, 26091, 26092, 26093, 26094, 26095, 26096, 26097, 26098, 26099, 26102, 26104, 26117, 26118, 26119, 26120, 26121, 26122, 26124, 26125, 26127, 26128, 26129, 26130, 26131, 26155, 26162, 26169, 26197, 26198, 26199, 26200, 26201, 26202, 26203, 26204, 26205, 26206, 26207, 26208, 26209, 26210, 26211, 26212, 26213, 26214, 26215, 26216, 26217, 26218, 26219, 26220, 26221, 26222, 26223, 26224, 26225, 26226, 26227, 26228, 26229, 26230, 26231, 26232, 26239, 26240, 26241, 26242, 26243, 26244, 26245, 26246, 26247, 26248, 26249, 26250, 26251, 26252, 26253, 26254, 26255, 26256, 26257, 26258, 26259, 26260, 26261, 26262, 26263, 26264, 26265, 26266, 26267, 26268, 26269, 26270, 26271, 26272, 26273, 26274, 26275]
                    uniform token rigExec:representation = "sparse"
                    uniform float[] rigExec:values = [1, 1, 1, 1, 1, 1, 1, 1, 1, 1, 1, 1, 1, 1, 1, 1, 1, 1, 1, 1, 1, 1, 1, 1, 1, 1, 1, 1, 1, 1, 1, 1, 1, 1, 1, 1, 1, 1, 1, 1, 1, 1, 1, 1, 1, 1, 1, 1, 1, 1, 1, 1, 1, 1, 1, 1, 1, 1, 1, 1, 1, 1, 1, 1, 1, 1, 1, 1, 1, 1, 1, 1, 1, 1, 1, 1, 1, 1, 1, 1, 1, 1, 1, 1, 1, 1, 1, 1, 1, 1, 1, 1, 1, 1, 1, 1, 1, 1, 1, 1, 1, 1, 1, 1, 1, 1, 1, 1, 1, 1, 1, 1, 1, 1, 1, 1, 1, 1, 1, 1, 1, 1, 1, 1, 1, 1, 1, 1, 1, 1, 1, 1, 1, 1, 1, 1, 1, 1, 1, 1, 1, 1, 1, 1, 1, 1, 1, 1, 1, 1, 1, 1, 1, 1, 1, 1, 1, 1, 1, 1, 1, 1, 1, 1, 1, 1, 1, 1, 1, 1, 1, 1, 1, 1, 1, 1, 1, 1, 1, 1, 1, 1, 1, 1, 1, 1, 1, 1, 1, 1, 1, 1, 1, 1, 1, 1, 1, 1, 1, 1, 1, 1, 1, 1, 1, 1, 1, 1, 1, 1, 1, 1, 1, 1, 1, 1, 1, 1, 1, 1, 1, 1, 1, 1, 1, 1, 1, 1, 1, 1, 1, 1, 1, 1, 1, 1, 1, 1, 1, 1, 1, 1, 1, 1, 1, 1, 1, 1, 1, 1, 1, 1, 1, 1, 1, 1, 1, 1, 1, 1, 1, 1, 1, 1, 1, 1, 1, 1, 1, 1, 1, 1, 1, 1, 1, 1, 1, 1, 1, 1, 1, 1, 1, 1, 1, 1, 1, 1, 1, 1, 1, 1, 1, 1, 1, 1, 1, 1, 1, 1, 1, 1, 1, 1, 1, 1, 1, 1, 1, 1, 1, 1, 1, 1, 1, 1, 1, 1, 1, 1, 1, 1, 1, 1, 1, 1, 1, 1, 1, 1, 1, 1, 1, 1, 1, 1, 1, 1, 1, 1, 1, 1, 1, 1, 1, 1, 1, 1, 1, 1, 1, 1, 1, 1, 1, 1, 1, 1, 1, 1, 1, 1, 1, 1, 1, 1, 1, 1, 1, 1, 1, 1, 1, 1, 1, 1, 1, 1, 1, 1, 1, 1, 1, 1, 1, 1, 1, 1, 1, 1, 1, 1, 1, 1, 1, 1, 1, 1, 1, 1, 1, 1, 1, 1, 1, 1, 1, 1, 1, 1, 1, 1, 1, 1, 1, 1, 1, 1, 1, 1, 1, 1, 1, 1, 1, 1, 1, 1, 1, 1, 1, 1, 1, 1, 1, 1, 1, 1, 1, 1, 1, 1, 1, 1, 1, 1, 1, 1, 1, 1, 1, 1, 1, 1, 1, 1, 1, 1, 1, 1, 1, 1, 1, 1, 1, 1, 1, 1, 1, 1, 1, 1, 1, 1, 1, 1, 1, 1, 1, 1, 1, 1, 1, 1, 1, 1, 1, 1, 1, 1, 1, 1, 1, 1, 1, 1, 1, 1, 1, 1, 1, 1, 1, 1, 1, 1, 1, 1, 1, 1, 1, 1, 1, 1, 1, 1, 1, 1, 1, 1, 1, 1, 1, 1, 1, 0.215, 0.267, 0.378, 0.322, 0.434, 0.578, 0.619, 0.127, 0.163, 0.202, 0.243, 0.288, 0.421, 0.465, 0.491, 0.482, 0.529, 0.444, 0.3, 0.334, 0.254, 0.286, 0.211, 0.239, 0.172, 0.195, 0.136, 0.155, 0.479, 0.432, 0.291, 0.246, 0.203, 0.166, 0.131, 0.542, 0.586, 0.394, 0.341, 0.288, 0.238, 0.192, 1, 1, 1, 1, 1, 1, 1, 1, 1, 1, 1, 1, 1, 1, 1, 1, 1, 1, 1, 1, 1, 1, 1, 1, 1, 1, 1, 1, 1, 1, 1, 1, 1, 1, 1, 1, 1, 1, 1, 1, 1, 1, 1, 1, 1, 1, 1, 1, 1, 1, 1, 1, 1, 1, 1, 1, 1, 1, 1, 1, 1, 1, 1, 1, 1, 1, 1, 1, 1, 1, 1, 1, 1, 1, 1, 1, 1, 1, 1, 1, 1, 1, 1, 1, 1, 1, 1, 1, 1, 1, 1, 1, 1, 1, 1, 1, 1, 1, 1, 1, 1, 1, 1, 1, 1, 1, 0.855, 0.907, 0.92, 0.963, 1, 1, 1, 1, 1, 1, 1, 1, 1, 1, 1, 1, 1, 1, 1, 1, 1, 1, 1, 1, 1, 1, 1, 1, 1, 1, 1, 1, 1, 1, 1, 1, 1, 1, 1, 0.999, 0.938, 0.81, 0.647, 0.773, 1, 1, 0.962, 0.957, 0.738, 0.757, 0.847, 0.833, 0.999, 0.999, 0.955, 0.948, 0.942, 0.818, 0.837, 0.784, 0.806, 0.701, 0.67, 0.659, 0.615, 0.628, 0.999, 0.999, 0.939, 0.812, 0.777, 1, 0.601, 1, 1, 1, 1, 1, 1, 1, 1, 0.661, 1, 1, 0.874, 0.895, 0.873, 0.8, 0.861, 0.703, 0.725, 1, 0.963, 0.907, 0.889, 0.826, 0.803, 0.774, 1, 1, 1, 1, 1, 1, 1, 1, 1, 1, 1, 1, 1, 1, 1, 1, 1, 1, 1, 1, 1, 1, 1, 1, 1, 1, 1, 1, 1, 1, 1, 1, 1, 1, 1, 1, 1, 1, 1, 1, 0.509, 0.525, 0.538, 0.627, 0.656, 0.575, 1, 1, 1, 1, 1, 1, 1, 1, 1, 1, 1, 1, 1, 1, 1, 1, 1, 1, 1, 1, 1, 1, 1, 1, 1, 1, 1, 1, 1, 1, 1, 1, 1, 1, 1, 1, 1, 1, 1, 1, 1, 1, 1, 1, 1, 1, 1, 1, 1, 1, 1, 1, 1, 1, 1, 1, 1, 1, 1, 1, 1, 1, 1, 1, 1, 1, 1, 1, 1, 1, 1, 1, 1, 1, 1, 1, 1, 1, 1, 1, 1, 1, 1, 1, 1, 1, 1, 1, 1, 1, 1, 1, 1, 1, 1, 1, 1, 1, 1, 1, 1, 1, 1, 1, 1, 1, 1, 1, 1, 1, 1, 1, 1, 1, 1, 1, 1, 1, 1, 1, 1, 1, 1, 1, 1, 1, 1, 1, 1, 1, 1, 1, 1, 1, 1, 1, 1, 1, 1, 1, 1, 1, 1, 1, 1, 1, 1, 1, 1, 1, 1, 1, 1, 1, 1, 1, 1, 1, 1, 1, 1, 1, 1, 1, 1, 1, 1, 1, 1, 1, 1, 1, 1, 1, 1, 1, 1, 1, 1, 1, 1, 1, 1, 1, 1, 1, 1, 1, 1, 1, 1, 1, 1, 1, 1, 1, 1, 1, 1, 1, 1, 1, 1, 1, 1, 1, 1, 1, 1, 1, 1, 1, 1, 1, 1, 1, 1, 1, 1, 1, 1, 1, 1, 1, 1, 1, 0.333, 0.338, 0.348, 0.383, 0.446, 0.486, 0.377, 0.386, 0.396, 0.433, 0.495, 0.534, 0.836, 0.879, 0.879, 0.883, 0.897, 0.911, 0.919, 0.93, 0.935, 0.98, 0.982, 0.983, 0.983, 0.984, 0.985, 0.988, 0.992, 0.997, 0.997, 0.997, 0.998, 0.997, 0.998, 0.999, 1, 1, 1, 1, 1, 1, 1, 1, 1, 1, 1, 1, 1, 1, 1, 1, 1, 1, 1, 1, 1, 1, 1, 1, 1, 1, 1, 1, 1, 1, 1, 1, 1, 1, 1, 1, 1, 1, 1, 1, 1, 1, 1, 1, 1, 1, 1, 1, 1, 1, 1, 1, 1, 1, 1, 1, 1, 1, 1, 1, 1, 1, 1, 1, 1, 1, 1, 1, 1, 1, 1, 1, 1, 1, 1, 1, 1, 1, 1, 1, 1, 1, 1, 1, 1, 1, 1, 1, 1, 1, 1, 1, 1, 1, 1, 1, 1, 1, 1, 1, 1, 1, 0.993, 0.94, 1, 1, 1, 1, 1, 1, 1, 1, 1, 1, 1, 1, 1, 1, 0.171, 0.215, 0.261, 0.31, 0.361, 0.411, 0.461, 0.509, 0.556, 0.6, 0.682, 0.719, 0.82, 0.849, 0.999, 0.987, 0.96, 0.924, 0.884, 0.86, 0.778, 0.748, 1, 1, 1, 1, 1, 1, 1, 1, 1, 1, 1, 1, 1, 1, 1, 1, 1, 1, 1, 1, 1, 1, 1, 1, 1, 1, 1, 1, 1, 1, 1, 1, 1, 1, 1, 1, 1, 1, 1, 1, 1, 1, 1, 1, 1, 1, 1, 1, 1, 1, 1, 0.904, 0.951, 0.984, 0.997, 0.999, 1, 1, 1, 1, 1, 1, 1, 1, 1, 1, 1, 1, 1, 1, 1, 1, 1, 1, 1, 1, 1, 1, 1, 1, 1, 1, 1, 1, 1, 1, 1, 1, 1, 1, 1, 1, 1, 1, 1, 1, 1, 1, 1, 1, 1, 1, 1, 1, 1, 1, 1, 1, 1, 1, 1, 1, 1, 1, 1, 1, 1, 1, 1, 1, 1, 1, 1, 1, 1, 1, 1, 1, 1, 1, 1, 1, 1, 1, 1, 1, 1, 1, 1, 1, 1, 1, 1, 1, 1, 1, 1, 1, 1, 1, 1, 1, 1, 1, 1, 1, 1, 1, 1, 1, 1, 1, 1, 1, 1, 1, 1, 1, 1, 1, 1, 1, 1, 1, 1, 1, 1, 1, 1, 1, 1, 1, 1, 1, 1, 1, 1, 1, 1, 1, 1, 1, 1, 1, 1, 1, 1, 1, 1, 1, 1, 1, 1, 1, 1, 1, 1, 1, 1, 1, 1, 1, 1, 1, 1, 1, 1, 1, 1, 1, 1, 1, 1, 1, 1, 1, 1, 1, 1, 1, 1, 1, 1, 1, 1, 1, 1, 1, 1, 1, 1, 1, 1, 1, 1, 1, 1, 1, 1, 1, 1, 1, 1, 1, 1, 1, 1, 1, 1, 1, 1, 1, 1, 1, 1, 1, 1, 1, 1, 1, 1, 1, 1, 1, 1, 1, 1, 1, 1, 1, 1, 1, 1, 1, 1, 1, 1, 1, 1, 1, 1, 1, 1, 1, 1, 1, 1, 1, 1, 1, 1, 1, 1, 1, 1, 1, 1, 1, 1, 1, 1, 1, 1, 1, 1, 1, 1, 1, 1, 1, 1, 1, 1, 1, 1, 1, 1, 1, 1, 1, 1, 1, 1, 1, 1, 1, 1, 1, 1, 1, 1, 1, 1, 1, 1, 1, 1, 1, 1, 1, 1, 1, 1, 1, 1, 1, 1, 1, 1, 1, 1, 1, 1, 1, 1, 1, 1, 1, 1, 1, 1, 1, 1, 1, 1, 1, 1, 1, 1, 1, 1, 1, 1, 1, 1, 1, 1, 1, 1, 1, 1, 1, 1, 1, 1, 1, 1, 1, 1, 1, 1, 1, 1, 1, 1, 1, 1, 1, 1, 1, 1, 1, 1, 1, 1, 1, 1, 1, 1, 1, 1, 1, 1, 1, 1, 1, 1, 1, 1, 1, 1, 1, 1, 1, 1, 1, 1, 1, 1, 1, 1, 1, 1, 1, 1, 1, 1, 1, 1, 1, 1, 1, 1, 1, 1, 1, 1, 1, 1, 1, 1, 1, 1, 1, 1, 1, 1, 1, 1, 1, 1, 1, 1, 1, 1, 1, 1, 1, 1, 1, 1, 1, 1, 1, 1, 1, 1, 1, 1, 1, 1, 1, 1, 1, 1, 1, 1, 1, 1, 1, 1, 1, 1, 1, 1, 1, 1, 1, 1, 1, 1, 1, 1, 1, 1, 1, 1, 1, 1, 1, 1, 1, 1, 1, 1, 1, 1, 1, 1, 1, 1, 1, 1, 1, 1, 1, 1, 1, 1, 1, 1, 1, 1, 1, 1, 1, 1, 1, 1, 1, 1, 1, 1, 1, 1, 1, 1, 1, 1, 1, 1, 1, 1, 1, 1, 1, 1, 1, 1, 1, 1, 1, 1, 1, 1, 1, 1, 1, 1, 1, 1, 1, 1, 1, 1, 1, 1, 1, 1, 1, 1, 1, 1, 1, 1, 1, 1, 1, 1, 1, 1, 1, 1, 1, 1, 1, 1, 1, 1, 1, 1, 1, 1, 1, 1, 1, 1, 1, 1, 1, 1, 1, 1, 1, 1, 1, 1, 1, 1, 1, 1, 1, 1, 1, 1, 1, 1, 1, 1, 1, 1, 1, 1, 1, 1, 1, 1, 1, 1, 1, 1, 1, 1, 1, 1, 1, 1, 1, 1, 1, 1, 1, 1, 1, 1, 1, 1, 1, 1, 1, 1, 1, 1, 1, 1, 1, 1, 1, 1, 1, 1, 1, 1, 1, 1, 1, 1, 1, 1, 1, 1, 1, 1, 1, 1, 1, 1, 1, 1, 1, 1, 1, 1, 1, 1, 1, 1, 1, 1, 1, 1, 1, 1, 1, 1, 1, 1, 1, 1, 1, 1, 1, 1, 1, 1, 1, 1, 1, 1, 1, 1, 1, 1, 1, 1, 1, 1, 1, 1, 1, 1, 1, 1, 1, 1, 1, 1, 1, 1, 1, 1, 1, 1, 1, 1, 1, 1, 1, 1, 1, 1, 1, 1, 1, 1, 1, 1, 1, 1, 1, 1, 1, 1, 1, 1, 1, 1, 1, 1, 0.91, 0.911, 0.914, 0.924, 0.929, 0.934, 0.939, 0.942, 0.946, 0.949, 0.95, 1, 1, 1, 1, 1, 1, 1, 1, 1, 1, 1, 1, 1, 1, 1, 1, 1, 1, 1, 1, 1, 1, 1, 1, 1, 1, 1, 1, 1, 1, 1, 1, 1, 1, 1, 1, 1, 1, 1, 1, 1, 1, 1, 1, 1, 1, 1, 1, 1, 1, 1, 1, 1, 1, 1, 1, 1, 1, 1, 1, 1, 1, 1, 1, 1, 1, 1, 1, 1, 1, 1, 1, 1, 1, 1, 1, 1, 1, 1, 1, 1, 1, 1, 1, 1, 1, 1, 1, 1, 1, 1, 1, 1, 1, 1, 1, 1, 1, 1, 1, 1, 1, 1, 1, 1, 1, 1, 1, 1, 1, 1, 1, 1, 1, 1, 1, 1, 1, 1, 1, 1, 1, 1, 1, 1, 1, 1, 1, 1, 1, 1, 1, 1, 1, 1, 1, 1, 1, 1, 1, 1, 1, 1, 1, 1, 1, 1, 1, 1, 1, 1, 1, 1, 1, 1, 1, 1, 1, 1, 1, 1, 1, 1, 1, 1, 1, 1, 1, 1, 1, 1, 1, 1, 1, 1, 1, 1, 1, 1, 1, 1, 1, 1, 1, 1, 1, 1, 1, 1, 1, 1, 1, 1, 1, 1, 1, 1, 1, 1, 1, 1, 1, 1, 1, 1, 1, 1, 1, 1, 1, 1, 1, 1, 1, 1, 1, 1, 1, 1, 1, 1, 1, 1, 1, 1, 1, 1, 1, 1, 1, 1, 1, 1, 1, 1, 1, 1, 1, 1, 1, 1, 1, 1, 1, 1, 1, 1, 1, 1, 1, 1, 1, 1, 1, 1, 1, 1, 1, 1, 1, 1, 1, 1, 1, 1, 1, 1, 1, 1, 1, 1, 1, 1, 1, 1, 1, 1, 1, 1, 1, 1, 1, 1, 1, 1, 1, 1, 1, 1, 1, 1, 1, 1, 1, 1, 1, 1, 1, 1, 1, 1, 1, 1, 1, 1, 1, 1, 1, 1, 1, 1, 1, 1, 1, 1, 1, 1, 1, 1, 1, 1, 1, 1, 1, 1, 1, 1, 1, 1, 1, 1, 1, 1, 1, 1, 1, 1, 1, 1, 1, 1, 1, 1, 1, 1, 1, 1, 1, 1, 1, 1, 1, 1, 1, 1, 1, 1, 1, 1, 1, 1, 1, 1, 1, 1, 1, 1, 1, 1, 1, 1, 1, 1, 1, 1, 1, 1, 1, 1, 1, 1, 1, 1, 1, 1, 1, 1, 1, 1, 1, 1, 1, 1, 1, 1, 1, 1, 1, 1, 1, 1, 1, 1, 1, 1, 1, 1, 1, 1, 1, 1, 1, 1, 1, 1, 1, 1, 1, 1, 1, 1, 1, 1, 1, 1, 1, 1, 1, 1, 1, 1, 1, 1, 1, 1, 1, 1, 1, 1, 1, 1, 1, 1, 1, 1, 1, 1, 1, 1, 1, 1, 1, 1, 1, 1, 1, 1, 1, 1, 1, 1, 1, 1, 1, 1, 1, 1, 1, 1, 1, 1, 1, 1, 1, 1, 1, 1, 1, 1, 1, 1, 1, 1, 1, 1, 1, 1, 1, 1, 1, 1, 1, 1, 1, 1, 1, 1, 1, 1, 1, 1, 1, 1, 1, 1, 1, 1, 1, 1, 1, 1, 1, 1, 1, 1, 1, 1, 1, 1, 1, 1, 1, 1, 1, 1, 1, 1, 1, 1, 1, 1, 1, 1, 1, 1, 1, 1, 1, 1, 1, 1, 1, 1, 1, 1, 1, 1, 1, 1, 1, 1, 1, 1, 1, 1, 1, 1, 1, 1, 1, 1, 1, 1, 1, 1, 1, 1, 1, 1, 1, 1, 1, 1, 1, 1, 1, 1, 1, 1, 1, 1, 1, 1, 1, 1, 1, 1, 1, 1, 1, 1, 1, 1, 1, 1, 1, 1, 1, 1, 1, 1, 1, 1, 1, 1, 1, 1, 1, 1, 1, 1, 1, 1, 1, 1, 1, 1, 1, 1, 1, 1, 1, 1, 1, 1, 1, 1, 1, 1, 1, 1, 1, 1, 1, 1, 1, 1, 1, 1, 1, 1, 1, 1, 1, 1, 1, 1, 1, 1, 1, 1, 1, 1, 1, 1, 1, 1, 1, 1, 1, 1, 1, 1, 1, 1, 1, 1, 1, 1, 1, 1, 1, 1, 1, 1, 1, 1, 1, 1, 1, 1, 1, 1, 1, 1, 1, 1, 1, 1, 1, 1, 1, 1, 1, 1, 1, 1, 1, 1, 1, 1, 1, 1, 1, 1, 1, 1, 1, 1, 1, 1, 1, 1, 1, 1, 1, 1, 1, 1, 1, 1, 1, 1, 1, 1, 1, 1, 1, 1, 1, 1, 1, 1, 1, 1, 1, 1, 1, 1, 1, 1, 1, 1, 1, 1, 1, 1, 0.845, 0.846, 0.851, 0.868, 0.877, 0.887, 0.896, 0.905, 0.913, 0.922, 0.931, 1, 1, 1, 1, 1, 1, 1, 1, 1, 1, 1, 1, 1, 1, 1, 1, 1, 1, 1, 1, 1, 1, 1, 1, 1, 1, 1, 1, 1, 1, 1, 1, 1, 1, 0.984, 0.997, 0.999, 1, 1, 1, 1, 1, 1, 1, 1, 1, 1, 1, 1, 1, 1, 1, 1, 1, 1, 1, 1, 1, 1, 1, 1, 1, 1, 1, 1, 1, 1, 1, 1, 1, 1, 1, 1, 1, 1, 1, 1, 1, 1, 1, 1, 1, 1, 1, 1, 1, 1, 1, 1, 0.967, 0.555, 0.571, 0.584, 0.619, 0.642, 0.666, 0.691, 0.718, 0.748, 0.781, 0.818, 0.981, 0.979, 0.977, 0.975, 0.973, 0.972, 0.97, 0.968, 0.963, 0.963, 0.965, 1, 1, 1, 1, 1, 1, 1, 1, 1, 1, 1, 1, 1, 1, 1, 1, 1, 1, 1, 1, 1, 1, 1, 1, 1, 1, 1, 1, 1, 1, 1, 1, 1, 1, 1, 1, 1, 1, 1, 1, 1, 1, 1, 1, 1, 1, 1, 1, 1, 1, 1, 1, 1, 1, 1, 1, 1, 1, 1, 1, 1, 1, 1, 1, 0.873, 0.848, 0.826, 0.807, 0.789, 0.772, 0.755, 0.738, 0.71, 0.7, 0.691, 1, 1, 1, 1, 1, 1, 1, 1, 1, 1, 1, 1, 1, 1, 1, 1, 1, 1, 1, 1, 1, 1, 1, 1, 1, 1, 1, 1, 1, 1, 1, 1, 1, 1, 1, 1, 1, 1, 1, 1, 1, 1, 1, 1, 1, 1, 1, 1, 1, 1, 1, 1, 1, 1, 1, 1, 1, 1, 1, 1, 1, 1, 1, 1, 1, 1, 1, 1, 1, 1, 1, 1, 1, 1, 1, 1, 1, 1, 1, 1, 1, 1, 1, 0.962, 0.964, 0.962, 0.946, 0.94, 0.934, 0.962, 0.959, 1, 0.952, 0.974, 0.992, 1, 1, 1, 1, 1, 1, 1, 1, 1, 1, 1, 1, 1, 1, 1, 1, 1, 1, 1, 1, 1, 1, 1, 1, 1, 1, 1, 1, 1, 1, 1, 1, 1, 1, 1, 1, 1, 1, 1, 1, 1, 1, 1, 1, 1, 1, 1, 1, 1, 1, 1, 1, 1, 1, 1, 1, 1, 1, 1, 1, 1, 1, 1, 1, 1, 1, 1, 1, 1, 1, 1, 1, 1, 1, 1, 1, 1, 1, 1, 1, 1, 1, 1, 1, 1, 1, 1, 1, 1, 1, 1, 1, 1, 1, 1, 1, 1, 1, 1, 1, 1, 1, 1, 1, 1, 1, 1, 1, 1, 1, 1, 1, 0.98, 1, 1, 0.981, 1, 1, 1, 1, 1, 1, 1, 1, 0.976, 0.973, 0.981, 0.987, 1, 1, 1, 1, 1, 1, 1, 1, 1, 1, 1, 1, 1, 1, 1, 1, 0.994, 0.989, 0.974, 0.987, 0.999, 0.999, 0.997, 0.995, 0.992, 0.993, 0.999, 0.999, 0.999, 0.994, 0.994, 1, 0.983, 1, 1, 0.993, 1, 1, 0.999, 0.998, 1, 1, 0.999, 1, 1, 1, 1, 1, 1, 1, 1, 1, 1, 1, 1, 1, 1, 1, 1, 1, 1, 1, 1, 1, 1, 1, 1, 1, 1, 1, 1, 1, 1, 0.972, 0.976, 0.987, 0.986, 0.999, 0.993, 0.964, 0.963, 0.982, 0.983, 0.965, 0.983, 0.971, 0.989, 0.963, 0.968, 1, 1, 1, 1, 1, 0.999, 1, 1, 1, 0.997, 1, 1, 1, 1, 1, 1, 1, 1, 1, 1, 1, 0.997, 0.991, 0.999, 0.999, 0.994, 1, 1, 1, 1, 1, 1, 1, 1, 1, 1, 1, 1, 1, 1, 1, 1, 1, 1, 0.969, 0.984, 1, 1, 1, 1, 1, 1, 0.995, 1, 1, 1, 1, 1, 1, 1, 1, 1, 1, 1, 1, 1, 1, 1, 1, 1, 1, 1, 1, 1, 1, 1, 1, 1, 1, 1, 1, 1, 1, 1, 1, 1, 1, 1, 1, 1, 1, 1, 1, 1, 1, 1, 1, 1, 1, 1, 1, 1, 1, 1, 1, 1, 1, 1, 1, 1, 1, 1, 1, 1, 1, 1, 1, 1, 1, 1, 1, 1, 1, 1, 1, 1, 1, 1, 1, 1, 1, 1, 1, 1, 1, 1, 1, 1, 1, 1, 1, 1, 1, 1, 1, 1, 1, 1, 1, 1, 1, 1, 1, 1, 1, 1, 1, 1, 1, 1, 1, 1, 1, 1, 1, 1, 1, 1, 1, 1, 1, 1, 1, 1, 1, 0.998, 0.996, 0.993, 1, 1, 0.999, 0.996, 0.998, 0.999, 1, 1, 1, 1, 1, 1, 1, 1, 0.999, 1, 1, 1, 1, 1, 1, 1, 1, 1, 1, 1, 1, 1, 1, 1, 1, 1, 1, 1, 1, 1, 1, 1, 1, 1, 1, 1, 1, 1, 1, 1, 1, 1, 1, 1, 1, 1, 1, 1, 1, 1, 1, 1, 1, 1, 1, 1, 1, 1, 1, 1, 1, 1, 1, 1, 1, 1, 1, 1, 1, 1, 1, 1, 1, 1, 1, 1, 1, 1, 1, 1, 1, 1, 1, 1, 1, 1, 1, 1, 1, 1, 1, 1, 1, 1, 1, 1, 1, 1, 1, 1, 1, 1, 1, 1, 1, 1, 1, 1, 1, 1, 1, 1, 1, 1, 1, 1, 1, 1, 1, 1, 1, 1, 1, 1, 1, 1, 1, 1, 1, 1, 1, 1, 1, 1, 1, 1, 1, 1, 1, 1, 1, 1, 1, 1, 1, 1, 1, 1, 1, 1, 1, 1, 1, 1, 1, 1, 1, 1, 1, 1, 1, 1, 1, 1, 1, 1, 1, 1, 1, 1, 1, 1, 1, 1, 1, 1, 1, 1, 1, 1, 1, 1, 1, 1, 1, 1, 1, 1, 1, 1, 1, 1, 1, 1, 1, 1, 1, 1, 1, 1, 1, 1, 1, 1, 1, 1, 1, 1, 1, 1, 1, 1, 1, 1, 1, 1, 1, 1, 1, 1, 1, 1, 1, 1, 1, 1, 1, 1, 1, 1, 1, 0.986, 0.978, 0.994, 0.998, 0.998, 0.999, 0.998, 0.997, 0.997, 0.997, 0.998, 0.998, 0.999, 1, 1, 1, 1, 1, 1, 1, 1, 1, 1, 1, 1, 1, 1, 1, 1, 1, 1, 1, 1, 1, 1, 1, 1, 1, 1, 1, 1, 1, 1, 1, 1, 1, 1, 1, 1, 1, 1, 1, 1, 1, 1, 1, 1, 1, 1, 1, 1, 1, 1, 1, 1, 1, 1, 1, 1, 1, 1, 1, 1, 1, 1, 1, 1, 1, 1, 1, 1, 1, 1, 1, 1, 1, 1, 1, 1, 1, 1, 1, 1, 1, 1, 1, 1, 1, 1, 1, 1, 1, 1, 1, 1, 1, 1, 1, 1, 1, 1, 1, 1, 1, 1, 1, 1, 1, 1, 1, 1, 1, 1, 1, 1, 1, 1, 1, 1, 1, 1, 1, 1, 1, 1, 1, 1, 1, 1, 1, 1, 1, 1, 1, 1, 1, 1, 1, 1, 1, 1, 1, 1, 1, 1, 1, 1, 0.998, 0.993, 0.986, 0.98, 0.973, 0.966, 1, 1, 1, 1, 1, 1, 1, 1, 1, 1, 1, 1, 1, 1, 1, 1, 1, 1, 1, 1, 1, 1, 1, 1, 1, 1, 1, 1, 1, 1, 1, 1, 1, 1, 1, 1, 1, 1, 1, 1, 1, 1, 1, 0.998, 0.995, 0.987, 0.975, 0.958, 0.733, 0.74, 0.748, 0.773, 0.788, 0.804, 0.819, 0.834, 0.851, 0.87, 0.891, 0.128, 0.163, 0.2, 0.243, 0.287, 0.334, 0.38, 0.425, 0.47, 0.515, 0.561, 0.607, 0.651, 0.694, 0.735, 0.773, 0.809, 0.844, 0.877, 0.909, 0.938, 0.963, 0.981, 0.997, 0.999, 1, 1, 1, 1, 1, 1, 1, 1, 1, 1, 1, 1, 1, 1, 1, 1, 1, 1, 1, 1, 1, 1, 1, 1, 1, 1, 1, 1, 1, 1, 1, 1, 1, 1, 1, 1, 1, 1, 1, 1, 1, 1, 1, 1, 1, 1, 1, 1, 1, 1, 1, 1, 1, 1, 1, 1, 1, 1, 1, 1, 1, 1, 1, 1, 1, 1, 1, 1, 1, 1, 1, 1, 1, 1, 1, 1, 1, 1, 1, 1, 1, 1, 1, 1, 1, 1, 1, 1, 1, 1, 1, 1, 1, 1, 1, 1, 1, 1, 1, 1, 1, 1, 1, 1, 1, 1, 1, 1, 1, 1, 1, 1, 1, 1, 1, 1, 1, 1, 1, 1, 1, 1, 1, 1, 1, 1, 1, 1, 1, 1, 1, 1, 1, 1, 1, 1, 1, 1, 1, 1, 1, 1, 1, 1, 1, 1, 1, 0.996, 0.986, 0.968, 0.956, 0.952, 0.951, 0.95, 0.944, 0.936, 0.927, 0.918, 0.907, 0.897, 0.857, 0.872, 0.886, 0.9, 0.914, 0.925, 0.935, 0.941, 0.945, 0.952, 0.964, 0.982, 0.995, 1, 1, 1, 1, 1, 1, 1, 1, 1, 1, 1, 1, 1, 1, 1, 1, 1, 1, 1, 1, 1, 1, 1, 1, 1, 1, 1, 1, 0.095, 0.097, 0.1, 0.104, 0.118, 0.131, 0.146, 0.168, 1, 1, 1, 1, 1, 1, 1, 1, 1, 1, 1, 1, 1, 0.992, 0.992, 0.992, 0.993, 0.993, 0.992, 0.992, 0.993, 0.993, 0.994, 0.996, 0.998, 0.999, 0.999, 1, 1, 1, 1, 1, 1, 1, 1, 1, 1, 1, 1, 1, 1, 1, 1, 1, 1, 1, 1, 1, 1, 0.999, 0.998, 0.996, 0.991, 0.982, 0.945, 0.919, 0.89, 0.859, 0.827, 0.794, 0.759, 0.723, 0.684, 0.643, 0.599, 0.555, 0.508, 0.46, 0.412, 0.363, 0.314, 0.266, 0.22, 0.181, 0.143, 0.11, 1, 1, 1, 1, 1, 1, 1, 1, 1, 1, 1, 1, 1, 1, 1, 1, 1, 1, 1, 1, 1, 1, 1, 1, 1, 1, 1, 1, 1, 1, 1, 1, 1, 1, 1, 1, 1, 1, 1, 1, 1, 1, 0.066, 0.069, 0.072, 0.075, 0.08, 0.086, 0.096, 0.108, 0.126, 0.044, 0.046, 0.049, 0.052, 0.055, 0.059, 0.066, 0.076, 0.089, 0.005, 0.004, 0.005, 0.008, 0.028, 0.021, 0.019, 0.017, 0.002, 0.002, 0.002, 0.004, 0.002, 0.02, 0.011, 0.01, 0.008, 0.03, 0.035, 0.042, 0.06, 0.028, 0.008, 0.002, 0.002, 0.002, 0.004, 0.002, 0.005, 0.004, 0.003, 0.01, 0.005, 0.036, 0.016, 0.01, 0.022, 0.01, 0.02, 0.008, 0.017, 0.033, 0.028, 0.036, 0.049, 0.016, 1, 1, 1, 1, 1, 1, 1, 1, 1, 1, 1, 1, 1, 1, 1, 1, 1, 1, 1, 1, 1, 1, 1, 1, 1, 1, 1, 1, 1, 0.129, 0.166, 0.207, 0.249, 0.293, 0.336, 0.42, 0.462, 1, 1, 1, 1, 1, 1, 1, 1, 1, 1, 1, 1, 1, 1, 1, 1, 1, 1, 1, 1, 0.999, 0.941, 0.85, 0.814, 0.691, 0.776, 0.598, 0.645, 1, 0.506, 0.551, 1, 1, 1, 1, 1, 1, 1, 1, 1, 1, 0.379, 1, 0.883, 0.914, 0.982, 0.997, 1, 1, 1, 1, 1, 1, 1, 1, 1, 1, 1, 1, 1, 1, 1, 1, 1, 1, 1, 1, 1, 1, 1, 1, 1, 1, 1, 1, 1, 1, 1, 1, 1, 1, 1, 1, 1, 1, 1, 1, 1, 1, 1, 1, 1, 1, 1, 1, 1, 1, 1, 1, 1, 1, 1, 1, 1, 1, 0.965, 1, 1, 1, 0.735, 1, 1, 0.094, 1, 0.992, 1, 1, 1, 1, 1, 1, 0.064, 0.043, 0.002, 0.004, 0.027, 0.016, 0.008, 1, 1, 1, 1, 1, 1, 1, 1, 1, 1, 1, 1, 1, 1, 1, 1, 1, 1, 1, 1, 1, 1, 1, 1, 1, 1, 1, 1, 1, 1, 1, 1, 1, 1, 1, 1, 1, 1, 1, 1, 1, 1, 1, 1, 1, 1, 1, 1, 1, 1, 1, 1, 1, 1, 1, 1, 1, 1, 1, 1, 1, 1, 1, 1, 1, 1, 1, 1, 1, 1, 1, 1, 1, 1, 1, 1, 1, 1, 1, 1, 1, 1, 1, 1, 1, 1, 1, 1, 1, 1, 1, 1, 1, 1, 1, 1, 1, 1, 1, 1, 1, 1, 1, 1, 1, 1, 1, 1, 1, 1, 1, 1, 1, 1, 1, 1, 1, 1, 1, 1, 1, 1, 1, 1, 1, 1, 1, 1, 1, 1, 1, 1, 1, 1, 1, 1, 1, 1, 1, 1, 1, 1, 1, 1, 1, 1, 1, 1, 1, 1, 1, 1, 1, 1, 1, 1, 1, 1, 1, 1, 1, 1, 1, 1, 1, 1, 1, 1, 1, 1, 1, 1, 1, 1, 1, 1, 1, 1, 1, 1, 1, 1, 1, 1, 1, 1, 1, 1, 1, 1, 1, 1, 1, 1, 1, 1, 1, 1, 1, 1, 1, 1, 1, 1, 1, 1, 1, 1, 1, 1, 1, 1, 1, 1, 1, 1, 1, 1, 1, 1, 1, 1, 1, 1, 1, 1, 1, 1, 1, 1, 1, 1, 1, 1, 1, 1, 1, 1, 1, 1, 1, 1, 1, 1, 1, 1, 1, 1, 1, 1, 1, 1, 1, 1, 1, 1, 1, 1, 1, 1, 1, 1, 1, 1, 1, 1, 1, 1, 1, 1, 1, 1, 1, 1, 1, 1, 1, 1, 1, 1, 1, 1, 1, 1, 1, 1, 1, 1, 1, 1, 1, 1, 1, 1, 1, 1, 1, 1, 1, 1, 1, 1, 1, 1, 1, 1, 1, 1, 1, 1, 1, 1, 1, 1, 1, 1, 1, 1, 1, 1, 1, 1, 1, 1, 1, 1, 1, 1, 1, 1, 1, 1, 1, 1, 1, 1, 1, 1, 1, 1, 1, 1, 1, 1, 1, 1, 1, 1, 1, 1, 1, 1, 1, 1, 1, 1, 1, 1, 1, 1, 1, 1, 1, 1, 1, 1, 1, 1, 1, 1, 1, 1, 1, 1, 1, 1, 1, 1, 1, 1, 1, 1, 1, 1, 1, 1, 1, 1, 1, 1, 1, 1, 1, 1, 1, 1, 1, 1, 1, 1, 1, 1, 1, 1, 1, 1, 1, 1, 1, 1, 1, 1, 1, 1, 1, 1, 1, 1, 1, 1, 1, 1, 1, 1, 1, 1, 1, 1, 1, 1, 1, 1, 1, 1, 1, 1, 1, 1, 1, 1, 1, 1, 1, 1, 1, 1, 1, 1, 1, 1, 1, 1, 1, 1, 1, 1, 1, 1, 1, 1, 1, 1, 1, 1, 1, 1, 1, 1, 1, 1, 1, 1, 1, 1, 1, 1, 1, 1, 1, 1, 1, 1, 1, 1, 1, 1, 1, 1, 1, 1, 1, 1, 1, 1, 1, 1, 1, 1, 1, 1, 1, 1, 1, 1, 1, 1, 1, 1, 1, 1, 1, 1, 1, 1, 1, 1, 1, 1, 1, 1, 1, 1, 1, 1, 1, 0.215, 0.267, 0.378, 0.322, 0.434, 0.578, 0.619, 0.127, 0.163, 0.202, 0.243, 0.288, 0.421, 0.465, 0.491, 0.482, 0.529, 0.444, 0.3, 0.334, 0.254, 0.286, 0.211, 0.239, 0.172, 0.195, 0.136, 0.155, 0.479, 0.432, 0.291, 0.246, 0.203, 0.166, 0.131, 0.542, 0.586, 0.394, 0.341, 0.288, 0.238, 0.192, 1, 1, 1, 1, 1, 1, 1, 1, 1, 1, 1, 1, 1, 1, 1, 1, 1, 1, 1, 1, 1, 1, 1, 1, 1, 1, 1, 1, 1, 1, 1, 1, 1, 1, 1, 1, 1, 1, 1, 1, 1, 1, 1, 1, 1, 1, 1, 1, 1, 1, 1, 1, 1, 1, 1, 1, 1, 1, 1, 1, 1, 1, 1, 1, 1, 1, 1, 1, 1, 1, 1, 1, 1, 1, 1, 1, 1, 1, 1, 1, 1, 1, 1, 1, 1, 1, 1, 1, 1, 1, 1, 1, 1, 1, 1, 1, 1, 1, 1, 1, 1, 1, 1, 1, 1, 1, 0.855, 0.907, 0.92, 0.963, 1, 1, 1, 1, 1, 1, 1, 1, 1, 1, 1, 1, 1, 1, 1, 1, 1, 1, 1, 1, 1, 1, 1, 1, 1, 1, 1, 1, 1, 1, 1, 1, 1, 1, 1, 0.999, 0.938, 0.81, 0.647, 0.773, 1, 1, 0.962, 0.957, 0.738, 0.757, 0.847, 0.833, 0.999, 0.999, 0.955, 0.948, 0.942, 0.818, 0.837, 0.784, 0.806, 0.701, 0.67, 0.659, 0.615, 0.628, 0.999, 0.999, 0.939, 0.812, 0.777, 1, 0.601, 1, 1, 1, 1, 1, 1, 1, 1, 0.661, 1, 1, 0.874, 0.895, 0.873, 0.8, 0.861, 0.703, 0.725, 1, 0.963, 0.907, 0.889, 0.826, 0.803, 0.774, 1, 1, 1, 1, 1, 1, 1, 1, 1, 1, 1, 1, 1, 1, 1, 1, 1, 1, 1, 1, 1, 1, 1, 1, 1, 1, 1, 1, 1, 1, 1, 1, 1, 1, 1, 1, 1, 1, 1, 1, 0.509, 0.525, 0.538, 0.627, 0.656, 0.575, 1, 1, 1, 1, 1, 1, 1, 1, 1, 1, 1, 1, 1, 1, 1, 1, 1, 1, 1, 1, 1, 1, 1, 1, 1, 1, 1, 1, 1, 1, 1, 1, 1, 1, 1, 1, 1, 1, 1, 1, 1, 1, 1, 1, 1, 1, 1, 1, 1, 1, 1, 1, 1, 1, 1, 1, 1, 1, 1, 1, 1, 1, 1, 1, 1, 1, 1, 1, 1, 1, 1, 1, 1, 1, 1, 1, 1, 1, 1, 1, 1, 1, 1, 1, 1, 1, 1, 1, 1, 1, 1, 1, 1, 1, 1, 1, 1, 1, 1, 1, 1, 1, 1, 1, 1, 1, 1, 1, 1, 1, 1, 1, 1, 1, 1, 1, 1, 1, 1, 1, 1, 1, 1, 1, 1, 1, 1, 1, 1, 1, 1, 1, 1, 1, 1, 1, 1, 1, 1, 1, 1, 1, 1, 1, 1, 1, 1, 1, 1, 1, 1, 1, 1, 1, 1, 1, 1, 1, 1, 1, 1, 1, 1, 1, 1, 1, 1, 1, 1, 1, 1, 1, 1, 1, 1, 1, 1, 1, 1, 1, 1, 1, 1, 1, 1, 1, 1, 1, 1, 1, 1, 1, 1, 1, 1, 1, 1, 1, 1, 1, 1, 1, 1, 1, 1, 1, 1, 1, 1, 1, 1, 1, 1, 1, 1, 1, 1, 1, 1, 1, 1, 1, 1, 1, 1, 1, 0.333, 0.338, 0.348, 0.383, 0.446, 0.486, 0.377, 0.386, 0.396, 0.433, 0.495, 0.534, 0.836, 0.879, 0.879, 0.883, 0.897, 0.911, 0.919, 0.93, 0.935, 0.98, 0.982, 0.983, 0.983, 0.984, 0.985, 0.988, 0.992, 0.997, 0.997, 0.997, 0.998, 0.997, 0.998, 0.999, 1, 1, 1, 1, 1, 1, 1, 1, 1, 1, 1, 1, 1, 1, 1, 1, 1, 1, 1, 1, 1, 1, 1, 1, 1, 1, 1, 1, 1, 1, 1, 1, 1, 1, 1, 1, 1, 1, 1, 1, 1, 1, 1, 1, 1, 1, 1, 1, 1, 1, 1, 1, 1, 1, 1, 1, 1, 1, 1, 1, 1, 1, 1, 1, 1, 1, 1, 1, 1, 1, 1, 1, 1, 1, 1, 1, 1, 1, 1, 1, 1, 1, 1, 1, 1, 1, 1, 1, 1, 1, 1, 1, 1, 1, 1, 1, 1, 1, 1, 1, 1, 1, 0.993, 0.94, 1, 1, 1, 1, 1, 1, 1, 1, 1, 1, 1, 1, 1, 1, 0.171, 0.215, 0.261, 0.31, 0.361, 0.411, 0.461, 0.509, 0.556, 0.6, 0.682, 0.719, 0.82, 0.849, 0.999, 0.987, 0.96, 0.924, 0.884, 0.86, 0.778, 0.748, 1, 1, 1, 1, 1, 1, 1, 1, 1, 1, 1, 1, 1, 1, 1, 1, 1, 1, 1, 1, 1, 1, 1, 1, 1, 1, 1, 1, 1, 1, 1, 1, 1, 1, 1, 1, 1, 1, 1, 1, 1, 1, 1, 1, 1, 1, 1, 1, 1, 1, 1, 0.904, 0.951, 0.984, 0.997, 0.999, 1, 1, 1, 1, 1, 1, 1, 1, 1, 1, 1, 1, 1, 1, 1, 1, 1, 1, 1, 1, 1, 1, 1, 1, 1, 1, 1, 1, 1, 1, 1, 1, 1, 1, 1, 1, 1, 1, 1, 1, 1, 1, 1, 1, 1, 1, 1, 1, 1, 1, 1, 1, 1, 1, 1, 1, 1, 1, 1, 1, 1, 1, 1, 1, 1, 1, 1, 1, 1, 1, 1, 1, 1, 1, 1, 1, 1, 1, 1, 1, 1, 1, 1, 1, 1, 1, 1, 1, 1, 1, 1, 1, 1, 1, 1, 1, 1, 1, 1, 1, 1, 1, 1, 1, 1, 1, 1, 1, 1, 1, 1, 1, 1, 1, 1, 1, 1, 1, 1, 1, 1, 1, 1, 1, 1, 1, 1, 1, 1, 1, 1, 1, 1, 1, 1, 1, 1, 1, 1, 1, 1, 1, 1, 1, 1, 1, 1, 1, 1, 1, 1, 1, 1, 1, 1, 1, 1, 1, 1, 1, 1, 1, 1, 1, 1, 1, 1, 1, 1, 1, 1, 1, 1, 1, 1, 1, 1, 1, 1, 1, 1, 1, 1, 1, 1, 1, 1, 1, 1, 1, 1, 1, 1, 1, 1, 1, 1, 1, 1, 1, 1, 1, 1, 1, 1, 1, 1, 1, 1, 1, 1, 1, 1, 1, 1, 1, 1, 1, 1, 1, 1, 1, 1, 1, 1, 1, 1, 1, 1, 1, 1, 1, 1, 1, 1, 1, 1, 1, 1, 1, 1, 1, 1, 1, 1, 1, 1, 1, 1, 1, 1, 1, 1, 1, 1, 1, 1, 1, 1, 1, 1, 1, 1, 1, 1, 1, 1, 1, 1, 1, 1, 1, 1, 1, 1, 1, 1, 1, 1, 1, 1, 1, 1, 1, 1, 1, 1, 1, 1, 1, 1, 1, 1, 1, 1, 1, 1, 1, 1, 1, 1, 1, 1, 1, 1, 1, 1, 1, 1, 1, 1, 1, 1, 1, 1, 1, 1, 1, 1, 1, 1, 1, 1, 1, 1, 1, 1, 1, 1, 1, 1, 1, 1, 1, 1, 1, 1, 1, 1, 1, 1, 1, 1, 1, 1, 1, 1, 1, 1, 1, 1, 1, 1, 1, 1, 1, 1, 1, 1, 1, 1, 1, 1, 1, 1, 1, 1, 1, 1, 1, 1, 1, 1, 1, 1, 1, 1, 1, 1, 1, 1, 1, 1, 1, 1, 1, 1, 1, 1, 1, 1, 1, 1, 1, 1, 1, 1, 1, 1, 1, 1, 1, 1, 1, 1, 1, 1, 1, 1, 1, 1, 1, 1, 1, 1, 1, 1, 1, 1, 1, 1, 1, 1, 1, 1, 1, 1, 1, 1, 1, 1, 1, 1, 1, 1, 1, 1, 1, 1, 1, 1, 1, 1, 1, 1, 1, 1, 1, 1, 1, 1, 1, 1, 1, 1, 1, 1, 1, 1, 1, 1, 1, 1, 1, 1, 1, 1, 1, 1, 1, 1, 1, 1, 1, 1, 1, 1, 1, 1, 1, 1, 1, 1, 1, 1, 1, 1, 1, 1, 1, 1, 1, 1, 1, 1, 1, 1, 1, 1, 1, 1, 1, 1, 1, 1, 1, 1, 1, 1, 1, 1, 1, 1, 1, 1, 1, 1, 1, 1, 1, 1, 1, 1, 1, 1, 1, 1, 1, 1, 1, 1, 1, 1, 1, 1, 1, 1, 1, 1, 1, 1, 1, 1, 1, 1, 1, 1, 1, 1, 1, 1, 1, 1, 1, 1, 1, 1, 1, 1, 1, 1, 1, 1, 1, 1, 1, 1, 1, 1, 1, 1, 1, 1, 1, 1, 1, 1, 1, 1, 1, 1, 1, 1, 1, 1, 1, 1, 1, 1, 1, 1, 1, 1, 1, 1, 1, 1, 1, 1, 1, 1, 1, 1, 1, 1, 1, 1, 1, 1, 1, 1, 1, 1, 1, 1, 1, 1, 1, 1, 1, 1, 1, 1, 1, 1, 1, 1, 1, 1, 1, 1, 1, 1, 1, 1, 1, 1, 1, 1, 1, 1, 1, 1, 1, 1, 1, 1, 1, 1, 1, 1, 1, 1, 1, 1, 1, 1, 1, 1, 1, 1, 1, 1, 1, 1, 1, 1, 1, 1, 1, 1, 1, 1, 1, 1, 1, 1, 1, 1, 1, 1, 1, 1, 1, 1, 1, 1, 1, 1, 1, 1, 1, 1, 1, 1, 1, 1, 1, 1, 1, 1, 1, 1, 1, 1, 1, 1, 1, 1, 1, 1, 1, 1, 1, 1, 1, 1, 1, 1, 1, 1, 1, 1, 0.91, 0.911, 0.914, 0.924, 0.929, 0.934, 0.939, 0.942, 0.946, 0.949, 0.95, 1, 1, 1, 1, 1, 1, 1, 1, 1, 1, 1, 1, 1, 1, 1, 1, 1, 1, 1, 1, 1, 1, 1, 1, 1, 1, 1, 1, 1, 1, 1, 1, 1, 1, 1, 1, 1, 1, 1, 1, 1, 1, 1, 1, 1, 1, 1, 1, 1, 1, 1, 1, 1, 1, 1, 1, 1, 1, 1, 1, 1, 1, 1, 1, 1, 1, 1, 1, 1, 1, 1, 1, 1, 1, 1, 1, 1, 1, 1, 1, 1, 1, 1, 1, 1, 1, 1, 1, 1, 1, 1, 1, 1, 1, 1, 1, 1, 1, 1, 1, 1, 1, 1, 1, 1, 1, 1, 1, 1, 1, 1, 1, 1, 1, 1, 1, 1, 1, 1, 1, 1, 1, 1, 1, 1, 1, 1, 1, 1, 1, 1, 1, 1, 1, 1, 1, 1, 1, 1, 1, 1, 1, 1, 1, 1, 1, 1, 1, 1, 1, 1, 1, 1, 1, 1, 1, 1, 1, 1, 1, 1, 1, 1, 1, 1, 1, 1, 1, 1, 1, 1, 1, 1, 1, 1, 1, 1, 1, 1, 1, 1, 1, 1, 1, 1, 1, 1, 1, 1, 1, 1, 1, 1, 1, 1, 1, 1, 1, 1, 1, 1, 1, 1, 1, 1, 1, 1, 1, 1, 1, 1, 1, 1, 1, 1, 1, 1, 1, 1, 1, 1, 1, 1, 1, 1, 1, 1, 1, 1, 1, 1, 1, 1, 1, 1, 1, 1, 1, 1, 1, 1, 1, 1, 1, 1, 1, 1, 1, 1, 1, 1, 1, 1, 1, 1, 1, 1, 1, 1, 1, 1, 1, 1, 1, 1, 1, 1, 1, 1, 1, 1, 1, 1, 1, 1, 1, 1, 1, 1, 1, 1, 1, 1, 1, 1, 1, 1, 1, 1, 1, 1, 1, 1, 1, 1, 1, 1, 1, 1, 1, 1, 1, 1, 1, 1, 1, 1, 1, 1, 1, 1, 1, 1, 1, 1, 1, 1, 1, 1, 1, 1, 1, 1, 1, 1, 1, 1, 1, 1, 1, 1, 1, 1, 1, 1, 1, 1, 1, 1, 1, 1, 1, 1, 1, 1, 1, 1, 1, 1, 1, 1, 1, 1, 1, 1, 1, 1, 1, 1, 1, 1, 1, 1, 1, 1, 1, 1, 1, 1, 1, 1, 1, 1, 1, 1, 1, 1, 1, 1, 1, 1, 1, 1, 1, 1, 1, 1, 1, 1, 1, 1, 1, 1, 1, 1, 1, 1, 1, 1, 1, 1, 1, 1, 1, 1, 1, 1, 1, 1, 1, 1, 1, 1, 1, 1, 1, 1, 1, 1, 1, 1, 1, 1, 1, 1, 1, 1, 1, 1, 1, 1, 1, 1, 1, 1, 1, 1, 1, 1, 1, 1, 1, 1, 1, 1, 1, 1, 1, 1, 1, 1, 1, 1, 1, 1, 1, 1, 1, 1, 1, 1, 1, 1, 1, 1, 1, 1, 1, 1, 1, 1, 1, 1, 1, 1, 1, 1, 1, 1, 1, 1, 1, 1, 1, 1, 1, 1, 1, 1, 1, 1, 1, 1, 1, 1, 1, 1, 1, 1, 1, 1, 1, 1, 1, 1, 1, 1, 1, 1, 1, 1, 1, 1, 1, 1, 1, 1, 1, 1, 1, 1, 1, 1, 1, 1, 1, 1, 1, 1, 1, 1, 1, 1, 1, 1, 1, 1, 1, 1, 1, 1, 1, 1, 1, 1, 1, 1, 1, 1, 1, 1, 1, 1, 1, 1, 1, 1, 1, 1, 1, 1, 1, 1, 1, 1, 1, 1, 1, 1, 1, 1, 1, 1, 1, 1, 1, 1, 1, 1, 1, 1, 1, 1, 1, 1, 1, 1, 1, 1, 1, 1, 1, 1, 1, 1, 1, 1, 1, 1, 1, 1, 1, 1, 1, 1, 1, 1, 1, 1, 1, 1, 1, 1, 1, 1, 1, 1, 1, 1, 1, 1, 1, 1, 1, 1, 1, 1, 1, 1, 1, 1, 1, 1, 1, 1, 1, 1, 1, 1, 1, 1, 1, 1, 1, 1, 1, 1, 1, 1, 1, 1, 1, 1, 1, 1, 1, 1, 1, 1, 1, 1, 1, 1, 1, 1, 1, 1, 1, 1, 1, 1, 1, 1, 1, 1, 1, 1, 1, 1, 1, 1, 1, 1, 1, 1, 1, 1, 1, 1, 1, 1, 1, 1, 1, 1, 1, 1, 1, 1, 1, 1, 1, 1, 1, 1, 1, 1, 1, 1, 1, 1, 1, 1, 1, 1, 1, 1, 1, 1, 1, 1, 1, 1, 1, 1, 1, 1, 1, 1, 1, 1, 1, 1, 1, 1, 1, 1, 1, 1, 1, 1, 1, 1, 1, 1, 1, 1, 0.845, 0.846, 0.851, 0.868, 0.877, 0.887, 0.896, 0.905, 0.913, 0.922, 0.931, 1, 1, 1, 1, 1, 1, 1, 1, 1, 1, 1, 1, 1, 1, 1, 1, 1, 1, 1, 1, 1, 1, 1, 1, 1, 1, 1, 1, 1, 1, 1, 1, 1, 1, 0.984, 0.997, 0.999, 1, 1, 1, 1, 1, 1, 1, 1, 1, 1, 1, 1, 1, 1, 1, 1, 1, 1, 1, 1, 1, 1, 1, 1, 1, 1, 1, 1, 1, 1, 1, 1, 1, 1, 1, 1, 1, 1, 1, 1, 1, 1, 1, 1, 1, 1, 1, 1, 1, 1, 1, 1, 0.967, 0.555, 0.571, 0.584, 0.619, 0.642, 0.666, 0.691, 0.718, 0.748, 0.781, 0.818, 0.981, 0.979, 0.977, 0.975, 0.973, 0.972, 0.97, 0.968, 0.963, 0.963, 0.965, 1, 1, 1, 1, 1, 1, 1, 1, 1, 1, 1, 1, 1, 1, 1, 1, 1, 1, 1, 1, 1, 1, 1, 1, 1, 1, 1, 1, 1, 1, 1, 1, 1, 1, 1, 1, 1, 1, 1, 1, 1, 1, 1, 1, 1, 1, 1, 1, 1, 1, 1, 1, 1, 1, 1, 1, 1, 1, 1, 1, 1, 1, 1, 1, 0.873, 0.848, 0.826, 0.807, 0.789, 0.772, 0.755, 0.738, 0.71, 0.7, 0.691, 1, 1, 1, 1, 1, 1, 1, 1, 1, 1, 1, 1, 1, 1, 1, 1, 1, 1, 1, 1, 1, 1, 1, 1, 1, 1, 1, 1, 1, 1, 1, 1, 1, 1, 1, 1, 1, 1, 1, 1, 1, 1, 1, 1, 1, 1, 1, 1, 1, 1, 1, 1, 1, 1, 1, 1, 1, 1, 1, 1, 1, 1, 1, 1, 1, 1, 1, 1, 1, 1, 1, 1, 1, 1, 1, 1, 1, 1, 1, 1, 1, 1, 1, 0.962, 0.964, 0.962, 0.946, 0.94, 0.934, 0.962, 0.959, 1, 0.952, 0.974, 0.992, 1, 1, 1, 1, 1, 1, 1, 1, 1, 1, 1, 1, 1, 1, 1, 1, 1, 1, 1, 1, 1, 1, 1, 1, 1, 1, 1, 1, 1, 1, 1, 1, 1, 1, 1, 1, 1, 1, 1, 1, 1, 1, 1, 1, 1, 1, 1, 1, 1, 1, 1, 1, 1, 1, 1, 1, 1, 1, 1, 1, 1, 1, 1, 1, 1, 1, 1, 1, 1, 1, 1, 1, 1, 1, 1, 1, 1, 1, 1, 1, 1, 1, 1, 1, 1, 1, 1, 1, 1, 1, 1, 1, 1, 1, 1, 1, 1, 1, 1, 1, 1, 1, 1, 1, 1, 1, 1, 1, 1, 1, 1, 1, 0.98, 1, 1, 0.981, 1, 1, 1, 1, 1, 1, 1, 1, 0.976, 0.973, 0.981, 0.987, 1, 1, 1, 1, 1, 1, 1, 1, 1, 1, 1, 1, 1, 1, 1, 1, 0.994, 0.989, 0.974, 0.987, 0.999, 0.999, 0.997, 0.995, 0.992, 0.993, 0.999, 0.999, 0.999, 0.994, 0.994, 1, 0.983, 1, 1, 0.993, 1, 1, 0.999, 0.998, 1, 1, 0.999, 1, 1, 1, 1, 1, 1, 1, 1, 1, 1, 1, 1, 1, 1, 1, 1, 1, 1, 1, 1, 1, 1, 1, 1, 1, 1, 1, 1, 1, 1, 0.972, 0.976, 0.987, 0.986, 0.999, 0.993, 0.964, 0.963, 0.982, 0.983, 0.965, 0.983, 0.971, 0.989, 0.963, 0.968, 1, 1, 1, 1, 1, 0.999, 1, 1, 1, 0.997, 1, 1, 1, 1, 1, 1, 1, 1, 1, 1, 1, 0.997, 0.991, 0.999, 0.999, 0.994, 1, 1, 1, 1, 1, 1, 1, 1, 1, 1, 1, 1, 1, 1, 1, 1, 1, 1, 0.969, 0.984, 1, 1, 1, 1, 1, 1, 0.995, 1, 1, 1, 1, 1, 1, 1, 1, 1, 1, 1, 1, 1, 1, 1, 1, 1, 1, 1, 1, 1, 1, 1, 1, 1, 1, 1, 1, 1, 1, 1, 1, 1, 1, 1, 1, 1, 1, 1, 1, 1, 1, 1, 1, 1, 1, 1, 1, 1, 1, 1, 1, 1, 1, 1, 1, 1, 1, 1, 1, 1, 1, 1, 1, 1, 1, 1, 1, 1, 1, 1, 1, 1, 1, 1, 1, 1, 1, 1, 1, 1, 1, 1, 1, 1, 1, 1, 1, 1, 1, 1, 1, 1, 1, 1, 1, 1, 1, 1, 1, 1, 1, 1, 1, 1, 1, 1, 1, 1, 1, 1, 1, 1, 1, 1, 1, 1, 1, 1, 1, 1, 1, 0.998, 0.996, 0.993, 1, 1, 0.999, 0.996, 0.998, 0.999, 1, 1, 1, 1, 1, 1, 1, 1, 0.999, 1, 1, 1, 1, 1, 1, 1, 1, 1, 1, 1, 1, 1, 1, 1, 1, 1, 1, 1, 1, 1, 1, 1, 1, 1, 1, 1, 1, 1, 1, 1, 1, 1, 1, 1, 1, 1, 1, 1, 1, 1, 1, 1, 1, 1, 1, 1, 1, 1, 1, 1, 1, 1, 1, 1, 1, 1, 1, 1, 1, 1, 1, 1, 1, 1, 1, 1, 1, 1, 1, 1, 1, 1, 1, 1, 1, 1, 1, 1, 1, 1, 1, 1, 1, 1, 1, 1, 1, 1, 1, 1, 1, 1, 1, 1, 1, 1, 1, 1, 1, 1, 1, 1, 1, 1, 1, 1, 1, 1, 1, 1, 1, 1, 1, 1, 1, 1, 1, 1, 1, 1, 1, 1, 1, 1, 1, 1, 1, 1, 1, 1, 1, 1, 1, 1, 1, 1, 1, 1, 1, 1, 1, 1, 1, 1, 1, 1, 1, 1, 1, 1, 1, 1, 1, 1, 1, 1, 1, 1, 1, 1, 1, 1, 1, 1, 1, 1, 1, 1, 1, 1, 1, 1, 1, 1, 1, 1, 1, 1, 1, 1, 1, 1, 1, 1, 1, 1, 1, 1, 1, 1, 1, 1, 1, 1, 1, 1, 1, 1, 1, 1, 1, 1, 1, 1, 1, 1, 1, 1, 1, 1, 1, 1, 1, 1, 1, 1, 1, 1, 1, 1, 1, 0.986, 0.978, 0.994, 0.998, 0.998, 0.999, 0.998, 0.997, 0.997, 0.997, 0.998, 0.998, 0.999, 1, 1, 1, 1, 1, 1, 1, 1, 1, 1, 1, 1, 1, 1, 1, 1, 1, 1, 1, 1, 1, 1, 1, 1, 1, 1, 1, 1, 1, 1, 1, 1, 1, 1, 1, 1, 1, 1, 1, 1, 1, 1, 1, 1, 1, 1, 1, 1, 1, 1, 1, 1, 1, 1, 1, 1, 1, 1, 1, 1, 1, 1, 1, 1, 1, 1, 1, 1, 1, 1, 1, 1, 1, 1, 1, 1, 1, 1, 1, 1, 1, 1, 1, 1, 1, 1, 1, 1, 1, 1, 1, 1, 1, 1, 1, 1, 1, 1, 1, 1, 1, 1, 1, 1, 1, 1, 1, 1, 1, 1, 1, 1, 1, 1, 1, 1, 1, 1, 1, 1, 1, 1, 1, 1, 1, 1, 1, 1, 1, 1, 1, 1, 1, 1, 1, 1, 1, 1, 1, 1, 1, 1, 1, 1, 0.998, 0.993, 0.986, 0.98, 0.973, 0.966, 1, 1, 1, 1, 1, 1, 1, 1, 1, 1, 1, 1, 1, 1, 1, 1, 1, 1, 1, 1, 1, 1, 1, 1, 1, 1, 1, 1, 1, 1, 1, 1, 1, 1, 1, 1, 1, 1, 1, 1, 1, 1, 1, 0.998, 0.995, 0.987, 0.975, 0.958, 0.733, 0.74, 0.748, 0.773, 0.788, 0.804, 0.819, 0.834, 0.851, 0.87, 0.891, 0.128, 0.163, 0.2, 0.243, 0.287, 0.334, 0.38, 0.425, 0.47, 0.515, 0.561, 0.607, 0.651, 0.694, 0.735, 0.773, 0.809, 0.844, 0.877, 0.909, 0.938, 0.963, 0.981, 0.997, 0.999, 1, 1, 1, 1, 1, 1, 1, 1, 1, 1, 1, 1, 1, 1, 1, 1, 1, 1, 1, 1, 1, 1, 1, 1, 1, 1, 1, 1, 1, 1, 1, 1, 1, 1, 1, 1, 1, 1, 1, 1, 1, 1, 1, 1, 1, 1, 1, 1, 1, 1, 1, 1, 1, 1, 1, 1, 1, 1, 1, 1, 1, 1, 1, 1, 1, 1, 1, 1, 1, 1, 1, 1, 1, 1, 1, 1, 1, 1, 1, 1, 1, 1, 1, 1, 1, 1, 1, 1, 1, 1, 1, 1, 1, 1, 1, 1, 1, 1, 1, 1, 1, 1, 1, 1, 1, 1, 1, 1, 1, 1, 1, 1, 1, 1, 1, 1, 1, 1, 1, 1, 1, 1, 1, 1, 1, 1, 1, 1, 1, 1, 1, 1, 1, 1, 1, 1, 1, 1, 1, 1, 1, 1, 1, 1, 1, 1, 1, 0.996, 0.986, 0.968, 0.956, 0.952, 0.951, 0.95, 0.944, 0.936, 0.927, 0.918, 0.907, 0.897, 0.857, 0.872, 0.886, 0.9, 0.914, 0.925, 0.935, 0.941, 0.945, 0.952, 0.964, 0.982, 0.995, 1, 1, 1, 1, 1, 1, 1, 1, 1, 1, 1, 1, 1, 1, 1, 1, 1, 1, 1, 1, 1, 1, 1, 1, 1, 1, 1, 1, 0.095, 0.097, 0.1, 0.104, 0.118, 0.131, 0.146, 0.168, 1, 1, 1, 1, 1, 1, 1, 1, 1, 1, 1, 1, 1, 0.992, 0.992, 0.992, 0.993, 0.993, 0.992, 0.992, 0.993, 0.993, 0.994, 0.996, 0.998, 0.999, 0.999, 1, 1, 1, 1, 1, 1, 1, 1, 1, 1, 1, 1, 1, 1, 1, 1, 1, 1, 1, 1, 1, 1, 0.999, 0.998, 0.996, 0.991, 0.982, 0.945, 0.919, 0.89, 0.859, 0.827, 0.794, 0.759, 0.723, 0.684, 0.643, 0.599, 0.555, 0.508, 0.46, 0.412, 0.363, 0.314, 0.266, 0.22, 0.181, 0.143, 0.11, 1, 1, 1, 1, 1, 1, 1, 1, 1, 1, 1, 1, 1, 1, 1, 1, 1, 1, 1, 1, 1, 1, 1, 1, 1, 1, 1, 1, 1, 1, 1, 1, 1, 1, 1, 1, 1, 1, 1, 1, 1, 1, 0.066, 0.069, 0.072, 0.075, 0.08, 0.086, 0.096, 0.108, 0.126, 0.044, 0.046, 0.049, 0.052, 0.055, 0.059, 0.066, 0.076, 0.089, 0.005, 0.004, 0.005, 0.008, 0.028, 0.021, 0.019, 0.017, 0.002, 0.002, 0.002, 0.004, 0.002, 0.02, 0.011, 0.01, 0.008, 0.03, 0.035, 0.042, 0.06, 0.028, 0.008, 0.002, 0.002, 0.002, 0.004, 0.002, 0.005, 0.004, 0.003, 0.01, 0.005, 0.036, 0.016, 0.01, 0.022, 0.01, 0.02, 0.008, 0.017, 0.033, 0.028, 0.036, 0.049, 0.016, 1, 1, 0.982, 0.987, 0.997, 0.999, 1, 1, 0.995, 0.992, 0.437, 0.036, 0.066, 0.018, 0.115, 0.189, 0.299, 0.002, 0.004, 0.009, 0.999, 1, 0.998, 0.988, 0.994, 0.92, 0.371, 0.438, 0.565, 0.504, 0.621, 0.745, 0.324, 0.39, 0.517, 0.455, 0.575, 0.701, 0.28, 0.344, 0.408, 0.471, 0.533, 0.659, 0.773, 0.731, 0.691, 0.979, 0.983, 0.974, 0.97, 1, 1, 0.797, 0.721, 0.757, 0.986, 1, 1, 1, 0.999, 0.999, 1, 1, 1, 1, 1, 1, 1, 0.997, 0.997, 0.996, 0.996, 0.995, 1, 1, 1, 1, 1, 1, 1, 1, 1, 0.999, 0.994, 1, 1, 0.999, 0.993, 0.579, 0.623, 0.67, 0.622, 0.666, 0.711, 0.997, 0.997, 0.998, 0.998, 0.998, 0.998, 0.998, 0.687, 0.654, 0.618, 0.577, 0.532, 0.48, 0.422, 0.361, 0.303, 0.246, 1, 1, 1, 1, 1, 1, 1, 1, 1, 1, 1, 1, 1, 0.979, 0.974, 0.968, 0.962, 0.953, 0.992, 0.996, 0.998, 1, 1, 1, 1, 1, 0.998, 0.997, 0.993, 0.93, 0.999, 1, 1, 1, 1, 1, 1, 1, 1, 0.999, 1, 1, 1, 0.998, 0.996, 0.998, 0.996, 0.998, 0.996, 1, 1, 0.999, 1, 1, 0.999, 0.999, 0.997, 1, 1, 0.999, 0.999, 0.993, 1, 1, 1, 0.999, 0.992, 0.992, 0.993, 0.998, 1, 1, 1, 0.999, 0.999, 0.997, 0.994, 1, 1, 0.999, 0.998, 0.995, 0.996, 0.998, 0.999, 1, 1, 1, 1, 0.983, 0.976, 0.966, 0.946, 0.964, 0.941, 0.909, 0.961, 0.938, 0.906, 0.959, 0.937, 0.907, 0.96, 0.938, 0.911, 0.962, 0.942, 0.918, 0.967, 0.949, 0.931, 0.974, 0.96, 0.947, 0.981, 0.972, 0.962, 0.995, 0.994, 0.994, 0.992, 0.99, 0.988, 0.987, 0.986, 0.985, 0.985, 0.986, 0.987, 0.989, 0.992, 0.991, 0.989, 0.987, 0.985, 0.982, 0.98, 0.977, 0.975, 0.974, 0.974, 0.975, 0.978, 0.982, 0.987, 0.999, 0.987, 0.993, 0.999, 0.954, 0.98, 0.987, 0.991, 0.998, 0.999, 0.994, 0.996, 0.933, 0.875, 0.805, 0.598, 0.489, 0.808, 0.715, 0.717, 0.615, 0.806, 0.825, 0.793, 0.703, 0.585, 0.474, 0.607, 0.877, 0.719, 0.877, 0.706, 0.847, 0.758, 0.765, 0.908, 0.85, 0.766, 0.84, 0.838, 0.749, 0.648, 0.53, 0.42, 0.544, 0.555, 0.67, 0.658, 0.666, 0.906, 0.764, 0.909, 0.933, 0.955, 0.969, 0.983, 0.989, 0.954, 0.97, 0.979, 0.934, 0.953, 0.968, 0.881, 0.908, 0.932, 0.347, 0.403, 0.461, 0.52, 0.651, 0.725, 0.801, 0.845, 0.876, 0.903, 0.884, 0.84, 0.803, 0.836, 0.862, 0.758, 0.791, 0.818, 0.193, 0.224, 0.259, 0.302, 0.969, 0.953, 0.934, 0.911, 0.88, 0.845, 0.8, 0.75, 0.698, 0.642, 0.582, 0.235, 0.197, 0.277, 0.332, 0.389, 0.45, 0.515, 0.586, 0.666, 0.146, 0.167, 0.176, 0.145, 0.213, 0.264, 0.319, 0.377, 0.44, 0.509, 0.574, 0.632, 0.675, 0.701, 0.101, 0.121, 0.114, 0.067, 0.049, 0.022, 0.186, 0.092, 0.02, 0.007, 0.039, 0.012, 0.044, 0.265, 0.416, 0.178, 0.062, 0.017, 0.015, 0.006, 0.004, 0.051, 0.344, 0.148, 0.124, 0.003, 0.012, 0.012, 0.004, 0.047, 0.002, 0.002, 0.003, 0.127, 0.051, 0.101, 0.02, 0.047, 0.029, 0.083, 0.202, 0.302, 0.267, 0.102, 0.032, 0.009, 0.009, 0.031, 0.034, 0.111, 0.252, 0.509, 0.408, 0.212, 0.095, 0.293, 0.538, 0.005, 0.006, 0.025, 0.007, 0.002, 0.003, 0.003, 0.002, 0.002, 0.008, 0.025, 0.072, 0.083, 0.018, 0.007, 0.003, 0.009, 0.16, 0.161, 0.086, 0.102, 0.073, 0.032, 0.041, 0.147, 0.132, 0.07, 0.032, 0.012, 0.013, 0.062, 0.03, 0.015, 0.024, 0.054, 0.069, 0.251, 0.226, 0.355, 0.563, 0.432, 0.169, 0.396, 0.281, 0.107, 0.059, 0.034, 0.016, 0.016, 0.005, 0.008, 0.008, 0.004, 0.055, 0.027, 0.064, 0.017, 0.184, 0.373, 0.158, 0.234, 0.465, 0.306, 0.136, 0.187, 0.089, 0.003, 0.01, 0.006, 0.013, 0.006, 0.003, 0.023, 0.045, 0.025, 0.012, 0.005, 0.002, 0.002, 0.003, 0.003, 0.002, 0.002, 0.004, 0.048, 0.11, 0.078, 0.011, 0.004, 0.002, 0.005, 0.006, 0.002, 0.003, 0.006, 0.004, 0.002, 0.002, 0.002, 0.002, 1, 1, 1, 1, 0.999, 0.997, 0.995, 0.992, 0.987, 0.982, 1, 1, 1, 1, 0.999, 0.997, 0.995, 0.993, 0.988, 0.983, 0.877, 0.877, 0.887, 0.941, 0.58, 0.58, 0.719, 0.718, 0.585, 0.439, 0.298, 0.188, 0.114, 0.065, 0.035, 0.018, 0.009, 0.004, 0.002, 0.715, 0.93, 0.916, 0.918, 0.926, 0.954, 0.945, 0.946, 0.948, 0.965, 0.787, 0.798, 0.826, 0.814, 0.816, 0.97, 0.974, 0.974, 0.973, 0.756, 0.997, 0.995, 0.989, 0.979, 0.967, 0.948, 0.927, 0.906, 0.89, 0.877, 0.862, 0.856, 0.859, 0.871, 0.965, 0.965, 0.964, 0.955, 0.938, 0.916, 0.889, 0.964, 0.999, 1, 0.998, 0.988, 0.994, 0.92, 0.371, 0.438, 0.565, 0.504, 0.621, 0.745, 0.324, 0.39, 0.517, 0.455, 0.575, 0.701, 0.28, 0.344, 0.408, 0.471, 0.533, 0.659, 0.773, 0.731, 0.691, 0.979, 0.983, 0.974, 0.97, 1, 1, 0.797, 0.721, 0.757, 0.986, 1, 1, 1, 0.999, 0.999, 1, 1, 1, 1, 1, 1, 1, 0.997, 0.997, 0.996, 0.996, 0.995, 1, 1, 1, 1, 1, 1, 1, 1, 1, 0.999, 0.994, 1, 1, 0.999, 0.993, 0.579, 0.623, 0.67, 0.622, 0.666, 0.711, 0.997, 0.997, 0.998, 0.998, 0.998, 0.998, 0.998, 0.687, 0.654, 0.618, 0.577, 0.532, 0.48, 0.422, 0.361, 0.303, 0.246, 1, 1, 1, 1, 1, 1, 1, 1, 1, 1, 1, 1, 1, 0.979, 0.974, 0.968, 0.962, 0.953, 0.992, 0.996, 0.998, 1, 1, 1, 1, 1, 0.998, 0.997, 0.993, 0.93, 0.999, 1, 1, 1, 1, 1, 1, 1, 1, 0.999, 1, 1, 1, 0.998, 0.996, 0.998, 0.996, 0.998, 0.996, 1, 1, 0.999, 1, 1, 0.999, 0.999, 0.997, 1, 1, 0.999, 0.999, 0.993, 1, 1, 1, 0.999, 0.992, 0.992, 0.993, 0.998, 1, 1, 1, 0.999, 0.999, 0.997, 0.994, 1, 1, 0.999, 0.998, 0.995, 0.996, 0.998, 0.999, 1, 1, 1, 1, 0.983, 0.976, 0.966, 0.946, 0.964, 0.941, 0.909, 0.961, 0.938, 0.906, 0.959, 0.937, 0.907, 0.96, 0.938, 0.911, 0.962, 0.942, 0.918, 0.967, 0.949, 0.931, 0.974, 0.96, 0.947, 0.981, 0.972, 0.962, 0.995, 0.994, 0.994, 0.992, 0.99, 0.988, 0.987, 0.986, 0.985, 0.985, 0.986, 0.987, 0.989, 0.992, 0.991, 0.989, 0.987, 0.985, 0.982, 0.98, 0.977, 0.975, 0.974, 0.974, 0.975, 0.978, 0.982, 0.987, 0.999, 0.987, 0.993, 0.999, 0.954, 0.98, 0.987, 0.991, 0.998, 0.999, 0.994, 0.996, 0.933, 0.875, 0.805, 0.598, 0.489, 0.808, 0.715, 0.717, 0.615, 0.806, 0.825, 0.793, 0.703, 0.585, 0.474, 0.607, 0.877, 0.719, 0.877, 0.706, 0.847, 0.758, 0.765, 0.908, 0.85, 0.766, 0.84, 0.838, 0.749, 0.648, 0.53, 0.42, 0.544, 0.555, 0.67, 0.658, 0.666, 0.906, 0.764, 0.909, 0.933, 0.955, 0.969, 0.983, 0.989, 0.954, 0.97, 0.979, 0.934, 0.953, 0.968, 0.881, 0.908, 0.932, 0.347, 0.403, 0.461, 0.52, 0.651, 0.725, 0.801, 0.845, 0.876, 0.903, 0.884, 0.84, 0.803, 0.836, 0.862, 0.758, 0.791, 0.818, 0.193, 0.224, 0.259, 0.302, 0.969, 0.953, 0.934, 0.911, 0.88, 0.845, 0.8, 0.75, 0.698, 0.642, 0.582, 0.235, 0.197, 0.277, 0.332, 0.389, 0.45, 0.515, 0.586, 0.666, 0.146, 0.167, 0.176, 0.145, 0.213, 0.264, 0.319, 0.377, 0.44, 0.509, 0.574, 0.632, 0.675, 0.701, 0.101, 0.121, 0.114, 0.067, 0.049, 0.022, 0.186, 0.092, 0.02, 0.007, 0.039, 0.012, 0.044, 0.265, 0.416, 0.178, 0.062, 0.017, 0.015, 0.006, 0.004, 0.051, 0.344, 0.148, 0.124, 0.003, 0.012, 0.012, 0.004, 0.047, 0.002, 0.002, 0.003, 0.127, 0.051, 0.101, 0.02, 0.047, 0.029, 0.083, 0.202, 0.302, 0.267, 0.102, 0.032, 0.009, 0.009, 0.031, 0.034, 0.111, 0.252, 0.509, 0.408, 0.212, 0.095, 0.293, 0.538, 0.005, 0.006, 0.025, 0.007, 0.002, 0.003, 0.003, 0.002, 0.002, 0.008, 0.025, 0.072, 0.083, 0.018, 0.007, 0.003, 0.009, 0.16, 0.161, 0.086, 0.102, 0.073, 0.032, 0.041, 0.147, 0.132, 0.07, 0.032, 0.012, 0.013, 0.062, 0.03, 0.015, 0.024, 0.054, 0.069, 0.251, 0.226, 0.355, 0.563, 0.432, 0.169, 0.396, 0.281, 0.107, 0.059, 0.034, 0.016, 0.016, 0.005, 0.008, 0.008, 0.004, 0.055, 0.027, 0.064, 0.017, 0.184, 0.373, 0.158, 0.234, 0.465, 0.306, 0.136, 0.187, 0.089, 0.003, 0.01, 0.006, 0.013, 0.006, 0.003, 0.023, 0.045, 0.025, 0.012, 0.005, 0.002, 0.002, 0.003, 0.003, 0.002, 0.002, 0.004, 0.048, 0.11, 0.078, 0.011, 0.004, 0.002, 0.005, 0.006, 0.002, 0.003, 0.006, 0.004, 0.002, 0.002, 0.002, 0.002, 1, 1, 1, 1, 0.999, 0.997, 0.995, 0.992, 0.987, 0.982, 1, 1, 1, 1, 0.999, 0.997, 0.995, 0.993, 0.988, 0.983, 0.877, 0.887, 0.941, 0.58, 0.718, 0.585, 0.439, 0.298, 0.188, 0.114, 0.065, 0.035, 0.018, 0.009, 0.004, 0.002, 0.715, 0.93, 0.918, 0.926, 0.954, 0.946, 0.948, 0.965, 0.787, 0.798, 0.826, 0.814, 0.97, 0.974, 0.973, 0.756, 0.997, 0.995, 0.989, 0.979, 0.967, 0.948, 0.927, 0.906, 0.89, 0.877, 0.862, 0.856, 0.859, 0.871, 0.965, 0.965, 0.964, 0.955, 0.938, 0.916, 0.889]
                    rel rigExec:weightTarget = </Biped/Geom/body_geo.points>
                }

                def Scope "spine_curve_wire_bind"
                {
                    custom float2[] rigExec:bindCoordinates = [(1.07234726e-7, 10.912832), (5.65099e-7, 10.363607), (0.017637352, 10.694434), (5.65099e-7, 10.979661), (0.013009872, 11.290042), (1.07234726e-7, 6.541097), (1.07234726e-7, 8.273772), (0.012094648, 12.1683855), (0.017113212, 12.693732), (5.65099e-7, 11.92616), (5.65099e-7, 12.599465), (2.9880565e-7, 12.300272), (0.014234491, 12.47297), (1.07234726e-7, 8.206496), (2.9880565e-7, 10.924785), (1.07234726e-7, 11.831449), (0.027624015, 9.428304), (1.07234726e-7, 8.305767), (8.317561e-7, 11.491874), (0.011482222, 11.779459), (0.022966787, 10.080813), (0.0000026304685, 9.7679205), (1.07234726e-7, 10.912832), (5.65099e-7, 10.363607), (0.017637352, 10.694434), (5.65099e-7, 10.979661), (0.013009872, 11.290042), (1.07234726e-7, 6.541097), (1.07234726e-7, 8.273772), (0.012094648, 12.1683855), (0.017113212, 12.693732), (5.65099e-7, 11.92616), (5.65099e-7, 12.599465), (2.9880565e-7, 12.300272), (0.014234491, 12.47297), (1.07234726e-7, 8.206496), (2.9880565e-7, 10.924785), (1.07234726e-7, 11.831449), (1.07234726e-7, 8.305767), (8.317561e-7, 11.491874), (0.011482222, 11.779459), (0.022966787, 10.080813), (0.0000026304685, 9.7679205), (0.73689777, 12.094468), (0.7656799, 12.281627), (0.7046718, 11.855558), (0.67302984, 11.275285), (0.6327311, 9.617553), (0.631496, 9.364699), (0.7899367, 12.415847), (0.8081826, 12.455086), (0.8214292, 12.360925), (0.83252096, 11.526817), (0.82418287, 11.208939), (0.8012286, 10.673441), (0.7906016, 10.439951), (0.77148855, 9.690599), (0.6356258, 9.963814), (0.7754201, 9.95286), (0.8131287, 10.925297), (3.244648e-7, 8.886653), (3.244648e-7, 8.3743305), (0.24864455, 10.442775), (0.2396181, 10.012082), (0.3212963, 10.685656), (0.31007734, 10.291141), (0.5128287, 11.202177), (0.5170091, 10.937565), (0.5610666, 11.427584), (0.5931689, 11.181753), (0.6428933, 12.402251), (0.70367306, 12.371055), (0.53447354, 11.632205), (0.58737564, 12.35112), (0.50123614, 11.46602), (0.3276064, 11.178096), (0.25393912, 11.034949), (3.244648e-7, 9.831082), (0.5031187, 11.901912), (0.5327148, 12.550524), (0.47937733, 11.782609), (0.32497352, 11.710963), (0.25251716, 11.682658), (3.244648e-7, 11.499733), (0.02348541, 8.828219), (0.021283751, 9.338911), (0.010535019, 10.257919), (5.417277e-7, 11.552376), (3.244648e-7, 13.865262), (0.22740819, 12.711392), (3.244648e-7, 5.5991383), (3.244648e-7, 5.4708242), (3.244648e-7, 5.389679), (0.55673885, 9.929053), (0.4824184, 9.861282), (0.55233777, 9.593109), (0.47665516, 9.542336), (0.29137868, 12.573308), (0.16597153, 13.731858), (0.21814081, 13.461853), (0.12672855, 13.193538), (0.10541131, 12.838267), (0.41294485, 12.456652), (0.42469862, 12.53656), (0.41326404, 12.976831), (0.18744637, 13.509981), (0.24285643, 13.229407), (0.12349195, 13.771659), (0.16985558, 13.569218), (0.6544746, 12.552951), (0.7227005, 12.488498), (0.59285545, 12.521302), (0.53250253, 12.68373), (0.4030808, 12.960903), (0.6588684, 12.494789), (0.7327791, 12.504676), (0.59308195, 12.574474), (0.5291433, 12.711987), (0.39367828, 12.828696), (0.64770204, 11.367068), (0.7331998, 11.429518), (0.5696505, 11.414782), (0.49624476, 11.604748), (0.35698915, 12.162299), (0.63680756, 11.010641), (0.723131, 11.078097), (0.5587017, 11.086083), (0.48599252, 11.338362), (0.34888664, 12.022243), (0.6255251, 10.708858), (0.7116651, 10.773686), (0.5478985, 10.811623), (0.47589207, 11.1036215), (0.34121472, 11.867527), (0.604807, 10.1952505), (0.69038934, 10.263254), (0.52812093, 10.30023), (0.4578682, 10.599957), (0.32705674, 11.435661), (0.58516186, 9.357891), (0.6712079, 9.472857), (0.5079437, 9.396081), (0.4376023, 9.616816), (0.31047136, 10.407619), (0.22539662, 12.921281), (0.20890784, 12.6772), (0.17430907, 13.054892), (0.15535796, 12.737704), (2.9880565e-7, 13.059894), (2.9880565e-7, 12.849325), (3.244648e-7, 11.92935), (1.07234726e-7, 13.275389), (5.417277e-7, 14.457527), (2.9880565e-7, 12.868916), (0.14771014, 13.452656), (0.10333797, 13.605645), (3.244648e-7, 14.123461), (0.28017777, 12.880266), (0.26624367, 12.675899), (0.29687563, 13.060991), (0.19477172, 13.28143), (0.2441825, 13.102788), (0.6743527, 12.152529), (0.6223568, 12.159729), (0.5754923, 12.150553), (0.5280939, 12.356043), (0.4217886, 12.808647), (0.21741363, 13.3706), (0.26592764, 13.177095), (0.31576362, 13.069998), (0.34879065, 12.939218), (0.311041, 13.066515), (0.2672716, 13.230677), (0.38057435, 10.556912), (0.39160421, 10.909581), (0.39637572, 11.308396), (0.3899586, 11.749054), (0.34614018, 12.503929), (0.29238313, 13.029622), (0.35666338, 12.863628), (0.44915, 10.76617), (0.4562187, 11.066303), (0.45508516, 11.380155), (0.44213757, 11.749408), (0.3870607, 12.454431), (0.3319299, 12.919272), (0.4108275, 9.744692), (0.40366495, 9.450436), (3.244648e-7, 7.9121256), (0.21230844, 9.295427), (0.0070492444, 8.626441), (0.27568546, 9.412201), (0.34157473, 9.582969), (3.244648e-7, 7.840124), (0.20579149, 9.123304), (0.0017789836, 8.606899), (0.33357173, 9.322023), (3.244648e-7, 7.789964), (0.000011617351, 8.55676), (0.20163606, 9.007625), (0.2629183, 9.045549), (0.3290472, 9.144831), (0.5509648, 9.35407), (0.47440684, 9.319759), (0.40008968, 9.248016), (0.2678036, 9.192842), (1.07234726e-7, 13.838944), (3.244648e-7, 14.8921995), (3.244648e-7, 14.545191), (0.03461093, 13.547802), (0.017220033, 14.5864315), (0.0073034903, 14.693523), (3.244648e-7, 15.008124), (3.244648e-7, 15.117238), (0.05098409, 11.696316), (0.059415177, 10.569334), (0.063682206, 9.690181), (0.062273145, 9.169558), (0.042660512, 9.132819), (0.0374755, 9.13354), (0.034639474, 9.085088), (0.32777798, 12.747369), (0.33954346, 12.959613), (0.3534683, 13.10401), (0.36764485, 12.983837), (0.38531828, 12.771287), (0.38060236, 12.704904), (0.35752234, 12.714563), (0.3187775, 12.779329), (0.26752636, 12.91256), (0.20822254, 13.146613), (0.026131913, 14.177181), (3.244648e-7, 14.563653), (3.244648e-7, 14.482191), (3.244648e-7, 15.228142), (3.244648e-7, 15.692682), (3.244648e-7, 15.804122), (3.244648e-7, 15.599686), (3.244648e-7, 15.220346), (0.08264472, 13.33374), (0.058630124, 12.959275), (3.244648e-7, 13.732637), (2.9880565e-7, 13.187061), (3.244648e-7, 14.19483), (1.07234726e-7, 12.886435), (0.024888229, 12.654676), (0.08501278, 12.587508), (0.13937317, 12.510119), (0.19524309, 12.481306), (0.73778665, 12.355478), (0.66121364, 12.340718), (0.59172434, 12.409256), (0.5253549, 12.564359), (0.38532993, 12.66749), (0.31777474, 12.581521), (0.2543538, 12.508749), (0.37240866, 9.982768), (0.39130566, 11.015345), (0.4077617, 11.494025), (0.41660294, 11.694318), (0.42576107, 11.9029455), (0.45591044, 12.675147), (0.4620284, 12.828396), (0.46851435, 12.844841), (0.47411892, 12.766335), (0.476394, 12.605122), (0.4652809, 12.233302), (0.4479429, 12.13533), (0.41742238, 12.125618), (0.37171286, 12.16292), (0.31188998, 12.18379), (0.2431152, 12.235983), (0.042787746, 12.716969), (3.244648e-7, 12.870191), (3.244648e-7, 13.326971), (3.244648e-7, 8.304828), (3.244648e-7, 7.6039577), (3.244648e-7, 7.130789), (3.244648e-7, 6.4207993), (3.244648e-7, 6.287081), (3.244648e-7, 6.20724), (0.2909917, 12.345528), (0.28378394, 12.28214), (0.27697825, 12.183639), (0.2646213, 11.815776), (0.25081527, 10.805317), (0.22859547, 12.477046), (0.22201896, 12.477465), (0.21615997, 12.428063), (0.20521529, 12.122079), (0.19382313, 11.10513), (0.17026752, 12.5857), (0.16450301, 12.623785), (0.15910801, 12.598888), (0.1493845, 12.316824), (0.14070727, 11.23267), (0.11629055, 12.6803), (0.111345515, 12.727249), (0.10662132, 12.698304), (0.098377764, 12.383501), (0.09333678, 11.179456), (0.05221343, 10.97561), (0.050105326, 11.545129), (0.09313938, 11.69152), (0.14225745, 11.682866), (0.19645365, 11.506657), (0.25438863, 11.189862), (0.31502426, 10.790693), (0.37767282, 10.358645), (0.442985, 9.966323), (0.5130857, 9.717382), (0.5898291, 9.658619), (0.67538774, 9.754293), (1.07234726e-7, 12.656382), (4.984904e-7, 12.631055), (3.244648e-7, 12.741449), (2.9880565e-7, 12.842746), (8.321508e-7, 12.839012), (0.023348134, 12.82976), (0.06704075, 12.764668), (0.063021325, 12.792794), (0.059052333, 12.730316), (0.05247529, 12.330796), (0.0204184, 12.815944), (5.65099e-7, 12.77842), (0.05559201, 12.574728), (0.10235432, 12.584741), (0.1541309, 12.499718), (0.2104846, 12.313624), (0.27055988, 12.032779), (0.33396125, 11.677769), (0.39932862, 11.275497), (0.46675438, 10.8668785), (0.5375781, 10.559304), (0.6146865, 10.444333), (0.7004515, 10.507176), (3.244648e-7, 15.764309), (3.244648e-7, 15.063682), (0.0000038002363, 14.632827), (0.14437687, 13.808164), (0.19357798, 13.568496), (0.24206294, 13.34637), (0.28883016, 13.156227), (0.33409172, 13.008112), (0.37950477, 12.857077), (0.42645594, 12.659808), (0.47390148, 12.408015), (0.5181815, 12.117398), (0.55764866, 11.899713), (0.59487975, 11.850726), (0.63745207, 11.813671), (3.244648e-7, 10.290073), (3.244648e-7, 9.110363), (3.244648e-7, 8.304228), (3.244648e-7, 7.805418), (3.244648e-7, 7.179051), (3.244648e-7, 7.0655847), (3.244648e-7, 7.0017242), (3.244648e-7, 18.053099), (3.244648e-7, 18.080881), (3.244648e-7, 17.94969), (3.244648e-7, 17.505026), (3.244648e-7, 16.825907), (3.244648e-7, 13.049927), (3.244648e-7, 14.434955), (3.244648e-7, 15.474552), (3.244648e-7, 16.200397), (3.244648e-7, 16.66828), (3.244648e-7, 16.795887), (3.244648e-7, 16.770405), (3.244648e-7, 16.614948), (0.64204884, 10.341438), (0.56484216, 10.301764), (0.492136, 10.220756), (0.42179018, 10.0829315), (0.3529982, 9.88999), (0.28594694, 9.674726), (0.22066239, 9.4976635), (0.04982056, 9.092035), (0.013626055, 8.641482), (3.244648e-7, 8.013506), (3.244648e-7, 7.332675), (3.244648e-7, 6.598666), (3.244648e-7, 5.7715883), (2.9880565e-7, 12.641838), (1.07234726e-7, 12.666432), (4.984904e-7, 12.728698), (0.018601557, 13.059825), (0.041819047, 13.471092), (0.060972165, 13.757344), (0.07863008, 13.985228), (0.095909394, 14.067383), (0.113295294, 14.031615), (0.13045114, 13.843083), (0.14649387, 13.4682455), (0.16086711, 12.958048), (0.17244847, 12.379655), (0.17964193, 11.719988), (0.18157206, 10.925837), (0.17855382, 10.227762), (0.65351427, 10.750644), (0.5773387, 10.691305), (0.5051632, 10.58426), (0.4357379, 10.430106), (0.36660472, 10.217551), (0.29774806, 9.964834), (0.2299582, 9.724038), (0.057111837, 9.066091), (0.01992997, 8.683238), (3.2511718e-7, 8.151749), (3.244648e-7, 7.528003), (3.244648e-7, 6.8248415), (1.07234726e-7, 12.73644), (4.984904e-7, 12.788493), (9.762081e-7, 13.070634), (0.0015175255, 13.571777), (0.018746447, 13.922939), (0.03355841, 14.212911), (0.047363352, 14.346035), (0.060792975, 14.359612), (0.07392971, 14.21524), (0.08566717, 13.82523), (0.09628682, 13.256417), (0.105414435, 12.564295), (0.112157375, 11.757805), (0.11584633, 10.808209), (0.11583814, 10.010105), (0.14216125, 9.069302), (0.14536245, 9.156521), (0.15053102, 9.276504), (0.15730445, 9.397906), (0.16492826, 9.530134), (0.17221406, 9.755221), (0.084631965, 9.169579), (0.0873451, 9.234348), (0.09208147, 9.292559), (0.09870577, 9.316192), (0.10591166, 9.343162), (0.1120427, 9.496564), (0.830982, 12.144271), (0.7408292, 12.139538), (0.6610468, 12.114662), (0.587372, 12.169778), (0.51655245, 12.271638), (0.44549817, 12.40647), (0.3752144, 12.474034), (0.30771413, 12.4621315), (0.24418883, 12.43944), (0.18471256, 12.444969), (0.12900707, 12.496266), (0.07605693, 12.578867), (0.02508542, 12.653304), (4.984904e-7, 12.701752), (2.9880565e-7, 12.715427), (0.83515865, 11.85335), (0.7394447, 11.804603), (0.65635604, 11.756301), (0.57970345, 11.793829), (0.5066412, 11.920855), (0.43546167, 12.137552), (0.36568585, 12.30664), (0.29886314, 12.394682), (0.2355917, 12.449454), (0.17680216, 12.5086355), (0.12196487, 12.585518), (0.07107199, 12.673804), (0.024618598, 12.754401), (8.317561e-7, 12.792592), (2.9880565e-7, 12.789375), (2.5632572, 27.207445), (2.6520276, 27.47728), (2.52959, 24.980446), (2.4609215, 20.500326), (2.505499, 21.55289), (2.5604985, 22.56145), (2.5018232, 22.596075), (2.5443866, 26.167555), (2.6537364, 25.70023), (2.6036358, 23.61161), (2.6348975, 24.663982), (2.659499, 26.66566), (2.4375455, 19.57683), (2.4829292, 21.500742), (2.51635, 23.769365), (2.4164567, 18.754648), (2.4012868, 18.264671), (2.4438412, 20.737469), (2.3950913, 20.046764), (2.3678787, 18.891253), (2.391716, 18.194094), (2.0783858, 24.972158), (2.0410366, 24.265047), (2.0201325, 23.516026), (2.0480595, 24.15373), (2.0737045, 24.771893), (2.1055934, 25.539156), (2.1302738, 25.871191), (2.3780422, 28.133), (2.3287196, 27.060034), (2.2103567, 24.912354), (2.1573381, 23.957788), (2.1188269, 23.218756), (2.0973608, 22.40093), (2.1216888, 23.039055), (2.1456594, 23.68008), (2.1750581, 24.479383), (2.2426388, 26.320972), (2.588303, 28.535694), (2.4069264, 22.65952), (2.4762344, 27.121893), (2.4536612, 26.01621), (2.4111812, 23.777088), (2.3621604, 21.710045), (2.3373806, 20.821484), (2.3162134, 20.105146), (2.295806, 19.55796), (2.311467, 20.965551), (2.352414, 21.719448), (2.4039805, 21.17436), (2.5111024, 26.601952), (2.6181607, 26.264578), (2.3910925, 20.110796), (2.2822008, 24.083344), (2.2286892, 23.10143), (2.1895876, 22.336502), (2.1689618, 21.361614), (2.1911354, 21.978083), (2.21316, 22.640894), (2.2410762, 23.47095), (2.3024845, 25.39222), (2.3638954, 27.396536), (2.5310345, 27.618868), (2.4383013, 27.712421), (2.4107292, 26.664835), (2.358885, 24.538681), (2.3036113, 22.538864), (2.2773795, 21.678635), (2.255958, 20.991493), (2.234821, 20.410627), (2.2537093, 21.595716), (2.292949, 22.365196), (2.346999, 23.338081), (2.4572, 25.515419), (2.4596782, 22.06287), (2.360147, 20.445562), (2.3493838, 18.821707), (2.3706355, 19.358265), (2.459105, 23.12424), (2.4927995, 25.449936), (2.5325527, 27.620214), (2.6216638, 27.970303), (2.5613728, 24.155758), (2.5122263, 24.802065), (2.395869, 26.269632), (2.5960438, 25.228731), (2.5515354, 25.886372), (2.5000634, 26.605076), (2.442233, 27.3584), (2.5776205, 26.912569), (2.477291, 28.357433), (2.0298529, 23.730932), (2.1057668, 22.608044), (2.1762593, 21.544888), (2.2418647, 20.557676), (2.3025403, 19.665905), (2.3565905, 18.901894), (2.0131927, 23.53478), (2.090598, 22.451336), (2.1624134, 21.505085), (2.2284782, 20.68919), (2.287603, 19.990868), (2.335972, 19.394451), (2.6271238, 27.205137), (2.590674, 27.82116), (2.5479794, 28.491833), (2.2701457, 25.977654), (2.3403122, 25.164986), (2.4042237, 24.411144), (2.462711, 23.710035), (2.514753, 23.08432), (2.3326902, 26.394073), (2.3845694, 25.596579), (2.432998, 24.887781), (2.4764826, 24.274145), (2.2081416, 25.377481), (2.2713258, 24.405436), (2.3316576, 23.507215), (2.3875277, 22.706518), (2.4383225, 22.029963), (2.4150636, 21.0203), (2.565452, 24.623646), (2.5531151, 23.389378), (2.5791419, 25.831316), (2.5960464, 26.880552), (2.683684, 27.068531), (2.691947, 26.22095), (2.6874206, 25.243095), (2.671126, 24.220846), (2.643601, 23.193584), (2.6043622, 22.151773), (2.5477703, 21.044827), (2.467465, 20.364122), (2.4112008, 19.754532), (2.3803904, 18.490791), (2.4182224, 17.609404), (2.430029, 17.656914), (2.4461894, 18.178232), (2.473035, 19.218096), (2.4981344, 20.15825), (2.5210657, 21.130238), (2.539421, 22.206118), (2.3815844, 19.121012), (2.3693714, 19.43289), (2.3380513, 19.860329), (2.2910535, 20.398825), (2.2333815, 21.046288), (2.1682208, 21.813543), (2.0976002, 22.721087), (2.019728, 23.784233), (2.3988268, 17.944681), (2.3801055, 18.45486), (2.3433578, 19.03562), (2.291993, 19.707542), (2.2312748, 20.484957), (2.164974, 21.37162), (2.0934348, 22.368546), (2.0157633, 23.469378), (2.3927643, 17.446589), (2.4181666, 16.957815), (2.4134262, 19.68428), (2.3330972, 18.636639), (2.3509207, 16.948807), (2.3712308, 18.882072), (2.373742, 16.342049), (2.1841443, 15.775378), (2.1702707, 16.348284), (2.1852105, 17.808487), (2.2708573, 18.492432), (2.2715478, 15.883716), (2.3261974, 16.41266), (2.2139986, 15.378653), (2.3819592, 17.01403), (2.3730998, 16.463652), (2.198133, 15.519268), (2.3798406, 16.208414), (2.426197, 16.90124), (2.2236254, 15.422525), (2.4559822, 19.984661), (2.4232757, 17.217192), (2.4334922, 17.689686), (2.2696648, 15.636575), (2.3081698, 16.122992), (2.3547509, 16.646967), (2.4046757, 17.219326), (2.4538207, 17.83944), (2.3238928, 15.643519), (2.3574343, 16.178879), (2.3976762, 16.72338), (2.4420965, 17.280785), (2.4881325, 17.852837), (2.6942086, 19.290257), (2.7303798, 19.968298), (2.6106985, 17.184717), (2.6625264, 18.565237), (2.6401877, 19.58937), (2.5866153, 19.810043), (2.6337886, 20.385906), (2.6826115, 20.217834), (2.6007333, 18.869806), (2.538297, 19.116358), (2.4504328, 17.61683), (2.5331976, 17.420546), (2.680318, 26.320745), (2.7344458, 25.94899), (2.7653387, 26.447392), (2.818335, 26.117546), (2.6903222, 23.89685), (2.6439073, 24.156637), (2.5792785, 19.945648), (2.552003, 19.979956), (2.668857, 21.014133), (2.5002143, 18.494576), (2.7156105, 20.887829), (2.6139572, 19.782969), (2.742176, 23.537271), (2.7946615, 25.443758), (2.8756294, 25.650248), (2.7609859, 20.692326), (2.7893758, 21.491798), (2.744964, 21.686895), (2.6999054, 21.830648), (2.683194, 21.48616), (2.641979, 21.71315), (2.605986, 21.850323), (2.6612306, 25.319914), (2.7124357, 25.00207), (2.7687979, 24.568277), (2.7652717, 24.658903), (2.8110342, 24.39629), (2.859596, 24.057959), (2.4783916, 18.418674), (2.5330064, 18.435024), (2.8155282, 22.326956), (2.770824, 22.55412), (2.727564, 22.73675), (2.8393607, 23.183413), (2.7936654, 23.460403), (2.7495408, 23.684778), (2.8740304, 24.927471), (2.8215568, 25.33159), (2.7714849, 25.620308), (2.575652, 19.057558), (2.5422091, 19.179983), (2.5180297, 19.1708), (2.30104, 15.893607), (2.2986696, 15.823124), (2.2918901, 15.997843), (2.2748382, 16.580263), (2.2691984, 18.297922), (2.3500607, 19.206795), (2.2424781, 17.511414), (2.1736646, 17.645058), (2.0850759, 17.178692), (2.0496593, 15.998448), (2.0574548, 15.478503), (2.0782013, 15.1916485), (2.102057, 14.83123), (2.4918017, 18.362885), (2.5642412, 18.1332), (2.634498, 17.85322), (2.5812247, 20.863947), (2.6122453, 20.783707), (2.6498146, 20.592438), (2.71379, 22.48055), (2.6674793, 22.768759), (2.6258712, 22.968328), (2.3585355, 17.703896), (2.4157686, 18.492165), (2.474821, 19.269287), (2.5313623, 19.91387), (2.581826, 20.408077), (2.6166277, 21.059116), (2.6535869, 21.957216), (2.6851416, 22.923347), (2.7087622, 23.911203), (2.7239745, 24.910528), (2.7279792, 25.884514), (2.7203019, 26.739128), (2.6342156, 26.608013), (2.617281, 25.571474), (2.6028106, 24.37212), (2.5891607, 23.144428), (2.5732193, 21.976696), (2.5529747, 20.93639), (2.5272517, 20.009699), (2.4974427, 19.142889), (2.4631896, 18.291372), (2.1765964, 15.103297), (2.2421663, 15.581749), (2.3096225, 16.129839), (2.3721604, 16.752113), (2.4241037, 17.479282), (2.3358433, 18.488747), (2.4103036, 19.30151), (2.4730155, 19.88042), (2.5223017, 20.2993), (2.7420404, 11.223769), (2.7168295, 10.377352), (2.7069626, 9.765559), (3, 11.648055), (2.9999995, 13.291531), (3, 12.340811), (2.9999995, 11.274056), (3, 10.42534), (2.9434485, 12.081249), (3, 9.892273), (3, 10.621829), (3, 11.2372), (2.9999995, 12.123401), (2.952871, 12.982626), (2.9690413, 14.140267), (3, 13.341783), (3, 12.4785595), (2.689534, 12.541509), (3, 10.539776), (2.9912171, 11.3640785), (3, 10.406103), (3, 9.79893), (3, 11.355686), (3, 11.221925), (3, 12.243608), (2.5618691, 13.036925), (2.564924, 13.892799), (2.571725, 15.186194), (2.5924776, 16.535551), (2.6575396, 11.543398), (2.6429067, 10.237256), (2.642435, 10.8000145), (2.9999995, 14.225531), (2.999998, 13.157662), (2.9996743, 12.08339), (2.72791, 10.761321), (2.7100956, 10.050176), (2.9999995, 13.818182), (3, 12.818958), (3, 12.885013), (3, 11.921154), (2.7593644, 11.762454), (2.6719012, 12.008639), (2.9999995, 10.949561), (3, 10.144322), (3, 10.846996), (2.9952407, 11.699062), (2.9395156, 11.729644), (3, 9.647719), (3, 10.219395), (3, 10.834067), (3, 10.785887), (3, 10.059511), (3, 11.11446), (3, 11.770278), (2.9999995, 11.654105), (3, 11.683865), (2.9999995, 12.704331), (2.563003, 13.427322), (2.9470403, 12.48264), (2.5672233, 14.460057), (2.9609988, 13.59577), (2.5792534, 15.8825865), (2.9762783, 14.638207), (2.7063687, 9.543548), (2.6415045, 10.488616), (2.9999995, 13.71868), (2.9999828, 12.562694), (3, 13.027416), (3, 13.409458), (3, 13.870358), (3, 14.327236), (2.9999995, 14.709277), (2.9829822, 15.121226), (2.7794485, 12.346308), (2.7105308, 13.112974), (2.8863993, 12.034616), (2.8893814, 12.403234), (2.8926988, 12.817026), (2.8979318, 13.319201), (2.9061055, 13.948164), (2.9137616, 14.507267), (2.921819, 15.023536), (2.9302297, 15.5298815), (2.829549, 12.29574), (2.832126, 12.681219), (2.8358595, 13.104463), (2.840677, 13.602465), (2.8477736, 14.240242), (2.855938, 14.828288), (2.8651571, 15.372296), (2.8741055, 15.901473), (2.768837, 12.518759), (2.7716153, 12.92284), (2.7750425, 13.358763), (2.7794688, 13.871998), (2.7863188, 14.521932), (2.7945912, 15.1248455), (2.804415, 15.698069), (2.8151689, 16.253857), (2.7041137, 12.715366), (2.7065024, 13.1258955), (2.7092555, 13.575419), (2.713822, 14.120104), (2.7198615, 14.780214), (2.728653, 15.406387), (2.739151, 16.002478), (2.751674, 16.586758), (2.634695, 12.894207), (2.6367116, 13.294041), (2.6390698, 13.752599), (2.642713, 14.31622), (2.6486576, 14.99694), (2.657172, 15.662335), (2.668794, 16.288692), (2.6833594, 16.899645), (3, 14.574874), (2.9999995, 15.430333), (2.9969416, 16.21703), (3, 18.04426), (2.9999995, 19.079752), (3, 17.419819), (2.9999998, 18.712662), (2.9999998, 16.072287), (2.987053, 17.094122), (3, 15.376899), (2.9999995, 14.210433), (2.9999993, 14.768649), (2.926121, 15.735194), (2.9999995, 13.826757), (2.8227482, 13.495225), (2.8702688, 14.5756235), (3, 16.702095), (2.9999995, 17.548197), (3, 14.43828), (2.9999995, 15.228388), (2.9999995, 16.42744), (3, 15.662265), (2.9999995, 18.730766), (2.9999998, 17.260555), (2.9999998, 15.0979), (3, 16.312666), (2.9999962, 15.818358), (2.9999998, 14.569505), (3, 19.18882), (2.951149, 14.578598), (2.9999995, 13.834294), (2.9999998, 13.323139), (3, 17.831068), (3, 13.966763), (3, 14.859944), (3, 15.033364), (2.9999995, 15.798164), (2.9899879, 15.640821), (2.9999995, 16.047169), (3, 17.104923), (2.9999843, 16.852032), (3, 16.314285), (3, 18.023603), (3, 19.500418), (3, 16.756628), (2.9999998, 16.509464), (3, 17.883652), (2.9999998, 15.71723), (2.9999995, 14.818759), (2.9999993, 14.471428), (2.9999998, 15.405504), (2.9784286, 15.186886), (2.9565668, 16.378487), (3, 13.977612), (3, 15.056533), (2.8006356, 12.931316), (2.8456843, 14.035286), (2.9999995, 19.73951), (3, 18.56288), (2.8973868, 15.140293), (2.9977837, 14.145581), (2.9999993, 13.569049), (3, 13.156324), (3, 17.381025), (2.9999995, 18.30948), (3, 20.278797), (2.9381835, 16.063116), (2.947469, 16.647444), (2.9589133, 17.2963), (2.9729016, 18.02181), (2.9895737, 18.80968), (2.999998, 19.597), (2.9999995, 20.29063), (3, 20.87771), (3, 21.344841), (3, 20.30601), (2.9976118, 19.484941), (2.9635222, 18.622059), (2.9304504, 17.791042), (2.8982089, 17.044212), (2.8664143, 16.387905), (2.8359337, 15.80162), (2.8072817, 15.260931), (2.780928, 14.747298), (2.7565627, 14.229442), (2.732901, 13.683853), (2.632397, 13.846446), (2.6565094, 14.4201765), (2.682632, 14.967079), (2.7098572, 15.479869), (2.738824, 15.978859), (2.7694883, 16.50237), (2.8017213, 17.083368), (2.83486, 17.75155), (2.8689244, 18.518007), (2.9041004, 19.36873), (2.9395316, 20.254591), (2.9750402, 21.102423), (3, 22.43814), (2.9999995, 21.985968), (2.9999995, 21.4445), (2.9934916, 20.814001), (2.9685962, 20.098196), (2.9459379, 19.299477), (2.926449, 18.486132), (2.9098947, 17.73573), (2.895829, 17.06286), (2.8841186, 16.456196), (2.549354, 14.49453), (2.57539, 15.076938), (2.6042697, 15.634948), (2.635214, 16.155888), (2.667307, 16.654121), (2.7011185, 17.167574), (2.7359688, 17.746014), (2.7708912, 18.426048), (2.8063886, 19.20434), (2.8429196, 20.059013), (2.8799484, 20.953068), (2.9158404, 21.83372), (2.949541, 22.631615), (3, 23.107592), (2.9999852, 22.575163), (2.9763973, 21.96152), (2.95028, 21.279285), (2.9245281, 20.541073), (2.900176, 19.74598), (2.877965, 18.925512), (2.858388, 18.162634), (2.8412406, 17.467325), (2.82699, 16.835842), (2.465879, 15.025756), (2.4942508, 15.611464), (2.5266886, 16.17919), (2.5614865, 16.714388), (2.5982819, 17.22526), (2.6359148, 17.739752), (2.6735835, 18.317291), (2.7105503, 19.008398), (2.74751, 19.796068), (2.784631, 20.65448), (2.8211334, 21.563208), (2.8562524, 22.488203), (2.889257, 23.35568), (2.9757528, 23.76235), (2.955557, 23.124268), (2.9315774, 22.423515), (2.9056625, 21.68538), (2.879238, 20.91939), (2.8536077, 20.12614), (2.828565, 19.323183), (2.804123, 18.567385), (2.7836714, 17.855885), (2.7661877, 17.196619), (2.3897169, 15.421713), (2.4199991, 15.994331), (2.4562814, 16.558878), (2.495623, 17.105965), (2.5370352, 17.640371), (2.5787501, 18.174528), (2.6192167, 18.762274), (2.6576576, 19.46562), (2.6948397, 20.262424), (2.7306938, 21.13393), (2.765428, 22.076143), (2.7981076, 23.061646), (2.8285866, 24.009617), (2.9317017, 25.015068), (2.925983, 24.386038), (2.9082663, 23.626663), (2.8855364, 22.835274), (2.8608863, 22.036873), (2.834328, 21.236284), (2.8071265, 20.439402), (2.7788842, 19.67113), (2.7492626, 18.944735), (2.724162, 18.223316), (2.7018683, 17.536394), (2.1087697, 12.5857725), (2.036578, 12.579852), (2.2154496, 12.581034), (2.2056322, 12.94373), (2.097955, 12.856827), (2.1361117, 13.496027), (2.0641828, 14.42918), (1.9452268, 14.244366), (1.9503323, 13.969036), (2.0526161, 14.098965), (2.0248094, 12.814993), (1.9177864, 14.962713), (1.9291081, 14.818604), (2.092072, 16.760365), (2.1784487, 14.507188), (2.192476, 14.977662), (2.2232962, 16.252064), (2.2245057, 15.494352), (2.2339633, 13.552362), (2.258548, 12.693654), (2.2486722, 13.042882), (2.2296262, 14.635036), (2.2431605, 15.141933), (2.0081937, 16.752686), (2.1225977, 15.268795), (2.11645, 15.8963585), (1.9469601, 14.523621), (1.9220906, 15.44069), (1.9732915, 16.464632), (2.3020213, 12.679833), (2.3506405, 12.452309), (2.4107003, 12.090546), (2.4845629, 11.616456), (2.2999485, 15.1016), (2.3661501, 14.852452), (2.3495302, 14.323283), (2.4246273, 13.919053), (2.3429465, 12.764321), (2.4053407, 12.40279), (2.2926273, 12.996709), (2.4428015, 14.44821), (2.2852767, 14.577417), (2.4818566, 11.900346), (2.5079274, 13.388688), (2.5263913, 13.918361), (2.4026468, 15.48976), (2.4895642, 15.3583145), (2.403451, 14.673025), (2.4874363, 14.579126), (2.4071152, 13.179334), (2.4860604, 13.129164), (1.2266896, 12.091309), (1.2609657, 12.228884), (1.1660022, 12.171559), (1.1244045, 12.053592), (1.4850603, 12.503097), (1.3744982, 11.934933), (1.556143, 11.018569), (1.4090434, 10.572554), (0.93493927, 9.523286), (0.93304133, 9.814757), (1.3766636, 12.661557), (1.4084268, 12.749286), (1.3179021, 12.279695), (1.2892523, 12.2796545), (1.4919995, 12.306033), (1.5020407, 11.544952), (1.3802062, 11.075631), (1.377225, 11.758158), (1.2523735, 11.292169), (1.2483321, 10.644328), (1.2546049, 11.462078), (0.9376207, 11.233007), (1.4369959, 12.194433), (1.4169626, 12.40888), (1.3094157, 11.970736), (1.3242931, 11.633339), (1.016578, 12.074268), (1.4576366, 12.749506), (1.3566982, 12.188566), (1.219185, 11.989725), (1.248094, 11.754534), (0.9759155, 11.915342), (1.0662371, 12.192375), (1.1930053, 12.098167), (1.1152358, 12.241239), (1.5416712, 11.278071), (1.3960901, 10.8960705), (0.9509423, 11.688794), (1.4125416, 12.474737), (1.3105277, 12.113808), (1.3016484, 12.384693), (1.2112747, 12.254434), (1.9401393, 12.395707), (1.8223774, 11.985046), (1.5232049, 13.018648), (1.5458791, 13.100529), (1.4472864, 12.680475), (1.4224995, 12.532757), (1.9973559, 15.466904), (1.8980855, 14.915644), (1.6558393, 14.024946), (1.556539, 13.375151), (1.8189414, 13.765498), (1.681284, 13.456687), (1.9240153, 12.628478), (1.8053457, 12.22203), (1.4800742, 13.00923), (1.5559571, 13.731214), (1.4638349, 13.161671), (1.3898288, 12.63864), (1.6539077, 14.353493), (1.6935971, 14.593914), (1.5941924, 13.939252), (1.7976279, 14.757602), (1.8654634, 15.732747), (1.7577152, 15.023494), (1.6813606, 14.08726), (1.7244183, 12.469866), (1.6158422, 12.021341), (1.7727028, 14.274578), (1.7799104, 14.287647), (1.6548986, 13.646761), (1.6362656, 13.656771), (1.7850074, 14.126286), (1.6409694, 13.597236), (1.7064317, 13.470655), (1.6007643, 12.890435), (1.6946114, 13.731746), (1.5908726, 13.115244), (1.5759068, 13.496808), (1.55064, 12.922725), (1.5286578, 13.022147), (1.499292, 13.318587), (1.9661386, 16.046244), (1.8605698, 15.352211), (1.9089699, 14.524794), (2.0069256, 14.961781), (1.6778661, 11.712938), (1.5187194, 13.022828), (1.7994596, 13.9618225), (1.6569611, 13.559902), (1.7965214, 15.279887), (1.9022177, 15.998444), (1.083975, 9.77968), (1.2533153, 10.147762), (1.0707376, 11.700422), (1.0628022, 11.25368), (1.1990297, 11.384376), (1.1943042, 11.795328), (1.0771182, 10.100863), (1.2426912, 10.494735), (1.0919288, 11.914434), (1.2040524, 11.965849), (1.9271829, 13.149945), (2.0268881, 13.370485), (1.694158, 11.486519), (1.757293, 14.682479), (1.8283005, 12.85147), (1.8087559, 14.020698), (1.7967927, 14.332022), (1.3251808, 12.232067), (1.353344, 12.393396), (0.83500195, 12.20086), (0.80521053, 12.025689), (0.86542594, 12.338828), (0.89522725, 12.387947), (0.9469744, 12.115988), (0.96578276, 11.86466), (0.97110045, 11.336662), (0.9450098, 10.8822365), (0.9307941, 10.673439), (0.90706104, 9.973866), (0.7523153, 11.297439), (0.72054255, 9.638141), (0.72027254, 9.373953), (0.9155327, 12.12968), (0.882482, 11.962693), (0.95767707, 12.259143), (1.0097417, 12.305147), (1.0840133, 12.077649), (1.1063278, 11.879713), (1.1250275, 11.482835), (1.1198134, 11.117438), (1.113532, 10.934732), (1.102033, 10.276382), (0.838556, 11.270454), (0.82005477, 9.686441), (0.8203925, 9.4109335), (0.77751964, 11.8117075), (0.8571896, 11.74235), (2.5662756, 10.94868), (2.564557, 11.227452), (2.5923944, 12.742948), (2.6108053, 13.274262), (2.5647109, 11.5448675), (2.481112, 12.218899), (2.4025276, 12.750467), (2.3365254, 13.131841), (2.2837424, 13.364613), (2.2377865, 13.403926), (2.1933343, 13.2994175), (2.0830178, 13.140383), (2.007535, 13.080649), (1.9008167, 12.89868), (1.7803187, 12.499682), (1.6549501, 11.944898), (1.5224024, 11.481811), (1.3803786, 11.138899), (1.2308681, 10.78034), (1.0704204, 10.409598), (0.93110406, 10.134732), (0.8203685, 10.022855), (0.72245014, 9.984735), (0.91094697, 10.218309), (1.1036744, 10.509804), (1.2482347, 10.877261), (1.3788767, 11.320233), (1.498792, 11.814051), (1.6118152, 12.325264), (1.7200367, 12.815921), (1.823459, 13.24879), (1.922837, 13.599998), (2.0215714, 13.858158), (2.133103, 13.997768), (2.231485, 14.053164), (2.4047987, 14.046402), (2.4862657, 13.990256), (2.3245728, 13.199738), (2.3205683, 14.0659), (2.317889, 14.710776), (2.31373, 15.552271), (2.167075, 12.542741), (2.157092, 12.868428), (2.143904, 13.190651), (2.1234486, 14.288419), (2.1386306, 14.698473), (2.510257, 16.72529), (2.4218073, 16.885975), (2.3266287, 17.009811), (2.229263, 16.90196), (2.108437, 16.422577), (1.9849614, 15.843104), (1.8821712, 15.198328), (1.779567, 14.557555), (1.6782824, 13.92047), (1.5762901, 13.280457), (1.4740447, 12.653838), (1.3680428, 12.0798645), (1.2537706, 11.61505), (1.1244651, 11.296451), (0.9598984, 11.098928), (2.1233673, 17.52691), (2.647586, 11.147294), (2.5690262, 11.890082), (2.4851305, 12.555533), (2.4042559, 13.094064), (2.3350148, 13.488932), (2.278101, 13.726737), (2.229374, 13.769028), (2.1826017, 13.660472), (2.1314824, 13.521512), (2.0682218, 13.439971), (1.9860243, 13.374807), (1.8727254, 13.212769), (1.748332, 12.855813), (1.6236955, 12.257936), (1.4974023, 11.675605), (1.3625121, 11.28827), (1.2190604, 10.956195), (1.0654072, 10.642001), (0.9306153, 10.419759), (0.82230425, 10.354067), (0.7268258, 10.348381), (0.7356897, 10.753723), (0.82782245, 10.735665), (0.93264985, 10.73363), (1.0639294, 10.804509), (1.210955, 10.99556), (1.3459918, 11.318871), (1.4699016, 11.85293), (1.5870221, 12.589506), (1.7138691, 13.189126), (1.8444207, 13.501298), (1.9648386, 13.669225), (2.0562966, 13.758834), (2.1230495, 13.884485), (2.1765974, 14.057494), (2.2257798, 14.170581), (2.2784014, 14.117545), (2.3393545, 13.870361), (2.411998, 13.469285), (2.4939091, 12.935011), (2.5783377, 12.281485), (2.0598917, 16.644308), (1.9437191, 16.006117), (1.8285996, 15.305101), (1.7172538, 14.614317), (1.6130736, 13.977327), (1.5163522, 13.413149), (1.4265542, 12.928862), (1.3405735, 12.540175), (1.2532821, 12.286119), (1.1582962, 12.204685), (1.0518352, 12.239738), (0.9228045, 12.312676), (2.0515013, 16.850285), (1.9367124, 16.096088), (1.8312367, 15.38424), (1.7285469, 14.699425), (1.6279362, 14.034876), (1.5306685, 13.390133), (1.4357166, 12.782321), (1.3403928, 12.25546), (1.2372327, 11.879476), (1.1198932, 11.679062), (0.9742689, 11.596922), (2.370064, 18.155327), (2.3302329, 17.828493), (2.2604256, 17.50829), (2.167745, 17.143406), (2.2201781, 18.26935), (2.3009138, 18.874575), (2.3634524, 19.271599), (2.4017303, 19.515877), (2.4963646, 16.053535), (2.4861808, 13.516327), (2.4078274, 16.183245), (2.315576, 16.287064), (2.3230934, 13.569897), (2.4060342, 13.560178), (0.6315072, 9.271522), (0.7692414, 9.377503), (3.244648e-7, 5.362352), (3.244648e-7, 6.1836), (0.58145666, 8.972539), (0.6683654, 9.120219), (0.503493, 8.982678), (0.43230847, 9.148886), (0.36654782, 9.426731), (0.3046434, 9.750425), (3.244648e-7, 7.7735085), (0.000005970537, 8.531958), (0.033738006, 9.059641), (0.20018739, 8.96766), (0.26136556, 8.993875), (0.32757235, 9.082262), (0.5506161, 9.2675295), (0.47380206, 9.240276), (0.3990532, 9.176241), (3.244648e-7, 6.98535), (0.24623588, 10.016636), (0.19159175, 10.1242), (0.14206713, 10.086382), (0.098542415, 9.939406), (0.06038, 9.658396), (0.14107603, 9.039333), (0.08369893, 9.144548), (3, 10.320912), (2.9999995, 10.716742), (3, 9.984282), (2.9873984, 11.132041), (2.9362884, 11.489896), (3, 9.500085), (3, 9.677489), (2.560691, 12.727657), (2.7059948, 9.469792), (2.643112, 10.133897), (2.883522, 11.7836275), (2.82698, 12.025188), (2.7668006, 12.211541), (2.7016935, 12.383527), (2.632567, 12.572245), (2.040894, 12.494372), (2.1127992, 12.484808), (2.140234, 12.860968), (2.2198305, 12.377125), (2.2366676, 12.922763), (2.2626522, 12.484675), (2.3541877, 12.299333), (2.3055034, 12.508497), (2.4132726, 11.931934), (2.4852571, 11.461983), (2.4854248, 12.82109), (2.4071364, 12.866593), (1.4161377, 10.357607), (1.5630249, 10.848364), (1.3839563, 10.781367), (1.5068028, 11.205754), (1.8285481, 11.869912), (1.9461511, 12.298521), (1.6223084, 11.612714), (1.7319624, 11.966148), (1.2587734, 9.945291), (1.0874281, 9.620973), (2.0335271, 12.693552), (1.93457, 12.463311), (1.7007593, 11.358828), (1.8357698, 12.236233), (1.2499819, 10.373768), (0.9360029, 9.396589), (0.7201307, 9.273488), (0.9052276, 9.692673), (1.1019126, 10.009844), (0.8208269, 9.300951), (2.566157, 10.792516), (2.3250313, 12.907549), (2.1708367, 12.398603), (0.05034231, 11.993656), (0.09518139, 12.089576), (0.14529686, 12.04529), (0.20046438, 11.850829), (0.25924712, 11.532149), (0.32061982, 11.138172), (0.3840682, 10.70794), (0.44978914, 10.299127), (0.51999396, 10.022952), (0.59645224, 9.940466), (0.6819492, 10.019603), (0.7819122, 10.205222), (0.91912466, 10.45564), (1.1076298, 10.734461), (1.2497295, 11.098377), (1.3780825, 11.552353), (1.4961522, 12.072869), (1.6075975, 12.621375), (1.7144794, 13.157753), (1.8174092, 13.648212), (1.9168988, 14.071191), (2.0147314, 14.407661), (2.1282809, 14.604534), (2.2284708, 14.692369), (2.2357473, 13.186499), (2.1388044, 13.118203), (2.0305898, 12.978474), (1.9309559, 12.759814), (1.8324928, 12.490853), (1.728725, 12.153738), (1.6198384, 11.748841), (1.5050001, 11.3101845), (1.3824661, 10.867881), (1.2496314, 10.451366), (1.101832, 10.085599), (0.90554553, 9.773032), (0.76980174, 9.469048), (0.66915435, 9.226546), (0.5823109, 9.09145), (0.5047957, 9.113502), (0.43383127, 9.304569), (0.36831206, 9.628496), (0.30680272, 10.020848), (0.2482394, 10.392482), (0.19239146, 10.645289), (0.14081669, 10.699784), (0.09527506, 10.583476), (0.056017708, 10.350213), (0.73689777, 12.094468), (0.7656799, 12.281627), (0.7046718, 11.855558), (0.67302984, 11.275285), (0.6327311, 9.617553), (0.631496, 9.364699), (0.7899367, 12.415847), (0.8081826, 12.455086), (0.8214292, 12.360925), (0.83252096, 11.526817), (0.82418287, 11.208939), (0.8012286, 10.673441), (0.7906016, 10.439951), (0.77148855, 9.690599), (0.6356258, 9.963814), (0.7754201, 9.95286), (0.8131287, 10.925297), (3.244648e-7, 8.886653), (3.244648e-7, 8.3743305), (0.24864455, 10.442775), (0.2396181, 10.012082), (0.3212963, 10.685656), (0.31007734, 10.291141), (0.5128287, 11.202177), (0.5170091, 10.937565), (0.5610666, 11.427584), (0.5931689, 11.181753), (0.6428933, 12.402251), (0.70367306, 12.371055), (0.53447354, 11.632205), (0.58737564, 12.35112), (0.50123614, 11.46602), (0.3276064, 11.178096), (0.25393912, 11.034949), (3.244648e-7, 9.831082), (0.5031187, 11.901912), (0.5327148, 12.550524), (0.47937733, 11.782609), (0.32497352, 11.710963), (0.25251716, 11.682658), (3.244648e-7, 11.499733), (0.02348541, 8.828219), (0.021283751, 9.338911), (0.010535019, 10.257919), (5.417277e-7, 11.552376), (3.244648e-7, 13.865262), (0.22740819, 12.711392), (3.244648e-7, 5.5991383), (3.244648e-7, 5.4708242), (3.244648e-7, 5.389679), (0.55673885, 9.929053), (0.4824184, 9.861282), (0.55233777, 9.593109), (0.47665516, 9.542336), (0.29137868, 12.573308), (0.16597153, 13.731858), (0.21814081, 13.461853), (0.12672855, 13.193538), (0.10541131, 12.838267), (0.41294485, 12.456652), (0.42469862, 12.53656), (0.41326404, 12.976831), (0.18744637, 13.509981), (0.24285643, 13.229407), (0.12349195, 13.771659), (0.16985558, 13.569218), (0.6544746, 12.552951), (0.7227005, 12.488498), (0.59285545, 12.521302), (0.53250253, 12.68373), (0.4030808, 12.960903), (0.6588684, 12.494789), (0.7327791, 12.504676), (0.59308195, 12.574474), (0.5291433, 12.711987), (0.39367828, 12.828696), (0.64770204, 11.367068), (0.7331998, 11.429518), (0.5696505, 11.414782), (0.49624476, 11.604748), (0.35698915, 12.162299), (0.63680756, 11.010641), (0.723131, 11.078097), (0.5587017, 11.086083), (0.48599252, 11.338362), (0.34888664, 12.022243), (0.6255251, 10.708858), (0.7116651, 10.773686), (0.5478985, 10.811623), (0.47589207, 11.1036215), (0.34121472, 11.867527), (0.604807, 10.1952505), (0.69038934, 10.263254), (0.52812093, 10.30023), (0.4578682, 10.599957), (0.32705674, 11.435661), (0.58516186, 9.357891), (0.6712079, 9.472857), (0.5079437, 9.396081), (0.4376023, 9.616816), (0.31047136, 10.407619), (0.22539662, 12.921281), (0.20890784, 12.6772), (0.17430907, 13.054892), (0.15535796, 12.737704), (2.9880565e-7, 13.059894), (2.9880565e-7, 12.849325), (3.244648e-7, 11.92935), (1.07234726e-7, 13.275389), (5.417277e-7, 14.457527), (2.9880565e-7, 12.868916), (0.14771014, 13.452656), (0.10333797, 13.605645), (3.244648e-7, 14.123461), (0.28017777, 12.880266), (0.26624367, 12.675899), (0.29687563, 13.060991), (0.19477172, 13.28143), (0.2441825, 13.102788), (0.6743527, 12.152529), (0.6223568, 12.159729), (0.5754923, 12.150553), (0.5280939, 12.356043), (0.4217886, 12.808647), (0.21741363, 13.3706), (0.26592764, 13.177095), (0.31576362, 13.069998), (0.34879065, 12.939218), (0.311041, 13.066515), (0.2672716, 13.230677), (0.38057435, 10.556912), (0.39160421, 10.909581), (0.39637572, 11.308396), (0.3899586, 11.749054), (0.34614018, 12.503929), (0.29238313, 13.029622), (0.35666338, 12.863628), (0.44915, 10.76617), (0.4562187, 11.066303), (0.45508516, 11.380155), (0.44213757, 11.749408), (0.3870607, 12.454431), (0.3319299, 12.919272), (0.4108275, 9.744692), (0.40366495, 9.450436), (3.244648e-7, 7.9121256), (0.21230844, 9.295427), (0.0070492444, 8.626441), (0.27568546, 9.412201), (0.34157473, 9.582969), (3.244648e-7, 7.840124), (0.20579149, 9.123304), (0.0017789836, 8.606899), (0.33357173, 9.322023), (3.244648e-7, 7.789964), (0.000011617351, 8.55676), (0.20163606, 9.007625), (0.2629183, 9.045549), (0.3290472, 9.144831), (0.5509648, 9.35407), (0.47440684, 9.319759), (0.40008968, 9.248016), (0.2678036, 9.192842), (1.07234726e-7, 13.838944), (3.244648e-7, 14.8921995), (3.244648e-7, 14.545191), (0.03461093, 13.547802), (0.017220033, 14.5864315), (0.0073034903, 14.693523), (3.244648e-7, 15.008124), (3.244648e-7, 15.117238), (0.05098409, 11.696316), (0.059415177, 10.569334), (0.063682206, 9.690181), (0.062273145, 9.169558), (0.042660512, 9.132819), (0.0374755, 9.13354), (0.034639474, 9.085088), (0.32777798, 12.747369), (0.33954346, 12.959613), (0.3534683, 13.10401), (0.36764485, 12.983837), (0.38531828, 12.771287), (0.38060236, 12.704904), (0.35752234, 12.714563), (0.3187775, 12.779329), (0.26752636, 12.91256), (0.20822254, 13.146613), (0.026131913, 14.177181), (3.244648e-7, 14.563653), (3.244648e-7, 14.482191), (3.244648e-7, 15.228142), (3.244648e-7, 15.692682), (3.244648e-7, 15.804122), (3.244648e-7, 15.599686), (3.244648e-7, 15.220346), (0.08264472, 13.33374), (0.058630124, 12.959275), (3.244648e-7, 13.732637), (2.9880565e-7, 13.187061), (3.244648e-7, 14.19483), (1.07234726e-7, 12.886435), (0.024888229, 12.654676), (0.08501278, 12.587508), (0.13937317, 12.510119), (0.19524309, 12.481306), (0.73778665, 12.355478), (0.66121364, 12.340718), (0.59172434, 12.409256), (0.5253549, 12.564359), (0.38532993, 12.66749), (0.31777474, 12.581521), (0.2543538, 12.508749), (0.37240866, 9.982768), (0.39130566, 11.015345), (0.4077617, 11.494025), (0.41660294, 11.694318), (0.42576107, 11.9029455), (0.45591044, 12.675147), (0.4620284, 12.828396), (0.46851435, 12.844841), (0.47411892, 12.766335), (0.476394, 12.605122), (0.4652809, 12.233302), (0.4479429, 12.13533), (0.41742238, 12.125618), (0.37171286, 12.16292), (0.31188998, 12.18379), (0.2431152, 12.235983), (0.042787746, 12.716969), (3.244648e-7, 12.870191), (3.244648e-7, 13.326971), (3.244648e-7, 8.304828), (3.244648e-7, 7.6039577), (3.244648e-7, 7.130789), (3.244648e-7, 6.4207993), (3.244648e-7, 6.287081), (3.244648e-7, 6.20724), (0.2909917, 12.345528), (0.28378394, 12.28214), (0.27697825, 12.183639), (0.2646213, 11.815776), (0.25081527, 10.805317), (0.22859547, 12.477046), (0.22201896, 12.477465), (0.21615997, 12.428063), (0.20521529, 12.122079), (0.19382313, 11.10513), (0.17026752, 12.5857), (0.16450301, 12.623785), (0.15910801, 12.598888), (0.1493845, 12.316824), (0.14070727, 11.23267), (0.11629055, 12.6803), (0.111345515, 12.727249), (0.10662132, 12.698304), (0.098377764, 12.383501), (0.09333678, 11.179456), (0.05221343, 10.97561), (0.050105326, 11.545129), (0.09313938, 11.69152), (0.14225745, 11.682866), (0.19645365, 11.506657), (0.25438863, 11.189862), (0.31502426, 10.790693), (0.37767282, 10.358645), (0.442985, 9.966323), (0.5130857, 9.717382), (0.5898291, 9.658619), (0.67538774, 9.754293), (1.07234726e-7, 12.656382), (4.984904e-7, 12.631055), (3.244648e-7, 12.741449), (2.9880565e-7, 12.842746), (8.321508e-7, 12.839012), (0.023348134, 12.82976), (0.06704075, 12.764668), (0.063021325, 12.792794), (0.059052333, 12.730316), (0.05247529, 12.330796), (0.0204184, 12.815944), (5.65099e-7, 12.77842), (0.05559201, 12.574728), (0.10235432, 12.584741), (0.1541309, 12.499718), (0.2104846, 12.313624), (0.27055988, 12.032779), (0.33396125, 11.677769), (0.39932862, 11.275497), (0.46675438, 10.8668785), (0.5375781, 10.559304), (0.6146865, 10.444333), (0.7004515, 10.507176), (3.244648e-7, 15.764309), (3.244648e-7, 15.063682), (0.0000038002363, 14.632827), (0.14437687, 13.808164), (0.19357798, 13.568496), (0.24206294, 13.34637), (0.28883016, 13.156227), (0.33409172, 13.008112), (0.37950477, 12.857077), (0.42645594, 12.659808), (0.47390148, 12.408015), (0.5181815, 12.117398), (0.55764866, 11.899713), (0.59487975, 11.850726), (0.63745207, 11.813671), (3.244648e-7, 10.290073), (3.244648e-7, 9.110363), (3.244648e-7, 8.304228), (3.244648e-7, 7.805418), (3.244648e-7, 7.179051), (3.244648e-7, 7.0655847), (3.244648e-7, 7.0017242), (3.244648e-7, 18.053099), (3.244648e-7, 18.080881), (3.244648e-7, 17.94969), (3.244648e-7, 17.505026), (3.244648e-7, 16.825907), (3.244648e-7, 13.049927), (3.244648e-7, 14.434955), (3.244648e-7, 15.474552), (3.244648e-7, 16.200397), (3.244648e-7, 16.66828), (3.244648e-7, 16.795887), (3.244648e-7, 16.770405), (3.244648e-7, 16.614948), (0.64204884, 10.341438), (0.56484216, 10.301764), (0.492136, 10.220756), (0.42179018, 10.0829315), (0.3529982, 9.88999), (0.28594694, 9.674726), (0.22066239, 9.4976635), (0.04982056, 9.092035), (0.013626055, 8.641482), (3.244648e-7, 8.013506), (3.244648e-7, 7.332675), (3.244648e-7, 6.598666), (3.244648e-7, 5.7715883), (2.9880565e-7, 12.641838), (1.07234726e-7, 12.666432), (4.984904e-7, 12.728698), (0.018601557, 13.059825), (0.041819047, 13.471092), (0.060972165, 13.757344), (0.07863008, 13.985228), (0.095909394, 14.067383), (0.113295294, 14.031615), (0.13045114, 13.843083), (0.14649387, 13.4682455), (0.16086711, 12.958048), (0.17244847, 12.379655), (0.17964193, 11.719988), (0.18157206, 10.925837), (0.17855382, 10.227762), (0.65351427, 10.750644), (0.5773387, 10.691305), (0.5051632, 10.58426), (0.4357379, 10.430106), (0.36660472, 10.217551), (0.29774806, 9.964834), (0.2299582, 9.724038), (0.057111837, 9.066091), (0.01992997, 8.683238), (3.2511718e-7, 8.151749), (3.244648e-7, 7.528003), (3.244648e-7, 6.8248415), (1.07234726e-7, 12.73644), (4.984904e-7, 12.788493), (9.762081e-7, 13.070634), (0.0015175255, 13.571777), (0.018746447, 13.922939), (0.03355841, 14.212911), (0.047363352, 14.346035), (0.060792975, 14.359612), (0.07392971, 14.21524), (0.08566717, 13.82523), (0.09628682, 13.256417), (0.105414435, 12.564295), (0.112157375, 11.757805), (0.11584633, 10.808209), (0.11583814, 10.010105), (0.14216125, 9.069302), (0.14536245, 9.156521), (0.15053102, 9.276504), (0.15730445, 9.397906), (0.16492826, 9.530134), (0.17221406, 9.755221), (0.084631965, 9.169579), (0.0873451, 9.234348), (0.09208147, 9.292559), (0.09870577, 9.316192), (0.10591166, 9.343162), (0.1120427, 9.496564), (0.830982, 12.144271), (0.7408292, 12.139538), (0.6610468, 12.114662), (0.587372, 12.169778), (0.51655245, 12.271638), (0.44549817, 12.40647), (0.3752144, 12.474034), (0.30771413, 12.4621315), (0.24418883, 12.43944), (0.18471256, 12.444969), (0.12900707, 12.496266), (0.07605693, 12.578867), (0.02508542, 12.653304), (4.984904e-7, 12.701752), (2.9880565e-7, 12.715427), (0.83515865, 11.85335), (0.7394447, 11.804603), (0.65635604, 11.756301), (0.57970345, 11.793829), (0.5066412, 11.920855), (0.43546167, 12.137552), (0.36568585, 12.30664), (0.29886314, 12.394682), (0.2355917, 12.449454), (0.17680216, 12.5086355), (0.12196487, 12.585518), (0.07107199, 12.673804), (0.024618598, 12.754401), (8.317561e-7, 12.792592), (2.9880565e-7, 12.789375), (2.5632572, 27.207445), (2.6520276, 27.47728), (2.52959, 24.980446), (2.4609215, 20.500326), (2.505499, 21.55289), (2.5604985, 22.56145), (2.5018232, 22.596075), (2.5443866, 26.167555), (2.6537364, 25.70023), (2.6036358, 23.61161), (2.6348975, 24.663982), (2.659499, 26.66566), (2.4375455, 19.57683), (2.4829292, 21.500742), (2.51635, 23.769365), (2.4164567, 18.754648), (2.4012868, 18.264671), (2.4438412, 20.737469), (2.3950913, 20.046764), (2.3678787, 18.891253), (2.391716, 18.194094), (2.0783858, 24.972158), (2.0410366, 24.265047), (2.0201325, 23.516026), (2.0480595, 24.15373), (2.0737045, 24.771893), (2.1055934, 25.539156), (2.1302738, 25.871191), (2.3780422, 28.133), (2.3287196, 27.060034), (2.2103567, 24.912354), (2.1573381, 23.957788), (2.1188269, 23.218756), (2.0973608, 22.40093), (2.1216888, 23.039055), (2.1456594, 23.68008), (2.1750581, 24.479383), (2.2426388, 26.320972), (2.588303, 28.535694), (2.4069264, 22.65952), (2.4762344, 27.121893), (2.4536612, 26.01621), (2.4111812, 23.777088), (2.3621604, 21.710045), (2.3373806, 20.821484), (2.3162134, 20.105146), (2.295806, 19.55796), (2.311467, 20.965551), (2.352414, 21.719448), (2.4039805, 21.17436), (2.5111024, 26.601952), (2.6181607, 26.264578), (2.3910925, 20.110796), (2.2822008, 24.083344), (2.2286892, 23.10143), (2.1895876, 22.336502), (2.1689618, 21.361614), (2.1911354, 21.978083), (2.21316, 22.640894), (2.2410762, 23.47095), (2.3024845, 25.39222), (2.3638954, 27.396536), (2.5310345, 27.618868), (2.4383013, 27.712421), (2.4107292, 26.664835), (2.358885, 24.538681), (2.3036113, 22.538864), (2.2773795, 21.678635), (2.255958, 20.991493), (2.234821, 20.410627), (2.2537093, 21.595716), (2.292949, 22.365196), (2.346999, 23.338081), (2.4572, 25.515419), (2.4596782, 22.06287), (2.360147, 20.445562), (2.3493838, 18.821707), (2.3706355, 19.358265), (2.459105, 23.12424), (2.4927995, 25.449936), (2.5325527, 27.620214), (2.6216638, 27.970303), (2.5613728, 24.155758), (2.5122263, 24.802065), (2.395869, 26.269632), (2.5960438, 25.228731), (2.5515354, 25.886372), (2.5000634, 26.605076), (2.442233, 27.3584), (2.5776205, 26.912569), (2.477291, 28.357433), (2.0298529, 23.730932), (2.1057668, 22.608044), (2.1762593, 21.544888), (2.2418647, 20.557676), (2.3025403, 19.665905), (2.3565905, 18.901894), (2.0131927, 23.53478), (2.090598, 22.451336), (2.1624134, 21.505085), (2.2284782, 20.68919), (2.287603, 19.990868), (2.335972, 19.394451), (2.6271238, 27.205137), (2.590674, 27.82116), (2.5479794, 28.491833), (2.2701457, 25.977654), (2.3403122, 25.164986), (2.4042237, 24.411144), (2.462711, 23.710035), (2.514753, 23.08432), (2.3326902, 26.394073), (2.3845694, 25.596579), (2.432998, 24.887781), (2.4764826, 24.274145), (2.2081416, 25.377481), (2.2713258, 24.405436), (2.3316576, 23.507215), (2.3875277, 22.706518), (2.4383225, 22.029963), (2.4150636, 21.0203), (2.565452, 24.623646), (2.5531151, 23.389378), (2.5791419, 25.831316), (2.5960464, 26.880552), (2.683684, 27.068531), (2.691947, 26.22095), (2.6874206, 25.243095), (2.671126, 24.220846), (2.643601, 23.193584), (2.6043622, 22.151773), (2.5477703, 21.044827), (2.467465, 20.364122), (2.4112008, 19.754532), (2.3803904, 18.490791), (2.4182224, 17.609404), (2.430029, 17.656914), (2.4461894, 18.178232), (2.473035, 19.218096), (2.4981344, 20.15825), (2.5210657, 21.130238), (2.539421, 22.206118), (2.3815844, 19.121012), (2.3693714, 19.43289), (2.3380513, 19.860329), (2.2910535, 20.398825), (2.2333815, 21.046288), (2.1682208, 21.813543), (2.0976002, 22.721087), (2.019728, 23.784233), (2.3988268, 17.944681), (2.3801055, 18.45486), (2.3433578, 19.03562), (2.291993, 19.707542), (2.2312748, 20.484957), (2.164974, 21.37162), (2.0934348, 22.368546), (2.0157633, 23.469378), (2.3927643, 17.446589), (2.4181666, 16.957815), (2.4134262, 19.68428), (2.3330972, 18.636639), (2.3509207, 16.948807), (2.3712308, 18.882072), (2.373742, 16.342049), (2.1841443, 15.775378), (2.1702707, 16.348284), (2.1852105, 17.808487), (2.2708573, 18.492432), (2.2715478, 15.883716), (2.3261974, 16.41266), (2.2139986, 15.378653), (2.3819592, 17.01403), (2.3730998, 16.463652), (2.198133, 15.519268), (2.3798406, 16.208414), (2.426197, 16.90124), (2.2236254, 15.422525), (2.4559822, 19.984661), (2.4232757, 17.217192), (2.4334922, 17.689686), (2.2696648, 15.636575), (2.3081698, 16.122992), (2.3547509, 16.646967), (2.4046757, 17.219326), (2.4538207, 17.83944), (2.3238928, 15.643519), (2.3574343, 16.178879), (2.3976762, 16.72338), (2.4420965, 17.280785), (2.4881325, 17.852837), (2.6942086, 19.290257), (2.7303798, 19.968298), (2.6106985, 17.184717), (2.6625264, 18.565237), (2.6401877, 19.58937), (2.5866153, 19.810043), (2.6337886, 20.385906), (2.6826115, 20.217834), (2.6007333, 18.869806), (2.538297, 19.116358), (2.4504328, 17.61683), (2.5331976, 17.420546), (2.680318, 26.320745), (2.7344458, 25.94899), (2.7653387, 26.447392), (2.818335, 26.117546), (2.6903222, 23.89685), (2.6439073, 24.156637), (2.5792785, 19.945648), (2.552003, 19.979956), (2.668857, 21.014133), (2.5002143, 18.494576), (2.7156105, 20.887829), (2.6139572, 19.782969), (2.742176, 23.537271), (2.7946615, 25.443758), (2.8756294, 25.650248), (2.7609859, 20.692326), (2.7893758, 21.491798), (2.744964, 21.686895), (2.6999054, 21.830648), (2.683194, 21.48616), (2.641979, 21.71315), (2.605986, 21.850323), (2.6612306, 25.319914), (2.7124357, 25.00207), (2.7687979, 24.568277), (2.7652717, 24.658903), (2.8110342, 24.39629), (2.859596, 24.057959), (2.4783916, 18.418674), (2.5330064, 18.435024), (2.8155282, 22.326956), (2.770824, 22.55412), (2.727564, 22.73675), (2.8393607, 23.183413), (2.7936654, 23.460403), (2.7495408, 23.684778), (2.8740304, 24.927471), (2.8215568, 25.33159), (2.7714849, 25.620308), (2.575652, 19.057558), (2.5422091, 19.179983), (2.5180297, 19.1708), (2.30104, 15.893607), (2.2986696, 15.823124), (2.2918901, 15.997843), (2.2748382, 16.580263), (2.2691984, 18.297922), (2.3500607, 19.206795), (2.2424781, 17.511414), (2.1736646, 17.645058), (2.0850759, 17.178692), (2.0496593, 15.998448), (2.0574548, 15.478503), (2.0782013, 15.1916485), (2.102057, 14.83123), (2.4918017, 18.362885), (2.5642412, 18.1332), (2.634498, 17.85322), (2.5812247, 20.863947), (2.6122453, 20.783707), (2.6498146, 20.592438), (2.71379, 22.48055), (2.6674793, 22.768759), (2.6258712, 22.968328), (2.3585355, 17.703896), (2.4157686, 18.492165), (2.474821, 19.269287), (2.5313623, 19.91387), (2.581826, 20.408077), (2.6166277, 21.059116), (2.6535869, 21.957216), (2.6851416, 22.923347), (2.7087622, 23.911203), (2.7239745, 24.910528), (2.7279792, 25.884514), (2.7203019, 26.739128), (2.6342156, 26.608013), (2.617281, 25.571474), (2.6028106, 24.37212), (2.5891607, 23.144428), (2.5732193, 21.976696), (2.5529747, 20.93639), (2.5272517, 20.009699), (2.4974427, 19.142889), (2.4631896, 18.291372), (2.1765964, 15.103297), (2.2421663, 15.581749), (2.3096225, 16.129839), (2.3721604, 16.752113), (2.4241037, 17.479282), (2.3358433, 18.488747), (2.4103036, 19.30151), (2.4730155, 19.88042), (2.5223017, 20.2993), (2.7420404, 11.223769), (2.7168295, 10.377352), (2.7069626, 9.765559), (3, 11.648055), (2.9999995, 13.291531), (3, 12.340811), (2.9999995, 11.274056), (3, 10.42534), (2.9434485, 12.081249), (3, 9.892273), (3, 10.621829), (3, 11.2372), (2.9999995, 12.123401), (2.952871, 12.982626), (2.9690413, 14.140267), (3, 13.341783), (3, 12.4785595), (2.689534, 12.541509), (3, 10.539776), (2.9912171, 11.3640785), (3, 10.406103), (3, 9.79893), (3, 11.355686), (3, 11.221925), (3, 12.243608), (2.5618691, 13.036925), (2.564924, 13.892799), (2.571725, 15.186194), (2.5924776, 16.535551), (2.6575396, 11.543398), (2.6429067, 10.237256), (2.642435, 10.8000145), (2.9999995, 14.225531), (2.999998, 13.157662), (2.9996743, 12.08339), (2.72791, 10.761321), (2.7100956, 10.050176), (2.9999995, 13.818182), (3, 12.818958), (3, 12.885013), (3, 11.921154), (2.7593644, 11.762454), (2.6719012, 12.008639), (2.9999995, 10.949561), (3, 10.144322), (3, 10.846996), (2.9952407, 11.699062), (2.9395156, 11.729644), (3, 9.647719), (3, 10.219395), (3, 10.834067), (3, 10.785887), (3, 10.059511), (3, 11.11446), (3, 11.770278), (2.9999995, 11.654105), (3, 11.683865), (2.9999995, 12.704331), (2.563003, 13.427322), (2.9470403, 12.48264), (2.5672233, 14.460057), (2.9609988, 13.59577), (2.5792534, 15.8825865), (2.9762783, 14.638207), (2.7063687, 9.543548), (2.6415045, 10.488616), (2.9999995, 13.71868), (2.9999828, 12.562694), (3, 13.027416), (3, 13.409458), (3, 13.870358), (3, 14.327236), (2.9999995, 14.709277), (2.9829822, 15.121226), (2.7794485, 12.346308), (2.7105308, 13.112974), (2.8863993, 12.034616), (2.8893814, 12.403234), (2.8926988, 12.817026), (2.8979318, 13.319201), (2.9061055, 13.948164), (2.9137616, 14.507267), (2.921819, 15.023536), (2.9302297, 15.5298815), (2.829549, 12.29574), (2.832126, 12.681219), (2.8358595, 13.104463), (2.840677, 13.602465), (2.8477736, 14.240242), (2.855938, 14.828288), (2.8651571, 15.372296), (2.8741055, 15.901473), (2.768837, 12.518759), (2.7716153, 12.92284), (2.7750425, 13.358763), (2.7794688, 13.871998), (2.7863188, 14.521932), (2.7945912, 15.1248455), (2.804415, 15.698069), (2.8151689, 16.253857), (2.7041137, 12.715366), (2.7065024, 13.1258955), (2.7092555, 13.575419), (2.713822, 14.120104), (2.7198615, 14.780214), (2.728653, 15.406387), (2.739151, 16.002478), (2.751674, 16.586758), (2.634695, 12.894207), (2.6367116, 13.294041), (2.6390698, 13.752599), (2.642713, 14.31622), (2.6486576, 14.99694), (2.657172, 15.662335), (2.668794, 16.288692), (2.6833594, 16.899645), (3, 14.574874), (2.9999995, 15.430333), (2.9969416, 16.21703), (3, 18.04426), (2.9999995, 19.079752), (3, 17.419819), (2.9999998, 18.712662), (2.9999998, 16.072287), (2.987053, 17.094122), (3, 15.376899), (2.9999995, 14.210433), (2.9999993, 14.768649), (2.926121, 15.735194), (2.9999995, 13.826757), (2.8227482, 13.495225), (2.8702688, 14.5756235), (3, 16.702095), (2.9999995, 17.548197), (3, 14.43828), (2.9999995, 15.228388), (2.9999995, 16.42744), (3, 15.662265), (2.9999995, 18.730766), (2.9999998, 17.260555), (2.9999998, 15.0979), (3, 16.312666), (2.9999962, 15.818358), (2.9999998, 14.569505), (3, 19.18882), (2.951149, 14.578598), (2.9999995, 13.834294), (2.9999998, 13.323139), (3, 17.831068), (3, 13.966763), (3, 14.859944), (3, 15.033364), (2.9999995, 15.798164), (2.9899879, 15.640821), (2.9999995, 16.047169), (3, 17.104923), (2.9999843, 16.852032), (3, 16.314285), (3, 18.023603), (3, 19.500418), (3, 16.756628), (2.9999998, 16.509464), (3, 17.883652), (2.9999998, 15.71723), (2.9999995, 14.818759), (2.9999993, 14.471428), (2.9999998, 15.405504), (2.9784286, 15.186886), (2.9565668, 16.378487), (3, 13.977612), (3, 15.056533), (2.8006356, 12.931316), (2.8456843, 14.035286), (2.9999995, 19.73951), (3, 18.56288), (2.8973868, 15.140293), (2.9977837, 14.145581), (2.9999993, 13.569049), (3, 13.156324), (3, 17.381025), (2.9999995, 18.30948), (3, 20.278797), (2.9381835, 16.063116), (2.947469, 16.647444), (2.9589133, 17.2963), (2.9729016, 18.02181), (2.9895737, 18.80968), (2.999998, 19.597), (2.9999995, 20.29063), (3, 20.87771), (3, 21.344841), (3, 20.30601), (2.9976118, 19.484941), (2.9635222, 18.622059), (2.9304504, 17.791042), (2.8982089, 17.044212), (2.8664143, 16.387905), (2.8359337, 15.80162), (2.8072817, 15.260931), (2.780928, 14.747298), (2.7565627, 14.229442), (2.732901, 13.683853), (2.632397, 13.846446), (2.6565094, 14.4201765), (2.682632, 14.967079), (2.7098572, 15.479869), (2.738824, 15.978859), (2.7694883, 16.50237), (2.8017213, 17.083368), (2.83486, 17.75155), (2.8689244, 18.518007), (2.9041004, 19.36873), (2.9395316, 20.254591), (2.9750402, 21.102423), (3, 22.43814), (2.9999995, 21.985968), (2.9999995, 21.4445), (2.9934916, 20.814001), (2.9685962, 20.098196), (2.9459379, 19.299477), (2.926449, 18.486132), (2.9098947, 17.73573), (2.895829, 17.06286), (2.8841186, 16.456196), (2.549354, 14.49453), (2.57539, 15.076938), (2.6042697, 15.634948), (2.635214, 16.155888), (2.667307, 16.654121), (2.7011185, 17.167574), (2.7359688, 17.746014), (2.7708912, 18.426048), (2.8063886, 19.20434), (2.8429196, 20.059013), (2.8799484, 20.953068), (2.9158404, 21.83372), (2.949541, 22.631615), (3, 23.107592), (2.9999852, 22.575163), (2.9763973, 21.96152), (2.95028, 21.279285), (2.9245281, 20.541073), (2.900176, 19.74598), (2.877965, 18.925512), (2.858388, 18.162634), (2.8412406, 17.467325), (2.82699, 16.835842), (2.465879, 15.025756), (2.4942508, 15.611464), (2.5266886, 16.17919), (2.5614865, 16.714388), (2.5982819, 17.22526), (2.6359148, 17.739752), (2.6735835, 18.317291), (2.7105503, 19.008398), (2.74751, 19.796068), (2.784631, 20.65448), (2.8211334, 21.563208), (2.8562524, 22.488203), (2.889257, 23.35568), (2.9757528, 23.76235), (2.955557, 23.124268), (2.9315774, 22.423515), (2.9056625, 21.68538), (2.879238, 20.91939), (2.8536077, 20.12614), (2.828565, 19.323183), (2.804123, 18.567385), (2.7836714, 17.855885), (2.7661877, 17.196619), (2.3897169, 15.421713), (2.4199991, 15.994331), (2.4562814, 16.558878), (2.495623, 17.105965), (2.5370352, 17.640371), (2.5787501, 18.174528), (2.6192167, 18.762274), (2.6576576, 19.46562), (2.6948397, 20.262424), (2.7306938, 21.13393), (2.765428, 22.076143), (2.7981076, 23.061646), (2.8285866, 24.009617), (2.9317017, 25.015068), (2.925983, 24.386038), (2.9082663, 23.626663), (2.8855364, 22.835274), (2.8608863, 22.036873), (2.834328, 21.236284), (2.8071265, 20.439402), (2.7788842, 19.67113), (2.7492626, 18.944735), (2.724162, 18.223316), (2.7018683, 17.536394), (2.1087697, 12.5857725), (2.036578, 12.579852), (2.2154496, 12.581034), (2.2056322, 12.94373), (2.097955, 12.856827), (2.1361117, 13.496027), (2.0641828, 14.42918), (1.9452268, 14.244366), (1.9503323, 13.969036), (2.0526161, 14.098965), (2.0248094, 12.814993), (1.9177864, 14.962713), (1.9291081, 14.818604), (2.092072, 16.760365), (2.1784487, 14.507188), (2.192476, 14.977662), (2.2232962, 16.252064), (2.2245057, 15.494352), (2.2339633, 13.552362), (2.258548, 12.693654), (2.2486722, 13.042882), (2.2296262, 14.635036), (2.2431605, 15.141933), (2.0081937, 16.752686), (2.1225977, 15.268795), (2.11645, 15.8963585), (1.9469601, 14.523621), (1.9220906, 15.44069), (1.9732915, 16.464632), (2.3020213, 12.679833), (2.3506405, 12.452309), (2.4107003, 12.090546), (2.4845629, 11.616456), (2.2999485, 15.1016), (2.3661501, 14.852452), (2.3495302, 14.323283), (2.4246273, 13.919053), (2.3429465, 12.764321), (2.4053407, 12.40279), (2.2926273, 12.996709), (2.4428015, 14.44821), (2.2852767, 14.577417), (2.4818566, 11.900346), (2.5079274, 13.388688), (2.5263913, 13.918361), (2.4026468, 15.48976), (2.4895642, 15.3583145), (2.403451, 14.673025), (2.4874363, 14.579126), (2.4071152, 13.179334), (2.4860604, 13.129164), (1.2266896, 12.091309), (1.2609657, 12.228884), (1.1660022, 12.171559), (1.1244045, 12.053592), (1.4850603, 12.503097), (1.3744982, 11.934933), (1.556143, 11.018569), (1.4090434, 10.572554), (0.93493927, 9.523286), (0.93304133, 9.814757), (1.3766636, 12.661557), (1.4084268, 12.749286), (1.3179021, 12.279695), (1.2892523, 12.2796545), (1.4919995, 12.306033), (1.5020407, 11.544952), (1.3802062, 11.075631), (1.377225, 11.758158), (1.2523735, 11.292169), (1.2483321, 10.644328), (1.2546049, 11.462078), (0.9376207, 11.233007), (1.4369959, 12.194433), (1.4169626, 12.40888), (1.3094157, 11.970736), (1.3242931, 11.633339), (1.016578, 12.074268), (1.4576366, 12.749506), (1.3566982, 12.188566), (1.219185, 11.989725), (1.248094, 11.754534), (0.9759155, 11.915342), (1.0662371, 12.192375), (1.1930053, 12.098167), (1.1152358, 12.241239), (1.5416712, 11.278071), (1.3960901, 10.8960705), (0.9509423, 11.688794), (1.4125416, 12.474737), (1.3105277, 12.113808), (1.3016484, 12.384693), (1.2112747, 12.254434), (1.9401393, 12.395707), (1.8223774, 11.985046), (1.5232049, 13.018648), (1.5458791, 13.100529), (1.4472864, 12.680475), (1.4224995, 12.532757), (1.9973559, 15.466904), (1.8980855, 14.915644), (1.6558393, 14.024946), (1.556539, 13.375151), (1.8189414, 13.765498), (1.681284, 13.456687), (1.9240153, 12.628478), (1.8053457, 12.22203), (1.4800742, 13.00923), (1.5559571, 13.731214), (1.4638349, 13.161671), (1.3898288, 12.63864), (1.6539077, 14.353493), (1.6935971, 14.593914), (1.5941924, 13.939252), (1.7976279, 14.757602), (1.8654634, 15.732747), (1.7577152, 15.023494), (1.6813606, 14.08726), (1.7244183, 12.469866), (1.6158422, 12.021341), (1.7727028, 14.274578), (1.7799104, 14.287647), (1.6548986, 13.646761), (1.6362656, 13.656771), (1.7850074, 14.126286), (1.6409694, 13.597236), (1.7064317, 13.470655), (1.6007643, 12.890435), (1.6946114, 13.731746), (1.5908726, 13.115244), (1.5759068, 13.496808), (1.55064, 12.922725), (1.5286578, 13.022147), (1.499292, 13.318587), (1.9661386, 16.046244), (1.8605698, 15.352211), (1.9089699, 14.524794), (2.0069256, 14.961781), (1.6778661, 11.712938), (1.5187194, 13.022828), (1.7994596, 13.9618225), (1.6569611, 13.559902), (1.7965214, 15.279887), (1.9022177, 15.998444), (1.083975, 9.77968), (1.2533153, 10.147762), (1.0707376, 11.700422), (1.0628022, 11.25368), (1.1990297, 11.384376), (1.1943042, 11.795328), (1.0771182, 10.100863), (1.2426912, 10.494735), (1.0919288, 11.914434), (1.2040524, 11.965849), (1.9271829, 13.149945), (2.0268881, 13.370485), (1.694158, 11.486519), (1.757293, 14.682479), (1.8283005, 12.85147), (1.8087559, 14.020698), (1.7967927, 14.332022), (1.3251808, 12.232067), (1.353344, 12.393396), (0.83500195, 12.20086), (0.80521053, 12.025689), (0.86542594, 12.338828), (0.89522725, 12.387947), (0.9469744, 12.115988), (0.96578276, 11.86466), (0.97110045, 11.336662), (0.9450098, 10.8822365), (0.9307941, 10.673439), (0.90706104, 9.973866), (0.7523153, 11.297439), (0.72054255, 9.638141), (0.72027254, 9.373953), (0.9155327, 12.12968), (0.882482, 11.962693), (0.95767707, 12.259143), (1.0097417, 12.305147), (1.0840133, 12.077649), (1.1063278, 11.879713), (1.1250275, 11.482835), (1.1198134, 11.117438), (1.113532, 10.934732), (1.102033, 10.276382), (0.838556, 11.270454), (0.82005477, 9.686441), (0.8203925, 9.4109335), (0.77751964, 11.8117075), (0.8571896, 11.74235), (2.5662756, 10.94868), (2.564557, 11.227452), (2.5923944, 12.742948), (2.6108053, 13.274262), (2.5647109, 11.5448675), (2.481112, 12.218899), (2.4025276, 12.750467), (2.3365254, 13.131841), (2.2837424, 13.364613), (2.2377865, 13.403926), (2.1933343, 13.2994175), (2.0830178, 13.140383), (2.007535, 13.080649), (1.9008167, 12.89868), (1.7803187, 12.499682), (1.6549501, 11.944898), (1.5224024, 11.481811), (1.3803786, 11.138899), (1.2308681, 10.78034), (1.0704204, 10.409598), (0.93110406, 10.134732), (0.8203685, 10.022855), (0.72245014, 9.984735), (0.91094697, 10.218309), (1.1036744, 10.509804), (1.2482347, 10.877261), (1.3788767, 11.320233), (1.498792, 11.814051), (1.6118152, 12.325264), (1.7200367, 12.815921), (1.823459, 13.24879), (1.922837, 13.599998), (2.0215714, 13.858158), (2.133103, 13.997768), (2.231485, 14.053164), (2.4047987, 14.046402), (2.4862657, 13.990256), (2.3245728, 13.199738), (2.3205683, 14.0659), (2.317889, 14.710776), (2.31373, 15.552271), (2.167075, 12.542741), (2.157092, 12.868428), (2.143904, 13.190651), (2.1234486, 14.288419), (2.1386306, 14.698473), (2.510257, 16.72529), (2.4218073, 16.885975), (2.3266287, 17.009811), (2.229263, 16.90196), (2.108437, 16.422577), (1.9849614, 15.843104), (1.8821712, 15.198328), (1.779567, 14.557555), (1.6782824, 13.92047), (1.5762901, 13.280457), (1.4740447, 12.653838), (1.3680428, 12.0798645), (1.2537706, 11.61505), (1.1244651, 11.296451), (0.9598984, 11.098928), (2.1233673, 17.52691), (2.647586, 11.147294), (2.5690262, 11.890082), (2.4851305, 12.555533), (2.4042559, 13.094064), (2.3350148, 13.488932), (2.278101, 13.726737), (2.229374, 13.769028), (2.1826017, 13.660472), (2.1314824, 13.521512), (2.0682218, 13.439971), (1.9860243, 13.374807), (1.8727254, 13.212769), (1.748332, 12.855813), (1.6236955, 12.257936), (1.4974023, 11.675605), (1.3625121, 11.28827), (1.2190604, 10.956195), (1.0654072, 10.642001), (0.9306153, 10.419759), (0.82230425, 10.354067), (0.7268258, 10.348381), (0.7356897, 10.753723), (0.82782245, 10.735665), (0.93264985, 10.73363), (1.0639294, 10.804509), (1.210955, 10.99556), (1.3459918, 11.318871), (1.4699016, 11.85293), (1.5870221, 12.589506), (1.7138691, 13.189126), (1.8444207, 13.501298), (1.9648386, 13.669225), (2.0562966, 13.758834), (2.1230495, 13.884485), (2.1765974, 14.057494), (2.2257798, 14.170581), (2.2784014, 14.117545), (2.3393545, 13.870361), (2.411998, 13.469285), (2.4939091, 12.935011), (2.5783377, 12.281485), (2.0598917, 16.644308), (1.9437191, 16.006117), (1.8285996, 15.305101), (1.7172538, 14.614317), (1.6130736, 13.977327), (1.5163522, 13.413149), (1.4265542, 12.928862), (1.3405735, 12.540175), (1.2532821, 12.286119), (1.1582962, 12.204685), (1.0518352, 12.239738), (0.9228045, 12.312676), (2.0515013, 16.850285), (1.9367124, 16.096088), (1.8312367, 15.38424), (1.7285469, 14.699425), (1.6279362, 14.034876), (1.5306685, 13.390133), (1.4357166, 12.782321), (1.3403928, 12.25546), (1.2372327, 11.879476), (1.1198932, 11.679062), (0.9742689, 11.596922), (2.370064, 18.155327), (2.3302329, 17.828493), (2.2604256, 17.50829), (2.167745, 17.143406), (2.2201781, 18.26935), (2.3009138, 18.874575), (2.3634524, 19.271599), (2.4017303, 19.515877), (2.4963646, 16.053535), (2.4861808, 13.516327), (2.4078274, 16.183245), (2.315576, 16.287064), (2.3230934, 13.569897), (2.4060342, 13.560178), (0.05034231, 11.993656), (0.09518139, 12.089576), (0.14529686, 12.04529), (0.20046438, 11.850829), (0.25924712, 11.532149), (0.32061982, 11.138172), (0.3840682, 10.70794), (0.44978914, 10.299127), (0.51999396, 10.022952), (0.59645224, 9.940466), (0.6819492, 10.019603), (0.7819122, 10.205222), (0.91912466, 10.45564), (1.1076298, 10.734461), (1.2497295, 11.098377), (1.3780825, 11.552353), (1.4961522, 12.072869), (1.6075975, 12.621375), (1.7144794, 13.157753), (1.8174092, 13.648212), (1.9168988, 14.071191), (2.0147314, 14.407661), (2.1282809, 14.604534), (2.2284708, 14.692369), (2.2357473, 13.186499), (2.1388044, 13.118203), (2.0305898, 12.978474), (1.9309559, 12.759814), (1.8324928, 12.490853), (1.728725, 12.153738), (1.6198384, 11.748841), (1.5050001, 11.3101845), (1.3824661, 10.867881), (1.2496314, 10.451366), (1.101832, 10.085599), (0.90554553, 9.773032), (0.76980174, 9.469048), (0.66915435, 9.226546), (0.5823109, 9.09145), (0.5047957, 9.113502), (0.43383127, 9.304569), (0.36831206, 9.628496), (0.30680272, 10.020848), (0.2482394, 10.392482), (0.19239146, 10.645289), (0.14081669, 10.699784), (0.09527506, 10.583476), (0.056017708, 10.350213), (2.9972742, 5.4827766), (2.9334955, 5.932156), (2.8969846, 6.60356), (2.872645, 7.490176), (2.8322845, 7.982392), (2.797593, 8.388357), (2.756426, 8.88883), (2.999999, 5.647738), (2.999999, 7.0865355), (2.999999, 5.9587717), (2.9987288, 6.180541), (2.9999943, 7.401568), (2.9999943, 5.872069), (2.9617038, 5.998354), (2.9084268, 7.3644934), (2.9387357, 7.290733), (2.832606, 8.83421), (2.8201191, 8.625469), (2.855323, 9.623004), (2.9476886, 8.488889), (2.999999, 6.2647157), (2.999999, 5.6975923), (2.999999, 5.6182733), (2.999996, 5.555134), (2.9999943, 5.4994054), (2.9124453, 6.6240277), (2.9562287, 6.5978804), (2.884462, 8.038705), (2.78896, 9.959763), (2.7778628, 9.6057415), (2.8940778, 8.424045), (2.980248, 6.3358693), (2.9724164, 7.2859178), (2.999999, 7.978739), (2.9968548, 8.841538), (2.8193321, 10.973741), (2.9188547, 9.700623), (2.8529613, 7.995545), (2.761823, 9.096832), (2.999999, 5.5332217), (2.999999, 6.390418), (2.999999, 5.739443), (2.9967077, 6.624795), (2.999999, 7.0180235), (2.999999, 5.826275), (2.999999, 5.657784), (2.9999943, 5.989678), (2.9958243, 5.955369), (2.9790072, 6.00261), (2.9999943, 5.535393), (2.9476368, 5.9451594), (2.8886924, 7.408234), (2.9315348, 6.648883), (2.8681002, 7.9642687), (2.8027625, 10.4174385), (2.8432493, 9.155882), (2.768344, 9.324242), (2.904828, 9.000328), (2.938742, 7.820689), (2.9748337, 6.731202), (2.9822793, 7.991501), (2.999999, 8.331067), (2.9623878, 9.307078), (2.8699608, 10.2162485), (2.8097029, 8.50556), (2.999999, 8.963083), (2.999999, 9.269346), (2.999996, 9.715327), (2.9796128, 10.151712), (2.9371033, 10.504659), (2.888712, 10.916064), (2.8384507, 11.595357), (2.999999, 10.933982), (2.9999993, 11.616845), (2.9304123, 12.288863), (2.9743845, 13.528247), (2.9999998, 12.915575), (2.9999995, 12.440009), (2.9999998, 11.953383), (2.9999993, 11.585487), (2.9999993, 9.890474), (2.999999, 10.522472), (2.9972072, 12.581001), (2.8589168, 12.221926), (2.9567804, 11.2572565), (2.9023118, 13.406619), (2.999999, 11.257642), (2.9999993, 12.269407), (2.9999993, 12.640051), (2.9999995, 11.69856), (2.999999, 10.132621), (2.99827, 10.921712), (2.999999, 13.199806), (2.9770057, 11.948212), (2.9523985, 12.918117), (2.9091115, 11.618064), (2.8803184, 12.826553), (2.9257257, 13.983734), (2.9983604, 5.448712), (2.9386845, 5.9117785), (2.900845, 6.591845), (2.8760371, 7.4259253), (2.839583, 7.997152), (2.8016815, 8.414866), (2.7581398, 8.935041), (2.999999, 5.647738), (2.999999, 7.0865355), (2.999999, 5.9587717), (2.9987288, 6.180541), (2.9999943, 7.401568), (2.9999943, 5.872069), (2.9617038, 5.998354), (2.9084268, 7.3644934), (2.9387357, 7.290733), (2.832606, 8.83421), (2.8201191, 8.625469), (2.855323, 9.623004), (2.9476886, 8.488889), (2.999999, 6.2647157), (2.999999, 5.6975923), (2.999999, 5.6182733), (2.999996, 5.555134), (2.9999943, 5.4994054), (2.9124453, 6.6240277), (2.9562287, 6.5978804), (2.884462, 8.038705), (2.78896, 9.959763), (2.7778628, 9.6057415), (2.8940778, 8.424045), (2.980248, 6.3358693), (2.9724164, 7.2859178), (2.999999, 7.978739), (2.9968548, 8.841538), (2.8193321, 10.973741), (2.9188547, 9.700623), (2.8529613, 7.995545), (2.761823, 9.096832), (2.999999, 5.5332217), (2.999999, 6.390418), (2.999999, 5.739443), (2.9967077, 6.624795), (2.999999, 7.0180235), (2.999999, 5.826275), (2.999999, 5.657784), (2.9999943, 5.989678), (2.9958243, 5.955369), (2.9790072, 6.00261), (2.9999943, 5.535393), (2.9476368, 5.9451594), (2.8886924, 7.408234), (2.9315348, 6.648883), (2.8681002, 7.9642687), (2.8027625, 10.4174385), (2.8432493, 9.155882), (2.768344, 9.324242), (2.904828, 9.000328), (2.938742, 7.820689), (2.9748337, 6.731202), (2.9822793, 7.991501), (2.999999, 8.331067), (2.9623878, 9.307078), (2.8699608, 10.2162485), (2.8097029, 8.50556), (2.999999, 8.963083), (2.999999, 9.269346), (2.999996, 9.715327), (2.9796128, 10.151712), (2.9371033, 10.504659), (2.888712, 10.916064), (2.8384507, 11.595357), (2.999999, 10.933982), (2.9999993, 11.616845), (2.9304123, 12.288863), (2.9743845, 13.528247), (2.9999998, 12.915575), (2.9999995, 12.440009), (2.9999998, 11.953383), (2.9999993, 11.585487), (2.9999993, 9.890474), (2.999999, 10.522472), (2.9972072, 12.581001), (2.8589168, 12.221926), (2.9567804, 11.2572565), (2.9023118, 13.406619), (2.999999, 11.257642), (2.9999993, 12.269407), (2.9999993, 12.640051), (2.9999995, 11.69856), (2.999999, 10.132621), (2.99827, 10.921712), (2.999999, 13.199806), (2.9770057, 11.948212), (2.9523985, 12.918117), (2.9091115, 11.618064), (2.8803184, 12.826553), (2.9257257, 13.983734), (2.9983604, 5.448712), (2.9386845, 5.9117785), (2.900845, 6.591845), (2.8760371, 7.4259253), (2.839583, 7.997152), (2.8016815, 8.414866), (2.7581398, 8.935041)]
                }

                def RigExecStaticWeight "spine_curve_wire"
                {
                    uniform float rigExec:defaultWeight = 0
                    uniform int[] rigExec:indices = [16, 32, 33, 37, 38, 40, 41, 48, 49, 50, 51, 52, 53, 61, 74, 75, 97, 100, 105, 106, 107, 108, 132, 148, 149, 153, 154, 156, 157, 164, 165, 166, 167, 168, 169, 177, 190, 191, 202, 207, 208, 209, 210, 7461, 7462, 7463, 7464, 7465, 7466, 7467, 7468, 7469, 7470, 7471, 7472, 7473, 7474, 7475, 7476, 7477, 7481, 7482, 7483, 7484, 7485, 7486, 7487, 7488, 7489, 7490, 7491, 7492, 7493, 7494, 7495, 7496, 7497, 7498, 7501, 7502, 7503, 7504, 7505, 7506, 7509, 7510, 7511, 7512, 7531, 7532, 7533, 7534, 7535, 7536, 7537, 7538, 7539, 7540, 7541, 7542, 7543, 7544, 7545, 7546, 7547, 7548, 7549, 7550, 7551, 7552, 7553, 7554, 7555, 7556, 7557, 7558, 7559, 7560, 7561, 7562, 7563, 7564, 7565, 7566, 7567, 7568, 7569, 7570, 7571, 7572, 7573, 7574, 7575, 7576, 7577, 7578, 7579, 7580, 7581, 7582, 7583, 7584, 7585, 7586, 7587, 7588, 7589, 7590, 7591, 7592, 7595, 7602, 7604, 7605, 7608, 7609, 7610, 7611, 7612, 7613, 7614, 7615, 7616, 7617, 7618, 7619, 7620, 7621, 7622, 7623, 7624, 7625, 7626, 7627, 7628, 7629, 7630, 7631, 7632, 7633, 7634, 7635, 7636, 7637, 7638, 7639, 7640, 7641, 7642, 7643, 7644, 7645, 7646, 7647, 7648, 7649, 7650, 7651, 7652, 7653, 7654, 7655, 7656, 7657, 7658, 7659, 7660, 7663, 7664, 7665, 7666, 7667, 7668, 7669, 7670, 7671, 7672, 7673, 7674, 7675, 7676, 7677, 7678, 7679, 7680, 7681, 7682, 7683, 7684, 7685, 7686, 7687, 7688, 7689, 7690, 7691, 7692, 7693, 7694, 7695, 7696, 7697, 7698, 7699, 7703, 7704, 7705, 7706, 7707, 7708, 7709, 7710, 7711, 7712, 7713, 7714, 7715, 7716, 7717, 7718, 7719, 7720, 7721, 7722, 7723, 7724, 7725, 7726, 7727, 7728, 7729, 7730, 7731, 7732, 7733, 7735, 7736, 7737, 7738, 7739, 7740, 7741, 7742, 7743, 7744, 7745, 7746, 7747, 7748, 7749, 7750, 7751, 7752, 7753, 7754, 7755, 7756, 7757, 7758, 7759, 7760, 7767, 7768, 7769, 7770, 7771, 7772, 7773, 7774, 7775, 7776, 7777, 7778, 7780, 7781, 7782, 7783, 7784, 7785, 7786, 7787, 7788, 7789, 7790, 7791, 7792, 7793, 7794, 7795, 7796, 7797, 7798, 7799, 7800, 7801, 7802, 7803, 7804, 7805, 7806, 7807, 7808, 7809, 7810, 7811, 7812, 7813, 7814, 7815, 7816, 7817, 7818, 7819, 7820, 7821, 7822, 7823, 7824, 7848, 7849, 7850, 7851, 7852, 7853, 7854, 7855, 7856, 7857, 7858, 7859, 7860, 7881, 7882, 7883, 7884, 7885, 7886, 7887, 7888, 7889, 7890, 7891, 7892, 7893, 7895, 7896, 7897, 7898, 7899, 7900, 7901, 7902, 7903, 7904, 7905, 7906, 7907, 7908, 7909, 7910, 7911, 7912, 7913, 7914, 7915, 7916, 7917, 7918, 7919, 7920, 7921, 7922, 7926, 7927, 7928, 7929, 7930, 7931, 7932, 7933, 7934, 7935, 7936, 7937, 7938, 7939, 7940, 7941, 7942, 7943, 7944, 7945, 7946, 7947, 7948, 7949, 7950, 7951, 7952, 7953, 7954, 7955, 7956, 7957, 7958, 7959, 7960, 7961, 7962, 7963, 7964, 7965, 7966, 7967, 7969, 7970, 7971, 7972, 7973, 7974, 7975, 7976, 7977, 7978, 7979, 7980, 7981, 7982, 7983, 7985, 7986, 7987, 7988, 7990, 7991, 7992, 7993, 7995, 7996, 7997, 7999, 8000, 8001, 8002, 8003, 8004, 8005, 8006, 8007, 8008, 10411, 10412, 10413, 10414, 10415, 10416, 10446, 10828, 10829, 10830, 10831, 10832, 10833, 10834, 10835, 10836, 10837, 10884, 10885, 10889, 10890, 10891, 10892, 10893, 10894, 10895, 10896, 10897, 10899, 10900, 10902, 10903, 10904, 10905, 10906, 10907, 10908, 10909, 10910, 10911, 10912, 10918, 10923, 10924, 10925, 10926, 10927, 10928, 10929, 10930, 10931, 10932, 10933, 10934, 10935, 10936, 10937, 10938, 10939, 10940, 10941, 10942, 10943, 10944, 10945, 10946, 10947, 10948, 10953, 10954, 10981, 10982, 10983, 10984, 10985, 10986, 11013, 11014, 11015, 11016, 11017, 11018, 11093, 11094, 11095, 11114, 11115, 11116, 11117, 11118, 11150, 11151, 11152, 11153, 11181, 11182, 11183, 11184, 11185, 11186, 11187, 11188, 11189, 11190, 11194, 11195, 11196, 11197, 11198, 11199, 11200, 11201, 11202, 11203, 11204, 11205, 11206, 11207, 11208, 11209, 11210, 11211, 11212, 11213, 11214, 11215, 11216, 11217, 11218, 11262, 11263, 11264, 11265, 11266, 11267, 11268, 11269, 11313, 11314, 11315, 11316, 11317, 11318, 11319, 11320, 11321, 11322, 11323, 11324, 11325, 11326, 11327, 11328, 11329, 11330, 11331, 11332, 11333, 11334, 11335, 11336, 11337, 11338, 11339, 11340, 11341, 11342, 11343, 11344, 11345, 11346, 11347, 11348, 11349, 11350, 11351, 11352, 11353, 11354, 11355, 11356, 11357, 11358, 11359, 11360, 11361, 11362, 11363, 11364, 11365, 11366, 11367, 11369, 11371, 11372, 11373, 11375, 11376, 11377, 11378, 11379, 11380, 11381, 11382, 11383, 11384, 11385, 11389, 11390, 11391, 11392, 11393, 11394, 11395, 11396, 11397, 11398, 11399, 11403, 11404, 11405, 11406, 11407, 11408, 11409, 11410, 11411, 11412, 11413, 11414, 11415, 11416, 11417, 11418, 11419, 11420, 11421, 11422, 11423, 11424, 11425, 11426, 11427, 11428, 11429, 11430, 11431, 11432, 11433, 11434, 11435, 11436, 11437, 11438, 11439, 11440, 11441, 11442, 11446, 11447, 11448, 11449, 11450, 11451, 11452, 11453, 11454, 11455, 11456, 11457, 11458, 11459, 11460, 11461, 11462, 11463, 11464, 11465, 11466, 11470, 11471, 11472, 11473, 11474, 11475, 11477, 11484, 11485, 11486, 11487, 11488, 11497, 11498, 11499, 11500, 11501, 11510, 11511, 11512, 11513, 11514, 11516, 11517, 11518, 11519, 11532, 11533, 11534, 11535, 11536, 11537, 11538, 11539, 11547, 11548, 11549, 11550, 11551, 11552, 11553, 11554, 11555, 11556, 11557, 11559, 11575, 11576, 11577, 11578, 11579, 11580, 11581, 11582, 11583, 11584, 11585, 11586, 11587, 11588, 11589, 11606, 11607, 11608, 11609, 11614, 11615, 11616, 11617, 11618, 11619, 11620, 11621, 11622, 11623, 11624, 11625, 11626, 11627, 11628, 11629, 11630, 11631, 11632, 11633, 11634, 11635, 11636, 11637, 11638, 11639, 11640, 11641, 11642, 11643, 11644, 11645, 11646, 11647, 11648, 11649, 11650, 11651, 11652, 11653, 11654, 11655, 11656, 11657, 11658, 11659, 11660, 11661, 11674, 11675, 11676, 11677, 11678, 11693, 11694, 11695, 11696, 11697, 11698, 11699, 11701, 11705, 11707, 11708, 11712, 11713, 11723, 11724, 11725, 11726, 11739, 11740, 11741, 11742, 11743, 11751, 11753, 11754, 11755, 11756, 11765, 11788, 11789, 11790, 11791, 11792, 11793, 11794, 11795, 11797, 11826, 11827, 11828, 11829, 11830, 11831, 11832, 11833, 11834, 11837, 11838, 11851, 11852, 11853, 11854, 11855, 11856, 11857, 11858, 11859, 11860, 11868, 11869, 11871, 11872, 11873, 11874, 11875, 11876, 11877, 11878, 11879, 11880, 11888, 11889, 11890, 11891, 11892, 11893, 11894, 11895, 11896, 11897, 11898, 11899, 11900, 11901, 11902, 11903, 11904, 11905, 11906, 11907, 11908, 11909, 11910, 11917, 11918, 11919, 11920, 11921, 11922, 11923, 11924, 11925, 11926, 11927, 11928, 11929, 11930, 11931, 11932, 11933, 11934, 11935, 11936, 11937, 11938, 11939, 11945, 11946, 11947, 11948, 11949, 11950, 11951, 11952, 11953, 11954, 11955, 11956, 11957, 11958, 11959, 11960, 11961, 11962, 11963, 11964, 11965, 11966, 11967, 11973, 11974, 11975, 11976, 11977, 11978, 11979, 11980, 11981, 11982, 11983, 11984, 11985, 11986, 11987, 11988, 11989, 11990, 11991, 11992, 11993, 11994, 11995, 12000, 12001, 12002, 12003, 12004, 12005, 12006, 12007, 12008, 12009, 12010, 12011, 12012, 12013, 12014, 12015, 12016, 12017, 12018, 12019, 12020, 12021, 12022, 12023, 12024, 12025, 12026, 12027, 12028, 12029, 12030, 12031, 12032, 12033, 12034, 12035, 12036, 12037, 12038, 12039, 12040, 12041, 12042, 12043, 12044, 12045, 12046, 12047, 12048, 12049, 12050, 12051, 12052, 12053, 12054, 12055, 12056, 12057, 12058, 12059, 12060, 12061, 12062, 12063, 12064, 12065, 12066, 12067, 12068, 12069, 12070, 12071, 12072, 12073, 12074, 12075, 12076, 12077, 12078, 12079, 12080, 12081, 12082, 12083, 12084, 12085, 12086, 12087, 12088, 12089, 12090, 12091, 12092, 12093, 12094, 12095, 12096, 12097, 12098, 12099, 12100, 12101, 12102, 12103, 12104, 12105, 12106, 12107, 12108, 12109, 12110, 12111, 12112, 12113, 12114, 12115, 12116, 12117, 12118, 12119, 12120, 12121, 12122, 12123, 12124, 12125, 12126, 12127, 12128, 12129, 12130, 12131, 12132, 12133, 12134, 12135, 12136, 12137, 12138, 12139, 12140, 12141, 12142, 12143, 12144, 12145, 12146, 12147, 12148, 12149, 12150, 12151, 12152, 12153, 12154, 12155, 12156, 12157, 12158, 12159, 12160, 12161, 12162, 12163, 12164, 12165, 12166, 12167, 12168, 12169, 12170, 12171, 12172, 12173, 12174, 12175, 12176, 12177, 12178, 12179, 12180, 12181, 12182, 12183, 12184, 12185, 12186, 12187, 12188, 12189, 12190, 12191, 12192, 12193, 12194, 12195, 12196, 12197, 12198, 12199, 12200, 12201, 12202, 12203, 12204, 12205, 12206, 12207, 12208, 12209, 12210, 12211, 12212, 12213, 12214, 12215, 12216, 12217, 12218, 12219, 12220, 12221, 12222, 12223, 12224, 12225, 12226, 12227, 12228, 12229, 12230, 12231, 12232, 12233, 12234, 12235, 12236, 12237, 12238, 12239, 12240, 12241, 12242, 12243, 12244, 12245, 12246, 12247, 12248, 12249, 12250, 12251, 12252, 12253, 12254, 12255, 12256, 12257, 12258, 12259, 12260, 12261, 12262, 12263, 12264, 12265, 12266, 12267, 12268, 12269, 12270, 12271, 12272, 12273, 12274, 12275, 12276, 12277, 12278, 12279, 12280, 12281, 12282, 12283, 12284, 12285, 12286, 12287, 12288, 12289, 12290, 12291, 12292, 12293, 12294, 12295, 12296, 12297, 12298, 12299, 12300, 12301, 12302, 12303, 12304, 12305, 12306, 12307, 12308, 12309, 12310, 12311, 12312, 12313, 12314, 12315, 12316, 12317, 12318, 12319, 12320, 12321, 12322, 12323, 12324, 12325, 12326, 12327, 12328, 12329, 12330, 12331, 12332, 12333, 12334, 12335, 12336, 12337, 12338, 12339, 12340, 12341, 12502, 12503, 12504, 12505, 12506, 12507, 12508, 12509, 12510, 12511, 12512, 12513, 12514, 12515, 12516, 12517, 12518, 12519, 12520, 12521, 12522, 12523, 12524, 12525, 12526, 12527, 12528, 12529, 12530, 12531, 12532, 12533, 12535, 12541, 12542, 12546, 12547, 12548, 12549, 12550, 12551, 12552, 12553, 12554, 12555, 12556, 12557, 12558, 12559, 12560, 12561, 12562, 12563, 12564, 12565, 12566, 12567, 12568, 12569, 12570, 12571, 12572, 12573, 12574, 12575, 12576, 12577, 12578, 12579, 12580, 12581, 12582, 12583, 12584, 12585, 12586, 12587, 12588, 12589, 12590, 12591, 12592, 12593, 12594, 12595, 12596, 12597, 12598, 12599, 12600, 12601, 12602, 12603, 12604, 12605, 12606, 12607, 12608, 12609, 12610, 12611, 12612, 12613, 12614, 12615, 12616, 12617, 12618, 12619, 12620, 12621, 12622, 12623, 12624, 12625, 12626, 12627, 12628, 12629, 12630, 12631, 12632, 12633, 12634, 12635, 19869, 19870, 19871, 19872, 19873, 19874, 19875, 19876, 19877, 19878, 19879, 19880, 19881, 19882, 19883, 19884, 19885, 19889, 19890, 19891, 19892, 19893, 19894, 19895, 19896, 19897, 19898, 19899, 19900, 19901, 19902, 19903, 19904, 19905, 19906, 19909, 19910, 19911, 19912, 19913, 19914, 19917, 19918, 19919, 19920, 19939, 19940, 19941, 19942, 19943, 19944, 19945, 19946, 19947, 19948, 19949, 19950, 19951, 19952, 19953, 19954, 19955, 19956, 19957, 19958, 19959, 19960, 19961, 19962, 19963, 19964, 19965, 19966, 19967, 19968, 19969, 19970, 19971, 19972, 19973, 19974, 19975, 19976, 19977, 19978, 19979, 19980, 19981, 19982, 19983, 19984, 19985, 19986, 19987, 19988, 19989, 19990, 19991, 19992, 19993, 19994, 19995, 19996, 19997, 19998, 19999, 20000, 20003, 20010, 20012, 20013, 20016, 20017, 20018, 20019, 20020, 20021, 20022, 20023, 20024, 20025, 20026, 20027, 20028, 20029, 20030, 20031, 20032, 20033, 20034, 20035, 20036, 20037, 20038, 20039, 20040, 20041, 20042, 20043, 20044, 20045, 20046, 20047, 20048, 20049, 20050, 20051, 20052, 20053, 20054, 20055, 20056, 20057, 20058, 20059, 20060, 20061, 20062, 20063, 20064, 20065, 20066, 20067, 20068, 20071, 20072, 20073, 20074, 20075, 20076, 20077, 20078, 20079, 20080, 20081, 20082, 20083, 20084, 20085, 20086, 20087, 20088, 20089, 20090, 20091, 20092, 20093, 20094, 20095, 20096, 20097, 20098, 20099, 20100, 20101, 20102, 20103, 20104, 20105, 20106, 20107, 20111, 20112, 20113, 20114, 20115, 20116, 20117, 20118, 20119, 20120, 20121, 20122, 20123, 20124, 20125, 20126, 20127, 20128, 20129, 20130, 20131, 20132, 20133, 20134, 20135, 20136, 20137, 20138, 20139, 20140, 20141, 20143, 20144, 20145, 20146, 20147, 20148, 20149, 20150, 20151, 20152, 20153, 20154, 20155, 20156, 20157, 20158, 20159, 20160, 20161, 20162, 20163, 20164, 20165, 20166, 20167, 20168, 20175, 20176, 20177, 20178, 20179, 20180, 20181, 20182, 20183, 20184, 20185, 20186, 20188, 20189, 20190, 20191, 20192, 20193, 20194, 20195, 20196, 20197, 20198, 20199, 20200, 20201, 20202, 20203, 20204, 20205, 20206, 20207, 20208, 20209, 20210, 20211, 20212, 20213, 20214, 20215, 20216, 20217, 20218, 20219, 20220, 20221, 20222, 20223, 20224, 20225, 20226, 20227, 20228, 20229, 20230, 20231, 20232, 20256, 20257, 20258, 20259, 20260, 20261, 20262, 20263, 20264, 20265, 20266, 20267, 20268, 20289, 20290, 20291, 20292, 20293, 20294, 20295, 20296, 20297, 20298, 20299, 20300, 20301, 20303, 20304, 20305, 20306, 20307, 20308, 20309, 20310, 20311, 20312, 20313, 20314, 20315, 20316, 20317, 20318, 20319, 20320, 20321, 20322, 20323, 20324, 20325, 20326, 20327, 20328, 20329, 20330, 20334, 20335, 20336, 20337, 20338, 20339, 20340, 20341, 20342, 20343, 20344, 20345, 20346, 20347, 20348, 20349, 20350, 20351, 20352, 20353, 20354, 20355, 20356, 20357, 20358, 20359, 20360, 20361, 20362, 20363, 20364, 20365, 20366, 20367, 20368, 20369, 20370, 20371, 20372, 20373, 20374, 20375, 20377, 20378, 20379, 20380, 20381, 20382, 20383, 20384, 20385, 20386, 20387, 20388, 20389, 20390, 20391, 20393, 20394, 20395, 20396, 20398, 20399, 20400, 20401, 20403, 20404, 20405, 20407, 20408, 20409, 20410, 20411, 20412, 20413, 20414, 20415, 20416, 22819, 22820, 22821, 22822, 22823, 22824, 22854, 23236, 23237, 23238, 23239, 23240, 23241, 23242, 23243, 23244, 23245, 23292, 23293, 23297, 23298, 23299, 23300, 23301, 23302, 23303, 23304, 23305, 23307, 23308, 23310, 23311, 23312, 23313, 23314, 23315, 23316, 23317, 23318, 23319, 23320, 23326, 23331, 23332, 23333, 23334, 23335, 23336, 23337, 23338, 23339, 23340, 23341, 23342, 23343, 23344, 23345, 23346, 23347, 23348, 23349, 23350, 23351, 23352, 23353, 23354, 23355, 23356, 23361, 23362, 23389, 23390, 23391, 23392, 23393, 23394, 23421, 23422, 23423, 23424, 23425, 23426, 23501, 23502, 23503, 23522, 23523, 23524, 23525, 23526, 23558, 23559, 23560, 23561, 23589, 23590, 23591, 23592, 23593, 23594, 23595, 23596, 23597, 23598, 23602, 23603, 23604, 23605, 23606, 23607, 23608, 23609, 23610, 23611, 23612, 23613, 23614, 23615, 23616, 23617, 23618, 23619, 23620, 23621, 23622, 23623, 23624, 23625, 23626, 23670, 23671, 23672, 23673, 23674, 23675, 23676, 23677, 23721, 23722, 23723, 23724, 23725, 23726, 23727, 23728, 23729, 23730, 23731, 23732, 23733, 23734, 23735, 23736, 23737, 23738, 23739, 23740, 23741, 23742, 23743, 23744, 23745, 23746, 23747, 23748, 23749, 23750, 23751, 23752, 23753, 23754, 23755, 23756, 23757, 23758, 23759, 23760, 23761, 23762, 23763, 23764, 23765, 23766, 23767, 23768, 23769, 23770, 23771, 23772, 23773, 23774, 23775, 23777, 23779, 23780, 23781, 23783, 23784, 23785, 23786, 23787, 23788, 23789, 23790, 23791, 23792, 23793, 23797, 23798, 23799, 23800, 23801, 23802, 23803, 23804, 23805, 23806, 23807, 23811, 23812, 23813, 23814, 23815, 23816, 23817, 23818, 23819, 23820, 23821, 23822, 23823, 23824, 23825, 23826, 23827, 23828, 23829, 23830, 23831, 23832, 23833, 23834, 23835, 23836, 23837, 23838, 23839, 23840, 23841, 23842, 23843, 23844, 23845, 23846, 23847, 23848, 23849, 23850, 23854, 23855, 23856, 23857, 23858, 23859, 23860, 23861, 23862, 23863, 23864, 23865, 23866, 23867, 23868, 23869, 23870, 23871, 23872, 23873, 23874, 23878, 23879, 23880, 23881, 23882, 23883, 23885, 23892, 23893, 23894, 23895, 23896, 23905, 23906, 23907, 23908, 23909, 23918, 23919, 23920, 23921, 23922, 23924, 23925, 23926, 23927, 23940, 23941, 23942, 23943, 23944, 23945, 23946, 23947, 23955, 23956, 23957, 23958, 23959, 23960, 23961, 23962, 23963, 23964, 23965, 23967, 23983, 23984, 23985, 23986, 23987, 23988, 23989, 23990, 23991, 23992, 23993, 23994, 23995, 23996, 23997, 24014, 24015, 24016, 24017, 24022, 24023, 24024, 24025, 24026, 24027, 24028, 24029, 24030, 24031, 24032, 24033, 24034, 24035, 24036, 24037, 24038, 24039, 24040, 24041, 24042, 24043, 24044, 24045, 24046, 24047, 24048, 24049, 24050, 24051, 24052, 24053, 24054, 24055, 24056, 24057, 24058, 24059, 24060, 24061, 24062, 24063, 24064, 24065, 24066, 24067, 24068, 24069, 24082, 24083, 24084, 24085, 24086, 24101, 24102, 24103, 24104, 24105, 24106, 24107, 24109, 24113, 24115, 24116, 24120, 24121, 24131, 24132, 24133, 24134, 24147, 24148, 24149, 24150, 24151, 24159, 24161, 24162, 24163, 24164, 24173, 24196, 24197, 24198, 24199, 24200, 24201, 24202, 24203, 24205, 24234, 24235, 24236, 24237, 24238, 24239, 24240, 24241, 24242, 24245, 24246, 24259, 24260, 24261, 24262, 24263, 24264, 24265, 24266, 24267, 24268, 24276, 24277, 24279, 24280, 24281, 24282, 24283, 24284, 24285, 24286, 24287, 24288, 24296, 24297, 24298, 24299, 24300, 24301, 24302, 24303, 24304, 24305, 24306, 24307, 24308, 24309, 24310, 24311, 24312, 24313, 24314, 24315, 24316, 24317, 24318, 24325, 24326, 24327, 24328, 24329, 24330, 24331, 24332, 24333, 24334, 24335, 24336, 24337, 24338, 24339, 24340, 24341, 24342, 24343, 24344, 24345, 24346, 24347, 24353, 24354, 24355, 24356, 24357, 24358, 24359, 24360, 24361, 24362, 24363, 24364, 24365, 24366, 24367, 24368, 24369, 24370, 24371, 24372, 24373, 24374, 24375, 24381, 24382, 24383, 24384, 24385, 24386, 24387, 24388, 24389, 24390, 24391, 24392, 24393, 24394, 24395, 24396, 24397, 24398, 24399, 24400, 24401, 24402, 24403, 24408, 24409, 24410, 24411, 24412, 24413, 24414, 24415, 24416, 24417, 24418, 24419, 24420, 24421, 24422, 24423, 24424, 24425, 24426, 24427, 24428, 24429, 24430, 24431, 24432, 24433, 24434, 24435, 24436, 24437, 24438, 24439, 24440, 24441, 24442, 24443, 24444, 24445, 24446, 24447, 24448, 24449, 24450, 24451, 24452, 24453, 24454, 24455, 24456, 24457, 24458, 24459, 24460, 24461, 24462, 24463, 24464, 24465, 24466, 24467, 24468, 24469, 24470, 24471, 24472, 24473, 24474, 24475, 24476, 24477, 24478, 24479, 24480, 24481, 24482, 24483, 24484, 24485, 24486, 24487, 24488, 24489, 24490, 24491, 24492, 24493, 24494, 24495, 24496, 24497, 24498, 24499, 24500, 24501, 24502, 24503, 24504, 24505, 24506, 24507, 24508, 24509, 24510, 24511, 24512, 24513, 24514, 24515, 24516, 24517, 24518, 24519, 24520, 24521, 24522, 24523, 24524, 24525, 24526, 24527, 24528, 24529, 24530, 24531, 24532, 24533, 24534, 24535, 24536, 24537, 24538, 24539, 24540, 24541, 24542, 24543, 24544, 24545, 24546, 24547, 24548, 24549, 24550, 24551, 24552, 24553, 24554, 24555, 24556, 24557, 24558, 24559, 24560, 24561, 24562, 24563, 24564, 24565, 24566, 24567, 24568, 24569, 24570, 24571, 24572, 24573, 24574, 24575, 24576, 24577, 24578, 24579, 24580, 24581, 24582, 24583, 24584, 24585, 24586, 24587, 24588, 24589, 24590, 24591, 24592, 24593, 24594, 24595, 24596, 24597, 24598, 24599, 24600, 24601, 24602, 24603, 24604, 24605, 24606, 24607, 24608, 24609, 24610, 24611, 24612, 24613, 24614, 24615, 24616, 24617, 24618, 24619, 24620, 24621, 24622, 24623, 24624, 24625, 24626, 24627, 24628, 24629, 24630, 24631, 24632, 24633, 24634, 24635, 24636, 24637, 24638, 24639, 24640, 24641, 24642, 24643, 24644, 24645, 24646, 24647, 24648, 24649, 24650, 24651, 24652, 24653, 24654, 24655, 24656, 24657, 24658, 24659, 24660, 24661, 24662, 24663, 24664, 24665, 24666, 24667, 24668, 24669, 24670, 24671, 24672, 24673, 24674, 24675, 24676, 24677, 24678, 24679, 24680, 24681, 24682, 24683, 24684, 24685, 24686, 24687, 24688, 24689, 24690, 24691, 24692, 24693, 24694, 24695, 24696, 24697, 24698, 24699, 24700, 24701, 24702, 24703, 24704, 24705, 24706, 24707, 24708, 24709, 24710, 24711, 24712, 24713, 24714, 24715, 24716, 24717, 24718, 24719, 24720, 24721, 24722, 24723, 24724, 24725, 24726, 24727, 24728, 24729, 24730, 24731, 24732, 24733, 24734, 24735, 24736, 24737, 24738, 24739, 24740, 24741, 24742, 24743, 24744, 24745, 24746, 24747, 24748, 24749, 24750, 24751, 24752, 24753, 24754, 24755, 24756, 24757, 24758, 24759, 24760, 24761, 24762, 24763, 24764, 24765, 24766, 24767, 24768, 24769, 24770, 24771, 24772, 24773, 24774, 24775, 24776, 24777, 24778, 24779, 24780, 24781, 24782, 24783, 24784, 24785, 24786, 24787, 24788, 24789, 24790, 24791, 24792, 24793, 24794, 24795, 24796, 24797, 24867, 24869, 24870, 24871, 24873, 24874, 24875, 25254, 25260, 25263, 25265, 25266, 25267, 25268, 25269, 25270, 25271, 25272, 25273, 25274, 25304, 25305, 25306, 25307, 25308, 25309, 25311, 25312, 25313, 25314, 25315, 25316, 25317, 25318, 25319, 25325, 25326, 25329, 25330, 25363, 25385, 25390, 25391, 25392, 25393, 25394, 25395, 25396, 25397, 25398, 25399, 25401, 25402, 25403, 25404, 25405, 25406, 25407, 25408, 25409, 25410, 25411, 25412, 25419, 25422, 25430, 25431, 25432, 25433, 25434, 25435, 25436, 25440, 25441, 25443, 25444, 25445, 25446, 25454, 25455, 25457, 25459, 25460, 25461, 25462, 25463, 25475, 25476, 25477, 25478, 25485, 25486, 25487, 25488, 25489, 25490, 25491, 25492, 25531, 25532, 25533, 25534, 25535, 25536, 25537, 25958, 25964, 25967, 25969, 25970, 25971, 25972, 25973, 25974, 25975, 25976, 25977, 25978, 26008, 26009, 26010, 26011, 26012, 26013, 26015, 26016, 26017, 26018, 26019, 26020, 26021, 26022, 26023, 26029, 26030, 26033, 26034, 26067, 26089, 26094, 26095, 26096, 26097, 26098, 26099, 26100, 26101, 26102, 26103, 26105, 26106, 26107, 26108, 26109, 26110, 26111, 26112, 26113, 26114, 26115, 26116, 26123, 26126, 26134, 26135, 26136, 26137, 26138, 26139, 26140, 26144, 26145, 26147, 26148, 26149, 26150, 26158, 26159, 26161, 26163, 26164, 26165, 26166, 26167, 26179, 26180, 26181, 26182, 26189, 26190, 26191, 26192, 26193, 26194, 26195, 26196, 26232, 26233, 26234, 26235, 26236, 26237, 26238]
                    uniform token rigExec:representation = "sparse"
                    uniform float[] rigExec:values = [0.002, 0.002, 0.011, 0.003, 0.012, 0.002, 0.005, 0.015, 0.018, 0.004, 0.005, 0.005, 0.015, 0.002, 0.006, 0.002, 0.009, 0.007, 0.004, 0.014, 0.009, 0.002, 0.002, 0.002, 0.011, 0.003, 0.012, 0.002, 0.005, 0.015, 0.018, 0.004, 0.005, 0.005, 0.015, 0.002, 0.006, 0.002, 0.007, 0.004, 0.014, 0.009, 0.002, 0.986, 0.993, 0.975, 0.956, 0.943, 0.95, 0.994, 0.992, 0.99, 0.985, 0.983, 0.989, 0.992, 0.993, 0.943, 0.992, 0.986, 0.017, 0.018, 0.351, 0.36, 0.468, 0.482, 0.782, 0.804, 0.865, 0.896, 0.966, 0.985, 0.835, 0.925, 0.759, 0.453, 0.34, 0.015, 0.801, 0.849, 0.731, 0.435, 0.329, 0.012, 0.041, 0.04, 0.041, 0.036, 0.037, 0.301, 0.002, 0.003, 0.003, 0.893, 0.822, 0.898, 0.828, 0.396, 0.234, 0.317, 0.134, 0.095, 0.654, 0.698, 0.651, 0.262, 0.348, 0.16, 0.228, 0.962, 0.984, 0.909, 0.821, 0.592, 0.947, 0.98, 0.887, 0.789, 0.541, 0.911, 0.96, 0.836, 0.731, 0.457, 0.91, 0.958, 0.836, 0.738, 0.458, 0.918, 0.963, 0.844, 0.741, 0.461, 0.93, 0.975, 0.85, 0.743, 0.467, 0.934, 0.976, 0.859, 0.749, 0.465, 0.275, 0.226, 0.196, 0.155, 0.002, 0.002, 0.002, 0.002, 0.034, 0.002, 0.175, 0.119, 0.021, 0.372, 0.311, 0.435, 0.248, 0.338, 0.97, 0.951, 0.918, 0.86, 0.692, 0.309, 0.4, 0.497, 0.568, 0.493, 0.407, 0.596, 0.58, 0.562, 0.542, 0.493, 0.439, 0.568, 0.704, 0.687, 0.666, 0.643, 0.583, 0.519, 0.732, 0.738, 0.024, 0.391, 0.048, 0.51, 0.629, 0.024, 0.398, 0.049, 0.635, 0.023, 0.052, 0.402, 0.523, 0.638, 0.91, 0.835, 0.746, 0.518, 0.002, 0.017, 0.009, 0.081, 0.067, 0.057, 0.033, 0.031, 0.08, 0.085, 0.082, 0.083, 0.096, 0.101, 0.103, 0.422, 0.477, 0.54, 0.597, 0.63, 0.606, 0.548, 0.467, 0.374, 0.283, 0.076, 0.037, 0.017, 0.015, 0.014, 0.014, 0.007, 0.003, 0.082, 0.056, 0.013, 0.006, 0.004, 0.004, 0.035, 0.071, 0.119, 0.188, 0.972, 0.935, 0.867, 0.764, 0.504, 0.374, 0.268, 0.606, 0.61, 0.602, 0.601, 0.6, 0.635, 0.67, 0.71, 0.754, 0.782, 0.756, 0.696, 0.616, 0.519, 0.416, 0.316, 0.084, 0.039, 0.015, 0.002, 0.002, 0.003, 0.006, 0.006, 0.006, 0.326, 0.328, 0.333, 0.338, 0.335, 0.222, 0.218, 0.222, 0.231, 0.225, 0.138, 0.139, 0.141, 0.148, 0.14, 0.083, 0.083, 0.084, 0.083, 0.077, 0.032, 0.035, 0.08, 0.143, 0.228, 0.337, 0.467, 0.61, 0.752, 0.862, 0.935, 0.975, 0.003, 0.012, 0.002, 0.002, 0.009, 0.021, 0.046, 0.043, 0.042, 0.038, 0.019, 0.006, 0.042, 0.082, 0.145, 0.227, 0.334, 0.463, 0.606, 0.741, 0.846, 0.924, 0.968, 0.012, 0.025, 0.046, 0.2, 0.276, 0.363, 0.455, 0.544, 0.626, 0.71, 0.786, 0.845, 0.888, 0.918, 0.945, 0.003, 0.005, 0.006, 0.007, 0.012, 0.012, 0.012, 0.002, 0.002, 0.002, 0.002, 0.002, 0.004, 0.005, 0.006, 0.006, 0.005, 0.005, 0.004, 0.002, 0.946, 0.891, 0.817, 0.725, 0.62, 0.502, 0.382, 0.09, 0.046, 0.022, 0.01, 0.004, 0.002, 0.002, 0.007, 0.019, 0.032, 0.05, 0.073, 0.103, 0.135, 0.163, 0.184, 0.201, 0.215, 0.225, 0.234, 0.238, 0.241, 0.946, 0.891, 0.811, 0.716, 0.608, 0.492, 0.372, 0.086, 0.043, 0.02, 0.009, 0.003, 0.004, 0.009, 0.017, 0.028, 0.043, 0.059, 0.082, 0.104, 0.12, 0.131, 0.141, 0.148, 0.15, 0.151, 0.151, 0.287, 0.283, 0.276, 0.267, 0.259, 0.25, 0.185, 0.181, 0.173, 0.166, 0.158, 0.154, 0.988, 0.968, 0.924, 0.851, 0.747, 0.615, 0.475, 0.345, 0.24, 0.161, 0.098, 0.058, 0.03, 0.012, 0.003, 0.987, 0.963, 0.917, 0.842, 0.735, 0.605, 0.462, 0.331, 0.226, 0.143, 0.088, 0.05, 0.026, 0.01, 0.003, 0.003, 0.002, 0.01, 0.076, 0.118, 0.083, 0.031, 0.005, 0.016, 0.054, 0.03, 0.007, 0.102, 0.052, 0.018, 0.13, 0.153, 0.142, 0.156, 0.165, 0.161, 0.003, 0.003, 0.003, 0.002, 0.002, 0.002, 0.002, 0.002, 0.003, 0.005, 0.006, 0.007, 0.007, 0.005, 0.005, 0.004, 0.003, 0.002, 0.045, 0.004, 0.007, 0.019, 0.033, 0.037, 0.042, 0.05, 0.051, 0.05, 0.09, 0.005, 0.012, 0.068, 0.011, 0.012, 0.013, 0.013, 0.011, 0.01, 0.009, 0.005, 0.003, 0.005, 0.002, 0.005, 0.012, 0.017, 0.02, 0.022, 0.026, 0.026, 0.026, 0.023, 0.012, 0.075, 0.097, 0.095, 0.08, 0.026, 0.009, 0.002, 0.002, 0.038, 0.024, 0.007, 0.022, 0.014, 0.008, 0.004, 0.008, 0.002, 0.003, 0.006, 0.012, 0.025, 0.046, 0.088, 0.003, 0.007, 0.015, 0.028, 0.053, 0.099, 0.006, 0.005, 0.003, 0.004, 0.009, 0.019, 0.035, 0.057, 0.004, 0.008, 0.012, 0.016, 0.004, 0.007, 0.015, 0.027, 0.041, 0.055, 0.011, 0.02, 0.006, 0.003, 0.003, 0.009, 0.019, 0.037, 0.067, 0.11, 0.179, 0.211, 0.229, 0.246, 0.241, 0.228, 0.203, 0.135, 0.091, 0.058, 0.034, 0.239, 0.163, 0.097, 0.053, 0.028, 0.014, 0.007, 0.003, 0.246, 0.165, 0.097, 0.052, 0.028, 0.015, 0.007, 0.003, 0.345, 0.339, 0.413, 0.444, 0.46, 0.332, 0.459, 0.715, 0.716, 0.699, 0.666, 0.7, 0.575, 0.713, 0.443, 0.445, 0.71, 0.449, 0.328, 0.798, 0.304, 0.322, 0.325, 0.784, 0.684, 0.571, 0.436, 0.314, 0.744, 0.658, 0.553, 0.424, 0.297, 0.242, 0.181, 0.429, 0.309, 0.288, 0.329, 0.246, 0.216, 0.367, 0.421, 0.583, 0.505, 0.003, 0.003, 0.004, 0.003, 0.009, 0.01, 0.09, 0.097, 0.172, 0.214, 0.153, 0.078, 0.008, 0.002, 0.003, 0.128, 0.086, 0.103, 0.113, 0.026, 0.03, 0.032, 0.005, 0.004, 0.004, 0.02, 0.018, 0.015, 0.225, 0.197, 0.054, 0.064, 0.069, 0.03, 0.033, 0.036, 0.008, 0.009, 0.01, 0.126, 0.143, 0.152, 0.576, 0.581, 0.587, 0.589, 0.571, 0.536, 0.761, 0.783, 0.811, 0.827, 0.825, 0.82, 0.825, 0.51, 0.444, 0.375, 0.056, 0.052, 0.045, 0.014, 0.016, 0.018, 0.664, 0.574, 0.469, 0.364, 0.268, 0.182, 0.117, 0.071, 0.04, 0.021, 0.01, 0.004, 0.003, 0.005, 0.01, 0.019, 0.034, 0.058, 0.097, 0.149, 0.224, 0.802, 0.711, 0.576, 0.444, 0.325, 0.633, 0.509, 0.391, 0.284, 0.18, 0.203, 0.215, 0.002, 0.035, 0.01, 0.052, 0.014, 0.134, 0.003, 0.003, 0.013, 0.045, 0.117, 0.095, 0.015, 0.004, 0.252, 0.03, 0.09, 0.007, 0.006, 0.006, 0.026, 0.023, 0.611, 0.591, 0.545, 0.474, 0.295, 0.323, 0.317, 0.048, 0.068, 0.08, 0.194, 0.21, 0.027, 0.02, 0.008, 0.005, 0.161, 0.277, 0.054, 0.014, 0.027, 0.086, 0.139, 0.003, 0.003, 0.007, 0.014, 0.007, 0.002, 0.012, 0.05, 0.025, 0.041, 0.606, 0.125, 0.57, 0.108, 0.513, 0.079, 0.215, 0.323, 0.06, 0.075, 0.002, 0.006, 0.011, 0.021, 0.039, 0.065, 0.14, 0.229, 0.2, 0.193, 0.183, 0.172, 0.159, 0.143, 0.125, 0.103, 0.271, 0.264, 0.253, 0.239, 0.222, 0.203, 0.18, 0.153, 0.349, 0.343, 0.331, 0.315, 0.296, 0.272, 0.244, 0.213, 0.434, 0.427, 0.415, 0.398, 0.376, 0.349, 0.317, 0.28, 0.522, 0.515, 0.502, 0.484, 0.461, 0.431, 0.394, 0.352, 0.002, 0.013, 0.042, 0.002, 0.007, 0.002, 0.003, 0.004, 0.008, 0.002, 0.004, 0.008, 0.021, 0.002, 0.109, 0.055, 0.005, 0.019, 0.008, 0.031, 0.016, 0.003, 0.002, 0.004, 0.004, 0.002, 0.009, 0.002, 0.002, 0.021, 0.008, 0.003, 0.006, 0.004, 0.017, 0.005, 0.024, 0.054, 0.008, 0.01, 0.028, 0.002, 0.003, 0.002, 0.003, 0.006, 0.005, 0.003, 0.003, 0.006, 0.006, 0.013, 0.013, 0.003, 0.002, 0.127, 0.083, 0.004, 0.004, 0.035, 0.013, 0.005, 0.002, 0.003, 0.012, 0.002, 0.085, 0.068, 0.048, 0.033, 0.022, 0.013, 0.007, 0.004, 0.003, 0.003, 0.004, 0.007, 0.01, 0.018, 0.032, 0.054, 0.089, 0.128, 0.166, 0.201, 0.329, 0.289, 0.24, 0.184, 0.127, 0.08, 0.041, 0.025, 0.016, 0.01, 0.006, 0.003, 0.002, 0.004, 0.006, 0.012, 0.022, 0.036, 0.053, 0.075, 0.102, 0.128, 0.446, 0.397, 0.328, 0.251, 0.173, 0.107, 0.06, 0.033, 0.022, 0.013, 0.007, 0.004, 0.002, 0.003, 0.005, 0.01, 0.02, 0.035, 0.054, 0.079, 0.109, 0.146, 0.179, 0.586, 0.534, 0.435, 0.333, 0.227, 0.134, 0.078, 0.047, 0.03, 0.016, 0.01, 0.005, 0.002, 0.004, 0.008, 0.015, 0.03, 0.051, 0.077, 0.111, 0.15, 0.196, 0.239, 0.684, 0.609, 0.514, 0.395, 0.269, 0.164, 0.103, 0.063, 0.038, 0.021, 0.012, 0.006, 0.003, 0.002, 0.006, 0.011, 0.023, 0.042, 0.069, 0.103, 0.146, 0.196, 0.251, 0.304, 0.957, 0.963, 0.949, 0.952, 0.959, 0.941, 0.875, 0.922, 0.936, 0.908, 0.966, 0.907, 0.906, 0.877, 0.889, 0.856, 0.85, 0.873, 0.898, 0.939, 0.941, 0.881, 0.844, 0.894, 0.932, 0.918, 0.906, 0.911, 0.908, 0.912, 0.854, 0.76, 0.59, 0.8, 0.74, 0.78, 0.673, 0.855, 0.741, 0.913, 0.636, 0.842, 0.577, 0.522, 0.489, 0.716, 0.631, 0.742, 0.657, 0.779, 0.697, 1, 1, 1, 1, 1, 1, 0.999, 1, 0.996, 0.996, 1, 1, 1, 1, 1, 1, 1, 1, 1, 1, 1, 0.997, 0.998, 0.997, 0.999, 0.999, 0.999, 1, 1, 1, 1, 0.999, 1, 1, 1, 0.999, 1, 0.998, 0.997, 0.999, 1, 1, 0.975, 0.987, 0.993, 0.994, 0.998, 0.997, 0.962, 0.984, 0.998, 0.999, 0.968, 0.984, 0.978, 0.989, 0.998, 0.998, 0.999, 0.999, 0.995, 0.995, 0.998, 0.965, 0.965, 0.985, 0.985, 0.998, 0.999, 0.957, 0.964, 0.985, 0.982, 0.956, 0.981, 0.998, 0.999, 0.998, 0.999, 0.994, 0.994, 0.993, 0.999, 0.945, 0.979, 0.985, 0.967, 0.996, 0.993, 0.961, 0.983, 0.985, 0.964, 0.999, 1, 0.999, 0.999, 1, 1, 0.999, 1, 1, 1, 0.989, 0.969, 0.996, 0.994, 0.996, 0.994, 0.994, 0.999, 0.999, 0.996, 0.993, 0.997, 0.997, 0.997, 0.996, 0.996, 0.997, 0.998, 0.998, 0.979, 0.974, 0.974, 0.998, 0.997, 0.999, 1, 1, 1, 0.999, 0.999, 1, 1, 0.992, 0.989, 0.989, 0.989, 0.995, 0.447, 0.444, 0.39, 0.361, 0.438, 0.572, 0.739, 0.85, 0.913, 0.94, 0.953, 0.959, 0.967, 0.979, 0.99, 0.996, 0.999, 1, 1, 0.999, 0.996, 0.989, 0.974, 0.999, 1, 1, 1, 1, 0.999, 0.998, 0.995, 0.988, 0.97, 0.941, 0.896, 0.758, 0.676, 0.844, 0.833, 0.818, 0.8, 0.953, 0.956, 0.955, 0.894, 0.86, 0.558, 0.639, 0.724, 0.812, 0.897, 0.952, 0.98, 0.994, 0.998, 0.999, 1, 1, 1, 0.999, 0.997, 0.799, 0.31, 0.429, 0.564, 0.722, 0.838, 0.897, 0.934, 0.941, 0.943, 0.949, 0.961, 0.976, 0.989, 0.995, 0.999, 1, 1, 0.999, 0.997, 0.991, 0.973, 0.975, 0.991, 0.997, 0.999, 1, 1, 0.998, 0.995, 0.987, 0.971, 0.95, 0.93, 0.921, 0.917, 0.909, 0.873, 0.809, 0.702, 0.546, 0.411, 0.827, 0.912, 0.965, 0.986, 0.995, 0.998, 0.999, 1, 1, 1, 1, 0.997, 0.887, 0.953, 0.986, 0.995, 0.998, 0.999, 1, 1, 1, 0.999, 0.995, 0.341, 0.455, 0.583, 0.713, 0.685, 0.557, 0.43, 0.32, 0.598, 0.689, 0.683, 0.767, 0.844, 0.771, 0.95, 0.994, 0.003, 0.006, 0.931, 0.975, 0.853, 0.743, 0.602, 0.459, 0.024, 0.051, 0.105, 0.403, 0.525, 0.642, 0.91, 0.845, 0.754, 0.011, 0.326, 0.212, 0.133, 0.072, 0.028, 0.287, 0.184, 0.031, 0.056, 0.014, 0.093, 0.142, 0.003, 0.006, 0.612, 0.21, 0.318, 0.203, 0.274, 0.352, 0.436, 0.524, 0.96, 0.955, 0.943, 0.948, 0.902, 0.94, 0.858, 0.914, 0.771, 0.596, 0.699, 0.776, 1, 0.999, 1, 1, 0.987, 0.972, 0.999, 0.998, 1, 0.999, 0.97, 0.986, 0.995, 0.996, 1, 0.996, 0.974, 0.999, 1, 0.989, 0.448, 0.845, 0.951, 0.036, 0.082, 0.148, 0.232, 0.34, 0.469, 0.614, 0.75, 0.858, 0.932, 0.978, 0.993, 0.999, 1, 1, 1, 1, 0.999, 0.998, 0.995, 0.986, 0.969, 0.935, 0.884, 0.901, 0.942, 0.97, 0.986, 0.996, 0.998, 0.999, 1, 1, 1, 1, 0.999, 0.994, 0.975, 0.931, 0.853, 0.743, 0.602, 0.463, 0.332, 0.222, 0.136, 0.074, 0.03, 0.986, 0.993, 0.975, 0.956, 0.943, 0.95, 0.994, 0.992, 0.99, 0.985, 0.983, 0.989, 0.992, 0.993, 0.943, 0.992, 0.986, 0.017, 0.018, 0.351, 0.36, 0.468, 0.482, 0.782, 0.804, 0.865, 0.896, 0.966, 0.985, 0.835, 0.925, 0.759, 0.453, 0.34, 0.015, 0.801, 0.849, 0.731, 0.435, 0.329, 0.012, 0.041, 0.04, 0.041, 0.036, 0.037, 0.301, 0.002, 0.003, 0.003, 0.893, 0.822, 0.898, 0.828, 0.396, 0.234, 0.317, 0.134, 0.095, 0.654, 0.698, 0.651, 0.262, 0.348, 0.16, 0.228, 0.962, 0.984, 0.909, 0.821, 0.592, 0.947, 0.98, 0.887, 0.789, 0.541, 0.911, 0.96, 0.836, 0.731, 0.457, 0.91, 0.958, 0.836, 0.738, 0.458, 0.918, 0.963, 0.844, 0.741, 0.461, 0.93, 0.975, 0.85, 0.743, 0.467, 0.934, 0.976, 0.859, 0.749, 0.465, 0.275, 0.226, 0.196, 0.155, 0.002, 0.002, 0.002, 0.002, 0.034, 0.002, 0.175, 0.119, 0.021, 0.372, 0.311, 0.435, 0.248, 0.338, 0.97, 0.951, 0.918, 0.86, 0.692, 0.309, 0.4, 0.497, 0.568, 0.493, 0.407, 0.596, 0.58, 0.562, 0.542, 0.493, 0.439, 0.568, 0.704, 0.687, 0.666, 0.643, 0.583, 0.519, 0.732, 0.738, 0.024, 0.391, 0.048, 0.51, 0.629, 0.024, 0.398, 0.049, 0.635, 0.023, 0.052, 0.402, 0.523, 0.638, 0.91, 0.835, 0.746, 0.518, 0.002, 0.017, 0.009, 0.081, 0.067, 0.057, 0.033, 0.031, 0.08, 0.085, 0.082, 0.083, 0.096, 0.101, 0.103, 0.422, 0.477, 0.54, 0.597, 0.63, 0.606, 0.548, 0.467, 0.374, 0.283, 0.076, 0.037, 0.017, 0.015, 0.014, 0.014, 0.007, 0.003, 0.082, 0.056, 0.013, 0.006, 0.004, 0.004, 0.035, 0.071, 0.119, 0.188, 0.972, 0.935, 0.867, 0.764, 0.504, 0.374, 0.268, 0.606, 0.61, 0.602, 0.601, 0.6, 0.635, 0.67, 0.71, 0.754, 0.782, 0.756, 0.696, 0.616, 0.519, 0.416, 0.316, 0.084, 0.039, 0.015, 0.002, 0.002, 0.003, 0.006, 0.006, 0.006, 0.326, 0.328, 0.333, 0.338, 0.335, 0.222, 0.218, 0.222, 0.231, 0.225, 0.138, 0.139, 0.141, 0.148, 0.14, 0.083, 0.083, 0.084, 0.083, 0.077, 0.032, 0.035, 0.08, 0.143, 0.228, 0.337, 0.467, 0.61, 0.752, 0.862, 0.935, 0.975, 0.003, 0.012, 0.002, 0.002, 0.009, 0.021, 0.046, 0.043, 0.042, 0.038, 0.019, 0.006, 0.042, 0.082, 0.145, 0.227, 0.334, 0.463, 0.606, 0.741, 0.846, 0.924, 0.968, 0.012, 0.025, 0.046, 0.2, 0.276, 0.363, 0.455, 0.544, 0.626, 0.71, 0.786, 0.845, 0.888, 0.918, 0.945, 0.003, 0.005, 0.006, 0.007, 0.012, 0.012, 0.012, 0.002, 0.002, 0.002, 0.002, 0.002, 0.004, 0.005, 0.006, 0.006, 0.005, 0.005, 0.004, 0.002, 0.946, 0.891, 0.817, 0.725, 0.62, 0.502, 0.382, 0.09, 0.046, 0.022, 0.01, 0.004, 0.002, 0.002, 0.007, 0.019, 0.032, 0.05, 0.073, 0.103, 0.135, 0.163, 0.184, 0.201, 0.215, 0.225, 0.234, 0.238, 0.241, 0.946, 0.891, 0.811, 0.716, 0.608, 0.492, 0.372, 0.086, 0.043, 0.02, 0.009, 0.003, 0.004, 0.009, 0.017, 0.028, 0.043, 0.059, 0.082, 0.104, 0.12, 0.131, 0.141, 0.148, 0.15, 0.151, 0.151, 0.287, 0.283, 0.276, 0.267, 0.259, 0.25, 0.185, 0.181, 0.173, 0.166, 0.158, 0.154, 0.988, 0.968, 0.924, 0.851, 0.747, 0.615, 0.475, 0.345, 0.24, 0.161, 0.098, 0.058, 0.03, 0.012, 0.003, 0.987, 0.963, 0.917, 0.842, 0.735, 0.605, 0.462, 0.331, 0.226, 0.143, 0.088, 0.05, 0.026, 0.01, 0.003, 0.003, 0.002, 0.01, 0.076, 0.118, 0.083, 0.031, 0.005, 0.016, 0.054, 0.03, 0.007, 0.102, 0.052, 0.018, 0.13, 0.153, 0.142, 0.156, 0.165, 0.161, 0.003, 0.003, 0.003, 0.002, 0.002, 0.002, 0.002, 0.002, 0.003, 0.005, 0.006, 0.007, 0.007, 0.005, 0.005, 0.004, 0.003, 0.002, 0.045, 0.004, 0.007, 0.019, 0.033, 0.037, 0.042, 0.05, 0.051, 0.05, 0.09, 0.005, 0.012, 0.068, 0.011, 0.012, 0.013, 0.013, 0.011, 0.01, 0.009, 0.005, 0.003, 0.005, 0.002, 0.005, 0.012, 0.017, 0.02, 0.022, 0.026, 0.026, 0.026, 0.023, 0.012, 0.075, 0.097, 0.095, 0.08, 0.026, 0.009, 0.002, 0.002, 0.038, 0.024, 0.007, 0.022, 0.014, 0.008, 0.004, 0.008, 0.002, 0.003, 0.006, 0.012, 0.025, 0.046, 0.088, 0.003, 0.007, 0.015, 0.028, 0.053, 0.099, 0.006, 0.005, 0.003, 0.004, 0.009, 0.019, 0.035, 0.057, 0.004, 0.008, 0.012, 0.016, 0.004, 0.007, 0.015, 0.027, 0.041, 0.055, 0.011, 0.02, 0.006, 0.003, 0.003, 0.009, 0.019, 0.037, 0.067, 0.11, 0.179, 0.211, 0.229, 0.246, 0.241, 0.228, 0.203, 0.135, 0.091, 0.058, 0.034, 0.239, 0.163, 0.097, 0.053, 0.028, 0.014, 0.007, 0.003, 0.246, 0.165, 0.097, 0.052, 0.028, 0.015, 0.007, 0.003, 0.345, 0.339, 0.413, 0.444, 0.46, 0.332, 0.459, 0.715, 0.716, 0.699, 0.666, 0.7, 0.575, 0.713, 0.443, 0.445, 0.71, 0.449, 0.328, 0.798, 0.304, 0.322, 0.325, 0.784, 0.684, 0.571, 0.436, 0.314, 0.744, 0.658, 0.553, 0.424, 0.297, 0.242, 0.181, 0.429, 0.309, 0.288, 0.329, 0.246, 0.216, 0.367, 0.421, 0.583, 0.505, 0.003, 0.003, 0.004, 0.003, 0.009, 0.01, 0.09, 0.097, 0.172, 0.214, 0.153, 0.078, 0.008, 0.002, 0.003, 0.128, 0.086, 0.103, 0.113, 0.026, 0.03, 0.032, 0.005, 0.004, 0.004, 0.02, 0.018, 0.015, 0.225, 0.197, 0.054, 0.064, 0.069, 0.03, 0.033, 0.036, 0.008, 0.009, 0.01, 0.126, 0.143, 0.152, 0.576, 0.581, 0.587, 0.589, 0.571, 0.536, 0.761, 0.783, 0.811, 0.827, 0.825, 0.82, 0.825, 0.51, 0.444, 0.375, 0.056, 0.052, 0.045, 0.014, 0.016, 0.018, 0.664, 0.574, 0.469, 0.364, 0.268, 0.182, 0.117, 0.071, 0.04, 0.021, 0.01, 0.004, 0.003, 0.005, 0.01, 0.019, 0.034, 0.058, 0.097, 0.149, 0.224, 0.802, 0.711, 0.576, 0.444, 0.325, 0.633, 0.509, 0.391, 0.284, 0.18, 0.203, 0.215, 0.002, 0.035, 0.01, 0.052, 0.014, 0.134, 0.003, 0.003, 0.013, 0.045, 0.117, 0.095, 0.015, 0.004, 0.252, 0.03, 0.09, 0.007, 0.006, 0.006, 0.026, 0.023, 0.611, 0.591, 0.545, 0.474, 0.295, 0.323, 0.317, 0.048, 0.068, 0.08, 0.194, 0.21, 0.027, 0.02, 0.008, 0.005, 0.161, 0.277, 0.054, 0.014, 0.027, 0.086, 0.139, 0.003, 0.003, 0.007, 0.014, 0.007, 0.002, 0.012, 0.05, 0.025, 0.041, 0.606, 0.125, 0.57, 0.108, 0.513, 0.079, 0.215, 0.323, 0.06, 0.075, 0.002, 0.006, 0.011, 0.021, 0.039, 0.065, 0.14, 0.229, 0.2, 0.193, 0.183, 0.172, 0.159, 0.143, 0.125, 0.103, 0.271, 0.264, 0.253, 0.239, 0.222, 0.203, 0.18, 0.153, 0.349, 0.343, 0.331, 0.315, 0.296, 0.272, 0.244, 0.213, 0.434, 0.427, 0.415, 0.398, 0.376, 0.349, 0.317, 0.28, 0.522, 0.515, 0.502, 0.484, 0.461, 0.431, 0.394, 0.352, 0.002, 0.013, 0.042, 0.002, 0.007, 0.002, 0.003, 0.004, 0.008, 0.002, 0.004, 0.008, 0.021, 0.002, 0.109, 0.055, 0.005, 0.019, 0.008, 0.031, 0.016, 0.003, 0.002, 0.004, 0.004, 0.002, 0.009, 0.002, 0.002, 0.021, 0.008, 0.003, 0.006, 0.004, 0.017, 0.005, 0.024, 0.054, 0.008, 0.01, 0.028, 0.002, 0.003, 0.002, 0.003, 0.006, 0.005, 0.003, 0.003, 0.006, 0.006, 0.013, 0.013, 0.003, 0.002, 0.127, 0.083, 0.004, 0.004, 0.035, 0.013, 0.005, 0.002, 0.003, 0.012, 0.002, 0.085, 0.068, 0.048, 0.033, 0.022, 0.013, 0.007, 0.004, 0.003, 0.003, 0.004, 0.007, 0.01, 0.018, 0.032, 0.054, 0.089, 0.128, 0.166, 0.201, 0.329, 0.289, 0.24, 0.184, 0.127, 0.08, 0.041, 0.025, 0.016, 0.01, 0.006, 0.003, 0.002, 0.004, 0.006, 0.012, 0.022, 0.036, 0.053, 0.075, 0.102, 0.128, 0.446, 0.397, 0.328, 0.251, 0.173, 0.107, 0.06, 0.033, 0.022, 0.013, 0.007, 0.004, 0.002, 0.003, 0.005, 0.01, 0.02, 0.035, 0.054, 0.079, 0.109, 0.146, 0.179, 0.586, 0.534, 0.435, 0.333, 0.227, 0.134, 0.078, 0.047, 0.03, 0.016, 0.01, 0.005, 0.002, 0.004, 0.008, 0.015, 0.03, 0.051, 0.077, 0.111, 0.15, 0.196, 0.239, 0.684, 0.609, 0.514, 0.395, 0.269, 0.164, 0.103, 0.063, 0.038, 0.021, 0.012, 0.006, 0.003, 0.002, 0.006, 0.011, 0.023, 0.042, 0.069, 0.103, 0.146, 0.196, 0.251, 0.304, 0.957, 0.963, 0.949, 0.952, 0.959, 0.941, 0.875, 0.922, 0.936, 0.908, 0.966, 0.907, 0.906, 0.877, 0.889, 0.856, 0.85, 0.873, 0.898, 0.939, 0.941, 0.881, 0.844, 0.894, 0.932, 0.918, 0.906, 0.911, 0.908, 0.912, 0.854, 0.76, 0.59, 0.8, 0.74, 0.78, 0.673, 0.855, 0.741, 0.913, 0.636, 0.842, 0.577, 0.522, 0.489, 0.716, 0.631, 0.742, 0.657, 0.779, 0.697, 1, 1, 1, 1, 1, 1, 0.999, 1, 0.996, 0.996, 1, 1, 1, 1, 1, 1, 1, 1, 1, 1, 1, 0.997, 0.998, 0.997, 0.999, 0.999, 0.999, 1, 1, 1, 1, 0.999, 1, 1, 1, 0.999, 1, 0.998, 0.997, 0.999, 1, 1, 0.975, 0.987, 0.993, 0.994, 0.998, 0.997, 0.962, 0.984, 0.998, 0.999, 0.968, 0.984, 0.978, 0.989, 0.998, 0.998, 0.999, 0.999, 0.995, 0.995, 0.998, 0.965, 0.965, 0.985, 0.985, 0.998, 0.999, 0.957, 0.964, 0.985, 0.982, 0.956, 0.981, 0.998, 0.999, 0.998, 0.999, 0.994, 0.994, 0.993, 0.999, 0.945, 0.979, 0.985, 0.967, 0.996, 0.993, 0.961, 0.983, 0.985, 0.964, 0.999, 1, 0.999, 0.999, 1, 1, 0.999, 1, 1, 1, 0.989, 0.969, 0.996, 0.994, 0.996, 0.994, 0.994, 0.999, 0.999, 0.996, 0.993, 0.997, 0.997, 0.997, 0.996, 0.996, 0.997, 0.998, 0.998, 0.979, 0.974, 0.974, 0.998, 0.997, 0.999, 1, 1, 1, 0.999, 0.999, 1, 1, 0.992, 0.989, 0.989, 0.989, 0.995, 0.447, 0.444, 0.39, 0.361, 0.438, 0.572, 0.739, 0.85, 0.913, 0.94, 0.953, 0.959, 0.967, 0.979, 0.99, 0.996, 0.999, 1, 1, 0.999, 0.996, 0.989, 0.974, 0.999, 1, 1, 1, 1, 0.999, 0.998, 0.995, 0.988, 0.97, 0.941, 0.896, 0.758, 0.676, 0.844, 0.833, 0.818, 0.8, 0.953, 0.956, 0.955, 0.894, 0.86, 0.558, 0.639, 0.724, 0.812, 0.897, 0.952, 0.98, 0.994, 0.998, 0.999, 1, 1, 1, 0.999, 0.997, 0.799, 0.31, 0.429, 0.564, 0.722, 0.838, 0.897, 0.934, 0.941, 0.943, 0.949, 0.961, 0.976, 0.989, 0.995, 0.999, 1, 1, 0.999, 0.997, 0.991, 0.973, 0.975, 0.991, 0.997, 0.999, 1, 1, 0.998, 0.995, 0.987, 0.971, 0.95, 0.93, 0.921, 0.917, 0.909, 0.873, 0.809, 0.702, 0.546, 0.411, 0.827, 0.912, 0.965, 0.986, 0.995, 0.998, 0.999, 1, 1, 1, 1, 0.997, 0.887, 0.953, 0.986, 0.995, 0.998, 0.999, 1, 1, 1, 0.999, 0.995, 0.341, 0.455, 0.583, 0.713, 0.685, 0.557, 0.43, 0.32, 0.598, 0.689, 0.683, 0.767, 0.844, 0.771, 0.036, 0.082, 0.148, 0.232, 0.34, 0.469, 0.614, 0.75, 0.858, 0.932, 0.978, 0.993, 0.999, 1, 1, 1, 1, 0.999, 0.998, 0.995, 0.986, 0.969, 0.935, 0.884, 0.901, 0.942, 0.97, 0.986, 0.996, 0.998, 0.999, 1, 1, 1, 1, 0.999, 0.994, 0.975, 0.931, 0.853, 0.743, 0.602, 0.463, 0.332, 0.222, 0.136, 0.074, 0.03, 0.004, 0.008, 0.014, 0.021, 0.04, 0.07, 0.127, 0.003, 0.002, 0.002, 0.007, 0.007, 0.005, 0.007, 0.018, 0.017, 0.06, 0.063, 0.057, 0.016, 0.005, 0.004, 0.004, 0.004, 0.004, 0.013, 0.01, 0.032, 0.106, 0.118, 0.032, 0.008, 0.011, 0.003, 0.009, 0.093, 0.025, 0.036, 0.118, 0.002, 0.002, 0.003, 0.008, 0.004, 0.005, 0.004, 0.006, 0.006, 0.007, 0.004, 0.008, 0.02, 0.012, 0.032, 0.099, 0.058, 0.116, 0.028, 0.018, 0.011, 0.01, 0.005, 0.012, 0.049, 0.068, 0.002, 0.004, 0.007, 0.011, 0.023, 0.045, 0.085, 0.003, 0.008, 0.035, 0.02, 0.007, 0.002, 0.005, 0.002, 0.002, 0.006, 0.015, 0.074, 0.019, 0.049, 0.005, 0.008, 0.004, 0.003, 0.004, 0.01, 0.012, 0.014, 0.028, 0.041, 0.065, 0.034, 0.004, 0.008, 0.013, 0.022, 0.04, 0.07, 0.125, 0.003, 0.002, 0.002, 0.007, 0.007, 0.005, 0.007, 0.018, 0.017, 0.06, 0.063, 0.057, 0.016, 0.005, 0.004, 0.004, 0.004, 0.004, 0.013, 0.01, 0.032, 0.106, 0.118, 0.032, 0.008, 0.011, 0.003, 0.009, 0.093, 0.025, 0.036, 0.118, 0.002, 0.002, 0.003, 0.008, 0.004, 0.005, 0.004, 0.006, 0.006, 0.007, 0.004, 0.008, 0.02, 0.012, 0.032, 0.099, 0.058, 0.116, 0.028, 0.018, 0.011, 0.01, 0.005, 0.012, 0.049, 0.068, 0.002, 0.004, 0.007, 0.011, 0.023, 0.045, 0.085, 0.003, 0.008, 0.035, 0.02, 0.007, 0.002, 0.005, 0.002, 0.002, 0.006, 0.015, 0.074, 0.019, 0.049, 0.005, 0.008, 0.004, 0.003, 0.004, 0.01, 0.012, 0.014, 0.028, 0.041, 0.065, 0.034, 0.004, 0.008, 0.013, 0.022, 0.04, 0.07, 0.125]
                    rel rigExec:weightTarget = </Biped/Geom/body_geo.points>
                }
            }
        }

        over "Movers"
        {
            reorder nameChildren = ["param_follow", "bendy_geo", "skin_body_geo", "bodyWires_geo", "squetch_geo", "mouth_geo", "cheeks_geo", "brows_geo", "eyes_r_geo", "eyes_l_geo", "lashes_geo", "bendy_pose", "face_shapes_geo", "shapes_body_geo", "headwire_follow_pose", "jaw_drivers", "face_psd_drivers", "squetch_drivers", "breathing_drivers", "cheeks_drivers", "brows_drivers", "mouth_drivers", "eyes_l_drivers", "eyes_r_drivers", "pose_drivers", "twist_aims", "eyes_r_pose", "eyes_l_pose", "mouth_pose", "face_eyes", "eye_converge_drivers", "face_brow_joints", "face_inner_joints", "nose_bridge_compress_scale_w", "face_brow_pivots", "face_pivots", "nose_compress_w", "nose_bridge_compress_w", "nose_bridge_follow_w", "face_mid_compress_w", "teeth_tongue_drivers", "teeth_upper_drivers", "face_outer_joints", "eye_socket_follow_drivers", "bodyWires_pose", "neck_to_bind", "girdles", "spine_to_bind", "hips_follow", "leg_fk_ball_drivers", "ball_l_bind_scAim", "ankle_l_bind_scAim", "ballRoll_l_down_rc", "ballRoll_l_down_w", "ballRoll_l_up_rc", "ballRoll_l_up_w", "toe_l_roll_rc", "toe_l_roll_w", "heel_l_roll_rc", "heel_l_roll_w", "bankOut_l_pivot_rc", "bankOut_l_pivot_w", "bankIn_l_pivot_rc", "bankIn_l_pivot_w", "ball_r_bind_scAim", "ankle_r_bind_scAim", "ballRoll_r_down_rc", "ballRoll_r_down_w", "ballRoll_r_up_rc", "ballRoll_r_up_w", "toe_r_roll_rc", "toe_r_roll_w", "heel_r_roll_rc", "heel_r_roll_w", "bankOut_r_pivot_rc", "bankOut_r_pivot_w", "bankIn_r_pivot_rc", "bankIn_r_pivot_w", "hand_l_follow", "hand_r_follow", "spine_mid_follow", "foot_roll_total"]
            def Scope "bodyWires_pose"
            {
                reorder nameChildren = ["spine_curve_anchor_4_follow_pose", "spine_bend_3_follow_pose", "spine_bend_2_follow_pose", "spine_bend_1_follow_pose", "spine_curve_anchor_0_follow_pose"]
                def RigExecParentConstraint "spine_curve_anchor_0_follow_pose" (
                    prepend apiSchemas = ["RigExecMoverAPI"]
                )
                {
                    float inputs:defaultWeight = 1
                    float[] inputs:sourceWeights = [1]
                    rel rigExec:moves = </Biped/Rig/Main/Shot/Aux/Controls/spine_curve_anchor_0_follow>
                    rel rigExec:sources = </Biped/Rig/Main/Shot/Aux/Joints/hips_def/spine_0_def/spine_curve_anchor_0_follow_on_spine_0_def>
                }

                def RigExecParentConstraint "spine_bend_1_follow_pose" (
                    prepend apiSchemas = ["RigExecMoverAPI"]
                )
                {
                    float inputs:defaultWeight = 1
                    float[] inputs:sourceWeights = [0.18322155, 0.8167784]
                    rel rigExec:moves = </Biped/Rig/Main/Shot/Aux/Controls/spine_bend_1_follow>
                    rel rigExec:sources = [
                        </Biped/Rig/Main/Shot/Aux/Joints/hips_def/spine_0_def/spine_1_def/spine_bend_1_follow_on_spine_1_def>,
                        </Biped/Rig/Main/Shot/Aux/Joints/hips_def/spine_0_def/spine_1_def/spine_2_def/spine_bend_1_follow_on_spine_2_def>,
                    ]
                    rel rigExec:space = </Biped/Rig/Main/Shot/Aux>
                }

                def RigExecParentConstraint "spine_bend_2_follow_pose" (
                    prepend apiSchemas = ["RigExecMoverAPI"]
                )
                {
                    float inputs:defaultWeight = 1
                    float[] inputs:sourceWeights = [0.8599114, 0.14008863]
                    rel rigExec:moves = </Biped/Rig/Main/Shot/Aux/Controls/spine_bend_2_follow>
                    rel rigExec:sources = [
                        </Biped/Rig/Main/Shot/Aux/Joints/hips_def/spine_0_def/spine_1_def/spine_2_def/spine_3_def/spine_bend_2_follow_on_spine_3_def>,
                        </Biped/Rig/Main/Shot/Aux/Joints/hips_def/spine_0_def/spine_1_def/spine_2_def/spine_3_def/spine_4_def/spine_bend_2_follow_on_spine_4_def>,
                    ]
                    rel rigExec:space = </Biped/Rig/Main/Shot/Aux>
                }

                def RigExecParentConstraint "spine_bend_3_follow_pose" (
                    prepend apiSchemas = ["RigExecMoverAPI"]
                )
                {
                    float inputs:defaultWeight = 1
                    float[] inputs:sourceWeights = [0.8913166, 0.108683415]
                    rel rigExec:moves = </Biped/Rig/Main/Shot/Aux/Controls/spine_bend_3_follow>
                    rel rigExec:sources = [
                        </Biped/Rig/Main/Shot/Aux/Joints/hips_def/spine_0_def/spine_1_def/spine_2_def/spine_3_def/spine_4_def/spine_5_def/chest_def/spine_bend_3_follow_on_chest_def>,
                        </Biped/Rig/Main/Shot/Aux/Joints/hips_def/spine_0_def/spine_1_def/spine_2_def/spine_3_def/spine_4_def/spine_5_def/chest_def/neck_base_def/spine_bend_3_follow_on_neck_base_def>,
                    ]
                    rel rigExec:space = </Biped/Rig/Main/Shot/Aux>
                }

                def RigExecParentConstraint "spine_curve_anchor_4_follow_pose" (
                    prepend apiSchemas = ["RigExecMoverAPI"]
                )
                {
                    float inputs:defaultWeight = 1
                    float[] inputs:sourceWeights = [0.08196514, 0.91803485]
                    rel rigExec:moves = </Biped/Rig/Main/Shot/Aux/Controls/spine_curve_anchor_4_follow>
                    rel rigExec:sources = [
                        </Biped/Rig/Main/Shot/Aux/Joints/hips_def/spine_0_def/spine_1_def/spine_2_def/spine_3_def/spine_4_def/spine_5_def/chest_def/spine_curve_anchor_4_follow_on_chest_def>,
                        </Biped/Rig/Main/Shot/Aux/Joints/hips_def/spine_0_def/spine_1_def/spine_2_def/spine_3_def/spine_4_def/spine_5_def/chest_def/neck_base_def/spine_curve_anchor_4_follow_on_neck_base_def>,
                    ]
                    rel rigExec:space = </Biped/Rig/Main/Shot/Aux>
                }
            }

            def Scope "bodyWires_geo"
            {
                reorder nameChildren = ["head_wire", "head_wire_lash_upper_l_proxy", "head_wire_lash_upper_r_proxy", "head_wire_hair_geo", "head_low_wire_body_geo", "head_low_wire_teeth_upper_geo", "head_low_wire_teeth_lower_geo", "head_low_wire_gums_upper_geo", "head_low_wire_gums_lower_geo", "head_low_wire_tongue_geo"]
                def RigExecCurveMover "head_wire" (
                    prepend apiSchemas = ["RigExecMoverAPI"]
                )
                {
                    float inputs:dropoffDistance = 100
                    rel rigExec:bindCoordinates = </Biped/Rig/Weights/bodyWires/head_wire_bind.rigExec:bindCoordinates>
                    rel rigExec:driverCurve = </Biped/Rig/Curves/head_curve>
                    uniform token rigExec:driverDeltaFrame = "local"
                    rel rigExec:driverTransforms = [
                        </Biped/Rig/Main/Shot/Aux/Controls/headwire_top_follow/M_HeadwireTop>,
                        </Biped/Rig/Main/Shot/Aux/Controls/headwire_mid_follow/M_HeadwireMid>,
                        </Biped/Rig/Main/Shot/Aux/Controls/headwire_low_follow/M_HeadwireLow>,
                    ] (
                        rigExecReadPhase = "final"
                    )
                    rel rigExec:driverTransformSpaces = [
                        </Biped/Rig/Main/Shot/Aux/Controls/headwire_top_follow>,
                        </Biped/Rig/Main/Shot/Aux/Controls/headwire_mid_follow>,
                        </Biped/Rig/Main/Shot/Aux/Controls/headwire_low_follow>,
                    ]
                    uniform token rigExec:mode = "wire"
                    rel rigExec:moves = </Biped/Geom/body_geo.points>
                    uniform token rigExec:pointFrame = "rest"
                    rel rigExec:space
                    rel rigExec:weightObject = </Biped/Rig/Weights/bodyWires/head_wire>
                }
            }

            def Scope "bendy_geo"
            {
                def RigExecCurveMover "spine_curve_wire" (
                    prepend apiSchemas = ["RigExecMoverAPI"]
                )
                {
                    float inputs:dropoffDistance = 100
                    rel rigExec:bindCoordinates = </Biped/Rig/Weights/bodyWires/spine_curve_wire_bind.rigExec:bindCoordinates>
                    rel rigExec:driverCurve = </Biped/Rig/Curves/spine_curve>
                    uniform token rigExec:driverDeltaFrame = "posed"
                    rel rigExec:driverTransforms = [
                        </Biped/Rig/Main/Shot/Aux/Controls/spine_curve_anchor_0_follow>,
                        </Biped/Rig/Main/Shot/Aux/Controls/spine_bend_1_follow/M_SpineBend1>,
                        </Biped/Rig/Main/Shot/Aux/Controls/spine_bend_2_follow/M_SpineBend2>,
                        </Biped/Rig/Main/Shot/Aux/Controls/spine_bend_3_follow/M_SpineBend3>,
                        </Biped/Rig/Main/Shot/Aux/Controls/spine_curve_anchor_4_follow>,
                    ] (
                        rigExecReadPhase = "final"
                    )
                    rel rigExec:driverTransformSpaces = [
                        </Biped/Rig/Main/Shot/Aux/Controls/spine_curve_anchor_0_follow>,
                        </Biped/Rig/Main/Shot/Aux/Controls/spine_bend_1_follow>,
                        </Biped/Rig/Main/Shot/Aux/Controls/spine_bend_2_follow>,
                        </Biped/Rig/Main/Shot/Aux/Controls/spine_bend_3_follow>,
                        </Biped/Rig/Main/Shot/Aux/Controls/spine_curve_anchor_4_follow>,
                    ]
                    uniform token rigExec:mode = "wire"
                    rel rigExec:moves = </Biped/Geom/body_geo.points>
                    uniform token rigExec:pointFrame = "posed"
                    rel rigExec:space
                    rel rigExec:weightObject = </Biped/Rig/Weights/bodyWires/spine_curve_wire>
                }
            }

            def Scope "headwire_follow_pose"
            {
                def RigExecParentConstraint "headwire_top_follow_pose" (
                    prepend apiSchemas = ["RigExecMoverAPI"]
                )
                {
                    float inputs:defaultWeight = 1
                    float[] inputs:sourceWeights = [1]
                    rel rigExec:moves = </Biped/Rig/Main/Shot/Aux/Controls/headwire_top_follow>
                    rel rigExec:sources = </Biped/Rig/Main/Shot/Aux/Joints/hips_def/spine_0_def/spine_1_def/spine_2_def/spine_3_def/spine_4_def/spine_5_def/chest_def/neck_base_def/neck_0_def/neck_1_def/neck_2_def/neck_3_def/skull_def/face_upper_def/headwire_top_follow_on_face_upper_def>
                    rel rigExec:space = </Biped/Rig/Main/Shot/Aux>
                }

                def RigExecParentConstraint "headwire_mid_follow_pose" (
                    prepend apiSchemas = ["RigExecMoverAPI"]
                )
                {
                    float inputs:defaultWeight = 1
                    float[] inputs:sourceWeights = [0.25685623, 0.23046544, 0.23046544, 0.21342461, 0.04835651, 0.020431777]
                    rel rigExec:moves = </Biped/Rig/Main/Shot/Aux/Controls/headwire_mid_follow>
                    rel rigExec:sources = [
                        </Biped/Rig/Main/Shot/Aux/Joints/hips_def/spine_0_def/spine_1_def/spine_2_def/spine_3_def/spine_4_def/spine_5_def/chest_def/neck_base_def/neck_0_def/neck_1_def/neck_2_def/neck_3_def/skull_def/face_lower_def/face_mid_def/nose_bridge_def/headwire_mid_follow_on_nose_bridge_def>,
                        </Biped/Rig/Main/Shot/Aux/Joints/hips_def/spine_0_def/spine_1_def/spine_2_def/spine_3_def/spine_4_def/spine_5_def/chest_def/neck_base_def/neck_0_def/neck_1_def/neck_2_def/neck_3_def/skull_def/face_upper_def/eyeSocket_l_def/headwire_mid_follow_on_eyeSocket_l_def>,
                        </Biped/Rig/Main/Shot/Aux/Joints/hips_def/spine_0_def/spine_1_def/spine_2_def/spine_3_def/spine_4_def/spine_5_def/chest_def/neck_base_def/neck_0_def/neck_1_def/neck_2_def/neck_3_def/skull_def/face_upper_def/eyeSocket_r_def/headwire_mid_follow_on_eyeSocket_r_def>,
                        </Biped/Rig/Main/Shot/Aux/Joints/hips_def/spine_0_def/spine_1_def/spine_2_def/spine_3_def/spine_4_def/spine_5_def/chest_def/neck_base_def/neck_0_def/neck_1_def/neck_2_def/neck_3_def/skull_def/face_upper_def/headwire_mid_follow_on_face_upper_def>,
                        </Biped/Rig/Main/Shot/Aux/Joints/hips_def/spine_0_def/spine_1_def/spine_2_def/spine_3_def/spine_4_def/spine_5_def/chest_def/neck_base_def/neck_0_def/neck_1_def/neck_2_def/neck_3_def/skull_def/face_lower_def/face_mid_def/nose_bridge_def/nose_def/headwire_mid_follow_on_nose_def>,
                        </Biped/Rig/Main/Shot/Aux/Joints/hips_def/spine_0_def/spine_1_def/spine_2_def/spine_3_def/spine_4_def/spine_5_def/chest_def/neck_base_def/neck_0_def/neck_1_def/neck_2_def/neck_3_def/skull_def/face_upper_def/head_tip_def/headwire_mid_follow_on_head_tip_def>,
                    ]
                    rel rigExec:space = </Biped/Rig/Main/Shot/Aux>
                }

                def RigExecParentConstraint "headwire_low_follow_pose" (
                    prepend apiSchemas = ["RigExecMoverAPI"]
                )
                {
                    float inputs:defaultWeight = 1
                    float[] inputs:sourceWeights = [0.6086577, 0.115878835, 0.10381474, 0.07918999, 0.05676356, 0.035695132]
                    rel rigExec:moves = </Biped/Rig/Main/Shot/Aux/Controls/headwire_low_follow>
                    rel rigExec:sources = [
                        </Biped/Rig/Main/Shot/Aux/Joints/hips_def/spine_0_def/spine_1_def/spine_2_def/spine_3_def/spine_4_def/spine_5_def/chest_def/neck_base_def/neck_0_def/neck_1_def/neck_2_def/neck_3_def/skull_def/face_lower_def/jaw_def/headwire_low_follow_on_jaw_def>,
                        </Biped/Rig/Main/Shot/Aux/Joints/hips_def/spine_0_def/spine_1_def/spine_2_def/spine_3_def/spine_4_def/spine_5_def/chest_def/neck_base_def/neck_0_def/neck_1_def/headwire_low_follow_on_neck_1_def>,
                        </Biped/Rig/Main/Shot/Aux/Joints/hips_def/spine_0_def/spine_1_def/spine_2_def/spine_3_def/spine_4_def/spine_5_def/chest_def/neck_base_def/neck_0_def/neck_1_def/neck_2_def/headwire_low_follow_on_neck_2_def>,
                        </Biped/Rig/Main/Shot/Aux/Joints/hips_def/spine_0_def/spine_1_def/spine_2_def/spine_3_def/spine_4_def/spine_5_def/chest_def/neck_base_def/neck_0_def/neck_1_def/neck_2_def/neck_3_def/skull_def/headwire_low_follow_on_skull_def>,
                        </Biped/Rig/Main/Shot/Aux/Joints/hips_def/spine_0_def/spine_1_def/spine_2_def/spine_3_def/spine_4_def/spine_5_def/chest_def/neck_base_def/neck_0_def/neck_1_def/neck_2_def/neck_3_def/skull_def/face_lower_def/face_mid_def/headwire_low_follow_on_face_mid_def>,
                        </Biped/Rig/Main/Shot/Aux/Joints/hips_def/spine_0_def/spine_1_def/spine_2_def/spine_3_def/spine_4_def/spine_5_def/chest_def/neck_base_def/neck_0_def/neck_1_def/neck_2_def/neck_3_def/headwire_low_follow_on_neck_3_def>,
                    ]
                    rel rigExec:space = </Biped/Rig/Main/Shot/Aux>
                }
            }
        }

        over "Curves"
        {
            def NurbsCurves "head_curve"
            {
                int[] curveVertexCounts = [3]
                double[] knots = [0, 0, 0, 1, 1, 1]
                int[] order = [3]
                point3f[] points = [(0, 176.1123, -3.7367), (-0, 162.8271, -4.5071), (0, 151.5066, 4.5355)]
                uniform token purpose = "guide"
                token visibility = "invisible"
            }

            def NurbsCurves "spine_curve"
            {
                int[] curveVertexCounts = [5]
                double[] knots = [0, 0, 0, 1, 2, 3, 3, 3]
                int[] order = [3]
                point3f[] points = [(0, 90.072, -3.6268), (0, 107.6382, -1.8373), (-0, 116.2444, -2.1351), (0, 130.5682, -3.0072), (-0, 140.5821, -5.4935)]
                uniform token purpose = "guide"
                token visibility = "invisible"
            }
        }

        def RigExecControl "Main"
        {
            def RigExecControl "Shot"
            {
                def RigExecControl "Aux"
                {
                    over "Controls"
                    {
                        def RigExecJoint "headwire_low_follow"
                        {
                            double guide:radius = 0
                            uniform token purpose = "default"
                            matrix4d rest:space = ( (1, 0, 0, 0), (0, 1, 0, 0), (0, 0, 1, 0), (6.163761057109696e-9, 151.50660705566406, 4.5355000495910645, 1) )

                            def RigExecControl "M_HeadwireLow" (
                                prepend apiSchemas = ["RigExecControlAPI"]
                            )
                            {
                                color3f guide:displayColor = (0.392, 0.863, 1)
                                uniform token guide:planeNormal = "Z"
                                double guide:scaleX = 1.1596
                                double guide:scaleY = 1.1595499999999999
                                double guide:scaleZ = 0.05
                                uniform token guide:shape = "circle"
                                uniform token purpose = "default"
                                matrix4d rest:space = ( (1, 0, 0, 0), (0, 1, 0, 0), (0, 0, 1, 0), (0, 0, 0, 1) )
                            }
                        }

                        def RigExecJoint "headwire_mid_follow"
                        {
                            double guide:radius = 0
                            uniform token purpose = "default"
                            matrix4d rest:space = ( (1, 0, 0, 0), (0, 1, 0, 0), (0, 0, 1, 0), (-3.2173206321317593e-9, 162.8271026611328, -4.5071001052856445, 1) )

                            def RigExecControl "M_HeadwireMid" (
                                prepend apiSchemas = ["RigExecControlAPI"]
                            )
                            {
                                color3f guide:displayColor = (0.392, 0.863, 1)
                                uniform token guide:planeNormal = "Z"
                                double guide:scaleX = 0.7968
                                double guide:scaleY = 0.7968000000000001
                                double guide:scaleZ = 0.05
                                uniform token guide:shape = "circle"
                                uniform token purpose = "default"
                                matrix4d rest:space = ( (1, 0, 0, 0), (0, 1, 0, 0), (0, 0, 1, 0), (0, 0, 0, 1) )
                            }
                        }

                        def RigExecJoint "headwire_top_follow"
                        {
                            double guide:radius = 0
                            uniform token purpose = "default"
                            matrix4d rest:space = ( (1, 0, 0, 0), (0, 1, 0, 0), (0, 0, 1, 0), (6.57008225601885e-9, 176.1123046875, -3.7367000579833984, 1) )

                            def RigExecControl "M_HeadwireTop" (
                                prepend apiSchemas = ["RigExecControlAPI"]
                            )
                            {
                                color3f guide:displayColor = (0.392, 0.863, 1)
                                uniform token guide:planeNormal = "Z"
                                double guide:scaleX = 1.8444
                                double guide:scaleY = 1.8443999999999998
                                double guide:scaleZ = 0.07377600000000001
                                uniform token guide:shape = "circle"
                                uniform token purpose = "default"
                                matrix4d rest:space = ( (1, 0, 0, 0), (0, 1, 0, 0), (0, 0, 1, 0), (0, 0, 0, 1) )
                            }
                        }

                        def RigExecJoint "spine_curve_anchor_0_follow"
                        {
                            double guide:radius = 0
                            uniform token purpose = "default"
                            matrix4d rest:space = ( (1, 0, 0, 0), (0, 1, 0, 0), (0, 0, 1, 0), (0, 90.072, -3.6268, 1) )
                        }

                        def RigExecJoint "spine_bend_1_follow"
                        {
                            double guide:radius = 0
                            uniform token purpose = "default"
                            matrix4d rest:space = ( (1, 0, 0, 0), (0, 1, 0, 0), (0, 0, 1, 0), (-2.9480695662442713e-10, 107.63819885253906, -1.8372999429702759, 1) )

                            def RigExecControl "M_SpineBend1" (
                                prepend apiSchemas = ["RigExecControlAPI"]
                            )
                            {
                                color3f guide:displayColor = (0.392, 0.863, 1)
                                double3 guide:offset = (0, 0, 15.3722)
                                uniform token guide:planeNormal = "Z"
                                double guide:scaleX = 1.2373
                                double guide:scaleY = 1.2373
                                double guide:scaleZ = 0.05
                                uniform token guide:shape = "circle"
                                uniform token purpose = "default"
                                matrix4d rest:space = ( (1, 0, 0, 0), (0, 1, 0, 0), (0, 0, 1, 0), (0, 0, 0, 1) )
                            }
                        }

                        def RigExecJoint "spine_bend_2_follow"
                        {
                            double guide:radius = 0
                            uniform token purpose = "default"
                            matrix4d rest:space = ( (1, 0, 0, 0), (0, 1, 0, 0), (0, 0, 1, 0), (0, 116.24440002441406, -2.1350998878479004, 1) )

                            def RigExecControl "M_SpineBend2" (
                                prepend apiSchemas = ["RigExecControlAPI"]
                            )
                            {
                                color3f guide:displayColor = (0.392, 0.863, 1)
                                double3 guide:offset = (0, 0, 15.3722)
                                uniform token guide:planeNormal = "Z"
                                double guide:scaleX = 1.2373
                                double guide:scaleY = 1.2373
                                double guide:scaleZ = 0.05
                                uniform token guide:shape = "circle"
                                uniform token purpose = "default"
                                matrix4d rest:space = ( (1, 0, 0, 0), (0, 1, 0, 0), (0, 0, 1, 0), (0, 0, 0, 1) )
                            }
                        }

                        def RigExecJoint "spine_bend_3_follow"
                        {
                            double guide:radius = 0
                            uniform token purpose = "default"
                            matrix4d rest:space = ( (1, 0, 0, 0), (0, 1, 0, 0), (0, 0, 1, 0), (0, 130.56820678710938, -3.007200002670288, 1) )

                            def RigExecControl "M_SpineBend3" (
                                prepend apiSchemas = ["RigExecControlAPI"]
                            )
                            {
                                color3f guide:displayColor = (0.392, 0.863, 1)
                                double3 guide:offset = (0, 0, 15.3722)
                                uniform token guide:planeNormal = "Z"
                                double guide:scaleX = 1.2373
                                double guide:scaleY = 1.2373
                                double guide:scaleZ = 0.05
                                uniform token guide:shape = "circle"
                                uniform token purpose = "default"
                                matrix4d rest:space = ( (1, 0, 0, 0), (0, 1, 0, 0), (0, 0, 1, 0), (0, 0, 0, 1) )
                            }
                        }

                        def RigExecJoint "spine_curve_anchor_4_follow"
                        {
                            double guide:radius = 0
                            uniform token purpose = "default"
                            matrix4d rest:space = ( (1, 0, 0, 0), (0, 1, 0, 0), (0, 0, 1, 0), (0, 140.5821, -5.4935, 1) )
                        }
                    }

                    over "Joints"
                    {
                        over "hips_def"
                        {
                            over "spine_0_def"
                            {
                                over "spine_1_def"
                                {
                                    over "spine_2_def"
                                    {
                                        over "spine_3_def"
                                        {
                                            over "spine_4_def"
                                            {
                                                over "spine_5_def"
                                                {
                                                    over "chest_def"
                                                    {
                                                        over "neck_base_def"
                                                        {
                                                            over "neck_0_def"
                                                            {
                                                                over "neck_1_def"
                                                                {
                                                                    over "neck_2_def"
                                                                    {
                                                                        over "neck_3_def"
                                                                        {
                                                                            over "skull_def"
                                                                            {
                                                                                def RigExecJoint "headwire_low_follow_on_skull_def"
                                                                                {
                                                                                    double guide:radius = 0
                                                                                    uniform token purpose = "guide"
                                                                                    matrix4d rest:space = ( (4.417415769620368e-9, -7.262945989446034e-10, -0.9999999999999988, 0), (1, -4.28103774973133e-9, -4.417408553170728e-9, 0), (4.280991564453519e-9, -0.9999999999999982, -7.262963753013242e-10, 0), (-7.918712414258351, -10.225628582630602, -6.16377860741404e-9, 1) )
                                                                                }

                                                                                def RigExecJoint "headwire_mid_follow_on_skull_def"
                                                                                {
                                                                                    double guide:radius = 0
                                                                                    uniform token purpose = "guide"
                                                                                    matrix4d rest:space = ( (-2.2204460492503109e-16, 2.2204460492503116e-16, -0.9999999999999996, 0), (1, -1.1102230246251565e-16, -2.2204460492503114e-16, 0), (-1.110223024625157e-16, -1, -2.220446049250313e-16, 0), (3.4017831912124734, -1.1830284277539267, 3.2173059437251434e-9, 0.9999999999999998) )
                                                                                }

                                                                                def RigExecJoint "headwire_top_follow_on_skull_def"
                                                                                {
                                                                                    double guide:radius = 0
                                                                                    uniform token purpose = "guide"
                                                                                    matrix4d rest:space = ( (-2.2204460492503109e-16, 2.2204460492503116e-16, -0.9999999999999996, 0), (1, -1.1102230246251565e-16, -2.2204460492503114e-16, 0), (-1.110223024625157e-16, -1, -2.220446049250313e-16, 0), (16.68698521757966, -1.9534284750561746, -6.57010006539607e-9, 0.9999999999999998) )
                                                                                }

                                                                                over "face_upper_def"
                                                                                {
                                                                                    def RigExecJoint "headwire_top_follow_on_face_upper_def"
                                                                                    {
                                                                                        double guide:radius = 0
                                                                                        uniform token purpose = "guide"
                                                                                        matrix4d rest:space = ( (0.9999999999999984, 4.417444191329734e-9, 7.262945989448746e-10, 0), (4.417440416571588e-9, 0.9999999999999716, 4.281071500511184e-9, 0), (7.262945989444849e-10, 4.281076829581704e-9, 0.9999999999999991, 0), (6.570760810963203e-9, 20.319685217581622, 0.7032284750568509, 1) )
                                                                                    }

                                                                                    over "eyeSocket_l_def"
                                                                                    {
                                                                                        def RigExecJoint "headwire_mid_follow_on_eyeSocket_l_def"
                                                                                        {
                                                                                            double guide:radius = 0
                                                                                            uniform token purpose = "guide"
                                                                                            matrix4d rest:space = ( (0.999999999999992, 4.417415769620109e-9, 7.262948209891754e-10, 0), (4.4174139932632785e-9, 0.9999999999999432, 4.281031532482151e-9, 0), (7.262950430337217e-10, 4.281019986162697e-9, 0.9999999999999976, 0), (-3.3842000032172685, -1.4739168087866403, -5.885571572246051, 1) )
                                                                                        }
                                                                                    }

                                                                                    over "eyeSocket_r_def"
                                                                                    {
                                                                                        def RigExecJoint "headwire_mid_follow_on_eyeSocket_r_def"
                                                                                        {
                                                                                            double guide:radius = 0
                                                                                            uniform token purpose = "guide"
                                                                                            matrix4d rest:space = ( (-1.0000000000000018, 4.41752945645797e-9, -7.262934887220853e-10, 0), (-4.417411328728075e-9, 0.9999999999999432, -4.281041746533972e-9, 0), (-7.262963753019753e-10, 4.281162094709941e-9, -0.9999999999999982, 0), (-3.3841999967827143, -1.4739168087875214, 5.885571572246069, 1) )
                                                                                        }
                                                                                    }

                                                                                    def RigExecJoint "headwire_mid_follow_on_face_upper_def"
                                                                                    {
                                                                                        double guide:radius = 0
                                                                                        uniform token purpose = "guide"
                                                                                        matrix4d rest:space = ( (0.9999999999999984, 4.417444191329734e-9, 7.262945989448746e-10, 0), (4.417440416571588e-9, 0.9999999999999716, 4.281071500511184e-9, 0), (7.262945989444849e-10, 4.281076829581704e-9, 0.9999999999999991, 0), (-3.2170691215372707e-9, 7.034483191212786, -0.06717157224583836, 1) )
                                                                                    }

                                                                                    over "head_tip_def"
                                                                                    {
                                                                                        def RigExecJoint "headwire_mid_follow_on_head_tip_def"
                                                                                        {
                                                                                            double guide:radius = 0
                                                                                            uniform token purpose = "guide"
                                                                                            matrix4d rest:space = ( (0.999999999999998, 4.4174441913295665e-9, 7.262950430339059e-10, 0), (4.41744213741703e-9, 0.9999999999999432, 4.281031532482169e-9, 0), (7.262951540558839e-10, 4.2810199861627144e-9, 0.9999999999999969, 0), (-3.2173525581358183e-9, -1.7964168087873134, -1.7241715722460476, 1) )
                                                                                        }
                                                                                    }
                                                                                }

                                                                                over "face_lower_def"
                                                                                {
                                                                                    over "face_mid_def"
                                                                                    {
                                                                                        over "nose_bridge_def"
                                                                                        {
                                                                                            def RigExecJoint "headwire_mid_follow_on_nose_bridge_def"
                                                                                            {
                                                                                                double guide:radius = 0
                                                                                                uniform token purpose = "guide"
                                                                                                matrix4d rest:space = ( (0.9999999999999984, 4.322671674487905e-9, 1.1642912997007773e-9, 0), (4.417408980442616e-9, 0.9949898283277671, 0.0999762047875471, 0), (7.262972964795394e-10, -0.09997619626832976, 0.9949898291840545, 0), (-3.217296794262884e-9, -0.642940771890494, -9.078133350445395, 1) )
                                                                                            }

                                                                                            over "nose_def"
                                                                                            {
                                                                                                def RigExecJoint "headwire_mid_follow_on_nose_def"
                                                                                                {
                                                                                                    double guide:radius = 0
                                                                                                    uniform token purpose = "guide"
                                                                                                    matrix4d rest:space = ( (0.9999999999999996, 4.426625814931235e-9, 6.678667159416665e-10, 0), (4.417408669150278e-9, 0.9999127209722958, -0.013211753773470381, 0), (7.262969183065066e-10, 0.013211762334719875, 0.9999127208591854, 0), (-3.2172937958575185e-9, 3.370017473878079, -9.35144265493815, 1) )
                                                                                                }
                                                                                            }
                                                                                        }

                                                                                        def RigExecJoint "headwire_low_follow_on_face_mid_def"
                                                                                        {
                                                                                            double guide:radius = 0
                                                                                            uniform token purpose = "guide"
                                                                                            matrix4d rest:space = ( (-0.9999999999999972, 4.4174726130384105e-9, -7.262954871232686e-10, 0), (-4.417409029886267e-9, 0.9999999999998295, -4.28103863790902e-9, 0), (-7.262963426749191e-10, 4.2809062993245346e-9, -0.9999999999999973, 0), (-6.163774202251909e-9, -6.819312414258491, -9.532428582630597, 1) )
                                                                                        }
                                                                                    }

                                                                                    over "jaw_def"
                                                                                    {
                                                                                        def RigExecJoint "headwire_low_follow_on_jaw_def"
                                                                                        {
                                                                                            double guide:radius = 0
                                                                                            uniform token purpose = "guide"
                                                                                            matrix4d rest:space = ( (-0.9999999999999974, 4.417472613038514e-9, -7.262901580527687e-10, 0), (-4.417408918863883e-9, 0.9999999999998579, -4.28104307880121e-9, 0), (-7.262962871636611e-10, 4.280906299324649e-9, -0.9999999999999956, 0), (-6.163774433868833e-9, -6.793712414258778, -9.532428582630548, 1) )
                                                                                        }
                                                                                    }
                                                                                }
                                                                            }

                                                                            def RigExecJoint "headwire_low_follow_on_neck_3_def"
                                                                            {
                                                                                double guide:radius = 0
                                                                                uniform token purpose = "guide"
                                                                                matrix4d rest:space = ( (4.463219046998003e-9, -3.485779088772156e-10, -1, 0), (0.9963884015865674, 0.08491261221867068, -4.417481618903876e-9, 0), (0.08491262087477762, -0.9963884023242191, -7.262864717124214e-10, 0), (-4.946128322430212, -10.937596329222028, -1.5454024129117343e-8, 1) )
                                                                            }
                                                                        }

                                                                        def RigExecJoint "headwire_low_follow_on_neck_2_def"
                                                                        {
                                                                            double guide:radius = 0
                                                                            uniform token purpose = "guide"
                                                                            matrix4d rest:space = ( (3.94345114934348e-9, -1.3930094613377322e-9, -0.999999996853877, 0), (0.9963884040642266, 0.08491261271246064, -3.810933750401768e-9, 0), (0.08491262065016983, -0.9963884029811356, -1.7228421238947135e-9, 0), (-1.0783283298204935, -10.937596354109832, -4.470111143530874e-8, 0.9999999999999999) )
                                                                        }
                                                                    }

                                                                    def RigExecJoint "headwire_low_follow_on_neck_1_def"
                                                                    {
                                                                        double guide:radius = 0
                                                                        uniform token purpose = "guide"
                                                                        matrix4d rest:space = ( (9.858553488307235e-10, -3.482487628152767e-10, -0.9999999992134468, 0), (0.996388402482665, 0.08491261558763166, -9.527349893902636e-10, 0), (0.08491261757205763, -0.9963884022118692, -4.307148868888283e-10, 0), (2.772871642442567, -10.93759635531935, -4.0259938972631156e-8, 1) )
                                                                    }
                                                                }
                                                            }

                                                            def RigExecJoint "spine_bend_3_follow_on_neck_base_def"
                                                            {
                                                                double guide:radius = 0
                                                                uniform token purpose = "guide"
                                                                matrix4d rest:space = ( (-2.4009705745827787e-16, 2.0238828066986194e-16, -0.9999999999999996, 0), (0.9963884019553995, 0.08491261654645377, -2.220446049250312e-16, 0), (0.08491261654645377, -0.9963884019553995, -2.220446049250312e-16, 0), (-10.095577909552077, -5.200071814808515, -7.85853755057331e-15, 1) )
                                                            }

                                                            def RigExecJoint "spine_curve_anchor_4_follow_on_neck_base_def"
                                                            {
                                                                double guide:radius = 0
                                                                uniform token purpose = "guide"
                                                                matrix4d rest:space = ( (-2.4009705745827787e-16, 2.0238828066986194e-16, -0.9999999999999996, 0), (0.9963884019553995, 0.08491261654645377, -2.220446049250312e-16, 0), (0.08491261654645377, -0.9963884019553995, -2.220446049250312e-16, 0), (-0.32896909210069225, -1.8724454591641333, -9.529999012158876e-15, 1) )
                                                            }
                                                        }

                                                        def RigExecJoint "spine_bend_3_follow_on_chest_def"
                                                        {
                                                            double guide:radius = 0
                                                            uniform token purpose = "guide"
                                                            matrix4d rest:space = ( (-2.2204460492503126e-16, 2.2204460492503126e-16, -0.9999999999999996, 0), (1, -5.55111512312578e-17, -2.2204460492503116e-16, 0), (-5.551115123125785e-17, -1, -2.2204460492503123e-16, 0), (1.56003155586032, -0.3136493097617299, -7.85853755057332e-15, 0.9999999999999998) )
                                                        }

                                                        def RigExecJoint "spine_curve_anchor_4_follow_on_chest_def"
                                                        {
                                                            double guide:radius = 0
                                                            uniform token purpose = "guide"
                                                            matrix4d rest:space = ( (-2.2204460492503126e-16, 2.2204460492503126e-16, -0.9999999999999996, 0), (1, -5.55111512312578e-17, -2.2204460492503116e-16, 0), (-5.551115123125785e-17, -1, -2.2204460492503123e-16, 0), (11.573924768750942, 2.172650687567981, -9.529999012158885e-15, 0.9999999999999998) )
                                                        }
                                                    }
                                                }

                                                def RigExecJoint "spine_bend_2_follow_on_spine_4_def"
                                                {
                                                    double guide:radius = 0
                                                    uniform token purpose = "guide"
                                                    matrix4d rest:space = ( (-1.875484398217535e-16, 2.5185947644083695e-16, -0.9999999999999996, 0), (0.9894586639719245, -0.14481558027675717, -2.2204460492503116e-16, 0), (-0.14481558027675717, -0.9894586639719245, -2.2204460492503126e-16, 0), (-5.560010710821587, 0.566239868604999, -4.8716586623789586e-15, 1) )
                                                }
                                            }

                                            def RigExecJoint "spine_bend_2_follow_on_spine_3_def"
                                            {
                                                double guide:radius = 0
                                                uniform token purpose = "guide"
                                                matrix4d rest:space = ( (-2.1058084124564084e-16, 2.329448914505416e-16, -0.9999999999999996, 0), (0.9987311622498772, -0.05035936408464312, -2.2204460492503116e-16, 0), (-0.05035936408464312, -0.9987311622498772, -2.2204460492503118e-16, 0), (0.9104500335513279, 0.036582041522205344, -4.8716586623789586e-15, 1) )
                                            }
                                        }

                                        def RigExecJoint "spine_bend_1_follow_on_spine_2_def"
                                        {
                                            double guide:radius = 0
                                            uniform token purpose = "guide"
                                            matrix4d rest:space = ( (-2.2244225255946706e-16, 2.2164624388628065e-16, -0.9999999999999996, 0), (0.999998393556297, 0.001792452181972992, -2.2204460492503106e-16, 0), (0.001792452181972992, -0.999998393556297, -2.2204460492503116e-16, 0), (-1.2067501120045137, -0.22921392798531803, 2.948039298014326e-10, 1) )
                                        }
                                    }

                                    def RigExecJoint "spine_bend_1_follow_on_spine_1_def"
                                    {
                                        double guide:radius = 0
                                        uniform token purpose = "guide"
                                        matrix4d rest:space = ( (-2.360493177686272e-16, 2.0709498481033303e-16, -0.9999999999999996, 0), (0.9978722579829822, 0.06519936156086732, -2.2204460492503114e-16, 0), (0.06519936156086732, -0.9978722579829822, -2.220446049250312e-16, 0), (5.303913043361064, -0.305273410924098, 2.948039298014326e-10, 1) )
                                    }
                                }

                                def RigExecJoint "spine_curve_anchor_0_follow_on_spine_0_def"
                                {
                                    double guide:radius = 0
                                    uniform token purpose = "guide"
                                    matrix4d rest:space = ( (-2.4829014076981417e-16, 1.922488469383685e-16, -0.9999999999999996, 0), (0.9920056104423738, 0.12619377500832943, -2.220446049250312e-16, 0), (0.12619377500832943, -0.9920056104423738, -2.220446049250312e-16, 0), (-4.567838815034364, -0.4214016728316121, 1.2710055230513638e-15, 1) )
                                }
                            }
                        }
                    }
                }
            }
        }
    }
}

