#usda 1.0
(
    defaultPrim = "Bust"
    doc = "A 120-frame parameter sweep for bust_rig.usda, layered mesh style: angle X through +-30, angle Y through +-15, the tilt, a blink and the five vowels. Only control avars are authored here. Generated by build_bust.py."
    endTimeCode = 120
    framesPerSecond = 30
    startTimeCode = 1
    subLayers = [
        @./bust_rig.usda@
    ]
    timeCodesPerSecond = 30
)

over "Bust"
{
    over "Rig"
    {
        over "Controls"
        {
            over "Body_ctl"
            {
                double avars:rz.timeSamples = {
                    1: 0,
                    2: -0.0859,
                    3: -0.1668,
                    4: -0.243,
                    5: -0.3145,
                    6: -0.3815,
                    7: -0.4442,
                    8: -0.5027,
                    9: -0.557,
                    10: -0.6074,
                    11: -0.654,
                    12: -0.697,
                    13: -0.7364,
                    14: -0.7724,
                    15: -0.8051,
                    16: -0.8348,
                    17: -0.8614,
                    18: -0.8853,
                    19: -0.9064,
                    20: -0.9249,
                    21: -0.9411,
                    22: -0.9549,
                    23: -0.9666,
                    24: -0.9763,
                    25: -0.9841,
                    26: -0.9902,
                    27: -0.9947,
                    28: -0.9977,
                    29: -0.9995,
                    30: -1,
                    31: -0.9925,
                    32: -0.9708,
                    33: -0.936,
                    34: -0.8892,
                    35: -0.8315,
                    36: -0.7638,
                    37: -0.6875,
                    38: -0.6035,
                    39: -0.5129,
                    40: -0.4169,
                    41: -0.3165,
                    42: -0.2128,
                    43: -0.107,
                    44: 0,
                    45: 0.107,
                    46: 0.2128,
                    47: 0.3165,
                    48: 0.4169,
                    49: 0.5129,
                    50: 0.6035,
                    51: 0.6875,
                    52: 0.7638,
                    53: 0.8315,
                    54: 0.8892,
                    55: 0.936,
                    56: 0.9708,
                    57: 0.9925,
                    58: 1,
                    59: 0.994,
                    60: 0.9767,
                    61: 0.9493,
                    62: 0.9128,
                    63: 0.8685,
                    64: 0.8174,
                    65: 0.7607,
                    66: 0.6995,
                    67: 0.6349,
                    68: 0.568,
                    69: 0.5,
                    70: 0.432,
                    71: 0.3651,
                    72: 0.3005,
                    73: 0.2393,
                    74: 0.1826,
                    75: 0.1315,
                    76: 0.0872,
                    77: 0.0507,
                    78: 0.0233,
                    79: 0.006,
                    80: 0,
                    81: 0,
                    82: 0,
                    83: 0,
                    84: 0,
                    85: 0,
                    86: 0,
                    87: 0,
                    88: 0,
                    89: 0,
                    90: 0,
                    91: 0,
                    92: 0,
                    93: 0,
                    94: 0,
                    95: 0,
                    96: 0,
                    97: 0,
                    98: 0,
                    99: 0,
                    100: 0,
                    101: 0,
                    102: 0,
                    103: 0,
                    104: 0,
                    105: 0,
                    106: 0,
                    107: 0,
                    108: 0,
                    109: 0,
                    110: 0,
                    111: 0,
                    112: 0,
                    113: 0,
                    114: 0,
                    115: 0,
                    116: 0,
                    117: 0,
                    118: 0,
                    119: 0,
                    120: 0,
                    121: 0,
                }
                double avars:tx.timeSamples = {
                    1: 0,
                    2: 0,
                    3: 0,
                    4: 0,
                    5: 0,
                    6: 0,
                    7: 0,
                    8: 0,
                    9: 0,
                    10: 0,
                    11: 0,
                    12: 0,
                    13: 0,
                    14: 0,
                    15: 0,
                    16: 0,
                    17: 0,
                    18: 0,
                    19: 0,
                    20: 0,
                    21: 0,
                    22: 0,
                    23: 0,
                    24: 0,
                    25: 0,
                    26: 0,
                    27: 0,
                    28: 0,
                    29: 0,
                    30: 0,
                    31: 0,
                    32: 0,
                    33: 0,
                    34: 0,
                    35: 0,
                    36: 0,
                    37: 0,
                    38: 0,
                    39: 0,
                    40: 0,
                    41: 0,
                    42: 0,
                    43: 0,
                    44: 0,
                    45: 0,
                    46: 0,
                    47: 0,
                    48: 0,
                    49: 0,
                    50: 0,
                    51: 0,
                    52: 0,
                    53: 0,
                    54: 0,
                    55: 0,
                    56: 0,
                    57: 0,
                    58: 0,
                    59: 0,
                    60: 0,
                    61: 0,
                    62: 0,
                    63: 0,
                    64: 0,
                    65: 0,
                    66: 0,
                    67: 0,
                    68: 0,
                    69: 0,
                    70: 0,
                    71: 0,
                    72: 0,
                    73: 0,
                    74: 0,
                    75: 0,
                    76: 0,
                    77: 0,
                    78: 0,
                    79: 0,
                    80: 0,
                    81: 0,
                    82: 0,
                    83: 0,
                    84: 0,
                    85: 0,
                    86: 0,
                    87: 0,
                    88: 0,
                    89: 0,
                    90: 0,
                    91: 0,
                    92: 0,
                    93: 0,
                    94: 0,
                    95: 0,
                    96: 0,
                    97: 0,
                    98: 0,
                    99: 0,
                    100: 0,
                    101: 0,
                    102: 0,
                    103: 0,
                    104: 0,
                    105: 0,
                    106: 0,
                    107: 0,
                    108: 0,
                    109: 0,
                    110: 0,
                    111: 0,
                    112: 0,
                    113: 0,
                    114: 0,
                    115: 0,
                    116: 0,
                    117: 0,
                    118: 0,
                    119: 0,
                    120: 0,
                    121: 0,
                }

                over "Neck_ctl"
                {
                    double avars:rz.timeSamples = {
                        1: 0,
                        2: 0,
                        3: 0,
                        4: 0,
                        5: 0,
                        6: 0,
                        7: 0,
                        8: 0,
                        9: 0,
                        10: 0,
                        11: -0.025,
                        12: -0.096,
                        13: -0.2074,
                        14: -0.3534,
                        15: -0.5281,
                        16: -0.7259,
                        17: -0.941,
                        18: -1.1676,
                        19: -1.4,
                        20: -1.6324,
                        21: -1.859,
                        22: -2.0741,
                        23: -2.2719,
                        24: -2.4466,
                        25: -2.5926,
                        26: -2.704,
                        27: -2.775,
                        28: -2.8,
                        29: -2.8,
                        30: -2.8,
                        31: -2.8,
                        32: -2.8,
                        33: -2.8,
                        34: -2.8,
                        35: -2.8,
                        36: -2.8,
                        37: -2.7594,
                        38: -2.6432,
                        39: -2.4598,
                        40: -2.2176,
                        41: -1.925,
                        42: -1.5904,
                        43: -1.2222,
                        44: -0.8288,
                        45: -0.4186,
                        46: 0,
                        47: 0.4186,
                        48: 0.8288,
                        49: 1.2222,
                        50: 1.5904,
                        51: 1.925,
                        52: 2.2176,
                        53: 2.4598,
                        54: 2.6432,
                        55: 2.7594,
                        56: 2.8,
                        57: 2.8,
                        58: 2.8,
                        59: 2.8,
                        60: 2.8,
                        61: 2.8,
                        62: 2.8,
                        63: 2.8,
                        64: 2.8,
                        65: 2.7592,
                        66: 2.6449,
                        67: 2.4694,
                        68: 2.2449,
                        69: 1.9837,
                        70: 1.698,
                        71: 1.4,
                        72: 1.102,
                        73: 0.8163,
                        74: 0.5551,
                        75: 0.3306,
                        76: 0.1551,
                        77: 0.0408,
                        78: 0,
                        79: 0,
                        80: 0,
                        81: 0,
                        82: 0,
                        83: 0,
                        84: 0,
                        85: 0,
                        86: 0,
                        87: 0,
                        88: 0,
                        89: 0,
                        90: 0,
                        91: 0,
                        92: 0,
                        93: 0,
                        94: 0,
                        95: 0,
                        96: 0,
                        97: 0,
                        98: 0,
                        99: 0,
                        100: 0,
                        101: 0,
                        102: 0,
                        103: 0,
                        104: 0,
                        105: 0,
                        106: 0,
                        107: 0,
                        108: 0,
                        109: 0,
                        110: 0,
                        111: 0,
                        112: 0,
                        113: 0,
                        114: 0,
                        115: 0,
                        116: 0,
                        117: 0,
                        118: 0,
                        119: 0,
                        120: 0,
                        121: 0,
                    }

                    over "Head_ctl"
                    {
                        double avars:rz.timeSamples = {
                            1: 0,
                            2: 0,
                            3: 0,
                            4: 0,
                            5: 0,
                            6: 0,
                            7: 0,
                            8: 0,
                            9: 0,
                            10: 0,
                            11: -0.0713,
                            12: -0.2743,
                            13: -0.5926,
                            14: -1.0096,
                            15: -1.5089,
                            16: -2.0741,
                            17: -2.6886,
                            18: -3.3361,
                            19: -4,
                            20: -4.6639,
                            21: -5.3114,
                            22: -5.9259,
                            23: -6.4911,
                            24: -6.9904,
                            25: -7.4074,
                            26: -7.7257,
                            27: -7.9287,
                            28: -8,
                            29: -8,
                            30: -8,
                            31: -8,
                            32: -8,
                            33: -8,
                            34: -8,
                            35: -8,
                            36: -8,
                            37: -7.884,
                            38: -7.552,
                            39: -7.028,
                            40: -6.336,
                            41: -5.5,
                            42: -4.544,
                            43: -3.492,
                            44: -2.368,
                            45: -1.196,
                            46: 0,
                            47: 1.196,
                            48: 2.368,
                            49: 3.492,
                            50: 4.544,
                            51: 5.5,
                            52: 6.336,
                            53: 7.028,
                            54: 7.552,
                            55: 7.884,
                            56: 8,
                            57: 8,
                            58: 8,
                            59: 8,
                            60: 8,
                            61: 8,
                            62: 8,
                            63: 8,
                            64: 8,
                            65: 7.8834,
                            66: 7.5569,
                            67: 7.0554,
                            68: 6.414,
                            69: 5.6676,
                            70: 4.8513,
                            71: 4,
                            72: 3.1487,
                            73: 2.3324,
                            74: 1.586,
                            75: 0.9446,
                            76: 0.4431,
                            77: 0.1166,
                            78: 0,
                            79: 0,
                            80: 0,
                            81: 0,
                            82: 0,
                            83: 0,
                            84: 0,
                            85: 0,
                            86: 0,
                            87: 0,
                            88: 0,
                            89: 0,
                            90: 0,
                            91: 0,
                            92: 0,
                            93: 0,
                            94: 0,
                            95: 0,
                            96: 0,
                            97: 0,
                            98: 0,
                            99: 0,
                            100: 0,
                            101: 0,
                            102: 0,
                            103: 0,
                            104: 0,
                            105: 0,
                            106: 0,
                            107: 0,
                            108: 0,
                            109: 0,
                            110: 0,
                            111: 0,
                            112: 0,
                            113: 0,
                            114: 0,
                            115: 0,
                            116: 0,
                            117: 0,
                            118: 0,
                            119: 0,
                            120: 0,
                            121: 0,
                        }

                        over "FaceAngle_ctl"
                        {
                            double avars:rx.timeSamples = {
                                1: 0,
                                2: 0,
                                3: 0,
                                4: 0,
                                5: 0,
                                6: 0,
                                7: 0,
                                8: 0,
                                9: 0,
                                10: 0,
                                11: 0,
                                12: 0,
                                13: 0,
                                14: 0,
                                15: 0,
                                16: 0,
                                17: 0,
                                18: 0,
                                19: 0,
                                20: 0,
                                21: 0,
                                22: 0,
                                23: 0,
                                24: 0,
                                25: 0,
                                26: 0,
                                27: 0,
                                28: 0,
                                29: 0,
                                30: 0,
                                31: 0,
                                32: 0,
                                33: 0,
                                34: 0,
                                35: 0,
                                36: 0,
                                37: 0,
                                38: 0,
                                39: 0,
                                40: 0,
                                41: 0,
                                42: 0,
                                43: 0,
                                44: 0,
                                45: 0,
                                46: 0,
                                47: 0,
                                48: 0,
                                49: 0,
                                50: 0,
                                51: 0,
                                52: 0,
                                53: 0,
                                54: 0,
                                55: 0,
                                56: 0,
                                57: 0,
                                58: 0,
                                59: 0,
                                60: 0,
                                61: 0,
                                62: 0,
                                63: 0,
                                64: 0,
                                65: 0,
                                66: 0,
                                67: 0,
                                68: 0,
                                69: 0,
                                70: 0,
                                71: 0,
                                72: 0,
                                73: 0,
                                74: 0,
                                75: -0.2951,
                                76: -1.1111,
                                77: -2.3438,
                                78: -3.8889,
                                79: -5.6424,
                                80: -7.5,
                                81: -9.3576,
                                82: -11.1111,
                                83: -12.6562,
                                84: -13.8889,
                                85: -14.7049,
                                86: -15,
                                87: -15,
                                88: -15,
                                89: -15,
                                90: -15,
                                91: -15,
                                92: -15,
                                93: -14.244,
                                94: -12.192,
                                95: -9.168,
                                96: -5.496,
                                97: -1.5,
                                98: 2.496,
                                99: 6.168,
                                100: 9.192,
                                101: 11.244,
                                102: 12,
                                103: 11.4844,
                                104: 10.125,
                                105: 8.2031,
                                106: 6,
                                107: 3.7969,
                                108: 1.875,
                                109: 0.5156,
                                110: 0,
                                111: 0,
                                112: 0,
                                113: 0,
                                114: 0,
                                115: 0,
                                116: 0,
                                117: 0,
                                118: 0,
                                119: 0,
                                120: 0,
                                121: 0,
                            }
                            double avars:ry.timeSamples = {
                                1: 0,
                                2: 0,
                                3: 0,
                                4: 0,
                                5: 0,
                                6: 0,
                                7: 0,
                                8: 0,
                                9: 0,
                                10: 0,
                                11: 0.2675,
                                12: 1.0288,
                                13: 2.2222,
                                14: 3.786,
                                15: 5.6584,
                                16: 7.7778,
                                17: 10.0823,
                                18: 12.5103,
                                19: 15,
                                20: 17.4897,
                                21: 19.9177,
                                22: 22.2222,
                                23: 24.3416,
                                24: 26.214,
                                25: 27.7778,
                                26: 28.9712,
                                27: 29.7325,
                                28: 30,
                                29: 30,
                                30: 30,
                                31: 30,
                                32: 30,
                                33: 30,
                                34: 30,
                                35: 30,
                                36: 30,
                                37: 29.565,
                                38: 28.32,
                                39: 26.355,
                                40: 23.76,
                                41: 20.625,
                                42: 17.04,
                                43: 13.095,
                                44: 8.88,
                                45: 4.485,
                                46: 0,
                                47: -4.485,
                                48: -8.88,
                                49: -13.095,
                                50: -17.04,
                                51: -20.625,
                                52: -23.76,
                                53: -26.355,
                                54: -28.32,
                                55: -29.565,
                                56: -30,
                                57: -30,
                                58: -30,
                                59: -30,
                                60: -30,
                                61: -30,
                                62: -30,
                                63: -30,
                                64: -30,
                                65: -29.5627,
                                66: -28.3382,
                                67: -26.4577,
                                68: -24.0525,
                                69: -21.2536,
                                70: -18.1924,
                                71: -15,
                                72: -11.8076,
                                73: -8.7464,
                                74: -5.9475,
                                75: -3.5423,
                                76: -1.6618,
                                77: -0.4373,
                                78: 0,
                                79: 0,
                                80: 0,
                                81: 0,
                                82: 0,
                                83: 0,
                                84: 0,
                                85: 0,
                                86: 0,
                                87: 0,
                                88: 0,
                                89: 0,
                                90: 0,
                                91: 0,
                                92: 0,
                                93: 0,
                                94: 0,
                                95: 0,
                                96: 0,
                                97: 0,
                                98: 0,
                                99: 0,
                                100: 0,
                                101: 0,
                                102: 0,
                                103: 0,
                                104: 0,
                                105: 0,
                                106: 0,
                                107: 0,
                                108: 0,
                                109: 0,
                                110: 0,
                                111: 0,
                                112: 0,
                                113: 0,
                                114: 0,
                                115: 0,
                                116: 0,
                                117: 0,
                                118: 0,
                                119: 0,
                                120: 0,
                                121: 0,
                            }
                        }

                        over "Look_ctl"
                        {
                            double avars:tx.timeSamples = {
                                1: 0,
                                2: 0,
                                3: 0,
                                4: 0,
                                5: 0,
                                6: 0,
                                7: 0,
                                8: 0,
                                9: 0.0167,
                                10: 0.063,
                                11: 0.1328,
                                12: 0.2204,
                                13: 0.3197,
                                14: 0.425,
                                15: 0.5303,
                                16: 0.6296,
                                17: 0.7172,
                                18: 0.787,
                                19: 0.8333,
                                20: 0.85,
                                21: 0.8489,
                                22: 0.8455,
                                23: 0.8401,
                                24: 0.8325,
                                25: 0.8229,
                                26: 0.8113,
                                27: 0.7978,
                                28: 0.7825,
                                29: 0.7653,
                                30: 0.7464,
                                31: 0.7259,
                                32: 0.7037,
                                33: 0.68,
                                34: 0.6547,
                                35: 0.6281,
                                36: 0.6,
                                37: 0.5473,
                                38: 0.4527,
                                39: 0.325,
                                40: 0.173,
                                41: 0.0057,
                                42: -0.1681,
                                43: -0.3395,
                                44: -0.4996,
                                45: -0.6396,
                                46: -0.7506,
                                47: -0.8237,
                                48: -0.85,
                                49: -0.8485,
                                50: -0.8443,
                                51: -0.8375,
                                52: -0.8283,
                                53: -0.8169,
                                54: -0.8034,
                                55: -0.7882,
                                56: -0.7713,
                                57: -0.7529,
                                58: -0.7333,
                                59: -0.7127,
                                60: -0.6911,
                                61: -0.6689,
                                62: -0.6462,
                                63: -0.6231,
                                64: -0.6,
                                65: -0.5713,
                                66: -0.5328,
                                67: -0.4863,
                                68: -0.4338,
                                69: -0.3773,
                                70: -0.3185,
                                71: -0.2595,
                                72: -0.2021,
                                73: -0.1484,
                                74: -0.1001,
                                75: -0.0592,
                                76: -0.0276,
                                77: -0.0072,
                                78: 0,
                                79: 0,
                                80: 0,
                                81: 0,
                                82: 0,
                                83: 0,
                                84: 0,
                                85: 0,
                                86: 0,
                                87: 0,
                                88: 0,
                                89: 0,
                                90: 0,
                                91: 0,
                                92: 0,
                                93: 0,
                                94: 0,
                                95: 0,
                                96: 0,
                                97: 0,
                                98: 0,
                                99: 0,
                                100: 0,
                                101: 0,
                                102: 0,
                                103: 0,
                                104: 0,
                                105: 0,
                                106: 0,
                                107: 0,
                                108: 0,
                                109: 0,
                                110: 0,
                                111: 0,
                                112: 0,
                                113: 0,
                                114: 0,
                                115: 0,
                                116: 0,
                                117: 0,
                                118: 0,
                                119: 0,
                                120: 0,
                                121: 0,
                            }
                            double avars:ty.timeSamples = {
                                1: 0,
                                2: 0,
                                3: 0,
                                4: 0,
                                5: 0,
                                6: 0,
                                7: 0,
                                8: 0,
                                9: 0,
                                10: 0,
                                11: 0,
                                12: 0,
                                13: 0,
                                14: 0,
                                15: 0,
                                16: 0,
                                17: 0,
                                18: 0,
                                19: 0,
                                20: 0,
                                21: 0,
                                22: 0,
                                23: 0,
                                24: 0,
                                25: 0,
                                26: 0,
                                27: 0,
                                28: 0,
                                29: 0,
                                30: 0,
                                31: 0,
                                32: 0,
                                33: 0,
                                34: 0,
                                35: 0,
                                36: 0,
                                37: 0,
                                38: 0,
                                39: 0,
                                40: 0,
                                41: 0,
                                42: 0,
                                43: 0,
                                44: 0,
                                45: 0,
                                46: 0,
                                47: 0,
                                48: 0,
                                49: 0,
                                50: 0,
                                51: 0,
                                52: 0,
                                53: 0,
                                54: 0,
                                55: 0,
                                56: 0,
                                57: 0,
                                58: 0,
                                59: 0,
                                60: 0,
                                61: 0,
                                62: 0,
                                63: 0,
                                64: 0,
                                65: 0,
                                66: 0,
                                67: 0,
                                68: 0,
                                69: 0,
                                70: 0,
                                71: 0,
                                72: 0,
                                73: 0,
                                74: 0,
                                75: 0.0089,
                                76: 0.0333,
                                77: 0.0703,
                                78: 0.1167,
                                79: 0.1693,
                                80: 0.225,
                                81: 0.2807,
                                82: 0.3333,
                                83: 0.3797,
                                84: 0.4167,
                                85: 0.4411,
                                86: 0.45,
                                87: 0.429,
                                88: 0.372,
                                89: 0.288,
                                90: 0.186,
                                91: 0.075,
                                92: -0.036,
                                93: -0.138,
                                94: -0.222,
                                95: -0.279,
                                96: -0.3,
                                97: -0.2941,
                                98: -0.2778,
                                99: -0.2531,
                                100: -0.2222,
                                101: -0.1872,
                                102: -0.15,
                                103: -0.1128,
                                104: -0.0778,
                                105: -0.0469,
                                106: -0.0222,
                                107: -0.0059,
                                108: 0,
                                109: 0,
                                110: 0,
                                111: 0,
                                112: 0,
                                113: 0,
                                114: 0,
                                115: 0,
                                116: 0,
                                117: 0,
                                118: 0,
                                119: 0,
                                120: 0,
                                121: 0,
                            }
                        }

                        over "Eye_R_ctl"
                        {
                            double avars:rz.timeSamples = {
                                1: 0,
                                2: 0,
                                3: 0,
                                4: 0,
                                5: 0,
                                6: 0,
                                7: 0,
                                8: 0,
                                9: 0,
                                10: 0,
                                11: 0,
                                12: 0,
                                13: 0,
                                14: 0,
                                15: 0,
                                16: 0,
                                17: 0,
                                18: 0,
                                19: 0,
                                20: 0,
                                21: 0,
                                22: 0,
                                23: 0,
                                24: 0,
                                25: 0,
                                26: 0,
                                27: 0,
                                28: 0,
                                29: 0,
                                30: 0,
                                31: 0,
                                32: 0,
                                33: 0,
                                34: 0,
                                35: 0,
                                36: 0,
                                37: 0,
                                38: 0,
                                39: 0,
                                40: 0,
                                41: 0,
                                42: 0,
                                43: 0,
                                44: 0,
                                45: 0,
                                46: 0,
                                47: 0,
                                48: 0,
                                49: 0,
                                50: 0,
                                51: 0,
                                52: 0,
                                53: 0,
                                54: 0,
                                55: 0,
                                56: 0,
                                57: 0,
                                58: 0,
                                59: 0,
                                60: 0,
                                61: 0,
                                62: 0,
                                63: 0,
                                64: 0,
                                65: 0,
                                66: 0,
                                67: 0,
                                68: 0,
                                69: 0,
                                70: 0,
                                71: 0,
                                72: 0,
                                73: 0,
                                74: 0,
                                75: 0,
                                76: 0,
                                77: 0,
                                78: 0,
                                79: 0,
                                80: 0,
                                81: 0,
                                82: 0,
                                83: 0,
                                84: 0,
                                85: 0,
                                86: 0,
                                87: 0,
                                88: 0,
                                89: 0,
                                90: 0,
                                91: 0,
                                92: 0,
                                93: 0,
                                94: 0,
                                95: 0,
                                96: 0,
                                97: 0,
                                98: 0,
                                99: 0,
                                100: 0,
                                101: 0,
                                102: 0,
                                103: 0,
                                104: 0,
                                105: 0,
                                106: 0,
                                107: 0,
                                108: 0,
                                109: 0,
                                110: 0,
                                111: 0,
                                112: 0,
                                113: 0,
                                114: 0,
                                115: 0,
                                116: 0,
                                117: 0,
                                118: 0,
                                119: 0,
                                120: 0,
                                121: 0,
                            }
                            double avars:ty.timeSamples = {
                                1: 0,
                                2: 0,
                                3: 0,
                                4: 0,
                                5: -0.3016,
                                6: -0.75,
                                7: -1,
                                8: -1,
                                9: -0.7407,
                                10: -0.2593,
                                11: 0,
                                12: 0,
                                13: 0,
                                14: 0,
                                15: 0,
                                16: 0,
                                17: 0,
                                18: 0,
                                19: 0,
                                20: 0,
                                21: 0,
                                22: 0,
                                23: 0,
                                24: 0,
                                25: 0,
                                26: 0,
                                27: 0,
                                28: 0,
                                29: 0,
                                30: 0,
                                31: 0,
                                32: 0,
                                33: 0,
                                34: 0,
                                35: 0,
                                36: 0,
                                37: 0,
                                38: 0,
                                39: 0,
                                40: 0,
                                41: 0,
                                42: 0,
                                43: 0,
                                44: 0,
                                45: 0,
                                46: 0,
                                47: 0,
                                48: 0,
                                49: 0,
                                50: 0,
                                51: 0,
                                52: 0,
                                53: 0,
                                54: 0,
                                55: 0,
                                56: 0,
                                57: 0,
                                58: 0,
                                59: 0,
                                60: 0,
                                61: 0,
                                62: 0,
                                63: 0,
                                64: 0,
                                65: 0,
                                66: 0,
                                67: -0.3016,
                                68: -0.75,
                                69: -1,
                                70: -1,
                                71: -0.7407,
                                72: -0.2593,
                                73: 0,
                                74: 0,
                                75: 0,
                                76: 0,
                                77: 0,
                                78: 0,
                                79: 0,
                                80: 0,
                                81: 0,
                                82: 0,
                                83: 0,
                                84: 0,
                                85: 0,
                                86: 0,
                                87: 0,
                                88: 0,
                                89: 0,
                                90: 0,
                                91: 0,
                                92: 0,
                                93: 0,
                                94: 0,
                                95: 0,
                                96: 0,
                                97: 0,
                                98: 0,
                                99: 0,
                                100: 0,
                                101: 0,
                                102: 0,
                                103: 0,
                                104: 0,
                                105: 0,
                                106: 0,
                                107: 0,
                                108: 0,
                                109: -0.3016,
                                110: -0.75,
                                111: -1,
                                112: -1,
                                113: -0.7407,
                                114: -0.2593,
                                115: 0,
                                116: 0,
                                117: 0,
                                118: 0,
                                119: 0,
                                120: 0,
                                121: 0,
                            }
                        }

                        over "Eye_L_ctl"
                        {
                            double avars:rz.timeSamples = {
                                1: 0,
                                2: 0,
                                3: 0,
                                4: 0,
                                5: 0,
                                6: 0,
                                7: 0,
                                8: 0,
                                9: 0,
                                10: 0,
                                11: 0,
                                12: 0,
                                13: 0,
                                14: 0,
                                15: 0,
                                16: 0,
                                17: 0,
                                18: 0,
                                19: 0,
                                20: 0,
                                21: 0,
                                22: 0,
                                23: 0,
                                24: 0,
                                25: 0,
                                26: 0,
                                27: 0,
                                28: 0,
                                29: 0,
                                30: 0,
                                31: 0,
                                32: 0,
                                33: 0,
                                34: 0,
                                35: 0,
                                36: 0,
                                37: 0,
                                38: 0,
                                39: 0,
                                40: 0,
                                41: 0,
                                42: 0,
                                43: 0,
                                44: 0,
                                45: 0,
                                46: 0,
                                47: 0,
                                48: 0,
                                49: 0,
                                50: 0,
                                51: 0,
                                52: 0,
                                53: 0,
                                54: 0,
                                55: 0,
                                56: 0,
                                57: 0,
                                58: 0,
                                59: 0,
                                60: 0,
                                61: 0,
                                62: 0,
                                63: 0,
                                64: 0,
                                65: 0,
                                66: 0,
                                67: 0,
                                68: 0,
                                69: 0,
                                70: 0,
                                71: 0,
                                72: 0,
                                73: 0,
                                74: 0,
                                75: 0,
                                76: 0,
                                77: 0,
                                78: 0,
                                79: 0,
                                80: 0,
                                81: 0,
                                82: 0,
                                83: 0,
                                84: 0,
                                85: 0,
                                86: 0,
                                87: 0,
                                88: 0,
                                89: 0,
                                90: 0,
                                91: 0,
                                92: 0,
                                93: 0,
                                94: 0,
                                95: 0,
                                96: 0,
                                97: 0,
                                98: 0,
                                99: 0,
                                100: 0,
                                101: 0,
                                102: 0,
                                103: 0,
                                104: 0,
                                105: 0,
                                106: 0,
                                107: 0,
                                108: 0,
                                109: 0,
                                110: 0,
                                111: 0,
                                112: 0,
                                113: 0,
                                114: 0,
                                115: 0,
                                116: 0,
                                117: 0,
                                118: 0,
                                119: 0,
                                120: 0,
                                121: 0,
                            }
                            double avars:ty.timeSamples = {
                                1: 0,
                                2: 0,
                                3: 0,
                                4: 0,
                                5: -0.3016,
                                6: -0.75,
                                7: -1,
                                8: -1,
                                9: -0.7407,
                                10: -0.2593,
                                11: 0,
                                12: 0,
                                13: 0,
                                14: 0,
                                15: 0,
                                16: 0,
                                17: 0,
                                18: 0,
                                19: 0,
                                20: 0,
                                21: 0,
                                22: 0,
                                23: 0,
                                24: 0,
                                25: 0,
                                26: 0,
                                27: 0,
                                28: 0,
                                29: 0,
                                30: 0,
                                31: 0,
                                32: 0,
                                33: 0,
                                34: 0,
                                35: 0,
                                36: 0,
                                37: 0,
                                38: 0,
                                39: 0,
                                40: 0,
                                41: 0,
                                42: 0,
                                43: 0,
                                44: 0,
                                45: 0,
                                46: 0,
                                47: 0,
                                48: 0,
                                49: 0,
                                50: 0,
                                51: 0,
                                52: 0,
                                53: 0,
                                54: 0,
                                55: 0,
                                56: 0,
                                57: 0,
                                58: 0,
                                59: 0,
                                60: 0,
                                61: 0,
                                62: 0,
                                63: 0,
                                64: 0,
                                65: 0,
                                66: 0,
                                67: -0.3016,
                                68: -0.75,
                                69: -1,
                                70: -1,
                                71: -0.7407,
                                72: -0.2593,
                                73: 0,
                                74: 0,
                                75: 0,
                                76: 0,
                                77: 0,
                                78: 0,
                                79: 0,
                                80: 0,
                                81: 0,
                                82: 0,
                                83: 0,
                                84: 0,
                                85: 0,
                                86: 0,
                                87: 0,
                                88: 0,
                                89: 0,
                                90: 0,
                                91: 0,
                                92: 0,
                                93: 0,
                                94: 0,
                                95: 0,
                                96: 0,
                                97: 0,
                                98: 0,
                                99: 0,
                                100: 0,
                                101: 0,
                                102: 0,
                                103: 0,
                                104: 0,
                                105: 0,
                                106: 0,
                                107: 0,
                                108: 0,
                                109: -0.3016,
                                110: -0.75,
                                111: -1,
                                112: -1,
                                113: -0.7407,
                                114: -0.2593,
                                115: 0,
                                116: 0,
                                117: 0,
                                118: 0,
                                119: 0,
                                120: 0,
                                121: 0,
                            }
                        }

                        over "Brow_R_ctl"
                        {
                            double avars:rz.timeSamples = {
                                1: 0,
                                2: 0,
                                3: 0,
                                4: 0,
                                5: 0,
                                6: 0,
                                7: 0,
                                8: 0,
                                9: 0,
                                10: 0,
                                11: 0,
                                12: 0,
                                13: 0,
                                14: 0,
                                15: 0,
                                16: 0,
                                17: 0,
                                18: 0,
                                19: 0,
                                20: 0,
                                21: 0,
                                22: 0,
                                23: 0,
                                24: 0,
                                25: 0,
                                26: 0,
                                27: 0,
                                28: 0,
                                29: 0,
                                30: 0,
                                31: 0,
                                32: 0,
                                33: 0,
                                34: 0,
                                35: 0,
                                36: 0,
                                37: 0,
                                38: 0,
                                39: 0,
                                40: 0,
                                41: 0,
                                42: 0,
                                43: 0,
                                44: 0,
                                45: -0.4297,
                                46: -1.5625,
                                47: -3.1641,
                                48: -5,
                                49: -6.8359,
                                50: -8.4375,
                                51: -9.5703,
                                52: -10,
                                53: -9.72,
                                54: -8.96,
                                55: -7.84,
                                56: -6.48,
                                57: -5,
                                58: -3.52,
                                59: -2.16,
                                60: -1.04,
                                61: -0.28,
                                62: 0,
                                63: 0,
                                64: 0,
                                65: 0,
                                66: 0,
                                67: 0,
                                68: 0,
                                69: 0,
                                70: 0,
                                71: 0,
                                72: 0,
                                73: 0,
                                74: 0,
                                75: 0,
                                76: 0,
                                77: 0,
                                78: 0,
                                79: 0,
                                80: 0,
                                81: 0,
                                82: 0,
                                83: 0,
                                84: 0,
                                85: 0,
                                86: 0,
                                87: 0,
                                88: 0,
                                89: 0,
                                90: 0,
                                91: 0,
                                92: 0,
                                93: 0,
                                94: 0,
                                95: 0,
                                96: 0,
                                97: 0,
                                98: 0,
                                99: 0,
                                100: 0,
                                101: 0,
                                102: 0,
                                103: 0,
                                104: 0,
                                105: 0,
                                106: 0,
                                107: 0,
                                108: 0,
                                109: 0,
                                110: 0,
                                111: 0,
                                112: 0,
                                113: 0,
                                114: 0,
                                115: 0,
                                116: 0,
                                117: 0,
                                118: 0,
                                119: 0,
                                120: 0,
                                121: 0,
                            }
                            double avars:ty.timeSamples = {
                                1: 0,
                                2: 0.0779,
                                3: 0.1523,
                                4: 0.223,
                                5: 0.2901,
                                6: 0.3533,
                                7: 0.4127,
                                8: 0.4682,
                                9: 0.5197,
                                10: 0.5671,
                                11: 0.6103,
                                12: 0.6493,
                                13: 0.684,
                                14: 0.7143,
                                15: 0.7402,
                                16: 0.7615,
                                17: 0.7782,
                                18: 0.7903,
                                19: 0.7976,
                                20: 0.8,
                                21: 0.7949,
                                22: 0.7804,
                                23: 0.7575,
                                24: 0.7272,
                                25: 0.6906,
                                26: 0.6488,
                                27: 0.6028,
                                28: 0.5536,
                                29: 0.5023,
                                30: 0.45,
                                31: 0.3977,
                                32: 0.3464,
                                33: 0.2972,
                                34: 0.2512,
                                35: 0.2094,
                                36: 0.1728,
                                37: 0.1425,
                                38: 0.1196,
                                39: 0.1051,
                                40: 0.1,
                                41: 0.1011,
                                42: 0.1044,
                                43: 0.1098,
                                44: 0.1171,
                                45: 0.1263,
                                46: 0.1373,
                                47: 0.1499,
                                48: 0.1642,
                                49: 0.1799,
                                50: 0.197,
                                51: 0.2154,
                                52: 0.2349,
                                53: 0.2556,
                                54: 0.2772,
                                55: 0.2997,
                                56: 0.323,
                                57: 0.347,
                                58: 0.3716,
                                59: 0.3967,
                                60: 0.4222,
                                61: 0.448,
                                62: 0.4739,
                                63: 0.5,
                                64: 0.5261,
                                65: 0.552,
                                66: 0.5778,
                                67: 0.6033,
                                68: 0.6284,
                                69: 0.653,
                                70: 0.677,
                                71: 0.7003,
                                72: 0.7228,
                                73: 0.7444,
                                74: 0.7651,
                                75: 0.7846,
                                76: 0.803,
                                77: 0.8201,
                                78: 0.8358,
                                79: 0.8501,
                                80: 0.8627,
                                81: 0.8737,
                                82: 0.8829,
                                83: 0.8902,
                                84: 0.8956,
                                85: 0.8989,
                                86: 0.9,
                                87: 0.881,
                                88: 0.828,
                                89: 0.7465,
                                90: 0.6423,
                                91: 0.521,
                                92: 0.3883,
                                93: 0.25,
                                94: 0.1117,
                                95: -0.021,
                                96: -0.1423,
                                97: -0.2465,
                                98: -0.328,
                                99: -0.381,
                                100: -0.4,
                                101: -0.3921,
                                102: -0.3704,
                                103: -0.3375,
                                104: -0.2963,
                                105: -0.2495,
                                106: -0.2,
                                107: -0.1505,
                                108: -0.1037,
                                109: -0.0625,
                                110: -0.0296,
                                111: -0.0079,
                                112: 0,
                                113: 0,
                                114: 0,
                                115: 0,
                                116: 0,
                                117: 0,
                                118: 0,
                                119: 0,
                                120: 0,
                                121: 0,
                            }
                        }

                        over "Brow_L_ctl"
                        {
                            double avars:rz.timeSamples = {
                                1: 0,
                                2: 0,
                                3: 0,
                                4: 0,
                                5: 0,
                                6: 0,
                                7: 0,
                                8: 0,
                                9: 0,
                                10: 0,
                                11: 0,
                                12: 0,
                                13: 0,
                                14: 0,
                                15: 0,
                                16: 0,
                                17: 0,
                                18: 0,
                                19: 0,
                                20: 0,
                                21: 0,
                                22: 0,
                                23: 0,
                                24: 0,
                                25: 0,
                                26: 0,
                                27: 0,
                                28: 0,
                                29: 0,
                                30: 0,
                                31: 0,
                                32: 0,
                                33: 0,
                                34: 0,
                                35: 0,
                                36: 0,
                                37: 0,
                                38: 0,
                                39: 0,
                                40: 0,
                                41: 0,
                                42: 0,
                                43: 0,
                                44: 0,
                                45: -0.4297,
                                46: -1.5625,
                                47: -3.1641,
                                48: -5,
                                49: -6.8359,
                                50: -8.4375,
                                51: -9.5703,
                                52: -10,
                                53: -9.72,
                                54: -8.96,
                                55: -7.84,
                                56: -6.48,
                                57: -5,
                                58: -3.52,
                                59: -2.16,
                                60: -1.04,
                                61: -0.28,
                                62: 0,
                                63: 0,
                                64: 0,
                                65: 0,
                                66: 0,
                                67: 0,
                                68: 0,
                                69: 0,
                                70: 0,
                                71: 0,
                                72: 0,
                                73: 0,
                                74: 0,
                                75: 0,
                                76: 0,
                                77: 0,
                                78: 0,
                                79: 0,
                                80: 0,
                                81: 0,
                                82: 0,
                                83: 0,
                                84: 0,
                                85: 0,
                                86: 0,
                                87: 0,
                                88: 0,
                                89: 0,
                                90: 0,
                                91: 0,
                                92: 0,
                                93: 0,
                                94: 0,
                                95: 0,
                                96: 0,
                                97: 0,
                                98: 0,
                                99: 0,
                                100: 0,
                                101: 0,
                                102: 0,
                                103: 0,
                                104: 0,
                                105: 0,
                                106: 0,
                                107: 0,
                                108: 0,
                                109: 0,
                                110: 0,
                                111: 0,
                                112: 0,
                                113: 0,
                                114: 0,
                                115: 0,
                                116: 0,
                                117: 0,
                                118: 0,
                                119: 0,
                                120: 0,
                                121: 0,
                            }
                            double avars:ty.timeSamples = {
                                1: 0,
                                2: 0.0779,
                                3: 0.1523,
                                4: 0.223,
                                5: 0.2901,
                                6: 0.3533,
                                7: 0.4127,
                                8: 0.4682,
                                9: 0.5197,
                                10: 0.5671,
                                11: 0.6103,
                                12: 0.6493,
                                13: 0.684,
                                14: 0.7143,
                                15: 0.7402,
                                16: 0.7615,
                                17: 0.7782,
                                18: 0.7903,
                                19: 0.7976,
                                20: 0.8,
                                21: 0.7949,
                                22: 0.7804,
                                23: 0.7575,
                                24: 0.7272,
                                25: 0.6906,
                                26: 0.6488,
                                27: 0.6028,
                                28: 0.5536,
                                29: 0.5023,
                                30: 0.45,
                                31: 0.3977,
                                32: 0.3464,
                                33: 0.2972,
                                34: 0.2512,
                                35: 0.2094,
                                36: 0.1728,
                                37: 0.1425,
                                38: 0.1196,
                                39: 0.1051,
                                40: 0.1,
                                41: 0.1011,
                                42: 0.1044,
                                43: 0.1098,
                                44: 0.1171,
                                45: 0.1263,
                                46: 0.1373,
                                47: 0.1499,
                                48: 0.1642,
                                49: 0.1799,
                                50: 0.197,
                                51: 0.2154,
                                52: 0.2349,
                                53: 0.2556,
                                54: 0.2772,
                                55: 0.2997,
                                56: 0.323,
                                57: 0.347,
                                58: 0.3716,
                                59: 0.3967,
                                60: 0.4222,
                                61: 0.448,
                                62: 0.4739,
                                63: 0.5,
                                64: 0.5261,
                                65: 0.552,
                                66: 0.5778,
                                67: 0.6033,
                                68: 0.6284,
                                69: 0.653,
                                70: 0.677,
                                71: 0.7003,
                                72: 0.7228,
                                73: 0.7444,
                                74: 0.7651,
                                75: 0.7846,
                                76: 0.803,
                                77: 0.8201,
                                78: 0.8358,
                                79: 0.8501,
                                80: 0.8627,
                                81: 0.8737,
                                82: 0.8829,
                                83: 0.8902,
                                84: 0.8956,
                                85: 0.8989,
                                86: 0.9,
                                87: 0.881,
                                88: 0.828,
                                89: 0.7465,
                                90: 0.6423,
                                91: 0.521,
                                92: 0.3883,
                                93: 0.25,
                                94: 0.1117,
                                95: -0.021,
                                96: -0.1423,
                                97: -0.2465,
                                98: -0.328,
                                99: -0.381,
                                100: -0.4,
                                101: -0.3921,
                                102: -0.3704,
                                103: -0.3375,
                                104: -0.2963,
                                105: -0.2495,
                                106: -0.2,
                                107: -0.1505,
                                108: -0.1037,
                                109: -0.0625,
                                110: -0.0296,
                                111: -0.0079,
                                112: 0,
                                113: 0,
                                114: 0,
                                115: 0,
                                116: 0,
                                117: 0,
                                118: 0,
                                119: 0,
                                120: 0,
                                121: 0,
                            }
                        }

                        over "Mouth_ctl"
                        {
                            double avars:rx.timeSamples = {
                                1: 0,
                                2: 0,
                                3: 0,
                                4: 0,
                                5: 0,
                                6: 0,
                                7: 0,
                                8: 0,
                                9: 0,
                                10: 0,
                                11: 0,
                                12: 0,
                                13: 0,
                                14: 0,
                                15: 4.6875,
                                16: 15,
                                17: 25.3125,
                                18: 30,
                                19: 27.7778,
                                20: 22.2222,
                                21: 15,
                                22: 7.7778,
                                23: 2.2222,
                                24: 0,
                                25: 0,
                                26: 0,
                                27: 0,
                                28: 0,
                                29: 0,
                                30: 0,
                                31: 0,
                                32: 0,
                                33: 0,
                                34: 0,
                                35: 0,
                                36: 0,
                                37: 0,
                                38: 0,
                                39: 0,
                                40: 0,
                                41: 3.2812,
                                42: 10.5,
                                43: 17.7188,
                                44: 21,
                                45: 19.4444,
                                46: 15.5556,
                                47: 10.5,
                                48: 5.4444,
                                49: 1.5556,
                                50: 0,
                                51: 0,
                                52: 0,
                                53: 0,
                                54: 0,
                                55: 0,
                                56: 0,
                                57: 0,
                                58: 0,
                                59: 0,
                                60: 0,
                                61: 0,
                                62: 0,
                                63: 0,
                                64: 0,
                                65: 0,
                                66: 0,
                                67: 0,
                                68: 0,
                                69: 0,
                                70: 0,
                                71: 0,
                                72: 0,
                                73: 0,
                                74: 0,
                                75: 0,
                                76: 0,
                                77: 0,
                                78: 0,
                                79: 7.7778,
                                80: 22.2222,
                                81: 30,
                                82: 25.3125,
                                83: 15,
                                84: 4.6875,
                                85: 0,
                                86: 0,
                                87: 0,
                                88: 0,
                                89: 0,
                                90: 3.2812,
                                91: 10.5,
                                92: 17.7188,
                                93: 21,
                                94: 21,
                                95: 21,
                                96: 21,
                                97: 21,
                                98: 18.816,
                                99: 13.608,
                                100: 7.392,
                                101: 2.184,
                                102: 0,
                                103: 0,
                                104: 0,
                                105: 0,
                                106: 0,
                                107: 0,
                                108: 0,
                                109: 0,
                                110: 0,
                                111: 0,
                                112: 0,
                                113: 0,
                                114: 0,
                                115: 0,
                                116: 0,
                                117: 0,
                                118: 0,
                                119: 0,
                                120: 0,
                                121: 0,
                            }
                            double avars:ry.timeSamples = {
                                1: 0,
                                2: 0,
                                3: 0,
                                4: 0,
                                5: 0,
                                6: 0,
                                7: 0,
                                8: 0,
                                9: 0,
                                10: 0,
                                11: 0,
                                12: 0,
                                13: 0,
                                14: 0,
                                15: 0,
                                16: 0,
                                17: 0,
                                18: 0,
                                19: 0,
                                20: 0,
                                21: 0,
                                22: 0,
                                23: 0,
                                24: 0,
                                25: 0,
                                26: 0,
                                27: 0,
                                28: 0,
                                29: 0,
                                30: 0,
                                31: 0,
                                32: 0,
                                33: 0,
                                34: 0,
                                35: 0,
                                36: 0,
                                37: 0,
                                38: 0,
                                39: 0,
                                40: 0,
                                41: -3.2812,
                                42: -10.5,
                                43: -17.7188,
                                44: -21,
                                45: -19.4444,
                                46: -15.5556,
                                47: -10.5,
                                48: -5.4444,
                                49: -1.5556,
                                50: 0,
                                51: 0,
                                52: 0,
                                53: 0,
                                54: 0,
                                55: 0,
                                56: 0,
                                57: 0,
                                58: 0,
                                59: 0,
                                60: 0,
                                61: 0,
                                62: 0,
                                63: 0,
                                64: 0,
                                65: 0,
                                66: 0,
                                67: 0,
                                68: 0,
                                69: 0,
                                70: 0,
                                71: 0,
                                72: 0,
                                73: 0,
                                74: 0,
                                75: 0,
                                76: 0,
                                77: 0,
                                78: 0,
                                79: 0,
                                80: 0,
                                81: 0,
                                82: 4.6875,
                                83: 15,
                                84: 25.3125,
                                85: 30,
                                86: 20.625,
                                87: 0,
                                88: -20.625,
                                89: -30,
                                90: -22.0312,
                                91: -4.5,
                                92: 13.0312,
                                93: 21,
                                94: 14.4375,
                                95: 0,
                                96: -14.4375,
                                97: -21,
                                98: -18.816,
                                99: -13.608,
                                100: -7.392,
                                101: -2.184,
                                102: 0,
                                103: 0,
                                104: 0,
                                105: 0,
                                106: 0,
                                107: 0,
                                108: 0,
                                109: 0,
                                110: 0,
                                111: 0,
                                112: 0,
                                113: 0,
                                114: 0,
                                115: 0,
                                116: 0,
                                117: 0,
                                118: 0,
                                119: 0,
                                120: 0,
                                121: 0,
                            }
                            double avars:rz.timeSamples = {
                                1: 6,
                                2: 6,
                                3: 6,
                                4: 6,
                                5: 6,
                                6: 6,
                                7: 6,
                                8: 6,
                                9: 6,
                                10: 6,
                                11: 6,
                                12: 6,
                                13: 6,
                                14: 6,
                                15: 6,
                                16: 6,
                                17: 6,
                                18: 6,
                                19: 6,
                                20: 6,
                                21: 6,
                                22: 6,
                                23: 6,
                                24: 6,
                                25: 6,
                                26: 6,
                                27: 6,
                                28: 6,
                                29: 6,
                                30: 6,
                                31: 6,
                                32: 6,
                                33: 6,
                                34: 6,
                                35: 6,
                                36: 6,
                                37: 6,
                                38: 6,
                                39: 6,
                                40: 6,
                                41: 6,
                                42: 6,
                                43: 6,
                                44: 6,
                                45: 6,
                                46: 6,
                                47: 6,
                                48: 6,
                                49: 6,
                                50: 6,
                                51: 6,
                                52: 6,
                                53: 6,
                                54: 6,
                                55: 6,
                                56: 6,
                                57: 6,
                                58: 6,
                                59: 6,
                                60: 6,
                                61: 6,
                                62: 6,
                                63: 6,
                                64: 6,
                                65: 6,
                                66: 6,
                                67: 6,
                                68: 6,
                                69: 6,
                                70: 6,
                                71: 6,
                                72: 6,
                                73: 6,
                                74: 6,
                                75: 6,
                                76: 6,
                                77: 6,
                                78: 6,
                                79: 6,
                                80: 6,
                                81: 6,
                                82: 6,
                                83: 6,
                                84: 6,
                                85: 6,
                                86: 6,
                                87: 6,
                                88: 6,
                                89: 6,
                                90: 6,
                                91: 6,
                                92: 6,
                                93: 6,
                                94: 6,
                                95: 6,
                                96: 6,
                                97: 6,
                                98: 6,
                                99: 6,
                                100: 6,
                                101: 6,
                                102: 6,
                                103: 6,
                                104: 6,
                                105: 6.5156,
                                106: 7.875,
                                107: 9.7969,
                                108: 12,
                                109: 14.2031,
                                110: 16.125,
                                111: 17.4844,
                                112: 18,
                                113: 17.8683,
                                114: 17.465,
                                115: 16.7778,
                                116: 15.7942,
                                117: 14.5021,
                                118: 12.8889,
                                119: 10.9424,
                                120: 8.6502,
                                121: 6,
                            }
                        }

                        over "Bang_C_0_ctl"
                        {
                            double avars:rz.timeSamples = {
                                1: -0.3018,
                                2: -0.3619,
                                3: -0.3977,
                                4: -0.3845,
                                5: -0.383,
                                6: -0.3917,
                                7: -0.3934,
                                8: -0.391,
                                9: -0.4167,
                                10: -0.4888,
                                11: -0.5703,
                                12: -0.6252,
                                13: -0.6561,
                                14: -0.6743,
                                15: -0.6786,
                                16: -0.6668,
                                17: -0.6407,
                                18: -0.6017,
                                19: -0.5502,
                                20: -0.4866,
                                21: -0.412,
                                22: -0.3271,
                                23: -0.2326,
                                24: -0.1293,
                                25: -0.018,
                                26: 0.1006,
                                27: 0.1958,
                                28: 0.2366,
                                29: 0.2482,
                                30: 0.2655,
                                31: 0.2936,
                                32: 0.3242,
                                33: 0.3527,
                                34: 0.3792,
                                35: 0.45,
                                36: 0.5975,
                                37: 0.7639,
                                38: 0.8901,
                                39: 0.9794,
                                40: 1.0504,
                                41: 1.1007,
                                42: 1.1267,
                                43: 1.1309,
                                44: 1.1153,
                                45: 1.0802,
                                46: 1.0263,
                                47: 0.9548,
                                48: 0.8667,
                                49: 0.7628,
                                50: 0.6441,
                                51: 0.5116,
                                52: 0.3664,
                                53: 0.2093,
                                54: 0.0414,
                                55: -0.088,
                                56: -0.1299,
                                57: -0.1276,
                                58: -0.1388,
                                59: -0.1637,
                                60: -0.1835,
                                61: -0.2006,
                                62: -0.2206,
                                63: -0.2874,
                                64: -0.4295,
                                65: -0.5859,
                                66: -0.6966,
                                67: -0.7659,
                                68: -0.813,
                                69: -0.836,
                                70: -0.8315,
                                71: -0.8025,
                                72: -0.7515,
                                73: -0.679,
                                74: -0.5864,
                                75: -0.475,
                                76: -0.3463,
                                77: -0.2515,
                                78: -0.2441,
                                79: -0.283,
                                80: -0.309,
                                81: -0.3241,
                                82: -0.3489,
                                83: -0.3767,
                                84: -0.4001,
                                85: -0.422,
                                86: -0.4439,
                                87: -0.4646,
                                88: -0.4837,
                                89: -0.5016,
                                90: -0.5181,
                                91: -0.5331,
                                92: -0.5465,
                                93: -0.5583,
                                94: -0.5685,
                                95: -0.5769,
                                96: -0.5837,
                                97: -0.5887,
                                98: -0.592,
                                99: -0.5935,
                                100: -0.5933,
                                101: -0.5913,
                                102: -0.5876,
                                103: -0.5822,
                                104: -0.5752,
                                105: -0.5665,
                                106: -0.5563,
                                107: -0.5446,
                                108: -0.5315,
                                109: -0.5171,
                                110: -0.5014,
                                111: -0.4845,
                                112: -0.4665,
                                113: -0.4476,
                                114: -0.4277,
                                115: -0.4071,
                                116: -0.3859,
                                117: -0.364,
                                118: -0.3418,
                                119: -0.3193,
                                120: -0.2966,
                                121: -0.3018,
                            }

                            over "Bang_C_1_ctl"
                            {
                                double avars:rz.timeSamples = {
                                    1: -0.3565,
                                    2: -0.3761,
                                    3: -0.3918,
                                    4: -0.3947,
                                    5: -0.3981,
                                    6: -0.4028,
                                    7: -0.4047,
                                    8: -0.4041,
                                    9: -0.4272,
                                    10: -0.4914,
                                    11: -0.5213,
                                    12: -0.4663,
                                    13: -0.3881,
                                    14: -0.3216,
                                    15: -0.2465,
                                    16: -0.1581,
                                    17: -0.0652,
                                    18: 0.0299,
                                    19: 0.1276,
                                    20: 0.2263,
                                    21: 0.3237,
                                    22: 0.4181,
                                    23: 0.5083,
                                    24: 0.5923,
                                    25: 0.6685,
                                    26: 0.7353,
                                    27: 0.7639,
                                    28: 0.7258,
                                    29: 0.6885,
                                    30: 0.7152,
                                    31: 0.7573,
                                    32: 0.7791,
                                    33: 0.7985,
                                    34: 0.8225,
                                    35: 0.8855,
                                    36: 1.0158,
                                    37: 1.0939,
                                    38: 1.0366,
                                    39: 0.9419,
                                    40: 0.8661,
                                    41: 0.7767,
                                    42: 0.6656,
                                    43: 0.5461,
                                    44: 0.4221,
                                    45: 0.2923,
                                    46: 0.1591,
                                    47: 0.0256,
                                    48: -0.1058,
                                    49: -0.2333,
                                    50: -0.3545,
                                    51: -0.4669,
                                    52: -0.5683,
                                    53: -0.6564,
                                    54: -0.7288,
                                    55: -0.7396,
                                    56: -0.6435,
                                    57: -0.552,
                                    58: -0.568,
                                    59: -0.61,
                                    60: -0.6193,
                                    61: -0.6274,
                                    62: -0.6465,
                                    63: -0.707,
                                    64: -0.8339,
                                    65: -0.9051,
                                    66: -0.8403,
                                    67: -0.7435,
                                    68: -0.6724,
                                    69: -0.5941,
                                    70: -0.5015,
                                    71: -0.4095,
                                    72: -0.3227,
                                    73: -0.2409,
                                    74: -0.1673,
                                    75: -0.1063,
                                    76: -0.0609,
                                    77: -0.0791,
                                    78: -0.2112,
                                    79: -0.3452,
                                    80: -0.3722,
                                    81: -0.3724,
                                    82: -0.4069,
                                    83: -0.4435,
                                    84: -0.4687,
                                    85: -0.4934,
                                    86: -0.5197,
                                    87: -0.544,
                                    88: -0.5661,
                                    89: -0.5869,
                                    90: -0.6063,
                                    91: -0.6238,
                                    92: -0.6394,
                                    93: -0.6532,
                                    94: -0.6651,
                                    95: -0.675,
                                    96: -0.6829,
                                    97: -0.6888,
                                    98: -0.6926,
                                    99: -0.6944,
                                    100: -0.6942,
                                    101: -0.6919,
                                    102: -0.6876,
                                    103: -0.6813,
                                    104: -0.6731,
                                    105: -0.6631,
                                    106: -0.6512,
                                    107: -0.6376,
                                    108: -0.6223,
                                    109: -0.6055,
                                    110: -0.5872,
                                    111: -0.5675,
                                    112: -0.5465,
                                    113: -0.5244,
                                    114: -0.5013,
                                    115: -0.4773,
                                    116: -0.4525,
                                    117: -0.4271,
                                    118: -0.4012,
                                    119: -0.3749,
                                    120: -0.3484,
                                    121: -0.3565,
                                }

                                over "Bang_C_2_ctl"
                                {
                                    double avars:rz.timeSamples = {
                                        1: -0.3565,
                                        2: -0.3749,
                                        3: -0.3896,
                                        4: -0.3919,
                                        5: -0.3947,
                                        6: -0.3986,
                                        7: -0.3999,
                                        8: -0.3988,
                                        9: -0.4214,
                                        10: -0.4851,
                                        11: -0.5131,
                                        12: -0.4541,
                                        13: -0.3703,
                                        14: -0.2971,
                                        15: -0.2145,
                                        16: -0.1178,
                                        17: -0.016,
                                        18: 0.0883,
                                        19: 0.1953,
                                        20: 0.3031,
                                        21: 0.4092,
                                        22: 0.5119,
                                        23: 0.6094,
                                        24: 0.6998,
                                        25: 0.7811,
                                        26: 0.8516,
                                        27: 0.8822,
                                        28: 0.8442,
                                        29: 0.8063,
                                        30: 0.8331,
                                        31: 0.8752,
                                        32: 0.8967,
                                        33: 0.9157,
                                        34: 0.9392,
                                        35: 1.0016,
                                        36: 1.1311,
                                        37: 1.2062,
                                        38: 1.142,
                                        39: 1.0377,
                                        40: 0.9505,
                                        41: 0.848,
                                        42: 0.722,
                                        43: 0.5867,
                                        44: 0.4459,
                                        45: 0.2989,
                                        46: 0.1483,
                                        47: -0.0022,
                                        48: -0.1504,
                                        49: -0.2936,
                                        50: -0.4294,
                                        51: -0.5548,
                                        52: -0.6674,
                                        53: -0.7645,
                                        54: -0.8433,
                                        55: -0.8577,
                                        56: -0.762,
                                        57: -0.6698,
                                        58: -0.6859,
                                        59: -0.728,
                                        60: -0.737,
                                        61: -0.7447,
                                        62: -0.7635,
                                        63: -0.8235,
                                        64: -0.9498,
                                        65: -1.0181,
                                        66: -0.9468,
                                        67: -0.8412,
                                        68: -0.7599,
                                        69: -0.6702,
                                        70: -0.5654,
                                        71: -0.4611,
                                        72: -0.3622,
                                        73: -0.269,
                                        74: -0.1853,
                                        75: -0.1159,
                                        76: -0.0642,
                                        77: -0.0789,
                                        78: -0.2106,
                                        79: -0.3454,
                                        80: -0.3723,
                                        81: -0.3723,
                                        82: -0.4069,
                                        83: -0.4435,
                                        84: -0.4687,
                                        85: -0.4934,
                                        86: -0.5197,
                                        87: -0.544,
                                        88: -0.5661,
                                        89: -0.5869,
                                        90: -0.6063,
                                        91: -0.6238,
                                        92: -0.6394,
                                        93: -0.6532,
                                        94: -0.6651,
                                        95: -0.675,
                                        96: -0.6829,
                                        97: -0.6888,
                                        98: -0.6926,
                                        99: -0.6944,
                                        100: -0.6942,
                                        101: -0.6919,
                                        102: -0.6876,
                                        103: -0.6813,
                                        104: -0.6731,
                                        105: -0.6631,
                                        106: -0.6512,
                                        107: -0.6376,
                                        108: -0.6223,
                                        109: -0.6055,
                                        110: -0.5872,
                                        111: -0.5675,
                                        112: -0.5465,
                                        113: -0.5244,
                                        114: -0.5013,
                                        115: -0.4773,
                                        116: -0.4525,
                                        117: -0.4271,
                                        118: -0.4012,
                                        119: -0.3749,
                                        120: -0.3484,
                                        121: -0.3565,
                                    }
                                }
                            }
                        }

                        over "Bang_L1_0_ctl"
                        {
                            double avars:rz.timeSamples = {
                                1: -0.1104,
                                2: -0.1374,
                                3: -0.1412,
                                4: -0.0973,
                                5: -0.0666,
                                6: -0.0475,
                                7: -0.0232,
                                8: 0.0033,
                                9: -0.0004,
                                10: -0.0524,
                                11: -0.116,
                                12: -0.1554,
                                13: -0.1731,
                                14: -0.1807,
                                15: -0.1767,
                                16: -0.1594,
                                17: -0.1303,
                                18: -0.091,
                                19: -0.0417,
                                20: 0.017,
                                21: 0.084,
                                22: 0.1588,
                                23: 0.2407,
                                24: 0.3288,
                                25: 0.4225,
                                26: 0.5211,
                                27: 0.594,
                                28: 0.6105,
                                29: 0.5956,
                                30: 0.5845,
                                31: 0.5824,
                                32: 0.5811,
                                33: 0.5762,
                                34: 0.5678,
                                35: 0.6027,
                                36: 0.7131,
                                37: 0.8416,
                                38: 0.9292,
                                39: 0.9794,
                                40: 1.0109,
                                41: 1.0216,
                                42: 1.008,
                                43: 0.9728,
                                44: 0.9183,
                                45: 0.8448,
                                46: 0.7532,
                                47: 0.645,
                                48: 0.5213,
                                49: 0.383,
                                50: 0.2315,
                                51: 0.0677,
                                52: -0.1072,
                                53: -0.2921,
                                54: -0.4858,
                                55: -0.6388,
                                56: -0.7022,
                                57: -0.719,
                                58: -0.747,
                                59: -0.7863,
                                60: -0.8178,
                                61: -0.8442,
                                62: -0.8708,
                                63: -0.9416,
                                64: -1.085,
                                65: -1.2402,
                                66: -1.347,
                                67: -1.4098,
                                68: -1.4479,
                                69: -1.4593,
                                70: -1.4408,
                                71: -1.3955,
                                72: -1.3258,
                                73: -1.2326,
                                74: -1.1171,
                                75: -0.981,
                                76: -0.8257,
                                77: -0.7027,
                                78: -0.6655,
                                79: -0.6732,
                                80: -0.6668,
                                81: -0.6486,
                                82: -0.639,
                                83: -0.6318,
                                84: -0.6198,
                                85: -0.6058,
                                86: -0.5917,
                                87: -0.5764,
                                88: -0.5598,
                                89: -0.5423,
                                90: -0.5241,
                                91: -0.505,
                                92: -0.4854,
                                93: -0.4652,
                                94: -0.4447,
                                95: -0.4239,
                                96: -0.403,
                                97: -0.382,
                                98: -0.3611,
                                99: -0.3405,
                                100: -0.3202,
                                101: -0.3004,
                                102: -0.2812,
                                103: -0.2626,
                                104: -0.2449,
                                105: -0.2281,
                                106: -0.2123,
                                107: -0.1976,
                                108: -0.1842,
                                109: -0.172,
                                110: -0.1612,
                                111: -0.1518,
                                112: -0.144,
                                113: -0.1377,
                                114: -0.133,
                                115: -0.13,
                                116: -0.1287,
                                117: -0.1292,
                                118: -0.1314,
                                119: -0.1353,
                                120: -0.141,
                                121: -0.1104,
                            }

                            over "Bang_L1_1_ctl"
                            {
                                double avars:rz.timeSamples = {
                                    1: -0.1332,
                                    2: -0.1142,
                                    3: -0.0926,
                                    4: -0.0597,
                                    5: -0.029,
                                    6: -0.0013,
                                    7: 0.0271,
                                    8: 0.0558,
                                    9: 0.0586,
                                    10: 0.0178,
                                    11: 0.0087,
                                    12: 0.0818,
                                    13: 0.1753,
                                    14: 0.2543,
                                    15: 0.339,
                                    16: 0.4338,
                                    17: 0.5303,
                                    18: 0.6258,
                                    19: 0.7209,
                                    20: 0.8138,
                                    21: 0.9024,
                                    22: 0.9851,
                                    23: 1.0604,
                                    24: 1.1267,
                                    25: 1.1824,
                                    26: 1.2259,
                                    27: 1.2286,
                                    28: 1.1619,
                                    29: 1.0937,
                                    30: 1.0874,
                                    31: 1.0942,
                                    32: 1.0787,
                                    33: 1.0592,
                                    34: 1.0426,
                                    35: 1.0636,
                                    36: 1.1507,
                                    37: 1.1846,
                                    38: 1.0822,
                                    39: 0.9418,
                                    40: 0.82,
                                    41: 0.6844,
                                    42: 0.527,
                                    43: 0.3617,
                                    44: 0.1922,
                                    45: 0.0176,
                                    46: -0.1596,
                                    47: -0.3358,
                                    48: -0.5088,
                                    49: -0.6764,
                                    50: -0.8359,
                                    51: -0.9849,
                                    52: -1.1208,
                                    53: -1.2413,
                                    54: -1.3438,
                                    55: -1.3822,
                                    56: -1.3111,
                                    57: -1.242,
                                    58: -1.2776,
                                    59: -1.3363,
                                    60: -1.3594,
                                    61: -1.3782,
                                    62: -1.4051,
                                    63: -1.4703,
                                    64: -1.5987,
                                    65: -1.6684,
                                    66: -1.5991,
                                    67: -1.4947,
                                    68: -1.4131,
                                    69: -1.3213,
                                    70: -1.2124,
                                    71: -1.1013,
                                    72: -0.9929,
                                    73: -0.8868,
                                    74: -0.7866,
                                    75: -0.6967,
                                    76: -0.6202,
                                    77: -0.6055,
                                    78: -0.7027,
                                    79: -0.8004,
                                    80: -0.7896,
                                    81: -0.7509,
                                    82: -0.7453,
                                    83: -0.7411,
                                    84: -0.7249,
                                    85: -0.7078,
                                    86: -0.6921,
                                    87: -0.6745,
                                    88: -0.6549,
                                    89: -0.6345,
                                    90: -0.6133,
                                    91: -0.5911,
                                    92: -0.5681,
                                    93: -0.5447,
                                    94: -0.5207,
                                    95: -0.4965,
                                    96: -0.4721,
                                    97: -0.4476,
                                    98: -0.4233,
                                    99: -0.3993,
                                    100: -0.3756,
                                    101: -0.3525,
                                    102: -0.3301,
                                    103: -0.3085,
                                    104: -0.2879,
                                    105: -0.2683,
                                    106: -0.2499,
                                    107: -0.2328,
                                    108: -0.2171,
                                    109: -0.2029,
                                    110: -0.1903,
                                    111: -0.1794,
                                    112: -0.1702,
                                    113: -0.1629,
                                    114: -0.1575,
                                    115: -0.154,
                                    116: -0.1526,
                                    117: -0.1531,
                                    118: -0.1556,
                                    119: -0.1603,
                                    120: -0.1669,
                                    121: -0.1332,
                                }

                                over "Bang_L1_2_ctl"
                                {
                                    double avars:rz.timeSamples = {
                                        1: -0.1332,
                                        2: -0.113,
                                        3: -0.0904,
                                        4: -0.0569,
                                        5: -0.0255,
                                        6: 0.0029,
                                        7: 0.0319,
                                        8: 0.0612,
                                        9: 0.0644,
                                        10: 0.0241,
                                        11: 0.0168,
                                        12: 0.094,
                                        13: 0.1932,
                                        14: 0.2788,
                                        15: 0.3709,
                                        16: 0.4742,
                                        17: 0.5795,
                                        18: 0.6842,
                                        19: 0.7885,
                                        20: 0.8906,
                                        21: 0.9879,
                                        22: 1.0788,
                                        23: 1.1615,
                                        24: 1.2342,
                                        25: 1.295,
                                        26: 1.3422,
                                        27: 1.3469,
                                        28: 1.2803,
                                        29: 1.2116,
                                        30: 1.2053,
                                        31: 1.2121,
                                        32: 1.1964,
                                        33: 1.1764,
                                        34: 1.1593,
                                        35: 1.1797,
                                        36: 1.266,
                                        37: 1.2969,
                                        38: 1.1876,
                                        39: 1.0376,
                                        40: 0.9044,
                                        41: 0.7556,
                                        42: 0.5835,
                                        43: 0.4022,
                                        44: 0.216,
                                        45: 0.0242,
                                        46: -0.1703,
                                        47: -0.3637,
                                        48: -0.5533,
                                        49: -0.7367,
                                        50: -0.9108,
                                        51: -1.0728,
                                        52: -1.22,
                                        53: -1.3494,
                                        54: -1.4583,
                                        55: -1.5003,
                                        56: -1.4297,
                                        57: -1.3598,
                                        58: -1.3955,
                                        59: -1.4543,
                                        60: -1.4771,
                                        61: -1.4955,
                                        62: -1.522,
                                        63: -1.5867,
                                        64: -1.7146,
                                        65: -1.7815,
                                        66: -1.7056,
                                        67: -1.5924,
                                        68: -1.5006,
                                        69: -1.3974,
                                        70: -1.2763,
                                        71: -1.1529,
                                        72: -1.0323,
                                        73: -0.9148,
                                        74: -0.8045,
                                        75: -0.7062,
                                        76: -0.6235,
                                        77: -0.6052,
                                        78: -0.7022,
                                        79: -0.8007,
                                        80: -0.7898,
                                        81: -0.7508,
                                        82: -0.7453,
                                        83: -0.7412,
                                        84: -0.7249,
                                        85: -0.7078,
                                        86: -0.6921,
                                        87: -0.6745,
                                        88: -0.6549,
                                        89: -0.6345,
                                        90: -0.6133,
                                        91: -0.5911,
                                        92: -0.5681,
                                        93: -0.5447,
                                        94: -0.5207,
                                        95: -0.4965,
                                        96: -0.4721,
                                        97: -0.4476,
                                        98: -0.4233,
                                        99: -0.3993,
                                        100: -0.3756,
                                        101: -0.3525,
                                        102: -0.3301,
                                        103: -0.3085,
                                        104: -0.2879,
                                        105: -0.2683,
                                        106: -0.2499,
                                        107: -0.2328,
                                        108: -0.2171,
                                        109: -0.2029,
                                        110: -0.1903,
                                        111: -0.1794,
                                        112: -0.1702,
                                        113: -0.1629,
                                        114: -0.1575,
                                        115: -0.154,
                                        116: -0.1526,
                                        117: -0.1531,
                                        118: -0.1556,
                                        119: -0.1603,
                                        120: -0.1669,
                                        121: -0.1332,
                                    }
                                }
                            }
                        }

                        over "Bang_R1_0_ctl"
                        {
                            double avars:rz.timeSamples = {
                                1: 0.3676,
                                2: 0.3294,
                                3: 0.3123,
                                4: 0.3407,
                                5: 0.3539,
                                6: 0.3536,
                                7: 0.3567,
                                8: 0.3604,
                                9: 0.3325,
                                10: 0.2549,
                                11: 0.1646,
                                12: 0.0975,
                                13: 0.0512,
                                14: 0.0145,
                                15: -0.0112,
                                16: -0.0237,
                                17: -0.0246,
                                18: -0.0151,
                                19: 0.0046,
                                20: 0.0341,
                                21: 0.0727,
                                22: 0.1198,
                                23: 0.1749,
                                24: 0.2376,
                                25: 0.3071,
                                26: 0.383,
                                27: 0.4348,
                                28: 0.4319,
                                29: 0.3997,
                                30: 0.3731,
                                31: 0.3578,
                                32: 0.3455,
                                33: 0.3319,
                                34: 0.3173,
                                35: 0.3483,
                                36: 0.4576,
                                37: 0.5873,
                                38: 0.6789,
                                39: 0.7357,
                                40: 0.7764,
                                41: 0.7989,
                                42: 0.7998,
                                43: 0.7817,
                                44: 0.7467,
                                45: 0.6953,
                                46: 0.6283,
                                47: 0.5468,
                                48: 0.4521,
                                49: 0.3451,
                                50: 0.2267,
                                51: 0.098,
                                52: -0.0401,
                                53: -0.1864,
                                54: -0.3402,
                                55: -0.4519,
                                56: -0.473,
                                57: -0.4464,
                                58: -0.4302,
                                59: -0.4246,
                                60: -0.4108,
                                61: -0.3916,
                                62: -0.3726,
                                63: -0.3978,
                                64: -0.4959,
                                65: -0.6063,
                                66: -0.6689,
                                67: -0.6884,
                                68: -0.6841,
                                69: -0.6543,
                                70: -0.5959,
                                71: -0.5122,
                                72: -0.4058,
                                73: -0.2776,
                                74: -0.129,
                                75: 0.0383,
                                76: 0.2225,
                                77: 0.3722,
                                78: 0.4338,
                                79: 0.448,
                                80: 0.4739,
                                81: 0.5091,
                                82: 0.533,
                                83: 0.5519,
                                84: 0.573,
                                85: 0.5935,
                                86: 0.6114,
                                87: 0.6279,
                                88: 0.6431,
                                89: 0.6567,
                                90: 0.6686,
                                91: 0.6788,
                                92: 0.6874,
                                93: 0.6942,
                                94: 0.6992,
                                95: 0.7025,
                                96: 0.7041,
                                97: 0.7039,
                                98: 0.7019,
                                99: 0.6983,
                                100: 0.693,
                                101: 0.6861,
                                102: 0.6776,
                                103: 0.6676,
                                104: 0.6562,
                                105: 0.6434,
                                106: 0.6293,
                                107: 0.614,
                                108: 0.5976,
                                109: 0.5802,
                                110: 0.5619,
                                111: 0.5428,
                                112: 0.5229,
                                113: 0.5025,
                                114: 0.4817,
                                115: 0.4605,
                                116: 0.4391,
                                117: 0.4175,
                                118: 0.396,
                                119: 0.3747,
                                120: 0.3536,
                                121: 0.3676,
                            }

                            over "Bang_R1_1_ctl"
                            {
                                double avars:rz.timeSamples = {
                                    1: 0.4244,
                                    2: 0.4304,
                                    3: 0.4364,
                                    4: 0.4513,
                                    5: 0.4616,
                                    6: 0.4666,
                                    7: 0.4704,
                                    8: 0.4725,
                                    9: 0.4469,
                                    10: 0.3763,
                                    11: 0.336,
                                    12: 0.3768,
                                    13: 0.437,
                                    14: 0.4821,
                                    15: 0.5321,
                                    16: 0.5922,
                                    17: 0.6536,
                                    18: 0.7143,
                                    19: 0.7749,
                                    20: 0.8338,
                                    21: 0.8891,
                                    22: 0.9395,
                                    23: 0.9837,
                                    24: 1.0203,
                                    25: 1.0477,
                                    26: 1.0647,
                                    27: 1.0428,
                                    28: 0.9536,
                                    29: 0.8651,
                                    30: 0.8408,
                                    31: 0.8321,
                                    32: 0.8039,
                                    33: 0.7742,
                                    34: 0.7503,
                                    35: 0.7669,
                                    36: 0.8525,
                                    37: 0.888,
                                    38: 0.7902,
                                    39: 0.6575,
                                    40: 0.5464,
                                    41: 0.4247,
                                    42: 0.2842,
                                    43: 0.1387,
                                    44: -0.0079,
                                    45: -0.1568,
                                    46: -0.3054,
                                    47: -0.4504,
                                    48: -0.5895,
                                    49: -0.7207,
                                    50: -0.8415,
                                    51: -0.9495,
                                    52: -1.0425,
                                    53: -1.1181,
                                    54: -1.1739,
                                    55: -1.1642,
                                    56: -1.0437,
                                    57: -0.9239,
                                    58: -0.9079,
                                    59: -0.9143,
                                    60: -0.8845,
                                    61: -0.8502,
                                    62: -0.8238,
                                    63: -0.8358,
                                    64: -0.9114,
                                    65: -0.9288,
                                    66: -0.808,
                                    67: -0.653,
                                    68: -0.522,
                                    69: -0.3821,
                                    70: -0.2267,
                                    71: -0.0708,
                                    72: 0.0806,
                                    73: 0.2275,
                                    74: 0.3663,
                                    75: 0.4925,
                                    76: 0.6027,
                                    77: 0.6486,
                                    78: 0.5797,
                                    79: 0.5076,
                                    80: 0.5411,
                                    81: 0.5997,
                                    82: 0.6219,
                                    83: 0.6398,
                                    84: 0.6667,
                                    85: 0.6913,
                                    86: 0.7115,
                                    87: 0.7306,
                                    88: 0.7485,
                                    89: 0.7644,
                                    90: 0.7782,
                                    91: 0.7901,
                                    92: 0.8001,
                                    93: 0.808,
                                    94: 0.8139,
                                    95: 0.8177,
                                    96: 0.8195,
                                    97: 0.8192,
                                    98: 0.8169,
                                    99: 0.8127,
                                    100: 0.8065,
                                    101: 0.7984,
                                    102: 0.7885,
                                    103: 0.7768,
                                    104: 0.7635,
                                    105: 0.7485,
                                    106: 0.732,
                                    107: 0.7142,
                                    108: 0.695,
                                    109: 0.6747,
                                    110: 0.6533,
                                    111: 0.6309,
                                    112: 0.6078,
                                    113: 0.584,
                                    114: 0.5596,
                                    115: 0.5349,
                                    116: 0.5099,
                                    117: 0.4847,
                                    118: 0.4596,
                                    119: 0.4347,
                                    120: 0.4101,
                                    121: 0.4244,
                                }

                                over "Bang_R1_2_ctl"
                                {
                                    double avars:rz.timeSamples = {
                                        1: 0.4244,
                                        2: 0.4317,
                                        3: 0.4386,
                                        4: 0.4541,
                                        5: 0.4651,
                                        6: 0.4708,
                                        7: 0.4752,
                                        8: 0.4778,
                                        9: 0.4528,
                                        10: 0.3826,
                                        11: 0.3442,
                                        12: 0.3891,
                                        13: 0.4549,
                                        14: 0.5065,
                                        15: 0.5641,
                                        16: 0.6325,
                                        17: 0.7029,
                                        18: 0.7727,
                                        19: 0.8425,
                                        20: 0.9106,
                                        21: 0.9747,
                                        22: 1.0333,
                                        23: 1.0849,
                                        24: 1.1278,
                                        25: 1.1604,
                                        26: 1.181,
                                        27: 1.1611,
                                        28: 1.072,
                                        29: 0.983,
                                        30: 0.9587,
                                        31: 0.9501,
                                        32: 0.9215,
                                        33: 0.8914,
                                        34: 0.867,
                                        35: 0.8829,
                                        36: 0.9678,
                                        37: 1.0002,
                                        38: 0.8955,
                                        39: 0.7533,
                                        40: 0.6309,
                                        41: 0.4959,
                                        42: 0.3406,
                                        43: 0.1792,
                                        44: 0.0159,
                                        45: -0.1502,
                                        46: -0.3161,
                                        47: -0.4782,
                                        48: -0.634,
                                        49: -0.781,
                                        50: -0.9164,
                                        51: -1.0375,
                                        52: -1.1416,
                                        53: -1.2262,
                                        54: -1.2885,
                                        55: -1.2824,
                                        56: -1.1622,
                                        57: -1.0417,
                                        58: -1.0258,
                                        59: -1.0323,
                                        60: -1.0022,
                                        61: -0.9675,
                                        62: -0.9408,
                                        63: -0.9523,
                                        64: -1.0274,
                                        65: -1.0419,
                                        66: -0.9145,
                                        67: -0.7507,
                                        68: -0.6095,
                                        69: -0.4582,
                                        70: -0.2906,
                                        71: -0.1224,
                                        72: 0.0411,
                                        73: 0.1994,
                                        74: 0.3483,
                                        75: 0.4829,
                                        76: 0.5993,
                                        77: 0.6488,
                                        78: 0.5803,
                                        79: 0.5074,
                                        80: 0.541,
                                        81: 0.5998,
                                        82: 0.622,
                                        83: 0.6398,
                                        84: 0.6667,
                                        85: 0.6913,
                                        86: 0.7115,
                                        87: 0.7306,
                                        88: 0.7485,
                                        89: 0.7644,
                                        90: 0.7782,
                                        91: 0.7901,
                                        92: 0.8001,
                                        93: 0.808,
                                        94: 0.8139,
                                        95: 0.8177,
                                        96: 0.8195,
                                        97: 0.8192,
                                        98: 0.8169,
                                        99: 0.8127,
                                        100: 0.8065,
                                        101: 0.7984,
                                        102: 0.7885,
                                        103: 0.7768,
                                        104: 0.7635,
                                        105: 0.7485,
                                        106: 0.732,
                                        107: 0.7142,
                                        108: 0.695,
                                        109: 0.6747,
                                        110: 0.6533,
                                        111: 0.6309,
                                        112: 0.6078,
                                        113: 0.584,
                                        114: 0.5596,
                                        115: 0.5349,
                                        116: 0.5099,
                                        117: 0.4847,
                                        118: 0.4596,
                                        119: 0.4347,
                                        120: 0.4101,
                                        121: 0.4244,
                                    }
                                }
                            }
                        }

                        over "Bang_L2_0_ctl"
                        {
                            double avars:rz.timeSamples = {
                                1: 0.053,
                                2: -0.0154,
                                3: -0.0611,
                                4: -0.0593,
                                5: -0.0709,
                                6: -0.0939,
                                7: -0.1113,
                                8: -0.1259,
                                9: -0.1696,
                                10: -0.2607,
                                11: -0.362,
                                12: -0.4375,
                                13: -0.4895,
                                14: -0.5294,
                                15: -0.5556,
                                16: -0.5661,
                                17: -0.5623,
                                18: -0.5454,
                                19: -0.5158,
                                20: -0.4739,
                                21: -0.4205,
                                22: -0.3561,
                                23: -0.2814,
                                24: -0.197,
                                25: -0.1036,
                                26: -0.0019,
                                27: 0.0776,
                                28: 0.1041,
                                29: 0.1028,
                                30: 0.1086,
                                31: 0.1269,
                                32: 0.1493,
                                33: 0.1714,
                                34: 0.1932,
                                35: 0.2612,
                                36: 0.4078,
                                37: 0.5752,
                                38: 0.7043,
                                39: 0.7985,
                                40: 0.8763,
                                41: 0.9354,
                                42: 0.9722,
                                43: 0.9891,
                                44: 0.988,
                                45: 0.9693,
                                46: 0.9336,
                                47: 0.882,
                                48: 0.8154,
                                49: 0.7346,
                                50: 0.6406,
                                51: 0.5341,
                                52: 0.4162,
                                53: 0.2877,
                                54: 0.1494,
                                55: 0.0507,
                                56: 0.0402,
                                57: 0.0748,
                                58: 0.0964,
                                59: 0.1048,
                                60: 0.1187,
                                61: 0.1353,
                                62: 0.1492,
                                63: 0.1163,
                                64: 0.0078,
                                65: -0.1154,
                                66: -0.1933,
                                67: -0.2304,
                                68: -0.246,
                                69: -0.2384,
                                70: -0.2043,
                                71: -0.1468,
                                72: -0.0685,
                                73: 0.0299,
                                74: 0.1472,
                                75: 0.2816,
                                76: 0.4318,
                                77: 0.5464,
                                78: 0.5719,
                                79: 0.5493,
                                80: 0.5378,
                                81: 0.5352,
                                82: 0.5211,
                                83: 0.502,
                                84: 0.4853,
                                85: 0.4682,
                                86: 0.4492,
                                87: 0.4294,
                                88: 0.4092,
                                89: 0.3885,
                                90: 0.3673,
                                91: 0.3458,
                                92: 0.3241,
                                93: 0.3024,
                                94: 0.2807,
                                95: 0.2592,
                                96: 0.2381,
                                97: 0.2173,
                                98: 0.1972,
                                99: 0.1776,
                                100: 0.1589,
                                101: 0.141,
                                102: 0.1242,
                                103: 0.1084,
                                104: 0.0938,
                                105: 0.0804,
                                106: 0.0684,
                                107: 0.0579,
                                108: 0.0488,
                                109: 0.0413,
                                110: 0.0354,
                                111: 0.0311,
                                112: 0.0285,
                                113: 0.0277,
                                114: 0.0286,
                                115: 0.0312,
                                116: 0.0356,
                                117: 0.0418,
                                118: 0.0497,
                                119: 0.0593,
                                120: 0.0706,
                                121: 0.053,
                            }

                            over "Bang_L2_1_ctl"
                            {
                                double avars:rz.timeSamples = {
                                    1: 0.0574,
                                    2: 0.0282,
                                    3: 0.0009,
                                    4: -0.0154,
                                    5: -0.034,
                                    6: -0.0554,
                                    7: -0.0756,
                                    8: -0.0948,
                                    9: -0.1389,
                                    10: -0.2252,
                                    11: -0.2783,
                                    12: -0.2473,
                                    13: -0.1938,
                                    14: -0.1525,
                                    15: -0.1031,
                                    16: -0.0406,
                                    17: 0.0264,
                                    18: 0.0956,
                                    19: 0.1677,
                                    20: 0.2411,
                                    21: 0.3138,
                                    22: 0.3843,
                                    23: 0.4513,
                                    24: 0.5133,
                                    25: 0.5685,
                                    26: 0.6156,
                                    27: 0.626,
                                    28: 0.5711,
                                    29: 0.5187,
                                    30: 0.5322,
                                    31: 0.5628,
                                    32: 0.575,
                                    33: 0.587,
                                    34: 0.6055,
                                    35: 0.6653,
                                    36: 0.7945,
                                    37: 0.8738,
                                    38: 0.8199,
                                    39: 0.7308,
                                    40: 0.663,
                                    41: 0.5839,
                                    42: 0.4853,
                                    43: 0.3806,
                                    44: 0.2735,
                                    45: 0.1628,
                                    46: 0.0508,
                                    47: -0.0594,
                                    48: -0.1657,
                                    49: -0.2662,
                                    50: -0.3586,
                                    51: -0.4407,
                                    52: -0.5101,
                                    53: -0.5649,
                                    54: -0.6027,
                                    55: -0.5778,
                                    56: -0.4449,
                                    57: -0.3159,
                                    58: -0.2936,
                                    59: -0.2967,
                                    60: -0.2668,
                                    61: -0.2354,
                                    62: -0.215,
                                    63: -0.2361,
                                    64: -0.3237,
                                    65: -0.3561,
                                    66: -0.2531,
                                    67: -0.1187,
                                    68: -0.011,
                                    69: 0.103,
                                    70: 0.2302,
                                    71: 0.3554,
                                    72: 0.4741,
                                    73: 0.5862,
                                    74: 0.6884,
                                    75: 0.7764,
                                    76: 0.8468,
                                    77: 0.8518,
                                    78: 0.7408,
                                    79: 0.6258,
                                    80: 0.6157,
                                    81: 0.6301,
                                    82: 0.6081,
                                    83: 0.5816,
                                    84: 0.5643,
                                    85: 0.5452,
                                    86: 0.5223,
                                    87: 0.499,
                                    88: 0.4757,
                                    89: 0.4515,
                                    90: 0.4266,
                                    91: 0.4015,
                                    92: 0.3762,
                                    93: 0.3509,
                                    94: 0.3256,
                                    95: 0.3005,
                                    96: 0.2758,
                                    97: 0.2516,
                                    98: 0.228,
                                    99: 0.2052,
                                    100: 0.1833,
                                    101: 0.1625,
                                    102: 0.1428,
                                    103: 0.1243,
                                    104: 0.1073,
                                    105: 0.0917,
                                    106: 0.0777,
                                    107: 0.0653,
                                    108: 0.0547,
                                    109: 0.0459,
                                    110: 0.039,
                                    111: 0.034,
                                    112: 0.031,
                                    113: 0.03,
                                    114: 0.031,
                                    115: 0.0341,
                                    116: 0.0392,
                                    117: 0.0464,
                                    118: 0.0555,
                                    119: 0.0667,
                                    120: 0.0799,
                                    121: 0.0574,
                                }

                                over "Bang_L2_2_ctl"
                                {
                                    double avars:rz.timeSamples = {
                                        1: 0.0574,
                                        2: 0.0294,
                                        3: 0.0031,
                                        4: -0.0126,
                                        5: -0.0305,
                                        6: -0.0513,
                                        7: -0.0709,
                                        8: -0.0895,
                                        9: -0.1331,
                                        10: -0.2189,
                                        11: -0.2701,
                                        12: -0.2351,
                                        13: -0.176,
                                        14: -0.1281,
                                        15: -0.0711,
                                        16: -0.0003,
                                        17: 0.0756,
                                        18: 0.154,
                                        19: 0.2354,
                                        20: 0.3179,
                                        21: 0.3994,
                                        22: 0.4781,
                                        23: 0.5525,
                                        24: 0.6208,
                                        25: 0.6812,
                                        26: 0.7319,
                                        27: 0.7443,
                                        28: 0.6895,
                                        29: 0.6366,
                                        30: 0.6501,
                                        31: 0.6807,
                                        32: 0.6926,
                                        33: 0.7041,
                                        34: 0.7222,
                                        35: 0.7813,
                                        36: 0.9098,
                                        37: 0.986,
                                        38: 0.9252,
                                        39: 0.8266,
                                        40: 0.7475,
                                        41: 0.6552,
                                        42: 0.5417,
                                        43: 0.4211,
                                        44: 0.2974,
                                        45: 0.1695,
                                        46: 0.0401,
                                        47: -0.0873,
                                        48: -0.2102,
                                        49: -0.3265,
                                        50: -0.4335,
                                        51: -0.5286,
                                        52: -0.6093,
                                        53: -0.673,
                                        54: -0.7173,
                                        55: -0.6959,
                                        56: -0.5635,
                                        57: -0.4337,
                                        58: -0.4115,
                                        59: -0.4147,
                                        60: -0.3845,
                                        61: -0.3528,
                                        62: -0.332,
                                        63: -0.3526,
                                        64: -0.4396,
                                        65: -0.4691,
                                        66: -0.3595,
                                        67: -0.2164,
                                        68: -0.0984,
                                        69: 0.0269,
                                        70: 0.1663,
                                        71: 0.3039,
                                        72: 0.4346,
                                        73: 0.5581,
                                        74: 0.6705,
                                        75: 0.7668,
                                        76: 0.8435,
                                        77: 0.852,
                                        78: 0.7414,
                                        79: 0.6256,
                                        80: 0.6155,
                                        81: 0.6302,
                                        82: 0.6081,
                                        83: 0.5816,
                                        84: 0.5643,
                                        85: 0.5452,
                                        86: 0.5223,
                                        87: 0.499,
                                        88: 0.4757,
                                        89: 0.4515,
                                        90: 0.4266,
                                        91: 0.4015,
                                        92: 0.3762,
                                        93: 0.3509,
                                        94: 0.3256,
                                        95: 0.3005,
                                        96: 0.2758,
                                        97: 0.2516,
                                        98: 0.228,
                                        99: 0.2052,
                                        100: 0.1833,
                                        101: 0.1625,
                                        102: 0.1428,
                                        103: 0.1243,
                                        104: 0.1073,
                                        105: 0.0917,
                                        106: 0.0777,
                                        107: 0.0653,
                                        108: 0.0547,
                                        109: 0.0459,
                                        110: 0.039,
                                        111: 0.034,
                                        112: 0.031,
                                        113: 0.03,
                                        114: 0.031,
                                        115: 0.0341,
                                        116: 0.0392,
                                        117: 0.0464,
                                        118: 0.0555,
                                        119: 0.0667,
                                        120: 0.0799,
                                        121: 0.0574,
                                    }
                                }
                            }
                        }

                        over "Bang_R2_0_ctl"
                        {
                            double avars:rz.timeSamples = {
                                1: -0.3439,
                                2: -0.3934,
                                3: -0.4183,
                                4: -0.3943,
                                5: -0.3819,
                                6: -0.3797,
                                7: -0.3707,
                                8: -0.3577,
                                9: -0.3731,
                                10: -0.4352,
                                11: -0.5069,
                                12: -0.5525,
                                13: -0.5745,
                                14: -0.5844,
                                15: -0.5809,
                                16: -0.562,
                                17: -0.5294,
                                18: -0.4846,
                                19: -0.428,
                                20: -0.3601,
                                21: -0.282,
                                22: -0.1944,
                                23: -0.0981,
                                24: 0.0062,
                                25: 0.1176,
                                26: 0.2354,
                                27: 0.3288,
                                28: 0.3671,
                                29: 0.3752,
                                30: 0.3881,
                                31: 0.411,
                                32: 0.4355,
                                33: 0.457,
                                34: 0.4757,
                                35: 0.538,
                                36: 0.6762,
                                37: 0.8325,
                                38: 0.948,
                                39: 1.026,
                                40: 1.0851,
                                41: 1.1229,
                                42: 1.136,
                                43: 1.1268,
                                44: 1.0974,
                                45: 1.0481,
                                46: 0.9799,
                                47: 0.8938,
                                48: 0.7909,
                                49: 0.6722,
                                50: 0.5387,
                                51: 0.3914,
                                52: 0.2315,
                                53: 0.0599,
                                54: -0.1223,
                                55: -0.2656,
                                56: -0.3213,
                                57: -0.3322,
                                58: -0.3562,
                                59: -0.3933,
                                60: -0.4248,
                                61: -0.453,
                                62: -0.4835,
                                63: -0.56,
                                64: -0.7111,
                                65: -0.8758,
                                66: -0.9939,
                                67: -1.0698,
                                68: -1.1227,
                                69: -1.1506,
                                70: -1.1501,
                                71: -1.1243,
                                72: -1.0755,
                                73: -1.0044,
                                74: -0.9122,
                                75: -0.8004,
                                76: -0.6703,
                                77: -0.5734,
                                78: -0.563,
                                79: -0.598,
                                80: -0.6194,
                                81: -0.6292,
                                82: -0.6478,
                                83: -0.6688,
                                84: -0.6849,
                                85: -0.6988,
                                86: -0.7121,
                                87: -0.7238,
                                88: -0.7335,
                                89: -0.7414,
                                90: -0.7478,
                                91: -0.7523,
                                92: -0.7551,
                                93: -0.7561,
                                94: -0.7554,
                                95: -0.753,
                                96: -0.7489,
                                97: -0.7432,
                                98: -0.7358,
                                99: -0.727,
                                100: -0.7167,
                                101: -0.705,
                                102: -0.692,
                                103: -0.6778,
                                104: -0.6624,
                                105: -0.646,
                                106: -0.6287,
                                107: -0.6105,
                                108: -0.5916,
                                109: -0.572,
                                110: -0.552,
                                111: -0.5316,
                                112: -0.511,
                                113: -0.4902,
                                114: -0.4694,
                                115: -0.4487,
                                116: -0.4282,
                                117: -0.4081,
                                118: -0.3885,
                                119: -0.3694,
                                120: -0.3511,
                                121: -0.3439,
                            }

                            over "Bang_R2_1_ctl"
                            {
                                double avars:rz.timeSamples = {
                                    1: -0.4056,
                                    2: -0.4128,
                                    3: -0.4159,
                                    4: -0.4061,
                                    5: -0.3968,
                                    6: -0.3888,
                                    7: -0.3782,
                                    8: -0.3653,
                                    9: -0.3763,
                                    10: -0.4288,
                                    11: -0.4473,
                                    12: -0.3815,
                                    13: -0.293,
                                    14: -0.2167,
                                    15: -0.1326,
                                    16: -0.0359,
                                    17: 0.0647,
                                    18: 0.1665,
                                    19: 0.2702,
                                    20: 0.3739,
                                    21: 0.4753,
                                    22: 0.5729,
                                    23: 0.6652,
                                    24: 0.7504,
                                    25: 0.8267,
                                    26: 0.8925,
                                    27: 0.9192,
                                    28: 0.878,
                                    29: 0.8366,
                                    30: 0.8583,
                                    31: 0.8942,
                                    32: 0.9089,
                                    33: 0.9202,
                                    34: 0.9351,
                                    35: 0.9882,
                                    36: 1.1076,
                                    37: 1.174,
                                    38: 1.1043,
                                    39: 0.9962,
                                    40: 0.9066,
                                    41: 0.8026,
                                    42: 0.6763,
                                    43: 0.5412,
                                    44: 0.4011,
                                    45: 0.2548,
                                    46: 0.1048,
                                    47: -0.0456,
                                    48: -0.1943,
                                    49: -0.339,
                                    50: -0.4775,
                                    51: -0.6071,
                                    52: -0.7257,
                                    53: -0.8307,
                                    54: -0.9197,
                                    55: -0.9469,
                                    56: -0.8667,
                                    57: -0.7907,
                                    58: -0.8216,
                                    59: -0.8779,
                                    60: -0.9009,
                                    61: -0.9219,
                                    62: -0.9532,
                                    63: -1.0251,
                                    64: -1.1624,
                                    65: -1.2432,
                                    66: -1.1872,
                                    67: -1.0981,
                                    68: -1.0338,
                                    69: -0.9612,
                                    70: -0.8732,
                                    71: -0.7849,
                                    72: -0.7007,
                                    73: -0.6205,
                                    74: -0.5474,
                                    75: -0.4859,
                                    76: -0.439,
                                    77: -0.4546,
                                    78: -0.5831,
                                    79: -0.7127,
                                    80: -0.7343,
                                    81: -0.7283,
                                    82: -0.7556,
                                    83: -0.7844,
                                    84: -0.8009,
                                    85: -0.8163,
                                    86: -0.8326,
                                    87: -0.8464,
                                    88: -0.8574,
                                    89: -0.8668,
                                    90: -0.8742,
                                    91: -0.8795,
                                    92: -0.8828,
                                    93: -0.884,
                                    94: -0.8832,
                                    95: -0.8804,
                                    96: -0.8756,
                                    97: -0.869,
                                    98: -0.8605,
                                    99: -0.8502,
                                    100: -0.8382,
                                    101: -0.8246,
                                    102: -0.8094,
                                    103: -0.7929,
                                    104: -0.775,
                                    105: -0.7558,
                                    106: -0.7356,
                                    107: -0.7144,
                                    108: -0.6924,
                                    109: -0.6696,
                                    110: -0.6463,
                                    111: -0.6225,
                                    112: -0.5984,
                                    113: -0.5742,
                                    114: -0.5499,
                                    115: -0.5258,
                                    116: -0.5019,
                                    117: -0.4785,
                                    118: -0.4556,
                                    119: -0.4334,
                                    120: -0.412,
                                    121: -0.4056,
                                }

                                over "Bang_R2_2_ctl"
                                {
                                    double avars:rz.timeSamples = {
                                        1: -0.4056,
                                        2: -0.4116,
                                        3: -0.4137,
                                        4: -0.4033,
                                        5: -0.3934,
                                        6: -0.3847,
                                        7: -0.3734,
                                        8: -0.36,
                                        9: -0.3705,
                                        10: -0.4224,
                                        11: -0.4392,
                                        12: -0.3693,
                                        13: -0.2752,
                                        14: -0.1923,
                                        15: -0.1006,
                                        16: 0.0045,
                                        17: 0.1139,
                                        18: 0.2249,
                                        19: 0.3378,
                                        20: 0.4507,
                                        21: 0.5609,
                                        22: 0.6667,
                                        23: 0.7663,
                                        24: 0.8579,
                                        25: 0.9393,
                                        26: 1.0088,
                                        27: 1.0375,
                                        28: 0.9964,
                                        29: 0.9545,
                                        30: 0.9762,
                                        31: 1.0122,
                                        32: 1.0265,
                                        33: 1.0374,
                                        34: 1.0518,
                                        35: 1.1042,
                                        36: 1.2229,
                                        37: 1.2863,
                                        38: 1.2096,
                                        39: 1.092,
                                        40: 0.991,
                                        41: 0.8739,
                                        42: 0.7327,
                                        43: 0.5818,
                                        44: 0.4249,
                                        45: 0.2615,
                                        46: 0.0941,
                                        47: -0.0735,
                                        48: -0.2388,
                                        49: -0.3993,
                                        50: -0.5523,
                                        51: -0.6951,
                                        52: -0.8248,
                                        53: -0.9388,
                                        54: -1.0343,
                                        55: -1.065,
                                        56: -0.9852,
                                        57: -0.9085,
                                        58: -0.9395,
                                        59: -0.9959,
                                        60: -1.0186,
                                        61: -1.0392,
                                        62: -1.0701,
                                        63: -1.1416,
                                        64: -1.2784,
                                        65: -1.3563,
                                        66: -1.2936,
                                        67: -1.1957,
                                        68: -1.1212,
                                        69: -1.0373,
                                        70: -0.9371,
                                        71: -0.8364,
                                        72: -0.7402,
                                        73: -0.6485,
                                        74: -0.5654,
                                        75: -0.4955,
                                        76: -0.4423,
                                        77: -0.4544,
                                        78: -0.5826,
                                        79: -0.713,
                                        80: -0.7345,
                                        81: -0.7282,
                                        82: -0.7556,
                                        83: -0.7844,
                                        84: -0.8009,
                                        85: -0.8163,
                                        86: -0.8326,
                                        87: -0.8464,
                                        88: -0.8574,
                                        89: -0.8668,
                                        90: -0.8742,
                                        91: -0.8795,
                                        92: -0.8828,
                                        93: -0.884,
                                        94: -0.8832,
                                        95: -0.8804,
                                        96: -0.8756,
                                        97: -0.869,
                                        98: -0.8605,
                                        99: -0.8502,
                                        100: -0.8382,
                                        101: -0.8246,
                                        102: -0.8094,
                                        103: -0.7929,
                                        104: -0.775,
                                        105: -0.7558,
                                        106: -0.7356,
                                        107: -0.7144,
                                        108: -0.6924,
                                        109: -0.6696,
                                        110: -0.6463,
                                        111: -0.6225,
                                        112: -0.5984,
                                        113: -0.5742,
                                        114: -0.5499,
                                        115: -0.5258,
                                        116: -0.5019,
                                        117: -0.4785,
                                        118: -0.4556,
                                        119: -0.4334,
                                        120: -0.412,
                                        121: -0.4056,
                                    }
                                }
                            }
                        }

                        over "Bang_S1_0_ctl"
                        {
                            double avars:rz.timeSamples = {
                                1: 0.0729,
                                2: 0.0488,
                                3: 0.047,
                                4: 0.0921,
                                5: 0.123,
                                6: 0.1414,
                                7: 0.1642,
                                8: 0.1883,
                                9: 0.1815,
                                10: 0.1254,
                                11: 0.057,
                                12: 0.0121,
                                13: -0.0119,
                                14: -0.0263,
                                15: -0.0299,
                                16: -0.0207,
                                17: -0.0002,
                                18: 0.03,
                                19: 0.0698,
                                20: 0.1186,
                                21: 0.1754,
                                22: 0.2398,
                                23: 0.311,
                                24: 0.3884,
                                25: 0.4713,
                                26: 0.5592,
                                27: 0.6213,
                                28: 0.6272,
                                29: 0.6019,
                                30: 0.5806,
                                31: 0.5687,
                                32: 0.5579,
                                33: 0.5439,
                                34: 0.527,
                                35: 0.5538,
                                36: 0.6568,
                                37: 0.7784,
                                38: 0.8598,
                                39: 0.9046,
                                40: 0.9313,
                                41: 0.9381,
                                42: 0.9214,
                                43: 0.8839,
                                44: 0.8279,
                                45: 0.7538,
                                46: 0.6626,
                                47: 0.5556,
                                48: 0.434,
                                49: 0.2987,
                                50: 0.1511,
                                51: -0.008,
                                52: -0.1772,
                                53: -0.3555,
                                54: -0.5419,
                                55: -0.6868,
                                56: -0.7413,
                                57: -0.7485,
                                58: -0.7661,
                                59: -0.7943,
                                60: -0.8142,
                                61: -0.8284,
                                62: -0.8422,
                                63: -0.8998,
                                64: -1.0296,
                                65: -1.1708,
                                66: -1.2633,
                                67: -1.3115,
                                68: -1.3348,
                                69: -1.3314,
                                70: -1.298,
                                71: -1.2378,
                                72: -1.1533,
                                73: -1.0453,
                                74: -0.9153,
                                75: -0.7649,
                                76: -0.5956,
                                77: -0.459,
                                78: -0.4086,
                                79: -0.4036,
                                80: -0.3851,
                                81: -0.3552,
                                82: -0.3347,
                                83: -0.3172,
                                84: -0.2956,
                                85: -0.2728,
                                86: -0.2506,
                                87: -0.2281,
                                88: -0.2051,
                                89: -0.182,
                                90: -0.1591,
                                91: -0.1363,
                                92: -0.1137,
                                93: -0.0915,
                                94: -0.0699,
                                95: -0.0488,
                                96: -0.0285,
                                97: -0.0091,
                                98: 0.0094,
                                99: 0.0268,
                                100: 0.043,
                                101: 0.0581,
                                102: 0.0718,
                                103: 0.0841,
                                104: 0.0949,
                                105: 0.1042,
                                106: 0.1119,
                                107: 0.1179,
                                108: 0.1223,
                                109: 0.1249,
                                110: 0.1259,
                                111: 0.125,
                                112: 0.1225,
                                113: 0.1181,
                                114: 0.112,
                                115: 0.1042,
                                116: 0.0947,
                                117: 0.0836,
                                118: 0.0708,
                                119: 0.0565,
                                120: 0.0406,
                                121: 0.0729,
                            }

                            over "Bang_S1_1_ctl"
                            {
                                double avars:rz.timeSamples = {
                                    1: 0.0807,
                                    2: 0.1031,
                                    3: 0.127,
                                    4: 0.1613,
                                    5: 0.1922,
                                    6: 0.2192,
                                    7: 0.2458,
                                    8: 0.2717,
                                    9: 0.2707,
                                    10: 0.2252,
                                    11: 0.2106,
                                    12: 0.2772,
                                    13: 0.3634,
                                    14: 0.4344,
                                    15: 0.5102,
                                    16: 0.5957,
                                    17: 0.6821,
                                    18: 0.767,
                                    19: 0.8509,
                                    20: 0.9324,
                                    21: 1.009,
                                    22: 1.0795,
                                    23: 1.1425,
                                    24: 1.1963,
                                    25: 1.2393,
                                    26: 1.2702,
                                    27: 1.2604,
                                    28: 1.1814,
                                    29: 1.1011,
                                    30: 1.0829,
                                    31: 1.0782,
                                    32: 1.0517,
                                    33: 1.0216,
                                    34: 0.995,
                                    35: 1.0066,
                                    36: 1.085,
                                    37: 1.1109,
                                    38: 1.0013,
                                    39: 0.8545,
                                    40: 0.7272,
                                    41: 0.587,
                                    42: 0.426,
                                    43: 0.258,
                                    44: 0.0868,
                                    45: -0.0885,
                                    46: -0.2653,
                                    47: -0.4401,
                                    48: -0.6107,
                                    49: -0.7747,
                                    50: -0.9297,
                                    51: -1.0731,
                                    52: -1.2025,
                                    53: -1.3154,
                                    54: -1.4093,
                                    55: -1.4382,
                                    56: -1.3567,
                                    57: -1.2764,
                                    58: -1.2998,
                                    59: -1.3457,
                                    60: -1.3552,
                                    61: -1.3598,
                                    62: -1.3718,
                                    63: -1.4215,
                                    64: -1.534,
                                    65: -1.5874,
                                    66: -1.5014,
                                    67: -1.38,
                                    68: -1.2812,
                                    69: -1.1721,
                                    70: -1.0458,
                                    71: -0.9173,
                                    72: -0.7915,
                                    73: -0.6683,
                                    74: -0.5511,
                                    75: -0.4445,
                                    76: -0.3518,
                                    77: -0.3212,
                                    78: -0.4031,
                                    79: -0.486,
                                    80: -0.461,
                                    81: -0.4087,
                                    82: -0.3904,
                                    83: -0.3741,
                                    84: -0.3468,
                                    85: -0.3193,
                                    86: -0.2942,
                                    87: -0.2681,
                                    88: -0.2411,
                                    89: -0.2141,
                                    90: -0.1874,
                                    91: -0.1608,
                                    92: -0.1345,
                                    93: -0.1086,
                                    94: -0.0834,
                                    95: -0.0589,
                                    96: -0.0353,
                                    97: -0.0126,
                                    98: 0.0089,
                                    99: 0.0292,
                                    100: 0.0482,
                                    101: 0.0657,
                                    102: 0.0816,
                                    103: 0.096,
                                    104: 0.1086,
                                    105: 0.1194,
                                    106: 0.1283,
                                    107: 0.1354,
                                    108: 0.1405,
                                    109: 0.1435,
                                    110: 0.1446,
                                    111: 0.1436,
                                    112: 0.1406,
                                    113: 0.1355,
                                    114: 0.1284,
                                    115: 0.1193,
                                    116: 0.1082,
                                    117: 0.0951,
                                    118: 0.0802,
                                    119: 0.0634,
                                    120: 0.0449,
                                    121: 0.0807,
                                }

                                over "Bang_S1_2_ctl"
                                {
                                    double avars:rz.timeSamples = {
                                        1: 0.0807,
                                        2: 0.1043,
                                        3: 0.1292,
                                        4: 0.1641,
                                        5: 0.1957,
                                        6: 0.2233,
                                        7: 0.2506,
                                        8: 0.277,
                                        9: 0.2765,
                                        10: 0.2316,
                                        11: 0.2187,
                                        12: 0.2894,
                                        13: 0.3813,
                                        14: 0.4588,
                                        15: 0.5422,
                                        16: 0.636,
                                        17: 0.7313,
                                        18: 0.8254,
                                        19: 0.9186,
                                        20: 1.0091,
                                        21: 1.0946,
                                        22: 1.1733,
                                        23: 1.2436,
                                        24: 1.3038,
                                        25: 1.352,
                                        26: 1.3865,
                                        27: 1.3787,
                                        28: 1.2998,
                                        29: 1.2189,
                                        30: 1.2008,
                                        31: 1.1961,
                                        32: 1.1693,
                                        33: 1.1388,
                                        34: 1.1116,
                                        35: 1.1226,
                                        36: 1.2003,
                                        37: 1.2231,
                                        38: 1.1066,
                                        39: 0.9503,
                                        40: 0.8116,
                                        41: 0.6582,
                                        42: 0.4824,
                                        43: 0.2985,
                                        44: 0.1106,
                                        45: -0.0819,
                                        46: -0.276,
                                        47: -0.468,
                                        48: -0.6552,
                                        49: -0.835,
                                        50: -1.0046,
                                        51: -1.161,
                                        52: -1.3016,
                                        53: -1.4235,
                                        54: -1.5238,
                                        55: -1.5563,
                                        56: -1.4753,
                                        57: -1.3942,
                                        58: -1.4177,
                                        59: -1.4637,
                                        60: -1.4729,
                                        61: -1.4771,
                                        62: -1.4887,
                                        63: -1.538,
                                        64: -1.65,
                                        65: -1.7004,
                                        66: -1.6079,
                                        67: -1.4777,
                                        68: -1.3687,
                                        69: -1.2482,
                                        70: -1.1097,
                                        71: -0.9689,
                                        72: -0.831,
                                        73: -0.6963,
                                        74: -0.5691,
                                        75: -0.4541,
                                        76: -0.3551,
                                        77: -0.321,
                                        78: -0.4025,
                                        79: -0.4862,
                                        80: -0.4611,
                                        81: -0.4086,
                                        82: -0.3903,
                                        83: -0.3742,
                                        84: -0.3468,
                                        85: -0.3193,
                                        86: -0.2942,
                                        87: -0.2681,
                                        88: -0.241,
                                        89: -0.2141,
                                        90: -0.1874,
                                        91: -0.1608,
                                        92: -0.1345,
                                        93: -0.1086,
                                        94: -0.0834,
                                        95: -0.0589,
                                        96: -0.0353,
                                        97: -0.0126,
                                        98: 0.0089,
                                        99: 0.0292,
                                        100: 0.0482,
                                        101: 0.0657,
                                        102: 0.0816,
                                        103: 0.096,
                                        104: 0.1086,
                                        105: 0.1194,
                                        106: 0.1283,
                                        107: 0.1354,
                                        108: 0.1405,
                                        109: 0.1435,
                                        110: 0.1446,
                                        111: 0.1436,
                                        112: 0.1406,
                                        113: 0.1355,
                                        114: 0.1284,
                                        115: 0.1193,
                                        116: 0.1082,
                                        117: 0.0951,
                                        118: 0.0802,
                                        119: 0.0634,
                                        120: 0.0449,
                                        121: 0.0807,
                                    }
                                }
                            }
                        }

                        over "Bang_S2_0_ctl"
                        {
                            double avars:rz.timeSamples = {
                                1: 0.3624,
                                2: 0.3129,
                                3: 0.2844,
                                4: 0.3017,
                                5: 0.3039,
                                6: 0.2929,
                                7: 0.2857,
                                8: 0.2794,
                                9: 0.242,
                                10: 0.1554,
                                11: 0.0566,
                                12: -0.0184,
                                13: -0.0719,
                                14: -0.1151,
                                15: -0.1466,
                                16: -0.1642,
                                17: -0.1694,
                                18: -0.1634,
                                19: -0.1463,
                                20: -0.1186,
                                21: -0.0809,
                                22: -0.0338,
                                23: 0.0223,
                                24: 0.0867,
                                25: 0.1589,
                                26: 0.2384,
                                27: 0.2947,
                                28: 0.2971,
                                29: 0.271,
                                30: 0.2515,
                                31: 0.2439,
                                32: 0.2402,
                                33: 0.2359,
                                34: 0.2313,
                                35: 0.2729,
                                36: 0.3934,
                                37: 0.535,
                                38: 0.6388,
                                39: 0.7083,
                                40: 0.7622,
                                41: 0.7982,
                                42: 0.8129,
                                43: 0.8088,
                                44: 0.788,
                                45: 0.7508,
                                46: 0.6981,
                                47: 0.6309,
                                48: 0.5504,
                                49: 0.4574,
                                50: 0.3528,
                                51: 0.2377,
                                52: 0.1129,
                                53: -0.0207,
                                54: -0.162,
                                55: -0.2619,
                                56: -0.2716,
                                57: -0.2342,
                                58: -0.2079,
                                59: -0.1929,
                                60: -0.1704,
                                61: -0.1433,
                                62: -0.1171,
                                63: -0.1359,
                                64: -0.2286,
                                65: -0.3343,
                                66: -0.3932,
                                67: -0.4098,
                                68: -0.4035,
                                69: -0.3726,
                                70: -0.3141,
                                71: -0.2311,
                                72: -0.1262,
                                73: -0.0005,
                                74: 0.1448,
                                75: 0.3079,
                                76: 0.4873,
                                77: 0.6313,
                                78: 0.6864,
                                79: 0.6936,
                                80: 0.7117,
                                81: 0.7385,
                                82: 0.7535,
                                83: 0.763,
                                84: 0.7743,
                                85: 0.7844,
                                86: 0.7917,
                                87: 0.7973,
                                88: 0.8014,
                                89: 0.8037,
                                90: 0.8042,
                                91: 0.8031,
                                92: 0.8002,
                                93: 0.7957,
                                94: 0.7896,
                                95: 0.7819,
                                96: 0.7728,
                                97: 0.7622,
                                98: 0.7503,
                                99: 0.7372,
                                100: 0.7229,
                                101: 0.7075,
                                102: 0.6911,
                                103: 0.6739,
                                104: 0.6559,
                                105: 0.6373,
                                106: 0.6181,
                                107: 0.5986,
                                108: 0.5787,
                                109: 0.5586,
                                110: 0.5386,
                                111: 0.5185,
                                112: 0.4987,
                                113: 0.4792,
                                114: 0.4602,
                                115: 0.4417,
                                116: 0.4238,
                                117: 0.4068,
                                118: 0.3906,
                                119: 0.3754,
                                120: 0.3613,
                                121: 0.3624,
                            }

                            over "Bang_S2_1_ctl"
                            {
                                double avars:rz.timeSamples = {
                                    1: 0.4184,
                                    2: 0.4111,
                                    3: 0.4039,
                                    4: 0.4058,
                                    5: 0.4033,
                                    6: 0.3959,
                                    7: 0.3876,
                                    8: 0.3781,
                                    9: 0.3414,
                                    10: 0.2602,
                                    11: 0.2101,
                                    12: 0.2416,
                                    13: 0.2934,
                                    14: 0.3308,
                                    15: 0.3741,
                                    16: 0.4282,
                                    17: 0.4847,
                                    18: 0.5413,
                                    19: 0.5988,
                                    20: 0.6557,
                                    21: 0.71,
                                    22: 0.7604,
                                    23: 0.8056,
                                    24: 0.8443,
                                    25: 0.8749,
                                    26: 0.896,
                                    27: 0.8793,
                                    28: 0.7964,
                                    29: 0.7151,
                                    30: 0.6989,
                                    31: 0.6993,
                                    32: 0.681,
                                    33: 0.6622,
                                    34: 0.6499,
                                    35: 0.6789,
                                    36: 0.7776,
                                    37: 0.8269,
                                    38: 0.7435,
                                    39: 0.6256,
                                    40: 0.5299,
                                    41: 0.4239,
                                    42: 0.2995,
                                    43: 0.1703,
                                    44: 0.0402,
                                    45: -0.092,
                                    46: -0.2239,
                                    47: -0.3522,
                                    48: -0.4748,
                                    49: -0.5896,
                                    50: -0.6943,
                                    51: -0.7865,
                                    52: -0.8641,
                                    53: -0.9247,
                                    54: -0.9661,
                                    55: -0.9425,
                                    56: -0.8087,
                                    57: -0.6764,
                                    58: -0.6486,
                                    59: -0.644,
                                    60: -0.6041,
                                    61: -0.5605,
                                    62: -0.5257,
                                    63: -0.5304,
                                    64: -0.5996,
                                    65: -0.6115,
                                    66: -0.4863,
                                    67: -0.328,
                                    68: -0.1947,
                                    69: -0.0535,
                                    70: 0.1021,
                                    71: 0.2572,
                                    72: 0.4067,
                                    73: 0.5508,
                                    74: 0.6857,
                                    75: 0.8071,
                                    76: 0.9115,
                                    77: 0.9508,
                                    78: 0.8745,
                                    79: 0.7941,
                                    80: 0.8186,
                                    81: 0.8674,
                                    82: 0.8792,
                                    83: 0.8861,
                                    84: 0.9014,
                                    85: 0.9141,
                                    86: 0.9219,
                                    87: 0.9282,
                                    88: 0.9332,
                                    89: 0.9359,
                                    90: 0.9364,
                                    91: 0.935,
                                    92: 0.9317,
                                    93: 0.9264,
                                    94: 0.9193,
                                    95: 0.9103,
                                    96: 0.8996,
                                    97: 0.8873,
                                    98: 0.8734,
                                    99: 0.858,
                                    100: 0.8413,
                                    101: 0.8233,
                                    102: 0.8042,
                                    103: 0.7841,
                                    104: 0.7631,
                                    105: 0.7414,
                                    106: 0.719,
                                    107: 0.6961,
                                    108: 0.6729,
                                    109: 0.6495,
                                    110: 0.6261,
                                    111: 0.6027,
                                    112: 0.5796,
                                    113: 0.5568,
                                    114: 0.5345,
                                    115: 0.5129,
                                    116: 0.4921,
                                    117: 0.4722,
                                    118: 0.4533,
                                    119: 0.4356,
                                    120: 0.4191,
                                    121: 0.4184,
                                }

                                over "Bang_S2_2_ctl"
                                {
                                    double avars:rz.timeSamples = {
                                        1: 0.4184,
                                        2: 0.4124,
                                        3: 0.4061,
                                        4: 0.4086,
                                        5: 0.4068,
                                        6: 0.4,
                                        7: 0.3923,
                                        8: 0.3834,
                                        9: 0.3472,
                                        10: 0.2665,
                                        11: 0.2182,
                                        12: 0.2539,
                                        13: 0.3113,
                                        14: 0.3552,
                                        15: 0.4061,
                                        16: 0.4685,
                                        17: 0.5339,
                                        18: 0.5997,
                                        19: 0.6664,
                                        20: 0.7325,
                                        21: 0.7955,
                                        22: 0.8541,
                                        23: 0.9068,
                                        24: 0.9518,
                                        25: 0.9875,
                                        26: 1.0123,
                                        27: 0.9976,
                                        28: 0.9148,
                                        29: 0.8329,
                                        30: 0.8168,
                                        31: 0.8173,
                                        32: 0.7986,
                                        33: 0.7794,
                                        34: 0.7666,
                                        35: 0.795,
                                        36: 0.8929,
                                        37: 0.9391,
                                        38: 0.8488,
                                        39: 0.7214,
                                        40: 0.6143,
                                        41: 0.4951,
                                        42: 0.3559,
                                        43: 0.2108,
                                        44: 0.064,
                                        45: -0.0854,
                                        46: -0.2347,
                                        47: -0.3801,
                                        48: -0.5193,
                                        49: -0.6499,
                                        50: -0.7692,
                                        51: -0.8745,
                                        52: -0.9632,
                                        53: -1.0328,
                                        54: -1.0806,
                                        55: -1.0606,
                                        56: -0.9272,
                                        57: -0.7942,
                                        58: -0.7665,
                                        59: -0.762,
                                        60: -0.7218,
                                        61: -0.6778,
                                        62: -0.6427,
                                        63: -0.6468,
                                        64: -0.7155,
                                        65: -0.7246,
                                        66: -0.5928,
                                        67: -0.4257,
                                        68: -0.2821,
                                        69: -0.1296,
                                        70: 0.0382,
                                        71: 0.2056,
                                        72: 0.3672,
                                        73: 0.5227,
                                        74: 0.6678,
                                        75: 0.7975,
                                        76: 0.9082,
                                        77: 0.951,
                                        78: 0.8751,
                                        79: 0.7939,
                                        80: 0.8185,
                                        81: 0.8674,
                                        82: 0.8793,
                                        83: 0.8861,
                                        84: 0.9014,
                                        85: 0.9141,
                                        86: 0.9219,
                                        87: 0.9282,
                                        88: 0.9332,
                                        89: 0.9359,
                                        90: 0.9364,
                                        91: 0.935,
                                        92: 0.9317,
                                        93: 0.9264,
                                        94: 0.9193,
                                        95: 0.9103,
                                        96: 0.8996,
                                        97: 0.8873,
                                        98: 0.8734,
                                        99: 0.858,
                                        100: 0.8413,
                                        101: 0.8233,
                                        102: 0.8042,
                                        103: 0.7841,
                                        104: 0.7631,
                                        105: 0.7414,
                                        106: 0.719,
                                        107: 0.6961,
                                        108: 0.6729,
                                        109: 0.6495,
                                        110: 0.6261,
                                        111: 0.6027,
                                        112: 0.5796,
                                        113: 0.5568,
                                        114: 0.5345,
                                        115: 0.5129,
                                        116: 0.4921,
                                        117: 0.4722,
                                        118: 0.4533,
                                        119: 0.4356,
                                        120: 0.4191,
                                        121: 0.4184,
                                    }
                                }
                            }
                        }

                        over "Side_R_0_ctl"
                        {
                            double avars:rz.timeSamples = {
                                1: -0.1242,
                                2: -0.0986,
                                3: -0.136,
                                4: -0.198,
                                5: -0.2449,
                                6: -0.2585,
                                7: -0.2453,
                                8: -0.2247,
                                9: -0.2332,
                                10: -0.3154,
                                11: -0.4011,
                                12: -0.4088,
                                13: -0.357,
                                14: -0.2749,
                                15: -0.1835,
                                16: -0.0889,
                                17: 0.0149,
                                18: 0.1362,
                                19: 0.2787,
                                20: 0.4387,
                                21: 0.6079,
                                22: 0.7778,
                                23: 0.9426,
                                24: 1.0997,
                                25: 1.2484,
                                26: 1.3874,
                                27: 1.4926,
                                28: 1.5118,
                                29: 1.4931,
                                30: 1.5138,
                                31: 1.5559,
                                32: 1.5976,
                                33: 1.6292,
                                34: 1.6492,
                                35: 1.6949,
                                36: 1.8364,
                                37: 1.9733,
                                38: 1.988,
                                39: 1.9181,
                                40: 1.8091,
                                41: 1.689,
                                42: 1.5606,
                                43: 1.4113,
                                44: 1.228,
                                45: 1.0077,
                                46: 0.7584,
                                47: 0.4939,
                                48: 0.2267,
                                49: -0.0358,
                                50: -0.2911,
                                51: -0.5385,
                                52: -0.7762,
                                53: -0.9998,
                                54: -1.2029,
                                55: -1.3438,
                                56: -1.339,
                                57: -1.271,
                                58: -1.2691,
                                59: -1.311,
                                60: -1.3574,
                                61: -1.3785,
                                62: -1.3687,
                                63: -1.3746,
                                64: -1.4772,
                                65: -1.5785,
                                66: -1.5621,
                                67: -1.4662,
                                68: -1.3346,
                                69: -1.1943,
                                70: -1.0496,
                                71: -0.8914,
                                72: -0.7109,
                                73: -0.5086,
                                74: -0.2949,
                                75: -0.0852,
                                76: 0.1067,
                                77: 0.2357,
                                78: 0.2151,
                                79: 0.1273,
                                80: 0.1084,
                                81: 0.1395,
                                82: 0.1779,
                                83: 0.1858,
                                84: 0.1553,
                                85: 0.1029,
                                86: 0.0518,
                                87: 0.0171,
                                88: -0.0006,
                                89: -0.0102,
                                90: -0.0222,
                                91: -0.0417,
                                92: -0.0677,
                                93: -0.0953,
                                94: -0.1199,
                                95: -0.1394,
                                96: -0.1549,
                                97: -0.1686,
                                98: -0.1823,
                                99: -0.1965,
                                100: -0.2104,
                                101: -0.2228,
                                102: -0.2328,
                                103: -0.2405,
                                104: -0.246,
                                105: -0.2499,
                                106: -0.2524,
                                107: -0.2536,
                                108: -0.2531,
                                109: -0.2508,
                                110: -0.2465,
                                111: -0.2404,
                                112: -0.2325,
                                113: -0.2229,
                                114: -0.2118,
                                115: -0.1992,
                                116: -0.1851,
                                117: -0.1694,
                                118: -0.1523,
                                119: -0.1338,
                                120: -0.1142,
                                121: -0.1242,
                            }

                            over "Side_R_1_ctl"
                            {
                                double avars:rz.timeSamples = {
                                    1: -0.1002,
                                    2: -0.1041,
                                    3: -0.105,
                                    4: -0.1025,
                                    5: -0.0982,
                                    6: -0.0946,
                                    7: -0.0927,
                                    8: -0.0925,
                                    9: -0.1048,
                                    10: -0.1517,
                                    11: -0.2111,
                                    12: -0.2098,
                                    13: -0.1001,
                                    14: 0.1061,
                                    15: 0.3608,
                                    16: 0.6163,
                                    17: 0.8494,
                                    18: 1.0636,
                                    19: 1.2751,
                                    20: 1.497,
                                    21: 1.7294,
                                    22: 1.9613,
                                    23: 2.1772,
                                    24: 2.3647,
                                    25: 2.5177,
                                    26: 2.6347,
                                    27: 2.7023,
                                    28: 2.6893,
                                    29: 2.6034,
                                    30: 2.5133,
                                    31: 2.4787,
                                    32: 2.5073,
                                    33: 2.5674,
                                    34: 2.6186,
                                    35: 2.6576,
                                    36: 2.7242,
                                    37: 2.8014,
                                    38: 2.7884,
                                    39: 2.6136,
                                    40: 2.2911,
                                    41: 1.888,
                                    42: 1.4736,
                                    43: 1.0832,
                                    44: 0.7137,
                                    45: 0.3427,
                                    46: -0.0485,
                                    47: -0.4608,
                                    48: -0.8784,
                                    49: -1.2792,
                                    50: -1.6449,
                                    51: -1.966,
                                    52: -2.2397,
                                    53: -2.4652,
                                    54: -2.639,
                                    55: -2.7325,
                                    56: -2.6889,
                                    57: -2.5201,
                                    58: -2.3406,
                                    59: -2.2514,
                                    60: -2.2683,
                                    61: -2.3406,
                                    62: -2.4026,
                                    63: -2.4357,
                                    64: -2.4789,
                                    65: -2.5223,
                                    66: -2.4752,
                                    67: -2.2764,
                                    68: -1.9468,
                                    69: -1.557,
                                    70: -1.1766,
                                    71: -0.8416,
                                    72: -0.5509,
                                    73: -0.2862,
                                    74: -0.0338,
                                    75: 0.2027,
                                    76: 0.4035,
                                    77: 0.5221,
                                    78: 0.4882,
                                    79: 0.3098,
                                    80: 0.1084,
                                    81: -0.003,
                                    82: -0.0009,
                                    83: 0.0655,
                                    84: 0.1264,
                                    85: 0.1386,
                                    86: 0.1005,
                                    87: 0.0398,
                                    88: -0.012,
                                    89: -0.0388,
                                    90: -0.044,
                                    91: -0.0418,
                                    92: -0.0455,
                                    93: -0.0606,
                                    94: -0.0836,
                                    95: -0.1074,
                                    96: -0.1263,
                                    97: -0.1388,
                                    98: -0.1468,
                                    99: -0.1538,
                                    100: -0.1619,
                                    101: -0.1713,
                                    102: -0.1806,
                                    103: -0.1884,
                                    104: -0.1937,
                                    105: -0.1967,
                                    106: -0.1979,
                                    107: -0.1979,
                                    108: -0.1972,
                                    109: -0.1956,
                                    110: -0.1927,
                                    111: -0.1883,
                                    112: -0.1822,
                                    113: -0.1747,
                                    114: -0.1659,
                                    115: -0.1559,
                                    116: -0.1449,
                                    117: -0.1328,
                                    118: -0.1196,
                                    119: -0.1053,
                                    120: -0.09,
                                    121: -0.1002,
                                }

                                over "Side_R_2_ctl"
                                {
                                    double avars:rz.timeSamples = {
                                        1: -0.1002,
                                        2: -0.107,
                                        3: -0.1139,
                                        4: -0.1186,
                                        5: -0.1207,
                                        6: -0.1216,
                                        7: -0.1225,
                                        8: -0.1244,
                                        9: -0.1389,
                                        10: -0.1887,
                                        11: -0.2545,
                                        12: -0.2693,
                                        13: -0.1889,
                                        14: -0.0246,
                                        15: 0.1794,
                                        16: 0.3802,
                                        17: 0.5578,
                                        18: 0.7168,
                                        19: 0.8736,
                                        20: 1.0408,
                                        21: 1.2194,
                                        22: 1.3998,
                                        23: 1.5686,
                                        24: 1.7155,
                                        25: 1.8357,
                                        26: 1.929,
                                        27: 1.9829,
                                        28: 1.9673,
                                        29: 1.8877,
                                        30: 1.8061,
                                        31: 1.777,
                                        32: 1.8067,
                                        33: 1.8655,
                                        34: 1.9162,
                                        35: 1.9574,
                                        36: 2.0291,
                                        37: 2.1184,
                                        38: 2.1334,
                                        39: 2.0086,
                                        40: 1.7574,
                                        41: 1.4414,
                                        42: 1.1225,
                                        43: 0.8311,
                                        44: 0.5621,
                                        45: 0.2929,
                                        46: 0.0054,
                                        47: -0.3024,
                                        48: -0.617,
                                        49: -0.9192,
                                        50: -1.1939,
                                        51: -1.4339,
                                        52: -1.6381,
                                        53: -1.8071,
                                        54: -1.9392,
                                        55: -2.0077,
                                        56: -1.958,
                                        57: -1.7983,
                                        58: -1.6327,
                                        59: -1.553,
                                        60: -1.5715,
                                        61: -1.6402,
                                        62: -1.6985,
                                        63: -1.7313,
                                        64: -1.7785,
                                        65: -1.8338,
                                        66: -1.8142,
                                        67: -1.663,
                                        68: -1.3992,
                                        69: -1.0866,
                                        70: -0.7872,
                                        71: -0.5309,
                                        72: -0.3143,
                                        73: -0.118,
                                        74: 0.0724,
                                        75: 0.2549,
                                        76: 0.4135,
                                        77: 0.5052,
                                        78: 0.4638,
                                        79: 0.2944,
                                        80: 0.1078,
                                        81: 0.0067,
                                        82: 0.0101,
                                        83: 0.0711,
                                        84: 0.1253,
                                        85: 0.1335,
                                        86: 0.0957,
                                        87: 0.0379,
                                        88: -0.0108,
                                        89: -0.0363,
                                        90: -0.042,
                                        91: -0.0412,
                                        92: -0.0463,
                                        93: -0.0618,
                                        94: -0.0844,
                                        95: -0.1075,
                                        96: -0.1259,
                                        97: -0.1382,
                                        98: -0.1465,
                                        99: -0.1539,
                                        100: -0.1621,
                                        101: -0.1715,
                                        102: -0.1807,
                                        103: -0.1884,
                                        104: -0.1936,
                                        105: -0.1966,
                                        106: -0.1978,
                                        107: -0.198,
                                        108: -0.1973,
                                        109: -0.1956,
                                        110: -0.1927,
                                        111: -0.1882,
                                        112: -0.1822,
                                        113: -0.1747,
                                        114: -0.1659,
                                        115: -0.156,
                                        116: -0.1449,
                                        117: -0.1328,
                                        118: -0.1196,
                                        119: -0.1053,
                                        120: -0.09,
                                        121: -0.1002,
                                    }

                                    over "Side_R_3_ctl"
                                    {
                                        double avars:rz.timeSamples = {
                                            1: -0.1002,
                                            2: -0.108,
                                            3: -0.1169,
                                            4: -0.124,
                                            5: -0.1282,
                                            6: -0.1306,
                                            7: -0.1324,
                                            8: -0.135,
                                            9: -0.1503,
                                            10: -0.201,
                                            11: -0.269,
                                            12: -0.2891,
                                            13: -0.2185,
                                            14: -0.0682,
                                            15: 0.119,
                                            16: 0.3015,
                                            17: 0.4606,
                                            18: 0.6012,
                                            19: 0.7397,
                                            20: 0.8887,
                                            21: 1.0494,
                                            22: 1.2126,
                                            23: 1.3658,
                                            24: 1.4991,
                                            25: 1.6084,
                                            26: 1.6938,
                                            27: 1.7431,
                                            28: 1.7267,
                                            29: 1.6491,
                                            30: 1.5704,
                                            31: 1.5431,
                                            32: 1.5732,
                                            33: 1.6315,
                                            34: 1.682,
                                            35: 1.724,
                                            36: 1.7974,
                                            37: 1.8907,
                                            38: 1.9151,
                                            39: 1.807,
                                            40: 1.5795,
                                            41: 1.2925,
                                            42: 1.0055,
                                            43: 0.7471,
                                            44: 0.5115,
                                            45: 0.2763,
                                            46: 0.0233,
                                            47: -0.2496,
                                            48: -0.5298,
                                            49: -0.7992,
                                            50: -1.0436,
                                            51: -1.2565,
                                            52: -1.4375,
                                            53: -1.5878,
                                            54: -1.706,
                                            55: -1.7661,
                                            56: -1.7143,
                                            57: -1.5577,
                                            58: -1.3968,
                                            59: -1.3203,
                                            60: -1.3393,
                                            61: -1.4068,
                                            62: -1.4638,
                                            63: -1.4965,
                                            64: -1.5451,
                                            65: -1.6043,
                                            66: -1.5939,
                                            67: -1.4585,
                                            68: -1.2167,
                                            69: -0.9299,
                                            70: -0.6573,
                                            71: -0.4273,
                                            72: -0.2354,
                                            73: -0.0619,
                                            74: 0.1077,
                                            75: 0.2724,
                                            76: 0.4168,
                                            77: 0.4996,
                                            78: 0.4556,
                                            79: 0.2893,
                                            80: 0.1076,
                                            81: 0.0099,
                                            82: 0.0138,
                                            83: 0.073,
                                            84: 0.1249,
                                            85: 0.1319,
                                            86: 0.0941,
                                            87: 0.0373,
                                            88: -0.0105,
                                            89: -0.0355,
                                            90: -0.0414,
                                            91: -0.0411,
                                            92: -0.0465,
                                            93: -0.0622,
                                            94: -0.0847,
                                            95: -0.1075,
                                            96: -0.1257,
                                            97: -0.1381,
                                            98: -0.1464,
                                            99: -0.1539,
                                            100: -0.1622,
                                            101: -0.1716,
                                            102: -0.1808,
                                            103: -0.1883,
                                            104: -0.1936,
                                            105: -0.1965,
                                            106: -0.1978,
                                            107: -0.198,
                                            108: -0.1973,
                                            109: -0.1956,
                                            110: -0.1927,
                                            111: -0.1882,
                                            112: -0.1822,
                                            113: -0.1747,
                                            114: -0.1659,
                                            115: -0.156,
                                            116: -0.1449,
                                            117: -0.1328,
                                            118: -0.1196,
                                            119: -0.1053,
                                            120: -0.09,
                                            121: -0.1002,
                                        }
                                    }
                                }
                            }
                        }

                        over "Side_L_0_ctl"
                        {
                            double avars:rz.timeSamples = {
                                1: -0.2909,
                                2: -0.2349,
                                3: -0.2413,
                                4: -0.2719,
                                5: -0.2872,
                                6: -0.269,
                                7: -0.2242,
                                8: -0.1721,
                                9: -0.1498,
                                10: -0.2017,
                                11: -0.2579,
                                12: -0.2372,
                                13: -0.1582,
                                14: -0.0501,
                                15: 0.0657,
                                16: 0.1832,
                                17: 0.3079,
                                18: 0.4484,
                                19: 0.6079,
                                20: 0.7828,
                                21: 0.9647,
                                22: 1.145,
                                23: 1.3177,
                                24: 1.4802,
                                25: 1.6317,
                                26: 1.7709,
                                27: 1.8738,
                                28: 1.888,
                                29: 1.8616,
                                30: 1.872,
                                31: 1.9012,
                                32: 1.9273,
                                33: 1.9408,
                                34: 1.9403,
                                35: 1.963,
                                36: 2.0792,
                                37: 2.1885,
                                38: 2.1735,
                                39: 2.0718,
                                40: 1.9292,
                                41: 1.7737,
                                42: 1.6083,
                                43: 1.4204,
                                44: 1.1973,
                                45: 0.936,
                                46: 0.6447,
                                47: 0.3375,
                                48: 0.0269,
                                49: -0.2795,
                                50: -0.5789,
                                51: -0.8706,
                                52: -1.1524,
                                53: -1.4199,
                                54: -1.6663,
                                55: -1.85,
                                56: -1.8871,
                                57: -1.8599,
                                58: -1.8977,
                                59: -1.978,
                                60: -2.0614,
                                61: -2.1177,
                                62: -2.1414,
                                63: -2.1788,
                                64: -2.311,
                                65: -2.4396,
                                66: -2.4484,
                                67: -2.3752,
                                68: -2.264,
                                69: -2.1416,
                                70: -2.0122,
                                71: -1.8667,
                                72: -1.6963,
                                73: -1.5014,
                                74: -1.2926,
                                75: -1.085,
                                76: -0.8926,
                                77: -0.7605,
                                78: -0.7755,
                                79: -0.8551,
                                80: -0.8636,
                                81: -0.8195,
                                82: -0.7661,
                                83: -0.7409,
                                84: -0.7521,
                                85: -0.7834,
                                86: -0.8115,
                                87: -0.8216,
                                88: -0.8133,
                                89: -0.7955,
                                90: -0.7789,
                                91: -0.769,
                                92: -0.7646,
                                93: -0.7613,
                                94: -0.7544,
                                95: -0.7423,
                                96: -0.726,
                                97: -0.708,
                                98: -0.6904,
                                99: -0.6737,
                                100: -0.6573,
                                101: -0.6402,
                                102: -0.6218,
                                103: -0.6022,
                                104: -0.5818,
                                105: -0.5612,
                                106: -0.541,
                                107: -0.5211,
                                108: -0.5015,
                                109: -0.4821,
                                110: -0.463,
                                111: -0.4441,
                                112: -0.4259,
                                113: -0.4085,
                                114: -0.392,
                                115: -0.3765,
                                116: -0.3621,
                                117: -0.3488,
                                118: -0.3367,
                                119: -0.3259,
                                120: -0.3166,
                                121: -0.2909,
                            }

                            over "Side_L_1_ctl"
                            {
                                double avars:rz.timeSamples = {
                                    1: -0.2298,
                                    2: -0.2101,
                                    3: -0.187,
                                    4: -0.16,
                                    5: -0.1311,
                                    6: -0.1027,
                                    7: -0.0763,
                                    8: -0.0516,
                                    9: -0.0398,
                                    10: -0.0632,
                                    11: -0.0997,
                                    12: -0.0763,
                                    13: 0.0546,
                                    14: 0.281,
                                    15: 0.5547,
                                    16: 0.8279,
                                    17: 1.0774,
                                    18: 1.3064,
                                    19: 1.5312,
                                    20: 1.7647,
                                    21: 2.007,
                                    22: 2.2469,
                                    23: 2.4689,
                                    24: 2.6606,
                                    25: 2.8159,
                                    26: 2.933,
                                    27: 2.9988,
                                    28: 2.9819,
                                    29: 2.8901,
                                    30: 2.7919,
                                    31: 2.7472,
                                    32: 2.7637,
                                    33: 2.8097,
                                    34: 2.845,
                                    35: 2.8661,
                                    36: 2.9131,
                                    37: 2.9688,
                                    38: 2.9326,
                                    39: 2.7332,
                                    40: 2.3845,
                                    41: 1.9539,
                                    42: 1.5107,
                                    43: 1.0903,
                                    44: 0.6899,
                                    45: 0.2869,
                                    46: -0.1369,
                                    47: -0.5824,
                                    48: -1.0338,
                                    49: -1.4688,
                                    50: -1.8688,
                                    51: -2.2243,
                                    52: -2.5323,
                                    53: -2.7919,
                                    54: -2.9994,
                                    55: -3.1261,
                                    56: -3.1152,
                                    57: -2.9782,
                                    58: -2.8295,
                                    59: -2.7702,
                                    60: -2.8158,
                                    61: -2.9155,
                                    62: -3.0036,
                                    63: -3.0612,
                                    64: -3.1274,
                                    65: -3.1921,
                                    66: -3.1646,
                                    67: -2.9834,
                                    68: -2.6697,
                                    69: -2.2938,
                                    70: -1.9253,
                                    71: -1.6001,
                                    72: -1.3174,
                                    73: -1.0584,
                                    74: -0.8097,
                                    75: -0.5749,
                                    76: -0.3737,
                                    77: -0.2527,
                                    78: -0.2823,
                                    79: -0.4544,
                                    80: -0.6475,
                                    81: -0.7489,
                                    82: -0.7351,
                                    83: -0.6553,
                                    84: -0.5793,
                                    85: -0.5507,
                                    86: -0.571,
                                    87: -0.6125,
                                    88: -0.644,
                                    89: -0.6496,
                                    90: -0.6326,
                                    91: -0.6074,
                                    92: -0.5876,
                                    93: -0.5786,
                                    94: -0.5771,
                                    95: -0.5763,
                                    96: -0.5705,
                                    97: -0.5583,
                                    98: -0.542,
                                    99: -0.5249,
                                    100: -0.5095,
                                    101: -0.4959,
                                    102: -0.4832,
                                    103: -0.4697,
                                    104: -0.4549,
                                    105: -0.4388,
                                    106: -0.4223,
                                    107: -0.406,
                                    108: -0.3905,
                                    109: -0.3755,
                                    110: -0.361,
                                    111: -0.3467,
                                    112: -0.3327,
                                    113: -0.319,
                                    114: -0.306,
                                    115: -0.2938,
                                    116: -0.2826,
                                    117: -0.2723,
                                    118: -0.263,
                                    119: -0.2547,
                                    120: -0.2474,
                                    121: -0.2298,
                                }

                                over "Side_L_2_ctl"
                                {
                                    double avars:rz.timeSamples = {
                                        1: -0.2298,
                                        2: -0.213,
                                        3: -0.1959,
                                        4: -0.1761,
                                        5: -0.1536,
                                        6: -0.1297,
                                        7: -0.1061,
                                        8: -0.0835,
                                        9: -0.074,
                                        10: -0.1002,
                                        11: -0.1431,
                                        12: -0.1358,
                                        13: -0.0342,
                                        14: 0.1502,
                                        15: 0.3733,
                                        16: 0.5918,
                                        17: 0.7858,
                                        18: 0.9596,
                                        19: 1.1296,
                                        20: 1.3085,
                                        21: 1.4969,
                                        22: 1.6853,
                                        23: 1.8603,
                                        24: 2.0114,
                                        25: 2.1339,
                                        26: 2.2273,
                                        27: 2.2794,
                                        28: 2.2599,
                                        29: 2.1743,
                                        30: 2.0847,
                                        31: 2.0455,
                                        32: 2.0631,
                                        33: 2.1078,
                                        34: 2.1426,
                                        35: 2.1659,
                                        36: 2.218,
                                        37: 2.2858,
                                        38: 2.2777,
                                        39: 2.1282,
                                        40: 1.8508,
                                        41: 1.5073,
                                        42: 1.1596,
                                        43: 0.8382,
                                        44: 0.5382,
                                        45: 0.2372,
                                        46: -0.083,
                                        47: -0.4241,
                                        48: -0.7724,
                                        49: -1.1088,
                                        50: -1.4178,
                                        51: -1.6921,
                                        52: -1.9307,
                                        53: -2.1338,
                                        54: -2.2997,
                                        55: -2.4014,
                                        56: -2.3842,
                                        57: -2.2564,
                                        58: -2.1217,
                                        59: -2.0719,
                                        60: -2.119,
                                        61: -2.2152,
                                        62: -2.2995,
                                        63: -2.3568,
                                        64: -2.427,
                                        65: -2.5036,
                                        66: -2.5035,
                                        67: -2.37,
                                        68: -2.1221,
                                        69: -1.8234,
                                        70: -1.5358,
                                        71: -1.2895,
                                        72: -1.0807,
                                        73: -0.8902,
                                        74: -0.7036,
                                        75: -0.5226,
                                        76: -0.3637,
                                        77: -0.2696,
                                        78: -0.3067,
                                        79: -0.4698,
                                        80: -0.6481,
                                        81: -0.7393,
                                        82: -0.7241,
                                        83: -0.6497,
                                        84: -0.5805,
                                        85: -0.5557,
                                        86: -0.5757,
                                        87: -0.6144,
                                        88: -0.6429,
                                        89: -0.6471,
                                        90: -0.6306,
                                        91: -0.6069,
                                        92: -0.5883,
                                        93: -0.5797,
                                        94: -0.5779,
                                        95: -0.5764,
                                        96: -0.5701,
                                        97: -0.5578,
                                        98: -0.5417,
                                        99: -0.525,
                                        100: -0.5097,
                                        101: -0.4962,
                                        102: -0.4833,
                                        103: -0.4697,
                                        104: -0.4548,
                                        105: -0.4387,
                                        106: -0.4222,
                                        107: -0.4061,
                                        108: -0.3905,
                                        109: -0.3756,
                                        110: -0.361,
                                        111: -0.3467,
                                        112: -0.3326,
                                        113: -0.319,
                                        114: -0.306,
                                        115: -0.2938,
                                        116: -0.2826,
                                        117: -0.2723,
                                        118: -0.263,
                                        119: -0.2547,
                                        120: -0.2474,
                                        121: -0.2298,
                                    }

                                    over "Side_L_3_ctl"
                                    {
                                        double avars:rz.timeSamples = {
                                            1: -0.2298,
                                            2: -0.214,
                                            3: -0.1989,
                                            4: -0.1815,
                                            5: -0.1611,
                                            6: -0.1387,
                                            7: -0.116,
                                            8: -0.0941,
                                            9: -0.0854,
                                            10: -0.1125,
                                            11: -0.1576,
                                            12: -0.1556,
                                            13: -0.0638,
                                            14: 0.1066,
                                            15: 0.3128,
                                            16: 0.5131,
                                            17: 0.6885,
                                            18: 0.844,
                                            19: 0.9958,
                                            20: 1.1564,
                                            21: 1.3269,
                                            22: 1.4982,
                                            23: 1.6575,
                                            24: 1.795,
                                            25: 1.9065,
                                            26: 1.9921,
                                            27: 2.0396,
                                            28: 2.0192,
                                            29: 1.9357,
                                            30: 1.849,
                                            31: 1.8117,
                                            32: 1.8296,
                                            33: 1.8739,
                                            34: 1.9084,
                                            35: 1.9325,
                                            36: 1.9862,
                                            37: 2.0581,
                                            38: 2.0593,
                                            39: 1.9265,
                                            40: 1.6729,
                                            41: 1.3584,
                                            42: 1.0426,
                                            43: 0.7542,
                                            44: 0.4876,
                                            45: 0.2206,
                                            46: -0.0651,
                                            47: -0.3713,
                                            48: -0.6853,
                                            49: -0.9888,
                                            50: -1.2675,
                                            51: -1.5148,
                                            52: -1.7301,
                                            53: -1.9145,
                                            54: -2.0664,
                                            55: -2.1598,
                                            56: -2.1406,
                                            57: -2.0158,
                                            58: -1.8857,
                                            59: -1.8391,
                                            60: -1.8868,
                                            61: -1.9817,
                                            62: -2.0648,
                                            63: -2.1221,
                                            64: -2.1936,
                                            65: -2.2741,
                                            66: -2.2832,
                                            67: -2.1655,
                                            68: -1.9396,
                                            69: -1.6666,
                                            70: -1.406,
                                            71: -1.1859,
                                            72: -1.0019,
                                            73: -0.8341,
                                            74: -0.6682,
                                            75: -0.5052,
                                            76: -0.3604,
                                            77: -0.2752,
                                            78: -0.3148,
                                            79: -0.4749,
                                            80: -0.6483,
                                            81: -0.7361,
                                            82: -0.7204,
                                            83: -0.6478,
                                            84: -0.5808,
                                            85: -0.5574,
                                            86: -0.5773,
                                            87: -0.615,
                                            88: -0.6425,
                                            89: -0.6463,
                                            90: -0.6299,
                                            91: -0.6067,
                                            92: -0.5886,
                                            93: -0.5801,
                                            94: -0.5782,
                                            95: -0.5764,
                                            96: -0.5699,
                                            97: -0.5576,
                                            98: -0.5416,
                                            99: -0.525,
                                            100: -0.5098,
                                            101: -0.4962,
                                            102: -0.4833,
                                            103: -0.4697,
                                            104: -0.4547,
                                            105: -0.4387,
                                            106: -0.4222,
                                            107: -0.4061,
                                            108: -0.3905,
                                            109: -0.3756,
                                            110: -0.361,
                                            111: -0.3467,
                                            112: -0.3326,
                                            113: -0.319,
                                            114: -0.306,
                                            115: -0.2938,
                                            116: -0.2826,
                                            117: -0.2723,
                                            118: -0.263,
                                            119: -0.2547,
                                            120: -0.2474,
                                            121: -0.2298,
                                        }
                                    }
                                }
                            }
                        }

                        over "SideIn_R_0_ctl"
                        {
                            double avars:rz.timeSamples = {
                                1: 0.2476,
                                2: 0.2666,
                                3: 0.2342,
                                4: 0.2372,
                                5: 0.2811,
                                6: 0.3254,
                                7: 0.3475,
                                8: 0.3566,
                                9: 0.3407,
                                10: 0.2659,
                                11: 0.1922,
                                12: 0.179,
                                13: 0.1977,
                                14: 0.2245,
                                15: 0.2597,
                                16: 0.3131,
                                17: 0.387,
                                18: 0.4756,
                                19: 0.5726,
                                20: 0.6756,
                                21: 0.7845,
                                22: 0.8982,
                                23: 1.014,
                                24: 1.129,
                                25: 1.241,
                                26: 1.3482,
                                27: 1.419,
                                28: 1.4025,
                                29: 1.3497,
                                30: 1.3294,
                                31: 1.3214,
                                32: 1.3061,
                                33: 1.283,
                                34: 1.2576,
                                35: 1.2778,
                                36: 1.4033,
                                37: 1.5261,
                                38: 1.5415,
                                39: 1.4976,
                                40: 1.4378,
                                41: 1.3633,
                                42: 1.2561,
                                43: 1.1108,
                                44: 0.9368,
                                45: 0.7452,
                                46: 0.5401,
                                47: 0.3214,
                                48: 0.0905,
                                49: -0.1482,
                                50: -0.3901,
                                51: -0.6315,
                                52: -0.8694,
                                53: -1.1008,
                                54: -1.3223,
                                55: -1.4822,
                                56: -1.4995,
                                57: -1.459,
                                58: -1.4741,
                                59: -1.5099,
                                60: -1.5246,
                                61: -1.5149,
                                62: -1.5004,
                                63: -1.5379,
                                64: -1.6814,
                                65: -1.8109,
                                66: -1.8209,
                                67: -1.7657,
                                68: -1.6929,
                                69: -1.6034,
                                70: -1.4791,
                                71: -1.3156,
                                72: -1.1248,
                                73: -0.9196,
                                74: -0.7054,
                                75: -0.4834,
                                76: -0.2564,
                                77: -0.08,
                                78: -0.0435,
                                79: -0.0656,
                                80: -0.0284,
                                81: 0.034,
                                82: 0.0754,
                                83: 0.0904,
                                84: 0.1028,
                                85: 0.1269,
                                86: 0.1575,
                                87: 0.185,
                                88: 0.2071,
                                89: 0.2274,
                                90: 0.2486,
                                91: 0.2703,
                                92: 0.2906,
                                93: 0.3089,
                                94: 0.3257,
                                95: 0.3413,
                                96: 0.3558,
                                97: 0.3688,
                                98: 0.3801,
                                99: 0.3897,
                                100: 0.3977,
                                101: 0.4041,
                                102: 0.4087,
                                103: 0.4116,
                                104: 0.4127,
                                105: 0.412,
                                106: 0.4096,
                                107: 0.4054,
                                108: 0.3996,
                                109: 0.392,
                                110: 0.3828,
                                111: 0.372,
                                112: 0.3597,
                                113: 0.3459,
                                114: 0.3306,
                                115: 0.3141,
                                116: 0.2962,
                                117: 0.2773,
                                118: 0.2572,
                                119: 0.2362,
                                120: 0.2143,
                                121: 0.2476,
                            }

                            over "SideIn_R_1_ctl"
                            {
                                double avars:rz.timeSamples = {
                                    1: 0.5658,
                                    2: 0.614,
                                    3: 0.6455,
                                    4: 0.6943,
                                    5: 0.7556,
                                    6: 0.8103,
                                    7: 0.8512,
                                    8: 0.8842,
                                    9: 0.8659,
                                    10: 0.7302,
                                    11: 0.5966,
                                    12: 0.6685,
                                    13: 0.9195,
                                    14: 1.1776,
                                    15: 1.3678,
                                    16: 1.5345,
                                    17: 1.7325,
                                    18: 1.9615,
                                    19: 2.1902,
                                    20: 2.3988,
                                    21: 2.589,
                                    22: 2.767,
                                    23: 2.9309,
                                    24: 3.0721,
                                    25: 3.1833,
                                    26: 3.2608,
                                    27: 3.2486,
                                    28: 3.056,
                                    29: 2.7775,
                                    30: 2.6339,
                                    31: 2.6451,
                                    32: 2.663,
                                    33: 2.6046,
                                    34: 2.502,
                                    35: 2.4939,
                                    36: 2.7018,
                                    37: 2.9062,
                                    38: 2.757,
                                    39: 2.2977,
                                    40: 1.8169,
                                    41: 1.4406,
                                    42: 1.0937,
                                    43: 0.6838,
                                    44: 0.2107,
                                    45: -0.2732,
                                    46: -0.7348,
                                    47: -1.1774,
                                    48: -1.6119,
                                    49: -2.035,
                                    50: -2.4328,
                                    51: -2.793,
                                    52: -3.1099,
                                    53: -3.3796,
                                    54: -3.5965,
                                    55: -3.666,
                                    56: -3.4409,
                                    57: -3.0797,
                                    58: -2.9435,
                                    59: -3.0592,
                                    60: -3.179,
                                    61: -3.1692,
                                    62: -3.0883,
                                    63: -3.1129,
                                    64: -3.3652,
                                    65: -3.5983,
                                    66: -3.4517,
                                    67: -2.9883,
                                    68: -2.5173,
                                    69: -2.168,
                                    70: -1.8593,
                                    71: -1.4975,
                                    72: -1.0873,
                                    73: -0.6875,
                                    74: -0.3345,
                                    75: -0.0267,
                                    76: 0.2448,
                                    77: 0.3838,
                                    78: 0.2237,
                                    79: -0.0884,
                                    80: -0.1782,
                                    81: -0.0033,
                                    82: 0.1881,
                                    83: 0.2545,
                                    84: 0.2517,
                                    85: 0.2767,
                                    86: 0.3487,
                                    87: 0.4286,
                                    88: 0.4875,
                                    89: 0.5306,
                                    90: 0.5743,
                                    91: 0.6241,
                                    92: 0.674,
                                    93: 0.7183,
                                    94: 0.7569,
                                    95: 0.7923,
                                    96: 0.8259,
                                    97: 0.8565,
                                    98: 0.8832,
                                    99: 0.9055,
                                    100: 0.924,
                                    101: 0.9387,
                                    102: 0.9495,
                                    103: 0.9562,
                                    104: 0.9587,
                                    105: 0.9571,
                                    106: 0.9514,
                                    107: 0.9417,
                                    108: 0.928,
                                    109: 0.9103,
                                    110: 0.8888,
                                    111: 0.8636,
                                    112: 0.8347,
                                    113: 0.8025,
                                    114: 0.7669,
                                    115: 0.7282,
                                    116: 0.6865,
                                    117: 0.6422,
                                    118: 0.5954,
                                    119: 0.5463,
                                    120: 0.4952,
                                    121: 0.5658,
                                }
                            }
                        }

                        over "SideIn_L_0_ctl"
                        {
                            double avars:rz.timeSamples = {
                                1: 0.2728,
                                2: 0.2587,
                                3: 0.1933,
                                4: 0.1634,
                                5: 0.1748,
                                6: 0.1873,
                                7: 0.1784,
                                8: 0.1575,
                                9: 0.1126,
                                10: 0.0102,
                                11: -0.0897,
                                12: -0.1275,
                                13: -0.1315,
                                14: -0.1257,
                                15: -0.1095,
                                16: -0.0729,
                                17: -0.0136,
                                18: 0.0627,
                                19: 0.1498,
                                20: 0.2454,
                                21: 0.3495,
                                22: 0.4609,
                                23: 0.577,
                                24: 0.695,
                                25: 0.8126,
                                26: 0.928,
                                27: 1.0096,
                                28: 1.0066,
                                29: 0.9698,
                                30: 0.968,
                                31: 0.9809,
                                32: 0.9888,
                                33: 0.9913,
                                34: 0.9936,
                                35: 1.0435,
                                36: 1.2006,
                                37: 1.3569,
                                38: 1.4074,
                                39: 1.4,
                                40: 1.3782,
                                41: 1.3428,
                                42: 1.2758,
                                43: 1.1714,
                                44: 1.0392,
                                45: 0.8897,
                                46: 0.7271,
                                47: 0.5509,
                                48: 0.3626,
                                49: 0.1661,
                                50: -0.034,
                                51: -0.2341,
                                52: -0.4315,
                                53: -0.6234,
                                54: -0.8066,
                                55: -0.9294,
                                56: -0.9111,
                                57: -0.8366,
                                58: -0.8194,
                                59: -0.8248,
                                60: -0.8112,
                                61: -0.7752,
                                62: -0.7367,
                                63: -0.7525,
                                64: -0.8766,
                                65: -0.9893,
                                66: -0.985,
                                67: -0.9181,
                                68: -0.8362,
                                69: -0.7402,
                                70: -0.6121,
                                71: -0.4474,
                                72: -0.258,
                                73: -0.0568,
                                74: 0.1508,
                                75: 0.3638,
                                76: 0.5793,
                                77: 0.7418,
                                78: 0.7622,
                                79: 0.7219,
                                80: 0.7388,
                                81: 0.779,
                                82: 0.7963,
                                83: 0.7857,
                                84: 0.771,
                                85: 0.7665,
                                86: 0.7674,
                                87: 0.7642,
                                88: 0.7547,
                                89: 0.7428,
                                90: 0.7313,
                                91: 0.7199,
                                92: 0.7071,
                                93: 0.6923,
                                94: 0.6763,
                                95: 0.6595,
                                96: 0.6422,
                                97: 0.6242,
                                98: 0.6054,
                                99: 0.5861,
                                100: 0.5665,
                                101: 0.5466,
                                102: 0.5267,
                                103: 0.5067,
                                104: 0.4869,
                                105: 0.4672,
                                106: 0.448,
                                107: 0.4293,
                                108: 0.4111,
                                109: 0.3937,
                                110: 0.3771,
                                111: 0.3614,
                                112: 0.3468,
                                113: 0.3333,
                                114: 0.321,
                                115: 0.31,
                                116: 0.3004,
                                117: 0.2923,
                                118: 0.2857,
                                119: 0.2807,
                                120: 0.2773,
                                121: 0.2728,
                            }

                            over "SideIn_L_1_ctl"
                            {
                                double avars:rz.timeSamples = {
                                    1: 0.6248,
                                    2: 0.5955,
                                    3: 0.5499,
                                    4: 0.522,
                                    5: 0.5077,
                                    6: 0.4882,
                                    7: 0.4567,
                                    8: 0.4196,
                                    9: 0.3338,
                                    10: 0.1336,
                                    11: -0.0611,
                                    12: -0.0465,
                                    13: 0.1512,
                                    14: 0.3604,
                                    15: 0.5064,
                                    16: 0.6339,
                                    17: 0.7977,
                                    18: 0.9982,
                                    19: 1.2038,
                                    20: 1.3951,
                                    21: 1.5739,
                                    22: 1.7466,
                                    23: 1.9112,
                                    24: 2.0593,
                                    25: 2.1835,
                                    26: 2.2802,
                                    27: 2.2934,
                                    28: 2.1322,
                                    29: 1.891,
                                    30: 1.7906,
                                    31: 1.8506,
                                    32: 1.9228,
                                    33: 1.9239,
                                    34: 1.886,
                                    35: 1.9472,
                                    36: 2.2289,
                                    37: 2.5113,
                                    38: 2.4441,
                                    39: 2.0701,
                                    40: 1.6778,
                                    41: 1.3928,
                                    42: 1.1396,
                                    43: 0.8254,
                                    44: 0.4495,
                                    45: 0.064,
                                    46: -0.2986,
                                    47: -0.6418,
                                    48: -0.9771,
                                    49: -1.3015,
                                    50: -1.6017,
                                    51: -1.8657,
                                    52: -2.0882,
                                    53: -2.2658,
                                    54: -2.3931,
                                    55: -2.3762,
                                    56: -2.068,
                                    57: -1.6275,
                                    58: -1.4159,
                                    59: -1.4607,
                                    60: -1.5143,
                                    61: -1.4433,
                                    62: -1.3063,
                                    63: -1.2803,
                                    64: -1.4875,
                                    65: -1.6813,
                                    66: -1.5014,
                                    67: -1.0106,
                                    68: -0.5184,
                                    69: -0.1539,
                                    70: 0.1638,
                                    71: 0.5284,
                                    72: 0.9352,
                                    73: 1.3257,
                                    74: 1.6633,
                                    75: 1.95,
                                    76: 2.1946,
                                    77: 2.3014,
                                    78: 2.1038,
                                    79: 1.7491,
                                    80: 1.6119,
                                    81: 1.735,
                                    82: 1.8703,
                                    83: 1.8769,
                                    84: 1.8107,
                                    85: 1.7691,
                                    86: 1.7719,
                                    87: 1.7801,
                                    88: 1.7654,
                                    89: 1.7332,
                                    90: 1.7006,
                                    91: 1.6734,
                                    92: 1.6459,
                                    93: 1.613,
                                    94: 1.5749,
                                    95: 1.5347,
                                    96: 1.4941,
                                    97: 1.4523,
                                    98: 1.4088,
                                    99: 1.3637,
                                    100: 1.3177,
                                    101: 1.2713,
                                    102: 1.2248,
                                    103: 1.1782,
                                    104: 1.1318,
                                    105: 1.086,
                                    106: 1.0411,
                                    107: 0.9973,
                                    108: 0.9549,
                                    109: 0.9142,
                                    110: 0.8754,
                                    111: 0.8388,
                                    112: 0.8046,
                                    113: 0.7731,
                                    114: 0.7444,
                                    115: 0.7187,
                                    116: 0.6963,
                                    117: 0.6773,
                                    118: 0.6619,
                                    119: 0.6501,
                                    120: 0.6422,
                                    121: 0.6248,
                                }
                            }
                        }

                        over "Ahoge_0_ctl"
                        {
                            double avars:rz.timeSamples = {
                                1: -0.6477,
                                2: -0.6903,
                                3: -0.7167,
                                4: -0.728,
                                5: -0.748,
                                6: -0.77,
                                7: -0.7796,
                                8: -0.7846,
                                9: -0.6882,
                                10: -0.4201,
                                11: -0.3828,
                                12: -0.7774,
                                13: -1.0533,
                                14: -1.0279,
                                15: -1.1135,
                                16: -1.3323,
                                17: -1.4035,
                                18: -1.3806,
                                19: -1.4384,
                                20: -1.499,
                                21: -1.4649,
                                22: -1.4119,
                                23: -1.3873,
                                24: -1.3291,
                                25: -1.2213,
                                26: -1.1094,
                                27: -0.8811,
                                28: -0.405,
                                29: -0.0811,
                                30: -0.2138,
                                31: -0.296,
                                32: -0.0802,
                                33: 0.0304,
                                34: -0.0344,
                                35: -0.1583,
                                36: -0.4696,
                                37: -0.4978,
                                38: 0.1413,
                                39: 0.6678,
                                40: 0.72,
                                41: 0.9066,
                                42: 1.3211,
                                43: 1.5338,
                                44: 1.586,
                                45: 1.7545,
                                46: 1.9442,
                                47: 1.993,
                                48: 2.0033,
                                49: 2.0585,
                                50: 2.0696,
                                51: 2.0023,
                                52: 1.9243,
                                53: 1.8419,
                                54: 1.7082,
                                55: 1.3488,
                                56: 0.6321,
                                57: 0.1879,
                                58: 0.4593,
                                59: 0.6443,
                                60: 0.3679,
                                61: 0.2567,
                                62: 0.4094,
                                63: 0.5542,
                                64: 0.8279,
                                65: 0.8431,
                                66: 0.2014,
                                67: -0.3405,
                                68: -0.396,
                                69: -0.5641,
                                70: -0.9576,
                                71: -1.1484,
                                72: -1.1647,
                                73: -1.2851,
                                74: -1.4229,
                                75: -1.4124,
                                76: -1.3514,
                                77: -1.1385,
                                78: -0.5105,
                                79: -0.0832,
                                80: -0.4229,
                                81: -0.7224,
                                82: -0.5222,
                                83: -0.4699,
                                84: -0.7134,
                                85: -0.7837,
                                86: -0.6952,
                                87: -0.7575,
                                88: -0.8854,
                                89: -0.8924,
                                90: -0.8803,
                                91: -0.9486,
                                92: -1.005,
                                93: -1.005,
                                94: -1.0209,
                                95: -1.0647,
                                96: -1.0848,
                                97: -1.0858,
                                98: -1.1006,
                                99: -1.1184,
                                100: -1.1194,
                                101: -1.1159,
                                102: -1.118,
                                103: -1.1151,
                                104: -1.103,
                                105: -1.09,
                                106: -1.0769,
                                107: -1.0583,
                                108: -1.0349,
                                109: -1.0106,
                                110: -0.9841,
                                111: -0.9534,
                                112: -0.9203,
                                113: -0.8857,
                                114: -0.8489,
                                115: -0.8095,
                                116: -0.7686,
                                117: -0.7266,
                                118: -0.6831,
                                119: -0.6383,
                                120: -0.593,
                                121: -0.6477,
                            }

                            over "Ahoge_1_ctl"
                            {
                                double avars:rz.timeSamples = {
                                    1: -0.74,
                                    2: -0.7163,
                                    3: -0.7171,
                                    4: -0.7953,
                                    5: -0.8314,
                                    6: -0.8187,
                                    7: -0.8386,
                                    8: -0.8756,
                                    9: -0.785,
                                    10: -0.5326,
                                    11: -0.433,
                                    12: -0.6137,
                                    13: -0.7177,
                                    14: -0.6453,
                                    15: -0.6593,
                                    16: -0.7628,
                                    17: -0.7796,
                                    18: -0.7505,
                                    19: -0.7837,
                                    20: -0.8259,
                                    21: -0.8181,
                                    22: -0.8106,
                                    23: -0.8309,
                                    24: -0.8392,
                                    25: -0.8271,
                                    26: -0.8238,
                                    27: -0.727,
                                    28: -0.4268,
                                    29: -0.1969,
                                    30: -0.2525,
                                    31: -0.2847,
                                    32: -0.1362,
                                    33: -0.0492,
                                    34: -0.0679,
                                    35: -0.1733,
                                    36: -0.4727,
                                    37: -0.6159,
                                    38: -0.3215,
                                    39: -0.0767,
                                    40: -0.1155,
                                    41: -0.0559,
                                    42: 0.1652,
                                    43: 0.2769,
                                    44: 0.3022,
                                    45: 0.4162,
                                    46: 0.5607,
                                    47: 0.6324,
                                    48: 0.695,
                                    49: 0.8016,
                                    50: 0.8967,
                                    51: 0.9579,
                                    52: 1.0277,
                                    53: 1.1104,
                                    54: 1.1766,
                                    55: 1.0669,
                                    56: 0.6551,
                                    57: 0.3743,
                                    58: 0.5423,
                                    59: 0.6605,
                                    60: 0.483,
                                    61: 0.4026,
                                    62: 0.489,
                                    63: 0.6167,
                                    64: 0.8928,
                                    65: 1.022,
                                    66: 0.7125,
                                    67: 0.4326,
                                    68: 0.4332,
                                    69: 0.3409,
                                    70: 0.079,
                                    71: -0.0839,
                                    72: -0.1612,
                                    73: -0.3287,
                                    74: -0.5342,
                                    75: -0.6725,
                                    76: -0.8034,
                                    77: -0.8131,
                                    78: -0.4888,
                                    79: -0.252,
                                    80: -0.4983,
                                    81: -0.7223,
                                    82: -0.6233,
                                    83: -0.6133,
                                    84: -0.7949,
                                    85: -0.8676,
                                    86: -0.8349,
                                    87: -0.8966,
                                    88: -1.0012,
                                    89: -1.0274,
                                    90: -1.0386,
                                    91: -1.1,
                                    92: -1.1532,
                                    93: -1.1683,
                                    94: -1.1915,
                                    95: -1.2311,
                                    96: -1.2542,
                                    97: -1.2628,
                                    98: -1.2785,
                                    99: -1.2944,
                                    100: -1.2978,
                                    101: -1.2962,
                                    102: -1.2964,
                                    103: -1.2917,
                                    104: -1.2793,
                                    105: -1.2644,
                                    106: -1.2478,
                                    107: -1.226,
                                    108: -1.1996,
                                    109: -1.1709,
                                    110: -1.1394,
                                    111: -1.1038,
                                    112: -1.0653,
                                    113: -1.0247,
                                    114: -0.9815,
                                    115: -0.9356,
                                    116: -0.8879,
                                    117: -0.8387,
                                    118: -0.7879,
                                    119: -0.7357,
                                    120: -0.6827,
                                    121: -0.74,
                                }

                                over "Ahoge_2_ctl"
                                {
                                    double avars:rz.timeSamples = {
                                        1: -0.74,
                                        2: -0.7163,
                                        3: -0.7171,
                                        4: -0.7953,
                                        5: -0.8314,
                                        6: -0.8187,
                                        7: -0.8386,
                                        8: -0.8756,
                                        9: -0.785,
                                        10: -0.5326,
                                        11: -0.433,
                                        12: -0.6137,
                                        13: -0.7177,
                                        14: -0.6453,
                                        15: -0.6593,
                                        16: -0.7628,
                                        17: -0.7796,
                                        18: -0.7505,
                                        19: -0.7837,
                                        20: -0.8259,
                                        21: -0.8181,
                                        22: -0.8106,
                                        23: -0.8309,
                                        24: -0.8392,
                                        25: -0.8271,
                                        26: -0.8238,
                                        27: -0.727,
                                        28: -0.4268,
                                        29: -0.1969,
                                        30: -0.2525,
                                        31: -0.2847,
                                        32: -0.1362,
                                        33: -0.0492,
                                        34: -0.0679,
                                        35: -0.1733,
                                        36: -0.4727,
                                        37: -0.6159,
                                        38: -0.3215,
                                        39: -0.0767,
                                        40: -0.1155,
                                        41: -0.0559,
                                        42: 0.1652,
                                        43: 0.2769,
                                        44: 0.3022,
                                        45: 0.4162,
                                        46: 0.5607,
                                        47: 0.6324,
                                        48: 0.695,
                                        49: 0.8016,
                                        50: 0.8967,
                                        51: 0.9579,
                                        52: 1.0277,
                                        53: 1.1104,
                                        54: 1.1766,
                                        55: 1.0669,
                                        56: 0.6551,
                                        57: 0.3743,
                                        58: 0.5423,
                                        59: 0.6605,
                                        60: 0.483,
                                        61: 0.4026,
                                        62: 0.489,
                                        63: 0.6167,
                                        64: 0.8928,
                                        65: 1.022,
                                        66: 0.7125,
                                        67: 0.4326,
                                        68: 0.4332,
                                        69: 0.3409,
                                        70: 0.079,
                                        71: -0.0839,
                                        72: -0.1612,
                                        73: -0.3287,
                                        74: -0.5342,
                                        75: -0.6725,
                                        76: -0.8034,
                                        77: -0.8131,
                                        78: -0.4888,
                                        79: -0.252,
                                        80: -0.4983,
                                        81: -0.7223,
                                        82: -0.6233,
                                        83: -0.6133,
                                        84: -0.7949,
                                        85: -0.8676,
                                        86: -0.8349,
                                        87: -0.8966,
                                        88: -1.0012,
                                        89: -1.0274,
                                        90: -1.0386,
                                        91: -1.1,
                                        92: -1.1532,
                                        93: -1.1683,
                                        94: -1.1915,
                                        95: -1.2311,
                                        96: -1.2542,
                                        97: -1.2628,
                                        98: -1.2785,
                                        99: -1.2944,
                                        100: -1.2978,
                                        101: -1.2962,
                                        102: -1.2964,
                                        103: -1.2917,
                                        104: -1.2793,
                                        105: -1.2644,
                                        106: -1.2478,
                                        107: -1.226,
                                        108: -1.1996,
                                        109: -1.1709,
                                        110: -1.1394,
                                        111: -1.1038,
                                        112: -1.0653,
                                        113: -1.0247,
                                        114: -0.9815,
                                        115: -0.9356,
                                        116: -0.8879,
                                        117: -0.8387,
                                        118: -0.7879,
                                        119: -0.7357,
                                        120: -0.6827,
                                        121: -0.74,
                                    }
                                }
                            }
                        }

                        over "Back_R_0_ctl"
                        {
                            double avars:rz.timeSamples = {
                                1: -0.1679,
                                2: -0.079,
                                3: -0.0345,
                                4: -0.0272,
                                5: -0.0397,
                                6: -0.0524,
                                7: -0.0501,
                                8: -0.0263,
                                9: 0.0033,
                                10: -0.0008,
                                11: 0.018,
                                12: 0.12,
                                13: 0.2713,
                                14: 0.4404,
                                15: 0.6057,
                                16: 0.7592,
                                17: 0.9043,
                                18: 1.0507,
                                19: 1.2085,
                                20: 1.3834,
                                21: 1.5745,
                                22: 1.7745,
                                23: 1.9722,
                                24: 2.1553,
                                25: 2.3135,
                                26: 2.4395,
                                27: 2.5149,
                                28: 2.4998,
                                29: 2.4526,
                                30: 2.455,
                                31: 2.488,
                                32: 2.5276,
                                33: 2.5574,
                                34: 2.5666,
                                35: 2.5744,
                                36: 2.6363,
                                37: 2.6527,
                                38: 2.5197,
                                39: 2.2897,
                                40: 2.0159,
                                41: 1.737,
                                42: 1.4706,
                                43: 1.2143,
                                44: 0.9531,
                                45: 0.6694,
                                46: 0.3515,
                                47: -0.0024,
                                48: -0.3829,
                                49: -0.7734,
                                50: -1.1545,
                                51: -1.5088,
                                52: -1.8238,
                                53: -2.0925,
                                54: -2.3126,
                                55: -2.4595,
                                56: -2.4706,
                                57: -2.4393,
                                58: -2.4943,
                                59: -2.6096,
                                60: -2.7454,
                                61: -2.8626,
                                62: -2.9361,
                                63: -2.9818,
                                64: -3.0605,
                                65: -3.0794,
                                66: -2.9494,
                                67: -2.7379,
                                68: -2.5061,
                                69: -2.2937,
                                70: -2.114,
                                71: -1.9592,
                                72: -1.81,
                                73: -1.6481,
                                74: -1.4646,
                                75: -1.2638,
                                76: -1.0621,
                                77: -0.9076,
                                78: -0.8901,
                                79: -0.9337,
                                80: -0.9098,
                                81: -0.8349,
                                82: -0.7381,
                                83: -0.6536,
                                84: -0.6031,
                                85: -0.5923,
                                86: -0.6124,
                                87: -0.6462,
                                88: -0.6757,
                                89: -0.6878,
                                90: -0.6777,
                                91: -0.6485,
                                92: -0.6084,
                                93: -0.5668,
                                94: -0.5314,
                                95: -0.506,
                                96: -0.4901,
                                97: -0.4802,
                                98: -0.4717,
                                99: -0.4604,
                                100: -0.4441,
                                101: -0.4226,
                                102: -0.3976,
                                103: -0.3717,
                                104: -0.3472,
                                105: -0.3258,
                                106: -0.3079,
                                107: -0.2931,
                                108: -0.2804,
                                109: -0.2685,
                                110: -0.2568,
                                111: -0.2449,
                                112: -0.2332,
                                113: -0.2221,
                                114: -0.2126,
                                115: -0.205,
                                116: -0.1998,
                                117: -0.197,
                                118: -0.1962,
                                119: -0.1974,
                                120: -0.2001,
                                121: -0.1679,
                            }

                            over "Back_R_1_ctl"
                            {
                                double avars:rz.timeSamples = {
                                    1: -0.1314,
                                    2: -0.1071,
                                    3: -0.0787,
                                    4: -0.0452,
                                    5: -0.0081,
                                    6: 0.0303,
                                    7: 0.0674,
                                    8: 0.1013,
                                    9: 0.1232,
                                    10: 0.1144,
                                    11: 0.0808,
                                    12: 0.0679,
                                    13: 0.125,
                                    14: 0.2784,
                                    15: 0.5259,
                                    16: 0.8424,
                                    17: 1.1915,
                                    18: 1.5374,
                                    19: 1.855,
                                    20: 2.1332,
                                    21: 2.3739,
                                    22: 2.5864,
                                    23: 2.7812,
                                    24: 2.9642,
                                    25: 3.1346,
                                    26: 3.2844,
                                    27: 3.3924,
                                    28: 3.4215,
                                    29: 3.3568,
                                    30: 3.231,
                                    31: 3.0961,
                                    32: 2.9943,
                                    33: 2.9462,
                                    34: 2.9493,
                                    35: 2.9975,
                                    36: 3.0952,
                                    37: 3.2118,
                                    38: 3.2628,
                                    39: 3.1678,
                                    40: 2.8923,
                                    41: 2.4511,
                                    42: 1.8951,
                                    43: 1.2895,
                                    44: 0.6925,
                                    45: 0.1409,
                                    46: -0.3541,
                                    47: -0.802,
                                    48: -1.2224,
                                    49: -1.6342,
                                    50: -2.0464,
                                    51: -2.4553,
                                    52: -2.8455,
                                    53: -3.1949,
                                    54: -3.4805,
                                    55: -3.6691,
                                    56: -3.7111,
                                    57: -3.5968,
                                    58: -3.3927,
                                    59: -3.1911,
                                    60: -3.0617,
                                    61: -3.0342,
                                    62: -3.0981,
                                    63: -3.2288,
                                    64: -3.4091,
                                    65: -3.59,
                                    66: -3.6775,
                                    67: -3.5947,
                                    68: -3.3207,
                                    69: -2.8888,
                                    70: -2.3673,
                                    71: -1.8336,
                                    72: -1.3513,
                                    73: -0.9567,
                                    74: -0.6576,
                                    75: -0.4405,
                                    76: -0.2842,
                                    77: -0.1866,
                                    78: -0.1827,
                                    79: -0.289,
                                    80: -0.459,
                                    81: -0.6226,
                                    82: -0.7278,
                                    83: -0.7527,
                                    84: -0.7056,
                                    85: -0.6158,
                                    86: -0.5189,
                                    87: -0.4448,
                                    88: -0.4086,
                                    89: -0.4099,
                                    90: -0.436,
                                    91: -0.4688,
                                    92: -0.4922,
                                    93: -0.4961,
                                    94: -0.4793,
                                    95: -0.4468,
                                    96: -0.4078,
                                    97: -0.3713,
                                    98: -0.3432,
                                    99: -0.3256,
                                    100: -0.3167,
                                    101: -0.3123,
                                    102: -0.3079,
                                    103: -0.3,
                                    104: -0.2872,
                                    105: -0.2701,
                                    106: -0.2507,
                                    107: -0.2317,
                                    108: -0.2149,
                                    109: -0.2017,
                                    110: -0.192,
                                    111: -0.185,
                                    112: -0.1796,
                                    113: -0.1747,
                                    114: -0.1698,
                                    115: -0.1647,
                                    116: -0.1598,
                                    117: -0.1558,
                                    118: -0.1533,
                                    119: -0.1527,
                                    120: -0.1542,
                                    121: -0.1314,
                                }

                                over "Back_R_2_ctl"
                                {
                                    double avars:rz.timeSamples = {
                                        1: -0.1316,
                                        2: -0.1095,
                                        3: -0.0861,
                                        4: -0.0605,
                                        5: -0.0326,
                                        6: -0.0033,
                                        7: 0.0262,
                                        8: 0.0545,
                                        9: 0.0728,
                                        10: 0.0618,
                                        11: 0.0241,
                                        12: -0.0011,
                                        13: 0.0292,
                                        14: 0.1379,
                                        15: 0.323,
                                        16: 0.5632,
                                        17: 0.8275,
                                        18: 1.0865,
                                        19: 1.3196,
                                        20: 1.5189,
                                        21: 1.6875,
                                        22: 1.8346,
                                        23: 1.9703,
                                        24: 2.1005,
                                        25: 2.2252,
                                        26: 2.3384,
                                        27: 2.4212,
                                        28: 2.4396,
                                        29: 2.3788,
                                        30: 2.2668,
                                        31: 2.1493,
                                        32: 2.0626,
                                        33: 2.0238,
                                        34: 2.0302,
                                        35: 2.0771,
                                        36: 2.1724,
                                        37: 2.2923,
                                        38: 2.3637,
                                        39: 2.3161,
                                        40: 2.1202,
                                        41: 1.7894,
                                        42: 1.3681,
                                        43: 0.9119,
                                        44: 0.4694,
                                        45: 0.0702,
                                        46: -0.2788,
                                        47: -0.5884,
                                        48: -0.8777,
                                        49: -1.1645,
                                        50: -1.4579,
                                        51: -1.7554,
                                        52: -2.0449,
                                        53: -2.3084,
                                        54: -2.5275,
                                        55: -2.6731,
                                        56: -2.6992,
                                        57: -2.5946,
                                        58: -2.4165,
                                        59: -2.2455,
                                        60: -2.1409,
                                        61: -2.1265,
                                        62: -2.1912,
                                        63: -2.3139,
                                        64: -2.4835,
                                        65: -2.6603,
                                        66: -2.7631,
                                        67: -2.7246,
                                        68: -2.5271,
                                        69: -2.1997,
                                        70: -1.8007,
                                        71: -1.3956,
                                        72: -1.0363,
                                        73: -0.7511,
                                        74: -0.5428,
                                        75: -0.3968,
                                        76: -0.2919,
                                        77: -0.2263,
                                        78: -0.2339,
                                        79: -0.3326,
                                        80: -0.4827,
                                        81: -0.6234,
                                        82: -0.7106,
                                        83: -0.727,
                                        84: -0.6817,
                                        85: -0.6008,
                                        86: -0.5157,
                                        87: -0.4516,
                                        88: -0.4211,
                                        89: -0.4228,
                                        90: -0.445,
                                        91: -0.472,
                                        92: -0.4898,
                                        93: -0.4903,
                                        94: -0.4725,
                                        95: -0.4416,
                                        96: -0.4054,
                                        97: -0.3718,
                                        98: -0.3458,
                                        99: -0.329,
                                        100: -0.3196,
                                        101: -0.3139,
                                        102: -0.308,
                                        103: -0.2988,
                                        104: -0.2855,
                                        105: -0.2685,
                                        106: -0.2497,
                                        107: -0.2314,
                                        108: -0.2154,
                                        109: -0.2025,
                                        110: -0.1928,
                                        111: -0.1856,
                                        112: -0.1798,
                                        113: -0.1746,
                                        114: -0.1694,
                                        115: -0.1642,
                                        116: -0.1594,
                                        117: -0.1556,
                                        118: -0.1533,
                                        119: -0.1528,
                                        120: -0.1544,
                                        121: -0.1316,
                                    }

                                    over "Back_R_3_ctl"
                                    {
                                        double avars:rz.timeSamples = {
                                            1: -0.1317,
                                            2: -0.1106,
                                            3: -0.0899,
                                            4: -0.0681,
                                            5: -0.0448,
                                            6: -0.02,
                                            7: 0.0056,
                                            8: 0.0312,
                                            9: 0.0476,
                                            10: 0.0355,
                                            11: -0.0042,
                                            12: -0.0357,
                                            13: -0.0187,
                                            14: 0.0676,
                                            15: 0.2216,
                                            16: 0.4236,
                                            17: 0.6456,
                                            18: 0.861,
                                            19: 1.0519,
                                            20: 1.2118,
                                            21: 1.3443,
                                            22: 1.4588,
                                            23: 1.5648,
                                            24: 1.6686,
                                            25: 1.7705,
                                            26: 1.8653,
                                            27: 1.9356,
                                            28: 1.9487,
                                            29: 1.8898,
                                            30: 1.7848,
                                            31: 1.6759,
                                            32: 1.5967,
                                            33: 1.5627,
                                            34: 1.5706,
                                            35: 1.617,
                                            36: 1.711,
                                            37: 1.8326,
                                            38: 1.9142,
                                            39: 1.8903,
                                            40: 1.7341,
                                            41: 1.4586,
                                            42: 1.1045,
                                            43: 0.723,
                                            44: 0.3579,
                                            45: 0.0349,
                                            46: -0.2412,
                                            47: -0.4816,
                                            48: -0.7054,
                                            49: -0.9297,
                                            50: -1.1636,
                                            51: -1.4055,
                                            52: -1.6446,
                                            53: -1.8652,
                                            54: -2.051,
                                            55: -2.1751,
                                            56: -2.1933,
                                            57: -2.0934,
                                            58: -1.9284,
                                            59: -1.7727,
                                            60: -1.6805,
                                            61: -1.6726,
                                            62: -1.7377,
                                            63: -1.8564,
                                            64: -2.0206,
                                            65: -2.1954,
                                            66: -2.3059,
                                            67: -2.2896,
                                            68: -2.1303,
                                            69: -1.8551,
                                            70: -1.5174,
                                            71: -1.1765,
                                            72: -0.8789,
                                            73: -0.6483,
                                            74: -0.4855,
                                            75: -0.375,
                                            76: -0.2958,
                                            77: -0.2462,
                                            78: -0.2595,
                                            79: -0.3543,
                                            80: -0.4945,
                                            81: -0.6237,
                                            82: -0.702,
                                            83: -0.7142,
                                            84: -0.6697,
                                            85: -0.5933,
                                            86: -0.514,
                                            87: -0.455,
                                            88: -0.4273,
                                            89: -0.4292,
                                            90: -0.4495,
                                            91: -0.4736,
                                            92: -0.4886,
                                            93: -0.4873,
                                            94: -0.4692,
                                            95: -0.439,
                                            96: -0.4042,
                                            97: -0.3721,
                                            98: -0.3472,
                                            99: -0.3308,
                                            100: -0.3211,
                                            101: -0.3148,
                                            102: -0.308,
                                            103: -0.2983,
                                            104: -0.2846,
                                            105: -0.2677,
                                            106: -0.2492,
                                            107: -0.2313,
                                            108: -0.2156,
                                            109: -0.203,
                                            110: -0.1933,
                                            111: -0.1859,
                                            112: -0.1799,
                                            113: -0.1745,
                                            114: -0.1692,
                                            115: -0.164,
                                            116: -0.1592,
                                            117: -0.1555,
                                            118: -0.1533,
                                            119: -0.1529,
                                            120: -0.1545,
                                            121: -0.1317,
                                        }
                                    }
                                }
                            }
                        }

                        over "Back_L_0_ctl"
                        {
                            double avars:rz.timeSamples = {
                                1: 0.3509,
                                2: 0.434,
                                3: 0.4702,
                                4: 0.4669,
                                5: 0.4414,
                                6: 0.4136,
                                7: 0.3987,
                                8: 0.4033,
                                9: 0.4119,
                                10: 0.385,
                                11: 0.3796,
                                12: 0.4559,
                                13: 0.5805,
                                14: 0.7216,
                                15: 0.8581,
                                16: 0.9821,
                                17: 1.0971,
                                18: 1.2131,
                                19: 1.3404,
                                20: 1.4849,
                                21: 1.6457,
                                22: 1.8158,
                                23: 1.9842,
                                24: 2.1388,
                                25: 2.2694,
                                26: 2.369,
                                27: 2.4192,
                                28: 2.3803,
                                29: 2.3109,
                                30: 2.2929,
                                31: 2.3074,
                                32: 2.3304,
                                33: 2.3458,
                                34: 2.3429,
                                35: 2.3408,
                                36: 2.3953,
                                37: 2.4067,
                                38: 2.2713,
                                39: 2.0415,
                                40: 1.7704,
                                41: 1.497,
                                42: 1.2387,
                                43: 0.9932,
                                44: 0.7455,
                                45: 0.4779,
                                46: 0.1786,
                                47: -0.1541,
                                48: -0.511,
                                49: -0.8754,
                                50: -1.2282,
                                51: -1.552,
                                52: -1.8343,
                                53: -2.0686,
                                54: -2.2522,
                                55: -2.361,
                                56: -2.3325,
                                57: -2.2602,
                                58: -2.273,
                                59: -2.345,
                                60: -2.4366,
                                61: -2.509,
                                62: -2.537,
                                63: -2.5369,
                                64: -2.5697,
                                65: -2.5428,
                                66: -2.3671,
                                67: -2.1104,
                                68: -1.8339,
                                69: -1.5776,
                                70: -1.355,
                                71: -1.1583,
                                72: -0.9685,
                                73: -0.7675,
                                74: -0.5465,
                                75: -0.3099,
                                76: -0.0743,
                                77: 0.1121,
                                78: 0.1595,
                                79: 0.1433,
                                80: 0.1925,
                                81: 0.2903,
                                82: 0.4073,
                                83: 0.5097,
                                84: 0.5754,
                                85: 0.5987,
                                86: 0.5885,
                                87: 0.562,
                                88: 0.5371,
                                89: 0.5269,
                                90: 0.5362,
                                91: 0.5622,
                                92: 0.5965,
                                93: 0.6299,
                                94: 0.6546,
                                95: 0.667,
                                96: 0.6678,
                                97: 0.6604,
                                98: 0.6497,
                                99: 0.64,
                                100: 0.6337,
                                101: 0.6309,
                                102: 0.6302,
                                103: 0.6293,
                                104: 0.6259,
                                105: 0.6185,
                                106: 0.6068,
                                107: 0.5916,
                                108: 0.574,
                                109: 0.5553,
                                110: 0.5365,
                                111: 0.5181,
                                112: 0.5,
                                113: 0.4818,
                                114: 0.4628,
                                115: 0.4427,
                                116: 0.4215,
                                117: 0.3992,
                                118: 0.3761,
                                119: 0.3528,
                                120: 0.3297,
                                121: 0.3509,
                            }

                            over "Back_L_1_ctl"
                            {
                                double avars:rz.timeSamples = {
                                    1: 0.2722,
                                    2: 0.2919,
                                    3: 0.3139,
                                    4: 0.3391,
                                    5: 0.3661,
                                    6: 0.3927,
                                    7: 0.4164,
                                    8: 0.4355,
                                    9: 0.441,
                                    10: 0.4145,
                                    11: 0.3621,
                                    12: 0.3292,
                                    13: 0.3655,
                                    14: 0.4971,
                                    15: 0.7222,
                                    16: 1.0158,
                                    17: 1.3415,
                                    18: 1.6638,
                                    19: 1.9576,
                                    20: 2.2121,
                                    21: 2.4293,
                                    22: 2.6186,
                                    23: 2.7905,
                                    24: 2.9514,
                                    25: 3.1003,
                                    26: 3.2296,
                                    27: 3.3179,
                                    28: 3.3285,
                                    29: 3.2466,
                                    30: 3.1049,
                                    31: 2.9556,
                                    32: 2.8409,
                                    33: 2.7816,
                                    34: 2.7753,
                                    35: 2.8158,
                                    36: 2.9077,
                                    37: 3.0204,
                                    38: 3.0696,
                                    39: 2.9747,
                                    40: 2.7014,
                                    41: 2.2644,
                                    42: 1.7147,
                                    43: 1.1175,
                                    44: 0.531,
                                    45: -0.0081,
                                    46: -0.4886,
                                    47: -0.92,
                                    48: -1.322,
                                    49: -1.7135,
                                    50: -2.1038,
                                    51: -2.4889,
                                    52: -2.8537,
                                    53: -3.1762,
                                    54: -3.4336,
                                    55: -3.5925,
                                    56: -3.6037,
                                    57: -3.4576,
                                    58: -3.2206,
                                    59: -2.9853,
                                    60: -2.8215,
                                    61: -2.7591,
                                    62: -2.7877,
                                    63: -2.8828,
                                    64: -3.0274,
                                    65: -3.1726,
                                    66: -3.2247,
                                    67: -3.1067,
                                    68: -2.7979,
                                    69: -2.3319,
                                    70: -1.7769,
                                    71: -1.2107,
                                    72: -0.6968,
                                    73: -0.2718,
                                    74: 0.0565,
                                    75: 0.3014,
                                    76: 0.4841,
                                    77: 0.6065,
                                    78: 0.6336,
                                    79: 0.5487,
                                    80: 0.3984,
                                    81: 0.2525,
                                    82: 0.1632,
                                    83: 0.1521,
                                    84: 0.211,
                                    85: 0.3106,
                                    86: 0.4151,
                                    87: 0.4949,
                                    88: 0.5346,
                                    89: 0.5348,
                                    90: 0.5082,
                                    91: 0.4728,
                                    92: 0.445,
                                    93: 0.4346,
                                    94: 0.4432,
                                    95: 0.4655,
                                    96: 0.4927,
                                    97: 0.5159,
                                    98: 0.5291,
                                    99: 0.5303,
                                    100: 0.5216,
                                    101: 0.5071,
                                    102: 0.4915,
                                    103: 0.4785,
                                    104: 0.4696,
                                    105: 0.4643,
                                    106: 0.4607,
                                    107: 0.4565,
                                    108: 0.4496,
                                    109: 0.4391,
                                    110: 0.4251,
                                    111: 0.4085,
                                    112: 0.3907,
                                    113: 0.3727,
                                    114: 0.3555,
                                    115: 0.3392,
                                    116: 0.3235,
                                    117: 0.3079,
                                    118: 0.2919,
                                    119: 0.2753,
                                    120: 0.2579,
                                    121: 0.2722,
                                }

                                over "Back_L_2_ctl"
                                {
                                    double avars:rz.timeSamples = {
                                        1: 0.272,
                                        2: 0.2896,
                                        3: 0.3065,
                                        4: 0.3238,
                                        5: 0.3416,
                                        6: 0.3592,
                                        7: 0.3752,
                                        8: 0.3887,
                                        9: 0.3906,
                                        10: 0.3619,
                                        11: 0.3054,
                                        12: 0.2602,
                                        13: 0.2697,
                                        14: 0.3566,
                                        15: 0.5193,
                                        16: 0.7365,
                                        17: 0.9775,
                                        18: 1.2128,
                                        19: 1.4222,
                                        20: 1.5978,
                                        21: 1.7429,
                                        22: 1.8668,
                                        23: 1.9796,
                                        24: 2.0877,
                                        25: 2.1909,
                                        26: 2.2835,
                                        27: 2.3467,
                                        28: 2.3467,
                                        29: 2.2686,
                                        30: 2.1408,
                                        31: 2.0088,
                                        32: 1.9092,
                                        33: 1.8593,
                                        34: 1.8561,
                                        35: 1.8954,
                                        36: 1.9849,
                                        37: 2.101,
                                        38: 2.1705,
                                        39: 2.123,
                                        40: 1.9293,
                                        41: 1.6027,
                                        42: 1.1877,
                                        43: 0.7399,
                                        44: 0.308,
                                        45: -0.0788,
                                        46: -0.4133,
                                        47: -0.7064,
                                        48: -0.9773,
                                        49: -1.2439,
                                        50: -1.5152,
                                        51: -1.789,
                                        52: -2.0532,
                                        53: -2.2898,
                                        54: -2.4805,
                                        55: -2.5965,
                                        56: -2.5918,
                                        57: -2.4553,
                                        58: -2.2444,
                                        59: -2.0397,
                                        60: -1.9007,
                                        61: -1.8514,
                                        62: -1.8808,
                                        63: -1.9679,
                                        64: -2.1018,
                                        65: -2.2429,
                                        66: -2.3103,
                                        67: -2.2366,
                                        68: -2.0043,
                                        69: -1.6427,
                                        70: -1.2104,
                                        71: -0.7726,
                                        72: -0.3819,
                                        73: -0.0662,
                                        74: 0.1712,
                                        75: 0.3451,
                                        76: 0.4764,
                                        77: 0.5668,
                                        78: 0.5824,
                                        79: 0.5052,
                                        80: 0.3747,
                                        81: 0.2518,
                                        82: 0.1804,
                                        83: 0.1777,
                                        84: 0.2349,
                                        85: 0.3256,
                                        86: 0.4184,
                                        87: 0.4881,
                                        88: 0.5222,
                                        89: 0.522,
                                        90: 0.4992,
                                        91: 0.4696,
                                        92: 0.4473,
                                        93: 0.4405,
                                        94: 0.4499,
                                        95: 0.4708,
                                        96: 0.4951,
                                        97: 0.5154,
                                        98: 0.5264,
                                        99: 0.5269,
                                        100: 0.5186,
                                        101: 0.5054,
                                        102: 0.4915,
                                        103: 0.4797,
                                        104: 0.4714,
                                        105: 0.466,
                                        106: 0.4618,
                                        107: 0.4567,
                                        108: 0.4491,
                                        109: 0.4382,
                                        110: 0.4242,
                                        111: 0.4079,
                                        112: 0.3904,
                                        113: 0.3729,
                                        114: 0.3559,
                                        115: 0.3396,
                                        116: 0.3238,
                                        117: 0.308,
                                        118: 0.2919,
                                        119: 0.2751,
                                        120: 0.2577,
                                        121: 0.272,
                                    }

                                    over "Back_L_3_ctl"
                                    {
                                        double avars:rz.timeSamples = {
                                            1: 0.2719,
                                            2: 0.2884,
                                            3: 0.3027,
                                            4: 0.3162,
                                            5: 0.3294,
                                            6: 0.3424,
                                            7: 0.3546,
                                            8: 0.3653,
                                            9: 0.3654,
                                            10: 0.3356,
                                            11: 0.277,
                                            12: 0.2257,
                                            13: 0.2218,
                                            14: 0.2863,
                                            15: 0.4179,
                                            16: 0.5969,
                                            17: 0.7956,
                                            18: 0.9874,
                                            19: 1.1545,
                                            20: 1.2907,
                                            21: 1.3997,
                                            22: 1.4909,
                                            23: 1.5742,
                                            24: 1.6558,
                                            25: 1.7362,
                                            26: 1.8104,
                                            27: 1.8611,
                                            28: 1.8557,
                                            29: 1.7796,
                                            30: 1.6587,
                                            31: 1.5355,
                                            32: 1.4433,
                                            33: 1.3981,
                                            34: 1.3965,
                                            35: 1.4352,
                                            36: 1.5235,
                                            37: 1.6413,
                                            38: 1.7209,
                                            39: 1.6972,
                                            40: 1.5432,
                                            41: 1.2719,
                                            42: 0.9242,
                                            43: 0.5511,
                                            44: 0.1964,
                                            45: -0.1141,
                                            46: -0.3757,
                                            47: -0.5996,
                                            48: -0.805,
                                            49: -1.009,
                                            50: -1.2209,
                                            51: -1.4391,
                                            52: -1.6529,
                                            53: -1.8465,
                                            54: -2.004,
                                            55: -2.0985,
                                            56: -2.0859,
                                            57: -1.9542,
                                            58: -1.7563,
                                            59: -1.5669,
                                            60: -1.4403,
                                            61: -1.3975,
                                            62: -1.4273,
                                            63: -1.5105,
                                            64: -1.6389,
                                            65: -1.7781,
                                            66: -1.8531,
                                            67: -1.8015,
                                            68: -1.6075,
                                            69: -1.2981,
                                            70: -0.9271,
                                            71: -0.5536,
                                            72: -0.2244,
                                            73: 0.0366,
                                            74: 0.2286,
                                            75: 0.367,
                                            76: 0.4725,
                                            77: 0.5469,
                                            78: 0.5568,
                                            79: 0.4834,
                                            80: 0.3629,
                                            81: 0.2514,
                                            82: 0.189,
                                            83: 0.1905,
                                            84: 0.2469,
                                            85: 0.3331,
                                            86: 0.42,
                                            87: 0.4847,
                                            88: 0.5159,
                                            89: 0.5155,
                                            90: 0.4947,
                                            91: 0.468,
                                            92: 0.4485,
                                            93: 0.4434,
                                            94: 0.4533,
                                            95: 0.4734,
                                            96: 0.4963,
                                            97: 0.5151,
                                            98: 0.5251,
                                            99: 0.5251,
                                            100: 0.5171,
                                            101: 0.5046,
                                            102: 0.4914,
                                            103: 0.4803,
                                            104: 0.4722,
                                            105: 0.4668,
                                            106: 0.4623,
                                            107: 0.4568,
                                            108: 0.4489,
                                            109: 0.4378,
                                            110: 0.4238,
                                            111: 0.4076,
                                            112: 0.3903,
                                            113: 0.373,
                                            114: 0.3561,
                                            115: 0.3399,
                                            116: 0.324,
                                            117: 0.3081,
                                            118: 0.2919,
                                            119: 0.275,
                                            120: 0.2575,
                                            121: 0.2719,
                                        }
                                    }
                                }
                            }
                        }
                    }
                }

                over "Torso_ctl"
                {
                    double avars:ry.timeSamples = {
                        1: 0,
                        2: 0,
                        3: 0,
                        4: 0,
                        5: 0,
                        6: 0,
                        7: 0,
                        8: 0,
                        9: 0,
                        10: 0,
                        11: 0,
                        12: 0,
                        13: 0,
                        14: 0,
                        15: 0.0802,
                        16: 0.3086,
                        17: 0.6667,
                        18: 1.1358,
                        19: 1.6975,
                        20: 2.3333,
                        21: 3.0247,
                        22: 3.7531,
                        23: 4.5,
                        24: 5.2469,
                        25: 5.9753,
                        26: 6.6667,
                        27: 7.3025,
                        28: 7.8642,
                        29: 8.3333,
                        30: 8.6914,
                        31: 8.9198,
                        32: 9,
                        33: 9,
                        34: 9,
                        35: 9,
                        36: 9,
                        37: 9,
                        38: 9,
                        39: 9,
                        40: 9,
                        41: 8.8695,
                        42: 8.496,
                        43: 7.9065,
                        44: 7.128,
                        45: 6.1875,
                        46: 5.112,
                        47: 3.9285,
                        48: 2.664,
                        49: 1.3455,
                        50: 0,
                        51: -1.3455,
                        52: -2.664,
                        53: -3.9285,
                        54: -5.112,
                        55: -6.1875,
                        56: -7.128,
                        57: -7.9065,
                        58: -8.496,
                        59: -8.8695,
                        60: -9,
                        61: -9,
                        62: -9,
                        63: -9,
                        64: -9,
                        65: -9,
                        66: -9,
                        67: -9,
                        68: -9,
                        69: -8.8688,
                        70: -8.5015,
                        71: -7.9373,
                        72: -7.2157,
                        73: -6.3761,
                        74: -5.4577,
                        75: -4.5,
                        76: -3.5423,
                        77: -2.6239,
                        78: -1.7843,
                        79: -1.0627,
                        80: -0.4985,
                        81: -0.1312,
                        82: 0,
                        83: 0,
                        84: 0,
                        85: 0,
                        86: 0,
                        87: 0,
                        88: 0,
                        89: 0,
                        90: 0,
                        91: 0,
                        92: 0,
                        93: 0,
                        94: 0,
                        95: 0,
                        96: 0,
                        97: 0,
                        98: 0,
                        99: 0,
                        100: 0,
                        101: 0,
                        102: 0,
                        103: 0,
                        104: 0,
                        105: 0,
                        106: 0,
                        107: 0,
                        108: 0,
                        109: 0,
                        110: 0,
                        111: 0,
                        112: 0,
                        113: 0,
                        114: 0,
                        115: 0,
                        116: 0,
                        117: 0,
                        118: 0,
                        119: 0,
                        120: 0,
                        121: 0,
                    }
                    double avars:ty.timeSamples = {
                        1: 0,
                        2: 0.0027,
                        3: 0.0109,
                        4: 0.0245,
                        5: 0.0432,
                        6: 0.067,
                        7: 0.0955,
                        8: 0.1284,
                        9: 0.1654,
                        10: 0.2061,
                        11: 0.25,
                        12: 0.2966,
                        13: 0.3455,
                        14: 0.396,
                        15: 0.4477,
                        16: 0.5,
                        17: 0.5523,
                        18: 0.604,
                        19: 0.6545,
                        20: 0.7034,
                        21: 0.75,
                        22: 0.7939,
                        23: 0.8346,
                        24: 0.8716,
                        25: 0.9045,
                        26: 0.933,
                        27: 0.9568,
                        28: 0.9755,
                        29: 0.9891,
                        30: 0.9973,
                        31: 1,
                        32: 0.9973,
                        33: 0.9891,
                        34: 0.9755,
                        35: 0.9568,
                        36: 0.933,
                        37: 0.9045,
                        38: 0.8716,
                        39: 0.8346,
                        40: 0.7939,
                        41: 0.75,
                        42: 0.7034,
                        43: 0.6545,
                        44: 0.604,
                        45: 0.5523,
                        46: 0.5,
                        47: 0.4477,
                        48: 0.396,
                        49: 0.3455,
                        50: 0.2966,
                        51: 0.25,
                        52: 0.2061,
                        53: 0.1654,
                        54: 0.1284,
                        55: 0.0955,
                        56: 0.067,
                        57: 0.0432,
                        58: 0.0245,
                        59: 0.0109,
                        60: 0.0027,
                        61: 0,
                        62: 0.0027,
                        63: 0.0109,
                        64: 0.0245,
                        65: 0.0432,
                        66: 0.067,
                        67: 0.0955,
                        68: 0.1284,
                        69: 0.1654,
                        70: 0.2061,
                        71: 0.25,
                        72: 0.2966,
                        73: 0.3455,
                        74: 0.396,
                        75: 0.4477,
                        76: 0.5,
                        77: 0.5523,
                        78: 0.604,
                        79: 0.6545,
                        80: 0.7034,
                        81: 0.75,
                        82: 0.7939,
                        83: 0.8346,
                        84: 0.8716,
                        85: 0.9045,
                        86: 0.933,
                        87: 0.9568,
                        88: 0.9755,
                        89: 0.9891,
                        90: 0.9973,
                        91: 1,
                        92: 0.9973,
                        93: 0.9891,
                        94: 0.9755,
                        95: 0.9568,
                        96: 0.933,
                        97: 0.9045,
                        98: 0.8716,
                        99: 0.8346,
                        100: 0.7939,
                        101: 0.75,
                        102: 0.7034,
                        103: 0.6545,
                        104: 0.604,
                        105: 0.5523,
                        106: 0.5,
                        107: 0.4477,
                        108: 0.396,
                        109: 0.3455,
                        110: 0.2966,
                        111: 0.25,
                        112: 0.2061,
                        113: 0.1654,
                        114: 0.1284,
                        115: 0.0955,
                        116: 0.067,
                        117: 0.0432,
                        118: 0.0245,
                        119: 0.0109,
                        120: 0.0027,
                        121: 0,
                    }
                }
            }
        }
    }
}
